:100000000C9456020C9404630C94D9620C94AE6266
:100010000C9483620C9458620C942D620C940262CE
:100020000C94D7610C9487020C9487020C948F6314
:100030000C9487020C9487020C9487020C9487021C
:100040000C9487020C9487020C9487020C9487020C
:100050000C9487020C9487020C9487020C948D6197
:100060000C9487020C9459630C942F630C948702B0
:100070000C9487020C9487020C9487020C948702DC
:100080000C9487020C9487020C9487020C948702CC
:100090000C9487020C9487020C9487020C948702BC
:1000A0000C9487020C9487020C9487020C948702AC
:1000B0000C9487020C9487020C9487020C9487029C
:1000C0000C9487020C9487020C9487020C9487028C
:1000D0000C9487020C9487020C9487020C9487027C
:1000E0000C9487020C94CD080C9470190C94BD09E3
:1000F0000C944B190C94C5080C9425100C94400AD0
:100100000C94D7080C944E190C94A7080C94D109A0
:100110000C94D9090C94E00A0C940E4E0C944020D7
:100120000C94C5280C94BF080C945D190C94E1093B
:100130000C9437600C94180B0C94D2080C94A00803
:100140000C94725F0C94180A0C94AE090C940C4E2B
:100150000C9469190C9460190C949C080C942C0A4A
:100160000C94FF090C94B1080C94A6090C949808FF
:100170000C94B3090C9466190C94C9080C940A4E9B
:100180000C9441190C94220A0C94C7090C94D308BE
:100190000C9454190C9412640C941D100C94810A44
:1001A0000C94AF0A0C94F85F0C94D20A0C94BB0820
:1001B0000C94EB090C9492080C94005F0C94BA1FF9
:1001C0000C94B7080C94865E0C9498600C94360AD4
:1001D0000C94BE0A0C94800B0C94A4080C94DB6065
:1001E0000C940E0A0C94084E0C94BB1F0C94F50949
:1001F0000C94820A0C94AD080C94E9180C94CE5E11
:100200004E414E494E495459494E46CDCCCC3D0AFB
:10021000D7233C17B7D13877CC2B329595E6241FDE
:10022000B14F0A000020410000C84200401C462097
:10023000BCBE4CCA1B0E5AAEC59D74434F4D4D41BA
:100240004E445F52454A454354454400434F4D4D4B
:10025000414E445F4F4B002063616C5F7265636F7A
:1002600072645F76616C69643D002065785F7461DB
:1002700063685F7070723D002073685F74616368CB
:100280005F7070723D002065785F69646C655F61C6
:100290003D002073685F69646C655F613D002065A7
:1002A000785F6E6D5F7065725F613D002073685F9F
:1002B0006E6D5F7065725F613D002065785F73638E
:1002C000616C653D002065785F7A65726F3D002046
:1002D00073685F7363616C653D002073685F7A6566
:1002E000726F3D002076657269666965643D0047FE
:1002F000474D5F5245504F52542070726F66696C83
:10030000653D0043414C4942524154494F4E5F5272
:10031000455155495245445F4F5554505554535FCC
:10032000494E484942495445440043414C49425290
:100330004154494F4E5F5245434F52445F56345FDC
:100340004C4F41444544004D4154455249414C5F56
:1003500053454C454354494F4E5F524551554952C0
:100360004544002052454144592053455249414C8F
:100370005F544558545F4241434B454E4400206210
:100380006173653D005050522000000021002400A0
:1003900027002A002D003000330001010000040175
:1003A00007010A0100002200250028002B002E0072
:1003B0003100340002010000050108010B010000BA
:1003C00020002300260029002C002F00320000010D
:1003D00000000301060109010505050507050808D8
:1003E0000808020202020A0A0808040404040101BF
:1003F00001010101010103030303030303030407D4
:1004000007070C0C0C0C0C0C0C0C0202020206066A
:100410000606060606060B0B0B0B0B0B0B0B01025D
:100420001020200808102040102040800201020106
:1004300008040201010204081020408080402010BE
:100440000804020180040201804020100804020117
:10045000080402010102040810204080010204087F
:100460001020408000000A0B02090C0D0E08070343
:100470000401000000000000000000000000000077
:10048000000000000000000000000000000000006C
:100490001211100000000000000000000000000029
:1004A00000000000000000000000126411241FBEC4
:1004B000CFEFD1E2DEBFCDBF00E00CBF24E1A2E070
:1004C000B9E001C01D92AB3AB207E1F719E0A0E034
:1004D000B2E0EEE7FAEE00E00BBF02C007900D922B
:1004E000A230B107D9F712E0C6E5D2E000E006C0BD
:1004F00021970109802FFE010E940771C535D107A0
:1005000080E00807A9F70E941C680C943D750C94C4
:1005100000009091E31091110AC09091E610981399
:1005200006C09730A1F028F487E0963089F080E08B
:100530000895983089F09930D1F78091E510809333
:10054000E4101092E510813049F082E001C088E0AB
:100550008093E61081E0089589E0FACF81E0F8CF3A
:10056000FC018081882349F08181882331F08281D8
:10057000882319F083818111878108951092A01337
:100580001092A1131092A2131092A3131092A4130D
:100590001092A5131092A6131092A7131092A813ED
:1005A0001092A9131092AA1308958091E41081303B
:1005B00031F49091E610913049F080E007C082302C
:1005C000E1F781E09091E6109230B9F708959091AB
:1005D000E310911119C09091E410992311F089133F
:1005E00013C08093E4101092E510813059F082E03E
:1005F0008093E6100E94BE021092D3131092D4137F
:1006000081E0089581E0F4CF80E00895809178132F
:10061000882309F1809179138823E9F080917A1376
:100620008823C9F080917B138823A9F080917C13E3
:10063000882389F080917D13882369F080917E134F
:10064000882349F080918013882329F080918113B9
:1006500081118091821308954F925F926F927F92E1
:100660008F929F92AF92BF92CF92DF92EF92FF92C2
:100670000F931F93CF93DF938C015A01CB01039704
:100680008A3F934030F4C1E0CA0103978A3F934008
:1006900008F0C0E0D091D411DD2309F49CC02223DE
:1006A00009F499C0CC2309F497C090E080E00E943F
:1006B0000B6D2091C0113091C1114091C211509128
:1006C000C3110E945D6E2091C4113091C5114091FB
:1006D000C6115091C7110E946C6D6B017C01B50170
:1006E00090E080E00E940B6D2091C8113091C911FB
:1006F0004091CA115091CB110E945D6E2091CC1196
:100700003091CD114091CE115091CF110E946C6D5E
:100710004B015C014090D0115090D1116090D211EA
:100720007090D311C092D511D092D611E092D7110A
:10073000F092D8118092D9119092DA11A092DB1127
:10074000B092DC11A7019601C501B4010E945E6E52
:1007500020E030E040E05FE30E946C6D6093DD11CB
:100760007093DE118093DF119093E011A501940145
:10077000C701B6010E945D6E9F776093E11170938F
:10078000E2118093E3119093E4114092E5115092AD
:10079000E6116092E7117092E811C093E911D093CD
:1007A000EA1186E1E5EDF1E1D80101900D928A951B
:1007B000E1F7C801DF91CF911F910F91FF90EF906A
:1007C000DF90CF90BF90AF909F908F907F906F9071
:1007D0005F904F900895C0E0C12CD12C7601460166
:1007E000570198CF809177138093841380917E1363
:1007F0008093851380917F13809386138091831358
:100800008093871380917A1381118091791380935B
:1008100088130895CF93DF93EC0120E030E040E8A7
:100820005FE3688179818A819B810E946A701816D2
:100830000CF04AC020E030E0A9016C817D818E81FE
:100840009F810E946A7018160CF03EC020E030E0D4
:1008500040E85FE3688579858A859B850E946A7098
:10086000181694F58C859D85892B71F181E0809314
:100870003E138EE0FE01A0E3B3E101900D928A9554
:10088000E1F781E010923F13109240131092411350
:100890001092421310924313109244131092451376
:1008A0001092461310924713109248131092491356
:1008B00010924A1310924B1310924C1391E09093A4
:1008C0004D13DF91CF91089510923E1380E0DACF5F
:1008D000CF92DF92EF92FF920F931F93CF938C01F1
:1008E000FC01C489CC23B9F120E030E0A901648186
:1008F0007581868197810E94066D1816D4F520E0D7
:1009000030E0A901F80164857585868597850E9488
:10091000066D181674F5F801C088D188E288F3884E
:1009200020E030E0A901C701B6010E94066D18164B
:1009300004F52DEC3CEC4CE45DE3C701B6010E94EC
:100940006A701816B4F085E1F801A0ECB1E10190ED
:100950000D928A95E1F7C0937E130E94F203809175
:100960007E13CF911F910F91FF90EF90DF90CF906A
:100970000895C0E0F0CF1092931310925F1310927D
:10098000601310926113109262131092631310920D
:1009900064131092651310926613109267131092ED
:1009A00068131092691310926A1310926B131092CD
:1009B0006C131092711310927213109273131092A1
:1009C00074131092751310924D13109247131092D6
:1009D00048131092491310924A1310924B13EBE4F0
:1009E000F4E18AE0DF011D928A95E9F7EDE3F4E195
:1009F0008EE0DF011D928A95E9F71092901381E055
:100A00008093911308953F924F925F926F927F92DD
:100A10008F929F92AF92BF92CF92DF92EF92FF920E
:100A20000F931F93CF93DF9300D000D000D01F927D
:100A3000CDB7DEB79E838D83F091E3103090A01385
:100A4000EBE0FA30D1F1F93039F480918F13E9E01D
:100A5000811133C0EAE031C0E2E031102EC0F23043
:100A600049F580918E13E3E0811127C080918A13AC
:100A70009FEF980FE6E0923000F1E7E08330E9F075
:100A8000E8E08430D1F0E4E0F11117C080918513E3
:100A9000882371F080918713882351F0809180130F
:100AA000882331F080918113E0918913811105C071
:100AB000E0E003C0E5E0F430C9F68091B81390910E
:100AC000B913A091BA13B091BB13412C512C320130
:100AD0000097A105B10531F02A013B01481A590AD6
:100AE0006A0A7B0A8091BC139091BD13A091BE133A
:100AF000B091BF13812C912C54010097A105B10531
:100B000031F04A015B01881A990AAA0ABB0A80914E
:100B1000B0139091B113A091B213B091B313C12C43
:100B2000D12C76010097A105B10531F06A017B0156
:100B3000C81AD90AEA0AFB0A80919513882309F496
:100B400061C18091971390919813A0919913B091DE
:100B50009A138A019B01081B190B2A0B3B0B0F836D
:100B6000188729873A878091A113882309F44FC1F8
:100B70008091A3139091A413A091A513B091A613F3
:100B80008A019B01081B190B2A0B3B0B09831A8353
:100B90002B833C838091A213882309F43DC180916B
:100BA000A7139091A813A091A913B091AA13481B61
:100BB000590B6A0B7B0BAD81BE81EC931196FC93B4
:100BC00011978091E61012968C93129780918A1358
:100BD00013968C931397E0918B13F0918C131596C9
:100BE000FC93EE93149794E1E6E7F3E116960190F7
:100BF0000D929A95E1F790919413ED81FE81928F79
:100C000090918D13938F90919013948F9091911355
:100C1000958F90919213968F9091D313978FE09127
:100C2000BD11F091BE11AD81BE819196FC93EE9302
:100C3000909791E0E0910B11E53009F090E0ED81A3
:100C4000FE8192A39091C01393A344A255A266A2E1
:100C500077A280A691A6A2A6B3A6C4A6D5A6E6A60C
:100C6000F7A60F81188529853A8500AB11AB22AB19
:100C700033AB34AA09811A812B813C8105AB16ABB9
:100C800027AB30AF41AF52AF63AF74AF91E0843068
:100C900009F090E0AD81BE81DD969C93DD97FD016A
:100CA000FE968091D6139091D713A091D813B0914E
:100CB000D91380839183A283B383ED81FE81EE5BA0
:100CC000FF4F8091C5139091C613A091C713B091A7
:100CD000C81380839183A283B383ED81FE81EA5B95
:100CE000FF4F8091CD138083ED81FE81E95BFF4F43
:100CF0008091D4138083AD81BE81A85BBF4F8DE10D
:100D0000E3EEF3E101900D928A95E1F7AD81BE81AA
:100D1000AB59BF4F86E1E0E0F4E101900D928A9576
:100D2000E1F7AD81BE81A558BF4F88E0E6E1F4E16F
:100D300001900D928A95E1F7AD81BE81AD57BF4F0D
:100D40008FE1EEE1F4E101900D928A95E1F7AD813A
:100D5000BE81AE55BF4F8EE0EDE3F4E101900D9200
:100D60008A95E1F7AD81BE81A055BF4F8AE0EBE4E3
:100D7000F4E101900D928A95E1F7AD81BE81A65410
:100D8000BF4F8CE4E5E5F4E101900D928A95E1F71F
:100D9000ED81FE81EA5FFE4F8091A1149091A21433
:100DA000A091A314B091A41480839183A283B383F0
:100DB000ED81FE81E65FFE4F8091AC139091AD1303
:100DC000A091AE13B091AF1380839183A283B383BC
:100DD0008D819E812A960FB6F894DEBF0FBECDBFDF
:100DE000DF91CF911F910F91FF90EF90DF90CF9007
:100DF000BF90AF909F908F907F906F905F904F903B
:100E00003F9008951F82188619861A86ACCE1982E3
:100E10001A821B821C82BECE40E050E0BA01CBCECB
:100E2000CF92DF92EF92FF920F931F93CF938C019B
:100E30006A017B01E091E31088E0E89FF001112452
:100E4000EF56FB4FC481CC23B9F080918A138823DD
:100E500011F0833081F4C1E020E030E0A90160911D
:100E6000E3137091E4138091E5139091E6130E94CF
:100E70006A7018160CF0C0E0F80187819085009721
:100E8000B1F4C11114C01092DC131092DD13109252
:100E9000DE131092DF131092E0131092E113CF9142
:100EA0001F910F91FF90EF90DF90CF9008952091C8
:100EB000DC132111F4CF892B11F4CC2381F381E0D1
:100EC0008093DC131092DD13C092DE13D092DF13F7
:100ED000E092E013F092E113E2CFAF92BF92CF9293
:100EE000DF92FF920F931F93CF93DF93CDB7DEB7BF
:100EF00064970FB6F894DEBF0FBECDBF8C01F090A3
:100F0000E3106AE0F61258C084E1A1E2B0E0AC0F51
:100F1000BD1F1D928A95E9F7FE01F19690E09E01B2
:100F20002B5C3F4F81919111892F982F2E173F07EE
:100F3000C9F729A13AA14AA55BA59FA5F801749616
:100F40006F01B8016E5D7E4F5B012115310509F01F
:100F500059C06BA1611156C06EA17FA1672B09F02A
:100F600051C068A579A5672B09F04CC04115510502
:100F700009F0B6C0911149C079E0F712A1C0811102
:100F800069C04DA95EA96FA978ADCE0181960E9476
:100F9000100784E1FE01B196D80101900D928A9567
:100FA000E1F74DA95EA96FA978ADC6010E940305BE
:100FB00081E0F501808373C0B9E0FB12ADCFFE0183
:100FC000319684E1DF011D928A95E9F78091E41062
:100FD0008823B1F080919413882391F080918B1332
:100FE00082FD0EC08091AB1381110AC08CA58C8745
:100FF00084E1DE01919601900D928A95E1F78CCF04
:1010000080E0F5CF992309F462C090914B149923A5
:1010100041F090915F139350452B19F4923008F0F2
:1010200059C091E0232B49F02EA13FA1232B91F42D
:10103000811110C0992309F451C080919013882325
:1010400049F080915F138350823020F40E940603A0
:10105000811192CF89E08093E31084E1F82EA1E220
:10106000B0E0AC0FBD1FEF2D1D92EA95E9F74DA939
:101070005EA96FA978ADCE0181960E941007FE018E
:10108000B196D80101900D92FA94E1F74DA95EA9AD
:101090006FA978ADC6010E940305D5011C92C80155
:1010A00064960FB6F894DEBF0FBECDBFDF91CF912F
:1010B0001F910F91FF90DF90CF90BF90AF90089558
:1010C0009AE0F9125ECF8111C5CF8CA558CF452B80
:1010D00009F0A7CF90E0232B09F0A6CF81E04CCFF9
:1010E000992309F49ECF91CF8150823108F05AC0E4
:1010F000E82FF0E08827E058F74F8F4F0C940771E6
:10110000A008A408920898089C08D208A708AD086F
:10111000B108B708BB08BF08C508C908D208CD0880
:10112000D308D708809180008F778093800008953E
:10113000809180008F7DF9CF80918000877FF5CFEF
:1011400084B58F7784BD089584B58F7DFBCF809162
:10115000B0008F778093B00008958091B0008F7DAC
:10116000F9CF809190008F778093900008958091BF
:1011700090008F7DF9CF80919000877FF5CF80918F
:10118000A0008F778093A00008958091A0008F7DAC
:10119000F9CF8091A000877FF5CF809120018F77D4
:1011A000809320010895809120018F7DF9CF809157
:1011B0002001877FF5CFCF93DF93282F30E0F9010F
:1011C000EC59FB4F8491F901E25EFB4FD491F90198
:1011D000E852FC4FC491CC23A1F081110E94740805
:1011E000EC2FF0E0EE0FFF1FE254FC4FA591B491FD
:1011F000EC91ED2381E090E009F480E0DF91CF9164
:10120000089580E090E0FACF1F93CF93DF93282FCB
:1012100030E0F901EC59FB4F8491F901E25EFB4F9C
:10122000D491F901E852FC4FC491CC23A9F0162FB8
:1012300081110E947408EC2FF0E0EE0FFF1FEC55B7
:10124000FC4FA591B4918FB7F894EC91111108C09F
:10125000D095DE23DC938FBFDF91CF911F9108954E
:10126000DE2BF8CFCF93DF9390E0FC01E25EFB4FE3
:10127000249188529C4FFC0184918823C9F090E00E
:10128000880F991FFC01E657FC4FA591B491FC0112
:10129000EC55FC4FC591D49161110DC09FB7F894E6
:1012A0008C91209582238C938881282328839FBF4B
:1012B000DF91CF910895623051F49FB7F8943C913B
:1012C000822F809583238C93E8812E2BEFCF8FB7CD
:1012D000F894EC912E2B2C938FBFEACF1F93CF93D2
:1012E000DF93182FEB0161E00E943209209739F457
:1012F00060E0812FDF91CF911F910C940409CF3FC3
:10130000D10511F461E0F5CFE12FF0E0EC59FB4F8E
:10131000E491E150E23108F0B3C0F0E08827EC56E8
:10132000F64F8F4F0C940771A609AE09B309BD099A
:10133000C709400AD109D909E109EB09F509FF09F3
:101340000E0A180A400A220A2C0A360A84B5806856
:1013500084BDC7BDDF91CF911F91089584B5806290
:1013600084BDC8BDF7CF80918000806880938000E5
:10137000D0938900C0938800EDCF80918000806277
:1013800080938000D0938B00C0938A00E3CF80913C
:101390008000886080938000D0938D00C0938C0083
:1013A000D9CF8091B00080688093B000C093B30023
:1013B000D1CF8091B00080628093B000C093B40020
:1013C000C9CF80919000806880939000D09399005D
:1013D000C0939800BFCF809190008062809390006E
:1013E000D0939B00C0939A00B5CF80919000886005
:1013F00080939000D0939D00C0939C00ABCF8091D0
:10140000A00080688093A0008091A0008F7B8093D3
:10141000A000D093A900C093A8009CCF8091A00009
:1014200080628093A000D093AB00C093AA0092CFBB
:101430008091A00088608093A000D093AD00C093FD
:10144000AC0088CF80912001806880932001D093E8
:101450002901C09328017ECF809120018062809372
:101460002001D0932B01C0932A0174CF80912001D9
:10147000886080932001D0932D01C0932C016ACF06
:10148000C038D1050CF03ECF33CF90917B00977FD1
:1014900090937B008653806480937C0080917A00D7
:1014A000806480937A0080917A0086FDFCCF8091E1
:1014B00078009091790008953FB7F8948091040ED8
:1014C0009091050EA091060EB091070E26B5A89B2F
:1014D00005C02F3F19F00196A11DB11D3FBFBA2FC6
:1014E000A92F982F8827BC01CD01620F711D811D86
:1014F000911D42E0660F771F881F991F4A95D1F70B
:1015000008950895AF92BF92CF92DF92EF92FF922B
:101510000F931F93CF93DF936C017B018B01040F1B
:10152000151FEB015E01AE18BF08C017D10759F0B7
:101530006991D601ED91FC910190F081E02DC601F9
:101540001995892B79F7C501DF91CF911F910F91E3
:10155000FF90EF90DF90CF90BF90AF900895FC0187
:10156000538D448D252F30E0842F90E0821B930B08
:10157000541710F0CF96089501970895FC01918DAE
:10158000828D981761F0A28DAE0FBF2FB11D5D96B1
:101590008C91928D9F5F9F73928F90E008958FEF53
:1015A0009FEF0895FC01918D828D981731F0828D07
:1015B000E80FF11D858D90E008958FEF9FEF08955E
:1015C000FC01918D228D892F90E0805C9F4F821BC2
:1015D00091098F739927089588E09EE00E94E00AA0
:1015E00021E0892B09F420E0822F0895FC01A48DCD
:1015F000A80FB92FB11DA35ABF4F2C91848D90E035
:1016000001968F739927848FA689B7892C93A08917
:10161000B1898C91837080648C93938D848D9813A1
:1016200006C00288F389E02D80818F7D8083089534
:10163000EF92FF920F931F93CF93DF93EC0181E022
:10164000888F9B8D8C8D98131AC0E889F9898081C9
:1016500085FF15C09FB7F894EE89FF896083E889FC
:10166000F98980818370806480839FBF81E090E0EE
:10167000DF91CF911F910F91FF90EF900895F62E7B
:101680000B8D10E00F5F1F4F0F731127E02E8C8D15
:101690008E110CC00FB607FCFACFE889F98980815A
:1016A00085FFF5CFCE010E94F60AF1CFEB8DEC0F4E
:1016B000FD2FF11DE35AFF4FF0829FB7F8940B8F77
:1016C000EA89FB8980818062CFCF0F931F93CF93EC
:1016D000DF938C01D0E0C0E0F801EC0FFD1F6491B6
:1016E000662341F088E09EE00E94180B892B11F0E0
:1016F0002196F2CFCE01DF91CF911F910F910895E6
:10170000CF93DF93EC01888D8823B9F0AA89BB8938
:10171000E889F9898C9185FD03C0808186FD0DC023
:101720000FB607FCF7CF8C9185FFF2CF808185FF44
:10173000EDCFCE010E94F60AE9CFDF91CF91089557
:1017400080E090E0892B29F00E94EC0A81110E9430
:10175000000080E090E0892B49F080E090E0892B48
:1017600029F00E94000081110E94000080E090E0BA
:10177000892B49F080E090E0892B29F00E9400003D
:1017800081110E94000080E090E0892B49F080E008
:1017900090E0892B29F00E94000081110C94000038
:1017A0000895682F660F692F661F81E090E06F3FF4
:1017B00011F490E080E00895CF92DF92EF92FF92D3
:1017C000CF93DF93D82F6A017B01C22F2223E1F050
:1017D000CB01BA010E94D10B892BA9F02DEC3CEC76
:1017E0004CEC5DE3C701B6010E946A7087FD0BC037
:1017F000C1E020E030E040E855E4C701B6010E94B6
:10180000066D18160CF4C0E0D330F9F030F4DD2387
:1018100069F0D230B9F0C0E00DC0DA30C9F0DB3089
:10182000D1F0D530C1F7C0937B1302C0C0937613BB
:101830000E94F2038C2FDF91CF91FF90EF90DF9009
:10184000CF900895C0937813F3CFC0937913F0CF5E
:10185000C0938013EDCFC0938113EACF2F923F92B4
:101860004F925F926F927F928F929F92AF92BF92B0
:10187000CF92DF92EF92FF920F931F93CF93DF935C
:10188000CDB7DEB76A970FB6F894DEBF0FBECDBFF7
:101890009A8F898F8B012D873E874F87588B8AE0DF
:1018A000A98DBA8D1D928A95E9F7FB01E35BFF4F85
:1018B00080819181A281B381E98DFA8D828793879E
:1018C000A487B587FB01EF5AFF4F80819181A281E8
:1018D000B381E98DFA8D86879787A08BB18BFB0149
:1018E000EB5AFF4F80819181A281B381E98DFA8DFE
:1018F000828B938BA48BB58BDB0197968C919797FA
:101900008823D1F198968C9198978823A9F19C9679
:101910004D905D906D907C909F97DA01C90184197C
:101920009509A609B70986839783A087B187FB012C
:1019300023893489458956892D833E834F8358876F
:10194000281739074A075B0790F583E0A98DBA8D00
:1019500015968C9312A6EB5BFF4F108211821282B8
:10196000138235971082FB0114AE15AE16AE17AE7A
:1019700040AE51AE62AE73AE898D9A8D6A960FB647
:10198000F894DEBF0FBECDBFDF91CF911F910F91B5
:10199000FF90EF90DF90CF90BF90AF909F908F908F
:1019A0007F906F905F904F903F902F90089581A50A
:1019B000882311F380AD91ADA2ADB3AD7301620187
:1019C000C81AD90AEA0AFB0A86859785A089B189CF
:1019D000C816D906EA06FB0608F44DC064AD75AD1D
:1019E00086AD97AD8288912CB12CA12C6815790514
:1019F0008A059B0508F43FC01801F1E42F0E311C45
:101A00000E940B6D20EC31EE44E65CE40E946C6DAC
:101A10004B015C01D8016D917C9190E080E00E94C7
:101A20000B6D69837A838B839C83C701B6010E9407
:101A30000B6D9B01AC0169817A818B819C810E9435
:101A40006C6D9B01AC01C501B4010E94E16EF10116
:101A5000608371838283938381E031978083D8018F
:101A6000D8964D925D926D927C92DB97F80114AE00
:101A700015AE16AE17AED801D096CD90DD90ED9094
:101A8000FC90D397C114D104E104F10409F47BC0A4
:101A90006D917C916115710509F475C090E080E04D
:101AA0000E940B6D4B015C01C701B6010E940B6DDA
:101AB0009B01AC01C501B4010E946C6D9B01AC019E
:101AC00060EC71EE84E69CE40E94E16E69837987A4
:101AD0001C01F801E05CFF4F8081882309F458C0A5
:101AE00029813985A101F8016285738584859585F1
:101AF0000E94066D18160CF44BC0F801EF5BFF4F07
:101B000020812983318139872280338082E0A98D29
:101B1000BA8D15968C93F80182A581113BC08981FD
:101B20009985D101EB5BFF4F80839183A283B383BF
:101B300081E0D8019A968C93F801E75BFF4F2D85E1
:101B40003E854F8558892083318342835383349760
:101B5000C080D180E280F38020E030E0A901C7019D
:101B6000B6010E94066D87FF03C0C12CD12C7601FF
:101B7000A98DBA8DCD92DD92ED92FC92139781E002
:101B800014968C93F9CE19821986212C312CA1CF71
:101B900081E0BDCFE75BFF4F80819181A281B3815E
:101BA000F801238D348D458D568D2D8B3E8B4F8BBB
:101BB000588F0097A105B10589F04D845E846F842C
:101BC0007888481A590A6A0A7B0A2D813E814F811A
:101BD0005885241535054605570520F44D885E883F
:101BE0006F88788CC301B2010E940B6D698B7A8B70
:101BF0008B8B9C8B20E034E244E759E40E94E16E39
:101C0000D8015F962D913D914D915C9192970E94E4
:101C10006C6D4B015C01F801EB5BFF4FC080D18024
:101C2000E280F380AC019B01C701B6010E945D6EAA
:101C30006D837A878B879C8729813985A1010E94D2
:101C40006A701816BCF0A5019401C701B6010E9484
:101C50005E6E6D837A878B879C8729813985A10188
:101C60000E94066D87FD06C0B981BD83E985EA87BC
:101C70002B863C865801F5E4AF0EB11C6D897E8938
:101C80008F89988D640D751D861D971D0E940B6DA3
:101C90009B01AC0169897A898B899C890E94E16EDC
:101CA0002B013C01A70196016D817A858B859C856E
:101CB0000E945D6E9B01AC01C301B2010E946C6D7C
:101CC000A70196010E945E6ED5016D937D938D9361
:101CD0009C93139731CF4F925F926F927F928F9226
:101CE0009F92AF92BF92CF92DF92EF92FF920F93AB
:101CF0001F93CF93DF9300D000D0CDB7DEB79A8388
:101D00008983FC0117A11123B9F000A501112CC092
:101D100081E080A744A755A766A777A740AF51AF3A
:101D200062AF73AFE35BFF4F81E090E0A0E0B0E013
:101D300080839183A283B383812F26960FB6F89474
:101D4000DEBF0FBECDBFDF91CF911F910F91FF90EE
:101D5000EF90DF90CF90BF90AF909F908F907F904B
:101D60006F905F904F900895E981FA8184A595A5C1
:101D7000A6A5B7A56A017B01C81AD90AEA0AFB0A17
:101D80008789908DA18DB28DC816D906EA06FB060B
:101D900090F4EF5AFF4FFA83E983408151816281C9
:101DA00073814F5F5F4F6F4F7F4F408351836283DB
:101DB000738310E0C1CF29813A813E832D83F901DD
:101DC00044A755A766A777A7E35BFF4F8081918162
:101DD000A281B3810196A11DB11D80839183A2834D
:101DE000B383F90184AD95ADA6ADB7AD0196A11D44
:101DF000B11D84AF95AFA6AFB7AFC114D104E10454
:101E0000F10409F452C0608171816115710509F412
:101E10004CC090E080E00E940B6D4B015C01C7015B
:101E2000B6010E940B6D9B01AC01C501B4010E947B
:101E30006C6D9B01AC0160EC71EE84E69CE40E9449
:101E4000E16E4B015C0120E030E040E05FE3ED81BA
:101E5000FE8162817381848195810E946C6DA501F0
:101E600094010E94066D181624F120E030E040EA4B
:101E70005FE3ED81FE8166817781808591850E9497
:101E80006C6DA50194010E946A7087FD12C0ED81FE
:101E9000FE8111A5111121C0ED81FE81C0AAD1AA38
:101EA000E2AAF3AA81E081A715C0812C912C5401EC
:101EB000CACFED81FE81EB5AFF4F80819181A281D3
:101EC000B3810196A11DB11D80839183A283B38349
:101ED000ED81FE8113A6102F2FCFED81FE8180A909
:101EE00091A9A2A9B3A946015701C816D906EA06C5
:101EF000FB0610F44C015D0120E030E0A9018114E3
:101F00009104A104B104E9F08C159D05AE05BF054F
:101F100070F5A7019601281B390B4A0B5B0BCA0110
:101F2000B9010E940B6D2B013C01C501B4010E9457
:101F30000B6D9B01AC01C301B2010E94E16E9B01DC
:101F4000AC01ED81FE8183A094A0A5A0B6A0C5013F
:101F5000B4010E946A70ED81FE8187FD0FC0C0AAA6
:101F6000D1AAE2AAF3AA81E081A713A6E5CEBC011B
:101F7000CD016C197D098E099F09D3CF03A50023DC
:101F8000E1F184A995A9A6A9B7A926013701C81628
:101F9000D906EA06FB0610F42C013D0120E030E0F2
:101FA000A901411451046104710409F18C159D05C6
:101FB000AE05BF05D8F5A7019601281B390B4A0BC2
:101FC0005B0BCA01B9010E940B6D69837A838B8315
:101FD0009C83C301B2010E940B6D9B01AC0169811E
:101FE0007A818B819C810E94E16E9B01AC01C501CD
:101FF000B4010E946A7087FF4FCFED81FE81C4AAB1
:10200000D5AAE6AAF7AA81E083A7EB5AFF4FFA8385
:10201000E98340815181628173814F5F5F4F6F4FD0
:102020007F4F408351836283738386CEBC01CD0191
:102030006C197D098E099F09C6CF0E945C0AAB010D
:10204000BC0183E59AE00C946B0E0E945C0AAB0124
:10205000BC018AEF99E00C946B0EFC0113A214A250
:1020600015A216A217A210A611A612A613A614A6B0
:1020700015A616A617A610AA11AA12AA13AA14AA80
:1020800015AA16AA178E10A211A212A208952F92B5
:102090003F924F925F926F927F928F929F92AF92F8
:1020A000BF92CF92DF92EF92FF920F931F93CF9345
:1020B000DF93CDB7DEB7A5970FB6F894DEBF0FBE9E
:1020C000CDBF9A8389831B014901B42E5B8327010D
:1020D0003801CB86AC86FC01349686E1DF011D9287
:1020E0008A95E9F7FB01668D662319F0FC85F111ED
:1020F00047C050E040E030E020E0852F942FA32F30
:10210000B22FE981FA8180839183A283B3834086D1
:10211000518662867386662369F0BC85BB2351F0C5
:1021200020E030E0A901B4018B2D9B810E94066D57
:1021300081112BC0C1010E942D10AA24A394EC850B
:10214000AE26A981BA815296AC9289819A81A596D0
:102150000FB6F894DEBF0FBECDBFDF91CF911F91B8
:102160000F91FF90EF90DF90CF90BF90AF909F9036
:102170008F907F906F905F904F903F902F90089539
:10218000522F492D3B2D2B81B8CFF101878D811125
:102190000AC081E0878F2BAD3CAD4DAD5EAD23A76E
:1021A00034A745A756A7F10183A594A5A5A5B6A573
:1021B000CBACDCACEDACFEACC81AD90AEA0AFB0A1F
:1021C000C701B6010E940B6D6F83788789879A8754
:1021D000D10152966D917C9190E080E00E940B6D50
:1021E0009B01AC016F81788589859A850E94E16E9B
:1021F0006D877E878F87988B2DEC3CEC4CE45DE3FC
:102200000E94066D87FD7BC220E030E040E85FE37E
:102210006D857E858F8598890E946A70181644F4B2
:1022200020E030E040E85FE32D873E874F87588B02
:102230002D853E854F855889B4018B2D9B810E9449
:102240006C6D4B015C01A981BA8114968D929D92AF
:10225000AD92BC92179720E030E0A9010E946A700D
:1022600087FD56C220E030E040E85FE3298F3A8FD7
:102270004B8F5C8FE894B7F8A3019201698D7A8D3A
:102280008B8D9C8D0E946C6D9B01AC01C501B401CE
:102290000E945D6E698B7A8B8B8B9C8BA981BA8136
:1022A0001C966D937D938D939C931F97BB85BB2349
:1022B00059F081E0F10180A32BAD3CAD4DAD5EAD99
:1022C00027A730AB41AB52ABF10180A1882361F06D
:1022D00087A590A9A1A9B2A9CBACDCACEDACFEACB2
:1022E000C81AD90AEA0AFB0AFB85F1110DC021E0E0
:1022F0002B87F10184899589A689B789C816D906E3
:10230000EA06FB0608F01B86EB85A981BA81529686
:10231000EC93529781E0E827EBA35396EC93D1011D
:1023200091968C9191979AE0C92E97EDD92E93EAC8
:10233000E92E9CE3F92E882399F197968D919D9132
:102340000D90BC91A02D2BAD3CAD4DAD5EAD281BCD
:10235000390B4A0B5B0BCA01B9010E940B6D20E0DF
:1023600030E04AE754E40E94E16E6B017C012FE605
:1023700032E143E85AE30E94066D87FDD2C12DEC9D
:102380003CEC4CEC5DE3C701B6010E946A70181684
:102390003CF42DECC22E2CECD22EED2C2DE3F22EA3
:1023A0008BAD9CADADADBEADF10187A390A7A1A74C
:1023B000B2A781E081A324813581468157812B8397
:1023C0003C834D835E8340805180628073801085A2
:1023D000612F70E090E080E00E940B6D6F8F78A31A
:1023E00089A39AA3F1010185202F30E03E8F2D8F24
:1023F000412F50E05DA34CA3A5019401C301B2019C
:102400000E94066D87FF96C1A3019201C501B40128
:102410000E945D6E4B015C01A30192016B817C8186
:102420008D819E810E945D6E9B01AC01C501B4014E
:102430000E94E16E4B015C016D8D7E8D8CA19DA192
:10244000681B790B072E000C880B990B0E940D6DF1
:102450009B01AC01C501B4010E946C6D2F8D38A1A8
:1024600049A15AA10E945E6E4B01B82EA92E602F81
:1024700070E090E080E00E940B6D3B018C016D8D5F
:102480007E8D719561957109072E000C880B990B53
:102490000E940D6D6D8B7E8B8F8B988FA70196019F
:1024A00069897A898B899C890E946C6DD101939688
:1024B0002D913D914D915C9196970E945E6E6B01BE
:1024C0007C019B01AC016D897E898F89988D0E946A
:1024D0006A70181664F09601A701B301C8010E9442
:1024E000066D87FF2CC16D8A7E8A0F8B188FF101D4
:1024F000228533854485558569897A898B899C89AC
:102500000E946C6D6B017C0123962CAD3DAD4EADF0
:102510005FAD2397B4018B2D9A2D0E945E6E9B01B7
:10252000AC01C701B6010E945E6E6B017C01D10156
:102530001E962D913D914D915C9151976D897E89AB
:102540008F89988D0E946C6D9B01AC01C701B6010B
:102550000E945E6E6B837F83582E492E20E030E010
:10256000A9010E94066DECA1FDA16F01FF0FEE080D
:10257000FF0887FDE9C02B813F81452D542DB30114
:10258000C8010E94066D87FD04C06B807F80052D09
:10259000142DC701B6010E940D6D4B015C0120E0B6
:1025A00030E0A901B301C8010E946A70181644F412
:1025B000A5019401B301C8010E94066D87FDC9C041
:1025C000C701B6010E940D6D6B017C012D8D3E8D02
:1025D000B901330F880B990B0E940D6D4B015C0103
:1025E0002B813F81452D542DC701B6010E946A7091
:1025F00087FF0CC031E03C87A50194016B817F818E
:10260000852D942D0E946A7087FD1C86EC85A9811A
:10261000BA815496EC93A50194016B817F81852D3D
:10262000942D0E946A7087FD0CC020E030E0A90163
:1026300069897A898B899C890E946A7018160CF4C2
:102640008DC02B813F81452D542DC701B6010E94BD
:102650006A7087FD0BC020E030E0A90169897A89A2
:102660008B899C890E94066D87FD78C0FB85FF23BE
:1026700009F478C08D899E89AF89B88DF10183A353
:1026800094A3A5A3B6A320E030E040E05FE3B3014C
:10269000C8010E945E6E298D3A8D4B8D5C8D0E9423
:1026A0006C6D0E948F6FA981BA8151967C936E9355
:1026B000509720E030E040E85FE36D857E858F85B0
:1026C00098890E946A7087FD11C0BC85BB2371F098
:1026D00069897A898B899C899F77F101228D338D55
:1026E000448D558D0E946A7087FF41C0D10192963A
:1026F0001C92F10113AA14AA15AA16AA26CD8DECD4
:102700009CECACE4BDE38D879E87AF87B88B90CD02
:1027100080E090E0A0E8BFEB898F9A8FAB8FBC8FF1
:10272000A9CD8FE6C82E82E1D82E83E8E82E8AE371
:10273000F82E36CE8F8C98A0B9A0AAA098CECD8ABC
:10274000DE8AEF8AF88ED3CE612C712C00E010E087
:1027500037CF6F8C78A009A11AA132CFFBA1FF233C
:1027600009F491CF612C712C00E010E08CCFD101E5
:1027700092968C91929781110EC081E092968C93E3
:1027800092972BAD3CAD4DAD5EADD3962D933D9361
:102790004D935C93D697F10183A994A9A5A9B6A9F5
:1027A0002BAD3CAD4DAD5EAD281B390B4A0B5B0B21
:1027B000DA01C901E981FA81868B978BA08FB18FED
:1027C000F101408D518D70E060E021E084179507A4
:1027D000A607B70708F420E0A981BA8155962C9383
:1027E000B4CC2F923F924F925F926F927F928F92D2
:1027F0009F92AF92BF92CF92DF92EF92FF920F9390
:102800001F93CF93DF93CDB7DEB76E970FB6F894D3
:10281000DEBF0FBECDBF4C018B01742EA0900B11FB
:10282000DC01AC9211964C93119780910C11129689
:102830008C93B0900A11C12CD12C7601BB20E1F110
:10284000FB01C480D580E680F7802090E9103090AD
:10285000EA104090EB105090EC10A2019101C701DA
:10286000B6010E946A7018160CF0D7C0A20191013F
:10287000C701B6010E945D6E2091ED103091EE10FF
:102880004091EF105091F0100E946C6D2091F1106A
:102890003091F2104091F3105091F4100E946C6D41
:1028A0002091F5103091F6104091F7105091F810EA
:1028B0000E946C6D6B017C01D4011396CD92DD9268
:1028C000ED92FC921697D80118962D913D914D915D
:1028D0005C911B972B8F3C8F4D8F5E8F672D70E027
:1028E00090E080E02FEF2A0D223020F0B4E0312C70
:1028F000AB1297C033243394711001C0312CE4E043
:10290000AE128FC00E940B6D2B013C0177FA7094C0
:1029100077F870948B8D9C8DAD8DBE8DBF779C01AB
:10292000AD0150582B8F3C8F4D8F5E8FBB2009F42B
:1029300086C0A090E710B090E810A114B10409F48B
:102940007EC020E030E040EE51E4C701B6010E94B5
:102950006C6DD50112962D913D914D915C9115971D
:102960000E94E16E9F938F937F936F93F801838111
:102970008F9382818F9381818F9380818F93A32CFA
:10298000C684EB8CFC8C0D8D1E8DA30192016EE133
:1029900071E1CE0101960E94471089899A89D4017C
:1029A00018969C938E9317978B8919968C931997E9
:1029B0008E891A968C931A970FB6F894DEBF0FBEC5
:1029C000CDBF332081F08C89882369F085E0809326
:1029D0000B1110921D118C9311961C921197189641
:1029E0001C921E921797C4016E960FB6F894DEBF24
:1029F0000FBECDBFDF91CF911F910F91FF90EF9050
:102A0000DF90CF90BF90AF909F908F907F906F900E
:102A10005F904F903F902F90089560E070E0CB0161
:102A20002BCF0E940B6D2B013C018B8D9C8DAD8DAE
:102A3000BE8DBF778B8F9C8FAD8FBE8F77CF60E0C1
:102A400070E080E090E08ECFCF92DF92EF92FF9225
:102A50000F931F93CF93DF938C01EB01C880D98034
:102A6000EA80FB8020E030E0A901C701B6010E94A6
:102A70006A7018160CF05BC02C813D814E815F811D
:102A8000C701B6010E94066D87FF51C08885882363
:102A900009F44DC09985891708F049C020E030E05D
:102AA000A9016A857B858C859D850E946A7087FD5A
:102AB0003EC020E030E0A9016E857F858889998934
:102AC0000E946A7087FD33C08A899B89892B79F1BE
:102AD0008C899D89AE89BF89892B8A2B8B2B39F1F3
:102AE000888D998D892B19F120E030E0A9016A8D3C
:102AF0007B8D8C8D9D8D0E946A701816C4F481E0C8
:102B0000F801868F8EE1FE01D80101900D928A9521
:102B1000E1F7C8010E942D10F801868DDF91CF9159
:102B20001F910F91FF90EF90DF90CF900895F801E3
:102B3000168EEFCFCF92DF92EF92FF920F931F93FB
:102B4000CF93DF93CDB7DEB76E970FB6F894DEBFA5
:102B50000FBECDBF8C01FC01C080D180E280F3802C
:102B600020E030E040E85FE3C701B6010E946A70F0
:102B700018160CF037C1F801248135814681578140
:102B8000C701B6010E94066D87FF2CC1F801C484FD
:102B9000D584E684F784A7019601608571858285D6
:102BA00093850E946A7018160CF01CC120E030E07A
:102BB000A901C701B6010E946A7018160CF012C173
:102BC00020E030E0A901F801648975898689978938
:102BD0000E946A7087FD06C120E030E0A901F8017B
:102BE000608D718D828D938D0E946A7087FDFAC011
:102BF000F801948D858D981708F0F4C0868D978D17
:102C0000892B09F4EFC080A191A1892B09F4EAC0B6
:102C1000C2A0D3A0E4A0F5A020E030E040E05FE354
:102C2000C701B6010E946A7087FDDCC023E333E36D
:102C300043E75FE3C701B6010E94066D18160CF466
:102C4000D1C0F801C6A0D7A0E0A4F1A420E030E0F4
:102C5000A901C701B6010E946A7018160CF0C2C023
:102C6000F80122A533A544A555A5C701B6010E94C8
:102C7000066D87FFB7C020E030E0A901F80166A526
:102C800077A580A991A90E946A7087FDABC020E05A
:102C900030E0A901F80162A973A984A995A90E944D
:102CA0006A7087FD9FC0F80186A997A9A0ADB1AD54
:102CB000892B8A2B8B2B09F495C081E08093E0123D
:102CC00080E4A0EAB2E101900D928A95E1F7F80163
:102CD00086A197A1A0A5B1A589839A83AB83BC8364
:102CE00082A593A5A4A5B5A58D839E83AF83B88740
:102CF000848D8987858D8A8786A597A5A0A9B1A986
:102D00008B879C87AD87BE8782A993A9A4A9B5A903
:102D10008F87988BA98BBA8B868D978D9C8B8B8B8D
:102D200086A997A9A0ADB1AD8D8B9E8BAF8BB88FC7
:102D300082AD93AD9A8F898F84AD95ADA6ADB7ADB9
:102D40008B8F9C8FAD8FBE8FBE016F5F7F4F89EFE2
:102D500092E10E9424158093E0121092E1121092E9
:102D6000E2121092E3121092E4121092E512109205
:102D7000E6121092E7121092E8121092E9121092E5
:102D8000EA121092EB121092EC121092ED121092C5
:102D9000EE121092EF121092F0121092F1121092A5
:102DA000F2121092F3121092F4121092F512109285
:102DB000F6121092F7121092F81289EF92E10E9427
:102DC0002D108091E0126E960FB6F894DEBF0FBE04
:102DD000CDBFDF91CF911F910F91FF90EF90DF90CA
:102DE000CF9008951092E012B8CF8F929F92AF9239
:102DF000BF92CF92DF92EF92FF920F931F93CF93E8
:102E0000DF93CDB7DEB76E970FB6F894DEBF0FBE77
:102E1000CDBF8C01FC01C080D180E280F38020E036
:102E200030E040E85FE3C701B6010E946A701816FF
:102E30000CF0F4C020E030E040E85FE3F80164818A
:102E40007581868197810E946A7087FDE7C0F801CD
:102E500080A091A0A2A0B3A0A50194016085718576
:102E6000828593850E946A7018160CF0D7C020E006
:102E700030E0A901C501B4010E946A7018160CF077
:102E8000CDC020E030E0A901F80164857585868514
:102E900097850E946A7087FDC1C020E030E0A901DB
:102EA000F80160897189828993890E946A7087FD1F
:102EB000B5C0F80194898589981708F0AFC0868954
:102EC0009789892B09F4AAC0808D918D892B09F4EB
:102ED000A5C0828D938D892B09F4A0C020E030E03D
:102EE000A901648D758D868D978D0E946A70181664
:102EF0000CF094C02BED3FE049E450E4C701B6016B
:102F00000E946C6D6B017C0181E08093191288E254
:102F1000F801A1EFB1E101900D928A95E1F7F80176
:102F200080A191A1A2A1B3A189839A83AB83BC8321
:102F300080859185A285B3858D839E83AF83B88775
:102F40008489898785898A8724853585468557853B
:102F5000C701B6010E946C6D20E030E040E752E40A
:102F60000E94E16E6B877C878D879E87F8012089A0
:102F7000318942895389C701B6010E946C6D20E0F6
:102F800030E040E752E40E94E16E6F87788B898BD6
:102F90009A8BF801868997899C8B8B8B808D918D7C
:102FA000B0E0A0E08D8B9E8BAF8BB88F828D938D20
:102FB0009A8F898F20E030E040E752E4648D758D70
:102FC000868D978D0E946C6DA70196010E94E16E1F
:102FD0006B8F7C8F8D8F9E8FBE016F5F7F4F8AE1DD
:102FE00092E10E942415809319128AE192E10E94D5
:102FF0002D10809119126E960FB6F894DEBF0FBE99
:10300000CDBFDF91CF911F910F91FF90EF90DF9097
:10301000CF90BF90AF909F908F900895109219120B
:10302000E4CF8F929F92AF92BF92CF92DF92EF92B6
:10303000FF920F931F93CF93DF93CDB7DEB76E97B9
:103040000FB6F894DEBF0FBECDBF8C01FC0180A18E
:10305000882309F46AC0C080D180E280F38020E038
:1030600030E0A901C701B6010E946A7087FD76C0F1
:1030700020E030E0A901F8016481758186819781A3
:103080000E946A7018160CF069C020E030E0A901B7
:10309000F80160857185828593850E946A70181693
:1030A0000CF05CC0F80184849584A684B78420E089
:1030B00030E0A901C501B4010E946A7018160CF035
:1030C0004DC020E030E040E85FE3C501B4010E945C
:1030D000066D18160CF442C0F8012489358946891A
:1030E0005789C701B6010E94066D87FF37C08091DE
:1030F0000B11811133C081E2F801A9EEB0E101901A
:103100000D928A95E1F78EE1E0E3F2E0DE0111969F
:1031100001900D928A95E1F7BE016F5F7F4F8EE1BE
:1031200091E10E94241580930A11809377130E94E5
:10313000F203809177136E960FB6F894DEBF0FBE40
:10314000CDBFDF91CF911F910F91FF90EF90DF9056
:10315000CF90BF90AF909F908F90089580E0E5CF83
:10316000FC018081882349F08181882331F08281AC
:10317000882319F08381811187810895EF92FF924E
:103180000F931F93CF93DF93C82FFB01E080E110D3
:1031900009C08AE08093E31081E0CA3009F46AC074
:1031A00080E068C0D091E310DB30D0F7ED2FF0E085
:1031B0008827E252F74E8F4F0C940771E918411996
:1031C0004E194B1954195D194E1960196619691970
:1031D00070198C2F877F8150823010F0C43001F736
:1031E0008091E4108823E1F28B01FF24FA94FC0E15
:1031F000F2E0FF1510F4C73081F40E94D502882355
:1032000079F282E08F1518F4C73009F06EC0C8015A
:103210000E94B018882309F4C3CF8C2F8B7F833092
:1032200069F4F8018481882309F4BACF8581882361
:1032300009F4B6CF8085882309F4B2CFD950D230B3
:1032400038F4C11105C0F8018681882309F4A8CF9C
:10325000C093E31088E0C89FF0011124EF56FB4FA4
:103260008081882309F43FC09181911199CF928187
:10327000911196CFDF91CF911F910F91FF90EF9019
:1032800008958C2F8D7F09F4ABCF87EF8C0F8230A0
:1032900008F4A6CF85CFC53009F4A2CF89EF8C0FF3
:1032A000843008F07DCF9CCFCC2309F499CF88EFF0
:1032B0008C0F833008F494CF73CFC63031F790CFA2
:1032C000C33009F48DCFC53091F78ACFC111DDCF5E
:1032D00087CFCC2309F484CFCA3009F061CF80CFE7
:1032E000C1115ECF7DCF8E2DC5CFC33009F0A6CFE3
:1032F00098CFCF93DF93EC010E94BE0210920B1186
:103300001092E8101092E71010921D118EE191E1D9
:103310000E942D101092901381E0809391131092CF
:103320008D1310928E138091E310813031F4BE0121
:1033300080E0DF91CF910C94BE18843091F480919D
:10334000E6108350833030F488E08093E31083E00C
:103350008093E6101092D3131092D413DF91CF9183
:1033600008958823D9F389508230C0F3BE0188E0E4
:10337000E0CFCF92DF92EF92FF920F931F93CF9304
:10338000C0917713CC2309F457C0C0917613CC2396
:1033900009F452C0C0917F13CC2309F44DC0209191
:1033A000A013211155C06A017B018C010E94B0025B
:1033B000C82F882309F440C08091E310811148C0D0
:1033C0000E94D502C82F8823B9F18091E410823081
:1033D000E1F18BE294E0C0910A11CC2369F1F8018C
:1033E000C781CC2349F120910B11253089F19093AD
:1033F000E8108093E71081E080930B1110920C117C
:1034000010921D11C0921111D0921211E09213115D
:10341000F0921411B8010E94BE18C82F81110CC07F
:1034200010920B111092E8101092E71010921D11DB
:103430008EE191E10E942D108C2FCF911F910F9161
:10344000FF90EF90DF90CF9008958EE594E0C3CF8A
:10345000C0E0F2CFE0918B13F0918C13309741F4E0
:103460002093A1143093A2144093A3145093A41456
:10347000E82BF92BF0938C13E0938B13109290139D
:1034800081E08093911390918A13913011F481E03F
:10349000089580938A132093AC133093AD13409317
:1034A000AE135093AF1385E00E94BE188111EFCF89
:1034B00095E090938A1399E09093E3100895CF9349
:1034C000DF93D82F8091E31081111BC0CB010E94A4
:1034D000B018C82F882389F08091E410882389F0E0
:1034E000D81779F0D093E51083E08093E6100E941E
:1034F000BE021092D3131092D4138C2FDF91CF9170
:103500000895C0E0FACFFC0110821182128213826A
:1035100014821582168217821086118612861386EF
:103520001486158616861786108A118A128A138ABF
:103530000895CF93DF93FC01E35BFF4FC081CC2361
:1035400031F13996C081CC2311F13196C081CC2361
:10355000F1F0EC01399720E030E046E953E4608176
:103560007181828193810E946A7087FD0FC0FE0184
:10357000EE5AFF4FC1E020E030E046E953E46081BD
:103580007181828193810E946A7087FDC0E08C2FD7
:10359000DF91CF910895CF92DF92EF92FF92CF9378
:1035A000DF93EC018091E310823041F080E0DF9105
:1035B000CF91FF90EF90DF90CF90089580918D1381
:1035C0008823A1F380918E13882381F38C81882333
:1035D00069F38D81882351F380917E13882331F321
:1035E00080918313882311F36A017B010E940603F3
:1035F0008823E1F2CE010E94991A8823B9F2CE0104
:103600000E94B002882391F2BE0187E00E94BE189A
:10361000882361F210928D1310928E1393E0909391
:103620008A131092901391E0909391131092C0130B
:103630001092B8131092B9131092BA131092BB13D0
:103640001092BC131092BD131092BE131092BF13B0
:10365000C092B013D092B113E092B213F092B313B0
:103660001092B4131092B5131092B6131092B713B0
:103670009ECF0F931F93CF93FC01C489CC2381F17C
:103680008C012FE832EC45EF5CE360897189828917
:1036900093890E94066D181614F120E030E040EE88
:1036A0005FE3F80160857185828593850E945D6E78
:1036B0009F772DEC3CEC4CE45DE30E94066D181600
:1036C00074F0C1E02DEC3CEC4CE45DE3F801648562
:1036D0007585868597850E94066D18160CF4C0E0E6
:1036E0008C2FCF911F910F9108950F931F93CF931C
:1036F000DF93CDB7DEB766970FB6F894DEBF0FBE87
:10370000CDBF8C01FC0145AD56AD63AD74AD27ADA9
:10371000CE0101960E942C0380918A13843061F0BF
:1037200080E066960FB6F894DEBF0FBECDBFDF9186
:10373000CF911F910F910895C8010E94B002882374
:1037400079F3C8010E94991A882351F3F801858101
:10375000882331F30E940603882311F380915F13BD
:1037600083508230E8F6F801E65AFF4F80818111DC
:10377000D7CF8091FF13882399F28091FA1381119A
:10378000CFCF80910814882359F2CE0101960E9470
:10379000391B882329F2B80183E00E94BE188823D0
:1037A00009F4BECF10928C1310928B1310929513C4
:1037B0001092961310929B1310929C1310929D13CB
:1037C00010929E1310929F1391E090939013109279
:1037D000911310928A13A5CFAF92BF92CF92DF922E
:1037E000EF92FF921F93CF93DF93EC015C0182E392
:1037F000A80EB11C1D851123F9F08E85811127C0FB
:10380000C984DA84EB84FC8420E030E040EA51ECA7
:10381000C701B6010E94066D87FD19C020E030E0A7
:1038200046E953E4C701B6010E946A7018167CF09D
:103830002A96CA15DB05F1F6812FDF91CF911F91F2
:10384000FF90EF90DF90CF90BF90AF90089510E081
:10385000F3CF0F931F93CF930091C1131091C21315
:103860002091C3133091C413401B510B620B730B97
:10387000403C544D6140710508F473C08C012FE643
:1038800032E143E85AE36091C5137091C613809109
:10389000C7139091C8130E945E6E20E030E040E0B4
:1038A00052E40E946A7087FD5CC0C091D213CC23A1
:1038B000C9F0C091CD13CC23A9F0C0910814CC233A
:1038C00089F0C0910914C1114CC0809187138823DD
:1038D00071F0C8010E94991A882349F0F801848187
:1038E00081111AC08C2FCF911F910F910895809153
:1038F0008B1390918C13846090938C1380938B1313
:1039000085E080938A131092901381E08093911345
:1039100089E08093E310E6CFC8010E94EC1B882366
:1039200001F1C8010E94B0028823D9F02091BD1195
:103930003091BE11232BB1F69091E310943091F6A3
:103940009091E610953071F698E09093E31096E030
:103950009093E6101092D31391E09093D413C82F54
:10396000C1CFC0E0BFCFCF92DF92EF92FF92CF9353
:10397000DF93EC018091D313882309F465C0809113
:103980008713882309F460C080917813882309F491
:103990005BC06A017B01CE010E94991A882309F459
:1039A00053C0CE010E94EC1B882309F44DC0CE0108
:1039B0000E94B002882309F447C08091E31084304C
:1039C00009F049C08091E610843009F044C0CE016E
:1039D0000E94B0188823C1F18C818823A9F195E059
:1039E0009093E610C092C113D092C213E092C31319
:1039F000F092C4131092C5131092C6131092C713FD
:103A00001092C8134091041450910514609106144B
:103A1000709107144093C9135093CA136093CB134A
:103A20007093CC13FE01E559FF4F9081992319F053
:103A3000C45BDF4F98819093CD1391E09093D213A4
:103A40009093D3131092D413DF91CF91FF90EF9006
:103A5000DF90CF90089580E0F7CFCF93DF93EC0114
:103A600080918713882381F180918013882361F1ED
:103A700080918113882341F1CE010E94EC1B8823A1
:103A800019F1CE010E94B0028823F1F09091E31069
:103A900091111DC09091E6109330C9F49091E410FB
:103AA0009923A9F09091E510992389F09091A013A2
:103AB00091110DC092E09093A01310928D1310926B
:103AC000901391E090939113DF91CF91089580E04E
:103AD000FBCF8F929F92AF92BF92DF92EF92FF92B5
:103AE0000F931F93CF93DF93EC01D62E7C0104E05C
:103AF00011E0112339F1D7011D961C911D97112357
:103B000009F11E961C911E9711118EC019968D9069
:103B10009D90AD90BC901C9720E030E040EA51ECC5
:103B2000C501B4010E946A7087FD0CC020E030E836
:103B30004EE853E4C501B4010E94066D182F111F11
:103B40001127111F0150BAE0EB0EF11C0111D1CF6A
:103B50008D81882309F1809185138823E9F0FE0186
:103B6000E85AFF4F80818823B9F0319680818823FD
:103B700099F036968081882379F03D966081718135
:103B8000828193819F772CEE31E548EB5EE30E94C2
:103B9000066D881F8827881F20918B1330918C1306
:103BA000A9014B7F22FFA8C1F0908713F110A4C197
:103BB0008091BD119091BE11892B09F411E0809183
:103BC000AB1301E0882321F0CE010E94EC1B082FEB
:103BD0008091E31089508230B0F4DD20A1F0CE0155
:103BE0000E94B018882379F08E81882361F08B8140
:103BF000882349F0112339F08F81882321F0FF2099
:103C000011F0011113C081E080938F1300E0802F29
:103C1000DF91CF911F910F91FF90EF90DF90BF90B8
:103C2000AF909F908F90089510E08CCF10920B1161
:103C30001092E8101092E71010921D118EE191E1A0
:103C40000E942D1010920C111092BE111092BD11F5
:103C5000E5E5F1E18AE1DF01982F1D929A95E9F7F8
:103C60007A96A1E1ED3BFA07B1F71092EB111092B1
:103C7000EC111092ED111092EE1181E08093EF1192
:103C80001092F0111092E91110928C1310928B1374
:103C900010928A13109290138093911310928D13A7
:103CA00010928E1310928F131092951310929613F8
:103CB00010929713109298131092991310929A13CE
:103CC00010929B1310929C1310929D1310929E13AE
:103CD00010929F130E94BE021092AB131092C11358
:103CE0001092C2131092C3131092C4131092C513F2
:103CF0001092C6131092C7131092C8131092C913D2
:103D00001092CA131092CB131092CC131092CD13B1
:103D10001092D3131092D4138AE192E10E942D10D5
:103D20001092511210925212109253121092541279
:103D30001092551210925612109257121092581259
:103D40001092591210925A1210925B1210925C1239
:103D500010925D1210925E1210925F121092601219
:103D600081E692E10E942D10109298121092991201
:103D700010929A1210929B1210929C1210929D1205
:103D800010929E1210929F121092E1121092E21263
:103D90001092E3121092E4121092E5121092E612C1
:103DA0001092E7121092E8121092E9121092EA12A1
:103DB0001092EB121092EC121092ED121092EE1281
:103DC0001092EF121092F0121092F1121092F21261
:103DD0001092F3121092F4121092F5121092F61241
:103DE0001092F7121092F81289EF92E10E942D10B2
:103DF00010923F13109240131092411310924213ED
:103E000010924313109244131092451310924613CC
:103E100010924713109248131092491310924A13AC
:103E200010924B1310924C1310924D1310925F137B
:103E30001092601310926113109262131092631328
:103E40001092641310926513109266131092671308
:103E5000109268131092691310926A1310926B13E8
:103E600010926C13109271131092721310927313BC
:103E7000109274131092751310929313E3EEF3E102
:103E80008DE1DF011D928A95E9F7E0E0F4E186E13A
:103E9000DF011D928A95E9F7E6E1F4E188E0DF01B0
:103EA0001D928A95E9F7EEE1F4E18FE1DF011D92C1
:103EB0008A95E9F7EDE3F4E18EE0DF011D928A9542
:103EC000E9F7EBE4F4E18AE0DF011D928A95E9F776
:103ED0001092A1141092A2141092A3141092A41480
:103EE0001092E3108091E6108450823008F08FCE5B
:103EF00083E08093E6108BCEF82E452B09F058CE48
:103F0000FF24F39455CECF93DF93EC01809185137A
:103F1000882359F1CE010E94EC1B882331F1809156
:103F20008713882311F1809180138823F1F0809109
:103F300081138823D1F0CE010E94B0028823A9F01A
:103F40008091E310811114C00E94D502882369F08A
:103F50009091A01391110CC091E09093A013109236
:103F60008E131092901390939113DF91CF91089537
:103F700080E0FBCF08950895CF93C82F0E94DB08FF
:103F8000982FEC2FF0E0EE5FF64F8081813009F43E
:103F9000911180E09083CF9108950F931F93CF9359
:103FA000DF93182F862F042FC22FD32FD7FF03C0E4
:103FB000D195C195D109CF3FD10519F014F0CFEFBC
:103FC000D0E03095632F661F6627661F0E940409A4
:103FD00061E0C11101C060E0802F0E940409BE01B0
:103FE0007727812FDF91CF911F910F910C946E094C
:103FF000FF920F931F93CF93DF93182FF62E042F6A
:10400000E90160E0842F0E94040970E060E0812FE4
:104010000E946E0970E060E08F2D0E946E0920976B
:1040200049F1CE010D2E000CAA0BBB0BB7FF07C048
:10403000B095A095909581959F4FAF4FBF4F8F3F03
:104040009105A105B10529F024F08FEF90E0A0E0E3
:10405000B0E0BC011C161D060CF01F2D812F0E9424
:104060006E0961E0802FDF91CF911F910F91FF903A
:104070000C940409DF91CF911F910F91FF90089547
:10408000CF92DF92EF92FF921F93CF93DF9300D0F6
:104090001F921F92CDB7DEB78091B50E9091B60EEC
:1040A00095FF0FC020E030E0A901609149107091A8
:1040B0004A1080914B1090914C100E94066D18167A
:1040C000D4F019821A821B821C821D8229813A81B6
:1040D0004B815C816D8170E080E090E00F900F90EB
:1040E0000F900F900F90DF91CF911F91FF90EF9065
:1040F000DF90CF9008958AE30E94450ABC01990F92
:10410000880B990B0E940D6D20914510309146103F
:1041100040914710509148100E945D6E20E030E0C1
:10412000A9010E946A701816CCF58AE30E94450A1C
:10413000BC01990F880B990B0E940D6D20914510C1
:104140003091461040914710509148100E945D6E8A
:104150002091491030914A1040914B1050914C10D1
:104160000E946C6D6B017C012DEC3CEC4CE45EE339
:104170000E946A7087FD0BC011E020E030E040E053
:1041800050E4C701B6010E94066D18160CF410E049
:10419000C982DA82EB82FC821D8398CF8AE30E9477
:1041A000450ABC01990F880B990B0E940D6D209157
:1041B00045103091461040914710509148100E9490
:1041C0005D6E9058C5CF2F923F924F925F926F9243
:1041D0007F928F929F92AF92BF92CF92DF92EF9297
:1041E000FF920F931F93CF93DF9300D000D01F92C5
:1041F0001F92CDB7DEB79A838983DC011C91161319
:104200009CC011963C90B6E0B31508F496C0FC0132
:104210000281043008F091C02380F1E0F21508F427
:104220008CC098878F83DC011896CD90DD90ED903F
:10423000FC901B97C701B6010E94D10B892B09F492
:104240007CC0EF81F8854484558466847784C301FB
:10425000B2010E94D10B892B09F46FC0AF81B885E0
:1042600050968D909D90AD90BC905397C501B40130
:104270000E94D10B892B09F460C0A5019401C301F0
:10428000B2010E946A7018160CF457C0AF81B8854D
:1042900054962D913D914D915C91579729833A8386
:1042A0004B835C83FD015496BE83AD8365EC7DE951
:1042B0008CE191E8A1916A279B01AC0163E971E06F
:1042C00080E091E00E94C1702D813E81E217F307EA
:1042D00089F729813A814B815C8126173707480786
:1042E000590759F5222059F10250023030F5EF817B
:1042F000F88584819581A681B781892B8A2B8B2BA8
:10430000E1F080E01E3028F4E12FF0E0E858FC4FA7
:104310008081381212C0A3019201C701B6010E9428
:104320006A7087FD0AC0F1E0F983A5019401C70115
:10433000B6010E94066D181624F4198202C021E00D
:104340002983898128960FB6F894DEBF0FBECDBFB2
:10435000DF91CF911F910F91FF90EF90DF90CF9061
:10436000BF90AF909F908F907F906F905F904F9095
:104370003F902F900895CF93DF9398E1899FE001BC
:104380001124682FCE018954914F0E94E320882385
:1043900039F0C155D14F81E09B85911101C080E07A
:1043A000DF91CF910895EF92FF920F931F93CF93D8
:1043B000DF93D0E0C0E010E000E0EE24E394F12CC5
:1043C0008C2F0E94BB21882349F0C7010C2E02C00C
:1043D000880F991F0A94E2F7082B192B2196CE30EB
:1043E000D10571F7C801DF91CF911F910F91FF9017
:1043F000EF9008952F923F924F925F926F927F922B
:104400008F929F92AF92BF92CF92DF92EF92FF92E4
:104410000F931F93CF93DF93CDB7DEB76F970FB690
:10442000F894DEBF0FBECDBF9F8F8E8F142F6150CB
:1044300081E5882E83E0982E633040F4E62FF0E08B
:10444000EE0FFF1FE55BFC4F80809180D4012D9023
:104450003C90812F0E94BB21882369F1B8E11B9F0A
:10446000F0011124E155F14FC088D188E288F3882A
:1044700020E030E040E05FE3C701B6010E945E6EDD
:104480000E94966F1B016115710599F090E080E024
:104490000E940B6D9B01AC01C701B6010E945D6ECD
:1044A0009F772AE037ED43E25CE30E946A701816BA
:1044B0002CF480E09BC12114310499F1F401428075
:1044C00053806480758020E030E0A901C301B2010F
:1044D0000E94066D18160CF0A2C1B10190E080E0B8
:1044E0000E940B6DA30192010E946C6D9B01AC01B7
:1044F00060EC71EE84E69CE40E94E16E0E94586FCD
:10450000122F032FF42EE52ED62EC72EB82EA92E4D
:1045100020E030E0A901C301B2010E946A701816C0
:104520002CF0EE8DFF8D17A280E014C1D4011696F9
:104530002D913D914D915C91199729873A874B8731
:104540005C87A301920169857A858B859C850E9491
:104550006A70181634F7D4011A962D913D914D9139
:104560005C911D972D873E874F87588BC301B20101
:104570000E94066D1816ACF22D853E854F85588930
:1045800069857A858B859C850E946A7087FDC9CF75
:10459000D4011E962D913D914D915C9151972D8B9B
:1045A0003E8B4F8B588F232B242B252B09F4B9CF0F
:1045B0005296BC91B98FB23008F4B3CFD401539660
:1045C0002D913D914D915C915697298B3A8B4B8B58
:1045D0005C8BBA01AB0160E070E0CB0129833A83C8
:1045E0004B835C836D837E838F839887212F302F4D
:1045F0004F2D5E2D6D2D7C2D8B2D9A2DA980BA808F
:10460000CB80DC80E12CF12C00E010E00E940F71E7
:1046100008F087CF57966D917D918D919C915A9717
:1046200069837A838B839C83672B682B692B09F4BE
:1046300078CF5B962D913D914D915C915E972A8F3D
:104640003B8F4C8F5D8F232B242B252B09F469CFB7
:104650005F96CD90DD90ED90FC90929720E030E059
:10466000A901C701B6010E946A7018160CF059CF53
:10467000F40183A094A0A5A0B6A020E030E0A90199
:10468000C501B4010E946A7018160CF04ACF20E0F0
:1046900030E040E85FE3C501B4010E94066D87FF8A
:1046A00040CF81E0AE8DBF8D97968C9397971196F2
:1046B0003C922E92FD01428253826482758229854A
:1046C0003A854B855C8516962D933D934D935C936F
:1046D00019972D853E854F8558891A962D933D93C0
:1046E0004D935C931D972D893E894F89588D1E9659
:1046F0002D933D934D935C935197E98D5296EC9396
:10470000529729893A894B895C8953962D933D9319
:104710004D935C93569729813A814B815C815796E2
:104720002D933D934D935C935A972A8D3B8D4C8DE1
:104730005D8D5B962D933D934D935C935E97FD014C
:10474000C78ED0A2E1A2F2A293968D929D92AD92D5
:10475000BC929697AE8DBF8D98961C92989799961D
:104760001C9299979A961C929A979B961C929B974B
:10477000FD0114A615A616A617A6D0961D921D9289
:104780001D921C92D39714AA15AA16AA17AAD896F6
:104790001D921D921D921C92DB9714AE15AE16AEA3
:1047A00017AEE05CFF4F10823196108211821282A8
:1047B00013823496108211821282138234961082F0
:1047C0001182128213823496108211821282138215
:1047D000349610821182128213829D012B5A3F4F10
:1047E000D9011D921D921D921C9213976F960FB6C0
:1047F000F894DEBF0FBECDBFDF91CF911F910F9117
:10480000FF90EF90DF90CF90BF90AF909F908F90F0
:104810007F906F905F904F903F902F90089510E0A1
:1048200000E0F12CE12CD12CC12CB12CA12C70CEAC
:1048300040E060E083E59AE00E94FA218823B1F02D
:1048400042E061E081EA99E00E94FA21882371F058
:1048500043E062E08AEF99E00E94FA21882331F078
:1048600045E063E088E499E00C94FA2180E0089543
:104870008F929F92AF92BF92CF92DF92EF92FF9270
:104880000F931F93CF938091AF0E9091B00EA09194
:10489000B10EB091B20E81339D44A744B74409F0E4
:1048A0004CC08091B30E9091B40E049709F045C0AE
:1048B0000091B50E1091B60E0E94D321081719076A
:1048C000E1F5C090DF10D090E010E090E110F090A2
:1048D000E210EFEAFEE065EC7DE98CE191E82191E0
:1048E0004B018226AC01940163E971E080E091E024
:1048F0000E94C17020E1EF3DF20789F7C616D70686
:10490000E806F906D1F407EB1EE0C0E06C2FC80101
:104910000E94E320882329F0CF5F085E1F4FCE302E
:10492000A9F7CF911F910F91FF90EF90DF90CF905B
:10493000BF90AF909F908F90089580E0F2CFFC01E0
:1049400082E598EBAEE5BFE382A393A3A4A3B5A34E
:1049500080E090E0A0E0BFE386A397A3A0A7B1A763
:1049600080E090E0A0EFB1E482A793A7A4A7B5A749
:1049700080E090E0A0E8B0E486A797A7A0ABB1AB39
:1049800080E090E0A0E8BFE382AB93ABA4ABB5AB13
:104990004CE45DE160E070E046AB57AB60AF71AFF7
:1049A00020EB34E033AF22AF84AF95AFA6AFB7AF03
:1049B00008958F929F92AF92BF92CF92DF92EF9223
:1049C000FF92CF93DF93EC0188809980AA80BB800F
:1049D000C501B4010E94D10B892B09F498C0CC8089
:1049E000DD80EE80FF80C701B6010E94D10B892BCC
:1049F00009F48DC020E030E040E85FE3C501B40178
:104A00000E946A7018160CF082C020E030E0A90104
:104A1000C701B6010E946A7018160CF078C088852C
:104A20009985892B09F473C08E859F85AC0170E050
:104A300060E0CA84DB84EC84FD844C155D056E0562
:104A40007F0508F064C0892B09F461C081E0809380
:104A50005E1380E1FE01AEE4B3E101900D928A9510
:104A6000E1F7288139814A815B816C817D818E816A
:104A70009F810E946C6D0E94CA6E0E94966F6115A4
:104A800071058105910509F446C060936D1370931B
:104A90006E1380936F139093701381E010925F13E5
:104AA00010926013109261131092621310926313AC
:104AB000109264131092651310926613109267138C
:104AC000109268131092691310926A1310926B136C
:104AD00010926C1310927113109272131092731340
:104AE0001092741310927513811106C095E0909383
:104AF0005F1391E090936013DF91CF91FF90EF905F
:104B0000DF90CF90BF90AF909F908F9008951092BC
:104B10005E1380E0C3CF81E090E0A0E0B0E080933E
:104B20006D1390936E13A0936F13B0937013B6CF61
:104B30004F925F926F927F92BF92CF92DF92EF92ED
:104B4000FF920F931F93CF93DF93CDB7DEB7A2975A
:104B50000FB6F894DEBF0FBECDBF0E943824B82E2A
:104B60008E010F5F1F4F84E1F82EF8018F2D1192F7
:104B70008A95E9F7C801B11022C00E94831AF80192
:104B8000A6E7B3E101900D92FA94E1F70E94F203D7
:104B90000E94BB048B2DA2960FB6F894DEBF0FBE09
:104BA000CDBFDF91CF911F910F91FF90EF90DF90DC
:104BB000CF90BF907F906F905F904F9008950E942C
:104BC000831AF801A6E7B3E101900D92FA94E1F798
:104BD00081E00E94BB21882321F08CE190E10E94BA
:104BE000111888E00E94BB21882321F087E090E122
:104BF0000E94680489E00E94BB218823C9F140908B
:104C00004110509042106090431070904410C0903A
:104C10003D10D0903E10E0903F10F090401020E00A
:104C200030E0A901C701B6010E946A7087FD1BC070
:104C300020E030EC4FE754E4C701B6010E94066D56
:104C400018168CF0C301B2010E94D10B892B59F0C8
:104C5000FF24F39420E030E0A901C301B2010E94D7
:104C60006A7018160CF0F12CF0927F130E94F20378
:104C70008DE00E94BB218823C9F1409049105090DB
:104C80004A1060904B1070904C10C0904510D0901E
:104C90004610E0904710F090481020E030E0A90165
:104CA000C701B6010E946A7087FD1BC020E030EC8E
:104CB0004FE754E4C701B6010E94066D18168CF048
:104CC000C301B2010E94D10B892B59F0FF24F39448
:104CD00020E030E0A901C301B2010E946A701816F9
:104CE0000CF0F12CF09283130E94F20384E00E94F6
:104CF000BB21811105C083E00E94BB218823A9F05C
:104D00008DE490E10E94F516F82E80E0FF2019F066
:104D100084E00E94BB2180937A1380E0FF2019F089
:104D200083E00E94BB218093791386E00E94BB211F
:104D3000882331F085E790E10E949A1580937C13D7
:104D400080E00E94BB214091BF0E5091C00E609147
:104D5000C10E7091C20E282F80E00E94DC0B82E011
:104D60000E94BB214091EF0E5091F00E6091F10E28
:104D70007091F20E282F82E00E94DC0B85E00E94E9
:104D8000BB214091370F5091380F6091390F7091CE
:104D90003A0F282F85E00E94DC0B8AE00E94BB219D
:104DA0004091AF0F5091B00F6091B10F7091B20F61
:104DB000282F8AE00E94DC0B8BE00E94BB214091EF
:104DC000C70F5091C80F6091C90F7091CA0F282F5B
:104DD0008BE00E94DC0B87E00E94BB21882309F452
:104DE00053C08091670F9091680FA091690FB091A7
:104DF0006A0F40E050E068E872E44D8B5E8B6F8B89
:104E0000788F4DEC5CEC6CEE7FE3498F5A8F6B8FA3
:104E10007C8F20EB34E03AA329A38D8F9E8FAF8F38
:104E2000B8A340E050E060E070E44D835E836F83A0
:104E3000788722E030E03A87298748E95AE360E042
:104E400070E04B875C876D877E8728EE33E0388B78
:104E50002F8789839A83AB83BC83CE0145960E94BA
:104E60000A04882319F0C8010E94D92480937D1375
:104E700010924D1310924713109248131092491339
:104E800010924A1310924B138CE00E94BB2188238E
:104E900029F1C090DF0FD090E00FE090E10FF0908B
:104EA000E20FC701B6010E94D10B892BA1F020E0CF
:104EB00030E0A901C701B6010E946A7018165CF4BF
:104EC00011E02DEC3CEC4CEC5DE3C701B6010E9417
:104ED000066D18160CF410E0109382130E94F20372
:104EE00059CEFC0101900020E9F73197AF01481B32
:104EF000590BBC0188E09EE00C94820ACF93DF93AB
:104F00000E94650BEC018BEF94E00E9471278C0FDF
:104F10009D1FDF91CF9108958F929F92AF92BF9284
:104F20000F931F93CF93DF93CDB7DEB7A1970FB643
:104F3000F894DEBF0FBECDBF19A2423008F44AE09C
:104F40008E010F5D1F4F842E912CB12CA12CA50139
:104F500094010E94E570E62FB901CA01EA30F4F429
:104F6000E05DD801EE938D01232B242B252B79F7BF
:104F700090E080E0109719F0CD010E947127A19672
:104F80000FB6F894DEBF0FBECDBFDF91CF911F915A
:104F90000F91BF90AF909F908F900895E95CE1CF03
:104FA000CF92DF92EF92FF92CF93DF936B017C0160
:104FB0006DE288E09EE00E94180BEC0166277727DF
:104FC000CB016C197D098E099F094AE00E948C274C
:104FD0008C0F9D1FDF91CF91FF90EF90DF90CF90CE
:104FE00008954F925F926F927F928F929F92AF92AD
:104FF000BF92CF92DF92EF92FF92CF936B017C0131
:10500000842EAC019B010E94B570882389F08EEF3D
:1050100094E0CF91FF90EF90DF90CF90BF90AF9052
:105020009F908F907F906F905F904F900C9471271E
:1050300026013701E89477F82FEF3FEF4FE75FE75E
:10504000C301B2010E94B57081110DC02FEF3FEF77
:105050004FE75FE7C301B2010E94066D18161CF40A
:1050600082E095E0D6CF2FEF3FEF4FE75FE4C70137
:10507000B6010E946A7018161CF486E095E0C9CF4C
:105080002FEF3FEF4FE75FECC701B6010E94066DBF
:1050900087FDF3CF20E030E0A901C701B6010E94EF
:1050A000066DB12CA12C87FF0AC06DE288E09EE05E
:1050B0000E94180B5C01F7FAF094F7F8F094C82DF1
:1050C00060E070E080E09FE3912C20E030E040E27F
:1050D00051E40E94E16E93949814B8F3A7019601ED
:1050E0000E945E6E2B013C010E94966F6B017C0159
:1050F0000E940B6D9B01AC01C301B2010E945D6E69
:105100002B013C014AE0C701B6010E948C277C01BB
:105110006EE288E09EE00E94180BE80EF91EEA0C91
:10512000FB1CC15018F120E030E040E251E4C30123
:10513000B2010E946C6D2B013C010E94966F4B01E5
:10514000B12CA12C4AE0C501B4010E948C27E80EC5
:10515000F91EC501B4010E940B6D9B01AC01C30196
:10516000B2010E945D6E2B013C01DBCFC701CF91E4
:10517000FF90EF90DF90CF90BF90AF909F908F9077
:105180007F906F905F904F9008954F925F926F92D3
:105190007F928F929F92AF92BF92DF92EF92FF9297
:1051A0000F931F93CF93DF937C0148015901453042
:1051B000E8F0FC011082118212821382148281E0D5
:1051C000858386829782A086B186C701DF91CF91C1
:1051D0001F910F91FF90EF90DF90BF90AF909F9045
:1051E0008F907F906F905F904F900895E42FF0E044
:1051F000EB50FC4F008160E0802F0E94040983E0A7
:1052000090E00197F1F710E1D0E0C0E061E084E3C5
:105210000E940409CC0FDD1F82E30E94DB0861E0DD
:1052200070E0892B11F470E060E0C62BD72B60E0B2
:1052300084E30E940409115049F761E0802F0E9425
:105240000409DD24D3948E0104701127C2FFD12CF0
:1052500083E0D695C7958A95E1F7DF70BE0190E0AF
:1052600080E00E940B6D20E030E040E85EE30E94A9
:105270006C6D2B013C01F701408251826282738286
:10528000012B99F420E030E040EA51EC0E946A7072
:1052900087FD0BC0C1E020E030E046E953E4C301E4
:1052A000B2010E94066D18160CF4C0E0F701C48329
:1052B000D58287CF8F929F92AF92BF92CF92DF928B
:1052C000EF92FF920F931F93CF93DF930091A01261
:1052D0001091A112D091A212C091A312C090AC1251
:1052E000D090AD12E090AE12F090AF128090A41268
:1052F0009090A512A090A612B090A7122091E5124E
:105300003091E6124091E7125091E812C701B601C0
:105310000E946C6DA70196010E946C6D6B017C016F
:1053200020E030E040E850E46091C2127091C31276
:105330008091C4129091C5120E946C6D2091A812A8
:105340003091A9124091AA125091AB120E946C6D3B
:105350009B01AC01C701B6010E94E16E6B017C01AB
:1053600098014D2F5C2FB8018D2F9C2F0E946C6DE2
:105370009B01AC01C701B6010E945E6E0E94757070
:105380006B017C019B01AC01B8018D2F9C2F0E9409
:105390006A70181674F09601A701B401C5010E9445
:1053A000066D8601DE2DCF2D87FF03C08401DA2D27
:1053B000CB2DB8018D2F9C2FDF91CF911F910F9195
:1053C000FF90EF90DF90CF90BF90AF909F908F9025
:1053D00008952F923F924F925F926F927F928F9299
:1053E0009F92AF92BF92CF92DF92EF92FF920F9374
:1053F0001F93CF93DF93CDB7DEB7CD52D1400FB619
:10540000F894DEBF0FBECDBFC05EDE4F99838883A8
:10541000C052D1401B0129013A01FB01E95AFF4F5B
:105420000081002311F03A970081F101EE5AFF4FFD
:1054300080809180A280B38034961081112311F076
:1054400039971081F101E25BFF4FC080D180E2808B
:10545000F3802091E213C651DF4F2883CA5ED0400B
:10546000112359F011E020E030E046E953E4C70190
:10547000B6010E946A7087FD10E0002311F40C94BD
:10548000B54720E030E046E953E4C501B4010E948D
:105490006A7087FF02C00C94B547C651DF4F388150
:1054A000CA5ED040363608F458C0111155C081E0AC
:1054B000409198125091991260919A1270919B129A
:1054C000452B462B472B89F4411451046104710488
:1054D000F1F1442D352D262D972D409398123093C0
:1054E000991220939A1290939B1210929C121092F0
:1054F0009D1210929E1210929F12409198125091FC
:10550000991260919A1270919B1241155105610593
:10551000710509F482C073016201C41AD50AE60A52
:10552000F70AB701A601C651DF4F2881CA5ED040F5
:10553000263608F476C0811108C091E04C3D35E074
:1055400053076105710508F471C090E06FC041E038
:1055500030E020E090E0C1CF012F1092981210921D
:10556000991210929A1210929B12C651DF4F4881E5
:10557000CA5ED0404636A0F420E030E046E953E46D
:10558000C701B6010E946A7087FF0CC020E030E0BE
:1055900046E953E4C501B4010E946A7087FF02C066
:1055A00080E0A3CF80919C1290919D12A0919E12B9
:1055B000B0919F12892B8A2B8B2B89F441145104B3
:1055C0006104710419F1342D252D962D872D30930A
:1055D0009C1220939D1290939E1280939F12809113
:1055E0009C1290919D12A0919E12B0919F127301F6
:1055F0006201C81AD90AEA0AFB0AD701C6018C3D22
:105600009540A105B10538F480E077CF31E020E086
:1056100090E080E0DCCF84E070CF40E050E0BA0161
:1056200082CF82FB992790F921E09227909316145C
:1056300010931714009318148093191440931A149C
:1056400050931B1460931C1470931D14809183134A
:10565000882371F080918013882351F08091811309
:10566000882331F0F101E35BFF4F80818111892FA5
:10567000809394138091E410882309F463C11091FE
:10568000E31048E0149FF0011124EF56FB4F918185
:10569000992309F457C1D10117969C91992309F4D4
:1056A00051C1EEE5F4E0823011F0EBE2F4E0C08CA1
:1056B000D18CE28CF38CC651DF4FC882D982EA824A
:1056C000FB82CA5ED0408091E610853021F520E053
:1056D00030E040E85EE3C701B6010E946C6DC65140
:1056E000DF4F688379838A839B83CA5ED04020E042
:1056F00030E040E85FE30E94066D87FF0CC020E0C9
:1057000030E040E85FE3C651DF4F288339834A83A6
:105710005B83CA5ED04080918A138130E9F5809125
:10572000AC139091AD13A091AE13B091AF13730170
:105730006201C81AD90AEA0AFB0AC701B60120E0C9
:1057400030E0A901603107E270078105910590F40E
:105750000E940B6D20E030E44CE156E40E94E16EC3
:105760009B01AC0160E070E080E89FE30E945D6E09
:105770009B01AC01C651DF4F688179818A819B8191
:10578000CA5ED0400E946C6DC651DF4F688379833A
:105790008A839B83CA5ED040143061F48091D31316
:1057A000882309F4CFC0F101E759FF4F8081882396
:1057B00009F4C8C0F101E45BFF4FC080CC2011F0B8
:1057C0007F96C080F101E85BFF4F208131814281EB
:1057D0005381CA51DF4F288339834A835B83C65E76
:1057E000D0408091551290915612A0915712B091CD
:1057F0005812812C912C54010097A105B10531F06C
:1058000053014201881A990AAA0ABB0A409255120A
:10581000509256126092571270925812CC2009F48E
:1058200047C0411451046104710409F494C0342D3B
:10583000252D962D872D30935D1220935E12909327
:105840005F128093601220E030E0A901CA51DF4F5F
:10585000688179818A819B81C65ED0400E946A708E
:10586000181634F5C501B4010E940B6DCA51DF4F03
:10587000288139814A815B81C65ED0400E946C6D6F
:1058800020E030E64AE657E40E94E16E2091511292
:105890003091521240915312509154120E945E6EF8
:1058A000609351127093521280935312909354123A
:1058B000AA24A39420E030E040E85FE3C651DF4F24
:1058C000688179818A819B81CA5ED0400E946A701A
:1058D00087FDA12C80915D1290915E12A0915F12C4
:1058E000B09160120097A105B10579F0B301A20152
:1058F000481B590B6A0B7B0BDB01CA01893E9340A5
:10590000A105B10510F40C94324C20E030E040E8E1
:105910005FE3C651DF4F688179818A819B81CA5ECE
:10592000D0400E946A70D12C87FD02C00C94664C56
:105930001092591210925A1210925B1210925C122D
:105940000C94854CC651DF4F188219821A821B8233
:10595000CA5ED0402FCF31E020E090E080E06BCFF6
:1059600031E020E090E080E00C947D4CCA50DF4FA5
:10597000188219821A821B82C65FD0400C94A14CF7
:10598000C1010E94B00281110CC08091A013882334
:1059900019F081E08093AB130E94BE0289E08093EE
:1059A000E310F101E859FF4F8081811113C080910C
:1059B0005F138350823070F40E94BB048091E31027
:1059C0008B7F833039F4A3019201B10180E091E033
:1059D0000E942A1AC090E310CA51DF4FC882C65EE7
:1059E000D0408C2D8D7F31F0DD24D3940C2D0730E9
:1059F00009F0D12C10915F130DEFC02EC10ECA50CB
:105A0000DF4FC882C65FD040009193130023B9F0E6
:105A100000917D13002399F0F101EB59FF4F0081B4
:105A2000002369F0C1010E94B002082F882339F0D9
:105A3000DD2021F001E08091A013811100E0809130
:105A40005E1381110BC021E0CA50DF4F0881C65F91
:105A5000D040023008F4BBC220E0B9C2CA50DF4FC8
:105A60002881C65FD040233070F301110EC04091F1
:105A70007213509173136091741370917513E091C8
:105A8000601320E080E090E037C0F101E959FF4F5A
:105A9000908131978081882311F40C948647992353
:105AA00011F40C94294785E080935F1382E0809382
:105AB000601340917213509173136091741370913D
:105AC0007513E2E015E0DDCF40917213509173132E
:105AD0006091741370917513992391F190917113E2
:105AE00091110CC085E080935F1386E08093601372
:105AF000E6E015E020E080E030E07FC080906113B8
:105B000090906213A0906313B090641373016201CC
:105B1000C818D908EA08FB0846015701C0905C1371
:105B2000D0905D13F12CE12C8C149D04AE04BF04C5
:105B300048F085E080935F1380936013E5E0C2CF67
:105B4000109271138090611390906213A090631370
:105B5000B090641373016201C818D908EA08FB0801
:105B60008090581390905913A0905A13B0905B13E3
:105B7000C814D904EA04FB0440F085E080935F1365
:105B800083E080936013E3E09DCF80906513909055
:105B90006613A0906713B090681381149104A10458
:105BA000B10499F073016201C818D908EA08FB082A
:105BB00046015701C0905613D0905713F12CE12C99
:105BC0008C149D04AE04BF0498F041145104610488
:105BD000710409F4D9C0342D252D962D872D3093CD
:105BE0006513209366139093671380936813802F37
:105BF000E091601320E090E031E030934B149093FB
:105C00004C1480934D1420934E1440934F14509392
:105C10005014609351147093521410935314E093E2
:105C2000541480915F13CA50DF4F0881C65FD04083
:105C3000023008F4D9C19DEF980F923008F0D4C11A
:105C400080913E13882309F48CC0E0907213F09089
:105C500073130091741310917513B701C8010E945A
:105C6000D10B892B09F47DC020E030E0A901B701F8
:105C7000C8010E94066D87FF04C0E12CF12C00E0F2
:105C800010E0C0903013CA51DF4FC882C65ED040CA
:105C9000D0903113CA50DF4FD882C65FD040C09039
:105CA0003213D09033139701A801CA51DF4F688196
:105CB000C65ED040CA50DF4F7881C65FD040C60173
:105CC0000E94066D87FF0BC0CA51DF4FE880C65E99
:105CD000D040CA50DF4FF880C65FD0408601C70170
:105CE000D80180933F1390934013A0934113B09336
:105CF00042131092471310924813109249131092B6
:105D00004A138090341390903513A0903613B090BE
:105D10003713A5019401B701C8010E946A701816D3
:105D20000CF060C1A5019401CA51DF4F6881C65EC5
:105D3000D040CA50DF4F7881C65FD040C6010E9474
:105D40005D6E9B01AC01B701C8010E94066D881F02
:105D50008827881F80934B1310924C1381E0809307
:105D60004D13109293131091A013112309F4BCC189
:105D70008091E310811105C0C1010E94B002811120
:105D800063C10E94BE02D3C531E020E090E080E014
:105D900026CF123009F015C19923A1F085E0809338
:105DA0005F1386E0809360134091721350917313D8
:105DB0006091741370917513E6E015E020E080E0C7
:105DC00091E09ACE882309F468C0409172135091F3
:105DD0007313609174137091751380906113909098
:105DE0006213A0906313B090641373016201C8182A
:105DF000D908EA08FB0846015701C0905C13D0900F
:105E00005D13F12CE12C8C149D04AE04BF0440F012
:105E100085E080935F1384E080936013E4E0CDCF4E
:105E20008090651390906613A0906713B0906813EC
:105E300081149104A104B10499F073016201C8189E
:105E4000D908EA08FB0846015701C0905613D090C4
:105E50005713F12CE12C8C149D04AE04BF0490F078
:105E6000411451046104710499F0E42D352D262D5F
:105E7000972DE093651330936613209367139093E7
:105E80006813982F892FE091601320E00C948347CA
:105E9000E1E030E020E090E0ECCF409165135091DC
:105EA0006613609167137091681341155105610580
:105EB000710589F053014201841A950AA60AB70AAE
:105EC000409156135091571370E060E08416950688
:105ED000A606B706D8F1411451046104710409F40F
:105EE00062C0342D252D962D872D30936513209378
:105EF0006613909367138093681360916913709190
:105F00006A1380916B1390916C136F5F7F4F8F4F6B
:105F10009F4F6093691370936A1380936B139093F0
:105F20006C130E940B6D20914E1330914F134091D2
:105F30005013509151130E94E16E6093721370934D
:105F400073138093741390937513802FE0916013F3
:105F50008090691390906A13A0906B13B0906C13AB
:105F600040916D1350916E1360916F137091701387
:105F700084169506A606B706D8F083E080935F13D3
:105F800040915213509153136091541370915513D3
:105F9000409372135093731360937413709375133B
:105FA00013E021E00CCF31E020E090E080E09DCFD5
:105FB0004091721350917313609174137091751323
:105FC00064CF21E08DEF810F823008F045CD409104
:105FD0007213509173136091741370917513E09163
:105FE000601350CD80E0B6CE853009F0BCCECA51EA
:105FF000DF4F9881C65ED0409950923008F4B3CEFE
:10600000CA51DF4F9881C65ED0409B7F9330A1F08C
:1060100020918B1330918C13386030938C13209324
:106020008B1380938A131092901381E080939113C5
:1060300089E08093E31097CEA3019201B10180E043
:1060400098E00E942A1A8FCEC1010E94EC1B082FF3
:10605000113001F580918513882391F0809183138D
:10606000882371F080918013882351F080918113EF
:10607000882331F00E94D502002311F0811125C040
:1060800081E080278093AB130E94BE0289E0809359
:10609000E3102AC08091E610833091F7809183133A
:1060A000882371F380918013882351F380918113A9
:1060B000882331F38091E410882311F381E09091DB
:1060C000E5109111D9CF80E0D7CF8091A113811134
:1060D0002CC081E08093A1134092A3135092A4138B
:1060E0006092A5137092A6131091E310123009F07C
:1060F0004BC4D10114968C91882309F45BC0C0581D
:10610000DF4F8881C058D040882309F453C0809164
:106110009413882309F44EC080918713882309F4CF
:1061200049C081E080938E1345C0809194138823E9
:1061300009F4E6C38091A21381110BC081E0809322
:10614000A2134092A7135092A8136092A9137092C1
:10615000AA138091A2138823B1F08091A713909184
:10616000A813A091A913B091AA13A3019201281B0F
:10617000390B4A0B5B0BDA01C9018C3D9540A10537
:10618000B10508F0C8C38091A3139091A413A09106
:10619000A513B091A613B301A201481B590B6A0BBA
:1061A0007B0BDB01CA0110E0883B9B40A105B105D8
:1061B00008F0E7CD8091CE139091CF13A091D0132A
:1061C000B091D113892B8A2B8B2BA1F18091E610F2
:1061D000853081F52091C9133091CA134091CB13BA
:1061E0005091CC13609104147091051480910614A1
:1061F000909107140E945D6E6093C5137093C6134F
:106200008093C7139093C8138091CD13882341F0D6
:1062100080910814882321F08091091491E0892746
:106220008093CD138091D213882311F0F1018481E2
:106230008093D2134092CE135092CF136092D0131A
:106240007092D11387EF810F823008F4F5C308E014
:10625000109FF0011124EF56FB4F8781882309F42A
:10626000EBC3809194138111E7C380919513811141
:10627000A7C381E08093951340929713509298138F
:106280006092991370929A138091E310883079F597
:1062900080919413882359F180918713882339F1D1
:1062A000710148E2E40EF11C8101D8011D968C9128
:1062B0001D978823E1F01E968C911E97811117C0BF
:1062C00020E030E040E752E419966D917D918D9188
:1062D0009C911C970E946A7018164CF0065F1F4F25
:1062E000E016F10611F7B10180E00E94BE188101AD
:1062F00004591F4FF80160817181828193819F77DA
:10630000FF24F3942AE037ED43EA5EE30E946A70CB
:1063100087FDF12CF09292138091E3108B7F8330F4
:1063200009F0AFC00E940603811107C0A3019201CA
:10633000B10180E090E20E942A1A8091E31083303C
:10634000B1F480918A13811112C080919013882337
:1063500071F0C058DF4F8881C058D040811175C39B
:10636000A3019201B10181E090E00E942A1AF1019B
:10637000E85AFF4F8081811107C0A3019201B1014A
:1063800088E090E00E942A1A8091DC13882351F063
:10639000F101E75AFF4F8081882309F4C7C381E0E8
:1063A0008093DD138091FA13882339F0A3019201C1
:1063B000B10180E092E00E942A1AF101E15AFF4FF8
:1063C0008081811107C0A3019201B10180E290E0B8
:1063D0000E942A1A80913514882339F0A301920172
:1063E000B10180E094E00E942A1AF101EB59FF4FBD
:1063F000808181110BC080919013882339F0A30113
:106400009201B10180E091E00E942A1A8091481423
:10641000882339F0A3019201B10180E098E00E9445
:106420002A1A80910914882339F0A3019201B1013D
:1064300080E090E10E942A1AD801CD90DD90ED9085
:10644000FC90E894F7F827EB32E64FED5EE3C701E6
:10645000B6010E946A7087FD8BC380918B13909167
:106460008C13806890938C1380938B1385E08093BA
:106470008A131092901381E08093911389E08093A6
:10648000E31080918A13813009F090C38091AC139E
:106490009091AD13A091AE13B091AF13730162014F
:1064A000C81AD90AEA0AFB0AD701C6018031974205
:1064B000A105B10508F460C0B10186E00E94BE18D4
:1064C000882309F467C382E080938A134092AC1357
:1064D0005092AD136092AE137092AF1380918A13F5
:1064E000833009F049C08091B4139091B513A09105
:1064F000B613B091B7130097A105B10569F0730108
:106500006201C81AD90AEA0AFB0AD701C601883C07
:106510009105A105B10580F14092B4135092B513D5
:106520006092B6137092B713F101E65AFF4F808163
:10653000811110C08091FA1381110CC08091FF135A
:10654000882341F080919413882321F080910814CE
:106550008111E0C31092C0131092B8131092B913B6
:106560001092BA131092BB131092BC131092BD1369
:106570001092BE131092BF13FE01EE57FF4F84E13D
:10658000DF011D928A95E9F78091E31090E0209158
:10659000E410223009F09DC40EE514E0CA50DF4F2C
:1065A00019830883C65FD04020914B14222341F009
:1065B00021E0268720914C14258720914D142487B3
:1065C000AC01B3E0440F551FBA95E1F7C25FDE4F4F
:1065D00059834883CE50D140FA01EF56FB4F80815A
:1065E000882309F460C080917713882309F45BC085
:1065F00080917613882309F456C080917F138823F5
:1066000009F451C049825A826B827C82D101A05C1C
:10661000BF4F8D909D90AD90BC9013978D829E82C0
:10662000AF82B8861496CD90DD90ED90FC90CE5060
:10663000DF4FC882D982EA82FB82C25FD040C9861E
:10664000DA86EB86FC86D10117969C919D87828124
:10665000811101C081818E87F101E059FF4F2081B6
:106660002F8710910B11112319F0153009F03AC43E
:1066700040E0BE016F5F7F4FCE01835B9F4F0E9462
:10668000F1132E968FAD2E9766962EAD3FAD669781
:106690009FEF980F923008F08BC5CE57DF4F3983AC
:1066A0002883C258D0400091E3108091E6108530D5
:1066B00011F00C94A4478091D313882311F40C9407
:1066C000A447F101E759FF4F8081882311F40C940E
:1066D000A447C650DF4F8883CA5FD040C25FDE4FF9
:1066E000E881F981CE50D140EF56FB4F918199233B
:1066F000C1F08823B1F0F1018781882391F0809166
:106700007813043011F00E940603882351F0809121
:10671000121490911314C957DF4F99838883C75877
:10672000D040C0908A13C251DF4FC882CE5ED040A5
:10673000C25FDE4FE881F981CE50D140EF56FB4F6A
:106740008381882311F40C94D64D043009F43AC5A2
:106750000E940603882311F40C94DA4DCC2009F42E
:1067600037C581E01C2D133009F080E0C65EDE4F96
:106770008883CA51D140811131C5F101E75AFF4FD9
:10678000C080C65FDE4FC882CA50D14010E0CC2026
:1067900041F01091FF13112321F01091FA1381E0C1
:1067A0001827C058DF4F8881C058D0408823E9F0AF
:1067B000CF57DF4FD880C158D040CA51DF4FD88261
:1067C000C65ED040DD2089F02FE832EC45EF5CE377
:1067D000C458DF4F688179818A819B81CC57D04032
:1067E0000E946A7018160CF026C51092EB111092D8
:1067F000EC111092ED111092EE1181E08093EF11E7
:106800001092F011C12CE12CF12C10E0C251DF4F9D
:106810002881CE5ED040213019F58091AC13909143
:10682000AD13A091AE13B091AF13B301A201481BF9
:10683000590B6A0B7B0BDB01CA01883B9B40A1050E
:10684000B10570F480918B1390918C138871992706
:1068500061E0CA51DF4F6883C65ED040892B29F0C2
:10686000CA51DF4F1882C65ED040C25FDE4FE8815A
:10687000F981CE50D140EF56FB4FD480CE5FDE4F32
:10688000D882C250D140DD2009F4D4C50E9406034D
:10689000CE5FDE4F8883C250D140882309F4CAC539
:1068A000043041F4C650DF4F0881CA5FD040002356
:1068B00009F4BBC5C251DF4FD880CE5ED040DD2089
:1068C00019F00D2D033089F420E030E0A9016C2D82
:1068D0007E2D8F2D912F0E946A70CE5FDE4F088132
:1068E000C250D14018160CF4AAC5CA51DF4F088116
:1068F000C65ED040CE5FDE4F1882C250D1409FC5E9
:106900001092A2131092A7131092A8131092A91319
:106910001092AA131ECC1130E1F4B10182E00E9462
:10692000BE18082F0E94BE0201110C949E47809150
:106930008B1390918C13846090938C1380938B13A2
:1069400085E080938A131092901381E080939113D5
:106950009DCB8091E610833009F013CAC1010E94DB
:10696000B018882309F40DCA8091E410882309F433
:1069700008CA8091E510882309F403CA84E0809353
:10698000E3100E94BE02B0CB143009F013CC80910A
:10699000E610833009F00ECCF1018481882309F4DC
:1069A00009CCC1010E94B018882309F403CCD1019D
:1069B00018968C91882309F4FDCB1093E610FACB3E
:1069C00080919613811160CC8091971390919813C8
:1069D000A0919913B0919A13A3019201281B390B2E
:1069E0004A0B5B0BDA01C9018C3D9540A105B1054D
:1069F00008F44ACC21E0209396131B7F133041F416
:106A0000A3019201B10184E090E00E942A1A3CCCDB
:106A100080918B1390918C13846090938C1380934E
:106A20008B1385E080938A13109290132093911317
:106A300089E08093E31028CC1092951380918B13FA
:106A400082FD22CC109296131FCC2FE832EC45EF3A
:106A50005CE3C458DF4F688179818A819B81CC5780
:106A6000D0400E946A70181634F4A3019201B1015B
:106A700082E090E07ACC20E030E040EE5FE3E89600
:106A80006CAD7DAD8EAD9FADE8970E945D6E9F773A
:106A90002DEC3CEC4CE45DE30E946A701816ACF0FF
:106AA0002DEC3CEC4CE45DE3EC966CAD7DAD8EAD35
:106AB0009FADEC970E946A7018163CF0F101E65AFF
:106AC000FF4F8081882309F452CCB10187E00E94F6
:106AD000BE18882351F283E080938A13109290139A
:106AE00081E0809391131092C0131092B81310920A
:106AF000B9131092BA131092BB131092BC131092D8
:106B0000BD131092BE131092BF134092B013509257
:106B1000B1136092B2137092B3131092B413109227
:106B2000B5131092B6131092B71321CC8091DD13D8
:106B3000811116C08091DE139091DF13A091E013B4
:106B4000B091E11373016201C81AD90AEA0AFB0A7B
:106B5000D701C6018C3D9540A105B10508F422CCB2
:106B6000A3019201B10180E190E00E942A1A1ACC9F
:106B70002CEE31E548EB5EE3C701B6010E946A7076
:106B800087FD7FCCA3019201B10180E490E00E94D7
:106B90002A1A77CC85E080938A131092901381E0B3
:106BA0008093911389E08093E31098CC823009F0B0
:106BB00095CC8091AC139091AD13A091AE13B09190
:106BC000AF13A3019201281B390B4A0B5B0BDA01AF
:106BD000C90180369A4EA105B10508F4CDCC2091AB
:106BE0008B1330918C13C9018470992722FF03C045
:106BF00021E020939B1320919B132223D9F0209115
:106C000094132223B9F040919C1350919D136091ED
:106C10009E1370919F13452B462B472B41F44092B6
:106C20009C1350929D1360929E1370929F13892B18
:106C300059F10AC010929C1310929D1310929E134A
:106C400010929F13892BD9F080919C1390919D13E2
:106C5000A0919E13B0919F130097A105B10509F46F
:106C60008BCCB301A201481B590B6A0B7B0BDB01D8
:106C7000CA018C3D9540A105B10508F47DCC8091F9
:106C80009413882309F478CCC058DF4F8881C0580A
:106C9000D040882309F470CCD10114968C918823BC
:106CA00009F46ACCC1010E94B002882309F464CCC3
:106CB000B10187E00E94BE18882309F46BCF83E0FE
:106CC00080938A131092901381E080939113109215
:106CD000C0131092B8131092B9131092BA131092F5
:106CE000BB131092BC131092BD131092BE131092DE
:106CF000BF134092B0135092B1136092B2137092CE
:106D0000B3131092B4131092B5131092B6131092DD
:106D1000B713E4CBCE0184599F4F0E94391B8823BF
:106D200009F4BCC08091C0138F3F19F08F5F80932E
:106D3000C013C058DF4F1881C058D040112309F448
:106D4000B0C020E030E040EE5FE3E8966CAD7DAD92
:106D50008EAD9FADE8970E945D6E9F772DEC3CEC69
:106D60004CE45DE30E94066D18160CF49AC0809105
:106D7000B8139091B913A091BA13B091BB13892B9A
:106D80008A2B8B2B41F44092B8135092B913609226
:106D9000BA137092BB132DEC3CEC4CE45DE3EC9623
:106DA0006CAD7DAD8EAD9FADEC970E94066D181653
:106DB0000CF481C08091BC139091BD13A091BE13BF
:106DC000B091BF13892B8A2B8B2B41F44092BC13BB
:106DD0005092BD136092BE137092BF138091E41065
:106DE000823009F071C088EB9FE6A0E0B0E020910E
:106DF000C013243108F4C0CB0091B8131091B9131B
:106E00002091BA133091BB130115110521053105ED
:106E100009F4B2CB4091BC135091BD136091BE13E5
:106E20007091BF13411551056105710509F4A4CB9B
:106E300073016201C01AD10AE20AF30A97018601BE
:106E4000003117422105310508F496CB7301620128
:106E5000C41AD50AE60AF70AB701A601403157421B
:106E60006105710508F488CB4091B0135091B113BE
:106E70006091B2137091B31373016201C41AD50A01
:106E8000E60AF70AB701A601481759076A077B0700
:106E900008F472CB84E080938A136ECB1092C013F7
:106EA00048CF1092B8131092B9131092BA131092DF
:106EB000BB13111170CF1092BC131092BD1310921E
:106EC000BE131092BF138ACF8CE498E6A0E0B0E026
:106ED0008ECF2BE234E0CA50DF4F39832883C65F60
:106EE000D04062CB992371F081110CC0C090E710A3
:106EF000D090E810CA51DF4FD982C882C65ED04018
:106F0000CD2831F485E080930B1110921D11B0CB88
:106F1000133081F58091151190911611A0911711E0
:106F2000B0911811481659066A067B0608F4A0CBE2
:106F300080910C118F5F80930C1184E080930B1172
:106F4000CA51DF4FA881B981C65ED0401C968D9191
:106F50009C9173016201C80ED91EE11CF11CD7017E
:106F6000C6018093191190931A11A0931B11B0932D
:106F70001C117ECB1430D1F58091191190911A110A
:106F8000A0911B11B0911C11481659066A067B0688
:106F900088F090910C11CA51DF4FA881B981C65E6B
:106FA000D0401E968C91981798F085E080930B1135
:106FB00010921D11CA51DF4FE881F981C65ED040A1
:106FC000418180910B11843009F053CB469551CB10
:106FD00081E080930B1110921D114092111150927B
:106FE00012116092131170921411E4CF80910A1162
:106FF00020E030E0A9018823B9F1C090E910D090D9
:10700000EA10E090EB10F090EC10A7019601C5019A
:10701000B4010E946A7018160CF07CC0A70196019A
:10702000C501B4010E945D6E2091ED103091EE100B
:107030004091EF105091F0100E946C6D2091F11072
:107040003091F2104091F3105091F4100E946C6D49
:107050002091F5103091F6104091F7105091F810F2
:107060000E946C6D9B01AC01CA51DF4FA881B981B0
:10707000C65ED04011960C91C0901111D0901211A3
:10708000E0901311F0901411C301B2016C197D0945
:107090008E099F09683B7B408105910590F1CA519B
:1070A000DF4FE881F981C65ED040668177818085B7
:1070B00091850E94066D18168CF520E030E040ECBA
:1070C00050E4C501B4010E946A7087FD1AC0602FA8
:1070D00070E090E080E00E940D6D26E636E646E224
:1070E0005FE30E946C6D9B01AC01CE50DF4F688165
:1070F00079818A819B81C25FD0400E94066D87FDA5
:107100000DC010921D11123019F481E080930B1103
:10711000402FAFCA60E070E0CB0186CF80911D1197
:10712000811114C081E080931D1140920D11509285
:107130000E1160920F117092101182E080930B116A
:1071400080910B11833021F700E0E2CF80910D1187
:1071500090910E11A0910F11B0911011B301A201E5
:10716000481B590B6A0B7B0BCA51DF4FA881B981B1
:10717000C65ED0401A968D919C91B0E0A0E0481771
:1071800059076A077B07E0F283E080930B11D30174
:10719000C2018056904FAF4FBF4F8093151190930F
:1071A0001611A0931711B093181110921D11C8CF8A
:1071B000843009F472CA853009F075CA89E0809379
:1071C000E31071CAC650DF4F8881CA5FD040CECA73
:1071D00021E0C65EDE4F2883CA51D14020E030E076
:1071E00048E454E4CA50DF4FA881B981C65FD0405B
:1071F00054966D917D918D919C9157970E946C6DE5
:1072000020E030E040E251E40E946C6D20E030E08C
:1072100040E752E40E94E16E20E030E040E05FE3AE
:107220000E945E6E0E94966FCB57DF4F7983688312
:10723000C558D040A2CACA50DF4FA881B981C65FE5
:10724000D0409D96CD90DD90ED90FC90D097CA5F98
:10725000DE4FC882D982EA82FB82C650D14099961D
:10726000CD90DD90ED90FC909C97C250DF4FC8828E
:10727000D982EA82FB82CE5FD0409596CD90DD9098
:10728000ED90FC909897CE50DF4FC882D982EA8269
:10729000FB82C25FD0401092EF1120E030E040EE60
:1072A0005FE3E8966CAD7DAD8EAD9FADE8970E9433
:1072B0005D6E4B015C01112391F12DEC3CEC4CEC2B
:1072C0005DE30E946C6D2091EB113091EC114091C7
:1072D000ED115091EE110E945E6E6B017C0120E079
:1072E00030E040EA51EC0E94066D87FD91C020E03D
:1072F00030E040EA51E4C701B6010E946A701816F6
:1073000034F4C12CD12CA0EAEA2EA1E4FA2EC092CA
:10731000EB11D092EC11E092ED11F092EE11209170
:10732000EB113091EC114091ED115091EE11CA5FCB
:10733000DE4F688179818A819B81C650D1400E944D
:107340006C6D6B017C01A5019401C250DF4F688117
:1073500079818A819B81CE5FD0400E946C6DCE5036
:10736000DF4F288139814A815B81C25FD0400E9412
:107370005E6E9B01AC01C701B6010E945E6EC62E17
:10738000E72EF82E192F20E030E040E85FE30E945E
:10739000066D1816BCF4B1E0CA51DF4FB883C65E63
:1073A000D04020E030E040EA52E46C2D7E2D8F2D5D
:1073B000912F0E946A7087FF05C0CA51DF4F188263
:1073C000C65ED040CA51DF4FD880C65ED040D09252
:1073D000F01120E030E040E85FE36C2D7E2D8F2D32
:1073E000912F0E94066D87FD1AC020E030E040EA30
:1073F00052E46C2D7E2D8F2D912F0E946A701816ED
:107400000CF004CAC12CE12CE0EAFE2E12E4FEC905
:10741000C12CD12CF0EAEF2EF1ECFF2E78CFC12C4D
:10742000E12C70E8F72E1FE3F1C9CE5FDE4F188222
:10743000C250D140CA51DF4F0881C65ED040F10131
:10744000E55AFF4F2081318142815381CE50DF4F79
:10745000288339834A835B83C25FD040CA51DF4FA0
:10746000D880C65ED040DD2041F0C090E313E090AC
:10747000E413F090E5131091E613A0901912002385
:1074800081F1A1100C94E14D20E030E0A901CE5033
:10749000DF4F688179818A819B81C25FD0400E94E1
:1074A0006A70C251DF4F1882CE5ED040C650DF4FA7
:1074B0001882CA5FD040CA5FDE4F1882C650D140E2
:1074C000C250DF4F1882CE5FD04018160CF444C073
:1074D000CE50DF4F188219821A821B82C25FD040C1
:1074E0003BC020E030E0A901CE50DF4F68817981B8
:1074F0008A819B81C25FD0400E946A70C251DF4F77
:107500001882CE5ED040C650DF4F1882CA5FD0408E
:10751000CA5FDE4F1882C650D140C250DF4F18827A
:10752000CE5FD0401816C4F0AA2091F2CE50DF4FA3
:10753000188219821A821B82C25FD040002361F038
:1075400020E030E0A9016C2D7E2D8F2D912F0E941F
:10755000066D18160CF447C38AE192E10E942D10C3
:1075600081E0402F4827C65FDE4F188219821A82B9
:107570001B82CA50D14050E0E0E0CE5EDE4F19825F
:107580001882C251D14060E070E0CB014B015C0138
:107590007C016B01C251DF4F0881CE5ED040C650E6
:1075A000DF4F1881CA5FD040CA5FDE4F2881C650C6
:1075B000D140C250DF4F3881CE5FD0400093E313FB
:1075C0001093E4132093E5133093E613C092E7136E
:1075D000D092E813E092E913F092EA138092EB1351
:1075E0009092EC13A092ED13B092EE13CE50DF4FB9
:1075F000C880D980EA80FB80C25FD040C092EF1380
:10760000D092F013E092F113F092F2136093F3131F
:107610007093F4138093F5139093F613CE5EDE4FC0
:10762000E880F980C251D140F092F813E092F7134C
:10763000E093F9135093FA13C65FDE4F0881198166
:107640002A813B81CA50D1400093FB131093FC1355
:107650002093FD133093FE134093FF13CE5FDE4F54
:10766000D880C250D140D1108CC3CA51DF4FD880CE
:10767000C65ED040D1108DC3CE5EDE4F1982188217
:10768000C251D140E0908A13E1100DC0CE5EDE4FB2
:1076900008811981C251D1401016110624F41093AB
:1076A000DB130093DA13F0905F13C25FDE4FE881C3
:1076B000F981CE50D140EF56FB4F858181010F59A2
:1076C0001F4F882379F080919013882359F00E94EE
:1076D0000603882339F08DEF8F0D823048F4EE20B9
:1076E00009F462C324E0F21203C083E080935F13C5
:1076F00080915F1380935314835091E0823008F09F
:1077000090E090934E14D801CD90DD90ED90FC90D8
:107710008E01035B1F4F8FE1F80111928A95E9F703
:107720008091E012812C912C5401882321F00E9439
:107730005A294B015C011092E1121092E212109250
:10774000E3121092E4121092F1121092F2121092BF
:10775000F3121092F4121092F5121092F612109287
:10776000F7121092F81289EF92E10E942D10D801C1
:1077700012968D929D92AD92BC921597F801C28699
:10778000D386E486F58681E0868B808F8FE1AEE13B
:10779000B4E101900D928A95E1F7FE01EA52FF4FA4
:1077A0008EE0DF01C82E1D92CA94E9F790914D1327
:1077B00020914C1340913F1350914013609141131D
:1077C000709142134783508761877287238795871B
:1077D000ADE3B4E101900D928A95E1F780919113A8
:1077E000CF56DF4F8883C159D040C25FDE4FE8815A
:1077F000F981CE50D140EF56FB4F8781882311F499
:107800000C945946CA50DF4FA881B981C65FD04059
:1078100094968C91BFEF8B9FC001112464E670E0B9
:107820000E94D170CA51DF4F6883C65ED0408091FC
:107830008B1382FF0DC080919B13811109C0809131
:10784000E310873029F0CA51DF4F1882C65ED0405E
:10785000C25FDE4FE881F981CE50D140EF56FB4F39
:10786000C280C251DF4FC882CE5ED040CC2081F0B2
:107870008091E310825001E0C251DF4F0883CE5E59
:10788000D040863028F0C251DF4F1882CE5ED04003
:10789000CA50DF4FA881B981C65FD0405C966D9118
:1078A0007C9190E080E00E940B6DCA53DF4F6883AB
:1078B00079838A839B83C65CD040CA50DF4FE881BE
:1078C000F981C65FD040668D778D90E080E00E94A0
:1078D0000B6DC653DF4F688379838A839B83CA5CB1
:1078E000D040CA50DF4FA881B981C65FD040909682
:1078F0006D917C9190E080E00E940B6DC253DF4F50
:10790000688379838A839B83CE5CD040CA50DF4FE3
:10791000E881F981C65FD04062A173A190E080E068
:107920000E940B6DCE52DF4F688379838A839B83DD
:10793000C25DD0408E010A541F4FCC51DF4F1983D6
:107940000883C45ED04080E1D8011D928A95E9F792
:10795000005F1F4FCE50DF4F19830883C25FD040B6
:1079600000511109C250DF4F19830883CE5FD04008
:1079700005E511E19101285D3F4FC65FDE4F398378
:107980002883CA50D140AE014A545F4FCA5FDE4FD0
:1079900059834883C650D140CE50DF4FA881B9816A
:1079A000C25FD0408D909D90AD90BD90CE50DF4F86
:1079B000B983A883C25FD04080918A13823051F48A
:1079C00020E030E040EA51E4C501B4010E945D6E60
:1079D0004B015C01F80180859185A285B3850097F4
:1079E000A105B10511F40C94604673016201C81A37
:1079F000D90AEA0AFB0AC701B6010E940B6D20E012
:107A000030E04AE754E40E94E16E6B017C012FE60E
:107A100032E143E85AE30E94066D87FF02C00C94EE
:107A2000684620E030E040E050E4C701B6010E9423
:107A30006A7018162CF4C12CD12CE12C20E4F22E03
:107A4000D1011896BC91C25FDE4FB883CE50D140B1
:107A5000F101F381CA50DF4FF883C65FD040D801EF
:107A600018964D925D926D927C921B97C651DF4F96
:107A7000E881F981CA5ED0408685882349F08091EB
:107A8000BD119091BE1181609093BE118093BD1184
:107A9000C651DF4FA881B981CA5ED0401D96BC9106
:107AA000CE5FDE4FB883C250D140BB23B1F1C65187
:107AB000DF4FA881B981CA5ED04019962D913D91C2
:107AC0004D915C911C97C650DF4F288339834A83C0
:107AD0005B83CA5FD04020E030E040EA51ECC65002
:107AE000DF4F688179818A819B81CA5FD0400E9483
:107AF000066D87FD12C020E030E046E953E4C65031
:107B0000DF4F688179818A819B81CA5FD0400E9462
:107B10006A70181614F00C94BF478091BD119091B3
:107B2000BE1182609093BE118093BD11CA50DF4F89
:107B3000B881C65FD040B11109C08091BD1190914C
:107B4000BE1184609093BE118093BD11CE5FDE4F55
:107B5000E881C250D140EE23E9F020E030E84EE861
:107B600053E4C651DF4FA881B981CA5ED04019964F
:107B70006D917D918D919C911C970E946A7087FDFB
:107B800009C08091BD119091BE1188609093BE1183
:107B90008093BD11C251DF4FB881CE5ED040BB2370
:107BA00089F08091BD119091BE11C25FDE4FE881D6
:107BB000CE50D140E1110C94C94780649093BE111E
:107BC0008093BD11D8011D921D921D921C92139796
:107BD000F801168A178A108E118E80E0C12CD12CE4
:107BE00076010C9458482BED3FE049E450E4609155
:107BF000F1117091F2118091F3119091F4110E94A2
:107C00006C6DCE5EDE4F688379838A839B83C2511D
:107C1000D14020E030E040E752E4C251DF4F6881BC
:107C2000CE5ED040C650DF4F7881CA5FD040CA5F79
:107C3000DE4F8881C650D140C250DF4F9881CE5F61
:107C4000D0400E946C6DCE5EDE4F288139814A8122
:107C50005B81C251D1400E94E16E9B01AC011F9239
:107C60001F921F921F927F926F925F924F92AA244F
:107C7000A394C65FDE4FC880CA50D140CE50DF4FBC
:107C8000E880F9800A811B81C25FD0406AE172E11D
:107C9000CE0101960E9447108D809E80AF80B884EF
:107CA000A5019401CE5EDE4F688179818A819B8136
:107CB000C251D1400E946C6D20E030E040E752E4B8
:107CC0000E94E16EC251DF4F6883CE5ED040C65045
:107CD000DF4F7883CA5FD040CA5FDE4F8883C650CB
:107CE000D140C250DF4F9883CE5FD040CE5EDE4F92
:107CF000288139814A815B81C251D140CE50DF4F0A
:107D0000688179818A819B81C25FD0400E946C6DBD
:107D100020E030E040E752E40E94E16E6B017C011C
:107D20002D853E854F855889CE5EDE4F68817981ED
:107D30008A819B81C251D1400E946C6D20E030E06D
:107D400040E752E40E94E16E09891A89CE5EDE4F57
:107D500019830883C251D140ED895E890F89188D3E
:107D6000298D3A8DC65FDE4F088319832A833B83B2
:107D7000CA50D1404B890FB6F894DEBF0FBECDBFBD
:107D800009CCCA51DF4FD880C65ED040DD2009F44F
:107D900079CCE090DA13F090DB13CE5EDE4FF982FF
:107DA000E882C251D1406ECC63E0D62EFD1003C0F4
:107DB00084E080935F1380915F138093531481E07C
:107DC00080934E14D8012D913D914D915C91CE5FE1
:107DD000DE4F288339834A835B83C250D140809130
:107DE000E012882309F441C10E945A29C65FDE4F80
:107DF000688379838A839B83CA50D14020E030E036
:107E0000A901C251DF4F6881CE5ED040C650DF4F1E
:107E10007881CA5FD040CA5FDE4F8881C650D140AA
:107E2000C250DF4F9881CE5FD0400E94066D181679
:107E30000CF424C11092E1121092E2121092E3129B
:107E40001092E4121092F1121092F2121092F312A8
:107E50001092F4121092F5121092F6121092F7127C
:107E60001092F81289EF92E10E942D10C650DF4F58
:107E70001882CA5FD040CA5EDE4F1882C651D14018
:107E8000CA51DF4F188219821A821B82C65ED04007
:107E900020E0C251DF4F1882CE5ED04040E050E07B
:107EA000BA016A017B014A015B0110E000E0109316
:107EB0001F1400931E14C65FDE4F88819981AA812A
:107EC000BB81CA50D1408093201490932114A09379
:107ED0002214B09323148092241490922514A0921B
:107EE0002614B0922714CE5FDE4F88819981AA8133
:107EF000BB81C250D1408093281490932914A09341
:107F00002A14B0932B14C0922C14D0922D14E0920A
:107F10002E14F0922F144093301450933114609328
:107F2000321470933314C251DF4F9881CE5ED0402B
:107F3000909334142093351481E080933614CA5101
:107F4000DF4F288139814A815B81C65ED040209312
:107F50003714309338144093391450933A14CA5E4E
:107F6000DE4F3881C651D14030933B14C650DF4FAD
:107F70004881CA5FD04040933C14C557DF4F1983F6
:107F80000883CB58D040C25FDE4FE881F981CE50E4
:107F9000D140EF56FB4F9681992321F0F101EB5927
:107FA000FF4F908100913F13109140132091411396
:107FB00030914213CA51DF4F088319832A833B83D0
:107FC000C65ED04010914D13CE50DF4F1883C25F74
:107FD000D04080914C1320913E13222331F09923FD
:107FE00021F0811102C0111127C420E0C12CD12C35
:107FF000760110E000E090E090933D1400933E1471
:1080000010933F14C0924014D0924114E092421455
:10801000F0924314CA51DF4FC880D980EA80FB80B8
:10802000C65ED040C0924414D0924514E0924614EB
:10803000F09247148093481420934914CE50DF4F98
:10804000D880C25FD040D0924A14C057DF4F988387
:10805000C059D040C157DF4F0883CF58D040C257D6
:10806000DF4F1883CE58D040B9CBC65FDE4F1882A1
:1080700019821A821B82CA50D140DCCEF101E05A2B
:10808000FF4FD080C15EDE4FD882CF51D1403C96A9
:10809000E080F18002811381CE5DDE4FE882F982BB
:1080A0000A831B83C252D1408091F1129091F21247
:1080B000A091F312B091F412892B8A2B8B2B91F49F
:1080C000411451046104710409F46CC3342D252D4D
:1080D000962D872D3093F1122093F2129093F31284
:1080E0008093F4128091ED129091EE12A091EF1214
:1080F000B091F0124AE0842E47ED942E43EAA42E6C
:108100004CE3B42E0097A105B10559F1930182010A
:10811000081B190B2A0B3B0BC901B8010E940B6D00
:1081200020E030E04AE754E40E94E16E4B015C013C
:108130002FE632E143E85AE30E94066D87FD37C31C
:108140002DEC3CEC4CEC5DE3C501B4010E946A707F
:1081500018163CF45DEC852E5CEC952EA92C5DE3A5
:10816000B52E4092ED125092EE126092EF12709284
:10817000F012C15EDE4FD880CF51D140DD2009F42E
:108180002CC30E945A29CA51DF4F688379838A839E
:108190009B83C65ED04020E030E0A901CE5FDE4F79
:1081A000688179818A819B81C250D1400E94066D8D
:1081B000882309F412C3A5019401CE5FDE4F6881C4
:1081C00079818A819B81C250D1400E946C6D20E0F0
:1081D00030E040E752E40E94E16E6B017C01AC01AB
:1081E0009B010E945E6E2BED3FE049E450E40E944B
:1081F0006C6DCA51DF4F288139814A815B81C65E2F
:10820000D0400E946C6DCA51DF4F688379838A83A6
:108210009B83C65ED040A70196016091E9127091E0
:10822000EA128091EB129091EC120E945E6E6093C4
:10823000E9127093EA128093EB129093EC12E090A3
:10824000A412F090A5120091A6121091A712CA5E76
:10825000DE4FE882F9820A831B83C651D140C09069
:10826000A012D090A112E090A212F090A31200915F
:10827000C2121091C3122091C4123091C512CA5D6E
:10828000DE4F088319832A833B83C652D140209155
:10829000A8123091A9124091AA125091AB12C65D5A
:1082A000DE4F288339834A835B83CA52D140409191
:1082B000AC125091AD126091AE127091AF12C55ECA
:1082C000DE4F488359836A837B83CB51D140209111
:1082D000E5123091E6124091E7125091E812CA512E
:1082E000DF4F688179818A819B81C65ED0400E9480
:1082F0005E6ECE50DF4F6883C25FD040C65FDE4FF8
:108300007883CA50D1408C0120E030E0A9010E945E
:10831000066D87FD55C2CA5EDE4F288139814A81CC
:108320005B81C651D140CA01B9010E946C6DCA5E21
:10833000DE4F688379838A839B83C651D140A7012E
:108340009601C701B6010E946C6D9B01AC01CA5E2B
:10835000DE4F688179818A819B81C651D1400E941C
:108360005D6E6B017C0120E030E040E850E4CA5DC6
:10837000DE4F688179818A819B81C652D1400E94FB
:108380006C6DC65DDE4F288139814A815B81CA529E
:10839000D1400E946C6D9B01AC01C701B6010E94E7
:1083A0006C6D6B017C01C55EDE4F288139814A818D
:1083B0005B81CB51D140CA01B9010E946C6D9B0118
:1083C000AC01C701B6010E94E16E6B017C01CE5089
:1083D000DF4F2881C25FD040C65FDE4F3881CA5070
:1083E000D140A8010E94066D87FF0BC0CE50DF4F21
:1083F000C882C25FD040C65FDE4FD882CA50D1402B
:108400008701CE50DF4F8881C25FD040C65FDE4F0C
:108410009881CA50D140D8018093E5129093E6121A
:10842000A093E712B093E81220E030E0A901CA510E
:10843000DF4F688179818A819B81C65ED0400E942E
:10844000066D881F8827881FCA5EDE4F8883C65145
:10845000D1400E945A29C65FDE4F688379838A83A0
:108460009B83CA50D1402091B0123091B1124091FB
:10847000B2125091B312CE5DDE4F688179818A814C
:108480009B81C252D1400E945D6E6B017C01AC01A8
:108490009B01C501B4010E946C6D2091E1123091E5
:1084A000E2124091E3125091E4120E945E6ECE50AF
:1084B000DF4F688379838A839B83C25FD04020E04B
:1084C00030E040E050EC0E94066D87FD94C120E052
:1084D00030E040E050E4CE50DF4F688179818A81FE
:1084E0009B81C25FD0400E946A70181664F460E0FD
:1084F00070E080E090E4CE50DF4F688379838A8318
:108500009B83C25FD0402BED3FE049EC50E4C65F57
:10851000DE4F688179818A819B81CA50D1400E9457
:108520006C6DC55EDE4F688379838A839B83CB51F4
:10853000D1408090CA129090CB12A090CC12B090F3
:10854000CD122091B4123091B5124091B6125091D3
:10855000B712C701B6010E946C6DC251DF4F28816E
:10856000CE5ED040C650DF4F3881CA5FD040CA5F70
:10857000DE4F4881C650D140C250DF4F5881CE5F98
:10858000D0400E945E6E6B017C012091B812309148
:10859000B9124091BA125091BB12CE50DF4F688190
:1085A00079818A819B81C25FD0400E946C6D9B0162
:1085B000AC01C701B6010E945E6E6B017C0120E038
:1085C00030E0A9010E94066D87FD22C1A50194013A
:1085D000C55EDE4F688179818A819B81CB51D14014
:1085E0000E946C6D20E030E040E752E40E94E16EB2
:1085F000962EA72EB82E192F9601A7010E94066D60
:1086000087FF04C0C92CDA2CEB2CF12E20E030E0DF
:1086100040E752E4B601C7010E946C6DC55EDE4FB3
:10862000288139814A815B81CB51D1400E94E16E22
:108630009B01AC011F921F921F921F927F926F921B
:108640005F924F92AA24A394C15EDE4FC880CF519F
:10865000D140CE5FDE4FE880F9800A811B81C25095
:10866000D14069EF72E1CE0101960E944710CB889C
:10867000C251DF4FC882CE5ED0408D809E80AF80D9
:10868000B88409891A89DE88C650DF4FD882CA5F4C
:10869000D0400FB6F894DEBF0FBECDBF8D898111DB
:1086A00012C0CC2081F0CE50DF4F488159816A81C1
:1086B0007B81C25FD0404093E1125093E2126093FD
:1086C000E3127093E4128091BC128017110611F02E
:1086D0000CF0A8C0C15EDE4FD880CF51D140DD2064
:1086E000B1F02DEC3CEC4CE45EE3C501B4010E941A
:1086F0006C6D9B01AC01CE5FDE4F688179818A8110
:108700009B81C250D1400E94066D87FF8BC0809133
:10871000F5129091F612A091F712B091F812892BF0
:108720008A2B8B2B91F4411451046104710409F4D8
:1087300074C0342D252D962D872D3093F51220935E
:10874000F6129093F7128093F8128091F51290919F
:10875000F612A091F712B091F81273016201C81AD3
:10876000D90AEA0AFB0A4091C0125091C11270E086
:1087700060E081E0C416D506E606F70608F480E05E
:10878000282FC090E912D090EA12E090EB12F090FE
:10879000EC124091E5125091E6126091E71270914F
:1087A000E81285CB31E020E090E080E093CC3FE61A
:1087B000832E32E1932E33E8A32E3AE3B32ED1CCAD
:1087C000CE50DF4F1882C25FD040C65FDE4F1882A6
:1087D000CA50D14000E010E014CECA5EDE4F1882CD
:1087E000C651D140CA51DF4F188219821A821B82AA
:1087F000C65ED0402ECE80E090E0A0E0B0ECCE503F
:10880000DF4F88839983AA83BB83C25FD0407BCE2E
:10881000C12CD12CE12CF12CF9CE31E020E090E0FC
:1088200080E08BCF1092F5121092F6121092F71290
:108830001092F81220E0A5CF20913013309131131F
:108840004091321350913313C251DF4F2883398343
:108850004A835B83CE5ED040CA01B9010E945E6E3E
:108860004B015C01409134135091351360913613E4
:1088700070913713C650DF4F488359836A837B83D7
:10888000CA5FD040A7019601C650DF4F6881798149
:108890008A819B81CA5FD0400E946C6DA5019401C2
:1088A0000E94D06F6B017C0120E030E0A9010E94A2
:1088B000066D87FF08C0A5019401C701B6010E949B
:1088C0005E6E6B017C01A7019601C251DF4F68818A
:1088D00079818A819B81CE5ED0400E946A7087FF39
:1088E00008C0A7019601C501B4010E945D6E6B012D
:1088F0007C01F101E959FF4F0081CA5FDE4F088317
:10890000C650D14031971081C250DF4F1883CE5FDF
:10891000D04001E0A7019601CA51DF4F68817981FB
:108920008A819B81C65ED0400E94066D18160CF4A9
:1089300000E08090381390903913A0903A13B090D3
:108940003B13CA51DF4F288139814A815B81C65E62
:10895000D040C701B6010E945D6E9B01AC015F77FC
:10896000CE5FDE4F288339834A835B83C250D14078
:10897000A501940160E070E080E09FE30E94E16E59
:108980009B01AC01CE5FDE4F688179818A819B813A
:10899000C250D1400E946A7087FD2DC08091431360
:1089A00090914413A0914513B0914613B301A201D5
:1089B000481B590B6A0B7B0BDB01CA010297A1050F
:1089C000B105C8F0A7019601CA51DF4F68817981CE
:1089D0008A819B81C65ED0400E94066D18166CF09D
:1089E000CA5FDE4F1881C650D14060E070E080E879
:1089F0009FE3112369F010E02AC0C250DF4F1881B5
:108A0000CE5FD0401111F7CF60E070E080E89FEBBF
:108A1000A50194010E94E16ECA51DF4F288139817E
:108A20004A815B81C65ED0400E945E6E60933F13B8
:108A300070934013809341139093421340924313D9
:108A400050924413609245137092461311E0C65041
:108A5000DF4F288139814A815B81CA5FD040C25192
:108A6000DF4F688179818A819B81CE5ED0400E94F0
:108A70005D6ECE5FDE4F688379838A839B83C250AD
:108A8000D14020913F1330914013409141135091B8
:108A90004213CA51DF4F288339834A835B83C65E02
:108AA000D040C650DF4F688179818A819B81CA5F3F
:108AB000D0400E94066D87FF17C0CA51DF4F288142
:108AC00039814A815B81C65ED040CE5FDE4F6881CE
:108AD00079818A819B81C250D1400E946A701816A8
:108AE0001CF481E080934B1380914B13882309F48D
:108AF0005CC0A501940160E070E080E89FE30E9403
:108B0000E16E4B015C01A7019601C650DF4F688101
:108B100079818A819B81CA5FD0400E946A7087FDFB
:108B200015C0C250DF4F3881CE5FD04031110EC02A
:108B3000CA51DF4F288139814A815B81C65ED040AE
:108B4000C501B4010E946A7087FF73C0CE5FDE4F1B
:108B5000288139814A815B81C250D140C701B60169
:108B60000E946A7087FD21C0CA5FDE4F4881C650EF
:108B7000D14041111AC0A5019401C251DF4F688153
:108B800079818A819B81CE5ED0400E945D6E9B017F
:108B9000AC01CA51DF4F688179818A819B81C65EB1
:108BA000D0400E946A7087FF44C010924713109211
:108BB00048131092491310924A13C250DF4F588144
:108BC000CE5FD040552341F010923F1310924013D6
:108BD0001092411310924213CA5FDE4F6881C65053
:108BE000D140662381F0C251DF4F88819981AA81EB
:108BF000BB81CE5ED04080933F1390934013A093EF
:108C00004113B093421380914C1391E09827209127
:108C10003F13309140134091411350914213CA5178
:108C2000DF4F288339834A835B83C65ED04021E0CF
:108C3000E3C98091471390914813A0914913B091D3
:108C40004A13892B8A2B8B2B89F44114510461041C
:108C5000710451F1342D252D962D872D3093471316
:108C6000209348139093491380934A13809147139C
:108C700090914813A0914913B0914A13B301A201F6
:108C8000481B590B6A0B7B0B80913C1390913D1351
:108C9000B0E0A0E0481759076A077B0708F48DCFBA
:108CA00081E080934C1389CF31E020E090E080E0B8
:108CB000D5CFCA51DF4F1882C65ED0400C94173C06
:108CC000C12CD12C90E8E92E9EE3F92E0C94203D86
:108CD0008FE6C82E82E1D82E83E8E82E8AE3F82EAC
:108CE0000C94203DC12CD12CAAEFEA2EA3ECFA2E35
:108CF000A9C181E00C94EE3D81E0DAC184859585BF
:108D0000A685B785A3019201281B390B4A0B5B0B83
:108D1000DA01C901803C944DA140B10508F4F5C1C8
:108D20002481358146815781C651DF4FA881B981A1
:108D3000CA5ED04019966D917D918D919C911C9742
:108D40000E945D6E20E030E040E850E40E94066D35
:108D500087FF09C08091BD119091BE1180619093F1
:108D6000BE118093BD11F801108ACFC1D801509671
:108D70001C92CBC1F80184859585A685B785A30192
:108D80009201281B390B4A0B5B0BDA01C9018036B3
:108D90009A4EA105B10508F4E8C1248135814681C8
:108DA0005781C651DF4FA881B981CA5ED04019965C
:108DB0006D917D918D919C911C970E945D6E20E03C
:108DC00030E040E051E40E946A7087FD09C0809164
:108DD000BD119091BE1180629093BE118093BD1120
:108DE000F801118AC2C1D80151961C92BEC1C12C92
:108DF000D12C760182C2C12CD12CE12CF12CF3C2F2
:108E0000CA50DF4FC880C65FD040C251DF4FD88004
:108E1000CE5ED040C650DF4FE880CA5FD040CA5F08
:108E2000DE4FF880C650D140DEC2C12CD12C50E8B4
:108E3000E52E5FE3F52EC250DF4FC882D982EA8269
:108E4000FB82CE5FD040F0C2E12CF12C00E010E0BC
:108E500003C4111123C040926113509262136092B7
:108E6000631370926413109265131092661310923C
:108E700067131092681322E020935F13109272130D
:108E80001092731310927413109275131092691349
:108E900010926A1310926B1310926C1310915F135F
:108EA000113011F00C94C92E882311F40C94642D08
:108EB00082E080935F13409261135092621360923C
:108EC00063137092641310926513109266131092DC
:108ED0006713109268131092691310926A1310921C
:108EE0006B1310926C1310927213109273131092F2
:108EF000741310927513E091601312E040E050E09B
:108F0000BA0120E080E091E00C94FC2D1111C6CF55
:108F100040926113509262136092631370926413D3
:108F200010926513109266131092671310926813D3
:108F300021E020935F1390937113B0CF10938D13A2
:108F400010928E130C94743081E0043009F480E0A8
:108F5000C650DF4F1882CA5FD0400C946E3381E058
:108F60008127826000E00C94582AC651DF4F0881A7
:108F7000CA5ED040063698F700E00C94AD2ACA507D
:108F8000DF4F2881C65FD04021110C94AD3D0C9479
:108F90009D3DCA50DF4F3881C65FD040332311F466
:108FA0000C94E23D892B11F00C94E23DC651DF4F49
:108FB000A881B981CA5ED04019962D913D914D91FD
:108FC0005C911C97C501B4010E945D6E4B015C0170
:108FD000F801228933894489558966897789808D8A
:108FE000918D0E945D6E23E333E343EB5EE30E94C9
:108FF0006C6DA50194010E945E6EA70196010E940E
:109000006C6DD8012D913D914D915C910E945E6EE9
:109010006B017C0120E030E04AEF53EC0E94066DCA
:1090200087FD60CE20E030E04AEF53E4C701B6018F
:109030000E946A70181634F4C12CD12CBAEFEB2EB2
:10904000B3E4FB2EF801C082D182E282F382A50153
:109050009401C501B4010E945E6E4B015C012AE0DF
:1090600037ED43EA5DE3C701B6010E946C6D9B01D9
:10907000AC01C501B4010E945E6E6B017C0120E071
:1090800030E0A9010E94066D87FD33CE20E030E07C
:1090900048EC52E4C701B6010E946A7018160CF041
:1090A0002BCE81E0C12CD12CF8ECEF2EF2E4FF2E78
:1090B000D8015296CD92DD92ED92FC92559788237D
:1090C00009F454CE20E030E040E252E4C701B6019A
:1090D0000E946A7087FD4ACEF801808981110ECE08
:1090E00021E0208B4486558666867786C651DF4F01
:1090F000E881F981CA5ED04081859285A385B485D7
:10910000F80184839583A683B783C251DF4FB8816A
:10911000CE5ED040B11167CEC651DF4FE881F981F4
:10912000CA5ED0408585882309F45DCED80151966A
:109130008C91519781111ECEE1E05196EC9351979D
:109140001C964D925D926D927C921F97C651DF4F97
:10915000E881F981CA5ED04081859285A385B48576
:10916000F80184839583A683B7838091BD11909184
:10917000BE11009719F0C12CD12C7601CA5FDE4FC9
:10918000E881F981C650D140C192D192E192F19229
:10919000CA5FDE4FF983E883C650D140892B19F0AE
:1091A000F9E0F093E310065E1F4FC651DF4F2881B0
:1091B0003981CA5ED040265F3F4FC651DF4F3983A9
:1091C0002883CA5ED040C65FDE4FC880D980CA50AF
:1091D000D140C216D30611F00C94CC3C80E1EEE4F1
:1091E000F2E0DE01AA55BF4F01900D928A95E1F79A
:1091F000D090E310CE5FDE4FD882C250D14004E061
:10920000D09EF0011124E150FC4F1081CA50DF4F75
:109210001883C65FD040C180C251DF4FC882CE5E86
:10922000D040D280C650DF4FD882CA5FD040E380A2
:10923000CA5FDE4FE882C650D14080E1EEE4F2E042
:10924000DE01AA56BF4F01900D928A95E1F78E017B
:109250000F5F1F4F8CE4D8011D928A95E9F7C65124
:10926000DF4F19830883CA5ED040FE01EA56FF4FE4
:10927000CE50DF4FF983E883C25FD04026EB30E069
:109280002C0F3D1F205F3F4FC65FDE4F3983288381
:10929000CA50D1401F01C25FDE4F19830883CE50F0
:1092A000D140812C912C5401C250DF4FA881B9814B
:1092B000CE5FD040CD90DD90ED90FD90C250DF4F5D
:1092C000B983A883CE5FD04020E030E0A901C70178
:1092D000B6010E94066D87FD8ACD20E030E048ECA3
:1092E00052E4C701B6010E946A70181634F4C12C0A
:1092F000D12CE8ECEE2EE2E4FE2EC25FDE4FE881D8
:10930000F981CE50D140C192D192E192F192C25FE7
:10931000DE4FF983E883CE50D140D1012D913D91AC
:109320004D915D911D01C701B6010E946C6D20E059
:1093300030E048EC52E40E94E16E9B01AC01C501B3
:10934000B4010E945E6E4B015C01C65FDE4FC880B7
:10935000D980CA50D140C250DF4FE880F980CE5F3B
:10936000D040CE14DF0409F09FCF20E030E0A90107
:10937000CA50DF4F6881C65FD040C251DF4F78814D
:10938000CE5ED040C650DF4F8881CA5FD040CA5FF2
:10939000DE4F9881C650D1400E94066D87FD2BCDCF
:1093A00020E030E04AEF53E4CA50DF4F6881C65FE7
:1093B000D040C251DF4F7881CE5ED040C650DF4FE3
:1093C0008881CA5FD040CA5FDE4F9881C650D140C5
:1093D0000E946A7018160CF013CDC12CD12C6AEFC4
:1093E000E62E73E4F72E9601A701C501B4010E9491
:1093F0006A7018160CF019CD20E030E0A901C50103
:10940000B4010E946A7018160CF00FCDA5019401EA
:10941000B601C7010E94E16EC250DF4F68837983B5
:109420008A839B83CE5FD0409E012B5B3F4FC65FFC
:10943000DE4F39832883CA50D140180130E1230E12
:10944000311C812C912C5401C651DF4FA881B98168
:10945000CA5ED040CD90DD90ED90FD90C651DF4FBB
:10946000B983A883CA5ED040C25FDE4FC882D9826A
:10947000EA82FB82CE50D140C250DF4F2881398131
:109480004A815B81CE5FD040C701B6010E946C6DFE
:109490006B017C01C651DF4FE881F981CA5ED04083
:1094A000C486D586E686F786AC019B01C25FDE4F97
:1094B000688179818A819B81CE50D1400E945D6E06
:1094C000C651DF4FA881B981CA5ED0405C966D93CA
:1094D0007D938D939C935F9711E02AE037ED43E2F3
:1094E0005CE30E946A7018160CF010E0C65FDE4F55
:1094F000E881F981CA50D1401193C65FDE4FF983EC
:10950000E883CA50D140CE50DF4FA881B981C25FF5
:10951000D0402D913D914D915D91CE50DF4FB9835B
:10952000A883C25FD040C701B6010E946C6D20E0E5
:1095300030E048EC52E40E94E16E9B01AC01C501B1
:10954000B4010E945E6E4B015C01C651DF4FC880C2
:10955000D980CA5ED0402C143D0409F075CF259601
:109560008CAE9DAEAEAEBFAE25978CE4FE013196BB
:10957000A5E5B4E101900D928A95E1F71092D6131A
:109580001092D7131092D8131092D913C301B201BD
:1095900020ED37E040E050E00E94E5704B015C01B7
:1095A000C651DF4F1882CA5ED040D090D513C2504A
:1095B000DF4FD882CE5FD0408D2DC651DF4FE8807F
:1095C000CA5ED0408E0D8370282E312CF101EE0F33
:1095D000FF1FEE0FFF1FEB59FB4EE080F180028171
:1095E00013812AE1229DF001239DF00D1124E959F8
:1095F000FE4EC080CE50DF4FC882C25FD040D180C7
:10960000C25FDE4FD882CE50D140C280D38020E0EE
:1096100030E0A901B701C8010E94066D87FD14CC96
:10962000CE50DF4F2881C25FD040C25FDE4F38810D
:10963000CE50D140A601B701C8010E946A70181629
:109640005CF4CE50DF4FE880C25FD040C25FDE4F97
:10965000F880CE50D14086012AE1229DC001239D91
:10966000900D11248D519F4EFC01E857FF4FA7012B
:10967000B80140835183628373838E589F4FDC010E
:109680004D915D916D917C91CE50DF4F4883598310
:109690006A837B83C25FD04020E030E0A901B7013C
:1096A000C8010E946A701816B4F420E030E04AEF56
:1096B00054E4B701C8010E946C6D20E030E048EC32
:1096C00052E40E94E16E0E94966F21E08616970692
:1096D000A806B90608F020E0F101EE0FFF1FEE0F1B
:1096E000FF1FEB57FB4ECE50DF4FC880D980EA807A
:1096F000FB80C25FD040C082D182E282F382F1015E
:10970000E356FB4E2083222309F446C0F101EE0FFD
:10971000FF1FEE0FFF1F96EAE92EF12CEC0EFD1E47
:10972000EE0DFF1D20813181428153816091D6135E
:109730007091D7138091D8139091D9130E945E6EC7
:109740006B017C01AC019B01CA50DF4F6881C65F91
:10975000D040C251DF4F7881CE5ED040C650DF4F3F
:109760008881CA5FD040CA5FDE4F9881C650D14021
:109770000E946A7087FD10C0E2E8F0E0EC0FFD1F68
:10978000E20DF31D01E0008BC092D613D092D713E7
:10979000E092D813F092D913C651DF4F1881CA5EF8
:1097A000D0401F5FC651DF4F1883CA5ED0401430CF
:1097B00009F0FBCEC250DF4FC880CE5FD0408C2D69
:1097C00090E00196837099278093D5138091A01320
:1097D000FE01EE57FF4F8823E9F0CE5FDE4FD880C1
:1097E000C250D140D11016C084E1DF011D928A958C
:1097F000E9F7CE5EDE4F19821882C251D140C65EB3
:10980000DE4F1882CA51D1400FEFCA51DF4F088393
:10981000C65ED040CA51DF4F1881C65ED04010935B
:10982000E213C65EDE4FD880CA51D140D282CE5EEE
:10983000DE4FE880F980C251D140F086E78213877D
:109840007F926F925F924F920DB71EB7045111092C
:109850000FB6F8941EBF0FBE0DBFADB7BEB71196C1
:1098600084E173C120E030E040E85FE3C651DF4FA0
:10987000688179818A819B81CA5ED0400E946A702A
:10988000DD24D39487FF02C00C94982C23E333E3A8
:1098900043EB5EE3C651DF4F688179818A819B810A
:1098A000CA5ED0400E946C6D9B01AC01CA51DF4F73
:1098B000688179818A819B81C65ED0400E94066D55
:1098C000DD24D39487FD02C00C94982C809159120A
:1098D00090915A12A0915B12B0915C12892B8A2B45
:1098E0008B2B99F4411451046104710411F40C940C
:1098F000B02C342D252D962D872D30935912209381
:109900005A1290935B1280935C128091591290913D
:109910005A12A0915B12B0915C120097A105B1059B
:1099200011F40C94B62C83017201E81AF90A0A0B9F
:109930001B0BCA50DF4FE882F9820A831B83C65F84
:10994000D0401F921F921F921F927F926F925F9240
:109950004F92CA51DF4FE880F9800A811B81C65EB1
:10996000D040C651DF4F288139814A815B81CA5E70
:10997000D04061E672E1CE0101960E9447108090CE
:10998000511290905212A0905312B09054120FB6F0
:10999000F894DEBF0FBECDBF20E030E040E85FE3CB
:1099A000C651DF4F688179818A819B81CA5ED04030
:1099B0000E946A7087FF02C0DD24D39420E030E06B
:1099C00040E85FE3C651DF4F688179818A819B81DE
:1099D000CA5ED0400E946A7087FD0EC081E0CA5006
:1099E000DF4F288139814A815B81C65FD0402C3DA1
:1099F00035404105510508F480E0ED80FE800F817F
:109A00001885E989FA892E899C89CA51DF4F4881D6
:109A100059816A817B81C65ED04040930014509387
:109A200001146093021470930314809204149092B2
:109A30000514A0920614B0920714D09208148093D3
:109A40000914CA50DF4F488159816A817B81C65F02
:109A5000D04040930A1450930B1460930C147093ED
:109A60000D14E0920E14F0920F1400931014109342
:109A70001114F0931314E093121420931414909380
:109A8000151481E080938913C651DF4F39822882F3
:109A9000CA5ED040F10195E021E0882329F0858558
:109AA000882311F08685822791503A969111F5CF3F
:109AB00080938913D101DD964D915C91DE97DB9601
:109AC0006D917C91DC97DF962C91CE0184599F4F4C
:109AD0000E942C03F101D080D1100C94C02C0E9464
:109AE000BE0210920B111092E8101092E710109223
:109AF0001D118EE191E10E942D101092901381E0D2
:109B00008093911310928D1310928E130E94BB04B8
:109B1000B1018AE00E94BE18FE01EE57FF4F84E1BA
:109B2000DF01C82E1D92CA94E9F77F926F925F926F
:109B30004F920DB71EB7045111090FB6F8941EBF0E
:109B40000FBE0DBFADB7BEB7119601900D928A95AD
:109B5000E1F7C05EDE4F88819981C052D1400E94FA
:109B60006D070FB6F894DEBF0FBECDBFC05EDE4FEF
:109B700088819981C052D140C35DDE4F0FB6F89401
:109B8000DEBF0FBECDBFDF91CF911F910F91FF9030
:109B9000EF90DF90CF90BF90AF909F908F907F908D
:109BA0006F905F904F903F902F900895043011F484
:109BB0000C94E238C65EDE4F1882CA51D1400C9434
:109BC000BD3320E030E0A901CE50DF4F68817981BC
:109BD0008A819B81C25FD0400E946A70C251DF4F70
:109BE000C882CE5ED040C650DF4FE882CA5FD04008
:109BF000CA5FDE4FF882C650D140C250DF4F188393
:109C0000CE5FD040181614F40C94A03A0C94943AF9
:109C10000C94C8710C94C8710C94C871CF92DF92E7
:109C2000EF92FF920F931F93CF93DF938C01EB0181
:109C300089E00E94BB21882381F020E030E0A90167
:109C400060914110709142108091431090914410A6
:109C50000E946A7018160CF49FC08FB7F894409158
:109C6000000E5091010E6091020E7091030E8FBF95
:109C7000C880D980ED80FE8084E10E94DB080197D6
:109C800069F486E10E94DB08019741F485E10E94B6
:109C9000DB08019719F487E10E94DB08CD2881F4E5
:109CA000EF2871F410920C02109207021092080231
:109CB0001092090210920A021092020210920102FE
:109CC00030E020E040E264E085E00E94F81F60E0C0
:109CD00080E20E940409F8011382128261E08AE2A4
:109CE0000E94040961E0F80182819381892B09F4C3
:109CF00060E08EE20E940409F80182819381892B41
:109D000049F480912001877F8093200160E08CE2FC
:109D10000E94040930E020E042E261E286E00E9415
:109D2000F81F60E082E20E9404092F81388544E236
:109D300063E287E00E94CD1F29853A8546E265E20D
:109D400088E00E94CD1F6B8570E089E00E946E095B
:109D50006D8588E20E9404096E8589E20E940409EB
:109D60006C8587E20E94040960E08AE00E94040991
:109D700060E08BE00E94040960E08CE00E9404092E
:109D800060E08DE0DF91CF911F910F91FF90EF90F8
:109D9000DF90CF900C94040988819981892B09F474
:109DA0005CCF86E30E94450A86E30E94450A55CFB0
:109DB0002F923F924F925F926F927F928F929F92DB
:109DC000AF92BF92CF92DF92EF92FF920F931F93C9
:109DD000CF93DF93CDB7DEB7C758D2400FB6F89414
:109DE000DEBF0FBECDBF8FB7F8944090000E5090ED
:109DF000010E6090020E7090030E8FBF8DE30E94E3
:109E0000DB089C0191E02130310509F090E04091A0
:109E1000EC0D80E02130310521F48091AD0E21E080
:109E200082279093AD0E41111BC41092AE0E40924A
:109E3000A90E5092AA0E6092AB0E7092AC0E809159
:109E4000AC0A9091AD0AA091AE0AB091AF0AA301FD
:109E50009201281B390B4A0B5B0BDA01C9014497AD
:109E6000A105B10508F46EC00E945C0A6B017C017B
:109E7000F894AC019B0163E57AE087E19BE00E94E6
:109E80002E0CA70196016AEF79E08FED9AE00E940F
:109E90002E0CA701960161EA79E08DEF9AE00E940D
:109EA0002E0CA701960168E479E085EC9AE00E9407
:109EB0002E0C78948091170B9091180BA091190B90
:109EC000B0911A0B80932D0B90932E0BA0932F0B18
:109ED000B093300B8091DF0A9091E00AA091E10AE3
:109EE000B091E20A8093DB0A9093DC0AA093DD0A2A
:109EF000B093DE0A8091FD0A9091FE0AA091FF0ABC
:109F0000B091000B8093130B9093140BA093150B3F
:109F1000B093160B8091C50A9091C60AA091C70A0A
:109F2000B091C80A8093C10A9093C20AA093C30A51
:109F3000B093C40A4092AC0A5092AD0A6092AE0A45
:109F40007092AF0A8091B90A9091BA0AA091BB0AA7
:109F5000B091BC0AA3019201281B390B4A0B5B0B81
:109F6000DA01C9018A3F9105A105B10508F464C071
:109F70008091B80AF89434E0839F10011124F10114
:109F8000E055F54F80809180A280B38010821182CD
:109F90001282138278941AE081111BE0812F0E94B3
:109FA000BB21882309F46EC348E1149FF0011124FA
:109FB000E155F14FC088D188E288F38820E030E095
:109FC000A901C701B6010E946A7018160CF05AC3A5
:109FD000C501B4010E940B6D20E030E040E752E47F
:109FE0000E946C6D4B015C0120E030E040E85EE3D4
:109FF000C701B6010E946C6D9B01AC01C501B401A3
:10A000000E94E16EF101EB50F54F60837183828312
:10A0100093838091B80A91E089278093B80A609170
:10A02000B80A81E30E9404094092B90A5092BA0A20
:10A030006092BB0A7092BC0A8091BD0A9091BE0AE0
:10A04000A091BF0AB091C00AA3019201281B390B4D
:10A050004A0B5B0BDA01C9018A3F9105A105B105E5
:10A0600008F1F12CE12CAAE0DA2EDE9CC001DF9C85
:10A07000900D1124930182014E2D6DE072E08F5CF2
:10A08000944F0E94C5283FEFE31AF30A45E0E41617
:10A09000F10459F74092BD0A5092BE0A6092BF0A7D
:10A0A0007092C00AE6E0F2E0EC0FFD1F389689E6F8
:10A0B000DF011D928A95E9F781E0CE5ADD4F888352
:10A0C000C255D24040E050E061EE74E4CC5ADD4F1E
:10A0D000488359836A837B83C455D240C85ADD4F75
:10A0E000488359836A837B83C855D240C45ADD4F65
:10A0F0008883CC55D240C35ADD4F8883CD55D2409A
:10A10000C25ADD4F8883CE55D240C15ADD4F888375
:10A11000CF55D24040E050E060EC70E4CF59DD4FC5
:10A12000488359836A837B83C156D240CB59DD4F24
:10A130008883C556D240CA59DD4F8883C656D2405F
:10A1400040E050E060E471E4C959DD4F4883598331
:10A150006A837B83C756D240C559DD4F8883CB566F
:10A16000D240C259DD4F8883CE56D240CA58DD4F07
:10A170008883C657D24084E10E94DB0822242394BE
:10A18000019709F0212C85E10E94DB0833243394E8
:10A19000019709F0312C86E10E94DB08AA24A394E0
:10A1A000019709F0A12C87E10E94DB08BB24B3943E
:10A1B000019709F0B12C8091E410811167C2D12C74
:10A1C00082E40E94DB087C018BE20E94DB088C01A8
:10A1D00088E10E94DB089C01CA5FDD4F2882C650DF
:10A1E000D240C95FDD4F3882C750D240C85FDD4FD3
:10A1F000A882C850D240C75FDD4FB882C950D24054
:10A20000C65FDD4FD882CA50D24091E0EA94EF2871
:10A2100009F090E0C55FDD4F9883CB50D24091E0CC
:10A22000012B09F090E0C45FDD4F9883CC50D24001
:10A23000C35FDD4F1882CD50D24091E0213031050F
:10A2400009F090E0C25FDD4F9883CE50D24021E309
:10A250003BE0CE018A5F9D4FBC016E5C7F4F4AE0C0
:10A26000F901DC01199601900D924A95E1F7265FFC
:10A270003F4F0A966817790791F788E30E94450ACD
:10A28000CF5BDD4F99838883C154D24089E30E941C
:10A29000450ACD5BDD4F99838883C354D24082E465
:10A2A0000E94DB0821E0019709F020E0CB5BDD4F45
:10A2B0002883C554D24020E030E0A90160914110CC
:10A2C0007091421080914310909144100E946A70E6
:10A2D00018160CF064C286E30E94450ABC01990F6F
:10A2E000880B990B0E940D6D20913D1030913E100E
:10A2F00040913F10509140100E945D6E20E030E090
:10A30000A9010E946A7018160CF034C286E30E94FC
:10A31000450ABC01990F880B990B0E940D6D209185
:10A320003D1030913E1040913F10509140100E94DE
:10A330005D6E209141103091421040914310509138
:10A3400044100E946C6DCA5BDD4F688379838A83F9
:10A350009B83C654D24080912D0B90912E0BA091DF
:10A360002F0BB091300BC65BDD4F88839983AA8396
:10A37000BB83CA54D24080E00E94BB2181118091EE
:10A380001B0BCA58DD4F8883C657D2408091130BF0
:10A390009091140BA091150BB091160BC25BDD4F81
:10A3A00088839983AA83BB83CE54D24082E00E94E3
:10A3B000BB2181118091010BCE5ADD4F8883C2559C
:10A3C000D240CF58DD4F8883C157D240B301A2019C
:10A3D0008FE092E00E94402029833A834B835C8384
:10A3E0006D83CD5ADD4F6883C355D2408091F50A05
:10A3F0009091F60AA091F70AB091F80ACC5ADD4F75
:10A4000088839983AA83BB83C455D2408091F90A7B
:10A410009091FA0AA091FB0AB091FC0AC85ADD4F4C
:10A4200088839983AA83BB83C855D2408AE00E945F
:10A43000BB21C45ADD4F8883CC55D2408BE00E94AB
:10A44000BB21C35ADD4F8883CD55D24080E40E94A2
:10A45000DB0821E0019709F020E0C25ADD4F288394
:10A46000CE55D24083E00E94BB21882341F0209149
:10A47000F10D3091F20D232B11F08091E30AC15AB6
:10A48000DD4F8883CF55D2408091DB0A9091DC0A62
:10A49000A091DD0AB091DE0ACF59DD4F8883998300
:10A4A000AA83BB83C156D2408091FA13C05ADD4FB4
:10A4B0008883C056D24081E40E94DB0821E00197E6
:10A4C00009F020E0CB59DD4F2883C556D24085E006
:10A4D0000E94BB21882341F02091F30D3091F40DAF
:10A4E000232B11F08091C90ACA59DD4F8883C656C3
:10A4F000D2408091C10A9091C20AA091C30AB09142
:10A50000C40AC959DD4F88839983AA83BB83C75680
:10A51000D2408BE30E94DB0821E0892B09F020E088
:10A52000C459DD4F2883CC56D2408CE30E94DB080F
:10A5300021E0892B09F020E0C359DD4F2883CD5657
:10A54000D2408091180CC159DD4F8883CF56D2403C
:10A550008CE00E94BB21C12CD12C7601882341F0D4
:10A56000C090DF0FD090E00FE090E10FF090E20F8D
:10A5700087E30E94450A9250BC01990F880B990B02
:10A580000E940D6DA70196010E946C6DCE58DD4FA3
:10A59000688379838A839B83C257D24088E09EE098
:10A5A0000E94E00A1816190614F00C94945C88E0D6
:10A5B0009EE00E94BE0AE091170C8A3021F08D3097
:10A5C00011F00C94845CEE2349F3F0E0ED59F44F64
:10A5D000108281E7FE01EA5FFD4FDE01AC5DBE4FF8
:10A5E00001900D928A95E1F7CB56DE4F19821882C1
:10A5F000C559D140AE014B565E4F6AEF76E083E617
:10A600009BE00E94606B8C01009739F16AE075E075
:10A610000E945172892B09F0D8C0AE014B565E4F93
:10A620006AEF76E090E080E00E94606B8C0100971A
:10A6300081F063E175E00E945172892B09F4B3C087
:10A6400067E175E0C8010E94517212E0892B09F49C
:10A65000ABC08BE392E00E947E271092170C9ECF36
:10A660009091AE0E992311F0882341F04092A90EEB
:10A670005092AA0E6092AB0E7092AC0E81E0809365
:10A68000AE0EDDCB60E070E0CB01BCCC09EB13E09B
:10A69000823011F006E813E0F801648D758D90E0CA
:10A6A00080E00E940B6D69837A838B839C83D80141
:10A6B0005E966D917C9190E080E00E940B6D6D83C1
:10A6C0007E838F839887F80160A171A190E080E07C
:10A6D0000E940B6D69877A878B879C87D801929639
:10A6E0006D917C9190E080E00E940B6D6D877E877C
:10A6F0008F87988B01E31BE0FE0131964F01D80153
:10A7000014968C911497882309F459CDF401219162
:10A710003191419151914F016D917D918D919C911C
:10A720000E945D6E6B017C0120E030E0A9010E9477
:10A730006A701816A4F420E030E040EA50E4C70143
:10A74000B6010E946A7018160CF439CD065F1F4FCF
:10A75000FBE009351F0799F6D0905D0B31CD20E065
:10A7600030E040EA50ECC701B6010E94066D87FD5B
:10A7700026CDECCF86E30E94450ABC01990F880BD9
:10A78000990B0E940D6D20913D1030913E1040912B
:10A790003F10509140100E945D6E9058CACD60E00D
:10A7A00070E0CB01D0CD11E0812F0E94E702811132
:10A7B00009C0BE016C5D7E4F812F0E945F1A882305
:10A7C00009F447CF1092180C51C06BE175E0C80135
:10A7D0000E945172892B59F4B301A201CE018C5D04
:10A7E0009E4F0E94B919882309F433CF3FC06BE212
:10A7F00075E0C8010E945172892B31F4CE018C5D45
:10A800009E4F0E94831FEFCF61E275E0C8010E9456
:10A810005172892B41F4B301A201CE018C5D9E4F90
:10A820000E94CB1AE0CF65E275E0C8010E94517228
:10A83000892B31F4CE018C5D9E4F0E942D1DD3CF0C
:10A8400063E375E0C8010E945172892B91F48091F5
:10A85000E310843009F0FDCE8091E610843009F0D9
:10A86000F8CE81E08093D3138093180C8CE492E0AF
:10A87000F2CE67E475E0C8010E945172892B71F431
:10A8800081E0C257DE4F8883CE58D140B301A20188
:10A89000CE018C5D9E4F0E94B31CA5CF69E575E08B
:10A8A000C8010E945172892B41F4B301A201CE016B
:10A8B0008C5D9E4F0E94291C82CF6FE675E0C80117
:10A8C0000E945172892B31F4CE018C5D9E4F0E9403
:10A8D000751B89CF68E775E0C8010E945172892B0A
:10A8E000B1F580917D13882309F4B3CEC757DE4FAD
:10A8F0008881C958D140882309F4ABCECE018C5D44
:10A900009E4F0E94B002882309F4A3CEC657DE4FA3
:10A910008881CA58D140882339F0C557DE4F8881D5
:10A92000CB58D140811195CE8091E3108D7F09F0F5
:10A9300090CE8091A01381118CCE80915F138350B3
:10A94000823008F486CE81E0809393138FCF66E83F
:10A9500075E0C8010E945172892B29F48091E6109C
:10A960000E94890240CF6AE875E0C8010E945172D6
:10A97000892B31F4CE018C5D9E4F0E94791922CF34
:10A980006FE875E0C8010E945172892B59F4C65DC9
:10A99000DE4F6881CA52D140CE018C5D9E4F0E942D
:10A9A000691D0DCF65E975E0C8010E945172892BC0
:10A9B00009F0B9C08FEE92E00E94650B80EA95E045
:10A9C0000E94712784EE92E00E94650B4AE060E0ED
:10A9D00070E0CB010E948C278AED92E00E94650B0B
:10A9E00060913D1070913E1080913F109091401009
:10A9F00049E050E00E94F1278FEC92E00E94650B45
:10AA000060914110709142108091431090914410D8
:10AA100049E050E00E94F12785EC92E00E94650B2E
:10AA200049E050E060E070E080E094E40E94F127AB
:10AA30008AEB92E00E94650B49E050E060E070E034
:10AA4000CB010E94F1278CEA92E00E94650B49E05D
:10AA500050E060E070E0CB010E94F1278EE992E0C7
:10AA60000E94650B49E050E060E070E0CB010E947D
:10AA7000F12782E992E00E94650B49E050E060E036
:10AA800070E0CB010E94F12786E892E00E94650BFE
:10AA900049E050E060E070E0CB010E94F12788E7D8
:10AAA00092E00E94650B80E00E94BB21882399F10F
:10AAB0006091BF0E7091C00E8091C10E9091C20E38
:10AAC00046E050E00E94F1278AE692E00E94650B82
:10AAD00082E00E94BB21882311F16091EF0E7091FA
:10AAE000F00E8091F10E9091F20E46E050E00E943F
:10AAF000F12787E592E00E94650B0E943824682FB9
:10AB000070E090E080E04AE00E948C278BEF94E0B8
:10AB10000E947127ABCE60E070E0CB01D1CF60E046
:10AB200070E0CB01E2CF62EB75E0C8010E94517288
:10AB3000892B09F08ECDAE014B565E4F6AEF76E061
:10AB400090E080E00E94606B8C0181E001151105AE
:10AB500009F480E0C958DD4F8883C757D2400115FA
:10AB6000110509F476CD66EB75E0C8010E945172BB
:10AB7000892B09F081C08E010F5F1F4F85E1D8013D
:10AB80001D928A95E9F781E08D8BBE0169587D4F52
:10AB9000CE018B569E4F0E94A96A69837A838B836C
:10ABA0009C83BE0169587D4FCE018B569E4F0E94FB
:10ABB000A96A6D837E838F839887BE0169587D4F14
:10ABC000CE018B569E4F0E94A96A69877A878B8730
:10ABD0009C87BE0169587D4FCE018B569E4F0E94C7
:10ABE000A96A6D877E878F87988BBE0169587D4FD4
:10ABF000CE018B569E4F0E94A96A698B7A8B8B8BF4
:10AC00009C8BC958DD4F8881C757D240882309F4EF
:10AC100020CDC8010E946804882309F41ACD85E17B
:10AC2000F801A7E0B0E101900D928A95E1F76D81FE
:10AC30007E818F8198859F772D853E854F855889A8
:10AC40005F770E945E6E20E030E040E05FE30E94AC
:10AC50006C6DAB01BC0153014201C12CD12CF0E25F
:10AC6000EF2EF1E4FF2E0CEA15EC27E237E388E043
:10AC70000E94146A182F25C36CEB75E0C8010E946E
:10AC80005172892B09F092C08E010F5F1F4F81E234
:10AC9000F80111928A95E9F781E089A3BE0169580C
:10ACA0007D4FCE018B569E4F0E94A96A69837A839D
:10ACB0008B839C83BE0169587D4FCE018B569E4F7E
:10ACC0000E94A96A6D837E838F839887BE0169582D
:10ACD0007D4FCE018B569E4F0E94A96A69877A8765
:10ACE0008B879C87BE0169587D4FCE018B569E4F46
:10ACF0000E94A96A6D877E878F87988BBE016958ED
:10AD00007D4FCE018B569E4F0E94A96A698B7A8B2C
:10AD10008B8B9C8BBE0169587D4FCE018B569E4F0D
:10AD20000E94A96A6D8B7E8B8F8B988FBE016958AC
:10AD30007D4FCE018B569E4F0E94A96A698F7A8FF4
:10AD40008B8F9C8FBE0169587D4FCE018B569E4FD5
:10AD50000E94A96A6D8F7E8F8F8F98A3C958DD4F8F
:10AD60008881C757D240882309F473CCC8010E9458
:10AD70001118882309F46DCC81E2F801ACE1B0E14F
:10AD800001900D928A95E1F7498D5A8D6B8D7C8DDE
:10AD900053014201C12CD12CEAE7EE2EE4E4FE2E51
:10ADA00000E010E020E83FE381E062CF62EC75E074
:10ADB000C8010E945172892B09F089C0BE016958EF
:10ADC0007D4FCE018B569E4F0E94A96A6B017C017C
:10ADD000BE0169587D4FCE018B569E4F0E94A96AD5
:10ADE000C858DD4F688379838A839B83C857D240D4
:10ADF000C958DD4F8881C757D240882309F429CC30
:10AE000020E030E0A901C701B6010E946A7087FD09
:10AE100026C020E030EC4FE754E4C701B6010E94A1
:10AE2000066D1816E4F0C858DD4F688179818A8173
:10AE30009B81C857D2400E94D10B892B81F011E031
:10AE400020E030E0A901C858DD4F688179818A810E
:10AE50009B81C857D2400E946A7018160CF010E00F
:10AE600010937F130E94F20380917F13882309F4CB
:10AE7000F0CBC0923D10D0923E10E0923F10F09285
:10AE80004010C858DD4F288139814A815B81C857FD
:10AE9000D24020934110309342104093431050937E
:10AEA000441053014201C12CD12C40E2E42E41E474
:10AEB000F42E0DEB17E326E835E3C858DD4F488143
:10AEC00059816A817B81C857D24089E0D1CE6AEC32
:10AED00075E0C8010E945172892B09F083C0BE0140
:10AEE00069587D4FCE018B569E4F0E94A96A6B0117
:10AEF0007C01BE0169587D4FCE018B569E4F0E944A
:10AF0000A96AC858DD4F688379838A839B83C857B1
:10AF1000D240C958DD4F8881C757D240882309F4F1
:10AF200098CB20E030E0A901C701B6010E946A7009
:10AF300087FD26C020E030EC4FE754E4C701B6019E
:10AF40000E94066D1816E4F0C858DD4F68817981BB
:10AF50008A819B81C857D2400E94D10B892B81F0F6
:10AF600011E020E030E0A901C858DD4F6881798107
:10AF70008A819B81C857D2400E946A7018160CF0D3
:10AF800010E0109383130E94F203809183138823AF
:10AF900009F45FCBC0924510D0924610E092471062
:10AFA000F0924810C858DD4F88819981AA81BB81F1
:10AFB000C857D2408093491090934A10A0934B10E9
:10AFC000B0934C1053014201C12CD12C30E2E32E3E
:10AFD00031E4F32E0DEB17E326E835E3AC01BD01B8
:10AFE0008DE046CE62ED75E0C8010E945172892B5A
:10AFF00009F0BCC1BE0169587D4FCE018B569E4FF2
:10B000000E94A96A6B017C01BE0169587D4FCE0187
:10B010008B569E4F0E94A96ACC57DD4F6883798377
:10B020008A839B83C458D240BE0169587D4FCE01AC
:10B030008B569E4F0E94A96AC458DD4F688379835E
:10B040008A839B83CC57D240BE0169587D4FCE0185
:10B050008B569E4F0E94A96AC058DD4F6883798342
:10B060008A839B83C058D240BE0169587D4FCE0170
:10B070008B569E4F0E94A96AC858DD4F688379831A
:10B080008A839B83C857D24020E030E040E85FE3EA
:10B0900029A33AA34BA35CA31DA21EA21FA218A61C
:10B0A000C982DA82EB82FC82CC57DD4F888199819C
:10B0B000AA81BB81C458D2408D839E83AF83B88759
:10B0C00020E030E040E253E429873A874B875C87F1
:10B0D00080E090E0A0E4B0E48D879E87AF87B88BD6
:10B0E0008AE999E9A9E9BFE3898B9A8BAB8BBC8B81
:10B0F0008DE28D8B8FEF8E8B80E293E0988F8F8B1C
:10B1000028E532E03A8F298F9C8F8B8F80E090E08A
:10B11000A0E0B0E48D8F9E8FAF8FB8A3C958DD4FEC
:10B120008881C757D240882309F493CA20E030E0D1
:10B1300040E85FE3C458DD4F688179818A819B8153
:10B14000CC57D2400E946A7087FD83CA20E030E06D
:10B1500040E85FE3C058DD4F688179818A819B8137
:10B16000C058D2400E946A7087FD73CA20E030E068
:10B1700040E85FE3C858DD4F688179818A819B810F
:10B18000C857D2400E946A7018160CF062CACE01ED
:10B1900001960E94F516182F80937A13882361F088
:10B1A00001E020E030E0A9016D817E818F819885EA
:10B1B0000E946A7018160CF000E0009379130E9448
:10B1C000F203112309F445CA88E2FE013196ADE489
:10B1D000B0E101900D928A95E1F7C458DD4F888166
:10B1E0009981AA81BB81CC57D2408093C71090939C
:10B1F000C810A093C910B093CA10C058DD4F288161
:10B2000039814A815B81C058D2402093CB10309362
:10B21000CC104093CD105093CE10C858DD4F88818C
:10B220009981AA81BB81C857D2408093DB1090934B
:10B23000DC10A093DD10B093DE1080E090E0A8E871
:10B24000B2E48093B5109093B610A093B710B0936A
:10B25000B8108DEC9CECACEEBFE38093B9109093EA
:10B26000BA10A093BB10B093BC10C858DD4F288112
:10B2700039814A815B81C857D2402093BD103093F9
:10B28000BE104093BF105093C01080EB94E0909399
:10B29000C2108093C11049855A856B857C85530106
:10B2A0004201C12CD12C2AEFE22E23E4F22E00E041
:10B2B00010E020E83FE384E00E94146A811107C097
:10B2C00010E00E94C06A112309F4C3C98FC1C12CC8
:10B2D000D12C90E8E92E95E4F92E0DEC1CEC2CEC29
:10B2E0003DE3CC57DD4F488159816A817B81C45849
:10B2F000D24083E00E94146A882311F30DEC1CEC09
:10B300002CEC3DE3C458DD4F488159816A817B8133
:10B31000CC57D24082E00E94146A882389F20DEC57
:10B320001CEC2CEC3DE3C058DD4F488159816A810B
:10B330007B81C058D24085E00E94146A882309F4BA
:10B34000BFCFC12C80E4D82E8CE9E82E85E4F82EFE
:10B3500000E010E020E83FE3C858DD4F4881598104
:10B360006A817B81C857D24087E082CC6CED75E062
:10B37000C8010E945172892B09F0BAC0AE014B5628
:10B380005E4F6AEF76E090E080E00E94606B8C0197
:10B39000BE0169587D4FCE018B569E4F0E94A96A0F
:10B3A000C858DD4F688379838A839B83C857D2400E
:10B3B0000115110509F161EE75E0C8010E94517295
:10B3C000312C892BF1F06AEE75E0C8010E945172B0
:10B3D000892BA9F060EF75E0C8010E945172B3E0BB
:10B3E0003B2E892B71F067EF75E0C8010E94517206
:10B3F00005E0302E892B29F0AEE03A2E02C012E093
:10B40000312EC958DD4F8881C757D240882309F4AF
:10B4100020C93EE0331609F41CC953014201C12C76
:10B42000D12CF0E8EF2EF5E4FF2E0DEC1CEC2CEC0B
:10B430003DE3C858DD4F488159816A817B81C857F7
:10B44000D240832D0E94146A882309F402C9311066
:10B4500016C0C858DD4F88819981AA81BB81C85721
:10B46000D2408093C3109093C410A093C510B093A2
:10B47000C6100E94C06A0E941824182F24CF92E0A0
:10B48000391211C0C858DD4F288139814A815B814A
:10B49000C857D2402093C7103093C8104093C910AA
:10B4A0005093CA10E6CF33E0331211C0C858DD4FB5
:10B4B00088819981AA81BB81C857D240809351105D
:10B4C00090935210A0935310B0935410D2CFC858F9
:10B4D000DD4F288139814A815B81C857D240209352
:10B4E000CB103093CC104093CD105093CE10C1CFE1
:10B4F0006FEF75E0C8010E945172892B09F079C085
:10B50000BE0169587D4FCE018B569E4F0E94A96A9D
:10B51000C858DD4F688379838A839B83C857D2409C
:10B52000BE0169587D4FCE018B569E4F0E94A96A7D
:10B53000C458DD4F688379838A839B83CC57D2407C
:10B54000C958DD4F8881C757D240882309F481C884
:10B5500053014201C12CD12CE8ECEE2EE2E4FE2E88
:10B560000DEC1CEC2CEC3DE3C858DD4F48815981B3
:10B570006A817B81C857D2408AE00E94146A88237E
:10B5800009F467C80DEC1CEC2CEC3DE3C458DD4F0E
:10B59000488159816A817B81CC57D2408BE00E94DF
:10B5A000146A882309F455C8C858DD4F88819981E9
:10B5B000AA81BB81C857D2408093CF109093D010FE
:10B5C000A093D110B093D210C458DD4F2881398197
:10B5D0004A815B81CC57D2402093D3103093D41052
:10B5E0004093D5105093D6100E94C06A0E949825AF
:10B5F000FAC864E076E0C8010E945172892B09F014
:10B6000077C0BE0169587D4FCE018B569E4F0E9478
:10B61000A96AC858DD4F688379838A839B83C8579A
:10B62000D240C958DD4F8881C757D240882309F4DA
:10B6300010C8C858DD4F688179818A819B81C857BD
:10B64000D2400E94D10B892BF9F020E030E0A90113
:10B65000C858DD4F688179818A819B81C857D24063
:10B660000E946A70181684F42DEC3CEC4CEC5DE3FF
:10B67000C858DD4F688179818A819B81C857D24043
:10B680000E94066D181624F4109282130C9429530C
:10B6900081E080938213530142017DECC72E7CEC44
:10B6A000D72EED2C7DE3F72E0DEB17E326E835E3DF
:10B6B000C858DD4F488159816A817B81C857D24083
:10B6C0008CE00E94146A882311F40C942953C85802
:10B6D000DD4F88819981AA81BB81C857D240809370
:10B6E000D7109093D810A093D910B093DA107CCFD4
:10B6F00067EF75E0C8010E945172892B11F00C941C
:10B700002953BE0169587D4FCE018B569E4F0E9432
:10B71000A96AC458DD4F688379838A839B83CC5799
:10B72000D240BE0169587D4FCE018B569E4F0E947C
:10B73000A96AC058DD4F688379838A839B83C05888
:10B74000D240BE0169587D4FCE018B569E4F0E945C
:10B75000A96A4B015C01BE0169587D4FCE018B5631
:10B760009E4F0E94A96A6B017C01BE0169587D4F02
:10B77000CE018B569E4F0E94A96AC858DD4F688340
:10B7800079838A839B83C857D240CE0101960E9459
:10B790009F24C458DD4F288139814A815B81CC5771
:10B7A000D24029833A834B835C83C058DD4F888124
:10B7B0009981AA81BB81C058D2408D839E83AF837B
:10B7C000B88789869A86AB86BC86CD86DE86EF866C
:10B7D000F88A198A1A8A1B8A1C8A20E030E044E31E
:10B7E00053E42D8B3E8B4F8B588F80E090E0A4E389
:10B7F000B2E4898F9A8FAB8FBC8F8AE28D8F8CEDEC
:10B800008E8F80EB94E098A38F8F28EE33E03AA3DD
:10B8100029A322E538EB4EE55FE32BA33CA34DA320
:10B820005EA320E030E040E05FE32FA338A749A704
:10B830005AA7C858DD4F288139814A815B81C85792
:10B84000D2402BA73CA74DA75EA720E030E040E800
:10B8500050E42FA738AB49AB5AAB20E030E040E8CA
:10B860005FE32BAB3CAB4DAB5EAB2CE43DE140E08A
:10B8700050E02FAB38AF49AF5AAF9CAF8BAF80E0F1
:10B8800090E0A0E8BFE321968CAF9DAFAEAFBFAF15
:10B890002197C958DD4F8881C757D240882311F4BA
:10B8A0000C942953CE0101960E949A15882341F1E8
:10B8B00081E080937C1353014201C12CD12C60EFB5
:10B8C000E62E61E4F62E00E010E020E03FE3C858E9
:10B8D000DD4F488159816A817B81C857D24086E01B
:10B8E0000E94146A882311F40C94295380E4FE0109
:10B8F0003196A5E7B0E101900D928A95E1F774CEFB
:10B9000010927C130C9429532E2F30E0233B3105E9
:10B9100014F00C942D53EF5FE093170C2D59344F16
:10B92000D9018C930C94CE5281E7FE01EA5FFD4F62
:10B93000DE01AB56BE4F01900D928A95E1F782E190
:10B940000E94DB08082F80911102813051F401110F
:10B9500008C083E10E94DB0811E0019719F01FEF96
:10B9600001C010E000931102198389E10E94BC1FFD
:10B97000082F8A838AE10E94BC1FE82E8B838BE10B
:10B980000E94BC1FF82E8C838CE10E94BC1F282FC4
:10B99000811104C08DE10E94BC1F282F8091E3100B
:10B9A00097EF980F923020F0EE2099F086E02AC0B1
:10B9B00085E08093190C2111A9C480E09AEF980FBB
:10B9C000923008F05DC1CE018B569E4F0E947919CE
:10B9D0004BC19091E6103DEF390F373068F432E0FB
:10B9E0003093190CF11017C0943011F4011161C09B
:10B9F000222319F388E050C0882339F081E0809336
:10BA0000190C80E0211148C0D9CFFF2031F01092ED
:10BA1000190C10921A0C87E0F5CF112389F0809150
:10BA20001A0C90E041E050E0113011F045E050E098
:10BA3000840F951F66E070E00E94D17080931A0C0D
:10BA400080911A0C93E0843019F0853069F494E009
:10BA50009093190C002359F0833009F059C4222324
:10BA600009F408C184E018C01092190CF3CF222306
:10BA700009F4A3CF823009F44EC438F4882309F4C2
:10BA8000C7C0813041F080E007C0833059F3843073
:10BA9000D1F789E001C082E090918D13992309F4D8
:10BAA000B9C0B301A201CE018B569E4F0E94CB1AA2
:10BAB00007C0843029F481E08093D3138093180C5D
:10BAC000A3019201BE016A5F7D4FCE0101960E94E3
:10BAD000E929CD5DDE4F8881C352D140882309F426
:10BAE0000DC184E1FE013196AAEEBDE001900D92F8
:10BAF0008A95E1F76AEE7DE082E192E00E940E4EC7
:10BB00000E945C0A20911402309115022115310522
:10BB100051F1C0901602D0901702E0901802F090F8
:10BB200019026C197D098E099F0960347D4083409C
:10BB30009105C8F050E040E060E970ED83E090E0EE
:10BB40000E94E570C9010197909327018093260117
:10BB50003695279530932D0120932C01809120015B
:10BB60008860809320018091E90D811135C080911A
:10BB7000E50D9091E60DA091E70DB091E80DA301C0
:10BB80009201281B390B4A0B5B0BDA01C901883E75
:10BB90009340A105B10508F411C24092E50D509201
:10BBA000E60D6092E70D7092E80D4092E10D509223
:10BBB000E20D6092E30D7092E40D83E291E0FE01EC
:10BBC0003196AEEBBCE001900D920197E1F7109237
:10BBD000BD0C81E08093E90DE090BC0CE110BFC189
:10BBE0009091BD0C9B3008F05BC3E92FF0E08827F3
:10BBF000E350F24A8F4F0C940771865ECE5E005F71
:10BC0000725FF85F37609860DB60DB60DB60DB6091
:10BC100081E042CF90918A13943071F09FEF980F9A
:10BC2000923080F0833019F5B301A201CE018B561A
:10BC30009E4F0E94B91944CFCE018B569E4F0E9451
:10BC4000751B3ECF11E0813009F012E0812F0E9478
:10BC5000E702811109C0BE016B567E4F812F0E9401
:10BC60005F1A882309F42CCF1092180C29CF843046
:10BC700009F0A4CECE018B569E4F0E94831F20CF89
:10BC80008A3059F4C556DE4F6881CB59D140CE0178
:10BC90008B569E4F0E94691DE4CF883009F010CF6B
:10BCA0008091E610833031F4CE018B569E4F0E9476
:10BCB0002D1D06CF8430A9F48091180CC250DE4FA0
:10BCC0008883CE5FD14081E0C150DE4F8883CF5F53
:10BCD000D140B301A201CE018B569E4F0E94B31CEE
:10BCE000EFCE853041F4B301A201CE018B569E4FB9
:10BCF0000E94291CB6CF0E948902E2CE84E1EAEEBE
:10BD0000FDE0DF011D928A95E9F7F4CE8091DF0D09
:10BD10008F938091DE0D8F938091DD0D8F938091B5
:10BD2000DC0D8F938091DB0D8F938091DA0D8F93D3
:10BD30008091D90D8F938091D80D8F938091D70CDE
:10BD40008F938091D60C8F938091D50C1F928F93F7
:10BD50008091D40C1F928F938091D20C1F928F935D
:10BD60008091D30C1F928F938091E40D8F938091DB
:10BD7000E30D8F938091E20D8F938091E10D8F936E
:10BD80008BE096E09F938F931F9280EA8F938BE1D5
:10BD90009CE09F938F930E945A72CFC08091EC0CCD
:10BDA0001F928F938091EB0C1F928F938091E90CDF
:10BDB0001F928F938091E80C1F928F938091E70CD4
:10BDC0001F928F938091E60C1F928F938091CD0CE0
:10BDD0001F928F938091EF0C1F928F938091EE0CA6
:10BDE0001F928F938BE596E09F938F931F9280EA2B
:10BDF0008F938BE19CE09F938F930E945A729DC01A
:10BE000020E030E04AE754E460912A0D70912B0D58
:10BE100080912C0D90912D0D0E946C6D0E948F6F62
:10BE20009F938F937F936F9320E030E04AE754E431
:10BE30006091260D7091270D8091280D9091290D0C
:10BE40000E946C6D0E948F6F9F938F937F936F936F
:10BE500020E030E04AE754E46091220D7091230D18
:10BE60008091240D9091250D0E946C6D0E948F6F22
:10BE70009F938F937F936F9320E030E04AE754E4E1
:10BE800060911E0D70911F0D8091200D9091210DDC
:10BE90000E946C6D0E948F6F9F938F937F936F931F
:10BEA00020E030E04AE754E460911A0D70911B0DD8
:10BEB00080911C0D90911D0D0E946C6D0E948F6FE2
:10BEC0009F938F937F936F9381EB96E09F938F93D4
:10BED0001F9280EA8F938BE19CE09F938F930E9447
:10BEE0005A722BC08091350D8F938091340D8F93B2
:10BEF0008091330D8F938091320D8F938091300D0F
:10BF00001F928F938091360D1F928F938091310DE8
:10BF10001F928F9380912F0D8F9380912E0D8F9371
:10BF20008CEF96E09F938F931F9280EA8F938BE123
:10BF30009CE09F938F930E945A720FB6F894DEBFD5
:10BF40000FBECDBF1816190634F4803A910514F0CF
:10BF50008FE990E0E82EE092BC0C1092BB0C88E0D8
:10BF60009EE00E94AF0A1816190644F51091BC0C09
:10BF7000112321F16091BB0C161B181719060CF048
:10BF8000182F412F50E070E0655E734F88E09EE00F
:10BF90000E94820A8091BB0C180F1093BB0C8091F9
:10BFA000BC0C181758F01092BC0C8091BD0C8F5F20
:10BFB0008093BD0C8C3010F01092E90DC957DD4F05
:10BFC0000FB6F894DEBF0FBECDBFDF91CF911F91AA
:10BFD0000F91FF90EF90DF90CF90BF90AF909F9028
:10BFE0008F907F906F905F904F903F902F9008952B
:10BFF0008091500D1F928F9380914F0D1F928F93C0
:10C0000080914E0D1F928F938091400D1F928F93C0
:10C0100080913F0D1F928F9320E030E04AE754E477
:10C0200060913B0D70913C0D80913D0D90913E0DC6
:10C030000E946C6D0E948F6F9F938F937F936F937D
:10C0400020E030E04AE754E46091370D7091380DFC
:10C050008091390D90913A0D0E946C6D0E948F6F06
:10C060009F938F937F936F938CE497E0BDCE8091E5
:10C070006C0D1F928F9380916B0D1F928F9320E018
:10C0800030E04AE754E46091630D7091640D809153
:10C09000650D9091660D0E946C6D0E948F6F9F934D
:10C0A0008F937F936F9320E030E04AE754E46091F0
:10C0B0005F0D7091600D8091610D9091620D0E94F5
:10C0C0006C6D0E948F6F9F938F937F936F9320E08F
:10C0D00030E04AE754E460915B0D70915C0D809113
:10C0E0005D0D90915E0D0E946C6D0E948F6F9F930D
:10C0F0008F937F936F9320E030E04AE754E46091A0
:10C10000570D7091580D8091590D90915A0D0E94C4
:10C110006C6D0E948F6F9F938F937F936F9380912D
:10C12000560D8F938091550D8F938DEA97E02ACE0F
:10C130008091F50C1F928F938091800D1F928F93A9
:10C1400080917F0D1F928F9320E030E04AE754E406
:10C1500060917B0D70917C0D80917D0D90917E0D95
:10C160000E946C6D0E948F6F9F938F937F936F934C
:10C1700020E030E04AE754E46091770D7091780D4B
:10C180008091790D90917A0D0E946C6D0E948F6F55
:10C190009F938F937F936F938091760D1F928F93D0
:10C1A0008091750D1F928F938091740D1F928F93C4
:10C1B0008BE098E08BCE89EFF82EF90E0F2D10E072
:10C1C000C8018254934FFC01EA5EFE4F20811F920A
:10C1D0002F938E5E9E4FDC018C911F928F93F801FE
:10C1E000EE0FFF1FEE0FFF1FE454F24F20E030E090
:10C1F0004AE754E460817181828193810E946C6D71
:10C200000E948F6F9F938F937F936F93F801EE0F30
:10C21000FF1FEE0FFF1FE455F24F20E030E04AE72A
:10C2200054E460817181828193810E946C6D0E94CF
:10C230008F6F9F938F937F936F93F801EE0FFF1F84
:10C24000EE0FFF1FE456F24F20E030E04AE754E4DF
:10C2500060817181828193810E946C6D0E948F6FD9
:10C260009F938F937F936F93000F111F000F111FE8
:10C27000F801E457F24F20E030E04AE754E46081EF
:10C280007181828193810E946C6D0E948F6F9F9358
:10C290008F937F936F931F92FF928BE698E072CDFE
:10C2A0008091E00D1F928F938091190D1F928F93B3
:10C2B0008091F10C1F928F9380910E0D8F9380913E
:10C2C0000D0D8F9380910C0D8F9380910B0D8F939B
:10C2D00080910A0D8F938091090D8F938091080DA5
:10C2E0008F938091070D8F938091060D1F928F93EE
:10C2F00088E998E09F938F931F9280EA8F938BE158
:10C300009CE09F938F930E945A7217CE8AE0C4CB11
:10C31000222309F489CC83E0BFCB1F920F920FB682
:10C320000F9211242F933F938F939F93AF93BF93BB
:10C330008091000E9091010EA091020EB091030E1B
:10C340003091FF0D23E0230F2D3758F50196A11DE5
:10C35000B11D2093FF0D8093000E9093010EA093CA
:10C36000020EB093030E8091040E9091050EA091E1
:10C37000060EB091070E0196A11DB11D8093040E0B
:10C380009093050EA093060EB093070EBF91AF9148
:10C390009F918F913F912F910F900FBE0F901F9003
:10C3A000189526E8230F0296A11DB11DD2CF1F922A
:10C3B0000F920FB60F9211240BB60F922F933F934B
:10C3C0004F935F936F937F938F939F93AF93BF939D
:10C3D000EF93FF93E0912802F09129021995FF91C4
:10C3E000EF91BF91AF919F918F917F916F915F91ED
:10C3F0004F913F912F910F900BBE0F900FBE0F905A
:10C400001F9018951F920F920FB60F9211240BB622
:10C410000F922F933F934F935F936F937F938F93DD
:10C420009F93AF93BF93EF93FF93E0912602F09118
:10C4300027021995FF91EF91BF91AF919F918F9135
:10C440007F916F915F914F913F912F910F900BBE14
:10C450000F900FBE0F901F9018951F920F920FB65E
:10C460000F9211240BB60F922F933F934F935F932C
:10C470006F937F938F939F93AF93BF93EF93FF93AC
:10C48000E0911C02F0911D021995FF91EF91BF916F
:10C49000AF919F918F917F916F915F914F913F915C
:10C4A0002F910F900BBE0F900FBE0F901F901895FD
:10C4B0001F920F920FB60F9211240BB60F922F936B
:10C4C0003F934F935F936F937F938F939F93AF931C
:10C4D000BF93EF93FF93E0911A02F0911B0219951D
:10C4E000FF91EF91BF91AF919F918F917F916F914C
:10C4F0005F914F913F912F910F900BBE0F900FBE08
:10C500000F901F9018951F920F920FB60F92112443
:10C510000BB60F922F933F934F935F936F937F933D
:10C520008F939F93AF93BF93EF93FF93E091240278
:10C53000F09125021995FF91EF91BF91AF919F91D5
:10C540008F917F916F915F914F913F912F910F90BC
:10C550000BBE0F900FBE0F901F9018951F920F9259
:10C560000FB60F9211240BB60F922F933F934F9358
:10C570005F936F937F938F939F93AF93BF93EF934B
:10C58000FF93E0912202F09123021995FF91EF9120
:10C59000BF91AF919F918F917F916F915F914F91DB
:10C5A0003F912F910F900BBE0F900FBE0F901F90D9
:10C5B00018951F920F920FB60F9211240BB60F927F
:10C5C0002F933F934F935F936F937F938F939F939B
:10C5D000AF93BF93EF93FF93E0912002F09121027C
:10C5E0001995FF91EF91BF91AF919F918F917F919D
:10C5F0006F915F914F913F912F910F900BBE0F90D4
:10C600000FBE0F901F9018951F920F920FB60F92AA
:10C6100011240BB60F922F933F934F935F936F9319
:10C620007F938F939F93AF93BF93EF93FF93E0918B
:10C630001E02F0911F021995FF91EF91BF91AF91EA
:10C640009F918F917F916F915F914F913F912F912A
:10C650000F900BBE0F900FBE0F901F9018951F925A
:10C660000F920FB60F9211240BB60F922F933F9398
:10C670004F935F936F937F938F939F93AF93BF93EA
:10C68000EF93FF9388E09EE00E94F60AFF91EF91FE
:10C69000BF91AF919F918F917F916F915F914F91DA
:10C6A0003F912F910F900BBE0F900FBE0F901F90D8
:10C6B00018951F920F920FB60F9211240BB60F927E
:10C6C0002F938F939F93EF93FF93E091180EF09128
:10C6D000190E8081E0911E0EF0911F0E82FD1DC08B
:10C6E00090818091210E8F5F8F732091220E82178F
:10C6F00041F0E091210EF0E0E85FF14F958F8093DB
:10C70000210EFF91EF919F918F912F910F900BBE72
:10C710000F900FBE0F901F9018958081F2CF1F923F
:10C720000F920FB60F9211240BB60F92CF92DF9299
:10C73000EF92FF922F933F934F935F936F937F936B
:10C740008F939F93AF93BF93CF93DF93EF93FF9319
:10C75000D0910601C091FE0DC095CD230E945C0AC8
:10C760006B017C01C5FF06C0BC01A60181EA99E00E
:10C770000E946B0EC6FF13C0E091B80A84E0E89FE8
:10C78000F0011124E055F54F80819181A281B381A0
:10C790000196A11DB11D80839183A283B383C7FF3E
:10C7A00006C0B701A60188E499E00E946B0ED09301
:10C7B000FE0DFF91EF91DF91CF91BF91AF919F91CE
:10C7C0008F917F916F915F914F913F912F91FF904A
:10C7D000EF90DF90CF900F900BBE0F900FBE0F9099
:10C7E0001F901895FC018EE1DF011D928A95E9F7F3
:10C7F000168E178E10A211A212A213A214A215A2B5
:10C8000016A217A210A611A612A613A614A615A664
:10C8100016A617A610AA11AA12AA13AA14AA15AA34
:10C8200016AA08954F925F926F927F928F929F9275
:10C83000AF92BF92CF92DF92EF92FF920F931F932E
:10C84000CF93DF93CDB7DEB7C857D1090FB6F894B1
:10C85000DEBF0FBECDBFE8E0FEE01382128288EE9D
:10C8600093E0A0E0B0E084839583A683B7838DEE48
:10C8700094E09183808385EC90E09587848784ECB5
:10C8800090E09787868780EC90E0918B808B81EC9D
:10C8900090E0938B828B82EC90E0958B848B86EC7E
:10C8A00090E0978B868B118E128E138E148EE3EE92
:10C8B000F0E110821182128213821582148229EE15
:10C8C00030E181E2D9011D928A95E9F717A210A6FD
:10C8D00011A612A613A614A615A616A617A610AA88
:10C8E00011AA12AA13AA14AA15AA16AA17AA10AE58
:10C8F00011AE12AE17E3EEE1F1E1DF01812F1D92DF
:10C900008A95E9F7CF010E94F263E5E5F1E188E657
:10C91000DF011D928A95E9F71092BE111092BD11A8
:10C920001092C0111092C1111092C2111092C31135
:10C930001092C4111092C5111092C6111092C71115
:10C940001092C8111092C9111092CA111092CB11F5
:10C950001092CC111092CD111092CE111092CF11D5
:10C96000812C912C80E8A82E8FE3B82E8092D011D4
:10C970009092D111A092D211B092D3111092D411F1
:10C980001092D5111092D6111092D7111092D81181
:10C990001092D9111092DA111092DB111092DC1161
:10C9A0001092DD111092DE111092DF111092E01141
:10C9B0001092E1111092E2111092E3111092E41121
:10C9C0008092E5119092E611A092E711B092E811E1
:10C9D0001092E9111092EA111092EB111092EC11E1
:10C9E0001092ED111092EE11772473947092EF1162
:10C9F0001092F01198E2592EE1EFF1E1DF01852D5F
:10CA00001D928A95E9F78092111290921212A092CB
:10CA10001312B092141210921912EAE1F2E1DF013E
:10CA2000812F1D928A95E9F7CF010E94F26310923F
:10CA300051121092521210925312109254121092DC
:10CA400055121092561210925712109258121092BC
:10CA5000591210925A1210925B1210925C1210929C
:10CA60005D1210925E1210925F1210926012E1E657
:10CA7000F2E1DF01812F1D928A95E9F7CF010E9433
:10CA8000F2638EE1EEE5F2E0DE01119601900D9287
:10CA90008A95E1F7BE016F5F7F4F81E692E10E94C8
:10CAA0002415109298121092991210929A121092C4
:10CAB0009B1210929C1210929D1210929E12109234
:10CAC0009F1220E4622EE0EAF2E1DF01862D1D9242
:10CAD0008A95E9F7CF010E949F241092E0121092EC
:10CAE000E1121092E2121092E3121092E4121092EC
:10CAF000E5121092E6121092E7121092E8121092CC
:10CB0000E9121092EA121092EB121092EC121092AB
:10CB1000ED121092EE121092EF121092F01210928B
:10CB2000F1121092F2121092F3121092F41210926B
:10CB3000F5121092F6121092F7121092F812E9EF15
:10CB4000F2E1DF011D921A95E9F7CF010E94F2632D
:10CB50003EE0432EE0E3F3E1DF01842D1D928A9550
:10CB6000E9F710923E1310923F1310924013109267
:10CB700041131092421310924313109244131092D7
:10CB800045131092461347E4E42E43E1F42ED701F7
:10CB90001D921D921D921C9213970BE413E1F80154
:10CBA000108210924C135DE4C52E53E1D52ED601B0
:10CBB0007C92EEE4F3E180E1DF011D928A95E9F7D2
:10CBC00010925E1310925F13109260131092611313
:10CBD00010926213109263131092641310926513F3
:10CBE00010926613109267131092681310926913D3
:10CBF00010926A1310926B1310926C1310926D13B3
:10CC000010926E1310926F13109270131092711392
:10CC10001092721310927313109274131092751372
:10CC200086E793E10E94831A10928A1310928C1364
:10CC300010928B1310928D1310928E1310928F13EB
:10CC4000109290137092911310929213109293136A
:10CC500010929413109295131092961310929713AA
:10CC6000109298131092991310929A1310929B138A
:10CC700010929C1310929D1310929E1310929F136A
:10CC80001092A0131092A1131092A2131092A3134A
:10CC90001092A4131092A5131092A6131092A7132A
:10CCA0001092A8131092A9131092AA131092AB130A
:10CCB0001092AC131092AD131092AE131092AF13EA
:10CCC0001092B0131092B1131092B2131092B313CA
:10CCD0001092B4131092B5131092B6131092B713AA
:10CCE0001092B8131092B9131092BA131092BB138A
:10CCF0001092BC131092BD131092BE131092BF136A
:10CD00001092C0131092C1131092C2131092C31349
:10CD10001092C4131092C5131092C6131092C71329
:10CD20001092C8131092C9131092CA131092CB1309
:10CD30001092CC131092CD131092CE131092CF13E9
:10CD40001092D0131092D1131092D2131092D313C9
:10CD50001092D4131092D5131092D6131092D713A9
:10CD60001092D8131092D9131092DB131092DA1389
:10CD70001092DC131092DD131092DE131092DF1369
:10CD80001092E0131092E1131092E213E3EEF3E13C
:10CD90008DE1DF011D928A95E9F7E0E0F4E186E19B
:10CDA000DF011D928A95E9F7E6E1F4E188E0DF0111
:10CDB0001D928A95E9F7EEE1F4E18FE1DF011D9222
:10CDC0008A95E9F7EDE3F4E1DF011D924A94E9F772
:10CDD000EBE4F4E18AE0DF011D928A95E9F7E5E5ED
:10CDE000F4E18CE4DF011D928A95E9F71092A11419
:10CDF0001092A2141092A3141092A414A5968CAEB3
:10CE00009DAEAEAEBFAEA597A9961CAE1DAE1EAE32
:10CE10001FAEA99780E090E0A0EFB1E425968CAF1B
:10CE20009DAFAEAFBFAF259780E090E0A0EAB1E440
:10CE300029968CAF9DAFAEAFBFAF299780E090E051
:10CE4000A0E2B3E42D968CAF9DAFAEAFBFAF2D97F0
:10CE500080E090E0A0E4B0E461968CAF9DAFAEAF0F
:10CE6000BFAF61978AE999E9A9E9BFE365968CAFFD
:10CE70009DAFAEAFBFAF65978DE266968FAF6697F9
:10CE80008FEF67968FAF679780E293E069969FAFC9
:10CE90008EAF699728E532E06B963FAF2EAF6B9768
:10CEA0006D969FAF8EAF6D9780E090E0A0E0B0E40C
:10CEB000A1968CAF9DAFAEAFBFAFA197CE018F5BF8
:10CEC0009F4F0E94F516CE0101960E949F2480E09C
:10CED00090E0A0EDB1E489839A83AB83BC8380E0CA
:10CEE00090E0A8ECB2E48D839E83AF83B88780E0A6
:10CEF00090E0A8E8B2E489879A87AB87BC8780E096
:10CF000090E0A0EEBFE38D879E87AF87B88B198A2C
:10CF10001A8A1B8A1C8A80E090E0A4E3B3E48D8B1C
:10CF20009E8BAF8BB88F80E090E0A4E3B2E4898F52
:10CF30009A8FAB8FBC8F8AE28D8F8CED8E8F80EBBA
:10CF400094E098A38F8F88EE93E09AA389A380E062
:10CF500090E0A0E0B1E48BA79CA7ADA7BEA7CE014F
:10CF600001960E949A158EE0ECE7F2E0DE01A759E7
:10CF7000BF4F01900D928A95E1F7CE0187599F4FDF
:10CF80000E940A04F6011082D7011D921D921D9283
:10CF90001C921397F801108280E1EAE8F2E0DE01CA
:10CFA000A759BF4F01900D928A95E1F7CE0187599D
:10CFB0009F4F0E94D9240E94F203EDE4F0E1DF01CB
:10CFC0001D925A94E9F780926D1090926E10A09283
:10CFD0006F10B0927010E5E7F0E1DF011D926A94E6
:10CFE000E9F7CF010E949F24E5EAFEE080ED97E09B
:10CFF000A0E0B0E080839183A283B3831482158282
:10D000001682178210861186C858DF4F0FB6F89423
:10D01000DEBF0FBECDBFDF91CF911F910F91FF906B
:10D02000EF90DF90CF90BF90AF909F908F907F90C8
:10D030006F905F904F900895CF93DF93CDB7DEB799
:10D04000C658D1090FB6F894DEBF0FBECDBF789495
:10D0500084B5826084BD84B5816084BD85B58260FD
:10D0600085BD85B5816085BD80916E0081608093AE
:10D070006E00109281008091810082608093810017
:10D080008091810081608093810080918000816027
:10D09000809380008091B10084608093B100809182
:10D0A000B00081608093B000809191008260809395
:10D0B0009100809191008160809391008091900017
:10D0C0008160809390008091A10082608093A10094
:10D0D0008091A10081608093A1008091A000816077
:10D0E0008093A00080912101826080932101809132
:10D0F00021018160809321018091200181608093D2
:10D10000200180917A00846080937A0080917A0077
:10D11000826080937A0080917A00816080937A00A7
:10D1200080917A00806880937A001092C100E0912B
:10D13000180EF091190E12E01083E091140EF09188
:10D14000150E1082E091160EF091170E80E180838B
:10D150001092200EE0911C0EF0911D0E86E080834F
:10D16000E0911A0EF0911B0E808180618083E09126
:10D170001A0EF0911B0E808188608083E0911A0E58
:10D18000F0911B0E808180688083E0911A0EF091EF
:10D190001B0E80818F7D808361E084E00E943209D4
:10D1A00060E084E00E940409109320018BE18093E9
:10D1B00021018FEF9FEF909327018093260110921A
:10D1C0002D0110922C010AEF13E062E0D8018D913D
:10D1D0008D010E943209B3E00F3F1B07B1F762E0F7
:10D1E00080E40E94320962E081E40E94320962E038
:10D1F0008FE20E94320905EF13E0F801F1908F01F0
:10D2000061E08F2D0E94320961E08F2D0E94040998
:10D21000F3E00A3F1F0789F760E082E30E943209CA
:10D2200061E084E30E94320901EF13E061E0D8017C
:10D230008D918D010E943209B3E0053F1B07B1F7C4
:10D240000CEE13E061E0F80181918F010E94320938
:10D25000F3E0013F1F07B1F78FE0EAE9F2E0DE01FA
:10D26000A858BF4F01900D928A95E1F78E0108589A
:10D270001F4F78018FE0E80EF11C62E0D8018D911C
:10D280008D010E9432090E151F05B9F78FE0E9EAFA
:10D29000F2E0DE01A759BF4F01900D928A95E1F7A8
:10D2A0008E0107591F4F7801BFE0EB0EF11C61E0C2
:10D2B000F80181918F010E9432090E151F05B9F7FF
:10D2C00061E081E30E94320960E081E30E94040989
:10D2D00062E082E00E94320962E083E00E9432094B
:10D2E0008DE190E190931B0280931A0280916A0075
:10D2F000836080936A00EC9A85E290E190931D022E
:10D3000080931C0280916A008C6080936A00ED9A81
:10D31000809106018093FE0D809168008460809367
:10D32000680080916D00806E80936D002FEAE22E80
:10D330002EE0F22E10E000E0C8010E942D6ED70111
:10D340008D937D010F5F1F4F0433B2E01B07A1F7E0
:10D350000E943824882381F10E949825882309F4AB
:10D360005FC00E941824182F882309F459C085E84B
:10D3700093E00E94650B8CEC98E00E9471278EE789
:10D3800093E00E94650B8DED98E00E94712783E683
:10D3900093E00E947E2783E093E0112311F08AE25C
:10D3A00093E00E947E2787E493E00E947E270E94FC
:10D3B000D84E0E94A00BFBCF88E2E82E5E01E1E48C
:10D3C000AE0EB11CD501EE2D1D92EA95E9F790E461
:10D3D000F92ECE0101966C01DC01EF2D1D92EA952C
:10D3E000E9F70E949F24EFEAFEE0DF01C8011D92E9
:10D3F0000197E9F780E090E0A0E8BFE3F50180A3A2
:10D4000091A3A2A3B3A3ADE4B0E101900D92EA947D
:10D41000E1F7F601A5E7B0E101900D92FA94E1F78A
:10D420000E94182410E0A3CF2F923F924F925F9258
:10D430006F927F928F929F92AF92BF92CF92DF9224
:10D44000EF92FF920F931F93CF93DF931F921F9240
:10D45000CDB7DEB7382E81149104A104B10421F4B4
:10D46000812C912C54018394432C512C8EE0282E36
:10D4700090E0321421F0F201E858FC4F908188E1ED
:10D48000849DF001859DF00D1124DF01A954B14F59
:10D490003D01282E1D922A94E9F7E155F14F30867F
:10D4A000918792E0928791E0938784869586A686FD
:10D4B000B786408B518B628B738B048B158B268BBD
:10D4C000378B92012F5F3F4F829FF001839FF00DBA
:10D4D0001124E155F14FC082D182E282F382F3013F
:10D4E00083010C5E1F4F65EC7DE98CE191E8219191
:10D4F0006B01C226AC01960163E971E080E091E026
:10D500000E94C170E017F10791F728E1249DF00116
:10D51000259DF00D1124E155F14F648F758F868F95
:10D52000978F632DC3010F900F90DF91CF911F91C3
:10D530000F91FF90EF90DF90CF90BF90AF909F90B2
:10D540008F907F906F905F904F903F902F900C94B2
:10D55000E320CF93DF93EB01AC016AEF76E090E03C
:10D5600080E00E94606B009721F0DF91CF910C94D6
:10D570005C6B188260E070E0CB01DF91CF91089581
:10D580008F929F92AF92BF92CF92DF92EF92FF92D3
:10D590000F931F93CF93DF93C7EBDEE010E000E023
:10D5A00088E1D82E602FCE010E94E320811128C08F
:10D5B000D09EF001D19EF00D1124E954F14FDF010E
:10D5C0008D2C1D928A94E9F708837E0124E1E20EF6
:10D5D000F11CFE0165EC7DE98CE191E821914B01A4
:10D5E0008226AC01940163E971E080E091E00E9441
:10D5F000C170EE15FF0591F76C8B7D8B8E8B9F8B29
:10D600000F5F1F4F68960E30110561F681E39DE4B0
:10D61000A7E4B7E48093AF0E9093B00EA093B10E41
:10D62000B093B20E84E090E09093B40E8093B30E6A
:10D630000E94D3219093B60E8093B50E0FEA1EE0A0
:10D64000F80165EC7DE98CE191E821915B01A2266E
:10D65000AC01950163E971E080E091E00E94C17046
:10D6600020E1EF3DF20789F76093DF107093E0103F
:10D670008093E1109093E210D0E0C0E0D801FD90DB
:10D680008D01CE010E942D6EF81621F06F2DCE0176
:10D690000E94356E2196C433B2E0DB0779F7DF9143
:10D6A000CF911F910F91FF90EF90DF90CF90BF909F
:10D6B000AF909F908F900895662777270C94876B83
:10D6C000FA01A191B081009719F41097E1F0CD0112
:10D6D000DC01CD010D90002011F4C00113C0FB014D
:10D6E0002191222319F02015D9F7F3CFFB012191C5
:10D6F000201519F41E92119606C02223C1F70D9031
:10D700000020A1F7D001FA01A193B08308958F9270
:10D710009F92AF92BF92CF92DF92EF92FF920F93C0
:10D720001F93CF93DF935C017B016115710519F0A5
:10D73000DB018D939C9385010F5F1F4FF501D08115
:10D740008D2F90E00E94E56C6C01892BB9F5DD32DC
:10D75000B9F50F5F1F4FD5011196DC91C1E058015B
:10D76000F1E0AF1AB10843E050E068E072E0C501B3
:10D770000E94EE6C892B69F5680182E0C80ED11C0D
:10D7800045E050E063E072E0C6010E94EE6C892B38
:10D7900021F4680197E0C90ED11CE114F10419F0DD
:10D7A000D701CD92DC9260E070E080E89FEFC1117C
:10D7B000FFC060E070E080E89FE7FAC05801BBCF8F
:10D7C000DB3229F485010E5F1F4FF501D181C0E0E6
:10D7D000C6CF43E050E060E072E0C5010E94EE6C0D
:10D7E000892BE9F0F80110E000E020E030E0A90129
:10D7F0005F01B0ED8B2E8D0E89E08815C8F19C2E4F
:10D80000689491F88C2F8870C2FF16C0811102C0F5
:10D810000F5F1F4F3196D501DC91C92DE9CFE1147F
:10D82000F10429F00E5F1F4FF7011183008360E0C0
:10D8300070E080EC9FE7BCC0882311F00150110913
:10D84000A5E0B0E00E94436E9B01AC01220F331FA4
:10D85000441F551F280D311D411D511D283999E9BF
:10D860003907490799E15907A8F2C6609C2ED2CF23
:10D87000AEEF8A1206C0C3FD3CC09C2E689493F89C
:10D88000C9CFDF7DD534A9F580818D3239F4C061EF
:10D89000DF011296818162E070E006C0DF018B3209
:10D8A000C1F3119661E070E080535D01A61AB70ADA
:10D8B0008A30F8F4E0E8CE16ECE0DE065CF4B6015F
:10D8C000660F771F660F771FC60ED71ECC0CDD1CA8
:10D8D000C80ED11C5D01FFEFAF1ABF0A8C918053B7
:10D8E0008A30A8F1C4FF03C0D194C194D1080C0DB3
:10D8F0001D1DC1FF09C0E114F10431F081E0A81A37
:10D90000B108D701AD92BC92CA01B9010E940B6D5A
:10D91000C370C33009F490584B015C0120E030E043
:10D92000A9010E94066D882309F440C0C7E3D2E034
:10D9300017FF05C0119501951109CFE1D2E06E01E5
:10D94000B8E1CB1AD10880E2E82EF12C0FC0D50146
:10D95000B1CFFE0125913591459154910E191F09C2
:10D96000C501B4010E946C6D4B015C01D501C4017D
:10D970000E151F0574F72497F594E794CC16DD0671
:10D98000A9F78A2F880F8B2F881F8F3F49F020E03F
:10D9900030E0A901C501B4010E94066D811106C0E5
:10D9A00082E290E09093A6148093A514C501B4017F
:10D9B000DF91CF911F910F91FF90EF90DF90CF906B
:10D9C000BF90AF909F908F90089591110C94D96D56
:10D9D000803219F089508550C8F70895FB01DC01A9
:10D9E0004150504088F08D9181341CF08B350CF4FF
:10D9F000805E659161341CF06B350CF4605E861BB3
:10DA0000611171F3990B0895881BFCCF0E94486D3A
:10DA100008F481E00895E89409C097FB3EF49095DE
:10DA20008095709561957F4F8F4F9F4F9923A9F0F7
:10DA3000F92F96E9BB279395F69587957795679586
:10DA4000B795F111F8CFFAF4BB0F11F460FF1BC0CA
:10DA50006F5F7F4F8F4F9F4F16C0882311F096E95D
:10DA600011C0772321F09EE8872F762F05C066230B
:10DA700071F096E8862F70E060E02AF09A95660FC4
:10DA8000771F881FDAF7880F9695879597F908957D
:10DA9000990F0008550FAA0BE0E8FEEF16161706BF
:10DAA000E807F907C0F012161306E407F50798F027
:10DAB000621B730B840B950B39F40A2661F0232B40
:10DAC000242B252B21F408950A2609F4A140A695BC
:10DAD0008FEF811D811D08950E947F6D0C94F36D61
:10DAE0000E94E56D38F00E94EC6D20F0952311F056
:10DAF0000C94DC6D0C94E26D11240C94276E0E9442
:10DB0000046E70F3959FC1F3950F50E0551F629F0F
:10DB1000F001729FBB27F00DB11D639FAA27F00D86
:10DB2000B11DAA1F649F6627B00DA11D661F829FAD
:10DB30002227B00DA11D621F739FB00DA11D621F92
:10DB4000839FA00D611D221F749F3327A00D611DAF
:10DB5000231F849F600D211D822F762F6A2F112491
:10DB60009F5750409AF0F1F088234AF0EE0FFF1FC4
:10DB7000BB1F661F771F881F91505040A9F79E3F1B
:10DB8000510580F00C94DC6D0C94276E5F3FE4F33C
:10DB9000983ED4F3869577956795B795F795E79571
:10DBA0009F5FC1F7FE2B880F911D9695879597F97A
:10DBB000089599278827089597F99F6780E870E06E
:10DBC00060E008959FEF80EC089500240A941616F3
:10DBD000170618060906089500240A94121613065B
:10DBE000140605060895092E0394000C11F48823E9
:10DBF00052F0BB0F40F4BF2B11F460FF04C06F5F05
:10DC00007F4F8F4F9F4F089557FD9058440F551FDA
:10DC100059F05F3F71F04795880F97FB991F61F0AE
:10DC20009F3F79F087950895121613061406551F25
:10DC3000F2CF4695F1DF08C0161617061806991F91
:10DC4000F1CF86957105610508940895E894BB2786
:10DC500066277727CB0197F90895F999FECF92BDF2
:10DC600081BDF89A992780B50895262FF999FECF9E
:10DC70001FBA92BD81BD20BD0FB6F894FA9AF99AE9
:10DC80000FBE019608950E944E6EA59F900DB49F01
:10DC9000900DA49F800D911D11240895A29FB001A5
:10DCA000B39FC001A39F700D811D1124911DB29FD0
:10DCB000700D811D1124911D08955058BB27AA276E
:10DCC0000E94756E0C94F36D0E94E56D38F00E9411
:10DCD000EC6D20F039F49F3F19F426F40C94E26DBA
:10DCE0000EF4E095E7FB0C94DC6DE92F0E94046EC6
:10DCF00058F3BA17620773078407950720F079F481
:10DD0000A6F50C94266E0EF4E0950B2EBA2FA02DDE
:10DD10000B01B90190010C01CA01A0011124FF27D8
:10DD2000591B99F0593F50F4503E68F11A16F040D3
:10DD3000A22F232F342F4427585FF3CF46953795D2
:10DD40002795A795F0405395C9F77EF41F16BA0B97
:10DD5000620B730B840BBAF09150A1F0FF0FBB1F45
:10DD6000661F771F881FC2F70EC0BA0F621F731F8E
:10DD7000841F48F4879577956795B795F7959E3FEB
:10DD800008F0B0CF9395880F08F09927EE0F97957C
:10DD9000879508950E94527090F09F3748F4911132
:10DDA00016F40C94276E60E070E080E89FE308951D
:10DDB00026F01B16611D711D811D0C9419700C94A9
:10DDC00034700E94F56E0C94F36D0E94EC6D58F067
:10DDD0000E94E56D40F029F45F3F29F00C94DC6D62
:10DDE00051110C94276E0C94E26D0E94046E68F33E
:10DDF0009923B1F3552391F3951B550BBB27AA2704
:10DE000062177307840738F09F5F5F4F220F331F3D
:10DE1000441FAA1FA9F335D00E2E3AF0E0E832D005
:10DE200091505040E695001CCAF72BD0FE2F29D008
:10DE3000660F771F881FBB1F261737074807AB07DA
:10DE4000B0E809F0BB0B802DBF01FF2793585F4F4F
:10DE50003AF09E3F510578F00C94DC6D0C94276EDF
:10DE60005F3FE4F3983ED4F3869577956795B79531
:10DE7000F7959F5FC9F7880F911D9695879597F93C
:10DE80000895E1E0660F771F881FBB1F62177307B5
:10DE90008407BA0720F0621B730B840BBA0BEE1FCA
:10DEA00088F7E0950895BEE304D008F490E808955B
:10DEB000BFE322273327A9010E940C6E60F19F5710
:10DEC00048F1B91740F1BFE3B91B9927B8503AF4AC
:10DED000660F771F881F991FB395D2F316C0B850ED
:10DEE0004AF0232F342F452F562F672F782F88275E
:10DEF000B850BAF7B85F49F086957795679557950A
:10DF0000479537952795BA95B9F716F40E94427050
:10DF100088940895889460E070E0CB0108950E9491
:10DF2000966F6894B1110C94276E08950E940C6E40
:10DF300088F09F5798F0B92F9927B751B0F0E1F0CA
:10DF4000660F771F881F991F1AF0BA95C9F714C07A
:10DF5000B13091F00E94266EB1E008950C94266EC7
:10DF6000672F782F8827B85F39F0B93FCCF38695B3
:10DF700077956795B395D9F73EF490958095709510
:10DF800061957F4F8F4F9F4F08950E94E56D20F060
:10DF900019F00E94EC6D50F40C94E26D0C94276E15
:10DFA000E92F0E94046E88F35523B1F3E7FB621753
:10DFB000730784079507A8F189F3E92FFF278823C2
:10DFC0002AF03197660F771F881FDAF7952F5527AC
:10DFD000442332F091505040220F331F441FD2F798
:10DFE000BB27E91BF50B621B730B840BB109B1F264
:10DFF00022F4620F731F841FB11D31972AF0660F40
:10E00000771F881FBB1FEFCF9150504062F041F047
:10E01000882332F0660F771F881F91505040C1F758
:10E0200093950C9434708695779567959F5FD9F793
:10E03000F7CF882371F4772321F09850872B762F20
:10E0400007C0662311F499270DC09051862B70E00C
:10E0500060E02AF09A95660F771F881FDAF7880F1D
:10E060009695879597F908959F3F31F0915020F448
:10E07000879577956795B795880F911D96958795A4
:10E0800097F9089590958095709560955095409575
:10E09000309521953F4F4F4F5F4F6F4F7F4F8F4FC1
:10E0A0009F4F08950E940C6EA0F0BEE7B91788F448
:10E0B000BB279F3860F41616B11D672F782F88276D
:10E0C000985FF7CF869577956795B11D93959639AB
:10E0D000C8F308950E94486D08F48FEF089519F46D
:10E0E00016F40C94E26D0C9434700E940C6EB8F32C
:10E0F0009923C9F3B6F39F57550B87FF0E94BA7057
:10E100000024A0E640EA900180585695979528F49F
:10E11000805C660F771F881F20F026173707480797
:10E1200030F4621B730B840B202931294A2BA695EE
:10E1300017940794202531254A2758F7660F771F33
:10E14000881F20F026173707480730F4620B730B3F
:10E15000840B200D311D411DA09581F7B901842F3D
:10E160009158880F9695879508950E94486D880B61
:10E17000990B089591505040660F771F881FD2F772
:10E180000895DB018F939F930E94436EBF91AF91DF
:10E19000A29F800D911DA39F900DB29F900D112401
:10E1A000089597FB072E16F4009407D077FD09D049
:10E1B0000E94187107FC05D03EF4909581959F4F01
:10E1C0000895709561957F4F0895A1E21A2EAA1BBC
:10E1D000BB1BFD010DC0AA1FBB1FEE1FFF1FA21717
:10E1E000B307E407F50720F0A21BB30BE40BF50B14
:10E1F000661F771F881F991F1A9469F7609570959D
:10E20000809590959B01AC01BD01CF010895EE0F63
:10E21000FF1F881F8BBF0790F691E02D19942A15D8
:10E220003B054C055D056E057F0580079107089548
:10E23000AA1BBB1B51E107C0AA1FBB1FA617B7072C
:10E2400010F0A61BB70B881F991F5A95A9F7809548
:10E250009095BC01CD0108950F931F93CF93DF9349
:10E260008230910510F482E090E0E091A914F091E1
:10E27000AA1430E020E0B0E0A0E0309799F4211536
:10E28000310509F44AC0281B390B24303105D8F573
:10E290008A819B816115710589F1FB0193838283DA
:10E2A000FE0111C040815181028113814817590735
:10E2B000E0F04817590799F4109761F012960C9303
:10E2C000129713961C933296CF01DF91CF911F9135
:10E2D0000F9108950093A9141093AA14F4CF211557
:10E2E000310551F04217530738F0A901DB019A01BB
:10E2F000BD01DF01F801C1CFEF01F9CF9093AA145E
:10E300008093A914CDCFFE01E20FF31F8193919367
:10E310002250310939832883D7CF2091A714309117
:10E32000A814232B41F420912C0230912D0230931C
:10E33000A8142093A71420912A0230912B022115B2
:10E34000310541F42DB73EB740912E0250912F0276
:10E35000241B350BE091A714F091A814E217F307E2
:10E36000A0F42E1B3F0B2817390778F0AC014E5F45
:10E370005F4F2417350748F04E0F5F1F5093A814C6
:10E380004093A714819391939FCFF0E0E0E09CCF5E
:10E39000CF93DF930097E9F0FC013297138212824A
:10E3A000A091A914B091AA14ED0130E020E01097DB
:10E3B000A1F420813181820F931F2091A714309105
:10E3C000A8142817390709F061C0F093A814E09346
:10E3D000A714DF91CF910895EA01CE17DF07E8F582
:10E3E0004A815B819E0141155105B1F7E901FB832B
:10E3F000EA8349915991C40FD51FEC17FD0761F4C9
:10E40000808191810296840F951FE9019983888309
:10E41000828193819B838A83F0E0E0E012968D9164
:10E420009C9113970097B9F52D913C911197CD01CF
:10E430000296820F931F2091A7143091A8142817D9
:10E44000390739F6309751F51092AA141092A91491
:10E45000B093A814A093A714BCCFD383C2834081E8
:10E460005181840F951FC817D90761F44E5F5F4F24
:10E4700088819981480F591F518340838A819B81EC
:10E48000938382832115310509F0B0CFF093AA144C
:10E49000E093A9149ECFFD01DC01C0CF138212824C
:10E4A000D7CFFB01DC018D91019080190110D9F3C8
:10E4B000990B08950F931F93CF93DF93CDB7DEB7DA
:10E4C0002E970FB6F894DEBF0FBECDBF0E891F8901
:10E4D000888D998D26E02C831A83098397FF02C0CB
:10E4E00080E090E801979E838D83AE01445E5F4F8C
:10E4F0006A8D7B8DCE0101960E9497724D815E815F
:10E5000057FD0AC02F813885421753070CF49A0132
:10E51000020F131FF80110822E960FB6F894DEBF7B
:10E520000FBECDBFDF91CF911F910F9108952F9214
:10E530003F924F925F926F927F928F929F92AF9293
:10E54000BF92CF92DF92EF92FF920F931F93CF93E0
:10E55000DF9300D000D000D01F921F92CDB7DEB75E
:10E560007C013B018A01FC0117821682838181FFB5
:10E57000DDC1CE0101965C01F7019381F30193FDAA
:10E58000859193FF81913F01882309F453C185321E
:10E5900039F493FD859193FF81913F01853229F4F0
:10E5A000B70190E00E94AF74E7CF912C212C312C61
:10E5B000FFE1F31538F08B3211F190F4803209F15C
:10E5C000833229F137FC3CC020ED280F2A3050F56A
:10E5D00036FE20C08AE0989E200D1124922E06C09F
:10E5E0008D3291F0803371F7689430F8F30193FD28
:10E5F000859193FF81913F018111DACF21C0689409
:10E6000031F8689432F8F2CF689433F8EFCF689419
:10E6100034F8ECCFEAE02E9E200D1124222E6894CF
:10E6200035F8E4CF8E3229F436FC04C1689436F80C
:10E63000DDCF8C3619F4689437F8D8CF8836B1F22C
:10E64000982F9F7D95549330E0F08336A1F1833766
:10E65000C1F1833509F063C02801F2E04F0E511C6F
:10E66000F801C080D180692D70E036FC02C06FEFE8
:10E670007FEFC6010E9499744C01689437F88201BB
:10E680000AC00C5F1F4FFFE3F98388248394912C09
:10E690006501E89437F833FE2DC0522C81149104A3
:10E6A00071F5552009F468CFB70180E290E00E942F
:10E6B000AF745A94F6CFF801808189830E5F1F4FA3
:10E6C000E4CF2801F2E04F0E511CF801C080D18048
:10E6D000692D70E036FC02C06FEF7FEFC6010E942B
:10E6E000A4744C018201D5CFB70180E290E00E9472
:10E6F000AF742A942814190409F0B0F7CECFF601AC
:10E7000037FC859137FE81916F01B70190E00E943F
:10E71000AF7451105A94F1E08F1A9108BFCF84362C
:10E7200019F0893609F077C0F80137FE6BC06081B7
:10E730007181828193810C5F1F4FF32DFF763F2EF5
:10E7400097FF09C090958095709561957F4F8F4F89
:10E750009F4F689437F82AE030E0A5010E94DF74EB
:10E76000C82ECA188C2C432C36FE0CC0E89440F8F6
:10E77000C91440F434FE05C032FC03C0F32DFE7E04
:10E780004F2E892C44FEAAC0FE01EC0DF11D8081A4
:10E79000803309F09CC0242D297E422E842D887060
:10E7A000582E43FCAAC040FEA4C09C2C821418F42E
:10E7B0002C0C922C981844FEA6C0B70180E390E080
:10E7C0000E94AF7442FE09C088E790E041FE02C09B
:10E7D00088E590E0B7010E94AF74C91408F49FC0A7
:10E7E000CA94D12C9FEFC91AD90ACA0CDB1CF601B6
:10E7F00082916F01B70190E00E94AF74AC14BD0428
:10E80000B1F74FCF60817181072E000C880B990BF7
:10E810000E5F1F4F92CFD32CE894D4F82AE030E05B
:10E820008537E1F1232D297FD22E8F36A9F1F0F41F
:10E83000883551F1F701868197812B960FB6F894B0
:10E84000DEBF0FBECDBFDF91CF911F910F91FF9023
:10E85000EF90DF90CF90BF90AF909F908F907F9080
:10E860006F905F904F903F902F900895803749F0C0
:10E87000883701F7D4FE02C06894D2F820E130E076
:10E880000DC06894D4F8F6CF34FE03C0822F8660A2
:10E89000D82E20E132E002C028E030E0F801D7FEB7
:10E8A0000FC060817181828193810C5F1F4FA50130
:10E8B0000E94DF74C82ECA183D2CE89437F852CF56
:10E8C0006081718190E080E00E5F1F4FF0CF42FCCD
:10E8D00002C0839463CF8394839460CF842D867821
:10E8E00009F45CCFF6CFB70180E290E00E94AF74EC
:10E8F00083948214C0F3512C5ECF522C581882148A
:10E9000008F459CFF8CF842D867809F466CF8BE2CE
:10E9100041FE80E247FC8DE2B70190E05CCFB70199
:10E9200080E390E00E94AF749A9457CF8FEF9FEFEF
:10E9300084CFFC010590615070400110D8F780959C
:10E9400090958E0F9F1F0895FC01615070400190BB
:10E950000110D8F7809590958E0F9F1F08950F9303
:10E960001F93CF93DF93182F092FEB018B8181FD2C
:10E9700009C01FEF0FEF812F902FDF91CF911F91D3
:10E980000F91089582FF14C02E813F818C819D815B
:10E99000281739073CF4E881F981CF010196998362
:10E9A000888310838E819F8101969F838E83E3CF1E
:10E9B000E885F985812F1995892BA1F3DACFFA0122
:10E9C000AA27283051F1203181F1E8946F936E7FAE
:10E9D0006E5F7F4F8F4F9F4FAF4FB1E03ED0B4E09F
:10E9E0003CD0670F781F891F9A1FA11D680F791FE0
:10E9F0008A1F911DA11D6A0F711D811D911DA11DF1
:10EA000020D009F468943F912AE0269F1124301900
:10EA1000305D3193DEF6CF010895462F4770405D9B
:10EA20004193B3E00FD0C9F7F6CF462F4F70405D4A
:10EA30004A3318F0495D31FD4052419302D0A9F7A5
:10EA4000EACFB4E0A6959795879577956795BA959F
:10EA5000C9F700976105710508959B01AC010A2E65
:10EA600006945795479537952795BA95C9F7620F3C
:0EEA7000731F841F951FA01D0895F894FFCFFB
:10EA7E000000000000000000000000010031033B18
:10EA8E0003014503000000000000810A810A810A8B
:10EA9E00810A810A810A810A810A0000AB14800072
:10EAAE000000A0400000204223FFCDCC4C40CDCC36
:10EABE004C3FB80BB80B0000E803000040400000CC
:10EACE00C8420000C8420000C84200007042000068
:10EADE00803F0000C84126FF0000A0400000803F9C
:10EAEE00E803E8030000E8030000C03F000088428E
:10EAFE00CDCCEC3F0000A042B0040000A0420000CC
:10EB0E0000400200983A0000E803191A1B1C1D125F
:10EB1E0013422B3B3C3D4344451E1F202C2A2E21E5
:10EB2E00222324252627282914000000003F000058
:10EB3E00F0410000204140420F0003E07072009847
:10EB4E003A0000E0930400000020423333B33E1439
:10EB5E00000000803F0000F0410000204140420FC5
:10EB6E00000300093D00983A000090D00300000019
:10EB7E0034423333B33E0C000000803F0000C841E6
:10EB8E000000804140420F0003A02E63003075004C
:10EB9E0000305705000000F0413333B33E00000053
:10EBAE0000BA1F0A4EC52800000000BA1F0C4E40C6
:10EBBE002000000000BB1F084E0E4E0603DF02B8F9
:10EBCE000206000000A0400000A0420000204240CB
:10EBDE00420F0004A0252600204E000090D0030016
:10EBEE000000F0423333B33E010201010201020381
:10EBFE0004050101060501100000304100008841A6
:10EC0E008A02DC05032D000000003333D3400000E0
:10EC1E008041B400C300CD00C80064E17A1441CD38
:10EC2E00CCCC3ECDCCCC3C5000021000005041006C
:10EC3E000088415203DC05033C0000000000000088
:10EC4E004100009041F50004010E010901645C8F42
:10EC5E000A419A99993EBC74933C780005060708C0
:10EC6E00090A0B0C0D0E0F10113014151617180083
:10EC7E00000000000000000000B4430000964300B6
:10EC8E0000A5430000A0430000A04300009B4300EA
:10EC9E000000000000000000000000011000003025
:10ECAE0041000088418A02DC05032D00000000337C
:10ECBE0033D34000008041B400C300CD00C80064CF
:10ECCE00E17A1441CDCCCC3ECDCCCC3C50000210E0
:10ECDE0000005041000088415203DC05033C000057
:10ECEE0000000000004100009041F50004010E01FB
:10ECFE000901645C8F0A419A99993EBC74933C78E1
:10ED0E0000000000000000000001000000000000F4
:10ED1E0000000001000000000100010101010101DD
:10ED2E0001000101010100000100010100010000CC
:10ED3E0001000001000000000100010101010000BE
:10ED4E0001000000000000000100000000000000B3
:10ED5E0001000000000000000000000000180B82FF
:10ED6E000AAF0A800BE00ABE0AD20A0D0A006E61D3
:10ED7E006E00696E66006F7666004D4154455249CD
:10ED8E00414C00504C4100504554005348524544AC
:10ED9E000041524D0050555247455F50524548452F
:10EDAE0041540050555247455F464545445F4150DA
:10EDBE0050524F5645440050555247455F574153A8
:10EDCE0054455F52454144590050555247455F43A3
:10EDDE004F4D504C4554455F56495355414C00528A
:10EDEE004554485245414400484F4D455F545241A9
:10EDFE0056455253450041434B0053544F50004328
:10EE0E004C4541520047474D5F5245504F525400BA
:10EE1E0047474D2D44524956452D76302E382D728A
:10EE2E00310043414C004741554745004452495635
:10EE3E00450043555252454E5400434F4F4C494E98
:10EE4E004700414354554154494F4E0054414348A5
:10EE5E0000534852454444455200534352455700CF
:10EE6E0050554C4C45520053504F4F4C4552004656
:10EE7E00414E530044414E4345520074733D256C40
:10EE8E00752070686173653D25752075693D257522
:10EE9E002073657373696F6E3D257520666F726D95
:10EEAE00696E673D2575206661756C743D2575200C
:10EEBE006661756C745F6D733D256C75207374613E
:10EECE0074655F6D733D256C75200073706F6F6C8C
:10EEDE005F656C696769626C653D25752077617346
:10EEEE0074655F6D6F64653D25752077617374651C
:10EEFE005F706174683D25752063616C3D25752FCB
:10EF0E0025752F25752F25752F257520636F6F6C31
:10EF1E00696E675F666565646261636B3D2575202A
:10EF2E000070756C6C65725F6D6D5F735F6D696C93
:10EF3E006C693D256C642F256C642070756C6C6556
:10EF4E00725F72706D5F6D696C6C693D256C642FBC
:10EF5E00256C642070756C6C65725F6572726F7271
:10EF6E005F6D696C6C693D256C64200070756C6C0E
:10EF7E0065725F70776D3D25642070756C6C65727F
:10EF8E005F7361743D25752070756C6C65725F746E
:10EF9E006163683D25752070756C6C65725F6C6978
:10EFAE006D697465643D25752070756C6C65725F56
:10EFBE007361745F6D733D256C75200073637265AC
:10EFCE00775F72706D5F6D696C6C693D256C642046
:10EFDE0073637265775F7265765F6D696C6C693DA0
:10EFEE00256C642073637265775F746163683D2579
:10EFFE00752073637265775F6D69736D6174636895
:10F00E003D25752066616E733D25752F257520662D
:10F01E00616E5F6661756C743D2575200073706F4F
:10F02E006F6C65725F70776D3D25642072616469E7
:10F03E0075735F6D696C6C693D256C642073706FC0
:10F04E006F6C5F72706D5F6D696C6C693D256C6481
:10F05E002F256C64207475726E735F6D696C6C69AC
:10F06E003D256C642073706F6F6C5F746163683DD7
:10F07E002575206A616D3D25752000747261766577
:10F08E007273653D25752F25752F25752074617258
:10F09E006765745F6D696C6C693D256C6420706F7B
:10F0AE00735F6D696C6C693D256C64206861726478
:10F0BE005F6661756C743D25752070697463685F59
:10F0CE0073796E633D25752072657175616C5F7322
:10F0DE00616D706C65733D257520006865617465A2
:10F0EE007225755F6D696C6C693D256C642F256C9E
:10F0FE00642F256C642F256C64207361743D257517
:10F10E00206F6E3D25752000636F6F6C696E675FB3
:10F11E0070726F62653D25752F256C752F256C7588
:10F12E002070757267653D25752F257520696E7681
:10F13E00617269616E74733D25750A0067676D2D86
:10F14E0064726976652D7630382D72310073616682
:10F15E006574792D6F726368657374726174696F0B
:10F16E006E2D636C6F737572652D76302E362E3163
:02F17E0000008F
:00000001FF
