material_id,polymer,form,width_mm,aspect_ratio,wall_friction,screen_fill,orientation_alignment,oversize,oversize_return_probability,pet_ribbon_bypass_probability,dead_pocket_retention_probability,axial_migration_probability,mean_residence_cycles,guarded_fragment_ejection,status,case_id
PLA_SUPPORT,PLA,support fragments,3.0,1.5,0.26,0.2,0.0,False,0.9804054545454546,0.0,0.004053333333333334,0.0019230303030303032,1.11450817706544,False,PASS,PLA_SUPPORT-00-00000
PLA_SUPPORT,PLA,support fragments,3.0,1.5,0.26,0.2,0.5,False,0.9804054545454546,0.0,0.004053333333333334,0.0019230303030303032,1.11450817706544,False,PASS,PLA_SUPPORT-00-00001
PLA_SUPPORT,PLA,support fragments,3.0,1.5,0.26,0.2,1.0,False,0.9804054545454546,0.0,0.004053333333333334,0.0019230303030303032,1.11450817706544,False,PASS,PLA_SUPPORT-00-00002
PLA_SUPPORT,PLA,support fragments,3.0,1.5,0.26,0.45,0.0,False,0.9729054545454545,0.0,0.005720000000000001,0.0027563636363636362,1.1158139400136802,False,PASS,PLA_SUPPORT-00-00003
PLA_SUPPORT,PLA,support fragments,3.0,1.5,0.26,0.45,0.5,False,0.9729054545454545,0.0,0.005720000000000001,0.0027563636363636362,1.1158139400136802,False,PASS,PLA_SUPPORT-00-00004
PLA_SUPPORT,PLA,support fragments,3.0,1.5,0.26,0.45,1.0,False,0.9729054545454545,0.0,0.005720000000000001,0.0027563636363636362,1.1158139400136802,False,PASS,PLA_SUPPORT-00-00005
PLA_SUPPORT,PLA,support fragments,3.0,1.5,0.26,0.7,0.0,False,0.9654054545454546,0.0,0.007386666666666666,0.0035896969696969697,1.1171227662267058,False,PASS,PLA_SUPPORT-00-00006
PLA_SUPPORT,PLA,support fragments,3.0,1.5,0.26,0.7,0.5,False,0.9654054545454546,0.0,0.007386666666666666,0.0035896969696969697,1.1171227662267058,False,PASS,PLA_SUPPORT-00-00007
PLA_SUPPORT,PLA,support fragments,3.0,1.5,0.26,0.7,1.0,False,0.9654054545454546,0.0,0.007386666666666666,0.0035896969696969697,1.1171227662267058,False,PASS,PLA_SUPPORT-00-00008
PLA_SUPPORT,PLA,support fragments,3.0,1.5,0.32,0.2,0.0,False,0.9777654545454546,0.0,0.0047733333333333326,0.002043030303030303,1.114967456938031,False,PASS,PLA_SUPPORT-00-00009
PLA_SUPPORT,PLA,support fragments,3.0,1.5,0.32,0.2,0.5,False,0.9777654545454546,0.0,0.0047733333333333326,0.002043030303030303,1.114967456938031,False,PASS,PLA_SUPPORT-00-00010
PLA_SUPPORT,PLA,support fragments,3.0,1.5,0.32,0.2,1.0,False,0.9777654545454546,0.0,0.0047733333333333326,0.002043030303030303,1.114967456938031,False,PASS,PLA_SUPPORT-00-00011
PLA_SUPPORT,PLA,support fragments,3.0,1.5,0.32,0.45,0.0,False,0.9702654545454545,0.0,0.0064399999999999995,0.0028763636363636365,1.1162742969278263,False,PASS,PLA_SUPPORT-00-00012
PLA_SUPPORT,PLA,support fragments,3.0,1.5,0.32,0.45,0.5,False,0.9702654545454545,0.0,0.0064399999999999995,0.0028763636363636365,1.1162742969278263,False,PASS,PLA_SUPPORT-00-00013
PLA_SUPPORT,PLA,support fragments,3.0,1.5,0.32,0.45,1.0,False,0.9702654545454545,0.0,0.0064399999999999995,0.0028763636363636365,1.1162742969278263,False,PASS,PLA_SUPPORT-00-00014
PLA_SUPPORT,PLA,support fragments,3.0,1.5,0.32,0.7,0.0,False,0.9627654545454546,0.0,0.008106666666666667,0.00370969696969697,1.1175842039754542,False,PASS,PLA_SUPPORT-00-00015
PLA_SUPPORT,PLA,support fragments,3.0,1.5,0.32,0.7,0.5,False,0.9627654545454546,0.0,0.008106666666666667,0.00370969696969697,1.1175842039754542,False,PASS,PLA_SUPPORT-00-00016
PLA_SUPPORT,PLA,support fragments,3.0,1.5,0.32,0.7,1.0,False,0.9627654545454546,0.0,0.008106666666666667,0.00370969696969697,1.1175842039754542,False,PASS,PLA_SUPPORT-00-00017
PLA_SUPPORT,PLA,support fragments,3.0,1.5,0.4,0.2,0.0,False,0.9742454545454545,0.0,0.005733333333333333,0.002203030303030303,1.1155804192513483,False,PASS,PLA_SUPPORT-00-00018
PLA_SUPPORT,PLA,support fragments,3.0,1.5,0.4,0.2,0.5,False,0.9742454545454545,0.0,0.005733333333333333,0.002203030303030303,1.1155804192513483,False,PASS,PLA_SUPPORT-00-00019
PLA_SUPPORT,PLA,support fragments,3.0,1.5,0.4,0.2,1.0,False,0.9742454545454545,0.0,0.005733333333333333,0.002203030303030303,1.1155804192513483,False,PASS,PLA_SUPPORT-00-00020
PLA_SUPPORT,PLA,support fragments,3.0,1.5,0.4,0.45,0.0,False,0.9667454545454545,0.0,0.0074,0.0030363636363636365,1.1168886973706815,False,PASS,PLA_SUPPORT-00-00021
PLA_SUPPORT,PLA,support fragments,3.0,1.5,0.4,0.45,0.5,False,0.9667454545454545,0.0,0.0074,0.0030363636363636365,1.1168886973706815,False,PASS,PLA_SUPPORT-00-00022
PLA_SUPPORT,PLA,support fragments,3.0,1.5,0.4,0.45,1.0,False,0.9667454545454545,0.0,0.0074,0.0030363636363636365,1.1168886973706815,False,PASS,PLA_SUPPORT-00-00023
PLA_SUPPORT,PLA,support fragments,3.0,1.5,0.4,0.7,0.0,False,0.9592454545454545,0.0,0.009066666666666667,0.00386969696969697,1.1182000476149911,False,PASS,PLA_SUPPORT-00-00024
PLA_SUPPORT,PLA,support fragments,3.0,1.5,0.4,0.7,0.5,False,0.9592454545454545,0.0,0.009066666666666667,0.00386969696969697,1.1182000476149911,False,PASS,PLA_SUPPORT-00-00025
PLA_SUPPORT,PLA,support fragments,3.0,1.5,0.4,0.7,1.0,False,0.9592454545454545,0.0,0.009066666666666667,0.00386969696969697,1.1182000476149911,False,PASS,PLA_SUPPORT-00-00026
PLA_SUPPORT,PLA,support fragments,3.0,2.5,0.26,0.2,0.0,False,0.9794963636363637,0.0,0.004053333333333334,0.0021957575757575757,1.1146662885718615,False,PASS,PLA_SUPPORT-01-00027
PLA_SUPPORT,PLA,support fragments,3.0,2.5,0.26,0.2,0.5,False,0.9794963636363637,0.0,0.004053333333333334,0.0021957575757575757,1.1146662885718615,False,PASS,PLA_SUPPORT-01-00028
PLA_SUPPORT,PLA,support fragments,3.0,2.5,0.26,0.2,1.0,False,0.9794963636363637,0.0,0.004053333333333334,0.0021957575757575757,1.1146662885718615,False,PASS,PLA_SUPPORT-01-00029
PLA_SUPPORT,PLA,support fragments,3.0,2.5,0.26,0.45,0.0,False,0.9719963636363637,0.0,0.005720000000000001,0.0030290909090909092,1.1159724222518244,False,PASS,PLA_SUPPORT-01-00030
PLA_SUPPORT,PLA,support fragments,3.0,2.5,0.26,0.45,0.5,False,0.9719963636363637,0.0,0.005720000000000001,0.0030290909090909092,1.1159724222518244,False,PASS,PLA_SUPPORT-01-00031
PLA_SUPPORT,PLA,support fragments,3.0,2.5,0.26,0.45,1.0,False,0.9719963636363637,0.0,0.005720000000000001,0.0030290909090909092,1.1159724222518244,False,PASS,PLA_SUPPORT-01-00032
PLA_SUPPORT,PLA,support fragments,3.0,2.5,0.26,0.7,0.0,False,0.9644963636363637,0.0,0.007386666666666666,0.0038624242424242423,1.117281620502012,False,PASS,PLA_SUPPORT-01-00033
PLA_SUPPORT,PLA,support fragments,3.0,2.5,0.26,0.7,0.5,False,0.9644963636363637,0.0,0.007386666666666666,0.0038624242424242423,1.117281620502012,False,PASS,PLA_SUPPORT-01-00034
PLA_SUPPORT,PLA,support fragments,3.0,2.5,0.26,0.7,1.0,False,0.9644963636363637,0.0,0.007386666666666666,0.0038624242424242423,1.117281620502012,False,PASS,PLA_SUPPORT-01-00035
PLA_SUPPORT,PLA,support fragments,3.0,2.5,0.32,0.2,0.0,False,0.9768563636363637,0.0,0.0047733333333333326,0.002315757575757576,1.1151256987935192,False,PASS,PLA_SUPPORT-01-00036
PLA_SUPPORT,PLA,support fragments,3.0,2.5,0.32,0.2,0.5,False,0.9768563636363637,0.0,0.0047733333333333326,0.002315757575757576,1.1151256987935192,False,PASS,PLA_SUPPORT-01-00037
PLA_SUPPORT,PLA,support fragments,3.0,2.5,0.32,0.2,1.0,False,0.9768563636363637,0.0,0.0047733333333333326,0.002315757575757576,1.1151256987935192,False,PASS,PLA_SUPPORT-01-00038
PLA_SUPPORT,PLA,support fragments,3.0,2.5,0.32,0.45,0.0,False,0.9693563636363637,0.0,0.0064399999999999995,0.0031490909090909095,1.1164329099738544,False,PASS,PLA_SUPPORT-01-00039
PLA_SUPPORT,PLA,support fragments,3.0,2.5,0.32,0.45,0.5,False,0.9693563636363637,0.0,0.0064399999999999995,0.0031490909090909095,1.1164329099738544,False,PASS,PLA_SUPPORT-01-00040
PLA_SUPPORT,PLA,support fragments,3.0,2.5,0.32,0.45,1.0,False,0.9693563636363637,0.0,0.0064399999999999995,0.0031490909090909095,1.1164329099738544,False,PASS,PLA_SUPPORT-01-00041
PLA_SUPPORT,PLA,support fragments,3.0,2.5,0.32,0.7,0.0,False,0.9618563636363637,0.0,0.008106666666666667,0.003982424242424242,1.117743189519617,False,PASS,PLA_SUPPORT-01-00042
PLA_SUPPORT,PLA,support fragments,3.0,2.5,0.32,0.7,0.5,False,0.9618563636363637,0.0,0.008106666666666667,0.003982424242424242,1.117743189519617,False,PASS,PLA_SUPPORT-01-00043
PLA_SUPPORT,PLA,support fragments,3.0,2.5,0.32,0.7,1.0,False,0.9618563636363637,0.0,0.008106666666666667,0.003982424242424242,1.117743189519617,False,PASS,PLA_SUPPORT-01-00044
PLA_SUPPORT,PLA,support fragments,3.0,2.5,0.4,0.2,0.0,False,0.9733363636363637,0.0,0.005733333333333333,0.002475757575757576,1.1157388351564843,False,PASS,PLA_SUPPORT-01-00045
PLA_SUPPORT,PLA,support fragments,3.0,2.5,0.4,0.2,0.5,False,0.9733363636363637,0.0,0.005733333333333333,0.002475757575757576,1.1157388351564843,False,PASS,PLA_SUPPORT-01-00046
PLA_SUPPORT,PLA,support fragments,3.0,2.5,0.4,0.2,1.0,False,0.9733363636363637,0.0,0.005733333333333333,0.002475757575757576,1.1157388351564843,False,PASS,PLA_SUPPORT-01-00047
PLA_SUPPORT,PLA,support fragments,3.0,2.5,0.4,0.45,0.0,False,0.9658363636363636,0.0,0.0074,0.0033090909090909095,1.117047485079292,False,PASS,PLA_SUPPORT-01-00048
PLA_SUPPORT,PLA,support fragments,3.0,2.5,0.4,0.45,0.5,False,0.9658363636363636,0.0,0.0074,0.0033090909090909095,1.117047485079292,False,PASS,PLA_SUPPORT-01-00049
PLA_SUPPORT,PLA,support fragments,3.0,2.5,0.4,0.45,1.0,False,0.9658363636363636,0.0,0.0074,0.0033090909090909095,1.117047485079292,False,PASS,PLA_SUPPORT-01-00050
PLA_SUPPORT,PLA,support fragments,3.0,2.5,0.4,0.7,0.0,False,0.9583363636363637,0.0,0.009066666666666667,0.004142424242424243,1.1183592084375524,False,PASS,PLA_SUPPORT-01-00051
PLA_SUPPORT,PLA,support fragments,3.0,2.5,0.4,0.7,0.5,False,0.9583363636363637,0.0,0.009066666666666667,0.004142424242424243,1.1183592084375524,False,PASS,PLA_SUPPORT-01-00052
PLA_SUPPORT,PLA,support fragments,3.0,2.5,0.4,0.7,1.0,False,0.9583363636363637,0.0,0.009066666666666667,0.004142424242424243,1.1183592084375524,False,PASS,PLA_SUPPORT-01-00053
PLA_SUPPORT,PLA,support fragments,3.0,4.0,0.26,0.2,0.0,False,0.9781327272727274,0.0,0.004053333333333334,0.0026048484848484846,1.1149035399646903,False,PASS,PLA_SUPPORT-02-00054
PLA_SUPPORT,PLA,support fragments,3.0,4.0,0.26,0.2,0.5,False,0.9781327272727274,0.0,0.004053333333333334,0.0026048484848484846,1.1149035399646903,False,PASS,PLA_SUPPORT-02-00055
PLA_SUPPORT,PLA,support fragments,3.0,4.0,0.26,0.2,1.0,False,0.9781327272727274,0.0,0.004053333333333334,0.0026048484848484846,1.1149035399646903,False,PASS,PLA_SUPPORT-02-00056
PLA_SUPPORT,PLA,support fragments,3.0,4.0,0.26,0.45,0.0,False,0.9706327272727273,0.0,0.005720000000000001,0.003438181818181818,1.1162102300383456,False,PASS,PLA_SUPPORT-02-00057
PLA_SUPPORT,PLA,support fragments,3.0,4.0,0.26,0.45,0.5,False,0.9706327272727273,0.0,0.005720000000000001,0.003438181818181818,1.1162102300383456,False,PASS,PLA_SUPPORT-02-00058
PLA_SUPPORT,PLA,support fragments,3.0,4.0,0.26,0.45,1.0,False,0.9706327272727273,0.0,0.005720000000000001,0.003438181818181818,1.1162102300383456,False,PASS,PLA_SUPPORT-02-00059
PLA_SUPPORT,PLA,support fragments,3.0,4.0,0.26,0.7,0.0,False,0.9631327272727274,0.0,0.007386666666666666,0.004271515151515152,1.1175199866417755,False,PASS,PLA_SUPPORT-02-00060
PLA_SUPPORT,PLA,support fragments,3.0,4.0,0.26,0.7,0.5,False,0.9631327272727274,0.0,0.007386666666666666,0.004271515151515152,1.1175199866417755,False,PASS,PLA_SUPPORT-02-00061
PLA_SUPPORT,PLA,support fragments,3.0,4.0,0.26,0.7,1.0,False,0.9631327272727274,0.0,0.007386666666666666,0.004271515151515152,1.1175199866417755,False,PASS,PLA_SUPPORT-02-00062
PLA_SUPPORT,PLA,support fragments,3.0,4.0,0.32,0.2,0.0,False,0.9754927272727274,0.0,0.0047733333333333326,0.002724848484848485,1.1153631458140196,False,PASS,PLA_SUPPORT-02-00063
PLA_SUPPORT,PLA,support fragments,3.0,4.0,0.32,0.2,0.5,False,0.9754927272727274,0.0,0.0047733333333333326,0.002724848484848485,1.1153631458140196,False,PASS,PLA_SUPPORT-02-00064
PLA_SUPPORT,PLA,support fragments,3.0,4.0,0.32,0.2,1.0,False,0.9754927272727274,0.0,0.0047733333333333326,0.002724848484848485,1.1153631458140196,False,PASS,PLA_SUPPORT-02-00065
PLA_SUPPORT,PLA,support fragments,3.0,4.0,0.32,0.45,0.0,False,0.9679927272727273,0.0,0.0064399999999999995,0.0035581818181818184,1.1166709140767617,False,PASS,PLA_SUPPORT-02-00066
PLA_SUPPORT,PLA,support fragments,3.0,4.0,0.32,0.45,0.5,False,0.9679927272727273,0.0,0.0064399999999999995,0.0035581818181818184,1.1166709140767617,False,PASS,PLA_SUPPORT-02-00067
PLA_SUPPORT,PLA,support fragments,3.0,4.0,0.32,0.45,1.0,False,0.9679927272727273,0.0,0.0064399999999999995,0.0035581818181818184,1.1166709140767617,False,PASS,PLA_SUPPORT-02-00068
PLA_SUPPORT,PLA,support fragments,3.0,4.0,0.32,0.7,0.0,False,0.9604927272727274,0.0,0.008106666666666667,0.0043915151515151515,1.1179817526677178,False,PASS,PLA_SUPPORT-02-00069
PLA_SUPPORT,PLA,support fragments,3.0,4.0,0.32,0.7,0.5,False,0.9604927272727274,0.0,0.008106666666666667,0.0043915151515151515,1.1179817526677178,False,PASS,PLA_SUPPORT-02-00070
PLA_SUPPORT,PLA,support fragments,3.0,4.0,0.32,0.7,1.0,False,0.9604927272727274,0.0,0.008106666666666667,0.0043915151515151515,1.1179817526677178,False,PASS,PLA_SUPPORT-02-00071
PLA_SUPPORT,PLA,support fragments,3.0,4.0,0.4,0.2,0.0,False,0.9719727272727273,0.0,0.005733333333333333,0.002884848484848485,1.115976543390487,False,PASS,PLA_SUPPORT-02-00072
PLA_SUPPORT,PLA,support fragments,3.0,4.0,0.4,0.2,0.5,False,0.9719727272727273,0.0,0.005733333333333333,0.002884848484848485,1.115976543390487,False,PASS,PLA_SUPPORT-02-00073
PLA_SUPPORT,PLA,support fragments,3.0,4.0,0.4,0.2,1.0,False,0.9719727272727273,0.0,0.005733333333333333,0.002884848484848485,1.115976543390487,False,PASS,PLA_SUPPORT-02-00074
PLA_SUPPORT,PLA,support fragments,3.0,4.0,0.4,0.45,0.0,False,0.9644727272727273,0.0,0.0074,0.0037181818181818184,1.1172857513157564,False,PASS,PLA_SUPPORT-02-00075
PLA_SUPPORT,PLA,support fragments,3.0,4.0,0.4,0.45,0.5,False,0.9644727272727273,0.0,0.0074,0.0037181818181818184,1.1172857513157564,False,PASS,PLA_SUPPORT-02-00076
PLA_SUPPORT,PLA,support fragments,3.0,4.0,0.4,0.45,1.0,False,0.9644727272727273,0.0,0.0074,0.0037181818181818184,1.1172857513157564,False,PASS,PLA_SUPPORT-02-00077
PLA_SUPPORT,PLA,support fragments,3.0,4.0,0.4,0.7,0.0,False,0.9569727272727273,0.0,0.009066666666666667,0.004551515151515152,1.1185980346435913,False,PASS,PLA_SUPPORT-02-00078
PLA_SUPPORT,PLA,support fragments,3.0,4.0,0.4,0.7,0.5,False,0.9569727272727273,0.0,0.009066666666666667,0.004551515151515152,1.1185980346435913,False,PASS,PLA_SUPPORT-02-00079
PLA_SUPPORT,PLA,support fragments,3.0,4.0,0.4,0.7,1.0,False,0.9569727272727273,0.0,0.009066666666666667,0.004551515151515152,1.1185980346435913,False,PASS,PLA_SUPPORT-02-00080
PLA_SUPPORT,PLA,support fragments,5.5,1.5,0.26,0.2,0.0,True,0.9804054545454546,0.0,0.004053333333333334,0.0019230303030303032,2.0953081783078304,False,PASS,PLA_SUPPORT-10-00081
PLA_SUPPORT,PLA,support fragments,5.5,1.5,0.26,0.2,0.5,True,0.9804054545454546,0.0,0.004053333333333334,0.0019230303030303032,2.0953081783078304,False,PASS,PLA_SUPPORT-10-00082
PLA_SUPPORT,PLA,support fragments,5.5,1.5,0.26,0.2,1.0,True,0.9804054545454546,0.0,0.004053333333333334,0.0019230303030303032,2.0953081783078304,False,PASS,PLA_SUPPORT-10-00083
PLA_SUPPORT,PLA,support fragments,5.5,1.5,0.26,0.45,0.0,True,0.9729054545454545,0.0,0.005720000000000001,0.0027563636363636362,2.0999281748203185,False,PASS,PLA_SUPPORT-10-00084
PLA_SUPPORT,PLA,support fragments,5.5,1.5,0.26,0.45,0.5,True,0.9729054545454545,0.0,0.005720000000000001,0.0027563636363636362,2.0999281748203185,False,PASS,PLA_SUPPORT-10-00085
PLA_SUPPORT,PLA,support fragments,5.5,1.5,0.26,0.45,1.0,True,0.9729054545454545,0.0,0.005720000000000001,0.0027563636363636362,2.0999281748203185,False,PASS,PLA_SUPPORT-10-00086
PLA_SUPPORT,PLA,support fragments,5.5,1.5,0.26,0.7,0.0,True,0.9654054545454546,0.0,0.007386666666666666,0.0035896969696969697,2.104568589841852,False,PASS,PLA_SUPPORT-10-00087
PLA_SUPPORT,PLA,support fragments,5.5,1.5,0.26,0.7,0.5,True,0.9654054545454546,0.0,0.007386666666666666,0.0035896969696969697,2.104568589841852,False,PASS,PLA_SUPPORT-10-00088
PLA_SUPPORT,PLA,support fragments,5.5,1.5,0.26,0.7,1.0,True,0.9654054545454546,0.0,0.007386666666666666,0.0035896969696969697,2.104568589841852,False,PASS,PLA_SUPPORT-10-00089
PLA_SUPPORT,PLA,support fragments,5.5,1.5,0.32,0.2,0.0,True,0.9777654545454546,0.0,0.0047733333333333326,0.002043030303030303,2.0969320968398315,False,PASS,PLA_SUPPORT-10-00090
PLA_SUPPORT,PLA,support fragments,5.5,1.5,0.32,0.2,0.5,True,0.9777654545454546,0.0,0.0047733333333333326,0.002043030303030303,2.0969320968398315,False,PASS,PLA_SUPPORT-10-00091
PLA_SUPPORT,PLA,support fragments,5.5,1.5,0.32,0.2,1.0,True,0.9777654545454546,0.0,0.0047733333333333326,0.002043030303030303,2.0969320968398315,False,PASS,PLA_SUPPORT-10-00092
PLA_SUPPORT,PLA,support fragments,5.5,1.5,0.32,0.45,0.0,True,0.9702654545454545,0.0,0.0064399999999999995,0.0028763636363636365,2.1015592652704265,False,PASS,PLA_SUPPORT-10-00093
PLA_SUPPORT,PLA,support fragments,5.5,1.5,0.32,0.45,0.5,True,0.9702654545454545,0.0,0.0064399999999999995,0.0028763636363636365,2.1015592652704265,False,PASS,PLA_SUPPORT-10-00094
PLA_SUPPORT,PLA,support fragments,5.5,1.5,0.32,0.45,1.0,True,0.9702654545454545,0.0,0.0064399999999999995,0.0028763636363636365,2.1015592652704265,False,PASS,PLA_SUPPORT-10-00095
PLA_SUPPORT,PLA,support fragments,5.5,1.5,0.32,0.7,0.0,True,0.9627654545454546,0.0,0.008106666666666667,0.00370969696969697,2.106206899826579,False,PASS,PLA_SUPPORT-10-00096
PLA_SUPPORT,PLA,support fragments,5.5,1.5,0.32,0.7,0.5,True,0.9627654545454546,0.0,0.008106666666666667,0.00370969696969697,2.106206899826579,False,PASS,PLA_SUPPORT-10-00097
PLA_SUPPORT,PLA,support fragments,5.5,1.5,0.32,0.7,1.0,True,0.9627654545454546,0.0,0.008106666666666667,0.00370969696969697,2.106206899826579,False,PASS,PLA_SUPPORT-10-00098
PLA_SUPPORT,PLA,support fragments,5.5,1.5,0.4,0.2,0.0,True,0.9742454545454545,0.0,0.005733333333333333,0.002203030303030303,2.099101241179481,False,PASS,PLA_SUPPORT-10-00099
PLA_SUPPORT,PLA,support fragments,5.5,1.5,0.4,0.2,0.5,True,0.9742454545454545,0.0,0.005733333333333333,0.002203030303030303,2.099101241179481,False,PASS,PLA_SUPPORT-10-00100
PLA_SUPPORT,PLA,support fragments,5.5,1.5,0.4,0.2,1.0,True,0.9742454545454545,0.0,0.005733333333333333,0.002203030303030303,2.099101241179481,False,PASS,PLA_SUPPORT-10-00101
PLA_SUPPORT,PLA,support fragments,5.5,1.5,0.4,0.45,0.0,True,0.9667454545454545,0.0,0.0074,0.0030363636363636365,2.1037379981747204,False,PASS,PLA_SUPPORT-10-00102
PLA_SUPPORT,PLA,support fragments,5.5,1.5,0.4,0.45,0.5,True,0.9667454545454545,0.0,0.0074,0.0030363636363636365,2.1037379981747204,False,PASS,PLA_SUPPORT-10-00103
PLA_SUPPORT,PLA,support fragments,5.5,1.5,0.4,0.45,1.0,True,0.9667454545454545,0.0,0.0074,0.0030363636363636365,2.1037379981747204,False,PASS,PLA_SUPPORT-10-00104
PLA_SUPPORT,PLA,support fragments,5.5,1.5,0.4,0.7,0.0,True,0.9592454545454545,0.0,0.009066666666666667,0.00386969696969697,2.108395285014791,False,PASS,PLA_SUPPORT-10-00105
PLA_SUPPORT,PLA,support fragments,5.5,1.5,0.4,0.7,0.5,True,0.9592454545454545,0.0,0.009066666666666667,0.00386969696969697,2.108395285014791,False,PASS,PLA_SUPPORT-10-00106
PLA_SUPPORT,PLA,support fragments,5.5,1.5,0.4,0.7,1.0,True,0.9592454545454545,0.0,0.009066666666666667,0.00386969696969697,2.108395285014791,False,PASS,PLA_SUPPORT-10-00107
PLA_SUPPORT,PLA,support fragments,5.5,2.5,0.26,0.2,0.0,True,0.9794963636363637,0.0,0.004053333333333334,0.0021957575757575757,2.0958670948942313,False,PASS,PLA_SUPPORT-11-00108
PLA_SUPPORT,PLA,support fragments,5.5,2.5,0.26,0.2,0.5,True,0.9794963636363637,0.0,0.004053333333333334,0.0021957575757575757,2.0958670948942313,False,PASS,PLA_SUPPORT-11-00109
PLA_SUPPORT,PLA,support fragments,5.5,2.5,0.26,0.2,1.0,True,0.9794963636363637,0.0,0.004053333333333334,0.0021957575757575757,2.0958670948942313,False,PASS,PLA_SUPPORT-11-00110
PLA_SUPPORT,PLA,support fragments,5.5,2.5,0.26,0.45,0.0,True,0.9719963636363637,0.0,0.005720000000000001,0.0030290909090909092,2.1004895591920247,False,PASS,PLA_SUPPORT-11-00111
PLA_SUPPORT,PLA,support fragments,5.5,2.5,0.26,0.45,0.5,True,0.9719963636363637,0.0,0.005720000000000001,0.0030290909090909092,2.1004895591920247,False,PASS,PLA_SUPPORT-11-00112
PLA_SUPPORT,PLA,support fragments,5.5,2.5,0.26,0.45,1.0,True,0.9719963636363637,0.0,0.005720000000000001,0.0030290909090909092,2.1004895591920247,False,PASS,PLA_SUPPORT-11-00113
PLA_SUPPORT,PLA,support fragments,5.5,2.5,0.26,0.7,0.0,True,0.9644963636363637,0.0,0.007386666666666666,0.0038624242424242423,2.105132458379043,False,PASS,PLA_SUPPORT-11-00114
PLA_SUPPORT,PLA,support fragments,5.5,2.5,0.26,0.7,0.5,True,0.9644963636363637,0.0,0.007386666666666666,0.0038624242424242423,2.105132458379043,False,PASS,PLA_SUPPORT-11-00115
PLA_SUPPORT,PLA,support fragments,5.5,2.5,0.26,0.7,1.0,True,0.9644963636363637,0.0,0.007386666666666666,0.0038624242424242423,2.105132458379043,False,PASS,PLA_SUPPORT-11-00116
PLA_SUPPORT,PLA,support fragments,5.5,2.5,0.32,0.2,0.0,True,0.9768563636363637,0.0,0.0047733333333333326,0.002315757575757576,2.0974918802275693,False,PASS,PLA_SUPPORT-11-00117
PLA_SUPPORT,PLA,support fragments,5.5,2.5,0.32,0.2,0.5,True,0.9768563636363637,0.0,0.0047733333333333326,0.002315757575757576,2.0974918802275693,False,PASS,PLA_SUPPORT-11-00118
PLA_SUPPORT,PLA,support fragments,5.5,2.5,0.32,0.2,1.0,True,0.9768563636363637,0.0,0.0047733333333333326,0.002315757575757576,2.0974918802275693,False,PASS,PLA_SUPPORT-11-00119
PLA_SUPPORT,PLA,support fragments,5.5,2.5,0.32,0.45,0.0,True,0.9693563636363637,0.0,0.0064399999999999995,0.0031490909090909095,2.1021215221928227,False,PASS,PLA_SUPPORT-11-00120
PLA_SUPPORT,PLA,support fragments,5.5,2.5,0.32,0.45,0.5,True,0.9693563636363637,0.0,0.0064399999999999995,0.0031490909090909095,2.1021215221928227,False,PASS,PLA_SUPPORT-11-00121
PLA_SUPPORT,PLA,support fragments,5.5,2.5,0.32,0.45,1.0,True,0.9693563636363637,0.0,0.0064399999999999995,0.0031490909090909095,2.1021215221928227,False,PASS,PLA_SUPPORT-11-00122
PLA_SUPPORT,PLA,support fragments,5.5,2.5,0.32,0.7,0.0,True,0.9618563636363637,0.0,0.008106666666666667,0.003982424242424242,2.1067716467147726,False,PASS,PLA_SUPPORT-11-00123
PLA_SUPPORT,PLA,support fragments,5.5,2.5,0.32,0.7,0.5,True,0.9618563636363637,0.0,0.008106666666666667,0.003982424242424242,2.1067716467147726,False,PASS,PLA_SUPPORT-11-00124
PLA_SUPPORT,PLA,support fragments,5.5,2.5,0.32,0.7,1.0,True,0.9618563636363637,0.0,0.008106666666666667,0.003982424242424242,2.1067716467147726,False,PASS,PLA_SUPPORT-11-00125
PLA_SUPPORT,PLA,support fragments,5.5,2.5,0.4,0.2,0.0,True,0.9733363636363637,0.0,0.005733333333333333,0.002475757575757576,2.099662183442522,False,PASS,PLA_SUPPORT-11-00126
PLA_SUPPORT,PLA,support fragments,5.5,2.5,0.4,0.2,0.5,True,0.9733363636363637,0.0,0.005733333333333333,0.002475757575757576,2.099662183442522,False,PASS,PLA_SUPPORT-11-00127
PLA_SUPPORT,PLA,support fragments,5.5,2.5,0.4,0.2,1.0,True,0.9733363636363637,0.0,0.005733333333333333,0.002475757575757576,2.099662183442522,False,PASS,PLA_SUPPORT-11-00128
PLA_SUPPORT,PLA,support fragments,5.5,2.5,0.4,0.45,0.0,True,0.9658363636363636,0.0,0.0074,0.0033090909090909095,2.1043014216660403,False,PASS,PLA_SUPPORT-11-00129
PLA_SUPPORT,PLA,support fragments,5.5,2.5,0.4,0.45,0.5,True,0.9658363636363636,0.0,0.0074,0.0033090909090909095,2.1043014216660403,False,PASS,PLA_SUPPORT-11-00130
PLA_SUPPORT,PLA,support fragments,5.5,2.5,0.4,0.45,1.0,True,0.9658363636363636,0.0,0.0074,0.0033090909090909095,2.1043014216660403,False,PASS,PLA_SUPPORT-11-00131
PLA_SUPPORT,PLA,support fragments,5.5,2.5,0.4,0.7,0.0,True,0.9583363636363637,0.0,0.009066666666666667,0.004142424242424243,2.1089612062337824,False,PASS,PLA_SUPPORT-11-00132
PLA_SUPPORT,PLA,support fragments,5.5,2.5,0.4,0.7,0.5,True,0.9583363636363637,0.0,0.009066666666666667,0.004142424242424243,2.1089612062337824,False,PASS,PLA_SUPPORT-11-00133
PLA_SUPPORT,PLA,support fragments,5.5,2.5,0.4,0.7,1.0,True,0.9583363636363637,0.0,0.009066666666666667,0.004142424242424243,2.1089612062337824,False,PASS,PLA_SUPPORT-11-00134
PLA_SUPPORT,PLA,support fragments,5.5,4.0,0.26,0.2,0.0,True,0.9781327272727274,0.0,0.004053333333333334,0.0026048484848484846,2.0967060290819983,False,PASS,PLA_SUPPORT-12-00135
PLA_SUPPORT,PLA,support fragments,5.5,4.0,0.26,0.2,0.5,True,0.9781327272727274,0.0,0.004053333333333334,0.0026048484848484846,2.0967060290819983,False,PASS,PLA_SUPPORT-12-00136
PLA_SUPPORT,PLA,support fragments,5.5,4.0,0.26,0.2,1.0,True,0.9781327272727274,0.0,0.004053333333333334,0.0026048484848484846,2.0967060290819983,False,PASS,PLA_SUPPORT-12-00137
PLA_SUPPORT,PLA,support fragments,5.5,4.0,0.26,0.45,0.0,True,0.9706327272727273,0.0,0.005720000000000001,0.003438181818181818,2.10133219876677,False,PASS,PLA_SUPPORT-12-00138
PLA_SUPPORT,PLA,support fragments,5.5,4.0,0.26,0.45,0.5,True,0.9706327272727273,0.0,0.005720000000000001,0.003438181818181818,2.10133219876677,False,PASS,PLA_SUPPORT-12-00139
PLA_SUPPORT,PLA,support fragments,5.5,4.0,0.26,0.45,1.0,True,0.9706327272727273,0.0,0.005720000000000001,0.003438181818181818,2.10133219876677,False,PASS,PLA_SUPPORT-12-00140
PLA_SUPPORT,PLA,support fragments,5.5,4.0,0.26,0.7,0.0,True,0.9631327272727274,0.0,0.007386666666666666,0.004271515151515152,2.1059788279439036,False,PASS,PLA_SUPPORT-12-00141
PLA_SUPPORT,PLA,support fragments,5.5,4.0,0.26,0.7,0.5,True,0.9631327272727274,0.0,0.007386666666666666,0.004271515151515152,2.1059788279439036,False,PASS,PLA_SUPPORT-12-00142
PLA_SUPPORT,PLA,support fragments,5.5,4.0,0.26,0.7,1.0,True,0.9631327272727274,0.0,0.007386666666666666,0.004271515151515152,2.1059788279439036,False,PASS,PLA_SUPPORT-12-00143
PLA_SUPPORT,PLA,support fragments,5.5,4.0,0.32,0.2,0.0,True,0.9754927272727274,0.0,0.0047733333333333326,0.002724848484848485,2.0983321159191908,False,PASS,PLA_SUPPORT-12-00144
PLA_SUPPORT,PLA,support fragments,5.5,4.0,0.32,0.2,0.5,True,0.9754927272727274,0.0,0.0047733333333333326,0.002724848484848485,2.0983321159191908,False,PASS,PLA_SUPPORT-12-00145
PLA_SUPPORT,PLA,support fragments,5.5,4.0,0.32,0.2,1.0,True,0.9754927272727274,0.0,0.0047733333333333326,0.002724848484848485,2.0983321159191908,False,PASS,PLA_SUPPORT-12-00146
PLA_SUPPORT,PLA,support fragments,5.5,4.0,0.32,0.45,0.0,True,0.9679927272727273,0.0,0.0064399999999999995,0.0035581818181818184,2.1029654719069812,False,PASS,PLA_SUPPORT-12-00147
PLA_SUPPORT,PLA,support fragments,5.5,4.0,0.32,0.45,0.5,True,0.9679927272727273,0.0,0.0064399999999999995,0.0035581818181818184,2.1029654719069812,False,PASS,PLA_SUPPORT-12-00148
PLA_SUPPORT,PLA,support fragments,5.5,4.0,0.32,0.45,1.0,True,0.9679927272727273,0.0,0.0064399999999999995,0.0035581818181818184,2.1029654719069812,False,PASS,PLA_SUPPORT-12-00149
PLA_SUPPORT,PLA,support fragments,5.5,4.0,0.32,0.7,0.0,True,0.9604927272727274,0.0,0.008106666666666667,0.0043915151515151515,2.107619335131171,False,PASS,PLA_SUPPORT-12-00150
PLA_SUPPORT,PLA,support fragments,5.5,4.0,0.32,0.7,0.5,True,0.9604927272727274,0.0,0.008106666666666667,0.0043915151515151515,2.107619335131171,False,PASS,PLA_SUPPORT-12-00151
PLA_SUPPORT,PLA,support fragments,5.5,4.0,0.32,0.7,1.0,True,0.9604927272727274,0.0,0.008106666666666667,0.0043915151515151515,2.107619335131171,False,PASS,PLA_SUPPORT-12-00152
PLA_SUPPORT,PLA,support fragments,5.5,4.0,0.4,0.2,0.0,True,0.9719727272727273,0.0,0.005733333333333333,0.002884848484848485,2.1005041591891898,False,PASS,PLA_SUPPORT-12-00153
PLA_SUPPORT,PLA,support fragments,5.5,4.0,0.4,0.2,0.5,True,0.9719727272727273,0.0,0.005733333333333333,0.002884848484848485,2.1005041591891898,False,PASS,PLA_SUPPORT-12-00154
PLA_SUPPORT,PLA,support fragments,5.5,4.0,0.4,0.2,1.0,True,0.9719727272727273,0.0,0.005733333333333333,0.002884848484848485,2.1005041591891898,False,PASS,PLA_SUPPORT-12-00155
PLA_SUPPORT,PLA,support fragments,5.5,4.0,0.4,0.45,0.0,True,0.9644727272727273,0.0,0.0074,0.0037181818181818184,2.105147122991115,False,PASS,PLA_SUPPORT-12-00156
PLA_SUPPORT,PLA,support fragments,5.5,4.0,0.4,0.45,0.5,True,0.9644727272727273,0.0,0.0074,0.0037181818181818184,2.105147122991115,False,PASS,PLA_SUPPORT-12-00157
PLA_SUPPORT,PLA,support fragments,5.5,4.0,0.4,0.45,1.0,True,0.9644727272727273,0.0,0.0074,0.0037181818181818184,2.105147122991115,False,PASS,PLA_SUPPORT-12-00158
PLA_SUPPORT,PLA,support fragments,5.5,4.0,0.4,0.7,0.0,True,0.9569727272727273,0.0,0.009066666666666667,0.004551515151515152,2.1098106579195193,False,PASS,PLA_SUPPORT-12-00159
PLA_SUPPORT,PLA,support fragments,5.5,4.0,0.4,0.7,0.5,True,0.9569727272727273,0.0,0.009066666666666667,0.004551515151515152,2.1098106579195193,False,PASS,PLA_SUPPORT-12-00160
PLA_SUPPORT,PLA,support fragments,5.5,4.0,0.4,0.7,1.0,True,0.9569727272727273,0.0,0.009066666666666667,0.004551515151515152,2.1098106579195193,False,PASS,PLA_SUPPORT-12-00161
PLA_SUPPORT,PLA,support fragments,8.0,1.5,0.26,0.2,0.0,True,0.9804054545454546,0.0,0.004053333333333334,0.0019230303030303032,2.0953081783078304,False,PASS,PLA_SUPPORT-20-00162
PLA_SUPPORT,PLA,support fragments,8.0,1.5,0.26,0.2,0.5,True,0.9804054545454546,0.0,0.004053333333333334,0.0019230303030303032,2.0953081783078304,False,PASS,PLA_SUPPORT-20-00163
PLA_SUPPORT,PLA,support fragments,8.0,1.5,0.26,0.2,1.0,True,0.9804054545454546,0.0,0.004053333333333334,0.0019230303030303032,2.0953081783078304,False,PASS,PLA_SUPPORT-20-00164
PLA_SUPPORT,PLA,support fragments,8.0,1.5,0.26,0.45,0.0,True,0.9729054545454545,0.0,0.005720000000000001,0.0027563636363636362,2.0999281748203185,False,PASS,PLA_SUPPORT-20-00165
PLA_SUPPORT,PLA,support fragments,8.0,1.5,0.26,0.45,0.5,True,0.9729054545454545,0.0,0.005720000000000001,0.0027563636363636362,2.0999281748203185,False,PASS,PLA_SUPPORT-20-00166
PLA_SUPPORT,PLA,support fragments,8.0,1.5,0.26,0.45,1.0,True,0.9729054545454545,0.0,0.005720000000000001,0.0027563636363636362,2.0999281748203185,False,PASS,PLA_SUPPORT-20-00167
PLA_SUPPORT,PLA,support fragments,8.0,1.5,0.26,0.7,0.0,True,0.9654054545454546,0.0,0.007386666666666666,0.0035896969696969697,2.104568589841852,False,PASS,PLA_SUPPORT-20-00168
PLA_SUPPORT,PLA,support fragments,8.0,1.5,0.26,0.7,0.5,True,0.9654054545454546,0.0,0.007386666666666666,0.0035896969696969697,2.104568589841852,False,PASS,PLA_SUPPORT-20-00169
PLA_SUPPORT,PLA,support fragments,8.0,1.5,0.26,0.7,1.0,True,0.9654054545454546,0.0,0.007386666666666666,0.0035896969696969697,2.104568589841852,False,PASS,PLA_SUPPORT-20-00170
PLA_SUPPORT,PLA,support fragments,8.0,1.5,0.32,0.2,0.0,True,0.9777654545454546,0.0,0.0047733333333333326,0.002043030303030303,2.0969320968398315,False,PASS,PLA_SUPPORT-20-00171
PLA_SUPPORT,PLA,support fragments,8.0,1.5,0.32,0.2,0.5,True,0.9777654545454546,0.0,0.0047733333333333326,0.002043030303030303,2.0969320968398315,False,PASS,PLA_SUPPORT-20-00172
PLA_SUPPORT,PLA,support fragments,8.0,1.5,0.32,0.2,1.0,True,0.9777654545454546,0.0,0.0047733333333333326,0.002043030303030303,2.0969320968398315,False,PASS,PLA_SUPPORT-20-00173
PLA_SUPPORT,PLA,support fragments,8.0,1.5,0.32,0.45,0.0,True,0.9702654545454545,0.0,0.0064399999999999995,0.0028763636363636365,2.1015592652704265,False,PASS,PLA_SUPPORT-20-00174
PLA_SUPPORT,PLA,support fragments,8.0,1.5,0.32,0.45,0.5,True,0.9702654545454545,0.0,0.0064399999999999995,0.0028763636363636365,2.1015592652704265,False,PASS,PLA_SUPPORT-20-00175
PLA_SUPPORT,PLA,support fragments,8.0,1.5,0.32,0.45,1.0,True,0.9702654545454545,0.0,0.0064399999999999995,0.0028763636363636365,2.1015592652704265,False,PASS,PLA_SUPPORT-20-00176
PLA_SUPPORT,PLA,support fragments,8.0,1.5,0.32,0.7,0.0,True,0.9627654545454546,0.0,0.008106666666666667,0.00370969696969697,2.106206899826579,False,PASS,PLA_SUPPORT-20-00177
PLA_SUPPORT,PLA,support fragments,8.0,1.5,0.32,0.7,0.5,True,0.9627654545454546,0.0,0.008106666666666667,0.00370969696969697,2.106206899826579,False,PASS,PLA_SUPPORT-20-00178
PLA_SUPPORT,PLA,support fragments,8.0,1.5,0.32,0.7,1.0,True,0.9627654545454546,0.0,0.008106666666666667,0.00370969696969697,2.106206899826579,False,PASS,PLA_SUPPORT-20-00179
PLA_SUPPORT,PLA,support fragments,8.0,1.5,0.4,0.2,0.0,True,0.9742454545454545,0.0,0.005733333333333333,0.002203030303030303,2.099101241179481,False,PASS,PLA_SUPPORT-20-00180
PLA_SUPPORT,PLA,support fragments,8.0,1.5,0.4,0.2,0.5,True,0.9742454545454545,0.0,0.005733333333333333,0.002203030303030303,2.099101241179481,False,PASS,PLA_SUPPORT-20-00181
PLA_SUPPORT,PLA,support fragments,8.0,1.5,0.4,0.2,1.0,True,0.9742454545454545,0.0,0.005733333333333333,0.002203030303030303,2.099101241179481,False,PASS,PLA_SUPPORT-20-00182
PLA_SUPPORT,PLA,support fragments,8.0,1.5,0.4,0.45,0.0,True,0.9667454545454545,0.0,0.0074,0.0030363636363636365,2.1037379981747204,False,PASS,PLA_SUPPORT-20-00183
PLA_SUPPORT,PLA,support fragments,8.0,1.5,0.4,0.45,0.5,True,0.9667454545454545,0.0,0.0074,0.0030363636363636365,2.1037379981747204,False,PASS,PLA_SUPPORT-20-00184
PLA_SUPPORT,PLA,support fragments,8.0,1.5,0.4,0.45,1.0,True,0.9667454545454545,0.0,0.0074,0.0030363636363636365,2.1037379981747204,False,PASS,PLA_SUPPORT-20-00185
PLA_SUPPORT,PLA,support fragments,8.0,1.5,0.4,0.7,0.0,True,0.9592454545454545,0.0,0.009066666666666667,0.00386969696969697,2.108395285014791,False,PASS,PLA_SUPPORT-20-00186
PLA_SUPPORT,PLA,support fragments,8.0,1.5,0.4,0.7,0.5,True,0.9592454545454545,0.0,0.009066666666666667,0.00386969696969697,2.108395285014791,False,PASS,PLA_SUPPORT-20-00187
PLA_SUPPORT,PLA,support fragments,8.0,1.5,0.4,0.7,1.0,True,0.9592454545454545,0.0,0.009066666666666667,0.00386969696969697,2.108395285014791,False,PASS,PLA_SUPPORT-20-00188
PLA_SUPPORT,PLA,support fragments,8.0,2.5,0.26,0.2,0.0,True,0.9794963636363637,0.0,0.004053333333333334,0.0021957575757575757,2.0958670948942313,False,PASS,PLA_SUPPORT-21-00189
PLA_SUPPORT,PLA,support fragments,8.0,2.5,0.26,0.2,0.5,True,0.9794963636363637,0.0,0.004053333333333334,0.0021957575757575757,2.0958670948942313,False,PASS,PLA_SUPPORT-21-00190
PLA_SUPPORT,PLA,support fragments,8.0,2.5,0.26,0.2,1.0,True,0.9794963636363637,0.0,0.004053333333333334,0.0021957575757575757,2.0958670948942313,False,PASS,PLA_SUPPORT-21-00191
PLA_SUPPORT,PLA,support fragments,8.0,2.5,0.26,0.45,0.0,True,0.9719963636363637,0.0,0.005720000000000001,0.0030290909090909092,2.1004895591920247,False,PASS,PLA_SUPPORT-21-00192
PLA_SUPPORT,PLA,support fragments,8.0,2.5,0.26,0.45,0.5,True,0.9719963636363637,0.0,0.005720000000000001,0.0030290909090909092,2.1004895591920247,False,PASS,PLA_SUPPORT-21-00193
PLA_SUPPORT,PLA,support fragments,8.0,2.5,0.26,0.45,1.0,True,0.9719963636363637,0.0,0.005720000000000001,0.0030290909090909092,2.1004895591920247,False,PASS,PLA_SUPPORT-21-00194
PLA_SUPPORT,PLA,support fragments,8.0,2.5,0.26,0.7,0.0,True,0.9644963636363637,0.0,0.007386666666666666,0.0038624242424242423,2.105132458379043,False,PASS,PLA_SUPPORT-21-00195
PLA_SUPPORT,PLA,support fragments,8.0,2.5,0.26,0.7,0.5,True,0.9644963636363637,0.0,0.007386666666666666,0.0038624242424242423,2.105132458379043,False,PASS,PLA_SUPPORT-21-00196
PLA_SUPPORT,PLA,support fragments,8.0,2.5,0.26,0.7,1.0,True,0.9644963636363637,0.0,0.007386666666666666,0.0038624242424242423,2.105132458379043,False,PASS,PLA_SUPPORT-21-00197
PLA_SUPPORT,PLA,support fragments,8.0,2.5,0.32,0.2,0.0,True,0.9768563636363637,0.0,0.0047733333333333326,0.002315757575757576,2.0974918802275693,False,PASS,PLA_SUPPORT-21-00198
PLA_SUPPORT,PLA,support fragments,8.0,2.5,0.32,0.2,0.5,True,0.9768563636363637,0.0,0.0047733333333333326,0.002315757575757576,2.0974918802275693,False,PASS,PLA_SUPPORT-21-00199
PLA_SUPPORT,PLA,support fragments,8.0,2.5,0.32,0.2,1.0,True,0.9768563636363637,0.0,0.0047733333333333326,0.002315757575757576,2.0974918802275693,False,PASS,PLA_SUPPORT-21-00200
PLA_SUPPORT,PLA,support fragments,8.0,2.5,0.32,0.45,0.0,True,0.9693563636363637,0.0,0.0064399999999999995,0.0031490909090909095,2.1021215221928227,False,PASS,PLA_SUPPORT-21-00201
PLA_SUPPORT,PLA,support fragments,8.0,2.5,0.32,0.45,0.5,True,0.9693563636363637,0.0,0.0064399999999999995,0.0031490909090909095,2.1021215221928227,False,PASS,PLA_SUPPORT-21-00202
PLA_SUPPORT,PLA,support fragments,8.0,2.5,0.32,0.45,1.0,True,0.9693563636363637,0.0,0.0064399999999999995,0.0031490909090909095,2.1021215221928227,False,PASS,PLA_SUPPORT-21-00203
PLA_SUPPORT,PLA,support fragments,8.0,2.5,0.32,0.7,0.0,True,0.9618563636363637,0.0,0.008106666666666667,0.003982424242424242,2.1067716467147726,False,PASS,PLA_SUPPORT-21-00204
PLA_SUPPORT,PLA,support fragments,8.0,2.5,0.32,0.7,0.5,True,0.9618563636363637,0.0,0.008106666666666667,0.003982424242424242,2.1067716467147726,False,PASS,PLA_SUPPORT-21-00205
PLA_SUPPORT,PLA,support fragments,8.0,2.5,0.32,0.7,1.0,True,0.9618563636363637,0.0,0.008106666666666667,0.003982424242424242,2.1067716467147726,False,PASS,PLA_SUPPORT-21-00206
PLA_SUPPORT,PLA,support fragments,8.0,2.5,0.4,0.2,0.0,True,0.9733363636363637,0.0,0.005733333333333333,0.002475757575757576,2.099662183442522,False,PASS,PLA_SUPPORT-21-00207
PLA_SUPPORT,PLA,support fragments,8.0,2.5,0.4,0.2,0.5,True,0.9733363636363637,0.0,0.005733333333333333,0.002475757575757576,2.099662183442522,False,PASS,PLA_SUPPORT-21-00208
PLA_SUPPORT,PLA,support fragments,8.0,2.5,0.4,0.2,1.0,True,0.9733363636363637,0.0,0.005733333333333333,0.002475757575757576,2.099662183442522,False,PASS,PLA_SUPPORT-21-00209
PLA_SUPPORT,PLA,support fragments,8.0,2.5,0.4,0.45,0.0,True,0.9658363636363636,0.0,0.0074,0.0033090909090909095,2.1043014216660403,False,PASS,PLA_SUPPORT-21-00210
PLA_SUPPORT,PLA,support fragments,8.0,2.5,0.4,0.45,0.5,True,0.9658363636363636,0.0,0.0074,0.0033090909090909095,2.1043014216660403,False,PASS,PLA_SUPPORT-21-00211
PLA_SUPPORT,PLA,support fragments,8.0,2.5,0.4,0.45,1.0,True,0.9658363636363636,0.0,0.0074,0.0033090909090909095,2.1043014216660403,False,PASS,PLA_SUPPORT-21-00212
PLA_SUPPORT,PLA,support fragments,8.0,2.5,0.4,0.7,0.0,True,0.9583363636363637,0.0,0.009066666666666667,0.004142424242424243,2.1089612062337824,False,PASS,PLA_SUPPORT-21-00213
PLA_SUPPORT,PLA,support fragments,8.0,2.5,0.4,0.7,0.5,True,0.9583363636363637,0.0,0.009066666666666667,0.004142424242424243,2.1089612062337824,False,PASS,PLA_SUPPORT-21-00214
PLA_SUPPORT,PLA,support fragments,8.0,2.5,0.4,0.7,1.0,True,0.9583363636363637,0.0,0.009066666666666667,0.004142424242424243,2.1089612062337824,False,PASS,PLA_SUPPORT-21-00215
PLA_SUPPORT,PLA,support fragments,8.0,4.0,0.26,0.2,0.0,True,0.9781327272727274,0.0,0.004053333333333334,0.0026048484848484846,2.0967060290819983,False,PASS,PLA_SUPPORT-22-00216
PLA_SUPPORT,PLA,support fragments,8.0,4.0,0.26,0.2,0.5,True,0.9781327272727274,0.0,0.004053333333333334,0.0026048484848484846,2.0967060290819983,False,PASS,PLA_SUPPORT-22-00217
PLA_SUPPORT,PLA,support fragments,8.0,4.0,0.26,0.2,1.0,True,0.9781327272727274,0.0,0.004053333333333334,0.0026048484848484846,2.0967060290819983,False,PASS,PLA_SUPPORT-22-00218
PLA_SUPPORT,PLA,support fragments,8.0,4.0,0.26,0.45,0.0,True,0.9706327272727273,0.0,0.005720000000000001,0.003438181818181818,2.10133219876677,False,PASS,PLA_SUPPORT-22-00219
PLA_SUPPORT,PLA,support fragments,8.0,4.0,0.26,0.45,0.5,True,0.9706327272727273,0.0,0.005720000000000001,0.003438181818181818,2.10133219876677,False,PASS,PLA_SUPPORT-22-00220
PLA_SUPPORT,PLA,support fragments,8.0,4.0,0.26,0.45,1.0,True,0.9706327272727273,0.0,0.005720000000000001,0.003438181818181818,2.10133219876677,False,PASS,PLA_SUPPORT-22-00221
PLA_SUPPORT,PLA,support fragments,8.0,4.0,0.26,0.7,0.0,True,0.9631327272727274,0.0,0.007386666666666666,0.004271515151515152,2.1059788279439036,False,PASS,PLA_SUPPORT-22-00222
PLA_SUPPORT,PLA,support fragments,8.0,4.0,0.26,0.7,0.5,True,0.9631327272727274,0.0,0.007386666666666666,0.004271515151515152,2.1059788279439036,False,PASS,PLA_SUPPORT-22-00223
PLA_SUPPORT,PLA,support fragments,8.0,4.0,0.26,0.7,1.0,True,0.9631327272727274,0.0,0.007386666666666666,0.004271515151515152,2.1059788279439036,False,PASS,PLA_SUPPORT-22-00224
PLA_SUPPORT,PLA,support fragments,8.0,4.0,0.32,0.2,0.0,True,0.9754927272727274,0.0,0.0047733333333333326,0.002724848484848485,2.0983321159191908,False,PASS,PLA_SUPPORT-22-00225
PLA_SUPPORT,PLA,support fragments,8.0,4.0,0.32,0.2,0.5,True,0.9754927272727274,0.0,0.0047733333333333326,0.002724848484848485,2.0983321159191908,False,PASS,PLA_SUPPORT-22-00226
PLA_SUPPORT,PLA,support fragments,8.0,4.0,0.32,0.2,1.0,True,0.9754927272727274,0.0,0.0047733333333333326,0.002724848484848485,2.0983321159191908,False,PASS,PLA_SUPPORT-22-00227
PLA_SUPPORT,PLA,support fragments,8.0,4.0,0.32,0.45,0.0,True,0.9679927272727273,0.0,0.0064399999999999995,0.0035581818181818184,2.1029654719069812,False,PASS,PLA_SUPPORT-22-00228
PLA_SUPPORT,PLA,support fragments,8.0,4.0,0.32,0.45,0.5,True,0.9679927272727273,0.0,0.0064399999999999995,0.0035581818181818184,2.1029654719069812,False,PASS,PLA_SUPPORT-22-00229
PLA_SUPPORT,PLA,support fragments,8.0,4.0,0.32,0.45,1.0,True,0.9679927272727273,0.0,0.0064399999999999995,0.0035581818181818184,2.1029654719069812,False,PASS,PLA_SUPPORT-22-00230
PLA_SUPPORT,PLA,support fragments,8.0,4.0,0.32,0.7,0.0,True,0.9604927272727274,0.0,0.008106666666666667,0.0043915151515151515,2.107619335131171,False,PASS,PLA_SUPPORT-22-00231
PLA_SUPPORT,PLA,support fragments,8.0,4.0,0.32,0.7,0.5,True,0.9604927272727274,0.0,0.008106666666666667,0.0043915151515151515,2.107619335131171,False,PASS,PLA_SUPPORT-22-00232
PLA_SUPPORT,PLA,support fragments,8.0,4.0,0.32,0.7,1.0,True,0.9604927272727274,0.0,0.008106666666666667,0.0043915151515151515,2.107619335131171,False,PASS,PLA_SUPPORT-22-00233
PLA_SUPPORT,PLA,support fragments,8.0,4.0,0.4,0.2,0.0,True,0.9719727272727273,0.0,0.005733333333333333,0.002884848484848485,2.1005041591891898,False,PASS,PLA_SUPPORT-22-00234
PLA_SUPPORT,PLA,support fragments,8.0,4.0,0.4,0.2,0.5,True,0.9719727272727273,0.0,0.005733333333333333,0.002884848484848485,2.1005041591891898,False,PASS,PLA_SUPPORT-22-00235
PLA_SUPPORT,PLA,support fragments,8.0,4.0,0.4,0.2,1.0,True,0.9719727272727273,0.0,0.005733333333333333,0.002884848484848485,2.1005041591891898,False,PASS,PLA_SUPPORT-22-00236
PLA_SUPPORT,PLA,support fragments,8.0,4.0,0.4,0.45,0.0,True,0.9644727272727273,0.0,0.0074,0.0037181818181818184,2.105147122991115,False,PASS,PLA_SUPPORT-22-00237
PLA_SUPPORT,PLA,support fragments,8.0,4.0,0.4,0.45,0.5,True,0.9644727272727273,0.0,0.0074,0.0037181818181818184,2.105147122991115,False,PASS,PLA_SUPPORT-22-00238
PLA_SUPPORT,PLA,support fragments,8.0,4.0,0.4,0.45,1.0,True,0.9644727272727273,0.0,0.0074,0.0037181818181818184,2.105147122991115,False,PASS,PLA_SUPPORT-22-00239
PLA_SUPPORT,PLA,support fragments,8.0,4.0,0.4,0.7,0.0,True,0.9569727272727273,0.0,0.009066666666666667,0.004551515151515152,2.1098106579195193,False,PASS,PLA_SUPPORT-22-00240
PLA_SUPPORT,PLA,support fragments,8.0,4.0,0.4,0.7,0.5,True,0.9569727272727273,0.0,0.009066666666666667,0.004551515151515152,2.1098106579195193,False,PASS,PLA_SUPPORT-22-00241
PLA_SUPPORT,PLA,support fragments,8.0,4.0,0.4,0.7,1.0,True,0.9569727272727273,0.0,0.009066666666666667,0.004551515151515152,2.1098106579195193,False,PASS,PLA_SUPPORT-22-00242
PLA_SPAGHETTI,PLA,spaghetti fragments,3.0,4.5,0.29,0.2,0.0,False,0.9763581818181819,0.0,0.004413333333333333,0.0028012121212121215,1.1152124343834349,False,PASS,PLA_SPAGHETTI-00-00243
PLA_SPAGHETTI,PLA,spaghetti fragments,3.0,4.5,0.29,0.2,0.5,False,0.9763581818181819,0.0,0.004413333333333333,0.0028012121212121215,1.1152124343834349,False,PASS,PLA_SPAGHETTI-00-00244
PLA_SPAGHETTI,PLA,spaghetti fragments,3.0,4.5,0.29,0.2,1.0,False,0.9763581818181819,0.0,0.004413333333333333,0.0028012121212121215,1.1152124343834349,False,PASS,PLA_SPAGHETTI-00-00245
PLA_SPAGHETTI,PLA,spaghetti fragments,3.0,4.5,0.29,0.45,0.0,False,0.9688581818181818,0.0,0.00608,0.003634545454545455,1.1165198490432682,False,PASS,PLA_SPAGHETTI-00-00246
PLA_SPAGHETTI,PLA,spaghetti fragments,3.0,4.5,0.29,0.45,0.5,False,0.9688581818181818,0.0,0.00608,0.003634545454545455,1.1165198490432682,False,PASS,PLA_SPAGHETTI-00-00247
PLA_SPAGHETTI,PLA,spaghetti fragments,3.0,4.5,0.29,0.45,1.0,False,0.9688581818181818,0.0,0.00608,0.003634545454545455,1.1165198490432682,False,PASS,PLA_SPAGHETTI-00-00248
PLA_SPAGHETTI,PLA,spaghetti fragments,3.0,4.5,0.29,0.7,0.0,False,0.9613581818181819,0.0,0.007746666666666666,0.004467878787878787,1.1178303327854067,False,PASS,PLA_SPAGHETTI-00-00249
PLA_SPAGHETTI,PLA,spaghetti fragments,3.0,4.5,0.29,0.7,0.5,False,0.9613581818181819,0.0,0.007746666666666666,0.004467878787878787,1.1178303327854067,False,PASS,PLA_SPAGHETTI-00-00250
PLA_SPAGHETTI,PLA,spaghetti fragments,3.0,4.5,0.29,0.7,1.0,False,0.9613581818181819,0.0,0.007746666666666666,0.004467878787878787,1.1178303327854067,False,PASS,PLA_SPAGHETTI-00-00251
PLA_SPAGHETTI,PLA,spaghetti fragments,3.0,4.5,0.35,0.2,0.0,False,0.9737181818181818,0.0,0.0051333333333333335,0.0029212121212121214,1.115672294996737,False,PASS,PLA_SPAGHETTI-00-00252
PLA_SPAGHETTI,PLA,spaghetti fragments,3.0,4.5,0.35,0.2,0.5,False,0.9737181818181818,0.0,0.0051333333333333335,0.0029212121212121214,1.115672294996737,False,PASS,PLA_SPAGHETTI-00-00253
PLA_SPAGHETTI,PLA,spaghetti fragments,3.0,4.5,0.35,0.2,1.0,False,0.9737181818181818,0.0,0.0051333333333333335,0.0029212121212121214,1.115672294996737,False,PASS,PLA_SPAGHETTI-00-00254
PLA_SPAGHETTI,PLA,spaghetti fragments,3.0,4.5,0.35,0.45,0.0,False,0.9662181818181818,0.0,0.0068000000000000005,0.003754545454545455,1.1169807887427834,False,PASS,PLA_SPAGHETTI-00-00255
PLA_SPAGHETTI,PLA,spaghetti fragments,3.0,4.5,0.35,0.45,0.5,False,0.9662181818181818,0.0,0.0068000000000000005,0.003754545454545455,1.1169807887427834,False,PASS,PLA_SPAGHETTI-00-00256
PLA_SPAGHETTI,PLA,spaghetti fragments,3.0,4.5,0.35,0.45,1.0,False,0.9662181818181818,0.0,0.0068000000000000005,0.003754545454545455,1.1169807887427834,False,PASS,PLA_SPAGHETTI-00-00257
PLA_SPAGHETTI,PLA,spaghetti fragments,3.0,4.5,0.35,0.7,0.0,False,0.9587181818181818,0.0,0.008466666666666666,0.0045878787878787875,1.1182923553737913,False,PASS,PLA_SPAGHETTI-00-00258
PLA_SPAGHETTI,PLA,spaghetti fragments,3.0,4.5,0.35,0.7,0.5,False,0.9587181818181818,0.0,0.008466666666666666,0.0045878787878787875,1.1182923553737913,False,PASS,PLA_SPAGHETTI-00-00259
PLA_SPAGHETTI,PLA,spaghetti fragments,3.0,4.5,0.35,0.7,1.0,False,0.9587181818181818,0.0,0.008466666666666666,0.0045878787878787875,1.1182923553737913,False,PASS,PLA_SPAGHETTI-00-00260
PLA_SPAGHETTI,PLA,spaghetti fragments,3.0,4.5,0.43,0.2,0.0,False,0.9701981818181818,0.0,0.0060933333333333325,0.0030812121212121213,1.116286032749072,False,PASS,PLA_SPAGHETTI-00-00261
PLA_SPAGHETTI,PLA,spaghetti fragments,3.0,4.5,0.43,0.2,0.5,False,0.9701981818181818,0.0,0.0060933333333333325,0.0030812121212121213,1.116286032749072,False,PASS,PLA_SPAGHETTI-00-00262
PLA_SPAGHETTI,PLA,spaghetti fragments,3.0,4.5,0.43,0.2,1.0,False,0.9701981818181818,0.0,0.0060933333333333325,0.0030812121212121213,1.116286032749072,False,PASS,PLA_SPAGHETTI-00-00263
PLA_SPAGHETTI,PLA,spaghetti fragments,3.0,4.5,0.43,0.45,0.0,False,0.9626981818181818,0.0,0.0077599999999999995,0.003914545454545455,1.117595967356119,False,PASS,PLA_SPAGHETTI-00-00264
PLA_SPAGHETTI,PLA,spaghetti fragments,3.0,4.5,0.43,0.45,0.5,False,0.9626981818181818,0.0,0.0077599999999999995,0.003914545454545455,1.117595967356119,False,PASS,PLA_SPAGHETTI-00-00265
PLA_SPAGHETTI,PLA,spaghetti fragments,3.0,4.5,0.43,0.45,1.0,False,0.9626981818181818,0.0,0.0077599999999999995,0.003914545454545455,1.117595967356119,False,PASS,PLA_SPAGHETTI-00-00266
PLA_SPAGHETTI,PLA,spaghetti fragments,3.0,4.5,0.43,0.7,0.0,False,0.9551981818181818,0.0,0.009426666666666667,0.004747878787878788,1.1189089799281156,False,PASS,PLA_SPAGHETTI-00-00267
PLA_SPAGHETTI,PLA,spaghetti fragments,3.0,4.5,0.43,0.7,0.5,False,0.9551981818181818,0.0,0.009426666666666667,0.004747878787878788,1.1189089799281156,False,PASS,PLA_SPAGHETTI-00-00268
PLA_SPAGHETTI,PLA,spaghetti fragments,3.0,4.5,0.43,0.7,1.0,False,0.9551981818181818,0.0,0.009426666666666667,0.004747878787878788,1.1189089799281156,False,PASS,PLA_SPAGHETTI-00-00269
PLA_SPAGHETTI,PLA,spaghetti fragments,3.0,7.0,0.29,0.2,0.0,False,0.9740854545454546,0.0,0.004413333333333333,0.0034830303030303033,1.1156082971886387,False,PASS,PLA_SPAGHETTI-01-00270
PLA_SPAGHETTI,PLA,spaghetti fragments,3.0,7.0,0.29,0.2,0.5,False,0.9740854545454546,0.0,0.004413333333333333,0.0034830303030303033,1.1156082971886387,False,PASS,PLA_SPAGHETTI-01-00271
PLA_SPAGHETTI,PLA,spaghetti fragments,3.0,7.0,0.29,0.2,1.0,False,0.9740854545454546,0.0,0.004413333333333333,0.0034830303030303033,1.1156082971886387,False,PASS,PLA_SPAGHETTI-01-00272
PLA_SPAGHETTI,PLA,spaghetti fragments,3.0,7.0,0.29,0.45,0.0,False,0.9665854545454545,0.0,0.00608,0.004316363636363636,1.116916640733893,False,PASS,PLA_SPAGHETTI-01-00273
PLA_SPAGHETTI,PLA,spaghetti fragments,3.0,7.0,0.29,0.45,0.5,False,0.9665854545454545,0.0,0.00608,0.004316363636363636,1.116916640733893,False,PASS,PLA_SPAGHETTI-01-00274
PLA_SPAGHETTI,PLA,spaghetti fragments,3.0,7.0,0.29,0.45,1.0,False,0.9665854545454545,0.0,0.00608,0.004316363636363636,1.116916640733893,False,PASS,PLA_SPAGHETTI-01-00275
PLA_SPAGHETTI,PLA,spaghetti fragments,3.0,7.0,0.29,0.7,0.0,False,0.9590854545454546,0.0,0.007746666666666666,0.005149696969696969,1.1182280566347134,False,PASS,PLA_SPAGHETTI-01-00276
PLA_SPAGHETTI,PLA,spaghetti fragments,3.0,7.0,0.29,0.7,0.5,False,0.9590854545454546,0.0,0.007746666666666666,0.005149696969696969,1.1182280566347134,False,PASS,PLA_SPAGHETTI-01-00277
PLA_SPAGHETTI,PLA,spaghetti fragments,3.0,7.0,0.29,0.7,1.0,False,0.9590854545454546,0.0,0.007746666666666666,0.005149696969696969,1.1182280566347134,False,PASS,PLA_SPAGHETTI-01-00278
PLA_SPAGHETTI,PLA,spaghetti fragments,3.0,7.0,0.35,0.2,0.0,False,0.9714454545454545,0.0,0.0051333333333333335,0.0036030303030303032,1.116068484397261,False,PASS,PLA_SPAGHETTI-01-00279
PLA_SPAGHETTI,PLA,spaghetti fragments,3.0,7.0,0.35,0.2,0.5,False,0.9714454545454545,0.0,0.0051333333333333335,0.0036030303030303032,1.116068484397261,False,PASS,PLA_SPAGHETTI-01-00280
PLA_SPAGHETTI,PLA,spaghetti fragments,3.0,7.0,0.35,0.2,1.0,False,0.9714454545454545,0.0,0.0051333333333333335,0.0036030303030303032,1.116068484397261,False,PASS,PLA_SPAGHETTI-01-00281
PLA_SPAGHETTI,PLA,spaghetti fragments,3.0,7.0,0.35,0.45,0.0,False,0.9639454545454544,0.0,0.0068000000000000005,0.004436363636363637,1.1173779081791657,False,PASS,PLA_SPAGHETTI-01-00282
PLA_SPAGHETTI,PLA,spaghetti fragments,3.0,7.0,0.35,0.45,0.5,False,0.9639454545454544,0.0,0.0068000000000000005,0.004436363636363637,1.1173779081791657,False,PASS,PLA_SPAGHETTI-01-00283
PLA_SPAGHETTI,PLA,spaghetti fragments,3.0,7.0,0.35,0.45,1.0,False,0.9639454545454544,0.0,0.0068000000000000005,0.004436363636363637,1.1173779081791657,False,PASS,PLA_SPAGHETTI-01-00284
PLA_SPAGHETTI,PLA,spaghetti fragments,3.0,7.0,0.35,0.7,0.0,False,0.9564454545454545,0.0,0.008466666666666666,0.005269696969696969,1.1186904081247027,False,PASS,PLA_SPAGHETTI-01-00285
PLA_SPAGHETTI,PLA,spaghetti fragments,3.0,7.0,0.35,0.7,0.5,False,0.9564454545454545,0.0,0.008466666666666666,0.005269696969696969,1.1186904081247027,False,PASS,PLA_SPAGHETTI-01-00286
PLA_SPAGHETTI,PLA,spaghetti fragments,3.0,7.0,0.35,0.7,1.0,False,0.9564454545454545,0.0,0.008466666666666666,0.005269696969696969,1.1186904081247027,False,PASS,PLA_SPAGHETTI-01-00287
PLA_SPAGHETTI,PLA,spaghetti fragments,3.0,7.0,0.43,0.2,0.0,False,0.9679254545454545,0.0,0.0060933333333333325,0.003763030303030303,1.11668265823911,False,PASS,PLA_SPAGHETTI-01-00288
PLA_SPAGHETTI,PLA,spaghetti fragments,3.0,7.0,0.43,0.2,0.5,False,0.9679254545454545,0.0,0.0060933333333333325,0.003763030303030303,1.11668265823911,False,PASS,PLA_SPAGHETTI-01-00289
PLA_SPAGHETTI,PLA,spaghetti fragments,3.0,7.0,0.43,0.2,1.0,False,0.9679254545454545,0.0,0.0060933333333333325,0.003763030303030303,1.11668265823911,False,PASS,PLA_SPAGHETTI-01-00290
PLA_SPAGHETTI,PLA,spaghetti fragments,3.0,7.0,0.43,0.45,0.0,False,0.9604254545454545,0.0,0.0077599999999999995,0.004596363636363637,1.1179935244188892,False,PASS,PLA_SPAGHETTI-01-00291
PLA_SPAGHETTI,PLA,spaghetti fragments,3.0,7.0,0.43,0.45,0.5,False,0.9604254545454545,0.0,0.0077599999999999995,0.004596363636363637,1.1179935244188892,False,PASS,PLA_SPAGHETTI-01-00292
PLA_SPAGHETTI,PLA,spaghetti fragments,3.0,7.0,0.43,0.45,1.0,False,0.9604254545454545,0.0,0.0077599999999999995,0.004596363636363637,1.1179935244188892,False,PASS,PLA_SPAGHETTI-01-00293
PLA_SPAGHETTI,PLA,spaghetti fragments,3.0,7.0,0.43,0.7,0.0,False,0.9529254545454545,0.0,0.009426666666666667,0.00542969696969697,1.1193074718495188,False,PASS,PLA_SPAGHETTI-01-00294
PLA_SPAGHETTI,PLA,spaghetti fragments,3.0,7.0,0.43,0.7,0.5,False,0.9529254545454545,0.0,0.009426666666666667,0.00542969696969697,1.1193074718495188,False,PASS,PLA_SPAGHETTI-01-00295
PLA_SPAGHETTI,PLA,spaghetti fragments,3.0,7.0,0.43,0.7,1.0,False,0.9529254545454545,0.0,0.009426666666666667,0.00542969696969697,1.1193074718495188,False,PASS,PLA_SPAGHETTI-01-00296
PLA_SPAGHETTI,PLA,spaghetti fragments,3.0,9.0,0.29,0.2,0.0,False,0.9722672727272728,0.0,0.004413333333333333,0.004028484848484848,1.1159251898361209,False,PASS,PLA_SPAGHETTI-02-00297
PLA_SPAGHETTI,PLA,spaghetti fragments,3.0,9.0,0.29,0.2,0.5,False,0.9722672727272728,0.0,0.004413333333333333,0.004028484848484848,1.1159251898361209,False,PASS,PLA_SPAGHETTI-02-00298
PLA_SPAGHETTI,PLA,spaghetti fragments,3.0,9.0,0.29,0.2,1.0,False,0.9722672727272728,0.0,0.004413333333333333,0.004028484848484848,1.1159251898361209,False,PASS,PLA_SPAGHETTI-02-00299
PLA_SPAGHETTI,PLA,spaghetti fragments,3.0,9.0,0.29,0.45,0.0,False,0.9647672727272727,0.0,0.00608,0.0048618181818181816,1.1172342772026436,False,PASS,PLA_SPAGHETTI-02-00300
PLA_SPAGHETTI,PLA,spaghetti fragments,3.0,9.0,0.29,0.45,0.5,False,0.9647672727272727,0.0,0.00608,0.0048618181818181816,1.1172342772026436,False,PASS,PLA_SPAGHETTI-02-00301
PLA_SPAGHETTI,PLA,spaghetti fragments,3.0,9.0,0.29,0.45,1.0,False,0.9647672727272727,0.0,0.00608,0.0048618181818181816,1.1172342772026436,False,PASS,PLA_SPAGHETTI-02-00302
PLA_SPAGHETTI,PLA,spaghetti fragments,3.0,9.0,0.29,0.7,0.0,False,0.9572672727272727,0.0,0.007746666666666666,0.005695151515151515,1.1185464395466933,False,PASS,PLA_SPAGHETTI-02-00303
PLA_SPAGHETTI,PLA,spaghetti fragments,3.0,9.0,0.29,0.7,0.5,False,0.9572672727272727,0.0,0.007746666666666666,0.005695151515151515,1.1185464395466933,False,PASS,PLA_SPAGHETTI-02-00304
PLA_SPAGHETTI,PLA,spaghetti fragments,3.0,9.0,0.29,0.7,1.0,False,0.9572672727272727,0.0,0.007746666666666666,0.005695151515151515,1.1185464395466933,False,PASS,PLA_SPAGHETTI-02-00305
PLA_SPAGHETTI,PLA,spaghetti fragments,3.0,9.0,0.35,0.2,0.0,False,0.9696272727272727,0.0,0.0051333333333333335,0.004148484848484848,1.1163856385715705,False,PASS,PLA_SPAGHETTI-02-00306
PLA_SPAGHETTI,PLA,spaghetti fragments,3.0,9.0,0.35,0.2,0.5,False,0.9696272727272727,0.0,0.0051333333333333335,0.004148484848484848,1.1163856385715705,False,PASS,PLA_SPAGHETTI-02-00307
PLA_SPAGHETTI,PLA,spaghetti fragments,3.0,9.0,0.35,0.2,1.0,False,0.9696272727272727,0.0,0.0051333333333333335,0.004148484848484848,1.1163856385715705,False,PASS,PLA_SPAGHETTI-02-00308
PLA_SPAGHETTI,PLA,spaghetti fragments,3.0,9.0,0.35,0.45,0.0,False,0.9621272727272726,0.0,0.0068000000000000005,0.004981818181818182,1.117695807096271,False,PASS,PLA_SPAGHETTI-02-00309
PLA_SPAGHETTI,PLA,spaghetti fragments,3.0,9.0,0.35,0.45,0.5,False,0.9621272727272726,0.0,0.0068000000000000005,0.004981818181818182,1.117695807096271,False,PASS,PLA_SPAGHETTI-02-00310
PLA_SPAGHETTI,PLA,spaghetti fragments,3.0,9.0,0.35,0.45,1.0,False,0.9621272727272726,0.0,0.0068000000000000005,0.004981818181818182,1.117695807096271,False,PASS,PLA_SPAGHETTI-02-00311
PLA_SPAGHETTI,PLA,spaghetti fragments,3.0,9.0,0.35,0.7,0.0,False,0.9546272727272727,0.0,0.008466666666666666,0.005815151515151515,1.1190090544108997,False,PASS,PLA_SPAGHETTI-02-00312
PLA_SPAGHETTI,PLA,spaghetti fragments,3.0,9.0,0.35,0.7,0.5,False,0.9546272727272727,0.0,0.008466666666666666,0.005815151515151515,1.1190090544108997,False,PASS,PLA_SPAGHETTI-02-00313
PLA_SPAGHETTI,PLA,spaghetti fragments,3.0,9.0,0.35,0.7,1.0,False,0.9546272727272727,0.0,0.008466666666666666,0.005815151515151515,1.1190090544108997,False,PASS,PLA_SPAGHETTI-02-00314
PLA_SPAGHETTI,PLA,spaghetti fragments,3.0,9.0,0.43,0.2,0.0,False,0.9661072727272727,0.0,0.0060933333333333325,0.004308484848484849,1.117000161619769,False,PASS,PLA_SPAGHETTI-02-00315
PLA_SPAGHETTI,PLA,spaghetti fragments,3.0,9.0,0.43,0.2,0.5,False,0.9661072727272727,0.0,0.0060933333333333325,0.004308484848484849,1.117000161619769,False,PASS,PLA_SPAGHETTI-02-00316
PLA_SPAGHETTI,PLA,spaghetti fragments,3.0,9.0,0.43,0.2,1.0,False,0.9661072727272727,0.0,0.0060933333333333325,0.004308484848484849,1.117000161619769,False,PASS,PLA_SPAGHETTI-02-00317
PLA_SPAGHETTI,PLA,spaghetti fragments,3.0,9.0,0.43,0.45,0.0,False,0.9586072727272726,0.0,0.0077599999999999995,0.005141818181818182,1.1183117737734174,False,PASS,PLA_SPAGHETTI-02-00318
PLA_SPAGHETTI,PLA,spaghetti fragments,3.0,9.0,0.43,0.45,0.5,False,0.9586072727272726,0.0,0.0077599999999999995,0.005141818181818182,1.1183117737734174,False,PASS,PLA_SPAGHETTI-02-00319
PLA_SPAGHETTI,PLA,spaghetti fragments,3.0,9.0,0.43,0.45,1.0,False,0.9586072727272726,0.0,0.0077599999999999995,0.005141818181818182,1.1183117737734174,False,PASS,PLA_SPAGHETTI-02-00320
PLA_SPAGHETTI,PLA,spaghetti fragments,3.0,9.0,0.43,0.7,0.0,False,0.9511072727272727,0.0,0.009426666666666667,0.005975151515151516,1.1196264698100051,False,PASS,PLA_SPAGHETTI-02-00321
PLA_SPAGHETTI,PLA,spaghetti fragments,3.0,9.0,0.43,0.7,0.5,False,0.9511072727272727,0.0,0.009426666666666667,0.005975151515151516,1.1196264698100051,False,PASS,PLA_SPAGHETTI-02-00322
PLA_SPAGHETTI,PLA,spaghetti fragments,3.0,9.0,0.43,0.7,1.0,False,0.9511072727272727,0.0,0.009426666666666667,0.005975151515151516,1.1196264698100051,False,PASS,PLA_SPAGHETTI-02-00323
PLA_SPAGHETTI,PLA,spaghetti fragments,5.5,4.5,0.29,0.2,0.0,True,0.9763581818181819,0.0,0.004413333333333333,0.0028012121212121215,2.0977987683098736,False,PASS,PLA_SPAGHETTI-10-00324
PLA_SPAGHETTI,PLA,spaghetti fragments,5.5,4.5,0.29,0.2,0.5,True,0.9763581818181819,0.0,0.004413333333333333,0.0028012121212121215,2.0977987683098736,False,PASS,PLA_SPAGHETTI-10-00325
PLA_SPAGHETTI,PLA,spaghetti fragments,5.5,4.5,0.29,0.2,1.0,True,0.9763581818181819,0.0,0.004413333333333333,0.0028012121212121215,2.0977987683098736,False,PASS,PLA_SPAGHETTI-10-00326
PLA_SPAGHETTI,PLA,spaghetti fragments,5.5,4.5,0.29,0.45,0.0,True,0.9688581818181818,0.0,0.00608,0.003634545454545455,2.1024297666134766,False,PASS,PLA_SPAGHETTI-10-00327
PLA_SPAGHETTI,PLA,spaghetti fragments,5.5,4.5,0.29,0.45,0.5,True,0.9688581818181818,0.0,0.00608,0.003634545454545455,2.1024297666134766,False,PASS,PLA_SPAGHETTI-10-00328
PLA_SPAGHETTI,PLA,spaghetti fragments,5.5,4.5,0.29,0.45,1.0,True,0.9688581818181818,0.0,0.00608,0.003634545454545455,2.1024297666134766,False,PASS,PLA_SPAGHETTI-10-00329
PLA_SPAGHETTI,PLA,spaghetti fragments,5.5,4.5,0.29,0.7,0.0,True,0.9613581818181819,0.0,0.007746666666666666,0.004467878787878787,2.1070812564855004,False,PASS,PLA_SPAGHETTI-10-00330
PLA_SPAGHETTI,PLA,spaghetti fragments,5.5,4.5,0.29,0.7,0.5,True,0.9613581818181819,0.0,0.007746666666666666,0.004467878787878787,2.1070812564855004,False,PASS,PLA_SPAGHETTI-10-00331
PLA_SPAGHETTI,PLA,spaghetti fragments,5.5,4.5,0.29,0.7,1.0,True,0.9613581818181819,0.0,0.007746666666666666,0.004467878787878787,2.1070812564855004,False,PASS,PLA_SPAGHETTI-10-00332
PLA_SPAGHETTI,PLA,spaghetti fragments,5.5,4.5,0.35,0.2,0.0,True,0.9737181818181818,0.0,0.0051333333333333335,0.0029212121212121214,2.0994265511803927,False,PASS,PLA_SPAGHETTI-10-00333
PLA_SPAGHETTI,PLA,spaghetti fragments,5.5,4.5,0.35,0.2,0.5,True,0.9737181818181818,0.0,0.0051333333333333335,0.0029212121212121214,2.0994265511803927,False,PASS,PLA_SPAGHETTI-10-00334
PLA_SPAGHETTI,PLA,spaghetti fragments,5.5,4.5,0.35,0.2,1.0,True,0.9737181818181818,0.0,0.0051333333333333335,0.0029212121212121214,2.0994265511803927,False,PASS,PLA_SPAGHETTI-10-00335
PLA_SPAGHETTI,PLA,spaghetti fragments,5.5,4.5,0.35,0.45,0.0,True,0.9662181818181818,0.0,0.0068000000000000005,0.003754545454545455,2.1040647470455105,False,PASS,PLA_SPAGHETTI-10-00336
PLA_SPAGHETTI,PLA,spaghetti fragments,5.5,4.5,0.35,0.45,0.5,True,0.9662181818181818,0.0,0.0068000000000000005,0.003754545454545455,2.1040647470455105,False,PASS,PLA_SPAGHETTI-10-00337
PLA_SPAGHETTI,PLA,spaghetti fragments,5.5,4.5,0.35,0.45,1.0,True,0.9662181818181818,0.0,0.0068000000000000005,0.003754545454545455,2.1040647470455105,False,PASS,PLA_SPAGHETTI-10-00338
PLA_SPAGHETTI,PLA,spaghetti fragments,5.5,4.5,0.35,0.7,0.0,True,0.9587181818181818,0.0,0.008466666666666666,0.0045878787878787875,2.1087234823229544,False,PASS,PLA_SPAGHETTI-10-00339
PLA_SPAGHETTI,PLA,spaghetti fragments,5.5,4.5,0.35,0.7,0.5,True,0.9587181818181818,0.0,0.008466666666666666,0.0045878787878787875,2.1087234823229544,False,PASS,PLA_SPAGHETTI-10-00340
PLA_SPAGHETTI,PLA,spaghetti fragments,5.5,4.5,0.35,0.7,1.0,True,0.9587181818181818,0.0,0.008466666666666666,0.0045878787878787875,2.1087234823229544,False,PASS,PLA_SPAGHETTI-10-00341
PLA_SPAGHETTI,PLA,spaghetti fragments,5.5,4.5,0.43,0.2,0.0,True,0.9701981818181818,0.0,0.0060933333333333325,0.0030812121212121213,2.101600861977325,False,PASS,PLA_SPAGHETTI-10-00342
PLA_SPAGHETTI,PLA,spaghetti fragments,5.5,4.5,0.43,0.2,0.5,True,0.9701981818181818,0.0,0.0060933333333333325,0.0030812121212121213,2.101600861977325,False,PASS,PLA_SPAGHETTI-10-00343
PLA_SPAGHETTI,PLA,spaghetti fragments,5.5,4.5,0.43,0.2,1.0,True,0.9701981818181818,0.0,0.0060933333333333325,0.0030812121212121213,2.101600861977325,False,PASS,PLA_SPAGHETTI-10-00344
PLA_SPAGHETTI,PLA,spaghetti fragments,5.5,4.5,0.43,0.45,0.0,True,0.9626981818181818,0.0,0.0077599999999999995,0.003914545454545455,2.106248680722417,False,PASS,PLA_SPAGHETTI-10-00345
PLA_SPAGHETTI,PLA,spaghetti fragments,5.5,4.5,0.43,0.45,0.5,True,0.9626981818181818,0.0,0.0077599999999999995,0.003914545454545455,2.106248680722417,False,PASS,PLA_SPAGHETTI-10-00346
PLA_SPAGHETTI,PLA,spaghetti fragments,5.5,4.5,0.43,0.45,1.0,True,0.9626981818181818,0.0,0.0077599999999999995,0.003914545454545455,2.106248680722417,False,PASS,PLA_SPAGHETTI-10-00347
PLA_SPAGHETTI,PLA,spaghetti fragments,5.5,4.5,0.43,0.7,0.0,True,0.9551981818181818,0.0,0.009426666666666667,0.004747878787878788,2.1109171029036777,False,PASS,PLA_SPAGHETTI-10-00348
PLA_SPAGHETTI,PLA,spaghetti fragments,5.5,4.5,0.43,0.7,0.5,True,0.9551981818181818,0.0,0.009426666666666667,0.004747878787878788,2.1109171029036777,False,PASS,PLA_SPAGHETTI-10-00349
PLA_SPAGHETTI,PLA,spaghetti fragments,5.5,4.5,0.43,0.7,1.0,True,0.9551981818181818,0.0,0.009426666666666667,0.004747878787878788,2.1109171029036777,False,PASS,PLA_SPAGHETTI-10-00350
PLA_SPAGHETTI,PLA,spaghetti fragments,5.5,7.0,0.29,0.2,0.0,True,0.9740854545454546,0.0,0.004413333333333333,0.0034830303030303033,2.099199945283399,False,PASS,PLA_SPAGHETTI-11-00351
PLA_SPAGHETTI,PLA,spaghetti fragments,5.5,7.0,0.29,0.2,0.5,True,0.9740854545454546,0.0,0.004413333333333333,0.0034830303030303033,2.099199945283399,False,PASS,PLA_SPAGHETTI-11-00352
PLA_SPAGHETTI,PLA,spaghetti fragments,5.5,7.0,0.29,0.2,1.0,True,0.9740854545454546,0.0,0.004413333333333333,0.0034830303030303033,2.099199945283399,False,PASS,PLA_SPAGHETTI-11-00353
PLA_SPAGHETTI,PLA,spaghetti fragments,5.5,7.0,0.29,0.45,0.0,True,0.9665854545454545,0.0,0.00608,0.004316363636363636,2.103837138830453,False,PASS,PLA_SPAGHETTI-11-00354
PLA_SPAGHETTI,PLA,spaghetti fragments,5.5,7.0,0.29,0.45,0.5,True,0.9665854545454545,0.0,0.00608,0.004316363636363636,2.103837138830453,False,PASS,PLA_SPAGHETTI-11-00355
PLA_SPAGHETTI,PLA,spaghetti fragments,5.5,7.0,0.29,0.45,1.0,True,0.9665854545454545,0.0,0.00608,0.004316363636363636,2.103837138830453,False,PASS,PLA_SPAGHETTI-11-00356
PLA_SPAGHETTI,PLA,spaghetti fragments,5.5,7.0,0.29,0.7,0.0,True,0.9590854545454546,0.0,0.007746666666666666,0.005149696969696969,2.10849486512495,False,PASS,PLA_SPAGHETTI-11-00357
PLA_SPAGHETTI,PLA,spaghetti fragments,5.5,7.0,0.29,0.7,0.5,True,0.9590854545454546,0.0,0.007746666666666666,0.005149696969696969,2.10849486512495,False,PASS,PLA_SPAGHETTI-11-00358
PLA_SPAGHETTI,PLA,spaghetti fragments,5.5,7.0,0.29,0.7,1.0,True,0.9590854545454546,0.0,0.007746666666666666,0.005149696969696969,2.10849486512495,False,PASS,PLA_SPAGHETTI-11-00359
PLA_SPAGHETTI,PLA,spaghetti fragments,5.5,7.0,0.35,0.2,0.0,True,0.9714454545454545,0.0,0.0051333333333333335,0.0036030303030303032,2.100829904205976,False,PASS,PLA_SPAGHETTI-11-00360
PLA_SPAGHETTI,PLA,spaghetti fragments,5.5,7.0,0.35,0.2,0.5,True,0.9714454545454545,0.0,0.0051333333333333335,0.0036030303030303032,2.100829904205976,False,PASS,PLA_SPAGHETTI-11-00361
PLA_SPAGHETTI,PLA,spaghetti fragments,5.5,7.0,0.35,0.2,1.0,True,0.9714454545454545,0.0,0.0051333333333333335,0.0036030303030303032,2.100829904205976,False,PASS,PLA_SPAGHETTI-11-00362
PLA_SPAGHETTI,PLA,spaghetti fragments,5.5,7.0,0.35,0.45,0.0,True,0.9639454545454544,0.0,0.0068000000000000005,0.004436363636363637,2.1054743097680992,False,PASS,PLA_SPAGHETTI-11-00363
PLA_SPAGHETTI,PLA,spaghetti fragments,5.5,7.0,0.35,0.45,0.5,True,0.9639454545454544,0.0,0.0068000000000000005,0.004436363636363637,2.1054743097680992,False,PASS,PLA_SPAGHETTI-11-00364
PLA_SPAGHETTI,PLA,spaghetti fragments,5.5,7.0,0.35,0.45,1.0,True,0.9639454545454544,0.0,0.0068000000000000005,0.004436363636363637,2.1054743097680992,False,PASS,PLA_SPAGHETTI-11-00365
PLA_SPAGHETTI,PLA,spaghetti fragments,5.5,7.0,0.35,0.7,0.0,True,0.9564454545454545,0.0,0.008466666666666666,0.005269696969696969,2.1101392960498573,False,PASS,PLA_SPAGHETTI-11-00366
PLA_SPAGHETTI,PLA,spaghetti fragments,5.5,7.0,0.35,0.7,0.5,True,0.9564454545454545,0.0,0.008466666666666666,0.005269696969696969,2.1101392960498573,False,PASS,PLA_SPAGHETTI-11-00367
PLA_SPAGHETTI,PLA,spaghetti fragments,5.5,7.0,0.35,0.7,1.0,True,0.9564454545454545,0.0,0.008466666666666666,0.005269696969696969,2.1101392960498573,False,PASS,PLA_SPAGHETTI-11-00368
PLA_SPAGHETTI,PLA,spaghetti fragments,5.5,7.0,0.43,0.2,0.0,True,0.9679254545454545,0.0,0.0060933333333333325,0.003763030303030303,2.10300712429988,False,PASS,PLA_SPAGHETTI-11-00369
PLA_SPAGHETTI,PLA,spaghetti fragments,5.5,7.0,0.43,0.2,0.5,True,0.9679254545454545,0.0,0.0060933333333333325,0.003763030303030303,2.10300712429988,False,PASS,PLA_SPAGHETTI-11-00370
PLA_SPAGHETTI,PLA,spaghetti fragments,5.5,7.0,0.43,0.2,1.0,True,0.9679254545454545,0.0,0.0060933333333333325,0.003763030303030303,2.10300712429988,False,PASS,PLA_SPAGHETTI-11-00371
PLA_SPAGHETTI,PLA,spaghetti fragments,5.5,7.0,0.43,0.45,0.0,True,0.9604254545454545,0.0,0.0077599999999999995,0.004596363636363637,2.107661172083407,False,PASS,PLA_SPAGHETTI-11-00372
PLA_SPAGHETTI,PLA,spaghetti fragments,5.5,7.0,0.43,0.45,0.5,True,0.9604254545454545,0.0,0.0077599999999999995,0.004596363636363637,2.107661172083407,False,PASS,PLA_SPAGHETTI-11-00373
PLA_SPAGHETTI,PLA,spaghetti fragments,5.5,7.0,0.43,0.45,1.0,True,0.9604254545454545,0.0,0.0077599999999999995,0.004596363636363637,2.107661172083407,False,PASS,PLA_SPAGHETTI-11-00374
PLA_SPAGHETTI,PLA,spaghetti fragments,5.5,7.0,0.43,0.7,0.0,True,0.9529254545454545,0.0,0.009426666666666667,0.00542969696969697,2.1123358647822377,False,PASS,PLA_SPAGHETTI-11-00375
PLA_SPAGHETTI,PLA,spaghetti fragments,5.5,7.0,0.43,0.7,0.5,True,0.9529254545454545,0.0,0.009426666666666667,0.00542969696969697,2.1123358647822377,False,PASS,PLA_SPAGHETTI-11-00376
PLA_SPAGHETTI,PLA,spaghetti fragments,5.5,7.0,0.43,0.7,1.0,True,0.9529254545454545,0.0,0.009426666666666667,0.00542969696969697,2.1123358647822377,False,PASS,PLA_SPAGHETTI-11-00377
PLA_SPAGHETTI,PLA,spaghetti fragments,5.5,9.0,0.29,0.2,0.0,True,0.9722672727272728,0.0,0.004413333333333333,0.004028484848484848,2.1003222352561006,False,PASS,PLA_SPAGHETTI-12-00378
PLA_SPAGHETTI,PLA,spaghetti fragments,5.5,9.0,0.29,0.2,0.5,True,0.9722672727272728,0.0,0.004413333333333333,0.004028484848484848,2.1003222352561006,False,PASS,PLA_SPAGHETTI-12-00379
PLA_SPAGHETTI,PLA,spaghetti fragments,5.5,9.0,0.29,0.2,1.0,True,0.9722672727272728,0.0,0.004413333333333333,0.004028484848484848,2.1003222352561006,False,PASS,PLA_SPAGHETTI-12-00380
PLA_SPAGHETTI,PLA,spaghetti fragments,5.5,9.0,0.29,0.45,0.0,True,0.9647672727272727,0.0,0.00608,0.0048618181818181816,2.1049643939531952,False,PASS,PLA_SPAGHETTI-12-00381
PLA_SPAGHETTI,PLA,spaghetti fragments,5.5,9.0,0.29,0.45,0.5,True,0.9647672727272727,0.0,0.00608,0.0048618181818181816,2.1049643939531952,False,PASS,PLA_SPAGHETTI-12-00382
PLA_SPAGHETTI,PLA,spaghetti fragments,5.5,9.0,0.29,0.45,1.0,True,0.9647672727272727,0.0,0.00608,0.0048618181818181816,2.1049643939531952,False,PASS,PLA_SPAGHETTI-12-00383
PLA_SPAGHETTI,PLA,spaghetti fragments,5.5,9.0,0.29,0.7,0.0,True,0.9572672727272727,0.0,0.007746666666666666,0.005695151515151515,2.109627118420428,False,PASS,PLA_SPAGHETTI-12-00384
PLA_SPAGHETTI,PLA,spaghetti fragments,5.5,9.0,0.29,0.7,0.5,True,0.9572672727272727,0.0,0.007746666666666666,0.005695151515151515,2.109627118420428,False,PASS,PLA_SPAGHETTI-12-00385
PLA_SPAGHETTI,PLA,spaghetti fragments,5.5,9.0,0.29,0.7,1.0,True,0.9572672727272727,0.0,0.007746666666666666,0.005695151515151515,2.109627118420428,False,PASS,PLA_SPAGHETTI-12-00386
PLA_SPAGHETTI,PLA,spaghetti fragments,5.5,9.0,0.35,0.2,0.0,True,0.9696272727272727,0.0,0.0051333333333333335,0.004148484848484848,2.1019539381635726,False,PASS,PLA_SPAGHETTI-12-00387
PLA_SPAGHETTI,PLA,spaghetti fragments,5.5,9.0,0.35,0.2,0.5,True,0.9696272727272727,0.0,0.0051333333333333335,0.004148484848484848,2.1019539381635726,False,PASS,PLA_SPAGHETTI-12-00388
PLA_SPAGHETTI,PLA,spaghetti fragments,5.5,9.0,0.35,0.2,1.0,True,0.9696272727272727,0.0,0.0051333333333333335,0.004148484848484848,2.1019539381635726,False,PASS,PLA_SPAGHETTI-12-00389
PLA_SPAGHETTI,PLA,spaghetti fragments,5.5,9.0,0.35,0.45,0.0,True,0.9621272727272726,0.0,0.0068000000000000005,0.004981818181818182,2.1066033204664554,False,PASS,PLA_SPAGHETTI-12-00390
PLA_SPAGHETTI,PLA,spaghetti fragments,5.5,9.0,0.35,0.45,0.5,True,0.9621272727272726,0.0,0.0068000000000000005,0.004981818181818182,2.1066033204664554,False,PASS,PLA_SPAGHETTI-12-00391
PLA_SPAGHETTI,PLA,spaghetti fragments,5.5,9.0,0.35,0.45,1.0,True,0.9621272727272726,0.0,0.0068000000000000005,0.004981818181818182,2.1066033204664554,False,PASS,PLA_SPAGHETTI-12-00392
PLA_SPAGHETTI,PLA,spaghetti fragments,5.5,9.0,0.35,0.7,0.0,True,0.9546272727272727,0.0,0.008466666666666666,0.005815151515151515,2.1112733166146076,False,PASS,PLA_SPAGHETTI-12-00393
PLA_SPAGHETTI,PLA,spaghetti fragments,5.5,9.0,0.35,0.7,0.5,True,0.9546272727272727,0.0,0.008466666666666666,0.005815151515151515,2.1112733166146076,False,PASS,PLA_SPAGHETTI-12-00394
PLA_SPAGHETTI,PLA,spaghetti fragments,5.5,9.0,0.35,0.7,1.0,True,0.9546272727272727,0.0,0.008466666666666666,0.005815151515151515,2.1112733166146076,False,PASS,PLA_SPAGHETTI-12-00395
PLA_SPAGHETTI,PLA,spaghetti fragments,5.5,9.0,0.43,0.2,0.0,True,0.9661072727272727,0.0,0.0060933333333333325,0.004308484848484849,2.1041334899012685,False,PASS,PLA_SPAGHETTI-12-00396
PLA_SPAGHETTI,PLA,spaghetti fragments,5.5,9.0,0.43,0.2,0.5,True,0.9661072727272727,0.0,0.0060933333333333325,0.004308484848484849,2.1041334899012685,False,PASS,PLA_SPAGHETTI-12-00397
PLA_SPAGHETTI,PLA,spaghetti fragments,5.5,9.0,0.43,0.2,1.0,True,0.9661072727272727,0.0,0.0060933333333333325,0.004308484848484849,2.1041334899012685,False,PASS,PLA_SPAGHETTI-12-00398
PLA_SPAGHETTI,PLA,spaghetti fragments,5.5,9.0,0.43,0.45,0.0,True,0.9586072727272726,0.0,0.0077599999999999995,0.005141818181818182,2.1087925299360353,False,PASS,PLA_SPAGHETTI-12-00399
PLA_SPAGHETTI,PLA,spaghetti fragments,5.5,9.0,0.43,0.45,0.5,True,0.9586072727272726,0.0,0.0077599999999999995,0.005141818181818182,2.1087925299360353,False,PASS,PLA_SPAGHETTI-12-00400
PLA_SPAGHETTI,PLA,spaghetti fragments,5.5,9.0,0.43,0.45,1.0,True,0.9586072727272726,0.0,0.0077599999999999995,0.005141818181818182,2.1087925299360353,False,PASS,PLA_SPAGHETTI-12-00401
PLA_SPAGHETTI,PLA,spaghetti fragments,5.5,9.0,0.43,0.7,0.0,True,0.9511072727272727,0.0,0.009426666666666667,0.005975151515151516,2.1134722481496167,False,PASS,PLA_SPAGHETTI-12-00402
PLA_SPAGHETTI,PLA,spaghetti fragments,5.5,9.0,0.43,0.7,0.5,True,0.9511072727272727,0.0,0.009426666666666667,0.005975151515151516,2.1134722481496167,False,PASS,PLA_SPAGHETTI-12-00403
PLA_SPAGHETTI,PLA,spaghetti fragments,5.5,9.0,0.43,0.7,1.0,True,0.9511072727272727,0.0,0.009426666666666667,0.005975151515151516,2.1134722481496167,False,PASS,PLA_SPAGHETTI-12-00404
PLA_SPAGHETTI,PLA,spaghetti fragments,8.0,4.5,0.29,0.2,0.0,True,0.9763581818181819,0.0,0.004413333333333333,0.0028012121212121215,2.0977987683098736,False,PASS,PLA_SPAGHETTI-20-00405
PLA_SPAGHETTI,PLA,spaghetti fragments,8.0,4.5,0.29,0.2,0.5,True,0.9763581818181819,0.0,0.004413333333333333,0.0028012121212121215,2.0977987683098736,False,PASS,PLA_SPAGHETTI-20-00406
PLA_SPAGHETTI,PLA,spaghetti fragments,8.0,4.5,0.29,0.2,1.0,True,0.9763581818181819,0.0,0.004413333333333333,0.0028012121212121215,2.0977987683098736,False,PASS,PLA_SPAGHETTI-20-00407
PLA_SPAGHETTI,PLA,spaghetti fragments,8.0,4.5,0.29,0.45,0.0,True,0.9688581818181818,0.0,0.00608,0.003634545454545455,2.1024297666134766,False,PASS,PLA_SPAGHETTI-20-00408
PLA_SPAGHETTI,PLA,spaghetti fragments,8.0,4.5,0.29,0.45,0.5,True,0.9688581818181818,0.0,0.00608,0.003634545454545455,2.1024297666134766,False,PASS,PLA_SPAGHETTI-20-00409
PLA_SPAGHETTI,PLA,spaghetti fragments,8.0,4.5,0.29,0.45,1.0,True,0.9688581818181818,0.0,0.00608,0.003634545454545455,2.1024297666134766,False,PASS,PLA_SPAGHETTI-20-00410
PLA_SPAGHETTI,PLA,spaghetti fragments,8.0,4.5,0.29,0.7,0.0,True,0.9613581818181819,0.0,0.007746666666666666,0.004467878787878787,2.1070812564855004,False,PASS,PLA_SPAGHETTI-20-00411
PLA_SPAGHETTI,PLA,spaghetti fragments,8.0,4.5,0.29,0.7,0.5,True,0.9613581818181819,0.0,0.007746666666666666,0.004467878787878787,2.1070812564855004,False,PASS,PLA_SPAGHETTI-20-00412
PLA_SPAGHETTI,PLA,spaghetti fragments,8.0,4.5,0.29,0.7,1.0,True,0.9613581818181819,0.0,0.007746666666666666,0.004467878787878787,2.1070812564855004,False,PASS,PLA_SPAGHETTI-20-00413
PLA_SPAGHETTI,PLA,spaghetti fragments,8.0,4.5,0.35,0.2,0.0,True,0.9737181818181818,0.0,0.0051333333333333335,0.0029212121212121214,2.0994265511803927,False,PASS,PLA_SPAGHETTI-20-00414
PLA_SPAGHETTI,PLA,spaghetti fragments,8.0,4.5,0.35,0.2,0.5,True,0.9737181818181818,0.0,0.0051333333333333335,0.0029212121212121214,2.0994265511803927,False,PASS,PLA_SPAGHETTI-20-00415
PLA_SPAGHETTI,PLA,spaghetti fragments,8.0,4.5,0.35,0.2,1.0,True,0.9737181818181818,0.0,0.0051333333333333335,0.0029212121212121214,2.0994265511803927,False,PASS,PLA_SPAGHETTI-20-00416
PLA_SPAGHETTI,PLA,spaghetti fragments,8.0,4.5,0.35,0.45,0.0,True,0.9662181818181818,0.0,0.0068000000000000005,0.003754545454545455,2.1040647470455105,False,PASS,PLA_SPAGHETTI-20-00417
PLA_SPAGHETTI,PLA,spaghetti fragments,8.0,4.5,0.35,0.45,0.5,True,0.9662181818181818,0.0,0.0068000000000000005,0.003754545454545455,2.1040647470455105,False,PASS,PLA_SPAGHETTI-20-00418
PLA_SPAGHETTI,PLA,spaghetti fragments,8.0,4.5,0.35,0.45,1.0,True,0.9662181818181818,0.0,0.0068000000000000005,0.003754545454545455,2.1040647470455105,False,PASS,PLA_SPAGHETTI-20-00419
PLA_SPAGHETTI,PLA,spaghetti fragments,8.0,4.5,0.35,0.7,0.0,True,0.9587181818181818,0.0,0.008466666666666666,0.0045878787878787875,2.1087234823229544,False,PASS,PLA_SPAGHETTI-20-00420
PLA_SPAGHETTI,PLA,spaghetti fragments,8.0,4.5,0.35,0.7,0.5,True,0.9587181818181818,0.0,0.008466666666666666,0.0045878787878787875,2.1087234823229544,False,PASS,PLA_SPAGHETTI-20-00421
PLA_SPAGHETTI,PLA,spaghetti fragments,8.0,4.5,0.35,0.7,1.0,True,0.9587181818181818,0.0,0.008466666666666666,0.0045878787878787875,2.1087234823229544,False,PASS,PLA_SPAGHETTI-20-00422
PLA_SPAGHETTI,PLA,spaghetti fragments,8.0,4.5,0.43,0.2,0.0,True,0.9701981818181818,0.0,0.0060933333333333325,0.0030812121212121213,2.101600861977325,False,PASS,PLA_SPAGHETTI-20-00423
PLA_SPAGHETTI,PLA,spaghetti fragments,8.0,4.5,0.43,0.2,0.5,True,0.9701981818181818,0.0,0.0060933333333333325,0.0030812121212121213,2.101600861977325,False,PASS,PLA_SPAGHETTI-20-00424
PLA_SPAGHETTI,PLA,spaghetti fragments,8.0,4.5,0.43,0.2,1.0,True,0.9701981818181818,0.0,0.0060933333333333325,0.0030812121212121213,2.101600861977325,False,PASS,PLA_SPAGHETTI-20-00425
PLA_SPAGHETTI,PLA,spaghetti fragments,8.0,4.5,0.43,0.45,0.0,True,0.9626981818181818,0.0,0.0077599999999999995,0.003914545454545455,2.106248680722417,False,PASS,PLA_SPAGHETTI-20-00426
PLA_SPAGHETTI,PLA,spaghetti fragments,8.0,4.5,0.43,0.45,0.5,True,0.9626981818181818,0.0,0.0077599999999999995,0.003914545454545455,2.106248680722417,False,PASS,PLA_SPAGHETTI-20-00427
PLA_SPAGHETTI,PLA,spaghetti fragments,8.0,4.5,0.43,0.45,1.0,True,0.9626981818181818,0.0,0.0077599999999999995,0.003914545454545455,2.106248680722417,False,PASS,PLA_SPAGHETTI-20-00428
PLA_SPAGHETTI,PLA,spaghetti fragments,8.0,4.5,0.43,0.7,0.0,True,0.9551981818181818,0.0,0.009426666666666667,0.004747878787878788,2.1109171029036777,False,PASS,PLA_SPAGHETTI-20-00429
PLA_SPAGHETTI,PLA,spaghetti fragments,8.0,4.5,0.43,0.7,0.5,True,0.9551981818181818,0.0,0.009426666666666667,0.004747878787878788,2.1109171029036777,False,PASS,PLA_SPAGHETTI-20-00430
PLA_SPAGHETTI,PLA,spaghetti fragments,8.0,4.5,0.43,0.7,1.0,True,0.9551981818181818,0.0,0.009426666666666667,0.004747878787878788,2.1109171029036777,False,PASS,PLA_SPAGHETTI-20-00431
PLA_SPAGHETTI,PLA,spaghetti fragments,8.0,7.0,0.29,0.2,0.0,True,0.9740854545454546,0.0,0.004413333333333333,0.0034830303030303033,2.099199945283399,False,PASS,PLA_SPAGHETTI-21-00432
PLA_SPAGHETTI,PLA,spaghetti fragments,8.0,7.0,0.29,0.2,0.5,True,0.9740854545454546,0.0,0.004413333333333333,0.0034830303030303033,2.099199945283399,False,PASS,PLA_SPAGHETTI-21-00433
PLA_SPAGHETTI,PLA,spaghetti fragments,8.0,7.0,0.29,0.2,1.0,True,0.9740854545454546,0.0,0.004413333333333333,0.0034830303030303033,2.099199945283399,False,PASS,PLA_SPAGHETTI-21-00434
PLA_SPAGHETTI,PLA,spaghetti fragments,8.0,7.0,0.29,0.45,0.0,True,0.9665854545454545,0.0,0.00608,0.004316363636363636,2.103837138830453,False,PASS,PLA_SPAGHETTI-21-00435
PLA_SPAGHETTI,PLA,spaghetti fragments,8.0,7.0,0.29,0.45,0.5,True,0.9665854545454545,0.0,0.00608,0.004316363636363636,2.103837138830453,False,PASS,PLA_SPAGHETTI-21-00436
PLA_SPAGHETTI,PLA,spaghetti fragments,8.0,7.0,0.29,0.45,1.0,True,0.9665854545454545,0.0,0.00608,0.004316363636363636,2.103837138830453,False,PASS,PLA_SPAGHETTI-21-00437
PLA_SPAGHETTI,PLA,spaghetti fragments,8.0,7.0,0.29,0.7,0.0,True,0.9590854545454546,0.0,0.007746666666666666,0.005149696969696969,2.10849486512495,False,PASS,PLA_SPAGHETTI-21-00438
PLA_SPAGHETTI,PLA,spaghetti fragments,8.0,7.0,0.29,0.7,0.5,True,0.9590854545454546,0.0,0.007746666666666666,0.005149696969696969,2.10849486512495,False,PASS,PLA_SPAGHETTI-21-00439
PLA_SPAGHETTI,PLA,spaghetti fragments,8.0,7.0,0.29,0.7,1.0,True,0.9590854545454546,0.0,0.007746666666666666,0.005149696969696969,2.10849486512495,False,PASS,PLA_SPAGHETTI-21-00440
PLA_SPAGHETTI,PLA,spaghetti fragments,8.0,7.0,0.35,0.2,0.0,True,0.9714454545454545,0.0,0.0051333333333333335,0.0036030303030303032,2.100829904205976,False,PASS,PLA_SPAGHETTI-21-00441
PLA_SPAGHETTI,PLA,spaghetti fragments,8.0,7.0,0.35,0.2,0.5,True,0.9714454545454545,0.0,0.0051333333333333335,0.0036030303030303032,2.100829904205976,False,PASS,PLA_SPAGHETTI-21-00442
PLA_SPAGHETTI,PLA,spaghetti fragments,8.0,7.0,0.35,0.2,1.0,True,0.9714454545454545,0.0,0.0051333333333333335,0.0036030303030303032,2.100829904205976,False,PASS,PLA_SPAGHETTI-21-00443
PLA_SPAGHETTI,PLA,spaghetti fragments,8.0,7.0,0.35,0.45,0.0,True,0.9639454545454544,0.0,0.0068000000000000005,0.004436363636363637,2.1054743097680992,False,PASS,PLA_SPAGHETTI-21-00444
PLA_SPAGHETTI,PLA,spaghetti fragments,8.0,7.0,0.35,0.45,0.5,True,0.9639454545454544,0.0,0.0068000000000000005,0.004436363636363637,2.1054743097680992,False,PASS,PLA_SPAGHETTI-21-00445
PLA_SPAGHETTI,PLA,spaghetti fragments,8.0,7.0,0.35,0.45,1.0,True,0.9639454545454544,0.0,0.0068000000000000005,0.004436363636363637,2.1054743097680992,False,PASS,PLA_SPAGHETTI-21-00446
PLA_SPAGHETTI,PLA,spaghetti fragments,8.0,7.0,0.35,0.7,0.0,True,0.9564454545454545,0.0,0.008466666666666666,0.005269696969696969,2.1101392960498573,False,PASS,PLA_SPAGHETTI-21-00447
PLA_SPAGHETTI,PLA,spaghetti fragments,8.0,7.0,0.35,0.7,0.5,True,0.9564454545454545,0.0,0.008466666666666666,0.005269696969696969,2.1101392960498573,False,PASS,PLA_SPAGHETTI-21-00448
PLA_SPAGHETTI,PLA,spaghetti fragments,8.0,7.0,0.35,0.7,1.0,True,0.9564454545454545,0.0,0.008466666666666666,0.005269696969696969,2.1101392960498573,False,PASS,PLA_SPAGHETTI-21-00449
PLA_SPAGHETTI,PLA,spaghetti fragments,8.0,7.0,0.43,0.2,0.0,True,0.9679254545454545,0.0,0.0060933333333333325,0.003763030303030303,2.10300712429988,False,PASS,PLA_SPAGHETTI-21-00450
PLA_SPAGHETTI,PLA,spaghetti fragments,8.0,7.0,0.43,0.2,0.5,True,0.9679254545454545,0.0,0.0060933333333333325,0.003763030303030303,2.10300712429988,False,PASS,PLA_SPAGHETTI-21-00451
PLA_SPAGHETTI,PLA,spaghetti fragments,8.0,7.0,0.43,0.2,1.0,True,0.9679254545454545,0.0,0.0060933333333333325,0.003763030303030303,2.10300712429988,False,PASS,PLA_SPAGHETTI-21-00452
PLA_SPAGHETTI,PLA,spaghetti fragments,8.0,7.0,0.43,0.45,0.0,True,0.9604254545454545,0.0,0.0077599999999999995,0.004596363636363637,2.107661172083407,False,PASS,PLA_SPAGHETTI-21-00453
PLA_SPAGHETTI,PLA,spaghetti fragments,8.0,7.0,0.43,0.45,0.5,True,0.9604254545454545,0.0,0.0077599999999999995,0.004596363636363637,2.107661172083407,False,PASS,PLA_SPAGHETTI-21-00454
PLA_SPAGHETTI,PLA,spaghetti fragments,8.0,7.0,0.43,0.45,1.0,True,0.9604254545454545,0.0,0.0077599999999999995,0.004596363636363637,2.107661172083407,False,PASS,PLA_SPAGHETTI-21-00455
PLA_SPAGHETTI,PLA,spaghetti fragments,8.0,7.0,0.43,0.7,0.0,True,0.9529254545454545,0.0,0.009426666666666667,0.00542969696969697,2.1123358647822377,False,PASS,PLA_SPAGHETTI-21-00456
PLA_SPAGHETTI,PLA,spaghetti fragments,8.0,7.0,0.43,0.7,0.5,True,0.9529254545454545,0.0,0.009426666666666667,0.00542969696969697,2.1123358647822377,False,PASS,PLA_SPAGHETTI-21-00457
PLA_SPAGHETTI,PLA,spaghetti fragments,8.0,7.0,0.43,0.7,1.0,True,0.9529254545454545,0.0,0.009426666666666667,0.00542969696969697,2.1123358647822377,False,PASS,PLA_SPAGHETTI-21-00458
PLA_SPAGHETTI,PLA,spaghetti fragments,8.0,9.0,0.29,0.2,0.0,True,0.9722672727272728,0.0,0.004413333333333333,0.004028484848484848,2.1003222352561006,False,PASS,PLA_SPAGHETTI-22-00459
PLA_SPAGHETTI,PLA,spaghetti fragments,8.0,9.0,0.29,0.2,0.5,True,0.9722672727272728,0.0,0.004413333333333333,0.004028484848484848,2.1003222352561006,False,PASS,PLA_SPAGHETTI-22-00460
PLA_SPAGHETTI,PLA,spaghetti fragments,8.0,9.0,0.29,0.2,1.0,True,0.9722672727272728,0.0,0.004413333333333333,0.004028484848484848,2.1003222352561006,False,PASS,PLA_SPAGHETTI-22-00461
PLA_SPAGHETTI,PLA,spaghetti fragments,8.0,9.0,0.29,0.45,0.0,True,0.9647672727272727,0.0,0.00608,0.0048618181818181816,2.1049643939531952,False,PASS,PLA_SPAGHETTI-22-00462
PLA_SPAGHETTI,PLA,spaghetti fragments,8.0,9.0,0.29,0.45,0.5,True,0.9647672727272727,0.0,0.00608,0.0048618181818181816,2.1049643939531952,False,PASS,PLA_SPAGHETTI-22-00463
PLA_SPAGHETTI,PLA,spaghetti fragments,8.0,9.0,0.29,0.45,1.0,True,0.9647672727272727,0.0,0.00608,0.0048618181818181816,2.1049643939531952,False,PASS,PLA_SPAGHETTI-22-00464
PLA_SPAGHETTI,PLA,spaghetti fragments,8.0,9.0,0.29,0.7,0.0,True,0.9572672727272727,0.0,0.007746666666666666,0.005695151515151515,2.109627118420428,False,PASS,PLA_SPAGHETTI-22-00465
PLA_SPAGHETTI,PLA,spaghetti fragments,8.0,9.0,0.29,0.7,0.5,True,0.9572672727272727,0.0,0.007746666666666666,0.005695151515151515,2.109627118420428,False,PASS,PLA_SPAGHETTI-22-00466
PLA_SPAGHETTI,PLA,spaghetti fragments,8.0,9.0,0.29,0.7,1.0,True,0.9572672727272727,0.0,0.007746666666666666,0.005695151515151515,2.109627118420428,False,PASS,PLA_SPAGHETTI-22-00467
PLA_SPAGHETTI,PLA,spaghetti fragments,8.0,9.0,0.35,0.2,0.0,True,0.9696272727272727,0.0,0.0051333333333333335,0.004148484848484848,2.1019539381635726,False,PASS,PLA_SPAGHETTI-22-00468
PLA_SPAGHETTI,PLA,spaghetti fragments,8.0,9.0,0.35,0.2,0.5,True,0.9696272727272727,0.0,0.0051333333333333335,0.004148484848484848,2.1019539381635726,False,PASS,PLA_SPAGHETTI-22-00469
PLA_SPAGHETTI,PLA,spaghetti fragments,8.0,9.0,0.35,0.2,1.0,True,0.9696272727272727,0.0,0.0051333333333333335,0.004148484848484848,2.1019539381635726,False,PASS,PLA_SPAGHETTI-22-00470
PLA_SPAGHETTI,PLA,spaghetti fragments,8.0,9.0,0.35,0.45,0.0,True,0.9621272727272726,0.0,0.0068000000000000005,0.004981818181818182,2.1066033204664554,False,PASS,PLA_SPAGHETTI-22-00471
PLA_SPAGHETTI,PLA,spaghetti fragments,8.0,9.0,0.35,0.45,0.5,True,0.9621272727272726,0.0,0.0068000000000000005,0.004981818181818182,2.1066033204664554,False,PASS,PLA_SPAGHETTI-22-00472
PLA_SPAGHETTI,PLA,spaghetti fragments,8.0,9.0,0.35,0.45,1.0,True,0.9621272727272726,0.0,0.0068000000000000005,0.004981818181818182,2.1066033204664554,False,PASS,PLA_SPAGHETTI-22-00473
PLA_SPAGHETTI,PLA,spaghetti fragments,8.0,9.0,0.35,0.7,0.0,True,0.9546272727272727,0.0,0.008466666666666666,0.005815151515151515,2.1112733166146076,False,PASS,PLA_SPAGHETTI-22-00474
PLA_SPAGHETTI,PLA,spaghetti fragments,8.0,9.0,0.35,0.7,0.5,True,0.9546272727272727,0.0,0.008466666666666666,0.005815151515151515,2.1112733166146076,False,PASS,PLA_SPAGHETTI-22-00475
PLA_SPAGHETTI,PLA,spaghetti fragments,8.0,9.0,0.35,0.7,1.0,True,0.9546272727272727,0.0,0.008466666666666666,0.005815151515151515,2.1112733166146076,False,PASS,PLA_SPAGHETTI-22-00476
PLA_SPAGHETTI,PLA,spaghetti fragments,8.0,9.0,0.43,0.2,0.0,True,0.9661072727272727,0.0,0.0060933333333333325,0.004308484848484849,2.1041334899012685,False,PASS,PLA_SPAGHETTI-22-00477
PLA_SPAGHETTI,PLA,spaghetti fragments,8.0,9.0,0.43,0.2,0.5,True,0.9661072727272727,0.0,0.0060933333333333325,0.004308484848484849,2.1041334899012685,False,PASS,PLA_SPAGHETTI-22-00478
PLA_SPAGHETTI,PLA,spaghetti fragments,8.0,9.0,0.43,0.2,1.0,True,0.9661072727272727,0.0,0.0060933333333333325,0.004308484848484849,2.1041334899012685,False,PASS,PLA_SPAGHETTI-22-00479
PLA_SPAGHETTI,PLA,spaghetti fragments,8.0,9.0,0.43,0.45,0.0,True,0.9586072727272726,0.0,0.0077599999999999995,0.005141818181818182,2.1087925299360353,False,PASS,PLA_SPAGHETTI-22-00480
PLA_SPAGHETTI,PLA,spaghetti fragments,8.0,9.0,0.43,0.45,0.5,True,0.9586072727272726,0.0,0.0077599999999999995,0.005141818181818182,2.1087925299360353,False,PASS,PLA_SPAGHETTI-22-00481
PLA_SPAGHETTI,PLA,spaghetti fragments,8.0,9.0,0.43,0.45,1.0,True,0.9586072727272726,0.0,0.0077599999999999995,0.005141818181818182,2.1087925299360353,False,PASS,PLA_SPAGHETTI-22-00482
PLA_SPAGHETTI,PLA,spaghetti fragments,8.0,9.0,0.43,0.7,0.0,True,0.9511072727272727,0.0,0.009426666666666667,0.005975151515151516,2.1134722481496167,False,PASS,PLA_SPAGHETTI-22-00483
PLA_SPAGHETTI,PLA,spaghetti fragments,8.0,9.0,0.43,0.7,0.5,True,0.9511072727272727,0.0,0.009426666666666667,0.005975151515151516,2.1134722481496167,False,PASS,PLA_SPAGHETTI-22-00484
PLA_SPAGHETTI,PLA,spaghetti fragments,8.0,9.0,0.43,0.7,1.0,True,0.9511072727272727,0.0,0.009426666666666667,0.005975151515151516,2.1134722481496167,False,PASS,PLA_SPAGHETTI-22-00485
PLA_THIN_WALL,PLA,thin walls,3.0,3.0,0.31,0.2,0.0,False,0.9768418181818183,0.0,0.004653333333333334,0.0024321212121212123,1.1151282310282928,False,PASS,PLA_THIN_WALL-00-00486
PLA_THIN_WALL,PLA,thin walls,3.0,3.0,0.31,0.2,0.5,False,0.9768418181818183,0.0,0.004653333333333334,0.0024321212121212123,1.1151282310282928,False,PASS,PLA_THIN_WALL-00-00487
PLA_THIN_WALL,PLA,thin walls,3.0,3.0,0.31,0.2,1.0,False,0.9768418181818183,0.0,0.004653333333333334,0.0024321212121212123,1.1151282310282928,False,PASS,PLA_THIN_WALL-00-00488
PLA_THIN_WALL,PLA,thin walls,3.0,3.0,0.31,0.45,0.0,False,0.9693418181818182,0.0,0.006320000000000001,0.0032654545454545458,1.1164354481489622,False,PASS,PLA_THIN_WALL-00-00489
PLA_THIN_WALL,PLA,thin walls,3.0,3.0,0.31,0.45,0.5,False,0.9693418181818182,0.0,0.006320000000000001,0.0032654545454545458,1.1164354481489622,False,PASS,PLA_THIN_WALL-00-00490
PLA_THIN_WALL,PLA,thin walls,3.0,3.0,0.31,0.45,1.0,False,0.9693418181818182,0.0,0.006320000000000001,0.0032654545454545458,1.1164354481489622,False,PASS,PLA_THIN_WALL-00-00491
PLA_THIN_WALL,PLA,thin walls,3.0,3.0,0.31,0.7,0.0,False,0.9618418181818182,0.0,0.007986666666666666,0.004098787878787879,1.1177457336559866,False,PASS,PLA_THIN_WALL-00-00492
PLA_THIN_WALL,PLA,thin walls,3.0,3.0,0.31,0.7,0.5,False,0.9618418181818182,0.0,0.007986666666666666,0.004098787878787879,1.1177457336559866,False,PASS,PLA_THIN_WALL-00-00493
PLA_THIN_WALL,PLA,thin walls,3.0,3.0,0.31,0.7,1.0,False,0.9618418181818182,0.0,0.007986666666666666,0.004098787878787879,1.1177457336559866,False,PASS,PLA_THIN_WALL-00-00494
PLA_THIN_WALL,PLA,thin walls,3.0,3.0,0.38,0.2,0.0,False,0.9737618181818182,0.0,0.005493333333333333,0.0025721212121212122,1.1156646909124,False,PASS,PLA_THIN_WALL-00-00495
PLA_THIN_WALL,PLA,thin walls,3.0,3.0,0.38,0.2,0.5,False,0.9737618181818182,0.0,0.005493333333333333,0.0025721212121212122,1.1156646909124,False,PASS,PLA_THIN_WALL-00-00496
PLA_THIN_WALL,PLA,thin walls,3.0,3.0,0.38,0.2,1.0,False,0.9737618181818182,0.0,0.005493333333333333,0.0025721212121212122,1.1156646909124,False,PASS,PLA_THIN_WALL-00-00497
PLA_THIN_WALL,PLA,thin walls,3.0,3.0,0.38,0.45,0.0,False,0.9662618181818181,0.0,0.00716,0.0034054545454545457,1.1169731668114535,False,PASS,PLA_THIN_WALL-00-00498
PLA_THIN_WALL,PLA,thin walls,3.0,3.0,0.38,0.45,0.5,False,0.9662618181818181,0.0,0.00716,0.0034054545454545457,1.1169731668114535,False,PASS,PLA_THIN_WALL-00-00499
PLA_THIN_WALL,PLA,thin walls,3.0,3.0,0.38,0.45,1.0,False,0.9662618181818181,0.0,0.00716,0.0034054545454545457,1.1169731668114535,False,PASS,PLA_THIN_WALL-00-00500
PLA_THIN_WALL,PLA,thin walls,3.0,3.0,0.38,0.7,0.0,False,0.9587618181818182,0.0,0.008826666666666667,0.004238787878787879,1.118284715532564,False,PASS,PLA_THIN_WALL-00-00501
PLA_THIN_WALL,PLA,thin walls,3.0,3.0,0.38,0.7,0.5,False,0.9587618181818182,0.0,0.008826666666666667,0.004238787878787879,1.118284715532564,False,PASS,PLA_THIN_WALL-00-00502
PLA_THIN_WALL,PLA,thin walls,3.0,3.0,0.38,0.7,1.0,False,0.9587618181818182,0.0,0.008826666666666667,0.004238787878787879,1.118284715532564,False,PASS,PLA_THIN_WALL-00-00503
PLA_THIN_WALL,PLA,thin walls,3.0,3.0,0.46,0.2,0.0,False,0.9702418181818182,0.0,0.0064533333333333335,0.002732121212121212,1.116278420296361,False,PASS,PLA_THIN_WALL-00-00504
PLA_THIN_WALL,PLA,thin walls,3.0,3.0,0.46,0.2,0.5,False,0.9702418181818182,0.0,0.0064533333333333335,0.002732121212121212,1.116278420296361,False,PASS,PLA_THIN_WALL-00-00505
PLA_THIN_WALL,PLA,thin walls,3.0,3.0,0.46,0.2,1.0,False,0.9702418181818182,0.0,0.0064533333333333335,0.002732121212121212,1.116278420296361,False,PASS,PLA_THIN_WALL-00-00506
PLA_THIN_WALL,PLA,thin walls,3.0,3.0,0.46,0.45,0.0,False,0.9627418181818181,0.0,0.00812,0.0035654545454545457,1.117588337026929,False,PASS,PLA_THIN_WALL-00-00507
PLA_THIN_WALL,PLA,thin walls,3.0,3.0,0.46,0.45,0.5,False,0.9627418181818181,0.0,0.00812,0.0035654545454545457,1.117588337026929,False,PASS,PLA_THIN_WALL-00-00508
PLA_THIN_WALL,PLA,thin walls,3.0,3.0,0.46,0.45,1.0,False,0.9627418181818181,0.0,0.00812,0.0035654545454545457,1.117588337026929,False,PASS,PLA_THIN_WALL-00-00509
PLA_THIN_WALL,PLA,thin walls,3.0,3.0,0.46,0.7,0.0,False,0.9552418181818182,0.0,0.009786666666666667,0.004398787878787879,1.1189013316594028,False,PASS,PLA_THIN_WALL-00-00510
PLA_THIN_WALL,PLA,thin walls,3.0,3.0,0.46,0.7,0.5,False,0.9552418181818182,0.0,0.009786666666666667,0.004398787878787879,1.1189013316594028,False,PASS,PLA_THIN_WALL-00-00511
PLA_THIN_WALL,PLA,thin walls,3.0,3.0,0.46,0.7,1.0,False,0.9552418181818182,0.0,0.009786666666666667,0.004398787878787879,1.1189013316594028,False,PASS,PLA_THIN_WALL-00-00512
PLA_THIN_WALL,PLA,thin walls,3.0,4.5,0.31,0.2,0.0,False,0.9754781818181819,0.0,0.004653333333333334,0.0028412121212121216,1.1153656791273021,False,PASS,PLA_THIN_WALL-01-00513
PLA_THIN_WALL,PLA,thin walls,3.0,4.5,0.31,0.2,0.5,False,0.9754781818181819,0.0,0.004653333333333334,0.0028412121212121216,1.1153656791273021,False,PASS,PLA_THIN_WALL-01-00514
PLA_THIN_WALL,PLA,thin walls,3.0,4.5,0.31,0.2,1.0,False,0.9754781818181819,0.0,0.004653333333333334,0.0028412121212121216,1.1153656791273021,False,PASS,PLA_THIN_WALL-01-00515
PLA_THIN_WALL,PLA,thin walls,3.0,4.5,0.31,0.45,0.0,False,0.9679781818181818,0.0,0.006320000000000001,0.003674545454545455,1.1166734533341758,False,PASS,PLA_THIN_WALL-01-00516
PLA_THIN_WALL,PLA,thin walls,3.0,4.5,0.31,0.45,0.5,False,0.9679781818181818,0.0,0.006320000000000001,0.003674545454545455,1.1166734533341758,False,PASS,PLA_THIN_WALL-01-00517
PLA_THIN_WALL,PLA,thin walls,3.0,4.5,0.31,0.45,1.0,False,0.9679781818181818,0.0,0.006320000000000001,0.003674545454545455,1.1166734533341758,False,PASS,PLA_THIN_WALL-01-00518
PLA_THIN_WALL,PLA,thin walls,3.0,4.5,0.31,0.7,0.0,False,0.9604781818181819,0.0,0.007986666666666666,0.004507878787878787,1.117984297890209,False,PASS,PLA_THIN_WALL-01-00519
PLA_THIN_WALL,PLA,thin walls,3.0,4.5,0.31,0.7,0.5,False,0.9604781818181819,0.0,0.007986666666666666,0.004507878787878787,1.117984297890209,False,PASS,PLA_THIN_WALL-01-00520
PLA_THIN_WALL,PLA,thin walls,3.0,4.5,0.31,0.7,1.0,False,0.9604781818181819,0.0,0.007986666666666666,0.004507878787878787,1.117984297890209,False,PASS,PLA_THIN_WALL-01-00521
PLA_THIN_WALL,PLA,thin walls,3.0,4.5,0.38,0.2,0.0,False,0.9723981818181818,0.0,0.005493333333333333,0.0029812121212121215,1.1159023675512147,False,PASS,PLA_THIN_WALL-01-00522
PLA_THIN_WALL,PLA,thin walls,3.0,4.5,0.38,0.2,0.5,False,0.9723981818181818,0.0,0.005493333333333333,0.0029812121212121215,1.1159023675512147,False,PASS,PLA_THIN_WALL-01-00523
PLA_THIN_WALL,PLA,thin walls,3.0,4.5,0.38,0.2,1.0,False,0.9723981818181818,0.0,0.005493333333333333,0.0029812121212121215,1.1159023675512147,False,PASS,PLA_THIN_WALL-01-00524
PLA_THIN_WALL,PLA,thin walls,3.0,4.5,0.38,0.45,0.0,False,0.9648981818181818,0.0,0.00716,0.003814545454545455,1.1172114013414174,False,PASS,PLA_THIN_WALL-01-00525
PLA_THIN_WALL,PLA,thin walls,3.0,4.5,0.38,0.45,0.5,False,0.9648981818181818,0.0,0.00716,0.003814545454545455,1.1172114013414174,False,PASS,PLA_THIN_WALL-01-00526
PLA_THIN_WALL,PLA,thin walls,3.0,4.5,0.38,0.45,1.0,False,0.9648981818181818,0.0,0.00716,0.003814545454545455,1.1172114013414174,False,PASS,PLA_THIN_WALL-01-00527
PLA_THIN_WALL,PLA,thin walls,3.0,4.5,0.38,0.7,0.0,False,0.9573981818181818,0.0,0.008826666666666667,0.004647878787878788,1.1185235099202664,False,PASS,PLA_THIN_WALL-01-00528
PLA_THIN_WALL,PLA,thin walls,3.0,4.5,0.38,0.7,0.5,False,0.9573981818181818,0.0,0.008826666666666667,0.004647878787878788,1.1185235099202664,False,PASS,PLA_THIN_WALL-01-00529
PLA_THIN_WALL,PLA,thin walls,3.0,4.5,0.38,0.7,1.0,False,0.9573981818181818,0.0,0.008826666666666667,0.004647878787878788,1.1185235099202664,False,PASS,PLA_THIN_WALL-01-00530
PLA_THIN_WALL,PLA,thin walls,3.0,4.5,0.46,0.2,0.0,False,0.9688781818181819,0.0,0.0064533333333333335,0.0031412121212121215,1.1165163585277753,False,PASS,PLA_THIN_WALL-01-00531
PLA_THIN_WALL,PLA,thin walls,3.0,4.5,0.46,0.2,0.5,False,0.9688781818181819,0.0,0.0064533333333333335,0.0031412121212121215,1.1165163585277753,False,PASS,PLA_THIN_WALL-01-00532
PLA_THIN_WALL,PLA,thin walls,3.0,4.5,0.46,0.2,1.0,False,0.9688781818181819,0.0,0.0064533333333333335,0.0031412121212121215,1.1165163585277753,False,PASS,PLA_THIN_WALL-01-00533
PLA_THIN_WALL,PLA,thin walls,3.0,4.5,0.46,0.45,0.0,False,0.9613781818181818,0.0,0.00812,0.0039745454545454546,1.1178268340713293,False,PASS,PLA_THIN_WALL-01-00534
PLA_THIN_WALL,PLA,thin walls,3.0,4.5,0.46,0.45,0.5,False,0.9613781818181818,0.0,0.00812,0.0039745454545454546,1.1178268340713293,False,PASS,PLA_THIN_WALL-01-00535
PLA_THIN_WALL,PLA,thin walls,3.0,4.5,0.46,0.45,1.0,False,0.9613781818181818,0.0,0.00812,0.0039745454545454546,1.1178268340713293,False,PASS,PLA_THIN_WALL-01-00536
PLA_THIN_WALL,PLA,thin walls,3.0,4.5,0.46,0.7,0.0,False,0.9538781818181818,0.0,0.009786666666666667,0.004807878787878788,1.1191403894877148,False,PASS,PLA_THIN_WALL-01-00537
PLA_THIN_WALL,PLA,thin walls,3.0,4.5,0.46,0.7,0.5,False,0.9538781818181818,0.0,0.009786666666666667,0.004807878787878788,1.1191403894877148,False,PASS,PLA_THIN_WALL-01-00538
PLA_THIN_WALL,PLA,thin walls,3.0,4.5,0.46,0.7,1.0,False,0.9538781818181818,0.0,0.009786666666666667,0.004807878787878788,1.1191403894877148,False,PASS,PLA_THIN_WALL-01-00539
PLA_THIN_WALL,PLA,thin walls,3.0,6.5,0.31,0.2,0.0,False,0.9736600000000001,0.0,0.004653333333333334,0.0033866666666666667,1.115682433937096,False,PASS,PLA_THIN_WALL-02-00540
PLA_THIN_WALL,PLA,thin walls,3.0,6.5,0.31,0.2,0.5,False,0.9736600000000001,0.0,0.004653333333333334,0.0033866666666666667,1.115682433937096,False,PASS,PLA_THIN_WALL-02-00541
PLA_THIN_WALL,PLA,thin walls,3.0,6.5,0.31,0.2,1.0,False,0.9736600000000001,0.0,0.004653333333333334,0.0033866666666666667,1.115682433937096,False,PASS,PLA_THIN_WALL-02-00542
PLA_THIN_WALL,PLA,thin walls,3.0,6.5,0.31,0.45,0.0,False,0.96616,0.0,0.006320000000000001,0.00422,1.1169909514797003,False,PASS,PLA_THIN_WALL-02-00543
PLA_THIN_WALL,PLA,thin walls,3.0,6.5,0.31,0.45,0.5,False,0.96616,0.0,0.006320000000000001,0.00422,1.1169909514797003,False,PASS,PLA_THIN_WALL-02-00544
PLA_THIN_WALL,PLA,thin walls,3.0,6.5,0.31,0.45,1.0,False,0.96616,0.0,0.006320000000000001,0.00422,1.1169909514797003,False,PASS,PLA_THIN_WALL-02-00545
PLA_THIN_WALL,PLA,thin walls,3.0,6.5,0.31,0.7,0.0,False,0.9586600000000001,0.0,0.007986666666666666,0.005053333333333333,1.118302541991142,False,PASS,PLA_THIN_WALL-02-00546
PLA_THIN_WALL,PLA,thin walls,3.0,6.5,0.31,0.7,0.5,False,0.9586600000000001,0.0,0.007986666666666666,0.005053333333333333,1.118302541991142,False,PASS,PLA_THIN_WALL-02-00547
PLA_THIN_WALL,PLA,thin walls,3.0,6.5,0.31,0.7,1.0,False,0.9586600000000001,0.0,0.007986666666666666,0.005053333333333333,1.118302541991142,False,PASS,PLA_THIN_WALL-02-00548
PLA_THIN_WALL,PLA,thin walls,3.0,6.5,0.38,0.2,0.0,False,0.97058,0.0,0.005493333333333333,0.0035266666666666667,1.1162194273079957,False,PASS,PLA_THIN_WALL-02-00549
PLA_THIN_WALL,PLA,thin walls,3.0,6.5,0.38,0.2,0.5,False,0.97058,0.0,0.005493333333333333,0.0035266666666666667,1.1162194273079957,False,PASS,PLA_THIN_WALL-02-00550
PLA_THIN_WALL,PLA,thin walls,3.0,6.5,0.38,0.2,1.0,False,0.97058,0.0,0.005493333333333333,0.0035266666666666667,1.1162194273079957,False,PASS,PLA_THIN_WALL-02-00551
PLA_THIN_WALL,PLA,thin walls,3.0,6.5,0.38,0.45,0.0,False,0.9630799999999999,0.0,0.00716,0.00436,1.1175292055082566,False,PASS,PLA_THIN_WALL-02-00552
PLA_THIN_WALL,PLA,thin walls,3.0,6.5,0.38,0.45,0.5,False,0.9630799999999999,0.0,0.00716,0.00436,1.1175292055082566,False,PASS,PLA_THIN_WALL-02-00553
PLA_THIN_WALL,PLA,thin walls,3.0,6.5,0.38,0.45,1.0,False,0.9630799999999999,0.0,0.00716,0.00436,1.1175292055082566,False,PASS,PLA_THIN_WALL-02-00554
PLA_THIN_WALL,PLA,thin walls,3.0,6.5,0.38,0.7,0.0,False,0.95558,0.0,0.008826666666666667,0.005193333333333334,1.118842061121894,False,PASS,PLA_THIN_WALL-02-00555
PLA_THIN_WALL,PLA,thin walls,3.0,6.5,0.38,0.7,0.5,False,0.95558,0.0,0.008826666666666667,0.005193333333333334,1.118842061121894,False,PASS,PLA_THIN_WALL-02-00556
PLA_THIN_WALL,PLA,thin walls,3.0,6.5,0.38,0.7,1.0,False,0.95558,0.0,0.008826666666666667,0.005193333333333334,1.118842061121894,False,PASS,PLA_THIN_WALL-02-00557
PLA_THIN_WALL,PLA,thin walls,3.0,6.5,0.46,0.2,0.0,False,0.96706,0.0,0.0064533333333333335,0.0036866666666666667,1.1168337673349351,False,PASS,PLA_THIN_WALL-02-00558
PLA_THIN_WALL,PLA,thin walls,3.0,6.5,0.46,0.2,0.5,False,0.96706,0.0,0.0064533333333333335,0.0036866666666666667,1.1168337673349351,False,PASS,PLA_THIN_WALL-02-00559
PLA_THIN_WALL,PLA,thin walls,3.0,6.5,0.46,0.2,1.0,False,0.96706,0.0,0.0064533333333333335,0.0036866666666666667,1.1168337673349351,False,PASS,PLA_THIN_WALL-02-00560
PLA_THIN_WALL,PLA,thin walls,3.0,6.5,0.46,0.45,0.0,False,0.95956,0.0,0.00812,0.00452,1.1181449885188872,False,PASS,PLA_THIN_WALL-02-00561
PLA_THIN_WALL,PLA,thin walls,3.0,6.5,0.46,0.45,0.5,False,0.95956,0.0,0.00812,0.00452,1.1181449885188872,False,PASS,PLA_THIN_WALL-02-00562
PLA_THIN_WALL,PLA,thin walls,3.0,6.5,0.46,0.45,1.0,False,0.95956,0.0,0.00812,0.00452,1.1181449885188872,False,PASS,PLA_THIN_WALL-02-00563
PLA_THIN_WALL,PLA,thin walls,3.0,6.5,0.46,0.7,0.0,False,0.95206,0.0,0.009786666666666667,0.005353333333333333,1.1194592922061901,False,PASS,PLA_THIN_WALL-02-00564
PLA_THIN_WALL,PLA,thin walls,3.0,6.5,0.46,0.7,0.5,False,0.95206,0.0,0.009786666666666667,0.005353333333333333,1.1194592922061901,False,PASS,PLA_THIN_WALL-02-00565
PLA_THIN_WALL,PLA,thin walls,3.0,6.5,0.46,0.7,1.0,False,0.95206,0.0,0.009786666666666667,0.005353333333333333,1.1194592922061901,False,PASS,PLA_THIN_WALL-02-00566
PLA_THIN_WALL,PLA,thin walls,5.5,3.0,0.31,0.2,0.0,True,0.9768418181818183,0.0,0.004653333333333334,0.0024321212121212123,2.0975008391910173,False,PASS,PLA_THIN_WALL-10-00567
PLA_THIN_WALL,PLA,thin walls,5.5,3.0,0.31,0.2,0.5,True,0.9768418181818183,0.0,0.004653333333333334,0.0024321212121212123,2.0975008391910173,False,PASS,PLA_THIN_WALL-10-00568
PLA_THIN_WALL,PLA,thin walls,5.5,3.0,0.31,0.2,1.0,True,0.9768418181818183,0.0,0.004653333333333334,0.0024321212121212123,2.0975008391910173,False,PASS,PLA_THIN_WALL-10-00569
PLA_THIN_WALL,PLA,thin walls,5.5,3.0,0.31,0.45,0.0,True,0.9693418181818182,0.0,0.006320000000000001,0.0032654545454545458,2.102130520748945,False,PASS,PLA_THIN_WALL-10-00570
PLA_THIN_WALL,PLA,thin walls,5.5,3.0,0.31,0.45,0.5,True,0.9693418181818182,0.0,0.006320000000000001,0.0032654545454545458,2.102130520748945,False,PASS,PLA_THIN_WALL-10-00571
PLA_THIN_WALL,PLA,thin walls,5.5,3.0,0.31,0.45,1.0,True,0.9693418181818182,0.0,0.006320000000000001,0.0032654545454545458,2.102130520748945,False,PASS,PLA_THIN_WALL-10-00572
PLA_THIN_WALL,PLA,thin walls,5.5,3.0,0.31,0.7,0.0,True,0.9618418181818182,0.0,0.007986666666666666,0.004098787878787879,2.1067806851266107,False,PASS,PLA_THIN_WALL-10-00573
PLA_THIN_WALL,PLA,thin walls,5.5,3.0,0.31,0.7,0.5,True,0.9618418181818182,0.0,0.007986666666666666,0.004098787878787879,2.1067806851266107,False,PASS,PLA_THIN_WALL-10-00574
PLA_THIN_WALL,PLA,thin walls,5.5,3.0,0.31,0.7,1.0,True,0.9618418181818182,0.0,0.007986666666666666,0.004098787878787879,2.1067806851266107,False,PASS,PLA_THIN_WALL-10-00575
PLA_THIN_WALL,PLA,thin walls,5.5,3.0,0.38,0.2,0.0,True,0.9737618181818182,0.0,0.005493333333333333,0.0025721212121212122,2.099399625146471,False,PASS,PLA_THIN_WALL-10-00576
PLA_THIN_WALL,PLA,thin walls,5.5,3.0,0.38,0.2,0.5,True,0.9737618181818182,0.0,0.005493333333333333,0.0025721212121212122,2.099399625146471,False,PASS,PLA_THIN_WALL-10-00577
PLA_THIN_WALL,PLA,thin walls,5.5,3.0,0.38,0.2,1.0,True,0.9737618181818182,0.0,0.005493333333333333,0.0025721212121212122,2.099399625146471,False,PASS,PLA_THIN_WALL-10-00578
PLA_THIN_WALL,PLA,thin walls,5.5,3.0,0.38,0.45,0.0,True,0.9662618181818181,0.0,0.00716,0.0034054545454545457,2.1040377019072833,False,PASS,PLA_THIN_WALL-10-00579
PLA_THIN_WALL,PLA,thin walls,5.5,3.0,0.38,0.45,0.5,True,0.9662618181818181,0.0,0.00716,0.0034054545454545457,2.1040377019072833,False,PASS,PLA_THIN_WALL-10-00580
PLA_THIN_WALL,PLA,thin walls,5.5,3.0,0.38,0.45,1.0,True,0.9662618181818181,0.0,0.00716,0.0034054545454545457,2.1040377019072833,False,PASS,PLA_THIN_WALL-10-00581
PLA_THIN_WALL,PLA,thin walls,5.5,3.0,0.38,0.7,0.0,True,0.9587618181818182,0.0,0.008826666666666667,0.004238787878787879,2.1086963172884037,False,PASS,PLA_THIN_WALL-10-00582
PLA_THIN_WALL,PLA,thin walls,5.5,3.0,0.38,0.7,0.5,True,0.9587618181818182,0.0,0.008826666666666667,0.004238787878787879,2.1086963172884037,False,PASS,PLA_THIN_WALL-10-00583
PLA_THIN_WALL,PLA,thin walls,5.5,3.0,0.38,0.7,1.0,True,0.9587618181818182,0.0,0.008826666666666667,0.004238787878787879,2.1086963172884037,False,PASS,PLA_THIN_WALL-10-00584
PLA_THIN_WALL,PLA,thin walls,5.5,3.0,0.46,0.2,0.0,True,0.9702418181818182,0.0,0.0064533333333333335,0.002732121212121212,2.1015738801419683,False,PASS,PLA_THIN_WALL-10-00585
PLA_THIN_WALL,PLA,thin walls,5.5,3.0,0.46,0.2,0.5,True,0.9702418181818182,0.0,0.0064533333333333335,0.002732121212121212,2.1015738801419683,False,PASS,PLA_THIN_WALL-10-00586
PLA_THIN_WALL,PLA,thin walls,5.5,3.0,0.46,0.2,1.0,True,0.9702418181818182,0.0,0.0064533333333333335,0.002732121212121212,2.1015738801419683,False,PASS,PLA_THIN_WALL-10-00587
PLA_THIN_WALL,PLA,thin walls,5.5,3.0,0.46,0.45,0.0,True,0.9627418181818181,0.0,0.00812,0.0035654545454545457,2.106221579411906,False,PASS,PLA_THIN_WALL-10-00588
PLA_THIN_WALL,PLA,thin walls,5.5,3.0,0.46,0.45,0.5,True,0.9627418181818181,0.0,0.00812,0.0035654545454545457,2.106221579411906,False,PASS,PLA_THIN_WALL-10-00589
PLA_THIN_WALL,PLA,thin walls,5.5,3.0,0.46,0.45,1.0,True,0.9627418181818181,0.0,0.00812,0.0035654545454545457,2.106221579411906,False,PASS,PLA_THIN_WALL-10-00590
PLA_THIN_WALL,PLA,thin walls,5.5,3.0,0.46,0.7,0.0,True,0.9552418181818182,0.0,0.009786666666666667,0.004398787878787879,2.1108898813227004,False,PASS,PLA_THIN_WALL-10-00591
PLA_THIN_WALL,PLA,thin walls,5.5,3.0,0.46,0.7,0.5,True,0.9552418181818182,0.0,0.009786666666666667,0.004398787878787879,2.1108898813227004,False,PASS,PLA_THIN_WALL-10-00592
PLA_THIN_WALL,PLA,thin walls,5.5,3.0,0.46,0.7,1.0,True,0.9552418181818182,0.0,0.009786666666666667,0.004398787878787879,2.1108898813227004,False,PASS,PLA_THIN_WALL-10-00593
PLA_THIN_WALL,PLA,thin walls,5.5,4.5,0.31,0.2,0.0,True,0.9754781818181819,0.0,0.004653333333333334,0.0028412121212121216,2.0983410820618467,False,PASS,PLA_THIN_WALL-11-00594
PLA_THIN_WALL,PLA,thin walls,5.5,4.5,0.31,0.2,0.5,True,0.9754781818181819,0.0,0.004653333333333334,0.0028412121212121216,2.0983410820618467,False,PASS,PLA_THIN_WALL-11-00595
PLA_THIN_WALL,PLA,thin walls,5.5,4.5,0.31,0.2,1.0,True,0.9754781818181819,0.0,0.004653333333333334,0.0028412121212121216,2.0983410820618467,False,PASS,PLA_THIN_WALL-11-00596
PLA_THIN_WALL,PLA,thin walls,5.5,4.5,0.31,0.45,0.0,True,0.9679781818181818,0.0,0.006320000000000001,0.003674545454545455,2.102974477689964,False,PASS,PLA_THIN_WALL-11-00597
PLA_THIN_WALL,PLA,thin walls,5.5,4.5,0.31,0.45,0.5,True,0.9679781818181818,0.0,0.006320000000000001,0.003674545454545455,2.102974477689964,False,PASS,PLA_THIN_WALL-11-00598
PLA_THIN_WALL,PLA,thin walls,5.5,4.5,0.31,0.45,1.0,True,0.9679781818181818,0.0,0.006320000000000001,0.003674545454545455,2.102974477689964,False,PASS,PLA_THIN_WALL-11-00599
PLA_THIN_WALL,PLA,thin walls,5.5,4.5,0.31,0.7,0.0,True,0.9604781818181819,0.0,0.007986666666666666,0.004507878787878787,2.1076283808179452,False,PASS,PLA_THIN_WALL-11-00600
PLA_THIN_WALL,PLA,thin walls,5.5,4.5,0.31,0.7,0.5,True,0.9604781818181819,0.0,0.007986666666666666,0.004507878787878787,2.1076283808179452,False,PASS,PLA_THIN_WALL-11-00601
PLA_THIN_WALL,PLA,thin walls,5.5,4.5,0.31,0.7,1.0,True,0.9604781818181819,0.0,0.007986666666666666,0.004507878787878787,2.1076283808179452,False,PASS,PLA_THIN_WALL-11-00602
PLA_THIN_WALL,PLA,thin walls,5.5,4.5,0.38,0.2,0.0,True,0.9723981818181818,0.0,0.005493333333333333,0.0029812121212121215,2.1002413902895376,False,PASS,PLA_THIN_WALL-11-00603
PLA_THIN_WALL,PLA,thin walls,5.5,4.5,0.38,0.2,0.5,True,0.9723981818181818,0.0,0.005493333333333333,0.0029812121212121215,2.1002413902895376,False,PASS,PLA_THIN_WALL-11-00604
PLA_THIN_WALL,PLA,thin walls,5.5,4.5,0.38,0.2,1.0,True,0.9723981818181818,0.0,0.005493333333333333,0.0029812121212121215,2.1002413902895376,False,PASS,PLA_THIN_WALL-11-00605
PLA_THIN_WALL,PLA,thin walls,5.5,4.5,0.38,0.45,0.0,True,0.9648981818181818,0.0,0.00716,0.003814545454545455,2.1048831912294794,False,PASS,PLA_THIN_WALL-11-00606
PLA_THIN_WALL,PLA,thin walls,5.5,4.5,0.38,0.45,0.5,True,0.9648981818181818,0.0,0.00716,0.003814545454545455,2.1048831912294794,False,PASS,PLA_THIN_WALL-11-00607
PLA_THIN_WALL,PLA,thin walls,5.5,4.5,0.38,0.45,1.0,True,0.9648981818181818,0.0,0.00716,0.003814545454545455,2.1048831912294794,False,PASS,PLA_THIN_WALL-11-00608
PLA_THIN_WALL,PLA,thin walls,5.5,4.5,0.38,0.7,0.0,True,0.9573981818181818,0.0,0.008826666666666667,0.004647878787878788,2.1095455555595612,False,PASS,PLA_THIN_WALL-11-00609
PLA_THIN_WALL,PLA,thin walls,5.5,4.5,0.38,0.7,0.5,True,0.9573981818181818,0.0,0.008826666666666667,0.004647878787878788,2.1095455555595612,False,PASS,PLA_THIN_WALL-11-00610
PLA_THIN_WALL,PLA,thin walls,5.5,4.5,0.38,0.7,1.0,True,0.9573981818181818,0.0,0.008826666666666667,0.004647878787878788,2.1095455555595612,False,PASS,PLA_THIN_WALL-11-00611
PLA_THIN_WALL,PLA,thin walls,5.5,4.5,0.46,0.2,0.0,True,0.9688781818181819,0.0,0.0064533333333333335,0.0031412121212121215,2.1024173900957486,False,PASS,PLA_THIN_WALL-11-00612
PLA_THIN_WALL,PLA,thin walls,5.5,4.5,0.46,0.2,0.5,True,0.9688781818181819,0.0,0.0064533333333333335,0.0031412121212121215,2.1024173900957486,False,PASS,PLA_THIN_WALL-11-00613
PLA_THIN_WALL,PLA,thin walls,5.5,4.5,0.46,0.2,1.0,True,0.9688781818181819,0.0,0.0064533333333333335,0.0031412121212121215,2.1024173900957486,False,PASS,PLA_THIN_WALL-11-00614
PLA_THIN_WALL,PLA,thin walls,5.5,4.5,0.46,0.45,0.0,True,0.9613781818181818,0.0,0.00812,0.0039745454545454546,2.107068825142863,False,PASS,PLA_THIN_WALL-11-00615
PLA_THIN_WALL,PLA,thin walls,5.5,4.5,0.46,0.45,0.5,True,0.9613781818181818,0.0,0.00812,0.0039745454545454546,2.107068825142863,False,PASS,PLA_THIN_WALL-11-00616
PLA_THIN_WALL,PLA,thin walls,5.5,4.5,0.46,0.45,1.0,True,0.9613781818181818,0.0,0.00812,0.0039745454545454546,2.107068825142863,False,PASS,PLA_THIN_WALL-11-00617
PLA_THIN_WALL,PLA,thin walls,5.5,4.5,0.46,0.7,0.0,True,0.9538781818181818,0.0,0.009786666666666667,0.004807878787878788,2.111740887703686,False,PASS,PLA_THIN_WALL-11-00618
PLA_THIN_WALL,PLA,thin walls,5.5,4.5,0.46,0.7,0.5,True,0.9538781818181818,0.0,0.009786666666666667,0.004807878787878788,2.111740887703686,False,PASS,PLA_THIN_WALL-11-00619
PLA_THIN_WALL,PLA,thin walls,5.5,4.5,0.46,0.7,1.0,True,0.9538781818181818,0.0,0.009786666666666667,0.004807878787878788,2.111740887703686,False,PASS,PLA_THIN_WALL-11-00620
PLA_THIN_WALL,PLA,thin walls,5.5,6.5,0.31,0.2,0.0,True,0.9736600000000001,0.0,0.004653333333333334,0.0033866666666666667,2.0994624536333713,False,PASS,PLA_THIN_WALL-12-00621
PLA_THIN_WALL,PLA,thin walls,5.5,6.5,0.31,0.2,0.5,True,0.9736600000000001,0.0,0.004653333333333334,0.0033866666666666667,2.0994624536333713,False,PASS,PLA_THIN_WALL-12-00622
PLA_THIN_WALL,PLA,thin walls,5.5,6.5,0.31,0.2,1.0,True,0.9736600000000001,0.0,0.004653333333333334,0.0033866666666666667,2.0994624536333713,False,PASS,PLA_THIN_WALL-12-00623
PLA_THIN_WALL,PLA,thin walls,5.5,6.5,0.31,0.45,0.0,True,0.96616,0.0,0.006320000000000001,0.00422,2.1041008083113666,False,PASS,PLA_THIN_WALL-12-00624
PLA_THIN_WALL,PLA,thin walls,5.5,6.5,0.31,0.45,0.5,True,0.96616,0.0,0.006320000000000001,0.00422,2.1041008083113666,False,PASS,PLA_THIN_WALL-12-00625
PLA_THIN_WALL,PLA,thin walls,5.5,6.5,0.31,0.45,1.0,True,0.96616,0.0,0.006320000000000001,0.00422,2.1041008083113666,False,PASS,PLA_THIN_WALL-12-00626
PLA_THIN_WALL,PLA,thin walls,5.5,6.5,0.31,0.7,0.0,True,0.9586600000000001,0.0,0.007986666666666666,0.005053333333333333,2.108759703457775,False,PASS,PLA_THIN_WALL-12-00627
PLA_THIN_WALL,PLA,thin walls,5.5,6.5,0.31,0.7,0.5,True,0.9586600000000001,0.0,0.007986666666666666,0.005053333333333333,2.108759703457775,False,PASS,PLA_THIN_WALL-12-00628
PLA_THIN_WALL,PLA,thin walls,5.5,6.5,0.31,0.7,1.0,True,0.9586600000000001,0.0,0.007986666666666666,0.005053333333333333,2.108759703457775,False,PASS,PLA_THIN_WALL-12-00629
PLA_THIN_WALL,PLA,thin walls,5.5,6.5,0.38,0.2,0.0,True,0.97058,0.0,0.005493333333333333,0.0035266666666666667,2.1013647944066713,False,PASS,PLA_THIN_WALL-12-00630
PLA_THIN_WALL,PLA,thin walls,5.5,6.5,0.38,0.2,0.5,True,0.97058,0.0,0.005493333333333333,0.0035266666666666667,2.1013647944066713,False,PASS,PLA_THIN_WALL-12-00631
PLA_THIN_WALL,PLA,thin walls,5.5,6.5,0.38,0.2,1.0,True,0.97058,0.0,0.005493333333333333,0.0035266666666666667,2.1013647944066713,False,PASS,PLA_THIN_WALL-12-00632
PLA_THIN_WALL,PLA,thin walls,5.5,6.5,0.38,0.45,0.0,True,0.9630799999999999,0.0,0.00716,0.00436,2.10601156790034,False,PASS,PLA_THIN_WALL-12-00633
PLA_THIN_WALL,PLA,thin walls,5.5,6.5,0.38,0.45,0.5,True,0.9630799999999999,0.0,0.00716,0.00436,2.10601156790034,False,PASS,PLA_THIN_WALL-12-00634
PLA_THIN_WALL,PLA,thin walls,5.5,6.5,0.38,0.45,1.0,True,0.9630799999999999,0.0,0.00716,0.00436,2.10601156790034,False,PASS,PLA_THIN_WALL-12-00635
PLA_THIN_WALL,PLA,thin walls,5.5,6.5,0.38,0.7,0.0,True,0.95558,0.0,0.008826666666666667,0.005193333333333334,2.1106789378725876,False,PASS,PLA_THIN_WALL-12-00636
PLA_THIN_WALL,PLA,thin walls,5.5,6.5,0.38,0.7,0.5,True,0.95558,0.0,0.008826666666666667,0.005193333333333334,2.1106789378725876,False,PASS,PLA_THIN_WALL-12-00637
PLA_THIN_WALL,PLA,thin walls,5.5,6.5,0.38,0.7,1.0,True,0.95558,0.0,0.008826666666666667,0.005193333333333334,2.1106789378725876,False,PASS,PLA_THIN_WALL-12-00638
PLA_THIN_WALL,PLA,thin walls,5.5,6.5,0.46,0.2,0.0,True,0.96706,0.0,0.0064533333333333335,0.0036866666666666667,2.1035431238961655,False,PASS,PLA_THIN_WALL-12-00639
PLA_THIN_WALL,PLA,thin walls,5.5,6.5,0.46,0.2,0.5,True,0.96706,0.0,0.0064533333333333335,0.0036866666666666667,2.1035431238961655,False,PASS,PLA_THIN_WALL-12-00640
PLA_THIN_WALL,PLA,thin walls,5.5,6.5,0.46,0.2,1.0,True,0.96706,0.0,0.0064533333333333335,0.0036866666666666667,2.1035431238961655,False,PASS,PLA_THIN_WALL-12-00641
PLA_THIN_WALL,PLA,thin walls,5.5,6.5,0.46,0.45,0.0,True,0.95956,0.0,0.00812,0.00452,2.108199546990081,False,PASS,PLA_THIN_WALL-12-00642
PLA_THIN_WALL,PLA,thin walls,5.5,6.5,0.46,0.45,0.5,True,0.95956,0.0,0.00812,0.00452,2.108199546990081,False,PASS,PLA_THIN_WALL-12-00643
PLA_THIN_WALL,PLA,thin walls,5.5,6.5,0.46,0.45,1.0,True,0.95956,0.0,0.00812,0.00452,2.108199546990081,False,PASS,PLA_THIN_WALL-12-00644
PLA_THIN_WALL,PLA,thin walls,5.5,6.5,0.46,0.7,0.0,True,0.95206,0.0,0.009786666666666667,0.005353333333333333,2.1128766308238274,False,PASS,PLA_THIN_WALL-12-00645
PLA_THIN_WALL,PLA,thin walls,5.5,6.5,0.46,0.7,0.5,True,0.95206,0.0,0.009786666666666667,0.005353333333333333,2.1128766308238274,False,PASS,PLA_THIN_WALL-12-00646
PLA_THIN_WALL,PLA,thin walls,5.5,6.5,0.46,0.7,1.0,True,0.95206,0.0,0.009786666666666667,0.005353333333333333,2.1128766308238274,False,PASS,PLA_THIN_WALL-12-00647
PLA_THIN_WALL,PLA,thin walls,8.0,3.0,0.31,0.2,0.0,True,0.9768418181818183,0.0,0.004653333333333334,0.0024321212121212123,2.0975008391910173,False,PASS,PLA_THIN_WALL-20-00648
PLA_THIN_WALL,PLA,thin walls,8.0,3.0,0.31,0.2,0.5,True,0.9768418181818183,0.0,0.004653333333333334,0.0024321212121212123,2.0975008391910173,False,PASS,PLA_THIN_WALL-20-00649
PLA_THIN_WALL,PLA,thin walls,8.0,3.0,0.31,0.2,1.0,True,0.9768418181818183,0.0,0.004653333333333334,0.0024321212121212123,2.0975008391910173,False,PASS,PLA_THIN_WALL-20-00650
PLA_THIN_WALL,PLA,thin walls,8.0,3.0,0.31,0.45,0.0,True,0.9693418181818182,0.0,0.006320000000000001,0.0032654545454545458,2.102130520748945,False,PASS,PLA_THIN_WALL-20-00651
PLA_THIN_WALL,PLA,thin walls,8.0,3.0,0.31,0.45,0.5,True,0.9693418181818182,0.0,0.006320000000000001,0.0032654545454545458,2.102130520748945,False,PASS,PLA_THIN_WALL-20-00652
PLA_THIN_WALL,PLA,thin walls,8.0,3.0,0.31,0.45,1.0,True,0.9693418181818182,0.0,0.006320000000000001,0.0032654545454545458,2.102130520748945,False,PASS,PLA_THIN_WALL-20-00653
PLA_THIN_WALL,PLA,thin walls,8.0,3.0,0.31,0.7,0.0,True,0.9618418181818182,0.0,0.007986666666666666,0.004098787878787879,2.1067806851266107,False,PASS,PLA_THIN_WALL-20-00654
PLA_THIN_WALL,PLA,thin walls,8.0,3.0,0.31,0.7,0.5,True,0.9618418181818182,0.0,0.007986666666666666,0.004098787878787879,2.1067806851266107,False,PASS,PLA_THIN_WALL-20-00655
PLA_THIN_WALL,PLA,thin walls,8.0,3.0,0.31,0.7,1.0,True,0.9618418181818182,0.0,0.007986666666666666,0.004098787878787879,2.1067806851266107,False,PASS,PLA_THIN_WALL-20-00656
PLA_THIN_WALL,PLA,thin walls,8.0,3.0,0.38,0.2,0.0,True,0.9737618181818182,0.0,0.005493333333333333,0.0025721212121212122,2.099399625146471,False,PASS,PLA_THIN_WALL-20-00657
PLA_THIN_WALL,PLA,thin walls,8.0,3.0,0.38,0.2,0.5,True,0.9737618181818182,0.0,0.005493333333333333,0.0025721212121212122,2.099399625146471,False,PASS,PLA_THIN_WALL-20-00658
PLA_THIN_WALL,PLA,thin walls,8.0,3.0,0.38,0.2,1.0,True,0.9737618181818182,0.0,0.005493333333333333,0.0025721212121212122,2.099399625146471,False,PASS,PLA_THIN_WALL-20-00659
PLA_THIN_WALL,PLA,thin walls,8.0,3.0,0.38,0.45,0.0,True,0.9662618181818181,0.0,0.00716,0.0034054545454545457,2.1040377019072833,False,PASS,PLA_THIN_WALL-20-00660
PLA_THIN_WALL,PLA,thin walls,8.0,3.0,0.38,0.45,0.5,True,0.9662618181818181,0.0,0.00716,0.0034054545454545457,2.1040377019072833,False,PASS,PLA_THIN_WALL-20-00661
PLA_THIN_WALL,PLA,thin walls,8.0,3.0,0.38,0.45,1.0,True,0.9662618181818181,0.0,0.00716,0.0034054545454545457,2.1040377019072833,False,PASS,PLA_THIN_WALL-20-00662
PLA_THIN_WALL,PLA,thin walls,8.0,3.0,0.38,0.7,0.0,True,0.9587618181818182,0.0,0.008826666666666667,0.004238787878787879,2.1086963172884037,False,PASS,PLA_THIN_WALL-20-00663
PLA_THIN_WALL,PLA,thin walls,8.0,3.0,0.38,0.7,0.5,True,0.9587618181818182,0.0,0.008826666666666667,0.004238787878787879,2.1086963172884037,False,PASS,PLA_THIN_WALL-20-00664
PLA_THIN_WALL,PLA,thin walls,8.0,3.0,0.38,0.7,1.0,True,0.9587618181818182,0.0,0.008826666666666667,0.004238787878787879,2.1086963172884037,False,PASS,PLA_THIN_WALL-20-00665
PLA_THIN_WALL,PLA,thin walls,8.0,3.0,0.46,0.2,0.0,True,0.9702418181818182,0.0,0.0064533333333333335,0.002732121212121212,2.1015738801419683,False,PASS,PLA_THIN_WALL-20-00666
PLA_THIN_WALL,PLA,thin walls,8.0,3.0,0.46,0.2,0.5,True,0.9702418181818182,0.0,0.0064533333333333335,0.002732121212121212,2.1015738801419683,False,PASS,PLA_THIN_WALL-20-00667
PLA_THIN_WALL,PLA,thin walls,8.0,3.0,0.46,0.2,1.0,True,0.9702418181818182,0.0,0.0064533333333333335,0.002732121212121212,2.1015738801419683,False,PASS,PLA_THIN_WALL-20-00668
PLA_THIN_WALL,PLA,thin walls,8.0,3.0,0.46,0.45,0.0,True,0.9627418181818181,0.0,0.00812,0.0035654545454545457,2.106221579411906,False,PASS,PLA_THIN_WALL-20-00669
PLA_THIN_WALL,PLA,thin walls,8.0,3.0,0.46,0.45,0.5,True,0.9627418181818181,0.0,0.00812,0.0035654545454545457,2.106221579411906,False,PASS,PLA_THIN_WALL-20-00670
PLA_THIN_WALL,PLA,thin walls,8.0,3.0,0.46,0.45,1.0,True,0.9627418181818181,0.0,0.00812,0.0035654545454545457,2.106221579411906,False,PASS,PLA_THIN_WALL-20-00671
PLA_THIN_WALL,PLA,thin walls,8.0,3.0,0.46,0.7,0.0,True,0.9552418181818182,0.0,0.009786666666666667,0.004398787878787879,2.1108898813227004,False,PASS,PLA_THIN_WALL-20-00672
PLA_THIN_WALL,PLA,thin walls,8.0,3.0,0.46,0.7,0.5,True,0.9552418181818182,0.0,0.009786666666666667,0.004398787878787879,2.1108898813227004,False,PASS,PLA_THIN_WALL-20-00673
PLA_THIN_WALL,PLA,thin walls,8.0,3.0,0.46,0.7,1.0,True,0.9552418181818182,0.0,0.009786666666666667,0.004398787878787879,2.1108898813227004,False,PASS,PLA_THIN_WALL-20-00674
PLA_THIN_WALL,PLA,thin walls,8.0,4.5,0.31,0.2,0.0,True,0.9754781818181819,0.0,0.004653333333333334,0.0028412121212121216,2.0983410820618467,False,PASS,PLA_THIN_WALL-21-00675
PLA_THIN_WALL,PLA,thin walls,8.0,4.5,0.31,0.2,0.5,True,0.9754781818181819,0.0,0.004653333333333334,0.0028412121212121216,2.0983410820618467,False,PASS,PLA_THIN_WALL-21-00676
PLA_THIN_WALL,PLA,thin walls,8.0,4.5,0.31,0.2,1.0,True,0.9754781818181819,0.0,0.004653333333333334,0.0028412121212121216,2.0983410820618467,False,PASS,PLA_THIN_WALL-21-00677
PLA_THIN_WALL,PLA,thin walls,8.0,4.5,0.31,0.45,0.0,True,0.9679781818181818,0.0,0.006320000000000001,0.003674545454545455,2.102974477689964,False,PASS,PLA_THIN_WALL-21-00678
PLA_THIN_WALL,PLA,thin walls,8.0,4.5,0.31,0.45,0.5,True,0.9679781818181818,0.0,0.006320000000000001,0.003674545454545455,2.102974477689964,False,PASS,PLA_THIN_WALL-21-00679
PLA_THIN_WALL,PLA,thin walls,8.0,4.5,0.31,0.45,1.0,True,0.9679781818181818,0.0,0.006320000000000001,0.003674545454545455,2.102974477689964,False,PASS,PLA_THIN_WALL-21-00680
PLA_THIN_WALL,PLA,thin walls,8.0,4.5,0.31,0.7,0.0,True,0.9604781818181819,0.0,0.007986666666666666,0.004507878787878787,2.1076283808179452,False,PASS,PLA_THIN_WALL-21-00681
PLA_THIN_WALL,PLA,thin walls,8.0,4.5,0.31,0.7,0.5,True,0.9604781818181819,0.0,0.007986666666666666,0.004507878787878787,2.1076283808179452,False,PASS,PLA_THIN_WALL-21-00682
PLA_THIN_WALL,PLA,thin walls,8.0,4.5,0.31,0.7,1.0,True,0.9604781818181819,0.0,0.007986666666666666,0.004507878787878787,2.1076283808179452,False,PASS,PLA_THIN_WALL-21-00683
PLA_THIN_WALL,PLA,thin walls,8.0,4.5,0.38,0.2,0.0,True,0.9723981818181818,0.0,0.005493333333333333,0.0029812121212121215,2.1002413902895376,False,PASS,PLA_THIN_WALL-21-00684
PLA_THIN_WALL,PLA,thin walls,8.0,4.5,0.38,0.2,0.5,True,0.9723981818181818,0.0,0.005493333333333333,0.0029812121212121215,2.1002413902895376,False,PASS,PLA_THIN_WALL-21-00685
PLA_THIN_WALL,PLA,thin walls,8.0,4.5,0.38,0.2,1.0,True,0.9723981818181818,0.0,0.005493333333333333,0.0029812121212121215,2.1002413902895376,False,PASS,PLA_THIN_WALL-21-00686
PLA_THIN_WALL,PLA,thin walls,8.0,4.5,0.38,0.45,0.0,True,0.9648981818181818,0.0,0.00716,0.003814545454545455,2.1048831912294794,False,PASS,PLA_THIN_WALL-21-00687
PLA_THIN_WALL,PLA,thin walls,8.0,4.5,0.38,0.45,0.5,True,0.9648981818181818,0.0,0.00716,0.003814545454545455,2.1048831912294794,False,PASS,PLA_THIN_WALL-21-00688
PLA_THIN_WALL,PLA,thin walls,8.0,4.5,0.38,0.45,1.0,True,0.9648981818181818,0.0,0.00716,0.003814545454545455,2.1048831912294794,False,PASS,PLA_THIN_WALL-21-00689
PLA_THIN_WALL,PLA,thin walls,8.0,4.5,0.38,0.7,0.0,True,0.9573981818181818,0.0,0.008826666666666667,0.004647878787878788,2.1095455555595612,False,PASS,PLA_THIN_WALL-21-00690
PLA_THIN_WALL,PLA,thin walls,8.0,4.5,0.38,0.7,0.5,True,0.9573981818181818,0.0,0.008826666666666667,0.004647878787878788,2.1095455555595612,False,PASS,PLA_THIN_WALL-21-00691
PLA_THIN_WALL,PLA,thin walls,8.0,4.5,0.38,0.7,1.0,True,0.9573981818181818,0.0,0.008826666666666667,0.004647878787878788,2.1095455555595612,False,PASS,PLA_THIN_WALL-21-00692
PLA_THIN_WALL,PLA,thin walls,8.0,4.5,0.46,0.2,0.0,True,0.9688781818181819,0.0,0.0064533333333333335,0.0031412121212121215,2.1024173900957486,False,PASS,PLA_THIN_WALL-21-00693
PLA_THIN_WALL,PLA,thin walls,8.0,4.5,0.46,0.2,0.5,True,0.9688781818181819,0.0,0.0064533333333333335,0.0031412121212121215,2.1024173900957486,False,PASS,PLA_THIN_WALL-21-00694
PLA_THIN_WALL,PLA,thin walls,8.0,4.5,0.46,0.2,1.0,True,0.9688781818181819,0.0,0.0064533333333333335,0.0031412121212121215,2.1024173900957486,False,PASS,PLA_THIN_WALL-21-00695
PLA_THIN_WALL,PLA,thin walls,8.0,4.5,0.46,0.45,0.0,True,0.9613781818181818,0.0,0.00812,0.0039745454545454546,2.107068825142863,False,PASS,PLA_THIN_WALL-21-00696
PLA_THIN_WALL,PLA,thin walls,8.0,4.5,0.46,0.45,0.5,True,0.9613781818181818,0.0,0.00812,0.0039745454545454546,2.107068825142863,False,PASS,PLA_THIN_WALL-21-00697
PLA_THIN_WALL,PLA,thin walls,8.0,4.5,0.46,0.45,1.0,True,0.9613781818181818,0.0,0.00812,0.0039745454545454546,2.107068825142863,False,PASS,PLA_THIN_WALL-21-00698
PLA_THIN_WALL,PLA,thin walls,8.0,4.5,0.46,0.7,0.0,True,0.9538781818181818,0.0,0.009786666666666667,0.004807878787878788,2.111740887703686,False,PASS,PLA_THIN_WALL-21-00699
PLA_THIN_WALL,PLA,thin walls,8.0,4.5,0.46,0.7,0.5,True,0.9538781818181818,0.0,0.009786666666666667,0.004807878787878788,2.111740887703686,False,PASS,PLA_THIN_WALL-21-00700
PLA_THIN_WALL,PLA,thin walls,8.0,4.5,0.46,0.7,1.0,True,0.9538781818181818,0.0,0.009786666666666667,0.004807878787878788,2.111740887703686,False,PASS,PLA_THIN_WALL-21-00701
PLA_THIN_WALL,PLA,thin walls,8.0,6.5,0.31,0.2,0.0,True,0.9736600000000001,0.0,0.004653333333333334,0.0033866666666666667,2.0994624536333713,False,PASS,PLA_THIN_WALL-22-00702
PLA_THIN_WALL,PLA,thin walls,8.0,6.5,0.31,0.2,0.5,True,0.9736600000000001,0.0,0.004653333333333334,0.0033866666666666667,2.0994624536333713,False,PASS,PLA_THIN_WALL-22-00703
PLA_THIN_WALL,PLA,thin walls,8.0,6.5,0.31,0.2,1.0,True,0.9736600000000001,0.0,0.004653333333333334,0.0033866666666666667,2.0994624536333713,False,PASS,PLA_THIN_WALL-22-00704
PLA_THIN_WALL,PLA,thin walls,8.0,6.5,0.31,0.45,0.0,True,0.96616,0.0,0.006320000000000001,0.00422,2.1041008083113666,False,PASS,PLA_THIN_WALL-22-00705
PLA_THIN_WALL,PLA,thin walls,8.0,6.5,0.31,0.45,0.5,True,0.96616,0.0,0.006320000000000001,0.00422,2.1041008083113666,False,PASS,PLA_THIN_WALL-22-00706
PLA_THIN_WALL,PLA,thin walls,8.0,6.5,0.31,0.45,1.0,True,0.96616,0.0,0.006320000000000001,0.00422,2.1041008083113666,False,PASS,PLA_THIN_WALL-22-00707
PLA_THIN_WALL,PLA,thin walls,8.0,6.5,0.31,0.7,0.0,True,0.9586600000000001,0.0,0.007986666666666666,0.005053333333333333,2.108759703457775,False,PASS,PLA_THIN_WALL-22-00708
PLA_THIN_WALL,PLA,thin walls,8.0,6.5,0.31,0.7,0.5,True,0.9586600000000001,0.0,0.007986666666666666,0.005053333333333333,2.108759703457775,False,PASS,PLA_THIN_WALL-22-00709
PLA_THIN_WALL,PLA,thin walls,8.0,6.5,0.31,0.7,1.0,True,0.9586600000000001,0.0,0.007986666666666666,0.005053333333333333,2.108759703457775,False,PASS,PLA_THIN_WALL-22-00710
PLA_THIN_WALL,PLA,thin walls,8.0,6.5,0.38,0.2,0.0,True,0.97058,0.0,0.005493333333333333,0.0035266666666666667,2.1013647944066713,False,PASS,PLA_THIN_WALL-22-00711
PLA_THIN_WALL,PLA,thin walls,8.0,6.5,0.38,0.2,0.5,True,0.97058,0.0,0.005493333333333333,0.0035266666666666667,2.1013647944066713,False,PASS,PLA_THIN_WALL-22-00712
PLA_THIN_WALL,PLA,thin walls,8.0,6.5,0.38,0.2,1.0,True,0.97058,0.0,0.005493333333333333,0.0035266666666666667,2.1013647944066713,False,PASS,PLA_THIN_WALL-22-00713
PLA_THIN_WALL,PLA,thin walls,8.0,6.5,0.38,0.45,0.0,True,0.9630799999999999,0.0,0.00716,0.00436,2.10601156790034,False,PASS,PLA_THIN_WALL-22-00714
PLA_THIN_WALL,PLA,thin walls,8.0,6.5,0.38,0.45,0.5,True,0.9630799999999999,0.0,0.00716,0.00436,2.10601156790034,False,PASS,PLA_THIN_WALL-22-00715
PLA_THIN_WALL,PLA,thin walls,8.0,6.5,0.38,0.45,1.0,True,0.9630799999999999,0.0,0.00716,0.00436,2.10601156790034,False,PASS,PLA_THIN_WALL-22-00716
PLA_THIN_WALL,PLA,thin walls,8.0,6.5,0.38,0.7,0.0,True,0.95558,0.0,0.008826666666666667,0.005193333333333334,2.1106789378725876,False,PASS,PLA_THIN_WALL-22-00717
PLA_THIN_WALL,PLA,thin walls,8.0,6.5,0.38,0.7,0.5,True,0.95558,0.0,0.008826666666666667,0.005193333333333334,2.1106789378725876,False,PASS,PLA_THIN_WALL-22-00718
PLA_THIN_WALL,PLA,thin walls,8.0,6.5,0.38,0.7,1.0,True,0.95558,0.0,0.008826666666666667,0.005193333333333334,2.1106789378725876,False,PASS,PLA_THIN_WALL-22-00719
PLA_THIN_WALL,PLA,thin walls,8.0,6.5,0.46,0.2,0.0,True,0.96706,0.0,0.0064533333333333335,0.0036866666666666667,2.1035431238961655,False,PASS,PLA_THIN_WALL-22-00720
PLA_THIN_WALL,PLA,thin walls,8.0,6.5,0.46,0.2,0.5,True,0.96706,0.0,0.0064533333333333335,0.0036866666666666667,2.1035431238961655,False,PASS,PLA_THIN_WALL-22-00721
PLA_THIN_WALL,PLA,thin walls,8.0,6.5,0.46,0.2,1.0,True,0.96706,0.0,0.0064533333333333335,0.0036866666666666667,2.1035431238961655,False,PASS,PLA_THIN_WALL-22-00722
PLA_THIN_WALL,PLA,thin walls,8.0,6.5,0.46,0.45,0.0,True,0.95956,0.0,0.00812,0.00452,2.108199546990081,False,PASS,PLA_THIN_WALL-22-00723
PLA_THIN_WALL,PLA,thin walls,8.0,6.5,0.46,0.45,0.5,True,0.95956,0.0,0.00812,0.00452,2.108199546990081,False,PASS,PLA_THIN_WALL-22-00724
PLA_THIN_WALL,PLA,thin walls,8.0,6.5,0.46,0.45,1.0,True,0.95956,0.0,0.00812,0.00452,2.108199546990081,False,PASS,PLA_THIN_WALL-22-00725
PLA_THIN_WALL,PLA,thin walls,8.0,6.5,0.46,0.7,0.0,True,0.95206,0.0,0.009786666666666667,0.005353333333333333,2.1128766308238274,False,PASS,PLA_THIN_WALL-22-00726
PLA_THIN_WALL,PLA,thin walls,8.0,6.5,0.46,0.7,0.5,True,0.95206,0.0,0.009786666666666667,0.005353333333333333,2.1128766308238274,False,PASS,PLA_THIN_WALL-22-00727
PLA_THIN_WALL,PLA,thin walls,8.0,6.5,0.46,0.7,1.0,True,0.95206,0.0,0.009786666666666667,0.005353333333333333,2.1128766308238274,False,PASS,PLA_THIN_WALL-22-00728
PLA_DENSE_FLAKE,PLA,dense flakes,3.0,1.2,0.22,0.2,0.0,False,0.9824381818181819,0.0,0.0035733333333333333,0.0017612121212121211,1.114154801964656,False,PASS,PLA_DENSE_FLAKE-00-00729
PLA_DENSE_FLAKE,PLA,dense flakes,3.0,1.2,0.22,0.2,0.5,False,0.9824381818181819,0.0,0.0035733333333333333,0.0017612121212121211,1.114154801964656,False,PASS,PLA_DENSE_FLAKE-00-00730
PLA_DENSE_FLAKE,PLA,dense flakes,3.0,1.2,0.22,0.2,1.0,False,0.9824381818181819,0.0,0.0035733333333333333,0.0017612121212121211,1.114154801964656,False,PASS,PLA_DENSE_FLAKE-00-00731
PLA_DENSE_FLAKE,PLA,dense flakes,3.0,1.2,0.22,0.45,0.0,False,0.9749381818181818,0.0,0.00524,0.002594545454545455,1.1154597365275989,False,PASS,PLA_DENSE_FLAKE-00-00732
PLA_DENSE_FLAKE,PLA,dense flakes,3.0,1.2,0.22,0.45,0.5,False,0.9749381818181818,0.0,0.00524,0.002594545454545455,1.1154597365275989,False,PASS,PLA_DENSE_FLAKE-00-00733
PLA_DENSE_FLAKE,PLA,dense flakes,3.0,1.2,0.22,0.45,1.0,False,0.9749381818181818,0.0,0.00524,0.002594545454545455,1.1154597365275989,False,PASS,PLA_DENSE_FLAKE-00-00734
PLA_DENSE_FLAKE,PLA,dense flakes,3.0,1.2,0.22,0.7,0.0,False,0.9674381818181819,0.0,0.006906666666666667,0.003427878787878788,1.1167677314390463,False,PASS,PLA_DENSE_FLAKE-00-00735
PLA_DENSE_FLAKE,PLA,dense flakes,3.0,1.2,0.22,0.7,0.5,False,0.9674381818181819,0.0,0.006906666666666667,0.003427878787878788,1.1167677314390463,False,PASS,PLA_DENSE_FLAKE-00-00736
PLA_DENSE_FLAKE,PLA,dense flakes,3.0,1.2,0.22,0.7,1.0,False,0.9674381818181819,0.0,0.006906666666666667,0.003427878787878788,1.1167677314390463,False,PASS,PLA_DENSE_FLAKE-00-00737
PLA_DENSE_FLAKE,PLA,dense flakes,3.0,1.2,0.28,0.2,0.0,False,0.9797981818181819,0.0,0.004293333333333333,0.0018812121212121212,1.114613790577363,False,PASS,PLA_DENSE_FLAKE-00-00738
PLA_DENSE_FLAKE,PLA,dense flakes,3.0,1.2,0.28,0.2,0.5,False,0.9797981818181819,0.0,0.004293333333333333,0.0018812121212121212,1.114613790577363,False,PASS,PLA_DENSE_FLAKE-00-00739
PLA_DENSE_FLAKE,PLA,dense flakes,3.0,1.2,0.28,0.2,1.0,False,0.9797981818181819,0.0,0.004293333333333333,0.0018812121212121212,1.114613790577363,False,PASS,PLA_DENSE_FLAKE-00-00740
PLA_DENSE_FLAKE,PLA,dense flakes,3.0,1.2,0.28,0.45,0.0,False,0.9722981818181818,0.0,0.00596,0.0027145454545454547,1.1159198011568883,False,PASS,PLA_DENSE_FLAKE-00-00741
PLA_DENSE_FLAKE,PLA,dense flakes,3.0,1.2,0.28,0.45,0.5,False,0.9722981818181818,0.0,0.00596,0.0027145454545454547,1.1159198011568883,False,PASS,PLA_DENSE_FLAKE-00-00742
PLA_DENSE_FLAKE,PLA,dense flakes,3.0,1.2,0.28,0.45,1.0,False,0.9722981818181818,0.0,0.00596,0.0027145454545454547,1.1159198011568883,False,PASS,PLA_DENSE_FLAKE-00-00743
PLA_DENSE_FLAKE,PLA,dense flakes,3.0,1.2,0.28,0.7,0.0,False,0.9647981818181819,0.0,0.007626666666666667,0.003547878787878788,1.11722887587315,False,PASS,PLA_DENSE_FLAKE-00-00744
PLA_DENSE_FLAKE,PLA,dense flakes,3.0,1.2,0.28,0.7,0.5,False,0.9647981818181819,0.0,0.007626666666666667,0.003547878787878788,1.11722887587315,False,PASS,PLA_DENSE_FLAKE-00-00745
PLA_DENSE_FLAKE,PLA,dense flakes,3.0,1.2,0.28,0.7,1.0,False,0.9647981818181819,0.0,0.007626666666666667,0.003547878787878788,1.11722887587315,False,PASS,PLA_DENSE_FLAKE-00-00746
PLA_DENSE_FLAKE,PLA,dense flakes,3.0,1.2,0.35,0.2,0.0,False,0.9767181818181818,0.0,0.0051333333333333335,0.002021212121212121,1.1151497554882095,False,PASS,PLA_DENSE_FLAKE-00-00747
PLA_DENSE_FLAKE,PLA,dense flakes,3.0,1.2,0.35,0.2,0.5,False,0.9767181818181818,0.0,0.0051333333333333335,0.002021212121212121,1.1151497554882095,False,PASS,PLA_DENSE_FLAKE-00-00748
PLA_DENSE_FLAKE,PLA,dense flakes,3.0,1.2,0.35,0.2,1.0,False,0.9767181818181818,0.0,0.0051333333333333335,0.002021212121212121,1.1151497554882095,False,PASS,PLA_DENSE_FLAKE-00-00749
PLA_DENSE_FLAKE,PLA,dense flakes,3.0,1.2,0.35,0.45,0.0,False,0.9692181818181818,0.0,0.0068000000000000005,0.0028545454545454547,1.1164570231033528,False,PASS,PLA_DENSE_FLAKE-00-00750
PLA_DENSE_FLAKE,PLA,dense flakes,3.0,1.2,0.35,0.45,0.5,False,0.9692181818181818,0.0,0.0068000000000000005,0.0028545454545454547,1.1164570231033528,False,PASS,PLA_DENSE_FLAKE-00-00751
PLA_DENSE_FLAKE,PLA,dense flakes,3.0,1.2,0.35,0.45,1.0,False,0.9692181818181818,0.0,0.0068000000000000005,0.0028545454545454547,1.1164570231033528,False,PASS,PLA_DENSE_FLAKE-00-00752
PLA_DENSE_FLAKE,PLA,dense flakes,3.0,1.2,0.35,0.7,0.0,False,0.9617181818181818,0.0,0.008466666666666666,0.0036878787878787877,1.117767359282743,False,PASS,PLA_DENSE_FLAKE-00-00753
PLA_DENSE_FLAKE,PLA,dense flakes,3.0,1.2,0.35,0.7,0.5,False,0.9617181818181818,0.0,0.008466666666666666,0.0036878787878787877,1.117767359282743,False,PASS,PLA_DENSE_FLAKE-00-00754
PLA_DENSE_FLAKE,PLA,dense flakes,3.0,1.2,0.35,0.7,1.0,False,0.9617181818181818,0.0,0.008466666666666666,0.0036878787878787877,1.117767359282743,False,PASS,PLA_DENSE_FLAKE-00-00755
PLA_DENSE_FLAKE,PLA,dense flakes,3.0,1.8,0.22,0.2,0.0,False,0.9818927272727274,0.0,0.0035733333333333333,0.001924848484848485,1.1142496033372706,False,PASS,PLA_DENSE_FLAKE-01-00756
PLA_DENSE_FLAKE,PLA,dense flakes,3.0,1.8,0.22,0.2,0.5,False,0.9818927272727274,0.0,0.0035733333333333333,0.001924848484848485,1.1142496033372706,False,PASS,PLA_DENSE_FLAKE-01-00757
PLA_DENSE_FLAKE,PLA,dense flakes,3.0,1.8,0.22,0.2,1.0,False,0.9818927272727274,0.0,0.0035733333333333333,0.001924848484848485,1.1142496033372706,False,PASS,PLA_DENSE_FLAKE-01-00758
PLA_DENSE_FLAKE,PLA,dense flakes,3.0,1.8,0.22,0.45,0.0,False,0.9743927272727273,0.0,0.00524,0.0027581818181818185,1.1155547601086704,False,PASS,PLA_DENSE_FLAKE-01-00759
PLA_DENSE_FLAKE,PLA,dense flakes,3.0,1.8,0.22,0.45,0.5,False,0.9743927272727273,0.0,0.00524,0.0027581818181818185,1.1155547601086704,False,PASS,PLA_DENSE_FLAKE-01-00760
PLA_DENSE_FLAKE,PLA,dense flakes,3.0,1.8,0.22,0.45,1.0,False,0.9743927272727273,0.0,0.00524,0.0027581818181818185,1.1155547601086704,False,PASS,PLA_DENSE_FLAKE-01-00761
PLA_DENSE_FLAKE,PLA,dense flakes,3.0,1.8,0.22,0.7,0.0,False,0.9668927272727273,0.0,0.006906666666666667,0.003591515151515152,1.1168629780107548,False,PASS,PLA_DENSE_FLAKE-01-00762
PLA_DENSE_FLAKE,PLA,dense flakes,3.0,1.8,0.22,0.7,0.5,False,0.9668927272727273,0.0,0.006906666666666667,0.003591515151515152,1.1168629780107548,False,PASS,PLA_DENSE_FLAKE-01-00763
PLA_DENSE_FLAKE,PLA,dense flakes,3.0,1.8,0.22,0.7,1.0,False,0.9668927272727273,0.0,0.006906666666666667,0.003591515151515152,1.1168629780107548,False,PASS,PLA_DENSE_FLAKE-01-00764
PLA_DENSE_FLAKE,PLA,dense flakes,3.0,1.8,0.28,0.2,0.0,False,0.9792527272727274,0.0,0.004293333333333333,0.0020448484848484853,1.1147086700783777,False,PASS,PLA_DENSE_FLAKE-01-00765
PLA_DENSE_FLAKE,PLA,dense flakes,3.0,1.8,0.28,0.2,0.5,False,0.9792527272727274,0.0,0.004293333333333333,0.0020448484848484853,1.1147086700783777,False,PASS,PLA_DENSE_FLAKE-01-00766
PLA_DENSE_FLAKE,PLA,dense flakes,3.0,1.8,0.28,0.2,1.0,False,0.9792527272727274,0.0,0.004293333333333333,0.0020448484848484853,1.1147086700783777,False,PASS,PLA_DENSE_FLAKE-01-00767
PLA_DENSE_FLAKE,PLA,dense flakes,3.0,1.8,0.28,0.45,0.0,False,0.9717527272727273,0.0,0.00596,0.0028781818181818184,1.1160149031412694,False,PASS,PLA_DENSE_FLAKE-01-00768
PLA_DENSE_FLAKE,PLA,dense flakes,3.0,1.8,0.28,0.45,0.5,False,0.9717527272727273,0.0,0.00596,0.0028781818181818184,1.1160149031412694,False,PASS,PLA_DENSE_FLAKE-01-00769
PLA_DENSE_FLAKE,PLA,dense flakes,3.0,1.8,0.28,0.45,1.0,False,0.9717527272727273,0.0,0.00596,0.0028781818181818184,1.1160149031412694,False,PASS,PLA_DENSE_FLAKE-01-00770
PLA_DENSE_FLAKE,PLA,dense flakes,3.0,1.8,0.28,0.7,0.0,False,0.9642527272727274,0.0,0.007626666666666667,0.003711515151515152,1.1173242011243694,False,PASS,PLA_DENSE_FLAKE-01-00771
PLA_DENSE_FLAKE,PLA,dense flakes,3.0,1.8,0.28,0.7,0.5,False,0.9642527272727274,0.0,0.007626666666666667,0.003711515151515152,1.1173242011243694,False,PASS,PLA_DENSE_FLAKE-01-00772
PLA_DENSE_FLAKE,PLA,dense flakes,3.0,1.8,0.28,0.7,1.0,False,0.9642527272727274,0.0,0.007626666666666667,0.003711515151515152,1.1173242011243694,False,PASS,PLA_DENSE_FLAKE-01-00773
PLA_DENSE_FLAKE,PLA,dense flakes,3.0,1.8,0.35,0.2,0.0,False,0.9761727272727273,0.0,0.0051333333333333335,0.002184848484848485,1.1152447262611542,False,PASS,PLA_DENSE_FLAKE-01-00774
PLA_DENSE_FLAKE,PLA,dense flakes,3.0,1.8,0.35,0.2,0.5,False,0.9761727272727273,0.0,0.0051333333333333335,0.002184848484848485,1.1152447262611542,False,PASS,PLA_DENSE_FLAKE-01-00775
PLA_DENSE_FLAKE,PLA,dense flakes,3.0,1.8,0.35,0.2,1.0,False,0.9761727272727273,0.0,0.0051333333333333335,0.002184848484848485,1.1152447262611542,False,PASS,PLA_DENSE_FLAKE-01-00776
PLA_DENSE_FLAKE,PLA,dense flakes,3.0,1.8,0.35,0.45,0.0,False,0.9686727272727272,0.0,0.0068000000000000005,0.0030181818181818183,1.1165522166809652,False,PASS,PLA_DENSE_FLAKE-01-00777
PLA_DENSE_FLAKE,PLA,dense flakes,3.0,1.8,0.35,0.45,0.5,False,0.9686727272727272,0.0,0.0068000000000000005,0.0030181818181818183,1.1165522166809652,False,PASS,PLA_DENSE_FLAKE-01-00778
PLA_DENSE_FLAKE,PLA,dense flakes,3.0,1.8,0.35,0.45,1.0,False,0.9686727272727272,0.0,0.0068000000000000005,0.0030181818181818183,1.1165522166809652,False,PASS,PLA_DENSE_FLAKE-01-00779
PLA_DENSE_FLAKE,PLA,dense flakes,3.0,1.8,0.35,0.7,0.0,False,0.9611727272727273,0.0,0.008466666666666666,0.003851515151515152,1.117862776450005,False,PASS,PLA_DENSE_FLAKE-01-00780
PLA_DENSE_FLAKE,PLA,dense flakes,3.0,1.8,0.35,0.7,0.5,False,0.9611727272727273,0.0,0.008466666666666666,0.003851515151515152,1.117862776450005,False,PASS,PLA_DENSE_FLAKE-01-00781
PLA_DENSE_FLAKE,PLA,dense flakes,3.0,1.8,0.35,0.7,1.0,False,0.9611727272727273,0.0,0.008466666666666666,0.003851515151515152,1.117862776450005,False,PASS,PLA_DENSE_FLAKE-01-00782
PLA_DENSE_FLAKE,PLA,dense flakes,3.0,2.8,0.22,0.2,0.0,False,0.9809836363636364,0.0,0.0035733333333333333,0.0021975757575757576,1.1144076414810404,False,PASS,PLA_DENSE_FLAKE-02-00783
PLA_DENSE_FLAKE,PLA,dense flakes,3.0,2.8,0.22,0.2,0.5,False,0.9809836363636364,0.0,0.0035733333333333333,0.0021975757575757576,1.1144076414810404,False,PASS,PLA_DENSE_FLAKE-02-00784
PLA_DENSE_FLAKE,PLA,dense flakes,3.0,2.8,0.22,0.2,1.0,False,0.9809836363636364,0.0,0.0035733333333333333,0.0021975757575757576,1.1144076414810404,False,PASS,PLA_DENSE_FLAKE-02-00785
PLA_DENSE_FLAKE,PLA,dense flakes,3.0,2.8,0.22,0.45,0.0,False,0.9734836363636363,0.0,0.00524,0.003030909090909091,1.1157131687260162,False,PASS,PLA_DENSE_FLAKE-02-00786
PLA_DENSE_FLAKE,PLA,dense flakes,3.0,2.8,0.22,0.45,0.5,False,0.9734836363636363,0.0,0.00524,0.003030909090909091,1.1157131687260162,False,PASS,PLA_DENSE_FLAKE-02-00787
PLA_DENSE_FLAKE,PLA,dense flakes,3.0,2.8,0.22,0.45,1.0,False,0.9734836363636363,0.0,0.00524,0.003030909090909091,1.1157131687260162,False,PASS,PLA_DENSE_FLAKE-02-00788
PLA_DENSE_FLAKE,PLA,dense flakes,3.0,2.8,0.22,0.7,0.0,False,0.9659836363636364,0.0,0.006906666666666667,0.0038642424242424245,1.1170217584059035,False,PASS,PLA_DENSE_FLAKE-02-00789
PLA_DENSE_FLAKE,PLA,dense flakes,3.0,2.8,0.22,0.7,0.5,False,0.9659836363636364,0.0,0.006906666666666667,0.0038642424242424245,1.1170217584059035,False,PASS,PLA_DENSE_FLAKE-02-00790
PLA_DENSE_FLAKE,PLA,dense flakes,3.0,2.8,0.22,0.7,1.0,False,0.9659836363636364,0.0,0.006906666666666667,0.0038642424242424245,1.1170217584059035,False,PASS,PLA_DENSE_FLAKE-02-00791
PLA_DENSE_FLAKE,PLA,dense flakes,3.0,2.8,0.28,0.2,0.0,False,0.9783436363636364,0.0,0.004293333333333333,0.0023175757575757574,1.1148668384804843,False,PASS,PLA_DENSE_FLAKE-02-00792
PLA_DENSE_FLAKE,PLA,dense flakes,3.0,2.8,0.28,0.2,0.5,False,0.9783436363636364,0.0,0.004293333333333333,0.0023175757575757574,1.1148668384804843,False,PASS,PLA_DENSE_FLAKE-02-00793
PLA_DENSE_FLAKE,PLA,dense flakes,3.0,2.8,0.28,0.2,1.0,False,0.9783436363636364,0.0,0.004293333333333333,0.0023175757575757574,1.1148668384804843,False,PASS,PLA_DENSE_FLAKE-02-00794
PLA_DENSE_FLAKE,PLA,dense flakes,3.0,2.8,0.28,0.45,0.0,False,0.9708436363636364,0.0,0.00596,0.003150909090909091,1.1161734424753431,False,PASS,PLA_DENSE_FLAKE-02-00795
PLA_DENSE_FLAKE,PLA,dense flakes,3.0,2.8,0.28,0.45,0.5,False,0.9708436363636364,0.0,0.00596,0.003150909090909091,1.1161734424753431,False,PASS,PLA_DENSE_FLAKE-02-00796
PLA_DENSE_FLAKE,PLA,dense flakes,3.0,2.8,0.28,0.45,1.0,False,0.9708436363636364,0.0,0.00596,0.003150909090909091,1.1161734424753431,False,PASS,PLA_DENSE_FLAKE-02-00797
PLA_DENSE_FLAKE,PLA,dense flakes,3.0,2.8,0.28,0.7,0.0,False,0.9633436363636364,0.0,0.007626666666666667,0.003984242424242425,1.1174831126967903,False,PASS,PLA_DENSE_FLAKE-02-00798
PLA_DENSE_FLAKE,PLA,dense flakes,3.0,2.8,0.28,0.7,0.5,False,0.9633436363636364,0.0,0.007626666666666667,0.003984242424242425,1.1174831126967903,False,PASS,PLA_DENSE_FLAKE-02-00799
PLA_DENSE_FLAKE,PLA,dense flakes,3.0,2.8,0.28,0.7,1.0,False,0.9633436363636364,0.0,0.007626666666666667,0.003984242424242425,1.1174831126967903,False,PASS,PLA_DENSE_FLAKE-02-00800
PLA_DENSE_FLAKE,PLA,dense flakes,3.0,2.8,0.35,0.2,0.0,False,0.9752636363636363,0.0,0.0051333333333333335,0.0024575757575757574,1.1154030468349627,False,PASS,PLA_DENSE_FLAKE-02-00801
PLA_DENSE_FLAKE,PLA,dense flakes,3.0,2.8,0.35,0.2,0.5,False,0.9752636363636363,0.0,0.0051333333333333335,0.0024575757575757574,1.1154030468349627,False,PASS,PLA_DENSE_FLAKE-02-00802
PLA_DENSE_FLAKE,PLA,dense flakes,3.0,2.8,0.35,0.2,1.0,False,0.9752636363636363,0.0,0.0051333333333333335,0.0024575757575757574,1.1154030468349627,False,PASS,PLA_DENSE_FLAKE-02-00803
PLA_DENSE_FLAKE,PLA,dense flakes,3.0,2.8,0.35,0.45,0.0,False,0.9677636363636363,0.0,0.0068000000000000005,0.003290909090909091,1.1167109087224867,False,PASS,PLA_DENSE_FLAKE-02-00804
PLA_DENSE_FLAKE,PLA,dense flakes,3.0,2.8,0.35,0.45,0.5,False,0.9677636363636363,0.0,0.0068000000000000005,0.003290909090909091,1.1167109087224867,False,PASS,PLA_DENSE_FLAKE-02-00805
PLA_DENSE_FLAKE,PLA,dense flakes,3.0,2.8,0.35,0.45,1.0,False,0.9677636363636363,0.0,0.0068000000000000005,0.003290909090909091,1.1167109087224867,False,PASS,PLA_DENSE_FLAKE-02-00806
PLA_DENSE_FLAKE,PLA,dense flakes,3.0,2.8,0.35,0.7,0.0,False,0.9602636363636363,0.0,0.008466666666666666,0.004124242424242424,1.1180218412681375,False,PASS,PLA_DENSE_FLAKE-02-00807
PLA_DENSE_FLAKE,PLA,dense flakes,3.0,2.8,0.35,0.7,0.5,False,0.9602636363636363,0.0,0.008466666666666666,0.004124242424242424,1.1180218412681375,False,PASS,PLA_DENSE_FLAKE-02-00808
PLA_DENSE_FLAKE,PLA,dense flakes,3.0,2.8,0.35,0.7,1.0,False,0.9602636363636363,0.0,0.008466666666666666,0.004124242424242424,1.1180218412681375,False,PASS,PLA_DENSE_FLAKE-02-00809
PLA_DENSE_FLAKE,PLA,dense flakes,5.5,1.2,0.22,0.2,0.0,True,0.9824381818181819,0.0,0.0035733333333333333,0.0017612121212121211,2.0940595186541486,False,PASS,PLA_DENSE_FLAKE-10-00810
PLA_DENSE_FLAKE,PLA,dense flakes,5.5,1.2,0.22,0.2,0.5,True,0.9824381818181819,0.0,0.0035733333333333333,0.0017612121212121211,2.0940595186541486,False,PASS,PLA_DENSE_FLAKE-10-00811
PLA_DENSE_FLAKE,PLA,dense flakes,5.5,1.2,0.22,0.2,1.0,True,0.9824381818181819,0.0,0.0035733333333333333,0.0017612121212121211,2.0940595186541486,False,PASS,PLA_DENSE_FLAKE-10-00812
PLA_DENSE_FLAKE,PLA,dense flakes,5.5,1.2,0.22,0.45,0.0,True,0.9749381818181818,0.0,0.00524,0.002594545454545455,2.0986740043432626,False,PASS,PLA_DENSE_FLAKE-10-00813
PLA_DENSE_FLAKE,PLA,dense flakes,5.5,1.2,0.22,0.45,0.5,True,0.9749381818181818,0.0,0.00524,0.002594545454545455,2.0986740043432626,False,PASS,PLA_DENSE_FLAKE-10-00814
PLA_DENSE_FLAKE,PLA,dense flakes,5.5,1.2,0.22,0.45,1.0,True,0.9749381818181818,0.0,0.00524,0.002594545454545455,2.0986740043432626,False,PASS,PLA_DENSE_FLAKE-10-00815
PLA_DENSE_FLAKE,PLA,dense flakes,5.5,1.2,0.22,0.7,0.0,True,0.9674381818181819,0.0,0.006906666666666667,0.003427878787878788,2.103308871978625,False,PASS,PLA_DENSE_FLAKE-10-00816
PLA_DENSE_FLAKE,PLA,dense flakes,5.5,1.2,0.22,0.7,0.5,True,0.9674381818181819,0.0,0.006906666666666667,0.003427878787878788,2.103308871978625,False,PASS,PLA_DENSE_FLAKE-10-00817
PLA_DENSE_FLAKE,PLA,dense flakes,5.5,1.2,0.22,0.7,1.0,True,0.9674381818181819,0.0,0.006906666666666667,0.003427878787878788,2.103308871978625,False,PASS,PLA_DENSE_FLAKE-10-00818
PLA_DENSE_FLAKE,PLA,dense flakes,5.5,1.2,0.28,0.2,0.0,True,0.9797981818181819,0.0,0.004293333333333333,0.0018812121212121212,2.0956815015260752,False,PASS,PLA_DENSE_FLAKE-10-00819
PLA_DENSE_FLAKE,PLA,dense flakes,5.5,1.2,0.28,0.2,0.5,True,0.9797981818181819,0.0,0.004293333333333333,0.0018812121212121212,2.0956815015260752,False,PASS,PLA_DENSE_FLAKE-10-00820
PLA_DENSE_FLAKE,PLA,dense flakes,5.5,1.2,0.28,0.2,1.0,True,0.9797981818181819,0.0,0.004293333333333333,0.0018812121212121212,2.0956815015260752,False,PASS,PLA_DENSE_FLAKE-10-00821
PLA_DENSE_FLAKE,PLA,dense flakes,5.5,1.2,0.28,0.45,0.0,True,0.9722981818181818,0.0,0.00596,0.0027145454545454547,2.1003031462999378,False,PASS,PLA_DENSE_FLAKE-10-00822
PLA_DENSE_FLAKE,PLA,dense flakes,5.5,1.2,0.28,0.45,0.5,True,0.9722981818181818,0.0,0.00596,0.0027145454545454547,2.1003031462999378,False,PASS,PLA_DENSE_FLAKE-10-00823
PLA_DENSE_FLAKE,PLA,dense flakes,5.5,1.2,0.28,0.45,1.0,True,0.9722981818181818,0.0,0.00596,0.0027145454545454547,2.1003031462999378,False,PASS,PLA_DENSE_FLAKE-10-00824
PLA_DENSE_FLAKE,PLA,dense flakes,5.5,1.2,0.28,0.7,0.0,True,0.9647981818181819,0.0,0.007626666666666667,0.003547878787878788,2.1049452205228634,False,PASS,PLA_DENSE_FLAKE-10-00825
PLA_DENSE_FLAKE,PLA,dense flakes,5.5,1.2,0.28,0.7,0.5,True,0.9647981818181819,0.0,0.007626666666666667,0.003547878787878788,2.1049452205228634,False,PASS,PLA_DENSE_FLAKE-10-00826
PLA_DENSE_FLAKE,PLA,dense flakes,5.5,1.2,0.28,0.7,1.0,True,0.9647981818181819,0.0,0.007626666666666667,0.003547878787878788,2.1049452205228634,False,PASS,PLA_DENSE_FLAKE-10-00827
PLA_DENSE_FLAKE,PLA,dense flakes,5.5,1.2,0.35,0.2,0.0,True,0.9767181818181818,0.0,0.0051333333333333335,0.002021212121212121,2.0975769934704336,False,PASS,PLA_DENSE_FLAKE-10-00828
PLA_DENSE_FLAKE,PLA,dense flakes,5.5,1.2,0.35,0.2,0.5,True,0.9767181818181818,0.0,0.0051333333333333335,0.002021212121212121,2.0975769934704336,False,PASS,PLA_DENSE_FLAKE-10-00829
PLA_DENSE_FLAKE,PLA,dense flakes,5.5,1.2,0.35,0.2,1.0,True,0.9767181818181818,0.0,0.0051333333333333335,0.002021212121212121,2.0975769934704336,False,PASS,PLA_DENSE_FLAKE-10-00830
PLA_DENSE_FLAKE,PLA,dense flakes,5.5,1.2,0.35,0.45,0.0,True,0.9692181818181818,0.0,0.0068000000000000005,0.0028545454545454547,2.1022070115866005,False,PASS,PLA_DENSE_FLAKE-10-00831
PLA_DENSE_FLAKE,PLA,dense flakes,5.5,1.2,0.35,0.45,0.5,True,0.9692181818181818,0.0,0.0068000000000000005,0.0028545454545454547,2.1022070115866005,False,PASS,PLA_DENSE_FLAKE-10-00832
PLA_DENSE_FLAKE,PLA,dense flakes,5.5,1.2,0.35,0.45,1.0,True,0.9692181818181818,0.0,0.0068000000000000005,0.0028545454545454547,2.1022070115866005,False,PASS,PLA_DENSE_FLAKE-10-00833
PLA_DENSE_FLAKE,PLA,dense flakes,5.5,1.2,0.35,0.7,0.0,True,0.9617181818181818,0.0,0.008466666666666666,0.0036878787878787877,2.106857514758537,False,PASS,PLA_DENSE_FLAKE-10-00834
PLA_DENSE_FLAKE,PLA,dense flakes,5.5,1.2,0.35,0.7,0.5,True,0.9617181818181818,0.0,0.008466666666666666,0.0036878787878787877,2.106857514758537,False,PASS,PLA_DENSE_FLAKE-10-00835
PLA_DENSE_FLAKE,PLA,dense flakes,5.5,1.2,0.35,0.7,1.0,True,0.9617181818181818,0.0,0.008466666666666666,0.0036878787878787877,2.106857514758537,False,PASS,PLA_DENSE_FLAKE-10-00836
PLA_DENSE_FLAKE,PLA,dense flakes,5.5,1.8,0.22,0.2,0.0,True,0.9818927272727274,0.0,0.0035733333333333333,0.001924848484848485,2.094394433267148,False,PASS,PLA_DENSE_FLAKE-11-00837
PLA_DENSE_FLAKE,PLA,dense flakes,5.5,1.8,0.22,0.2,0.5,True,0.9818927272727274,0.0,0.0035733333333333333,0.001924848484848485,2.094394433267148,False,PASS,PLA_DENSE_FLAKE-11-00838
PLA_DENSE_FLAKE,PLA,dense flakes,5.5,1.8,0.22,0.2,1.0,True,0.9818927272727274,0.0,0.0035733333333333333,0.001924848484848485,2.094394433267148,False,PASS,PLA_DENSE_FLAKE-11-00839
PLA_DENSE_FLAKE,PLA,dense flakes,5.5,1.8,0.22,0.45,0.0,True,0.9743927272727273,0.0,0.00524,0.0027581818181818185,2.0990103967419693,False,PASS,PLA_DENSE_FLAKE-11-00840
PLA_DENSE_FLAKE,PLA,dense flakes,5.5,1.8,0.22,0.45,0.5,True,0.9743927272727273,0.0,0.00524,0.0027581818181818185,2.0990103967419693,False,PASS,PLA_DENSE_FLAKE-11-00841
PLA_DENSE_FLAKE,PLA,dense flakes,5.5,1.8,0.22,0.45,1.0,True,0.9743927272727273,0.0,0.00524,0.0027581818181818185,2.0990103967419693,False,PASS,PLA_DENSE_FLAKE-11-00842
PLA_DENSE_FLAKE,PLA,dense flakes,5.5,1.8,0.22,0.7,0.0,True,0.9668927272727273,0.0,0.006906666666666667,0.003591515151515152,2.1036467519655897,False,PASS,PLA_DENSE_FLAKE-11-00843
PLA_DENSE_FLAKE,PLA,dense flakes,5.5,1.8,0.22,0.7,0.5,True,0.9668927272727273,0.0,0.006906666666666667,0.003591515151515152,2.1036467519655897,False,PASS,PLA_DENSE_FLAKE-11-00844
PLA_DENSE_FLAKE,PLA,dense flakes,5.5,1.8,0.22,0.7,1.0,True,0.9668927272727273,0.0,0.006906666666666667,0.003591515151515152,2.1036467519655897,False,PASS,PLA_DENSE_FLAKE-11-00845
PLA_DENSE_FLAKE,PLA,dense flakes,5.5,1.8,0.28,0.2,0.0,True,0.9792527272727274,0.0,0.004293333333333333,0.0020448484848484853,2.0960169352070857,False,PASS,PLA_DENSE_FLAKE-11-00846
PLA_DENSE_FLAKE,PLA,dense flakes,5.5,1.8,0.28,0.2,0.5,True,0.9792527272727274,0.0,0.004293333333333333,0.0020448484848484853,2.0960169352070857,False,PASS,PLA_DENSE_FLAKE-11-00847
PLA_DENSE_FLAKE,PLA,dense flakes,5.5,1.8,0.28,0.2,1.0,True,0.9792527272727274,0.0,0.004293333333333333,0.0020448484848484853,2.0960169352070857,False,PASS,PLA_DENSE_FLAKE-11-00848
PLA_DENSE_FLAKE,PLA,dense flakes,5.5,1.8,0.28,0.45,0.0,True,0.9717527272727273,0.0,0.00596,0.0028781818181818184,2.100640061207304,False,PASS,PLA_DENSE_FLAKE-11-00849
PLA_DENSE_FLAKE,PLA,dense flakes,5.5,1.8,0.28,0.45,0.5,True,0.9717527272727273,0.0,0.00596,0.0028781818181818184,2.100640061207304,False,PASS,PLA_DENSE_FLAKE-11-00850
PLA_DENSE_FLAKE,PLA,dense flakes,5.5,1.8,0.28,0.45,1.0,True,0.9717527272727273,0.0,0.00596,0.0028781818181818184,2.100640061207304,False,PASS,PLA_DENSE_FLAKE-11-00851
PLA_DENSE_FLAKE,PLA,dense flakes,5.5,1.8,0.28,0.7,0.0,True,0.9642527272727274,0.0,0.007626666666666667,0.003711515151515152,2.105283626489612,False,PASS,PLA_DENSE_FLAKE-11-00852
PLA_DENSE_FLAKE,PLA,dense flakes,5.5,1.8,0.28,0.7,0.5,True,0.9642527272727274,0.0,0.007626666666666667,0.003711515151515152,2.105283626489612,False,PASS,PLA_DENSE_FLAKE-11-00853
PLA_DENSE_FLAKE,PLA,dense flakes,5.5,1.8,0.28,0.7,1.0,True,0.9642527272727274,0.0,0.007626666666666667,0.003711515151515152,2.105283626489612,False,PASS,PLA_DENSE_FLAKE-11-00854
PLA_DENSE_FLAKE,PLA,dense flakes,5.5,1.8,0.35,0.2,0.0,True,0.9761727272727273,0.0,0.0051333333333333335,0.002184848484848485,2.097913034257394,False,PASS,PLA_DENSE_FLAKE-11-00855
PLA_DENSE_FLAKE,PLA,dense flakes,5.5,1.8,0.35,0.2,0.5,True,0.9761727272727273,0.0,0.0051333333333333335,0.002184848484848485,2.097913034257394,False,PASS,PLA_DENSE_FLAKE-11-00856
PLA_DENSE_FLAKE,PLA,dense flakes,5.5,1.8,0.35,0.2,1.0,True,0.9761727272727273,0.0,0.0051333333333333335,0.002184848484848485,2.097913034257394,False,PASS,PLA_DENSE_FLAKE-11-00857
PLA_DENSE_FLAKE,PLA,dense flakes,5.5,1.8,0.35,0.45,0.0,True,0.9686727272727272,0.0,0.0068000000000000005,0.0030181818181818183,2.1025445376275194,False,PASS,PLA_DENSE_FLAKE-11-00858
PLA_DENSE_FLAKE,PLA,dense flakes,5.5,1.8,0.35,0.45,0.5,True,0.9686727272727272,0.0,0.0068000000000000005,0.0030181818181818183,2.1025445376275194,False,PASS,PLA_DENSE_FLAKE-11-00859
PLA_DENSE_FLAKE,PLA,dense flakes,5.5,1.8,0.35,0.45,1.0,True,0.9686727272727272,0.0,0.0068000000000000005,0.0030181818181818183,2.1025445376275194,False,PASS,PLA_DENSE_FLAKE-11-00860
PLA_DENSE_FLAKE,PLA,dense flakes,5.5,1.8,0.35,0.7,0.0,True,0.9611727272727273,0.0,0.008466666666666666,0.003851515151515152,2.1071965359221454,False,PASS,PLA_DENSE_FLAKE-11-00861
PLA_DENSE_FLAKE,PLA,dense flakes,5.5,1.8,0.35,0.7,0.5,True,0.9611727272727273,0.0,0.008466666666666666,0.003851515151515152,2.1071965359221454,False,PASS,PLA_DENSE_FLAKE-11-00862
PLA_DENSE_FLAKE,PLA,dense flakes,5.5,1.8,0.35,0.7,1.0,True,0.9611727272727273,0.0,0.008466666666666666,0.003851515151515152,2.1071965359221454,False,PASS,PLA_DENSE_FLAKE-11-00863
PLA_DENSE_FLAKE,PLA,dense flakes,5.5,2.8,0.22,0.2,0.0,True,0.9809836363636364,0.0,0.0035733333333333333,0.0021975757575757576,2.094952862417894,False,PASS,PLA_DENSE_FLAKE-12-00864
PLA_DENSE_FLAKE,PLA,dense flakes,5.5,2.8,0.22,0.2,0.5,True,0.9809836363636364,0.0,0.0035733333333333333,0.0021975757575757576,2.094952862417894,False,PASS,PLA_DENSE_FLAKE-12-00865
PLA_DENSE_FLAKE,PLA,dense flakes,5.5,2.8,0.22,0.2,1.0,True,0.9809836363636364,0.0,0.0035733333333333333,0.0021975757575757576,2.094952862417894,False,PASS,PLA_DENSE_FLAKE-12-00866
PLA_DENSE_FLAKE,PLA,dense flakes,5.5,2.8,0.22,0.45,0.0,True,0.9734836363636363,0.0,0.00524,0.003030909090909091,2.099571290446905,False,PASS,PLA_DENSE_FLAKE-12-00867
PLA_DENSE_FLAKE,PLA,dense flakes,5.5,2.8,0.22,0.45,0.5,True,0.9734836363636363,0.0,0.00524,0.003030909090909091,2.099571290446905,False,PASS,PLA_DENSE_FLAKE-12-00868
PLA_DENSE_FLAKE,PLA,dense flakes,5.5,2.8,0.22,0.45,1.0,True,0.9734836363636363,0.0,0.00524,0.003030909090909091,2.099571290446905,False,PASS,PLA_DENSE_FLAKE-12-00869
PLA_DENSE_FLAKE,PLA,dense flakes,5.5,2.8,0.22,0.7,0.0,True,0.9659836363636364,0.0,0.006906666666666667,0.0038642424242424245,2.104210126576273,False,PASS,PLA_DENSE_FLAKE-12-00870
PLA_DENSE_FLAKE,PLA,dense flakes,5.5,2.8,0.22,0.7,0.5,True,0.9659836363636364,0.0,0.006906666666666667,0.0038642424242424245,2.104210126576273,False,PASS,PLA_DENSE_FLAKE-12-00871
PLA_DENSE_FLAKE,PLA,dense flakes,5.5,2.8,0.22,0.7,1.0,True,0.9659836363636364,0.0,0.006906666666666667,0.0038642424242424245,2.104210126576273,False,PASS,PLA_DENSE_FLAKE-12-00872
PLA_DENSE_FLAKE,PLA,dense flakes,5.5,2.8,0.28,0.2,0.0,True,0.9783436363636364,0.0,0.004293333333333333,0.0023175757575757574,2.0965762300250605,False,PASS,PLA_DENSE_FLAKE-12-00873
PLA_DENSE_FLAKE,PLA,dense flakes,5.5,2.8,0.28,0.2,0.5,True,0.9783436363636364,0.0,0.004293333333333333,0.0023175757575757574,2.0965762300250605,False,PASS,PLA_DENSE_FLAKE-12-00874
PLA_DENSE_FLAKE,PLA,dense flakes,5.5,2.8,0.28,0.2,1.0,True,0.9783436363636364,0.0,0.004293333333333333,0.0023175757575757574,2.0965762300250605,False,PASS,PLA_DENSE_FLAKE-12-00875
PLA_DENSE_FLAKE,PLA,dense flakes,5.5,2.8,0.28,0.45,0.0,True,0.9708436363636364,0.0,0.00596,0.003150909090909091,2.101201826318783,False,PASS,PLA_DENSE_FLAKE-12-00876
PLA_DENSE_FLAKE,PLA,dense flakes,5.5,2.8,0.28,0.45,0.5,True,0.9708436363636364,0.0,0.00596,0.003150909090909091,2.101201826318783,False,PASS,PLA_DENSE_FLAKE-12-00877
PLA_DENSE_FLAKE,PLA,dense flakes,5.5,2.8,0.28,0.45,1.0,True,0.9708436363636364,0.0,0.00596,0.003150909090909091,2.101201826318783,False,PASS,PLA_DENSE_FLAKE-12-00878
PLA_DENSE_FLAKE,PLA,dense flakes,5.5,2.8,0.28,0.7,0.0,True,0.9633436363636364,0.0,0.007626666666666667,0.003984242424242425,2.105847878297001,False,PASS,PLA_DENSE_FLAKE-12-00879
PLA_DENSE_FLAKE,PLA,dense flakes,5.5,2.8,0.28,0.7,0.5,True,0.9633436363636364,0.0,0.007626666666666667,0.003984242424242425,2.105847878297001,False,PASS,PLA_DENSE_FLAKE-12-00880
PLA_DENSE_FLAKE,PLA,dense flakes,5.5,2.8,0.28,0.7,1.0,True,0.9633436363636364,0.0,0.007626666666666667,0.003984242424242425,2.105847878297001,False,PASS,PLA_DENSE_FLAKE-12-00881
PLA_DENSE_FLAKE,PLA,dense flakes,5.5,2.8,0.35,0.2,0.0,True,0.9752636363636363,0.0,0.0051333333333333335,0.0024575757575757574,2.0984733415669794,False,PASS,PLA_DENSE_FLAKE-12-00882
PLA_DENSE_FLAKE,PLA,dense flakes,5.5,2.8,0.35,0.2,0.5,True,0.9752636363636363,0.0,0.0051333333333333335,0.0024575757575757574,2.0984733415669794,False,PASS,PLA_DENSE_FLAKE-12-00883
PLA_DENSE_FLAKE,PLA,dense flakes,5.5,2.8,0.35,0.2,1.0,True,0.9752636363636363,0.0,0.0051333333333333335,0.0024575757575757574,2.0984733415669794,False,PASS,PLA_DENSE_FLAKE-12-00884
PLA_DENSE_FLAKE,PLA,dense flakes,5.5,2.8,0.35,0.45,0.0,True,0.9677636363636363,0.0,0.0068000000000000005,0.003290909090909091,2.103107321949022,False,PASS,PLA_DENSE_FLAKE-12-00885
PLA_DENSE_FLAKE,PLA,dense flakes,5.5,2.8,0.35,0.45,0.5,True,0.9677636363636363,0.0,0.0068000000000000005,0.003290909090909091,2.103107321949022,False,PASS,PLA_DENSE_FLAKE-12-00886
PLA_DENSE_FLAKE,PLA,dense flakes,5.5,2.8,0.35,0.45,1.0,True,0.9677636363636363,0.0,0.0068000000000000005,0.003290909090909091,2.103107321949022,False,PASS,PLA_DENSE_FLAKE-12-00887
PLA_DENSE_FLAKE,PLA,dense flakes,5.5,2.8,0.35,0.7,0.0,True,0.9602636363636363,0.0,0.008466666666666666,0.004124242424242424,2.1077618137175436,False,PASS,PLA_DENSE_FLAKE-12-00888
PLA_DENSE_FLAKE,PLA,dense flakes,5.5,2.8,0.35,0.7,0.5,True,0.9602636363636363,0.0,0.008466666666666666,0.004124242424242424,2.1077618137175436,False,PASS,PLA_DENSE_FLAKE-12-00889
PLA_DENSE_FLAKE,PLA,dense flakes,5.5,2.8,0.35,0.7,1.0,True,0.9602636363636363,0.0,0.008466666666666666,0.004124242424242424,2.1077618137175436,False,PASS,PLA_DENSE_FLAKE-12-00890
PLA_DENSE_FLAKE,PLA,dense flakes,8.0,1.2,0.22,0.2,0.0,True,0.9824381818181819,0.0,0.0035733333333333333,0.0017612121212121211,2.0940595186541486,False,PASS,PLA_DENSE_FLAKE-20-00891
PLA_DENSE_FLAKE,PLA,dense flakes,8.0,1.2,0.22,0.2,0.5,True,0.9824381818181819,0.0,0.0035733333333333333,0.0017612121212121211,2.0940595186541486,False,PASS,PLA_DENSE_FLAKE-20-00892
PLA_DENSE_FLAKE,PLA,dense flakes,8.0,1.2,0.22,0.2,1.0,True,0.9824381818181819,0.0,0.0035733333333333333,0.0017612121212121211,2.0940595186541486,False,PASS,PLA_DENSE_FLAKE-20-00893
PLA_DENSE_FLAKE,PLA,dense flakes,8.0,1.2,0.22,0.45,0.0,True,0.9749381818181818,0.0,0.00524,0.002594545454545455,2.0986740043432626,False,PASS,PLA_DENSE_FLAKE-20-00894
PLA_DENSE_FLAKE,PLA,dense flakes,8.0,1.2,0.22,0.45,0.5,True,0.9749381818181818,0.0,0.00524,0.002594545454545455,2.0986740043432626,False,PASS,PLA_DENSE_FLAKE-20-00895
PLA_DENSE_FLAKE,PLA,dense flakes,8.0,1.2,0.22,0.45,1.0,True,0.9749381818181818,0.0,0.00524,0.002594545454545455,2.0986740043432626,False,PASS,PLA_DENSE_FLAKE-20-00896
PLA_DENSE_FLAKE,PLA,dense flakes,8.0,1.2,0.22,0.7,0.0,True,0.9674381818181819,0.0,0.006906666666666667,0.003427878787878788,2.103308871978625,False,PASS,PLA_DENSE_FLAKE-20-00897
PLA_DENSE_FLAKE,PLA,dense flakes,8.0,1.2,0.22,0.7,0.5,True,0.9674381818181819,0.0,0.006906666666666667,0.003427878787878788,2.103308871978625,False,PASS,PLA_DENSE_FLAKE-20-00898
PLA_DENSE_FLAKE,PLA,dense flakes,8.0,1.2,0.22,0.7,1.0,True,0.9674381818181819,0.0,0.006906666666666667,0.003427878787878788,2.103308871978625,False,PASS,PLA_DENSE_FLAKE-20-00899
PLA_DENSE_FLAKE,PLA,dense flakes,8.0,1.2,0.28,0.2,0.0,True,0.9797981818181819,0.0,0.004293333333333333,0.0018812121212121212,2.0956815015260752,False,PASS,PLA_DENSE_FLAKE-20-00900
PLA_DENSE_FLAKE,PLA,dense flakes,8.0,1.2,0.28,0.2,0.5,True,0.9797981818181819,0.0,0.004293333333333333,0.0018812121212121212,2.0956815015260752,False,PASS,PLA_DENSE_FLAKE-20-00901
PLA_DENSE_FLAKE,PLA,dense flakes,8.0,1.2,0.28,0.2,1.0,True,0.9797981818181819,0.0,0.004293333333333333,0.0018812121212121212,2.0956815015260752,False,PASS,PLA_DENSE_FLAKE-20-00902
PLA_DENSE_FLAKE,PLA,dense flakes,8.0,1.2,0.28,0.45,0.0,True,0.9722981818181818,0.0,0.00596,0.0027145454545454547,2.1003031462999378,False,PASS,PLA_DENSE_FLAKE-20-00903
PLA_DENSE_FLAKE,PLA,dense flakes,8.0,1.2,0.28,0.45,0.5,True,0.9722981818181818,0.0,0.00596,0.0027145454545454547,2.1003031462999378,False,PASS,PLA_DENSE_FLAKE-20-00904
PLA_DENSE_FLAKE,PLA,dense flakes,8.0,1.2,0.28,0.45,1.0,True,0.9722981818181818,0.0,0.00596,0.0027145454545454547,2.1003031462999378,False,PASS,PLA_DENSE_FLAKE-20-00905
PLA_DENSE_FLAKE,PLA,dense flakes,8.0,1.2,0.28,0.7,0.0,True,0.9647981818181819,0.0,0.007626666666666667,0.003547878787878788,2.1049452205228634,False,PASS,PLA_DENSE_FLAKE-20-00906
PLA_DENSE_FLAKE,PLA,dense flakes,8.0,1.2,0.28,0.7,0.5,True,0.9647981818181819,0.0,0.007626666666666667,0.003547878787878788,2.1049452205228634,False,PASS,PLA_DENSE_FLAKE-20-00907
PLA_DENSE_FLAKE,PLA,dense flakes,8.0,1.2,0.28,0.7,1.0,True,0.9647981818181819,0.0,0.007626666666666667,0.003547878787878788,2.1049452205228634,False,PASS,PLA_DENSE_FLAKE-20-00908
PLA_DENSE_FLAKE,PLA,dense flakes,8.0,1.2,0.35,0.2,0.0,True,0.9767181818181818,0.0,0.0051333333333333335,0.002021212121212121,2.0975769934704336,False,PASS,PLA_DENSE_FLAKE-20-00909
PLA_DENSE_FLAKE,PLA,dense flakes,8.0,1.2,0.35,0.2,0.5,True,0.9767181818181818,0.0,0.0051333333333333335,0.002021212121212121,2.0975769934704336,False,PASS,PLA_DENSE_FLAKE-20-00910
PLA_DENSE_FLAKE,PLA,dense flakes,8.0,1.2,0.35,0.2,1.0,True,0.9767181818181818,0.0,0.0051333333333333335,0.002021212121212121,2.0975769934704336,False,PASS,PLA_DENSE_FLAKE-20-00911
PLA_DENSE_FLAKE,PLA,dense flakes,8.0,1.2,0.35,0.45,0.0,True,0.9692181818181818,0.0,0.0068000000000000005,0.0028545454545454547,2.1022070115866005,False,PASS,PLA_DENSE_FLAKE-20-00912
PLA_DENSE_FLAKE,PLA,dense flakes,8.0,1.2,0.35,0.45,0.5,True,0.9692181818181818,0.0,0.0068000000000000005,0.0028545454545454547,2.1022070115866005,False,PASS,PLA_DENSE_FLAKE-20-00913
PLA_DENSE_FLAKE,PLA,dense flakes,8.0,1.2,0.35,0.45,1.0,True,0.9692181818181818,0.0,0.0068000000000000005,0.0028545454545454547,2.1022070115866005,False,PASS,PLA_DENSE_FLAKE-20-00914
PLA_DENSE_FLAKE,PLA,dense flakes,8.0,1.2,0.35,0.7,0.0,True,0.9617181818181818,0.0,0.008466666666666666,0.0036878787878787877,2.106857514758537,False,PASS,PLA_DENSE_FLAKE-20-00915
PLA_DENSE_FLAKE,PLA,dense flakes,8.0,1.2,0.35,0.7,0.5,True,0.9617181818181818,0.0,0.008466666666666666,0.0036878787878787877,2.106857514758537,False,PASS,PLA_DENSE_FLAKE-20-00916
PLA_DENSE_FLAKE,PLA,dense flakes,8.0,1.2,0.35,0.7,1.0,True,0.9617181818181818,0.0,0.008466666666666666,0.0036878787878787877,2.106857514758537,False,PASS,PLA_DENSE_FLAKE-20-00917
PLA_DENSE_FLAKE,PLA,dense flakes,8.0,1.8,0.22,0.2,0.0,True,0.9818927272727274,0.0,0.0035733333333333333,0.001924848484848485,2.094394433267148,False,PASS,PLA_DENSE_FLAKE-21-00918
PLA_DENSE_FLAKE,PLA,dense flakes,8.0,1.8,0.22,0.2,0.5,True,0.9818927272727274,0.0,0.0035733333333333333,0.001924848484848485,2.094394433267148,False,PASS,PLA_DENSE_FLAKE-21-00919
PLA_DENSE_FLAKE,PLA,dense flakes,8.0,1.8,0.22,0.2,1.0,True,0.9818927272727274,0.0,0.0035733333333333333,0.001924848484848485,2.094394433267148,False,PASS,PLA_DENSE_FLAKE-21-00920
PLA_DENSE_FLAKE,PLA,dense flakes,8.0,1.8,0.22,0.45,0.0,True,0.9743927272727273,0.0,0.00524,0.0027581818181818185,2.0990103967419693,False,PASS,PLA_DENSE_FLAKE-21-00921
PLA_DENSE_FLAKE,PLA,dense flakes,8.0,1.8,0.22,0.45,0.5,True,0.9743927272727273,0.0,0.00524,0.0027581818181818185,2.0990103967419693,False,PASS,PLA_DENSE_FLAKE-21-00922
PLA_DENSE_FLAKE,PLA,dense flakes,8.0,1.8,0.22,0.45,1.0,True,0.9743927272727273,0.0,0.00524,0.0027581818181818185,2.0990103967419693,False,PASS,PLA_DENSE_FLAKE-21-00923
PLA_DENSE_FLAKE,PLA,dense flakes,8.0,1.8,0.22,0.7,0.0,True,0.9668927272727273,0.0,0.006906666666666667,0.003591515151515152,2.1036467519655897,False,PASS,PLA_DENSE_FLAKE-21-00924
PLA_DENSE_FLAKE,PLA,dense flakes,8.0,1.8,0.22,0.7,0.5,True,0.9668927272727273,0.0,0.006906666666666667,0.003591515151515152,2.1036467519655897,False,PASS,PLA_DENSE_FLAKE-21-00925
PLA_DENSE_FLAKE,PLA,dense flakes,8.0,1.8,0.22,0.7,1.0,True,0.9668927272727273,0.0,0.006906666666666667,0.003591515151515152,2.1036467519655897,False,PASS,PLA_DENSE_FLAKE-21-00926
PLA_DENSE_FLAKE,PLA,dense flakes,8.0,1.8,0.28,0.2,0.0,True,0.9792527272727274,0.0,0.004293333333333333,0.0020448484848484853,2.0960169352070857,False,PASS,PLA_DENSE_FLAKE-21-00927
PLA_DENSE_FLAKE,PLA,dense flakes,8.0,1.8,0.28,0.2,0.5,True,0.9792527272727274,0.0,0.004293333333333333,0.0020448484848484853,2.0960169352070857,False,PASS,PLA_DENSE_FLAKE-21-00928
PLA_DENSE_FLAKE,PLA,dense flakes,8.0,1.8,0.28,0.2,1.0,True,0.9792527272727274,0.0,0.004293333333333333,0.0020448484848484853,2.0960169352070857,False,PASS,PLA_DENSE_FLAKE-21-00929
PLA_DENSE_FLAKE,PLA,dense flakes,8.0,1.8,0.28,0.45,0.0,True,0.9717527272727273,0.0,0.00596,0.0028781818181818184,2.100640061207304,False,PASS,PLA_DENSE_FLAKE-21-00930
PLA_DENSE_FLAKE,PLA,dense flakes,8.0,1.8,0.28,0.45,0.5,True,0.9717527272727273,0.0,0.00596,0.0028781818181818184,2.100640061207304,False,PASS,PLA_DENSE_FLAKE-21-00931
PLA_DENSE_FLAKE,PLA,dense flakes,8.0,1.8,0.28,0.45,1.0,True,0.9717527272727273,0.0,0.00596,0.0028781818181818184,2.100640061207304,False,PASS,PLA_DENSE_FLAKE-21-00932
PLA_DENSE_FLAKE,PLA,dense flakes,8.0,1.8,0.28,0.7,0.0,True,0.9642527272727274,0.0,0.007626666666666667,0.003711515151515152,2.105283626489612,False,PASS,PLA_DENSE_FLAKE-21-00933
PLA_DENSE_FLAKE,PLA,dense flakes,8.0,1.8,0.28,0.7,0.5,True,0.9642527272727274,0.0,0.007626666666666667,0.003711515151515152,2.105283626489612,False,PASS,PLA_DENSE_FLAKE-21-00934
PLA_DENSE_FLAKE,PLA,dense flakes,8.0,1.8,0.28,0.7,1.0,True,0.9642527272727274,0.0,0.007626666666666667,0.003711515151515152,2.105283626489612,False,PASS,PLA_DENSE_FLAKE-21-00935
PLA_DENSE_FLAKE,PLA,dense flakes,8.0,1.8,0.35,0.2,0.0,True,0.9761727272727273,0.0,0.0051333333333333335,0.002184848484848485,2.097913034257394,False,PASS,PLA_DENSE_FLAKE-21-00936
PLA_DENSE_FLAKE,PLA,dense flakes,8.0,1.8,0.35,0.2,0.5,True,0.9761727272727273,0.0,0.0051333333333333335,0.002184848484848485,2.097913034257394,False,PASS,PLA_DENSE_FLAKE-21-00937
PLA_DENSE_FLAKE,PLA,dense flakes,8.0,1.8,0.35,0.2,1.0,True,0.9761727272727273,0.0,0.0051333333333333335,0.002184848484848485,2.097913034257394,False,PASS,PLA_DENSE_FLAKE-21-00938
PLA_DENSE_FLAKE,PLA,dense flakes,8.0,1.8,0.35,0.45,0.0,True,0.9686727272727272,0.0,0.0068000000000000005,0.0030181818181818183,2.1025445376275194,False,PASS,PLA_DENSE_FLAKE-21-00939
PLA_DENSE_FLAKE,PLA,dense flakes,8.0,1.8,0.35,0.45,0.5,True,0.9686727272727272,0.0,0.0068000000000000005,0.0030181818181818183,2.1025445376275194,False,PASS,PLA_DENSE_FLAKE-21-00940
PLA_DENSE_FLAKE,PLA,dense flakes,8.0,1.8,0.35,0.45,1.0,True,0.9686727272727272,0.0,0.0068000000000000005,0.0030181818181818183,2.1025445376275194,False,PASS,PLA_DENSE_FLAKE-21-00941
PLA_DENSE_FLAKE,PLA,dense flakes,8.0,1.8,0.35,0.7,0.0,True,0.9611727272727273,0.0,0.008466666666666666,0.003851515151515152,2.1071965359221454,False,PASS,PLA_DENSE_FLAKE-21-00942
PLA_DENSE_FLAKE,PLA,dense flakes,8.0,1.8,0.35,0.7,0.5,True,0.9611727272727273,0.0,0.008466666666666666,0.003851515151515152,2.1071965359221454,False,PASS,PLA_DENSE_FLAKE-21-00943
PLA_DENSE_FLAKE,PLA,dense flakes,8.0,1.8,0.35,0.7,1.0,True,0.9611727272727273,0.0,0.008466666666666666,0.003851515151515152,2.1071965359221454,False,PASS,PLA_DENSE_FLAKE-21-00944
PLA_DENSE_FLAKE,PLA,dense flakes,8.0,2.8,0.22,0.2,0.0,True,0.9809836363636364,0.0,0.0035733333333333333,0.0021975757575757576,2.094952862417894,False,PASS,PLA_DENSE_FLAKE-22-00945
PLA_DENSE_FLAKE,PLA,dense flakes,8.0,2.8,0.22,0.2,0.5,True,0.9809836363636364,0.0,0.0035733333333333333,0.0021975757575757576,2.094952862417894,False,PASS,PLA_DENSE_FLAKE-22-00946
PLA_DENSE_FLAKE,PLA,dense flakes,8.0,2.8,0.22,0.2,1.0,True,0.9809836363636364,0.0,0.0035733333333333333,0.0021975757575757576,2.094952862417894,False,PASS,PLA_DENSE_FLAKE-22-00947
PLA_DENSE_FLAKE,PLA,dense flakes,8.0,2.8,0.22,0.45,0.0,True,0.9734836363636363,0.0,0.00524,0.003030909090909091,2.099571290446905,False,PASS,PLA_DENSE_FLAKE-22-00948
PLA_DENSE_FLAKE,PLA,dense flakes,8.0,2.8,0.22,0.45,0.5,True,0.9734836363636363,0.0,0.00524,0.003030909090909091,2.099571290446905,False,PASS,PLA_DENSE_FLAKE-22-00949
PLA_DENSE_FLAKE,PLA,dense flakes,8.0,2.8,0.22,0.45,1.0,True,0.9734836363636363,0.0,0.00524,0.003030909090909091,2.099571290446905,False,PASS,PLA_DENSE_FLAKE-22-00950
PLA_DENSE_FLAKE,PLA,dense flakes,8.0,2.8,0.22,0.7,0.0,True,0.9659836363636364,0.0,0.006906666666666667,0.0038642424242424245,2.104210126576273,False,PASS,PLA_DENSE_FLAKE-22-00951
PLA_DENSE_FLAKE,PLA,dense flakes,8.0,2.8,0.22,0.7,0.5,True,0.9659836363636364,0.0,0.006906666666666667,0.0038642424242424245,2.104210126576273,False,PASS,PLA_DENSE_FLAKE-22-00952
PLA_DENSE_FLAKE,PLA,dense flakes,8.0,2.8,0.22,0.7,1.0,True,0.9659836363636364,0.0,0.006906666666666667,0.0038642424242424245,2.104210126576273,False,PASS,PLA_DENSE_FLAKE-22-00953
PLA_DENSE_FLAKE,PLA,dense flakes,8.0,2.8,0.28,0.2,0.0,True,0.9783436363636364,0.0,0.004293333333333333,0.0023175757575757574,2.0965762300250605,False,PASS,PLA_DENSE_FLAKE-22-00954
PLA_DENSE_FLAKE,PLA,dense flakes,8.0,2.8,0.28,0.2,0.5,True,0.9783436363636364,0.0,0.004293333333333333,0.0023175757575757574,2.0965762300250605,False,PASS,PLA_DENSE_FLAKE-22-00955
PLA_DENSE_FLAKE,PLA,dense flakes,8.0,2.8,0.28,0.2,1.0,True,0.9783436363636364,0.0,0.004293333333333333,0.0023175757575757574,2.0965762300250605,False,PASS,PLA_DENSE_FLAKE-22-00956
PLA_DENSE_FLAKE,PLA,dense flakes,8.0,2.8,0.28,0.45,0.0,True,0.9708436363636364,0.0,0.00596,0.003150909090909091,2.101201826318783,False,PASS,PLA_DENSE_FLAKE-22-00957
PLA_DENSE_FLAKE,PLA,dense flakes,8.0,2.8,0.28,0.45,0.5,True,0.9708436363636364,0.0,0.00596,0.003150909090909091,2.101201826318783,False,PASS,PLA_DENSE_FLAKE-22-00958
PLA_DENSE_FLAKE,PLA,dense flakes,8.0,2.8,0.28,0.45,1.0,True,0.9708436363636364,0.0,0.00596,0.003150909090909091,2.101201826318783,False,PASS,PLA_DENSE_FLAKE-22-00959
PLA_DENSE_FLAKE,PLA,dense flakes,8.0,2.8,0.28,0.7,0.0,True,0.9633436363636364,0.0,0.007626666666666667,0.003984242424242425,2.105847878297001,False,PASS,PLA_DENSE_FLAKE-22-00960
PLA_DENSE_FLAKE,PLA,dense flakes,8.0,2.8,0.28,0.7,0.5,True,0.9633436363636364,0.0,0.007626666666666667,0.003984242424242425,2.105847878297001,False,PASS,PLA_DENSE_FLAKE-22-00961
PLA_DENSE_FLAKE,PLA,dense flakes,8.0,2.8,0.28,0.7,1.0,True,0.9633436363636364,0.0,0.007626666666666667,0.003984242424242425,2.105847878297001,False,PASS,PLA_DENSE_FLAKE-22-00962
PLA_DENSE_FLAKE,PLA,dense flakes,8.0,2.8,0.35,0.2,0.0,True,0.9752636363636363,0.0,0.0051333333333333335,0.0024575757575757574,2.0984733415669794,False,PASS,PLA_DENSE_FLAKE-22-00963
PLA_DENSE_FLAKE,PLA,dense flakes,8.0,2.8,0.35,0.2,0.5,True,0.9752636363636363,0.0,0.0051333333333333335,0.0024575757575757574,2.0984733415669794,False,PASS,PLA_DENSE_FLAKE-22-00964
PLA_DENSE_FLAKE,PLA,dense flakes,8.0,2.8,0.35,0.2,1.0,True,0.9752636363636363,0.0,0.0051333333333333335,0.0024575757575757574,2.0984733415669794,False,PASS,PLA_DENSE_FLAKE-22-00965
PLA_DENSE_FLAKE,PLA,dense flakes,8.0,2.8,0.35,0.45,0.0,True,0.9677636363636363,0.0,0.0068000000000000005,0.003290909090909091,2.103107321949022,False,PASS,PLA_DENSE_FLAKE-22-00966
PLA_DENSE_FLAKE,PLA,dense flakes,8.0,2.8,0.35,0.45,0.5,True,0.9677636363636363,0.0,0.0068000000000000005,0.003290909090909091,2.103107321949022,False,PASS,PLA_DENSE_FLAKE-22-00967
PLA_DENSE_FLAKE,PLA,dense flakes,8.0,2.8,0.35,0.45,1.0,True,0.9677636363636363,0.0,0.0068000000000000005,0.003290909090909091,2.103107321949022,False,PASS,PLA_DENSE_FLAKE-22-00968
PLA_DENSE_FLAKE,PLA,dense flakes,8.0,2.8,0.35,0.7,0.0,True,0.9602636363636363,0.0,0.008466666666666666,0.004124242424242424,2.1077618137175436,False,PASS,PLA_DENSE_FLAKE-22-00969
PLA_DENSE_FLAKE,PLA,dense flakes,8.0,2.8,0.35,0.7,0.5,True,0.9602636363636363,0.0,0.008466666666666666,0.004124242424242424,2.1077618137175436,False,PASS,PLA_DENSE_FLAKE-22-00970
PLA_DENSE_FLAKE,PLA,dense flakes,8.0,2.8,0.35,0.7,1.0,True,0.9602636363636363,0.0,0.008466666666666666,0.004124242424242424,2.1077618137175436,False,PASS,PLA_DENSE_FLAKE-22-00971
PET_FLAT_FLAKE,PET,flat flakes,3.0,2.0,0.33,0.2,0.0,False,0.9768709090909092,0.0,0.004893333333333333,0.0021993939393939394,1.1151231665702457,False,PASS,PET_FLAT_FLAKE-00-00972
PET_FLAT_FLAKE,PET,flat flakes,3.0,2.0,0.33,0.2,0.5,False,0.9768709090909092,0.0,0.004893333333333333,0.0021993939393939394,1.1151231665702457,False,PASS,PET_FLAT_FLAKE-00-00973
PET_FLAT_FLAKE,PET,flat flakes,3.0,2.0,0.33,0.2,1.0,False,0.9768709090909092,0.0,0.004893333333333333,0.0021993939393939394,1.1151231665702457,False,PASS,PET_FLAT_FLAKE-00-00974
PET_FLAT_FLAKE,PET,flat flakes,3.0,2.0,0.33,0.45,0.0,False,0.9693709090909092,0.0,0.00656,0.003032727272727273,1.1164303718102873,False,PASS,PET_FLAT_FLAKE-00-00975
PET_FLAT_FLAKE,PET,flat flakes,3.0,2.0,0.33,0.45,0.5,False,0.9693709090909092,0.0,0.00656,0.003032727272727273,1.1164303718102873,False,PASS,PET_FLAT_FLAKE-00-00976
PET_FLAT_FLAKE,PET,flat flakes,3.0,2.0,0.33,0.45,1.0,False,0.9693709090909092,0.0,0.00656,0.003032727272727273,1.1164303718102873,False,PASS,PET_FLAT_FLAKE-00-00977
PET_FLAT_FLAKE,PET,flat flakes,3.0,2.0,0.33,0.7,0.0,False,0.9618709090909092,0.0,0.008226666666666667,0.0038660606060606064,1.1177406453948293,False,PASS,PET_FLAT_FLAKE-00-00978
PET_FLAT_FLAKE,PET,flat flakes,3.0,2.0,0.33,0.7,0.5,False,0.9618709090909092,0.0,0.008226666666666667,0.0038660606060606064,1.1177406453948293,False,PASS,PET_FLAT_FLAKE-00-00979
PET_FLAT_FLAKE,PET,flat flakes,3.0,2.0,0.33,0.7,1.0,False,0.9618709090909092,0.0,0.008226666666666667,0.0038660606060606064,1.1177406453948293,False,PASS,PET_FLAT_FLAKE-00-00980
PET_FLAT_FLAKE,PET,flat flakes,3.0,2.0,0.4,0.2,0.0,False,0.9737909090909092,0.0,0.005733333333333333,0.0023393939393939397,1.115659621580427,False,PASS,PET_FLAT_FLAKE-00-00981
PET_FLAT_FLAKE,PET,flat flakes,3.0,2.0,0.4,0.2,0.5,False,0.9737909090909092,0.0,0.005733333333333333,0.0023393939393939397,1.115659621580427,False,PASS,PET_FLAT_FLAKE-00-00982
PET_FLAT_FLAKE,PET,flat flakes,3.0,2.0,0.4,0.2,1.0,False,0.9737909090909092,0.0,0.005733333333333333,0.0023393939393939397,1.115659621580427,False,PASS,PET_FLAT_FLAKE-00-00983
PET_FLAT_FLAKE,PET,flat flakes,3.0,2.0,0.4,0.45,0.0,False,0.9662909090909091,0.0,0.0074,0.0031727272727272732,1.1169680855816886,False,PASS,PET_FLAT_FLAKE-00-00984
PET_FLAT_FLAKE,PET,flat flakes,3.0,2.0,0.4,0.45,0.5,False,0.9662909090909091,0.0,0.0074,0.0031727272727272732,1.1169680855816886,False,PASS,PET_FLAT_FLAKE-00-00985
PET_FLAT_FLAKE,PET,flat flakes,3.0,2.0,0.4,0.45,1.0,False,0.9662909090909091,0.0,0.0074,0.0031727272727272732,1.1169680855816886,False,PASS,PET_FLAT_FLAKE-00-00986
PET_FLAT_FLAKE,PET,flat flakes,3.0,2.0,0.4,0.7,0.0,False,0.9587909090909091,0.0,0.009066666666666667,0.004006060606060606,1.1182796223630713,False,PASS,PET_FLAT_FLAKE-00-00987
PET_FLAT_FLAKE,PET,flat flakes,3.0,2.0,0.4,0.7,0.5,False,0.9587909090909091,0.0,0.009066666666666667,0.004006060606060606,1.1182796223630713,False,PASS,PET_FLAT_FLAKE-00-00988
PET_FLAT_FLAKE,PET,flat flakes,3.0,2.0,0.4,0.7,1.0,False,0.9587909090909091,0.0,0.009066666666666667,0.004006060606060606,1.1182796223630713,False,PASS,PET_FLAT_FLAKE-00-00989
PET_FLAT_FLAKE,PET,flat flakes,3.0,2.0,0.48,0.2,0.0,False,0.9702709090909092,0.0,0.006693333333333332,0.0024993939393939393,1.1162733453855676,False,PASS,PET_FLAT_FLAKE-00-00990
PET_FLAT_FLAKE,PET,flat flakes,3.0,2.0,0.48,0.2,0.5,False,0.9702709090909092,0.0,0.006693333333333332,0.0024993939393939393,1.1162733453855676,False,PASS,PET_FLAT_FLAKE-00-00991
PET_FLAT_FLAKE,PET,flat flakes,3.0,2.0,0.48,0.2,1.0,False,0.9702709090909092,0.0,0.006693333333333332,0.0024993939393939393,1.1162733453855676,False,PASS,PET_FLAT_FLAKE-00-00992
PET_FLAT_FLAKE,PET,flat flakes,3.0,2.0,0.48,0.45,0.0,False,0.9627709090909091,0.0,0.00836,0.003332727272727273,1.117583250198686,False,PASS,PET_FLAT_FLAKE-00-00993
PET_FLAT_FLAKE,PET,flat flakes,3.0,2.0,0.48,0.45,0.5,False,0.9627709090909091,0.0,0.00836,0.003332727272727273,1.117583250198686,False,PASS,PET_FLAT_FLAKE-00-00994
PET_FLAT_FLAKE,PET,flat flakes,3.0,2.0,0.48,0.45,1.0,False,0.9627709090909091,0.0,0.00836,0.003332727272727273,1.117583250198686,False,PASS,PET_FLAT_FLAKE-00-00995
PET_FLAT_FLAKE,PET,flat flakes,3.0,2.0,0.48,0.7,0.0,False,0.9552709090909092,0.0,0.010026666666666666,0.004166060606060606,1.1188962328716823,False,PASS,PET_FLAT_FLAKE-00-00996
PET_FLAT_FLAKE,PET,flat flakes,3.0,2.0,0.48,0.7,0.5,False,0.9552709090909092,0.0,0.010026666666666666,0.004166060606060606,1.1188962328716823,False,PASS,PET_FLAT_FLAKE-00-00997
PET_FLAT_FLAKE,PET,flat flakes,3.0,2.0,0.48,0.7,1.0,False,0.9552709090909092,0.0,0.010026666666666666,0.004166060606060606,1.1188962328716823,False,PASS,PET_FLAT_FLAKE-00-00998
PET_FLAT_FLAKE,PET,flat flakes,3.0,3.0,0.33,0.2,0.0,False,0.9759618181818183,0.0,0.004893333333333333,0.002472121212121212,1.1152814526301642,False,PASS,PET_FLAT_FLAKE-01-00999
PET_FLAT_FLAKE,PET,flat flakes,3.0,3.0,0.33,0.2,0.5,False,0.9759618181818183,0.0,0.004893333333333333,0.002472121212121212,1.1152814526301642,False,PASS,PET_FLAT_FLAKE-01-01000
PET_FLAT_FLAKE,PET,flat flakes,3.0,3.0,0.33,0.2,1.0,False,0.9759618181818183,0.0,0.004893333333333333,0.002472121212121212,1.1152814526301642,False,PASS,PET_FLAT_FLAKE-01-01001
PET_FLAT_FLAKE,PET,flat flakes,3.0,3.0,0.33,0.45,0.0,False,0.9684618181818182,0.0,0.00656,0.0033054545454545455,1.1165890292163843,False,PASS,PET_FLAT_FLAKE-01-01002
PET_FLAT_FLAKE,PET,flat flakes,3.0,3.0,0.33,0.45,0.5,False,0.9684618181818182,0.0,0.00656,0.0033054545454545455,1.1165890292163843,False,PASS,PET_FLAT_FLAKE-01-01003
PET_FLAT_FLAKE,PET,flat flakes,3.0,3.0,0.33,0.45,1.0,False,0.9684618181818182,0.0,0.00656,0.0033054545454545455,1.1165890292163843,False,PASS,PET_FLAT_FLAKE-01-01004
PET_FLAT_FLAKE,PET,flat flakes,3.0,3.0,0.33,0.7,0.0,False,0.9609618181818183,0.0,0.008226666666666667,0.004138787878787879,1.1178996754554313,False,PASS,PET_FLAT_FLAKE-01-01005
PET_FLAT_FLAKE,PET,flat flakes,3.0,3.0,0.33,0.7,0.5,False,0.9609618181818183,0.0,0.008226666666666667,0.004138787878787879,1.1178996754554313,False,PASS,PET_FLAT_FLAKE-01-01006
PET_FLAT_FLAKE,PET,flat flakes,3.0,3.0,0.33,0.7,1.0,False,0.9609618181818183,0.0,0.008226666666666667,0.004138787878787879,1.1178996754554313,False,PASS,PET_FLAT_FLAKE-01-01007
PET_FLAT_FLAKE,PET,flat flakes,3.0,3.0,0.4,0.2,0.0,False,0.9728818181818182,0.0,0.005733333333333333,0.0026121212121212123,1.1158180599819156,False,PASS,PET_FLAT_FLAKE-01-01008
PET_FLAT_FLAKE,PET,flat flakes,3.0,3.0,0.4,0.2,0.5,False,0.9728818181818182,0.0,0.005733333333333333,0.0026121212121212123,1.1158180599819156,False,PASS,PET_FLAT_FLAKE-01-01009
PET_FLAT_FLAKE,PET,flat flakes,3.0,3.0,0.4,0.2,1.0,False,0.9728818181818182,0.0,0.005733333333333333,0.0026121212121212123,1.1158180599819156,False,PASS,PET_FLAT_FLAKE-01-01010
PET_FLAT_FLAKE,PET,flat flakes,3.0,3.0,0.4,0.45,0.0,False,0.9653818181818181,0.0,0.0074,0.003445454545454546,1.1171268958658993,False,PASS,PET_FLAT_FLAKE-01-01011
PET_FLAT_FLAKE,PET,flat flakes,3.0,3.0,0.4,0.45,0.5,False,0.9653818181818181,0.0,0.0074,0.003445454545454546,1.1171268958658993,False,PASS,PET_FLAT_FLAKE-01-01012
PET_FLAT_FLAKE,PET,flat flakes,3.0,3.0,0.4,0.45,1.0,False,0.9653818181818181,0.0,0.0074,0.003445454545454546,1.1171268958658993,False,PASS,PET_FLAT_FLAKE-01-01013
PET_FLAT_FLAKE,PET,flat flakes,3.0,3.0,0.4,0.7,0.0,False,0.9578818181818182,0.0,0.009066666666666667,0.004278787878787879,1.1184388058408534,False,PASS,PET_FLAT_FLAKE-01-01014
PET_FLAT_FLAKE,PET,flat flakes,3.0,3.0,0.4,0.7,0.5,False,0.9578818181818182,0.0,0.009066666666666667,0.004278787878787879,1.1184388058408534,False,PASS,PET_FLAT_FLAKE-01-01015
PET_FLAT_FLAKE,PET,flat flakes,3.0,3.0,0.4,0.7,1.0,False,0.9578818181818182,0.0,0.009066666666666667,0.004278787878787879,1.1184388058408534,False,PASS,PET_FLAT_FLAKE-01-01016
PET_FLAT_FLAKE,PET,flat flakes,3.0,3.0,0.48,0.2,0.0,False,0.9693618181818182,0.0,0.006693333333333332,0.002772121212121212,1.1164319581611644,False,PASS,PET_FLAT_FLAKE-01-01017
PET_FLAT_FLAKE,PET,flat flakes,3.0,3.0,0.48,0.2,0.5,False,0.9693618181818182,0.0,0.006693333333333332,0.002772121212121212,1.1164319581611644,False,PASS,PET_FLAT_FLAKE-01-01018
PET_FLAT_FLAKE,PET,flat flakes,3.0,3.0,0.48,0.2,1.0,False,0.9693618181818182,0.0,0.006693333333333332,0.002772121212121212,1.1164319581611644,False,PASS,PET_FLAT_FLAKE-01-01019
PET_FLAT_FLAKE,PET,flat flakes,3.0,3.0,0.48,0.45,0.0,False,0.9618618181818182,0.0,0.00836,0.0036054545454545454,1.1177422354714646,False,PASS,PET_FLAT_FLAKE-01-01020
PET_FLAT_FLAKE,PET,flat flakes,3.0,3.0,0.48,0.45,0.5,False,0.9618618181818182,0.0,0.00836,0.0036054545454545454,1.1177422354714646,False,PASS,PET_FLAT_FLAKE-01-01021
PET_FLAT_FLAKE,PET,flat flakes,3.0,3.0,0.48,0.45,1.0,False,0.9618618181818182,0.0,0.00836,0.0036054545454545454,1.1177422354714646,False,PASS,PET_FLAT_FLAKE-01-01022
PET_FLAT_FLAKE,PET,flat flakes,3.0,3.0,0.48,0.7,0.0,False,0.9543618181818182,0.0,0.010026666666666666,0.004438787878787879,1.119055591955382,False,PASS,PET_FLAT_FLAKE-01-01023
PET_FLAT_FLAKE,PET,flat flakes,3.0,3.0,0.48,0.7,0.5,False,0.9543618181818182,0.0,0.010026666666666666,0.004438787878787879,1.119055591955382,False,PASS,PET_FLAT_FLAKE-01-01024
PET_FLAT_FLAKE,PET,flat flakes,3.0,3.0,0.48,0.7,1.0,False,0.9543618181818182,0.0,0.010026666666666666,0.004438787878787879,1.119055591955382,False,PASS,PET_FLAT_FLAKE-01-01025
PET_FLAT_FLAKE,PET,flat flakes,3.0,4.5,0.33,0.2,0.0,False,0.9745981818181819,0.0,0.004893333333333333,0.0028812121212121213,1.1155189659926132,False,PASS,PET_FLAT_FLAKE-02-01026
PET_FLAT_FLAKE,PET,flat flakes,3.0,4.5,0.33,0.2,0.5,False,0.9745981818181819,0.0,0.004893333333333333,0.0028812121212121213,1.1155189659926132,False,PASS,PET_FLAT_FLAKE-02-01027
PET_FLAT_FLAKE,PET,flat flakes,3.0,4.5,0.33,0.2,1.0,False,0.9745981818181819,0.0,0.004893333333333333,0.0028812121212121213,1.1155189659926132,False,PASS,PET_FLAT_FLAKE-02-01028
PET_FLAT_FLAKE,PET,flat flakes,3.0,4.5,0.33,0.45,0.0,False,0.9670981818181819,0.0,0.00656,0.0037145454545454547,1.1168270998948637,False,PASS,PET_FLAT_FLAKE-02-01029
PET_FLAT_FLAKE,PET,flat flakes,3.0,4.5,0.33,0.45,0.5,False,0.9670981818181819,0.0,0.00656,0.0037145454545454547,1.1168270998948637,False,PASS,PET_FLAT_FLAKE-02-01030
PET_FLAT_FLAKE,PET,flat flakes,3.0,4.5,0.33,0.45,1.0,False,0.9670981818181819,0.0,0.00656,0.0037145454545454547,1.1168270998948637,False,PASS,PET_FLAT_FLAKE-02-01031
PET_FLAT_FLAKE,PET,flat flakes,3.0,4.5,0.33,0.7,0.0,False,0.9595981818181819,0.0,0.008226666666666667,0.004547878787878787,1.1181383054138263,False,PASS,PET_FLAT_FLAKE-02-01032
PET_FLAT_FLAKE,PET,flat flakes,3.0,4.5,0.33,0.7,0.5,False,0.9595981818181819,0.0,0.008226666666666667,0.004547878787878787,1.1181383054138263,False,PASS,PET_FLAT_FLAKE-02-01033
PET_FLAT_FLAKE,PET,flat flakes,3.0,4.5,0.33,0.7,1.0,False,0.9595981818181819,0.0,0.008226666666666667,0.004547878787878787,1.1181383054138263,False,PASS,PET_FLAT_FLAKE-02-01034
PET_FLAT_FLAKE,PET,flat flakes,3.0,4.5,0.4,0.2,0.0,False,0.9715181818181818,0.0,0.005733333333333333,0.0030212121212121216,1.116055801978422,False,PASS,PET_FLAT_FLAKE-02-01035
PET_FLAT_FLAKE,PET,flat flakes,3.0,4.5,0.4,0.2,0.5,False,0.9715181818181818,0.0,0.005733333333333333,0.0030212121212121216,1.116055801978422,False,PASS,PET_FLAT_FLAKE-02-01036
PET_FLAT_FLAKE,PET,flat flakes,3.0,4.5,0.4,0.2,1.0,False,0.9715181818181818,0.0,0.005733333333333333,0.0030212121212121216,1.116055801978422,False,PASS,PET_FLAT_FLAKE-02-01037
PET_FLAT_FLAKE,PET,flat flakes,3.0,4.5,0.4,0.45,0.0,False,0.9640181818181818,0.0,0.0074,0.003854545454545455,1.1173651959838238,False,PASS,PET_FLAT_FLAKE-02-01038
PET_FLAT_FLAKE,PET,flat flakes,3.0,4.5,0.4,0.45,0.5,False,0.9640181818181818,0.0,0.0074,0.003854545454545455,1.1173651959838238,False,PASS,PET_FLAT_FLAKE-02-01039
PET_FLAT_FLAKE,PET,flat flakes,3.0,4.5,0.4,0.45,1.0,False,0.9640181818181818,0.0,0.0074,0.003854545454545455,1.1173651959838238,False,PASS,PET_FLAT_FLAKE-02-01040
PET_FLAT_FLAKE,PET,flat flakes,3.0,4.5,0.4,0.7,0.0,False,0.9565181818181818,0.0,0.009066666666666667,0.004687878787878788,1.1186776660478683,False,PASS,PET_FLAT_FLAKE-02-01041
PET_FLAT_FLAKE,PET,flat flakes,3.0,4.5,0.4,0.7,0.5,False,0.9565181818181818,0.0,0.009066666666666667,0.004687878787878788,1.1186776660478683,False,PASS,PET_FLAT_FLAKE-02-01042
PET_FLAT_FLAKE,PET,flat flakes,3.0,4.5,0.4,0.7,1.0,False,0.9565181818181818,0.0,0.009066666666666667,0.004687878787878788,1.1186776660478683,False,PASS,PET_FLAT_FLAKE-02-01043
PET_FLAT_FLAKE,PET,flat flakes,3.0,4.5,0.48,0.2,0.0,False,0.9679981818181819,0.0,0.006693333333333332,0.003181212121212121,1.1166699618582085,False,PASS,PET_FLAT_FLAKE-02-01044
PET_FLAT_FLAKE,PET,flat flakes,3.0,4.5,0.48,0.2,0.5,False,0.9679981818181819,0.0,0.006693333333333332,0.003181212121212121,1.1166699618582085,False,PASS,PET_FLAT_FLAKE-02-01045
PET_FLAT_FLAKE,PET,flat flakes,3.0,4.5,0.48,0.2,1.0,False,0.9679981818181819,0.0,0.006693333333333332,0.003181212121212121,1.1166699618582085,False,PASS,PET_FLAT_FLAKE-02-01046
PET_FLAT_FLAKE,PET,flat flakes,3.0,4.5,0.48,0.45,0.0,False,0.9604981818181818,0.0,0.00836,0.004014545454545455,1.1179807982122714,False,PASS,PET_FLAT_FLAKE-02-01047
PET_FLAT_FLAKE,PET,flat flakes,3.0,4.5,0.48,0.45,0.5,False,0.9604981818181818,0.0,0.00836,0.004014545454545455,1.1179807982122714,False,PASS,PET_FLAT_FLAKE-02-01048
PET_FLAT_FLAKE,PET,flat flakes,3.0,4.5,0.48,0.45,1.0,False,0.9604981818181818,0.0,0.00836,0.004014545454545455,1.1179807982122714,False,PASS,PET_FLAT_FLAKE-02-01049
PET_FLAT_FLAKE,PET,flat flakes,3.0,4.5,0.48,0.7,0.0,False,0.9529981818181819,0.0,0.010026666666666666,0.004847878787878787,1.1192947157119633,False,PASS,PET_FLAT_FLAKE-02-01050
PET_FLAT_FLAKE,PET,flat flakes,3.0,4.5,0.48,0.7,0.5,False,0.9529981818181819,0.0,0.010026666666666666,0.004847878787878787,1.1192947157119633,False,PASS,PET_FLAT_FLAKE-02-01051
PET_FLAT_FLAKE,PET,flat flakes,3.0,4.5,0.48,0.7,1.0,False,0.9529981818181819,0.0,0.010026666666666666,0.004847878787878787,1.1192947157119633,False,PASS,PET_FLAT_FLAKE-02-01052
PET_FLAT_FLAKE,PET,flat flakes,5.5,2.0,0.33,0.2,0.0,True,0.9768709090909092,0.0,0.004893333333333333,0.0021993939393939394,2.0974829213406525,False,PASS,PET_FLAT_FLAKE-10-01053
PET_FLAT_FLAKE,PET,flat flakes,5.5,2.0,0.33,0.2,0.5,True,0.9768709090909092,0.0,0.004893333333333333,0.0021993939393939394,2.0974829213406525,False,PASS,PET_FLAT_FLAKE-10-01054
PET_FLAT_FLAKE,PET,flat flakes,5.5,2.0,0.33,0.2,1.0,True,0.9768709090909092,0.0,0.004893333333333333,0.0021993939393939394,2.0974829213406525,False,PASS,PET_FLAT_FLAKE-10-01055
PET_FLAT_FLAKE,PET,flat flakes,5.5,2.0,0.33,0.45,0.0,True,0.9693709090909092,0.0,0.00656,0.003032727272727273,2.10211252371374,False,PASS,PET_FLAT_FLAKE-10-01056
PET_FLAT_FLAKE,PET,flat flakes,5.5,2.0,0.33,0.45,0.5,True,0.9693709090909092,0.0,0.00656,0.003032727272727273,2.10211252371374,False,PASS,PET_FLAT_FLAKE-10-01057
PET_FLAT_FLAKE,PET,flat flakes,5.5,2.0,0.33,0.45,1.0,True,0.9693709090909092,0.0,0.00656,0.003032727272727273,2.10211252371374,False,PASS,PET_FLAT_FLAKE-10-01058
PET_FLAT_FLAKE,PET,flat flakes,5.5,2.0,0.33,0.7,0.0,True,0.9618709090909092,0.0,0.008226666666666667,0.0038660606060606064,2.106762608380487,False,PASS,PET_FLAT_FLAKE-10-01059
PET_FLAT_FLAKE,PET,flat flakes,5.5,2.0,0.33,0.7,0.5,True,0.9618709090909092,0.0,0.008226666666666667,0.0038660606060606064,2.106762608380487,False,PASS,PET_FLAT_FLAKE-10-01060
PET_FLAT_FLAKE,PET,flat flakes,5.5,2.0,0.33,0.7,1.0,True,0.9618709090909092,0.0,0.008226666666666667,0.0038660606060606064,2.106762608380487,False,PASS,PET_FLAT_FLAKE-10-01061
PET_FLAT_FLAKE,PET,flat flakes,5.5,2.0,0.4,0.2,0.0,True,0.9737909090909092,0.0,0.005733333333333333,0.0023393939393939397,2.0993816748408953,False,PASS,PET_FLAT_FLAKE-10-01062
PET_FLAT_FLAKE,PET,flat flakes,5.5,2.0,0.4,0.2,0.5,True,0.9737909090909092,0.0,0.005733333333333333,0.0023393939393939397,2.0993816748408953,False,PASS,PET_FLAT_FLAKE-10-01063
PET_FLAT_FLAKE,PET,flat flakes,5.5,2.0,0.4,0.2,1.0,True,0.9737909090909092,0.0,0.005733333333333333,0.0023393939393939397,2.0993816748408953,False,PASS,PET_FLAT_FLAKE-10-01064
PET_FLAT_FLAKE,PET,flat flakes,5.5,2.0,0.4,0.45,0.0,True,0.9662909090909091,0.0,0.0074,0.0031727272727272732,2.1040196722013857,False,PASS,PET_FLAT_FLAKE-10-01065
PET_FLAT_FLAKE,PET,flat flakes,5.5,2.0,0.4,0.45,0.5,True,0.9662909090909091,0.0,0.0074,0.0031727272727272732,2.1040196722013857,False,PASS,PET_FLAT_FLAKE-10-01066
PET_FLAT_FLAKE,PET,flat flakes,5.5,2.0,0.4,0.45,1.0,True,0.9662909090909091,0.0,0.0074,0.0031727272727272732,2.1040196722013857,False,PASS,PET_FLAT_FLAKE-10-01067
PET_FLAT_FLAKE,PET,flat flakes,5.5,2.0,0.4,0.7,0.0,True,0.9587909090909091,0.0,0.009066666666666667,0.004006060606060606,2.108678207654195,False,PASS,PET_FLAT_FLAKE-10-01068
PET_FLAT_FLAKE,PET,flat flakes,5.5,2.0,0.4,0.7,0.5,True,0.9587909090909091,0.0,0.009066666666666667,0.004006060606060606,2.108678207654195,False,PASS,PET_FLAT_FLAKE-10-01069
PET_FLAT_FLAKE,PET,flat flakes,5.5,2.0,0.4,0.7,1.0,True,0.9587909090909091,0.0,0.009066666666666667,0.004006060606060606,2.108678207654195,False,PASS,PET_FLAT_FLAKE-10-01070
PET_FLAT_FLAKE,PET,flat flakes,5.5,2.0,0.48,0.2,0.0,True,0.9702709090909092,0.0,0.006693333333333332,0.0024993939393939393,2.1015558926366293,False,PASS,PET_FLAT_FLAKE-10-01071
PET_FLAT_FLAKE,PET,flat flakes,5.5,2.0,0.48,0.2,0.5,True,0.9702709090909092,0.0,0.006693333333333332,0.0024993939393939393,2.1015558926366293,False,PASS,PET_FLAT_FLAKE-10-01072
PET_FLAT_FLAKE,PET,flat flakes,5.5,2.0,0.48,0.2,1.0,True,0.9702709090909092,0.0,0.006693333333333332,0.0024993939393939393,2.1015558926366293,False,PASS,PET_FLAT_FLAKE-10-01073
PET_FLAT_FLAKE,PET,flat flakes,5.5,2.0,0.48,0.45,0.0,True,0.9627709090909091,0.0,0.00836,0.003332727272727273,2.106203512259023,False,PASS,PET_FLAT_FLAKE-10-01074
PET_FLAT_FLAKE,PET,flat flakes,5.5,2.0,0.48,0.45,0.5,True,0.9627709090909091,0.0,0.00836,0.003332727272727273,2.106203512259023,False,PASS,PET_FLAT_FLAKE-10-01075
PET_FLAT_FLAKE,PET,flat flakes,5.5,2.0,0.48,0.45,1.0,True,0.9627709090909091,0.0,0.00836,0.003332727272727273,2.106203512259023,False,PASS,PET_FLAT_FLAKE-10-01076
PET_FLAT_FLAKE,PET,flat flakes,5.5,2.0,0.48,0.7,0.0,True,0.9552709090909092,0.0,0.010026666666666666,0.004166060606060606,2.110871733992089,False,PASS,PET_FLAT_FLAKE-10-01077
PET_FLAT_FLAKE,PET,flat flakes,5.5,2.0,0.48,0.7,0.5,True,0.9552709090909092,0.0,0.010026666666666666,0.004166060606060606,2.110871733992089,False,PASS,PET_FLAT_FLAKE-10-01078
PET_FLAT_FLAKE,PET,flat flakes,5.5,2.0,0.48,0.7,1.0,True,0.9552709090909092,0.0,0.010026666666666666,0.004166060606060606,2.110871733992089,False,PASS,PET_FLAT_FLAKE-10-01079
PET_FLAT_FLAKE,PET,flat flakes,5.5,3.0,0.33,0.2,0.0,True,0.9759618181818183,0.0,0.004893333333333333,0.002472121212121212,2.098042998895361,False,PASS,PET_FLAT_FLAKE-11-01080
PET_FLAT_FLAKE,PET,flat flakes,5.5,3.0,0.33,0.2,0.5,True,0.9759618181818183,0.0,0.004893333333333333,0.002472121212121212,2.098042998895361,False,PASS,PET_FLAT_FLAKE-11-01081
PET_FLAT_FLAKE,PET,flat flakes,5.5,3.0,0.33,0.2,1.0,True,0.9759618181818183,0.0,0.004893333333333333,0.002472121212121212,2.098042998895361,False,PASS,PET_FLAT_FLAKE-11-01082
PET_FLAT_FLAKE,PET,flat flakes,5.5,3.0,0.33,0.45,0.0,True,0.9684618181818182,0.0,0.00656,0.0033054545454545455,2.102675076755286,False,PASS,PET_FLAT_FLAKE-11-01083
PET_FLAT_FLAKE,PET,flat flakes,5.5,3.0,0.33,0.45,0.5,True,0.9684618181818182,0.0,0.00656,0.0033054545454545455,2.102675076755286,False,PASS,PET_FLAT_FLAKE-11-01084
PET_FLAT_FLAKE,PET,flat flakes,5.5,3.0,0.33,0.45,1.0,True,0.9684618181818182,0.0,0.00656,0.0033054545454545455,2.102675076755286,False,PASS,PET_FLAT_FLAKE-11-01085
PET_FLAT_FLAKE,PET,flat flakes,5.5,3.0,0.33,0.7,0.0,True,0.9609618181818183,0.0,0.008226666666666667,0.004138787878787879,2.1073276533573213,False,PASS,PET_FLAT_FLAKE-11-01086
PET_FLAT_FLAKE,PET,flat flakes,5.5,3.0,0.33,0.7,0.5,True,0.9609618181818183,0.0,0.008226666666666667,0.004138787878787879,2.1073276533573213,False,PASS,PET_FLAT_FLAKE-11-01087
PET_FLAT_FLAKE,PET,flat flakes,5.5,3.0,0.33,0.7,1.0,True,0.9609618181818183,0.0,0.008226666666666667,0.004138787878787879,2.1073276533573213,False,PASS,PET_FLAT_FLAKE-11-01088
PET_FLAT_FLAKE,PET,flat flakes,5.5,3.0,0.4,0.2,0.0,True,0.9728818181818182,0.0,0.005733333333333333,0.0026121212121212123,2.0999427670144044,False,PASS,PET_FLAT_FLAKE-11-01089
PET_FLAT_FLAKE,PET,flat flakes,5.5,3.0,0.4,0.2,0.5,True,0.9728818181818182,0.0,0.005733333333333333,0.0026121212121212123,2.0999427670144044,False,PASS,PET_FLAT_FLAKE-11-01090
PET_FLAT_FLAKE,PET,flat flakes,5.5,3.0,0.4,0.2,1.0,True,0.9728818181818182,0.0,0.005733333333333333,0.0026121212121212123,2.0999427670144044,False,PASS,PET_FLAT_FLAKE-11-01091
PET_FLAT_FLAKE,PET,flat flakes,5.5,3.0,0.4,0.45,0.0,True,0.9653818181818181,0.0,0.0074,0.003445454545454546,2.1045832465989935,False,PASS,PET_FLAT_FLAKE-11-01092
PET_FLAT_FLAKE,PET,flat flakes,5.5,3.0,0.4,0.45,0.5,True,0.9653818181818181,0.0,0.0074,0.003445454545454546,2.1045832465989935,False,PASS,PET_FLAT_FLAKE-11-01093
PET_FLAT_FLAKE,PET,flat flakes,5.5,3.0,0.4,0.45,1.0,True,0.9653818181818181,0.0,0.0074,0.003445454545454546,2.1045832465989935,False,PASS,PET_FLAT_FLAKE-11-01094
PET_FLAT_FLAKE,PET,flat flakes,5.5,3.0,0.4,0.7,0.0,True,0.9578818181818182,0.0,0.009066666666666667,0.004278787878787879,2.1092442807841327,False,PASS,PET_FLAT_FLAKE-11-01095
PET_FLAT_FLAKE,PET,flat flakes,5.5,3.0,0.4,0.7,0.5,True,0.9578818181818182,0.0,0.009066666666666667,0.004278787878787879,2.1092442807841327,False,PASS,PET_FLAT_FLAKE-11-01096
PET_FLAT_FLAKE,PET,flat flakes,5.5,3.0,0.4,0.7,1.0,True,0.9578818181818182,0.0,0.009066666666666667,0.004278787878787879,2.1092442807841327,False,PASS,PET_FLAT_FLAKE-11-01097
PET_FLAT_FLAKE,PET,flat flakes,5.5,3.0,0.48,0.2,0.0,True,0.9693618181818182,0.0,0.006693333333333332,0.002772121212121212,2.102118147754139,False,PASS,PET_FLAT_FLAKE-11-01098
PET_FLAT_FLAKE,PET,flat flakes,5.5,3.0,0.48,0.2,0.5,True,0.9693618181818182,0.0,0.006693333333333332,0.002772121212121212,2.102118147754139,False,PASS,PET_FLAT_FLAKE-11-01099
PET_FLAT_FLAKE,PET,flat flakes,5.5,3.0,0.48,0.2,1.0,True,0.9693618181818182,0.0,0.006693333333333332,0.002772121212121212,2.102118147754139,False,PASS,PET_FLAT_FLAKE-11-01100
PET_FLAT_FLAKE,PET,flat flakes,5.5,3.0,0.48,0.45,0.0,True,0.9618618181818182,0.0,0.00836,0.0036054545454545454,2.1067682573303275,False,PASS,PET_FLAT_FLAKE-11-01101
PET_FLAT_FLAKE,PET,flat flakes,5.5,3.0,0.48,0.45,0.5,True,0.9618618181818182,0.0,0.00836,0.0036054545454545454,2.1067682573303275,False,PASS,PET_FLAT_FLAKE-11-01102
PET_FLAT_FLAKE,PET,flat flakes,5.5,3.0,0.48,0.45,1.0,True,0.9618618181818182,0.0,0.00836,0.0036054545454545454,2.1067682573303275,False,PASS,PET_FLAT_FLAKE-11-01103
PET_FLAT_FLAKE,PET,flat flakes,5.5,3.0,0.48,0.7,0.0,True,0.9543618181818182,0.0,0.010026666666666666,0.004438787878787879,2.111438985594074,False,PASS,PET_FLAT_FLAKE-11-01104
PET_FLAT_FLAKE,PET,flat flakes,5.5,3.0,0.48,0.7,0.5,True,0.9543618181818182,0.0,0.010026666666666666,0.004438787878787879,2.111438985594074,False,PASS,PET_FLAT_FLAKE-11-01105
PET_FLAT_FLAKE,PET,flat flakes,5.5,3.0,0.48,0.7,1.0,True,0.9543618181818182,0.0,0.010026666666666666,0.004438787878787879,2.111438985594074,False,PASS,PET_FLAT_FLAKE-11-01106
PET_FLAT_FLAKE,PET,flat flakes,5.5,4.5,0.33,0.2,0.0,True,0.9745981818181819,0.0,0.004893333333333333,0.0028812121212121213,2.0988836762794776,False,PASS,PET_FLAT_FLAKE-12-01107
PET_FLAT_FLAKE,PET,flat flakes,5.5,4.5,0.33,0.2,0.5,True,0.9745981818181819,0.0,0.004893333333333333,0.0028812121212121213,2.0988836762794776,False,PASS,PET_FLAT_FLAKE-12-01108
PET_FLAT_FLAKE,PET,flat flakes,5.5,4.5,0.33,0.2,1.0,True,0.9745981818181819,0.0,0.004893333333333333,0.0028812121212121213,2.0988836762794776,False,PASS,PET_FLAT_FLAKE-12-01109
PET_FLAT_FLAKE,PET,flat flakes,5.5,4.5,0.33,0.45,0.0,True,0.9670981818181819,0.0,0.00656,0.0037145454545454547,2.1035194710941236,False,PASS,PET_FLAT_FLAKE-12-01110
PET_FLAT_FLAKE,PET,flat flakes,5.5,4.5,0.33,0.45,0.5,True,0.9670981818181819,0.0,0.00656,0.0037145454545454547,2.1035194710941236,False,PASS,PET_FLAT_FLAKE-12-01111
PET_FLAT_FLAKE,PET,flat flakes,5.5,4.5,0.33,0.45,1.0,True,0.9670981818181819,0.0,0.00656,0.0037145454545454547,2.1035194710941236,False,PASS,PET_FLAT_FLAKE-12-01112
PET_FLAT_FLAKE,PET,flat flakes,5.5,4.5,0.33,0.7,0.0,True,0.9595981818181819,0.0,0.008226666666666667,0.004547878787878787,2.1081757893565944,False,PASS,PET_FLAT_FLAKE-12-01113
PET_FLAT_FLAKE,PET,flat flakes,5.5,4.5,0.33,0.7,0.5,True,0.9595981818181819,0.0,0.008226666666666667,0.004547878787878787,2.1081757893565944,False,PASS,PET_FLAT_FLAKE-12-01114
PET_FLAT_FLAKE,PET,flat flakes,5.5,4.5,0.33,0.7,1.0,True,0.9595981818181819,0.0,0.008226666666666667,0.004547878787878787,2.1081757893565944,False,PASS,PET_FLAT_FLAKE-12-01115
PET_FLAT_FLAKE,PET,flat flakes,5.5,4.5,0.4,0.2,0.0,True,0.9715181818181818,0.0,0.005733333333333333,0.0030212121212121216,2.10078496785226,False,PASS,PET_FLAT_FLAKE-12-01116
PET_FLAT_FLAKE,PET,flat flakes,5.5,4.5,0.4,0.2,0.5,True,0.9715181818181818,0.0,0.005733333333333333,0.0030212121212121216,2.10078496785226,False,PASS,PET_FLAT_FLAKE-12-01117
PET_FLAT_FLAKE,PET,flat flakes,5.5,4.5,0.4,0.2,1.0,True,0.9715181818181818,0.0,0.005733333333333333,0.0030212121212121216,2.10078496785226,False,PASS,PET_FLAT_FLAKE-12-01118
PET_FLAT_FLAKE,PET,flat flakes,5.5,4.5,0.4,0.45,0.0,True,0.9640181818181818,0.0,0.0074,0.003854545454545455,2.105429174510985,False,PASS,PET_FLAT_FLAKE-12-01119
PET_FLAT_FLAKE,PET,flat flakes,5.5,4.5,0.4,0.45,0.5,True,0.9640181818181818,0.0,0.0074,0.003854545454545455,2.105429174510985,False,PASS,PET_FLAT_FLAKE-12-01120
PET_FLAT_FLAKE,PET,flat flakes,5.5,4.5,0.4,0.45,1.0,True,0.9640181818181818,0.0,0.0074,0.003854545454545455,2.105429174510985,False,PASS,PET_FLAT_FLAKE-12-01121
PET_FLAT_FLAKE,PET,flat flakes,5.5,4.5,0.4,0.7,0.0,True,0.9565181818181818,0.0,0.009066666666666667,0.004687878787878788,2.1100939605657962,False,PASS,PET_FLAT_FLAKE-12-01122
PET_FLAT_FLAKE,PET,flat flakes,5.5,4.5,0.4,0.7,0.5,True,0.9565181818181818,0.0,0.009066666666666667,0.004687878787878788,2.1100939605657962,False,PASS,PET_FLAT_FLAKE-12-01123
PET_FLAT_FLAKE,PET,flat flakes,5.5,4.5,0.4,0.7,1.0,True,0.9565181818181818,0.0,0.009066666666666667,0.004687878787878788,2.1100939605657962,False,PASS,PET_FLAT_FLAKE-12-01124
PET_FLAT_FLAKE,PET,flat flakes,5.5,4.5,0.48,0.2,0.0,True,0.9679981818181819,0.0,0.006693333333333332,0.003181212121212121,2.102962094758248,False,PASS,PET_FLAT_FLAKE-12-01125
PET_FLAT_FLAKE,PET,flat flakes,5.5,4.5,0.48,0.2,0.5,True,0.9679981818181819,0.0,0.006693333333333332,0.003181212121212121,2.102962094758248,False,PASS,PET_FLAT_FLAKE-12-01126
PET_FLAT_FLAKE,PET,flat flakes,5.5,4.5,0.48,0.2,1.0,True,0.9679981818181819,0.0,0.006693333333333332,0.003181212121212121,2.102962094758248,False,PASS,PET_FLAT_FLAKE-12-01127
PET_FLAT_FLAKE,PET,flat flakes,5.5,4.5,0.48,0.45,0.0,True,0.9604981818181818,0.0,0.00836,0.004014545454545455,2.1076159430186485,False,PASS,PET_FLAT_FLAKE-12-01128
PET_FLAT_FLAKE,PET,flat flakes,5.5,4.5,0.48,0.45,0.5,True,0.9604981818181818,0.0,0.00836,0.004014545454545455,2.1076159430186485,False,PASS,PET_FLAT_FLAKE-12-01129
PET_FLAT_FLAKE,PET,flat flakes,5.5,4.5,0.48,0.45,1.0,True,0.9604981818181818,0.0,0.00836,0.004014545454545455,2.1076159430186485,False,PASS,PET_FLAT_FLAKE-12-01130
PET_FLAT_FLAKE,PET,flat flakes,5.5,4.5,0.48,0.7,0.0,True,0.9529981818181819,0.0,0.010026666666666666,0.004847878787878787,2.112290434865297,False,PASS,PET_FLAT_FLAKE-12-01131
PET_FLAT_FLAKE,PET,flat flakes,5.5,4.5,0.48,0.7,0.5,True,0.9529981818181819,0.0,0.010026666666666666,0.004847878787878787,2.112290434865297,False,PASS,PET_FLAT_FLAKE-12-01132
PET_FLAT_FLAKE,PET,flat flakes,5.5,4.5,0.48,0.7,1.0,True,0.9529981818181819,0.0,0.010026666666666666,0.004847878787878787,2.112290434865297,False,PASS,PET_FLAT_FLAKE-12-01133
PET_FLAT_FLAKE,PET,flat flakes,8.0,2.0,0.33,0.2,0.0,True,0.9768709090909092,0.0,0.004893333333333333,0.0021993939393939394,2.0974829213406525,False,PASS,PET_FLAT_FLAKE-20-01134
PET_FLAT_FLAKE,PET,flat flakes,8.0,2.0,0.33,0.2,0.5,True,0.9768709090909092,0.0,0.004893333333333333,0.0021993939393939394,2.0974829213406525,False,PASS,PET_FLAT_FLAKE-20-01135
PET_FLAT_FLAKE,PET,flat flakes,8.0,2.0,0.33,0.2,1.0,True,0.9768709090909092,0.0,0.004893333333333333,0.0021993939393939394,2.0974829213406525,False,PASS,PET_FLAT_FLAKE-20-01136
PET_FLAT_FLAKE,PET,flat flakes,8.0,2.0,0.33,0.45,0.0,True,0.9693709090909092,0.0,0.00656,0.003032727272727273,2.10211252371374,False,PASS,PET_FLAT_FLAKE-20-01137
PET_FLAT_FLAKE,PET,flat flakes,8.0,2.0,0.33,0.45,0.5,True,0.9693709090909092,0.0,0.00656,0.003032727272727273,2.10211252371374,False,PASS,PET_FLAT_FLAKE-20-01138
PET_FLAT_FLAKE,PET,flat flakes,8.0,2.0,0.33,0.45,1.0,True,0.9693709090909092,0.0,0.00656,0.003032727272727273,2.10211252371374,False,PASS,PET_FLAT_FLAKE-20-01139
PET_FLAT_FLAKE,PET,flat flakes,8.0,2.0,0.33,0.7,0.0,True,0.9618709090909092,0.0,0.008226666666666667,0.0038660606060606064,2.106762608380487,False,PASS,PET_FLAT_FLAKE-20-01140
PET_FLAT_FLAKE,PET,flat flakes,8.0,2.0,0.33,0.7,0.5,True,0.9618709090909092,0.0,0.008226666666666667,0.0038660606060606064,2.106762608380487,False,PASS,PET_FLAT_FLAKE-20-01141
PET_FLAT_FLAKE,PET,flat flakes,8.0,2.0,0.33,0.7,1.0,True,0.9618709090909092,0.0,0.008226666666666667,0.0038660606060606064,2.106762608380487,False,PASS,PET_FLAT_FLAKE-20-01142
PET_FLAT_FLAKE,PET,flat flakes,8.0,2.0,0.4,0.2,0.0,True,0.9737909090909092,0.0,0.005733333333333333,0.0023393939393939397,2.0993816748408953,False,PASS,PET_FLAT_FLAKE-20-01143
PET_FLAT_FLAKE,PET,flat flakes,8.0,2.0,0.4,0.2,0.5,True,0.9737909090909092,0.0,0.005733333333333333,0.0023393939393939397,2.0993816748408953,False,PASS,PET_FLAT_FLAKE-20-01144
PET_FLAT_FLAKE,PET,flat flakes,8.0,2.0,0.4,0.2,1.0,True,0.9737909090909092,0.0,0.005733333333333333,0.0023393939393939397,2.0993816748408953,False,PASS,PET_FLAT_FLAKE-20-01145
PET_FLAT_FLAKE,PET,flat flakes,8.0,2.0,0.4,0.45,0.0,True,0.9662909090909091,0.0,0.0074,0.0031727272727272732,2.1040196722013857,False,PASS,PET_FLAT_FLAKE-20-01146
PET_FLAT_FLAKE,PET,flat flakes,8.0,2.0,0.4,0.45,0.5,True,0.9662909090909091,0.0,0.0074,0.0031727272727272732,2.1040196722013857,False,PASS,PET_FLAT_FLAKE-20-01147
PET_FLAT_FLAKE,PET,flat flakes,8.0,2.0,0.4,0.45,1.0,True,0.9662909090909091,0.0,0.0074,0.0031727272727272732,2.1040196722013857,False,PASS,PET_FLAT_FLAKE-20-01148
PET_FLAT_FLAKE,PET,flat flakes,8.0,2.0,0.4,0.7,0.0,True,0.9587909090909091,0.0,0.009066666666666667,0.004006060606060606,2.108678207654195,False,PASS,PET_FLAT_FLAKE-20-01149
PET_FLAT_FLAKE,PET,flat flakes,8.0,2.0,0.4,0.7,0.5,True,0.9587909090909091,0.0,0.009066666666666667,0.004006060606060606,2.108678207654195,False,PASS,PET_FLAT_FLAKE-20-01150
PET_FLAT_FLAKE,PET,flat flakes,8.0,2.0,0.4,0.7,1.0,True,0.9587909090909091,0.0,0.009066666666666667,0.004006060606060606,2.108678207654195,False,PASS,PET_FLAT_FLAKE-20-01151
PET_FLAT_FLAKE,PET,flat flakes,8.0,2.0,0.48,0.2,0.0,True,0.9702709090909092,0.0,0.006693333333333332,0.0024993939393939393,2.1015558926366293,False,PASS,PET_FLAT_FLAKE-20-01152
PET_FLAT_FLAKE,PET,flat flakes,8.0,2.0,0.48,0.2,0.5,True,0.9702709090909092,0.0,0.006693333333333332,0.0024993939393939393,2.1015558926366293,False,PASS,PET_FLAT_FLAKE-20-01153
PET_FLAT_FLAKE,PET,flat flakes,8.0,2.0,0.48,0.2,1.0,True,0.9702709090909092,0.0,0.006693333333333332,0.0024993939393939393,2.1015558926366293,False,PASS,PET_FLAT_FLAKE-20-01154
PET_FLAT_FLAKE,PET,flat flakes,8.0,2.0,0.48,0.45,0.0,True,0.9627709090909091,0.0,0.00836,0.003332727272727273,2.106203512259023,False,PASS,PET_FLAT_FLAKE-20-01155
PET_FLAT_FLAKE,PET,flat flakes,8.0,2.0,0.48,0.45,0.5,True,0.9627709090909091,0.0,0.00836,0.003332727272727273,2.106203512259023,False,PASS,PET_FLAT_FLAKE-20-01156
PET_FLAT_FLAKE,PET,flat flakes,8.0,2.0,0.48,0.45,1.0,True,0.9627709090909091,0.0,0.00836,0.003332727272727273,2.106203512259023,False,PASS,PET_FLAT_FLAKE-20-01157
PET_FLAT_FLAKE,PET,flat flakes,8.0,2.0,0.48,0.7,0.0,True,0.9552709090909092,0.0,0.010026666666666666,0.004166060606060606,2.110871733992089,False,PASS,PET_FLAT_FLAKE-20-01158
PET_FLAT_FLAKE,PET,flat flakes,8.0,2.0,0.48,0.7,0.5,True,0.9552709090909092,0.0,0.010026666666666666,0.004166060606060606,2.110871733992089,False,PASS,PET_FLAT_FLAKE-20-01159
PET_FLAT_FLAKE,PET,flat flakes,8.0,2.0,0.48,0.7,1.0,True,0.9552709090909092,0.0,0.010026666666666666,0.004166060606060606,2.110871733992089,False,PASS,PET_FLAT_FLAKE-20-01160
PET_FLAT_FLAKE,PET,flat flakes,8.0,3.0,0.33,0.2,0.0,True,0.9759618181818183,0.0,0.004893333333333333,0.002472121212121212,2.098042998895361,False,PASS,PET_FLAT_FLAKE-21-01161
PET_FLAT_FLAKE,PET,flat flakes,8.0,3.0,0.33,0.2,0.5,True,0.9759618181818183,0.0,0.004893333333333333,0.002472121212121212,2.098042998895361,False,PASS,PET_FLAT_FLAKE-21-01162
PET_FLAT_FLAKE,PET,flat flakes,8.0,3.0,0.33,0.2,1.0,True,0.9759618181818183,0.0,0.004893333333333333,0.002472121212121212,2.098042998895361,False,PASS,PET_FLAT_FLAKE-21-01163
PET_FLAT_FLAKE,PET,flat flakes,8.0,3.0,0.33,0.45,0.0,True,0.9684618181818182,0.0,0.00656,0.0033054545454545455,2.102675076755286,False,PASS,PET_FLAT_FLAKE-21-01164
PET_FLAT_FLAKE,PET,flat flakes,8.0,3.0,0.33,0.45,0.5,True,0.9684618181818182,0.0,0.00656,0.0033054545454545455,2.102675076755286,False,PASS,PET_FLAT_FLAKE-21-01165
PET_FLAT_FLAKE,PET,flat flakes,8.0,3.0,0.33,0.45,1.0,True,0.9684618181818182,0.0,0.00656,0.0033054545454545455,2.102675076755286,False,PASS,PET_FLAT_FLAKE-21-01166
PET_FLAT_FLAKE,PET,flat flakes,8.0,3.0,0.33,0.7,0.0,True,0.9609618181818183,0.0,0.008226666666666667,0.004138787878787879,2.1073276533573213,False,PASS,PET_FLAT_FLAKE-21-01167
PET_FLAT_FLAKE,PET,flat flakes,8.0,3.0,0.33,0.7,0.5,True,0.9609618181818183,0.0,0.008226666666666667,0.004138787878787879,2.1073276533573213,False,PASS,PET_FLAT_FLAKE-21-01168
PET_FLAT_FLAKE,PET,flat flakes,8.0,3.0,0.33,0.7,1.0,True,0.9609618181818183,0.0,0.008226666666666667,0.004138787878787879,2.1073276533573213,False,PASS,PET_FLAT_FLAKE-21-01169
PET_FLAT_FLAKE,PET,flat flakes,8.0,3.0,0.4,0.2,0.0,True,0.9728818181818182,0.0,0.005733333333333333,0.0026121212121212123,2.0999427670144044,False,PASS,PET_FLAT_FLAKE-21-01170
PET_FLAT_FLAKE,PET,flat flakes,8.0,3.0,0.4,0.2,0.5,True,0.9728818181818182,0.0,0.005733333333333333,0.0026121212121212123,2.0999427670144044,False,PASS,PET_FLAT_FLAKE-21-01171
PET_FLAT_FLAKE,PET,flat flakes,8.0,3.0,0.4,0.2,1.0,True,0.9728818181818182,0.0,0.005733333333333333,0.0026121212121212123,2.0999427670144044,False,PASS,PET_FLAT_FLAKE-21-01172
PET_FLAT_FLAKE,PET,flat flakes,8.0,3.0,0.4,0.45,0.0,True,0.9653818181818181,0.0,0.0074,0.003445454545454546,2.1045832465989935,False,PASS,PET_FLAT_FLAKE-21-01173
PET_FLAT_FLAKE,PET,flat flakes,8.0,3.0,0.4,0.45,0.5,True,0.9653818181818181,0.0,0.0074,0.003445454545454546,2.1045832465989935,False,PASS,PET_FLAT_FLAKE-21-01174
PET_FLAT_FLAKE,PET,flat flakes,8.0,3.0,0.4,0.45,1.0,True,0.9653818181818181,0.0,0.0074,0.003445454545454546,2.1045832465989935,False,PASS,PET_FLAT_FLAKE-21-01175
PET_FLAT_FLAKE,PET,flat flakes,8.0,3.0,0.4,0.7,0.0,True,0.9578818181818182,0.0,0.009066666666666667,0.004278787878787879,2.1092442807841327,False,PASS,PET_FLAT_FLAKE-21-01176
PET_FLAT_FLAKE,PET,flat flakes,8.0,3.0,0.4,0.7,0.5,True,0.9578818181818182,0.0,0.009066666666666667,0.004278787878787879,2.1092442807841327,False,PASS,PET_FLAT_FLAKE-21-01177
PET_FLAT_FLAKE,PET,flat flakes,8.0,3.0,0.4,0.7,1.0,True,0.9578818181818182,0.0,0.009066666666666667,0.004278787878787879,2.1092442807841327,False,PASS,PET_FLAT_FLAKE-21-01178
PET_FLAT_FLAKE,PET,flat flakes,8.0,3.0,0.48,0.2,0.0,True,0.9693618181818182,0.0,0.006693333333333332,0.002772121212121212,2.102118147754139,False,PASS,PET_FLAT_FLAKE-21-01179
PET_FLAT_FLAKE,PET,flat flakes,8.0,3.0,0.48,0.2,0.5,True,0.9693618181818182,0.0,0.006693333333333332,0.002772121212121212,2.102118147754139,False,PASS,PET_FLAT_FLAKE-21-01180
PET_FLAT_FLAKE,PET,flat flakes,8.0,3.0,0.48,0.2,1.0,True,0.9693618181818182,0.0,0.006693333333333332,0.002772121212121212,2.102118147754139,False,PASS,PET_FLAT_FLAKE-21-01181
PET_FLAT_FLAKE,PET,flat flakes,8.0,3.0,0.48,0.45,0.0,True,0.9618618181818182,0.0,0.00836,0.0036054545454545454,2.1067682573303275,False,PASS,PET_FLAT_FLAKE-21-01182
PET_FLAT_FLAKE,PET,flat flakes,8.0,3.0,0.48,0.45,0.5,True,0.9618618181818182,0.0,0.00836,0.0036054545454545454,2.1067682573303275,False,PASS,PET_FLAT_FLAKE-21-01183
PET_FLAT_FLAKE,PET,flat flakes,8.0,3.0,0.48,0.45,1.0,True,0.9618618181818182,0.0,0.00836,0.0036054545454545454,2.1067682573303275,False,PASS,PET_FLAT_FLAKE-21-01184
PET_FLAT_FLAKE,PET,flat flakes,8.0,3.0,0.48,0.7,0.0,True,0.9543618181818182,0.0,0.010026666666666666,0.004438787878787879,2.111438985594074,False,PASS,PET_FLAT_FLAKE-21-01185
PET_FLAT_FLAKE,PET,flat flakes,8.0,3.0,0.48,0.7,0.5,True,0.9543618181818182,0.0,0.010026666666666666,0.004438787878787879,2.111438985594074,False,PASS,PET_FLAT_FLAKE-21-01186
PET_FLAT_FLAKE,PET,flat flakes,8.0,3.0,0.48,0.7,1.0,True,0.9543618181818182,0.0,0.010026666666666666,0.004438787878787879,2.111438985594074,False,PASS,PET_FLAT_FLAKE-21-01187
PET_FLAT_FLAKE,PET,flat flakes,8.0,4.5,0.33,0.2,0.0,True,0.9745981818181819,0.0,0.004893333333333333,0.0028812121212121213,2.0988836762794776,False,PASS,PET_FLAT_FLAKE-22-01188
PET_FLAT_FLAKE,PET,flat flakes,8.0,4.5,0.33,0.2,0.5,True,0.9745981818181819,0.0,0.004893333333333333,0.0028812121212121213,2.0988836762794776,False,PASS,PET_FLAT_FLAKE-22-01189
PET_FLAT_FLAKE,PET,flat flakes,8.0,4.5,0.33,0.2,1.0,True,0.9745981818181819,0.0,0.004893333333333333,0.0028812121212121213,2.0988836762794776,False,PASS,PET_FLAT_FLAKE-22-01190
PET_FLAT_FLAKE,PET,flat flakes,8.0,4.5,0.33,0.45,0.0,True,0.9670981818181819,0.0,0.00656,0.0037145454545454547,2.1035194710941236,False,PASS,PET_FLAT_FLAKE-22-01191
PET_FLAT_FLAKE,PET,flat flakes,8.0,4.5,0.33,0.45,0.5,True,0.9670981818181819,0.0,0.00656,0.0037145454545454547,2.1035194710941236,False,PASS,PET_FLAT_FLAKE-22-01192
PET_FLAT_FLAKE,PET,flat flakes,8.0,4.5,0.33,0.45,1.0,True,0.9670981818181819,0.0,0.00656,0.0037145454545454547,2.1035194710941236,False,PASS,PET_FLAT_FLAKE-22-01193
PET_FLAT_FLAKE,PET,flat flakes,8.0,4.5,0.33,0.7,0.0,True,0.9595981818181819,0.0,0.008226666666666667,0.004547878787878787,2.1081757893565944,False,PASS,PET_FLAT_FLAKE-22-01194
PET_FLAT_FLAKE,PET,flat flakes,8.0,4.5,0.33,0.7,0.5,True,0.9595981818181819,0.0,0.008226666666666667,0.004547878787878787,2.1081757893565944,False,PASS,PET_FLAT_FLAKE-22-01195
PET_FLAT_FLAKE,PET,flat flakes,8.0,4.5,0.33,0.7,1.0,True,0.9595981818181819,0.0,0.008226666666666667,0.004547878787878787,2.1081757893565944,False,PASS,PET_FLAT_FLAKE-22-01196
PET_FLAT_FLAKE,PET,flat flakes,8.0,4.5,0.4,0.2,0.0,True,0.9715181818181818,0.0,0.005733333333333333,0.0030212121212121216,2.10078496785226,False,PASS,PET_FLAT_FLAKE-22-01197
PET_FLAT_FLAKE,PET,flat flakes,8.0,4.5,0.4,0.2,0.5,True,0.9715181818181818,0.0,0.005733333333333333,0.0030212121212121216,2.10078496785226,False,PASS,PET_FLAT_FLAKE-22-01198
PET_FLAT_FLAKE,PET,flat flakes,8.0,4.5,0.4,0.2,1.0,True,0.9715181818181818,0.0,0.005733333333333333,0.0030212121212121216,2.10078496785226,False,PASS,PET_FLAT_FLAKE-22-01199
PET_FLAT_FLAKE,PET,flat flakes,8.0,4.5,0.4,0.45,0.0,True,0.9640181818181818,0.0,0.0074,0.003854545454545455,2.105429174510985,False,PASS,PET_FLAT_FLAKE-22-01200
PET_FLAT_FLAKE,PET,flat flakes,8.0,4.5,0.4,0.45,0.5,True,0.9640181818181818,0.0,0.0074,0.003854545454545455,2.105429174510985,False,PASS,PET_FLAT_FLAKE-22-01201
PET_FLAT_FLAKE,PET,flat flakes,8.0,4.5,0.4,0.45,1.0,True,0.9640181818181818,0.0,0.0074,0.003854545454545455,2.105429174510985,False,PASS,PET_FLAT_FLAKE-22-01202
PET_FLAT_FLAKE,PET,flat flakes,8.0,4.5,0.4,0.7,0.0,True,0.9565181818181818,0.0,0.009066666666666667,0.004687878787878788,2.1100939605657962,False,PASS,PET_FLAT_FLAKE-22-01203
PET_FLAT_FLAKE,PET,flat flakes,8.0,4.5,0.4,0.7,0.5,True,0.9565181818181818,0.0,0.009066666666666667,0.004687878787878788,2.1100939605657962,False,PASS,PET_FLAT_FLAKE-22-01204
PET_FLAT_FLAKE,PET,flat flakes,8.0,4.5,0.4,0.7,1.0,True,0.9565181818181818,0.0,0.009066666666666667,0.004687878787878788,2.1100939605657962,False,PASS,PET_FLAT_FLAKE-22-01205
PET_FLAT_FLAKE,PET,flat flakes,8.0,4.5,0.48,0.2,0.0,True,0.9679981818181819,0.0,0.006693333333333332,0.003181212121212121,2.102962094758248,False,PASS,PET_FLAT_FLAKE-22-01206
PET_FLAT_FLAKE,PET,flat flakes,8.0,4.5,0.48,0.2,0.5,True,0.9679981818181819,0.0,0.006693333333333332,0.003181212121212121,2.102962094758248,False,PASS,PET_FLAT_FLAKE-22-01207
PET_FLAT_FLAKE,PET,flat flakes,8.0,4.5,0.48,0.2,1.0,True,0.9679981818181819,0.0,0.006693333333333332,0.003181212121212121,2.102962094758248,False,PASS,PET_FLAT_FLAKE-22-01208
PET_FLAT_FLAKE,PET,flat flakes,8.0,4.5,0.48,0.45,0.0,True,0.9604981818181818,0.0,0.00836,0.004014545454545455,2.1076159430186485,False,PASS,PET_FLAT_FLAKE-22-01209
PET_FLAT_FLAKE,PET,flat flakes,8.0,4.5,0.48,0.45,0.5,True,0.9604981818181818,0.0,0.00836,0.004014545454545455,2.1076159430186485,False,PASS,PET_FLAT_FLAKE-22-01210
PET_FLAT_FLAKE,PET,flat flakes,8.0,4.5,0.48,0.45,1.0,True,0.9604981818181818,0.0,0.00836,0.004014545454545455,2.1076159430186485,False,PASS,PET_FLAT_FLAKE-22-01211
PET_FLAT_FLAKE,PET,flat flakes,8.0,4.5,0.48,0.7,0.0,True,0.9529981818181819,0.0,0.010026666666666666,0.004847878787878787,2.112290434865297,False,PASS,PET_FLAT_FLAKE-22-01212
PET_FLAT_FLAKE,PET,flat flakes,8.0,4.5,0.48,0.7,0.5,True,0.9529981818181819,0.0,0.010026666666666666,0.004847878787878787,2.112290434865297,False,PASS,PET_FLAT_FLAKE-22-01213
PET_FLAT_FLAKE,PET,flat flakes,8.0,4.5,0.48,0.7,1.0,True,0.9529981818181819,0.0,0.010026666666666666,0.004847878787878787,2.112290434865297,False,PASS,PET_FLAT_FLAKE-22-01214
PET_FOLDED_FLAKE,PET,folded flakes,3.0,3.0,0.35,0.2,0.0,False,0.9750818181818182,0.0,0.0051333333333333335,0.002512121212121212,1.1154347163439375,False,PASS,PET_FOLDED_FLAKE-00-01215
PET_FOLDED_FLAKE,PET,folded flakes,3.0,3.0,0.35,0.2,0.5,False,0.9750818181818182,0.0,0.0051333333333333335,0.002512121212121212,1.1154347163439375,False,PASS,PET_FOLDED_FLAKE-00-01216
PET_FOLDED_FLAKE,PET,folded flakes,3.0,3.0,0.35,0.2,1.0,False,0.9750818181818182,0.0,0.0051333333333333335,0.002512121212121212,1.1154347163439375,False,PASS,PET_FOLDED_FLAKE-00-01217
PET_FOLDED_FLAKE,PET,folded flakes,3.0,3.0,0.35,0.45,0.0,False,0.9675818181818181,0.0,0.0068000000000000005,0.0033454545454545456,1.1167426525440007,False,PASS,PET_FOLDED_FLAKE-00-01218
PET_FOLDED_FLAKE,PET,folded flakes,3.0,3.0,0.35,0.45,0.5,False,0.9675818181818181,0.0,0.0068000000000000005,0.0033454545454545456,1.1167426525440007,False,PASS,PET_FOLDED_FLAKE-00-01219
PET_FOLDED_FLAKE,PET,folded flakes,3.0,3.0,0.35,0.45,1.0,False,0.9675818181818181,0.0,0.0068000000000000005,0.0033454545454545456,1.1167426525440007,False,PASS,PET_FOLDED_FLAKE-00-01220
PET_FOLDED_FLAKE,PET,folded flakes,3.0,3.0,0.35,0.7,0.0,False,0.9600818181818181,0.0,0.008466666666666666,0.004178787878787879,1.1180536596640593,False,PASS,PET_FOLDED_FLAKE-00-01221
PET_FOLDED_FLAKE,PET,folded flakes,3.0,3.0,0.35,0.7,0.5,False,0.9600818181818181,0.0,0.008466666666666666,0.004178787878787879,1.1180536596640593,False,PASS,PET_FOLDED_FLAKE-00-01222
PET_FOLDED_FLAKE,PET,folded flakes,3.0,3.0,0.35,0.7,1.0,False,0.9600818181818181,0.0,0.008466666666666666,0.004178787878787879,1.1180536596640593,False,PASS,PET_FOLDED_FLAKE-00-01223
PET_FOLDED_FLAKE,PET,folded flakes,3.0,3.0,0.43,0.2,0.0,False,0.9715618181818182,0.0,0.0060933333333333325,0.002672121212121212,1.1160481926654693,False,PASS,PET_FOLDED_FLAKE-00-01224
PET_FOLDED_FLAKE,PET,folded flakes,3.0,3.0,0.43,0.2,0.5,False,0.9715618181818182,0.0,0.0060933333333333325,0.002672121212121212,1.1160481926654693,False,PASS,PET_FOLDED_FLAKE-00-01225
PET_FOLDED_FLAKE,PET,folded flakes,3.0,3.0,0.43,0.2,1.0,False,0.9715618181818182,0.0,0.0060933333333333325,0.002672121212121212,1.1160481926654693,False,PASS,PET_FOLDED_FLAKE-00-01226
PET_FOLDED_FLAKE,PET,folded flakes,3.0,3.0,0.43,0.45,0.0,False,0.9640618181818181,0.0,0.0077599999999999995,0.0035054545454545455,1.117357568805457,False,PASS,PET_FOLDED_FLAKE-00-01227
PET_FOLDED_FLAKE,PET,folded flakes,3.0,3.0,0.43,0.45,0.5,False,0.9640618181818181,0.0,0.0077599999999999995,0.0035054545454545455,1.117357568805457,False,PASS,PET_FOLDED_FLAKE-00-01228
PET_FOLDED_FLAKE,PET,folded flakes,3.0,3.0,0.43,0.45,1.0,False,0.9640618181818181,0.0,0.0077599999999999995,0.0035054545454545455,1.117357568805457,False,PASS,PET_FOLDED_FLAKE-00-01229
PET_FOLDED_FLAKE,PET,folded flakes,3.0,3.0,0.43,0.7,0.0,False,0.9565618181818182,0.0,0.009426666666666667,0.0043387878787878795,1.118670020941096,False,PASS,PET_FOLDED_FLAKE-00-01230
PET_FOLDED_FLAKE,PET,folded flakes,3.0,3.0,0.43,0.7,0.5,False,0.9565618181818182,0.0,0.009426666666666667,0.0043387878787878795,1.118670020941096,False,PASS,PET_FOLDED_FLAKE-00-01231
PET_FOLDED_FLAKE,PET,folded flakes,3.0,3.0,0.43,0.7,1.0,False,0.9565618181818182,0.0,0.009426666666666667,0.0043387878787878795,1.118670020941096,False,PASS,PET_FOLDED_FLAKE-00-01232
PET_FOLDED_FLAKE,PET,folded flakes,3.0,3.0,0.52,0.2,0.0,False,0.9676018181818182,0.0,0.007173333333333334,0.002852121212121212,1.1167391606352939,False,PASS,PET_FOLDED_FLAKE-00-01233
PET_FOLDED_FLAKE,PET,folded flakes,3.0,3.0,0.52,0.2,0.5,False,0.9676018181818182,0.0,0.007173333333333334,0.002852121212121212,1.1167391606352939,False,PASS,PET_FOLDED_FLAKE-00-01234
PET_FOLDED_FLAKE,PET,folded flakes,3.0,3.0,0.52,0.2,1.0,False,0.9676018181818182,0.0,0.007173333333333334,0.002852121212121212,1.1167391606352939,False,PASS,PET_FOLDED_FLAKE-00-01235
PET_FOLDED_FLAKE,PET,folded flakes,3.0,3.0,0.52,0.45,0.0,False,0.9601018181818182,0.0,0.00884,0.0036854545454545456,1.1180501595518562,False,PASS,PET_FOLDED_FLAKE-00-01236
PET_FOLDED_FLAKE,PET,folded flakes,3.0,3.0,0.52,0.45,0.5,False,0.9601018181818182,0.0,0.00884,0.0036854545454545456,1.1180501595518562,False,PASS,PET_FOLDED_FLAKE-00-01237
PET_FOLDED_FLAKE,PET,folded flakes,3.0,3.0,0.52,0.45,1.0,False,0.9601018181818182,0.0,0.00884,0.0036854545454545456,1.1180501595518562,False,PASS,PET_FOLDED_FLAKE-00-01238
PET_FOLDED_FLAKE,PET,folded flakes,3.0,3.0,0.52,0.7,0.0,False,0.9526018181818182,0.0,0.010506666666666668,0.004518787878787879,1.1193642401875614,False,PASS,PET_FOLDED_FLAKE-00-01239
PET_FOLDED_FLAKE,PET,folded flakes,3.0,3.0,0.52,0.7,0.5,False,0.9526018181818182,0.0,0.010506666666666668,0.004518787878787879,1.1193642401875614,False,PASS,PET_FOLDED_FLAKE-00-01240
PET_FOLDED_FLAKE,PET,folded flakes,3.0,3.0,0.52,0.7,1.0,False,0.9526018181818182,0.0,0.010506666666666668,0.004518787878787879,1.1193642401875614,False,PASS,PET_FOLDED_FLAKE-00-01241
PET_FOLDED_FLAKE,PET,folded flakes,3.0,4.5,0.35,0.2,0.0,False,0.9737181818181818,0.0,0.0051333333333333335,0.0029212121212121214,1.115672294996737,False,PASS,PET_FOLDED_FLAKE-01-01242
PET_FOLDED_FLAKE,PET,folded flakes,3.0,4.5,0.35,0.2,0.5,False,0.9737181818181818,0.0,0.0051333333333333335,0.0029212121212121214,1.115672294996737,False,PASS,PET_FOLDED_FLAKE-01-01243
PET_FOLDED_FLAKE,PET,folded flakes,3.0,4.5,0.35,0.2,1.0,False,0.9737181818181818,0.0,0.0051333333333333335,0.0029212121212121214,1.115672294996737,False,PASS,PET_FOLDED_FLAKE-01-01244
PET_FOLDED_FLAKE,PET,folded flakes,3.0,4.5,0.35,0.45,0.0,False,0.9662181818181818,0.0,0.0068000000000000005,0.003754545454545455,1.1169807887427834,False,PASS,PET_FOLDED_FLAKE-01-01245
PET_FOLDED_FLAKE,PET,folded flakes,3.0,4.5,0.35,0.45,0.5,False,0.9662181818181818,0.0,0.0068000000000000005,0.003754545454545455,1.1169807887427834,False,PASS,PET_FOLDED_FLAKE-01-01246
PET_FOLDED_FLAKE,PET,folded flakes,3.0,4.5,0.35,0.45,1.0,False,0.9662181818181818,0.0,0.0068000000000000005,0.003754545454545455,1.1169807887427834,False,PASS,PET_FOLDED_FLAKE-01-01247
PET_FOLDED_FLAKE,PET,folded flakes,3.0,4.5,0.35,0.7,0.0,False,0.9587181818181818,0.0,0.008466666666666666,0.0045878787878787875,1.1182923553737913,False,PASS,PET_FOLDED_FLAKE-01-01248
PET_FOLDED_FLAKE,PET,folded flakes,3.0,4.5,0.35,0.7,0.5,False,0.9587181818181818,0.0,0.008466666666666666,0.0045878787878787875,1.1182923553737913,False,PASS,PET_FOLDED_FLAKE-01-01249
PET_FOLDED_FLAKE,PET,folded flakes,3.0,4.5,0.35,0.7,1.0,False,0.9587181818181818,0.0,0.008466666666666666,0.0045878787878787875,1.1182923553737913,False,PASS,PET_FOLDED_FLAKE-01-01250
PET_FOLDED_FLAKE,PET,folded flakes,3.0,4.5,0.43,0.2,0.0,False,0.9701981818181818,0.0,0.0060933333333333325,0.0030812121212121213,1.116286032749072,False,PASS,PET_FOLDED_FLAKE-01-01251
PET_FOLDED_FLAKE,PET,folded flakes,3.0,4.5,0.43,0.2,0.5,False,0.9701981818181818,0.0,0.0060933333333333325,0.0030812121212121213,1.116286032749072,False,PASS,PET_FOLDED_FLAKE-01-01252
PET_FOLDED_FLAKE,PET,folded flakes,3.0,4.5,0.43,0.2,1.0,False,0.9701981818181818,0.0,0.0060933333333333325,0.0030812121212121213,1.116286032749072,False,PASS,PET_FOLDED_FLAKE-01-01253
PET_FOLDED_FLAKE,PET,folded flakes,3.0,4.5,0.43,0.45,0.0,False,0.9626981818181818,0.0,0.0077599999999999995,0.003914545454545455,1.117595967356119,False,PASS,PET_FOLDED_FLAKE-01-01254
PET_FOLDED_FLAKE,PET,folded flakes,3.0,4.5,0.43,0.45,0.5,False,0.9626981818181818,0.0,0.0077599999999999995,0.003914545454545455,1.117595967356119,False,PASS,PET_FOLDED_FLAKE-01-01255
PET_FOLDED_FLAKE,PET,folded flakes,3.0,4.5,0.43,0.45,1.0,False,0.9626981818181818,0.0,0.0077599999999999995,0.003914545454545455,1.117595967356119,False,PASS,PET_FOLDED_FLAKE-01-01256
PET_FOLDED_FLAKE,PET,folded flakes,3.0,4.5,0.43,0.7,0.0,False,0.9551981818181818,0.0,0.009426666666666667,0.004747878787878788,1.1189089799281156,False,PASS,PET_FOLDED_FLAKE-01-01257
PET_FOLDED_FLAKE,PET,folded flakes,3.0,4.5,0.43,0.7,0.5,False,0.9551981818181818,0.0,0.009426666666666667,0.004747878787878788,1.1189089799281156,False,PASS,PET_FOLDED_FLAKE-01-01258
PET_FOLDED_FLAKE,PET,folded flakes,3.0,4.5,0.43,0.7,1.0,False,0.9551981818181818,0.0,0.009426666666666667,0.004747878787878788,1.1189089799281156,False,PASS,PET_FOLDED_FLAKE-01-01259
PET_FOLDED_FLAKE,PET,folded flakes,3.0,4.5,0.52,0.2,0.0,False,0.9662381818181819,0.0,0.007173333333333334,0.0032612121212121214,1.1169772953446782,False,PASS,PET_FOLDED_FLAKE-01-01260
PET_FOLDED_FLAKE,PET,folded flakes,3.0,4.5,0.52,0.2,0.5,False,0.9662381818181819,0.0,0.007173333333333334,0.0032612121212121214,1.1169772953446782,False,PASS,PET_FOLDED_FLAKE-01-01261
PET_FOLDED_FLAKE,PET,folded flakes,3.0,4.5,0.52,0.2,1.0,False,0.9662381818181819,0.0,0.007173333333333334,0.0032612121212121214,1.1169772953446782,False,PASS,PET_FOLDED_FLAKE-01-01262
PET_FOLDED_FLAKE,PET,folded flakes,3.0,4.5,0.52,0.45,0.0,False,0.9587381818181818,0.0,0.00884,0.004094545454545455,1.1182888537669375,False,PASS,PET_FOLDED_FLAKE-01-01263
PET_FOLDED_FLAKE,PET,folded flakes,3.0,4.5,0.52,0.45,0.5,False,0.9587381818181818,0.0,0.00884,0.004094545454545455,1.1182888537669375,False,PASS,PET_FOLDED_FLAKE-01-01264
PET_FOLDED_FLAKE,PET,folded flakes,3.0,4.5,0.52,0.45,1.0,False,0.9587381818181818,0.0,0.00884,0.004094545454545455,1.1182888537669375,False,PASS,PET_FOLDED_FLAKE-01-01265
PET_FOLDED_FLAKE,PET,folded flakes,3.0,4.5,0.52,0.7,0.0,False,0.9512381818181819,0.0,0.010506666666666668,0.0049278787878787875,1.1196034958825258,False,PASS,PET_FOLDED_FLAKE-01-01266
PET_FOLDED_FLAKE,PET,folded flakes,3.0,4.5,0.52,0.7,0.5,False,0.9512381818181819,0.0,0.010506666666666668,0.0049278787878787875,1.1196034958825258,False,PASS,PET_FOLDED_FLAKE-01-01267
PET_FOLDED_FLAKE,PET,folded flakes,3.0,4.5,0.52,0.7,1.0,False,0.9512381818181819,0.0,0.010506666666666668,0.0049278787878787875,1.1196034958825258,False,PASS,PET_FOLDED_FLAKE-01-01268
PET_FOLDED_FLAKE,PET,folded flakes,3.0,6.5,0.35,0.2,0.0,False,0.9719,0.002625,0.0051333333333333335,0.0034666666666666665,1.1184794048794782,False,PASS,PET_FOLDED_FLAKE-02-01269
PET_FOLDED_FLAKE,PET,folded flakes,3.0,6.5,0.35,0.2,0.5,False,0.9719,0.004125,0.0051333333333333335,0.0034666666666666665,1.1199073612630763,False,PASS,PET_FOLDED_FLAKE-02-01270
PET_FOLDED_FLAKE,PET,folded flakes,3.0,6.5,0.35,0.2,1.0,False,0.9719,0.005625000000000001,0.0051333333333333335,0.0034666666666666665,1.1213389684354294,False,PASS,PET_FOLDED_FLAKE-02-01271
PET_FOLDED_FLAKE,PET,folded flakes,3.0,6.5,0.35,0.45,0.0,False,0.9643999999999999,0.0032500000000000003,0.0068000000000000005,0.0043,1.1203904336583212,False,PASS,PET_FOLDED_FLAKE-02-01272
PET_FOLDED_FLAKE,PET,folded flakes,3.0,6.5,0.35,0.45,0.5,False,0.9643999999999999,0.004750000000000001,0.0068000000000000005,0.0043,1.1218232769355378,False,PASS,PET_FOLDED_FLAKE-02-01273
PET_FOLDED_FLAKE,PET,folded flakes,3.0,6.5,0.35,0.45,1.0,False,0.9643999999999999,0.00625,0.0068000000000000005,0.0043,1.1232597897706977,False,PASS,PET_FOLDED_FLAKE-02-01274
PET_FOLDED_FLAKE,PET,folded flakes,3.0,6.5,0.35,0.7,0.0,False,0.9569,0.003875,0.008466666666666666,0.0051333333333333335,1.1223080039639919,False,PASS,PET_FOLDED_FLAKE-02-01275
PET_FOLDED_FLAKE,PET,folded flakes,3.0,6.5,0.35,0.7,0.5,False,0.9569,0.005375,0.008466666666666666,0.0051333333333333335,1.1237457592644409,False,PASS,PET_FOLDED_FLAKE-02-01276
PET_FOLDED_FLAKE,PET,folded flakes,3.0,6.5,0.35,0.7,1.0,False,0.9569,0.006875000000000001,0.008466666666666666,0.0051333333333333335,1.1251872030209025,False,PASS,PET_FOLDED_FLAKE-02-01277
PET_FOLDED_FLAKE,PET,folded flakes,3.0,6.5,0.43,0.2,0.0,False,0.96838,0.002625,0.0060933333333333325,0.0036266666666666665,1.1190962357855192,False,PASS,PET_FOLDED_FLAKE-02-01278
PET_FOLDED_FLAKE,PET,folded flakes,3.0,6.5,0.43,0.2,0.5,False,0.96838,0.004125,0.0060933333333333325,0.0036266666666666665,1.1205257686190484,False,PASS,PET_FOLDED_FLAKE-02-01279
PET_FOLDED_FLAKE,PET,folded flakes,3.0,6.5,0.43,0.2,1.0,False,0.96838,0.005625000000000001,0.0060933333333333325,0.0036266666666666665,1.121958958292522,False,PASS,PET_FOLDED_FLAKE-02-01280
PET_FOLDED_FLAKE,PET,folded flakes,3.0,6.5,0.43,0.45,0.0,False,0.96088,0.0032500000000000003,0.0077599999999999995,0.00446,1.1210093747771992,False,PASS,PET_FOLDED_FLAKE-02-01281
PET_FOLDED_FLAKE,PET,folded flakes,3.0,6.5,0.43,0.45,0.5,False,0.96088,0.004750000000000001,0.0077599999999999995,0.00446,1.122443802606135,False,PASS,PET_FOLDED_FLAKE-02-01282
PET_FOLDED_FLAKE,PET,folded flakes,3.0,6.5,0.43,0.45,1.0,False,0.96088,0.00625,0.0077599999999999995,0.00446,1.1238819060857306,False,PASS,PET_FOLDED_FLAKE-02-01283
PET_FOLDED_FLAKE,PET,folded flakes,3.0,6.5,0.43,0.7,0.0,False,0.95338,0.003875,0.009426666666666667,0.005293333333333334,1.1229290661429923,False,PASS,PET_FOLDED_FLAKE-02-01284
PET_FOLDED_FLAKE,PET,folded flakes,3.0,6.5,0.43,0.7,0.5,False,0.95338,0.005375,0.009426666666666667,0.005293333333333334,1.1243684141525603,False,PASS,PET_FOLDED_FLAKE-02-01285
PET_FOLDED_FLAKE,PET,folded flakes,3.0,6.5,0.43,0.7,1.0,False,0.95338,0.006875000000000001,0.009426666666666667,0.005293333333333334,1.1258114567527409,False,PASS,PET_FOLDED_FLAKE-02-01286
PET_FOLDED_FLAKE,PET,folded flakes,3.0,6.5,0.52,0.2,0.0,False,0.96442,0.002625,0.007173333333333334,0.0038066666666666665,1.1197909842940357,False,PASS,PET_FOLDED_FLAKE-02-01287
PET_FOLDED_FLAKE,PET,folded flakes,3.0,6.5,0.52,0.2,0.5,False,0.96442,0.004125,0.007173333333333334,0.0038066666666666665,1.1212222937562046,False,PASS,PET_FOLDED_FLAKE-02-01288
PET_FOLDED_FLAKE,PET,folded flakes,3.0,6.5,0.52,0.2,1.0,False,0.96442,0.005625000000000001,0.007173333333333334,0.0038066666666666665,1.1226572668819026,False,PASS,PET_FOLDED_FLAKE-02-01289
PET_FOLDED_FLAKE,PET,folded flakes,3.0,6.5,0.52,0.45,0.0,False,0.95692,0.0032500000000000003,0.00884,0.00464,1.1217065014557506,False,PASS,PET_FOLDED_FLAKE-02-01290
PET_FOLDED_FLAKE,PET,folded flakes,3.0,6.5,0.52,0.45,0.5,False,0.95692,0.004750000000000001,0.00884,0.00464,1.1231427150492588,False,PASS,PET_FOLDED_FLAKE-02-01291
PET_FOLDED_FLAKE,PET,folded flakes,3.0,6.5,0.52,0.45,1.0,False,0.95692,0.00625,0.00884,0.00464,1.1245826111638666,False,PASS,PET_FOLDED_FLAKE-02-01292
PET_FOLDED_FLAKE,PET,folded flakes,3.0,6.5,0.52,0.7,0.0,False,0.94942,0.003875,0.010506666666666668,0.0054733333333333335,1.1236285832234612,False,PASS,PET_FOLDED_FLAKE-02-01293
PET_FOLDED_FLAKE,PET,folded flakes,3.0,6.5,0.52,0.7,0.5,False,0.94942,0.005375,0.010506666666666668,0.0054733333333333335,1.125069726196281,False,PASS,PET_FOLDED_FLAKE-02-01294
PET_FOLDED_FLAKE,PET,folded flakes,3.0,6.5,0.52,0.7,1.0,False,0.94942,0.006875000000000001,0.010506666666666668,0.0054733333333333335,1.1265145706774113,False,PASS,PET_FOLDED_FLAKE-02-01295
PET_FOLDED_FLAKE,PET,folded flakes,5.5,3.0,0.35,0.2,0.0,True,0.9750818181818182,0.0,0.0051333333333333335,0.002512121212121212,2.098585438945854,False,PASS,PET_FOLDED_FLAKE-10-01296
PET_FOLDED_FLAKE,PET,folded flakes,5.5,3.0,0.35,0.2,0.5,True,0.9750818181818182,0.0,0.0051333333333333335,0.002512121212121212,2.098585438945854,False,PASS,PET_FOLDED_FLAKE-10-01297
PET_FOLDED_FLAKE,PET,folded flakes,5.5,3.0,0.35,0.2,1.0,True,0.9750818181818182,0.0,0.0051333333333333335,0.002512121212121212,2.098585438945854,False,PASS,PET_FOLDED_FLAKE-10-01298
PET_FOLDED_FLAKE,PET,folded flakes,5.5,3.0,0.35,0.45,0.0,True,0.9675818181818181,0.0,0.0068000000000000005,0.0033454545454545456,2.1032199149687307,False,PASS,PET_FOLDED_FLAKE-10-01299
PET_FOLDED_FLAKE,PET,folded flakes,5.5,3.0,0.35,0.45,0.5,True,0.9675818181818181,0.0,0.0068000000000000005,0.0033454545454545456,2.1032199149687307,False,PASS,PET_FOLDED_FLAKE-10-01300
PET_FOLDED_FLAKE,PET,folded flakes,5.5,3.0,0.35,0.45,1.0,True,0.9675818181818181,0.0,0.0068000000000000005,0.0033454545454545456,2.1032199149687307,False,PASS,PET_FOLDED_FLAKE-10-01301
PET_FOLDED_FLAKE,PET,folded flakes,5.5,3.0,0.35,0.7,0.0,True,0.9600818181818181,0.0,0.008466666666666666,0.004178787878787879,2.1078749056725976,False,PASS,PET_FOLDED_FLAKE-10-01302
PET_FOLDED_FLAKE,PET,folded flakes,5.5,3.0,0.35,0.7,0.5,True,0.9600818181818181,0.0,0.008466666666666666,0.004178787878787879,2.1078749056725976,False,PASS,PET_FOLDED_FLAKE-10-01303
PET_FOLDED_FLAKE,PET,folded flakes,5.5,3.0,0.35,0.7,1.0,True,0.9600818181818181,0.0,0.008466666666666666,0.004178787878787879,2.1078749056725976,False,PASS,PET_FOLDED_FLAKE-10-01304
PET_FOLDED_FLAKE,PET,folded flakes,5.5,3.0,0.43,0.2,0.0,True,0.9715618181818182,0.0,0.0060933333333333325,0.002672121212121212,2.1007580069627525,False,PASS,PET_FOLDED_FLAKE-10-01305
PET_FOLDED_FLAKE,PET,folded flakes,5.5,3.0,0.43,0.2,0.5,True,0.9715618181818182,0.0,0.0060933333333333325,0.002672121212121212,2.1007580069627525,False,PASS,PET_FOLDED_FLAKE-10-01306
PET_FOLDED_FLAKE,PET,folded flakes,5.5,3.0,0.43,0.2,1.0,True,0.9715618181818182,0.0,0.0060933333333333325,0.002672121212121212,2.1007580069627525,False,PASS,PET_FOLDED_FLAKE-10-01307
PET_FOLDED_FLAKE,PET,folded flakes,5.5,3.0,0.43,0.45,0.0,True,0.9640618181818181,0.0,0.0077599999999999995,0.0035054545454545455,2.105402094285571,False,PASS,PET_FOLDED_FLAKE-10-01308
PET_FOLDED_FLAKE,PET,folded flakes,5.5,3.0,0.43,0.45,0.5,True,0.9640618181818181,0.0,0.0077599999999999995,0.0035054545454545455,2.105402094285571,False,PASS,PET_FOLDED_FLAKE-10-01309
PET_FOLDED_FLAKE,PET,folded flakes,5.5,3.0,0.43,0.45,1.0,True,0.9640618181818181,0.0,0.0077599999999999995,0.0035054545454545455,2.105402094285571,False,PASS,PET_FOLDED_FLAKE-10-01310
PET_FOLDED_FLAKE,PET,folded flakes,5.5,3.0,0.43,0.7,0.0,True,0.9565618181818182,0.0,0.009426666666666667,0.0043387878787878795,2.110066760210402,False,PASS,PET_FOLDED_FLAKE-10-01311
PET_FOLDED_FLAKE,PET,folded flakes,5.5,3.0,0.43,0.7,0.5,True,0.9565618181818182,0.0,0.009426666666666667,0.0043387878787878795,2.110066760210402,False,PASS,PET_FOLDED_FLAKE-10-01312
PET_FOLDED_FLAKE,PET,folded flakes,5.5,3.0,0.43,0.7,1.0,True,0.9565618181818182,0.0,0.009426666666666667,0.0043387878787878795,2.110066760210402,False,PASS,PET_FOLDED_FLAKE-10-01313
PET_FOLDED_FLAKE,PET,folded flakes,5.5,3.0,0.52,0.2,0.0,True,0.9676018181818182,0.0,0.007173333333333334,0.002852121212121212,2.1032075291464407,False,PASS,PET_FOLDED_FLAKE-10-01314
PET_FOLDED_FLAKE,PET,folded flakes,5.5,3.0,0.52,0.2,0.5,True,0.9676018181818182,0.0,0.007173333333333334,0.002852121212121212,2.1032075291464407,False,PASS,PET_FOLDED_FLAKE-10-01315
PET_FOLDED_FLAKE,PET,folded flakes,5.5,3.0,0.52,0.2,1.0,True,0.9676018181818182,0.0,0.007173333333333334,0.002852121212121212,2.1032075291464407,False,PASS,PET_FOLDED_FLAKE-10-01316
PET_FOLDED_FLAKE,PET,folded flakes,5.5,3.0,0.52,0.45,0.0,True,0.9601018181818182,0.0,0.00884,0.0036854545454545456,2.107862464963493,False,PASS,PET_FOLDED_FLAKE-10-01317
PET_FOLDED_FLAKE,PET,folded flakes,5.5,3.0,0.52,0.45,0.5,True,0.9601018181818182,0.0,0.00884,0.0036854545454545456,2.107862464963493,False,PASS,PET_FOLDED_FLAKE-10-01318
PET_FOLDED_FLAKE,PET,folded flakes,5.5,3.0,0.52,0.45,1.0,True,0.9601018181818182,0.0,0.00884,0.0036854545454545456,2.107862464963493,False,PASS,PET_FOLDED_FLAKE-10-01319
PET_FOLDED_FLAKE,PET,folded flakes,5.5,3.0,0.52,0.7,0.0,True,0.9526018181818182,0.0,0.010506666666666668,0.004518787878787879,2.112538051611532,False,PASS,PET_FOLDED_FLAKE-10-01320
PET_FOLDED_FLAKE,PET,folded flakes,5.5,3.0,0.52,0.7,0.5,True,0.9526018181818182,0.0,0.010506666666666668,0.004518787878787879,2.112538051611532,False,PASS,PET_FOLDED_FLAKE-10-01321
PET_FOLDED_FLAKE,PET,folded flakes,5.5,3.0,0.52,0.7,1.0,True,0.9526018181818182,0.0,0.010506666666666668,0.004518787878787879,2.112538051611532,False,PASS,PET_FOLDED_FLAKE-10-01322
PET_FOLDED_FLAKE,PET,folded flakes,5.5,4.5,0.35,0.2,0.0,True,0.9737181818181818,0.0,0.0051333333333333335,0.0029212121212121214,2.0994265511803927,False,PASS,PET_FOLDED_FLAKE-11-01323
PET_FOLDED_FLAKE,PET,folded flakes,5.5,4.5,0.35,0.2,0.5,True,0.9737181818181818,0.0,0.0051333333333333335,0.0029212121212121214,2.0994265511803927,False,PASS,PET_FOLDED_FLAKE-11-01324
PET_FOLDED_FLAKE,PET,folded flakes,5.5,4.5,0.35,0.2,1.0,True,0.9737181818181818,0.0,0.0051333333333333335,0.0029212121212121214,2.0994265511803927,False,PASS,PET_FOLDED_FLAKE-11-01325
PET_FOLDED_FLAKE,PET,folded flakes,5.5,4.5,0.35,0.45,0.0,True,0.9662181818181818,0.0,0.0068000000000000005,0.003754545454545455,2.1040647470455105,False,PASS,PET_FOLDED_FLAKE-11-01326
PET_FOLDED_FLAKE,PET,folded flakes,5.5,4.5,0.35,0.45,0.5,True,0.9662181818181818,0.0,0.0068000000000000005,0.003754545454545455,2.1040647470455105,False,PASS,PET_FOLDED_FLAKE-11-01327
PET_FOLDED_FLAKE,PET,folded flakes,5.5,4.5,0.35,0.45,1.0,True,0.9662181818181818,0.0,0.0068000000000000005,0.003754545454545455,2.1040647470455105,False,PASS,PET_FOLDED_FLAKE-11-01328
PET_FOLDED_FLAKE,PET,folded flakes,5.5,4.5,0.35,0.7,0.0,True,0.9587181818181818,0.0,0.008466666666666666,0.0045878787878787875,2.1087234823229544,False,PASS,PET_FOLDED_FLAKE-11-01329
PET_FOLDED_FLAKE,PET,folded flakes,5.5,4.5,0.35,0.7,0.5,True,0.9587181818181818,0.0,0.008466666666666666,0.0045878787878787875,2.1087234823229544,False,PASS,PET_FOLDED_FLAKE-11-01330
PET_FOLDED_FLAKE,PET,folded flakes,5.5,4.5,0.35,0.7,1.0,True,0.9587181818181818,0.0,0.008466666666666666,0.0045878787878787875,2.1087234823229544,False,PASS,PET_FOLDED_FLAKE-11-01331
PET_FOLDED_FLAKE,PET,folded flakes,5.5,4.5,0.43,0.2,0.0,True,0.9701981818181818,0.0,0.0060933333333333325,0.0030812121212121213,2.101600861977325,False,PASS,PET_FOLDED_FLAKE-11-01332
PET_FOLDED_FLAKE,PET,folded flakes,5.5,4.5,0.43,0.2,0.5,True,0.9701981818181818,0.0,0.0060933333333333325,0.0030812121212121213,2.101600861977325,False,PASS,PET_FOLDED_FLAKE-11-01333
PET_FOLDED_FLAKE,PET,folded flakes,5.5,4.5,0.43,0.2,1.0,True,0.9701981818181818,0.0,0.0060933333333333325,0.0030812121212121213,2.101600861977325,False,PASS,PET_FOLDED_FLAKE-11-01334
PET_FOLDED_FLAKE,PET,folded flakes,5.5,4.5,0.43,0.45,0.0,True,0.9626981818181818,0.0,0.0077599999999999995,0.003914545454545455,2.106248680722417,False,PASS,PET_FOLDED_FLAKE-11-01335
PET_FOLDED_FLAKE,PET,folded flakes,5.5,4.5,0.43,0.45,0.5,True,0.9626981818181818,0.0,0.0077599999999999995,0.003914545454545455,2.106248680722417,False,PASS,PET_FOLDED_FLAKE-11-01336
PET_FOLDED_FLAKE,PET,folded flakes,5.5,4.5,0.43,0.45,1.0,True,0.9626981818181818,0.0,0.0077599999999999995,0.003914545454545455,2.106248680722417,False,PASS,PET_FOLDED_FLAKE-11-01337
PET_FOLDED_FLAKE,PET,folded flakes,5.5,4.5,0.43,0.7,0.0,True,0.9551981818181818,0.0,0.009426666666666667,0.004747878787878788,2.1109171029036777,False,PASS,PET_FOLDED_FLAKE-11-01338
PET_FOLDED_FLAKE,PET,folded flakes,5.5,4.5,0.43,0.7,0.5,True,0.9551981818181818,0.0,0.009426666666666667,0.004747878787878788,2.1109171029036777,False,PASS,PET_FOLDED_FLAKE-11-01339
PET_FOLDED_FLAKE,PET,folded flakes,5.5,4.5,0.43,0.7,1.0,True,0.9551981818181818,0.0,0.009426666666666667,0.004747878787878788,2.1109171029036777,False,PASS,PET_FOLDED_FLAKE-11-01340
PET_FOLDED_FLAKE,PET,folded flakes,5.5,4.5,0.52,0.2,0.0,True,0.9662381818181819,0.0,0.007173333333333334,0.0032612121212121214,2.1040523512708513,False,PASS,PET_FOLDED_FLAKE-11-01341
PET_FOLDED_FLAKE,PET,folded flakes,5.5,4.5,0.52,0.2,0.5,True,0.9662381818181819,0.0,0.007173333333333334,0.0032612121212121214,2.1040523512708513,False,PASS,PET_FOLDED_FLAKE-11-01342
PET_FOLDED_FLAKE,PET,folded flakes,5.5,4.5,0.52,0.2,1.0,True,0.9662381818181819,0.0,0.007173333333333334,0.0032612121212121214,2.1040523512708513,False,PASS,PET_FOLDED_FLAKE-11-01343
PET_FOLDED_FLAKE,PET,folded flakes,5.5,4.5,0.52,0.45,0.0,True,0.9587381818181818,0.0,0.00884,0.004094545454545455,2.108711031595239,False,PASS,PET_FOLDED_FLAKE-11-01344
PET_FOLDED_FLAKE,PET,folded flakes,5.5,4.5,0.52,0.45,0.5,True,0.9587381818181818,0.0,0.00884,0.004094545454545455,2.108711031595239,False,PASS,PET_FOLDED_FLAKE-11-01345
PET_FOLDED_FLAKE,PET,folded flakes,5.5,4.5,0.52,0.45,1.0,True,0.9587381818181818,0.0,0.00884,0.004094545454545455,2.108711031595239,False,PASS,PET_FOLDED_FLAKE-11-01346
PET_FOLDED_FLAKE,PET,folded flakes,5.5,4.5,0.52,0.7,0.0,True,0.9512381818181819,0.0,0.010506666666666668,0.0049278787878787875,2.1133903877010822,False,PASS,PET_FOLDED_FLAKE-11-01347
PET_FOLDED_FLAKE,PET,folded flakes,5.5,4.5,0.52,0.7,0.5,True,0.9512381818181819,0.0,0.010506666666666668,0.0049278787878787875,2.1133903877010822,False,PASS,PET_FOLDED_FLAKE-11-01348
PET_FOLDED_FLAKE,PET,folded flakes,5.5,4.5,0.52,0.7,1.0,True,0.9512381818181819,0.0,0.010506666666666668,0.0049278787878787875,2.1133903877010822,False,PASS,PET_FOLDED_FLAKE-11-01349
PET_FOLDED_FLAKE,PET,folded flakes,5.5,6.5,0.35,0.2,0.0,True,0.9719,0.002625,0.0051333333333333335,0.0034666666666666665,2.1044944636011897,False,PASS,PET_FOLDED_FLAKE-12-01350
PET_FOLDED_FLAKE,PET,folded flakes,5.5,6.5,0.35,0.2,0.5,True,0.9719,0.004125,0.0051333333333333335,0.0034666666666666665,2.1067556279343154,False,PASS,PET_FOLDED_FLAKE-12-01351
PET_FOLDED_FLAKE,PET,folded flakes,5.5,6.5,0.35,0.2,1.0,True,0.9719,0.005625000000000001,0.0051333333333333335,0.0034666666666666665,2.1090216564888795,False,PASS,PET_FOLDED_FLAKE-12-01352
PET_FOLDED_FLAKE,PET,folded flakes,5.5,6.5,0.35,0.45,0.0,True,0.9643999999999999,0.0032500000000000003,0.0068000000000000005,0.0043,2.1101008417192255,False,PASS,PET_FOLDED_FLAKE-12-01353
PET_FOLDED_FLAKE,PET,folded flakes,5.5,6.5,0.35,0.45,0.5,True,0.9643999999999999,0.004750000000000001,0.0068000000000000005,0.0043,2.1123740761003886,False,PASS,PET_FOLDED_FLAKE-12-01354
PET_FOLDED_FLAKE,PET,folded flakes,5.5,6.5,0.35,0.45,1.0,True,0.9643999999999999,0.00625,0.0068000000000000005,0.0043,2.11465221372367,False,PASS,PET_FOLDED_FLAKE-12-01355
PET_FOLDED_FLAKE,PET,folded flakes,5.5,6.5,0.35,0.7,0.0,True,0.9569,0.003875,0.008466666666666666,0.0051333333333333335,2.1157371704342656,False,PASS,PET_FOLDED_FLAKE-12-01356
PET_FOLDED_FLAKE,PET,folded flakes,5.5,6.5,0.35,0.7,0.5,True,0.9569,0.005375,0.008466666666666666,0.0051333333333333335,2.1180225717665473,False,PASS,PET_FOLDED_FLAKE-12-01357
PET_FOLDED_FLAKE,PET,folded flakes,5.5,6.5,0.35,0.7,1.0,True,0.9569,0.006875000000000001,0.008466666666666666,0.0051333333333333335,2.1203129157801106,False,PASS,PET_FOLDED_FLAKE-12-01358
PET_FOLDED_FLAKE,PET,folded flakes,5.5,6.5,0.43,0.2,0.0,True,0.96838,0.002625,0.0060933333333333325,0.0036266666666666665,2.1066792898889717,False,PASS,PET_FOLDED_FLAKE-12-01359
PET_FOLDED_FLAKE,PET,folded flakes,5.5,6.5,0.43,0.2,0.5,True,0.96838,0.004125,0.0060933333333333325,0.0036266666666666665,2.108945154139638,False,PASS,PET_FOLDED_FLAKE-12-01360
PET_FOLDED_FLAKE,PET,folded flakes,5.5,6.5,0.43,0.2,1.0,True,0.96838,0.005625000000000001,0.0060933333333333325,0.0036266666666666665,2.111215897793505,False,PASS,PET_FOLDED_FLAKE-12-01361
PET_FOLDED_FLAKE,PET,folded flakes,5.5,6.5,0.43,0.45,0.0,True,0.96088,0.0032500000000000003,0.0077599999999999995,0.00446,2.112297330351896,False,PASS,PET_FOLDED_FLAKE-12-01362
PET_FOLDED_FLAKE,PET,folded flakes,5.5,6.5,0.43,0.45,0.5,True,0.96088,0.004750000000000001,0.0077599999999999995,0.00446,2.1145753023525495,False,PASS,PET_FOLDED_FLAKE-12-01363
PET_FOLDED_FLAKE,PET,folded flakes,5.5,6.5,0.43,0.45,1.0,True,0.96088,0.00625,0.0077599999999999995,0.00446,2.1168581929397696,False,PASS,PET_FOLDED_FLAKE-12-01364
PET_FOLDED_FLAKE,PET,folded flakes,5.5,6.5,0.43,0.7,0.0,True,0.95338,0.003875,0.009426666666666667,0.005293333333333334,2.117945415039996,False,PASS,PET_FOLDED_FLAKE-12-01365
PET_FOLDED_FLAKE,PET,folded flakes,5.5,6.5,0.43,0.7,0.5,True,0.95338,0.005375,0.009426666666666667,0.005293333333333334,2.120235592098051,False,PASS,PET_FOLDED_FLAKE-12-01366
PET_FOLDED_FLAKE,PET,folded flakes,5.5,6.5,0.43,0.7,1.0,True,0.95338,0.006875000000000001,0.009426666666666667,0.005293333333333334,2.122530727346707,False,PASS,PET_FOLDED_FLAKE-12-01367
PET_FOLDED_FLAKE,PET,folded flakes,5.5,6.5,0.52,0.2,0.0,True,0.96442,0.002625,0.007173333333333334,0.0038066666666666665,2.1091426482774738,False,PASS,PET_FOLDED_FLAKE-12-01368
PET_FOLDED_FLAKE,PET,folded flakes,5.5,6.5,0.52,0.2,0.5,True,0.96442,0.004125,0.007173333333333334,0.0038066666666666665,2.111413817472076,False,PASS,PET_FOLDED_FLAKE-12-01369
PET_FOLDED_FLAKE,PET,folded flakes,5.5,6.5,0.52,0.2,1.0,True,0.96442,0.005625000000000001,0.007173333333333334,0.0038066666666666665,2.1136898832249744,False,PASS,PET_FOLDED_FLAKE-12-01370
PET_FOLDED_FLAKE,PET,folded flakes,5.5,6.5,0.52,0.45,0.0,True,0.95692,0.0032500000000000003,0.00884,0.00464,2.1147738524285424,False,PASS,PET_FOLDED_FLAKE-12-01371
PET_FOLDED_FLAKE,PET,folded flakes,5.5,6.5,0.52,0.45,0.5,True,0.95692,0.004750000000000001,0.00884,0.00464,2.1170571719757523,False,PASS,PET_FOLDED_FLAKE-12-01372
PET_FOLDED_FLAKE,PET,folded flakes,5.5,6.5,0.52,0.45,1.0,True,0.95692,0.00625,0.00884,0.00464,2.1193454274486596,False,PASS,PET_FOLDED_FLAKE-12-01373
PET_FOLDED_FLAKE,PET,folded flakes,5.5,6.5,0.52,0.7,0.0,True,0.94942,0.003875,0.010506666666666668,0.0054733333333333335,2.1204352066035437,False,PASS,PET_FOLDED_FLAKE-12-01374
PET_FOLDED_FLAKE,PET,folded flakes,5.5,6.5,0.52,0.7,0.5,True,0.94942,0.005375,0.010506666666666668,0.0054733333333333335,2.122730774268172,False,PASS,PET_FOLDED_FLAKE-12-01375
PET_FOLDED_FLAKE,PET,folded flakes,5.5,6.5,0.52,0.7,1.0,True,0.94942,0.006875000000000001,0.010506666666666668,0.0054733333333333335,2.1250313176490434,False,PASS,PET_FOLDED_FLAKE-12-01376
PET_FOLDED_FLAKE,PET,folded flakes,8.0,3.0,0.35,0.2,0.0,True,0.9750818181818182,0.0,0.0051333333333333335,0.002512121212121212,2.098585438945854,False,PASS,PET_FOLDED_FLAKE-20-01377
PET_FOLDED_FLAKE,PET,folded flakes,8.0,3.0,0.35,0.2,0.5,True,0.9750818181818182,0.0,0.0051333333333333335,0.002512121212121212,2.098585438945854,False,PASS,PET_FOLDED_FLAKE-20-01378
PET_FOLDED_FLAKE,PET,folded flakes,8.0,3.0,0.35,0.2,1.0,True,0.9750818181818182,0.0,0.0051333333333333335,0.002512121212121212,2.098585438945854,False,PASS,PET_FOLDED_FLAKE-20-01379
PET_FOLDED_FLAKE,PET,folded flakes,8.0,3.0,0.35,0.45,0.0,True,0.9675818181818181,0.0,0.0068000000000000005,0.0033454545454545456,2.1032199149687307,False,PASS,PET_FOLDED_FLAKE-20-01380
PET_FOLDED_FLAKE,PET,folded flakes,8.0,3.0,0.35,0.45,0.5,True,0.9675818181818181,0.0,0.0068000000000000005,0.0033454545454545456,2.1032199149687307,False,PASS,PET_FOLDED_FLAKE-20-01381
PET_FOLDED_FLAKE,PET,folded flakes,8.0,3.0,0.35,0.45,1.0,True,0.9675818181818181,0.0,0.0068000000000000005,0.0033454545454545456,2.1032199149687307,False,PASS,PET_FOLDED_FLAKE-20-01382
PET_FOLDED_FLAKE,PET,folded flakes,8.0,3.0,0.35,0.7,0.0,True,0.9600818181818181,0.0,0.008466666666666666,0.004178787878787879,2.1078749056725976,False,PASS,PET_FOLDED_FLAKE-20-01383
PET_FOLDED_FLAKE,PET,folded flakes,8.0,3.0,0.35,0.7,0.5,True,0.9600818181818181,0.0,0.008466666666666666,0.004178787878787879,2.1078749056725976,False,PASS,PET_FOLDED_FLAKE-20-01384
PET_FOLDED_FLAKE,PET,folded flakes,8.0,3.0,0.35,0.7,1.0,True,0.9600818181818181,0.0,0.008466666666666666,0.004178787878787879,2.1078749056725976,False,PASS,PET_FOLDED_FLAKE-20-01385
PET_FOLDED_FLAKE,PET,folded flakes,8.0,3.0,0.43,0.2,0.0,True,0.9715618181818182,0.0,0.0060933333333333325,0.002672121212121212,2.1007580069627525,False,PASS,PET_FOLDED_FLAKE-20-01386
PET_FOLDED_FLAKE,PET,folded flakes,8.0,3.0,0.43,0.2,0.5,True,0.9715618181818182,0.0,0.0060933333333333325,0.002672121212121212,2.1007580069627525,False,PASS,PET_FOLDED_FLAKE-20-01387
PET_FOLDED_FLAKE,PET,folded flakes,8.0,3.0,0.43,0.2,1.0,True,0.9715618181818182,0.0,0.0060933333333333325,0.002672121212121212,2.1007580069627525,False,PASS,PET_FOLDED_FLAKE-20-01388
PET_FOLDED_FLAKE,PET,folded flakes,8.0,3.0,0.43,0.45,0.0,True,0.9640618181818181,0.0,0.0077599999999999995,0.0035054545454545455,2.105402094285571,False,PASS,PET_FOLDED_FLAKE-20-01389
PET_FOLDED_FLAKE,PET,folded flakes,8.0,3.0,0.43,0.45,0.5,True,0.9640618181818181,0.0,0.0077599999999999995,0.0035054545454545455,2.105402094285571,False,PASS,PET_FOLDED_FLAKE-20-01390
PET_FOLDED_FLAKE,PET,folded flakes,8.0,3.0,0.43,0.45,1.0,True,0.9640618181818181,0.0,0.0077599999999999995,0.0035054545454545455,2.105402094285571,False,PASS,PET_FOLDED_FLAKE-20-01391
PET_FOLDED_FLAKE,PET,folded flakes,8.0,3.0,0.43,0.7,0.0,True,0.9565618181818182,0.0,0.009426666666666667,0.0043387878787878795,2.110066760210402,False,PASS,PET_FOLDED_FLAKE-20-01392
PET_FOLDED_FLAKE,PET,folded flakes,8.0,3.0,0.43,0.7,0.5,True,0.9565618181818182,0.0,0.009426666666666667,0.0043387878787878795,2.110066760210402,False,PASS,PET_FOLDED_FLAKE-20-01393
PET_FOLDED_FLAKE,PET,folded flakes,8.0,3.0,0.43,0.7,1.0,True,0.9565618181818182,0.0,0.009426666666666667,0.0043387878787878795,2.110066760210402,False,PASS,PET_FOLDED_FLAKE-20-01394
PET_FOLDED_FLAKE,PET,folded flakes,8.0,3.0,0.52,0.2,0.0,True,0.9676018181818182,0.0,0.007173333333333334,0.002852121212121212,2.1032075291464407,False,PASS,PET_FOLDED_FLAKE-20-01395
PET_FOLDED_FLAKE,PET,folded flakes,8.0,3.0,0.52,0.2,0.5,True,0.9676018181818182,0.0,0.007173333333333334,0.002852121212121212,2.1032075291464407,False,PASS,PET_FOLDED_FLAKE-20-01396
PET_FOLDED_FLAKE,PET,folded flakes,8.0,3.0,0.52,0.2,1.0,True,0.9676018181818182,0.0,0.007173333333333334,0.002852121212121212,2.1032075291464407,False,PASS,PET_FOLDED_FLAKE-20-01397
PET_FOLDED_FLAKE,PET,folded flakes,8.0,3.0,0.52,0.45,0.0,True,0.9601018181818182,0.0,0.00884,0.0036854545454545456,2.107862464963493,False,PASS,PET_FOLDED_FLAKE-20-01398
PET_FOLDED_FLAKE,PET,folded flakes,8.0,3.0,0.52,0.45,0.5,True,0.9601018181818182,0.0,0.00884,0.0036854545454545456,2.107862464963493,False,PASS,PET_FOLDED_FLAKE-20-01399
PET_FOLDED_FLAKE,PET,folded flakes,8.0,3.0,0.52,0.45,1.0,True,0.9601018181818182,0.0,0.00884,0.0036854545454545456,2.107862464963493,False,PASS,PET_FOLDED_FLAKE-20-01400
PET_FOLDED_FLAKE,PET,folded flakes,8.0,3.0,0.52,0.7,0.0,True,0.9526018181818182,0.0,0.010506666666666668,0.004518787878787879,2.112538051611532,False,PASS,PET_FOLDED_FLAKE-20-01401
PET_FOLDED_FLAKE,PET,folded flakes,8.0,3.0,0.52,0.7,0.5,True,0.9526018181818182,0.0,0.010506666666666668,0.004518787878787879,2.112538051611532,False,PASS,PET_FOLDED_FLAKE-20-01402
PET_FOLDED_FLAKE,PET,folded flakes,8.0,3.0,0.52,0.7,1.0,True,0.9526018181818182,0.0,0.010506666666666668,0.004518787878787879,2.112538051611532,False,PASS,PET_FOLDED_FLAKE-20-01403
PET_FOLDED_FLAKE,PET,folded flakes,8.0,4.5,0.35,0.2,0.0,True,0.9737181818181818,0.0,0.0051333333333333335,0.0029212121212121214,2.0994265511803927,False,PASS,PET_FOLDED_FLAKE-21-01404
PET_FOLDED_FLAKE,PET,folded flakes,8.0,4.5,0.35,0.2,0.5,True,0.9737181818181818,0.0,0.0051333333333333335,0.0029212121212121214,2.0994265511803927,False,PASS,PET_FOLDED_FLAKE-21-01405
PET_FOLDED_FLAKE,PET,folded flakes,8.0,4.5,0.35,0.2,1.0,True,0.9737181818181818,0.0,0.0051333333333333335,0.0029212121212121214,2.0994265511803927,False,PASS,PET_FOLDED_FLAKE-21-01406
PET_FOLDED_FLAKE,PET,folded flakes,8.0,4.5,0.35,0.45,0.0,True,0.9662181818181818,0.0,0.0068000000000000005,0.003754545454545455,2.1040647470455105,False,PASS,PET_FOLDED_FLAKE-21-01407
PET_FOLDED_FLAKE,PET,folded flakes,8.0,4.5,0.35,0.45,0.5,True,0.9662181818181818,0.0,0.0068000000000000005,0.003754545454545455,2.1040647470455105,False,PASS,PET_FOLDED_FLAKE-21-01408
PET_FOLDED_FLAKE,PET,folded flakes,8.0,4.5,0.35,0.45,1.0,True,0.9662181818181818,0.0,0.0068000000000000005,0.003754545454545455,2.1040647470455105,False,PASS,PET_FOLDED_FLAKE-21-01409
PET_FOLDED_FLAKE,PET,folded flakes,8.0,4.5,0.35,0.7,0.0,True,0.9587181818181818,0.0,0.008466666666666666,0.0045878787878787875,2.1087234823229544,False,PASS,PET_FOLDED_FLAKE-21-01410
PET_FOLDED_FLAKE,PET,folded flakes,8.0,4.5,0.35,0.7,0.5,True,0.9587181818181818,0.0,0.008466666666666666,0.0045878787878787875,2.1087234823229544,False,PASS,PET_FOLDED_FLAKE-21-01411
PET_FOLDED_FLAKE,PET,folded flakes,8.0,4.5,0.35,0.7,1.0,True,0.9587181818181818,0.0,0.008466666666666666,0.0045878787878787875,2.1087234823229544,False,PASS,PET_FOLDED_FLAKE-21-01412
PET_FOLDED_FLAKE,PET,folded flakes,8.0,4.5,0.43,0.2,0.0,True,0.9701981818181818,0.0,0.0060933333333333325,0.0030812121212121213,2.101600861977325,False,PASS,PET_FOLDED_FLAKE-21-01413
PET_FOLDED_FLAKE,PET,folded flakes,8.0,4.5,0.43,0.2,0.5,True,0.9701981818181818,0.0,0.0060933333333333325,0.0030812121212121213,2.101600861977325,False,PASS,PET_FOLDED_FLAKE-21-01414
PET_FOLDED_FLAKE,PET,folded flakes,8.0,4.5,0.43,0.2,1.0,True,0.9701981818181818,0.0,0.0060933333333333325,0.0030812121212121213,2.101600861977325,False,PASS,PET_FOLDED_FLAKE-21-01415
PET_FOLDED_FLAKE,PET,folded flakes,8.0,4.5,0.43,0.45,0.0,True,0.9626981818181818,0.0,0.0077599999999999995,0.003914545454545455,2.106248680722417,False,PASS,PET_FOLDED_FLAKE-21-01416
PET_FOLDED_FLAKE,PET,folded flakes,8.0,4.5,0.43,0.45,0.5,True,0.9626981818181818,0.0,0.0077599999999999995,0.003914545454545455,2.106248680722417,False,PASS,PET_FOLDED_FLAKE-21-01417
PET_FOLDED_FLAKE,PET,folded flakes,8.0,4.5,0.43,0.45,1.0,True,0.9626981818181818,0.0,0.0077599999999999995,0.003914545454545455,2.106248680722417,False,PASS,PET_FOLDED_FLAKE-21-01418
PET_FOLDED_FLAKE,PET,folded flakes,8.0,4.5,0.43,0.7,0.0,True,0.9551981818181818,0.0,0.009426666666666667,0.004747878787878788,2.1109171029036777,False,PASS,PET_FOLDED_FLAKE-21-01419
PET_FOLDED_FLAKE,PET,folded flakes,8.0,4.5,0.43,0.7,0.5,True,0.9551981818181818,0.0,0.009426666666666667,0.004747878787878788,2.1109171029036777,False,PASS,PET_FOLDED_FLAKE-21-01420
PET_FOLDED_FLAKE,PET,folded flakes,8.0,4.5,0.43,0.7,1.0,True,0.9551981818181818,0.0,0.009426666666666667,0.004747878787878788,2.1109171029036777,False,PASS,PET_FOLDED_FLAKE-21-01421
PET_FOLDED_FLAKE,PET,folded flakes,8.0,4.5,0.52,0.2,0.0,True,0.9662381818181819,0.0,0.007173333333333334,0.0032612121212121214,2.1040523512708513,False,PASS,PET_FOLDED_FLAKE-21-01422
PET_FOLDED_FLAKE,PET,folded flakes,8.0,4.5,0.52,0.2,0.5,True,0.9662381818181819,0.0,0.007173333333333334,0.0032612121212121214,2.1040523512708513,False,PASS,PET_FOLDED_FLAKE-21-01423
PET_FOLDED_FLAKE,PET,folded flakes,8.0,4.5,0.52,0.2,1.0,True,0.9662381818181819,0.0,0.007173333333333334,0.0032612121212121214,2.1040523512708513,False,PASS,PET_FOLDED_FLAKE-21-01424
PET_FOLDED_FLAKE,PET,folded flakes,8.0,4.5,0.52,0.45,0.0,True,0.9587381818181818,0.0,0.00884,0.004094545454545455,2.108711031595239,False,PASS,PET_FOLDED_FLAKE-21-01425
PET_FOLDED_FLAKE,PET,folded flakes,8.0,4.5,0.52,0.45,0.5,True,0.9587381818181818,0.0,0.00884,0.004094545454545455,2.108711031595239,False,PASS,PET_FOLDED_FLAKE-21-01426
PET_FOLDED_FLAKE,PET,folded flakes,8.0,4.5,0.52,0.45,1.0,True,0.9587381818181818,0.0,0.00884,0.004094545454545455,2.108711031595239,False,PASS,PET_FOLDED_FLAKE-21-01427
PET_FOLDED_FLAKE,PET,folded flakes,8.0,4.5,0.52,0.7,0.0,True,0.9512381818181819,0.0,0.010506666666666668,0.0049278787878787875,2.1133903877010822,False,PASS,PET_FOLDED_FLAKE-21-01428
PET_FOLDED_FLAKE,PET,folded flakes,8.0,4.5,0.52,0.7,0.5,True,0.9512381818181819,0.0,0.010506666666666668,0.0049278787878787875,2.1133903877010822,False,PASS,PET_FOLDED_FLAKE-21-01429
PET_FOLDED_FLAKE,PET,folded flakes,8.0,4.5,0.52,0.7,1.0,True,0.9512381818181819,0.0,0.010506666666666668,0.0049278787878787875,2.1133903877010822,False,PASS,PET_FOLDED_FLAKE-21-01430
PET_FOLDED_FLAKE,PET,folded flakes,8.0,6.5,0.35,0.2,0.0,True,0.9719,0.002625,0.0051333333333333335,0.0034666666666666665,2.1044944636011897,False,PASS,PET_FOLDED_FLAKE-22-01431
PET_FOLDED_FLAKE,PET,folded flakes,8.0,6.5,0.35,0.2,0.5,True,0.9719,0.004125,0.0051333333333333335,0.0034666666666666665,2.1067556279343154,False,PASS,PET_FOLDED_FLAKE-22-01432
PET_FOLDED_FLAKE,PET,folded flakes,8.0,6.5,0.35,0.2,1.0,True,0.9719,0.005625000000000001,0.0051333333333333335,0.0034666666666666665,2.1090216564888795,False,PASS,PET_FOLDED_FLAKE-22-01433
PET_FOLDED_FLAKE,PET,folded flakes,8.0,6.5,0.35,0.45,0.0,True,0.9643999999999999,0.0032500000000000003,0.0068000000000000005,0.0043,2.1101008417192255,False,PASS,PET_FOLDED_FLAKE-22-01434
PET_FOLDED_FLAKE,PET,folded flakes,8.0,6.5,0.35,0.45,0.5,True,0.9643999999999999,0.004750000000000001,0.0068000000000000005,0.0043,2.1123740761003886,False,PASS,PET_FOLDED_FLAKE-22-01435
PET_FOLDED_FLAKE,PET,folded flakes,8.0,6.5,0.35,0.45,1.0,True,0.9643999999999999,0.00625,0.0068000000000000005,0.0043,2.11465221372367,False,PASS,PET_FOLDED_FLAKE-22-01436
PET_FOLDED_FLAKE,PET,folded flakes,8.0,6.5,0.35,0.7,0.0,True,0.9569,0.003875,0.008466666666666666,0.0051333333333333335,2.1157371704342656,False,PASS,PET_FOLDED_FLAKE-22-01437
PET_FOLDED_FLAKE,PET,folded flakes,8.0,6.5,0.35,0.7,0.5,True,0.9569,0.005375,0.008466666666666666,0.0051333333333333335,2.1180225717665473,False,PASS,PET_FOLDED_FLAKE-22-01438
PET_FOLDED_FLAKE,PET,folded flakes,8.0,6.5,0.35,0.7,1.0,True,0.9569,0.006875000000000001,0.008466666666666666,0.0051333333333333335,2.1203129157801106,False,PASS,PET_FOLDED_FLAKE-22-01439
PET_FOLDED_FLAKE,PET,folded flakes,8.0,6.5,0.43,0.2,0.0,True,0.96838,0.002625,0.0060933333333333325,0.0036266666666666665,2.1066792898889717,False,PASS,PET_FOLDED_FLAKE-22-01440
PET_FOLDED_FLAKE,PET,folded flakes,8.0,6.5,0.43,0.2,0.5,True,0.96838,0.004125,0.0060933333333333325,0.0036266666666666665,2.108945154139638,False,PASS,PET_FOLDED_FLAKE-22-01441
PET_FOLDED_FLAKE,PET,folded flakes,8.0,6.5,0.43,0.2,1.0,True,0.96838,0.005625000000000001,0.0060933333333333325,0.0036266666666666665,2.111215897793505,False,PASS,PET_FOLDED_FLAKE-22-01442
PET_FOLDED_FLAKE,PET,folded flakes,8.0,6.5,0.43,0.45,0.0,True,0.96088,0.0032500000000000003,0.0077599999999999995,0.00446,2.112297330351896,False,PASS,PET_FOLDED_FLAKE-22-01443
PET_FOLDED_FLAKE,PET,folded flakes,8.0,6.5,0.43,0.45,0.5,True,0.96088,0.004750000000000001,0.0077599999999999995,0.00446,2.1145753023525495,False,PASS,PET_FOLDED_FLAKE-22-01444
PET_FOLDED_FLAKE,PET,folded flakes,8.0,6.5,0.43,0.45,1.0,True,0.96088,0.00625,0.0077599999999999995,0.00446,2.1168581929397696,False,PASS,PET_FOLDED_FLAKE-22-01445
PET_FOLDED_FLAKE,PET,folded flakes,8.0,6.5,0.43,0.7,0.0,True,0.95338,0.003875,0.009426666666666667,0.005293333333333334,2.117945415039996,False,PASS,PET_FOLDED_FLAKE-22-01446
PET_FOLDED_FLAKE,PET,folded flakes,8.0,6.5,0.43,0.7,0.5,True,0.95338,0.005375,0.009426666666666667,0.005293333333333334,2.120235592098051,False,PASS,PET_FOLDED_FLAKE-22-01447
PET_FOLDED_FLAKE,PET,folded flakes,8.0,6.5,0.43,0.7,1.0,True,0.95338,0.006875000000000001,0.009426666666666667,0.005293333333333334,2.122530727346707,False,PASS,PET_FOLDED_FLAKE-22-01448
PET_FOLDED_FLAKE,PET,folded flakes,8.0,6.5,0.52,0.2,0.0,True,0.96442,0.002625,0.007173333333333334,0.0038066666666666665,2.1091426482774738,False,PASS,PET_FOLDED_FLAKE-22-01449
PET_FOLDED_FLAKE,PET,folded flakes,8.0,6.5,0.52,0.2,0.5,True,0.96442,0.004125,0.007173333333333334,0.0038066666666666665,2.111413817472076,False,PASS,PET_FOLDED_FLAKE-22-01450
PET_FOLDED_FLAKE,PET,folded flakes,8.0,6.5,0.52,0.2,1.0,True,0.96442,0.005625000000000001,0.007173333333333334,0.0038066666666666665,2.1136898832249744,False,PASS,PET_FOLDED_FLAKE-22-01451
PET_FOLDED_FLAKE,PET,folded flakes,8.0,6.5,0.52,0.45,0.0,True,0.95692,0.0032500000000000003,0.00884,0.00464,2.1147738524285424,False,PASS,PET_FOLDED_FLAKE-22-01452
PET_FOLDED_FLAKE,PET,folded flakes,8.0,6.5,0.52,0.45,0.5,True,0.95692,0.004750000000000001,0.00884,0.00464,2.1170571719757523,False,PASS,PET_FOLDED_FLAKE-22-01453
PET_FOLDED_FLAKE,PET,folded flakes,8.0,6.5,0.52,0.45,1.0,True,0.95692,0.00625,0.00884,0.00464,2.1193454274486596,False,PASS,PET_FOLDED_FLAKE-22-01454
PET_FOLDED_FLAKE,PET,folded flakes,8.0,6.5,0.52,0.7,0.0,True,0.94942,0.003875,0.010506666666666668,0.0054733333333333335,2.1204352066035437,False,PASS,PET_FOLDED_FLAKE-22-01455
PET_FOLDED_FLAKE,PET,folded flakes,8.0,6.5,0.52,0.7,0.5,True,0.94942,0.005375,0.010506666666666668,0.0054733333333333335,2.122730774268172,False,PASS,PET_FOLDED_FLAKE-22-01456
PET_FOLDED_FLAKE,PET,folded flakes,8.0,6.5,0.52,0.7,1.0,True,0.94942,0.006875000000000001,0.010506666666666668,0.0054733333333333335,2.1250313176490434,False,PASS,PET_FOLDED_FLAKE-22-01457
PET_LONG_ASPECT,PET,long-aspect fragments,3.0,6.0,0.38,0.2,0.0,False,0.9710345454545455,0.0025340909090909094,0.005493333333333333,0.00339030303030303,1.1185445514566186,False,PASS,PET_LONG_ASPECT-00-01458
PET_LONG_ASPECT,PET,long-aspect fragments,3.0,6.0,0.38,0.2,0.5,False,0.9710345454545455,0.004034090909090909,0.005493333333333333,0.00339030303030303,1.1199726742957983,False,PASS,PET_LONG_ASPECT-00-01459
PET_LONG_ASPECT,PET,long-aspect fragments,3.0,6.0,0.38,0.2,1.0,False,0.9710345454545455,0.0055340909090909095,0.005493333333333333,0.00339030303030303,1.1214044485625134,False,PASS,PET_LONG_ASPECT-00-01460
PET_LONG_ASPECT,PET,long-aspect fragments,3.0,6.0,0.38,0.45,0.0,False,0.9635345454545454,0.0031590909090909096,0.00716,0.0042236363636363634,1.1204558030504348,False,PASS,PET_LONG_ASPECT-00-01461
PET_LONG_ASPECT,PET,long-aspect fragments,3.0,6.0,0.38,0.45,0.5,False,0.9635345454545454,0.00465909090909091,0.00716,0.0042236363636363634,1.12188881363848,False,PASS,PET_LONG_ASPECT-00-01462
PET_LONG_ASPECT,PET,long-aspect fragments,3.0,6.0,0.38,0.45,1.0,False,0.9635345454545454,0.006159090909090909,0.00716,0.0042236363636363634,1.1233254944276316,False,PASS,PET_LONG_ASPECT-00-01463
PET_LONG_ASPECT,PET,long-aspect fragments,3.0,6.0,0.38,0.7,0.0,False,0.9560345454545455,0.0037840909090909093,0.008826666666666667,0.005056969696969697,1.1223735973161477,False,PASS,PET_LONG_ASPECT-00-01464
PET_LONG_ASPECT,PET,long-aspect fragments,3.0,6.0,0.38,0.7,0.5,False,0.9560345454545455,0.005284090909090908,0.008826666666666667,0.005056969696969697,1.1238115207885413,False,PASS,PET_LONG_ASPECT-00-01465
PET_LONG_ASPECT,PET,long-aspect fragments,3.0,6.0,0.38,0.7,1.0,False,0.9560345454545455,0.00678409090909091,0.008826666666666667,0.005056969696969697,1.1252531333645308,False,PASS,PET_LONG_ASPECT-00-01466
PET_LONG_ASPECT,PET,long-aspect fragments,3.0,6.0,0.47,0.2,0.0,False,0.9670745454545455,0.0025340909090909094,0.006573333333333334,0.0035703030303030295,1.1192386149369231,False,PASS,PET_LONG_ASPECT-00-01467
PET_LONG_ASPECT,PET,long-aspect fragments,3.0,6.0,0.47,0.2,0.5,False,0.9670745454545455,0.004034090909090909,0.006573333333333334,0.0035703030303030295,1.120668511776056,False,PASS,PET_LONG_ASPECT-00-01468
PET_LONG_ASPECT,PET,long-aspect fragments,3.0,6.0,0.47,0.2,1.0,False,0.9670745454545455,0.0055340909090909095,0.006573333333333334,0.0035703030303030295,1.1221020668528419,False,PASS,PET_LONG_ASPECT-00-01469
PET_LONG_ASPECT,PET,long-aspect fragments,3.0,6.0,0.47,0.45,0.0,False,0.9595745454545455,0.0031590909090909096,0.00824,0.004403636363636363,1.1211522411812915,False,PASS,PET_LONG_ASPECT-00-01470
PET_LONG_ASPECT,PET,long-aspect fragments,3.0,6.0,0.47,0.45,0.5,False,0.9595745454545455,0.00465909090909091,0.00824,0.004403636363636363,1.1225870348871885,False,PASS,PET_LONG_ASPECT-00-01471
PET_LONG_ASPECT,PET,long-aspect fragments,3.0,6.0,0.47,0.45,1.0,False,0.9595745454545455,0.006159090909090909,0.00824,0.004403636363636363,1.1240255056510484,False,PASS,PET_LONG_ASPECT-00-01472
PET_LONG_ASPECT,PET,long-aspect fragments,3.0,6.0,0.47,0.7,0.0,False,0.9520745454545455,0.0037840909090909093,0.009906666666666666,0.0052369696969696965,1.1230724223052884,False,PASS,PET_LONG_ASPECT-00-01473
PET_LONG_ASPECT,PET,long-aspect fragments,3.0,6.0,0.47,0.7,0.5,False,0.9520745454545455,0.005284090909090908,0.009906666666666666,0.0052369696969696965,1.124512138076024,False,PASS,PET_LONG_ASPECT-00-01474
PET_LONG_ASPECT,PET,long-aspect fragments,3.0,6.0,0.47,0.7,1.0,False,0.9520745454545455,0.00678409090909091,0.009906666666666666,0.0052369696969696965,1.1259555498543536,False,PASS,PET_LONG_ASPECT-00-01475
PET_LONG_ASPECT,PET,long-aspect fragments,3.0,6.0,0.57,0.2,0.0,False,0.9626745454545456,0.0025340909090909094,0.0077733333333333335,0.0037703030303030296,1.1200108074933774,False,PASS,PET_LONG_ASPECT-00-01476
PET_LONG_ASPECT,PET,long-aspect fragments,3.0,6.0,0.57,0.2,0.5,False,0.9626745454545456,0.004034090909090909,0.0077733333333333335,0.0037703030303030296,1.1214426793231191,False,PASS,PET_LONG_ASPECT-00-01477
PET_LONG_ASPECT,PET,long-aspect fragments,3.0,6.0,0.57,0.2,1.0,False,0.9626745454545456,0.0055340909090909095,0.0077733333333333335,0.0037703030303030296,1.1228782169771878,False,PASS,PET_LONG_ASPECT-00-01478
PET_LONG_ASPECT,PET,long-aspect fragments,3.0,6.0,0.57,0.45,0.0,False,0.9551745454545455,0.0031590909090909096,0.00944,0.004603636363636364,1.1219270774325918,False,PASS,PET_LONG_ASPECT-00-01479
PET_LONG_ASPECT,PET,long-aspect fragments,3.0,6.0,0.57,0.45,0.5,False,0.9551745454545455,0.00465909090909091,0.00944,0.004603636363636364,1.1233638562867139,False,PASS,PET_LONG_ASPECT-00-01480
PET_LONG_ASPECT,PET,long-aspect fragments,3.0,6.0,0.57,0.45,1.0,False,0.9551745454545455,0.006159090909090909,0.00944,0.004603636363636364,1.1248043198375766,False,PASS,PET_LONG_ASPECT-00-01481
PET_LONG_ASPECT,PET,long-aspect fragments,3.0,6.0,0.57,0.7,0.0,False,0.9476745454545455,0.0037840909090909093,0.011106666666666666,0.005436969696969697,1.1238499158512265,False,PASS,PET_LONG_ASPECT-00-01482
PET_LONG_ASPECT,PET,long-aspect fragments,3.0,6.0,0.57,0.7,0.5,False,0.9476745454545455,0.005284090909090908,0.011106666666666666,0.005436969696969697,1.1252916269975792,False,PASS,PET_LONG_ASPECT-00-01483
PET_LONG_ASPECT,PET,long-aspect fragments,3.0,6.0,0.57,0.7,1.0,False,0.9476745454545455,0.00678409090909091,0.011106666666666666,0.005436969696969697,1.126737041842855,False,PASS,PET_LONG_ASPECT-00-01484
PET_LONG_ASPECT,PET,long-aspect fragments,3.0,9.0,0.38,0.2,0.0,False,0.9683072727272727,0.0030795454545454546,0.005493333333333333,0.0042084848484848485,1.1195418037011278,False,PASS,PET_LONG_ASPECT-01-01485
PET_LONG_ASPECT,PET,long-aspect fragments,3.0,9.0,0.38,0.2,0.5,False,0.9683072727272727,0.004579545454545455,0.005493333333333333,0.0042084848484848485,1.1209724758252604,False,PASS,PET_LONG_ASPECT-01-01486
PET_LONG_ASPECT,PET,long-aspect fragments,3.0,9.0,0.38,0.2,1.0,False,0.9683072727272727,0.0060795454545454555,0.005493333333333333,0.0042084848484848485,1.1224068091645782,False,PASS,PET_LONG_ASPECT-01-01487
PET_LONG_ASPECT,PET,long-aspect fragments,3.0,9.0,0.38,0.45,0.0,False,0.9608072727272726,0.0037045454545454547,0.00716,0.005041818181818182,1.1214564677310281,False,PASS,PET_LONG_ASPECT-01-01488
PET_LONG_ASPECT,PET,long-aspect fragments,3.0,9.0,0.38,0.45,0.5,False,0.9608072727272726,0.005204545454545455,0.00716,0.005041818181818182,1.1228920407084706,False,PASS,PET_LONG_ASPECT-01-01489
PET_LONG_ASPECT,PET,long-aspect fragments,3.0,9.0,0.38,0.45,1.0,False,0.9608072727272726,0.006704545454545456,0.00716,0.005041818181818182,1.1243312937418535,False,PASS,PET_LONG_ASPECT-01-01490
PET_LONG_ASPECT,PET,long-aspect fragments,3.0,9.0,0.38,0.7,0.0,False,0.9533072727272727,0.004329545454545454,0.008826666666666667,0.0058751515151515155,1.1233776919780476,False,PASS,PET_LONG_ASPECT-01-01491
PET_LONG_ASPECT,PET,long-aspect fragments,3.0,9.0,0.38,0.7,0.5,False,0.9533072727272727,0.005829545454545455,0.008826666666666667,0.0058751515151515155,1.1248181910342543,False,PASS,PET_LONG_ASPECT-01-01492
PET_LONG_ASPECT,PET,long-aspect fragments,3.0,9.0,0.38,0.7,1.0,False,0.9533072727272727,0.007329545454545455,0.008826666666666667,0.0058751515151515155,1.126262389116652,False,PASS,PET_LONG_ASPECT-01-01493
PET_LONG_ASPECT,PET,long-aspect fragments,3.0,9.0,0.47,0.2,0.0,False,0.9643472727272727,0.0030795454545454546,0.006573333333333334,0.004388484848484848,1.120237105719566,False,PASS,PET_LONG_ASPECT-01-01494
PET_LONG_ASPECT,PET,long-aspect fragments,3.0,9.0,0.47,0.2,0.5,False,0.9643472727272727,0.004579545454545455,0.006573333333333334,0.004388484848484848,1.1216695565972943,False,PASS,PET_LONG_ASPECT-01-01495
PET_LONG_ASPECT,PET,long-aspect fragments,3.0,9.0,0.47,0.2,1.0,False,0.9643472727272727,0.0060795454545454555,0.006573333333333334,0.004388484848484848,1.1231056755246829,False,PASS,PET_LONG_ASPECT-01-01496
PET_LONG_ASPECT,PET,long-aspect fragments,3.0,9.0,0.47,0.45,0.0,False,0.9568472727272727,0.0037045454545454547,0.00824,0.005221818181818182,1.122154150764552,False,PASS,PET_LONG_ASPECT-01-01497
PET_LONG_ASPECT,PET,long-aspect fragments,3.0,9.0,0.47,0.45,0.5,False,0.9568472727272727,0.005204545454545455,0.00824,0.005221818181818182,1.1235915116461077,False,PASS,PET_LONG_ASPECT-01-01498
PET_LONG_ASPECT,PET,long-aspect fragments,3.0,9.0,0.47,0.45,1.0,False,0.9568472727272727,0.006704545454545456,0.00824,0.005221818181818182,1.125032559465028,False,PASS,PET_LONG_ASPECT-01-01499
PET_LONG_ASPECT,PET,long-aspect fragments,3.0,9.0,0.47,0.7,0.0,False,0.9493472727272727,0.004329545454545454,0.009906666666666666,0.006055151515151515,1.1240777682780716,False,PASS,PET_LONG_ASPECT-01-01500
PET_LONG_ASPECT,PET,long-aspect fragments,3.0,9.0,0.47,0.7,0.5,False,0.9493472727272727,0.005829545454545455,0.009906666666666666,0.006055151515151515,1.1255200644517809,False,PASS,PET_LONG_ASPECT-01-01501
PET_LONG_ASPECT,PET,long-aspect fragments,3.0,9.0,0.47,0.7,1.0,False,0.9493472727272727,0.007329545454545455,0.009906666666666666,0.006055151515151515,1.1269660665804586,False,PASS,PET_LONG_ASPECT-01-01502
PET_LONG_ASPECT,PET,long-aspect fragments,3.0,9.0,0.57,0.2,0.0,False,0.9599472727272728,0.0030795454545454546,0.0077733333333333335,0.004588484848484849,1.1210106771375314,False,PASS,PET_LONG_ASPECT-01-01503
PET_LONG_ASPECT,PET,long-aspect fragments,3.0,9.0,0.57,0.2,0.5,False,0.9599472727272728,0.004579545454545455,0.0077733333333333335,0.004588484848484849,1.1224451083015652,False,PASS,PET_LONG_ASPECT-01-01504
PET_LONG_ASPECT,PET,long-aspect fragments,3.0,9.0,0.57,0.2,1.0,False,0.9599472727272728,0.0060795454545454555,0.0077733333333333335,0.004588484848484849,1.1238832151290865,False,PASS,PET_LONG_ASPECT-01-01505
PET_LONG_ASPECT,PET,long-aspect fragments,3.0,9.0,0.57,0.45,0.0,False,0.9524472727272727,0.0037045454545454547,0.00944,0.005421818181818182,1.122930372967644,False,PASS,PET_LONG_ASPECT-01-01506
PET_LONG_ASPECT,PET,long-aspect fragments,3.0,9.0,0.57,0.45,0.5,False,0.9524472727272727,0.005204545454545455,0.00944,0.005421818181818182,1.1243697243294841,False,PASS,PET_LONG_ASPECT-01-01507
PET_LONG_ASPECT,PET,long-aspect fragments,3.0,9.0,0.57,0.45,1.0,False,0.9524472727272727,0.006704545454545456,0.00944,0.005421818181818182,1.1258127702948528,False,PASS,PET_LONG_ASPECT-01-01508
PET_LONG_ASPECT,PET,long-aspect fragments,3.0,9.0,0.57,0.7,0.0,False,0.9449472727272727,0.004329545454545454,0.011106666666666666,0.006255151515151516,1.1248566549147778,False,PASS,PET_LONG_ASPECT-01-01509
PET_LONG_ASPECT,PET,long-aspect fragments,3.0,9.0,0.57,0.7,0.5,False,0.9449472727272727,0.005829545454545455,0.011106666666666666,0.006255151515151516,1.1263009518328386,False,PASS,PET_LONG_ASPECT-01-01510
PET_LONG_ASPECT,PET,long-aspect fragments,3.0,9.0,0.57,0.7,1.0,False,0.9449472727272727,0.007329545454545455,0.011106666666666666,0.006255151515151516,1.1277489624248194,False,PASS,PET_LONG_ASPECT-01-01511
PET_LONG_ASPECT,PET,long-aspect fragments,3.0,12.0,0.38,0.2,0.0,False,0.96558,0.003625,0.005493333333333333,0.005026666666666667,1.1205408357576234,False,PASS,PET_LONG_ASPECT-02-01512
PET_LONG_ASPECT,PET,long-aspect fragments,3.0,12.0,0.38,0.2,0.5,False,0.96558,0.005125,0.005493333333333333,0.005026666666666667,1.121974063998747,False,PASS,PET_LONG_ASPECT-02-01513
PET_LONG_ASPECT,PET,long-aspect fragments,3.0,12.0,0.38,0.2,1.0,False,0.96558,0.006625000000000001,0.005493333333333333,0.005026666666666667,1.1234109632777178,False,PASS,PET_LONG_ASPECT-02-01514
PET_LONG_ASPECT,PET,long-aspect fragments,3.0,12.0,0.38,0.45,0.0,False,0.9580799999999999,0.00425,0.00716,0.005860000000000001,1.1224589213708545,False,PASS,PET_LONG_ASPECT-02-01515
PET_LONG_ASPECT,PET,long-aspect fragments,3.0,12.0,0.38,0.45,0.5,False,0.9580799999999999,0.00575,0.00716,0.005860000000000001,1.12389706361662,False,PASS,PET_LONG_ASPECT-02-01516
PET_LONG_ASPECT,PET,long-aspect fragments,3.0,12.0,0.38,0.45,1.0,False,0.9580799999999999,0.007250000000000001,0.00716,0.005860000000000001,1.1253388958084727,False,PASS,PET_LONG_ASPECT-02-01517
PET_LONG_ASPECT,PET,long-aspect fragments,3.0,12.0,0.38,0.7,0.0,False,0.95058,0.004875,0.008826666666666667,0.006693333333333334,1.1243835848092179,False,PASS,PET_LONG_ASPECT-02-01518
PET_LONG_ASPECT,PET,long-aspect fragments,3.0,12.0,0.38,0.7,0.5,False,0.95058,0.0063750000000000005,0.008826666666666667,0.006693333333333334,1.1258266663754528,False,PASS,PET_LONG_ASPECT-02-01519
PET_LONG_ASPECT,PET,long-aspect fragments,3.0,12.0,0.38,0.7,1.0,False,0.95058,0.007875,0.008826666666666667,0.006693333333333334,1.127273456926092,False,PASS,PET_LONG_ASPECT-02-01520
PET_LONG_ASPECT,PET,long-aspect fragments,3.0,12.0,0.47,0.2,0.0,False,0.96162,0.003625,0.006573333333333334,0.005206666666666667,1.121237379632364,False,PASS,PET_LONG_ASPECT-02-01521
PET_LONG_ASPECT,PET,long-aspect fragments,3.0,12.0,0.47,0.2,0.5,False,0.96162,0.005125,0.006573333333333334,0.005206666666666667,1.1226723913977248,False,PASS,PET_LONG_ASPECT-02-01522
PET_LONG_ASPECT,PET,long-aspect fragments,3.0,12.0,0.47,0.2,1.0,False,0.96162,0.006625000000000001,0.006573333333333334,0.005206666666666667,1.124111081059875,False,PASS,PET_LONG_ASPECT-02-01523
PET_LONG_ASPECT,PET,long-aspect fragments,3.0,12.0,0.47,0.45,0.0,False,0.95412,0.00425,0.00824,0.00604,1.1231578526479793,False,PASS,PET_LONG_ASPECT-02-01524
PET_LONG_ASPECT,PET,long-aspect fragments,3.0,12.0,0.47,0.45,0.5,False,0.95412,0.00575,0.00824,0.00604,1.1245977876012645,False,PASS,PET_LONG_ASPECT-02-01525
PET_LONG_ASPECT,PET,long-aspect fragments,3.0,12.0,0.47,0.45,1.0,False,0.95412,0.007250000000000001,0.00824,0.00604,1.1260414194067383,False,PASS,PET_LONG_ASPECT-02-01526
PET_LONG_ASPECT,PET,long-aspect fragments,3.0,12.0,0.47,0.7,0.0,False,0.94662,0.004875,0.009906666666666666,0.006873333333333334,1.1250849157840186,False,PASS,PET_LONG_ASPECT-02-01527
PET_LONG_ASPECT,PET,long-aspect fragments,3.0,12.0,0.47,0.7,0.5,False,0.94662,0.0063750000000000005,0.009906666666666666,0.006873333333333334,1.12652979930421,False,PASS,PET_LONG_ASPECT-02-01528
PET_LONG_ASPECT,PET,long-aspect fragments,3.0,12.0,0.47,0.7,1.0,False,0.94662,0.007875,0.009906666666666666,0.006873333333333334,1.1279783987624723,False,PASS,PET_LONG_ASPECT-02-01529
PET_LONG_ASPECT,PET,long-aspect fragments,3.0,12.0,0.57,0.2,0.0,False,0.9572200000000001,0.003625,0.0077733333333333335,0.005406666666666667,1.1220123336083758,False,PASS,PET_LONG_ASPECT-02-01530
PET_LONG_ASPECT,PET,long-aspect fragments,3.0,12.0,0.57,0.2,0.5,False,0.9572200000000001,0.005125,0.0077733333333333335,0.005406666666666667,1.123449330974689,False,PASS,PET_LONG_ASPECT-02-01531
PET_LONG_ASPECT,PET,long-aspect fragments,3.0,12.0,0.57,0.2,1.0,False,0.9572200000000001,0.006625000000000001,0.0077733333333333335,0.005406666666666667,1.124890013878893,False,PASS,PET_LONG_ASPECT-02-01532
PET_LONG_ASPECT,PET,long-aspect fragments,3.0,12.0,0.57,0.45,0.0,False,0.94972,0.00425,0.00944,0.006240000000000001,1.1239354645247752,False,PASS,PET_LONG_ASPECT-02-01533
PET_LONG_ASPECT,PET,long-aspect fragments,3.0,12.0,0.57,0.45,0.5,False,0.94972,0.00575,0.00944,0.006240000000000001,1.125377395309517,False,PASS,PET_LONG_ASPECT-02-01534
PET_LONG_ASPECT,PET,long-aspect fragments,3.0,12.0,0.57,0.45,1.0,False,0.94972,0.007250000000000001,0.00944,0.006240000000000001,1.1268230306401212,False,PASS,PET_LONG_ASPECT-02-01535
PET_LONG_ASPECT,PET,long-aspect fragments,3.0,12.0,0.57,0.7,0.0,False,0.9422200000000001,0.004875,0.011106666666666666,0.007073333333333334,1.1258651992590005,False,PASS,PET_LONG_ASPECT-02-01536
PET_LONG_ASPECT,PET,long-aspect fragments,3.0,12.0,0.57,0.7,0.5,False,0.9422200000000001,0.0063750000000000005,0.011106666666666666,0.007073333333333334,1.1273120889115553,False,PASS,PET_LONG_ASPECT-02-01537
PET_LONG_ASPECT,PET,long-aspect fragments,3.0,12.0,0.57,0.7,1.0,False,0.9422200000000001,0.007875,0.011106666666666666,0.007073333333333334,1.128762702248879,False,PASS,PET_LONG_ASPECT-02-01538
PET_LONG_ASPECT,PET,long-aspect fragments,5.5,6.0,0.38,0.2,0.0,True,0.9710345454545455,0.0025340909090909094,0.005493333333333333,0.00339030303030303,2.104894267620888,False,PASS,PET_LONG_ASPECT-10-01539
PET_LONG_ASPECT,PET,long-aspect fragments,5.5,6.0,0.38,0.2,0.5,True,0.9710345454545455,0.004034090909090909,0.005493333333333333,0.00339030303030303,2.1071562916324993,False,PASS,PET_LONG_ASPECT-10-01540
PET_LONG_ASPECT,PET,long-aspect fragments,5.5,6.0,0.38,0.2,1.0,True,0.9710345454545455,0.0055340909090909095,0.005493333333333333,0.00339030303030303,2.1094231826413186,False,PASS,PET_LONG_ASPECT-10-01541
PET_LONG_ASPECT,PET,long-aspect fragments,5.5,6.0,0.38,0.45,0.0,True,0.9635345454545454,0.0031590909090909096,0.00716,0.0042236363636363634,2.110502778937382,False,PASS,PET_LONG_ASPECT-10-01542
PET_LONG_ASPECT,PET,long-aspect fragments,5.5,6.0,0.38,0.45,0.5,True,0.9635345454545454,0.00465909090909091,0.00716,0.0042236363636363634,2.112776879890286,False,PASS,PET_LONG_ASPECT-10-01543
PET_LONG_ASPECT,PET,long-aspect fragments,5.5,6.0,0.38,0.45,1.0,True,0.9635345454545454,0.006159090909090909,0.00716,0.0042236363636363634,2.1150558868908105,False,PASS,PET_LONG_ASPECT-10-01544
PET_LONG_ASPECT,PET,long-aspect fragments,5.5,6.0,0.38,0.7,0.0,True,0.9560345454545455,0.0037840909090909093,0.008826666666666667,0.005056969696969697,2.116141257969412,False,PASS,PET_LONG_ASPECT-10-01545
PET_LONG_ASPECT,PET,long-aspect fragments,5.5,6.0,0.38,0.7,0.5,True,0.9560345454545455,0.005284090909090908,0.008826666666666667,0.005056969696969697,2.1184275328405855,False,PASS,PET_LONG_ASPECT-10-01546
PET_LONG_ASPECT,PET,long-aspect fragments,5.5,6.0,0.38,0.7,1.0,True,0.9560345454545455,0.00678409090909091,0.008826666666666667,0.005056969696969697,2.1207187532286738,False,PASS,PET_LONG_ASPECT-10-01547
PET_LONG_ASPECT,PET,long-aspect fragments,5.5,6.0,0.47,0.2,0.0,True,0.9670745454545455,0.0025340909090909094,0.006573333333333334,0.0035703030303030295,2.1073534508573704,False,PASS,PET_LONG_ASPECT-10-01548
PET_LONG_ASPECT,PET,long-aspect fragments,5.5,6.0,0.47,0.2,0.5,True,0.9670745454545455,0.004034090909090909,0.006573333333333334,0.0035703030303030295,2.109620766324346,False,PASS,PET_LONG_ASPECT-10-01549
PET_LONG_ASPECT,PET,long-aspect fragments,5.5,6.0,0.47,0.2,1.0,True,0.9670745454545455,0.0055340909090909095,0.006573333333333334,0.0035703030303030295,2.1118929658854597,False,PASS,PET_LONG_ASPECT-10-01550
PET_LONG_ASPECT,PET,long-aspect fragments,5.5,6.0,0.47,0.45,0.0,True,0.9595745454545455,0.0031590909090909096,0.00824,0.004403636363636363,2.1129750923648642,False,PASS,PET_LONG_ASPECT-10-01551
PET_LONG_ASPECT,PET,long-aspect fragments,5.5,6.0,0.47,0.45,0.5,True,0.9595745454545455,0.00465909090909091,0.00824,0.004403636363636363,2.1152545272311905,False,PASS,PET_LONG_ASPECT-10-01552
PET_LONG_ASPECT,PET,long-aspect fragments,5.5,6.0,0.47,0.45,1.0,True,0.9595745454545455,0.006159090909090909,0.00824,0.004403636363636363,2.1175388854253225,False,PASS,PET_LONG_ASPECT-10-01553
PET_LONG_ASPECT,PET,long-aspect fragments,5.5,6.0,0.47,0.7,0.0,True,0.9520745454545455,0.0037840909090909093,0.009906666666666666,0.0052369696969696965,2.1186268070273613,False,PASS,PET_LONG_ASPECT-10-01554
PET_LONG_ASPECT,PET,long-aspect fragments,5.5,6.0,0.47,0.7,0.5,True,0.9520745454545455,0.005284090909090908,0.009906666666666666,0.0052369696969696965,2.1209184587254706,False,PASS,PET_LONG_ASPECT-10-01555
PET_LONG_ASPECT,PET,long-aspect fragments,5.5,6.0,0.47,0.7,1.0,True,0.9520745454545455,0.00678409090909091,0.009906666666666666,0.0052369696969696965,2.123215073406397,False,PASS,PET_LONG_ASPECT-10-01556
PET_LONG_ASPECT,PET,long-aspect fragments,5.5,6.0,0.57,0.2,0.0,True,0.9626745454545456,0.0025340909090909094,0.0077733333333333335,0.0037703030303030296,2.1100926248176854,False,PASS,PET_LONG_ASPECT-10-01557
PET_LONG_ASPECT,PET,long-aspect fragments,5.5,6.0,0.57,0.2,0.5,True,0.9626745454545456,0.004034090909090909,0.0077733333333333335,0.0037703030303030296,2.112365841485033,False,PASS,PET_LONG_ASPECT-10-01558
PET_LONG_ASPECT,PET,long-aspect fragments,5.5,6.0,0.57,0.2,1.0,True,0.9626745454545456,0.0055340909090909095,0.0077733333333333335,0.0037703030303030296,2.1146439613371566,False,PASS,PET_LONG_ASPECT-10-01559
PET_LONG_ASPECT,PET,long-aspect fragments,5.5,6.0,0.57,0.45,0.0,True,0.9551745454545455,0.0031590909090909096,0.00944,0.004603636363636364,2.115728909577555,False,PASS,PET_LONG_ASPECT-10-01560
PET_LONG_ASPECT,PET,long-aspect fragments,5.5,6.0,0.57,0.45,0.5,True,0.9551745454545455,0.00465909090909091,0.00944,0.004603636363636364,2.1180142930536174,False,PASS,PET_LONG_ASPECT-10-01561
PET_LONG_ASPECT,PET,long-aspect fragments,5.5,6.0,0.57,0.45,1.0,True,0.9551745454545455,0.006159090909090909,0.00944,0.004603636363636364,2.1203046191530044,False,PASS,PET_LONG_ASPECT-10-01562
PET_LONG_ASPECT,PET,long-aspect fragments,5.5,6.0,0.57,0.7,0.0,True,0.9476745454545455,0.0037840909090909093,0.011106666666666666,0.005436969696969697,2.1213953852283343,False,PASS,PET_LONG_ASPECT-10-01563
PET_LONG_ASPECT,PET,long-aspect fragments,5.5,6.0,0.57,0.7,0.5,True,0.9476745454545455,0.005284090909090908,0.011106666666666666,0.005436969696969697,2.1236930334547486,False,PASS,PET_LONG_ASPECT-10-01564
PET_LONG_ASPECT,PET,long-aspect fragments,5.5,6.0,0.57,0.7,1.0,True,0.9476745454545455,0.00678409090909091,0.011106666666666666,0.005436969696969697,2.1259956641671334,False,PASS,PET_LONG_ASPECT-10-01565
PET_LONG_ASPECT,PET,long-aspect fragments,5.5,9.0,0.38,0.2,0.0,True,0.9683072727272727,0.0030795454545454546,0.005493333333333333,0.0042084848484848485,2.107410619399209,False,PASS,PET_LONG_ASPECT-11-01566
PET_LONG_ASPECT,PET,long-aspect fragments,5.5,9.0,0.38,0.2,0.5,True,0.9683072727272727,0.004579545454545455,0.005493333333333333,0.0042084848484848485,2.109678057950056,False,PASS,PET_LONG_ASPECT-11-01567
PET_LONG_ASPECT,PET,long-aspect fragments,5.5,9.0,0.38,0.2,1.0,True,0.9683072727272727,0.0060795454545454555,0.005493333333333333,0.0042084848484848485,2.111950380992969,False,PASS,PET_LONG_ASPECT-11-01568
PET_LONG_ASPECT,PET,long-aspect fragments,5.5,9.0,0.38,0.45,0.0,True,0.9608072727272726,0.0037045454545454547,0.00716,0.005041818181818182,2.113032566326843,False,PASS,PET_LONG_ASPECT-11-01569
PET_LONG_ASPECT,PET,long-aspect fragments,5.5,9.0,0.38,0.45,0.5,True,0.9608072727272726,0.005204545454545455,0.00716,0.005041818181818182,2.1153121252652456,False,PASS,PET_LONG_ASPECT-11-01570
PET_LONG_ASPECT,PET,long-aspect fragments,5.5,9.0,0.38,0.45,1.0,True,0.9608072727272726,0.006704545454545456,0.00716,0.005041818181818182,2.1175966079336486,False,PASS,PET_LONG_ASPECT-11-01571
PET_LONG_ASPECT,PET,long-aspect fragments,5.5,9.0,0.38,0.7,0.0,True,0.9533072727272727,0.004329545454545454,0.008826666666666667,0.0058751515151515155,2.1186845888635735,False,PASS,PET_LONG_ASPECT-11-01572
PET_LONG_ASPECT,PET,long-aspect fragments,5.5,9.0,0.38,0.7,0.5,True,0.9533072727272727,0.005829545454545455,0.008826666666666667,0.0058751515151515155,2.1209763656325706,False,PASS,PET_LONG_ASPECT-11-01573
PET_LONG_ASPECT,PET,long-aspect fragments,5.5,9.0,0.38,0.7,1.0,True,0.9533072727272727,0.007329545454545455,0.008826666666666667,0.0058751515151515155,2.123273105790905,False,PASS,PET_LONG_ASPECT-11-01574
PET_LONG_ASPECT,PET,long-aspect fragments,5.5,9.0,0.47,0.2,0.0,True,0.9643472727272727,0.0030795454545454546,0.006573333333333334,0.004388484848484848,2.1098756893850985,False,PASS,PET_LONG_ASPECT-11-01575
PET_LONG_ASPECT,PET,long-aspect fragments,5.5,9.0,0.47,0.2,0.5,True,0.9643472727272727,0.004579545454545455,0.006573333333333334,0.004388484848484848,2.112148438412814,False,PASS,PET_LONG_ASPECT-11-01576
PET_LONG_ASPECT,PET,long-aspect fragments,5.5,9.0,0.47,0.2,1.0,True,0.9643472727272727,0.0060795454545454555,0.006573333333333334,0.004388484848484848,2.1144260891115647,False,PASS,PET_LONG_ASPECT-11-01577
PET_LONG_ASPECT,PET,long-aspect fragments,5.5,9.0,0.47,0.45,0.0,True,0.9568472727272727,0.0037045454545454547,0.00824,0.005221818181818182,2.115510813741235,False,PASS,PET_LONG_ASPECT-11-01578
PET_LONG_ASPECT,PET,long-aspect fragments,5.5,9.0,0.47,0.45,0.5,True,0.9568472727272727,0.005204545454545455,0.00824,0.005221818181818182,2.1177957258184597,False,PASS,PET_LONG_ASPECT-11-01579
PET_LONG_ASPECT,PET,long-aspect fragments,5.5,9.0,0.47,0.45,1.0,True,0.9568472727272727,0.006704545454545456,0.00824,0.005221818181818182,2.1200855789890114,False,PASS,PET_LONG_ASPECT-11-01580
PET_LONG_ASPECT,PET,long-aspect fragments,5.5,9.0,0.47,0.7,0.0,True,0.9493472727272727,0.004329545454545454,0.009906666666666666,0.006055151515151515,2.1211761196526906,False,PASS,PET_LONG_ASPECT-11-01581
PET_LONG_ASPECT,PET,long-aspect fragments,5.5,9.0,0.47,0.7,0.5,True,0.9493472727272727,0.005829545454545455,0.009906666666666666,0.006055151515151515,2.1234732926806594,False,PASS,PET_LONG_ASPECT-11-01582
PET_LONG_ASPECT,PET,long-aspect fragments,5.5,9.0,0.47,0.7,1.0,True,0.9493472727272727,0.007329545454545455,0.009906666666666666,0.006055151515151515,2.1257754466481282,False,PASS,PET_LONG_ASPECT-11-01583
PET_LONG_ASPECT,PET,long-aspect fragments,5.5,9.0,0.57,0.2,0.0,True,0.9599472727272728,0.0030795454545454546,0.0077733333333333335,0.004588484848484849,2.1126214284382234,False,PASS,PET_LONG_ASPECT-11-01584
PET_LONG_ASPECT,PET,long-aspect fragments,5.5,9.0,0.57,0.2,0.5,True,0.9599472727272728,0.004579545454545455,0.0077733333333333335,0.004588484848484849,2.1149000999059577,False,PASS,PET_LONG_ASPECT-11-01585
PET_LONG_ASPECT,PET,long-aspect fragments,5.5,9.0,0.57,0.2,1.0,True,0.9599472727272728,0.0060795454545454555,0.0077733333333333335,0.004588484848484849,2.1171836922270852,False,PASS,PET_LONG_ASPECT-11-01586
PET_LONG_ASPECT,PET,long-aspect fragments,5.5,9.0,0.57,0.45,0.0,True,0.9524472727272727,0.0037045454545454547,0.00944,0.005421818181818182,2.1182712487929223,False,PASS,PET_LONG_ASPECT-11-01587
PET_LONG_ASPECT,PET,long-aspect fragments,5.5,9.0,0.57,0.45,0.5,True,0.9524472727272727,0.005204545454545455,0.00944,0.005421818181818182,2.1205621309474876,False,PASS,PET_LONG_ASPECT-11-01588
PET_LONG_ASPECT,PET,long-aspect fragments,5.5,9.0,0.57,0.45,1.0,True,0.9524472727272727,0.006704545454545456,0.00944,0.005421818181818182,2.1228579735838498,False,PASS,PET_LONG_ASPECT-11-01589
PET_LONG_ASPECT,PET,long-aspect fragments,5.5,9.0,0.57,0.7,0.0,True,0.9449472727272727,0.004329545454545454,0.011106666666666666,0.006255151515151516,2.1239513690054053,False,PASS,PET_LONG_ASPECT-11-01590
PET_LONG_ASPECT,PET,long-aspect fragments,5.5,9.0,0.57,0.7,0.5,True,0.9449472727272727,0.005829545454545455,0.011106666666666666,0.006255151515151516,2.126254560260306,False,PASS,PET_LONG_ASPECT-11-01591
PET_LONG_ASPECT,PET,long-aspect fragments,5.5,9.0,0.57,0.7,1.0,True,0.9449472727272727,0.007329545454545455,0.011106666666666666,0.006255151515151516,2.128562752052065,False,PASS,PET_LONG_ASPECT-11-01592
PET_LONG_ASPECT,PET,long-aspect fragments,5.5,12.0,0.38,0.2,0.0,True,0.96558,0.003625,0.005493333333333333,0.005026666666666667,2.109932994857882,False,PASS,PET_LONG_ASPECT-12-01593
PET_LONG_ASPECT,PET,long-aspect fragments,5.5,12.0,0.38,0.2,0.5,True,0.96558,0.005125,0.005493333333333333,0.005026666666666667,2.112205867412191,False,PASS,PET_LONG_ASPECT-12-01594
PET_LONG_ASPECT,PET,long-aspect fragments,5.5,12.0,0.38,0.2,1.0,True,0.96558,0.006625000000000001,0.005493333333333333,0.005026666666666667,2.1144836420373725,False,PASS,PET_LONG_ASPECT-12-01595
PET_LONG_ASPECT,PET,long-aspect fragments,5.5,12.0,0.38,0.45,0.0,True,0.9580799999999999,0.00425,0.00716,0.005860000000000001,2.115568425733605,False,PASS,PET_LONG_ASPECT-12-01596
PET_LONG_ASPECT,PET,long-aspect fragments,5.5,12.0,0.38,0.45,0.5,True,0.9580799999999999,0.00575,0.00716,0.005860000000000001,2.1178534623303755,False,PASS,PET_LONG_ASPECT-12-01597
PET_LONG_ASPECT,PET,long-aspect fragments,5.5,12.0,0.38,0.45,1.0,True,0.9580799999999999,0.007250000000000001,0.00716,0.005860000000000001,2.1201434404246053,False,PASS,PET_LONG_ASPECT-12-01598
PET_LONG_ASPECT,PET,long-aspect fragments,5.5,12.0,0.38,0.7,0.0,True,0.95058,0.004875,0.008826666666666667,0.006693333333333334,2.121234040630541,False,PASS,PET_LONG_ASPECT-12-01599
PET_LONG_ASPECT,PET,long-aspect fragments,5.5,12.0,0.38,0.7,0.5,True,0.95058,0.0063750000000000005,0.008826666666666667,0.006693333333333334,2.12353133918168,False,PASS,PET_LONG_ASPECT-12-01600
PET_LONG_ASPECT,PET,long-aspect fragments,5.5,12.0,0.38,0.7,1.0,True,0.95058,0.007875,0.008826666666666667,0.006693333333333334,2.1258336190808023,False,PASS,PET_LONG_ASPECT-12-01601
PET_LONG_ASPECT,PET,long-aspect fragments,5.5,12.0,0.47,0.2,0.0,True,0.96162,0.003625,0.006573333333333334,0.005206666666666667,2.1124039727559034,False,PASS,PET_LONG_ASPECT-12-01602
PET_LONG_ASPECT,PET,long-aspect fragments,5.5,12.0,0.47,0.2,0.5,True,0.96162,0.005125,0.006573333333333334,0.005206666666666667,2.1146821748998645,False,PASS,PET_LONG_ASPECT-12-01603
PET_LONG_ASPECT,PET,long-aspect fragments,5.5,12.0,0.47,0.2,1.0,True,0.96162,0.006625000000000001,0.006573333333333334,0.005206666666666667,2.1169652963762,False,PASS,PET_LONG_ASPECT-12-01604
PET_LONG_ASPECT,PET,long-aspect fragments,5.5,12.0,0.47,0.45,0.0,True,0.95412,0.00425,0.00824,0.00604,2.1180526285244925,False,PASS,PET_LONG_ASPECT-12-01605
PET_LONG_ASPECT,PET,long-aspect fragments,5.5,12.0,0.47,0.45,0.5,True,0.95412,0.00575,0.00824,0.00604,2.1203430375779915,False,PASS,PET_LONG_ASPECT-12-01606
PET_LONG_ASPECT,PET,long-aspect fragments,5.5,12.0,0.47,0.45,1.0,True,0.95412,0.007250000000000001,0.00824,0.00604,2.122638405575916,False,PASS,PET_LONG_ASPECT-12-01607
PET_LONG_ASPECT,PET,long-aspect fragments,5.5,12.0,0.47,0.7,0.0,True,0.94662,0.004875,0.009906666666666666,0.006873333333333334,2.1237315747703236,False,PASS,PET_LONG_ASPECT-12-01608
PET_LONG_ASPECT,PET,long-aspect fragments,5.5,12.0,0.47,0.7,0.5,True,0.94662,0.0063750000000000005,0.009906666666666666,0.006873333333333334,2.1260342891062214,False,PASS,PET_LONG_ASPECT-12-01609
PET_LONG_ASPECT,PET,long-aspect fragments,5.5,12.0,0.47,0.7,1.0,True,0.94662,0.007875,0.009906666666666666,0.006873333333333334,2.1283420024250326,False,PASS,PET_LONG_ASPECT-12-01610
PET_LONG_ASPECT,PET,long-aspect fragments,5.5,12.0,0.57,0.2,0.0,True,0.9572200000000001,0.003625,0.0077733333333333335,0.005406666666666667,2.1151563005324054,False,PASS,PET_LONG_ASPECT-12-01611
PET_LONG_ASPECT,PET,long-aspect fragments,5.5,12.0,0.57,0.2,0.5,True,0.9572200000000001,0.005125,0.0077733333333333335,0.005406666666666667,2.117440446458083,False,PASS,PET_LONG_ASPECT-12-01612
PET_LONG_ASPECT,PET,long-aspect fragments,5.5,12.0,0.57,0.2,1.0,True,0.9572200000000001,0.006625000000000001,0.0077733333333333335,0.005406666666666667,2.1197295309907633,False,PASS,PET_LONG_ASPECT-12-01613
PET_LONG_ASPECT,PET,long-aspect fragments,5.5,12.0,0.57,0.45,0.0,True,0.94972,0.00425,0.00944,0.006240000000000001,2.1208197052993767,False,PASS,PET_LONG_ASPECT-12-01614
PET_LONG_ASPECT,PET,long-aspect fragments,5.5,12.0,0.57,0.45,0.5,True,0.94972,0.00575,0.00944,0.006240000000000001,2.1231161060012425,False,PASS,PET_LONG_ASPECT-12-01615
PET_LONG_ASPECT,PET,long-aspect fragments,5.5,12.0,0.57,0.45,1.0,True,0.94972,0.007250000000000001,0.00944,0.006240000000000001,2.1254174851295167,False,PASS,PET_LONG_ASPECT-12-01616
PET_LONG_ASPECT,PET,long-aspect fragments,5.5,12.0,0.57,0.7,0.0,True,0.9422200000000001,0.004875,0.011106666666666666,0.007073333333333334,2.126513519416025,False,PASS,PET_LONG_ASPECT-12-01617
PET_LONG_ASPECT,PET,long-aspect fragments,5.5,12.0,0.57,0.7,0.5,True,0.9422200000000001,0.0063750000000000005,0.011106666666666666,0.007073333333333334,2.1288222737822973,False,PASS,PET_LONG_ASPECT-12-01618
PET_LONG_ASPECT,PET,long-aspect fragments,5.5,12.0,0.57,0.7,1.0,True,0.9422200000000001,0.007875,0.011106666666666666,0.007073333333333334,2.131136046823616,False,PASS,PET_LONG_ASPECT-12-01619
PET_LONG_ASPECT,PET,long-aspect fragments,8.0,6.0,0.38,0.2,0.0,True,0.9710345454545455,0.0025340909090909094,0.005493333333333333,0.00339030303030303,2.104894267620888,False,PASS,PET_LONG_ASPECT-20-01620
PET_LONG_ASPECT,PET,long-aspect fragments,8.0,6.0,0.38,0.2,0.5,True,0.9710345454545455,0.004034090909090909,0.005493333333333333,0.00339030303030303,2.1071562916324993,False,PASS,PET_LONG_ASPECT-20-01621
PET_LONG_ASPECT,PET,long-aspect fragments,8.0,6.0,0.38,0.2,1.0,True,0.9710345454545455,0.0055340909090909095,0.005493333333333333,0.00339030303030303,2.1094231826413186,False,PASS,PET_LONG_ASPECT-20-01622
PET_LONG_ASPECT,PET,long-aspect fragments,8.0,6.0,0.38,0.45,0.0,True,0.9635345454545454,0.0031590909090909096,0.00716,0.0042236363636363634,2.110502778937382,False,PASS,PET_LONG_ASPECT-20-01623
PET_LONG_ASPECT,PET,long-aspect fragments,8.0,6.0,0.38,0.45,0.5,True,0.9635345454545454,0.00465909090909091,0.00716,0.0042236363636363634,2.112776879890286,False,PASS,PET_LONG_ASPECT-20-01624
PET_LONG_ASPECT,PET,long-aspect fragments,8.0,6.0,0.38,0.45,1.0,True,0.9635345454545454,0.006159090909090909,0.00716,0.0042236363636363634,2.1150558868908105,False,PASS,PET_LONG_ASPECT-20-01625
PET_LONG_ASPECT,PET,long-aspect fragments,8.0,6.0,0.38,0.7,0.0,True,0.9560345454545455,0.0037840909090909093,0.008826666666666667,0.005056969696969697,2.116141257969412,False,PASS,PET_LONG_ASPECT-20-01626
PET_LONG_ASPECT,PET,long-aspect fragments,8.0,6.0,0.38,0.7,0.5,True,0.9560345454545455,0.005284090909090908,0.008826666666666667,0.005056969696969697,2.1184275328405855,False,PASS,PET_LONG_ASPECT-20-01627
PET_LONG_ASPECT,PET,long-aspect fragments,8.0,6.0,0.38,0.7,1.0,True,0.9560345454545455,0.00678409090909091,0.008826666666666667,0.005056969696969697,2.1207187532286738,False,PASS,PET_LONG_ASPECT-20-01628
PET_LONG_ASPECT,PET,long-aspect fragments,8.0,6.0,0.47,0.2,0.0,True,0.9670745454545455,0.0025340909090909094,0.006573333333333334,0.0035703030303030295,2.1073534508573704,False,PASS,PET_LONG_ASPECT-20-01629
PET_LONG_ASPECT,PET,long-aspect fragments,8.0,6.0,0.47,0.2,0.5,True,0.9670745454545455,0.004034090909090909,0.006573333333333334,0.0035703030303030295,2.109620766324346,False,PASS,PET_LONG_ASPECT-20-01630
PET_LONG_ASPECT,PET,long-aspect fragments,8.0,6.0,0.47,0.2,1.0,True,0.9670745454545455,0.0055340909090909095,0.006573333333333334,0.0035703030303030295,2.1118929658854597,False,PASS,PET_LONG_ASPECT-20-01631
PET_LONG_ASPECT,PET,long-aspect fragments,8.0,6.0,0.47,0.45,0.0,True,0.9595745454545455,0.0031590909090909096,0.00824,0.004403636363636363,2.1129750923648642,False,PASS,PET_LONG_ASPECT-20-01632
PET_LONG_ASPECT,PET,long-aspect fragments,8.0,6.0,0.47,0.45,0.5,True,0.9595745454545455,0.00465909090909091,0.00824,0.004403636363636363,2.1152545272311905,False,PASS,PET_LONG_ASPECT-20-01633
PET_LONG_ASPECT,PET,long-aspect fragments,8.0,6.0,0.47,0.45,1.0,True,0.9595745454545455,0.006159090909090909,0.00824,0.004403636363636363,2.1175388854253225,False,PASS,PET_LONG_ASPECT-20-01634
PET_LONG_ASPECT,PET,long-aspect fragments,8.0,6.0,0.47,0.7,0.0,True,0.9520745454545455,0.0037840909090909093,0.009906666666666666,0.0052369696969696965,2.1186268070273613,False,PASS,PET_LONG_ASPECT-20-01635
PET_LONG_ASPECT,PET,long-aspect fragments,8.0,6.0,0.47,0.7,0.5,True,0.9520745454545455,0.005284090909090908,0.009906666666666666,0.0052369696969696965,2.1209184587254706,False,PASS,PET_LONG_ASPECT-20-01636
PET_LONG_ASPECT,PET,long-aspect fragments,8.0,6.0,0.47,0.7,1.0,True,0.9520745454545455,0.00678409090909091,0.009906666666666666,0.0052369696969696965,2.123215073406397,False,PASS,PET_LONG_ASPECT-20-01637
PET_LONG_ASPECT,PET,long-aspect fragments,8.0,6.0,0.57,0.2,0.0,True,0.9626745454545456,0.0025340909090909094,0.0077733333333333335,0.0037703030303030296,2.1100926248176854,False,PASS,PET_LONG_ASPECT-20-01638
PET_LONG_ASPECT,PET,long-aspect fragments,8.0,6.0,0.57,0.2,0.5,True,0.9626745454545456,0.004034090909090909,0.0077733333333333335,0.0037703030303030296,2.112365841485033,False,PASS,PET_LONG_ASPECT-20-01639
PET_LONG_ASPECT,PET,long-aspect fragments,8.0,6.0,0.57,0.2,1.0,True,0.9626745454545456,0.0055340909090909095,0.0077733333333333335,0.0037703030303030296,2.1146439613371566,False,PASS,PET_LONG_ASPECT-20-01640
PET_LONG_ASPECT,PET,long-aspect fragments,8.0,6.0,0.57,0.45,0.0,True,0.9551745454545455,0.0031590909090909096,0.00944,0.004603636363636364,2.115728909577555,False,PASS,PET_LONG_ASPECT-20-01641
PET_LONG_ASPECT,PET,long-aspect fragments,8.0,6.0,0.57,0.45,0.5,True,0.9551745454545455,0.00465909090909091,0.00944,0.004603636363636364,2.1180142930536174,False,PASS,PET_LONG_ASPECT-20-01642
PET_LONG_ASPECT,PET,long-aspect fragments,8.0,6.0,0.57,0.45,1.0,True,0.9551745454545455,0.006159090909090909,0.00944,0.004603636363636364,2.1203046191530044,False,PASS,PET_LONG_ASPECT-20-01643
PET_LONG_ASPECT,PET,long-aspect fragments,8.0,6.0,0.57,0.7,0.0,True,0.9476745454545455,0.0037840909090909093,0.011106666666666666,0.005436969696969697,2.1213953852283343,False,PASS,PET_LONG_ASPECT-20-01644
PET_LONG_ASPECT,PET,long-aspect fragments,8.0,6.0,0.57,0.7,0.5,True,0.9476745454545455,0.005284090909090908,0.011106666666666666,0.005436969696969697,2.1236930334547486,False,PASS,PET_LONG_ASPECT-20-01645
PET_LONG_ASPECT,PET,long-aspect fragments,8.0,6.0,0.57,0.7,1.0,True,0.9476745454545455,0.00678409090909091,0.011106666666666666,0.005436969696969697,2.1259956641671334,False,PASS,PET_LONG_ASPECT-20-01646
PET_LONG_ASPECT,PET,long-aspect fragments,8.0,9.0,0.38,0.2,0.0,True,0.9683072727272727,0.0030795454545454546,0.005493333333333333,0.0042084848484848485,2.107410619399209,False,PASS,PET_LONG_ASPECT-21-01647
PET_LONG_ASPECT,PET,long-aspect fragments,8.0,9.0,0.38,0.2,0.5,True,0.9683072727272727,0.004579545454545455,0.005493333333333333,0.0042084848484848485,2.109678057950056,False,PASS,PET_LONG_ASPECT-21-01648
PET_LONG_ASPECT,PET,long-aspect fragments,8.0,9.0,0.38,0.2,1.0,True,0.9683072727272727,0.0060795454545454555,0.005493333333333333,0.0042084848484848485,2.111950380992969,False,PASS,PET_LONG_ASPECT-21-01649
PET_LONG_ASPECT,PET,long-aspect fragments,8.0,9.0,0.38,0.45,0.0,True,0.9608072727272726,0.0037045454545454547,0.00716,0.005041818181818182,2.113032566326843,False,PASS,PET_LONG_ASPECT-21-01650
PET_LONG_ASPECT,PET,long-aspect fragments,8.0,9.0,0.38,0.45,0.5,True,0.9608072727272726,0.005204545454545455,0.00716,0.005041818181818182,2.1153121252652456,False,PASS,PET_LONG_ASPECT-21-01651
PET_LONG_ASPECT,PET,long-aspect fragments,8.0,9.0,0.38,0.45,1.0,True,0.9608072727272726,0.006704545454545456,0.00716,0.005041818181818182,2.1175966079336486,False,PASS,PET_LONG_ASPECT-21-01652
PET_LONG_ASPECT,PET,long-aspect fragments,8.0,9.0,0.38,0.7,0.0,True,0.9533072727272727,0.004329545454545454,0.008826666666666667,0.0058751515151515155,2.1186845888635735,False,PASS,PET_LONG_ASPECT-21-01653
PET_LONG_ASPECT,PET,long-aspect fragments,8.0,9.0,0.38,0.7,0.5,True,0.9533072727272727,0.005829545454545455,0.008826666666666667,0.0058751515151515155,2.1209763656325706,False,PASS,PET_LONG_ASPECT-21-01654
PET_LONG_ASPECT,PET,long-aspect fragments,8.0,9.0,0.38,0.7,1.0,True,0.9533072727272727,0.007329545454545455,0.008826666666666667,0.0058751515151515155,2.123273105790905,False,PASS,PET_LONG_ASPECT-21-01655
PET_LONG_ASPECT,PET,long-aspect fragments,8.0,9.0,0.47,0.2,0.0,True,0.9643472727272727,0.0030795454545454546,0.006573333333333334,0.004388484848484848,2.1098756893850985,False,PASS,PET_LONG_ASPECT-21-01656
PET_LONG_ASPECT,PET,long-aspect fragments,8.0,9.0,0.47,0.2,0.5,True,0.9643472727272727,0.004579545454545455,0.006573333333333334,0.004388484848484848,2.112148438412814,False,PASS,PET_LONG_ASPECT-21-01657
PET_LONG_ASPECT,PET,long-aspect fragments,8.0,9.0,0.47,0.2,1.0,True,0.9643472727272727,0.0060795454545454555,0.006573333333333334,0.004388484848484848,2.1144260891115647,False,PASS,PET_LONG_ASPECT-21-01658
PET_LONG_ASPECT,PET,long-aspect fragments,8.0,9.0,0.47,0.45,0.0,True,0.9568472727272727,0.0037045454545454547,0.00824,0.005221818181818182,2.115510813741235,False,PASS,PET_LONG_ASPECT-21-01659
PET_LONG_ASPECT,PET,long-aspect fragments,8.0,9.0,0.47,0.45,0.5,True,0.9568472727272727,0.005204545454545455,0.00824,0.005221818181818182,2.1177957258184597,False,PASS,PET_LONG_ASPECT-21-01660
PET_LONG_ASPECT,PET,long-aspect fragments,8.0,9.0,0.47,0.45,1.0,True,0.9568472727272727,0.006704545454545456,0.00824,0.005221818181818182,2.1200855789890114,False,PASS,PET_LONG_ASPECT-21-01661
PET_LONG_ASPECT,PET,long-aspect fragments,8.0,9.0,0.47,0.7,0.0,True,0.9493472727272727,0.004329545454545454,0.009906666666666666,0.006055151515151515,2.1211761196526906,False,PASS,PET_LONG_ASPECT-21-01662
PET_LONG_ASPECT,PET,long-aspect fragments,8.0,9.0,0.47,0.7,0.5,True,0.9493472727272727,0.005829545454545455,0.009906666666666666,0.006055151515151515,2.1234732926806594,False,PASS,PET_LONG_ASPECT-21-01663
PET_LONG_ASPECT,PET,long-aspect fragments,8.0,9.0,0.47,0.7,1.0,True,0.9493472727272727,0.007329545454545455,0.009906666666666666,0.006055151515151515,2.1257754466481282,False,PASS,PET_LONG_ASPECT-21-01664
PET_LONG_ASPECT,PET,long-aspect fragments,8.0,9.0,0.57,0.2,0.0,True,0.9599472727272728,0.0030795454545454546,0.0077733333333333335,0.004588484848484849,2.1126214284382234,False,PASS,PET_LONG_ASPECT-21-01665
PET_LONG_ASPECT,PET,long-aspect fragments,8.0,9.0,0.57,0.2,0.5,True,0.9599472727272728,0.004579545454545455,0.0077733333333333335,0.004588484848484849,2.1149000999059577,False,PASS,PET_LONG_ASPECT-21-01666
PET_LONG_ASPECT,PET,long-aspect fragments,8.0,9.0,0.57,0.2,1.0,True,0.9599472727272728,0.0060795454545454555,0.0077733333333333335,0.004588484848484849,2.1171836922270852,False,PASS,PET_LONG_ASPECT-21-01667
PET_LONG_ASPECT,PET,long-aspect fragments,8.0,9.0,0.57,0.45,0.0,True,0.9524472727272727,0.0037045454545454547,0.00944,0.005421818181818182,2.1182712487929223,False,PASS,PET_LONG_ASPECT-21-01668
PET_LONG_ASPECT,PET,long-aspect fragments,8.0,9.0,0.57,0.45,0.5,True,0.9524472727272727,0.005204545454545455,0.00944,0.005421818181818182,2.1205621309474876,False,PASS,PET_LONG_ASPECT-21-01669
PET_LONG_ASPECT,PET,long-aspect fragments,8.0,9.0,0.57,0.45,1.0,True,0.9524472727272727,0.006704545454545456,0.00944,0.005421818181818182,2.1228579735838498,False,PASS,PET_LONG_ASPECT-21-01670
PET_LONG_ASPECT,PET,long-aspect fragments,8.0,9.0,0.57,0.7,0.0,True,0.9449472727272727,0.004329545454545454,0.011106666666666666,0.006255151515151516,2.1239513690054053,False,PASS,PET_LONG_ASPECT-21-01671
PET_LONG_ASPECT,PET,long-aspect fragments,8.0,9.0,0.57,0.7,0.5,True,0.9449472727272727,0.005829545454545455,0.011106666666666666,0.006255151515151516,2.126254560260306,False,PASS,PET_LONG_ASPECT-21-01672
PET_LONG_ASPECT,PET,long-aspect fragments,8.0,9.0,0.57,0.7,1.0,True,0.9449472727272727,0.007329545454545455,0.011106666666666666,0.006255151515151516,2.128562752052065,False,PASS,PET_LONG_ASPECT-21-01673
PET_LONG_ASPECT,PET,long-aspect fragments,8.0,12.0,0.38,0.2,0.0,True,0.96558,0.003625,0.005493333333333333,0.005026666666666667,2.109932994857882,False,PASS,PET_LONG_ASPECT-22-01674
PET_LONG_ASPECT,PET,long-aspect fragments,8.0,12.0,0.38,0.2,0.5,True,0.96558,0.005125,0.005493333333333333,0.005026666666666667,2.112205867412191,False,PASS,PET_LONG_ASPECT-22-01675
PET_LONG_ASPECT,PET,long-aspect fragments,8.0,12.0,0.38,0.2,1.0,True,0.96558,0.006625000000000001,0.005493333333333333,0.005026666666666667,2.1144836420373725,False,PASS,PET_LONG_ASPECT-22-01676
PET_LONG_ASPECT,PET,long-aspect fragments,8.0,12.0,0.38,0.45,0.0,True,0.9580799999999999,0.00425,0.00716,0.005860000000000001,2.115568425733605,False,PASS,PET_LONG_ASPECT-22-01677
PET_LONG_ASPECT,PET,long-aspect fragments,8.0,12.0,0.38,0.45,0.5,True,0.9580799999999999,0.00575,0.00716,0.005860000000000001,2.1178534623303755,False,PASS,PET_LONG_ASPECT-22-01678
PET_LONG_ASPECT,PET,long-aspect fragments,8.0,12.0,0.38,0.45,1.0,True,0.9580799999999999,0.007250000000000001,0.00716,0.005860000000000001,2.1201434404246053,False,PASS,PET_LONG_ASPECT-22-01679
PET_LONG_ASPECT,PET,long-aspect fragments,8.0,12.0,0.38,0.7,0.0,True,0.95058,0.004875,0.008826666666666667,0.006693333333333334,2.121234040630541,False,PASS,PET_LONG_ASPECT-22-01680
PET_LONG_ASPECT,PET,long-aspect fragments,8.0,12.0,0.38,0.7,0.5,True,0.95058,0.0063750000000000005,0.008826666666666667,0.006693333333333334,2.12353133918168,False,PASS,PET_LONG_ASPECT-22-01681
PET_LONG_ASPECT,PET,long-aspect fragments,8.0,12.0,0.38,0.7,1.0,True,0.95058,0.007875,0.008826666666666667,0.006693333333333334,2.1258336190808023,False,PASS,PET_LONG_ASPECT-22-01682
PET_LONG_ASPECT,PET,long-aspect fragments,8.0,12.0,0.47,0.2,0.0,True,0.96162,0.003625,0.006573333333333334,0.005206666666666667,2.1124039727559034,False,PASS,PET_LONG_ASPECT-22-01683
PET_LONG_ASPECT,PET,long-aspect fragments,8.0,12.0,0.47,0.2,0.5,True,0.96162,0.005125,0.006573333333333334,0.005206666666666667,2.1146821748998645,False,PASS,PET_LONG_ASPECT-22-01684
PET_LONG_ASPECT,PET,long-aspect fragments,8.0,12.0,0.47,0.2,1.0,True,0.96162,0.006625000000000001,0.006573333333333334,0.005206666666666667,2.1169652963762,False,PASS,PET_LONG_ASPECT-22-01685
PET_LONG_ASPECT,PET,long-aspect fragments,8.0,12.0,0.47,0.45,0.0,True,0.95412,0.00425,0.00824,0.00604,2.1180526285244925,False,PASS,PET_LONG_ASPECT-22-01686
PET_LONG_ASPECT,PET,long-aspect fragments,8.0,12.0,0.47,0.45,0.5,True,0.95412,0.00575,0.00824,0.00604,2.1203430375779915,False,PASS,PET_LONG_ASPECT-22-01687
PET_LONG_ASPECT,PET,long-aspect fragments,8.0,12.0,0.47,0.45,1.0,True,0.95412,0.007250000000000001,0.00824,0.00604,2.122638405575916,False,PASS,PET_LONG_ASPECT-22-01688
PET_LONG_ASPECT,PET,long-aspect fragments,8.0,12.0,0.47,0.7,0.0,True,0.94662,0.004875,0.009906666666666666,0.006873333333333334,2.1237315747703236,False,PASS,PET_LONG_ASPECT-22-01689
PET_LONG_ASPECT,PET,long-aspect fragments,8.0,12.0,0.47,0.7,0.5,True,0.94662,0.0063750000000000005,0.009906666666666666,0.006873333333333334,2.1260342891062214,False,PASS,PET_LONG_ASPECT-22-01690
PET_LONG_ASPECT,PET,long-aspect fragments,8.0,12.0,0.47,0.7,1.0,True,0.94662,0.007875,0.009906666666666666,0.006873333333333334,2.1283420024250326,False,PASS,PET_LONG_ASPECT-22-01691
PET_LONG_ASPECT,PET,long-aspect fragments,8.0,12.0,0.57,0.2,0.0,True,0.9572200000000001,0.003625,0.0077733333333333335,0.005406666666666667,2.1151563005324054,False,PASS,PET_LONG_ASPECT-22-01692
PET_LONG_ASPECT,PET,long-aspect fragments,8.0,12.0,0.57,0.2,0.5,True,0.9572200000000001,0.005125,0.0077733333333333335,0.005406666666666667,2.117440446458083,False,PASS,PET_LONG_ASPECT-22-01693
PET_LONG_ASPECT,PET,long-aspect fragments,8.0,12.0,0.57,0.2,1.0,True,0.9572200000000001,0.006625000000000001,0.0077733333333333335,0.005406666666666667,2.1197295309907633,False,PASS,PET_LONG_ASPECT-22-01694
PET_LONG_ASPECT,PET,long-aspect fragments,8.0,12.0,0.57,0.45,0.0,True,0.94972,0.00425,0.00944,0.006240000000000001,2.1208197052993767,False,PASS,PET_LONG_ASPECT-22-01695
PET_LONG_ASPECT,PET,long-aspect fragments,8.0,12.0,0.57,0.45,0.5,True,0.94972,0.00575,0.00944,0.006240000000000001,2.1231161060012425,False,PASS,PET_LONG_ASPECT-22-01696
PET_LONG_ASPECT,PET,long-aspect fragments,8.0,12.0,0.57,0.45,1.0,True,0.94972,0.007250000000000001,0.00944,0.006240000000000001,2.1254174851295167,False,PASS,PET_LONG_ASPECT-22-01697
PET_LONG_ASPECT,PET,long-aspect fragments,8.0,12.0,0.57,0.7,0.0,True,0.9422200000000001,0.004875,0.011106666666666666,0.007073333333333334,2.126513519416025,False,PASS,PET_LONG_ASPECT-22-01698
PET_LONG_ASPECT,PET,long-aspect fragments,8.0,12.0,0.57,0.7,0.5,True,0.9422200000000001,0.0063750000000000005,0.011106666666666666,0.007073333333333334,2.1288222737822973,False,PASS,PET_LONG_ASPECT-22-01699
PET_LONG_ASPECT,PET,long-aspect fragments,8.0,12.0,0.57,0.7,1.0,True,0.9422200000000001,0.007875,0.011106666666666666,0.007073333333333334,2.131136046823616,False,PASS,PET_LONG_ASPECT-22-01700
PET_LOW_BULK,PET,low-bulk-density flakes,3.0,3.5,0.37,0.2,0.0,False,0.9737472727272727,0.0,0.005373333333333332,0.002688484848484849,1.115667225595662,False,PASS,PET_LOW_BULK-00-01701
PET_LOW_BULK,PET,low-bulk-density flakes,3.0,3.5,0.37,0.2,0.5,False,0.9737472727272727,0.0,0.005373333333333332,0.002688484848484849,1.115667225595662,False,PASS,PET_LOW_BULK-00-01702
PET_LOW_BULK,PET,low-bulk-density flakes,3.0,3.5,0.37,0.2,1.0,False,0.9737472727272727,0.0,0.005373333333333332,0.002688484848484849,1.115667225595662,False,PASS,PET_LOW_BULK-00-01703
PET_LOW_BULK,PET,low-bulk-density flakes,3.0,3.5,0.37,0.45,0.0,False,0.9662472727272726,0.0,0.007039999999999999,0.0035218181818181824,1.1169757074436724,False,PASS,PET_LOW_BULK-00-01704
PET_LOW_BULK,PET,low-bulk-density flakes,3.0,3.5,0.37,0.45,0.5,False,0.9662472727272726,0.0,0.007039999999999999,0.0035218181818181824,1.1169757074436724,False,PASS,PET_LOW_BULK-00-01705
PET_LOW_BULK,PET,low-bulk-density flakes,3.0,3.5,0.37,0.45,1.0,False,0.9662472727272726,0.0,0.007039999999999999,0.0035218181818181824,1.1169757074436724,False,PASS,PET_LOW_BULK-00-01706
PET_LOW_BULK,PET,low-bulk-density flakes,3.0,3.5,0.37,0.7,0.0,False,0.9587472727272727,0.0,0.008706666666666666,0.004355151515151515,1.118287262134708,False,PASS,PET_LOW_BULK-00-01707
PET_LOW_BULK,PET,low-bulk-density flakes,3.0,3.5,0.37,0.7,0.5,False,0.9587472727272727,0.0,0.008706666666666666,0.004355151515151515,1.118287262134708,False,PASS,PET_LOW_BULK-00-01708
PET_LOW_BULK,PET,low-bulk-density flakes,3.0,3.5,0.37,0.7,1.0,False,0.9587472727272727,0.0,0.008706666666666666,0.004355151515151515,1.118287262134708,False,PASS,PET_LOW_BULK-00-01709
PET_LOW_BULK,PET,low-bulk-density flakes,3.0,3.5,0.45,0.2,0.0,False,0.9702272727272727,0.0,0.006333333333333333,0.002848484848484849,1.1162809577690618,False,PASS,PET_LOW_BULK-00-01710
PET_LOW_BULK,PET,low-bulk-density flakes,3.0,3.5,0.45,0.2,0.5,False,0.9702272727272727,0.0,0.006333333333333333,0.002848484848484849,1.1162809577690618,False,PASS,PET_LOW_BULK-00-01711
PET_LOW_BULK,PET,low-bulk-density flakes,3.0,3.5,0.45,0.2,1.0,False,0.9702272727272727,0.0,0.006333333333333333,0.002848484848484849,1.1162809577690618,False,PASS,PET_LOW_BULK-00-01712
PET_LOW_BULK,PET,low-bulk-density flakes,3.0,3.5,0.45,0.45,0.0,False,0.9627272727272727,0.0,0.008,0.0036818181818181824,1.1175908804584154,False,PASS,PET_LOW_BULK-00-01713
PET_LOW_BULK,PET,low-bulk-density flakes,3.0,3.5,0.45,0.45,0.5,False,0.9627272727272727,0.0,0.008,0.0036818181818181824,1.1175908804584154,False,PASS,PET_LOW_BULK-00-01714
PET_LOW_BULK,PET,low-bulk-density flakes,3.0,3.5,0.45,0.45,1.0,False,0.9627272727272727,0.0,0.008,0.0036818181818181824,1.1175908804584154,False,PASS,PET_LOW_BULK-00-01715
PET_LOW_BULK,PET,low-bulk-density flakes,3.0,3.5,0.45,0.7,0.0,False,0.9552272727272727,0.0,0.009666666666666667,0.004515151515151515,1.1189038810706893,False,PASS,PET_LOW_BULK-00-01716
PET_LOW_BULK,PET,low-bulk-density flakes,3.0,3.5,0.45,0.7,0.5,False,0.9552272727272727,0.0,0.009666666666666667,0.004515151515151515,1.1189038810706893,False,PASS,PET_LOW_BULK-00-01717
PET_LOW_BULK,PET,low-bulk-density flakes,3.0,3.5,0.45,0.7,1.0,False,0.9552272727272727,0.0,0.009666666666666667,0.004515151515151515,1.1189038810706893,False,PASS,PET_LOW_BULK-00-01718
PET_LOW_BULK,PET,low-bulk-density flakes,3.0,3.5,0.55,0.2,0.0,False,0.9658272727272728,0.0,0.007533333333333335,0.003048484848484849,1.117049073184384,False,PASS,PET_LOW_BULK-00-01719
PET_LOW_BULK,PET,low-bulk-density flakes,3.0,3.5,0.55,0.2,0.5,False,0.9658272727272728,0.0,0.007533333333333335,0.003048484848484849,1.117049073184384,False,PASS,PET_LOW_BULK-00-01720
PET_LOW_BULK,PET,low-bulk-density flakes,3.0,3.5,0.55,0.2,1.0,False,0.9658272727272728,0.0,0.007533333333333335,0.003048484848484849,1.117049073184384,False,PASS,PET_LOW_BULK-00-01721
PET_LOW_BULK,PET,low-bulk-density flakes,3.0,3.5,0.55,0.45,0.0,False,0.9583272727272727,0.0,0.009200000000000002,0.0038818181818181825,1.1183608002745882,False,PASS,PET_LOW_BULK-00-01722
PET_LOW_BULK,PET,low-bulk-density flakes,3.0,3.5,0.55,0.45,0.5,False,0.9583272727272727,0.0,0.009200000000000002,0.0038818181818181825,1.1183608002745882,False,PASS,PET_LOW_BULK-00-01723
PET_LOW_BULK,PET,low-bulk-density flakes,3.0,3.5,0.55,0.45,1.0,False,0.9583272727272727,0.0,0.009200000000000002,0.0038818181818181825,1.1183608002745882,False,PASS,PET_LOW_BULK-00-01724
PET_LOW_BULK,PET,low-bulk-density flakes,3.0,3.5,0.55,0.7,0.0,False,0.9508272727272727,0.0,0.010866666666666667,0.004715151515151515,1.1196756116533395,False,PASS,PET_LOW_BULK-00-01725
PET_LOW_BULK,PET,low-bulk-density flakes,3.0,3.5,0.55,0.7,0.5,False,0.9508272727272727,0.0,0.010866666666666667,0.004715151515151515,1.1196756116533395,False,PASS,PET_LOW_BULK-00-01726
PET_LOW_BULK,PET,low-bulk-density flakes,3.0,3.5,0.55,0.7,1.0,False,0.9508272727272727,0.0,0.010866666666666667,0.004715151515151515,1.1196756116533395,False,PASS,PET_LOW_BULK-00-01727
PET_LOW_BULK,PET,low-bulk-density flakes,3.0,5.0,0.37,0.2,0.0,False,0.9723836363636363,0.0,0.005373333333333332,0.0030975757575757573,1.1159049033145498,False,PASS,PET_LOW_BULK-01-01728
PET_LOW_BULK,PET,low-bulk-density flakes,3.0,5.0,0.37,0.2,0.5,False,0.9723836363636363,0.0,0.005373333333333332,0.0030975757575757573,1.1159049033145498,False,PASS,PET_LOW_BULK-01-01729
PET_LOW_BULK,PET,low-bulk-density flakes,3.0,5.0,0.37,0.2,1.0,False,0.9723836363636363,0.0,0.005373333333333332,0.0030975757575757573,1.1159049033145498,False,PASS,PET_LOW_BULK-01-01730
PET_LOW_BULK,PET,low-bulk-density flakes,3.0,5.0,0.37,0.45,0.0,False,0.9648836363636363,0.0,0.007039999999999999,0.003930909090909091,1.1172139430575148,False,PASS,PET_LOW_BULK-01-01731
PET_LOW_BULK,PET,low-bulk-density flakes,3.0,5.0,0.37,0.45,0.5,False,0.9648836363636363,0.0,0.007039999999999999,0.003930909090909091,1.1172139430575148,False,PASS,PET_LOW_BULK-01-01732
PET_LOW_BULK,PET,low-bulk-density flakes,3.0,5.0,0.37,0.45,1.0,False,0.9648836363636363,0.0,0.007039999999999999,0.003930909090909091,1.1172139430575148,False,PASS,PET_LOW_BULK-01-01733
PET_LOW_BULK,PET,low-bulk-density flakes,3.0,5.0,0.37,0.7,0.0,False,0.9573836363636363,0.0,0.008706666666666666,0.004764242424242424,1.1185260576101117,False,PASS,PET_LOW_BULK-01-01734
PET_LOW_BULK,PET,low-bulk-density flakes,3.0,5.0,0.37,0.7,0.5,False,0.9573836363636363,0.0,0.008706666666666666,0.004764242424242424,1.1185260576101117,False,PASS,PET_LOW_BULK-01-01735
PET_LOW_BULK,PET,low-bulk-density flakes,3.0,5.0,0.37,0.7,1.0,False,0.9573836363636363,0.0,0.008706666666666666,0.004764242424242424,1.1185260576101117,False,PASS,PET_LOW_BULK-01-01736
PET_LOW_BULK,PET,low-bulk-density flakes,3.0,5.0,0.45,0.2,0.0,False,0.9688636363636364,0.0,0.006333333333333333,0.0032575757575757573,1.1165188970823332,False,PASS,PET_LOW_BULK-01-01737
PET_LOW_BULK,PET,low-bulk-density flakes,3.0,5.0,0.45,0.2,0.5,False,0.9688636363636364,0.0,0.006333333333333333,0.0032575757575757573,1.1165188970823332,False,PASS,PET_LOW_BULK-01-01738
PET_LOW_BULK,PET,low-bulk-density flakes,3.0,5.0,0.45,0.2,1.0,False,0.9688636363636364,0.0,0.006333333333333333,0.0032575757575757573,1.1165188970823332,False,PASS,PET_LOW_BULK-01-01739
PET_LOW_BULK,PET,low-bulk-density flakes,3.0,5.0,0.45,0.45,0.0,False,0.9613636363636363,0.0,0.008,0.004090909090909091,1.1178293785884863,False,PASS,PET_LOW_BULK-01-01740
PET_LOW_BULK,PET,low-bulk-density flakes,3.0,5.0,0.45,0.45,0.5,False,0.9613636363636363,0.0,0.008,0.004090909090909091,1.1178293785884863,False,PASS,PET_LOW_BULK-01-01741
PET_LOW_BULK,PET,low-bulk-density flakes,3.0,5.0,0.45,0.45,1.0,False,0.9613636363636363,0.0,0.008,0.004090909090909091,1.1178293785884863,False,PASS,PET_LOW_BULK-01-01742
PET_LOW_BULK,PET,low-bulk-density flakes,3.0,5.0,0.45,0.7,0.0,False,0.9538636363636364,0.0,0.009666666666666667,0.004924242424242425,1.1191429399885033,False,PASS,PET_LOW_BULK-01-01743
PET_LOW_BULK,PET,low-bulk-density flakes,3.0,5.0,0.45,0.7,0.5,False,0.9538636363636364,0.0,0.009666666666666667,0.004924242424242425,1.1191429399885033,False,PASS,PET_LOW_BULK-01-01744
PET_LOW_BULK,PET,low-bulk-density flakes,3.0,5.0,0.45,0.7,1.0,False,0.9538636363636364,0.0,0.009666666666666667,0.004924242424242425,1.1191429399885033,False,PASS,PET_LOW_BULK-01-01745
PET_LOW_BULK,PET,low-bulk-density flakes,3.0,5.0,0.55,0.2,0.0,False,0.9644636363636364,0.0,0.007533333333333335,0.0034575757575757574,1.1172873400984065,False,PASS,PET_LOW_BULK-01-01746
PET_LOW_BULK,PET,low-bulk-density flakes,3.0,5.0,0.55,0.2,0.5,False,0.9644636363636364,0.0,0.007533333333333335,0.0034575757575757574,1.1172873400984065,False,PASS,PET_LOW_BULK-01-01747
PET_LOW_BULK,PET,low-bulk-density flakes,3.0,5.0,0.55,0.2,1.0,False,0.9644636363636364,0.0,0.007533333333333335,0.0034575757575757574,1.1172873400984065,False,PASS,PET_LOW_BULK-01-01748
PET_LOW_BULK,PET,low-bulk-density flakes,3.0,5.0,0.55,0.45,0.0,False,0.9569636363636363,0.0,0.009200000000000002,0.004290909090909091,1.1185996271605751,False,PASS,PET_LOW_BULK-01-01749
PET_LOW_BULK,PET,low-bulk-density flakes,3.0,5.0,0.55,0.45,0.5,False,0.9569636363636363,0.0,0.009200000000000002,0.004290909090909091,1.1185996271605751,False,PASS,PET_LOW_BULK-01-01750
PET_LOW_BULK,PET,low-bulk-density flakes,3.0,5.0,0.55,0.45,1.0,False,0.9569636363636363,0.0,0.009200000000000002,0.004290909090909091,1.1185996271605751,False,PASS,PET_LOW_BULK-01-01751
PET_LOW_BULK,PET,low-bulk-density flakes,3.0,5.0,0.55,0.7,0.0,False,0.9494636363636364,0.0,0.010866666666666667,0.005124242424242424,1.119915000487672,False,PASS,PET_LOW_BULK-01-01752
PET_LOW_BULK,PET,low-bulk-density flakes,3.0,5.0,0.55,0.7,0.5,False,0.9494636363636364,0.0,0.010866666666666667,0.005124242424242424,1.119915000487672,False,PASS,PET_LOW_BULK-01-01753
PET_LOW_BULK,PET,low-bulk-density flakes,3.0,5.0,0.55,0.7,1.0,False,0.9494636363636364,0.0,0.010866666666666667,0.005124242424242424,1.119915000487672,False,PASS,PET_LOW_BULK-01-01754
PET_LOW_BULK,PET,low-bulk-density flakes,3.0,7.5,0.37,0.2,0.0,False,0.9701109090909091,0.002806818181818182,0.005373333333333332,0.003779393939393939,1.118965821677253,False,PASS,PET_LOW_BULK-02-01755
PET_LOW_BULK,PET,low-bulk-density flakes,3.0,7.5,0.37,0.2,0.5,False,0.9701109090909091,0.0043068181818181825,0.005373333333333332,0.003779393939393939,1.1203950211356408,False,PASS,PET_LOW_BULK-02-01756
PET_LOW_BULK,PET,low-bulk-density flakes,3.0,7.5,0.37,0.2,1.0,False,0.9701109090909091,0.005806818181818182,0.005373333333333332,0.003779393939393939,1.121827876154037,False,PASS,PET_LOW_BULK-02-01757
PET_LOW_BULK,PET,low-bulk-density flakes,3.0,7.5,0.37,0.45,0.0,False,0.9626109090909091,0.003431818181818182,0.007039999999999999,0.004612727272727273,1.1208785144177789,False,PASS,PET_LOW_BULK-02-01758
PET_LOW_BULK,PET,low-bulk-density flakes,3.0,7.5,0.37,0.45,0.5,False,0.9626109090909091,0.004931818181818183,0.007039999999999999,0.004612727272727273,1.1223126071578975,False,PASS,PET_LOW_BULK-02-01759
PET_LOW_BULK,PET,low-bulk-density flakes,3.0,7.5,0.37,0.45,1.0,False,0.9626109090909091,0.006431818181818183,0.007039999999999999,0.004612727272727273,1.1237503742599542,False,PASS,PET_LOW_BULK-02-01760
PET_LOW_BULK,PET,low-bulk-density flakes,3.0,7.5,0.37,0.7,0.0,False,0.9551109090909091,0.004056818181818182,0.008706666666666666,0.005446060606060606,1.1227977572380188,False,PASS,PET_LOW_BULK-02-01761
PET_LOW_BULK,PET,low-bulk-density flakes,3.0,7.5,0.37,0.7,0.5,False,0.9551109090909091,0.005556818181818182,0.008706666666666666,0.005446060606060606,1.1242367684333283,False,PASS,PET_LOW_BULK-02-01762
PET_LOW_BULK,PET,low-bulk-density flakes,3.0,7.5,0.37,0.7,1.0,False,0.9551109090909091,0.0070568181818181815,0.008706666666666666,0.005446060606060606,1.1256794729216675,False,PASS,PET_LOW_BULK-02-01763
PET_LOW_BULK,PET,low-bulk-density flakes,3.0,7.5,0.45,0.2,0.0,False,0.9665909090909092,0.002806818181818182,0.006333333333333333,0.003939393939393939,1.1195831893566315,False,PASS,PET_LOW_BULK-02-01764
PET_LOW_BULK,PET,low-bulk-density flakes,3.0,7.5,0.45,0.2,0.5,False,0.9665909090909092,0.0043068181818181825,0.006333333333333333,0.003939393939393939,1.121013967324481,False,PASS,PET_LOW_BULK-02-01765
PET_LOW_BULK,PET,low-bulk-density flakes,3.0,7.5,0.45,0.2,1.0,False,0.9665909090909092,0.005806818181818182,0.006333333333333333,0.003939393939393939,1.122448406914078,False,PASS,PET_LOW_BULK-02-01766
PET_LOW_BULK,PET,low-bulk-density flakes,3.0,7.5,0.45,0.45,0.0,False,0.9590909090909091,0.003431818181818182,0.008,0.004772727272727272,1.1214979950674477,False,PASS,PET_LOW_BULK-02-01767
PET_LOW_BULK,PET,low-bulk-density flakes,3.0,7.5,0.45,0.45,0.5,False,0.9590909090909091,0.004931818181818183,0.008,0.004772727272727272,1.122933674432944,False,PASS,PET_LOW_BULK-02-01768
PET_LOW_BULK,PET,low-bulk-density flakes,3.0,7.5,0.45,0.45,1.0,False,0.9590909090909091,0.006431818181818183,0.008,0.004772727272727272,1.124373034263735,False,PASS,PET_LOW_BULK-02-01769
PET_LOW_BULK,PET,low-bulk-density flakes,3.0,7.5,0.45,0.7,0.0,False,0.9515909090909092,0.004056818181818182,0.009666666666666667,0.005606060606060606,1.123419361724183,False,PASS,PET_LOW_BULK-02-01770
PET_LOW_BULK,PET,low-bulk-density flakes,3.0,7.5,0.45,0.7,0.5,False,0.9515909090909092,0.005556818181818182,0.009666666666666667,0.005606060606060606,1.1248599677165187,False,PASS,PET_LOW_BULK-02-01771
PET_LOW_BULK,PET,low-bulk-density flakes,3.0,7.5,0.45,0.7,1.0,False,0.9515909090909092,0.0070568181818181815,0.009666666666666667,0.005606060606060606,1.1263042731472166,False,PASS,PET_LOW_BULK-02-01772
PET_LOW_BULK,PET,low-bulk-density flakes,3.0,7.5,0.55,0.2,0.0,False,0.9621909090909092,0.002806818181818182,0.007533333333333335,0.004139393939393939,1.120355857612548,False,PASS,PET_LOW_BULK-02-01773
PET_LOW_BULK,PET,low-bulk-density flakes,3.0,7.5,0.55,0.2,0.5,False,0.9621909090909092,0.0043068181818181825,0.007533333333333335,0.004139393939393939,1.121788612397457,False,PASS,PET_LOW_BULK-02-01774
PET_LOW_BULK,PET,low-bulk-density flakes,3.0,7.5,0.55,0.2,1.0,False,0.9621909090909092,0.005806818181818182,0.007533333333333335,0.004139393939393939,1.1232250364001495,False,PASS,PET_LOW_BULK-02-01775
PET_LOW_BULK,PET,low-bulk-density flakes,3.0,7.5,0.55,0.45,0.0,False,0.9546909090909091,0.003431818181818182,0.009200000000000002,0.004972727272727273,1.1222733094636002,False,PASS,PET_LOW_BULK-02-01776
PET_LOW_BULK,PET,low-bulk-density flakes,3.0,7.5,0.55,0.45,0.5,False,0.9546909090909091,0.004931818181818183,0.009200000000000002,0.004972727272727273,1.1237109758163095,False,PASS,PET_LOW_BULK-02-01777
PET_LOW_BULK,PET,low-bulk-density flakes,3.0,7.5,0.55,0.45,1.0,False,0.9546909090909091,0.006431818181818183,0.009200000000000002,0.004972727272727273,1.125152330282534,False,PASS,PET_LOW_BULK-02-01778
PET_LOW_BULK,PET,low-bulk-density flakes,3.0,7.5,0.55,0.7,0.0,False,0.9471909090909092,0.004056818181818182,0.010866666666666667,0.005806060606060606,1.1241973358771533,False,PASS,PET_LOW_BULK-02-01779
PET_LOW_BULK,PET,low-bulk-density flakes,3.0,7.5,0.55,0.7,0.5,False,0.9471909090909092,0.005556818181818182,0.010866666666666667,0.005806060606060606,1.1256399390967395,False,PASS,PET_LOW_BULK-02-01780
PET_LOW_BULK,PET,low-bulk-density flakes,3.0,7.5,0.55,0.7,1.0,False,0.9471909090909092,0.0070568181818181815,0.010866666666666667,0.005806060606060606,1.1270862494555405,False,PASS,PET_LOW_BULK-02-01781
PET_LOW_BULK,PET,low-bulk-density flakes,5.5,3.5,0.37,0.2,0.0,True,0.9737472727272727,0.0,0.005373333333333332,0.002688484848484849,2.0994086004143697,False,PASS,PET_LOW_BULK-10-01782
PET_LOW_BULK,PET,low-bulk-density flakes,5.5,3.5,0.37,0.2,0.5,True,0.9737472727272727,0.0,0.005373333333333332,0.002688484848484849,2.0994086004143697,False,PASS,PET_LOW_BULK-10-01783
PET_LOW_BULK,PET,low-bulk-density flakes,5.5,3.5,0.37,0.2,1.0,True,0.9737472727272727,0.0,0.005373333333333332,0.002688484848484849,2.0994086004143697,False,PASS,PET_LOW_BULK-10-01784
PET_LOW_BULK,PET,low-bulk-density flakes,5.5,3.5,0.37,0.45,0.0,True,0.9662472727272726,0.0,0.007039999999999999,0.0035218181818181824,2.1040467168761072,False,PASS,PET_LOW_BULK-10-01785
PET_LOW_BULK,PET,low-bulk-density flakes,5.5,3.5,0.37,0.45,0.5,True,0.9662472727272726,0.0,0.007039999999999999,0.0035218181818181824,2.1040467168761072,False,PASS,PET_LOW_BULK-10-01786
PET_LOW_BULK,PET,low-bulk-density flakes,5.5,3.5,0.37,0.45,1.0,True,0.9662472727272726,0.0,0.007039999999999999,0.0035218181818181824,2.1040467168761072,False,PASS,PET_LOW_BULK-10-01787
PET_LOW_BULK,PET,low-bulk-density flakes,5.5,3.5,0.37,0.7,0.0,True,0.9587472727272727,0.0,0.008706666666666666,0.004355151515151515,2.1087053722221545,False,PASS,PET_LOW_BULK-10-01788
PET_LOW_BULK,PET,low-bulk-density flakes,5.5,3.5,0.37,0.7,0.5,True,0.9587472727272727,0.0,0.008706666666666666,0.004355151515151515,2.1087053722221545,False,PASS,PET_LOW_BULK-10-01789
PET_LOW_BULK,PET,low-bulk-density flakes,5.5,3.5,0.37,0.7,1.0,True,0.9587472727272727,0.0,0.008706666666666666,0.004355151515151515,2.1087053722221545,False,PASS,PET_LOW_BULK-10-01790
PET_LOW_BULK,PET,low-bulk-density flakes,5.5,3.5,0.45,0.2,0.0,True,0.9702272727272727,0.0,0.006333333333333333,0.002848484848484849,2.1015828740101066,False,PASS,PET_LOW_BULK-10-01791
PET_LOW_BULK,PET,low-bulk-density flakes,5.5,3.5,0.45,0.2,0.5,True,0.9702272727272727,0.0,0.006333333333333333,0.002848484848484849,2.1015828740101066,False,PASS,PET_LOW_BULK-10-01792
PET_LOW_BULK,PET,low-bulk-density flakes,5.5,3.5,0.45,0.2,1.0,True,0.9702272727272727,0.0,0.006333333333333333,0.002848484848484849,2.1015828740101066,False,PASS,PET_LOW_BULK-10-01793
PET_LOW_BULK,PET,low-bulk-density flakes,5.5,3.5,0.45,0.45,0.0,True,0.9627272727272727,0.0,0.008,0.0036818181818181824,2.106230613104584,False,PASS,PET_LOW_BULK-10-01794
PET_LOW_BULK,PET,low-bulk-density flakes,5.5,3.5,0.45,0.45,0.5,True,0.9627272727272727,0.0,0.008,0.0036818181818181824,2.106230613104584,False,PASS,PET_LOW_BULK-10-01795
PET_LOW_BULK,PET,low-bulk-density flakes,5.5,3.5,0.45,0.45,1.0,True,0.9627272727272727,0.0,0.008,0.0036818181818181824,2.106230613104584,False,PASS,PET_LOW_BULK-10-01796
PET_LOW_BULK,PET,low-bulk-density flakes,5.5,3.5,0.45,0.7,0.0,True,0.9552272727272727,0.0,0.009666666666666667,0.004515151515151515,2.110898955105017,False,PASS,PET_LOW_BULK-10-01797
PET_LOW_BULK,PET,low-bulk-density flakes,5.5,3.5,0.45,0.7,0.5,True,0.9552272727272727,0.0,0.009666666666666667,0.004515151515151515,2.110898955105017,False,PASS,PET_LOW_BULK-10-01798
PET_LOW_BULK,PET,low-bulk-density flakes,5.5,3.5,0.45,0.7,1.0,True,0.9552272727272727,0.0,0.009666666666666667,0.004515151515151515,2.110898955105017,False,PASS,PET_LOW_BULK-10-01799
PET_LOW_BULK,PET,low-bulk-density flakes,5.5,3.5,0.55,0.2,0.0,True,0.9658272727272728,0.0,0.007533333333333335,0.003048484848484849,2.104307057425009,False,PASS,PET_LOW_BULK-10-01800
PET_LOW_BULK,PET,low-bulk-density flakes,5.5,3.5,0.55,0.2,0.5,True,0.9658272727272728,0.0,0.007533333333333335,0.003048484848484849,2.104307057425009,False,PASS,PET_LOW_BULK-10-01801
PET_LOW_BULK,PET,low-bulk-density flakes,5.5,3.5,0.55,0.2,1.0,True,0.9658272727272728,0.0,0.007533333333333335,0.003048484848484849,2.104307057425009,False,PASS,PET_LOW_BULK-10-01802
PET_LOW_BULK,PET,low-bulk-density flakes,5.5,3.5,0.55,0.45,0.0,True,0.9583272727272727,0.0,0.009200000000000002,0.0038818181818181825,2.108966866980174,False,PASS,PET_LOW_BULK-10-01803
PET_LOW_BULK,PET,low-bulk-density flakes,5.5,3.5,0.55,0.45,0.5,True,0.9583272727272727,0.0,0.009200000000000002,0.0038818181818181825,2.108966866980174,False,PASS,PET_LOW_BULK-10-01804
PET_LOW_BULK,PET,low-bulk-density flakes,5.5,3.5,0.55,0.45,1.0,True,0.9583272727272727,0.0,0.009200000000000002,0.0038818181818181825,2.108966866980174,False,PASS,PET_LOW_BULK-10-01805
PET_LOW_BULK,PET,low-bulk-density flakes,5.5,3.5,0.55,0.7,0.0,True,0.9508272727272727,0.0,0.010866666666666667,0.004715151515151515,2.1136473598430827,False,PASS,PET_LOW_BULK-10-01806
PET_LOW_BULK,PET,low-bulk-density flakes,5.5,3.5,0.55,0.7,0.5,True,0.9508272727272727,0.0,0.010866666666666667,0.004715151515151515,2.1136473598430827,False,PASS,PET_LOW_BULK-10-01807
PET_LOW_BULK,PET,low-bulk-density flakes,5.5,3.5,0.55,0.7,1.0,True,0.9508272727272727,0.0,0.010866666666666667,0.004715151515151515,2.1136473598430827,False,PASS,PET_LOW_BULK-10-01808
PET_LOW_BULK,PET,low-bulk-density flakes,5.5,5.0,0.37,0.2,0.0,True,0.9723836363636363,0.0,0.005373333333333332,0.0030975757575757573,2.1002503727562547,False,PASS,PET_LOW_BULK-11-01809
PET_LOW_BULK,PET,low-bulk-density flakes,5.5,5.0,0.37,0.2,0.5,True,0.9723836363636363,0.0,0.005373333333333332,0.0030975757575757573,2.1002503727562547,False,PASS,PET_LOW_BULK-11-01810
PET_LOW_BULK,PET,low-bulk-density flakes,5.5,5.0,0.37,0.2,1.0,True,0.9723836363636363,0.0,0.005373333333333332,0.0030975757575757573,2.1002503727562547,False,PASS,PET_LOW_BULK-11-01811
PET_LOW_BULK,PET,low-bulk-density flakes,5.5,5.0,0.37,0.45,0.0,True,0.9648836363636363,0.0,0.007039999999999999,0.003930909090909091,2.1048922134449493,False,PASS,PET_LOW_BULK-11-01812
PET_LOW_BULK,PET,low-bulk-density flakes,5.5,5.0,0.37,0.45,0.5,True,0.9648836363636363,0.0,0.007039999999999999,0.003930909090909091,2.1048922134449493,False,PASS,PET_LOW_BULK-11-01813
PET_LOW_BULK,PET,low-bulk-density flakes,5.5,5.0,0.37,0.45,1.0,True,0.9648836363636363,0.0,0.007039999999999999,0.003930909090909091,2.1048922134449493,False,PASS,PET_LOW_BULK-11-01814
PET_LOW_BULK,PET,low-bulk-density flakes,5.5,5.0,0.37,0.7,0.0,True,0.9573836363636363,0.0,0.008706666666666666,0.004764242424242424,2.109554617788209,False,PASS,PET_LOW_BULK-11-01815
PET_LOW_BULK,PET,low-bulk-density flakes,5.5,5.0,0.37,0.7,0.5,True,0.9573836363636363,0.0,0.008706666666666666,0.004764242424242424,2.109554617788209,False,PASS,PET_LOW_BULK-11-01816
PET_LOW_BULK,PET,low-bulk-density flakes,5.5,5.0,0.37,0.7,1.0,True,0.9573836363636363,0.0,0.008706666666666666,0.004764242424242424,2.109554617788209,False,PASS,PET_LOW_BULK-11-01817
PET_LOW_BULK,PET,low-bulk-density flakes,5.5,5.0,0.45,0.2,0.0,True,0.9688636363636364,0.0,0.006333333333333333,0.0032575757575757573,2.1024263911850993,False,PASS,PET_LOW_BULK-11-01818
PET_LOW_BULK,PET,low-bulk-density flakes,5.5,5.0,0.45,0.2,0.5,True,0.9688636363636364,0.0,0.006333333333333333,0.0032575757575757573,2.1024263911850993,False,PASS,PET_LOW_BULK-11-01819
PET_LOW_BULK,PET,low-bulk-density flakes,5.5,5.0,0.45,0.2,1.0,True,0.9688636363636364,0.0,0.006333333333333333,0.0032575757575757573,2.1024263911850993,False,PASS,PET_LOW_BULK-11-01820
PET_LOW_BULK,PET,low-bulk-density flakes,5.5,5.0,0.45,0.45,0.0,True,0.9613636363636363,0.0,0.008,0.004090909090909091,2.1070778661047793,False,PASS,PET_LOW_BULK-11-01821
PET_LOW_BULK,PET,low-bulk-density flakes,5.5,5.0,0.45,0.45,0.5,True,0.9613636363636363,0.0,0.008,0.004090909090909091,2.1070778661047793,False,PASS,PET_LOW_BULK-11-01822
PET_LOW_BULK,PET,low-bulk-density flakes,5.5,5.0,0.45,0.45,1.0,True,0.9613636363636363,0.0,0.008,0.004090909090909091,2.1070778661047793,False,PASS,PET_LOW_BULK-11-01823
PET_LOW_BULK,PET,low-bulk-density flakes,5.5,5.0,0.45,0.7,0.0,True,0.9538636363636364,0.0,0.009666666666666667,0.004924242424242425,2.1117499688036934,False,PASS,PET_LOW_BULK-11-01824
PET_LOW_BULK,PET,low-bulk-density flakes,5.5,5.0,0.45,0.7,0.5,True,0.9538636363636364,0.0,0.009666666666666667,0.004924242424242425,2.1117499688036934,False,PASS,PET_LOW_BULK-11-01825
PET_LOW_BULK,PET,low-bulk-density flakes,5.5,5.0,0.45,0.7,1.0,True,0.9538636363636364,0.0,0.009666666666666667,0.004924242424242425,2.1117499688036934,False,PASS,PET_LOW_BULK-11-01826
PET_LOW_BULK,PET,low-bulk-density flakes,5.5,5.0,0.55,0.2,0.0,True,0.9644636363636364,0.0,0.007533333333333335,0.0034575757575757574,2.1051527632809304,False,PASS,PET_LOW_BULK-11-01827
PET_LOW_BULK,PET,low-bulk-density flakes,5.5,5.0,0.55,0.2,0.5,True,0.9644636363636364,0.0,0.007533333333333335,0.0034575757575757574,2.1051527632809304,False,PASS,PET_LOW_BULK-11-01828
PET_LOW_BULK,PET,low-bulk-density flakes,5.5,5.0,0.55,0.2,1.0,True,0.9644636363636364,0.0,0.007533333333333335,0.0034575757575757574,2.1051527632809304,False,PASS,PET_LOW_BULK-11-01829
PET_LOW_BULK,PET,low-bulk-density flakes,5.5,5.0,0.55,0.45,0.0,True,0.9569636363636363,0.0,0.009200000000000002,0.004290909090909091,2.1098163232269296,False,PASS,PET_LOW_BULK-11-01830
PET_LOW_BULK,PET,low-bulk-density flakes,5.5,5.0,0.55,0.45,0.5,True,0.9569636363636363,0.0,0.009200000000000002,0.004290909090909091,2.1098163232269296,False,PASS,PET_LOW_BULK-11-01831
PET_LOW_BULK,PET,low-bulk-density flakes,5.5,5.0,0.55,0.45,1.0,True,0.9569636363636363,0.0,0.009200000000000002,0.004290909090909091,2.1098163232269296,False,PASS,PET_LOW_BULK-11-01832
PET_LOW_BULK,PET,low-bulk-density flakes,5.5,5.0,0.55,0.7,0.0,True,0.9494636363636364,0.0,0.010866666666666667,0.005124242424242424,2.1145005914834836,False,PASS,PET_LOW_BULK-11-01833
PET_LOW_BULK,PET,low-bulk-density flakes,5.5,5.0,0.55,0.7,0.5,True,0.9494636363636364,0.0,0.010866666666666667,0.005124242424242424,2.1145005914834836,False,PASS,PET_LOW_BULK-11-01834
PET_LOW_BULK,PET,low-bulk-density flakes,5.5,5.0,0.55,0.7,1.0,True,0.9494636363636364,0.0,0.010866666666666667,0.005124242424242424,2.1145005914834836,False,PASS,PET_LOW_BULK-11-01835
PET_LOW_BULK,PET,low-bulk-density flakes,5.5,7.5,0.37,0.2,0.0,True,0.9701109090909091,0.002806818181818182,0.005373333333333332,0.003779393939393939,2.105878477449095,False,PASS,PET_LOW_BULK-12-01836
PET_LOW_BULK,PET,low-bulk-density flakes,5.5,7.5,0.37,0.2,0.5,True,0.9701109090909091,0.0043068181818181825,0.005373333333333332,0.003779393939393939,2.1081426184545693,False,PASS,PET_LOW_BULK-12-01837
PET_LOW_BULK,PET,low-bulk-density flakes,5.5,7.5,0.37,0.2,1.0,True,0.9701109090909091,0.005806818181818182,0.005373333333333332,0.003779393939393939,2.110411633294951,False,PASS,PET_LOW_BULK-12-01838
PET_LOW_BULK,PET,low-bulk-density flakes,5.5,7.5,0.37,0.45,0.0,True,0.9626109090909091,0.003431818181818182,0.007039999999999999,0.004612727272727273,2.111492241859228,False,PASS,PET_LOW_BULK-12-01839
PET_LOW_BULK,PET,low-bulk-density flakes,5.5,7.5,0.37,0.45,0.5,True,0.9626109090909091,0.004931818181818183,0.007039999999999999,0.004612727272727273,2.113768476786537,False,PASS,PET_LOW_BULK-12-01840
PET_LOW_BULK,PET,low-bulk-density flakes,5.5,7.5,0.37,0.45,1.0,True,0.9626109090909091,0.006431818181818183,0.007039999999999999,0.004612727272727273,2.1160496246724305,False,PASS,PET_LOW_BULK-12-01841
PET_LOW_BULK,PET,low-bulk-density flakes,5.5,7.5,0.37,0.7,0.0,True,0.9551109090909091,0.004056818181818182,0.008706666666666666,0.005446060606060606,2.1171360161539785,False,PASS,PET_LOW_BULK-12-01842
PET_LOW_BULK,PET,low-bulk-density flakes,5.5,7.5,0.37,0.7,0.5,True,0.9551109090909091,0.005556818181818182,0.008706666666666666,0.005446060606060606,2.119424442162188,False,PASS,PET_LOW_BULK-12-01843
PET_LOW_BULK,PET,low-bulk-density flakes,5.5,7.5,0.37,0.7,1.0,True,0.9551109090909091,0.0070568181818181815,0.008706666666666666,0.005446060606060606,2.1217178206725253,False,PASS,PET_LOW_BULK-12-01844
PET_LOW_BULK,PET,low-bulk-density flakes,5.5,7.5,0.45,0.2,0.0,True,0.9665909090909092,0.002806818181818182,0.006333333333333333,0.003939393939393939,2.108066179863081,False,PASS,PET_LOW_BULK-12-01845
PET_LOW_BULK,PET,low-bulk-density flakes,5.5,7.5,0.45,0.2,0.5,True,0.9665909090909092,0.0043068181818181825,0.006333333333333333,0.003939393939393939,2.110335030074672,False,PASS,PET_LOW_BULK-12-01846
PET_LOW_BULK,PET,low-bulk-density flakes,5.5,7.5,0.45,0.2,1.0,True,0.9665909090909092,0.005806818181818182,0.006333333333333333,0.003939393939393939,2.1126087693429736,False,PASS,PET_LOW_BULK-12-01847
PET_LOW_BULK,PET,low-bulk-density flakes,5.5,7.5,0.45,0.45,0.0,True,0.9590909090909091,0.003431818181818182,0.008,0.004772727272727272,2.1136916296850696,False,PASS,PET_LOW_BULK-12-01848
PET_LOW_BULK,PET,low-bulk-density flakes,5.5,7.5,0.45,0.45,0.5,True,0.9590909090909091,0.004931818181818183,0.008,0.004772727272727272,2.1159726116199598,False,PASS,PET_LOW_BULK-12-01849
PET_LOW_BULK,PET,low-bulk-density flakes,5.5,7.5,0.45,0.45,1.0,True,0.9590909090909091,0.006431818181818183,0.008,0.004772727272727272,2.11825852189846,False,PASS,PET_LOW_BULK-12-01850
PET_LOW_BULK,PET,low-bulk-density flakes,5.5,7.5,0.45,0.7,0.0,True,0.9515909090909092,0.004056818181818182,0.009666666666666667,0.005606060606060606,2.1193471832671755,False,PASS,PET_LOW_BULK-12-01851
PET_LOW_BULK,PET,low-bulk-density flakes,5.5,7.5,0.45,0.7,0.5,True,0.9515909090909092,0.005556818181818182,0.009666666666666667,0.005606060606060606,2.1216403944900994,False,PASS,PET_LOW_BULK-12-01852
PET_LOW_BULK,PET,low-bulk-density flakes,5.5,7.5,0.45,0.7,1.0,True,0.9515909090909092,0.0070568181818181815,0.009666666666666667,0.005606060606060606,2.123938573765593,False,PASS,PET_LOW_BULK-12-01853
PET_LOW_BULK,PET,low-bulk-density flakes,5.5,7.5,0.55,0.2,0.0,True,0.9621909090909092,0.002806818181818182,0.007533333333333335,0.004139393939393939,2.110807208176346,False,PASS,PET_LOW_BULK-12-01854
PET_LOW_BULK,PET,low-bulk-density flakes,5.5,7.5,0.55,0.2,0.5,True,0.9621909090909092,0.0043068181818181825,0.007533333333333335,0.004139393939393939,2.1130819655850024,False,PASS,PET_LOW_BULK-12-01855
PET_LOW_BULK,PET,low-bulk-density flakes,5.5,7.5,0.55,0.2,1.0,True,0.9621909090909092,0.005806818181818182,0.007533333333333335,0.004139393939393939,2.115361631166892,False,PASS,PET_LOW_BULK-12-01856
PET_LOW_BULK,PET,low-bulk-density flakes,5.5,7.5,0.55,0.45,0.0,True,0.9546909090909091,0.003431818181818182,0.009200000000000002,0.004972727272727273,2.116447316142778,False,PASS,PET_LOW_BULK-12-01857
PET_LOW_BULK,PET,low-bulk-density flakes,5.5,7.5,0.55,0.45,0.5,True,0.9546909090909091,0.004931818181818183,0.009200000000000002,0.004972727272727273,2.1187342527484314,False,PASS,PET_LOW_BULK-12-01858
PET_LOW_BULK,PET,low-bulk-density flakes,5.5,7.5,0.55,0.45,1.0,True,0.9546909090909091,0.006431818181818183,0.009200000000000002,0.004972727272727273,2.121026137019445,False,PASS,PET_LOW_BULK-12-01859
PET_LOW_BULK,PET,low-bulk-density flakes,5.5,7.5,0.55,0.7,0.0,True,0.9471909090909092,0.004056818181818182,0.010866666666666667,0.005806060606060606,2.122117645765126,False,PASS,PET_LOW_BULK-12-01860
PET_LOW_BULK,PET,low-bulk-density flakes,5.5,7.5,0.55,0.7,0.5,True,0.9471909090909092,0.005556818181818182,0.010866666666666667,0.005806060606060606,2.1244168596425785,False,PASS,PET_LOW_BULK-12-01861
PET_LOW_BULK,PET,low-bulk-density flakes,5.5,7.5,0.55,0.7,1.0,True,0.9471909090909092,0.0070568181818181815,0.010866666666666667,0.005806060606060606,2.126721061102339,False,PASS,PET_LOW_BULK-12-01862
PET_LOW_BULK,PET,low-bulk-density flakes,8.0,3.5,0.37,0.2,0.0,True,0.9737472727272727,0.0,0.005373333333333332,0.002688484848484849,2.0994086004143697,False,PASS,PET_LOW_BULK-20-01863
PET_LOW_BULK,PET,low-bulk-density flakes,8.0,3.5,0.37,0.2,0.5,True,0.9737472727272727,0.0,0.005373333333333332,0.002688484848484849,2.0994086004143697,False,PASS,PET_LOW_BULK-20-01864
PET_LOW_BULK,PET,low-bulk-density flakes,8.0,3.5,0.37,0.2,1.0,True,0.9737472727272727,0.0,0.005373333333333332,0.002688484848484849,2.0994086004143697,False,PASS,PET_LOW_BULK-20-01865
PET_LOW_BULK,PET,low-bulk-density flakes,8.0,3.5,0.37,0.45,0.0,True,0.9662472727272726,0.0,0.007039999999999999,0.0035218181818181824,2.1040467168761072,False,PASS,PET_LOW_BULK-20-01866
PET_LOW_BULK,PET,low-bulk-density flakes,8.0,3.5,0.37,0.45,0.5,True,0.9662472727272726,0.0,0.007039999999999999,0.0035218181818181824,2.1040467168761072,False,PASS,PET_LOW_BULK-20-01867
PET_LOW_BULK,PET,low-bulk-density flakes,8.0,3.5,0.37,0.45,1.0,True,0.9662472727272726,0.0,0.007039999999999999,0.0035218181818181824,2.1040467168761072,False,PASS,PET_LOW_BULK-20-01868
PET_LOW_BULK,PET,low-bulk-density flakes,8.0,3.5,0.37,0.7,0.0,True,0.9587472727272727,0.0,0.008706666666666666,0.004355151515151515,2.1087053722221545,False,PASS,PET_LOW_BULK-20-01869
PET_LOW_BULK,PET,low-bulk-density flakes,8.0,3.5,0.37,0.7,0.5,True,0.9587472727272727,0.0,0.008706666666666666,0.004355151515151515,2.1087053722221545,False,PASS,PET_LOW_BULK-20-01870
PET_LOW_BULK,PET,low-bulk-density flakes,8.0,3.5,0.37,0.7,1.0,True,0.9587472727272727,0.0,0.008706666666666666,0.004355151515151515,2.1087053722221545,False,PASS,PET_LOW_BULK-20-01871
PET_LOW_BULK,PET,low-bulk-density flakes,8.0,3.5,0.45,0.2,0.0,True,0.9702272727272727,0.0,0.006333333333333333,0.002848484848484849,2.1015828740101066,False,PASS,PET_LOW_BULK-20-01872
PET_LOW_BULK,PET,low-bulk-density flakes,8.0,3.5,0.45,0.2,0.5,True,0.9702272727272727,0.0,0.006333333333333333,0.002848484848484849,2.1015828740101066,False,PASS,PET_LOW_BULK-20-01873
PET_LOW_BULK,PET,low-bulk-density flakes,8.0,3.5,0.45,0.2,1.0,True,0.9702272727272727,0.0,0.006333333333333333,0.002848484848484849,2.1015828740101066,False,PASS,PET_LOW_BULK-20-01874
PET_LOW_BULK,PET,low-bulk-density flakes,8.0,3.5,0.45,0.45,0.0,True,0.9627272727272727,0.0,0.008,0.0036818181818181824,2.106230613104584,False,PASS,PET_LOW_BULK-20-01875
PET_LOW_BULK,PET,low-bulk-density flakes,8.0,3.5,0.45,0.45,0.5,True,0.9627272727272727,0.0,0.008,0.0036818181818181824,2.106230613104584,False,PASS,PET_LOW_BULK-20-01876
PET_LOW_BULK,PET,low-bulk-density flakes,8.0,3.5,0.45,0.45,1.0,True,0.9627272727272727,0.0,0.008,0.0036818181818181824,2.106230613104584,False,PASS,PET_LOW_BULK-20-01877
PET_LOW_BULK,PET,low-bulk-density flakes,8.0,3.5,0.45,0.7,0.0,True,0.9552272727272727,0.0,0.009666666666666667,0.004515151515151515,2.110898955105017,False,PASS,PET_LOW_BULK-20-01878
PET_LOW_BULK,PET,low-bulk-density flakes,8.0,3.5,0.45,0.7,0.5,True,0.9552272727272727,0.0,0.009666666666666667,0.004515151515151515,2.110898955105017,False,PASS,PET_LOW_BULK-20-01879
PET_LOW_BULK,PET,low-bulk-density flakes,8.0,3.5,0.45,0.7,1.0,True,0.9552272727272727,0.0,0.009666666666666667,0.004515151515151515,2.110898955105017,False,PASS,PET_LOW_BULK-20-01880
PET_LOW_BULK,PET,low-bulk-density flakes,8.0,3.5,0.55,0.2,0.0,True,0.9658272727272728,0.0,0.007533333333333335,0.003048484848484849,2.104307057425009,False,PASS,PET_LOW_BULK-20-01881
PET_LOW_BULK,PET,low-bulk-density flakes,8.0,3.5,0.55,0.2,0.5,True,0.9658272727272728,0.0,0.007533333333333335,0.003048484848484849,2.104307057425009,False,PASS,PET_LOW_BULK-20-01882
PET_LOW_BULK,PET,low-bulk-density flakes,8.0,3.5,0.55,0.2,1.0,True,0.9658272727272728,0.0,0.007533333333333335,0.003048484848484849,2.104307057425009,False,PASS,PET_LOW_BULK-20-01883
PET_LOW_BULK,PET,low-bulk-density flakes,8.0,3.5,0.55,0.45,0.0,True,0.9583272727272727,0.0,0.009200000000000002,0.0038818181818181825,2.108966866980174,False,PASS,PET_LOW_BULK-20-01884
PET_LOW_BULK,PET,low-bulk-density flakes,8.0,3.5,0.55,0.45,0.5,True,0.9583272727272727,0.0,0.009200000000000002,0.0038818181818181825,2.108966866980174,False,PASS,PET_LOW_BULK-20-01885
PET_LOW_BULK,PET,low-bulk-density flakes,8.0,3.5,0.55,0.45,1.0,True,0.9583272727272727,0.0,0.009200000000000002,0.0038818181818181825,2.108966866980174,False,PASS,PET_LOW_BULK-20-01886
PET_LOW_BULK,PET,low-bulk-density flakes,8.0,3.5,0.55,0.7,0.0,True,0.9508272727272727,0.0,0.010866666666666667,0.004715151515151515,2.1136473598430827,False,PASS,PET_LOW_BULK-20-01887
PET_LOW_BULK,PET,low-bulk-density flakes,8.0,3.5,0.55,0.7,0.5,True,0.9508272727272727,0.0,0.010866666666666667,0.004715151515151515,2.1136473598430827,False,PASS,PET_LOW_BULK-20-01888
PET_LOW_BULK,PET,low-bulk-density flakes,8.0,3.5,0.55,0.7,1.0,True,0.9508272727272727,0.0,0.010866666666666667,0.004715151515151515,2.1136473598430827,False,PASS,PET_LOW_BULK-20-01889
PET_LOW_BULK,PET,low-bulk-density flakes,8.0,5.0,0.37,0.2,0.0,True,0.9723836363636363,0.0,0.005373333333333332,0.0030975757575757573,2.1002503727562547,False,PASS,PET_LOW_BULK-21-01890
PET_LOW_BULK,PET,low-bulk-density flakes,8.0,5.0,0.37,0.2,0.5,True,0.9723836363636363,0.0,0.005373333333333332,0.0030975757575757573,2.1002503727562547,False,PASS,PET_LOW_BULK-21-01891
PET_LOW_BULK,PET,low-bulk-density flakes,8.0,5.0,0.37,0.2,1.0,True,0.9723836363636363,0.0,0.005373333333333332,0.0030975757575757573,2.1002503727562547,False,PASS,PET_LOW_BULK-21-01892
PET_LOW_BULK,PET,low-bulk-density flakes,8.0,5.0,0.37,0.45,0.0,True,0.9648836363636363,0.0,0.007039999999999999,0.003930909090909091,2.1048922134449493,False,PASS,PET_LOW_BULK-21-01893
PET_LOW_BULK,PET,low-bulk-density flakes,8.0,5.0,0.37,0.45,0.5,True,0.9648836363636363,0.0,0.007039999999999999,0.003930909090909091,2.1048922134449493,False,PASS,PET_LOW_BULK-21-01894
PET_LOW_BULK,PET,low-bulk-density flakes,8.0,5.0,0.37,0.45,1.0,True,0.9648836363636363,0.0,0.007039999999999999,0.003930909090909091,2.1048922134449493,False,PASS,PET_LOW_BULK-21-01895
PET_LOW_BULK,PET,low-bulk-density flakes,8.0,5.0,0.37,0.7,0.0,True,0.9573836363636363,0.0,0.008706666666666666,0.004764242424242424,2.109554617788209,False,PASS,PET_LOW_BULK-21-01896
PET_LOW_BULK,PET,low-bulk-density flakes,8.0,5.0,0.37,0.7,0.5,True,0.9573836363636363,0.0,0.008706666666666666,0.004764242424242424,2.109554617788209,False,PASS,PET_LOW_BULK-21-01897
PET_LOW_BULK,PET,low-bulk-density flakes,8.0,5.0,0.37,0.7,1.0,True,0.9573836363636363,0.0,0.008706666666666666,0.004764242424242424,2.109554617788209,False,PASS,PET_LOW_BULK-21-01898
PET_LOW_BULK,PET,low-bulk-density flakes,8.0,5.0,0.45,0.2,0.0,True,0.9688636363636364,0.0,0.006333333333333333,0.0032575757575757573,2.1024263911850993,False,PASS,PET_LOW_BULK-21-01899
PET_LOW_BULK,PET,low-bulk-density flakes,8.0,5.0,0.45,0.2,0.5,True,0.9688636363636364,0.0,0.006333333333333333,0.0032575757575757573,2.1024263911850993,False,PASS,PET_LOW_BULK-21-01900
PET_LOW_BULK,PET,low-bulk-density flakes,8.0,5.0,0.45,0.2,1.0,True,0.9688636363636364,0.0,0.006333333333333333,0.0032575757575757573,2.1024263911850993,False,PASS,PET_LOW_BULK-21-01901
PET_LOW_BULK,PET,low-bulk-density flakes,8.0,5.0,0.45,0.45,0.0,True,0.9613636363636363,0.0,0.008,0.004090909090909091,2.1070778661047793,False,PASS,PET_LOW_BULK-21-01902
PET_LOW_BULK,PET,low-bulk-density flakes,8.0,5.0,0.45,0.45,0.5,True,0.9613636363636363,0.0,0.008,0.004090909090909091,2.1070778661047793,False,PASS,PET_LOW_BULK-21-01903
PET_LOW_BULK,PET,low-bulk-density flakes,8.0,5.0,0.45,0.45,1.0,True,0.9613636363636363,0.0,0.008,0.004090909090909091,2.1070778661047793,False,PASS,PET_LOW_BULK-21-01904
PET_LOW_BULK,PET,low-bulk-density flakes,8.0,5.0,0.45,0.7,0.0,True,0.9538636363636364,0.0,0.009666666666666667,0.004924242424242425,2.1117499688036934,False,PASS,PET_LOW_BULK-21-01905
PET_LOW_BULK,PET,low-bulk-density flakes,8.0,5.0,0.45,0.7,0.5,True,0.9538636363636364,0.0,0.009666666666666667,0.004924242424242425,2.1117499688036934,False,PASS,PET_LOW_BULK-21-01906
PET_LOW_BULK,PET,low-bulk-density flakes,8.0,5.0,0.45,0.7,1.0,True,0.9538636363636364,0.0,0.009666666666666667,0.004924242424242425,2.1117499688036934,False,PASS,PET_LOW_BULK-21-01907
PET_LOW_BULK,PET,low-bulk-density flakes,8.0,5.0,0.55,0.2,0.0,True,0.9644636363636364,0.0,0.007533333333333335,0.0034575757575757574,2.1051527632809304,False,PASS,PET_LOW_BULK-21-01908
PET_LOW_BULK,PET,low-bulk-density flakes,8.0,5.0,0.55,0.2,0.5,True,0.9644636363636364,0.0,0.007533333333333335,0.0034575757575757574,2.1051527632809304,False,PASS,PET_LOW_BULK-21-01909
PET_LOW_BULK,PET,low-bulk-density flakes,8.0,5.0,0.55,0.2,1.0,True,0.9644636363636364,0.0,0.007533333333333335,0.0034575757575757574,2.1051527632809304,False,PASS,PET_LOW_BULK-21-01910
PET_LOW_BULK,PET,low-bulk-density flakes,8.0,5.0,0.55,0.45,0.0,True,0.9569636363636363,0.0,0.009200000000000002,0.004290909090909091,2.1098163232269296,False,PASS,PET_LOW_BULK-21-01911
PET_LOW_BULK,PET,low-bulk-density flakes,8.0,5.0,0.55,0.45,0.5,True,0.9569636363636363,0.0,0.009200000000000002,0.004290909090909091,2.1098163232269296,False,PASS,PET_LOW_BULK-21-01912
PET_LOW_BULK,PET,low-bulk-density flakes,8.0,5.0,0.55,0.45,1.0,True,0.9569636363636363,0.0,0.009200000000000002,0.004290909090909091,2.1098163232269296,False,PASS,PET_LOW_BULK-21-01913
PET_LOW_BULK,PET,low-bulk-density flakes,8.0,5.0,0.55,0.7,0.0,True,0.9494636363636364,0.0,0.010866666666666667,0.005124242424242424,2.1145005914834836,False,PASS,PET_LOW_BULK-21-01914
PET_LOW_BULK,PET,low-bulk-density flakes,8.0,5.0,0.55,0.7,0.5,True,0.9494636363636364,0.0,0.010866666666666667,0.005124242424242424,2.1145005914834836,False,PASS,PET_LOW_BULK-21-01915
PET_LOW_BULK,PET,low-bulk-density flakes,8.0,5.0,0.55,0.7,1.0,True,0.9494636363636364,0.0,0.010866666666666667,0.005124242424242424,2.1145005914834836,False,PASS,PET_LOW_BULK-21-01916
PET_LOW_BULK,PET,low-bulk-density flakes,8.0,7.5,0.37,0.2,0.0,True,0.9701109090909091,0.002806818181818182,0.005373333333333332,0.003779393939393939,2.105878477449095,False,PASS,PET_LOW_BULK-22-01917
PET_LOW_BULK,PET,low-bulk-density flakes,8.0,7.5,0.37,0.2,0.5,True,0.9701109090909091,0.0043068181818181825,0.005373333333333332,0.003779393939393939,2.1081426184545693,False,PASS,PET_LOW_BULK-22-01918
PET_LOW_BULK,PET,low-bulk-density flakes,8.0,7.5,0.37,0.2,1.0,True,0.9701109090909091,0.005806818181818182,0.005373333333333332,0.003779393939393939,2.110411633294951,False,PASS,PET_LOW_BULK-22-01919
PET_LOW_BULK,PET,low-bulk-density flakes,8.0,7.5,0.37,0.45,0.0,True,0.9626109090909091,0.003431818181818182,0.007039999999999999,0.004612727272727273,2.111492241859228,False,PASS,PET_LOW_BULK-22-01920
PET_LOW_BULK,PET,low-bulk-density flakes,8.0,7.5,0.37,0.45,0.5,True,0.9626109090909091,0.004931818181818183,0.007039999999999999,0.004612727272727273,2.113768476786537,False,PASS,PET_LOW_BULK-22-01921
PET_LOW_BULK,PET,low-bulk-density flakes,8.0,7.5,0.37,0.45,1.0,True,0.9626109090909091,0.006431818181818183,0.007039999999999999,0.004612727272727273,2.1160496246724305,False,PASS,PET_LOW_BULK-22-01922
PET_LOW_BULK,PET,low-bulk-density flakes,8.0,7.5,0.37,0.7,0.0,True,0.9551109090909091,0.004056818181818182,0.008706666666666666,0.005446060606060606,2.1171360161539785,False,PASS,PET_LOW_BULK-22-01923
PET_LOW_BULK,PET,low-bulk-density flakes,8.0,7.5,0.37,0.7,0.5,True,0.9551109090909091,0.005556818181818182,0.008706666666666666,0.005446060606060606,2.119424442162188,False,PASS,PET_LOW_BULK-22-01924
PET_LOW_BULK,PET,low-bulk-density flakes,8.0,7.5,0.37,0.7,1.0,True,0.9551109090909091,0.0070568181818181815,0.008706666666666666,0.005446060606060606,2.1217178206725253,False,PASS,PET_LOW_BULK-22-01925
PET_LOW_BULK,PET,low-bulk-density flakes,8.0,7.5,0.45,0.2,0.0,True,0.9665909090909092,0.002806818181818182,0.006333333333333333,0.003939393939393939,2.108066179863081,False,PASS,PET_LOW_BULK-22-01926
PET_LOW_BULK,PET,low-bulk-density flakes,8.0,7.5,0.45,0.2,0.5,True,0.9665909090909092,0.0043068181818181825,0.006333333333333333,0.003939393939393939,2.110335030074672,False,PASS,PET_LOW_BULK-22-01927
PET_LOW_BULK,PET,low-bulk-density flakes,8.0,7.5,0.45,0.2,1.0,True,0.9665909090909092,0.005806818181818182,0.006333333333333333,0.003939393939393939,2.1126087693429736,False,PASS,PET_LOW_BULK-22-01928
PET_LOW_BULK,PET,low-bulk-density flakes,8.0,7.5,0.45,0.45,0.0,True,0.9590909090909091,0.003431818181818182,0.008,0.004772727272727272,2.1136916296850696,False,PASS,PET_LOW_BULK-22-01929
PET_LOW_BULK,PET,low-bulk-density flakes,8.0,7.5,0.45,0.45,0.5,True,0.9590909090909091,0.004931818181818183,0.008,0.004772727272727272,2.1159726116199598,False,PASS,PET_LOW_BULK-22-01930
PET_LOW_BULK,PET,low-bulk-density flakes,8.0,7.5,0.45,0.45,1.0,True,0.9590909090909091,0.006431818181818183,0.008,0.004772727272727272,2.11825852189846,False,PASS,PET_LOW_BULK-22-01931
PET_LOW_BULK,PET,low-bulk-density flakes,8.0,7.5,0.45,0.7,0.0,True,0.9515909090909092,0.004056818181818182,0.009666666666666667,0.005606060606060606,2.1193471832671755,False,PASS,PET_LOW_BULK-22-01932
PET_LOW_BULK,PET,low-bulk-density flakes,8.0,7.5,0.45,0.7,0.5,True,0.9515909090909092,0.005556818181818182,0.009666666666666667,0.005606060606060606,2.1216403944900994,False,PASS,PET_LOW_BULK-22-01933
PET_LOW_BULK,PET,low-bulk-density flakes,8.0,7.5,0.45,0.7,1.0,True,0.9515909090909092,0.0070568181818181815,0.009666666666666667,0.005606060606060606,2.123938573765593,False,PASS,PET_LOW_BULK-22-01934
PET_LOW_BULK,PET,low-bulk-density flakes,8.0,7.5,0.55,0.2,0.0,True,0.9621909090909092,0.002806818181818182,0.007533333333333335,0.004139393939393939,2.110807208176346,False,PASS,PET_LOW_BULK-22-01935
PET_LOW_BULK,PET,low-bulk-density flakes,8.0,7.5,0.55,0.2,0.5,True,0.9621909090909092,0.0043068181818181825,0.007533333333333335,0.004139393939393939,2.1130819655850024,False,PASS,PET_LOW_BULK-22-01936
PET_LOW_BULK,PET,low-bulk-density flakes,8.0,7.5,0.55,0.2,1.0,True,0.9621909090909092,0.005806818181818182,0.007533333333333335,0.004139393939393939,2.115361631166892,False,PASS,PET_LOW_BULK-22-01937
PET_LOW_BULK,PET,low-bulk-density flakes,8.0,7.5,0.55,0.45,0.0,True,0.9546909090909091,0.003431818181818182,0.009200000000000002,0.004972727272727273,2.116447316142778,False,PASS,PET_LOW_BULK-22-01938
PET_LOW_BULK,PET,low-bulk-density flakes,8.0,7.5,0.55,0.45,0.5,True,0.9546909090909091,0.004931818181818183,0.009200000000000002,0.004972727272727273,2.1187342527484314,False,PASS,PET_LOW_BULK-22-01939
PET_LOW_BULK,PET,low-bulk-density flakes,8.0,7.5,0.55,0.45,1.0,True,0.9546909090909091,0.006431818181818183,0.009200000000000002,0.004972727272727273,2.121026137019445,False,PASS,PET_LOW_BULK-22-01940
PET_LOW_BULK,PET,low-bulk-density flakes,8.0,7.5,0.55,0.7,0.0,True,0.9471909090909092,0.004056818181818182,0.010866666666666667,0.005806060606060606,2.122117645765126,False,PASS,PET_LOW_BULK-22-01941
PET_LOW_BULK,PET,low-bulk-density flakes,8.0,7.5,0.55,0.7,0.5,True,0.9471909090909092,0.005556818181818182,0.010866666666666667,0.005806060606060606,2.1244168596425785,False,PASS,PET_LOW_BULK-22-01942
PET_LOW_BULK,PET,low-bulk-density flakes,8.0,7.5,0.55,0.7,1.0,True,0.9471909090909092,0.0070568181818181815,0.010866666666666667,0.005806060606060606,2.126721061102339,False,PASS,PET_LOW_BULK-22-01943
