ISO-10303-21;
HEADER;
FILE_DESCRIPTION(('FreeCAD Model'),'2;1');
FILE_NAME('Open CASCADE Shape Model','2000-01-01T00:00:00',('FreeCAD'),(
    'FreeCAD'),'Open CASCADE STEP processor 7.9','FreeCAD','Unknown');
FILE_SCHEMA(('AUTOMOTIVE_DESIGN { 1 0 10303 214 1 1 1 1 }'));
ENDSEC;
DATA;
#1 = APPLICATION_PROTOCOL_DEFINITION('international standard',
  'automotive_design',2000,#2);
#2 = APPLICATION_CONTEXT(
  'core data for automotive mechanical design processes');
#3 = SHAPE_DEFINITION_REPRESENTATION(#4,#10);
#4 = PRODUCT_DEFINITION_SHAPE('','',#5);
#5 = PRODUCT_DEFINITION('design','',#6,#9);
#6 = PRODUCT_DEFINITION_FORMATION('','',#7);
#7 = PRODUCT('Open CASCADE STEP translator 7.9 4',
  'Open CASCADE STEP translator 7.9 4','',(#8));
#8 = PRODUCT_CONTEXT('',#2,'mechanical');
#9 = PRODUCT_DEFINITION_CONTEXT('part definition',#2,'design');
#10 = ADVANCED_BREP_SHAPE_REPRESENTATION('',(#11,#15),#6717);
#11 = AXIS2_PLACEMENT_3D('',#12,#13,#14);
#12 = CARTESIAN_POINT('',(0.,0.,0.));
#13 = DIRECTION('',(0.,0.,1.));
#14 = DIRECTION('',(1.,0.,-0.));
#15 = MANIFOLD_SOLID_BREP('',#16);
#16 = CLOSED_SHELL('',(#17,#57,#88,#1960,#1984,#3849,#3861,#3878,#3895,
    #3912,#3929,#3946,#3963,#3980,#3997,#4014,#4031,#4048,#4065,#4082,
    #4099,#4116,#4133,#4150,#4167,#4184,#4201,#4218,#4235,#4252,#4269,
    #4286,#4303,#4320,#4337,#4354,#4371,#4388,#4405,#4422,#4439,#4456,
    #4473,#4490,#4507,#4524,#4541,#4558,#4575,#4592,#4609,#4626,#4643,
    #4660,#4677,#4694,#4711,#4728,#4745,#4762,#4779,#4796,#4813,#4830,
    #4847,#4864,#4881,#4898,#4915,#4932,#4949,#4966,#4983,#5000,#5017,
    #5034,#5051,#5068,#5085,#5102,#5119,#5136,#5153,#5170,#5187,#5204,
    #5221,#5238,#5255,#5272,#5289,#5306,#5323,#5340,#5357,#5374,#5391,
    #5408,#5425,#5442,#5459,#5476,#5493,#5510,#5527,#5544,#5561,#5578,
    #5595,#5612,#5629,#5646,#5663,#5680,#5697,#5714,#5731,#5748,#5765,
    #5782,#5799,#5816,#5833,#5850,#5867,#5884,#5901,#5918,#5935,#5952,
    #5969,#5986,#6003,#6020,#6037,#6054,#6071,#6088,#6105,#6122,#6139,
    #6156,#6173,#6190,#6207,#6224,#6241,#6258,#6275,#6292,#6309,#6326,
    #6343,#6360,#6377,#6394,#6411,#6428,#6445,#6462,#6479,#6496,#6513,
    #6530,#6547,#6564,#6581,#6598,#6615,#6632,#6649,#6666,#6683,#6700));
#17 = ADVANCED_FACE('',(#18),#52,.F.);
#18 = FACE_BOUND('',#19,.F.);
#19 = EDGE_LOOP('',(#20,#30,#38,#46));
#20 = ORIENTED_EDGE('',*,*,#21,.F.);
#21 = EDGE_CURVE('',#22,#24,#26,.T.);
#22 = VERTEX_POINT('',#23);
#23 = CARTESIAN_POINT('',(0.,0.,0.));
#24 = VERTEX_POINT('',#25);
#25 = CARTESIAN_POINT('',(0.,0.,3.));
#26 = LINE('',#27,#28);
#27 = CARTESIAN_POINT('',(0.,0.,0.));
#28 = VECTOR('',#29,1.);
#29 = DIRECTION('',(0.,0.,1.));
#30 = ORIENTED_EDGE('',*,*,#31,.T.);
#31 = EDGE_CURVE('',#22,#32,#34,.T.);
#32 = VERTEX_POINT('',#33);
#33 = CARTESIAN_POINT('',(0.,120.,0.));
#34 = LINE('',#35,#36);
#35 = CARTESIAN_POINT('',(0.,0.,0.));
#36 = VECTOR('',#37,1.);
#37 = DIRECTION('',(0.,1.,0.));
#38 = ORIENTED_EDGE('',*,*,#39,.T.);
#39 = EDGE_CURVE('',#32,#40,#42,.T.);
#40 = VERTEX_POINT('',#41);
#41 = CARTESIAN_POINT('',(0.,120.,3.));
#42 = LINE('',#43,#44);
#43 = CARTESIAN_POINT('',(0.,120.,0.));
#44 = VECTOR('',#45,1.);
#45 = DIRECTION('',(0.,0.,1.));
#46 = ORIENTED_EDGE('',*,*,#47,.F.);
#47 = EDGE_CURVE('',#24,#40,#48,.T.);
#48 = LINE('',#49,#50);
#49 = CARTESIAN_POINT('',(0.,0.,3.));
#50 = VECTOR('',#51,1.);
#51 = DIRECTION('',(0.,1.,0.));
#52 = PLANE('',#53);
#53 = AXIS2_PLACEMENT_3D('',#54,#55,#56);
#54 = CARTESIAN_POINT('',(0.,0.,0.));
#55 = DIRECTION('',(1.,0.,0.));
#56 = DIRECTION('',(0.,0.,1.));
#57 = ADVANCED_FACE('',(#58),#83,.F.);
#58 = FACE_BOUND('',#59,.F.);
#59 = EDGE_LOOP('',(#60,#68,#69,#77));
#60 = ORIENTED_EDGE('',*,*,#61,.F.);
#61 = EDGE_CURVE('',#22,#62,#64,.T.);
#62 = VERTEX_POINT('',#63);
#63 = CARTESIAN_POINT('',(135.,0.,0.));
#64 = LINE('',#65,#66);
#65 = CARTESIAN_POINT('',(0.,0.,0.));
#66 = VECTOR('',#67,1.);
#67 = DIRECTION('',(1.,0.,0.));
#68 = ORIENTED_EDGE('',*,*,#21,.T.);
#69 = ORIENTED_EDGE('',*,*,#70,.T.);
#70 = EDGE_CURVE('',#24,#71,#73,.T.);
#71 = VERTEX_POINT('',#72);
#72 = CARTESIAN_POINT('',(135.,0.,3.));
#73 = LINE('',#74,#75);
#74 = CARTESIAN_POINT('',(0.,0.,3.));
#75 = VECTOR('',#76,1.);
#76 = DIRECTION('',(1.,0.,0.));
#77 = ORIENTED_EDGE('',*,*,#78,.F.);
#78 = EDGE_CURVE('',#62,#71,#79,.T.);
#79 = LINE('',#80,#81);
#80 = CARTESIAN_POINT('',(135.,0.,0.));
#81 = VECTOR('',#82,1.);
#82 = DIRECTION('',(0.,0.,1.));
#83 = PLANE('',#84);
#84 = AXIS2_PLACEMENT_3D('',#85,#86,#87);
#85 = CARTESIAN_POINT('',(0.,0.,0.));
#86 = DIRECTION('',(0.,1.,0.));
#87 = DIRECTION('',(0.,0.,1.));
#88 = ADVANCED_FACE('',(#89,#107,#118,#129,#140,#151,#162,#173,#184,#195
    ,#206,#217,#228,#239,#250,#261,#272,#283,#294,#305,#316,#327,#338,
    #349,#360,#371,#382,#393,#404,#415,#426,#437,#448,#459,#470,#481,
    #492,#503,#514,#525,#536,#547,#558,#569,#580,#591,#602,#613,#624,
    #635,#646,#657,#668,#679,#690,#701,#712,#723,#734,#745,#756,#767,
    #778,#789,#800,#811,#822,#833,#844,#855,#866,#877,#888,#899,#910,
    #921,#932,#943,#954,#965,#976,#987,#998,#1009,#1020,#1031,#1042,
    #1053,#1064,#1075,#1086,#1097,#1108,#1119,#1130,#1141,#1152,#1163,
    #1174,#1185,#1196,#1207,#1218,#1229,#1240,#1251,#1262,#1273,#1284,
    #1295,#1306,#1317,#1328,#1339,#1350,#1361,#1372,#1383,#1394,#1405,
    #1416,#1427,#1438,#1449,#1460,#1471,#1482,#1493,#1504,#1515,#1526,
    #1537,#1548,#1559,#1570,#1581,#1592,#1603,#1614,#1625,#1636,#1647,
    #1658,#1669,#1680,#1691,#1702,#1713,#1724,#1735,#1746,#1757,#1768,
    #1779,#1790,#1801,#1812,#1823,#1834,#1845,#1856,#1867,#1878,#1889,
    #1900,#1911,#1922,#1933,#1944),#1955,.T.);
#89 = FACE_BOUND('',#90,.T.);
#90 = EDGE_LOOP('',(#91,#92,#93,#101));
#91 = ORIENTED_EDGE('',*,*,#47,.F.);
#92 = ORIENTED_EDGE('',*,*,#70,.T.);
#93 = ORIENTED_EDGE('',*,*,#94,.T.);
#94 = EDGE_CURVE('',#71,#95,#97,.T.);
#95 = VERTEX_POINT('',#96);
#96 = CARTESIAN_POINT('',(135.,120.,3.));
#97 = LINE('',#98,#99);
#98 = CARTESIAN_POINT('',(135.,0.,3.));
#99 = VECTOR('',#100,1.);
#100 = DIRECTION('',(0.,1.,0.));
#101 = ORIENTED_EDGE('',*,*,#102,.F.);
#102 = EDGE_CURVE('',#40,#95,#103,.T.);
#103 = LINE('',#104,#105);
#104 = CARTESIAN_POINT('',(0.,120.,3.));
#105 = VECTOR('',#106,1.);
#106 = DIRECTION('',(1.,0.,0.));
#107 = FACE_BOUND('',#108,.T.);
#108 = EDGE_LOOP('',(#109));
#109 = ORIENTED_EDGE('',*,*,#110,.F.);
#110 = EDGE_CURVE('',#111,#111,#113,.T.);
#111 = VERTEX_POINT('',#112);
#112 = CARTESIAN_POINT('',(11.5,9.,3.));
#113 = CIRCLE('',#114,2.5);
#114 = AXIS2_PLACEMENT_3D('',#115,#116,#117);
#115 = CARTESIAN_POINT('',(9.,9.,3.));
#116 = DIRECTION('',(0.,0.,1.));
#117 = DIRECTION('',(1.,0.,0.));
#118 = FACE_BOUND('',#119,.T.);
#119 = EDGE_LOOP('',(#120));
#120 = ORIENTED_EDGE('',*,*,#121,.F.);
#121 = EDGE_CURVE('',#122,#122,#124,.T.);
#122 = VERTEX_POINT('',#123);
#123 = CARTESIAN_POINT('',(20.5,9.,3.));
#124 = CIRCLE('',#125,2.5);
#125 = AXIS2_PLACEMENT_3D('',#126,#127,#128);
#126 = CARTESIAN_POINT('',(18.,9.,3.));
#127 = DIRECTION('',(0.,0.,1.));
#128 = DIRECTION('',(1.,0.,0.));
#129 = FACE_BOUND('',#130,.T.);
#130 = EDGE_LOOP('',(#131));
#131 = ORIENTED_EDGE('',*,*,#132,.F.);
#132 = EDGE_CURVE('',#133,#133,#135,.T.);
#133 = VERTEX_POINT('',#134);
#134 = CARTESIAN_POINT('',(11.5,18.,3.));
#135 = CIRCLE('',#136,2.5);
#136 = AXIS2_PLACEMENT_3D('',#137,#138,#139);
#137 = CARTESIAN_POINT('',(9.,18.,3.));
#138 = DIRECTION('',(0.,0.,1.));
#139 = DIRECTION('',(1.,0.,0.));
#140 = FACE_BOUND('',#141,.T.);
#141 = EDGE_LOOP('',(#142));
#142 = ORIENTED_EDGE('',*,*,#143,.F.);
#143 = EDGE_CURVE('',#144,#144,#146,.T.);
#144 = VERTEX_POINT('',#145);
#145 = CARTESIAN_POINT('',(20.5,18.,3.));
#146 = CIRCLE('',#147,2.5);
#147 = AXIS2_PLACEMENT_3D('',#148,#149,#150);
#148 = CARTESIAN_POINT('',(18.,18.,3.));
#149 = DIRECTION('',(0.,0.,1.));
#150 = DIRECTION('',(1.,0.,0.));
#151 = FACE_BOUND('',#152,.T.);
#152 = EDGE_LOOP('',(#153));
#153 = ORIENTED_EDGE('',*,*,#154,.F.);
#154 = EDGE_CURVE('',#155,#155,#157,.T.);
#155 = VERTEX_POINT('',#156);
#156 = CARTESIAN_POINT('',(29.5,9.,3.));
#157 = CIRCLE('',#158,2.5);
#158 = AXIS2_PLACEMENT_3D('',#159,#160,#161);
#159 = CARTESIAN_POINT('',(27.,9.,3.));
#160 = DIRECTION('',(0.,0.,1.));
#161 = DIRECTION('',(1.,0.,0.));
#162 = FACE_BOUND('',#163,.T.);
#163 = EDGE_LOOP('',(#164));
#164 = ORIENTED_EDGE('',*,*,#165,.F.);
#165 = EDGE_CURVE('',#166,#166,#168,.T.);
#166 = VERTEX_POINT('',#167);
#167 = CARTESIAN_POINT('',(38.5,9.,3.));
#168 = CIRCLE('',#169,2.5);
#169 = AXIS2_PLACEMENT_3D('',#170,#171,#172);
#170 = CARTESIAN_POINT('',(36.,9.,3.));
#171 = DIRECTION('',(0.,0.,1.));
#172 = DIRECTION('',(1.,0.,0.));
#173 = FACE_BOUND('',#174,.T.);
#174 = EDGE_LOOP('',(#175));
#175 = ORIENTED_EDGE('',*,*,#176,.F.);
#176 = EDGE_CURVE('',#177,#177,#179,.T.);
#177 = VERTEX_POINT('',#178);
#178 = CARTESIAN_POINT('',(29.5,18.,3.));
#179 = CIRCLE('',#180,2.5);
#180 = AXIS2_PLACEMENT_3D('',#181,#182,#183);
#181 = CARTESIAN_POINT('',(27.,18.,3.));
#182 = DIRECTION('',(0.,0.,1.));
#183 = DIRECTION('',(1.,0.,0.));
#184 = FACE_BOUND('',#185,.T.);
#185 = EDGE_LOOP('',(#186));
#186 = ORIENTED_EDGE('',*,*,#187,.F.);
#187 = EDGE_CURVE('',#188,#188,#190,.T.);
#188 = VERTEX_POINT('',#189);
#189 = CARTESIAN_POINT('',(38.5,18.,3.));
#190 = CIRCLE('',#191,2.5);
#191 = AXIS2_PLACEMENT_3D('',#192,#193,#194);
#192 = CARTESIAN_POINT('',(36.,18.,3.));
#193 = DIRECTION('',(0.,0.,1.));
#194 = DIRECTION('',(1.,0.,0.));
#195 = FACE_BOUND('',#196,.T.);
#196 = EDGE_LOOP('',(#197));
#197 = ORIENTED_EDGE('',*,*,#198,.F.);
#198 = EDGE_CURVE('',#199,#199,#201,.T.);
#199 = VERTEX_POINT('',#200);
#200 = CARTESIAN_POINT('',(11.5,27.,3.));
#201 = CIRCLE('',#202,2.5);
#202 = AXIS2_PLACEMENT_3D('',#203,#204,#205);
#203 = CARTESIAN_POINT('',(9.,27.,3.));
#204 = DIRECTION('',(0.,0.,1.));
#205 = DIRECTION('',(1.,0.,0.));
#206 = FACE_BOUND('',#207,.T.);
#207 = EDGE_LOOP('',(#208));
#208 = ORIENTED_EDGE('',*,*,#209,.F.);
#209 = EDGE_CURVE('',#210,#210,#212,.T.);
#210 = VERTEX_POINT('',#211);
#211 = CARTESIAN_POINT('',(20.5,27.,3.));
#212 = CIRCLE('',#213,2.5);
#213 = AXIS2_PLACEMENT_3D('',#214,#215,#216);
#214 = CARTESIAN_POINT('',(18.,27.,3.));
#215 = DIRECTION('',(0.,0.,1.));
#216 = DIRECTION('',(1.,0.,0.));
#217 = FACE_BOUND('',#218,.T.);
#218 = EDGE_LOOP('',(#219));
#219 = ORIENTED_EDGE('',*,*,#220,.F.);
#220 = EDGE_CURVE('',#221,#221,#223,.T.);
#221 = VERTEX_POINT('',#222);
#222 = CARTESIAN_POINT('',(29.5,27.,3.));
#223 = CIRCLE('',#224,2.5);
#224 = AXIS2_PLACEMENT_3D('',#225,#226,#227);
#225 = CARTESIAN_POINT('',(27.,27.,3.));
#226 = DIRECTION('',(0.,0.,1.));
#227 = DIRECTION('',(1.,0.,0.));
#228 = FACE_BOUND('',#229,.T.);
#229 = EDGE_LOOP('',(#230));
#230 = ORIENTED_EDGE('',*,*,#231,.F.);
#231 = EDGE_CURVE('',#232,#232,#234,.T.);
#232 = VERTEX_POINT('',#233);
#233 = CARTESIAN_POINT('',(38.5,27.,3.));
#234 = CIRCLE('',#235,2.5);
#235 = AXIS2_PLACEMENT_3D('',#236,#237,#238);
#236 = CARTESIAN_POINT('',(36.,27.,3.));
#237 = DIRECTION('',(0.,0.,1.));
#238 = DIRECTION('',(1.,0.,0.));
#239 = FACE_BOUND('',#240,.T.);
#240 = EDGE_LOOP('',(#241));
#241 = ORIENTED_EDGE('',*,*,#242,.F.);
#242 = EDGE_CURVE('',#243,#243,#245,.T.);
#243 = VERTEX_POINT('',#244);
#244 = CARTESIAN_POINT('',(47.5,9.,3.));
#245 = CIRCLE('',#246,2.5);
#246 = AXIS2_PLACEMENT_3D('',#247,#248,#249);
#247 = CARTESIAN_POINT('',(45.,9.,3.));
#248 = DIRECTION('',(0.,0.,1.));
#249 = DIRECTION('',(1.,0.,0.));
#250 = FACE_BOUND('',#251,.T.);
#251 = EDGE_LOOP('',(#252));
#252 = ORIENTED_EDGE('',*,*,#253,.F.);
#253 = EDGE_CURVE('',#254,#254,#256,.T.);
#254 = VERTEX_POINT('',#255);
#255 = CARTESIAN_POINT('',(47.5,18.,3.));
#256 = CIRCLE('',#257,2.5);
#257 = AXIS2_PLACEMENT_3D('',#258,#259,#260);
#258 = CARTESIAN_POINT('',(45.,18.,3.));
#259 = DIRECTION('',(0.,0.,1.));
#260 = DIRECTION('',(1.,0.,0.));
#261 = FACE_BOUND('',#262,.T.);
#262 = EDGE_LOOP('',(#263));
#263 = ORIENTED_EDGE('',*,*,#264,.F.);
#264 = EDGE_CURVE('',#265,#265,#267,.T.);
#265 = VERTEX_POINT('',#266);
#266 = CARTESIAN_POINT('',(56.5,9.,3.));
#267 = CIRCLE('',#268,2.5);
#268 = AXIS2_PLACEMENT_3D('',#269,#270,#271);
#269 = CARTESIAN_POINT('',(54.,9.,3.));
#270 = DIRECTION('',(0.,0.,1.));
#271 = DIRECTION('',(1.,0.,0.));
#272 = FACE_BOUND('',#273,.T.);
#273 = EDGE_LOOP('',(#274));
#274 = ORIENTED_EDGE('',*,*,#275,.F.);
#275 = EDGE_CURVE('',#276,#276,#278,.T.);
#276 = VERTEX_POINT('',#277);
#277 = CARTESIAN_POINT('',(65.5,9.,3.));
#278 = CIRCLE('',#279,2.5);
#279 = AXIS2_PLACEMENT_3D('',#280,#281,#282);
#280 = CARTESIAN_POINT('',(63.,9.,3.));
#281 = DIRECTION('',(0.,0.,1.));
#282 = DIRECTION('',(1.,0.,0.));
#283 = FACE_BOUND('',#284,.T.);
#284 = EDGE_LOOP('',(#285));
#285 = ORIENTED_EDGE('',*,*,#286,.F.);
#286 = EDGE_CURVE('',#287,#287,#289,.T.);
#287 = VERTEX_POINT('',#288);
#288 = CARTESIAN_POINT('',(56.5,18.,3.));
#289 = CIRCLE('',#290,2.5);
#290 = AXIS2_PLACEMENT_3D('',#291,#292,#293);
#291 = CARTESIAN_POINT('',(54.,18.,3.));
#292 = DIRECTION('',(0.,0.,1.));
#293 = DIRECTION('',(1.,0.,0.));
#294 = FACE_BOUND('',#295,.T.);
#295 = EDGE_LOOP('',(#296));
#296 = ORIENTED_EDGE('',*,*,#297,.F.);
#297 = EDGE_CURVE('',#298,#298,#300,.T.);
#298 = VERTEX_POINT('',#299);
#299 = CARTESIAN_POINT('',(65.5,18.,3.));
#300 = CIRCLE('',#301,2.5);
#301 = AXIS2_PLACEMENT_3D('',#302,#303,#304);
#302 = CARTESIAN_POINT('',(63.,18.,3.));
#303 = DIRECTION('',(0.,0.,1.));
#304 = DIRECTION('',(1.,0.,0.));
#305 = FACE_BOUND('',#306,.T.);
#306 = EDGE_LOOP('',(#307));
#307 = ORIENTED_EDGE('',*,*,#308,.F.);
#308 = EDGE_CURVE('',#309,#309,#311,.T.);
#309 = VERTEX_POINT('',#310);
#310 = CARTESIAN_POINT('',(47.5,27.,3.));
#311 = CIRCLE('',#312,2.5);
#312 = AXIS2_PLACEMENT_3D('',#313,#314,#315);
#313 = CARTESIAN_POINT('',(45.,27.,3.));
#314 = DIRECTION('',(0.,0.,1.));
#315 = DIRECTION('',(1.,0.,0.));
#316 = FACE_BOUND('',#317,.T.);
#317 = EDGE_LOOP('',(#318));
#318 = ORIENTED_EDGE('',*,*,#319,.F.);
#319 = EDGE_CURVE('',#320,#320,#322,.T.);
#320 = VERTEX_POINT('',#321);
#321 = CARTESIAN_POINT('',(56.5,27.,3.));
#322 = CIRCLE('',#323,2.5);
#323 = AXIS2_PLACEMENT_3D('',#324,#325,#326);
#324 = CARTESIAN_POINT('',(54.,27.,3.));
#325 = DIRECTION('',(0.,0.,1.));
#326 = DIRECTION('',(1.,0.,0.));
#327 = FACE_BOUND('',#328,.T.);
#328 = EDGE_LOOP('',(#329));
#329 = ORIENTED_EDGE('',*,*,#330,.F.);
#330 = EDGE_CURVE('',#331,#331,#333,.T.);
#331 = VERTEX_POINT('',#332);
#332 = CARTESIAN_POINT('',(65.5,27.,3.));
#333 = CIRCLE('',#334,2.5);
#334 = AXIS2_PLACEMENT_3D('',#335,#336,#337);
#335 = CARTESIAN_POINT('',(63.,27.,3.));
#336 = DIRECTION('',(0.,0.,1.));
#337 = DIRECTION('',(1.,0.,0.));
#338 = FACE_BOUND('',#339,.T.);
#339 = EDGE_LOOP('',(#340));
#340 = ORIENTED_EDGE('',*,*,#341,.F.);
#341 = EDGE_CURVE('',#342,#342,#344,.T.);
#342 = VERTEX_POINT('',#343);
#343 = CARTESIAN_POINT('',(11.5,36.,3.));
#344 = CIRCLE('',#345,2.5);
#345 = AXIS2_PLACEMENT_3D('',#346,#347,#348);
#346 = CARTESIAN_POINT('',(9.,36.,3.));
#347 = DIRECTION('',(0.,0.,1.));
#348 = DIRECTION('',(1.,0.,0.));
#349 = FACE_BOUND('',#350,.T.);
#350 = EDGE_LOOP('',(#351));
#351 = ORIENTED_EDGE('',*,*,#352,.F.);
#352 = EDGE_CURVE('',#353,#353,#355,.T.);
#353 = VERTEX_POINT('',#354);
#354 = CARTESIAN_POINT('',(20.5,36.,3.));
#355 = CIRCLE('',#356,2.5);
#356 = AXIS2_PLACEMENT_3D('',#357,#358,#359);
#357 = CARTESIAN_POINT('',(18.,36.,3.));
#358 = DIRECTION('',(0.,0.,1.));
#359 = DIRECTION('',(1.,0.,0.));
#360 = FACE_BOUND('',#361,.T.);
#361 = EDGE_LOOP('',(#362));
#362 = ORIENTED_EDGE('',*,*,#363,.F.);
#363 = EDGE_CURVE('',#364,#364,#366,.T.);
#364 = VERTEX_POINT('',#365);
#365 = CARTESIAN_POINT('',(11.5,45.,3.));
#366 = CIRCLE('',#367,2.5);
#367 = AXIS2_PLACEMENT_3D('',#368,#369,#370);
#368 = CARTESIAN_POINT('',(9.,45.,3.));
#369 = DIRECTION('',(0.,0.,1.));
#370 = DIRECTION('',(1.,0.,0.));
#371 = FACE_BOUND('',#372,.T.);
#372 = EDGE_LOOP('',(#373));
#373 = ORIENTED_EDGE('',*,*,#374,.F.);
#374 = EDGE_CURVE('',#375,#375,#377,.T.);
#375 = VERTEX_POINT('',#376);
#376 = CARTESIAN_POINT('',(20.5,45.,3.));
#377 = CIRCLE('',#378,2.5);
#378 = AXIS2_PLACEMENT_3D('',#379,#380,#381);
#379 = CARTESIAN_POINT('',(18.,45.,3.));
#380 = DIRECTION('',(0.,0.,1.));
#381 = DIRECTION('',(1.,0.,0.));
#382 = FACE_BOUND('',#383,.T.);
#383 = EDGE_LOOP('',(#384));
#384 = ORIENTED_EDGE('',*,*,#385,.F.);
#385 = EDGE_CURVE('',#386,#386,#388,.T.);
#386 = VERTEX_POINT('',#387);
#387 = CARTESIAN_POINT('',(29.5,36.,3.));
#388 = CIRCLE('',#389,2.5);
#389 = AXIS2_PLACEMENT_3D('',#390,#391,#392);
#390 = CARTESIAN_POINT('',(27.,36.,3.));
#391 = DIRECTION('',(0.,0.,1.));
#392 = DIRECTION('',(1.,0.,0.));
#393 = FACE_BOUND('',#394,.T.);
#394 = EDGE_LOOP('',(#395));
#395 = ORIENTED_EDGE('',*,*,#396,.F.);
#396 = EDGE_CURVE('',#397,#397,#399,.T.);
#397 = VERTEX_POINT('',#398);
#398 = CARTESIAN_POINT('',(38.5,36.,3.));
#399 = CIRCLE('',#400,2.5);
#400 = AXIS2_PLACEMENT_3D('',#401,#402,#403);
#401 = CARTESIAN_POINT('',(36.,36.,3.));
#402 = DIRECTION('',(0.,0.,1.));
#403 = DIRECTION('',(1.,0.,0.));
#404 = FACE_BOUND('',#405,.T.);
#405 = EDGE_LOOP('',(#406));
#406 = ORIENTED_EDGE('',*,*,#407,.F.);
#407 = EDGE_CURVE('',#408,#408,#410,.T.);
#408 = VERTEX_POINT('',#409);
#409 = CARTESIAN_POINT('',(29.5,45.,3.));
#410 = CIRCLE('',#411,2.5);
#411 = AXIS2_PLACEMENT_3D('',#412,#413,#414);
#412 = CARTESIAN_POINT('',(27.,45.,3.));
#413 = DIRECTION('',(0.,0.,1.));
#414 = DIRECTION('',(1.,0.,0.));
#415 = FACE_BOUND('',#416,.T.);
#416 = EDGE_LOOP('',(#417));
#417 = ORIENTED_EDGE('',*,*,#418,.F.);
#418 = EDGE_CURVE('',#419,#419,#421,.T.);
#419 = VERTEX_POINT('',#420);
#420 = CARTESIAN_POINT('',(38.5,45.,3.));
#421 = CIRCLE('',#422,2.5);
#422 = AXIS2_PLACEMENT_3D('',#423,#424,#425);
#423 = CARTESIAN_POINT('',(36.,45.,3.));
#424 = DIRECTION('',(0.,0.,1.));
#425 = DIRECTION('',(1.,0.,0.));
#426 = FACE_BOUND('',#427,.T.);
#427 = EDGE_LOOP('',(#428));
#428 = ORIENTED_EDGE('',*,*,#429,.F.);
#429 = EDGE_CURVE('',#430,#430,#432,.T.);
#430 = VERTEX_POINT('',#431);
#431 = CARTESIAN_POINT('',(11.5,54.,3.));
#432 = CIRCLE('',#433,2.5);
#433 = AXIS2_PLACEMENT_3D('',#434,#435,#436);
#434 = CARTESIAN_POINT('',(9.,54.,3.));
#435 = DIRECTION('',(0.,0.,1.));
#436 = DIRECTION('',(1.,0.,0.));
#437 = FACE_BOUND('',#438,.T.);
#438 = EDGE_LOOP('',(#439));
#439 = ORIENTED_EDGE('',*,*,#440,.F.);
#440 = EDGE_CURVE('',#441,#441,#443,.T.);
#441 = VERTEX_POINT('',#442);
#442 = CARTESIAN_POINT('',(20.5,54.,3.));
#443 = CIRCLE('',#444,2.5);
#444 = AXIS2_PLACEMENT_3D('',#445,#446,#447);
#445 = CARTESIAN_POINT('',(18.,54.,3.));
#446 = DIRECTION('',(0.,0.,1.));
#447 = DIRECTION('',(1.,0.,0.));
#448 = FACE_BOUND('',#449,.T.);
#449 = EDGE_LOOP('',(#450));
#450 = ORIENTED_EDGE('',*,*,#451,.F.);
#451 = EDGE_CURVE('',#452,#452,#454,.T.);
#452 = VERTEX_POINT('',#453);
#453 = CARTESIAN_POINT('',(29.5,54.,3.));
#454 = CIRCLE('',#455,2.5);
#455 = AXIS2_PLACEMENT_3D('',#456,#457,#458);
#456 = CARTESIAN_POINT('',(27.,54.,3.));
#457 = DIRECTION('',(0.,0.,1.));
#458 = DIRECTION('',(1.,0.,0.));
#459 = FACE_BOUND('',#460,.T.);
#460 = EDGE_LOOP('',(#461));
#461 = ORIENTED_EDGE('',*,*,#462,.F.);
#462 = EDGE_CURVE('',#463,#463,#465,.T.);
#463 = VERTEX_POINT('',#464);
#464 = CARTESIAN_POINT('',(38.5,54.,3.));
#465 = CIRCLE('',#466,2.5);
#466 = AXIS2_PLACEMENT_3D('',#467,#468,#469);
#467 = CARTESIAN_POINT('',(36.,54.,3.));
#468 = DIRECTION('',(0.,0.,1.));
#469 = DIRECTION('',(1.,0.,0.));
#470 = FACE_BOUND('',#471,.T.);
#471 = EDGE_LOOP('',(#472));
#472 = ORIENTED_EDGE('',*,*,#473,.F.);
#473 = EDGE_CURVE('',#474,#474,#476,.T.);
#474 = VERTEX_POINT('',#475);
#475 = CARTESIAN_POINT('',(47.5,36.,3.));
#476 = CIRCLE('',#477,2.5);
#477 = AXIS2_PLACEMENT_3D('',#478,#479,#480);
#478 = CARTESIAN_POINT('',(45.,36.,3.));
#479 = DIRECTION('',(0.,0.,1.));
#480 = DIRECTION('',(1.,0.,0.));
#481 = FACE_BOUND('',#482,.T.);
#482 = EDGE_LOOP('',(#483));
#483 = ORIENTED_EDGE('',*,*,#484,.F.);
#484 = EDGE_CURVE('',#485,#485,#487,.T.);
#485 = VERTEX_POINT('',#486);
#486 = CARTESIAN_POINT('',(47.5,45.,3.));
#487 = CIRCLE('',#488,2.5);
#488 = AXIS2_PLACEMENT_3D('',#489,#490,#491);
#489 = CARTESIAN_POINT('',(45.,45.,3.));
#490 = DIRECTION('',(0.,0.,1.));
#491 = DIRECTION('',(1.,0.,0.));
#492 = FACE_BOUND('',#493,.T.);
#493 = EDGE_LOOP('',(#494));
#494 = ORIENTED_EDGE('',*,*,#495,.F.);
#495 = EDGE_CURVE('',#496,#496,#498,.T.);
#496 = VERTEX_POINT('',#497);
#497 = CARTESIAN_POINT('',(56.5,36.,3.));
#498 = CIRCLE('',#499,2.5);
#499 = AXIS2_PLACEMENT_3D('',#500,#501,#502);
#500 = CARTESIAN_POINT('',(54.,36.,3.));
#501 = DIRECTION('',(0.,0.,1.));
#502 = DIRECTION('',(1.,0.,0.));
#503 = FACE_BOUND('',#504,.T.);
#504 = EDGE_LOOP('',(#505));
#505 = ORIENTED_EDGE('',*,*,#506,.F.);
#506 = EDGE_CURVE('',#507,#507,#509,.T.);
#507 = VERTEX_POINT('',#508);
#508 = CARTESIAN_POINT('',(65.5,36.,3.));
#509 = CIRCLE('',#510,2.5);
#510 = AXIS2_PLACEMENT_3D('',#511,#512,#513);
#511 = CARTESIAN_POINT('',(63.,36.,3.));
#512 = DIRECTION('',(0.,0.,1.));
#513 = DIRECTION('',(1.,0.,0.));
#514 = FACE_BOUND('',#515,.T.);
#515 = EDGE_LOOP('',(#516));
#516 = ORIENTED_EDGE('',*,*,#517,.F.);
#517 = EDGE_CURVE('',#518,#518,#520,.T.);
#518 = VERTEX_POINT('',#519);
#519 = CARTESIAN_POINT('',(56.5,45.,3.));
#520 = CIRCLE('',#521,2.5);
#521 = AXIS2_PLACEMENT_3D('',#522,#523,#524);
#522 = CARTESIAN_POINT('',(54.,45.,3.));
#523 = DIRECTION('',(0.,0.,1.));
#524 = DIRECTION('',(1.,0.,0.));
#525 = FACE_BOUND('',#526,.T.);
#526 = EDGE_LOOP('',(#527));
#527 = ORIENTED_EDGE('',*,*,#528,.F.);
#528 = EDGE_CURVE('',#529,#529,#531,.T.);
#529 = VERTEX_POINT('',#530);
#530 = CARTESIAN_POINT('',(65.5,45.,3.));
#531 = CIRCLE('',#532,2.5);
#532 = AXIS2_PLACEMENT_3D('',#533,#534,#535);
#533 = CARTESIAN_POINT('',(63.,45.,3.));
#534 = DIRECTION('',(0.,0.,1.));
#535 = DIRECTION('',(1.,0.,0.));
#536 = FACE_BOUND('',#537,.T.);
#537 = EDGE_LOOP('',(#538));
#538 = ORIENTED_EDGE('',*,*,#539,.F.);
#539 = EDGE_CURVE('',#540,#540,#542,.T.);
#540 = VERTEX_POINT('',#541);
#541 = CARTESIAN_POINT('',(47.5,54.,3.));
#542 = CIRCLE('',#543,2.5);
#543 = AXIS2_PLACEMENT_3D('',#544,#545,#546);
#544 = CARTESIAN_POINT('',(45.,54.,3.));
#545 = DIRECTION('',(0.,0.,1.));
#546 = DIRECTION('',(1.,0.,0.));
#547 = FACE_BOUND('',#548,.T.);
#548 = EDGE_LOOP('',(#549));
#549 = ORIENTED_EDGE('',*,*,#550,.F.);
#550 = EDGE_CURVE('',#551,#551,#553,.T.);
#551 = VERTEX_POINT('',#552);
#552 = CARTESIAN_POINT('',(56.5,54.,3.));
#553 = CIRCLE('',#554,2.5);
#554 = AXIS2_PLACEMENT_3D('',#555,#556,#557);
#555 = CARTESIAN_POINT('',(54.,54.,3.));
#556 = DIRECTION('',(0.,0.,1.));
#557 = DIRECTION('',(1.,0.,0.));
#558 = FACE_BOUND('',#559,.T.);
#559 = EDGE_LOOP('',(#560));
#560 = ORIENTED_EDGE('',*,*,#561,.F.);
#561 = EDGE_CURVE('',#562,#562,#564,.T.);
#562 = VERTEX_POINT('',#563);
#563 = CARTESIAN_POINT('',(65.5,54.,3.));
#564 = CIRCLE('',#565,2.5);
#565 = AXIS2_PLACEMENT_3D('',#566,#567,#568);
#566 = CARTESIAN_POINT('',(63.,54.,3.));
#567 = DIRECTION('',(0.,0.,1.));
#568 = DIRECTION('',(1.,0.,0.));
#569 = FACE_BOUND('',#570,.T.);
#570 = EDGE_LOOP('',(#571));
#571 = ORIENTED_EDGE('',*,*,#572,.F.);
#572 = EDGE_CURVE('',#573,#573,#575,.T.);
#573 = VERTEX_POINT('',#574);
#574 = CARTESIAN_POINT('',(74.5,9.,3.));
#575 = CIRCLE('',#576,2.5);
#576 = AXIS2_PLACEMENT_3D('',#577,#578,#579);
#577 = CARTESIAN_POINT('',(72.,9.,3.));
#578 = DIRECTION('',(0.,0.,1.));
#579 = DIRECTION('',(1.,0.,0.));
#580 = FACE_BOUND('',#581,.T.);
#581 = EDGE_LOOP('',(#582));
#582 = ORIENTED_EDGE('',*,*,#583,.F.);
#583 = EDGE_CURVE('',#584,#584,#586,.T.);
#584 = VERTEX_POINT('',#585);
#585 = CARTESIAN_POINT('',(83.5,9.,3.));
#586 = CIRCLE('',#587,2.5);
#587 = AXIS2_PLACEMENT_3D('',#588,#589,#590);
#588 = CARTESIAN_POINT('',(81.,9.,3.));
#589 = DIRECTION('',(0.,0.,1.));
#590 = DIRECTION('',(1.,0.,0.));
#591 = FACE_BOUND('',#592,.T.);
#592 = EDGE_LOOP('',(#593));
#593 = ORIENTED_EDGE('',*,*,#594,.F.);
#594 = EDGE_CURVE('',#595,#595,#597,.T.);
#595 = VERTEX_POINT('',#596);
#596 = CARTESIAN_POINT('',(74.5,18.,3.));
#597 = CIRCLE('',#598,2.5);
#598 = AXIS2_PLACEMENT_3D('',#599,#600,#601);
#599 = CARTESIAN_POINT('',(72.,18.,3.));
#600 = DIRECTION('',(0.,0.,1.));
#601 = DIRECTION('',(1.,0.,0.));
#602 = FACE_BOUND('',#603,.T.);
#603 = EDGE_LOOP('',(#604));
#604 = ORIENTED_EDGE('',*,*,#605,.F.);
#605 = EDGE_CURVE('',#606,#606,#608,.T.);
#606 = VERTEX_POINT('',#607);
#607 = CARTESIAN_POINT('',(83.5,18.,3.));
#608 = CIRCLE('',#609,2.5);
#609 = AXIS2_PLACEMENT_3D('',#610,#611,#612);
#610 = CARTESIAN_POINT('',(81.,18.,3.));
#611 = DIRECTION('',(0.,0.,1.));
#612 = DIRECTION('',(1.,0.,0.));
#613 = FACE_BOUND('',#614,.T.);
#614 = EDGE_LOOP('',(#615));
#615 = ORIENTED_EDGE('',*,*,#616,.F.);
#616 = EDGE_CURVE('',#617,#617,#619,.T.);
#617 = VERTEX_POINT('',#618);
#618 = CARTESIAN_POINT('',(92.5,9.,3.));
#619 = CIRCLE('',#620,2.5);
#620 = AXIS2_PLACEMENT_3D('',#621,#622,#623);
#621 = CARTESIAN_POINT('',(90.,9.,3.));
#622 = DIRECTION('',(0.,0.,1.));
#623 = DIRECTION('',(1.,0.,0.));
#624 = FACE_BOUND('',#625,.T.);
#625 = EDGE_LOOP('',(#626));
#626 = ORIENTED_EDGE('',*,*,#627,.F.);
#627 = EDGE_CURVE('',#628,#628,#630,.T.);
#628 = VERTEX_POINT('',#629);
#629 = CARTESIAN_POINT('',(92.5,18.,3.));
#630 = CIRCLE('',#631,2.5);
#631 = AXIS2_PLACEMENT_3D('',#632,#633,#634);
#632 = CARTESIAN_POINT('',(90.,18.,3.));
#633 = DIRECTION('',(0.,0.,1.));
#634 = DIRECTION('',(1.,0.,0.));
#635 = FACE_BOUND('',#636,.T.);
#636 = EDGE_LOOP('',(#637));
#637 = ORIENTED_EDGE('',*,*,#638,.F.);
#638 = EDGE_CURVE('',#639,#639,#641,.T.);
#639 = VERTEX_POINT('',#640);
#640 = CARTESIAN_POINT('',(74.5,27.,3.));
#641 = CIRCLE('',#642,2.5);
#642 = AXIS2_PLACEMENT_3D('',#643,#644,#645);
#643 = CARTESIAN_POINT('',(72.,27.,3.));
#644 = DIRECTION('',(0.,0.,1.));
#645 = DIRECTION('',(1.,0.,0.));
#646 = FACE_BOUND('',#647,.T.);
#647 = EDGE_LOOP('',(#648));
#648 = ORIENTED_EDGE('',*,*,#649,.F.);
#649 = EDGE_CURVE('',#650,#650,#652,.T.);
#650 = VERTEX_POINT('',#651);
#651 = CARTESIAN_POINT('',(83.5,27.,3.));
#652 = CIRCLE('',#653,2.5);
#653 = AXIS2_PLACEMENT_3D('',#654,#655,#656);
#654 = CARTESIAN_POINT('',(81.,27.,3.));
#655 = DIRECTION('',(0.,0.,1.));
#656 = DIRECTION('',(1.,0.,0.));
#657 = FACE_BOUND('',#658,.T.);
#658 = EDGE_LOOP('',(#659));
#659 = ORIENTED_EDGE('',*,*,#660,.F.);
#660 = EDGE_CURVE('',#661,#661,#663,.T.);
#661 = VERTEX_POINT('',#662);
#662 = CARTESIAN_POINT('',(92.5,27.,3.));
#663 = CIRCLE('',#664,2.5);
#664 = AXIS2_PLACEMENT_3D('',#665,#666,#667);
#665 = CARTESIAN_POINT('',(90.,27.,3.));
#666 = DIRECTION('',(0.,0.,1.));
#667 = DIRECTION('',(1.,0.,0.));
#668 = FACE_BOUND('',#669,.T.);
#669 = EDGE_LOOP('',(#670));
#670 = ORIENTED_EDGE('',*,*,#671,.F.);
#671 = EDGE_CURVE('',#672,#672,#674,.T.);
#672 = VERTEX_POINT('',#673);
#673 = CARTESIAN_POINT('',(101.5,9.,3.));
#674 = CIRCLE('',#675,2.5);
#675 = AXIS2_PLACEMENT_3D('',#676,#677,#678);
#676 = CARTESIAN_POINT('',(99.,9.,3.));
#677 = DIRECTION('',(0.,0.,1.));
#678 = DIRECTION('',(1.,0.,0.));
#679 = FACE_BOUND('',#680,.T.);
#680 = EDGE_LOOP('',(#681));
#681 = ORIENTED_EDGE('',*,*,#682,.F.);
#682 = EDGE_CURVE('',#683,#683,#685,.T.);
#683 = VERTEX_POINT('',#684);
#684 = CARTESIAN_POINT('',(110.5,9.,3.));
#685 = CIRCLE('',#686,2.5);
#686 = AXIS2_PLACEMENT_3D('',#687,#688,#689);
#687 = CARTESIAN_POINT('',(108.,9.,3.));
#688 = DIRECTION('',(0.,0.,1.));
#689 = DIRECTION('',(1.,0.,0.));
#690 = FACE_BOUND('',#691,.T.);
#691 = EDGE_LOOP('',(#692));
#692 = ORIENTED_EDGE('',*,*,#693,.F.);
#693 = EDGE_CURVE('',#694,#694,#696,.T.);
#694 = VERTEX_POINT('',#695);
#695 = CARTESIAN_POINT('',(101.5,18.,3.));
#696 = CIRCLE('',#697,2.5);
#697 = AXIS2_PLACEMENT_3D('',#698,#699,#700);
#698 = CARTESIAN_POINT('',(99.,18.,3.));
#699 = DIRECTION('',(0.,0.,1.));
#700 = DIRECTION('',(1.,0.,0.));
#701 = FACE_BOUND('',#702,.T.);
#702 = EDGE_LOOP('',(#703));
#703 = ORIENTED_EDGE('',*,*,#704,.F.);
#704 = EDGE_CURVE('',#705,#705,#707,.T.);
#705 = VERTEX_POINT('',#706);
#706 = CARTESIAN_POINT('',(110.5,18.,3.));
#707 = CIRCLE('',#708,2.5);
#708 = AXIS2_PLACEMENT_3D('',#709,#710,#711);
#709 = CARTESIAN_POINT('',(108.,18.,3.));
#710 = DIRECTION('',(0.,0.,1.));
#711 = DIRECTION('',(1.,0.,0.));
#712 = FACE_BOUND('',#713,.T.);
#713 = EDGE_LOOP('',(#714));
#714 = ORIENTED_EDGE('',*,*,#715,.F.);
#715 = EDGE_CURVE('',#716,#716,#718,.T.);
#716 = VERTEX_POINT('',#717);
#717 = CARTESIAN_POINT('',(119.5,9.,3.));
#718 = CIRCLE('',#719,2.5);
#719 = AXIS2_PLACEMENT_3D('',#720,#721,#722);
#720 = CARTESIAN_POINT('',(117.,9.,3.));
#721 = DIRECTION('',(0.,0.,1.));
#722 = DIRECTION('',(1.,0.,0.));
#723 = FACE_BOUND('',#724,.T.);
#724 = EDGE_LOOP('',(#725));
#725 = ORIENTED_EDGE('',*,*,#726,.F.);
#726 = EDGE_CURVE('',#727,#727,#729,.T.);
#727 = VERTEX_POINT('',#728);
#728 = CARTESIAN_POINT('',(128.5,9.,3.));
#729 = CIRCLE('',#730,2.5);
#730 = AXIS2_PLACEMENT_3D('',#731,#732,#733);
#731 = CARTESIAN_POINT('',(126.,9.,3.));
#732 = DIRECTION('',(0.,0.,1.));
#733 = DIRECTION('',(1.,0.,0.));
#734 = FACE_BOUND('',#735,.T.);
#735 = EDGE_LOOP('',(#736));
#736 = ORIENTED_EDGE('',*,*,#737,.F.);
#737 = EDGE_CURVE('',#738,#738,#740,.T.);
#738 = VERTEX_POINT('',#739);
#739 = CARTESIAN_POINT('',(119.5,18.,3.));
#740 = CIRCLE('',#741,2.5);
#741 = AXIS2_PLACEMENT_3D('',#742,#743,#744);
#742 = CARTESIAN_POINT('',(117.,18.,3.));
#743 = DIRECTION('',(0.,0.,1.));
#744 = DIRECTION('',(1.,0.,0.));
#745 = FACE_BOUND('',#746,.T.);
#746 = EDGE_LOOP('',(#747));
#747 = ORIENTED_EDGE('',*,*,#748,.F.);
#748 = EDGE_CURVE('',#749,#749,#751,.T.);
#749 = VERTEX_POINT('',#750);
#750 = CARTESIAN_POINT('',(128.5,18.,3.));
#751 = CIRCLE('',#752,2.5);
#752 = AXIS2_PLACEMENT_3D('',#753,#754,#755);
#753 = CARTESIAN_POINT('',(126.,18.,3.));
#754 = DIRECTION('',(0.,0.,1.));
#755 = DIRECTION('',(1.,0.,0.));
#756 = FACE_BOUND('',#757,.T.);
#757 = EDGE_LOOP('',(#758));
#758 = ORIENTED_EDGE('',*,*,#759,.F.);
#759 = EDGE_CURVE('',#760,#760,#762,.T.);
#760 = VERTEX_POINT('',#761);
#761 = CARTESIAN_POINT('',(101.5,27.,3.));
#762 = CIRCLE('',#763,2.5);
#763 = AXIS2_PLACEMENT_3D('',#764,#765,#766);
#764 = CARTESIAN_POINT('',(99.,27.,3.));
#765 = DIRECTION('',(0.,0.,1.));
#766 = DIRECTION('',(1.,0.,0.));
#767 = FACE_BOUND('',#768,.T.);
#768 = EDGE_LOOP('',(#769));
#769 = ORIENTED_EDGE('',*,*,#770,.F.);
#770 = EDGE_CURVE('',#771,#771,#773,.T.);
#771 = VERTEX_POINT('',#772);
#772 = CARTESIAN_POINT('',(110.5,27.,3.));
#773 = CIRCLE('',#774,2.5);
#774 = AXIS2_PLACEMENT_3D('',#775,#776,#777);
#775 = CARTESIAN_POINT('',(108.,27.,3.));
#776 = DIRECTION('',(0.,0.,1.));
#777 = DIRECTION('',(1.,0.,0.));
#778 = FACE_BOUND('',#779,.T.);
#779 = EDGE_LOOP('',(#780));
#780 = ORIENTED_EDGE('',*,*,#781,.F.);
#781 = EDGE_CURVE('',#782,#782,#784,.T.);
#782 = VERTEX_POINT('',#783);
#783 = CARTESIAN_POINT('',(119.5,27.,3.));
#784 = CIRCLE('',#785,2.5);
#785 = AXIS2_PLACEMENT_3D('',#786,#787,#788);
#786 = CARTESIAN_POINT('',(117.,27.,3.));
#787 = DIRECTION('',(0.,0.,1.));
#788 = DIRECTION('',(1.,0.,0.));
#789 = FACE_BOUND('',#790,.T.);
#790 = EDGE_LOOP('',(#791));
#791 = ORIENTED_EDGE('',*,*,#792,.F.);
#792 = EDGE_CURVE('',#793,#793,#795,.T.);
#793 = VERTEX_POINT('',#794);
#794 = CARTESIAN_POINT('',(128.5,27.,3.));
#795 = CIRCLE('',#796,2.5);
#796 = AXIS2_PLACEMENT_3D('',#797,#798,#799);
#797 = CARTESIAN_POINT('',(126.,27.,3.));
#798 = DIRECTION('',(0.,0.,1.));
#799 = DIRECTION('',(1.,0.,0.));
#800 = FACE_BOUND('',#801,.T.);
#801 = EDGE_LOOP('',(#802));
#802 = ORIENTED_EDGE('',*,*,#803,.F.);
#803 = EDGE_CURVE('',#804,#804,#806,.T.);
#804 = VERTEX_POINT('',#805);
#805 = CARTESIAN_POINT('',(74.5,36.,3.));
#806 = CIRCLE('',#807,2.5);
#807 = AXIS2_PLACEMENT_3D('',#808,#809,#810);
#808 = CARTESIAN_POINT('',(72.,36.,3.));
#809 = DIRECTION('',(0.,0.,1.));
#810 = DIRECTION('',(1.,0.,0.));
#811 = FACE_BOUND('',#812,.T.);
#812 = EDGE_LOOP('',(#813));
#813 = ORIENTED_EDGE('',*,*,#814,.F.);
#814 = EDGE_CURVE('',#815,#815,#817,.T.);
#815 = VERTEX_POINT('',#816);
#816 = CARTESIAN_POINT('',(83.5,36.,3.));
#817 = CIRCLE('',#818,2.5);
#818 = AXIS2_PLACEMENT_3D('',#819,#820,#821);
#819 = CARTESIAN_POINT('',(81.,36.,3.));
#820 = DIRECTION('',(0.,0.,1.));
#821 = DIRECTION('',(1.,0.,0.));
#822 = FACE_BOUND('',#823,.T.);
#823 = EDGE_LOOP('',(#824));
#824 = ORIENTED_EDGE('',*,*,#825,.F.);
#825 = EDGE_CURVE('',#826,#826,#828,.T.);
#826 = VERTEX_POINT('',#827);
#827 = CARTESIAN_POINT('',(74.5,45.,3.));
#828 = CIRCLE('',#829,2.5);
#829 = AXIS2_PLACEMENT_3D('',#830,#831,#832);
#830 = CARTESIAN_POINT('',(72.,45.,3.));
#831 = DIRECTION('',(0.,0.,1.));
#832 = DIRECTION('',(1.,0.,0.));
#833 = FACE_BOUND('',#834,.T.);
#834 = EDGE_LOOP('',(#835));
#835 = ORIENTED_EDGE('',*,*,#836,.F.);
#836 = EDGE_CURVE('',#837,#837,#839,.T.);
#837 = VERTEX_POINT('',#838);
#838 = CARTESIAN_POINT('',(83.5,45.,3.));
#839 = CIRCLE('',#840,2.5);
#840 = AXIS2_PLACEMENT_3D('',#841,#842,#843);
#841 = CARTESIAN_POINT('',(81.,45.,3.));
#842 = DIRECTION('',(0.,0.,1.));
#843 = DIRECTION('',(1.,0.,0.));
#844 = FACE_BOUND('',#845,.T.);
#845 = EDGE_LOOP('',(#846));
#846 = ORIENTED_EDGE('',*,*,#847,.F.);
#847 = EDGE_CURVE('',#848,#848,#850,.T.);
#848 = VERTEX_POINT('',#849);
#849 = CARTESIAN_POINT('',(92.5,36.,3.));
#850 = CIRCLE('',#851,2.5);
#851 = AXIS2_PLACEMENT_3D('',#852,#853,#854);
#852 = CARTESIAN_POINT('',(90.,36.,3.));
#853 = DIRECTION('',(0.,0.,1.));
#854 = DIRECTION('',(1.,0.,0.));
#855 = FACE_BOUND('',#856,.T.);
#856 = EDGE_LOOP('',(#857));
#857 = ORIENTED_EDGE('',*,*,#858,.F.);
#858 = EDGE_CURVE('',#859,#859,#861,.T.);
#859 = VERTEX_POINT('',#860);
#860 = CARTESIAN_POINT('',(92.5,45.,3.));
#861 = CIRCLE('',#862,2.5);
#862 = AXIS2_PLACEMENT_3D('',#863,#864,#865);
#863 = CARTESIAN_POINT('',(90.,45.,3.));
#864 = DIRECTION('',(0.,0.,1.));
#865 = DIRECTION('',(1.,0.,0.));
#866 = FACE_BOUND('',#867,.T.);
#867 = EDGE_LOOP('',(#868));
#868 = ORIENTED_EDGE('',*,*,#869,.F.);
#869 = EDGE_CURVE('',#870,#870,#872,.T.);
#870 = VERTEX_POINT('',#871);
#871 = CARTESIAN_POINT('',(74.5,54.,3.));
#872 = CIRCLE('',#873,2.5);
#873 = AXIS2_PLACEMENT_3D('',#874,#875,#876);
#874 = CARTESIAN_POINT('',(72.,54.,3.));
#875 = DIRECTION('',(0.,0.,1.));
#876 = DIRECTION('',(1.,0.,0.));
#877 = FACE_BOUND('',#878,.T.);
#878 = EDGE_LOOP('',(#879));
#879 = ORIENTED_EDGE('',*,*,#880,.F.);
#880 = EDGE_CURVE('',#881,#881,#883,.T.);
#881 = VERTEX_POINT('',#882);
#882 = CARTESIAN_POINT('',(83.5,54.,3.));
#883 = CIRCLE('',#884,2.5);
#884 = AXIS2_PLACEMENT_3D('',#885,#886,#887);
#885 = CARTESIAN_POINT('',(81.,54.,3.));
#886 = DIRECTION('',(0.,0.,1.));
#887 = DIRECTION('',(1.,0.,0.));
#888 = FACE_BOUND('',#889,.T.);
#889 = EDGE_LOOP('',(#890));
#890 = ORIENTED_EDGE('',*,*,#891,.F.);
#891 = EDGE_CURVE('',#892,#892,#894,.T.);
#892 = VERTEX_POINT('',#893);
#893 = CARTESIAN_POINT('',(92.5,54.,3.));
#894 = CIRCLE('',#895,2.5);
#895 = AXIS2_PLACEMENT_3D('',#896,#897,#898);
#896 = CARTESIAN_POINT('',(90.,54.,3.));
#897 = DIRECTION('',(0.,0.,1.));
#898 = DIRECTION('',(1.,0.,0.));
#899 = FACE_BOUND('',#900,.T.);
#900 = EDGE_LOOP('',(#901));
#901 = ORIENTED_EDGE('',*,*,#902,.F.);
#902 = EDGE_CURVE('',#903,#903,#905,.T.);
#903 = VERTEX_POINT('',#904);
#904 = CARTESIAN_POINT('',(101.5,36.,3.));
#905 = CIRCLE('',#906,2.5);
#906 = AXIS2_PLACEMENT_3D('',#907,#908,#909);
#907 = CARTESIAN_POINT('',(99.,36.,3.));
#908 = DIRECTION('',(0.,0.,1.));
#909 = DIRECTION('',(1.,0.,0.));
#910 = FACE_BOUND('',#911,.T.);
#911 = EDGE_LOOP('',(#912));
#912 = ORIENTED_EDGE('',*,*,#913,.F.);
#913 = EDGE_CURVE('',#914,#914,#916,.T.);
#914 = VERTEX_POINT('',#915);
#915 = CARTESIAN_POINT('',(110.5,36.,3.));
#916 = CIRCLE('',#917,2.5);
#917 = AXIS2_PLACEMENT_3D('',#918,#919,#920);
#918 = CARTESIAN_POINT('',(108.,36.,3.));
#919 = DIRECTION('',(0.,0.,1.));
#920 = DIRECTION('',(1.,0.,0.));
#921 = FACE_BOUND('',#922,.T.);
#922 = EDGE_LOOP('',(#923));
#923 = ORIENTED_EDGE('',*,*,#924,.F.);
#924 = EDGE_CURVE('',#925,#925,#927,.T.);
#925 = VERTEX_POINT('',#926);
#926 = CARTESIAN_POINT('',(101.5,45.,3.));
#927 = CIRCLE('',#928,2.5);
#928 = AXIS2_PLACEMENT_3D('',#929,#930,#931);
#929 = CARTESIAN_POINT('',(99.,45.,3.));
#930 = DIRECTION('',(0.,0.,1.));
#931 = DIRECTION('',(1.,0.,0.));
#932 = FACE_BOUND('',#933,.T.);
#933 = EDGE_LOOP('',(#934));
#934 = ORIENTED_EDGE('',*,*,#935,.F.);
#935 = EDGE_CURVE('',#936,#936,#938,.T.);
#936 = VERTEX_POINT('',#937);
#937 = CARTESIAN_POINT('',(110.5,45.,3.));
#938 = CIRCLE('',#939,2.5);
#939 = AXIS2_PLACEMENT_3D('',#940,#941,#942);
#940 = CARTESIAN_POINT('',(108.,45.,3.));
#941 = DIRECTION('',(0.,0.,1.));
#942 = DIRECTION('',(1.,0.,0.));
#943 = FACE_BOUND('',#944,.T.);
#944 = EDGE_LOOP('',(#945));
#945 = ORIENTED_EDGE('',*,*,#946,.F.);
#946 = EDGE_CURVE('',#947,#947,#949,.T.);
#947 = VERTEX_POINT('',#948);
#948 = CARTESIAN_POINT('',(119.5,36.,3.));
#949 = CIRCLE('',#950,2.5);
#950 = AXIS2_PLACEMENT_3D('',#951,#952,#953);
#951 = CARTESIAN_POINT('',(117.,36.,3.));
#952 = DIRECTION('',(0.,0.,1.));
#953 = DIRECTION('',(1.,0.,0.));
#954 = FACE_BOUND('',#955,.T.);
#955 = EDGE_LOOP('',(#956));
#956 = ORIENTED_EDGE('',*,*,#957,.F.);
#957 = EDGE_CURVE('',#958,#958,#960,.T.);
#958 = VERTEX_POINT('',#959);
#959 = CARTESIAN_POINT('',(128.5,36.,3.));
#960 = CIRCLE('',#961,2.5);
#961 = AXIS2_PLACEMENT_3D('',#962,#963,#964);
#962 = CARTESIAN_POINT('',(126.,36.,3.));
#963 = DIRECTION('',(0.,0.,1.));
#964 = DIRECTION('',(1.,0.,0.));
#965 = FACE_BOUND('',#966,.T.);
#966 = EDGE_LOOP('',(#967));
#967 = ORIENTED_EDGE('',*,*,#968,.F.);
#968 = EDGE_CURVE('',#969,#969,#971,.T.);
#969 = VERTEX_POINT('',#970);
#970 = CARTESIAN_POINT('',(119.5,45.,3.));
#971 = CIRCLE('',#972,2.5);
#972 = AXIS2_PLACEMENT_3D('',#973,#974,#975);
#973 = CARTESIAN_POINT('',(117.,45.,3.));
#974 = DIRECTION('',(0.,0.,1.));
#975 = DIRECTION('',(1.,0.,0.));
#976 = FACE_BOUND('',#977,.T.);
#977 = EDGE_LOOP('',(#978));
#978 = ORIENTED_EDGE('',*,*,#979,.F.);
#979 = EDGE_CURVE('',#980,#980,#982,.T.);
#980 = VERTEX_POINT('',#981);
#981 = CARTESIAN_POINT('',(128.5,45.,3.));
#982 = CIRCLE('',#983,2.5);
#983 = AXIS2_PLACEMENT_3D('',#984,#985,#986);
#984 = CARTESIAN_POINT('',(126.,45.,3.));
#985 = DIRECTION('',(0.,0.,1.));
#986 = DIRECTION('',(1.,0.,0.));
#987 = FACE_BOUND('',#988,.T.);
#988 = EDGE_LOOP('',(#989));
#989 = ORIENTED_EDGE('',*,*,#990,.F.);
#990 = EDGE_CURVE('',#991,#991,#993,.T.);
#991 = VERTEX_POINT('',#992);
#992 = CARTESIAN_POINT('',(101.5,54.,3.));
#993 = CIRCLE('',#994,2.5);
#994 = AXIS2_PLACEMENT_3D('',#995,#996,#997);
#995 = CARTESIAN_POINT('',(99.,54.,3.));
#996 = DIRECTION('',(0.,0.,1.));
#997 = DIRECTION('',(1.,0.,0.));
#998 = FACE_BOUND('',#999,.T.);
#999 = EDGE_LOOP('',(#1000));
#1000 = ORIENTED_EDGE('',*,*,#1001,.F.);
#1001 = EDGE_CURVE('',#1002,#1002,#1004,.T.);
#1002 = VERTEX_POINT('',#1003);
#1003 = CARTESIAN_POINT('',(110.5,54.,3.));
#1004 = CIRCLE('',#1005,2.5);
#1005 = AXIS2_PLACEMENT_3D('',#1006,#1007,#1008);
#1006 = CARTESIAN_POINT('',(108.,54.,3.));
#1007 = DIRECTION('',(0.,0.,1.));
#1008 = DIRECTION('',(1.,0.,0.));
#1009 = FACE_BOUND('',#1010,.T.);
#1010 = EDGE_LOOP('',(#1011));
#1011 = ORIENTED_EDGE('',*,*,#1012,.F.);
#1012 = EDGE_CURVE('',#1013,#1013,#1015,.T.);
#1013 = VERTEX_POINT('',#1014);
#1014 = CARTESIAN_POINT('',(119.5,54.,3.));
#1015 = CIRCLE('',#1016,2.5);
#1016 = AXIS2_PLACEMENT_3D('',#1017,#1018,#1019);
#1017 = CARTESIAN_POINT('',(117.,54.,3.));
#1018 = DIRECTION('',(0.,0.,1.));
#1019 = DIRECTION('',(1.,0.,0.));
#1020 = FACE_BOUND('',#1021,.T.);
#1021 = EDGE_LOOP('',(#1022));
#1022 = ORIENTED_EDGE('',*,*,#1023,.F.);
#1023 = EDGE_CURVE('',#1024,#1024,#1026,.T.);
#1024 = VERTEX_POINT('',#1025);
#1025 = CARTESIAN_POINT('',(128.5,54.,3.));
#1026 = CIRCLE('',#1027,2.5);
#1027 = AXIS2_PLACEMENT_3D('',#1028,#1029,#1030);
#1028 = CARTESIAN_POINT('',(126.,54.,3.));
#1029 = DIRECTION('',(0.,0.,1.));
#1030 = DIRECTION('',(1.,0.,0.));
#1031 = FACE_BOUND('',#1032,.T.);
#1032 = EDGE_LOOP('',(#1033));
#1033 = ORIENTED_EDGE('',*,*,#1034,.F.);
#1034 = EDGE_CURVE('',#1035,#1035,#1037,.T.);
#1035 = VERTEX_POINT('',#1036);
#1036 = CARTESIAN_POINT('',(11.5,63.,3.));
#1037 = CIRCLE('',#1038,2.5);
#1038 = AXIS2_PLACEMENT_3D('',#1039,#1040,#1041);
#1039 = CARTESIAN_POINT('',(9.,63.,3.));
#1040 = DIRECTION('',(0.,0.,1.));
#1041 = DIRECTION('',(1.,0.,0.));
#1042 = FACE_BOUND('',#1043,.T.);
#1043 = EDGE_LOOP('',(#1044));
#1044 = ORIENTED_EDGE('',*,*,#1045,.F.);
#1045 = EDGE_CURVE('',#1046,#1046,#1048,.T.);
#1046 = VERTEX_POINT('',#1047);
#1047 = CARTESIAN_POINT('',(20.5,63.,3.));
#1048 = CIRCLE('',#1049,2.5);
#1049 = AXIS2_PLACEMENT_3D('',#1050,#1051,#1052);
#1050 = CARTESIAN_POINT('',(18.,63.,3.));
#1051 = DIRECTION('',(0.,0.,1.));
#1052 = DIRECTION('',(1.,0.,0.));
#1053 = FACE_BOUND('',#1054,.T.);
#1054 = EDGE_LOOP('',(#1055));
#1055 = ORIENTED_EDGE('',*,*,#1056,.F.);
#1056 = EDGE_CURVE('',#1057,#1057,#1059,.T.);
#1057 = VERTEX_POINT('',#1058);
#1058 = CARTESIAN_POINT('',(29.5,63.,3.));
#1059 = CIRCLE('',#1060,2.5);
#1060 = AXIS2_PLACEMENT_3D('',#1061,#1062,#1063);
#1061 = CARTESIAN_POINT('',(27.,63.,3.));
#1062 = DIRECTION('',(0.,0.,1.));
#1063 = DIRECTION('',(1.,0.,0.));
#1064 = FACE_BOUND('',#1065,.T.);
#1065 = EDGE_LOOP('',(#1066));
#1066 = ORIENTED_EDGE('',*,*,#1067,.F.);
#1067 = EDGE_CURVE('',#1068,#1068,#1070,.T.);
#1068 = VERTEX_POINT('',#1069);
#1069 = CARTESIAN_POINT('',(38.5,63.,3.));
#1070 = CIRCLE('',#1071,2.5);
#1071 = AXIS2_PLACEMENT_3D('',#1072,#1073,#1074);
#1072 = CARTESIAN_POINT('',(36.,63.,3.));
#1073 = DIRECTION('',(0.,0.,1.));
#1074 = DIRECTION('',(1.,0.,0.));
#1075 = FACE_BOUND('',#1076,.T.);
#1076 = EDGE_LOOP('',(#1077));
#1077 = ORIENTED_EDGE('',*,*,#1078,.F.);
#1078 = EDGE_CURVE('',#1079,#1079,#1081,.T.);
#1079 = VERTEX_POINT('',#1080);
#1080 = CARTESIAN_POINT('',(11.5,72.,3.));
#1081 = CIRCLE('',#1082,2.5);
#1082 = AXIS2_PLACEMENT_3D('',#1083,#1084,#1085);
#1083 = CARTESIAN_POINT('',(9.,72.,3.));
#1084 = DIRECTION('',(0.,0.,1.));
#1085 = DIRECTION('',(1.,0.,0.));
#1086 = FACE_BOUND('',#1087,.T.);
#1087 = EDGE_LOOP('',(#1088));
#1088 = ORIENTED_EDGE('',*,*,#1089,.F.);
#1089 = EDGE_CURVE('',#1090,#1090,#1092,.T.);
#1090 = VERTEX_POINT('',#1091);
#1091 = CARTESIAN_POINT('',(20.5,72.,3.));
#1092 = CIRCLE('',#1093,2.5);
#1093 = AXIS2_PLACEMENT_3D('',#1094,#1095,#1096);
#1094 = CARTESIAN_POINT('',(18.,72.,3.));
#1095 = DIRECTION('',(0.,0.,1.));
#1096 = DIRECTION('',(1.,0.,0.));
#1097 = FACE_BOUND('',#1098,.T.);
#1098 = EDGE_LOOP('',(#1099));
#1099 = ORIENTED_EDGE('',*,*,#1100,.F.);
#1100 = EDGE_CURVE('',#1101,#1101,#1103,.T.);
#1101 = VERTEX_POINT('',#1102);
#1102 = CARTESIAN_POINT('',(11.5,81.,3.));
#1103 = CIRCLE('',#1104,2.5);
#1104 = AXIS2_PLACEMENT_3D('',#1105,#1106,#1107);
#1105 = CARTESIAN_POINT('',(9.,81.,3.));
#1106 = DIRECTION('',(0.,0.,1.));
#1107 = DIRECTION('',(1.,0.,0.));
#1108 = FACE_BOUND('',#1109,.T.);
#1109 = EDGE_LOOP('',(#1110));
#1110 = ORIENTED_EDGE('',*,*,#1111,.F.);
#1111 = EDGE_CURVE('',#1112,#1112,#1114,.T.);
#1112 = VERTEX_POINT('',#1113);
#1113 = CARTESIAN_POINT('',(20.5,81.,3.));
#1114 = CIRCLE('',#1115,2.5);
#1115 = AXIS2_PLACEMENT_3D('',#1116,#1117,#1118);
#1116 = CARTESIAN_POINT('',(18.,81.,3.));
#1117 = DIRECTION('',(0.,0.,1.));
#1118 = DIRECTION('',(1.,0.,0.));
#1119 = FACE_BOUND('',#1120,.T.);
#1120 = EDGE_LOOP('',(#1121));
#1121 = ORIENTED_EDGE('',*,*,#1122,.F.);
#1122 = EDGE_CURVE('',#1123,#1123,#1125,.T.);
#1123 = VERTEX_POINT('',#1124);
#1124 = CARTESIAN_POINT('',(29.5,72.,3.));
#1125 = CIRCLE('',#1126,2.5);
#1126 = AXIS2_PLACEMENT_3D('',#1127,#1128,#1129);
#1127 = CARTESIAN_POINT('',(27.,72.,3.));
#1128 = DIRECTION('',(0.,0.,1.));
#1129 = DIRECTION('',(1.,0.,0.));
#1130 = FACE_BOUND('',#1131,.T.);
#1131 = EDGE_LOOP('',(#1132));
#1132 = ORIENTED_EDGE('',*,*,#1133,.F.);
#1133 = EDGE_CURVE('',#1134,#1134,#1136,.T.);
#1134 = VERTEX_POINT('',#1135);
#1135 = CARTESIAN_POINT('',(38.5,72.,3.));
#1136 = CIRCLE('',#1137,2.5);
#1137 = AXIS2_PLACEMENT_3D('',#1138,#1139,#1140);
#1138 = CARTESIAN_POINT('',(36.,72.,3.));
#1139 = DIRECTION('',(0.,0.,1.));
#1140 = DIRECTION('',(1.,0.,0.));
#1141 = FACE_BOUND('',#1142,.T.);
#1142 = EDGE_LOOP('',(#1143));
#1143 = ORIENTED_EDGE('',*,*,#1144,.F.);
#1144 = EDGE_CURVE('',#1145,#1145,#1147,.T.);
#1145 = VERTEX_POINT('',#1146);
#1146 = CARTESIAN_POINT('',(29.5,81.,3.));
#1147 = CIRCLE('',#1148,2.5);
#1148 = AXIS2_PLACEMENT_3D('',#1149,#1150,#1151);
#1149 = CARTESIAN_POINT('',(27.,81.,3.));
#1150 = DIRECTION('',(0.,0.,1.));
#1151 = DIRECTION('',(1.,0.,0.));
#1152 = FACE_BOUND('',#1153,.T.);
#1153 = EDGE_LOOP('',(#1154));
#1154 = ORIENTED_EDGE('',*,*,#1155,.F.);
#1155 = EDGE_CURVE('',#1156,#1156,#1158,.T.);
#1156 = VERTEX_POINT('',#1157);
#1157 = CARTESIAN_POINT('',(38.5,81.,3.));
#1158 = CIRCLE('',#1159,2.5);
#1159 = AXIS2_PLACEMENT_3D('',#1160,#1161,#1162);
#1160 = CARTESIAN_POINT('',(36.,81.,3.));
#1161 = DIRECTION('',(0.,0.,1.));
#1162 = DIRECTION('',(1.,0.,0.));
#1163 = FACE_BOUND('',#1164,.T.);
#1164 = EDGE_LOOP('',(#1165));
#1165 = ORIENTED_EDGE('',*,*,#1166,.F.);
#1166 = EDGE_CURVE('',#1167,#1167,#1169,.T.);
#1167 = VERTEX_POINT('',#1168);
#1168 = CARTESIAN_POINT('',(47.5,63.,3.));
#1169 = CIRCLE('',#1170,2.5);
#1170 = AXIS2_PLACEMENT_3D('',#1171,#1172,#1173);
#1171 = CARTESIAN_POINT('',(45.,63.,3.));
#1172 = DIRECTION('',(0.,0.,1.));
#1173 = DIRECTION('',(1.,0.,0.));
#1174 = FACE_BOUND('',#1175,.T.);
#1175 = EDGE_LOOP('',(#1176));
#1176 = ORIENTED_EDGE('',*,*,#1177,.F.);
#1177 = EDGE_CURVE('',#1178,#1178,#1180,.T.);
#1178 = VERTEX_POINT('',#1179);
#1179 = CARTESIAN_POINT('',(56.5,63.,3.));
#1180 = CIRCLE('',#1181,2.5);
#1181 = AXIS2_PLACEMENT_3D('',#1182,#1183,#1184);
#1182 = CARTESIAN_POINT('',(54.,63.,3.));
#1183 = DIRECTION('',(0.,0.,1.));
#1184 = DIRECTION('',(1.,0.,0.));
#1185 = FACE_BOUND('',#1186,.T.);
#1186 = EDGE_LOOP('',(#1187));
#1187 = ORIENTED_EDGE('',*,*,#1188,.F.);
#1188 = EDGE_CURVE('',#1189,#1189,#1191,.T.);
#1189 = VERTEX_POINT('',#1190);
#1190 = CARTESIAN_POINT('',(65.5,63.,3.));
#1191 = CIRCLE('',#1192,2.5);
#1192 = AXIS2_PLACEMENT_3D('',#1193,#1194,#1195);
#1193 = CARTESIAN_POINT('',(63.,63.,3.));
#1194 = DIRECTION('',(0.,0.,1.));
#1195 = DIRECTION('',(1.,0.,0.));
#1196 = FACE_BOUND('',#1197,.T.);
#1197 = EDGE_LOOP('',(#1198));
#1198 = ORIENTED_EDGE('',*,*,#1199,.F.);
#1199 = EDGE_CURVE('',#1200,#1200,#1202,.T.);
#1200 = VERTEX_POINT('',#1201);
#1201 = CARTESIAN_POINT('',(47.5,72.,3.));
#1202 = CIRCLE('',#1203,2.5);
#1203 = AXIS2_PLACEMENT_3D('',#1204,#1205,#1206);
#1204 = CARTESIAN_POINT('',(45.,72.,3.));
#1205 = DIRECTION('',(0.,0.,1.));
#1206 = DIRECTION('',(1.,0.,0.));
#1207 = FACE_BOUND('',#1208,.T.);
#1208 = EDGE_LOOP('',(#1209));
#1209 = ORIENTED_EDGE('',*,*,#1210,.F.);
#1210 = EDGE_CURVE('',#1211,#1211,#1213,.T.);
#1211 = VERTEX_POINT('',#1212);
#1212 = CARTESIAN_POINT('',(47.5,81.,3.));
#1213 = CIRCLE('',#1214,2.5);
#1214 = AXIS2_PLACEMENT_3D('',#1215,#1216,#1217);
#1215 = CARTESIAN_POINT('',(45.,81.,3.));
#1216 = DIRECTION('',(0.,0.,1.));
#1217 = DIRECTION('',(1.,0.,0.));
#1218 = FACE_BOUND('',#1219,.T.);
#1219 = EDGE_LOOP('',(#1220));
#1220 = ORIENTED_EDGE('',*,*,#1221,.F.);
#1221 = EDGE_CURVE('',#1222,#1222,#1224,.T.);
#1222 = VERTEX_POINT('',#1223);
#1223 = CARTESIAN_POINT('',(56.5,72.,3.));
#1224 = CIRCLE('',#1225,2.5);
#1225 = AXIS2_PLACEMENT_3D('',#1226,#1227,#1228);
#1226 = CARTESIAN_POINT('',(54.,72.,3.));
#1227 = DIRECTION('',(0.,0.,1.));
#1228 = DIRECTION('',(1.,0.,0.));
#1229 = FACE_BOUND('',#1230,.T.);
#1230 = EDGE_LOOP('',(#1231));
#1231 = ORIENTED_EDGE('',*,*,#1232,.F.);
#1232 = EDGE_CURVE('',#1233,#1233,#1235,.T.);
#1233 = VERTEX_POINT('',#1234);
#1234 = CARTESIAN_POINT('',(65.5,72.,3.));
#1235 = CIRCLE('',#1236,2.5);
#1236 = AXIS2_PLACEMENT_3D('',#1237,#1238,#1239);
#1237 = CARTESIAN_POINT('',(63.,72.,3.));
#1238 = DIRECTION('',(0.,0.,1.));
#1239 = DIRECTION('',(1.,0.,0.));
#1240 = FACE_BOUND('',#1241,.T.);
#1241 = EDGE_LOOP('',(#1242));
#1242 = ORIENTED_EDGE('',*,*,#1243,.F.);
#1243 = EDGE_CURVE('',#1244,#1244,#1246,.T.);
#1244 = VERTEX_POINT('',#1245);
#1245 = CARTESIAN_POINT('',(56.5,81.,3.));
#1246 = CIRCLE('',#1247,2.5);
#1247 = AXIS2_PLACEMENT_3D('',#1248,#1249,#1250);
#1248 = CARTESIAN_POINT('',(54.,81.,3.));
#1249 = DIRECTION('',(0.,0.,1.));
#1250 = DIRECTION('',(1.,0.,0.));
#1251 = FACE_BOUND('',#1252,.T.);
#1252 = EDGE_LOOP('',(#1253));
#1253 = ORIENTED_EDGE('',*,*,#1254,.F.);
#1254 = EDGE_CURVE('',#1255,#1255,#1257,.T.);
#1255 = VERTEX_POINT('',#1256);
#1256 = CARTESIAN_POINT('',(65.5,81.,3.));
#1257 = CIRCLE('',#1258,2.5);
#1258 = AXIS2_PLACEMENT_3D('',#1259,#1260,#1261);
#1259 = CARTESIAN_POINT('',(63.,81.,3.));
#1260 = DIRECTION('',(0.,0.,1.));
#1261 = DIRECTION('',(1.,0.,0.));
#1262 = FACE_BOUND('',#1263,.T.);
#1263 = EDGE_LOOP('',(#1264));
#1264 = ORIENTED_EDGE('',*,*,#1265,.F.);
#1265 = EDGE_CURVE('',#1266,#1266,#1268,.T.);
#1266 = VERTEX_POINT('',#1267);
#1267 = CARTESIAN_POINT('',(11.5,90.,3.));
#1268 = CIRCLE('',#1269,2.5);
#1269 = AXIS2_PLACEMENT_3D('',#1270,#1271,#1272);
#1270 = CARTESIAN_POINT('',(9.,90.,3.));
#1271 = DIRECTION('',(0.,0.,1.));
#1272 = DIRECTION('',(1.,0.,0.));
#1273 = FACE_BOUND('',#1274,.T.);
#1274 = EDGE_LOOP('',(#1275));
#1275 = ORIENTED_EDGE('',*,*,#1276,.F.);
#1276 = EDGE_CURVE('',#1277,#1277,#1279,.T.);
#1277 = VERTEX_POINT('',#1278);
#1278 = CARTESIAN_POINT('',(20.5,90.,3.));
#1279 = CIRCLE('',#1280,2.5);
#1280 = AXIS2_PLACEMENT_3D('',#1281,#1282,#1283);
#1281 = CARTESIAN_POINT('',(18.,90.,3.));
#1282 = DIRECTION('',(0.,0.,1.));
#1283 = DIRECTION('',(1.,0.,0.));
#1284 = FACE_BOUND('',#1285,.T.);
#1285 = EDGE_LOOP('',(#1286));
#1286 = ORIENTED_EDGE('',*,*,#1287,.F.);
#1287 = EDGE_CURVE('',#1288,#1288,#1290,.T.);
#1288 = VERTEX_POINT('',#1289);
#1289 = CARTESIAN_POINT('',(29.5,90.,3.));
#1290 = CIRCLE('',#1291,2.5);
#1291 = AXIS2_PLACEMENT_3D('',#1292,#1293,#1294);
#1292 = CARTESIAN_POINT('',(27.,90.,3.));
#1293 = DIRECTION('',(0.,0.,1.));
#1294 = DIRECTION('',(1.,0.,0.));
#1295 = FACE_BOUND('',#1296,.T.);
#1296 = EDGE_LOOP('',(#1297));
#1297 = ORIENTED_EDGE('',*,*,#1298,.F.);
#1298 = EDGE_CURVE('',#1299,#1299,#1301,.T.);
#1299 = VERTEX_POINT('',#1300);
#1300 = CARTESIAN_POINT('',(38.5,90.,3.));
#1301 = CIRCLE('',#1302,2.5);
#1302 = AXIS2_PLACEMENT_3D('',#1303,#1304,#1305);
#1303 = CARTESIAN_POINT('',(36.,90.,3.));
#1304 = DIRECTION('',(0.,0.,1.));
#1305 = DIRECTION('',(1.,0.,0.));
#1306 = FACE_BOUND('',#1307,.T.);
#1307 = EDGE_LOOP('',(#1308));
#1308 = ORIENTED_EDGE('',*,*,#1309,.F.);
#1309 = EDGE_CURVE('',#1310,#1310,#1312,.T.);
#1310 = VERTEX_POINT('',#1311);
#1311 = CARTESIAN_POINT('',(11.5,99.,3.));
#1312 = CIRCLE('',#1313,2.5);
#1313 = AXIS2_PLACEMENT_3D('',#1314,#1315,#1316);
#1314 = CARTESIAN_POINT('',(9.,99.,3.));
#1315 = DIRECTION('',(0.,0.,1.));
#1316 = DIRECTION('',(1.,0.,0.));
#1317 = FACE_BOUND('',#1318,.T.);
#1318 = EDGE_LOOP('',(#1319));
#1319 = ORIENTED_EDGE('',*,*,#1320,.F.);
#1320 = EDGE_CURVE('',#1321,#1321,#1323,.T.);
#1321 = VERTEX_POINT('',#1322);
#1322 = CARTESIAN_POINT('',(20.5,99.,3.));
#1323 = CIRCLE('',#1324,2.5);
#1324 = AXIS2_PLACEMENT_3D('',#1325,#1326,#1327);
#1325 = CARTESIAN_POINT('',(18.,99.,3.));
#1326 = DIRECTION('',(0.,0.,1.));
#1327 = DIRECTION('',(1.,0.,0.));
#1328 = FACE_BOUND('',#1329,.T.);
#1329 = EDGE_LOOP('',(#1330));
#1330 = ORIENTED_EDGE('',*,*,#1331,.F.);
#1331 = EDGE_CURVE('',#1332,#1332,#1334,.T.);
#1332 = VERTEX_POINT('',#1333);
#1333 = CARTESIAN_POINT('',(11.5,108.,3.));
#1334 = CIRCLE('',#1335,2.5);
#1335 = AXIS2_PLACEMENT_3D('',#1336,#1337,#1338);
#1336 = CARTESIAN_POINT('',(9.,108.,3.));
#1337 = DIRECTION('',(0.,0.,1.));
#1338 = DIRECTION('',(1.,0.,0.));
#1339 = FACE_BOUND('',#1340,.T.);
#1340 = EDGE_LOOP('',(#1341));
#1341 = ORIENTED_EDGE('',*,*,#1342,.F.);
#1342 = EDGE_CURVE('',#1343,#1343,#1345,.T.);
#1343 = VERTEX_POINT('',#1344);
#1344 = CARTESIAN_POINT('',(20.5,108.,3.));
#1345 = CIRCLE('',#1346,2.5);
#1346 = AXIS2_PLACEMENT_3D('',#1347,#1348,#1349);
#1347 = CARTESIAN_POINT('',(18.,108.,3.));
#1348 = DIRECTION('',(0.,0.,1.));
#1349 = DIRECTION('',(1.,0.,0.));
#1350 = FACE_BOUND('',#1351,.T.);
#1351 = EDGE_LOOP('',(#1352));
#1352 = ORIENTED_EDGE('',*,*,#1353,.F.);
#1353 = EDGE_CURVE('',#1354,#1354,#1356,.T.);
#1354 = VERTEX_POINT('',#1355);
#1355 = CARTESIAN_POINT('',(29.5,99.,3.));
#1356 = CIRCLE('',#1357,2.5);
#1357 = AXIS2_PLACEMENT_3D('',#1358,#1359,#1360);
#1358 = CARTESIAN_POINT('',(27.,99.,3.));
#1359 = DIRECTION('',(0.,0.,1.));
#1360 = DIRECTION('',(1.,0.,0.));
#1361 = FACE_BOUND('',#1362,.T.);
#1362 = EDGE_LOOP('',(#1363));
#1363 = ORIENTED_EDGE('',*,*,#1364,.F.);
#1364 = EDGE_CURVE('',#1365,#1365,#1367,.T.);
#1365 = VERTEX_POINT('',#1366);
#1366 = CARTESIAN_POINT('',(38.5,99.,3.));
#1367 = CIRCLE('',#1368,2.5);
#1368 = AXIS2_PLACEMENT_3D('',#1369,#1370,#1371);
#1369 = CARTESIAN_POINT('',(36.,99.,3.));
#1370 = DIRECTION('',(0.,0.,1.));
#1371 = DIRECTION('',(1.,0.,0.));
#1372 = FACE_BOUND('',#1373,.T.);
#1373 = EDGE_LOOP('',(#1374));
#1374 = ORIENTED_EDGE('',*,*,#1375,.F.);
#1375 = EDGE_CURVE('',#1376,#1376,#1378,.T.);
#1376 = VERTEX_POINT('',#1377);
#1377 = CARTESIAN_POINT('',(29.5,108.,3.));
#1378 = CIRCLE('',#1379,2.5);
#1379 = AXIS2_PLACEMENT_3D('',#1380,#1381,#1382);
#1380 = CARTESIAN_POINT('',(27.,108.,3.));
#1381 = DIRECTION('',(0.,0.,1.));
#1382 = DIRECTION('',(1.,0.,0.));
#1383 = FACE_BOUND('',#1384,.T.);
#1384 = EDGE_LOOP('',(#1385));
#1385 = ORIENTED_EDGE('',*,*,#1386,.F.);
#1386 = EDGE_CURVE('',#1387,#1387,#1389,.T.);
#1387 = VERTEX_POINT('',#1388);
#1388 = CARTESIAN_POINT('',(38.5,108.,3.));
#1389 = CIRCLE('',#1390,2.5);
#1390 = AXIS2_PLACEMENT_3D('',#1391,#1392,#1393);
#1391 = CARTESIAN_POINT('',(36.,108.,3.));
#1392 = DIRECTION('',(0.,0.,1.));
#1393 = DIRECTION('',(1.,0.,0.));
#1394 = FACE_BOUND('',#1395,.T.);
#1395 = EDGE_LOOP('',(#1396));
#1396 = ORIENTED_EDGE('',*,*,#1397,.F.);
#1397 = EDGE_CURVE('',#1398,#1398,#1400,.T.);
#1398 = VERTEX_POINT('',#1399);
#1399 = CARTESIAN_POINT('',(47.5,90.,3.));
#1400 = CIRCLE('',#1401,2.5);
#1401 = AXIS2_PLACEMENT_3D('',#1402,#1403,#1404);
#1402 = CARTESIAN_POINT('',(45.,90.,3.));
#1403 = DIRECTION('',(0.,0.,1.));
#1404 = DIRECTION('',(1.,0.,0.));
#1405 = FACE_BOUND('',#1406,.T.);
#1406 = EDGE_LOOP('',(#1407));
#1407 = ORIENTED_EDGE('',*,*,#1408,.F.);
#1408 = EDGE_CURVE('',#1409,#1409,#1411,.T.);
#1409 = VERTEX_POINT('',#1410);
#1410 = CARTESIAN_POINT('',(56.5,90.,3.));
#1411 = CIRCLE('',#1412,2.5);
#1412 = AXIS2_PLACEMENT_3D('',#1413,#1414,#1415);
#1413 = CARTESIAN_POINT('',(54.,90.,3.));
#1414 = DIRECTION('',(0.,0.,1.));
#1415 = DIRECTION('',(1.,0.,0.));
#1416 = FACE_BOUND('',#1417,.T.);
#1417 = EDGE_LOOP('',(#1418));
#1418 = ORIENTED_EDGE('',*,*,#1419,.F.);
#1419 = EDGE_CURVE('',#1420,#1420,#1422,.T.);
#1420 = VERTEX_POINT('',#1421);
#1421 = CARTESIAN_POINT('',(65.5,90.,3.));
#1422 = CIRCLE('',#1423,2.5);
#1423 = AXIS2_PLACEMENT_3D('',#1424,#1425,#1426);
#1424 = CARTESIAN_POINT('',(63.,90.,3.));
#1425 = DIRECTION('',(0.,0.,1.));
#1426 = DIRECTION('',(1.,0.,0.));
#1427 = FACE_BOUND('',#1428,.T.);
#1428 = EDGE_LOOP('',(#1429));
#1429 = ORIENTED_EDGE('',*,*,#1430,.F.);
#1430 = EDGE_CURVE('',#1431,#1431,#1433,.T.);
#1431 = VERTEX_POINT('',#1432);
#1432 = CARTESIAN_POINT('',(47.5,99.,3.));
#1433 = CIRCLE('',#1434,2.5);
#1434 = AXIS2_PLACEMENT_3D('',#1435,#1436,#1437);
#1435 = CARTESIAN_POINT('',(45.,99.,3.));
#1436 = DIRECTION('',(0.,0.,1.));
#1437 = DIRECTION('',(1.,0.,0.));
#1438 = FACE_BOUND('',#1439,.T.);
#1439 = EDGE_LOOP('',(#1440));
#1440 = ORIENTED_EDGE('',*,*,#1441,.F.);
#1441 = EDGE_CURVE('',#1442,#1442,#1444,.T.);
#1442 = VERTEX_POINT('',#1443);
#1443 = CARTESIAN_POINT('',(47.5,108.,3.));
#1444 = CIRCLE('',#1445,2.5);
#1445 = AXIS2_PLACEMENT_3D('',#1446,#1447,#1448);
#1446 = CARTESIAN_POINT('',(45.,108.,3.));
#1447 = DIRECTION('',(0.,0.,1.));
#1448 = DIRECTION('',(1.,0.,0.));
#1449 = FACE_BOUND('',#1450,.T.);
#1450 = EDGE_LOOP('',(#1451));
#1451 = ORIENTED_EDGE('',*,*,#1452,.F.);
#1452 = EDGE_CURVE('',#1453,#1453,#1455,.T.);
#1453 = VERTEX_POINT('',#1454);
#1454 = CARTESIAN_POINT('',(56.5,99.,3.));
#1455 = CIRCLE('',#1456,2.5);
#1456 = AXIS2_PLACEMENT_3D('',#1457,#1458,#1459);
#1457 = CARTESIAN_POINT('',(54.,99.,3.));
#1458 = DIRECTION('',(0.,0.,1.));
#1459 = DIRECTION('',(1.,0.,0.));
#1460 = FACE_BOUND('',#1461,.T.);
#1461 = EDGE_LOOP('',(#1462));
#1462 = ORIENTED_EDGE('',*,*,#1463,.F.);
#1463 = EDGE_CURVE('',#1464,#1464,#1466,.T.);
#1464 = VERTEX_POINT('',#1465);
#1465 = CARTESIAN_POINT('',(65.5,99.,3.));
#1466 = CIRCLE('',#1467,2.5);
#1467 = AXIS2_PLACEMENT_3D('',#1468,#1469,#1470);
#1468 = CARTESIAN_POINT('',(63.,99.,3.));
#1469 = DIRECTION('',(0.,0.,1.));
#1470 = DIRECTION('',(1.,0.,0.));
#1471 = FACE_BOUND('',#1472,.T.);
#1472 = EDGE_LOOP('',(#1473));
#1473 = ORIENTED_EDGE('',*,*,#1474,.F.);
#1474 = EDGE_CURVE('',#1475,#1475,#1477,.T.);
#1475 = VERTEX_POINT('',#1476);
#1476 = CARTESIAN_POINT('',(56.5,108.,3.));
#1477 = CIRCLE('',#1478,2.5);
#1478 = AXIS2_PLACEMENT_3D('',#1479,#1480,#1481);
#1479 = CARTESIAN_POINT('',(54.,108.,3.));
#1480 = DIRECTION('',(0.,0.,1.));
#1481 = DIRECTION('',(1.,0.,0.));
#1482 = FACE_BOUND('',#1483,.T.);
#1483 = EDGE_LOOP('',(#1484));
#1484 = ORIENTED_EDGE('',*,*,#1485,.F.);
#1485 = EDGE_CURVE('',#1486,#1486,#1488,.T.);
#1486 = VERTEX_POINT('',#1487);
#1487 = CARTESIAN_POINT('',(65.5,108.,3.));
#1488 = CIRCLE('',#1489,2.5);
#1489 = AXIS2_PLACEMENT_3D('',#1490,#1491,#1492);
#1490 = CARTESIAN_POINT('',(63.,108.,3.));
#1491 = DIRECTION('',(0.,0.,1.));
#1492 = DIRECTION('',(1.,0.,0.));
#1493 = FACE_BOUND('',#1494,.T.);
#1494 = EDGE_LOOP('',(#1495));
#1495 = ORIENTED_EDGE('',*,*,#1496,.F.);
#1496 = EDGE_CURVE('',#1497,#1497,#1499,.T.);
#1497 = VERTEX_POINT('',#1498);
#1498 = CARTESIAN_POINT('',(74.5,63.,3.));
#1499 = CIRCLE('',#1500,2.5);
#1500 = AXIS2_PLACEMENT_3D('',#1501,#1502,#1503);
#1501 = CARTESIAN_POINT('',(72.,63.,3.));
#1502 = DIRECTION('',(0.,0.,1.));
#1503 = DIRECTION('',(1.,0.,0.));
#1504 = FACE_BOUND('',#1505,.T.);
#1505 = EDGE_LOOP('',(#1506));
#1506 = ORIENTED_EDGE('',*,*,#1507,.F.);
#1507 = EDGE_CURVE('',#1508,#1508,#1510,.T.);
#1508 = VERTEX_POINT('',#1509);
#1509 = CARTESIAN_POINT('',(83.5,63.,3.));
#1510 = CIRCLE('',#1511,2.5);
#1511 = AXIS2_PLACEMENT_3D('',#1512,#1513,#1514);
#1512 = CARTESIAN_POINT('',(81.,63.,3.));
#1513 = DIRECTION('',(0.,0.,1.));
#1514 = DIRECTION('',(1.,0.,0.));
#1515 = FACE_BOUND('',#1516,.T.);
#1516 = EDGE_LOOP('',(#1517));
#1517 = ORIENTED_EDGE('',*,*,#1518,.F.);
#1518 = EDGE_CURVE('',#1519,#1519,#1521,.T.);
#1519 = VERTEX_POINT('',#1520);
#1520 = CARTESIAN_POINT('',(92.5,63.,3.));
#1521 = CIRCLE('',#1522,2.5);
#1522 = AXIS2_PLACEMENT_3D('',#1523,#1524,#1525);
#1523 = CARTESIAN_POINT('',(90.,63.,3.));
#1524 = DIRECTION('',(0.,0.,1.));
#1525 = DIRECTION('',(1.,0.,0.));
#1526 = FACE_BOUND('',#1527,.T.);
#1527 = EDGE_LOOP('',(#1528));
#1528 = ORIENTED_EDGE('',*,*,#1529,.F.);
#1529 = EDGE_CURVE('',#1530,#1530,#1532,.T.);
#1530 = VERTEX_POINT('',#1531);
#1531 = CARTESIAN_POINT('',(74.5,72.,3.));
#1532 = CIRCLE('',#1533,2.5);
#1533 = AXIS2_PLACEMENT_3D('',#1534,#1535,#1536);
#1534 = CARTESIAN_POINT('',(72.,72.,3.));
#1535 = DIRECTION('',(0.,0.,1.));
#1536 = DIRECTION('',(1.,0.,0.));
#1537 = FACE_BOUND('',#1538,.T.);
#1538 = EDGE_LOOP('',(#1539));
#1539 = ORIENTED_EDGE('',*,*,#1540,.F.);
#1540 = EDGE_CURVE('',#1541,#1541,#1543,.T.);
#1541 = VERTEX_POINT('',#1542);
#1542 = CARTESIAN_POINT('',(83.5,72.,3.));
#1543 = CIRCLE('',#1544,2.5);
#1544 = AXIS2_PLACEMENT_3D('',#1545,#1546,#1547);
#1545 = CARTESIAN_POINT('',(81.,72.,3.));
#1546 = DIRECTION('',(0.,0.,1.));
#1547 = DIRECTION('',(1.,0.,0.));
#1548 = FACE_BOUND('',#1549,.T.);
#1549 = EDGE_LOOP('',(#1550));
#1550 = ORIENTED_EDGE('',*,*,#1551,.F.);
#1551 = EDGE_CURVE('',#1552,#1552,#1554,.T.);
#1552 = VERTEX_POINT('',#1553);
#1553 = CARTESIAN_POINT('',(74.5,81.,3.));
#1554 = CIRCLE('',#1555,2.5);
#1555 = AXIS2_PLACEMENT_3D('',#1556,#1557,#1558);
#1556 = CARTESIAN_POINT('',(72.,81.,3.));
#1557 = DIRECTION('',(0.,0.,1.));
#1558 = DIRECTION('',(1.,0.,0.));
#1559 = FACE_BOUND('',#1560,.T.);
#1560 = EDGE_LOOP('',(#1561));
#1561 = ORIENTED_EDGE('',*,*,#1562,.F.);
#1562 = EDGE_CURVE('',#1563,#1563,#1565,.T.);
#1563 = VERTEX_POINT('',#1564);
#1564 = CARTESIAN_POINT('',(83.5,81.,3.));
#1565 = CIRCLE('',#1566,2.5);
#1566 = AXIS2_PLACEMENT_3D('',#1567,#1568,#1569);
#1567 = CARTESIAN_POINT('',(81.,81.,3.));
#1568 = DIRECTION('',(0.,0.,1.));
#1569 = DIRECTION('',(1.,0.,0.));
#1570 = FACE_BOUND('',#1571,.T.);
#1571 = EDGE_LOOP('',(#1572));
#1572 = ORIENTED_EDGE('',*,*,#1573,.F.);
#1573 = EDGE_CURVE('',#1574,#1574,#1576,.T.);
#1574 = VERTEX_POINT('',#1575);
#1575 = CARTESIAN_POINT('',(92.5,72.,3.));
#1576 = CIRCLE('',#1577,2.5);
#1577 = AXIS2_PLACEMENT_3D('',#1578,#1579,#1580);
#1578 = CARTESIAN_POINT('',(90.,72.,3.));
#1579 = DIRECTION('',(0.,0.,1.));
#1580 = DIRECTION('',(1.,0.,0.));
#1581 = FACE_BOUND('',#1582,.T.);
#1582 = EDGE_LOOP('',(#1583));
#1583 = ORIENTED_EDGE('',*,*,#1584,.F.);
#1584 = EDGE_CURVE('',#1585,#1585,#1587,.T.);
#1585 = VERTEX_POINT('',#1586);
#1586 = CARTESIAN_POINT('',(92.5,81.,3.));
#1587 = CIRCLE('',#1588,2.5);
#1588 = AXIS2_PLACEMENT_3D('',#1589,#1590,#1591);
#1589 = CARTESIAN_POINT('',(90.,81.,3.));
#1590 = DIRECTION('',(0.,0.,1.));
#1591 = DIRECTION('',(1.,0.,0.));
#1592 = FACE_BOUND('',#1593,.T.);
#1593 = EDGE_LOOP('',(#1594));
#1594 = ORIENTED_EDGE('',*,*,#1595,.F.);
#1595 = EDGE_CURVE('',#1596,#1596,#1598,.T.);
#1596 = VERTEX_POINT('',#1597);
#1597 = CARTESIAN_POINT('',(101.5,63.,3.));
#1598 = CIRCLE('',#1599,2.5);
#1599 = AXIS2_PLACEMENT_3D('',#1600,#1601,#1602);
#1600 = CARTESIAN_POINT('',(99.,63.,3.));
#1601 = DIRECTION('',(0.,0.,1.));
#1602 = DIRECTION('',(1.,0.,0.));
#1603 = FACE_BOUND('',#1604,.T.);
#1604 = EDGE_LOOP('',(#1605));
#1605 = ORIENTED_EDGE('',*,*,#1606,.F.);
#1606 = EDGE_CURVE('',#1607,#1607,#1609,.T.);
#1607 = VERTEX_POINT('',#1608);
#1608 = CARTESIAN_POINT('',(110.5,63.,3.));
#1609 = CIRCLE('',#1610,2.5);
#1610 = AXIS2_PLACEMENT_3D('',#1611,#1612,#1613);
#1611 = CARTESIAN_POINT('',(108.,63.,3.));
#1612 = DIRECTION('',(0.,0.,1.));
#1613 = DIRECTION('',(1.,0.,0.));
#1614 = FACE_BOUND('',#1615,.T.);
#1615 = EDGE_LOOP('',(#1616));
#1616 = ORIENTED_EDGE('',*,*,#1617,.F.);
#1617 = EDGE_CURVE('',#1618,#1618,#1620,.T.);
#1618 = VERTEX_POINT('',#1619);
#1619 = CARTESIAN_POINT('',(119.5,63.,3.));
#1620 = CIRCLE('',#1621,2.5);
#1621 = AXIS2_PLACEMENT_3D('',#1622,#1623,#1624);
#1622 = CARTESIAN_POINT('',(117.,63.,3.));
#1623 = DIRECTION('',(0.,0.,1.));
#1624 = DIRECTION('',(1.,0.,0.));
#1625 = FACE_BOUND('',#1626,.T.);
#1626 = EDGE_LOOP('',(#1627));
#1627 = ORIENTED_EDGE('',*,*,#1628,.F.);
#1628 = EDGE_CURVE('',#1629,#1629,#1631,.T.);
#1629 = VERTEX_POINT('',#1630);
#1630 = CARTESIAN_POINT('',(128.5,63.,3.));
#1631 = CIRCLE('',#1632,2.5);
#1632 = AXIS2_PLACEMENT_3D('',#1633,#1634,#1635);
#1633 = CARTESIAN_POINT('',(126.,63.,3.));
#1634 = DIRECTION('',(0.,0.,1.));
#1635 = DIRECTION('',(1.,0.,0.));
#1636 = FACE_BOUND('',#1637,.T.);
#1637 = EDGE_LOOP('',(#1638));
#1638 = ORIENTED_EDGE('',*,*,#1639,.F.);
#1639 = EDGE_CURVE('',#1640,#1640,#1642,.T.);
#1640 = VERTEX_POINT('',#1641);
#1641 = CARTESIAN_POINT('',(101.5,72.,3.));
#1642 = CIRCLE('',#1643,2.5);
#1643 = AXIS2_PLACEMENT_3D('',#1644,#1645,#1646);
#1644 = CARTESIAN_POINT('',(99.,72.,3.));
#1645 = DIRECTION('',(0.,0.,1.));
#1646 = DIRECTION('',(1.,0.,0.));
#1647 = FACE_BOUND('',#1648,.T.);
#1648 = EDGE_LOOP('',(#1649));
#1649 = ORIENTED_EDGE('',*,*,#1650,.F.);
#1650 = EDGE_CURVE('',#1651,#1651,#1653,.T.);
#1651 = VERTEX_POINT('',#1652);
#1652 = CARTESIAN_POINT('',(110.5,72.,3.));
#1653 = CIRCLE('',#1654,2.5);
#1654 = AXIS2_PLACEMENT_3D('',#1655,#1656,#1657);
#1655 = CARTESIAN_POINT('',(108.,72.,3.));
#1656 = DIRECTION('',(0.,0.,1.));
#1657 = DIRECTION('',(1.,0.,0.));
#1658 = FACE_BOUND('',#1659,.T.);
#1659 = EDGE_LOOP('',(#1660));
#1660 = ORIENTED_EDGE('',*,*,#1661,.F.);
#1661 = EDGE_CURVE('',#1662,#1662,#1664,.T.);
#1662 = VERTEX_POINT('',#1663);
#1663 = CARTESIAN_POINT('',(101.5,81.,3.));
#1664 = CIRCLE('',#1665,2.5);
#1665 = AXIS2_PLACEMENT_3D('',#1666,#1667,#1668);
#1666 = CARTESIAN_POINT('',(99.,81.,3.));
#1667 = DIRECTION('',(0.,0.,1.));
#1668 = DIRECTION('',(1.,0.,0.));
#1669 = FACE_BOUND('',#1670,.T.);
#1670 = EDGE_LOOP('',(#1671));
#1671 = ORIENTED_EDGE('',*,*,#1672,.F.);
#1672 = EDGE_CURVE('',#1673,#1673,#1675,.T.);
#1673 = VERTEX_POINT('',#1674);
#1674 = CARTESIAN_POINT('',(110.5,81.,3.));
#1675 = CIRCLE('',#1676,2.5);
#1676 = AXIS2_PLACEMENT_3D('',#1677,#1678,#1679);
#1677 = CARTESIAN_POINT('',(108.,81.,3.));
#1678 = DIRECTION('',(0.,0.,1.));
#1679 = DIRECTION('',(1.,0.,0.));
#1680 = FACE_BOUND('',#1681,.T.);
#1681 = EDGE_LOOP('',(#1682));
#1682 = ORIENTED_EDGE('',*,*,#1683,.F.);
#1683 = EDGE_CURVE('',#1684,#1684,#1686,.T.);
#1684 = VERTEX_POINT('',#1685);
#1685 = CARTESIAN_POINT('',(119.5,72.,3.));
#1686 = CIRCLE('',#1687,2.5);
#1687 = AXIS2_PLACEMENT_3D('',#1688,#1689,#1690);
#1688 = CARTESIAN_POINT('',(117.,72.,3.));
#1689 = DIRECTION('',(0.,0.,1.));
#1690 = DIRECTION('',(1.,0.,0.));
#1691 = FACE_BOUND('',#1692,.T.);
#1692 = EDGE_LOOP('',(#1693));
#1693 = ORIENTED_EDGE('',*,*,#1694,.F.);
#1694 = EDGE_CURVE('',#1695,#1695,#1697,.T.);
#1695 = VERTEX_POINT('',#1696);
#1696 = CARTESIAN_POINT('',(128.5,72.,3.));
#1697 = CIRCLE('',#1698,2.5);
#1698 = AXIS2_PLACEMENT_3D('',#1699,#1700,#1701);
#1699 = CARTESIAN_POINT('',(126.,72.,3.));
#1700 = DIRECTION('',(0.,0.,1.));
#1701 = DIRECTION('',(1.,0.,0.));
#1702 = FACE_BOUND('',#1703,.T.);
#1703 = EDGE_LOOP('',(#1704));
#1704 = ORIENTED_EDGE('',*,*,#1705,.F.);
#1705 = EDGE_CURVE('',#1706,#1706,#1708,.T.);
#1706 = VERTEX_POINT('',#1707);
#1707 = CARTESIAN_POINT('',(119.5,81.,3.));
#1708 = CIRCLE('',#1709,2.5);
#1709 = AXIS2_PLACEMENT_3D('',#1710,#1711,#1712);
#1710 = CARTESIAN_POINT('',(117.,81.,3.));
#1711 = DIRECTION('',(0.,0.,1.));
#1712 = DIRECTION('',(1.,0.,0.));
#1713 = FACE_BOUND('',#1714,.T.);
#1714 = EDGE_LOOP('',(#1715));
#1715 = ORIENTED_EDGE('',*,*,#1716,.F.);
#1716 = EDGE_CURVE('',#1717,#1717,#1719,.T.);
#1717 = VERTEX_POINT('',#1718);
#1718 = CARTESIAN_POINT('',(128.5,81.,3.));
#1719 = CIRCLE('',#1720,2.5);
#1720 = AXIS2_PLACEMENT_3D('',#1721,#1722,#1723);
#1721 = CARTESIAN_POINT('',(126.,81.,3.));
#1722 = DIRECTION('',(0.,0.,1.));
#1723 = DIRECTION('',(1.,0.,0.));
#1724 = FACE_BOUND('',#1725,.T.);
#1725 = EDGE_LOOP('',(#1726));
#1726 = ORIENTED_EDGE('',*,*,#1727,.F.);
#1727 = EDGE_CURVE('',#1728,#1728,#1730,.T.);
#1728 = VERTEX_POINT('',#1729);
#1729 = CARTESIAN_POINT('',(74.5,90.,3.));
#1730 = CIRCLE('',#1731,2.5);
#1731 = AXIS2_PLACEMENT_3D('',#1732,#1733,#1734);
#1732 = CARTESIAN_POINT('',(72.,90.,3.));
#1733 = DIRECTION('',(0.,0.,1.));
#1734 = DIRECTION('',(1.,0.,0.));
#1735 = FACE_BOUND('',#1736,.T.);
#1736 = EDGE_LOOP('',(#1737));
#1737 = ORIENTED_EDGE('',*,*,#1738,.F.);
#1738 = EDGE_CURVE('',#1739,#1739,#1741,.T.);
#1739 = VERTEX_POINT('',#1740);
#1740 = CARTESIAN_POINT('',(83.5,90.,3.));
#1741 = CIRCLE('',#1742,2.5);
#1742 = AXIS2_PLACEMENT_3D('',#1743,#1744,#1745);
#1743 = CARTESIAN_POINT('',(81.,90.,3.));
#1744 = DIRECTION('',(0.,0.,1.));
#1745 = DIRECTION('',(1.,0.,0.));
#1746 = FACE_BOUND('',#1747,.T.);
#1747 = EDGE_LOOP('',(#1748));
#1748 = ORIENTED_EDGE('',*,*,#1749,.F.);
#1749 = EDGE_CURVE('',#1750,#1750,#1752,.T.);
#1750 = VERTEX_POINT('',#1751);
#1751 = CARTESIAN_POINT('',(92.5,90.,3.));
#1752 = CIRCLE('',#1753,2.5);
#1753 = AXIS2_PLACEMENT_3D('',#1754,#1755,#1756);
#1754 = CARTESIAN_POINT('',(90.,90.,3.));
#1755 = DIRECTION('',(0.,0.,1.));
#1756 = DIRECTION('',(1.,0.,0.));
#1757 = FACE_BOUND('',#1758,.T.);
#1758 = EDGE_LOOP('',(#1759));
#1759 = ORIENTED_EDGE('',*,*,#1760,.F.);
#1760 = EDGE_CURVE('',#1761,#1761,#1763,.T.);
#1761 = VERTEX_POINT('',#1762);
#1762 = CARTESIAN_POINT('',(74.5,99.,3.));
#1763 = CIRCLE('',#1764,2.5);
#1764 = AXIS2_PLACEMENT_3D('',#1765,#1766,#1767);
#1765 = CARTESIAN_POINT('',(72.,99.,3.));
#1766 = DIRECTION('',(0.,0.,1.));
#1767 = DIRECTION('',(1.,0.,0.));
#1768 = FACE_BOUND('',#1769,.T.);
#1769 = EDGE_LOOP('',(#1770));
#1770 = ORIENTED_EDGE('',*,*,#1771,.F.);
#1771 = EDGE_CURVE('',#1772,#1772,#1774,.T.);
#1772 = VERTEX_POINT('',#1773);
#1773 = CARTESIAN_POINT('',(83.5,99.,3.));
#1774 = CIRCLE('',#1775,2.5);
#1775 = AXIS2_PLACEMENT_3D('',#1776,#1777,#1778);
#1776 = CARTESIAN_POINT('',(81.,99.,3.));
#1777 = DIRECTION('',(0.,0.,1.));
#1778 = DIRECTION('',(1.,0.,0.));
#1779 = FACE_BOUND('',#1780,.T.);
#1780 = EDGE_LOOP('',(#1781));
#1781 = ORIENTED_EDGE('',*,*,#1782,.F.);
#1782 = EDGE_CURVE('',#1783,#1783,#1785,.T.);
#1783 = VERTEX_POINT('',#1784);
#1784 = CARTESIAN_POINT('',(74.5,108.,3.));
#1785 = CIRCLE('',#1786,2.5);
#1786 = AXIS2_PLACEMENT_3D('',#1787,#1788,#1789);
#1787 = CARTESIAN_POINT('',(72.,108.,3.));
#1788 = DIRECTION('',(0.,0.,1.));
#1789 = DIRECTION('',(1.,0.,0.));
#1790 = FACE_BOUND('',#1791,.T.);
#1791 = EDGE_LOOP('',(#1792));
#1792 = ORIENTED_EDGE('',*,*,#1793,.F.);
#1793 = EDGE_CURVE('',#1794,#1794,#1796,.T.);
#1794 = VERTEX_POINT('',#1795);
#1795 = CARTESIAN_POINT('',(83.5,108.,3.));
#1796 = CIRCLE('',#1797,2.5);
#1797 = AXIS2_PLACEMENT_3D('',#1798,#1799,#1800);
#1798 = CARTESIAN_POINT('',(81.,108.,3.));
#1799 = DIRECTION('',(0.,0.,1.));
#1800 = DIRECTION('',(1.,0.,0.));
#1801 = FACE_BOUND('',#1802,.T.);
#1802 = EDGE_LOOP('',(#1803));
#1803 = ORIENTED_EDGE('',*,*,#1804,.F.);
#1804 = EDGE_CURVE('',#1805,#1805,#1807,.T.);
#1805 = VERTEX_POINT('',#1806);
#1806 = CARTESIAN_POINT('',(92.5,99.,3.));
#1807 = CIRCLE('',#1808,2.5);
#1808 = AXIS2_PLACEMENT_3D('',#1809,#1810,#1811);
#1809 = CARTESIAN_POINT('',(90.,99.,3.));
#1810 = DIRECTION('',(0.,0.,1.));
#1811 = DIRECTION('',(1.,0.,0.));
#1812 = FACE_BOUND('',#1813,.T.);
#1813 = EDGE_LOOP('',(#1814));
#1814 = ORIENTED_EDGE('',*,*,#1815,.F.);
#1815 = EDGE_CURVE('',#1816,#1816,#1818,.T.);
#1816 = VERTEX_POINT('',#1817);
#1817 = CARTESIAN_POINT('',(92.5,108.,3.));
#1818 = CIRCLE('',#1819,2.5);
#1819 = AXIS2_PLACEMENT_3D('',#1820,#1821,#1822);
#1820 = CARTESIAN_POINT('',(90.,108.,3.));
#1821 = DIRECTION('',(0.,0.,1.));
#1822 = DIRECTION('',(1.,0.,0.));
#1823 = FACE_BOUND('',#1824,.T.);
#1824 = EDGE_LOOP('',(#1825));
#1825 = ORIENTED_EDGE('',*,*,#1826,.F.);
#1826 = EDGE_CURVE('',#1827,#1827,#1829,.T.);
#1827 = VERTEX_POINT('',#1828);
#1828 = CARTESIAN_POINT('',(101.5,90.,3.));
#1829 = CIRCLE('',#1830,2.5);
#1830 = AXIS2_PLACEMENT_3D('',#1831,#1832,#1833);
#1831 = CARTESIAN_POINT('',(99.,90.,3.));
#1832 = DIRECTION('',(0.,0.,1.));
#1833 = DIRECTION('',(1.,0.,0.));
#1834 = FACE_BOUND('',#1835,.T.);
#1835 = EDGE_LOOP('',(#1836));
#1836 = ORIENTED_EDGE('',*,*,#1837,.F.);
#1837 = EDGE_CURVE('',#1838,#1838,#1840,.T.);
#1838 = VERTEX_POINT('',#1839);
#1839 = CARTESIAN_POINT('',(110.5,90.,3.));
#1840 = CIRCLE('',#1841,2.5);
#1841 = AXIS2_PLACEMENT_3D('',#1842,#1843,#1844);
#1842 = CARTESIAN_POINT('',(108.,90.,3.));
#1843 = DIRECTION('',(0.,0.,1.));
#1844 = DIRECTION('',(1.,0.,0.));
#1845 = FACE_BOUND('',#1846,.T.);
#1846 = EDGE_LOOP('',(#1847));
#1847 = ORIENTED_EDGE('',*,*,#1848,.F.);
#1848 = EDGE_CURVE('',#1849,#1849,#1851,.T.);
#1849 = VERTEX_POINT('',#1850);
#1850 = CARTESIAN_POINT('',(119.5,90.,3.));
#1851 = CIRCLE('',#1852,2.5);
#1852 = AXIS2_PLACEMENT_3D('',#1853,#1854,#1855);
#1853 = CARTESIAN_POINT('',(117.,90.,3.));
#1854 = DIRECTION('',(0.,0.,1.));
#1855 = DIRECTION('',(1.,0.,0.));
#1856 = FACE_BOUND('',#1857,.T.);
#1857 = EDGE_LOOP('',(#1858));
#1858 = ORIENTED_EDGE('',*,*,#1859,.F.);
#1859 = EDGE_CURVE('',#1860,#1860,#1862,.T.);
#1860 = VERTEX_POINT('',#1861);
#1861 = CARTESIAN_POINT('',(128.5,90.,3.));
#1862 = CIRCLE('',#1863,2.5);
#1863 = AXIS2_PLACEMENT_3D('',#1864,#1865,#1866);
#1864 = CARTESIAN_POINT('',(126.,90.,3.));
#1865 = DIRECTION('',(0.,0.,1.));
#1866 = DIRECTION('',(1.,0.,0.));
#1867 = FACE_BOUND('',#1868,.T.);
#1868 = EDGE_LOOP('',(#1869));
#1869 = ORIENTED_EDGE('',*,*,#1870,.F.);
#1870 = EDGE_CURVE('',#1871,#1871,#1873,.T.);
#1871 = VERTEX_POINT('',#1872);
#1872 = CARTESIAN_POINT('',(101.5,99.,3.));
#1873 = CIRCLE('',#1874,2.5);
#1874 = AXIS2_PLACEMENT_3D('',#1875,#1876,#1877);
#1875 = CARTESIAN_POINT('',(99.,99.,3.));
#1876 = DIRECTION('',(0.,0.,1.));
#1877 = DIRECTION('',(1.,0.,0.));
#1878 = FACE_BOUND('',#1879,.T.);
#1879 = EDGE_LOOP('',(#1880));
#1880 = ORIENTED_EDGE('',*,*,#1881,.F.);
#1881 = EDGE_CURVE('',#1882,#1882,#1884,.T.);
#1882 = VERTEX_POINT('',#1883);
#1883 = CARTESIAN_POINT('',(110.5,99.,3.));
#1884 = CIRCLE('',#1885,2.5);
#1885 = AXIS2_PLACEMENT_3D('',#1886,#1887,#1888);
#1886 = CARTESIAN_POINT('',(108.,99.,3.));
#1887 = DIRECTION('',(0.,0.,1.));
#1888 = DIRECTION('',(1.,0.,0.));
#1889 = FACE_BOUND('',#1890,.T.);
#1890 = EDGE_LOOP('',(#1891));
#1891 = ORIENTED_EDGE('',*,*,#1892,.F.);
#1892 = EDGE_CURVE('',#1893,#1893,#1895,.T.);
#1893 = VERTEX_POINT('',#1894);
#1894 = CARTESIAN_POINT('',(101.5,108.,3.));
#1895 = CIRCLE('',#1896,2.5);
#1896 = AXIS2_PLACEMENT_3D('',#1897,#1898,#1899);
#1897 = CARTESIAN_POINT('',(99.,108.,3.));
#1898 = DIRECTION('',(0.,0.,1.));
#1899 = DIRECTION('',(1.,0.,0.));
#1900 = FACE_BOUND('',#1901,.T.);
#1901 = EDGE_LOOP('',(#1902));
#1902 = ORIENTED_EDGE('',*,*,#1903,.F.);
#1903 = EDGE_CURVE('',#1904,#1904,#1906,.T.);
#1904 = VERTEX_POINT('',#1905);
#1905 = CARTESIAN_POINT('',(110.5,108.,3.));
#1906 = CIRCLE('',#1907,2.5);
#1907 = AXIS2_PLACEMENT_3D('',#1908,#1909,#1910);
#1908 = CARTESIAN_POINT('',(108.,108.,3.));
#1909 = DIRECTION('',(0.,0.,1.));
#1910 = DIRECTION('',(1.,0.,0.));
#1911 = FACE_BOUND('',#1912,.T.);
#1912 = EDGE_LOOP('',(#1913));
#1913 = ORIENTED_EDGE('',*,*,#1914,.F.);
#1914 = EDGE_CURVE('',#1915,#1915,#1917,.T.);
#1915 = VERTEX_POINT('',#1916);
#1916 = CARTESIAN_POINT('',(119.5,99.,3.));
#1917 = CIRCLE('',#1918,2.5);
#1918 = AXIS2_PLACEMENT_3D('',#1919,#1920,#1921);
#1919 = CARTESIAN_POINT('',(117.,99.,3.));
#1920 = DIRECTION('',(0.,0.,1.));
#1921 = DIRECTION('',(1.,0.,0.));
#1922 = FACE_BOUND('',#1923,.T.);
#1923 = EDGE_LOOP('',(#1924));
#1924 = ORIENTED_EDGE('',*,*,#1925,.F.);
#1925 = EDGE_CURVE('',#1926,#1926,#1928,.T.);
#1926 = VERTEX_POINT('',#1927);
#1927 = CARTESIAN_POINT('',(128.5,99.,3.));
#1928 = CIRCLE('',#1929,2.5);
#1929 = AXIS2_PLACEMENT_3D('',#1930,#1931,#1932);
#1930 = CARTESIAN_POINT('',(126.,99.,3.));
#1931 = DIRECTION('',(0.,0.,1.));
#1932 = DIRECTION('',(1.,0.,0.));
#1933 = FACE_BOUND('',#1934,.T.);
#1934 = EDGE_LOOP('',(#1935));
#1935 = ORIENTED_EDGE('',*,*,#1936,.F.);
#1936 = EDGE_CURVE('',#1937,#1937,#1939,.T.);
#1937 = VERTEX_POINT('',#1938);
#1938 = CARTESIAN_POINT('',(119.5,108.,3.));
#1939 = CIRCLE('',#1940,2.5);
#1940 = AXIS2_PLACEMENT_3D('',#1941,#1942,#1943);
#1941 = CARTESIAN_POINT('',(117.,108.,3.));
#1942 = DIRECTION('',(0.,0.,1.));
#1943 = DIRECTION('',(1.,0.,0.));
#1944 = FACE_BOUND('',#1945,.T.);
#1945 = EDGE_LOOP('',(#1946));
#1946 = ORIENTED_EDGE('',*,*,#1947,.F.);
#1947 = EDGE_CURVE('',#1948,#1948,#1950,.T.);
#1948 = VERTEX_POINT('',#1949);
#1949 = CARTESIAN_POINT('',(128.5,108.,3.));
#1950 = CIRCLE('',#1951,2.5);
#1951 = AXIS2_PLACEMENT_3D('',#1952,#1953,#1954);
#1952 = CARTESIAN_POINT('',(126.,108.,3.));
#1953 = DIRECTION('',(0.,0.,1.));
#1954 = DIRECTION('',(1.,0.,0.));
#1955 = PLANE('',#1956);
#1956 = AXIS2_PLACEMENT_3D('',#1957,#1958,#1959);
#1957 = CARTESIAN_POINT('',(0.,0.,3.));
#1958 = DIRECTION('',(0.,0.,1.));
#1959 = DIRECTION('',(1.,0.,0.));
#1960 = ADVANCED_FACE('',(#1961),#1979,.T.);
#1961 = FACE_BOUND('',#1962,.T.);
#1962 = EDGE_LOOP('',(#1963,#1971,#1972,#1973));
#1963 = ORIENTED_EDGE('',*,*,#1964,.F.);
#1964 = EDGE_CURVE('',#32,#1965,#1967,.T.);
#1965 = VERTEX_POINT('',#1966);
#1966 = CARTESIAN_POINT('',(135.,120.,0.));
#1967 = LINE('',#1968,#1969);
#1968 = CARTESIAN_POINT('',(0.,120.,0.));
#1969 = VECTOR('',#1970,1.);
#1970 = DIRECTION('',(1.,0.,0.));
#1971 = ORIENTED_EDGE('',*,*,#39,.T.);
#1972 = ORIENTED_EDGE('',*,*,#102,.T.);
#1973 = ORIENTED_EDGE('',*,*,#1974,.F.);
#1974 = EDGE_CURVE('',#1965,#95,#1975,.T.);
#1975 = LINE('',#1976,#1977);
#1976 = CARTESIAN_POINT('',(135.,120.,0.));
#1977 = VECTOR('',#1978,1.);
#1978 = DIRECTION('',(0.,0.,1.));
#1979 = PLANE('',#1980);
#1980 = AXIS2_PLACEMENT_3D('',#1981,#1982,#1983);
#1981 = CARTESIAN_POINT('',(0.,120.,0.));
#1982 = DIRECTION('',(0.,1.,0.));
#1983 = DIRECTION('',(0.,0.,1.));
#1984 = ADVANCED_FACE('',(#1985,#1996,#2007,#2018,#2029,#2040,#2051,
    #2062,#2073,#2084,#2095,#2106,#2117,#2128,#2139,#2150,#2161,#2172,
    #2183,#2194,#2205,#2216,#2227,#2238,#2249,#2260,#2271,#2282,#2293,
    #2304,#2315,#2326,#2337,#2348,#2359,#2370,#2381,#2392,#2403,#2414,
    #2425,#2436,#2447,#2458,#2469,#2480,#2491,#2502,#2513,#2524,#2535,
    #2546,#2557,#2568,#2579,#2590,#2601,#2612,#2623,#2634,#2645,#2656,
    #2667,#2678,#2689,#2700,#2711,#2722,#2733,#2744,#2755,#2766,#2777,
    #2788,#2799,#2810,#2821,#2832,#2843,#2854,#2865,#2876,#2887,#2898,
    #2909,#2920,#2931,#2942,#2953,#2964,#2975,#2986,#2997,#3008,#3019,
    #3030,#3041,#3052,#3063,#3074,#3085,#3096,#3107,#3118,#3129,#3140,
    #3151,#3162,#3173,#3184,#3195,#3206,#3217,#3228,#3239,#3250,#3261,
    #3272,#3283,#3294,#3305,#3316,#3327,#3338,#3349,#3360,#3371,#3382,
    #3393,#3404,#3415,#3426,#3437,#3448,#3459,#3470,#3481,#3492,#3503,
    #3514,#3525,#3536,#3547,#3558,#3569,#3580,#3591,#3602,#3613,#3624,
    #3635,#3646,#3657,#3668,#3679,#3690,#3701,#3712,#3723,#3734,#3745,
    #3756,#3767,#3778,#3789,#3800,#3811,#3822,#3833),#3844,.F.);
#1985 = FACE_BOUND('',#1986,.F.);
#1986 = EDGE_LOOP('',(#1987,#1988,#1989,#1995));
#1987 = ORIENTED_EDGE('',*,*,#31,.F.);
#1988 = ORIENTED_EDGE('',*,*,#61,.T.);
#1989 = ORIENTED_EDGE('',*,*,#1990,.T.);
#1990 = EDGE_CURVE('',#62,#1965,#1991,.T.);
#1991 = LINE('',#1992,#1993);
#1992 = CARTESIAN_POINT('',(135.,0.,0.));
#1993 = VECTOR('',#1994,1.);
#1994 = DIRECTION('',(0.,1.,0.));
#1995 = ORIENTED_EDGE('',*,*,#1964,.F.);
#1996 = FACE_BOUND('',#1997,.F.);
#1997 = EDGE_LOOP('',(#1998));
#1998 = ORIENTED_EDGE('',*,*,#1999,.F.);
#1999 = EDGE_CURVE('',#2000,#2000,#2002,.T.);
#2000 = VERTEX_POINT('',#2001);
#2001 = CARTESIAN_POINT('',(11.5,9.,0.));
#2002 = CIRCLE('',#2003,2.5);
#2003 = AXIS2_PLACEMENT_3D('',#2004,#2005,#2006);
#2004 = CARTESIAN_POINT('',(9.,9.,0.));
#2005 = DIRECTION('',(0.,0.,1.));
#2006 = DIRECTION('',(1.,0.,0.));
#2007 = FACE_BOUND('',#2008,.F.);
#2008 = EDGE_LOOP('',(#2009));
#2009 = ORIENTED_EDGE('',*,*,#2010,.F.);
#2010 = EDGE_CURVE('',#2011,#2011,#2013,.T.);
#2011 = VERTEX_POINT('',#2012);
#2012 = CARTESIAN_POINT('',(20.5,9.,0.));
#2013 = CIRCLE('',#2014,2.5);
#2014 = AXIS2_PLACEMENT_3D('',#2015,#2016,#2017);
#2015 = CARTESIAN_POINT('',(18.,9.,0.));
#2016 = DIRECTION('',(0.,0.,1.));
#2017 = DIRECTION('',(1.,0.,0.));
#2018 = FACE_BOUND('',#2019,.F.);
#2019 = EDGE_LOOP('',(#2020));
#2020 = ORIENTED_EDGE('',*,*,#2021,.F.);
#2021 = EDGE_CURVE('',#2022,#2022,#2024,.T.);
#2022 = VERTEX_POINT('',#2023);
#2023 = CARTESIAN_POINT('',(11.5,18.,0.));
#2024 = CIRCLE('',#2025,2.5);
#2025 = AXIS2_PLACEMENT_3D('',#2026,#2027,#2028);
#2026 = CARTESIAN_POINT('',(9.,18.,0.));
#2027 = DIRECTION('',(0.,0.,1.));
#2028 = DIRECTION('',(1.,0.,0.));
#2029 = FACE_BOUND('',#2030,.F.);
#2030 = EDGE_LOOP('',(#2031));
#2031 = ORIENTED_EDGE('',*,*,#2032,.F.);
#2032 = EDGE_CURVE('',#2033,#2033,#2035,.T.);
#2033 = VERTEX_POINT('',#2034);
#2034 = CARTESIAN_POINT('',(20.5,18.,0.));
#2035 = CIRCLE('',#2036,2.5);
#2036 = AXIS2_PLACEMENT_3D('',#2037,#2038,#2039);
#2037 = CARTESIAN_POINT('',(18.,18.,0.));
#2038 = DIRECTION('',(0.,0.,1.));
#2039 = DIRECTION('',(1.,0.,0.));
#2040 = FACE_BOUND('',#2041,.F.);
#2041 = EDGE_LOOP('',(#2042));
#2042 = ORIENTED_EDGE('',*,*,#2043,.F.);
#2043 = EDGE_CURVE('',#2044,#2044,#2046,.T.);
#2044 = VERTEX_POINT('',#2045);
#2045 = CARTESIAN_POINT('',(29.5,9.,0.));
#2046 = CIRCLE('',#2047,2.5);
#2047 = AXIS2_PLACEMENT_3D('',#2048,#2049,#2050);
#2048 = CARTESIAN_POINT('',(27.,9.,0.));
#2049 = DIRECTION('',(0.,0.,1.));
#2050 = DIRECTION('',(1.,0.,0.));
#2051 = FACE_BOUND('',#2052,.F.);
#2052 = EDGE_LOOP('',(#2053));
#2053 = ORIENTED_EDGE('',*,*,#2054,.F.);
#2054 = EDGE_CURVE('',#2055,#2055,#2057,.T.);
#2055 = VERTEX_POINT('',#2056);
#2056 = CARTESIAN_POINT('',(38.5,9.,0.));
#2057 = CIRCLE('',#2058,2.5);
#2058 = AXIS2_PLACEMENT_3D('',#2059,#2060,#2061);
#2059 = CARTESIAN_POINT('',(36.,9.,0.));
#2060 = DIRECTION('',(0.,0.,1.));
#2061 = DIRECTION('',(1.,0.,0.));
#2062 = FACE_BOUND('',#2063,.F.);
#2063 = EDGE_LOOP('',(#2064));
#2064 = ORIENTED_EDGE('',*,*,#2065,.F.);
#2065 = EDGE_CURVE('',#2066,#2066,#2068,.T.);
#2066 = VERTEX_POINT('',#2067);
#2067 = CARTESIAN_POINT('',(29.5,18.,0.));
#2068 = CIRCLE('',#2069,2.5);
#2069 = AXIS2_PLACEMENT_3D('',#2070,#2071,#2072);
#2070 = CARTESIAN_POINT('',(27.,18.,0.));
#2071 = DIRECTION('',(0.,0.,1.));
#2072 = DIRECTION('',(1.,0.,0.));
#2073 = FACE_BOUND('',#2074,.F.);
#2074 = EDGE_LOOP('',(#2075));
#2075 = ORIENTED_EDGE('',*,*,#2076,.F.);
#2076 = EDGE_CURVE('',#2077,#2077,#2079,.T.);
#2077 = VERTEX_POINT('',#2078);
#2078 = CARTESIAN_POINT('',(38.5,18.,0.));
#2079 = CIRCLE('',#2080,2.5);
#2080 = AXIS2_PLACEMENT_3D('',#2081,#2082,#2083);
#2081 = CARTESIAN_POINT('',(36.,18.,0.));
#2082 = DIRECTION('',(0.,0.,1.));
#2083 = DIRECTION('',(1.,0.,0.));
#2084 = FACE_BOUND('',#2085,.F.);
#2085 = EDGE_LOOP('',(#2086));
#2086 = ORIENTED_EDGE('',*,*,#2087,.F.);
#2087 = EDGE_CURVE('',#2088,#2088,#2090,.T.);
#2088 = VERTEX_POINT('',#2089);
#2089 = CARTESIAN_POINT('',(11.5,27.,0.));
#2090 = CIRCLE('',#2091,2.5);
#2091 = AXIS2_PLACEMENT_3D('',#2092,#2093,#2094);
#2092 = CARTESIAN_POINT('',(9.,27.,0.));
#2093 = DIRECTION('',(0.,0.,1.));
#2094 = DIRECTION('',(1.,0.,0.));
#2095 = FACE_BOUND('',#2096,.F.);
#2096 = EDGE_LOOP('',(#2097));
#2097 = ORIENTED_EDGE('',*,*,#2098,.F.);
#2098 = EDGE_CURVE('',#2099,#2099,#2101,.T.);
#2099 = VERTEX_POINT('',#2100);
#2100 = CARTESIAN_POINT('',(20.5,27.,0.));
#2101 = CIRCLE('',#2102,2.5);
#2102 = AXIS2_PLACEMENT_3D('',#2103,#2104,#2105);
#2103 = CARTESIAN_POINT('',(18.,27.,0.));
#2104 = DIRECTION('',(0.,0.,1.));
#2105 = DIRECTION('',(1.,0.,0.));
#2106 = FACE_BOUND('',#2107,.F.);
#2107 = EDGE_LOOP('',(#2108));
#2108 = ORIENTED_EDGE('',*,*,#2109,.F.);
#2109 = EDGE_CURVE('',#2110,#2110,#2112,.T.);
#2110 = VERTEX_POINT('',#2111);
#2111 = CARTESIAN_POINT('',(29.5,27.,0.));
#2112 = CIRCLE('',#2113,2.5);
#2113 = AXIS2_PLACEMENT_3D('',#2114,#2115,#2116);
#2114 = CARTESIAN_POINT('',(27.,27.,0.));
#2115 = DIRECTION('',(0.,0.,1.));
#2116 = DIRECTION('',(1.,0.,0.));
#2117 = FACE_BOUND('',#2118,.F.);
#2118 = EDGE_LOOP('',(#2119));
#2119 = ORIENTED_EDGE('',*,*,#2120,.F.);
#2120 = EDGE_CURVE('',#2121,#2121,#2123,.T.);
#2121 = VERTEX_POINT('',#2122);
#2122 = CARTESIAN_POINT('',(38.5,27.,0.));
#2123 = CIRCLE('',#2124,2.5);
#2124 = AXIS2_PLACEMENT_3D('',#2125,#2126,#2127);
#2125 = CARTESIAN_POINT('',(36.,27.,0.));
#2126 = DIRECTION('',(0.,0.,1.));
#2127 = DIRECTION('',(1.,0.,0.));
#2128 = FACE_BOUND('',#2129,.F.);
#2129 = EDGE_LOOP('',(#2130));
#2130 = ORIENTED_EDGE('',*,*,#2131,.F.);
#2131 = EDGE_CURVE('',#2132,#2132,#2134,.T.);
#2132 = VERTEX_POINT('',#2133);
#2133 = CARTESIAN_POINT('',(47.5,9.,0.));
#2134 = CIRCLE('',#2135,2.5);
#2135 = AXIS2_PLACEMENT_3D('',#2136,#2137,#2138);
#2136 = CARTESIAN_POINT('',(45.,9.,0.));
#2137 = DIRECTION('',(0.,0.,1.));
#2138 = DIRECTION('',(1.,0.,0.));
#2139 = FACE_BOUND('',#2140,.F.);
#2140 = EDGE_LOOP('',(#2141));
#2141 = ORIENTED_EDGE('',*,*,#2142,.F.);
#2142 = EDGE_CURVE('',#2143,#2143,#2145,.T.);
#2143 = VERTEX_POINT('',#2144);
#2144 = CARTESIAN_POINT('',(47.5,18.,0.));
#2145 = CIRCLE('',#2146,2.5);
#2146 = AXIS2_PLACEMENT_3D('',#2147,#2148,#2149);
#2147 = CARTESIAN_POINT('',(45.,18.,0.));
#2148 = DIRECTION('',(0.,0.,1.));
#2149 = DIRECTION('',(1.,0.,0.));
#2150 = FACE_BOUND('',#2151,.F.);
#2151 = EDGE_LOOP('',(#2152));
#2152 = ORIENTED_EDGE('',*,*,#2153,.F.);
#2153 = EDGE_CURVE('',#2154,#2154,#2156,.T.);
#2154 = VERTEX_POINT('',#2155);
#2155 = CARTESIAN_POINT('',(56.5,9.,0.));
#2156 = CIRCLE('',#2157,2.5);
#2157 = AXIS2_PLACEMENT_3D('',#2158,#2159,#2160);
#2158 = CARTESIAN_POINT('',(54.,9.,0.));
#2159 = DIRECTION('',(0.,0.,1.));
#2160 = DIRECTION('',(1.,0.,0.));
#2161 = FACE_BOUND('',#2162,.F.);
#2162 = EDGE_LOOP('',(#2163));
#2163 = ORIENTED_EDGE('',*,*,#2164,.F.);
#2164 = EDGE_CURVE('',#2165,#2165,#2167,.T.);
#2165 = VERTEX_POINT('',#2166);
#2166 = CARTESIAN_POINT('',(65.5,9.,0.));
#2167 = CIRCLE('',#2168,2.5);
#2168 = AXIS2_PLACEMENT_3D('',#2169,#2170,#2171);
#2169 = CARTESIAN_POINT('',(63.,9.,0.));
#2170 = DIRECTION('',(0.,0.,1.));
#2171 = DIRECTION('',(1.,0.,0.));
#2172 = FACE_BOUND('',#2173,.F.);
#2173 = EDGE_LOOP('',(#2174));
#2174 = ORIENTED_EDGE('',*,*,#2175,.F.);
#2175 = EDGE_CURVE('',#2176,#2176,#2178,.T.);
#2176 = VERTEX_POINT('',#2177);
#2177 = CARTESIAN_POINT('',(56.5,18.,0.));
#2178 = CIRCLE('',#2179,2.5);
#2179 = AXIS2_PLACEMENT_3D('',#2180,#2181,#2182);
#2180 = CARTESIAN_POINT('',(54.,18.,0.));
#2181 = DIRECTION('',(0.,0.,1.));
#2182 = DIRECTION('',(1.,0.,0.));
#2183 = FACE_BOUND('',#2184,.F.);
#2184 = EDGE_LOOP('',(#2185));
#2185 = ORIENTED_EDGE('',*,*,#2186,.F.);
#2186 = EDGE_CURVE('',#2187,#2187,#2189,.T.);
#2187 = VERTEX_POINT('',#2188);
#2188 = CARTESIAN_POINT('',(65.5,18.,0.));
#2189 = CIRCLE('',#2190,2.5);
#2190 = AXIS2_PLACEMENT_3D('',#2191,#2192,#2193);
#2191 = CARTESIAN_POINT('',(63.,18.,0.));
#2192 = DIRECTION('',(0.,0.,1.));
#2193 = DIRECTION('',(1.,0.,0.));
#2194 = FACE_BOUND('',#2195,.F.);
#2195 = EDGE_LOOP('',(#2196));
#2196 = ORIENTED_EDGE('',*,*,#2197,.F.);
#2197 = EDGE_CURVE('',#2198,#2198,#2200,.T.);
#2198 = VERTEX_POINT('',#2199);
#2199 = CARTESIAN_POINT('',(47.5,27.,0.));
#2200 = CIRCLE('',#2201,2.5);
#2201 = AXIS2_PLACEMENT_3D('',#2202,#2203,#2204);
#2202 = CARTESIAN_POINT('',(45.,27.,0.));
#2203 = DIRECTION('',(0.,0.,1.));
#2204 = DIRECTION('',(1.,0.,0.));
#2205 = FACE_BOUND('',#2206,.F.);
#2206 = EDGE_LOOP('',(#2207));
#2207 = ORIENTED_EDGE('',*,*,#2208,.F.);
#2208 = EDGE_CURVE('',#2209,#2209,#2211,.T.);
#2209 = VERTEX_POINT('',#2210);
#2210 = CARTESIAN_POINT('',(56.5,27.,0.));
#2211 = CIRCLE('',#2212,2.5);
#2212 = AXIS2_PLACEMENT_3D('',#2213,#2214,#2215);
#2213 = CARTESIAN_POINT('',(54.,27.,0.));
#2214 = DIRECTION('',(0.,0.,1.));
#2215 = DIRECTION('',(1.,0.,0.));
#2216 = FACE_BOUND('',#2217,.F.);
#2217 = EDGE_LOOP('',(#2218));
#2218 = ORIENTED_EDGE('',*,*,#2219,.F.);
#2219 = EDGE_CURVE('',#2220,#2220,#2222,.T.);
#2220 = VERTEX_POINT('',#2221);
#2221 = CARTESIAN_POINT('',(65.5,27.,0.));
#2222 = CIRCLE('',#2223,2.5);
#2223 = AXIS2_PLACEMENT_3D('',#2224,#2225,#2226);
#2224 = CARTESIAN_POINT('',(63.,27.,0.));
#2225 = DIRECTION('',(0.,0.,1.));
#2226 = DIRECTION('',(1.,0.,0.));
#2227 = FACE_BOUND('',#2228,.F.);
#2228 = EDGE_LOOP('',(#2229));
#2229 = ORIENTED_EDGE('',*,*,#2230,.F.);
#2230 = EDGE_CURVE('',#2231,#2231,#2233,.T.);
#2231 = VERTEX_POINT('',#2232);
#2232 = CARTESIAN_POINT('',(11.5,36.,0.));
#2233 = CIRCLE('',#2234,2.5);
#2234 = AXIS2_PLACEMENT_3D('',#2235,#2236,#2237);
#2235 = CARTESIAN_POINT('',(9.,36.,0.));
#2236 = DIRECTION('',(0.,0.,1.));
#2237 = DIRECTION('',(1.,0.,0.));
#2238 = FACE_BOUND('',#2239,.F.);
#2239 = EDGE_LOOP('',(#2240));
#2240 = ORIENTED_EDGE('',*,*,#2241,.F.);
#2241 = EDGE_CURVE('',#2242,#2242,#2244,.T.);
#2242 = VERTEX_POINT('',#2243);
#2243 = CARTESIAN_POINT('',(20.5,36.,0.));
#2244 = CIRCLE('',#2245,2.5);
#2245 = AXIS2_PLACEMENT_3D('',#2246,#2247,#2248);
#2246 = CARTESIAN_POINT('',(18.,36.,0.));
#2247 = DIRECTION('',(0.,0.,1.));
#2248 = DIRECTION('',(1.,0.,0.));
#2249 = FACE_BOUND('',#2250,.F.);
#2250 = EDGE_LOOP('',(#2251));
#2251 = ORIENTED_EDGE('',*,*,#2252,.F.);
#2252 = EDGE_CURVE('',#2253,#2253,#2255,.T.);
#2253 = VERTEX_POINT('',#2254);
#2254 = CARTESIAN_POINT('',(11.5,45.,0.));
#2255 = CIRCLE('',#2256,2.5);
#2256 = AXIS2_PLACEMENT_3D('',#2257,#2258,#2259);
#2257 = CARTESIAN_POINT('',(9.,45.,0.));
#2258 = DIRECTION('',(0.,0.,1.));
#2259 = DIRECTION('',(1.,0.,0.));
#2260 = FACE_BOUND('',#2261,.F.);
#2261 = EDGE_LOOP('',(#2262));
#2262 = ORIENTED_EDGE('',*,*,#2263,.F.);
#2263 = EDGE_CURVE('',#2264,#2264,#2266,.T.);
#2264 = VERTEX_POINT('',#2265);
#2265 = CARTESIAN_POINT('',(20.5,45.,0.));
#2266 = CIRCLE('',#2267,2.5);
#2267 = AXIS2_PLACEMENT_3D('',#2268,#2269,#2270);
#2268 = CARTESIAN_POINT('',(18.,45.,0.));
#2269 = DIRECTION('',(0.,0.,1.));
#2270 = DIRECTION('',(1.,0.,0.));
#2271 = FACE_BOUND('',#2272,.F.);
#2272 = EDGE_LOOP('',(#2273));
#2273 = ORIENTED_EDGE('',*,*,#2274,.F.);
#2274 = EDGE_CURVE('',#2275,#2275,#2277,.T.);
#2275 = VERTEX_POINT('',#2276);
#2276 = CARTESIAN_POINT('',(29.5,36.,0.));
#2277 = CIRCLE('',#2278,2.5);
#2278 = AXIS2_PLACEMENT_3D('',#2279,#2280,#2281);
#2279 = CARTESIAN_POINT('',(27.,36.,0.));
#2280 = DIRECTION('',(0.,0.,1.));
#2281 = DIRECTION('',(1.,0.,0.));
#2282 = FACE_BOUND('',#2283,.F.);
#2283 = EDGE_LOOP('',(#2284));
#2284 = ORIENTED_EDGE('',*,*,#2285,.F.);
#2285 = EDGE_CURVE('',#2286,#2286,#2288,.T.);
#2286 = VERTEX_POINT('',#2287);
#2287 = CARTESIAN_POINT('',(38.5,36.,0.));
#2288 = CIRCLE('',#2289,2.5);
#2289 = AXIS2_PLACEMENT_3D('',#2290,#2291,#2292);
#2290 = CARTESIAN_POINT('',(36.,36.,0.));
#2291 = DIRECTION('',(0.,0.,1.));
#2292 = DIRECTION('',(1.,0.,0.));
#2293 = FACE_BOUND('',#2294,.F.);
#2294 = EDGE_LOOP('',(#2295));
#2295 = ORIENTED_EDGE('',*,*,#2296,.F.);
#2296 = EDGE_CURVE('',#2297,#2297,#2299,.T.);
#2297 = VERTEX_POINT('',#2298);
#2298 = CARTESIAN_POINT('',(29.5,45.,0.));
#2299 = CIRCLE('',#2300,2.5);
#2300 = AXIS2_PLACEMENT_3D('',#2301,#2302,#2303);
#2301 = CARTESIAN_POINT('',(27.,45.,0.));
#2302 = DIRECTION('',(0.,0.,1.));
#2303 = DIRECTION('',(1.,0.,0.));
#2304 = FACE_BOUND('',#2305,.F.);
#2305 = EDGE_LOOP('',(#2306));
#2306 = ORIENTED_EDGE('',*,*,#2307,.F.);
#2307 = EDGE_CURVE('',#2308,#2308,#2310,.T.);
#2308 = VERTEX_POINT('',#2309);
#2309 = CARTESIAN_POINT('',(38.5,45.,0.));
#2310 = CIRCLE('',#2311,2.5);
#2311 = AXIS2_PLACEMENT_3D('',#2312,#2313,#2314);
#2312 = CARTESIAN_POINT('',(36.,45.,0.));
#2313 = DIRECTION('',(0.,0.,1.));
#2314 = DIRECTION('',(1.,0.,0.));
#2315 = FACE_BOUND('',#2316,.F.);
#2316 = EDGE_LOOP('',(#2317));
#2317 = ORIENTED_EDGE('',*,*,#2318,.F.);
#2318 = EDGE_CURVE('',#2319,#2319,#2321,.T.);
#2319 = VERTEX_POINT('',#2320);
#2320 = CARTESIAN_POINT('',(11.5,54.,0.));
#2321 = CIRCLE('',#2322,2.5);
#2322 = AXIS2_PLACEMENT_3D('',#2323,#2324,#2325);
#2323 = CARTESIAN_POINT('',(9.,54.,0.));
#2324 = DIRECTION('',(0.,0.,1.));
#2325 = DIRECTION('',(1.,0.,0.));
#2326 = FACE_BOUND('',#2327,.F.);
#2327 = EDGE_LOOP('',(#2328));
#2328 = ORIENTED_EDGE('',*,*,#2329,.F.);
#2329 = EDGE_CURVE('',#2330,#2330,#2332,.T.);
#2330 = VERTEX_POINT('',#2331);
#2331 = CARTESIAN_POINT('',(20.5,54.,0.));
#2332 = CIRCLE('',#2333,2.5);
#2333 = AXIS2_PLACEMENT_3D('',#2334,#2335,#2336);
#2334 = CARTESIAN_POINT('',(18.,54.,0.));
#2335 = DIRECTION('',(0.,0.,1.));
#2336 = DIRECTION('',(1.,0.,0.));
#2337 = FACE_BOUND('',#2338,.F.);
#2338 = EDGE_LOOP('',(#2339));
#2339 = ORIENTED_EDGE('',*,*,#2340,.F.);
#2340 = EDGE_CURVE('',#2341,#2341,#2343,.T.);
#2341 = VERTEX_POINT('',#2342);
#2342 = CARTESIAN_POINT('',(29.5,54.,0.));
#2343 = CIRCLE('',#2344,2.5);
#2344 = AXIS2_PLACEMENT_3D('',#2345,#2346,#2347);
#2345 = CARTESIAN_POINT('',(27.,54.,0.));
#2346 = DIRECTION('',(0.,0.,1.));
#2347 = DIRECTION('',(1.,0.,0.));
#2348 = FACE_BOUND('',#2349,.F.);
#2349 = EDGE_LOOP('',(#2350));
#2350 = ORIENTED_EDGE('',*,*,#2351,.F.);
#2351 = EDGE_CURVE('',#2352,#2352,#2354,.T.);
#2352 = VERTEX_POINT('',#2353);
#2353 = CARTESIAN_POINT('',(38.5,54.,0.));
#2354 = CIRCLE('',#2355,2.5);
#2355 = AXIS2_PLACEMENT_3D('',#2356,#2357,#2358);
#2356 = CARTESIAN_POINT('',(36.,54.,0.));
#2357 = DIRECTION('',(0.,0.,1.));
#2358 = DIRECTION('',(1.,0.,0.));
#2359 = FACE_BOUND('',#2360,.F.);
#2360 = EDGE_LOOP('',(#2361));
#2361 = ORIENTED_EDGE('',*,*,#2362,.F.);
#2362 = EDGE_CURVE('',#2363,#2363,#2365,.T.);
#2363 = VERTEX_POINT('',#2364);
#2364 = CARTESIAN_POINT('',(47.5,36.,0.));
#2365 = CIRCLE('',#2366,2.5);
#2366 = AXIS2_PLACEMENT_3D('',#2367,#2368,#2369);
#2367 = CARTESIAN_POINT('',(45.,36.,0.));
#2368 = DIRECTION('',(0.,0.,1.));
#2369 = DIRECTION('',(1.,0.,0.));
#2370 = FACE_BOUND('',#2371,.F.);
#2371 = EDGE_LOOP('',(#2372));
#2372 = ORIENTED_EDGE('',*,*,#2373,.F.);
#2373 = EDGE_CURVE('',#2374,#2374,#2376,.T.);
#2374 = VERTEX_POINT('',#2375);
#2375 = CARTESIAN_POINT('',(47.5,45.,0.));
#2376 = CIRCLE('',#2377,2.5);
#2377 = AXIS2_PLACEMENT_3D('',#2378,#2379,#2380);
#2378 = CARTESIAN_POINT('',(45.,45.,0.));
#2379 = DIRECTION('',(0.,0.,1.));
#2380 = DIRECTION('',(1.,0.,0.));
#2381 = FACE_BOUND('',#2382,.F.);
#2382 = EDGE_LOOP('',(#2383));
#2383 = ORIENTED_EDGE('',*,*,#2384,.F.);
#2384 = EDGE_CURVE('',#2385,#2385,#2387,.T.);
#2385 = VERTEX_POINT('',#2386);
#2386 = CARTESIAN_POINT('',(56.5,36.,0.));
#2387 = CIRCLE('',#2388,2.5);
#2388 = AXIS2_PLACEMENT_3D('',#2389,#2390,#2391);
#2389 = CARTESIAN_POINT('',(54.,36.,0.));
#2390 = DIRECTION('',(0.,0.,1.));
#2391 = DIRECTION('',(1.,0.,0.));
#2392 = FACE_BOUND('',#2393,.F.);
#2393 = EDGE_LOOP('',(#2394));
#2394 = ORIENTED_EDGE('',*,*,#2395,.F.);
#2395 = EDGE_CURVE('',#2396,#2396,#2398,.T.);
#2396 = VERTEX_POINT('',#2397);
#2397 = CARTESIAN_POINT('',(65.5,36.,0.));
#2398 = CIRCLE('',#2399,2.5);
#2399 = AXIS2_PLACEMENT_3D('',#2400,#2401,#2402);
#2400 = CARTESIAN_POINT('',(63.,36.,0.));
#2401 = DIRECTION('',(0.,0.,1.));
#2402 = DIRECTION('',(1.,0.,0.));
#2403 = FACE_BOUND('',#2404,.F.);
#2404 = EDGE_LOOP('',(#2405));
#2405 = ORIENTED_EDGE('',*,*,#2406,.F.);
#2406 = EDGE_CURVE('',#2407,#2407,#2409,.T.);
#2407 = VERTEX_POINT('',#2408);
#2408 = CARTESIAN_POINT('',(56.5,45.,0.));
#2409 = CIRCLE('',#2410,2.5);
#2410 = AXIS2_PLACEMENT_3D('',#2411,#2412,#2413);
#2411 = CARTESIAN_POINT('',(54.,45.,0.));
#2412 = DIRECTION('',(0.,0.,1.));
#2413 = DIRECTION('',(1.,0.,0.));
#2414 = FACE_BOUND('',#2415,.F.);
#2415 = EDGE_LOOP('',(#2416));
#2416 = ORIENTED_EDGE('',*,*,#2417,.F.);
#2417 = EDGE_CURVE('',#2418,#2418,#2420,.T.);
#2418 = VERTEX_POINT('',#2419);
#2419 = CARTESIAN_POINT('',(65.5,45.,0.));
#2420 = CIRCLE('',#2421,2.5);
#2421 = AXIS2_PLACEMENT_3D('',#2422,#2423,#2424);
#2422 = CARTESIAN_POINT('',(63.,45.,0.));
#2423 = DIRECTION('',(0.,0.,1.));
#2424 = DIRECTION('',(1.,0.,0.));
#2425 = FACE_BOUND('',#2426,.F.);
#2426 = EDGE_LOOP('',(#2427));
#2427 = ORIENTED_EDGE('',*,*,#2428,.F.);
#2428 = EDGE_CURVE('',#2429,#2429,#2431,.T.);
#2429 = VERTEX_POINT('',#2430);
#2430 = CARTESIAN_POINT('',(47.5,54.,0.));
#2431 = CIRCLE('',#2432,2.5);
#2432 = AXIS2_PLACEMENT_3D('',#2433,#2434,#2435);
#2433 = CARTESIAN_POINT('',(45.,54.,0.));
#2434 = DIRECTION('',(0.,0.,1.));
#2435 = DIRECTION('',(1.,0.,0.));
#2436 = FACE_BOUND('',#2437,.F.);
#2437 = EDGE_LOOP('',(#2438));
#2438 = ORIENTED_EDGE('',*,*,#2439,.F.);
#2439 = EDGE_CURVE('',#2440,#2440,#2442,.T.);
#2440 = VERTEX_POINT('',#2441);
#2441 = CARTESIAN_POINT('',(56.5,54.,0.));
#2442 = CIRCLE('',#2443,2.5);
#2443 = AXIS2_PLACEMENT_3D('',#2444,#2445,#2446);
#2444 = CARTESIAN_POINT('',(54.,54.,0.));
#2445 = DIRECTION('',(0.,0.,1.));
#2446 = DIRECTION('',(1.,0.,0.));
#2447 = FACE_BOUND('',#2448,.F.);
#2448 = EDGE_LOOP('',(#2449));
#2449 = ORIENTED_EDGE('',*,*,#2450,.F.);
#2450 = EDGE_CURVE('',#2451,#2451,#2453,.T.);
#2451 = VERTEX_POINT('',#2452);
#2452 = CARTESIAN_POINT('',(65.5,54.,0.));
#2453 = CIRCLE('',#2454,2.5);
#2454 = AXIS2_PLACEMENT_3D('',#2455,#2456,#2457);
#2455 = CARTESIAN_POINT('',(63.,54.,0.));
#2456 = DIRECTION('',(0.,0.,1.));
#2457 = DIRECTION('',(1.,0.,0.));
#2458 = FACE_BOUND('',#2459,.F.);
#2459 = EDGE_LOOP('',(#2460));
#2460 = ORIENTED_EDGE('',*,*,#2461,.F.);
#2461 = EDGE_CURVE('',#2462,#2462,#2464,.T.);
#2462 = VERTEX_POINT('',#2463);
#2463 = CARTESIAN_POINT('',(74.5,9.,0.));
#2464 = CIRCLE('',#2465,2.5);
#2465 = AXIS2_PLACEMENT_3D('',#2466,#2467,#2468);
#2466 = CARTESIAN_POINT('',(72.,9.,0.));
#2467 = DIRECTION('',(0.,0.,1.));
#2468 = DIRECTION('',(1.,0.,0.));
#2469 = FACE_BOUND('',#2470,.F.);
#2470 = EDGE_LOOP('',(#2471));
#2471 = ORIENTED_EDGE('',*,*,#2472,.F.);
#2472 = EDGE_CURVE('',#2473,#2473,#2475,.T.);
#2473 = VERTEX_POINT('',#2474);
#2474 = CARTESIAN_POINT('',(83.5,9.,0.));
#2475 = CIRCLE('',#2476,2.5);
#2476 = AXIS2_PLACEMENT_3D('',#2477,#2478,#2479);
#2477 = CARTESIAN_POINT('',(81.,9.,0.));
#2478 = DIRECTION('',(0.,0.,1.));
#2479 = DIRECTION('',(1.,0.,0.));
#2480 = FACE_BOUND('',#2481,.F.);
#2481 = EDGE_LOOP('',(#2482));
#2482 = ORIENTED_EDGE('',*,*,#2483,.F.);
#2483 = EDGE_CURVE('',#2484,#2484,#2486,.T.);
#2484 = VERTEX_POINT('',#2485);
#2485 = CARTESIAN_POINT('',(74.5,18.,0.));
#2486 = CIRCLE('',#2487,2.5);
#2487 = AXIS2_PLACEMENT_3D('',#2488,#2489,#2490);
#2488 = CARTESIAN_POINT('',(72.,18.,0.));
#2489 = DIRECTION('',(0.,0.,1.));
#2490 = DIRECTION('',(1.,0.,0.));
#2491 = FACE_BOUND('',#2492,.F.);
#2492 = EDGE_LOOP('',(#2493));
#2493 = ORIENTED_EDGE('',*,*,#2494,.F.);
#2494 = EDGE_CURVE('',#2495,#2495,#2497,.T.);
#2495 = VERTEX_POINT('',#2496);
#2496 = CARTESIAN_POINT('',(83.5,18.,0.));
#2497 = CIRCLE('',#2498,2.5);
#2498 = AXIS2_PLACEMENT_3D('',#2499,#2500,#2501);
#2499 = CARTESIAN_POINT('',(81.,18.,0.));
#2500 = DIRECTION('',(0.,0.,1.));
#2501 = DIRECTION('',(1.,0.,0.));
#2502 = FACE_BOUND('',#2503,.F.);
#2503 = EDGE_LOOP('',(#2504));
#2504 = ORIENTED_EDGE('',*,*,#2505,.F.);
#2505 = EDGE_CURVE('',#2506,#2506,#2508,.T.);
#2506 = VERTEX_POINT('',#2507);
#2507 = CARTESIAN_POINT('',(92.5,9.,0.));
#2508 = CIRCLE('',#2509,2.5);
#2509 = AXIS2_PLACEMENT_3D('',#2510,#2511,#2512);
#2510 = CARTESIAN_POINT('',(90.,9.,0.));
#2511 = DIRECTION('',(0.,0.,1.));
#2512 = DIRECTION('',(1.,0.,0.));
#2513 = FACE_BOUND('',#2514,.F.);
#2514 = EDGE_LOOP('',(#2515));
#2515 = ORIENTED_EDGE('',*,*,#2516,.F.);
#2516 = EDGE_CURVE('',#2517,#2517,#2519,.T.);
#2517 = VERTEX_POINT('',#2518);
#2518 = CARTESIAN_POINT('',(92.5,18.,0.));
#2519 = CIRCLE('',#2520,2.5);
#2520 = AXIS2_PLACEMENT_3D('',#2521,#2522,#2523);
#2521 = CARTESIAN_POINT('',(90.,18.,0.));
#2522 = DIRECTION('',(0.,0.,1.));
#2523 = DIRECTION('',(1.,0.,0.));
#2524 = FACE_BOUND('',#2525,.F.);
#2525 = EDGE_LOOP('',(#2526));
#2526 = ORIENTED_EDGE('',*,*,#2527,.F.);
#2527 = EDGE_CURVE('',#2528,#2528,#2530,.T.);
#2528 = VERTEX_POINT('',#2529);
#2529 = CARTESIAN_POINT('',(74.5,27.,0.));
#2530 = CIRCLE('',#2531,2.5);
#2531 = AXIS2_PLACEMENT_3D('',#2532,#2533,#2534);
#2532 = CARTESIAN_POINT('',(72.,27.,0.));
#2533 = DIRECTION('',(0.,0.,1.));
#2534 = DIRECTION('',(1.,0.,0.));
#2535 = FACE_BOUND('',#2536,.F.);
#2536 = EDGE_LOOP('',(#2537));
#2537 = ORIENTED_EDGE('',*,*,#2538,.F.);
#2538 = EDGE_CURVE('',#2539,#2539,#2541,.T.);
#2539 = VERTEX_POINT('',#2540);
#2540 = CARTESIAN_POINT('',(83.5,27.,0.));
#2541 = CIRCLE('',#2542,2.5);
#2542 = AXIS2_PLACEMENT_3D('',#2543,#2544,#2545);
#2543 = CARTESIAN_POINT('',(81.,27.,0.));
#2544 = DIRECTION('',(0.,0.,1.));
#2545 = DIRECTION('',(1.,0.,0.));
#2546 = FACE_BOUND('',#2547,.F.);
#2547 = EDGE_LOOP('',(#2548));
#2548 = ORIENTED_EDGE('',*,*,#2549,.F.);
#2549 = EDGE_CURVE('',#2550,#2550,#2552,.T.);
#2550 = VERTEX_POINT('',#2551);
#2551 = CARTESIAN_POINT('',(92.5,27.,0.));
#2552 = CIRCLE('',#2553,2.5);
#2553 = AXIS2_PLACEMENT_3D('',#2554,#2555,#2556);
#2554 = CARTESIAN_POINT('',(90.,27.,0.));
#2555 = DIRECTION('',(0.,0.,1.));
#2556 = DIRECTION('',(1.,0.,0.));
#2557 = FACE_BOUND('',#2558,.F.);
#2558 = EDGE_LOOP('',(#2559));
#2559 = ORIENTED_EDGE('',*,*,#2560,.F.);
#2560 = EDGE_CURVE('',#2561,#2561,#2563,.T.);
#2561 = VERTEX_POINT('',#2562);
#2562 = CARTESIAN_POINT('',(101.5,9.,0.));
#2563 = CIRCLE('',#2564,2.5);
#2564 = AXIS2_PLACEMENT_3D('',#2565,#2566,#2567);
#2565 = CARTESIAN_POINT('',(99.,9.,0.));
#2566 = DIRECTION('',(0.,0.,1.));
#2567 = DIRECTION('',(1.,0.,0.));
#2568 = FACE_BOUND('',#2569,.F.);
#2569 = EDGE_LOOP('',(#2570));
#2570 = ORIENTED_EDGE('',*,*,#2571,.F.);
#2571 = EDGE_CURVE('',#2572,#2572,#2574,.T.);
#2572 = VERTEX_POINT('',#2573);
#2573 = CARTESIAN_POINT('',(110.5,9.,0.));
#2574 = CIRCLE('',#2575,2.5);
#2575 = AXIS2_PLACEMENT_3D('',#2576,#2577,#2578);
#2576 = CARTESIAN_POINT('',(108.,9.,0.));
#2577 = DIRECTION('',(0.,0.,1.));
#2578 = DIRECTION('',(1.,0.,0.));
#2579 = FACE_BOUND('',#2580,.F.);
#2580 = EDGE_LOOP('',(#2581));
#2581 = ORIENTED_EDGE('',*,*,#2582,.F.);
#2582 = EDGE_CURVE('',#2583,#2583,#2585,.T.);
#2583 = VERTEX_POINT('',#2584);
#2584 = CARTESIAN_POINT('',(101.5,18.,0.));
#2585 = CIRCLE('',#2586,2.5);
#2586 = AXIS2_PLACEMENT_3D('',#2587,#2588,#2589);
#2587 = CARTESIAN_POINT('',(99.,18.,0.));
#2588 = DIRECTION('',(0.,0.,1.));
#2589 = DIRECTION('',(1.,0.,0.));
#2590 = FACE_BOUND('',#2591,.F.);
#2591 = EDGE_LOOP('',(#2592));
#2592 = ORIENTED_EDGE('',*,*,#2593,.F.);
#2593 = EDGE_CURVE('',#2594,#2594,#2596,.T.);
#2594 = VERTEX_POINT('',#2595);
#2595 = CARTESIAN_POINT('',(110.5,18.,0.));
#2596 = CIRCLE('',#2597,2.5);
#2597 = AXIS2_PLACEMENT_3D('',#2598,#2599,#2600);
#2598 = CARTESIAN_POINT('',(108.,18.,0.));
#2599 = DIRECTION('',(0.,0.,1.));
#2600 = DIRECTION('',(1.,0.,0.));
#2601 = FACE_BOUND('',#2602,.F.);
#2602 = EDGE_LOOP('',(#2603));
#2603 = ORIENTED_EDGE('',*,*,#2604,.F.);
#2604 = EDGE_CURVE('',#2605,#2605,#2607,.T.);
#2605 = VERTEX_POINT('',#2606);
#2606 = CARTESIAN_POINT('',(119.5,9.,0.));
#2607 = CIRCLE('',#2608,2.5);
#2608 = AXIS2_PLACEMENT_3D('',#2609,#2610,#2611);
#2609 = CARTESIAN_POINT('',(117.,9.,0.));
#2610 = DIRECTION('',(0.,0.,1.));
#2611 = DIRECTION('',(1.,0.,0.));
#2612 = FACE_BOUND('',#2613,.F.);
#2613 = EDGE_LOOP('',(#2614));
#2614 = ORIENTED_EDGE('',*,*,#2615,.F.);
#2615 = EDGE_CURVE('',#2616,#2616,#2618,.T.);
#2616 = VERTEX_POINT('',#2617);
#2617 = CARTESIAN_POINT('',(128.5,9.,0.));
#2618 = CIRCLE('',#2619,2.5);
#2619 = AXIS2_PLACEMENT_3D('',#2620,#2621,#2622);
#2620 = CARTESIAN_POINT('',(126.,9.,0.));
#2621 = DIRECTION('',(0.,0.,1.));
#2622 = DIRECTION('',(1.,0.,0.));
#2623 = FACE_BOUND('',#2624,.F.);
#2624 = EDGE_LOOP('',(#2625));
#2625 = ORIENTED_EDGE('',*,*,#2626,.F.);
#2626 = EDGE_CURVE('',#2627,#2627,#2629,.T.);
#2627 = VERTEX_POINT('',#2628);
#2628 = CARTESIAN_POINT('',(119.5,18.,0.));
#2629 = CIRCLE('',#2630,2.5);
#2630 = AXIS2_PLACEMENT_3D('',#2631,#2632,#2633);
#2631 = CARTESIAN_POINT('',(117.,18.,0.));
#2632 = DIRECTION('',(0.,0.,1.));
#2633 = DIRECTION('',(1.,0.,0.));
#2634 = FACE_BOUND('',#2635,.F.);
#2635 = EDGE_LOOP('',(#2636));
#2636 = ORIENTED_EDGE('',*,*,#2637,.F.);
#2637 = EDGE_CURVE('',#2638,#2638,#2640,.T.);
#2638 = VERTEX_POINT('',#2639);
#2639 = CARTESIAN_POINT('',(128.5,18.,0.));
#2640 = CIRCLE('',#2641,2.5);
#2641 = AXIS2_PLACEMENT_3D('',#2642,#2643,#2644);
#2642 = CARTESIAN_POINT('',(126.,18.,0.));
#2643 = DIRECTION('',(0.,0.,1.));
#2644 = DIRECTION('',(1.,0.,0.));
#2645 = FACE_BOUND('',#2646,.F.);
#2646 = EDGE_LOOP('',(#2647));
#2647 = ORIENTED_EDGE('',*,*,#2648,.F.);
#2648 = EDGE_CURVE('',#2649,#2649,#2651,.T.);
#2649 = VERTEX_POINT('',#2650);
#2650 = CARTESIAN_POINT('',(101.5,27.,0.));
#2651 = CIRCLE('',#2652,2.5);
#2652 = AXIS2_PLACEMENT_3D('',#2653,#2654,#2655);
#2653 = CARTESIAN_POINT('',(99.,27.,0.));
#2654 = DIRECTION('',(0.,0.,1.));
#2655 = DIRECTION('',(1.,0.,0.));
#2656 = FACE_BOUND('',#2657,.F.);
#2657 = EDGE_LOOP('',(#2658));
#2658 = ORIENTED_EDGE('',*,*,#2659,.F.);
#2659 = EDGE_CURVE('',#2660,#2660,#2662,.T.);
#2660 = VERTEX_POINT('',#2661);
#2661 = CARTESIAN_POINT('',(110.5,27.,0.));
#2662 = CIRCLE('',#2663,2.5);
#2663 = AXIS2_PLACEMENT_3D('',#2664,#2665,#2666);
#2664 = CARTESIAN_POINT('',(108.,27.,0.));
#2665 = DIRECTION('',(0.,0.,1.));
#2666 = DIRECTION('',(1.,0.,0.));
#2667 = FACE_BOUND('',#2668,.F.);
#2668 = EDGE_LOOP('',(#2669));
#2669 = ORIENTED_EDGE('',*,*,#2670,.F.);
#2670 = EDGE_CURVE('',#2671,#2671,#2673,.T.);
#2671 = VERTEX_POINT('',#2672);
#2672 = CARTESIAN_POINT('',(119.5,27.,0.));
#2673 = CIRCLE('',#2674,2.5);
#2674 = AXIS2_PLACEMENT_3D('',#2675,#2676,#2677);
#2675 = CARTESIAN_POINT('',(117.,27.,0.));
#2676 = DIRECTION('',(0.,0.,1.));
#2677 = DIRECTION('',(1.,0.,0.));
#2678 = FACE_BOUND('',#2679,.F.);
#2679 = EDGE_LOOP('',(#2680));
#2680 = ORIENTED_EDGE('',*,*,#2681,.F.);
#2681 = EDGE_CURVE('',#2682,#2682,#2684,.T.);
#2682 = VERTEX_POINT('',#2683);
#2683 = CARTESIAN_POINT('',(128.5,27.,0.));
#2684 = CIRCLE('',#2685,2.5);
#2685 = AXIS2_PLACEMENT_3D('',#2686,#2687,#2688);
#2686 = CARTESIAN_POINT('',(126.,27.,0.));
#2687 = DIRECTION('',(0.,0.,1.));
#2688 = DIRECTION('',(1.,0.,0.));
#2689 = FACE_BOUND('',#2690,.F.);
#2690 = EDGE_LOOP('',(#2691));
#2691 = ORIENTED_EDGE('',*,*,#2692,.F.);
#2692 = EDGE_CURVE('',#2693,#2693,#2695,.T.);
#2693 = VERTEX_POINT('',#2694);
#2694 = CARTESIAN_POINT('',(74.5,36.,0.));
#2695 = CIRCLE('',#2696,2.5);
#2696 = AXIS2_PLACEMENT_3D('',#2697,#2698,#2699);
#2697 = CARTESIAN_POINT('',(72.,36.,0.));
#2698 = DIRECTION('',(0.,0.,1.));
#2699 = DIRECTION('',(1.,0.,0.));
#2700 = FACE_BOUND('',#2701,.F.);
#2701 = EDGE_LOOP('',(#2702));
#2702 = ORIENTED_EDGE('',*,*,#2703,.F.);
#2703 = EDGE_CURVE('',#2704,#2704,#2706,.T.);
#2704 = VERTEX_POINT('',#2705);
#2705 = CARTESIAN_POINT('',(83.5,36.,0.));
#2706 = CIRCLE('',#2707,2.5);
#2707 = AXIS2_PLACEMENT_3D('',#2708,#2709,#2710);
#2708 = CARTESIAN_POINT('',(81.,36.,0.));
#2709 = DIRECTION('',(0.,0.,1.));
#2710 = DIRECTION('',(1.,0.,0.));
#2711 = FACE_BOUND('',#2712,.F.);
#2712 = EDGE_LOOP('',(#2713));
#2713 = ORIENTED_EDGE('',*,*,#2714,.F.);
#2714 = EDGE_CURVE('',#2715,#2715,#2717,.T.);
#2715 = VERTEX_POINT('',#2716);
#2716 = CARTESIAN_POINT('',(74.5,45.,0.));
#2717 = CIRCLE('',#2718,2.5);
#2718 = AXIS2_PLACEMENT_3D('',#2719,#2720,#2721);
#2719 = CARTESIAN_POINT('',(72.,45.,0.));
#2720 = DIRECTION('',(0.,0.,1.));
#2721 = DIRECTION('',(1.,0.,0.));
#2722 = FACE_BOUND('',#2723,.F.);
#2723 = EDGE_LOOP('',(#2724));
#2724 = ORIENTED_EDGE('',*,*,#2725,.F.);
#2725 = EDGE_CURVE('',#2726,#2726,#2728,.T.);
#2726 = VERTEX_POINT('',#2727);
#2727 = CARTESIAN_POINT('',(83.5,45.,0.));
#2728 = CIRCLE('',#2729,2.5);
#2729 = AXIS2_PLACEMENT_3D('',#2730,#2731,#2732);
#2730 = CARTESIAN_POINT('',(81.,45.,0.));
#2731 = DIRECTION('',(0.,0.,1.));
#2732 = DIRECTION('',(1.,0.,0.));
#2733 = FACE_BOUND('',#2734,.F.);
#2734 = EDGE_LOOP('',(#2735));
#2735 = ORIENTED_EDGE('',*,*,#2736,.F.);
#2736 = EDGE_CURVE('',#2737,#2737,#2739,.T.);
#2737 = VERTEX_POINT('',#2738);
#2738 = CARTESIAN_POINT('',(92.5,36.,0.));
#2739 = CIRCLE('',#2740,2.5);
#2740 = AXIS2_PLACEMENT_3D('',#2741,#2742,#2743);
#2741 = CARTESIAN_POINT('',(90.,36.,0.));
#2742 = DIRECTION('',(0.,0.,1.));
#2743 = DIRECTION('',(1.,0.,0.));
#2744 = FACE_BOUND('',#2745,.F.);
#2745 = EDGE_LOOP('',(#2746));
#2746 = ORIENTED_EDGE('',*,*,#2747,.F.);
#2747 = EDGE_CURVE('',#2748,#2748,#2750,.T.);
#2748 = VERTEX_POINT('',#2749);
#2749 = CARTESIAN_POINT('',(92.5,45.,0.));
#2750 = CIRCLE('',#2751,2.5);
#2751 = AXIS2_PLACEMENT_3D('',#2752,#2753,#2754);
#2752 = CARTESIAN_POINT('',(90.,45.,0.));
#2753 = DIRECTION('',(0.,0.,1.));
#2754 = DIRECTION('',(1.,0.,0.));
#2755 = FACE_BOUND('',#2756,.F.);
#2756 = EDGE_LOOP('',(#2757));
#2757 = ORIENTED_EDGE('',*,*,#2758,.F.);
#2758 = EDGE_CURVE('',#2759,#2759,#2761,.T.);
#2759 = VERTEX_POINT('',#2760);
#2760 = CARTESIAN_POINT('',(74.5,54.,0.));
#2761 = CIRCLE('',#2762,2.5);
#2762 = AXIS2_PLACEMENT_3D('',#2763,#2764,#2765);
#2763 = CARTESIAN_POINT('',(72.,54.,0.));
#2764 = DIRECTION('',(0.,0.,1.));
#2765 = DIRECTION('',(1.,0.,0.));
#2766 = FACE_BOUND('',#2767,.F.);
#2767 = EDGE_LOOP('',(#2768));
#2768 = ORIENTED_EDGE('',*,*,#2769,.F.);
#2769 = EDGE_CURVE('',#2770,#2770,#2772,.T.);
#2770 = VERTEX_POINT('',#2771);
#2771 = CARTESIAN_POINT('',(83.5,54.,0.));
#2772 = CIRCLE('',#2773,2.5);
#2773 = AXIS2_PLACEMENT_3D('',#2774,#2775,#2776);
#2774 = CARTESIAN_POINT('',(81.,54.,0.));
#2775 = DIRECTION('',(0.,0.,1.));
#2776 = DIRECTION('',(1.,0.,0.));
#2777 = FACE_BOUND('',#2778,.F.);
#2778 = EDGE_LOOP('',(#2779));
#2779 = ORIENTED_EDGE('',*,*,#2780,.F.);
#2780 = EDGE_CURVE('',#2781,#2781,#2783,.T.);
#2781 = VERTEX_POINT('',#2782);
#2782 = CARTESIAN_POINT('',(92.5,54.,0.));
#2783 = CIRCLE('',#2784,2.5);
#2784 = AXIS2_PLACEMENT_3D('',#2785,#2786,#2787);
#2785 = CARTESIAN_POINT('',(90.,54.,0.));
#2786 = DIRECTION('',(0.,0.,1.));
#2787 = DIRECTION('',(1.,0.,0.));
#2788 = FACE_BOUND('',#2789,.F.);
#2789 = EDGE_LOOP('',(#2790));
#2790 = ORIENTED_EDGE('',*,*,#2791,.F.);
#2791 = EDGE_CURVE('',#2792,#2792,#2794,.T.);
#2792 = VERTEX_POINT('',#2793);
#2793 = CARTESIAN_POINT('',(101.5,36.,0.));
#2794 = CIRCLE('',#2795,2.5);
#2795 = AXIS2_PLACEMENT_3D('',#2796,#2797,#2798);
#2796 = CARTESIAN_POINT('',(99.,36.,0.));
#2797 = DIRECTION('',(0.,0.,1.));
#2798 = DIRECTION('',(1.,0.,0.));
#2799 = FACE_BOUND('',#2800,.F.);
#2800 = EDGE_LOOP('',(#2801));
#2801 = ORIENTED_EDGE('',*,*,#2802,.F.);
#2802 = EDGE_CURVE('',#2803,#2803,#2805,.T.);
#2803 = VERTEX_POINT('',#2804);
#2804 = CARTESIAN_POINT('',(110.5,36.,0.));
#2805 = CIRCLE('',#2806,2.5);
#2806 = AXIS2_PLACEMENT_3D('',#2807,#2808,#2809);
#2807 = CARTESIAN_POINT('',(108.,36.,0.));
#2808 = DIRECTION('',(0.,0.,1.));
#2809 = DIRECTION('',(1.,0.,0.));
#2810 = FACE_BOUND('',#2811,.F.);
#2811 = EDGE_LOOP('',(#2812));
#2812 = ORIENTED_EDGE('',*,*,#2813,.F.);
#2813 = EDGE_CURVE('',#2814,#2814,#2816,.T.);
#2814 = VERTEX_POINT('',#2815);
#2815 = CARTESIAN_POINT('',(101.5,45.,0.));
#2816 = CIRCLE('',#2817,2.5);
#2817 = AXIS2_PLACEMENT_3D('',#2818,#2819,#2820);
#2818 = CARTESIAN_POINT('',(99.,45.,0.));
#2819 = DIRECTION('',(0.,0.,1.));
#2820 = DIRECTION('',(1.,0.,0.));
#2821 = FACE_BOUND('',#2822,.F.);
#2822 = EDGE_LOOP('',(#2823));
#2823 = ORIENTED_EDGE('',*,*,#2824,.F.);
#2824 = EDGE_CURVE('',#2825,#2825,#2827,.T.);
#2825 = VERTEX_POINT('',#2826);
#2826 = CARTESIAN_POINT('',(110.5,45.,0.));
#2827 = CIRCLE('',#2828,2.5);
#2828 = AXIS2_PLACEMENT_3D('',#2829,#2830,#2831);
#2829 = CARTESIAN_POINT('',(108.,45.,0.));
#2830 = DIRECTION('',(0.,0.,1.));
#2831 = DIRECTION('',(1.,0.,0.));
#2832 = FACE_BOUND('',#2833,.F.);
#2833 = EDGE_LOOP('',(#2834));
#2834 = ORIENTED_EDGE('',*,*,#2835,.F.);
#2835 = EDGE_CURVE('',#2836,#2836,#2838,.T.);
#2836 = VERTEX_POINT('',#2837);
#2837 = CARTESIAN_POINT('',(119.5,36.,0.));
#2838 = CIRCLE('',#2839,2.5);
#2839 = AXIS2_PLACEMENT_3D('',#2840,#2841,#2842);
#2840 = CARTESIAN_POINT('',(117.,36.,0.));
#2841 = DIRECTION('',(0.,0.,1.));
#2842 = DIRECTION('',(1.,0.,0.));
#2843 = FACE_BOUND('',#2844,.F.);
#2844 = EDGE_LOOP('',(#2845));
#2845 = ORIENTED_EDGE('',*,*,#2846,.F.);
#2846 = EDGE_CURVE('',#2847,#2847,#2849,.T.);
#2847 = VERTEX_POINT('',#2848);
#2848 = CARTESIAN_POINT('',(128.5,36.,0.));
#2849 = CIRCLE('',#2850,2.5);
#2850 = AXIS2_PLACEMENT_3D('',#2851,#2852,#2853);
#2851 = CARTESIAN_POINT('',(126.,36.,0.));
#2852 = DIRECTION('',(0.,0.,1.));
#2853 = DIRECTION('',(1.,0.,0.));
#2854 = FACE_BOUND('',#2855,.F.);
#2855 = EDGE_LOOP('',(#2856));
#2856 = ORIENTED_EDGE('',*,*,#2857,.F.);
#2857 = EDGE_CURVE('',#2858,#2858,#2860,.T.);
#2858 = VERTEX_POINT('',#2859);
#2859 = CARTESIAN_POINT('',(119.5,45.,0.));
#2860 = CIRCLE('',#2861,2.5);
#2861 = AXIS2_PLACEMENT_3D('',#2862,#2863,#2864);
#2862 = CARTESIAN_POINT('',(117.,45.,0.));
#2863 = DIRECTION('',(0.,0.,1.));
#2864 = DIRECTION('',(1.,0.,0.));
#2865 = FACE_BOUND('',#2866,.F.);
#2866 = EDGE_LOOP('',(#2867));
#2867 = ORIENTED_EDGE('',*,*,#2868,.F.);
#2868 = EDGE_CURVE('',#2869,#2869,#2871,.T.);
#2869 = VERTEX_POINT('',#2870);
#2870 = CARTESIAN_POINT('',(128.5,45.,0.));
#2871 = CIRCLE('',#2872,2.5);
#2872 = AXIS2_PLACEMENT_3D('',#2873,#2874,#2875);
#2873 = CARTESIAN_POINT('',(126.,45.,0.));
#2874 = DIRECTION('',(0.,0.,1.));
#2875 = DIRECTION('',(1.,0.,0.));
#2876 = FACE_BOUND('',#2877,.F.);
#2877 = EDGE_LOOP('',(#2878));
#2878 = ORIENTED_EDGE('',*,*,#2879,.F.);
#2879 = EDGE_CURVE('',#2880,#2880,#2882,.T.);
#2880 = VERTEX_POINT('',#2881);
#2881 = CARTESIAN_POINT('',(101.5,54.,0.));
#2882 = CIRCLE('',#2883,2.5);
#2883 = AXIS2_PLACEMENT_3D('',#2884,#2885,#2886);
#2884 = CARTESIAN_POINT('',(99.,54.,0.));
#2885 = DIRECTION('',(0.,0.,1.));
#2886 = DIRECTION('',(1.,0.,0.));
#2887 = FACE_BOUND('',#2888,.F.);
#2888 = EDGE_LOOP('',(#2889));
#2889 = ORIENTED_EDGE('',*,*,#2890,.F.);
#2890 = EDGE_CURVE('',#2891,#2891,#2893,.T.);
#2891 = VERTEX_POINT('',#2892);
#2892 = CARTESIAN_POINT('',(110.5,54.,0.));
#2893 = CIRCLE('',#2894,2.5);
#2894 = AXIS2_PLACEMENT_3D('',#2895,#2896,#2897);
#2895 = CARTESIAN_POINT('',(108.,54.,0.));
#2896 = DIRECTION('',(0.,0.,1.));
#2897 = DIRECTION('',(1.,0.,0.));
#2898 = FACE_BOUND('',#2899,.F.);
#2899 = EDGE_LOOP('',(#2900));
#2900 = ORIENTED_EDGE('',*,*,#2901,.F.);
#2901 = EDGE_CURVE('',#2902,#2902,#2904,.T.);
#2902 = VERTEX_POINT('',#2903);
#2903 = CARTESIAN_POINT('',(119.5,54.,0.));
#2904 = CIRCLE('',#2905,2.5);
#2905 = AXIS2_PLACEMENT_3D('',#2906,#2907,#2908);
#2906 = CARTESIAN_POINT('',(117.,54.,0.));
#2907 = DIRECTION('',(0.,0.,1.));
#2908 = DIRECTION('',(1.,0.,0.));
#2909 = FACE_BOUND('',#2910,.F.);
#2910 = EDGE_LOOP('',(#2911));
#2911 = ORIENTED_EDGE('',*,*,#2912,.F.);
#2912 = EDGE_CURVE('',#2913,#2913,#2915,.T.);
#2913 = VERTEX_POINT('',#2914);
#2914 = CARTESIAN_POINT('',(128.5,54.,0.));
#2915 = CIRCLE('',#2916,2.5);
#2916 = AXIS2_PLACEMENT_3D('',#2917,#2918,#2919);
#2917 = CARTESIAN_POINT('',(126.,54.,0.));
#2918 = DIRECTION('',(0.,0.,1.));
#2919 = DIRECTION('',(1.,0.,0.));
#2920 = FACE_BOUND('',#2921,.F.);
#2921 = EDGE_LOOP('',(#2922));
#2922 = ORIENTED_EDGE('',*,*,#2923,.F.);
#2923 = EDGE_CURVE('',#2924,#2924,#2926,.T.);
#2924 = VERTEX_POINT('',#2925);
#2925 = CARTESIAN_POINT('',(11.5,63.,0.));
#2926 = CIRCLE('',#2927,2.5);
#2927 = AXIS2_PLACEMENT_3D('',#2928,#2929,#2930);
#2928 = CARTESIAN_POINT('',(9.,63.,0.));
#2929 = DIRECTION('',(0.,0.,1.));
#2930 = DIRECTION('',(1.,0.,0.));
#2931 = FACE_BOUND('',#2932,.F.);
#2932 = EDGE_LOOP('',(#2933));
#2933 = ORIENTED_EDGE('',*,*,#2934,.F.);
#2934 = EDGE_CURVE('',#2935,#2935,#2937,.T.);
#2935 = VERTEX_POINT('',#2936);
#2936 = CARTESIAN_POINT('',(20.5,63.,0.));
#2937 = CIRCLE('',#2938,2.5);
#2938 = AXIS2_PLACEMENT_3D('',#2939,#2940,#2941);
#2939 = CARTESIAN_POINT('',(18.,63.,0.));
#2940 = DIRECTION('',(0.,0.,1.));
#2941 = DIRECTION('',(1.,0.,0.));
#2942 = FACE_BOUND('',#2943,.F.);
#2943 = EDGE_LOOP('',(#2944));
#2944 = ORIENTED_EDGE('',*,*,#2945,.F.);
#2945 = EDGE_CURVE('',#2946,#2946,#2948,.T.);
#2946 = VERTEX_POINT('',#2947);
#2947 = CARTESIAN_POINT('',(29.5,63.,0.));
#2948 = CIRCLE('',#2949,2.5);
#2949 = AXIS2_PLACEMENT_3D('',#2950,#2951,#2952);
#2950 = CARTESIAN_POINT('',(27.,63.,0.));
#2951 = DIRECTION('',(0.,0.,1.));
#2952 = DIRECTION('',(1.,0.,0.));
#2953 = FACE_BOUND('',#2954,.F.);
#2954 = EDGE_LOOP('',(#2955));
#2955 = ORIENTED_EDGE('',*,*,#2956,.F.);
#2956 = EDGE_CURVE('',#2957,#2957,#2959,.T.);
#2957 = VERTEX_POINT('',#2958);
#2958 = CARTESIAN_POINT('',(38.5,63.,0.));
#2959 = CIRCLE('',#2960,2.5);
#2960 = AXIS2_PLACEMENT_3D('',#2961,#2962,#2963);
#2961 = CARTESIAN_POINT('',(36.,63.,0.));
#2962 = DIRECTION('',(0.,0.,1.));
#2963 = DIRECTION('',(1.,0.,0.));
#2964 = FACE_BOUND('',#2965,.F.);
#2965 = EDGE_LOOP('',(#2966));
#2966 = ORIENTED_EDGE('',*,*,#2967,.F.);
#2967 = EDGE_CURVE('',#2968,#2968,#2970,.T.);
#2968 = VERTEX_POINT('',#2969);
#2969 = CARTESIAN_POINT('',(11.5,72.,0.));
#2970 = CIRCLE('',#2971,2.5);
#2971 = AXIS2_PLACEMENT_3D('',#2972,#2973,#2974);
#2972 = CARTESIAN_POINT('',(9.,72.,0.));
#2973 = DIRECTION('',(0.,0.,1.));
#2974 = DIRECTION('',(1.,0.,0.));
#2975 = FACE_BOUND('',#2976,.F.);
#2976 = EDGE_LOOP('',(#2977));
#2977 = ORIENTED_EDGE('',*,*,#2978,.F.);
#2978 = EDGE_CURVE('',#2979,#2979,#2981,.T.);
#2979 = VERTEX_POINT('',#2980);
#2980 = CARTESIAN_POINT('',(20.5,72.,0.));
#2981 = CIRCLE('',#2982,2.5);
#2982 = AXIS2_PLACEMENT_3D('',#2983,#2984,#2985);
#2983 = CARTESIAN_POINT('',(18.,72.,0.));
#2984 = DIRECTION('',(0.,0.,1.));
#2985 = DIRECTION('',(1.,0.,0.));
#2986 = FACE_BOUND('',#2987,.F.);
#2987 = EDGE_LOOP('',(#2988));
#2988 = ORIENTED_EDGE('',*,*,#2989,.F.);
#2989 = EDGE_CURVE('',#2990,#2990,#2992,.T.);
#2990 = VERTEX_POINT('',#2991);
#2991 = CARTESIAN_POINT('',(11.5,81.,0.));
#2992 = CIRCLE('',#2993,2.5);
#2993 = AXIS2_PLACEMENT_3D('',#2994,#2995,#2996);
#2994 = CARTESIAN_POINT('',(9.,81.,0.));
#2995 = DIRECTION('',(0.,0.,1.));
#2996 = DIRECTION('',(1.,0.,0.));
#2997 = FACE_BOUND('',#2998,.F.);
#2998 = EDGE_LOOP('',(#2999));
#2999 = ORIENTED_EDGE('',*,*,#3000,.F.);
#3000 = EDGE_CURVE('',#3001,#3001,#3003,.T.);
#3001 = VERTEX_POINT('',#3002);
#3002 = CARTESIAN_POINT('',(20.5,81.,0.));
#3003 = CIRCLE('',#3004,2.5);
#3004 = AXIS2_PLACEMENT_3D('',#3005,#3006,#3007);
#3005 = CARTESIAN_POINT('',(18.,81.,0.));
#3006 = DIRECTION('',(0.,0.,1.));
#3007 = DIRECTION('',(1.,0.,0.));
#3008 = FACE_BOUND('',#3009,.F.);
#3009 = EDGE_LOOP('',(#3010));
#3010 = ORIENTED_EDGE('',*,*,#3011,.F.);
#3011 = EDGE_CURVE('',#3012,#3012,#3014,.T.);
#3012 = VERTEX_POINT('',#3013);
#3013 = CARTESIAN_POINT('',(29.5,72.,0.));
#3014 = CIRCLE('',#3015,2.5);
#3015 = AXIS2_PLACEMENT_3D('',#3016,#3017,#3018);
#3016 = CARTESIAN_POINT('',(27.,72.,0.));
#3017 = DIRECTION('',(0.,0.,1.));
#3018 = DIRECTION('',(1.,0.,0.));
#3019 = FACE_BOUND('',#3020,.F.);
#3020 = EDGE_LOOP('',(#3021));
#3021 = ORIENTED_EDGE('',*,*,#3022,.F.);
#3022 = EDGE_CURVE('',#3023,#3023,#3025,.T.);
#3023 = VERTEX_POINT('',#3024);
#3024 = CARTESIAN_POINT('',(38.5,72.,0.));
#3025 = CIRCLE('',#3026,2.5);
#3026 = AXIS2_PLACEMENT_3D('',#3027,#3028,#3029);
#3027 = CARTESIAN_POINT('',(36.,72.,0.));
#3028 = DIRECTION('',(0.,0.,1.));
#3029 = DIRECTION('',(1.,0.,0.));
#3030 = FACE_BOUND('',#3031,.F.);
#3031 = EDGE_LOOP('',(#3032));
#3032 = ORIENTED_EDGE('',*,*,#3033,.F.);
#3033 = EDGE_CURVE('',#3034,#3034,#3036,.T.);
#3034 = VERTEX_POINT('',#3035);
#3035 = CARTESIAN_POINT('',(29.5,81.,0.));
#3036 = CIRCLE('',#3037,2.5);
#3037 = AXIS2_PLACEMENT_3D('',#3038,#3039,#3040);
#3038 = CARTESIAN_POINT('',(27.,81.,0.));
#3039 = DIRECTION('',(0.,0.,1.));
#3040 = DIRECTION('',(1.,0.,0.));
#3041 = FACE_BOUND('',#3042,.F.);
#3042 = EDGE_LOOP('',(#3043));
#3043 = ORIENTED_EDGE('',*,*,#3044,.F.);
#3044 = EDGE_CURVE('',#3045,#3045,#3047,.T.);
#3045 = VERTEX_POINT('',#3046);
#3046 = CARTESIAN_POINT('',(38.5,81.,0.));
#3047 = CIRCLE('',#3048,2.5);
#3048 = AXIS2_PLACEMENT_3D('',#3049,#3050,#3051);
#3049 = CARTESIAN_POINT('',(36.,81.,0.));
#3050 = DIRECTION('',(0.,0.,1.));
#3051 = DIRECTION('',(1.,0.,0.));
#3052 = FACE_BOUND('',#3053,.F.);
#3053 = EDGE_LOOP('',(#3054));
#3054 = ORIENTED_EDGE('',*,*,#3055,.F.);
#3055 = EDGE_CURVE('',#3056,#3056,#3058,.T.);
#3056 = VERTEX_POINT('',#3057);
#3057 = CARTESIAN_POINT('',(47.5,63.,0.));
#3058 = CIRCLE('',#3059,2.5);
#3059 = AXIS2_PLACEMENT_3D('',#3060,#3061,#3062);
#3060 = CARTESIAN_POINT('',(45.,63.,0.));
#3061 = DIRECTION('',(0.,0.,1.));
#3062 = DIRECTION('',(1.,0.,0.));
#3063 = FACE_BOUND('',#3064,.F.);
#3064 = EDGE_LOOP('',(#3065));
#3065 = ORIENTED_EDGE('',*,*,#3066,.F.);
#3066 = EDGE_CURVE('',#3067,#3067,#3069,.T.);
#3067 = VERTEX_POINT('',#3068);
#3068 = CARTESIAN_POINT('',(56.5,63.,0.));
#3069 = CIRCLE('',#3070,2.5);
#3070 = AXIS2_PLACEMENT_3D('',#3071,#3072,#3073);
#3071 = CARTESIAN_POINT('',(54.,63.,0.));
#3072 = DIRECTION('',(0.,0.,1.));
#3073 = DIRECTION('',(1.,0.,0.));
#3074 = FACE_BOUND('',#3075,.F.);
#3075 = EDGE_LOOP('',(#3076));
#3076 = ORIENTED_EDGE('',*,*,#3077,.F.);
#3077 = EDGE_CURVE('',#3078,#3078,#3080,.T.);
#3078 = VERTEX_POINT('',#3079);
#3079 = CARTESIAN_POINT('',(65.5,63.,0.));
#3080 = CIRCLE('',#3081,2.5);
#3081 = AXIS2_PLACEMENT_3D('',#3082,#3083,#3084);
#3082 = CARTESIAN_POINT('',(63.,63.,0.));
#3083 = DIRECTION('',(0.,0.,1.));
#3084 = DIRECTION('',(1.,0.,0.));
#3085 = FACE_BOUND('',#3086,.F.);
#3086 = EDGE_LOOP('',(#3087));
#3087 = ORIENTED_EDGE('',*,*,#3088,.F.);
#3088 = EDGE_CURVE('',#3089,#3089,#3091,.T.);
#3089 = VERTEX_POINT('',#3090);
#3090 = CARTESIAN_POINT('',(47.5,72.,0.));
#3091 = CIRCLE('',#3092,2.5);
#3092 = AXIS2_PLACEMENT_3D('',#3093,#3094,#3095);
#3093 = CARTESIAN_POINT('',(45.,72.,0.));
#3094 = DIRECTION('',(0.,0.,1.));
#3095 = DIRECTION('',(1.,0.,0.));
#3096 = FACE_BOUND('',#3097,.F.);
#3097 = EDGE_LOOP('',(#3098));
#3098 = ORIENTED_EDGE('',*,*,#3099,.F.);
#3099 = EDGE_CURVE('',#3100,#3100,#3102,.T.);
#3100 = VERTEX_POINT('',#3101);
#3101 = CARTESIAN_POINT('',(47.5,81.,0.));
#3102 = CIRCLE('',#3103,2.5);
#3103 = AXIS2_PLACEMENT_3D('',#3104,#3105,#3106);
#3104 = CARTESIAN_POINT('',(45.,81.,0.));
#3105 = DIRECTION('',(0.,0.,1.));
#3106 = DIRECTION('',(1.,0.,0.));
#3107 = FACE_BOUND('',#3108,.F.);
#3108 = EDGE_LOOP('',(#3109));
#3109 = ORIENTED_EDGE('',*,*,#3110,.F.);
#3110 = EDGE_CURVE('',#3111,#3111,#3113,.T.);
#3111 = VERTEX_POINT('',#3112);
#3112 = CARTESIAN_POINT('',(56.5,72.,0.));
#3113 = CIRCLE('',#3114,2.5);
#3114 = AXIS2_PLACEMENT_3D('',#3115,#3116,#3117);
#3115 = CARTESIAN_POINT('',(54.,72.,0.));
#3116 = DIRECTION('',(0.,0.,1.));
#3117 = DIRECTION('',(1.,0.,0.));
#3118 = FACE_BOUND('',#3119,.F.);
#3119 = EDGE_LOOP('',(#3120));
#3120 = ORIENTED_EDGE('',*,*,#3121,.F.);
#3121 = EDGE_CURVE('',#3122,#3122,#3124,.T.);
#3122 = VERTEX_POINT('',#3123);
#3123 = CARTESIAN_POINT('',(65.5,72.,0.));
#3124 = CIRCLE('',#3125,2.5);
#3125 = AXIS2_PLACEMENT_3D('',#3126,#3127,#3128);
#3126 = CARTESIAN_POINT('',(63.,72.,0.));
#3127 = DIRECTION('',(0.,0.,1.));
#3128 = DIRECTION('',(1.,0.,0.));
#3129 = FACE_BOUND('',#3130,.F.);
#3130 = EDGE_LOOP('',(#3131));
#3131 = ORIENTED_EDGE('',*,*,#3132,.F.);
#3132 = EDGE_CURVE('',#3133,#3133,#3135,.T.);
#3133 = VERTEX_POINT('',#3134);
#3134 = CARTESIAN_POINT('',(56.5,81.,0.));
#3135 = CIRCLE('',#3136,2.5);
#3136 = AXIS2_PLACEMENT_3D('',#3137,#3138,#3139);
#3137 = CARTESIAN_POINT('',(54.,81.,0.));
#3138 = DIRECTION('',(0.,0.,1.));
#3139 = DIRECTION('',(1.,0.,0.));
#3140 = FACE_BOUND('',#3141,.F.);
#3141 = EDGE_LOOP('',(#3142));
#3142 = ORIENTED_EDGE('',*,*,#3143,.F.);
#3143 = EDGE_CURVE('',#3144,#3144,#3146,.T.);
#3144 = VERTEX_POINT('',#3145);
#3145 = CARTESIAN_POINT('',(65.5,81.,0.));
#3146 = CIRCLE('',#3147,2.5);
#3147 = AXIS2_PLACEMENT_3D('',#3148,#3149,#3150);
#3148 = CARTESIAN_POINT('',(63.,81.,0.));
#3149 = DIRECTION('',(0.,0.,1.));
#3150 = DIRECTION('',(1.,0.,0.));
#3151 = FACE_BOUND('',#3152,.F.);
#3152 = EDGE_LOOP('',(#3153));
#3153 = ORIENTED_EDGE('',*,*,#3154,.F.);
#3154 = EDGE_CURVE('',#3155,#3155,#3157,.T.);
#3155 = VERTEX_POINT('',#3156);
#3156 = CARTESIAN_POINT('',(11.5,90.,0.));
#3157 = CIRCLE('',#3158,2.5);
#3158 = AXIS2_PLACEMENT_3D('',#3159,#3160,#3161);
#3159 = CARTESIAN_POINT('',(9.,90.,0.));
#3160 = DIRECTION('',(0.,0.,1.));
#3161 = DIRECTION('',(1.,0.,0.));
#3162 = FACE_BOUND('',#3163,.F.);
#3163 = EDGE_LOOP('',(#3164));
#3164 = ORIENTED_EDGE('',*,*,#3165,.F.);
#3165 = EDGE_CURVE('',#3166,#3166,#3168,.T.);
#3166 = VERTEX_POINT('',#3167);
#3167 = CARTESIAN_POINT('',(20.5,90.,0.));
#3168 = CIRCLE('',#3169,2.5);
#3169 = AXIS2_PLACEMENT_3D('',#3170,#3171,#3172);
#3170 = CARTESIAN_POINT('',(18.,90.,0.));
#3171 = DIRECTION('',(0.,0.,1.));
#3172 = DIRECTION('',(1.,0.,0.));
#3173 = FACE_BOUND('',#3174,.F.);
#3174 = EDGE_LOOP('',(#3175));
#3175 = ORIENTED_EDGE('',*,*,#3176,.F.);
#3176 = EDGE_CURVE('',#3177,#3177,#3179,.T.);
#3177 = VERTEX_POINT('',#3178);
#3178 = CARTESIAN_POINT('',(29.5,90.,0.));
#3179 = CIRCLE('',#3180,2.5);
#3180 = AXIS2_PLACEMENT_3D('',#3181,#3182,#3183);
#3181 = CARTESIAN_POINT('',(27.,90.,0.));
#3182 = DIRECTION('',(0.,0.,1.));
#3183 = DIRECTION('',(1.,0.,0.));
#3184 = FACE_BOUND('',#3185,.F.);
#3185 = EDGE_LOOP('',(#3186));
#3186 = ORIENTED_EDGE('',*,*,#3187,.F.);
#3187 = EDGE_CURVE('',#3188,#3188,#3190,.T.);
#3188 = VERTEX_POINT('',#3189);
#3189 = CARTESIAN_POINT('',(38.5,90.,0.));
#3190 = CIRCLE('',#3191,2.5);
#3191 = AXIS2_PLACEMENT_3D('',#3192,#3193,#3194);
#3192 = CARTESIAN_POINT('',(36.,90.,0.));
#3193 = DIRECTION('',(0.,0.,1.));
#3194 = DIRECTION('',(1.,0.,0.));
#3195 = FACE_BOUND('',#3196,.F.);
#3196 = EDGE_LOOP('',(#3197));
#3197 = ORIENTED_EDGE('',*,*,#3198,.F.);
#3198 = EDGE_CURVE('',#3199,#3199,#3201,.T.);
#3199 = VERTEX_POINT('',#3200);
#3200 = CARTESIAN_POINT('',(11.5,99.,0.));
#3201 = CIRCLE('',#3202,2.5);
#3202 = AXIS2_PLACEMENT_3D('',#3203,#3204,#3205);
#3203 = CARTESIAN_POINT('',(9.,99.,0.));
#3204 = DIRECTION('',(0.,0.,1.));
#3205 = DIRECTION('',(1.,0.,0.));
#3206 = FACE_BOUND('',#3207,.F.);
#3207 = EDGE_LOOP('',(#3208));
#3208 = ORIENTED_EDGE('',*,*,#3209,.F.);
#3209 = EDGE_CURVE('',#3210,#3210,#3212,.T.);
#3210 = VERTEX_POINT('',#3211);
#3211 = CARTESIAN_POINT('',(20.5,99.,0.));
#3212 = CIRCLE('',#3213,2.5);
#3213 = AXIS2_PLACEMENT_3D('',#3214,#3215,#3216);
#3214 = CARTESIAN_POINT('',(18.,99.,0.));
#3215 = DIRECTION('',(0.,0.,1.));
#3216 = DIRECTION('',(1.,0.,0.));
#3217 = FACE_BOUND('',#3218,.F.);
#3218 = EDGE_LOOP('',(#3219));
#3219 = ORIENTED_EDGE('',*,*,#3220,.F.);
#3220 = EDGE_CURVE('',#3221,#3221,#3223,.T.);
#3221 = VERTEX_POINT('',#3222);
#3222 = CARTESIAN_POINT('',(11.5,108.,0.));
#3223 = CIRCLE('',#3224,2.5);
#3224 = AXIS2_PLACEMENT_3D('',#3225,#3226,#3227);
#3225 = CARTESIAN_POINT('',(9.,108.,0.));
#3226 = DIRECTION('',(0.,0.,1.));
#3227 = DIRECTION('',(1.,0.,0.));
#3228 = FACE_BOUND('',#3229,.F.);
#3229 = EDGE_LOOP('',(#3230));
#3230 = ORIENTED_EDGE('',*,*,#3231,.F.);
#3231 = EDGE_CURVE('',#3232,#3232,#3234,.T.);
#3232 = VERTEX_POINT('',#3233);
#3233 = CARTESIAN_POINT('',(20.5,108.,0.));
#3234 = CIRCLE('',#3235,2.5);
#3235 = AXIS2_PLACEMENT_3D('',#3236,#3237,#3238);
#3236 = CARTESIAN_POINT('',(18.,108.,0.));
#3237 = DIRECTION('',(0.,0.,1.));
#3238 = DIRECTION('',(1.,0.,0.));
#3239 = FACE_BOUND('',#3240,.F.);
#3240 = EDGE_LOOP('',(#3241));
#3241 = ORIENTED_EDGE('',*,*,#3242,.F.);
#3242 = EDGE_CURVE('',#3243,#3243,#3245,.T.);
#3243 = VERTEX_POINT('',#3244);
#3244 = CARTESIAN_POINT('',(29.5,99.,0.));
#3245 = CIRCLE('',#3246,2.5);
#3246 = AXIS2_PLACEMENT_3D('',#3247,#3248,#3249);
#3247 = CARTESIAN_POINT('',(27.,99.,0.));
#3248 = DIRECTION('',(0.,0.,1.));
#3249 = DIRECTION('',(1.,0.,0.));
#3250 = FACE_BOUND('',#3251,.F.);
#3251 = EDGE_LOOP('',(#3252));
#3252 = ORIENTED_EDGE('',*,*,#3253,.F.);
#3253 = EDGE_CURVE('',#3254,#3254,#3256,.T.);
#3254 = VERTEX_POINT('',#3255);
#3255 = CARTESIAN_POINT('',(38.5,99.,0.));
#3256 = CIRCLE('',#3257,2.5);
#3257 = AXIS2_PLACEMENT_3D('',#3258,#3259,#3260);
#3258 = CARTESIAN_POINT('',(36.,99.,0.));
#3259 = DIRECTION('',(0.,0.,1.));
#3260 = DIRECTION('',(1.,0.,0.));
#3261 = FACE_BOUND('',#3262,.F.);
#3262 = EDGE_LOOP('',(#3263));
#3263 = ORIENTED_EDGE('',*,*,#3264,.F.);
#3264 = EDGE_CURVE('',#3265,#3265,#3267,.T.);
#3265 = VERTEX_POINT('',#3266);
#3266 = CARTESIAN_POINT('',(29.5,108.,0.));
#3267 = CIRCLE('',#3268,2.5);
#3268 = AXIS2_PLACEMENT_3D('',#3269,#3270,#3271);
#3269 = CARTESIAN_POINT('',(27.,108.,0.));
#3270 = DIRECTION('',(0.,0.,1.));
#3271 = DIRECTION('',(1.,0.,0.));
#3272 = FACE_BOUND('',#3273,.F.);
#3273 = EDGE_LOOP('',(#3274));
#3274 = ORIENTED_EDGE('',*,*,#3275,.F.);
#3275 = EDGE_CURVE('',#3276,#3276,#3278,.T.);
#3276 = VERTEX_POINT('',#3277);
#3277 = CARTESIAN_POINT('',(38.5,108.,0.));
#3278 = CIRCLE('',#3279,2.5);
#3279 = AXIS2_PLACEMENT_3D('',#3280,#3281,#3282);
#3280 = CARTESIAN_POINT('',(36.,108.,0.));
#3281 = DIRECTION('',(0.,0.,1.));
#3282 = DIRECTION('',(1.,0.,0.));
#3283 = FACE_BOUND('',#3284,.F.);
#3284 = EDGE_LOOP('',(#3285));
#3285 = ORIENTED_EDGE('',*,*,#3286,.F.);
#3286 = EDGE_CURVE('',#3287,#3287,#3289,.T.);
#3287 = VERTEX_POINT('',#3288);
#3288 = CARTESIAN_POINT('',(47.5,90.,0.));
#3289 = CIRCLE('',#3290,2.5);
#3290 = AXIS2_PLACEMENT_3D('',#3291,#3292,#3293);
#3291 = CARTESIAN_POINT('',(45.,90.,0.));
#3292 = DIRECTION('',(0.,0.,1.));
#3293 = DIRECTION('',(1.,0.,0.));
#3294 = FACE_BOUND('',#3295,.F.);
#3295 = EDGE_LOOP('',(#3296));
#3296 = ORIENTED_EDGE('',*,*,#3297,.F.);
#3297 = EDGE_CURVE('',#3298,#3298,#3300,.T.);
#3298 = VERTEX_POINT('',#3299);
#3299 = CARTESIAN_POINT('',(56.5,90.,0.));
#3300 = CIRCLE('',#3301,2.5);
#3301 = AXIS2_PLACEMENT_3D('',#3302,#3303,#3304);
#3302 = CARTESIAN_POINT('',(54.,90.,0.));
#3303 = DIRECTION('',(0.,0.,1.));
#3304 = DIRECTION('',(1.,0.,0.));
#3305 = FACE_BOUND('',#3306,.F.);
#3306 = EDGE_LOOP('',(#3307));
#3307 = ORIENTED_EDGE('',*,*,#3308,.F.);
#3308 = EDGE_CURVE('',#3309,#3309,#3311,.T.);
#3309 = VERTEX_POINT('',#3310);
#3310 = CARTESIAN_POINT('',(65.5,90.,0.));
#3311 = CIRCLE('',#3312,2.5);
#3312 = AXIS2_PLACEMENT_3D('',#3313,#3314,#3315);
#3313 = CARTESIAN_POINT('',(63.,90.,0.));
#3314 = DIRECTION('',(0.,0.,1.));
#3315 = DIRECTION('',(1.,0.,0.));
#3316 = FACE_BOUND('',#3317,.F.);
#3317 = EDGE_LOOP('',(#3318));
#3318 = ORIENTED_EDGE('',*,*,#3319,.F.);
#3319 = EDGE_CURVE('',#3320,#3320,#3322,.T.);
#3320 = VERTEX_POINT('',#3321);
#3321 = CARTESIAN_POINT('',(47.5,99.,0.));
#3322 = CIRCLE('',#3323,2.5);
#3323 = AXIS2_PLACEMENT_3D('',#3324,#3325,#3326);
#3324 = CARTESIAN_POINT('',(45.,99.,0.));
#3325 = DIRECTION('',(0.,0.,1.));
#3326 = DIRECTION('',(1.,0.,0.));
#3327 = FACE_BOUND('',#3328,.F.);
#3328 = EDGE_LOOP('',(#3329));
#3329 = ORIENTED_EDGE('',*,*,#3330,.F.);
#3330 = EDGE_CURVE('',#3331,#3331,#3333,.T.);
#3331 = VERTEX_POINT('',#3332);
#3332 = CARTESIAN_POINT('',(47.5,108.,0.));
#3333 = CIRCLE('',#3334,2.5);
#3334 = AXIS2_PLACEMENT_3D('',#3335,#3336,#3337);
#3335 = CARTESIAN_POINT('',(45.,108.,0.));
#3336 = DIRECTION('',(0.,0.,1.));
#3337 = DIRECTION('',(1.,0.,0.));
#3338 = FACE_BOUND('',#3339,.F.);
#3339 = EDGE_LOOP('',(#3340));
#3340 = ORIENTED_EDGE('',*,*,#3341,.F.);
#3341 = EDGE_CURVE('',#3342,#3342,#3344,.T.);
#3342 = VERTEX_POINT('',#3343);
#3343 = CARTESIAN_POINT('',(56.5,99.,0.));
#3344 = CIRCLE('',#3345,2.5);
#3345 = AXIS2_PLACEMENT_3D('',#3346,#3347,#3348);
#3346 = CARTESIAN_POINT('',(54.,99.,0.));
#3347 = DIRECTION('',(0.,0.,1.));
#3348 = DIRECTION('',(1.,0.,0.));
#3349 = FACE_BOUND('',#3350,.F.);
#3350 = EDGE_LOOP('',(#3351));
#3351 = ORIENTED_EDGE('',*,*,#3352,.F.);
#3352 = EDGE_CURVE('',#3353,#3353,#3355,.T.);
#3353 = VERTEX_POINT('',#3354);
#3354 = CARTESIAN_POINT('',(65.5,99.,0.));
#3355 = CIRCLE('',#3356,2.5);
#3356 = AXIS2_PLACEMENT_3D('',#3357,#3358,#3359);
#3357 = CARTESIAN_POINT('',(63.,99.,0.));
#3358 = DIRECTION('',(0.,0.,1.));
#3359 = DIRECTION('',(1.,0.,0.));
#3360 = FACE_BOUND('',#3361,.F.);
#3361 = EDGE_LOOP('',(#3362));
#3362 = ORIENTED_EDGE('',*,*,#3363,.F.);
#3363 = EDGE_CURVE('',#3364,#3364,#3366,.T.);
#3364 = VERTEX_POINT('',#3365);
#3365 = CARTESIAN_POINT('',(56.5,108.,0.));
#3366 = CIRCLE('',#3367,2.5);
#3367 = AXIS2_PLACEMENT_3D('',#3368,#3369,#3370);
#3368 = CARTESIAN_POINT('',(54.,108.,0.));
#3369 = DIRECTION('',(0.,0.,1.));
#3370 = DIRECTION('',(1.,0.,0.));
#3371 = FACE_BOUND('',#3372,.F.);
#3372 = EDGE_LOOP('',(#3373));
#3373 = ORIENTED_EDGE('',*,*,#3374,.F.);
#3374 = EDGE_CURVE('',#3375,#3375,#3377,.T.);
#3375 = VERTEX_POINT('',#3376);
#3376 = CARTESIAN_POINT('',(65.5,108.,0.));
#3377 = CIRCLE('',#3378,2.5);
#3378 = AXIS2_PLACEMENT_3D('',#3379,#3380,#3381);
#3379 = CARTESIAN_POINT('',(63.,108.,0.));
#3380 = DIRECTION('',(0.,0.,1.));
#3381 = DIRECTION('',(1.,0.,0.));
#3382 = FACE_BOUND('',#3383,.F.);
#3383 = EDGE_LOOP('',(#3384));
#3384 = ORIENTED_EDGE('',*,*,#3385,.F.);
#3385 = EDGE_CURVE('',#3386,#3386,#3388,.T.);
#3386 = VERTEX_POINT('',#3387);
#3387 = CARTESIAN_POINT('',(74.5,63.,0.));
#3388 = CIRCLE('',#3389,2.5);
#3389 = AXIS2_PLACEMENT_3D('',#3390,#3391,#3392);
#3390 = CARTESIAN_POINT('',(72.,63.,0.));
#3391 = DIRECTION('',(0.,0.,1.));
#3392 = DIRECTION('',(1.,0.,0.));
#3393 = FACE_BOUND('',#3394,.F.);
#3394 = EDGE_LOOP('',(#3395));
#3395 = ORIENTED_EDGE('',*,*,#3396,.F.);
#3396 = EDGE_CURVE('',#3397,#3397,#3399,.T.);
#3397 = VERTEX_POINT('',#3398);
#3398 = CARTESIAN_POINT('',(83.5,63.,0.));
#3399 = CIRCLE('',#3400,2.5);
#3400 = AXIS2_PLACEMENT_3D('',#3401,#3402,#3403);
#3401 = CARTESIAN_POINT('',(81.,63.,0.));
#3402 = DIRECTION('',(0.,0.,1.));
#3403 = DIRECTION('',(1.,0.,0.));
#3404 = FACE_BOUND('',#3405,.F.);
#3405 = EDGE_LOOP('',(#3406));
#3406 = ORIENTED_EDGE('',*,*,#3407,.F.);
#3407 = EDGE_CURVE('',#3408,#3408,#3410,.T.);
#3408 = VERTEX_POINT('',#3409);
#3409 = CARTESIAN_POINT('',(92.5,63.,0.));
#3410 = CIRCLE('',#3411,2.5);
#3411 = AXIS2_PLACEMENT_3D('',#3412,#3413,#3414);
#3412 = CARTESIAN_POINT('',(90.,63.,0.));
#3413 = DIRECTION('',(0.,0.,1.));
#3414 = DIRECTION('',(1.,0.,0.));
#3415 = FACE_BOUND('',#3416,.F.);
#3416 = EDGE_LOOP('',(#3417));
#3417 = ORIENTED_EDGE('',*,*,#3418,.F.);
#3418 = EDGE_CURVE('',#3419,#3419,#3421,.T.);
#3419 = VERTEX_POINT('',#3420);
#3420 = CARTESIAN_POINT('',(74.5,72.,0.));
#3421 = CIRCLE('',#3422,2.5);
#3422 = AXIS2_PLACEMENT_3D('',#3423,#3424,#3425);
#3423 = CARTESIAN_POINT('',(72.,72.,0.));
#3424 = DIRECTION('',(0.,0.,1.));
#3425 = DIRECTION('',(1.,0.,0.));
#3426 = FACE_BOUND('',#3427,.F.);
#3427 = EDGE_LOOP('',(#3428));
#3428 = ORIENTED_EDGE('',*,*,#3429,.F.);
#3429 = EDGE_CURVE('',#3430,#3430,#3432,.T.);
#3430 = VERTEX_POINT('',#3431);
#3431 = CARTESIAN_POINT('',(83.5,72.,0.));
#3432 = CIRCLE('',#3433,2.5);
#3433 = AXIS2_PLACEMENT_3D('',#3434,#3435,#3436);
#3434 = CARTESIAN_POINT('',(81.,72.,0.));
#3435 = DIRECTION('',(0.,0.,1.));
#3436 = DIRECTION('',(1.,0.,0.));
#3437 = FACE_BOUND('',#3438,.F.);
#3438 = EDGE_LOOP('',(#3439));
#3439 = ORIENTED_EDGE('',*,*,#3440,.F.);
#3440 = EDGE_CURVE('',#3441,#3441,#3443,.T.);
#3441 = VERTEX_POINT('',#3442);
#3442 = CARTESIAN_POINT('',(74.5,81.,0.));
#3443 = CIRCLE('',#3444,2.5);
#3444 = AXIS2_PLACEMENT_3D('',#3445,#3446,#3447);
#3445 = CARTESIAN_POINT('',(72.,81.,0.));
#3446 = DIRECTION('',(0.,0.,1.));
#3447 = DIRECTION('',(1.,0.,0.));
#3448 = FACE_BOUND('',#3449,.F.);
#3449 = EDGE_LOOP('',(#3450));
#3450 = ORIENTED_EDGE('',*,*,#3451,.F.);
#3451 = EDGE_CURVE('',#3452,#3452,#3454,.T.);
#3452 = VERTEX_POINT('',#3453);
#3453 = CARTESIAN_POINT('',(83.5,81.,0.));
#3454 = CIRCLE('',#3455,2.5);
#3455 = AXIS2_PLACEMENT_3D('',#3456,#3457,#3458);
#3456 = CARTESIAN_POINT('',(81.,81.,0.));
#3457 = DIRECTION('',(0.,0.,1.));
#3458 = DIRECTION('',(1.,0.,0.));
#3459 = FACE_BOUND('',#3460,.F.);
#3460 = EDGE_LOOP('',(#3461));
#3461 = ORIENTED_EDGE('',*,*,#3462,.F.);
#3462 = EDGE_CURVE('',#3463,#3463,#3465,.T.);
#3463 = VERTEX_POINT('',#3464);
#3464 = CARTESIAN_POINT('',(92.5,72.,0.));
#3465 = CIRCLE('',#3466,2.5);
#3466 = AXIS2_PLACEMENT_3D('',#3467,#3468,#3469);
#3467 = CARTESIAN_POINT('',(90.,72.,0.));
#3468 = DIRECTION('',(0.,0.,1.));
#3469 = DIRECTION('',(1.,0.,0.));
#3470 = FACE_BOUND('',#3471,.F.);
#3471 = EDGE_LOOP('',(#3472));
#3472 = ORIENTED_EDGE('',*,*,#3473,.F.);
#3473 = EDGE_CURVE('',#3474,#3474,#3476,.T.);
#3474 = VERTEX_POINT('',#3475);
#3475 = CARTESIAN_POINT('',(92.5,81.,0.));
#3476 = CIRCLE('',#3477,2.5);
#3477 = AXIS2_PLACEMENT_3D('',#3478,#3479,#3480);
#3478 = CARTESIAN_POINT('',(90.,81.,0.));
#3479 = DIRECTION('',(0.,0.,1.));
#3480 = DIRECTION('',(1.,0.,0.));
#3481 = FACE_BOUND('',#3482,.F.);
#3482 = EDGE_LOOP('',(#3483));
#3483 = ORIENTED_EDGE('',*,*,#3484,.F.);
#3484 = EDGE_CURVE('',#3485,#3485,#3487,.T.);
#3485 = VERTEX_POINT('',#3486);
#3486 = CARTESIAN_POINT('',(101.5,63.,0.));
#3487 = CIRCLE('',#3488,2.5);
#3488 = AXIS2_PLACEMENT_3D('',#3489,#3490,#3491);
#3489 = CARTESIAN_POINT('',(99.,63.,0.));
#3490 = DIRECTION('',(0.,0.,1.));
#3491 = DIRECTION('',(1.,0.,0.));
#3492 = FACE_BOUND('',#3493,.F.);
#3493 = EDGE_LOOP('',(#3494));
#3494 = ORIENTED_EDGE('',*,*,#3495,.F.);
#3495 = EDGE_CURVE('',#3496,#3496,#3498,.T.);
#3496 = VERTEX_POINT('',#3497);
#3497 = CARTESIAN_POINT('',(110.5,63.,0.));
#3498 = CIRCLE('',#3499,2.5);
#3499 = AXIS2_PLACEMENT_3D('',#3500,#3501,#3502);
#3500 = CARTESIAN_POINT('',(108.,63.,0.));
#3501 = DIRECTION('',(0.,0.,1.));
#3502 = DIRECTION('',(1.,0.,0.));
#3503 = FACE_BOUND('',#3504,.F.);
#3504 = EDGE_LOOP('',(#3505));
#3505 = ORIENTED_EDGE('',*,*,#3506,.F.);
#3506 = EDGE_CURVE('',#3507,#3507,#3509,.T.);
#3507 = VERTEX_POINT('',#3508);
#3508 = CARTESIAN_POINT('',(119.5,63.,0.));
#3509 = CIRCLE('',#3510,2.5);
#3510 = AXIS2_PLACEMENT_3D('',#3511,#3512,#3513);
#3511 = CARTESIAN_POINT('',(117.,63.,0.));
#3512 = DIRECTION('',(0.,0.,1.));
#3513 = DIRECTION('',(1.,0.,0.));
#3514 = FACE_BOUND('',#3515,.F.);
#3515 = EDGE_LOOP('',(#3516));
#3516 = ORIENTED_EDGE('',*,*,#3517,.F.);
#3517 = EDGE_CURVE('',#3518,#3518,#3520,.T.);
#3518 = VERTEX_POINT('',#3519);
#3519 = CARTESIAN_POINT('',(128.5,63.,0.));
#3520 = CIRCLE('',#3521,2.5);
#3521 = AXIS2_PLACEMENT_3D('',#3522,#3523,#3524);
#3522 = CARTESIAN_POINT('',(126.,63.,0.));
#3523 = DIRECTION('',(0.,0.,1.));
#3524 = DIRECTION('',(1.,0.,0.));
#3525 = FACE_BOUND('',#3526,.F.);
#3526 = EDGE_LOOP('',(#3527));
#3527 = ORIENTED_EDGE('',*,*,#3528,.F.);
#3528 = EDGE_CURVE('',#3529,#3529,#3531,.T.);
#3529 = VERTEX_POINT('',#3530);
#3530 = CARTESIAN_POINT('',(101.5,72.,0.));
#3531 = CIRCLE('',#3532,2.5);
#3532 = AXIS2_PLACEMENT_3D('',#3533,#3534,#3535);
#3533 = CARTESIAN_POINT('',(99.,72.,0.));
#3534 = DIRECTION('',(0.,0.,1.));
#3535 = DIRECTION('',(1.,0.,0.));
#3536 = FACE_BOUND('',#3537,.F.);
#3537 = EDGE_LOOP('',(#3538));
#3538 = ORIENTED_EDGE('',*,*,#3539,.F.);
#3539 = EDGE_CURVE('',#3540,#3540,#3542,.T.);
#3540 = VERTEX_POINT('',#3541);
#3541 = CARTESIAN_POINT('',(110.5,72.,0.));
#3542 = CIRCLE('',#3543,2.5);
#3543 = AXIS2_PLACEMENT_3D('',#3544,#3545,#3546);
#3544 = CARTESIAN_POINT('',(108.,72.,0.));
#3545 = DIRECTION('',(0.,0.,1.));
#3546 = DIRECTION('',(1.,0.,0.));
#3547 = FACE_BOUND('',#3548,.F.);
#3548 = EDGE_LOOP('',(#3549));
#3549 = ORIENTED_EDGE('',*,*,#3550,.F.);
#3550 = EDGE_CURVE('',#3551,#3551,#3553,.T.);
#3551 = VERTEX_POINT('',#3552);
#3552 = CARTESIAN_POINT('',(101.5,81.,0.));
#3553 = CIRCLE('',#3554,2.5);
#3554 = AXIS2_PLACEMENT_3D('',#3555,#3556,#3557);
#3555 = CARTESIAN_POINT('',(99.,81.,0.));
#3556 = DIRECTION('',(0.,0.,1.));
#3557 = DIRECTION('',(1.,0.,0.));
#3558 = FACE_BOUND('',#3559,.F.);
#3559 = EDGE_LOOP('',(#3560));
#3560 = ORIENTED_EDGE('',*,*,#3561,.F.);
#3561 = EDGE_CURVE('',#3562,#3562,#3564,.T.);
#3562 = VERTEX_POINT('',#3563);
#3563 = CARTESIAN_POINT('',(110.5,81.,0.));
#3564 = CIRCLE('',#3565,2.5);
#3565 = AXIS2_PLACEMENT_3D('',#3566,#3567,#3568);
#3566 = CARTESIAN_POINT('',(108.,81.,0.));
#3567 = DIRECTION('',(0.,0.,1.));
#3568 = DIRECTION('',(1.,0.,0.));
#3569 = FACE_BOUND('',#3570,.F.);
#3570 = EDGE_LOOP('',(#3571));
#3571 = ORIENTED_EDGE('',*,*,#3572,.F.);
#3572 = EDGE_CURVE('',#3573,#3573,#3575,.T.);
#3573 = VERTEX_POINT('',#3574);
#3574 = CARTESIAN_POINT('',(119.5,72.,0.));
#3575 = CIRCLE('',#3576,2.5);
#3576 = AXIS2_PLACEMENT_3D('',#3577,#3578,#3579);
#3577 = CARTESIAN_POINT('',(117.,72.,0.));
#3578 = DIRECTION('',(0.,0.,1.));
#3579 = DIRECTION('',(1.,0.,0.));
#3580 = FACE_BOUND('',#3581,.F.);
#3581 = EDGE_LOOP('',(#3582));
#3582 = ORIENTED_EDGE('',*,*,#3583,.F.);
#3583 = EDGE_CURVE('',#3584,#3584,#3586,.T.);
#3584 = VERTEX_POINT('',#3585);
#3585 = CARTESIAN_POINT('',(128.5,72.,0.));
#3586 = CIRCLE('',#3587,2.5);
#3587 = AXIS2_PLACEMENT_3D('',#3588,#3589,#3590);
#3588 = CARTESIAN_POINT('',(126.,72.,0.));
#3589 = DIRECTION('',(0.,0.,1.));
#3590 = DIRECTION('',(1.,0.,0.));
#3591 = FACE_BOUND('',#3592,.F.);
#3592 = EDGE_LOOP('',(#3593));
#3593 = ORIENTED_EDGE('',*,*,#3594,.F.);
#3594 = EDGE_CURVE('',#3595,#3595,#3597,.T.);
#3595 = VERTEX_POINT('',#3596);
#3596 = CARTESIAN_POINT('',(119.5,81.,0.));
#3597 = CIRCLE('',#3598,2.5);
#3598 = AXIS2_PLACEMENT_3D('',#3599,#3600,#3601);
#3599 = CARTESIAN_POINT('',(117.,81.,0.));
#3600 = DIRECTION('',(0.,0.,1.));
#3601 = DIRECTION('',(1.,0.,0.));
#3602 = FACE_BOUND('',#3603,.F.);
#3603 = EDGE_LOOP('',(#3604));
#3604 = ORIENTED_EDGE('',*,*,#3605,.F.);
#3605 = EDGE_CURVE('',#3606,#3606,#3608,.T.);
#3606 = VERTEX_POINT('',#3607);
#3607 = CARTESIAN_POINT('',(128.5,81.,0.));
#3608 = CIRCLE('',#3609,2.5);
#3609 = AXIS2_PLACEMENT_3D('',#3610,#3611,#3612);
#3610 = CARTESIAN_POINT('',(126.,81.,0.));
#3611 = DIRECTION('',(0.,0.,1.));
#3612 = DIRECTION('',(1.,0.,0.));
#3613 = FACE_BOUND('',#3614,.F.);
#3614 = EDGE_LOOP('',(#3615));
#3615 = ORIENTED_EDGE('',*,*,#3616,.F.);
#3616 = EDGE_CURVE('',#3617,#3617,#3619,.T.);
#3617 = VERTEX_POINT('',#3618);
#3618 = CARTESIAN_POINT('',(74.5,90.,0.));
#3619 = CIRCLE('',#3620,2.5);
#3620 = AXIS2_PLACEMENT_3D('',#3621,#3622,#3623);
#3621 = CARTESIAN_POINT('',(72.,90.,0.));
#3622 = DIRECTION('',(0.,0.,1.));
#3623 = DIRECTION('',(1.,0.,0.));
#3624 = FACE_BOUND('',#3625,.F.);
#3625 = EDGE_LOOP('',(#3626));
#3626 = ORIENTED_EDGE('',*,*,#3627,.F.);
#3627 = EDGE_CURVE('',#3628,#3628,#3630,.T.);
#3628 = VERTEX_POINT('',#3629);
#3629 = CARTESIAN_POINT('',(83.5,90.,0.));
#3630 = CIRCLE('',#3631,2.5);
#3631 = AXIS2_PLACEMENT_3D('',#3632,#3633,#3634);
#3632 = CARTESIAN_POINT('',(81.,90.,0.));
#3633 = DIRECTION('',(0.,0.,1.));
#3634 = DIRECTION('',(1.,0.,0.));
#3635 = FACE_BOUND('',#3636,.F.);
#3636 = EDGE_LOOP('',(#3637));
#3637 = ORIENTED_EDGE('',*,*,#3638,.F.);
#3638 = EDGE_CURVE('',#3639,#3639,#3641,.T.);
#3639 = VERTEX_POINT('',#3640);
#3640 = CARTESIAN_POINT('',(92.5,90.,0.));
#3641 = CIRCLE('',#3642,2.5);
#3642 = AXIS2_PLACEMENT_3D('',#3643,#3644,#3645);
#3643 = CARTESIAN_POINT('',(90.,90.,0.));
#3644 = DIRECTION('',(0.,0.,1.));
#3645 = DIRECTION('',(1.,0.,0.));
#3646 = FACE_BOUND('',#3647,.F.);
#3647 = EDGE_LOOP('',(#3648));
#3648 = ORIENTED_EDGE('',*,*,#3649,.F.);
#3649 = EDGE_CURVE('',#3650,#3650,#3652,.T.);
#3650 = VERTEX_POINT('',#3651);
#3651 = CARTESIAN_POINT('',(74.5,99.,0.));
#3652 = CIRCLE('',#3653,2.5);
#3653 = AXIS2_PLACEMENT_3D('',#3654,#3655,#3656);
#3654 = CARTESIAN_POINT('',(72.,99.,0.));
#3655 = DIRECTION('',(0.,0.,1.));
#3656 = DIRECTION('',(1.,0.,0.));
#3657 = FACE_BOUND('',#3658,.F.);
#3658 = EDGE_LOOP('',(#3659));
#3659 = ORIENTED_EDGE('',*,*,#3660,.F.);
#3660 = EDGE_CURVE('',#3661,#3661,#3663,.T.);
#3661 = VERTEX_POINT('',#3662);
#3662 = CARTESIAN_POINT('',(83.5,99.,0.));
#3663 = CIRCLE('',#3664,2.5);
#3664 = AXIS2_PLACEMENT_3D('',#3665,#3666,#3667);
#3665 = CARTESIAN_POINT('',(81.,99.,0.));
#3666 = DIRECTION('',(0.,0.,1.));
#3667 = DIRECTION('',(1.,0.,0.));
#3668 = FACE_BOUND('',#3669,.F.);
#3669 = EDGE_LOOP('',(#3670));
#3670 = ORIENTED_EDGE('',*,*,#3671,.F.);
#3671 = EDGE_CURVE('',#3672,#3672,#3674,.T.);
#3672 = VERTEX_POINT('',#3673);
#3673 = CARTESIAN_POINT('',(74.5,108.,0.));
#3674 = CIRCLE('',#3675,2.5);
#3675 = AXIS2_PLACEMENT_3D('',#3676,#3677,#3678);
#3676 = CARTESIAN_POINT('',(72.,108.,0.));
#3677 = DIRECTION('',(0.,0.,1.));
#3678 = DIRECTION('',(1.,0.,0.));
#3679 = FACE_BOUND('',#3680,.F.);
#3680 = EDGE_LOOP('',(#3681));
#3681 = ORIENTED_EDGE('',*,*,#3682,.F.);
#3682 = EDGE_CURVE('',#3683,#3683,#3685,.T.);
#3683 = VERTEX_POINT('',#3684);
#3684 = CARTESIAN_POINT('',(83.5,108.,0.));
#3685 = CIRCLE('',#3686,2.5);
#3686 = AXIS2_PLACEMENT_3D('',#3687,#3688,#3689);
#3687 = CARTESIAN_POINT('',(81.,108.,0.));
#3688 = DIRECTION('',(0.,0.,1.));
#3689 = DIRECTION('',(1.,0.,0.));
#3690 = FACE_BOUND('',#3691,.F.);
#3691 = EDGE_LOOP('',(#3692));
#3692 = ORIENTED_EDGE('',*,*,#3693,.F.);
#3693 = EDGE_CURVE('',#3694,#3694,#3696,.T.);
#3694 = VERTEX_POINT('',#3695);
#3695 = CARTESIAN_POINT('',(92.5,99.,0.));
#3696 = CIRCLE('',#3697,2.5);
#3697 = AXIS2_PLACEMENT_3D('',#3698,#3699,#3700);
#3698 = CARTESIAN_POINT('',(90.,99.,0.));
#3699 = DIRECTION('',(0.,0.,1.));
#3700 = DIRECTION('',(1.,0.,0.));
#3701 = FACE_BOUND('',#3702,.F.);
#3702 = EDGE_LOOP('',(#3703));
#3703 = ORIENTED_EDGE('',*,*,#3704,.F.);
#3704 = EDGE_CURVE('',#3705,#3705,#3707,.T.);
#3705 = VERTEX_POINT('',#3706);
#3706 = CARTESIAN_POINT('',(92.5,108.,0.));
#3707 = CIRCLE('',#3708,2.5);
#3708 = AXIS2_PLACEMENT_3D('',#3709,#3710,#3711);
#3709 = CARTESIAN_POINT('',(90.,108.,0.));
#3710 = DIRECTION('',(0.,0.,1.));
#3711 = DIRECTION('',(1.,0.,0.));
#3712 = FACE_BOUND('',#3713,.F.);
#3713 = EDGE_LOOP('',(#3714));
#3714 = ORIENTED_EDGE('',*,*,#3715,.F.);
#3715 = EDGE_CURVE('',#3716,#3716,#3718,.T.);
#3716 = VERTEX_POINT('',#3717);
#3717 = CARTESIAN_POINT('',(101.5,90.,0.));
#3718 = CIRCLE('',#3719,2.5);
#3719 = AXIS2_PLACEMENT_3D('',#3720,#3721,#3722);
#3720 = CARTESIAN_POINT('',(99.,90.,0.));
#3721 = DIRECTION('',(0.,0.,1.));
#3722 = DIRECTION('',(1.,0.,0.));
#3723 = FACE_BOUND('',#3724,.F.);
#3724 = EDGE_LOOP('',(#3725));
#3725 = ORIENTED_EDGE('',*,*,#3726,.F.);
#3726 = EDGE_CURVE('',#3727,#3727,#3729,.T.);
#3727 = VERTEX_POINT('',#3728);
#3728 = CARTESIAN_POINT('',(110.5,90.,0.));
#3729 = CIRCLE('',#3730,2.5);
#3730 = AXIS2_PLACEMENT_3D('',#3731,#3732,#3733);
#3731 = CARTESIAN_POINT('',(108.,90.,0.));
#3732 = DIRECTION('',(0.,0.,1.));
#3733 = DIRECTION('',(1.,0.,0.));
#3734 = FACE_BOUND('',#3735,.F.);
#3735 = EDGE_LOOP('',(#3736));
#3736 = ORIENTED_EDGE('',*,*,#3737,.F.);
#3737 = EDGE_CURVE('',#3738,#3738,#3740,.T.);
#3738 = VERTEX_POINT('',#3739);
#3739 = CARTESIAN_POINT('',(119.5,90.,0.));
#3740 = CIRCLE('',#3741,2.5);
#3741 = AXIS2_PLACEMENT_3D('',#3742,#3743,#3744);
#3742 = CARTESIAN_POINT('',(117.,90.,0.));
#3743 = DIRECTION('',(0.,0.,1.));
#3744 = DIRECTION('',(1.,0.,0.));
#3745 = FACE_BOUND('',#3746,.F.);
#3746 = EDGE_LOOP('',(#3747));
#3747 = ORIENTED_EDGE('',*,*,#3748,.F.);
#3748 = EDGE_CURVE('',#3749,#3749,#3751,.T.);
#3749 = VERTEX_POINT('',#3750);
#3750 = CARTESIAN_POINT('',(128.5,90.,0.));
#3751 = CIRCLE('',#3752,2.5);
#3752 = AXIS2_PLACEMENT_3D('',#3753,#3754,#3755);
#3753 = CARTESIAN_POINT('',(126.,90.,0.));
#3754 = DIRECTION('',(0.,0.,1.));
#3755 = DIRECTION('',(1.,0.,0.));
#3756 = FACE_BOUND('',#3757,.F.);
#3757 = EDGE_LOOP('',(#3758));
#3758 = ORIENTED_EDGE('',*,*,#3759,.F.);
#3759 = EDGE_CURVE('',#3760,#3760,#3762,.T.);
#3760 = VERTEX_POINT('',#3761);
#3761 = CARTESIAN_POINT('',(101.5,99.,0.));
#3762 = CIRCLE('',#3763,2.5);
#3763 = AXIS2_PLACEMENT_3D('',#3764,#3765,#3766);
#3764 = CARTESIAN_POINT('',(99.,99.,0.));
#3765 = DIRECTION('',(0.,0.,1.));
#3766 = DIRECTION('',(1.,0.,0.));
#3767 = FACE_BOUND('',#3768,.F.);
#3768 = EDGE_LOOP('',(#3769));
#3769 = ORIENTED_EDGE('',*,*,#3770,.F.);
#3770 = EDGE_CURVE('',#3771,#3771,#3773,.T.);
#3771 = VERTEX_POINT('',#3772);
#3772 = CARTESIAN_POINT('',(110.5,99.,0.));
#3773 = CIRCLE('',#3774,2.5);
#3774 = AXIS2_PLACEMENT_3D('',#3775,#3776,#3777);
#3775 = CARTESIAN_POINT('',(108.,99.,0.));
#3776 = DIRECTION('',(0.,0.,1.));
#3777 = DIRECTION('',(1.,0.,0.));
#3778 = FACE_BOUND('',#3779,.F.);
#3779 = EDGE_LOOP('',(#3780));
#3780 = ORIENTED_EDGE('',*,*,#3781,.F.);
#3781 = EDGE_CURVE('',#3782,#3782,#3784,.T.);
#3782 = VERTEX_POINT('',#3783);
#3783 = CARTESIAN_POINT('',(101.5,108.,0.));
#3784 = CIRCLE('',#3785,2.5);
#3785 = AXIS2_PLACEMENT_3D('',#3786,#3787,#3788);
#3786 = CARTESIAN_POINT('',(99.,108.,0.));
#3787 = DIRECTION('',(0.,0.,1.));
#3788 = DIRECTION('',(1.,0.,0.));
#3789 = FACE_BOUND('',#3790,.F.);
#3790 = EDGE_LOOP('',(#3791));
#3791 = ORIENTED_EDGE('',*,*,#3792,.F.);
#3792 = EDGE_CURVE('',#3793,#3793,#3795,.T.);
#3793 = VERTEX_POINT('',#3794);
#3794 = CARTESIAN_POINT('',(110.5,108.,0.));
#3795 = CIRCLE('',#3796,2.5);
#3796 = AXIS2_PLACEMENT_3D('',#3797,#3798,#3799);
#3797 = CARTESIAN_POINT('',(108.,108.,0.));
#3798 = DIRECTION('',(0.,0.,1.));
#3799 = DIRECTION('',(1.,0.,0.));
#3800 = FACE_BOUND('',#3801,.F.);
#3801 = EDGE_LOOP('',(#3802));
#3802 = ORIENTED_EDGE('',*,*,#3803,.F.);
#3803 = EDGE_CURVE('',#3804,#3804,#3806,.T.);
#3804 = VERTEX_POINT('',#3805);
#3805 = CARTESIAN_POINT('',(119.5,99.,0.));
#3806 = CIRCLE('',#3807,2.5);
#3807 = AXIS2_PLACEMENT_3D('',#3808,#3809,#3810);
#3808 = CARTESIAN_POINT('',(117.,99.,0.));
#3809 = DIRECTION('',(0.,0.,1.));
#3810 = DIRECTION('',(1.,0.,0.));
#3811 = FACE_BOUND('',#3812,.F.);
#3812 = EDGE_LOOP('',(#3813));
#3813 = ORIENTED_EDGE('',*,*,#3814,.F.);
#3814 = EDGE_CURVE('',#3815,#3815,#3817,.T.);
#3815 = VERTEX_POINT('',#3816);
#3816 = CARTESIAN_POINT('',(128.5,99.,0.));
#3817 = CIRCLE('',#3818,2.5);
#3818 = AXIS2_PLACEMENT_3D('',#3819,#3820,#3821);
#3819 = CARTESIAN_POINT('',(126.,99.,0.));
#3820 = DIRECTION('',(0.,0.,1.));
#3821 = DIRECTION('',(1.,0.,0.));
#3822 = FACE_BOUND('',#3823,.F.);
#3823 = EDGE_LOOP('',(#3824));
#3824 = ORIENTED_EDGE('',*,*,#3825,.F.);
#3825 = EDGE_CURVE('',#3826,#3826,#3828,.T.);
#3826 = VERTEX_POINT('',#3827);
#3827 = CARTESIAN_POINT('',(119.5,108.,0.));
#3828 = CIRCLE('',#3829,2.5);
#3829 = AXIS2_PLACEMENT_3D('',#3830,#3831,#3832);
#3830 = CARTESIAN_POINT('',(117.,108.,0.));
#3831 = DIRECTION('',(0.,0.,1.));
#3832 = DIRECTION('',(1.,0.,0.));
#3833 = FACE_BOUND('',#3834,.F.);
#3834 = EDGE_LOOP('',(#3835));
#3835 = ORIENTED_EDGE('',*,*,#3836,.F.);
#3836 = EDGE_CURVE('',#3837,#3837,#3839,.T.);
#3837 = VERTEX_POINT('',#3838);
#3838 = CARTESIAN_POINT('',(128.5,108.,0.));
#3839 = CIRCLE('',#3840,2.5);
#3840 = AXIS2_PLACEMENT_3D('',#3841,#3842,#3843);
#3841 = CARTESIAN_POINT('',(126.,108.,0.));
#3842 = DIRECTION('',(0.,0.,1.));
#3843 = DIRECTION('',(1.,0.,0.));
#3844 = PLANE('',#3845);
#3845 = AXIS2_PLACEMENT_3D('',#3846,#3847,#3848);
#3846 = CARTESIAN_POINT('',(0.,0.,0.));
#3847 = DIRECTION('',(0.,0.,1.));
#3848 = DIRECTION('',(1.,0.,0.));
#3849 = ADVANCED_FACE('',(#3850),#3856,.T.);
#3850 = FACE_BOUND('',#3851,.T.);
#3851 = EDGE_LOOP('',(#3852,#3853,#3854,#3855));
#3852 = ORIENTED_EDGE('',*,*,#78,.F.);
#3853 = ORIENTED_EDGE('',*,*,#1990,.T.);
#3854 = ORIENTED_EDGE('',*,*,#1974,.T.);
#3855 = ORIENTED_EDGE('',*,*,#94,.F.);
#3856 = PLANE('',#3857);
#3857 = AXIS2_PLACEMENT_3D('',#3858,#3859,#3860);
#3858 = CARTESIAN_POINT('',(135.,0.,0.));
#3859 = DIRECTION('',(1.,0.,0.));
#3860 = DIRECTION('',(0.,0.,1.));
#3861 = ADVANCED_FACE('',(#3862),#3873,.F.);
#3862 = FACE_BOUND('',#3863,.F.);
#3863 = EDGE_LOOP('',(#3864,#3865,#3871,#3872));
#3864 = ORIENTED_EDGE('',*,*,#110,.F.);
#3865 = ORIENTED_EDGE('',*,*,#3866,.F.);
#3866 = EDGE_CURVE('',#2000,#111,#3867,.T.);
#3867 = LINE('',#3868,#3869);
#3868 = CARTESIAN_POINT('',(11.5,9.,0.));
#3869 = VECTOR('',#3870,1.);
#3870 = DIRECTION('',(0.,0.,1.));
#3871 = ORIENTED_EDGE('',*,*,#1999,.T.);
#3872 = ORIENTED_EDGE('',*,*,#3866,.T.);
#3873 = CYLINDRICAL_SURFACE('',#3874,2.5);
#3874 = AXIS2_PLACEMENT_3D('',#3875,#3876,#3877);
#3875 = CARTESIAN_POINT('',(9.,9.,0.));
#3876 = DIRECTION('',(0.,0.,1.));
#3877 = DIRECTION('',(1.,0.,0.));
#3878 = ADVANCED_FACE('',(#3879),#3890,.F.);
#3879 = FACE_BOUND('',#3880,.F.);
#3880 = EDGE_LOOP('',(#3881,#3882,#3888,#3889));
#3881 = ORIENTED_EDGE('',*,*,#121,.F.);
#3882 = ORIENTED_EDGE('',*,*,#3883,.F.);
#3883 = EDGE_CURVE('',#2011,#122,#3884,.T.);
#3884 = LINE('',#3885,#3886);
#3885 = CARTESIAN_POINT('',(20.5,9.,0.));
#3886 = VECTOR('',#3887,1.);
#3887 = DIRECTION('',(0.,0.,1.));
#3888 = ORIENTED_EDGE('',*,*,#2010,.T.);
#3889 = ORIENTED_EDGE('',*,*,#3883,.T.);
#3890 = CYLINDRICAL_SURFACE('',#3891,2.5);
#3891 = AXIS2_PLACEMENT_3D('',#3892,#3893,#3894);
#3892 = CARTESIAN_POINT('',(18.,9.,0.));
#3893 = DIRECTION('',(0.,0.,1.));
#3894 = DIRECTION('',(1.,0.,0.));
#3895 = ADVANCED_FACE('',(#3896),#3907,.F.);
#3896 = FACE_BOUND('',#3897,.F.);
#3897 = EDGE_LOOP('',(#3898,#3899,#3905,#3906));
#3898 = ORIENTED_EDGE('',*,*,#132,.F.);
#3899 = ORIENTED_EDGE('',*,*,#3900,.F.);
#3900 = EDGE_CURVE('',#2022,#133,#3901,.T.);
#3901 = LINE('',#3902,#3903);
#3902 = CARTESIAN_POINT('',(11.5,18.,0.));
#3903 = VECTOR('',#3904,1.);
#3904 = DIRECTION('',(0.,0.,1.));
#3905 = ORIENTED_EDGE('',*,*,#2021,.T.);
#3906 = ORIENTED_EDGE('',*,*,#3900,.T.);
#3907 = CYLINDRICAL_SURFACE('',#3908,2.5);
#3908 = AXIS2_PLACEMENT_3D('',#3909,#3910,#3911);
#3909 = CARTESIAN_POINT('',(9.,18.,0.));
#3910 = DIRECTION('',(0.,0.,1.));
#3911 = DIRECTION('',(1.,0.,0.));
#3912 = ADVANCED_FACE('',(#3913),#3924,.F.);
#3913 = FACE_BOUND('',#3914,.F.);
#3914 = EDGE_LOOP('',(#3915,#3916,#3922,#3923));
#3915 = ORIENTED_EDGE('',*,*,#143,.F.);
#3916 = ORIENTED_EDGE('',*,*,#3917,.F.);
#3917 = EDGE_CURVE('',#2033,#144,#3918,.T.);
#3918 = LINE('',#3919,#3920);
#3919 = CARTESIAN_POINT('',(20.5,18.,0.));
#3920 = VECTOR('',#3921,1.);
#3921 = DIRECTION('',(0.,0.,1.));
#3922 = ORIENTED_EDGE('',*,*,#2032,.T.);
#3923 = ORIENTED_EDGE('',*,*,#3917,.T.);
#3924 = CYLINDRICAL_SURFACE('',#3925,2.5);
#3925 = AXIS2_PLACEMENT_3D('',#3926,#3927,#3928);
#3926 = CARTESIAN_POINT('',(18.,18.,0.));
#3927 = DIRECTION('',(0.,0.,1.));
#3928 = DIRECTION('',(1.,0.,0.));
#3929 = ADVANCED_FACE('',(#3930),#3941,.F.);
#3930 = FACE_BOUND('',#3931,.F.);
#3931 = EDGE_LOOP('',(#3932,#3933,#3939,#3940));
#3932 = ORIENTED_EDGE('',*,*,#154,.F.);
#3933 = ORIENTED_EDGE('',*,*,#3934,.F.);
#3934 = EDGE_CURVE('',#2044,#155,#3935,.T.);
#3935 = LINE('',#3936,#3937);
#3936 = CARTESIAN_POINT('',(29.5,9.,0.));
#3937 = VECTOR('',#3938,1.);
#3938 = DIRECTION('',(0.,0.,1.));
#3939 = ORIENTED_EDGE('',*,*,#2043,.T.);
#3940 = ORIENTED_EDGE('',*,*,#3934,.T.);
#3941 = CYLINDRICAL_SURFACE('',#3942,2.5);
#3942 = AXIS2_PLACEMENT_3D('',#3943,#3944,#3945);
#3943 = CARTESIAN_POINT('',(27.,9.,0.));
#3944 = DIRECTION('',(0.,0.,1.));
#3945 = DIRECTION('',(1.,0.,0.));
#3946 = ADVANCED_FACE('',(#3947),#3958,.F.);
#3947 = FACE_BOUND('',#3948,.F.);
#3948 = EDGE_LOOP('',(#3949,#3950,#3956,#3957));
#3949 = ORIENTED_EDGE('',*,*,#165,.F.);
#3950 = ORIENTED_EDGE('',*,*,#3951,.F.);
#3951 = EDGE_CURVE('',#2055,#166,#3952,.T.);
#3952 = LINE('',#3953,#3954);
#3953 = CARTESIAN_POINT('',(38.5,9.,0.));
#3954 = VECTOR('',#3955,1.);
#3955 = DIRECTION('',(0.,0.,1.));
#3956 = ORIENTED_EDGE('',*,*,#2054,.T.);
#3957 = ORIENTED_EDGE('',*,*,#3951,.T.);
#3958 = CYLINDRICAL_SURFACE('',#3959,2.5);
#3959 = AXIS2_PLACEMENT_3D('',#3960,#3961,#3962);
#3960 = CARTESIAN_POINT('',(36.,9.,0.));
#3961 = DIRECTION('',(0.,0.,1.));
#3962 = DIRECTION('',(1.,0.,0.));
#3963 = ADVANCED_FACE('',(#3964),#3975,.F.);
#3964 = FACE_BOUND('',#3965,.F.);
#3965 = EDGE_LOOP('',(#3966,#3967,#3973,#3974));
#3966 = ORIENTED_EDGE('',*,*,#176,.F.);
#3967 = ORIENTED_EDGE('',*,*,#3968,.F.);
#3968 = EDGE_CURVE('',#2066,#177,#3969,.T.);
#3969 = LINE('',#3970,#3971);
#3970 = CARTESIAN_POINT('',(29.5,18.,0.));
#3971 = VECTOR('',#3972,1.);
#3972 = DIRECTION('',(0.,0.,1.));
#3973 = ORIENTED_EDGE('',*,*,#2065,.T.);
#3974 = ORIENTED_EDGE('',*,*,#3968,.T.);
#3975 = CYLINDRICAL_SURFACE('',#3976,2.5);
#3976 = AXIS2_PLACEMENT_3D('',#3977,#3978,#3979);
#3977 = CARTESIAN_POINT('',(27.,18.,0.));
#3978 = DIRECTION('',(0.,0.,1.));
#3979 = DIRECTION('',(1.,0.,0.));
#3980 = ADVANCED_FACE('',(#3981),#3992,.F.);
#3981 = FACE_BOUND('',#3982,.F.);
#3982 = EDGE_LOOP('',(#3983,#3984,#3990,#3991));
#3983 = ORIENTED_EDGE('',*,*,#187,.F.);
#3984 = ORIENTED_EDGE('',*,*,#3985,.F.);
#3985 = EDGE_CURVE('',#2077,#188,#3986,.T.);
#3986 = LINE('',#3987,#3988);
#3987 = CARTESIAN_POINT('',(38.5,18.,0.));
#3988 = VECTOR('',#3989,1.);
#3989 = DIRECTION('',(0.,0.,1.));
#3990 = ORIENTED_EDGE('',*,*,#2076,.T.);
#3991 = ORIENTED_EDGE('',*,*,#3985,.T.);
#3992 = CYLINDRICAL_SURFACE('',#3993,2.5);
#3993 = AXIS2_PLACEMENT_3D('',#3994,#3995,#3996);
#3994 = CARTESIAN_POINT('',(36.,18.,0.));
#3995 = DIRECTION('',(0.,0.,1.));
#3996 = DIRECTION('',(1.,0.,0.));
#3997 = ADVANCED_FACE('',(#3998),#4009,.F.);
#3998 = FACE_BOUND('',#3999,.F.);
#3999 = EDGE_LOOP('',(#4000,#4001,#4007,#4008));
#4000 = ORIENTED_EDGE('',*,*,#198,.F.);
#4001 = ORIENTED_EDGE('',*,*,#4002,.F.);
#4002 = EDGE_CURVE('',#2088,#199,#4003,.T.);
#4003 = LINE('',#4004,#4005);
#4004 = CARTESIAN_POINT('',(11.5,27.,0.));
#4005 = VECTOR('',#4006,1.);
#4006 = DIRECTION('',(0.,0.,1.));
#4007 = ORIENTED_EDGE('',*,*,#2087,.T.);
#4008 = ORIENTED_EDGE('',*,*,#4002,.T.);
#4009 = CYLINDRICAL_SURFACE('',#4010,2.5);
#4010 = AXIS2_PLACEMENT_3D('',#4011,#4012,#4013);
#4011 = CARTESIAN_POINT('',(9.,27.,0.));
#4012 = DIRECTION('',(0.,0.,1.));
#4013 = DIRECTION('',(1.,0.,0.));
#4014 = ADVANCED_FACE('',(#4015),#4026,.F.);
#4015 = FACE_BOUND('',#4016,.F.);
#4016 = EDGE_LOOP('',(#4017,#4018,#4024,#4025));
#4017 = ORIENTED_EDGE('',*,*,#209,.F.);
#4018 = ORIENTED_EDGE('',*,*,#4019,.F.);
#4019 = EDGE_CURVE('',#2099,#210,#4020,.T.);
#4020 = LINE('',#4021,#4022);
#4021 = CARTESIAN_POINT('',(20.5,27.,0.));
#4022 = VECTOR('',#4023,1.);
#4023 = DIRECTION('',(0.,0.,1.));
#4024 = ORIENTED_EDGE('',*,*,#2098,.T.);
#4025 = ORIENTED_EDGE('',*,*,#4019,.T.);
#4026 = CYLINDRICAL_SURFACE('',#4027,2.5);
#4027 = AXIS2_PLACEMENT_3D('',#4028,#4029,#4030);
#4028 = CARTESIAN_POINT('',(18.,27.,0.));
#4029 = DIRECTION('',(0.,0.,1.));
#4030 = DIRECTION('',(1.,0.,0.));
#4031 = ADVANCED_FACE('',(#4032),#4043,.F.);
#4032 = FACE_BOUND('',#4033,.F.);
#4033 = EDGE_LOOP('',(#4034,#4035,#4041,#4042));
#4034 = ORIENTED_EDGE('',*,*,#220,.F.);
#4035 = ORIENTED_EDGE('',*,*,#4036,.F.);
#4036 = EDGE_CURVE('',#2110,#221,#4037,.T.);
#4037 = LINE('',#4038,#4039);
#4038 = CARTESIAN_POINT('',(29.5,27.,0.));
#4039 = VECTOR('',#4040,1.);
#4040 = DIRECTION('',(0.,0.,1.));
#4041 = ORIENTED_EDGE('',*,*,#2109,.T.);
#4042 = ORIENTED_EDGE('',*,*,#4036,.T.);
#4043 = CYLINDRICAL_SURFACE('',#4044,2.5);
#4044 = AXIS2_PLACEMENT_3D('',#4045,#4046,#4047);
#4045 = CARTESIAN_POINT('',(27.,27.,0.));
#4046 = DIRECTION('',(0.,0.,1.));
#4047 = DIRECTION('',(1.,0.,0.));
#4048 = ADVANCED_FACE('',(#4049),#4060,.F.);
#4049 = FACE_BOUND('',#4050,.F.);
#4050 = EDGE_LOOP('',(#4051,#4052,#4058,#4059));
#4051 = ORIENTED_EDGE('',*,*,#231,.F.);
#4052 = ORIENTED_EDGE('',*,*,#4053,.F.);
#4053 = EDGE_CURVE('',#2121,#232,#4054,.T.);
#4054 = LINE('',#4055,#4056);
#4055 = CARTESIAN_POINT('',(38.5,27.,0.));
#4056 = VECTOR('',#4057,1.);
#4057 = DIRECTION('',(0.,0.,1.));
#4058 = ORIENTED_EDGE('',*,*,#2120,.T.);
#4059 = ORIENTED_EDGE('',*,*,#4053,.T.);
#4060 = CYLINDRICAL_SURFACE('',#4061,2.5);
#4061 = AXIS2_PLACEMENT_3D('',#4062,#4063,#4064);
#4062 = CARTESIAN_POINT('',(36.,27.,0.));
#4063 = DIRECTION('',(0.,0.,1.));
#4064 = DIRECTION('',(1.,0.,0.));
#4065 = ADVANCED_FACE('',(#4066),#4077,.F.);
#4066 = FACE_BOUND('',#4067,.F.);
#4067 = EDGE_LOOP('',(#4068,#4069,#4075,#4076));
#4068 = ORIENTED_EDGE('',*,*,#242,.F.);
#4069 = ORIENTED_EDGE('',*,*,#4070,.F.);
#4070 = EDGE_CURVE('',#2132,#243,#4071,.T.);
#4071 = LINE('',#4072,#4073);
#4072 = CARTESIAN_POINT('',(47.5,9.,0.));
#4073 = VECTOR('',#4074,1.);
#4074 = DIRECTION('',(0.,0.,1.));
#4075 = ORIENTED_EDGE('',*,*,#2131,.T.);
#4076 = ORIENTED_EDGE('',*,*,#4070,.T.);
#4077 = CYLINDRICAL_SURFACE('',#4078,2.5);
#4078 = AXIS2_PLACEMENT_3D('',#4079,#4080,#4081);
#4079 = CARTESIAN_POINT('',(45.,9.,0.));
#4080 = DIRECTION('',(0.,0.,1.));
#4081 = DIRECTION('',(1.,0.,0.));
#4082 = ADVANCED_FACE('',(#4083),#4094,.F.);
#4083 = FACE_BOUND('',#4084,.F.);
#4084 = EDGE_LOOP('',(#4085,#4086,#4092,#4093));
#4085 = ORIENTED_EDGE('',*,*,#253,.F.);
#4086 = ORIENTED_EDGE('',*,*,#4087,.F.);
#4087 = EDGE_CURVE('',#2143,#254,#4088,.T.);
#4088 = LINE('',#4089,#4090);
#4089 = CARTESIAN_POINT('',(47.5,18.,0.));
#4090 = VECTOR('',#4091,1.);
#4091 = DIRECTION('',(0.,0.,1.));
#4092 = ORIENTED_EDGE('',*,*,#2142,.T.);
#4093 = ORIENTED_EDGE('',*,*,#4087,.T.);
#4094 = CYLINDRICAL_SURFACE('',#4095,2.5);
#4095 = AXIS2_PLACEMENT_3D('',#4096,#4097,#4098);
#4096 = CARTESIAN_POINT('',(45.,18.,0.));
#4097 = DIRECTION('',(0.,0.,1.));
#4098 = DIRECTION('',(1.,0.,0.));
#4099 = ADVANCED_FACE('',(#4100),#4111,.F.);
#4100 = FACE_BOUND('',#4101,.F.);
#4101 = EDGE_LOOP('',(#4102,#4103,#4109,#4110));
#4102 = ORIENTED_EDGE('',*,*,#264,.F.);
#4103 = ORIENTED_EDGE('',*,*,#4104,.F.);
#4104 = EDGE_CURVE('',#2154,#265,#4105,.T.);
#4105 = LINE('',#4106,#4107);
#4106 = CARTESIAN_POINT('',(56.5,9.,0.));
#4107 = VECTOR('',#4108,1.);
#4108 = DIRECTION('',(0.,0.,1.));
#4109 = ORIENTED_EDGE('',*,*,#2153,.T.);
#4110 = ORIENTED_EDGE('',*,*,#4104,.T.);
#4111 = CYLINDRICAL_SURFACE('',#4112,2.5);
#4112 = AXIS2_PLACEMENT_3D('',#4113,#4114,#4115);
#4113 = CARTESIAN_POINT('',(54.,9.,0.));
#4114 = DIRECTION('',(0.,0.,1.));
#4115 = DIRECTION('',(1.,0.,0.));
#4116 = ADVANCED_FACE('',(#4117),#4128,.F.);
#4117 = FACE_BOUND('',#4118,.F.);
#4118 = EDGE_LOOP('',(#4119,#4120,#4126,#4127));
#4119 = ORIENTED_EDGE('',*,*,#275,.F.);
#4120 = ORIENTED_EDGE('',*,*,#4121,.F.);
#4121 = EDGE_CURVE('',#2165,#276,#4122,.T.);
#4122 = LINE('',#4123,#4124);
#4123 = CARTESIAN_POINT('',(65.5,9.,0.));
#4124 = VECTOR('',#4125,1.);
#4125 = DIRECTION('',(0.,0.,1.));
#4126 = ORIENTED_EDGE('',*,*,#2164,.T.);
#4127 = ORIENTED_EDGE('',*,*,#4121,.T.);
#4128 = CYLINDRICAL_SURFACE('',#4129,2.5);
#4129 = AXIS2_PLACEMENT_3D('',#4130,#4131,#4132);
#4130 = CARTESIAN_POINT('',(63.,9.,0.));
#4131 = DIRECTION('',(0.,0.,1.));
#4132 = DIRECTION('',(1.,0.,0.));
#4133 = ADVANCED_FACE('',(#4134),#4145,.F.);
#4134 = FACE_BOUND('',#4135,.F.);
#4135 = EDGE_LOOP('',(#4136,#4137,#4143,#4144));
#4136 = ORIENTED_EDGE('',*,*,#286,.F.);
#4137 = ORIENTED_EDGE('',*,*,#4138,.F.);
#4138 = EDGE_CURVE('',#2176,#287,#4139,.T.);
#4139 = LINE('',#4140,#4141);
#4140 = CARTESIAN_POINT('',(56.5,18.,0.));
#4141 = VECTOR('',#4142,1.);
#4142 = DIRECTION('',(0.,0.,1.));
#4143 = ORIENTED_EDGE('',*,*,#2175,.T.);
#4144 = ORIENTED_EDGE('',*,*,#4138,.T.);
#4145 = CYLINDRICAL_SURFACE('',#4146,2.5);
#4146 = AXIS2_PLACEMENT_3D('',#4147,#4148,#4149);
#4147 = CARTESIAN_POINT('',(54.,18.,0.));
#4148 = DIRECTION('',(0.,0.,1.));
#4149 = DIRECTION('',(1.,0.,0.));
#4150 = ADVANCED_FACE('',(#4151),#4162,.F.);
#4151 = FACE_BOUND('',#4152,.F.);
#4152 = EDGE_LOOP('',(#4153,#4154,#4160,#4161));
#4153 = ORIENTED_EDGE('',*,*,#297,.F.);
#4154 = ORIENTED_EDGE('',*,*,#4155,.F.);
#4155 = EDGE_CURVE('',#2187,#298,#4156,.T.);
#4156 = LINE('',#4157,#4158);
#4157 = CARTESIAN_POINT('',(65.5,18.,0.));
#4158 = VECTOR('',#4159,1.);
#4159 = DIRECTION('',(0.,0.,1.));
#4160 = ORIENTED_EDGE('',*,*,#2186,.T.);
#4161 = ORIENTED_EDGE('',*,*,#4155,.T.);
#4162 = CYLINDRICAL_SURFACE('',#4163,2.5);
#4163 = AXIS2_PLACEMENT_3D('',#4164,#4165,#4166);
#4164 = CARTESIAN_POINT('',(63.,18.,0.));
#4165 = DIRECTION('',(0.,0.,1.));
#4166 = DIRECTION('',(1.,0.,0.));
#4167 = ADVANCED_FACE('',(#4168),#4179,.F.);
#4168 = FACE_BOUND('',#4169,.F.);
#4169 = EDGE_LOOP('',(#4170,#4171,#4177,#4178));
#4170 = ORIENTED_EDGE('',*,*,#308,.F.);
#4171 = ORIENTED_EDGE('',*,*,#4172,.F.);
#4172 = EDGE_CURVE('',#2198,#309,#4173,.T.);
#4173 = LINE('',#4174,#4175);
#4174 = CARTESIAN_POINT('',(47.5,27.,0.));
#4175 = VECTOR('',#4176,1.);
#4176 = DIRECTION('',(0.,0.,1.));
#4177 = ORIENTED_EDGE('',*,*,#2197,.T.);
#4178 = ORIENTED_EDGE('',*,*,#4172,.T.);
#4179 = CYLINDRICAL_SURFACE('',#4180,2.5);
#4180 = AXIS2_PLACEMENT_3D('',#4181,#4182,#4183);
#4181 = CARTESIAN_POINT('',(45.,27.,0.));
#4182 = DIRECTION('',(0.,0.,1.));
#4183 = DIRECTION('',(1.,0.,0.));
#4184 = ADVANCED_FACE('',(#4185),#4196,.F.);
#4185 = FACE_BOUND('',#4186,.F.);
#4186 = EDGE_LOOP('',(#4187,#4188,#4194,#4195));
#4187 = ORIENTED_EDGE('',*,*,#319,.F.);
#4188 = ORIENTED_EDGE('',*,*,#4189,.F.);
#4189 = EDGE_CURVE('',#2209,#320,#4190,.T.);
#4190 = LINE('',#4191,#4192);
#4191 = CARTESIAN_POINT('',(56.5,27.,0.));
#4192 = VECTOR('',#4193,1.);
#4193 = DIRECTION('',(0.,0.,1.));
#4194 = ORIENTED_EDGE('',*,*,#2208,.T.);
#4195 = ORIENTED_EDGE('',*,*,#4189,.T.);
#4196 = CYLINDRICAL_SURFACE('',#4197,2.5);
#4197 = AXIS2_PLACEMENT_3D('',#4198,#4199,#4200);
#4198 = CARTESIAN_POINT('',(54.,27.,0.));
#4199 = DIRECTION('',(0.,0.,1.));
#4200 = DIRECTION('',(1.,0.,0.));
#4201 = ADVANCED_FACE('',(#4202),#4213,.F.);
#4202 = FACE_BOUND('',#4203,.F.);
#4203 = EDGE_LOOP('',(#4204,#4205,#4211,#4212));
#4204 = ORIENTED_EDGE('',*,*,#330,.F.);
#4205 = ORIENTED_EDGE('',*,*,#4206,.F.);
#4206 = EDGE_CURVE('',#2220,#331,#4207,.T.);
#4207 = LINE('',#4208,#4209);
#4208 = CARTESIAN_POINT('',(65.5,27.,0.));
#4209 = VECTOR('',#4210,1.);
#4210 = DIRECTION('',(0.,0.,1.));
#4211 = ORIENTED_EDGE('',*,*,#2219,.T.);
#4212 = ORIENTED_EDGE('',*,*,#4206,.T.);
#4213 = CYLINDRICAL_SURFACE('',#4214,2.5);
#4214 = AXIS2_PLACEMENT_3D('',#4215,#4216,#4217);
#4215 = CARTESIAN_POINT('',(63.,27.,0.));
#4216 = DIRECTION('',(0.,0.,1.));
#4217 = DIRECTION('',(1.,0.,0.));
#4218 = ADVANCED_FACE('',(#4219),#4230,.F.);
#4219 = FACE_BOUND('',#4220,.F.);
#4220 = EDGE_LOOP('',(#4221,#4222,#4228,#4229));
#4221 = ORIENTED_EDGE('',*,*,#341,.F.);
#4222 = ORIENTED_EDGE('',*,*,#4223,.F.);
#4223 = EDGE_CURVE('',#2231,#342,#4224,.T.);
#4224 = LINE('',#4225,#4226);
#4225 = CARTESIAN_POINT('',(11.5,36.,0.));
#4226 = VECTOR('',#4227,1.);
#4227 = DIRECTION('',(0.,0.,1.));
#4228 = ORIENTED_EDGE('',*,*,#2230,.T.);
#4229 = ORIENTED_EDGE('',*,*,#4223,.T.);
#4230 = CYLINDRICAL_SURFACE('',#4231,2.5);
#4231 = AXIS2_PLACEMENT_3D('',#4232,#4233,#4234);
#4232 = CARTESIAN_POINT('',(9.,36.,0.));
#4233 = DIRECTION('',(0.,0.,1.));
#4234 = DIRECTION('',(1.,0.,0.));
#4235 = ADVANCED_FACE('',(#4236),#4247,.F.);
#4236 = FACE_BOUND('',#4237,.F.);
#4237 = EDGE_LOOP('',(#4238,#4239,#4245,#4246));
#4238 = ORIENTED_EDGE('',*,*,#352,.F.);
#4239 = ORIENTED_EDGE('',*,*,#4240,.F.);
#4240 = EDGE_CURVE('',#2242,#353,#4241,.T.);
#4241 = LINE('',#4242,#4243);
#4242 = CARTESIAN_POINT('',(20.5,36.,0.));
#4243 = VECTOR('',#4244,1.);
#4244 = DIRECTION('',(0.,0.,1.));
#4245 = ORIENTED_EDGE('',*,*,#2241,.T.);
#4246 = ORIENTED_EDGE('',*,*,#4240,.T.);
#4247 = CYLINDRICAL_SURFACE('',#4248,2.5);
#4248 = AXIS2_PLACEMENT_3D('',#4249,#4250,#4251);
#4249 = CARTESIAN_POINT('',(18.,36.,0.));
#4250 = DIRECTION('',(0.,0.,1.));
#4251 = DIRECTION('',(1.,0.,0.));
#4252 = ADVANCED_FACE('',(#4253),#4264,.F.);
#4253 = FACE_BOUND('',#4254,.F.);
#4254 = EDGE_LOOP('',(#4255,#4256,#4262,#4263));
#4255 = ORIENTED_EDGE('',*,*,#363,.F.);
#4256 = ORIENTED_EDGE('',*,*,#4257,.F.);
#4257 = EDGE_CURVE('',#2253,#364,#4258,.T.);
#4258 = LINE('',#4259,#4260);
#4259 = CARTESIAN_POINT('',(11.5,45.,0.));
#4260 = VECTOR('',#4261,1.);
#4261 = DIRECTION('',(0.,0.,1.));
#4262 = ORIENTED_EDGE('',*,*,#2252,.T.);
#4263 = ORIENTED_EDGE('',*,*,#4257,.T.);
#4264 = CYLINDRICAL_SURFACE('',#4265,2.5);
#4265 = AXIS2_PLACEMENT_3D('',#4266,#4267,#4268);
#4266 = CARTESIAN_POINT('',(9.,45.,0.));
#4267 = DIRECTION('',(0.,0.,1.));
#4268 = DIRECTION('',(1.,0.,0.));
#4269 = ADVANCED_FACE('',(#4270),#4281,.F.);
#4270 = FACE_BOUND('',#4271,.F.);
#4271 = EDGE_LOOP('',(#4272,#4273,#4279,#4280));
#4272 = ORIENTED_EDGE('',*,*,#374,.F.);
#4273 = ORIENTED_EDGE('',*,*,#4274,.F.);
#4274 = EDGE_CURVE('',#2264,#375,#4275,.T.);
#4275 = LINE('',#4276,#4277);
#4276 = CARTESIAN_POINT('',(20.5,45.,0.));
#4277 = VECTOR('',#4278,1.);
#4278 = DIRECTION('',(0.,0.,1.));
#4279 = ORIENTED_EDGE('',*,*,#2263,.T.);
#4280 = ORIENTED_EDGE('',*,*,#4274,.T.);
#4281 = CYLINDRICAL_SURFACE('',#4282,2.5);
#4282 = AXIS2_PLACEMENT_3D('',#4283,#4284,#4285);
#4283 = CARTESIAN_POINT('',(18.,45.,0.));
#4284 = DIRECTION('',(0.,0.,1.));
#4285 = DIRECTION('',(1.,0.,0.));
#4286 = ADVANCED_FACE('',(#4287),#4298,.F.);
#4287 = FACE_BOUND('',#4288,.F.);
#4288 = EDGE_LOOP('',(#4289,#4290,#4296,#4297));
#4289 = ORIENTED_EDGE('',*,*,#385,.F.);
#4290 = ORIENTED_EDGE('',*,*,#4291,.F.);
#4291 = EDGE_CURVE('',#2275,#386,#4292,.T.);
#4292 = LINE('',#4293,#4294);
#4293 = CARTESIAN_POINT('',(29.5,36.,0.));
#4294 = VECTOR('',#4295,1.);
#4295 = DIRECTION('',(0.,0.,1.));
#4296 = ORIENTED_EDGE('',*,*,#2274,.T.);
#4297 = ORIENTED_EDGE('',*,*,#4291,.T.);
#4298 = CYLINDRICAL_SURFACE('',#4299,2.5);
#4299 = AXIS2_PLACEMENT_3D('',#4300,#4301,#4302);
#4300 = CARTESIAN_POINT('',(27.,36.,0.));
#4301 = DIRECTION('',(0.,0.,1.));
#4302 = DIRECTION('',(1.,0.,0.));
#4303 = ADVANCED_FACE('',(#4304),#4315,.F.);
#4304 = FACE_BOUND('',#4305,.F.);
#4305 = EDGE_LOOP('',(#4306,#4307,#4313,#4314));
#4306 = ORIENTED_EDGE('',*,*,#396,.F.);
#4307 = ORIENTED_EDGE('',*,*,#4308,.F.);
#4308 = EDGE_CURVE('',#2286,#397,#4309,.T.);
#4309 = LINE('',#4310,#4311);
#4310 = CARTESIAN_POINT('',(38.5,36.,0.));
#4311 = VECTOR('',#4312,1.);
#4312 = DIRECTION('',(0.,0.,1.));
#4313 = ORIENTED_EDGE('',*,*,#2285,.T.);
#4314 = ORIENTED_EDGE('',*,*,#4308,.T.);
#4315 = CYLINDRICAL_SURFACE('',#4316,2.5);
#4316 = AXIS2_PLACEMENT_3D('',#4317,#4318,#4319);
#4317 = CARTESIAN_POINT('',(36.,36.,0.));
#4318 = DIRECTION('',(0.,0.,1.));
#4319 = DIRECTION('',(1.,0.,0.));
#4320 = ADVANCED_FACE('',(#4321),#4332,.F.);
#4321 = FACE_BOUND('',#4322,.F.);
#4322 = EDGE_LOOP('',(#4323,#4324,#4330,#4331));
#4323 = ORIENTED_EDGE('',*,*,#407,.F.);
#4324 = ORIENTED_EDGE('',*,*,#4325,.F.);
#4325 = EDGE_CURVE('',#2297,#408,#4326,.T.);
#4326 = LINE('',#4327,#4328);
#4327 = CARTESIAN_POINT('',(29.5,45.,0.));
#4328 = VECTOR('',#4329,1.);
#4329 = DIRECTION('',(0.,0.,1.));
#4330 = ORIENTED_EDGE('',*,*,#2296,.T.);
#4331 = ORIENTED_EDGE('',*,*,#4325,.T.);
#4332 = CYLINDRICAL_SURFACE('',#4333,2.5);
#4333 = AXIS2_PLACEMENT_3D('',#4334,#4335,#4336);
#4334 = CARTESIAN_POINT('',(27.,45.,0.));
#4335 = DIRECTION('',(0.,0.,1.));
#4336 = DIRECTION('',(1.,0.,0.));
#4337 = ADVANCED_FACE('',(#4338),#4349,.F.);
#4338 = FACE_BOUND('',#4339,.F.);
#4339 = EDGE_LOOP('',(#4340,#4341,#4347,#4348));
#4340 = ORIENTED_EDGE('',*,*,#418,.F.);
#4341 = ORIENTED_EDGE('',*,*,#4342,.F.);
#4342 = EDGE_CURVE('',#2308,#419,#4343,.T.);
#4343 = LINE('',#4344,#4345);
#4344 = CARTESIAN_POINT('',(38.5,45.,0.));
#4345 = VECTOR('',#4346,1.);
#4346 = DIRECTION('',(0.,0.,1.));
#4347 = ORIENTED_EDGE('',*,*,#2307,.T.);
#4348 = ORIENTED_EDGE('',*,*,#4342,.T.);
#4349 = CYLINDRICAL_SURFACE('',#4350,2.5);
#4350 = AXIS2_PLACEMENT_3D('',#4351,#4352,#4353);
#4351 = CARTESIAN_POINT('',(36.,45.,0.));
#4352 = DIRECTION('',(0.,0.,1.));
#4353 = DIRECTION('',(1.,0.,0.));
#4354 = ADVANCED_FACE('',(#4355),#4366,.F.);
#4355 = FACE_BOUND('',#4356,.F.);
#4356 = EDGE_LOOP('',(#4357,#4358,#4364,#4365));
#4357 = ORIENTED_EDGE('',*,*,#429,.F.);
#4358 = ORIENTED_EDGE('',*,*,#4359,.F.);
#4359 = EDGE_CURVE('',#2319,#430,#4360,.T.);
#4360 = LINE('',#4361,#4362);
#4361 = CARTESIAN_POINT('',(11.5,54.,0.));
#4362 = VECTOR('',#4363,1.);
#4363 = DIRECTION('',(0.,0.,1.));
#4364 = ORIENTED_EDGE('',*,*,#2318,.T.);
#4365 = ORIENTED_EDGE('',*,*,#4359,.T.);
#4366 = CYLINDRICAL_SURFACE('',#4367,2.5);
#4367 = AXIS2_PLACEMENT_3D('',#4368,#4369,#4370);
#4368 = CARTESIAN_POINT('',(9.,54.,0.));
#4369 = DIRECTION('',(0.,0.,1.));
#4370 = DIRECTION('',(1.,0.,0.));
#4371 = ADVANCED_FACE('',(#4372),#4383,.F.);
#4372 = FACE_BOUND('',#4373,.F.);
#4373 = EDGE_LOOP('',(#4374,#4375,#4381,#4382));
#4374 = ORIENTED_EDGE('',*,*,#440,.F.);
#4375 = ORIENTED_EDGE('',*,*,#4376,.F.);
#4376 = EDGE_CURVE('',#2330,#441,#4377,.T.);
#4377 = LINE('',#4378,#4379);
#4378 = CARTESIAN_POINT('',(20.5,54.,0.));
#4379 = VECTOR('',#4380,1.);
#4380 = DIRECTION('',(0.,0.,1.));
#4381 = ORIENTED_EDGE('',*,*,#2329,.T.);
#4382 = ORIENTED_EDGE('',*,*,#4376,.T.);
#4383 = CYLINDRICAL_SURFACE('',#4384,2.5);
#4384 = AXIS2_PLACEMENT_3D('',#4385,#4386,#4387);
#4385 = CARTESIAN_POINT('',(18.,54.,0.));
#4386 = DIRECTION('',(0.,0.,1.));
#4387 = DIRECTION('',(1.,0.,0.));
#4388 = ADVANCED_FACE('',(#4389),#4400,.F.);
#4389 = FACE_BOUND('',#4390,.F.);
#4390 = EDGE_LOOP('',(#4391,#4392,#4398,#4399));
#4391 = ORIENTED_EDGE('',*,*,#451,.F.);
#4392 = ORIENTED_EDGE('',*,*,#4393,.F.);
#4393 = EDGE_CURVE('',#2341,#452,#4394,.T.);
#4394 = LINE('',#4395,#4396);
#4395 = CARTESIAN_POINT('',(29.5,54.,0.));
#4396 = VECTOR('',#4397,1.);
#4397 = DIRECTION('',(0.,0.,1.));
#4398 = ORIENTED_EDGE('',*,*,#2340,.T.);
#4399 = ORIENTED_EDGE('',*,*,#4393,.T.);
#4400 = CYLINDRICAL_SURFACE('',#4401,2.5);
#4401 = AXIS2_PLACEMENT_3D('',#4402,#4403,#4404);
#4402 = CARTESIAN_POINT('',(27.,54.,0.));
#4403 = DIRECTION('',(0.,0.,1.));
#4404 = DIRECTION('',(1.,0.,0.));
#4405 = ADVANCED_FACE('',(#4406),#4417,.F.);
#4406 = FACE_BOUND('',#4407,.F.);
#4407 = EDGE_LOOP('',(#4408,#4409,#4415,#4416));
#4408 = ORIENTED_EDGE('',*,*,#462,.F.);
#4409 = ORIENTED_EDGE('',*,*,#4410,.F.);
#4410 = EDGE_CURVE('',#2352,#463,#4411,.T.);
#4411 = LINE('',#4412,#4413);
#4412 = CARTESIAN_POINT('',(38.5,54.,0.));
#4413 = VECTOR('',#4414,1.);
#4414 = DIRECTION('',(0.,0.,1.));
#4415 = ORIENTED_EDGE('',*,*,#2351,.T.);
#4416 = ORIENTED_EDGE('',*,*,#4410,.T.);
#4417 = CYLINDRICAL_SURFACE('',#4418,2.5);
#4418 = AXIS2_PLACEMENT_3D('',#4419,#4420,#4421);
#4419 = CARTESIAN_POINT('',(36.,54.,0.));
#4420 = DIRECTION('',(0.,0.,1.));
#4421 = DIRECTION('',(1.,0.,0.));
#4422 = ADVANCED_FACE('',(#4423),#4434,.F.);
#4423 = FACE_BOUND('',#4424,.F.);
#4424 = EDGE_LOOP('',(#4425,#4426,#4432,#4433));
#4425 = ORIENTED_EDGE('',*,*,#473,.F.);
#4426 = ORIENTED_EDGE('',*,*,#4427,.F.);
#4427 = EDGE_CURVE('',#2363,#474,#4428,.T.);
#4428 = LINE('',#4429,#4430);
#4429 = CARTESIAN_POINT('',(47.5,36.,0.));
#4430 = VECTOR('',#4431,1.);
#4431 = DIRECTION('',(0.,0.,1.));
#4432 = ORIENTED_EDGE('',*,*,#2362,.T.);
#4433 = ORIENTED_EDGE('',*,*,#4427,.T.);
#4434 = CYLINDRICAL_SURFACE('',#4435,2.5);
#4435 = AXIS2_PLACEMENT_3D('',#4436,#4437,#4438);
#4436 = CARTESIAN_POINT('',(45.,36.,0.));
#4437 = DIRECTION('',(0.,0.,1.));
#4438 = DIRECTION('',(1.,0.,0.));
#4439 = ADVANCED_FACE('',(#4440),#4451,.F.);
#4440 = FACE_BOUND('',#4441,.F.);
#4441 = EDGE_LOOP('',(#4442,#4443,#4449,#4450));
#4442 = ORIENTED_EDGE('',*,*,#484,.F.);
#4443 = ORIENTED_EDGE('',*,*,#4444,.F.);
#4444 = EDGE_CURVE('',#2374,#485,#4445,.T.);
#4445 = LINE('',#4446,#4447);
#4446 = CARTESIAN_POINT('',(47.5,45.,0.));
#4447 = VECTOR('',#4448,1.);
#4448 = DIRECTION('',(0.,0.,1.));
#4449 = ORIENTED_EDGE('',*,*,#2373,.T.);
#4450 = ORIENTED_EDGE('',*,*,#4444,.T.);
#4451 = CYLINDRICAL_SURFACE('',#4452,2.5);
#4452 = AXIS2_PLACEMENT_3D('',#4453,#4454,#4455);
#4453 = CARTESIAN_POINT('',(45.,45.,0.));
#4454 = DIRECTION('',(0.,0.,1.));
#4455 = DIRECTION('',(1.,0.,0.));
#4456 = ADVANCED_FACE('',(#4457),#4468,.F.);
#4457 = FACE_BOUND('',#4458,.F.);
#4458 = EDGE_LOOP('',(#4459,#4460,#4466,#4467));
#4459 = ORIENTED_EDGE('',*,*,#495,.F.);
#4460 = ORIENTED_EDGE('',*,*,#4461,.F.);
#4461 = EDGE_CURVE('',#2385,#496,#4462,.T.);
#4462 = LINE('',#4463,#4464);
#4463 = CARTESIAN_POINT('',(56.5,36.,0.));
#4464 = VECTOR('',#4465,1.);
#4465 = DIRECTION('',(0.,0.,1.));
#4466 = ORIENTED_EDGE('',*,*,#2384,.T.);
#4467 = ORIENTED_EDGE('',*,*,#4461,.T.);
#4468 = CYLINDRICAL_SURFACE('',#4469,2.5);
#4469 = AXIS2_PLACEMENT_3D('',#4470,#4471,#4472);
#4470 = CARTESIAN_POINT('',(54.,36.,0.));
#4471 = DIRECTION('',(0.,0.,1.));
#4472 = DIRECTION('',(1.,0.,0.));
#4473 = ADVANCED_FACE('',(#4474),#4485,.F.);
#4474 = FACE_BOUND('',#4475,.F.);
#4475 = EDGE_LOOP('',(#4476,#4477,#4483,#4484));
#4476 = ORIENTED_EDGE('',*,*,#506,.F.);
#4477 = ORIENTED_EDGE('',*,*,#4478,.F.);
#4478 = EDGE_CURVE('',#2396,#507,#4479,.T.);
#4479 = LINE('',#4480,#4481);
#4480 = CARTESIAN_POINT('',(65.5,36.,0.));
#4481 = VECTOR('',#4482,1.);
#4482 = DIRECTION('',(0.,0.,1.));
#4483 = ORIENTED_EDGE('',*,*,#2395,.T.);
#4484 = ORIENTED_EDGE('',*,*,#4478,.T.);
#4485 = CYLINDRICAL_SURFACE('',#4486,2.5);
#4486 = AXIS2_PLACEMENT_3D('',#4487,#4488,#4489);
#4487 = CARTESIAN_POINT('',(63.,36.,0.));
#4488 = DIRECTION('',(0.,0.,1.));
#4489 = DIRECTION('',(1.,0.,0.));
#4490 = ADVANCED_FACE('',(#4491),#4502,.F.);
#4491 = FACE_BOUND('',#4492,.F.);
#4492 = EDGE_LOOP('',(#4493,#4494,#4500,#4501));
#4493 = ORIENTED_EDGE('',*,*,#517,.F.);
#4494 = ORIENTED_EDGE('',*,*,#4495,.F.);
#4495 = EDGE_CURVE('',#2407,#518,#4496,.T.);
#4496 = LINE('',#4497,#4498);
#4497 = CARTESIAN_POINT('',(56.5,45.,0.));
#4498 = VECTOR('',#4499,1.);
#4499 = DIRECTION('',(0.,0.,1.));
#4500 = ORIENTED_EDGE('',*,*,#2406,.T.);
#4501 = ORIENTED_EDGE('',*,*,#4495,.T.);
#4502 = CYLINDRICAL_SURFACE('',#4503,2.5);
#4503 = AXIS2_PLACEMENT_3D('',#4504,#4505,#4506);
#4504 = CARTESIAN_POINT('',(54.,45.,0.));
#4505 = DIRECTION('',(0.,0.,1.));
#4506 = DIRECTION('',(1.,0.,0.));
#4507 = ADVANCED_FACE('',(#4508),#4519,.F.);
#4508 = FACE_BOUND('',#4509,.F.);
#4509 = EDGE_LOOP('',(#4510,#4511,#4517,#4518));
#4510 = ORIENTED_EDGE('',*,*,#528,.F.);
#4511 = ORIENTED_EDGE('',*,*,#4512,.F.);
#4512 = EDGE_CURVE('',#2418,#529,#4513,.T.);
#4513 = LINE('',#4514,#4515);
#4514 = CARTESIAN_POINT('',(65.5,45.,0.));
#4515 = VECTOR('',#4516,1.);
#4516 = DIRECTION('',(0.,0.,1.));
#4517 = ORIENTED_EDGE('',*,*,#2417,.T.);
#4518 = ORIENTED_EDGE('',*,*,#4512,.T.);
#4519 = CYLINDRICAL_SURFACE('',#4520,2.5);
#4520 = AXIS2_PLACEMENT_3D('',#4521,#4522,#4523);
#4521 = CARTESIAN_POINT('',(63.,45.,0.));
#4522 = DIRECTION('',(0.,0.,1.));
#4523 = DIRECTION('',(1.,0.,0.));
#4524 = ADVANCED_FACE('',(#4525),#4536,.F.);
#4525 = FACE_BOUND('',#4526,.F.);
#4526 = EDGE_LOOP('',(#4527,#4528,#4534,#4535));
#4527 = ORIENTED_EDGE('',*,*,#539,.F.);
#4528 = ORIENTED_EDGE('',*,*,#4529,.F.);
#4529 = EDGE_CURVE('',#2429,#540,#4530,.T.);
#4530 = LINE('',#4531,#4532);
#4531 = CARTESIAN_POINT('',(47.5,54.,0.));
#4532 = VECTOR('',#4533,1.);
#4533 = DIRECTION('',(0.,0.,1.));
#4534 = ORIENTED_EDGE('',*,*,#2428,.T.);
#4535 = ORIENTED_EDGE('',*,*,#4529,.T.);
#4536 = CYLINDRICAL_SURFACE('',#4537,2.5);
#4537 = AXIS2_PLACEMENT_3D('',#4538,#4539,#4540);
#4538 = CARTESIAN_POINT('',(45.,54.,0.));
#4539 = DIRECTION('',(0.,0.,1.));
#4540 = DIRECTION('',(1.,0.,0.));
#4541 = ADVANCED_FACE('',(#4542),#4553,.F.);
#4542 = FACE_BOUND('',#4543,.F.);
#4543 = EDGE_LOOP('',(#4544,#4545,#4551,#4552));
#4544 = ORIENTED_EDGE('',*,*,#550,.F.);
#4545 = ORIENTED_EDGE('',*,*,#4546,.F.);
#4546 = EDGE_CURVE('',#2440,#551,#4547,.T.);
#4547 = LINE('',#4548,#4549);
#4548 = CARTESIAN_POINT('',(56.5,54.,0.));
#4549 = VECTOR('',#4550,1.);
#4550 = DIRECTION('',(0.,0.,1.));
#4551 = ORIENTED_EDGE('',*,*,#2439,.T.);
#4552 = ORIENTED_EDGE('',*,*,#4546,.T.);
#4553 = CYLINDRICAL_SURFACE('',#4554,2.5);
#4554 = AXIS2_PLACEMENT_3D('',#4555,#4556,#4557);
#4555 = CARTESIAN_POINT('',(54.,54.,0.));
#4556 = DIRECTION('',(0.,0.,1.));
#4557 = DIRECTION('',(1.,0.,0.));
#4558 = ADVANCED_FACE('',(#4559),#4570,.F.);
#4559 = FACE_BOUND('',#4560,.F.);
#4560 = EDGE_LOOP('',(#4561,#4562,#4568,#4569));
#4561 = ORIENTED_EDGE('',*,*,#561,.F.);
#4562 = ORIENTED_EDGE('',*,*,#4563,.F.);
#4563 = EDGE_CURVE('',#2451,#562,#4564,.T.);
#4564 = LINE('',#4565,#4566);
#4565 = CARTESIAN_POINT('',(65.5,54.,0.));
#4566 = VECTOR('',#4567,1.);
#4567 = DIRECTION('',(0.,0.,1.));
#4568 = ORIENTED_EDGE('',*,*,#2450,.T.);
#4569 = ORIENTED_EDGE('',*,*,#4563,.T.);
#4570 = CYLINDRICAL_SURFACE('',#4571,2.5);
#4571 = AXIS2_PLACEMENT_3D('',#4572,#4573,#4574);
#4572 = CARTESIAN_POINT('',(63.,54.,0.));
#4573 = DIRECTION('',(0.,0.,1.));
#4574 = DIRECTION('',(1.,0.,0.));
#4575 = ADVANCED_FACE('',(#4576),#4587,.F.);
#4576 = FACE_BOUND('',#4577,.F.);
#4577 = EDGE_LOOP('',(#4578,#4579,#4585,#4586));
#4578 = ORIENTED_EDGE('',*,*,#572,.F.);
#4579 = ORIENTED_EDGE('',*,*,#4580,.F.);
#4580 = EDGE_CURVE('',#2462,#573,#4581,.T.);
#4581 = LINE('',#4582,#4583);
#4582 = CARTESIAN_POINT('',(74.5,9.,0.));
#4583 = VECTOR('',#4584,1.);
#4584 = DIRECTION('',(0.,0.,1.));
#4585 = ORIENTED_EDGE('',*,*,#2461,.T.);
#4586 = ORIENTED_EDGE('',*,*,#4580,.T.);
#4587 = CYLINDRICAL_SURFACE('',#4588,2.5);
#4588 = AXIS2_PLACEMENT_3D('',#4589,#4590,#4591);
#4589 = CARTESIAN_POINT('',(72.,9.,0.));
#4590 = DIRECTION('',(0.,0.,1.));
#4591 = DIRECTION('',(1.,0.,0.));
#4592 = ADVANCED_FACE('',(#4593),#4604,.F.);
#4593 = FACE_BOUND('',#4594,.F.);
#4594 = EDGE_LOOP('',(#4595,#4596,#4602,#4603));
#4595 = ORIENTED_EDGE('',*,*,#583,.F.);
#4596 = ORIENTED_EDGE('',*,*,#4597,.F.);
#4597 = EDGE_CURVE('',#2473,#584,#4598,.T.);
#4598 = LINE('',#4599,#4600);
#4599 = CARTESIAN_POINT('',(83.5,9.,0.));
#4600 = VECTOR('',#4601,1.);
#4601 = DIRECTION('',(0.,0.,1.));
#4602 = ORIENTED_EDGE('',*,*,#2472,.T.);
#4603 = ORIENTED_EDGE('',*,*,#4597,.T.);
#4604 = CYLINDRICAL_SURFACE('',#4605,2.5);
#4605 = AXIS2_PLACEMENT_3D('',#4606,#4607,#4608);
#4606 = CARTESIAN_POINT('',(81.,9.,0.));
#4607 = DIRECTION('',(0.,0.,1.));
#4608 = DIRECTION('',(1.,0.,0.));
#4609 = ADVANCED_FACE('',(#4610),#4621,.F.);
#4610 = FACE_BOUND('',#4611,.F.);
#4611 = EDGE_LOOP('',(#4612,#4613,#4619,#4620));
#4612 = ORIENTED_EDGE('',*,*,#594,.F.);
#4613 = ORIENTED_EDGE('',*,*,#4614,.F.);
#4614 = EDGE_CURVE('',#2484,#595,#4615,.T.);
#4615 = LINE('',#4616,#4617);
#4616 = CARTESIAN_POINT('',(74.5,18.,0.));
#4617 = VECTOR('',#4618,1.);
#4618 = DIRECTION('',(0.,0.,1.));
#4619 = ORIENTED_EDGE('',*,*,#2483,.T.);
#4620 = ORIENTED_EDGE('',*,*,#4614,.T.);
#4621 = CYLINDRICAL_SURFACE('',#4622,2.5);
#4622 = AXIS2_PLACEMENT_3D('',#4623,#4624,#4625);
#4623 = CARTESIAN_POINT('',(72.,18.,0.));
#4624 = DIRECTION('',(0.,0.,1.));
#4625 = DIRECTION('',(1.,0.,0.));
#4626 = ADVANCED_FACE('',(#4627),#4638,.F.);
#4627 = FACE_BOUND('',#4628,.F.);
#4628 = EDGE_LOOP('',(#4629,#4630,#4636,#4637));
#4629 = ORIENTED_EDGE('',*,*,#605,.F.);
#4630 = ORIENTED_EDGE('',*,*,#4631,.F.);
#4631 = EDGE_CURVE('',#2495,#606,#4632,.T.);
#4632 = LINE('',#4633,#4634);
#4633 = CARTESIAN_POINT('',(83.5,18.,0.));
#4634 = VECTOR('',#4635,1.);
#4635 = DIRECTION('',(0.,0.,1.));
#4636 = ORIENTED_EDGE('',*,*,#2494,.T.);
#4637 = ORIENTED_EDGE('',*,*,#4631,.T.);
#4638 = CYLINDRICAL_SURFACE('',#4639,2.5);
#4639 = AXIS2_PLACEMENT_3D('',#4640,#4641,#4642);
#4640 = CARTESIAN_POINT('',(81.,18.,0.));
#4641 = DIRECTION('',(0.,0.,1.));
#4642 = DIRECTION('',(1.,0.,0.));
#4643 = ADVANCED_FACE('',(#4644),#4655,.F.);
#4644 = FACE_BOUND('',#4645,.F.);
#4645 = EDGE_LOOP('',(#4646,#4647,#4653,#4654));
#4646 = ORIENTED_EDGE('',*,*,#616,.F.);
#4647 = ORIENTED_EDGE('',*,*,#4648,.F.);
#4648 = EDGE_CURVE('',#2506,#617,#4649,.T.);
#4649 = LINE('',#4650,#4651);
#4650 = CARTESIAN_POINT('',(92.5,9.,0.));
#4651 = VECTOR('',#4652,1.);
#4652 = DIRECTION('',(0.,0.,1.));
#4653 = ORIENTED_EDGE('',*,*,#2505,.T.);
#4654 = ORIENTED_EDGE('',*,*,#4648,.T.);
#4655 = CYLINDRICAL_SURFACE('',#4656,2.5);
#4656 = AXIS2_PLACEMENT_3D('',#4657,#4658,#4659);
#4657 = CARTESIAN_POINT('',(90.,9.,0.));
#4658 = DIRECTION('',(0.,0.,1.));
#4659 = DIRECTION('',(1.,0.,0.));
#4660 = ADVANCED_FACE('',(#4661),#4672,.F.);
#4661 = FACE_BOUND('',#4662,.F.);
#4662 = EDGE_LOOP('',(#4663,#4664,#4670,#4671));
#4663 = ORIENTED_EDGE('',*,*,#627,.F.);
#4664 = ORIENTED_EDGE('',*,*,#4665,.F.);
#4665 = EDGE_CURVE('',#2517,#628,#4666,.T.);
#4666 = LINE('',#4667,#4668);
#4667 = CARTESIAN_POINT('',(92.5,18.,0.));
#4668 = VECTOR('',#4669,1.);
#4669 = DIRECTION('',(0.,0.,1.));
#4670 = ORIENTED_EDGE('',*,*,#2516,.T.);
#4671 = ORIENTED_EDGE('',*,*,#4665,.T.);
#4672 = CYLINDRICAL_SURFACE('',#4673,2.5);
#4673 = AXIS2_PLACEMENT_3D('',#4674,#4675,#4676);
#4674 = CARTESIAN_POINT('',(90.,18.,0.));
#4675 = DIRECTION('',(0.,0.,1.));
#4676 = DIRECTION('',(1.,0.,0.));
#4677 = ADVANCED_FACE('',(#4678),#4689,.F.);
#4678 = FACE_BOUND('',#4679,.F.);
#4679 = EDGE_LOOP('',(#4680,#4681,#4687,#4688));
#4680 = ORIENTED_EDGE('',*,*,#638,.F.);
#4681 = ORIENTED_EDGE('',*,*,#4682,.F.);
#4682 = EDGE_CURVE('',#2528,#639,#4683,.T.);
#4683 = LINE('',#4684,#4685);
#4684 = CARTESIAN_POINT('',(74.5,27.,0.));
#4685 = VECTOR('',#4686,1.);
#4686 = DIRECTION('',(0.,0.,1.));
#4687 = ORIENTED_EDGE('',*,*,#2527,.T.);
#4688 = ORIENTED_EDGE('',*,*,#4682,.T.);
#4689 = CYLINDRICAL_SURFACE('',#4690,2.5);
#4690 = AXIS2_PLACEMENT_3D('',#4691,#4692,#4693);
#4691 = CARTESIAN_POINT('',(72.,27.,0.));
#4692 = DIRECTION('',(0.,0.,1.));
#4693 = DIRECTION('',(1.,0.,0.));
#4694 = ADVANCED_FACE('',(#4695),#4706,.F.);
#4695 = FACE_BOUND('',#4696,.F.);
#4696 = EDGE_LOOP('',(#4697,#4698,#4704,#4705));
#4697 = ORIENTED_EDGE('',*,*,#649,.F.);
#4698 = ORIENTED_EDGE('',*,*,#4699,.F.);
#4699 = EDGE_CURVE('',#2539,#650,#4700,.T.);
#4700 = LINE('',#4701,#4702);
#4701 = CARTESIAN_POINT('',(83.5,27.,0.));
#4702 = VECTOR('',#4703,1.);
#4703 = DIRECTION('',(0.,0.,1.));
#4704 = ORIENTED_EDGE('',*,*,#2538,.T.);
#4705 = ORIENTED_EDGE('',*,*,#4699,.T.);
#4706 = CYLINDRICAL_SURFACE('',#4707,2.5);
#4707 = AXIS2_PLACEMENT_3D('',#4708,#4709,#4710);
#4708 = CARTESIAN_POINT('',(81.,27.,0.));
#4709 = DIRECTION('',(0.,0.,1.));
#4710 = DIRECTION('',(1.,0.,0.));
#4711 = ADVANCED_FACE('',(#4712),#4723,.F.);
#4712 = FACE_BOUND('',#4713,.F.);
#4713 = EDGE_LOOP('',(#4714,#4715,#4721,#4722));
#4714 = ORIENTED_EDGE('',*,*,#660,.F.);
#4715 = ORIENTED_EDGE('',*,*,#4716,.F.);
#4716 = EDGE_CURVE('',#2550,#661,#4717,.T.);
#4717 = LINE('',#4718,#4719);
#4718 = CARTESIAN_POINT('',(92.5,27.,0.));
#4719 = VECTOR('',#4720,1.);
#4720 = DIRECTION('',(0.,0.,1.));
#4721 = ORIENTED_EDGE('',*,*,#2549,.T.);
#4722 = ORIENTED_EDGE('',*,*,#4716,.T.);
#4723 = CYLINDRICAL_SURFACE('',#4724,2.5);
#4724 = AXIS2_PLACEMENT_3D('',#4725,#4726,#4727);
#4725 = CARTESIAN_POINT('',(90.,27.,0.));
#4726 = DIRECTION('',(0.,0.,1.));
#4727 = DIRECTION('',(1.,0.,0.));
#4728 = ADVANCED_FACE('',(#4729),#4740,.F.);
#4729 = FACE_BOUND('',#4730,.F.);
#4730 = EDGE_LOOP('',(#4731,#4732,#4738,#4739));
#4731 = ORIENTED_EDGE('',*,*,#671,.F.);
#4732 = ORIENTED_EDGE('',*,*,#4733,.F.);
#4733 = EDGE_CURVE('',#2561,#672,#4734,.T.);
#4734 = LINE('',#4735,#4736);
#4735 = CARTESIAN_POINT('',(101.5,9.,0.));
#4736 = VECTOR('',#4737,1.);
#4737 = DIRECTION('',(0.,0.,1.));
#4738 = ORIENTED_EDGE('',*,*,#2560,.T.);
#4739 = ORIENTED_EDGE('',*,*,#4733,.T.);
#4740 = CYLINDRICAL_SURFACE('',#4741,2.5);
#4741 = AXIS2_PLACEMENT_3D('',#4742,#4743,#4744);
#4742 = CARTESIAN_POINT('',(99.,9.,0.));
#4743 = DIRECTION('',(0.,0.,1.));
#4744 = DIRECTION('',(1.,0.,0.));
#4745 = ADVANCED_FACE('',(#4746),#4757,.F.);
#4746 = FACE_BOUND('',#4747,.F.);
#4747 = EDGE_LOOP('',(#4748,#4749,#4755,#4756));
#4748 = ORIENTED_EDGE('',*,*,#682,.F.);
#4749 = ORIENTED_EDGE('',*,*,#4750,.F.);
#4750 = EDGE_CURVE('',#2572,#683,#4751,.T.);
#4751 = LINE('',#4752,#4753);
#4752 = CARTESIAN_POINT('',(110.5,9.,0.));
#4753 = VECTOR('',#4754,1.);
#4754 = DIRECTION('',(0.,0.,1.));
#4755 = ORIENTED_EDGE('',*,*,#2571,.T.);
#4756 = ORIENTED_EDGE('',*,*,#4750,.T.);
#4757 = CYLINDRICAL_SURFACE('',#4758,2.5);
#4758 = AXIS2_PLACEMENT_3D('',#4759,#4760,#4761);
#4759 = CARTESIAN_POINT('',(108.,9.,0.));
#4760 = DIRECTION('',(0.,0.,1.));
#4761 = DIRECTION('',(1.,0.,0.));
#4762 = ADVANCED_FACE('',(#4763),#4774,.F.);
#4763 = FACE_BOUND('',#4764,.F.);
#4764 = EDGE_LOOP('',(#4765,#4766,#4772,#4773));
#4765 = ORIENTED_EDGE('',*,*,#693,.F.);
#4766 = ORIENTED_EDGE('',*,*,#4767,.F.);
#4767 = EDGE_CURVE('',#2583,#694,#4768,.T.);
#4768 = LINE('',#4769,#4770);
#4769 = CARTESIAN_POINT('',(101.5,18.,0.));
#4770 = VECTOR('',#4771,1.);
#4771 = DIRECTION('',(0.,0.,1.));
#4772 = ORIENTED_EDGE('',*,*,#2582,.T.);
#4773 = ORIENTED_EDGE('',*,*,#4767,.T.);
#4774 = CYLINDRICAL_SURFACE('',#4775,2.5);
#4775 = AXIS2_PLACEMENT_3D('',#4776,#4777,#4778);
#4776 = CARTESIAN_POINT('',(99.,18.,0.));
#4777 = DIRECTION('',(0.,0.,1.));
#4778 = DIRECTION('',(1.,0.,0.));
#4779 = ADVANCED_FACE('',(#4780),#4791,.F.);
#4780 = FACE_BOUND('',#4781,.F.);
#4781 = EDGE_LOOP('',(#4782,#4783,#4789,#4790));
#4782 = ORIENTED_EDGE('',*,*,#704,.F.);
#4783 = ORIENTED_EDGE('',*,*,#4784,.F.);
#4784 = EDGE_CURVE('',#2594,#705,#4785,.T.);
#4785 = LINE('',#4786,#4787);
#4786 = CARTESIAN_POINT('',(110.5,18.,0.));
#4787 = VECTOR('',#4788,1.);
#4788 = DIRECTION('',(0.,0.,1.));
#4789 = ORIENTED_EDGE('',*,*,#2593,.T.);
#4790 = ORIENTED_EDGE('',*,*,#4784,.T.);
#4791 = CYLINDRICAL_SURFACE('',#4792,2.5);
#4792 = AXIS2_PLACEMENT_3D('',#4793,#4794,#4795);
#4793 = CARTESIAN_POINT('',(108.,18.,0.));
#4794 = DIRECTION('',(0.,0.,1.));
#4795 = DIRECTION('',(1.,0.,0.));
#4796 = ADVANCED_FACE('',(#4797),#4808,.F.);
#4797 = FACE_BOUND('',#4798,.F.);
#4798 = EDGE_LOOP('',(#4799,#4800,#4806,#4807));
#4799 = ORIENTED_EDGE('',*,*,#715,.F.);
#4800 = ORIENTED_EDGE('',*,*,#4801,.F.);
#4801 = EDGE_CURVE('',#2605,#716,#4802,.T.);
#4802 = LINE('',#4803,#4804);
#4803 = CARTESIAN_POINT('',(119.5,9.,0.));
#4804 = VECTOR('',#4805,1.);
#4805 = DIRECTION('',(0.,0.,1.));
#4806 = ORIENTED_EDGE('',*,*,#2604,.T.);
#4807 = ORIENTED_EDGE('',*,*,#4801,.T.);
#4808 = CYLINDRICAL_SURFACE('',#4809,2.5);
#4809 = AXIS2_PLACEMENT_3D('',#4810,#4811,#4812);
#4810 = CARTESIAN_POINT('',(117.,9.,0.));
#4811 = DIRECTION('',(0.,0.,1.));
#4812 = DIRECTION('',(1.,0.,0.));
#4813 = ADVANCED_FACE('',(#4814),#4825,.F.);
#4814 = FACE_BOUND('',#4815,.F.);
#4815 = EDGE_LOOP('',(#4816,#4817,#4823,#4824));
#4816 = ORIENTED_EDGE('',*,*,#726,.F.);
#4817 = ORIENTED_EDGE('',*,*,#4818,.F.);
#4818 = EDGE_CURVE('',#2616,#727,#4819,.T.);
#4819 = LINE('',#4820,#4821);
#4820 = CARTESIAN_POINT('',(128.5,9.,0.));
#4821 = VECTOR('',#4822,1.);
#4822 = DIRECTION('',(0.,0.,1.));
#4823 = ORIENTED_EDGE('',*,*,#2615,.T.);
#4824 = ORIENTED_EDGE('',*,*,#4818,.T.);
#4825 = CYLINDRICAL_SURFACE('',#4826,2.5);
#4826 = AXIS2_PLACEMENT_3D('',#4827,#4828,#4829);
#4827 = CARTESIAN_POINT('',(126.,9.,0.));
#4828 = DIRECTION('',(0.,0.,1.));
#4829 = DIRECTION('',(1.,0.,0.));
#4830 = ADVANCED_FACE('',(#4831),#4842,.F.);
#4831 = FACE_BOUND('',#4832,.F.);
#4832 = EDGE_LOOP('',(#4833,#4834,#4840,#4841));
#4833 = ORIENTED_EDGE('',*,*,#737,.F.);
#4834 = ORIENTED_EDGE('',*,*,#4835,.F.);
#4835 = EDGE_CURVE('',#2627,#738,#4836,.T.);
#4836 = LINE('',#4837,#4838);
#4837 = CARTESIAN_POINT('',(119.5,18.,0.));
#4838 = VECTOR('',#4839,1.);
#4839 = DIRECTION('',(0.,0.,1.));
#4840 = ORIENTED_EDGE('',*,*,#2626,.T.);
#4841 = ORIENTED_EDGE('',*,*,#4835,.T.);
#4842 = CYLINDRICAL_SURFACE('',#4843,2.5);
#4843 = AXIS2_PLACEMENT_3D('',#4844,#4845,#4846);
#4844 = CARTESIAN_POINT('',(117.,18.,0.));
#4845 = DIRECTION('',(0.,0.,1.));
#4846 = DIRECTION('',(1.,0.,0.));
#4847 = ADVANCED_FACE('',(#4848),#4859,.F.);
#4848 = FACE_BOUND('',#4849,.F.);
#4849 = EDGE_LOOP('',(#4850,#4851,#4857,#4858));
#4850 = ORIENTED_EDGE('',*,*,#748,.F.);
#4851 = ORIENTED_EDGE('',*,*,#4852,.F.);
#4852 = EDGE_CURVE('',#2638,#749,#4853,.T.);
#4853 = LINE('',#4854,#4855);
#4854 = CARTESIAN_POINT('',(128.5,18.,0.));
#4855 = VECTOR('',#4856,1.);
#4856 = DIRECTION('',(0.,0.,1.));
#4857 = ORIENTED_EDGE('',*,*,#2637,.T.);
#4858 = ORIENTED_EDGE('',*,*,#4852,.T.);
#4859 = CYLINDRICAL_SURFACE('',#4860,2.5);
#4860 = AXIS2_PLACEMENT_3D('',#4861,#4862,#4863);
#4861 = CARTESIAN_POINT('',(126.,18.,0.));
#4862 = DIRECTION('',(0.,0.,1.));
#4863 = DIRECTION('',(1.,0.,0.));
#4864 = ADVANCED_FACE('',(#4865),#4876,.F.);
#4865 = FACE_BOUND('',#4866,.F.);
#4866 = EDGE_LOOP('',(#4867,#4868,#4874,#4875));
#4867 = ORIENTED_EDGE('',*,*,#759,.F.);
#4868 = ORIENTED_EDGE('',*,*,#4869,.F.);
#4869 = EDGE_CURVE('',#2649,#760,#4870,.T.);
#4870 = LINE('',#4871,#4872);
#4871 = CARTESIAN_POINT('',(101.5,27.,0.));
#4872 = VECTOR('',#4873,1.);
#4873 = DIRECTION('',(0.,0.,1.));
#4874 = ORIENTED_EDGE('',*,*,#2648,.T.);
#4875 = ORIENTED_EDGE('',*,*,#4869,.T.);
#4876 = CYLINDRICAL_SURFACE('',#4877,2.5);
#4877 = AXIS2_PLACEMENT_3D('',#4878,#4879,#4880);
#4878 = CARTESIAN_POINT('',(99.,27.,0.));
#4879 = DIRECTION('',(0.,0.,1.));
#4880 = DIRECTION('',(1.,0.,0.));
#4881 = ADVANCED_FACE('',(#4882),#4893,.F.);
#4882 = FACE_BOUND('',#4883,.F.);
#4883 = EDGE_LOOP('',(#4884,#4885,#4891,#4892));
#4884 = ORIENTED_EDGE('',*,*,#770,.F.);
#4885 = ORIENTED_EDGE('',*,*,#4886,.F.);
#4886 = EDGE_CURVE('',#2660,#771,#4887,.T.);
#4887 = LINE('',#4888,#4889);
#4888 = CARTESIAN_POINT('',(110.5,27.,0.));
#4889 = VECTOR('',#4890,1.);
#4890 = DIRECTION('',(0.,0.,1.));
#4891 = ORIENTED_EDGE('',*,*,#2659,.T.);
#4892 = ORIENTED_EDGE('',*,*,#4886,.T.);
#4893 = CYLINDRICAL_SURFACE('',#4894,2.5);
#4894 = AXIS2_PLACEMENT_3D('',#4895,#4896,#4897);
#4895 = CARTESIAN_POINT('',(108.,27.,0.));
#4896 = DIRECTION('',(0.,0.,1.));
#4897 = DIRECTION('',(1.,0.,0.));
#4898 = ADVANCED_FACE('',(#4899),#4910,.F.);
#4899 = FACE_BOUND('',#4900,.F.);
#4900 = EDGE_LOOP('',(#4901,#4902,#4908,#4909));
#4901 = ORIENTED_EDGE('',*,*,#781,.F.);
#4902 = ORIENTED_EDGE('',*,*,#4903,.F.);
#4903 = EDGE_CURVE('',#2671,#782,#4904,.T.);
#4904 = LINE('',#4905,#4906);
#4905 = CARTESIAN_POINT('',(119.5,27.,0.));
#4906 = VECTOR('',#4907,1.);
#4907 = DIRECTION('',(0.,0.,1.));
#4908 = ORIENTED_EDGE('',*,*,#2670,.T.);
#4909 = ORIENTED_EDGE('',*,*,#4903,.T.);
#4910 = CYLINDRICAL_SURFACE('',#4911,2.5);
#4911 = AXIS2_PLACEMENT_3D('',#4912,#4913,#4914);
#4912 = CARTESIAN_POINT('',(117.,27.,0.));
#4913 = DIRECTION('',(0.,0.,1.));
#4914 = DIRECTION('',(1.,0.,0.));
#4915 = ADVANCED_FACE('',(#4916),#4927,.F.);
#4916 = FACE_BOUND('',#4917,.F.);
#4917 = EDGE_LOOP('',(#4918,#4919,#4925,#4926));
#4918 = ORIENTED_EDGE('',*,*,#792,.F.);
#4919 = ORIENTED_EDGE('',*,*,#4920,.F.);
#4920 = EDGE_CURVE('',#2682,#793,#4921,.T.);
#4921 = LINE('',#4922,#4923);
#4922 = CARTESIAN_POINT('',(128.5,27.,0.));
#4923 = VECTOR('',#4924,1.);
#4924 = DIRECTION('',(0.,0.,1.));
#4925 = ORIENTED_EDGE('',*,*,#2681,.T.);
#4926 = ORIENTED_EDGE('',*,*,#4920,.T.);
#4927 = CYLINDRICAL_SURFACE('',#4928,2.5);
#4928 = AXIS2_PLACEMENT_3D('',#4929,#4930,#4931);
#4929 = CARTESIAN_POINT('',(126.,27.,0.));
#4930 = DIRECTION('',(0.,0.,1.));
#4931 = DIRECTION('',(1.,0.,0.));
#4932 = ADVANCED_FACE('',(#4933),#4944,.F.);
#4933 = FACE_BOUND('',#4934,.F.);
#4934 = EDGE_LOOP('',(#4935,#4936,#4942,#4943));
#4935 = ORIENTED_EDGE('',*,*,#803,.F.);
#4936 = ORIENTED_EDGE('',*,*,#4937,.F.);
#4937 = EDGE_CURVE('',#2693,#804,#4938,.T.);
#4938 = LINE('',#4939,#4940);
#4939 = CARTESIAN_POINT('',(74.5,36.,0.));
#4940 = VECTOR('',#4941,1.);
#4941 = DIRECTION('',(0.,0.,1.));
#4942 = ORIENTED_EDGE('',*,*,#2692,.T.);
#4943 = ORIENTED_EDGE('',*,*,#4937,.T.);
#4944 = CYLINDRICAL_SURFACE('',#4945,2.5);
#4945 = AXIS2_PLACEMENT_3D('',#4946,#4947,#4948);
#4946 = CARTESIAN_POINT('',(72.,36.,0.));
#4947 = DIRECTION('',(0.,0.,1.));
#4948 = DIRECTION('',(1.,0.,0.));
#4949 = ADVANCED_FACE('',(#4950),#4961,.F.);
#4950 = FACE_BOUND('',#4951,.F.);
#4951 = EDGE_LOOP('',(#4952,#4953,#4959,#4960));
#4952 = ORIENTED_EDGE('',*,*,#814,.F.);
#4953 = ORIENTED_EDGE('',*,*,#4954,.F.);
#4954 = EDGE_CURVE('',#2704,#815,#4955,.T.);
#4955 = LINE('',#4956,#4957);
#4956 = CARTESIAN_POINT('',(83.5,36.,0.));
#4957 = VECTOR('',#4958,1.);
#4958 = DIRECTION('',(0.,0.,1.));
#4959 = ORIENTED_EDGE('',*,*,#2703,.T.);
#4960 = ORIENTED_EDGE('',*,*,#4954,.T.);
#4961 = CYLINDRICAL_SURFACE('',#4962,2.5);
#4962 = AXIS2_PLACEMENT_3D('',#4963,#4964,#4965);
#4963 = CARTESIAN_POINT('',(81.,36.,0.));
#4964 = DIRECTION('',(0.,0.,1.));
#4965 = DIRECTION('',(1.,0.,0.));
#4966 = ADVANCED_FACE('',(#4967),#4978,.F.);
#4967 = FACE_BOUND('',#4968,.F.);
#4968 = EDGE_LOOP('',(#4969,#4970,#4976,#4977));
#4969 = ORIENTED_EDGE('',*,*,#825,.F.);
#4970 = ORIENTED_EDGE('',*,*,#4971,.F.);
#4971 = EDGE_CURVE('',#2715,#826,#4972,.T.);
#4972 = LINE('',#4973,#4974);
#4973 = CARTESIAN_POINT('',(74.5,45.,0.));
#4974 = VECTOR('',#4975,1.);
#4975 = DIRECTION('',(0.,0.,1.));
#4976 = ORIENTED_EDGE('',*,*,#2714,.T.);
#4977 = ORIENTED_EDGE('',*,*,#4971,.T.);
#4978 = CYLINDRICAL_SURFACE('',#4979,2.5);
#4979 = AXIS2_PLACEMENT_3D('',#4980,#4981,#4982);
#4980 = CARTESIAN_POINT('',(72.,45.,0.));
#4981 = DIRECTION('',(0.,0.,1.));
#4982 = DIRECTION('',(1.,0.,0.));
#4983 = ADVANCED_FACE('',(#4984),#4995,.F.);
#4984 = FACE_BOUND('',#4985,.F.);
#4985 = EDGE_LOOP('',(#4986,#4987,#4993,#4994));
#4986 = ORIENTED_EDGE('',*,*,#836,.F.);
#4987 = ORIENTED_EDGE('',*,*,#4988,.F.);
#4988 = EDGE_CURVE('',#2726,#837,#4989,.T.);
#4989 = LINE('',#4990,#4991);
#4990 = CARTESIAN_POINT('',(83.5,45.,0.));
#4991 = VECTOR('',#4992,1.);
#4992 = DIRECTION('',(0.,0.,1.));
#4993 = ORIENTED_EDGE('',*,*,#2725,.T.);
#4994 = ORIENTED_EDGE('',*,*,#4988,.T.);
#4995 = CYLINDRICAL_SURFACE('',#4996,2.5);
#4996 = AXIS2_PLACEMENT_3D('',#4997,#4998,#4999);
#4997 = CARTESIAN_POINT('',(81.,45.,0.));
#4998 = DIRECTION('',(0.,0.,1.));
#4999 = DIRECTION('',(1.,0.,0.));
#5000 = ADVANCED_FACE('',(#5001),#5012,.F.);
#5001 = FACE_BOUND('',#5002,.F.);
#5002 = EDGE_LOOP('',(#5003,#5004,#5010,#5011));
#5003 = ORIENTED_EDGE('',*,*,#847,.F.);
#5004 = ORIENTED_EDGE('',*,*,#5005,.F.);
#5005 = EDGE_CURVE('',#2737,#848,#5006,.T.);
#5006 = LINE('',#5007,#5008);
#5007 = CARTESIAN_POINT('',(92.5,36.,0.));
#5008 = VECTOR('',#5009,1.);
#5009 = DIRECTION('',(0.,0.,1.));
#5010 = ORIENTED_EDGE('',*,*,#2736,.T.);
#5011 = ORIENTED_EDGE('',*,*,#5005,.T.);
#5012 = CYLINDRICAL_SURFACE('',#5013,2.5);
#5013 = AXIS2_PLACEMENT_3D('',#5014,#5015,#5016);
#5014 = CARTESIAN_POINT('',(90.,36.,0.));
#5015 = DIRECTION('',(0.,0.,1.));
#5016 = DIRECTION('',(1.,0.,0.));
#5017 = ADVANCED_FACE('',(#5018),#5029,.F.);
#5018 = FACE_BOUND('',#5019,.F.);
#5019 = EDGE_LOOP('',(#5020,#5021,#5027,#5028));
#5020 = ORIENTED_EDGE('',*,*,#858,.F.);
#5021 = ORIENTED_EDGE('',*,*,#5022,.F.);
#5022 = EDGE_CURVE('',#2748,#859,#5023,.T.);
#5023 = LINE('',#5024,#5025);
#5024 = CARTESIAN_POINT('',(92.5,45.,0.));
#5025 = VECTOR('',#5026,1.);
#5026 = DIRECTION('',(0.,0.,1.));
#5027 = ORIENTED_EDGE('',*,*,#2747,.T.);
#5028 = ORIENTED_EDGE('',*,*,#5022,.T.);
#5029 = CYLINDRICAL_SURFACE('',#5030,2.5);
#5030 = AXIS2_PLACEMENT_3D('',#5031,#5032,#5033);
#5031 = CARTESIAN_POINT('',(90.,45.,0.));
#5032 = DIRECTION('',(0.,0.,1.));
#5033 = DIRECTION('',(1.,0.,0.));
#5034 = ADVANCED_FACE('',(#5035),#5046,.F.);
#5035 = FACE_BOUND('',#5036,.F.);
#5036 = EDGE_LOOP('',(#5037,#5038,#5044,#5045));
#5037 = ORIENTED_EDGE('',*,*,#869,.F.);
#5038 = ORIENTED_EDGE('',*,*,#5039,.F.);
#5039 = EDGE_CURVE('',#2759,#870,#5040,.T.);
#5040 = LINE('',#5041,#5042);
#5041 = CARTESIAN_POINT('',(74.5,54.,0.));
#5042 = VECTOR('',#5043,1.);
#5043 = DIRECTION('',(0.,0.,1.));
#5044 = ORIENTED_EDGE('',*,*,#2758,.T.);
#5045 = ORIENTED_EDGE('',*,*,#5039,.T.);
#5046 = CYLINDRICAL_SURFACE('',#5047,2.5);
#5047 = AXIS2_PLACEMENT_3D('',#5048,#5049,#5050);
#5048 = CARTESIAN_POINT('',(72.,54.,0.));
#5049 = DIRECTION('',(0.,0.,1.));
#5050 = DIRECTION('',(1.,0.,0.));
#5051 = ADVANCED_FACE('',(#5052),#5063,.F.);
#5052 = FACE_BOUND('',#5053,.F.);
#5053 = EDGE_LOOP('',(#5054,#5055,#5061,#5062));
#5054 = ORIENTED_EDGE('',*,*,#880,.F.);
#5055 = ORIENTED_EDGE('',*,*,#5056,.F.);
#5056 = EDGE_CURVE('',#2770,#881,#5057,.T.);
#5057 = LINE('',#5058,#5059);
#5058 = CARTESIAN_POINT('',(83.5,54.,0.));
#5059 = VECTOR('',#5060,1.);
#5060 = DIRECTION('',(0.,0.,1.));
#5061 = ORIENTED_EDGE('',*,*,#2769,.T.);
#5062 = ORIENTED_EDGE('',*,*,#5056,.T.);
#5063 = CYLINDRICAL_SURFACE('',#5064,2.5);
#5064 = AXIS2_PLACEMENT_3D('',#5065,#5066,#5067);
#5065 = CARTESIAN_POINT('',(81.,54.,0.));
#5066 = DIRECTION('',(0.,0.,1.));
#5067 = DIRECTION('',(1.,0.,0.));
#5068 = ADVANCED_FACE('',(#5069),#5080,.F.);
#5069 = FACE_BOUND('',#5070,.F.);
#5070 = EDGE_LOOP('',(#5071,#5072,#5078,#5079));
#5071 = ORIENTED_EDGE('',*,*,#891,.F.);
#5072 = ORIENTED_EDGE('',*,*,#5073,.F.);
#5073 = EDGE_CURVE('',#2781,#892,#5074,.T.);
#5074 = LINE('',#5075,#5076);
#5075 = CARTESIAN_POINT('',(92.5,54.,0.));
#5076 = VECTOR('',#5077,1.);
#5077 = DIRECTION('',(0.,0.,1.));
#5078 = ORIENTED_EDGE('',*,*,#2780,.T.);
#5079 = ORIENTED_EDGE('',*,*,#5073,.T.);
#5080 = CYLINDRICAL_SURFACE('',#5081,2.5);
#5081 = AXIS2_PLACEMENT_3D('',#5082,#5083,#5084);
#5082 = CARTESIAN_POINT('',(90.,54.,0.));
#5083 = DIRECTION('',(0.,0.,1.));
#5084 = DIRECTION('',(1.,0.,0.));
#5085 = ADVANCED_FACE('',(#5086),#5097,.F.);
#5086 = FACE_BOUND('',#5087,.F.);
#5087 = EDGE_LOOP('',(#5088,#5089,#5095,#5096));
#5088 = ORIENTED_EDGE('',*,*,#902,.F.);
#5089 = ORIENTED_EDGE('',*,*,#5090,.F.);
#5090 = EDGE_CURVE('',#2792,#903,#5091,.T.);
#5091 = LINE('',#5092,#5093);
#5092 = CARTESIAN_POINT('',(101.5,36.,0.));
#5093 = VECTOR('',#5094,1.);
#5094 = DIRECTION('',(0.,0.,1.));
#5095 = ORIENTED_EDGE('',*,*,#2791,.T.);
#5096 = ORIENTED_EDGE('',*,*,#5090,.T.);
#5097 = CYLINDRICAL_SURFACE('',#5098,2.5);
#5098 = AXIS2_PLACEMENT_3D('',#5099,#5100,#5101);
#5099 = CARTESIAN_POINT('',(99.,36.,0.));
#5100 = DIRECTION('',(0.,0.,1.));
#5101 = DIRECTION('',(1.,0.,0.));
#5102 = ADVANCED_FACE('',(#5103),#5114,.F.);
#5103 = FACE_BOUND('',#5104,.F.);
#5104 = EDGE_LOOP('',(#5105,#5106,#5112,#5113));
#5105 = ORIENTED_EDGE('',*,*,#913,.F.);
#5106 = ORIENTED_EDGE('',*,*,#5107,.F.);
#5107 = EDGE_CURVE('',#2803,#914,#5108,.T.);
#5108 = LINE('',#5109,#5110);
#5109 = CARTESIAN_POINT('',(110.5,36.,0.));
#5110 = VECTOR('',#5111,1.);
#5111 = DIRECTION('',(0.,0.,1.));
#5112 = ORIENTED_EDGE('',*,*,#2802,.T.);
#5113 = ORIENTED_EDGE('',*,*,#5107,.T.);
#5114 = CYLINDRICAL_SURFACE('',#5115,2.5);
#5115 = AXIS2_PLACEMENT_3D('',#5116,#5117,#5118);
#5116 = CARTESIAN_POINT('',(108.,36.,0.));
#5117 = DIRECTION('',(0.,0.,1.));
#5118 = DIRECTION('',(1.,0.,0.));
#5119 = ADVANCED_FACE('',(#5120),#5131,.F.);
#5120 = FACE_BOUND('',#5121,.F.);
#5121 = EDGE_LOOP('',(#5122,#5123,#5129,#5130));
#5122 = ORIENTED_EDGE('',*,*,#924,.F.);
#5123 = ORIENTED_EDGE('',*,*,#5124,.F.);
#5124 = EDGE_CURVE('',#2814,#925,#5125,.T.);
#5125 = LINE('',#5126,#5127);
#5126 = CARTESIAN_POINT('',(101.5,45.,0.));
#5127 = VECTOR('',#5128,1.);
#5128 = DIRECTION('',(0.,0.,1.));
#5129 = ORIENTED_EDGE('',*,*,#2813,.T.);
#5130 = ORIENTED_EDGE('',*,*,#5124,.T.);
#5131 = CYLINDRICAL_SURFACE('',#5132,2.5);
#5132 = AXIS2_PLACEMENT_3D('',#5133,#5134,#5135);
#5133 = CARTESIAN_POINT('',(99.,45.,0.));
#5134 = DIRECTION('',(0.,0.,1.));
#5135 = DIRECTION('',(1.,0.,0.));
#5136 = ADVANCED_FACE('',(#5137),#5148,.F.);
#5137 = FACE_BOUND('',#5138,.F.);
#5138 = EDGE_LOOP('',(#5139,#5140,#5146,#5147));
#5139 = ORIENTED_EDGE('',*,*,#935,.F.);
#5140 = ORIENTED_EDGE('',*,*,#5141,.F.);
#5141 = EDGE_CURVE('',#2825,#936,#5142,.T.);
#5142 = LINE('',#5143,#5144);
#5143 = CARTESIAN_POINT('',(110.5,45.,0.));
#5144 = VECTOR('',#5145,1.);
#5145 = DIRECTION('',(0.,0.,1.));
#5146 = ORIENTED_EDGE('',*,*,#2824,.T.);
#5147 = ORIENTED_EDGE('',*,*,#5141,.T.);
#5148 = CYLINDRICAL_SURFACE('',#5149,2.5);
#5149 = AXIS2_PLACEMENT_3D('',#5150,#5151,#5152);
#5150 = CARTESIAN_POINT('',(108.,45.,0.));
#5151 = DIRECTION('',(0.,0.,1.));
#5152 = DIRECTION('',(1.,0.,0.));
#5153 = ADVANCED_FACE('',(#5154),#5165,.F.);
#5154 = FACE_BOUND('',#5155,.F.);
#5155 = EDGE_LOOP('',(#5156,#5157,#5163,#5164));
#5156 = ORIENTED_EDGE('',*,*,#946,.F.);
#5157 = ORIENTED_EDGE('',*,*,#5158,.F.);
#5158 = EDGE_CURVE('',#2836,#947,#5159,.T.);
#5159 = LINE('',#5160,#5161);
#5160 = CARTESIAN_POINT('',(119.5,36.,0.));
#5161 = VECTOR('',#5162,1.);
#5162 = DIRECTION('',(0.,0.,1.));
#5163 = ORIENTED_EDGE('',*,*,#2835,.T.);
#5164 = ORIENTED_EDGE('',*,*,#5158,.T.);
#5165 = CYLINDRICAL_SURFACE('',#5166,2.5);
#5166 = AXIS2_PLACEMENT_3D('',#5167,#5168,#5169);
#5167 = CARTESIAN_POINT('',(117.,36.,0.));
#5168 = DIRECTION('',(0.,0.,1.));
#5169 = DIRECTION('',(1.,0.,0.));
#5170 = ADVANCED_FACE('',(#5171),#5182,.F.);
#5171 = FACE_BOUND('',#5172,.F.);
#5172 = EDGE_LOOP('',(#5173,#5174,#5180,#5181));
#5173 = ORIENTED_EDGE('',*,*,#957,.F.);
#5174 = ORIENTED_EDGE('',*,*,#5175,.F.);
#5175 = EDGE_CURVE('',#2847,#958,#5176,.T.);
#5176 = LINE('',#5177,#5178);
#5177 = CARTESIAN_POINT('',(128.5,36.,0.));
#5178 = VECTOR('',#5179,1.);
#5179 = DIRECTION('',(0.,0.,1.));
#5180 = ORIENTED_EDGE('',*,*,#2846,.T.);
#5181 = ORIENTED_EDGE('',*,*,#5175,.T.);
#5182 = CYLINDRICAL_SURFACE('',#5183,2.5);
#5183 = AXIS2_PLACEMENT_3D('',#5184,#5185,#5186);
#5184 = CARTESIAN_POINT('',(126.,36.,0.));
#5185 = DIRECTION('',(0.,0.,1.));
#5186 = DIRECTION('',(1.,0.,0.));
#5187 = ADVANCED_FACE('',(#5188),#5199,.F.);
#5188 = FACE_BOUND('',#5189,.F.);
#5189 = EDGE_LOOP('',(#5190,#5191,#5197,#5198));
#5190 = ORIENTED_EDGE('',*,*,#968,.F.);
#5191 = ORIENTED_EDGE('',*,*,#5192,.F.);
#5192 = EDGE_CURVE('',#2858,#969,#5193,.T.);
#5193 = LINE('',#5194,#5195);
#5194 = CARTESIAN_POINT('',(119.5,45.,0.));
#5195 = VECTOR('',#5196,1.);
#5196 = DIRECTION('',(0.,0.,1.));
#5197 = ORIENTED_EDGE('',*,*,#2857,.T.);
#5198 = ORIENTED_EDGE('',*,*,#5192,.T.);
#5199 = CYLINDRICAL_SURFACE('',#5200,2.5);
#5200 = AXIS2_PLACEMENT_3D('',#5201,#5202,#5203);
#5201 = CARTESIAN_POINT('',(117.,45.,0.));
#5202 = DIRECTION('',(0.,0.,1.));
#5203 = DIRECTION('',(1.,0.,0.));
#5204 = ADVANCED_FACE('',(#5205),#5216,.F.);
#5205 = FACE_BOUND('',#5206,.F.);
#5206 = EDGE_LOOP('',(#5207,#5208,#5214,#5215));
#5207 = ORIENTED_EDGE('',*,*,#979,.F.);
#5208 = ORIENTED_EDGE('',*,*,#5209,.F.);
#5209 = EDGE_CURVE('',#2869,#980,#5210,.T.);
#5210 = LINE('',#5211,#5212);
#5211 = CARTESIAN_POINT('',(128.5,45.,0.));
#5212 = VECTOR('',#5213,1.);
#5213 = DIRECTION('',(0.,0.,1.));
#5214 = ORIENTED_EDGE('',*,*,#2868,.T.);
#5215 = ORIENTED_EDGE('',*,*,#5209,.T.);
#5216 = CYLINDRICAL_SURFACE('',#5217,2.5);
#5217 = AXIS2_PLACEMENT_3D('',#5218,#5219,#5220);
#5218 = CARTESIAN_POINT('',(126.,45.,0.));
#5219 = DIRECTION('',(0.,0.,1.));
#5220 = DIRECTION('',(1.,0.,0.));
#5221 = ADVANCED_FACE('',(#5222),#5233,.F.);
#5222 = FACE_BOUND('',#5223,.F.);
#5223 = EDGE_LOOP('',(#5224,#5225,#5231,#5232));
#5224 = ORIENTED_EDGE('',*,*,#990,.F.);
#5225 = ORIENTED_EDGE('',*,*,#5226,.F.);
#5226 = EDGE_CURVE('',#2880,#991,#5227,.T.);
#5227 = LINE('',#5228,#5229);
#5228 = CARTESIAN_POINT('',(101.5,54.,0.));
#5229 = VECTOR('',#5230,1.);
#5230 = DIRECTION('',(0.,0.,1.));
#5231 = ORIENTED_EDGE('',*,*,#2879,.T.);
#5232 = ORIENTED_EDGE('',*,*,#5226,.T.);
#5233 = CYLINDRICAL_SURFACE('',#5234,2.5);
#5234 = AXIS2_PLACEMENT_3D('',#5235,#5236,#5237);
#5235 = CARTESIAN_POINT('',(99.,54.,0.));
#5236 = DIRECTION('',(0.,0.,1.));
#5237 = DIRECTION('',(1.,0.,0.));
#5238 = ADVANCED_FACE('',(#5239),#5250,.F.);
#5239 = FACE_BOUND('',#5240,.F.);
#5240 = EDGE_LOOP('',(#5241,#5242,#5248,#5249));
#5241 = ORIENTED_EDGE('',*,*,#1001,.F.);
#5242 = ORIENTED_EDGE('',*,*,#5243,.F.);
#5243 = EDGE_CURVE('',#2891,#1002,#5244,.T.);
#5244 = LINE('',#5245,#5246);
#5245 = CARTESIAN_POINT('',(110.5,54.,0.));
#5246 = VECTOR('',#5247,1.);
#5247 = DIRECTION('',(0.,0.,1.));
#5248 = ORIENTED_EDGE('',*,*,#2890,.T.);
#5249 = ORIENTED_EDGE('',*,*,#5243,.T.);
#5250 = CYLINDRICAL_SURFACE('',#5251,2.5);
#5251 = AXIS2_PLACEMENT_3D('',#5252,#5253,#5254);
#5252 = CARTESIAN_POINT('',(108.,54.,0.));
#5253 = DIRECTION('',(0.,0.,1.));
#5254 = DIRECTION('',(1.,0.,0.));
#5255 = ADVANCED_FACE('',(#5256),#5267,.F.);
#5256 = FACE_BOUND('',#5257,.F.);
#5257 = EDGE_LOOP('',(#5258,#5259,#5265,#5266));
#5258 = ORIENTED_EDGE('',*,*,#1012,.F.);
#5259 = ORIENTED_EDGE('',*,*,#5260,.F.);
#5260 = EDGE_CURVE('',#2902,#1013,#5261,.T.);
#5261 = LINE('',#5262,#5263);
#5262 = CARTESIAN_POINT('',(119.5,54.,0.));
#5263 = VECTOR('',#5264,1.);
#5264 = DIRECTION('',(0.,0.,1.));
#5265 = ORIENTED_EDGE('',*,*,#2901,.T.);
#5266 = ORIENTED_EDGE('',*,*,#5260,.T.);
#5267 = CYLINDRICAL_SURFACE('',#5268,2.5);
#5268 = AXIS2_PLACEMENT_3D('',#5269,#5270,#5271);
#5269 = CARTESIAN_POINT('',(117.,54.,0.));
#5270 = DIRECTION('',(0.,0.,1.));
#5271 = DIRECTION('',(1.,0.,0.));
#5272 = ADVANCED_FACE('',(#5273),#5284,.F.);
#5273 = FACE_BOUND('',#5274,.F.);
#5274 = EDGE_LOOP('',(#5275,#5276,#5282,#5283));
#5275 = ORIENTED_EDGE('',*,*,#1023,.F.);
#5276 = ORIENTED_EDGE('',*,*,#5277,.F.);
#5277 = EDGE_CURVE('',#2913,#1024,#5278,.T.);
#5278 = LINE('',#5279,#5280);
#5279 = CARTESIAN_POINT('',(128.5,54.,0.));
#5280 = VECTOR('',#5281,1.);
#5281 = DIRECTION('',(0.,0.,1.));
#5282 = ORIENTED_EDGE('',*,*,#2912,.T.);
#5283 = ORIENTED_EDGE('',*,*,#5277,.T.);
#5284 = CYLINDRICAL_SURFACE('',#5285,2.5);
#5285 = AXIS2_PLACEMENT_3D('',#5286,#5287,#5288);
#5286 = CARTESIAN_POINT('',(126.,54.,0.));
#5287 = DIRECTION('',(0.,0.,1.));
#5288 = DIRECTION('',(1.,0.,0.));
#5289 = ADVANCED_FACE('',(#5290),#5301,.F.);
#5290 = FACE_BOUND('',#5291,.F.);
#5291 = EDGE_LOOP('',(#5292,#5293,#5299,#5300));
#5292 = ORIENTED_EDGE('',*,*,#1034,.F.);
#5293 = ORIENTED_EDGE('',*,*,#5294,.F.);
#5294 = EDGE_CURVE('',#2924,#1035,#5295,.T.);
#5295 = LINE('',#5296,#5297);
#5296 = CARTESIAN_POINT('',(11.5,63.,0.));
#5297 = VECTOR('',#5298,1.);
#5298 = DIRECTION('',(0.,0.,1.));
#5299 = ORIENTED_EDGE('',*,*,#2923,.T.);
#5300 = ORIENTED_EDGE('',*,*,#5294,.T.);
#5301 = CYLINDRICAL_SURFACE('',#5302,2.5);
#5302 = AXIS2_PLACEMENT_3D('',#5303,#5304,#5305);
#5303 = CARTESIAN_POINT('',(9.,63.,0.));
#5304 = DIRECTION('',(0.,0.,1.));
#5305 = DIRECTION('',(1.,0.,0.));
#5306 = ADVANCED_FACE('',(#5307),#5318,.F.);
#5307 = FACE_BOUND('',#5308,.F.);
#5308 = EDGE_LOOP('',(#5309,#5310,#5316,#5317));
#5309 = ORIENTED_EDGE('',*,*,#1045,.F.);
#5310 = ORIENTED_EDGE('',*,*,#5311,.F.);
#5311 = EDGE_CURVE('',#2935,#1046,#5312,.T.);
#5312 = LINE('',#5313,#5314);
#5313 = CARTESIAN_POINT('',(20.5,63.,0.));
#5314 = VECTOR('',#5315,1.);
#5315 = DIRECTION('',(0.,0.,1.));
#5316 = ORIENTED_EDGE('',*,*,#2934,.T.);
#5317 = ORIENTED_EDGE('',*,*,#5311,.T.);
#5318 = CYLINDRICAL_SURFACE('',#5319,2.5);
#5319 = AXIS2_PLACEMENT_3D('',#5320,#5321,#5322);
#5320 = CARTESIAN_POINT('',(18.,63.,0.));
#5321 = DIRECTION('',(0.,0.,1.));
#5322 = DIRECTION('',(1.,0.,0.));
#5323 = ADVANCED_FACE('',(#5324),#5335,.F.);
#5324 = FACE_BOUND('',#5325,.F.);
#5325 = EDGE_LOOP('',(#5326,#5327,#5333,#5334));
#5326 = ORIENTED_EDGE('',*,*,#1056,.F.);
#5327 = ORIENTED_EDGE('',*,*,#5328,.F.);
#5328 = EDGE_CURVE('',#2946,#1057,#5329,.T.);
#5329 = LINE('',#5330,#5331);
#5330 = CARTESIAN_POINT('',(29.5,63.,0.));
#5331 = VECTOR('',#5332,1.);
#5332 = DIRECTION('',(0.,0.,1.));
#5333 = ORIENTED_EDGE('',*,*,#2945,.T.);
#5334 = ORIENTED_EDGE('',*,*,#5328,.T.);
#5335 = CYLINDRICAL_SURFACE('',#5336,2.5);
#5336 = AXIS2_PLACEMENT_3D('',#5337,#5338,#5339);
#5337 = CARTESIAN_POINT('',(27.,63.,0.));
#5338 = DIRECTION('',(0.,0.,1.));
#5339 = DIRECTION('',(1.,0.,0.));
#5340 = ADVANCED_FACE('',(#5341),#5352,.F.);
#5341 = FACE_BOUND('',#5342,.F.);
#5342 = EDGE_LOOP('',(#5343,#5344,#5350,#5351));
#5343 = ORIENTED_EDGE('',*,*,#1067,.F.);
#5344 = ORIENTED_EDGE('',*,*,#5345,.F.);
#5345 = EDGE_CURVE('',#2957,#1068,#5346,.T.);
#5346 = LINE('',#5347,#5348);
#5347 = CARTESIAN_POINT('',(38.5,63.,0.));
#5348 = VECTOR('',#5349,1.);
#5349 = DIRECTION('',(0.,0.,1.));
#5350 = ORIENTED_EDGE('',*,*,#2956,.T.);
#5351 = ORIENTED_EDGE('',*,*,#5345,.T.);
#5352 = CYLINDRICAL_SURFACE('',#5353,2.5);
#5353 = AXIS2_PLACEMENT_3D('',#5354,#5355,#5356);
#5354 = CARTESIAN_POINT('',(36.,63.,0.));
#5355 = DIRECTION('',(0.,0.,1.));
#5356 = DIRECTION('',(1.,0.,0.));
#5357 = ADVANCED_FACE('',(#5358),#5369,.F.);
#5358 = FACE_BOUND('',#5359,.F.);
#5359 = EDGE_LOOP('',(#5360,#5361,#5367,#5368));
#5360 = ORIENTED_EDGE('',*,*,#1078,.F.);
#5361 = ORIENTED_EDGE('',*,*,#5362,.F.);
#5362 = EDGE_CURVE('',#2968,#1079,#5363,.T.);
#5363 = LINE('',#5364,#5365);
#5364 = CARTESIAN_POINT('',(11.5,72.,0.));
#5365 = VECTOR('',#5366,1.);
#5366 = DIRECTION('',(0.,0.,1.));
#5367 = ORIENTED_EDGE('',*,*,#2967,.T.);
#5368 = ORIENTED_EDGE('',*,*,#5362,.T.);
#5369 = CYLINDRICAL_SURFACE('',#5370,2.5);
#5370 = AXIS2_PLACEMENT_3D('',#5371,#5372,#5373);
#5371 = CARTESIAN_POINT('',(9.,72.,0.));
#5372 = DIRECTION('',(0.,0.,1.));
#5373 = DIRECTION('',(1.,0.,0.));
#5374 = ADVANCED_FACE('',(#5375),#5386,.F.);
#5375 = FACE_BOUND('',#5376,.F.);
#5376 = EDGE_LOOP('',(#5377,#5378,#5384,#5385));
#5377 = ORIENTED_EDGE('',*,*,#1089,.F.);
#5378 = ORIENTED_EDGE('',*,*,#5379,.F.);
#5379 = EDGE_CURVE('',#2979,#1090,#5380,.T.);
#5380 = LINE('',#5381,#5382);
#5381 = CARTESIAN_POINT('',(20.5,72.,0.));
#5382 = VECTOR('',#5383,1.);
#5383 = DIRECTION('',(0.,0.,1.));
#5384 = ORIENTED_EDGE('',*,*,#2978,.T.);
#5385 = ORIENTED_EDGE('',*,*,#5379,.T.);
#5386 = CYLINDRICAL_SURFACE('',#5387,2.5);
#5387 = AXIS2_PLACEMENT_3D('',#5388,#5389,#5390);
#5388 = CARTESIAN_POINT('',(18.,72.,0.));
#5389 = DIRECTION('',(0.,0.,1.));
#5390 = DIRECTION('',(1.,0.,0.));
#5391 = ADVANCED_FACE('',(#5392),#5403,.F.);
#5392 = FACE_BOUND('',#5393,.F.);
#5393 = EDGE_LOOP('',(#5394,#5395,#5401,#5402));
#5394 = ORIENTED_EDGE('',*,*,#1100,.F.);
#5395 = ORIENTED_EDGE('',*,*,#5396,.F.);
#5396 = EDGE_CURVE('',#2990,#1101,#5397,.T.);
#5397 = LINE('',#5398,#5399);
#5398 = CARTESIAN_POINT('',(11.5,81.,0.));
#5399 = VECTOR('',#5400,1.);
#5400 = DIRECTION('',(0.,0.,1.));
#5401 = ORIENTED_EDGE('',*,*,#2989,.T.);
#5402 = ORIENTED_EDGE('',*,*,#5396,.T.);
#5403 = CYLINDRICAL_SURFACE('',#5404,2.5);
#5404 = AXIS2_PLACEMENT_3D('',#5405,#5406,#5407);
#5405 = CARTESIAN_POINT('',(9.,81.,0.));
#5406 = DIRECTION('',(0.,0.,1.));
#5407 = DIRECTION('',(1.,0.,0.));
#5408 = ADVANCED_FACE('',(#5409),#5420,.F.);
#5409 = FACE_BOUND('',#5410,.F.);
#5410 = EDGE_LOOP('',(#5411,#5412,#5418,#5419));
#5411 = ORIENTED_EDGE('',*,*,#1111,.F.);
#5412 = ORIENTED_EDGE('',*,*,#5413,.F.);
#5413 = EDGE_CURVE('',#3001,#1112,#5414,.T.);
#5414 = LINE('',#5415,#5416);
#5415 = CARTESIAN_POINT('',(20.5,81.,0.));
#5416 = VECTOR('',#5417,1.);
#5417 = DIRECTION('',(0.,0.,1.));
#5418 = ORIENTED_EDGE('',*,*,#3000,.T.);
#5419 = ORIENTED_EDGE('',*,*,#5413,.T.);
#5420 = CYLINDRICAL_SURFACE('',#5421,2.5);
#5421 = AXIS2_PLACEMENT_3D('',#5422,#5423,#5424);
#5422 = CARTESIAN_POINT('',(18.,81.,0.));
#5423 = DIRECTION('',(0.,0.,1.));
#5424 = DIRECTION('',(1.,0.,0.));
#5425 = ADVANCED_FACE('',(#5426),#5437,.F.);
#5426 = FACE_BOUND('',#5427,.F.);
#5427 = EDGE_LOOP('',(#5428,#5429,#5435,#5436));
#5428 = ORIENTED_EDGE('',*,*,#1122,.F.);
#5429 = ORIENTED_EDGE('',*,*,#5430,.F.);
#5430 = EDGE_CURVE('',#3012,#1123,#5431,.T.);
#5431 = LINE('',#5432,#5433);
#5432 = CARTESIAN_POINT('',(29.5,72.,0.));
#5433 = VECTOR('',#5434,1.);
#5434 = DIRECTION('',(0.,0.,1.));
#5435 = ORIENTED_EDGE('',*,*,#3011,.T.);
#5436 = ORIENTED_EDGE('',*,*,#5430,.T.);
#5437 = CYLINDRICAL_SURFACE('',#5438,2.5);
#5438 = AXIS2_PLACEMENT_3D('',#5439,#5440,#5441);
#5439 = CARTESIAN_POINT('',(27.,72.,0.));
#5440 = DIRECTION('',(0.,0.,1.));
#5441 = DIRECTION('',(1.,0.,0.));
#5442 = ADVANCED_FACE('',(#5443),#5454,.F.);
#5443 = FACE_BOUND('',#5444,.F.);
#5444 = EDGE_LOOP('',(#5445,#5446,#5452,#5453));
#5445 = ORIENTED_EDGE('',*,*,#1133,.F.);
#5446 = ORIENTED_EDGE('',*,*,#5447,.F.);
#5447 = EDGE_CURVE('',#3023,#1134,#5448,.T.);
#5448 = LINE('',#5449,#5450);
#5449 = CARTESIAN_POINT('',(38.5,72.,0.));
#5450 = VECTOR('',#5451,1.);
#5451 = DIRECTION('',(0.,0.,1.));
#5452 = ORIENTED_EDGE('',*,*,#3022,.T.);
#5453 = ORIENTED_EDGE('',*,*,#5447,.T.);
#5454 = CYLINDRICAL_SURFACE('',#5455,2.5);
#5455 = AXIS2_PLACEMENT_3D('',#5456,#5457,#5458);
#5456 = CARTESIAN_POINT('',(36.,72.,0.));
#5457 = DIRECTION('',(0.,0.,1.));
#5458 = DIRECTION('',(1.,0.,0.));
#5459 = ADVANCED_FACE('',(#5460),#5471,.F.);
#5460 = FACE_BOUND('',#5461,.F.);
#5461 = EDGE_LOOP('',(#5462,#5463,#5469,#5470));
#5462 = ORIENTED_EDGE('',*,*,#1144,.F.);
#5463 = ORIENTED_EDGE('',*,*,#5464,.F.);
#5464 = EDGE_CURVE('',#3034,#1145,#5465,.T.);
#5465 = LINE('',#5466,#5467);
#5466 = CARTESIAN_POINT('',(29.5,81.,0.));
#5467 = VECTOR('',#5468,1.);
#5468 = DIRECTION('',(0.,0.,1.));
#5469 = ORIENTED_EDGE('',*,*,#3033,.T.);
#5470 = ORIENTED_EDGE('',*,*,#5464,.T.);
#5471 = CYLINDRICAL_SURFACE('',#5472,2.5);
#5472 = AXIS2_PLACEMENT_3D('',#5473,#5474,#5475);
#5473 = CARTESIAN_POINT('',(27.,81.,0.));
#5474 = DIRECTION('',(0.,0.,1.));
#5475 = DIRECTION('',(1.,0.,0.));
#5476 = ADVANCED_FACE('',(#5477),#5488,.F.);
#5477 = FACE_BOUND('',#5478,.F.);
#5478 = EDGE_LOOP('',(#5479,#5480,#5486,#5487));
#5479 = ORIENTED_EDGE('',*,*,#1155,.F.);
#5480 = ORIENTED_EDGE('',*,*,#5481,.F.);
#5481 = EDGE_CURVE('',#3045,#1156,#5482,.T.);
#5482 = LINE('',#5483,#5484);
#5483 = CARTESIAN_POINT('',(38.5,81.,0.));
#5484 = VECTOR('',#5485,1.);
#5485 = DIRECTION('',(0.,0.,1.));
#5486 = ORIENTED_EDGE('',*,*,#3044,.T.);
#5487 = ORIENTED_EDGE('',*,*,#5481,.T.);
#5488 = CYLINDRICAL_SURFACE('',#5489,2.5);
#5489 = AXIS2_PLACEMENT_3D('',#5490,#5491,#5492);
#5490 = CARTESIAN_POINT('',(36.,81.,0.));
#5491 = DIRECTION('',(0.,0.,1.));
#5492 = DIRECTION('',(1.,0.,0.));
#5493 = ADVANCED_FACE('',(#5494),#5505,.F.);
#5494 = FACE_BOUND('',#5495,.F.);
#5495 = EDGE_LOOP('',(#5496,#5497,#5503,#5504));
#5496 = ORIENTED_EDGE('',*,*,#1166,.F.);
#5497 = ORIENTED_EDGE('',*,*,#5498,.F.);
#5498 = EDGE_CURVE('',#3056,#1167,#5499,.T.);
#5499 = LINE('',#5500,#5501);
#5500 = CARTESIAN_POINT('',(47.5,63.,0.));
#5501 = VECTOR('',#5502,1.);
#5502 = DIRECTION('',(0.,0.,1.));
#5503 = ORIENTED_EDGE('',*,*,#3055,.T.);
#5504 = ORIENTED_EDGE('',*,*,#5498,.T.);
#5505 = CYLINDRICAL_SURFACE('',#5506,2.5);
#5506 = AXIS2_PLACEMENT_3D('',#5507,#5508,#5509);
#5507 = CARTESIAN_POINT('',(45.,63.,0.));
#5508 = DIRECTION('',(0.,0.,1.));
#5509 = DIRECTION('',(1.,0.,0.));
#5510 = ADVANCED_FACE('',(#5511),#5522,.F.);
#5511 = FACE_BOUND('',#5512,.F.);
#5512 = EDGE_LOOP('',(#5513,#5514,#5520,#5521));
#5513 = ORIENTED_EDGE('',*,*,#1177,.F.);
#5514 = ORIENTED_EDGE('',*,*,#5515,.F.);
#5515 = EDGE_CURVE('',#3067,#1178,#5516,.T.);
#5516 = LINE('',#5517,#5518);
#5517 = CARTESIAN_POINT('',(56.5,63.,0.));
#5518 = VECTOR('',#5519,1.);
#5519 = DIRECTION('',(0.,0.,1.));
#5520 = ORIENTED_EDGE('',*,*,#3066,.T.);
#5521 = ORIENTED_EDGE('',*,*,#5515,.T.);
#5522 = CYLINDRICAL_SURFACE('',#5523,2.5);
#5523 = AXIS2_PLACEMENT_3D('',#5524,#5525,#5526);
#5524 = CARTESIAN_POINT('',(54.,63.,0.));
#5525 = DIRECTION('',(0.,0.,1.));
#5526 = DIRECTION('',(1.,0.,0.));
#5527 = ADVANCED_FACE('',(#5528),#5539,.F.);
#5528 = FACE_BOUND('',#5529,.F.);
#5529 = EDGE_LOOP('',(#5530,#5531,#5537,#5538));
#5530 = ORIENTED_EDGE('',*,*,#1188,.F.);
#5531 = ORIENTED_EDGE('',*,*,#5532,.F.);
#5532 = EDGE_CURVE('',#3078,#1189,#5533,.T.);
#5533 = LINE('',#5534,#5535);
#5534 = CARTESIAN_POINT('',(65.5,63.,0.));
#5535 = VECTOR('',#5536,1.);
#5536 = DIRECTION('',(0.,0.,1.));
#5537 = ORIENTED_EDGE('',*,*,#3077,.T.);
#5538 = ORIENTED_EDGE('',*,*,#5532,.T.);
#5539 = CYLINDRICAL_SURFACE('',#5540,2.5);
#5540 = AXIS2_PLACEMENT_3D('',#5541,#5542,#5543);
#5541 = CARTESIAN_POINT('',(63.,63.,0.));
#5542 = DIRECTION('',(0.,0.,1.));
#5543 = DIRECTION('',(1.,0.,0.));
#5544 = ADVANCED_FACE('',(#5545),#5556,.F.);
#5545 = FACE_BOUND('',#5546,.F.);
#5546 = EDGE_LOOP('',(#5547,#5548,#5554,#5555));
#5547 = ORIENTED_EDGE('',*,*,#1199,.F.);
#5548 = ORIENTED_EDGE('',*,*,#5549,.F.);
#5549 = EDGE_CURVE('',#3089,#1200,#5550,.T.);
#5550 = LINE('',#5551,#5552);
#5551 = CARTESIAN_POINT('',(47.5,72.,0.));
#5552 = VECTOR('',#5553,1.);
#5553 = DIRECTION('',(0.,0.,1.));
#5554 = ORIENTED_EDGE('',*,*,#3088,.T.);
#5555 = ORIENTED_EDGE('',*,*,#5549,.T.);
#5556 = CYLINDRICAL_SURFACE('',#5557,2.5);
#5557 = AXIS2_PLACEMENT_3D('',#5558,#5559,#5560);
#5558 = CARTESIAN_POINT('',(45.,72.,0.));
#5559 = DIRECTION('',(0.,0.,1.));
#5560 = DIRECTION('',(1.,0.,0.));
#5561 = ADVANCED_FACE('',(#5562),#5573,.F.);
#5562 = FACE_BOUND('',#5563,.F.);
#5563 = EDGE_LOOP('',(#5564,#5565,#5571,#5572));
#5564 = ORIENTED_EDGE('',*,*,#1210,.F.);
#5565 = ORIENTED_EDGE('',*,*,#5566,.F.);
#5566 = EDGE_CURVE('',#3100,#1211,#5567,.T.);
#5567 = LINE('',#5568,#5569);
#5568 = CARTESIAN_POINT('',(47.5,81.,0.));
#5569 = VECTOR('',#5570,1.);
#5570 = DIRECTION('',(0.,0.,1.));
#5571 = ORIENTED_EDGE('',*,*,#3099,.T.);
#5572 = ORIENTED_EDGE('',*,*,#5566,.T.);
#5573 = CYLINDRICAL_SURFACE('',#5574,2.5);
#5574 = AXIS2_PLACEMENT_3D('',#5575,#5576,#5577);
#5575 = CARTESIAN_POINT('',(45.,81.,0.));
#5576 = DIRECTION('',(0.,0.,1.));
#5577 = DIRECTION('',(1.,0.,0.));
#5578 = ADVANCED_FACE('',(#5579),#5590,.F.);
#5579 = FACE_BOUND('',#5580,.F.);
#5580 = EDGE_LOOP('',(#5581,#5582,#5588,#5589));
#5581 = ORIENTED_EDGE('',*,*,#1221,.F.);
#5582 = ORIENTED_EDGE('',*,*,#5583,.F.);
#5583 = EDGE_CURVE('',#3111,#1222,#5584,.T.);
#5584 = LINE('',#5585,#5586);
#5585 = CARTESIAN_POINT('',(56.5,72.,0.));
#5586 = VECTOR('',#5587,1.);
#5587 = DIRECTION('',(0.,0.,1.));
#5588 = ORIENTED_EDGE('',*,*,#3110,.T.);
#5589 = ORIENTED_EDGE('',*,*,#5583,.T.);
#5590 = CYLINDRICAL_SURFACE('',#5591,2.5);
#5591 = AXIS2_PLACEMENT_3D('',#5592,#5593,#5594);
#5592 = CARTESIAN_POINT('',(54.,72.,0.));
#5593 = DIRECTION('',(0.,0.,1.));
#5594 = DIRECTION('',(1.,0.,0.));
#5595 = ADVANCED_FACE('',(#5596),#5607,.F.);
#5596 = FACE_BOUND('',#5597,.F.);
#5597 = EDGE_LOOP('',(#5598,#5599,#5605,#5606));
#5598 = ORIENTED_EDGE('',*,*,#1232,.F.);
#5599 = ORIENTED_EDGE('',*,*,#5600,.F.);
#5600 = EDGE_CURVE('',#3122,#1233,#5601,.T.);
#5601 = LINE('',#5602,#5603);
#5602 = CARTESIAN_POINT('',(65.5,72.,0.));
#5603 = VECTOR('',#5604,1.);
#5604 = DIRECTION('',(0.,0.,1.));
#5605 = ORIENTED_EDGE('',*,*,#3121,.T.);
#5606 = ORIENTED_EDGE('',*,*,#5600,.T.);
#5607 = CYLINDRICAL_SURFACE('',#5608,2.5);
#5608 = AXIS2_PLACEMENT_3D('',#5609,#5610,#5611);
#5609 = CARTESIAN_POINT('',(63.,72.,0.));
#5610 = DIRECTION('',(0.,0.,1.));
#5611 = DIRECTION('',(1.,0.,0.));
#5612 = ADVANCED_FACE('',(#5613),#5624,.F.);
#5613 = FACE_BOUND('',#5614,.F.);
#5614 = EDGE_LOOP('',(#5615,#5616,#5622,#5623));
#5615 = ORIENTED_EDGE('',*,*,#1243,.F.);
#5616 = ORIENTED_EDGE('',*,*,#5617,.F.);
#5617 = EDGE_CURVE('',#3133,#1244,#5618,.T.);
#5618 = LINE('',#5619,#5620);
#5619 = CARTESIAN_POINT('',(56.5,81.,0.));
#5620 = VECTOR('',#5621,1.);
#5621 = DIRECTION('',(0.,0.,1.));
#5622 = ORIENTED_EDGE('',*,*,#3132,.T.);
#5623 = ORIENTED_EDGE('',*,*,#5617,.T.);
#5624 = CYLINDRICAL_SURFACE('',#5625,2.5);
#5625 = AXIS2_PLACEMENT_3D('',#5626,#5627,#5628);
#5626 = CARTESIAN_POINT('',(54.,81.,0.));
#5627 = DIRECTION('',(0.,0.,1.));
#5628 = DIRECTION('',(1.,0.,0.));
#5629 = ADVANCED_FACE('',(#5630),#5641,.F.);
#5630 = FACE_BOUND('',#5631,.F.);
#5631 = EDGE_LOOP('',(#5632,#5633,#5639,#5640));
#5632 = ORIENTED_EDGE('',*,*,#1254,.F.);
#5633 = ORIENTED_EDGE('',*,*,#5634,.F.);
#5634 = EDGE_CURVE('',#3144,#1255,#5635,.T.);
#5635 = LINE('',#5636,#5637);
#5636 = CARTESIAN_POINT('',(65.5,81.,0.));
#5637 = VECTOR('',#5638,1.);
#5638 = DIRECTION('',(0.,0.,1.));
#5639 = ORIENTED_EDGE('',*,*,#3143,.T.);
#5640 = ORIENTED_EDGE('',*,*,#5634,.T.);
#5641 = CYLINDRICAL_SURFACE('',#5642,2.5);
#5642 = AXIS2_PLACEMENT_3D('',#5643,#5644,#5645);
#5643 = CARTESIAN_POINT('',(63.,81.,0.));
#5644 = DIRECTION('',(0.,0.,1.));
#5645 = DIRECTION('',(1.,0.,0.));
#5646 = ADVANCED_FACE('',(#5647),#5658,.F.);
#5647 = FACE_BOUND('',#5648,.F.);
#5648 = EDGE_LOOP('',(#5649,#5650,#5656,#5657));
#5649 = ORIENTED_EDGE('',*,*,#1265,.F.);
#5650 = ORIENTED_EDGE('',*,*,#5651,.F.);
#5651 = EDGE_CURVE('',#3155,#1266,#5652,.T.);
#5652 = LINE('',#5653,#5654);
#5653 = CARTESIAN_POINT('',(11.5,90.,0.));
#5654 = VECTOR('',#5655,1.);
#5655 = DIRECTION('',(0.,0.,1.));
#5656 = ORIENTED_EDGE('',*,*,#3154,.T.);
#5657 = ORIENTED_EDGE('',*,*,#5651,.T.);
#5658 = CYLINDRICAL_SURFACE('',#5659,2.5);
#5659 = AXIS2_PLACEMENT_3D('',#5660,#5661,#5662);
#5660 = CARTESIAN_POINT('',(9.,90.,0.));
#5661 = DIRECTION('',(0.,0.,1.));
#5662 = DIRECTION('',(1.,0.,0.));
#5663 = ADVANCED_FACE('',(#5664),#5675,.F.);
#5664 = FACE_BOUND('',#5665,.F.);
#5665 = EDGE_LOOP('',(#5666,#5667,#5673,#5674));
#5666 = ORIENTED_EDGE('',*,*,#1276,.F.);
#5667 = ORIENTED_EDGE('',*,*,#5668,.F.);
#5668 = EDGE_CURVE('',#3166,#1277,#5669,.T.);
#5669 = LINE('',#5670,#5671);
#5670 = CARTESIAN_POINT('',(20.5,90.,0.));
#5671 = VECTOR('',#5672,1.);
#5672 = DIRECTION('',(0.,0.,1.));
#5673 = ORIENTED_EDGE('',*,*,#3165,.T.);
#5674 = ORIENTED_EDGE('',*,*,#5668,.T.);
#5675 = CYLINDRICAL_SURFACE('',#5676,2.5);
#5676 = AXIS2_PLACEMENT_3D('',#5677,#5678,#5679);
#5677 = CARTESIAN_POINT('',(18.,90.,0.));
#5678 = DIRECTION('',(0.,0.,1.));
#5679 = DIRECTION('',(1.,0.,0.));
#5680 = ADVANCED_FACE('',(#5681),#5692,.F.);
#5681 = FACE_BOUND('',#5682,.F.);
#5682 = EDGE_LOOP('',(#5683,#5684,#5690,#5691));
#5683 = ORIENTED_EDGE('',*,*,#1287,.F.);
#5684 = ORIENTED_EDGE('',*,*,#5685,.F.);
#5685 = EDGE_CURVE('',#3177,#1288,#5686,.T.);
#5686 = LINE('',#5687,#5688);
#5687 = CARTESIAN_POINT('',(29.5,90.,0.));
#5688 = VECTOR('',#5689,1.);
#5689 = DIRECTION('',(0.,0.,1.));
#5690 = ORIENTED_EDGE('',*,*,#3176,.T.);
#5691 = ORIENTED_EDGE('',*,*,#5685,.T.);
#5692 = CYLINDRICAL_SURFACE('',#5693,2.5);
#5693 = AXIS2_PLACEMENT_3D('',#5694,#5695,#5696);
#5694 = CARTESIAN_POINT('',(27.,90.,0.));
#5695 = DIRECTION('',(0.,0.,1.));
#5696 = DIRECTION('',(1.,0.,0.));
#5697 = ADVANCED_FACE('',(#5698),#5709,.F.);
#5698 = FACE_BOUND('',#5699,.F.);
#5699 = EDGE_LOOP('',(#5700,#5701,#5707,#5708));
#5700 = ORIENTED_EDGE('',*,*,#1298,.F.);
#5701 = ORIENTED_EDGE('',*,*,#5702,.F.);
#5702 = EDGE_CURVE('',#3188,#1299,#5703,.T.);
#5703 = LINE('',#5704,#5705);
#5704 = CARTESIAN_POINT('',(38.5,90.,0.));
#5705 = VECTOR('',#5706,1.);
#5706 = DIRECTION('',(0.,0.,1.));
#5707 = ORIENTED_EDGE('',*,*,#3187,.T.);
#5708 = ORIENTED_EDGE('',*,*,#5702,.T.);
#5709 = CYLINDRICAL_SURFACE('',#5710,2.5);
#5710 = AXIS2_PLACEMENT_3D('',#5711,#5712,#5713);
#5711 = CARTESIAN_POINT('',(36.,90.,0.));
#5712 = DIRECTION('',(0.,0.,1.));
#5713 = DIRECTION('',(1.,0.,0.));
#5714 = ADVANCED_FACE('',(#5715),#5726,.F.);
#5715 = FACE_BOUND('',#5716,.F.);
#5716 = EDGE_LOOP('',(#5717,#5718,#5724,#5725));
#5717 = ORIENTED_EDGE('',*,*,#1309,.F.);
#5718 = ORIENTED_EDGE('',*,*,#5719,.F.);
#5719 = EDGE_CURVE('',#3199,#1310,#5720,.T.);
#5720 = LINE('',#5721,#5722);
#5721 = CARTESIAN_POINT('',(11.5,99.,0.));
#5722 = VECTOR('',#5723,1.);
#5723 = DIRECTION('',(0.,0.,1.));
#5724 = ORIENTED_EDGE('',*,*,#3198,.T.);
#5725 = ORIENTED_EDGE('',*,*,#5719,.T.);
#5726 = CYLINDRICAL_SURFACE('',#5727,2.5);
#5727 = AXIS2_PLACEMENT_3D('',#5728,#5729,#5730);
#5728 = CARTESIAN_POINT('',(9.,99.,0.));
#5729 = DIRECTION('',(0.,0.,1.));
#5730 = DIRECTION('',(1.,0.,0.));
#5731 = ADVANCED_FACE('',(#5732),#5743,.F.);
#5732 = FACE_BOUND('',#5733,.F.);
#5733 = EDGE_LOOP('',(#5734,#5735,#5741,#5742));
#5734 = ORIENTED_EDGE('',*,*,#1320,.F.);
#5735 = ORIENTED_EDGE('',*,*,#5736,.F.);
#5736 = EDGE_CURVE('',#3210,#1321,#5737,.T.);
#5737 = LINE('',#5738,#5739);
#5738 = CARTESIAN_POINT('',(20.5,99.,0.));
#5739 = VECTOR('',#5740,1.);
#5740 = DIRECTION('',(0.,0.,1.));
#5741 = ORIENTED_EDGE('',*,*,#3209,.T.);
#5742 = ORIENTED_EDGE('',*,*,#5736,.T.);
#5743 = CYLINDRICAL_SURFACE('',#5744,2.5);
#5744 = AXIS2_PLACEMENT_3D('',#5745,#5746,#5747);
#5745 = CARTESIAN_POINT('',(18.,99.,0.));
#5746 = DIRECTION('',(0.,0.,1.));
#5747 = DIRECTION('',(1.,0.,0.));
#5748 = ADVANCED_FACE('',(#5749),#5760,.F.);
#5749 = FACE_BOUND('',#5750,.F.);
#5750 = EDGE_LOOP('',(#5751,#5752,#5758,#5759));
#5751 = ORIENTED_EDGE('',*,*,#1331,.F.);
#5752 = ORIENTED_EDGE('',*,*,#5753,.F.);
#5753 = EDGE_CURVE('',#3221,#1332,#5754,.T.);
#5754 = LINE('',#5755,#5756);
#5755 = CARTESIAN_POINT('',(11.5,108.,0.));
#5756 = VECTOR('',#5757,1.);
#5757 = DIRECTION('',(0.,0.,1.));
#5758 = ORIENTED_EDGE('',*,*,#3220,.T.);
#5759 = ORIENTED_EDGE('',*,*,#5753,.T.);
#5760 = CYLINDRICAL_SURFACE('',#5761,2.5);
#5761 = AXIS2_PLACEMENT_3D('',#5762,#5763,#5764);
#5762 = CARTESIAN_POINT('',(9.,108.,0.));
#5763 = DIRECTION('',(0.,0.,1.));
#5764 = DIRECTION('',(1.,0.,0.));
#5765 = ADVANCED_FACE('',(#5766),#5777,.F.);
#5766 = FACE_BOUND('',#5767,.F.);
#5767 = EDGE_LOOP('',(#5768,#5769,#5775,#5776));
#5768 = ORIENTED_EDGE('',*,*,#1342,.F.);
#5769 = ORIENTED_EDGE('',*,*,#5770,.F.);
#5770 = EDGE_CURVE('',#3232,#1343,#5771,.T.);
#5771 = LINE('',#5772,#5773);
#5772 = CARTESIAN_POINT('',(20.5,108.,0.));
#5773 = VECTOR('',#5774,1.);
#5774 = DIRECTION('',(0.,0.,1.));
#5775 = ORIENTED_EDGE('',*,*,#3231,.T.);
#5776 = ORIENTED_EDGE('',*,*,#5770,.T.);
#5777 = CYLINDRICAL_SURFACE('',#5778,2.5);
#5778 = AXIS2_PLACEMENT_3D('',#5779,#5780,#5781);
#5779 = CARTESIAN_POINT('',(18.,108.,0.));
#5780 = DIRECTION('',(0.,0.,1.));
#5781 = DIRECTION('',(1.,0.,0.));
#5782 = ADVANCED_FACE('',(#5783),#5794,.F.);
#5783 = FACE_BOUND('',#5784,.F.);
#5784 = EDGE_LOOP('',(#5785,#5786,#5792,#5793));
#5785 = ORIENTED_EDGE('',*,*,#1353,.F.);
#5786 = ORIENTED_EDGE('',*,*,#5787,.F.);
#5787 = EDGE_CURVE('',#3243,#1354,#5788,.T.);
#5788 = LINE('',#5789,#5790);
#5789 = CARTESIAN_POINT('',(29.5,99.,0.));
#5790 = VECTOR('',#5791,1.);
#5791 = DIRECTION('',(0.,0.,1.));
#5792 = ORIENTED_EDGE('',*,*,#3242,.T.);
#5793 = ORIENTED_EDGE('',*,*,#5787,.T.);
#5794 = CYLINDRICAL_SURFACE('',#5795,2.5);
#5795 = AXIS2_PLACEMENT_3D('',#5796,#5797,#5798);
#5796 = CARTESIAN_POINT('',(27.,99.,0.));
#5797 = DIRECTION('',(0.,0.,1.));
#5798 = DIRECTION('',(1.,0.,0.));
#5799 = ADVANCED_FACE('',(#5800),#5811,.F.);
#5800 = FACE_BOUND('',#5801,.F.);
#5801 = EDGE_LOOP('',(#5802,#5803,#5809,#5810));
#5802 = ORIENTED_EDGE('',*,*,#1364,.F.);
#5803 = ORIENTED_EDGE('',*,*,#5804,.F.);
#5804 = EDGE_CURVE('',#3254,#1365,#5805,.T.);
#5805 = LINE('',#5806,#5807);
#5806 = CARTESIAN_POINT('',(38.5,99.,0.));
#5807 = VECTOR('',#5808,1.);
#5808 = DIRECTION('',(0.,0.,1.));
#5809 = ORIENTED_EDGE('',*,*,#3253,.T.);
#5810 = ORIENTED_EDGE('',*,*,#5804,.T.);
#5811 = CYLINDRICAL_SURFACE('',#5812,2.5);
#5812 = AXIS2_PLACEMENT_3D('',#5813,#5814,#5815);
#5813 = CARTESIAN_POINT('',(36.,99.,0.));
#5814 = DIRECTION('',(0.,0.,1.));
#5815 = DIRECTION('',(1.,0.,0.));
#5816 = ADVANCED_FACE('',(#5817),#5828,.F.);
#5817 = FACE_BOUND('',#5818,.F.);
#5818 = EDGE_LOOP('',(#5819,#5820,#5826,#5827));
#5819 = ORIENTED_EDGE('',*,*,#1375,.F.);
#5820 = ORIENTED_EDGE('',*,*,#5821,.F.);
#5821 = EDGE_CURVE('',#3265,#1376,#5822,.T.);
#5822 = LINE('',#5823,#5824);
#5823 = CARTESIAN_POINT('',(29.5,108.,0.));
#5824 = VECTOR('',#5825,1.);
#5825 = DIRECTION('',(0.,0.,1.));
#5826 = ORIENTED_EDGE('',*,*,#3264,.T.);
#5827 = ORIENTED_EDGE('',*,*,#5821,.T.);
#5828 = CYLINDRICAL_SURFACE('',#5829,2.5);
#5829 = AXIS2_PLACEMENT_3D('',#5830,#5831,#5832);
#5830 = CARTESIAN_POINT('',(27.,108.,0.));
#5831 = DIRECTION('',(0.,0.,1.));
#5832 = DIRECTION('',(1.,0.,0.));
#5833 = ADVANCED_FACE('',(#5834),#5845,.F.);
#5834 = FACE_BOUND('',#5835,.F.);
#5835 = EDGE_LOOP('',(#5836,#5837,#5843,#5844));
#5836 = ORIENTED_EDGE('',*,*,#1386,.F.);
#5837 = ORIENTED_EDGE('',*,*,#5838,.F.);
#5838 = EDGE_CURVE('',#3276,#1387,#5839,.T.);
#5839 = LINE('',#5840,#5841);
#5840 = CARTESIAN_POINT('',(38.5,108.,0.));
#5841 = VECTOR('',#5842,1.);
#5842 = DIRECTION('',(0.,0.,1.));
#5843 = ORIENTED_EDGE('',*,*,#3275,.T.);
#5844 = ORIENTED_EDGE('',*,*,#5838,.T.);
#5845 = CYLINDRICAL_SURFACE('',#5846,2.5);
#5846 = AXIS2_PLACEMENT_3D('',#5847,#5848,#5849);
#5847 = CARTESIAN_POINT('',(36.,108.,0.));
#5848 = DIRECTION('',(0.,0.,1.));
#5849 = DIRECTION('',(1.,0.,0.));
#5850 = ADVANCED_FACE('',(#5851),#5862,.F.);
#5851 = FACE_BOUND('',#5852,.F.);
#5852 = EDGE_LOOP('',(#5853,#5854,#5860,#5861));
#5853 = ORIENTED_EDGE('',*,*,#1397,.F.);
#5854 = ORIENTED_EDGE('',*,*,#5855,.F.);
#5855 = EDGE_CURVE('',#3287,#1398,#5856,.T.);
#5856 = LINE('',#5857,#5858);
#5857 = CARTESIAN_POINT('',(47.5,90.,0.));
#5858 = VECTOR('',#5859,1.);
#5859 = DIRECTION('',(0.,0.,1.));
#5860 = ORIENTED_EDGE('',*,*,#3286,.T.);
#5861 = ORIENTED_EDGE('',*,*,#5855,.T.);
#5862 = CYLINDRICAL_SURFACE('',#5863,2.5);
#5863 = AXIS2_PLACEMENT_3D('',#5864,#5865,#5866);
#5864 = CARTESIAN_POINT('',(45.,90.,0.));
#5865 = DIRECTION('',(0.,0.,1.));
#5866 = DIRECTION('',(1.,0.,0.));
#5867 = ADVANCED_FACE('',(#5868),#5879,.F.);
#5868 = FACE_BOUND('',#5869,.F.);
#5869 = EDGE_LOOP('',(#5870,#5871,#5877,#5878));
#5870 = ORIENTED_EDGE('',*,*,#1408,.F.);
#5871 = ORIENTED_EDGE('',*,*,#5872,.F.);
#5872 = EDGE_CURVE('',#3298,#1409,#5873,.T.);
#5873 = LINE('',#5874,#5875);
#5874 = CARTESIAN_POINT('',(56.5,90.,0.));
#5875 = VECTOR('',#5876,1.);
#5876 = DIRECTION('',(0.,0.,1.));
#5877 = ORIENTED_EDGE('',*,*,#3297,.T.);
#5878 = ORIENTED_EDGE('',*,*,#5872,.T.);
#5879 = CYLINDRICAL_SURFACE('',#5880,2.5);
#5880 = AXIS2_PLACEMENT_3D('',#5881,#5882,#5883);
#5881 = CARTESIAN_POINT('',(54.,90.,0.));
#5882 = DIRECTION('',(0.,0.,1.));
#5883 = DIRECTION('',(1.,0.,0.));
#5884 = ADVANCED_FACE('',(#5885),#5896,.F.);
#5885 = FACE_BOUND('',#5886,.F.);
#5886 = EDGE_LOOP('',(#5887,#5888,#5894,#5895));
#5887 = ORIENTED_EDGE('',*,*,#1419,.F.);
#5888 = ORIENTED_EDGE('',*,*,#5889,.F.);
#5889 = EDGE_CURVE('',#3309,#1420,#5890,.T.);
#5890 = LINE('',#5891,#5892);
#5891 = CARTESIAN_POINT('',(65.5,90.,0.));
#5892 = VECTOR('',#5893,1.);
#5893 = DIRECTION('',(0.,0.,1.));
#5894 = ORIENTED_EDGE('',*,*,#3308,.T.);
#5895 = ORIENTED_EDGE('',*,*,#5889,.T.);
#5896 = CYLINDRICAL_SURFACE('',#5897,2.5);
#5897 = AXIS2_PLACEMENT_3D('',#5898,#5899,#5900);
#5898 = CARTESIAN_POINT('',(63.,90.,0.));
#5899 = DIRECTION('',(0.,0.,1.));
#5900 = DIRECTION('',(1.,0.,0.));
#5901 = ADVANCED_FACE('',(#5902),#5913,.F.);
#5902 = FACE_BOUND('',#5903,.F.);
#5903 = EDGE_LOOP('',(#5904,#5905,#5911,#5912));
#5904 = ORIENTED_EDGE('',*,*,#1430,.F.);
#5905 = ORIENTED_EDGE('',*,*,#5906,.F.);
#5906 = EDGE_CURVE('',#3320,#1431,#5907,.T.);
#5907 = LINE('',#5908,#5909);
#5908 = CARTESIAN_POINT('',(47.5,99.,0.));
#5909 = VECTOR('',#5910,1.);
#5910 = DIRECTION('',(0.,0.,1.));
#5911 = ORIENTED_EDGE('',*,*,#3319,.T.);
#5912 = ORIENTED_EDGE('',*,*,#5906,.T.);
#5913 = CYLINDRICAL_SURFACE('',#5914,2.5);
#5914 = AXIS2_PLACEMENT_3D('',#5915,#5916,#5917);
#5915 = CARTESIAN_POINT('',(45.,99.,0.));
#5916 = DIRECTION('',(0.,0.,1.));
#5917 = DIRECTION('',(1.,0.,0.));
#5918 = ADVANCED_FACE('',(#5919),#5930,.F.);
#5919 = FACE_BOUND('',#5920,.F.);
#5920 = EDGE_LOOP('',(#5921,#5922,#5928,#5929));
#5921 = ORIENTED_EDGE('',*,*,#1441,.F.);
#5922 = ORIENTED_EDGE('',*,*,#5923,.F.);
#5923 = EDGE_CURVE('',#3331,#1442,#5924,.T.);
#5924 = LINE('',#5925,#5926);
#5925 = CARTESIAN_POINT('',(47.5,108.,0.));
#5926 = VECTOR('',#5927,1.);
#5927 = DIRECTION('',(0.,0.,1.));
#5928 = ORIENTED_EDGE('',*,*,#3330,.T.);
#5929 = ORIENTED_EDGE('',*,*,#5923,.T.);
#5930 = CYLINDRICAL_SURFACE('',#5931,2.5);
#5931 = AXIS2_PLACEMENT_3D('',#5932,#5933,#5934);
#5932 = CARTESIAN_POINT('',(45.,108.,0.));
#5933 = DIRECTION('',(0.,0.,1.));
#5934 = DIRECTION('',(1.,0.,0.));
#5935 = ADVANCED_FACE('',(#5936),#5947,.F.);
#5936 = FACE_BOUND('',#5937,.F.);
#5937 = EDGE_LOOP('',(#5938,#5939,#5945,#5946));
#5938 = ORIENTED_EDGE('',*,*,#1452,.F.);
#5939 = ORIENTED_EDGE('',*,*,#5940,.F.);
#5940 = EDGE_CURVE('',#3342,#1453,#5941,.T.);
#5941 = LINE('',#5942,#5943);
#5942 = CARTESIAN_POINT('',(56.5,99.,0.));
#5943 = VECTOR('',#5944,1.);
#5944 = DIRECTION('',(0.,0.,1.));
#5945 = ORIENTED_EDGE('',*,*,#3341,.T.);
#5946 = ORIENTED_EDGE('',*,*,#5940,.T.);
#5947 = CYLINDRICAL_SURFACE('',#5948,2.5);
#5948 = AXIS2_PLACEMENT_3D('',#5949,#5950,#5951);
#5949 = CARTESIAN_POINT('',(54.,99.,0.));
#5950 = DIRECTION('',(0.,0.,1.));
#5951 = DIRECTION('',(1.,0.,0.));
#5952 = ADVANCED_FACE('',(#5953),#5964,.F.);
#5953 = FACE_BOUND('',#5954,.F.);
#5954 = EDGE_LOOP('',(#5955,#5956,#5962,#5963));
#5955 = ORIENTED_EDGE('',*,*,#1463,.F.);
#5956 = ORIENTED_EDGE('',*,*,#5957,.F.);
#5957 = EDGE_CURVE('',#3353,#1464,#5958,.T.);
#5958 = LINE('',#5959,#5960);
#5959 = CARTESIAN_POINT('',(65.5,99.,0.));
#5960 = VECTOR('',#5961,1.);
#5961 = DIRECTION('',(0.,0.,1.));
#5962 = ORIENTED_EDGE('',*,*,#3352,.T.);
#5963 = ORIENTED_EDGE('',*,*,#5957,.T.);
#5964 = CYLINDRICAL_SURFACE('',#5965,2.5);
#5965 = AXIS2_PLACEMENT_3D('',#5966,#5967,#5968);
#5966 = CARTESIAN_POINT('',(63.,99.,0.));
#5967 = DIRECTION('',(0.,0.,1.));
#5968 = DIRECTION('',(1.,0.,0.));
#5969 = ADVANCED_FACE('',(#5970),#5981,.F.);
#5970 = FACE_BOUND('',#5971,.F.);
#5971 = EDGE_LOOP('',(#5972,#5973,#5979,#5980));
#5972 = ORIENTED_EDGE('',*,*,#1474,.F.);
#5973 = ORIENTED_EDGE('',*,*,#5974,.F.);
#5974 = EDGE_CURVE('',#3364,#1475,#5975,.T.);
#5975 = LINE('',#5976,#5977);
#5976 = CARTESIAN_POINT('',(56.5,108.,0.));
#5977 = VECTOR('',#5978,1.);
#5978 = DIRECTION('',(0.,0.,1.));
#5979 = ORIENTED_EDGE('',*,*,#3363,.T.);
#5980 = ORIENTED_EDGE('',*,*,#5974,.T.);
#5981 = CYLINDRICAL_SURFACE('',#5982,2.5);
#5982 = AXIS2_PLACEMENT_3D('',#5983,#5984,#5985);
#5983 = CARTESIAN_POINT('',(54.,108.,0.));
#5984 = DIRECTION('',(0.,0.,1.));
#5985 = DIRECTION('',(1.,0.,0.));
#5986 = ADVANCED_FACE('',(#5987),#5998,.F.);
#5987 = FACE_BOUND('',#5988,.F.);
#5988 = EDGE_LOOP('',(#5989,#5990,#5996,#5997));
#5989 = ORIENTED_EDGE('',*,*,#1485,.F.);
#5990 = ORIENTED_EDGE('',*,*,#5991,.F.);
#5991 = EDGE_CURVE('',#3375,#1486,#5992,.T.);
#5992 = LINE('',#5993,#5994);
#5993 = CARTESIAN_POINT('',(65.5,108.,0.));
#5994 = VECTOR('',#5995,1.);
#5995 = DIRECTION('',(0.,0.,1.));
#5996 = ORIENTED_EDGE('',*,*,#3374,.T.);
#5997 = ORIENTED_EDGE('',*,*,#5991,.T.);
#5998 = CYLINDRICAL_SURFACE('',#5999,2.5);
#5999 = AXIS2_PLACEMENT_3D('',#6000,#6001,#6002);
#6000 = CARTESIAN_POINT('',(63.,108.,0.));
#6001 = DIRECTION('',(0.,0.,1.));
#6002 = DIRECTION('',(1.,0.,0.));
#6003 = ADVANCED_FACE('',(#6004),#6015,.F.);
#6004 = FACE_BOUND('',#6005,.F.);
#6005 = EDGE_LOOP('',(#6006,#6007,#6013,#6014));
#6006 = ORIENTED_EDGE('',*,*,#1496,.F.);
#6007 = ORIENTED_EDGE('',*,*,#6008,.F.);
#6008 = EDGE_CURVE('',#3386,#1497,#6009,.T.);
#6009 = LINE('',#6010,#6011);
#6010 = CARTESIAN_POINT('',(74.5,63.,0.));
#6011 = VECTOR('',#6012,1.);
#6012 = DIRECTION('',(0.,0.,1.));
#6013 = ORIENTED_EDGE('',*,*,#3385,.T.);
#6014 = ORIENTED_EDGE('',*,*,#6008,.T.);
#6015 = CYLINDRICAL_SURFACE('',#6016,2.5);
#6016 = AXIS2_PLACEMENT_3D('',#6017,#6018,#6019);
#6017 = CARTESIAN_POINT('',(72.,63.,0.));
#6018 = DIRECTION('',(0.,0.,1.));
#6019 = DIRECTION('',(1.,0.,0.));
#6020 = ADVANCED_FACE('',(#6021),#6032,.F.);
#6021 = FACE_BOUND('',#6022,.F.);
#6022 = EDGE_LOOP('',(#6023,#6024,#6030,#6031));
#6023 = ORIENTED_EDGE('',*,*,#1507,.F.);
#6024 = ORIENTED_EDGE('',*,*,#6025,.F.);
#6025 = EDGE_CURVE('',#3397,#1508,#6026,.T.);
#6026 = LINE('',#6027,#6028);
#6027 = CARTESIAN_POINT('',(83.5,63.,0.));
#6028 = VECTOR('',#6029,1.);
#6029 = DIRECTION('',(0.,0.,1.));
#6030 = ORIENTED_EDGE('',*,*,#3396,.T.);
#6031 = ORIENTED_EDGE('',*,*,#6025,.T.);
#6032 = CYLINDRICAL_SURFACE('',#6033,2.5);
#6033 = AXIS2_PLACEMENT_3D('',#6034,#6035,#6036);
#6034 = CARTESIAN_POINT('',(81.,63.,0.));
#6035 = DIRECTION('',(0.,0.,1.));
#6036 = DIRECTION('',(1.,0.,0.));
#6037 = ADVANCED_FACE('',(#6038),#6049,.F.);
#6038 = FACE_BOUND('',#6039,.F.);
#6039 = EDGE_LOOP('',(#6040,#6041,#6047,#6048));
#6040 = ORIENTED_EDGE('',*,*,#1518,.F.);
#6041 = ORIENTED_EDGE('',*,*,#6042,.F.);
#6042 = EDGE_CURVE('',#3408,#1519,#6043,.T.);
#6043 = LINE('',#6044,#6045);
#6044 = CARTESIAN_POINT('',(92.5,63.,0.));
#6045 = VECTOR('',#6046,1.);
#6046 = DIRECTION('',(0.,0.,1.));
#6047 = ORIENTED_EDGE('',*,*,#3407,.T.);
#6048 = ORIENTED_EDGE('',*,*,#6042,.T.);
#6049 = CYLINDRICAL_SURFACE('',#6050,2.5);
#6050 = AXIS2_PLACEMENT_3D('',#6051,#6052,#6053);
#6051 = CARTESIAN_POINT('',(90.,63.,0.));
#6052 = DIRECTION('',(0.,0.,1.));
#6053 = DIRECTION('',(1.,0.,0.));
#6054 = ADVANCED_FACE('',(#6055),#6066,.F.);
#6055 = FACE_BOUND('',#6056,.F.);
#6056 = EDGE_LOOP('',(#6057,#6058,#6064,#6065));
#6057 = ORIENTED_EDGE('',*,*,#1529,.F.);
#6058 = ORIENTED_EDGE('',*,*,#6059,.F.);
#6059 = EDGE_CURVE('',#3419,#1530,#6060,.T.);
#6060 = LINE('',#6061,#6062);
#6061 = CARTESIAN_POINT('',(74.5,72.,0.));
#6062 = VECTOR('',#6063,1.);
#6063 = DIRECTION('',(0.,0.,1.));
#6064 = ORIENTED_EDGE('',*,*,#3418,.T.);
#6065 = ORIENTED_EDGE('',*,*,#6059,.T.);
#6066 = CYLINDRICAL_SURFACE('',#6067,2.5);
#6067 = AXIS2_PLACEMENT_3D('',#6068,#6069,#6070);
#6068 = CARTESIAN_POINT('',(72.,72.,0.));
#6069 = DIRECTION('',(0.,0.,1.));
#6070 = DIRECTION('',(1.,0.,0.));
#6071 = ADVANCED_FACE('',(#6072),#6083,.F.);
#6072 = FACE_BOUND('',#6073,.F.);
#6073 = EDGE_LOOP('',(#6074,#6075,#6081,#6082));
#6074 = ORIENTED_EDGE('',*,*,#1540,.F.);
#6075 = ORIENTED_EDGE('',*,*,#6076,.F.);
#6076 = EDGE_CURVE('',#3430,#1541,#6077,.T.);
#6077 = LINE('',#6078,#6079);
#6078 = CARTESIAN_POINT('',(83.5,72.,0.));
#6079 = VECTOR('',#6080,1.);
#6080 = DIRECTION('',(0.,0.,1.));
#6081 = ORIENTED_EDGE('',*,*,#3429,.T.);
#6082 = ORIENTED_EDGE('',*,*,#6076,.T.);
#6083 = CYLINDRICAL_SURFACE('',#6084,2.5);
#6084 = AXIS2_PLACEMENT_3D('',#6085,#6086,#6087);
#6085 = CARTESIAN_POINT('',(81.,72.,0.));
#6086 = DIRECTION('',(0.,0.,1.));
#6087 = DIRECTION('',(1.,0.,0.));
#6088 = ADVANCED_FACE('',(#6089),#6100,.F.);
#6089 = FACE_BOUND('',#6090,.F.);
#6090 = EDGE_LOOP('',(#6091,#6092,#6098,#6099));
#6091 = ORIENTED_EDGE('',*,*,#1551,.F.);
#6092 = ORIENTED_EDGE('',*,*,#6093,.F.);
#6093 = EDGE_CURVE('',#3441,#1552,#6094,.T.);
#6094 = LINE('',#6095,#6096);
#6095 = CARTESIAN_POINT('',(74.5,81.,0.));
#6096 = VECTOR('',#6097,1.);
#6097 = DIRECTION('',(0.,0.,1.));
#6098 = ORIENTED_EDGE('',*,*,#3440,.T.);
#6099 = ORIENTED_EDGE('',*,*,#6093,.T.);
#6100 = CYLINDRICAL_SURFACE('',#6101,2.5);
#6101 = AXIS2_PLACEMENT_3D('',#6102,#6103,#6104);
#6102 = CARTESIAN_POINT('',(72.,81.,0.));
#6103 = DIRECTION('',(0.,0.,1.));
#6104 = DIRECTION('',(1.,0.,0.));
#6105 = ADVANCED_FACE('',(#6106),#6117,.F.);
#6106 = FACE_BOUND('',#6107,.F.);
#6107 = EDGE_LOOP('',(#6108,#6109,#6115,#6116));
#6108 = ORIENTED_EDGE('',*,*,#1562,.F.);
#6109 = ORIENTED_EDGE('',*,*,#6110,.F.);
#6110 = EDGE_CURVE('',#3452,#1563,#6111,.T.);
#6111 = LINE('',#6112,#6113);
#6112 = CARTESIAN_POINT('',(83.5,81.,0.));
#6113 = VECTOR('',#6114,1.);
#6114 = DIRECTION('',(0.,0.,1.));
#6115 = ORIENTED_EDGE('',*,*,#3451,.T.);
#6116 = ORIENTED_EDGE('',*,*,#6110,.T.);
#6117 = CYLINDRICAL_SURFACE('',#6118,2.5);
#6118 = AXIS2_PLACEMENT_3D('',#6119,#6120,#6121);
#6119 = CARTESIAN_POINT('',(81.,81.,0.));
#6120 = DIRECTION('',(0.,0.,1.));
#6121 = DIRECTION('',(1.,0.,0.));
#6122 = ADVANCED_FACE('',(#6123),#6134,.F.);
#6123 = FACE_BOUND('',#6124,.F.);
#6124 = EDGE_LOOP('',(#6125,#6126,#6132,#6133));
#6125 = ORIENTED_EDGE('',*,*,#1573,.F.);
#6126 = ORIENTED_EDGE('',*,*,#6127,.F.);
#6127 = EDGE_CURVE('',#3463,#1574,#6128,.T.);
#6128 = LINE('',#6129,#6130);
#6129 = CARTESIAN_POINT('',(92.5,72.,0.));
#6130 = VECTOR('',#6131,1.);
#6131 = DIRECTION('',(0.,0.,1.));
#6132 = ORIENTED_EDGE('',*,*,#3462,.T.);
#6133 = ORIENTED_EDGE('',*,*,#6127,.T.);
#6134 = CYLINDRICAL_SURFACE('',#6135,2.5);
#6135 = AXIS2_PLACEMENT_3D('',#6136,#6137,#6138);
#6136 = CARTESIAN_POINT('',(90.,72.,0.));
#6137 = DIRECTION('',(0.,0.,1.));
#6138 = DIRECTION('',(1.,0.,0.));
#6139 = ADVANCED_FACE('',(#6140),#6151,.F.);
#6140 = FACE_BOUND('',#6141,.F.);
#6141 = EDGE_LOOP('',(#6142,#6143,#6149,#6150));
#6142 = ORIENTED_EDGE('',*,*,#1584,.F.);
#6143 = ORIENTED_EDGE('',*,*,#6144,.F.);
#6144 = EDGE_CURVE('',#3474,#1585,#6145,.T.);
#6145 = LINE('',#6146,#6147);
#6146 = CARTESIAN_POINT('',(92.5,81.,0.));
#6147 = VECTOR('',#6148,1.);
#6148 = DIRECTION('',(0.,0.,1.));
#6149 = ORIENTED_EDGE('',*,*,#3473,.T.);
#6150 = ORIENTED_EDGE('',*,*,#6144,.T.);
#6151 = CYLINDRICAL_SURFACE('',#6152,2.5);
#6152 = AXIS2_PLACEMENT_3D('',#6153,#6154,#6155);
#6153 = CARTESIAN_POINT('',(90.,81.,0.));
#6154 = DIRECTION('',(0.,0.,1.));
#6155 = DIRECTION('',(1.,0.,0.));
#6156 = ADVANCED_FACE('',(#6157),#6168,.F.);
#6157 = FACE_BOUND('',#6158,.F.);
#6158 = EDGE_LOOP('',(#6159,#6160,#6166,#6167));
#6159 = ORIENTED_EDGE('',*,*,#1595,.F.);
#6160 = ORIENTED_EDGE('',*,*,#6161,.F.);
#6161 = EDGE_CURVE('',#3485,#1596,#6162,.T.);
#6162 = LINE('',#6163,#6164);
#6163 = CARTESIAN_POINT('',(101.5,63.,0.));
#6164 = VECTOR('',#6165,1.);
#6165 = DIRECTION('',(0.,0.,1.));
#6166 = ORIENTED_EDGE('',*,*,#3484,.T.);
#6167 = ORIENTED_EDGE('',*,*,#6161,.T.);
#6168 = CYLINDRICAL_SURFACE('',#6169,2.5);
#6169 = AXIS2_PLACEMENT_3D('',#6170,#6171,#6172);
#6170 = CARTESIAN_POINT('',(99.,63.,0.));
#6171 = DIRECTION('',(0.,0.,1.));
#6172 = DIRECTION('',(1.,0.,0.));
#6173 = ADVANCED_FACE('',(#6174),#6185,.F.);
#6174 = FACE_BOUND('',#6175,.F.);
#6175 = EDGE_LOOP('',(#6176,#6177,#6183,#6184));
#6176 = ORIENTED_EDGE('',*,*,#1606,.F.);
#6177 = ORIENTED_EDGE('',*,*,#6178,.F.);
#6178 = EDGE_CURVE('',#3496,#1607,#6179,.T.);
#6179 = LINE('',#6180,#6181);
#6180 = CARTESIAN_POINT('',(110.5,63.,0.));
#6181 = VECTOR('',#6182,1.);
#6182 = DIRECTION('',(0.,0.,1.));
#6183 = ORIENTED_EDGE('',*,*,#3495,.T.);
#6184 = ORIENTED_EDGE('',*,*,#6178,.T.);
#6185 = CYLINDRICAL_SURFACE('',#6186,2.5);
#6186 = AXIS2_PLACEMENT_3D('',#6187,#6188,#6189);
#6187 = CARTESIAN_POINT('',(108.,63.,0.));
#6188 = DIRECTION('',(0.,0.,1.));
#6189 = DIRECTION('',(1.,0.,0.));
#6190 = ADVANCED_FACE('',(#6191),#6202,.F.);
#6191 = FACE_BOUND('',#6192,.F.);
#6192 = EDGE_LOOP('',(#6193,#6194,#6200,#6201));
#6193 = ORIENTED_EDGE('',*,*,#1617,.F.);
#6194 = ORIENTED_EDGE('',*,*,#6195,.F.);
#6195 = EDGE_CURVE('',#3507,#1618,#6196,.T.);
#6196 = LINE('',#6197,#6198);
#6197 = CARTESIAN_POINT('',(119.5,63.,0.));
#6198 = VECTOR('',#6199,1.);
#6199 = DIRECTION('',(0.,0.,1.));
#6200 = ORIENTED_EDGE('',*,*,#3506,.T.);
#6201 = ORIENTED_EDGE('',*,*,#6195,.T.);
#6202 = CYLINDRICAL_SURFACE('',#6203,2.5);
#6203 = AXIS2_PLACEMENT_3D('',#6204,#6205,#6206);
#6204 = CARTESIAN_POINT('',(117.,63.,0.));
#6205 = DIRECTION('',(0.,0.,1.));
#6206 = DIRECTION('',(1.,0.,0.));
#6207 = ADVANCED_FACE('',(#6208),#6219,.F.);
#6208 = FACE_BOUND('',#6209,.F.);
#6209 = EDGE_LOOP('',(#6210,#6211,#6217,#6218));
#6210 = ORIENTED_EDGE('',*,*,#1628,.F.);
#6211 = ORIENTED_EDGE('',*,*,#6212,.F.);
#6212 = EDGE_CURVE('',#3518,#1629,#6213,.T.);
#6213 = LINE('',#6214,#6215);
#6214 = CARTESIAN_POINT('',(128.5,63.,0.));
#6215 = VECTOR('',#6216,1.);
#6216 = DIRECTION('',(0.,0.,1.));
#6217 = ORIENTED_EDGE('',*,*,#3517,.T.);
#6218 = ORIENTED_EDGE('',*,*,#6212,.T.);
#6219 = CYLINDRICAL_SURFACE('',#6220,2.5);
#6220 = AXIS2_PLACEMENT_3D('',#6221,#6222,#6223);
#6221 = CARTESIAN_POINT('',(126.,63.,0.));
#6222 = DIRECTION('',(0.,0.,1.));
#6223 = DIRECTION('',(1.,0.,0.));
#6224 = ADVANCED_FACE('',(#6225),#6236,.F.);
#6225 = FACE_BOUND('',#6226,.F.);
#6226 = EDGE_LOOP('',(#6227,#6228,#6234,#6235));
#6227 = ORIENTED_EDGE('',*,*,#1639,.F.);
#6228 = ORIENTED_EDGE('',*,*,#6229,.F.);
#6229 = EDGE_CURVE('',#3529,#1640,#6230,.T.);
#6230 = LINE('',#6231,#6232);
#6231 = CARTESIAN_POINT('',(101.5,72.,0.));
#6232 = VECTOR('',#6233,1.);
#6233 = DIRECTION('',(0.,0.,1.));
#6234 = ORIENTED_EDGE('',*,*,#3528,.T.);
#6235 = ORIENTED_EDGE('',*,*,#6229,.T.);
#6236 = CYLINDRICAL_SURFACE('',#6237,2.5);
#6237 = AXIS2_PLACEMENT_3D('',#6238,#6239,#6240);
#6238 = CARTESIAN_POINT('',(99.,72.,0.));
#6239 = DIRECTION('',(0.,0.,1.));
#6240 = DIRECTION('',(1.,0.,0.));
#6241 = ADVANCED_FACE('',(#6242),#6253,.F.);
#6242 = FACE_BOUND('',#6243,.F.);
#6243 = EDGE_LOOP('',(#6244,#6245,#6251,#6252));
#6244 = ORIENTED_EDGE('',*,*,#1650,.F.);
#6245 = ORIENTED_EDGE('',*,*,#6246,.F.);
#6246 = EDGE_CURVE('',#3540,#1651,#6247,.T.);
#6247 = LINE('',#6248,#6249);
#6248 = CARTESIAN_POINT('',(110.5,72.,0.));
#6249 = VECTOR('',#6250,1.);
#6250 = DIRECTION('',(0.,0.,1.));
#6251 = ORIENTED_EDGE('',*,*,#3539,.T.);
#6252 = ORIENTED_EDGE('',*,*,#6246,.T.);
#6253 = CYLINDRICAL_SURFACE('',#6254,2.5);
#6254 = AXIS2_PLACEMENT_3D('',#6255,#6256,#6257);
#6255 = CARTESIAN_POINT('',(108.,72.,0.));
#6256 = DIRECTION('',(0.,0.,1.));
#6257 = DIRECTION('',(1.,0.,0.));
#6258 = ADVANCED_FACE('',(#6259),#6270,.F.);
#6259 = FACE_BOUND('',#6260,.F.);
#6260 = EDGE_LOOP('',(#6261,#6262,#6268,#6269));
#6261 = ORIENTED_EDGE('',*,*,#1661,.F.);
#6262 = ORIENTED_EDGE('',*,*,#6263,.F.);
#6263 = EDGE_CURVE('',#3551,#1662,#6264,.T.);
#6264 = LINE('',#6265,#6266);
#6265 = CARTESIAN_POINT('',(101.5,81.,0.));
#6266 = VECTOR('',#6267,1.);
#6267 = DIRECTION('',(0.,0.,1.));
#6268 = ORIENTED_EDGE('',*,*,#3550,.T.);
#6269 = ORIENTED_EDGE('',*,*,#6263,.T.);
#6270 = CYLINDRICAL_SURFACE('',#6271,2.5);
#6271 = AXIS2_PLACEMENT_3D('',#6272,#6273,#6274);
#6272 = CARTESIAN_POINT('',(99.,81.,0.));
#6273 = DIRECTION('',(0.,0.,1.));
#6274 = DIRECTION('',(1.,0.,0.));
#6275 = ADVANCED_FACE('',(#6276),#6287,.F.);
#6276 = FACE_BOUND('',#6277,.F.);
#6277 = EDGE_LOOP('',(#6278,#6279,#6285,#6286));
#6278 = ORIENTED_EDGE('',*,*,#1672,.F.);
#6279 = ORIENTED_EDGE('',*,*,#6280,.F.);
#6280 = EDGE_CURVE('',#3562,#1673,#6281,.T.);
#6281 = LINE('',#6282,#6283);
#6282 = CARTESIAN_POINT('',(110.5,81.,0.));
#6283 = VECTOR('',#6284,1.);
#6284 = DIRECTION('',(0.,0.,1.));
#6285 = ORIENTED_EDGE('',*,*,#3561,.T.);
#6286 = ORIENTED_EDGE('',*,*,#6280,.T.);
#6287 = CYLINDRICAL_SURFACE('',#6288,2.5);
#6288 = AXIS2_PLACEMENT_3D('',#6289,#6290,#6291);
#6289 = CARTESIAN_POINT('',(108.,81.,0.));
#6290 = DIRECTION('',(0.,0.,1.));
#6291 = DIRECTION('',(1.,0.,0.));
#6292 = ADVANCED_FACE('',(#6293),#6304,.F.);
#6293 = FACE_BOUND('',#6294,.F.);
#6294 = EDGE_LOOP('',(#6295,#6296,#6302,#6303));
#6295 = ORIENTED_EDGE('',*,*,#1683,.F.);
#6296 = ORIENTED_EDGE('',*,*,#6297,.F.);
#6297 = EDGE_CURVE('',#3573,#1684,#6298,.T.);
#6298 = LINE('',#6299,#6300);
#6299 = CARTESIAN_POINT('',(119.5,72.,0.));
#6300 = VECTOR('',#6301,1.);
#6301 = DIRECTION('',(0.,0.,1.));
#6302 = ORIENTED_EDGE('',*,*,#3572,.T.);
#6303 = ORIENTED_EDGE('',*,*,#6297,.T.);
#6304 = CYLINDRICAL_SURFACE('',#6305,2.5);
#6305 = AXIS2_PLACEMENT_3D('',#6306,#6307,#6308);
#6306 = CARTESIAN_POINT('',(117.,72.,0.));
#6307 = DIRECTION('',(0.,0.,1.));
#6308 = DIRECTION('',(1.,0.,0.));
#6309 = ADVANCED_FACE('',(#6310),#6321,.F.);
#6310 = FACE_BOUND('',#6311,.F.);
#6311 = EDGE_LOOP('',(#6312,#6313,#6319,#6320));
#6312 = ORIENTED_EDGE('',*,*,#1694,.F.);
#6313 = ORIENTED_EDGE('',*,*,#6314,.F.);
#6314 = EDGE_CURVE('',#3584,#1695,#6315,.T.);
#6315 = LINE('',#6316,#6317);
#6316 = CARTESIAN_POINT('',(128.5,72.,0.));
#6317 = VECTOR('',#6318,1.);
#6318 = DIRECTION('',(0.,0.,1.));
#6319 = ORIENTED_EDGE('',*,*,#3583,.T.);
#6320 = ORIENTED_EDGE('',*,*,#6314,.T.);
#6321 = CYLINDRICAL_SURFACE('',#6322,2.5);
#6322 = AXIS2_PLACEMENT_3D('',#6323,#6324,#6325);
#6323 = CARTESIAN_POINT('',(126.,72.,0.));
#6324 = DIRECTION('',(0.,0.,1.));
#6325 = DIRECTION('',(1.,0.,0.));
#6326 = ADVANCED_FACE('',(#6327),#6338,.F.);
#6327 = FACE_BOUND('',#6328,.F.);
#6328 = EDGE_LOOP('',(#6329,#6330,#6336,#6337));
#6329 = ORIENTED_EDGE('',*,*,#1705,.F.);
#6330 = ORIENTED_EDGE('',*,*,#6331,.F.);
#6331 = EDGE_CURVE('',#3595,#1706,#6332,.T.);
#6332 = LINE('',#6333,#6334);
#6333 = CARTESIAN_POINT('',(119.5,81.,0.));
#6334 = VECTOR('',#6335,1.);
#6335 = DIRECTION('',(0.,0.,1.));
#6336 = ORIENTED_EDGE('',*,*,#3594,.T.);
#6337 = ORIENTED_EDGE('',*,*,#6331,.T.);
#6338 = CYLINDRICAL_SURFACE('',#6339,2.5);
#6339 = AXIS2_PLACEMENT_3D('',#6340,#6341,#6342);
#6340 = CARTESIAN_POINT('',(117.,81.,0.));
#6341 = DIRECTION('',(0.,0.,1.));
#6342 = DIRECTION('',(1.,0.,0.));
#6343 = ADVANCED_FACE('',(#6344),#6355,.F.);
#6344 = FACE_BOUND('',#6345,.F.);
#6345 = EDGE_LOOP('',(#6346,#6347,#6353,#6354));
#6346 = ORIENTED_EDGE('',*,*,#1716,.F.);
#6347 = ORIENTED_EDGE('',*,*,#6348,.F.);
#6348 = EDGE_CURVE('',#3606,#1717,#6349,.T.);
#6349 = LINE('',#6350,#6351);
#6350 = CARTESIAN_POINT('',(128.5,81.,0.));
#6351 = VECTOR('',#6352,1.);
#6352 = DIRECTION('',(0.,0.,1.));
#6353 = ORIENTED_EDGE('',*,*,#3605,.T.);
#6354 = ORIENTED_EDGE('',*,*,#6348,.T.);
#6355 = CYLINDRICAL_SURFACE('',#6356,2.5);
#6356 = AXIS2_PLACEMENT_3D('',#6357,#6358,#6359);
#6357 = CARTESIAN_POINT('',(126.,81.,0.));
#6358 = DIRECTION('',(0.,0.,1.));
#6359 = DIRECTION('',(1.,0.,0.));
#6360 = ADVANCED_FACE('',(#6361),#6372,.F.);
#6361 = FACE_BOUND('',#6362,.F.);
#6362 = EDGE_LOOP('',(#6363,#6364,#6370,#6371));
#6363 = ORIENTED_EDGE('',*,*,#1727,.F.);
#6364 = ORIENTED_EDGE('',*,*,#6365,.F.);
#6365 = EDGE_CURVE('',#3617,#1728,#6366,.T.);
#6366 = LINE('',#6367,#6368);
#6367 = CARTESIAN_POINT('',(74.5,90.,0.));
#6368 = VECTOR('',#6369,1.);
#6369 = DIRECTION('',(0.,0.,1.));
#6370 = ORIENTED_EDGE('',*,*,#3616,.T.);
#6371 = ORIENTED_EDGE('',*,*,#6365,.T.);
#6372 = CYLINDRICAL_SURFACE('',#6373,2.5);
#6373 = AXIS2_PLACEMENT_3D('',#6374,#6375,#6376);
#6374 = CARTESIAN_POINT('',(72.,90.,0.));
#6375 = DIRECTION('',(0.,0.,1.));
#6376 = DIRECTION('',(1.,0.,0.));
#6377 = ADVANCED_FACE('',(#6378),#6389,.F.);
#6378 = FACE_BOUND('',#6379,.F.);
#6379 = EDGE_LOOP('',(#6380,#6381,#6387,#6388));
#6380 = ORIENTED_EDGE('',*,*,#1738,.F.);
#6381 = ORIENTED_EDGE('',*,*,#6382,.F.);
#6382 = EDGE_CURVE('',#3628,#1739,#6383,.T.);
#6383 = LINE('',#6384,#6385);
#6384 = CARTESIAN_POINT('',(83.5,90.,0.));
#6385 = VECTOR('',#6386,1.);
#6386 = DIRECTION('',(0.,0.,1.));
#6387 = ORIENTED_EDGE('',*,*,#3627,.T.);
#6388 = ORIENTED_EDGE('',*,*,#6382,.T.);
#6389 = CYLINDRICAL_SURFACE('',#6390,2.5);
#6390 = AXIS2_PLACEMENT_3D('',#6391,#6392,#6393);
#6391 = CARTESIAN_POINT('',(81.,90.,0.));
#6392 = DIRECTION('',(0.,0.,1.));
#6393 = DIRECTION('',(1.,0.,0.));
#6394 = ADVANCED_FACE('',(#6395),#6406,.F.);
#6395 = FACE_BOUND('',#6396,.F.);
#6396 = EDGE_LOOP('',(#6397,#6398,#6404,#6405));
#6397 = ORIENTED_EDGE('',*,*,#1749,.F.);
#6398 = ORIENTED_EDGE('',*,*,#6399,.F.);
#6399 = EDGE_CURVE('',#3639,#1750,#6400,.T.);
#6400 = LINE('',#6401,#6402);
#6401 = CARTESIAN_POINT('',(92.5,90.,0.));
#6402 = VECTOR('',#6403,1.);
#6403 = DIRECTION('',(0.,0.,1.));
#6404 = ORIENTED_EDGE('',*,*,#3638,.T.);
#6405 = ORIENTED_EDGE('',*,*,#6399,.T.);
#6406 = CYLINDRICAL_SURFACE('',#6407,2.5);
#6407 = AXIS2_PLACEMENT_3D('',#6408,#6409,#6410);
#6408 = CARTESIAN_POINT('',(90.,90.,0.));
#6409 = DIRECTION('',(0.,0.,1.));
#6410 = DIRECTION('',(1.,0.,0.));
#6411 = ADVANCED_FACE('',(#6412),#6423,.F.);
#6412 = FACE_BOUND('',#6413,.F.);
#6413 = EDGE_LOOP('',(#6414,#6415,#6421,#6422));
#6414 = ORIENTED_EDGE('',*,*,#1760,.F.);
#6415 = ORIENTED_EDGE('',*,*,#6416,.F.);
#6416 = EDGE_CURVE('',#3650,#1761,#6417,.T.);
#6417 = LINE('',#6418,#6419);
#6418 = CARTESIAN_POINT('',(74.5,99.,0.));
#6419 = VECTOR('',#6420,1.);
#6420 = DIRECTION('',(0.,0.,1.));
#6421 = ORIENTED_EDGE('',*,*,#3649,.T.);
#6422 = ORIENTED_EDGE('',*,*,#6416,.T.);
#6423 = CYLINDRICAL_SURFACE('',#6424,2.5);
#6424 = AXIS2_PLACEMENT_3D('',#6425,#6426,#6427);
#6425 = CARTESIAN_POINT('',(72.,99.,0.));
#6426 = DIRECTION('',(0.,0.,1.));
#6427 = DIRECTION('',(1.,0.,0.));
#6428 = ADVANCED_FACE('',(#6429),#6440,.F.);
#6429 = FACE_BOUND('',#6430,.F.);
#6430 = EDGE_LOOP('',(#6431,#6432,#6438,#6439));
#6431 = ORIENTED_EDGE('',*,*,#1771,.F.);
#6432 = ORIENTED_EDGE('',*,*,#6433,.F.);
#6433 = EDGE_CURVE('',#3661,#1772,#6434,.T.);
#6434 = LINE('',#6435,#6436);
#6435 = CARTESIAN_POINT('',(83.5,99.,0.));
#6436 = VECTOR('',#6437,1.);
#6437 = DIRECTION('',(0.,0.,1.));
#6438 = ORIENTED_EDGE('',*,*,#3660,.T.);
#6439 = ORIENTED_EDGE('',*,*,#6433,.T.);
#6440 = CYLINDRICAL_SURFACE('',#6441,2.5);
#6441 = AXIS2_PLACEMENT_3D('',#6442,#6443,#6444);
#6442 = CARTESIAN_POINT('',(81.,99.,0.));
#6443 = DIRECTION('',(0.,0.,1.));
#6444 = DIRECTION('',(1.,0.,0.));
#6445 = ADVANCED_FACE('',(#6446),#6457,.F.);
#6446 = FACE_BOUND('',#6447,.F.);
#6447 = EDGE_LOOP('',(#6448,#6449,#6455,#6456));
#6448 = ORIENTED_EDGE('',*,*,#1782,.F.);
#6449 = ORIENTED_EDGE('',*,*,#6450,.F.);
#6450 = EDGE_CURVE('',#3672,#1783,#6451,.T.);
#6451 = LINE('',#6452,#6453);
#6452 = CARTESIAN_POINT('',(74.5,108.,0.));
#6453 = VECTOR('',#6454,1.);
#6454 = DIRECTION('',(0.,0.,1.));
#6455 = ORIENTED_EDGE('',*,*,#3671,.T.);
#6456 = ORIENTED_EDGE('',*,*,#6450,.T.);
#6457 = CYLINDRICAL_SURFACE('',#6458,2.5);
#6458 = AXIS2_PLACEMENT_3D('',#6459,#6460,#6461);
#6459 = CARTESIAN_POINT('',(72.,108.,0.));
#6460 = DIRECTION('',(0.,0.,1.));
#6461 = DIRECTION('',(1.,0.,0.));
#6462 = ADVANCED_FACE('',(#6463),#6474,.F.);
#6463 = FACE_BOUND('',#6464,.F.);
#6464 = EDGE_LOOP('',(#6465,#6466,#6472,#6473));
#6465 = ORIENTED_EDGE('',*,*,#1793,.F.);
#6466 = ORIENTED_EDGE('',*,*,#6467,.F.);
#6467 = EDGE_CURVE('',#3683,#1794,#6468,.T.);
#6468 = LINE('',#6469,#6470);
#6469 = CARTESIAN_POINT('',(83.5,108.,0.));
#6470 = VECTOR('',#6471,1.);
#6471 = DIRECTION('',(0.,0.,1.));
#6472 = ORIENTED_EDGE('',*,*,#3682,.T.);
#6473 = ORIENTED_EDGE('',*,*,#6467,.T.);
#6474 = CYLINDRICAL_SURFACE('',#6475,2.5);
#6475 = AXIS2_PLACEMENT_3D('',#6476,#6477,#6478);
#6476 = CARTESIAN_POINT('',(81.,108.,0.));
#6477 = DIRECTION('',(0.,0.,1.));
#6478 = DIRECTION('',(1.,0.,0.));
#6479 = ADVANCED_FACE('',(#6480),#6491,.F.);
#6480 = FACE_BOUND('',#6481,.F.);
#6481 = EDGE_LOOP('',(#6482,#6483,#6489,#6490));
#6482 = ORIENTED_EDGE('',*,*,#1804,.F.);
#6483 = ORIENTED_EDGE('',*,*,#6484,.F.);
#6484 = EDGE_CURVE('',#3694,#1805,#6485,.T.);
#6485 = LINE('',#6486,#6487);
#6486 = CARTESIAN_POINT('',(92.5,99.,0.));
#6487 = VECTOR('',#6488,1.);
#6488 = DIRECTION('',(0.,0.,1.));
#6489 = ORIENTED_EDGE('',*,*,#3693,.T.);
#6490 = ORIENTED_EDGE('',*,*,#6484,.T.);
#6491 = CYLINDRICAL_SURFACE('',#6492,2.5);
#6492 = AXIS2_PLACEMENT_3D('',#6493,#6494,#6495);
#6493 = CARTESIAN_POINT('',(90.,99.,0.));
#6494 = DIRECTION('',(0.,0.,1.));
#6495 = DIRECTION('',(1.,0.,0.));
#6496 = ADVANCED_FACE('',(#6497),#6508,.F.);
#6497 = FACE_BOUND('',#6498,.F.);
#6498 = EDGE_LOOP('',(#6499,#6500,#6506,#6507));
#6499 = ORIENTED_EDGE('',*,*,#1815,.F.);
#6500 = ORIENTED_EDGE('',*,*,#6501,.F.);
#6501 = EDGE_CURVE('',#3705,#1816,#6502,.T.);
#6502 = LINE('',#6503,#6504);
#6503 = CARTESIAN_POINT('',(92.5,108.,0.));
#6504 = VECTOR('',#6505,1.);
#6505 = DIRECTION('',(0.,0.,1.));
#6506 = ORIENTED_EDGE('',*,*,#3704,.T.);
#6507 = ORIENTED_EDGE('',*,*,#6501,.T.);
#6508 = CYLINDRICAL_SURFACE('',#6509,2.5);
#6509 = AXIS2_PLACEMENT_3D('',#6510,#6511,#6512);
#6510 = CARTESIAN_POINT('',(90.,108.,0.));
#6511 = DIRECTION('',(0.,0.,1.));
#6512 = DIRECTION('',(1.,0.,0.));
#6513 = ADVANCED_FACE('',(#6514),#6525,.F.);
#6514 = FACE_BOUND('',#6515,.F.);
#6515 = EDGE_LOOP('',(#6516,#6517,#6523,#6524));
#6516 = ORIENTED_EDGE('',*,*,#1826,.F.);
#6517 = ORIENTED_EDGE('',*,*,#6518,.F.);
#6518 = EDGE_CURVE('',#3716,#1827,#6519,.T.);
#6519 = LINE('',#6520,#6521);
#6520 = CARTESIAN_POINT('',(101.5,90.,0.));
#6521 = VECTOR('',#6522,1.);
#6522 = DIRECTION('',(0.,0.,1.));
#6523 = ORIENTED_EDGE('',*,*,#3715,.T.);
#6524 = ORIENTED_EDGE('',*,*,#6518,.T.);
#6525 = CYLINDRICAL_SURFACE('',#6526,2.5);
#6526 = AXIS2_PLACEMENT_3D('',#6527,#6528,#6529);
#6527 = CARTESIAN_POINT('',(99.,90.,0.));
#6528 = DIRECTION('',(0.,0.,1.));
#6529 = DIRECTION('',(1.,0.,0.));
#6530 = ADVANCED_FACE('',(#6531),#6542,.F.);
#6531 = FACE_BOUND('',#6532,.F.);
#6532 = EDGE_LOOP('',(#6533,#6534,#6540,#6541));
#6533 = ORIENTED_EDGE('',*,*,#1837,.F.);
#6534 = ORIENTED_EDGE('',*,*,#6535,.F.);
#6535 = EDGE_CURVE('',#3727,#1838,#6536,.T.);
#6536 = LINE('',#6537,#6538);
#6537 = CARTESIAN_POINT('',(110.5,90.,0.));
#6538 = VECTOR('',#6539,1.);
#6539 = DIRECTION('',(0.,0.,1.));
#6540 = ORIENTED_EDGE('',*,*,#3726,.T.);
#6541 = ORIENTED_EDGE('',*,*,#6535,.T.);
#6542 = CYLINDRICAL_SURFACE('',#6543,2.5);
#6543 = AXIS2_PLACEMENT_3D('',#6544,#6545,#6546);
#6544 = CARTESIAN_POINT('',(108.,90.,0.));
#6545 = DIRECTION('',(0.,0.,1.));
#6546 = DIRECTION('',(1.,0.,0.));
#6547 = ADVANCED_FACE('',(#6548),#6559,.F.);
#6548 = FACE_BOUND('',#6549,.F.);
#6549 = EDGE_LOOP('',(#6550,#6551,#6557,#6558));
#6550 = ORIENTED_EDGE('',*,*,#1848,.F.);
#6551 = ORIENTED_EDGE('',*,*,#6552,.F.);
#6552 = EDGE_CURVE('',#3738,#1849,#6553,.T.);
#6553 = LINE('',#6554,#6555);
#6554 = CARTESIAN_POINT('',(119.5,90.,0.));
#6555 = VECTOR('',#6556,1.);
#6556 = DIRECTION('',(0.,0.,1.));
#6557 = ORIENTED_EDGE('',*,*,#3737,.T.);
#6558 = ORIENTED_EDGE('',*,*,#6552,.T.);
#6559 = CYLINDRICAL_SURFACE('',#6560,2.5);
#6560 = AXIS2_PLACEMENT_3D('',#6561,#6562,#6563);
#6561 = CARTESIAN_POINT('',(117.,90.,0.));
#6562 = DIRECTION('',(0.,0.,1.));
#6563 = DIRECTION('',(1.,0.,0.));
#6564 = ADVANCED_FACE('',(#6565),#6576,.F.);
#6565 = FACE_BOUND('',#6566,.F.);
#6566 = EDGE_LOOP('',(#6567,#6568,#6574,#6575));
#6567 = ORIENTED_EDGE('',*,*,#1859,.F.);
#6568 = ORIENTED_EDGE('',*,*,#6569,.F.);
#6569 = EDGE_CURVE('',#3749,#1860,#6570,.T.);
#6570 = LINE('',#6571,#6572);
#6571 = CARTESIAN_POINT('',(128.5,90.,0.));
#6572 = VECTOR('',#6573,1.);
#6573 = DIRECTION('',(0.,0.,1.));
#6574 = ORIENTED_EDGE('',*,*,#3748,.T.);
#6575 = ORIENTED_EDGE('',*,*,#6569,.T.);
#6576 = CYLINDRICAL_SURFACE('',#6577,2.5);
#6577 = AXIS2_PLACEMENT_3D('',#6578,#6579,#6580);
#6578 = CARTESIAN_POINT('',(126.,90.,0.));
#6579 = DIRECTION('',(0.,0.,1.));
#6580 = DIRECTION('',(1.,0.,0.));
#6581 = ADVANCED_FACE('',(#6582),#6593,.F.);
#6582 = FACE_BOUND('',#6583,.F.);
#6583 = EDGE_LOOP('',(#6584,#6585,#6591,#6592));
#6584 = ORIENTED_EDGE('',*,*,#1870,.F.);
#6585 = ORIENTED_EDGE('',*,*,#6586,.F.);
#6586 = EDGE_CURVE('',#3760,#1871,#6587,.T.);
#6587 = LINE('',#6588,#6589);
#6588 = CARTESIAN_POINT('',(101.5,99.,0.));
#6589 = VECTOR('',#6590,1.);
#6590 = DIRECTION('',(0.,0.,1.));
#6591 = ORIENTED_EDGE('',*,*,#3759,.T.);
#6592 = ORIENTED_EDGE('',*,*,#6586,.T.);
#6593 = CYLINDRICAL_SURFACE('',#6594,2.5);
#6594 = AXIS2_PLACEMENT_3D('',#6595,#6596,#6597);
#6595 = CARTESIAN_POINT('',(99.,99.,0.));
#6596 = DIRECTION('',(0.,0.,1.));
#6597 = DIRECTION('',(1.,0.,0.));
#6598 = ADVANCED_FACE('',(#6599),#6610,.F.);
#6599 = FACE_BOUND('',#6600,.F.);
#6600 = EDGE_LOOP('',(#6601,#6602,#6608,#6609));
#6601 = ORIENTED_EDGE('',*,*,#1881,.F.);
#6602 = ORIENTED_EDGE('',*,*,#6603,.F.);
#6603 = EDGE_CURVE('',#3771,#1882,#6604,.T.);
#6604 = LINE('',#6605,#6606);
#6605 = CARTESIAN_POINT('',(110.5,99.,0.));
#6606 = VECTOR('',#6607,1.);
#6607 = DIRECTION('',(0.,0.,1.));
#6608 = ORIENTED_EDGE('',*,*,#3770,.T.);
#6609 = ORIENTED_EDGE('',*,*,#6603,.T.);
#6610 = CYLINDRICAL_SURFACE('',#6611,2.5);
#6611 = AXIS2_PLACEMENT_3D('',#6612,#6613,#6614);
#6612 = CARTESIAN_POINT('',(108.,99.,0.));
#6613 = DIRECTION('',(0.,0.,1.));
#6614 = DIRECTION('',(1.,0.,0.));
#6615 = ADVANCED_FACE('',(#6616),#6627,.F.);
#6616 = FACE_BOUND('',#6617,.F.);
#6617 = EDGE_LOOP('',(#6618,#6619,#6625,#6626));
#6618 = ORIENTED_EDGE('',*,*,#1892,.F.);
#6619 = ORIENTED_EDGE('',*,*,#6620,.F.);
#6620 = EDGE_CURVE('',#3782,#1893,#6621,.T.);
#6621 = LINE('',#6622,#6623);
#6622 = CARTESIAN_POINT('',(101.5,108.,0.));
#6623 = VECTOR('',#6624,1.);
#6624 = DIRECTION('',(0.,0.,1.));
#6625 = ORIENTED_EDGE('',*,*,#3781,.T.);
#6626 = ORIENTED_EDGE('',*,*,#6620,.T.);
#6627 = CYLINDRICAL_SURFACE('',#6628,2.5);
#6628 = AXIS2_PLACEMENT_3D('',#6629,#6630,#6631);
#6629 = CARTESIAN_POINT('',(99.,108.,0.));
#6630 = DIRECTION('',(0.,0.,1.));
#6631 = DIRECTION('',(1.,0.,0.));
#6632 = ADVANCED_FACE('',(#6633),#6644,.F.);
#6633 = FACE_BOUND('',#6634,.F.);
#6634 = EDGE_LOOP('',(#6635,#6636,#6642,#6643));
#6635 = ORIENTED_EDGE('',*,*,#1903,.F.);
#6636 = ORIENTED_EDGE('',*,*,#6637,.F.);
#6637 = EDGE_CURVE('',#3793,#1904,#6638,.T.);
#6638 = LINE('',#6639,#6640);
#6639 = CARTESIAN_POINT('',(110.5,108.,0.));
#6640 = VECTOR('',#6641,1.);
#6641 = DIRECTION('',(0.,0.,1.));
#6642 = ORIENTED_EDGE('',*,*,#3792,.T.);
#6643 = ORIENTED_EDGE('',*,*,#6637,.T.);
#6644 = CYLINDRICAL_SURFACE('',#6645,2.5);
#6645 = AXIS2_PLACEMENT_3D('',#6646,#6647,#6648);
#6646 = CARTESIAN_POINT('',(108.,108.,0.));
#6647 = DIRECTION('',(0.,0.,1.));
#6648 = DIRECTION('',(1.,0.,0.));
#6649 = ADVANCED_FACE('',(#6650),#6661,.F.);
#6650 = FACE_BOUND('',#6651,.F.);
#6651 = EDGE_LOOP('',(#6652,#6653,#6659,#6660));
#6652 = ORIENTED_EDGE('',*,*,#1914,.F.);
#6653 = ORIENTED_EDGE('',*,*,#6654,.F.);
#6654 = EDGE_CURVE('',#3804,#1915,#6655,.T.);
#6655 = LINE('',#6656,#6657);
#6656 = CARTESIAN_POINT('',(119.5,99.,0.));
#6657 = VECTOR('',#6658,1.);
#6658 = DIRECTION('',(0.,0.,1.));
#6659 = ORIENTED_EDGE('',*,*,#3803,.T.);
#6660 = ORIENTED_EDGE('',*,*,#6654,.T.);
#6661 = CYLINDRICAL_SURFACE('',#6662,2.5);
#6662 = AXIS2_PLACEMENT_3D('',#6663,#6664,#6665);
#6663 = CARTESIAN_POINT('',(117.,99.,0.));
#6664 = DIRECTION('',(0.,0.,1.));
#6665 = DIRECTION('',(1.,0.,0.));
#6666 = ADVANCED_FACE('',(#6667),#6678,.F.);
#6667 = FACE_BOUND('',#6668,.F.);
#6668 = EDGE_LOOP('',(#6669,#6670,#6676,#6677));
#6669 = ORIENTED_EDGE('',*,*,#1925,.F.);
#6670 = ORIENTED_EDGE('',*,*,#6671,.F.);
#6671 = EDGE_CURVE('',#3815,#1926,#6672,.T.);
#6672 = LINE('',#6673,#6674);
#6673 = CARTESIAN_POINT('',(128.5,99.,0.));
#6674 = VECTOR('',#6675,1.);
#6675 = DIRECTION('',(0.,0.,1.));
#6676 = ORIENTED_EDGE('',*,*,#3814,.T.);
#6677 = ORIENTED_EDGE('',*,*,#6671,.T.);
#6678 = CYLINDRICAL_SURFACE('',#6679,2.5);
#6679 = AXIS2_PLACEMENT_3D('',#6680,#6681,#6682);
#6680 = CARTESIAN_POINT('',(126.,99.,0.));
#6681 = DIRECTION('',(0.,0.,1.));
#6682 = DIRECTION('',(1.,0.,0.));
#6683 = ADVANCED_FACE('',(#6684),#6695,.F.);
#6684 = FACE_BOUND('',#6685,.F.);
#6685 = EDGE_LOOP('',(#6686,#6687,#6693,#6694));
#6686 = ORIENTED_EDGE('',*,*,#1936,.F.);
#6687 = ORIENTED_EDGE('',*,*,#6688,.F.);
#6688 = EDGE_CURVE('',#3826,#1937,#6689,.T.);
#6689 = LINE('',#6690,#6691);
#6690 = CARTESIAN_POINT('',(119.5,108.,0.));
#6691 = VECTOR('',#6692,1.);
#6692 = DIRECTION('',(0.,0.,1.));
#6693 = ORIENTED_EDGE('',*,*,#3825,.T.);
#6694 = ORIENTED_EDGE('',*,*,#6688,.T.);
#6695 = CYLINDRICAL_SURFACE('',#6696,2.5);
#6696 = AXIS2_PLACEMENT_3D('',#6697,#6698,#6699);
#6697 = CARTESIAN_POINT('',(117.,108.,0.));
#6698 = DIRECTION('',(0.,0.,1.));
#6699 = DIRECTION('',(1.,0.,0.));
#6700 = ADVANCED_FACE('',(#6701),#6712,.F.);
#6701 = FACE_BOUND('',#6702,.F.);
#6702 = EDGE_LOOP('',(#6703,#6704,#6710,#6711));
#6703 = ORIENTED_EDGE('',*,*,#1947,.F.);
#6704 = ORIENTED_EDGE('',*,*,#6705,.F.);
#6705 = EDGE_CURVE('',#3837,#1948,#6706,.T.);
#6706 = LINE('',#6707,#6708);
#6707 = CARTESIAN_POINT('',(128.5,108.,0.));
#6708 = VECTOR('',#6709,1.);
#6709 = DIRECTION('',(0.,0.,1.));
#6710 = ORIENTED_EDGE('',*,*,#3836,.T.);
#6711 = ORIENTED_EDGE('',*,*,#6705,.T.);
#6712 = CYLINDRICAL_SURFACE('',#6713,2.5);
#6713 = AXIS2_PLACEMENT_3D('',#6714,#6715,#6716);
#6714 = CARTESIAN_POINT('',(126.,108.,0.));
#6715 = DIRECTION('',(0.,0.,1.));
#6716 = DIRECTION('',(1.,0.,0.));
#6717 = ( GEOMETRIC_REPRESENTATION_CONTEXT(3) 
GLOBAL_UNCERTAINTY_ASSIGNED_CONTEXT((#6721)) 
GLOBAL_UNIT_ASSIGNED_CONTEXT((#6718,#6719,#6720)) REPRESENTATION_CONTEXT
('Context #1','3D Context with UNIT and UNCERTAINTY') );
#6718 = ( LENGTH_UNIT() NAMED_UNIT(*) SI_UNIT(.MILLI.,.METRE.) );
#6719 = ( NAMED_UNIT(*) PLANE_ANGLE_UNIT() SI_UNIT($,.RADIAN.) );
#6720 = ( NAMED_UNIT(*) SI_UNIT($,.STERADIAN.) SOLID_ANGLE_UNIT() );
#6721 = UNCERTAINTY_MEASURE_WITH_UNIT(LENGTH_MEASURE(1.E-07),#6718,
  'distance_accuracy_value','confusion accuracy');
#6722 = PRODUCT_RELATED_PRODUCT_CATEGORY('part',$,(#7));
ENDSEC;
END-ISO-10303-21;
