
                        S T E P       1


                                INCREMENT     1


 forces (fx,fy,fz) for set RIGHT and time  0.5000000E-01

        65  1.588030E+00 -1.595307E-11 -7.976660E-11
        66  1.588030E+00  1.595318E-11 -7.976490E-11
        67  1.588030E+00  1.595322E-11  7.976571E-11
        68  1.588030E+00 -1.595317E-11  7.976628E-11

 displacements (vx,vy,vz) for set RIGHT and time  0.5000000E-01

        65  1.000000E-02  4.825626E-04  9.651252E-05
        66  1.000000E-02 -4.825626E-04  9.651252E-05
        67  1.000000E-02 -4.825626E-04 -9.651252E-05
        68  1.000000E-02  4.825626E-04 -9.651252E-05

 stresses (elem, integ.pnt.,sxx,syy,szz,sxy,sxz,syz) for set ALL and time  0.5000000E-01

         1   1  1.591563E+00  8.278493E-01  7.913579E-01  1.531936E-01  5.057698E-02  1.705612E-05
         1   2  9.497052E-01  3.346675E-02 -1.024535E-01  1.530937E-01  5.053844E-02  1.705008E-05
         1   3  1.591563E+00  8.278493E-01  7.913579E-01 -1.531936E-01  5.057698E-02 -1.705612E-05
         1   4  9.497052E-01  3.346675E-02 -1.024535E-01 -1.530937E-01  5.053844E-02 -1.705008E-05
         1   5  1.591563E+00  8.278493E-01  7.913579E-01  1.531936E-01 -5.057698E-02 -1.705612E-05
         1   6  9.497052E-01  3.346675E-02 -1.024535E-01  1.530937E-01 -5.053844E-02 -1.705008E-05
         1   7  1.591563E+00  8.278493E-01  7.913579E-01 -1.531936E-01 -5.057698E-02  1.705612E-05
         1   8  9.497052E-01  3.346675E-02 -1.024535E-01 -1.530937E-01 -5.053844E-02  1.705008E-05
         2   1  1.260923E+00  6.541832E-02 -7.347713E-02  3.936561E-02 -1.039781E-02 -9.014317E-07
         2   2  1.280894E+00  4.608572E-02 -1.646602E-03  3.936449E-02 -1.039856E-02 -9.014416E-07
         2   3  1.260923E+00  6.541832E-02 -7.347713E-02 -3.936561E-02 -1.039781E-02  9.014317E-07
         2   4  1.280894E+00  4.608572E-02 -1.646602E-03 -3.936449E-02 -1.039856E-02  9.014416E-07
         2   5  1.260923E+00  6.541832E-02 -7.347713E-02  3.936561E-02  1.039781E-02  9.014317E-07
         2   6  1.280894E+00  4.608572E-02 -1.646602E-03  3.936449E-02  1.039856E-02  9.014416E-07
         2   7  1.260923E+00  6.541832E-02 -7.347713E-02 -3.936561E-02  1.039781E-02 -9.014317E-07
         2   8  1.280894E+00  4.608572E-02 -1.646602E-03 -3.936449E-02  1.039856E-02 -9.014416E-07
         3   1  1.278943E+00  2.831872E-02  1.573499E-02  7.512391E-03  5.300861E-04  8.769727E-09
         3   2  1.262871E+00  4.764711E-03 -2.967030E-03  7.512237E-03  5.300781E-04  8.769649E-09
         3   3  1.278943E+00  2.831872E-02  1.573499E-02 -7.512391E-03  5.300861E-04 -8.769727E-09
         3   4  1.262871E+00  4.764711E-03 -2.967030E-03 -7.512237E-03  5.300781E-04 -8.769649E-09
         3   5  1.278943E+00  2.831872E-02  1.573499E-02  7.512391E-03 -5.300861E-04 -8.769727E-09
         3   6  1.262871E+00  4.764711E-03 -2.967030E-03  7.512237E-03 -5.300781E-04 -8.769649E-09
         3   7  1.278943E+00  2.831872E-02  1.573499E-02 -7.512391E-03 -5.300861E-04  8.769727E-09
         3   8  1.262871E+00  4.764711E-03 -2.967030E-03 -7.512237E-03 -5.300781E-04  8.769649E-09
         4   1  1.271308E+00  4.167688E-03 -7.182302E-04  1.713692E-03 -2.430692E-04 -9.173357E-10
         4   2  1.270520E+00  1.670206E-03 -2.928174E-04  1.713687E-03 -2.430694E-04 -9.173354E-10
         4   3  1.271308E+00  4.167688E-03 -7.182302E-04 -1.713692E-03 -2.430692E-04  9.173358E-10
         4   4  1.270520E+00  1.670206E-03 -2.928174E-04 -1.713687E-03 -2.430694E-04  9.173354E-10
         4   5  1.271308E+00  4.167688E-03 -7.182302E-04  1.713692E-03  2.430692E-04  9.173356E-10
         4   6  1.270520E+00  1.670206E-03 -2.928174E-04  1.713687E-03  2.430694E-04  9.173352E-10
         4   7  1.271308E+00  4.167688E-03 -7.182302E-04 -1.713692E-03  2.430692E-04 -9.173357E-10
         4   8  1.270520E+00  1.670206E-03 -2.928174E-04 -1.713687E-03  2.430694E-04 -9.173352E-10
         5   1  1.271169E+00  1.129729E-03  3.748071E-04  3.503876E-04 -5.619542E-06 -4.336380E-12
         5   2  1.270659E+00  2.708558E-04 -1.063746E-04  3.503873E-04 -5.619540E-06 -4.336362E-12
         5   3  1.271169E+00  1.129729E-03  3.748071E-04 -3.503876E-04 -5.619542E-06  4.336349E-12
         5   4  1.270659E+00  2.708558E-04 -1.063746E-04 -3.503873E-04 -5.619540E-06  4.336285E-12
         5   5  1.271169E+00  1.129729E-03  3.748071E-04  3.503876E-04  5.619542E-06  4.336171E-12
         5   6  1.270659E+00  2.708558E-04 -1.063746E-04  3.503873E-04  5.619540E-06  4.336160E-12
         5   7  1.271169E+00  1.129729E-03  3.748071E-04 -3.503876E-04  5.619542E-06 -4.336153E-12
         5   8  1.270659E+00  2.708558E-04 -1.063746E-04 -3.503873E-04  5.619540E-06 -4.336253E-12
         6   1  1.270946E+00  2.093107E-04  1.140415E-05  7.655042E-05 -7.183288E-06 -1.211127E-12
         6   2  1.270882E+00  6.871898E-05 -1.695684E-05  7.655041E-05 -7.183288E-06 -1.211084E-12
         6   3  1.270946E+00  2.093107E-04  1.140415E-05 -7.655042E-05 -7.183288E-06  1.211004E-12
         6   4  1.270882E+00  6.871898E-05 -1.695684E-05 -7.655041E-05 -7.183288E-06  1.211031E-12
         6   5  1.270946E+00  2.093107E-04  1.140415E-05  7.655042E-05  7.183288E-06  1.210829E-12
         6   6  1.270882E+00  6.871898E-05 -1.695684E-05  7.655041E-05  7.183288E-06  1.210982E-12
         6   7  1.270946E+00  2.093107E-04  1.140415E-05 -7.655042E-05  7.183288E-06 -1.210945E-12
         6   8  1.270882E+00  6.871898E-05 -1.695684E-05 -7.655041E-05  7.183288E-06 -1.210877E-12
         7   1  1.270924E+00  4.865781E-05  1.130482E-05  1.606102E-05 -7.540668E-07 -2.678122E-14
         7   2  1.270905E+00  1.321113E-05 -4.352149E-06  1.606102E-05 -7.540668E-07 -2.682664E-14
         7   3  1.270924E+00  4.865781E-05  1.130482E-05 -1.606102E-05 -7.540668E-07  2.673215E-14
         7   4  1.270905E+00  1.321113E-05 -4.352149E-06 -1.606102E-05 -7.540668E-07  2.665778E-14
         7   5  1.270924E+00  4.865781E-05  1.130482E-05  1.606102E-05  7.540668E-07  2.659644E-14
         7   6  1.270905E+00  1.321113E-05 -4.352149E-06  1.606102E-05  7.540668E-07  2.659606E-14
         7   7  1.270924E+00  4.865781E-05  1.130482E-05 -1.606102E-05  7.540668E-07 -2.657497E-14
         7   8  1.270905E+00  1.321113E-05 -4.352149E-06 -1.606102E-05  7.540668E-07 -2.670953E-14
         8   1  1.270916E+00  9.838572E-06  1.257499E-06  3.453620E-06 -2.613009E-07 -2.176374E-15
         8   2  1.270913E+00  2.999743E-06 -8.312008E-07  3.453620E-06 -2.613009E-07 -2.095486E-15
         8   3  1.270916E+00  9.838572E-06  1.257499E-06 -3.453620E-06 -2.613009E-07  1.945596E-15
         8   4  1.270913E+00  2.999743E-06 -8.312008E-07 -3.453620E-06 -2.613009E-07  1.998403E-15
         8   5  1.270916E+00  9.838572E-06  1.257499E-06  3.453620E-06  2.613009E-07  1.811040E-15
         8   6  1.270913E+00  2.999743E-06 -8.312008E-07  3.453620E-06  2.613009E-07  1.927962E-15
         8   7  1.270916E+00  9.838572E-06  1.257499E-06 -3.453620E-06  2.613009E-07 -1.979714E-15
         8   8  1.270913E+00  2.999743E-06 -8.312008E-07 -3.453620E-06  2.613009E-07 -1.910328E-15
         9   1  1.270915E+00  2.164403E-06  4.171720E-07  7.315941E-07 -4.261421E-08 -1.786797E-16
         9   2  1.270914E+00  6.150740E-07 -1.894752E-07  7.315941E-07 -4.261421E-08 -8.916717E-17
         9   3  1.270915E+00  2.164403E-06  4.171720E-07 -7.315941E-07 -4.261421E-08  1.192602E-16
         9   4  1.270914E+00  6.150740E-07 -1.894752E-07 -7.315941E-07 -4.261421E-08  1.876884E-16
         9   5  1.270915E+00  2.164403E-06  4.171720E-07  7.315941E-07  4.261421E-08 -2.027962E-17
         9   6  1.270914E+00  6.150740E-07 -1.894752E-07  7.315941E-07  4.261421E-08  1.595121E-16
         9   7  1.270915E+00  2.164403E-06  4.171720E-07 -7.315941E-07  4.261421E-08 -2.112232E-17
         9   8  1.270914E+00  6.150740E-07 -1.894752E-07 -7.315941E-07  4.261421E-08  1.188009E-16
        10   1  1.270914E+00  4.522697E-07  6.956094E-08  1.563950E-07 -1.077094E-08 -7.926596E-18
        10   2  1.270914E+00  1.341885E-07 -3.871201E-08  1.563950E-07 -1.077094E-08 -1.495749E-16
        10   3  1.270914E+00  4.522697E-07  6.956094E-08 -1.563950E-07 -1.077094E-08  1.225486E-16
        10   4  1.270914E+00  1.341885E-07 -3.871201E-08 -1.563950E-07 -1.077094E-08  3.230542E-18
        10   5  1.270914E+00  4.522697E-07  6.956094E-08  1.563950E-07  1.077094E-08  2.176327E-18
        10   6  1.270914E+00  1.341885E-07 -3.871201E-08  1.563950E-07  1.077094E-08 -1.492474E-16
        10   7  1.270914E+00  4.522697E-07  6.956094E-08 -1.563950E-07  1.077094E-08  1.542310E-16
        10   8  1.270914E+00  1.341885E-07 -3.871201E-08 -1.563950E-07  1.077094E-08 -6.393191E-18
        11   1  1.270914E+00  9.754011E-08  1.736865E-08  3.324804E-08 -2.075129E-09 -6.033809E-17
        11   2  1.270914E+00  2.822331E-08 -8.416081E-09  3.324804E-08 -2.075128E-09  3.454135E-17
        11   3  1.270914E+00  9.754011E-08  1.736865E-08 -3.324804E-08 -2.075128E-09 -5.965086E-17
        11   4  1.270914E+00  2.822331E-08 -8.416080E-09 -3.324804E-08 -2.075128E-09 -1.000687E-17
        11   5  1.270914E+00  9.754011E-08  1.736865E-08  3.324804E-08  2.075128E-09 -1.041196E-16
        11   6  1.270914E+00  2.822331E-08 -8.416080E-09  3.324804E-08  2.075129E-09  3.695367E-17
        11   7  1.270914E+00  9.754012E-08  1.736865E-08 -3.324804E-08  2.075129E-09 -4.308729E-17
        11   8  1.270914E+00  2.822331E-08 -8.416079E-09 -3.324804E-08  2.075128E-09 -7.052265E-18
        12   1  1.270914E+00  2.067068E-08  3.414912E-09  7.092104E-09 -4.705391E-10  9.199696E-17
        12   2  1.270914E+00  6.105159E-09 -1.725647E-09  7.092104E-09 -4.705369E-10 -1.222964E-16
        12   3  1.270914E+00  2.067068E-08  3.414913E-09 -7.092104E-09 -4.705397E-10 -1.839351E-17
        12   4  1.270914E+00  6.105160E-09 -1.725645E-09 -7.092104E-09 -4.705382E-10 -3.142746E-17
        12   5  1.270914E+00  2.067068E-08  3.414914E-09  7.092105E-09  4.705392E-10  6.747718E-17
        12   6  1.270914E+00  6.105161E-09 -1.725645E-09  7.092105E-09  4.705390E-10 -1.054143E-16
        12   7  1.270914E+00  2.067068E-08  3.414912E-09 -7.092104E-09  4.705373E-10 -2.914205E-17
        12   8  1.270914E+00  6.105159E-09 -1.725646E-09 -7.092104E-09  4.705385E-10 -1.077291E-16
        13   1  1.270914E+00  4.463139E-09  8.098557E-10  1.509676E-09 -9.654930E-11 -1.280397E-16
        13   2  1.270914E+00  1.334080E-09 -3.309638E-10  1.509675E-09 -9.655112E-11 -8.251669E-17
        13   3  1.270914E+00  4.463135E-09  8.098515E-10 -1.509675E-09 -9.655050E-11 -1.050379E-16
        13   4  1.270914E+00  1.334075E-09 -3.309694E-10 -1.509676E-09 -9.655030E-11 -1.586113E-16
        13   5  1.270914E+00  4.463138E-09  8.098545E-10  1.509675E-09  9.654992E-11 -1.196053E-16
        13   6  1.270914E+00  1.334078E-09 -3.309654E-10  1.509675E-09  9.654864E-11 -1.690576E-16
        13   7  1.270914E+00  4.463136E-09  8.098526E-10 -1.509676E-09  9.654853E-11 -1.073387E-16
        13   8  1.270914E+00  1.334074E-09 -3.309698E-10 -1.509676E-09  9.655069E-11 -2.346113E-16
        14   1  1.270914E+00  9.885784E-10  2.071819E-10  3.216340E-10 -2.103805E-11 -2.491785E-17
        14   2  1.270914E+00  3.256398E-10 -2.982721E-11  3.216342E-10 -2.103761E-11 -2.520536E-17
        14   3  1.270914E+00  9.885805E-10  2.071835E-10 -3.216337E-10 -2.103921E-11 -8.625402E-17
        14   4  1.270914E+00  3.256432E-10 -2.982343E-11 -3.216333E-10 -2.103999E-11  6.785319E-17
        14   5  1.270914E+00  9.885786E-10  2.071820E-10  3.216335E-10  2.103833E-11 -6.593641E-17
        14   6  1.270914E+00  3.256400E-10 -2.982687E-11  3.216338E-10  2.103902E-11  6.785319E-17
        14   7  1.270914E+00  9.885811E-10  2.071842E-10 -3.216340E-10  2.103708E-11 -1.778750E-16
        14   8  1.270914E+00  3.256412E-10 -2.982532E-11 -3.216337E-10  2.103708E-11  1.015881E-16
        15   1  1.270914E+00  2.516280E-10  8.484801E-11  6.786770E-11 -4.377717E-12  4.408540E-17
        15   2  1.270914E+00  1.112650E-10  3.405867E-11  6.786767E-11 -4.379338E-12  5.769437E-17
        15   3  1.270914E+00  2.516268E-10  8.484723E-11 -6.786725E-11 -4.380742E-12  1.176888E-16
        15   4  1.270914E+00  1.112626E-10  3.405567E-11 -6.786739E-11 -4.377204E-12  9.593366E-17
        15   5  1.270914E+00  2.516270E-10  8.484701E-11  6.786746E-11  4.380083E-12  7.053664E-17
        15   6  1.270914E+00  1.112641E-10  3.405778E-11  6.786763E-11  4.381459E-12 -3.450161E-18
        15   7  1.270914E+00  2.516331E-10  8.485345E-11 -6.786747E-11  4.376686E-12  1.441401E-16
        15   8  1.270914E+00  1.112684E-10  3.406144E-11 -6.786757E-11  4.378062E-12  8.433728E-18
        16   1  1.270914E+00  9.625365E-11  5.739814E-11  1.149157E-11 -7.486518E-13 -6.670312E-17
        16   2  1.270914E+00  7.254399E-11  4.889149E-11  1.149159E-11 -7.487992E-13 -1.399232E-16
        16   3  1.270914E+00  9.625287E-11  5.739670E-11 -1.149158E-11 -7.481405E-13  1.418400E-16
        16   4  1.270914E+00  7.254422E-11  4.889160E-11 -1.149144E-11 -7.487302E-13  9.593366E-17
        16   5  1.270914E+00  9.625409E-11  5.739858E-11  1.149160E-11  7.479287E-13 -8.893750E-17
        16   6  1.270914E+00  7.254433E-11  4.889171E-11  1.149135E-11  7.483218E-13 -1.299561E-16
        16   7  1.270914E+00  9.625043E-11  5.739414E-11 -1.149143E-11  7.495255E-13  6.900323E-17
        16   8  1.270914E+00  7.254189E-11  4.888938E-11 -1.149140E-11  7.493228E-13  1.222891E-16

 strains (elem, integ.pnt.,exx,eyy,ezz,exy,exz,eyz) for set ALL and time  0.5000000E-01

         1   1  3.901182E-04 -3.089679E-05 -5.100453E-05  8.441028E-05  2.786868E-05  4.023474E-21
         1   2  3.901182E-04 -1.153035E-04 -1.903382E-04  8.440316E-05  2.786480E-05  1.270664E-20
         1   3  3.901182E-04 -3.089679E-05 -5.100453E-05 -8.441028E-05  2.786868E-05 -9.528635E-21
         1   4  3.901182E-04 -1.153035E-04 -1.903382E-04 -8.440316E-05  2.786480E-05 -2.117078E-20
         1   5  3.901182E-04 -3.089679E-05 -5.100453E-05  8.441028E-05 -2.786868E-05  8.046709E-21
         1   6  3.901182E-04 -1.153035E-04 -1.903382E-04  8.440316E-05 -2.786480E-05  1.863474E-20
         1   7  3.901182E-04 -3.089679E-05 -5.100453E-05 -8.441028E-05 -2.786868E-05 -7.199413E-21
         1   8  3.901182E-04 -1.153035E-04 -1.903382E-04 -8.440316E-05 -2.786480E-05 -1.439580E-20
         2   1  5.051482E-04 -1.541375E-04 -2.308451E-04  2.169461E-05 -5.730731E-06  8.509965E-22
         2   2  5.051482E-04 -1.758319E-04 -2.021911E-04  2.169414E-05 -5.730895E-06  2.763159E-20
         2   3  5.051482E-04 -1.541375E-04 -2.308451E-04 -2.169461E-05 -5.730731E-06 -5.250392E-20
         2   4  5.051482E-04 -1.758319E-04 -2.021911E-04 -2.169414E-05 -5.730895E-06 -4.604730E-20
         2   5  5.051482E-04 -1.541375E-04 -2.308451E-04  2.169461E-05  5.730731E-06  1.609459E-20
         2   6  5.051482E-04 -1.758319E-04 -2.021911E-04  2.169414E-05  5.730895E-06  2.286763E-20
         2   7  5.051482E-04 -1.541375E-04 -2.308451E-04 -2.169461E-05  5.730731E-06 -4.403554E-20
         2   8  5.051482E-04 -1.758319E-04 -2.021911E-04 -2.169414E-05  5.730895E-06 -2.752193E-20
         3   1  5.044269E-04 -1.852879E-04 -1.922374E-04  4.140200E-06  2.921410E-07 -8.891712E-21
         3   2  5.044269E-04 -1.894281E-04 -1.936981E-04  4.140182E-06  2.921406E-07  2.752476E-21
         3   3  5.044269E-04 -1.852879E-04 -1.922374E-04 -4.140200E-06  2.921410E-07 -1.587844E-20
         3   4  5.044269E-04 -1.894281E-04 -1.936981E-04 -4.140182E-06  2.921406E-07  2.090731E-20
         3   5  5.044269E-04 -1.852879E-04 -1.922374E-04  4.140200E-06 -2.921410E-07 -1.693269E-21
         3   6  5.044269E-04 -1.894281E-04 -1.936981E-04  4.140182E-06 -2.921406E-07  2.540838E-21
         3   7  5.044269E-04 -1.852879E-04 -1.922374E-04 -4.140200E-06 -2.921410E-07 -1.609016E-20
         3   8  5.044269E-04 -1.894281E-04 -1.936981E-04 -4.140182E-06 -2.921406E-07 -4.234142E-21
         4   1  5.075448E-04 -1.912892E-04 -1.939876E-04  9.444493E-07 -1.339606E-07  7.621891E-21
         4   2  5.075448E-04 -1.922337E-04 -1.933178E-04  9.444485E-07 -1.339607E-07 -5.435845E-20
         4   3  5.075448E-04 -1.912892E-04 -1.939876E-04 -9.444493E-07 -1.339606E-07  3.472176E-20
         4   4  5.075448E-04 -1.922337E-04 -1.933178E-04 -9.444485E-07 -1.339607E-07  5.303526E-20
         4   5  5.075448E-04 -1.912892E-04 -1.939876E-04  9.444493E-07  1.339606E-07 -6.351522E-20
         4   6  5.075448E-04 -1.922337E-04 -1.933178E-04  9.444485E-07  1.339607E-07 -5.928089E-20
         4   7  5.075448E-04 -1.912892E-04 -1.939876E-04 -9.444493E-07  1.339606E-07  1.693752E-20
         4   8  5.075448E-04 -1.922337E-04 -1.933178E-04 -9.444485E-07  1.339607E-07  5.102394E-20
         5   1  5.077848E-04 -1.926500E-04 -1.930670E-04  1.931058E-07 -3.097045E-09 -6.605584E-20
         5   2  5.077848E-04 -1.928431E-04 -1.930515E-04  1.931057E-07 -3.097045E-09 -5.716370E-20
         5   3  5.077848E-04 -1.926500E-04 -1.930670E-04 -1.931058E-07 -3.097045E-09  4.911845E-20
         5   4  5.077848E-04 -1.928431E-04 -1.930515E-04 -1.931057E-07 -3.097045E-09  1.429092E-20
         5   5  5.077848E-04 -1.926500E-04 -1.930670E-04  1.931058E-07  3.097045E-09 -4.911845E-20
         5   6  5.077848E-04 -1.928431E-04 -1.930515E-04  1.931057E-07  3.097045E-09 -5.483481E-20
         5   7  5.077848E-04 -1.926500E-04 -1.930670E-04 -1.931058E-07  3.097045E-09  5.928088E-20
         5   8  5.077848E-04 -1.928431E-04 -1.930515E-04 -1.931057E-07  3.097045E-09  3.387471E-21
         6   1  5.078909E-04 -1.929293E-04 -1.930386E-04  4.218851E-08 -3.958858E-09 -8.172291E-20
         6   2  5.078909E-04 -1.929715E-04 -1.930188E-04  4.218851E-08 -3.958858E-09 -5.801056E-20
         6   3  5.078909E-04 -1.929293E-04 -1.930386E-04 -4.218851E-08 -3.958858E-09  1.397335E-20
         6   4  5.078909E-04 -1.929715E-04 -1.930188E-04 -4.218851E-08 -3.958858E-09  2.863478E-20
         6   5  5.078909E-04 -1.929293E-04 -1.930386E-04  4.218851E-08  3.958858E-09 -8.299321E-20
         6   6  5.078909E-04 -1.929715E-04 -1.930188E-04  4.218851E-08  3.958858E-09  1.693742E-21
         6   7  5.078909E-04 -1.929293E-04 -1.930386E-04 -4.218851E-08  3.958858E-09  1.863113E-20
         6   8  5.078909E-04 -1.929715E-04 -1.930188E-04 -4.218851E-08  3.958858E-09  5.610511E-20
         7   1  5.079064E-04 -1.929901E-04 -1.930108E-04  8.851558E-09 -4.155818E-10 -6.055116E-20
         7   2  5.079064E-04 -1.929990E-04 -1.930087E-04  8.851558E-09 -4.155818E-10 -8.563967E-20
         7   3  5.079064E-04 -1.929901E-04 -1.930108E-04 -8.851558E-09 -4.155818E-10  3.345135E-20
         7   4  5.079064E-04 -1.929990E-04 -1.930087E-04 -8.851558E-09 -4.155818E-10 -7.621823E-21
         7   5  5.079064E-04 -1.929901E-04 -1.930108E-04  8.851558E-09  4.155818E-10 -4.149660E-20
         7   6  5.079064E-04 -1.929990E-04 -1.930087E-04  8.851558E-09  4.155818E-10 -4.170832E-20
         7   7  5.079064E-04 -1.929901E-04 -1.930108E-04 -8.851558E-09  4.155818E-10  5.335278E-20
         7   8  5.079064E-04 -1.929990E-04 -1.930087E-04 -8.851558E-09  4.155818E-10 -2.096002E-20
         8   1  5.079106E-04 -1.930029E-04 -1.930077E-04  1.903361E-09 -1.440083E-10 -1.043767E-19
         8   2  5.079106E-04 -1.930048E-04 -1.930069E-04  1.903361E-09 -1.440083E-10 -5.970430E-20
         8   3  5.079106E-04 -1.930029E-04 -1.930077E-04 -1.903361E-09 -1.440083E-10 -2.307719E-20
         8   4  5.079106E-04 -1.930048E-04 -1.930069E-04 -1.903361E-09 -1.440083E-10  6.086875E-21
         8   5  5.079106E-04 -1.930029E-04 -1.930077E-04  1.903361E-09  1.440083E-10 -9.738999E-20
         8   6  5.079106E-04 -1.930048E-04 -1.930069E-04  1.903361E-09  1.440083E-10 -3.281619E-20
         8   7  5.079106E-04 -1.930029E-04 -1.930077E-04 -1.903361E-09  1.440083E-10  4.234349E-21
         8   8  5.079106E-04 -1.930048E-04 -1.930069E-04 -1.903361E-09  1.440083E-10  4.255519E-20
         9   1  5.079114E-04 -1.930057E-04 -1.930066E-04  4.031965E-10 -2.348557E-11 -6.076288E-20
         9   2  5.079114E-04 -1.930061E-04 -1.930065E-04  4.031965E-10 -2.348557E-11 -1.132688E-20
         9   3  5.079114E-04 -1.930057E-04 -1.930066E-04 -4.031965E-10 -2.348557E-11  2.794669E-20
         9   4  5.079114E-04 -1.930061E-04 -1.930065E-04 -4.031965E-10 -2.348557E-11  6.573824E-20
         9   5  5.079114E-04 -1.930057E-04 -1.930066E-04  4.031965E-10  2.348557E-11 -4.911843E-20
         9   6  5.079114E-04 -1.930061E-04 -1.930065E-04  4.031965E-10  2.348557E-11  5.017701E-20
         9   7  5.079114E-04 -1.930057E-04 -1.930066E-04 -4.031965E-10  2.348557E-11  2.625295E-20
         9   8  5.079114E-04 -1.930061E-04 -1.930065E-04 -4.031965E-10  2.348557E-11  1.035298E-19
        10   1  5.079116E-04 -1.930063E-04 -1.930065E-04  8.619252E-11 -5.936089E-12 -2.328891E-21
        10   2  5.079116E-04 -1.930063E-04 -1.930064E-04  8.619252E-11 -5.936089E-12 -8.055846E-20
        10   3  5.079116E-04 -1.930063E-04 -1.930065E-04 -8.619252E-11 -5.936089E-12  6.563238E-20
        10   4  5.079116E-04 -1.930063E-04 -1.930064E-04 -8.619252E-11 -5.936088E-12 -2.646467E-22
        10   5  5.079116E-04 -1.930063E-04 -1.930065E-04  8.619252E-11  5.936089E-12 -8.468694E-22
        10   6  5.079116E-04 -1.930063E-04 -1.930064E-04  8.619252E-11  5.936089E-12 -8.447523E-20
        10   7  5.079116E-04 -1.930063E-04 -1.930065E-04 -8.619252E-11  5.936088E-12  8.722755E-20
        10   8  5.079116E-04 -1.930063E-04 -1.930064E-04 -8.619252E-11  5.936089E-12 -1.482021E-21
        11   1  5.079116E-04 -1.930064E-04 -1.930064E-04  1.832368E-11 -1.143646E-12 -3.323963E-20
        11   2  5.079116E-04 -1.930064E-04 -1.930064E-04  1.832368E-11 -1.143646E-12  1.916042E-20
        11   3  5.079116E-04 -1.930064E-04 -1.930064E-04 -1.832368E-11 -1.143646E-12 -3.302791E-20
        11   4  5.079116E-04 -1.930064E-04 -1.930064E-04 -1.832368E-11 -1.143645E-12 -5.610510E-21
        11   5  5.079116E-04 -1.930064E-04 -1.930064E-04  1.832368E-11  1.143646E-12 -5.758712E-20
        11   6  5.079116E-04 -1.930064E-04 -1.930064E-04  1.832368E-11  1.143646E-12  2.032487E-20
        11   7  5.079116E-04 -1.930064E-04 -1.930064E-04 -1.832368E-11  1.143646E-12 -2.371234E-20
        11   8  5.079116E-04 -1.930064E-04 -1.930064E-04 -1.832368E-11  1.143646E-12 -3.810913E-21
        12   1  5.079116E-04 -1.930064E-04 -1.930064E-04  3.908604E-12 -2.593238E-13  5.081217E-20
        12   2  5.079116E-04 -1.930064E-04 -1.930064E-04  3.908605E-12 -2.593226E-13 -6.753784E-20
        12   3  5.079116E-04 -1.930064E-04 -1.930064E-04 -3.908605E-12 -2.593241E-13 -1.016243E-20
        12   4  5.079116E-04 -1.930064E-04 -1.930064E-04 -3.908605E-12 -2.593233E-13 -1.736082E-20
        12   5  5.079116E-04 -1.930064E-04 -1.930064E-04  3.908605E-12  2.593239E-13  3.726226E-20
        12   6  5.079116E-04 -1.930064E-04 -1.930064E-04  3.908605E-12  2.593237E-13 -5.822227E-20
        12   7  5.079116E-04 -1.930064E-04 -1.930064E-04 -3.908604E-12  2.593228E-13 -1.609052E-20
        12   8  5.079116E-04 -1.930064E-04 -1.930064E-04 -3.908604E-12  2.593234E-13 -5.949258E-20
        13   1  5.079116E-04 -1.930064E-04 -1.930064E-04  8.320133E-13 -5.321031E-14 -7.071360E-20
        13   2  5.079116E-04 -1.930064E-04 -1.930064E-04  8.320131E-13 -5.321131E-14 -4.557216E-20
        13   3  5.079116E-04 -1.930064E-04 -1.930064E-04 -8.320132E-13 -5.321097E-14 -5.801056E-20
        13   4  5.079116E-04 -1.930064E-04 -1.930064E-04 -8.320133E-13 -5.321086E-14 -8.759806E-20
        13   5  5.079116E-04 -1.930064E-04 -1.930064E-04  8.320132E-13  5.321065E-14 -6.605582E-20
        13   6  5.079116E-04 -1.930064E-04 -1.930064E-04  8.320132E-13  5.320994E-14 -9.336736E-20
        13   7  5.079116E-04 -1.930064E-04 -1.930064E-04 -8.320134E-13  5.320988E-14 -5.928086E-20
        13   8  5.079116E-04 -1.930064E-04 -1.930064E-04 -8.320133E-13  5.321107E-14 -1.295710E-19
        14   1  5.079116E-04 -1.930064E-04 -1.930064E-04  1.772591E-13 -1.159450E-14 -1.376163E-20
        14   2  5.079116E-04 -1.930064E-04 -1.930064E-04  1.772592E-13 -1.159426E-14 -1.392042E-20
        14   3  5.079116E-04 -1.930064E-04 -1.930064E-04 -1.772589E-13 -1.159514E-14 -4.763641E-20
        14   4  5.079116E-04 -1.930064E-04 -1.930064E-04 -1.772587E-13 -1.159557E-14  3.747397E-20
        14   5  5.079116E-04 -1.930064E-04 -1.930064E-04  1.772588E-13  1.159465E-14 -3.641539E-20
        14   6  5.079116E-04 -1.930064E-04 -1.930064E-04  1.772590E-13  1.159503E-14  3.747397E-20
        14   7  5.079116E-04 -1.930064E-04 -1.930064E-04 -1.772591E-13  1.159397E-14 -9.823686E-20
        14   8  5.079116E-04 -1.930064E-04 -1.930064E-04 -1.772589E-13  1.159397E-14  5.610510E-20
        15   1  5.079116E-04 -1.930064E-04 -1.930064E-04  3.740328E-14 -2.412650E-15  2.434750E-20
        15   2  5.079116E-04 -1.930064E-04 -1.930064E-04  3.740327E-14 -2.413545E-15  3.186346E-20
        15   3  5.079116E-04 -1.930064E-04 -1.930064E-04 -3.740304E-14 -2.414319E-15  6.499723E-20
        15   4  5.079116E-04 -1.930064E-04 -1.930064E-04 -3.740311E-14 -2.412366E-15  5.298227E-20
        15   5  5.079116E-04 -1.930064E-04 -1.930064E-04  3.740315E-14  2.413954E-15  3.895599E-20
        15   6  5.079116E-04 -1.930064E-04 -1.930064E-04  3.740325E-14  2.414713E-15 -1.905456E-21
        15   7  5.079116E-04 -1.930064E-04 -1.930064E-04 -3.740316E-14  2.412080E-15  7.960573E-20
        15   8  5.079116E-04 -1.930064E-04 -1.930064E-04 -3.740322E-14  2.412839E-15  4.657782E-21
        16   1  5.079116E-04 -1.930064E-04 -1.930064E-04  6.333240E-15 -4.125977E-16 -3.683882E-20
        16   2  5.079116E-04 -1.930064E-04 -1.930064E-04  6.333254E-15 -4.126791E-16 -7.727684E-20
        16   3  5.079116E-04 -1.930064E-04 -1.930064E-04 -6.333249E-15 -4.123150E-16  7.833542E-20
        16   4  5.079116E-04 -1.930064E-04 -1.930064E-04 -6.333167E-15 -4.126405E-16  5.298227E-20
        16   5  5.079116E-04 -1.930064E-04 -1.930064E-04  6.333256E-15  4.121980E-16 -4.911843E-20
        16   6  5.079116E-04 -1.930064E-04 -1.930064E-04  6.333120E-15  4.124150E-16 -7.177219E-20
        16   7  5.079116E-04 -1.930064E-04 -1.930064E-04 -6.333161E-15  4.130795E-16  3.810913E-20
        16   8  5.079116E-04 -1.930064E-04 -1.930064E-04 -6.333147E-15  4.129676E-16  6.753784E-20

                                INCREMENT     2


 forces (fx,fy,fz) for set RIGHT and time  0.1000000E+00

        65  3.178466E+00 -1.485248E-16 -4.343533E-15
        66  3.178466E+00  3.890441E-16 -2.187303E-15
        67  3.178466E+00  9.279605E-16  5.553860E-16
        68  3.178466E+00 -6.770512E-16  1.654558E-15

 displacements (vx,vy,vz) for set RIGHT and time  0.1000000E+00

        65  2.000000E-02  9.654599E-04  1.930920E-04
        66  2.000000E-02 -9.654599E-04  1.930920E-04
        67  2.000000E-02 -9.654599E-04 -1.930920E-04
        68  2.000000E-02  9.654599E-04 -1.930920E-04

 stresses (elem, integ.pnt.,sxx,syy,szz,sxy,sxz,syz) for set ALL and time  0.1000000E+00

         1   1  3.185709E+00  1.655791E+00  1.582596E+00  3.069477E-01  1.013798E-01  6.829543E-05
         1   2  1.901522E+00  6.733086E-02 -2.047636E-01  3.065481E-01  1.012256E-01  6.824714E-05
         1   3  3.185709E+00  1.655791E+00  1.582596E+00 -3.069477E-01  1.013798E-01 -6.829543E-05
         1   4  1.901522E+00  6.733086E-02 -2.047636E-01 -3.065481E-01  1.012256E-01 -6.824714E-05
         1   5  3.185709E+00  1.655791E+00  1.582596E+00  3.069477E-01 -1.013798E-01 -6.829543E-05
         1   6  1.901522E+00  6.733086E-02 -2.047636E-01  3.065481E-01 -1.012256E-01 -6.824714E-05
         1   7  3.185709E+00  1.655791E+00  1.582596E+00 -3.069477E-01 -1.013798E-01  6.829543E-05
         1   8  1.901522E+00  6.733086E-02 -2.047636E-01 -3.065481E-01 -1.012256E-01  6.824714E-05
         2   1  2.524723E+00  1.309694E-01 -1.469780E-01  7.891728E-02 -2.084185E-02 -3.612917E-06
         2   2  2.564707E+00  9.228159E-02 -3.306291E-03  7.891281E-02 -2.084486E-02 -3.612996E-06
         2   3  2.524723E+00  1.309694E-01 -1.469780E-01 -7.891728E-02 -2.084185E-02  3.612917E-06
         2   4  2.564707E+00  9.228159E-02 -3.306291E-03 -7.891281E-02 -2.084486E-02  3.612996E-06
         2   5  2.524723E+00  1.309694E-01 -1.469780E-01  7.891728E-02  2.084185E-02  3.612917E-06
         2   6  2.564707E+00  9.228159E-02 -3.306291E-03  7.891281E-02  2.084486E-02  3.612996E-06
         2   7  2.524723E+00  1.309694E-01 -1.469780E-01 -7.891728E-02  2.084185E-02 -3.612917E-06
         2   8  2.564707E+00  9.228159E-02 -3.306291E-03 -7.891281E-02  2.084486E-02 -3.612996E-06
         3   1  2.560807E+00  5.672801E-02  3.147368E-02  1.508325E-02  1.059683E-03  3.510715E-08
         3   2  2.528611E+00  9.572210E-03 -5.937350E-03  1.508264E-02  1.059652E-03  3.510653E-08
         3   3  2.560807E+00  5.672801E-02  3.147368E-02 -1.508325E-02  1.059683E-03 -3.510715E-08
         3   4  2.528611E+00  9.572210E-03 -5.937350E-03 -1.508264E-02  1.059652E-03 -3.510653E-08
         3   5  2.560807E+00  5.672801E-02  3.147368E-02  1.508325E-02 -1.059683E-03 -3.510715E-08
         3   6  2.528611E+00  9.572210E-03 -5.937350E-03  1.508264E-02 -1.059652E-03 -3.510653E-08
         3   7  2.560807E+00  5.672801E-02  3.147368E-02 -1.508325E-02 -1.059683E-03  3.510715E-08
         3   8  2.528611E+00  9.572210E-03 -5.937350E-03 -1.508264E-02 -1.059652E-03  3.510653E-08
         4   1  2.545528E+00  8.364861E-03 -1.433500E-03  3.443663E-03 -4.878663E-04 -3.690236E-09
         4   2  2.543942E+00  3.352127E-03 -5.878878E-04  3.443646E-03 -4.878670E-04 -3.690233E-09
         4   3  2.545528E+00  8.364861E-03 -1.433500E-03 -3.443663E-03 -4.878663E-04  3.690236E-09
         4   4  2.543942E+00  3.352127E-03 -5.878878E-04 -3.443646E-03 -4.878670E-04  3.690233E-09
         4   5  2.545528E+00  8.364861E-03 -1.433500E-03  3.443663E-03  4.878663E-04  3.690236E-09
         4   6  2.543942E+00  3.352127E-03 -5.878878E-04  3.443646E-03  4.878670E-04  3.690233E-09
         4   7  2.545528E+00  8.364861E-03 -1.433500E-03 -3.443663E-03  4.878663E-04 -3.690236E-09
         4   8  2.543942E+00  3.352127E-03 -5.878878E-04 -3.443646E-03  4.878670E-04 -3.690233E-09
         5   1  2.545249E+00  2.268321E-03  7.505703E-04  7.051039E-04 -1.149039E-05 -1.779591E-11
         5   2  2.544226E+00  5.450277E-04 -2.133644E-04  7.051028E-04 -1.149038E-05 -1.779590E-11
         5   3  2.545249E+00  2.268321E-03  7.505703E-04 -7.051039E-04 -1.149039E-05  1.779570E-11
         5   4  2.544226E+00  5.450277E-04 -2.133644E-04 -7.051028E-04 -1.149038E-05  1.779597E-11
         5   5  2.545249E+00  2.268321E-03  7.505703E-04  7.051039E-04  1.149039E-05  1.779575E-11
         5   6  2.544226E+00  5.450277E-04 -2.133644E-04  7.051028E-04  1.149038E-05  1.779588E-11
         5   7  2.545249E+00  2.268321E-03  7.505703E-04 -7.051039E-04  1.149039E-05 -1.779626E-11
         5   8  2.544226E+00  5.450277E-04 -2.133644E-04 -7.051028E-04  1.149038E-05 -1.779606E-11
         6   1  2.544803E+00  4.210217E-04  2.311979E-05  1.542011E-04 -1.445341E-05 -4.895473E-12
         6   2  2.544673E+00  1.382829E-04 -3.410091E-05  1.542010E-04 -1.445341E-05 -4.895530E-12
         6   3  2.544803E+00  4.210217E-04  2.311979E-05 -1.542011E-04 -1.445341E-05  4.895401E-12
         6   4  2.544673E+00  1.382829E-04 -3.410091E-05 -1.542010E-04 -1.445341E-05  4.895523E-12
         6   5  2.544803E+00  4.210217E-04  2.311979E-05  1.542011E-04  1.445341E-05  4.895221E-12
         6   6  2.544673E+00  1.382829E-04 -3.410091E-05  1.542010E-04  1.445341E-05  4.895512E-12
         6   7  2.544803E+00  4.210217E-04  2.311979E-05 -1.542011E-04  1.445341E-05 -4.895359E-12
         6   8  2.544673E+00  1.382829E-04 -3.410091E-05 -1.542010E-04  1.445341E-05 -4.895248E-12
         7   1  2.544758E+00  9.794010E-05  2.269123E-05  3.239523E-05 -1.526422E-06 -1.087825E-13
         7   2  2.544719E+00  2.663699E-05 -8.752464E-06  3.239522E-05 -1.526422E-06 -1.088114E-13
         7   3  2.544758E+00  9.794010E-05  2.269123E-05 -3.239523E-05 -1.526422E-06  1.088606E-13
         7   4  2.544719E+00  2.663699E-05 -8.752464E-06 -3.239522E-05 -1.526422E-06  1.087363E-13
         7   5  2.544758E+00  9.794010E-05  2.269123E-05  3.239523E-05  1.526422E-06  1.085534E-13
         7   6  2.544719E+00  2.663699E-05 -8.752464E-06  3.239522E-05  1.526422E-06  1.086606E-13
         7   7  2.544758E+00  9.794010E-05  2.269123E-05 -3.239523E-05  1.526422E-06 -1.082837E-13
         7   8  2.544719E+00  2.663699E-05 -8.752464E-06 -3.239522E-05  1.526422E-06 -1.084568E-13
         8   1  2.544742E+00  1.983390E-05  2.536919E-06  6.973599E-06 -5.273698E-07 -8.202910E-15
         8   2  2.544735E+00  6.051841E-06 -1.675009E-06  6.973599E-06 -5.273698E-07 -8.234514E-15
         8   3  2.544742E+00  1.983390E-05  2.536919E-06 -6.973599E-06 -5.273698E-07  8.149278E-15
         8   4  2.544735E+00  6.051841E-06 -1.675009E-06 -6.973599E-06 -5.273698E-07  8.286997E-15
         8   5  2.544742E+00  1.983390E-05  2.536919E-06  6.973599E-06  5.273698E-07  7.937051E-15
         8   6  2.544735E+00  6.051841E-06 -1.675009E-06  6.973599E-06  5.273698E-07  8.059637E-15
         8   7  2.544742E+00  1.983390E-05  2.536919E-06 -6.973599E-06  5.273698E-07 -8.022861E-15
         8   8  2.544735E+00  6.051841E-06 -1.675009E-06 -6.973599E-06  5.273698E-07 -7.848941E-15
         9   1  2.544739E+00  4.367220E-06  8.396970E-07  1.479082E-06 -8.631533E-08 -3.869197E-16
         9   2  2.544737E+00  1.242751E-06 -3.821291E-07  1.479082E-06 -8.631533E-08 -5.165932E-16
         9   3  2.544739E+00  4.367220E-06  8.396970E-07 -1.479082E-06 -8.631533E-08  4.152678E-16
         9   4  2.544737E+00  1.242751E-06 -3.821291E-07 -1.479082E-06 -8.631533E-08  3.476537E-16
         9   5  2.544739E+00  4.367220E-06  8.396970E-07  1.479082E-06  8.631533E-08  1.302542E-16
         9   6  2.544737E+00  1.242751E-06 -3.821291E-07  1.479082E-06  8.631533E-08  1.455775E-16
         9   7  2.544739E+00  4.367220E-06  8.396970E-07 -1.479082E-06  8.631533E-08 -1.073238E-17
         9   8  2.544737E+00  1.242751E-06 -3.821291E-07 -1.479082E-06  8.631533E-08  3.830223E-17
        10   1  2.544738E+00  9.137303E-07  1.403796E-07  3.165485E-07 -2.180298E-08 -2.756560E-16
        10   2  2.544738E+00  2.712935E-07 -7.827916E-08  3.165485E-07 -2.180298E-08 -3.335015E-16
        10   3  2.544738E+00  9.137303E-07  1.403796E-07 -3.165485E-07 -2.180298E-08  1.193582E-16
        10   4  2.544738E+00  2.712935E-07 -7.827916E-08 -3.165485E-07 -2.180298E-08 -4.938981E-17
        10   5  2.544738E+00  9.137303E-07  1.403796E-07  3.165485E-07  2.180298E-08 -1.104915E-16
        10   6  2.544738E+00  2.712935E-07 -7.827916E-08  3.165485E-07  2.180298E-08 -2.300133E-16
        10   7  2.544738E+00  9.137303E-07  1.403796E-07 -3.165485E-07  2.180298E-08  1.288795E-16
        10   8  2.544738E+00  2.712934E-07 -7.827916E-08 -3.165485E-07  2.180298E-08  7.059157E-18
        11   1  2.544738E+00  1.971896E-07  3.496177E-08  6.737651E-08 -4.210384E-09 -2.366021E-16
        11   2  2.544738E+00  5.705615E-08 -1.711417E-08  6.737651E-08 -4.210381E-09  4.917766E-17
        11   3  2.544738E+00  1.971896E-07  3.496178E-08 -6.737651E-08 -4.210385E-09 -1.166002E-16
        11   4  2.544738E+00  5.705615E-08 -1.711417E-08 -6.737651E-08 -4.210385E-09  6.752432E-18
        11   5  2.544738E+00  1.971896E-07  3.496178E-08  6.737651E-08  4.210388E-09 -2.077739E-16
        11   6  2.544738E+00  5.705615E-08 -1.711417E-08  6.737651E-08  4.210387E-09  2.143833E-16
        11   7  2.544738E+00  1.971896E-07  3.496177E-08 -6.737651E-08  4.210388E-09  3.921750E-17
        11   8  2.544738E+00  5.705614E-08 -1.711417E-08 -6.737651E-08  4.210384E-09  1.771273E-16
        12   1  2.544738E+00  4.175990E-08  6.805970E-09  1.438874E-08 -9.550691E-10  2.520383E-16
        12   2  2.544738E+00  1.227419E-08 -3.596037E-09  1.438874E-08 -9.550726E-10 -1.479001E-16
        12   3  2.544738E+00  4.175990E-08  6.805970E-09 -1.438874E-08 -9.550709E-10  3.450764E-17
        12   4  2.544738E+00  1.227419E-08 -3.596038E-09 -1.438874E-08 -9.550709E-10 -3.876496E-16
        12   5  2.544738E+00  4.175990E-08  6.805973E-09  1.438874E-08  9.550744E-10  2.114919E-16
        12   6  2.544738E+00  1.227419E-08 -3.596036E-09  1.438874E-08  9.550718E-10 -1.493721E-16
        12   7  2.544738E+00  4.175989E-08  6.805967E-09 -1.438874E-08  9.550722E-10  3.674576E-17
        12   8  2.544738E+00  1.227418E-08 -3.596041E-09 -1.438874E-08  9.550702E-10 -3.777498E-16
        13   1  2.544738E+00  8.945651E-09  1.536029E-09  3.066548E-09 -1.963039E-10 -2.444082E-16
        13   2  2.544738E+00  2.604535E-09 -7.739955E-10  3.066548E-09 -1.963058E-10 -5.210058E-17
        13   3  2.544738E+00  8.945647E-09  1.536025E-09 -3.066547E-09 -1.963087E-10 -2.934401E-16
        13   4  2.544738E+00  2.604532E-09 -7.739982E-10 -3.066546E-09 -1.963036E-10 -2.643139E-17
        13   5  2.544738E+00  8.945649E-09  1.536027E-09  3.066547E-09  1.963066E-10 -2.237190E-16
        13   6  2.544738E+00  2.604533E-09 -7.739980E-10  3.066547E-09  1.963072E-10 -1.800476E-16
        13   7  2.544738E+00  8.945654E-09  1.536032E-09 -3.066547E-09  1.963020E-10 -1.011352E-16
        13   8  2.544738E+00  2.604541E-09 -7.739895E-10 -3.066548E-09  1.963051E-10  8.121223E-17
        14   1  2.544738E+00  1.903219E-09  3.165992E-10  6.540888E-10 -4.280504E-11 -1.302488E-17
        14   2  2.544738E+00  5.580770E-10 -1.640418E-10  6.540895E-10 -4.280779E-11  5.096916E-16
        14   3  2.544738E+00  1.903228E-09  3.166085E-10 -6.540879E-10 -4.280990E-11  3.600984E-17
        14   4  2.544738E+00  5.580850E-10 -1.640341E-10 -6.540874E-10 -4.280833E-11 -4.673604E-17
        14   5  2.544738E+00  1.903215E-09  3.165950E-10  6.540882E-10  4.281597E-11  1.225871E-17
        14   6  2.544738E+00  5.580724E-10 -1.640460E-10  6.540887E-10  4.281686E-11  3.401776E-16
        14   7  2.544738E+00  1.903232E-09  3.166121E-10 -6.540893E-10  4.281006E-11  1.624270E-16
        14   8  2.544738E+00  5.580779E-10 -1.640409E-10 -6.540884E-10  4.281321E-11 -8.887527E-17
        15   1  2.544738E+00  4.076897E-10  6.862580E-11  1.381781E-10 -8.923988E-12  5.010723E-16
        15   2  2.544738E+00  1.225712E-10 -3.446806E-11  1.381777E-10 -8.925758E-12  1.553401E-16
        15   3  2.544738E+00  4.076902E-10  6.862624E-11 -1.381772E-10 -8.924745E-12 -6.282558E-17
        15   4  2.544738E+00  1.225723E-10 -3.446695E-11 -1.381775E-10 -8.919238E-12  9.232296E-17
        15   5  2.544738E+00  4.076877E-10  6.862403E-11  1.381775E-10  8.924740E-12  4.535700E-16
        15   6  2.544738E+00  1.225638E-10 -3.447494E-11  1.381777E-10  8.922678E-12  8.274589E-17
        15   7  2.544738E+00  4.076855E-10  6.862159E-11 -1.381774E-10  8.921039E-12 -1.103278E-16
        15   8  2.544738E+00  1.225629E-10 -3.447605E-11 -1.381772E-10  8.923805E-12  1.455715E-16
        16   1  2.544738E+00  9.202308E-11  1.292763E-11  2.341765E-11 -1.528690E-12 -6.359175E-17
        16   2  2.544738E+00  4.381819E-11 -4.356310E-12  2.341723E-11 -1.527116E-12 -8.044739E-18
        16   3  2.544738E+00  9.202419E-11  1.292852E-11 -2.341760E-11 -1.529010E-12  1.080294E-16
        16   4  2.544738E+00  4.381753E-11 -4.358084E-12 -2.341738E-11 -1.525470E-12 -2.394268E-17
        16   5  2.544738E+00  9.202730E-11  1.293185E-11  2.341819E-11  1.524852E-12 -7.355190E-17
        16   6  2.544738E+00  4.382152E-11 -4.352539E-12  2.341740E-11  1.525933E-12 -1.547655E-16
        16   7  2.544738E+00  9.202330E-11  1.292763E-11 -2.341723E-11  1.524127E-12  9.500453E-17
        16   8  2.544738E+00  4.382085E-11 -4.354535E-12 -2.341748E-11  1.528454E-12 -1.103278E-16

 strains (elem, integ.pnt.,exx,eyy,ezz,exy,exz,eyz) for set ALL and time  0.1000000E+00

         1   1  7.804982E-04 -6.179600E-05 -1.020572E-04  1.688246E-04  5.576222E-05 -1.291621E-20
         1   2  7.804982E-04 -2.306063E-04 -3.808294E-04  1.687961E-04  5.574667E-05 -4.403199E-20
         1   3  7.804982E-04 -6.179600E-05 -1.020572E-04 -1.688246E-04  5.576222E-05  1.418717E-20
         1   4  7.804982E-04 -2.306063E-04 -3.808294E-04 -1.687961E-04  5.574667E-05  8.468732E-20
         1   5  7.804982E-04 -6.179600E-05 -1.020572E-04  1.688246E-04 -5.576222E-05 -8.469601E-21
         1   6  7.804982E-04 -2.306063E-04 -3.808294E-04  1.687961E-04 -5.574667E-05 -3.895173E-20
         1   7  7.804982E-04 -6.179600E-05 -1.020572E-04 -1.688246E-04 -5.576222E-05  1.524586E-20
         1   8  7.804982E-04 -2.306063E-04 -3.808294E-04 -1.687961E-04 -5.574667E-05  8.976759E-20
         2   1  1.010538E-03 -3.082815E-04 -4.618578E-04  4.342133E-05 -1.146921E-05 -2.624277E-20
         2   2  1.010538E-03 -3.517019E-04 -4.045101E-04  4.341944E-05 -1.146987E-05  1.272268E-19
         2   3  1.010538E-03 -3.082815E-04 -4.618578E-04 -4.342133E-05 -1.146921E-05  1.143216E-19
         2   4  1.010538E-03 -3.517019E-04 -4.045101E-04 -4.341944E-05 -1.146987E-05  1.187594E-19
         2   5  1.010538E-03 -3.082815E-04 -4.618578E-04  4.342133E-05  1.146921E-05 -1.692867E-20
         2   6  1.010538E-03 -3.517019E-04 -4.045101E-04  4.341944E-05  1.146987E-05  1.177016E-19
         2   7  1.010538E-03 -3.082815E-04 -4.618578E-04 -4.342133E-05  1.146921E-05  1.168615E-19
         2   8  1.010538E-03 -3.517019E-04 -4.045101E-04 -4.341944E-05  1.146987E-05  2.710089E-20
         3   1  1.009098E-03 -3.706322E-04 -3.845856E-04  8.299314E-06  5.830816E-07  8.298089E-20
         3   2  1.009098E-03 -3.789314E-04 -3.875011E-04  8.299245E-06  5.830799E-07  6.604657E-20
         3   3  1.009098E-03 -3.706322E-04 -3.845856E-04 -8.299314E-06  5.830816E-07  4.276174E-20
         3   4  1.009098E-03 -3.789314E-04 -3.875011E-04 -8.299245E-06  5.830799E-07  9.218880E-20
         3   5  1.009098E-03 -3.706322E-04 -3.845856E-04  8.299314E-06 -5.830816E-07  5.757968E-20
         3   6  1.009098E-03 -3.789314E-04 -3.875011E-04  8.299245E-06 -5.830799E-07  1.696895E-21
         3   7  1.009098E-03 -3.706322E-04 -3.845856E-04 -8.299314E-06 -5.830816E-07  1.863058E-20
         3   8  1.009098E-03 -3.789314E-04 -3.875011E-04 -8.299245E-06 -5.830799E-07  1.524429E-20
         4   1  1.015341E-03 -3.826627E-04 -3.880769E-04  1.894845E-06 -2.684455E-07  2.709754E-20
         4   2  1.015341E-03 -3.845576E-04 -3.867346E-04  1.894841E-06 -2.684458E-07  1.587753E-20
         4   3  1.015341E-03 -3.826627E-04 -3.880769E-04 -1.894845E-06 -2.684455E-07  1.355020E-20
         4   4  1.015341E-03 -3.845576E-04 -3.867346E-04 -1.894841E-06 -2.684458E-07 -9.451192E-20
         4   5  1.015341E-03 -3.826627E-04 -3.880769E-04  1.894845E-06  2.684455E-07 -3.386516E-20
         4   6  1.015341E-03 -3.845576E-04 -3.867346E-04  1.894841E-06  2.684458E-07 -4.191009E-20
         4   7  1.015341E-03 -3.826627E-04 -3.880769E-04 -1.894845E-06  2.684455E-07 -1.016019E-19
         4   8  1.015341E-03 -3.845576E-04 -3.867346E-04 -1.894841E-06  2.684458E-07 -6.477119E-20
         5   1  1.015823E-03 -3.853931E-04 -3.862318E-04  3.879779E-07 -6.322503E-09  9.314559E-21
         5   2  1.015823E-03 -3.857811E-04 -3.862002E-04  3.879778E-07 -6.322503E-09  8.890832E-21
         5   3  1.015823E-03 -3.853931E-04 -3.862318E-04 -3.879779E-07 -6.322503E-09 -1.261585E-19
         5   4  1.015823E-03 -3.857811E-04 -3.862002E-04 -3.879778E-07 -6.322503E-09  3.027016E-20
         5   5  1.015823E-03 -3.853931E-04 -3.862318E-04  3.879779E-07  6.322503E-09 -9.991053E-20
         5   6  1.015823E-03 -3.857811E-04 -3.862002E-04  3.879778E-07  6.322503E-09 -1.820375E-20
         5   7  1.015823E-03 -3.853931E-04 -3.862318E-04 -3.879779E-07  6.322503E-09 -1.811943E-19
         5   8  1.015823E-03 -3.857811E-04 -3.862002E-04 -3.879778E-07  6.322503E-09 -7.831989E-20
         6   1  1.016036E-03 -3.859542E-04 -3.861740E-04  8.484797E-08 -7.952881E-09 -2.582431E-20
         6   2  1.016036E-03 -3.860390E-04 -3.861343E-04  8.484796E-08 -7.952881E-09 -5.757591E-20
         6   3  1.016036E-03 -3.859542E-04 -3.861740E-04 -8.484797E-08 -7.952881E-09 -1.397043E-20
         6   4  1.016036E-03 -3.860390E-04 -3.861343E-04 -8.484796E-08 -7.952881E-09  5.344840E-20
         6   5  1.016036E-03 -3.859542E-04 -3.861740E-04  8.484797E-08  7.952881E-09 -1.134584E-19
         6   6  1.016036E-03 -3.860390E-04 -3.861343E-04  8.484796E-08  7.952881E-09  4.741561E-20
         6   7  1.016036E-03 -3.859542E-04 -3.861740E-04 -8.484797E-08  7.952881E-09  3.725528E-20
         6   8  1.016036E-03 -3.860390E-04 -3.861343E-04 -8.484796E-08  7.952881E-09  9.864132E-20
         7   1  1.016067E-03 -3.860766E-04 -3.861182E-04  1.782523E-08 -8.399023E-10 -9.271426E-20
         7   2  1.016067E-03 -3.860944E-04 -3.861140E-04  1.782523E-08 -8.399023E-10 -1.086958E-19
         7   3  1.016067E-03 -3.860766E-04 -3.861182E-04 -1.782523E-08 -8.399023E-10  1.358963E-19
         7   4  1.016067E-03 -3.860944E-04 -3.861140E-04 -1.782523E-08 -8.399023E-10  6.720730E-20
         7   5  1.016067E-03 -3.860766E-04 -3.861182E-04  1.782523E-08  8.399023E-10 -3.386820E-20
         7   6  1.016067E-03 -3.860944E-04 -3.861140E-04  1.782523E-08  8.399023E-10  2.540119E-20
         7   7  1.016067E-03 -3.860766E-04 -3.861182E-04 -1.782523E-08  8.399023E-10  1.828885E-19
         7   8  1.016067E-03 -3.860944E-04 -3.861140E-04 -1.782523E-08  8.399023E-10  8.721072E-20
         8   1  1.016075E-03 -3.861024E-04 -3.861119E-04  3.837171E-09 -2.901813E-10 -6.900652E-20
         8   2  1.016075E-03 -3.861062E-04 -3.861105E-04  3.837171E-09 -2.901813E-10 -8.646983E-20
         8   3  1.016075E-03 -3.861024E-04 -3.861119E-04 -3.837171E-09 -2.901813E-10  3.937183E-20
         8   4  1.016075E-03 -3.861062E-04 -3.861105E-04 -3.837171E-09 -2.901813E-10  1.154695E-19
         8   5  1.016075E-03 -3.861024E-04 -3.861119E-04  3.837171E-09  2.901813E-10 -7.789693E-20
         8   6  1.016075E-03 -3.861062E-04 -3.861105E-04  3.837171E-09  2.901813E-10 -1.016047E-20
         8   7  1.016075E-03 -3.861024E-04 -3.861119E-04 -3.837171E-09  2.901813E-10  3.048142E-20
         8   8  1.016075E-03 -3.861062E-04 -3.861105E-04 -3.837171E-09  2.901813E-10  1.265825E-19
         9   1  1.016077E-03 -3.861079E-04 -3.861099E-04  8.138538E-10 -4.749437E-11 -5.884605E-20
         9   2  1.016077E-03 -3.861087E-04 -3.861096E-04  8.138538E-10 -4.749437E-11 -1.304985E-19
         9   3  1.016077E-03 -3.861079E-04 -3.861099E-04 -8.138538E-10 -4.749437E-11  7.451012E-20
         9   4  1.016077E-03 -3.861087E-04 -3.861096E-04 -8.138538E-10 -4.749437E-11  3.714922E-20
         9   5  1.016077E-03 -3.861079E-04 -3.861099E-04  8.138538E-10  4.749437E-11 -8.297717E-20
         9   6  1.016077E-03 -3.861087E-04 -3.861096E-04  8.138538E-10  4.749437E-11 -7.451011E-20
         9   7  1.016077E-03 -3.861079E-04 -3.861099E-04 -8.138538E-10  4.749437E-11  1.490202E-19
         9   8  1.016077E-03 -3.861087E-04 -3.861096E-04 -8.138538E-10  4.749437E-11  1.761148E-19
        10   1  1.016077E-03 -3.861091E-04 -3.861095E-04  1.741784E-10 -1.199693E-11 -1.439400E-19
        10   2  1.016077E-03 -3.861093E-04 -3.861094E-04  1.741784E-10 -1.199693E-11 -1.759031E-19
        10   3  1.016077E-03 -3.861091E-04 -3.861095E-04 -1.741784E-10 -1.199693E-11  5.757600E-20
        10   4  1.016077E-03 -3.861093E-04 -3.861094E-04 -1.741784E-10 -1.199693E-11 -3.566748E-20
        10   5  1.016077E-03 -3.861091E-04 -3.861095E-04  1.741784E-10  1.199693E-11 -6.942988E-20
        10   6  1.016077E-03 -3.861093E-04 -3.861094E-04  1.741784E-10  1.199693E-11 -1.354729E-19
        10   7  1.016077E-03 -3.861091E-04 -3.861095E-04 -1.741784E-10  1.199693E-11  7.959035E-20
        10   8  1.016077E-03 -3.861093E-04 -3.861094E-04 -1.741784E-10  1.199693E-11  1.227723E-20
        11   1  1.016077E-03 -3.861093E-04 -3.861094E-04  3.707342E-11 -2.316733E-12 -1.303927E-19
        11   2  1.016077E-03 -3.861094E-04 -3.861094E-04  3.707342E-11 -2.316731E-12  2.751794E-20
        11   3  1.016077E-03 -3.861093E-04 -3.861094E-04 -3.707342E-11 -2.316733E-12 -6.477300E-20
        11   4  1.016077E-03 -3.861094E-04 -3.861094E-04 -3.707342E-11 -2.316733E-12  3.386823E-21
        11   5  1.016077E-03 -3.861093E-04 -3.861094E-04  3.707342E-11  2.316734E-12 -1.151520E-19
        11   6  1.016077E-03 -3.861094E-04 -3.861094E-04  3.707342E-11  2.316734E-12  1.181155E-19
        11   7  1.016077E-03 -3.861093E-04 -3.861094E-04 -3.707342E-11  2.316735E-12  2.201435E-20
        11   8  1.016077E-03 -3.861094E-04 -3.861094E-04 -3.707342E-11  2.316733E-12  9.821788E-20
        12   1  1.016077E-03 -3.861094E-04 -3.861094E-04  7.917297E-12 -5.255197E-13  1.392831E-19
        12   2  1.016077E-03 -3.861094E-04 -3.861094E-04  7.917297E-12 -5.255216E-13 -8.170711E-20
        12   3  1.016077E-03 -3.861094E-04 -3.861094E-04 -7.917297E-12 -5.255207E-13  1.905088E-20
        12   4  1.016077E-03 -3.861094E-04 -3.861094E-04 -7.917296E-12 -5.255207E-13 -2.142166E-19
        12   5  1.016077E-03 -3.861094E-04 -3.861094E-04  7.917297E-12  5.255226E-13  1.168454E-19
        12   6  1.016077E-03 -3.861094E-04 -3.861094E-04  7.917297E-12  5.255211E-13 -8.255382E-20
        12   7  1.016077E-03 -3.861094E-04 -3.861094E-04 -7.917296E-12  5.255213E-13  2.032094E-20
        12   8  1.016077E-03 -3.861094E-04 -3.861094E-04 -7.917297E-12  5.255203E-13 -2.087130E-19
        13   1  1.016077E-03 -3.861094E-04 -3.861094E-04  1.687345E-12 -1.080147E-13 -1.350496E-19
        13   2  1.016077E-03 -3.861094E-04 -3.861094E-04  1.687345E-12 -1.080158E-13 -2.878800E-20
        13   3  1.016077E-03 -3.861094E-04 -3.861094E-04 -1.687344E-12 -1.080174E-13 -1.621442E-19
        13   4  1.016077E-03 -3.861094E-04 -3.861094E-04 -1.687344E-12 -1.080146E-13 -1.460568E-20
        13   5  1.016077E-03 -3.861094E-04 -3.861094E-04  1.687344E-12  1.080163E-13 -1.236191E-19
        13   6  1.016077E-03 -3.861094E-04 -3.861094E-04  1.687344E-12  1.080166E-13 -9.948794E-20
        13   7  1.016077E-03 -3.861094E-04 -3.861094E-04 -1.687345E-12  1.080137E-13 -5.588259E-20
        13   8  1.016077E-03 -3.861094E-04 -3.861094E-04 -1.687345E-12  1.080154E-13  4.487541E-20
        14   1  1.016077E-03 -3.861094E-04 -3.861094E-04  3.599075E-13 -2.355315E-14 -7.197000E-21
        14   2  1.016077E-03 -3.861094E-04 -3.861094E-04  3.599079E-13 -2.355467E-14  2.816355E-19
        14   3  1.016077E-03 -3.861094E-04 -3.861094E-04 -3.599070E-13 -2.355584E-14  1.989759E-20
        14   4  1.016077E-03 -3.861094E-04 -3.861094E-04 -3.599067E-13 -2.355497E-14 -2.582453E-20
        14   5  1.016077E-03 -3.861094E-04 -3.861094E-04  3.599071E-13  2.355917E-14  6.773647E-21
        14   6  1.016077E-03 -3.861094E-04 -3.861094E-04  3.599074E-13  2.355966E-14  1.879687E-19
        14   7  1.016077E-03 -3.861094E-04 -3.861094E-04 -3.599077E-13  2.355591E-14  8.975082E-20
        14   8  1.016077E-03 -3.861094E-04 -3.861094E-04 -3.599073E-13  2.355764E-14 -4.910894E-20
        15   1  1.016077E-03 -3.861094E-04 -3.861094E-04  7.603149E-14 -4.910362E-15  2.768728E-19
        15   2  1.016077E-03 -3.861094E-04 -3.861094E-04  7.603125E-14 -4.911339E-15  8.583480E-20
        15   3  1.016077E-03 -3.861094E-04 -3.861094E-04 -7.603096E-14 -4.910779E-15 -3.471494E-20
        15   4  1.016077E-03 -3.861094E-04 -3.861094E-04 -7.603115E-14 -4.907741E-15  5.101403E-20
        15   5  1.016077E-03 -3.861094E-04 -3.861094E-04  7.603112E-14  4.910772E-15  2.506249E-19
        15   6  1.016077E-03 -3.861094E-04 -3.861094E-04  7.603123E-14  4.909634E-15  4.572212E-20
        15   7  1.016077E-03 -3.861094E-04 -3.861094E-04 -7.603107E-14  4.908731E-15 -6.096282E-20
        15   8  1.016077E-03 -3.861094E-04 -3.861094E-04 -7.603099E-14  4.910257E-15  8.043705E-20
        16   1  1.016077E-03 -3.861094E-04 -3.861094E-04  1.288539E-14 -8.411537E-16 -3.513829E-20
        16   2  1.016077E-03 -3.861094E-04 -3.861094E-04  1.288516E-14 -8.402855E-16 -4.445206E-21
        16   3  1.016077E-03 -3.861094E-04 -3.861094E-04 -1.288536E-14 -8.413288E-16  5.969276E-20
        16   4  1.016077E-03 -3.861094E-04 -3.861094E-04 -1.288524E-14 -8.393752E-16 -1.322978E-20
        16   5  1.016077E-03 -3.861094E-04 -3.861094E-04  1.288568E-14  8.390346E-16 -4.064188E-20
        16   6  1.016077E-03 -3.861094E-04 -3.861094E-04  1.288525E-14  8.396315E-16 -8.551729E-20
        16   7  1.016077E-03 -3.861094E-04 -3.861094E-04 -1.288516E-14  8.386372E-16  5.249576E-20
        16   8  1.016077E-03 -3.861094E-04 -3.861094E-04 -1.288529E-14  8.410249E-16 -6.096282E-20

                                INCREMENT     3


 forces (fx,fy,fz) for set RIGHT and time  0.1750000E+00

        65  5.568637E+00 -2.374660E-15 -7.478645E-15
        66  5.568637E+00  1.728224E-15 -4.356876E-15
        67  5.568637E+00 -9.232297E-17  2.570210E-15
        68  5.568637E+00 -4.806584E-16  2.915288E-15

 displacements (vx,vy,vz) for set RIGHT and time  0.1750000E+00

        65  3.500000E-02  1.690434E-03  3.380868E-04
        66  3.500000E-02 -1.690434E-03  3.380868E-04
        67  3.500000E-02 -1.690434E-03 -3.380868E-04
        68  3.500000E-02  1.690434E-03 -3.380868E-04

 stresses (elem, integ.pnt.,sxx,syy,szz,sxy,sxz,syz) for set ALL and time  0.1750000E+00

         1   1  5.581776E+00  2.897877E+00  2.769229E+00  5.386316E-01  1.780086E-01  2.094810E-04
         1   2  3.333212E+00  1.188719E-01 -3.579599E-01  5.374079E-01  1.775358E-01  2.092222E-04
         1   3  5.581776E+00  2.897877E+00  2.769229E+00 -5.386316E-01  1.780086E-01 -2.094810E-04
         1   4  3.333212E+00  1.188719E-01 -3.579599E-01 -5.374079E-01  1.775358E-01 -2.092222E-04
         1   5  5.581776E+00  2.897877E+00  2.769229E+00  5.386316E-01 -1.780086E-01 -2.094810E-04
         1   6  3.333212E+00  1.188719E-01 -3.579599E-01  5.374079E-01 -1.775358E-01 -2.092222E-04
         1   7  5.581776E+00  2.897877E+00  2.769229E+00 -5.386316E-01 -1.780086E-01  2.094810E-04
         1   8  3.333212E+00  1.188719E-01 -3.579599E-01 -5.374079E-01 -1.775358E-01  2.092222E-04
         2   1  4.425830E+00  2.295456E-01 -2.572732E-01  1.385949E-01 -3.659484E-02 -1.109765E-05
         2   2  4.495908E+00  1.617822E-01 -5.820447E-03  1.385812E-01 -3.660409E-02 -1.109808E-05
         2   3  4.425830E+00  2.295456E-01 -2.572732E-01 -1.385949E-01 -3.659484E-02  1.109765E-05
         2   4  4.495908E+00  1.617822E-01 -5.820447E-03 -1.385812E-01 -3.660409E-02  1.109808E-05
         2   5  4.425830E+00  2.295456E-01 -2.572732E-01  1.385949E-01  3.659484E-02  1.109765E-05
         2   6  4.495908E+00  1.617822E-01 -5.820447E-03  1.385812E-01  3.660409E-02  1.109808E-05
         2   7  4.425830E+00  2.295456E-01 -2.572732E-01 -1.385949E-01  3.659484E-02 -1.109765E-05
         2   8  4.495908E+00  1.617822E-01 -5.820447E-03 -1.385812E-01  3.660409E-02 -1.109808E-05
         3   1  4.489090E+00  9.951194E-02  5.508849E-02  2.654978E-02  1.853126E-03  1.076429E-07
         3   2  4.432612E+00  1.686395E-02 -1.039900E-02  2.654788E-02  1.853029E-03  1.076396E-07
         3   3  4.489090E+00  9.951194E-02  5.508849E-02 -2.654978E-02  1.853126E-03 -1.076429E-07
         3   4  4.432612E+00  1.686395E-02 -1.039900E-02 -2.654788E-02  1.853029E-03 -1.076396E-07
         3   5  4.489090E+00  9.951194E-02  5.508849E-02  2.654978E-02 -1.853126E-03 -1.076429E-07
         3   6  4.432612E+00  1.686395E-02 -1.039900E-02  2.654788E-02 -1.853029E-03 -1.076396E-07
         3   7  4.489090E+00  9.951194E-02  5.508849E-02 -2.654978E-02 -1.853126E-03  1.076429E-07
         3   8  4.432612E+00  1.686395E-02 -1.039900E-02 -2.654788E-02 -1.853029E-03  1.076396E-07
         4   1  4.462333E+00  1.471614E-02 -2.500821E-03  6.069371E-03 -8.583208E-04 -1.139797E-08
         4   2  4.459529E+00  5.897092E-03 -1.034731E-03  6.069318E-03 -8.583230E-04 -1.139795E-08
         4   3  4.462333E+00  1.471614E-02 -2.500821E-03 -6.069371E-03 -8.583208E-04  1.139797E-08
         4   4  4.459529E+00  5.897092E-03 -1.034731E-03 -6.069318E-03 -8.583230E-04  1.139795E-08
         4   5  4.462333E+00  1.471614E-02 -2.500821E-03  6.069371E-03  8.583208E-04  1.139797E-08
         4   6  4.459529E+00  5.897092E-03 -1.034731E-03  6.069318E-03  8.583230E-04  1.139795E-08
         4   7  4.462333E+00  1.471614E-02 -2.500821E-03 -6.069371E-03  8.583208E-04 -1.139797E-08
         4   8  4.459529E+00  5.897092E-03 -1.034731E-03 -6.069318E-03  8.583230E-04 -1.139795E-08
         5   1  4.461837E+00  3.992926E-03  1.316010E-03  1.245371E-03 -2.077388E-05 -5.660458E-11
         5   2  4.460037E+00  9.625506E-04 -3.750082E-04  1.245367E-03 -2.077385E-05 -5.660459E-11
         5   3  4.461837E+00  3.992926E-03  1.316010E-03 -1.245371E-03 -2.077388E-05  5.660458E-11
         5   4  4.460037E+00  9.625506E-04 -3.750082E-04 -1.245367E-03 -2.077385E-05  5.660433E-11
         5   5  4.461837E+00  3.992926E-03  1.316010E-03  1.245371E-03  2.077388E-05  5.660453E-11
         5   6  4.460037E+00  9.625506E-04 -3.750082E-04  1.245367E-03  2.077385E-05  5.660436E-11
         5   7  4.461837E+00  3.992926E-03  1.316010E-03 -1.245371E-03  2.077388E-05 -5.660419E-11
         5   8  4.460037E+00  9.625506E-04 -3.750082E-04 -1.245367E-03  2.077385E-05 -5.660425E-11
         6   1  4.461054E+00  7.431256E-04  4.128133E-05  2.727634E-04 -2.552320E-05 -1.523213E-11
         6   2  4.460825E+00  2.442288E-04 -6.017020E-05  2.727633E-04 -2.552320E-05 -1.523188E-11
         6   3  4.461054E+00  7.431256E-04  4.128133E-05 -2.727634E-04 -2.552320E-05  1.523198E-11
         6   4  4.460825E+00  2.442288E-04 -6.017020E-05 -2.727633E-04 -2.552320E-05  1.523195E-11
         6   5  4.461054E+00  7.431256E-04  4.128133E-05  2.727634E-04  2.552320E-05  1.523191E-11
         6   6  4.460825E+00  2.442288E-04 -6.017020E-05  2.727633E-04  2.552320E-05  1.523223E-11
         6   7  4.461054E+00  7.431256E-04  4.128133E-05 -2.727634E-04  2.552320E-05 -1.523190E-11
         6   8  4.460825E+00  2.442288E-04 -6.017020E-05 -2.727633E-04  2.552320E-05 -1.523204E-11
         7   1  4.460975E+00  1.730464E-04  3.992515E-05  5.741565E-05 -2.719770E-06 -3.417035E-13
         7   2  4.460906E+00  4.718345E-05 -1.544379E-05  5.741564E-05 -2.719770E-06 -3.417069E-13
         7   3  4.460975E+00  1.730464E-04  3.992515E-05 -5.741565E-05 -2.719770E-06  3.417127E-13
         7   4  4.460906E+00  4.718345E-05 -1.544379E-05 -5.741564E-05 -2.719770E-06  3.412845E-13
         7   5  4.460975E+00  1.730464E-04  3.992515E-05  5.741565E-05  2.719770E-06  3.418030E-13
         7   6  4.460906E+00  4.718345E-05 -1.544379E-05  5.741564E-05  2.719770E-06  3.415428E-13
         7   7  4.460975E+00  1.730464E-04  3.992515E-05 -5.741565E-05  2.719770E-06 -3.416193E-13
         7   8  4.460906E+00  4.718345E-05 -1.544379E-05 -5.741564E-05  2.719770E-06 -3.420096E-13
         8   1  4.460946E+00  3.512466E-05  4.497828E-06  1.237992E-05 -9.355563E-07 -2.536694E-14
         8   2  4.460934E+00  1.072980E-05 -2.964352E-06  1.237992E-05 -9.355563E-07 -2.492992E-14
         8   3  4.460946E+00  3.512466E-05  4.497828E-06 -1.237992E-05 -9.355563E-07  2.511896E-14
         8   4  4.460934E+00  1.072980E-05 -2.964352E-06 -1.237992E-05 -9.355563E-07  2.550662E-14
         8   5  4.460946E+00  3.512466E-05  4.497828E-06  1.237992E-05  9.355563E-07  2.548175E-14
         8   6  4.460934E+00  1.072980E-05 -2.964352E-06  1.237992E-05  9.355563E-07  2.557359E-14
         8   7  4.460946E+00  3.512466E-05  4.497828E-06 -1.237992E-05  9.355563E-07 -2.564094E-14
         8   8  4.460934E+00  1.072980E-05 -2.964352E-06 -1.237992E-05  9.355563E-07 -2.517101E-14
         9   1  4.460942E+00  7.744769E-06  1.483908E-06  2.630639E-06 -1.539436E-07 -6.595015E-16
         9   2  4.460939E+00  2.208548E-06 -6.768778E-07  2.630639E-06 -1.539436E-07 -5.787559E-16
         9   3  4.460942E+00  7.744769E-06  1.483908E-06 -2.630639E-06 -1.539436E-07  1.204439E-15
         9   4  4.460939E+00  2.208548E-06 -6.768778E-07 -2.630639E-06 -1.539436E-07  1.236201E-15
         9   5  4.460942E+00  7.744769E-06  1.483908E-06  2.630639E-06  1.539436E-07  1.124841E-15
         9   6  4.460939E+00  2.208548E-06 -6.768778E-07  2.630639E-06  1.539436E-07  1.040651E-15
         9   7  4.460942E+00  7.744769E-06  1.483908E-06 -2.630639E-06  1.539436E-07 -7.513448E-16
         9   8  4.460939E+00  2.208548E-06 -6.768778E-07 -2.630639E-06  1.539436E-07 -5.967419E-16
        10   1  4.460941E+00  1.623707E-06  2.492692E-07  5.639643E-07 -3.885064E-08  2.000385E-16
        10   2  4.460940E+00  4.827903E-07 -1.389869E-07  5.639643E-07 -3.885064E-08 -7.013395E-17
        10   3  4.460941E+00  1.623707E-06  2.492692E-07 -5.639643E-07 -3.885065E-08  4.826635E-16
        10   4  4.460940E+00  4.827903E-07 -1.389869E-07 -5.639643E-07 -3.885064E-08  1.210305E-16
        10   5  4.460941E+00  1.623707E-06  2.492692E-07  5.639643E-07  3.885064E-08  1.581505E-16
        10   6  4.460940E+00  4.827903E-07 -1.389869E-07  5.639643E-07  3.885064E-08 -4.526076E-16
        10   7  4.460941E+00  1.623707E-06  2.492692E-07 -5.639643E-07  3.885064E-08  3.071890E-16
        10   8  4.460940E+00  4.827903E-07 -1.389869E-07 -5.639643E-07  3.885064E-08 -3.081612E-16
        11   1  4.460940E+00  3.509630E-07  6.205002E-08  1.202559E-07 -7.528606E-09 -3.815999E-16
        11   2  4.460940E+00  1.017433E-07 -3.042800E-08  1.202559E-07 -7.528604E-09 -2.155166E-16
        11   3  4.460940E+00  3.509630E-07  6.205002E-08 -1.202559E-07 -7.528603E-09 -2.306889E-16
        11   4  4.460940E+00  1.017433E-07 -3.042799E-08 -1.202559E-07 -7.528603E-09  1.072180E-16
        11   5  4.460940E+00  3.509630E-07  6.205002E-08  1.202559E-07  7.528601E-09 -4.082526E-16
        11   6  4.460940E+00  1.017433E-07 -3.042800E-08  1.202559E-07  7.528603E-09  9.535491E-17
        11   7  4.460940E+00  3.509630E-07  6.205002E-08 -1.202559E-07  7.528602E-09 -3.142481E-16
        11   8  4.460940E+00  1.017433E-07 -3.042799E-08 -1.202559E-07  7.528599E-09  3.475646E-17
        12   1  4.460940E+00  7.446642E-08  1.211841E-08  2.572633E-08 -1.708763E-09 -1.929672E-16
        12   2  4.460940E+00  2.192239E-08 -6.406639E-09  2.572633E-08 -1.708761E-09 -2.557268E-16
        12   3  4.460940E+00  7.446642E-08  1.211841E-08 -2.572633E-08 -1.708769E-09 -1.376688E-16
        12   4  4.460940E+00  2.192239E-08 -6.406637E-09 -2.572633E-08 -1.708761E-09 -2.038725E-16
        12   5  4.460940E+00  7.446643E-08  1.211842E-08  2.572633E-08  1.708765E-09 -8.562425E-17
        12   6  4.460940E+00  2.192239E-08 -6.406632E-09  2.572633E-08  1.708763E-09 -4.208524E-16
        12   7  4.460940E+00  7.446642E-08  1.211841E-08 -2.572633E-08  1.708759E-09 -1.225539E-16
        12   8  4.460940E+00  2.192239E-08 -6.406637E-09 -2.572633E-08  1.708759E-09 -1.302075E-16
        13   1  4.460940E+00  1.597883E-08  2.737022E-09  5.492643E-09 -3.521077E-10 -1.882830E-16
        13   2  4.460940E+00  4.660636E-09 -1.381126E-09  5.492643E-09 -3.521120E-10 -3.371457E-16
        13   3  4.460940E+00  1.597883E-08  2.737021E-09 -5.492642E-09 -3.521145E-10 -4.132526E-17
        13   4  4.460940E+00  4.660636E-09 -1.381127E-09 -5.492642E-09 -3.521090E-10 -1.354647E-16
        13   5  4.460940E+00  1.597883E-08  2.737019E-09  5.492642E-09  3.521189E-10 -9.183909E-17
        13   6  4.460940E+00  4.660633E-09 -1.381129E-09  5.492641E-09  3.521197E-10 -2.938944E-16
        13   7  4.460940E+00  1.597884E-08  2.737027E-09 -5.492643E-09  3.521153E-10 -3.857462E-16
        13   8  4.460940E+00  4.660635E-09 -1.381127E-09 -5.492643E-09  3.521192E-10 -1.622608E-16
        14   1  4.460940E+00  3.405782E-09  5.655284E-10  1.173629E-09 -7.688382E-11 -2.372621E-16
        14   2  4.460940E+00  1.000351E-09 -2.932647E-10  1.173628E-09 -7.688559E-11 -4.802642E-16
        14   3  4.460940E+00  3.405780E-09  5.655284E-10 -1.173626E-09 -7.688948E-11 -1.392955E-16
        14   4  4.460940E+00  1.000351E-09 -2.932620E-10 -1.173627E-09 -7.688239E-11  7.194413E-17
        14   5  4.460940E+00  3.405783E-09  5.655297E-10  1.173627E-09  7.688561E-11 -4.898308E-16
        14   6  4.460940E+00  1.000351E-09 -2.932642E-10  1.173627E-09  7.688561E-11 -7.041301E-17
        14   7  4.460940E+00  3.405777E-09  5.655258E-10 -1.173628E-09  7.688617E-11  2.020551E-16
        14   8  4.460940E+00  1.000353E-09 -2.932594E-10 -1.173628E-09  7.689011E-11  3.826803E-16
        15   1  4.460940E+00  7.308271E-10  1.227333E-10  2.483625E-10 -1.605818E-11 -3.245131E-16
        15   2  4.460940E+00  2.201231E-10 -6.172839E-11  2.483608E-10 -1.606153E-11  8.418970E-17
        15   3  4.460940E+00  7.308257E-10  1.227355E-10 -2.483596E-10 -1.605498E-11  1.163349E-16
        15   4  4.460940E+00  2.201217E-10 -6.172794E-11 -2.483609E-10 -1.605655E-11  3.268091E-16
        15   5  4.460940E+00  7.308226E-10  1.227289E-10  2.483606E-10  1.606069E-11  3.061445E-17
        15   6  4.460940E+00  2.201195E-10 -6.173282E-11  2.483601E-10  1.605993E-11  4.087028E-16
        15   7  4.460940E+00  7.308209E-10  1.227306E-10 -2.483611E-10  1.606053E-11  4.714624E-16
        15   8  4.460940E+00  2.201213E-10 -6.172794E-11 -2.483616E-10  1.606685E-11  6.796405E-16
        16   1  4.460940E+00  1.652960E-10  2.316693E-11  4.214660E-11 -2.752949E-12 -3.229823E-16
        16   2  4.460940E+00  7.882962E-11 -7.809640E-12  4.214651E-11 -2.753737E-12 -1.262846E-17
        16   3  4.460940E+00  1.653000E-10  2.317314E-11 -4.214743E-11 -2.752839E-12 -1.270499E-16
        16   4  4.460940E+00  7.883361E-11 -7.803877E-12 -4.214782E-11 -2.747326E-12 -5.399622E-16
        16   5  4.460940E+00  1.652956E-10  2.316604E-11  4.214772E-11  2.747289E-12 -1.469493E-16
        16   6  4.460940E+00  7.882874E-11 -7.810083E-12  4.214694E-11  2.750243E-12  2.219547E-16
        16   7  4.460940E+00  1.652849E-10  2.315806E-11 -4.214684E-11  2.748010E-12  1.469493E-16
        16   8  4.460940E+00  7.881765E-11 -7.818949E-12 -4.214763E-11  2.751135E-12 -1.729716E-16

 strains (elem, integ.pnt.,exx,eyy,ezz,exy,exz,eyz) for set ALL and time  0.1750000E+00

         1   1  1.366559E-03 -1.081493E-04 -1.787263E-04  2.954535E-04  9.764915E-05 -6.562375E-21
         1   2  1.366559E-03 -4.035591E-04 -6.668529E-04  2.953661E-04  9.760146E-05 -1.860801E-20
         1   3  1.366559E-03 -1.081493E-04 -1.787263E-04 -2.954535E-04  9.764915E-05  3.409081E-20
         1   4  1.366559E-03 -4.035591E-04 -6.668529E-04 -2.953661E-04  9.760146E-05  8.976844E-20
         1   5  1.366559E-03 -1.081493E-04 -1.787263E-04  2.954535E-04 -9.764915E-05 -9.314501E-21
         1   6  1.366559E-03 -4.035591E-04 -6.668529E-04  2.953661E-04 -9.760146E-05 -4.061618E-20
         1   7  1.366559E-03 -1.081493E-04 -1.787263E-04 -2.954535E-04 -9.764915E-05  2.795092E-20
         1   8  1.366559E-03 -4.035591E-04 -6.668529E-04 -2.953661E-04 -9.760146E-05  6.776028E-20
         2   1  1.769075E-03 -5.395093E-04 -8.086908E-04  7.607158E-05 -2.009143E-05 -7.868843E-20
         2   2  1.769075E-03 -6.155780E-04 -7.082286E-04  7.606578E-05 -2.009345E-05 -4.229494E-20
         2   3  1.769075E-03 -5.395093E-04 -8.086908E-04 -7.607158E-05 -2.009143E-05  1.143299E-19
         2   4  1.769075E-03 -6.155780E-04 -7.082286E-04 -7.606578E-05 -2.009345E-05  8.637510E-20
         2   5  1.769075E-03 -5.395093E-04 -8.086908E-04  7.607158E-05  2.009143E-05 -1.184668E-19
         2   6  1.769075E-03 -6.155780E-04 -7.082286E-04  7.606578E-05  2.009345E-05 -1.650321E-19
         2   7  1.769075E-03 -5.395093E-04 -8.086908E-04 -7.607158E-05  2.009143E-05  7.455161E-20
         2   8  1.769075E-03 -6.155780E-04 -7.082286E-04 -7.606578E-05  2.009345E-05  6.775860E-20
         3   1  1.766562E-03 -6.487539E-04 -6.733160E-04  1.457351E-05  1.017229E-06 -6.770833E-20
         3   2  1.766562E-03 -6.633273E-04 -6.784021E-04  1.457330E-05  1.017224E-06  1.037637E-20
         3   3  1.766562E-03 -6.487539E-04 -6.733160E-04 -1.457351E-05  1.017229E-06  2.117222E-20
         3   4  1.766562E-03 -6.633273E-04 -6.784021E-04 -1.457330E-05  1.017224E-06  1.843261E-19
         3   5  1.766562E-03 -6.487539E-04 -6.733160E-04  1.457351E-05 -1.017229E-06 -1.320395E-19
         3   6  1.766562E-03 -6.633273E-04 -6.784021E-04  1.457330E-05 -1.017224E-06 -1.117265E-19
         3   7  1.766562E-03 -6.487539E-04 -6.733160E-04 -1.457351E-05 -1.017229E-06  5.757277E-20
         3   8  1.766562E-03 -6.633273E-04 -6.784021E-04 -1.457330E-05 -1.017224E-06  1.016527E-20
         4   1  1.777505E-03 -6.698809E-04 -6.794015E-04  3.331632E-06 -4.711586E-07 -1.870634E-19
         4   2  1.777505E-03 -6.732126E-04 -6.770457E-04  3.331621E-06 -4.711597E-07 -3.152777E-20
         4   3  1.777505E-03 -6.698809E-04 -6.794015E-04 -3.331632E-06 -4.711586E-07  8.380547E-20
         4   4  1.777505E-03 -6.732126E-04 -6.770457E-04 -3.331621E-06 -4.711597E-07  1.783949E-19
         4   5  1.777505E-03 -6.698809E-04 -6.794015E-04  3.331632E-06  4.711586E-07 -6.766235E-21
         4   6  1.777505E-03 -6.732126E-04 -6.770457E-04  3.331621E-06  4.711597E-07  6.856632E-20
         4   7  1.777505E-03 -6.698809E-04 -6.794015E-04 -3.331632E-06  4.711586E-07  7.110861E-20
         4   8  1.777505E-03 -6.732126E-04 -6.770457E-04 -3.331621E-06  4.711597E-07  3.894014E-20
         5   1  1.778354E-03 -6.746822E-04 -6.761625E-04  6.836182E-07 -1.140337E-08 -9.480236E-20
         5   2  1.778354E-03 -6.753659E-04 -6.761055E-04  6.836178E-07 -1.140337E-08 -1.288729E-19
         5   3  1.778354E-03 -6.746822E-04 -6.761625E-04 -6.836182E-07 -1.140337E-08  9.480497E-20
         5   4  1.778354E-03 -6.753659E-04 -6.761055E-04 -6.836178E-07 -1.140337E-08 -1.671686E-20
         5   5  1.778354E-03 -6.746822E-04 -6.761625E-04  6.836182E-07  1.140337E-08  6.771817E-20
         5   6  1.778354E-03 -6.753659E-04 -6.761055E-04  6.836178E-07  1.140337E-08  2.540097E-21
         5   7  1.778354E-03 -6.746822E-04 -6.761625E-04 -6.836182E-07  1.140337E-08  1.218917E-19
         5   8  1.778354E-03 -6.753659E-04 -6.761055E-04 -6.836178E-07  1.140337E-08  6.094589E-20
         6   1  1.778729E-03 -6.756709E-04 -6.760590E-04  1.497275E-07 -1.401040E-08 -9.480320E-20
         6   2  1.778729E-03 -6.758206E-04 -6.759889E-04  1.497275E-07 -1.401041E-08  4.380445E-20
         6   3  1.778729E-03 -6.756709E-04 -6.760590E-04 -1.497275E-07 -1.401040E-08  1.015790E-20
         6   4  1.778729E-03 -6.758206E-04 -6.759889E-04 -1.497275E-07 -1.401041E-08 -8.463278E-22
         6   5  1.778729E-03 -6.756709E-04 -6.760590E-04  1.497275E-07  1.401040E-08 -2.708637E-20
         6   6  1.778729E-03 -6.758206E-04 -6.759889E-04  1.497275E-07  1.401041E-08  1.506701E-19
         6   7  1.778729E-03 -6.756709E-04 -6.760590E-04 -1.497275E-07  1.401040E-08  3.047294E-20
         6   8  1.778729E-03 -6.758206E-04 -6.759889E-04 -1.497275E-07  1.401041E-08 -4.486227E-20
         7   1  1.778784E-03 -6.758870E-04 -6.759606E-04  3.151706E-08 -1.492958E-09 -2.285437E-20
         7   2  1.778784E-03 -6.759185E-04 -6.759531E-04  3.151706E-08 -1.492958E-09 -2.475894E-20
         7   3  1.778784E-03 -6.758870E-04 -6.759606E-04 -3.151706E-08 -1.492958E-09  2.793324E-20
         7   4  1.778784E-03 -6.759185E-04 -6.759531E-04 -3.151706E-08 -1.492958E-09 -2.088640E-19
         7   5  1.778784E-03 -6.758870E-04 -6.759606E-04  3.151706E-08  1.492958E-09  7.787440E-20
         7   6  1.778784E-03 -6.759185E-04 -6.759531E-04  3.151706E-08  1.492958E-09 -6.602387E-20
         7   7  1.778784E-03 -6.758870E-04 -6.759606E-04 -3.151706E-08  1.492958E-09  2.370094E-20
         7   8  1.778784E-03 -6.759185E-04 -6.759531E-04 -3.151706E-08  1.492958E-09 -1.921464E-19
         8   1  1.778799E-03 -6.759325E-04 -6.759494E-04  6.795688E-09 -5.135532E-10 -1.438981E-20
         8   2  1.778799E-03 -6.759393E-04 -6.759469E-04  6.795688E-09 -5.135532E-10  2.272746E-19
         8   3  1.778799E-03 -6.759325E-04 -6.759494E-04 -6.795688E-09 -5.135532E-10 -1.227367E-19
         8   4  1.778799E-03 -6.759393E-04 -6.759469E-04 -6.795688E-09 -5.135532E-10  9.162932E-20
         8   5  1.778799E-03 -6.759325E-04 -6.759494E-04  6.795688E-09  5.135532E-10  7.787435E-20
         8   6  1.778799E-03 -6.759393E-04 -6.759469E-04  6.795688E-09  5.135532E-10  1.286620E-19
         8   7  1.778799E-03 -6.759325E-04 -6.759494E-04 -6.795688E-09  5.135532E-10 -1.659062E-19
         8   8  1.778799E-03 -6.759393E-04 -6.759469E-04 -6.795688E-09  5.135532E-10  9.395708E-20
         9   1  1.778802E-03 -6.759423E-04 -6.759458E-04  1.444032E-09 -8.450399E-11  1.252761E-19
         9   2  1.778802E-03 -6.759438E-04 -6.759453E-04  1.444032E-09 -8.450399E-11  1.699269E-19
         9   3  1.778802E-03 -6.759423E-04 -6.759458E-04 -1.444032E-09 -8.450399E-11  1.760637E-19
         9   4  1.778802E-03 -6.759438E-04 -6.759453E-04 -1.444032E-09 -8.450399E-11  1.936278E-19
         9   5  1.778802E-03 -6.759423E-04 -6.759458E-04  1.444032E-09  8.450399E-11  1.320478E-19
         9   6  1.778802E-03 -6.759438E-04 -6.759453E-04  1.444032E-09  8.450399E-11  8.549248E-20
         9   7  1.778802E-03 -6.759423E-04 -6.759458E-04 -1.444032E-09  8.450399E-11  7.448850E-20
         9   8  1.778802E-03 -6.759438E-04 -6.759453E-04 -1.444032E-09  8.450399E-11  1.599810E-19
        10   1  1.778802E-03 -6.759444E-04 -6.759452E-04  3.095759E-10 -2.132621E-11  1.371266E-19
        10   2  1.778802E-03 -6.759447E-04 -6.759450E-04  3.095759E-10 -2.132621E-11 -1.227367E-20
        10   3  1.778802E-03 -6.759444E-04 -6.759452E-04 -3.095759E-10 -2.132621E-11  2.403947E-19
        10   4  1.778802E-03 -6.759447E-04 -6.759450E-04 -3.095759E-10 -2.132621E-11  4.041848E-20
        10   5  1.778802E-03 -6.759444E-04 -6.759452E-04  3.095759E-10  2.132621E-11  6.094513E-20
        10   6  1.778802E-03 -6.759447E-04 -6.759450E-04  3.095759E-10  2.132621E-11 -2.767925E-19
        10   7  1.778802E-03 -6.759444E-04 -6.759452E-04 -3.095759E-10  2.132621E-11  1.963788E-19
        10   8  1.778802E-03 -6.759447E-04 -6.759450E-04 -3.095759E-10  2.132621E-11 -1.438982E-19
        11   1  1.778803E-03 -6.759448E-04 -6.759450E-04  6.601187E-11 -4.132664E-12 -2.099221E-19
        11   2  1.778803E-03 -6.759449E-04 -6.759450E-04  6.601187E-11 -4.132662E-12 -1.180812E-19
        11   3  1.778803E-03 -6.759448E-04 -6.759450E-04 -6.601187E-11 -4.132662E-12 -1.286620E-19
        11   4  1.778803E-03 -6.759449E-04 -6.759450E-04 -6.601187E-11 -4.132662E-12  5.819414E-20
        11   5  1.778803E-03 -6.759448E-04 -6.759450E-04  6.601187E-11  4.132661E-12 -2.268513E-19
        11   6  1.778803E-03 -6.759449E-04 -6.759450E-04  6.601187E-11  4.132662E-12  5.163407E-20
        11   7  1.778803E-03 -6.759448E-04 -6.759450E-04 -6.601187E-11  4.132661E-12 -1.726779E-19
        11   8  1.778803E-03 -6.759449E-04 -6.759450E-04 -6.601187E-11  4.132660E-12  2.031504E-20
        12   1  1.778803E-03 -6.759449E-04 -6.759450E-04  1.412191E-11 -9.379882E-13 -1.066540E-19
        12   2  1.778803E-03 -6.759450E-04 -6.759450E-04  1.412191E-11 -9.379872E-13 -1.413589E-19
        12   3  1.778803E-03 -6.759449E-04 -6.759450E-04 -1.412191E-11 -9.379913E-13 -7.618142E-20
        12   4  1.778803E-03 -6.759450E-04 -6.759450E-04 -1.412191E-11 -9.379869E-13 -1.127908E-19
        12   5  1.778803E-03 -6.759449E-04 -6.759450E-04  1.412191E-11  9.379891E-13 -4.740177E-20
        12   6  1.778803E-03 -6.759450E-04 -6.759450E-04  1.412191E-11  9.379880E-13 -2.327766E-19
        12   7  1.778803E-03 -6.759449E-04 -6.759450E-04 -1.412191E-11  9.379860E-13 -6.771682E-20
        12   8  1.778803E-03 -6.759450E-04 -6.759450E-04 -1.412191E-11  9.379860E-13 -7.194912E-20
        13   1  1.778803E-03 -6.759450E-04 -6.759450E-04  3.015066E-12 -1.932818E-13 -1.041146E-19
        13   2  1.778803E-03 -6.759450E-04 -6.759450E-04  3.015066E-12 -1.932842E-13 -1.864329E-19
        13   3  1.778803E-03 -6.759450E-04 -6.759450E-04 -3.015066E-12 -1.932856E-13 -2.285443E-20
        13   4  1.778803E-03 -6.759450E-04 -6.759450E-04 -3.015066E-12 -1.932825E-13 -7.491173E-20
        13   5  1.778803E-03 -6.759450E-04 -6.759450E-04  3.015066E-12  1.932880E-13 -5.078761E-20
        13   6  1.778803E-03 -6.759450E-04 -6.759450E-04  3.015065E-12  1.932884E-13 -1.625204E-19
        13   7  1.778803E-03 -6.759450E-04 -6.759450E-04 -3.015066E-12  1.932860E-13 -2.133080E-19
        13   8  1.778803E-03 -6.759450E-04 -6.759450E-04 -3.015067E-12  1.932882E-13 -8.972478E-20
        14   1  1.778803E-03 -6.759450E-04 -6.759450E-04  6.442382E-13 -4.220369E-14 -1.312013E-19
        14   2  1.778803E-03 -6.759450E-04 -6.759450E-04  6.442377E-13 -4.220466E-14 -2.655769E-19
        14   3  1.778803E-03 -6.759450E-04 -6.759450E-04 -6.442363E-13 -4.220682E-14 -7.702788E-20
        14   4  1.778803E-03 -6.759450E-04 -6.759450E-04 -6.442367E-13 -4.220291E-14  3.978363E-20
        14   5  1.778803E-03 -6.759450E-04 -6.759450E-04  6.442370E-13  4.220468E-14 -2.708673E-19
        14   6  1.778803E-03 -6.759450E-04 -6.759450E-04  6.442367E-13  4.220468E-14 -3.893717E-20
        14   7  1.778803E-03 -6.759450E-04 -6.759450E-04 -6.442376E-13  4.220498E-14  1.117327E-19
        14   8  1.778803E-03 -6.759450E-04 -6.759450E-04 -6.442377E-13  4.220715E-14  2.116151E-19
        15   1  1.778803E-03 -6.759450E-04 -6.759450E-04  1.363332E-13 -8.814783E-15 -1.794496E-19
        15   2  1.778803E-03 -6.759450E-04 -6.759450E-04  1.363322E-13 -8.816629E-15  4.655531E-20
        15   3  1.778803E-03 -6.759450E-04 -6.759450E-04 -1.363315E-13 -8.813021E-15  6.433098E-20
        15   4  1.778803E-03 -6.759450E-04 -6.759450E-04 -1.363323E-13 -8.813890E-15  1.807193E-19
        15   5  1.778803E-03 -6.759450E-04 -6.759450E-04  1.363321E-13  8.816177E-15  1.692920E-20
        15   6  1.778803E-03 -6.759450E-04 -6.759450E-04  1.363319E-13  8.815760E-15  2.260049E-19
        15   7  1.778803E-03 -6.759450E-04 -6.759450E-04 -1.363324E-13  8.816084E-15  2.607097E-19
        15   8  1.778803E-03 -6.759450E-04 -6.759450E-04 -1.363327E-13  8.819573E-15  3.758283E-19
        16   1  1.778803E-03 -6.759450E-04 -6.759450E-04  2.313546E-14 -1.511178E-15 -1.786031E-19
        16   2  1.778803E-03 -6.759450E-04 -6.759450E-04  2.313540E-14 -1.511612E-15 -6.983297E-21
        16   3  1.778803E-03 -6.759450E-04 -6.759450E-04 -2.313591E-14 -1.511111E-15 -7.025620E-20
        16   4  1.778803E-03 -6.759450E-04 -6.759450E-04 -2.313613E-14 -1.508070E-15 -2.985888E-19
        16   5  1.778803E-03 -6.759450E-04 -6.759450E-04  2.313607E-14  1.508056E-15 -8.126018E-20
        16   6  1.778803E-03 -6.759450E-04 -6.759450E-04  2.313564E-14  1.509685E-15  1.227367E-19
        16   7  1.778803E-03 -6.759450E-04 -6.759450E-04 -2.313558E-14  1.508460E-15  8.126018E-20
        16   8  1.778803E-03 -6.759450E-04 -6.759450E-04 -2.313602E-14  1.510184E-15 -9.565000E-20

                                INCREMENT     4


 forces (fx,fy,fz) for set RIGHT and time  0.2750000E+00

        65  8.763967E+00  1.263748E-15  3.936869E-15
        66  8.763967E+00 -1.633862E-15  6.637607E-15
        67  8.763967E+00  2.053195E-16 -4.568995E-15
        68  8.763967E+00  1.399722E-15 -1.502165E-15

 displacements (vx,vy,vz) for set RIGHT and time  0.2750000E+00

        65  5.500000E-02  2.658239E-03  5.316479E-04
        66  5.500000E-02 -2.658239E-03  5.316479E-04
        67  5.500000E-02 -2.658239E-03 -5.316479E-04
        68  5.500000E-02  2.658239E-03 -5.316479E-04

 stresses (elem, integ.pnt.,sxx,syy,szz,sxy,sxz,syz) for set ALL and time  0.2750000E+00

         1   1  8.785593E+00  4.554313E+00  4.350985E+00  8.495120E-01  2.809755E-01  5.183658E-04
         1   2  5.249553E+00  1.889831E-01 -5.617205E-01  8.464908E-01  2.798067E-01  5.173611E-04
         1   3  8.785593E+00  4.554313E+00  4.350985E+00 -8.495120E-01  2.809755E-01 -5.183658E-04
         1   4  5.249553E+00  1.889831E-01 -5.617205E-01 -8.464908E-01  2.798067E-01 -5.173611E-04
         1   5  8.785593E+00  4.554313E+00  4.350985E+00  8.495120E-01 -2.809755E-01 -5.183658E-04
         1   6  5.249553E+00  1.889831E-01 -5.617205E-01  8.464908E-01 -2.798067E-01 -5.173611E-04
         1   7  8.785593E+00  4.554313E+00  4.350985E+00 -8.495120E-01 -2.809755E-01  5.183658E-04
         1   8  5.249553E+00  1.889831E-01 -5.617205E-01 -8.464908E-01 -2.798067E-01  5.173611E-04
         2   1  6.970759E+00  3.614485E-01 -4.044130E-01  2.188219E-01 -5.776173E-02 -2.751366E-05
         2   2  7.081101E+00  2.548364E-01 -9.218806E-03  2.187878E-01 -5.778466E-02 -2.751532E-05
         2   3  6.970759E+00  3.614485E-01 -4.044130E-01 -2.188219E-01 -5.776173E-02  2.751366E-05
         2   4  7.081101E+00  2.548364E-01 -9.218806E-03 -2.187878E-01 -5.778466E-02  2.751532E-05
         2   5  6.970759E+00  3.614485E-01 -4.044130E-01  2.188219E-01  5.776173E-02  2.751366E-05
         2   6  7.081101E+00  2.548364E-01 -9.218806E-03  2.187878E-01  5.778466E-02  2.751532E-05
         2   7  6.970759E+00  3.614485E-01 -4.044130E-01 -2.188219E-01  5.776173E-02 -2.751366E-05
         2   8  7.081101E+00  2.548364E-01 -9.218806E-03 -2.187878E-01  5.778466E-02 -2.751532E-05
         3   1  7.070401E+00  1.568751E-01  8.658718E-02  4.204567E-02  2.909180E-03  2.662197E-07
         3   2  6.981369E+00  2.673716E-02 -1.635938E-02  4.204095E-02  2.908941E-03  2.662067E-07
         3   3  7.070401E+00  1.568751E-01  8.658718E-02 -4.204567E-02  2.909180E-03 -2.662197E-07
         3   4  6.981369E+00  2.673716E-02 -1.635938E-02 -4.204095E-02  2.908941E-03 -2.662067E-07
         3   5  7.070401E+00  1.568751E-01  8.658718E-02  4.204567E-02 -2.909180E-03 -2.662197E-07
         3   6  6.981369E+00  2.673716E-02 -1.635938E-02  4.204095E-02 -2.908941E-03 -2.662067E-07
         3   7  7.070401E+00  1.568751E-01  8.658718E-02 -4.204567E-02 -2.909180E-03  2.662197E-07
         3   8  6.981369E+00  2.673716E-02 -1.635938E-02 -4.204095E-02 -2.908941E-03  2.662067E-07
         4   1  7.028315E+00  2.328869E-02 -3.913418E-03  9.628257E-03 -1.358390E-03 -2.846708E-08
         4   2  7.023853E+00  9.331892E-03 -1.638464E-03  9.628124E-03 -1.358396E-03 -2.846701E-08
         4   3  7.028315E+00  2.328869E-02 -3.913418E-03 -9.628257E-03 -1.358390E-03  2.846708E-08
         4   4  7.023853E+00  9.331892E-03 -1.638464E-03 -9.628124E-03 -1.358396E-03  2.846701E-08
         4   5  7.028315E+00  2.328869E-02 -3.913418E-03  9.628257E-03  1.358390E-03  2.846708E-08
         4   6  7.023853E+00  9.331892E-03 -1.638464E-03  9.628124E-03  1.358396E-03  2.846701E-08
         4   7  7.028315E+00  2.328869E-02 -3.913418E-03 -9.628257E-03  1.358390E-03 -2.846708E-08
         4   8  7.023853E+00  9.331892E-03 -1.638464E-03 -9.628124E-03  1.358396E-03 -2.846701E-08
         5   1  7.027524E+00  6.323830E-03  2.073284E-03  1.981203E-03 -3.405722E-05 -1.468618E-10
         5   2  7.024675E+00  1.531056E-03 -5.927104E-04  1.981194E-03 -3.405716E-05 -1.468619E-10
         5   3  7.027524E+00  6.323830E-03  2.073284E-03 -1.981203E-03 -3.405722E-05  1.468617E-10
         5   4  7.024675E+00  1.531056E-03 -5.927104E-04 -1.981194E-03 -3.405716E-05  1.468611E-10
         5   5  7.027524E+00  6.323830E-03  2.073284E-03  1.981203E-03  3.405722E-05  1.468617E-10
         5   6  7.024675E+00  1.531056E-03 -5.927104E-04  1.981194E-03  3.405716E-05  1.468615E-10
         5   7  7.027524E+00  6.323830E-03  2.073284E-03 -1.981203E-03  3.405722E-05 -1.468618E-10
         5   8  7.024675E+00  1.531056E-03 -5.927104E-04 -1.981194E-03  3.405716E-05 -1.468622E-10
         6   1  7.026288E+00  1.181155E-03  6.660340E-05  4.347983E-04 -4.059457E-05 -3.841743E-11
         6   2  7.025924E+00  3.885138E-04 -9.559462E-05  4.347980E-04 -4.059457E-05 -3.841708E-11
         6   3  7.026288E+00  1.181155E-03  6.660340E-05 -4.347983E-04 -4.059457E-05  3.841693E-11
         6   4  7.025924E+00  3.885138E-04 -9.559462E-05 -4.347980E-04 -4.059457E-05  3.841657E-11
         6   5  7.026288E+00  1.181155E-03  6.660340E-05  4.347983E-04  4.059457E-05  3.841705E-11
         6   6  7.025924E+00  3.885138E-04 -9.559462E-05  4.347980E-04  4.059457E-05  3.841730E-11
         6   7  7.026288E+00  1.181155E-03  6.660340E-05 -4.347983E-04  4.059457E-05 -3.841770E-11
         6   8  7.025924E+00  3.885138E-04 -9.559462E-05 -4.347980E-04  4.059457E-05 -3.841814E-11
         7   1  7.026162E+00  2.754244E-04  6.319421E-05  9.176197E-05 -4.377165E-06 -8.743306E-13
         7   2  7.026052E+00  7.535110E-05 -2.453728E-05  9.176196E-05 -4.377165E-06 -8.743374E-13
         7   3  7.026162E+00  2.754244E-04  6.319421E-05 -9.176197E-05 -4.377165E-06  8.735357E-13
         7   4  7.026052E+00  7.535110E-05 -2.453728E-05 -9.176196E-05 -4.377165E-06  8.742870E-13
         7   5  7.026162E+00  2.754244E-04  6.319421E-05  9.176197E-05  4.377165E-06  8.742083E-13
         7   6  7.026052E+00  7.535110E-05 -2.453728E-05  9.176196E-05  4.377165E-06  8.737864E-13
         7   7  7.026162E+00  2.754244E-04  6.319421E-05 -9.176197E-05  4.377165E-06 -8.750888E-13
         7   8  7.026052E+00  7.535110E-05 -2.453728E-05 -9.176196E-05  4.377165E-06 -8.747158E-13
         8   1  7.026117E+00  5.607672E-05  7.191207E-06  1.982892E-05 -1.497109E-06 -6.471447E-14
         8   2  7.026098E+00  1.715658E-05 -4.728357E-06  1.982892E-05 -1.497109E-06 -6.432315E-14
         8   3  7.026117E+00  5.607672E-05  7.191207E-06 -1.982892E-05 -1.497109E-06  6.509967E-14
         8   4  7.026098E+00  1.715658E-05 -4.728357E-06 -1.982892E-05 -1.497109E-06  6.530297E-14
         8   5  7.026117E+00  5.607672E-05  7.191207E-06  1.982892E-05  1.497109E-06  6.397769E-14
         8   6  7.026098E+00  1.715658E-05 -4.728357E-06  1.982892E-05  1.497109E-06  6.450047E-14
         8   7  7.026117E+00  5.607672E-05  7.191207E-06 -1.982892E-05  1.497109E-06 -6.446684E-14
         8   8  7.026098E+00  1.715658E-05 -4.728357E-06 -1.982892E-05  1.497109E-06 -6.407246E-14
         9   1  7.026110E+00  1.238739E-05  2.362458E-06  4.223934E-06 -2.480854E-07 -2.241070E-15
         9   2  7.026105E+00  3.542391E-06 -1.080971E-06  4.223934E-06 -2.480854E-07 -2.430614E-15
         9   3  7.026110E+00  1.238739E-05  2.362458E-06 -4.223934E-06 -2.480854E-07  2.858616E-15
         9   4  7.026105E+00  3.542391E-06 -1.080971E-06 -4.223934E-06 -2.480854E-07  2.497872E-15
         9   5  7.026110E+00  1.238739E-05  2.362458E-06  4.223934E-06  2.480854E-07  2.268585E-15
         9   6  7.026105E+00  3.542391E-06 -1.080971E-06  4.223934E-06  2.480854E-07  2.546786E-15
         9   7  7.026110E+00  1.238739E-05  2.362458E-06 -4.223934E-06  2.480854E-07 -1.302522E-15
         9   8  7.026105E+00  3.542391E-06 -1.080971E-06 -4.223934E-06  2.480854E-07 -1.415637E-15
        10   1  7.026108E+00  2.604092E-06  3.993667E-07  9.076042E-07 -6.253808E-08 -4.099809E-17
        10   2  7.026107E+00  7.757948E-07 -2.226587E-07  9.076042E-07 -6.253807E-08 -7.731876E-16
        10   3  7.026108E+00  2.604092E-06  3.993667E-07 -9.076042E-07 -6.253806E-08  6.340869E-16
        10   4  7.026107E+00  7.757948E-07 -2.226587E-07 -9.076042E-07 -6.253807E-08 -1.708793E-17
        10   5  7.026108E+00  2.604092E-06  3.993667E-07  9.076042E-07  6.253806E-08  2.825136E-16
        10   6  7.026107E+00  7.757948E-07 -2.226587E-07  9.076042E-07  6.253806E-08 -3.848805E-17
        10   7  7.026108E+00  2.604092E-06  3.993667E-07 -9.076042E-07  6.253808E-08  6.224054E-16
        10   8  7.026107E+00  7.757948E-07 -2.226587E-07 -9.076042E-07  6.253807E-08  6.294533E-17
        11   1  7.026108E+00  5.640628E-07  9.935246E-08  1.939984E-07 -1.217453E-08 -1.855131E-16
        11   2  7.026107E+00  1.639334E-07 -4.883473E-08  1.939984E-07 -1.217453E-08  4.962334E-16
        11   3  7.026108E+00  5.640628E-07  9.935245E-08 -1.939984E-07 -1.217453E-08  2.191418E-16
        11   4  7.026107E+00  1.639334E-07 -4.883474E-08 -1.939984E-07 -1.217452E-08  6.028152E-16
        11   5  7.026108E+00  5.640628E-07  9.935243E-08  1.939984E-07  1.217453E-08  5.405524E-17
        11   6  7.026107E+00  1.639334E-07 -4.883475E-08  1.939984E-07  1.217452E-08  9.222883E-16
        11   7  7.026108E+00  5.640628E-07  9.935244E-08 -1.939984E-07  1.217453E-08  6.185197E-16
        11   8  7.026107E+00  1.639334E-07 -4.883474E-08 -1.939984E-07  1.217453E-08  1.031236E-15
        12   1  7.026107E+00  1.199836E-07  1.948680E-08  4.159851E-08 -2.765493E-09  7.854394E-16
        12   2  7.026107E+00  3.539753E-08 -1.031018E-08  4.159851E-08 -2.765487E-09 -7.630115E-16
        12   3  7.026107E+00  1.199836E-07  1.948680E-08 -4.159852E-08 -2.765502E-09  5.413675E-16
        12   4  7.026107E+00  3.539753E-08 -1.031017E-08 -4.159852E-08 -2.765490E-09 -4.460948E-16
        12   5  7.026107E+00  1.199836E-07  1.948681E-08  4.159852E-08  2.765501E-09  4.771672E-16
        12   6  7.026107E+00  3.539754E-08 -1.031017E-08  4.159852E-08  2.765487E-09 -4.155232E-16
        12   7  7.026107E+00  1.199836E-07  1.948681E-08 -4.159852E-08  2.765484E-09  6.234100E-16
        12   8  7.026107E+00  3.539755E-08 -1.031016E-08 -4.159852E-08  2.765496E-09 -3.548808E-16
        13   1  7.026107E+00  2.580373E-08  4.405733E-09  8.902557E-09 -5.717739E-10 -1.008873E-15
        13   2  7.026107E+00  7.544351E-09 -2.227321E-09  8.902558E-09 -5.717899E-10 -1.352904E-16
        13   3  7.026107E+00  2.580373E-08  4.405731E-09 -8.902563E-09 -5.717834E-10 -8.498791E-16
        13   4  7.026107E+00  7.544347E-09 -2.227326E-09 -8.902563E-09 -5.717873E-10  2.523264E-17
        13   5  7.026107E+00  2.580371E-08  4.405714E-09  8.902561E-09  5.717960E-10 -8.804507E-16
        13   6  7.026107E+00  7.544331E-09 -2.227341E-09  8.902561E-09  5.717783E-10 -1.283896E-16
        13   7  7.026107E+00  2.580372E-08  4.405718E-09 -8.902559E-09  5.717889E-10 -7.826437E-16
        13   8  7.026107E+00  7.544322E-09 -2.227351E-09 -8.902559E-09  5.717866E-10 -7.338289E-17
        14   1  7.026107E+00  5.513262E-09  9.132467E-10  1.906682E-09 -1.250552E-10  1.192287E-16
        14   2  7.026107E+00  1.622966E-09 -4.741479E-10  1.906684E-09 -1.250666E-10  6.022598E-16
        14   3  7.026107E+00  5.513284E-09  9.132671E-10 -1.906686E-09 -1.250658E-10  1.192297E-16
        14   4  7.026107E+00  1.622989E-09 -4.741249E-10 -1.906686E-09 -1.250618E-10  1.796086E-16
        14   5  7.026107E+00  5.513269E-09  9.132529E-10  1.906684E-09  1.250626E-10 -2.445722E-16
        14   6  7.026107E+00  1.622974E-09 -4.741400E-10  1.906686E-09  1.250618E-10 -6.419982E-17
        14   7  7.026107E+00  5.513294E-09  9.132769E-10 -1.906684E-09  1.250506E-10 -6.114370E-17
        14   8  7.026107E+00  1.623000E-09 -4.741152E-10 -1.906683E-09  1.250640E-10  5.808550E-17
        15   1  7.026107E+00  1.185841E-09  1.985600E-10  4.044176E-10 -2.619553E-11  4.922025E-16
        15   2  7.026107E+00  3.580559E-10 -1.000049E-10  4.044166E-10 -2.619710E-11  2.675014E-16
        15   3  7.026107E+00  1.185828E-09  1.985467E-10 -4.044215E-10 -2.620070E-11  3.454590E-16
        15   4  7.026107E+00  3.580444E-10 -1.000164E-10 -4.044229E-10 -2.619913E-11 -1.910724E-16
        15   5  7.026107E+00  1.185841E-09  1.985600E-10  4.044218E-10  2.618556E-11  4.280023E-16
        15   6  7.026107E+00  3.580426E-10 -1.000182E-10  4.044208E-10  2.617608E-11  7.490039E-16
        15   7  7.026107E+00  1.185822E-09  1.985414E-10 -4.044168E-10  2.618106E-11  2.812586E-16
        15   8  7.026107E+00  3.580373E-10 -1.000209E-10 -4.044166E-10  2.618732E-11 -4.952598E-16
        16   1  7.026107E+00  2.688920E-10  3.754237E-11  6.875081E-11 -4.499522E-12 -5.350028E-16
        16   2  7.026107E+00  1.284848E-10 -1.269304E-11  6.875037E-11 -4.484143E-12 -4.318237E-16
        16   3  7.026107E+00  2.689009E-10  3.755300E-11 -6.875426E-11 -4.494211E-12 -3.393446E-16
        16   4  7.026107E+00  1.284919E-10 -1.268772E-11 -6.875451E-11 -4.491056E-12 -1.271014E-15
        16   5  7.026107E+00  2.689106E-10  3.756097E-11  6.875554E-11  4.498040E-12 -7.337181E-17
        16   6  7.026107E+00  1.285007E-10 -1.267532E-11  6.875475E-11  4.488576E-12 -6.786893E-16
        16   7  7.026107E+00  2.688991E-10  3.755123E-11 -6.875036E-11  4.491614E-12 -2.445727E-16
        16   8  7.026107E+00  1.284892E-10 -1.269038E-11 -6.875036E-11  4.497923E-12 -7.062037E-16

 strains (elem, integ.pnt.,exx,eyy,ezz,exy,exz,eyz) for set ALL and time  0.2750000E+00

         1   1  2.148887E-03 -1.699621E-04 -2.811204E-04  4.643055E-04  1.535855E-04 -2.158347E-20
         1   2  2.148887E-03 -6.341597E-04 -1.048753E-03  4.640898E-04  1.534674E-04  5.095985E-20
         1   3  2.148887E-03 -1.699621E-04 -2.811204E-04 -4.643055E-04  1.535855E-04 -1.258138E-21
         1   4  2.148887E-03 -6.341597E-04 -1.048753E-03 -4.640898E-04  1.534674E-04  2.387199E-20
         1   5  2.148887E-03 -1.699621E-04 -2.811204E-04  4.643055E-04 -1.535855E-04 -2.539330E-20
         1   6  2.148887E-03 -6.341597E-04 -1.048753E-03  4.640898E-04 -1.534674E-04  6.960353E-21
         1   7  2.148887E-03 -1.699621E-04 -2.811204E-04 -4.643055E-04 -1.535855E-04  1.525737E-20
         1   8  2.148887E-03 -6.341597E-04 -1.048753E-03 -4.640898E-04 -1.534674E-04 -1.335835E-20
         2   1  2.781302E-03 -8.478346E-04 -1.271721E-03  1.197176E-04 -3.161471E-05  8.770095E-21
         2   2  2.781302E-03 -9.675450E-04 -1.113635E-03  1.197033E-04 -3.161972E-05 -2.540972E-19
         2   3  2.781302E-03 -8.478346E-04 -1.271721E-03 -1.197176E-04 -3.161471E-05  1.441804E-19
         2   4  2.781302E-03 -9.675450E-04 -1.113635E-03 -1.197033E-04 -3.161972E-05  9.920292E-21
         2   5  2.781302E-03 -8.478346E-04 -1.271721E-03  1.197176E-04  3.161471E-05 -8.091264E-20
         2   6  2.781302E-03 -9.675450E-04 -1.113635E-03  1.197033E-04  3.161972E-05 -2.045841E-19
         2   7  2.781302E-03 -8.478346E-04 -1.271721E-03 -1.197176E-04  3.161471E-05  7.481210E-20
         2   8  2.781302E-03 -9.675450E-04 -1.113635E-03 -1.197033E-04  3.161972E-05 -3.195716E-20
         3   1  2.777368E-03 -1.019779E-03 -1.058678E-03  2.300556E-05  1.591837E-06 -2.571725E-19
         3   2  2.777368E-03 -1.042784E-03 -1.066637E-03  2.300503E-05  1.591825E-06  3.981563E-20
         3   3  2.777368E-03 -1.019779E-03 -1.058678E-03 -2.300556E-05  1.591837E-06  6.332766E-23
         3   4  2.777368E-03 -1.042784E-03 -1.066637E-03 -2.300503E-05  1.591825E-06 -2.533792E-20
         3   5  2.777368E-03 -1.019779E-03 -1.058678E-03  2.300556E-05 -1.591837E-06 -3.248633E-19
         3   6  2.777368E-03 -1.042784E-03 -1.066637E-03  2.300503E-05 -1.591825E-06  3.558547E-20
         3   7  2.777368E-03 -1.019779E-03 -1.058678E-03 -2.300556E-05 -1.591837E-06 -5.408936E-20
         3   8  2.777368E-03 -1.042784E-03 -1.066637E-03 -2.300503E-05 -1.591825E-06  5.589305E-20
         4   1  2.794602E-03 -1.053133E-03 -1.068190E-03  5.268353E-06 -7.432898E-07  1.201869E-19
         4   2  2.794602E-03 -1.058402E-03 -1.064474E-03  5.268326E-06 -7.432925E-07  1.679762E-19
         4   3  2.794602E-03 -1.053133E-03 -1.068190E-03 -5.268353E-06 -7.432898E-07  1.743399E-19
         4   4  2.794602E-03 -1.058402E-03 -1.064474E-03 -5.268326E-06 -7.432925E-07  6.787336E-21
         4   5  2.794602E-03 -1.053133E-03 -1.068190E-03  5.268353E-06  7.432898E-07 -6.765630E-20
         4   6  2.794602E-03 -1.058402E-03 -1.064474E-03  5.268326E-06  7.432925E-07 -9.305701E-20
         4   7  2.794602E-03 -1.053133E-03 -1.068190E-03 -5.268353E-06  7.432898E-07  6.095715E-20
         4   8  2.794602E-03 -1.058402E-03 -1.064474E-03 -5.268326E-06  7.432925E-07 -2.673610E-19
         5   1  2.795950E-03 -1.060727E-03 -1.063079E-03  1.084073E-06 -1.863546E-08 -1.860692E-20
         5   2  2.795950E-03 -1.061811E-03 -1.062986E-03  1.084072E-06 -1.863546E-08 -1.933369E-19
         5   3  2.795950E-03 -1.060727E-03 -1.063079E-03 -1.084073E-06 -1.863546E-08 -4.568321E-20
         5   4  2.795950E-03 -1.061811E-03 -1.062986E-03 -1.084072E-06 -1.863546E-08 -2.424126E-19
         5   5  2.795950E-03 -1.060727E-03 -1.063079E-03  1.084073E-06  1.863546E-08 -7.445189E-20
         5   6  2.795950E-03 -1.061811E-03 -1.062986E-03  1.084072E-06  1.863546E-08 -5.584029E-20
         5   7  2.795950E-03 -1.060727E-03 -1.063079E-03 -1.084073E-06  1.863546E-08  6.776972E-21
         5   8  2.795950E-03 -1.061811E-03 -1.062986E-03 -1.084072E-06  1.863546E-08 -3.198338E-19
         6   1  2.796542E-03 -1.062295E-03 -1.062912E-03  2.379131E-07 -2.221256E-08 -5.415015E-20
         6   2  2.796542E-03 -1.062533E-03 -1.062800E-03  2.379130E-07 -2.221257E-08  1.349590E-19
         6   3  2.796542E-03 -1.062295E-03 -1.062912E-03 -2.379131E-07 -2.221256E-08 -2.233767E-19
         6   4  2.796542E-03 -1.062533E-03 -1.062800E-03 -2.379130E-07 -2.221257E-08 -4.175655E-19
         6   5  2.796542E-03 -1.062295E-03 -1.062912E-03  2.379131E-07  2.221256E-08 -1.556861E-19
         6   6  2.796542E-03 -1.062533E-03 -1.062800E-03  2.379130E-07  2.221257E-08 -1.522952E-20
         6   7  2.796542E-03 -1.062295E-03 -1.062912E-03 -2.379131E-07  2.221256E-08 -2.030695E-19
         6   8  2.796542E-03 -1.062533E-03 -1.062800E-03 -2.379130E-07  2.221257E-08 -4.518339E-19
         7   1  2.796629E-03 -1.062638E-03 -1.062755E-03  5.021036E-08 -2.395099E-09 -5.415219E-20
         7   2  2.796629E-03 -1.062688E-03 -1.062743E-03  5.021036E-08 -2.395099E-09 -5.796001E-20
         7   3  2.796629E-03 -1.062638E-03 -1.062755E-03 -5.021036E-08 -2.395099E-09 -3.858361E-19
         7   4  2.796629E-03 -1.062688E-03 -1.062743E-03 -5.021036E-08 -2.395099E-09  3.003775E-20
         7   5  2.796629E-03 -1.062638E-03 -1.062755E-03  5.021036E-08  2.395099E-09 -1.353782E-20
         7   6  2.796629E-03 -1.062688E-03 -1.062743E-03  5.021036E-08  2.395099E-09 -2.470706E-19
         7   7  2.796629E-03 -1.062638E-03 -1.062755E-03 -5.021036E-08  2.395099E-09 -4.738338E-19
         7   8  2.796629E-03 -1.062688E-03 -1.062743E-03 -5.021036E-08  2.395099E-09 -2.673778E-19
         8   1  2.796653E-03 -1.062711E-03 -1.062738E-03  1.085000E-08 -8.191887E-10 -5.584473E-20
         8   2  2.796653E-03 -1.062721E-03 -1.062733E-03  1.085000E-08 -8.191887E-10  1.607651E-19
         8   3  2.796653E-03 -1.062711E-03 -1.062738E-03 -1.085000E-08 -8.191887E-10  2.690701E-19
         8   4  2.796653E-03 -1.062721E-03 -1.062733E-03 -1.085000E-08 -8.191887E-10  3.816057E-19
         8   5  2.796653E-03 -1.062711E-03 -1.062738E-03  1.085000E-08  8.191887E-10 -3.519910E-19
         8   6  2.796653E-03 -1.062721E-03 -1.062733E-03  1.085000E-08  8.191887E-10 -6.261381E-20
         8   7  2.796653E-03 -1.062711E-03 -1.062738E-03 -1.085000E-08  8.191887E-10  8.122871E-20
         8   8  2.796653E-03 -1.062721E-03 -1.062733E-03 -1.085000E-08  8.191887E-10  2.995308E-19
         9   1  2.796658E-03 -1.062726E-03 -1.062732E-03  2.311254E-09 -1.357475E-10  2.199943E-20
         9   2  2.796658E-03 -1.062729E-03 -1.062731E-03  2.311254E-09 -1.357475E-10 -8.292097E-20
         9   3  2.796658E-03 -1.062726E-03 -1.062732E-03 -2.311254E-09 -1.357475E-10  3.198380E-19
         9   4  2.796658E-03 -1.062729E-03 -1.062731E-03 -2.311254E-09 -1.357475E-10  1.201508E-19
         9   5  2.796658E-03 -1.062726E-03 -1.062732E-03  2.311254E-09  1.357475E-10 -6.769072E-21
         9   6  2.796658E-03 -1.062729E-03 -1.062731E-03  2.311254E-09  1.357475E-10  1.472270E-19
         9   7  2.796658E-03 -1.062726E-03 -1.062732E-03 -2.311254E-09  1.357475E-10  5.415247E-19
         9   8  2.796658E-03 -1.062729E-03 -1.062731E-03 -2.311254E-09  1.357475E-10  4.789109E-19
        10   1  2.796659E-03 -1.062730E-03 -1.062731E-03  4.966233E-10 -3.421962E-11  4.569114E-20
        10   2  2.796659E-03 -1.062730E-03 -1.062731E-03  4.966233E-10 -3.421961E-11 -3.596062E-19
        10   3  2.796659E-03 -1.062730E-03 -1.062731E-03 -4.966233E-10 -3.421961E-11  2.826082E-19
        10   4  2.796659E-03 -1.062730E-03 -1.062731E-03 -4.966233E-10 -3.421961E-11 -7.784417E-20
        10   5  2.796659E-03 -1.062730E-03 -1.062731E-03  4.966233E-10  3.421961E-11  8.799776E-20
        10   6  2.796659E-03 -1.062730E-03 -1.062731E-03  4.966233E-10  3.421961E-11 -8.969003E-20
        10   7  2.796659E-03 -1.062730E-03 -1.062731E-03 -4.966233E-10  3.421962E-11  4.129126E-19
        10   8  2.796659E-03 -1.062730E-03 -1.062731E-03 -4.966233E-10  3.421961E-11  1.032281E-19
        11   1  2.796659E-03 -1.062730E-03 -1.062731E-03  1.061522E-10 -6.661666E-12 -9.984361E-20
        11   2  2.796659E-03 -1.062730E-03 -1.062730E-03  1.061522E-10 -6.661665E-12  2.775314E-19
        11   3  2.796659E-03 -1.062730E-03 -1.062731E-03 -1.061522E-10 -6.661663E-12  1.184585E-19
        11   4  2.796659E-03 -1.062730E-03 -1.062730E-03 -1.061522E-10 -6.661662E-12  3.308377E-19
        11   5  2.796659E-03 -1.062730E-03 -1.062731E-03  1.061522E-10  6.661664E-12  2.707623E-20
        11   6  2.796659E-03 -1.062730E-03 -1.062730E-03  1.061522E-10  6.661661E-12  5.076794E-19
        11   7  2.796659E-03 -1.062730E-03 -1.062731E-03 -1.061522E-10  6.661663E-12  3.452220E-19
        11   8  2.796659E-03 -1.062730E-03 -1.062730E-03 -1.061522E-10  6.661663E-12  5.736777E-19
        12   1  2.796659E-03 -1.062730E-03 -1.062730E-03  2.276190E-11 -1.513224E-12  4.349120E-19
        12   2  2.796659E-03 -1.062730E-03 -1.062730E-03  2.276190E-11 -1.513221E-12 -4.222200E-19
        12   3  2.796659E-03 -1.062730E-03 -1.062730E-03 -2.276190E-11 -1.513229E-12  2.995308E-19
        12   4  2.796659E-03 -1.062730E-03 -1.062730E-03 -2.276190E-11 -1.513222E-12 -2.470706E-19
        12   5  2.796659E-03 -1.062730E-03 -1.062730E-03  2.276190E-11  1.513228E-12  2.639933E-19
        12   6  2.796659E-03 -1.062730E-03 -1.062730E-03  2.276190E-11  1.513220E-12 -2.301480E-19
        12   7  2.796659E-03 -1.062730E-03 -1.062730E-03 -2.276190E-11  1.513219E-12  3.452220E-19
        12   8  2.796659E-03 -1.062730E-03 -1.062730E-03 -2.276190E-11  1.513226E-12 -1.963027E-19
        13   1  2.796659E-03 -1.062730E-03 -1.062730E-03  4.871306E-12 -3.128635E-13 -5.584473E-19
        13   2  2.796659E-03 -1.062730E-03 -1.062730E-03  4.871306E-12 -3.128723E-13 -7.488271E-20
        13   3  2.796659E-03 -1.062730E-03 -1.062730E-03 -4.871309E-12 -3.128687E-13 -4.704496E-19
        13   4  2.796659E-03 -1.062730E-03 -1.062730E-03 -4.871309E-12 -3.128709E-13  1.396118E-20
        13   5  2.796659E-03 -1.062730E-03 -1.062730E-03  4.871308E-12  3.128756E-13 -4.873722E-19
        13   6  2.796659E-03 -1.062730E-03 -1.062730E-03  4.871308E-12  3.128658E-13 -7.107511E-20
        13   7  2.796659E-03 -1.062730E-03 -1.062730E-03 -4.871307E-12  3.128718E-13 -4.332197E-19
        13   8  2.796659E-03 -1.062730E-03 -1.062730E-03 -4.871307E-12  3.128705E-13 -4.061435E-20
        14   1  2.796659E-03 -1.062730E-03 -1.062730E-03  1.043299E-12 -6.842780E-14  6.599832E-20
        14   2  2.796659E-03 -1.062730E-03 -1.062730E-03  1.043300E-12 -6.843411E-14  3.333761E-19
        14   3  2.796659E-03 -1.062730E-03 -1.062730E-03 -1.043302E-12 -6.843360E-14  6.599832E-20
        14   4  2.796659E-03 -1.062730E-03 -1.062730E-03 -1.043301E-12 -6.843142E-14  9.942055E-20
        14   5  2.796659E-03 -1.062730E-03 -1.062730E-03  1.043300E-12  6.843174E-14 -1.353812E-19
        14   6  2.796659E-03 -1.062730E-03 -1.062730E-03  1.043302E-12  6.843130E-14 -3.553756E-20
        14   7  2.796659E-03 -1.062730E-03 -1.062730E-03 -1.043300E-12  6.842514E-14 -3.384529E-20
        14   8  2.796659E-03 -1.062730E-03 -1.062730E-03 -1.043300E-12  6.843254E-14  3.215303E-20
        15   1  2.796659E-03 -1.062730E-03 -1.062730E-03  2.212894E-13 -1.433372E-14  2.724546E-19
        15   2  2.796659E-03 -1.062730E-03 -1.062730E-03  2.212889E-13 -1.433459E-14  1.480732E-19
        15   3  2.796659E-03 -1.062730E-03 -1.062730E-03 -2.212916E-13 -1.433651E-14  1.912259E-19
        15   4  2.796659E-03 -1.062730E-03 -1.062730E-03 -2.212924E-13 -1.433564E-14 -1.057665E-19
        15   5  2.796659E-03 -1.062730E-03 -1.062730E-03  2.212918E-13  1.432819E-14  2.369170E-19
        15   6  2.796659E-03 -1.062730E-03 -1.062730E-03  2.212912E-13  1.432296E-14  4.146048E-19
        15   7  2.796659E-03 -1.062730E-03 -1.062730E-03 -2.212890E-13  1.432576E-14  1.556883E-19
        15   8  2.796659E-03 -1.062730E-03 -1.062730E-03 -2.212889E-13  1.432922E-14 -2.741469E-19
        16   1  2.796659E-03 -1.062730E-03 -1.062730E-03  3.761910E-14 -2.462104E-15 -2.961463E-19
        16   2  2.796659E-03 -1.062730E-03 -1.062730E-03  3.761886E-14 -2.453624E-15 -2.390324E-19
        16   3  2.796659E-03 -1.062730E-03 -1.062730E-03 -3.762099E-14 -2.459118E-15 -1.878414E-19
        16   4  2.796659E-03 -1.062730E-03 -1.062730E-03 -3.762113E-14 -2.457378E-15 -7.035590E-19
        16   5  2.796659E-03 -1.062730E-03 -1.062730E-03  3.762170E-14  2.461233E-15 -4.061435E-20
        16   6  2.796659E-03 -1.062730E-03 -1.062730E-03  3.762127E-14  2.456014E-15 -3.756827E-19
        16   7  2.796659E-03 -1.062730E-03 -1.062730E-03 -3.761885E-14  2.457750E-15 -1.353812E-19
        16   8  2.796659E-03 -1.062730E-03 -1.062730E-03 -3.761885E-14  2.461229E-15 -3.909131E-19

                                INCREMENT     5


 forces (fx,fy,fz) for set RIGHT and time  0.3750000E+00

        65  1.196895E+01  5.189974E-15  2.104779E-14
        66  1.196895E+01 -4.975233E-15  1.032498E-14
        67  1.196895E+01 -3.529181E-15 -2.057637E-14
        68  1.196895E+01  2.655503E-15 -1.610879E-14

 displacements (vx,vy,vz) for set RIGHT and time  0.3750000E+00

        65  7.500000E-02  3.627387E-03  7.254775E-04
        66  7.500000E-02 -3.627387E-03  7.254775E-04
        67  7.500000E-02 -3.627387E-03 -7.254775E-04
        68  7.500000E-02  3.627387E-03 -7.254775E-04

 stresses (elem, integ.pnt.,sxx,syy,szz,sxy,sxz,syz) for set ALL and time  0.3750000E+00

         1   1  1.199978E+01  6.211117E+00  5.932254E+00  1.162647E+00  3.848549E-01  9.659071E-04
         1   2  7.174398E+00  2.606822E-01 -7.649091E-01  1.157030E+00  3.826791E-01  9.633588E-04
         1   3  1.199978E+01  6.211117E+00  5.932254E+00 -1.162647E+00  3.848549E-01 -9.659071E-04
         1   4  7.174398E+00  2.606822E-01 -7.649091E-01 -1.157030E+00  3.826791E-01 -9.633588E-04
         1   5  1.199978E+01  6.211117E+00  5.932254E+00  1.162647E+00 -3.848549E-01 -9.659071E-04
         1   6  7.174398E+00  2.606822E-01 -7.649091E-01  1.157030E+00 -3.826791E-01 -9.633588E-04
         1   7  1.199978E+01  6.211117E+00  5.932254E+00 -1.162647E+00 -3.848549E-01  9.659071E-04
         1   8  7.174398E+00  2.606822E-01 -7.649091E-01 -1.157030E+00 -3.826791E-01  9.633588E-04
         2   1  9.527290E+00  4.938889E-01 -5.516413E-01  2.998037E-01 -7.911565E-02 -5.136558E-05
         2   2  9.678055E+00  3.483335E-01 -1.267018E-02  2.997401E-01 -7.915843E-02 -5.136981E-05
         2   3  9.527290E+00  4.938889E-01 -5.516413E-01 -2.998037E-01 -7.911565E-02  5.136558E-05
         2   4  9.678055E+00  3.483335E-01 -1.267018E-02 -2.997401E-01 -7.915843E-02  5.136981E-05
         2   5  9.527290E+00  4.938889E-01 -5.516413E-01  2.998037E-01  7.911565E-02  5.136558E-05
         2   6  9.678055E+00  3.483335E-01 -1.267018E-02  2.997401E-01  7.915843E-02  5.136981E-05
         2   7  9.527290E+00  4.938889E-01 -5.516413E-01 -2.998037E-01  7.911565E-02 -5.136558E-05
         2   8  9.678055E+00  3.483335E-01 -1.267018E-02 -2.997401E-01  7.915843E-02 -5.136981E-05
         3   1  9.663484E+00  2.146022E-01  1.180994E-01  5.778038E-02  3.962972E-03  4.957697E-07
         3   2  9.541692E+00  3.678371E-02 -2.233291E-02  5.777153E-02  3.962528E-03  4.957366E-07
         3   3  9.663484E+00  2.146022E-01  1.180994E-01 -5.778038E-02  3.962972E-03 -4.957697E-07
         3   4  9.541692E+00  3.678371E-02 -2.233291E-02 -5.777153E-02  3.962528E-03 -4.957366E-07
         3   5  9.663484E+00  2.146022E-01  1.180994E-01  5.778038E-02 -3.962972E-03 -4.957697E-07
         3   6  9.541692E+00  3.678371E-02 -2.233291E-02  5.777153E-02 -3.962528E-03 -4.957366E-07
         3   7  9.663484E+00  2.146022E-01  1.180994E-01 -5.778038E-02 -3.962972E-03  4.957697E-07
         3   8  9.541692E+00  3.678371E-02 -2.233291E-02 -5.777153E-02 -3.962528E-03  4.957366E-07
         4   1  9.606042E+00  3.198109E-02 -5.313912E-03  1.325413E-02 -1.865530E-03 -5.353806E-08
         4   2  9.599878E+00  1.281454E-02 -2.251317E-03  1.325388E-02 -1.865541E-03 -5.353788E-08
         4   3  9.606042E+00  3.198109E-02 -5.313912E-03 -1.325413E-02 -1.865530E-03  5.353806E-08
         4   4  9.599878E+00  1.281454E-02 -2.251317E-03 -1.325388E-02 -1.865541E-03  5.353788E-08
         4   5  9.606042E+00  3.198109E-02 -5.313912E-03  1.325413E-02  1.865530E-03  5.353806E-08
         4   6  9.599878E+00  1.281454E-02 -2.251317E-03  1.325388E-02  1.865541E-03  5.353788E-08
         4   7  9.606042E+00  3.198109E-02 -5.313912E-03 -1.325413E-02  1.865530E-03 -5.353806E-08
         4   8  9.599878E+00  1.281454E-02 -2.251317E-03 -1.325388E-02  1.865541E-03 -5.353788E-08
         5   1  9.604946E+00  8.690978E-03  2.834398E-03  2.734981E-03 -4.839583E-05 -2.865970E-10
         5   2  9.601032E+00  2.113216E-03 -8.129199E-04  2.734965E-03 -4.839570E-05 -2.865958E-10
         5   3  9.604946E+00  8.690978E-03  2.834398E-03 -2.734981E-03 -4.839583E-05  2.865960E-10
         5   4  9.601032E+00  2.113216E-03 -8.129199E-04 -2.734965E-03 -4.839570E-05  2.865955E-10
         5   5  9.604946E+00  8.690978E-03  2.834398E-03  2.734981E-03  4.839583E-05  2.865968E-10
         5   6  9.601032E+00  2.113216E-03 -8.129199E-04  2.734965E-03  4.839570E-05  2.865970E-10
         5   7  9.604946E+00  8.690978E-03  2.834398E-03 -2.734981E-03  4.839583E-05 -2.865975E-10
         5   8  9.601032E+00  2.113216E-03 -8.129199E-04 -2.734965E-03  4.839570E-05 -2.865963E-10
         6   1  9.603254E+00  1.629087E-03  9.320295E-05  6.014301E-04 -5.602830E-05 -7.296268E-11
         6   2  9.602750E+00  5.363072E-04 -1.317877E-04  6.014295E-04 -5.602830E-05 -7.296250E-11
         6   3  9.603254E+00  1.629087E-03  9.320295E-05 -6.014301E-04 -5.602830E-05  7.296323E-11
         6   4  9.602750E+00  5.363072E-04 -1.317877E-04 -6.014295E-04 -5.602830E-05  7.296292E-11
         6   5  9.603254E+00  1.629087E-03  9.320295E-05  6.014301E-04  5.602830E-05  7.296355E-11
         6   6  9.602750E+00  5.363072E-04 -1.317877E-04  6.014295E-04  5.602830E-05  7.296345E-11
         6   7  9.603254E+00  1.629087E-03  9.320295E-05 -6.014301E-04  5.602830E-05 -7.296295E-11
         6   8  9.602750E+00  5.363072E-04 -1.317877E-04 -6.014295E-04  5.602830E-05 -7.296280E-11
         7   1  9.603080E+00  3.803981E-04  8.679892E-05  1.272586E-04 -6.112102E-06 -1.684272E-12
         7   2  9.602928E+00  1.044178E-04 -3.382978E-05  1.272586E-04 -6.112102E-06 -1.684749E-12
         7   3  9.603080E+00  3.803981E-04  8.679892E-05 -1.272586E-04 -6.112102E-06  1.684584E-12
         7   4  9.602928E+00  1.044178E-04 -3.382978E-05 -1.272586E-04 -6.112102E-06  1.683467E-12
         7   5  9.603080E+00  3.803981E-04  8.679892E-05  1.272586E-04  6.112102E-06  1.684263E-12
         7   6  9.602928E+00  1.044178E-04 -3.382978E-05  1.272586E-04  6.112102E-06  1.684251E-12
         7   7  9.603080E+00  3.803981E-04  8.679892E-05 -1.272586E-04  6.112102E-06 -1.683604E-12
         7   8  9.602928E+00  1.044178E-04 -3.382978E-05 -1.272586E-04  6.112102E-06 -1.684403E-12
         8   1  9.603018E+00  7.768604E-05  9.976075E-06  2.755953E-05 -2.078933E-06 -1.246923E-13
         8   2  9.602991E+00  2.380467E-05 -6.544545E-06  2.755953E-05 -2.078933E-06 -1.240573E-13
         8   3  9.603018E+00  7.768604E-05  9.976075E-06 -2.755953E-05 -2.078933E-06  1.245824E-13
         8   4  9.602991E+00  2.380467E-05 -6.544545E-06 -2.755953E-05 -2.078933E-06  1.245198E-13
         8   5  9.603018E+00  7.768604E-05  9.976075E-06  2.755953E-05  2.078933E-06  1.240939E-13
         8   6  9.602991E+00  2.380467E-05 -6.544545E-06  2.755953E-05  2.078933E-06  1.240787E-13
         8   7  9.603018E+00  7.768604E-05  9.976075E-06 -2.755953E-05  2.078933E-06 -1.237276E-13
         8   8  9.602991E+00  2.380467E-05 -6.544545E-06 -2.755953E-05  2.078933E-06 -1.241245E-13
         9   1  9.603008E+00  1.719265E-05  3.263818E-06  5.885207E-06 -3.468996E-07 -5.028067E-15
         9   2  9.603001E+00  4.930261E-06 -1.498004E-06  5.885207E-06 -3.468996E-07 -4.557923E-15
         9   3  9.603008E+00  1.719265E-05  3.263818E-06 -5.885207E-06 -3.468996E-07  5.287562E-15
         9   4  9.603001E+00  4.930261E-06 -1.498004E-06 -5.885207E-06 -3.468996E-07  4.612875E-15
         9   5  9.603008E+00  1.719265E-05  3.263818E-06  5.885207E-06  3.468996E-07  4.176313E-15
         9   6  9.603001E+00  4.930261E-06 -1.498004E-06  5.885207E-06  3.468996E-07  3.709222E-15
         9   7  9.603008E+00  1.719265E-05  3.263818E-06 -5.885207E-06  3.468996E-07 -4.176313E-15
         9   8  9.603001E+00  4.930261E-06 -1.498004E-06 -5.885207E-06  3.468996E-07 -3.751963E-15
        10   1  9.603005E+00  3.624033E-06  5.551994E-07  1.267445E-06 -8.735463E-08 -5.572312E-16
        10   2  9.603004E+00  1.081739E-06 -3.095229E-07  1.267445E-06 -8.735463E-08 -6.511073E-16
        10   3  9.603005E+00  3.624033E-06  5.551994E-07 -1.267445E-06 -8.735464E-08  1.586052E-15
        10   4  9.603004E+00  1.081739E-06 -3.095229E-07 -1.267445E-06 -8.735463E-08  8.884688E-16
        10   5  9.603005E+00  3.624033E-06  5.551994E-07  1.267445E-06  8.735463E-08 -1.388256E-16
        10   6  9.603004E+00  1.081739E-06 -3.095229E-07  1.267445E-06  8.735464E-08 -2.456764E-16
        10   7  9.603005E+00  3.624033E-06  5.551994E-07 -1.267445E-06  8.735463E-08  9.447861E-16
        10   8  9.603004E+00  1.081739E-06 -3.095229E-07 -1.267445E-06  8.735464E-08 -2.602996E-17
        11   1  9.603005E+00  7.866495E-07  1.380426E-07  2.715659E-07 -1.708285E-08 -3.977608E-16
        11   2  9.603004E+00  2.291981E-07 -6.801035E-08  2.715659E-07 -1.708284E-08 -3.130433E-16
        11   3  9.603005E+00  7.866495E-07  1.380426E-07 -2.715659E-07 -1.708286E-08  1.090765E-15
        11   4  9.603004E+00  2.291981E-07 -6.801034E-08 -2.715659E-07 -1.708285E-08  6.755729E-16
        11   5  9.603005E+00  7.866495E-07  1.380426E-07  2.715659E-07  1.708285E-08 -4.784160E-16
        11   6  9.603004E+00  2.291981E-07 -6.801035E-08  2.715659E-07  1.708285E-08 -2.647144E-16
        11   7  9.603005E+00  7.866496E-07  1.380426E-07 -2.715659E-07  1.708284E-08  9.790885E-16
        11   8  9.603004E+00  2.291981E-07 -6.801034E-08 -2.715659E-07  1.708285E-08  5.394736E-16
        12   1  9.603005E+00  1.677518E-07  2.719031E-08  5.836626E-08 -3.883721E-09 -4.339999E-16
        12   2  9.603004E+00  4.959538E-08 -1.439745E-08  5.836626E-08 -3.883736E-09 -1.239960E-15
        12   3  9.603005E+00  1.677518E-07  2.719030E-08 -5.836626E-08 -3.883735E-09  6.415958E-16
        12   4  9.603004E+00  4.959537E-08 -1.439745E-08 -5.836626E-08 -3.883735E-09  8.820102E-16
        12   5  9.603005E+00  1.677518E-07  2.719030E-08  5.836626E-08  3.883735E-09 -4.757586E-16
        12   6  9.603004E+00  4.959536E-08 -1.439746E-08  5.836626E-08  3.883731E-09 -6.741958E-16
        12   7  9.603005E+00  1.677518E-07  2.719029E-08 -5.836626E-08  3.883735E-09  2.925857E-16
        12   8  9.603004E+00  4.959536E-08 -1.439746E-08 -5.836626E-08  3.883742E-09  6.497728E-16
        13   1  9.603005E+00  3.615788E-08  6.153828E-09  1.252075E-08 -8.056532E-10 -3.083628E-16
        13   2  9.603004E+00  1.059681E-08 -3.116915E-09  1.252075E-08 -8.056722E-10  3.022134E-16
        13   3  9.603005E+00  3.615786E-08  6.153807E-09 -1.252075E-08 -8.056807E-10  1.059371E-15
        13   4  9.603004E+00  1.059679E-08 -3.116945E-09 -1.252075E-08 -8.056664E-10  9.113068E-16
        13   5  9.603005E+00  3.615787E-08  6.153815E-09  1.252075E-08  8.056852E-10 -8.792078E-16
        13   6  9.603004E+00  1.059680E-08 -3.116930E-09  1.252075E-08  8.056631E-10 -1.373578E-16
        13   7  9.603005E+00  3.615787E-08  6.153819E-09 -1.252075E-08  8.056627E-10  4.884391E-16
        13   8  9.603004E+00  1.059681E-08 -3.116927E-09 -1.252075E-08  8.056721E-10  3.907469E-16
        14   1  9.603004E+00  7.744350E-09  1.279739E-09  2.687863E-09 -1.765170E-10  4.029792E-16
        14   2  9.603004E+00  2.284844E-09 -6.651418E-10  2.687864E-09 -1.765301E-10  4.777748E-16
        14   3  9.603004E+00  7.744317E-09  1.279701E-09 -2.687868E-09 -1.765317E-10  1.086827E-15
        14   4  9.603004E+00  2.284817E-09 -6.651718E-10 -2.687868E-09 -1.765159E-10  7.884075E-16
        14   5  9.603004E+00  7.744345E-09  1.279732E-09  2.687867E-09  1.765208E-10 -7.693249E-16
        14   6  9.603004E+00  2.284838E-09 -6.651480E-10  2.687867E-09  1.765145E-10  3.632938E-16
        14   7  9.603004E+00  7.744331E-09  1.279713E-09 -2.687865E-09  1.765169E-10 -1.953854E-16
        14   8  9.603004E+00  2.284841E-09 -6.651488E-10 -2.687864E-09  1.765200E-10  5.953107E-16
        15   1  9.603004E+00  1.669580E-09  2.786989E-10  5.714222E-10 -3.707065E-11 -1.343268E-16
        15   2  9.603004E+00  5.053462E-10 -1.406067E-10  5.714215E-10 -3.707302E-11  1.846992E-16
        15   3  9.603004E+00  1.669575E-09  2.786900E-10 -5.714244E-10 -3.706752E-11  5.495186E-16
        15   4  9.603004E+00  5.053364E-10 -1.406236E-10 -5.714250E-10 -3.706910E-11  3.724515E-16
        15   5  9.603004E+00  1.669599E-09  2.787148E-10  5.714266E-10  3.706239E-11 -1.953843E-16
        15   6  9.603004E+00  5.053621E-10 -1.405926E-10  5.714227E-10  3.707266E-11 -4.182446E-16
        15   7  9.603004E+00  1.669571E-09  2.786856E-10 -5.714196E-10  3.706613E-11  3.907687E-16
        15   8  9.603004E+00  5.053117E-10 -1.406483E-10 -5.714219E-10  3.706771E-11  5.525714E-16
        16   1  9.603004E+00  3.795945E-10  5.283547E-11  9.731612E-11 -6.364024E-12 -7.998548E-16
        16   2  9.603004E+00  1.817495E-10 -1.787225E-11  9.731651E-11 -6.366788E-12 -1.345557E-15
        16   3  9.603004E+00  3.795794E-10  5.281778E-11 -9.731735E-11 -6.374661E-12  1.349373E-15
        16   4  9.603004E+00  1.817362E-10 -1.788818E-11 -9.731755E-11 -6.376240E-12  4.960931E-16
        16   5  9.603004E+00  3.795803E-10  5.282132E-11  9.731632E-11  6.379230E-12 -7.326914E-16
        16   6  9.603004E+00  1.817300E-10 -1.789172E-11  9.731751E-11  6.367778E-12 -1.498964E-15
        16   7  9.603004E+00  3.796024E-10  5.283990E-11 -9.731621E-11  6.361536E-12  9.158642E-16
        16   8  9.603004E+00  1.817565E-10 -1.786694E-11 -9.731640E-11  6.364645E-12  2.533891E-16

 strains (elem, integ.pnt.,exx,eyy,ezz,exy,exz,eyz) for set ALL and time  0.3750000E+00

         1   1  2.932261E-03 -2.317841E-04 -3.837073E-04  6.331726E-04  2.096213E-04  4.149486E-20
         1   2  2.932261E-03 -8.647562E-04 -1.431264E-03  6.327715E-04  2.094014E-04  5.754649E-20
         1   3  2.932261E-03 -2.317841E-04 -3.837073E-04 -6.331726E-04  2.096213E-04 -5.335083E-20
         1   4  2.932261E-03 -8.647562E-04 -1.431264E-03 -6.327715E-04  2.094014E-04  3.383279E-21
         1   5  2.932261E-03 -2.317841E-04 -3.837073E-04  6.331726E-04 -2.096213E-04  3.556585E-20
         1   6  2.932261E-03 -8.647562E-04 -1.431264E-03  6.327715E-04 -2.094014E-04  8.799600E-20
         1   7  2.932261E-03 -2.317841E-04 -3.837073E-04 -6.331726E-04 -2.096213E-04 -1.863169E-20
         1   8  2.932261E-03 -8.647562E-04 -1.431264E-03 -6.327715E-04 -2.094014E-04  3.383279E-20
         2   1  3.794495E-03 -1.156184E-03 -1.735421E-03  1.634921E-04 -4.316871E-05  4.064985E-20
         2   2  3.794495E-03 -1.319662E-03 -1.519554E-03  1.634653E-04 -4.317806E-05  2.825873E-19
         2   3  3.794495E-03 -1.156184E-03 -1.735421E-03 -1.634921E-04 -4.316871E-05 -1.691752E-19
         2   4  3.794495E-03 -1.319662E-03 -1.519554E-03 -1.634653E-04 -4.317806E-05  9.310247E-20
         2   5  3.794495E-03 -1.156184E-03 -1.735421E-03  1.634921E-04  4.316871E-05  3.144599E-23
         2   6  3.794495E-03 -1.319662E-03 -1.519554E-03  1.634653E-04  4.317806E-05  2.386086E-19
         2   7  3.794495E-03 -1.156184E-03 -1.735421E-03 -1.634921E-04  4.316871E-05 -1.556462E-19
         2   8  3.794495E-03 -1.319662E-03 -1.519554E-03 -1.634653E-04  4.317806E-05 -8.283959E-20
         3   1  3.789151E-03 -1.391028E-03 -1.444485E-03  3.151374E-05  2.161541E-06  3.163759E-19
         3   2  3.789151E-03 -1.422541E-03 -1.455293E-03  3.151275E-05  2.161517E-06  3.569696E-19
         3   3  3.789151E-03 -1.391028E-03 -1.444485E-03 -3.151374E-05  2.161541E-06 -5.749176E-20
         3   4  3.789151E-03 -1.422541E-03 -1.455293E-03 -3.151275E-05  2.161517E-06 -6.678970E-20
         3   5  3.789151E-03 -1.391028E-03 -1.444485E-03  3.151374E-05 -2.161541E-06  3.248369E-19
         3   6  3.789151E-03 -1.422541E-03 -1.455293E-03  3.151275E-05 -2.161517E-06  1.996451E-19
         3   7  3.789151E-03 -1.391028E-03 -1.444485E-03 -3.151374E-05 -2.161541E-06 -3.180124E-19
         3   8  3.789151E-03 -1.422541E-03 -1.455293E-03 -3.151275E-05 -2.161517E-06  1.184457E-19
         4   1  3.812703E-03 -1.436722E-03 -1.457386E-03  7.229233E-06 -1.017542E-06 -4.056912E-20
         4   2  3.812703E-03 -1.443951E-03 -1.452299E-03  7.229181E-06 -1.017547E-06 -6.299276E-20
         4   3  3.812703E-03 -1.436722E-03 -1.457386E-03 -7.229233E-06 -1.017542E-06 -1.488335E-19
         4   4  3.812703E-03 -1.443951E-03 -1.452299E-03 -7.229181E-06 -1.017547E-06 -6.055792E-19
         4   5  3.812703E-03 -1.436722E-03 -1.457386E-03  7.229233E-06  1.017542E-06  8.122686E-20
         4   6  3.812703E-03 -1.443951E-03 -1.452299E-03  7.229181E-06  1.017547E-06 -6.747608E-21
         4   7  3.812703E-03 -1.436722E-03 -1.457386E-03 -7.229233E-06  1.017542E-06 -7.440326E-20
         4   8  3.812703E-03 -1.443951E-03 -1.452299E-03 -7.229181E-06  1.017547E-06 -5.125415E-19
         5   1  3.814558E-03 -1.447143E-03 -1.450388E-03  1.491760E-06 -2.639696E-08 -4.566423E-20
         5   2  3.814558E-03 -1.448635E-03 -1.450256E-03  1.491758E-06 -2.639696E-08  2.609360E-19
         5   3  3.814558E-03 -1.447143E-03 -1.450388E-03 -1.491760E-06 -2.639696E-08 -4.787170E-19
         5   4  3.814558E-03 -1.448635E-03 -1.450256E-03 -1.491758E-06 -2.639696E-08 -4.283951E-19
         5   5  3.814558E-03 -1.447143E-03 -1.450388E-03  1.491760E-06  2.639696E-08 -4.735637E-20
         5   6  3.814558E-03 -1.448635E-03 -1.450256E-03  1.491758E-06  2.639696E-08  3.873837E-19
         5   7  3.814558E-03 -1.447143E-03 -1.450388E-03 -1.491760E-06  2.639696E-08 -3.180144E-19
         5   8  3.814558E-03 -1.448635E-03 -1.450256E-03 -1.491758E-06  2.639696E-08 -2.198597E-20
         6   1  3.815371E-03 -1.449301E-03 -1.450152E-03  3.280429E-07 -3.056000E-08  1.776218E-19
         6   2  3.815371E-03 -1.449629E-03 -1.449999E-03  3.280428E-07 -3.056000E-08  2.634693E-19
         6   3  3.815371E-03 -1.449301E-03 -1.450152E-03 -3.280429E-07 -3.056000E-08  1.302567E-19
         6   4  3.815371E-03 -1.449629E-03 -1.449999E-03 -3.280428E-07 -3.056000E-08 -3.044769E-20
         6   5  3.815371E-03 -1.449301E-03 -1.450152E-03  3.280429E-07  3.056000E-08  3.044923E-19
         6   6  3.815371E-03 -1.449629E-03 -1.449999E-03  3.280428E-07  3.056000E-08  2.638921E-19
         6   7  3.815371E-03 -1.449301E-03 -1.450152E-03 -3.280429E-07  3.056000E-08  2.706849E-20
         6   8  3.815371E-03 -1.449629E-03 -1.449999E-03 -3.280428E-07  3.056000E-08  9.642291E-20
         7   1  3.815492E-03 -1.449774E-03 -1.449937E-03  6.941173E-08 -3.333776E-09 -5.243929E-20
         7   2  3.815492E-03 -1.449844E-03 -1.449920E-03  6.941173E-08 -3.333776E-09 -3.167533E-19
         7   3  3.815492E-03 -1.449774E-03 -1.449937E-03 -6.941173E-08 -3.333776E-09  2.249844E-19
         7   4  3.815492E-03 -1.449844E-03 -1.449920E-03 -6.941173E-08 -3.333776E-09 -3.937215E-19
         7   5  3.815492E-03 -1.449774E-03 -1.449937E-03  6.941173E-08  3.333776E-09  4.736558E-20
         7   6  3.815492E-03 -1.449844E-03 -1.449920E-03  6.941173E-08  3.333776E-09  4.059886E-20
         7   7  3.815492E-03 -1.449774E-03 -1.449937E-03 -6.941173E-08  3.333776E-09  3.180229E-19
         7   8  3.815492E-03 -1.449844E-03 -1.449920E-03 -6.941173E-08  3.333776E-09 -1.251787E-19
         8   1  3.815524E-03 -1.449875E-03 -1.449912E-03  1.503202E-08 -1.133930E-09 -3.518543E-19
         8   2  3.815524E-03 -1.449890E-03 -1.449907E-03  1.503202E-08 -1.133930E-09  4.587586E-26
         8   3  3.815524E-03 -1.449875E-03 -1.449912E-03 -1.503202E-08 -1.133930E-09  2.909567E-19
         8   4  3.815524E-03 -1.449890E-03 -1.449907E-03 -1.503202E-08 -1.133930E-09  2.562786E-19
         8   5  3.815524E-03 -1.449875E-03 -1.449912E-03  1.503202E-08  1.133930E-09  2.029942E-20
         8   6  3.815524E-03 -1.449890E-03 -1.449907E-03  1.503202E-08  1.133930E-09  1.184130E-20
         8   7  3.815524E-03 -1.449875E-03 -1.449912E-03 -1.503202E-08  1.133930E-09  1.826938E-19
         8   8  3.815524E-03 -1.449890E-03 -1.449907E-03 -1.503202E-08  1.133930E-09 -3.721533E-20
         9   1  3.815531E-03 -1.449896E-03 -1.449904E-03  3.210018E-09 -1.892124E-10 -3.366300E-19
         9   2  3.815531E-03 -1.449900E-03 -1.449903E-03  3.210018E-09 -1.892124E-10 -7.612235E-20
         9   3  3.815531E-03 -1.449896E-03 -1.449904E-03 -3.210018E-09 -1.892124E-10  4.804167E-19
         9   4  3.815531E-03 -1.449900E-03 -1.449903E-03 -3.210018E-09 -1.892124E-10  1.065713E-19
         9   5  3.815531E-03 -1.449896E-03 -1.449904E-03  3.210018E-09  1.892124E-10 -1.353286E-19
         9   6  3.815531E-03 -1.449900E-03 -1.449903E-03  3.210018E-09  1.892124E-10 -3.941446E-19
         9   7  3.815531E-03 -1.449896E-03 -1.449904E-03 -3.210018E-09  1.892124E-10  1.353286E-19
         9   8  3.815531E-03 -1.449900E-03 -1.449903E-03 -3.210018E-09  1.892124E-10  3.704621E-19
        10   1  3.815532E-03 -1.449901E-03 -1.449903E-03  6.913133E-10 -4.764657E-11 -1.759272E-19
        10   2  3.815532E-03 -1.449902E-03 -1.449903E-03  6.913133E-10 -4.764657E-11 -2.279442E-19
        10   3  3.815532E-03 -1.449901E-03 -1.449903E-03 -6.913133E-10 -4.764658E-11  7.459991E-19
        10   4  3.815532E-03 -1.449902E-03 -1.449903E-03 -6.913133E-10 -4.764657E-11  3.594667E-19
        10   5  3.815532E-03 -1.449901E-03 -1.449903E-03  6.913133E-10  4.764657E-11 -2.097594E-19
        10   6  3.815532E-03 -1.449902E-03 -1.449903E-03  6.913133E-10  4.764657E-11 -2.689657E-19
        10   7  3.815532E-03 -1.449901E-03 -1.449903E-03 -6.913133E-10  4.764657E-11  6.563439E-19
        10   8  3.815532E-03 -1.449902E-03 -1.449903E-03 -6.913133E-10  4.764658E-11  1.184126E-19
        11   1  3.815532E-03 -1.449902E-03 -1.449902E-03  1.481225E-10 -9.317643E-12 -2.148342E-19
        11   2  3.815532E-03 -1.449902E-03 -1.449902E-03  1.481225E-10 -9.317637E-12 -1.678921E-19
        11   3  3.815532E-03 -1.449902E-03 -1.449902E-03 -1.481225E-10 -9.317651E-12  5.988292E-19
        11   4  3.815532E-03 -1.449902E-03 -1.449902E-03 -1.481225E-10 -9.317644E-12  3.687705E-19
        11   5  3.815532E-03 -1.449902E-03 -1.449902E-03  1.481225E-10  9.317644E-12 -2.706573E-19
        11   6  3.815532E-03 -1.449902E-03 -1.449902E-03  1.481225E-10  9.317643E-12 -1.522447E-19
        11   7  3.815532E-03 -1.449902E-03 -1.449902E-03 -1.481225E-10  9.317638E-12  5.480810E-19
        11   8  3.815532E-03 -1.449902E-03 -1.449902E-03 -1.481225E-10  9.317643E-12  3.044894E-19
        12   1  3.815532E-03 -1.449902E-03 -1.449902E-03  3.183520E-11 -2.118331E-12 -2.402083E-19
        12   2  3.815532E-03 -1.449902E-03 -1.449902E-03  3.183520E-11 -2.118339E-12 -6.867928E-19
        12   3  3.815532E-03 -1.449902E-03 -1.449902E-03 -3.183520E-11 -2.118338E-12  3.552377E-19
        12   4  3.815532E-03 -1.449902E-03 -1.449902E-03 -3.183520E-11 -2.118338E-12  4.884518E-19
        12   5  3.815532E-03 -1.449902E-03 -1.449902E-03  3.183520E-11  2.118339E-12 -2.638908E-19
        12   6  3.815532E-03 -1.449902E-03 -1.449902E-03  3.183520E-11  2.118336E-12 -3.738453E-19
        12   7  3.815532E-03 -1.449902E-03 -1.449902E-03 -3.183520E-11  2.118338E-12  1.623944E-19
        12   8  3.815532E-03 -1.449902E-03 -1.449902E-03 -3.183520E-11  2.118342E-12  3.603125E-19
        13   1  3.815532E-03 -1.449902E-03 -1.449902E-03  6.829298E-12 -4.394342E-13 -1.708524E-19
        13   2  3.815532E-03 -1.449902E-03 -1.449902E-03  6.829297E-12 -4.394446E-13  1.674692E-19
        13   3  3.815532E-03 -1.449902E-03 -1.449902E-03 -6.829299E-12 -4.394493E-13  5.869879E-19
        13   4  3.815532E-03 -1.449902E-03 -1.449902E-03 -6.829299E-12 -4.394414E-13  5.049450E-19
        13   5  3.815532E-03 -1.449902E-03 -1.449902E-03  6.829298E-12  4.394517E-13 -4.871831E-19
        13   6  3.815532E-03 -1.449902E-03 -1.449902E-03  6.829299E-12  4.394396E-13 -7.612235E-20
        13   7  3.815532E-03 -1.449902E-03 -1.449902E-03 -6.829299E-12  4.394394E-13  2.706573E-19
        13   8  3.815532E-03 -1.449902E-03 -1.449902E-03 -6.829299E-12  4.394446E-13  2.165258E-19
        14   1  3.815532E-03 -1.449902E-03 -1.449902E-03  1.466064E-12 -9.627921E-14  2.232922E-19
        14   2  3.815532E-03 -1.449902E-03 -1.449902E-03  1.466064E-12 -9.628640E-14  2.647366E-19
        14   3  3.815532E-03 -1.449902E-03 -1.449902E-03 -1.466066E-12 -9.628727E-14  6.022124E-19
        14   4  3.815532E-03 -1.449902E-03 -1.449902E-03 -1.466067E-12 -9.627856E-14  4.368577E-19
        14   5  3.815532E-03 -1.449902E-03 -1.449902E-03  1.466066E-12  9.628121E-14 -4.262852E-19
        14   6  3.815532E-03 -1.449902E-03 -1.449902E-03  1.466066E-12  9.627773E-14  2.013013E-19
        14   7  3.815532E-03 -1.449902E-03 -1.449902E-03 -1.466065E-12  9.627909E-14 -1.082629E-19
        14   8  3.815532E-03 -1.449902E-03 -1.449902E-03 -1.466064E-12  9.628084E-14  3.298635E-19
        15   1  3.815532E-03 -1.449902E-03 -1.449902E-03  3.116756E-13 -2.021979E-14 -7.443075E-20
        15   2  3.815532E-03 -1.449902E-03 -1.449902E-03  3.116752E-13 -2.022110E-14  1.023423E-19
        15   3  3.815532E-03 -1.449902E-03 -1.449902E-03 -3.116768E-13 -2.021801E-14  3.044894E-19
        15   4  3.815532E-03 -1.449902E-03 -1.449902E-03 -3.116772E-13 -2.021888E-14  2.063762E-19
        15   5  3.815532E-03 -1.449902E-03 -1.449902E-03  3.116781E-13  2.021521E-14 -1.082629E-19
        15   6  3.815532E-03 -1.449902E-03 -1.449902E-03  3.116759E-13  2.022086E-14 -2.317503E-19
        15   7  3.815532E-03 -1.449902E-03 -1.449902E-03 -3.116742E-13  2.021733E-14  2.165258E-19
        15   8  3.815532E-03 -1.449902E-03 -1.449902E-03 -3.116755E-13  2.021820E-14  3.061810E-19
        16   1  3.815532E-03 -1.449902E-03 -1.449902E-03  5.307995E-14 -3.471192E-15 -4.432013E-19
        16   2  3.815532E-03 -1.449902E-03 -1.449902E-03  5.308017E-14 -3.472716E-15 -7.455762E-19
        16   3  3.815532E-03 -1.449902E-03 -1.449902E-03 -5.308063E-14 -3.476985E-15  7.476907E-19
        16   4  3.815532E-03 -1.449902E-03 -1.449902E-03 -5.308074E-14 -3.477856E-15  2.748863E-19
        16   5  3.815532E-03 -1.449902E-03 -1.449902E-03  5.308005E-14  3.479514E-15 -4.059859E-19
        16   6  3.815532E-03 -1.449902E-03 -1.449902E-03  5.308071E-14  3.473201E-15 -8.305795E-19
        16   7  3.815532E-03 -1.449902E-03 -1.449902E-03 -5.308001E-14  3.469826E-15  5.074824E-19
        16   8  3.815532E-03 -1.449902E-03 -1.449902E-03 -5.308012E-14  3.471540E-15  1.404035E-19

                                INCREMENT     6


 forces (fx,fy,fz) for set RIGHT and time  0.4750000E+00

        65  1.518359E+01 -2.154693E-15  7.834192E-15
        66  1.518359E+01  1.722723E-15 -8.049509E-15
        67  1.518359E+01 -2.542174E-15  7.417629E-15
        68  1.518359E+01  7.753426E-16 -9.011764E-15

 displacements (vx,vy,vz) for set RIGHT and time  0.4750000E+00

        65  9.500000E-02  4.597880E-03  9.195759E-04
        66  9.500000E-02 -4.597880E-03  9.195759E-04
        67  9.500000E-02 -4.597880E-03 -9.195759E-04
        68  9.500000E-02  4.597880E-03 -9.195759E-04

 stresses (elem, integ.pnt.,sxx,syy,szz,sxy,sxz,syz) for set ALL and time  0.4750000E+00

         1   1  1.522435E+01  7.868288E+00  7.513034E+00  1.478043E+00  4.896508E-01  1.552964E-03
         1   2  9.107773E+00  3.339683E-01 -9.675266E-01  1.469032E+00  4.861559E-01  1.547784E-03
         1   3  1.522435E+01  7.868288E+00  7.513034E+00 -1.478043E+00  4.896508E-01 -1.552964E-03
         1   4  9.107773E+00  3.339683E-01 -9.675266E-01 -1.469032E+00  4.861559E-01 -1.547784E-03
         1   5  1.522435E+01  7.868288E+00  7.513034E+00  1.478043E+00 -4.896508E-01 -1.552964E-03
         1   6  9.107773E+00  3.339683E-01 -9.675266E-01  1.469032E+00 -4.861559E-01 -1.547784E-03
         1   7  1.522435E+01  7.868288E+00  7.513034E+00 -1.478043E+00 -4.896508E-01  1.552964E-03
         1   8  9.107773E+00  3.339683E-01 -9.675266E-01 -1.469032E+00 -4.861559E-01  1.547784E-03
         2   1  1.209546E+01  6.268696E-01 -6.989548E-01  3.815452E-01 -1.006575E-01 -8.274126E-05
         2   2  1.228681E+01  4.422747E-01 -1.617485E-02  3.814425E-01 -1.007264E-01 -8.274988E-05
         2   3  1.209546E+01  6.268696E-01 -6.989548E-01 -3.815452E-01 -1.006575E-01  8.274126E-05
         2   4  1.228681E+01  4.422747E-01 -1.617485E-02 -3.814425E-01 -1.007264E-01  8.274988E-05
         2   5  1.209546E+01  6.268696E-01 -6.989548E-01  3.815452E-01  1.006575E-01  8.274126E-05
         2   6  1.228681E+01  4.422747E-01 -1.617485E-02  3.814425E-01  1.007264E-01  8.274988E-05
         2   7  1.209546E+01  6.268696E-01 -6.989548E-01 -3.815452E-01  1.006575E-01 -8.274126E-05
         2   8  1.228681E+01  4.422747E-01 -1.617485E-02 -3.814425E-01  1.007264E-01 -8.274988E-05
         3   1  1.226838E+01  2.726941E-01  1.496246E-01  7.375610E-02  5.014363E-03  7.965709E-07
         3   2  1.211362E+01  4.700458E-02 -2.831960E-02  7.374180E-02  5.013653E-03  7.965036E-07
         3   3  1.226838E+01  2.726941E-01  1.496246E-01 -7.375610E-02  5.014363E-03 -7.965709E-07
         3   4  1.211362E+01  4.700458E-02 -2.831960E-02 -7.374180E-02  5.013653E-03 -7.965036E-07
         3   5  1.226838E+01  2.726941E-01  1.496246E-01  7.375610E-02 -5.014363E-03 -7.965709E-07
         3   6  1.211362E+01  4.700458E-02 -2.831960E-02  7.374180E-02 -5.013653E-03 -7.965036E-07
         3   7  1.226838E+01  2.726941E-01  1.496246E-01 -7.375610E-02 -5.014363E-03  7.965709E-07
         3   8  1.211362E+01  4.700458E-02 -2.831960E-02 -7.374180E-02 -5.013653E-03  7.965036E-07
         4   1  1.219555E+01  4.079420E-02 -6.702188E-03  1.694782E-02 -2.379814E-03 -8.687728E-08
         4   2  1.218765E+01  1.634548E-02 -2.873340E-03  1.694741E-02 -2.379830E-03 -8.687691E-08
         4   3  1.219555E+01  4.079420E-02 -6.702188E-03 -1.694782E-02 -2.379814E-03  8.687728E-08
         4   4  1.218765E+01  1.634548E-02 -2.873340E-03 -1.694741E-02 -2.379830E-03  8.687691E-08
         4   5  1.219555E+01  4.079420E-02 -6.702188E-03  1.694782E-02  2.379814E-03  8.687728E-08
         4   6  1.218765E+01  1.634548E-02 -2.873340E-03  1.694741E-02  2.379830E-03  8.687691E-08
         4   7  1.219555E+01  4.079420E-02 -6.702188E-03 -1.694782E-02  2.379814E-03 -8.687728E-08
         4   8  1.218765E+01  1.634548E-02 -2.873340E-03 -1.694741E-02  2.379830E-03 -8.687691E-08
         5   1  1.219414E+01  1.109472E-02  3.599361E-03  3.506993E-03 -6.381240E-05 -4.820471E-10
         5   2  1.218915E+01  2.709207E-03 -1.035658E-03  3.506966E-03 -6.381218E-05 -4.820455E-10
         5   3  1.219414E+01  1.109472E-02  3.599361E-03 -3.506993E-03 -6.381240E-05  4.820468E-10
         5   4  1.218915E+01  2.709207E-03 -1.035658E-03 -3.506966E-03 -6.381218E-05  4.820454E-10
         5   5  1.219414E+01  1.109472E-02  3.599361E-03  3.506993E-03  6.381240E-05  4.820466E-10
         5   6  1.218915E+01  2.709207E-03 -1.035658E-03  3.506966E-03  6.381218E-05  4.820454E-10
         5   7  1.219414E+01  1.109472E-02  3.599361E-03 -3.506993E-03  6.381240E-05 -4.820474E-10
         5   8  1.218915E+01  2.709207E-03 -1.035658E-03 -3.506966E-03  6.381218E-05 -4.820459E-10
         6   1  1.219199E+01  2.087058E-03  1.210939E-04  7.727480E-04 -7.183124E-05 -1.195645E-10
         6   2  1.219134E+01  6.876670E-04 -1.687586E-04  7.727470E-04 -7.183124E-05 -1.195632E-10
         6   3  1.219199E+01  2.087058E-03  1.210939E-04 -7.727480E-04 -7.183124E-05  1.195640E-10
         6   4  1.219134E+01  6.876670E-04 -1.687586E-04 -7.727470E-04 -7.183124E-05  1.195632E-10
         6   5  1.219199E+01  2.087058E-03  1.210939E-04  7.727480E-04  7.183124E-05  1.195637E-10
         6   6  1.219134E+01  6.876670E-04 -1.687586E-04  7.727470E-04  7.183124E-05  1.195647E-10
         6   7  1.219199E+01  2.087058E-03  1.210939E-04 -7.727480E-04  7.183124E-05 -1.195650E-10
         6   8  1.219134E+01  6.876670E-04 -1.687586E-04 -7.727470E-04  7.183124E-05 -1.195653E-10
         7   1  1.219177E+01  4.880116E-04  1.107433E-04  1.639319E-04 -7.926592E-06 -2.798522E-12
         7   2  1.219157E+01  1.344016E-04 -4.332438E-05  1.639319E-04 -7.926591E-06 -2.798607E-12
         7   3  1.219177E+01  4.880116E-04  1.107433E-04 -1.639319E-04 -7.926592E-06  2.798558E-12
         7   4  1.219157E+01  1.344016E-04 -4.332438E-05 -1.639319E-04 -7.926591E-06  2.798796E-12
         7   5  1.219177E+01  4.880116E-04  1.107433E-04  1.639319E-04  7.926592E-06  2.799375E-12
         7   6  1.219157E+01  1.344016E-04 -4.332438E-05  1.639319E-04  7.926591E-06  2.798674E-12
         7   7  1.219177E+01  4.880116E-04  1.107433E-04 -1.639319E-04  7.926592E-06 -2.799766E-12
         7   8  1.219157E+01  1.344016E-04 -4.332438E-05 -1.639319E-04  7.926591E-06 -2.799662E-12
         8   1  1.219169E+01  9.996624E-05  1.285397E-05  3.557918E-05 -2.681581E-06 -2.060182E-13
         8   2  1.219166E+01  3.067933E-05 -8.413895E-06  3.557918E-05 -2.681581E-06 -2.054999E-13
         8   3  1.219169E+01  9.996624E-05  1.285397E-05 -3.557918E-05 -2.681581E-06  2.059694E-13
         8   4  1.219166E+01  3.067933E-05 -8.413895E-06 -3.557918E-05 -2.681581E-06  2.066127E-13
         8   5  1.219169E+01  9.996624E-05  1.285397E-05  3.557918E-05  2.681581E-06  2.044756E-13
         8   6  1.219166E+01  3.067933E-05 -8.413895E-06  3.557918E-05  2.681581E-06  2.047500E-13
         8   7  1.219169E+01  9.996624E-05  1.285397E-05 -3.557918E-05  2.681581E-06 -2.053780E-13
         8   8  1.219166E+01  3.067933E-05 -8.413895E-06 -3.557918E-05  2.681581E-06 -2.046463E-13
         9   1  1.219168E+01  2.216449E-05  4.188436E-06  7.616492E-06 -4.505365E-07 -7.324483E-15
         9   2  1.219167E+01  6.373633E-06 -1.928268E-06  7.616492E-06 -4.505365E-07 -7.193393E-15
         9   3  1.219168E+01  2.216449E-05  4.188436E-06 -7.616492E-06 -4.505365E-07  8.056149E-15
         9   4  1.219167E+01  6.373633E-06 -1.928268E-06 -7.616492E-06 -4.505365E-07  8.577461E-15
         9   5  1.219168E+01  2.216449E-05  4.188436E-06  7.616492E-06  4.505365E-07  7.318385E-15
         9   6  1.219167E+01  6.373633E-06 -1.928268E-06  7.616492E-06  4.505365E-07  7.653733E-15
         9   7  1.219168E+01  2.216449E-05  4.188436E-06 -7.616492E-06  4.505365E-07 -7.062302E-15
         9   8  1.219167E+01  6.373633E-06 -1.928268E-06 -7.616492E-06  4.505365E-07 -6.105039E-15
        10   1  1.219167E+01  4.684628E-06  7.169025E-07  1.644029E-06 -1.133398E-07 -1.330901E-16
        10   2  1.219167E+01  1.401022E-06 -3.996619E-07  1.644029E-06 -1.133398E-07 -1.056819E-15
        10   3  1.219167E+01  4.684628E-06  7.169025E-07 -1.644029E-06 -1.133398E-07  1.053770E-15
        10   4  1.219167E+01  1.401022E-06 -3.996619E-07 -1.644029E-06 -1.133398E-07  1.200104E-15
        10   5  1.219167E+01  4.684628E-06  7.169025E-07  1.644029E-06  1.133398E-07  4.379510E-16
        10   6  1.219167E+01  1.401022E-06 -3.996619E-07  1.644029E-06  1.133398E-07  3.282011E-16
        10   7  1.219167E+01  4.684628E-06  7.169025E-07 -1.644029E-06  1.133398E-07  3.181042E-16
        10   8  1.219167E+01  1.401022E-06 -3.996619E-07 -1.644029E-06  1.133398E-07  1.717709E-16
        11   1  1.219167E+01  1.019020E-06  1.781579E-07  3.530998E-07 -2.226381E-08 -1.083631E-17
        11   2  1.219167E+01  2.976432E-07 -8.797745E-08  3.530998E-07 -2.226381E-08  5.562051E-16
        11   3  1.219167E+01  1.019020E-06  1.781579E-07 -3.530998E-07 -2.226381E-08  6.937249E-16
        11   4  1.219167E+01  2.976432E-07 -8.797743E-08 -3.530998E-07 -2.226381E-08  4.239229E-16
        11   5  1.219167E+01  1.019020E-06  1.781579E-07  3.530998E-07  2.226381E-08  1.754612E-16
        11   6  1.219167E+01  2.976432E-07 -8.797746E-08  3.530998E-07  2.226379E-08  8.583498E-16
        11   7  1.219167E+01  1.019020E-06  1.781579E-07 -3.530998E-07  2.226380E-08  5.318162E-16
        11   8  1.219167E+01  2.976432E-07 -8.797745E-08 -3.530998E-07  2.226379E-08  3.671913E-16
        12   1  1.219167E+01  2.178496E-07  3.523914E-08  7.606584E-08 -5.066100E-09  8.283918E-16
        12   2  1.219167E+01  6.454336E-08 -1.867456E-08  7.606584E-08 -5.066112E-09 -3.392258E-16
        12   3  1.219167E+01  2.178496E-07  3.523911E-08 -7.606584E-08 -5.066110E-09  3.300799E-16
        12   4  1.219167E+01  6.454332E-08 -1.867460E-08 -7.606585E-08 -5.066083E-09  8.163332E-16
        12   5  1.219167E+01  2.178496E-07  3.523914E-08  7.606585E-08  5.066089E-09  1.488552E-15
        12   6  1.219167E+01  6.454335E-08 -1.867457E-08  7.606585E-08  5.066080E-09 -2.125726E-16
        12   7  1.219167E+01  2.178496E-07  3.523911E-08 -7.606584E-08  5.066070E-09  5.966975E-16
        12   8  1.219167E+01  6.454334E-08 -1.867458E-08 -7.606584E-08  5.066087E-09  4.686558E-16
        13   1  1.219167E+01  4.706163E-08  7.984031E-09  1.635639E-08 -1.054415E-09 -9.877867E-16
        13   2  1.219167E+01  1.382506E-08 -4.051486E-09  1.635640E-08 -1.054410E-09 -1.467943E-15
        13   3  1.219167E+01  4.706163E-08  7.984036E-09 -1.635639E-08 -1.054427E-09  4.634258E-16
        13   4  1.219167E+01  1.382507E-08 -4.051483E-09 -1.635639E-08 -1.054407E-09 -9.922853E-16
        13   5  1.219167E+01  4.706166E-08  7.984065E-09  1.635640E-08  1.054407E-09 -8.169903E-16
        13   6  1.219167E+01  1.382510E-08 -4.051454E-09  1.635639E-08  1.054422E-09 -1.749865E-15
        13   7  1.219167E+01  4.706168E-08  7.984086E-09 -1.635639E-08  1.054388E-09  1.036490E-15
        13   8  1.219167E+01  1.382511E-08 -4.051438E-09 -1.635639E-08  1.054410E-09 -1.164606E-15
        14   1  1.219167E+01  1.010415E-08  1.665620E-09  3.519468E-09 -2.314037E-10 -1.932820E-15
        14   2  1.219167E+01  2.987681E-09 -8.667366E-10  3.519468E-09 -2.314175E-10 -1.144755E-15
        14   3  1.219167E+01  1.010413E-08  1.665603E-09 -3.519461E-09 -2.314103E-10 -9.572617E-16
        14   4  1.219167E+01  2.987663E-09 -8.667490E-10 -3.519461E-09 -2.313976E-10  5.228383E-16
        14   5  1.219167E+01  1.010416E-08  1.665633E-09  3.519462E-09  2.314147E-10 -1.780386E-15
        14   6  1.219167E+01  2.987690E-09 -8.667260E-10  3.519460E-09  2.314242E-10 -1.256025E-15
        14   7  1.219167E+01  1.010412E-08  1.665589E-09 -3.519466E-09  2.314090E-10 -8.901958E-16
        14   8  1.219167E+01  2.987651E-09 -8.667631E-10 -3.519467E-09  2.314280E-10  7.926368E-16
        15   1  1.219167E+01  2.183395E-09  3.633614E-10  7.499370E-10 -4.873414E-11 -1.237736E-15
        15   2  1.219167E+01  6.624728E-10 -1.836280E-10  7.499334E-10 -4.874363E-11 -7.865414E-16
        15   3  1.219167E+01  2.183375E-09  3.633455E-10 -7.499309E-10 -4.873269E-11  7.987359E-16
        15   4  1.219167E+01  6.624533E-10 -1.836456E-10 -7.499355E-10 -4.871212E-11  1.248406E-15
        15   5  1.219167E+01  2.183391E-09  3.633578E-10  7.499314E-10  4.871625E-11 -9.145829E-16
        15   6  1.219167E+01  6.624622E-10 -1.836403E-10  7.499305E-10  4.871902E-11 -4.207081E-16
        15   7  1.219167E+01  2.183407E-09  3.633773E-10 -7.499364E-10  4.871920E-11  1.134083E-15
        15   8  1.219167E+01  6.624657E-10 -1.836350E-10 -7.499392E-10  4.873339E-11  6.767913E-16
        16   1  1.219167E+01  4.977429E-10  6.906555E-11  1.279427E-10 -8.373324E-12 -8.962913E-16
        16   2  1.219167E+01  2.388019E-10 -2.337601E-11  1.279444E-10 -8.383606E-12 -6.021004E-16
        16   3  1.219167E+01  4.977447E-10  6.907262E-11 -1.279437E-10 -8.387905E-12  7.621525E-16
        16   4  1.219167E+01  2.388090E-10 -2.336010E-11 -1.279441E-10 -8.383160E-12 -4.649130E-16
        16   5  1.219167E+01  4.977199E-10  6.904257E-11  1.279433E-10  8.384788E-12 -9.999440E-16
        16   6  1.219167E+01  2.387772E-10 -2.340076E-11  1.279422E-10  8.369761E-12  3.597360E-16
        16   7  1.219167E+01  4.977058E-10  6.903196E-11 -1.279437E-10  8.378127E-12  1.231638E-15
        16   8  1.219167E+01  2.387931E-10 -2.337954E-11 -1.279445E-10  8.392413E-12  1.890138E-16

 strains (elem, integ.pnt.,exx,eyy,ezz,exy,exz,eyz) for set ALL and time  0.4750000E+00

         1   1  3.716679E-03 -2.936154E-04 -4.864870E-04  8.020543E-04  2.657568E-04  2.540908E-20
         1   2  3.716679E-03 -1.095348E-03 -1.814387E-03  8.014106E-04  2.654033E-04  5.084679E-20
         1   3  3.716679E-03 -2.936154E-04 -4.864870E-04 -8.020543E-04  2.657568E-04  7.960327E-20
         1   4  3.716679E-03 -1.095348E-03 -1.814387E-03 -8.014106E-04  2.654033E-04  3.216003E-19
         1   5  3.716679E-03 -2.936154E-04 -4.864870E-04  8.020543E-04 -2.657568E-04 -2.031105E-20
         1   6  3.716679E-03 -1.095348E-03 -1.814387E-03  8.014106E-04 -2.654033E-04 -6.752247E-20
         1   7  3.716679E-03 -2.936154E-04 -4.864870E-04 -8.020543E-04 -2.657568E-04  4.743168E-20
         1   8  3.716679E-03 -1.095348E-03 -1.814387E-03 -8.014106E-04 -2.654033E-04  2.032310E-19
         2   1  4.808652E-03 -1.464556E-03 -2.199790E-03  2.073950E-04 -5.475332E-05  3.070555E-20
         2   2  4.808652E-03 -1.671929E-03 -1.925986E-03  2.073518E-04 -5.476838E-05 -4.711819E-20
         2   3  4.808652E-03 -1.464556E-03 -2.199790E-03 -2.073950E-04 -5.475332E-05  3.013588E-19
         2   4  4.808652E-03 -1.671929E-03 -1.925986E-03 -2.073518E-04 -5.476838E-05  4.082755E-20
         2   5  4.808652E-03 -1.464556E-03 -2.199790E-03  2.073950E-04  5.475332E-05 -1.890780E-19
         2   6  4.808652E-03 -1.671929E-03 -1.925986E-03  2.073518E-04  5.476838E-05 -2.635647E-19
         2   7  4.808652E-03 -1.464556E-03 -2.199790E-03 -2.073950E-04  5.475332E-05  1.492287E-19
         2   8  4.808652E-03 -1.671929E-03 -1.925986E-03 -2.073518E-04  5.476838E-05 -2.331234E-19
         3   1  4.801909E-03 -1.762500E-03 -1.830737E-03  4.009829E-05  2.726293E-06 -8.446285E-20
         3   2  4.801909E-03 -1.802597E-03 -1.844368E-03  4.009668E-05  2.726256E-06 -4.590320E-19
         3   3  4.801909E-03 -1.762500E-03 -1.830737E-03 -4.009829E-05  2.726293E-06 -3.542126E-20
         3   4  4.801909E-03 -1.802597E-03 -1.844368E-03 -4.009668E-05  2.726256E-06  4.329755E-19
         3   5  4.801909E-03 -1.762500E-03 -1.830737E-03  4.009829E-05 -2.726293E-06 -1.960663E-19
         3   6  4.801909E-03 -1.802597E-03 -1.844368E-03  4.009668E-05 -2.726256E-06 -3.144459E-19
         3   7  4.801909E-03 -1.762500E-03 -1.830737E-03 -4.009829E-05 -2.726293E-06  8.126992E-20
         3   8  4.801909E-03 -1.802597E-03 -1.844368E-03 -4.009668E-05 -2.726256E-06  3.754859E-19
         4   1  4.831808E-03 -1.820646E-03 -1.846990E-03  9.214438E-06 -1.293925E-06 -9.801981E-20
         4   2  4.831808E-03 -1.829861E-03 -1.840520E-03  9.214353E-06 -1.293933E-06  2.959453E-19
         4   3  4.831808E-03 -1.820646E-03 -1.846990E-03 -9.214438E-06 -1.293925E-06  6.595387E-19
         4   4  4.831808E-03 -1.829861E-03 -1.840520E-03 -9.214353E-06 -1.293933E-06  3.052457E-19
         4   5  4.831808E-03 -1.820646E-03 -1.846990E-03  9.214438E-06  1.293925E-06 -4.395942E-19
         4   6  4.831808E-03 -1.829861E-03 -1.840520E-03  9.214353E-06  1.293933E-06 -2.840532E-19
         4   7  4.831808E-03 -1.820646E-03 -1.846990E-03 -9.214438E-06  1.293925E-06  3.112005E-19
         4   8  4.831808E-03 -1.829861E-03 -1.840520E-03 -9.214353E-06  1.293933E-06 -1.521578E-19
         5   1  4.834179E-03 -1.833931E-03 -1.838089E-03  1.906752E-06 -3.469495E-08 -1.115911E-19
         5   2  4.834179E-03 -1.835838E-03 -1.837915E-03  1.906749E-06 -3.469496E-08  8.286397E-20
         5   3  4.834179E-03 -1.833931E-03 -1.838089E-03 -1.906752E-06 -3.469495E-08 -5.748053E-20
         5   4  4.834179E-03 -1.835838E-03 -1.837915E-03 -1.906749E-06 -3.469496E-08 -1.437237E-19
         5   5  4.834179E-03 -1.833931E-03 -1.838089E-03  1.906752E-06  3.469495E-08 -1.826105E-19
         5   6  4.834179E-03 -1.835838E-03 -1.837915E-03  1.906749E-06  3.469496E-08 -1.115952E-19
         5   7  4.834179E-03 -1.833931E-03 -1.838089E-03 -1.906752E-06  3.469495E-08 -2.367211E-19
         5   8  4.834179E-03 -1.835838E-03 -1.837915E-03 -1.906749E-06  3.469496E-08 -1.521781E-19
         6   1  4.835215E-03 -1.836690E-03 -1.837780E-03  4.201443E-07 -3.905480E-08 -8.792548E-20
         6   2  4.835215E-03 -1.837110E-03 -1.837585E-03  4.201441E-07 -3.905481E-08  6.205806E-19
         6   3  4.835215E-03 -1.836690E-03 -1.837780E-03 -4.201443E-07 -3.905480E-08 -1.893826E-19
         6   4  4.835215E-03 -1.837110E-03 -1.837585E-03 -4.201441E-07 -3.905481E-08 -6.493235E-19
         6   5  4.835215E-03 -1.836690E-03 -1.837780E-03  4.201443E-07  3.905480E-08 -3.652413E-19
         6   6  4.835215E-03 -1.837110E-03 -1.837585E-03  4.201441E-07  3.905481E-08  2.164434E-19
         6   7  4.835215E-03 -1.836690E-03 -1.837780E-03 -4.201443E-07  3.905480E-08 -3.584775E-19
         6   8  4.835215E-03 -1.837110E-03 -1.837585E-03 -4.201441E-07  3.905481E-08 -5.613939E-19
         7   1  4.835370E-03 -1.837296E-03 -1.837505E-03  8.913007E-08 -4.309703E-09  2.570253E-19
         7   2  4.835370E-03 -1.837385E-03 -1.837484E-03  8.913007E-08 -4.309704E-09  2.096783E-19
         7   3  4.835370E-03 -1.837296E-03 -1.837505E-03 -8.913007E-08 -4.309703E-09 -2.367323E-19
         7   4  4.835370E-03 -1.837385E-03 -1.837484E-03 -8.913007E-08 -4.309704E-09 -1.048385E-19
         7   5  4.835370E-03 -1.837296E-03 -1.837505E-03  8.913007E-08  4.309703E-09  2.164425E-19
         7   6  4.835370E-03 -1.837385E-03 -1.837484E-03  8.913007E-08  4.309704E-09 -1.724765E-19
         7   7  4.835370E-03 -1.837296E-03 -1.837505E-03 -8.913007E-08  4.309703E-09 -4.328825E-19
         7   8  4.835370E-03 -1.837385E-03 -1.837484E-03 -8.913007E-08  4.309704E-09 -3.753905E-19
         8   1  4.835412E-03 -1.837425E-03 -1.837473E-03  1.934447E-08 -1.457981E-09 -2.806975E-19
         8   2  4.835412E-03 -1.837444E-03 -1.837466E-03  1.934447E-08 -1.457981E-09  6.763881E-21
         8   3  4.835412E-03 -1.837425E-03 -1.837473E-03 -1.934447E-08 -1.457981E-09  2.536428E-19
         8   4  4.835412E-03 -1.837444E-03 -1.837466E-03 -1.934447E-08 -1.457981E-09  6.104331E-19
         8   5  4.835412E-03 -1.837425E-03 -1.837473E-03  1.934447E-08  1.457981E-09 -5.749229E-19
         8   6  4.835412E-03 -1.837444E-03 -1.837466E-03  1.934447E-08  1.457981E-09 -4.227375E-19
         8   7  4.835412E-03 -1.837425E-03 -1.837473E-03 -1.934447E-08  1.457981E-09  7.440204E-20
         8   8  4.835412E-03 -1.837444E-03 -1.837466E-03 -1.934447E-08  1.457981E-09  4.802300E-19
         9   1  4.835420E-03 -1.837453E-03 -1.837463E-03  4.141101E-09 -2.449576E-10  3.720093E-20
         9   2  4.835420E-03 -1.837457E-03 -1.837462E-03  4.141101E-09 -2.449576E-10  1.099118E-19
         9   3  4.835420E-03 -1.837453E-03 -1.837463E-03 -4.141101E-09 -2.449576E-10  3.686272E-19
         9   4  4.835420E-03 -1.837457E-03 -1.837462E-03 -4.141101E-09 -2.449576E-10  6.577797E-19
         9   5  4.835420E-03 -1.837453E-03 -1.837463E-03  4.141101E-09  2.449576E-10 -4.058278E-20
         9   6  4.835420E-03 -1.837457E-03 -1.837462E-03  4.141101E-09  2.449576E-10  1.454217E-19
         9   7  4.835420E-03 -1.837453E-03 -1.837463E-03 -4.141101E-09  2.449576E-10  1.826227E-19
         9   8  4.835420E-03 -1.837457E-03 -1.837462E-03 -4.141101E-09  2.449576E-10  7.135810E-19
        10   1  4.835422E-03 -1.837459E-03 -1.837461E-03  8.938617E-10 -6.162305E-11  1.488036E-19
        10   2  4.835422E-03 -1.837460E-03 -1.837461E-03  8.938617E-10 -6.162305E-11 -3.635543E-19
        10   3  4.835422E-03 -1.837459E-03 -1.837461E-03 -8.938617E-10 -6.162305E-11  3.618634E-19
        10   4  4.835422E-03 -1.837460E-03 -1.837461E-03 -8.938617E-10 -6.162305E-11  4.430290E-19
        10   5  4.835422E-03 -1.837459E-03 -1.837461E-03  8.938617E-10  6.162305E-11  2.029140E-20
        10   6  4.835422E-03 -1.837460E-03 -1.837461E-03  8.938617E-10  6.162305E-11 -4.058281E-20
        10   7  4.835422E-03 -1.837459E-03 -1.837461E-03 -8.938617E-10  6.162304E-11  3.990643E-19
        10   8  4.835422E-03 -1.837460E-03 -1.837461E-03 -8.938617E-10  6.162305E-11  3.178986E-19
        11   1  4.835423E-03 -1.837460E-03 -1.837461E-03  1.919810E-10 -1.210488E-11  3.381900E-21
        11   2  4.835423E-03 -1.837460E-03 -1.837461E-03  1.919810E-10 -1.210487E-11  3.178986E-19
        11   3  4.835423E-03 -1.837460E-03 -1.837461E-03 -1.919810E-10 -1.210488E-11  3.753910E-19
        11   4  4.835423E-03 -1.837460E-03 -1.837461E-03 -1.919810E-10 -1.210487E-11  2.257419E-19
        11   5  4.835423E-03 -1.837460E-03 -1.837461E-03  1.919810E-10  1.210488E-11  8.792941E-20
        11   6  4.835423E-03 -1.837460E-03 -1.837461E-03  1.919810E-10  1.210487E-11  4.667023E-19
        11   7  4.835423E-03 -1.837460E-03 -1.837461E-03 -1.919810E-10  1.210487E-11  3.043710E-19
        11   8  4.835423E-03 -1.837460E-03 -1.837461E-03 -1.919810E-10  1.210487E-11  2.130597E-19
        12   1  4.835423E-03 -1.837461E-03 -1.837461E-03  4.135714E-11 -2.754449E-12  4.599385E-19
        12   2  4.835423E-03 -1.837461E-03 -1.837461E-03  4.135714E-11 -2.754455E-12 -1.876955E-19
        12   3  4.835423E-03 -1.837461E-03 -1.837461E-03 -4.135714E-11 -2.754454E-12  1.826226E-19
        12   4  4.835423E-03 -1.837461E-03 -1.837461E-03 -4.135715E-11 -2.754439E-12  4.523292E-19
        12   5  4.835423E-03 -1.837461E-03 -1.837461E-03  4.135715E-11  2.754442E-12  8.251837E-19
        12   6  4.835423E-03 -1.837461E-03 -1.837461E-03  4.135715E-11  2.754437E-12 -1.183665E-19
        12   7  4.835423E-03 -1.837461E-03 -1.837461E-03 -4.135714E-11  2.754432E-12  3.314262E-19
        12   8  4.835423E-03 -1.837461E-03 -1.837461E-03 -4.135714E-11  2.754441E-12  2.604063E-19
        13   1  4.835423E-03 -1.837461E-03 -1.837461E-03  8.893003E-12 -5.732876E-13 -5.478679E-19
        13   2  4.835423E-03 -1.837461E-03 -1.837461E-03  8.893004E-12 -5.732848E-13 -8.141925E-19
        13   3  4.835423E-03 -1.837461E-03 -1.837461E-03 -8.893002E-12 -5.732941E-13  2.570244E-19
        13   4  4.835423E-03 -1.837461E-03 -1.837461E-03 -8.893002E-12 -5.732828E-13 -5.504043E-19
        13   5  4.835423E-03 -1.837461E-03 -1.837461E-03  8.893004E-12  5.732829E-13 -4.531747E-19
        13   6  4.835423E-03 -1.837461E-03 -1.837461E-03  8.893002E-12  5.732912E-13 -9.706054E-19
        13   7  4.835423E-03 -1.837461E-03 -1.837461E-03 -8.893001E-12  5.732726E-13  5.749231E-19
        13   8  4.835423E-03 -1.837461E-03 -1.837461E-03 -8.893002E-12  5.732848E-13 -6.459430E-19
        14   1  4.835423E-03 -1.837461E-03 -1.837461E-03  1.913541E-12 -1.258145E-13 -1.072062E-18
        14   2  4.835423E-03 -1.837461E-03 -1.837461E-03  1.913542E-12 -1.258221E-13 -6.349518E-19
        14   3  4.835423E-03 -1.837461E-03 -1.837461E-03 -1.913537E-12 -1.258182E-13 -5.309584E-19
        14   4  4.835423E-03 -1.837461E-03 -1.837461E-03 -1.913538E-12 -1.258112E-13  2.899980E-19
        14   5  4.835423E-03 -1.837461E-03 -1.837461E-03  1.913538E-12  1.258207E-13 -9.875149E-19
        14   6  4.835423E-03 -1.837461E-03 -1.837461E-03  1.913537E-12  1.258259E-13 -6.966715E-19
        14   7  4.835423E-03 -1.837461E-03 -1.837461E-03 -1.913540E-12  1.258175E-13 -4.937575E-19
        14   8  4.835423E-03 -1.837461E-03 -1.837461E-03 -1.913541E-12  1.258279E-13  4.396471E-19
        15   1  4.835423E-03 -1.837461E-03 -1.837461E-03  4.077422E-13 -2.649676E-14 -6.865258E-19
        15   2  4.835423E-03 -1.837461E-03 -1.837461E-03  4.077402E-13 -2.650199E-14 -4.362652E-19
        15   3  4.835423E-03 -1.837461E-03 -1.837461E-03 -4.077388E-13 -2.649605E-14  4.430290E-19
        15   4  4.835423E-03 -1.837461E-03 -1.837461E-03 -4.077413E-13 -2.648472E-14  6.924441E-19
        15   5  4.835423E-03 -1.837461E-03 -1.837461E-03  4.077391E-13  2.648719E-14 -5.072851E-19
        15   6  4.835423E-03 -1.837461E-03 -1.837461E-03  4.077386E-13  2.648871E-14 -2.333511E-19
        15   7  4.835423E-03 -1.837461E-03 -1.837461E-03 -4.077418E-13  2.648872E-14  6.290335E-19
        15   8  4.835423E-03 -1.837461E-03 -1.837461E-03 -4.077434E-13  2.649654E-14  3.753910E-19
        16   1  4.835423E-03 -1.837461E-03 -1.837461E-03  6.956270E-14 -4.552512E-15 -4.971394E-19
        16   2  4.835423E-03 -1.837461E-03 -1.837461E-03  6.956363E-14 -4.558177E-15 -3.339627E-19
        16   3  4.835423E-03 -1.837461E-03 -1.837461E-03 -6.956326E-14 -4.560520E-15  4.227376E-19
        16   4  4.835423E-03 -1.837461E-03 -1.837461E-03 -6.956348E-14 -4.557905E-15 -2.578699E-19
        16   5  4.835423E-03 -1.837461E-03 -1.837461E-03  6.956304E-14  4.558860E-15 -5.546317E-19
        16   6  4.835423E-03 -1.837461E-03 -1.837461E-03  6.956239E-14  4.550580E-15  1.995321E-19
        16   7  4.835423E-03 -1.837461E-03 -1.837461E-03 -6.956326E-14  4.555204E-15  6.831439E-19
        16   8  4.835423E-03 -1.837461E-03 -1.837461E-03 -6.956369E-14  4.563074E-15  1.048389E-19

                                INCREMENT     7


 forces (fx,fy,fz) for set RIGHT and time  0.5750000E+00

        65  1.840790E+01  1.546340E-15  5.454234E-15
        66  1.840790E+01 -5.622669E-16  5.424773E-17
        67  1.840790E+01 -3.162638E-15 -2.882733E-15
        68  1.840790E+01  1.545278E-15 -1.124440E-14

 displacements (vx,vy,vz) for set RIGHT and time  0.5750000E+00

        65  1.150000E-01  5.569718E-03  1.113944E-03
        66  1.150000E-01 -5.569718E-03  1.113944E-03
        67  1.150000E-01 -5.569718E-03 -1.113944E-03
        68  1.150000E-01  5.569718E-03 -1.113944E-03

 stresses (elem, integ.pnt.,sxx,syy,szz,sxy,sxz,syz) for set ALL and time  0.5750000E+00

         1   1  1.845932E+01  9.525825E+00  9.093320E+00  1.795704E+00  5.953674E-01  2.280400E-03
         1   2  1.104970E+01  4.088409E-01 -1.169574E+00  1.782503E+00  5.902403E-01  2.271209E-03
         1   3  1.845932E+01  9.525825E+00  9.093320E+00 -1.795704E+00  5.953674E-01 -2.280400E-03
         1   4  1.104970E+01  4.088409E-01 -1.169574E+00 -1.782503E+00  5.902403E-01 -2.271209E-03
         1   5  1.845932E+01  9.525825E+00  9.093320E+00  1.795704E+00 -5.953674E-01 -2.280400E-03
         1   6  1.104970E+01  4.088409E-01 -1.169574E+00  1.782503E+00 -5.902403E-01 -2.271209E-03
         1   7  1.845932E+01  9.525825E+00  9.093320E+00 -1.795704E+00 -5.953674E-01  2.280400E-03
         1   8  1.104970E+01  4.088409E-01 -1.169574E+00 -1.782503E+00 -5.902403E-01  2.271209E-03
         2   1  1.467532E+01  7.603934E-01 -8.463507E-01  4.640512E-01 -1.223883E-01 -1.217291E-04
         2   2  1.490740E+01  5.366608E-01 -1.973310E-02  4.638999E-01 -1.224896E-01 -1.217444E-04
         2   3  1.467532E+01  7.603934E-01 -8.463507E-01 -4.640512E-01 -1.223883E-01  1.217291E-04
         2   4  1.490740E+01  5.366608E-01 -1.973310E-02 -4.638999E-01 -1.224896E-01  1.217444E-04
         2   5  1.467532E+01  7.603934E-01 -8.463507E-01  4.640512E-01  1.223883E-01  1.217291E-04
         2   6  1.490740E+01  5.366608E-01 -1.973310E-02  4.638999E-01  1.224896E-01  1.217444E-04
         2   7  1.467532E+01  7.603934E-01 -8.463507E-01 -4.640512E-01  1.223883E-01 -1.217291E-04
         2   8  1.490740E+01  5.366608E-01 -1.973310E-02 -4.638999E-01  1.224896E-01 -1.217444E-04
         3   1  1.488513E+01  3.311517E-01  1.811621E-01  8.997508E-02  6.063212E-03  1.168879E-06
         3   2  1.469720E+01  5.740074E-02 -3.431944E-02  8.995394E-02  6.062175E-03  1.168760E-06
         3   3  1.488513E+01  3.311517E-01  1.811621E-01 -8.997508E-02  6.063212E-03 -1.168879E-06
         3   4  1.469720E+01  5.740074E-02 -3.431944E-02 -8.995394E-02  6.062175E-03 -1.168760E-06
         3   5  1.488513E+01  3.311517E-01  1.811621E-01  8.997508E-02 -6.063212E-03 -1.168879E-06
         3   6  1.469720E+01  5.740074E-02 -3.431944E-02  8.995394E-02 -6.062175E-03 -1.168760E-06
         3   7  1.488513E+01  3.311517E-01  1.811621E-01 -8.997508E-02 -6.063212E-03  1.168879E-06
         3   8  1.469720E+01  5.740074E-02 -3.431944E-02 -8.995394E-02 -6.062175E-03  1.168760E-06
         4   1  1.479689E+01  4.972887E-02 -8.078131E-03  2.071019E-02 -2.901313E-03 -1.287567E-07
         4   2  1.478720E+01  1.992515E-02 -3.504580E-03  2.070958E-02 -2.901337E-03 -1.287560E-07
         4   3  1.479689E+01  4.972887E-02 -8.078131E-03 -2.071019E-02 -2.901313E-03  1.287567E-07
         4   4  1.478720E+01  1.992515E-02 -3.504580E-03 -2.070958E-02 -2.901337E-03  1.287560E-07
         4   5  1.479689E+01  4.972887E-02 -8.078131E-03  2.071019E-02  2.901313E-03  1.287567E-07
         4   6  1.478720E+01  1.992515E-02 -3.504580E-03  2.070958E-02  2.901337E-03  1.287560E-07
         4   7  1.479689E+01  4.972887E-02 -8.078131E-03 -2.071019E-02  2.901313E-03 -1.287567E-07
         4   8  1.478720E+01  1.992515E-02 -3.504580E-03 -2.070958E-02  2.901337E-03 -1.287560E-07
         5   1  1.479516E+01  1.353541E-02  4.368178E-03  4.297526E-03 -8.032995E-05 -7.397552E-10
         5   2  1.478907E+01  3.319205E-03 -1.260945E-03  4.297487E-03 -8.032963E-05 -7.397528E-10
         5   3  1.479516E+01  1.353541E-02  4.368178E-03 -4.297526E-03 -8.032995E-05  7.397537E-10
         5   4  1.478907E+01  3.319205E-03 -1.260945E-03 -4.297487E-03 -8.032963E-05  7.397508E-10
         5   5  1.479516E+01  1.353541E-02  4.368178E-03  4.297526E-03  8.032995E-05  7.397541E-10
         5   6  1.478907E+01  3.319205E-03 -1.260945E-03  4.297487E-03  8.032963E-05  7.397522E-10
         5   7  1.479516E+01  1.353541E-02  4.368178E-03 -4.297526E-03  8.032995E-05 -7.397538E-10
         5   8  1.478907E+01  3.319205E-03 -1.260945E-03 -4.297487E-03  8.032963E-05 -7.397516E-10
         6   1  1.479255E+01  2.555205E-03  1.502901E-04  9.488426E-04 -8.801036E-05 -1.789464E-10
         6   2  1.479175E+01  8.426519E-04 -2.065164E-04  9.488411E-04 -8.801035E-05 -1.789454E-10
         6   3  1.479255E+01  2.555205E-03  1.502901E-04 -9.488426E-04 -8.801036E-05  1.789452E-10
         6   4  1.479175E+01  8.426519E-04 -2.065164E-04 -9.488411E-04 -8.801035E-05  1.789455E-10
         6   5  1.479255E+01  2.555205E-03  1.502901E-04  9.488426E-04  8.801036E-05  1.789448E-10
         6   6  1.479175E+01  8.426519E-04 -2.065164E-04  9.488411E-04  8.801035E-05  1.789456E-10
         6   7  1.479255E+01  2.555205E-03  1.502901E-04 -9.488426E-04  8.801036E-05 -1.789452E-10
         6   8  1.479175E+01  8.426519E-04 -2.065164E-04 -9.488411E-04  8.801035E-05 -1.789441E-10
         7   1  1.479227E+01  5.983096E-04  1.350314E-04  2.018087E-04 -9.822684E-06 -4.248323E-12
         7   2  1.479203E+01  1.653209E-04 -5.302415E-05  2.018086E-04 -9.822683E-06 -4.248560E-12
         7   3  1.479227E+01  5.983096E-04  1.350314E-04 -2.018087E-04 -9.822684E-06  4.247958E-12
         7   4  1.479203E+01  1.653209E-04 -5.302415E-05 -2.018086E-04 -9.822683E-06  4.248072E-12
         7   5  1.479227E+01  5.983096E-04  1.350314E-04  2.018087E-04  9.822684E-06  4.247398E-12
         7   6  1.479203E+01  1.653209E-04 -5.302415E-05  2.018086E-04  9.822683E-06  4.246180E-12
         7   7  1.479227E+01  5.983096E-04  1.350314E-04 -2.018087E-04  9.822684E-06 -4.247495E-12
         7   8  1.479203E+01  1.653209E-04 -5.302415E-05 -2.018086E-04  9.822683E-06 -4.248305E-12
         8   1  1.479218E+01  1.229311E-04  1.582644E-05  4.389548E-05 -3.305618E-06 -3.120157E-13
         8   2  1.479213E+01  3.778590E-05 -1.033740E-05  4.389548E-05 -3.305618E-06 -3.115073E-13
         8   3  1.479218E+01  1.229311E-04  1.582644E-05 -4.389548E-05 -3.305618E-06  3.112850E-13
         8   4  1.479213E+01  3.778590E-05 -1.033740E-05 -4.389548E-05 -3.305618E-06  3.120096E-13
         8   5  1.479218E+01  1.229311E-04  1.582644E-05  4.389548E-05  3.305618E-06  3.097872E-13
         8   6  1.479213E+01  3.778590E-05 -1.033740E-05  4.389548E-05  3.305618E-06  3.098176E-13
         8   7  1.479218E+01  1.229311E-04  1.582644E-05 -4.389548E-05  3.305618E-06 -3.111998E-13
         8   8  1.479213E+01  3.778590E-05 -1.033740E-05 -4.389548E-05  3.305618E-06 -3.104509E-13
         9   1  1.479216E+01  2.730690E-05  5.136771E-06  9.419871E-06 -5.591504E-07 -1.084830E-14
         9   2  1.479215E+01  7.874012E-06 -2.372058E-06  9.419871E-06 -5.591504E-07 -1.018463E-14
         9   3  1.479216E+01  2.730690E-05  5.136771E-06 -9.419871E-06 -5.591504E-07  1.199298E-14
         9   4  1.479215E+01  7.874012E-06 -2.372058E-06 -9.419871E-06 -5.591504E-07  1.277842E-14
         9   5  1.479216E+01  2.730690E-05  5.136771E-06  9.419871E-06  5.591504E-07  1.043427E-14
         9   6  1.479215E+01  7.874012E-06 -2.372058E-06  9.419871E-06  5.591504E-07  1.159112E-14
         9   7  1.479216E+01  2.730690E-05  5.136771E-06 -9.419871E-06  5.591504E-07 -1.077524E-14
         9   8  1.479215E+01  7.874012E-06 -2.372058E-06 -9.419871E-06  5.591504E-07 -1.127451E-14
        10   1  1.479216E+01  5.786997E-06  8.846137E-07  2.037913E-06 -1.405340E-07 -2.970934E-16
        10   2  1.479215E+01  1.734054E-06 -4.931602E-07  2.037913E-06 -1.405340E-07 -4.127786E-16
        10   3  1.479216E+01  5.786997E-06  8.846137E-07 -2.037913E-06 -1.405340E-07  2.172411E-15
        10   4  1.479215E+01  1.734054E-06 -4.931602E-07 -2.037913E-06 -1.405340E-07  1.796434E-15
        10   5  1.479216E+01  5.786997E-06  8.846137E-07  2.037913E-06  1.405340E-07  9.303174E-16
        10   6  1.479215E+01  1.734054E-06 -4.931602E-07  2.037913E-06  1.405340E-07 -9.328223E-16
        10   7  1.479216E+01  5.786997E-06  8.846137E-07 -2.037913E-06  1.405340E-07  3.848401E-16
        10   8  1.479215E+01  1.734054E-06 -4.931602E-07 -2.037913E-06  1.405340E-07 -5.649958E-16
        11   1  1.479215E+01  1.261478E-06  2.197367E-07  4.387460E-07 -2.772795E-08 -3.244148E-16
        11   2  1.479215E+01  3.693776E-07 -1.087592E-07  4.387460E-07 -2.772795E-08  1.579823E-15
        11   3  1.479215E+01  1.261478E-06  2.197367E-07 -4.387460E-07 -2.772794E-08  1.122033E-15
        11   4  1.479215E+01  3.693776E-07 -1.087592E-07 -4.387460E-07 -2.772795E-08  1.006554E-16
        11   5  1.479215E+01  1.261478E-06  2.197367E-07  4.387460E-07  2.772796E-08 -9.570485E-17
        11   6  1.479215E+01  3.693776E-07 -1.087592E-07  4.387460E-07  2.772796E-08  4.948982E-16
        11   7  1.479215E+01  1.261478E-06  2.197367E-07 -4.387460E-07  2.772795E-08  4.699534E-17
        11   8  1.479215E+01  3.693776E-07 -1.087592E-07 -4.387460E-07  2.772797E-08  1.017936E-16
        12   1  1.479215E+01  2.703576E-07  4.364381E-08  9.473480E-08 -6.315244E-09  1.557423E-15
        12   2  1.479215E+01  8.026982E-08 -2.314777E-08  9.473480E-08 -6.315258E-09 -2.661401E-16
        12   3  1.479215E+01  2.703576E-07  4.364383E-08 -9.473480E-08 -6.315250E-09  6.345060E-16
        12   4  1.479215E+01  8.026985E-08 -2.314775E-08 -9.473480E-08 -6.315228E-09  5.172986E-16
        12   5  1.479215E+01  2.703576E-07  4.364383E-08  9.473480E-08  6.315251E-09  4.640226E-16
        12   6  1.479215E+01  8.026984E-08 -2.314776E-08  9.473480E-08  6.315234E-09 -1.186013E-15
        12   7  1.479215E+01  2.703576E-07  4.364384E-08 -9.473480E-08  6.315252E-09  4.742752E-17
        12   8  1.479215E+01  8.026984E-08 -2.314776E-08 -9.473480E-08  6.315260E-09 -3.787809E-16
        13   1  1.479215E+01  5.853598E-08  9.899189E-09  2.041901E-08 -1.318680E-09 -1.619650E-15
        13   2  1.479215E+01  1.723643E-08 -5.032596E-09  2.041901E-08 -1.318687E-09 -3.851675E-16
        13   3  1.479215E+01  5.853597E-08  9.899177E-09 -2.041901E-08 -1.318717E-09  3.288471E-16
        13   4  1.479215E+01  1.723642E-08 -5.032616E-09 -2.041901E-08 -1.318693E-09 -1.810809E-16
        13   5  1.479215E+01  5.853597E-08  9.899186E-09  2.041901E-08  1.318718E-09 -1.729131E-15
        13   6  1.479215E+01  1.723643E-08 -5.032601E-09  2.041901E-08  1.318707E-09 -1.394253E-15
        13   7  1.479215E+01  5.853598E-08  9.899191E-09 -2.041901E-08  1.318693E-09  1.217161E-16
        13   8  1.479215E+01  1.723643E-08 -5.032603E-09 -2.041901E-08  1.318705E-09 -8.829180E-16
        14   1  1.479215E+01  1.259804E-08  2.071655E-09  4.403866E-09 -2.899069E-10 -3.044373E-16
        14   2  1.479215E+01  3.733335E-09 -1.079316E-09  4.403868E-09 -2.899401E-10  2.280212E-15
        14   3  1.479215E+01  1.259805E-08  2.071655E-09 -4.403858E-09 -2.899011E-10 -2.070128E-16
        14   4  1.479215E+01  3.733340E-09 -1.079316E-09 -4.403856E-09 -2.899059E-10  6.088719E-16
        14   5  1.479215E+01  1.259800E-08  2.071616E-09  4.403857E-09  2.899313E-10 -8.524141E-16
        14   6  1.479215E+01  3.733298E-09 -1.079352E-09  4.403859E-09  2.899249E-10  1.260362E-15
        14   7  1.479215E+01  1.259802E-08  2.071623E-09 -4.403869E-09  2.899143E-10 -8.280648E-16
        14   8  1.479215E+01  3.733331E-09 -1.079327E-09 -4.403865E-09  2.899285E-10 -2.009296E-16
        15   1  1.479215E+01  2.728660E-09  4.527696E-10  9.405334E-10 -6.119970E-11  2.904306E-15
        15   2  1.479215E+01  8.299473E-10 -2.291248E-10  9.405332E-10 -6.121316E-11  1.403443E-15
        15   3  1.479215E+01  2.728655E-09  4.527520E-10 -9.405288E-10 -6.122225E-11  2.983460E-16
        15   4  1.479215E+01  8.299349E-10 -2.291513E-10 -9.405299E-10 -6.118741E-11  6.682340E-16
        15   5  1.479215E+01  2.728645E-09  4.527520E-10  9.405314E-10  6.121355E-11  2.021446E-15
        15   6  1.479215E+01  8.299296E-10 -2.291425E-10  9.405310E-10  6.121355E-11  2.435478E-16
        15   7  1.479215E+01  2.728657E-09  4.527537E-10 -9.405314E-10  6.119315E-11 -7.062884E-16
        15   8  1.479215E+01  8.299384E-10 -2.291478E-10 -9.405310E-10  6.119938E-11  6.149577E-16
        16   1  1.479215E+01  6.236503E-10  8.623418E-11  1.607420E-10 -1.054113E-11 -5.845144E-16
        16   2  1.479215E+01  2.997949E-10 -2.924216E-11  1.607485E-10 -1.054905E-11 -1.187295E-16
        16   3  1.479215E+01  6.236751E-10  8.624831E-11 -1.607488E-10 -1.055138E-11  8.767716E-16
        16   4  1.479215E+01  2.998249E-10 -2.922097E-11 -1.607429E-10 -1.053554E-11  2.557251E-16
        16   5  1.479215E+01  6.236556E-10  8.623948E-11  1.607452E-10  1.054983E-11 -1.193384E-15
        16   6  1.479215E+01  2.997984E-10 -2.923863E-11  1.607472E-10  1.052845E-11 -1.296891E-15
        16   7  1.479215E+01  6.236698E-10  8.624301E-11 -1.607477E-10  1.054090E-11 -3.409667E-16
        16   8  1.479215E+01  2.998002E-10 -2.924570E-11 -1.607445E-10  1.054407E-11 -9.863681E-16

 strains (elem, integ.pnt.,exx,eyy,ezz,exy,exz,eyz) for set ALL and time  0.5750000E+00

         1   1  4.502140E-03 -3.554556E-04 -5.894598E-04  9.709502E-04  3.219919E-04 -3.222856E-20
         1   2  4.502140E-03 -1.325934E-03 -2.198122E-03  9.700067E-04  3.214729E-04 -7.518008E-20
         1   3  4.502140E-03 -3.554556E-04 -5.894598E-04 -9.709502E-04  3.219919E-04 -1.541579E-19
         1   4  4.502140E-03 -1.325934E-03 -2.198122E-03 -9.700067E-04  3.214729E-04 -8.872528E-19
         1   5  4.502140E-03 -3.554556E-04 -5.894598E-04  9.709502E-04 -3.219919E-04  7.443784E-20
         1   6  4.502140E-03 -1.325934E-03 -2.198122E-03  9.700067E-04 -3.214729E-04  2.561262E-19
         1   7  4.502140E-03 -3.554556E-04 -5.894598E-04 -9.709502E-04 -3.219919E-04 -6.103925E-20
         1   8  4.502140E-03 -1.325934E-03 -2.198122E-03 -9.700067E-04 -3.214729E-04 -5.559466E-19
         2   1  5.823774E-03 -1.772951E-03 -2.664829E-03  2.514264E-04 -6.636842E-05 -4.190587E-20
         2   2  5.823774E-03 -2.024345E-03 -2.332931E-03  2.513629E-04 -6.639057E-05 -4.899798E-20
         2   3  5.823774E-03 -1.772951E-03 -2.664829E-03 -2.514264E-04 -6.636842E-05 -8.942121E-19
         2   4  5.823774E-03 -2.024345E-03 -2.332931E-03 -2.513629E-04 -6.639057E-05 -3.465494E-19
         2   5  5.823774E-03 -1.772951E-03 -2.664829E-03  2.514264E-04  6.636842E-05  3.635366E-19
         2   6  5.823774E-03 -2.024345E-03 -2.332931E-03  2.513629E-04  6.639057E-05  4.893102E-19
         2   7  5.823774E-03 -1.772951E-03 -2.664829E-03 -2.514264E-04  6.636842E-05 -4.481721E-19
         2   8  5.823774E-03 -2.024345E-03 -2.332931E-03 -2.513629E-04  6.639057E-05  2.120484E-19
         3   1  5.815644E-03 -2.134194E-03 -2.217435E-03  4.875940E-05  3.286049E-06 -3.113146E-19
         3   2  5.815644E-03 -2.182952E-03 -2.233865E-03  4.875701E-05  3.285995E-06  1.240445E-19
         3   3  5.815644E-03 -2.134194E-03 -2.217435E-03 -4.875940E-05  3.286049E-06  2.001232E-20
         3   4  5.815644E-03 -2.182952E-03 -2.233865E-03 -4.875701E-05  3.285995E-06 -3.602448E-19
         3   5  5.815644E-03 -2.134194E-03 -2.217435E-03  4.875940E-05 -3.286049E-06  2.701504E-19
         3   6  5.815644E-03 -2.182952E-03 -2.233865E-03  4.875701E-05 -3.285995E-06  4.155973E-19
         3   7  5.815644E-03 -2.134194E-03 -2.217435E-03 -4.875940E-05 -3.286049E-06  1.890067E-19
         3   8  5.815644E-03 -2.182952E-03 -2.233865E-03 -4.875701E-05 -3.285995E-06  7.536701E-19
         4   1  5.851917E-03 -2.204906E-03 -2.237001E-03  1.122414E-05 -1.572450E-06  2.365125E-19
         4   2  5.851917E-03 -2.216130E-03 -2.229138E-03  1.122401E-05 -1.572463E-06 -3.977825E-20
         4   3  5.851917E-03 -2.204906E-03 -2.237001E-03 -1.122414E-05 -1.572450E-06 -4.125728E-19
         4   4  5.851917E-03 -2.216130E-03 -2.229138E-03 -1.122401E-05 -1.572463E-06 -3.076920E-19
         4   5  5.851917E-03 -2.204906E-03 -2.237001E-03  1.122414E-05  1.572450E-06  1.215479E-19
         4   6  5.851917E-03 -2.216130E-03 -2.229138E-03  1.122401E-05  1.572463E-06  2.027731E-19
         4   7  5.851917E-03 -2.204906E-03 -2.237001E-03 -1.122414E-05  1.572450E-06  7.165428E-19
         4   8  5.851917E-03 -2.216130E-03 -2.229138E-03 -1.122401E-05  1.572463E-06 -1.048627E-19
         5   1  5.854813E-03 -2.221091E-03 -2.226181E-03  2.329125E-06 -4.353654E-08 -5.544421E-19
         5   2  5.854813E-03 -2.223420E-03 -2.225963E-03  2.329120E-06 -4.353655E-08 -5.502055E-19
         5   3  5.854813E-03 -2.221091E-03 -2.226181E-03 -2.329125E-06 -4.353654E-08 -2.839942E-19
         5   4  5.854813E-03 -2.223420E-03 -2.225963E-03 -2.329120E-06 -4.353655E-08 -5.231607E-19
         5   5  5.854813E-03 -2.221091E-03 -2.226181E-03  2.329125E-06  4.353654E-08 -5.411612E-20
         5   6  5.854813E-03 -2.223420E-03 -2.225963E-03  2.329120E-06  4.353655E-08  2.197230E-19
         5   7  5.854813E-03 -2.221091E-03 -2.226181E-03 -2.329125E-06  4.353654E-08  2.163317E-19
         5   8  5.854813E-03 -2.223420E-03 -2.225963E-03 -2.329120E-06  4.353655E-08  1.115441E-19
         6   1  5.856076E-03 -2.224461E-03 -2.225796E-03  5.142447E-07 -4.769908E-08 -5.341409E-19
         6   2  5.856076E-03 -2.224975E-03 -2.225558E-03  5.142444E-07 -4.769909E-08 -1.183584E-20
         6   3  5.856076E-03 -2.224461E-03 -2.225796E-03 -5.142447E-07 -4.769908E-08 -1.555152E-19
         6   4  5.856076E-03 -2.224975E-03 -2.225558E-03 -5.142444E-07 -4.769909E-08  8.451084E-20
         6   5  5.856076E-03 -2.224461E-03 -2.225796E-03  5.142447E-07  4.769908E-08 -3.651119E-19
         6   6  5.856076E-03 -2.224975E-03 -2.225558E-03  5.142444E-07  4.769909E-08  1.419807E-19
         6   7  5.856076E-03 -2.224461E-03 -2.225796E-03 -5.142447E-07  4.769908E-08  1.352149E-19
         6   8  5.856076E-03 -2.224975E-03 -2.225558E-03 -5.142444E-07  4.769909E-08  6.997772E-19
         7   1  5.856266E-03 -2.225204E-03 -2.225461E-03  1.093744E-07 -5.323610E-09 -2.974930E-19
         7   2  5.856266E-03 -2.225313E-03 -2.225434E-03  1.093744E-07 -5.323610E-09 -4.293347E-19
         7   3  5.856266E-03 -2.225204E-03 -2.225461E-03 -1.093744E-07 -5.323610E-09  9.465477E-20
         7   4  5.856266E-03 -2.225313E-03 -2.225434E-03 -1.093744E-07 -5.323610E-09  1.580417E-19
         7   5  5.856266E-03 -2.225204E-03 -2.225461E-03  1.093744E-07  5.323610E-09 -2.163590E-19
         7   6  5.856266E-03 -2.225313E-03 -2.225434E-03  1.093744E-07  5.323610E-09 -8.924747E-19
         7   7  5.856266E-03 -2.225204E-03 -2.225461E-03 -1.093744E-07  5.323610E-09  1.622664E-19
         7   8  5.856266E-03 -2.225313E-03 -2.225434E-03 -1.093744E-07  5.323610E-09 -2.873502E-19
         8   1  5.856317E-03 -2.225362E-03 -2.225421E-03  2.379007E-08 -1.791549E-09 -6.017442E-19
         8   2  5.856317E-03 -2.225385E-03 -2.225412E-03  2.379007E-08 -1.791549E-09 -3.194654E-19
         8   3  5.856317E-03 -2.225362E-03 -2.225421E-03 -2.379007E-08 -1.791549E-09  1.960735E-19
         8   4  5.856317E-03 -2.225385E-03 -2.225412E-03 -2.379007E-08 -1.791549E-09  5.983631E-19
         8   5  5.856317E-03 -2.225362E-03 -2.225421E-03  2.379007E-08  1.791549E-09 -6.355500E-19
         8   6  5.856317E-03 -2.225385E-03 -2.225412E-03  2.379007E-08  1.791549E-09 -6.186470E-19
         8   7  5.856317E-03 -2.225362E-03 -2.225421E-03 -2.379007E-08  1.791549E-09 -1.487460E-19
         8   8  5.856317E-03 -2.225385E-03 -2.225412E-03 -2.379007E-08  1.791549E-09  2.670659E-19
         9   1  5.856327E-03 -2.225396E-03 -2.225408E-03  5.105296E-09 -3.030433E-10  2.434019E-19
         9   2  5.856327E-03 -2.225401E-03 -2.225407E-03  5.105296E-09 -3.030433E-10  6.118855E-19
         9   3  5.856327E-03 -2.225396E-03 -2.225408E-03 -5.105296E-09 -3.030433E-10  3.921476E-19
         9   4  5.856327E-03 -2.225401E-03 -2.225407E-03 -5.105296E-09 -3.030433E-10  8.282429E-19
         9   5  5.856327E-03 -2.225396E-03 -2.225408E-03  5.105296E-09  3.030433E-10 -4.732818E-19
         9   6  5.856327E-03 -2.225401E-03 -2.225407E-03  5.105296E-09  3.030433E-10  1.690291E-19
         9   7  5.856327E-03 -2.225396E-03 -2.225408E-03 -5.105296E-09  3.030433E-10  2.839689E-19
         9   8  5.856327E-03 -2.225401E-03 -2.225407E-03 -5.105296E-09  3.030433E-10  6.761094E-21
        10   1  5.856329E-03 -2.225403E-03 -2.225406E-03  1.104489E-09 -7.616537E-11  1.757903E-19
        10   2  5.856329E-03 -2.225405E-03 -2.225406E-03  1.104489E-09 -7.616536E-11  1.115592E-19
        10   3  5.856329E-03 -2.225403E-03 -2.225406E-03 -1.104489E-09 -7.616536E-11  8.654293E-19
        10   4  5.856329E-03 -2.225405E-03 -2.225406E-03 -1.104489E-09 -7.616535E-11  6.566783E-19
        10   5  5.856329E-03 -2.225403E-03 -2.225406E-03  1.104489E-09  7.616536E-11  1.757903E-19
        10   6  5.856329E-03 -2.225405E-03 -2.225406E-03  1.104489E-09  7.616536E-11 -8.586682E-19
        10   7  5.856329E-03 -2.225403E-03 -2.225406E-03 -1.104489E-09  7.616537E-11  5.544156E-19
        10   8  5.856329E-03 -2.225405E-03 -2.225406E-03 -1.104489E-09  7.616536E-11  2.704465E-20
        11   1  5.856330E-03 -2.225405E-03 -2.225406E-03  2.377876E-10 -1.502774E-11 -1.656486E-19
        11   2  5.856330E-03 -2.225405E-03 -2.225405E-03  2.377876E-10 -1.502774E-11  8.916289E-19
        11   3  5.856330E-03 -2.225405E-03 -2.225406E-03 -2.377876E-10 -1.502774E-11  6.085050E-19
        11   4  5.856330E-03 -2.225405E-03 -2.225405E-03 -2.377876E-10 -1.502774E-11  4.141214E-20
        11   5  5.856330E-03 -2.225405E-03 -2.225406E-03  2.377876E-10  1.502775E-11 -6.761168E-20
        11   6  5.856330E-03 -2.225405E-03 -2.225405E-03  2.377876E-10  1.502775E-11  2.603049E-19
        11   7  5.856330E-03 -2.225405E-03 -2.225406E-03 -2.377876E-10  1.502774E-11  4.056699E-20
        11   8  5.856330E-03 -2.225405E-03 -2.225405E-03 -2.377876E-10  1.502775E-11  7.099225E-20
        12   1  5.856330E-03 -2.225405E-03 -2.225405E-03  5.134351E-11 -3.422678E-12  8.654294E-19
        12   2  5.856330E-03 -2.225405E-03 -2.225405E-03  5.134351E-11 -3.422686E-12 -1.470554E-19
        12   3  5.856330E-03 -2.225405E-03 -2.225405E-03 -5.134351E-11 -3.422682E-12  3.515807E-19
        12   4  5.856330E-03 -2.225405E-03 -2.225405E-03 -5.134351E-11 -3.422670E-12  2.865044E-19
        12   5  5.856330E-03 -2.225405E-03 -2.225405E-03  5.134351E-11  3.422682E-12  2.569243E-19
        12   6  5.856330E-03 -2.225405E-03 -2.225405E-03  5.134351E-11  3.422673E-12 -6.592138E-19
        12   7  5.856330E-03 -2.225405E-03 -2.225405E-03 -5.134351E-11  3.422683E-12  2.704466E-20
        12   8  5.856330E-03 -2.225405E-03 -2.225405E-03 -5.134351E-11  3.422687E-12 -2.095962E-19
        13   1  5.856330E-03 -2.225405E-03 -2.225405E-03  1.106651E-11 -7.146863E-13 -8.992352E-19
        13   2  5.856330E-03 -2.225405E-03 -2.225405E-03  1.106651E-11 -7.146900E-13 -2.138219E-19
        13   3  5.856330E-03 -2.225405E-03 -2.225405E-03 -1.106651E-11 -7.147062E-13  1.825515E-19
        13   4  5.856330E-03 -2.225405E-03 -2.225405E-03 -1.106651E-11 -7.146931E-13 -1.005724E-19
        13   5  5.856330E-03 -2.225405E-03 -2.225405E-03  1.106651E-11  7.147071E-13 -9.600857E-19
        13   6  5.856330E-03 -2.225405E-03 -2.225405E-03  1.106651E-11  7.147010E-13 -7.741536E-19
        13   7  5.856330E-03 -2.225405E-03 -2.225405E-03 -1.106651E-11  7.146934E-13  6.761167E-20
        13   8  5.856330E-03 -2.225405E-03 -2.225405E-03 -1.106651E-11  7.146997E-13 -4.901846E-19
        14   1  5.856330E-03 -2.225405E-03 -2.225405E-03  2.386767E-12 -1.571210E-13 -1.690292E-19
        14   2  5.856330E-03 -2.225405E-03 -2.225405E-03  2.386768E-12 -1.571393E-13  1.266028E-18
        14   3  5.856330E-03 -2.225405E-03 -2.225405E-03 -2.386763E-12 -1.571181E-13 -1.149398E-19
        14   4  5.856330E-03 -2.225405E-03 -2.225405E-03 -2.386762E-12 -1.571207E-13  3.380583E-19
        14   5  5.856330E-03 -2.225405E-03 -2.225405E-03  2.386762E-12  1.571344E-13 -4.732817E-19
        14   6  5.856330E-03 -2.225405E-03 -2.225405E-03  2.386764E-12  1.571309E-13  6.997808E-19
        14   7  5.856330E-03 -2.225405E-03 -2.225405E-03 -2.386769E-12  1.571248E-13 -4.597593E-19
        14   8  5.856330E-03 -2.225405E-03 -2.225405E-03 -2.386767E-12  1.571327E-13 -1.115593E-19
        15   1  5.856330E-03 -2.225405E-03 -2.225405E-03  5.097417E-13 -3.316846E-14  1.612538E-18
        15   2  5.856330E-03 -2.225405E-03 -2.225405E-03  5.097416E-13 -3.317587E-14  7.792245E-19
        15   3  5.856330E-03 -2.225405E-03 -2.225405E-03 -5.097393E-13 -3.318085E-14  1.656486E-19
        15   4  5.856330E-03 -2.225405E-03 -2.225405E-03 -5.097399E-13 -3.316165E-14  3.710190E-19
        15   5  5.856330E-03 -2.225405E-03 -2.225405E-03  5.097406E-13  3.317594E-14  1.122354E-18
        15   6  5.856330E-03 -2.225405E-03 -2.225405E-03  5.097404E-13  3.317594E-14  1.352233E-19
        15   7  5.856330E-03 -2.225405E-03 -2.225405E-03 -5.097407E-13  3.316474E-14 -3.921477E-19
        15   8  5.856330E-03 -2.225405E-03 -2.225405E-03 -5.097405E-13  3.316817E-14  3.414389E-19
        16   1  5.856330E-03 -2.225405E-03 -2.225405E-03  8.711746E-14 -5.712987E-15 -3.245360E-19
        16   2  5.856330E-03 -2.225405E-03 -2.225405E-03  8.712100E-14 -5.717349E-15 -6.592138E-20
        16   3  5.856330E-03 -2.225405E-03 -2.225405E-03 -8.712123E-14 -5.718541E-15  4.868040E-19
        16   4  5.856330E-03 -2.225405E-03 -2.225405E-03 -8.711796E-14 -5.709817E-15  1.419845E-19
        16   5  5.856330E-03 -2.225405E-03 -2.225405E-03  8.711918E-14  5.717702E-15 -6.625943E-19
        16   6  5.856330E-03 -2.225405E-03 -2.225405E-03  8.712027E-14  5.705925E-15 -7.200643E-19
        16   7  5.856330E-03 -2.225405E-03 -2.225405E-03 -8.712064E-14  5.712861E-15 -1.893127E-19
        16   8  5.856330E-03 -2.225405E-03 -2.225405E-03 -8.711889E-14  5.714606E-15 -5.476545E-19

                                INCREMENT     8


 forces (fx,fy,fz) for set RIGHT and time  0.6750000E+00

        65  2.164189E+01 -1.817560E-15 -3.033507E-14
        66  2.164189E+01  4.244155E-15 -2.608690E-14
        67  2.164189E+01  8.965021E-15  1.675643E-14
        68  2.164189E+01 -3.566518E-15  2.901182E-14

 displacements (vx,vy,vz) for set RIGHT and time  0.6750000E+00

        65  1.350000E-01  6.542904E-03  1.308581E-03
        66  1.350000E-01 -6.542904E-03  1.308581E-03
        67  1.350000E-01 -6.542904E-03 -1.308581E-03
        68  1.350000E-01  6.542904E-03 -1.308581E-03

 stresses (elem, integ.pnt.,sxx,syy,szz,sxy,sxz,syz) for set ALL and time  0.6750000E+00

         1   1  2.170470E+01  1.118373E+01  1.067311E+01  2.115637E+00  7.020087E-01  3.149079E-03
         1   2  1.300022E+01  4.852993E-01 -1.371051E+00  2.097449E+00  6.949353E-01  3.134206E-03
         1   3  2.170470E+01  1.118373E+01  1.067311E+01 -2.115637E+00  7.020087E-01 -3.149079E-03
         1   4  1.300022E+01  4.852993E-01 -1.371051E+00 -2.097449E+00  6.949353E-01 -3.134206E-03
         1   5  2.170470E+01  1.118373E+01  1.067311E+01  2.115637E+00 -7.020087E-01 -3.149079E-03
         1   6  1.300022E+01  4.852993E-01 -1.371051E+00  2.097449E+00 -6.949353E-01 -3.134206E-03
         1   7  2.170470E+01  1.118373E+01  1.067311E+01 -2.115637E+00 -7.020087E-01  3.149079E-03
         1   8  1.300022E+01  4.852993E-01 -1.371051E+00 -2.097449E+00 -6.949353E-01  3.134206E-03
         2   1  1.726691E+01  8.944633E-01 -9.938260E-01  5.473263E-01 -1.443089E-01 -1.684181E-04
         2   2  1.753987E+01  6.314931E-01 -2.334522E-02  5.471168E-01 -1.444490E-01 -1.684430E-04
         2   3  1.726691E+01  8.944633E-01 -9.938260E-01 -5.473263E-01 -1.443089E-01  1.684181E-04
         2   4  1.753987E+01  6.314931E-01 -2.334522E-02 -5.471168E-01 -1.444490E-01  1.684430E-04
         2   5  1.726691E+01  8.944633E-01 -9.938260E-01  5.473263E-01  1.443089E-01  1.684181E-04
         2   6  1.753987E+01  6.314931E-01 -2.334522E-02  5.471168E-01  1.444490E-01  1.684430E-04
         2   7  1.726691E+01  8.944633E-01 -9.938260E-01 -5.473263E-01  1.443089E-01 -1.684181E-04
         2   8  1.753987E+01  6.314931E-01 -2.334522E-02 -5.471168E-01  1.444490E-01 -1.684430E-04
         3   1  1.751377E+01  3.899756E-01  2.127115E-01  1.064395E-01  7.109379E-03  1.612928E-06
         3   2  1.729246E+01  6.797317E-02 -4.033242E-02  1.064102E-01  7.107954E-03  1.612734E-06
         3   3  1.751377E+01  3.899756E-01  2.127115E-01 -1.064395E-01  7.109379E-03 -1.612928E-06
         3   4  1.729246E+01  6.797317E-02 -4.033242E-02 -1.064102E-01  7.107954E-03 -1.612734E-06
         3   5  1.751377E+01  3.899756E-01  2.127115E-01  1.064395E-01 -7.109379E-03 -1.612928E-06
         3   6  1.729246E+01  6.797317E-02 -4.033242E-02  1.064102E-01 -7.107954E-03 -1.612734E-06
         3   7  1.751377E+01  3.899756E-01  2.127115E-01 -1.064395E-01 -7.109379E-03  1.612928E-06
         3   8  1.729246E+01  6.797317E-02 -4.033242E-02 -1.064102E-01 -7.107954E-03  1.612734E-06
         4   1  1.741010E+01  5.878596E-02 -9.441628E-03  2.454208E-02 -3.430100E-03 -1.794541E-07
         4   2  1.739858E+01  2.355400E-02 -4.145086E-03  2.454123E-02 -3.430134E-03 -1.794529E-07
         4   3  1.741010E+01  5.878596E-02 -9.441628E-03 -2.454208E-02 -3.430100E-03  1.794541E-07
         4   4  1.739858E+01  2.355400E-02 -4.145086E-03 -2.454123E-02 -3.430134E-03  1.794529E-07
         4   5  1.741010E+01  5.878596E-02 -9.441628E-03  2.454208E-02  3.430100E-03  1.794541E-07
         4   6  1.739858E+01  2.355400E-02 -4.145086E-03  2.454123E-02  3.430134E-03  1.794529E-07
         4   7  1.741010E+01  5.878596E-02 -9.441628E-03 -2.454208E-02  3.430100E-03 -1.794541E-07
         4   8  1.739858E+01  2.355400E-02 -4.145086E-03 -2.454123E-02  3.430134E-03 -1.794529E-07
         5   1  1.740804E+01  1.601341E-02  5.140859E-03  5.106876E-03 -9.797180E-05 -1.066575E-09
         5   2  1.740084E+01  3.943389E-03 -1.488803E-03  5.106821E-03 -9.797134E-05 -1.066569E-09
         5   3  1.740804E+01  1.601341E-02  5.140859E-03 -5.106876E-03 -9.797180E-05  1.066574E-09
         5   4  1.740084E+01  3.943389E-03 -1.488803E-03 -5.106821E-03 -9.797134E-05  1.066572E-09
         5   5  1.740804E+01  1.601341E-02  5.140859E-03  5.106876E-03  9.797180E-05  1.066575E-09
         5   6  1.740084E+01  3.943389E-03 -1.488803E-03  5.106821E-03  9.797134E-05  1.066572E-09
         5   7  1.740804E+01  1.601341E-02  5.140859E-03 -5.106876E-03  9.797180E-05 -1.066576E-09
         5   8  1.740084E+01  3.943389E-03 -1.488803E-03 -5.106821E-03  9.797134E-05 -1.066572E-09
         6   1  1.740495E+01  3.033666E-03  1.808055E-04  1.129806E-03 -1.045727E-04 -2.518588E-10
         6   2  1.740401E+01  1.001321E-03 -2.450703E-04  1.129804E-03 -1.045727E-04 -2.518594E-10
         6   3  1.740495E+01  3.033666E-03  1.808055E-04 -1.129806E-03 -1.045727E-04  2.518619E-10
         6   4  1.740401E+01  1.001321E-03 -2.450703E-04 -1.129804E-03 -1.045727E-04  2.518604E-10
         6   5  1.740495E+01  3.033666E-03  1.808055E-04  1.129806E-03  1.045727E-04  2.518607E-10
         6   6  1.740401E+01  1.001321E-03 -2.450703E-04  1.129804E-03  1.045727E-04  2.518610E-10
         6   7  1.740495E+01  3.033666E-03  1.808055E-04 -1.129806E-03  1.045727E-04 -2.518583E-10
         6   8  1.740401E+01  1.001321E-03 -2.450703E-04 -1.129804E-03  1.045727E-04 -2.518578E-10
         7   1  1.740463E+01  7.113372E-04  1.596673E-04  2.409162E-04 -1.180247E-05 -6.061771E-12
         7   2  1.740435E+01  1.971943E-04 -6.293223E-05  2.409160E-04 -1.180247E-05 -6.062970E-12
         7   3  1.740463E+01  7.113372E-04  1.596673E-04 -2.409162E-04 -1.180247E-05  6.062658E-12
         7   4  1.740435E+01  1.971943E-04 -6.293223E-05 -2.409160E-04 -1.180247E-05  6.062323E-12
         7   5  1.740463E+01  7.113372E-04  1.596673E-04  2.409162E-04  1.180247E-05  6.060925E-12
         7   6  1.740435E+01  1.971943E-04 -6.293223E-05  2.409160E-04  1.180247E-05  6.059356E-12
         7   7  1.740463E+01  7.113372E-04  1.596673E-04 -2.409162E-04  1.180247E-05 -6.060001E-12
         7   8  1.740435E+01  1.971943E-04 -6.293223E-05 -2.409160E-04  1.180247E-05 -6.060918E-12
         8   1  1.740451E+01  1.465946E-04  1.889506E-05  5.251617E-05 -3.951621E-06 -4.445847E-13
         8   2  1.740446E+01  4.512984E-05 -1.231608E-05  5.251616E-05 -3.951620E-06 -4.444920E-13
         8   3  1.740451E+01  1.465946E-04  1.889506E-05 -5.251617E-05 -3.951621E-06  4.429431E-13
         8   4  1.740446E+01  4.512984E-05 -1.231608E-05 -5.251616E-05 -3.951620E-06  4.436468E-13
         8   5  1.740451E+01  1.465946E-04  1.889506E-05  5.251617E-05  3.951621E-06  4.400793E-13
         8   6  1.740446E+01  4.512984E-05 -1.231608E-05  5.251616E-05  3.951620E-06  4.400489E-13
         8   7  1.740451E+01  1.465946E-04  1.889506E-05 -5.251617E-05  3.951621E-06 -4.417818E-13
         8   8  1.740446E+01  4.512984E-05 -1.231608E-05 -5.251616E-05  3.951620E-06 -4.404137E-13
         9   1  1.740450E+01  3.262396E-05  6.109286E-06  1.129748E-05 -6.728993E-07 -1.810882E-14
         9   2  1.740448E+01  9.432938E-06 -2.829673E-06  1.129748E-05 -6.728993E-07 -1.574211E-14
         9   3  1.740450E+01  3.262396E-05  6.109286E-06 -1.129748E-05 -6.728993E-07  1.685630E-14
         9   4  1.740448E+01  9.432938E-06 -2.829673E-06 -1.129748E-05 -6.728993E-07  1.608564E-14
         9   5  1.740450E+01  3.262396E-05  6.109286E-06  1.129748E-05  6.728993E-07  1.336020E-14
         9   6  1.740448E+01  9.432938E-06 -2.829673E-06  1.129748E-05  6.728993E-07  1.424183E-14
         9   7  1.740450E+01  3.262396E-05  6.109286E-06 -1.129748E-05  6.728993E-07 -1.513561E-14
         9   8  1.740448E+01  9.432938E-06 -2.829673E-06 -1.129748E-05  6.728993E-07 -1.583483E-14
        10   1  1.740449E+01  6.932288E-06  1.058473E-06  2.449668E-06 -1.689792E-07 -7.851408E-16
        10   2  1.740449E+01  2.081256E-06 -5.901037E-07  2.449668E-06 -1.689792E-07 -2.838721E-15
        10   3  1.740449E+01  6.932288E-06  1.058473E-06 -2.449668E-06 -1.689792E-07  1.569484E-15
        10   4  1.740449E+01  2.081256E-06 -5.901037E-07 -2.449668E-06 -1.689792E-07  1.937335E-15
        10   5  1.740449E+01  6.932288E-06  1.058473E-06  2.449668E-06  1.689792E-07  3.230475E-16
        10   6  1.740449E+01  2.081256E-06 -5.901037E-07  2.449668E-06  1.689792E-07  7.984033E-17
        10   7  1.740449E+01  6.932288E-06  1.058473E-06 -2.449668E-06  1.689792E-07 -2.744058E-16
        10   8  1.740449E+01  2.081256E-06 -5.901038E-07 -2.449668E-06  1.689792E-07  8.747477E-16
        11   1  1.740449E+01  1.514335E-06  2.628180E-07  5.286546E-07 -3.348620E-08 -1.557782E-15
        11   2  1.740449E+01  4.445134E-07 -1.303794E-07  5.286546E-07 -3.348618E-08 -1.203612E-15
        11   3  1.740449E+01  1.514335E-06  2.628180E-07 -5.286546E-07 -3.348619E-08  2.050277E-15
        11   4  1.740449E+01  4.445134E-07 -1.303795E-07 -5.286546E-07 -3.348618E-08  3.050466E-15
        11   5  1.740449E+01  1.514336E-06  2.628180E-07  5.286546E-07  3.348619E-08 -5.216387E-16
        11   6  1.740449E+01  4.445134E-07 -1.303794E-07  5.286546E-07  3.348620E-08 -1.549189E-15
        11   7  1.740449E+01  1.514335E-06  2.628180E-07 -5.286546E-07  3.348619E-08  5.702802E-16
        11   8  1.740449E+01  4.445134E-07 -1.303794E-07 -5.286546E-07  3.348621E-08  2.990191E-15
        12   1  1.740449E+01  3.253588E-07  5.241519E-08  1.144119E-07 -7.633991E-09  1.931635E-15
        12   2  1.740449E+01  9.680413E-08 -2.782334E-08  1.144119E-07 -7.634009E-09 -1.892797E-15
        12   3  1.740449E+01  3.253588E-07  5.241519E-08 -1.144119E-07 -7.634010E-09  1.959679E-15
        12   4  1.740449E+01  9.680414E-08 -2.782333E-08 -1.144119E-07 -7.634004E-09  1.531027E-15
        12   5  1.740449E+01  3.253587E-07  5.241517E-08  1.144119E-07  7.634035E-09 -4.677949E-17
        12   6  1.740449E+01  9.680411E-08 -2.782336E-08  1.144119E-07  7.633981E-09 -2.156601E-15
        12   7  1.740449E+01  3.253587E-07  5.241516E-08 -1.144119E-07  7.633996E-09  1.116891E-15
        12   8  1.740449E+01  9.680411E-08 -2.782336E-08 -1.144119E-07  7.634012E-09  2.109443E-16
        13   1  1.740449E+01  7.060247E-08  1.190208E-08  2.471847E-08 -1.599244E-09 -6.689038E-16
        13   2  1.740449E+01  2.083834E-08 -6.062026E-09  2.471847E-08 -1.599238E-09 -2.417713E-16
        13   3  1.740449E+01  7.060252E-08  1.190212E-08 -2.471847E-08 -1.599255E-09 -4.255282E-16
        13   4  1.740449E+01  2.083839E-08 -6.061987E-09 -2.471847E-08 -1.599223E-09 -3.510460E-16
        13   5  1.740449E+01  7.060253E-08  1.190213E-08  2.471847E-08  1.599227E-09 -1.215951E-15
        13   6  1.740449E+01  2.083840E-08 -6.061975E-09  2.471847E-08  1.599228E-09 -2.127220E-16
        13   7  1.740449E+01  7.060250E-08  1.190210E-08 -2.471847E-08  1.599203E-09 -4.378571E-16
        13   8  1.740449E+01  2.083837E-08 -6.062014E-09 -2.471847E-08  1.599234E-09 -1.197879E-15
        14   1  1.740449E+01  1.523163E-08  2.498634E-09  5.343542E-09 -3.522066E-10  6.019336E-16
        14   2  1.740449E+01  4.523770E-09 -1.303279E-09  5.343541E-09 -3.522050E-10 -7.083447E-16
        14   3  1.740449E+01  1.523159E-08  2.498581E-09 -5.343540E-09 -3.522135E-10  9.910730E-16
        14   4  1.740449E+01  4.523731E-09 -1.303323E-09 -5.343540E-09 -3.521977E-10  2.812122E-16
        14   5  1.740449E+01  1.523162E-08  2.498620E-09  5.343537E-09  3.522113E-10 -9.485037E-16
        14   6  1.740449E+01  4.523753E-09 -1.303295E-09  5.343538E-09  3.522058E-10 -1.215634E-17
        14   7  1.740449E+01  1.523161E-08  2.498599E-09 -5.343542E-09  3.522279E-10  8.025795E-16
        14   8  1.740449E+01  4.523747E-09 -1.303304E-09 -5.343543E-09  3.522185E-10 -4.012957E-16
        15   1  1.740449E+01  3.306730E-09  5.470310E-10  1.143829E-09 -7.455267E-11  4.195321E-16
        15   2  1.740449E+01  1.008192E-09 -2.772981E-10  1.143829E-09 -7.454236E-11  6.505788E-16
        15   3  1.740449E+01  3.306727E-09  5.470239E-10 -1.143827E-09 -7.456020E-11  9.789088E-16
        15   4  1.740449E+01  1.008188E-09 -2.773122E-10 -1.143826E-09 -7.455385E-11  1.298118E-15
        15   5  1.740449E+01  3.306725E-09  5.470257E-10  1.143828E-09  7.455594E-11  2.432089E-17
        15   6  1.740449E+01  1.008164E-09 -2.773298E-10  1.143827E-09  7.455436E-11  5.532964E-16
        15   7  1.740449E+01  3.306727E-09  5.470239E-10 -1.143826E-09  7.455144E-11  4.134519E-16
        15   8  1.740449E+01  1.008204E-09 -2.772945E-10 -1.143827E-09  7.455134E-11 -6.566594E-16
        16   1  1.740449E+01  7.577722E-10  1.044373E-10  1.958335E-10 -1.285243E-11  3.587305E-16
        16   2  1.740449E+01  3.650172E-10 -3.542288E-11  1.958400E-10 -1.286115E-11  5.593764E-16
        16   3  1.740449E+01  7.577881E-10  1.044497E-10 -1.958351E-10 -1.286945E-11  9.424276E-16
        16   4  1.740449E+01  3.650208E-10 -3.543699E-11 -1.958337E-10 -1.287897E-11  2.427511E-15
        16   5  1.740449E+01  7.577828E-10  1.044497E-10  1.958368E-10  1.285079E-11 -1.507884E-15
        16   6  1.740449E+01  3.650278E-10 -3.541406E-11  1.958352E-10  1.286586E-11 -2.109822E-15
        16   7  1.740449E+01  7.577899E-10  1.044497E-10 -1.958314E-10  1.285939E-11  2.432071E-17
        16   8  1.740449E+01  3.650172E-10 -3.543876E-11 -1.958326E-10  1.286881E-11  6.080178E-16

 strains (elem, integ.pnt.,exx,eyy,ezz,exy,exz,eyz) for set ALL and time  0.6750000E+00

         1   1  5.288643E-03 -4.173047E-04 -6.926259E-04  1.139860E-03  3.783267E-04 -8.126629E-20
         1   2  5.288643E-03 -1.556514E-03 -2.582468E-03  1.138559E-03  3.776100E-04 -4.260236E-19
         1   3  5.288643E-03 -4.173047E-04 -6.926259E-04 -1.139860E-03  3.783267E-04 -2.167350E-19
         1   4  5.288643E-03 -1.556514E-03 -2.582468E-03 -1.138559E-03  3.776100E-04 -4.260236E-19
         1   5  5.288643E-03 -4.173047E-04 -6.926259E-04  1.139860E-03 -3.783267E-04  6.432617E-20
         1   6  5.288643E-03 -1.556514E-03 -2.582468E-03  1.138559E-03 -3.776100E-04  8.088197E-20
         1   7  5.288643E-03 -4.173047E-04 -6.926259E-04 -1.139860E-03 -3.783267E-04 -3.050193E-20
         1   8  5.288643E-03 -1.556514E-03 -2.582468E-03 -1.138559E-03 -3.776100E-04  8.088197E-20
         2   1  6.839860E-03 -2.081367E-03 -3.130537E-03  2.955862E-04 -7.801389E-05 -5.848222E-19
         2   2  6.839860E-03 -2.376909E-03 -2.740391E-03  2.954985E-04 -7.804451E-05 -9.862539E-19
         2   3  6.839860E-03 -2.081367E-03 -3.130537E-03 -2.955862E-04 -7.801389E-05 -7.606237E-19
         2   4  6.839860E-03 -2.376909E-03 -2.740391E-03 -2.954985E-04 -7.804451E-05 -3.643262E-19
         2   5  6.839860E-03 -2.081367E-03 -3.130537E-03  2.955862E-04  7.801389E-05  5.268913E-19
         2   6  6.839860E-03 -2.376909E-03 -2.740391E-03  2.954985E-04  7.804451E-05 -3.417364E-19
         2   7  6.839860E-03 -2.081367E-03 -3.130537E-03 -2.955862E-04  7.801389E-05 -1.087646E-19
         2   8  6.839860E-03 -2.376909E-03 -2.740391E-03 -2.954985E-04  7.804451E-05  3.007367E-20
         3   1  6.830354E-03 -2.506109E-03 -2.604578E-03  5.749729E-05  3.840763E-06 -9.295097E-19
         3   2  6.830354E-03 -2.563605E-03 -2.623782E-03  5.749397E-05  3.840688E-06 -1.345043E-19
         3   3  6.830354E-03 -2.506109E-03 -2.604578E-03 -5.749729E-05  3.840763E-06 -6.118238E-19
         3   4  6.830354E-03 -2.563605E-03 -2.623782E-03 -5.749397E-05  3.840688E-06 -6.287462E-19
         3   5  6.830354E-03 -2.506109E-03 -2.604578E-03  5.749729E-05 -3.840763E-06 -3.516501E-19
         3   6  6.830354E-03 -2.563605E-03 -2.623782E-03  5.749397E-05 -3.840688E-06  6.351334E-19
         3   7  6.830354E-03 -2.506109E-03 -2.604578E-03 -5.749729E-05 -3.840763E-06 -4.072280E-20
         3   8  6.830354E-03 -2.563605E-03 -2.623782E-03 -5.749397E-05 -3.840688E-06  1.755303E-19
         4   1  6.873029E-03 -2.589502E-03 -2.627419E-03  1.325849E-05 -1.853129E-06 -4.056875E-19
         4   2  6.873029E-03 -2.602760E-03 -2.618154E-03  1.325832E-05 -1.853146E-06  1.164816E-19
         4   3  6.873029E-03 -2.589502E-03 -2.627419E-03 -1.325849E-05 -1.853129E-06 -8.382439E-19
         4   4  6.873029E-03 -2.602760E-03 -2.618154E-03 -1.325832E-05 -1.853146E-06 -7.249645E-19
         4   5  6.873029E-03 -2.589502E-03 -2.627419E-03  1.325849E-05  1.853129E-06  4.999635E-19
         4   6  6.873029E-03 -2.602760E-03 -2.618154E-03  1.325832E-05  1.853146E-06  3.344440E-19
         4   7  6.873029E-03 -2.589502E-03 -2.627419E-03 -1.325849E-05  1.853129E-06 -4.073198E-20
         4   8  6.873029E-03 -2.602760E-03 -2.618154E-03 -1.325832E-05  1.853146E-06 -3.380371E-19
         5   1  6.876460E-03 -2.608623E-03 -2.614665E-03  2.758953E-06 -5.292888E-08  3.953237E-19
         5   2  6.876460E-03 -2.611382E-03 -2.614401E-03  2.758946E-06 -5.292890E-08  8.904042E-19
         5   3  6.876460E-03 -2.608623E-03 -2.614665E-03 -2.758953E-06 -5.292888E-08 -4.697725E-19
         5   4  6.876460E-03 -2.611382E-03 -2.614401E-03 -2.758946E-06 -5.292890E-08  4.494091E-19
         5   5  6.876460E-03 -2.608623E-03 -2.614665E-03  2.758953E-06  5.292888E-08  1.351186E-19
         5   6  6.876460E-03 -2.611382E-03 -2.614401E-03  2.758946E-06  5.292890E-08  7.569227E-19
         5   7  6.876460E-03 -2.608623E-03 -2.614665E-03 -2.758953E-06  5.292888E-08 -4.055665E-19
         5   8  6.876460E-03 -2.611382E-03 -2.614401E-03 -2.758946E-06  5.292890E-08 -2.669968E-19
         6   1  6.877953E-03 -2.612615E-03 -2.614200E-03  6.103718E-07 -5.649497E-08  5.609380E-19
         6   2  6.877953E-03 -2.613225E-03 -2.613918E-03  6.103715E-07 -5.649498E-08  1.360053E-19
         6   3  6.877953E-03 -2.612615E-03 -2.614200E-03 -6.103718E-07 -5.649497E-08  1.196240E-18
         6   4  6.877953E-03 -2.613225E-03 -2.613918E-03 -6.103715E-07 -5.649498E-08  3.869158E-19
         6   5  6.877953E-03 -2.612615E-03 -2.614200E-03  6.103718E-07  5.649497E-08  4.865940E-19
         6   6  6.877953E-03 -2.613225E-03 -2.613918E-03  6.103715E-07  5.649498E-08  7.163942E-19
         6   7  6.877953E-03 -2.612615E-03 -2.614200E-03 -6.103718E-07  5.649497E-08  8.245208E-19
         6   8  6.877953E-03 -2.613225E-03 -2.613918E-03 -6.103715E-07  5.649498E-08  1.017149E-18
         7   1  6.878178E-03 -2.613496E-03 -2.613803E-03  1.301538E-07 -6.376230E-09 -1.858642E-19
         7   2  6.878178E-03 -2.613626E-03 -2.613771E-03  1.301538E-07 -6.376230E-09 -8.532664E-19
         7   3  6.878178E-03 -2.613496E-03 -2.613803E-03 -1.301538E-07 -6.376230E-09  6.792277E-19
         7   4  6.878178E-03 -2.613626E-03 -2.613771E-03 -1.301538E-07 -6.376230E-09  4.933706E-19
         7   5  6.878178E-03 -2.613496E-03 -2.613803E-03  1.301538E-07  6.376230E-09 -2.838629E-19
         7   6  6.878178E-03 -2.613626E-03 -2.613771E-03  1.301538E-07  6.376230E-09 -1.155711E-18
         7   7  6.878178E-03 -2.613496E-03 -2.613803E-03 -1.301538E-07  6.376230E-09  7.975020E-19
         7   8  6.878178E-03 -2.613626E-03 -2.613771E-03 -1.301538E-07  6.376230E-09  2.872355E-19
         8   1  6.878239E-03 -2.613684E-03 -2.613755E-03  2.837162E-08 -2.134845E-09 -1.219916E-18
         8   2  6.878239E-03 -2.613713E-03 -2.613745E-03  2.837162E-08 -2.134845E-09 -1.168381E-18
         8   3  6.878239E-03 -2.613684E-03 -2.613755E-03 -2.837162E-08 -2.134845E-09  3.075121E-19
         8   4  6.878239E-03 -2.613713E-03 -2.613745E-03 -2.837162E-08 -2.134845E-09  6.986625E-19
         8   5  6.878239E-03 -2.613684E-03 -2.613755E-03  2.837162E-08  2.134845E-09 -1.284122E-18
         8   6  6.878239E-03 -2.613713E-03 -2.613745E-03  2.837162E-08  2.134845E-09 -1.301017E-18
         8   7  6.878239E-03 -2.613684E-03 -2.613755E-03 -2.837162E-08  2.134845E-09  3.379255E-19
         8   8  6.878239E-03 -2.613713E-03 -2.613745E-03 -2.837162E-08  2.134845E-09  1.098260E-18
         9   1  6.878251E-03 -2.613725E-03 -2.613740E-03  6.103411E-09 -3.635308E-10 -1.057710E-18
         9   2  6.878251E-03 -2.613732E-03 -2.613738E-03  6.103411E-09 -3.635308E-10  2.576688E-19
         9   3  6.878251E-03 -2.613725E-03 -2.613740E-03 -6.103411E-09 -3.635308E-10  3.615811E-19
         9   4  6.878251E-03 -2.613732E-03 -2.613738E-03 -6.103411E-09 -3.635308E-10 -6.674062E-20
         9   5  6.878251E-03 -2.613725E-03 -2.613740E-03  6.103411E-09  3.635307E-10 -1.581496E-18
         9   6  6.878251E-03 -2.613732E-03 -2.613738E-03  6.103411E-09  3.635308E-10 -1.091503E-18
         9   7  6.878251E-03 -2.613725E-03 -2.613740E-03 -6.103411E-09  3.635308E-10  5.947503E-19
         9   8  6.878251E-03 -2.613732E-03 -2.613738E-03 -6.103411E-09  3.635308E-10  2.061350E-19
        10   1  6.878254E-03 -2.613734E-03 -2.613738E-03  1.323422E-09 -9.129022E-11  5.406816E-20
        10   2  6.878254E-03 -2.613736E-03 -2.613737E-03  1.323422E-09 -9.129022E-11 -1.087278E-18
        10   3  6.878254E-03 -2.613734E-03 -2.613738E-03 -1.323422E-09 -9.129023E-11  3.818568E-19
        10   4  6.878254E-03 -2.613736E-03 -2.613737E-03 -1.323422E-09 -9.129022E-11  5.863024E-19
        10   5  6.878254E-03 -2.613734E-03 -2.613738E-03  1.323422E-09  9.129023E-11 -3.108924E-19
        10   6  6.878254E-03 -2.613736E-03 -2.613737E-03  1.323422E-09  9.129022E-11 -4.460629E-19
        10   7  6.878254E-03 -2.613734E-03 -2.613738E-03 -1.323422E-09  9.129021E-11  3.379264E-19
        10   8  6.878254E-03 -2.613736E-03 -2.613737E-03 -1.323422E-09  9.129022E-11  9.766074E-19
        11   1  6.878254E-03 -2.613736E-03 -2.613737E-03  2.856032E-10 -1.809076E-11 -8.448161E-19
        11   2  6.878254E-03 -2.613736E-03 -2.613737E-03  2.856032E-10 -1.809075E-11 -6.479740E-19
        11   3  6.878254E-03 -2.613736E-03 -2.613737E-03 -2.856032E-10 -1.809076E-11  1.118537E-18
        11   4  6.878254E-03 -2.613736E-03 -2.613737E-03 -2.856032E-10 -1.809075E-11  1.674426E-18
        11   5  6.878254E-03 -2.613736E-03 -2.613737E-03  2.856032E-10  1.809076E-11 -3.108923E-19
        11   6  6.878254E-03 -2.613736E-03 -2.613737E-03  2.856032E-10  1.809077E-11 -8.819880E-19
        11   7  6.878254E-03 -2.613736E-03 -2.613737E-03 -2.856032E-10  1.809076E-11  3.379264E-19
        11   8  6.878254E-03 -2.613736E-03 -2.613737E-03 -2.856032E-10  1.809077E-11  1.682874E-18
        12   1  6.878255E-03 -2.613737E-03 -2.613737E-03  6.181051E-11 -4.124229E-12  1.074606E-18
        12   2  6.878255E-03 -2.613737E-03 -2.613737E-03  6.181051E-11 -4.124239E-12 -1.050951E-18
        12   3  6.878255E-03 -2.613737E-03 -2.613737E-03 -6.181052E-11 -4.124239E-12  1.088123E-18
        12   4  6.878255E-03 -2.613737E-03 -2.613737E-03 -6.181052E-11 -4.124235E-12  8.498850E-19
        12   5  6.878255E-03 -2.613737E-03 -2.613737E-03  6.181051E-11  4.124253E-12 -2.703412E-20
        12   6  6.878255E-03 -2.613737E-03 -2.613737E-03  6.181052E-11  4.124223E-12 -1.199639E-18
        12   7  6.878255E-03 -2.613737E-03 -2.613737E-03 -6.181051E-11  4.124231E-12  6.217847E-19
        12   8  6.878255E-03 -2.613737E-03 -2.613737E-03 -6.181051E-11  4.124240E-12  1.182743E-19
        13   1  6.878255E-03 -2.613737E-03 -2.613737E-03  1.335404E-11 -8.639846E-13 -3.717191E-19
        13   2  6.878255E-03 -2.613737E-03 -2.613737E-03  1.335404E-11 -8.639811E-13 -1.343258E-19
        13   3  6.878255E-03 -2.613737E-03 -2.613737E-03 -1.335404E-11 -8.639905E-13 -2.365485E-19
        13   4  6.878255E-03 -2.613737E-03 -2.613737E-03 -1.335404E-11 -8.639731E-13 -1.951525E-19
        13   5  6.878255E-03 -2.613737E-03 -2.613737E-03  1.335404E-11  8.639749E-13 -6.758529E-19
        13   6  6.878255E-03 -2.613737E-03 -2.613737E-03  1.335404E-11  8.639753E-13 -1.182743E-19
        13   7  6.878255E-03 -2.613737E-03 -2.613737E-03 -1.335404E-11  8.639615E-13 -2.433070E-19
        13   8  6.878255E-03 -2.613737E-03 -2.613737E-03 -1.335404E-11  8.639790E-13 -6.657151E-19
        14   1  6.878255E-03 -2.613737E-03 -2.613737E-03  2.886824E-12 -1.902781E-13  3.345472E-19
        14   2  6.878255E-03 -2.613737E-03 -2.613737E-03  2.886823E-12 -1.902773E-13 -3.936843E-19
        14   3  6.878255E-03 -2.613737E-03 -2.613737E-03 -2.886823E-12 -1.902820E-13  5.508201E-19
        14   4  6.878255E-03 -2.613737E-03 -2.613737E-03 -2.886823E-12 -1.902733E-13  1.562910E-19
        14   5  6.878255E-03 -2.613737E-03 -2.613737E-03  2.886821E-12  1.902805E-13 -5.271653E-19
        14   6  6.878255E-03 -2.613737E-03 -2.613737E-03  2.886822E-12  1.902774E-13 -6.758529E-21
        14   7  6.878255E-03 -2.613737E-03 -2.613737E-03 -2.886824E-12  1.902895E-13  4.460629E-19
        14   8  6.878255E-03 -2.613737E-03 -2.613737E-03 -2.886824E-12  1.902843E-13 -2.230315E-19
        15   1  6.878255E-03 -2.613737E-03 -2.613737E-03  6.179483E-13 -4.027670E-14  2.331693E-19
        15   2  6.878255E-03 -2.613737E-03 -2.613737E-03  6.179481E-13 -4.027103E-14  3.615813E-19
        15   3  6.878255E-03 -2.613737E-03 -2.613737E-03 -6.179474E-13 -4.028081E-14  5.440616E-19
        15   4  6.878255E-03 -2.613737E-03 -2.613737E-03 -6.179468E-13 -4.027731E-14  7.214730E-19
        15   5  6.878255E-03 -2.613737E-03 -2.613737E-03  6.179479E-13  4.027851E-14  1.351706E-20
        15   6  6.878255E-03 -2.613737E-03 -2.613737E-03  6.179474E-13  4.027763E-14  3.075131E-19
        15   7  6.878255E-03 -2.613737E-03 -2.613737E-03 -6.179469E-13  4.027607E-14  2.297900E-19
        15   8  6.878255E-03 -2.613737E-03 -2.613737E-03 -6.179476E-13  4.027602E-14 -3.649606E-19
        16   1  6.878255E-03 -2.613737E-03 -2.613737E-03  1.057981E-13 -6.943399E-15  1.993766E-19
        16   2  6.878255E-03 -2.613737E-03 -2.613737E-03  1.058017E-13 -6.948203E-15  3.108923E-19
        16   3  6.878255E-03 -2.613737E-03 -2.613737E-03 -1.057991E-13 -6.952661E-15  5.237860E-19
        16   4  6.878255E-03 -2.613737E-03 -2.613737E-03 -1.057983E-13 -6.957901E-15  1.349171E-18
        16   5  6.878255E-03 -2.613737E-03 -2.613737E-03  1.057999E-13  6.942354E-15 -8.380576E-19
        16   6  6.878255E-03 -2.613737E-03 -2.613737E-03  1.057990E-13  6.950651E-15 -1.172605E-18
        16   7  6.878255E-03 -2.613737E-03 -2.613737E-03 -1.057971E-13  6.947227E-15  1.351706E-20
        16   8  6.878255E-03 -2.613737E-03 -2.613737E-03 -1.057977E-13  6.952413E-15  3.379265E-19

                                INCREMENT     9


 forces (fx,fy,fz) for set RIGHT and time  0.7750000E+00

        65  2.488556E+01  6.740516E-16  3.603070E-14
        66  2.488556E+01 -3.180986E-15  7.350170E-15
        67  2.488556E+01 -3.933478E-15  6.619397E-15
        68  2.488556E+01  4.463194E-15 -3.262833E-14

 displacements (vx,vy,vz) for set RIGHT and time  0.7750000E+00

        65  1.550000E-01  7.517439E-03  1.503488E-03
        66  1.550000E-01 -7.517439E-03  1.503488E-03
        67  1.550000E-01 -7.517439E-03 -1.503488E-03
        68  1.550000E-01  7.517439E-03 -1.503488E-03

 stresses (elem, integ.pnt.,sxx,syy,szz,sxy,sxz,syz) for set ALL and time  0.7750000E+00

         1   1  2.496052E+01  1.284199E+01  1.225240E+01  2.437846E+00  8.095789E-01  4.159868E-03
         1   2  1.495934E+01  5.633428E-01 -1.571960E+00  2.413875E+00  8.002438E-01  4.137352E-03
         1   3  2.496052E+01  1.284199E+01  1.225240E+01 -2.437846E+00  8.095789E-01 -4.159868E-03
         1   4  1.495934E+01  5.633428E-01 -1.571960E+00 -2.413875E+00  8.002438E-01 -4.137352E-03
         1   5  2.496052E+01  1.284199E+01  1.225240E+01  2.437846E+00 -8.095789E-01 -4.159868E-03
         1   6  1.495934E+01  5.633428E-01 -1.571960E+00  2.413875E+00 -8.002438E-01 -4.137352E-03
         1   7  2.496052E+01  1.284199E+01  1.225240E+01 -2.437846E+00 -8.095789E-01  4.159868E-03
         1   8  1.495934E+01  5.633428E-01 -1.571960E+00 -2.413875E+00 -8.002438E-01  4.137352E-03
         2   1  1.987026E+01  1.029082E+00 -1.141378E+00  6.313756E-01 -1.664203E-01 -2.228977E-04
         2   2  2.018426E+01  7.267726E-01 -2.701149E-02  6.310979E-01 -1.666056E-01 -2.229355E-04
         2   3  1.987026E+01  1.029082E+00 -1.141378E+00 -6.313756E-01 -1.664203E-01  2.228977E-04
         2   4  2.018426E+01  7.267726E-01 -2.701149E-02 -6.310979E-01 -1.666056E-01  2.229355E-04
         2   5  1.987026E+01  1.029082E+00 -1.141378E+00  6.313756E-01  1.664203E-01  2.228977E-04
         2   6  2.018426E+01  7.267726E-01 -2.701149E-02  6.310979E-01  1.666056E-01  2.229355E-04
         2   7  1.987026E+01  1.029082E+00 -1.141378E+00 -6.313756E-01  1.664203E-01 -2.228977E-04
         2   8  2.018426E+01  7.267726E-01 -2.701149E-02 -6.310979E-01  1.666056E-01 -2.229355E-04
         3   1  2.015434E+01  4.491667E-01  2.442721E-01  1.231517E-01  8.152719E-03  2.128928E-06
         3   2  1.989945E+01  7.872285E-02 -4.635855E-02  1.231127E-01  8.150848E-03  2.128634E-06
         3   3  2.015434E+01  4.491667E-01  2.442721E-01 -1.231517E-01  8.152719E-03 -2.128928E-06
         3   4  1.989945E+01  7.872285E-02 -4.635855E-02 -1.231127E-01  8.150848E-03 -2.128634E-06
         3   5  2.015434E+01  4.491667E-01  2.442721E-01  1.231517E-01 -8.152719E-03 -2.128928E-06
         3   6  1.989945E+01  7.872285E-02 -4.635855E-02  1.231127E-01 -8.150848E-03 -2.128634E-06
         3   7  2.015434E+01  4.491667E-01  2.442721E-01 -1.231517E-01 -8.152719E-03  2.128928E-06
         3   8  1.989945E+01  7.872285E-02 -4.635855E-02 -1.231127E-01 -8.150848E-03  2.128634E-06
         4   1  2.003522E+01  6.796631E-02 -1.079257E-02  2.844437E-02 -3.966251E-03 -2.392528E-07
         4   2  2.002182E+01  2.723249E-02 -4.794905E-03  2.844323E-02 -3.966296E-03 -2.392510E-07
         4   3  2.003522E+01  6.796631E-02 -1.079257E-02 -2.844437E-02 -3.966251E-03  2.392528E-07
         4   4  2.002182E+01  2.723249E-02 -4.794905E-03 -2.844323E-02 -3.966296E-03  2.392510E-07
         4   5  2.003522E+01  6.796631E-02 -1.079257E-02  2.844437E-02  3.966251E-03  2.392528E-07
         4   6  2.002182E+01  2.723249E-02 -4.794905E-03  2.844323E-02  3.966296E-03  2.392510E-07
         4   7  2.003522E+01  6.796631E-02 -1.079257E-02 -2.844437E-02  3.966251E-03 -2.392528E-07
         4   8  2.002182E+01  2.723249E-02 -4.794905E-03 -2.844323E-02  3.966296E-03 -2.392510E-07
         5   1  2.003282E+01  1.852908E-02  5.917409E-03  5.935337E-03 -1.167616E-04 -1.469692E-09
         5   2  2.002449E+01  4.581939E-03 -1.719252E-03  5.935264E-03 -1.167609E-04 -1.469684E-09
         5   3  2.003282E+01  1.852908E-02  5.917409E-03 -5.935337E-03 -1.167616E-04  1.469690E-09
         5   4  2.002449E+01  4.581939E-03 -1.719252E-03 -5.935264E-03 -1.167609E-04  1.469684E-09
         5   5  2.003282E+01  1.852908E-02  5.917409E-03  5.935337E-03  1.167616E-04  1.469689E-09
         5   6  2.002449E+01  4.581939E-03 -1.719252E-03  5.935264E-03  1.167609E-04  1.469684E-09
         5   7  2.003282E+01  1.852908E-02  5.917409E-03 -5.935337E-03  1.167616E-04 -1.469691E-09
         5   8  2.002449E+01  4.581939E-03 -1.719252E-03 -5.935264E-03  1.167609E-04 -1.469684E-09
         6   1  2.002926E+01  3.522581E-03  2.126541E-04  1.315731E-03 -1.215255E-04 -3.390916E-10
         6   2  2.002816E+01  1.163736E-03 -2.844296E-04  1.315728E-03 -1.215255E-04 -3.390896E-10
         6   3  2.002926E+01  3.522581E-03  2.126541E-04 -1.315731E-03 -1.215255E-04  3.390905E-10
         6   4  2.002816E+01  1.163736E-03 -2.844296E-04 -1.315728E-03 -1.215255E-04  3.390903E-10
         6   5  2.002926E+01  3.522581E-03  2.126541E-04  1.315731E-03  1.215255E-04  3.390917E-10
         6   6  2.002816E+01  1.163736E-03 -2.844296E-04  1.315728E-03  1.215255E-04  3.390928E-10
         6   7  2.002926E+01  3.522581E-03  2.126541E-04 -1.315731E-03  1.215255E-04 -3.390919E-10
         6   8  2.002816E+01  1.163736E-03 -2.844296E-04 -1.315728E-03  1.215255E-04 -3.390930E-10
         7   1  2.002888E+01  8.271404E-04  1.846551E-04  2.812822E-04 -1.386807E-05 -8.270974E-12
         7   2  2.002855E+01  2.300406E-04 -7.305178E-05  2.812821E-04 -1.386807E-05 -8.271789E-12
         7   3  2.002888E+01  8.271404E-04  1.846551E-04 -2.812822E-04 -1.386807E-05  8.271678E-12
         7   4  2.002855E+01  2.300406E-04 -7.305178E-05 -2.812821E-04 -1.386807E-05  8.271853E-12
         7   5  2.002888E+01  8.271404E-04  1.846551E-04  2.812822E-04  1.386807E-05  8.273135E-12
         7   6  2.002855E+01  2.300406E-04 -7.305178E-05  2.812821E-04  1.386807E-05  8.273808E-12
         7   7  2.002888E+01  8.271404E-04  1.846551E-04 -2.812822E-04  1.386807E-05 -8.273572E-12
         7   8  2.002855E+01  2.300406E-04 -7.305178E-05 -2.812821E-04  1.386807E-05 -8.273103E-12
         8   1  2.002875E+01  1.709711E-04  2.206141E-05  6.144917E-05 -4.620180E-06 -6.012466E-13
         8   2  2.002869E+01  5.271668E-05 -1.435095E-05  6.144916E-05 -4.620180E-06 -6.010963E-13
         8   3  2.002875E+01  1.709711E-04  2.206141E-05 -6.144917E-05 -4.620180E-06  6.027281E-13
         8   4  2.002869E+01  5.271668E-05 -1.435095E-05 -6.144916E-05 -4.620180E-06  6.034840E-13
         8   5  2.002875E+01  1.709711E-04  2.206141E-05  6.144917E-05  4.620180E-06  6.020602E-13
         8   6  2.002869E+01  5.271668E-05 -1.435095E-05  6.144916E-05  4.620180E-06  6.020359E-13
         8   7  2.002875E+01  1.709711E-04  2.206141E-05 -6.144917E-05  4.620180E-06 -6.015259E-13
         8   8  2.002869E+01  5.271668E-05 -1.435095E-05 -6.144916E-05  4.620180E-06 -6.002933E-13
         9   1  2.002873E+01  3.811983E-05  7.106451E-06  1.325150E-05 -7.919452E-07 -2.282044E-14
         9   2  2.002871E+01  1.105198E-05 -3.301420E-06  1.325150E-05 -7.919452E-07 -2.085929E-14
         9   3  2.002873E+01  3.811983E-05  7.106451E-06 -1.325150E-05 -7.919452E-07  2.319081E-14
         9   4  2.002871E+01  1.105198E-05 -3.301420E-06 -1.325150E-05 -7.919452E-07  2.238935E-14
         9   5  2.002873E+01  3.811983E-05  7.106451E-06  1.325150E-05  7.919452E-07  2.186719E-14
         9   6  2.002871E+01  1.105198E-05 -3.301420E-06  1.325150E-05  7.919452E-07  2.371298E-14
         9   7  2.002873E+01  3.811983E-05  7.106451E-06 -1.325150E-05  7.919452E-07 -2.147860E-14
         9   8  2.002871E+01  1.105198E-05 -3.301420E-06 -1.325150E-05  7.919452E-07 -2.181861E-14
        10   1  2.002872E+01  8.121671E-06  1.238624E-06  2.879882E-06 -1.987181E-07 -8.797111E-16
        10   2  2.002872E+01  2.443056E-06 -6.905802E-07  2.879882E-06 -1.987181E-07 -2.725501E-15
        10   3  2.002872E+01  8.121671E-06  1.238624E-06 -2.879882E-06 -1.987181E-07  1.772248E-15
        10   4  2.002872E+01  2.443056E-06 -6.905802E-07 -2.879882E-06 -1.987181E-07  3.044196E-16
        10   5  2.002872E+01  8.121671E-06  1.238624E-06  2.879882E-06  1.987181E-07  7.522059E-16
        10   6  2.002872E+01  2.443056E-06 -6.905802E-07  2.879882E-06  1.987181E-07 -1.767609E-16
        10   7  2.002872E+01  8.121671E-06  1.238624E-06 -2.879882E-06  1.987181E-07 -7.036324E-16
        10   8  2.002872E+01  2.443056E-06 -6.905802E-07 -2.879882E-06  1.987181E-07 -5.154104E-16
        11   1  2.002872E+01  1.777912E-06  3.074419E-07  6.229805E-07 -3.954974E-08 -2.116622E-15
        11   2  2.002872E+01  5.231655E-07 -1.528623E-07  6.229805E-07 -3.954975E-08  2.923160E-16
        11   3  2.002872E+01  1.777912E-06  3.074419E-07 -6.229805E-07 -3.954974E-08 -4.395542E-16
        11   4  2.002872E+01  5.231655E-07 -1.528623E-07 -6.229805E-07 -3.954977E-08  2.371633E-15
        11   5  2.002872E+01  1.777912E-06  3.074418E-07  6.229805E-07  3.954974E-08 -4.091958E-16
        11   6  2.002872E+01  5.231655E-07 -1.528624E-07  6.229805E-07  3.954973E-08 -7.309947E-16
        11   7  2.002872E+01  1.777912E-06  3.074418E-07 -6.229805E-07  3.954974E-08  2.391888E-16
        11   8  2.002872E+01  5.231655E-07 -1.528624E-07 -6.229805E-07  3.954975E-08  2.163911E-15
        12   1  2.002872E+01  3.829382E-07  6.156414E-08  1.351373E-07 -9.025227E-09 -7.372595E-16
        12   2  2.002872E+01  1.141763E-07 -3.270801E-08  1.351373E-07 -9.025240E-09 -2.226339E-15
        12   3  2.002872E+01  3.829382E-07  6.156416E-08 -1.351373E-07 -9.025248E-09  1.599438E-15
        12   4  2.002872E+01  1.141763E-07 -3.270799E-08 -1.351373E-07 -9.025239E-09 -1.025045E-15
        12   5  2.002872E+01  3.829382E-07  6.156416E-08  1.351373E-07  9.025222E-09  7.069012E-16
        12   6  2.002872E+01  1.141763E-07 -3.270798E-08  1.351373E-07  9.025216E-09 -1.776415E-15
        12   7  2.002872E+01  3.829382E-07  6.156415E-08 -1.351373E-07  9.025210E-09  1.697483E-15
        12   8  2.002872E+01  1.141762E-07 -3.270802E-08 -1.351373E-07  9.025232E-09 -1.065130E-15
        13   1  2.002872E+01  8.328355E-08  1.399578E-08  2.926501E-08 -1.896741E-09 -1.688044E-15
        13   2  2.002872E+01  2.463871E-08 -7.141373E-09  2.926501E-08 -1.896745E-09 -5.359433E-16
        13   3  2.002872E+01  8.328355E-08  1.399577E-08 -2.926500E-08 -1.896767E-09 -2.294977E-15
        13   4  2.002872E+01  2.463871E-08 -7.141366E-09 -2.926500E-08 -1.896760E-09 -6.844640E-16
        13   5  2.002872E+01  8.328359E-08  1.399581E-08  2.926501E-08  1.896760E-09 -1.457085E-15
        13   6  2.002872E+01  2.463874E-08 -7.141335E-09  2.926500E-08  1.896754E-09 -6.667074E-17
        13   7  2.002872E+01  8.328354E-08  1.399577E-08 -2.926500E-08  1.896765E-09 -1.457320E-15
        13   8  2.002872E+01  2.463868E-08 -7.141391E-09 -2.926501E-08  1.896758E-09 -6.690618E-17
        14   1  2.002872E+01  1.801060E-08  2.947257E-09  6.341085E-09 -4.184445E-10 -1.457208E-15
        14   2  2.002872E+01  5.360893E-09 -1.539152E-09  6.341082E-09 -4.184684E-10  1.608938E-16
        14   3  2.002872E+01  1.801057E-08  2.947232E-09 -6.341069E-09 -4.184713E-10  2.914462E-16
        14   4  2.002872E+01  5.360861E-09 -1.539181E-09 -6.341073E-09 -4.184522E-10  8.212001E-16
        14   5  2.002872E+01  1.801058E-08  2.947239E-09  6.341070E-09  4.184834E-10  6.071734E-16
        14   6  2.002872E+01  5.360873E-09 -1.539172E-09  6.341073E-09  4.184699E-10  6.072241E-17
        14   7  2.002872E+01  1.801060E-08  2.947260E-09 -6.341081E-09  4.184591E-10  1.602917E-15
        14   8  2.002872E+01  5.360868E-09 -1.539173E-09 -6.341079E-09  4.184783E-10  1.202187E-15
        15   1  2.002872E+01  3.919158E-09  6.464374E-10  1.360458E-09 -8.882088E-11  5.282357E-16
        15   2  2.002872E+01  1.197828E-09 -3.281519E-10  1.360453E-09 -8.881135E-11  3.324241E-16
        15   3  2.002872E+01  3.919075E-09  6.463564E-10 -1.360450E-09 -8.882838E-11  1.888292E-15
        15   4  2.002872E+01  1.197736E-09 -3.282436E-10 -1.360459E-09 -8.881249E-11  1.240140E-15
        15   5  2.002872E+01  3.919171E-09  6.464463E-10  1.360456E-09  8.883722E-11  7.771750E-16
        15   6  2.002872E+01  1.197835E-09 -3.281413E-10  1.360448E-09  8.884358E-11  1.190049E-15
        15   7  2.002872E+01  3.919116E-09  6.463969E-10 -1.360453E-09  8.880331E-11  2.137230E-15
        15   8  2.002872E+01  1.197817E-09 -3.281625E-10 -1.360455E-09  8.879686E-11  1.378271E-15
        16   1  2.002872E+01  9.004328E-10  1.236630E-10  2.333283E-10 -1.532881E-11 -2.185804E-16
        16   2  2.002872E+01  4.345796E-10 -4.204762E-11  2.333326E-10 -1.534867E-11 -1.029149E-15
        16   3  2.002872E+01  9.004610E-10  1.236912E-10 -2.333351E-10 -1.535013E-11  9.471818E-16
        16   4  2.002872E+01  4.346113E-10 -4.201413E-11 -2.333319E-10 -1.533742E-11  3.491216E-17
        16   5  2.002872E+01  9.004169E-10  1.236437E-10  2.333324E-10  1.534231E-11  6.314545E-16
        16   6  2.002872E+01  4.345585E-10 -4.206525E-11  2.333324E-10  1.533436E-11 -8.378915E-16
        16   7  2.002872E+01  9.004398E-10  1.236719E-10 -2.333311E-10  1.534705E-11  8.257482E-16
        16   8  2.002872E+01  4.345920E-10 -4.203352E-11 -2.333307E-10  1.536928E-11  1.068615E-15

 strains (elem, integ.pnt.,exx,eyy,ezz,exy,exz,eyz) for set ALL and time  0.7750000E+00

         1   1  6.076187E-03 -4.791625E-04 -7.959853E-04  1.308783E-03  4.347612E-04  1.659636E-19
         1   2  6.076187E-03 -1.787088E-03 -2.967425E-03  1.307068E-03  4.338146E-04  6.226539E-19
         1   3  6.076187E-03 -4.791625E-04 -7.959853E-04 -1.308783E-03  4.347612E-04  8.468740E-20
         1   4  6.076187E-03 -1.787088E-03 -2.967425E-03 -1.307068E-03  4.338146E-04  3.520882E-19
         1   5  6.076187E-03 -4.791625E-04 -7.959853E-04  1.308783E-03 -4.347612E-04  6.848204E-21
         1   6  6.076187E-03 -1.787088E-03 -2.967425E-03  1.307068E-03 -4.338146E-04  2.811486E-20
         1   7  6.076187E-03 -4.791625E-04 -7.959853E-04 -1.308783E-03 -4.347612E-04 -7.442799E-20
         1   8  6.076187E-03 -1.787088E-03 -2.967425E-03 -1.307068E-03 -4.338146E-04 -2.424509E-19
         2   1  7.856910E-03 -2.389804E-03 -3.596914E-03  3.398746E-04 -8.968960E-05  3.048176E-19
         2   2  7.856910E-03 -2.729620E-03 -3.148365E-03  3.397585E-04 -8.973011E-05 -1.991180E-20
         2   3  7.856910E-03 -2.389804E-03 -3.596914E-03 -3.398746E-04 -8.968960E-05  5.887233E-19
         2   4  7.856910E-03 -2.729620E-03 -3.148365E-03 -3.397585E-04 -8.973011E-05  1.020786E-18
         2   5  7.856910E-03 -2.389804E-03 -3.596914E-03  3.398746E-04  8.968960E-05 -4.717103E-19
         2   6  7.856910E-03 -2.729620E-03 -3.148365E-03  3.397585E-04  8.973011E-05 -5.873117E-19
         2   7  7.856910E-03 -2.389804E-03 -3.596914E-03 -3.398746E-04  8.968960E-05 -1.337242E-19
         2   8  7.856910E-03 -2.729620E-03 -3.148365E-03 -3.397585E-04  8.973011E-05 -6.616383E-19
         3   1  7.846041E-03 -2.878245E-03 -2.992169E-03  6.631218E-05  4.390388E-06 -6.012183E-19
         3   2  7.846041E-03 -2.944555E-03 -3.014120E-03  6.630775E-05  4.390291E-06  1.445264E-19
         3   3  7.846041E-03 -2.878245E-03 -2.992169E-03 -6.631218E-05  4.390388E-06  1.013641E-18
         3   4  7.846041E-03 -2.944555E-03 -3.014120E-03 -6.630775E-05  4.390291E-06  1.495933E-19
         3   5  7.846041E-03 -2.878245E-03 -2.992169E-03  6.631218E-05 -4.390388E-06 -9.998074E-19
         3   6  7.846041E-03 -2.944555E-03 -3.014120E-03  6.630775E-05 -4.390291E-06 -9.964155E-19
         3   7  7.846041E-03 -2.878245E-03 -2.992169E-03 -6.631218E-05 -4.390388E-06  8.126970E-20
         3   8  7.846041E-03 -2.944555E-03 -3.014120E-03 -6.630775E-05 -4.390291E-06  3.514072E-21
         4   1  7.895146E-03 -2.974432E-03 -3.018246E-03  1.531768E-05 -2.135970E-06 -8.275354E-19
         4   2  7.895146E-03 -2.989749E-03 -3.007566E-03  1.531744E-05 -2.135993E-06 -1.161985E-18
         4   3  7.895146E-03 -2.974432E-03 -3.018246E-03 -1.531768E-05 -2.135970E-06 -1.789519E-19
         4   4  7.895146E-03 -2.989749E-03 -3.007566E-03 -1.531744E-05 -2.135993E-06  3.277073E-19
         4   5  7.895146E-03 -2.974432E-03 -3.018246E-03  1.531768E-05  2.135970E-06 -9.449039E-20
         4   6  7.895146E-03 -2.989749E-03 -3.007566E-03  1.531744E-05  2.135993E-06 -1.239676E-18
         4   7  7.895146E-03 -2.974432E-03 -3.018246E-03 -1.531768E-05  2.135970E-06 -4.187821E-19
         4   8  7.895146E-03 -2.989749E-03 -3.007566E-03 -1.531744E-05  2.135993E-06 -3.580214E-19
         5   1  7.899121E-03 -2.996526E-03 -3.003542E-03  3.196313E-06 -6.287916E-08 -5.776148E-19
         5   2  7.899121E-03 -2.999722E-03 -3.003228E-03  3.196302E-06 -6.287918E-08  1.157019E-19
         5   3  7.899121E-03 -2.996526E-03 -3.003542E-03 -3.196313E-06 -6.287916E-08 -2.533302E-19
         5   4  7.899121E-03 -2.999722E-03 -3.003228E-03 -3.196302E-06 -6.287918E-08 -1.764909E-19
         5   5  7.899121E-03 -2.996526E-03 -3.003542E-03  3.196313E-06  6.287916E-08 -9.998596E-19
         5   6  7.899121E-03 -2.999722E-03 -3.003228E-03  3.196302E-06  6.287918E-08 -9.119698E-20
         5   7  7.899121E-03 -2.996526E-03 -3.003542E-03 -3.196313E-06  6.287916E-08 -3.512905E-19
         5   8  7.899121E-03 -2.999722E-03 -3.003228E-03 -3.196302E-06  6.287918E-08 -1.384883E-19
         6   1  7.900846E-03 -3.001151E-03 -3.002993E-03  7.085538E-07 -6.544462E-08 -9.795711E-20
         6   2  7.900846E-03 -3.001860E-03 -3.002665E-03  7.085533E-07 -6.544464E-08  9.466707E-19
         6   3  7.900846E-03 -3.001151E-03 -3.002993E-03 -7.085538E-07 -6.544462E-08 -5.303345E-19
         6   4  7.900846E-03 -3.001860E-03 -3.002665E-03 -7.085533E-07 -6.544464E-08 -5.286471E-19
         6   5  7.900846E-03 -3.001151E-03 -3.002993E-03  7.085538E-07  6.544462E-08  1.621452E-19
         6   6  7.900846E-03 -3.001860E-03 -3.002665E-03  7.085533E-07  6.544464E-08  8.377320E-19
         6   7  7.900846E-03 -3.001151E-03 -3.002993E-03 -7.085538E-07  6.544462E-08 -2.567204E-19
         6   8  7.900846E-03 -3.001860E-03 -3.002665E-03 -7.085533E-07  6.544464E-08 -9.458234E-19
         7   1  7.901107E-03 -3.002175E-03 -3.002532E-03  1.514776E-07 -7.468310E-09  8.917781E-19
         7   2  7.901107E-03 -3.002326E-03 -3.002495E-03  1.514776E-07 -7.468310E-09  4.374441E-19
         7   3  7.901107E-03 -3.002175E-03 -3.002532E-03 -1.514776E-07 -7.468310E-09 -4.999352E-19
         7   4  7.901107E-03 -3.002326E-03 -3.002495E-03 -1.514776E-07 -7.468310E-09 -4.019750E-19
         7   5  7.901107E-03 -3.002175E-03 -3.002532E-03  1.514776E-07  7.468310E-09  3.107716E-19
         7   6  7.901107E-03 -3.002326E-03 -3.002495E-03  1.514776E-07  7.468310E-09  6.857230E-19
         7   7  7.901107E-03 -3.002175E-03 -3.002532E-03 -1.514776E-07  7.468310E-09 -5.539823E-19
         7   8  7.901107E-03 -3.002326E-03 -3.002495E-03 -1.514776E-07  7.468310E-09 -2.938808E-19
         8   1  7.901179E-03 -3.002394E-03 -3.002476E-03  3.309194E-08 -2.488084E-09  4.661565E-19
         8   2  7.901179E-03 -3.002427E-03 -3.002464E-03  3.309194E-08 -2.488084E-09  5.497604E-19
         8   3  7.901179E-03 -3.002394E-03 -3.002476E-03 -3.309194E-08 -2.488084E-09  3.580622E-19
         8   4  7.901179E-03 -3.002427E-03 -3.002464E-03 -3.309194E-08 -2.488084E-09  7.786161E-19
         8   5  7.901179E-03 -3.002394E-03 -3.002476E-03  3.309194E-08  2.488084E-09 -1.351159E-20
         8   6  7.901179E-03 -3.002427E-03 -3.002464E-03  3.309194E-08  2.488084E-09 -2.702346E-20
         8   7  7.901179E-03 -3.002394E-03 -3.002476E-03 -3.309194E-08  2.488084E-09  3.107710E-19
         8   8  7.901179E-03 -3.002427E-03 -3.002464E-03 -3.309194E-08  2.488084E-09  9.964935E-19
         9   1  7.901192E-03 -3.002441E-03 -3.002459E-03  7.136270E-09 -4.264826E-10 -3.141487E-19
         9   2  7.901192E-03 -3.002449E-03 -3.002457E-03  7.136270E-09 -4.264826E-10  7.769271E-19
         9   3  7.901192E-03 -3.002441E-03 -3.002459E-03 -7.136270E-09 -4.264826E-10  5.202034E-19
         9   4  7.901192E-03 -3.002449E-03 -3.002457E-03 -7.136270E-09 -4.264826E-10  7.431479E-20
         9   5  7.901192E-03 -3.002441E-03 -3.002459E-03  7.136270E-09  4.264826E-10 -2.161884E-19
         9   6  7.901192E-03 -3.002449E-03 -3.002457E-03  7.136270E-09  4.264826E-10  8.107065E-19
         9   7  7.901192E-03 -3.002441E-03 -3.002459E-03 -7.136270E-09  4.264826E-10  4.323769E-19
         9   8  7.901192E-03 -3.002449E-03 -3.002457E-03 -7.136270E-09  4.264826E-10  2.432120E-19
        10   1  7.901195E-03 -3.002452E-03 -3.002456E-03  1.550890E-09 -1.070147E-10  1.857869E-19
        10   2  7.901195E-03 -3.002453E-03 -3.002455E-03  1.550890E-09 -1.070147E-10 -8.411080E-19
        10   3  7.901195E-03 -3.002452E-03 -3.002456E-03 -1.550890E-09 -1.070147E-10  3.107708E-19
        10   4  7.901195E-03 -3.002453E-03 -3.002455E-03 -1.550890E-09 -1.070147E-10 -5.058471E-19
        10   5  7.901195E-03 -3.002452E-03 -3.002456E-03  1.550890E-09  1.070147E-10 -2.567237E-19
        10   6  7.901195E-03 -3.002453E-03 -3.002455E-03  1.550890E-09  1.070147E-10 -7.735491E-19
        10   7  7.901195E-03 -3.002452E-03 -3.002456E-03 -1.550890E-09  1.070147E-10  2.837473E-19
        10   8  7.901195E-03 -3.002453E-03 -3.002455E-03 -1.550890E-09  1.070147E-10  3.884635E-19
        11   1  7.901196E-03 -3.002454E-03 -3.002455E-03  3.354908E-10 -2.129854E-11 -1.148501E-18
        11   2  7.901196E-03 -3.002454E-03 -3.002455E-03  3.354908E-10 -2.129855E-11  1.916983E-19
        11   3  7.901196E-03 -3.002454E-03 -3.002455E-03 -3.354908E-10 -2.129854E-11 -2.736134E-19
        11   4  7.901196E-03 -3.002454E-03 -3.002455E-03 -3.354908E-10 -2.129855E-11  1.290375E-18
        11   5  7.901196E-03 -3.002454E-03 -3.002455E-03  3.354908E-10  2.129854E-11 -2.567237E-19
        11   6  7.901196E-03 -3.002454E-03 -3.002455E-03  3.354908E-10  2.129854E-11 -4.357547E-19
        11   7  7.901196E-03 -3.002454E-03 -3.002455E-03 -3.354908E-10  2.129854E-11  1.621413E-19
        11   8  7.901196E-03 -3.002454E-03 -3.002455E-03 -3.354908E-10  2.129855E-11  1.232949E-18
        12   1  7.901196E-03 -3.002454E-03 -3.002455E-03  7.277485E-11 -4.860314E-12 -4.087312E-19
        12   2  7.901196E-03 -3.002455E-03 -3.002455E-03  7.277485E-11 -4.860321E-12 -1.237172E-18
        12   3  7.901196E-03 -3.002454E-03 -3.002455E-03 -7.277485E-11 -4.860326E-12  8.883992E-19
        12   4  7.901196E-03 -3.002455E-03 -3.002455E-03 -7.277486E-11 -4.860321E-12 -5.717170E-19
        12   5  7.901196E-03 -3.002454E-03 -3.002455E-03  7.277486E-11  4.860311E-12  3.918415E-19
        12   6  7.901196E-03 -3.002455E-03 -3.002455E-03  7.277485E-11  4.860308E-12 -9.897375E-19
        12   7  7.901196E-03 -3.002454E-03 -3.002455E-03 -7.277485E-11  4.860305E-12  9.458243E-19
        12   8  7.901196E-03 -3.002455E-03 -3.002455E-03 -7.277485E-11  4.860317E-12 -5.911402E-19
        13   1  7.901196E-03 -3.002455E-03 -3.002455E-03  1.575995E-11 -1.021443E-12 -9.390684E-19
        13   2  7.901196E-03 -3.002455E-03 -3.002455E-03  1.575995E-11 -1.021445E-12 -2.981035E-19
        13   3  7.901196E-03 -3.002455E-03 -3.002455E-03 -1.575995E-11 -1.021458E-12 -1.276863E-18
        13   4  7.901196E-03 -3.002455E-03 -3.002455E-03 -1.575995E-11 -1.021454E-12 -3.808632E-19
        13   5  7.901196E-03 -3.002455E-03 -3.002455E-03  1.575995E-11  1.021454E-12 -8.107065E-19
        13   6  7.901196E-03 -3.002455E-03 -3.002455E-03  1.575995E-11  1.021450E-12 -3.715738E-20
        13   7  7.901196E-03 -3.002455E-03 -3.002455E-03 -1.575995E-11  1.021456E-12 -8.107065E-19
        13   8  7.901196E-03 -3.002455E-03 -3.002455E-03 -1.575995E-11  1.021452E-12 -3.715738E-20
        14   1  7.901196E-03 -3.002455E-03 -3.002455E-03  3.414835E-12 -2.253430E-13 -8.107065E-19
        14   2  7.901196E-03 -3.002455E-03 -3.002455E-03  3.414834E-12 -2.253561E-13  8.951551E-20
        14   3  7.901196E-03 -3.002455E-03 -3.002455E-03 -3.414827E-12 -2.253580E-13  1.621413E-19
        14   4  7.901196E-03 -3.002455E-03 -3.002455E-03 -3.414829E-12 -2.253475E-13  4.568669E-19
        14   5  7.901196E-03 -3.002455E-03 -3.002455E-03  3.414827E-12  2.253639E-13  3.377944E-19
        14   6  7.901196E-03 -3.002455E-03 -3.002455E-03  3.414829E-12  2.253565E-13  3.377944E-20
        14   7  7.901196E-03 -3.002455E-03 -3.002455E-03 -3.414833E-12  2.253503E-13  8.917772E-19
        14   8  7.901196E-03 -3.002455E-03 -3.002455E-03 -3.414832E-12  2.253608E-13  6.688329E-19
        15   1  7.901196E-03 -3.002455E-03 -3.002455E-03  7.326415E-13 -4.783241E-14  2.938811E-19
        15   2  7.901196E-03 -3.002455E-03 -3.002455E-03  7.326383E-13 -4.782717E-14  1.849424E-19
        15   3  7.901196E-03 -3.002455E-03 -3.002455E-03 -7.326369E-13 -4.783649E-14  1.050541E-18
        15   4  7.901196E-03 -3.002455E-03 -3.002455E-03 -7.326419E-13 -4.782775E-14  6.899450E-19
        15   5  7.901196E-03 -3.002455E-03 -3.002455E-03  7.326403E-13  4.784129E-14  4.323768E-19
        15   6  7.901196E-03 -3.002455E-03 -3.002455E-03  7.326355E-13  4.784479E-14  6.620770E-19
        15   7  7.901196E-03 -3.002455E-03 -3.002455E-03 -7.326383E-13  4.782269E-14  1.189036E-18
        15   8  7.901196E-03 -3.002455E-03 -3.002455E-03 -7.326396E-13  4.781914E-14  7.667932E-19
        16   1  7.901196E-03 -3.002455E-03 -3.002455E-03  1.256532E-13 -8.254955E-15 -1.216060E-19
        16   2  7.901196E-03 -3.002455E-03 -3.002455E-03  1.256556E-13 -8.265882E-15 -5.725615E-19
        16   3  7.901196E-03 -3.002455E-03 -3.002455E-03 -1.256569E-13 -8.266436E-15  5.269592E-19
        16   4  7.901196E-03 -3.002455E-03 -3.002455E-03 -1.256552E-13 -8.259443E-15  1.942318E-20
        16   5  7.901196E-03 -3.002455E-03 -3.002455E-03  1.256554E-13  8.261921E-15  3.513062E-19
        16   6  7.901196E-03 -3.002455E-03 -3.002455E-03  1.256554E-13  8.257550E-15 -4.661562E-19
        16   7  7.901196E-03 -3.002455E-03 -3.002455E-03 -1.256548E-13  8.264774E-15  4.594004E-19
        16   8  7.901196E-03 -3.002455E-03 -3.002455E-03 -1.256546E-13  8.277013E-15  5.945181E-19

                                INCREMENT    10


 forces (fx,fy,fz) for set RIGHT and time  0.8750000E+00

        65  2.813894E+01 -2.094228E-15 -1.743760E-14
        66  2.813894E+01  3.909590E-15 -1.328249E-14
        67  2.813894E+01  1.805090E-15  6.729823E-15
        68  2.813894E+01 -1.249037E-16  1.407206E-14

 displacements (vx,vy,vz) for set RIGHT and time  0.8750000E+00

        65  1.750000E-01  8.493325E-03  1.698665E-03
        66  1.750000E-01 -8.493325E-03  1.698665E-03
        67  1.750000E-01 -8.493325E-03 -1.698665E-03
        68  1.750000E-01  8.493325E-03 -1.698665E-03

 stresses (elem, integ.pnt.,sxx,syy,szz,sxy,sxz,syz) for set ALL and time  0.8750000E+00

         1   1  2.822679E+01  1.450063E+01  1.383118E+01  2.762338E+00  9.180821E-01  5.313639E-03
         1   2  1.692711E+01  6.429707E-01 -1.772301E+00  2.731788E+00  9.061691E-01  5.281226E-03
         1   3  2.822679E+01  1.450063E+01  1.383118E+01 -2.762338E+00  9.180821E-01 -5.313639E-03
         1   4  1.692711E+01  6.429707E-01 -1.772301E+00 -2.731788E+00  9.061691E-01 -5.281226E-03
         1   5  2.822679E+01  1.450063E+01  1.383118E+01  2.762338E+00 -9.180821E-01 -5.313639E-03
         1   6  1.692711E+01  6.429707E-01 -1.772301E+00  2.731788E+00 -9.061691E-01 -5.281226E-03
         1   7  2.822679E+01  1.450063E+01  1.383118E+01 -2.762338E+00 -9.180821E-01  5.313639E-03
         1   8  1.692711E+01  6.429707E-01 -1.772301E+00 -2.731788E+00 -9.061691E-01  5.281226E-03
         2   1  2.248542E+01  1.164252E+00 -1.289003E+00  7.162037E-01 -1.887234E-01 -2.852580E-04
         2   2  2.284061E+01  8.225002E-01 -3.073217E-02  7.158479E-01 -1.889605E-01 -2.853125E-04
         2   3  2.248542E+01  1.164252E+00 -1.289003E+00 -7.162037E-01 -1.887234E-01  2.852580E-04
         2   4  2.284061E+01  8.225002E-01 -3.073217E-02 -7.158479E-01 -1.889605E-01  2.853125E-04
         2   5  2.248542E+01  1.164252E+00 -1.289003E+00  7.162037E-01  1.887234E-01  2.852580E-04
         2   6  2.284061E+01  8.225002E-01 -3.073217E-02  7.158479E-01  1.889605E-01  2.853125E-04
         2   7  2.248542E+01  1.164252E+00 -1.289003E+00 -7.162037E-01  1.887234E-01 -2.852580E-04
         2   8  2.284061E+01  8.225002E-01 -3.073217E-02 -7.158479E-01  1.889605E-01 -2.853125E-04
         3   1  2.280689E+01  5.087258E-01  2.758434E-01  1.401139E-01  9.193090E-03  2.717065E-06
         3   2  2.251821E+01  8.965077E-02 -5.239782E-02  1.400638E-01  9.190713E-03  2.716641E-06
         3   3  2.280689E+01  5.087258E-01  2.758434E-01 -1.401139E-01  9.193090E-03 -2.717065E-06
         3   4  2.251821E+01  8.965077E-02 -5.239782E-02 -1.400638E-01  9.190713E-03 -2.716641E-06
         3   5  2.280689E+01  5.087258E-01  2.758434E-01  1.401139E-01 -9.193090E-03 -2.717065E-06
         3   6  2.251821E+01  8.965077E-02 -5.239782E-02  1.400638E-01 -9.190713E-03 -2.716641E-06
         3   7  2.280689E+01  5.087258E-01  2.758434E-01 -1.401139E-01 -9.193090E-03  2.717065E-06
         3   8  2.251821E+01  8.965077E-02 -5.239782E-02 -1.400638E-01 -9.190713E-03  2.716641E-06
         4   1  2.267229E+01  7.727080E-02 -1.213083E-02  3.241791E-02 -4.509839E-03 -3.084422E-07
         4   2  2.265698E+01  3.096106E-02 -5.454086E-03  3.241644E-02 -4.509896E-03 -3.084396E-07
         4   3  2.267229E+01  7.727080E-02 -1.213083E-02 -3.241791E-02 -4.509839E-03  3.084422E-07
         4   4  2.265698E+01  3.096106E-02 -5.454086E-03 -3.241644E-02 -4.509896E-03  3.084396E-07
         4   5  2.267229E+01  7.727080E-02 -1.213083E-02  3.241791E-02  4.509839E-03  3.084422E-07
         4   6  2.265698E+01  3.096106E-02 -5.454086E-03  3.241644E-02  4.509896E-03  3.084396E-07
         4   7  2.267229E+01  7.727080E-02 -1.213083E-02 -3.241791E-02  4.509839E-03 -3.084422E-07
         4   8  2.265698E+01  3.096106E-02 -5.454086E-03 -3.241644E-02  4.509896E-03 -3.084396E-07
         5   1  2.266954E+01  2.108277E-02  6.697836E-03  6.783211E-03 -1.367232E-04 -1.956614E-09
         5   2  2.266007E+01  5.235035E-03 -1.952314E-03  6.783116E-03 -1.367224E-04 -1.956602E-09
         5   3  2.266954E+01  2.108277E-02  6.697836E-03 -6.783211E-03 -1.367232E-04  1.956614E-09
         5   4  2.266007E+01  5.235035E-03 -1.952314E-03 -6.783116E-03 -1.367224E-04  1.956603E-09
         5   5  2.266954E+01  2.108277E-02  6.697836E-03  6.783211E-03  1.367232E-04  1.956614E-09
         5   6  2.266007E+01  5.235035E-03 -1.952314E-03  6.783116E-03  1.367224E-04  1.956607E-09
         5   7  2.266954E+01  2.108277E-02  6.697836E-03 -6.783211E-03  1.367232E-04 -1.956615E-09
         5   8  2.266007E+01  5.235035E-03 -1.952314E-03 -6.783116E-03  1.367224E-04 -1.956606E-09
         6   1  2.266551E+01  4.022090E-03  2.458501E-04  1.506713E-03 -1.388760E-04 -4.414551E-10
         6   2  2.266425E+01  1.329955E-03 -3.246037E-04  1.506709E-03 -1.388760E-04 -4.414534E-10
         6   3  2.266551E+01  4.022090E-03  2.458501E-04 -1.506713E-03 -1.388760E-04  4.414548E-10
         6   4  2.266425E+01  1.329955E-03 -3.246037E-04 -1.506709E-03 -1.388760E-04  4.414547E-10
         6   5  2.266551E+01  4.022090E-03  2.458501E-04  1.506713E-03  1.388760E-04  4.414565E-10
         6   6  2.266425E+01  1.329955E-03 -3.246037E-04  1.506709E-03  1.388760E-04  4.414569E-10
         6   7  2.266551E+01  4.022090E-03  2.458501E-04 -1.506713E-03  1.388760E-04 -4.414572E-10
         6   8  2.266425E+01  1.329955E-03 -3.246037E-04 -1.506709E-03  1.388760E-04 -4.414564E-10
         7   1  2.266508E+01  9.457655E-04  2.099990E-04  3.229351E-04 -1.602166E-05 -1.091338E-11
         7   2  2.266470E+01  2.638791E-04 -8.338600E-05  3.229349E-04 -1.602166E-05 -1.091452E-11
         7   3  2.266508E+01  9.457655E-04  2.099990E-04 -3.229351E-04 -1.602166E-05  1.091495E-11
         7   4  2.266470E+01  2.638791E-04 -8.338600E-05 -3.229349E-04 -1.602166E-05  1.091442E-11
         7   5  2.266508E+01  9.457655E-04  2.099990E-04  3.229351E-04  1.602166E-05  1.091687E-11
         7   6  2.266470E+01  2.638791E-04 -8.338600E-05  3.229349E-04  1.602166E-05  1.091609E-11
         7   7  2.266508E+01  9.457655E-04  2.099990E-04 -3.229351E-04  1.602166E-05 -1.091633E-11
         7   8  2.266470E+01  2.638791E-04 -8.338600E-05 -3.229349E-04  1.602166E-05 -1.091686E-11
         8   1  2.266493E+01  1.960749E-04  2.532710E-05  7.070257E-05 -5.311899E-06 -7.918064E-13
         8   2  2.266486E+01  6.055207E-05 -1.644304E-05  7.070256E-05 -5.311898E-06 -7.914987E-13
         8   3  2.266493E+01  1.960749E-04  2.532710E-05 -7.070257E-05 -5.311899E-06  7.917458E-13
         8   4  2.266486E+01  6.055207E-05 -1.644304E-05 -7.070256E-05 -5.311898E-06  7.923127E-13
         8   5  2.266493E+01  1.960749E-04  2.532710E-05  7.070257E-05  5.311899E-06  7.924188E-13
         8   6  2.266486E+01  6.055207E-05 -1.644304E-05  7.070256E-05  5.311898E-06  7.926128E-13
         8   7  2.266493E+01  1.960749E-04  2.532710E-05 -7.070257E-05  5.311899E-06 -7.932434E-13
         8   8  2.266486E+01  6.055207E-05 -1.644304E-05 -7.070256E-05  5.311898E-06 -7.919822E-13
         9   1  2.266490E+01  4.379873E-05  8.128744E-06  1.528417E-05 -9.164543E-07 -2.876957E-14
         9   2  2.266488E+01  1.273275E-05 -3.787607E-06  1.528417E-05 -9.164543E-07 -2.819811E-14
         9   3  2.266490E+01  4.379873E-05  8.128744E-06 -1.528417E-05 -9.164543E-07  2.976393E-14
         9   4  2.266488E+01  1.273275E-05 -3.787607E-06 -1.528417E-05 -9.164543E-07  2.889235E-14
         9   5  2.266490E+01  4.379873E-05  8.128744E-06  1.528417E-05  9.164543E-07  2.964873E-14
         9   6  2.266488E+01  1.273275E-05 -3.787607E-06  1.528417E-05  9.164543E-07  3.041269E-14
         9   7  2.266490E+01  4.379873E-05  8.128744E-06 -1.528417E-05  9.164543E-07 -2.928494E-14
         9   8  2.266488E+01  1.273275E-05 -3.787607E-06 -1.528417E-05  9.164543E-07 -2.966085E-14
        10   1  2.266489E+01  9.356341E-06  1.425211E-06  3.329160E-06 -2.297949E-07  8.368826E-17
        10   2  2.266489E+01  2.819895E-06 -7.946793E-07  3.329160E-06 -2.297949E-07 -8.970331E-16
        10   3  2.266489E+01  9.356341E-06  1.425211E-06 -3.329160E-06 -2.297949E-07  2.905466E-15
        10   4  2.266489E+01  2.819895E-06 -7.946792E-07 -3.329160E-06 -2.297949E-07  1.853502E-15
        10   5  2.266489E+01  9.356341E-06  1.425211E-06  3.329160E-06  2.297949E-07  2.681127E-15
        10   6  2.266489E+01  2.819895E-06 -7.946792E-07  3.329160E-06  2.297949E-07  2.529548E-15
        10   7  2.266489E+01  9.356341E-06  1.425211E-06 -3.329160E-06  2.297949E-07 -1.588393E-16
        10   8  2.266489E+01  2.819895E-06 -7.946792E-07 -3.329160E-06  2.297949E-07 -2.861664E-16
        11   1  2.266489E+01  2.052535E-06  3.536490E-07  7.218832E-07 -4.593020E-08  1.197256E-15
        11   2  2.266489E+01  6.054523E-07 -1.762328E-07  7.218832E-07 -4.593022E-08  1.697469E-15
        11   3  2.266489E+01  2.052535E-06  3.536490E-07 -7.218832E-07 -4.593023E-08  2.125373E-15
        11   4  2.266489E+01  6.054523E-07 -1.762328E-07 -7.218832E-07 -4.593022E-08  2.727145E-15
        11   5  2.266489E+01  2.052535E-06  3.536489E-07  7.218832E-07  4.593022E-08  2.058678E-15
        11   6  2.266489E+01  6.054522E-07 -1.762328E-07  7.218832E-07  4.593021E-08  1.434169E-15
        11   7  2.266489E+01  2.052535E-06  3.536490E-07 -7.218832E-07  4.593020E-08  1.700501E-15
        11   8  2.266489E+01  6.054523E-07 -1.762328E-07 -7.218832E-07  4.593021E-08  2.221935E-15
        12   1  2.266489E+01  4.431838E-07  7.110211E-08  1.569523E-07 -1.049193E-08  2.270223E-15
        12   2  2.266489E+01  1.324174E-07 -3.780836E-08  1.569523E-07 -1.049196E-08 -2.014796E-17
        12   3  2.266489E+01  4.431838E-07  7.110210E-08 -1.569523E-07 -1.049193E-08  9.432689E-16
        12   4  2.266489E+01  1.324174E-07 -3.780836E-08 -1.569523E-07 -1.049193E-08 -6.377083E-16
        12   5  2.266489E+01  4.431838E-07  7.110212E-08  1.569523E-07  1.049192E-08  9.250793E-16
        12   6  2.266489E+01  1.324174E-07 -3.780835E-08  1.569523E-07  1.049188E-08 -1.238528E-16
        12   7  2.266489E+01  4.431838E-07  7.110209E-08 -1.569523E-07  1.049189E-08  7.483616E-16
        12   8  2.266489E+01  1.324174E-07 -3.780839E-08 -1.569523E-07  1.049191E-08 -1.689041E-15
        13   1  2.266489E+01  9.660205E-08  1.618315E-08  3.406922E-08 -2.212008E-09  1.635472E-16
        13   2  2.266489E+01  2.864540E-08 -8.272572E-09  3.406922E-08 -2.212009E-09  1.958252E-15
        13   3  2.266489E+01  9.660206E-08  1.618315E-08 -3.406922E-08 -2.212037E-09 -1.024520E-15
        13   4  2.266489E+01  2.864540E-08 -8.272577E-09 -3.406922E-08 -2.212002E-09 -2.443307E-15
        13   5  2.266489E+01  9.660208E-08  1.618319E-08  3.406922E-08  2.212011E-09 -7.259931E-17
        13   6  2.266489E+01  2.864544E-08 -8.272535E-09  3.406922E-08  2.212018E-09  3.653815E-17
        13   7  2.266489E+01  9.660213E-08  1.618322E-08 -3.406922E-08  2.212004E-09 -2.013139E-15
        13   8  2.266489E+01  2.864547E-08 -8.272507E-09 -3.406922E-08  2.212036E-09 -1.934317E-15
        14   1  2.266489E+01  2.094088E-08  3.418341E-09  7.399153E-09 -4.888767E-10  5.881220E-16
        14   2  2.266489E+01  6.246764E-09 -1.787376E-09  7.399153E-09 -4.889252E-10  1.151999E-15
        14   3  2.266489E+01  2.094083E-08  3.418295E-09 -7.399148E-09 -4.888797E-10  7.821594E-16
        14   4  2.266489E+01  6.246732E-09 -1.787408E-09 -7.399146E-09 -4.888829E-10  1.568859E-15
        14   5  2.266489E+01  2.094085E-08  3.418321E-09  7.399146E-09  4.888991E-10 -1.940145E-16
        14   6  2.266489E+01  6.246743E-09 -1.787395E-09  7.399151E-09  4.888618E-10  1.849281E-15
        14   7  2.266489E+01  2.094085E-08  3.418306E-09 -7.399154E-09  4.888639E-10 -1.333910E-15
        14   8  2.266489E+01  6.246780E-09 -1.787358E-09 -7.399149E-09  4.888861E-10  1.606738E-15
        15   1  2.266489E+01  4.567337E-09  7.510774E-10  1.591069E-09 -1.040422E-10  8.730993E-16
        15   2  2.266489E+01  1.399262E-09 -3.819265E-10  1.591068E-09 -1.040486E-10  1.373313E-15
        15   3  2.266489E+01  4.567358E-09  7.511038E-10 -1.591075E-09 -1.040464E-10  1.430914E-15
        15   4  2.266489E+01  1.399276E-09 -3.819142E-10 -1.591077E-09 -1.040114E-10  3.046757E-16
        15   5  2.266489E+01  4.567355E-09  7.510950E-10  1.591075E-09  1.040277E-10  9.943638E-16
        15   6  2.266489E+01  1.399282E-09 -3.819072E-10  1.591075E-09  1.040149E-10  1.182323E-15
        15   7  2.266489E+01  4.567387E-09  7.511302E-10 -1.591070E-09  1.040214E-10  1.576430E-15
        15   8  2.266489E+01  1.399262E-09 -3.819301E-10 -1.591074E-09  1.040692E-10 -1.030743E-15
        16   1  2.266489E+01  1.052136E-09  1.440491E-10  2.733641E-10 -1.799987E-11 -1.170196E-15
        16   2  2.266489E+01  5.088246E-10 -4.898300E-11  2.733673E-10 -1.799669E-11  1.640093E-15
        16   3  2.266489E+01  1.052131E-09  1.440350E-10 -2.733667E-10 -1.802294E-11 -1.170196E-15
        16   4  2.266489E+01  5.088070E-10 -4.901469E-11 -2.733687E-10 -1.798476E-11 -1.711336E-15
        16   5  2.266489E+01  1.052120E-09  1.440315E-10  2.733681E-10  1.800774E-11 -3.880443E-16
        16   6  2.266489E+01  5.088034E-10 -4.900237E-11  2.733673E-10  1.798388E-11  2.122117E-16
        16   7  2.266489E+01  1.052120E-09  1.440227E-10 -2.733625E-10  1.798566E-11 -1.964474E-15
        16   8  2.266489E+01  5.088334E-10 -4.898476E-11 -2.733633E-10  1.801101E-11 -2.958838E-15

 strains (elem, integ.pnt.,exx,eyy,ezz,exy,exz,eyz) for set ALL and time  0.8750000E+00

         1   1  6.864772E-03 -5.410289E-04 -8.995383E-04  1.477718E-03  4.912956E-04  4.060154E-20
         1   2  6.864772E-03 -2.017654E-03 -3.352994E-03  1.475532E-03  4.900866E-04  1.982501E-20
         1   3  6.864772E-03 -5.410289E-04 -8.995383E-04 -1.477718E-03  4.912956E-04 -1.219408E-19
         1   4  6.864772E-03 -2.017654E-03 -3.352994E-03 -1.475532E-03  4.900866E-04 -8.837623E-20
         1   5  6.864772E-03 -5.410289E-04 -8.995383E-04  1.477718E-03 -4.912956E-04  9.477259E-20
         1   6  6.864772E-03 -2.017654E-03 -3.352994E-03  1.475532E-03 -4.900866E-04  1.346346E-19
         1   7  6.864772E-03 -5.410289E-04 -8.995383E-04 -1.477718E-03 -4.912956E-04 -9.486011E-20
         1   8  6.864772E-03 -2.017654E-03 -3.352994E-03 -1.475532E-03 -4.900866E-04 -5.806727E-22
         2   1  8.874924E-03 -2.698261E-03 -4.063960E-03  3.842914E-04 -1.013954E-04 -5.532651E-20
         2   2  8.874924E-03 -3.082478E-03 -3.556854E-03  3.841429E-04 -1.014473E-04 -1.023784E-19
         2   3  8.874924E-03 -2.698261E-03 -4.063960E-03 -3.842914E-04 -1.013954E-04 -3.797083E-19
         2   4  8.874924E-03 -3.082478E-03 -3.556854E-03 -3.841429E-04 -1.014473E-04  4.623276E-20
         2   5  8.874924E-03 -2.698261E-03 -4.063960E-03  3.842914E-04  1.013954E-04 -1.485727E-21
         2   6  8.874924E-03 -3.082478E-03 -3.556854E-03  3.841429E-04  1.014473E-04 -6.195595E-20
         2   7  8.874924E-03 -2.698261E-03 -4.063960E-03 -3.842914E-04  1.013954E-04 -2.177403E-19
         2   8  8.874924E-03 -3.082478E-03 -3.556854E-03 -3.841429E-04  1.014473E-04  6.638591E-20
         3   1  8.862703E-03 -3.250601E-03 -3.380206E-03  7.520426E-05  4.934880E-06 -1.056704E-20
         3   2  8.862703E-03 -3.325802E-03 -3.404880E-03  7.519856E-05  4.934757E-06 -4.858258E-19
         3   3  8.862703E-03 -3.250601E-03 -3.380206E-03 -7.520426E-05  4.934880E-06 -5.610331E-19
         3   4  8.862703E-03 -3.325802E-03 -3.404880E-03 -7.519856E-05  4.934757E-06  2.081164E-19
         3   5  8.862703E-03 -3.250601E-03 -3.380206E-03  7.520426E-05 -4.934880E-06  2.561891E-19
         3   6  8.862703E-03 -3.325802E-03 -3.404880E-03  7.519856E-05 -4.934757E-06 -4.698150E-19
         3   7  8.862703E-03 -3.250601E-03 -3.380206E-03 -7.520426E-05 -4.934880E-06 -2.841470E-19
         3   8  8.862703E-03 -3.325802E-03 -3.404880E-03 -7.519856E-05 -4.934757E-06  7.998786E-19
         4   1  8.918266E-03 -3.359696E-03 -3.409481E-03  1.740185E-05 -2.420986E-06 -7.060369E-19
         4   2  8.918266E-03 -3.377098E-03 -3.397376E-03  1.740155E-05 -2.421015E-06  4.455818E-19
         4   3  8.918266E-03 -3.359696E-03 -3.409481E-03 -1.740185E-05 -2.420986E-06 -5.770482E-20
         4   4  8.918266E-03 -3.377098E-03 -3.397376E-03 -1.740155E-05 -2.421015E-06  3.206448E-19
         4   5  8.918266E-03 -3.359696E-03 -3.409481E-03  1.740185E-05  2.420986E-06 -5.135784E-19
         4   6  8.918266E-03 -3.377098E-03 -3.397376E-03  1.740155E-05  2.421015E-06  3.138910E-19
         4   7  8.918266E-03 -3.359696E-03 -3.409481E-03 -1.740185E-05  2.420986E-06  1.120758E-18
         4   8  8.918266E-03 -3.377098E-03 -3.397376E-03 -1.740155E-05  2.421015E-06  6.583115E-19
         5   1  8.922794E-03 -3.384800E-03 -3.392811E-03  3.641279E-06 -7.339462E-08  1.653950E-19
         5   2  8.922794E-03 -3.388441E-03 -3.392444E-03  3.641266E-06 -7.339465E-08  1.150552E-18
         5   3  8.922794E-03 -3.384800E-03 -3.392811E-03 -3.641279E-06 -7.339462E-08 -2.668155E-19
         5   4  8.922794E-03 -3.388441E-03 -3.392444E-03 -3.641266E-06 -7.339465E-08 -7.327640E-19
         5   5  8.922794E-03 -3.384800E-03 -3.392811E-03  3.641279E-06  7.339462E-08 -1.356660E-20
         5   6  8.922794E-03 -3.388441E-03 -3.392444E-03  3.641266E-06  7.339465E-08  1.124384E-18
         5   7  8.922794E-03 -3.384800E-03 -3.392811E-03 -3.641279E-06  7.339462E-08 -3.377244E-19
         5   8  8.922794E-03 -3.388441E-03 -3.392444E-03 -3.641266E-06  7.339465E-08 -9.893879E-19
         6   1  8.924755E-03 -3.390070E-03 -3.392173E-03  8.088188E-07 -7.455021E-08  5.132276E-19
         6   2  8.924755E-03 -3.390879E-03 -3.391800E-03  8.088182E-07 -7.455024E-08  1.299147E-18
         6   3  8.924755E-03 -3.390070E-03 -3.392173E-03 -8.088188E-07 -7.455021E-08 -6.888513E-19
         6   4  8.924755E-03 -3.390879E-03 -3.391800E-03 -8.088182E-07 -7.455024E-08 -5.807882E-19
         6   5  8.924755E-03 -3.390070E-03 -3.392173E-03  8.088188E-07  7.455021E-08  2.836170E-19
         6   6  8.924755E-03 -3.390879E-03 -3.391800E-03  8.088182E-07  7.455024E-08  6.483026E-19
         6   7  8.924755E-03 -3.390070E-03 -3.392173E-03 -8.088188E-07  7.455021E-08 -6.753449E-19
         6   8  8.924755E-03 -3.390879E-03 -3.391800E-03 -8.088182E-07  7.455024E-08 -3.781909E-19
         7   1  8.925054E-03 -3.391238E-03 -3.391648E-03  1.733550E-07 -8.600605E-09  1.310126E-18
         7   2  8.925054E-03 -3.391412E-03 -3.391605E-03  1.733550E-07 -8.600605E-09  6.694136E-19
         7   3  8.925054E-03 -3.391238E-03 -3.391648E-03 -1.733550E-07 -8.600605E-09 -4.322116E-19
         7   4  8.925054E-03 -3.391412E-03 -3.391605E-03 -1.733550E-07 -8.600605E-09 -7.276637E-19
         7   5  8.925054E-03 -3.391238E-03 -3.391648E-03  1.733550E-07  8.600605E-09  6.348010E-19
         7   6  8.925054E-03 -3.391412E-03 -3.391605E-03  1.733550E-07  8.600605E-09  2.025956E-19
         7   7  8.925054E-03 -3.391238E-03 -3.391648E-03 -1.733550E-07  8.600605E-09 -3.376662E-19
         7   8  8.925054E-03 -3.391412E-03 -3.391605E-03 -1.733550E-07  8.600605E-09 -6.314299E-19
         8   1  8.925135E-03 -3.391489E-03 -3.391584E-03  3.795390E-08 -2.851485E-09  3.005185E-19
         8   2  8.925135E-03 -3.391527E-03 -3.391570E-03  3.795390E-08 -2.851485E-09  4.718824E-19
         8   3  8.925135E-03 -3.391489E-03 -3.391584E-03 -3.795390E-08 -2.851485E-09 -3.342864E-19
         8   4  8.925135E-03 -3.391527E-03 -3.391570E-03 -3.795390E-08 -2.851485E-09 -1.857184E-20
         8   5  8.925135E-03 -3.391489E-03 -3.391584E-03  3.795390E-08  2.851485E-09  4.051864E-20
         8   6  8.925135E-03 -3.391527E-03 -3.391570E-03  3.795390E-08  2.851485E-09  1.485709E-19
         8   7  8.925135E-03 -3.391489E-03 -3.391584E-03 -3.795390E-08  2.851485E-09 -4.997408E-19
         8   8  8.925135E-03 -3.391527E-03 -3.391570E-03 -3.795390E-08  2.851485E-09  2.025969E-19
         9   1  8.925151E-03 -3.391544E-03 -3.391564E-03  8.204710E-09 -4.919626E-10  4.355839E-19
         9   2  8.925151E-03 -3.391552E-03 -3.391561E-03  8.204710E-09 -4.919626E-10  7.538306E-19
         9   3  8.925151E-03 -3.391544E-03 -3.391564E-03 -8.204710E-09 -4.919626E-10  1.181815E-19
         9   4  8.925151E-03 -3.391552E-03 -3.391561E-03 -8.204710E-09 -4.919626E-10 -3.672077E-19
         9   5  8.925151E-03 -3.391544E-03 -3.391564E-03  8.204710E-09  4.919626E-10  5.402572E-20
         9   6  8.925151E-03 -3.391552E-03 -3.391561E-03  8.204710E-09  4.919626E-10  4.794801E-19
         9   7  8.925151E-03 -3.391544E-03 -3.391564E-03 -8.204710E-09  4.919626E-10  1.485711E-19
         9   8  8.925151E-03 -3.391552E-03 -3.391561E-03 -8.204710E-09  4.919626E-10 -6.077930E-20
        10   1  8.925154E-03 -3.391556E-03 -3.391560E-03  1.787129E-09 -1.233564E-10  9.454539E-19
        10   2  8.925154E-03 -3.391558E-03 -3.391560E-03  1.787129E-09 -1.233564E-10  3.992854E-19
        10   3  8.925154E-03 -3.391556E-03 -3.391560E-03 -1.787129E-09 -1.233564E-10  7.192203E-19
        10   4  8.925154E-03 -3.391558E-03 -3.391560E-03 -1.787129E-09 -1.233564E-10  1.333765E-19
        10   5  8.925154E-03 -3.391556E-03 -3.391560E-03  1.787129E-09  1.233564E-10  5.942853E-19
        10   6  8.925154E-03 -3.391558E-03 -3.391560E-03  1.787129E-09  1.233564E-10  5.098698E-19
        10   7  8.925154E-03 -3.391556E-03 -3.391560E-03 -1.787129E-09  1.233564E-10  8.103890E-19
        10   8  8.925154E-03 -3.391558E-03 -3.391560E-03 -1.787129E-09  1.233564E-10  7.394800E-19
        11   1  8.925155E-03 -3.391558E-03 -3.391559E-03  3.875147E-10 -2.465583E-11  7.057138E-19
        11   2  8.925155E-03 -3.391559E-03 -3.391559E-03  3.875147E-10 -2.465584E-11  9.842851E-19
        11   3  8.925155E-03 -3.391558E-03 -3.391559E-03 -3.875147E-10 -2.465585E-11  1.144675E-18
        11   4  8.925155E-03 -3.391559E-03 -3.391559E-03 -3.875147E-10 -2.465584E-11  1.479804E-18
        11   5  8.925155E-03 -3.391558E-03 -3.391559E-03  3.875147E-10  2.465584E-11  1.107532E-18
        11   6  8.925155E-03 -3.391559E-03 -3.391559E-03  3.875147E-10  2.465584E-11  7.597398E-19
        11   7  8.925155E-03 -3.391558E-03 -3.391559E-03 -3.875147E-10  2.465583E-11  9.859734E-19
        11   8  8.925155E-03 -3.391559E-03 -3.391559E-03 -3.875147E-10  2.465584E-11  1.276363E-18
        12   1  8.925155E-03 -3.391559E-03 -3.391559E-03  8.425369E-11 -5.632185E-12  1.266233E-18
        12   2  8.925155E-03 -3.391559E-03 -3.391559E-03  8.425369E-11 -5.632198E-12 -9.285709E-21
        12   3  8.925155E-03 -3.391559E-03 -3.391559E-03 -8.425370E-11 -5.632185E-12  5.233763E-19
        12   4  8.925155E-03 -3.391559E-03 -3.391559E-03 -8.425370E-11 -5.632181E-12 -3.570777E-19
        12   5  8.925155E-03 -3.391559E-03 -3.391559E-03  8.425369E-11  5.632175E-12  5.132464E-19
        12   6  8.925155E-03 -3.391559E-03 -3.391559E-03  8.425369E-11  5.632156E-12 -7.090905E-20
        12   7  8.925155E-03 -3.391559E-03 -3.391559E-03 -8.425369E-11  5.632163E-12  4.187010E-19
        12   8  8.925155E-03 -3.391559E-03 -3.391559E-03 -8.425369E-11  5.632173E-12 -9.387007E-19
        13   1  8.925155E-03 -3.391559E-03 -3.391559E-03  1.828873E-11 -1.187430E-12  9.116877E-20
        13   2  8.925155E-03 -3.391559E-03 -3.391559E-03  1.828873E-11 -1.187430E-12  1.090649E-18
        13   3  8.925155E-03 -3.391559E-03 -3.391559E-03 -1.828873E-11 -1.187446E-12 -5.706490E-19
        13   4  8.925155E-03 -3.391559E-03 -3.391559E-03 -1.828873E-11 -1.187427E-12 -1.360778E-18
        13   5  8.925155E-03 -3.391559E-03 -3.391559E-03  1.828873E-11  1.187431E-12 -4.051945E-20
        13   6  8.925155E-03 -3.391559E-03 -3.391559E-03  1.828873E-11  1.187435E-12  2.025973E-20
        13   7  8.925155E-03 -3.391559E-03 -3.391559E-03 -1.828873E-11  1.187428E-12 -1.121038E-18
        13   8  8.925155E-03 -3.391559E-03 -3.391559E-03 -1.828873E-11  1.187445E-12 -1.077142E-18
        14   1  8.925155E-03 -3.391559E-03 -3.391559E-03  3.971946E-12 -2.624343E-13  3.275323E-19
        14   2  8.925155E-03 -3.391559E-03 -3.391559E-03  3.971946E-12 -2.624610E-13  6.415580E-19
        14   3  8.925155E-03 -3.391559E-03 -3.391559E-03 -3.971943E-12 -2.624361E-13  4.355841E-19
        14   4  8.925155E-03 -3.391559E-03 -3.391559E-03 -3.971942E-12 -2.624378E-13  8.737007E-19
        14   5  8.925155E-03 -3.391559E-03 -3.391559E-03  3.971942E-12  2.624465E-13 -1.080519E-19
        14   6  8.925155E-03 -3.391559E-03 -3.391559E-03  3.971945E-12  2.624259E-13  1.029869E-18
        14   7  8.925155E-03 -3.391559E-03 -3.391559E-03 -3.971946E-12  2.624270E-13 -7.428567E-19
        14   8  8.925155E-03 -3.391559E-03 -3.391559E-03 -3.971943E-12  2.624392E-13  8.948046E-19
        15   1  8.925155E-03 -3.391559E-03 -3.391559E-03  8.541033E-13 -5.585120E-14  4.862335E-19
        15   2  8.925155E-03 -3.391559E-03 -3.391559E-03  8.541028E-13 -5.585470E-14  7.648047E-19
        15   3  8.925155E-03 -3.391559E-03 -3.391559E-03 -8.541063E-13 -5.585323E-14  7.968826E-19
        15   4  8.925155E-03 -3.391559E-03 -3.391559E-03 -8.541074E-13 -5.583398E-14  1.696752E-19
        15   5  8.925155E-03 -3.391559E-03 -3.391559E-03  8.541064E-13  5.584298E-14  5.537659E-19
        15   6  8.925155E-03 -3.391559E-03 -3.391559E-03  8.541062E-13  5.583597E-14  6.584411E-19
        15   7  8.925155E-03 -3.391559E-03 -3.391559E-03 -8.541038E-13  5.583981E-14  8.779215E-19
        15   8  8.925155E-03 -3.391559E-03 -3.391559E-03 -8.541056E-13  5.586611E-14 -5.740256E-19
        16   1  8.925155E-03 -3.391559E-03 -3.391559E-03  1.467448E-13 -9.662612E-15 -6.516879E-19
        16   2  8.925155E-03 -3.391559E-03 -3.391559E-03  1.467466E-13 -9.660862E-15  9.133760E-19
        16   3  8.925155E-03 -3.391559E-03 -3.391559E-03 -1.467462E-13 -9.675077E-15 -6.516879E-19
        16   4  8.925155E-03 -3.391559E-03 -3.391559E-03 -1.467473E-13 -9.654076E-15 -9.530513E-19
        16   5  8.925155E-03 -3.391559E-03 -3.391559E-03  1.467470E-13  9.666622E-15 -2.161038E-19
        16   6  8.925155E-03 -3.391559E-03 -3.391559E-03  1.467465E-13  9.653496E-15  1.181817E-19
        16   7  8.925155E-03 -3.391559E-03 -3.391559E-03 -1.467440E-13  9.654728E-15 -1.094025E-18
        16   8  8.925155E-03 -3.391559E-03 -3.391559E-03 -1.467444E-13  9.668675E-15 -1.647791E-18

                                INCREMENT    11


 forces (fx,fy,fz) for set RIGHT and time  0.9750000E+00

        65  3.140203E+01 -8.178348E-15 -9.695654E-15
        66  3.140203E+01  7.376862E-15 -3.051514E-14
        67  3.140203E+01  5.026362E-15  3.299702E-14
        68  3.140203E+01 -6.077823E-15  2.687847E-14

 displacements (vx,vy,vz) for set RIGHT and time  0.9750000E+00

        65  1.950000E-01  9.470564E-03  1.894113E-03
        66  1.950000E-01 -9.470564E-03  1.894113E-03
        67  1.950000E-01 -9.470564E-03 -1.894113E-03
        68  1.950000E-01  9.470564E-03 -1.894113E-03

 stresses (elem, integ.pnt.,sxx,syy,szz,sxy,sxz,syz) for set ALL and time  0.9750000E+00

         1   1  3.150352E+01  1.615962E+01  1.540946E+01  3.089118E+00  1.027522E+00  6.611264E-03
         1   2  1.890353E+01  7.241824E-01 -1.972074E+00  3.051194E+00  1.012714E+00  6.566410E-03
         1   3  3.150352E+01  1.615962E+01  1.540946E+01 -3.089118E+00  1.027522E+00 -6.611264E-03
         1   4  1.890353E+01  7.241824E-01 -1.972074E+00 -3.051194E+00  1.012714E+00 -6.566410E-03
         1   5  3.150352E+01  1.615962E+01  1.540946E+01  3.089118E+00 -1.027522E+00 -6.611264E-03
         1   6  1.890353E+01  7.241824E-01 -1.972074E+00  3.051194E+00 -1.012714E+00 -6.566410E-03
         1   7  3.150352E+01  1.615962E+01  1.540946E+01 -3.089118E+00 -1.027522E+00  6.611264E-03
         1   8  1.890353E+01  7.241824E-01 -1.972074E+00 -3.051194E+00 -1.012714E+00  6.566410E-03
         2   1  2.511244E+01  1.299977E+00 -1.436699E+00  8.018155E-01 -2.112193E-01 -3.555897E-04
         2   2  2.550895E+01  9.186772E-01 -3.450753E-02  8.013716E-01 -2.115146E-01 -3.556653E-04
         2   3  2.511244E+01  1.299977E+00 -1.436699E+00 -8.018155E-01 -2.112193E-01  3.555897E-04
         2   4  2.550895E+01  9.186772E-01 -3.450753E-02 -8.013716E-01 -2.115146E-01  3.556653E-04
         2   5  2.511244E+01  1.299977E+00 -1.436699E+00  8.018155E-01  2.112193E-01  3.555897E-04
         2   6  2.550895E+01  9.186772E-01 -3.450753E-02  8.013716E-01  2.115146E-01  3.556653E-04
         2   7  2.511244E+01  1.299977E+00 -1.436699E+00 -8.018155E-01  2.112193E-01 -3.555897E-04
         2   8  2.550895E+01  9.186772E-01 -3.450753E-02 -8.013716E-01  2.115146E-01 -3.556653E-04
         3   1  2.547145E+01  5.686536E-01  3.074249E-01  1.573284E-01  1.023035E-02  3.377503E-06
         3   2  2.514878E+01  1.007579E-01 -5.845022E-02  1.572656E-01  1.022740E-02  3.376916E-06
         3   3  2.547145E+01  5.686536E-01  3.074249E-01 -1.573284E-01  1.023035E-02 -3.377503E-06
         3   4  2.514878E+01  1.007579E-01 -5.845022E-02 -1.572656E-01  1.022740E-02 -3.376916E-06
         3   5  2.547145E+01  5.686536E-01  3.074249E-01  1.573284E-01 -1.023035E-02 -3.377503E-06
         3   6  2.514878E+01  1.007579E-01 -5.845022E-02  1.572656E-01 -1.022740E-02 -3.376916E-06
         3   7  2.547145E+01  5.686536E-01  3.074249E-01 -1.573284E-01 -1.023035E-02  3.377503E-06
         3   8  2.514878E+01  1.007579E-01 -5.845022E-02 -1.572656E-01 -1.022740E-02  3.376916E-06
         4   1  2.532136E+01  8.670027E-02 -1.345631E-02  3.646360E-02 -5.060940E-03 -3.873177E-07
         4   2  2.530408E+01  3.474016E-02 -6.122677E-03  3.646175E-02 -5.061011E-03 -3.873141E-07
         4   3  2.532136E+01  8.670027E-02 -1.345631E-02 -3.646360E-02 -5.060940E-03  3.873177E-07
         4   4  2.530408E+01  3.474016E-02 -6.122677E-03 -3.646175E-02 -5.061011E-03  3.873141E-07
         4   5  2.532136E+01  8.670027E-02 -1.345631E-02  3.646360E-02  5.060940E-03  3.873177E-07
         4   6  2.530408E+01  3.474016E-02 -6.122677E-03  3.646175E-02  5.061011E-03  3.873141E-07
         4   7  2.532136E+01  8.670027E-02 -1.345631E-02 -3.646360E-02  5.060940E-03 -3.873177E-07
         4   8  2.530408E+01  3.474016E-02 -6.122677E-03 -3.646175E-02  5.061011E-03 -3.873141E-07
         5   1  2.531824E+01  2.367486E-02  7.482149E-03  7.650801E-03 -1.578809E-04 -2.535204E-09
         5   2  2.530762E+01  5.902862E-03 -2.188010E-03  7.650681E-03 -1.578798E-04 -2.535189E-09
         5   3  2.531824E+01  2.367486E-02  7.482149E-03 -7.650801E-03 -1.578809E-04  2.535205E-09
         5   4  2.530762E+01  5.902862E-03 -2.188010E-03 -7.650681E-03 -1.578798E-04  2.535191E-09
         5   5  2.531824E+01  2.367486E-02  7.482149E-03  7.650801E-03  1.578809E-04  2.535206E-09
         5   6  2.530762E+01  5.902862E-03 -2.188010E-03  7.650681E-03  1.578798E-04  2.535192E-09
         5   7  2.531824E+01  2.367486E-02  7.482149E-03 -7.650801E-03  1.578809E-04 -2.535207E-09
         5   8  2.530762E+01  5.902862E-03 -2.188010E-03 -7.650681E-03  1.578798E-04 -2.535192E-09
         6   1  2.531374E+01  4.532336E-03  2.804073E-04  1.702847E-03 -1.566317E-04 -5.598008E-10
         6   2  2.531231E+01  1.500042E-03 -3.656020E-04  1.702843E-03 -1.566316E-04 -5.598002E-10
         6   3  2.531374E+01  4.532336E-03  2.804073E-04 -1.702847E-03 -1.566317E-04  5.598018E-10
         6   4  2.531231E+01  1.500042E-03 -3.656020E-04 -1.702843E-03 -1.566316E-04  5.598022E-10
         6   5  2.531374E+01  4.532336E-03  2.804073E-04  1.702847E-03  1.566317E-04  5.598024E-10
         6   6  2.531231E+01  1.500042E-03 -3.656020E-04  1.702843E-03  1.566316E-04  5.598015E-10
         6   7  2.531374E+01  4.532336E-03  2.804073E-04 -1.702847E-03  1.566317E-04 -5.598031E-10
         6   8  2.531231E+01  1.500042E-03 -3.656020E-04 -1.702843E-03  1.566316E-04 -5.598019E-10
         7   1  2.531325E+01  1.067259E-03  2.357032E-04  3.659036E-04 -1.826546E-05 -1.402716E-11
         7   2  2.531283E+01  2.987291E-04 -9.393812E-05  3.659033E-04 -1.826545E-05 -1.402785E-11
         7   3  2.531325E+01  1.067259E-03  2.357032E-04 -3.659036E-04 -1.826546E-05  1.402876E-11
         7   4  2.531283E+01  2.987291E-04 -9.393812E-05 -3.659033E-04 -1.826545E-05  1.402739E-11
         7   5  2.531325E+01  1.067259E-03  2.357032E-04  3.659036E-04  1.826546E-05  1.402623E-11
         7   6  2.531283E+01  2.987291E-04 -9.393812E-05  3.659033E-04  1.826545E-05  1.402779E-11
         7   7  2.531325E+01  1.067259E-03  2.357032E-04 -3.659036E-04  1.826546E-05 -1.402715E-11
         7   8  2.531283E+01  2.987291E-04 -9.393812E-05 -3.659033E-04  1.826545E-05 -1.402796E-11
         8   1  2.531308E+01  2.219208E-04  2.869375E-05  8.028461E-05 -6.027394E-06 -1.015994E-12
         8   2  2.531300E+01  6.864176E-05 -1.859342E-05  8.028460E-05 -6.027393E-06 -1.015976E-12
         8   3  2.531308E+01  2.219208E-04  2.869375E-05 -8.028461E-05 -6.027394E-06  1.015316E-12
         8   4  2.531300E+01  6.864176E-05 -1.859342E-05 -8.028460E-05 -6.027393E-06  1.016188E-12
         8   5  2.531308E+01  2.219208E-04  2.869375E-05  8.028461E-05  6.027394E-06  1.014916E-12
         8   6  2.531300E+01  6.864176E-05 -1.859342E-05  8.028460E-05  6.027393E-06  1.015086E-12
         8   7  2.531308E+01  2.219208E-04  2.869375E-05 -8.028461E-05  6.027394E-06 -1.015594E-12
         8   8  2.531300E+01  6.864176E-05 -1.859342E-05 -8.028460E-05  6.027393E-06 -1.015788E-12
         9   1  2.531305E+01  4.966497E-05  9.176649E-06  1.739779E-05 -1.046597E-06 -3.784126E-14
         9   2  2.531303E+01  1.447687E-05 -4.288551E-06  1.739779E-05 -1.046597E-06 -3.604906E-14
         9   3  2.531305E+01  4.966497E-05  9.176649E-06 -1.739779E-05 -1.046597E-06  3.816821E-14
         9   4  2.531303E+01  1.447687E-05 -4.288551E-06 -1.739779E-05 -1.046597E-06  3.779282E-14
         9   5  2.531305E+01  4.966497E-05  9.176649E-06  1.739779E-05  1.046597E-06  3.707836E-14
         9   6  2.531303E+01  1.447687E-05 -4.288551E-06  1.739779E-05  1.046597E-06  3.982721E-14
         9   7  2.531305E+01  4.966497E-05  9.176649E-06 -1.739779E-05  1.046597E-06 -3.824087E-14
         9   8  2.531303E+01  1.447687E-05 -4.288551E-06 -1.739779E-05  1.046597E-06 -3.859205E-14
        10   1  2.531305E+01  1.063752E-05  1.618381E-06  3.798120E-06 -2.622551E-07 -1.666774E-15
        10   2  2.531304E+01  3.212226E-06 -9.024921E-07  3.798120E-06 -2.622551E-07 -2.030057E-15
        10   3  2.531305E+01  1.063752E-05  1.618381E-06 -3.798120E-06 -2.622551E-07  3.289438E-15
        10   4  2.531304E+01  3.212226E-06 -9.024921E-07 -3.798120E-06 -2.622551E-07  3.537682E-15
        10   5  2.531305E+01  1.063752E-05  1.618381E-06  3.798120E-06  2.622551E-07  3.035140E-15
        10   6  2.531304E+01  3.212226E-06 -9.024921E-07  3.798120E-06  2.622551E-07  2.550762E-15
        10   7  2.531305E+01  1.063752E-05  1.618381E-06 -3.798120E-06  2.622551E-07 -7.585653E-16
        10   8  2.531304E+01  3.212226E-06 -9.024921E-07 -3.798120E-06  2.622551E-07 -1.024973E-15
        11   1  2.531304E+01  2.338541E-06  4.014810E-07  8.255269E-07 -5.263956E-08  5.384850E-16
        11   2  2.531304E+01  6.914951E-07 -2.005163E-07  8.255269E-07 -5.263957E-08  1.652553E-15
        11   3  2.531304E+01  2.338541E-06  4.014809E-07 -8.255269E-07 -5.263956E-08  1.883403E-15
        11   4  2.531304E+01  6.914951E-07 -2.005163E-07 -8.255269E-07 -5.263956E-08  1.565530E-15
        11   5  2.531304E+01  2.338541E-06  4.014809E-07  8.255269E-07  5.263956E-08 -5.669703E-18
        11   6  2.531304E+01  6.914950E-07 -2.005163E-07  8.255269E-07  5.263954E-08  1.156836E-15
        11   7  2.531304E+01  2.338541E-06  4.014809E-07 -8.255269E-07  5.263956E-08  3.323656E-15
        11   8  2.531304E+01  6.914951E-07 -2.005163E-07 -8.255269E-07  5.263955E-08  1.022863E-15
        12   1  2.531304E+01  5.061856E-07  8.104065E-08  1.798998E-07 -1.203715E-08  9.763196E-16
        12   2  2.531304E+01  1.515596E-07 -4.313129E-08  1.798998E-07 -1.203716E-08 -8.022899E-17
        12   3  2.531304E+01  5.061856E-07  8.104062E-08 -1.798998E-07 -1.203715E-08  9.611907E-16
        12   4  2.531304E+01  1.515596E-07 -4.313131E-08 -1.798998E-07 -1.203711E-08 -1.185207E-15
        12   5  2.531304E+01  5.061856E-07  8.104069E-08  1.798998E-07  1.203713E-08  5.131414E-16
        12   6  2.531304E+01  1.515596E-07 -4.313126E-08  1.798998E-07  1.203710E-08  5.298274E-17
        12   7  2.531304E+01  5.061856E-07  8.104064E-08 -1.798998E-07  1.203714E-08  5.282703E-16
        12   8  2.531304E+01  1.515596E-07 -4.313133E-08 -1.798998E-07  1.203714E-08  6.251459E-16
        13   1  2.531304E+01  1.105818E-07  1.846744E-08  3.914211E-08 -2.545763E-09 -1.223263E-15
        13   2  2.531304E+01  3.286686E-08 -9.457339E-09  3.914211E-08 -2.545805E-09  6.991110E-16
        13   3  2.531304E+01  1.105818E-07  1.846743E-08 -3.914210E-08 -2.545794E-09 -2.298702E-16
        13   4  2.531304E+01  3.286684E-08 -9.457363E-09 -3.914210E-08 -2.545797E-09 -1.360220E-16
        13   5  2.531304E+01  1.105818E-07  1.846740E-08  3.914211E-08  2.545820E-09 -4.357307E-16
        13   6  2.531304E+01  3.286683E-08 -9.457370E-09  3.914210E-08  2.545799E-09  9.084171E-16
        13   7  2.531304E+01  1.105818E-07  1.846742E-08 -3.914210E-08  2.545789E-09 -4.361490E-16
        13   8  2.531304E+01  3.286683E-08 -9.457363E-09 -3.914211E-08  2.545786E-09 -6.662283E-16
        14   1  2.531304E+01  2.402870E-08  3.912776E-09  8.520546E-09 -5.636555E-10  4.480392E-16
        14   2  2.531304E+01  7.183604E-09 -2.048354E-09  8.520544E-09 -5.636786E-10  1.416794E-15
        14   3  2.531304E+01  2.402864E-08  3.912723E-09 -8.520545E-09 -5.636807E-10 -1.331938E-16
        14   4  2.531304E+01  7.183569E-09 -2.048379E-09 -8.520548E-09 -5.636361E-10  5.752084E-16
        14   5  2.531304E+01  2.402871E-08  3.912786E-09  8.520542E-09  5.636435E-10  1.598456E-15
        14   6  2.531304E+01  7.183608E-09 -2.048343E-09  8.520548E-09  5.636236E-10  1.513690E-15
        14   7  2.531304E+01  2.402871E-08  3.912790E-09 -8.520550E-09  5.636419E-10  6.054619E-16
        14   8  2.531304E+01  7.183668E-09 -2.048280E-09 -8.520544E-09  5.636864E-10  1.562108E-15
        15   1  2.531304E+01  5.252906E-09  8.612129E-10  1.836371E-09 -1.202587E-10  9.082075E-16
        15   2  2.531304E+01  1.613111E-09 -4.386905E-10  1.836370E-09 -1.202444E-10  1.047466E-15
        15   3  2.531304E+01  5.252997E-09  8.613184E-10 -1.836378E-09 -1.202372E-10  3.027364E-16
        15   4  2.531304E+01  1.613195E-09 -4.386061E-10 -1.836377E-09 -1.202404E-10 -4.056657E-16
        15   5  2.531304E+01  5.252888E-09  8.612023E-10  1.836376E-09  1.202619E-10  2.252356E-15
        15   6  2.531304E+01  1.613136E-09 -4.386659E-10  1.836377E-09  1.202563E-10  2.530873E-15
        15   7  2.531304E+01  5.252973E-09  8.612973E-10 -1.836373E-09  1.202807E-10  1.477351E-15
        15   8  2.531304E+01  1.613174E-09 -4.386272E-10 -1.836370E-09  1.203029E-10  1.089845E-16
        16   1  2.531304E+01  1.213230E-09  1.655445E-10  3.160579E-10 -2.083926E-11 -3.996115E-16
        16   2  2.531304E+01  5.878875E-10 -5.638462E-11  3.160571E-10 -2.083926E-11 -3.199919E-15
        16   3  2.531304E+01  1.213247E-09  1.655586E-10 -3.160655E-10 -2.084759E-11  3.753926E-16
        16   4  2.531304E+01  5.879086E-10 -5.635648E-11 -3.160641E-10 -2.084441E-11 -1.946592E-15
        16   5  2.531304E+01  1.213230E-09  1.655410E-10  3.160638E-10  2.085371E-11  1.138287E-15
        16   6  2.531304E+01  5.878769E-10 -5.639518E-11  3.160638E-10  2.085849E-11 -2.264465E-15
        16   7  2.531304E+01  1.213219E-09  1.655305E-10 -3.160553E-10  2.084028E-11  7.750041E-16
        16   8  2.531304E+01  5.878804E-10 -5.638462E-11 -3.160608E-10  2.084974E-11 -8.597702E-16

 strains (elem, integ.pnt.,exx,eyy,ezz,exy,exz,eyz) for set ALL and time  0.9750000E+00

         1   1  7.654396E-03 -6.029036E-04 -1.003285E-03  1.646667E-03  5.479298E-04  8.301279E-20
         1   2  7.654396E-03 -2.248213E-03 -3.739174E-03  1.643952E-03  5.464257E-04  2.779210E-19
         1   3  7.654396E-03 -6.029036E-04 -1.003285E-03 -1.646667E-03  5.479298E-04  8.301279E-20
         1   4  7.654396E-03 -2.248213E-03 -3.739174E-03 -1.643952E-03  5.464257E-04 -4.660760E-20
         1   5  7.654396E-03 -6.029036E-04 -1.003285E-03  1.646667E-03 -5.479298E-04  8.129871E-20
         1   6  7.654396E-03 -2.248213E-03 -3.739174E-03  1.643952E-03 -5.464257E-04  4.601947E-19
         1   7  7.654396E-03 -6.029036E-04 -1.003285E-03 -1.646667E-03 -5.479298E-04  1.354761E-19
         1   8  7.654396E-03 -2.248213E-03 -3.739174E-03 -1.643952E-03 -5.464257E-04  1.356661E-19
         2   1  9.893902E-03 -3.006737E-03 -4.531675E-03  4.288367E-04 -1.131313E-04  3.795728E-19
         2   2  9.893902E-03 -3.435481E-03 -3.965858E-03  4.286517E-04 -1.131959E-04 -3.369762E-19
         2   3  9.893902E-03 -3.006737E-03 -4.531675E-03 -4.288367E-04 -1.131313E-04  5.146485E-19
         2   4  9.893902E-03 -3.435481E-03 -3.965858E-03 -4.286517E-04 -1.131959E-04  8.110170E-19
         2   5  9.893902E-03 -3.006737E-03 -4.531675E-03  4.288367E-04  1.131313E-04  1.900353E-19
         2   6  9.893902E-03 -3.435481E-03 -3.965858E-03  4.286517E-04  1.131959E-04 -1.682284E-19
         2   7  9.893902E-03 -3.006737E-03 -4.531675E-03 -4.288367E-04  1.131313E-04  7.305040E-19
         2   8  9.893902E-03 -3.435481E-03 -3.965858E-03 -4.286517E-04  1.131959E-04  6.218624E-19
         3   1  9.880341E-03 -3.623176E-03 -3.768692E-03  8.417374E-05  5.474193E-06 -3.440787E-19
         3   2  9.880341E-03 -3.707346E-03 -3.796062E-03  8.416661E-05  5.474042E-06 -1.058002E-18
         3   3  9.880341E-03 -3.623176E-03 -3.768692E-03 -8.417374E-05  5.474193E-06  4.323601E-19
         3   4  9.880341E-03 -3.707346E-03 -3.796062E-03 -8.416661E-05  5.474042E-06  2.027658E-19
         3   5  9.880341E-03 -3.623176E-03 -3.768692E-03  8.417374E-05 -5.474193E-06 -2.293172E-19
         3   6  9.880341E-03 -3.707346E-03 -3.796062E-03  8.416661E-05 -5.474042E-06 -6.883860E-19
         3   7  9.880341E-03 -3.623176E-03 -3.768692E-03 -8.417374E-05 -5.474193E-06  9.476285E-20
         3   8  9.880341E-03 -3.707346E-03 -3.796062E-03 -8.416661E-05 -5.474042E-06 -4.723510E-19
         4   1  9.942390E-03 -3.745294E-03 -3.801124E-03  1.951120E-05 -2.708187E-06 -8.756151E-20
         4   2  9.942390E-03 -3.764805E-03 -3.787583E-03  1.951081E-05 -2.708224E-06  5.435518E-19
         4   3  9.942390E-03 -3.745294E-03 -3.801124E-03 -1.951120E-05 -2.708187E-06 -5.196151E-19
         4   4  9.942390E-03 -3.764805E-03 -3.787583E-03 -1.951081E-05 -2.708224E-06 -4.544722E-20
         4   5  9.942390E-03 -3.745294E-03 -3.801124E-03  1.951120E-05  2.708187E-06 -2.023254E-19
         4   6  9.942390E-03 -3.764805E-03 -3.787583E-03  1.951081E-05  2.708224E-06  4.321715E-19
         4   7  9.942390E-03 -3.745294E-03 -3.801124E-03 -1.951120E-05  2.708187E-06 -5.398664E-19
         4   8  9.942390E-03 -3.764805E-03 -3.787583E-03 -1.951081E-05  2.708224E-06 -3.576601E-19
         5   1  9.947481E-03 -3.773445E-03 -3.782472E-03  4.093929E-06 -8.448252E-08  6.211136E-19
         5   2  9.947481E-03 -3.777539E-03 -3.782050E-03  4.093912E-06 -8.448255E-08  9.923691E-19
         5   3  9.947481E-03 -3.773445E-03 -3.782472E-03 -4.093929E-06 -8.448252E-08 -3.509793E-19
         5   4  9.947481E-03 -3.777539E-03 -3.782050E-03 -4.093912E-06 -8.448255E-08 -1.822384E-19
         5   5  9.947481E-03 -3.773445E-03 -3.782472E-03  4.093929E-06  8.448252E-08  3.375901E-19
         5   6  9.947481E-03 -3.777539E-03 -3.782050E-03  4.093912E-06  8.448255E-08  5.670822E-19
         5   7  9.947481E-03 -3.773445E-03 -3.782472E-03 -4.093929E-06  8.448252E-08 -7.425131E-19
         5   8  9.947481E-03 -3.777539E-03 -3.782050E-03 -4.093912E-06  8.448255E-08 -7.290364E-19
         6   1  9.949680E-03 -3.779371E-03 -3.781742E-03  9.111954E-07 -8.381395E-08  4.455561E-19
         6   2  9.949680E-03 -3.780282E-03 -3.781322E-03  9.111946E-07 -8.381399E-08  5.383687E-19
         6   3  9.949680E-03 -3.779371E-03 -3.781742E-03 -9.111954E-07 -8.381395E-08  1.080259E-19
         6   4  9.949680E-03 -3.780282E-03 -3.781322E-03 -9.111946E-07 -8.381399E-08  5.957488E-19
         6   5  9.949680E-03 -3.779371E-03 -3.781742E-03  9.111954E-07  8.381395E-08  4.590586E-19
         6   6  9.949680E-03 -3.780282E-03 -3.781322E-03  9.111946E-07  8.381399E-08  1.687741E-19
         6   7  9.949680E-03 -3.779371E-03 -3.781742E-03 -9.111954E-07  8.381395E-08 -8.235564E-19
         6   8  9.949680E-03 -3.780282E-03 -3.781322E-03 -9.111946E-07  8.381399E-08 -4.117774E-19
         7   1  9.950017E-03 -3.780688E-03 -3.781151E-03  1.957956E-07 -9.773879E-09  1.147646E-19
         7   2  9.950017E-03 -3.780883E-03 -3.781102E-03  1.957955E-07 -9.773880E-09 -2.683334E-19
         7   3  9.950017E-03 -3.780688E-03 -3.781151E-03 -1.957956E-07 -9.773879E-09  7.763230E-19
         7   4  9.950017E-03 -3.780883E-03 -3.781102E-03 -1.957955E-07 -9.773880E-09  1.519162E-20
         7   5  9.950017E-03 -3.780688E-03 -3.781151E-03  1.957956E-07  9.773879E-09 -6.345512E-19
         7   6  9.950017E-03 -3.780883E-03 -3.781102E-03  1.957955E-07  9.773880E-09  2.362737E-19
         7   7  9.950017E-03 -3.780688E-03 -3.781151E-03 -1.957956E-07  9.773879E-09  1.215155E-19
         7   8  9.950017E-03 -3.780883E-03 -3.781102E-03 -1.957955E-07  9.773880E-09 -3.307763E-19
         8   1  9.950109E-03 -3.780971E-03 -3.781079E-03  4.296043E-08 -3.225269E-09 -1.957658E-19
         8   2  9.950109E-03 -3.781014E-03 -3.781062E-03  4.296043E-08 -3.225269E-09 -1.856407E-19
         8   3  9.950109E-03 -3.780971E-03 -3.781079E-03 -4.296043E-08 -3.225269E-09 -1.822646E-19
         8   4  9.950109E-03 -3.781014E-03 -3.781062E-03 -4.296043E-08 -3.225269E-09  3.037774E-19
         8   5  9.950109E-03 -3.780971E-03 -3.781079E-03  4.296043E-08  3.225269E-09 -4.050341E-19
         8   6  9.950109E-03 -3.781014E-03 -3.781062E-03  4.296043E-08  3.225269E-09 -3.105267E-19
         8   7  9.950109E-03 -3.780971E-03 -3.781079E-03 -4.296043E-08  3.225269E-09  2.700387E-20
         8   8  9.950109E-03 -3.781014E-03 -3.781062E-03 -4.296043E-08  3.225269E-09 -8.100648E-20
         9   1  9.950127E-03 -3.781033E-03 -3.781055E-03  9.309588E-09 -5.600359E-10  2.092687E-19
         9   2  9.950127E-03 -3.781042E-03 -3.781053E-03  9.309588E-09 -5.600359E-10  1.208356E-18
         9   3  9.950127E-03 -3.781033E-03 -3.781055E-03 -9.309588E-09 -5.600359E-10 -2.700211E-20
         9   4  9.950127E-03 -3.781042E-03 -3.781053E-03 -9.309588E-09 -5.600359E-10 -2.362707E-19
         9   5  9.950127E-03 -3.781033E-03 -3.781055E-03  9.309588E-09  5.600359E-10 -6.345555E-19
         9   6  9.950127E-03 -3.781042E-03 -3.781053E-03  9.309588E-09  5.600359E-10  8.978290E-19
         9   7  9.950127E-03 -3.781033E-03 -3.781055E-03 -9.309588E-09  5.600359E-10 -1.350092E-20
         9   8  9.950127E-03 -3.781042E-03 -3.781053E-03 -9.309588E-09  5.600359E-10 -2.092683E-19
        10   1  9.950131E-03 -3.781046E-03 -3.781051E-03  2.032381E-09 -1.403332E-10  2.362708E-19
        10   2  9.950131E-03 -3.781048E-03 -3.781051E-03  2.032381E-09 -1.403332E-10  3.375298E-20
        10   3  9.950131E-03 -3.781046E-03 -3.781051E-03 -2.032381E-09 -1.403331E-10  6.683088E-19
        10   4  9.950131E-03 -3.781048E-03 -3.781051E-03 -2.032381E-09 -1.403332E-10  8.066959E-19
        10   5  9.950131E-03 -3.781046E-03 -3.781051E-03  2.032381E-09  1.403331E-10  5.265463E-19
        10   6  9.950131E-03 -3.781048E-03 -3.781051E-03  2.032381E-09  1.403332E-10  2.565226E-19
        10   7  9.950131E-03 -3.781046E-03 -3.781051E-03 -2.032381E-09  1.403332E-10  7.425653E-19
        10   8  9.950131E-03 -3.781048E-03 -3.781051E-03 -2.032381E-09  1.403332E-10  5.940522E-19
        11   1  9.950132E-03 -3.781049E-03 -3.781050E-03  4.417409E-10 -2.816752E-11  3.510309E-19
        11   2  9.950132E-03 -3.781050E-03 -3.781050E-03  4.417409E-10 -2.816753E-11  9.720855E-19
        11   3  9.950132E-03 -3.781049E-03 -3.781050E-03 -4.417409E-10 -2.816752E-11  9.990879E-19
        11   4  9.950132E-03 -3.781050E-03 -3.781050E-03 -4.417409E-10 -2.816752E-11  8.218848E-19
        11   5  9.950132E-03 -3.781049E-03 -3.781050E-03  4.417409E-10  2.816752E-11 -5.400474E-20
        11   6  9.950132E-03 -3.781050E-03 -3.781050E-03  4.417409E-10  2.816751E-11  5.940522E-19
        11   7  9.950132E-03 -3.781049E-03 -3.781050E-03 -4.417409E-10  2.816752E-11  1.903667E-18
        11   8  9.950132E-03 -3.781050E-03 -3.781050E-03 -4.417409E-10  2.816752E-11  6.210546E-19
        12   1  9.950132E-03 -3.781050E-03 -3.781050E-03  9.626468E-11 -6.441098E-12  5.467981E-19
        12   2  9.950132E-03 -3.781050E-03 -3.781050E-03  9.626468E-11 -6.441105E-12 -4.219121E-20
        12   3  9.950132E-03 -3.781050E-03 -3.781050E-03 -9.626468E-11 -6.441102E-12  5.332969E-19
        12   4  9.950132E-03 -3.781050E-03 -3.781050E-03 -9.626468E-11 -6.441078E-12 -6.632458E-19
        12   5  9.950132E-03 -3.781050E-03 -3.781050E-03  9.626468E-11  6.441087E-12  2.835249E-19
        12   6  9.950132E-03 -3.781050E-03 -3.781050E-03  9.626468E-11  6.441074E-12  2.700238E-20
        12   7  9.950132E-03 -3.781050E-03 -3.781050E-03 -9.626468E-11  6.441095E-12  2.970261E-19
        12   8  9.950132E-03 -3.781050E-03 -3.781050E-03 -9.626468E-11  6.441094E-12  3.510309E-19
        13   1  9.950132E-03 -3.781050E-03 -3.781050E-03  2.094501E-11 -1.362242E-12 -6.818099E-19
        13   2  9.950132E-03 -3.781050E-03 -3.781050E-03  2.094501E-11 -1.362265E-12  3.898468E-19
        13   3  9.950132E-03 -3.781050E-03 -3.781050E-03 -2.094501E-11 -1.362259E-12 -1.282613E-19
        13   4  9.950132E-03 -3.781050E-03 -3.781050E-03 -2.094501E-11 -1.362260E-12 -7.594418E-20
        13   5  9.950132E-03 -3.781050E-03 -3.781050E-03  2.094501E-11  1.362273E-12 -2.430214E-19
        13   6  9.950132E-03 -3.781050E-03 -3.781050E-03  2.094501E-11  1.362262E-12  5.062945E-19
        13   7  9.950132E-03 -3.781050E-03 -3.781050E-03 -2.094501E-11  1.362257E-12 -2.430214E-19
        13   8  9.950132E-03 -3.781050E-03 -3.781050E-03 -2.094501E-11  1.362255E-12 -3.712826E-19
        14   1  9.950132E-03 -3.781050E-03 -3.781050E-03  4.559359E-12 -3.016129E-13  2.497720E-19
        14   2  9.950132E-03 -3.781050E-03 -3.781050E-03  4.559358E-12 -3.016257E-13  7.898194E-19
        14   3  9.950132E-03 -3.781050E-03 -3.781050E-03 -4.559359E-12 -3.016267E-13 -7.425653E-20
        14   4  9.950132E-03 -3.781050E-03 -3.781050E-03 -4.559360E-12 -3.016022E-13  3.206532E-19
        14   5  9.950132E-03 -3.781050E-03 -3.781050E-03  4.559357E-12  3.016064E-13  8.910784E-19
        14   6  9.950132E-03 -3.781050E-03 -3.781050E-03  4.559360E-12  3.015955E-13  8.438242E-19
        14   7  9.950132E-03 -3.781050E-03 -3.781050E-03 -4.559361E-12  3.016056E-13  3.375297E-19
        14   8  9.950132E-03 -3.781050E-03 -3.781050E-03 -4.559358E-12  3.016300E-13  8.708266E-19
        15   1  9.950132E-03 -3.781050E-03 -3.781050E-03  9.826452E-13 -6.435084E-14  5.062945E-19
        15   2  9.950132E-03 -3.781050E-03 -3.781050E-03  9.826449E-13 -6.434296E-14  5.839263E-19
        15   3  9.950132E-03 -3.781050E-03 -3.781050E-03 -9.826492E-13 -6.433877E-14  1.687648E-19
        15   4  9.950132E-03 -3.781050E-03 -3.781050E-03 -9.826488E-13 -6.434052E-14 -2.261449E-19
        15   5  9.950132E-03 -3.781050E-03 -3.781050E-03  9.826480E-13  6.435218E-14  1.255610E-18
        15   6  9.950132E-03 -3.781050E-03 -3.781050E-03  9.826484E-13  6.434911E-14  1.410874E-18
        15   7  9.950132E-03 -3.781050E-03 -3.781050E-03 -9.826462E-13  6.436278E-14  8.235724E-19
        15   8  9.950132E-03 -3.781050E-03 -3.781050E-03 -9.826449E-13  6.437499E-14  6.075534E-20
        16   1  9.950132E-03 -3.781050E-03 -3.781050E-03  1.691232E-13 -1.115131E-14 -2.227696E-19
        16   2  9.950132E-03 -3.781050E-03 -3.781050E-03  1.691227E-13 -1.115131E-14 -1.783844E-18
        16   3  9.950132E-03 -3.781050E-03 -3.781050E-03 -1.691272E-13 -1.115540E-14  2.092684E-19
        16   4  9.950132E-03 -3.781050E-03 -3.781050E-03 -1.691264E-13 -1.115364E-14 -1.085158E-18
        16   5  9.950132E-03 -3.781050E-03 -3.781050E-03  1.691264E-13  1.115876E-14  6.345558E-19
        16   6  9.950132E-03 -3.781050E-03 -3.781050E-03  1.691264E-13  1.116139E-14 -1.262361E-18
        16   7  9.950132E-03 -3.781050E-03 -3.781050E-03 -1.691217E-13  1.115186E-14  4.320380E-19
        16   8  9.950132E-03 -3.781050E-03 -3.781050E-03 -1.691247E-13  1.115706E-14 -4.792921E-19

                                INCREMENT    12


 forces (fx,fy,fz) for set RIGHT and time  0.1000000E+01

        65  3.221932E+01  1.448518E-14  7.796865E-14
        66  3.221932E+01 -1.324312E-14  4.689404E-14
        67  3.221932E+01 -1.342527E-14 -7.398757E-14
        68  3.221932E+01  1.832639E-14 -6.728666E-14

 displacements (vx,vy,vz) for set RIGHT and time  0.1000000E+01

        65  2.000000E-01  9.715085E-03  1.943017E-03
        66  2.000000E-01 -9.715085E-03  1.943017E-03
        67  2.000000E-01 -9.715085E-03 -1.943017E-03
        68  2.000000E-01  9.715085E-03 -1.943017E-03

 stresses (elem, integ.pnt.,sxx,syy,szz,sxy,sxz,syz) for set ALL and time  0.1000000E+01

         1   1  3.232434E+01  1.657442E+01  1.580395E+01  3.171171E+00  1.055029E+00  6.958250E-03
         1   2  1.939899E+01  7.447327E-01 -2.021929E+00  3.131280E+00  1.039448E+00  6.909854E-03
         1   3  3.232434E+01  1.657442E+01  1.580395E+01 -3.171171E+00  1.055029E+00 -6.958250E-03
         1   4  1.939899E+01  7.447327E-01 -2.021929E+00 -3.131280E+00  1.039448E+00 -6.909854E-03
         1   5  3.232434E+01  1.657442E+01  1.580395E+01  3.171171E+00 -1.055029E+00 -6.958250E-03
         1   6  1.939899E+01  7.447327E-01 -2.021929E+00  3.131280E+00 -1.039448E+00 -6.909854E-03
         1   7  3.232434E+01  1.657442E+01  1.580395E+01 -3.171171E+00 -1.055029E+00  6.958250E-03
         1   8  1.939899E+01  7.447327E-01 -2.021929E+00 -3.131280E+00 -1.039448E+00  6.909854E-03
         2   1  2.577105E+01  1.333996E+00 -1.473634E+00  8.233415E-01 -2.168734E-01 -3.744288E-04
         2   2  2.617792E+01  9.427917E-01 -3.545995E-02  8.228739E-01 -2.171844E-01 -3.745105E-04
         2   3  2.577105E+01  1.333996E+00 -1.473634E+00 -8.233415E-01 -2.168734E-01  3.744288E-04
         2   4  2.617792E+01  9.427917E-01 -3.545995E-02 -8.228739E-01 -2.171844E-01  3.745105E-04
         2   5  2.577105E+01  1.333996E+00 -1.473634E+00  8.233415E-01  2.168734E-01  3.744288E-04
         2   6  2.617792E+01  9.427917E-01 -3.545995E-02  8.228739E-01  2.171844E-01  3.745105E-04
         2   7  2.577105E+01  1.333996E+00 -1.473634E+00 -8.233415E-01  2.168734E-01 -3.744288E-04
         2   8  2.617792E+01  9.427917E-01 -3.545995E-02 -8.228739E-01  2.171844E-01 -3.745105E-04
         3   1  2.613947E+01  5.836933E-01  3.153218E-01  1.616717E-01  1.048916E-02  3.553927E-06
         3   2  2.580828E+01  1.035628E-01 -5.996537E-02  1.616056E-01  1.048606E-02  3.553292E-06
         3   3  2.613947E+01  5.836933E-01  3.153218E-01 -1.616717E-01  1.048916E-02 -3.553927E-06
         3   4  2.580828E+01  1.035628E-01 -5.996537E-02 -1.616056E-01  1.048606E-02 -3.553292E-06
         3   5  2.613947E+01  5.836933E-01  3.153218E-01  1.616717E-01 -1.048916E-02 -3.553927E-06
         3   6  2.580828E+01  1.035628E-01 -5.996537E-02  1.616056E-01 -1.048606E-02 -3.553292E-06
         3   7  2.613947E+01  5.836933E-01  3.153218E-01 -1.616717E-01 -1.048916E-02  3.553927E-06
         3   8  2.580828E+01  1.035628E-01 -5.996537E-02 -1.616056E-01 -1.048606E-02  3.553292E-06
         4   1  2.598550E+01  8.907727E-02 -1.378568E-02  3.748640E-02 -5.199898E-03 -4.085852E-07
         4   2  2.596773E+01  3.569289E-02 -6.291300E-03  3.748445E-02 -5.199973E-03 -4.085812E-07
         4   3  2.598550E+01  8.907727E-02 -1.378568E-02 -3.748640E-02 -5.199898E-03  4.085852E-07
         4   4  2.596773E+01  3.569289E-02 -6.291300E-03 -3.748445E-02 -5.199973E-03  4.085812E-07
         4   5  2.598550E+01  8.907727E-02 -1.378568E-02  3.748640E-02  5.199898E-03  4.085852E-07
         4   6  2.596773E+01  3.569289E-02 -6.291300E-03  3.748445E-02  5.199973E-03  4.085812E-07
         4   7  2.598550E+01  8.907727E-02 -1.378568E-02 -3.748640E-02  5.199898E-03 -4.085852E-07
         4   8  2.596773E+01  3.569289E-02 -6.291300E-03 -3.748445E-02  5.199973E-03 -4.085812E-07
         5   1  2.598230E+01  2.432892E-02  7.678835E-03  7.870815E-03 -1.633601E-04 -2.695133E-09
         5   2  2.597138E+01  6.072141E-03 -2.247349E-03  7.870688E-03 -1.633590E-04 -2.695114E-09
         5   3  2.598230E+01  2.432892E-02  7.678835E-03 -7.870815E-03 -1.633601E-04  2.695132E-09
         5   4  2.597138E+01  6.072141E-03 -2.247349E-03 -7.870688E-03 -1.633590E-04  2.695115E-09
         5   5  2.598230E+01  2.432892E-02  7.678835E-03  7.870815E-03  1.633601E-04  2.695129E-09
         5   6  2.597138E+01  6.072141E-03 -2.247349E-03  7.870688E-03  1.633590E-04  2.695114E-09
         5   7  2.598230E+01  2.432892E-02  7.678835E-03 -7.870815E-03  1.633601E-04 -2.695130E-09
         5   8  2.597138E+01  6.072141E-03 -2.247349E-03 -7.870688E-03  1.633590E-04 -2.695117E-09
         6   1  2.597767E+01  4.661591E-03  2.892610E-04  1.752698E-03 -1.611348E-04 -5.919884E-10
         6   2  2.597621E+01  1.543175E-03 -3.759815E-04  1.752693E-03 -1.611347E-04 -5.919883E-10
         6   3  2.597767E+01  4.661591E-03  2.892610E-04 -1.752698E-03 -1.611348E-04  5.919873E-10
         6   4  2.597621E+01  1.543175E-03 -3.759815E-04 -1.752693E-03 -1.611347E-04  5.919872E-10
         6   5  2.597767E+01  4.661591E-03  2.892610E-04  1.752698E-03  1.611348E-04  5.919857E-10
         6   6  2.597621E+01  1.543175E-03 -3.759815E-04  1.752693E-03  1.611347E-04  5.919871E-10
         6   7  2.597767E+01  4.661591E-03  2.892610E-04 -1.752698E-03  1.611348E-04 -5.919895E-10
         6   8  2.597621E+01  1.543175E-03 -3.759815E-04 -1.752693E-03  1.611347E-04 -5.919880E-10
         7   1  2.597717E+01  1.098086E-03  2.421861E-04  3.768547E-04 -1.884076E-05 -1.488399E-11
         7   2  2.597673E+01  3.076020E-04 -9.661057E-05  3.768544E-04 -1.884076E-05 -1.488492E-11
         7   3  2.597717E+01  1.098086E-03  2.421861E-04 -3.768547E-04 -1.884076E-05  1.488270E-11
         7   4  2.597673E+01  3.076020E-04 -9.661057E-05 -3.768544E-04 -1.884076E-05  1.488139E-11
         7   5  2.597717E+01  1.098086E-03  2.421861E-04  3.768547E-04  1.884076E-05  1.488123E-11
         7   6  2.597673E+01  3.076020E-04 -9.661057E-05  3.768544E-04  1.884076E-05  1.488236E-11
         7   7  2.597717E+01  1.098086E-03  2.421861E-04 -3.768547E-04  1.884076E-05 -1.488292E-11
         7   8  2.597673E+01  3.076020E-04 -9.661057E-05 -3.768544E-04  1.884076E-05 -1.488406E-11
         8   1  2.597700E+01  2.284999E-04  2.955137E-05  8.273246E-05 -6.210056E-06 -1.079655E-12
         8   2  2.597692E+01  7.070460E-05 -1.914024E-05  8.273245E-05 -6.210056E-06 -1.077573E-12
         8   3  2.597700E+01  2.284999E-04  2.955137E-05 -8.273246E-05 -6.210056E-06  1.076314E-12
         8   4  2.597692E+01  7.070460E-05 -1.914024E-05 -8.273245E-05 -6.210056E-06  1.078451E-12
         8   5  2.597700E+01  2.284999E-04  2.955137E-05  8.273246E-05  6.210056E-06  1.076520E-12
         8   6  2.597692E+01  7.070460E-05 -1.914024E-05  8.273245E-05  6.210056E-06  1.077319E-12
         8   7  2.597700E+01  2.284999E-04  2.955137E-05 -8.273246E-05  6.210056E-06 -1.076956E-12
         8   8  2.597692E+01  7.070460E-05 -1.914024E-05 -8.273245E-05  6.210056E-06 -1.075697E-12
         9   1  2.597697E+01  5.116132E-05  9.442685E-06  1.793911E-05 -1.080033E-06 -4.092677E-14
         9   2  2.597695E+01  1.492300E-05 -4.416130E-06  1.793911E-05 -1.080033E-06 -3.954981E-14
         9   3  2.597697E+01  5.116132E-05  9.442685E-06 -1.793911E-05 -1.080033E-06  4.182256E-14
         9   4  2.597695E+01  1.492300E-05 -4.416130E-06 -1.793911E-05 -1.080033E-06  4.169848E-14
         9   5  2.597697E+01  5.116132E-05  9.442685E-06  1.793911E-05  1.080033E-06  4.204045E-14
         9   6  2.597695E+01  1.492300E-05 -4.416130E-06  1.793911E-05  1.080033E-06  4.354150E-14
         9   7  2.597697E+01  5.116132E-05  9.442685E-06 -1.793911E-05  1.080033E-06 -3.845731E-14
         9   8  2.597695E+01  1.492300E-05 -4.416130E-06 -1.793911E-05  1.080033E-06 -3.937731E-14
        10   1  2.597696E+01  1.096523E-05  1.667720E-06  3.918510E-06 -2.705917E-07 -9.394005E-16
        10   2  2.597696E+01  3.312783E-06 -9.300365E-07  3.918510E-06 -2.705917E-07 -1.850318E-15
        10   3  2.597696E+01  1.096523E-05  1.667720E-06 -3.918510E-06 -2.705917E-07  2.174132E-15
        10   4  2.597696E+01  3.312783E-06 -9.300365E-07 -3.918510E-06 -2.705917E-07  2.524302E-16
        10   5  2.597696E+01  1.096523E-05  1.667720E-06  3.918510E-06  2.705917E-07  4.643595E-15
        10   6  2.597696E+01  3.312783E-06 -9.300365E-07  3.918510E-06  2.705917E-07  2.222553E-15
        10   7  2.597696E+01  1.096523E-05  1.667720E-06 -3.918510E-06  2.705917E-07 -1.544661E-15
        10   8  2.597696E+01  3.312783E-06 -9.300365E-07 -3.918510E-06  2.705917E-07 -2.779392E-15
        11   1  2.597696E+01  2.411861E-06  4.136978E-07  8.521984E-07 -5.436971E-08 -2.665941E-16
        11   2  2.597696E+01  7.136073E-07 -2.067328E-07  8.521984E-07 -5.436971E-08  1.110373E-15
        11   3  2.597696E+01  2.411861E-06  4.136979E-07 -8.521984E-07 -5.436971E-08 -4.597182E-16
        11   4  2.597696E+01  7.136073E-07 -2.067328E-07 -8.521984E-07 -5.436969E-08  1.955271E-15
        11   5  2.597696E+01  2.411861E-06  4.136979E-07  8.521984E-07  5.436971E-08 -1.691932E-16
        11   6  2.597696E+01  7.136073E-07 -2.067328E-07  8.521984E-07  5.436973E-08  1.949218E-15
        11   7  2.597696E+01  2.411861E-06  4.136979E-07 -8.521984E-07  5.436971E-08 -5.813295E-16
        11   8  2.597696E+01  7.136073E-07 -2.067328E-07 -8.521984E-07  5.436975E-08  2.045500E-15
        12   1  2.597696E+01  5.223774E-07  8.358919E-08  1.858187E-07 -1.243608E-08  2.573565E-15
        12   2  2.597696E+01  1.564897E-07 -4.449768E-08  1.858187E-07 -1.243611E-08 -3.286581E-16
        12   3  2.597696E+01  5.223775E-07  8.358928E-08 -1.858187E-07 -1.243612E-08  1.396943E-15
        12   4  2.597696E+01  1.564898E-07 -4.449759E-08 -1.858187E-07 -1.243610E-08 -1.950147E-15
        12   5  2.597696E+01  5.223775E-07  8.358921E-08  1.858187E-07  1.243614E-08  2.014308E-15
        12   6  2.597696E+01  1.564897E-07 -4.449768E-08  1.858187E-07  1.243609E-08 -2.735759E-16
        12   7  2.597696E+01  5.223775E-07  8.358924E-08 -1.858187E-07  1.243608E-08  1.399360E-15
        12   8  2.597696E+01  1.564897E-07 -4.449769E-08 -1.858187E-07  1.243609E-08 -1.990098E-15
        13   1  2.597696E+01  1.141829E-07  1.905402E-08  4.045363E-08 -2.632189E-09 -2.544326E-16
        13   2  2.597696E+01  3.395676E-08 -9.762147E-09  4.045363E-08 -2.632189E-09  1.361613E-15
        13   3  2.597696E+01  1.141829E-07  1.905402E-08 -4.045363E-08 -2.632238E-09 -2.166609E-15
        13   4  2.597696E+01  3.395678E-08 -9.762119E-09 -4.045363E-08 -2.632174E-09 -1.158850E-15
        13   5  2.597696E+01  1.141830E-07  1.905408E-08  4.045364E-08  2.632263E-09 -7.240804E-17
        13   6  2.597696E+01  3.395683E-08 -9.762084E-09  4.045363E-08  2.632259E-09  8.112721E-16
        13   7  2.597696E+01  1.141829E-07  1.905403E-08 -4.045362E-08  2.632207E-09 -2.009688E-15
        13   8  2.597696E+01  3.395674E-08 -9.762154E-09 -4.045363E-08  2.632242E-09  6.030284E-17
        14   1  2.597696E+01  2.482600E-08  4.040124E-09  8.811130E-09 -5.830472E-10 -1.089576E-16
        14   2  2.597696E+01  7.426030E-09 -2.115640E-09  8.811133E-09 -5.830296E-10  1.785410E-16
        14   3  2.597696E+01  2.482602E-08  4.040145E-09 -8.811126E-09 -5.830873E-10 -1.089361E-16
        14   4  2.597696E+01  7.426041E-09 -2.115636E-09 -8.811126E-09 -5.830555E-10 -9.532743E-16
        14   5  2.597696E+01  2.482598E-08  4.040106E-09  8.811120E-09  5.830851E-10  1.380004E-15
        14   6  2.597696E+01  7.426013E-09 -2.115658E-09  8.811124E-09  5.830963E-10 -5.326184E-16
        14   7  2.597696E+01  2.482600E-08  4.040128E-09 -8.811131E-09  5.830293E-10 -3.389566E-16
        14   8  2.597696E+01  7.426020E-09 -2.115654E-09 -8.811132E-09  5.830612E-10 -1.113690E-15
        15   1  2.597696E+01  5.430446E-09  8.897549E-10  1.900080E-09 -1.244629E-10  1.162099E-15
        15   2  2.597696E+01  1.668693E-09 -4.532638E-10  1.900078E-09 -1.244462E-10  2.551172E-15
        15   3  2.597696E+01  5.430429E-09  8.897374E-10 -1.900075E-09 -1.244866E-10 -9.442057E-16
        15   4  2.597696E+01  1.668696E-09 -4.532427E-10 -1.900073E-09 -1.244770E-10  2.357490E-15
        15   5  2.597696E+01  5.430467E-09  8.897760E-10  1.900070E-09  1.244929E-10  1.234732E-15
        15   6  2.597696E+01  1.668661E-09 -4.532954E-10  1.900070E-09  1.244913E-10  3.389459E-15
        15   7  2.597696E+01  5.430418E-09  8.897268E-10 -1.900080E-09  1.244749E-10 -8.957858E-16
        15   8  2.597696E+01  1.668724E-09 -4.532180E-10 -1.900082E-09  1.244973E-10  3.583141E-15
        16   1  2.597696E+01  1.254950E-09  1.710176E-10  3.271679E-10 -2.154990E-11 -7.626281E-16
        16   2  2.597696E+01  6.083775E-10 -5.834701E-11  3.271713E-10 -2.158495E-11 -5.174976E-16
        16   3  2.597696E+01  1.254992E-09  1.710738E-10 -3.271725E-10 -2.162120E-11  2.917355E-15
        16   4  2.597696E+01  6.083915E-10 -5.833997E-11 -3.271702E-10 -2.157658E-11 -8.988116E-16
        16   5  2.597696E+01  1.254950E-09  1.710176E-10  3.271746E-10  2.159562E-11  2.324200E-15
        16   6  2.597696E+01  6.083739E-10 -5.834701E-11  3.271754E-10  2.157809E-11 -1.053153E-15
        16   7  2.597696E+01  1.255009E-09  1.710914E-10 -3.271699E-10  2.154228E-11  4.236823E-15
        16   8  2.597696E+01  6.083669E-10 -5.836108E-11 -3.271667E-10  2.159018E-11 -1.779466E-15

 strains (elem, integ.pnt.,exx,eyy,ezz,exy,exz,eyz) for set ALL and time  0.1000000E+01

         1   1  7.851965E-03 -6.183736E-04 -1.029252E-03  1.688905E-03  5.621040E-04 -3.711961E-20
         1   2  7.851965E-03 -2.305851E-03 -3.835814E-03  1.686050E-03  5.605209E-04 -1.807585E-19
         1   3  7.851965E-03 -6.183736E-04 -1.029252E-03 -1.688905E-03  5.621040E-04  1.254101E-19
         1   4  7.851965E-03 -2.305851E-03 -3.835814E-03 -1.686050E-03  5.605209E-04  5.764310E-19
         1   5  7.851965E-03 -6.183736E-04 -1.029252E-03  1.688905E-03 -5.621040E-04 -1.352854E-19
         1   6  7.851965E-03 -2.305851E-03 -3.835814E-03  1.686050E-03 -5.605209E-04 -4.035157E-19
         1   7  7.851965E-03 -6.183736E-04 -1.029252E-03 -1.688905E-03 -5.621040E-04  5.433262E-20
         1   8  7.851965E-03 -2.305851E-03 -3.835814E-03 -1.686050E-03 -5.605209E-04  3.266729E-19
         2   1  1.014880E-02 -3.083858E-03 -4.648709E-03  4.399931E-04 -1.160699E-04 -3.218715E-19
         2   2  1.014880E-02 -3.523754E-03 -4.068189E-03  4.397984E-04 -1.161379E-04 -9.174151E-19
         2   3  1.014880E-02 -3.083858E-03 -4.648709E-03 -4.399931E-04 -1.160699E-04  6.508966E-19
         2   4  1.014880E-02 -3.523754E-03 -4.068189E-03 -4.397984E-04 -1.161379E-04 -3.637155E-19
         2   5  1.014880E-02 -3.083858E-03 -4.648709E-03  4.399931E-04  1.160699E-04 -6.456166E-19
         2   6  1.014880E-02 -3.523754E-03 -4.068189E-03  4.397984E-04  1.161379E-04 -1.342683E-18
         2   7  1.014880E-02 -3.083858E-03 -4.648709E-03 -4.399931E-04  1.160699E-04  3.811090E-19
         2   8  1.014880E-02 -3.523754E-03 -4.068189E-03 -4.397984E-04  1.161379E-04 -4.783832E-19
         3   1  1.013490E-02 -3.716354E-03 -3.865883E-03  8.642823E-05  5.608206E-06 -1.161003E-18
         3   2  1.013490E-02 -3.802778E-03 -3.893924E-03  8.642071E-05  5.608048E-06 -4.455555E-19
         3   3  1.013490E-02 -3.716354E-03 -3.865883E-03 -8.642823E-05  5.608206E-06 -3.171206E-19
         3   4  1.013490E-02 -3.802778E-03 -3.893924E-03 -8.642071E-05  5.608048E-06  5.990768E-19
         3   5  1.013490E-02 -3.716354E-03 -3.865883E-03  8.642823E-05 -5.608206E-06 -1.363503E-18
         3   6  1.013490E-02 -3.802778E-03 -3.893924E-03  8.642071E-05 -5.608048E-06 -4.860470E-19
         3   7  1.013490E-02 -3.716354E-03 -3.865883E-03 -8.642823E-05 -5.608206E-06 -4.723710E-19
         3   8  1.013490E-02 -3.802778E-03 -3.893924E-03 -8.642071E-05 -5.608048E-06  1.026053E-18
         4   1  1.019858E-02 -3.841746E-03 -3.899099E-03  2.004248E-05 -2.780330E-06  9.444713E-20
         4   2  1.019858E-02 -3.861788E-03 -3.885197E-03  2.004208E-05 -2.780369E-06 -1.382104E-18
         4   3  1.019858E-02 -3.841746E-03 -3.899099E-03 -2.004248E-05 -2.780330E-06  9.584703E-19
         4   4  1.019858E-02 -3.861788E-03 -3.885197E-03 -2.004208E-05 -2.780369E-06  6.209716E-19
         4   5  1.019858E-02 -3.841746E-03 -3.899099E-03  2.004248E-05  2.780330E-06 -3.510578E-19
         4   6  1.019858E-02 -3.861788E-03 -3.885197E-03  2.004208E-05  2.780369E-06 -1.181284E-18
         4   7  1.019858E-02 -3.841746E-03 -3.899099E-03 -2.004248E-05  2.780330E-06  1.255486E-18
         4   8  1.019858E-02 -3.861788E-03 -3.885197E-03 -2.004208E-05  2.780369E-06  7.829790E-19
         5   1  1.020381E-02 -3.870665E-03 -3.879949E-03  4.208301E-06 -8.734479E-08 -1.309516E-18
         5   2  1.020381E-02 -3.874873E-03 -3.879512E-03  4.208284E-06 -8.734483E-08  4.539182E-19
         5   3  1.020381E-02 -3.870665E-03 -3.879949E-03 -4.208301E-06 -8.734479E-08  7.424792E-19
         5   4  1.020381E-02 -3.874873E-03 -3.879512E-03 -4.208284E-06 -8.734483E-08 -7.257834E-20
         5   5  1.020381E-02 -3.870665E-03 -3.879949E-03  4.208301E-06  8.734479E-08 -1.228513E-18
         5   6  1.020381E-02 -3.874873E-03 -3.879512E-03  4.208284E-06  8.734483E-08 -8.370083E-19
         5   7  1.020381E-02 -3.870665E-03 -3.879949E-03 -4.208301E-06  8.734479E-08  3.914833E-19
         5   8  1.020381E-02 -3.874873E-03 -3.879512E-03 -4.208284E-06  8.734483E-08 -1.134006E-18
         6   1  1.020607E-02 -3.876756E-03 -3.879194E-03  9.371229E-07 -8.615486E-08 -4.657574E-19
         6   2  1.020607E-02 -3.877693E-03 -3.878764E-03  9.371220E-07 -8.615490E-08 -6.564380E-19
         6   3  1.020607E-02 -3.876756E-03 -3.879194E-03 -9.371229E-07 -8.615486E-08 -1.552600E-19
         6   4  1.020607E-02 -3.877693E-03 -3.878764E-03 -9.371220E-07 -8.615490E-08  6.918013E-20
         6   5  1.020607E-02 -3.876756E-03 -3.879194E-03  9.371229E-07  8.615486E-08 -1.039501E-18
         6   6  1.020607E-02 -3.877693E-03 -3.878764E-03  9.371220E-07  8.615490E-08 -6.756510E-21
         6   7  1.020607E-02 -3.876756E-03 -3.879194E-03 -9.371229E-07  8.615486E-08 -1.053001E-18
         6   8  1.020607E-02 -3.877693E-03 -3.878764E-03 -9.371220E-07  8.615490E-08 -5.062518E-19
         7   1  1.020642E-02 -3.878110E-03 -3.878587E-03  2.014948E-07 -1.007369E-08 -5.804979E-19
         7   2  1.020642E-02 -3.878312E-03 -3.878537E-03  2.014948E-07 -1.007369E-08 -1.101929E-18
         7   3  1.020642E-02 -3.878110E-03 -3.878587E-03 -2.014948E-07 -1.007369E-08 -1.350023E-19
         7   4  1.020642E-02 -3.878312E-03 -3.878537E-03 -2.014948E-07 -1.007369E-08 -8.656810E-19
         7   5  1.020642E-02 -3.878110E-03 -3.878587E-03  2.014948E-07  1.007369E-08 -9.584943E-19
         7   6  1.020642E-02 -3.878312E-03 -3.878537E-03  2.014948E-07  1.007369E-08 -3.239991E-19
         7   7  1.020642E-02 -3.878110E-03 -3.878587E-03 -2.014948E-07  1.007369E-08  1.349612E-20
         7   8  1.020642E-02 -3.878312E-03 -3.878537E-03 -2.014948E-07  1.007369E-08 -6.209961E-19
         8   1  1.020651E-02 -3.878402E-03 -3.878513E-03  4.423500E-08 -3.320364E-09 -1.518736E-18
         8   2  1.020651E-02 -3.878446E-03 -3.878496E-03  4.423500E-08 -3.320364E-09 -3.577473E-19
         8   3  1.020651E-02 -3.878402E-03 -3.878513E-03 -4.423500E-08 -3.320364E-09 -3.442480E-19
         8   4  1.020651E-02 -3.878446E-03 -3.878496E-03 -4.423500E-08 -3.320364E-09  8.471154E-19
         8   5  1.020651E-02 -3.878402E-03 -3.878513E-03  4.423500E-08  3.320364E-09 -2.294992E-19
         8   6  1.020651E-02 -3.878446E-03 -3.878496E-03  4.423500E-08  3.320364E-09  2.159968E-19
         8   7  1.020651E-02 -3.878402E-03 -3.878513E-03 -4.423500E-08  3.320364E-09 -1.350141E-20
         8   8  1.020651E-02 -3.878446E-03 -3.878496E-03 -4.423500E-08  3.320364E-09  6.884919E-19
         9   1  1.020653E-02 -3.878466E-03 -3.878489E-03  9.591602E-09 -5.774671E-10 -1.754988E-19
         9   2  1.020653E-02 -3.878475E-03 -3.878486E-03  9.591602E-09 -5.774671E-10  5.923061E-19
         9   3  1.020653E-02 -3.878466E-03 -3.878489E-03 -9.591602E-09 -5.774671E-10  6.749925E-19
         9   4  1.020653E-02 -3.878475E-03 -3.878486E-03 -9.591602E-09 -5.774671E-10  6.058060E-19
         9   5  1.020653E-02 -3.878466E-03 -3.878489E-03  9.591602E-09  5.774671E-10  7.964913E-19
         9   6  1.020653E-02 -3.878475E-03 -3.878486E-03  9.591602E-09  5.774671E-10  1.633483E-18
         9   7  1.020653E-02 -3.878466E-03 -3.878489E-03 -9.591602E-09  5.774671E-10  1.201487E-18
         9   8  1.020653E-02 -3.878475E-03 -3.878486E-03 -9.591602E-09  5.774671E-10  6.884926E-19
        10   1  1.020653E-02 -3.878479E-03 -3.878485E-03  2.095131E-09 -1.446787E-10  7.154925E-19
        10   2  1.020653E-02 -3.878482E-03 -3.878484E-03  2.095131E-09 -1.446787E-10  2.075603E-19
        10   3  1.020653E-02 -3.878479E-03 -3.878485E-03 -2.095131E-09 -1.446787E-10 -2.699989E-20
        10   4  1.020653E-02 -3.878482E-03 -3.878484E-03 -2.095131E-09 -1.446787E-10 -1.098551E-18
        10   5  1.020653E-02 -3.878479E-03 -3.878485E-03  2.095131E-09  1.446787E-10  1.349986E-18
        10   6  1.020653E-02 -3.878482E-03 -3.878484E-03  2.095131E-09  1.446787E-10 -7.287345E-26
        10   7  1.020653E-02 -3.878479E-03 -3.878485E-03 -2.095131E-09  1.446787E-10  3.779960E-19
        10   8  1.020653E-02 -3.878482E-03 -3.878484E-03 -2.095131E-09  1.446787E-10 -3.104969E-19
        11   1  1.020653E-02 -3.878482E-03 -3.878484E-03  4.556494E-10 -2.907014E-11 -9.449907E-20
        11   2  1.020653E-02 -3.878483E-03 -3.878483E-03  4.556494E-10 -2.907014E-11  6.733056E-19
        11   3  1.020653E-02 -3.878482E-03 -3.878484E-03 -4.556494E-10 -2.907014E-11 -3.104969E-19
        11   4  1.020653E-02 -3.878483E-03 -3.878483E-03 -4.556494E-10 -2.907013E-11  1.036114E-18
        11   5  1.020653E-02 -3.878482E-03 -3.878484E-03  4.556495E-10  2.907014E-11 -1.484985E-19
        11   6  1.020653E-02 -3.878483E-03 -3.878483E-03  4.556494E-10  2.907015E-11  1.032739E-18
        11   7  1.020653E-02 -3.878482E-03 -3.878484E-03 -4.556494E-10  2.907014E-11 -2.699973E-19
        11   8  1.020653E-02 -3.878483E-03 -3.878483E-03 -4.556494E-10  2.907016E-11  1.194738E-18
        12   1  1.020654E-02 -3.878483E-03 -3.878483E-03  9.935269E-11 -6.649265E-12  1.437735E-18
        12   2  1.020654E-02 -3.878483E-03 -3.878483E-03  9.935269E-11 -6.649281E-12 -1.805607E-19
        12   3  1.020654E-02 -3.878483E-03 -3.878483E-03 -9.935270E-11 -6.649284E-12  7.762420E-19
        12   4  1.020654E-02 -3.878483E-03 -3.878483E-03 -9.935269E-11 -6.649276E-12 -1.090114E-18
        12   5  1.020654E-02 -3.878483E-03 -3.878483E-03  9.935270E-11  6.649299E-12  1.120489E-18
        12   6  1.020654E-02 -3.878483E-03 -3.878483E-03  9.935270E-11  6.649270E-12 -1.552484E-19
        12   7  1.020654E-02 -3.878483E-03 -3.878483E-03 -9.935269E-11  6.649267E-12  7.829920E-19
        12   8  1.020654E-02 -3.878483E-03 -3.878483E-03 -9.935269E-11  6.649270E-12 -1.106989E-18
        13   1  1.020654E-02 -3.878483E-03 -3.878483E-03  2.162956E-11 -1.407366E-12 -1.417485E-19
        13   2  1.020654E-02 -3.878483E-03 -3.878483E-03  2.162956E-11 -1.407366E-12  7.593672E-19
        13   3  1.020654E-02 -3.878483E-03 -3.878483E-03 -2.162956E-11 -1.407393E-12 -1.208238E-18
        13   4  1.020654E-02 -3.878483E-03 -3.878483E-03 -2.162956E-11 -1.407358E-12 -6.463059E-19
        13   5  1.020654E-02 -3.878483E-03 -3.878483E-03  2.162956E-11  1.407406E-12 -4.049959E-20
        13   6  1.020654E-02 -3.878483E-03 -3.878483E-03  2.162956E-11  1.407404E-12  4.522454E-19
        13   7  1.020654E-02 -3.878483E-03 -3.878483E-03 -2.162955E-11  1.407376E-12 -1.120489E-18
        13   8  1.020654E-02 -3.878483E-03 -3.878483E-03 -2.162956E-11  1.407395E-12  3.374965E-20
        14   1  1.020654E-02 -3.878483E-03 -3.878483E-03  4.711094E-12 -3.117410E-13 -6.074938E-20
        14   2  1.020654E-02 -3.878483E-03 -3.878483E-03  4.711095E-12 -3.117313E-13  9.956148E-20
        14   3  1.020654E-02 -3.878483E-03 -3.878483E-03 -4.711092E-12 -3.117632E-13 -6.074938E-20
        14   4  1.020654E-02 -3.878483E-03 -3.878483E-03 -4.711092E-12 -3.117457E-13 -5.315570E-19
        14   5  1.020654E-02 -3.878483E-03 -3.878483E-03  4.711089E-12  3.117614E-13  7.694921E-19
        14   6  1.020654E-02 -3.878483E-03 -3.878483E-03  4.711090E-12  3.117675E-13 -2.969970E-19
        14   7  1.020654E-02 -3.878483E-03 -3.878483E-03 -4.711094E-12  3.117306E-13 -1.889981E-19
        14   8  1.020654E-02 -3.878483E-03 -3.878483E-03 -4.711095E-12  3.117482E-13 -6.209936E-19
        15   1  1.020654E-02 -3.878483E-03 -3.878483E-03  1.015926E-12 -6.654687E-14  6.479934E-19
        15   2  1.020654E-02 -3.878483E-03 -3.878483E-03  1.015925E-12 -6.653767E-14  1.422548E-18
        15   3  1.020654E-02 -3.878483E-03 -3.878483E-03 -1.015923E-12 -6.656011E-14 -5.264946E-19
        15   4  1.020654E-02 -3.878483E-03 -3.878483E-03 -1.015922E-12 -6.655485E-14  1.314549E-18
        15   5  1.020654E-02 -3.878483E-03 -3.878483E-03  1.015920E-12  6.656367E-14  6.884929E-19
        15   6  1.020654E-02 -3.878483E-03 -3.878483E-03  1.015920E-12  6.656279E-14  1.889981E-18
        15   7  1.020654E-02 -3.878483E-03 -3.878483E-03 -1.015926E-12  6.655346E-14 -4.994949E-19
        15   8  1.020654E-02 -3.878483E-03 -3.878483E-03 -1.015927E-12  6.656578E-14  1.997980E-18
        16   1  1.020654E-02 -3.878483E-03 -3.878483E-03  1.749286E-13 -1.152186E-14 -4.252456E-19
        16   2  1.020654E-02 -3.878483E-03 -3.878483E-03  1.749305E-13 -1.154114E-14 -2.885595E-19
        16   3  1.020654E-02 -3.878483E-03 -3.878483E-03 -1.749311E-13 -1.156051E-14  1.626733E-18
        16   4  1.020654E-02 -3.878483E-03 -3.878483E-03 -1.749298E-13 -1.153598E-14 -5.011824E-19
        16   5  1.020654E-02 -3.878483E-03 -3.878483E-03  1.749322E-13  1.154660E-14  1.295987E-18
        16   6  1.020654E-02 -3.878483E-03 -3.878483E-03  1.749326E-13  1.153696E-14 -5.872440E-19
        16   7  1.020654E-02 -3.878483E-03 -3.878483E-03 -1.749297E-13  1.151793E-14  2.362476E-18
        16   8  1.020654E-02 -3.878483E-03 -3.878483E-03 -1.749280E-13  1.154427E-14 -9.922398E-19
