
                        S T E P       1


                                INCREMENT     1


 forces (fx,fy,fz) for set RIGHT and time  0.5000000E-01

        33  1.604502E+00 -3.219783E-11 -1.609884E-10
        34  1.604502E+00  3.219782E-11 -1.609906E-10
        35  1.604502E+00  3.219766E-11  1.609905E-10
        36  1.604502E+00 -3.219798E-11  1.609882E-10

 displacements (vx,vy,vz) for set RIGHT and time  0.5000000E-01

        33  1.000000E-02  4.875663E-04  9.751309E-05
        34  1.000000E-02 -4.875663E-04  9.751309E-05
        35  1.000000E-02 -4.875663E-04 -9.751309E-05
        36  1.000000E-02  4.875663E-04 -9.751309E-05

 stresses (elem, integ.pnt.,sxx,syy,szz,sxy,sxz,syz) for set ALL and time  0.5000000E-01

         1   1  1.630217E+00  8.285224E-01  8.117523E-01  9.812133E-02  2.420623E-02  5.228105E-06
         1   2  9.374397E-01 -5.966422E-02 -1.221264E-01  9.804892E-02  2.418715E-02  5.226108E-06
         1   3  1.630217E+00  8.285224E-01  8.117523E-01 -9.812133E-02  2.420623E-02 -5.228105E-06
         1   4  9.374397E-01 -5.966422E-02 -1.221264E-01 -9.804892E-02  2.418715E-02 -5.226108E-06
         1   5  1.630217E+00  8.285224E-01  8.117523E-01  9.812133E-02 -2.420623E-02 -5.228105E-06
         1   6  9.374397E-01 -5.966422E-02 -1.221264E-01  9.804892E-02 -2.418715E-02 -5.226108E-06
         1   7  1.630217E+00  8.285224E-01  8.117523E-01 -9.812133E-02 -2.420623E-02  5.228105E-06
         1   8  9.374397E-01 -5.966422E-02 -1.221264E-01 -9.804892E-02 -2.418715E-02  5.226108E-06
         2   1  1.257197E+00 -2.985842E-02 -8.928868E-02  4.997030E-03 -4.403539E-03 -4.846006E-08
         2   2  1.311038E+00  1.395716E-02  8.439431E-03  4.997178E-03 -4.403932E-03 -4.846150E-08
         2   3  1.257197E+00 -2.985842E-02 -8.928868E-02 -4.997030E-03 -4.403539E-03  4.846006E-08
         2   4  1.311038E+00  1.395716E-02  8.439431E-03 -4.997178E-03 -4.403932E-03  4.846150E-08
         2   5  1.257197E+00 -2.985842E-02 -8.928868E-02  4.997030E-03  4.403539E-03  4.846006E-08
         2   6  1.311038E+00  1.395716E-02  8.439431E-03  4.997178E-03  4.403932E-03  4.846150E-08
         2   7  1.257197E+00 -2.985842E-02 -8.928868E-02 -4.997030E-03  4.403539E-03 -4.846006E-08
         2   8  1.311038E+00  1.395716E-02  8.439431E-03 -4.997178E-03  4.403932E-03 -4.846150E-08
         3   1  1.288201E+00  3.608645E-03  1.431760E-02 -1.104994E-03  7.396337E-04 -1.799816E-09
         3   2  1.279999E+00 -2.380239E-03 -1.257292E-03 -1.104990E-03  7.396231E-04 -1.799808E-09
         3   3  1.288201E+00  3.608645E-03  1.431760E-02  1.104994E-03  7.396337E-04  1.799816E-09
         3   4  1.279999E+00 -2.380239E-03 -1.257292E-03  1.104990E-03  7.396231E-04  1.799808E-09
         3   5  1.288201E+00  3.608645E-03  1.431760E-02 -1.104994E-03 -7.396337E-04  1.799816E-09
         3   6  1.279999E+00 -2.380239E-03 -1.257292E-03 -1.104990E-03 -7.396231E-04  1.799808E-09
         3   7  1.288201E+00  3.608645E-03  1.431760E-02  1.104994E-03 -7.396337E-04 -1.799816E-09
         3   8  1.279999E+00 -2.380239E-03 -1.257292E-03  1.104990E-03 -7.396231E-04 -1.799808E-09
         4   1  1.283423E+00 -5.848615E-04 -2.382236E-03  1.878682E-04 -1.235064E-04 -5.109715E-11
         4   2  1.284783E+00  3.979183E-04  2.079251E-04  1.878683E-04 -1.235067E-04 -5.109721E-11
         4   3  1.283423E+00 -5.848615E-04 -2.382236E-03 -1.878682E-04 -1.235064E-04  5.109712E-11
         4   4  1.284783E+00  3.979183E-04  2.079251E-04 -1.878683E-04 -1.235067E-04  5.109725E-11
         4   5  1.283423E+00 -5.848615E-04 -2.382236E-03  1.878682E-04  1.235064E-04  5.109730E-11
         4   6  1.284783E+00  3.979183E-04  2.079251E-04  1.878683E-04  1.235067E-04  5.109741E-11
         4   7  1.283423E+00 -5.848615E-04 -2.382236E-03 -1.878682E-04  1.235064E-04 -5.109718E-11
         4   8  1.284783E+00  3.979183E-04  2.079251E-04 -1.878683E-04  1.235067E-04 -5.109723E-11
         5   1  1.284216E+00  9.739617E-05  3.975145E-04 -3.139975E-05  2.061472E-05 -1.425396E-12
         5   2  1.283989E+00 -6.642309E-05 -3.468093E-05 -3.139975E-05  2.061471E-05 -1.425377E-12
         5   3  1.284216E+00  9.739617E-05  3.975145E-04  3.139975E-05  2.061472E-05  1.425516E-12
         5   4  1.283989E+00 -6.642309E-05 -3.468093E-05  3.139975E-05  2.061471E-05  1.425406E-12
         5   5  1.284216E+00  9.739617E-05  3.975145E-04 -3.139975E-05 -2.061472E-05  1.425580E-12
         5   6  1.283989E+00 -6.642309E-05 -3.468093E-05 -3.139975E-05 -2.061471E-05  1.425584E-12
         5   7  1.284216E+00  9.739617E-05  3.975145E-04  3.139975E-05 -2.061472E-05 -1.425393E-12
         5   8  1.283989E+00 -6.642309E-05 -3.468093E-05  3.139975E-05 -2.061471E-05 -1.425432E-12
         6   1  1.284084E+00 -1.625446E-05 -6.634672E-05  5.241999E-06 -3.441147E-06 -3.972028E-14
         6   2  1.284122E+00  1.108858E-05  5.796533E-06  5.241999E-06 -3.441148E-06 -3.971559E-14
         6   3  1.284084E+00 -1.625446E-05 -6.634672E-05 -5.241999E-06 -3.441147E-06  3.970495E-14
         6   4  1.284122E+00  1.108858E-05  5.796533E-06 -5.241999E-06 -3.441148E-06  3.969699E-14
         6   5  1.284084E+00 -1.625446E-05 -6.634672E-05  5.241999E-06  3.441147E-06  3.978698E-14
         6   6  1.284122E+00  1.108858E-05  5.796533E-06  5.241999E-06  3.441148E-06  3.982264E-14
         6   7  1.284084E+00 -1.625446E-05 -6.634672E-05 -5.241999E-06  3.441147E-06 -3.977165E-14
         6   8  1.284122E+00  1.108858E-05  5.796533E-06 -5.241999E-06  3.441148E-06 -3.972182E-14
         7   1  1.284106E+00  2.721345E-06  1.107803E-05 -8.788784E-07  5.769415E-07 -1.131594E-15
         7   2  1.284099E+00 -1.862944E-06 -1.017461E-06 -8.788784E-07  5.769415E-07 -1.205485E-15
         7   3  1.284106E+00  2.721345E-06  1.107803E-05  8.788784E-07  5.769415E-07  1.051091E-15
         7   4  1.284099E+00 -1.862944E-06 -1.017461E-06  8.788784E-07  5.769415E-07  9.907138E-16
         7   5  1.284106E+00  2.721345E-06  1.107803E-05 -8.788784E-07 -5.769415E-07  1.128911E-15
         7   6  1.284099E+00 -1.862944E-06 -1.017461E-06 -8.788784E-07 -5.769415E-07  1.076776E-15
         7   7  1.284106E+00  2.721345E-06  1.107803E-05  8.788784E-07 -5.769415E-07 -1.165712E-15
         7   8  1.284099E+00 -1.862944E-06 -1.017461E-06  8.788784E-07 -5.769415E-07 -1.197147E-15
         8   1  1.284102E+00 -5.042571E-07 -1.875083E-06  1.703806E-07 -1.118466E-07 -1.573539E-16
         8   2  1.284103E+00  3.844586E-07  4.697645E-07  1.703806E-07 -1.118466E-07 -8.078000E-17
         8   3  1.284102E+00 -5.042571E-07 -1.875083E-06 -1.703806E-07 -1.118466E-07  1.091473E-17
         8   4  1.284103E+00  3.844586E-07  4.697645E-07 -1.703806E-07 -1.118466E-07  3.366651E-16
         8   5  1.284102E+00 -5.042571E-07 -1.875083E-06  1.703806E-07  1.118466E-07 -4.850429E-17
         8   6  1.284103E+00  3.844586E-07  4.697645E-07  1.703806E-07  1.118466E-07 -2.665342E-17
         8   7  1.284102E+00 -5.042571E-07 -1.875083E-06 -1.703806E-07  1.118466E-07 -1.079019E-16
         8   8  1.284103E+00  3.844586E-07  4.697645E-07 -1.703806E-07  1.118466E-07  1.880431E-16

 strains (elem, integ.pnt.,exx,eyy,ezz,exy,exz,eyz) for set ALL and time  0.5000000E-01

         1   1  4.023485E-04 -3.957770E-05 -4.881916E-05  5.406307E-05  1.333732E-05  1.482329E-21
         1   2  4.023485E-04 -1.476980E-04 -1.821834E-04  5.405722E-05  1.333554E-05 -5.080337E-21
         1   3  4.023485E-04 -3.957770E-05 -4.881916E-05 -5.406307E-05  1.333732E-05 -8.681664E-21
         1   4  4.023485E-04 -1.476980E-04 -1.821834E-04 -5.405722E-05  1.333554E-05 -3.218139E-20
         1   5  4.023485E-04 -3.957770E-05 -4.881916E-05  5.406307E-05 -1.333732E-05 -3.387888E-21
         1   6  4.023485E-04 -1.476980E-04 -1.821834E-04  5.405722E-05 -1.333554E-05 -1.608976E-20
         1   7  4.023485E-04 -3.957770E-05 -4.881916E-05 -5.406307E-05 -1.333732E-05 -1.185788E-20
         1   8  4.023485E-04 -1.476980E-04 -1.821834E-04 -5.405722E-05 -1.333554E-05 -4.319081E-20
         2   1  5.205307E-04 -1.892858E-04 -2.221106E-04  2.753927E-06 -2.426927E-06 -3.810357E-21
         2   2  5.205307E-04 -1.947937E-04 -1.978410E-04  2.753912E-06 -2.426986E-06 -6.224494E-20
         2   3  5.205307E-04 -1.892858E-04 -2.221106E-04 -2.753927E-06 -2.426927E-06  1.058645E-20
         2   4  5.205307E-04 -1.947937E-04 -1.978410E-04 -2.753912E-06 -2.426986E-06  5.462284E-20
         2   5  5.205307E-04 -1.892858E-04 -2.221106E-04  2.753927E-06  2.426927E-06 -2.117090E-20
         2   6  5.205307E-04 -1.947937E-04 -1.978410E-04  2.753912E-06  2.426986E-06 -2.540617E-20
         2   7  5.205307E-04 -1.892858E-04 -2.221106E-04 -2.753927E-06  2.426927E-06 -1.692800E-21
         2   8  5.205307E-04 -1.947937E-04 -1.978410E-04 -2.753912E-06  2.426986E-06  3.048711E-20
         3   1  5.120915E-04 -1.963639E-04 -1.904496E-04 -6.089749E-07  4.076182E-07 -4.848216E-20
         3   2  5.120915E-04 -1.951459E-04 -1.945258E-04 -6.089757E-07  4.076165E-07  3.678606E-20
         3   3  5.120915E-04 -1.963639E-04 -1.904496E-04  6.089749E-07  4.076182E-07  2.667726E-20
         3   4  5.120915E-04 -1.951459E-04 -1.945258E-04  6.089757E-07  4.076165E-07  3.964424E-20
         3   5  5.120915E-04 -1.963639E-04 -1.904496E-04 -6.089749E-07 -4.076182E-07 -4.149551E-20
         3   6  5.120915E-04 -1.951459E-04 -1.945258E-04 -6.089757E-07 -4.076165E-07  6.055129E-20
         3   7  5.120915E-04 -1.963639E-04 -1.904496E-04  6.089749E-07 -4.076182E-07  5.335355E-20
         3   8  5.120915E-04 -1.951459E-04 -1.945258E-04  6.089757E-07 -4.076165E-07  4.658027E-21
         4   1  5.133569E-04 -1.947759E-04 -1.957686E-04  1.035363E-07 -6.806587E-08  3.429766E-20
         4   2  5.133569E-04 -1.949830E-04 -1.950879E-04  1.035363E-07 -6.806592E-08  2.043063E-20
         4   3  5.133569E-04 -1.947759E-04 -1.957686E-04 -1.035363E-07 -6.806587E-08 -4.700166E-20
         4   4  5.133569E-04 -1.949830E-04 -1.950879E-04 -1.035363E-07 -6.806592E-08  7.938865E-22
         4   5  5.133569E-04 -1.947759E-04 -1.957686E-04  1.035363E-07  6.806587E-08  4.996471E-20
         4   6  5.133569E-04 -1.949830E-04 -1.950879E-04  1.035363E-07  6.806592E-08  9.294368E-20
         4   7  5.133569E-04 -1.947759E-04 -1.957686E-04 -1.035363E-07  6.806587E-08  1.693686E-20
         4   8  5.133569E-04 -1.949830E-04 -1.950879E-04 -1.035363E-07  6.806592E-08  7.621757E-21
         5   1  5.131475E-04 -1.950461E-04 -1.948804E-04 -1.730476E-08  1.136101E-08  3.980286E-20
         5   2  5.131475E-04 -1.950115E-04 -1.949940E-04 -1.730476E-08  1.136100E-08  5.012399E-20
         5   3  5.131475E-04 -1.950461E-04 -1.948804E-04  1.730476E-08  1.136101E-08  2.625298E-20
         5   4  5.131475E-04 -1.950115E-04 -1.949940E-04  1.730476E-08  1.136100E-08 -3.408642E-20
         5   5  5.131475E-04 -1.950461E-04 -1.948804E-04 -1.730476E-08 -1.136101E-08  6.182142E-20
         5   6  5.131475E-04 -1.950115E-04 -1.949940E-04 -1.730476E-08 -1.136100E-08  6.415024E-20
         5   7  5.131475E-04 -1.950461E-04 -1.948804E-04  1.730476E-08 -1.136101E-08  4.149660E-20
         5   8  5.131475E-04 -1.950115E-04 -1.949940E-04  1.730476E-08 -1.136100E-08  1.990140E-20
         6   1  5.131824E-04 -1.950010E-04 -1.950286E-04  2.888926E-09 -1.896456E-09  2.117163E-21
         6   2  5.131824E-04 -1.950067E-04 -1.950097E-04  2.888926E-09 -1.896456E-09  4.710702E-21
         6   3  5.131824E-04 -1.950010E-04 -1.950286E-04 -2.888926E-09 -1.896456E-09 -1.058585E-20
         6   4  5.131824E-04 -1.950067E-04 -1.950097E-04 -2.888926E-09 -1.896456E-09 -1.497897E-20
         6   5  5.131824E-04 -1.950010E-04 -1.950286E-04  2.888926E-09  1.896456E-09  3.472157E-20
         6   6  5.131824E-04 -1.950067E-04 -1.950097E-04  2.888926E-09  1.896456E-09  5.441125E-20
         6   7  5.131824E-04 -1.950010E-04 -1.950286E-04 -2.888926E-09  1.896456E-09 -2.625291E-20
         6   8  5.131824E-04 -1.950067E-04 -1.950097E-04 -2.888926E-09  1.896456E-09  1.270302E-21
         7   1  5.131766E-04 -1.950085E-04 -1.950039E-04 -4.843600E-10  3.179591E-10 -8.256962E-21
         7   2  5.131766E-04 -1.950075E-04 -1.950071E-04 -4.843600E-10  3.179591E-10 -4.906540E-20
         7   3  5.131766E-04 -1.950085E-04 -1.950039E-04  4.843600E-10  3.179591E-10 -3.620360E-20
         7   4  5.131766E-04 -1.950075E-04 -1.950071E-04  4.843600E-10  3.179591E-10 -6.954901E-20
         7   5  5.131766E-04 -1.950085E-04 -1.950039E-04 -4.843600E-10 -3.179591E-10  6.774941E-21
         7   6  5.131766E-04 -1.950075E-04 -1.950071E-04 -4.843600E-10 -3.179591E-10 -2.201856E-20
         7   7  5.131766E-04 -1.950085E-04 -1.950039E-04  4.843600E-10 -3.179591E-10 -2.709977E-20
         7   8  5.131766E-04 -1.950075E-04 -1.950071E-04  4.843600E-10 -3.179591E-10 -4.446056E-20
         8   1  5.131776E-04 -1.950073E-04 -1.950080E-04  9.389871E-11 -6.163996E-11 -6.372680E-20
         8   2  5.131776E-04 -1.950074E-04 -1.950074E-04  9.389871E-11 -6.163996E-11 -2.143634E-20
         8   3  5.131776E-04 -1.950073E-04 -1.950080E-04 -9.389871E-11 -6.163997E-11 -1.714907E-20
         8   4  5.131776E-04 -1.950074E-04 -1.950074E-04 -9.389871E-11 -6.163996E-11  1.627574E-19
         8   5  5.131776E-04 -1.950073E-04 -1.950080E-04  9.389871E-11  6.163996E-11 -4.996520E-20
         8   6  5.131776E-04 -1.950074E-04 -1.950074E-04  9.389871E-11  6.163997E-11 -3.789733E-20
         8   7  5.131776E-04 -1.950073E-04 -1.950080E-04 -9.389871E-11  6.163996E-11 -3.641531E-20
         8   8  5.131776E-04 -1.950074E-04 -1.950074E-04 -9.389871E-11  6.163996E-11  1.270302E-19

                                INCREMENT     2


 forces (fx,fy,fz) for set RIGHT and time  0.1000000E+00

        33  3.211434E+00 -4.930573E-16 -1.381001E-15
        34  3.211434E+00  7.883970E-16 -1.940350E-15
        35  3.211434E+00  1.637221E-16  8.347694E-16
        36  3.211434E+00 -1.263676E-16  1.782689E-15

 displacements (vx,vy,vz) for set RIGHT and time  0.1000000E+00

        33  2.000000E-02  9.754659E-04  1.950928E-04
        34  2.000000E-02 -9.754659E-04  1.950928E-04
        35  2.000000E-02 -9.754659E-04 -1.950928E-04
        36  2.000000E-02  9.754659E-04 -1.950928E-04

 stresses (elem, integ.pnt.,sxx,syy,szz,sxy,sxz,syz) for set ALL and time  0.1000000E+00

         1   1  3.263127E+00  1.657007E+00  1.623359E+00  1.966418E-01  4.852235E-02  2.093763E-05
         1   2  1.876983E+00 -1.190852E-01 -2.441617E-01  1.963521E-01  4.844598E-02  2.092165E-05
         1   3  3.263127E+00  1.657007E+00  1.623359E+00 -1.966418E-01  4.852235E-02 -2.093763E-05
         1   4  1.876983E+00 -1.190852E-01 -2.441617E-01 -1.963521E-01  4.844598E-02 -2.092165E-05
         1   5  3.263127E+00  1.657007E+00  1.623359E+00  1.966418E-01 -4.852235E-02 -2.093763E-05
         1   6  1.876983E+00 -1.190852E-01 -2.441617E-01  1.963521E-01 -4.844598E-02 -2.092165E-05
         1   7  3.263127E+00  1.657007E+00  1.623359E+00 -1.966418E-01 -4.852235E-02  2.093763E-05
         1   8  1.876983E+00 -1.190852E-01 -2.441617E-01 -1.963521E-01 -4.844598E-02  2.092165E-05
         2   1  2.517314E+00 -5.967662E-02 -1.786342E-01  1.003294E-02 -8.829687E-03 -1.945877E-07
         2   2  2.625114E+00  2.793307E-02  1.686978E-02  1.003354E-02 -8.831259E-03 -1.945992E-07
         2   3  2.517314E+00 -5.967662E-02 -1.786342E-01 -1.003294E-02 -8.829687E-03  1.945877E-07
         2   4  2.625114E+00  2.793307E-02  1.686978E-02 -1.003354E-02 -8.831259E-03  1.945992E-07
         2   5  2.517314E+00 -5.967662E-02 -1.786342E-01  1.003294E-02  8.829687E-03  1.945877E-07
         2   6  2.625114E+00  2.793307E-02  1.686978E-02  1.003354E-02  8.831259E-03  1.945992E-07
         2   7  2.517314E+00 -5.967662E-02 -1.786342E-01 -1.003294E-02  8.829687E-03 -1.945877E-07
         2   8  2.625114E+00  2.793307E-02  1.686978E-02 -1.003354E-02  8.831259E-03 -1.945992E-07
         3   1  2.579362E+00  7.235562E-03  2.865489E-02 -2.212247E-03  1.482940E-03 -7.205460E-09
         3   2  2.562926E+00 -4.762857E-03 -2.516069E-03 -2.212230E-03  1.482898E-03 -7.205395E-09
         3   3  2.579362E+00  7.235562E-03  2.865489E-02  2.212247E-03  1.482940E-03  7.205460E-09
         3   4  2.562926E+00 -4.762857E-03 -2.516069E-03  2.212230E-03  1.482898E-03  7.205395E-09
         3   5  2.579362E+00  7.235562E-03  2.865489E-02 -2.212247E-03 -1.482940E-03  7.205460E-09
         3   6  2.562926E+00 -4.762857E-03 -2.516069E-03 -2.212230E-03 -1.482898E-03  7.205395E-09
         3   7  2.579362E+00  7.235562E-03  2.865489E-02  2.212247E-03 -1.482940E-03 -7.205460E-09
         3   8  2.562926E+00 -4.762857E-03 -2.516069E-03  2.212230E-03 -1.482898E-03 -7.205395E-09
         4   1  2.569793E+00 -1.173272E-03 -4.767430E-03  3.759575E-04 -2.475923E-04 -2.044497E-10
         4   2  2.572516E+00  7.961223E-04  4.161143E-04  3.759579E-04 -2.475935E-04 -2.044500E-10
         4   3  2.569793E+00 -1.173272E-03 -4.767430E-03 -3.759575E-04 -2.475923E-04  2.044497E-10
         4   4  2.572516E+00  7.961223E-04  4.161143E-04 -3.759579E-04 -2.475935E-04  2.044498E-10
         4   5  2.569793E+00 -1.173272E-03 -4.767430E-03  3.759575E-04  2.475923E-04  2.044495E-10
         4   6  2.572516E+00  7.961223E-04  4.161143E-04  3.759579E-04  2.475935E-04  2.044498E-10
         4   7  2.569793E+00 -1.173272E-03 -4.767430E-03 -3.759575E-04  2.475923E-04 -2.044494E-10
         4   8  2.572516E+00  7.961223E-04  4.161143E-04 -3.759579E-04  2.475935E-04 -2.044498E-10
         5   1  2.571380E+00  1.953738E-04  7.954310E-04 -6.282614E-05  4.132107E-05 -5.701976E-12
         5   2  2.570926E+00 -1.328772E-04 -6.939916E-05 -6.282613E-05  4.132104E-05 -5.701896E-12
         5   3  2.571380E+00  1.953738E-04  7.954310E-04  6.282614E-05  4.132107E-05  5.701868E-12
         5   4  2.570926E+00 -1.328772E-04 -6.939916E-05  6.282613E-05  4.132104E-05  5.701977E-12
         5   5  2.571380E+00  1.953738E-04  7.954310E-04 -6.282614E-05 -4.132107E-05  5.701876E-12
         5   6  2.570926E+00 -1.328772E-04 -6.939916E-05 -6.282613E-05 -4.132104E-05  5.702011E-12
         5   7  2.571380E+00  1.953738E-04  7.954310E-04  6.282614E-05 -4.132107E-05 -5.701894E-12
         5   8  2.570926E+00 -1.328772E-04 -6.939916E-05  6.282613E-05 -4.132104E-05 -5.701752E-12
         6   1  2.571115E+00 -3.260227E-05 -1.327443E-04  1.048711E-05 -6.896736E-06 -1.588059E-13
         6   2  2.571191E+00  2.217947E-05  1.159775E-05  1.048711E-05 -6.896737E-06 -1.588603E-13
         6   3  2.571115E+00 -3.260227E-05 -1.327443E-04 -1.048711E-05 -6.896736E-06  1.589132E-13
         6   4  2.571191E+00  2.217947E-05  1.159775E-05 -1.048711E-05 -6.896737E-06  1.587379E-13
         6   5  2.571115E+00 -3.260227E-05 -1.327443E-04  1.048711E-05  6.896736E-06  1.589530E-13
         6   6  2.571191E+00  2.217947E-05  1.159775E-05  1.048711E-05  6.896737E-06  1.589591E-13
         6   7  2.571115E+00 -3.260227E-05 -1.327443E-04 -1.048711E-05  6.896736E-06 -1.586435E-13
         6   8  2.571191E+00  2.217947E-05  1.159775E-05 -1.048711E-05  6.896737E-06 -1.587898E-13
         7   1  2.571160E+00  5.457473E-06  2.216170E-05 -1.758058E-06  1.156160E-06 -4.491189E-15
         7   2  2.571147E+00 -3.725997E-06 -2.035575E-06 -1.758058E-06  1.156160E-06 -4.638099E-15
         7   3  2.571160E+00  5.457473E-06  2.216170E-05  1.758058E-06  1.156160E-06  4.459011E-15
         7   4  2.571147E+00 -3.725997E-06 -2.035575E-06  1.758058E-06  1.156160E-06  4.459394E-15
         7   5  2.571160E+00  5.457473E-06  2.216170E-05 -1.758058E-06 -1.156160E-06  4.409211E-15
         7   6  2.571147E+00 -3.725997E-06 -2.035575E-06 -1.758058E-06 -1.156160E-06  4.353281E-15
         7   7  2.571160E+00  5.457473E-06  2.216170E-05  1.758058E-06 -1.156160E-06 -4.421469E-15
         7   8  2.571147E+00 -3.725997E-06 -2.035575E-06  1.758058E-06 -1.156160E-06 -4.408445E-15
         8   1  2.571152E+00 -1.010964E-06 -3.750773E-06  3.407721E-07 -2.241033E-07 -2.543098E-16
         8   2  2.571154E+00  7.691061E-07  9.394875E-07  3.407721E-07 -2.241033E-07 -4.301422E-16
         8   3  2.571152E+00 -1.010964E-06 -3.750773E-06 -3.407721E-07 -2.241033E-07  2.987467E-16
         8   4  2.571154E+00  7.691061E-07  9.394875E-07 -3.407721E-07 -2.241033E-07  4.002622E-16
         8   5  2.571152E+00 -1.010964E-06 -3.750773E-06  3.407721E-07  2.241033E-07 -1.614277E-17
         8   6  2.571154E+00  7.691061E-07  9.394875E-07  3.407721E-07  2.241033E-07  3.825420E-17
         8   7  2.571152E+00 -1.010964E-06 -3.750773E-06 -3.407721E-07  2.241033E-07 -1.309589E-16
         8   8  2.571154E+00  7.691061E-07  9.394875E-07 -3.407721E-07  2.241033E-07  7.896744E-17

 strains (elem, integ.pnt.,exx,eyy,ezz,exy,exz,eyz) for set ALL and time  0.1000000E+00

         1   1  8.049675E-04 -7.917180E-05 -9.768289E-05  1.081464E-04  2.668616E-05  8.045400E-21
         1   2  8.049675E-04 -2.954412E-04 -3.645088E-04  1.081230E-04  2.667903E-05  7.610217E-21
         1   3  8.049675E-04 -7.917180E-05 -9.768289E-05 -1.081464E-04  2.668616E-05 -1.228178E-20
         1   4  8.049675E-04 -2.954412E-04 -3.645088E-04 -1.081230E-04  2.667903E-05 -6.013240E-20
         1   5  8.049675E-04 -7.917180E-05 -9.768289E-05  1.081464E-04 -2.668616E-05 -1.185787E-20
         1   6  8.049675E-04 -2.954412E-04 -3.645088E-04  1.081230E-04 -2.667903E-05 -7.960237E-20
         1   7  8.049675E-04 -7.917180E-05 -9.768289E-05 -1.081464E-04 -2.668616E-05 -3.557291E-20
         1   8  8.049675E-04 -2.954412E-04 -3.645088E-04 -1.081230E-04 -2.667903E-05 -1.456515E-19
         2   1  1.041313E-03 -3.786308E-04 -4.443724E-04  5.520399E-06 -4.858652E-06  1.861129E-20
         2   2  1.041313E-03 -3.896716E-04 -3.957847E-04  5.520338E-06 -4.858888E-06  2.518704E-20
         2   3  1.041313E-03 -3.786308E-04 -4.443724E-04 -5.520399E-06 -4.858652E-06 -7.452716E-20
         2   4  1.041313E-03 -3.896716E-04 -3.957847E-04 -5.520338E-06 -4.858888E-06  8.252981E-21
         2   5  1.041313E-03 -3.786308E-04 -4.443724E-04  5.520399E-06  4.858652E-06 -7.621423E-20
         2   6  1.041313E-03 -3.896716E-04 -3.957847E-04  5.520338E-06  4.858888E-06 -3.217671E-20
         2   7  1.041313E-03 -3.786308E-04 -4.443724E-04 -5.520399E-06  4.858652E-06 -1.727393E-19
         2   8  1.041313E-03 -3.896716E-04 -3.957847E-04 -5.520338E-06  4.858888E-06 -4.064372E-20
         3   1  1.024431E-03 -3.928217E-04 -3.809863E-04 -1.217232E-06  8.159402E-07  3.853125E-20
         3   2  1.024431E-03 -3.903872E-04 -3.891457E-04 -1.217235E-06  8.159335E-07 -2.285995E-20
         3   3  1.024431E-03 -3.928217E-04 -3.809863E-04  1.217232E-06  8.159402E-07  5.250181E-20
         3   4  1.024431E-03 -3.903872E-04 -3.891457E-04  1.217235E-06  8.159335E-07  5.747093E-20
         3   5  1.024431E-03 -3.928217E-04 -3.809863E-04 -1.217232E-06 -8.159402E-07  8.472878E-21
         3   6  1.024431E-03 -3.903872E-04 -3.891457E-04 -1.217235E-06 -8.159335E-07 -9.017280E-20
         3   7  1.024431E-03 -3.928217E-04 -3.809863E-04  1.217232E-06 -8.159402E-07  1.016630E-20
         3   8  1.024431E-03 -3.903872E-04 -3.891457E-04  1.217235E-06 -8.159335E-07  4.657844E-21
         4   1  1.026965E-03 -3.896475E-04 -3.916336E-04  2.068610E-07 -1.362316E-07 -7.874523E-20
         4   2  1.026965E-03 -3.900613E-04 -3.902712E-04  2.068609E-07 -1.362318E-07 -7.133489E-20
         4   3  1.026965E-03 -3.896475E-04 -3.916336E-04 -2.068610E-07 -1.362316E-07  7.027447E-20
         4   4  1.026965E-03 -3.900613E-04 -3.902712E-04 -2.068609E-07 -1.362318E-07 -1.873350E-20
         4   5  1.026965E-03 -3.896475E-04 -3.916336E-04  2.068610E-07  1.362316E-07 -2.709635E-20
         4   6  1.026965E-03 -3.900613E-04 -3.902712E-04  2.068609E-07  1.362318E-07 -2.624800E-20
         4   7  1.026965E-03 -3.896475E-04 -3.916336E-04 -2.068610E-07  1.362316E-07  6.942777E-20
         4   8  1.026965E-03 -3.900613E-04 -3.902712E-04 -2.068609E-07  1.362318E-07  2.963242E-21
         5   1  1.026546E-03 -3.901874E-04 -3.898558E-04 -3.456848E-08  2.273585E-08 -3.005758E-20
         5   2  1.026546E-03 -3.901183E-04 -3.900832E-04 -3.456848E-08  2.273585E-08  1.386479E-20
         5   3  1.026546E-03 -3.901874E-04 -3.898558E-04  3.456848E-08  2.273585E-08 -3.005758E-20
         5   4  1.026546E-03 -3.901183E-04 -3.900832E-04  3.456848E-08  2.273585E-08  3.101052E-20
         5   5  1.026546E-03 -3.901874E-04 -3.898558E-04 -3.456848E-08 -2.273585E-08 -2.540071E-20
         5   6  1.026546E-03 -3.901183E-04 -3.900832E-04 -3.456848E-08 -2.273585E-08  4.995549E-20
         5   7  1.026546E-03 -3.901874E-04 -3.898558E-04  3.456848E-08 -2.273585E-08  1.524101E-20
         5   8  1.026546E-03 -3.901183E-04 -3.900832E-04  3.456848E-08 -2.273585E-08  9.313731E-20
         6   1  1.026615E-03 -3.900972E-04 -3.901525E-04  5.770265E-09 -3.794752E-09  2.878782E-20
         6   2  1.026615E-03 -3.901087E-04 -3.901146E-04  5.770265E-09 -3.794753E-09 -1.270058E-21
         6   3  1.026615E-03 -3.900972E-04 -3.901525E-04 -5.770265E-09 -3.794752E-09  3.048123E-20
         6   4  1.026615E-03 -3.901087E-04 -3.901146E-04 -5.770265E-09 -3.794753E-09 -6.636031E-20
         6   5  1.026615E-03 -3.900972E-04 -3.901525E-04  5.770265E-09  3.794752E-09  5.249549E-20
         6   6  1.026615E-03 -3.901087E-04 -3.901146E-04  5.770265E-09  3.794753E-09  5.588236E-20
         6   7  1.026615E-03 -3.900972E-04 -3.901525E-04 -5.770265E-09  3.794752E-09  1.185383E-19
         6   8  1.026615E-03 -3.901087E-04 -3.901146E-04 -5.770265E-09  3.794753E-09  3.767825E-20
         7   1  1.026604E-03 -3.901122E-04 -3.901030E-04 -9.673266E-10  6.361472E-10 -1.481729E-20
         7   2  1.026604E-03 -3.901103E-04 -3.901094E-04 -9.673266E-10  6.361472E-10 -9.599489E-20
         7   3  1.026604E-03 -3.901122E-04 -3.901030E-04  9.673266E-10  6.361472E-10 -2.963455E-21
         7   4  1.026604E-03 -3.901103E-04 -3.901094E-04  9.673266E-10  6.361472E-10 -2.751783E-21
         7   5  1.026604E-03 -3.901122E-04 -3.901030E-04 -9.673266E-10 -6.361472E-10 -3.048128E-20
         7   6  1.026604E-03 -3.901103E-04 -3.901094E-04 -9.673266E-10 -6.361472E-10 -6.138593E-20
         7   7  1.026604E-03 -3.901122E-04 -3.901030E-04  9.673266E-10 -6.361472E-10  2.370767E-20
         7   8  1.026604E-03 -3.901103E-04 -3.901094E-04  9.673266E-10 -6.361472E-10  3.090464E-20
         8   1  1.026606E-03 -3.901097E-04 -3.901112E-04  1.875011E-10 -1.233071E-10 -4.783869E-20
         8   2  1.026606E-03 -3.901101E-04 -3.901100E-04  1.875011E-10 -1.233071E-10 -1.449978E-19
         8   3  1.026606E-03 -3.901097E-04 -3.901112E-04 -1.875011E-10 -1.233071E-10  7.239306E-20
         8   4  1.026606E-03 -3.901101E-04 -3.901100E-04 -1.875011E-10 -1.233071E-10  1.284871E-19
         8   5  1.026606E-03 -3.901097E-04 -3.901112E-04  1.875011E-10  1.233071E-10 -1.016043E-19
         8   6  1.026606E-03 -3.901101E-04 -3.901100E-04  1.875011E-10  1.233071E-10 -7.154636E-20
         8   7  1.026606E-03 -3.901097E-04 -3.901112E-04 -1.875011E-10  1.233071E-10  2.032086E-20
         8   8  1.026606E-03 -3.901101E-04 -3.901100E-04 -1.875011E-10  1.233071E-10  1.363191E-19

                                INCREMENT     3


 forces (fx,fy,fz) for set RIGHT and time  0.1750000E+00

        33  5.626389E+00  1.247229E-15 -2.072190E-15
        34  5.626389E+00 -1.281562E-15  5.447000E-15
        35  5.626389E+00  5.750342E-16 -4.830920E-15
        36  5.626389E+00  3.410604E-16 -3.082981E-15

 displacements (vx,vy,vz) for set RIGHT and time  0.1750000E+00

        33  3.500000E-02  1.707941E-03  3.415875E-04
        34  3.500000E-02 -1.707941E-03  3.415875E-04
        35  3.500000E-02 -1.707941E-03 -3.415875E-04
        36  3.500000E-02  1.707941E-03 -3.415875E-04

 stresses (elem, integ.pnt.,sxx,syy,szz,sxy,sxz,syz) for set ALL and time  0.1750000E+00

         1   1  5.717544E+00  2.899664E+00  2.840497E+00  3.451724E-01  8.520312E-02  6.423745E-05
         1   2  3.290251E+00 -2.077609E-01 -4.270443E-01  3.442850E-01  8.496903E-02  6.415177E-05
         1   3  5.717544E+00  2.899664E+00  2.840497E+00 -3.451724E-01  8.520312E-02 -6.423745E-05
         1   4  3.290251E+00 -2.077609E-01 -4.270443E-01 -3.442850E-01  8.496903E-02 -6.415177E-05
         1   5  5.717544E+00  2.899664E+00  2.840497E+00  3.451724E-01 -8.520312E-02 -6.423745E-05
         1   6  3.290251E+00 -2.077609E-01 -4.270443E-01  3.442850E-01 -8.496903E-02 -6.415177E-05
         1   7  5.717544E+00  2.899664E+00  2.840497E+00 -3.451724E-01 -8.520312E-02  6.423745E-05
         1   8  3.290251E+00 -2.077609E-01 -4.270443E-01 -3.442850E-01 -8.496903E-02  6.415177E-05
         2   1  4.412974E+00 -1.043277E-01 -3.127582E-01  1.766019E-02 -1.551145E-02 -5.993736E-07
         2   2  4.601935E+00  4.893223E-02  2.949820E-02  1.766201E-02 -1.551628E-02 -5.994358E-07
         2   3  4.412974E+00 -1.043277E-01 -3.127582E-01 -1.766019E-02 -1.551145E-02  5.993736E-07
         2   4  4.601935E+00  4.893223E-02  2.949820E-02 -1.766201E-02 -1.551628E-02  5.994358E-07
         2   5  4.412974E+00 -1.043277E-01 -3.127582E-01  1.766019E-02  1.551145E-02  5.993736E-07
         2   6  4.601935E+00  4.893223E-02  2.949820E-02  1.766201E-02  1.551628E-02  5.994358E-07
         2   7  4.412974E+00 -1.043277E-01 -3.127582E-01 -1.766019E-02  1.551145E-02 -5.993736E-07
         2   8  4.601935E+00  4.893223E-02  2.949820E-02 -1.766201E-02  1.551628E-02 -5.994358E-07
         3   1  4.521662E+00  1.271023E-02  5.019760E-02 -3.877331E-03  2.604805E-03 -2.209495E-08
         3   2  4.492816E+00 -8.341208E-03 -4.407015E-03 -3.877280E-03  2.604674E-03 -2.209460E-08
         3   3  4.521662E+00  1.271023E-02  5.019760E-02  3.877331E-03  2.604805E-03  2.209495E-08
         3   4  4.492816E+00 -8.341208E-03 -4.407015E-03  3.877280E-03  2.604674E-03  2.209460E-08
         3   5  4.521662E+00  1.271023E-02  5.019760E-02 -3.877331E-03 -2.604805E-03  2.209495E-08
         3   6  4.492816E+00 -8.341208E-03 -4.407015E-03 -3.877280E-03 -2.604674E-03  2.209460E-08
         3   7  4.521662E+00  1.271023E-02  5.019760E-02  3.877331E-03 -2.604805E-03 -2.209495E-08
         3   8  4.492816E+00 -8.341208E-03 -4.407015E-03  3.877280E-03 -2.604674E-03 -2.209460E-08
         4   1  4.504882E+00 -2.062527E-03 -8.350735E-03  6.585030E-04 -4.348103E-04 -6.264013E-10
         4   2  4.509662E+00  1.393958E-03  7.288898E-04  6.585044E-04 -4.348139E-04 -6.264029E-10
         4   3  4.504882E+00 -2.062527E-03 -8.350735E-03 -6.585030E-04 -4.348103E-04  6.264013E-10
         4   4  4.509662E+00  1.393958E-03  7.288898E-04 -6.585044E-04 -4.348139E-04  6.264028E-10
         4   5  4.504882E+00 -2.062527E-03 -8.350735E-03  6.585030E-04  4.348103E-04  6.264008E-10
         4   6  4.509662E+00  1.393958E-03  7.288898E-04  6.585044E-04  4.348139E-04  6.264023E-10
         4   7  4.504882E+00 -2.062527E-03 -8.350735E-03 -6.585030E-04  4.348103E-04 -6.264010E-10
         4   8  4.509662E+00  1.393958E-03  7.288898E-04 -6.585044E-04  4.348139E-04 -6.264028E-10
         5   1  4.507665E+00  3.434275E-04  1.393055E-03 -1.100153E-04  7.255284E-05 -1.746271E-11
         5   2  4.506868E+00 -2.326151E-04 -1.215455E-04 -1.100152E-04  7.255274E-05 -1.746228E-11
         5   3  4.507665E+00  3.434275E-04  1.393055E-03  1.100153E-04  7.255284E-05  1.746222E-11
         5   4  4.506868E+00 -2.326151E-04 -1.215455E-04  1.100152E-04  7.255274E-05  1.746243E-11
         5   5  4.507665E+00  3.434275E-04  1.393055E-03 -1.100153E-04 -7.255284E-05  1.746203E-11
         5   6  4.506868E+00 -2.326151E-04 -1.215455E-04 -1.100152E-04 -7.255274E-05  1.746249E-11
         5   7  4.507665E+00  3.434275E-04  1.393055E-03  1.100153E-04 -7.255284E-05 -1.746236E-11
         5   8  4.506868E+00 -2.326151E-04 -1.215455E-04  1.100152E-04 -7.255274E-05 -1.746221E-11
         6   1  4.507201E+00 -5.729811E-05 -2.324352E-04  1.836057E-05 -1.210726E-05 -4.865199E-13
         6   2  4.507334E+00  3.882027E-05  2.030855E-05  1.836057E-05 -1.210727E-05 -4.862586E-13
         6   3  4.507201E+00 -5.729811E-05 -2.324352E-04 -1.836057E-05 -1.210726E-05  4.862321E-13
         6   4  4.507334E+00  3.882027E-05  2.030855E-05 -1.836057E-05 -1.210727E-05  4.861725E-13
         6   5  4.507201E+00 -5.729811E-05 -2.324352E-04  1.836057E-05  1.210726E-05  4.863729E-13
         6   6  4.507334E+00  3.882027E-05  2.030855E-05  1.836057E-05  1.210727E-05  4.865674E-13
         6   7  4.507201E+00 -5.729811E-05 -2.324352E-04 -1.836057E-05  1.210726E-05 -4.865627E-13
         6   8  4.507334E+00  3.882027E-05  2.030855E-05 -1.836057E-05  1.210727E-05 -4.863669E-13
         7   1  4.507279E+00  9.589548E-06  3.879794E-05 -3.077385E-06  2.029266E-06 -1.361455E-14
         7   2  4.507256E+00 -6.520485E-06 -3.563685E-06 -3.077385E-06  2.029265E-06 -1.380359E-14
         7   3  4.507279E+00  9.589548E-06  3.879794E-05  3.077385E-06  2.029266E-06  1.362373E-14
         7   4  4.507256E+00 -6.520485E-06 -3.563685E-06  3.077385E-06  2.029265E-06  1.372017E-14
         7   5  4.507279E+00  9.589548E-06  3.879794E-05 -3.077385E-06 -2.029266E-06  1.380282E-14
         7   6  4.507256E+00 -6.520485E-06 -3.563685E-06 -3.077385E-06 -2.029265E-06  1.350434E-14
         7   7  4.507279E+00  9.589548E-06  3.879794E-05  3.077385E-06 -2.029266E-06 -1.371710E-14
         7   8  4.507256E+00 -6.520485E-06 -3.563685E-06  3.077385E-06 -2.029265E-06 -1.358393E-14
         8   1  4.507265E+00 -1.775327E-06 -6.565160E-06  5.963786E-07 -3.932591E-07 -9.814801E-16
         8   2  4.507270E+00  1.346696E-06  1.644260E-06  5.963786E-07 -3.932591E-07 -6.493218E-16
         8   3  4.507265E+00 -1.775327E-06 -6.565160E-06 -5.963786E-07 -3.932591E-07  9.263754E-16
         8   4  4.507270E+00  1.346696E-06  1.644260E-06 -5.963786E-07 -3.932591E-07  1.588396E-15
         8   5  4.507265E+00 -1.775327E-06 -6.565160E-06  5.963786E-07  3.932591E-07  1.028678E-16
         8   6  4.507270E+00  1.346696E-06  1.644260E-06  5.963786E-07  3.932591E-07  7.225422E-17
         8   7  4.507265E+00 -1.775327E-06 -6.565160E-06 -5.963786E-07  3.932591E-07  7.341251E-18
         8   8  4.507270E+00  1.346696E-06  1.644260E-06 -5.963786E-07  3.932591E-07  1.588789E-16

 strains (elem, integ.pnt.,exx,eyy,ezz,exy,exz,eyz) for set ALL and time  0.1750000E+00

         1   1  1.409403E-03 -1.385937E-04 -1.710621E-04  1.893093E-04  4.673104E-05  2.122061E-21
         1   2  1.409403E-03 -5.171407E-04 -6.382632E-04  1.892377E-04  4.670919E-05  2.292427E-20
         1   3  1.409403E-03 -1.385937E-04 -1.710621E-04 -1.893093E-04  4.673104E-05 -1.142859E-20
         1   4  1.409403E-03 -5.171407E-04 -6.382632E-04 -1.892377E-04  4.670919E-05 -1.125309E-19
         1   5  1.409403E-03 -1.385937E-04 -1.710621E-04  1.893093E-04 -4.673104E-05  5.085949E-21
         1   6  1.409403E-03 -5.171407E-04 -6.382632E-04  1.892377E-04 -4.670919E-05  5.424448E-20
         1   7  1.409403E-03 -1.385937E-04 -1.710621E-04 -1.893093E-04 -4.673104E-05 -1.689375E-21
         1   8  1.409403E-03 -5.171407E-04 -6.382632E-04 -1.892377E-04 -4.670919E-05 -8.121069E-20
         2   1  1.822958E-03 -6.627589E-04 -7.780487E-04  9.693701E-06 -8.515231E-06 -2.698076E-20
         2   2  1.822958E-03 -6.821462E-04 -6.928927E-04  9.693512E-06 -8.515957E-06 -2.664679E-20
         2   3  1.822958E-03 -6.627589E-04 -7.780487E-04 -9.693701E-06 -8.515231E-06 -5.068235E-20
         2   4  1.822958E-03 -6.821462E-04 -6.928927E-04 -9.693512E-06 -8.515957E-06 -1.648937E-20
         2   5  1.822958E-03 -6.627589E-04 -7.780487E-04  9.693701E-06  8.515231E-06  8.136445E-20
         2   6  1.822958E-03 -6.821462E-04 -6.928927E-04  9.693512E-06  8.515957E-06  1.356004E-20
         2   7  1.822958E-03 -6.627589E-04 -7.780487E-04 -9.693701E-06  8.515231E-06 -3.036938E-20
         2   8  1.822958E-03 -6.821462E-04 -6.928927E-04 -9.693512E-06  8.515957E-06 -1.183363E-20
         3   1  1.793405E-03 -6.876843E-04 -6.669549E-04 -2.128254E-06  1.429739E-06 -1.100779E-19
         3   2  1.793405E-03 -6.834278E-04 -6.812522E-04 -2.128263E-06  1.429718E-06  2.073318E-20
         3   3  1.793405E-03 -6.876843E-04 -6.669549E-04  2.128254E-06  1.429739E-06 -5.505864E-20
         3   4  1.793405E-03 -6.834278E-04 -6.812522E-04  2.128263E-06  1.429718E-06  1.483361E-19
         3   5  1.793405E-03 -6.876843E-04 -6.669549E-04 -2.128254E-06 -1.429739E-06 -1.557872E-19
         3   6  1.793405E-03 -6.834278E-04 -6.812522E-04 -2.128263E-06 -1.429718E-06 -1.227409E-19
         3   7  1.793405E-03 -6.876843E-04 -6.669549E-04  2.128254E-06 -1.429739E-06 -9.822850E-20
         3   8  1.793405E-03 -6.834278E-04 -6.812522E-04  2.128263E-06 -1.429718E-06 -5.502458E-20
         4   1  1.797847E-03 -6.821344E-04 -6.856117E-04  3.614499E-07 -2.386667E-07 -1.142613E-19
         4   2  1.797847E-03 -6.828573E-04 -6.832251E-04  3.614497E-07 -2.386672E-07 -8.697161E-20
         4   3  1.797847E-03 -6.821344E-04 -6.856117E-04 -3.614499E-07 -2.386667E-07  1.295177E-19
         4   4  1.797847E-03 -6.828573E-04 -6.832251E-04 -3.614497E-07 -2.386672E-07  2.137455E-20
         4   5  1.797847E-03 -6.821344E-04 -6.856117E-04  3.614499E-07  2.386667E-07 -1.760523E-19
         4   6  1.797847E-03 -6.828573E-04 -6.832251E-04  3.614497E-07  2.386672E-07 -2.370056E-19
         4   7  1.797847E-03 -6.821344E-04 -6.856117E-04 -3.614499E-07  2.386667E-07  6.434092E-20
         4   8  1.797847E-03 -6.828573E-04 -6.832251E-04 -3.614497E-07  2.386672E-07 -5.247857E-20
         5   1  1.797112E-03 -6.830777E-04 -6.824972E-04 -6.038700E-08  3.982397E-08 -2.429353E-19
         5   2  1.797112E-03 -6.829569E-04 -6.828955E-04 -6.038701E-08  3.982396E-08 -1.163912E-20
         5   3  1.797112E-03 -6.830777E-04 -6.824972E-04  6.038700E-08  3.982397E-08 -2.624305E-20
         5   4  1.797112E-03 -6.829569E-04 -6.828955E-04  6.038701E-08  3.982396E-08  9.480251E-20
         5   5  1.797112E-03 -6.830777E-04 -6.824972E-04 -6.038700E-08 -3.982397E-08 -1.320498E-19
         5   6  1.797112E-03 -6.829569E-04 -6.828955E-04 -6.038701E-08 -3.982396E-08  1.244284E-19
         5   7  1.797112E-03 -6.830777E-04 -6.824972E-04  6.038700E-08 -3.982397E-08 -5.079024E-20
         5   8  1.797112E-03 -6.829569E-04 -6.828955E-04  6.038701E-08 -3.982396E-08  2.793262E-20
         6   1  1.797235E-03 -6.829201E-04 -6.830169E-04  1.007805E-08 -6.645634E-09 -1.083455E-19
         6   2  1.797235E-03 -6.829402E-04 -6.829505E-04  1.007805E-08 -6.645635E-09  3.618600E-20
         6   3  1.797235E-03 -6.829201E-04 -6.830169E-04 -1.007805E-08 -6.645634E-09 -5.078661E-20
         6   4  1.797235E-03 -6.829402E-04 -6.829505E-04 -1.007805E-08 -6.645635E-09 -8.379890E-20
         6   5  1.797235E-03 -6.829201E-04 -6.830169E-04  1.007805E-08  6.645634E-09  2.708718E-20
         6   6  1.797235E-03 -6.829402E-04 -6.829505E-04  1.007805E-08  6.645635E-09  1.345863E-19
         6   7  1.797235E-03 -6.829201E-04 -6.830169E-04 -1.007805E-08  6.645634E-09 -1.320462E-19
         6   8  1.797235E-03 -6.829402E-04 -6.829505E-04 -1.007805E-08  6.645635E-09 -2.370064E-20
         7   1  1.797214E-03 -6.829464E-04 -6.829302E-04 -1.689166E-09  1.113857E-09  2.623995E-20
         7   2  1.797214E-03 -6.829430E-04 -6.829414E-04 -1.689166E-09  1.113857E-09 -7.829704E-20
         7   3  1.797214E-03 -6.829464E-04 -6.829302E-04  1.689166E-09  1.113857E-09 -2.116149E-20
         7   4  1.797214E-03 -6.829430E-04 -6.829414E-04  1.689166E-09  1.113857E-09  3.216525E-20
         7   5  1.797214E-03 -6.829464E-04 -6.829302E-04 -1.689166E-09 -1.113857E-09  7.787366E-20
         7   6  1.797214E-03 -6.829430E-04 -6.829414E-04 -1.689166E-09 -1.113857E-09 -8.718481E-20
         7   7  1.797214E-03 -6.829464E-04 -6.829302E-04  1.689166E-09 -1.113857E-09 -3.047249E-20
         7   8  1.797214E-03 -6.829430E-04 -6.829414E-04  1.689166E-09 -1.113857E-09  4.316915E-20
         8   1  1.797218E-03 -6.829420E-04 -6.829446E-04  3.273501E-10 -2.158585E-10 -2.590150E-19
         8   2  1.797218E-03 -6.829426E-04 -6.829425E-04  3.273501E-10 -2.158585E-10 -7.533443E-20
         8   3  1.797218E-03 -6.829420E-04 -6.829446E-04 -3.273501E-10 -2.158585E-10  2.285427E-19
         8   4  1.797218E-03 -6.829426E-04 -6.829425E-04 -3.273501E-10 -2.158585E-10  5.946341E-19
         8   5  1.797218E-03 -6.829420E-04 -6.829446E-04  3.273501E-10  2.158585E-10 -2.268497E-19
         8   6  1.797218E-03 -6.829426E-04 -6.829425E-04  3.273501E-10  2.158585E-10 -2.437788E-19
         8   7  1.797218E-03 -6.829420E-04 -6.829446E-04 -3.273501E-10  2.158585E-10  2.877945E-19
         8   8  1.797218E-03 -6.829426E-04 -6.829425E-04 -3.273501E-10  2.158585E-10  3.715934E-19

                                INCREMENT     4


 forces (fx,fy,fz) for set RIGHT and time  0.2750000E+00

        33  8.854843E+00  2.404592E-15  1.769823E-14
        34  8.854843E+00 -1.865592E-15  1.497412E-14
        35  8.854843E+00 -2.596015E-15 -6.657611E-15
        36  8.854843E+00  2.064287E-15 -8.967539E-15

 displacements (vx,vy,vz) for set RIGHT and time  0.2750000E+00

        33  5.500000E-02  2.685742E-03  5.371475E-04
        34  5.500000E-02 -2.685742E-03  5.371475E-04
        35  5.500000E-02 -2.685742E-03 -5.371475E-04
        36  5.500000E-02  2.685742E-03 -5.371475E-04

 stresses (elem, integ.pnt.,sxx,syy,szz,sxy,sxz,syz) for set ALL and time  0.2750000E+00

         1   1  8.999543E+00  4.556407E+00  4.462833E+00  5.446164E-01  1.344978E-01  1.590097E-04
         1   2  5.182002E+00 -3.251450E-01 -6.705710E-01  5.424243E-01  1.339190E-01  1.586770E-04
         1   3  8.999543E+00  4.556407E+00  4.462833E+00 -5.446164E-01  1.344978E-01 -1.590097E-04
         1   4  5.182002E+00 -3.251450E-01 -6.705710E-01 -5.424243E-01  1.339190E-01 -1.586770E-04
         1   5  8.999543E+00  4.556407E+00  4.462833E+00  5.446164E-01 -1.344978E-01 -1.590097E-04
         1   6  5.182002E+00 -3.251450E-01 -6.705710E-01  5.424243E-01 -1.339190E-01 -1.586770E-04
         1   7  8.999543E+00  4.556407E+00  4.462833E+00 -5.446164E-01 -1.344978E-01  1.590097E-04
         1   8  5.182002E+00 -3.251450E-01 -6.705710E-01 -5.424243E-01 -1.339190E-01  1.586770E-04
         2   1  6.950788E+00 -1.637182E-01 -4.917858E-01  2.796793E-02 -2.450027E-02 -1.491511E-06
         2   2  7.248377E+00  7.699726E-02  4.630394E-02  2.797244E-02 -2.451225E-02 -1.491755E-06
         2   3  6.950788E+00 -1.637182E-01 -4.917858E-01 -2.796793E-02 -2.450027E-02  1.491511E-06
         2   4  7.248377E+00  7.699726E-02  4.630394E-02 -2.797244E-02 -2.451225E-02  1.491755E-06
         2   5  6.950788E+00 -1.637182E-01 -4.917858E-01  2.796793E-02  2.450027E-02  1.491511E-06
         2   6  7.248377E+00  7.699726E-02  4.630394E-02  2.797244E-02  2.451225E-02  1.491755E-06
         2   7  6.950788E+00 -1.637182E-01 -4.917858E-01 -2.796793E-02  2.450027E-02 -1.491511E-06
         2   8  7.248377E+00  7.699726E-02  4.630394E-02 -2.797244E-02  2.451225E-02 -1.491755E-06
         3   1  7.121802E+00  2.007388E-02  7.898957E-02 -6.105220E-03  4.113560E-03 -5.465285E-08
         3   2  7.076297E+00 -1.312051E-02 -6.933444E-03 -6.105093E-03  4.113236E-03 -5.465148E-08
         3   3  7.121802E+00  2.007388E-02  7.898957E-02  6.105220E-03  4.113560E-03  5.465285E-08
         3   4  7.076297E+00 -1.312051E-02 -6.933444E-03  6.105093E-03  4.113236E-03  5.465148E-08
         3   5  7.121802E+00  2.007388E-02  7.898957E-02 -6.105220E-03 -4.113560E-03  5.465285E-08
         3   6  7.076297E+00 -1.312051E-02 -6.933444E-03 -6.105093E-03 -4.113236E-03  5.465148E-08
         3   7  7.121802E+00  2.007388E-02  7.898957E-02  6.105220E-03 -4.113560E-03 -5.465285E-08
         3   8  7.076297E+00 -1.312051E-02 -6.933444E-03  6.105093E-03 -4.113236E-03 -5.465148E-08
         4   1  7.095361E+00 -3.260564E-03 -1.313870E-02  1.035991E-03 -6.864744E-04 -1.547710E-09
         4   2  7.102901E+00  2.192045E-03  1.146834E-03  1.035994E-03 -6.864834E-04 -1.547717E-09
         4   3  7.095361E+00 -3.260564E-03 -1.313870E-02 -1.035991E-03 -6.864744E-04  1.547711E-09
         4   4  7.102901E+00  2.192045E-03  1.146834E-03 -1.035994E-03 -6.864834E-04  1.547717E-09
         4   5  7.095361E+00 -3.260564E-03 -1.313870E-02  1.035991E-03  6.864744E-04  1.547710E-09
         4   6  7.102901E+00  2.192045E-03  1.146834E-03  1.035994E-03  6.864834E-04  1.547716E-09
         4   7  7.095361E+00 -3.260564E-03 -1.313870E-02 -1.035991E-03  6.864744E-04 -1.547710E-09
         4   8  7.102901E+00  2.192045E-03  1.146834E-03 -1.035994E-03  6.864834E-04 -1.547716E-09
         5   1  7.099746E+00  5.428541E-04  2.191274E-03 -1.730257E-04  1.145178E-04 -4.312144E-11
         5   2  7.098489E+00 -3.657031E-04 -1.912015E-04 -1.730256E-04  1.145175E-04 -4.312104E-11
         5   3  7.099746E+00  5.428541E-04  2.191274E-03  1.730257E-04  1.145178E-04  4.312113E-11
         5   4  7.098489E+00 -3.657031E-04 -1.912015E-04  1.730256E-04  1.145175E-04  4.312105E-11
         5   5  7.099746E+00  5.428541E-04  2.191274E-03 -1.730257E-04 -1.145178E-04  4.312078E-11
         5   6  7.098489E+00 -3.657031E-04 -1.912015E-04 -1.730256E-04 -1.145175E-04  4.312135E-11
         5   7  7.099746E+00  5.428541E-04  2.191274E-03  1.730257E-04 -1.145178E-04 -4.312120E-11
         5   8  7.098489E+00 -3.657031E-04 -1.912015E-04  1.730256E-04 -1.145175E-04 -4.312092E-11
         6   1  7.099015E+00 -9.054963E-05 -3.655307E-04  2.886917E-05 -1.910546E-05 -1.200029E-12
         6   2  7.099225E+00  6.101588E-05  3.193927E-05  2.886918E-05 -1.910547E-05 -1.199873E-12
         6   3  7.099015E+00 -9.054963E-05 -3.655307E-04 -2.886917E-05 -1.910546E-05  1.200475E-12
         6   4  7.099225E+00  6.101588E-05  3.193927E-05 -2.886918E-05 -1.910547E-05  1.200713E-12
         6   5  7.099015E+00 -9.054963E-05 -3.655307E-04  2.886917E-05  1.910546E-05  1.200399E-12
         6   6  7.099225E+00  6.101588E-05  3.193927E-05  2.886918E-05  1.910547E-05  1.200194E-12
         6   7  7.099015E+00 -9.054963E-05 -3.655307E-04 -2.886917E-05  1.910546E-05 -1.200203E-12
         6   8  7.099225E+00  6.101588E-05  3.193927E-05 -2.886918E-05  1.910547E-05 -1.200500E-12
         7   1  7.099137E+00  1.515062E-05  6.099920E-05 -4.837508E-06  3.201418E-06 -3.387135E-14
         7   2  7.099102E+00 -1.024640E-05 -5.603025E-06 -4.837508E-06  3.201418E-06 -3.393020E-14
         7   3  7.099137E+00  1.515062E-05  6.099920E-05  4.837508E-06  3.201418E-06  3.392638E-14
         7   4  7.099102E+00 -1.024640E-05 -5.603025E-06  4.837508E-06  3.201418E-06  3.325918E-14
         7   5  7.099137E+00  1.515062E-05  6.099920E-05 -4.837508E-06 -3.201418E-06  3.360539E-14
         7   6  7.099102E+00 -1.024640E-05 -5.603025E-06 -4.837508E-06 -3.201418E-06  3.330274E-14
         7   7  7.099137E+00  1.515062E-05  6.099920E-05  4.837508E-06 -3.201418E-06 -3.365430E-14
         7   8  7.099102E+00 -1.024640E-05 -5.603025E-06  4.837508E-06 -3.201418E-06 -3.450722E-14
         8   1  7.099116E+00 -2.802608E-06 -1.031937E-05  9.372200E-07 -6.202432E-07 -1.641075E-15
         8   2  7.099123E+00  2.117811E-06  2.584152E-06  9.372200E-07 -6.202432E-07 -1.187869E-15
         8   3  7.099116E+00 -2.802608E-06 -1.031937E-05 -9.372200E-07 -6.202432E-07  1.035781E-15
         8   4  7.099123E+00  2.117811E-06  2.584152E-06 -9.372200E-07 -6.202432E-07  1.863474E-15
         8   5  7.099116E+00 -2.802608E-06 -1.031937E-05  9.372200E-07  6.202432E-07  6.414234E-16
         8   6  7.099123E+00  2.117811E-06  2.584152E-06  9.372200E-07  6.202432E-07  1.350656E-15
         8   7  7.099116E+00 -2.802608E-06 -1.031937E-05 -9.372200E-07  6.202432E-07 -1.644132E-15
         8   8  7.099123E+00  2.117811E-06  2.584152E-06 -9.372200E-07  6.202432E-07 -8.065034E-16

 strains (elem, integ.pnt.,exx,eyy,ezz,exy,exz,eyz) for set ALL and time  0.2750000E+00

         1   1  2.216263E-03 -2.178801E-04 -2.690573E-04  2.975973E-04  7.349792E-05 -4.488830E-20
         1   2  2.216263E-03 -8.128974E-04 -1.003766E-03  2.974201E-04  7.344387E-05 -1.456469E-19
         1   3  2.216263E-03 -2.178801E-04 -2.690573E-04 -2.975973E-04  7.349792E-05 -4.239575E-21
         1   4  2.216263E-03 -8.128974E-04 -1.003766E-03 -2.974201E-04  7.344387E-05  7.101717E-20
         1   5  2.216263E-03 -2.178801E-04 -2.690573E-04  2.975973E-04 -7.349792E-05 -1.016894E-20
         1   6  2.216263E-03 -8.128974E-04 -1.003766E-03  2.974201E-04 -7.344387E-05 -6.102869E-20
         1   7  2.216263E-03 -2.178801E-04 -2.690573E-04 -2.975973E-04 -7.349792E-05  2.370499E-20
         1   8  2.216263E-03 -8.128974E-04 -1.003766E-03 -2.974201E-04 -7.344387E-05  1.624049E-19
         2   1  2.866032E-03 -1.041802E-03 -1.223480E-03  1.530233E-05 -1.340744E-05 -2.116518E-19
         2   2  2.866032E-03 -1.072407E-03 -1.089396E-03  1.530186E-05 -1.340925E-05 -1.895485E-19
         2   3  2.866032E-03 -1.041802E-03 -1.223480E-03 -1.530233E-05 -1.340744E-05 -1.534625E-20
         2   4  2.866032E-03 -1.072407E-03 -1.089396E-03 -1.530186E-05 -1.340925E-05  8.798019E-20
         2   5  2.866032E-03 -1.041802E-03 -1.223480E-03  1.530233E-05  1.340744E-05 -1.490531E-19
         2   6  2.866032E-03 -1.072407E-03 -1.089396E-03  1.530186E-05  1.340925E-05  6.936497E-20
         2   7  2.866032E-03 -1.041802E-03 -1.223480E-03 -1.530233E-05  1.340744E-05  6.079339E-20
         2   8  2.866032E-03 -1.072407E-03 -1.089396E-03 -1.530186E-05  1.340925E-05  2.148985E-19
         3   1  2.819573E-03 -1.081163E-03 -1.048552E-03 -3.340355E-06  2.250584E-06  5.927081E-20
         3   2  2.819573E-03 -1.074482E-03 -1.071057E-03 -3.340377E-06  2.250533E-06  1.070408E-19
         3   3  2.819573E-03 -1.081163E-03 -1.048552E-03  3.340355E-06  2.250584E-06  2.335712E-19
         3   4  2.819573E-03 -1.074482E-03 -1.071057E-03  3.340377E-06  2.250533E-06 -5.245326E-20
         3   5  2.819573E-03 -1.081163E-03 -1.048552E-03 -3.340355E-06 -2.250584E-06  8.803883E-20
         3   6  2.819573E-03 -1.074482E-03 -1.071057E-03 -3.340377E-06 -2.250533E-06  1.286169E-19
         3   7  2.819573E-03 -1.081163E-03 -1.048552E-03  3.340355E-06 -2.250584E-06  3.317204E-19
         3   8  2.819573E-03 -1.074482E-03 -1.071057E-03  3.340377E-06 -2.250533E-06  1.353859E-19
         4   1  2.826570E-03 -1.072452E-03 -1.077920E-03  5.668226E-07 -3.755934E-07 -4.400963E-20
         4   2  2.826570E-03 -1.073585E-03 -1.074164E-03  5.668219E-07 -3.755948E-07 -2.673761E-19
         4   3  2.826570E-03 -1.072452E-03 -1.077920E-03 -5.668226E-07 -3.755934E-07  9.137021E-20
         4   4  2.826570E-03 -1.073585E-03 -1.074164E-03 -5.668219E-07 -3.755948E-07  6.726559E-20
         4   5  2.826570E-03 -1.072452E-03 -1.077920E-03  5.668226E-07  3.755934E-07  2.029574E-20
         4   6  2.826570E-03 -1.073585E-03 -1.074164E-03  5.668219E-07  3.755948E-07 -4.027558E-19
         4   7  2.826570E-03 -1.072452E-03 -1.077920E-03 -5.668226E-07  3.755934E-07  9.475469E-20
         4   8  2.826570E-03 -1.073585E-03 -1.074164E-03 -5.668219E-07  3.755948E-07  1.404553E-19
         5   1  2.825412E-03 -1.073931E-03 -1.073019E-03 -9.466770E-08  6.265615E-08 -1.675299E-19
         5   2  2.825412E-03 -1.073742E-03 -1.073645E-03 -9.466772E-08  6.265611E-08  3.807592E-20
         5   3  2.825412E-03 -1.073931E-03 -1.073019E-03  9.466770E-08  6.265615E-08 -5.074365E-21
         5   4  2.825412E-03 -1.073742E-03 -1.073645E-03  9.466772E-08  6.265611E-08 -3.003698E-20
         5   5  2.825412E-03 -1.073931E-03 -1.073019E-03 -9.466770E-08 -6.265615E-08 -1.962981E-19
         5   6  2.825412E-03 -1.073742E-03 -1.073645E-03 -9.466772E-08 -6.265611E-08  1.336878E-19
         5   7  2.825412E-03 -1.073931E-03 -1.073019E-03  9.466770E-08 -6.265615E-08 -3.384257E-20
         5   8  2.825412E-03 -1.073742E-03 -1.073645E-03  9.466772E-08 -6.265611E-08  1.015351E-19
         6   1  2.825605E-03 -1.073684E-03 -1.073836E-03  1.579522E-08 -1.045319E-08  1.641473E-19
         6   2  2.825605E-03 -1.073716E-03 -1.073732E-03  1.579522E-08 -1.045319E-08  2.504524E-19
         6   3  2.825605E-03 -1.073684E-03 -1.073836E-03 -1.579522E-08 -1.045319E-08  8.291946E-20
         6   4  2.825605E-03 -1.073716E-03 -1.073732E-03 -1.579522E-08 -1.045319E-08  2.140691E-19
         6   5  2.825605E-03 -1.073684E-03 -1.073836E-03  1.579522E-08  1.045319E-08  4.061332E-20
         6   6  2.825605E-03 -1.073716E-03 -1.073732E-03  1.579522E-08  1.045319E-08 -7.276661E-20
         6   7  2.825605E-03 -1.073684E-03 -1.073836E-03 -1.579522E-08  1.045319E-08  6.768925E-20
         6   8  2.825605E-03 -1.073716E-03 -1.073732E-03 -1.579522E-08  1.045319E-08 -9.645805E-20
         7   1  2.825573E-03 -1.073725E-03 -1.073700E-03 -2.646751E-09  1.751595E-09 -9.307352E-20
         7   2  2.825573E-03 -1.073720E-03 -1.073717E-03 -2.646751E-09  1.751595E-09 -1.256493E-19
         7   3  2.825573E-03 -1.073725E-03 -1.073700E-03  2.646751E-09  1.751595E-09  1.235340E-19
         7   4  2.825573E-03 -1.073720E-03 -1.073717E-03  2.646751E-09  1.751595E-09 -2.457987E-19
         7   5  2.825573E-03 -1.073725E-03 -1.073700E-03 -2.646751E-09 -1.751595E-09 -5.415187E-20
         7   6  2.825573E-03 -1.073720E-03 -1.073717E-03 -2.646751E-09 -1.751595E-09 -2.216842E-19
         7   7  2.825573E-03 -1.073725E-03 -1.073700E-03  2.646751E-09 -1.751595E-09  2.707594E-20
         7   8  2.825573E-03 -1.073720E-03 -1.073717E-03  2.646751E-09 -1.751595E-09 -4.450607E-19
         8   1  2.825578E-03 -1.073718E-03 -1.073723E-03  5.127821E-10 -3.393543E-10 -2.081462E-19
         8   2  2.825578E-03 -1.073719E-03 -1.073719E-03  5.127821E-10 -3.393543E-10  4.272921E-20
         8   3  2.825578E-03 -1.073718E-03 -1.073723E-03 -5.127821E-10 -3.393543E-10 -1.269184E-19
         8   4  2.825578E-03 -1.073719E-03 -1.073719E-03 -5.127821E-10 -3.393543E-10  3.312571E-19
         8   5  2.825578E-03 -1.073718E-03 -1.073723E-03  5.127821E-10  3.393543E-10 -3.452182E-19
         8   6  2.825578E-03 -1.073719E-03 -1.073719E-03  5.127821E-10  3.393543E-10  4.738289E-20
         8   7  2.825578E-03 -1.073718E-03 -1.073723E-03 -5.127821E-10  3.393543E-10 -2.098385E-19
         8   8  2.825578E-03 -1.073719E-03 -1.073719E-03 -5.127821E-10  3.393543E-10  2.538369E-19

                                INCREMENT     5


 forces (fx,fy,fz) for set RIGHT and time  0.3750000E+00

        33  1.209304E+01 -2.114779E-15 -5.380638E-15
        34  1.209304E+01  2.475647E-15 -6.108255E-15
        35  1.209304E+01  1.219335E-15  8.314368E-15
        36  1.209304E+01 -3.419406E-15  1.355045E-14

 displacements (vx,vy,vz) for set RIGHT and time  0.3750000E+00

        33  7.500000E-02  3.664880E-03  7.329748E-04
        34  7.500000E-02 -3.664880E-03  7.329748E-04
        35  7.500000E-02 -3.664880E-03 -7.329748E-04
        36  7.500000E-02  3.664880E-03 -7.329748E-04

 stresses (elem, integ.pnt.,sxx,syy,szz,sxy,sxz,syz) for set ALL and time  0.3750000E+00

         1   1  1.229235E+01  6.212995E+00  6.084579E+00  7.456688E-01  1.842365E-01  2.963918E-04
         1   2  7.082230E+00 -4.415584E-01 -9.137376E-01  7.415910E-01  1.831591E-01  2.955477E-04
         1   3  1.229235E+01  6.212995E+00  6.084579E+00 -7.456688E-01  1.842365E-01 -2.963918E-04
         1   4  7.082230E+00 -4.415584E-01 -9.137376E-01 -7.415910E-01  1.831591E-01 -2.955477E-04
         1   5  1.229235E+01  6.212995E+00  6.084579E+00  7.456688E-01 -1.842365E-01 -2.963918E-04
         1   6  7.082230E+00 -4.415584E-01 -9.137376E-01  7.415910E-01 -1.831591E-01 -2.955477E-04
         1   7  1.229235E+01  6.212995E+00  6.084579E+00 -7.456688E-01 -1.842365E-01  2.963918E-04
         1   8  7.082230E+00 -4.415584E-01 -9.137376E-01 -7.415910E-01 -1.831591E-01  2.955477E-04
         2   1  9.500377E+00 -2.229411E-01 -6.710344E-01  3.843504E-02 -3.358081E-02 -2.794867E-06
         2   2  9.907063E+00  1.051383E-01  6.307264E-02  3.844346E-02 -3.360319E-02 -2.795489E-06
         2   3  9.500377E+00 -2.229411E-01 -6.710344E-01 -3.843504E-02 -3.358081E-02  2.794867E-06
         2   4  9.907063E+00  1.051383E-01  6.307264E-02 -3.844346E-02 -3.360319E-02  2.795489E-06
         2   5  9.500377E+00 -2.229411E-01 -6.710344E-01  3.843504E-02  3.358081E-02  2.794867E-06
         2   6  9.907063E+00  1.051383E-01  6.307264E-02  3.844346E-02  3.360319E-02  2.795489E-06
         2   7  9.500377E+00 -2.229411E-01 -6.710344E-01 -3.843504E-02  3.358081E-02 -2.794867E-06
         2   8  9.907063E+00  1.051383E-01  6.307264E-02 -3.844346E-02  3.360319E-02 -2.795489E-06
         3   1  9.733870E+00  2.751091E-02  1.078592E-01 -8.341891E-03  5.637163E-03 -1.017957E-07
         3   2  9.671581E+00 -1.790903E-02 -9.465757E-03 -8.341655E-03  5.636558E-03 -1.017922E-07
         3   3  9.733870E+00  2.751091E-02  1.078592E-01  8.341891E-03  5.637163E-03  1.017957E-07
         3   4  9.671581E+00 -1.790903E-02 -9.465757E-03  8.341655E-03  5.636558E-03  1.017922E-07
         3   5  9.733870E+00  2.751091E-02  1.078592E-01 -8.341891E-03 -5.637163E-03  1.017957E-07
         3   6  9.671581E+00 -1.790903E-02 -9.465757E-03 -8.341655E-03 -5.636558E-03  1.017922E-07
         3   7  9.733870E+00  2.751091E-02  1.078592E-01  8.341891E-03 -5.637163E-03 -1.017957E-07
         3   8  9.671581E+00 -1.790903E-02 -9.465757E-03  8.341655E-03 -5.636558E-03 -1.017922E-07
         4   1  9.697717E+00 -4.472684E-03 -1.793824E-02  1.414337E-03 -9.404794E-04 -2.879573E-09
         4   2  9.708039E+00  2.991223E-03  1.565805E-03  1.414344E-03 -9.404962E-04 -2.879589E-09
         4   3  9.697717E+00 -4.472684E-03 -1.793824E-02 -1.414337E-03 -9.404794E-04  2.879573E-09
         4   4  9.708039E+00  2.991223E-03  1.565805E-03 -1.414344E-03 -9.404962E-04  2.879590E-09
         4   5  9.697717E+00 -4.472684E-03 -1.793824E-02  1.414337E-03  9.404794E-04  2.879573E-09
         4   6  9.708039E+00  2.991223E-03  1.565805E-03  1.414344E-03  9.404962E-04  2.879589E-09
         4   7  9.697717E+00 -4.472684E-03 -1.793824E-02 -1.414337E-03  9.404794E-04 -2.879573E-09
         4   8  9.708039E+00  2.991223E-03  1.565805E-03 -1.414344E-03  9.404962E-04 -2.879588E-09
         5   1  9.703713E+00  7.445801E-04  2.991059E-03 -2.361394E-04  1.568528E-04 -8.018414E-11
         5   2  9.701992E+00 -4.989068E-04 -2.610011E-04 -2.361392E-04  1.568523E-04 -8.018334E-11
         5   3  9.703713E+00  7.445801E-04  2.991059E-03  2.361394E-04  1.568528E-04  8.018419E-11
         5   4  9.701992E+00 -4.989068E-04 -2.610011E-04  2.361392E-04  1.568523E-04  8.018293E-11
         5   5  9.703713E+00  7.445801E-04  2.991059E-03 -2.361394E-04 -1.568528E-04  8.018216E-11
         5   6  9.701992E+00 -4.989068E-04 -2.610011E-04 -2.361392E-04 -1.568523E-04  8.018288E-11
         5   7  9.703713E+00  7.445801E-04  2.991059E-03  2.361394E-04 -1.568528E-04 -8.018197E-11
         5   8  9.701992E+00 -4.989068E-04 -2.610011E-04  2.361392E-04 -1.568523E-04 -8.018281E-11
         6   1  9.702713E+00 -1.241691E-04 -4.988231E-04  3.938977E-05 -2.616197E-05 -2.231341E-12
         6   2  9.703000E+00  8.321999E-05  4.358833E-05  3.938978E-05 -2.616198E-05 -2.230998E-12
         6   3  9.702713E+00 -1.241691E-04 -4.988231E-04 -3.938977E-05 -2.616197E-05  2.231218E-12
         6   4  9.703000E+00  8.321999E-05  4.358833E-05 -3.938978E-05 -2.616198E-05  2.231154E-12
         6   5  9.702713E+00 -1.241691E-04 -4.988231E-04  3.938977E-05  2.616197E-05  2.230638E-12
         6   6  9.703000E+00  8.321999E-05  4.358833E-05  3.938978E-05  2.616198E-05  2.230563E-12
         6   7  9.702713E+00 -1.241691E-04 -4.988231E-04 -3.938977E-05  2.616197E-05 -2.230736E-12
         6   8  9.703000E+00  8.321999E-05  4.358833E-05 -3.938978E-05  2.616198E-05 -2.230883E-12
         7   1  9.702880E+00  2.077034E-05  8.322248E-05 -6.598770E-06  4.382762E-06 -6.335341E-14
         7   2  9.702832E+00 -1.397216E-05 -7.644436E-06 -6.598770E-06  4.382761E-06 -6.347628E-14
         7   3  9.702880E+00  2.077034E-05  8.322248E-05  6.598770E-06  4.382762E-06  6.295045E-14
         7   4  9.702832E+00 -1.397216E-05 -7.644436E-06  6.598770E-06  4.382761E-06  6.220940E-14
         7   5  9.702880E+00  2.077034E-05  8.322248E-05 -6.598770E-06 -4.382762E-06  6.186369E-14
         7   6  9.702832E+00 -1.397216E-05 -7.644436E-06 -6.598770E-06 -4.382761E-06  6.135999E-14
         7   7  9.702880E+00  2.077034E-05  8.322248E-05  6.598770E-06 -4.382762E-06 -6.227886E-14
         7   8  9.702832E+00 -1.397216E-05 -7.644436E-06  6.598770E-06 -4.382761E-06 -6.284971E-14
         8   1  9.702852E+00 -3.839113E-06 -1.407546E-05  1.278095E-06 -8.488826E-07 -3.044751E-15
         8   2  9.702861E+00  2.890043E-06  3.524253E-06  1.278095E-06 -8.488826E-07 -2.753217E-15
         8   3  9.702852E+00 -3.839113E-06 -1.407546E-05 -1.278095E-06 -8.488826E-07  2.629582E-15
         8   4  9.702861E+00  2.890043E-06  3.524253E-06 -1.278095E-06 -8.488826E-07  3.564476E-15
         8   5  9.702852E+00 -3.839113E-06 -1.407546E-05  1.278095E-06  8.488826E-07  1.371863E-15
         8   6  9.702861E+00  2.890043E-06  3.524253E-06  1.278095E-06  8.488826E-07  2.092304E-15
         8   7  9.702852E+00 -3.839113E-06 -1.407546E-05 -1.278095E-06  8.488826E-07 -2.446419E-15
         8   8  9.702861E+00  2.890043E-06  3.524253E-06 -1.278095E-06  8.488826E-07 -9.475355E-16

 strains (elem, integ.pnt.,exx,eyy,ezz,exy,exz,eyz) for set ALL and time  0.3750000E+00

         1   1  3.024203E-03 -2.972317E-04 -3.672312E-04  4.059657E-04  1.003110E-04  6.012389E-20
         1   2  3.024203E-03 -1.108833E-03 -1.369838E-03  4.056359E-04  1.002103E-04  3.046272E-19
         1   3  3.024203E-03 -2.972317E-04 -3.672312E-04 -4.059657E-04  1.003110E-04  1.947840E-20
         1   4  3.024203E-03 -1.108833E-03 -1.369838E-03 -4.056359E-04  1.002103E-04  8.802734E-20
         1   5  3.024203E-03 -2.972317E-04 -3.672312E-04  4.059657E-04 -1.003110E-04  2.202046E-20
         1   6  3.024203E-03 -1.108833E-03 -1.369838E-03  4.056359E-04 -1.002103E-04  2.166565E-19
         1   7  3.024203E-03 -2.972317E-04 -3.672312E-04 -4.059657E-04 -1.003110E-04 -5.076535E-21
         1   8  3.024203E-03 -1.108833E-03 -1.369838E-03 -4.056359E-04 -1.002103E-04 -6.710308E-21
         2   1  3.910111E-03 -1.421080E-03 -1.669516E-03  2.096174E-05 -1.831881E-05  1.590301E-19
         2   2  3.910111E-03 -1.463003E-03 -1.486311E-03  2.096086E-05 -1.832218E-05 -1.564769E-19
         2   3  3.910111E-03 -1.421080E-03 -1.669516E-03 -2.096174E-05 -1.831881E-05  1.522651E-19
         2   4  3.910111E-03 -1.463003E-03 -1.486311E-03 -2.096086E-05 -1.832218E-05 -2.647384E-19
         2   5  3.910111E-03 -1.421080E-03 -1.669516E-03  2.096174E-05  1.831881E-05  2.977653E-19
         2   6  3.910111E-03 -1.463003E-03 -1.486311E-03  2.096086E-05  1.832218E-05 -1.133421E-19
         2   7  3.910111E-03 -1.421080E-03 -1.669516E-03 -2.096174E-05  1.831881E-05  8.799819E-20
         2   8  3.910111E-03 -1.463003E-03 -1.486311E-03 -2.096086E-05  1.832218E-05  2.536813E-20
         3   1  3.846732E-03 -1.475017E-03 -1.430498E-03 -4.549428E-06  3.074212E-06 -2.385020E-19
         3   2  3.846732E-03 -1.465918E-03 -1.461239E-03 -4.549469E-06  3.074118E-06 -2.148317E-19
         3   3  3.846732E-03 -1.475017E-03 -1.430498E-03  4.549428E-06  3.074212E-06 -3.551479E-20
         3   4  3.846732E-03 -1.465918E-03 -1.461239E-03  4.549469E-06  3.074118E-06 -1.509745E-19
         3   5  3.846732E-03 -1.475017E-03 -1.430498E-03 -4.549428E-06 -3.074212E-06 -1.488475E-19
         3   6  3.846732E-03 -1.465918E-03 -1.461239E-03 -4.549469E-06 -3.074118E-06 -1.776169E-19
         3   7  3.846732E-03 -1.475017E-03 -1.430498E-03  4.549428E-06 -3.074212E-06  6.776231E-21
         3   8  3.846732E-03 -1.465918E-03 -1.461239E-03  4.549469E-06 -3.074118E-06 -4.229048E-20
         4   1  3.856297E-03 -1.463152E-03 -1.470614E-03  7.713386E-07 -5.129141E-07 -1.352691E-20
         4   2  3.856297E-03 -1.464695E-03 -1.465485E-03  7.713374E-07 -5.129168E-07 -1.700025E-19
         4   3  3.856297E-03 -1.463152E-03 -1.470614E-03 -7.713386E-07 -5.129141E-07 -1.217884E-19
         4   4  3.856297E-03 -1.464695E-03 -1.465485E-03 -7.713374E-07 -5.129168E-07  4.897148E-19
         4   5  3.856297E-03 -1.463152E-03 -1.470614E-03  7.713386E-07  5.129141E-07 -4.059207E-20
         4   6  3.856297E-03 -1.464695E-03 -1.465485E-03  7.713374E-07  5.129168E-07 -2.588106E-19
         4   7  3.856297E-03 -1.463152E-03 -1.470614E-03 -7.713386E-07  5.129141E-07  6.766939E-20
         4   8  3.856297E-03 -1.464695E-03 -1.465485E-03 -7.713374E-07  5.129168E-07  4.212057E-19
         5   1  3.854714E-03 -1.465165E-03 -1.463920E-03 -1.287836E-07  8.554287E-08 -5.819075E-19
         5   2  3.854714E-03 -1.464908E-03 -1.464776E-03 -1.287836E-07  8.554280E-08 -1.801540E-19
         5   3  3.854714E-03 -1.465165E-03 -1.463920E-03  1.287836E-07  8.554287E-08  6.089662E-19
         5   4  3.854714E-03 -1.464908E-03 -1.464776E-03  1.287836E-07  8.554280E-08 -4.736475E-20
         5   5  3.854714E-03 -1.465165E-03 -1.463920E-03 -1.287836E-07 -8.554287E-08 -5.142442E-19
         5   6  3.854714E-03 -1.464908E-03 -1.464776E-03 -1.287836E-07 -8.554280E-08 -7.273847E-20
         5   7  3.854714E-03 -1.465165E-03 -1.463920E-03  1.287836E-07 -8.554287E-08  6.224989E-19
         5   8  3.854714E-03 -1.464908E-03 -1.464776E-03  1.287836E-07 -8.554280E-08  1.133356E-19
         6   1  3.854977E-03 -1.464829E-03 -1.465037E-03  2.148205E-08 -1.426799E-08 -2.537366E-19
         6   2  3.854977E-03 -1.464872E-03 -1.464894E-03  2.148205E-08 -1.426799E-08 -6.343426E-20
         6   3  3.854977E-03 -1.464829E-03 -1.465037E-03 -2.148205E-08 -1.426799E-08  1.860749E-19
         6   4  3.854977E-03 -1.464872E-03 -1.464894E-03 -2.148205E-08 -1.426799E-08  1.501280E-19
         6   5  3.854977E-03 -1.464829E-03 -1.465037E-03  2.148205E-08  1.426799E-08 -1.353259E-19
         6   6  3.854977E-03 -1.464872E-03 -1.464894E-03  2.148205E-08  1.426799E-08 -1.776161E-19
         6   7  3.854977E-03 -1.464829E-03 -1.465037E-03 -2.148205E-08  1.426799E-08  8.119671E-20
         6   8  3.854977E-03 -1.464872E-03 -1.464894E-03 -2.148205E-08  1.426799E-08  8.703409E-26
         7   1  3.854933E-03 -1.464885E-03 -1.464850E-03 -3.598779E-09  2.390232E-09 -4.127463E-19
         7   2  3.854933E-03 -1.464878E-03 -1.464874E-03 -3.598779E-09  2.390232E-09 -4.808323E-19
         7   3  3.854933E-03 -1.464885E-03 -1.464850E-03  3.598779E-09  2.390232E-09  1.894571E-19
         7   4  3.854933E-03 -1.464878E-03 -1.464874E-03  3.598779E-09  2.390232E-09 -2.211744E-19
         7   5  3.854933E-03 -1.464885E-03 -1.464850E-03 -3.598779E-09 -2.390232E-09 -4.127463E-19
         7   6  3.854933E-03 -1.464878E-03 -1.464874E-03 -3.598779E-09 -2.390232E-09 -6.918573E-19
         7   7  3.854933E-03 -1.464885E-03 -1.464850E-03  3.598779E-09 -2.390232E-09  1.826907E-19
         7   8  3.854933E-03 -1.464878E-03 -1.464874E-03  3.598779E-09 -2.390232E-09 -1.336350E-19
         8   1  3.854941E-03 -1.464876E-03 -1.464881E-03  6.970360E-10 -4.629561E-10 -3.856808E-19
         8   2  3.854941E-03 -1.464877E-03 -1.464877E-03  6.970360E-10 -4.629561E-10 -2.241347E-19
         8   3  3.854941E-03 -1.464876E-03 -1.464881E-03 -6.970360E-10 -4.629561E-10  1.556256E-19
         8   4  3.854941E-03 -1.464877E-03 -1.464877E-03 -6.970360E-10 -4.629561E-10  6.736727E-19
         8   5  3.854941E-03 -1.464876E-03 -1.464881E-03  6.970360E-10  4.629561E-10 -5.413064E-19
         8   6  3.854941E-03 -1.464877E-03 -1.464877E-03  6.970360E-10  4.629561E-10 -1.420929E-19
         8   7  3.854941E-03 -1.464876E-03 -1.464881E-03 -6.970360E-10  4.629561E-10 -5.413061E-20
         8   8  3.854941E-03 -1.464877E-03 -1.464877E-03 -6.970360E-10  4.629561E-10  7.764364E-19

                                INCREMENT     6


 forces (fx,fy,fz) for set RIGHT and time  0.4750000E+00

        33  1.534098E+01  1.553943E-15  1.247568E-14
        34  1.534098E+01 -3.513332E-15  1.167206E-14
        35  1.534098E+01  7.495057E-17 -2.029519E-15
        36  1.534098E+01 -2.108038E-16 -1.170842E-14

 displacements (vx,vy,vz) for set RIGHT and time  0.4750000E+00

        33  9.500000E-02  4.645358E-03  9.290699E-04
        34  9.500000E-02 -4.645358E-03  9.290699E-04
        35  9.500000E-02 -4.645358E-03 -9.290699E-04
        36  9.500000E-02  4.645358E-03 -9.290699E-04

 stresses (elem, integ.pnt.,sxx,syy,szz,sxy,sxz,syz) for set ALL and time  0.4750000E+00

         1   1  1.559599E+01  7.869427E+00  7.705729E+00  9.483347E-01  2.344212E-01  4.766902E-04
         1   2  8.990961E+00 -5.570022E-01 -1.156546E+00  9.417897E-01  2.326908E-01  4.749735E-04
         1   3  1.559599E+01  7.869427E+00  7.705729E+00 -9.483347E-01  2.344212E-01 -4.766902E-04
         1   4  8.990961E+00 -5.570022E-01 -1.156546E+00 -9.417897E-01  2.326908E-01 -4.749735E-04
         1   5  1.559599E+01  7.869427E+00  7.705729E+00  9.483347E-01 -2.344212E-01 -4.766902E-04
         1   6  8.990961E+00 -5.570022E-01 -1.156546E+00  9.417897E-01 -2.326908E-01 -4.749735E-04
         1   7  1.559599E+01  7.869427E+00  7.705729E+00 -9.483347E-01 -2.344212E-01  4.766902E-04
         1   8  8.990961E+00 -5.570022E-01 -1.156546E+00 -9.417897E-01 -2.326908E-01  4.749735E-04
         2   1  1.206178E+01 -2.819935E-01 -8.505013E-01  4.906324E-02 -4.275366E-02 -4.518780E-06
         2   2  1.257804E+01  1.333559E-01  7.980398E-02  4.907680E-02 -4.278970E-02 -4.520053E-06
         2   3  1.206178E+01 -2.819935E-01 -8.505013E-01 -4.906324E-02 -4.275366E-02  4.518780E-06
         2   4  1.257804E+01  1.333559E-01  7.980398E-02 -4.907680E-02 -4.278970E-02  4.520053E-06
         2   5  1.206178E+01 -2.819935E-01 -8.505013E-01  4.906324E-02  4.275366E-02  4.518780E-06
         2   6  1.257804E+01  1.333559E-01  7.980398E-02  4.907680E-02  4.278970E-02  4.520053E-06
         2   7  1.206178E+01 -2.819935E-01 -8.505013E-01 -4.906324E-02  4.275366E-02 -4.518780E-06
         2   8  1.257804E+01  1.333559E-01  7.980398E-02 -4.907680E-02  4.278970E-02 -4.520053E-06
         3   1  1.235791E+01  3.502145E-02  1.368061E-01 -1.058723E-02  7.175682E-03 -1.635921E-07
         3   2  1.227871E+01 -2.270662E-02 -1.200393E-02 -1.058685E-02  7.174707E-03 -1.635850E-07
         3   3  1.235791E+01  3.502145E-02  1.368061E-01  1.058723E-02  7.175682E-03  1.635921E-07
         3   4  1.227871E+01 -2.270662E-02 -1.200393E-02  1.058685E-02  7.174707E-03  1.635850E-07
         3   5  1.235791E+01  3.502145E-02  1.368061E-01 -1.058723E-02 -7.175682E-03  1.635921E-07
         3   6  1.227871E+01 -2.270662E-02 -1.200393E-02 -1.058685E-02 -7.174707E-03  1.635850E-07
         3   7  1.235791E+01  3.502145E-02  1.368061E-01  1.058723E-02 -7.175682E-03 -1.635921E-07
         3   8  1.227871E+01 -2.270662E-02 -1.200393E-02  1.058685E-02 -7.174707E-03 -1.635850E-07
         4   1  1.231199E+01 -5.698837E-03 -2.274925E-02  1.793530E-03 -1.196836E-03 -4.622611E-09
         4   2  1.232512E+01  3.791470E-03  1.985792E-03  1.793541E-03 -1.196863E-03 -4.622646E-09
         4   3  1.231199E+01 -5.698837E-03 -2.274925E-02 -1.793530E-03 -1.196836E-03  4.622612E-09
         4   4  1.232512E+01  3.791470E-03  1.985792E-03 -1.793541E-03 -1.196863E-03  4.622646E-09
         4   5  1.231199E+01 -5.698837E-03 -2.274925E-02  1.793530E-03  1.196836E-03  4.622612E-09
         4   6  1.232512E+01  3.791470E-03  1.985792E-03  1.793541E-03  1.196863E-03  4.622644E-09
         4   7  1.231199E+01 -5.698837E-03 -2.274925E-02 -1.793530E-03  1.196836E-03 -4.622611E-09
         4   8  1.232512E+01  3.791470E-03  1.985792E-03 -1.793541E-03  1.196863E-03 -4.622644E-09
         5   1  1.231961E+01  9.485935E-04  3.792394E-03 -2.993549E-04  1.995594E-04 -1.286481E-10
         5   2  1.231742E+01 -6.322228E-04 -3.309420E-04 -2.993546E-04  1.995587E-04 -1.286467E-10
         5   3  1.231961E+01  9.485935E-04  3.792394E-03  2.993549E-04  1.995594E-04  1.286475E-10
         5   4  1.231742E+01 -6.322228E-04 -3.309420E-04  2.993546E-04  1.995587E-04  1.286473E-10
         5   5  1.231961E+01  9.485935E-04  3.792394E-03 -2.993549E-04 -1.995594E-04  1.286453E-10
         5   6  1.231742E+01 -6.322228E-04 -3.309420E-04 -2.993546E-04 -1.995587E-04  1.286460E-10
         5   7  1.231961E+01  9.485935E-04  3.792394E-03  2.993549E-04 -1.995594E-04 -1.286457E-10
         5   8  1.231742E+01 -6.322228E-04 -3.309420E-04  2.993546E-04 -1.995587E-04 -1.286454E-10
         6   1  1.231834E+01 -1.581542E-04 -6.323094E-04  4.992217E-05 -3.327703E-05 -3.577391E-12
         6   2  1.231870E+01  1.054321E-04  5.525534E-05  4.992217E-05 -3.327705E-05 -3.576976E-12
         6   3  1.231834E+01 -1.581542E-04 -6.323094E-04 -4.992217E-05 -3.327703E-05  3.578574E-12
         6   4  1.231870E+01  1.054321E-04  5.525534E-05 -4.992217E-05 -3.327705E-05  3.576738E-12
         6   5  1.231834E+01 -1.581542E-04 -6.323094E-04  4.992217E-05  3.327703E-05  3.577294E-12
         6   6  1.231870E+01  1.054321E-04  5.525534E-05  4.992217E-05  3.327705E-05  3.577825E-12
         6   7  1.231834E+01 -1.581542E-04 -6.323094E-04 -4.992217E-05  3.327703E-05 -3.576660E-12
         6   8  1.231870E+01  1.054321E-04  5.525534E-05 -4.992217E-05  3.327705E-05 -3.578313E-12
         7   1  1.231855E+01  2.644831E-05  1.054674E-04 -8.361142E-06  5.573333E-06 -1.001862E-13
         7   2  1.231849E+01 -1.769768E-05 -9.687860E-06 -8.361142E-06  5.573333E-06 -9.994993E-14
         7   3  1.231855E+01  2.644831E-05  1.054674E-04  8.361142E-06  5.573333E-06  9.906437E-14
         7   4  1.231849E+01 -1.769768E-05 -9.687860E-06  8.361142E-06  5.573333E-06  9.869703E-14
         7   5  1.231855E+01  2.644831E-05  1.054674E-04 -8.361142E-06 -5.573333E-06  1.007776E-13
         7   6  1.231849E+01 -1.769768E-05 -9.687860E-06 -8.361142E-06 -5.573333E-06  1.009239E-13
         7   7  1.231855E+01  2.644831E-05  1.054674E-04  8.361142E-06 -5.573333E-06 -1.017774E-13
         7   8  1.231849E+01 -1.769768E-05 -9.687860E-06  8.361142E-06 -5.573333E-06 -1.019055E-13
         8   1  1.231851E+01 -4.884771E-06 -1.783336E-05  1.618998E-06 -1.079184E-06 -3.055319E-15
         8   2  1.231853E+01  3.663369E-06  4.464545E-06  1.618998E-06 -1.079184E-06 -3.035505E-15
         8   3  1.231851E+01 -4.884771E-06 -1.783336E-05 -1.618998E-06 -1.079184E-06  3.189449E-15
         8   4  1.231853E+01  3.663369E-06  4.464545E-06 -1.618998E-06 -1.079184E-06  4.407285E-15
         8   5  1.231851E+01 -4.884771E-06 -1.783336E-05  1.618998E-06  1.079184E-06  4.238099E-15
         8   6  1.231853E+01  3.663369E-06  4.464545E-06  1.618998E-06  1.079184E-06  4.366132E-15
         8   7  1.231851E+01 -4.884771E-06 -1.783336E-05 -1.618998E-06  1.079184E-06 -4.847779E-15
         8   8  1.231853E+01  3.663369E-06  4.464545E-06 -1.618998E-06  1.079184E-06 -2.902899E-15

 strains (elem, integ.pnt.,exx,eyy,ezz,exy,exz,eyz) for set ALL and time  0.4750000E+00

         1   1  3.833222E-03 -3.766484E-04 -4.655841E-04  5.144143E-04  1.271703E-04  5.587935E-20
         1   2  3.833222E-03 -1.404947E-03 -1.736478E-03  5.138847E-04  1.270084E-04  9.468481E-20
         1   3  3.833222E-03 -3.766484E-04 -4.655841E-04 -5.144143E-04  1.271703E-04 -1.185776E-20
         1   4  3.833222E-03 -1.404947E-03 -1.736478E-03 -5.138847E-04  1.270084E-04 -6.771687E-20
         1   5  3.833222E-03 -3.766484E-04 -4.655841E-04  5.144143E-04 -1.271703E-04  8.466144E-20
         1   6  3.833222E-03 -1.404947E-03 -1.736478E-03  5.138847E-04 -1.270084E-04  3.652643E-19
         1   7  3.833222E-03 -3.766484E-04 -4.655841E-04 -5.144143E-04 -1.271703E-04  5.756659E-20
         1   8  3.833222E-03 -1.404947E-03 -1.736478E-03 -5.138847E-04 -1.270084E-04  2.028626E-19
         2   1  4.955197E-03 -1.800592E-03 -2.116158E-03  2.667222E-05 -2.324932E-05  4.045147E-20
         2   2  4.955197E-03 -1.853935E-03 -1.883637E-03  2.667079E-05 -2.325475E-05 -2.232330E-19
         2   3  4.955197E-03 -1.800592E-03 -2.116158E-03 -2.667222E-05 -2.324932E-05 -1.366094E-20
         2   4  4.955197E-03 -1.853935E-03 -1.883637E-03 -2.667079E-05 -2.325475E-05  8.113281E-20
         2   5  4.955197E-03 -1.800592E-03 -2.116158E-03  2.667222E-05  2.324932E-05  2.162268E-19
         2   6  4.955197E-03 -1.853935E-03 -1.883637E-03  2.667079E-05  2.325475E-05 -6.800994E-21
         2   7  4.955197E-03 -1.800592E-03 -2.116158E-03 -2.667222E-05  2.324932E-05  2.838630E-19
         2   8  4.955197E-03 -1.853935E-03 -1.883637E-03 -2.667079E-05  2.325475E-05  6.421764E-20
         3   1  4.874884E-03 -1.869246E-03 -1.812793E-03 -5.755400E-06  3.900610E-06 -2.501626E-19
         3   2  4.874884E-03 -1.857735E-03 -1.851798E-03 -5.755467E-06  3.900457E-06  5.926807E-19
         3   3  4.874884E-03 -1.869246E-03 -1.812793E-03  5.755400E-06  3.900610E-06  8.294446E-20
         3   4  4.874884E-03 -1.857735E-03 -1.851798E-03  5.755467E-06  3.900457E-06  6.155080E-19
         3   5  4.874884E-03 -1.869246E-03 -1.812793E-03 -5.755400E-06 -3.900610E-06 -6.753851E-20
         3   6  4.874884E-03 -1.857735E-03 -1.851798E-03 -5.755467E-06 -3.900457E-06  4.007616E-19
         3   7  4.874884E-03 -1.869246E-03 -1.812793E-03  5.755400E-06 -3.900610E-06 -6.665857E-21
         3   8  4.874884E-03 -1.857735E-03 -1.851798E-03  5.755467E-06 -3.900457E-06  2.249064E-19
         4   1  4.887028E-03 -1.854235E-03 -1.863693E-03  9.749937E-07 -6.506265E-07  7.776112E-20
         4   2  4.887028E-03 -1.856185E-03 -1.857187E-03  9.749918E-07 -6.506307E-07 -7.575323E-19
         4   3  4.887028E-03 -1.854235E-03 -1.863693E-03 -9.749937E-07 -6.506265E-07  5.106371E-19
         4   4  4.887028E-03 -1.856185E-03 -1.857187E-03 -9.749918E-07 -6.506307E-07  5.808297E-19
         4   5  4.887028E-03 -1.854235E-03 -1.863693E-03  9.749937E-07  6.506265E-07  5.207830E-19
         4   6  4.887028E-03 -1.856185E-03 -1.857187E-03  9.749918E-07  6.506307E-07 -5.072763E-19
         4   7  4.887028E-03 -1.854235E-03 -1.863693E-03 -9.749937E-07  6.506265E-07  4.599099E-19
         4   8  4.887028E-03 -1.856185E-03 -1.857187E-03 -9.749918E-07  6.506307E-07  3.415648E-19
         5   1  4.885018E-03 -1.856780E-03 -1.855203E-03 -1.627345E-07  1.084838E-07 -8.386942E-19
         5   2  4.885018E-03 -1.856454E-03 -1.856287E-03 -1.627345E-07  1.084836E-07 -1.783917E-19
         5   3  4.885018E-03 -1.856780E-03 -1.855203E-03  1.627345E-07  1.084838E-07  5.140397E-19
         5   4  4.885018E-03 -1.856454E-03 -1.856287E-03  1.627345E-07  1.084836E-07  5.148847E-19
         5   5  4.885018E-03 -1.856780E-03 -1.855203E-03 -1.627345E-07 -1.084838E-07 -6.763663E-19
         5   6  4.885018E-03 -1.856454E-03 -1.856287E-03 -1.627345E-07 -1.084836E-07 -2.130555E-19
         5   7  4.885018E-03 -1.856780E-03 -1.855203E-03  1.627345E-07 -1.084838E-07  4.599303E-19
         5   8  4.885018E-03 -1.856454E-03 -1.856287E-03  1.627345E-07 -1.084836E-07  5.580031E-19
         6   1  4.885353E-03 -1.856355E-03 -1.856618E-03  2.713855E-08 -1.808997E-08  5.410911E-20
         6   2  4.885353E-03 -1.856410E-03 -1.856437E-03  2.713854E-08 -1.808997E-08  2.849197E-19
         6   3  4.885353E-03 -1.856355E-03 -1.856618E-03 -2.713855E-08 -1.808997E-08  6.019666E-19
         6   4  4.885353E-03 -1.856410E-03 -1.856437E-03 -2.713854E-08 -1.808997E-08 -4.168113E-19
         6   5  4.885353E-03 -1.856355E-03 -1.856618E-03  2.713855E-08  1.808997E-08 -1.082190E-19
         6   6  4.885353E-03 -1.856410E-03 -1.856437E-03  2.713854E-08  1.808997E-08  1.860010E-19
         6   7  4.885353E-03 -1.856355E-03 -1.856618E-03 -2.713855E-08  1.808997E-08  4.599295E-19
         6   8  4.885353E-03 -1.856410E-03 -1.856437E-03 -2.713854E-08  1.808997E-08 -4.565479E-19
         7   1  4.885297E-03 -1.856426E-03 -1.856382E-03 -4.545260E-09  3.029759E-09  9.130952E-20
         7   2  4.885297E-03 -1.856417E-03 -1.856413E-03 -4.545260E-09  3.029759E-09  2.223557E-19
         7   3  4.885297E-03 -1.856426E-03 -1.856382E-03  4.545260E-09  3.029759E-09 -7.135675E-19
         7   4  4.885297E-03 -1.856417E-03 -1.856413E-03  4.545260E-09  3.029759E-09 -9.173231E-19
         7   5  4.885297E-03 -1.856426E-03 -1.856382E-03 -4.545260E-09 -3.029759E-09  2.367285E-19
         7   6  4.885297E-03 -1.856417E-03 -1.856413E-03 -4.545260E-09 -3.029759E-09  3.178926E-19
         7   7  4.885297E-03 -1.856426E-03 -1.856382E-03  4.545260E-09 -3.029759E-09 -7.913497E-19
         7   8  4.885297E-03 -1.856417E-03 -1.856413E-03  4.545260E-09 -3.029759E-09 -8.623682E-19
         8   1  4.885306E-03 -1.856414E-03 -1.856421E-03  8.801151E-10 -5.866630E-10  3.922930E-19
         8   2  4.885306E-03 -1.856416E-03 -1.856416E-03  8.801151E-10 -5.866630E-10  4.032840E-19
         8   3  4.885306E-03 -1.856414E-03 -1.856421E-03 -8.801151E-10 -5.866630E-10 -3.178926E-19
         8   4  4.885306E-03 -1.856416E-03 -1.856416E-03 -8.801151E-10 -5.866630E-10  3.576292E-19
         8   5  4.885306E-03 -1.856414E-03 -1.856421E-03  8.801151E-10  5.866630E-10  2.637832E-19
         8   6  4.885306E-03 -1.856416E-03 -1.856416E-03  8.801151E-10  5.866630E-10  3.348018E-19
         8   7  4.885306E-03 -1.856414E-03 -1.856421E-03 -8.801151E-10  5.866630E-10 -6.019668E-19
         8   8  4.885306E-03 -1.856416E-03 -1.856416E-03 -8.801151E-10  5.866630E-10  4.768389E-19

                                INCREMENT     7


 forces (fx,fy,fz) for set RIGHT and time  0.5750000E+00

        33  1.859868E+01 -8.249186E-16 -3.279269E-15
        34  1.859868E+01 -5.787771E-16  6.652863E-15
        35  1.859868E+01  1.700434E-15  1.125989E-14
        36  1.859868E+01  1.181644E-15 -3.410614E-16

 displacements (vx,vy,vz) for set RIGHT and time  0.5750000E+00

        33  1.150000E-01  5.627175E-03  1.125433E-03
        34  1.150000E-01 -5.627175E-03  1.125433E-03
        35  1.150000E-01 -5.627175E-03 -1.125433E-03
        36  1.150000E-01  5.627175E-03 -1.125433E-03

 stresses (elem, integ.pnt.,sxx,syy,szz,sxy,sxz,syz) for set ALL and time  0.5750000E+00

         1   1  1.891046E+01  9.525701E+00  9.326281E+00  1.152619E+00  2.850541E-01  7.002121E-04
         1   2  1.090822E+01 -6.714773E-01 -1.398997E+00  1.143025E+00  2.825156E-01  6.971650E-04
         1   3  1.891046E+01  9.525701E+00  9.326281E+00 -1.152619E+00  2.850541E-01 -7.002121E-04
         1   4  1.090822E+01 -6.714773E-01 -1.398997E+00 -1.143025E+00  2.825156E-01 -6.971650E-04
         1   5  1.891046E+01  9.525701E+00  9.326281E+00  1.152619E+00 -2.850541E-01 -7.002121E-04
         1   6  1.090822E+01 -6.714773E-01 -1.398997E+00  1.143025E+00 -2.825156E-01 -6.971650E-04
         1   7  1.891046E+01  9.525701E+00  9.326281E+00 -1.152619E+00 -2.850541E-01  7.002121E-04
         1   8  1.090822E+01 -6.714773E-01 -1.398997E+00 -1.143025E+00 -2.825156E-01  6.971650E-04
         2   1  1.463506E+01 -3.408724E-01 -1.030184E+00  5.985427E-02 -5.201938E-02 -6.672718E-06
         2   2  1.526134E+01  1.616503E-01  9.649765E-02  5.987422E-02 -5.207243E-02 -6.674992E-06
         2   3  1.463506E+01 -3.408724E-01 -1.030184E+00 -5.985427E-02 -5.201938E-02  6.672718E-06
         2   4  1.526134E+01  1.616503E-01  9.649765E-02 -5.987422E-02 -5.207243E-02  6.674992E-06
         2   5  1.463506E+01 -3.408724E-01 -1.030184E+00  5.985427E-02  5.201938E-02  6.672718E-06
         2   6  1.526134E+01  1.616503E-01  9.649765E-02  5.987422E-02  5.207243E-02  6.674992E-06
         2   7  1.463506E+01 -3.408724E-01 -1.030184E+00 -5.985427E-02  5.201938E-02 -6.672718E-06
         2   8  1.526134E+01  1.616503E-01  9.649765E-02 -5.987422E-02  5.207243E-02 -6.674992E-06
         3   1  1.499396E+01  4.260565E-02  1.658296E-01 -1.284111E-02  8.729189E-03 -2.401087E-07
         3   2  1.489772E+01 -2.751315E-02 -1.454793E-02 -1.284056E-02  8.727754E-03 -2.400961E-07
         3   3  1.499396E+01  4.260565E-02  1.658296E-01  1.284111E-02  8.729189E-03  2.401087E-07
         3   4  1.489772E+01 -2.751315E-02 -1.454793E-02  1.284056E-02  8.727754E-03  2.400961E-07
         3   5  1.499396E+01  4.260565E-02  1.658296E-01 -1.284111E-02 -8.729189E-03  2.401087E-07
         3   6  1.489772E+01 -2.751315E-02 -1.454793E-02 -1.284056E-02 -8.727754E-03  2.400961E-07
         3   7  1.499396E+01  4.260565E-02  1.658296E-01  1.284111E-02 -8.729189E-03 -2.401087E-07
         3   8  1.489772E+01 -2.751315E-02 -1.454793E-02  1.284056E-02 -8.727754E-03 -2.400961E-07
         4   1  1.493823E+01 -6.938971E-03 -2.757162E-02  2.173559E-03 -1.455554E-03 -6.777413E-09
         4   2  1.495418E+01  4.592763E-03  2.406782E-03  2.173574E-03 -1.455594E-03 -6.777472E-09
         4   3  1.493823E+01 -6.938971E-03 -2.757162E-02 -2.173559E-03 -1.455554E-03  6.777413E-09
         4   4  1.495418E+01  4.592763E-03  2.406782E-03 -2.173574E-03 -1.455594E-03  6.777471E-09
         4   5  1.493823E+01 -6.938971E-03 -2.757162E-02  2.173559E-03  1.455554E-03  6.777413E-09
         4   6  1.495418E+01  4.592763E-03  2.406782E-03  2.173574E-03  1.455594E-03  6.777472E-09
         4   7  1.493823E+01 -6.938971E-03 -2.757162E-02 -2.173559E-03  1.455554E-03 -6.777414E-09
         4   8  1.495418E+01  4.592763E-03  2.406782E-03 -2.173574E-03  1.455594E-03 -6.777472E-09
         5   1  1.494747E+01  1.154882E-03  4.595260E-03 -3.626709E-04  2.426394E-04 -1.885091E-10
         5   2  1.494481E+01 -7.656475E-04 -4.010219E-04 -3.626704E-04  2.426383E-04 -1.885090E-10
         5   3  1.494747E+01  1.154882E-03  4.595260E-03  3.626709E-04  2.426394E-04  1.885094E-10
         5   4  1.494481E+01 -7.656475E-04 -4.010219E-04  3.626704E-04  2.426383E-04  1.885090E-10
         5   5  1.494747E+01  1.154882E-03  4.595260E-03 -3.626709E-04 -2.426394E-04  1.885098E-10
         5   6  1.494481E+01 -7.656475E-04 -4.010219E-04 -3.626704E-04 -2.426383E-04  1.885096E-10
         5   7  1.494747E+01  1.154882E-03  4.595260E-03  3.626709E-04 -2.426394E-04 -1.885092E-10
         5   8  1.494481E+01 -7.656475E-04 -4.010219E-04  3.626704E-04 -2.426383E-04 -1.885087E-10
         6   1  1.494593E+01 -1.925028E-04 -7.659869E-04  6.046615E-05 -4.045089E-05 -5.239879E-12
         6   2  1.494637E+01  1.276517E-04  6.693996E-05  6.046616E-05 -4.045092E-05 -5.239751E-12
         6   3  1.494593E+01 -1.925028E-04 -7.659869E-04 -6.046615E-05 -4.045089E-05  5.241413E-12
         6   4  1.494637E+01  1.276517E-04  6.693996E-05 -6.046616E-05 -4.045092E-05  5.240189E-12
         6   5  1.494593E+01 -1.925028E-04 -7.659869E-04  6.046615E-05  4.045089E-05  5.238527E-12
         6   6  1.494637E+01  1.276517E-04  6.693996E-05  6.046616E-05  4.045092E-05  5.240020E-12
         6   7  1.494593E+01 -1.925028E-04 -7.659869E-04 -6.046615E-05  4.045089E-05 -5.239136E-12
         6   8  1.494637E+01  1.276517E-04  6.693996E-05 -6.046616E-05  4.045092E-05 -5.238900E-12
         7   1  1.494619E+01  3.218412E-05  1.277334E-04 -1.012459E-05  6.773171E-06 -1.468416E-13
         7   2  1.494611E+01 -2.142291E-05 -1.173324E-05 -1.012459E-05  6.773170E-06 -1.482069E-13
         7   3  1.494619E+01  3.218412E-05  1.277334E-04  1.012459E-05  6.773171E-06  1.476209E-13
         7   4  1.494611E+01 -2.142291E-05 -1.173324E-05  1.012459E-05  6.773170E-06  1.471795E-13
         7   5  1.494619E+01  3.218412E-05  1.277334E-04 -1.012459E-05 -6.773171E-06  1.459284E-13
         7   6  1.494611E+01 -2.142291E-05 -1.173324E-05 -1.012459E-05 -6.773170E-06  1.460197E-13
         7   7  1.494619E+01  3.218412E-05  1.277334E-04  1.012459E-05 -6.773171E-06 -1.459284E-13
         7   8  1.494611E+01 -2.142291E-05 -1.173324E-05  1.012459E-05 -6.773170E-06 -1.473469E-13
         8   1  1.494614E+01 -5.939509E-06 -2.159302E-05  1.959926E-06 -1.311154E-06 -6.132028E-15
         8   2  1.494616E+01  4.437767E-06  5.405011E-06  1.959926E-06 -1.311154E-06 -5.614532E-15
         8   3  1.494614E+01 -5.939509E-06 -2.159302E-05 -1.959926E-06 -1.311154E-06  5.778913E-15
         8   4  1.494616E+01  4.437767E-06  5.405011E-06 -1.959926E-06 -1.311154E-06  7.409025E-15
         8   5  1.494614E+01 -5.939509E-06 -2.159302E-05  1.959926E-06  1.311154E-06  4.774362E-15
         8   6  1.494616E+01  4.437767E-06  5.405011E-06  1.959926E-06  1.311154E-06  6.198998E-15
         8   7  1.494614E+01 -5.939509E-06 -2.159302E-05 -1.959926E-06  1.311154E-06 -5.651061E-15
         8   8  1.494616E+01  4.437767E-06  5.405011E-06 -1.959926E-06  1.311154E-06 -3.605430E-15

 strains (elem, integ.pnt.,exx,eyy,ezz,exy,exz,eyz) for set ALL and time  0.5750000E+00

         1   1  4.643318E-03 -4.561300E-04 -5.641161E-04  6.229430E-04  1.540759E-04  6.007026E-20
         1   2  4.643318E-03 -1.701239E-03 -2.103687E-03  6.221662E-04  1.538382E-04  6.707348E-20
         1   3  4.643318E-03 -4.561300E-04 -5.641161E-04 -6.229430E-04  1.540759E-04 -1.024859E-19
         1   4  4.643318E-03 -1.701239E-03 -2.103687E-03 -6.221662E-04  1.538382E-04 -3.117512E-19
         1   5  4.643318E-03 -4.561300E-04 -5.641161E-04  6.229430E-04 -1.540759E-04  9.139426E-20
         1   6  4.643318E-03 -1.701239E-03 -2.103687E-03  6.221662E-04 -1.538382E-04  1.617414E-19
         1   7  4.643318E-03 -4.561300E-04 -5.641161E-04 -6.229430E-04 -1.540759E-04 -8.470821E-20
         1   8  4.643318E-03 -1.701239E-03 -2.103687E-03 -6.221662E-04 -1.538382E-04 -2.306072E-19
         2   1  6.001288E-03 -2.180336E-03 -2.563405E-03  3.243403E-05 -2.819895E-05  1.107512E-19
         2   2  6.001288E-03 -2.245202E-03 -2.281375E-03  3.243192E-05 -2.820694E-05  3.961398E-20
         2   3  6.001288E-03 -2.180336E-03 -2.563405E-03 -3.243403E-05 -2.819895E-05 -5.152416E-20
         2   4  6.001288E-03 -2.245202E-03 -2.281375E-03 -3.243192E-05 -2.820694E-05  2.609192E-20
         2   5  6.001288E-03 -2.180336E-03 -2.563405E-03  3.243403E-05  2.819895E-05 -3.524396E-19
         2   6  6.001288E-03 -2.245202E-03 -2.281375E-03  3.243192E-05  2.820694E-05 -2.367405E-19
         2   7  6.001288E-03 -2.180336E-03 -2.563405E-03 -3.243403E-05  2.819895E-05  1.268512E-20
         2   8  6.001288E-03 -2.245202E-03 -2.281375E-03 -3.243192E-05  2.820694E-05 -4.564750E-19
         3   1  5.904029E-03 -2.263850E-03 -2.195438E-03 -6.958201E-06  4.729762E-06 -3.817424E-19
         3   2  5.904029E-03 -2.249933E-03 -2.242734E-03 -6.958298E-06  4.729537E-06 -1.799781E-19
         3   3  5.904029E-03 -2.263850E-03 -2.195438E-03  6.958201E-06  4.729762E-06  3.788598E-19
         3   4  5.904029E-03 -2.249933E-03 -2.242734E-03  6.958298E-06  4.729537E-06 -1.740622E-19
         3   5  5.904029E-03 -2.263850E-03 -2.195438E-03 -6.958201E-06 -4.729762E-06 -4.189336E-19
         3   6  5.904029E-03 -2.249933E-03 -2.242734E-03 -6.958298E-06 -4.729537E-06  1.017463E-20
         3   7  5.904029E-03 -2.263850E-03 -2.195438E-03  6.958201E-06 -4.729762E-06  2.842006E-19
         3   8  5.904029E-03 -2.249933E-03 -2.242734E-03  6.958298E-06 -4.729537E-06  1.453946E-19
         4   1  5.918764E-03 -2.245702E-03 -2.257158E-03  1.177784E-06 -7.887280E-07 -6.427697E-20
         4   2  5.918764E-03 -2.248057E-03 -2.249271E-03  1.177781E-06 -7.887343E-07  2.366154E-20
         4   3  5.918764E-03 -2.245702E-03 -2.257158E-03 -1.177784E-06 -7.887280E-07 -2.265417E-19
         4   4  5.918764E-03 -2.248057E-03 -2.249271E-03 -1.177781E-06 -7.887343E-07 -4.098884E-19
         4   5  5.918764E-03 -2.245702E-03 -2.257158E-03  1.177784E-06  7.887280E-07 -1.893558E-19
         4   6  5.918764E-03 -2.248057E-03 -2.249271E-03  1.177781E-06  7.887343E-07  2.332530E-19
         4   7  5.918764E-03 -2.245702E-03 -2.257158E-03 -1.177784E-06  7.887280E-07 -2.569659E-19
         4   8  5.918764E-03 -2.248057E-03 -2.249271E-03 -1.177781E-06  7.887343E-07 -2.231154E-19
         5   1  5.916325E-03 -2.248776E-03 -2.246865E-03 -1.965200E-07  1.314785E-07  9.803564E-20
         5   2  5.916325E-03 -2.248383E-03 -2.248180E-03 -1.965201E-07  1.314783E-07 -3.380512E-21
         5   3  5.916325E-03 -2.248776E-03 -2.246865E-03  1.965200E-07  1.314785E-07  9.803564E-20
         5   4  5.916325E-03 -2.248383E-03 -2.248180E-03  1.965201E-07  1.314783E-07 -3.380517E-21
         5   5  5.916325E-03 -2.248776E-03 -2.246865E-03 -1.965200E-07 -1.314785E-07  3.110073E-19
         5   6  5.916325E-03 -2.248383E-03 -2.248180E-03 -1.965201E-07 -1.314783E-07  3.177675E-19
         5   7  5.916325E-03 -2.248776E-03 -2.246865E-03  1.965200E-07 -1.314785E-07  4.056696E-20
         5   8  5.916325E-03 -2.248383E-03 -2.248180E-03  1.965201E-07 -1.314783E-07  1.419812E-19
         6   1  5.916732E-03 -2.248263E-03 -2.248581E-03  3.276472E-08 -2.191908E-08 -1.419810E-19
         6   2  5.916732E-03 -2.248328E-03 -2.248362E-03  3.276472E-08 -2.191909E-08 -7.014542E-20
         6   3  5.916732E-03 -2.248263E-03 -2.248581E-03 -3.276472E-08 -2.191908E-08  9.938689E-19
         6   4  5.916732E-03 -2.248328E-03 -2.248362E-03 -3.276472E-08 -2.191909E-08  3.135420E-19
         6   5  5.916732E-03 -2.248263E-03 -2.248581E-03  3.276472E-08  2.191908E-08 -6.084908E-19
         6   6  5.916732E-03 -2.248328E-03 -2.248362E-03  3.276472E-08  2.191909E-08  2.197329E-19
         6   7  5.916732E-03 -2.248263E-03 -2.248581E-03 -3.276472E-08  2.191908E-08  2.704407E-19
         6   8  5.916732E-03 -2.248328E-03 -2.248362E-03 -3.276472E-08  2.191909E-08  4.022802E-19
         7   1  5.916664E-03 -2.248348E-03 -2.248295E-03 -5.486202E-09  3.670170E-09  3.380488E-20
         7   2  5.916664E-03 -2.248337E-03 -2.248332E-03 -5.486202E-09  3.670170E-09 -7.242733E-19
         7   3  5.916664E-03 -2.248348E-03 -2.248295E-03  5.486202E-09  3.670170E-09  3.988995E-19
         7   4  5.916664E-03 -2.248337E-03 -2.248332E-03  5.486202E-09  3.670170E-09  1.538130E-19
         7   5  5.916664E-03 -2.248348E-03 -2.248295E-03 -5.486202E-09 -3.670170E-09 -5.408810E-19
         7   6  5.916664E-03 -2.248337E-03 -2.248332E-03 -5.486202E-09 -3.670170E-09 -4.901733E-19
         7   7  5.916664E-03 -2.248348E-03 -2.248295E-03  5.486202E-09 -3.670170E-09  5.408807E-19
         7   8  5.916664E-03 -2.248337E-03 -2.248332E-03  5.486202E-09 -3.670170E-09 -2.467769E-19
         8   1  5.916675E-03 -2.248334E-03 -2.248343E-03  1.062023E-09 -7.104736E-10 -3.481920E-19
         8   2  5.916675E-03 -2.248336E-03 -2.248336E-03  1.062023E-09 -7.104736E-10 -6.084910E-20
         8   3  5.916675E-03 -2.248334E-03 -2.248343E-03 -1.062023E-09 -7.104736E-10  1.521228E-19
         8   4  5.916675E-03 -2.248336E-03 -2.248336E-03 -1.062023E-09 -7.104736E-10  1.057253E-18
         8   5  5.916675E-03 -2.248334E-03 -2.248343E-03  1.062023E-09  7.104736E-10 -4.056606E-19
         8   6  5.916675E-03 -2.248336E-03 -2.248336E-03  1.062023E-09  7.104736E-10  3.853776E-19
         8   7  5.916675E-03 -2.248334E-03 -2.248343E-03 -1.062023E-09  7.104736E-10 -8.113210E-20
         8   8  5.916675E-03 -2.248336E-03 -2.248336E-03 -1.062023E-09  7.104736E-10  1.054718E-18

                                INCREMENT     8


 forces (fx,fy,fz) for set RIGHT and time  0.6750000E+00

        33  2.186615E+01  7.664629E-16  1.987014E-14
        34  2.186615E+01  6.521762E-15  7.760847E-15
        35  2.186615E+01 -3.208892E-15  6.490190E-15
        36  2.186615E+01  1.095047E-15 -8.226995E-15

 displacements (vx,vy,vz) for set RIGHT and time  0.6750000E+00

        33  1.350000E-01  6.610335E-03  1.322065E-03
        34  1.350000E-01 -6.610335E-03  1.322065E-03
        35  1.350000E-01 -6.610335E-03 -1.322065E-03
        36  1.350000E-01  6.610335E-03 -1.322065E-03

 stresses (elem, integ.pnt.,sxx,syy,szz,sxy,sxz,syz) for set ALL and time  0.6750000E+00

         1   1  2.223580E+01  1.118181E+01  1.094623E+01  1.358528E+00  3.361371E-01  9.672663E-04
         1   2  1.283404E+01 -7.849848E-01 -1.641094E+00  1.345302E+00  3.326350E-01  9.623338E-04
         1   3  2.223580E+01  1.118181E+01  1.094623E+01 -1.358528E+00  3.361371E-01 -9.672663E-04
         1   4  1.283404E+01 -7.849848E-01 -1.641094E+00 -1.345302E+00  3.326350E-01 -9.623338E-04
         1   5  2.223580E+01  1.118181E+01  1.094623E+01  1.358528E+00 -3.361371E-01 -9.672663E-04
         1   6  1.283404E+01 -7.849848E-01 -1.641094E+00  1.345302E+00 -3.326350E-01 -9.623338E-04
         1   7  2.223580E+01  1.118181E+01  1.094623E+01 -1.358528E+00 -3.361371E-01  9.672663E-04
         1   8  1.283404E+01 -7.849848E-01 -1.641094E+00 -1.345302E+00 -3.326350E-01  9.623338E-04
         2   1  1.722023E+01 -3.995750E-01 -1.210079E+00  7.080988E-02 -6.137858E-02 -9.266282E-06
         2   2  1.795702E+01  1.900222E-01  1.131533E-01  7.083746E-02 -6.145200E-02 -9.269988E-06
         2   3  1.722023E+01 -3.995750E-01 -1.210079E+00 -7.080988E-02 -6.137858E-02  9.266282E-06
         2   4  1.795702E+01  1.900222E-01  1.131533E-01 -7.083746E-02 -6.145200E-02  9.269988E-06
         2   5  1.722023E+01 -3.995750E-01 -1.210079E+00  7.080988E-02  6.137858E-02  9.266282E-06
         2   6  1.795702E+01  1.900222E-01  1.131533E-01  7.083746E-02  6.145200E-02  9.269988E-06
         2   7  1.722023E+01 -3.995750E-01 -1.210079E+00 -7.080988E-02  6.137858E-02 -9.266282E-06
         2   8  1.795702E+01  1.900222E-01  1.131533E-01 -7.083746E-02  6.145200E-02 -9.269988E-06
         3   1  1.764207E+01  5.026364E-02  1.949295E-01 -1.510343E-02  1.029775E-02 -3.314099E-07
         3   2  1.752866E+01 -3.232848E-02 -1.709774E-02 -1.510265E-02  1.029577E-02 -3.313895E-07
         3   3  1.764207E+01  5.026364E-02  1.949295E-01  1.510343E-02  1.029775E-02  3.314099E-07
         3   4  1.752866E+01 -3.232848E-02 -1.709774E-02  1.510265E-02  1.029577E-02  3.313895E-07
         3   5  1.764207E+01  5.026364E-02  1.949295E-01 -1.510343E-02 -1.029775E-02  3.314099E-07
         3   6  1.752866E+01 -3.232848E-02 -1.709774E-02 -1.510265E-02 -1.029577E-02  3.313895E-07
         3   7  1.764207E+01  5.026364E-02  1.949295E-01  1.510343E-02 -1.029775E-02 -3.314099E-07
         3   8  1.752866E+01 -3.232848E-02 -1.709774E-02  1.510265E-02 -1.029577E-02 -3.313895E-07
         4   1  1.757647E+01 -8.193033E-03 -3.240524E-02  2.554412E-03 -1.716644E-03 -9.344529E-09
         4   2  1.759526E+01  5.395080E-03  2.828762E-03  2.554433E-03 -1.716699E-03 -9.344623E-09
         4   3  1.757647E+01 -8.193033E-03 -3.240524E-02 -2.554412E-03 -1.716644E-03  9.344529E-09
         4   4  1.759526E+01  5.395080E-03  2.828762E-03 -2.554433E-03 -1.716699E-03  9.344624E-09
         4   5  1.757647E+01 -8.193033E-03 -3.240524E-02  2.554412E-03  1.716644E-03  9.344530E-09
         4   6  1.759526E+01  5.395080E-03  2.828762E-03  2.554433E-03  1.716699E-03  9.344625E-09
         4   7  1.757647E+01 -8.193033E-03 -3.240524E-02 -2.554412E-03  1.716644E-03 -9.344530E-09
         4   8  1.759526E+01  5.395080E-03  2.828762E-03 -2.554433E-03  1.716699E-03 -9.344625E-09
         5   1  1.758735E+01  1.363434E-03  5.399638E-03 -4.260859E-04  2.860942E-04 -2.597682E-10
         5   2  1.758422E+01 -8.991777E-04 -4.712386E-04 -4.260853E-04  2.860927E-04 -2.597672E-10
         5   3  1.758735E+01  1.363434E-03  5.399638E-03  4.260859E-04  2.860942E-04  2.597661E-10
         5   4  1.758422E+01 -8.991777E-04 -4.712386E-04  4.260853E-04  2.860927E-04  2.597676E-10
         5   5  1.758735E+01  1.363434E-03  5.399638E-03 -4.260859E-04 -2.860942E-04  2.597680E-10
         5   6  1.758422E+01 -8.991777E-04 -4.712386E-04 -4.260853E-04 -2.860927E-04  2.597668E-10
         5   7  1.758735E+01  1.363434E-03  5.399638E-03  4.260859E-04 -2.860942E-04 -2.597707E-10
         5   8  1.758422E+01 -8.991777E-04 -4.712386E-04  4.260853E-04 -2.860927E-04 -2.597695E-10
         6   1  1.758554E+01 -2.272126E-04 -8.998526E-04  7.102152E-05 -4.768380E-05 -7.217467E-12
         6   2  1.758606E+01  1.498783E-04  7.864179E-05  7.102153E-05 -4.768384E-05 -7.215031E-12
         6   3  1.758554E+01 -2.272126E-04 -8.998526E-04 -7.102152E-05 -4.768380E-05  7.217808E-12
         6   4  1.758606E+01  1.498783E-04  7.864179E-05 -7.102153E-05 -4.768384E-05  7.216652E-12
         6   5  1.758554E+01 -2.272126E-04 -8.998526E-04  7.102152E-05  4.768380E-05  7.216823E-12
         6   6  1.758606E+01  1.498783E-04  7.864179E-05  7.102153E-05  4.768384E-05  7.217451E-12
         6   7  1.758554E+01 -2.272126E-04 -8.998526E-04 -7.102152E-05  4.768380E-05 -7.217479E-12
         6   8  1.758606E+01  1.498783E-04  7.864179E-05 -7.102153E-05  4.768384E-05 -7.218406E-12
         7   1  1.758584E+01  3.797738E-05  1.500202E-04 -1.188910E-05  7.982312E-06 -2.022298E-13
         7   2  1.758575E+01 -2.514775E-05 -1.378051E-05 -1.188910E-05  7.982311E-06 -2.035916E-13
         7   3  1.758584E+01  3.797738E-05  1.500202E-04  1.188910E-05  7.982312E-06  2.026068E-13
         7   4  1.758575E+01 -2.514775E-05 -1.378051E-05  1.188910E-05  7.982311E-06  2.026159E-13
         7   5  1.758584E+01  3.797738E-05  1.500202E-04 -1.188910E-05 -7.982312E-06  2.019441E-13
         7   6  1.758575E+01 -2.514775E-05 -1.378051E-05 -1.188910E-05 -7.982311E-06  2.001749E-13
         7   7  1.758584E+01  3.797738E-05  1.500202E-04  1.188910E-05 -7.982312E-06 -2.019441E-13
         7   8  1.758575E+01 -2.514775E-05 -1.378051E-05  1.188910E-05 -7.982311E-06 -2.032086E-13
         8   1  1.758579E+01 -7.003255E-06 -2.535437E-05  2.300873E-06 -1.544800E-06 -8.571407E-15
         8   2  1.758580E+01  5.213214E-06  6.345634E-06  2.300873E-06 -1.544800E-06 -8.436136E-15
         8   3  1.758579E+01 -7.003255E-06 -2.535437E-05 -2.300873E-06 -1.544800E-06  8.498451E-15
         8   4  1.758580E+01  5.213214E-06  6.345634E-06 -2.300873E-06 -1.544800E-06  9.763006E-15
         8   5  1.758579E+01 -7.003255E-06 -2.535437E-05  2.300873E-06  1.544800E-06  5.385702E-15
         8   6  1.758580E+01  5.213214E-06  6.345634E-06  2.300873E-06  1.544800E-06  5.178996E-15
         8   7  1.758579E+01 -7.003255E-06 -2.535437E-05 -2.300873E-06  1.544800E-06 -6.066616E-15
         8   8  1.758580E+01  5.213214E-06  6.345634E-06 -2.300873E-06  1.544800E-06 -6.163889E-15

 strains (elem, integ.pnt.,exx,eyy,ezz,exy,exz,eyz) for set ALL and time  0.6750000E+00

         1   1  5.454492E-03 -5.356764E-04 -6.628276E-04  7.315514E-04  1.810278E-04  4.059614E-20
         1   2  5.454492E-03 -1.997708E-03 -2.471465E-03  7.304800E-04  1.806997E-04 -4.570381E-19
         1   3  5.454492E-03 -5.356764E-04 -6.628276E-04 -7.315514E-04  1.810278E-04 -1.219470E-19
         1   4  5.454492E-03 -1.997708E-03 -2.471465E-03 -7.304800E-04  1.806997E-04 -1.324279E-19
         1   5  5.454492E-03 -5.356764E-04 -6.628276E-04  7.315514E-04 -1.810278E-04  1.421727E-19
         1   6  5.454492E-03 -1.997708E-03 -2.471465E-03  7.304800E-04 -1.806997E-04 -9.540514E-20
         1   7  5.454492E-03 -5.356764E-04 -6.628276E-04 -7.315514E-04 -1.810278E-04 -2.037049E-20
         1   8  5.454492E-03 -1.997708E-03 -2.471465E-03 -7.304800E-04 -1.806997E-04  2.292051E-19
         2   1  7.048385E-03 -2.560312E-03 -3.011257E-03  3.824745E-05 -3.316768E-05 -2.714588E-19
         2   2  7.048385E-03 -2.636804E-03 -2.679525E-03  3.824450E-05 -3.317875E-05 -4.217699E-19
         2   3  7.048385E-03 -2.560312E-03 -3.011257E-03 -3.824745E-05 -3.316768E-05 -1.768282E-19
         2   4  7.048385E-03 -2.636804E-03 -2.679525E-03 -3.824450E-05 -3.317875E-05  4.838526E-19
         2   5  7.048385E-03 -2.560312E-03 -3.011257E-03  3.824745E-05  3.316768E-05 -1.274737E-21
         2   6  7.048385E-03 -2.636804E-03 -2.679525E-03  3.824450E-05  3.317875E-05 -5.104779E-19
         2   7  7.048385E-03 -2.560312E-03 -3.011257E-03 -3.824745E-05  3.316768E-05  2.014982E-19
         2   8  7.048385E-03 -2.636804E-03 -2.679525E-03 -3.824450E-05  3.317875E-05 -4.415045E-20
         3   1  6.934167E-03 -2.658829E-03 -2.578432E-03 -8.157757E-06  5.561654E-06 -1.853156E-19
         3   2  6.934167E-03 -2.642513E-03 -2.634047E-03 -8.157891E-06  5.561343E-06  4.697756E-19
         3   3  6.934167E-03 -2.658829E-03 -2.578432E-03  8.157757E-06  5.561654E-06  5.716054E-19
         3   4  6.934167E-03 -2.642513E-03 -2.634047E-03  8.157891E-06  5.561343E-06 -3.794417E-20
         3   5  6.934167E-03 -2.658829E-03 -2.578432E-03 -8.157757E-06 -5.561654E-06 -2.022125E-19
         3   6  6.934167E-03 -2.642513E-03 -2.634047E-03 -8.157891E-06 -5.561343E-06  3.177120E-19
         3   7  6.934167E-03 -2.658829E-03 -2.578432E-03  8.157757E-06 -5.561654E-06  1.086647E-19
         3   8  6.934167E-03 -2.642513E-03 -2.634047E-03  8.157891E-06 -5.561343E-06  4.737868E-20
         4   1  6.951506E-03 -2.637551E-03 -2.651009E-03  1.379704E-06 -9.272165E-07  3.107797E-19
         4   2  6.951506E-03 -2.640310E-03 -2.641737E-03  1.379701E-06 -9.272252E-07  6.952589E-19
         4   3  6.951506E-03 -2.637551E-03 -2.651009E-03 -1.379704E-06 -9.272165E-07 -1.362189E-20
         4   4  6.951506E-03 -2.640310E-03 -2.641737E-03 -1.379701E-06 -9.272252E-07 -5.347605E-19
         4   5  6.951506E-03 -2.637551E-03 -2.651009E-03  1.379704E-06  9.272165E-07  6.757339E-19
         4   6  6.951506E-03 -2.640310E-03 -2.641737E-03  1.379701E-06  9.272252E-07  1.148860E-19
         4   7  6.951506E-03 -2.637551E-03 -2.651009E-03 -1.379704E-06  9.272165E-07 -6.218726E-19
         4   8  6.951506E-03 -2.640310E-03 -2.641737E-03 -1.379701E-06  9.272252E-07 -4.359194E-19
         5   1  6.948635E-03 -2.641152E-03 -2.638909E-03 -2.301401E-07  1.545266E-07  1.352281E-20
         5   2  6.948635E-03 -2.640692E-03 -2.640454E-03 -2.301402E-07  1.545264E-07  2.821614E-19
         5   3  6.948635E-03 -2.641152E-03 -2.638909E-03  2.301401E-07  1.545266E-07 -1.175946E-18
         5   4  6.948635E-03 -2.640692E-03 -2.640454E-03  2.301402E-07  1.545264E-07 -8.025494E-20
         5   5  6.948635E-03 -2.641152E-03 -2.638909E-03 -2.301401E-07 -1.545266E-07 -8.109444E-20
         5   6  6.948635E-03 -2.640692E-03 -2.640454E-03 -2.301402E-07 -1.545264E-07 -5.068756E-19
         5   7  6.948635E-03 -2.641152E-03 -2.638909E-03  2.301401E-07 -1.545266E-07 -1.378696E-18
         5   8  6.948635E-03 -2.640692E-03 -2.640454E-03  2.301402E-07 -1.545264E-07 -9.900973E-19
         6   1  6.949113E-03 -2.640551E-03 -2.640925E-03  3.836058E-08 -2.575528E-08 -3.987428E-19
         6   2  6.949113E-03 -2.640628E-03 -2.640668E-03  3.836058E-08 -2.575528E-08  9.563060E-19
         6   3  6.949113E-03 -2.640551E-03 -2.640925E-03 -3.836058E-08 -2.575528E-08  5.879758E-19
         6   4  6.949113E-03 -2.640628E-03 -2.640668E-03 -3.836058E-08 -2.575528E-08 -5.575635E-20
         6   5  6.949113E-03 -2.640551E-03 -2.640925E-03  3.836058E-08  2.575528E-08  4.054974E-20
         6   6  6.949113E-03 -2.640628E-03 -2.640668E-03  3.836058E-08  2.575528E-08  3.886049E-19
         6   7  6.949113E-03 -2.640551E-03 -2.640925E-03 -3.836058E-08  2.575528E-08 -4.055011E-19
         6   8  6.949113E-03 -2.640628E-03 -2.640668E-03 -3.836058E-08  2.575528E-08 -9.191351E-19
         7   1  6.949034E-03 -2.640651E-03 -2.640589E-03 -6.421612E-09  4.311455E-09  3.379051E-21
         7   2  6.949034E-03 -2.640639E-03 -2.640632E-03 -6.421613E-09  4.311455E-09 -7.535556E-19
         7   3  6.949034E-03 -2.640651E-03 -2.640589E-03  6.421612E-09  4.311455E-09  2.061294E-19
         7   4  6.949034E-03 -2.640639E-03 -2.640632E-03  6.421613E-09  4.311455E-09  2.111983E-19
         7   5  6.949034E-03 -2.640651E-03 -2.640589E-03 -6.421612E-09 -4.311455E-09 -1.622004E-19
         7   6  6.949034E-03 -2.640639E-03 -2.640632E-03 -6.421613E-09 -4.311455E-09 -1.145540E-18
         7   7  6.949034E-03 -2.640651E-03 -2.640589E-03  6.421612E-09 -4.311455E-09  1.622002E-19
         7   8  6.949034E-03 -2.640639E-03 -2.640632E-03  6.421613E-09 -4.311455E-09 -5.406677E-19
         8   1  6.949047E-03 -2.640635E-03 -2.640645E-03  1.242762E-09 -8.343869E-10 -5.541843E-19
         8   2  6.949047E-03 -2.640637E-03 -2.640637E-03  1.242762E-09 -8.343869E-10 -4.789978E-19
         8   3  6.949047E-03 -2.640635E-03 -2.640645E-03 -1.242762E-09 -8.343869E-10  5.136344E-19
         8   4  6.949047E-03 -2.640637E-03 -2.640637E-03 -1.242762E-09 -8.343869E-10  1.216502E-18
         8   5  6.949047E-03 -2.640635E-03 -2.640645E-03  1.242762E-09  8.343869E-10 -1.216502E-18
         8   6  6.949047E-03 -2.640637E-03 -2.640637E-03  1.242762E-09  8.343869E-10 -1.331394E-18
         8   7  6.949047E-03 -2.640635E-03 -2.640645E-03 -1.242762E-09  8.343869E-10  8.380350E-19
         8   8  6.949047E-03 -2.640637E-03 -2.640637E-03 -1.242762E-09  8.343869E-10  7.839682E-19

                                INCREMENT     9


 forces (fx,fy,fz) for set RIGHT and time  0.7750000E+00

        33  2.514340E+01  5.912241E-15  2.442146E-14
        34  2.514340E+01 -4.601572E-15  2.307226E-14
        35  2.514340E+01 -8.529349E-15 -2.869721E-14
        36  2.514340E+01  7.457054E-15 -3.170373E-14

 displacements (vx,vy,vz) for set RIGHT and time  0.7750000E+00

        33  1.550000E-01  7.594839E-03  1.518965E-03
        34  1.550000E-01 -7.594839E-03  1.518965E-03
        35  1.550000E-01 -7.594839E-03 -1.518965E-03
        36  1.550000E-01  7.594839E-03 -1.518965E-03

 stresses (elem, integ.pnt.,sxx,syy,szz,sxy,sxz,syz) for set ALL and time  0.7750000E+00

         1   1  2.557202E+01  1.283777E+01  1.256557E+01  1.566066E+00  3.876723E-01  1.278163E-03
         1   2  1.476845E+01 -8.975255E-01 -1.882837E+00  1.548625E+00  3.830505E-01  1.270693E-03
         1   3  2.557202E+01  1.283777E+01  1.256557E+01 -1.566066E+00  3.876723E-01 -1.278163E-03
         1   4  1.476845E+01 -8.975255E-01 -1.882837E+00 -1.548625E+00  3.830505E-01 -1.270693E-03
         1   5  2.557202E+01  1.283777E+01  1.256557E+01  1.566066E+00 -3.876723E-01 -1.278163E-03
         1   6  1.476845E+01 -8.975255E-01 -1.882837E+00  1.548625E+00 -3.830505E-01 -1.270693E-03
         1   7  2.557202E+01  1.283777E+01  1.256557E+01 -1.566066E+00 -3.876723E-01  1.278163E-03
         1   8  1.476845E+01 -8.975255E-01 -1.882837E+00 -1.548625E+00 -3.830505E-01  1.270693E-03
         2   1  1.981736E+01 -4.580983E-01 -1.390185E+00  8.193181E-02 -7.083185E-02 -1.230920E-05
         2   2  2.066511E+01  2.184720E-01  1.297707E-01  8.196831E-02 -7.092904E-02 -1.231485E-05
         2   3  1.981736E+01 -4.580983E-01 -1.390185E+00 -8.193181E-02 -7.083185E-02  1.230920E-05
         2   4  2.066511E+01  2.184720E-01  1.297707E-01 -8.196831E-02 -7.092904E-02  1.231485E-05
         2   5  1.981736E+01 -4.580983E-01 -1.390185E+00  8.193181E-02  7.083185E-02  1.230920E-05
         2   6  2.066511E+01  2.184720E-01  1.297707E-01  8.196831E-02  7.092904E-02  1.231485E-05
         2   7  1.981736E+01 -4.580983E-01 -1.390185E+00 -8.193181E-02  7.083185E-02 -1.230920E-05
         2   8  2.066511E+01  2.184720E-01  1.297707E-01 -8.196831E-02  7.092904E-02 -1.231485E-05
         3   1  2.030227E+01  5.799557E-02  2.241051E-01 -1.737404E-02  1.188144E-02 -4.375582E-07
         3   2  2.017157E+01 -3.715248E-02 -1.965333E-02 -1.737302E-02  1.187881E-02 -4.375272E-07
         3   3  2.030227E+01  5.799557E-02  2.241051E-01  1.737404E-02  1.188144E-02  4.375582E-07
         3   4  2.017157E+01 -3.715248E-02 -1.965333E-02  1.737302E-02  1.187881E-02  4.375272E-07
         3   5  2.030227E+01  5.799557E-02  2.241051E-01 -1.737404E-02 -1.188144E-02  4.375582E-07
         3   6  2.017157E+01 -3.715248E-02 -1.965333E-02 -1.737302E-02 -1.187881E-02  4.375272E-07
         3   7  2.030227E+01  5.799557E-02  2.241051E-01  1.737404E-02 -1.188144E-02 -4.375582E-07
         3   8  2.017157E+01 -3.715248E-02 -1.965333E-02  1.737302E-02 -1.187881E-02 -4.375272E-07
         4   1  2.022675E+01 -9.460973E-03 -3.724999E-02  2.936077E-03 -1.980118E-03 -1.232448E-08
         4   2  2.024842E+01  6.198399E-03  3.251718E-03  2.936105E-03 -1.980190E-03 -1.232462E-08
         4   3  2.022675E+01 -9.460973E-03 -3.724999E-02 -2.936077E-03 -1.980118E-03  1.232448E-08
         4   4  2.024842E+01  6.198399E-03  3.251718E-03 -2.936105E-03 -1.980190E-03  1.232462E-08
         4   5  2.022675E+01 -9.460973E-03 -3.724999E-02  2.936077E-03  1.980118E-03  1.232448E-08
         4   6  2.024842E+01  6.198399E-03  3.251718E-03  2.936105E-03  1.980190E-03  1.232462E-08
         4   7  2.022675E+01 -9.460973E-03 -3.724999E-02 -2.936077E-03  1.980118E-03 -1.232448E-08
         4   8  2.024842E+01  6.198399E-03  3.251718E-03 -2.936105E-03  1.980190E-03 -1.232462E-08
         5   1  2.023928E+01  1.574237E-03  6.205510E-03 -4.895985E-04  3.299255E-04 -3.424192E-10
         5   2  2.023567E+01 -1.032810E-03 -5.415896E-04 -4.895977E-04  3.299235E-04 -3.424190E-10
         5   3  2.023928E+01  1.574237E-03  6.205510E-03  4.895985E-04  3.299255E-04  3.424197E-10
         5   4  2.023567E+01 -1.032810E-03 -5.415896E-04  4.895977E-04  3.299235E-04  3.424184E-10
         5   5  2.023928E+01  1.574237E-03  6.205510E-03 -4.895985E-04 -3.299255E-04  3.424193E-10
         5   6  2.023567E+01 -1.032810E-03 -5.415896E-04 -4.895977E-04 -3.299235E-04  3.424188E-10
         5   7  2.023928E+01  1.574237E-03  6.205510E-03  4.895985E-04 -3.299255E-04 -3.424199E-10
         5   8  2.023567E+01 -1.032810E-03 -5.415896E-04  4.895977E-04 -3.299235E-04 -3.424192E-10
         6   1  2.023719E+01 -2.622813E-04 -1.033904E-03  8.158808E-05 -5.497600E-05 -9.509059E-12
         6   2  2.023779E+01  1.721114E-04  9.036049E-05  8.158810E-05 -5.497606E-05 -9.507172E-12
         6   3  2.023719E+01 -2.622813E-04 -1.033904E-03 -8.158808E-05 -5.497600E-05  9.509108E-12
         6   4  2.023779E+01  1.721114E-04  9.036049E-05 -8.158810E-05 -5.497606E-05  9.507596E-12
         6   5  2.023719E+01 -2.622813E-04 -1.033904E-03  8.158808E-05  5.497600E-05  9.508173E-12
         6   6  2.023779E+01  1.721114E-04  9.036049E-05  8.158810E-05  5.497606E-05  9.508461E-12
         6   7  2.023719E+01 -2.622813E-04 -1.033904E-03 -8.158808E-05  5.497600E-05 -9.509023E-12
         6   8  2.023779E+01  1.721114E-04  9.036049E-05 -8.158810E-05  5.497606E-05 -9.507860E-12
         7   1  2.023754E+01  4.382769E-05  1.723274E-04 -1.365462E-05  9.200796E-06 -2.651392E-13
         7   2  2.023744E+01 -2.887214E-05 -1.582963E-05 -1.365462E-05  9.200794E-06 -2.678530E-13
         7   3  2.023754E+01  4.382769E-05  1.723274E-04  1.365462E-05  9.200796E-06  2.663656E-13
         7   4  2.023744E+01 -2.887214E-05 -1.582963E-05  1.365462E-05  9.200794E-06  2.654762E-13
         7   5  2.023754E+01  4.382769E-05  1.723274E-04 -1.365462E-05 -9.200796E-06  2.662017E-13
         7   6  2.023744E+01 -2.887214E-05 -1.582963E-05 -1.365462E-05 -9.200794E-06  2.650967E-13
         7   7  2.023754E+01  4.382769E-05  1.723274E-04  1.365462E-05 -9.200796E-06 -2.660560E-13
         7   8  2.023744E+01 -2.887214E-05 -1.582963E-05  1.365462E-05 -9.200794E-06 -2.657888E-13
         8   1  2.023748E+01 -8.075938E-06 -2.911736E-05  2.641836E-06 -1.780128E-06 -1.171159E-14
         8   2  2.023750E+01  5.989688E-06  7.286398E-06  2.641836E-06 -1.780128E-06 -1.116975E-14
         8   3  2.023748E+01 -8.075938E-06 -2.911736E-05 -2.641836E-06 -1.780128E-06  1.111663E-14
         8   4  2.023750E+01  5.989688E-06  7.286398E-06 -2.641836E-06 -1.780128E-06  1.405499E-14
         8   5  2.023748E+01 -8.075938E-06 -2.911736E-05  2.641836E-06  1.780128E-06  8.439316E-15
         8   6  2.023750E+01  5.989688E-06  7.286398E-06  2.641836E-06  1.780128E-06  7.522594E-15
         8   7  2.023748E+01 -8.075938E-06 -2.911736E-05 -2.641836E-06  1.780128E-06 -8.779292E-15
         8   8  2.023750E+01  5.989688E-06  7.286398E-06 -2.641836E-06  1.780128E-06 -5.476666E-15

 strains (elem, integ.pnt.,exx,eyy,ezz,exy,exz,eyz) for set ALL and time  0.7750000E+00

         1   1  6.266742E-03 -6.152873E-04 -7.617187E-04  8.402394E-04  2.080261E-04 -1.100304E-19
         1   2  6.266742E-03 -2.294352E-03 -2.839813E-03  8.388256E-04  2.075927E-04 -4.087981E-19
         1   3  6.266742E-03 -6.152873E-04 -7.617187E-04 -8.402394E-04  2.080261E-04 -1.100304E-19
         1   4  6.266742E-03 -2.294352E-03 -2.839813E-03 -8.388256E-04  2.075927E-04  2.388664E-20
         1   5  6.266742E-03 -6.152873E-04 -7.617187E-04  8.402394E-04 -2.080261E-04 -5.416483E-20
         1   6  6.266742E-03 -2.294352E-03 -2.839813E-03  8.388256E-04 -2.075927E-04 -3.108217E-19
         1   7  6.266742E-03 -6.152873E-04 -7.617187E-04 -8.402394E-04 -2.080261E-04 -8.125320E-20
         1   8  6.266742E-03 -2.294352E-03 -2.839813E-03 -8.388256E-04 -2.075927E-04  1.218630E-19
         2   1  8.096488E-03 -2.940519E-03 -3.459715E-03  4.411272E-05 -3.815550E-05 -2.699417E-19
         2   2  8.096488E-03 -3.028741E-03 -3.078087E-03  4.410881E-05 -3.817016E-05  8.799692E-19
         2   3  8.096488E-03 -2.940519E-03 -3.459715E-03 -4.411272E-05 -3.815550E-05 -1.483352E-19
         2   4  8.096488E-03 -3.028741E-03 -3.078087E-03 -4.410881E-05 -3.817016E-05  4.070703E-19
         2   5  8.096488E-03 -2.940519E-03 -3.459715E-03  4.411272E-05  3.815550E-05 -2.699982E-19
         2   6  8.096488E-03 -3.028741E-03 -3.078087E-03  4.410881E-05  3.817016E-05  9.661016E-19
         2   7  8.096488E-03 -2.940519E-03 -3.459715E-03 -4.411272E-05  3.815550E-05 -4.029078E-20
         2   8  8.096488E-03 -3.028741E-03 -3.078087E-03 -4.410881E-05  3.817016E-05  5.810265E-19
         3   1  7.965298E-03 -3.054182E-03 -2.961777E-03 -9.353996E-06  6.396273E-06  7.059086E-19
         3   2  7.965298E-03 -3.035474E-03 -3.025738E-03 -9.354172E-06  6.395861E-06 -9.035153E-20
         3   3  7.965298E-03 -3.054182E-03 -2.961777E-03  9.353996E-06  6.396273E-06  3.951552E-19
         3   4  7.965298E-03 -3.035474E-03 -3.025738E-03  9.354172E-06  6.395861E-06  2.280588E-20
         3   5  7.965298E-03 -3.054182E-03 -2.961777E-03 -9.353996E-06 -6.396273E-06  8.781807E-19
         3   6  7.965298E-03 -3.035474E-03 -3.025738E-03 -9.354172E-06 -6.395861E-06  2.094310E-19
         3   7  7.965298E-03 -3.054182E-03 -2.961777E-03  9.353996E-06 -6.396273E-06 -4.019559E-23
         3   8  7.965298E-03 -3.035474E-03 -3.025738E-03  9.354172E-06 -6.395861E-06  6.688161E-19
         4   1  7.985252E-03 -3.029784E-03 -3.045246E-03  1.580752E-06 -1.066090E-06 -4.728918E-20
         4   2  7.985252E-03 -3.032945E-03 -3.034585E-03  1.580747E-06 -1.066101E-06  2.879654E-19
         4   3  7.985252E-03 -3.029784E-03 -3.045246E-03 -1.580752E-06 -1.066090E-06  8.174406E-19
         4   4  7.985252E-03 -3.032945E-03 -3.034585E-03 -1.580747E-06 -1.066101E-06 -1.747987E-19
         4   5  7.985252E-03 -3.029784E-03 -3.045246E-03  1.580752E-06  1.066090E-06 -1.216007E-19
         4   6  7.985252E-03 -3.032945E-03 -3.034585E-03  1.580747E-06  1.066101E-06  1.688969E-19
         4   7  7.985252E-03 -3.029784E-03 -3.045246E-03 -1.580752E-06  1.066090E-06  3.242754E-19
         4   8  7.985252E-03 -3.032945E-03 -3.034585E-03 -1.580747E-06  1.066101E-06 -4.864041E-19
         5   1  7.981949E-03 -3.033909E-03 -3.031333E-03 -2.635945E-07  1.776279E-07  2.533311E-19
         5   2  7.981949E-03 -3.033382E-03 -3.033109E-03 -2.635947E-07  1.776276E-07 -1.013333E-20
         5   3  7.981949E-03 -3.033909E-03 -3.031333E-03  2.635945E-07  1.776279E-07  3.714958E-20
         5   4  7.981949E-03 -3.033382E-03 -3.033109E-03  2.635947E-07  1.776276E-07 -3.158277E-19
         5   5  7.981949E-03 -3.033909E-03 -3.031333E-03 -2.635945E-07 -1.776279E-07 -1.756547E-19
         5   6  7.981949E-03 -3.033382E-03 -3.033109E-03 -2.635947E-07 -1.776276E-07 -6.080093E-20
         5   7  7.981949E-03 -3.033909E-03 -3.031333E-03  2.635945E-07 -1.776279E-07 -1.756547E-19
         5   8  7.981949E-03 -3.033382E-03 -3.033109E-03  2.635947E-07 -1.776276E-07 -1.486247E-19
         6   1  7.982499E-03 -3.033221E-03 -3.033651E-03  4.392614E-08 -2.959849E-08 -4.120966E-19
         6   2  7.982499E-03 -3.033309E-03 -3.033355E-03  4.392613E-08 -2.959850E-08  6.392562E-19
         6   3  7.982499E-03 -3.033221E-03 -3.033651E-03 -4.392614E-08 -2.959849E-08  4.391189E-19
         6   4  7.982499E-03 -3.033309E-03 -3.033355E-03 -4.392613E-08 -2.959850E-08 -4.036516E-19
         6   5  7.982499E-03 -3.033221E-03 -3.033651E-03  4.392614E-08  2.959849E-08 -8.106834E-20
         6   6  7.982499E-03 -3.033309E-03 -3.033355E-03  4.392613E-08  2.959850E-08  7.769045E-20
         6   7  7.982499E-03 -3.033221E-03 -3.033651E-03 -4.392614E-08  2.959849E-08 -3.918296E-19
         6   8  7.982499E-03 -3.033309E-03 -3.033355E-03 -4.392613E-08  2.959850E-08  2.567159E-19
         7   1  7.982407E-03 -3.033336E-03 -3.033265E-03 -7.351501E-09  4.953608E-09  6.586782E-19
         7   2  7.982407E-03 -3.033321E-03 -3.033314E-03 -7.351501E-09  4.953608E-09 -8.512154E-19
         7   3  7.982407E-03 -3.033336E-03 -3.033265E-03  7.351501E-09  4.953608E-09  2.364447E-20
         7   4  7.982407E-03 -3.033321E-03 -3.033314E-03  7.351501E-09  4.953608E-09 -4.712086E-19
         7   5  7.982407E-03 -3.033336E-03 -3.033265E-03 -7.351501E-09 -4.953608E-09 -6.755717E-20
         7   6  7.982407E-03 -3.033321E-03 -3.033314E-03 -7.351501E-09 -4.953608E-09 -6.823235E-19
         7   7  7.982407E-03 -3.033336E-03 -3.033265E-03  7.351501E-09 -4.953608E-09  1.486245E-19
         7   8  7.982407E-03 -3.033321E-03 -3.033314E-03  7.351501E-09 -4.953608E-09  2.972498E-19
         8   1  7.982422E-03 -3.033317E-03 -3.033329E-03  1.422336E-09 -9.584016E-10 -9.694397E-19
         8   2  7.982422E-03 -3.033320E-03 -3.033319E-03  1.422336E-09 -9.584016E-10 -6.679676E-19
         8   3  7.982422E-03 -3.033317E-03 -3.033329E-03 -1.422336E-09 -9.584016E-10  6.384116E-19
         8   4  7.982422E-03 -3.033320E-03 -3.033319E-03 -1.422336E-09 -9.584016E-10  2.273286E-18
         8   5  7.982422E-03 -3.033317E-03 -3.033329E-03  1.422336E-09  9.584016E-10 -8.512153E-19
         8   6  7.982422E-03 -3.033320E-03 -3.033319E-03  1.422336E-09  9.584016E-10 -1.361269E-18
         8   7  7.982422E-03 -3.033317E-03 -3.033329E-03 -1.422336E-09  9.584016E-10  6.620565E-19
         8   8  7.982422E-03 -3.033320E-03 -3.033319E-03 -1.422336E-09  9.584016E-10  2.499601E-18

                                INCREMENT    10


 forces (fx,fy,fz) for set RIGHT and time  0.8750000E+00

        33  2.843043E+01 -3.267544E-16  9.628999E-15
        34  2.843043E+01 -5.225933E-15  4.196436E-14
        35  2.843043E+01 -4.839239E-15 -4.201546E-14
        36  2.843043E+01  1.263883E-14 -2.640918E-14

 displacements (vx,vy,vz) for set RIGHT and time  0.8750000E+00

        33  1.750000E-01  8.580688E-03  1.716135E-03
        34  1.750000E-01 -8.580688E-03  1.716135E-03
        35  1.750000E-01 -8.580688E-03 -1.716135E-03
        36  1.750000E-01  8.580688E-03 -1.716135E-03

 stresses (elem, integ.pnt.,sxx,syy,szz,sxy,sxz,syz) for set ALL and time  0.8750000E+00

         1   1  2.891914E+01  1.449355E+01  1.418430E+01  1.775239E+00  4.396617E-01  1.633213E-03
         1   2  1.671147E+01 -1.009100E+00 -2.124230E+00  1.752998E+00  4.337637E-01  1.622455E-03
         1   3  2.891914E+01  1.449355E+01  1.418430E+01 -1.775239E+00  4.396617E-01 -1.633213E-03
         1   4  1.671147E+01 -1.009100E+00 -2.124230E+00 -1.752998E+00  4.337637E-01 -1.622455E-03
         1   5  2.891914E+01  1.449355E+01  1.418430E+01  1.775239E+00 -4.396617E-01 -1.633213E-03
         1   6  1.671147E+01 -1.009100E+00 -2.124230E+00  1.752998E+00 -4.337637E-01 -1.622455E-03
         1   7  2.891914E+01  1.449355E+01  1.418430E+01 -1.775239E+00 -4.396617E-01  1.633213E-03
         1   8  1.671147E+01 -1.009100E+00 -2.124230E+00 -1.752998E+00 -4.337637E-01  1.622455E-03
         2   1  2.242649E+01 -5.164395E-01 -1.570498E+00  9.322184E-02 -8.037977E-02 -1.581135E-05
         2   2  2.338566E+01  2.470001E-01  1.463495E-01  9.326854E-02 -8.050418E-02 -1.581954E-05
         2   3  2.242649E+01 -5.164395E-01 -1.570498E+00 -9.322184E-02 -8.037977E-02  1.581135E-05
         2   4  2.338566E+01  2.470001E-01  1.463495E-01 -9.326854E-02 -8.050418E-02  1.581954E-05
         2   5  2.242649E+01 -5.164395E-01 -1.570498E+00  9.322184E-02  8.037977E-02  1.581135E-05
         2   6  2.338566E+01  2.470001E-01  1.463495E-01  9.326854E-02  8.050418E-02  1.581954E-05
         2   7  2.242649E+01 -5.164395E-01 -1.570498E+00 -9.322184E-02  8.037977E-02 -1.581135E-05
         2   8  2.338566E+01  2.470001E-01  1.463495E-01 -9.326854E-02  8.050418E-02 -1.581954E-05
         3   1  2.297461E+01  6.580161E-02  2.533560E-01 -1.965283E-02  1.348033E-02 -5.586135E-07
         3   2  2.282648E+01 -4.198500E-02 -2.221467E-02 -1.965153E-02  1.347696E-02 -5.585688E-07
         3   3  2.297461E+01  6.580161E-02  2.533560E-01  1.965283E-02  1.348033E-02  5.586135E-07
         3   4  2.282648E+01 -4.198500E-02 -2.221467E-02  1.965153E-02  1.347696E-02  5.585688E-07
         3   5  2.297461E+01  6.580161E-02  2.533560E-01 -1.965283E-02 -1.348033E-02  5.586135E-07
         3   6  2.282648E+01 -4.198500E-02 -2.221467E-02 -1.965153E-02 -1.347696E-02  5.585688E-07
         3   7  2.297461E+01  6.580161E-02  2.533560E-01  1.965283E-02 -1.348033E-02 -5.586135E-07
         3   8  2.282648E+01 -4.198500E-02 -2.221467E-02  1.965153E-02 -1.347696E-02 -5.585688E-07
         4   1  2.288913E+01 -1.074273E-02 -4.210577E-02  3.318544E-03 -2.245984E-03 -1.571773E-08
         4   2  2.291368E+01  7.002696E-03  3.675640E-03  3.318580E-03 -2.246077E-03 -1.571794E-08
         4   3  2.288913E+01 -1.074273E-02 -4.210577E-02 -3.318544E-03 -2.245984E-03  1.571774E-08
         4   4  2.291368E+01  7.002696E-03  3.675640E-03 -3.318580E-03 -2.246077E-03  1.571794E-08
         4   5  2.288913E+01 -1.074273E-02 -4.210577E-02  3.318544E-03  2.245984E-03  1.571773E-08
         4   6  2.291368E+01  7.002696E-03  3.675640E-03  3.318580E-03  2.246077E-03  1.571794E-08
         4   7  2.288913E+01 -1.074273E-02 -4.210577E-02 -3.318544E-03  2.245984E-03 -1.571773E-08
         4   8  2.291368E+01  7.002696E-03  3.675640E-03 -3.318580E-03  2.246077E-03 -1.571794E-08
         5   1  2.290331E+01  1.787278E-03  7.012857E-03 -5.532074E-04  3.741349E-04 -4.364581E-10
         5   2  2.289922E+01 -1.166541E-03 -6.120728E-04 -5.532064E-04  3.741323E-04 -4.364584E-10
         5   3  2.290331E+01  1.787278E-03  7.012857E-03  5.532074E-04  3.741349E-04  4.364609E-10
         5   4  2.289922E+01 -1.166541E-03 -6.120728E-04  5.532064E-04  3.741323E-04  4.364586E-10
         5   5  2.290331E+01  1.787278E-03  7.012857E-03 -5.532074E-04 -3.741349E-04  4.364589E-10
         5   6  2.289922E+01 -1.166541E-03 -6.120728E-04 -5.532064E-04 -3.741323E-04  4.364580E-10
         5   7  2.290331E+01  1.787278E-03  7.012857E-03  5.532074E-04 -3.741349E-04 -4.364579E-10
         5   8  2.289922E+01 -1.166541E-03 -6.120728E-04  5.532064E-04 -3.741323E-04 -4.364577E-10
         6   1  2.290095E+01 -2.977067E-04 -1.168138E-03  9.216563E-05 -6.232774E-05 -1.211271E-11
         6   2  2.290163E+01  1.943504E-04  1.020957E-04  9.216566E-05 -6.232781E-05 -1.211242E-11
         6   3  2.290095E+01 -2.977067E-04 -1.168138E-03 -9.216563E-05 -6.232774E-05  1.211557E-11
         6   4  2.290163E+01  1.943504E-04  1.020957E-04 -9.216566E-05 -6.232781E-05  1.211343E-11
         6   5  2.290095E+01 -2.977067E-04 -1.168138E-03  9.216563E-05  6.232774E-05  1.211345E-11
         6   6  2.290163E+01  1.943504E-04  1.020957E-04  9.216566E-05  6.232781E-05  1.211476E-11
         6   7  2.290095E+01 -2.977067E-04 -1.168138E-03 -9.216563E-05  6.232774E-05 -1.211393E-11
         6   8  2.290163E+01  1.943504E-04  1.020957E-04 -9.216566E-05  6.232781E-05 -1.211373E-11
         7   1  2.290134E+01  4.973463E-05  1.946545E-04 -1.542114E-05  1.042866E-05 -3.389054E-13
         7   2  2.290123E+01 -3.259600E-05 -1.788052E-05 -1.542114E-05  1.042866E-05 -3.399754E-13
         7   3  2.290134E+01  4.973463E-05  1.946545E-04  1.542114E-05  1.042866E-05  3.385659E-13
         7   4  2.290123E+01 -3.259600E-05 -1.788052E-05  1.542114E-05  1.042866E-05  3.378263E-13
         7   5  2.290134E+01  4.973463E-05  1.946545E-04 -1.542114E-05 -1.042866E-05  3.393783E-13
         7   6  2.290123E+01 -3.259600E-05 -1.788052E-05 -1.542114E-05 -1.042866E-05  3.394086E-13
         7   7  2.290134E+01  4.973463E-05  1.946545E-04  1.542114E-05 -1.042866E-05 -3.392813E-13
         7   8  2.290123E+01 -3.259600E-05 -1.788052E-05  1.542114E-05 -1.042866E-05 -3.397784E-13
         8   1  2.290127E+01 -9.157485E-06 -3.288191E-05  2.982809E-06 -2.017145E-06 -1.313050E-14
         8   2  2.290129E+01  6.767168E-06  8.227286E-06  2.982809E-06 -2.017145E-06 -1.093893E-14
         8   3  2.290127E+01 -9.157485E-06 -3.288191E-05 -2.982809E-06 -2.017145E-06  1.304562E-14
         8   4  2.290129E+01  6.767167E-06  8.227285E-06 -2.982809E-06 -2.017145E-06  1.584950E-14
         8   5  2.290127E+01 -9.157485E-06 -3.288191E-05  2.982809E-06  2.017145E-06  1.220294E-14
         8   6  2.290129E+01  6.767167E-06  8.227285E-06  2.982809E-06  2.017145E-06  1.367612E-14
         8   7  2.290127E+01 -9.157485E-06 -3.288191E-05 -2.982809E-06  2.017145E-06 -1.375493E-14
         8   8  2.290129E+01  6.767167E-06  8.227285E-06 -2.982809E-06  2.017145E-06 -9.159603E-15

 strains (elem, integ.pnt.,exx,eyy,ezz,exy,exz,eyz) for set ALL and time  0.8750000E+00

         1   1  7.080067E-03 -6.949626E-04 -8.607896E-04  9.490065E-04  2.350708E-04 -1.675816E-19
         1   2  7.080067E-03 -2.591172E-03 -3.208730E-03  9.472028E-04  2.345173E-04 -9.595398E-19
         1   3  7.080067E-03 -6.949626E-04 -8.607896E-04 -9.490065E-04  2.350708E-04  2.202188E-20
         1   4  7.080067E-03 -2.591172E-03 -3.208730E-03 -9.472028E-04  2.345173E-04  1.218493E-19
         1   5  7.080067E-03 -6.949626E-04 -8.607896E-04  9.490065E-04 -2.350708E-04 -8.802456E-20
         1   6  7.080067E-03 -2.591172E-03 -3.208730E-03  9.472028E-04 -2.345173E-04 -7.839232E-19
         1   7  7.080067E-03 -6.949626E-04 -8.607896E-04 -9.490065E-04 -2.350708E-04  7.449270E-20
         1   8  7.080067E-03 -2.591172E-03 -3.208730E-03 -9.472028E-04 -2.345173E-04  2.974660E-19
         2   1  9.145596E-03 -3.320956E-03 -3.908779E-03  5.003013E-05 -4.316240E-05 -6.887917E-19
         2   2  9.145596E-03 -3.421011E-03 -3.477061E-03  5.002510E-05 -4.318118E-05  1.130857E-19
         2   3  9.145596E-03 -3.320956E-03 -3.908779E-03 -5.003013E-05 -4.316240E-05 -1.484939E-19
         2   4  9.145596E-03 -3.421011E-03 -3.477061E-03 -5.002510E-05 -4.318118E-05  5.857994E-19
         2   5  9.145596E-03 -3.320956E-03 -3.908779E-03  5.003013E-05  4.316240E-05 -5.673607E-19
         2   6  9.145596E-03 -3.421011E-03 -3.477061E-03  5.002510E-05  4.318118E-05  1.755372E-19
         2   7  9.145596E-03 -3.320956E-03 -3.908779E-03 -5.003013E-05  4.316240E-05  8.099670E-20
         2   8  9.145596E-03 -3.421011E-03 -3.477061E-03 -5.002510E-05  4.318118E-05  5.604587E-19
         3   1  8.997422E-03 -3.449911E-03 -3.345472E-03 -1.054685E-05  7.233603E-06  1.655530E-19
         3   2  8.997422E-03 -3.428817E-03 -3.417805E-03 -1.054707E-05  7.233076E-06 -1.341953E-19
         3   3  8.997422E-03 -3.449911E-03 -3.345472E-03  1.054685E-05  7.233603E-06  5.943584E-19
         3   4  8.997422E-03 -3.428817E-03 -3.417805E-03  1.054707E-05  7.233076E-06  1.653659E-18
         3   5  8.997422E-03 -3.449911E-03 -3.345472E-03 -1.054685E-05 -7.233603E-06  3.377687E-19
         3   6  8.997422E-03 -3.428817E-03 -3.417805E-03 -1.054707E-05 -7.233076E-06  3.106571E-19
         3   7  8.997422E-03 -3.449911E-03 -3.345472E-03  1.054685E-05 -7.233603E-06  1.229147E-18
         3   8  8.997422E-03 -3.428817E-03 -3.417805E-03  1.054707E-05 -7.233076E-06  7.968723E-19
         4   1  9.020004E-03 -3.422400E-03 -3.439868E-03  1.780922E-06 -1.205345E-06  3.038507E-19
         4   2  9.020004E-03 -3.425961E-03 -3.427814E-03  1.780916E-06 -1.205359E-06  4.220315E-20
         4   3  9.020004E-03 -3.422400E-03 -3.439868E-03 -1.780922E-06 -1.205345E-06  1.168239E-18
         4   4  9.020004E-03 -3.425961E-03 -3.427814E-03 -1.780916E-06 -1.205359E-06  9.454180E-19
         4   5  9.020004E-03 -3.422400E-03 -3.439868E-03  1.780922E-06  1.205345E-06 -4.457322E-19
         4   6  9.020004E-03 -3.425961E-03 -3.427814E-03  1.780916E-06  1.205359E-06  6.246507E-19
         4   7  9.020004E-03 -3.422400E-03 -3.439868E-03 -1.780922E-06  1.205345E-06  9.453927E-19
         4   8  9.020004E-03 -3.425961E-03 -3.427814E-03 -1.780916E-06  1.205359E-06  5.503675E-19
         5   1  9.016265E-03 -3.427048E-03 -3.424137E-03 -2.968830E-07  2.007819E-07  5.672576E-19
         5   2  9.016265E-03 -3.426454E-03 -3.426145E-03 -2.968832E-07  2.007814E-07 -1.671361E-19
         5   3  9.016265E-03 -3.427048E-03 -3.424137E-03  2.968830E-07  2.007819E-07  9.994496E-19
         5   4  9.016265E-03 -3.426454E-03 -3.426145E-03  2.968832E-07  2.007814E-07  2.515503E-19
         5   5  9.016265E-03 -3.427048E-03 -3.424137E-03 -2.968830E-07 -2.007819E-07 -9.453754E-20
         5   6  9.016265E-03 -3.426454E-03 -3.426145E-03 -2.968832E-07 -2.007814E-07 -7.428234E-20
         5   7  9.016265E-03 -3.427048E-03 -3.424137E-03  2.968830E-07 -2.007819E-07  6.617986E-19
         5   8  9.016265E-03 -3.426454E-03 -3.426145E-03  2.968832E-07 -2.007814E-07  2.464854E-19
         6   1  9.016888E-03 -3.426273E-03 -3.426758E-03  4.946140E-08 -3.344868E-08  5.875104E-19
         6   2  9.016888E-03 -3.426372E-03 -3.426423E-03  4.946140E-08 -3.344869E-08  7.512719E-19
         6   3  9.016888E-03 -3.426273E-03 -3.426758E-03 -4.946140E-08 -3.344868E-08  1.006197E-18
         6   4  9.016888E-03 -3.426372E-03 -3.426423E-03 -4.946140E-08 -3.344869E-08 -1.907724E-19
         6   5  9.016888E-03 -3.426273E-03 -3.426758E-03  4.946140E-08  3.344868E-08 -1.755792E-19
         6   6  9.016888E-03 -3.426372E-03 -3.426423E-03  4.946140E-08  3.344869E-08  5.503699E-19
         6   7  9.016888E-03 -3.426273E-03 -3.426758E-03 -4.946140E-08  3.344868E-08 -9.454310E-20
         6   8  9.016888E-03 -3.426372E-03 -3.426423E-03 -4.946140E-08  3.344869E-08  2.363549E-20
         7   1  9.016784E-03 -3.426402E-03 -3.426321E-03 -8.275877E-09  5.596621E-09  1.283070E-19
         7   2  9.016784E-03 -3.426385E-03 -3.426377E-03 -8.275877E-09  5.596620E-09 -4.676457E-19
         7   3  9.016784E-03 -3.426402E-03 -3.426321E-03  8.275877E-09  5.596621E-09 -3.173913E-19
         7   4  9.016784E-03 -3.426385E-03 -3.426377E-03  8.275877E-09  5.596620E-09 -7.293246E-19
         7   5  9.016784E-03 -3.426402E-03 -3.426321E-03 -8.275877E-09 -5.596621E-09  1.350601E-19
         7   6  9.016784E-03 -3.426385E-03 -3.426377E-03 -8.275877E-09 -5.596620E-09  1.519426E-19
         7   7  9.016784E-03 -3.426402E-03 -3.426321E-03  8.275877E-09 -5.596621E-09 -8.103611E-20
         7   8  9.016784E-03 -3.426385E-03 -3.426377E-03  8.275877E-09 -5.596620E-09 -3.579093E-19
         8   1  9.016801E-03 -3.426381E-03 -3.426394E-03  1.600748E-09 -1.082517E-09 -2.464847E-19
         8   2  9.016801E-03 -3.426384E-03 -3.426383E-03  1.600748E-09 -1.082517E-09  9.741211E-19
         8   3  9.016801E-03 -3.426381E-03 -3.426394E-03 -1.600748E-09 -1.082517E-09  1.992137E-19
         8   4  9.016801E-03 -3.426384E-03 -3.426383E-03 -1.600748E-09 -1.082517E-09  1.760846E-18
         8   5  9.016801E-03 -3.426381E-03 -3.426394E-03  1.600748E-09  1.082517E-09 -2.701202E-19
         8   6  9.016801E-03 -3.426384E-03 -3.426383E-03  1.600748E-09  1.082517E-09  5.503700E-19
         8   7  9.016801E-03 -3.426381E-03 -3.426394E-03 -1.600748E-09  1.082517E-09 -5.942645E-19
         8   8  9.016801E-03 -3.426384E-03 -3.426383E-03 -1.600748E-09  1.082517E-09  1.965125E-18

                                INCREMENT    11


 forces (fx,fy,fz) for set RIGHT and time  0.9750000E+00

        33  3.172726E+01 -2.954574E-15 -3.278050E-14
        34  3.172726E+01  3.981539E-15 -2.999891E-14
        35  3.172726E+01  4.419508E-15  2.714727E-14
        36  3.172726E+01 -3.066285E-15  2.926030E-14

 displacements (vx,vy,vz) for set RIGHT and time  0.9750000E+00

        33  1.950000E-01  9.567885E-03  1.913574E-03
        34  1.950000E-01 -9.567885E-03  1.913574E-03
        35  1.950000E-01 -9.567885E-03 -1.913574E-03
        36  1.950000E-01  9.567885E-03 -1.913574E-03

 stresses (elem, integ.pnt.,sxx,syy,szz,sxy,sxz,syz) for set ALL and time  0.9750000E+00

         1   1  3.227717E+01  1.614918E+01  1.580241E+01  1.986051E+00  4.921073E-01  2.032729E-03
         1   2  1.866313E+01 -1.119711E+00 -2.365273E+00  1.958427E+00  4.847762E-01  2.017836E-03
         1   3  3.227717E+01  1.614918E+01  1.580241E+01 -1.986051E+00  4.921073E-01 -2.032729E-03
         1   4  1.866313E+01 -1.119711E+00 -2.365273E+00 -1.958427E+00  4.847762E-01 -2.017836E-03
         1   5  3.227717E+01  1.614918E+01  1.580241E+01  1.986051E+00 -4.921073E-01 -2.032729E-03
         1   6  1.866313E+01 -1.119711E+00 -2.365273E+00  1.958427E+00 -4.847762E-01 -2.017836E-03
         1   7  3.227717E+01  1.614918E+01  1.580241E+01 -1.986051E+00 -4.921073E-01  2.032729E-03
         1   8  1.866313E+01 -1.119711E+00 -2.365273E+00 -1.958427E+00 -4.847762E-01  2.017836E-03
         2   1  2.504766E+01 -5.745958E-01 -1.751016E+00  1.046817E-01 -9.002294E-02 -1.978272E-05
         2   2  2.611871E+01  2.756070E-01  1.628894E-01  1.047399E-01 -9.017806E-02 -1.979414E-05
         2   3  2.504766E+01 -5.745958E-01 -1.751016E+00 -1.046817E-01 -9.002294E-02  1.978272E-05
         2   4  2.611871E+01  2.756070E-01  1.628894E-01 -1.047399E-01 -9.017806E-02  1.979414E-05
         2   5  2.504766E+01 -5.745958E-01 -1.751016E+00  1.046817E-01  9.002294E-02  1.978272E-05
         2   6  2.611871E+01  2.756070E-01  1.628894E-01  1.047399E-01  9.017806E-02  1.979414E-05
         2   7  2.504766E+01 -5.745958E-01 -1.751016E+00 -1.046817E-01  9.002294E-02 -1.978272E-05
         2   8  2.611871E+01  2.756070E-01  1.628894E-01 -1.047399E-01  9.017806E-02 -1.979414E-05
         3   1  2.565913E+01  7.368190E-02  2.826818E-01 -2.193967E-02  1.509449E-02 -6.946340E-07
         3   2  2.549346E+01 -4.682591E-02 -2.478176E-02 -2.193804E-02  1.509029E-02 -6.945720E-07
         3   3  2.565913E+01  7.368190E-02  2.826818E-01  2.193967E-02  1.509449E-02  6.946340E-07
         3   4  2.549346E+01 -4.682591E-02 -2.478176E-02  2.193804E-02  1.509029E-02  6.945720E-07
         3   5  2.565913E+01  7.368190E-02  2.826818E-01 -2.193967E-02 -1.509449E-02  6.946340E-07
         3   6  2.549346E+01 -4.682591E-02 -2.478176E-02 -2.193804E-02 -1.509029E-02  6.945720E-07
         3   7  2.565913E+01  7.368190E-02  2.826818E-01  2.193967E-02 -1.509449E-02 -6.946340E-07
         3   8  2.549346E+01 -4.682591E-02 -2.478176E-02  2.193804E-02 -1.509029E-02 -6.945720E-07
         4   1  2.556363E+01 -1.203827E-02 -4.697247E-02  3.701802E-03 -2.514254E-03 -1.952475E-08
         4   2  2.559109E+01  7.807951E-03  4.100513E-03  3.701847E-03 -2.514371E-03 -1.952504E-08
         4   3  2.556363E+01 -1.203827E-02 -4.697247E-02 -3.701802E-03 -2.514254E-03  1.952475E-08
         4   4  2.559109E+01  7.807951E-03  4.100513E-03 -3.701847E-03 -2.514371E-03  1.952504E-08
         4   5  2.556363E+01 -1.203827E-02 -4.697247E-02  3.701802E-03  2.514254E-03  1.952475E-08
         4   6  2.559109E+01  7.807951E-03  4.100513E-03  3.701847E-03  2.514371E-03  1.952504E-08
         4   7  2.556363E+01 -1.203827E-02 -4.697247E-02 -3.701802E-03  2.514254E-03 -1.952475E-08
         4   8  2.559109E+01  7.807951E-03  4.100513E-03 -3.701847E-03  2.514371E-03 -1.952504E-08
         5   1  2.557947E+01  2.002546E-03  7.821663E-03 -6.169111E-04  4.187240E-04 -5.418804E-10
         5   2  2.557490E+01 -1.300367E-03 -6.826859E-04 -6.169099E-04  4.187208E-04 -5.418795E-10
         5   3  2.557947E+01  2.002546E-03  7.821663E-03  6.169111E-04  4.187240E-04  5.418813E-10
         5   4  2.557490E+01 -1.300367E-03 -6.826859E-04  6.169099E-04  4.187208E-04  5.418818E-10
         5   5  2.557947E+01  2.002546E-03  7.821663E-03 -6.169111E-04 -4.187240E-04  5.418818E-10
         5   6  2.557490E+01 -1.300367E-03 -6.826859E-04 -6.169099E-04 -4.187208E-04  5.418818E-10
         5   7  2.557947E+01  2.002546E-03  7.821663E-03  6.169111E-04 -4.187240E-04 -5.418822E-10
         5   8  2.557490E+01 -1.300367E-03 -6.826859E-04  6.169099E-04 -4.187208E-04 -5.418797E-10
         6   1  2.557684E+01 -3.334865E-04 -1.302552E-03  1.027540E-04 -6.973927E-05 -1.503340E-11
         6   2  2.557760E+01  2.165950E-04  1.138470E-04  1.027540E-04 -6.973936E-05 -1.503182E-11
         6   3  2.557684E+01 -3.334865E-04 -1.302552E-03 -1.027540E-04 -6.973927E-05  1.503372E-11
         6   4  2.557760E+01  2.165950E-04  1.138470E-04 -1.027540E-04 -6.973936E-05  1.503390E-11
         6   5  2.557684E+01 -3.334865E-04 -1.302552E-03  1.027540E-04  6.973927E-05  1.503273E-11
         6   6  2.557760E+01  2.165950E-04  1.138470E-04  1.027540E-04  6.973936E-05  1.503348E-11
         6   7  2.557684E+01 -3.334865E-04 -1.302552E-03 -1.027540E-04  6.973927E-05 -1.503072E-11
         6   8  2.557760E+01  2.165950E-04  1.138470E-04 -1.027540E-04  6.973936E-05 -1.502997E-11
         7   1  2.557728E+01  5.569782E-05  2.170010E-04 -1.718863E-05  1.166594E-05 -4.204881E-13
         7   2  2.557715E+01 -3.631926E-05 -1.993314E-05 -1.718863E-05  1.166594E-05 -4.212297E-13
         7   3  2.557728E+01  5.569782E-05  2.170010E-04  1.718863E-05  1.166594E-05  4.221348E-13
         7   4  2.557715E+01 -3.631926E-05 -1.993314E-05  1.718863E-05  1.166594E-05  4.214658E-13
         7   5  2.557728E+01  5.569782E-05  2.170010E-04 -1.718863E-05 -1.166594E-05  4.213235E-13
         7   6  2.557715E+01 -3.631926E-05 -1.993314E-05 -1.718863E-05 -1.166594E-05  4.195800E-13
         7   7  2.557728E+01  5.569782E-05  2.170010E-04  1.718863E-05 -1.166594E-05 -4.195800E-13
         7   8  2.557715E+01 -3.631926E-05 -1.993314E-05  1.718863E-05 -1.166594E-05 -4.196768E-13
         8   1  2.557720E+01 -1.024783E-05 -3.664798E-05  3.323789E-06 -2.255858E-06 -1.568054E-14
         8   2  2.557723E+01  7.545629E-06  9.168280E-06  3.323789E-06 -2.255858E-06 -1.529007E-14
         8   3  2.557720E+01 -1.024783E-05 -3.664798E-05 -3.323789E-06 -2.255858E-06  1.807788E-14
         8   4  2.557723E+01  7.545629E-06  9.168280E-06 -3.323789E-06 -2.255858E-06  1.722731E-14
         8   5  2.557720E+01 -1.024783E-05 -3.664798E-05  3.323789E-06  2.255858E-06  1.439712E-14
         8   6  2.557723E+01  7.545629E-06  9.168280E-06  3.323789E-06  2.255858E-06  1.514780E-14
         8   7  2.557720E+01 -1.024783E-05 -3.664798E-05 -3.323789E-06  2.255858E-06 -1.531731E-14
         8   8  2.557723E+01  7.545629E-06  9.168280E-06 -3.323789E-06  2.255858E-06 -1.420340E-14

 strains (elem, integ.pnt.,exx,eyy,ezz,exy,exz,eyz) for set ALL and time  0.9750000E+00

         1   1  7.894466E-03 -7.747022E-04 -9.600407E-04  1.057853E-03  2.621620E-04 -3.214628E-20
         1   2  7.894466E-03 -2.888166E-03 -3.578217E-03  1.055611E-03  2.614734E-04 -3.105908E-19
         1   3  7.894466E-03 -7.747022E-04 -9.600407E-04 -1.057853E-03  2.621620E-04  2.202182E-20
         1   4  7.894466E-03 -2.888166E-03 -3.578217E-03 -1.055611E-03  2.614734E-04  1.218358E-19
         1   5  7.894466E-03 -7.747022E-04 -9.600407E-04  1.057853E-03 -2.621620E-04  2.032435E-20
         1   6  7.894466E-03 -2.888166E-03 -3.578217E-03  1.055611E-03 -2.614734E-04 -2.430710E-19
         1   7  7.894466E-03 -7.747022E-04 -9.600407E-04 -1.057853E-03 -2.621620E-04 -6.092779E-20
         1   8  7.894466E-03 -2.888166E-03 -3.578217E-03 -1.055611E-03 -2.614734E-04  2.163634E-19
         2   1  1.019571E-02 -3.701622E-03 -4.358449E-03  5.599994E-05 -4.818835E-05 -2.226399E-19
         2   2  1.019571E-02 -3.813616E-03 -3.876448E-03  5.599362E-05 -4.821178E-05 -1.255587E-18
         2   3  1.019571E-02 -3.701622E-03 -4.358449E-03 -5.599994E-05 -4.818835E-05  2.094326E-19
         2   4  1.019571E-02 -3.813616E-03 -3.876448E-03 -5.599362E-05 -4.821178E-05  1.889916E-19
         2   5  1.019571E-02 -3.701622E-03 -4.358449E-03  5.599994E-05  4.818835E-05 -7.290688E-19
         2   6  1.019571E-02 -3.813616E-03 -3.876448E-03  5.599362E-05  4.821178E-05 -6.413131E-19
         2   7  1.019571E-02 -3.701622E-03 -4.358449E-03 -5.599994E-05  4.818835E-05  3.511126E-19
         2   8  1.019571E-02 -3.813616E-03 -3.876448E-03 -5.599362E-05  4.821178E-05 -9.453342E-20
         3   1  1.003054E-02 -3.846014E-03 -3.729517E-03 -1.173623E-05  8.073631E-06 -5.331598E-19
         3   2  1.003054E-02 -3.822541E-03 -3.810250E-03 -1.173651E-05  8.072974E-06  1.940953E-19
         3   3  1.003054E-02 -3.846014E-03 -3.729517E-03  1.173623E-05  8.073631E-06 -4.251573E-19
         3   4  1.003054E-02 -3.822541E-03 -3.810250E-03  1.173651E-05  8.072974E-06 -4.623726E-19
         3   5  1.003054E-02 -3.846014E-03 -3.729517E-03 -1.173623E-05 -8.073631E-06 -8.639053E-19
         3   6  1.003054E-02 -3.822541E-03 -3.810250E-03 -1.173651E-05 -8.072974E-06  2.632858E-19
         3   7  1.003054E-02 -3.846014E-03 -3.729517E-03  1.173623E-05 -8.073631E-06 -7.288991E-19
         3   8  1.003054E-02 -3.822541E-03 -3.810250E-03  1.173651E-05 -8.072974E-06 -3.372790E-20
         4   1  1.005576E-02 -3.815399E-03 -3.834876E-03  1.980212E-06 -1.344980E-06  5.399758E-19
         4   2  1.005576E-02 -3.819359E-03 -3.821426E-03  1.980204E-06 -1.344998E-06  7.729052E-19
         4   3  1.005576E-02 -3.815399E-03 -3.834876E-03 -1.980212E-06 -1.344980E-06 -3.240703E-19
         4   4  1.005576E-02 -3.819359E-03 -3.821426E-03 -1.980204E-06 -1.344998E-06 -1.687663E-19
         4   5  1.005576E-02 -3.815399E-03 -3.834876E-03  1.980212E-06  1.344980E-06  7.964908E-19
         4   6  1.005576E-02 -3.819359E-03 -3.821426E-03  1.980204E-06  1.344998E-06  2.227533E-19
         4   7  1.005576E-02 -3.815399E-03 -3.834876E-03 -1.980212E-06  1.344980E-06 -4.050730E-19
         4   8  1.005576E-02 -3.819359E-03 -3.821426E-03 -1.980204E-06  1.344998E-06  4.590149E-19
         5   1  1.005159E-02 -3.820567E-03 -3.817323E-03 -3.300055E-07  2.239882E-07  6.818034E-19
         5   2  1.005159E-02 -3.819907E-03 -3.819563E-03 -3.300057E-07  2.239877E-07  4.354004E-19
         5   3  1.005159E-02 -3.820567E-03 -3.817323E-03  3.300055E-07  2.239882E-07 -1.822382E-19
         5   4  1.005159E-02 -3.819907E-03 -3.819563E-03  3.300057E-07  2.239877E-07  8.539208E-19
         5   5  1.005159E-02 -3.820567E-03 -3.817323E-03 -3.300055E-07 -2.239882E-07  1.080253E-19
         5   6  1.005159E-02 -3.819907E-03 -3.819563E-03 -3.300057E-07 -2.239877E-07  8.572959E-19
         5   7  1.005159E-02 -3.820567E-03 -3.817323E-03  3.300055E-07 -2.239882E-07 -3.239955E-19
         5   8  1.005159E-02 -3.819907E-03 -3.819563E-03  3.300057E-07 -2.239877E-07  3.172696E-19
         6   1  1.005228E-02 -3.819706E-03 -3.820246E-03  5.496639E-08 -3.730578E-08 -4.995319E-19
         6   2  1.005228E-02 -3.819816E-03 -3.819873E-03  5.496638E-08 -3.730580E-08  3.898308E-19
         6   3  1.005228E-02 -3.819706E-03 -3.820246E-03 -5.496639E-08 -3.730578E-08  6.750256E-19
         6   4  1.005228E-02 -3.819816E-03 -3.819873E-03 -5.496638E-08 -3.730580E-08  7.712245E-19
         6   5  1.005228E-02 -3.819706E-03 -3.820246E-03  5.496639E-08  3.730578E-08  1.214986E-19
         6   6  1.005228E-02 -3.819816E-03 -3.819873E-03  5.496638E-08  3.730580E-08  5.400257E-19
         6   7  1.005228E-02 -3.819706E-03 -3.820246E-03 -5.496639E-08  3.730578E-08  9.990416E-19
         6   8  1.005228E-02 -3.819816E-03 -3.819873E-03 -5.496638E-08  3.730580E-08  1.417569E-18
         7   1  1.005216E-02 -3.819849E-03 -3.819759E-03 -9.194748E-09  6.240485E-09  8.775514E-20
         7   2  1.005216E-02 -3.819831E-03 -3.819822E-03 -9.194748E-09  6.240484E-09 -3.257034E-19
         7   3  1.005216E-02 -3.819849E-03 -3.819759E-03  9.194748E-09  6.240485E-09  8.302914E-19
         7   4  1.005216E-02 -3.819831E-03 -3.819822E-03  9.194748E-09  6.240484E-09  4.573349E-19
         7   5  1.005216E-02 -3.819849E-03 -3.819759E-03 -9.194748E-09 -6.240485E-09  3.780193E-19
         7   6  1.005216E-02 -3.819831E-03 -3.819822E-03 -9.194748E-09 -6.240484E-09 -5.940290E-19
         7   7  1.005216E-02 -3.819849E-03 -3.819759E-03  9.194748E-09 -6.240485E-09  5.940298E-19
         7   8  1.005216E-02 -3.819831E-03 -3.819822E-03  9.194748E-09 -6.240484E-09  5.400264E-19
         8   1  1.005218E-02 -3.819825E-03 -3.819840E-03  1.778001E-09 -1.206731E-09  2.700130E-20
         8   2  1.005218E-02 -3.819829E-03 -3.819828E-03  1.778001E-09 -1.206731E-09  2.446995E-19
         8   3  1.005218E-02 -3.819825E-03 -3.819840E-03 -1.778001E-09 -1.206731E-09  1.309564E-18
         8   4  1.005218E-02 -3.819829E-03 -3.819828E-03 -1.778001E-09 -1.206731E-09  8.353533E-19
         8   5  1.005218E-02 -3.819825E-03 -3.819840E-03  1.778001E-09  1.206731E-09 -7.425363E-19
         8   6  1.005218E-02 -3.819829E-03 -3.819828E-03  1.778001E-09  1.206731E-09 -3.240158E-19
         8   7  1.005218E-02 -3.819825E-03 -3.819840E-03 -1.778001E-09  1.206731E-09  2.295112E-19
         8   8  1.005218E-02 -3.819829E-03 -3.819828E-03 -1.778001E-09  1.206731E-09  8.505416E-19

                                INCREMENT    12


 forces (fx,fy,fz) for set RIGHT and time  0.1000000E+01

        33  3.255300E+01 -1.669779E-15  2.550132E-14
        34  3.255300E+01  4.703762E-15  3.318602E-15
        35  3.255300E+01 -5.378319E-15  1.157553E-14
        36  3.255300E+01  5.135607E-15 -7.191714E-15

 displacements (vx,vy,vz) for set RIGHT and time  0.1000000E+01

        33  2.000000E-01  9.814895E-03  1.962976E-03
        34  2.000000E-01 -9.814895E-03  1.962976E-03
        35  2.000000E-01 -9.814895E-03 -1.962976E-03
        36  2.000000E-01  9.814895E-03 -1.962976E-03

 stresses (elem, integ.pnt.,sxx,syy,szz,sxy,sxz,syz) for set ALL and time  0.1000000E+01

         1   1  3.311838E+01  1.656305E+01  1.620684E+01  2.039011E+00  5.052902E-01  2.139593E-03
         1   2  1.915240E+01 -1.147213E+00 -2.425479E+00  2.009949E+00  4.975762E-01  2.123522E-03
         1   3  3.311838E+01  1.656305E+01  1.620684E+01 -2.039011E+00  5.052902E-01 -2.139593E-03
         1   4  1.915240E+01 -1.147213E+00 -2.425479E+00 -2.009949E+00  4.975762E-01 -2.123522E-03
         1   5  3.311838E+01  1.656305E+01  1.620684E+01  2.039011E+00 -5.052902E-01 -2.139593E-03
         1   6  1.915240E+01 -1.147213E+00 -2.425479E+00  2.009949E+00 -4.975762E-01 -2.123522E-03
         1   7  3.311838E+01  1.656305E+01  1.620684E+01 -2.039011E+00 -5.052902E-01  2.139593E-03
         1   8  1.915240E+01 -1.147213E+00 -2.425479E+00 -2.009949E+00 -4.975762E-01  2.123522E-03
         2   1  2.570484E+01 -5.891057E-01 -1.796177E+00  1.075735E-01 -9.244869E-02 -2.085007E-05
         2   2  2.680393E+01  2.827711E-01  1.670182E-01  1.076347E-01 -9.261204E-02 -2.086241E-05
         2   3  2.570484E+01 -5.891057E-01 -1.796177E+00 -1.075735E-01 -9.244869E-02  2.085007E-05
         2   4  2.680393E+01  2.827711E-01  1.670182E-01 -1.076347E-01 -9.261204E-02  2.086241E-05
         2   5  2.570484E+01 -5.891057E-01 -1.796177E+00  1.075735E-01  9.244869E-02  2.085007E-05
         2   6  2.680393E+01  2.827711E-01  1.670182E-01  1.076347E-01  9.261204E-02  2.086241E-05
         2   7  2.570484E+01 -5.891057E-01 -1.796177E+00 -1.075735E-01  9.244869E-02 -2.085007E-05
         2   8  2.680393E+01  2.827711E-01  1.670182E-01 -1.076347E-01  9.261204E-02 -2.086241E-05
         3   1  2.633217E+01  7.566359E-02  2.900249E-01 -2.251262E-02  1.550042E-02 -7.309840E-07
         3   2  2.616209E+01 -4.803743E-02 -2.542442E-02 -2.251091E-02  1.549600E-02 -7.309171E-07
         3   3  2.633217E+01  7.566359E-02  2.900249E-01  2.251262E-02  1.550042E-02  7.309840E-07
         3   4  2.616209E+01 -4.803743E-02 -2.542442E-02  2.251091E-02  1.549600E-02  7.309171E-07
         3   5  2.633217E+01  7.566359E-02  2.900249E-01 -2.251262E-02 -1.550042E-02  7.309840E-07
         3   6  2.616209E+01 -4.803743E-02 -2.542442E-02 -2.251091E-02 -1.549600E-02  7.309171E-07
         3   7  2.633217E+01  7.566359E-02  2.900249E-01  2.251262E-02 -1.550042E-02 -7.309840E-07
         3   8  2.616209E+01 -4.803743E-02 -2.542442E-02  2.251091E-02 -1.549600E-02 -7.309171E-07
         4   1  2.623416E+01 -1.236429E-02 -4.819084E-02  3.797739E-03 -2.581699E-03 -2.054121E-08
         4   2  2.626235E+01  8.009411E-03  4.206879E-03  3.797786E-03 -2.581821E-03 -2.054152E-08
         4   3  2.623416E+01 -1.236429E-02 -4.819084E-02 -3.797739E-03 -2.581699E-03  2.054121E-08
         4   4  2.626235E+01  8.009411E-03  4.206879E-03 -3.797786E-03 -2.581821E-03  2.054152E-08
         4   5  2.623416E+01 -1.236429E-02 -4.819084E-02  3.797739E-03  2.581699E-03  2.054121E-08
         4   6  2.626235E+01  8.009411E-03  4.206879E-03  3.797786E-03  2.581821E-03  2.054152E-08
         4   7  2.623416E+01 -1.236429E-02 -4.819084E-02 -3.797739E-03  2.581699E-03 -2.054120E-08
         4   8  2.626235E+01  8.009411E-03  4.206879E-03 -3.797786E-03  2.581821E-03 -2.054152E-08
         5   1  2.625042E+01  2.056709E-03  8.024090E-03 -6.328517E-04  4.299308E-04 -5.700173E-10
         5   2  2.624572E+01 -1.333838E-03 -7.003592E-04 -6.328504E-04  4.299275E-04 -5.700142E-10
         5   3  2.625042E+01  2.056709E-03  8.024090E-03  6.328517E-04  4.299308E-04  5.700161E-10
         5   4  2.624572E+01 -1.333838E-03 -7.003592E-04  6.328504E-04  4.299275E-04  5.700133E-10
         5   5  2.625042E+01  2.056709E-03  8.024090E-03 -6.328517E-04 -4.299308E-04  5.700130E-10
         5   6  2.624572E+01 -1.333838E-03 -7.003592E-04 -6.328504E-04 -4.299275E-04  5.700139E-10
         5   7  2.625042E+01  2.056709E-03  8.024090E-03  6.328517E-04 -4.299308E-04 -5.700140E-10
         5   8  2.624572E+01 -1.333838E-03 -7.003592E-04  6.328504E-04 -4.299275E-04 -5.700149E-10
         6   1  2.624771E+01 -3.424866E-04 -1.336183E-03  1.054027E-04 -7.160152E-05 -1.581069E-11
         6   2  2.624849E+01  2.221569E-04  1.167873E-04  1.054028E-04 -7.160161E-05 -1.581039E-11
         6   3  2.624771E+01 -3.424866E-04 -1.336183E-03 -1.054027E-04 -7.160152E-05  1.581035E-11
         6   4  2.624849E+01  2.221569E-04  1.167873E-04 -1.054028E-04 -7.160161E-05  1.581220E-11
         6   5  2.624771E+01 -3.424866E-04 -1.336183E-03  1.054027E-04  7.160152E-05  1.581055E-11
         6   6  2.624849E+01  2.221569E-04  1.167873E-04  1.054028E-04  7.160161E-05  1.581119E-11
         6   7  2.624771E+01 -3.424866E-04 -1.336183E-03 -1.054027E-04  7.160152E-05 -1.581127E-11
         6   8  2.624849E+01  2.221569E-04  1.167873E-04 -1.054028E-04  7.160161E-05 -1.581197E-11
         7   1  2.624816E+01  5.719736E-05  2.225907E-04 -1.763065E-05  1.197674E-05 -4.436857E-13
         7   2  2.624803E+01 -3.724997E-05 -2.044656E-05 -1.763065E-05  1.197674E-05 -4.418429E-13
         7   3  2.624816E+01  5.719736E-05  2.225907E-04  1.763065E-05  1.197674E-05  4.431531E-13
         7   4  2.624803E+01 -3.724997E-05 -2.044656E-05  1.763065E-05  1.197674E-05  4.420547E-13
         7   5  2.624816E+01  5.719736E-05  2.225907E-04 -1.763065E-05 -1.197674E-05  4.404419E-13
         7   6  2.624803E+01 -3.724997E-05 -2.044656E-05 -1.763065E-05 -1.197674E-05  4.403572E-13
         7   7  2.624816E+01  5.719736E-05  2.225907E-04  1.763065E-05 -1.197674E-05 -4.419912E-13
         7   8  2.624803E+01 -3.724997E-05 -2.044656E-05  1.763065E-05 -1.197674E-05 -4.437219E-13
         8   1  2.624808E+01 -1.052178E-05 -3.758972E-05  3.409034E-06 -2.315802E-06 -1.629734E-14
         8   2  2.624811E+01  7.740396E-06  9.403543E-06  3.409034E-06 -2.315802E-06 -1.611276E-14
         8   3  2.624808E+01 -1.052178E-05 -3.758972E-05 -3.409034E-06 -2.315802E-06  1.620051E-14
         8   4  2.624811E+01  7.740396E-06  9.403543E-06 -3.409034E-06 -2.315802E-06  1.835190E-14
         8   5  2.624808E+01 -1.052178E-05 -3.758972E-05  3.409034E-06  2.315802E-06  1.668465E-14
         8   6  2.624811E+01  7.740395E-06  9.403543E-06  3.409034E-06  2.315802E-06  1.652730E-14
         8   7  2.624808E+01 -1.052178E-05 -3.758972E-05 -3.409034E-06  2.315802E-06 -1.774976E-14
         8   8  2.624811E+01  7.740396E-06  9.403543E-06 -3.409034E-06  2.315802E-06 -1.410661E-14

 strains (elem, integ.pnt.,exx,eyy,ezz,exy,exz,eyz) for set ALL and time  0.1000000E+01

         1   1  8.098233E-03 -7.946471E-04 -9.848816E-04  1.085077E-03  2.689420E-04 -1.774126E-19
         1   2  8.098233E-03 -2.962442E-03 -3.670678E-03  1.082718E-03  2.682173E-04 -5.562783E-19
         1   3  8.098233E-03 -7.946471E-04 -9.848816E-04 -1.085077E-03  2.689420E-04  1.475894E-19
         1   4  8.098233E-03 -2.962442E-03 -3.670678E-03 -1.082718E-03  2.682173E-04  2.004116E-19
         1   5  8.098233E-03 -7.946471E-04 -9.848816E-04  1.085077E-03 -2.689420E-04 -1.621759E-19
         1   6  8.098233E-03 -2.962442E-03 -3.670678E-03  1.082718E-03 -2.682173E-04 -5.900350E-19
         1   7  8.098233E-03 -7.946471E-04 -9.848816E-04 -1.085077E-03 -2.689420E-04  1.357427E-19
         1   8  8.098233E-03 -2.962442E-03 -3.670678E-03 -1.082718E-03 -2.682173E-04  1.666548E-19
         2   1  1.045839E-02 -3.796824E-03 -4.470961E-03  5.750061E-05 -4.944781E-05 -7.695399E-19
         2   2  1.045839E-02 -3.911819E-03 -3.976360E-03  5.749395E-05 -4.947249E-05 -1.694266E-19
         2   3  1.045839E-02 -3.796824E-03 -4.470961E-03 -5.750061E-05 -4.944781E-05 -1.348544E-20
         2   4  1.045839E-02 -3.911819E-03 -3.976360E-03 -5.749395E-05 -4.947249E-05 -2.909222E-19
         2   5  1.045839E-02 -3.796824E-03 -4.470961E-03  5.750061E-05  4.944781E-05 -3.981485E-19
         2   6  1.045839E-02 -3.911819E-03 -3.976360E-03  5.749395E-05  4.947249E-05 -4.849512E-19
         2   7  1.045839E-02 -3.796824E-03 -4.470961E-03 -5.750061E-05  4.944781E-05 -1.821329E-19
         2   8  1.045839E-02 -3.911819E-03 -3.976360E-03 -5.749395E-05  4.947249E-05 -1.018177E-18
         3   1  1.028897E-02 -3.945098E-03 -3.825583E-03 -1.203303E-05  8.284057E-06  4.504060E-20
         3   2  1.028897E-02 -3.921031E-03 -3.908421E-03 -1.203332E-05  8.283366E-06 -2.550633E-19
         3   3  1.028897E-02 -3.945098E-03 -3.825583E-03  1.203303E-05  8.284057E-06 -6.029092E-19
         3   4  1.028897E-02 -3.921031E-03 -3.908421E-03  1.203332E-05  8.283366E-06  1.819763E-19
         3   5  1.028897E-02 -3.945098E-03 -3.825583E-03 -1.203303E-05 -8.284057E-06 -3.397260E-19
         3   6  1.028897E-02 -3.921031E-03 -3.908421E-03 -1.203332E-05 -8.283366E-06 -2.432524E-19
         3   7  1.028897E-02 -3.945098E-03 -3.825583E-03  1.203303E-05 -8.284057E-06 -1.419642E-18
         3   8  1.028897E-02 -3.921031E-03 -3.908421E-03  1.203332E-05 -8.283366E-06  5.127075E-19
         4   1  1.031486E-02 -3.913708E-03 -3.933688E-03  2.029896E-06 -1.379948E-06 -3.100033E-19
         4   2  1.031486E-02 -3.917768E-03 -3.919889E-03  2.029888E-06 -1.379967E-06 -3.526055E-19
         4   3  1.031486E-02 -3.913708E-03 -3.933688E-03 -2.029896E-06 -1.379948E-06  2.299720E-19
         4   4  1.031486E-02 -3.917768E-03 -3.919889E-03 -2.029888E-06 -1.379967E-06  8.673962E-19
         4   5  1.031486E-02 -3.913708E-03 -3.933688E-03  2.029896E-06  1.379948E-06 -1.345127E-19
         4   6  1.031486E-02 -3.917768E-03 -3.919889E-03  2.029888E-06  1.379967E-06 -5.669077E-19
         4   7  1.031486E-02 -3.913708E-03 -3.933688E-03 -2.029896E-06  1.379948E-06  7.564460E-19
         4   8  1.031486E-02 -3.917768E-03 -3.919889E-03 -2.029888E-06  1.379967E-06  6.142834E-19
         5   1  1.031057E-02 -3.919007E-03 -3.915679E-03 -3.382601E-07  2.297979E-07 -1.221796E-18
         5   2  1.031057E-02 -3.918330E-03 -3.917977E-03 -3.382604E-07  2.297974E-07 -2.632482E-19
         5   3  1.031057E-02 -3.919007E-03 -3.915679E-03  3.382601E-07  2.297979E-07  5.061157E-19
         5   4  1.031057E-02 -3.918330E-03 -3.917977E-03  3.382604E-07  2.297974E-07 -2.092509E-19
         5   5  1.031057E-02 -3.919007E-03 -3.915679E-03 -3.382601E-07 -2.297979E-07 -1.188047E-18
         5   6  1.031057E-02 -3.918330E-03 -3.917977E-03 -3.382604E-07 -2.297974E-07  1.349817E-19
         5   7  1.031057E-02 -3.919007E-03 -3.915679E-03  3.382601E-07 -2.297979E-07  6.478589E-19
         5   8  1.031057E-02 -3.918330E-03 -3.917977E-03  3.382604E-07 -2.297974E-07 -6.749774E-19
         6   1  1.031129E-02 -3.918124E-03 -3.918678E-03  5.633791E-08 -3.827113E-08  2.160075E-19
         6   2  1.031129E-02 -3.918236E-03 -3.918295E-03  5.633790E-08 -3.827115E-08  3.864201E-19
         6   3  1.031129E-02 -3.918124E-03 -3.918678E-03 -5.633791E-08 -3.827113E-08 -4.049613E-19
         6   4  1.031129E-02 -3.918236E-03 -3.918295E-03 -5.633790E-08 -3.827115E-08  6.192834E-19
         6   5  1.031129E-02 -3.918124E-03 -3.918678E-03  5.633791E-08  3.827113E-08 -2.969667E-19
         6   6  1.031129E-02 -3.918236E-03 -3.918295E-03  5.633790E-08  3.827115E-08  6.074901E-20
         6   7  1.031129E-02 -3.918124E-03 -3.918678E-03 -5.633791E-08  3.827113E-08 -1.079762E-19
         6   8  1.031129E-02 -3.918236E-03 -3.918295E-03 -5.633790E-08  3.827115E-08 -4.927231E-19
         7   1  1.031117E-02 -3.918271E-03 -3.918178E-03 -9.423607E-09  6.401583E-09 -7.289668E-19
         7   2  1.031117E-02 -3.918252E-03 -3.918242E-03 -9.423607E-09  6.401583E-09  2.986720E-19
         7   3  1.031117E-02 -3.918271E-03 -3.918178E-03  9.423607E-09  6.401583E-09  4.319747E-19
         7   4  1.031117E-02 -3.918252E-03 -3.918242E-03  9.423607E-09  6.401583E-09 -1.805538E-19
         7   5  1.031117E-02 -3.918271E-03 -3.918178E-03 -9.423607E-09 -6.401583E-09 -1.079949E-18
         7   6  1.031117E-02 -3.918252E-03 -3.918242E-03 -9.423607E-09 -6.401583E-09 -1.127194E-18
         7   7  1.031117E-02 -3.918271E-03 -3.918178E-03  9.423607E-09 -6.401583E-09  2.159856E-19
         7   8  1.031117E-02 -3.918252E-03 -3.918242E-03  9.423607E-09 -6.401583E-09 -7.492127E-19
         8   1  1.031119E-02 -3.918246E-03 -3.918261E-03  1.822134E-09 -1.237799E-09  1.349939E-19
         8   2  1.031119E-02 -3.918250E-03 -3.918249E-03  1.822134E-09 -1.237799E-09  2.379255E-19
         8   3  1.031119E-02 -3.918246E-03 -3.918261E-03 -1.822134E-09 -1.237799E-09 -1.889898E-19
         8   4  1.031119E-02 -3.918250E-03 -3.918249E-03 -1.822134E-09 -1.237799E-09  1.010762E-18
         8   5  1.031119E-02 -3.918246E-03 -3.918261E-03  1.822134E-09  1.237799E-09  8.099661E-20
         8   6  1.031119E-02 -3.918250E-03 -3.918249E-03  1.822134E-09  1.237799E-09 -6.749694E-21
         8   7  1.031119E-02 -3.918246E-03 -3.918261E-03 -1.822134E-09  1.237799E-09 -6.749653E-19
         8   8  1.031119E-02 -3.918250E-03 -3.918249E-03 -1.822134E-09  1.237799E-09  1.356682E-18
