
                        S T E P       1


                                INCREMENT     1


 forces (fx,fy,fz) for set RIGHT and time  0.5000000E-01

        65  1.901255E+00 -1.441276E-11 -7.206241E-11
        66  1.901255E+00  1.441279E-11 -7.206391E-11
        67  1.901255E+00  1.441263E-11  7.206423E-11
        68  1.901255E+00 -1.441268E-11  7.206204E-11

 displacements (vx,vy,vz) for set RIGHT and time  0.5000000E-01

        65  1.000000E-02  4.561117E-04  9.122234E-05
        66  1.000000E-02 -4.561117E-04  9.122234E-05
        67  1.000000E-02 -4.561117E-04 -9.122234E-05
        68  1.000000E-02  4.561117E-04 -9.122234E-05

 stresses (elem, integ.pnt.,sxx,syy,szz,sxy,sxz,syz) for set ALL and time  0.5000000E-01

         1   1  1.825039E+00  8.635301E-01  8.204623E-01  1.778415E-01  5.910274E-02  1.900491E-05
         1   2  1.217468E+00  7.876779E-02 -8.168457E-02  1.777532E-01  5.906710E-02  1.899968E-05
         1   3  1.825039E+00  8.635301E-01  8.204623E-01 -1.778415E-01  5.910274E-02 -1.900491E-05
         1   4  1.217468E+00  7.876779E-02 -8.168457E-02 -1.777532E-01  5.906710E-02 -1.899968E-05
         1   5  1.825039E+00  8.635301E-01  8.204623E-01  1.778415E-01 -5.910274E-02 -1.900491E-05
         1   6  1.217468E+00  7.876779E-02 -8.168457E-02  1.777532E-01 -5.906710E-02 -1.899968E-05
         1   7  1.825039E+00  8.635301E-01  8.204623E-01 -1.778415E-01 -5.910274E-02  1.900491E-05
         1   8  1.217468E+00  7.876779E-02 -8.168457E-02 -1.777532E-01 -5.906710E-02  1.899968E-05
         2   1  1.507430E+00  6.776719E-02 -9.546958E-02  4.391722E-02 -1.318206E-02 -1.047098E-06
         2   2  1.535680E+00  5.216420E-02 -1.472324E-03  4.391616E-02 -1.318305E-02 -1.047111E-06
         2   3  1.507430E+00  6.776719E-02 -9.546958E-02 -4.391722E-02 -1.318206E-02  1.047098E-06
         2   4  1.535680E+00  5.216420E-02 -1.472324E-03 -4.391616E-02 -1.318305E-02  1.047111E-06
         2   5  1.507430E+00  6.776719E-02 -9.546958E-02  4.391722E-02  1.318206E-02  1.047098E-06
         2   6  1.535680E+00  5.216420E-02 -1.472324E-03  4.391616E-02  1.318305E-02  1.047111E-06
         2   7  1.507430E+00  6.776719E-02 -9.546958E-02 -4.391722E-02  1.318206E-02 -1.047098E-06
         2   8  1.535680E+00  5.216420E-02 -1.472324E-03 -4.391616E-02  1.318305E-02 -1.047111E-06
         3   1  1.530176E+00  3.167974E-02  1.947858E-02  8.515374E-03  9.839013E-04  1.515346E-08
         3   2  1.512924E+00  5.944127E-03 -2.668371E-03  8.515227E-03  9.838875E-04  1.515334E-08
         3   3  1.530176E+00  3.167974E-02  1.947858E-02 -8.515374E-03  9.839013E-04 -1.515346E-08
         3   4  1.512924E+00  5.944127E-03 -2.668371E-03 -8.515227E-03  9.838875E-04 -1.515334E-08
         3   5  1.530176E+00  3.167974E-02  1.947858E-02  8.515374E-03 -9.839013E-04 -1.515346E-08
         3   6  1.512924E+00  5.944127E-03 -2.668371E-03  8.515227E-03 -9.838875E-04 -1.515334E-08
         3   7  1.530176E+00  3.167974E-02  1.947858E-02 -8.515374E-03 -9.839013E-04  1.515346E-08
         3   8  1.512924E+00  5.944127E-03 -2.668371E-03 -8.515227E-03 -9.838875E-04  1.515334E-08
         4   1  1.521687E+00  4.238280E-03 -1.710597E-03  1.948234E-03 -3.495507E-04 -1.231719E-09
         4   2  1.521430E+00  2.036841E-03 -2.236726E-04  1.948231E-03 -3.495512E-04 -1.231719E-09
         4   3  1.521687E+00  4.238280E-03 -1.710597E-03 -1.948234E-03 -3.495507E-04  1.231719E-09
         4   4  1.521430E+00  2.036841E-03 -2.236726E-04 -1.948231E-03 -3.495512E-04  1.231719E-09
         4   5  1.521687E+00  4.238280E-03 -1.710597E-03  1.948234E-03  3.495507E-04  1.231719E-09
         4   6  1.521430E+00  2.036841E-03 -2.236726E-04  1.948231E-03  3.495512E-04  1.231719E-09
         4   7  1.521687E+00  4.238280E-03 -1.710597E-03 -1.948234E-03  3.495507E-04 -1.231719E-09
         4   8  1.521430E+00  2.036841E-03 -2.236726E-04 -1.948231E-03  3.495512E-04 -1.231719E-09
         5   1  1.521839E+00  1.278821E-03  4.994161E-04  3.975110E-04  7.737063E-06  5.562834E-12
         5   2  1.521279E+00  3.224651E-04 -9.885489E-05  3.975107E-04  7.737061E-06  5.562765E-12
         5   3  1.521839E+00  1.278821E-03  4.994161E-04 -3.975110E-04  7.737063E-06 -5.562708E-12
         5   4  1.521279E+00  3.224651E-04 -9.885489E-05 -3.975107E-04  7.737061E-06 -5.562676E-12
         5   5  1.521839E+00  1.278821E-03  4.994161E-04  3.975110E-04 -7.737063E-06 -5.562590E-12
         5   6  1.521279E+00  3.224651E-04 -9.885489E-05  3.975107E-04 -7.737061E-06 -5.562681E-12
         5   7  1.521839E+00  1.278821E-03  4.994161E-04 -3.975110E-04 -7.737063E-06  5.562638E-12
         5   8  1.521279E+00  3.224651E-04 -9.885489E-05 -3.975107E-04 -7.737061E-06  5.562639E-12
         6   1  1.521582E+00  2.183969E-04 -2.065015E-05  8.774192E-05 -1.048822E-05 -1.664314E-12
         6   2  1.521536E+00  8.554303E-05 -1.361040E-05  8.774191E-05 -1.048822E-05 -1.664359E-12
         6   3  1.521582E+00  2.183969E-04 -2.065015E-05 -8.774192E-05 -1.048822E-05  1.664499E-12
         6   4  1.521536E+00  8.554303E-05 -1.361040E-05 -8.774191E-05 -1.048822E-05  1.664481E-12
         6   5  1.521582E+00  2.183969E-04 -2.065015E-05  8.774192E-05  1.048822E-05  1.664482E-12
         6   6  1.521536E+00  8.554303E-05 -1.361040E-05  8.774191E-05  1.048822E-05  1.664553E-12
         6   7  1.521582E+00  2.183969E-04 -2.065015E-05 -8.774192E-05  1.048822E-05 -1.664359E-12
         6   8  1.521536E+00  8.554303E-05 -1.361040E-05 -8.774191E-05  1.048822E-05 -1.664385E-12
         7   1  1.521569E+00  5.476729E-05  1.434715E-05  1.834357E-05 -4.535437E-07 -1.495130E-14
         7   2  1.521549E+00  1.583532E-05 -4.016087E-06  1.834357E-05 -4.535437E-07 -1.509075E-14
         7   3  1.521569E+00  5.476729E-05  1.434715E-05 -1.834357E-05 -4.535437E-07  1.509694E-14
         7   4  1.521549E+00  1.583532E-05 -4.016087E-06 -1.834357E-05 -4.535437E-07  1.488443E-14
         7   5  1.521569E+00  5.476729E-05  1.434715E-05  1.834357E-05  4.535437E-07  1.507546E-14
         7   6  1.521549E+00  1.583532E-05 -4.016087E-06  1.834357E-05  4.535437E-07  1.493122E-14
         7   7  1.521569E+00  5.476729E-05  1.434715E-05 -1.834357E-05  4.535437E-07 -1.504932E-14
         7   8  1.521549E+00  1.583532E-05 -4.016087E-06 -1.834357E-05  4.535437E-07 -1.526358E-14
         8   1  1.521560E+00  1.051426E-05  3.036088E-07  3.980917E-06 -3.602698E-07 -2.666359E-15
         8   2  1.521558E+00  3.745042E-06 -6.952776E-07  3.980917E-06 -3.602697E-07 -2.495047E-15
         8   3  1.521560E+00  1.051426E-05  3.036088E-07 -3.980917E-06 -3.602698E-07  2.432030E-15
         8   4  1.521558E+00  3.745042E-06 -6.952776E-07 -3.980917E-06 -3.602698E-07  2.542076E-15
         8   5  1.521560E+00  1.051426E-05  3.036088E-07  3.980917E-06  3.602698E-07  2.523054E-15
         8   6  1.521558E+00  3.745042E-06 -6.952776E-07  3.980917E-06  3.602698E-07  2.587938E-15
         8   7  1.521560E+00  1.051426E-05  3.036088E-07 -3.980917E-06  3.602698E-07 -2.709771E-15
         8   8  1.521558E+00  3.745042E-06 -6.952776E-07 -3.980917E-06  3.602698E-07 -2.591206E-15
         9   1  1.521559E+00  2.422696E-06  4.718095E-07  8.419624E-07 -3.822017E-08  3.375501E-17
         9   2  1.521559E+00  7.473779E-07 -1.725783E-07  8.419624E-07 -3.822017E-08  2.290210E-17
         9   3  1.521559E+00  2.422696E-06  4.718095E-07 -8.419624E-07 -3.822017E-08  4.606643E-17
         9   4  1.521559E+00  7.473779E-07 -1.725783E-07 -8.419624E-07 -3.822017E-08  9.076177E-17
         9   5  1.521559E+00  2.422696E-06  4.718095E-07  8.419624E-07  3.822017E-08  1.048822E-16
         9   6  1.521559E+00  7.473779E-07 -1.725783E-07  8.419624E-07  3.822017E-08  2.192463E-16
         9   7  1.521559E+00  2.422696E-06  4.718095E-07 -8.419624E-07  3.822017E-08 -1.152381E-17
         9   8  1.521559E+00  7.473779E-07 -1.725783E-07 -8.419624E-07  3.822017E-08 -2.412719E-17
        10   1  1.521559E+00  4.920059E-07  4.095566E-08  1.812620E-07 -1.388003E-08  1.354871E-16
        10   2  1.521559E+00  1.675928E-07 -3.331290E-08  1.812620E-07 -1.388003E-08 -7.246872E-17
        10   3  1.521559E+00  4.920059E-07  4.095566E-08 -1.812620E-07 -1.388003E-08  2.508933E-17
        10   4  1.521559E+00  1.675928E-07 -3.331290E-08 -1.812620E-07 -1.388003E-08 -7.118653E-17
        10   5  1.521559E+00  4.920059E-07  4.095566E-08  1.812620E-07  1.388003E-08  1.035104E-16
        10   6  1.521559E+00  1.675928E-07 -3.331291E-08  1.812620E-07  1.388003E-08 -8.986492E-18
        10   7  1.521559E+00  4.920059E-07  4.095566E-08 -1.812620E-07  1.388002E-08  3.466005E-17
        10   8  1.521559E+00  1.675928E-07 -3.331290E-08 -1.812620E-07  1.388003E-08 -6.803420E-17
        11   1  1.521559E+00  1.089981E-07  1.761424E-08  3.854866E-08 -2.125518E-09 -1.548572E-18
        11   2  1.521559E+00  3.470465E-08 -7.604527E-09  3.854866E-08 -2.125516E-09  2.307471E-17
        11   3  1.521559E+00  1.089981E-07  1.761424E-08 -3.854866E-08 -2.125517E-09  1.508554E-17
        11   4  1.521559E+00  3.470464E-08 -7.604528E-09 -3.854866E-08 -2.125517E-09  1.229145E-16
        11   5  1.521559E+00  1.089981E-07  1.761424E-08  3.854866E-08  2.125517E-09  2.815572E-17
        11   6  1.521559E+00  3.470464E-08 -7.604530E-09  3.854866E-08  2.125519E-09  6.223154E-17
        11   7  1.521559E+00  1.089981E-07  1.761424E-08 -3.854866E-08  2.125518E-09 -1.881988E-17
        11   8  1.521559E+00  3.470464E-08 -7.604530E-09 -3.854866E-08  2.125516E-09  3.056006E-16
        12   1  1.521559E+00  2.277223E-08  2.501393E-09  8.267420E-09 -5.781517E-10 -5.742407E-17
        12   2  1.521559E+00  7.623307E-09 -1.512378E-09  8.267420E-09 -5.781551E-10 -3.055240E-16
        12   3  1.521559E+00  2.277223E-08  2.501394E-09 -8.267421E-09 -5.781542E-10  2.114654E-16
        12   4  1.521559E+00  7.623307E-09 -1.512377E-09 -8.267421E-09 -5.781518E-10 -4.468669E-17
        12   5  1.521559E+00  2.277222E-08  2.501391E-09  8.267421E-09  5.781542E-10  1.875813E-18
        12   6  1.521559E+00  7.623305E-09 -1.512380E-09  8.267421E-09  5.781510E-10 -1.960440E-16
        12   7  1.521559E+00  2.277223E-08  2.501393E-09 -8.267420E-09  5.781521E-10  3.043398E-16
        12   8  1.521559E+00  7.623305E-09 -1.512380E-09 -8.267420E-09  5.781543E-10  8.121317E-17
        13   1  1.521559E+00  4.985938E-09  7.622558E-10  1.762793E-09 -1.053258E-10 -3.533619E-16
        13   2  1.521559E+00  1.640713E-09 -2.982734E-10  1.762793E-09 -1.053252E-10 -2.177588E-16
        13   3  1.521559E+00  4.985938E-09  7.622563E-10 -1.762793E-09 -1.053257E-10 -8.448903E-17
        13   4  1.521559E+00  1.640713E-09 -2.982736E-10 -1.762793E-09 -1.053243E-10 -2.368936E-17
        13   5  1.521559E+00  4.985936E-09  7.622534E-10  1.762793E-09  1.053260E-10 -2.856764E-16
        13   6  1.521559E+00  1.640711E-09 -2.982759E-10  1.762793E-09  1.053252E-10 -1.535742E-16
        13   7  1.521559E+00  4.985936E-09  7.622544E-10 -1.762793E-09  1.053269E-10  4.294453E-17
        13   8  1.521559E+00  1.640712E-09 -2.982744E-10 -1.762793E-09  1.053271E-10 -2.987503E-17
        14   1  1.521559E+00  1.089896E-09  1.709538E-10  3.772192E-10 -2.518659E-11 -7.842108E-17
        14   2  1.521559E+00  3.910481E-10 -2.577609E-11  3.772191E-10 -2.518856E-11  1.342025E-17
        14   3  1.521559E+00  1.089897E-09  1.709555E-10 -3.772182E-10 -2.518785E-11  2.614037E-17
        14   4  1.521559E+00  3.910494E-10 -2.577431E-11 -3.772183E-10 -2.518785E-11  1.598763E-16
        14   5  1.521559E+00  1.089893E-09  1.709509E-10  3.772185E-10  2.518793E-11 -3.360901E-17
        14   6  1.521559E+00  3.910453E-10 -2.577909E-11  3.772185E-10  2.518847E-11  6.535106E-18
        14   7  1.521559E+00  1.089895E-09  1.709529E-10 -3.772188E-10  2.518646E-11 -5.601522E-18
        14   8  1.521559E+00  3.910470E-10 -2.577676E-11 -3.772189E-10  2.518743E-11  1.969862E-16
        15   1  1.521559E+00  2.716712E-10  7.679741E-11  7.978176E-11 -4.935461E-12 -1.633772E-17
        15   2  1.521559E+00  1.213766E-10  3.076513E-11  7.978131E-11 -4.940068E-12  5.169722E-17
        15   3  1.521559E+00  2.716684E-10  7.679486E-11 -7.978147E-11 -4.940365E-12  1.927851E-16
        15   4  1.521559E+00  1.213734E-10  3.076202E-11 -7.978203E-11 -4.938929E-12  1.494902E-16
        15   5  1.521559E+00  2.716661E-10  7.679230E-11  7.978150E-11  4.943092E-12  1.867168E-17
        15   6  1.521559E+00  1.213733E-10  3.076169E-11  7.978193E-11  4.936153E-12  1.633772E-17
        15   7  1.521559E+00  2.716685E-10  7.679497E-11 -7.978176E-11  4.938101E-12  2.277945E-16
        15   8  1.521559E+00  1.213737E-10  3.076224E-11 -7.978144E-11  4.939769E-12  1.759806E-16
        16   1  1.521559E+00  9.724291E-11  5.137486E-11  1.355179E-11 -8.921576E-13 -1.349029E-16
        16   2  1.521559E+00  7.205849E-11  4.417005E-11  1.355203E-11 -8.931149E-13 -1.290680E-16
        16   3  1.521559E+00  9.724513E-11  5.137730E-11 -1.355241E-11 -8.926005E-13  1.339693E-16
        16   4  1.521559E+00  7.206149E-11  4.417349E-11 -1.355207E-11 -8.930791E-13 -1.723630E-16
        16   5  1.521559E+00  9.724302E-11  5.137508E-11  1.355239E-11  8.917350E-13 -1.008271E-16
        16   6  1.521559E+00  7.205871E-11  4.416994E-11  1.355191E-11  8.923932E-13 -1.764474E-16
        16   7  1.521559E+00  9.724402E-11  5.137608E-11 -1.355175E-11  8.933794E-13  1.531078E-16
        16   8  1.521559E+00  7.205782E-11  4.416983E-11 -1.355192E-11  8.933794E-13  2.427319E-17

 strains (elem, integ.pnt.,exx,eyy,ezz,exy,exz,eyz) for set ALL and time  0.5000000E-01

         1   1  4.058985E-04 -2.945978E-05 -4.895382E-05  8.048442E-05  2.674821E-05  4.552480E-21
         1   2  4.058985E-04 -1.099410E-04 -1.826859E-04  8.047794E-05  2.674463E-05  5.502490E-21
         1   3  4.058985E-04 -2.945978E-05 -4.895382E-05 -8.048442E-05  2.674821E-05 -1.408170E-20
         1   4  4.058985E-04 -1.099410E-04 -1.826859E-04 -8.047794E-05  2.674463E-05 -4.531390E-20
         1   5  4.058985E-04 -2.945978E-05 -4.895382E-05  8.048442E-05 -2.674821E-05  5.928874E-21
         1   6  4.058985E-04 -1.099410E-04 -1.826859E-04  8.047794E-05 -2.674463E-05  4.232172E-21
         1   7  4.058985E-04 -2.945978E-05 -4.895382E-05 -8.048442E-05 -2.674821E-05 -1.439932E-20
         1   8  4.058985E-04 -1.099410E-04 -1.826859E-04 -8.047794E-05 -2.674463E-05 -4.658422E-20
         2   1  5.053664E-04 -1.466732E-04 -2.207108E-04  1.987759E-05 -5.966839E-06  2.243816E-20
         2   2  5.053664E-04 -1.665506E-04 -1.908761E-04  1.987720E-05 -5.967017E-06  3.291989E-20
         2   3  5.053664E-04 -1.466732E-04 -2.207108E-04 -1.987759E-05 -5.966839E-06 -5.463060E-20
         2   4  5.053664E-04 -1.665506E-04 -1.908761E-04 -1.987720E-05 -5.967017E-06 -3.229076E-20
         2   5  5.053664E-04 -1.466732E-04 -2.207108E-04  1.987759E-05  5.966839E-06  1.947420E-20
         2   6  5.053664E-04 -1.665506E-04 -1.908761E-04  1.987720E-05  5.967017E-06  1.058334E-20
         2   7  5.053664E-04 -1.466732E-04 -2.207108E-04 -1.987759E-05  5.966839E-06 -5.928825E-20
         2   8  5.053664E-04 -1.665506E-04 -1.908761E-04 -1.987720E-05  5.967017E-06 -5.335701E-20
         3   1  5.034785E-04 -1.752369E-04 -1.807707E-04  3.854260E-06  4.453395E-07  5.187071E-20
         3   2  5.034785E-04 -1.790912E-04 -1.829974E-04  3.854245E-06  4.453386E-07  6.515594E-20
         3   3  5.034785E-04 -1.752369E-04 -1.807707E-04 -3.854260E-06  4.453395E-07 -1.609177E-20
         3   4  5.034785E-04 -1.790912E-04 -1.829974E-04 -3.854245E-06  4.453386E-07 -1.789136E-20
         3   5  5.034785E-04 -1.752369E-04 -1.807707E-04  3.854260E-06 -4.453395E-07  4.657775E-20
         3   6  5.034785E-04 -1.790912E-04 -1.829974E-04  3.854245E-06 -4.453386E-07  4.911821E-20
         3   7  5.034785E-04 -1.752369E-04 -1.807707E-04 -3.854260E-06 -4.453395E-07 -5.589527E-20
         3   8  5.034785E-04 -1.790912E-04 -1.829974E-04 -3.854245E-06 -4.453386E-07 -4.742625E-20
         4   1  5.064841E-04 -1.808247E-04 -1.835229E-04  8.818214E-07 -1.582162E-07  4.509562E-20
         4   2  5.064841E-04 -1.817065E-04 -1.827318E-04  8.818206E-07 -1.582163E-07  4.604881E-20
         4   3  5.064841E-04 -1.808247E-04 -1.835229E-04 -8.818214E-07 -1.582162E-07 -2.942980E-20
         4   4  5.064841E-04 -1.817065E-04 -1.827318E-04 -8.818206E-07 -1.582163E-07 -2.276011E-20
         4   5  5.064841E-04 -1.808247E-04 -1.835229E-04  8.818214E-07  1.582162E-07  5.335277E-20
         4   6  5.064841E-04 -1.817065E-04 -1.827318E-04  8.818206E-07  1.582163E-07  3.916794E-20
         4   7  5.064841E-04 -1.808247E-04 -1.835229E-04 -8.818214E-07  1.582162E-07 -2.794769E-20
         4   8  5.064841E-04 -1.817065E-04 -1.827318E-04 -8.818206E-07  1.582163E-07 -2.667691E-20
         5   1  5.066244E-04 -1.820951E-04 -1.824486E-04  1.799240E-07  3.502000E-09  6.245724E-20
         5   2  5.066244E-04 -1.822751E-04 -1.824661E-04  1.799239E-07  3.502000E-09  3.186379E-20
         5   3  5.066244E-04 -1.820951E-04 -1.824486E-04 -1.799240E-07  3.502000E-09 -5.293057E-21
         5   4  5.066244E-04 -1.822751E-04 -1.824661E-04 -1.799239E-07  3.502000E-09  8.468770E-21
         5   5  5.066244E-04 -1.820951E-04 -1.824486E-04  1.799240E-07 -3.502000E-09  4.827203E-20
         5   6  5.066244E-04 -1.822751E-04 -1.824661E-04  1.799239E-07 -3.502000E-09  6.351576E-21
         5   7  5.066244E-04 -1.820951E-04 -1.824486E-04 -1.799240E-07 -3.502000E-09 -2.625330E-20
         5   8  5.066244E-04 -1.822751E-04 -1.824661E-04 -1.799239E-07 -3.502000E-09 -2.540637E-20
         6   1  5.067284E-04 -1.823554E-04 -1.824639E-04  3.971432E-08 -4.747246E-09  5.843462E-20
         6   2  5.067284E-04 -1.823952E-04 -1.824401E-04  3.971432E-08 -4.747246E-09  3.832126E-20
         6   3  5.067284E-04 -1.823554E-04 -1.824639E-04 -3.971432E-08 -4.747246E-09  2.540636E-20
         6   4  5.067284E-04 -1.823952E-04 -1.824401E-04 -3.971432E-08 -4.747246E-09  1.699051E-20
         6   5  5.067284E-04 -1.823554E-04 -1.824639E-04  3.971432E-08  4.747246E-09  1.778445E-20
         6   6  5.067284E-04 -1.823952E-04 -1.824401E-04  3.971432E-08  4.747246E-09  4.996584E-20
         6   7  5.067284E-04 -1.823554E-04 -1.824639E-04 -3.971432E-08  4.747246E-09  3.810954E-20
         6   8  5.067284E-04 -1.823952E-04 -1.824401E-04 -3.971432E-08  4.747246E-09  2.646496E-20
         7   1  5.067397E-04 -1.824127E-04 -1.824311E-04  8.302785E-09 -2.052859E-10  4.361425E-20
         7   2  5.067397E-04 -1.824210E-04 -1.824300E-04  8.302785E-09 -2.052859E-10 -1.963699E-20
         7   3  5.067397E-04 -1.824127E-04 -1.824311E-04 -8.302785E-09 -2.052859E-10  2.244229E-20
         7   4  5.067397E-04 -1.824210E-04 -1.824300E-04 -8.302785E-09 -2.052859E-10 -7.394307E-20
         7   5  5.067397E-04 -1.824127E-04 -1.824311E-04  8.302785E-09  2.052859E-10  1.270318E-20
         7   6  5.067397E-04 -1.824210E-04 -1.824300E-04  8.302785E-09  2.052859E-10 -5.271818E-20
         7   7  5.067397E-04 -1.824127E-04 -1.824311E-04 -8.302785E-09  2.052859E-10 -8.468705E-22
         7   8  5.067397E-04 -1.824210E-04 -1.824300E-04 -8.302785E-09  2.052859E-10 -9.802617E-20
         8   1  5.067437E-04 -1.824247E-04 -1.824294E-04  1.801869E-09 -1.630676E-10 -3.281653E-20
         8   2  5.067437E-04 -1.824265E-04 -1.824286E-04  1.801869E-09 -1.630676E-10  4.488456E-20
         8   3  5.067437E-04 -1.824247E-04 -1.824294E-04 -1.801869E-09 -1.630676E-10 -7.346670E-20
         8   4  5.067437E-04 -1.824265E-04 -1.824286E-04 -1.801869E-09 -1.630676E-10 -2.355380E-20
         8   5  5.067437E-04 -1.824247E-04 -1.824294E-04  1.801869E-09  1.630676E-10 -3.218138E-20
         8   6  5.067437E-04 -1.824265E-04 -1.824286E-04  1.801869E-09  1.630676E-10 -2.752353E-21
         8   7  5.067437E-04 -1.824247E-04 -1.824294E-04 -1.801869E-09  1.630676E-10 -5.250646E-20
         8   8  5.067437E-04 -1.824265E-04 -1.824286E-04 -1.801869E-09  1.630676E-10  1.270319E-21
         9   1  5.067443E-04 -1.824273E-04 -1.824282E-04  3.810945E-10 -1.729946E-11  4.170876E-20
         9   2  5.067443E-04 -1.824277E-04 -1.824281E-04  3.810945E-10 -1.729946E-11  3.678628E-20
         9   3  5.067443E-04 -1.824273E-04 -1.824282E-04 -3.810945E-10 -1.729946E-11 -5.504709E-21
         9   4  5.067443E-04 -1.824277E-04 -1.824281E-04 -3.810945E-10 -1.729946E-11  1.476744E-20
         9   5  5.067443E-04 -1.824273E-04 -1.824282E-04  3.810945E-10  1.729946E-11  2.117196E-20
         9   6  5.067443E-04 -1.824277E-04 -1.824281E-04  3.810945E-10  1.729946E-11  7.304326E-20
         9   7  5.067443E-04 -1.824273E-04 -1.824282E-04 -3.810945E-10  1.729946E-11  2.117196E-20
         9   8  5.067443E-04 -1.824277E-04 -1.824281E-04 -3.810945E-10  1.729946E-11  1.545553E-20
        10   1  5.067445E-04 -1.824279E-04 -1.824281E-04  8.204397E-11 -6.282468E-12  6.351588E-20
        10   2  5.067445E-04 -1.824280E-04 -1.824281E-04  8.204397E-11 -6.282468E-12 -3.080520E-20
        10   3  5.067445E-04 -1.824279E-04 -1.824281E-04 -8.204397E-11 -6.282468E-12  9.315663E-21
        10   4  5.067445E-04 -1.824280E-04 -1.824281E-04 -8.204397E-11 -6.282468E-12 -3.435151E-20
        10   5  5.067445E-04 -1.824279E-04 -1.824281E-04  8.204397E-11  6.282468E-12  4.488456E-20
        10   6  5.067445E-04 -1.824280E-04 -1.824281E-04  8.204397E-11  6.282468E-12 -6.139868E-21
        10   7  5.067445E-04 -1.824279E-04 -1.824281E-04 -8.204397E-11  6.282467E-12  1.778445E-20
        10   8  5.067445E-04 -1.824280E-04 -1.824281E-04 -8.204397E-11  6.282468E-12 -2.879387E-20
        11   1  5.067445E-04 -1.824280E-04 -1.824280E-04  1.744815E-11 -9.620657E-13 -6.351588E-22
        11   2  5.067445E-04 -1.824280E-04 -1.824280E-04  1.744815E-11 -9.620649E-13  1.053305E-20
        11   3  5.067445E-04 -1.824280E-04 -1.824280E-04 -1.744815E-11 -9.620653E-13  6.775027E-21
        11   4  5.067445E-04 -1.824280E-04 -1.824280E-04 -1.744815E-11 -9.620651E-13  5.568226E-20
        11   5  5.067445E-04 -1.824280E-04 -1.824280E-04  1.744815E-11  9.620653E-13  1.270318E-20
        11   6  5.067445E-04 -1.824280E-04 -1.824280E-04  1.744815E-11  9.620661E-13  2.815871E-20
        11   7  5.067445E-04 -1.824280E-04 -1.824280E-04 -1.744815E-11  9.620657E-13 -8.468784E-21
        11   8  5.067445E-04 -1.824280E-04 -1.824280E-04 -1.744815E-11  9.620650E-13  1.386763E-19
        12   1  5.067446E-04 -1.824280E-04 -1.824280E-04  3.742054E-12 -2.616868E-13 -2.604151E-20
        12   2  5.067446E-04 -1.824280E-04 -1.824280E-04  3.742054E-12 -2.616883E-13 -1.385705E-19
        12   3  5.067446E-04 -1.824280E-04 -1.824280E-04 -3.742054E-12 -2.616879E-13  9.590898E-20
        12   4  5.067446E-04 -1.824280E-04 -1.824280E-04 -3.742054E-12 -2.616868E-13 -2.027215E-20
        12   5  5.067446E-04 -1.824280E-04 -1.824280E-04  3.742054E-12  2.616879E-13  8.468784E-22
        12   6  5.067446E-04 -1.824280E-04 -1.824280E-04  3.742054E-12  2.616865E-13 -8.892223E-20
        12   7  5.067446E-04 -1.824280E-04 -1.824280E-04 -3.742054E-12  2.616870E-13  1.380412E-19
        12   8  5.067446E-04 -1.824280E-04 -1.824280E-04 -3.742054E-12  2.616880E-13  3.683921E-20
        13   1  5.067446E-04 -1.824280E-04 -1.824280E-04  7.978868E-13 -4.767324E-14 -1.602717E-19
        13   2  5.067446E-04 -1.824280E-04 -1.824280E-04  7.978868E-13 -4.767300E-14 -9.876719E-20
        13   3  5.067446E-04 -1.824280E-04 -1.824280E-04 -7.978868E-13 -4.767321E-14 -3.832125E-20
        13   4  5.067446E-04 -1.824280E-04 -1.824280E-04 -7.978868E-13 -4.767256E-14 -1.074477E-20
        13   5  5.067446E-04 -1.824280E-04 -1.824280E-04  7.978869E-13  4.767335E-14 -1.295724E-19
        13   6  5.067446E-04 -1.824280E-04 -1.824280E-04  7.978867E-13  4.767299E-14 -6.965575E-20
        13   7  5.067446E-04 -1.824280E-04 -1.824280E-04 -7.978868E-13  4.767375E-14  1.947820E-20
        13   8  5.067446E-04 -1.824280E-04 -1.824280E-04 -7.978871E-13  4.767386E-14 -1.355005E-20
        14   1  5.067446E-04 -1.824280E-04 -1.824280E-04  1.707394E-13 -1.140012E-14 -3.556889E-20
        14   2  5.067446E-04 -1.824280E-04 -1.824280E-04  1.707394E-13 -1.140101E-14  6.086939E-21
        14   3  5.067446E-04 -1.824280E-04 -1.824280E-04 -1.707390E-13 -1.140069E-14  1.185630E-20
        14   4  5.067446E-04 -1.824280E-04 -1.824280E-04 -1.707390E-13 -1.140069E-14  7.251396E-20
        14   5  5.067446E-04 -1.824280E-04 -1.824280E-04  1.707391E-13  1.140073E-14 -1.524381E-20
        14   6  5.067446E-04 -1.824280E-04 -1.824280E-04  1.707391E-13  1.140097E-14  2.964074E-21
        14   7  5.067446E-04 -1.824280E-04 -1.824280E-04 -1.707392E-13  1.140006E-14 -2.540635E-21
        14   8  5.067446E-04 -1.824280E-04 -1.824280E-04 -1.707393E-13  1.140050E-14  8.934567E-20
        15   1  5.067446E-04 -1.824280E-04 -1.824280E-04  3.611134E-14 -2.233918E-15 -7.410186E-21
        15   2  5.067446E-04 -1.824280E-04 -1.824280E-04  3.611114E-14 -2.236007E-15  2.344795E-20
        15   3  5.067446E-04 -1.824280E-04 -1.824280E-04 -3.611121E-14 -2.236140E-15  8.744020E-20
        15   4  5.067446E-04 -1.824280E-04 -1.824280E-04 -3.611146E-14 -2.235489E-15  6.780320E-20
        15   5  5.067446E-04 -1.824280E-04 -1.824280E-04  3.611122E-14  2.237377E-15  8.468784E-21
        15   6  5.067446E-04 -1.824280E-04 -1.824280E-04  3.611142E-14  2.234232E-15  7.410186E-21
        15   7  5.067446E-04 -1.824280E-04 -1.824280E-04 -3.611134E-14  2.235115E-15  1.033192E-19
        15   8  5.067446E-04 -1.824280E-04 -1.824280E-04 -3.611119E-14  2.235871E-15  7.981829E-20
        16   1  5.067446E-04 -1.824280E-04 -1.824280E-04  6.133900E-15 -4.038144E-16 -6.118697E-20
        16   2  5.067446E-04 -1.824280E-04 -1.824280E-04  6.134008E-15 -4.042483E-16 -5.854047E-20
        16   3  5.067446E-04 -1.824280E-04 -1.824280E-04 -6.134181E-15 -4.040141E-16  6.076353E-20
        16   4  5.067446E-04 -1.824280E-04 -1.824280E-04 -6.134025E-15 -4.042310E-16 -7.817746E-20
        16   5  5.067446E-04 -1.824280E-04 -1.824280E-04  6.134171E-15  4.036216E-16 -4.573143E-20
        16   6  5.067446E-04 -1.824280E-04 -1.824280E-04  6.133954E-15  4.039199E-16 -8.003001E-20
        16   7  5.067446E-04 -1.824280E-04 -1.824280E-04 -6.133879E-15  4.043678E-16  6.944403E-20
        16   8  5.067446E-04 -1.824280E-04 -1.824280E-04 -6.133961E-15  4.043678E-16  1.100942E-20

                                INCREMENT     2


 forces (fx,fy,fz) for set RIGHT and time  0.1000000E+00

        65  3.805387E+00  9.475143E-16  7.572616E-15
        66  3.805387E+00 -1.116817E-15 -4.667292E-16
        67  3.805387E+00 -9.869847E-16 -3.146024E-15
        68  3.805387E+00  4.189429E-16 -7.321782E-15

 displacements (vx,vy,vz) for set RIGHT and time  0.1000000E+00

        65  2.000000E-02  9.125350E-04  1.825070E-04
        66  2.000000E-02 -9.125350E-04  1.825070E-04
        67  2.000000E-02 -9.125350E-04 -1.825070E-04
        68  2.000000E-02  9.125350E-04 -1.825070E-04

 stresses (elem, integ.pnt.,sxx,syy,szz,sxy,sxz,syz) for set ALL and time  0.1000000E+00

         1   1  3.653043E+00  1.727120E+00  1.640759E+00  3.562929E-01  1.184545E-01  7.609081E-05
         1   2  2.437577E+00  1.579617E-01 -1.632272E-01  3.559398E-01  1.183119E-01  7.604898E-05
         1   3  3.653043E+00  1.727120E+00  1.640759E+00 -3.562929E-01  1.184545E-01 -7.609081E-05
         1   4  2.437577E+00  1.579617E-01 -1.632272E-01 -3.559398E-01  1.183119E-01 -7.604898E-05
         1   5  3.653043E+00  1.727120E+00  1.640759E+00  3.562929E-01 -1.184545E-01 -7.609081E-05
         1   6  2.437577E+00  1.579617E-01 -1.632272E-01  3.559398E-01 -1.183119E-01 -7.604898E-05
         1   7  3.653043E+00  1.727120E+00  1.640759E+00 -3.562929E-01 -1.184545E-01  7.609081E-05
         1   8  2.437577E+00  1.579617E-01 -1.632272E-01 -3.559398E-01 -1.183119E-01  7.604898E-05
         2   1  3.018255E+00  1.357070E-01 -1.909326E-01  8.804377E-02 -2.641868E-02 -4.196341E-06
         2   2  3.074781E+00  1.044485E-01 -2.964050E-03  8.803953E-02 -2.642265E-02 -4.196448E-06
         2   3  3.018255E+00  1.357070E-01 -1.909326E-01 -8.804377E-02 -2.641868E-02  4.196341E-06
         2   4  3.074781E+00  1.044485E-01 -2.964050E-03 -8.803953E-02 -2.642265E-02  4.196448E-06
         2   5  3.018255E+00  1.357070E-01 -1.909326E-01  8.804377E-02  2.641868E-02  4.196341E-06
         2   6  3.074781E+00  1.044485E-01 -2.964050E-03  8.803953E-02  2.642265E-02  4.196448E-06
         2   7  3.018255E+00  1.357070E-01 -1.909326E-01 -8.804377E-02  2.641868E-02 -4.196341E-06
         2   8  3.074781E+00  1.044485E-01 -2.964050E-03 -8.803953E-02  2.642265E-02 -4.196448E-06
         3   1  3.063773E+00  6.345944E-02  3.895592E-02  1.709727E-02  1.968455E-03  6.071392E-08
         3   2  3.029222E+00  1.193872E-02 -5.338833E-03  1.709669E-02  1.968400E-03  6.071297E-08
         3   3  3.063773E+00  6.345944E-02  3.895592E-02 -1.709727E-02  1.968455E-03 -6.071392E-08
         3   4  3.029222E+00  1.193872E-02 -5.338833E-03 -1.709669E-02  1.968400E-03 -6.071297E-08
         3   5  3.063773E+00  6.345944E-02  3.895592E-02  1.709727E-02 -1.968455E-03 -6.071392E-08
         3   6  3.029222E+00  1.193872E-02 -5.338833E-03  1.709669E-02 -1.968400E-03 -6.071297E-08
         3   7  3.063773E+00  6.345944E-02  3.895592E-02 -1.709727E-02 -1.968455E-03  6.071392E-08
         3   8  3.029222E+00  1.193872E-02 -5.338833E-03 -1.709669E-02 -1.968400E-03  6.071297E-08
         4   1  3.046793E+00  8.509726E-03 -3.417663E-03  3.914978E-03 -7.012145E-04 -4.952488E-09
         4   2  3.046268E+00  4.087336E-03 -4.495893E-04  3.914963E-03 -7.012165E-04 -4.952487E-09
         4   3  3.046793E+00  8.509726E-03 -3.417663E-03 -3.914978E-03 -7.012145E-04  4.952488E-09
         4   4  3.046268E+00  4.087336E-03 -4.495893E-04 -3.914963E-03 -7.012165E-04  4.952487E-09
         4   5  3.046793E+00  8.509726E-03 -3.417663E-03  3.914978E-03  7.012145E-04  4.952488E-09
         4   6  3.046268E+00  4.087336E-03 -4.495893E-04  3.914963E-03  7.012165E-04  4.952487E-09
         4   7  3.046793E+00  8.509726E-03 -3.417663E-03 -3.914978E-03  7.012145E-04 -4.952488E-09
         4   8  3.046268E+00  4.087336E-03 -4.495893E-04 -3.914963E-03  7.012165E-04 -4.952486E-09
         5   1  3.047094E+00  2.567430E-03  9.994625E-04  7.999768E-04  1.523477E-05  2.198634E-11
         5   2  3.045970E+00  6.489192E-04 -1.982287E-04  7.999757E-04  1.523476E-05  2.198650E-11
         5   3  3.047094E+00  2.567430E-03  9.994625E-04 -7.999768E-04  1.523477E-05 -2.198647E-11
         5   4  3.045970E+00  6.489192E-04 -1.982287E-04 -7.999757E-04  1.523476E-05 -2.198648E-11
         5   5  3.047094E+00  2.567430E-03  9.994625E-04  7.999768E-04 -1.523477E-05 -2.198662E-11
         5   6  3.045970E+00  6.489192E-04 -1.982287E-04  7.999757E-04 -1.523476E-05 -2.198635E-11
         5   7  3.047094E+00  2.567430E-03  9.994625E-04 -7.999768E-04 -1.523477E-05  2.198670E-11
         5   8  3.045970E+00  6.489192E-04 -1.982287E-04 -7.999757E-04 -1.523476E-05  2.198655E-11
         6   1  3.046579E+00  4.394664E-04 -4.099866E-05  1.767444E-04 -2.107904E-05 -6.721385E-12
         6   2  3.046487E+00  1.720948E-04 -2.739447E-05  1.767444E-04 -2.107904E-05 -6.721087E-12
         6   3  3.046579E+00  4.394664E-04 -4.099866E-05 -1.767444E-04 -2.107904E-05  6.721211E-12
         6   4  3.046487E+00  1.720948E-04 -2.739447E-05 -1.767444E-04 -2.107904E-05  6.721068E-12
         6   5  3.046579E+00  4.394664E-04 -4.099866E-05  1.767444E-04  2.107904E-05  6.721124E-12
         6   6  3.046487E+00  1.720948E-04 -2.739447E-05  1.767444E-04  2.107904E-05  6.721040E-12
         6   7  3.046579E+00  4.394664E-04 -4.099866E-05 -1.767444E-04  2.107904E-05 -6.720956E-12
         6   8  3.046487E+00  1.720948E-04 -2.739447E-05 -1.767444E-04  2.107904E-05 -6.720942E-12
         7   1  3.046554E+00  1.102262E-04  2.875766E-05  3.700170E-05 -9.265461E-07 -6.201401E-14
         7   2  3.046512E+00  3.193152E-05 -8.074296E-06  3.700170E-05 -9.265461E-07 -6.216934E-14
         7   3  3.046554E+00  1.102262E-04  2.875766E-05 -3.700170E-05 -9.265461E-07  6.189646E-14
         7   4  3.046512E+00  3.193152E-05 -8.074296E-06 -3.700170E-05 -9.265461E-07  6.184701E-14
         7   5  3.046554E+00  1.102262E-04  2.875766E-05  3.700170E-05  9.265461E-07  6.156899E-14
         7   6  3.046512E+00  3.193152E-05 -8.074296E-06  3.700170E-05  9.265461E-07  6.185354E-14
         7   7  3.046554E+00  1.102262E-04  2.875766E-05 -3.700170E-05  9.265461E-07 -6.168095E-14
         7   8  3.046512E+00  3.193152E-05 -8.074296E-06 -3.700170E-05  9.265461E-07 -6.173785E-14
         8   1  3.046536E+00  2.120314E-05  6.271075E-07  8.038405E-06 -7.260376E-07 -1.071616E-14
         8   2  3.046530E+00  7.553560E-06 -1.402007E-06  8.038405E-06 -7.260376E-07 -1.068420E-14
         8   3  3.046536E+00  2.120314E-05  6.271075E-07 -8.038405E-06 -7.260376E-07  1.060607E-14
         8   4  3.046530E+00  7.553560E-06 -1.402007E-06 -8.038405E-06 -7.260376E-07  1.060047E-14
         8   5  3.046536E+00  2.120314E-05  6.271075E-07  8.038405E-06  7.260376E-07  1.052117E-14
         8   6  3.046530E+00  7.553560E-06 -1.402007E-06  8.038405E-06  7.260376E-07  1.052770E-14
         8   7  3.046536E+00  2.120314E-05  6.271075E-07 -8.038405E-06  7.260376E-07 -1.041668E-14
         8   8  3.046530E+00  7.553560E-06 -1.402007E-06 -8.038405E-06  7.260376E-07 -1.040735E-14
         9   1  3.046534E+00  4.888154E-06  9.480126E-07  1.702340E-06 -7.764421E-08 -3.643977E-16
         9   2  3.046532E+00  1.510223E-06 -3.479801E-07  1.702340E-06 -7.764421E-08 -3.112201E-16
         9   3  3.046534E+00  4.888154E-06  9.480126E-07 -1.702340E-06 -7.764421E-08  1.955354E-16
         9   4  3.046532E+00  1.510223E-06 -3.479801E-07 -1.702340E-06 -7.764421E-08  2.813660E-16
         9   5  3.046534E+00  4.888154E-06  9.480126E-07  1.702340E-06  7.764421E-08  1.936695E-16
         9   6  3.046532E+00  1.510223E-06 -3.479801E-07  1.702340E-06  7.764421E-08  1.600836E-16
         9   7  3.046534E+00  4.888154E-06  9.480126E-07 -1.702340E-06  7.764421E-08 -2.235236E-16
         9   8  3.046532E+00  1.510223E-06 -3.479801E-07 -1.702340E-06  7.764420E-08 -1.824742E-16
        10   1  3.046533E+00  9.943053E-07  8.302112E-08  3.668903E-07 -2.805893E-08 -8.481048E-17
        10   2  3.046533E+00  3.387927E-07 -6.739848E-08  3.668903E-07 -2.805893E-08 -2.606699E-16
        10   3  3.046533E+00  9.943053E-07  8.302112E-08 -3.668903E-07 -2.805893E-08  1.053352E-16
        10   4  3.046533E+00  3.387927E-07 -6.739848E-08 -3.668903E-07 -2.805893E-08  3.075502E-16
        10   5  3.046533E+00  9.943053E-07  8.302112E-08  3.668903E-07  2.805893E-08  8.201165E-17
        10   6  3.046533E+00  3.387927E-07 -6.739848E-08  3.668903E-07  2.805893E-08 -3.424766E-16
        10   7  3.046533E+00  9.943053E-07  8.302112E-08 -3.668903E-07  2.805893E-08  7.472247E-17
        10   8  3.046533E+00  3.387927E-07 -6.739849E-08 -3.668903E-07  2.805893E-08  6.539306E-17
        11   1  3.046533E+00  2.203776E-07  3.541226E-08  7.812397E-08 -4.318969E-09 -6.591459E-17
        11   2  3.046533E+00  7.019534E-08 -1.546249E-08  7.812397E-08 -4.318966E-09  1.076125E-16
        11   3  3.046533E+00  2.203776E-07  3.541226E-08 -7.812397E-08 -4.318969E-09  3.513946E-16
        11   4  3.046533E+00  7.019534E-08 -1.546249E-08 -7.812397E-08 -4.318967E-09  2.217158E-16
        11   5  3.046533E+00  2.203776E-07  3.541226E-08  7.812397E-08  4.318966E-09 -3.240548E-16
        11   6  3.046533E+00  7.019534E-08 -1.546249E-08  7.812397E-08  4.318969E-09  6.684753E-17
        11   7  3.046533E+00  2.203776E-07  3.541226E-08 -7.812397E-08  4.318967E-09  1.188078E-16
        11   8  3.046533E+00  7.019534E-08 -1.546249E-08 -7.812397E-08  4.318966E-09  1.869125E-16
        12   1  3.046533E+00  4.603674E-08  4.979079E-09  1.677405E-08 -1.172349E-09  2.322669E-16
        12   2  3.046533E+00  1.535966E-08 -3.155558E-09  1.677405E-08 -1.172355E-09  3.914806E-17
        12   3  3.046533E+00  4.603674E-08  4.979078E-09 -1.677405E-08 -1.172352E-09  2.883143E-16
        12   4  3.046533E+00  1.535966E-08 -3.155560E-09 -1.677405E-08 -1.172351E-09  6.417519E-17
        12   5  3.046533E+00  4.603674E-08  4.979080E-09  1.677405E-08  1.172353E-09 -2.235511E-17
        12   6  3.046533E+00  1.535966E-08 -3.155558E-09  1.677405E-08  1.172346E-09 -1.548328E-16
        12   7  3.046533E+00  4.603674E-08  4.979077E-09 -1.677405E-08  1.172351E-09  1.865528E-16
        12   8  3.046533E+00  1.535967E-08 -3.155559E-09 -1.677405E-08  1.172356E-09 -3.547644E-20
        13   1  3.046533E+00  1.001628E-08  1.448095E-09  3.580974E-09 -2.143180E-10  3.171862E-17
        13   2  3.046533E+00  3.237033E-09 -6.977727E-10  3.580975E-09 -2.143190E-10 -1.373770E-16
        13   3  3.046533E+00  1.001628E-08  1.448100E-09 -3.580977E-09 -2.143230E-10  1.250155E-16
        13   4  3.046533E+00  3.237039E-09 -6.977685E-10 -3.580976E-09 -2.143210E-10  8.256668E-17
        13   5  3.046533E+00  1.001628E-08  1.448097E-09  3.580976E-09  2.143193E-10 -1.119516E-16
        13   6  3.046533E+00  3.237035E-09 -6.977705E-10  3.580976E-09  2.143152E-10 -1.492692E-16
        13   7  3.046533E+00  1.001628E-08  1.448091E-09 -3.580975E-09  2.143181E-10 -2.910790E-16
        13   8  3.046533E+00  3.237032E-09 -6.977756E-10 -3.580975E-09  2.143176E-10 -1.259485E-16
        14   1  3.046533E+00  2.119331E-09  2.534620E-10  7.671766E-10 -5.122594E-11 -1.753930E-16
        14   2  3.046533E+00  7.009392E-10 -1.458692E-10  7.671767E-10 -5.122067E-11  7.813376E-17
        14   3  3.046533E+00  2.119328E-09  2.534571E-10 -7.671759E-10 -5.122538E-11 -2.612228E-17
        14   4  3.046533E+00  7.009374E-10 -1.458716E-10 -7.671759E-10 -5.121819E-11 -1.217488E-16
        14   5  3.046533E+00  2.119333E-09  2.534633E-10  7.671764E-10  5.121929E-11 -3.171999E-16
        14   6  3.046533E+00  7.009401E-10 -1.458681E-10  7.671764E-10  5.121941E-11  1.007577E-16
        14   7  3.046533E+00  2.119334E-09  2.534629E-10 -7.671764E-10  5.121746E-11 -7.836713E-17
        14   8  3.046533E+00  7.009432E-10 -1.458654E-10 -7.671764E-10  5.122463E-11 -1.828566E-16
        15   1  3.046533E+00  4.584792E-10  6.224021E-11  1.624485E-10 -1.006820E-11  1.212824E-16
        15   2  3.046533E+00  1.531622E-10 -3.116081E-11  1.624479E-10 -1.007131E-11  8.769647E-17
        15   3  3.046533E+00  4.584814E-10  6.224198E-11 -1.624486E-10 -1.007161E-11  5.597650E-18
        15   4  3.046533E+00  1.531635E-10 -3.116037E-11 -1.624492E-10 -1.006634E-11 -9.749236E-17
        15   5  3.046533E+00  4.584830E-10  6.224420E-11  1.624487E-10  1.006934E-11  1.119530E-16
        15   6  3.046533E+00  1.531606E-10 -3.116214E-11  1.624482E-10  1.006599E-11 -1.287459E-16
        15   7  3.046533E+00  4.584839E-10  6.224442E-11 -1.624482E-10  1.006618E-11 -3.731765E-17
        15   8  3.046533E+00  1.531613E-10 -3.116281E-11 -1.624488E-10  1.007001E-11 -1.679294E-16
        16   1  3.046533E+00  1.040832E-10  1.071079E-11  2.761810E-11 -1.819290E-12 -1.595329E-16
        16   2  3.046533E+00  5.286632E-11 -3.939742E-12  2.761858E-11 -1.817014E-12 -2.101450E-16
        16   3  3.046533E+00  1.040872E-10  1.071390E-11 -2.761942E-11 -1.823545E-12 -1.595329E-16
        16   4  3.046533E+00  5.286987E-11 -3.936415E-12 -2.761849E-11 -1.820671E-12  2.798824E-17
        16   5  3.046533E+00  1.040814E-10  1.070858E-11  2.761858E-11  1.820382E-12 -2.351012E-16
        16   6  3.046533E+00  5.286366E-11 -3.942626E-12  2.761846E-11  1.818347E-12 -2.994741E-16
        16   7  3.046533E+00  1.040901E-10  1.071634E-11 -2.761870E-11  1.816296E-12 -2.686871E-16
        16   8  3.046533E+00  5.287342E-11 -3.933310E-12 -2.761828E-11  1.820113E-12 -2.798824E-18

 strains (elem, integ.pnt.,exx,eyy,ezz,exy,exz,eyz) for set ALL and time  0.1000000E+00

         1   1  8.120598E-04 -5.892119E-05 -9.795149E-05  1.609709E-04  5.351907E-05  2.114730E-22
         1   2  8.120598E-04 -2.198792E-04 -3.655110E-04  1.609450E-04  5.350475E-05 -3.303109E-20
         1   3  8.120598E-04 -5.892119E-05 -9.795149E-05 -1.609709E-04  5.351907E-05  2.114730E-22
         1   4  8.120598E-04 -2.198792E-04 -3.655110E-04 -1.609450E-04  5.350475E-05  2.794187E-20
         1   5  8.120598E-04 -5.892119E-05 -9.795149E-05  1.609709E-04 -5.351907E-05 -6.775864E-21
         1   6  8.120598E-04 -2.198792E-04 -3.655110E-04  1.609450E-04 -5.350475E-05 -6.266641E-20
         1   7  8.120598E-04 -5.892119E-05 -9.795149E-05 -1.609709E-04 -5.351907E-05 -4.499939E-39
         1   8  8.120598E-04 -2.198792E-04 -3.655110E-04 -1.609450E-04 -5.350475E-05 -3.386893E-21
         2   1  1.010972E-03 -2.933505E-04 -4.415747E-04  3.978680E-05 -1.194031E-05 -3.641939E-20
         2   2  1.010972E-03 -3.331365E-04 -3.818714E-04  3.978521E-05 -1.194102E-05 -3.810853E-20
         2   3  1.010972E-03 -2.933505E-04 -4.415747E-04 -3.978680E-05 -1.194031E-05  2.285577E-20
         2   4  1.010972E-03 -3.331365E-04 -3.818714E-04 -3.978521E-05 -1.194102E-05 -2.456052E-20
         2   5  1.010972E-03 -2.933505E-04 -4.415747E-04  3.978680E-05  1.194031E-05 -7.621437E-20
         2   6  1.010972E-03 -3.331365E-04 -3.818714E-04  3.978521E-05  1.194102E-05 -3.387482E-20
         2   7  1.010972E-03 -2.933505E-04 -4.415747E-04 -3.978680E-05  1.194031E-05 -3.390654E-21
         2   8  1.010972E-03 -3.331365E-04 -3.818714E-04 -3.978521E-05  1.194102E-05 -5.165654E-20
         3   1  1.007202E-03 -3.505269E-04 -3.616456E-04  7.726520E-06  8.895849E-07 -2.074631E-20
         3   2  1.007202E-03 -3.582534E-04 -3.660935E-04  7.726460E-06  8.895810E-07  3.238648E-20
         3   3  1.007202E-03 -3.505269E-04 -3.616456E-04 -7.726520E-06  8.895849E-07  5.502517E-21
         3   4  1.007202E-03 -3.582534E-04 -3.660935E-04 -7.726460E-06  8.895810E-07 -7.451309E-20
         3   5  1.007202E-03 -3.505269E-04 -3.616456E-04  7.726520E-06 -8.895849E-07  1.015936E-20
         3   6  1.007202E-03 -3.582534E-04 -3.660935E-04  7.726460E-06 -8.895810E-07  7.620447E-20
         3   7  1.007202E-03 -3.505269E-04 -3.616456E-04 -7.726520E-06 -8.895849E-07 -3.217742E-20
         3   8  1.007202E-03 -3.582534E-04 -3.660935E-04 -7.726460E-06 -8.895810E-07  1.692276E-21
         4   1  1.013219E-03 -3.617291E-04 -3.671416E-04  1.769256E-06 -3.168944E-07  2.286098E-20
         4   2  1.013219E-03 -3.634983E-04 -3.655571E-04  1.769253E-06 -3.168949E-07 -1.100767E-20
         4   3  1.013219E-03 -3.617291E-04 -3.671416E-04 -1.769256E-06 -3.168944E-07 -4.487714E-20
         4   4  1.013219E-03 -3.634983E-04 -3.655571E-04 -1.769253E-06 -3.168949E-07  9.398623E-20
         4   5  1.013219E-03 -3.617291E-04 -3.671416E-04  1.769256E-06  3.168944E-07  6.773724E-20
         4   6  1.013219E-03 -3.634983E-04 -3.655571E-04  1.769253E-06  3.168949E-07  8.043501E-21
         4   7  1.013219E-03 -3.617291E-04 -3.671416E-04 -1.769256E-06  3.168944E-07 -5.249793E-20
         4   8  1.013219E-03 -3.634983E-04 -3.655571E-04 -1.769253E-06  3.168949E-07  9.186928E-20
         5   1  1.013502E-03 -3.642782E-04 -3.649898E-04  3.615260E-07  6.884912E-09 -7.747537E-20
         5   2  1.013502E-03 -3.646398E-04 -3.650242E-04  3.615258E-07  6.884912E-09  2.540123E-21
         5   3  1.013502E-03 -3.642782E-04 -3.649898E-04 -3.615260E-07  6.884912E-09  1.735776E-20
         5   4  1.013502E-03 -3.646398E-04 -3.650242E-04 -3.615258E-07  6.884912E-09  7.408785E-21
         5   5  1.013502E-03 -3.642782E-04 -3.649898E-04  3.615260E-07 -6.884912E-09 -4.911015E-20
         5   6  1.013502E-03 -3.646398E-04 -3.650242E-04  3.615258E-07 -6.884912E-09  6.562104E-20
         5   7  1.013502E-03 -3.642782E-04 -3.649898E-04 -3.615260E-07 -6.884912E-09  8.636574E-20
         5   8  1.013502E-03 -3.646398E-04 -3.650242E-04 -3.615258E-07 -6.884912E-09  2.243812E-20
         6   1  1.013710E-03 -3.648013E-04 -3.650193E-04  7.987446E-08 -9.526057E-09 -1.350525E-19
         6   2  1.013710E-03 -3.648812E-04 -3.649717E-04  7.987446E-08 -9.526057E-09  1.058353E-22
         6   3  1.013710E-03 -3.648013E-04 -3.650193E-04 -7.987446E-08 -9.526057E-09  5.630711E-20
         6   4  1.013710E-03 -3.648812E-04 -3.649717E-04 -7.987446E-08 -9.526057E-09 -8.678925E-21
         6   5  1.013710E-03 -3.648013E-04 -3.650193E-04  7.987446E-08  9.526057E-09  1.693444E-20
         6   6  1.013710E-03 -3.648812E-04 -3.649717E-04  7.987446E-08  9.526057E-09 -2.116811E-20
         6   7  1.013710E-03 -3.648013E-04 -3.650193E-04 -7.987446E-08  9.526057E-09  5.927064E-20
         6   8  1.013710E-03 -3.648812E-04 -3.649717E-04 -7.987446E-08  9.526057E-09  6.562109E-20
         7   1  1.013733E-03 -3.649165E-04 -3.649535E-04  1.672184E-08 -4.187255E-10 -7.493505E-20
         7   2  1.013733E-03 -3.649333E-04 -3.649514E-04  1.672184E-08 -4.187255E-10 -1.454248E-19
         7   3  1.013733E-03 -3.649165E-04 -3.649535E-04 -1.672184E-08 -4.187255E-10  2.159146E-20
         7   4  1.013733E-03 -3.649333E-04 -3.649514E-04 -1.672184E-08 -4.187255E-10 -8.467196E-22
         7   5  1.013733E-03 -3.649165E-04 -3.649535E-04  1.672184E-08  4.187255E-10 -1.270086E-19
         7   6  1.013733E-03 -3.649333E-04 -3.649514E-04  1.672184E-08  4.187255E-10  2.116813E-21
         7   7  1.013733E-03 -3.649165E-04 -3.649535E-04 -1.672184E-08  4.187255E-10  7.620514E-20
         7   8  1.013733E-03 -3.649333E-04 -3.649514E-04 -1.672184E-08  4.187255E-10  5.038007E-20
         8   1  1.013741E-03 -3.649407E-04 -3.649501E-04  3.632723E-09 -3.281115E-10 -8.509574E-20
         8   2  1.013741E-03 -3.649444E-04 -3.649484E-04  3.632723E-09 -3.281115E-10 -7.059559E-20
         8   3  1.013741E-03 -3.649407E-04 -3.649501E-04 -3.632723E-09 -3.281115E-10  3.513904E-20
         8   4  1.013741E-03 -3.649444E-04 -3.649484E-04 -3.632723E-09 -3.281115E-10  3.259887E-20
         8   5  1.013741E-03 -3.649407E-04 -3.649501E-04  3.632723E-09  3.281115E-10 -3.386893E-21
         8   6  1.013741E-03 -3.649444E-04 -3.649484E-04  3.632723E-09  3.281115E-10 -4.233609E-22
         8   7  1.013741E-03 -3.649407E-04 -3.649501E-04 -3.632723E-09  3.281115E-10  5.080343E-20
         8   8  1.013741E-03 -3.649444E-04 -3.649484E-04 -3.632723E-09  3.281115E-10  5.503705E-20
         9   1  1.013742E-03 -3.649460E-04 -3.649478E-04  7.693230E-10 -3.508904E-11 -5.715385E-20
         9   2  1.013742E-03 -3.649467E-04 -3.649476E-04  7.693230E-10 -3.508903E-11 -3.302223E-20
         9   3  1.013742E-03 -3.649460E-04 -3.649478E-04 -7.693230E-10 -3.508903E-11 -1.947465E-20
         9   4  1.013742E-03 -3.649467E-04 -3.649476E-04 -7.693230E-10 -3.508904E-11  1.947465E-20
         9   5  1.013742E-03 -3.649460E-04 -3.649478E-04  7.693230E-10  3.508903E-11 -2.032137E-20
         9   6  1.013742E-03 -3.649467E-04 -3.649476E-04  7.693230E-10  3.508903E-11 -3.556240E-20
         9   7  1.013742E-03 -3.649460E-04 -3.649478E-04 -7.693230E-10  3.508903E-11  6.773791E-21
         9   8  1.013742E-03 -3.649467E-04 -3.649476E-04 -7.693230E-10  3.508903E-11  2.540171E-20
        10   1  1.013743E-03 -3.649471E-04 -3.649475E-04  1.658054E-10 -1.268042E-11 -3.005869E-20
        10   2  1.013743E-03 -3.649472E-04 -3.649474E-04  1.658054E-10 -1.268042E-11 -1.098624E-19
        10   3  1.013743E-03 -3.649471E-04 -3.649475E-04 -1.658054E-10 -1.268042E-11  3.937266E-20
        10   4  1.013743E-03 -3.649472E-04 -3.649474E-04 -1.658054E-10 -1.268042E-11  1.311363E-19
        10   5  1.013743E-03 -3.649471E-04 -3.649475E-04  1.658054E-10  1.268041E-11  2.878861E-20
        10   6  1.013743E-03 -3.649472E-04 -3.649474E-04  1.658054E-10  1.268042E-11 -1.638410E-19
        10   7  1.013743E-03 -3.649471E-04 -3.649475E-04 -1.658054E-10  1.268041E-11  4.233619E-20
        10   8  1.013743E-03 -3.649472E-04 -3.649474E-04 -1.658054E-10  1.268042E-11  3.810257E-20
        11   1  1.013743E-03 -3.649473E-04 -3.649474E-04  3.530585E-11 -1.951832E-12 -2.963533E-20
        11   2  1.013743E-03 -3.649474E-04 -3.649474E-04  3.530585E-11 -1.951831E-12  4.910998E-20
        11   3  1.013743E-03 -3.649473E-04 -3.649474E-04 -3.530585E-11 -1.951832E-12  1.591841E-19
        11   4  1.013743E-03 -3.649474E-04 -3.649474E-04 -3.530585E-11 -1.951831E-12  1.003368E-19
        11   5  1.013743E-03 -3.649473E-04 -3.649474E-04  3.530585E-11  1.951831E-12 -1.473299E-19
        11   6  1.013743E-03 -3.649474E-04 -3.649474E-04  3.530585E-11  1.951832E-12  3.005869E-20
        11   7  1.013743E-03 -3.649473E-04 -3.649474E-04 -3.530585E-11  1.951831E-12  5.419032E-20
        11   8  1.013743E-03 -3.649474E-04 -3.649474E-04 -3.530585E-11  1.951831E-12  8.509574E-20
        12   1  1.013743E-03 -3.649474E-04 -3.649474E-04  7.580542E-12 -5.298091E-13  1.054171E-19
        12   2  1.013743E-03 -3.649474E-04 -3.649474E-04  7.580542E-12 -5.298116E-13  1.778120E-20
        12   3  1.013743E-03 -3.649474E-04 -3.649474E-04 -7.580543E-12 -5.298103E-13  1.308188E-19
        12   4  1.013743E-03 -3.649474E-04 -3.649474E-04 -7.580543E-12 -5.298099E-13  2.910613E-20
        12   5  1.013743E-03 -3.649474E-04 -3.649474E-04  7.580543E-12  5.298105E-13 -1.016069E-20
        12   6  1.013743E-03 -3.649474E-04 -3.649474E-04  7.580543E-12  5.298076E-13 -7.027807E-20
        12   7  1.013743E-03 -3.649474E-04 -3.649474E-04 -7.580542E-12  5.298099E-13  8.467238E-20
        12   8  1.013743E-03 -3.649474E-04 -3.649474E-04 -7.580542E-12  5.298119E-13  1.879530E-29
        13   1  1.013743E-03 -3.649474E-04 -3.649474E-04  1.618317E-12 -9.685476E-14  1.439430E-20
        13   2  1.013743E-03 -3.649474E-04 -3.649474E-04  1.618317E-12 -9.685525E-14 -6.234004E-20
        13   3  1.013743E-03 -3.649474E-04 -3.649474E-04 -1.618318E-12 -9.685702E-14  5.673049E-20
        13   4  1.013743E-03 -3.649474E-04 -3.649474E-04 -1.618318E-12 -9.685615E-14  3.746753E-20
        13   5  1.013743E-03 -3.649474E-04 -3.649474E-04  1.618318E-12  9.685535E-14 -5.080343E-20
        13   6  1.013743E-03 -3.649474E-04 -3.649474E-04  1.618318E-12  9.685350E-14 -6.773790E-20
        13   7  1.013743E-03 -3.649474E-04 -3.649474E-04 -1.618317E-12  9.685479E-14 -1.320889E-19
        13   8  1.013743E-03 -3.649474E-04 -3.649474E-04 -1.618317E-12  9.685457E-14 -5.715385E-20
        14   1  1.013743E-03 -3.649474E-04 -3.649474E-04  3.467031E-13 -2.315008E-14 -7.959203E-20
        14   2  1.013743E-03 -3.649474E-04 -3.649474E-04  3.467031E-13 -2.314769E-14  3.545656E-20
        14   3  1.013743E-03 -3.649474E-04 -3.649474E-04 -3.467028E-13 -2.314983E-14 -1.185413E-20
        14   4  1.013743E-03 -3.649474E-04 -3.649474E-04 -3.467028E-13 -2.314657E-14 -5.524873E-20
        14   5  1.013743E-03 -3.649474E-04 -3.649474E-04  3.467030E-13  2.314706E-14 -1.439430E-19
        14   6  1.013743E-03 -3.649474E-04 -3.649474E-04  3.467030E-13  2.314711E-14  4.572308E-20
        14   7  1.013743E-03 -3.649474E-04 -3.649474E-04 -3.467030E-13  2.314622E-14 -3.556240E-20
        14   8  1.013743E-03 -3.649474E-04 -3.649474E-04 -3.467030E-13  2.314947E-14 -8.297893E-20
        15   1  1.013743E-03 -3.649474E-04 -3.649474E-04  7.341386E-14 -4.550032E-15  5.503704E-20
        15   2  1.013743E-03 -3.649474E-04 -3.649474E-04  7.341361E-14 -4.551443E-15  3.979602E-20
        15   3  1.013743E-03 -3.649474E-04 -3.649474E-04 -7.341390E-14 -4.551574E-15  2.540171E-21
        15   4  1.013743E-03 -3.649474E-04 -3.649474E-04 -7.341416E-14 -4.549187E-15 -4.424132E-20
        15   5  1.013743E-03 -3.649474E-04 -3.649474E-04  7.341397E-14  4.550541E-15  5.080343E-20
        15   6  1.013743E-03 -3.649474E-04 -3.649474E-04  7.341373E-14  4.549023E-15 -5.842394E-20
        15   7  1.013743E-03 -3.649474E-04 -3.649474E-04 -7.341371E-14  4.549113E-15 -1.693448E-20
        15   8  1.013743E-03 -3.649474E-04 -3.649474E-04 -7.341399E-14  4.550849E-15 -7.620514E-20
        16   1  1.013743E-03 -3.649474E-04 -3.649474E-04  1.248119E-14 -8.221754E-16 -7.239488E-20
        16   2  1.013743E-03 -3.649474E-04 -3.649474E-04  1.248141E-14 -8.211444E-16 -9.536226E-20
        16   3  1.013743E-03 -3.649474E-04 -3.649474E-04 -1.248179E-14 -8.241005E-16 -7.239488E-20
        16   4  1.013743E-03 -3.649474E-04 -3.649474E-04 -1.248137E-14 -8.227981E-16  1.270086E-20
        16   5  1.013743E-03 -3.649474E-04 -3.649474E-04  1.248141E-14  8.226680E-16 -1.066872E-19
        16   6  1.013743E-03 -3.649474E-04 -3.649474E-04  1.248136E-14  8.217455E-16 -1.358992E-19
        16   7  1.013743E-03 -3.649474E-04 -3.649474E-04 -1.248147E-14  8.208196E-16 -1.219282E-19
        16   8  1.013743E-03 -3.649474E-04 -3.649474E-04 -1.248128E-14  8.225493E-16 -1.270086E-21

                                INCREMENT     3


 forces (fx,fy,fz) for set RIGHT and time  0.1750000E+00

        65  6.666984E+00  4.095667E-17 -3.235500E-15
        66  6.666984E+00  6.175848E-16  2.981638E-16
        67  6.666984E+00  8.117189E-16 -2.413689E-15
        68  6.666984E+00 -4.085044E-16  3.411723E-15

 displacements (vx,vy,vz) for set RIGHT and time  0.1750000E+00

        65  3.500000E-02  1.597755E-03  3.195509E-04
        66  3.500000E-02 -1.597755E-03  3.195509E-04
        67  3.500000E-02 -1.597755E-03 -3.195509E-04
        68  3.500000E-02  1.597755E-03 -3.195509E-04

 stresses (elem, integ.pnt.,sxx,syy,szz,sxy,sxz,syz) for set ALL and time  0.1750000E+00

         1   1  6.400611E+00  3.022618E+00  2.870892E+00  6.251152E-01  2.079501E-01  2.333554E-04
         1   2  4.272700E+00  2.775512E-01 -2.852753E-01  6.240341E-01  2.075131E-01  2.331313E-04
         1   3  6.400611E+00  3.022618E+00  2.870892E+00 -6.251152E-01  2.079501E-01 -2.333554E-04
         1   4  4.272700E+00  2.775512E-01 -2.852753E-01 -6.240341E-01  2.075131E-01 -2.331313E-04
         1   5  6.400611E+00  3.022618E+00  2.870892E+00  6.251152E-01 -2.079501E-01 -2.333554E-04
         1   6  4.272700E+00  2.775512E-01 -2.852753E-01  6.240341E-01 -2.075131E-01 -2.331313E-04
         1   7  6.400611E+00  3.022618E+00  2.870892E+00 -6.251152E-01 -2.079501E-01  2.333554E-04
         1   8  4.272700E+00  2.775512E-01 -2.852753E-01 -6.240341E-01 -2.075131E-01  2.331313E-04
         2   1  5.290869E+00  2.379410E-01 -3.341141E-01  1.546275E-01 -4.637620E-02 -1.288788E-05
         2   2  5.389858E+00  1.831003E-01 -5.238057E-03  1.546144E-01 -4.638839E-02 -1.288846E-05
         2   3  5.290869E+00  2.379410E-01 -3.341141E-01 -1.546275E-01 -4.637620E-02  1.288788E-05
         2   4  5.389858E+00  1.831003E-01 -5.238057E-03 -1.546144E-01 -4.638839E-02  1.288846E-05
         2   5  5.290869E+00  2.379410E-01 -3.341141E-01  1.546275E-01  4.637620E-02  1.288788E-05
         2   6  5.389858E+00  1.831003E-01 -5.238057E-03  1.546144E-01  4.638839E-02  1.288846E-05
         2   7  5.290869E+00  2.379410E-01 -3.341141E-01 -1.546275E-01  4.637620E-02 -1.288788E-05
         2   8  5.389858E+00  1.831003E-01 -5.238057E-03 -1.546144E-01  4.638839E-02 -1.288846E-05
         3   1  5.370595E+00  1.113166E-01  6.816946E-02  3.009552E-02  3.446473E-03  1.863942E-07
         3   2  5.310008E+00  2.102552E-02 -9.348449E-03  3.009371E-02  3.446305E-03  1.863891E-07
         3   3  5.370595E+00  1.113166E-01  6.816946E-02 -3.009552E-02  3.446473E-03 -1.863942E-07
         3   4  5.310008E+00  2.102552E-02 -9.348449E-03 -3.009371E-02  3.446305E-03 -1.863891E-07
         3   5  5.370595E+00  1.113166E-01  6.816946E-02  3.009552E-02 -3.446473E-03 -1.863942E-07
         3   6  5.310008E+00  2.102552E-02 -9.348449E-03  3.009371E-02 -3.446305E-03 -1.863891E-07
         3   7  5.370595E+00  1.113166E-01  6.816946E-02 -3.009552E-02 -3.446473E-03  1.863942E-07
         3   8  5.310008E+00  2.102552E-02 -9.348449E-03 -3.009371E-02 -3.446305E-03  1.863891E-07
         4   1  5.340874E+00  1.497934E-02 -5.971605E-03  6.900051E-03 -1.232692E-03 -1.528536E-08
         4   2  5.339931E+00  7.188816E-03 -7.926834E-04  6.900005E-03 -1.232699E-03 -1.528535E-08
         4   3  5.340874E+00  1.497934E-02 -5.971605E-03 -6.900051E-03 -1.232692E-03  1.528536E-08
         4   4  5.339931E+00  7.188816E-03 -7.926834E-04 -6.900005E-03 -1.232699E-03  1.528535E-08
         4   5  5.340874E+00  1.497934E-02 -5.971605E-03  6.900051E-03  1.232692E-03  1.528536E-08
         4   6  5.339931E+00  7.188816E-03 -7.926834E-04  6.900005E-03  1.232699E-03  1.528535E-08
         4   7  5.340874E+00  1.497934E-02 -5.971605E-03 -6.900051E-03  1.232692E-03 -1.528536E-08
         4   8  5.339931E+00  7.188816E-03 -7.926834E-04 -6.900005E-03  1.232699E-03 -1.528535E-08
         5   1  5.341395E+00  4.518796E-03  1.750713E-03  1.413051E-03  2.602597E-05  6.608954E-11
         5   2  5.339419E+00  1.146134E-03 -3.482673E-04  1.413048E-03  2.602594E-05  6.608971E-11
         5   3  5.341395E+00  4.518796E-03  1.750713E-03 -1.413051E-03  2.602597E-05 -6.608958E-11
         5   4  5.339419E+00  1.146134E-03 -3.482673E-04 -1.413048E-03  2.602594E-05 -6.608952E-11
         5   5  5.341395E+00  4.518796E-03  1.750713E-03  1.413051E-03 -2.602597E-05 -6.608988E-11
         5   6  5.339419E+00  1.146134E-03 -3.482673E-04  1.413048E-03 -2.602594E-05 -6.608931E-11
         5   7  5.341395E+00  4.518796E-03  1.750713E-03 -1.413051E-03 -2.602597E-05  6.608937E-11
         5   8  5.339419E+00  1.146134E-03 -3.482673E-04 -1.413048E-03 -2.602594E-05  6.608970E-11
         6   1  5.340492E+00  7.761227E-04 -7.095187E-05  3.126383E-04 -3.715957E-05 -2.087773E-11
         6   2  5.340329E+00  3.038320E-04 -4.839814E-05  3.126382E-04 -3.715958E-05 -2.087754E-11
         6   3  5.340492E+00  7.761227E-04 -7.095187E-05 -3.126383E-04 -3.715957E-05  2.087766E-11
         6   4  5.340329E+00  3.038320E-04 -4.839814E-05 -3.126382E-04 -3.715958E-05  2.087801E-11
         6   5  5.340492E+00  7.761227E-04 -7.095187E-05  3.126383E-04  3.715957E-05  2.087742E-11
         6   6  5.340329E+00  3.038320E-04 -4.839814E-05  3.126382E-04  3.715958E-05  2.087813E-11
         6   7  5.340492E+00  7.761227E-04 -7.095187E-05 -3.126383E-04  3.715957E-05 -2.087709E-11
         6   8  5.340329E+00  3.038320E-04 -4.839814E-05 -3.126382E-04  3.715958E-05 -2.087736E-11
         7   1  5.340448E+00  1.947244E-04  5.049326E-05  6.558657E-05 -1.673118E-06 -1.970447E-13
         7   2  5.340374E+00  5.657082E-05 -1.424108E-05  6.558656E-05 -1.673118E-06 -1.974856E-13
         7   3  5.340448E+00  1.947244E-04  5.049326E-05 -6.558657E-05 -1.673118E-06  1.972386E-13
         7   4  5.340374E+00  5.657082E-05 -1.424108E-05 -6.558656E-05 -1.673118E-06  1.968830E-13
         7   5  5.340448E+00  1.947244E-04  5.049326E-05  6.558657E-05  1.673118E-06  1.975667E-13
         7   6  5.340374E+00  5.657082E-05 -1.424108E-05  6.558656E-05  1.673118E-06  1.975592E-13
         7   7  5.340448E+00  1.947244E-04  5.049326E-05 -6.558657E-05  1.673118E-06 -1.970746E-13
         7   8  5.340374E+00  5.657082E-05 -1.424108E-05 -6.558656E-05  1.673118E-06 -1.971435E-13
         8   1  5.340416E+00  3.756811E-05  1.150258E-06  1.427042E-05 -1.285155E-06 -3.313320E-14
         8   2  5.340406E+00  1.338724E-05 -2.483566E-06  1.427042E-05 -1.285155E-06 -3.324457E-14
         8   3  5.340416E+00  3.756811E-05  1.150258E-06 -1.427042E-05 -1.285155E-06  3.289461E-14
         8   4  5.340406E+00  1.338724E-05 -2.483566E-06 -1.427042E-05 -1.285155E-06  3.295193E-14
         8   5  5.340416E+00  3.756811E-05  1.150258E-06  1.427042E-05  1.285155E-06  3.265976E-14
         8   6  5.340406E+00  1.338724E-05 -2.483566E-06  1.427042E-05  1.285155E-06  3.270822E-14
         8   7  5.340416E+00  3.756811E-05  1.150258E-06 -1.427042E-05  1.285155E-06 -3.283870E-14
         8   8  5.340406E+00  1.338724E-05 -2.483566E-06 -1.427042E-05  1.285155E-06 -3.262807E-14
         9   1  5.340413E+00  8.667902E-06  1.670895E-06  3.028040E-06 -1.390808E-07 -1.219089E-15
         9   2  5.340410E+00  2.684194E-06 -6.162031E-07  3.028039E-06 -1.390808E-07 -8.323179E-16
         9   3  5.340413E+00  8.667902E-06  1.670895E-06 -3.028040E-06 -1.390808E-07  7.754672E-16
         9   4  5.340410E+00  2.684194E-06 -6.162031E-07 -3.028039E-06 -1.390808E-07  7.335282E-16
         9   5  5.340413E+00  8.667902E-06  1.670895E-06  3.028040E-06  1.390808E-07  7.941068E-16
         9   6  5.340410E+00  2.684194E-06 -6.162031E-07  3.028039E-06  1.390808E-07  1.168762E-15
         9   7  5.340413E+00  8.667902E-06  1.670895E-06 -3.028040E-06  1.390808E-07 -6.748136E-16
         9   8  5.340410E+00  2.684194E-06 -6.162031E-07 -3.028039E-06  1.390807E-07 -4.045400E-16
        10   1  5.340411E+00  1.767614E-06  1.484732E-07  6.536803E-07 -4.989888E-08 -2.301011E-16
        10   2  5.340411E+00  6.027224E-07 -1.197529E-07  6.536803E-07 -4.989888E-08 -2.934756E-16
        10   3  5.340411E+00  1.767614E-06  1.484732E-07 -6.536803E-07 -4.989889E-08  3.121151E-16
        10   4  5.340411E+00  6.027224E-07 -1.197529E-07 -6.536803E-07 -4.989888E-08 -5.089026E-17
        10   5  5.340411E+00  1.767614E-06  1.484732E-07  6.536803E-07  4.989888E-08  2.077336E-16
        10   6  5.340411E+00  6.027224E-07 -1.197529E-07  6.536803E-07  4.989889E-08 -3.495892E-16
        10   7  5.340411E+00  1.767614E-06  1.484732E-07 -6.536803E-07  4.989887E-08  4.483789E-16
        10   8  5.340411E+00  6.027224E-07 -1.197529E-07 -6.536803E-07  4.989888E-08 -2.698461E-18
        11   1  5.340411E+00  3.922392E-07  6.270418E-08  1.394536E-07 -7.739445E-09 -5.741740E-16
        11   2  5.340411E+00  1.251803E-07 -2.748782E-08  1.394536E-07 -7.739439E-09 -1.571139E-16
        11   3  5.340411E+00  3.922392E-07  6.270419E-08 -1.394536E-07 -7.739443E-09 -1.546327E-16
        11   4  5.340411E+00  1.251803E-07 -2.748781E-08 -1.394536E-07 -7.739446E-09  5.646029E-17
        11   5  5.340411E+00  3.922392E-07  6.270418E-08  1.394536E-07  7.739442E-09 -1.397211E-16
        11   6  5.340411E+00  1.251803E-07 -2.748782E-08  1.394536E-07  7.739446E-09  3.542272E-16
        11   7  5.340411E+00  3.922392E-07  6.270418E-08 -1.394536E-07  7.739448E-09  1.471769E-16
        11   8  5.340411E+00  1.251803E-07 -2.748781E-08 -1.394536E-07  7.739440E-09 -1.212328E-16
        12   1  5.340411E+00  8.212112E-08  8.895510E-09  2.999318E-08 -2.094470E-09 -2.424272E-16
        12   2  5.340411E+00  2.742676E-08 -5.624937E-09  2.999318E-08 -2.094481E-09 -4.679658E-16
        12   3  5.340411E+00  8.212112E-08  8.895519E-09 -2.999318E-08 -2.094467E-09  2.349713E-16
        12   4  5.340411E+00  2.742676E-08 -5.624931E-09 -2.999318E-08 -2.094471E-09 -1.271021E-16
        12   5  5.340411E+00  8.212111E-08  8.895509E-09  2.999318E-08  2.094469E-09  2.237876E-16
        12   6  5.340411E+00  2.742675E-08 -5.624940E-09  2.999318E-08  2.094463E-09 -8.778103E-16
        12   7  5.340411E+00  8.212112E-08  8.895516E-09 -2.999318E-08  2.094474E-09  3.503108E-16
        12   8  5.340411E+00  2.742676E-08 -5.624935E-09 -2.999318E-08  2.094471E-09 -3.393529E-16
        13   1  5.340411E+00  1.789290E-08  2.576220E-09  6.414794E-09 -3.848740E-10 -8.313287E-16
        13   2  5.340411E+00  5.792507E-09 -1.245134E-09  6.414794E-09 -3.848768E-10 -7.446548E-16
        13   3  5.340411E+00  1.789289E-08  2.576210E-09 -6.414793E-09 -3.848774E-10 -2.348540E-16
        13   4  5.340411E+00  5.792498E-09 -1.245140E-09 -6.414793E-09 -3.848649E-10  4.194344E-17
        13   5  5.340411E+00  1.789290E-08  2.576216E-09  6.414794E-09  3.848635E-10 -7.828570E-16
        13   6  5.340411E+00  5.792503E-09 -1.245138E-09  6.414792E-09  3.848669E-10 -2.367180E-16
        13   7  5.340411E+00  1.789289E-08  2.576205E-09 -6.414794E-09  3.848643E-10  5.218633E-17
        13   8  5.340411E+00  5.792499E-09 -1.245139E-09 -6.414795E-09  3.848758E-10  1.938470E-16
        14   1  5.340411E+00  3.793640E-09  4.535865E-10  1.376668E-09 -9.190789E-11 -2.609561E-17
        14   2  5.340411E+00  1.256200E-09 -2.609008E-10  1.376669E-09 -9.190118E-11 -1.062457E-16
        14   3  5.340411E+00  3.793648E-09  4.535949E-10 -1.376666E-09 -9.190851E-11  3.355143E-17
        14   4  5.340411E+00  1.256206E-09 -2.608959E-10 -1.376666E-09 -9.189892E-11 -3.583453E-16
        14   5  5.340411E+00  3.793648E-09  4.535922E-10  1.376665E-09  9.190330E-11 -2.684094E-16
        14   6  5.340411E+00  1.256207E-09 -2.608941E-10  1.376666E-09  9.190905E-11  1.397969E-16
        14   7  5.340411E+00  3.793649E-09  4.535958E-10 -1.376669E-09  9.190194E-11  1.640279E-16
        14   8  5.340411E+00  1.256206E-09 -2.608954E-10 -1.376668E-09  9.190769E-11 -4.268461E-16
        15   1  5.340411E+00  8.220055E-10  1.112119E-10  2.920224E-10 -1.813198E-11  2.348584E-16
        15   2  5.340411E+00  2.750603E-10 -5.580965E-11  2.920210E-10 -1.813222E-11  4.543392E-16
        15   3  5.340411E+00  8.220078E-10  1.112132E-10 -2.920200E-10 -1.813441E-11 -3.094167E-16
        15   4  5.340411E+00  2.750647E-10 -5.580566E-11 -2.920208E-10 -1.813345E-11  6.901297E-16
        15   5  5.340411E+00  8.220047E-10  1.112124E-10  2.920196E-10  1.813073E-11  1.565723E-16
        15   6  5.340411E+00  2.750616E-10 -5.580965E-11  2.920198E-10  1.813097E-11  5.647786E-16
        15   7  5.340411E+00  8.220042E-10  1.112106E-10 -2.920222E-10  1.812989E-11 -3.802470E-16
        15   8  5.340411E+00  2.750568E-10 -5.581231E-11 -2.920220E-10  1.813660E-11  3.504237E-16
        16   1  5.340411E+00  1.870185E-10  1.922650E-11  4.971335E-11 -3.273629E-12  4.715808E-16
        16   2  5.340411E+00  9.511690E-11 -7.057386E-12  4.971311E-11 -3.277465E-12 -8.853791E-18
        16   3  5.340411E+00  1.870057E-10  1.921453E-11 -4.971235E-11 -3.275426E-12  1.137013E-16
        16   4  5.340411E+00  9.510227E-11 -7.072902E-12 -4.971319E-11 -3.277344E-12 -2.712056E-16
        16   5  5.340411E+00  1.870128E-10  1.922030E-11  4.971357E-11  3.277771E-12  1.416606E-16
        16   6  5.340411E+00  9.511025E-11 -7.064036E-12  4.971310E-11  3.274894E-12  1.863956E-18
        16   7  5.340411E+00  1.870105E-10  1.921941E-11 -4.971319E-11  3.276429E-12  2.013072E-16
        16   8  5.340411E+00  9.511690E-11 -7.057386E-12 -4.971271E-11  3.271664E-12 -1.342048E-16

 strains (elem, integ.pnt.,exx,eyy,ezz,exy,exz,eyz) for set ALL and time  0.1750000E+00

         1   1  1.421794E-03 -1.031163E-04 -1.715303E-04  2.817046E-04  9.371785E-05 -5.563855E-24
         1   2  1.421794E-03 -3.847812E-04 -6.400097E-04  2.816252E-04  9.367392E-05 -8.136001E-20
         1   3  1.421794E-03 -1.031163E-04 -1.715303E-04 -2.817046E-04  9.371785E-05 -2.710782E-20
         1   4  1.421794E-03 -3.847812E-04 -6.400097E-04 -2.816252E-04  9.367392E-05 -2.717076E-20
         1   5  1.421794E-03 -1.031163E-04 -1.715303E-04  2.817046E-04 -9.371785E-05 -1.863686E-20
         1   6  1.421794E-03 -3.847812E-04 -6.400097E-04  2.816252E-04 -9.367392E-05 -1.558512E-19
         1   7  1.421794E-03 -1.031163E-04 -1.715303E-04 -2.817046E-04 -9.371785E-05 -4.912690E-20
         1   8  1.421794E-03 -3.847812E-04 -6.400097E-04 -2.816252E-04 -9.367392E-05 -1.050479E-19
         2   1  1.769830E-03 -5.133738E-04 -7.731576E-04  6.970986E-05 -2.091291E-05 -1.706143E-20
         2   2  1.769830E-03 -5.830812E-04 -6.685876E-04  6.970500E-05 -2.091510E-05  1.982384E-20
         2   3  1.769830E-03 -5.133738E-04 -7.731576E-04 -6.970986E-05 -2.091291E-05 -1.017203E-19
         2   4  1.769830E-03 -5.830812E-04 -6.685876E-04 -6.970500E-05 -2.091510E-05  4.014106E-20
         2   5  1.769830E-03 -5.133738E-04 -7.731576E-04  6.970986E-05  2.091291E-05 -1.457179E-19
         2   6  1.769830E-03 -5.830812E-04 -6.685876E-04  6.970500E-05  2.091510E-05 -1.490503E-19
         2   7  1.769830E-03 -5.133738E-04 -7.731576E-04 -6.970986E-05  2.091291E-05 -2.032857E-19
         2   8  1.769830E-03 -5.830812E-04 -6.685876E-04 -6.970500E-05  2.091510E-05 -1.812192E-19
         3   1  1.763246E-03 -6.135612E-04 -6.331534E-04  1.356871E-05  1.553889E-06 -4.573100E-20
         3   2  1.763246E-03 -6.271298E-04 -6.409228E-04  1.356853E-05  1.553877E-06  4.611874E-20
         3   3  1.763246E-03 -6.135612E-04 -6.331534E-04 -1.356871E-05  1.553889E-06  1.142600E-19
         3   4  1.763246E-03 -6.271298E-04 -6.409228E-04 -1.356853E-05  1.553877E-06  1.712608E-20
         3   5  1.763246E-03 -6.135612E-04 -6.331534E-04  1.356871E-05 -1.553889E-06 -1.354591E-19
         3   6  1.763246E-03 -6.271298E-04 -6.409228E-04  1.356853E-05 -1.553877E-06 -1.142919E-19
         3   7  1.763246E-03 -6.135612E-04 -6.331534E-04 -1.356871E-05 -1.553889E-06 -1.591615E-19
         3   8  1.763246E-03 -6.271298E-04 -6.409228E-04 -1.356853E-05 -1.553877E-06 -1.075199E-19
         4   1  1.773791E-03 -6.332349E-04 -6.427495E-04  3.110974E-06 -5.557800E-07  1.396610E-19
         4   2  1.773791E-03 -6.363459E-04 -6.399706E-04  3.110964E-06 -5.557816E-07  1.136381E-19
         4   3  1.773791E-03 -6.332349E-04 -6.427495E-04 -3.110974E-06 -5.557800E-07  5.839737E-20
         4   4  1.773791E-03 -6.363459E-04 -6.399706E-04 -3.110964E-06 -5.557816E-07 -1.326916E-19
         4   5  1.773791E-03 -6.332349E-04 -6.427495E-04  3.110974E-06  5.557800E-07 -1.489933E-19
         4   6  1.773791E-03 -6.363459E-04 -6.399706E-04  3.110964E-06  5.557816E-07 -8.295975E-20
         4   7  1.773791E-03 -6.332349E-04 -6.427495E-04 -3.110974E-06  5.557800E-07 -3.386986E-20
         4   8  1.773791E-03 -6.363459E-04 -6.399706E-04 -3.110964E-06  5.557816E-07 -1.599907E-19
         5   1  1.774292E-03 -6.377178E-04 -6.389749E-04  6.370939E-07  1.173419E-08 -8.466143E-21
         5   2  1.774292E-03 -6.383549E-04 -6.390335E-04  6.370935E-07  1.173419E-08  9.205539E-20
         5   3  1.774292E-03 -6.377178E-04 -6.389749E-04 -6.370939E-07  1.173419E-08 -8.466143E-21
         5   4  1.774292E-03 -6.383549E-04 -6.390335E-04 -6.370935E-07  1.173419E-08 -5.502821E-21
         5   5  1.774292E-03 -6.377178E-04 -6.389749E-04  6.370939E-07 -1.173419E-08 -1.422119E-19
         5   6  1.774292E-03 -6.383549E-04 -6.390335E-04  6.370935E-07 -1.173419E-08  8.634158E-20
         5   7  1.774292E-03 -6.377178E-04 -6.389749E-04 -6.370939E-07 -1.173419E-08 -8.803635E-20
         5   8  1.774292E-03 -6.383549E-04 -6.390335E-04 -6.370935E-07 -1.173419E-08  9.057404E-20
         6   1  1.774658E-03 -6.386397E-04 -6.390244E-04  1.409575E-07 -1.675393E-08 -4.147840E-20
         6   2  1.774658E-03 -6.387806E-04 -6.389406E-04  1.409575E-07 -1.675393E-08  4.486399E-20
         6   3  1.774658E-03 -6.386397E-04 -6.390244E-04 -1.409575E-07 -1.675393E-08  9.311114E-21
         6   4  1.774658E-03 -6.387806E-04 -6.389406E-04 -1.409575E-07 -1.675393E-08  1.695099E-19
         6   5  1.774658E-03 -6.386397E-04 -6.390244E-04  1.409575E-07  1.675393E-08 -9.819336E-20
         6   6  1.774658E-03 -6.387806E-04 -6.389406E-04  1.409575E-07  1.675393E-08  2.251667E-19
         6   7  1.774658E-03 -6.386397E-04 -6.390244E-04 -1.409575E-07  1.675393E-08  2.505613E-19
         6   8  1.774658E-03 -6.387806E-04 -6.389406E-04 -1.409575E-07  1.675393E-08  1.252807E-19
         7   1  1.774698E-03 -6.388430E-04 -6.389085E-04  2.957065E-08 -7.543492E-10  7.110529E-20
         7   2  1.774698E-03 -6.388726E-04 -6.389048E-04  2.957065E-08 -7.543493E-10 -1.290900E-19
         7   3  1.774698E-03 -6.388430E-04 -6.389085E-04 -2.957065E-08 -7.543492E-10  1.692982E-20
         7   4  1.774698E-03 -6.388726E-04 -6.389048E-04 -2.957065E-08 -7.543492E-10 -1.445384E-19
         7   5  1.774698E-03 -6.388430E-04 -6.389085E-04  2.957065E-08  7.543492E-10  1.659124E-19
         7   6  1.774698E-03 -6.388726E-04 -6.389048E-04  2.957065E-08  7.543492E-10  1.625264E-19
         7   7  1.774698E-03 -6.388430E-04 -6.389085E-04 -2.957065E-08  7.543492E-10  5.756142E-20
         7   8  1.774698E-03 -6.388726E-04 -6.389048E-04 -2.957065E-08  7.543493E-10  2.624125E-20
         8   1  1.774713E-03 -6.388858E-04 -6.389023E-04  6.434025E-09 -5.794306E-10 -7.957020E-20
         8   2  1.774713E-03 -6.388922E-04 -6.388994E-04  6.434025E-09 -5.794306E-10 -1.301481E-19
         8   3  1.774713E-03 -6.388858E-04 -6.389023E-04 -6.434025E-09 -5.794306E-10 -2.878071E-20
         8   4  1.774713E-03 -6.388922E-04 -6.388994E-04 -6.434025E-09 -5.794306E-10 -2.751094E-21
         8   5  1.774713E-03 -6.388858E-04 -6.389023E-04  6.434025E-09  5.794306E-10 -1.354387E-19
         8   6  1.774713E-03 -6.388922E-04 -6.388994E-04  6.434025E-09  5.794306E-10 -1.134299E-19
         8   7  1.774713E-03 -6.388858E-04 -6.389023E-04 -6.434025E-09  5.794306E-10  5.417547E-20
         8   8  1.774713E-03 -6.388922E-04 -6.388994E-04 -6.434025E-09  5.794306E-10  1.498290E-19
         9   1  1.774715E-03 -6.388951E-04 -6.388983E-04  1.365235E-09 -6.270656E-11 -2.099299E-19
         9   2  1.774715E-03 -6.388964E-04 -6.388979E-04  1.365235E-09 -6.270656E-11 -3.428291E-20
         9   3  1.774715E-03 -6.388951E-04 -6.388983E-04 -1.365235E-09 -6.270656E-11  8.464917E-21
         9   4  1.774715E-03 -6.388964E-04 -6.388979E-04 -1.365235E-09 -6.270656E-11 -1.058115E-20
         9   5  1.774715E-03 -6.388951E-04 -6.388983E-04  1.365235E-09  6.270656E-11  1.692983E-20
         9   6  1.774715E-03 -6.388964E-04 -6.388979E-04  1.365235E-09  6.270656E-11  1.870746E-19
         9   7  1.774715E-03 -6.388951E-04 -6.388983E-04 -1.365235E-09  6.270656E-11  3.724563E-20
         9   8  1.774715E-03 -6.388964E-04 -6.388979E-04 -1.365235E-09  6.270656E-11  1.599869E-19
        10   1  1.774715E-03 -6.388971E-04 -6.388978E-04  2.947212E-10 -2.249763E-11 -7.787723E-20
        10   2  1.774715E-03 -6.388974E-04 -6.388977E-04  2.947212E-10 -2.249763E-11 -1.066579E-19
        10   3  1.774715E-03 -6.388971E-04 -6.388978E-04 -2.947212E-10 -2.249763E-11  1.151229E-19
        10   4  1.774715E-03 -6.388974E-04 -6.388977E-04 -2.947212E-10 -2.249763E-11 -4.973138E-20
        10   5  1.774715E-03 -6.388971E-04 -6.388978E-04  2.947212E-10  2.249763E-11  6.771933E-20
        10   6  1.774715E-03 -6.388974E-04 -6.388977E-04  2.947212E-10  2.249763E-11 -1.853817E-19
        10   7  1.774715E-03 -6.388971E-04 -6.388978E-04 -2.947212E-10  2.249763E-11  2.302457E-19
        10   8  1.774715E-03 -6.388974E-04 -6.388977E-04 -2.947212E-10  2.249763E-11  2.539475E-20
        11   1  1.774716E-03 -6.388975E-04 -6.388976E-04  6.287466E-11 -3.489440E-12 -2.598729E-19
        11   2  1.774716E-03 -6.388975E-04 -6.388976E-04  6.287466E-11 -3.489437E-12 -7.047043E-20
        11   3  1.774716E-03 -6.388975E-04 -6.388976E-04 -6.287466E-11 -3.489439E-12 -7.110529E-20
        11   4  1.774716E-03 -6.388975E-04 -6.388976E-04 -6.287466E-11 -3.489441E-12  2.475988E-20
        11   5  1.774716E-03 -6.388975E-04 -6.388976E-04  6.287466E-11  3.489439E-12 -6.433336E-20
        11   6  1.774716E-03 -6.388975E-04 -6.388976E-04  6.287466E-11  3.489441E-12  1.599869E-19
        11   7  1.774716E-03 -6.388975E-04 -6.388976E-04 -6.287466E-11  3.489442E-12  6.771933E-20
        11   8  1.774716E-03 -6.388975E-04 -6.388976E-04 -6.287466E-11  3.489438E-12 -5.417546E-20
        12   1  1.774716E-03 -6.388976E-04 -6.388976E-04  1.352286E-11 -9.443222E-13 -1.100439E-19
        12   2  1.774716E-03 -6.388976E-04 -6.388976E-04  1.352286E-11 -9.443271E-13 -2.124694E-19
        12   3  1.774716E-03 -6.388976E-04 -6.388976E-04 -1.352286E-11 -9.443204E-13  1.066579E-19
        12   4  1.774716E-03 -6.388976E-04 -6.388976E-04 -1.352286E-11 -9.443226E-13 -5.777305E-20
        12   5  1.774716E-03 -6.388976E-04 -6.388976E-04  1.352286E-11  9.443213E-13  1.015790E-19
        12   6  1.774716E-03 -6.388976E-04 -6.388976E-04  1.352286E-11  9.443188E-13 -3.986975E-19
        12   7  1.774716E-03 -6.388976E-04 -6.388976E-04 -1.352286E-11  9.443238E-13  1.591404E-19
        12   8  1.774716E-03 -6.388976E-04 -6.388976E-04 -1.352286E-11  9.443225E-13 -1.540615E-19
        13   1  1.774716E-03 -6.388976E-04 -6.388976E-04  2.892202E-12 -1.735260E-13 -3.775353E-19
        13   2  1.774716E-03 -6.388976E-04 -6.388976E-04  2.892202E-12 -1.735273E-13 -3.381734E-19
        13   3  1.774716E-03 -6.388976E-04 -6.388976E-04 -2.892202E-12 -1.735275E-13 -1.066579E-19
        13   4  1.774716E-03 -6.388976E-04 -6.388976E-04 -2.892202E-12 -1.735219E-13  1.904606E-20
        13   5  1.774716E-03 -6.388976E-04 -6.388976E-04  2.892202E-12  1.735212E-13 -3.555265E-19
        13   6  1.774716E-03 -6.388976E-04 -6.388976E-04  2.892201E-12  1.735228E-13 -1.075044E-19
        13   7  1.774716E-03 -6.388976E-04 -6.388976E-04 -2.892202E-12  1.735216E-13  2.370177E-20
        13   8  1.774716E-03 -6.388976E-04 -6.388976E-04 -2.892203E-12  1.735268E-13  8.803513E-20
        14   1  1.774716E-03 -6.388976E-04 -6.388976E-04  6.206906E-13 -4.143802E-14 -1.185088E-20
        14   2  1.774716E-03 -6.388976E-04 -6.388976E-04  6.206908E-13 -4.143497E-14 -4.825002E-20
        14   3  1.774716E-03 -6.388976E-04 -6.388976E-04 -6.206897E-13 -4.143830E-14  1.523685E-20
        14   4  1.774716E-03 -6.388976E-04 -6.388976E-04 -6.206897E-13 -4.143395E-14 -1.627380E-19
        14   5  1.774716E-03 -6.388976E-04 -6.388976E-04  6.206894E-13  4.143591E-14 -1.218948E-19
        14   6  1.774716E-03 -6.388976E-04 -6.388976E-04  6.206897E-13  4.143852E-14  6.348687E-20
        14   7  1.774716E-03 -6.388976E-04 -6.388976E-04 -6.206910E-13  4.143530E-14  7.449126E-20
        14   8  1.774716E-03 -6.388976E-04 -6.388976E-04 -6.206907E-13  4.143790E-14 -1.938466E-19
        15   1  1.774716E-03 -6.388976E-04 -6.388976E-04  1.316625E-13 -8.175053E-15  1.066579E-19
        15   2  1.774716E-03 -6.388976E-04 -6.388976E-04  1.316619E-13 -8.175161E-15  2.063323E-19
        15   3  1.774716E-03 -6.388976E-04 -6.388976E-04 -1.316614E-13 -8.176168E-15 -1.405176E-19
        15   4  1.774716E-03 -6.388976E-04 -6.388976E-04 -1.316618E-13 -8.175734E-15  3.134135E-19
        15   5  1.774716E-03 -6.388976E-04 -6.388976E-04  1.316612E-13  8.174509E-15  7.110529E-20
        15   6  1.774716E-03 -6.388976E-04 -6.388976E-04  1.316613E-13  8.174618E-15  2.564870E-19
        15   7  1.774716E-03 -6.388976E-04 -6.388976E-04 -1.316624E-13  8.174112E-15 -1.726843E-19
        15   8  1.774716E-03 -6.388976E-04 -6.388976E-04 -1.316623E-13  8.177153E-15  1.591404E-19
        16   1  1.774716E-03 -6.388976E-04 -6.388976E-04  2.241398E-14 -1.475957E-15  2.141624E-19
        16   2  1.774716E-03 -6.388976E-04 -6.388976E-04  2.241387E-14 -1.477694E-15 -4.020835E-21
        16   3  1.774716E-03 -6.388976E-04 -6.388976E-04 -2.241353E-14 -1.476765E-15  5.163599E-20
        16   4  1.774716E-03 -6.388976E-04 -6.388976E-04 -2.241391E-14 -1.477634E-15 -1.231645E-19
        16   5  1.774716E-03 -6.388976E-04 -6.388976E-04  2.241408E-14  1.477834E-15  6.433336E-20
        16   6  1.774716E-03 -6.388976E-04 -6.388976E-04  2.241387E-14  1.476531E-15  8.464916E-22
        16   7  1.774716E-03 -6.388976E-04 -6.388976E-04 -2.241391E-14  1.477234E-15  9.142109E-20
        16   8  1.774716E-03 -6.388976E-04 -6.388976E-04 -2.241369E-14  1.475075E-15 -6.094740E-20

                                INCREMENT     4


 forces (fx,fy,fz) for set RIGHT and time  0.2750000E+00

        65  1.049253E+01 -1.470303E-15 -1.096680E-14
        66  1.049253E+01  8.776293E-17 -1.270859E-14
        67  1.049253E+01  1.961748E-15  4.555939E-15
        68  1.049253E+01 -2.914313E-15  6.185162E-15

 displacements (vx,vy,vz) for set RIGHT and time  0.2750000E+00

        65  5.500000E-02  2.512473E-03  5.024946E-04
        66  5.500000E-02 -2.512473E-03  5.024946E-04
        67  5.500000E-02 -2.512473E-03 -5.024946E-04
        68  5.500000E-02  2.512473E-03 -5.024946E-04

 stresses (elem, integ.pnt.,sxx,syy,szz,sxy,sxz,syz) for set ALL and time  0.2750000E+00

         1   1  1.007443E+01  4.750158E+00  4.510486E+00  9.856862E-01  3.281540E-01  5.773241E-04
         1   2  6.728809E+00  4.384942E-01 -4.475105E-01  9.830181E-01  3.270738E-01  5.764544E-04
         1   3  1.007443E+01  4.750158E+00  4.510486E+00 -9.856862E-01  3.281540E-01 -5.773241E-04
         1   4  6.728809E+00  4.384942E-01 -4.475105E-01 -9.830181E-01  3.270738E-01 -5.764544E-04
         1   5  1.007443E+01  4.750158E+00  4.510486E+00  9.856862E-01 -3.281540E-01 -5.773241E-04
         1   6  6.728809E+00  4.384942E-01 -4.475105E-01  9.830181E-01 -3.270738E-01 -5.764544E-04
         1   7  1.007443E+01  4.750158E+00  4.510486E+00 -9.856862E-01 -3.281540E-01  5.773241E-04
         1   8  6.728809E+00  4.384942E-01 -4.475105E-01 -9.830181E-01 -3.270738E-01  5.764544E-04
         2   1  8.332955E+00  3.748602E-01 -5.249964E-01  2.441445E-01 -7.317837E-02 -3.194594E-05
         2   2  8.488653E+00  2.883911E-01 -8.338133E-03  2.441120E-01 -7.320856E-02 -3.194818E-05
         2   3  8.332955E+00  3.748602E-01 -5.249964E-01 -2.441445E-01 -7.317837E-02  3.194594E-05
         2   4  8.488653E+00  2.883911E-01 -8.338133E-03 -2.441120E-01 -7.320856E-02  3.194818E-05
         2   5  8.332955E+00  3.748602E-01 -5.249964E-01  2.441445E-01  7.317837E-02  3.194594E-05
         2   6  8.488653E+00  2.883911E-01 -8.338133E-03  2.441120E-01  7.320856E-02  3.194818E-05
         2   7  8.332955E+00  3.748602E-01 -5.249964E-01 -2.441445E-01  7.317837E-02 -3.194594E-05
         2   8  8.488653E+00  2.883911E-01 -8.338133E-03 -2.441120E-01  7.320856E-02 -3.194818E-05
         3   1  8.458382E+00  1.754771E-01  1.071158E-01  4.766218E-02  5.419286E-03  4.617778E-07
         3   2  8.362918E+00  3.331909E-02 -1.470193E-02  4.765766E-02  5.418872E-03  4.617580E-07
         3   3  8.458382E+00  1.754771E-01  1.071158E-01 -4.766218E-02  5.419286E-03 -4.617778E-07
         3   4  8.362918E+00  3.331909E-02 -1.470193E-02 -4.765766E-02  5.418872E-03 -4.617580E-07
         3   5  8.458382E+00  1.754771E-01  1.071158E-01  4.766218E-02 -5.419286E-03 -4.617778E-07
         3   6  8.362918E+00  3.331909E-02 -1.470193E-02  4.765766E-02 -5.418872E-03 -4.617580E-07
         3   7  8.458382E+00  1.754771E-01  1.071158E-01 -4.766218E-02 -5.419286E-03  4.617778E-07
         3   8  8.362918E+00  3.331909E-02 -1.470193E-02 -4.765766E-02 -5.418872E-03  4.617580E-07
         4   1  8.411668E+00  2.372267E-02 -9.364342E-03  1.094601E-02 -1.948813E-03 -3.813846E-08
         4   2  8.410133E+00  1.137250E-02 -1.258045E-03  1.094589E-02 -1.948828E-03 -3.813843E-08
         4   3  8.411668E+00  2.372267E-02 -9.364342E-03 -1.094601E-02 -1.948813E-03  3.813846E-08
         4   4  8.410133E+00  1.137250E-02 -1.258045E-03 -1.094589E-02 -1.948828E-03  3.813843E-08
         4   5  8.411668E+00  2.372267E-02 -9.364342E-03  1.094601E-02  1.948813E-03  3.813846E-08
         4   6  8.410133E+00  1.137250E-02 -1.258045E-03  1.094589E-02  1.948828E-03  3.813843E-08
         4   7  8.411668E+00  2.372267E-02 -9.364342E-03 -1.094601E-02  1.948813E-03 -3.813846E-08
         4   8  8.410133E+00  1.137250E-02 -1.258045E-03 -1.094589E-02  1.948828E-03 -3.813843E-08
         5   1  8.412474E+00  7.155315E-03  2.754580E-03  2.248193E-03  3.954827E-05  1.589634E-10
         5   2  8.409350E+00  1.823281E-03 -5.501564E-04  2.248185E-03  3.954819E-05  1.589633E-10
         5   3  8.412474E+00  7.155315E-03  2.754580E-03 -2.248193E-03  3.954827E-05 -1.589632E-10
         5   4  8.409350E+00  1.823281E-03 -5.501564E-04 -2.248185E-03  3.954819E-05 -1.589634E-10
         5   5  8.412474E+00  7.155315E-03  2.754580E-03  2.248193E-03 -3.954827E-05 -1.589638E-10
         5   6  8.409350E+00  1.823281E-03 -5.501564E-04  2.248185E-03 -3.954819E-05 -1.589642E-10
         5   7  8.412474E+00  7.155315E-03  2.754580E-03 -2.248193E-03 -3.954827E-05  1.589637E-10
         5   8  8.409350E+00  1.823281E-03 -5.501564E-04 -2.248185E-03 -3.954819E-05  1.589632E-10
         6   1  8.411051E+00  1.234525E-03 -1.098175E-04  4.983568E-04 -5.896768E-05 -5.254052E-11
         6   2  8.410791E+00  4.830898E-04 -7.701990E-05  4.983565E-04 -5.896769E-05 -5.254002E-11
         6   3  8.411051E+00  1.234525E-03 -1.098175E-04 -4.983568E-04 -5.896768E-05  5.253983E-11
         6   4  8.410791E+00  4.830898E-04 -7.701990E-05 -4.983565E-04 -5.896769E-05  5.253941E-11
         6   5  8.411051E+00  1.234525E-03 -1.098175E-04  4.983568E-04  5.896768E-05  5.253972E-11
         6   6  8.410791E+00  4.830898E-04 -7.701990E-05  4.983565E-04  5.896769E-05  5.253982E-11
         6   7  8.411051E+00  1.234525E-03 -1.098175E-04 -4.983568E-04  5.896768E-05 -5.254012E-11
         6   8  8.410791E+00  4.830898E-04 -7.701990E-05 -4.983565E-04  5.896769E-05 -5.254042E-11
         7   1  8.410980E+00  3.098649E-04  7.969953E-05  1.048345E-04 -2.739157E-06 -5.136187E-13
         7   2  8.410864E+00  9.036078E-05 -2.261368E-05  1.048345E-04 -2.739157E-06 -5.130937E-13
         7   3  8.410980E+00  3.098649E-04  7.969953E-05 -1.048345E-04 -2.739157E-06  5.129337E-13
         7   4  8.410864E+00  9.036078E-05 -2.261368E-05 -1.048345E-04 -2.739157E-06  5.128071E-13
         7   5  8.410980E+00  3.098649E-04  7.969953E-05  1.048345E-04  2.739157E-06  5.130900E-13
         7   6  8.410864E+00  9.036078E-05 -2.261368E-05  1.048345E-04  2.739157E-06  5.136670E-13
         7   7  8.410980E+00  3.098649E-04  7.969953E-05 -1.048345E-04  2.739157E-06 -5.137750E-13
         7   8  8.410864E+00  9.036078E-05 -2.261368E-05 -1.048345E-04  2.739157E-06 -5.136596E-13
         8   1  8.410930E+00  6.001668E-05  1.919302E-06  2.285730E-05 -2.050561E-06 -8.345571E-14
         8   2  8.410914E+00  2.139500E-05 -3.966402E-06  2.285730E-05 -2.050561E-06 -8.370142E-14
         8   3  8.410930E+00  6.001668E-05  1.919302E-06 -2.285730E-05 -2.050561E-06  8.281540E-14
         8   4  8.410914E+00  2.139500E-05 -3.966402E-06 -2.285730E-05 -2.050561E-06  8.323793E-14
         8   5  8.410930E+00  6.001668E-05  1.919302E-06  2.285730E-05  2.050561E-06  8.430451E-14
         8   6  8.410914E+00  2.139500E-05 -3.966402E-06  2.285730E-05  2.050561E-06  8.394712E-14
         8   7  8.410930E+00  6.001668E-05  1.919302E-06 -2.285730E-05  2.050561E-06 -8.412582E-14
         8   8  8.410914E+00  2.139500E-05 -3.966402E-06 -2.285730E-05  2.050561E-06 -8.449065E-14
         9   1  8.410925E+00  1.386246E-05  2.650855E-06  4.862693E-06 -2.253960E-07 -1.821824E-15
         9   2  8.410920E+00  4.305925E-06 -9.836863E-07  4.862693E-06 -2.253960E-07 -1.171268E-15
         9   3  8.410925E+00  1.386246E-05  2.650855E-06 -4.862693E-06 -2.253960E-07  1.382536E-15
         9   4  8.410920E+00  4.305925E-06 -9.836863E-07 -4.862693E-06 -2.253960E-07  1.809725E-15
         9   5  8.410925E+00  1.386246E-05  2.650855E-06  4.862693E-06  2.253960E-07  1.885111E-15
         9   6  8.410920E+00  4.305925E-06 -9.836863E-07  4.862693E-06  2.253960E-07  2.112201E-15
         9   7  8.410925E+00  1.386246E-05  2.650855E-06 -4.862693E-06  2.253960E-07 -2.748797E-15
         9   8  8.410920E+00  4.305925E-06 -9.836863E-07 -4.862693E-06  2.253960E-07 -2.372796E-15
        10   1  8.410923E+00  2.836412E-06  2.400826E-07  1.052041E-06 -8.011316E-08 -8.739893E-17
        10   2  8.410922E+00  9.681124E-07 -1.920238E-07  1.052041E-06 -8.011315E-08 -3.610234E-16
        10   3  8.410923E+00  2.836412E-06  2.400826E-07 -1.052041E-06 -8.011316E-08 -2.056174E-17
        10   4  8.410922E+00  9.681123E-07 -1.920239E-07 -1.052041E-06 -8.011315E-08  5.006277E-16
        10   5  8.410923E+00  2.836412E-06  2.400826E-07  1.052041E-06  8.011316E-08  3.293797E-16
        10   6  8.410922E+00  9.681124E-07 -1.920238E-07  1.052041E-06  8.011316E-08  4.644833E-17
        10   7  8.410923E+00  2.836412E-06  2.400826E-07 -1.052041E-06  8.011317E-08 -2.698152E-16
        10   8  8.410922E+00  9.681123E-07 -1.920239E-07 -1.052041E-06  8.011317E-08  4.524044E-16
        11   1  8.410922E+00  6.304136E-07  1.000949E-07  2.249998E-07 -1.255047E-08 -1.316233E-16
        11   2  8.410922E+00  2.017095E-07 -4.410857E-08  2.249998E-07 -1.255047E-08 -1.195242E-16
        11   3  8.410922E+00  6.304136E-07  1.000949E-07 -2.249998E-07 -1.255047E-08  5.932482E-16
        11   4  8.410922E+00  2.017095E-07 -4.410856E-08 -2.249998E-07 -1.255048E-08  9.766947E-16
        11   5  8.410922E+00  6.304136E-07  1.000949E-07  2.249998E-07  1.255046E-08 -5.012496E-16
        11   6  8.410922E+00  2.017095E-07 -4.410858E-08  2.249998E-07  1.255047E-08  7.578154E-17
        11   7  8.410922E+00  6.304136E-07  1.000949E-07 -2.249998E-07  1.255046E-08  6.203786E-16
        11   8  8.410922E+00  2.017095E-07 -4.410858E-08 -2.249998E-07  1.255047E-08  7.171709E-16
        12   1  8.410922E+00  1.323765E-07  1.436710E-08  4.850201E-08 -3.383297E-09  8.905337E-17
        12   2  8.410922E+00  4.427148E-08 -9.058555E-09  4.850201E-08 -3.383312E-09 -6.992456E-16
        12   3  8.410922E+00  1.323765E-07  1.436710E-08 -4.850201E-08 -3.383310E-09  8.639787E-16
        12   4  8.410922E+00  4.427148E-08 -9.058551E-09 -4.850201E-08 -3.383301E-09  8.174439E-16
        12   5  8.410922E+00  1.323765E-07  1.436711E-08  4.850201E-08  3.383313E-09 -3.124203E-16
        12   6  8.410922E+00  4.427149E-08 -9.058550E-09  4.850201E-08  3.383308E-09 -1.597862E-16
        12   7  8.410922E+00  1.323765E-07  1.436710E-08 -4.850201E-08  3.383301E-09  8.633919E-16
        12   8  8.410922E+00  4.427148E-08 -9.058551E-09 -4.850201E-08  3.383310E-09  9.266792E-16
        13   1  8.410922E+00  2.889827E-08  4.138243E-09  1.039871E-08 -6.259036E-10 -4.095176E-16
        13   2  8.410922E+00  9.376574E-09 -2.008077E-09  1.039871E-08 -6.259105E-10  8.840442E-17
        13   3  8.410922E+00  2.889825E-08  4.138224E-09 -1.039871E-08 -6.259162E-10  8.413603E-16
        13   4  8.410922E+00  9.376551E-09 -2.008101E-09 -1.039872E-08 -6.259094E-10  5.826269E-16
        13   5  8.410922E+00  2.889827E-08  4.138238E-09  1.039871E-08  6.259082E-10 -4.020488E-16
        13   6  8.410922E+00  9.376569E-09 -2.008082E-09  1.039871E-08  6.259182E-10 -2.010186E-16
        13   7  8.410922E+00  2.889826E-08  4.138231E-09 -1.039871E-08  6.259027E-10  6.105245E-16
        13   8  8.410922E+00  9.376557E-09 -2.008094E-09 -1.039871E-08  6.259075E-10  5.062867E-16
        14   1  8.410922E+00  6.143555E-09  7.342700E-10  2.236802E-09 -1.493052E-10  9.306894E-17
        14   2  8.410922E+00  2.037609E-09 -4.220517E-10  2.236803E-09 -1.493038E-10 -4.281205E-16
        14   3  8.410922E+00  6.143549E-09  7.342629E-10 -2.236806E-09 -1.493032E-10  6.887152E-16
        14   4  8.410922E+00  2.037606E-09 -4.220535E-10 -2.236804E-09 -1.492946E-10  1.880011E-16
        14   5  8.410922E+00  6.143550E-09  7.342638E-10  2.236804E-09  1.493113E-10  1.042385E-16
        14   6  8.410922E+00  2.037603E-09 -4.220579E-10  2.236806E-09  1.493031E-10 -3.499409E-16
        14   7  8.410922E+00  6.143556E-09  7.342691E-10 -2.236802E-09  1.493055E-10  5.956444E-16
        14   8  8.410922E+00  2.037621E-09 -4.220393E-10 -2.236802E-09  1.493180E-10  2.754852E-16
        15   1  8.410922E+00  1.334039E-09  1.796797E-10  4.755860E-10 -2.960400E-11 -1.008874E-15
        15   2  8.410922E+00  4.473910E-10 -9.043902E-11  4.755874E-10 -2.960640E-11 -3.043374E-16
        15   3  8.410922E+00  1.334051E-09  1.796921E-10 -4.755872E-10 -2.960384E-11  3.164365E-16
        15   4  8.410922E+00  4.473998E-10 -9.043193E-11 -4.755851E-10 -2.960576E-11  5.304966E-17
        15   5  8.410922E+00  1.334044E-09  1.796841E-10  4.755890E-10  2.959171E-11 -9.083587E-16
        15   6  8.410922E+00  4.474043E-10 -9.042573E-11  4.755886E-10  2.960277E-11 -3.797237E-16
        15   7  8.410922E+00  1.334040E-09  1.796823E-10 -4.755835E-10  2.959111E-11  4.020604E-16
        15   8  8.410922E+00  4.473786E-10 -9.045230E-11 -4.755864E-10  2.959495E-11 -5.211897E-17
        16   1  8.410922E+00  3.043594E-10  3.121952E-11  8.110386E-11 -5.349989E-12 -1.228518E-15
        16   2  8.410922E+00  1.550481E-10 -1.147438E-11  8.110464E-11 -5.338946E-12 -1.204320E-15
        16   3  8.410922E+00  3.043629E-10  3.121952E-11 -8.110715E-11 -5.354779E-12  2.605947E-16
        16   4  8.410922E+00  1.550507E-10 -1.147527E-11 -8.110667E-11 -5.345176E-12  5.881995E-16
        16   5  8.410922E+00  3.043576E-10  3.121775E-11  8.110523E-11  5.345900E-12 -1.384875E-15
        16   6  8.410922E+00  1.550472E-10 -1.147615E-11  8.110571E-11  5.336778E-12 -1.444439E-15
        16   7  8.410922E+00  3.043664E-10  3.122307E-11 -8.110625E-11  5.337006E-12  5.956450E-17
        16   8  8.410922E+00  1.550463E-10 -1.148058E-11 -8.110313E-11  5.348469E-12  1.012597E-15

 strains (elem, integ.pnt.,exx,eyy,ezz,exy,exz,eyz) for set ALL and time  0.2750000E+00

         1   1  2.235692E-03 -1.620488E-04 -2.697890E-04  4.426897E-04  1.473956E-04 -3.176320E-20
         1   2  2.235692E-03 -6.046405E-04 -1.006495E-03  4.424936E-04  1.472869E-04 -1.642897E-19
         1   3  2.235692E-03 -1.620488E-04 -2.697890E-04 -4.426897E-04  1.473956E-04 -1.143770E-20
         1   4  2.235692E-03 -6.046405E-04 -1.006495E-03 -4.424936E-04  1.472869E-04 -5.593509E-20
         1   5  2.235692E-03 -1.620488E-04 -2.697890E-04  4.426897E-04 -1.473956E-04 -2.710650E-20
         1   6  2.235692E-03 -6.046405E-04 -1.006495E-03  4.424936E-04 -1.472869E-04 -1.287502E-19
         1   7  2.235692E-03 -1.620488E-04 -2.697890E-04 -4.426897E-04 -1.473956E-04 -5.841869E-24
         1   8  2.235692E-03 -6.046405E-04 -1.006495E-03 -4.424936E-04 -1.472869E-04 -1.362609E-20
         2   1  2.782477E-03 -8.067516E-04 -1.215804E-03  1.097179E-04 -3.289945E-05 -1.372078E-19
         2   2  2.782477E-03 -9.164635E-04 -1.051293E-03  1.097058E-04 -3.290487E-05 -3.812760E-20
         2   3  2.782477E-03 -8.067516E-04 -1.215804E-03 -1.097179E-04 -3.289945E-05  2.529129E-20
         2   4  2.782477E-03 -9.164635E-04 -1.051293E-03 -1.097058E-04 -3.290487E-05  1.988251E-19
         2   5  2.782477E-03 -8.067516E-04 -1.215804E-03  1.097179E-04  3.289945E-05 -1.084437E-19
         2   6  2.782477E-03 -9.164635E-04 -1.051293E-03  1.097058E-04  3.290487E-05 -4.574197E-20
         2   7  2.782477E-03 -8.067516E-04 -1.215804E-03 -1.097179E-04  3.289945E-05  6.082339E-20
         2   8  2.782477E-03 -9.164635E-04 -1.051293E-03 -1.097058E-04  3.290487E-05  5.032954E-21
         3   1  2.772162E-03 -9.644586E-04 -9.955290E-04  2.142151E-05  2.435744E-06  1.286157E-19
         3   2  2.772162E-03 -9.858799E-04 -1.007708E-03  2.142105E-05  2.435714E-06  3.071678E-19
         3   3  2.772162E-03 -9.644586E-04 -9.955290E-04 -2.142151E-05  2.435744E-06  1.980049E-19
         3   4  2.772162E-03 -9.858799E-04 -1.007708E-03 -2.142105E-05  2.435714E-06  1.662759E-19
         3   5  2.772162E-03 -9.644586E-04 -9.955290E-04  2.142151E-05 -2.435744E-06  1.083072E-19
         3   6  2.772162E-03 -9.858799E-04 -1.007708E-03  2.142105E-05 -2.435714E-06  3.334004E-19
         3   7  2.772162E-03 -9.644586E-04 -9.955290E-04 -2.142151E-05 -2.435744E-06  5.414937E-20
         3   8  2.772162E-03 -9.858799E-04 -1.007708E-03 -2.142105E-05 -2.435714E-06  3.875571E-19
         4   1  2.788765E-03 -9.955213E-04 -1.010562E-03  4.919757E-06 -8.759200E-07  1.793976E-19
         4   2  2.788765E-03 -1.000441E-03 -1.006183E-03  4.919733E-06 -8.759238E-07 -5.118639E-20
         4   3  2.788765E-03 -9.955213E-04 -1.010562E-03 -4.919757E-06 -8.759200E-07  1.793976E-19
         4   4  2.788765E-03 -1.000441E-03 -1.006183E-03 -4.919733E-06 -8.759238E-07  2.145157E-19
         4   5  2.788765E-03 -9.955213E-04 -1.010562E-03  4.919757E-06  8.759200E-07  2.030913E-19
         4   6  2.788765E-03 -1.000441E-03 -1.006183E-03  4.919733E-06  8.759238E-07 -2.132305E-19
         4   7  2.788765E-03 -9.955213E-04 -1.010562E-03 -4.919757E-06  8.759200E-07  2.572475E-19
         4   8  2.788765E-03 -1.000441E-03 -1.006183E-03 -4.919733E-06  8.759238E-07 -2.047686E-19
         5   1  2.789563E-03 -1.002612E-03 -1.004612E-03  1.010471E-06  1.777536E-08 -8.461430E-20
         5   2  2.789563E-03 -1.003622E-03 -1.004701E-03  1.010470E-06  1.777536E-08  2.964680E-21
         5   3  2.789563E-03 -1.002612E-03 -1.004612E-03 -1.010471E-06  1.777536E-08  1.590865E-19
         5   4  2.789563E-03 -1.003622E-03 -1.004701E-03 -1.010470E-06  1.777536E-08 -4.442154E-20
         5   5  2.789563E-03 -1.002612E-03 -1.004612E-03  1.010471E-06 -1.777536E-08 -1.150767E-19
         5   6  2.789563E-03 -1.003622E-03 -1.004701E-03  1.010470E-06 -1.777536E-08 -3.740095E-19
         5   7  2.789563E-03 -1.002612E-03 -1.004612E-03 -1.010471E-06 -1.777536E-08  7.446832E-20
         5   8  2.789563E-03 -1.003622E-03 -1.004701E-03 -1.010470E-06 -1.777536E-08 -4.230600E-20
         6   1  2.790142E-03 -1.004074E-03 -1.004685E-03  2.239912E-07 -2.650361E-08 -1.607726E-19
         6   2  2.790142E-03 -1.004298E-03 -1.004553E-03  2.239912E-07 -2.650361E-08  6.642615E-20
         6   3  2.790142E-03 -1.004074E-03 -1.004685E-03 -2.239912E-07 -2.650361E-08 -1.540032E-19
         6   4  2.790142E-03 -1.004298E-03 -1.004553E-03 -2.239912E-07 -2.650361E-08 -3.422797E-19
         6   5  2.790142E-03 -1.004074E-03 -1.004685E-03  2.239912E-07  2.650361E-08 -2.030817E-19
         6   6  2.790142E-03 -1.004298E-03 -1.004553E-03  2.239912E-07  2.650361E-08 -1.540042E-19
         6   7  2.790142E-03 -1.004074E-03 -1.004685E-03 -2.239912E-07  2.650361E-08  2.031035E-20
         6   8  2.790142E-03 -1.004298E-03 -1.004553E-03 -2.239912E-07  2.650361E-08 -1.167722E-19
         7   1  2.790206E-03 -1.004397E-03 -1.004502E-03  4.711887E-08 -1.231141E-09 -9.815671E-20
         7   2  2.790206E-03 -1.004444E-03 -1.004496E-03  4.711887E-08 -1.231141E-09  1.404664E-19
         7   3  2.790206E-03 -1.004397E-03 -1.004502E-03 -4.711887E-08 -1.231141E-09 -2.132374E-19
         7   4  2.790206E-03 -1.004444E-03 -1.004496E-03 -4.711887E-08 -1.231141E-09 -2.707780E-19
         7   5  2.790206E-03 -1.004397E-03 -1.004502E-03  4.711887E-08  1.231141E-09 -1.421582E-19
         7   6  2.790206E-03 -1.004444E-03 -1.004496E-03  4.711887E-08  1.231141E-09  1.201580E-19
         7   7  2.790206E-03 -1.004397E-03 -1.004502E-03 -4.711887E-08  1.231141E-09 -1.692360E-19
         7   8  2.790206E-03 -1.004444E-03 -1.004496E-03 -4.711887E-08  1.231141E-09 -1.167729E-19
         8   1  2.790229E-03 -1.004465E-03 -1.004492E-03  1.027344E-08 -9.216447E-10  1.556975E-19
         8   2  2.790229E-03 -1.004476E-03 -1.004487E-03  1.027344E-08 -9.216447E-10  4.400148E-20
         8   3  2.790229E-03 -1.004465E-03 -1.004492E-03 -1.027344E-08 -9.216447E-10 -4.467838E-19
         8   4  2.790229E-03 -1.004476E-03 -1.004487E-03 -1.027344E-08 -9.216447E-10 -2.547007E-19
         8   5  2.790229E-03 -1.004465E-03 -1.004492E-03  1.027344E-08  9.216447E-10  2.301615E-19
         8   6  2.790229E-03 -1.004476E-03 -1.004487E-03  1.027344E-08  9.216447E-10  6.769457E-20
         8   7  2.790229E-03 -1.004465E-03 -1.004492E-03 -1.027344E-08  9.216447E-10 -1.489279E-19
         8   8  2.790229E-03 -1.004476E-03 -1.004487E-03 -1.027344E-08  9.216447E-10 -3.147796E-19
         9   1  2.790233E-03 -1.004480E-03 -1.004485E-03  2.185585E-09 -1.013064E-10  6.261746E-20
         9   2  2.790233E-03 -1.004482E-03 -1.004485E-03  2.185585E-09 -1.013064E-10  3.583580E-19
         9   3  2.790233E-03 -1.004480E-03 -1.004485E-03 -2.185585E-09 -1.013064E-10 -2.623163E-19
         9   4  2.790233E-03 -1.004482E-03 -1.004485E-03 -2.185585E-09 -1.013064E-10 -6.811762E-20
         9   5  2.790233E-03 -1.004480E-03 -1.004485E-03  2.185585E-09  1.013064E-10 -3.384725E-20
         9   6  2.790233E-03 -1.004482E-03 -1.004485E-03  2.185585E-09  1.013064E-10  6.938690E-20
         9   7  2.790233E-03 -1.004480E-03 -1.004485E-03 -2.185585E-09  1.013064E-10 -3.587810E-19
         9   8  2.790233E-03 -1.004482E-03 -1.004485E-03 -2.185585E-09  1.013064E-10 -1.878523E-19
        10   1  2.790234E-03 -1.004483E-03 -1.004484E-03  4.728500E-10 -3.600764E-11  2.877018E-20
        10   2  2.790234E-03 -1.004484E-03 -1.004484E-03  4.728500E-10 -3.600764E-11 -9.561853E-20
        10   3  2.790234E-03 -1.004483E-03 -1.004484E-03 -4.728500E-10 -3.600764E-11 -7.784871E-20
        10   4  2.790234E-03 -1.004484E-03 -1.004484E-03 -4.728500E-10 -3.600764E-11  1.590822E-19
        10   5  2.790234E-03 -1.004483E-03 -1.004484E-03  4.728500E-10  3.600764E-11  8.123344E-20
        10   6  2.790234E-03 -1.004484E-03 -1.004484E-03  4.728500E-10  3.600764E-11 -4.738617E-20
        10   7  2.790234E-03 -1.004483E-03 -1.004484E-03 -4.728500E-10  3.600764E-11 -5.415563E-20
        10   8  2.790234E-03 -1.004484E-03 -1.004484E-03 -4.728500E-10  3.600765E-11  2.741629E-19
        11   1  2.790234E-03 -1.004484E-03 -1.004484E-03  1.011283E-10 -5.640931E-12 -5.754035E-20
        11   2  2.790234E-03 -1.004484E-03 -1.004484E-03  1.011283E-10 -5.640929E-12 -5.204017E-20
        11   3  2.790234E-03 -1.004484E-03 -1.004484E-03 -1.011283E-10 -5.640929E-12  2.673934E-19
        11   4  2.790234E-03 -1.004484E-03 -1.004484E-03 -1.011283E-10 -5.640934E-12  4.417068E-19
        11   5  2.790234E-03 -1.004484E-03 -1.004484E-03  1.011283E-10  5.640927E-12 -2.301614E-19
        11   6  2.790234E-03 -1.004484E-03 -1.004484E-03  1.011283E-10  5.640931E-12  3.215490E-20
        11   7  2.790234E-03 -1.004484E-03 -1.004484E-03 -1.011283E-10  5.640928E-12  2.843170E-19
        11   8  2.790234E-03 -1.004484E-03 -1.004484E-03 -1.011283E-10  5.640932E-12  3.283185E-19
        12   1  2.790234E-03 -1.004484E-03 -1.004484E-03  2.179970E-11 -1.520656E-12  4.061672E-20
        12   2  2.790234E-03 -1.004484E-03 -1.004484E-03  2.179970E-11 -1.520663E-12 -3.177412E-19
        12   3  2.790234E-03 -1.004484E-03 -1.004484E-03 -2.179970E-11 -1.520661E-12  3.926283E-19
        12   4  2.790234E-03 -1.004484E-03 -1.004484E-03 -2.179970E-11 -1.520658E-12  3.714738E-19
        12   5  2.790234E-03 -1.004484E-03 -1.004484E-03  2.179970E-11  1.520663E-12 -1.421585E-19
        12   6  2.790234E-03 -1.004484E-03 -1.004484E-03  2.179970E-11  1.520661E-12 -7.277163E-20
        12   7  2.790234E-03 -1.004484E-03 -1.004484E-03 -2.179970E-11  1.520657E-12  3.926283E-19
        12   8  2.790234E-03 -1.004484E-03 -1.004484E-03 -2.179970E-11  1.520662E-12  4.213985E-19
        13   1  2.790234E-03 -1.004484E-03 -1.004484E-03  4.673803E-12 -2.813184E-13 -1.861600E-19
        13   2  2.790234E-03 -1.004484E-03 -1.004484E-03  4.673802E-12 -2.813216E-13  4.019363E-20
        13   3  2.790234E-03 -1.004484E-03 -1.004484E-03 -4.673803E-12 -2.813241E-13  3.824741E-19
        13   4  2.790234E-03 -1.004484E-03 -1.004484E-03 -4.673804E-12 -2.813211E-13  2.648549E-19
        13   5  2.790234E-03 -1.004484E-03 -1.004484E-03  4.673803E-12  2.813205E-13 -1.827752E-19
        13   6  2.790234E-03 -1.004484E-03 -1.004484E-03  4.673803E-12  2.813251E-13 -9.138762E-20
        13   7  2.790234E-03 -1.004484E-03 -1.004484E-03 -4.673803E-12  2.813181E-13  2.775476E-19
        13   8  2.790234E-03 -1.004484E-03 -1.004484E-03 -4.673803E-12  2.813202E-13  2.301614E-19
        14   1  2.790234E-03 -1.004484E-03 -1.004484E-03  1.005353E-12 -6.710670E-14  4.230908E-20
        14   2  2.790234E-03 -1.004484E-03 -1.004484E-03  1.005353E-12 -6.710605E-14 -1.946218E-19
        14   3  2.790234E-03 -1.004484E-03 -1.004484E-03 -1.005354E-12 -6.710576E-14  3.130872E-19
        14   4  2.790234E-03 -1.004484E-03 -1.004484E-03 -1.005353E-12 -6.710185E-14  8.546435E-20
        14   5  2.790234E-03 -1.004484E-03 -1.004484E-03  1.005354E-12  6.710943E-14  4.738617E-20
        14   6  2.790234E-03 -1.004484E-03 -1.004484E-03  1.005354E-12  6.710573E-14 -1.590822E-19
        14   7  2.790234E-03 -1.004484E-03 -1.004484E-03 -1.005353E-12  6.710682E-14  2.707781E-19
        14   8  2.790234E-03 -1.004484E-03 -1.004484E-03 -1.005352E-12  6.711247E-14  1.252349E-19
        15   1  2.790234E-03 -1.004484E-03 -1.004484E-03  2.137568E-13 -1.330580E-14 -4.586305E-19
        15   2  2.790234E-03 -1.004484E-03 -1.004484E-03  2.137574E-13 -1.330689E-14 -1.383507E-19
        15   3  2.790234E-03 -1.004484E-03 -1.004484E-03 -2.137573E-13 -1.330571E-14  1.438509E-19
        15   4  2.790234E-03 -1.004484E-03 -1.004484E-03 -2.137564E-13 -1.330658E-14  2.411618E-20
        15   5  2.790234E-03 -1.004484E-03 -1.004484E-03  2.137581E-13  1.330028E-14 -4.129367E-19
        15   6  2.790234E-03 -1.004484E-03 -1.004484E-03  2.137579E-13  1.330529E-14 -1.726211E-19
        15   7  2.790234E-03 -1.004484E-03 -1.004484E-03 -2.137556E-13  1.330004E-14  1.827752E-19
        15   8  2.790234E-03 -1.004484E-03 -1.004484E-03 -2.137569E-13  1.330178E-14 -2.369309E-20
        16   1  2.790234E-03 -1.004484E-03 -1.004484E-03  3.645292E-14 -2.404611E-15 -5.584799E-19
        16   2  2.790234E-03 -1.004484E-03 -1.004484E-03  3.645327E-14 -2.399610E-15 -5.474796E-19
        16   3  2.790234E-03 -1.004484E-03 -1.004484E-03 -3.645440E-14 -2.406757E-15  1.184654E-19
        16   4  2.790234E-03 -1.004484E-03 -1.004484E-03 -3.645419E-14 -2.402408E-15  2.673934E-19
        16   5  2.790234E-03 -1.004484E-03 -1.004484E-03  3.645353E-14  2.402773E-15 -6.295592E-19
        16   6  2.790234E-03 -1.004484E-03 -1.004484E-03  3.645375E-14  2.398642E-15 -6.566370E-19
        16   7  2.790234E-03 -1.004484E-03 -1.004484E-03 -3.645400E-14  2.398769E-15  2.707781E-20
        16   8  2.790234E-03 -1.004484E-03 -1.004484E-03 -3.645258E-14  2.403961E-15  4.603228E-19

                                INCREMENT     5


 forces (fx,fy,fz) for set RIGHT and time  0.3750000E+00

        65  1.432962E+01 -3.070521E-15 -1.640764E-14
        66  1.432962E+01  3.994588E-15  3.722911E-16
        67  1.432962E+01  3.519753E-15  2.637781E-14
        68  1.432962E+01 -2.799112E-15  2.353875E-14

 displacements (vx,vy,vz) for set RIGHT and time  0.3750000E+00

        65  7.500000E-02  3.428441E-03  6.856882E-04
        66  7.500000E-02 -3.428441E-03  6.856882E-04
        67  7.500000E-02 -3.428441E-03 -6.856882E-04
        68  7.500000E-02  3.428441E-03 -6.856882E-04

 stresses (elem, integ.pnt.,sxx,syy,szz,sxy,sxz,syz) for set ALL and time  0.3750000E+00

         1   1  1.376015E+01  6.477938E+00  6.149410E+00  1.348710E+00  4.493635E-01  1.075546E-03
         1   2  9.195552E+00  6.011397E-01 -6.091801E-01  1.343751E+00  4.473531E-01  1.073341E-03
         1   3  1.376015E+01  6.477938E+00  6.149410E+00 -1.348710E+00  4.493635E-01 -1.075546E-03
         1   4  9.195552E+00  6.011397E-01 -6.091801E-01 -1.343751E+00  4.473531E-01 -1.073341E-03
         1   5  1.376015E+01  6.477938E+00  6.149410E+00  1.348710E+00 -4.493635E-01 -1.075546E-03
         1   6  9.195552E+00  6.011397E-01 -6.091801E-01  1.343751E+00 -4.473531E-01 -1.073341E-03
         1   7  1.376015E+01  6.477938E+00  6.149410E+00 -1.348710E+00 -4.493635E-01  1.075546E-03
         1   8  9.195552E+00  6.011397E-01 -6.091801E-01 -1.343751E+00 -4.473531E-01  1.073341E-03
         2   1  1.138872E+01  5.124756E-01 -7.158461E-01  3.345105E-01 -1.002011E-01 -5.962882E-05
         2   2  1.160123E+01  3.941649E-01 -1.151612E-02  3.344497E-01 -1.002574E-01 -5.963451E-05
         2   3  1.138872E+01  5.124756E-01 -7.158461E-01 -3.345105E-01 -1.002011E-01  5.962882E-05
         2   4  1.160123E+01  3.941649E-01 -1.151612E-02 -3.344497E-01 -1.002574E-01  5.963451E-05
         2   5  1.138872E+01  5.124756E-01 -7.158461E-01  3.345105E-01  1.002011E-01  5.962882E-05
         2   6  1.160123E+01  3.941649E-01 -1.151612E-02  3.344497E-01  1.002574E-01  5.963451E-05
         2   7  1.138872E+01  5.124756E-01 -7.158461E-01 -3.345105E-01  1.002011E-01 -5.962882E-05
         2   8  1.160123E+01  3.941649E-01 -1.151612E-02 -3.344497E-01  1.002574E-01 -5.963451E-05
         3   1  1.155995E+01  2.400391E-01  1.460556E-01  6.550040E-02  7.394399E-03  8.614442E-07
         3   2  1.142943E+01  4.581689E-02 -2.006378E-02  6.549192E-02  7.393630E-03  8.613936E-07
         3   3  1.155995E+01  2.400391E-01  1.460556E-01 -6.550040E-02  7.394399E-03 -8.614442E-07
         3   4  1.142943E+01  4.581689E-02 -2.006378E-02 -6.549192E-02  7.393630E-03 -8.613936E-07
         3   5  1.155995E+01  2.400391E-01  1.460556E-01  6.550040E-02 -7.394399E-03 -8.614442E-07
         3   6  1.142943E+01  4.581689E-02 -2.006378E-02  6.549192E-02 -7.393630E-03 -8.613936E-07
         3   7  1.155995E+01  2.400391E-01  1.460556E-01 -6.550040E-02 -7.394399E-03  8.614442E-07
         3   8  1.142943E+01  4.581689E-02 -2.006378E-02 -6.549192E-02 -7.393630E-03  8.613937E-07
         4   1  1.149624E+01  3.260078E-02 -1.274265E-02  1.506809E-02 -2.673554E-03 -7.165640E-08
         4   2  1.149407E+01  1.561192E-02 -1.732475E-03  1.506787E-02 -2.673583E-03 -7.165633E-08
         4   3  1.149624E+01  3.260078E-02 -1.274265E-02 -1.506809E-02 -2.673554E-03  7.165639E-08
         4   4  1.149407E+01  1.561192E-02 -1.732475E-03 -1.506787E-02 -2.673583E-03  7.165633E-08
         4   5  1.149624E+01  3.260078E-02 -1.274265E-02  1.506809E-02  2.673554E-03  7.165639E-08
         4   6  1.149407E+01  1.561192E-02 -1.732475E-03  1.506787E-02  2.673583E-03  7.165633E-08
         4   7  1.149624E+01  3.260078E-02 -1.274265E-02 -1.506809E-02  2.673554E-03 -7.165640E-08
         4   8  1.149407E+01  1.561192E-02 -1.732475E-03 -1.506787E-02  2.673583E-03 -7.165632E-08
         5   1  1.149732E+01  9.831837E-03  3.760957E-03  3.103867E-03  5.205840E-05  2.874088E-10
         5   2  1.149304E+01  2.516833E-03 -7.541628E-04  3.103851E-03  5.205827E-05  2.874084E-10
         5   3  1.149732E+01  9.831837E-03  3.760957E-03 -3.103867E-03  5.205840E-05 -2.874092E-10
         5   4  1.149304E+01  2.516833E-03 -7.541628E-04 -3.103851E-03  5.205827E-05 -2.874093E-10
         5   5  1.149732E+01  9.831837E-03  3.760957E-03  3.103867E-03 -5.205840E-05 -2.874089E-10
         5   6  1.149304E+01  2.516833E-03 -7.541628E-04  3.103851E-03 -5.205827E-05 -2.874081E-10
         5   7  1.149732E+01  9.831837E-03  3.760957E-03 -3.103867E-03 -5.205840E-05  2.874099E-10
         5   8  1.149304E+01  2.516833E-03 -7.541628E-04 -3.103851E-03 -5.205827E-05  2.874094E-10
         6   1  1.149538E+01  1.703953E-03 -1.474455E-04  6.893398E-04 -8.120230E-05 -9.956621E-11
         6   2  1.149502E+01  6.665328E-04 -1.063540E-04  6.893393E-04 -8.120231E-05 -9.956568E-11
         6   3  1.149538E+01  1.703953E-03 -1.474455E-04 -6.893398E-04 -8.120230E-05  9.956563E-11
         6   4  1.149502E+01  6.665328E-04 -1.063540E-04 -6.893393E-04 -8.120231E-05  9.956556E-11
         6   5  1.149538E+01  1.703953E-03 -1.474455E-04  6.893398E-04  8.120230E-05  9.956656E-11
         6   6  1.149502E+01  6.665328E-04 -1.063540E-04  6.893393E-04  8.120231E-05  9.956619E-11
         6   7  1.149538E+01  1.703953E-03 -1.474455E-04 -6.893398E-04  8.120230E-05 -9.956526E-11
         6   8  1.149502E+01  6.665328E-04 -1.063540E-04 -6.893393E-04  8.120231E-05 -9.956480E-11
         7   1  1.149528E+01  4.278796E-04  1.091662E-04  1.454063E-04 -3.887905E-06 -1.006166E-12
         7   2  1.149512E+01  1.252415E-04 -3.116045E-05  1.454063E-04 -3.887905E-06 -1.006492E-12
         7   3  1.149528E+01  4.278796E-04  1.091662E-04 -1.454063E-04 -3.887905E-06  1.005423E-12
         7   4  1.149512E+01  1.252415E-04 -3.116045E-05 -1.454063E-04 -3.887905E-06  1.004492E-12
         7   5  1.149528E+01  4.278796E-04  1.091662E-04  1.454063E-04  3.887905E-06  1.005363E-12
         7   6  1.149512E+01  1.252415E-04 -3.116045E-05  1.454063E-04  3.887905E-06  1.004512E-12
         7   7  1.149528E+01  4.278796E-04  1.091662E-04 -1.454063E-04  3.887905E-06 -1.005155E-12
         7   8  1.149512E+01  1.252415E-04 -3.116045E-05 -1.454063E-04  3.887905E-06 -1.005549E-12
         8   1  1.149521E+01  8.319733E-05  2.771319E-06  3.176900E-05 -2.839272E-06 -1.611298E-13
         8   2  1.149519E+01  2.967072E-05 -5.496618E-06  3.176900E-05 -2.839272E-06 -1.607896E-13
         8   3  1.149521E+01  8.319733E-05  2.771319E-06 -3.176900E-05 -2.839272E-06  1.599773E-13
         8   4  1.149519E+01  2.967072E-05 -5.496618E-06 -3.176900E-05 -2.839272E-06  1.610861E-13
         8   5  1.149521E+01  8.319733E-05  2.771319E-06  3.176900E-05  2.839272E-06  1.601446E-13
         8   6  1.149519E+01  2.967072E-05 -5.496618E-06  3.176900E-05  2.839272E-06  1.599327E-13
         8   7  1.149521E+01  8.319733E-05  2.771319E-06 -3.176900E-05  2.839272E-06 -1.607394E-13
         8   8  1.149519E+01  2.967072E-05 -5.496618E-06 -3.176900E-05  2.839272E-06 -1.603602E-13
         9   1  1.149520E+01  1.923797E-05  3.649570E-06  6.776078E-06 -3.168901E-07 -4.607539E-15
         9   2  1.149520E+01  5.993747E-06 -1.362664E-06  6.776078E-06 -3.168901E-07 -2.930875E-15
         9   3  1.149520E+01  1.923797E-05  3.649570E-06 -6.776078E-06 -3.168901E-07  3.622359E-15
         9   4  1.149520E+01  5.993747E-06 -1.362664E-06 -6.776078E-06 -3.168901E-07  4.529468E-15
         9   5  1.149520E+01  1.923797E-05  3.649570E-06  6.776078E-06  3.168901E-07  3.521982E-15
         9   6  1.149520E+01  5.993747E-06 -1.362664E-06  6.776078E-06  3.168901E-07  4.536904E-15
         9   7  1.149520E+01  1.923797E-05  3.649570E-06 -6.776078E-06  3.168901E-07 -3.730172E-15
         9   8  1.149520E+01  5.993747E-06 -1.362664E-06 -6.776078E-06  3.168901E-07 -3.429041E-15
        10   1  1.149520E+01  3.949417E-06  3.367583E-07  1.469217E-06 -1.116173E-07  1.139607E-15
        10   2  1.149520E+01  1.349345E-06 -2.671788E-07  1.469217E-06 -1.116173E-07  1.036765E-17
        10   3  1.149520E+01  3.949417E-06  3.367583E-07 -1.469217E-06 -1.116173E-07  8.828001E-16
        10   4  1.149520E+01  1.349345E-06 -2.671788E-07 -1.469217E-06 -1.116173E-07 -3.384512E-16
        10   5  1.149520E+01  3.949417E-06  3.367583E-07  1.469217E-06  1.116173E-07  9.608710E-16
        10   6  1.149520E+01  1.349345E-06 -2.671788E-07  1.469217E-06  1.116173E-07  4.924458E-16
        10   7  1.149520E+01  3.949417E-06  3.367583E-07 -1.469217E-06  1.116173E-07  2.059126E-17
        10   8  1.149520E+01  1.349345E-06 -2.671788E-07 -1.469217E-06  1.116173E-07 -6.523052E-16
        11   1  1.149520E+01  8.792003E-07  1.386587E-07  3.150047E-07 -1.765792E-08  7.894031E-16
        11   2  1.149520E+01  2.820294E-07 -6.141846E-08  3.150047E-07 -1.765790E-08  1.598924E-15
        11   3  1.149520E+01  8.792003E-07  1.386587E-07 -3.150047E-07 -1.765791E-08 -5.031433E-16
        11   4  1.149520E+01  2.820294E-07 -6.141847E-08 -3.150047E-07 -1.765791E-08  2.143651E-16
        11   5  1.149520E+01  8.792003E-07  1.386587E-07  3.150047E-07  1.765791E-08  8.277790E-16
        11   6  1.149520E+01  2.820294E-07 -6.141847E-08  3.150047E-07  1.765791E-08  1.125192E-15
        11   7  1.149520E+01  8.792003E-07  1.386587E-07 -3.150047E-07  1.765790E-08 -1.437296E-16
        11   8  1.149520E+01  2.820294E-07 -6.141847E-08 -3.150047E-07  1.765792E-08  2.503424E-16
        12   1  1.149520E+01  1.851595E-07  2.013199E-08  6.805794E-08 -4.742553E-09  1.282019E-15
        12   2  1.149520E+01  6.200928E-08 -1.265839E-08  6.805794E-08 -4.742567E-09 -5.842467E-16
        12   3  1.149520E+01  1.851595E-07  2.013199E-08 -6.805795E-08 -4.742563E-09  7.864497E-17
        12   4  1.149520E+01  6.200928E-08 -1.265839E-08 -6.805795E-08 -4.742555E-09 -6.286398E-16
        12   5  1.149520E+01  1.851595E-07  2.013199E-08  6.805794E-08  4.742553E-09  1.041519E-15
        12   6  1.149520E+01  6.200927E-08 -1.265839E-08  6.805795E-08  4.742559E-09 -1.274583E-15
        12   7  1.149520E+01  1.851595E-07  2.013200E-08 -6.805794E-08  4.742556E-09 -2.831163E-16
        12   8  1.149520E+01  6.200929E-08 -1.265838E-08 -6.805794E-08  4.742573E-09 -1.342649E-15
        13   1  1.149520E+01  4.049910E-08  5.768453E-09  1.462700E-08 -8.831835E-10 -7.918845E-16
        13   2  1.149520E+01  1.317031E-08 -2.810180E-09  1.462700E-08 -8.831888E-10 -1.473146E-15
        13   3  1.149520E+01  4.049911E-08  5.768453E-09 -1.462700E-08 -8.831970E-10 -6.728735E-16
        13   4  1.149520E+01  1.317032E-08 -2.810180E-09 -1.462700E-08 -8.831777E-10  3.968832E-16
        13   5  1.149520E+01  4.049909E-08  5.768441E-09  1.462700E-08  8.831874E-10 -1.130146E-15
        13   6  1.149520E+01  1.317030E-08 -2.810193E-09  1.462700E-08  8.831825E-10 -1.996360E-15
        13   7  1.149520E+01  4.049910E-08  5.768448E-09 -1.462700E-08  8.831833E-10 -1.011226E-15
        13   8  1.149520E+01  1.317030E-08 -2.810198E-09 -1.462700E-08  8.831891E-10  3.605900E-16
        14   1  1.149520E+01  8.632958E-09  1.031331E-09  3.153582E-09 -2.104838E-10 -1.089276E-15
        14   2  1.149520E+01  2.867887E-09 -5.924103E-10  3.153585E-09 -2.104828E-10 -7.007801E-16
        14   3  1.149520E+01  8.632964E-09  1.031331E-09 -3.153585E-09 -2.104993E-10  8.141687E-16
        14   4  1.149520E+01  2.867889E-09 -5.924139E-10 -3.153581E-09 -2.104916E-10  4.321791E-16
        14   5  1.149520E+01  8.632949E-09  1.031321E-09  3.153584E-09  2.104768E-10 -1.397839E-15
        14   6  1.149520E+01  2.867876E-09 -5.924218E-10  3.153586E-09  2.104797E-10 -1.070685E-15
        14   7  1.149520E+01  8.632969E-09  1.031335E-09 -3.153585E-09  2.104725E-10  3.717648E-16
        14   8  1.149520E+01  2.867884E-09 -5.924183E-10 -3.153583E-09  2.104725E-10 -5.948374E-17
        15   1  1.149520E+01  1.878625E-09  2.519152E-10  6.720794E-10 -4.191116E-11 -8.178857E-17
        15   2  1.149520E+01  6.314051E-10 -1.271818E-10  6.720808E-10 -4.192126E-11  4.554133E-16
        15   3  1.149520E+01  1.878658E-09  2.519400E-10 -6.720779E-10 -4.193061E-11  4.089426E-16
        15   4  1.149520E+01  6.314369E-10 -1.271570E-10 -6.720764E-10 -4.191330E-11  1.403417E-16
        15   5  1.149520E+01  1.878646E-09  2.519347E-10  6.720807E-10  4.192889E-11 -6.245668E-16
        15   6  1.149520E+01  6.314440E-10 -1.271428E-10  6.720787E-10  4.190871E-11  3.420248E-16
        15   7  1.149520E+01  1.878638E-09  2.519205E-10 -6.720771E-10  4.190909E-11 -1.487064E-16
        15   8  1.149520E+01  6.314351E-10 -1.271579E-10 -6.720771E-10  4.192255E-11 -3.977897E-16
        16   1  1.149520E+01  4.298129E-10  4.399839E-11  1.148168E-10 -7.568242E-12  3.494600E-16
        16   2  1.149520E+01  2.193221E-10 -1.617975E-11  1.148161E-10 -7.577377E-12 -4.219544E-16
        16   3  1.149520E+01  4.298067E-10  4.398688E-11 -1.148146E-10 -7.556715E-12 -1.264004E-16
        16   4  1.149520E+01  2.193195E-10 -1.618329E-11 -1.148146E-10 -7.550946E-12  5.827432E-16
        16   5  1.149520E+01  4.298102E-10  4.399573E-11  1.148140E-10  7.586922E-12  7.435320E-17
        16   6  1.149520E+01  2.193159E-10 -1.618595E-11  1.148160E-10  7.559036E-12  2.081890E-16
        16   7  1.149520E+01  4.298164E-10  4.399750E-11 -1.148156E-10  7.582794E-12 -6.394375E-16
        16   8  1.149520E+01  2.193097E-10 -1.619303E-11 -1.148154E-10  7.578887E-12  9.442856E-16

 strains (elem, integ.pnt.,exx,eyy,ezz,exy,exz,eyz) for set ALL and time  0.3750000E+00

         1   1  3.050640E-03 -2.209875E-04 -3.682234E-04  6.036824E-04  2.011640E-04 -4.403049E-20
         1   2  3.050640E-03 -8.244876E-04 -1.373537E-03  6.033178E-04  2.009615E-04 -1.641134E-19
         1   3  3.050640E-03 -2.209875E-04 -3.682234E-04 -6.036824E-04  2.011640E-04  4.404147E-20
         1   4  3.050640E-03 -8.244876E-04 -1.373537E-03 -6.033178E-04  2.009615E-04  2.962924E-19
         1   5  3.050640E-03 -2.209875E-04 -3.682234E-04  6.036824E-04 -2.011640E-04  8.468208E-21
         1   6  3.050640E-03 -8.244876E-04 -1.373537E-03  6.033178E-04 -2.009615E-04 -2.031575E-20
         1   7  3.050640E-03 -2.209875E-04 -3.682234E-04 -6.036824E-04 -2.011640E-04  8.299063E-20
         1   8  3.050640E-03 -8.244876E-04 -1.373537E-03 -6.033178E-04 -2.009615E-04  4.400901E-19
         2   1  3.796082E-03 -1.100144E-03 -1.659063E-03  1.498523E-04 -4.491223E-05 -3.230900E-19
         2   2  3.796082E-03 -1.249985E-03 -1.434476E-03  1.498298E-04 -4.492235E-05 -7.438558E-20
         2   3  3.796082E-03 -1.100144E-03 -1.659063E-03 -1.498523E-04 -4.491223E-05  4.282511E-19
         2   4  3.796082E-03 -1.249985E-03 -1.434476E-03 -1.498298E-04 -4.492235E-05 -4.731568E-20
         2   5  3.796082E-03 -1.100144E-03 -1.659063E-03  1.498523E-04  4.491223E-05  9.478602E-20
         2   6  3.796082E-03 -1.249985E-03 -1.434476E-03  1.498298E-04  4.492235E-05  2.859738E-19
         2   7  3.796082E-03 -1.100144E-03 -1.659063E-03 -1.498523E-04  4.491223E-05  6.024502E-19
         2   8  3.796082E-03 -1.249985E-03 -1.434476E-03 -1.498298E-04  4.492235E-05  1.878415E-19
         3   1  3.782057E-03 -1.315567E-03 -1.358323E-03  2.934674E-05  3.313119E-06 -1.827035E-19
         3   2  3.782057E-03 -1.344913E-03 -1.374888E-03  2.934587E-05  3.313064E-06 -4.820713E-20
         3   3  3.782057E-03 -1.315567E-03 -1.358323E-03 -2.934674E-05  3.313119E-06  8.291497E-20
         3   4  3.782057E-03 -1.344913E-03 -1.374888E-03 -2.934587E-05  3.313064E-06 -1.986975E-20
         3   5  3.782057E-03 -1.315567E-03 -1.358323E-03  2.934674E-05 -3.313119E-06  2.707750E-20
         3   6  3.782057E-03 -1.344913E-03 -1.374888E-03  2.934587E-05 -3.313064E-06  3.891194E-20
         3   7  3.782057E-03 -1.315567E-03 -1.358323E-03 -2.934674E-05 -3.313119E-06  2.707750E-20
         3   8  3.782057E-03 -1.344913E-03 -1.374888E-03 -2.934587E-05 -3.313064E-06  1.877891E-19
         4   1  3.804742E-03 -1.358126E-03 -1.378759E-03  6.751340E-06 -1.197925E-06 -1.860845E-19
         4   2  3.804742E-03 -1.364877E-03 -1.372769E-03  6.751294E-06 -1.197932E-06 -1.332179E-19
         4   3  3.804742E-03 -1.358126E-03 -1.378759E-03 -6.751340E-06 -1.197925E-06 -2.402210E-19
         4   4  3.804742E-03 -1.364877E-03 -1.372769E-03 -6.751294E-06 -1.197932E-06 -9.388464E-20
         4   5  3.804742E-03 -1.358126E-03 -1.378759E-03  6.751340E-06  1.197925E-06 -9.473568E-20
         4   6  3.804742E-03 -1.364877E-03 -1.372769E-03  6.751294E-06  1.197932E-06  2.216245E-19
         4   7  3.804742E-03 -1.358126E-03 -1.378759E-03 -6.751340E-06  1.197925E-06 -1.556390E-19
         4   8  3.804742E-03 -1.364877E-03 -1.372769E-03 -6.751294E-06  1.197932E-06  3.451224E-19
         5   1  3.805845E-03 -1.367857E-03 -1.370620E-03  1.390714E-06  2.332528E-08 -1.624041E-19
         5   2  3.805845E-03 -1.369248E-03 -1.370736E-03  1.390712E-06  2.332527E-08 -1.099608E-19
         5   3  3.805845E-03 -1.367857E-03 -1.370620E-03 -1.390714E-06  2.332528E-08  3.599142E-24
         5   4  3.805845E-03 -1.369248E-03 -1.370736E-03 -1.390712E-06  2.332527E-08 -3.036656E-19
         5   5  3.805845E-03 -1.367857E-03 -1.370620E-03  1.390714E-06 -2.332528E-08  1.285754E-19
         5   6  3.805845E-03 -1.369248E-03 -1.370736E-03  1.390712E-06 -2.332527E-08  2.503803E-19
         5   7  3.805845E-03 -1.367857E-03 -1.370620E-03 -1.390714E-06 -2.332528E-08  3.451190E-19
         5   8  3.805845E-03 -1.369248E-03 -1.370736E-03 -1.390712E-06 -2.332527E-08  3.485015E-19
         6   1  3.806640E-03 -1.369870E-03 -1.370712E-03  3.088651E-07 -3.638348E-08 -2.977451E-19
         6   2  3.806640E-03 -1.370179E-03 -1.370530E-03  3.088650E-07 -3.638348E-08 -5.963294E-20
         6   3  3.806640E-03 -1.369870E-03 -1.370712E-03 -3.088651E-07 -3.638348E-08  3.383667E-20
         6   4  3.806640E-03 -1.370179E-03 -1.370530E-03 -3.088650E-07 -3.638348E-08  5.076239E-21
         6   5  3.806640E-03 -1.369870E-03 -1.370712E-03  3.088651E-07  3.638348E-08  4.533888E-19
         6   6  3.806640E-03 -1.370179E-03 -1.370530E-03  3.088650E-07  3.638348E-08  2.943642E-19
         6   7  3.806640E-03 -1.369870E-03 -1.370712E-03 -3.088651E-07  3.638348E-08  1.353410E-19
         6   8  3.806640E-03 -1.370179E-03 -1.370530E-03 -3.088650E-07  3.638348E-08  3.366578E-19
         7   1  3.806729E-03 -1.370316E-03 -1.370461E-03  6.515068E-08 -1.742013E-09 -2.774453E-19
         7   2  3.806729E-03 -1.370381E-03 -1.370452E-03  6.515068E-08 -1.742013E-09 -4.258959E-19
         7   3  3.806729E-03 -1.370316E-03 -1.370461E-03 -6.515068E-08 -1.742013E-09 -6.090223E-20
         7   4  3.806729E-03 -1.370381E-03 -1.370452E-03 -6.515068E-08 -1.742013E-09 -4.842610E-19
         7   5  3.806729E-03 -1.370316E-03 -1.370461E-03  6.515068E-08  1.742013E-09 -8.797015E-20
         7   6  3.806729E-03 -1.370381E-03 -1.370452E-03  6.515068E-08  1.742013E-09 -4.753794E-19
         7   7  3.806729E-03 -1.370316E-03 -1.370461E-03 -6.515068E-08  1.742013E-09  1.827087E-19
         7   8  3.806729E-03 -1.370381E-03 -1.370452E-03 -6.515068E-08  1.742013E-09  3.383802E-21
         8   1  3.806760E-03 -1.370410E-03 -1.370446E-03  1.423440E-08 -1.272163E-09 -3.129722E-19
         8   2  3.806760E-03 -1.370424E-03 -1.370440E-03  1.423440E-08 -1.272163E-09 -1.581779E-19
         8   3  3.806760E-03 -1.370410E-03 -1.370446E-03 -1.423440E-08 -1.272163E-09 -2.114677E-19
         8   4  3.806760E-03 -1.370424E-03 -1.370440E-03 -1.423440E-08 -1.272163E-09  2.930945E-19
         8   5  3.806760E-03 -1.370410E-03 -1.370446E-03  1.423440E-08  1.272163E-09 -1.353392E-19
         8   6  3.806760E-03 -1.370424E-03 -1.370440E-03  1.423440E-08  1.272163E-09 -2.317687E-19
         8   7  3.806760E-03 -1.370410E-03 -1.370446E-03 -1.423440E-08  1.272163E-09 -1.353392E-19
         8   8  3.806760E-03 -1.370424E-03 -1.370440E-03 -1.423440E-08  1.272163E-09  3.721841E-20
         9   1  3.806765E-03 -1.370430E-03 -1.370437E-03  3.036086E-09 -1.419856E-10 -3.586494E-19
         9   2  3.806765E-03 -1.370433E-03 -1.370437E-03  3.036086E-09 -1.419856E-10  4.043265E-19
         9   3  3.806765E-03 -1.370430E-03 -1.370437E-03 -3.036086E-09 -1.419856E-10 -8.966234E-20
         9   4  3.806765E-03 -1.370433E-03 -1.370437E-03 -3.036086E-09 -1.419856E-10  3.231229E-19
         9   5  3.806765E-03 -1.370430E-03 -1.370437E-03  3.036086E-09  1.419856E-10 -1.353394E-19
         9   6  3.806765E-03 -1.370433E-03 -1.370437E-03  3.036086E-09  1.419856E-10  3.265063E-19
         9   7  3.806765E-03 -1.370430E-03 -1.370437E-03 -3.036086E-09  1.419856E-10  4.060185E-20
         9   8  3.806765E-03 -1.370433E-03 -1.370437E-03 -3.036086E-09  1.419856E-10  1.776330E-19
        10   1  3.806766E-03 -1.370435E-03 -1.370436E-03  6.582966E-10 -5.001118E-11  6.513209E-19
        10   2  3.806766E-03 -1.370435E-03 -1.370436E-03  6.582966E-10 -5.001118E-11  1.374541E-19
        10   3  3.806766E-03 -1.370435E-03 -1.370436E-03 -6.582966E-10 -5.001118E-11  2.689871E-19
        10   4  3.806766E-03 -1.370435E-03 -1.370436E-03 -6.582966E-10 -5.001117E-11 -2.867504E-19
        10   5  3.806766E-03 -1.370435E-03 -1.370436E-03  6.582966E-10  5.001117E-11  3.045137E-19
        10   6  3.806766E-03 -1.370435E-03 -1.370436E-03  6.582966E-10  5.001118E-11  9.135411E-20
        10   7  3.806766E-03 -1.370435E-03 -1.370436E-03 -6.582966E-10  5.001118E-11  1.421064E-19
        10   8  3.806766E-03 -1.370435E-03 -1.370436E-03 -6.582966E-10  5.001118E-11 -1.640990E-19
        11   1  3.806767E-03 -1.370436E-03 -1.370436E-03  1.411408E-10 -7.911797E-12  3.637247E-19
        11   2  3.806767E-03 -1.370436E-03 -1.370436E-03  1.411408E-10 -7.911789E-12  7.321017E-19
        11   3  3.806767E-03 -1.370436E-03 -1.370436E-03 -1.411408E-10 -7.911795E-12 -2.334605E-19
        11   4  3.806767E-03 -1.370436E-03 -1.370436E-03 -1.411408E-10 -7.911796E-12  9.304585E-20
        11   5  3.806767E-03 -1.370436E-03 -1.370436E-03  1.411408E-10  7.911795E-12  3.721834E-19
        11   6  3.806767E-03 -1.370436E-03 -1.370436E-03  1.411408E-10  7.911796E-12  5.075228E-19
        11   7  3.806767E-03 -1.370436E-03 -1.370436E-03 -1.411408E-10  7.911791E-12 -6.090274E-20
        11   8  3.806767E-03 -1.370436E-03 -1.370436E-03 -1.411408E-10  7.911798E-12  1.184220E-19
        12   1  3.806767E-03 -1.370436E-03 -1.370436E-03  3.049401E-11 -2.124946E-12  5.836512E-19
        12   2  3.806767E-03 -1.370436E-03 -1.370436E-03  3.049401E-11 -2.124952E-12 -2.656036E-19
        12   3  3.806767E-03 -1.370436E-03 -1.370436E-03 -3.049401E-11 -2.124950E-12  3.552660E-20
        12   4  3.806767E-03 -1.370436E-03 -1.370436E-03 -3.049401E-11 -2.124947E-12 -2.863275E-19
        12   5  3.806767E-03 -1.370436E-03 -1.370436E-03  3.049401E-11  2.124946E-12  4.736880E-19
        12   6  3.806767E-03 -1.370436E-03 -1.370436E-03  3.049401E-11  2.124948E-12 -5.802677E-19
        12   7  3.806767E-03 -1.370436E-03 -1.370436E-03 -3.049401E-11  2.124947E-12 -1.285724E-19
        12   8  3.806767E-03 -1.370436E-03 -1.370436E-03 -3.049401E-11  2.124955E-12 -6.107191E-19
        13   1  3.806767E-03 -1.370436E-03 -1.370436E-03  6.553766E-12 -3.957187E-13 -3.603412E-19
        13   2  3.806767E-03 -1.370436E-03 -1.370436E-03  6.553767E-12 -3.957211E-13 -6.703530E-19
        13   3  3.806767E-03 -1.370436E-03 -1.370436E-03 -6.553768E-12 -3.957248E-13 -3.062054E-19
        13   4  3.806767E-03 -1.370436E-03 -1.370436E-03 -6.553767E-12 -3.957161E-13  1.805935E-19
        13   5  3.806767E-03 -1.370436E-03 -1.370436E-03  6.553767E-12  3.957205E-13 -5.142898E-19
        13   6  3.806767E-03 -1.370436E-03 -1.370436E-03  6.553767E-12  3.957183E-13 -9.084658E-19
        13   7  3.806767E-03 -1.370436E-03 -1.370436E-03 -6.553766E-12  3.957187E-13 -4.601540E-19
        13   8  3.806767E-03 -1.370436E-03 -1.370436E-03 -6.553766E-12  3.957213E-13  1.640990E-19
        14   1  3.806767E-03 -1.370436E-03 -1.370436E-03  1.412993E-12 -9.430926E-14 -4.956806E-19
        14   2  3.806767E-03 -1.370436E-03 -1.370436E-03  1.412994E-12 -9.430883E-14 -3.188935E-19
        14   3  3.806767E-03 -1.370436E-03 -1.370436E-03 -1.412994E-12 -9.431629E-14  3.704916E-19
        14   4  3.806767E-03 -1.370436E-03 -1.370436E-03 -1.412992E-12 -9.431281E-14  1.966651E-19
        14   5  3.806767E-03 -1.370436E-03 -1.370436E-03  1.412993E-12  9.430609E-14 -6.360953E-19
        14   6  3.806767E-03 -1.370436E-03 -1.370436E-03  1.412994E-12  9.430740E-14 -4.872219E-19
        14   7  3.806767E-03 -1.370436E-03 -1.370436E-03 -1.412994E-12  9.430419E-14  1.691743E-19
        14   8  3.806767E-03 -1.370436E-03 -1.370436E-03 -1.412993E-12  9.430419E-14 -2.706788E-20
        15   1  3.806767E-03 -1.370436E-03 -1.370436E-03  3.011315E-13 -1.877865E-14 -3.721834E-20
        15   2  3.806767E-03 -1.370436E-03 -1.370436E-03  3.011322E-13 -1.878322E-14  2.072385E-19
        15   3  3.806767E-03 -1.370436E-03 -1.370436E-03 -3.011309E-13 -1.878744E-14  1.860917E-19
        15   4  3.806767E-03 -1.370436E-03 -1.370436E-03 -3.011302E-13 -1.877961E-14  6.386329E-20
        15   5  3.806767E-03 -1.370436E-03 -1.370436E-03  3.011321E-13  1.878668E-14 -2.842128E-19
        15   6  3.806767E-03 -1.370436E-03 -1.370436E-03  3.011312E-13  1.877755E-14  1.556403E-19
        15   7  3.806767E-03 -1.370436E-03 -1.370436E-03 -3.011305E-13  1.877773E-14 -6.766971E-20
        15   8  3.806767E-03 -1.370436E-03 -1.370436E-03 -3.011305E-13  1.878383E-14 -1.810165E-19
        16   1  3.806767E-03 -1.370436E-03 -1.370436E-03  5.144477E-14 -3.391032E-15  1.590238E-19
        16   2  3.806767E-03 -1.370436E-03 -1.370436E-03  5.144444E-14 -3.395167E-15 -1.920128E-19
        16   3  3.806767E-03 -1.370436E-03 -1.370436E-03 -5.144379E-14 -3.385822E-15 -5.751925E-20
        16   4  3.806767E-03 -1.370436E-03 -1.370436E-03 -5.144379E-14 -3.383210E-15  2.651807E-19
        16   5  3.806767E-03 -1.370436E-03 -1.370436E-03  5.144351E-14  3.399464E-15  3.383485E-20
        16   6  3.806767E-03 -1.370436E-03 -1.370436E-03  5.144438E-14  3.386840E-15  9.473759E-20
        16   7  3.806767E-03 -1.370436E-03 -1.370436E-03 -5.144425E-14  3.397579E-15 -2.909797E-19
        16   8  3.806767E-03 -1.370436E-03 -1.370436E-03 -5.144414E-14  3.395810E-15  4.297026E-19

                                INCREMENT     6


 forces (fx,fy,fz) for set RIGHT and time  0.4750000E+00

        65  1.817825E+01 -3.437783E-15 -3.577767E-15
        66  1.817825E+01  6.402934E-16 -2.224439E-14
        67  1.817825E+01  1.296263E-15  1.829172E-14
        68  1.817825E+01 -5.755204E-15 -2.691177E-15

 displacements (vx,vy,vz) for set RIGHT and time  0.4750000E+00

        65  9.500000E-02  4.345660E-03  8.691320E-04
        66  9.500000E-02 -4.345660E-03  8.691320E-04
        67  9.500000E-02 -4.345660E-03 -8.691320E-04
        68  9.500000E-02  4.345660E-03 -8.691320E-04

 stresses (elem, integ.pnt.,sxx,syy,szz,sxy,sxz,syz) for set ALL and time  0.4750000E+00

         1   1  1.745779E+01  8.205957E+00  7.787661E+00  1.714191E+00  5.715827E-01  1.728883E-03
         1   2  1.167296E+01  7.654870E-01 -7.702851E-01  1.706239E+00  5.683543E-01  1.724402E-03
         1   3  1.745779E+01  8.205957E+00  7.787661E+00 -1.714191E+00  5.715827E-01 -1.728883E-03
         1   4  1.167296E+01  7.654870E-01 -7.702851E-01 -1.706239E+00  5.683543E-01 -1.724402E-03
         1   5  1.745779E+01  8.205957E+00  7.787661E+00  1.714191E+00 -5.715827E-01 -1.728883E-03
         1   6  1.167296E+01  7.654870E-01 -7.702851E-01  1.706239E+00 -5.683543E-01 -1.724402E-03
         1   7  1.745779E+01  8.205957E+00  7.787661E+00 -1.714191E+00 -5.715827E-01  1.728883E-03
         1   8  1.167296E+01  7.654870E-01 -7.702851E-01 -1.706239E+00 -5.683543E-01  1.724402E-03
         2   1  1.445822E+01  6.507896E-01 -9.066603E-01  4.257307E-01 -1.274454E-01 -9.603353E-05
         2   2  1.472764E+01  5.004231E-01 -1.477216E-02  4.256325E-01 -1.275360E-01 -9.604511E-05
         2   3  1.445822E+01  6.507896E-01 -9.066603E-01 -4.257307E-01 -1.274454E-01  9.603353E-05
         2   4  1.472764E+01  5.004231E-01 -1.477216E-02 -4.256325E-01 -1.275360E-01  9.604511E-05
         2   5  1.445822E+01  6.507896E-01 -9.066603E-01  4.257307E-01  1.274454E-01  9.603353E-05
         2   6  1.472764E+01  5.004231E-01 -1.477216E-02  4.256325E-01  1.275360E-01  9.604511E-05
         2   7  1.445822E+01  6.507896E-01 -9.066603E-01 -4.257307E-01  1.274454E-01 -9.603353E-05
         2   8  1.472764E+01  5.004231E-01 -1.477216E-02 -4.256325E-01  1.275360E-01 -9.604511E-05
         3   1  1.467535E+01  3.050036E-01  1.849884E-01  8.361260E-02  9.371670E-03  1.386546E-06
         3   2  1.450958E+01  5.851995E-02 -2.543402E-02  8.359890E-02  9.370439E-03  1.386443E-06
         3   3  1.467535E+01  3.050036E-01  1.849884E-01 -8.361260E-02  9.371670E-03 -1.386546E-06
         3   4  1.450958E+01  5.851995E-02 -2.543402E-02 -8.359890E-02  9.370439E-03 -1.386443E-06
         3   5  1.467535E+01  3.050036E-01  1.849884E-01  8.361260E-02 -9.371670E-03 -1.386546E-06
         3   6  1.450958E+01  5.851995E-02 -2.543402E-02  8.359890E-02 -9.370439E-03 -1.386443E-06
         3   7  1.467535E+01  3.050036E-01  1.849884E-01 -8.361260E-02 -9.371670E-03  1.386546E-06
         3   8  1.450958E+01  5.851995E-02 -2.543402E-02 -8.359890E-02 -9.370439E-03  1.386443E-06
         4   1  1.459464E+01  4.161461E-02 -1.610638E-02  1.926724E-02 -3.406993E-03 -1.161638E-07
         4   2  1.459180E+01  1.990759E-02 -2.216016E-03  1.926688E-02 -3.407039E-03 -1.161636E-07
         4   3  1.459464E+01  4.161461E-02 -1.610638E-02 -1.926724E-02 -3.406993E-03  1.161638E-07
         4   4  1.459180E+01  1.990759E-02 -2.216016E-03 -1.926688E-02 -3.407039E-03  1.161636E-07
         4   5  1.459464E+01  4.161461E-02 -1.610638E-02  1.926724E-02  3.406993E-03  1.161638E-07
         4   6  1.459180E+01  1.990759E-02 -2.216016E-03  1.926688E-02  3.407039E-03  1.161636E-07
         4   7  1.459464E+01  4.161461E-02 -1.610638E-02 -1.926724E-02  3.406993E-03 -1.161638E-07
         4   8  1.459180E+01  1.990759E-02 -2.216016E-03 -1.926688E-02  3.407039E-03 -1.161636E-07
         5   1  1.459599E+01  1.254875E-02  4.769838E-03  3.980395E-03  6.353154E-05  4.475005E-10
         5   2  1.459053E+01  3.226992E-03 -9.603052E-04  3.980369E-03  6.353133E-05  4.475010E-10
         5   3  1.459599E+01  1.254875E-02  4.769838E-03 -3.980395E-03  6.353154E-05 -4.475020E-10
         5   4  1.459053E+01  3.226992E-03 -9.603052E-04 -3.980369E-03  6.353133E-05 -4.474998E-10
         5   5  1.459599E+01  1.254875E-02  4.769838E-03  3.980395E-03 -6.353154E-05 -4.475012E-10
         5   6  1.459053E+01  3.226992E-03 -9.603052E-04  3.980369E-03 -6.353133E-05 -4.474991E-10
         5   7  1.459599E+01  1.254875E-02  4.769838E-03 -3.980395E-03 -6.353154E-05  4.475011E-10
         5   8  1.459053E+01  3.226992E-03 -9.603052E-04 -3.980369E-03 -6.353133E-05  4.475002E-10
         6   1  1.459352E+01  2.184557E-03 -1.838223E-04  8.856887E-04 -1.038708E-04 -1.627996E-10
         6   2  1.459305E+01  8.542287E-04 -1.364087E-04  8.856878E-04 -1.038708E-04 -1.627998E-10
         6   3  1.459352E+01  2.184557E-03 -1.838223E-04 -8.856887E-04 -1.038708E-04  1.628010E-10
         6   4  1.459305E+01  8.542287E-04 -1.364087E-04 -8.856878E-04 -1.038708E-04  1.627994E-10
         6   5  1.459352E+01  2.184557E-03 -1.838223E-04  8.856887E-04  1.038708E-04  1.628007E-10
         6   6  1.459305E+01  8.542287E-04 -1.364087E-04  8.856878E-04  1.038708E-04  1.628006E-10
         6   7  1.459352E+01  2.184557E-03 -1.838223E-04 -8.856887E-04  1.038708E-04 -1.627995E-10
         6   8  1.459305E+01  8.542287E-04 -1.364087E-04 -8.856878E-04  1.038708E-04 -1.628001E-10
         7   1  1.459339E+01  5.488171E-04  1.388961E-04  1.873322E-04 -5.121590E-06 -1.697911E-12
         7   2  1.459318E+01  1.612344E-04 -3.988413E-05  1.873321E-04 -5.121590E-06 -1.698520E-12
         7   3  1.459339E+01  5.488171E-04  1.388961E-04 -1.873322E-04 -5.121590E-06  1.697280E-12
         7   4  1.459318E+01  1.612344E-04 -3.988413E-05 -1.873321E-04 -5.121590E-06  1.696064E-12
         7   5  1.459339E+01  5.488171E-04  1.388961E-04  1.873322E-04  5.121590E-06  1.697707E-12
         7   6  1.459318E+01  1.612344E-04 -3.988413E-05  1.873321E-04  5.121590E-06  1.697254E-12
         7   7  1.459339E+01  5.488171E-04  1.388961E-04 -1.873322E-04  5.121590E-06 -1.698212E-12
         7   8  1.459318E+01  1.612344E-04 -3.988413E-05 -1.873321E-04  5.121590E-06 -1.699136E-12
         8   1  1.459330E+01  1.071252E-04  3.707683E-06  4.101405E-05 -3.651891E-06 -2.659499E-13
         8   2  1.459327E+01  3.822066E-05 -7.075094E-06  4.101405E-05 -3.651891E-06 -2.659406E-13
         8   3  1.459330E+01  1.071252E-04  3.707683E-06 -4.101405E-05 -3.651891E-06  2.643758E-13
         8   4  1.459327E+01  3.822066E-05 -7.075094E-06 -4.101405E-05 -3.651891E-06  2.653466E-13
         8   5  1.459330E+01  1.071252E-04  3.707683E-06  4.101405E-05  3.651891E-06  2.645614E-13
         8   6  1.459327E+01  3.822066E-05 -7.075094E-06  4.101405E-05  3.651891E-06  2.648064E-13
         8   7  1.459330E+01  1.071252E-04  3.707683E-06 -4.101405E-05  3.651891E-06 -2.654227E-13
         8   8  1.459327E+01  3.822066E-05 -7.075094E-06 -4.101405E-05  3.651891E-06 -2.636667E-13
         9   1  1.459329E+01  2.479881E-05  4.667410E-06  8.770536E-06 -4.137312E-07 -7.553643E-15
         9   2  1.459328E+01  7.749429E-06 -1.753397E-06  8.770536E-06 -4.137312E-07 -6.348922E-15
         9   3  1.459329E+01  2.479881E-05  4.667410E-06 -8.770536E-06 -4.137312E-07  7.212089E-15
         9   4  1.459328E+01  7.749429E-06 -1.753397E-06 -8.770536E-06 -4.137312E-07  7.072869E-15
         9   5  1.459329E+01  2.479881E-05  4.667410E-06  8.770536E-06  4.137312E-07  5.693657E-15
         9   6  1.459328E+01  7.749429E-06 -1.753397E-06  8.770536E-06  4.137312E-07  6.439879E-15
         9   7  1.459329E+01  2.479881E-05  4.667410E-06 -8.770536E-06  4.137312E-07 -5.366953E-15
         9   8  1.459328E+01  7.749429E-06 -1.753397E-06 -8.770536E-06  4.137312E-07 -5.630544E-15
        10   1  1.459329E+01  5.107856E-06  4.386183E-07  1.905835E-06 -1.444550E-07 -8.361686E-16
        10   2  1.459329E+01  1.746903E-06 -3.452921E-07  1.905835E-06 -1.444550E-07 -8.528750E-16
        10   3  1.459329E+01  5.107856E-06  4.386183E-07 -1.905835E-06 -1.444550E-07  1.433889E-15
        10   4  1.459329E+01  1.746903E-06 -3.452921E-07 -1.905835E-06 -1.444550E-07  1.053353E-15
        10   5  1.459329E+01  5.107856E-06  4.386183E-07  1.905835E-06  1.444550E-07 -3.256732E-17
        10   6  1.459329E+01  1.746903E-06 -3.452921E-07  1.905835E-06  1.444550E-07 -5.189109E-16
        10   7  1.459329E+01  5.107856E-06  4.386183E-07 -1.905835E-06  1.444550E-07  1.810692E-16
        10   8  1.459329E+01  1.746903E-06 -3.452921E-07 -1.905835E-06  1.444550E-07 -7.025170E-16
        11   1  1.459329E+01  1.138931E-06  1.784274E-07  4.096324E-07 -2.307331E-08 -7.295347E-16
        11   2  1.459329E+01  3.662686E-07 -7.943795E-08  4.096324E-07 -2.307330E-08  1.613082E-15
        11   3  1.459329E+01  1.138931E-06  1.784274E-07 -4.096324E-07 -2.307330E-08  5.995955E-16
        11   4  1.459329E+01  3.662686E-07 -7.943797E-08 -4.096324E-07 -2.307329E-08  1.511026E-15
        11   5  1.459329E+01  1.138931E-06  1.784274E-07  4.096324E-07  2.307331E-08 -7.554841E-16
        11   6  1.459329E+01  3.662686E-07 -7.943797E-08  4.096324E-07  2.307330E-08  8.557613E-16
        11   7  1.459329E+01  1.138931E-06  1.784274E-07 -4.096324E-07  2.307330E-08 -4.642606E-17
        11   8  1.459329E+01  3.662686E-07 -7.943797E-08 -4.096324E-07  2.307331E-08  1.479431E-15
        12   1  1.459329E+01  2.405583E-07  2.619911E-08  8.870327E-08 -6.175152E-09  1.276147E-15
        12   2  1.459329E+01  8.067378E-08 -1.642988E-08  8.870327E-08 -6.175150E-09  8.399225E-16
        12   3  1.459329E+01  2.405583E-07  2.619912E-08 -8.870327E-08 -6.175160E-09  1.129584E-15
        12   4  1.459329E+01  8.067378E-08 -1.642989E-08 -8.870327E-08 -6.175147E-09 -8.603415E-16
        12   5  1.459329E+01  2.405583E-07  2.619914E-08  8.870327E-08  6.175173E-09  1.174134E-15
        12   6  1.459329E+01  8.067381E-08 -1.642986E-08  8.870327E-08  6.175161E-09 -7.526777E-16
        12   7  1.459329E+01  2.405583E-07  2.619913E-08 -8.870327E-08  6.175164E-09  7.118397E-16
        12   8  1.459329E+01  8.067380E-08 -1.642988E-08 -8.870326E-08  6.175181E-09 -1.946344E-15
        13   1  1.459329E+01  5.271832E-08  7.469228E-09  1.911039E-08 -1.157437E-09  4.863045E-16
        13   2  1.459329E+01  1.718239E-08 -3.652851E-09  1.911039E-08 -1.157431E-09  8.349316E-17
        13   3  1.459329E+01  5.271830E-08  7.469198E-09 -1.911040E-08 -1.157466E-09 -4.491790E-16
        13   4  1.459329E+01  1.718238E-08 -3.652867E-09 -1.911040E-08 -1.157450E-09 -1.763068E-16
        13   5  1.459329E+01  5.271832E-08  7.469230E-09  1.911040E-08  1.157467E-09 -6.385189E-16
        13   6  1.459329E+01  1.718239E-08 -3.652847E-09  1.911040E-08  1.157455E-09 -1.848809E-15
        13   7  1.459329E+01  5.271832E-08  7.469215E-09 -1.911039E-08  1.157448E-09 -1.589009E-15
        13   8  1.459329E+01  1.718239E-08 -3.652854E-09 -1.911039E-08  1.157479E-09 -9.356009E-16
        14   1  1.459329E+01  1.126770E-08  1.345365E-09  4.129697E-09 -2.756107E-10 -9.244262E-16
        14   2  1.459329E+01  3.749200E-09 -7.723766E-10  4.129701E-09 -2.756140E-10 -5.921532E-16
        14   3  1.459329E+01  1.126774E-08  1.345398E-09 -4.129702E-09 -2.756171E-10  5.011958E-16
        14   4  1.459329E+01  3.749236E-09 -7.723483E-10 -4.129696E-09 -2.755998E-10  4.585015E-16
        14   5  1.459329E+01  1.126772E-08  1.345386E-09  4.129697E-09  2.756151E-10 -9.652602E-16
        14   6  1.459329E+01  3.749220E-09 -7.723572E-10  4.129698E-09  2.756171E-10 -1.433041E-15
        14   7  1.459329E+01  1.126773E-08  1.345386E-09 -4.129702E-09  2.756080E-10 -4.752080E-16
        14   8  1.459329E+01  3.749204E-09 -7.723801E-10 -4.129701E-09  2.756331E-10 -2.153297E-16
        15   1  1.459329E+01  2.457280E-09  3.280950E-10  8.821572E-10 -5.512984E-11 -5.568821E-16
        15   2  1.459329E+01  8.277103E-10 -1.660982E-10  8.821570E-10 -5.515680E-11 -4.547871E-16
        15   3  1.459329E+01  2.457308E-09  3.281145E-10 -8.821574E-10 -5.514133E-11  9.726874E-16
        15   4  1.459329E+01  8.277403E-10 -1.660752E-10 -8.821544E-10 -5.514133E-11  1.713340E-15
        15   5  1.459329E+01  2.457285E-09  3.280986E-10  8.821511E-10  5.515622E-11 -1.232565E-15
        15   6  1.459329E+01  8.277173E-10 -1.660911E-10  8.821545E-10  5.516729E-11 -4.974812E-16
        15   7  1.459329E+01  2.457303E-09  3.281092E-10 -8.821606E-10  5.514731E-11  3.118538E-16
        15   8  1.459329E+01  8.277368E-10 -1.660788E-10 -8.821582E-10  5.514731E-11  1.072926E-15
        16   1  1.459329E+01  5.637440E-10  5.756115E-11  1.509662E-10 -9.952852E-12 -7.128090E-16
        16   2  1.459329E+01  2.881328E-10 -2.120888E-11  1.509696E-10 -9.953815E-12 -5.958638E-16
        16   3  1.459329E+01  5.637616E-10  5.757176E-11 -1.509709E-10 -9.967857E-12  2.138427E-15
        16   4  1.459329E+01  2.881487E-10 -2.120004E-11 -1.509691E-10 -9.935118E-12  1.278972E-15
        16   5  1.459329E+01  5.637316E-10  5.754878E-11  1.509651E-10  9.951880E-12 -1.885974E-15
        16   6  1.459329E+01  2.881187E-10 -2.122479E-11  1.509689E-10  9.943213E-12 -1.351367E-15
        16   7  1.459329E+01  5.637581E-10  5.756999E-11 -1.509721E-10  9.941365E-12  1.574120E-15
        16   8  1.459329E+01  2.881629E-10 -2.118590E-11 -1.509693E-10  9.956771E-12 -5.568821E-17

 strains (elem, integ.pnt.,exx,eyy,ezz,exy,exz,eyz) for set ALL and time  0.4750000E+00

         1   1  3.866635E-03 -2.799323E-04 -4.668337E-04  7.646822E-04  2.550231E-04  6.945974E-20
         1   2  3.866635E-03 -1.044322E-03 -1.741136E-03  7.640972E-04  2.546976E-04 -1.660852E-20
         1   3  3.866635E-03 -2.799323E-04 -4.668337E-04 -7.646822E-04  2.550231E-04 -1.183265E-20
         1   4  3.866635E-03 -1.044322E-03 -1.741136E-03 -7.640972E-04  2.546976E-04 -4.498363E-19
         1   5  3.866635E-03 -2.799323E-04 -4.668337E-04  7.646822E-04 -2.550231E-04  1.151756E-19
         1   6  3.866635E-03 -1.044322E-03 -1.741136E-03  7.640972E-04 -2.546976E-04  2.167652E-19
         1   7  3.866635E-03 -2.799323E-04 -4.668337E-04 -7.646822E-04 -2.550231E-04  4.743197E-20
         1   8  3.866635E-03 -1.044322E-03 -1.741136E-03 -7.640972E-04 -2.546976E-04 -2.164626E-19
         2   1  4.810643E-03 -1.393550E-03 -2.102933E-03  1.901131E-04 -5.695115E-05 -1.644272E-20
         2   2  4.810643E-03 -1.583645E-03 -1.818137E-03  1.900769E-04 -5.696744E-05 -1.638439E-19
         2   3  4.810643E-03 -1.393550E-03 -2.102933E-03 -1.901131E-04 -5.695115E-05 -4.495188E-19
         2   4  4.810643E-03 -1.583645E-03 -1.818137E-03 -1.900769E-04 -5.696744E-05 -3.329836E-19
         2   5  4.810643E-03 -1.393550E-03 -2.102933E-03  1.901131E-04  5.695115E-05  2.168077E-19
         2   6  4.810643E-03 -1.583645E-03 -1.818137E-03  1.900769E-04  5.696744E-05  3.397883E-20
         2   7  4.810643E-03 -1.393550E-03 -2.102933E-03 -1.901131E-04  5.695115E-05 -1.621339E-19
         2   8  4.810643E-03 -1.583645E-03 -1.818137E-03 -1.900769E-04  5.696744E-05  6.442289E-20
         3   1  4.792932E-03 -1.666885E-03 -1.721534E-03  3.734457E-05  4.185968E-06 -1.521617E-19
         3   2  4.792932E-03 -1.704229E-03 -1.742464E-03  3.734317E-05  4.185880E-06  2.951317E-19
         3   3  4.792932E-03 -1.666885E-03 -1.721534E-03 -3.734457E-05  4.185968E-06 -2.570187E-19
         3   4  4.792932E-03 -1.704229E-03 -1.742464E-03 -3.734317E-05  4.185880E-06  2.063447E-19
         3   5  4.792932E-03 -1.666885E-03 -1.721534E-03  3.734457E-05 -4.185968E-06  1.826854E-19
         3   6  4.792932E-03 -1.704229E-03 -1.742464E-03  3.734317E-05 -4.185880E-06  7.272122E-19
         3   7  4.792932E-03 -1.666885E-03 -1.721534E-03 -3.734457E-05 -4.185968E-06  2.841602E-19
         3   8  4.792932E-03 -1.704229E-03 -1.742464E-03 -3.734317E-05 -4.185880E-06  4.295652E-19
         4   1  4.821722E-03 -1.721047E-03 -1.747340E-03  8.605876E-06 -1.521802E-06 -1.132953E-19
         4   2  4.821722E-03 -1.729653E-03 -1.739731E-03  8.605802E-06 -1.521813E-06 -3.965658E-19
         4   3  4.821722E-03 -1.721047E-03 -1.747340E-03 -8.605876E-06 -1.521802E-06  2.114050E-19
         4   4  4.821722E-03 -1.729653E-03 -1.739731E-03 -8.605802E-06 -1.521813E-06 -2.688853E-19
         4   5  4.821722E-03 -1.721047E-03 -1.747340E-03  8.605876E-06  1.521802E-06  5.952855E-19
         4   6  4.821722E-03 -1.729653E-03 -1.739731E-03  8.605802E-06  1.521813E-06  2.147750E-19
         4   7  4.821722E-03 -1.721047E-03 -1.747340E-03 -8.605876E-06  1.521802E-06  3.855830E-19
         4   8  4.821722E-03 -1.729653E-03 -1.739731E-03 -8.605802E-06  1.521813E-06  5.580847E-20
         5   1  4.823139E-03 -1.733454E-03 -1.736997E-03  1.777893E-06  2.837726E-08 -3.145475E-19
         5   2  4.823139E-03 -1.735232E-03 -1.737139E-03  1.777890E-06  2.837725E-08  4.007979E-19
         5   3  4.823139E-03 -1.733454E-03 -1.736997E-03 -1.777893E-06  2.837726E-08 -3.686636E-19
         5   4  4.823139E-03 -1.735232E-03 -1.737139E-03 -1.777890E-06  2.837725E-08  1.369826E-19
         5   5  4.823139E-03 -1.733454E-03 -1.736997E-03  1.777893E-06 -2.837726E-08  6.765445E-21
         5   6  4.823139E-03 -1.735232E-03 -1.737139E-03  1.777890E-06 -2.837725E-08  4.515313E-19
         5   7  4.823139E-03 -1.733454E-03 -1.736997E-03 -1.777893E-06 -2.837726E-08 -4.735061E-20
         5   8  4.823139E-03 -1.735232E-03 -1.737139E-03 -1.777890E-06 -2.837725E-08  4.397048E-20
         6   1  4.824151E-03 -1.736027E-03 -1.737106E-03  3.956048E-07 -4.639532E-08  1.234533E-19
         6   2  4.824151E-03 -1.736423E-03 -1.736874E-03  3.956046E-07 -4.639533E-08 -3.381298E-21
         6   3  4.824151E-03 -1.736027E-03 -1.737106E-03 -3.956048E-07 -4.639532E-08  5.022647E-19
         6   4  4.824151E-03 -1.736423E-03 -1.736874E-03 -3.956046E-07 -4.639533E-08 -1.902502E-19
         6   5  4.824151E-03 -1.736027E-03 -1.737106E-03  3.956048E-07  4.639532E-08  3.923416E-19
         6   6  4.824151E-03 -1.736423E-03 -1.736874E-03  3.956046E-07  4.639533E-08  3.568276E-19
         6   7  4.824151E-03 -1.736027E-03 -1.737106E-03 -3.956048E-07  4.639532E-08  1.826424E-19
         6   8  4.824151E-03 -1.736423E-03 -1.736874E-03 -3.956046E-07  4.639533E-08 -1.082309E-19
         7   1  4.824266E-03 -1.736598E-03 -1.736785E-03  8.367447E-08 -2.287629E-09 -3.213077E-20
         7   2  4.824266E-03 -1.736682E-03 -1.736774E-03  8.367446E-08 -2.287629E-09 -3.094748E-19
         7   3  4.824266E-03 -1.736598E-03 -1.736785E-03 -8.367447E-08 -2.287629E-09 -2.553588E-19
         7   4  4.824266E-03 -1.736682E-03 -1.736774E-03 -8.367446E-08 -2.287629E-09 -8.092012E-19
         7   5  4.824266E-03 -1.736598E-03 -1.736785E-03  8.367447E-08  2.287629E-09 -6.087985E-20
         7   6  4.824266E-03 -1.736682E-03 -1.736774E-03  8.367446E-08  2.287629E-09 -2.671968E-19
         7   7  4.824266E-03 -1.736598E-03 -1.736785E-03 -8.367447E-08  2.287629E-09 -1.691116E-19
         7   8  4.824266E-03 -1.736682E-03 -1.736774E-03 -8.367446E-08  2.287629E-09 -5.902010E-19
         8   1  4.824306E-03 -1.736719E-03 -1.736767E-03  1.831949E-08 -1.631167E-09 -4.092511E-19
         8   2  4.824306E-03 -1.736738E-03 -1.736758E-03  1.831949E-08 -1.631167E-09 -4.050235E-19
         8   3  4.824306E-03 -1.736719E-03 -1.736767E-03 -1.831949E-08 -1.631167E-09 -3.077839E-19
         8   4  4.824306E-03 -1.736738E-03 -1.736758E-03 -1.831949E-08 -1.631167E-09  1.344442E-19
         8   5  4.824306E-03 -1.736719E-03 -1.736767E-03  1.831949E-08  1.631167E-09 -2.232278E-19
         8   6  4.824306E-03 -1.736738E-03 -1.736758E-03  1.831949E-08  1.631167E-09 -1.116139E-19
         8   7  4.824306E-03 -1.736719E-03 -1.736767E-03 -1.831949E-08  1.631167E-09 -1.691119E-19
         8   8  4.824306E-03 -1.736738E-03 -1.736758E-03 -1.831949E-08  1.631167E-09  6.307883E-19
         9   1  4.824312E-03 -1.736746E-03 -1.736755E-03  3.917480E-09 -1.847987E-10 -5.157919E-19
         9   2  4.824312E-03 -1.736750E-03 -1.736754E-03  3.917480E-09 -1.847987E-10  3.297687E-20
         9   3  4.824312E-03 -1.736746E-03 -1.736755E-03 -3.917480E-09 -1.847987E-10  3.602088E-19
         9   4  4.824312E-03 -1.736750E-03 -1.736754E-03 -3.917480E-09 -1.847987E-10  2.967918E-19
         9   5  4.824312E-03 -1.736746E-03 -1.736755E-03  3.917480E-09  1.847987E-10 -3.314597E-19
         9   6  4.824312E-03 -1.736750E-03 -1.736754E-03  3.917480E-09  1.847987E-10  8.455609E-21
         9   7  4.824312E-03 -1.736746E-03 -1.736755E-03 -3.917480E-09  1.847987E-10  4.802784E-19
         9   8  4.824312E-03 -1.736750E-03 -1.736754E-03 -3.917480E-09  1.847987E-10  3.602088E-19
        10   1  4.824314E-03 -1.736752E-03 -1.736754E-03  8.512674E-10 -6.452281E-11 -1.589654E-19
        10   2  4.824314E-03 -1.736752E-03 -1.736753E-03  8.512674E-10 -6.452282E-11 -1.665754E-19
        10   3  4.824314E-03 -1.736752E-03 -1.736754E-03 -8.512674E-10 -6.452282E-11  4.312359E-19
        10   4  4.824314E-03 -1.736752E-03 -1.736753E-03 -8.512674E-10 -6.452282E-11  2.578960E-19
        10   5  4.824314E-03 -1.736752E-03 -1.736754E-03  8.512674E-10  6.452281E-11 -2.367570E-19
        10   6  4.824314E-03 -1.736752E-03 -1.736753E-03  8.512674E-10  6.452282E-11 -4.582938E-19
        10   7  4.824314E-03 -1.736752E-03 -1.736754E-03 -8.512674E-10  6.452281E-11  3.044018E-19
        10   8  4.824314E-03 -1.736752E-03 -1.736753E-03 -8.512674E-10  6.452282E-11 -9.808503E-20
        11   1  4.824314E-03 -1.736753E-03 -1.736753E-03  1.829679E-10 -1.030601E-11 -3.246953E-19
        11   2  4.824314E-03 -1.736753E-03 -1.736753E-03  1.829679E-10 -1.030601E-11  7.424022E-19
        11   3  4.824314E-03 -1.736753E-03 -1.736753E-03 -1.829679E-10 -1.030600E-11  2.655060E-19
        11   4  4.824314E-03 -1.736753E-03 -1.736753E-03 -1.829679E-10 -1.030600E-11  6.806763E-19
        11   5  4.824314E-03 -1.736753E-03 -1.736753E-03  1.829679E-10  1.030601E-11 -3.517532E-19
        11   6  4.824314E-03 -1.736753E-03 -1.736753E-03  1.829679E-10  1.030600E-11  3.821934E-19
        11   7  4.824314E-03 -1.736753E-03 -1.736753E-03 -1.829679E-10  1.030601E-11 -1.352897E-20
        11   8  4.824314E-03 -1.736753E-03 -1.736753E-03 -1.829679E-10  1.030601E-11  6.815218E-19
        12   1  4.824314E-03 -1.736753E-03 -1.736753E-03  3.962053E-11 -2.758217E-12  5.817457E-19
        12   2  4.824314E-03 -1.736753E-03 -1.736753E-03  3.962053E-11 -2.758215E-12  3.830389E-19
        12   3  4.824314E-03 -1.736753E-03 -1.736753E-03 -3.962053E-11 -2.758220E-12  5.141008E-19
        12   4  4.824314E-03 -1.736753E-03 -1.736753E-03 -3.962053E-11 -2.758214E-12 -3.923401E-19
        12   5  4.824314E-03 -1.736753E-03 -1.736753E-03  3.962053E-11  2.758225E-12  5.343943E-19
        12   6  4.824314E-03 -1.736753E-03 -1.736753E-03  3.962053E-11  2.758220E-12 -3.432976E-19
        12   7  4.824314E-03 -1.736753E-03 -1.736753E-03 -3.962053E-11  2.758222E-12  3.246953E-19
        12   8  4.824314E-03 -1.736753E-03 -1.736753E-03 -3.962053E-11  2.758230E-12 -8.861475E-19
        13   1  4.824314E-03 -1.736753E-03 -1.736753E-03  8.535917E-12 -5.169854E-13  2.215369E-19
        13   2  4.824314E-03 -1.736753E-03 -1.736753E-03  8.535918E-12 -5.169823E-13  3.805023E-20
        13   3  4.824314E-03 -1.736753E-03 -1.736753E-03 -8.535922E-12 -5.169981E-13 -2.046257E-19
        13   4  4.824314E-03 -1.736753E-03 -1.736753E-03 -8.535921E-12 -5.169911E-13 -8.032826E-20
        13   5  4.824314E-03 -1.736753E-03 -1.736753E-03  8.535921E-12  5.169985E-13 -2.908728E-19
        13   6  4.824314E-03 -1.736753E-03 -1.736753E-03  8.535921E-12  5.169930E-13 -8.421783E-19
        13   7  4.824314E-03 -1.736753E-03 -1.736753E-03 -8.535918E-12  5.169901E-13 -7.237999E-19
        13   8  4.824314E-03 -1.736753E-03 -1.736753E-03 -8.535918E-12  5.170041E-13 -4.261625E-19
        14   1  4.824314E-03 -1.736753E-03 -1.736753E-03  1.844586E-12 -1.231053E-13 -4.210892E-19
        14   2  4.824314E-03 -1.736753E-03 -1.736753E-03  1.844588E-12 -1.231068E-13 -2.697338E-19
        14   3  4.824314E-03 -1.736753E-03 -1.736753E-03 -1.844588E-12 -1.231082E-13  2.283014E-19
        14   4  4.824314E-03 -1.736753E-03 -1.736753E-03 -1.844585E-12 -1.231004E-13  2.088535E-19
        14   5  4.824314E-03 -1.736753E-03 -1.736753E-03  1.844586E-12  1.231072E-13 -4.396915E-19
        14   6  4.824314E-03 -1.736753E-03 -1.736753E-03  1.844586E-12  1.231081E-13 -6.527728E-19
        14   7  4.824314E-03 -1.736753E-03 -1.736753E-03 -1.844588E-12  1.231040E-13 -2.164635E-19
        14   8  4.824314E-03 -1.736753E-03 -1.736753E-03 -1.844588E-12  1.231153E-13 -9.808503E-20
        15   1  4.824314E-03 -1.736753E-03 -1.736753E-03  3.940276E-13 -2.462442E-14 -2.536682E-19
        15   2  4.824314E-03 -1.736753E-03 -1.736753E-03  3.940275E-13 -2.463662E-14 -2.071623E-19
        15   3  4.824314E-03 -1.736753E-03 -1.736753E-03 -3.940277E-13 -2.462963E-14  4.430737E-19
        15   4  4.824314E-03 -1.736753E-03 -1.736753E-03 -3.940264E-13 -2.462963E-14  7.804524E-19
        15   5  4.824314E-03 -1.736753E-03 -1.736753E-03  3.940248E-13  2.463635E-14 -5.614522E-19
        15   6  4.824314E-03 -1.736753E-03 -1.736753E-03  3.940263E-13  2.464136E-14 -2.266102E-19
        15   7  4.824314E-03 -1.736753E-03 -1.736753E-03 -3.940292E-13  2.463230E-14  1.420542E-19
        15   8  4.824314E-03 -1.736753E-03 -1.736753E-03 -3.940281E-13  2.463230E-14  4.887340E-19
        16   1  4.824314E-03 -1.736753E-03 -1.736753E-03  6.743112E-14 -4.445566E-15 -3.246953E-19
        16   2  4.824314E-03 -1.736753E-03 -1.736753E-03  6.743264E-14 -4.446002E-15 -2.714249E-19
        16   3  4.824314E-03 -1.736753E-03 -1.736753E-03 -6.743326E-14 -4.452325E-15  9.740858E-19
        16   4  4.824314E-03 -1.736753E-03 -1.736753E-03 -6.743245E-14 -4.437509E-15  5.825912E-19
        16   5  4.824314E-03 -1.736753E-03 -1.736753E-03  6.743058E-14  4.445121E-15 -8.590895E-19
        16   6  4.824314E-03 -1.736753E-03 -1.736753E-03  6.743233E-14  4.441199E-15 -6.155681E-19
        16   7  4.824314E-03 -1.736753E-03 -1.736753E-03 -6.743381E-14  4.440401E-15  7.170354E-19
        16   8  4.824314E-03 -1.736753E-03 -1.736753E-03 -6.743250E-14  4.447374E-15 -2.536682E-20

                                INCREMENT     7


 forces (fx,fy,fz) for set RIGHT and time  0.5750000E+00

        65  2.203844E+01 -2.437057E-15  1.422132E-15
        66  2.203844E+01  1.256027E-15 -2.001963E-14
        67  2.203844E+01  1.776914E-16  1.334608E-14
        68  2.203844E+01 -5.060979E-15 -2.129457E-15

 displacements (vx,vy,vz) for set RIGHT and time  0.5750000E+00

        65  1.150000E-01  5.264131E-03  1.052826E-03
        66  1.150000E-01 -5.264131E-03  1.052826E-03
        67  1.150000E-01 -5.264131E-03 -1.052826E-03
        68  1.150000E-01  5.264131E-03 -1.052826E-03

 stresses (elem, integ.pnt.,sxx,syy,szz,sxy,sxz,syz) for set ALL and time  0.5750000E+00

         1   1  2.116736E+01  9.934215E+00  9.425236E+00  2.082137E+00  6.948161E-01  2.538198E-03
         1   2  1.416106E+01  9.315353E-01 -9.308264E-01  2.070491E+00  6.900809E-01  2.530251E-03
         1   3  2.116736E+01  9.934215E+00  9.425236E+00 -2.082137E+00  6.948161E-01 -2.538198E-03
         1   4  1.416106E+01  9.315353E-01 -9.308264E-01 -2.070491E+00  6.900809E-01 -2.530251E-03
         1   5  2.116736E+01  9.934215E+00  9.425236E+00  2.082137E+00 -6.948161E-01 -2.538198E-03
         1   6  1.416106E+01  9.315353E-01 -9.308264E-01  2.070491E+00 -6.900809E-01 -2.530251E-03
         1   7  2.116736E+01  9.934215E+00  9.425236E+00 -2.082137E+00 -6.948161E-01  2.538198E-03
         1   8  1.416106E+01  9.315353E-01 -9.308264E-01 -2.070491E+00 -6.900809E-01  2.530251E-03
         2   1  1.754149E+01  7.898049E-01 -1.097436E+00  5.178103E-01 -1.549123E-01 -1.412576E-04
         2   2  1.786791E+01  6.071667E-01 -1.810638E-02  5.176656E-01 -1.550454E-01 -1.412782E-04
         2   3  1.754149E+01  7.898049E-01 -1.097436E+00 -5.178103E-01 -1.549123E-01  1.412576E-04
         2   4  1.786791E+01  6.071667E-01 -1.810638E-02 -5.176656E-01 -1.550454E-01  1.412782E-04
         2   5  1.754149E+01  7.898049E-01 -1.097436E+00  5.178103E-01  1.549123E-01  1.412576E-04
         2   6  1.786791E+01  6.071667E-01 -1.810638E-02  5.176656E-01  1.550454E-01  1.412782E-04
         2   7  1.754149E+01  7.898049E-01 -1.097436E+00 -5.178103E-01  1.549123E-01 -1.412576E-04
         2   8  1.786791E+01  6.071667E-01 -1.810638E-02 -5.176656E-01  1.550454E-01 -1.412782E-04
         3   1  1.780463E+01  3.703713E-01  2.239134E-01  1.020013E-01  1.135096E-02  2.038217E-06
         3   2  1.760342E+01  7.142932E-02 -3.081263E-02  1.019810E-01  1.134916E-02  2.038034E-06
         3   3  1.780463E+01  3.703713E-01  2.239134E-01 -1.020013E-01  1.135096E-02 -2.038217E-06
         3   4  1.760342E+01  7.142932E-02 -3.081263E-02 -1.019810E-01  1.134916E-02 -2.038034E-06
         3   5  1.780463E+01  3.703713E-01  2.239134E-01  1.020013E-01 -1.135096E-02 -2.038217E-06
         3   6  1.760342E+01  7.142932E-02 -3.081263E-02  1.019810E-01 -1.134916E-02 -2.038034E-06
         3   7  1.780463E+01  3.703713E-01  2.239134E-01 -1.020013E-01 -1.135096E-02  2.038217E-06
         3   8  1.760342E+01  7.142932E-02 -3.081263E-02 -1.019810E-01 -1.134916E-02  2.038034E-06
         4   1  1.770691E+01  5.076509E-02 -1.945541E-02  2.354439E-02 -4.149207E-03 -1.719914E-07
         4   2  1.770336E+01  2.426002E-02 -2.708708E-03  2.354386E-02 -4.149274E-03 -1.719911E-07
         4   3  1.770691E+01  5.076509E-02 -1.945541E-02 -2.354439E-02 -4.149207E-03  1.719914E-07
         4   4  1.770336E+01  2.426002E-02 -2.708708E-03 -2.354386E-02 -4.149274E-03  1.719911E-07
         4   5  1.770691E+01  5.076509E-02 -1.945541E-02  2.354439E-02  4.149207E-03  1.719914E-07
         4   6  1.770336E+01  2.426002E-02 -2.708708E-03  2.354386E-02  4.149274E-03  1.719911E-07
         4   7  1.770691E+01  5.076509E-02 -1.945541E-02 -2.354439E-02  4.149207E-03 -1.719914E-07
         4   8  1.770336E+01  2.426002E-02 -2.708708E-03 -2.354386E-02  4.149274E-03 -1.719911E-07
         5   1  1.770852E+01  1.530643E-02  5.781219E-03  4.878104E-03  7.394252E-05  6.350352E-10
         5   2  1.770186E+01  3.953963E-03 -1.168603E-03  4.878065E-03  7.394223E-05  6.350339E-10
         5   3  1.770852E+01  1.530643E-02  5.781219E-03 -4.878104E-03  7.394252E-05 -6.350346E-10
         5   4  1.770186E+01  3.953963E-03 -1.168603E-03 -4.878065E-03  7.394223E-05 -6.350341E-10
         5   5  1.770852E+01  1.530643E-02  5.781219E-03  4.878104E-03 -7.394252E-05 -6.350348E-10
         5   6  1.770186E+01  3.953963E-03 -1.168603E-03  4.878065E-03 -7.394223E-05 -6.350325E-10
         5   7  1.770852E+01  1.530643E-02  5.781219E-03 -4.878104E-03 -7.394252E-05  6.350355E-10
         5   8  1.770186E+01  3.953963E-03 -1.168603E-03 -4.878065E-03 -7.394223E-05  6.350324E-10
         6   1  1.770552E+01  2.676489E-03 -2.189341E-04  1.087506E-03 -1.269805E-04 -2.431207E-10
         6   2  1.770494E+01  1.046246E-03 -1.671919E-04  1.087505E-03 -1.269805E-04 -2.431207E-10
         6   3  1.770552E+01  2.676489E-03 -2.189341E-04 -1.087506E-03 -1.269805E-04  2.431209E-10
         6   4  1.770494E+01  1.046246E-03 -1.671919E-04 -1.087505E-03 -1.269805E-04  2.431208E-10
         6   5  1.770552E+01  2.676489E-03 -2.189341E-04  1.087506E-03  1.269805E-04  2.431210E-10
         6   6  1.770494E+01  1.046246E-03 -1.671919E-04  1.087505E-03  1.269805E-04  2.431224E-10
         6   7  1.770552E+01  2.676489E-03 -2.189341E-04 -1.087506E-03  1.269805E-04 -2.431201E-10
         6   8  1.770494E+01  1.046246E-03 -1.671919E-04 -1.087505E-03  1.269805E-04 -2.431200E-10
         7   1  1.770536E+01  6.727267E-04  1.688924E-04  2.306425E-04 -6.442486E-06 -2.615800E-12
         7   2  1.770511E+01  1.983611E-04 -4.878749E-05  2.306424E-04 -6.442485E-06 -2.616260E-12
         7   3  1.770536E+01  6.727267E-04  1.688924E-04 -2.306425E-04 -6.442486E-06  2.615504E-12
         7   4  1.770511E+01  1.983611E-04 -4.878749E-05 -2.306424E-04 -6.442485E-06  2.616542E-12
         7   5  1.770536E+01  6.727267E-04  1.688924E-04  2.306425E-04  6.442486E-06  2.616320E-12
         7   6  1.770511E+01  1.983611E-04 -4.878749E-05  2.306424E-04  6.442485E-06  2.616623E-12
         7   7  1.770536E+01  6.727267E-04  1.688924E-04 -2.306425E-04  6.442486E-06 -2.616142E-12
         7   8  1.770511E+01  1.983611E-04 -4.878749E-05 -2.306424E-04  6.442485E-06 -2.615251E-12
         8   1  1.770525E+01  1.318155E-04  4.729780E-06  5.060114E-05 -4.489035E-06 -3.991209E-13
         8   2  1.770522E+01  4.705118E-05 -8.702722E-06  5.060114E-05 -4.489035E-06 -4.007559E-13
         8   3  1.770525E+01  1.318155E-04  4.729780E-06 -5.060114E-05 -4.489035E-06  4.002035E-13
         8   4  1.770522E+01  4.705118E-05 -8.702722E-06 -5.060114E-05 -4.489035E-06  4.000107E-13
         8   5  1.770525E+01  1.318155E-04  4.729780E-06  5.060114E-05  4.489035E-06  4.005372E-13
         8   6  1.770522E+01  4.705118E-05 -8.702722E-06  5.060114E-05  4.489035E-06  4.002776E-13
         8   7  1.770525E+01  1.318155E-04  4.729780E-06 -5.060114E-05  4.489035E-06 -3.983424E-13
         8   8  1.770522E+01  4.705118E-05 -8.702722E-06 -5.060114E-05  4.489035E-06 -3.998921E-13
         9   1  1.770524E+01  3.054941E-05  5.704750E-06  1.084846E-05 -5.160914E-07 -1.064306E-14
         9   2  1.770523E+01  9.574779E-06 -2.156150E-06  1.084846E-05 -5.160914E-07 -1.061711E-14
         9   3  1.770524E+01  3.054941E-05  5.704750E-06 -1.084846E-05 -5.160914E-07  9.397362E-15
         9   4  1.770523E+01  9.574779E-06 -2.156150E-06 -1.084846E-05 -5.160914E-07  8.474208E-15
         9   5  1.770524E+01  3.054941E-05  5.704750E-06  1.084846E-05  5.160914E-07  9.263894E-15
         9   6  1.770523E+01  9.574779E-06 -2.156150E-06  1.084846E-05  5.160914E-07  1.027232E-14
         9   7  1.770524E+01  3.054941E-05  5.704750E-06 -1.084846E-05  5.160914E-07 -1.089517E-14
         9   8  1.770523E+01  9.574779E-06 -2.156150E-06 -1.084846E-05  5.160914E-07 -1.107313E-14
        10   1  1.770524E+01  6.312982E-06  5.457823E-07  2.362539E-06 -1.786715E-07 -2.463722E-16
        10   2  1.770523E+01  2.161282E-06 -4.264399E-07  2.362539E-06 -1.786715E-07 -1.280334E-17
        10   3  1.770524E+01  6.312982E-06  5.457824E-07 -2.362539E-06 -1.786715E-07  2.018831E-16
        10   4  1.770523E+01  2.161282E-06 -4.264398E-07 -2.362539E-06 -1.786715E-07  4.539891E-16
        10   5  1.770524E+01  6.312982E-06  5.457824E-07  2.362539E-06  1.786715E-07  4.169147E-16
        10   6  1.770523E+01  2.161282E-06 -4.264399E-07  2.362539E-06  1.786715E-07  1.262211E-15
        10   7  1.770524E+01  6.312982E-06  5.457824E-07 -2.362539E-06  1.786715E-07 -1.425339E-15
        10   8  1.770523E+01  2.161282E-06 -4.264398E-07 -2.362539E-06  1.786715E-07 -2.344785E-15
        11   1  1.770523E+01  1.409947E-06  2.194335E-07  5.090523E-07 -2.880851E-08  9.232864E-16
        11   2  1.770523E+01  4.545595E-07 -9.818791E-08  5.090523E-07 -2.880853E-08  1.253249E-15
        11   3  1.770523E+01  1.409947E-06  2.194335E-07 -5.090523E-07 -2.880853E-08  8.266264E-16
        11   4  1.770523E+01  4.545595E-07 -9.818792E-08 -5.090523E-07 -2.880853E-08  1.518064E-15
        11   5  1.770523E+01  1.409947E-06  2.194335E-07  5.090522E-07  2.880853E-08  1.444570E-16
        11   6  1.770523E+01  4.545594E-07 -9.818793E-08  5.090523E-07  2.880852E-08  1.360498E-15
        11   7  1.770523E+01  1.409947E-06  2.194335E-07 -5.090523E-07  2.880853E-08 -5.300310E-16
        11   8  1.770523E+01  4.545594E-07 -9.818795E-08 -5.090523E-07  2.880853E-08  1.605456E-15
        12   1  1.770523E+01  2.986634E-07  3.257757E-08  1.104817E-07 -7.684134E-09  9.401957E-16
        12   2  1.770523E+01  1.002996E-07 -2.037871E-08  1.104817E-07 -7.684169E-09 -2.390941E-15
        12   3  1.770523E+01  2.986635E-07  3.257758E-08 -1.104817E-07 -7.684176E-09  1.684673E-15
        12   4  1.770523E+01  1.002996E-07 -2.037871E-08 -1.104817E-07 -7.684143E-09  5.427812E-16
        12   5  1.770523E+01  2.986634E-07  3.257757E-08  1.104817E-07  7.684150E-09  7.133236E-16
        12   6  1.770523E+01  1.002996E-07 -2.037871E-08  1.104817E-07  7.684128E-09 -2.341609E-15
        12   7  1.770523E+01  2.986635E-07  3.257757E-08 -1.104817E-07  7.684116E-09  1.333185E-15
        12   8  1.770523E+01  1.002996E-07 -2.037869E-08 -1.104817E-07  7.684169E-09  4.730580E-16
        13   1  1.770523E+01  6.557949E-08  9.242902E-09  2.386003E-08 -1.449453E-09 -3.566620E-15
        13   2  1.770523E+01  2.142168E-08 -4.537620E-09  2.386003E-08 -1.449482E-09 -9.751182E-16
        13   3  1.770523E+01  6.557953E-08  9.242934E-09 -2.386002E-08 -1.449473E-09  9.417512E-16
        13   4  1.770523E+01  2.142172E-08 -4.537585E-09 -2.386002E-08 -1.449452E-09  1.112294E-15
        13   5  1.770523E+01  6.557953E-08  9.242934E-09  2.386002E-08  1.449499E-09 -4.033636E-15
        13   6  1.770523E+01  2.142172E-08 -4.537585E-09  2.386002E-08  1.449480E-09 -1.898150E-15
        13   7  1.770523E+01  6.557954E-08  9.242944E-09 -2.386003E-08  1.449487E-09  1.423597E-15
        13   8  1.770523E+01  2.142171E-08 -4.537597E-09 -2.386003E-08  1.449500E-09 -2.230554E-17
        14   1  1.770523E+01  1.405388E-08  1.677040E-09  5.167952E-09 -3.448715E-10 -1.542299E-15
        14   2  1.770523E+01  4.683863E-09 -9.622951E-10  5.167952E-09 -3.448888E-10 -2.024267E-15
        14   3  1.770523E+01  1.405387E-08  1.677025E-09 -5.167942E-09 -3.448951E-10  1.542299E-15
        14   4  1.770523E+01  4.683858E-09 -9.622933E-10 -5.167941E-09 -3.449009E-10  1.397709E-15
        14   5  1.770523E+01  1.405386E-08  1.677016E-09  5.167944E-09  3.449081E-10 -1.720250E-15
        14   6  1.770523E+01  4.683836E-09 -9.623216E-10  5.167939E-09  3.449197E-10 -9.491021E-16
        14   7  1.770523E+01  1.405384E-08  1.676996E-09 -5.167952E-09  3.449106E-10  1.305017E-15
        14   8  1.770523E+01  4.683828E-09 -9.623233E-10 -5.167955E-09  3.449050E-10  1.868548E-15
        15   1  1.770523E+01  3.071547E-09  4.083749E-10  1.106507E-09 -6.930725E-11 -3.707444E-16
        15   2  1.770523E+01  1.036910E-09 -2.072693E-10  1.106503E-09 -6.932171E-11  1.774011E-15
        15   3  1.770523E+01  3.071524E-09  4.083590E-10 -1.106505E-09 -6.932795E-11  7.859779E-16
        15   4  1.770523E+01  1.036880E-09 -2.073010E-10 -1.106507E-09 -6.931638E-11  3.429385E-16
        15   5  1.770523E+01  3.071519E-09  4.083467E-10  1.106500E-09  6.932899E-11  1.186383E-16
        15   6  1.770523E+01  1.036858E-09 -2.073222E-10  1.106500E-09  6.931175E-11  2.328274E-15
        15   7  1.770523E+01  3.071531E-09  4.083643E-10 -1.106512E-09  6.930606E-11  1.305020E-15
        15   8  1.770523E+01  1.036883E-09 -2.072958E-10 -1.106513E-09  6.932908E-11  7.637330E-16
        16   1  1.770523E+01  7.066108E-10  7.197963E-11  1.896916E-10 -1.250912E-11  1.512636E-15
        16   2  1.770523E+01  3.617402E-10 -2.656696E-11  1.896928E-10 -1.250430E-11 -1.662788E-15
        16   3  1.770523E+01  7.066250E-10  7.199376E-11 -1.896952E-10 -1.252394E-11  4.448931E-16
        16   4  1.770523E+01  3.617631E-10 -2.653517E-11 -1.896936E-10 -1.250080E-11 -4.282096E-16
        16   5  1.770523E+01  7.066250E-10  7.199376E-11  1.896932E-10  1.251562E-11  6.525098E-16
        16   6  1.770523E+01  3.617490E-10 -2.655813E-11  1.896917E-10  1.249922E-11 -1.356924E-15
        16   7  1.770523E+01  7.066020E-10  7.197256E-11 -1.896948E-10  1.249994E-11  4.152335E-16
        16   8  1.770523E+01  3.617596E-10 -2.653870E-11 -1.896953E-10  1.251152E-11 -1.408828E-16

 strains (elem, integ.pnt.,exx,eyy,ezz,exy,exz,eyz) for set ALL and time  0.5750000E+00

         1   1  4.683678E-03 -3.388831E-04 -5.656199E-04  9.256889E-04  3.089730E-04 -6.352842E-20
         1   2  4.683678E-03 -1.264143E-03 -2.109290E-03  9.248315E-04  3.084952E-04 -2.744099E-19
         1   3  4.683678E-03 -3.388831E-04 -5.656199E-04 -9.256889E-04  3.089730E-04 -9.336685E-21
         1   4  4.683678E-03 -1.264143E-03 -2.109290E-03 -9.248315E-04  3.084952E-04 -5.784376E-20
         1   5  4.683678E-03 -3.388831E-04 -5.656199E-04  9.256889E-04 -3.089730E-04 -2.373732E-20
         1   6  4.683678E-03 -1.264143E-03 -2.109290E-03  9.248315E-04 -3.084952E-04 -1.898855E-19
         1   7  4.683678E-03 -3.388831E-04 -5.656199E-04 -9.256889E-04 -3.089730E-04  1.690648E-20
         1   8  4.683678E-03 -1.264143E-03 -2.109290E-03 -9.248315E-04 -3.084952E-04  4.020459E-20
         2   1  5.826162E-03 -1.686970E-03 -2.547415E-03  2.305003E-04 -6.901609E-05 -4.572595E-19
         2   2  5.826162E-03 -1.917444E-03 -2.202275E-03  2.304470E-04 -6.904002E-05 -3.842428E-19
         2   3  5.826162E-03 -1.686970E-03 -2.547415E-03 -2.305003E-04 -6.901609E-05  9.744428E-20
         2   4  5.826162E-03 -1.917444E-03 -2.202275E-03 -2.304470E-04 -6.904002E-05 -8.665559E-20
         2   5  5.826162E-03 -1.686970E-03 -2.547415E-03  2.305003E-04  6.901609E-05 -4.201318E-19
         2   6  5.826162E-03 -1.917444E-03 -2.202275E-03  2.304470E-04  6.904002E-05 -6.057342E-19
         2   7  5.826162E-03 -1.686970E-03 -2.547415E-03 -2.305003E-04  6.901609E-05  1.751725E-19
         2   8  5.826162E-03 -1.917444E-03 -2.202275E-03 -2.304470E-04  6.904002E-05 -4.873723E-19
         3   1  5.804786E-03 -2.018413E-03 -2.085165E-03  4.541519E-05  5.054245E-06 -2.300680E-19
         3   2  5.804786E-03 -2.063827E-03 -2.110436E-03  4.541312E-05  5.054117E-06 -5.681720E-19
         3   3  5.804786E-03 -2.018413E-03 -2.085165E-03 -4.541519E-05  5.054245E-06 -4.971898E-19
         3   4  5.804786E-03 -2.063827E-03 -2.110436E-03 -4.541312E-05  5.054117E-06 -6.522807E-20
         3   5  5.804786E-03 -2.018413E-03 -2.085165E-03  4.541519E-05 -5.054245E-06 -4.870430E-19
         3   6  5.804786E-03 -2.063827E-03 -2.110436E-03  4.541312E-05 -5.054117E-06 -5.749327E-19
         3   7  5.804786E-03 -2.018413E-03 -2.085165E-03 -4.541519E-05 -5.054245E-06  1.080634E-19
         3   8  5.804786E-03 -2.063827E-03 -2.110436E-03 -4.541312E-05 -5.054117E-06 -3.044421E-19
         4   1  5.839705E-03 -2.084287E-03 -2.116304E-03  1.048352E-05 -1.847559E-06 -3.889471E-19
         4   2  5.839705E-03 -2.094770E-03 -2.107067E-03  1.048341E-05 -1.847576E-06  2.315342E-19
         4   3  5.839705E-03 -2.084287E-03 -2.116304E-03 -1.048352E-05 -1.847559E-06 -2.266561E-19
         4   4  5.839705E-03 -2.094770E-03 -2.107067E-03 -1.048341E-05 -1.847576E-06  6.000661E-19
         4   5  5.839705E-03 -2.084287E-03 -2.116304E-03  1.048352E-05  1.847559E-06 -4.599489E-19
         4   6  5.839705E-03 -2.094770E-03 -2.107067E-03  1.048341E-05  1.847576E-06 -2.265943E-19
         4   7  5.839705E-03 -2.084287E-03 -2.116304E-03 -1.048352E-05  1.847559E-06 -1.364905E-20
         4   8  5.839705E-03 -2.094770E-03 -2.107067E-03 -1.048341E-05  1.847576E-06 -9.811537E-20
         5   1  5.841445E-03 -2.099402E-03 -2.103745E-03  2.172078E-06  3.292459E-08  9.802106E-20
         5   2  5.841445E-03 -2.101574E-03 -2.103910E-03  2.172073E-06  3.292459E-08  3.702008E-19
         5   3  5.841445E-03 -2.099402E-03 -2.103745E-03 -2.172078E-06  3.292459E-08  2.062134E-19
         5   4  5.841445E-03 -2.101574E-03 -2.103910E-03 -2.172073E-06  3.292459E-08 -4.251803E-19
         5   5  5.841445E-03 -2.099402E-03 -2.103745E-03  2.172078E-06 -3.292459E-08  9.464006E-20
         5   6  5.841445E-03 -2.101574E-03 -2.103910E-03  2.172073E-06 -3.292459E-08  2.704611E-19
         5   7  5.841445E-03 -2.099402E-03 -2.103745E-03 -2.172078E-06 -3.292459E-08  2.028324E-19
         5   8  5.841445E-03 -2.101574E-03 -2.103910E-03 -2.172073E-06 -3.292459E-08 -3.347386E-19
         6   1  5.842677E-03 -2.102547E-03 -2.103867E-03  4.842360E-07 -5.654094E-08  9.465598E-20
         6   2  5.842677E-03 -2.103031E-03 -2.103584E-03  4.842358E-07 -5.654095E-08  5.324516E-20
         6   3  5.842677E-03 -2.102547E-03 -2.103867E-03 -4.842360E-07 -5.654094E-08 -1.353603E-20
         6   4  5.842677E-03 -2.103031E-03 -2.103584E-03 -4.842358E-07 -5.654095E-08 -3.719656E-20
         6   5  5.842677E-03 -2.102547E-03 -2.103867E-03  4.842360E-07  5.654094E-08  2.703578E-20
         6   6  5.842677E-03 -2.103031E-03 -2.103584E-03  4.842358E-07  5.654095E-08  6.964801E-19
         6   7  5.842677E-03 -2.102547E-03 -2.103867E-03 -4.842360E-07  5.654094E-08  3.516118E-19
         6   8  5.842677E-03 -2.103031E-03 -2.103584E-03 -4.842358E-07  5.654095E-08  3.921902E-19
         7   1  5.842817E-03 -2.103246E-03 -2.103475E-03  1.026987E-07 -2.868661E-09  1.149515E-19
         7   2  5.842817E-03 -2.103348E-03 -2.103461E-03  1.026987E-07 -2.868661E-09 -9.466919E-20
         7   3  5.842817E-03 -2.103246E-03 -2.103475E-03 -1.026987E-07 -2.868661E-09 -2.501963E-19
         7   4  5.842817E-03 -2.103348E-03 -2.103461E-03 -1.026987E-07 -2.868661E-09  2.231446E-19
         7   5  5.842817E-03 -2.103246E-03 -2.103475E-03  1.026987E-07  2.868661E-09  1.217134E-19
         7   6  5.842817E-03 -2.103348E-03 -2.103461E-03  1.026987E-07  2.868661E-09  2.603356E-19
         7   7  5.842817E-03 -2.103246E-03 -2.103475E-03 -1.026987E-07  2.868661E-09 -4.057447E-20
         7   8  5.842817E-03 -2.103348E-03 -2.103461E-03 -1.026987E-07  2.868661E-09  3.651465E-19
         8   1  5.842866E-03 -2.103394E-03 -2.103452E-03  2.253129E-08 -1.998843E-09  3.617661E-19
         8   2  5.842866E-03 -2.103417E-03 -2.103442E-03  2.253129E-08 -1.998843E-09 -3.837436E-19
         8   3  5.842866E-03 -2.103394E-03 -2.103452E-03 -2.253129E-08 -1.998843E-09  1.318582E-19
         8   4  5.842866E-03 -2.103417E-03 -2.103442E-03 -2.253129E-08 -1.998843E-09  4.395263E-20
         8   5  5.842866E-03 -2.103394E-03 -2.103452E-03  2.253129E-08  1.998843E-09  2.840031E-19
         8   6  5.842866E-03 -2.103417E-03 -2.103442E-03  2.253129E-08  1.998843E-09  1.656685E-19
         8   7  5.842866E-03 -2.103394E-03 -2.103452E-03 -2.253129E-08  1.998843E-09  7.167708E-19
         8   8  5.842866E-03 -2.103417E-03 -2.103442E-03 -2.253129E-08  1.998843E-09  1.014265E-20
         9   1  5.842874E-03 -2.103427E-03 -2.103438E-03  4.830520E-09 -2.298012E-10 -3.583859E-19
         9   2  5.842874E-03 -2.103432E-03 -2.103437E-03  4.830520E-09 -2.298012E-10 -3.465523E-19
         9   3  5.842874E-03 -2.103427E-03 -2.103438E-03 -4.830520E-09 -2.298012E-10 -2.096220E-19
         9   4  5.842874E-03 -2.103432E-03 -2.103437E-03 -4.830520E-09 -2.298012E-10 -6.305561E-19
         9   5  5.842874E-03 -2.103427E-03 -2.103438E-03  4.830520E-09  2.298012E-10 -2.704800E-19
         9   6  5.842874E-03 -2.103432E-03 -2.103437E-03  4.830520E-09  2.298012E-10  1.893358E-19
         9   7  5.842874E-03 -2.103427E-03 -2.103438E-03 -4.830520E-09  2.298012E-10 -4.733398E-19
         9   8  5.842874E-03 -2.103432E-03 -2.103437E-03 -4.830520E-09  2.298012E-10 -5.544837E-19
        10   1  5.842876E-03 -2.103434E-03 -2.103436E-03  1.051973E-09 -7.955747E-11  2.265268E-19
        10   2  5.842876E-03 -2.103435E-03 -2.103436E-03  1.051973E-09 -7.955747E-11  3.330282E-19
        10   3  5.842876E-03 -2.103434E-03 -2.103436E-03 -1.051973E-09 -7.955748E-11 -2.468129E-19
        10   4  5.842876E-03 -2.103435E-03 -2.103436E-03 -1.051973E-09 -7.955747E-11 -1.318589E-19
        10   5  5.842876E-03 -2.103434E-03 -2.103436E-03  1.051973E-09  7.955748E-11 -1.487639E-19
        10   6  5.842876E-03 -2.103435E-03 -2.103436E-03  1.051973E-09  7.955748E-11  2.366698E-19
        10   7  5.842876E-03 -2.103434E-03 -2.103436E-03 -1.051973E-09  7.955748E-11 -3.110518E-19
        10   8  5.842876E-03 -2.103435E-03 -2.103436E-03 -1.051973E-09  7.955748E-11 -7.302955E-19
        11   1  5.842877E-03 -2.103435E-03 -2.103436E-03  2.266669E-10 -1.282763E-11  4.327677E-19
        11   2  5.842877E-03 -2.103436E-03 -2.103436E-03  2.266669E-10 -1.282764E-11  5.832221E-19
        11   3  5.842877E-03 -2.103435E-03 -2.103436E-03 -2.266669E-10 -1.282764E-11  3.651477E-19
        11   4  5.842877E-03 -2.103436E-03 -2.103436E-03 -2.266669E-10 -1.282764E-11  6.804258E-19
        11   5  5.842877E-03 -2.103435E-03 -2.103436E-03  2.266669E-10  1.282764E-11  5.409595E-20
        11   6  5.842877E-03 -2.103436E-03 -2.103436E-03  2.266669E-10  1.282764E-11  6.085796E-19
        11   7  5.842877E-03 -2.103435E-03 -2.103436E-03 -2.266669E-10  1.282764E-11 -2.299078E-19
        11   8  5.842877E-03 -2.103436E-03 -2.103436E-03 -2.266669E-10  1.282764E-11  7.438195E-19
        12   1  5.842877E-03 -2.103436E-03 -2.103436E-03  4.919444E-11 -3.421532E-12  4.293867E-19
        12   2  5.842877E-03 -2.103436E-03 -2.103436E-03  4.919444E-11 -3.421548E-12 -1.089526E-18
        12   3  5.842877E-03 -2.103436E-03 -2.103436E-03 -4.919444E-11 -3.421551E-12  7.674864E-19
        12   4  5.842877E-03 -2.103436E-03 -2.103436E-03 -4.919444E-11 -3.421536E-12  2.468128E-19
        12   5  5.842877E-03 -2.103436E-03 -2.103436E-03  4.919444E-11  3.421540E-12  3.245758E-19
        12   6  5.842877E-03 -2.103436E-03 -2.103436E-03  4.919444E-11  3.421529E-12 -1.068395E-18
        12   7  5.842877E-03 -2.103436E-03 -2.103436E-03 -4.919444E-11  3.421524E-12  6.085796E-19
        12   8  5.842877E-03 -2.103436E-03 -2.103436E-03 -4.919444E-11  3.421548E-12  2.163838E-19
        13   1  5.842877E-03 -2.103436E-03 -2.103436E-03  1.062421E-11 -6.454010E-13 -1.626260E-18
        13   2  5.842877E-03 -2.103436E-03 -2.103436E-03  1.062421E-11 -6.454143E-13 -4.446012E-19
        13   3  5.842877E-03 -2.103436E-03 -2.103436E-03 -1.062421E-11 -6.454101E-13  4.293867E-19
        13   4  5.842877E-03 -2.103436E-03 -2.103436E-03 -1.062421E-11 -6.454006E-13  5.071496E-19
        13   5  5.842877E-03 -2.103436E-03 -2.103436E-03  1.062421E-11  6.454221E-13 -1.839263E-18
        13   6  5.842877E-03 -2.103436E-03 -2.103436E-03  1.062421E-11  6.454136E-13 -8.655354E-19
        13   7  5.842877E-03 -2.103436E-03 -2.103436E-03 -1.062421E-11  6.454163E-13  6.491515E-19
        13   8  5.842877E-03 -2.103436E-03 -2.103436E-03 -1.062421E-11  6.454224E-13 -1.014299E-20
        14   1  5.842877E-03 -2.103436E-03 -2.103436E-03  2.301146E-12 -1.535615E-13 -7.032475E-19
        14   2  5.842877E-03 -2.103436E-03 -2.103436E-03  2.301146E-12 -1.535694E-13 -9.230123E-19
        14   3  5.842877E-03 -2.103436E-03 -2.103436E-03 -2.301142E-12 -1.535723E-13  7.032475E-19
        14   4  5.842877E-03 -2.103436E-03 -2.103436E-03 -2.301141E-12 -1.535749E-13  6.373180E-19
        14   5  5.842877E-03 -2.103436E-03 -2.103436E-03  2.301142E-12  1.535781E-13 -7.843914E-19
        14   6  5.842877E-03 -2.103436E-03 -2.103436E-03  2.301140E-12  1.535833E-13 -4.327677E-19
        14   7  5.842877E-03 -2.103436E-03 -2.103436E-03 -2.301146E-12  1.535791E-13  5.950556E-19
        14   8  5.842877E-03 -2.103436E-03 -2.103436E-03 -2.301147E-12  1.535765E-13  8.520114E-19
        15   1  5.842877E-03 -2.103436E-03 -2.103436E-03  4.926970E-13 -3.086049E-14 -1.690499E-19
        15   2  5.842877E-03 -2.103436E-03 -2.103436E-03  4.926951E-13 -3.086703E-14  8.089037E-19
        15   3  5.842877E-03 -2.103436E-03 -2.103436E-03 -4.926963E-13 -3.086993E-14  3.583857E-19
        15   4  5.842877E-03 -2.103436E-03 -2.103436E-03 -4.926968E-13 -3.086469E-14  1.563711E-19
        15   5  5.842877E-03 -2.103436E-03 -2.103436E-03  4.926939E-13  3.087039E-14  5.409596E-20
        15   6  5.842877E-03 -2.103436E-03 -2.103436E-03  4.926937E-13  3.086259E-14  1.061633E-18
        15   7  5.842877E-03 -2.103436E-03 -2.103436E-03 -4.926993E-13  3.085996E-14  5.950556E-19
        15   8  5.842877E-03 -2.103436E-03 -2.103436E-03 -4.926995E-13  3.087037E-14  3.482427E-19
        16   1  5.842877E-03 -2.103436E-03 -2.103436E-03  8.446440E-14 -5.570049E-15  6.897235E-19
        16   2  5.842877E-03 -2.103436E-03 -2.103436E-03  8.446495E-14 -5.567868E-15 -7.581887E-19
        16   3  5.842877E-03 -2.103436E-03 -2.103436E-03 -8.446603E-14 -5.576563E-15  2.028599E-19
        16   4  5.842877E-03 -2.103436E-03 -2.103436E-03 -8.446532E-14 -5.566094E-15 -1.952526E-19
        16   5  5.842877E-03 -2.103436E-03 -2.103436E-03  8.446510E-14  5.572803E-15  2.975278E-19
        16   6  5.842877E-03 -2.103436E-03 -2.103436E-03  8.446445E-14  5.565388E-15 -6.187226E-19
        16   7  5.842877E-03 -2.103436E-03 -2.103436E-03 -8.446588E-14  5.565879E-15  1.893359E-19
        16   8  5.842877E-03 -2.103436E-03 -2.103436E-03 -8.446610E-14  5.571114E-15 -6.423895E-20

                                INCREMENT     8


 forces (fx,fy,fz) for set RIGHT and time  0.6750000E+00

        65  2.591020E+01 -6.461230E-15 -8.690714E-14
        66  2.591020E+01  5.657024E-15 -5.770934E-14
        67  2.591020E+01  1.207513E-14  7.981774E-15
        68  2.591020E+01 -1.227564E-14  3.567834E-14

 displacements (vx,vy,vz) for set RIGHT and time  0.6750000E+00

        65  1.350000E-01  6.183857E-03  1.236771E-03
        66  1.350000E-01 -6.183857E-03  1.236771E-03
        67  1.350000E-01 -6.183857E-03 -1.236771E-03
        68  1.350000E-01  6.183857E-03 -1.236771E-03

 stresses (elem, integ.pnt.,sxx,syy,szz,sxy,sxz,syz) for set ALL and time  0.6750000E+00

         1   1  2.488888E+01  1.166271E+01  1.106213E+01  2.452552E+00  8.190678E-01  3.504359E-03
         1   2  1.665990E+01  1.099284E+00 -1.090805E+00  2.436511E+00  8.125366E-01  3.491504E-03
         1   3  2.488888E+01  1.166271E+01  1.106213E+01 -2.452552E+00  8.190678E-01 -3.504359E-03
         1   4  1.665990E+01  1.099284E+00 -1.090805E+00 -2.436511E+00  8.125366E-01 -3.491504E-03
         1   5  2.488888E+01  1.166271E+01  1.106213E+01  2.452552E+00 -8.190678E-01 -3.504359E-03
         1   6  1.665990E+01  1.099284E+00 -1.090805E+00  2.436511E+00 -8.125366E-01 -3.491504E-03
         1   7  2.488888E+01  1.166271E+01  1.106213E+01 -2.452552E+00 -8.190678E-01  3.504359E-03
         1   8  1.665990E+01  1.099284E+00 -1.090805E+00 -2.436511E+00 -8.125366E-01  3.491504E-03
         2   1  2.063858E+01  9.295239E-01 -1.288171E+00  6.107546E-01 -1.826029E-01 -1.953992E-04
         2   2  2.102210E+01  7.143971E-01 -2.151890E-02  6.105538E-01 -1.827868E-01 -1.954326E-04
         2   3  2.063858E+01  9.295239E-01 -1.288171E+00 -6.107546E-01 -1.826029E-01  1.953992E-04
         2   4  2.102210E+01  7.143971E-01 -2.151890E-02 -6.105538E-01 -1.827868E-01  1.954326E-04
         2   5  2.063858E+01  9.295239E-01 -1.288171E+00  6.107546E-01  1.826029E-01  1.953992E-04
         2   6  2.102210E+01  7.143971E-01 -2.151890E-02  6.105538E-01  1.827868E-01  1.954326E-04
         2   7  2.063858E+01  9.295239E-01 -1.288171E+00 -6.107546E-01  1.826029E-01 -1.953992E-04
         2   8  2.102210E+01  7.143971E-01 -2.151890E-02 -6.105538E-01  1.827868E-01 -1.954326E-04
         3   1  2.094783E+01  4.361430E-01  2.628300E-01  1.206689E-01  1.333212E-02  2.817575E-06
         3   2  2.071099E+01  8.454606E-02 -3.619964E-02  1.206407E-01  1.332964E-02  2.817277E-06
         3   3  2.094783E+01  4.361430E-01  2.628300E-01 -1.206689E-01  1.333212E-02 -2.817575E-06
         3   4  2.071099E+01  8.454606E-02 -3.619964E-02 -1.206407E-01  1.332964E-02 -2.817277E-06
         3   5  2.094783E+01  4.361430E-01  2.628300E-01  1.206689E-01 -1.333212E-02 -2.817575E-06
         3   6  2.071099E+01  8.454606E-02 -3.619964E-02  1.206407E-01 -1.332964E-02 -2.817277E-06
         3   7  2.094783E+01  4.361430E-01  2.628300E-01 -1.206689E-01 -1.333212E-02  2.817575E-06
         3   8  2.071099E+01  8.454606E-02 -3.619964E-02 -1.206407E-01 -1.332964E-02  2.817277E-06
         4   1  2.083310E+01  6.005318E-02 -2.278959E-02  2.790052E-02 -4.900271E-03 -2.394762E-07
         4   2  2.082880E+01  2.866971E-02 -3.210592E-03  2.789978E-02 -4.900365E-03 -2.394757E-07
         4   3  2.083310E+01  6.005318E-02 -2.278959E-02 -2.790052E-02 -4.900271E-03  2.394762E-07
         4   4  2.082880E+01  2.866971E-02 -3.210592E-03 -2.789978E-02 -4.900365E-03  2.394757E-07
         4   5  2.083310E+01  6.005318E-02 -2.278959E-02  2.790052E-02  4.900271E-03  2.394762E-07
         4   6  2.082880E+01  2.866971E-02 -3.210592E-03  2.789978E-02  4.900365E-03  2.394757E-07
         4   7  2.083310E+01  6.005318E-02 -2.278959E-02 -2.790052E-02  4.900271E-03 -2.394762E-07
         4   8  2.082880E+01  2.866971E-02 -3.210592E-03 -2.789978E-02  4.900365E-03 -2.394757E-07
         5   1  2.083495E+01  1.810528E-02  6.795096E-03  5.797323E-03  8.326588E-05  8.455163E-10
         5   2  2.082710E+01  4.697949E-03 -1.379074E-03  5.797269E-03  8.326550E-05  8.455135E-10
         5   3  2.083495E+01  1.810528E-02  6.795096E-03 -5.797323E-03  8.326588E-05 -8.455166E-10
         5   4  2.082710E+01  4.697949E-03 -1.379074E-03 -5.797269E-03  8.326550E-05 -8.455149E-10
         5   5  2.083495E+01  1.810528E-02  6.795096E-03  5.797323E-03 -8.326588E-05 -8.455179E-10
         5   6  2.082710E+01  4.697949E-03 -1.379074E-03  5.797269E-03 -8.326550E-05 -8.455153E-10
         5   7  2.083495E+01  1.810528E-02  6.795096E-03 -5.797323E-03 -8.326588E-05  8.455178E-10
         5   8  2.082710E+01  4.697949E-03 -1.379074E-03 -5.797269E-03 -8.326550E-05  8.455127E-10
         6   1  2.083142E+01  3.179902E-03 -2.527673E-04  1.294896E-03 -1.505391E-04 -3.414410E-10
         6   2  2.083074E+01  1.242655E-03 -1.987121E-04  1.294894E-03 -1.505391E-04 -3.414381E-10
         6   3  2.083142E+01  3.179902E-03 -2.527673E-04 -1.294896E-03 -1.505391E-04  3.414388E-10
         6   4  2.083074E+01  1.242655E-03 -1.987121E-04 -1.294894E-03 -1.505391E-04  3.414393E-10
         6   5  2.083142E+01  3.179902E-03 -2.527673E-04  1.294896E-03  1.505391E-04  3.414381E-10
         6   6  2.083074E+01  1.242655E-03 -1.987121E-04  1.294894E-03  1.505391E-04  3.414396E-10
         6   7  2.083142E+01  3.179902E-03 -2.527673E-04 -1.294896E-03  1.505391E-04 -3.414403E-10
         6   8  2.083074E+01  1.242655E-03 -1.987121E-04 -1.294894E-03  1.505391E-04 -3.414389E-10
         7   1  2.083123E+01  7.996582E-04  1.991581E-04  2.753685E-04 -7.852906E-06 -3.787805E-12
         7   2  2.083094E+01  2.366435E-04 -5.787332E-05  2.753684E-04 -7.852905E-06 -3.786806E-12
         7   3  2.083123E+01  7.996582E-04  1.991581E-04 -2.753685E-04 -7.852906E-06  3.786857E-12
         7   4  2.083094E+01  2.366435E-04 -5.787332E-05 -2.753684E-04 -7.852905E-06  3.785822E-12
         7   5  2.083123E+01  7.996582E-04  1.991581E-04  2.753685E-04  7.852906E-06  3.788456E-12
         7   6  2.083094E+01  2.366435E-04 -5.787332E-05  2.753684E-04  7.852905E-06  3.786612E-12
         7   7  2.083123E+01  7.996582E-04  1.991581E-04 -2.753685E-04  7.852906E-06 -3.788812E-12
         7   8  2.083094E+01  2.366435E-04 -5.787332E-05 -2.753684E-04  7.852905E-06 -3.789744E-12
         8   1  2.083111E+01  1.572840E-04  5.839008E-06  6.053915E-05 -5.351335E-06 -5.681463E-13
         8   2  2.083107E+01  5.616875E-05 -1.038041E-05  6.053914E-05 -5.351335E-06 -5.683870E-13
         8   3  2.083111E+01  1.572840E-04  5.839008E-06 -6.053915E-05 -5.351335E-06  5.665173E-13
         8   4  2.083107E+01  5.616875E-05 -1.038041E-05 -6.053914E-05 -5.351335E-06  5.675114E-13
         8   5  2.083111E+01  1.572840E-04  5.839008E-06  6.053915E-05  5.351335E-06  5.676872E-13
         8   6  2.083107E+01  5.616875E-05 -1.038041E-05  6.053914E-05  5.351335E-06  5.668431E-13
         8   7  2.083111E+01  1.572840E-04  5.839008E-06 -6.053915E-05  5.351335E-06 -5.686350E-13
         8   8  2.083107E+01  5.616875E-05 -1.038041E-05 -6.053914E-05  5.351335E-06 -5.662951E-13
         9   1  2.083109E+01  3.649432E-05  6.761971E-06  1.301231E-05 -6.241472E-07 -1.462546E-14
         9   2  2.083108E+01  1.147164E-05 -2.571191E-06  1.301231E-05 -6.241472E-07 -1.341480E-14
         9   3  2.083109E+01  3.649432E-05  6.761971E-06 -1.301231E-05 -6.241471E-07  1.446996E-14
         9   4  2.083108E+01  1.147164E-05 -2.571191E-06 -1.301231E-05 -6.241472E-07  1.562880E-14
         9   5  2.083109E+01  3.649432E-05  6.761971E-06  1.301231E-05  6.241472E-07  1.413675E-14
         9   6  2.083108E+01  1.147164E-05 -2.571191E-06  1.301231E-05  6.241472E-07  1.486982E-14
         9   7  2.083109E+01  3.649432E-05  6.761971E-06 -1.301231E-05  6.241472E-07 -1.378133E-14
         9   8  2.083108E+01  1.147164E-05 -2.571191E-06 -1.301231E-05  6.241472E-07 -1.174504E-14
        10   1  2.083109E+01  7.566075E-06  6.583725E-07  2.839988E-06 -2.143131E-07 -1.458540E-15
        10   2  2.083109E+01  2.592987E-06 -5.106994E-07  2.839988E-06 -2.143131E-07 -6.847501E-16
        10   3  2.083109E+01  7.566075E-06  6.583725E-07 -2.839988E-06 -2.143131E-07  2.783980E-15
        10   4  2.083109E+01  2.592987E-06 -5.106994E-07 -2.839988E-06 -2.143131E-07  1.049431E-15
        10   5  2.083109E+01  7.566075E-06  6.583725E-07  2.839988E-06  2.143131E-07  1.303042E-15
        10   6  2.083109E+01  2.592987E-06 -5.106994E-07  2.839988E-06  2.143131E-07  9.328073E-16
        10   7  2.083109E+01  7.566075E-06  6.583725E-07 -2.839988E-06  2.143131E-07  1.066460E-15
        10   8  2.083109E+01  2.592987E-06 -5.106994E-07 -2.839988E-06  2.143131E-07 -9.772355E-16
        11   1  2.083109E+01  1.692597E-06  2.617101E-07  6.134384E-07 -3.487585E-08 -6.372536E-16
        11   2  2.083109E+01  5.470379E-07 -1.176898E-07  6.134384E-07 -3.487585E-08 -1.229629E-15
        11   3  2.083109E+01  1.692597E-06  2.617102E-07 -6.134384E-07 -3.487584E-08  1.103749E-15
        11   4  2.083109E+01  5.470380E-07 -1.176897E-07 -6.134384E-07 -3.487584E-08  8.408827E-16
        11   5  2.083109E+01  1.692597E-06  2.617102E-07  6.134384E-07  3.487584E-08  6.709233E-17
        11   6  2.083109E+01  5.470379E-07 -1.176898E-07  6.134384E-07  3.487586E-08  2.744237E-16
        11   7  2.083109E+01  1.692597E-06  2.617102E-07 -6.134384E-07  3.487584E-08  9.103270E-16
        11   8  2.083109E+01  5.470379E-07 -1.176898E-07 -6.134384E-07  3.487586E-08  2.087673E-15
        12   1  2.083109E+01  3.595682E-07  3.927673E-08  1.334384E-07 -9.272640E-09 -1.297988E-15
        12   2  2.083109E+01  1.209225E-07 -2.451059E-08  1.334384E-07 -9.272654E-09 -3.143608E-15
        12   3  2.083109E+01  3.595683E-07  3.927675E-08 -1.334384E-07 -9.272656E-09  8.092787E-16
        12   4  2.083109E+01  1.209225E-07 -2.451059E-08 -1.334384E-07 -9.272650E-09 -3.643650E-16
        12   5  2.083109E+01  3.595682E-07  3.927672E-08  1.334384E-07  9.272657E-09 -2.940204E-16
        12   6  2.083109E+01  1.209225E-07 -2.451060E-08  1.334384E-07  9.272596E-09 -2.256264E-15
        12   7  2.083109E+01  3.595682E-07  3.927674E-08 -1.334384E-07  9.272629E-09  1.389915E-15
        12   8  2.083109E+01  1.209225E-07 -2.451060E-08 -1.334384E-07  9.272660E-09 -2.983550E-16
        13   1  2.083109E+01  7.910702E-08  1.109201E-08  2.888743E-08 -1.760062E-09 -1.910500E-15
        13   2  2.083109E+01  2.589746E-08 -5.465960E-09  2.888743E-08 -1.760084E-09 -2.356632E-15
        13   3  2.083109E+01  7.910700E-08  1.109199E-08 -2.888743E-08 -1.760075E-09 -5.182394E-16
        13   4  2.083109E+01  2.589745E-08 -5.465970E-09 -2.888743E-08 -1.760083E-09 -4.756624E-16
        13   5  2.083109E+01  7.910706E-08  1.109204E-08  2.888743E-08  1.760052E-09 -2.191700E-15
        13   6  2.083109E+01  2.589750E-08 -5.465921E-09  2.888743E-08  1.760023E-09 -2.480483E-15
        13   7  2.083109E+01  7.910704E-08  1.109202E-08 -2.888743E-08  1.760056E-09 -1.244077E-15
        13   8  2.083109E+01  2.589749E-08 -5.465931E-09 -2.888743E-08  1.760075E-09 -2.666580E-16
        14   1  2.083109E+01  1.699775E-08  2.026995E-09  6.271242E-09 -4.185367E-10 -1.466134E-15
        14   2  2.083109E+01  5.674211E-09 -1.162567E-09  6.271241E-09 -4.185405E-10  7.589763E-16
        14   3  2.083109E+01  1.699773E-08  2.026980E-09 -6.271229E-09 -4.185465E-10 -4.442356E-17
        14   4  2.083109E+01  5.674187E-09 -1.162590E-09 -6.271227E-09 -4.185195E-10  8.237766E-16
        14   5  2.083109E+01  1.699777E-08  2.027006E-09  6.271229E-09  4.185384E-10 -2.517591E-15
        14   6  2.083109E+01  5.674218E-09 -1.162558E-09  6.271225E-09  4.185616E-10 -3.554206E-16
        14   7  2.083109E+01  1.699773E-08  2.026971E-09 -6.271245E-09  4.185437E-10  3.258019E-16
        14   8  2.083109E+01  5.674162E-09 -1.162615E-09 -6.271247E-09  4.185554E-10  1.066271E-15
        15   1  2.083109E+01  3.722976E-09  4.928899E-10  1.345849E-09 -8.449299E-11  3.850438E-16
        15   2  2.083109E+01  1.259548E-09 -2.508610E-10  1.345844E-09 -8.450555E-11  9.144793E-16
        15   3  2.083109E+01  3.722913E-09  4.928264E-10 -1.345837E-09 -8.450011E-11  1.362464E-15
        15   4  2.083109E+01  1.259487E-09 -2.509262E-10 -1.345844E-09 -8.448852E-11  1.197709E-15
        15   5  2.083109E+01  3.722932E-09  4.928458E-10  1.345836E-09  8.448654E-11  7.997069E-16
        15   6  2.083109E+01  1.259504E-09 -2.509068E-10  1.345837E-09  8.448651E-11  2.887832E-16
        15   7  2.083109E+01  3.722952E-09  4.928652E-10 -1.345852E-09  8.447835E-11  1.510557E-15
        15   8  2.083109E+01  1.259506E-09 -2.509068E-10 -1.345851E-09  8.447062E-11  2.784164E-15
        16   1  2.083109E+01  8.588620E-10  8.731122E-11  2.311266E-10 -1.527365E-11  4.368768E-16
        16   2  2.083109E+01  4.404322E-10 -3.220007E-11  2.311304E-10 -1.528331E-11  1.094043E-15
        16   3  2.083109E+01  8.588426E-10  8.728299E-11 -2.311249E-10 -1.529274E-11  1.858578E-15
        16   4  2.083109E+01  4.404040E-10 -3.224065E-11 -2.311264E-10 -1.525412E-11  1.710484E-15
        16   5  2.083109E+01  8.588761E-10  8.732533E-11  2.311250E-10  1.522021E-11 -9.478006E-16
        16   6  2.083109E+01  4.404481E-10 -3.218419E-11  2.311221E-10  1.525497E-11 -5.257331E-16
        16   7  2.083109E+01  8.588426E-10  8.728299E-11 -2.311255E-10  1.520225E-11  1.392082E-15
        16   8  2.083109E+01  4.404428E-10 -3.219831E-11 -2.311289E-10  1.526405E-11  1.273607E-15

 strains (elem, integ.pnt.,exx,eyy,ezz,exy,exz,eyz) for set ALL and time  0.6750000E+00

         1   1  5.501768E-03 -3.978397E-04 -6.645822E-04  1.086702E-03  3.630137E-04 -3.375028E-21
         1   2  5.501768E-03 -1.483951E-03 -2.478001E-03  1.085520E-03  3.623540E-04 -1.047175E-19
         1   3  5.501768E-03 -3.978397E-04 -6.645822E-04 -1.086702E-03  3.630137E-04  1.727377E-19
         1   4  5.501768E-03 -1.483951E-03 -2.478001E-03 -1.085520E-03  3.623540E-04  7.072266E-19
         1   5  5.501768E-03 -3.978397E-04 -6.645822E-04  1.086702E-03 -3.630137E-04 -7.110347E-20
         1   6  5.501768E-03 -1.483951E-03 -2.478001E-03  1.085520E-03 -3.623540E-04 -2.162484E-19
         1   7  5.501768E-03 -3.978397E-04 -6.645822E-04 -1.086702E-03 -3.630137E-04  9.146215E-20
         1   8  5.501768E-03 -1.483951E-03 -2.478001E-03 -1.085520E-03 -3.623540E-04  5.956956E-19
         2   1  6.842636E-03 -1.980403E-03 -2.992509E-03  2.710138E-04 -8.110691E-05 -4.425151E-19
         2   2  6.842636E-03 -2.251380E-03 -2.586892E-03  2.709400E-04 -8.114000E-05 -4.610149E-20
         2   3  6.842636E-03 -1.980403E-03 -2.992509E-03 -2.710138E-04 -8.110691E-05  8.559484E-19
         2   4  6.842636E-03 -2.251380E-03 -2.586892E-03 -2.709400E-04 -8.114000E-05  4.001193E-19
         2   5  6.842636E-03 -1.980403E-03 -2.992509E-03  2.710138E-04  8.110691E-05 -2.428294E-19
         2   6  6.842636E-03 -2.251380E-03 -2.586892E-03  2.709400E-04  8.114000E-05 -5.370213E-19
         2   7  6.842636E-03 -1.980403E-03 -2.992509E-03 -2.710138E-04  8.110691E-05  6.634037E-19
         2   8  6.842636E-03 -2.251380E-03 -2.586892E-03 -2.709400E-04  8.114000E-05 -2.868624E-19
         3   1  6.817619E-03 -2.370150E-03 -2.449215E-03  5.355879E-05  5.917904E-06 -6.745898E-20
         3   2  6.817619E-03 -2.423707E-03 -2.478804E-03  5.355591E-05  5.917728E-06 -3.217719E-19
         3   3  6.817619E-03 -2.370150E-03 -2.449215E-03 -5.355879E-05  5.917904E-06  1.522467E-19
         3   4  6.817619E-03 -2.423707E-03 -2.478804E-03 -5.355591E-05  5.917728E-06  4.832872E-20
         3   5  6.817619E-03 -2.370150E-03 -2.449215E-03  5.355879E-05 -5.917904E-06 -2.702398E-19
         3   6  6.817619E-03 -2.423707E-03 -2.478804E-03  5.355591E-05 -5.917728E-06 -2.769741E-19
         3   7  6.817619E-03 -2.370150E-03 -2.449215E-03 -5.355879E-05 -5.917904E-06 -5.947286E-19
         3   8  6.817619E-03 -2.423707E-03 -2.478804E-03 -5.355591E-05 -5.917728E-06  2.502911E-19
         4   1  6.858691E-03 -2.447843E-03 -2.485653E-03  1.238443E-05 -2.175203E-06  2.637768E-19
         4   2  6.858691E-03 -2.460227E-03 -2.474777E-03  1.238428E-05 -2.175226E-06 -8.526046E-20
         4   3  6.858691E-03 -2.447843E-03 -2.485653E-03 -1.238443E-05 -2.175203E-06  1.556223E-19
         4   4  6.858691E-03 -2.460227E-03 -2.474777E-03 -1.238428E-05 -2.175226E-06  7.696966E-20
         4   5  6.858691E-03 -2.447843E-03 -2.485653E-03  1.238443E-05  2.175203E-06 -2.431904E-19
         4   6  6.858691E-03 -2.460227E-03 -2.474777E-03  1.238428E-05  2.175226E-06 -1.249712E-19
         4   7  6.858691E-03 -2.447843E-03 -2.485653E-03 -1.238443E-05  2.175203E-06 -2.431904E-19
         4   8  6.858691E-03 -2.460227E-03 -2.474777E-03 -1.238428E-05  2.175226E-06  5.273275E-19
         5   1  6.860761E-03 -2.465702E-03 -2.470864E-03  2.573337E-06  3.696055E-08 -4.460950E-19
         5   2  6.860761E-03 -2.468275E-03 -2.471049E-03  2.573330E-06  3.696054E-08 -3.793545E-19
         5   3  6.860761E-03 -2.465702E-03 -2.470864E-03 -2.573337E-06  3.696055E-08  3.109729E-19
         5   4  6.860761E-03 -2.468275E-03 -2.471049E-03 -2.573330E-06  3.696054E-08 -2.821864E-19
         5   5  6.860761E-03 -2.465702E-03 -2.470864E-03  2.573337E-06 -3.696055E-08 -2.973849E-19
         5   6  6.860761E-03 -2.468275E-03 -2.471049E-03  2.573330E-06 -3.696054E-08 -4.562440E-19
         5   7  6.860761E-03 -2.465702E-03 -2.470864E-03 -2.573337E-06 -3.696055E-08  2.433779E-19
         5   8  6.860761E-03 -2.468275E-03 -2.471049E-03 -2.573330E-06 -3.696054E-08 -7.097259E-19
         6   1  6.862216E-03 -2.469427E-03 -2.470994E-03  5.747850E-07 -6.682214E-08 -7.671897E-19
         6   2  6.862216E-03 -2.470002E-03 -2.470660E-03  5.747846E-07 -6.682217E-08  5.179537E-19
         6   3  6.862216E-03 -2.469427E-03 -2.470994E-03 -5.747850E-07 -6.682214E-08 -2.399479E-19
         6   4  6.862216E-03 -2.470002E-03 -2.470660E-03 -5.747846E-07 -6.682217E-08  4.225353E-20
         6   5  6.862216E-03 -2.469427E-03 -2.470994E-03  5.747850E-07  6.682214E-08 -5.542651E-19
         6   6  6.862216E-03 -2.470002E-03 -2.470660E-03  5.747846E-07  6.682217E-08  1.554753E-19
         6   7  6.862216E-03 -2.469427E-03 -2.470994E-03 -5.747850E-07  6.682214E-08 -4.596319E-19
         6   8  6.862216E-03 -2.470002E-03 -2.470660E-03 -5.747846E-07  6.682217E-08  1.318171E-19
         7   1  6.862384E-03 -2.470257E-03 -2.470531E-03  1.222320E-07 -3.485790E-09 -5.407313E-20
         7   2  6.862384E-03 -2.470380E-03 -2.470514E-03  1.222320E-07 -3.485790E-09  4.013470E-19
         7   3  6.862384E-03 -2.470257E-03 -2.470531E-03 -1.222320E-07 -3.485790E-09 -3.785293E-19
         7   4  6.862384E-03 -2.470380E-03 -2.470514E-03 -1.222320E-07 -3.485790E-09 -8.508509E-19
         7   5  6.862384E-03 -2.470257E-03 -2.470531E-03  1.222320E-07  3.485790E-09  3.514971E-19
         7   6  6.862384E-03 -2.470380E-03 -2.470514E-03  1.222320E-07  3.485790E-09 -4.900624E-19
         7   7  6.862384E-03 -2.470257E-03 -2.470531E-03 -1.222320E-07  3.485790E-09 -5.137193E-19
         7   8  6.862384E-03 -2.470380E-03 -2.470514E-03 -1.222320E-07  3.485790E-09 -9.395694E-19
         8   1  6.862442E-03 -2.470434E-03 -2.470503E-03  2.687244E-08 -2.375379E-09 -3.176959E-19
         8   2  6.862442E-03 -2.470461E-03 -2.470491E-03  2.687244E-08 -2.375379E-09 -4.275383E-19
         8   3  6.862442E-03 -2.470434E-03 -2.470503E-03 -2.687244E-08 -2.375379E-09 -4.258479E-19
         8   4  6.862442E-03 -2.470461E-03 -2.470491E-03 -2.687244E-08 -2.375379E-09  2.788322E-20
         8   5  6.862442E-03 -2.470434E-03 -2.470503E-03  2.687244E-08  2.375379E-09  1.081528E-19
         8   6  6.862442E-03 -2.470461E-03 -2.470491E-03  2.687244E-08  2.375379E-09 -2.771393E-19
         8   7  6.862442E-03 -2.470434E-03 -2.470503E-03 -2.687244E-08  2.375379E-09 -5.407594E-19
         8   8  6.862442E-03 -2.470461E-03 -2.470491E-03 -2.687244E-08  2.375379E-09  5.272415E-19
         9   1  6.862451E-03 -2.470473E-03 -2.470487E-03  5.775975E-09 -2.770498E-10 -1.825065E-19
         9   2  6.862451E-03 -2.470479E-03 -2.470485E-03  5.775975E-09 -2.770498E-10  3.700828E-19
         9   3  6.862451E-03 -2.470473E-03 -2.470487E-03 -5.775975E-09 -2.770498E-10  1.115319E-19
         9   4  6.862451E-03 -2.470479E-03 -2.470485E-03 -5.775975E-09 -2.770498E-10  6.404629E-19
         9   5  6.862451E-03 -2.470473E-03 -2.470487E-03  5.775975E-09  2.770498E-10 -4.055692E-20
         9   6  6.862451E-03 -2.470479E-03 -2.470485E-03  5.775975E-09  2.770498E-10  2.940384E-19
         9   7  6.862451E-03 -2.470473E-03 -2.470487E-03 -5.775975E-09  2.770498E-10  2.027852E-19
         9   8  6.862451E-03 -2.470479E-03 -2.470485E-03 -5.775975E-09  2.770498E-10  1.132217E-18
        10   1  6.862454E-03 -2.470481E-03 -2.470484E-03  1.260629E-09 -9.513043E-11 -1.791268E-19
        10   2  6.862454E-03 -2.470483E-03 -2.470484E-03  1.260629E-09 -9.513043E-11  1.740572E-19
        10   3  6.862454E-03 -2.470481E-03 -2.470484E-03 -1.260629E-09 -9.513043E-11  7.841023E-19
        10   4  6.862454E-03 -2.470483E-03 -2.470484E-03 -1.260629E-09 -9.513043E-11 -7.604431E-21
        10   5  6.862454E-03 -2.470481E-03 -2.470484E-03  1.260629E-09  9.513044E-11  1.081521E-19
        10   6  6.862454E-03 -2.470483E-03 -2.470484E-03  1.260629E-09  9.513043E-11 -6.083551E-20
        10   7  6.862454E-03 -2.470481E-03 -2.470484E-03 -1.260629E-09  9.513043E-11  9.733683E-19
        10   8  6.862454E-03 -2.470483E-03 -2.470484E-03 -1.260629E-09  9.513044E-11  4.055702E-20
        11   1  6.862454E-03 -2.470483E-03 -2.470484E-03  2.722963E-10 -1.548088E-11 -2.737598E-19
        11   2  6.862454E-03 -2.470483E-03 -2.470484E-03  2.722963E-10 -1.548088E-11 -5.441399E-19
        11   3  6.862454E-03 -2.470483E-03 -2.470484E-03 -2.722963E-10 -1.548087E-11  4.866842E-19
        11   4  6.862454E-03 -2.470483E-03 -2.470484E-03 -2.722963E-10 -1.548088E-11  3.667030E-19
        11   5  6.862454E-03 -2.470483E-03 -2.470484E-03  2.722963E-10  1.548088E-11  1.351901E-20
        11   6  6.862454E-03 -2.470483E-03 -2.470484E-03  2.722963E-10  1.548088E-11  1.081520E-19
        11   7  6.862454E-03 -2.470483E-03 -2.470484E-03 -2.722963E-10  1.548088E-11  4.326081E-19
        11   8  6.862454E-03 -2.470483E-03 -2.470484E-03 -2.722963E-10  1.548088E-11  9.699886E-19
        12   1  6.862455E-03 -2.470484E-03 -2.470484E-03  5.923134E-11 -4.115989E-12 -5.914564E-19
        12   2  6.862455E-03 -2.470484E-03 -2.470484E-03  5.923134E-11 -4.115996E-12 -1.433859E-18
        12   3  6.862455E-03 -2.470484E-03 -2.470484E-03 -5.923134E-11 -4.115996E-12  3.683929E-19
        12   4  6.862455E-03 -2.470484E-03 -2.470484E-03 -5.923134E-11 -4.115993E-12 -1.672977E-19
        12   5  6.862455E-03 -2.470484E-03 -2.470484E-03  5.923134E-11  4.115997E-12 -1.351900E-19
        12   6  6.862455E-03 -2.470484E-03 -2.470484E-03  5.923134E-11  4.115969E-12 -1.030824E-18
        12   7  6.862455E-03 -2.470484E-03 -2.470484E-03 -5.923134E-11  4.115984E-12  6.353932E-19
        12   8  6.862455E-03 -2.470484E-03 -2.470484E-03 -5.923134E-11  4.115998E-12 -1.351900E-19
        13   1  6.862455E-03 -2.470484E-03 -2.470484E-03  1.282271E-11 -7.812656E-13 -8.719758E-19
        13   2  6.862455E-03 -2.470484E-03 -2.470484E-03  1.282271E-11 -7.812757E-13 -1.075606E-18
        13   3  6.862455E-03 -2.470484E-03 -2.470484E-03 -1.282271E-11 -7.812718E-13 -2.365826E-19
        13   4  6.862455E-03 -2.470484E-03 -2.470484E-03 -1.282271E-11 -7.812753E-13 -2.171490E-19
        13   5  6.862455E-03 -2.470484E-03 -2.470484E-03  1.282271E-11  7.812611E-13 -1.000406E-18
        13   6  6.862455E-03 -2.470484E-03 -2.470484E-03  1.282270E-11  7.812480E-13 -1.132217E-18
        13   7  6.862455E-03 -2.470484E-03 -2.470484E-03 -1.282271E-11  7.812628E-13 -5.677982E-19
        13   8  6.862455E-03 -2.470484E-03 -2.470484E-03 -1.282271E-11  7.812716E-13 -1.216710E-19
        14   1  6.862455E-03 -2.470484E-03 -2.470484E-03  2.783712E-12 -1.857823E-13 -6.691907E-19
        14   2  6.862455E-03 -2.470484E-03 -2.470484E-03  2.783712E-12 -1.857840E-13  3.464245E-19
        14   3  6.862455E-03 -2.470484E-03 -2.470484E-03 -2.783707E-12 -1.857871E-13 -2.027851E-20
        14   4  6.862455E-03 -2.470484E-03 -2.470484E-03 -2.783706E-12 -1.857748E-13  3.759973E-19
        14   5  6.862455E-03 -2.470484E-03 -2.470484E-03  2.783707E-12  1.857831E-13 -1.149115E-18
        14   6  6.862455E-03 -2.470484E-03 -2.470484E-03  2.783705E-12  1.857935E-13 -1.622281E-19
        14   7  6.862455E-03 -2.470484E-03 -2.470484E-03 -2.783714E-12  1.857852E-13  1.487090E-19
        14   8  6.862455E-03 -2.470484E-03 -2.470484E-03 -2.783715E-12  1.857905E-13  4.866842E-19
        15   1  6.862455E-03 -2.470484E-03 -2.470484E-03  5.974028E-13 -3.750517E-14  1.757471E-19
        15   2  6.862455E-03 -2.470484E-03 -2.470484E-03  5.974004E-13 -3.751085E-14  4.173993E-19
        15   3  6.862455E-03 -2.470484E-03 -2.470484E-03 -5.973972E-13 -3.750849E-14  6.218742E-19
        15   4  6.862455E-03 -2.470484E-03 -2.470484E-03 -5.974004E-13 -3.750325E-14  5.466747E-19
        15   5  6.862455E-03 -2.470484E-03 -2.470484E-03  5.973966E-13  3.750237E-14  3.650131E-19
        15   6  6.862455E-03 -2.470484E-03 -2.470484E-03  5.973973E-13  3.750236E-14  1.318103E-19
        15   7  6.862455E-03 -2.470484E-03 -2.470484E-03 -5.974042E-13  3.749857E-14  6.894692E-19
        15   8  6.862455E-03 -2.470484E-03 -2.470484E-03 -5.974035E-13  3.749508E-14  1.270786E-18
        16   1  6.862455E-03 -2.470484E-03 -2.470484E-03  1.025937E-13 -6.779912E-15  1.994053E-19
        16   2  6.862455E-03 -2.470484E-03 -2.470484E-03  1.025954E-13 -6.784279E-15  4.993582E-19
        16   3  6.862455E-03 -2.470484E-03 -2.470484E-03 -1.025930E-13 -6.788481E-15  8.483175E-19
        16   4  6.862455E-03 -2.470484E-03 -2.470484E-03 -1.025936E-13 -6.771015E-15  7.807225E-19
        16   5  6.862455E-03 -2.470484E-03 -2.470484E-03  1.025930E-13  6.755836E-15 -4.326081E-19
        16   6  6.862455E-03 -2.470484E-03 -2.470484E-03  1.025916E-13  6.771556E-15 -2.399623E-19
        16   7  6.862455E-03 -2.470484E-03 -2.470484E-03 -1.025933E-13  6.747801E-15  6.353932E-19
        16   8  6.862455E-03 -2.470484E-03 -2.470484E-03 -1.025948E-13  6.775746E-15  5.813172E-19

                                INCREMENT     9


 forces (fx,fy,fz) for set RIGHT and time  0.7750000E+00

        65  2.979355E+01 -6.123523E-15 -9.232730E-15
        66  2.979355E+01  5.705939E-15  6.389337E-15
        67  2.979355E+01 -1.660712E-15  8.108962E-15
        68  2.979355E+01  2.557766E-15  3.613303E-14

 displacements (vx,vy,vz) for set RIGHT and time  0.7750000E+00

        65  1.550000E-01  7.104838E-03  1.420968E-03
        66  1.550000E-01 -7.104838E-03  1.420968E-03
        67  1.550000E-01 -7.104838E-03 -1.420968E-03
        68  1.550000E-01  7.104838E-03 -1.420968E-03

 stresses (elem, integ.pnt.,sxx,syy,szz,sxy,sxz,syz) for set ALL and time  0.7750000E+00

         1   1  2.862238E+01  1.339145E+01  1.269835E+01  2.825442E+00  9.443422E-01  4.628235E-03
         1   2  1.916949E+01  1.268732E+00 -1.250222E+00  2.804308E+00  9.357247E-01  4.608779E-03
         1   3  2.862238E+01  1.339145E+01  1.269835E+01 -2.825442E+00  9.443422E-01 -4.628235E-03
         1   4  1.916949E+01  1.268732E+00 -1.250222E+00 -2.804308E+00  9.357247E-01 -4.608779E-03
         1   5  2.862238E+01  1.339145E+01  1.269835E+01  2.825442E+00 -9.443422E-01 -4.628235E-03
         1   6  1.916949E+01  1.268732E+00 -1.250222E+00  2.804308E+00 -9.357247E-01 -4.608779E-03
         1   7  2.862238E+01  1.339145E+01  1.269835E+01 -2.825442E+00 -9.443422E-01  4.628235E-03
         1   8  1.916949E+01  1.268732E+00 -1.250222E+00 -2.804308E+00 -9.357247E-01  4.608779E-03
         2   1  2.374953E+01  1.069949E+00 -1.478862E+00  7.045688E-01 -2.105181E-01 -2.585570E-04
         2   2  2.419026E+01  8.221155E-01 -2.500985E-02  7.043025E-01 -2.107612E-01 -2.586075E-04
         2   3  2.374953E+01  1.069949E+00 -1.478862E+00 -7.045688E-01 -2.105181E-01  2.585570E-04
         2   4  2.419026E+01  8.221155E-01 -2.500985E-02 -7.043025E-01 -2.107612E-01  2.586075E-04
         2   5  2.374953E+01  1.069949E+00 -1.478862E+00  7.045688E-01  2.105181E-01  2.585570E-04
         2   6  2.419026E+01  8.221155E-01 -2.500985E-02  7.043025E-01  2.107612E-01  2.586075E-04
         2   7  2.374953E+01  1.069949E+00 -1.478862E+00 -7.045688E-01  2.105181E-01 -2.585570E-04
         2   8  2.419026E+01  8.221155E-01 -2.500985E-02 -7.043025E-01  2.107612E-01 -2.586075E-04
         3   1  2.410499E+01  5.023195E-01  3.017376E-01  1.396179E-01  1.531501E-02  3.725717E-06
         3   2  2.383234E+01  9.787121E-02 -4.159503E-02  1.395805E-01  1.531175E-02  3.725265E-06
         3   3  2.410499E+01  5.023195E-01  3.017376E-01 -1.396179E-01  1.531501E-02 -3.725717E-06
         3   4  2.383234E+01  9.787121E-02 -4.159503E-02 -1.395805E-01  1.531175E-02 -3.725265E-06
         3   5  2.410499E+01  5.023195E-01  3.017376E-01  1.396179E-01 -1.531501E-02 -3.725717E-06
         3   6  2.383234E+01  9.787121E-02 -4.159503E-02  1.395805E-01 -1.531175E-02 -3.725265E-06
         3   7  2.410499E+01  5.023195E-01  3.017376E-01 -1.396179E-01 -1.531501E-02  3.725717E-06
         3   8  2.383234E+01  9.787121E-02 -4.159503E-02 -1.395805E-01 -1.531175E-02  3.725265E-06
         4   1  2.397325E+01  6.947981E-02 -2.610880E-02  3.233658E-02 -5.660266E-03 -3.189616E-07
         4   2  2.396816E+01  3.313717E-02 -3.721710E-03  3.233559E-02 -5.660390E-03 -3.189609E-07
         4   3  2.397325E+01  6.947981E-02 -2.610880E-02 -3.233658E-02 -5.660266E-03  3.189616E-07
         4   4  2.396816E+01  3.313717E-02 -3.721710E-03 -3.233559E-02 -5.660390E-03  3.189609E-07
         4   5  2.397325E+01  6.947981E-02 -2.610880E-02  3.233658E-02  5.660266E-03  3.189616E-07
         4   6  2.396816E+01  3.313717E-02 -3.721710E-03  3.233559E-02  5.660390E-03  3.189609E-07
         4   7  2.397325E+01  6.947981E-02 -2.610880E-02 -3.233658E-02  5.660266E-03 -3.189616E-07
         4   8  2.396816E+01  3.313717E-02 -3.721710E-03 -3.233559E-02  5.660390E-03 -3.189609E-07
         5   1  2.397535E+01  2.094567E-02  7.811462E-03  6.738387E-03  9.147581E-05  1.074156E-09
         5   2  2.396627E+01  5.459158E-03 -1.591738E-03  6.738315E-03  9.147533E-05  1.074153E-09
         5   3  2.397535E+01  2.094567E-02  7.811462E-03 -6.738387E-03  9.147581E-05 -1.074157E-09
         5   4  2.396627E+01  5.459158E-03 -1.591738E-03 -6.738315E-03  9.147533E-05 -1.074153E-09
         5   5  2.397535E+01  2.094567E-02  7.811462E-03  6.738387E-03 -9.147581E-05 -1.074155E-09
         5   6  2.396627E+01  5.459158E-03 -1.591738E-03  6.738315E-03 -9.147533E-05 -1.074151E-09
         5   7  2.397535E+01  2.094567E-02  7.811462E-03 -6.738387E-03 -9.147581E-05  1.074155E-09
         5   8  2.396627E+01  5.459158E-03 -1.591738E-03 -6.738315E-03 -9.147533E-05  1.074150E-09
         6   1  2.397128E+01  3.694950E-03 -2.853084E-04  1.507965E-03 -1.745542E-04 -4.586985E-10
         6   2  2.397048E+01  1.443524E-03 -2.309774E-04  1.507962E-03 -1.745543E-04 -4.586991E-10
         6   3  2.397128E+01  3.694950E-03 -2.853084E-04 -1.507965E-03 -1.745542E-04  4.587003E-10
         6   4  2.397048E+01  1.443524E-03 -2.309774E-04 -1.507962E-03 -1.745543E-04  4.587000E-10
         6   5  2.397128E+01  3.694950E-03 -2.853084E-04  1.507965E-03  1.745542E-04  4.587004E-10
         6   6  2.397048E+01  1.443524E-03 -2.309774E-04  1.507962E-03  1.745543E-04  4.587004E-10
         6   7  2.397128E+01  3.694950E-03 -2.853084E-04 -1.507965E-03  1.745542E-04 -4.587008E-10
         6   8  2.397048E+01  1.443524E-03 -2.309774E-04 -1.507962E-03  1.745543E-04 -4.586988E-10
         7   1  2.397106E+01  9.296621E-04  2.296962E-04  3.215417E-04 -9.355206E-06 -5.241667E-12
         7   2  2.397072E+01  2.761039E-04 -6.714445E-05  3.215416E-04 -9.355205E-06 -5.243689E-12
         7   3  2.397106E+01  9.296621E-04  2.296962E-04 -3.215417E-04 -9.355206E-06  5.242555E-12
         7   4  2.397072E+01  2.761039E-04 -6.714445E-05 -3.215416E-04 -9.355205E-06  5.241171E-12
         7   5  2.397106E+01  9.296621E-04  2.296962E-04  3.215417E-04  9.355206E-06  5.242954E-12
         7   6  2.397072E+01  2.761039E-04 -6.714445E-05  3.215416E-04  9.355205E-06  5.242347E-12
         7   7  2.397106E+01  9.296621E-04  2.296962E-04 -3.215417E-04  9.355206E-06 -5.241771E-12
         7   8  2.397072E+01  2.761039E-04 -6.714445E-05 -3.215416E-04  9.355205E-06 -5.242421E-12
         8   1  2.397092E+01  1.835465E-04  7.036781E-06  7.083713E-05 -6.239434E-06 -7.718882E-13
         8   2  2.397087E+01  6.557997E-05 -1.210907E-05  7.083712E-05 -6.239434E-06 -7.706662E-13
         8   3  2.397092E+01  1.835465E-04  7.036781E-06 -7.083713E-05 -6.239434E-06  7.704684E-13
         8   4  2.397087E+01  6.557997E-05 -1.210907E-05 -7.083712E-05 -6.239434E-06  7.709324E-13
         8   5  2.397092E+01  1.835465E-04  7.036781E-06  7.083713E-05  6.239434E-06  7.686494E-13
         8   6  2.397087E+01  6.557997E-05 -1.210907E-05  7.083712E-05  6.239434E-06  7.689747E-13
         8   7  2.397092E+01  1.835465E-04  7.036781E-06 -7.083713E-05  6.239434E-06 -7.710748E-13
         8   8  2.397087E+01  6.557997E-05 -1.210907E-05 -7.083712E-05  6.239434E-06 -7.710600E-13
         9   1  2.397090E+01  4.263814E-05  7.839461E-06  1.526460E-05 -7.380793E-07 -1.935980E-14
         9   2  2.397089E+01  1.344189E-05 -2.998795E-06  1.526460E-05 -7.380793E-07 -1.797887E-14
         9   3  2.397090E+01  4.263814E-05  7.839461E-06 -1.526460E-05 -7.380794E-07  2.154118E-14
         9   4  2.397089E+01  1.344189E-05 -2.998795E-06 -1.526460E-05 -7.380794E-07  2.214568E-14
         9   5  2.397090E+01  4.263814E-05  7.839461E-06  1.526460E-05  7.380794E-07  1.821365E-14
         9   6  2.397089E+01  1.344189E-05 -2.998795E-06  1.526460E-05  7.380794E-07  2.297572E-14
         9   7  2.397090E+01  4.263814E-05  7.839461E-06 -1.526460E-05  7.380793E-07 -1.845027E-14
         9   8  2.397089E+01  1.344189E-05 -2.998795E-06 -1.526460E-05  7.380793E-07 -1.877563E-14
        10   1  2.397089E+01  8.868443E-06  7.765126E-07  3.338862E-06 -2.514274E-07  4.226907E-16
        10   2  2.397089E+01  3.042538E-06 -5.981498E-07  3.338862E-06 -2.514274E-07 -2.993576E-15
        10   3  2.397089E+01  8.868443E-06  7.765126E-07 -3.338862E-06 -2.514274E-07  3.111888E-15
        10   4  2.397089E+01  3.042538E-06 -5.981498E-07 -3.338862E-06 -2.514274E-07  9.619325E-16
        10   5  2.397089E+01  8.868443E-06  7.765126E-07  3.338862E-06  2.514274E-07  2.261519E-15
        10   6  2.397089E+01  3.042538E-06 -5.981498E-07  3.338862E-06  2.514274E-07  9.305059E-16
        10   7  2.397089E+01  8.868443E-06  7.765126E-07 -3.338862E-06  2.514274E-07 -1.910542E-16
        10   8  2.397089E+01  3.042538E-06 -5.981497E-07 -3.338862E-06  2.514274E-07 -2.135812E-15
        11   1  2.397089E+01  1.987237E-06  3.052912E-07  7.229702E-07 -4.128791E-08 -1.996775E-15
        11   2  2.397089E+01  6.438436E-07 -1.379654E-07  7.229702E-07 -4.128789E-08  4.397178E-16
        11   3  2.397089E+01  1.987237E-06  3.052912E-07 -7.229702E-07 -4.128788E-08  1.390425E-15
        11   4  2.397089E+01  6.438436E-07 -1.379654E-07 -7.229702E-07 -4.128787E-08  1.261021E-15
        11   5  2.397089E+01  1.987237E-06  3.052912E-07  7.229702E-07  4.128790E-08 -1.042371E-15
        11   6  2.397089E+01  6.438436E-07 -1.379654E-07  7.229702E-07  4.128792E-08 -1.993960E-16
        11   7  2.397089E+01  1.987237E-06  3.052912E-07 -7.229702E-07  4.128790E-08 -7.323131E-16
        11   8  2.397089E+01  6.438436E-07 -1.379654E-07 -7.229702E-07  4.128791E-08  1.486042E-15
        12   1  2.397089E+01  4.233684E-07  4.630615E-08  1.576200E-07 -1.094390E-08  8.473634E-16
        12   2  2.397089E+01  1.425791E-07 -2.883148E-08  1.576200E-07 -1.094392E-08 -2.040195E-15
        12   3  2.397089E+01  4.233684E-07  4.630616E-08 -1.576200E-07 -1.094391E-08 -9.312271E-17
        12   4  2.397089E+01  1.425791E-07 -2.883148E-08 -1.576200E-07 -1.094387E-08 -8.307257E-16
        12   5  2.397089E+01  4.233684E-07  4.630616E-08  1.576200E-07  1.094391E-08  1.245285E-15
        12   6  2.397089E+01  1.425791E-07 -2.883148E-08  1.576200E-07  1.094389E-08 -2.008303E-15
        12   7  2.397089E+01  4.233684E-07  4.630616E-08 -1.576200E-07  1.094389E-08 -2.100525E-16
        12   8  2.397089E+01  1.425791E-07 -2.883148E-08 -1.576200E-07  1.094390E-08 -3.431538E-16
        13   1  2.397089E+01  9.332603E-08  1.301908E-08  3.420456E-08 -2.090011E-09 -1.604735E-15
        13   2  2.397089E+01  3.061927E-08 -6.439427E-09  3.420457E-08 -2.090005E-09  4.546382E-16
        13   3  2.397089E+01  9.332601E-08  1.301907E-08 -3.420457E-08 -2.090000E-09 -8.650339E-16
        13   4  2.397089E+01  3.061924E-08 -6.439460E-09 -3.420457E-08 -2.090011E-09 -1.085021E-15
        13   5  2.397089E+01  9.332603E-08  1.301908E-08  3.420457E-08  2.090039E-09 -1.685825E-15
        13   6  2.397089E+01  3.061927E-08 -6.439423E-09  3.420457E-08  2.090007E-09 -4.065738E-16
        13   7  2.397089E+01  9.332596E-08  1.301902E-08 -3.420456E-08  2.090017E-09 -2.970265E-17
        13   8  2.397089E+01  3.061922E-08 -6.439482E-09 -3.420457E-08  2.090021E-09 -1.937488E-15
        14   1  2.397089E+01  2.010578E-08  2.395876E-09  7.442596E-09 -4.967310E-10 -1.146157E-15
        14   2  2.397089E+01  6.722655E-09 -1.373632E-09  7.442595E-09 -4.967185E-10 -2.210967E-15
        14   3  2.397089E+01  2.010576E-08  2.395844E-09 -7.442586E-09 -4.967400E-10  1.220102E-15
        14   4  2.397089E+01  6.722641E-09 -1.373646E-09 -7.442590E-09 -4.966975E-10  1.617557E-15
        14   5  2.397089E+01  2.010577E-08  2.395864E-09  7.442584E-09  4.967625E-10 -5.619768E-16
        14   6  2.397089E+01  6.722637E-09 -1.373649E-09  7.442589E-09  4.967451E-10 -1.878201E-15
        14   7  2.397089E+01  2.010580E-08  2.395885E-09 -7.442594E-09  4.967293E-10 -2.957871E-16
        14   8  2.397089E+01  6.722662E-09 -1.373625E-09 -7.442591E-09  4.967720E-10  1.730310E-15
        15   1  2.397089E+01  4.413211E-09  5.817787E-10  1.600921E-09 -1.007222E-10 -1.981731E-15
        15   2  2.397089E+01  1.496255E-09 -2.969912E-10  1.600917E-09 -1.007251E-10  8.466719E-16
        15   3  2.397089E+01  4.413228E-09  5.817999E-10 -1.600915E-09 -1.006892E-10  3.224010E-15
        15   4  2.397089E+01  1.496273E-09 -2.969700E-10 -1.600916E-09 -1.006622E-10  2.011309E-15
        15   5  2.397089E+01  4.413195E-09  5.817629E-10  1.600917E-09  1.006977E-10 -1.538059E-15
        15   6  2.397089E+01  1.496238E-09 -2.970141E-10  1.600923E-09  1.006909E-10  1.286646E-15
        15   7  2.397089E+01  4.413230E-09  5.817999E-10 -1.600917E-09  1.007314E-10  3.667680E-15
        15   8  2.397089E+01  1.496314E-09 -2.969295E-10 -1.600913E-09  1.007197E-10  3.135275E-15
        16   1  2.397089E+01  1.020880E-09  1.035073E-10  2.754044E-10 -1.817144E-11  3.253587E-16
        16   2  2.397089E+01  5.243700E-10 -3.824662E-11  2.754107E-10 -1.817434E-11 -1.027838E-15
        16   3  2.397089E+01  1.020920E-09  1.035496E-10 -2.754129E-10 -1.817419E-11  1.508481E-15
        16   4  2.397089E+01  5.243947E-10 -3.823605E-11 -2.754119E-10 -1.815485E-11 -2.127772E-15
        16   5  2.397089E+01  1.020878E-09  1.035056E-10  2.754138E-10  1.820170E-11  7.986078E-16
        16   6  2.397089E+01  5.243647E-10 -3.824662E-11  2.754119E-10  1.819299E-11 -4.214874E-16
        16   7  2.397089E+01  1.020852E-09  1.034827E-10 -2.754049E-10  1.817330E-11  1.745106E-15
        16   8  2.397089E+01  5.243207E-10 -3.830479E-11 -2.754102E-10  1.817343E-11 -2.440191E-15

 strains (elem, integ.pnt.,exx,eyy,ezz,exy,exz,eyz) for set ALL and time  0.7750000E+00

         1   1  6.320904E-03 -4.568021E-04 -7.637207E-04  1.247721E-03  4.171453E-04 -1.828818E-19
         1   2  6.320904E-03 -1.703744E-03 -2.847269E-03  1.246163E-03  4.162739E-04 -4.127327E-19
         1   3  6.320904E-03 -4.568021E-04 -7.637207E-04 -1.247721E-03  4.171453E-04 -3.387208E-20
         1   4  6.320904E-03 -1.703744E-03 -2.847269E-03 -1.246163E-03  4.162739E-04  7.432636E-20
         1   5  6.320904E-03 -4.568021E-04 -7.637207E-04  1.247721E-03 -4.171453E-04 -7.792160E-20
         1   6  6.320904E-03 -1.703744E-03 -2.847269E-03  1.246163E-03 -4.162739E-04 -1.086703E-19
         1   7  6.320904E-03 -4.568021E-04 -7.637207E-04 -1.247721E-03 -4.171453E-04  9.818075E-20
         1   8  6.320904E-03 -1.703744E-03 -2.847269E-03 -1.246163E-03 -4.162739E-04  3.648749E-19
         2   1  7.860067E-03 -2.273847E-03 -3.438215E-03  3.116536E-04 -9.322351E-05 -6.155923E-19
         2   2  7.860067E-03 -2.585452E-03 -2.971988E-03  3.115560E-04 -9.326727E-05 -9.330607E-19
         2   3  7.860067E-03 -2.273847E-03 -3.438215E-03 -3.116536E-04 -9.322351E-05 -1.153061E-19
         2   4  7.860067E-03 -2.585452E-03 -2.971988E-03 -3.115560E-04 -9.326727E-05  1.348277E-19
         2   5  7.860067E-03 -2.273847E-03 -3.438215E-03  3.116536E-04  9.322351E-05 -3.117740E-19
         2   6  7.860067E-03 -2.585452E-03 -2.971988E-03  3.115560E-04  9.326727E-05 -4.363985E-19
         2   7  7.860067E-03 -2.273847E-03 -3.438215E-03 -3.116536E-04  9.322351E-05  2.290930E-19
         2   8  7.860067E-03 -2.585452E-03 -2.971988E-03 -3.115560E-04  9.326727E-05  6.517530E-19
         3   1  7.831431E-03 -2.722094E-03 -2.813685E-03  6.177555E-05  6.776901E-06 -5.272584E-19
         3   2  7.831431E-03 -2.783868E-03 -2.847569E-03  6.177171E-05  6.776670E-06 -6.117386E-19
         3   3  7.831431E-03 -2.722094E-03 -2.813685E-03 -6.177555E-05  6.776901E-06  3.377390E-19
         3   4  7.831431E-03 -2.783868E-03 -2.847569E-03 -6.177171E-05  6.776670E-06  2.447590E-19
         3   5  7.831431E-03 -2.722094E-03 -2.813685E-03  6.177555E-05 -6.776901E-06 -1.488469E-19
         3   6  7.831431E-03 -2.783868E-03 -2.847569E-03  6.177171E-05 -6.776670E-06 -1.015705E-19
         3   7  7.831431E-03 -2.722094E-03 -2.813685E-03 -6.177555E-05 -6.776901E-06  1.013496E-18
         3   8  7.831431E-03 -2.783868E-03 -2.847569E-03 -6.177171E-05 -6.776670E-06  6.822847E-19
         4   1  7.878680E-03 -2.811715E-03 -2.855387E-03  1.430876E-05 -2.504741E-06 -7.447296E-20
         4   2  7.878680E-03 -2.826024E-03 -2.842863E-03  1.430855E-05 -2.504773E-06  2.685530E-19
         4   3  7.878680E-03 -2.811715E-03 -2.855387E-03 -1.430876E-05 -2.504741E-06  2.498719E-19
         4   4  7.878680E-03 -2.826024E-03 -2.842863E-03 -1.430855E-05 -2.504773E-06 -1.639005E-19
         4   5  7.878680E-03 -2.811715E-03 -2.855387E-03  1.430876E-05  2.504741E-06 -2.434094E-19
         4   6  7.878680E-03 -2.826024E-03 -2.842863E-03  1.430855E-05  2.504773E-06 -9.126215E-20
         4   7  7.878680E-03 -2.811715E-03 -2.855387E-03 -1.430876E-05  2.504741E-06 -4.069327E-20
         4   8  7.878680E-03 -2.826024E-03 -2.842863E-03 -1.430855E-05  2.504773E-06  6.415095E-20
         5   1  7.881090E-03 -2.832352E-03 -2.838353E-03  2.981742E-06  4.047835E-08 -2.297479E-19
         5   2  7.881090E-03 -2.835334E-03 -2.838556E-03  2.981733E-06  4.047835E-08  4.679259E-19
         5   3  7.881090E-03 -2.832352E-03 -2.838353E-03 -2.981742E-06  4.047835E-08 -3.378606E-19
         5   4  7.881090E-03 -2.835334E-03 -2.838556E-03 -2.981733E-06  4.047835E-08 -7.432705E-19
         5   5  7.881090E-03 -2.832352E-03 -2.838353E-03  2.981742E-06 -4.047835E-08  4.864990E-19
         5   6  7.881090E-03 -2.835334E-03 -2.838556E-03  2.981733E-06 -4.047835E-08  4.358302E-19
         5   7  7.881090E-03 -2.832352E-03 -2.838353E-03 -2.981742E-06 -4.047835E-08 -3.784026E-19
         5   8  7.881090E-03 -2.835334E-03 -2.838556E-03 -2.981733E-06 -4.047835E-08 -9.899018E-19
         6   1  7.882770E-03 -2.836670E-03 -2.838488E-03  6.672778E-07 -7.724078E-08  4.459663E-19
         6   2  7.882770E-03 -2.837337E-03 -2.838102E-03  6.672774E-07 -7.724081E-08  1.157161E-19
         6   3  7.882770E-03 -2.836670E-03 -2.838488E-03 -6.672778E-07 -7.724078E-08  3.378540E-19
         6   4  7.882770E-03 -2.837337E-03 -2.838102E-03 -6.672774E-07 -7.724081E-08  3.167372E-19
         6   5  7.882770E-03 -2.836670E-03 -2.838488E-03  6.672778E-07  7.724078E-08  3.919103E-19
         6   6  7.882770E-03 -2.837337E-03 -2.838102E-03  6.672774E-07  7.724081E-08  4.797501E-19
         6   7  7.882770E-03 -2.836670E-03 -2.838488E-03 -6.672778E-07  7.724078E-08 -5.675858E-19
         6   8  7.882770E-03 -2.837337E-03 -2.838102E-03 -6.672774E-07  7.724081E-08  2.567688E-19
         7   1  7.882965E-03 -2.837633E-03 -2.837953E-03  1.422831E-07 -4.139705E-09  1.554125E-19
         7   2  7.882965E-03 -2.837776E-03 -2.837932E-03  1.422831E-07 -4.139705E-09 -7.686086E-19
         7   3  7.882965E-03 -2.837633E-03 -2.837953E-03 -1.422831E-07 -4.139705E-09  2.500106E-19
         7   4  7.882965E-03 -2.837776E-03 -2.837932E-03 -1.422831E-07 -4.139705E-09 -3.817700E-19
         7   5  7.882965E-03 -2.837633E-03 -2.837953E-03  1.422831E-07  4.139705E-09  4.324498E-19
         7   6  7.882965E-03 -2.837776E-03 -2.837932E-03  1.422831E-07  4.139705E-09  1.554121E-19
         7   7  7.882965E-03 -2.837633E-03 -2.837953E-03 -1.422831E-07  4.139705E-09  1.081135E-19
         7   8  7.882965E-03 -2.837776E-03 -2.837932E-03 -1.422831E-07  4.139705E-09 -1.891953E-19
         8   1  7.883033E-03 -2.837839E-03 -2.837920E-03  3.134562E-08 -2.760967E-09 -7.635412E-19
         8   2  7.883033E-03 -2.837871E-03 -2.837906E-03  3.134562E-08 -2.760967E-09 -2.052439E-19
         8   3  7.883033E-03 -2.837839E-03 -2.837920E-03 -3.134562E-08 -2.760967E-09  1.148696E-19
         8   4  7.883033E-03 -2.837871E-03 -2.837906E-03 -3.134562E-08 -2.760967E-09  3.268704E-19
         8   5  7.883033E-03 -2.837839E-03 -2.837920E-03  3.134562E-08  2.760967E-09 -7.162422E-19
         8   6  7.883033E-03 -2.837871E-03 -2.837906E-03  3.134562E-08  2.760967E-09 -5.675883E-19
         8   7  7.883033E-03 -2.837839E-03 -2.837920E-03 -3.134562E-08  2.760967E-09 -3.919059E-19
         8   8  7.883033E-03 -2.837871E-03 -2.837906E-03 -3.134562E-08  2.760967E-09 -3.851492E-19
         9   1  7.883044E-03 -2.837884E-03 -2.837900E-03  6.754626E-09 -3.266021E-10  1.250047E-19
         9   2  7.883044E-03 -2.837891E-03 -2.837899E-03  6.754626E-09 -3.266021E-10  7.559401E-19
         9   3  7.883044E-03 -2.837884E-03 -2.837900E-03 -6.754626E-09 -3.266021E-10  8.716538E-19
         9   4  7.883044E-03 -2.837891E-03 -2.837899E-03 -6.754626E-09 -3.266021E-10  1.147846E-18
         9   5  7.883044E-03 -2.837884E-03 -2.837900E-03  6.754626E-09  3.266021E-10 -6.486725E-19
         9   6  7.883044E-03 -2.837891E-03 -2.837899E-03  6.754626E-09  3.266021E-10  1.527083E-18
         9   7  7.883044E-03 -2.837884E-03 -2.837900E-03 -6.754626E-09  3.266021E-10  5.405606E-19
         9   8  7.883044E-03 -2.837891E-03 -2.837899E-03 -6.754626E-09  3.266021E-10  3.919064E-19
        10   1  7.883046E-03 -2.837894E-03 -2.837898E-03  1.477455E-09 -1.112573E-10  8.615183E-19
        10   2  7.883046E-03 -2.837896E-03 -2.837897E-03  1.477455E-09 -1.112573E-10 -6.993501E-19
        10   3  7.883046E-03 -2.837894E-03 -2.837898E-03 -1.477455E-09 -1.112573E-10  7.534062E-19
        10   4  7.883046E-03 -2.837896E-03 -2.837897E-03 -1.477455E-09 -1.112573E-10 -2.288936E-19
        10   5  7.883046E-03 -2.837894E-03 -2.837898E-03  1.477455E-09  1.112573E-10  3.648783E-19
        10   6  7.883046E-03 -2.837896E-03 -2.837897E-03  1.477455E-09  1.112573E-10 -2.432522E-19
        10   7  7.883046E-03 -2.837894E-03 -2.837898E-03 -1.477455E-09  1.112573E-10  5.811025E-19
        10   8  7.883046E-03 -2.837896E-03 -2.837897E-03 -1.477455E-09  1.112573E-10 -3.074438E-19
        11   1  7.883047E-03 -2.837896E-03 -2.837897E-03  3.199163E-10 -1.827001E-11 -8.885463E-19
        11   2  7.883047E-03 -2.837897E-03 -2.837897E-03  3.199163E-10 -1.827000E-11  2.246704E-19
        11   3  7.883047E-03 -2.837896E-03 -2.837897E-03 -3.199163E-10 -1.827000E-11  6.115090E-19
        11   4  7.883047E-03 -2.837897E-03 -2.837897E-03 -3.199163E-10 -1.827000E-11  5.523852E-19
        11   5  7.883047E-03 -2.837896E-03 -2.837897E-03  3.199163E-10  1.827001E-11 -5.000184E-19
        11   6  7.883047E-03 -2.837897E-03 -2.837897E-03  3.199163E-10  1.827002E-11 -1.148691E-19
        11   7  7.883047E-03 -2.837896E-03 -2.837897E-03 -3.199163E-10  1.827001E-11 -3.108223E-19
        11   8  7.883047E-03 -2.837897E-03 -2.837897E-03 -3.199163E-10  1.827001E-11  7.027286E-19
        12   1  7.883047E-03 -2.837897E-03 -2.837897E-03  6.974726E-11 -4.842706E-12  3.885278E-19
        12   2  7.883047E-03 -2.837897E-03 -2.837897E-03  6.974726E-11 -4.842714E-12 -9.307776E-19
        12   3  7.883047E-03 -2.837897E-03 -2.837897E-03 -6.974727E-11 -4.842709E-12 -4.392054E-20
        12   4  7.883047E-03 -2.837897E-03 -2.837897E-03 -6.974727E-11 -4.842693E-12 -3.809262E-19
        12   5  7.883047E-03 -2.837897E-03 -2.837897E-03  6.974727E-11  4.842712E-12  5.675885E-19
        12   6  7.883047E-03 -2.837897E-03 -2.837897E-03  6.974727E-11  4.842702E-12 -9.189528E-19
        12   7  7.883047E-03 -2.837897E-03 -2.837897E-03 -6.974727E-11  4.842701E-12 -9.459808E-20
        12   8  7.883047E-03 -2.837897E-03 -2.837897E-03 -6.974727E-11  4.842708E-12 -1.554111E-19
        13   1  7.883047E-03 -2.837897E-03 -2.837897E-03  1.513561E-11 -9.248355E-13 -7.331351E-19
        13   2  7.883047E-03 -2.837897E-03 -2.837897E-03  1.513561E-11 -9.248329E-13  2.077779E-19
        13   3  7.883047E-03 -2.837897E-03 -2.837897E-03 -1.513561E-11 -9.248302E-13 -3.952848E-19
        13   4  7.883047E-03 -2.837897E-03 -2.837897E-03 -1.513561E-11 -9.248355E-13 -4.957953E-19
        13   5  7.883047E-03 -2.837897E-03 -2.837897E-03  1.513562E-11  9.248480E-13 -7.702987E-19
        13   6  7.883047E-03 -2.837897E-03 -2.837897E-03  1.513561E-11  9.248336E-13 -1.858177E-19
        13   7  7.883047E-03 -2.837897E-03 -2.837897E-03 -1.513561E-11  9.248384E-13 -1.351401E-20
        13   8  7.883047E-03 -2.837897E-03 -2.837897E-03 -1.513562E-11  9.248401E-13 -8.851678E-19
        14   1  7.883047E-03 -2.837897E-03 -2.837897E-03  3.293369E-12 -2.198049E-13 -5.236680E-19
        14   2  7.883047E-03 -2.837897E-03 -2.837897E-03  3.293369E-12 -2.197992E-13 -1.010172E-18
        14   3  7.883047E-03 -2.837897E-03 -2.837897E-03 -3.293365E-12 -2.198090E-13  5.574530E-19
        14   4  7.883047E-03 -2.837897E-03 -2.837897E-03 -3.293366E-12 -2.197897E-13  7.390475E-19
        14   5  7.883047E-03 -2.837897E-03 -2.837897E-03  3.293364E-12  2.198190E-13 -2.567662E-19
        14   6  7.883047E-03 -2.837897E-03 -2.837897E-03  3.293366E-12  2.198111E-13 -8.581397E-19
        14   7  7.883047E-03 -2.837897E-03 -2.837897E-03 -3.293368E-12  2.198039E-13 -1.351401E-19
        14   8  7.883047E-03 -2.837897E-03 -2.837897E-03 -3.293367E-12  2.198232E-13  7.905697E-19
        15   1  7.883047E-03 -2.837897E-03 -2.837897E-03  7.084120E-13 -4.456980E-14 -9.054388E-19
        15   2  7.883047E-03 -2.837897E-03 -2.837897E-03  7.084103E-13 -4.457111E-14  3.868386E-19
        15   3  7.883047E-03 -2.837897E-03 -2.837897E-03 -7.084093E-13 -4.455497E-14  1.473027E-18
        15   4  7.883047E-03 -2.837897E-03 -2.837897E-03 -7.084098E-13 -4.454273E-14  9.189528E-19
        15   5  7.883047E-03 -2.837897E-03 -2.837897E-03  7.084102E-13  4.455905E-14 -7.027286E-19
        15   6  7.883047E-03 -2.837897E-03 -2.837897E-03  7.084127E-13  4.455595E-14  5.878595E-19
        15   7  7.883047E-03 -2.837897E-03 -2.837897E-03 -7.084101E-13  4.457422E-14  1.675737E-18
        15   8  7.883047E-03 -2.837897E-03 -2.837897E-03 -7.084084E-13  4.456893E-14  1.432485E-18
        16   1  7.883047E-03 -2.837897E-03 -2.837897E-03  1.218672E-13 -8.041021E-15  1.486541E-19
        16   2  7.883047E-03 -2.837897E-03 -2.837897E-03  1.218700E-13 -8.042332E-15 -4.696119E-19
        16   3  7.883047E-03 -2.837897E-03 -2.837897E-03 -1.218710E-13 -8.041979E-15  6.892146E-19
        16   4  7.883047E-03 -2.837897E-03 -2.837897E-03 -1.218706E-13 -8.033237E-15 -9.721642E-19
        16   5  7.883047E-03 -2.837897E-03 -2.837897E-03  1.218714E-13  8.054375E-15  3.648783E-19
        16   6  7.883047E-03 -2.837897E-03 -2.837897E-03  1.218705E-13  8.050441E-15 -1.925747E-19
        16   7  7.883047E-03 -2.837897E-03 -2.837897E-03 -1.218674E-13  8.041884E-15  7.973267E-19
        16   8  7.883047E-03 -2.837897E-03 -2.837897E-03 -1.218698E-13  8.041938E-15 -1.114906E-18

                                INCREMENT    10


 forces (fx,fy,fz) for set RIGHT and time  0.8750000E+00

        65  3.368849E+01  3.076074E-15 -5.431487E-15
        66  3.368849E+01  1.566050E-15 -3.686699E-15
        67  3.368849E+01  7.083067E-15  2.785623E-14
        68  3.368849E+01 -5.733515E-15  1.560011E-14

 displacements (vx,vy,vz) for set RIGHT and time  0.8750000E+00

        65  1.750000E-01  8.027076E-03  1.605415E-03
        66  1.750000E-01 -8.027076E-03  1.605415E-03
        67  1.750000E-01 -8.027076E-03 -1.605415E-03
        68  1.750000E-01  8.027076E-03 -1.605415E-03

 stresses (elem, integ.pnt.,sxx,syy,szz,sxy,sxz,syz) for set ALL and time  0.8750000E+00

         1   1  3.236786E+01  1.512042E+01  1.433388E+01  3.200813E+00  1.070644E+00  5.910697E-03
         1   2  2.168988E+01  1.439878E+00 -1.409078E+00  3.173889E+00  1.059649E+00  5.882700E-03
         1   3  3.236786E+01  1.512042E+01  1.433388E+01 -3.200813E+00  1.070644E+00 -5.910697E-03
         1   4  2.168988E+01  1.439878E+00 -1.409078E+00 -3.173889E+00  1.059649E+00 -5.882700E-03
         1   5  3.236786E+01  1.512042E+01  1.433388E+01  3.200813E+00 -1.070644E+00 -5.910697E-03
         1   6  2.168988E+01  1.439878E+00 -1.409078E+00  3.173889E+00 -1.059649E+00 -5.882700E-03
         1   7  3.236786E+01  1.512042E+01  1.433388E+01 -3.200813E+00 -1.070644E+00  5.910697E-03
         1   8  2.168988E+01  1.439878E+00 -1.409078E+00 -3.173889E+00 -1.059649E+00  5.882700E-03
         2   1  2.687441E+01  1.211083E+00 -1.669506E+00  7.992583E-01 -2.386591E-01 -3.308302E-04
         2   2  2.737242E+01  9.303231E-01 -2.857936E-02  7.989166E-01 -2.389699E-01 -3.309031E-04
         2   3  2.687441E+01  1.211083E+00 -1.669506E+00 -7.992583E-01 -2.386591E-01  3.308302E-04
         2   4  2.737242E+01  9.303231E-01 -2.857936E-02 -7.989166E-01 -2.389699E-01  3.309031E-04
         2   5  2.687441E+01  1.211083E+00 -1.669506E+00  7.992583E-01  2.386591E-01  3.308302E-04
         2   6  2.737242E+01  9.303231E-01 -2.857936E-02  7.989166E-01  2.389699E-01  3.309031E-04
         2   7  2.687441E+01  1.211083E+00 -1.669506E+00 -7.992583E-01  2.386591E-01 -3.308302E-04
         2   8  2.737242E+01  9.303231E-01 -2.857936E-02 -7.989166E-01  2.389699E-01 -3.309031E-04
         3   1  2.727616E+01  5.689016E-01  3.406354E-01  1.588508E-01  1.729948E-02  4.763722E-06
         3   2  2.696752E+01  1.114058E-01 -4.699881E-02  1.588028E-01  1.729533E-02  4.763069E-06
         3   3  2.727616E+01  5.689016E-01  3.406354E-01 -1.588508E-01  1.729948E-02 -4.763722E-06
         3   4  2.696752E+01  1.114058E-01 -4.699881E-02 -1.588028E-01  1.729533E-02 -4.763069E-06
         3   5  2.727616E+01  5.689016E-01  3.406354E-01  1.588508E-01 -1.729948E-02 -4.763722E-06
         3   6  2.696752E+01  1.114058E-01 -4.699881E-02  1.588028E-01 -1.729533E-02 -4.763069E-06
         3   7  2.727616E+01  5.689016E-01  3.406354E-01 -1.588508E-01 -1.729948E-02  4.763722E-06
         3   8  2.696752E+01  1.114058E-01 -4.699881E-02 -1.588028E-01 -1.729533E-02  4.763069E-06
         4   1  2.712742E+01  7.904593E-02 -2.941290E-02  3.685355E-02 -6.429269E-03 -4.107974E-07
         4   2  2.712150E+01  3.766293E-02 -4.242101E-03  3.685226E-02 -6.429428E-03 -4.107964E-07
         4   3  2.712742E+01  7.904593E-02 -2.941290E-02 -3.685355E-02 -6.429269E-03  4.107974E-07
         4   4  2.712150E+01  3.766293E-02 -4.242101E-03 -3.685226E-02 -6.429428E-03  4.107964E-07
         4   5  2.712742E+01  7.904593E-02 -2.941290E-02  3.685355E-02  6.429269E-03  4.107974E-07
         4   6  2.712150E+01  3.766293E-02 -4.242101E-03  3.685226E-02  6.429428E-03  4.107964E-07
         4   7  2.712742E+01  7.904593E-02 -2.941290E-02 -3.685355E-02  6.429269E-03 -4.107974E-07
         4   8  2.712150E+01  3.766293E-02 -4.242101E-03 -3.685226E-02  6.429428E-03 -4.107964E-07
         5   1  2.712975E+01  2.382802E-02  8.830314E-03  7.701633E-03  9.854618E-05  1.315851E-09
         5   2  2.711944E+01  6.237799E-03 -1.806614E-03  7.701540E-03  9.854560E-05  1.315847E-09
         5   3  2.712975E+01  2.382802E-02  8.830314E-03 -7.701633E-03  9.854618E-05 -1.315850E-09
         5   4  2.711944E+01  6.237799E-03 -1.806614E-03 -7.701540E-03  9.854560E-05 -1.315846E-09
         5   5  2.712975E+01  2.382802E-02  8.830314E-03  7.701633E-03 -9.854618E-05 -1.315854E-09
         5   6  2.711944E+01  6.237799E-03 -1.806614E-03  7.701540E-03 -9.854560E-05 -1.315844E-09
         5   7  2.712975E+01  2.382802E-02  8.830314E-03 -7.701633E-03 -9.854618E-05  1.315852E-09
         5   8  2.711944E+01  6.237799E-03 -1.806614E-03 -7.701540E-03 -9.854560E-05  1.315847E-09
         6   1  2.712514E+01  4.221790E-03 -3.165434E-04  1.726819E-03 -1.990336E-04 -5.958797E-10
         6   2  2.712422E+01  1.648926E-03 -2.639962E-04  1.726815E-03 -1.990337E-04 -5.958788E-10
         6   3  2.712514E+01  4.221790E-03 -3.165434E-04 -1.726819E-03 -1.990336E-04  5.958821E-10
         6   4  2.712422E+01  1.648926E-03 -2.639962E-04 -1.726815E-03 -1.990337E-04  5.958795E-10
         6   5  2.712514E+01  4.221790E-03 -3.165434E-04  1.726819E-03  1.990336E-04  5.958809E-10
         6   6  2.712422E+01  1.648926E-03 -2.639962E-04  1.726815E-03  1.990337E-04  5.958815E-10
         6   7  2.712514E+01  4.221790E-03 -3.165434E-04 -1.726819E-03  1.990336E-04 -5.958798E-10
         6   8  2.712422E+01  1.648926E-03 -2.639962E-04 -1.726815E-03  1.990337E-04 -5.958808E-10
         7   1  2.712489E+01  1.062789E-03  2.605098E-04  3.691945E-04 -1.095179E-05 -7.009766E-12
         7   2  2.712450E+01  3.167648E-04 -7.660374E-05  3.691943E-04 -1.095179E-05 -7.012039E-12
         7   3  2.712489E+01  1.062789E-03  2.605098E-04 -3.691945E-04 -1.095179E-05  7.009352E-12
         7   4  2.712450E+01  3.167648E-04 -7.660374E-05 -3.691943E-04 -1.095179E-05  7.009473E-12
         7   5  2.712489E+01  1.062789E-03  2.605098E-04  3.691945E-04  1.095179E-05  7.010046E-12
         7   6  2.712450E+01  3.167648E-04 -7.660374E-05  3.691943E-04  1.095179E-05  7.008760E-12
         7   7  2.712489E+01  1.062789E-03  2.605098E-04 -3.691945E-04  1.095179E-05 -7.010696E-12
         7   8  2.712450E+01  3.167648E-04 -7.660374E-05 -3.691943E-04  1.095179E-05 -7.011965E-12
         8   1  2.712473E+01  2.106189E-04  8.324522E-06  8.150433E-05 -7.153993E-06 -1.012335E-12
         8   2  2.712467E+01  7.529156E-05 -1.388963E-05  8.150432E-05 -7.153993E-06 -1.010961E-12
         8   3  2.712473E+01  2.106189E-04  8.324522E-06 -8.150433E-05 -7.153993E-06  1.011360E-12
         8   4  2.712467E+01  7.529156E-05 -1.388963E-05 -8.150432E-05 -7.153993E-06  1.013642E-12
         8   5  2.712473E+01  2.106189E-04  8.324522E-06  8.150433E-05  7.153993E-06  1.008672E-12
         8   6  2.712467E+01  7.529156E-05 -1.388963E-05  8.150432E-05  7.153993E-06  1.008997E-12
         8   7  2.712473E+01  2.106189E-04  8.324522E-06 -8.150433E-05  7.153993E-06 -1.011271E-12
         8   8  2.712467E+01  7.529156E-05 -1.388963E-05 -8.150432E-05  7.153993E-06 -1.007195E-12
         9   1  2.712471E+01  4.898558E-05  8.937613E-06  1.760789E-05 -8.580732E-07 -2.883857E-14
         9   2  2.712469E+01  1.548747E-05 -3.439240E-06  1.760789E-05 -8.580733E-07 -2.710694E-14
         9   3  2.712471E+01  4.898558E-05  8.937613E-06 -1.760789E-05 -8.580733E-07  2.900841E-14
         9   4  2.712469E+01  1.548747E-05 -3.439240E-06 -1.760789E-05 -8.580732E-07  2.932963E-14
         9   5  2.712471E+01  4.898558E-05  8.937613E-06  1.760789E-05  8.580732E-07  2.389105E-14
         9   6  2.712469E+01  1.548747E-05 -3.439240E-06  1.760789E-05  8.580732E-07  2.564114E-14
         9   7  2.712471E+01  4.898558E-05  8.937613E-06 -1.760789E-05  8.580732E-07 -2.350707E-14
         9   8  2.712469E+01  1.548747E-05 -3.439240E-06 -1.760789E-05  8.580732E-07 -2.355876E-14
        10   1  2.712470E+01  1.022142E-05  9.003287E-07  3.859857E-06 -2.900634E-07 -2.310328E-15
        10   2  2.712470E+01  3.510464E-06 -6.888715E-07  3.859857E-06 -2.900634E-07 -2.269715E-15
        10   3  2.712470E+01  1.022142E-05  9.003287E-07 -3.859857E-06 -2.900634E-07  2.576166E-15
        10   4  2.712470E+01  3.510464E-06 -6.888715E-07 -3.859857E-06 -2.900634E-07  8.094578E-16
        10   5  2.712470E+01  1.022142E-05  9.003287E-07  3.859857E-06  2.900634E-07  2.768159E-15
        10   6  2.712470E+01  3.510464E-06 -6.888715E-07  3.859857E-06  2.900634E-07  2.391557E-15
        10   7  2.712470E+01  1.022142E-05  9.003287E-07 -3.859857E-06  2.900634E-07 -1.688647E-16
        10   8  2.712470E+01  3.510464E-06 -6.888715E-07 -3.859857E-06  2.900634E-07 -2.110951E-15
        11   1  2.712470E+01  2.294236E-06  3.502112E-07  8.378327E-07 -4.805773E-08 -1.140540E-15
        11   2  2.712470E+01  7.451199E-07 -1.590372E-07  8.378327E-07 -4.805772E-08  1.202147E-15
        11   3  2.712470E+01  2.294236E-06  3.502112E-07 -8.378327E-07 -4.805773E-08 -7.720086E-16
        11   4  2.712470E+01  7.451199E-07 -1.590372E-07 -8.378327E-07 -4.805771E-08  1.659291E-15
        11   5  2.712470E+01  2.294236E-06  3.502112E-07  8.378327E-07  4.805771E-08 -9.640019E-16
        11   6  2.712470E+01  7.451199E-07 -1.590372E-07  8.378327E-07  4.805773E-08  5.128697E-16
        11   7  2.712470E+01  2.294236E-06  3.502112E-07 -8.378327E-07  4.805773E-08 -4.242575E-16
        11   8  2.712470E+01  7.451199E-07 -1.590372E-07 -8.378327E-07  4.805773E-08  2.684557E-15
        12   1  2.712470E+01  4.901623E-07  5.367552E-08  1.830747E-07 -1.270126E-08 -5.504739E-16
        12   2  2.712470E+01  1.653074E-07 -3.334753E-08  1.830747E-07 -1.270127E-08 -2.003346E-15
        12   3  2.712470E+01  4.901623E-07  5.367558E-08 -1.830747E-07 -1.270127E-08  1.141223E-15
        12   4  2.712470E+01  1.653075E-07 -3.334748E-08 -1.830747E-07 -1.270125E-08 -2.813101E-15
        12   5  2.712470E+01  4.901623E-07  5.367553E-08  1.830747E-07  1.270130E-08  1.569515E-15
        12   6  2.712470E+01  1.653074E-07 -3.334753E-08  1.830747E-07  1.270126E-08 -9.337820E-16
        12   7  2.712470E+01  4.901623E-07  5.367554E-08 -1.830747E-07  1.270126E-08  1.590990E-15
        12   8  2.712470E+01  1.653075E-07 -3.334751E-08 -1.830747E-07  1.270128E-08 -3.518986E-15
        13   1  2.712470E+01  1.082623E-07  1.502659E-08  3.982382E-08 -2.440246E-09  1.179812E-16
        13   2  2.712470E+01  3.559682E-08 -7.459786E-09  3.982383E-08 -2.440242E-09  7.678047E-16
        13   3  2.712470E+01  1.082623E-07  1.502664E-08 -3.982381E-08 -2.440253E-09 -3.219412E-15
        13   4  2.712470E+01  3.559687E-08 -7.459726E-09 -3.982381E-08 -2.440210E-09 -2.900038E-15
        13   5  2.712470E+01  1.082623E-07  1.502665E-08  3.982382E-08  2.440236E-09  3.841551E-16
        13   6  2.712470E+01  3.559688E-08 -7.459726E-09  3.982381E-08  2.440264E-09  1.404713E-16
        13   7  2.712470E+01  1.082623E-07  1.502663E-08 -3.982382E-08  2.440200E-09 -2.215476E-15
        13   8  2.712470E+01  3.559691E-08 -7.459691E-09 -3.982382E-08  2.440254E-09 -2.281935E-15
        14   1  2.712470E+01  2.338472E-08  2.784410E-09  8.685159E-09 -5.796778E-10  1.343944E-15
        14   2  2.712470E+01  7.831768E-09 -1.595885E-09  8.685158E-09 -5.797049E-10  2.510673E-15
        14   3  2.712470E+01  2.338475E-08  2.784446E-09 -8.685149E-09 -5.797112E-10 -2.673129E-15
        14   4  2.712470E+01  7.831786E-09 -1.595860E-09 -8.685147E-09 -5.796686E-10  3.766110E-16
        14   5  2.712470E+01  2.338468E-08  2.784368E-09  8.685149E-09  5.797357E-10  7.679820E-16
        14   6  2.712470E+01  7.831722E-09 -1.595920E-09  8.685153E-09  5.797144E-10  2.141473E-15
        14   7  2.712470E+01  2.338477E-08  2.784467E-09 -8.685159E-09  5.796659E-10 -1.772333E-16
        14   8  2.712470E+01  7.831807E-09 -1.595839E-09 -8.685159E-09  5.797395E-10  6.645835E-16
        15   1  2.712470E+01  5.144083E-09  6.753311E-10  1.872504E-09 -1.180316E-10  2.628831E-15
        15   2  2.712470E+01  1.747816E-09 -3.456417E-10  1.872504E-09 -1.180413E-10  2.407300E-15
        15   3  2.712470E+01  5.144097E-09  6.753451E-10 -1.872500E-09 -1.180348E-10 -1.772242E-16
        15   4  2.712470E+01  1.747830E-09 -3.456276E-10 -1.872502E-09 -1.180774E-10 -9.470435E-16
        15   5  2.712470E+01  5.144104E-09  6.753487E-10  1.872499E-09  1.180386E-10  2.717444E-15
        15   6  2.712470E+01  1.747756E-09 -3.456981E-10  1.872495E-09  1.180250E-10  3.094046E-15
        15   7  2.712470E+01  5.144118E-09  6.753663E-10 -1.872503E-09  1.180351E-10 -1.181501E-16
        15   8  2.712470E+01  1.747809E-09 -3.456452E-10 -1.872502E-09  1.180586E-10 -2.215311E-16
        16   1  2.712470E+01  1.193191E-09  1.206816E-10  3.226915E-10 -2.131127E-11  7.532045E-16
        16   2  2.712470E+01  6.138739E-10 -4.466311E-11  3.226980E-10 -2.128513E-11  8.381246E-16
        16   3  2.712470E+01  1.193181E-09  1.206710E-10 -3.226896E-10 -2.132690E-11  9.895040E-16
        16   4  2.712470E+01  6.138634E-10 -4.468072E-11 -3.226894E-10 -2.123008E-11 -4.689067E-16
        16   5  2.712470E+01  1.193202E-09  1.206922E-10  3.226882E-10  2.129027E-11  6.498235E-16
        16   6  2.712470E+01  6.138845E-10 -4.464903E-11  3.226921E-10  2.131447E-11 -1.181497E-16
        16   7  2.712470E+01  1.193220E-09  1.207098E-10 -3.226911E-10  2.127680E-11  8.565855E-16
        16   8  2.712470E+01  6.139373E-10 -4.460677E-11 -3.226901E-10  2.132714E-11 -4.947520E-16

 strains (elem, integ.pnt.,exx,eyy,ezz,exy,exz,eyz) for set ALL and time  0.8750000E+00

         1   1  7.141084E-03 -5.157700E-04 -8.630356E-04  1.408746E-03  4.713677E-04 -4.964780E-21
         1   2  7.141084E-03 -1.923523E-03 -3.217092E-03  1.406760E-03  4.702549E-04 -1.607002E-19
         1   3  7.141084E-03 -5.157700E-04 -8.630356E-04 -1.408746E-03  4.713677E-04 -1.133291E-19
         1   4  7.141084E-03 -1.923523E-03 -3.217092E-03 -1.406760E-03  4.702549E-04 -1.607002E-19
         1   5  7.141084E-03 -5.157700E-04 -8.630356E-04  1.408746E-03 -4.713677E-04  6.883443E-21
         1   6  7.141084E-03 -1.923523E-03 -3.217092E-03  1.406760E-03 -4.702549E-04 -7.964703E-20
         1   7  7.141084E-03 -5.157700E-04 -8.630356E-04 -1.408746E-03 -4.713677E-04 -1.014808E-19
         1   8  7.141084E-03 -1.923523E-03 -3.217092E-03 -1.406760E-03 -4.702549E-04 -1.066647E-19
         2   1  8.878455E-03 -2.567303E-03 -3.884532E-03  3.524196E-04 -1.053658E-04 -1.395985E-19
         2   2  8.878455E-03 -2.919660E-03 -3.357563E-03  3.522948E-04 -1.054217E-04 -2.506620E-19
         2   3  8.878455E-03 -2.567303E-03 -3.884532E-03 -3.524196E-04 -1.053658E-04 -3.145701E-20
         2   4  8.878455E-03 -2.919660E-03 -3.357563E-03 -3.522948E-04 -1.054217E-04  8.715459E-20
         2   5  8.878455E-03 -2.567303E-03 -3.884532E-03  3.524196E-04  1.053658E-04 -1.329919E-19
         2   6  8.878455E-03 -2.919660E-03 -3.357563E-03  3.522948E-04  1.054217E-04 -1.747687E-19
         2   7  8.878455E-03 -2.567303E-03 -3.884532E-03 -3.524196E-04  1.053658E-04  1.372902E-19
         2   8  8.878455E-03 -2.919660E-03 -3.357563E-03 -3.522948E-04  1.054217E-04  4.670851E-19
         3   1  8.846223E-03 -3.074246E-03 -3.178575E-03  7.006565E-05  7.631188E-06 -2.800927E-19
         3   2  8.846223E-03 -3.144310E-03 -3.216730E-03  7.006071E-05  7.630895E-06  3.303197E-19
         3   3  8.846223E-03 -3.074246E-03 -3.178575E-03 -7.006565E-05  7.631188E-06  1.286114E-19
         3   4  8.846223E-03 -3.144310E-03 -3.216730E-03 -7.006071E-05  7.630895E-06 -4.076570E-19
         3   5  8.846223E-03 -3.074246E-03 -3.178575E-03  7.006565E-05 -7.631188E-06  8.129457E-20
         3   6  8.846223E-03 -3.144310E-03 -3.216730E-03  7.006071E-05 -7.630895E-06  5.810839E-19
         3   7  8.846223E-03 -3.074246E-03 -3.178575E-03 -7.006565E-05 -7.631188E-06  3.920444E-19
         3   8  8.846223E-03 -3.144310E-03 -3.216730E-03 -7.006071E-05 -7.630895E-06 -4.036905E-20
         4   1  8.899672E-03 -3.175904E-03 -3.225505E-03  1.625666E-05 -2.836183E-06  3.919046E-19
         4   2  8.899672E-03 -3.192160E-03 -3.211324E-03  1.625639E-05 -2.836223E-06 -5.183486E-19
         4   3  8.899672E-03 -3.175904E-03 -3.225505E-03 -1.625666E-05 -2.836183E-06 -4.039675E-20
         4   4  8.899672E-03 -3.192160E-03 -3.211324E-03 -1.625639E-05 -2.836223E-06  5.429675E-19
         4   5  8.899672E-03 -3.175904E-03 -3.225505E-03  1.625666E-05  2.836183E-06  1.082048E-19
         4   6  8.899672E-03 -3.192160E-03 -3.211324E-03  1.625639E-05  2.836223E-06 -1.924361E-19
         4   7  8.899672E-03 -3.175904E-03 -3.225505E-03 -1.625666E-05  2.836183E-06 -8.509645E-19
         4   8  8.899672E-03 -3.192160E-03 -3.211324E-03 -1.625639E-05  2.836223E-06  2.871399E-19
         5   1  8.902429E-03 -3.199354E-03 -3.206213E-03  3.397363E-06  4.347121E-08 -2.059877E-19
         5   2  8.902429E-03 -3.202751E-03 -3.206430E-03  3.397351E-06  4.347120E-08  6.324068E-19
         5   3  8.902429E-03 -3.199354E-03 -3.206213E-03 -3.397363E-06  4.347121E-08  5.505218E-19
         5   4  8.902429E-03 -3.202751E-03 -3.206430E-03 -3.397351E-06  4.347120E-08 -3.824608E-19
         5   5  8.902429E-03 -3.199354E-03 -3.206213E-03  3.397363E-06 -4.347121E-08 -1.121228E-18
         5   6  8.902429E-03 -3.202751E-03 -3.206430E-03  3.397351E-06 -4.347120E-08  7.362572E-19
         5   7  8.902429E-03 -3.199354E-03 -3.206213E-03 -3.397363E-06 -4.347121E-08  3.917910E-19
         5   8  8.902429E-03 -3.202751E-03 -3.206430E-03 -3.397351E-06 -4.347120E-08  4.593217E-19
         6   1  8.904338E-03 -3.204274E-03 -3.206349E-03  7.617412E-07 -8.779870E-08  4.424293E-19
         6   2  8.904338E-03 -3.205035E-03 -3.205910E-03  7.617406E-07 -8.779874E-08  7.624196E-19
         6   3  8.904338E-03 -3.204274E-03 -3.206349E-03 -7.617412E-07 -8.779870E-08  6.450648E-19
         6   4  8.904338E-03 -3.205035E-03 -3.205910E-03 -7.617406E-07 -8.779874E-08 -4.289072E-19
         6   5  8.904338E-03 -3.204274E-03 -3.206349E-03  7.617412E-07  8.779870E-08  8.106237E-20
         6   6  8.904338E-03 -3.205035E-03 -3.205910E-03  7.617406E-07  8.779874E-08  4.694425E-19
         6   7  8.904338E-03 -3.204274E-03 -3.206349E-03 -7.617412E-07  8.779870E-08  4.052791E-19
         6   8  8.904338E-03 -3.205035E-03 -3.205910E-03 -7.617406E-07  8.779874E-08 -1.384634E-19
         7   1  8.904561E-03 -3.205374E-03 -3.205741E-03  1.628607E-07 -4.831102E-09  1.688646E-19
         7   2  8.904561E-03 -3.205537E-03 -3.205717E-03  1.628607E-07 -4.831102E-09 -8.713304E-19
         7   3  8.904561E-03 -3.205374E-03 -3.205741E-03 -1.628607E-07 -4.831102E-09 -3.579870E-19
         7   4  8.904561E-03 -3.205537E-03 -3.205717E-03 -1.628607E-07 -4.831102E-09 -3.022632E-19
         7   5  8.904561E-03 -3.205374E-03 -3.205741E-03  1.628607E-07  4.831102E-09 -4.052520E-20
         7   6  8.904561E-03 -3.205537E-03 -3.205717E-03  1.628607E-07  4.831102E-09 -6.281682E-19
         7   7  8.904561E-03 -3.205374E-03 -3.205741E-03 -1.628607E-07  4.831102E-09 -2.566695E-19
         7   8  8.904561E-03 -3.205537E-03 -3.205717E-03 -1.628607E-07  4.831102E-09 -8.375579E-19
         8   1  8.904638E-03 -3.205609E-03 -3.205702E-03  3.595356E-08 -3.155802E-09 -6.484322E-19
         8   2  8.904638E-03 -3.205645E-03 -3.205686E-03  3.595355E-08 -3.155802E-09 -2.026339E-20
         8   3  8.904638E-03 -3.205609E-03 -3.205702E-03 -3.595356E-08 -3.155802E-09  2.026357E-19
         8   4  8.904638E-03 -3.205645E-03 -3.205686E-03 -3.595355E-08 -3.155802E-09  1.246207E-18
         8   5  8.904638E-03 -3.205609E-03 -3.205702E-03  3.595356E-08  3.155802E-09 -1.026685E-18
         8   6  8.904638E-03 -3.205645E-03 -3.205686E-03  3.595355E-08  3.155802E-09 -8.780857E-19
         8   7  8.904638E-03 -3.205609E-03 -3.205702E-03 -3.595356E-08  3.155802E-09 -1.621077E-19
         8   8  8.904638E-03 -3.205645E-03 -3.205686E-03 -3.595355E-08  3.155802E-09  1.702136E-18
         9   1  8.904651E-03 -3.205661E-03 -3.205680E-03  7.767272E-09 -3.785171E-10 -1.209057E-18
         9   2  8.904651E-03 -3.205669E-03 -3.205678E-03  7.767272E-09 -3.785171E-10 -4.170908E-19
         9   3  8.904651E-03 -3.205661E-03 -3.205680E-03 -7.767272E-09 -3.785171E-10  1.286733E-18
         9   4  8.904651E-03 -3.205669E-03 -3.205678E-03 -7.767272E-09 -3.785171E-10  1.433644E-18
         9   5  8.904651E-03 -3.205661E-03 -3.205680E-03  7.767272E-09  3.785171E-10 -1.053703E-18
         9   6  8.904651E-03 -3.205669E-03 -3.205678E-03  7.767272E-09  3.785171E-10 -2.532940E-19
         9   7  8.904651E-03 -3.205661E-03 -3.205680E-03 -7.767272E-09  3.785171E-10  1.229320E-18
         9   8  8.904651E-03 -3.205669E-03 -3.205678E-03 -7.767272E-09  3.785171E-10  1.205679E-18
        10   1  8.904654E-03 -3.205673E-03 -3.205677E-03  1.702677E-09 -1.279541E-10 -1.688627E-19
        10   2  8.904654E-03 -3.205674E-03 -3.205676E-03  1.702677E-09 -1.279541E-10 -1.502878E-19
        10   3  8.904654E-03 -3.205673E-03 -3.205677E-03 -1.702677E-09 -1.279541E-10  2.904438E-19
        10   4  8.904654E-03 -3.205674E-03 -3.205676E-03 -1.702677E-09 -1.279541E-10 -5.175640E-19
        10   5  8.904654E-03 -3.205673E-03 -3.205677E-03  1.702677E-09  1.279541E-10  3.782523E-19
        10   6  8.904654E-03 -3.205674E-03 -3.205676E-03  1.702677E-09  1.279541E-10  2.060124E-19
        10   7  8.904654E-03 -3.205673E-03 -3.205677E-03 -1.702677E-09  1.279541E-10  8.105407E-19
        10   8  8.904654E-03 -3.205674E-03 -3.205676E-03 -1.702677E-09  1.279541E-10 -7.767682E-20
        11   1  8.904655E-03 -3.205675E-03 -3.205676E-03  3.695885E-10 -2.119944E-11 -4.897017E-19
        11   2  8.904655E-03 -3.205675E-03 -3.205676E-03  3.695885E-10 -2.119944E-11  5.817318E-19
        11   3  8.904655E-03 -3.205675E-03 -3.205676E-03 -3.695885E-10 -2.119944E-11 -3.850068E-19
        11   4  8.904655E-03 -3.205675E-03 -3.205676E-03 -3.695885E-10 -2.119943E-11  7.269537E-19
        11   5  8.904655E-03 -3.205675E-03 -3.205676E-03  3.695885E-10  2.119943E-11 -4.728154E-19
        11   6  8.904655E-03 -3.205675E-03 -3.205676E-03  3.695885E-10  2.119944E-11  2.026352E-19
        11   7  8.904655E-03 -3.205675E-03 -3.205676E-03 -3.695885E-10  2.119944E-11 -1.621081E-19
        11   8  8.904655E-03 -3.205675E-03 -3.205676E-03 -3.695885E-10  2.119944E-11  1.259715E-18
        12   1  8.904655E-03 -3.205676E-03 -3.205676E-03  8.075872E-11 -5.602836E-12 -2.499167E-19
        12   2  8.904655E-03 -3.205676E-03 -3.205676E-03  8.075872E-11 -5.602842E-12 -9.143913E-19
        12   3  8.904655E-03 -3.205676E-03 -3.205676E-03 -8.075872E-11 -5.602842E-12  5.200970E-19
        12   4  8.904655E-03 -3.205676E-03 -3.205676E-03 -8.075872E-11 -5.602834E-12 -1.288422E-18
        12   5  8.904655E-03 -3.205676E-03 -3.205676E-03  8.075872E-11  5.602853E-12  7.159777E-19
        12   6  8.904655E-03 -3.205676E-03 -3.205676E-03  8.075872E-11  5.602835E-12 -4.289111E-19
        12   7  8.904655E-03 -3.205676E-03 -3.205676E-03 -8.075872E-11  5.602835E-12  7.294867E-19
        12   8  8.904655E-03 -3.205676E-03 -3.205676E-03 -8.075872E-11  5.602844E-12 -1.607572E-18
        13   1  8.904655E-03 -3.205676E-03 -3.205676E-03  1.756726E-11 -1.076452E-12  5.403605E-20
        13   2  8.904655E-03 -3.205676E-03 -3.205676E-03  1.756727E-11 -1.076451E-12  3.512343E-19
        13   3  8.904655E-03 -3.205676E-03 -3.205676E-03 -1.756726E-11 -1.076456E-12 -1.472482E-18
        13   4  8.904655E-03 -3.205676E-03 -3.205676E-03 -1.756726E-11 -1.076436E-12 -1.326416E-18
        13   5  8.904655E-03 -3.205676E-03 -3.205676E-03  1.756726E-11  1.076448E-12  1.756172E-19
        13   6  8.904655E-03 -3.205676E-03 -3.205676E-03  1.756726E-11  1.076460E-12  6.416781E-20
        13   7  8.904655E-03 -3.205676E-03 -3.205676E-03 -1.756726E-11  1.076431E-12 -1.013176E-18
        13   8  8.904655E-03 -3.205676E-03 -3.205676E-03 -1.756726E-11  1.076456E-12 -1.043571E-18
        14   1  8.904655E-03 -3.205676E-03 -3.205676E-03  3.831236E-12 -2.557100E-13  6.146601E-19
        14   2  8.904655E-03 -3.205676E-03 -3.205676E-03  3.831236E-12 -2.557222E-13  1.148266E-18
        14   3  8.904655E-03 -3.205676E-03 -3.205676E-03 -3.831232E-12 -2.557253E-13 -1.222566E-18
        14   4  8.904655E-03 -3.205676E-03 -3.205676E-03 -3.831231E-12 -2.557060E-13  1.722399E-19
        14   5  8.904655E-03 -3.205676E-03 -3.205676E-03  3.831232E-12  2.557357E-13  3.512343E-19
        14   6  8.904655E-03 -3.205676E-03 -3.205676E-03  3.831234E-12  2.557261E-13  9.794034E-19
        14   7  8.904655E-03 -3.205676E-03 -3.205676E-03 -3.831236E-12  2.557040E-13 -8.105407E-20
        14   8  8.904655E-03 -3.205676E-03 -3.205676E-03 -3.831236E-12  2.557373E-13  3.039528E-19
        15   1  8.904655E-03 -3.205676E-03 -3.205676E-03  8.260074E-13 -5.206672E-14  1.202302E-18
        15   2  8.904655E-03 -3.205676E-03 -3.205676E-03  8.260075E-13 -5.207110E-14  1.100985E-18
        15   3  8.904655E-03 -3.205676E-03 -3.205676E-03 -8.260055E-13 -5.206821E-14 -8.105407E-20
        15   4  8.904655E-03 -3.205676E-03 -3.205676E-03 -8.260064E-13 -5.208746E-14 -4.331327E-19
        15   5  8.904655E-03 -3.205676E-03 -3.205676E-03  8.260053E-13  5.206964E-14  1.242829E-18
        15   6  8.904655E-03 -3.205676E-03 -3.205676E-03  8.260031E-13  5.206350E-14  1.415069E-18
        15   7  8.904655E-03 -3.205676E-03 -3.205676E-03 -8.260072E-13  5.206803E-14 -5.403605E-20
        15   8  8.904655E-03 -3.205676E-03 -3.205676E-03 -8.260063E-13  5.207864E-14 -1.013176E-19
        16   1  8.904655E-03 -3.205676E-03 -3.205676E-03  1.423471E-13 -9.401299E-15  3.444798E-19
        16   2  8.904655E-03 -3.205676E-03 -3.205676E-03  1.423501E-13 -9.389486E-15  3.833182E-19
        16   3  8.904655E-03 -3.205676E-03 -3.205676E-03 -1.423463E-13 -9.408319E-15  4.525519E-19
        16   4  8.904655E-03 -3.205676E-03 -3.205676E-03 -1.423462E-13 -9.364567E-15 -2.144556E-19
        16   5  8.904655E-03 -3.205676E-03 -3.205676E-03  1.423456E-13  9.391242E-15  2.971983E-19
        16   6  8.904655E-03 -3.205676E-03 -3.205676E-03  1.423474E-13  9.402180E-15 -5.403605E-20
        16   7  8.904655E-03 -3.205676E-03 -3.205676E-03 -1.423470E-13  9.385216E-15  3.917614E-19
        16   8  8.904655E-03 -3.205676E-03 -3.205676E-03 -1.423465E-13  9.407967E-15 -2.262760E-19

                                INCREMENT    11


 forces (fx,fy,fz) for set RIGHT and time  0.9750000E+00

        65  3.759504E+01 -4.540312E-15 -1.942362E-15
        66  3.759504E+01  3.492974E-15 -2.260178E-14
        67  3.759504E+01  2.050179E-15  3.215677E-14
        68  3.759504E+01 -1.212242E-15  2.402851E-14

 displacements (vx,vy,vz) for set RIGHT and time  0.9750000E+00

        65  1.950000E-01  8.950573E-03  1.790115E-03
        66  1.950000E-01 -8.950573E-03  1.790115E-03
        67  1.950000E-01 -8.950573E-03 -1.790115E-03
        68  1.950000E-01  8.950573E-03 -1.790115E-03

 stresses (elem, integ.pnt.,sxx,syy,szz,sxy,sxz,syz) for set ALL and time  0.9750000E+00

         1   1  3.612535E+01  1.684963E+01  1.596872E+01  3.578671E+00  1.197976E+00  7.352620E-03
         1   2  2.422109E+01  1.612723E+00 -1.567373E+00  3.545260E+00  1.184313E+00  7.313889E-03
         1   3  3.612535E+01  1.684963E+01  1.596872E+01 -3.578671E+00  1.197976E+00 -7.352620E-03
         1   4  2.422109E+01  1.612723E+00 -1.567373E+00 -3.545260E+00  1.184313E+00 -7.313889E-03
         1   5  3.612535E+01  1.684963E+01  1.596872E+01  3.578671E+00 -1.197976E+00 -7.352620E-03
         1   6  2.422109E+01  1.612723E+00 -1.567373E+00  3.545260E+00 -1.184313E+00 -7.313889E-03
         1   7  3.612535E+01  1.684963E+01  1.596872E+01 -3.578671E+00 -1.197976E+00  7.352620E-03
         1   8  2.422109E+01  1.612723E+00 -1.567373E+00 -3.545260E+00 -1.184313E+00  7.313889E-03
         2   1  3.001324E+01  1.352928E+00 -1.860101E+00  8.948283E-01 -2.670269E-01 -4.123186E-04
         2   2  3.056863E+01  1.039021E+00 -3.222754E-02  8.944014E-01 -2.674138E-01 -4.124197E-04
         2   3  3.001324E+01  1.352928E+00 -1.860101E+00 -8.948283E-01 -2.670269E-01  4.123186E-04
         2   4  3.056863E+01  1.039021E+00 -3.222754E-02 -8.944014E-01 -2.674138E-01  4.124197E-04
         2   5  3.001324E+01  1.352928E+00 -1.860101E+00  8.948283E-01  2.670269E-01  4.123186E-04
         2   6  3.056863E+01  1.039021E+00 -3.222754E-02  8.944014E-01  2.674138E-01  4.124197E-04
         2   7  3.001324E+01  1.352928E+00 -1.860101E+00 -8.948283E-01  2.670269E-01 -4.123186E-04
         2   8  3.056863E+01  1.039021E+00 -3.222754E-02 -8.944014E-01  2.674138E-01 -4.124197E-04
         3   1  3.046139E+01  6.358900E-01  3.795228E-01  1.783701E-01  1.928538E-02  5.932648E-06
         3   2  3.011658E+01  1.251510E-01 -5.241099E-02  1.783101E-01  1.928025E-02  5.931742E-06
         3   3  3.046139E+01  6.358900E-01  3.795228E-01 -1.783701E-01  1.928538E-02 -5.932648E-06
         3   4  3.011658E+01  1.251510E-01 -5.241099E-02 -1.783101E-01  1.928025E-02 -5.931742E-06
         3   5  3.046139E+01  6.358900E-01  3.795228E-01  1.783701E-01 -1.928538E-02 -5.932648E-06
         3   6  3.011658E+01  1.251510E-01 -5.241099E-02  1.783101E-01 -1.928025E-02 -5.931742E-06
         3   7  3.046139E+01  6.358900E-01  3.795228E-01 -1.783701E-01 -1.928538E-02  5.932648E-06
         3   8  3.011658E+01  1.251510E-01 -5.241099E-02 -1.783101E-01 -1.928025E-02  5.931742E-06
         4   1  3.029564E+01  8.875248E-02 -3.270175E-02  4.145242E-02 -7.207360E-03 -5.153400E-07
         4   2  3.028885E+01  4.224750E-02 -4.771806E-03  4.145078E-02 -7.207558E-03 -5.153385E-07
         4   3  3.029564E+01  8.875248E-02 -3.270175E-02 -4.145242E-02 -7.207360E-03  5.153400E-07
         4   4  3.028885E+01  4.224750E-02 -4.771806E-03 -4.145078E-02 -7.207558E-03  5.153385E-07
         4   5  3.029564E+01  8.875248E-02 -3.270175E-02  4.145242E-02  7.207360E-03  5.153400E-07
         4   6  3.028885E+01  4.224750E-02 -4.771806E-03  4.145078E-02  7.207558E-03  5.153385E-07
         4   7  3.029564E+01  8.875248E-02 -3.270175E-02 -4.145242E-02  7.207360E-03 -5.153400E-07
         4   8  3.028885E+01  4.224750E-02 -4.771806E-03 -4.145078E-02  7.207558E-03 -5.153385E-07
         5   1  3.029820E+01  2.675270E-02  9.851648E-03  8.687404E-03  1.044505E-04  1.565185E-09
         5   2  3.028664E+01  7.034080E-03 -2.023721E-03  8.687286E-03  1.044499E-04  1.565178E-09
         5   3  3.029820E+01  2.675270E-02  9.851648E-03 -8.687404E-03  1.044505E-04 -1.565184E-09
         5   4  3.028664E+01  7.034080E-03 -2.023721E-03 -8.687286E-03  1.044499E-04 -1.565177E-09
         5   5  3.029820E+01  2.675270E-02  9.851648E-03  8.687404E-03 -1.044505E-04 -1.565186E-09
         5   6  3.028664E+01  7.034080E-03 -2.023721E-03  8.687286E-03 -1.044499E-04 -1.565177E-09
         5   7  3.029820E+01  2.675270E-02  9.851648E-03 -8.687404E-03 -1.044505E-04  1.565187E-09
         5   8  3.028664E+01  7.034080E-03 -2.023721E-03 -8.687286E-03 -1.044499E-04  1.565179E-09
         6   1  3.029306E+01  4.760578E-03 -3.464589E-04  1.951567E-03 -2.239853E-04 -7.539982E-10
         6   2  3.029201E+01  1.858931E-03 -2.977768E-04  1.951563E-03 -2.239854E-04 -7.539959E-10
         6   3  3.029306E+01  4.760578E-03 -3.464589E-04 -1.951567E-03 -2.239853E-04  7.539989E-10
         6   4  3.029201E+01  1.858931E-03 -2.977768E-04 -1.951563E-03 -2.239854E-04  7.539977E-10
         6   5  3.029306E+01  4.760578E-03 -3.464589E-04  1.951567E-03  2.239853E-04  7.539986E-10
         6   6  3.029201E+01  1.858931E-03 -2.977768E-04  1.951563E-03  2.239854E-04  7.539989E-10
         6   7  3.029306E+01  4.760578E-03 -3.464589E-04 -1.951567E-03  2.239853E-04 -7.539966E-10
         6   8  3.029201E+01  1.858931E-03 -2.977768E-04 -1.951563E-03  2.239854E-04 -7.539966E-10
         7   1  3.029277E+01  1.199092E-03  2.916021E-04  4.183595E-04 -1.264509E-05 -9.125929E-12
         7   2  3.029233E+01  3.586493E-04 -8.625407E-05  4.183592E-04 -1.264509E-05 -9.122827E-12
         7   3  3.029277E+01  1.199092E-03  2.916021E-04 -4.183595E-04 -1.264509E-05  9.125000E-12
         7   4  3.029233E+01  3.586493E-04 -8.625407E-05 -4.183592E-04 -1.264509E-05  9.123026E-12
         7   5  3.029277E+01  1.199092E-03  2.916021E-04  4.183595E-04  1.264509E-05  9.124713E-12
         7   6  3.029233E+01  3.586493E-04 -8.625407E-05  4.183592E-04  1.264509E-05  9.125588E-12
         7   7  3.029277E+01  1.199092E-03  2.916021E-04 -4.183595E-04  1.264509E-05 -9.125303E-12
         7   8  3.029233E+01  3.586493E-04 -8.625407E-05 -4.183592E-04  1.264509E-05 -9.124593E-12
         8   1  3.029259E+01  2.385176E-04  9.703670E-06  9.255020E-05 -8.095683E-06 -1.292521E-12
         8   2  3.029252E+01  8.531032E-05 -1.572304E-05  9.255019E-05 -8.095683E-06 -1.293716E-12
         8   3  3.029259E+01  2.385176E-04  9.703670E-06 -9.255020E-05 -8.095683E-06  1.291607E-12
         8   4  3.029252E+01  8.531032E-05 -1.572304E-05 -9.255019E-05 -8.095683E-06  1.293030E-12
         8   5  3.029259E+01  2.385176E-04  9.703670E-06  9.255020E-05  8.095683E-06  1.291961E-12
         8   6  3.029252E+01  8.531032E-05 -1.572304E-05  9.255019E-05  8.095683E-06  1.291349E-12
         8   7  3.029259E+01  2.385176E-04  9.703670E-06 -9.255020E-05  8.095683E-06 -1.292374E-12
         8   8  3.029252E+01  8.531032E-05 -1.572304E-05 -9.255019E-05  8.095683E-06 -1.292720E-12
         9   1  3.029256E+01  5.554142E-05  1.005683E-05  2.004483E-05 -9.843186E-07 -3.507316E-14
         9   2  3.029254E+01  1.761031E-05 -3.892809E-06  2.004482E-05 -9.843186E-07 -3.345820E-14
         9   3  3.029256E+01  5.554142E-05  1.005683E-05 -2.004483E-05 -9.843187E-07  3.257330E-14
         9   4  3.029254E+01  1.761031E-05 -3.892809E-06 -2.004482E-05 -9.843186E-07  3.275028E-14
         9   5  3.029256E+01  5.554142E-05  1.005683E-05  2.004483E-05  9.843186E-07  3.146716E-14
         9   6  3.029254E+01  1.761031E-05 -3.892809E-06  2.004482E-05  9.843187E-07  3.421775E-14
         9   7  3.029256E+01  5.554142E-05  1.005683E-05 -2.004483E-05  9.843187E-07 -3.423987E-14
         9   8  3.029254E+01  1.761031E-05 -3.892809E-06 -2.004482E-05  9.843186E-07 -3.579583E-14
        10   1  3.029256E+01  1.162638E-05  1.029949E-06  4.403688E-06 -3.302714E-07 -2.781582E-15
        10   2  3.029255E+01  3.997311E-06 -7.829468E-07  4.403688E-06 -3.302715E-07 -3.983579E-15
        10   3  3.029256E+01  1.162638E-05  1.029949E-06 -4.403688E-06 -3.302715E-07  1.047405E-16
        10   4  3.029255E+01  3.997311E-06 -7.829468E-07 -4.403688E-06 -3.302715E-07  1.409977E-15
        10   5  3.029256E+01  1.162638E-05  1.029949E-06  4.403688E-06  3.302715E-07  1.859804E-15
        10   6  3.029255E+01  3.997311E-06 -7.829468E-07  4.403688E-06  3.302715E-07 -4.851967E-16
        10   7  3.029256E+01  1.162638E-05  1.029949E-06 -4.403688E-06  3.302714E-07 -5.517416E-15
        10   8  3.029255E+01  3.997311E-06 -7.829468E-07 -4.403688E-06  3.302715E-07 -2.995434E-15
        11   1  3.029255E+01  2.613967E-06  3.965055E-07  9.582161E-07 -5.519877E-08 -1.293232E-15
        11   2  3.029255E+01  8.510139E-07 -1.809282E-07  9.582161E-07 -5.519872E-08  2.740464E-15
        11   3  3.029255E+01  2.613967E-06  3.965055E-07 -9.582161E-07 -5.519872E-08 -1.088640E-15
        11   4  3.029255E+01  8.510139E-07 -1.809282E-07 -9.582161E-07 -5.519869E-08 -2.675287E-17
        11   5  3.029255E+01  2.613967E-06  3.965055E-07  9.582161E-07  5.519872E-08 -2.357005E-15
        11   6  3.029255E+01  8.510139E-07 -1.809282E-07  9.582161E-07  5.519874E-08  1.344851E-15
        11   7  3.029255E+01  2.613967E-06  3.965055E-07 -9.582161E-07  5.519874E-08 -1.654569E-15
        11   8  3.029255E+01  8.510139E-07 -1.809282E-07 -9.582161E-07  5.519874E-08  4.028378E-16
        12   1  3.029255E+01  5.600512E-07  6.139500E-08  2.098523E-07 -1.454822E-08  2.605206E-15
        12   2  3.029255E+01  1.891465E-07 -3.806488E-08  2.098523E-07 -1.454824E-08 -2.954953E-15
        12   3  3.029255E+01  5.600511E-07  6.139493E-08 -2.098523E-07 -1.454824E-08  5.214612E-16
        12   4  3.029255E+01  1.891464E-07 -3.806492E-08 -2.098523E-07 -1.454818E-08 -1.606538E-16
        12   5  3.029255E+01  5.600512E-07  6.139501E-08  2.098523E-07  1.454821E-08  2.070047E-15
        12   6  3.029255E+01  1.891465E-07 -3.806487E-08  2.098523E-07  1.454815E-08 -2.085862E-16
        12   7  3.029255E+01  5.600512E-07  6.139498E-08 -2.098523E-07  1.454819E-08  1.422182E-16
        12   8  3.029255E+01  1.891465E-07 -3.806483E-08 -2.098523E-07  1.454825E-08  7.174070E-16
        13   1  3.029255E+01  1.239427E-07  1.711752E-08  4.575802E-08 -2.811585E-09 -3.230129E-15
        13   2  3.029255E+01  4.084062E-08 -8.528362E-09  4.575803E-08 -2.811646E-09 -1.899083E-15
        13   3  3.029255E+01  1.239427E-07  1.711752E-08 -4.575803E-08 -2.811582E-09  5.754108E-16
        13   4  3.029255E+01  4.084060E-08 -8.528387E-09 -4.575803E-08 -2.811586E-09  1.071480E-16
        13   5  3.029255E+01  1.239427E-07  1.711748E-08  4.575803E-08  2.811613E-09 -2.448018E-15
        13   6  3.029255E+01  4.084057E-08 -8.528415E-09  4.575803E-08  2.811573E-09 -3.133820E-15
        13   7  3.029255E+01  1.239428E-07  1.711756E-08 -4.575802E-08  2.811610E-09 -7.966373E-16
        13   8  3.029255E+01  4.084063E-08 -8.528355E-09 -4.575802E-08  2.811606E-09 -3.384987E-15
        14   1  3.029255E+01  2.684145E-08  3.193261E-09  1.000219E-08 -6.676661E-10 -2.772717E-15
        14   2  3.029255E+01  9.004114E-09 -1.829801E-09  1.000219E-08 -6.676816E-10 -1.437984E-15
        14   3  3.029255E+01  2.684138E-08  3.193180E-09 -1.000218E-08 -6.676727E-10 -1.592819E-15
        14   4  3.029255E+01  9.004054E-09 -1.829861E-09 -1.000219E-08 -6.676184E-10  1.430609E-15
        14   5  3.029255E+01  2.684145E-08  3.193254E-09  1.000220E-08  6.676484E-10 -3.805084E-15
        14   6  3.029255E+01  9.004110E-09 -1.829808E-09  1.000219E-08  6.676368E-10 -4.129446E-16
        14   7  3.029255E+01  2.684139E-08  3.193190E-09 -1.000218E-08  6.677156E-10 -1.386364E-15
        14   8  3.029255E+01  9.004064E-09 -1.829850E-09 -1.000219E-08  6.677389E-10  1.651813E-15
        15   1  3.029255E+01  5.917303E-09  7.736490E-10  2.161410E-09 -1.365049E-10 -9.217775E-16
        15   2  3.029255E+01  2.014832E-09 -3.970090E-10  2.161411E-09 -1.365166E-10  1.530149E-15
        15   3  3.029255E+01  5.917313E-09  7.736666E-10 -2.161415E-09 -1.364905E-10  1.467470E-15
        15   4  3.029255E+01  2.014842E-09 -3.970055E-10 -2.161415E-09 -1.365021E-10 -1.069256E-16
        15   5  3.029255E+01  5.917313E-09  7.736595E-10  2.161416E-09  1.365339E-10 -5.309430E-16
        15   6  3.029255E+01  2.014793E-09 -3.970512E-10  2.161412E-09  1.365299E-10  1.098759E-15
        15   7  3.029255E+01  5.917257E-09  7.736068E-10 -2.161410E-09  1.365465E-10  1.828805E-15
        15   8  3.029255E+01  2.014821E-09 -3.970160E-10 -2.161414E-09  1.365350E-10 -4.424535E-16
        16   1  3.029255E+01  1.376325E-09  1.388926E-10  3.731213E-10 -2.463115E-11  1.253617E-16
        16   2  3.029255E+01  7.092597E-10 -5.142556E-11  3.731221E-10 -2.464473E-11 -1.574395E-15
        16   3  3.029255E+01  1.376315E-09  1.388821E-10 -3.731259E-10 -2.464266E-11 -3.465881E-16
        16   4  3.029255E+01  7.092597E-10 -5.142204E-11 -3.731205E-10 -2.463878E-11  1.209371E-15
        16   5  3.029255E+01  1.376276E-09  1.388469E-10  3.731227E-10  2.467202E-11 -1.356856E-15
        16   6  3.029255E+01  7.092210E-10 -5.146778E-11  3.731227E-10  2.464681E-11 -6.784279E-16
        16   7  3.029255E+01  1.376307E-09  1.388750E-10 -3.731224E-10  2.463893E-11 -4.424530E-16
        16   8  3.029255E+01  7.092527E-10 -5.142908E-11 -3.731204E-10  2.465056E-11  1.482217E-15

 strains (elem, integ.pnt.,exx,eyy,ezz,exy,exz,eyz) for set ALL and time  0.9750000E+00

         1   1  7.962309E-03 -5.747434E-04 -9.625269E-04  1.569777E-03  5.256811E-04  1.473575E-19
         1   2  7.962309E-03 -2.143287E-03 -3.587471E-03  1.567310E-03  5.242967E-04  4.065279E-19
         1   3  7.962309E-03 -5.747434E-04 -9.625269E-04 -1.569777E-03  5.256811E-04  6.608910E-20
         1   4  7.962309E-03 -2.143287E-03 -3.587471E-03 -1.567310E-03  5.242967E-04 -1.344101E-19
         1   5  7.962309E-03 -5.747434E-04 -9.625269E-04  1.569777E-03 -5.256811E-04  1.287302E-19
         1   6  7.962309E-03 -2.143287E-03 -3.587471E-03  1.567310E-03 -5.242967E-04  4.605432E-19
         1   7  7.962309E-03 -5.747434E-04 -9.625269E-04 -1.569777E-03 -5.256811E-04 -3.380661E-20
         1   8  7.962309E-03 -2.143287E-03 -3.587471E-03 -1.567310E-03 -5.242967E-04 -8.039480E-20
         2   1  9.897798E-03 -2.860769E-03 -4.331459E-03  3.933119E-04 -1.175336E-04  1.640047E-19
         2   2  9.897798E-03 -3.254003E-03 -3.743617E-03  3.931563E-04 -1.176032E-04  5.061708E-19
         2   3  9.897798E-03 -2.860769E-03 -4.331459E-03 -3.933119E-04 -1.175336E-04  5.589514E-20
         2   4  9.897798E-03 -3.254003E-03 -3.743617E-03 -3.931563E-04 -1.176032E-04 -6.960662E-19
         2   5  9.897798E-03 -2.860769E-03 -4.331459E-03  3.933119E-04  1.175336E-04  9.747468E-19
         2   6  9.897798E-03 -3.254003E-03 -3.743617E-03  3.931563E-04  1.176032E-04  4.065025E-19
         2   7  9.897798E-03 -2.860769E-03 -4.331459E-03 -3.933119E-04  1.175336E-04  1.098699E-19
         2   8  9.897798E-03 -3.254003E-03 -3.743617E-03 -3.931563E-04  1.176032E-04 -5.120523E-19
         3   1  9.861993E-03 -3.426605E-03 -3.543886E-03  7.842927E-05  8.480722E-06  1.929355E-19
         3   2  9.861993E-03 -3.505032E-03 -3.586289E-03  7.842308E-05  8.480360E-06  2.925730E-19
         3   3  9.861993E-03 -3.426605E-03 -3.543886E-03 -7.842927E-05  8.480722E-06 -5.701531E-19
         3   4  9.861993E-03 -3.505032E-03 -3.586289E-03 -7.842308E-05  8.480360E-06  4.104199E-20
         3   5  9.861993E-03 -3.426605E-03 -3.543886E-03  7.842927E-05 -8.480722E-06  3.246036E-19
         3   6  9.861993E-03 -3.505032E-03 -3.586289E-03  7.842308E-05 -8.480360E-06  6.521193E-19
         3   7  9.861993E-03 -3.426605E-03 -3.543886E-03 -7.842927E-05 -8.480722E-06 -4.452373E-19
         3   8  9.861993E-03 -3.505032E-03 -3.586289E-03 -7.842308E-05 -8.480360E-06 -3.472464E-19
         4   1  9.921667E-03 -3.540408E-03 -3.596008E-03  1.822829E-05 -3.169534E-06 -6.027664E-20
         4   2  9.921667E-03 -3.558636E-03 -3.580160E-03  1.822796E-05 -3.169584E-06 -7.221986E-19
         4   3  9.921667E-03 -3.540408E-03 -3.596008E-03 -1.822829E-05 -3.169534E-06 -6.004551E-19
         4   4  9.921667E-03 -3.558636E-03 -3.580160E-03 -1.822796E-05 -3.169584E-06  7.160005E-19
         4   5  9.921667E-03 -3.540408E-03 -3.596008E-03  1.822829E-05  3.169534E-06 -1.075577E-19
         4   6  9.921667E-03 -3.558636E-03 -3.580160E-03  1.822796E-05  3.169584E-06 -6.724792E-20
         4   7  9.921667E-03 -3.540408E-03 -3.596008E-03 -1.822829E-05  3.169534E-06  5.271526E-19
         4   8  9.921667E-03 -3.558636E-03 -3.580160E-03 -1.822796E-05  3.169584E-06  8.983034E-19
         5   1  9.924781E-03 -3.566706E-03 -3.574444E-03  3.820270E-06  4.593227E-08 -3.881187E-19
         5   2  9.924781E-03 -3.570527E-03 -3.574673E-03  3.820256E-06  4.593226E-08  2.431591E-19
         5   3  9.924781E-03 -3.566706E-03 -3.574444E-03 -3.820270E-06  4.593227E-08  4.761439E-19
         5   4  9.924781E-03 -3.570527E-03 -3.574673E-03 -3.820256E-06  4.593226E-08  2.262790E-19
         5   5  9.924781E-03 -3.566706E-03 -3.574444E-03  3.820270E-06 -4.593227E-08 -2.294467E-19
         5   6  9.924781E-03 -3.570527E-03 -3.574673E-03  3.820256E-06 -4.593226E-08  2.532861E-19
         5   7  9.924781E-03 -3.566706E-03 -3.574444E-03 -3.820270E-06 -4.593227E-08  6.348159E-19
         5   8  9.924781E-03 -3.570527E-03 -3.574673E-03 -3.820256E-06 -4.593226E-08  7.934481E-19
         6   1  9.926920E-03 -3.572239E-03 -3.574577E-03  8.582018E-07 -9.849778E-08 -1.045992E-19
         6   2  9.926920E-03 -3.573097E-03 -3.574085E-03  8.582010E-07 -9.849783E-08  7.697580E-19
         6   3  9.926920E-03 -3.572239E-03 -3.574577E-03 -8.582018E-07 -9.849778E-08  4.490659E-19
         6   4  9.926920E-03 -3.573097E-03 -3.574085E-03 -8.582010E-07 -9.849783E-08  3.716512E-20
         6   5  9.926920E-03 -3.572239E-03 -3.574577E-03  8.582018E-07  9.849778E-08  3.106491E-19
         6   6  9.926920E-03 -3.573097E-03 -3.574085E-03  8.582010E-07  9.849783E-08  5.739497E-19
         6   7  9.926920E-03 -3.572239E-03 -3.574577E-03 -8.582018E-07  9.849778E-08  6.482498E-19
         6   8  9.926920E-03 -3.573097E-03 -3.574085E-03 -8.582010E-07  9.849783E-08  4.794216E-19
         7   1  9.927172E-03 -3.573479E-03 -3.573894E-03  1.839738E-07 -5.560688E-09 -3.679703E-19
         7   2  9.927172E-03 -3.573663E-03 -3.573866E-03  1.839737E-07 -5.560688E-09  1.051633E-18
         7   3  9.927172E-03 -3.573479E-03 -3.573894E-03 -1.839738E-07 -5.560688E-09 -5.737810E-20
         7   4  9.927172E-03 -3.573663E-03 -3.573866E-03 -1.839737E-07 -5.560688E-09 -9.604645E-19
         7   5  9.927172E-03 -3.573479E-03 -3.573894E-03  1.839738E-07  5.560688E-09 -1.890422E-19
         7   6  9.927172E-03 -3.573663E-03 -3.573866E-03  1.839737E-07  5.560688E-09  2.126962E-19
         7   7  9.927172E-03 -3.573479E-03 -3.573894E-03 -1.839738E-07  5.560688E-09 -8.101011E-20
         7   8  9.927172E-03 -3.573663E-03 -3.573866E-03 -1.839737E-07  5.560688E-09  2.430802E-19
         8   1  9.927259E-03 -3.573745E-03 -3.573850E-03  4.069900E-08 -3.560081E-09 -5.401152E-20
         8   2  9.927259E-03 -3.573786E-03 -3.573832E-03  4.069900E-08 -3.560081E-09 -6.009262E-19
         8   3  9.927259E-03 -3.573745E-03 -3.573850E-03 -4.069900E-08 -3.560081E-09 -3.646037E-19
         8   4  9.927259E-03 -3.573786E-03 -3.573832E-03 -4.069900E-08 -3.560081E-09  2.869623E-19
         8   5  9.927259E-03 -3.573745E-03 -3.573850E-03  4.069900E-08  3.560081E-09 -2.025556E-19
         8   6  9.927259E-03 -3.573786E-03 -3.573832E-03  4.069900E-08  3.560081E-09 -4.827661E-19
         8   7  9.927259E-03 -3.573745E-03 -3.573850E-03 -4.069900E-08  3.560081E-09  1.350852E-20
         8   8  9.927259E-03 -3.573786E-03 -3.573832E-03 -4.069900E-08  3.560081E-09 -1.451659E-19
         9   1  9.927273E-03 -3.573804E-03 -3.573825E-03  8.814723E-09 -4.328547E-10 -4.760152E-19
         9   2  9.927273E-03 -3.573813E-03 -3.573822E-03  8.814723E-09 -4.328547E-10  2.633286E-19
         9   3  9.927273E-03 -3.573804E-03 -3.573825E-03 -8.814723E-09 -4.328547E-10 -6.684473E-19
         9   4  9.927273E-03 -3.573813E-03 -3.573822E-03 -8.814723E-09 -4.328547E-10 -5.874238E-19
         9   5  9.927273E-03 -3.573804E-03 -3.573825E-03  8.814723E-09  4.328547E-10 -1.174848E-18
         9   6  9.927273E-03 -3.573813E-03 -3.573822E-03  8.814723E-09  4.328547E-10  8.440052E-20
         9   7  9.927273E-03 -3.573804E-03 -3.573825E-03 -8.814723E-09  4.328547E-10 -9.452704E-20
         9   8  9.927273E-03 -3.573813E-03 -3.573822E-03 -8.814723E-09  4.328547E-10 -8.068639E-19
        10   1  9.927277E-03 -3.573817E-03 -3.573821E-03  1.936524E-09 -1.452371E-10 -1.249118E-19
        10   2  9.927277E-03 -3.573818E-03 -3.573821E-03  1.936524E-09 -1.452371E-10 -6.752002E-19
        10   3  9.927277E-03 -3.573817E-03 -3.573821E-03 -1.936524E-09 -1.452371E-10 -1.100576E-18
        10   4  9.927277E-03 -3.573818E-03 -3.573821E-03 -1.936524E-09 -1.452371E-10 -5.030241E-19
        10   5  9.927277E-03 -3.573817E-03 -3.573821E-03  1.936524E-09  1.452371E-10 -2.970879E-19
        10   6  9.927277E-03 -3.573818E-03 -3.573821E-03  1.936524E-09  1.452371E-10 -1.370656E-18
        10   7  9.927277E-03 -3.573817E-03 -3.573821E-03 -1.936524E-09  1.452371E-10 -1.377408E-18
        10   8  9.927277E-03 -3.573818E-03 -3.573821E-03 -1.936524E-09  1.452371E-10 -2.228160E-19
        11   1  9.927278E-03 -3.573819E-03 -3.573820E-03  4.213761E-10 -2.427369E-11 -5.502882E-19
        11   2  9.927278E-03 -3.573820E-03 -3.573820E-03  4.213761E-10 -2.427367E-11  1.296385E-18
        11   3  9.927278E-03 -3.573819E-03 -3.573820E-03 -4.213761E-10 -2.427367E-11 -5.401602E-19
        11   4  9.927278E-03 -3.573820E-03 -3.573820E-03 -4.213761E-10 -2.427366E-11 -5.401600E-20
        11   5  9.927278E-03 -3.573819E-03 -3.573820E-03  4.213761E-10  2.427367E-11 -1.120832E-18
        11   6  9.927278E-03 -3.573820E-03 -3.573820E-03  4.213761E-10  2.427368E-11  5.739203E-19
        11   7  9.927278E-03 -3.573819E-03 -3.573820E-03 -4.213761E-10  2.427368E-11 -7.157123E-19
        11   8  9.927278E-03 -3.573820E-03 -3.573820E-03 -4.213761E-10  2.427368E-11  2.261921E-19
        12   1  9.927278E-03 -3.573820E-03 -3.573820E-03  9.228266E-11 -6.397589E-12  1.195105E-18
        12   2  9.927278E-03 -3.573820E-03 -3.573820E-03  9.228266E-11 -6.397597E-12 -1.350401E-18
        12   3  9.927278E-03 -3.573820E-03 -3.573820E-03 -9.228267E-11 -6.397596E-12  2.363201E-19
        12   4  9.927278E-03 -3.573820E-03 -3.573820E-03 -9.228267E-11 -6.397571E-12 -7.596003E-20
        12   5  9.927278E-03 -3.573820E-03 -3.573820E-03  9.228267E-11  6.397585E-12  9.452804E-19
        12   6  9.927278E-03 -3.573820E-03 -3.573820E-03  9.228267E-11  6.397556E-12 -9.790404E-20
        12   7  9.927278E-03 -3.573820E-03 -3.573820E-03 -9.228266E-11  6.397575E-12  6.752004E-20
        12   8  9.927278E-03 -3.573820E-03 -3.573820E-03 -9.228266E-11  6.397602E-12  3.308482E-19
        13   1  9.927278E-03 -3.573820E-03 -3.573820E-03  2.012212E-11 -1.236396E-12 -1.478689E-18
        13   2  9.927278E-03 -3.573820E-03 -3.573820E-03  2.012212E-11 -1.236423E-12 -8.693204E-19
        13   3  9.927278E-03 -3.573820E-03 -3.573820E-03 -2.012212E-11 -1.236394E-12  2.633281E-19
        13   4  9.927278E-03 -3.573820E-03 -3.573820E-03 -2.012212E-11 -1.236396E-12  4.895202E-20
        13   5  9.927278E-03 -3.573820E-03 -3.573820E-03  2.012212E-11  1.236409E-12 -1.120832E-18
        13   6  9.927278E-03 -3.573820E-03 -3.573820E-03  2.012212E-11  1.236391E-12 -1.434801E-18
        13   7  9.927278E-03 -3.573820E-03 -3.573820E-03 -2.012212E-11  1.236408E-12 -3.646082E-19
        13   8  9.927278E-03 -3.573820E-03 -3.573820E-03 -2.012212E-11  1.236406E-12 -1.549585E-18
        14   1  9.927278E-03 -3.573820E-03 -3.573820E-03  4.398469E-12 -2.936063E-13 -1.269377E-18
        14   2  9.927278E-03 -3.573820E-03 -3.573820E-03  4.398469E-12 -2.936133E-13 -6.583203E-19
        14   3  9.927278E-03 -3.573820E-03 -3.573820E-03 -4.398466E-12 -2.936095E-13 -7.292163E-19
        14   4  9.927278E-03 -3.573820E-03 -3.573820E-03 -4.398469E-12 -2.935849E-13  6.549443E-19
        14   5  9.927278E-03 -3.573820E-03 -3.573820E-03  4.398472E-12  2.935985E-13 -1.742017E-18
        14   6  9.927278E-03 -3.573820E-03 -3.573820E-03  4.398469E-12  2.935933E-13 -1.890561E-19
        14   7  9.927278E-03 -3.573820E-03 -3.573820E-03 -4.398464E-12  2.936287E-13 -6.346883E-19
        14   8  9.927278E-03 -3.573820E-03 -3.573820E-03 -4.398468E-12  2.936392E-13  7.562243E-19
        15   1  9.927278E-03 -3.573820E-03 -3.573820E-03  9.504812E-13 -6.002788E-14 -4.220002E-19
        15   2  9.927278E-03 -3.573820E-03 -3.573820E-03  9.504817E-13 -6.003314E-14  7.005203E-19
        15   3  9.927278E-03 -3.573820E-03 -3.573820E-03 -9.504835E-13 -6.002120E-14  6.718243E-19
        15   4  9.927278E-03 -3.573820E-03 -3.573820E-03 -9.504835E-13 -6.002646E-14 -4.895202E-20
        15   5  9.927278E-03 -3.573820E-03 -3.573820E-03  9.504839E-13  6.004107E-14 -2.430721E-19
        15   6  9.927278E-03 -3.573820E-03 -3.573820E-03  9.504821E-13  6.003928E-14  5.030242E-19
        15   7  9.927278E-03 -3.573820E-03 -3.573820E-03 -9.504811E-13  6.004698E-14  8.372484E-19
        15   8  9.927278E-03 -3.573820E-03 -3.573820E-03 -9.504833E-13  6.004178E-14 -2.025601E-19
        16   1  9.927278E-03 -3.573820E-03 -3.573820E-03  1.640803E-13 -1.083156E-14  5.739203E-20
        16   2  9.927278E-03 -3.573820E-03 -3.573820E-03  1.640806E-13 -1.083769E-14 -7.207763E-19
        16   3  9.927278E-03 -3.573820E-03 -3.573820E-03 -1.640823E-13 -1.083644E-14 -1.586721E-19
        16   4  9.927278E-03 -3.573820E-03 -3.573820E-03 -1.640799E-13 -1.083469E-14  5.536642E-19
        16   5  9.927278E-03 -3.573820E-03 -3.573820E-03  1.640809E-13  1.084981E-14 -6.211843E-19
        16   6  9.927278E-03 -3.573820E-03 -3.573820E-03  1.640809E-13  1.083843E-14 -3.105921E-19
        16   7  9.927278E-03 -3.573820E-03 -3.573820E-03 -1.640808E-13  1.083517E-14 -2.025601E-19
        16   8  9.927278E-03 -3.573820E-03 -3.573820E-03 -1.640800E-13  1.084042E-14  6.785763E-19

                                INCREMENT    12


 forces (fx,fy,fz) for set RIGHT and time  0.1000000E+01

        65  3.857349E+01  9.008190E-15  4.387091E-14
        66  3.857349E+01 -4.919153E-15  4.165648E-14
        67  3.857349E+01 -9.262023E-15 -4.178620E-14
        68  3.857349E+01  8.847576E-15 -2.937509E-14

 displacements (vx,vy,vz) for set RIGHT and time  0.1000000E+01

        65  2.000000E-01  9.181644E-03  1.836329E-03
        66  2.000000E-01 -9.181644E-03  1.836329E-03
        67  2.000000E-01 -9.181644E-03 -1.836329E-03
        68  2.000000E-01  9.181644E-03 -1.836329E-03

 stresses (elem, integ.pnt.,sxx,syy,szz,sxy,sxz,syz) for set ALL and time  0.1000000E+01

         1   1  3.706660E+01  1.728197E+01  1.637733E+01  3.673525E+00  1.229971E+00  7.738119E-03
         1   2  2.485558E+01  1.656199E+00 -1.606860E+00  3.638383E+00  1.215595E+00  7.696333E-03
         1   3  3.706660E+01  1.728197E+01  1.637733E+01 -3.673525E+00  1.229971E+00 -7.738119E-03
         1   4  2.485558E+01  1.656199E+00 -1.606860E+00 -3.638383E+00  1.215595E+00 -7.696333E-03
         1   5  3.706660E+01  1.728197E+01  1.637733E+01  3.673525E+00 -1.229971E+00 -7.738119E-03
         1   6  2.485558E+01  1.656199E+00 -1.606860E+00  3.638383E+00 -1.215595E+00 -7.696333E-03
         1   7  3.706660E+01  1.728197E+01  1.637733E+01 -3.673525E+00 -1.229971E+00  7.738119E-03
         1   8  2.485558E+01  1.656199E+00 -1.606860E+00 -3.638383E+00 -1.215595E+00  7.696333E-03
         2   1  3.080014E+01  1.388501E+00 -1.907742E+00  9.188590E-01 -2.741544E-01 -4.341424E-04
         2   2  3.136988E+01  1.066273E+00 -3.315190E-02  9.184093E-01 -2.745617E-01 -4.342514E-04
         2   3  3.080014E+01  1.388501E+00 -1.907742E+00 -9.188590E-01 -2.741544E-01  4.341424E-04
         2   4  3.136988E+01  1.066273E+00 -3.315190E-02 -9.184093E-01 -2.745617E-01  4.342514E-04
         2   5  3.080014E+01  1.388501E+00 -1.907742E+00  9.188590E-01  2.741544E-01  4.341424E-04
         2   6  3.136988E+01  1.066273E+00 -3.315190E-02  9.184093E-01  2.745617E-01  4.342514E-04
         2   7  3.080014E+01  1.388501E+00 -1.907742E+00 -9.188590E-01  2.741544E-01 -4.341424E-04
         2   8  3.136988E+01  1.066273E+00 -3.315190E-02 -9.184093E-01  2.745617E-01 -4.342514E-04
         3   1  3.125990E+01  6.527007E-01  3.892430E-01  1.832950E-01  1.978206E-02  6.245459E-06
         3   2  3.090601E+01  1.286203E-01 -5.376534E-02  1.832317E-01  1.977667E-02  6.244480E-06
         3   3  3.125990E+01  6.527007E-01  3.892430E-01 -1.832950E-01  1.978206E-02 -6.245459E-06
         3   4  3.090601E+01  1.286203E-01 -5.376534E-02 -1.832317E-01  1.977667E-02 -6.244480E-06
         3   5  3.125990E+01  6.527007E-01  3.892430E-01  1.832950E-01 -1.978206E-02 -6.245459E-06
         3   6  3.090601E+01  1.286203E-01 -5.376534E-02  1.832317E-01 -1.977667E-02 -6.244480E-06
         3   7  3.125990E+01  6.527007E-01  3.892430E-01 -1.832950E-01 -1.978206E-02  6.245459E-06
         3   8  3.090601E+01  1.286203E-01 -5.376534E-02 -1.832317E-01 -1.977667E-02  6.244480E-06
         4   1  3.108990E+01  9.120117E-02 -3.352157E-02  4.261504E-02 -7.403312E-03 -5.435035E-07
         4   2  3.108289E+01  4.340289E-02 -4.905692E-03  4.261332E-02 -7.403521E-03 -5.435018E-07
         4   3  3.108990E+01  9.120117E-02 -3.352157E-02 -4.261504E-02 -7.403312E-03  5.435035E-07
         4   4  3.108289E+01  4.340289E-02 -4.905692E-03 -4.261332E-02 -7.403521E-03  5.435018E-07
         4   5  3.108990E+01  9.120117E-02 -3.352157E-02  4.261504E-02  7.403312E-03  5.435035E-07
         4   6  3.108289E+01  4.340289E-02 -4.905692E-03  4.261332E-02  7.403521E-03  5.435018E-07
         4   7  3.108990E+01  9.120117E-02 -3.352157E-02 -4.261504E-02  7.403312E-03 -5.435035E-07
         4   8  3.108289E+01  4.340289E-02 -4.905692E-03 -4.261332E-02  7.403521E-03 -5.435018E-07
         5   1  3.109251E+01  2.749053E-02  1.010737E-02  8.937407E-03  1.057413E-04  1.628045E-09
         5   2  3.108064E+01  7.235932E-03 -2.078349E-03  8.937282E-03  1.057406E-04  1.628039E-09
         5   3  3.109251E+01  2.749053E-02  1.010737E-02 -8.937407E-03  1.057413E-04 -1.628045E-09
         5   4  3.108064E+01  7.235932E-03 -2.078349E-03 -8.937282E-03  1.057406E-04 -1.628036E-09
         5   5  3.109251E+01  2.749053E-02  1.010737E-02  8.937407E-03 -1.057413E-04 -1.628049E-09
         5   6  3.108064E+01  7.235932E-03 -2.078349E-03  8.937282E-03 -1.057406E-04 -1.628039E-09
         5   7  3.109251E+01  2.749053E-02  1.010737E-02 -8.937407E-03 -1.057413E-04  1.628047E-09
         5   8  3.108064E+01  7.235932E-03 -2.078349E-03 -8.937282E-03 -1.057406E-04  1.628037E-09
         6   1  3.108724E+01  4.897161E-03 -3.537300E-04  2.008688E-03 -2.302980E-04 -7.969212E-10
         6   2  3.108616E+01  1.912160E-03 -3.063420E-04  2.008683E-03 -2.302981E-04 -7.969181E-10
         6   3  3.108724E+01  4.897161E-03 -3.537300E-04 -2.008688E-03 -2.302980E-04  7.969238E-10
         6   4  3.108616E+01  1.912160E-03 -3.063420E-04 -2.008683E-03 -2.302981E-04  7.969197E-10
         6   5  3.108724E+01  4.897161E-03 -3.537300E-04  2.008688E-03  2.302980E-04  7.969199E-10
         6   6  3.108616E+01  1.912160E-03 -3.063420E-04  2.008683E-03  2.302981E-04  7.969212E-10
         6   7  3.108724E+01  4.897161E-03 -3.537300E-04 -2.008688E-03  2.302980E-04 -7.969195E-10
         6   8  3.108616E+01  1.912160E-03 -3.063420E-04 -2.008683E-03  2.302981E-04 -7.969228E-10
         7   1  3.108694E+01  1.233670E-03  2.994191E-04  4.308909E-04 -1.308382E-05 -9.710101E-12
         7   2  3.108648E+01  3.693143E-04 -8.869684E-05  4.308907E-04 -1.308382E-05 -9.711828E-12
         7   3  3.108694E+01  1.233670E-03  2.994191E-04 -4.308909E-04 -1.308382E-05  9.710897E-12
         7   4  3.108648E+01  3.693143E-04 -8.869684E-05 -4.308907E-04 -1.308382E-05  9.711157E-12
         7   5  3.108694E+01  1.233670E-03  2.994191E-04  4.308909E-04  1.308382E-05  9.711104E-12
         7   6  3.108648E+01  3.693143E-04 -8.869684E-05  4.308907E-04  1.308382E-05  9.711647E-12
         7   7  3.108694E+01  1.233670E-03  2.994191E-04 -4.308909E-04  1.308382E-05 -9.714347E-12
         7   8  3.108648E+01  3.693143E-04 -8.869684E-05 -4.308907E-04  1.308382E-05 -9.713682E-12
         8   1  3.108675E+01  2.456233E-04  1.006291E-05  9.537196E-05 -8.335425E-06 -1.368377E-12
         8   2  3.108668E+01  8.786382E-05 -1.618976E-05  9.537195E-05 -8.335425E-06 -1.369520E-12
         8   3  3.108675E+01  2.456233E-04  1.006291E-05 -9.537196E-05 -8.335425E-06  1.369940E-12
         8   4  3.108668E+01  8.786382E-05 -1.618976E-05 -9.537195E-05 -8.335425E-06  1.368333E-12
         8   5  3.108675E+01  2.456233E-04  1.006291E-05  9.537196E-05  8.335425E-06  1.369055E-12
         8   6  3.108668E+01  8.786382E-05 -1.618976E-05  9.537195E-05  8.335425E-06  1.368583E-12
         8   7  3.108675E+01  2.456233E-04  1.006291E-05 -9.537196E-05  8.335425E-06 -1.369232E-12
         8   8  3.108668E+01  8.786382E-05 -1.618976E-05 -9.537195E-05  8.335425E-06 -1.369542E-12
         9   1  3.108673E+01  5.721352E-05  1.033997E-05  2.066900E-05 -1.016880E-06 -3.631098E-14
         9   2  3.108671E+01  1.815333E-05 -4.008286E-06  2.066900E-05 -1.016879E-06 -3.249244E-14
         9   3  3.108673E+01  5.721352E-05  1.033997E-05 -2.066900E-05 -1.016879E-06  3.471869E-14
         9   4  3.108671E+01  1.815333E-05 -4.008286E-06 -2.066900E-05 -1.016879E-06  3.623726E-14
         9   5  3.108673E+01  5.721352E-05  1.033997E-05  2.066900E-05  1.016879E-06  3.650264E-14
         9   6  3.108671E+01  1.815333E-05 -4.008286E-06  2.066900E-05  1.016880E-06  3.861094E-14
         9   7  3.108673E+01  5.721352E-05  1.033997E-05 -2.066900E-05  1.016879E-06 -3.685648E-14
         9   8  3.108671E+01  1.815333E-05 -4.008286E-06 -2.066900E-05  1.016879E-06 -3.622252E-14
        10   1  3.108672E+01  1.198590E-05  1.063276E-06  4.543299E-06 -3.405752E-07 -8.669221E-16
        10   2  3.108672E+01  4.122043E-06 -8.069994E-07  4.543299E-06 -3.405752E-07 -2.942051E-15
        10   3  3.108672E+01  1.198590E-05  1.063276E-06 -4.543299E-06 -3.405752E-07  3.505985E-15
        10   4  3.108672E+01  4.122043E-06 -8.069994E-07 -4.543299E-06 -3.405751E-07  4.449561E-15
        10   5  3.108672E+01  1.198590E-05  1.063276E-06  4.543299E-06  3.405751E-07  3.609189E-15
        10   6  3.108672E+01  4.122043E-06 -8.069994E-07  4.543299E-06  3.405751E-07  4.228410E-15
        10   7  3.108672E+01  1.198590E-05  1.063276E-06 -4.543299E-06  3.405752E-07 -1.957931E-15
        10   8  3.108672E+01  4.122043E-06 -8.069994E-07 -4.543299E-06  3.405752E-07 -1.427170E-15
        11   1  3.108672E+01  2.695934E-06  4.082980E-07  9.891975E-07 -5.704359E-08 -1.040784E-15
        11   2  3.108672E+01  8.782266E-07 -1.865316E-07  9.891975E-07 -5.704359E-08  4.630398E-16
        11   3  3.108672E+01  2.695934E-06  4.082980E-07 -9.891975E-07 -5.704361E-08  1.070270E-15
        11   4  3.108672E+01  8.782265E-07 -1.865317E-07 -9.891975E-07 -5.704361E-08  1.096071E-15
        11   5  3.108672E+01  2.695934E-06  4.082980E-07  9.891975E-07  5.704362E-08  1.335651E-15
        11   6  3.108672E+01  8.782265E-07 -1.865317E-07  9.891975E-07  5.704361E-08  1.910642E-15
        11   7  3.108672E+01  2.695934E-06  4.082980E-07 -9.891975E-07  5.704359E-08  1.681725E-16
        11   8  3.108672E+01  8.782266E-07 -1.865317E-07 -9.891975E-07  5.704363E-08  1.244438E-15
        12   1  3.108672E+01  5.780191E-07  6.338075E-08  2.167594E-07 -1.502436E-08  2.146921E-15
        12   2  3.108672E+01  1.952845E-07 -3.927642E-08  2.167594E-07 -1.502439E-08 -5.732299E-16
        12   3  3.108672E+01  5.780191E-07  6.338073E-08 -2.167594E-07 -1.502437E-08  3.004777E-16
        12   4  3.108672E+01  1.952845E-07 -3.927642E-08 -2.167594E-07 -1.502437E-08 -2.929428E-16
        12   5  3.108672E+01  5.780191E-07  6.338078E-08  2.167594E-07  1.502437E-08  6.543184E-16
        12   6  3.108672E+01  1.952845E-07 -3.927639E-08  2.167594E-07  1.502435E-08  8.754689E-16
        12   7  3.108672E+01  5.780191E-07  6.338074E-08 -2.167594E-07  1.502436E-08  6.725846E-16
        12   8  3.108672E+01  1.952845E-07 -3.927641E-08 -2.167594E-07  1.502439E-08  1.453983E-15
        13   1  3.108672E+01  1.279822E-07  1.765349E-08  4.729234E-08 -2.907819E-09 -2.830963E-15
        13   2  3.108672E+01  4.219428E-08 -8.803373E-09  4.729233E-08 -2.907857E-09 -2.893623E-15
        13   3  3.108672E+01  1.279822E-07  1.765346E-08 -4.729234E-08 -2.907913E-09  2.361308E-16
        13   4  3.108672E+01  4.219423E-08 -8.803398E-09 -4.729234E-08 -2.907835E-09 -1.463042E-15
        13   5  3.108672E+01  1.279822E-07  1.765348E-08  4.729235E-08  2.907878E-09 -8.843651E-16
        13   6  3.108672E+01  4.219425E-08 -8.803398E-09  4.729234E-08  2.907863E-09 -1.474100E-15
        13   7  3.108672E+01  1.279823E-07  1.765354E-08 -4.729233E-08  2.907786E-09  2.889463E-15
        13   8  3.108672E+01  4.219426E-08 -8.803369E-09 -4.729234E-08  2.907875E-09  1.783710E-15
        14   1  3.108672E+01  2.773418E-08  3.298658E-09  1.034347E-08 -6.904959E-10 -2.904455E-15
        14   2  3.108672E+01  9.307332E-09 -1.890237E-09  1.034348E-08 -6.904348E-10 -3.925434E-15
        14   3  3.108672E+01  2.773427E-08  3.298760E-09 -1.034349E-08 -6.904786E-10 -1.017280E-15
        14   4  3.108672E+01  9.307409E-09 -1.890138E-09 -1.034348E-08 -6.904437E-10 -8.514171E-16
        14   5  3.108672E+01  2.773421E-08  3.298683E-09  1.034348E-08  6.904920E-10 -2.476873E-15
        14   6  3.108672E+01  9.307356E-09 -1.890209E-09  1.034348E-08  6.905027E-10 -2.609564E-15
        14   7  3.108672E+01  2.773422E-08  3.298715E-09 -1.034348E-08  6.904768E-10  2.034572E-15
        14   8  3.108672E+01  9.307363E-09 -1.890184E-09 -1.034348E-08  6.905117E-10  9.288198E-16
        15   1  3.108672E+01  6.117439E-09  7.989855E-10  2.236449E-09 -1.413275E-10 -3.390975E-15
        15   2  3.108672E+01  2.084091E-09 -4.102919E-10  2.236441E-09 -1.413255E-10 -2.911815E-15
        15   3  3.108672E+01  6.117436E-09  7.989996E-10 -2.236438E-09 -1.413340E-10 -3.538402E-16
        15   4  3.108672E+01  2.084095E-09 -4.102673E-10 -2.236446E-09 -1.412953E-10  2.137794E-16
        15   5  3.108672E+01  6.117453E-09  7.989996E-10  2.236445E-09  1.413607E-10 -1.444849E-15
        15   6  3.108672E+01  2.084105E-09 -4.102814E-10  2.236440E-09  1.413432E-10  3.390980E-16
        15   7  3.108672E+01  6.117376E-09  7.989433E-10 -2.236443E-09  1.413248E-10  1.385876E-15
        15   8  3.108672E+01  2.084074E-09 -4.102884E-10 -2.236450E-09  1.413172E-10  1.223699E-15
        16   1  3.108672E+01  1.423823E-09  1.435742E-10  3.862466E-10 -2.549839E-11 -3.051877E-15
        16   2  3.108672E+01  7.340391E-10 -5.320286E-11  3.862412E-10 -2.552361E-11 -3.486806E-15
        16   3  3.108672E+01  1.423791E-09  1.435637E-10 -3.862382E-10 -2.550297E-11  7.224250E-16
        16   4  3.108672E+01  7.340004E-10 -5.322748E-11 -3.862447E-10 -2.550297E-11  7.113674E-16
        16   5  3.108672E+01  1.423770E-09  1.435144E-10  3.862410E-10  2.553530E-11  5.602479E-16
        16   6  3.108672E+01  7.339793E-10 -5.325913E-11  3.862410E-10  2.551784E-11 -1.798691E-15
        16   7  3.108672E+01  1.423819E-09  1.435848E-10 -3.862420E-10  2.551262E-11  3.007647E-15
        16   8  3.108672E+01  7.339793E-10 -5.324507E-11 -3.862390E-10  2.548534E-11  1.769204E-15

 strains (elem, integ.pnt.,exx,eyy,ezz,exy,exz,eyz) for set ALL and time  0.1000000E+01

         1   1  8.167778E-03 -5.894876E-04 -9.874273E-04  1.610035E-03  5.392737E-04  6.661622E-21
         1   2  8.167778E-03 -2.198225E-03 -3.680153E-03  1.607440E-03  5.378167E-04 -3.936691E-19
         1   3  8.167778E-03 -5.894876E-04 -9.874273E-04 -1.610035E-03  5.392737E-04  1.691961E-19
         1   4  8.167778E-03 -2.198225E-03 -3.680153E-03 -1.607440E-03  5.378167E-04  5.799655E-19
         1   5  8.167778E-03 -5.894876E-04 -9.874273E-04  1.610035E-03 -5.392737E-04 -3.396659E-20
         1   6  8.167778E-03 -2.198225E-03 -3.680153E-03  1.607440E-03 -5.378167E-04 -4.611819E-19
         1   7  8.167778E-03 -5.894876E-04 -9.874273E-04 -1.610035E-03 -5.392737E-04  1.556569E-19
         1   8  8.167778E-03 -2.198225E-03 -3.680153E-03 -1.607440E-03 -5.378167E-04  5.394578E-19
         2   1  1.015278E-02 -2.934137E-03 -4.443287E-03  4.035547E-04 -1.205795E-04 -5.158230E-19
         2   2  1.015278E-02 -3.337610E-03 -3.840206E-03  4.033908E-04 -1.206528E-04  3.923646E-19
         2   3  1.015278E-02 -2.934137E-03 -4.443287E-03 -4.035547E-04 -1.205795E-04  1.051733E-18
         2   4  1.015278E-02 -3.337610E-03 -3.840206E-03 -4.033908E-04 -1.206528E-04  5.409372E-19
         2   5  1.015278E-02 -2.934137E-03 -4.443287E-03  4.035547E-04  1.205795E-04 -6.237604E-19
         2   6  1.015278E-02 -3.337610E-03 -3.840206E-03  4.033908E-04  1.206528E-04  4.583021E-19
         2   7  1.015278E-02 -2.934137E-03 -4.443287E-03 -4.035547E-04  1.205795E-04  9.707797E-19
         2   8  1.015278E-02 -3.337610E-03 -3.840206E-03 -4.033908E-04  1.206528E-04  3.282126E-20
         3   1  1.011609E-02 -3.514727E-03 -3.635280E-03  8.053168E-05  8.692357E-06  5.602110E-19
         3   2  1.011609E-02 -3.595256E-03 -3.678740E-03  8.052515E-05  8.691977E-06  3.280257E-21
         3   3  1.011609E-02 -3.514727E-03 -3.635280E-03 -8.053168E-05  8.692357E-06  6.547463E-19
         3   4  1.011609E-02 -3.595256E-03 -3.678740E-03 -8.052515E-05  8.691977E-06  1.636370E-19
         3   5  1.011609E-02 -3.514727E-03 -3.635280E-03  8.053168E-05 -8.692357E-06  2.968992E-19
         3   6  1.011609E-02 -3.595256E-03 -3.678740E-03  8.052515E-05 -8.691977E-06 -1.151256E-18
         3   7  1.011609E-02 -3.514727E-03 -3.635280E-03 -8.053168E-05 -8.692357E-06 -1.371305E-20
         3   8  1.011609E-02 -3.595256E-03 -3.678740E-03 -8.052515E-05 -8.691977E-06  7.662714E-19
         4   1  1.017732E-02 -3.631583E-03 -3.688694E-03  1.872493E-05 -3.253171E-06 -3.241084E-19
         4   2  1.017732E-02 -3.650308E-03 -3.672428E-03  1.872457E-05 -3.253224E-06 -2.346088E-19
         4   3  1.017732E-02 -3.631583E-03 -3.688694E-03 -1.872493E-05 -3.253171E-06  5.400977E-19
         4   4  1.017732E-02 -3.650308E-03 -3.672428E-03 -1.872457E-05 -3.253224E-06  6.143905E-19
         4   5  1.017732E-02 -3.631583E-03 -3.688694E-03  1.872493E-05  3.253171E-06 -1.201792E-18
         4   6  1.017732E-02 -3.650308E-03 -3.672428E-03  1.872457E-05  3.253224E-06 -6.211196E-19
         4   7  1.017732E-02 -3.631583E-03 -3.688694E-03 -1.872493E-05  3.253171E-06  9.452208E-19
         4   8  1.017732E-02 -3.650308E-03 -3.672428E-03 -1.872457E-05  3.253224E-06 -6.734483E-21
         5   1  1.018053E-02 -3.658599E-03 -3.666559E-03  3.927144E-06  4.646365E-08 -4.725995E-19
         5   2  1.018053E-02 -3.662526E-03 -3.666792E-03  3.927129E-06  4.646364E-08  5.114130E-19
         5   3  1.018053E-02 -3.658599E-03 -3.666559E-03 -3.927144E-06  4.646365E-08  8.236743E-19
         5   4  1.018053E-02 -3.662526E-03 -3.666792E-03 -3.927129E-06  4.646364E-08  8.759885E-19
         5   5  1.018053E-02 -3.658599E-03 -3.666559E-03  3.927144E-06 -4.646365E-08 -1.053218E-18
         5   6  1.018053E-02 -3.662526E-03 -3.666792E-03  3.927129E-06 -4.646364E-08 -7.629110E-19
         5   7  1.018053E-02 -3.658599E-03 -3.666559E-03 -3.927144E-06 -4.646365E-08  2.430563E-19
         5   8  1.018053E-02 -3.662526E-03 -3.666792E-03 -3.927129E-06 -4.646364E-08 -3.038159E-19
         6   1  1.018272E-02 -3.664287E-03 -3.666691E-03  8.826321E-07 -1.011948E-07 -1.080274E-19
         6   2  1.018272E-02 -3.665170E-03 -3.666185E-03  8.826314E-07 -1.011949E-07  1.140980E-18
         6   3  1.018272E-02 -3.664287E-03 -3.666691E-03 -8.826321E-07 -1.011948E-07  1.269256E-18
         6   4  1.018272E-02 -3.665170E-03 -3.666185E-03 -8.826314E-07 -1.011949E-07 -4.219646E-19
         6   5  1.018272E-02 -3.664287E-03 -3.666691E-03  8.826321E-07  1.011948E-07 -5.266119E-19
         6   6  1.018272E-02 -3.665170E-03 -3.666185E-03  8.826314E-07  1.011949E-07  2.700526E-19
         6   7  1.018272E-02 -3.664287E-03 -3.666691E-03 -8.826321E-07  1.011948E-07  6.751350E-19
         6   8  1.018272E-02 -3.665170E-03 -3.666185E-03 -8.826314E-07  1.011949E-07 -9.857044E-19
         7   1  1.018298E-02 -3.665562E-03 -3.665990E-03  1.893368E-07 -5.749135E-09  9.316883E-19
         7   2  1.018298E-02 -3.665751E-03 -3.665961E-03  1.893367E-07 -5.749135E-09  1.400895E-19
         7   3  1.018298E-02 -3.665562E-03 -3.665990E-03 -1.893368E-07 -5.749135E-09 -5.671178E-19
         7   4  1.018298E-02 -3.665751E-03 -3.665961E-03 -1.893367E-07 -5.749135E-09 -4.472804E-19
         7   5  1.018298E-02 -3.665562E-03 -3.665990E-03  1.893368E-07  5.749135E-09 -4.725983E-19
         7   6  1.018298E-02 -3.665751E-03 -3.665961E-03  1.893367E-07  5.749135E-09 -2.227971E-19
         7   7  1.018298E-02 -3.665562E-03 -3.665990E-03 -1.893368E-07  5.749135E-09 -1.012709E-18
         7   8  1.018298E-02 -3.665751E-03 -3.665961E-03 -1.893367E-07  5.749135E-09 -7.088963E-19
         8   1  1.018307E-02 -3.665836E-03 -3.665944E-03  4.190718E-08 -3.662651E-09  5.131035E-19
         8   2  1.018307E-02 -3.665878E-03 -3.665925E-03  4.190718E-08 -3.662651E-09 -1.012780E-20
         8   3  1.018307E-02 -3.665836E-03 -3.665944E-03 -4.190718E-08 -3.662651E-09  2.025402E-19
         8   4  1.018307E-02 -3.665878E-03 -3.665925E-03 -4.190718E-08 -3.662651E-09 -5.333595E-19
         8   5  1.018307E-02 -3.665836E-03 -3.665944E-03  4.190718E-08  3.662651E-09 -2.025425E-19
         8   6  1.018307E-02 -3.665878E-03 -3.665925E-03  4.190718E-08  3.662651E-09 -4.185861E-19
         8   7  1.018307E-02 -3.665836E-03 -3.665944E-03 -4.190718E-08  3.662651E-09  1.215236E-19
         8   8  1.018307E-02 -3.665878E-03 -3.665925E-03 -4.190718E-08  3.662651E-09 -2.025487E-20
         9   1  1.018309E-02 -3.665896E-03 -3.665918E-03  9.082121E-09 -4.468248E-10 -4.726006E-20
         9   2  1.018309E-02 -3.665906E-03 -3.665916E-03  9.082121E-09 -4.468247E-10  1.701347E-18
         9   3  1.018309E-02 -3.665896E-03 -3.665918E-03 -9.082121E-09 -4.468248E-10 -6.818895E-19
         9   4  1.018309E-02 -3.665906E-03 -3.665916E-03 -9.082121E-09 -4.468248E-10  1.350248E-20
         9   5  1.018309E-02 -3.665896E-03 -3.665918E-03  9.082121E-09  4.468248E-10  1.350271E-19
         9   6  1.018309E-02 -3.665906E-03 -3.665916E-03  9.082121E-09  4.468248E-10  1.100474E-18
         9   7  1.018309E-02 -3.665896E-03 -3.665918E-03 -9.082121E-09  4.468248E-10 -2.970610E-19
         9   8  1.018309E-02 -3.665906E-03 -3.665916E-03 -9.082121E-09  4.468248E-10 -6.751646E-21
        10   1  1.018309E-02 -3.665910E-03 -3.665915E-03  1.996361E-09 -1.496514E-10  8.236678E-19
        10   2  1.018309E-02 -3.665912E-03 -3.665914E-03  1.996361E-09 -1.496514E-10 -1.265884E-19
        10   3  1.018309E-02 -3.665910E-03 -3.665915E-03 -1.996361E-09 -1.496514E-10  3.848283E-19
        10   4  1.018309E-02 -3.665912E-03 -3.665914E-03 -1.996361E-09 -1.496514E-10  8.169165E-19
        10   5  1.018309E-02 -3.665910E-03 -3.665915E-03  1.996361E-09  1.496514E-10  4.320880E-19
        10   6  1.018309E-02 -3.665912E-03 -3.665914E-03  1.996361E-09  1.496514E-10  7.156459E-19
        10   7  1.018309E-02 -3.665910E-03 -3.665915E-03 -1.996361E-09  1.496514E-10  3.240659E-19
        10   8  1.018309E-02 -3.665912E-03 -3.665914E-03 -1.996361E-09  1.496514E-10  5.671156E-19
        11   1  1.018309E-02 -3.665913E-03 -3.665914E-03  4.346611E-10 -2.506540E-11 -4.320881E-19
        11   2  1.018309E-02 -3.665913E-03 -3.665913E-03  4.346611E-10 -2.506540E-11  2.565523E-19
        11   3  1.018309E-02 -3.665913E-03 -3.665914E-03 -4.346611E-10 -2.506541E-11  4.455908E-19
        11   4  1.018309E-02 -3.665913E-03 -3.665913E-03 -4.346611E-10 -2.506541E-11  4.574058E-19
        11   5  1.018309E-02 -3.665913E-03 -3.665914E-03  4.346611E-10  2.506541E-11  5.671156E-19
        11   6  1.018309E-02 -3.665913E-03 -3.665913E-03  4.346611E-10  2.506541E-11  8.304193E-19
        11   7  1.018309E-02 -3.665913E-03 -3.665914E-03 -4.346611E-10  2.506540E-11  1.215247E-19
        11   8  1.018309E-02 -3.665913E-03 -3.665913E-03 -4.346611E-10  2.506542E-11  6.143753E-19
        12   1  1.018309E-02 -3.665913E-03 -3.665913E-03  9.524575E-11 -6.601819E-12  9.857010E-19
        12   2  1.018309E-02 -3.665913E-03 -3.665913E-03  9.524575E-11 -6.601835E-12 -2.599280E-19
        12   3  1.018309E-02 -3.665913E-03 -3.665913E-03 -9.524575E-11 -6.601825E-12  1.350275E-19
        12   4  1.018309E-02 -3.665913E-03 -3.665913E-03 -9.524575E-11 -6.601825E-12 -1.367154E-19
        12   5  1.018309E-02 -3.665913E-03 -3.665913E-03  9.524576E-11  6.601824E-12  2.970606E-19
        12   6  1.018309E-02 -3.665913E-03 -3.665913E-03  9.524576E-11  6.601817E-12  3.983312E-19
        12   7  1.018309E-02 -3.665913E-03 -3.665913E-03 -9.524575E-11  6.601821E-12  3.105633E-19
        12   8  1.018309E-02 -3.665913E-03 -3.665913E-03 -9.524575E-11  6.601835E-12  6.683863E-19
        13   1  1.018309E-02 -3.665913E-03 -3.665913E-03  2.078062E-11 -1.277718E-12 -1.296264E-18
        13   2  1.018309E-02 -3.665913E-03 -3.665913E-03  2.078062E-11 -1.277735E-12 -1.324958E-18
        13   3  1.018309E-02 -3.665913E-03 -3.665913E-03 -2.078062E-11 -1.277760E-12  1.080220E-19
        13   4  1.018309E-02 -3.665913E-03 -3.665913E-03 -2.078062E-11 -1.277725E-12 -6.700741E-19
        13   5  1.018309E-02 -3.665913E-03 -3.665913E-03  2.078062E-11  1.277745E-12 -4.050826E-19
        13   6  1.018309E-02 -3.665913E-03 -3.665913E-03  2.078062E-11  1.277738E-12 -6.751377E-19
        13   7  1.018309E-02 -3.665913E-03 -3.665913E-03 -2.078062E-11  1.277703E-12  1.323270E-18
        13   8  1.018309E-02 -3.665913E-03 -3.665913E-03 -2.078062E-11  1.277744E-12  8.169166E-19
        14   1  1.018309E-02 -3.665913E-03 -3.665913E-03  4.545003E-12 -3.034098E-13 -1.330021E-18
        14   2  1.018309E-02 -3.665913E-03 -3.665913E-03  4.545006E-12 -3.033822E-13 -1.797554E-18
        14   3  1.018309E-02 -3.665913E-03 -3.665913E-03 -4.545008E-12 -3.034019E-13 -4.658450E-19
        14   4  1.018309E-02 -3.665913E-03 -3.665913E-03 -4.545005E-12 -3.033861E-13 -3.898920E-19
        14   5  1.018309E-02 -3.665913E-03 -3.665913E-03  4.545004E-12  3.034075E-13 -1.134231E-18
        14   6  1.018309E-02 -3.665913E-03 -3.665913E-03  4.545005E-12  3.034123E-13 -1.194994E-18
        14   7  1.018309E-02 -3.665913E-03 -3.665913E-03 -4.545005E-12  3.034007E-13  9.316900E-19
        14   8  1.018309E-02 -3.665913E-03 -3.665913E-03 -4.545005E-12  3.034164E-13  4.253367E-19
        15   1  1.018309E-02 -3.665913E-03 -3.665913E-03  9.827133E-13 -6.210014E-14 -1.552817E-18
        15   2  1.018309E-02 -3.665913E-03 -3.665913E-03  9.827098E-13 -6.209927E-14 -1.333397E-18
        15   3  1.018309E-02 -3.665913E-03 -3.665913E-03 -9.827081E-13 -6.210309E-14 -1.620330E-19
        15   4  1.018309E-02 -3.665913E-03 -3.665913E-03 -9.827119E-13 -6.208557E-14  9.789496E-20
        15   5  1.018309E-02 -3.665913E-03 -3.665913E-03  9.827113E-13  6.211560E-14 -6.616349E-19
        15   6  1.018309E-02 -3.665913E-03 -3.665913E-03  9.827092E-13  6.210771E-14  1.552817E-19
        15   7  1.018309E-02 -3.665913E-03 -3.665913E-03 -9.827104E-13  6.209942E-14  6.346294E-19
        15   8  1.018309E-02 -3.665913E-03 -3.665913E-03 -9.827135E-13  6.209597E-14  5.603643E-19
        16   1  1.018309E-02 -3.665913E-03 -3.665913E-03  1.697199E-13 -1.120400E-14 -1.397535E-18
        16   2  1.018309E-02 -3.665913E-03 -3.665913E-03  1.697175E-13 -1.121539E-14 -1.596701E-18
        16   3  1.018309E-02 -3.665913E-03 -3.665913E-03 -1.697159E-13 -1.120582E-14  3.308175E-19
        16   4  1.018309E-02 -3.665913E-03 -3.665913E-03 -1.697189E-13 -1.120582E-14  3.257539E-19
        16   5  1.018309E-02 -3.665913E-03 -3.665913E-03  1.697173E-13  1.122079E-14  2.565523E-19
        16   6  1.018309E-02 -3.665913E-03 -3.665913E-03  1.697173E-13  1.121291E-14 -8.236680E-19
        16   7  1.018309E-02 -3.665913E-03 -3.665913E-03 -1.697177E-13  1.121083E-14  1.377281E-18
        16   8  1.018309E-02 -3.665913E-03 -3.665913E-03 -1.697164E-13  1.119851E-14  8.101652E-19
