
                        S T E P       1


                                INCREMENT     1


 forces (fx,fy,fz) for set RIGHT and time  0.5000000E-01

        33  1.917186E+00 -2.899282E-11 -1.449622E-10
        34  1.917186E+00  2.899262E-11 -1.449631E-10
        35  1.917186E+00  2.899251E-11  1.449637E-10
        36  1.917186E+00 -2.899241E-11  1.449634E-10

 displacements (vx,vy,vz) for set RIGHT and time  0.5000000E-01

        33  1.000000E-02  4.599323E-04  9.198616E-05
        34  1.000000E-02 -4.599323E-04  9.198616E-05
        35  1.000000E-02 -4.599323E-04 -9.198616E-05
        36  1.000000E-02  4.599323E-04 -9.198616E-05

 stresses (elem, integ.pnt.,sxx,syy,szz,sxy,sxz,syz) for set ALL and time  0.5000000E-01

         1   1  1.863178E+00  8.580638E-01  8.380214E-01  1.145335E-01  2.838339E-02  5.877527E-06
         1   2  1.204861E+00 -2.849982E-02 -1.031678E-01  1.144682E-01  2.836579E-02  5.875776E-06
         1   3  1.863178E+00  8.580638E-01  8.380214E-01 -1.145335E-01  2.838339E-02 -5.877527E-06
         1   4  1.204861E+00 -2.849982E-02 -1.031678E-01 -1.144682E-01  2.836579E-02 -5.875776E-06
         1   5  1.863178E+00  8.580638E-01  8.380214E-01  1.145335E-01 -2.838339E-02 -5.877527E-06
         1   6  1.204861E+00 -2.849982E-02 -1.031678E-01  1.144682E-01 -2.836579E-02 -5.875776E-06
         1   7  1.863178E+00  8.580638E-01  8.380214E-01 -1.145335E-01 -2.838339E-02  5.877527E-06
         1   8  1.204861E+00 -2.849982E-02 -1.031678E-01 -1.144682E-01 -2.836579E-02  5.875776E-06
         2   1  1.501891E+00 -4.319541E-02 -1.138105E-01  3.807467E-03 -5.814147E-03 -4.003949E-08
         2   2  1.566779E+00  1.403733E-02  9.038776E-03  3.807577E-03 -5.814662E-03 -4.004067E-08
         2   3  1.501891E+00 -4.319541E-02 -1.138105E-01 -3.807467E-03 -5.814147E-03  4.003949E-08
         2   4  1.566779E+00  1.403733E-02  9.038776E-03 -3.807577E-03 -5.814662E-03  4.004067E-08
         2   5  1.501891E+00 -4.319541E-02 -1.138105E-01  3.807467E-03  5.814147E-03  4.003949E-08
         2   6  1.566779E+00  1.403733E-02  9.038776E-03  3.807577E-03  5.814662E-03  4.004067E-08
         2   7  1.501891E+00 -4.319541E-02 -1.138105E-01 -3.807467E-03  5.814147E-03 -4.003949E-08
         2   8  1.566779E+00  1.403733E-02  9.038776E-03 -3.807577E-03  5.814662E-03 -4.004067E-08
         3   1  1.539634E+00  5.563792E-03  1.983026E-02 -1.181336E-03  1.065508E-03 -2.276556E-09
         3   2  1.528986E+00 -2.717773E-03 -1.442050E-03 -1.181332E-03  1.065491E-03 -2.276545E-09
         3   3  1.539634E+00  5.563792E-03  1.983026E-02  1.181336E-03  1.065508E-03  2.276556E-09
         3   4  1.528986E+00 -2.717773E-03 -1.442050E-03  1.181332E-03  1.065491E-03  2.276545E-09
         3   5  1.539634E+00  5.563792E-03  1.983026E-02 -1.181336E-03 -1.065508E-03  2.276556E-09
         3   6  1.528986E+00 -2.717773E-03 -1.442050E-03 -1.181332E-03 -1.065491E-03  2.276545E-09
         3   7  1.539634E+00  5.563792E-03  1.983026E-02  1.181336E-03 -1.065508E-03 -2.276556E-09
         3   8  1.528986E+00 -2.717773E-03 -1.442050E-03  1.181332E-03 -1.065491E-03 -2.276545E-09
         4   1  1.533362E+00 -9.612892E-04 -3.572029E-03  2.236021E-04 -1.930239E-04 -7.806175E-11
         4   2  1.535266E+00  4.952309E-04  2.569812E-04  2.236023E-04 -1.930244E-04 -7.806189E-11
         4   3  1.533362E+00 -9.612892E-04 -3.572029E-03 -2.236021E-04 -1.930239E-04  7.806179E-11
         4   4  1.535266E+00  4.952309E-04  2.569812E-04 -2.236023E-04 -1.930244E-04  7.806187E-11
         4   5  1.533362E+00 -9.612892E-04 -3.572029E-03  2.236021E-04  1.930239E-04  7.806176E-11
         4   6  1.535266E+00  4.952309E-04  2.569812E-04  2.236023E-04  1.930244E-04  7.806182E-11
         4   7  1.533362E+00 -9.612892E-04 -3.572029E-03 -2.236021E-04  1.930239E-04 -7.806164E-11
         4   8  1.535266E+00  4.952309E-04  2.569812E-04 -2.236023E-04  1.930244E-04 -7.806175E-11
         5   1  1.534485E+00  1.729911E-04  6.458768E-04 -4.064849E-05  3.492388E-05 -2.567560E-12
         5   2  1.534141E+00 -8.966040E-05 -4.641419E-05 -4.064848E-05  3.492386E-05 -2.567478E-12
         5   3  1.534485E+00  1.729911E-04  6.458768E-04  4.064849E-05  3.492388E-05  2.567645E-12
         5   4  1.534141E+00 -8.966040E-05 -4.641419E-05  4.064848E-05  3.492386E-05  2.567566E-12
         5   5  1.534485E+00  1.729911E-04  6.458768E-04 -4.064849E-05 -3.492388E-05  2.567526E-12
         5   6  1.534141E+00 -8.966040E-05 -4.641419E-05 -4.064848E-05 -3.492386E-05  2.567567E-12
         5   7  1.534485E+00  1.729911E-04  6.458768E-04  4.064849E-05 -3.492388E-05 -2.567455E-12
         5   8  1.534141E+00 -8.966040E-05 -4.641419E-05  4.064848E-05 -3.492386E-05 -2.567443E-12
         6   1  1.534282E+00 -3.127892E-05 -1.168347E-04  7.358702E-06 -6.319038E-06 -8.410882E-14
         6   2  1.534345E+00  1.622697E-05  8.416723E-06  7.358702E-06 -6.319038E-06 -8.395805E-14
         6   3  1.534282E+00 -3.127892E-05 -1.168347E-04 -7.358702E-06 -6.319038E-06  8.410696E-14
         6   4  1.534345E+00  1.622697E-05  8.416723E-06 -7.358702E-06 -6.319038E-06  8.403892E-14
         6   5  1.534282E+00 -3.127892E-05 -1.168347E-04  7.358702E-06  6.319038E-06  8.408081E-14
         6   6  1.534345E+00  1.622697E-05  8.416723E-06  7.358702E-06  6.319038E-06  8.419331E-14
         6   7  1.534282E+00 -3.127892E-05 -1.168347E-04 -7.358702E-06  6.319038E-06 -8.404907E-14
         6   8  1.534345E+00  1.622697E-05  8.416723E-06 -7.358702E-06  6.319038E-06 -8.422552E-14
         7   1  1.534319E+00  5.674861E-06  2.114408E-05 -1.338894E-06  1.149663E-06 -2.717706E-15
         7   2  1.534308E+00 -2.967835E-06 -1.643527E-06 -1.338894E-06  1.149663E-06 -2.803712E-15
         7   3  1.534319E+00  5.674861E-06  2.114408E-05  1.338894E-06  1.149663E-06  2.713972E-15
         7   4  1.534308E+00 -2.967835E-06 -1.643527E-06  1.338894E-06  1.149663E-06  2.717356E-15
         7   5  1.534319E+00  5.674861E-06  2.114408E-05 -1.338894E-06 -1.149663E-06  2.787725E-15
         7   6  1.534308E+00 -2.967835E-06 -1.643527E-06 -1.338894E-06 -1.149663E-06  2.716773E-15
         7   7  1.534319E+00  5.674861E-06  2.114408E-05  1.338894E-06 -1.149663E-06 -2.869879E-15
         7   8  1.534308E+00 -2.967835E-06 -1.643527E-06  1.338894E-06 -1.149663E-06 -2.882016E-15
         8   1  1.534312E+00 -1.119408E-06 -3.872981E-06  2.843404E-07 -2.441520E-07 -1.596351E-16
         8   2  1.534315E+00  7.160174E-07  9.663779E-07  2.843404E-07 -2.441520E-07 -9.871912E-17
         8   3  1.534312E+00 -1.119408E-06 -3.872981E-06 -2.843404E-07 -2.441520E-07  1.194912E-16
         8   4  1.534315E+00  7.160174E-07  9.663779E-07 -2.843404E-07 -2.441520E-07  3.679399E-16
         8   5  1.534312E+00 -1.119408E-06 -3.872981E-06  2.843404E-07  2.441520E-07  2.099869E-17
         8   6  1.534315E+00  7.160174E-07  9.663779E-07  2.843404E-07  2.441520E-07  1.857753E-16
         8   7  1.534312E+00 -1.119408E-06 -3.872981E-06 -2.843404E-07  2.441520E-07 -1.404968E-16
         8   8  1.534315E+00  7.160174E-07  9.663779E-07 -2.843404E-07  2.441520E-07 -7.928592E-18

 strains (elem, integ.pnt.,exx,eyy,ezz,exy,exz,eyz) for set ALL and time  0.5000000E-01

         1   1  4.171355E-04 -3.794431E-05 -4.701692E-05  5.183191E-05  1.284496E-05  8.787984E-21
         1   2  4.171355E-04 -1.416028E-04 -1.754583E-04  5.182654E-05  1.284331E-05 -9.311138E-21
         1   3  4.171355E-04 -3.794431E-05 -4.701692E-05 -5.183191E-05  1.284496E-05  2.011978E-21
         1   4  4.171355E-04 -1.416028E-04 -1.754583E-04 -5.182654E-05  1.284331E-05  1.779008E-20
         1   5  4.171355E-04 -3.794431E-05 -4.701692E-05  5.183191E-05 -1.284496E-05  7.835101E-21
         1   6  4.171355E-04 -1.416028E-04 -1.754583E-04  5.182654E-05 -1.284331E-05 -5.923601E-21
         1   7  4.171355E-04 -3.794431E-05 -4.701692E-05 -5.183191E-05 -1.284496E-05  2.753097E-21
         1   8  4.171355E-04 -1.416028E-04 -1.754583E-04 -5.182654E-05 -1.284331E-05  2.033073E-20
         2   1  5.190246E-04 -1.808033E-04 -2.128344E-04  1.723339E-06 -2.631688E-06 -2.222380E-20
         2   2  5.190246E-04 -1.842499E-04 -1.865171E-04  1.723333E-06 -2.631758E-06 -2.191227E-20
         2   3  5.190246E-04 -1.808033E-04 -2.128344E-04 -1.723339E-06 -2.631688E-06  4.876350E-21
         2   4  5.190246E-04 -1.842499E-04 -1.865171E-04 -1.723333E-06 -2.631758E-06 -3.280980E-21
         2   5  5.190246E-04 -1.808033E-04 -2.128344E-04  1.723339E-06  2.631688E-06  1.101603E-20
         2   6  5.190246E-04 -1.842499E-04 -1.865171E-04  1.723333E-06  2.631758E-06 -1.693128E-21
         2   7  5.190246E-04 -1.808033E-04 -2.128344E-04 -1.723339E-06  2.631688E-06  1.186288E-20
         2   8  5.190246E-04 -1.842499E-04 -1.865171E-04 -1.723333E-06  2.631758E-06 -3.175726E-20
         3   1  5.097145E-04 -1.851201E-04 -1.786494E-04 -5.346973E-07  4.822678E-07 -2.117388E-20
         3   2  5.097145E-04 -1.840507E-04 -1.834721E-04 -5.346979E-07  4.822655E-07 -5.134341E-21
         3   3  5.097145E-04 -1.851201E-04 -1.786494E-04  5.346973E-07  4.822678E-07 -6.267082E-20
         3   4  5.097145E-04 -1.840507E-04 -1.834721E-04  5.346979E-07  4.822655E-07 -7.780832E-21
         3   5  5.097145E-04 -1.851201E-04 -1.786494E-04 -5.346973E-07 -4.822678E-07  7.620049E-21
         3   6  5.097145E-04 -1.840507E-04 -1.834721E-04 -5.346979E-07 -4.822655E-07  8.256915E-21
         3   7  5.097145E-04 -1.851201E-04 -1.786494E-04  5.346973E-07 -4.822678E-07 -4.149878E-20
         3   8  5.097145E-04 -1.840507E-04 -1.834721E-04  5.346979E-07 -4.822655E-07  2.858196E-20
         4   1  5.112154E-04 -1.837334E-04 -1.849175E-04  1.012069E-07 -8.736667E-08 -6.139572E-21
         4   2  5.112154E-04 -1.839358E-04 -1.840438E-04  1.012069E-07 -8.736674E-08 -4.271434E-20
         4   3  5.112154E-04 -1.837334E-04 -1.849175E-04 -1.012069E-07 -8.736667E-08  2.773552E-20
         4   4  5.112154E-04 -1.839358E-04 -1.840438E-04 -1.012069E-07 -8.736674E-08  3.059346E-20
         4   5  5.112154E-04 -1.837334E-04 -1.849175E-04  1.012069E-07  8.736667E-08  1.016280E-20
         4   6  5.112154E-04 -1.839358E-04 -1.840438E-04  1.012069E-07  8.736674E-08  8.468799E-21
         4   7  5.112154E-04 -1.837334E-04 -1.849175E-04 -1.012069E-07  8.736667E-08  4.319101E-20
         4   8  5.112154E-04 -1.839358E-04 -1.840438E-04 -1.012069E-07  8.736674E-08  2.498290E-20
         5   1  5.109476E-04 -1.839964E-04 -1.837819E-04 -1.839834E-08  1.580726E-08 -7.833667E-21
         5   2  5.109476E-04 -1.839596E-04 -1.839400E-04 -1.839835E-08  1.580726E-08  2.905847E-20
         5   3  5.109476E-04 -1.839964E-04 -1.837819E-04  1.839834E-08  1.580726E-08  4.636647E-20
         5   4  5.109476E-04 -1.839596E-04 -1.839400E-04  1.839835E-08  1.580726E-08  1.074475E-20
         5   5  5.109476E-04 -1.839964E-04 -1.837819E-04 -1.839834E-08 -1.580726E-08 -7.621949E-21
         5   6  5.109476E-04 -1.839596E-04 -1.839400E-04 -1.839835E-08 -1.580726E-08  1.143284E-20
         5   7  5.109476E-04 -1.839964E-04 -1.837819E-04  1.839834E-08 -1.580726E-08  3.980317E-20
         5   8  5.109476E-04 -1.839596E-04 -1.839400E-04  1.839835E-08 -1.580726E-08  4.488448E-20
         6   1  5.109960E-04 -1.839486E-04 -1.839874E-04  3.330700E-09 -2.860127E-09 -3.387495E-21
         6   2  5.109960E-04 -1.839552E-04 -1.839588E-04  3.330700E-09 -2.860127E-09  6.499782E-20
         6   3  5.109960E-04 -1.839486E-04 -1.839874E-04 -3.330700E-09 -2.860127E-09  2.540645E-21
         6   4  5.109960E-04 -1.839552E-04 -1.839588E-04 -3.330700E-09 -2.860127E-09 -2.831745E-20
         6   5  5.109960E-04 -1.839486E-04 -1.839874E-04  3.330700E-09  2.860127E-09 -9.315635E-21
         6   6  5.109960E-04 -1.839552E-04 -1.839588E-04  3.330700E-09  2.860127E-09  4.170870E-20
         6   7  5.109960E-04 -1.839486E-04 -1.839874E-04 -3.330700E-09  2.860127E-09  2.371257E-20
         6   8  5.109960E-04 -1.839552E-04 -1.839588E-04 -3.330700E-09  2.860127E-09 -5.631733E-20
         7   1  5.109872E-04 -1.839572E-04 -1.839502E-04 -6.060110E-10  5.203613E-10  3.006413E-20
         7   2  5.109872E-04 -1.839560E-04 -1.839554E-04 -6.060110E-10  5.203613E-10 -8.945140E-21
         7   3  5.109872E-04 -1.839572E-04 -1.839502E-04  6.060110E-10  5.203613E-10 -3.175790E-20
         7   4  5.109872E-04 -1.839560E-04 -1.839554E-04  6.060110E-10  5.203613E-10 -3.022293E-20
         7   5  5.109872E-04 -1.839572E-04 -1.839502E-04 -6.060110E-10 -5.203613E-10  1.693748E-21
         7   6  5.109872E-04 -1.839560E-04 -1.839554E-04 -6.060110E-10 -5.203613E-10 -3.048758E-20
         7   7  5.109872E-04 -1.839572E-04 -1.839502E-04  6.060110E-10 -5.203613E-10 -3.895635E-20
         7   8  5.109872E-04 -1.839560E-04 -1.839554E-04  6.060110E-10 -5.203613E-10 -4.446105E-20
         8   1  5.109888E-04 -1.839557E-04 -1.839569E-04  1.286983E-10 -1.105082E-10 -1.545551E-20
         8   2  5.109888E-04 -1.839559E-04 -1.839558E-04  1.286983E-10 -1.105082E-10  1.217386E-20
         8   3  5.109888E-04 -1.839557E-04 -1.839569E-04 -1.286983E-10 -1.105082E-10 -2.752349E-21
         8   4  5.109888E-04 -1.839559E-04 -1.839558E-04 -1.286983E-10 -1.105082E-10  1.099352E-19
         8   5  5.109888E-04 -1.839557E-04 -1.839569E-04  1.286983E-10  1.105082E-10 -4.742512E-20
         8   6  5.109888E-04 -1.839559E-04 -1.839558E-04  1.286983E-10  1.105082E-10  2.731179E-20
         8   7  5.109888E-04 -1.839557E-04 -1.839569E-04 -1.286983E-10  1.105082E-10 -6.775015E-21
         8   8  5.109888E-04 -1.839559E-04 -1.839558E-04 -1.286983E-10  1.105082E-10  5.335326E-20

                                INCREMENT     2


 forces (fx,fy,fz) for set RIGHT and time  0.1000000E+00

        33  3.837270E+00 -8.906544E-17  4.093812E-15
        34  3.837270E+00  5.484707E-16  1.098394E-15
        35  3.837270E+00 -4.852202E-18  4.483265E-15
        36  3.837270E+00 -4.608973E-16  4.396457E-17

 displacements (vx,vy,vz) for set RIGHT and time  0.1000000E+00

        33  2.000000E-02  9.201748E-04  1.840343E-04
        34  2.000000E-02 -9.201748E-04  1.840343E-04
        35  2.000000E-02 -9.201748E-04 -1.840343E-04
        36  2.000000E-02  9.201748E-04 -1.840343E-04

 stresses (elem, integ.pnt.,sxx,syy,szz,sxy,sxz,syz) for set ALL and time  0.1000000E+00

         1   1  3.729430E+00  1.716050E+00  1.675847E+00  2.295045E-01  5.688834E-02  2.353604E-05
         1   2  2.412367E+00 -5.674051E-02 -2.062508E-01  2.292430E-01  5.681788E-02  2.352202E-05
         1   3  3.729430E+00  1.716050E+00  1.675847E+00 -2.295045E-01  5.688834E-02 -2.353604E-05
         1   4  2.412367E+00 -5.674051E-02 -2.062508E-01 -2.292430E-01  5.681788E-02 -2.352202E-05
         1   5  3.729430E+00  1.716050E+00  1.675847E+00  2.295045E-01 -5.688834E-02 -2.353604E-05
         1   6  2.412367E+00 -5.674051E-02 -2.062508E-01  2.292430E-01 -5.681788E-02 -2.352202E-05
         1   7  3.729430E+00  1.716050E+00  1.675847E+00 -2.295045E-01 -5.688834E-02  2.353604E-05
         1   8  2.412367E+00 -5.674051E-02 -2.062508E-01 -2.292430E-01 -5.681788E-02  2.352202E-05
         2   1  3.007227E+00 -8.631388E-02 -2.276516E-01  7.655471E-03 -1.165587E-02 -1.609801E-07
         2   2  3.137100E+00  2.809064E-02  1.806217E-02  7.655913E-03 -1.165793E-02 -1.609896E-07
         2   3  3.007227E+00 -8.631388E-02 -2.276516E-01 -7.655471E-03 -1.165587E-02  1.609801E-07
         2   4  3.137100E+00  2.809064E-02  1.806217E-02 -7.655913E-03 -1.165793E-02  1.609896E-07
         2   5  3.007227E+00 -8.631388E-02 -2.276516E-01  7.655471E-03  1.165587E-02  1.609801E-07
         2   6  3.137100E+00  2.809064E-02  1.806217E-02  7.655913E-03  1.165793E-02  1.609896E-07
         2   7  3.007227E+00 -8.631388E-02 -2.276516E-01 -7.655471E-03  1.165587E-02 -1.609801E-07
         2   8  3.137100E+00  2.809064E-02  1.806217E-02 -7.655913E-03  1.165793E-02 -1.609896E-07
         3   1  3.082727E+00  1.114351E-02  3.967807E-02 -2.365180E-03  2.135977E-03 -9.113392E-09
         3   2  3.061400E+00 -5.436959E-03 -2.884405E-03 -2.365162E-03  2.135911E-03 -9.113304E-09
         3   3  3.082727E+00  1.114351E-02  3.967807E-02  2.365180E-03  2.135977E-03  9.113392E-09
         3   4  3.061400E+00 -5.436959E-03 -2.884405E-03  2.365162E-03  2.135911E-03  9.113304E-09
         3   5  3.082727E+00  1.114351E-02  3.967807E-02 -2.365180E-03 -2.135977E-03  9.113392E-09
         3   6  3.061400E+00 -5.436959E-03 -2.884405E-03 -2.365162E-03 -2.135911E-03  9.113305E-09
         3   7  3.082727E+00  1.114351E-02  3.967807E-02  2.365180E-03 -2.135977E-03 -9.113392E-09
         3   8  3.061400E+00 -5.436959E-03 -2.884405E-03  2.365162E-03 -2.135911E-03 -9.113304E-09
         4   1  3.070172E+00 -1.926598E-03 -7.147275E-03  4.474104E-04 -3.869181E-04 -3.122844E-10
         4   2  3.073987E+00  9.905944E-04  5.140921E-04  4.474110E-04 -3.869203E-04 -3.122851E-10
         4   3  3.070172E+00 -1.926598E-03 -7.147275E-03 -4.474104E-04 -3.869181E-04  3.122847E-10
         4   4  3.073987E+00  9.905944E-04  5.140921E-04 -4.474110E-04 -3.869203E-04  3.122851E-10
         4   5  3.070172E+00 -1.926598E-03 -7.147275E-03  4.474104E-04  3.869181E-04  3.122847E-10
         4   6  3.073987E+00  9.905944E-04  5.140921E-04  4.474110E-04  3.869203E-04  3.122851E-10
         4   7  3.070172E+00 -1.926598E-03 -7.147275E-03 -4.474104E-04  3.869181E-04 -3.122845E-10
         4   8  3.073987E+00  9.905944E-04  5.140921E-04 -4.474110E-04  3.869203E-04 -3.122851E-10
         5   1  3.072421E+00  3.467307E-04  1.292286E-03 -8.132228E-05  7.000161E-05 -1.026938E-11
         5   2  3.071732E+00 -1.793332E-04 -9.285106E-05 -8.132226E-05  7.000154E-05 -1.026922E-11
         5   3  3.072421E+00  3.467307E-04  1.292286E-03  8.132228E-05  7.000161E-05  1.026951E-11
         5   4  3.071732E+00 -1.793332E-04 -9.285106E-05  8.132226E-05  7.000154E-05  1.026928E-11
         5   5  3.072421E+00  3.467307E-04  1.292286E-03 -8.132228E-05 -7.000161E-05  1.026934E-11
         5   6  3.071732E+00 -1.793332E-04 -9.285106E-05 -8.132226E-05 -7.000154E-05  1.026945E-11
         5   7  3.072421E+00  3.467307E-04  1.292286E-03  8.132228E-05 -7.000161E-05 -1.026910E-11
         5   8  3.071732E+00 -1.793332E-04 -9.285106E-05  8.132226E-05 -7.000154E-05 -1.026915E-11
         6   1  3.072015E+00 -6.269117E-05 -2.337543E-04  1.472103E-05 -1.266526E-05 -3.362539E-13
         6   2  3.072140E+00  3.245436E-05  1.683667E-05  1.472104E-05 -1.266526E-05 -3.362231E-13
         6   3  3.072015E+00 -6.269117E-05 -2.337543E-04 -1.472103E-05 -1.266526E-05  3.364796E-13
         6   4  3.072140E+00  3.245436E-05  1.683667E-05 -1.472104E-05 -1.266526E-05  3.363409E-13
         6   5  3.072015E+00 -6.269117E-05 -2.337543E-04  1.472103E-05  1.266526E-05  3.364433E-13
         6   6  3.072140E+00  3.245436E-05  1.683667E-05  1.472104E-05  1.266526E-05  3.362278E-13
         6   7  3.072015E+00 -6.269117E-05 -2.337543E-04 -1.472103E-05  1.266526E-05 -3.361708E-13
         6   8  3.072140E+00  3.245436E-05  1.683667E-05 -1.472104E-05  1.266526E-05 -3.361727E-13
         7   1  3.072089E+00  1.137318E-05  4.230126E-05 -2.678305E-06  2.304154E-06 -1.111579E-14
         7   2  3.072066E+00 -5.935682E-06 -3.287634E-06 -2.678305E-06  2.304154E-06 -1.118203E-14
         7   3  3.072089E+00  1.137318E-05  4.230126E-05  2.678305E-06  2.304154E-06  1.117550E-14
         7   4  3.072066E+00 -5.935682E-06 -3.287634E-06  2.678305E-06  2.304154E-06  1.096699E-14
         7   5  3.072089E+00  1.137318E-05  4.230126E-05 -2.678305E-06 -2.304154E-06  1.090495E-14
         7   6  3.072066E+00 -5.935682E-06 -3.287634E-06 -2.678305E-06 -2.304154E-06  1.102716E-14
         7   7  3.072089E+00  1.137318E-05  4.230126E-05  2.678305E-06 -2.304154E-06 -1.109153E-14
         7   8  3.072066E+00 -5.935682E-06 -3.287634E-06  2.678305E-06 -2.304154E-06 -1.140033E-14
         8   1  3.072075E+00 -2.243040E-06 -7.748057E-06  5.687576E-07 -4.893008E-07 -5.169545E-16
         8   2  3.072080E+00  1.432584E-06  1.933007E-06  5.687576E-07 -4.893008E-07 -7.249980E-16
         8   3  3.072075E+00 -2.243040E-06 -7.748057E-06 -5.687576E-07 -4.893008E-07  3.341001E-16
         8   4  3.072080E+00  1.432584E-06  1.933007E-06 -5.687576E-07 -4.893008E-07  7.863382E-16
         8   5  3.072075E+00 -2.243040E-06 -7.748057E-06  5.687576E-07  4.893008E-07  2.594657E-16
         8   6  3.072080E+00  1.432584E-06  1.933007E-06  5.687576E-07  4.893008E-07  4.357896E-16
         8   7  3.072075E+00 -2.243040E-06 -7.748057E-06 -5.687576E-07  4.893008E-07 -5.654669E-16
         8   8  3.072080E+00  1.432584E-06  1.933007E-06 -5.687576E-07  4.893008E-07 -1.027334E-16

 strains (elem, integ.pnt.,exx,eyy,ezz,exy,exz,eyz) for set ALL and time  0.1000000E+00

         1   1  8.345410E-04 -7.590335E-05 -9.407512E-05  1.036820E-04  2.570059E-05  1.397633E-20
         1   2  8.345410E-04 -2.832458E-04 -3.510480E-04  1.036605E-04  2.569399E-05  3.304383E-20
         1   3  8.345410E-04 -7.590335E-05 -9.407512E-05 -1.036820E-04  2.570059E-05 -6.350918E-21
         1   4  8.345410E-04 -2.832458E-04 -3.510480E-04 -1.036605E-04  2.569399E-05  4.659252E-20
         1   5  8.345410E-04 -7.590335E-05 -9.407512E-05  1.036820E-04 -2.570059E-05  1.101205E-20
         1   6  8.345410E-04 -2.832458E-04 -3.510480E-04  1.036605E-04 -2.569399E-05  1.018197E-20
         1   7  8.345410E-04 -7.590335E-05 -9.407512E-05 -1.036820E-04 -2.570059E-05 -1.270307E-20
         1   8  8.345410E-04 -2.832458E-04 -3.510480E-04 -1.036605E-04 -2.569399E-05  2.542413E-20
         2   1  1.038297E-03 -3.616602E-04 -4.258090E-04  3.459580E-06 -5.267734E-06  5.463819E-20
         2   2  1.038297E-03 -3.685794E-04 -3.731303E-04  3.459556E-06 -5.268012E-06  3.177270E-21
         2   3  1.038297E-03 -3.616602E-04 -4.258090E-04 -3.459580E-06 -5.267734E-06  5.125150E-20
         2   4  1.038297E-03 -3.685794E-04 -3.731303E-04 -3.459556E-06 -5.268012E-06  7.260837E-20
         2   5  1.038297E-03 -3.616602E-04 -4.258090E-04  3.459580E-06  5.267734E-06  1.526706E-20
         2   6  1.038297E-03 -3.685794E-04 -3.731303E-04  3.459556E-06  5.268012E-06  7.155004E-20
         2   7  1.038297E-03 -3.616602E-04 -4.258090E-04 -3.459580E-06  5.267734E-06  2.712134E-20
         2   8  1.038297E-03 -3.685794E-04 -3.731303E-04 -3.459556E-06  5.268012E-06  1.481977E-20
         3   1  1.019678E-03 -3.703295E-04 -3.573809E-04 -1.068847E-06  9.652559E-07 -4.530428E-20
         3   2  1.019678E-03 -3.681918E-04 -3.670334E-04 -1.068849E-06  9.652466E-07  6.075216E-20
         3   3  1.019678E-03 -3.703295E-04 -3.573809E-04  1.068847E-06  9.652559E-07  9.309117E-21
         3   4  1.019678E-03 -3.681918E-04 -3.670334E-04  1.068849E-06  9.652466E-07  1.915699E-20
         3   5  1.019678E-03 -3.703295E-04 -3.573809E-04 -1.068847E-06 -9.652559E-07 -4.064744E-20
         3   6  1.019678E-03 -3.681918E-04 -3.670334E-04 -1.068849E-06 -9.652466E-07  8.424867E-20
         3   7  1.019678E-03 -3.703295E-04 -3.573809E-04  1.068847E-06 -9.652559E-07  3.382005E-21
         3   8  1.019678E-03 -3.681918E-04 -3.670334E-04  1.068849E-06 -9.652466E-07 -7.197200E-21
         4   1  1.022682E-03 -3.675574E-04 -3.699265E-04  2.021888E-07 -1.748522E-07  8.467218E-20
         4   2  1.022682E-03 -3.679617E-04 -3.681780E-04  2.021887E-07 -1.748525E-07 -9.737255E-21
         4   3  1.022682E-03 -3.675574E-04 -3.699265E-04 -2.021888E-07 -1.748522E-07  4.402955E-20
         4   4  1.022682E-03 -3.679617E-04 -3.681780E-04 -2.021887E-07 -1.748525E-07 -1.555846E-20
         4   5  1.022682E-03 -3.675574E-04 -3.699265E-04  2.021888E-07  1.748522E-07  3.894920E-20
         4   6  1.022682E-03 -3.679617E-04 -3.681780E-04  2.021887E-07  1.748525E-07 -2.286144E-20
         4   7  1.022682E-03 -3.675574E-04 -3.699265E-04 -2.021888E-07  1.748522E-07  5.080330E-20
         4   8  1.022682E-03 -3.679617E-04 -3.681780E-04 -2.021887E-07  1.748525E-07 -1.016062E-20
         5   1  1.022146E-03 -3.680828E-04 -3.676537E-04 -3.675027E-08  3.163435E-08 -2.624851E-20
         5   2  1.022146E-03 -3.680093E-04 -3.679701E-04 -3.675028E-08  3.163434E-08  4.540540E-20
         5   3  1.022146E-03 -3.680828E-04 -3.676537E-04  3.675027E-08  3.163435E-08  8.213180E-20
         5   4  1.022146E-03 -3.680093E-04 -3.679701E-04  3.675028E-08  3.163434E-08 -1.958045E-20
         5   5  1.022146E-03 -3.680828E-04 -3.676537E-04 -3.675027E-08 -3.163435E-08  8.467069E-21
         5   6  1.022146E-03 -3.680093E-04 -3.679701E-04 -3.675028E-08 -3.163434E-08  5.927046E-20
         5   7  1.022146E-03 -3.680828E-04 -3.676537E-04  3.675027E-08 -3.163435E-08  1.032998E-19
         5   8  1.022146E-03 -3.680093E-04 -3.679701E-04  3.675028E-08 -3.163434E-08  7.705160E-20
         6   1  1.022242E-03 -3.679873E-04 -3.680649E-04  6.652569E-09 -5.723546E-09  3.852590E-20
         6   2  1.022242E-03 -3.680006E-04 -3.680077E-04  6.652569E-09 -5.723546E-09  5.249673E-20
         6   3  1.022242E-03 -3.679873E-04 -3.680649E-04 -6.652569E-09 -5.723546E-09  6.392753E-20
         6   4  1.022242E-03 -3.680006E-04 -3.680077E-04 -6.652569E-09 -5.723546E-09  9.525749E-22
         6   5  1.022242E-03 -3.679873E-04 -3.680649E-04  6.652569E-09  5.723546E-09  4.741647E-20
         6   6  1.022242E-03 -3.680006E-04 -3.680077E-04  6.652569E-09  5.723546E-09 -5.037990E-20
         6   7  1.022242E-03 -3.679873E-04 -3.680649E-04 -6.652569E-09  5.723546E-09  7.620499E-20
         6   8  1.022242E-03 -3.680006E-04 -3.680077E-04 -6.652569E-09  5.723546E-09  7.535820E-20
         7   1  1.022225E-03 -3.680046E-04 -3.679906E-04 -1.210350E-09  1.041268E-09  7.620455E-21
         7   2  1.022225E-03 -3.680022E-04 -3.680010E-04 -1.210350E-09  1.041268E-09 -2.243812E-20
         7   3  1.022225E-03 -3.680046E-04 -3.679906E-04  1.210350E-09  1.041268E-09  1.947455E-20
         7   4  1.022225E-03 -3.680022E-04 -3.680010E-04  1.210350E-09  1.041268E-09 -7.514651E-20
         7   5  1.022225E-03 -3.680046E-04 -3.679906E-04 -1.210350E-09 -1.041268E-09 -1.033000E-19
         7   6  1.022225E-03 -3.680022E-04 -3.680010E-04 -1.210350E-09 -1.041268E-09 -4.783975E-20
         7   7  1.022225E-03 -3.680046E-04 -3.679906E-04  1.210350E-09 -1.041268E-09  1.862783E-20
         7   8  1.022225E-03 -3.680022E-04 -3.680010E-04  1.210350E-09 -1.041268E-09 -1.215045E-19
         8   1  1.022228E-03 -3.680015E-04 -3.680040E-04  2.570267E-10 -2.211195E-10 -6.773761E-21
         8   2  1.022228E-03 -3.680020E-04 -3.680018E-04  2.570267E-10 -2.211195E-10 -1.011832E-19
         8   3  1.022228E-03 -3.680015E-04 -3.680040E-04 -2.570267E-10 -2.211195E-10 -7.620490E-20
         8   4  1.022228E-03 -3.680020E-04 -3.680018E-04 -2.570267E-10 -2.211195E-10  1.290191E-19
         8   5  1.022228E-03 -3.680015E-04 -3.680040E-04  2.570267E-10  2.211195E-10 -1.100737E-19
         8   6  1.022228E-03 -3.680020E-04 -3.680018E-04  2.570267E-10  2.211195E-10 -3.005860E-20
         8   7  1.022228E-03 -3.680015E-04 -3.680040E-04 -2.570267E-10  2.211195E-10 -2.878851E-20
         8   8  1.022228E-03 -3.680020E-04 -3.680018E-04 -2.570267E-10  2.211195E-10  1.811983E-19

                                INCREMENT     3


 forces (fx,fy,fz) for set RIGHT and time  0.1750000E+00

        33  6.722833E+00 -1.298874E-15 -2.968196E-15
        34  6.722833E+00  2.028236E-15 -5.658250E-15
        35  6.722833E+00  9.972844E-16  1.249830E-14
        36  6.722833E+00 -1.021971E-15  1.192634E-14

 displacements (vx,vy,vz) for set RIGHT and time  0.1750000E+00

        33  3.500000E-02  1.611120E-03  3.222230E-04
        34  3.500000E-02 -1.611120E-03  3.222230E-04
        35  3.500000E-02 -1.611120E-03 -3.222230E-04
        36  3.500000E-02  1.611120E-03 -3.222230E-04

 stresses (elem, integ.pnt.,sxx,syy,szz,sxy,sxz,syz) for set ALL and time  0.1750000E+00

         1   1  6.534578E+00  3.002881E+00  2.932219E+00  4.027826E-01  9.987425E-02  7.219840E-05
         1   2  4.228596E+00 -9.861594E-02 -3.607168E-01  4.019816E-01  9.965831E-02  7.212326E-05
         1   3  6.534578E+00  3.002881E+00  2.932219E+00 -4.027826E-01  9.987425E-02 -7.219840E-05
         1   4  4.228596E+00 -9.861594E-02 -3.607168E-01 -4.019816E-01  9.965831E-02 -7.212326E-05
         1   5  6.534578E+00  3.002881E+00  2.932219E+00  4.027826E-01 -9.987425E-02 -7.219840E-05
         1   6  4.228596E+00 -9.861594E-02 -3.607168E-01  4.019816E-01 -9.965831E-02 -7.212326E-05
         1   7  6.534578E+00  3.002881E+00  2.932219E+00 -4.027826E-01 -9.987425E-02  7.219840E-05
         1   8  4.228596E+00 -9.861594E-02 -3.607168E-01 -4.019816E-01 -9.965831E-02  7.212326E-05
         2   1  5.271701E+00 -1.508466E-01 -3.984699E-01  1.350399E-02 -2.047034E-02 -4.967951E-07
         2   2  5.499240E+00  4.920078E-02  3.156839E-02  1.350535E-02 -2.047667E-02 -4.968461E-07
         2   3  5.271701E+00 -1.508466E-01 -3.984699E-01 -1.350399E-02 -2.047034E-02  4.967951E-07
         2   4  5.499240E+00  4.920078E-02  3.156839E-02 -1.350535E-02 -2.047667E-02  4.968461E-07
         2   5  5.271701E+00 -1.508466E-01 -3.984699E-01  1.350399E-02  2.047034E-02  4.967951E-07
         2   6  5.499240E+00  4.920078E-02  3.156839E-02  1.350535E-02  2.047667E-02  4.968461E-07
         2   7  5.271701E+00 -1.508466E-01 -3.984699E-01 -1.350399E-02  2.047034E-02 -4.967951E-07
         2   8  5.499240E+00  4.920078E-02  3.156839E-02 -1.350535E-02  2.047667E-02 -4.968461E-07
         3   1  5.403864E+00  1.954300E-02  6.948256E-02 -4.145615E-03  3.751010E-03 -2.794242E-08
         3   2  5.366461E+00 -9.518353E-03 -5.048501E-03 -4.145561E-03  3.750806E-03 -2.794195E-08
         3   3  5.403864E+00  1.954300E-02  6.948256E-02  4.145615E-03  3.751010E-03  2.794242E-08
         3   4  5.366461E+00 -9.518353E-03 -5.048501E-03  4.145561E-03  3.750806E-03  2.794195E-08
         3   5  5.403864E+00  1.954300E-02  6.948256E-02 -4.145615E-03 -3.751010E-03  2.794242E-08
         3   6  5.366461E+00 -9.518353E-03 -5.048501E-03 -4.145561E-03 -3.750806E-03  2.794195E-08
         3   7  5.403864E+00  1.954300E-02  6.948256E-02  4.145615E-03 -3.751010E-03 -2.794242E-08
         3   8  5.366461E+00 -9.518353E-03 -5.048501E-03  4.145561E-03 -3.750806E-03 -2.794195E-08
         4   1  5.381867E+00 -3.382078E-03 -1.251613E-02  7.835054E-04 -6.793956E-04 -9.565381E-10
         4   2  5.388559E+00  1.733882E-03  8.999982E-04  7.835072E-04 -6.794023E-04 -9.565407E-10
         4   3  5.381867E+00 -3.382078E-03 -1.251613E-02 -7.835054E-04 -6.793956E-04  9.565379E-10
         4   4  5.388559E+00  1.733882E-03  8.999982E-04 -7.835072E-04 -6.794023E-04  9.565405E-10
         4   5  5.381867E+00 -3.382078E-03 -1.251613E-02  7.835054E-04  6.793956E-04  9.565378E-10
         4   6  5.388559E+00  1.733882E-03  8.999982E-04  7.835072E-04  6.794023E-04  9.565411E-10
         4   7  5.381867E+00 -3.382078E-03 -1.251613E-02 -7.835054E-04  6.793956E-04 -9.565381E-10
         4   8  5.388559E+00  1.733882E-03  8.999982E-04 -7.835072E-04  6.794023E-04 -9.565409E-10
         5   1  5.385808E+00  6.087387E-04  2.262889E-03 -1.423799E-04  1.229074E-04 -3.144577E-11
         5   2  5.384599E+00 -3.138641E-04 -1.625479E-04 -1.423799E-04  1.229071E-04 -3.144577E-11
         5   3  5.385808E+00  6.087387E-04  2.262889E-03  1.423799E-04  1.229074E-04  3.144600E-11
         5   4  5.384599E+00 -3.138641E-04 -1.625479E-04  1.423799E-04  1.229071E-04  3.144537E-11
         5   5  5.385808E+00  6.087387E-04  2.262889E-03 -1.423799E-04 -1.229074E-04  3.144551E-11
         5   6  5.384599E+00 -3.138641E-04 -1.625479E-04 -1.423799E-04 -1.229071E-04  3.144577E-11
         5   7  5.385808E+00  6.087387E-04  2.262889E-03  1.423799E-04 -1.229074E-04 -3.144554E-11
         5   8  5.384599E+00 -3.138641E-04 -1.625479E-04  1.423799E-04 -1.229071E-04 -3.144603E-11
         6   1  5.385096E+00 -1.100583E-04 -4.092909E-04  2.577127E-05 -2.223568E-05 -1.030143E-12
         6   2  5.385315E+00  5.679631E-05  2.947273E-05  2.577127E-05 -2.223569E-05 -1.030038E-12
         6   3  5.385096E+00 -1.100583E-04 -4.092909E-04 -2.577127E-05 -2.223568E-05  1.029729E-12
         6   4  5.385315E+00  5.679631E-05  2.947273E-05 -2.577127E-05 -2.223569E-05  1.029183E-12
         6   5  5.385096E+00 -1.100583E-04 -4.092909E-04  2.577127E-05  2.223568E-05  1.029451E-12
         6   6  5.385315E+00  5.679631E-05  2.947273E-05  2.577127E-05  2.223569E-05  1.029535E-12
         6   7  5.385096E+00 -1.100583E-04 -4.092909E-04 -2.577127E-05  2.223568E-05 -1.029653E-12
         6   8  5.385315E+00  5.679631E-05  2.947273E-05 -2.577127E-05  2.223569E-05 -1.030057E-12
         7   1  5.385225E+00  1.996468E-05  7.406156E-05 -4.688377E-06  4.044960E-06 -3.455691E-14
         7   2  5.385185E+00 -1.038720E-05 -5.754611E-06 -4.688377E-06  4.044960E-06 -3.468831E-14
         7   3  5.385225E+00  1.996468E-05  7.406156E-05  4.688377E-06  4.044960E-06  3.366595E-14
         7   4  5.385185E+00 -1.038720E-05 -5.754611E-06  4.688377E-06  4.044960E-06  3.360071E-14
         7   5  5.385225E+00  1.996468E-05  7.406156E-05 -4.688377E-06 -4.044960E-06  3.414498E-14
         7   6  5.385185E+00 -1.038720E-05 -5.754611E-06 -4.688377E-06 -4.044960E-06  3.347583E-14
         7   7  5.385225E+00  1.996468E-05  7.406156E-05  4.688377E-06 -4.044960E-06 -3.430900E-14
         7   8  5.385185E+00 -1.038720E-05 -5.754611E-06  4.688377E-06 -4.044960E-06 -3.427359E-14
         8   1  5.385201E+00 -3.936128E-06 -1.356431E-05  9.955249E-07 -8.588973E-07 -2.367796E-15
         8   2  5.385210E+00  2.508693E-06  3.383654E-06  9.955249E-07 -8.588973E-07 -1.851024E-15
         8   3  5.385201E+00 -3.936128E-06 -1.356431E-05 -9.955248E-07 -8.588973E-07  1.488026E-15
         8   4  5.385210E+00  2.508693E-06  3.383654E-06 -9.955249E-07 -8.588973E-07  2.294637E-15
         8   5  5.385201E+00 -3.936128E-06 -1.356431E-05  9.955248E-07  8.588973E-07  7.014525E-16
         8   6  5.385210E+00  2.508693E-06  3.383654E-06  9.955249E-07  8.588973E-07  1.696785E-15
         8   7  5.385201E+00 -3.936128E-06 -1.356431E-05 -9.955249E-07  8.588973E-07 -1.357552E-15
         8   8  5.385210E+00  2.508693E-06  3.383654E-06 -9.955249E-07  8.588973E-07 -2.447925E-16

 strains (elem, integ.pnt.,exx,eyy,ezz,exy,exz,eyz) for set ALL and time  0.1750000E+00

         1   1  1.461155E-03 -1.328695E-04 -1.647398E-04  1.814910E-04  4.500406E-05  2.392474E-20
         1   2  1.461155E-03 -4.957857E-04 -6.146791E-04  1.814251E-04  4.498379E-05  6.263867E-20
         1   3  1.461155E-03 -1.328695E-04 -1.647398E-04 -1.814910E-04  4.500406E-05 -3.176714E-21
         1   4  1.461155E-03 -4.957857E-04 -6.146791E-04 -1.814251E-04  4.498379E-05  8.973029E-20
         1   5  1.461155E-03 -1.328695E-04 -1.647398E-04  1.814910E-04 -4.500406E-05  8.469150E-21
         1   6  1.461155E-03 -4.957857E-04 -6.146791E-04  1.814251E-04 -4.498379E-05 -2.370556E-20
         1   7  1.461155E-03 -1.328695E-04 -1.647398E-04 -1.814910E-04 -4.500406E-05 -2.540767E-20
         1   8  1.461155E-03 -4.957857E-04 -6.146791E-04 -1.814251E-04 -4.498379E-05  3.386049E-21
         2   1  1.817671E-03 -6.330461E-04 -7.455342E-04  6.088198E-06 -9.229969E-06  3.977170E-20
         2   2  1.817671E-03 -6.452225E-04 -6.532302E-04  6.088124E-06 -9.230823E-06  5.099968E-20
         2   3  1.817671E-03 -6.330461E-04 -7.455342E-04 -6.088198E-06 -9.229969E-06  1.210354E-19
         2   4  1.817671E-03 -6.452225E-04 -6.532302E-04 -6.088124E-06 -9.230823E-06 -1.284554E-19
         2   5  1.817671E-03 -6.330461E-04 -7.455342E-04  6.088198E-06  9.229969E-06 -3.724776E-20
         2   6  1.817671E-03 -6.452225E-04 -6.532302E-04  6.088124E-06  9.230823E-06 -4.232468E-20
         2   7  1.817671E-03 -6.330461E-04 -7.455342E-04 -6.088198E-06  9.229969E-06  1.692802E-20
         2   8  1.817671E-03 -6.452225E-04 -6.532302E-04 -6.088124E-06  9.230823E-06  4.401693E-20
         3   1  1.785088E-03 -6.483110E-04 -6.256323E-04 -1.869028E-06  1.691085E-06  7.449656E-20
         3   2  1.785088E-03 -6.445730E-04 -6.425430E-04 -1.869035E-06  1.691056E-06 -4.507422E-20
         3   3  1.785088E-03 -6.483110E-04 -6.256323E-04  1.869028E-06  1.691085E-06 -5.755481E-20
         3   4  1.785088E-03 -6.445730E-04 -6.425430E-04  1.869035E-06  1.691056E-06  2.666554E-20
         3   5  1.785088E-03 -6.483110E-04 -6.256323E-04 -1.869028E-06 -1.691085E-06  6.776329E-21
         3   6  1.785088E-03 -6.445730E-04 -6.425430E-04 -1.869035E-06 -1.691056E-06 -1.633708E-19
         3   7  1.785088E-03 -6.483110E-04 -6.256323E-04  1.869028E-06 -1.691085E-06 -2.369716E-20
         3   8  1.785088E-03 -6.445730E-04 -6.425430E-04  1.869035E-06 -1.691056E-06 -3.470482E-20
         4   1  1.790352E-03 -6.434633E-04 -6.476115E-04  3.532385E-07 -3.063025E-07 -1.185102E-19
         4   2  1.790352E-03 -6.441698E-04 -6.445485E-04  3.532382E-07 -3.063034E-07  1.989255E-20
         4   3  1.790352E-03 -6.434633E-04 -6.476115E-04 -3.532385E-07 -3.063025E-07  1.692788E-20
         4   4  1.790352E-03 -6.441698E-04 -6.445485E-04 -3.532382E-07 -3.063034E-07 -1.087735E-19
         4   5  1.790352E-03 -6.434633E-04 -6.476115E-04  3.532385E-07  3.063025E-07 -5.417702E-20
         4   6  1.790352E-03 -6.441698E-04 -6.445485E-04  3.532382E-07  3.063034E-07  1.354380E-19
         4   7  1.790352E-03 -6.434633E-04 -6.476115E-04 -3.532385E-07  3.063025E-07 -1.049663E-19
         4   8  1.790352E-03 -6.441698E-04 -6.445485E-04 -3.532382E-07  3.063034E-07 -4.232425E-20
         5   1  1.789412E-03 -6.443814E-04 -6.436302E-04 -6.419112E-08  5.541199E-08 -8.150008E-25
         5   2  1.789412E-03 -6.442530E-04 -6.441843E-04 -6.419112E-08  5.541196E-08 -8.888292E-21
         5   3  1.789412E-03 -6.443814E-04 -6.436302E-04  6.419112E-08  5.541199E-08  1.083495E-19
         5   4  1.789412E-03 -6.442530E-04 -6.441843E-04  6.419112E-08  5.541196E-08 -1.701441E-19
         5   5  1.789412E-03 -6.443814E-04 -6.436302E-04 -6.419112E-08 -5.541199E-08 -1.151230E-19
         5   6  1.789412E-03 -6.442530E-04 -6.441843E-04 -6.419112E-08 -5.541196E-08  1.185064E-20
         5   7  1.789412E-03 -6.443814E-04 -6.436302E-04  6.419112E-08 -5.541199E-08  1.015776E-19
         5   8  1.789412E-03 -6.442530E-04 -6.441843E-04  6.419112E-08 -5.541196E-08 -1.295127E-19
         6   1  1.789582E-03 -6.442145E-04 -6.443504E-04  1.161882E-08 -1.002482E-08 -1.887662E-19
         6   2  1.789582E-03 -6.442378E-04 -6.442502E-04  1.161882E-08 -1.002482E-08 -1.413633E-19
         6   3  1.789582E-03 -6.442145E-04 -6.443504E-04 -1.161882E-08 -1.002482E-08  8.469440E-22
         6   4  1.789582E-03 -6.442378E-04 -6.442502E-04 -1.161882E-08 -1.002482E-08 -2.469626E-19
         6   5  1.789582E-03 -6.442145E-04 -6.443504E-04  1.161882E-08  1.002482E-08 -1.252796E-19
         6   6  1.789582E-03 -6.442378E-04 -6.442502E-04  1.161882E-08  1.002482E-08 -8.718812E-20
         6   7  1.789582E-03 -6.442145E-04 -6.443504E-04 -1.161882E-08  1.002482E-08  3.385994E-20
         6   8  1.789582E-03 -6.442378E-04 -6.442502E-04 -1.161882E-08  1.002482E-08 -1.498282E-19
         7   1  1.789551E-03 -6.442447E-04 -6.442202E-04 -2.113726E-09  1.823645E-09 -2.175473E-19
         7   2  1.789551E-03 -6.442405E-04 -6.442384E-04 -2.113726E-09  1.823645E-09 -2.772245E-19
         7   3  1.789551E-03 -6.442447E-04 -6.442202E-04  2.113726E-09  1.823645E-09 -1.870738E-19
         7   4  1.789551E-03 -6.442405E-04 -6.442384E-04  2.113726E-09  1.823645E-09 -2.167007E-19
         7   5  1.789551E-03 -6.442447E-04 -6.442202E-04 -2.113726E-09 -1.823645E-09  3.047343E-20
         7   6  1.789551E-03 -6.442405E-04 -6.442384E-04 -2.113726E-09 -1.823645E-09 -2.734153E-19
         7   7  1.789551E-03 -6.442447E-04 -6.442202E-04  2.113726E-09 -1.823645E-09 -1.049645E-19
         7   8  1.789551E-03 -6.442405E-04 -6.442384E-04  2.113726E-09 -1.823645E-09 -8.888115E-20
         8   1  1.789557E-03 -6.442393E-04 -6.442437E-04  4.488262E-10 -3.872286E-10 -3.775332E-19
         8   2  1.789557E-03 -6.442402E-04 -6.442398E-04  4.488262E-10 -3.872286E-10 -1.428447E-19
         8   3  1.789557E-03 -6.442393E-04 -6.442437E-04 -4.488262E-10 -3.872286E-10 -2.200865E-20
         8   4  1.789557E-03 -6.442402E-04 -6.442398E-04 -4.488262E-10 -3.872286E-10  3.443086E-19
         8   5  1.789557E-03 -6.442393E-04 -6.442437E-04  4.488262E-10  3.872286E-10 -3.792262E-19
         8   6  1.789557E-03 -6.442402E-04 -6.442398E-04  4.488262E-10  3.872286E-10  7.279789E-20
         8   7  1.789557E-03 -6.442393E-04 -6.442437E-04 -4.488262E-10  3.872286E-10  8.126278E-20
         8   8  1.789557E-03 -6.442402E-04 -6.442398E-04 -4.488262E-10  3.872286E-10  5.866155E-19

                                INCREMENT     4


 forces (fx,fy,fz) for set RIGHT and time  0.2750000E+00

        33  1.058041E+01  1.363329E-15  9.459042E-15
        34  1.058041E+01 -1.360394E-15  7.455397E-15
        35  1.058041E+01 -1.451362E-15 -1.245014E-15
        36  1.058041E+01  3.230892E-15 -6.799385E-15

 displacements (vx,vy,vz) for set RIGHT and time  0.2750000E+00

        33  5.500000E-02  2.533469E-03  5.066920E-04
        34  5.500000E-02 -2.533469E-03  5.066920E-04
        35  5.500000E-02 -2.533469E-03 -5.066920E-04
        36  5.500000E-02  2.533469E-03 -5.066920E-04

 stresses (elem, integ.pnt.,sxx,syy,szz,sxy,sxz,syz) for set ALL and time  0.2750000E+00

         1   1  1.028556E+01  4.718382E+00  4.606694E+00  6.353575E-01  1.576167E-01  1.786792E-04
         1   2  6.659533E+00 -1.535441E-01 -5.663770E-01  6.333793E-01  1.570830E-01  1.783875E-04
         1   3  1.028556E+01  4.718382E+00  4.606694E+00 -6.353575E-01  1.576167E-01 -1.786792E-04
         1   4  6.659533E+00 -1.535441E-01 -5.663770E-01 -6.333793E-01  1.570830E-01 -1.783875E-04
         1   5  1.028556E+01  4.718382E+00  4.606694E+00  6.353575E-01 -1.576167E-01 -1.786792E-04
         1   6  6.659533E+00 -1.535441E-01 -5.663770E-01  6.333793E-01 -1.570830E-01 -1.783875E-04
         1   7  1.028556E+01  4.718382E+00  4.606694E+00 -6.353575E-01 -1.576167E-01  1.786792E-04
         1   8  6.659533E+00 -1.535441E-01 -5.663770E-01 -6.333793E-01 -1.570830E-01  1.783875E-04
         2   1  8.303113E+00 -2.366177E-01 -6.263317E-01  2.144604E-02 -3.232025E-02 -1.239347E-06
         2   2  8.661215E+00  7.740438E-02  4.952268E-02  2.144942E-02 -3.233593E-02 -1.239547E-06
         2   3  8.303113E+00 -2.366177E-01 -6.263317E-01 -2.144604E-02 -3.232025E-02  1.239347E-06
         2   4  8.661215E+00  7.740438E-02  4.952268E-02 -2.144942E-02 -3.233593E-02  1.239547E-06
         2   5  8.303113E+00 -2.366177E-01 -6.263317E-01  2.144604E-02  3.232025E-02  1.239347E-06
         2   6  8.661215E+00  7.740438E-02  4.952268E-02  2.144942E-02  3.233593E-02  1.239547E-06
         2   7  8.303113E+00 -2.366177E-01 -6.263317E-01 -2.144604E-02  3.232025E-02 -1.239347E-06
         2   8  8.661215E+00  7.740438E-02  4.952268E-02 -2.144942E-02  3.233593E-02 -1.239547E-06
         3   1  8.510872E+00  3.079820E-02  1.092826E-01 -6.528171E-03  5.921858E-03 -6.910687E-08
         3   2  8.451928E+00 -1.496500E-02 -7.935005E-03 -6.528037E-03  5.921353E-03 -6.910504E-08
         3   3  8.510872E+00  3.079820E-02  1.092826E-01  6.528171E-03  5.921858E-03  6.910687E-08
         3   4  8.451928E+00 -1.496500E-02 -7.935005E-03  6.528037E-03  5.921353E-03  6.910504E-08
         3   5  8.510872E+00  3.079820E-02  1.092826E-01 -6.528171E-03 -5.921858E-03  6.910687E-08
         3   6  8.451928E+00 -1.496500E-02 -7.935005E-03 -6.528037E-03 -5.921353E-03  6.910504E-08
         3   7  8.510872E+00  3.079820E-02  1.092826E-01  6.528171E-03 -5.921858E-03 -6.910687E-08
         3   8  8.451928E+00 -1.496500E-02 -7.935005E-03  6.528037E-03 -5.921353E-03 -6.910504E-08
         4   1  8.476252E+00 -5.336706E-03 -1.968570E-02  1.232337E-03 -1.072429E-03 -2.362581E-09
         4   2  8.486800E+00  2.725367E-03  1.414979E-03  1.232341E-03 -1.072446E-03 -2.362591E-09
         4   3  8.476252E+00 -5.336706E-03 -1.968570E-02 -1.232337E-03 -1.072429E-03  2.362580E-09
         4   4  8.486800E+00  2.725367E-03  1.414979E-03 -1.232341E-03 -1.072446E-03  2.362592E-09
         4   5  8.476252E+00 -5.336706E-03 -1.968570E-02  1.232337E-03  1.072429E-03  2.362579E-09
         4   6  8.486800E+00  2.725367E-03  1.414979E-03  1.232341E-03  1.072446E-03  2.362591E-09
         4   7  8.476252E+00 -5.336706E-03 -1.968570E-02 -1.232337E-03  1.072429E-03 -2.362580E-09
         4   8  8.486800E+00  2.725367E-03  1.414979E-03 -1.232341E-03  1.072446E-03 -2.362591E-09
         5   1  8.482456E+00  9.606807E-04  3.558856E-03 -2.238766E-04  1.939898E-04 -7.763836E-11
         5   2  8.480551E+00 -4.932767E-04 -2.555527E-04 -2.238765E-04  1.939893E-04 -7.763792E-11
         5   3  8.482456E+00  9.606807E-04  3.558856E-03  2.238766E-04  1.939898E-04  7.763844E-11
         5   4  8.480551E+00 -4.932767E-04 -2.555527E-04  2.238765E-04  1.939893E-04  7.763766E-11
         5   5  8.482456E+00  9.606807E-04  3.558856E-03 -2.238766E-04 -1.939898E-04  7.763721E-11
         5   6  8.480551E+00 -4.932767E-04 -2.555527E-04 -2.238765E-04 -1.939893E-04  7.763774E-11
         5   7  8.482456E+00  9.606807E-04  3.558856E-03  2.238766E-04 -1.939898E-04 -7.763727E-11
         5   8  8.480551E+00 -4.932767E-04 -2.555527E-04  2.238765E-04 -1.939893E-04 -7.763752E-11
         6   1  8.481335E+00 -1.736764E-04 -6.436300E-04  4.051731E-05 -3.509190E-05 -2.542427E-12
         6   2  8.481680E+00  8.925325E-05  4.633180E-05  4.051731E-05 -3.509192E-05 -2.541894E-12
         6   3  8.481335E+00 -1.736764E-04 -6.436300E-04 -4.051731E-05 -3.509190E-05  2.542048E-12
         6   4  8.481680E+00  8.925325E-05  4.633180E-05 -4.051731E-05 -3.509192E-05  2.541281E-12
         6   5  8.481335E+00 -1.736764E-04 -6.436300E-04  4.051731E-05  3.509190E-05  2.541352E-12
         6   6  8.481680E+00  8.925325E-05  4.633180E-05  4.051731E-05  3.509192E-05  2.541490E-12
         6   7  8.481335E+00 -1.736764E-04 -6.436300E-04 -4.051731E-05  3.509190E-05 -2.541366E-12
         6   8  8.481680E+00  8.925325E-05  4.633180E-05 -4.051731E-05  3.509192E-05 -2.541594E-12
         7   1  8.481538E+00  3.150161E-05  1.164537E-04 -7.370228E-06  6.383017E-06 -8.446792E-14
         7   2  8.481476E+00 -1.632212E-05 -9.045504E-06 -7.370227E-06  6.383016E-06 -8.436647E-14
         7   3  8.481538E+00  3.150161E-05  1.164537E-04  7.370228E-06  6.383017E-06  8.420733E-14
         7   4  8.481476E+00 -1.632212E-05 -9.045504E-06  7.370227E-06  6.383016E-06  8.372059E-14
         7   5  8.481538E+00  3.150161E-05  1.164537E-04 -7.370228E-06 -6.383017E-06  8.383134E-14
         7   6  8.481476E+00 -1.632212E-05 -9.045504E-06 -7.370227E-06 -6.383016E-06  8.385740E-14
         7   7  8.481538E+00  3.150161E-05  1.164537E-04  7.370228E-06 -6.383017E-06 -8.395047E-14
         7   8  8.481476E+00 -1.632212E-05 -9.045504E-06  7.370227E-06 -6.383016E-06 -8.420733E-14
         8   1  8.481500E+00 -6.207878E-06 -2.132612E-05  1.564806E-06 -1.355199E-06 -4.055271E-15
         8   2  8.481514E+00  3.945696E-06  5.318999E-06  1.564806E-06 -1.355199E-06 -3.612274E-15
         8   3  8.481500E+00 -6.207878E-06 -2.132612E-05 -1.564806E-06 -1.355199E-06  3.645778E-15
         8   4  8.481514E+00  3.945696E-06  5.318999E-06 -1.564806E-06 -1.355199E-06  4.217207E-15
         8   5  8.481500E+00 -6.207878E-06 -2.132612E-05  1.564806E-06  1.355199E-06  3.776071E-15
         8   6  8.481514E+00  3.945696E-06  5.318999E-06  1.564806E-06  1.355199E-06  4.237681E-15
         8   7  8.481500E+00 -6.207878E-06 -2.132612E-05 -1.564806E-06  1.355199E-06 -3.865415E-15
         8   8  8.481514E+00  3.945696E-06  5.318999E-06 -1.564806E-06  1.355199E-06 -3.083655E-15

 strains (elem, integ.pnt.,exx,eyy,ezz,exy,exz,eyz) for set ALL and time  0.2750000E+00

         1   1  2.297585E-03 -2.088757E-04 -2.591041E-04  2.852997E-04  7.077940E-05  4.486715E-20
         1   2  2.297585E-03 -7.793123E-04 -9.666475E-04  2.851369E-04  7.072927E-05  1.162338E-20
         1   3  2.297585E-03 -2.088757E-04 -2.591041E-04 -2.852997E-04  7.077940E-05 -5.675557E-20
         1   4  2.297585E-03 -7.793123E-04 -9.666475E-04 -2.851369E-04  7.072927E-05 -9.671231E-20
         1   5  2.297585E-03 -2.088757E-04 -2.591041E-04  2.852997E-04 -7.077940E-05  6.759528E-21
         1   6  2.297585E-03 -7.793123E-04 -9.666475E-04  2.851369E-04 -7.072927E-05 -5.438130E-20
         1   7  2.297585E-03 -2.088757E-04 -2.591041E-04 -2.852997E-04 -7.077940E-05 -4.743926E-20
         1   8  2.297585E-03 -7.793123E-04 -9.666475E-04 -2.851369E-04 -7.072927E-05 -1.559473E-19
         2   1  2.857705E-03 -9.950810E-04 -1.172326E-03  9.638461E-06 -1.452818E-05  1.451629E-19
         2   2  2.857705E-03 -1.014358E-03 -1.027033E-03  9.638275E-06 -1.453030E-05  2.385724E-19
         2   3  2.857705E-03 -9.950810E-04 -1.172326E-03 -9.638461E-06 -1.452818E-05 -3.084217E-20
         2   4  2.857705E-03 -1.014358E-03 -1.027033E-03 -9.638275E-06 -1.453030E-05  9.980007E-20
         2   5  2.857705E-03 -9.950810E-04 -1.172326E-03  9.638461E-06  1.452818E-05  8.086388E-20
         2   6  2.857705E-03 -1.014358E-03 -1.027033E-03  9.638275E-06  1.453030E-05  2.656497E-19
         2   7  2.857705E-03 -9.950810E-04 -1.172326E-03 -9.638461E-06  1.452818E-05 -8.837285E-20
         2   8  2.857705E-03 -1.014358E-03 -1.027033E-03 -9.638275E-06  1.453030E-05  1.687476E-20
         3   1  2.806506E-03 -1.019266E-03 -9.835885E-04 -2.933948E-06  2.661359E-06  2.421805E-19
         3   2  2.806506E-03 -1.013398E-03 -1.010202E-03 -2.933965E-06  2.661288E-06 -7.994320E-20
         3   3  2.806506E-03 -1.019266E-03 -9.835885E-04  2.933948E-06  2.661359E-06 -4.890145E-20
         3   4  2.806506E-03 -1.013398E-03 -1.010202E-03  2.933965E-06  2.661288E-06 -1.802149E-19
         3   5  2.806506E-03 -1.019266E-03 -9.835885E-04 -2.933948E-06 -2.661359E-06  1.964886E-19
         3   6  2.806506E-03 -1.013398E-03 -1.010202E-03 -2.933965E-06 -2.661288E-06 -8.798195E-20
         3   7  2.806506E-03 -1.019266E-03 -9.835885E-04  2.933948E-06 -2.661359E-06 -1.216707E-19
         3   8  2.806506E-03 -1.013398E-03 -1.010202E-03  2.933965E-06 -2.661288E-06 -2.842943E-19
         4   1  2.814790E-03 -1.011655E-03 -1.018179E-03  5.538458E-07 -4.819821E-07 -2.251294E-19
         4   2  2.814790E-03 -1.012763E-03 -1.013359E-03  5.538452E-07 -4.819845E-07 -9.816105E-20
         4   3  2.814790E-03 -1.011655E-03 -1.018179E-03 -5.538458E-07 -4.819821E-07 -2.251294E-19
         4   4  2.814790E-03 -1.012763E-03 -1.013359E-03 -5.538452E-07 -4.819845E-07  1.941923E-19
         4   5  2.814790E-03 -1.011655E-03 -1.018179E-03  5.538458E-07  4.819821E-07 -3.249778E-19
         4   6  2.814790E-03 -1.012763E-03 -1.013359E-03  5.538452E-07  4.819845E-07 -1.777014E-19
         4   7  2.814790E-03 -1.011655E-03 -1.018179E-03 -5.538458E-07  4.819821E-07 -1.625121E-19
         4   8  2.814790E-03 -1.012763E-03 -1.013359E-03 -5.538452E-07  4.819845E-07 -4.735806E-24
         5   1  2.813311E-03 -1.013095E-03 -1.011914E-03 -1.006163E-07  8.718427E-08 -2.656892E-19
         5   2  2.813311E-03 -1.012894E-03 -1.012785E-03 -1.006164E-07  8.718419E-08 -9.646309E-20
         5   3  2.813311E-03 -1.013095E-03 -1.011914E-03  1.006163E-07  8.718427E-08  3.029400E-19
         5   4  2.813311E-03 -1.012894E-03 -1.012785E-03  1.006164E-07  8.718419E-08 -2.199973E-20
         5   5  2.813311E-03 -1.013095E-03 -1.011914E-03 -1.006163E-07 -8.718427E-08 -2.572275E-19
         5   6  2.813311E-03 -1.012894E-03 -1.012785E-03 -1.006164E-07 -8.718419E-08  1.184725E-20
         5   7  2.813311E-03 -1.013095E-03 -1.011914E-03  1.006163E-07 -8.718427E-08  2.301689E-19
         5   8  2.813311E-03 -1.012894E-03 -1.012785E-03  1.006164E-07 -8.718419E-08  8.800296E-20
         6   1  2.813578E-03 -1.012833E-03 -1.013047E-03  1.820959E-08 -1.577127E-08 -3.063167E-19
         6   2  2.813578E-03 -1.012870E-03 -1.012889E-03  1.820959E-08 -1.577127E-08 -6.346321E-20
         6   3  2.813578E-03 -1.012833E-03 -1.013047E-03 -1.820959E-08 -1.577127E-08  1.336941E-19
         6   4  2.813578E-03 -1.012870E-03 -1.012889E-03 -1.820959E-08 -1.577127E-08 -2.149285E-19
         6   5  2.813578E-03 -1.012833E-03 -1.013047E-03  1.820959E-08  1.577127E-08 -1.827752E-19
         6   6  2.813578E-03 -1.012870E-03 -1.012889E-03  1.820959E-08  1.577127E-08 -1.201569E-19
         6   7  2.813578E-03 -1.012833E-03 -1.013047E-03 -1.820959E-08  1.577127E-08  1.760028E-19
         6   8  2.813578E-03 -1.012870E-03 -1.012889E-03 -1.820959E-08  1.577127E-08  7.277090E-20
         7   1  2.813530E-03 -1.012881E-03 -1.012842E-03 -3.312383E-09  2.868704E-09 -1.675424E-19
         7   2  2.813530E-03 -1.012874E-03 -1.012871E-03 -3.312383E-09  2.868703E-09 -1.214260E-19
         7   3  2.813530E-03 -1.012881E-03 -1.012842E-03  3.312383E-09  2.868704E-09  4.907832E-20
         7   4  2.813530E-03 -1.012874E-03 -1.012871E-03  3.312383E-09  2.868703E-09 -1.721965E-19
         7   5  2.813530E-03 -1.012881E-03 -1.012842E-03 -3.312383E-09 -2.868704E-09 -1.218489E-19
         7   6  2.813530E-03 -1.012874E-03 -1.012871E-03 -3.312383E-09 -2.868703E-09 -1.100027E-19
         7   7  2.813530E-03 -1.012881E-03 -1.012842E-03  3.312383E-09 -2.868704E-09  6.769416E-20
         7   8  2.813530E-03 -1.012874E-03 -1.012871E-03  3.312383E-09 -2.868703E-09 -4.907811E-20
         8   1  2.813538E-03 -1.012872E-03 -1.012879E-03  7.032668E-10 -6.090638E-10 -1.201568E-19
         8   2  2.813538E-03 -1.012873E-03 -1.012873E-03  7.032668E-10 -6.090638E-10  8.123276E-20
         8   3  2.813538E-03 -1.012872E-03 -1.012879E-03 -7.032668E-10 -6.090638E-10 -6.600165E-20
         8   4  2.813538E-03 -1.012873E-03 -1.012873E-03 -7.032668E-10 -6.090638E-10  1.937740E-19
         8   5  2.813538E-03 -1.012872E-03 -1.012879E-03  7.032668E-10  6.090638E-10 -6.769425E-21
         8   6  2.813538E-03 -1.012873E-03 -1.012873E-03  7.032668E-10  6.090638E-10  2.030819E-19
         8   7  2.813538E-03 -1.012872E-03 -1.012879E-03 -7.032668E-10  6.090638E-10 -3.384701E-20
         8   8  2.813538E-03 -1.012873E-03 -1.012873E-03 -7.032668E-10  6.090638E-10  3.215463E-19

                                INCREMENT     5


 forces (fx,fy,fz) for set RIGHT and time  0.3750000E+00

        33  1.444960E+01 -2.314262E-15 -5.425338E-15
        34  1.444960E+01 -8.683352E-16  4.300900E-15
        35  1.444960E+01  4.659501E-15 -1.262165E-15
        36  1.444960E+01 -1.832238E-15  1.039341E-14

 displacements (vx,vy,vz) for set RIGHT and time  0.3750000E+00

        33  7.500000E-02  3.457061E-03  6.914098E-04
        34  7.500000E-02 -3.457061E-03  6.914098E-04
        35  7.500000E-02 -3.457061E-03 -6.914098E-04
        36  7.500000E-02  3.457061E-03 -6.914098E-04

 stresses (elem, integ.pnt.,sxx,syy,szz,sxy,sxz,syz) for set ALL and time  0.3750000E+00

         1   1  1.404888E+01  6.433568E+00  6.280379E+00  8.696942E-01  2.158501E-01  3.329877E-04
         1   2  9.101127E+00 -2.074379E-01 -7.717025E-01  8.660155E-01  2.148568E-01  3.322478E-04
         1   3  1.404888E+01  6.433568E+00  6.280379E+00 -8.696942E-01  2.158501E-01 -3.329877E-04
         1   4  9.101127E+00 -2.074379E-01 -7.717025E-01 -8.660155E-01  2.148568E-01 -3.322478E-04
         1   5  1.404888E+01  6.433568E+00  6.280379E+00  8.696942E-01 -2.158501E-01 -3.329877E-04
         1   6  9.101127E+00 -2.074379E-01 -7.717025E-01  8.660155E-01 -2.148568E-01 -3.322478E-04
         1   7  1.404888E+01  6.433568E+00  6.280379E+00 -8.696942E-01 -2.158501E-01  3.329877E-04
         1   8  9.101127E+00 -2.074379E-01 -7.717025E-01 -8.660155E-01 -2.148568E-01  3.322478E-04
         2   1  1.134841E+01 -3.220751E-01 -8.543101E-01  2.955441E-02 -4.428194E-02 -2.328106E-06
         2   2  1.183747E+01  1.056735E-01  6.741511E-02  2.956073E-02 -4.431120E-02 -2.328618E-06
         2   3  1.134841E+01 -3.220751E-01 -8.543101E-01 -2.955441E-02 -4.428194E-02  2.328106E-06
         2   4  1.183747E+01  1.056735E-01  6.741511E-02 -2.956073E-02 -4.431120E-02  2.328618E-06
         2   5  1.134841E+01 -3.220751E-01 -8.543101E-01  2.955441E-02  4.428194E-02  2.328106E-06
         2   6  1.183747E+01  1.056735E-01  6.741511E-02  2.956073E-02  4.431120E-02  2.328618E-06
         2   7  1.134841E+01 -3.220751E-01 -8.543101E-01 -2.955441E-02  4.428194E-02 -2.328106E-06
         2   8  1.183747E+01  1.056735E-01  6.741511E-02 -2.956073E-02  4.431120E-02 -2.328618E-06
         3   1  1.163182E+01  4.211738E-02  1.491516E-01 -8.920494E-03  8.112753E-03 -1.286992E-07
         3   2  1.155121E+01 -2.041701E-02 -1.082268E-02 -8.920244E-03  8.111812E-03 -1.286945E-07
         3   3  1.163182E+01  4.211738E-02  1.491516E-01  8.920494E-03  8.112753E-03  1.286992E-07
         3   4  1.155121E+01 -2.041701E-02 -1.082268E-02  8.920244E-03  8.111812E-03  1.286945E-07
         3   5  1.163182E+01  4.211738E-02  1.491516E-01 -8.920494E-03 -8.112753E-03  1.286992E-07
         3   6  1.155121E+01 -2.041701E-02 -1.082268E-02 -8.920244E-03 -8.111812E-03  1.286945E-07
         3   7  1.163182E+01  4.211738E-02  1.491516E-01  8.920494E-03 -8.112753E-03 -1.286992E-07
         3   8  1.155121E+01 -2.041701E-02 -1.082268E-02  8.920244E-03 -8.111812E-03 -1.286945E-07
         4   1  1.158454E+01 -7.307254E-03 -2.686779E-02  1.681960E-03 -1.468978E-03 -4.394126E-09
         4   2  1.159896E+01  3.717329E-03  1.930450E-03  1.681969E-03 -1.469009E-03 -4.394153E-09
         4   3  1.158454E+01 -7.307254E-03 -2.686779E-02 -1.681960E-03 -1.468978E-03  4.394124E-09
         4   4  1.159896E+01  3.717329E-03  1.930450E-03 -1.681969E-03 -1.469009E-03  4.394153E-09
         4   5  1.158454E+01 -7.307254E-03 -2.686779E-02  1.681960E-03  1.468978E-03  4.394124E-09
         4   6  1.159896E+01  3.717329E-03  1.930450E-03  1.681969E-03  1.469009E-03  4.394153E-09
         4   7  1.158454E+01 -7.307254E-03 -2.686779E-02 -1.681960E-03  1.468978E-03 -4.394125E-09
         4   8  1.159896E+01  3.717329E-03  1.930450E-03 -1.681969E-03  1.469009E-03 -4.394153E-09
         5   1  1.159301E+01  1.315574E-03  4.856885E-03 -3.054706E-04  2.656933E-04 -1.443402E-10
         5   2  1.159041E+01 -6.727291E-04 -3.486415E-04 -3.054704E-04  2.656923E-04 -1.443409E-10
         5   3  1.159301E+01  1.315574E-03  4.856885E-03  3.054706E-04  2.656933E-04  1.443403E-10
         5   4  1.159041E+01 -6.727291E-04 -3.486415E-04  3.054704E-04  2.656923E-04  1.443404E-10
         5   5  1.159301E+01  1.315574E-03  4.856885E-03 -3.054706E-04 -2.656933E-04  1.443399E-10
         5   6  1.159041E+01 -6.727291E-04 -3.486415E-04 -3.054704E-04 -2.656923E-04  1.443390E-10
         5   7  1.159301E+01  1.315574E-03  4.856885E-03  3.054706E-04 -2.656933E-04 -1.443401E-10
         5   8  1.159041E+01 -6.727291E-04 -3.486415E-04  3.054704E-04 -2.656923E-04 -1.443402E-10
         6   1  1.159148E+01 -2.378189E-04 -8.782958E-04  5.527727E-05 -4.805783E-05 -4.724917E-12
         6   2  1.159195E+01  1.217107E-04  6.320295E-05  5.527728E-05 -4.805786E-05 -4.723435E-12
         6   3  1.159148E+01 -2.378189E-04 -8.782958E-04 -5.527727E-05 -4.805783E-05  4.725222E-12
         6   4  1.159195E+01  1.217107E-04  6.320295E-05 -5.527728E-05 -4.805786E-05  4.724566E-12
         6   5  1.159148E+01 -2.378189E-04 -8.782958E-04  5.527727E-05  4.805783E-05  4.723664E-12
         6   6  1.159195E+01  1.217107E-04  6.320295E-05  5.527728E-05  4.805786E-05  4.725513E-12
         6   7  1.159148E+01 -2.378189E-04 -8.782958E-04 -5.527727E-05  4.805783E-05 -4.724363E-12
         6   8  1.159195E+01  1.217107E-04  6.320295E-05 -5.527728E-05  4.805786E-05 -4.724491E-12
         7   1  1.159176E+01  4.313113E-05  1.588964E-04 -1.005404E-05  8.740548E-06 -1.555452E-13
         7   2  1.159167E+01 -2.225644E-05 -1.233812E-05 -1.005404E-05  8.740547E-06 -1.565201E-13
         7   3  1.159176E+01  4.313113E-05  1.588964E-04  1.005404E-05  8.740548E-06  1.562069E-13
         7   4  1.159167E+01 -2.225644E-05 -1.233812E-05  1.005404E-05  8.740547E-06  1.553788E-13
         7   5  1.159176E+01  4.313113E-05  1.588964E-04 -1.005404E-05 -8.740548E-06  1.564337E-13
         7   6  1.159167E+01 -2.225644E-05 -1.233812E-05 -1.005404E-05 -8.740547E-06  1.556381E-13
         7   7  1.159176E+01  4.313113E-05  1.588964E-04  1.005404E-05 -8.740548E-06 -1.567311E-13
         7   8  1.159167E+01 -2.225644E-05 -1.233812E-05  1.005404E-05 -8.740547E-06 -1.570136E-13
         8   1  1.159171E+01 -8.495846E-06 -2.909555E-05  2.134373E-06 -1.855521E-06 -7.258881E-15
         8   2  1.159172E+01  5.385162E-06  7.255616E-06  2.134373E-06 -1.855521E-06 -6.690104E-15
         8   3  1.159171E+01 -8.495846E-06 -2.909555E-05 -2.134373E-06 -1.855521E-06  6.708691E-15
         8   4  1.159172E+01  5.385162E-06  7.255616E-06 -2.134373E-06 -1.855521E-06  9.231944E-15
         8   5  1.159171E+01 -8.495846E-06 -2.909555E-05  2.134373E-06  1.855521E-06  5.779316E-15
         8   6  1.159172E+01  5.385162E-06  7.255616E-06  2.134373E-06  1.855521E-06  7.087876E-15
         8   7  1.159171E+01 -8.495846E-06 -2.909555E-05 -2.134373E-06  1.855521E-06 -6.641776E-15
         8   8  1.159172E+01  5.385162E-06  7.255616E-06 -2.134373E-06  1.855521E-06 -4.474474E-15

 strains (elem, integ.pnt.,exx,eyy,ezz,exy,exz,eyz) for set ALL and time  0.3750000E+00

         1   1  3.135092E-03 -2.849405E-04 -3.536340E-04  3.891805E-04  9.659750E-05  1.142345E-20
         1   2  3.135092E-03 -1.062998E-03 -1.319142E-03  3.888774E-04  9.650413E-05  1.792644E-19
         1   3  3.135092E-03 -2.849405E-04 -3.536340E-04 -3.891805E-04  9.659750E-05 -1.511605E-19
         1   4  3.135092E-03 -1.062998E-03 -1.319142E-03 -3.888774E-04  9.650413E-05 -4.164125E-19
         1   5  3.135092E-03 -2.849405E-04 -3.536340E-04  3.891805E-04 -9.659750E-05  8.458952E-21
         1   6  3.135092E-03 -1.062998E-03 -1.319142E-03  3.888774E-04 -9.650413E-05  2.029501E-19
         1   7  3.135092E-03 -2.849405E-04 -3.536340E-04 -3.891805E-04 -9.659750E-05 -1.405764E-19
         1   8  3.135092E-03 -1.062998E-03 -1.319142E-03 -3.888774E-04 -9.650413E-05 -3.791923E-19
         2   1  3.898731E-03 -1.357329E-03 -1.599679E-03  1.324087E-05 -1.984378E-05  9.450529E-20
         2   2  3.898731E-03 -1.383810E-03 -1.401221E-03  1.324052E-05 -1.984773E-05 -1.539819E-19
         2   3  3.898731E-03 -1.357329E-03 -1.599679E-03 -1.324087E-05 -1.984378E-05 -5.483670E-19
         2   4  3.898731E-03 -1.383810E-03 -1.401221E-03 -1.324052E-05 -1.984773E-05 -2.487182E-19
         2   5  3.898731E-03 -1.357329E-03 -1.599679E-03  1.324087E-05  1.984378E-05  7.419589E-20
         2   6  3.898731E-03 -1.383810E-03 -1.401221E-03  1.324052E-05  1.984773E-05 -1.032309E-19
         2   7  3.898731E-03 -1.357329E-03 -1.599679E-03 -1.324087E-05  1.984378E-05 -5.280708E-19
         2   8  3.898731E-03 -1.383810E-03 -1.401221E-03 -1.324052E-05  1.984773E-05  1.166926E-19
         3   1  3.828919E-03 -1.390577E-03 -1.341874E-03 -3.996537E-06  3.634482E-06 -1.182800E-19
         3   2  3.828919E-03 -1.382584E-03 -1.378218E-03 -3.996569E-06  3.634349E-06 -4.212209E-19
         3   3  3.828919E-03 -1.390577E-03 -1.341874E-03  3.996537E-06  3.634482E-06 -1.639557E-19
         3   4  3.828919E-03 -1.382584E-03 -1.378218E-03  3.996569E-06  3.634349E-06 -2.620379E-20
         3   5  3.828919E-03 -1.390577E-03 -1.341874E-03 -3.996537E-06 -3.634482E-06 -5.399191E-20
         3   6  3.828919E-03 -1.382584E-03 -1.378218E-03 -3.996569E-06 -3.634349E-06 -2.706572E-19
         3   7  3.828919E-03 -1.390577E-03 -1.341874E-03  3.996537E-06 -3.634482E-06  1.084121E-19
         3   8  3.828919E-03 -1.382584E-03 -1.378218E-03  3.996569E-06 -3.634349E-06  1.894912E-19
         4   1  3.840232E-03 -1.380210E-03 -1.389112E-03  7.535444E-07 -6.581306E-07 -4.940236E-19
         4   2  3.840232E-03 -1.381717E-03 -1.382530E-03  7.535432E-07 -6.581350E-07 -1.979350E-19
         4   3  3.840232E-03 -1.380210E-03 -1.389112E-03 -7.535444E-07 -6.581306E-07 -3.316179E-19
         4   4  3.840232E-03 -1.381717E-03 -1.382530E-03 -7.535432E-07 -6.581350E-07  9.811658E-20
         4   5  3.840232E-03 -1.380210E-03 -1.389112E-03  7.535444E-07  6.581306E-07 -2.842505E-19
         4   6  3.840232E-03 -1.381717E-03 -1.382530E-03  7.535432E-07  6.581350E-07 -1.201158E-19
         4   7  3.840232E-03 -1.380210E-03 -1.389112E-03 -7.535444E-07  6.581306E-07 -2.301152E-19
         4   8  3.840232E-03 -1.381717E-03 -1.382530E-03 -7.535432E-07  6.581350E-07  8.627448E-20
         5   1  3.838211E-03 -1.382169E-03 -1.380557E-03 -1.368557E-07  1.190346E-07  2.199873E-20
         5   2  3.838211E-03 -1.381895E-03 -1.381747E-03 -1.368557E-07  1.190345E-07 -3.700639E-19
         5   3  3.838211E-03 -1.382169E-03 -1.380557E-03  1.368557E-07  1.190346E-07  2.199873E-20
         5   4  3.838211E-03 -1.381895E-03 -1.381747E-03  1.368557E-07  1.190345E-07  1.856672E-19
         5   5  3.838211E-03 -1.382169E-03 -1.380557E-03 -1.368557E-07 -1.190346E-07 -1.353315E-19
         5   6  3.838211E-03 -1.381895E-03 -1.381747E-03 -1.368557E-07 -1.190345E-07 -4.635317E-19
         5   7  3.838211E-03 -1.382169E-03 -1.380557E-03  1.368557E-07 -1.190346E-07  2.707391E-20
         5   8  3.838211E-03 -1.381895E-03 -1.381747E-03  1.368557E-07 -1.190345E-07 -5.413463E-20
         6   1  3.838576E-03 -1.381813E-03 -1.382104E-03  2.476509E-08 -2.153068E-08 -2.250002E-19
         6   2  3.838576E-03 -1.381862E-03 -1.381889E-03  2.476509E-08 -2.153068E-08  4.499983E-19
         6   3  3.838576E-03 -1.381813E-03 -1.382104E-03 -2.476509E-08 -2.153068E-08  3.637195E-19
         6   4  3.838576E-03 -1.381862E-03 -1.381889E-03 -2.476509E-08 -2.153068E-08  6.470833E-20
         6   5  3.838576E-03 -1.381813E-03 -1.382104E-03  2.476509E-08  2.153068E-08 -3.451125E-19
         6   6  3.838576E-03 -1.381862E-03 -1.381889E-03  2.476509E-08  2.153068E-08  4.956748E-19
         6   7  3.838576E-03 -1.381813E-03 -1.382104E-03 -2.476509E-08  2.153068E-08  2.706662E-20
         6   8  3.838576E-03 -1.381862E-03 -1.381889E-03 -2.476509E-08  2.153068E-08 -3.045111E-20
         7   1  3.838510E-03 -1.381877E-03 -1.381824E-03 -4.504370E-09  3.915904E-09  3.366530E-19
         7   2  3.838510E-03 -1.381868E-03 -1.381864E-03 -4.504370E-09  3.915904E-09 -1.070015E-19
         7   3  3.838510E-03 -1.381877E-03 -1.381824E-03  4.504370E-09  3.915904E-09 -3.552610E-20
         7   4  3.838510E-03 -1.381868E-03 -1.381864E-03  4.504370E-09  3.915904E-09 -4.123576E-19
         7   5  3.838510E-03 -1.381877E-03 -1.381824E-03 -4.504370E-09 -3.915904E-09  6.766901E-20
         7   6  3.838510E-03 -1.381868E-03 -1.381864E-03 -4.504370E-09 -3.915904E-09 -2.943599E-19
         7   7  3.838510E-03 -1.381877E-03 -1.381824E-03  4.504370E-09 -3.915904E-09 -2.030067E-19
         7   8  3.838510E-03 -1.381868E-03 -1.381864E-03  4.504370E-09 -3.915904E-09 -3.315778E-19
         8   1  3.838522E-03 -1.381866E-03 -1.381875E-03  9.562327E-10 -8.313030E-10 -9.811992E-20
         8   2  3.838522E-03 -1.381867E-03 -1.381867E-03  9.562327E-10 -8.313030E-10  1.607137E-19
         8   3  3.838522E-03 -1.381866E-03 -1.381875E-03 -9.562327E-10 -8.313030E-10 -1.522551E-19
         8   4  3.838522E-03 -1.381867E-03 -1.381867E-03 -9.562327E-10 -8.313030E-10  9.960021E-19
         8   5  3.838522E-03 -1.381866E-03 -1.381875E-03  9.562327E-10  8.313030E-10 -5.751859E-19
         8   6  3.838522E-03 -1.381867E-03 -1.381867E-03  9.562327E-10  8.313030E-10  2.030068E-20
         8   7  3.838522E-03 -1.381866E-03 -1.381875E-03 -9.562327E-10  8.313030E-10  1.827061E-19
         8   8  3.838522E-03 -1.381867E-03 -1.381867E-03 -9.562327E-10  8.313030E-10  1.168981E-18

                                INCREMENT     6


 forces (fx,fy,fz) for set RIGHT and time  0.4750000E+00

        33  1.833042E+01 -8.665808E-15 -2.907907E-14
        34  1.833042E+01  3.951630E-15 -3.206917E-14
        35  1.833042E+01  6.686775E-15  3.506940E-14
        36  1.833042E+01 -5.344291E-15  3.953840E-14

 displacements (vx,vy,vz) for set RIGHT and time  0.4750000E+00

        33  9.500000E-02  4.381898E-03  8.763768E-04
        34  9.500000E-02 -4.381898E-03  8.763768E-04
        35  9.500000E-02 -4.381898E-03 -8.763768E-04
        36  9.500000E-02  4.381898E-03 -8.763768E-04

 stresses (elem, integ.pnt.,sxx,syy,szz,sxy,sxz,syz) for set ALL and time  0.4750000E+00

         1   1  1.782457E+01  8.148438E+00  7.953271E+00  1.105798E+00  2.745767E-01  5.354384E-04
         1   2  1.155341E+01 -2.602983E-01 -9.766951E-01  1.099896E+00  2.729816E-01  5.339344E-04
         1   3  1.782457E+01  8.148438E+00  7.953271E+00 -1.105798E+00  2.745767E-01 -5.354384E-04
         1   4  1.155341E+01 -2.602983E-01 -9.766951E-01 -1.099896E+00  2.729816E-01 -5.339344E-04
         1   5  1.782457E+01  8.148438E+00  7.953271E+00  1.105798E+00 -2.745767E-01 -5.354384E-04
         1   6  1.155341E+01 -2.602983E-01 -9.766951E-01  1.099896E+00 -2.729816E-01 -5.339344E-04
         1   7  1.782457E+01  8.148438E+00  7.953271E+00 -1.105798E+00 -2.745767E-01  5.354384E-04
         1   8  1.155341E+01 -2.602983E-01 -9.766951E-01 -1.099896E+00 -2.729816E-01  5.339344E-04
         2   1  1.440765E+01 -4.072162E-01 -1.082403E+00  3.783097E-02 -5.635609E-02 -3.773344E-06
         2   2  1.502805E+01  1.340089E-01  8.524553E-02  3.784116E-02 -5.640319E-02 -3.774393E-06
         2   3  1.440765E+01 -4.072162E-01 -1.082403E+00 -3.783097E-02 -5.635609E-02  3.773344E-06
         2   4  1.502805E+01  1.340089E-01  8.524553E-02 -3.784116E-02 -5.640319E-02  3.774393E-06
         2   5  1.440765E+01 -4.072162E-01 -1.082403E+00  3.783097E-02  5.635609E-02  3.773344E-06
         2   6  1.502805E+01  1.340089E-01  8.524553E-02  3.784116E-02  5.640319E-02  3.774393E-06
         2   7  1.440765E+01 -4.072162E-01 -1.082403E+00 -3.783097E-02  5.635609E-02 -3.773344E-06
         2   8  1.502805E+01  1.340089E-01  8.524553E-02 -3.784116E-02  5.640319E-02 -3.774393E-06
         3   1  1.476675E+01  5.350066E-02  1.890889E-01 -1.132246E-02  1.032379E-02 -2.067985E-07
         3   2  1.466436E+01 -2.587424E-02 -1.371152E-02 -1.132206E-02  1.032227E-02 -2.067890E-07
         3   3  1.476675E+01  5.350066E-02  1.890889E-01  1.132246E-02  1.032379E-02  2.067985E-07
         3   4  1.466436E+01 -2.587424E-02 -1.371152E-02  1.132206E-02  1.032227E-02  2.067890E-07
         3   5  1.476675E+01  5.350066E-02  1.890889E-01 -1.132246E-02 -1.032379E-02  2.067985E-07
         3   6  1.466436E+01 -2.587424E-02 -1.371152E-02 -1.132206E-02 -1.032227E-02  2.067890E-07
         3   7  1.476675E+01  5.350066E-02  1.890889E-01  1.132246E-02 -1.032379E-02 -2.067985E-07
         3   8  1.466436E+01 -2.587424E-02 -1.371152E-02  1.132206E-02 -1.032227E-02 -2.067890E-07
         4   1  1.470677E+01 -9.293654E-03 -3.406226E-02  2.132362E-03 -1.869056E-03 -7.051465E-09
         4   2  1.472510E+01  4.709741E-03  2.446399E-03  2.132375E-03 -1.869106E-03 -7.051523E-09
         4   3  1.470677E+01 -9.293654E-03 -3.406226E-02 -2.132362E-03 -1.869056E-03  7.051467E-09
         4   4  1.472510E+01  4.709741E-03  2.446399E-03 -2.132375E-03 -1.869106E-03  7.051523E-09
         4   5  1.470677E+01 -9.293654E-03 -3.406226E-02  2.132362E-03  1.869056E-03  7.051465E-09
         4   6  1.472510E+01  4.709741E-03  2.446399E-03  2.132375E-03  1.869106E-03  7.051523E-09
         4   7  1.470677E+01 -9.293654E-03 -3.406226E-02 -2.132362E-03  1.869056E-03 -7.051465E-09
         4   8  1.472510E+01  4.709741E-03  2.446399E-03 -2.132375E-03  1.869106E-03 -7.051524E-09
         5   1  1.471752E+01  1.673401E-03  6.156948E-03 -3.871602E-04  3.380204E-04 -2.315391E-10
         5   2  1.471421E+01 -8.522173E-04 -4.418116E-04 -3.871597E-04  3.380188E-04 -2.315389E-10
         5   3  1.471752E+01  1.673401E-03  6.156948E-03  3.871602E-04  3.380204E-04  2.315389E-10
         5   4  1.471421E+01 -8.522173E-04 -4.418116E-04  3.871597E-04  3.380188E-04  2.315391E-10
         5   5  1.471752E+01  1.673401E-03  6.156948E-03 -3.871602E-04 -3.380204E-04  2.315387E-10
         5   6  1.471421E+01 -8.522173E-04 -4.418116E-04 -3.871597E-04 -3.380188E-04  2.315392E-10
         5   7  1.471752E+01  1.673401E-03  6.156948E-03  3.871602E-04 -3.380204E-04 -2.315398E-10
         5   8  1.471421E+01 -8.522173E-04 -4.418116E-04  3.871597E-04 -3.380188E-04 -2.315391E-10
         6   1  1.471558E+01 -3.024821E-04 -1.113283E-03  7.005089E-05 -6.113391E-05 -7.577074E-12
         6   2  1.471618E+01  1.541679E-04  8.008565E-05  7.005090E-05 -6.113396E-05 -7.577075E-12
         6   3  1.471558E+01 -3.024821E-04 -1.113283E-03 -7.005089E-05 -6.113391E-05  7.577423E-12
         6   4  1.471618E+01  1.541679E-04  8.008565E-05 -7.005090E-05 -6.113396E-05  7.577520E-12
         6   5  1.471558E+01 -3.024821E-04 -1.113283E-03  7.005089E-05  6.113391E-05  7.577100E-12
         6   6  1.471618E+01  1.541679E-04  8.008565E-05  7.005090E-05  6.113396E-05  7.576174E-12
         6   7  1.471558E+01 -3.024821E-04 -1.113283E-03 -7.005089E-05  6.113391E-05 -7.576922E-12
         6   8  1.471618E+01  1.541679E-04  8.008565E-05 -7.005090E-05  6.113396E-05 -7.577154E-12
         7   1  1.471593E+01  5.485251E-05  2.013887E-04 -1.273977E-05  1.111763E-05 -2.510143E-13
         7   2  1.471582E+01 -2.819002E-05 -1.563237E-05 -1.273977E-05  1.111763E-05 -2.513837E-13
         7   3  1.471593E+01  5.485251E-05  2.013887E-04  1.273977E-05  1.111763E-05  2.507767E-13
         7   4  1.471582E+01 -2.819002E-05 -1.563237E-05  1.273977E-05  1.111763E-05  2.498505E-13
         7   5  1.471593E+01  5.485251E-05  2.013887E-04 -1.273977E-05 -1.111763E-05  2.502199E-13
         7   6  1.471582E+01 -2.819002E-05 -1.563237E-05 -1.273977E-05 -1.111763E-05  2.498598E-13
         7   7  1.471593E+01  5.485251E-05  2.013887E-04  1.273977E-05 -1.111763E-05 -2.506059E-13
         7   8  1.471582E+01 -2.819002E-05 -1.563237E-05  1.273977E-05 -1.111763E-05 -2.516751E-13
         8   1  1.471587E+01 -1.079989E-05 -3.687242E-05  2.704216E-06 -2.359879E-06 -1.140584E-14
         8   2  1.471589E+01  6.827044E-06  9.193456E-06  2.704216E-06 -2.359879E-06 -1.070420E-14
         8   3  1.471587E+01 -1.079989E-05 -3.687242E-05 -2.704216E-06 -2.359879E-06  1.130932E-14
         8   4  1.471589E+01  6.827044E-06  9.193456E-06 -2.704216E-06 -2.359879E-06  1.389125E-14
         8   5  1.471587E+01 -1.079989E-05 -3.687242E-05  2.704216E-06  2.359879E-06  1.037009E-14
         8   6  1.471589E+01  6.827044E-06  9.193456E-06  2.704216E-06  2.359879E-06  1.163600E-14
         8   7  1.471587E+01 -1.079989E-05 -3.687242E-05 -2.704216E-06  2.359879E-06 -1.114226E-14
         8   8  1.471589E+01  6.827044E-06  9.193456E-06 -2.704216E-06  2.359879E-06 -9.430870E-15

 strains (elem, integ.pnt.,exx,eyy,ezz,exy,exz,eyz) for set ALL and time  0.4750000E+00

         1   1  3.973677E-03 -3.610637E-04 -4.483295E-04  4.931331E-04  1.224584E-04 -5.082285E-20
         1   2  3.973677E-03 -1.346843E-03 -1.672163E-03  4.926464E-04  1.223083E-04  9.882450E-21
         1   3  3.973677E-03 -3.610637E-04 -4.483295E-04 -4.931331E-04  1.224584E-04 -5.082285E-20
         1   4  3.973677E-03 -1.346843E-03 -1.672163E-03 -4.926464E-04  1.223083E-04 -2.608028E-19
         1   5  3.973677E-03 -3.610637E-04 -4.483295E-04  4.931331E-04 -1.224584E-04  1.013736E-20
         1   6  3.973677E-03 -1.346843E-03 -1.672163E-03  4.926464E-04 -1.223083E-04  2.026828E-19
         1   7  3.973677E-03 -3.610637E-04 -4.483295E-04 -4.931331E-04 -1.224584E-04 -5.760081E-20
         1   8  3.973677E-03 -1.346843E-03 -1.672163E-03 -4.926464E-04 -1.223083E-04 -6.800248E-20
         2   1  4.940750E-03 -1.719789E-03 -2.027593E-03  1.689567E-05 -2.517675E-05 -2.753485E-20
         2   2  4.940750E-03 -1.753580E-03 -1.775794E-03  1.689510E-05 -2.518311E-05 -1.252065E-19
         2   3  4.940750E-03 -1.719789E-03 -2.027593E-03 -1.689567E-05 -2.517675E-05 -4.063524E-19
         2   4  4.940750E-03 -1.753580E-03 -1.775794E-03 -1.689510E-05 -2.518311E-05 -2.943159E-19
         2   5  4.940750E-03 -1.719789E-03 -2.027593E-03  1.689567E-05  2.517675E-05  1.617987E-19
         2   6  4.940750E-03 -1.753580E-03 -1.775794E-03  1.689510E-05  2.518311E-05  9.801303E-20
         2   7  4.940750E-03 -1.719789E-03 -2.027593E-03 -1.689567E-05  2.517675E-05 -1.629021E-19
         2   8  4.940750E-03 -1.753580E-03 -1.775794E-03 -1.689510E-05  2.518311E-05 -3.389227E-20
         3   1  4.852326E-03 -1.762246E-03 -1.700488E-03 -5.056734E-06  4.610436E-06  2.548802E-22
         3   2  4.852326E-03 -1.752132E-03 -1.746592E-03 -5.056785E-06  4.610223E-06 -4.731775E-20
         3   3  4.852326E-03 -1.762246E-03 -1.700488E-03  5.056734E-06  4.610436E-06 -2.195855E-19
         3   4  4.852326E-03 -1.752132E-03 -1.746592E-03  5.056785E-06  4.610223E-06  4.524008E-19
         3   5  4.852326E-03 -1.762246E-03 -1.700488E-03 -5.056734E-06 -4.610436E-06  1.355495E-19
         3   6  4.852326E-03 -1.752132E-03 -1.746592E-03 -5.056785E-06 -4.610223E-06  7.105881E-20
         3   7  4.852326E-03 -1.762246E-03 -1.700488E-03  5.056734E-06 -4.610436E-06 -6.737901E-20
         3   8  4.852326E-03 -1.752132E-03 -1.746592E-03  5.056785E-06 -4.610223E-06  2.739902E-19
         4   1  4.866678E-03 -1.749128E-03 -1.760411E-03  9.523305E-07 -8.347451E-07  2.265466E-19
         4   2  4.866678E-03 -1.751032E-03 -1.752063E-03  9.523287E-07 -8.347521E-07  2.096939E-19
         4   3  4.866678E-03 -1.749128E-03 -1.760411E-03 -9.523305E-07 -8.347451E-07  6.053531E-19
         4   4  4.866678E-03 -1.751032E-03 -1.752063E-03 -9.523287E-07 -8.347521E-07 -2.790520E-20
         4   5  4.866678E-03 -1.749128E-03 -1.760411E-03  9.523305E-07  8.347451E-07 -6.770390E-20
         4   6  4.866678E-03 -1.751032E-03 -1.752063E-03  9.523287E-07  8.347521E-07  5.411309E-20
         4   7  4.866678E-03 -1.749128E-03 -1.760411E-03 -9.523305E-07  8.347451E-07  8.787739E-20
         4   8  4.866678E-03 -1.751032E-03 -1.752063E-03 -9.523287E-07  8.347521E-07 -3.145461E-19
         5   1  4.864114E-03 -1.751603E-03 -1.749560E-03 -1.729091E-07  1.509626E-07  6.426222E-20
         5   2  4.864114E-03 -1.751257E-03 -1.751070E-03 -1.729092E-07  1.509624E-07  2.113848E-20
         5   3  4.864114E-03 -1.751603E-03 -1.749560E-03  1.729091E-07  1.509626E-07 -1.521981E-19
         5   4  4.864114E-03 -1.751257E-03 -1.751070E-03  1.729092E-07  1.509624E-07  1.065389E-19
         5   5  4.864114E-03 -1.751603E-03 -1.749560E-03 -1.729091E-07 -1.509626E-07 -2.502818E-19
         5   6  4.864114E-03 -1.751257E-03 -1.751070E-03 -1.729092E-07 -1.509624E-07  1.369786E-19
         5   7  4.864114E-03 -1.751603E-03 -1.749560E-03  1.729091E-07 -1.509626E-07 -2.502818E-19
         5   8  4.864114E-03 -1.751257E-03 -1.751070E-03  1.729092E-07 -1.509624E-07 -9.301055E-20
         6   1  4.864577E-03 -1.751153E-03 -1.751523E-03  3.128534E-08 -2.730294E-08 -1.099203E-19
         6   2  4.864577E-03 -1.751216E-03 -1.751250E-03  3.128533E-08 -2.730295E-08 -1.090755E-19
         6   3  4.864577E-03 -1.751153E-03 -1.751523E-03 -3.128534E-08 -2.730294E-08  2.688854E-19
         6   4  4.864577E-03 -1.751216E-03 -1.751250E-03 -3.128533E-08 -2.730295E-08  3.120075E-19
         6   5  4.864577E-03 -1.751153E-03 -1.751523E-03  3.128534E-08  2.730294E-08  1.217600E-19
         6   6  4.864577E-03 -1.751216E-03 -1.751250E-03  3.128533E-08  2.730295E-08 -3.010150E-19
         6   7  4.864577E-03 -1.751153E-03 -1.751523E-03 -3.128534E-08  2.730294E-08 -4.058526E-20
         6   8  4.864577E-03 -1.751216E-03 -1.751250E-03 -3.128533E-08  2.730295E-08 -1.454341E-19
         7   1  4.864493E-03 -1.751235E-03 -1.751168E-03 -5.689694E-09  4.965230E-09 -1.927855E-19
         7   2  4.864493E-03 -1.751223E-03 -1.751218E-03 -5.689694E-09  4.965229E-09 -3.610492E-19
         7   3  4.864493E-03 -1.751235E-03 -1.751168E-03  5.689694E-09  4.965230E-09  8.455430E-20
         7   4  4.864493E-03 -1.751223E-03 -1.751218E-03  5.689694E-09  4.965229E-09 -3.373738E-19
         7   5  4.864493E-03 -1.751235E-03 -1.751168E-03 -5.689694E-09 -4.965230E-09 -1.691102E-19
         7   6  4.864493E-03 -1.751223E-03 -1.751218E-03 -5.689694E-09 -4.965229E-09 -3.331461E-19
         7   7  4.864493E-03 -1.751235E-03 -1.751168E-03  5.689694E-09 -4.965230E-09 -6.764923E-21
         7   8  4.864493E-03 -1.751223E-03 -1.751218E-03  5.689694E-09 -4.965229E-09 -4.938003E-19
         8   1  4.864508E-03 -1.751220E-03 -1.751232E-03  1.207726E-09 -1.053943E-09 -5.242386E-20
         8   2  4.864508E-03 -1.751222E-03 -1.751221E-03  1.207726E-09 -1.053943E-09  2.671933E-19
         8   3  4.864508E-03 -1.751220E-03 -1.751232E-03 -1.207726E-09 -1.053943E-09  8.455615E-21
         8   4  4.864508E-03 -1.751222E-03 -1.751221E-03 -1.207726E-09 -1.053943E-09  1.184613E-18
         8   5  4.864508E-03 -1.751220E-03 -1.751232E-03  1.207726E-09  1.053943E-09 -4.193918E-19
         8   6  4.864508E-03 -1.751222E-03 -1.751221E-03  1.207726E-09  1.053943E-09  1.572720E-19
         8   7  4.864508E-03 -1.751220E-03 -1.751232E-03 -1.207726E-09  1.053943E-09  6.764400E-20
         8   8  4.864508E-03 -1.751222E-03 -1.751221E-03 -1.207726E-09  1.053943E-09  8.472394E-19

                                INCREMENT     7


 forces (fx,fy,fz) for set RIGHT and time  0.5750000E+00

        33  2.222288E+01 -1.951044E-15  2.854181E-15
        34  2.222288E+01 -2.861764E-15  1.035809E-14
        35  2.222288E+01 -8.667552E-16 -7.717766E-15
        36  2.222288E+01  1.633289E-15 -6.556858E-15

 displacements (vx,vy,vz) for set RIGHT and time  0.5750000E+00

        33  1.150000E-01  5.307983E-03  1.061593E-03
        34  1.150000E-01 -5.307983E-03  1.061593E-03
        35  1.150000E-01 -5.307983E-03 -1.061593E-03
        36  1.150000E-01  5.307983E-03 -1.061593E-03

 stresses (elem, integ.pnt.,sxx,syy,szz,sxy,sxz,syz) for set ALL and time  0.5750000E+00

         1   1  2.161264E+01  9.862990E+00  9.625367E+00  1.343675E+00  3.337985E-01  7.863475E-04
         1   2  1.401642E+01 -3.121264E-01 -1.181357E+00  1.335025E+00  3.314590E-01  7.836786E-04
         1   3  2.161264E+01  9.862990E+00  9.625367E+00 -1.343675E+00  3.337985E-01 -7.863475E-04
         1   4  1.401642E+01 -3.121264E-01 -1.181357E+00 -1.335025E+00  3.314590E-01 -7.836786E-04
         1   5  2.161264E+01  9.862990E+00  9.625367E+00  1.343675E+00 -3.337985E-01 -7.863475E-04
         1   6  1.401642E+01 -3.121264E-01 -1.181357E+00  1.335025E+00 -3.314590E-01 -7.836786E-04
         1   7  2.161264E+01  9.862990E+00  9.625367E+00 -1.343675E+00 -3.337985E-01  7.863475E-04
         1   8  1.401642E+01 -3.121264E-01 -1.181357E+00 -1.335025E+00 -3.314590E-01  7.836786E-04
         2   1  1.748088E+01 -4.920382E-01 -1.310607E+00  4.627759E-02 -6.854337E-02 -5.585476E-06
         2   2  1.823301E+01  1.624112E-01  1.030138E-01  4.629261E-02 -6.861262E-02 -5.587354E-06
         2   3  1.748088E+01 -4.920382E-01 -1.310607E+00 -4.627759E-02 -6.854337E-02  5.585476E-06
         2   4  1.823301E+01  1.624112E-01  1.030138E-01 -4.629261E-02 -6.861262E-02  5.587354E-06
         2   5  1.748088E+01 -4.920382E-01 -1.310607E+00  4.627759E-02  6.854337E-02  5.585476E-06
         2   6  1.823301E+01  1.624112E-01  1.030138E-01  4.629261E-02  6.861262E-02  5.587354E-06
         2   7  1.748088E+01 -4.920382E-01 -1.310607E+00 -4.627759E-02  6.854337E-02 -5.585476E-06
         2   8  1.823301E+01  1.624112E-01  1.030138E-01 -4.629261E-02  6.861262E-02 -5.587354E-06
         3   1  1.791572E+01  6.494818E-02  2.290940E-01 -1.373396E-02  1.255505E-02 -3.034814E-07
         3   2  1.779142E+01 -3.133656E-02 -1.660150E-02 -1.373337E-02  1.255282E-02 -3.034646E-07
         3   3  1.791572E+01  6.494818E-02  2.290940E-01  1.373396E-02  1.255505E-02  3.034814E-07
         3   4  1.779142E+01 -3.133656E-02 -1.660150E-02  1.373337E-02  1.255282E-02  3.034646E-07
         3   5  1.791572E+01  6.494818E-02  2.290940E-01 -1.373396E-02 -1.255505E-02  3.034814E-07
         3   6  1.779142E+01 -3.133656E-02 -1.660150E-02 -1.373337E-02 -1.255282E-02  3.034646E-07
         3   7  1.791572E+01  6.494818E-02  2.290940E-01  1.373396E-02 -1.255505E-02 -3.034814E-07
         3   8  1.779142E+01 -3.133656E-02 -1.660150E-02  1.373337E-02 -1.255282E-02 -3.034646E-07
         4   1  1.784300E+01 -1.129583E-02 -4.126896E-02  2.583527E-03 -2.272679E-03 -1.033484E-08
         4   2  1.786525E+01  5.702582E-03  2.962812E-03  2.583546E-03 -2.272752E-03 -1.033495E-08
         4   3  1.784300E+01 -1.129583E-02 -4.126896E-02 -2.583527E-03 -2.272679E-03  1.033484E-08
         4   4  1.786525E+01  5.702582E-03  2.962812E-03 -2.583546E-03 -2.272752E-03  1.033495E-08
         4   5  1.784300E+01 -1.129583E-02 -4.126896E-02  2.583527E-03  2.272679E-03  1.033484E-08
         4   6  1.786525E+01  5.702582E-03  2.962812E-03  2.583546E-03  2.272752E-03  1.033495E-08
         4   7  1.784300E+01 -1.129583E-02 -4.126896E-02 -2.583527E-03  2.272679E-03 -1.033484E-08
         4   8  1.786525E+01  5.702582E-03  2.962812E-03 -2.583546E-03  2.272752E-03 -1.033494E-08
         5   1  1.785604E+01  2.034141E-03  7.459015E-03 -4.689436E-04  4.109737E-04 -3.392204E-10
         5   2  1.785202E+01 -1.031737E-03 -5.350600E-04 -4.689430E-04  4.109714E-04 -3.392193E-10
         5   3  1.785604E+01  2.034141E-03  7.459015E-03  4.689436E-04  4.109737E-04  3.392195E-10
         5   4  1.785202E+01 -1.031737E-03 -5.350600E-04  4.689430E-04  4.109714E-04  3.392185E-10
         5   5  1.785604E+01  2.034141E-03  7.459015E-03 -4.689436E-04 -4.109737E-04  3.392192E-10
         5   6  1.785202E+01 -1.031737E-03 -5.350600E-04 -4.689430E-04 -4.109714E-04  3.392199E-10
         5   7  1.785604E+01  2.034141E-03  7.459015E-03  4.689436E-04 -4.109737E-04 -3.392197E-10
         5   8  1.785202E+01 -1.031737E-03 -5.350600E-04  4.689430E-04 -4.109714E-04 -3.392191E-10
         6   1  1.785368E+01 -3.676622E-04 -1.348587E-03  8.483791E-05 -7.432057E-05 -1.109903E-11
         6   2  1.785441E+01  1.866243E-04  9.697939E-05  8.483793E-05 -7.432065E-05 -1.109730E-11
         6   3  1.785368E+01 -3.676622E-04 -1.348587E-03 -8.483791E-05 -7.432057E-05  1.109814E-11
         6   4  1.785441E+01  1.866243E-04  9.697939E-05 -8.483793E-05 -7.432065E-05  1.109743E-11
         6   5  1.785368E+01 -3.676622E-04 -1.348587E-03  8.483791E-05  7.432057E-05  1.109775E-11
         6   6  1.785441E+01  1.866243E-04  9.697939E-05  8.483793E-05  7.432065E-05  1.109878E-11
         6   7  1.785368E+01 -3.676622E-04 -1.348587E-03 -8.483791E-05  7.432057E-05 -1.109775E-11
         6   8  1.785441E+01  1.866243E-04  9.697939E-05 -8.483793E-05  7.432065E-05 -1.109862E-11
         7   1  1.785411E+01  6.666506E-05  2.439298E-04 -1.542738E-05  1.351433E-05 -3.669064E-13
         7   2  1.785398E+01 -3.412275E-05 -1.892814E-05 -1.542738E-05  1.351433E-05 -3.680334E-13
         7   3  1.785411E+01  6.666506E-05  2.439298E-04  1.542738E-05  1.351433E-05  3.654977E-13
         7   4  1.785398E+01 -3.412275E-05 -1.892814E-05  1.542738E-05  1.351433E-05  3.645264E-13
         7   5  1.785411E+01  6.666506E-05  2.439298E-04 -1.542738E-05 -1.351433E-05  3.674773E-13
         7   6  1.785398E+01 -3.412275E-05 -1.892814E-05 -1.542738E-05 -1.351433E-05  3.676404E-13
         7   7  1.785411E+01  6.666506E-05  2.439298E-04  1.542738E-05 -1.351433E-05 -3.683670E-13
         7   8  1.785398E+01 -3.412275E-05 -1.892814E-05  1.542738E-05 -1.351433E-05 -3.685894E-13
         8   1  1.785403E+01 -1.311989E-05 -4.465656E-05  3.274327E-06 -2.868288E-06 -1.737598E-14
         8   2  1.785406E+01  8.271296E-06  1.113247E-05  3.274327E-06 -2.868288E-06 -1.592091E-14
         8   3  1.785403E+01 -1.311989E-05 -4.465656E-05 -3.274327E-06 -2.868288E-06  1.544824E-14
         8   4  1.785406E+01  8.271296E-06  1.113247E-05 -3.274327E-06 -2.868288E-06  1.861975E-14
         8   5  1.785403E+01 -1.311989E-05 -4.465656E-05  3.274327E-06  2.868288E-06  1.602656E-14
         8   6  1.785406E+01  8.271296E-06  1.113247E-05  3.274327E-06  2.868288E-06  1.738340E-14
         8   7  1.785403E+01 -1.311989E-05 -4.465656E-05 -3.274327E-06  2.868288E-06 -1.632314E-14
         8   8  1.785406E+01  8.271296E-06  1.113247E-05 -3.274327E-06  2.868288E-06 -1.426935E-14

 strains (elem, integ.pnt.,exx,eyy,ezz,exy,exz,eyz) for set ALL and time  0.5750000E+00

         1   1  4.813337E-03 -4.372452E-04 -5.431908E-04  5.971574E-04  1.483622E-04  9.309427E-21
         1   2  4.813337E-03 -1.630846E-03 -2.025711E-03  5.964436E-04  1.481418E-04  2.700720E-20
         1   3  4.813337E-03 -4.372452E-04 -5.431908E-04 -5.971574E-04  1.483622E-04  9.058903E-20
         1   4  4.813337E-03 -1.630846E-03 -2.025711E-03 -5.964436E-04  1.481418E-04  1.352505E-19
         1   5  4.813337E-03 -4.372452E-04 -5.431908E-04  5.971574E-04 -1.483622E-04 -1.354516E-20
         1   6  4.813337E-03 -1.630846E-03 -2.025711E-03  5.964436E-04 -1.481418E-04 -1.758685E-19
         1   7  4.813337E-03 -4.372452E-04 -5.431908E-04 -5.971574E-04 -1.483622E-04  9.482764E-20
         1   8  4.813337E-03 -1.630846E-03 -2.025711E-03 -5.964436E-04 -1.481418E-04 -6.762523E-20
         2   1  5.983761E-03 -2.082460E-03 -2.456069E-03  2.060310E-05 -3.052707E-05 -1.286963E-19
         2   2  5.983761E-03 -2.123665E-03 -2.150752E-03  2.060225E-05 -3.053644E-05 -5.836800E-20
         2   3  5.983761E-03 -2.082460E-03 -2.456069E-03 -2.060310E-05 -3.052707E-05  1.417892E-19
         2   4  5.983761E-03 -2.123665E-03 -2.150752E-03 -2.060225E-05 -3.053644E-05  9.250214E-21
         2   5  5.983761E-03 -2.082460E-03 -2.456069E-03  2.060310E-05  3.052707E-05 -3.111852E-19
         2   6  5.983761E-03 -2.123665E-03 -2.150752E-03  2.060225E-05  3.053644E-05 -3.313702E-19
         2   7  5.983761E-03 -2.082460E-03 -2.456069E-03 -2.060310E-05  3.052707E-05 -9.479680E-20
         2   8  5.983761E-03 -2.123665E-03 -2.150752E-03 -2.060225E-05  3.053644E-05 -8.118129E-20
         3   1  5.876728E-03 -2.134271E-03 -2.059432E-03 -6.114474E-06  5.589208E-06 -8.091579E-20
         3   2  5.876728E-03 -2.122042E-03 -2.115323E-03 -6.114550E-06  5.588894E-06  3.465816E-19
         3   3  5.876728E-03 -2.134271E-03 -2.059432E-03  6.114474E-06  5.589208E-06  1.794122E-19
         3   4  5.876728E-03 -2.122042E-03 -2.115323E-03  6.114550E-06  5.588894E-06  7.007344E-19
         3   5  5.876728E-03 -2.134271E-03 -2.059432E-03 -6.114474E-06 -5.589208E-06 -3.243584E-19
         3   6  5.876728E-03 -2.122042E-03 -2.115323E-03 -6.114550E-06 -5.588894E-06  6.052228E-19
         3   7  5.876728E-03 -2.134271E-03 -2.059432E-03  6.114474E-06 -5.589208E-06 -4.036235E-20
         3   8  5.876728E-03 -2.122042E-03 -2.115323E-03  6.114550E-06 -5.588894E-06  6.728415E-19
         4   1  5.894128E-03 -2.118408E-03 -2.132076E-03  1.150201E-06 -1.011823E-06  4.360678E-19
         4   2  5.894128E-03 -2.120708E-03 -2.121958E-03  1.150198E-06 -1.011833E-06  3.887651E-20
         4   3  5.894128E-03 -2.118408E-03 -2.132076E-03 -1.150201E-06 -1.011823E-06  6.524484E-19
         4   4  5.894128E-03 -2.120708E-03 -2.121958E-03 -1.150198E-06 -1.011833E-06  1.182900E-20
         4   5  5.894128E-03 -2.118408E-03 -2.132076E-03  1.150201E-06  1.011823E-06  2.027813E-19
         4   6  5.894128E-03 -2.120708E-03 -2.121958E-03  1.150198E-06  1.011833E-06  2.637087E-19
         4   7  5.894128E-03 -2.118408E-03 -2.132076E-03 -1.150201E-06  1.011823E-06  2.974479E-19
         4   8  5.894128E-03 -2.120708E-03 -2.121958E-03 -1.150198E-06  1.011833E-06  1.724234E-19
         5   1  5.891019E-03 -2.121398E-03 -2.118924E-03 -2.087766E-07  1.829676E-07 -2.501821E-19
         5   2  5.891019E-03 -2.120980E-03 -2.120754E-03 -2.087767E-07  1.829673E-07 -1.859437E-20
         5   3  5.891019E-03 -2.121398E-03 -2.118924E-03  2.087766E-07  1.829676E-07 -1.419922E-19
         5   4  5.891019E-03 -2.120980E-03 -2.120754E-03  2.087767E-07  1.829673E-07 -3.161169E-19
         5   5  5.891019E-03 -2.121398E-03 -2.118924E-03 -2.087766E-07 -1.829676E-07 -2.704673E-19
         5   6  5.891019E-03 -2.120980E-03 -2.120754E-03 -2.087767E-07 -1.829673E-07  3.245709E-19
         5   7  5.891019E-03 -2.121398E-03 -2.118924E-03  2.087766E-07 -1.829676E-07  5.410265E-20
         5   8  5.891019E-03 -2.120980E-03 -2.120754E-03  2.087767E-07 -1.829673E-07  5.409583E-20
         6   1  5.891580E-03 -2.120855E-03 -2.121302E-03  3.777035E-08 -3.308798E-08 -4.462854E-19
         6   2  5.891580E-03 -2.120930E-03 -2.120971E-03  3.777035E-08 -3.308799E-08  3.414746E-19
         6   3  5.891580E-03 -2.120855E-03 -2.121302E-03 -3.777035E-08 -3.308798E-08  4.056969E-20
         6   4  5.891580E-03 -2.120930E-03 -2.120971E-03 -3.777035E-08 -3.308799E-08 -2.823085E-19
         6   5  5.891580E-03 -2.120855E-03 -2.121302E-03  3.777035E-08  3.308798E-08 -1.352392E-19
         6   6  5.891580E-03 -2.120930E-03 -2.120971E-03  3.777035E-08  3.308799E-08  3.313318E-19
         6   7  5.891580E-03 -2.120855E-03 -2.121302E-03 -3.777035E-08  3.308798E-08  1.352359E-19
         6   8  5.891580E-03 -2.120930E-03 -2.120971E-03 -3.777035E-08  3.308799E-08 -2.569514E-19
         7   1  5.891479E-03 -2.120953E-03 -2.120872E-03 -6.868362E-09  6.016663E-09  3.042858E-20
         7   2  5.891479E-03 -2.120939E-03 -2.120932E-03 -6.868362E-09  6.016663E-09 -4.834742E-19
         7   3  5.891479E-03 -2.120953E-03 -2.120872E-03  6.868362E-09  6.016663E-09 -6.728065E-19
         7   4  5.891479E-03 -2.120939E-03 -2.120932E-03  6.868362E-09  6.016663E-09 -1.115710E-18
         7   5  5.891479E-03 -2.120953E-03 -2.120872E-03 -6.868362E-09 -6.016663E-09  2.299039E-19
         7   6  5.891479E-03 -2.120939E-03 -2.120932E-03 -6.868362E-09 -6.016663E-09  3.042844E-19
         7   7  5.891479E-03 -2.120953E-03 -2.120872E-03  6.868362E-09 -6.016663E-09 -6.356162E-19
         7   8  5.891479E-03 -2.120939E-03 -2.120932E-03  6.868362E-09 -6.016663E-09 -7.370445E-19
         8   1  5.891497E-03 -2.120935E-03 -2.120950E-03  1.457750E-09 -1.276979E-09 -3.854269E-19
         8   2  5.891497E-03 -2.120938E-03 -2.120937E-03  1.457750E-09 -1.276979E-09  2.780822E-19
         8   3  5.891497E-03 -2.120935E-03 -2.120950E-03 -1.457750E-09 -1.276979E-09 -4.936170E-19
         8   4  5.891497E-03 -2.120938E-03 -2.120937E-03 -1.457750E-09 -1.276979E-09  9.525793E-19
         8   5  5.891497E-03 -2.120935E-03 -2.120950E-03  1.457750E-09  1.276979E-09 -2.299038E-19
         8   6  5.891497E-03 -2.120938E-03 -2.120937E-03  1.457750E-09  1.276979E-09  3.888079E-19
         8   7  5.891497E-03 -2.120935E-03 -2.120950E-03 -1.457750E-09  1.276979E-09  9.466627E-20
         8   8  5.891497E-03 -2.120938E-03 -2.120937E-03 -1.457750E-09  1.276979E-09  1.031186E-18

                                INCREMENT     8


 forces (fx,fy,fz) for set RIGHT and time  0.6750000E+00

        33  2.612700E+01  6.313343E-16  1.174230E-14
        34  2.612700E+01 -1.630909E-15 -1.895111E-14
        35  2.612700E+01  6.827691E-15  3.218653E-15
        36  2.612700E+01 -4.044285E-16  1.909101E-15

 displacements (vx,vy,vz) for set RIGHT and time  0.6750000E+00

        33  1.350000E-01  6.235316E-03  1.247059E-03
        34  1.350000E-01 -6.235316E-03  1.247059E-03
        35  1.350000E-01 -6.235316E-03 -1.247059E-03
        36  1.350000E-01  6.235316E-03 -1.247059E-03

 stresses (elem, integ.pnt.,sxx,syy,szz,sxy,sxz,syz) for set ALL and time  0.6750000E+00

         1   1  2.541310E+01  1.157722E+01  1.129666E+01  1.583330E+00  3.935177E-01  1.086032E-03
         1   2  1.649019E+01 -3.629230E-01 -1.385689E+00  1.571409E+00  3.902910E-01  1.081713E-03
         1   3  2.541310E+01  1.157722E+01  1.129666E+01 -1.583330E+00  3.935177E-01 -1.086032E-03
         1   4  1.649019E+01 -3.629230E-01 -1.385689E+00 -1.571409E+00  3.902910E-01 -1.081713E-03
         1   5  2.541310E+01  1.157722E+01  1.129666E+01  1.583330E+00 -3.935177E-01 -1.086032E-03
         1   6  1.649019E+01 -3.629230E-01 -1.385689E+00  1.571409E+00 -3.902910E-01 -1.081713E-03
         1   7  2.541310E+01  1.157722E+01  1.129666E+01 -1.583330E+00 -3.935177E-01  1.086032E-03
         1   8  1.649019E+01 -3.629230E-01 -1.385689E+00 -1.571409E+00 -3.902910E-01  1.081713E-03
         2   1  2.056815E+01 -5.765387E-01 -1.538921E+00  5.489618E-02 -8.084444E-02 -7.775062E-06
         2   2  2.145238E+01  1.908811E-01  1.207198E-01  5.491698E-02 -8.094021E-02 -7.778128E-06
         2   3  2.056815E+01 -5.765387E-01 -1.538921E+00 -5.489618E-02 -8.084444E-02  7.775062E-06
         2   4  2.145238E+01  1.908811E-01  1.207198E-01 -5.491698E-02 -8.094021E-02  7.778128E-06
         2   5  2.056815E+01 -5.765387E-01 -1.538921E+00  5.489618E-02  8.084444E-02  7.775062E-06
         2   6  2.145238E+01  1.908811E-01  1.207198E-01  5.491698E-02  8.094021E-02  7.778128E-06
         2   7  2.056815E+01 -5.765387E-01 -1.538921E+00 -5.489618E-02  8.084444E-02 -7.775062E-06
         2   8  2.145238E+01  1.908811E-01  1.207198E-01 -5.491698E-02  8.094021E-02 -7.778128E-06
         3   1  2.107876E+01  7.646006E-02  2.691662E-01 -1.615484E-02  1.480662E-02 -4.188220E-07
         3   2  2.093243E+01 -3.680384E-02 -1.949261E-02 -1.615403E-02  1.480354E-02 -4.187947E-07
         3   3  2.107876E+01  7.646006E-02  2.691662E-01  1.615484E-02  1.480662E-02  4.188220E-07
         3   4  2.093243E+01 -3.680384E-02 -1.949261E-02  1.615403E-02  1.480354E-02  4.187947E-07
         3   5  2.107876E+01  7.646006E-02  2.691662E-01 -1.615484E-02 -1.480662E-02  4.188220E-07
         3   6  2.093243E+01 -3.680384E-02 -1.949261E-02 -1.615403E-02 -1.480354E-02  4.187947E-07
         3   7  2.107876E+01  7.646006E-02  2.691662E-01  1.615484E-02 -1.480662E-02 -4.188220E-07
         3   8  2.093243E+01 -3.680384E-02 -1.949261E-02  1.615403E-02 -1.480354E-02 -4.187947E-07
         4   1  2.099327E+01 -1.331372E-02 -4.848774E-02  3.035442E-03 -2.679861E-03 -1.424444E-08
         4   2  2.101947E+01  6.695826E-03  3.479678E-03  3.035468E-03 -2.679962E-03 -1.424461E-08
         4   3  2.099327E+01 -1.331372E-02 -4.848774E-02 -3.035442E-03 -2.679861E-03  1.424444E-08
         4   4  2.101947E+01  6.695826E-03  3.479678E-03 -3.035468E-03 -2.679962E-03  1.424461E-08
         4   5  2.099327E+01 -1.331372E-02 -4.848774E-02  3.035442E-03  2.679861E-03  1.424444E-08
         4   6  2.101947E+01  6.695826E-03  3.479678E-03  3.035468E-03  2.679962E-03  1.424461E-08
         4   7  2.099327E+01 -1.331372E-02 -4.848774E-02 -3.035442E-03  2.679861E-03 -1.424444E-08
         4   8  2.101947E+01  6.695826E-03  3.479678E-03 -3.035468E-03  2.679962E-03 -1.424461E-08
         5   1  2.100860E+01  2.397776E-03  8.763057E-03 -5.508192E-04  4.845558E-04 -4.673669E-10
         5   2  2.100387E+01 -1.211285E-03 -6.283841E-04 -5.508183E-04  4.845525E-04 -4.673657E-10
         5   3  2.100860E+01  2.397776E-03  8.763057E-03  5.508192E-04  4.845558E-04  4.673655E-10
         5   4  2.100387E+01 -1.211285E-03 -6.283841E-04  5.508183E-04  4.845525E-04  4.673657E-10
         5   5  2.100860E+01  2.397776E-03  8.763057E-03 -5.508192E-04 -4.845558E-04  4.673640E-10
         5   6  2.100387E+01 -1.211285E-03 -6.283841E-04 -5.508183E-04 -4.845525E-04  4.673645E-10
         5   7  2.100860E+01  2.397776E-03  8.763057E-03  5.508192E-04 -4.845558E-04 -4.673660E-10
         5   8  2.100387E+01 -1.211285E-03 -6.283841E-04  5.508183E-04 -4.845525E-04 -4.673632E-10
         6   1  2.100583E+01 -4.333553E-04 -1.584201E-03  9.963806E-05 -8.761825E-05 -1.528718E-11
         6   2  2.100669E+01  2.190790E-04  1.138836E-04  9.963809E-05 -8.761836E-05 -1.528547E-11
         6   3  2.100583E+01 -4.333553E-04 -1.584201E-03 -9.963806E-05 -8.761825E-05  1.528943E-11
         6   4  2.100669E+01  2.190790E-04  1.138836E-04 -9.963809E-05 -8.761836E-05  1.528758E-11
         6   5  2.100583E+01 -4.333553E-04 -1.584201E-03  9.963806E-05  8.761825E-05  1.528775E-11
         6   6  2.100669E+01  2.190790E-04  1.138836E-04  9.963809E-05  8.761836E-05  1.528732E-11
         6   7  2.100583E+01 -4.333553E-04 -1.584201E-03 -9.963806E-05  8.761825E-05 -1.528601E-11
         6   8  2.100669E+01  2.190790E-04  1.138836E-04 -9.963809E-05  8.761836E-05 -1.528706E-11
         7   1  2.100633E+01  7.856806E-05  2.865185E-04 -1.811681E-05  1.593074E-05 -5.053484E-13
         7   2  2.100618E+01 -4.005448E-05 -2.222534E-05 -1.811681E-05  1.593074E-05 -5.059500E-13
         7   3  2.100633E+01  7.856806E-05  2.865185E-04  1.811681E-05  1.593074E-05  5.063998E-13
         7   4  2.100618E+01 -4.005448E-05 -2.222534E-05  1.811681E-05  1.593074E-05  5.060481E-13
         7   5  2.100633E+01  7.856806E-05  2.865185E-04 -1.811681E-05 -1.593074E-05  5.056224E-13
         7   6  2.100618E+01 -4.005448E-05 -2.222534E-05 -1.811681E-05 -1.593074E-05  5.055631E-13
         7   7  2.100633E+01  7.856806E-05  2.865185E-04  1.811681E-05 -1.593074E-05 -5.046746E-13
         7   8  2.100618E+01 -4.005448E-05 -2.222534E-05  1.811681E-05 -1.593074E-05 -5.050966E-13
         8   1  2.100624E+01 -1.545569E-05 -5.244779E-05  3.844697E-06 -3.380761E-06 -2.338984E-14
         8   2  2.100627E+01  9.717872E-06  1.307262E-05  3.844697E-06 -3.380761E-06 -2.310479E-14
         8   3  2.100624E+01 -1.545569E-05 -5.244779E-05 -3.844697E-06 -3.380761E-06  2.402660E-14
         8   4  2.100627E+01  9.717872E-06  1.307262E-05 -3.844697E-06 -3.380761E-06  2.642553E-14
         8   5  2.100624E+01 -1.545569E-05 -5.244779E-05  3.844697E-06  3.380761E-06  2.101312E-14
         8   6  2.100627E+01  9.717872E-06  1.307262E-05  3.844697E-06  3.380761E-06  2.150920E-14
         8   7  2.100624E+01 -1.545569E-05 -5.244779E-05 -3.844697E-06  3.380761E-06 -2.166468E-14
         8   8  2.100627E+01  9.717872E-06  1.307262E-05 -3.844697E-06  3.380761E-06 -1.976182E-14

 strains (elem, integ.pnt.,exx,eyy,ezz,exy,exz,eyz) for set ALL and time  0.6750000E+00

         1   1  5.654073E-03 -5.134848E-04 -6.382183E-04  7.012531E-04  1.743088E-04  9.058481E-20
         1   2  5.654073E-03 -1.915006E-03 -2.379785E-03  7.002686E-04  1.740046E-04  2.502254E-19
         1   3  5.654073E-03 -5.134848E-04 -6.382183E-04 -7.012531E-04  1.743088E-04  9.311414E-21
         1   4  5.654073E-03 -1.915006E-03 -2.379785E-03 -7.002686E-04  1.740046E-04 -3.990490E-19
         1   5  5.654073E-03 -5.134848E-04 -6.382183E-04  7.012531E-04 -1.743088E-04  1.151331E-19
         1   6  5.654073E-03 -1.915006E-03 -2.379785E-03  7.002686E-04 -1.740046E-04  3.245867E-19
         1   7  5.654073E-03 -5.134848E-04 -6.382183E-04 -7.012531E-04 -1.743088E-04  3.385969E-20
         1   8  5.654073E-03 -1.915006E-03 -2.379785E-03 -7.002686E-04 -1.740046E-04 -3.111674E-19
         2   1  7.027764E-03 -2.445342E-03 -2.885107E-03  2.436339E-05 -3.589473E-05 -3.583433E-19
         2   2  7.027764E-03 -2.494068E-03 -2.526095E-03  2.436219E-05 -3.590769E-05 -1.047882E-19
         2   3  7.027764E-03 -2.445342E-03 -2.885107E-03 -2.436339E-05 -3.589473E-05 -3.387904E-20
         2   4  7.027764E-03 -2.494068E-03 -2.526095E-03 -2.436219E-05 -3.590769E-05 -6.184982E-19
         2   5  7.027764E-03 -2.445342E-03 -2.885107E-03  2.436339E-05  3.589473E-05  2.972941E-19
         2   6  7.027764E-03 -2.494068E-03 -2.526095E-03  2.436219E-05  3.590769E-05  6.757036E-20
         2   7  7.027764E-03 -2.445342E-03 -2.885107E-03 -2.436339E-05  3.589473E-05  6.747124E-20
         2   8  7.027764E-03 -2.494068E-03 -2.526095E-03 -2.436219E-05  3.590769E-05 -2.771554E-19
         3   1  6.902126E-03 -2.506653E-03 -2.418706E-03 -7.169695E-06  6.570781E-06 -5.440440E-19
         3   2  6.902126E-03 -2.492314E-03 -2.484412E-03 -7.169798E-06  6.570348E-06  1.073148E-19
         3   3  6.902126E-03 -2.506653E-03 -2.418706E-03  7.169695E-06  6.570781E-06 -4.358959E-19
         3   4  6.902126E-03 -2.492314E-03 -2.484412E-03  7.169798E-06  6.570348E-06  5.323094E-19
         3   5  6.902126E-03 -2.506653E-03 -2.418706E-03 -7.169695E-06 -6.570781E-06 -3.919473E-19
         3   6  6.902126E-03 -2.492314E-03 -2.484412E-03 -7.169798E-06 -6.570348E-06  1.453376E-19
         3   7  6.902126E-03 -2.506653E-03 -2.418706E-03  7.169695E-06 -6.570781E-06 -2.837992E-19
         3   8  6.902126E-03 -2.492314E-03 -2.484412E-03  7.169798E-06 -6.570348E-06  7.942355E-19
         4   1  6.922583E-03 -2.488051E-03 -2.504107E-03  1.347151E-06 -1.189360E-06  4.054692E-20
         4   2  6.922583E-03 -2.490746E-03 -2.492214E-03  1.347148E-06 -1.189375E-06 -2.500938E-19
         4   3  6.922583E-03 -2.488051E-03 -2.504107E-03 -1.347151E-06 -1.189360E-06  3.649973E-19
         4   4  6.922583E-03 -2.490746E-03 -2.492214E-03 -1.347148E-06 -1.189375E-06 -4.934310E-19
         4   5  6.922583E-03 -2.488051E-03 -2.504107E-03  1.347151E-06  1.189360E-06  6.758227E-20
         4   6  6.922583E-03 -2.490746E-03 -2.492214E-03  1.347148E-06  1.189375E-06 -3.852812E-19
         4   7  6.922583E-03 -2.488051E-03 -2.504107E-03 -1.347151E-06  1.189360E-06  5.406372E-20
         4   8  6.922583E-03 -2.490746E-03 -2.492214E-03 -1.347148E-06  1.189375E-06 -3.041454E-20
         5   1  6.918926E-03 -2.491553E-03 -2.488647E-03 -2.444580E-07  2.150491E-07 -5.306144E-19
         5   2  6.918926E-03 -2.491064E-03 -2.490798E-03 -2.444581E-07  2.150487E-07 -4.418930E-19
         5   3  6.918926E-03 -2.491553E-03 -2.488647E-03  2.444580E-07  2.150491E-07 -9.801541E-20
         5   4  6.918926E-03 -2.491064E-03 -2.490798E-03  2.444581E-07  2.150487E-07  4.697760E-19
         5   5  6.918926E-03 -2.491553E-03 -2.488647E-03 -2.444580E-07 -2.150491E-07 -7.840905E-19
         5   6  6.918926E-03 -2.491064E-03 -2.490798E-03 -2.444581E-07 -2.150487E-07 -9.801045E-20
         5   7  6.918926E-03 -2.491553E-03 -2.488647E-03  2.444580E-07 -2.150491E-07 -1.351920E-19
         5   8  6.918926E-03 -2.491064E-03 -2.490798E-03  2.444581E-07 -2.150487E-07  7.029740E-19
         6   1  6.919586E-03 -2.490917E-03 -2.491443E-03  4.422016E-08 -3.888569E-08 -3.379806E-20
         6   2  6.919586E-03 -2.491006E-03 -2.491054E-03  4.422016E-08 -3.888571E-08  7.460645E-19
         6   3  6.919586E-03 -2.490917E-03 -2.491443E-03 -4.422016E-08 -3.888569E-08  1.061219E-18
         6   4  6.919586E-03 -2.491006E-03 -2.491054E-03 -4.422016E-08 -3.888571E-08  2.137647E-19
         6   5  6.919586E-03 -2.490917E-03 -2.491443E-03  4.422016E-08  3.888569E-08  2.974108E-19
         6   6  6.919586E-03 -2.491006E-03 -2.491054E-03  4.422016E-08  3.888571E-08  9.801064E-20
         6   7  6.919586E-03 -2.490917E-03 -2.491443E-03 -4.422016E-08  3.888569E-08  5.001917E-19
         6   8  6.919586E-03 -2.491006E-03 -2.491054E-03 -4.422016E-08  3.888571E-08  2.365765E-20
         7   1  6.919467E-03 -2.491032E-03 -2.490937E-03 -8.040383E-09  7.070188E-09  1.689853E-20
         7   2  6.919467E-03 -2.491016E-03 -2.491008E-03 -8.040384E-09  7.070187E-09 -2.577007E-19
         7   3  6.919467E-03 -2.491032E-03 -2.490937E-03  8.040383E-09  7.070188E-09  4.630165E-19
         7   4  6.919467E-03 -2.491016E-03 -2.491008E-03  8.040384E-09  7.070187E-09  3.024815E-19
         7   5  6.919467E-03 -2.491032E-03 -2.490937E-03 -8.040383E-09 -7.070188E-09  1.081499E-19
         7   6  6.919467E-03 -2.491016E-03 -2.491008E-03 -8.040384E-09 -7.070187E-09  8.111233E-20
         7   7  6.919467E-03 -2.491032E-03 -2.490937E-03  8.040383E-09 -7.070188E-09  3.244495E-19
         7   8  6.919467E-03 -2.491016E-03 -2.491008E-03  8.040384E-09 -7.070187E-09  1.318076E-19
         8   1  6.919488E-03 -2.491012E-03 -2.491028E-03  1.706307E-09 -1.500409E-09 -2.872729E-19
         8   2  6.919488E-03 -2.491015E-03 -2.491013E-03  1.706307E-09 -1.500409E-09 -1.571552E-19
         8   3  6.919488E-03 -2.491012E-03 -2.491028E-03 -1.706307E-09 -1.500409E-09  5.779256E-19
         8   4  6.919488E-03 -2.491015E-03 -2.491013E-03 -1.706307E-09 -1.500409E-09  1.672942E-18
         8   5  6.919488E-03 -2.491012E-03 -2.491028E-03  1.706307E-09  1.500409E-09 -7.976048E-19
         8   6  6.919488E-03 -2.491015E-03 -2.491013E-03  1.706307E-09  1.500409E-09 -5.711662E-19
         8   7  6.919488E-03 -2.491012E-03 -2.491028E-03 -1.706307E-09  1.500409E-09  5.001929E-19
         8   8  6.919488E-03 -2.491015E-03 -2.491013E-03 -1.706307E-09  1.500409E-09  1.368771E-18

                                INCREMENT     9


 forces (fx,fy,fz) for set RIGHT and time  0.7750000E+00

        33  3.004278E+01  4.030719E-15  4.187358E-15
        34  3.004278E+01  2.315341E-15  5.053556E-14
        35  3.004278E+01 -2.085809E-15 -3.899667E-14
        36  3.004278E+01  7.437196E-15  2.720403E-14

 displacements (vx,vy,vz) for set RIGHT and time  0.7750000E+00

        33  1.550000E-01  7.163900E-03  1.432775E-03
        34  1.550000E-01 -7.163900E-03  1.432775E-03
        35  1.550000E-01 -7.163900E-03 -1.432775E-03
        36  1.550000E-01  7.163900E-03 -1.432775E-03

 stresses (elem, integ.pnt.,sxx,syy,szz,sxy,sxz,syz) for set ALL and time  0.7750000E+00

         1   1  2.922599E+01  1.329114E+01  1.296716E+01  1.824769E+00  4.537365E-01  1.434810E-03
         1   2  1.897474E+01 -4.126891E-01 -1.589695E+00  1.809053E+00  4.494792E-01  1.428272E-03
         1   3  2.922599E+01  1.329114E+01  1.296716E+01 -1.824769E+00  4.537365E-01 -1.434810E-03
         1   4  1.897474E+01 -4.126891E-01 -1.589695E+00 -1.809053E+00  4.494792E-01 -1.428272E-03
         1   5  2.922599E+01  1.329114E+01  1.296716E+01  1.824769E+00 -4.537365E-01 -1.434810E-03
         1   6  1.897474E+01 -4.126891E-01 -1.589695E+00  1.809053E+00 -4.494792E-01 -1.428272E-03
         1   7  2.922599E+01  1.329114E+01  1.296716E+01 -1.824769E+00 -4.537365E-01  1.434810E-03
         1   8  1.897474E+01 -4.126891E-01 -1.589695E+00 -1.809053E+00 -4.494792E-01  1.428272E-03
         2   1  2.366951E+01 -6.607151E-01 -1.767341E+00  6.368864E-02 -9.326000E-02 -1.035281E-05
         2   2  2.468623E+01  2.194194E-01  1.383634E-01  6.371620E-02 -9.338667E-02 -1.035749E-05
         2   3  2.366951E+01 -6.607151E-01 -1.767341E+00 -6.368864E-02 -9.326000E-02  1.035281E-05
         2   4  2.468623E+01  2.194194E-01  1.383634E-01 -6.371620E-02 -9.338667E-02  1.035749E-05
         2   5  2.366951E+01 -6.607151E-01 -1.767341E+00  6.368864E-02  9.326000E-02  1.035281E-05
         2   6  2.468623E+01  2.194194E-01  1.383634E-01  6.371620E-02  9.338667E-02  1.035749E-05
         2   7  2.366951E+01 -6.607151E-01 -1.767341E+00 -6.368864E-02  9.326000E-02 -1.035281E-05
         2   8  2.468623E+01  2.194194E-01  1.383634E-01 -6.371620E-02  9.338667E-02 -1.035749E-05
         3   1  2.425593E+01  8.803646E-02  3.093050E-01 -1.858500E-02  1.707861E-02 -5.528918E-07
         3   2  2.408745E+01 -4.227593E-02 -2.238483E-02 -1.858392E-02  1.707453E-02 -5.528503E-07
         3   3  2.425593E+01  8.803646E-02  3.093050E-01  1.858500E-02  1.707861E-02  5.528918E-07
         3   4  2.408745E+01 -4.227593E-02 -2.238483E-02  1.858392E-02  1.707453E-02  5.528503E-07
         3   5  2.425593E+01  8.803646E-02  3.093050E-01 -1.858500E-02 -1.707861E-02  5.528918E-07
         3   6  2.408745E+01 -4.227593E-02 -2.238483E-02 -1.858392E-02 -1.707453E-02  5.528503E-07
         3   7  2.425593E+01  8.803646E-02  3.093050E-01  1.858500E-02 -1.707861E-02 -5.528918E-07
         3   8  2.408745E+01 -4.227593E-02 -2.238483E-02  1.858392E-02 -1.707453E-02 -5.528503E-07
         4   1  2.415763E+01 -1.534725E-02 -5.571844E-02  3.488092E-03 -3.090618E-03 -1.878040E-08
         4   2  2.418781E+01  7.689450E-03  3.996983E-03  3.488127E-03 -3.090751E-03 -1.878065E-08
         4   3  2.415763E+01 -1.534725E-02 -5.571844E-02 -3.488092E-03 -3.090618E-03  1.878040E-08
         4   4  2.418781E+01  7.689450E-03  3.996983E-03 -3.488127E-03 -3.090751E-03  1.878065E-08
         4   5  2.415763E+01 -1.534725E-02 -5.571844E-02  3.488092E-03  3.090618E-03  1.878040E-08
         4   6  2.418781E+01  7.689450E-03  3.996983E-03  3.488127E-03  3.090751E-03  1.878065E-08
         4   7  2.415763E+01 -1.534725E-02 -5.571844E-02 -3.488092E-03  3.090618E-03 -1.878040E-08
         4   8  2.418781E+01  7.689450E-03  3.996983E-03 -3.488127E-03  3.090751E-03 -1.878065E-08
         5   1  2.417526E+01  2.764286E-03  1.006904E-02 -6.327853E-04  5.587691E-04 -6.159595E-10
         5   2  2.416981E+01 -1.390856E-03 -7.217811E-04 -6.327841E-04  5.587648E-04 -6.159584E-10
         5   3  2.417526E+01  2.764286E-03  1.006904E-02  6.327853E-04  5.587691E-04  6.159611E-10
         5   4  2.416981E+01 -1.390856E-03 -7.217811E-04  6.327841E-04  5.587648E-04  6.159588E-10
         5   5  2.417526E+01  2.764286E-03  1.006904E-02 -6.327853E-04 -5.587691E-04  6.159587E-10
         5   6  2.416981E+01 -1.390856E-03 -7.217811E-04 -6.327841E-04 -5.587648E-04  6.159578E-10
         5   7  2.417526E+01  2.764286E-03  1.006904E-02  6.327853E-04 -5.587691E-04 -6.159577E-10
         5   8  2.416981E+01 -1.390856E-03 -7.217811E-04  6.327841E-04 -5.587648E-04 -6.159572E-10
         6   1  2.417207E+01 -4.995578E-04 -1.820120E-03  1.144511E-04 -1.010274E-04 -2.014254E-11
         6   2  2.417306E+01  2.515315E-04  1.307979E-04  1.144511E-04 -1.010275E-04 -2.014190E-11
         6   3  2.417207E+01 -4.995578E-04 -1.820120E-03 -1.144511E-04 -1.010274E-04  2.014320E-11
         6   4  2.417306E+01  2.515315E-04  1.307979E-04 -1.144511E-04 -1.010275E-04  2.014128E-11
         6   5  2.417207E+01 -4.995578E-04 -1.820120E-03  1.144511E-04  1.010274E-04  2.014391E-11
         6   6  2.417306E+01  2.515315E-04  1.307979E-04  1.144511E-04  1.010275E-04  2.014528E-11
         6   7  2.417207E+01 -4.995578E-04 -1.820120E-03 -1.144511E-04  1.010274E-04 -2.014133E-11
         6   8  2.417306E+01  2.515315E-04  1.307979E-04 -1.144511E-04  1.010275E-04 -2.014443E-11
         7   1  2.417265E+01  9.056079E-05  3.291540E-04 -2.080802E-05  1.836692E-05 -6.647241E-13
         7   2  2.417247E+01 -4.598510E-05 -2.552388E-05 -2.080802E-05  1.836691E-05 -6.669089E-13
         7   3  2.417265E+01  9.056079E-05  3.291540E-04  2.080802E-05  1.836692E-05  6.647093E-13
         7   4  2.417247E+01 -4.598510E-05 -2.552388E-05  2.080802E-05  1.836691E-05  6.638885E-13
         7   5  2.417265E+01  9.056079E-05  3.291540E-04 -2.080802E-05 -1.836692E-05  6.668461E-13
         7   6  2.417247E+01 -4.598510E-05 -2.552388E-05 -2.080802E-05 -1.836691E-05  6.639625E-13
         7   7  2.417265E+01  9.056079E-05  3.291540E-04  2.080802E-05 -1.836692E-05 -6.668461E-13
         7   8  2.417247E+01 -4.598510E-05 -2.552388E-05  2.080802E-05 -1.836691E-05 -6.687980E-13
         8   1  2.417254E+01 -1.780716E-05 -6.024595E-05  4.415315E-06 -3.897314E-06 -3.093105E-14
         8   2  2.417258E+01  1.116673E-05  1.501385E-05  4.415315E-06 -3.897315E-06 -3.044491E-14
         8   3  2.417254E+01 -1.780716E-05 -6.024595E-05 -4.415315E-06 -3.897314E-06  2.739679E-14
         8   4  2.417258E+01  1.116673E-05  1.501385E-05 -4.415315E-06 -3.897315E-06  3.401799E-14
         8   5  2.417254E+01 -1.780716E-05 -6.024595E-05  4.415315E-06  3.897314E-06  2.867593E-14
         8   6  2.417258E+01  1.116673E-05  1.501385E-05  4.415315E-06  3.897315E-06  2.921568E-14
         8   7  2.417254E+01 -1.780716E-05 -6.024595E-05 -4.415315E-06  3.897314E-06 -3.033215E-14
         8   8  2.417258E+01  1.116673E-05  1.501385E-05 -4.415315E-06  3.897315E-06 -2.660564E-14

 strains (elem, integ.pnt.,exx,eyy,ezz,exy,exz,eyz) for set ALL and time  0.7750000E+00

         1   1  6.495883E-03 -5.897824E-04 -7.334120E-04  8.054200E-04  2.002984E-04  3.565447E-20
         1   2  6.495883E-03 -2.199323E-03 -2.734387E-03  8.041210E-04  1.998966E-04 -9.327036E-20
         1   3  6.495883E-03 -5.897824E-04 -7.334120E-04 -8.054200E-04  2.002984E-04  6.274353E-20
         1   4  6.495883E-03 -2.199323E-03 -2.734387E-03 -8.041210E-04  1.998966E-04  1.491115E-20
         1   5  6.495883E-03 -5.897824E-04 -7.334120E-04  8.054200E-04 -2.002984E-04  8.475023E-20
         1   6  6.495883E-03 -2.199323E-03 -2.734387E-03  8.041210E-04 -1.998966E-04 -2.569326E-20
         1   7  6.495883E-03 -5.897824E-04 -7.334120E-04 -8.054200E-04 -2.002984E-04  8.475023E-20
         1   8  6.495883E-03 -2.199323E-03 -2.734387E-03 -8.041210E-04 -1.998966E-04  8.248824E-20
         2   1  8.072759E-03 -2.808434E-03 -3.314707E-03  2.817677E-05 -4.127970E-05  1.773047E-19
         2   2  8.072759E-03 -2.864786E-03 -2.901824E-03  2.817517E-05 -4.129686E-05 -1.890833E-19
         2   3  8.072759E-03 -2.808434E-03 -3.314707E-03 -2.817677E-05 -4.127970E-05 -1.335336E-19
         2   4  8.072759E-03 -2.864786E-03 -2.901824E-03 -2.817517E-05 -4.129686E-05 -4.998977E-19
         2   5  8.072759E-03 -2.808434E-03 -3.314707E-03  2.817677E-05  4.127970E-05  2.178273E-19
         2   6  8.072759E-03 -2.864786E-03 -2.901824E-03  2.817517E-05  4.129686E-05 -2.735405E-19
         2   7  8.072759E-03 -2.808434E-03 -3.314707E-03 -2.817677E-05  4.127970E-05 -9.301105E-20
         2   8  8.072759E-03 -2.864786E-03 -2.901824E-03 -2.817517E-05  4.129686E-05 -4.796239E-19
         3   1  7.928518E-03 -2.879392E-03 -2.778310E-03 -8.222330E-06  7.555142E-06 -1.556183E-19
         3   2  7.928518E-03 -2.862947E-03 -2.853858E-03 -8.222466E-06  7.554568E-06  4.054079E-19
         3   3  7.928518E-03 -2.879392E-03 -2.778310E-03  8.222330E-06  7.555142E-06 -3.752121E-19
         3   4  7.928518E-03 -2.862947E-03 -2.853858E-03  8.222466E-06  7.554568E-06 -2.111728E-20
         3   5  7.928518E-03 -2.879392E-03 -2.778310E-03 -8.222330E-06 -7.555142E-06 -3.380684E-19
         3   6  7.928518E-03 -2.862947E-03 -2.853858E-03 -8.222466E-06 -7.554568E-06  6.486515E-19
         3   7  7.928518E-03 -2.879392E-03 -2.778310E-03  8.222330E-06 -7.555142E-06 -5.542835E-19
         3   8  7.928518E-03 -2.862947E-03 -2.853858E-03  8.222466E-06 -7.554568E-06 -4.054148E-19
         4   1  7.952042E-03 -2.858058E-03 -2.876505E-03  1.543179E-06 -1.367356E-06  1.243255E-18
         4   2  7.952042E-03 -2.861144E-03 -2.862831E-03  1.543175E-06 -1.367374E-06  5.912136E-20
         4   3  7.952042E-03 -2.858058E-03 -2.876505E-03 -1.543179E-06 -1.367356E-06 -3.783937E-19
         4   4  7.952042E-03 -2.861144E-03 -2.862831E-03 -1.543175E-06 -1.367374E-06  6.503455E-19
         4   5  7.952042E-03 -2.858058E-03 -2.876505E-03  1.543179E-06  1.367356E-06  6.621689E-19
         4   6  7.952042E-03 -2.861144E-03 -2.862831E-03  1.543175E-06  1.367374E-06 -4.662233E-19
         4   7  7.952042E-03 -2.858058E-03 -2.876505E-03 -1.543179E-06  1.367356E-06 -6.351499E-19
         4   8  7.952042E-03 -2.861144E-03 -2.862831E-03 -1.543175E-06  1.367374E-06  3.783827E-19
         5   1  7.947836E-03 -2.862069E-03 -2.858731E-03 -2.799533E-07  2.472067E-07 -7.094417E-20
         5   2  7.947836E-03 -2.861509E-03 -2.861203E-03 -2.799535E-07  2.472061E-07 -2.440907E-19
         5   3  7.947836E-03 -2.862069E-03 -2.858731E-03  2.799533E-07  2.472067E-07  7.939316E-19
         5   4  7.947836E-03 -2.861509E-03 -2.861203E-03  2.799535E-07  2.472061E-07  3.961204E-19
         5   5  7.947836E-03 -2.862069E-03 -2.858731E-03 -2.799533E-07 -2.472067E-07 -3.243259E-19
         5   6  7.947836E-03 -2.861509E-03 -2.861203E-03 -2.799535E-07 -2.472061E-07 -2.364857E-20
         5   7  7.947836E-03 -2.862069E-03 -2.858731E-03  2.799533E-07 -2.472067E-07  7.567688E-19
         5   8  7.947836E-03 -2.861509E-03 -2.861203E-03  2.799535E-07 -2.472061E-07  3.074369E-19
         6   1  7.948595E-03 -2.861341E-03 -2.861944E-03  5.063480E-08 -4.469598E-08  2.027048E-19
         6   2  7.948595E-03 -2.861442E-03 -2.861497E-03  5.063479E-08 -4.469600E-08  5.033850E-19
         6   3  7.948595E-03 -2.861341E-03 -2.861944E-03 -5.063480E-08 -4.469598E-08  9.459527E-20
         6   4  7.948595E-03 -2.861442E-03 -2.861497E-03 -5.063479E-08 -4.469600E-08 -7.863280E-19
         6   5  7.948595E-03 -2.861341E-03 -2.861944E-03  5.063480E-08  4.469598E-08  4.189238E-19
         6   6  7.948595E-03 -2.861442E-03 -2.861497E-03  5.063479E-08  4.469600E-08  1.043933E-18
         6   7  7.948595E-03 -2.861341E-03 -2.861944E-03 -5.063480E-08  4.469598E-08  7.567661E-19
         6   8  7.948595E-03 -2.861442E-03 -2.861497E-03 -5.063479E-08  4.469600E-08 -6.554141E-19
         7   1  7.948458E-03 -2.861473E-03 -2.861364E-03 -9.205767E-09  8.125786E-09  4.831144E-19
         7   2  7.948458E-03 -2.861454E-03 -2.861445E-03 -9.205767E-09  8.125785E-09 -5.152095E-19
         7   3  7.948458E-03 -2.861473E-03 -2.861364E-03  9.205767E-09  8.125786E-09 -4.898714E-19
         7   4  7.948458E-03 -2.861454E-03 -2.861445E-03  9.205767E-09  8.125785E-09 -8.648763E-19
         7   5  7.948458E-03 -2.861473E-03 -2.861364E-03 -9.205767E-09 -8.125786E-09  4.864928E-19
         7   6  7.948458E-03 -2.861454E-03 -2.861445E-03 -9.205767E-09 -8.125785E-09 -8.310921E-19
         7   7  7.948458E-03 -2.861473E-03 -2.861364E-03  9.205767E-09 -8.125786E-09 -4.864930E-19
         7   8  7.948458E-03 -2.861454E-03 -2.861445E-03  9.205767E-09 -8.125785E-09 -1.378397E-18
         8   1  7.948482E-03 -2.861449E-03 -2.861468E-03  1.953398E-09 -1.724228E-09 -4.358165E-19
         8   2  7.948482E-03 -2.861453E-03 -2.861451E-03  1.953398E-09 -1.724228E-09 -2.136852E-19
         8   3  7.948482E-03 -2.861449E-03 -2.861468E-03 -1.953398E-09 -1.724228E-09 -1.179070E-18
         8   4  7.948482E-03 -2.861453E-03 -2.861451E-03 -1.953398E-09 -1.724228E-09  1.846308E-18
         8   5  7.948482E-03 -2.861449E-03 -2.861468E-03  1.953398E-09  1.724228E-09 -5.946024E-19
         8   6  7.948482E-03 -2.861453E-03 -2.861451E-03  1.953398E-09  1.724228E-09 -3.479775E-19
         8   7  7.948482E-03 -2.861449E-03 -2.861468E-03 -1.953398E-09  1.724228E-09 -1.621643E-19
         8   8  7.948482E-03 -2.861453E-03 -2.861451E-03 -1.953398E-09  1.724228E-09  1.540561E-18

                                INCREMENT    10


 forces (fx,fy,fz) for set RIGHT and time  0.8750000E+00

        33  3.397024E+01  1.785855E-15  6.757958E-15
        34  3.397024E+01  7.425112E-15 -2.038950E-14
        35  3.397024E+01  2.762382E-16  1.036758E-14
        36  3.397024E+01  4.833475E-15 -1.590181E-14

 displacements (vx,vy,vz) for set RIGHT and time  0.8750000E+00

        33  1.750000E-01  8.093735E-03  1.618742E-03
        34  1.750000E-01 -8.093735E-03  1.618742E-03
        35  1.750000E-01 -8.093735E-03 -1.618742E-03
        36  1.750000E-01  8.093735E-03 -1.618742E-03

 stresses (elem, integ.pnt.,sxx,syy,szz,sxy,sxz,syz) for set ALL and time  0.8750000E+00

         1   1  3.305133E+01  1.500473E+01  1.463684E+01  2.067997E+00  5.144570E-01  1.833002E-03
         1   2  2.147013E+01 -4.614255E-01 -1.793374E+00  2.047963E+00  5.090255E-01  1.823589E-03
         1   3  3.305133E+01  1.500473E+01  1.463684E+01 -2.067997E+00  5.144570E-01 -1.833002E-03
         1   4  2.147013E+01 -4.614255E-01 -1.793374E+00 -2.047963E+00  5.090255E-01 -1.823589E-03
         1   5  3.305133E+01  1.500473E+01  1.463684E+01  2.067997E+00 -5.144570E-01 -1.833002E-03
         1   6  2.147013E+01 -4.614255E-01 -1.793374E+00  2.047963E+00 -5.090255E-01 -1.823589E-03
         1   7  3.305133E+01  1.500473E+01  1.463684E+01 -2.067997E+00 -5.144570E-01  1.833002E-03
         1   8  2.147013E+01 -4.614255E-01 -1.793374E+00 -2.047963E+00 -5.090255E-01  1.823589E-03
         2   1  2.678501E+01 -7.445648E-01 -1.995866E+00  7.265689E-02 -1.057907E-01 -1.332956E-05
         2   2  2.793460E+01  2.480268E-01  1.559443E-01  7.269220E-02 -1.059527E-01 -1.333636E-05
         2   3  2.678501E+01 -7.445648E-01 -1.995866E+00 -7.265689E-02 -1.057907E-01  1.332956E-05
         2   4  2.793460E+01  2.480268E-01  1.559443E-01 -7.269220E-02 -1.059527E-01  1.333636E-05
         2   5  2.678501E+01 -7.445648E-01 -1.995866E+00  7.265689E-02  1.057907E-01  1.332956E-05
         2   6  2.793460E+01  2.480268E-01  1.559443E-01  7.269220E-02  1.059527E-01  1.333636E-05
         2   7  2.678501E+01 -7.445648E-01 -1.995866E+00 -7.265689E-02  1.057907E-01 -1.332956E-05
         2   8  2.793460E+01  2.480268E-01  1.559443E-01 -7.269220E-02  1.059527E-01 -1.333636E-05
         3   1  2.744728E+01  9.967750E-02  3.495098E-01 -2.102428E-02  1.937109E-02 -7.057594E-07
         3   2  2.725652E+01 -4.775269E-02 -2.527814E-02 -2.102291E-02  1.936587E-02 -7.056997E-07
         3   3  2.744728E+01  9.967750E-02  3.495098E-01  2.102428E-02  1.937109E-02  7.057595E-07
         3   4  2.725652E+01 -4.775269E-02 -2.527814E-02  2.102291E-02  1.936587E-02  7.056997E-07
         3   5  2.744728E+01  9.967750E-02  3.495098E-01 -2.102428E-02 -1.937109E-02  7.057595E-07
         3   6  2.725652E+01 -4.775269E-02 -2.527814E-02 -2.102291E-02 -1.936587E-02  7.056997E-07
         3   7  2.744728E+01  9.967750E-02  3.495098E-01  2.102428E-02 -1.937109E-02 -7.057595E-07
         3   8  2.725652E+01 -4.775269E-02 -2.527814E-02  2.102291E-02 -1.936587E-02 -7.056997E-07
         4   1  2.733612E+01 -1.739634E-02 -6.296093E-02  3.941463E-03 -3.504964E-03 -2.394280E-08
         4   2  2.737030E+01  8.683431E-03  4.514715E-03  3.941508E-03 -3.505134E-03 -2.394316E-08
         4   3  2.733612E+01 -1.739634E-02 -6.296093E-02 -3.941463E-03 -3.504964E-03  2.394280E-08
         4   4  2.737030E+01  8.683431E-03  4.514715E-03 -3.941508E-03 -3.505134E-03  2.394316E-08
         4   5  2.733612E+01 -1.739634E-02 -6.296093E-02  3.941463E-03  3.504964E-03  2.394280E-08
         4   6  2.737030E+01  8.683431E-03  4.514715E-03  3.941508E-03  3.505134E-03  2.394317E-08
         4   7  2.733612E+01 -1.739634E-02 -6.296093E-02 -3.941463E-03  3.504964E-03 -2.394280E-08
         4   8  2.737030E+01  8.683431E-03  4.514715E-03 -3.941508E-03  3.505134E-03 -2.394316E-08
         5   1  2.735606E+01  3.133653E-03  1.137695E-02 -7.148403E-04  6.336163E-04 -7.849797E-10
         5   2  2.734989E+01 -1.570447E-03 -8.152481E-04 -7.148388E-04  6.336107E-04 -7.849775E-10
         5   3  2.735606E+01  3.133653E-03  1.137695E-02  7.148403E-04  6.336163E-04  7.849820E-10
         5   4  2.734989E+01 -1.570447E-03 -8.152481E-04  7.148388E-04  6.336107E-04  7.849805E-10
         5   5  2.735606E+01  3.133653E-03  1.137695E-02 -7.148403E-04 -6.336163E-04  7.849850E-10
         5   6  2.734989E+01 -1.570447E-03 -8.152481E-04 -7.148388E-04 -6.336107E-04  7.849829E-10
         5   7  2.735606E+01  3.133653E-03  1.137695E-02  7.148403E-04 -6.336163E-04 -7.849826E-10
         5   8  2.734989E+01 -1.570447E-03 -8.152481E-04  7.148388E-04 -6.336107E-04 -7.849799E-10
         6   1  2.735246E+01 -5.662658E-04 -2.056340E-03  1.292768E-04 -1.145484E-04 -2.566399E-11
         6   2  2.735358E+01  2.839810E-04  1.477217E-04  1.292768E-04 -1.145486E-04 -2.566631E-11
         6   3  2.735246E+01 -5.662658E-04 -2.056340E-03 -1.292768E-04 -1.145484E-04  2.566444E-11
         6   4  2.735358E+01  2.839810E-04  1.477217E-04 -1.292768E-04 -1.145486E-04  2.566282E-11
         6   5  2.735246E+01 -5.662658E-04 -2.056340E-03  1.292768E-04  1.145484E-04  2.566541E-11
         6   6  2.735358E+01  2.839810E-04  1.477217E-04  1.292768E-04  1.145486E-04  2.566384E-11
         6   7  2.735246E+01 -5.662658E-04 -2.056340E-03 -1.292768E-04  1.145484E-04 -2.566376E-11
         6   8  2.735358E+01  2.839810E-04  1.477217E-04 -1.292768E-04  1.145486E-04 -2.566740E-11
         7   1  2.735311E+01  1.026425E-04  3.718354E-04 -2.350098E-05  2.082295E-05 -8.501070E-13
         7   2  2.735291E+01 -5.191449E-05 -2.882365E-05 -2.350097E-05  2.082294E-05 -8.496030E-13
         7   3  2.735311E+01  1.026425E-04  3.718354E-04  2.350098E-05  2.082295E-05  8.463265E-13
         7   4  2.735291E+01 -5.191449E-05 -2.882365E-05  2.350097E-05  2.082294E-05  8.456509E-13
         7   5  2.735311E+01  1.026425E-04  3.718354E-04 -2.350098E-05 -2.082295E-05  8.454553E-13
         7   6  2.735291E+01 -5.191449E-05 -2.882365E-05 -2.350097E-05 -2.082294E-05  8.464077E-13
         7   7  2.735311E+01  1.026425E-04  3.718354E-04  2.350098E-05 -2.082295E-05 -8.500627E-13
         7   8  2.735291E+01 -5.191449E-05 -2.882365E-05  2.350097E-05 -2.082294E-05 -8.505204E-13
         8   1  2.735299E+01 -2.017417E-05 -6.805086E-05  4.986173E-06 -4.417962E-06 -3.972136E-14
         8   2  2.735304E+01  1.261782E-05  1.695612E-05  4.986173E-06 -4.417963E-06 -3.795668E-14
         8   3  2.735299E+01 -2.017417E-05 -6.805086E-05 -4.986173E-06 -4.417963E-06  3.660547E-14
         8   4  2.735304E+01  1.261782E-05  1.695612E-05 -4.986173E-06 -4.417963E-06  4.073846E-14
         8   5  2.735299E+01 -2.017417E-05 -6.805086E-05  4.986173E-06  4.417962E-06  3.800098E-14
         8   6  2.735304E+01  1.261782E-05  1.695612E-05  4.986173E-06  4.417963E-06  3.956631E-14
         8   7  2.735299E+01 -2.017417E-05 -6.805086E-05 -4.986173E-06  4.417962E-06 -3.930050E-14
         8   8  2.735304E+01  1.261782E-05  1.695612E-05 -4.986173E-06  4.417963E-06 -3.519520E-14

 strains (elem, integ.pnt.,exx,eyy,ezz,exy,exz,eyz) for set ALL and time  0.8750000E+00

         1   1  7.338766E-03 -6.661377E-04 -8.287722E-04  9.096578E-04  2.263309E-04 -2.591889E-19
         1   2  7.338766E-03 -2.483796E-03 -3.089515E-03  9.080006E-04  2.258178E-04 -8.945967E-19
         1   3  7.338766E-03 -6.661377E-04 -8.287722E-04 -9.096578E-04  2.263309E-04 -4.249299E-20
         1   4  7.338766E-03 -2.483796E-03 -3.089515E-03 -9.080006E-04  2.258178E-04 -2.939200E-20
         1   5  7.338766E-03 -6.661377E-04 -8.287722E-04  9.096578E-04 -2.263309E-04 -2.033267E-19
         1   6  7.338766E-03 -2.483796E-03 -3.089515E-03  9.080006E-04 -2.258178E-04 -7.730014E-19
         1   7  7.338766E-03 -6.661377E-04 -8.287722E-04 -9.096578E-04 -2.263309E-04 -1.220657E-19
         1   8  7.338766E-03 -2.483796E-03 -3.089515E-03 -9.080006E-04 -2.258178E-04  9.220333E-20
         2   1  9.118746E-03 -3.171735E-03 -3.744869E-03  3.204348E-05 -4.668197E-05 -4.565464E-19
         2   2  9.118746E-03 -3.235819E-03 -3.277939E-03  3.204141E-05 -4.670393E-05 -2.247629E-20
         2   3  9.118746E-03 -3.171735E-03 -3.744869E-03 -3.204348E-05 -4.668197E-05 -1.074158E-20
         2   4  9.118746E-03 -3.235819E-03 -3.277939E-03 -3.204141E-05 -4.670393E-05 -3.598546E-20
         2   5  9.118746E-03 -3.171735E-03 -3.744869E-03  3.204348E-05  4.668197E-05 -3.958512E-19
         2   6  9.118746E-03 -3.235819E-03 -3.277939E-03  3.204141E-05  4.670393E-05  6.411251E-19
         2   7  9.118746E-03 -3.171735E-03 -3.744869E-03 -3.204348E-05  4.668197E-05  1.580294E-19
         2   8  9.118746E-03 -3.235819E-03 -3.277939E-03 -3.204141E-05  4.670393E-05  2.426222E-19
         3   1  8.955906E-03 -3.252487E-03 -3.138244E-03 -9.272316E-06  8.542275E-06  5.690945E-19
         3   2  8.955906E-03 -3.233942E-03 -3.223663E-03 -9.272489E-06  8.541540E-06  2.483997E-19
         3   3  8.955906E-03 -3.252487E-03 -3.138244E-03  9.272316E-06  8.542275E-06  4.610275E-19
         3   4  8.955906E-03 -3.233942E-03 -3.223663E-03  9.272489E-06  8.541540E-06  6.452159E-19
         3   5  8.955906E-03 -3.252487E-03 -3.138244E-03 -9.272316E-06 -8.542275E-06  7.987509E-19
         3   6  8.955906E-03 -3.233942E-03 -3.223663E-03 -9.272489E-06 -8.541540E-06  2.332015E-19
         3   7  8.955906E-03 -3.252487E-03 -3.138244E-03  9.272316E-06 -8.542275E-06  1.638588E-19
         3   8  8.955906E-03 -3.233942E-03 -3.223663E-03  9.272489E-06 -8.541540E-06 -2.260918E-19
         4   1  8.982506E-03 -3.228427E-03 -3.249268E-03  1.738281E-06 -1.545805E-06  5.973848E-19
         4   2  8.982506E-03 -3.231904E-03 -3.233810E-03  1.738275E-06 -1.545829E-06  1.158334E-18
         4   3  8.982506E-03 -3.228427E-03 -3.249268E-03 -1.738281E-06 -1.545805E-06  1.651064E-19
         4   4  8.982506E-03 -3.231904E-03 -3.233810E-03 -1.738275E-06 -1.545829E-06 -1.275215E-19
         4   5  8.982506E-03 -3.228427E-03 -3.249268E-03  1.738281E-06  1.545805E-06  3.103287E-19
         4   6  8.982506E-03 -3.231904E-03 -3.233810E-03  1.738275E-06  1.545829E-06  1.067151E-18
         4   7  8.982506E-03 -3.228427E-03 -3.249268E-03 -1.738281E-06  1.545805E-06 -4.326503E-19
         4   8  8.982506E-03 -3.231904E-03 -3.233810E-03 -1.738275E-06  1.545829E-06  3.036123E-20
         5   1  8.977748E-03 -3.232945E-03 -3.229175E-03 -3.152626E-07  2.794398E-07  1.165184E-18
         5   2  8.977748E-03 -3.232315E-03 -3.231969E-03 -3.152628E-07  2.794390E-07  1.183701E-18
         5   3  8.977748E-03 -3.232945E-03 -3.229175E-03  3.152626E-07  2.794398E-07 -1.316458E-19
         5   4  8.977748E-03 -3.232315E-03 -3.231969E-03  3.152628E-07  2.794390E-07  1.992578E-19
         5   5  8.977748E-03 -3.232945E-03 -3.229175E-03 -3.152626E-07 -2.794398E-07  1.242858E-18
         5   6  8.977748E-03 -3.232315E-03 -3.231969E-03 -3.152628E-07 -2.794390E-07  1.290081E-18
         5   7  8.977748E-03 -3.232945E-03 -3.229175E-03  3.152626E-07 -2.794398E-07 -1.620403E-19
         5   8  8.977748E-03 -3.232315E-03 -3.231969E-03  3.152628E-07 -2.794390E-07  7.092570E-20
         6   1  8.978607E-03 -3.232126E-03 -3.232807E-03  5.701429E-08 -5.051876E-08  3.140682E-19
         6   2  8.978607E-03 -3.232240E-03 -3.232302E-03  5.701429E-08 -5.051879E-08 -7.446646E-19
         6   3  8.978607E-03 -3.232126E-03 -3.232807E-03 -5.701429E-08 -5.051876E-08 -1.047000E-19
         6   4  8.978607E-03 -3.232240E-03 -3.232302E-03 -5.701429E-08 -5.051879E-08 -8.518895E-19
         6   5  8.978607E-03 -3.232126E-03 -3.232807E-03  5.701429E-08  5.051876E-08  3.377083E-19
         6   6  8.978607E-03 -3.232240E-03 -3.232302E-03  5.701429E-08  5.051879E-08 -3.883739E-19
         6   7  8.978607E-03 -3.232126E-03 -3.232807E-03 -5.701429E-08  5.051876E-08  4.187602E-19
         6   8  8.978607E-03 -3.232240E-03 -3.232302E-03 -5.701429E-08  5.051879E-08 -1.239419E-18
         7   1  8.978452E-03 -3.232274E-03 -3.232151E-03 -1.036452E-08  9.183441E-09 -9.118339E-19
         7   2  8.978452E-03 -3.232253E-03 -3.232243E-03 -1.036452E-08  9.183440E-09 -6.813426E-19
         7   3  8.978452E-03 -3.232274E-03 -3.232151E-03  1.036452E-08  9.183441E-09 -8.172734E-19
         7   4  8.978452E-03 -3.232253E-03 -3.232243E-03  1.036452E-08  9.183440E-09 -1.126284E-18
         7   5  8.978452E-03 -3.232274E-03 -3.232151E-03 -1.036452E-08 -9.183441E-09 -1.215779E-18
         7   6  8.978452E-03 -3.232253E-03 -3.232243E-03 -1.036452E-08 -9.183440E-09 -7.801246E-19
         7   7  8.978452E-03 -3.232274E-03 -3.232151E-03  1.036452E-08 -9.183441E-09 -8.915709E-19
         7   8  8.978452E-03 -3.232253E-03 -3.232243E-03  1.036452E-08 -9.183440E-09 -1.100955E-18
         8   1  8.978479E-03 -3.232247E-03 -3.232269E-03  2.199028E-09 -1.948432E-09 -7.058270E-19
         8   2  8.978479E-03 -3.232252E-03 -3.232250E-03  2.199028E-09 -1.948433E-09  1.013149E-19
         8   3  8.978479E-03 -3.232247E-03 -3.232269E-03 -2.199028E-09 -1.948432E-09 -7.193357E-19
         8   4  8.978479E-03 -3.232252E-03 -3.232250E-03 -2.199028E-09 -1.948433E-09  1.171031E-18
         8   5  8.978479E-03 -3.232247E-03 -3.232269E-03  2.199028E-09  1.948432E-09 -8.105194E-20
         8   6  8.978479E-03 -3.232252E-03 -3.232250E-03  2.199028E-09  1.948433E-09  6.349066E-19
         8   7  8.978479E-03 -3.232247E-03 -3.232269E-03 -2.199028E-09  1.948432E-09 -5.133288E-19
         8   8  8.978479E-03 -3.232252E-03 -3.232250E-03 -2.199028E-09  1.948433E-09  1.364374E-18

                                INCREMENT    11


 forces (fx,fy,fz) for set RIGHT and time  0.9750000E+00

        33  3.790938E+01 -5.726870E-15 -3.352589E-14
        34  3.790938E+01  7.088925E-15 -1.380044E-14
        35  3.790938E+01  6.888970E-15  6.653888E-15
        36  3.790938E+01 -3.475764E-15  4.311630E-14

 displacements (vx,vy,vz) for set RIGHT and time  0.9750000E+00

        33  1.950000E-01  9.024823E-03  1.804959E-03
        34  1.950000E-01 -9.024823E-03  1.804959E-03
        35  1.950000E-01 -9.024823E-03 -1.804959E-03
        36  1.950000E-01  9.024823E-03 -1.804959E-03

 stresses (elem, integ.pnt.,sxx,syy,szz,sxy,sxz,syz) for set ALL and time  0.9750000E+00

         1   1  3.688912E+01  1.671800E+01  1.630572E+01  2.313020E+00  5.756814E-01  2.280929E-03
         1   2  2.397637E+01 -5.091332E-01 -1.996731E+00  2.288143E+00  5.689316E-01  2.267901E-03
         1   3  3.688912E+01  1.671800E+01  1.630572E+01 -2.313020E+00  5.756814E-01 -2.280929E-03
         1   4  2.397637E+01 -5.091332E-01 -1.996731E+00 -2.288143E+00  5.689316E-01 -2.267901E-03
         1   5  3.688912E+01  1.671800E+01  1.630572E+01  2.313020E+00 -5.756814E-01 -2.280929E-03
         1   6  2.397637E+01 -5.091332E-01 -1.996731E+00  2.288143E+00 -5.689316E-01 -2.267901E-03
         1   7  3.688912E+01  1.671800E+01  1.630572E+01 -2.313020E+00 -5.756814E-01  2.280929E-03
         1   8  2.397637E+01 -5.091332E-01 -1.996731E+00 -2.288143E+00 -5.689316E-01  2.267901E-03
         2   1  2.991470E+01 -8.280854E-01 -2.224493E+00  8.180285E-02 -1.184373E-01 -1.671633E-05
         2   2  3.119753E+01  2.767040E-01  1.734626E-01  8.184692E-02 -1.186391E-01 -1.672582E-05
         2   3  2.991470E+01 -8.280854E-01 -2.224493E+00 -8.180285E-02 -1.184373E-01  1.671633E-05
         2   4  3.119753E+01  2.767040E-01  1.734626E-01 -8.184692E-02 -1.186391E-01  1.672582E-05
         2   5  2.991470E+01 -8.280854E-01 -2.224493E+00  8.180285E-02  1.184373E-01  1.671633E-05
         2   6  3.119753E+01  2.767040E-01  1.734626E-01  8.184692E-02  1.186391E-01  1.672582E-05
         2   7  2.991470E+01 -8.280854E-01 -2.224493E+00 -8.180285E-02  1.184373E-01 -1.671633E-05
         2   8  3.119753E+01  2.767040E-01  1.734626E-01 -8.184692E-02  1.186391E-01 -1.672582E-05
         3   1  3.065284E+01  1.113833E-01  3.897801E-01 -2.347256E-02  2.168415E-02 -8.774912E-07
         3   2  3.043969E+01 -5.323400E-02 -2.817254E-02 -2.347086E-02  2.167765E-02 -8.774084E-07
         3   3  3.065284E+01  1.113833E-01  3.897801E-01  2.347256E-02  2.168415E-02  8.774912E-07
         3   4  3.043969E+01 -5.323400E-02 -2.817254E-02  2.347086E-02  2.167765E-02  8.774084E-07
         3   5  3.065284E+01  1.113833E-01  3.897801E-01 -2.347256E-02 -2.168415E-02  8.774912E-07
         3   6  3.043969E+01 -5.323400E-02 -2.817254E-02 -2.347086E-02 -2.167765E-02  8.774084E-07
         3   7  3.065284E+01  1.113833E-01  3.897801E-01  2.347256E-02 -2.168415E-02 -8.774912E-07
         3   8  3.043969E+01 -5.323400E-02 -2.817254E-02  2.347086E-02 -2.167765E-02 -8.774084E-07
         4   1  3.052881E+01 -1.946092E-02 -7.021505E-02  4.395543E-03 -3.922915E-03 -2.973167E-08
         4   2  3.056700E+01  9.677745E-03  5.032861E-03  4.395598E-03 -3.923127E-03 -2.973217E-08
         4   3  3.052881E+01 -1.946092E-02 -7.021505E-02 -4.395543E-03 -3.922915E-03  2.973167E-08
         4   4  3.056700E+01  9.677745E-03  5.032861E-03 -4.395598E-03 -3.923127E-03  2.973217E-08
         4   5  3.052881E+01 -1.946092E-02 -7.021505E-02  4.395543E-03  3.922915E-03  2.973167E-08
         4   6  3.056700E+01  9.677745E-03  5.032861E-03  4.395598E-03  3.923127E-03  2.973217E-08
         4   7  3.052881E+01 -1.946092E-02 -7.021505E-02 -4.395543E-03  3.922915E-03 -2.973167E-08
         4   8  3.056700E+01  9.677745E-03  5.032861E-03 -4.395598E-03  3.923127E-03 -2.973217E-08
         5   1  3.055106E+01  3.505857E-03  1.268674E-02 -7.969825E-04  7.091000E-04 -9.744163E-10
         5   2  3.054416E+01 -1.750055E-03 -9.087826E-04 -7.969807E-04  7.090931E-04 -9.744102E-10
         5   3  3.055106E+01  3.505857E-03  1.268674E-02  7.969825E-04  7.091000E-04  9.744122E-10
         5   4  3.054416E+01 -1.750055E-03 -9.087826E-04  7.969807E-04  7.090931E-04  9.744102E-10
         5   5  3.055106E+01  3.505857E-03  1.268674E-02 -7.969825E-04 -7.091000E-04  9.744134E-10
         5   6  3.054416E+01 -1.750055E-03 -9.087826E-04 -7.969807E-04 -7.090931E-04  9.744121E-10
         5   7  3.055106E+01  3.505857E-03  1.268674E-02  7.969825E-04 -7.091000E-04 -9.744162E-10
         5   8  3.054416E+01 -1.750055E-03 -9.087826E-04  7.969807E-04 -7.090931E-04 -9.744098E-10
         6   1  3.054704E+01 -6.334755E-04 -2.292855E-03  1.441148E-04 -1.281818E-04 -3.184968E-11
         6   2  3.054829E+01  3.164269E-04  1.646544E-04  1.441148E-04 -1.281820E-04 -3.185072E-11
         6   3  3.054704E+01 -6.334755E-04 -2.292855E-03 -1.441148E-04 -1.281818E-04  3.185294E-11
         6   4  3.054829E+01  3.164269E-04  1.646544E-04 -1.441148E-04 -1.281820E-04  3.185109E-11
         6   5  3.054704E+01 -6.334755E-04 -2.292855E-03  1.441148E-04  1.281818E-04  3.185124E-11
         6   6  3.054829E+01  3.164269E-04  1.646544E-04  1.441148E-04  1.281820E-04  3.185139E-11
         6   7  3.054704E+01 -6.334755E-04 -2.292855E-03 -1.441148E-04  1.281818E-04 -3.185003E-11
         6   8  3.054829E+01  3.164269E-04  1.646544E-04 -1.441148E-04  1.281820E-04 -3.185002E-11
         7   1  3.054777E+01  1.148126E-04  4.145616E-04 -2.619562E-05  2.329890E-05 -1.052458E-12
         7   2  3.054754E+01 -5.784252E-05 -3.212455E-05 -2.619562E-05  2.329889E-05 -1.052753E-12
         7   3  3.054777E+01  1.148126E-04  4.145616E-04  2.619562E-05  2.329890E-05  1.052886E-12
         7   4  3.054754E+01 -5.784252E-05 -3.212455E-05  2.619562E-05  2.329889E-05  1.051194E-12
         7   5  3.054777E+01  1.148126E-04  4.145616E-04 -2.619562E-05 -2.329890E-05  1.050681E-12
         7   6  3.054754E+01 -5.784252E-05 -3.212455E-05 -2.619562E-05 -2.329889E-05  1.050563E-12
         7   7  3.054777E+01  1.148126E-04  4.145616E-04  2.619562E-05 -2.329890E-05 -1.052097E-12
         7   8  3.054754E+01 -5.784252E-05 -3.212455E-05  2.619562E-05 -2.329889E-05 -1.054604E-12
         8   1  3.054763E+01 -2.255658E-05 -7.586235E-05  5.557262E-06 -4.942720E-06 -4.744157E-14
         8   2  3.054768E+01  1.407109E-05  1.889937E-05  5.557262E-06 -4.942721E-06 -4.488669E-14
         8   3  3.054763E+01 -2.255658E-05 -7.586235E-05 -5.557262E-06 -4.942720E-06  4.778075E-14
         8   4  3.054768E+01  1.407109E-05  1.889937E-05 -5.557262E-06 -4.942721E-06  5.082965E-14
         8   5  3.054763E+01 -2.255658E-05 -7.586235E-05  5.557262E-06  4.942720E-06  4.562034E-14
         8   6  3.054768E+01  1.407109E-05  1.889937E-05  5.557262E-06  4.942721E-06  4.739734E-14
         8   7  3.054763E+01 -2.255658E-05 -7.586235E-05 -5.557262E-06  4.942720E-06 -4.815679E-14
         8   8  3.054768E+01  1.407109E-05  1.889937E-05 -5.557262E-06  4.942721E-06 -4.499361E-14

 strains (elem, integ.pnt.,exx,eyy,ezz,exy,exz,eyz) for set ALL and time  0.9750000E+00

         1   1  8.182721E-03 -7.425508E-04 -9.242990E-04  1.013966E-03  2.524064E-04 -5.097220E-21
         1   2  8.182721E-03 -2.768424E-03 -3.445171E-03  1.011907E-03  2.517681E-04 -7.908963E-19
         1   3  8.182721E-03 -7.425508E-04 -9.242990E-04 -1.013966E-03  2.524064E-04 -2.217766E-19
         1   4  8.182721E-03 -2.768424E-03 -3.445171E-03 -1.011907E-03  2.517681E-04 -3.405880E-20
         1   5  8.182721E-03 -7.425508E-04 -9.242990E-04  1.013966E-03 -2.524064E-04  6.768518E-20
         1   6  8.182721E-03 -2.768424E-03 -3.445171E-03  1.011907E-03 -2.517681E-04 -6.490859E-19
         1   7  8.182721E-03 -7.425508E-04 -9.242990E-04 -1.013966E-03 -2.524064E-04 -6.773942E-20
         1   8  8.182721E-03 -2.768424E-03 -3.445171E-03 -1.011907E-03 -2.517681E-04  1.347631E-19
         2   1  1.016573E-02 -3.535243E-03 -4.175593E-03  3.596375E-05 -5.210152E-05 -6.759061E-19
         2   2  1.016573E-02 -3.607168E-03 -3.654440E-03  3.596114E-05 -5.212890E-05 -1.300928E-19
         2   3  1.016573E-02 -3.535243E-03 -4.175593E-03 -3.596375E-05 -5.210152E-05  1.883839E-19
         2   4  1.016573E-02 -3.607168E-03 -3.654440E-03 -3.596114E-05 -5.212890E-05 -4.676823E-19
         2   5  1.016573E-02 -3.535243E-03 -4.175593E-03  3.596375E-05  5.210152E-05 -5.409479E-19
         2   6  1.016573E-02 -3.607168E-03 -3.654440E-03  3.596114E-05  5.212890E-05 -2.229343E-19
         2   7  1.016573E-02 -3.535243E-03 -4.175593E-03 -3.596375E-05  5.210152E-05  3.773254E-19
         2   8  1.016573E-02 -3.607168E-03 -3.654440E-03 -3.596114E-05  5.212890E-05 -2.701971E-19
         3   1  9.984289E-03 -3.625939E-03 -3.498508E-03 -1.031959E-05  9.532164E-06 -2.762153E-19
         3   2  9.984289E-03 -3.605300E-03 -3.593825E-03 -1.031980E-05  9.531249E-06  1.925303E-19
         3   3  9.984289E-03 -3.625939E-03 -3.498508E-03  1.031959E-05  9.532164E-06 -5.003378E-20
         3   4  9.984289E-03 -3.605300E-03 -3.593825E-03  1.031980E-05  9.531249E-06  8.120069E-19
         3   5  9.984289E-03 -3.625939E-03 -3.498508E-03 -1.031959E-05 -9.532164E-06 -1.344264E-19
         3   6  9.984289E-03 -3.605300E-03 -3.593825E-03 -1.031980E-05 -9.531249E-06  3.579504E-19
         3   7  9.984289E-03 -3.625939E-03 -3.498508E-03  1.031959E-05 -9.532164E-06  4.057055E-19
         3   8  9.984289E-03 -3.605300E-03 -3.593825E-03  1.031980E-05 -9.531249E-06  1.033129E-18
         4   1  1.001397E-02 -3.599160E-03 -3.622398E-03  1.932454E-06 -1.724707E-06 -6.585485E-19
         4   2  1.001397E-02 -3.603024E-03 -3.605151E-03  1.932447E-06 -1.724737E-06 -1.107318E-18
         4   3  1.001397E-02 -3.599160E-03 -3.622398E-03 -1.932454E-06 -1.724707E-06  9.618908E-19
         4   4  1.001397E-02 -3.603024E-03 -3.605151E-03 -1.932447E-06 -1.724737E-06 -2.380228E-19
         4   5  1.001397E-02 -3.599160E-03 -3.622398E-03  1.932454E-06  1.724707E-06 -1.757964E-19
         4   6  1.001397E-02 -3.603024E-03 -3.605151E-03  1.932447E-06  1.724737E-06 -8.068628E-19
         4   7  1.001397E-02 -3.599160E-03 -3.622398E-03 -1.932454E-06  1.724707E-06  1.134058E-18
         4   8  1.001397E-02 -3.603024E-03 -3.605151E-03 -1.932447E-06  1.724737E-06 -9.792340E-20
         5   1  1.000866E-02 -3.604183E-03 -3.599979E-03 -3.503858E-07  3.117479E-07 -8.304242E-19
         5   2  1.000866E-02 -3.603482E-03 -3.603097E-03 -3.503861E-07  3.117469E-07  5.789724E-19
         5   3  1.000866E-02 -3.604183E-03 -3.599979E-03  3.503858E-07  3.117479E-07 -1.046482E-18
         5   4  1.000866E-02 -3.603482E-03 -3.603097E-03  3.503861E-07  3.117469E-07 -5.688339E-19
         5   5  1.000866E-02 -3.604183E-03 -3.599979E-03 -3.503858E-07 -3.117479E-07 -4.860816E-19
         5   6  1.000866E-02 -3.603482E-03 -3.603097E-03 -3.503861E-07 -3.117469E-07  2.700775E-19
         5   7  1.000866E-02 -3.604183E-03 -3.599979E-03  3.503858E-07 -3.117479E-07 -8.101678E-19
         5   8  1.000866E-02 -3.603482E-03 -3.603097E-03  3.503861E-07 -3.117469E-07  7.528313E-19
         6   1  1.000962E-02 -3.603272E-03 -3.604031E-03  6.335868E-08 -5.635394E-08  6.447856E-19
         6   2  1.000962E-02 -3.603398E-03 -3.603468E-03  6.335867E-08 -5.635397E-08  1.772337E-19
         6   3  1.000962E-02 -3.603272E-03 -3.604031E-03 -6.335868E-08 -5.635394E-08  8.473397E-19
         6   4  1.000962E-02 -3.603398E-03 -3.603468E-03 -6.335867E-08 -5.635397E-08 -8.440841E-21
         6   5  1.000962E-02 -3.603272E-03 -3.604031E-03  6.335868E-08  5.635394E-08  6.750640E-20
         6   6  1.000962E-02 -3.603398E-03 -3.603468E-03  6.335867E-08  5.635397E-08  1.316591E-19
         6   7  1.000962E-02 -3.603272E-03 -3.604031E-03 -6.335868E-08  5.635394E-08  4.861182E-19
         6   8  1.000962E-02 -3.603398E-03 -3.603468E-03 -6.335867E-08  5.635397E-08  4.962564E-19
         7   1  1.000945E-02 -3.603436E-03 -3.603299E-03 -1.151665E-08  1.024314E-08 -5.738837E-20
         7   2  1.000945E-02 -3.603413E-03 -3.603402E-03 -1.151665E-08  1.024313E-08 -1.924262E-19
         7   3  1.000945E-02 -3.603436E-03 -3.603299E-03  1.151665E-08  1.024314E-08  2.531945E-19
         7   4  1.000945E-02 -3.603413E-03 -3.603402E-03  1.151665E-08  1.024313E-08 -5.215766E-19
         7   5  1.000945E-02 -3.603436E-03 -3.603299E-03 -1.151665E-08 -1.024314E-08 -7.561999E-19
         7   6  1.000945E-02 -3.603413E-03 -3.603402E-03 -1.151665E-08 -1.024313E-08 -8.102161E-19
         7   7  1.000945E-02 -3.603436E-03 -3.603299E-03  1.151665E-08 -1.024314E-08  1.080308E-19
         7   8  1.000945E-02 -3.603413E-03 -3.603402E-03  1.151665E-08 -1.024313E-08 -1.039777E-18
         8   1  1.000948E-02 -3.603407E-03 -3.603431E-03  2.443197E-09 -2.173020E-09 -3.713518E-20
         8   2  1.000948E-02 -3.603412E-03 -3.603409E-03  2.443197E-09 -2.173020E-09  1.132615E-18
         8   3  1.000948E-02 -3.603407E-03 -3.603431E-03 -2.443197E-09 -2.173020E-09  1.924261E-19
         8   4  1.000948E-02 -3.603412E-03 -3.603409E-03 -2.443197E-09 -2.173020E-09  1.588361E-18
         8   5  1.000948E-02 -3.603407E-03 -3.603431E-03  2.443197E-09  2.173020E-09 -7.967129E-19
         8   6  1.000948E-02 -3.603412E-03 -3.603409E-03  2.443197E-09  2.173020E-09  1.687955E-20
         8   7  1.000948E-02 -3.603407E-03 -3.603431E-03 -2.443197E-09  2.173020E-09 -3.645976E-19
         8   8  1.000948E-02 -3.603412E-03 -3.603409E-03 -2.443197E-09  2.173020E-09  1.083664E-18

                                INCREMENT    12


 forces (fx,fy,fz) for set RIGHT and time  0.1000000E+01

        33  3.889600E+01 -1.959957E-15  1.486858E-14
        34  3.889600E+01  3.578225E-15  3.623188E-14
        35  3.889600E+01 -5.318216E-15 -6.392942E-15
        36  3.889600E+01  4.650954E-15  1.811465E-14

 displacements (vx,vy,vz) for set RIGHT and time  0.1000000E+01

        33  2.000000E-01  9.257791E-03  1.851552E-03
        34  2.000000E-01 -9.257791E-03  1.851552E-03
        35  2.000000E-01 -9.257791E-03 -1.851552E-03
        36  2.000000E-01  9.257791E-03 -1.851552E-03

 stresses (elem, integ.pnt.,sxx,syy,szz,sxy,sxz,syz) for set ALL and time  0.1000000E+01

         1   1  3.785051E+01  1.714627E+01  1.672281E+01  2.374557E+00  5.910664E-01  2.400719E-03
         1   2  2.460463E+01 -5.208994E-01 -2.047520E+00  2.348388E+00  5.839646E-01  2.386662E-03
         1   3  3.785051E+01  1.714627E+01  1.672281E+01 -2.374557E+00  5.910664E-01 -2.400719E-03
         1   4  2.460463E+01 -5.208994E-01 -2.047520E+00 -2.348388E+00  5.839646E-01 -2.386662E-03
         1   5  3.785051E+01  1.714627E+01  1.672281E+01  2.374557E+00 -5.910664E-01 -2.400719E-03
         1   6  2.460463E+01 -5.208994E-01 -2.047520E+00  2.348388E+00 -5.839646E-01 -2.386662E-03
         1   7  3.785051E+01  1.714627E+01  1.672281E+01 -2.374557E+00 -5.910664E-01  2.400719E-03
         1   8  2.460463E+01 -5.208994E-01 -2.047520E+00 -2.348388E+00 -5.839646E-01  2.386662E-03
         2   1  3.069935E+01 -8.489139E-01 -2.281666E+00  8.411734E-02 -1.216171E-01 -1.762838E-05
         2   2  3.201554E+01  2.838843E-01  1.778323E-01  8.416376E-02 -1.218296E-01 -1.763865E-05
         2   3  3.069935E+01 -8.489139E-01 -2.281666E+00 -8.411734E-02 -1.216171E-01  1.762838E-05
         2   4  3.201554E+01  2.838843E-01  1.778323E-01 -8.416376E-02 -1.218296E-01  1.763865E-05
         2   5  3.069935E+01 -8.489139E-01 -2.281666E+00  8.411734E-02  1.216171E-01  1.762838E-05
         2   6  3.201554E+01  2.838843E-01  1.778323E-01  8.416376E-02  1.218296E-01  1.763865E-05
         2   7  3.069935E+01 -8.489139E-01 -2.281666E+00 -8.411734E-02  1.216171E-01 -1.762838E-05
         2   8  3.201554E+01  2.838843E-01  1.778323E-01 -8.416376E-02  1.218296E-01 -1.763865E-05
         3   1  3.145646E+01  1.143199E-01  3.998579E-01 -2.408602E-02  2.226565E-02 -9.233792E-07
         3   2  3.123770E+01 -5.460503E-02 -2.889631E-02 -2.408423E-02  2.225880E-02 -9.232898E-07
         3   3  3.145646E+01  1.143199E-01  3.998579E-01  2.408602E-02  2.226565E-02  9.233792E-07
         3   4  3.123770E+01 -5.460503E-02 -2.889631E-02  2.408423E-02  2.225880E-02  9.232898E-07
         3   5  3.145646E+01  1.143199E-01  3.998579E-01 -2.408602E-02 -2.226565E-02  9.233792E-07
         3   6  3.123770E+01 -5.460503E-02 -2.889631E-02 -2.408423E-02 -2.225880E-02  9.232898E-07
         3   7  3.145646E+01  1.143199E-01  3.998579E-01  2.408602E-02 -2.226565E-02 -9.233792E-07
         3   8  3.123770E+01 -5.460503E-02 -2.889631E-02  2.408423E-02 -2.225880E-02 -9.232898E-07
         4   1  3.132920E+01 -1.997948E-02 -7.203038E-02  4.509171E-03 -4.027968E-03 -3.127677E-08
         4   2  3.136841E+01  9.926373E-03  5.162461E-03  4.509230E-03 -4.028191E-03 -3.127731E-08
         4   3  3.132920E+01 -1.997948E-02 -7.203038E-02 -4.509171E-03 -4.027968E-03  3.127677E-08
         4   4  3.136841E+01  9.926373E-03  5.162461E-03 -4.509230E-03 -4.028191E-03  3.127731E-08
         4   5  3.132920E+01 -1.997948E-02 -7.203038E-02  4.509171E-03  4.027968E-03  3.127677E-08
         4   6  3.136841E+01  9.926373E-03  5.162461E-03  4.509230E-03  4.028191E-03  3.127731E-08
         4   7  3.132920E+01 -1.997948E-02 -7.203038E-02 -4.509171E-03  4.027968E-03 -3.127677E-08
         4   8  3.136841E+01  9.926373E-03  5.162461E-03 -4.509230E-03  4.028191E-03 -3.127731E-08
         5   1  3.135203E+01  3.599349E-03  1.301448E-02 -8.175315E-04  7.280707E-04 -1.024960E-09
         5   2  3.134495E+01 -1.794958E-03 -9.321764E-04 -8.175296E-04  7.280634E-04 -1.024957E-09
         5   3  3.135203E+01  3.599349E-03  1.301448E-02  8.175315E-04  7.280707E-04  1.024959E-09
         5   4  3.134495E+01 -1.794958E-03 -9.321764E-04  8.175296E-04  7.280634E-04  1.024957E-09
         5   5  3.135203E+01  3.599349E-03  1.301448E-02 -8.175315E-04 -7.280707E-04  1.024957E-09
         5   6  3.134495E+01 -1.794958E-03 -9.321764E-04 -8.175296E-04 -7.280634E-04  1.024955E-09
         5   7  3.135203E+01  3.599349E-03  1.301448E-02  8.175315E-04 -7.280707E-04 -1.024960E-09
         5   8  3.134495E+01 -1.794958E-03 -9.321764E-04  8.175296E-04 -7.280634E-04 -1.024956E-09
         6   1  3.134791E+01 -6.503559E-04 -2.352030E-03  1.478262E-04 -1.316078E-04 -3.350237E-11
         6   2  3.134919E+01  3.245377E-04  1.688889E-04  1.478263E-04 -1.316080E-04 -3.350102E-11
         6   3  3.134791E+01 -6.503559E-04 -2.352030E-03 -1.478262E-04 -1.316078E-04  3.350217E-11
         6   4  3.134919E+01  3.245377E-04  1.688889E-04 -1.478263E-04 -1.316080E-04  3.350005E-11
         6   5  3.134791E+01 -6.503559E-04 -2.352030E-03  1.478262E-04  1.316078E-04  3.349925E-11
         6   6  3.134919E+01  3.245377E-04  1.688889E-04  1.478263E-04  1.316080E-04  3.350100E-11
         6   7  3.134791E+01 -6.503559E-04 -2.352030E-03 -1.478262E-04  1.316078E-04 -3.349981E-11
         6   8  3.134919E+01  3.245377E-04  1.688889E-04 -1.478263E-04  1.316080E-04 -3.350280E-11
         7   1  3.134866E+01  1.178688E-04  4.252501E-04 -2.686954E-05  2.392101E-05 -1.106448E-12
         7   2  3.134842E+01 -5.932430E-05 -3.294995E-05 -2.686954E-05  2.392100E-05 -1.107097E-12
         7   3  3.134866E+01  1.178688E-04  4.252501E-04  2.686954E-05  2.392101E-05  1.106006E-12
         7   4  3.134842E+01 -5.932430E-05 -3.294995E-05  2.686954E-05  2.392100E-05  1.106183E-12
         7   5  3.134866E+01  1.178688E-04  4.252501E-04 -2.686954E-05 -2.392101E-05  1.105770E-12
         7   6  3.134842E+01 -5.932430E-05 -3.294995E-05 -2.686954E-05 -2.392100E-05  1.106404E-12
         7   7  3.134866E+01  1.178688E-04  4.252501E-04  2.686954E-05 -2.392101E-05 -1.107598E-12
         7   8  3.134842E+01 -5.932430E-05 -3.294995E-05  2.686954E-05 -2.392100E-05 -1.107730E-12
         8   1  3.134852E+01 -2.315457E-05 -7.781623E-05  5.700069E-06 -5.074554E-06 -5.206452E-14
         8   2  3.134857E+01  1.443475E-05  1.938534E-05  5.700069E-06 -5.074554E-06 -5.029183E-14
         8   3  3.134852E+01 -2.315457E-05 -7.781623E-05 -5.700069E-06 -5.074554E-06  4.988274E-14
         8   4  3.134857E+01  1.443475E-05  1.938534E-05 -5.700069E-06 -5.074554E-06  5.207557E-14
         8   5  3.134852E+01 -2.315457E-05 -7.781623E-05  5.700069E-06  5.074554E-06  4.792209E-14
         8   6  3.134857E+01  1.443475E-05  1.938534E-05  5.700069E-06  5.074554E-06  4.874763E-14
         8   7  3.134852E+01 -2.315457E-05 -7.781623E-05 -5.700069E-06  5.074554E-06 -4.815797E-14
         8   8  3.134857E+01  1.443475E-05  1.938534E-05 -5.700069E-06  5.074554E-06 -4.671328E-14

 strains (elem, integ.pnt.,exx,eyy,ezz,exy,exz,eyz) for set ALL and time  0.1000000E+01

         1   1  8.393877E-03 -7.616631E-04 -9.482068E-04  1.040055E-03  2.589320E-04  6.279810E-20
         1   2  8.393877E-03 -2.839605E-03 -3.534168E-03  1.037888E-03  2.582602E-04 -2.612234E-19
         1   3  8.393877E-03 -7.616631E-04 -9.482068E-04 -1.040055E-03  2.589320E-04 -2.351303E-19
         1   4  8.393877E-03 -2.839605E-03 -3.534168E-03 -1.037888E-03  2.582602E-04 -2.612234E-19
         1   5  8.393877E-03 -7.616631E-04 -9.482068E-04  1.040055E-03 -2.589320E-04  6.111070E-20
         1   6  8.393877E-03 -2.839605E-03 -3.534168E-03  1.037888E-03 -2.582602E-04 -3.490029E-19
         1   7  8.393877E-03 -7.616631E-04 -9.482068E-04 -1.040055E-03 -2.589320E-04 -1.555645E-19
         1   8  8.393877E-03 -2.839605E-03 -3.534168E-03 -1.037888E-03 -2.582602E-04 -3.760120E-19
         2   1  1.042763E-02 -3.626153E-03 -4.283361E-03  3.695221E-05 -5.345911E-05 -4.393948E-20
         2   2  1.042763E-02 -3.700055E-03 -3.748626E-03  3.694946E-05 -5.348794E-05  1.488773E-19
         2   3  1.042763E-02 -3.626153E-03 -4.283361E-03 -3.695221E-05 -5.345911E-05 -2.330035E-19
         2   4  1.042763E-02 -3.700055E-03 -3.748626E-03 -3.694946E-05 -5.348794E-05 -4.047158E-19
         2   5  1.042763E-02 -3.626153E-03 -4.283361E-03  3.695221E-05  5.345911E-05 -1.857017E-19
         2   6  1.042763E-02 -3.700055E-03 -3.748626E-03  3.694946E-05  5.348794E-05  2.096360E-19
         2   7  1.042763E-02 -3.626153E-03 -4.283361E-03 -3.695221E-05  5.345911E-05 -2.937281E-19
         2   8  1.042763E-02 -3.700055E-03 -3.748626E-03 -3.694946E-05  5.348794E-05  8.136392E-20
         3   1  1.024154E-02 -3.719357E-03 -3.588626E-03 -1.058097E-05  9.780065E-06 -3.285627E-19
         3   2  1.024154E-02 -3.698195E-03 -3.686421E-03 -1.058120E-05  9.779102E-06  2.496696E-19
         3   3  1.024154E-02 -3.719357E-03 -3.588626E-03  1.058097E-05  9.780065E-06 -2.139379E-20
         3   4  1.024154E-02 -3.698195E-03 -3.686421E-03  1.058120E-05  9.779102E-06  2.952398E-19
         3   5  1.024154E-02 -3.719357E-03 -3.588626E-03 -1.058097E-05 -9.780065E-06 -2.441639E-19
         3   6  1.024154E-02 -3.698195E-03 -3.686421E-03 -1.058120E-05 -9.779102E-06  9.652937E-19
         3   7  1.024154E-02 -3.719357E-03 -3.588626E-03  1.058097E-05 -9.780065E-06  1.068924E-19
         3   8  1.024154E-02 -3.698195E-03 -3.686421E-03  1.058120E-05 -9.779102E-06  5.332196E-19
         4   1  1.027200E-02 -3.691899E-03 -3.715738E-03  1.980852E-06 -1.769502E-06  7.159550E-19
         4   2  1.027200E-02 -3.695861E-03 -3.698043E-03  1.980844E-06 -1.769534E-06 -5.062924E-19
         4   3  1.027200E-02 -3.691899E-03 -3.715738E-03 -1.980852E-06 -1.769502E-06  6.079358E-19
         4   4  1.027200E-02 -3.695861E-03 -3.698043E-03 -1.980844E-06 -1.769534E-06 -1.231633E-19
         4   5  1.027200E-02 -3.691899E-03 -3.715738E-03  1.980852E-06  1.769502E-06  7.969675E-19
         4   6  1.027200E-02 -3.695861E-03 -3.698043E-03  1.980844E-06  1.769534E-06 -1.417289E-19
         4   7  1.027200E-02 -3.691899E-03 -3.715738E-03 -1.980852E-06  1.769502E-06  1.161531E-18
         4   8  1.027200E-02 -3.695861E-03 -3.698043E-03 -1.980844E-06  1.769534E-06 -7.290809E-19
         5   1  1.026655E-02 -3.697048E-03 -3.692737E-03 -3.591375E-07  3.198365E-07 -4.591854E-19
         5   2  1.026655E-02 -3.696330E-03 -3.695935E-03 -3.591378E-07  3.198355E-07 -6.329331E-19
         5   3  1.026655E-02 -3.697048E-03 -3.692737E-03  3.591375E-07  3.198365E-07 -2.431481E-19
         5   4  1.026655E-02 -3.696330E-03 -3.695935E-03  3.591378E-07  3.198355E-07  4.624442E-19
         5   5  1.026655E-02 -3.697048E-03 -3.692737E-03 -3.591375E-07 -3.198365E-07 -7.832418E-19
         5   6  1.026655E-02 -3.696330E-03 -3.695935E-03 -3.591378E-07 -3.198355E-07 -4.995975E-19
         5   7  1.026655E-02 -3.697048E-03 -3.692737E-03  3.591375E-07 -3.198365E-07 -3.511672E-19
         5   8  1.026655E-02 -3.696330E-03 -3.695935E-03  3.591378E-07 -3.198355E-07 -4.726913E-20
         6   1  1.026753E-02 -3.696115E-03 -3.696894E-03  6.493929E-08 -5.781466E-08 -4.320515E-19
         6   2  1.026753E-02 -3.696245E-03 -3.696316E-03  6.493928E-08 -5.781469E-08  1.940986E-19
         6   3  1.026753E-02 -3.696115E-03 -3.696894E-03 -6.493929E-08 -5.781466E-08  3.375820E-19
         6   4  1.026753E-02 -3.696245E-03 -3.696316E-03 -6.493928E-08 -5.781469E-08 -6.396710E-19
         6   5  1.026753E-02 -3.696115E-03 -3.696894E-03  6.493929E-08  5.781466E-08 -9.991498E-19
         6   6  1.026753E-02 -3.696245E-03 -3.696316E-03  6.493928E-08  5.781469E-08 -2.025327E-19
         6   7  1.026753E-02 -3.696115E-03 -3.696894E-03 -6.493929E-08  5.781466E-08  7.426523E-19
         6   8  1.026753E-02 -3.696245E-03 -3.696316E-03 -6.493928E-08  5.781469E-08 -6.211052E-19
         7   1  1.026736E-02 -3.696283E-03 -3.696143E-03 -1.180365E-08  1.050838E-08  1.620228E-19
         7   2  1.026736E-02 -3.696260E-03 -3.696248E-03 -1.180365E-08  1.050837E-08 -1.350239E-19
         7   3  1.026736E-02 -3.696283E-03 -3.696143E-03  1.180365E-08  1.050838E-08 -3.645684E-19
         7   4  1.026736E-02 -3.696260E-03 -3.696248E-03  1.180365E-08  1.050837E-08 -2.835497E-19
         7   5  1.026736E-02 -3.696283E-03 -3.696143E-03 -1.180365E-08 -1.050838E-08 -4.725872E-19
         7   6  1.026736E-02 -3.696260E-03 -3.696248E-03 -1.180365E-08 -1.050837E-08 -1.822821E-19
         7   7  1.026736E-02 -3.696283E-03 -3.696143E-03  1.180365E-08 -1.050838E-08 -3.645684E-19
         7   8  1.026736E-02 -3.696260E-03 -3.696248E-03  1.180365E-08 -1.050837E-08 -4.253242E-19
         8   1  1.026739E-02 -3.696253E-03 -3.696278E-03  2.504011E-09 -2.229226E-09 -1.032928E-18
         8   2  1.026739E-02 -3.696258E-03 -3.696256E-03  2.504011E-09 -2.229226E-09 -2.211009E-19
         8   3  1.026739E-02 -3.696253E-03 -3.696278E-03 -2.504011E-09 -2.229226E-09  3.375692E-20
         8   4  1.026739E-02 -3.696258E-03 -3.696256E-03 -2.504011E-09 -2.229226E-09  1.037992E-18
         8   5  1.026739E-02 -3.696253E-03 -3.696278E-03  2.504011E-09  2.229226E-09 -8.641487E-19
         8   6  1.026739E-02 -3.696258E-03 -3.696256E-03  2.504011E-09  2.229226E-09 -4.860843E-19
         8   7  1.026739E-02 -3.696253E-03 -3.696278E-03 -2.504011E-09  2.229226E-09  7.561321E-19
         8   8  1.026739E-02 -3.696258E-03 -3.696256E-03 -2.504011E-09  2.229226E-09  1.417746E-18
