
                        S T E P       1


                                INCREMENT     1


 forces (fx,fy,fz) for set RIGHT and time  0.5000000E-01

        65  1.332644E-01 -3.822300E-08 -1.911147E-07
        66  1.332644E-01  3.822300E-08 -1.911148E-07
        67  1.332644E-01  3.822300E-08  1.911148E-07
        68  1.332644E-01 -3.822300E-08  1.911147E-07

 displacements (vx,vy,vz) for set RIGHT and time  0.5000000E-01

        65  1.000000E-01  6.583864E-03  1.316775E-03
        66  1.000000E-01 -6.583864E-03  1.316775E-03
        67  1.000000E-01 -6.583864E-03 -1.316775E-03
        68  1.000000E-01  6.583864E-03 -1.316775E-03

 stresses (elem, integ.pnt.,sxx,syy,szz,sxy,sxz,syz) for set ALL and time  0.5000000E-01

         1   1  3.951103E-01  3.678787E-01  3.666080E-01  9.965533E-03  2.681327E-03  4.001880E-06
         1   2 -1.820700E-01 -2.193520E-01 -2.240662E-01  9.994719E-03  2.689180E-03  4.013601E-06
         1   3  3.951103E-01  3.678787E-01  3.666080E-01 -9.965533E-03  2.681327E-03 -4.001880E-06
         1   4 -1.820700E-01 -2.193520E-01 -2.240662E-01 -9.994719E-03  2.689180E-03 -4.013601E-06
         1   5  3.951103E-01  3.678787E-01  3.666080E-01  9.965533E-03 -2.681327E-03 -4.001880E-06
         1   6 -1.820700E-01 -2.193520E-01 -2.240662E-01  9.994719E-03 -2.689180E-03 -4.013601E-06
         1   7  3.951103E-01  3.678787E-01  3.666080E-01 -9.965533E-03 -2.681327E-03  4.001880E-06
         1   8 -1.820700E-01 -2.193520E-01 -2.240662E-01 -9.994719E-03 -2.689180E-03  4.013601E-06
         2   1  2.280477E-01  1.573203E-01  1.519368E-01  5.692801E-03  8.271354E-04  7.015938E-07
         2   2 -1.412868E-02 -9.061135E-02 -9.444962E-02  5.699792E-03  8.281512E-04  7.024554E-07
         2   3  2.280477E-01  1.573203E-01  1.519368E-01 -5.692801E-03  8.271354E-04 -7.015938E-07
         2   4 -1.412868E-02 -9.061135E-02 -9.444962E-02 -5.699792E-03  8.281512E-04 -7.024554E-07
         2   5  2.280477E-01  1.573203E-01  1.519368E-01  5.692801E-03 -8.271354E-04 -7.015938E-07
         2   6 -1.412868E-02 -9.061135E-02 -9.444962E-02  5.699792E-03 -8.281512E-04 -7.024554E-07
         2   7  2.280477E-01  1.573203E-01  1.519368E-01 -5.692801E-03 -8.271354E-04  7.015938E-07
         2   8 -1.412868E-02 -9.061135E-02 -9.444962E-02 -5.699792E-03 -8.281512E-04  7.024554E-07
         3   1  1.589367E-01  6.771836E-02  6.482924E-02  2.621499E-03  3.180664E-04  1.239687E-07
         3   2  5.525028E-02 -3.862078E-02 -4.048654E-02  2.622877E-03  3.182335E-04  1.240339E-07
         3   3  1.589367E-01  6.771836E-02  6.482924E-02 -2.621499E-03  3.180664E-04 -1.239687E-07
         3   4  5.525028E-02 -3.862078E-02 -4.048654E-02 -2.622877E-03  3.182335E-04 -1.240339E-07
         3   5  1.589367E-01  6.771836E-02  6.482924E-02  2.621499E-03 -3.180664E-04 -1.239687E-07
         3   6  5.525028E-02 -3.862078E-02 -4.048654E-02  2.622877E-03 -3.182335E-04 -1.240339E-07
         3   7  1.589367E-01  6.771836E-02  6.482924E-02 -2.621499E-03 -3.180664E-04  1.239687E-07
         3   8  5.525028E-02 -3.862078E-02 -4.048654E-02 -2.622877E-03 -3.182335E-04  1.240339E-07
         4   1  1.294614E-01  2.919765E-02  2.788525E-02  1.150502E-03  1.326900E-04  2.267610E-08
         4   2  8.482267E-02 -1.660587E-02 -1.743502E-02  1.150763E-03  1.327200E-04  2.268123E-08
         4   3  1.294614E-01  2.919765E-02  2.788525E-02 -1.150502E-03  1.326900E-04 -2.267610E-08
         4   4  8.482267E-02 -1.660587E-02 -1.743502E-02 -1.150763E-03  1.327200E-04 -2.268123E-08
         4   5  1.294614E-01  2.919765E-02  2.788525E-02  1.150502E-03 -1.326900E-04 -2.267609E-08
         4   6  8.482267E-02 -1.660587E-02 -1.743502E-02  1.150763E-03 -1.327200E-04 -2.268123E-08
         4   7  1.294614E-01  2.919765E-02  2.788525E-02 -1.150502E-03 -1.326900E-04  2.267610E-08
         4   8  8.482267E-02 -1.660587E-02 -1.743502E-02 -1.150763E-03 -1.327200E-04  2.268123E-08
         5   1  1.167842E-01  1.259382E-02  1.202001E-02  4.986265E-04  5.671578E-05  4.199029E-09
         5   2  9.753841E-02 -7.156945E-03 -7.517408E-03  4.986752E-04  5.672131E-05  4.199439E-09
         5   3  1.167842E-01  1.259382E-02  1.202001E-02 -4.986265E-04  5.671578E-05 -4.199028E-09
         5   4  9.753841E-02 -7.156945E-03 -7.517408E-03 -4.986752E-04  5.672131E-05 -4.199439E-09
         5   5  1.167842E-01  1.259382E-02  1.202001E-02  4.986265E-04 -5.671578E-05 -4.199027E-09
         5   6  9.753841E-02 -7.156945E-03 -7.517408E-03  4.986752E-04 -5.672131E-05 -4.199436E-09
         5   7  1.167842E-01  1.259382E-02  1.202001E-02 -4.986265E-04 -5.671578E-05  4.199027E-09
         5   8  9.753841E-02 -7.156945E-03 -7.517408E-03 -4.986752E-04 -5.672131E-05  4.199437E-09
         6   1  1.113198E-01  5.432538E-03  5.184129E-03  2.153690E-04  2.440519E-05  7.802988E-10
         6   2  1.030189E-01 -3.086464E-03 -3.242272E-03  2.153780E-04  2.440622E-05  7.803309E-10
         6   3  1.113198E-01  5.432538E-03  5.184129E-03 -2.153690E-04  2.440519E-05 -7.802983E-10
         6   4  1.030189E-01 -3.086464E-03 -3.242272E-03 -2.153780E-04  2.440622E-05 -7.803303E-10
         6   5  1.113198E-01  5.432538E-03  5.184129E-03  2.153690E-04 -2.440519E-05 -7.802959E-10
         6   6  1.030189E-01 -3.086464E-03 -3.242272E-03  2.153780E-04 -2.440622E-05 -7.803297E-10
         6   7  1.113198E-01  5.432538E-03  5.184129E-03 -2.153690E-04 -2.440519E-05  7.802966E-10
         6   8  1.030189E-01 -3.086464E-03 -3.242272E-03 -2.153780E-04 -2.440622E-05  7.803299E-10
         7   1  1.089630E-01  2.343465E-03  2.236209E-03  9.293562E-05  1.052065E-05  1.451408E-10
         7   2  1.053824E-01 -1.331230E-03 -1.398475E-03  9.293731E-05  1.052085E-05  1.451438E-10
         7   3  1.089630E-01  2.343465E-03  2.236209E-03 -9.293562E-05  1.052065E-05 -1.451402E-10
         7   4  1.053824E-01 -1.331230E-03 -1.398475E-03 -9.293731E-05  1.052085E-05 -1.451433E-10
         7   5  1.089630E-01  2.343465E-03  2.236209E-03  9.293562E-05 -1.052065E-05 -1.451398E-10
         7   6  1.053824E-01 -1.331230E-03 -1.398475E-03  9.293731E-05 -1.052085E-05 -1.451418E-10
         7   7  1.089630E-01  2.343465E-03  2.236209E-03 -9.293562E-05 -1.052065E-05  1.451399E-10
         7   8  1.053824E-01 -1.331230E-03 -1.398475E-03 -9.293731E-05 -1.052085E-05  1.451422E-10
         8   1  1.079464E-01  1.010949E-03  9.646718E-04  4.009282E-05  4.537429E-06  2.700475E-11
         8   2  1.064019E-01 -5.741599E-04 -6.031704E-04  4.009313E-05  4.537464E-06  2.700430E-11
         8   3  1.079464E-01  1.010949E-03  9.646718E-04 -4.009282E-05  4.537429E-06 -2.700434E-11
         8   4  1.064019E-01 -5.741599E-04 -6.031704E-04 -4.009313E-05  4.537464E-06 -2.700394E-11
         8   5  1.079464E-01  1.010949E-03  9.646718E-04  4.009282E-05 -4.537429E-06 -2.700287E-11
         8   6  1.064019E-01 -5.741599E-04 -6.031704E-04  4.009313E-05 -4.537464E-06 -2.700369E-11
         8   7  1.079464E-01  1.010949E-03  9.646718E-04 -4.009282E-05 -4.537429E-06  2.700332E-11
         8   8  1.064019E-01 -5.741599E-04 -6.031704E-04 -4.009313E-05 -4.537464E-06  2.700418E-11
         9   1  1.075079E-01  4.361516E-04  4.161882E-04  1.729487E-05  1.957174E-06  5.024487E-12
         9   2  1.068417E-01 -2.475974E-04 -2.601118E-04  1.729493E-05  1.957181E-06  5.024487E-12
         9   3  1.075079E-01  4.361516E-04  4.161882E-04 -1.729487E-05  1.957174E-06 -5.024144E-12
         9   4  1.068417E-01 -2.475974E-04 -2.601118E-04 -1.729493E-05  1.957181E-06 -5.024208E-12
         9   5  1.075079E-01  4.361516E-04  4.161882E-04  1.729487E-05 -1.957174E-06 -5.024377E-12
         9   6  1.068417E-01 -2.475974E-04 -2.601118E-04  1.729493E-05 -1.957181E-06 -5.024419E-12
         9   7  1.075079E-01  4.361516E-04  4.161882E-04 -1.729487E-05 -1.957174E-06  5.024838E-12
         9   8  1.068417E-01 -2.475974E-04 -2.601118E-04 -1.729493E-05 -1.957181E-06  5.024805E-12
        10   1  1.073188E-01  1.882057E-04  1.795941E-04  7.460252E-06  8.442234E-07  9.347796E-13
        10   2  1.070314E-01 -1.067311E-04 -1.121294E-04  7.460263E-06  8.442247E-07  9.345021E-13
        10   3  1.073188E-01  1.882057E-04  1.795941E-04 -7.460252E-06  8.442234E-07 -9.344507E-13
        10   4  1.070314E-01 -1.067311E-04 -1.121294E-04 -7.460263E-06  8.442246E-07 -9.340145E-13
        10   5  1.073188E-01  1.882057E-04  1.795941E-04  7.460252E-06 -8.442234E-07 -9.349512E-13
        10   6  1.070314E-01 -1.067311E-04 -1.121294E-04  7.460263E-06 -8.442246E-07 -9.352930E-13
        10   7  1.073188E-01  1.882057E-04  1.795941E-04 -7.460252E-06 -8.442234E-07  9.353041E-13
        10   8  1.070314E-01 -1.067311E-04 -1.121294E-04 -7.460263E-06 -8.442247E-07  9.356623E-13
        11   1  1.072372E-01  8.124993E-05  7.753504E-05  3.217800E-06  3.641337E-07  1.737115E-13
        11   2  1.071132E-01 -4.596362E-05 -4.829253E-05  3.217802E-06  3.641339E-07  1.743956E-13
        11   3  1.072372E-01  8.124993E-05  7.753504E-05 -3.217800E-06  3.641337E-07 -1.731490E-13
        11   4  1.071132E-01 -4.596362E-05 -4.829253E-05 -3.217802E-06  3.641339E-07 -1.737711E-13
        11   5  1.072372E-01  8.124993E-05  7.753504E-05  3.217800E-06 -3.641337E-07 -1.742301E-13
        11   6  1.071132E-01 -4.596362E-05 -4.829253E-05  3.217802E-06 -3.641339E-07 -1.735566E-13
        11   7  1.072372E-01  8.124993E-05  7.753504E-05 -3.217800E-06 -3.641337E-07  1.746161E-13
        11   8  1.071132E-01 -4.596362E-05 -4.829253E-05 -3.217802E-06 -3.641339E-07  1.739662E-13
        12   1  1.072020E-01  3.510884E-05  3.350597E-05  1.387442E-06  1.570060E-07  3.260462E-14
        12   2  1.071485E-01 -1.974270E-05 -2.074797E-05  1.387442E-06  1.570060E-07  3.136274E-14
        12   3  1.072020E-01  3.510884E-05  3.350597E-05 -1.387442E-06  1.570060E-07 -3.206074E-14
        12   4  1.071485E-01 -1.974270E-05 -2.074797E-05 -1.387442E-06  1.570060E-07 -3.111556E-14
        12   5  1.072020E-01  3.510884E-05  3.350597E-05  1.387442E-06 -1.570060E-07 -3.210668E-14
        12   6  1.071485E-01 -1.974270E-05 -2.074797E-05  1.387442E-06 -1.570060E-07 -3.312552E-14
        12   7  1.072020E-01  3.510884E-05  3.350597E-05 -1.387442E-06 -1.570060E-07  3.257562E-14
        12   8  1.071485E-01 -1.974270E-05 -2.074797E-05 -1.387442E-06 -1.570060E-07  3.373479E-14
        13   1  1.071868E-01  1.519446E-05  1.450207E-05  5.971306E-07  6.757258E-08  4.684132E-15
        13   2  1.071638E-01 -8.412671E-06 -8.847866E-06  5.971306E-07  6.757259E-08  4.970694E-15
        13   3  1.071868E-01  1.519446E-05  1.450207E-05 -5.971306E-07  6.757258E-08 -4.426150E-15
        13   4  1.071638E-01 -8.412671E-06 -8.847866E-06 -5.971306E-07  6.757258E-08 -4.442462E-15
        13   5  1.071868E-01  1.519446E-05  1.450207E-05  5.971306E-07 -6.757258E-08 -7.105162E-15
        13   6  1.071638E-01 -8.412671E-06 -8.847866E-06  5.971306E-07 -6.757258E-08 -6.997593E-15
        13   7  1.071868E-01  1.519446E-05  1.450207E-05 -5.971306E-07 -6.757258E-08  7.746195E-15
        13   8  1.071638E-01 -8.412671E-06 -8.847866E-06 -5.971306E-07 -6.757259E-08  7.562919E-15
        14   1  1.071802E-01  6.578649E-06  6.277708E-06  2.544375E-07  2.879270E-08  2.077689E-16
        14   2  1.071704E-01 -3.480356E-06 -3.671705E-06  2.544376E-07  2.879270E-08  3.211347E-16
        14   3  1.071802E-01  6.578649E-06  6.277708E-06 -2.544376E-07  2.879270E-08  3.737307E-16
        14   4  1.071704E-01 -3.480356E-06 -3.671705E-06 -2.544376E-07  2.879270E-08  1.386732E-16
        14   5  1.071802E-01  6.578649E-06  6.277708E-06  2.544376E-07 -2.879270E-08 -1.998219E-15
        14   6  1.071704E-01 -3.480356E-06 -3.671705E-06  2.544376E-07 -2.879270E-08 -1.863131E-15
        14   7  1.071802E-01  6.578649E-06  6.277708E-06 -2.544375E-07 -2.879270E-08  2.511883E-15
        14   8  1.071704E-01 -3.480356E-06 -3.671706E-06 -2.544376E-07 -2.879270E-08  2.291127E-15
        15   1  1.071773E-01  2.802864E-06  2.667784E-06  1.024750E-07  1.159629E-08 -4.827350E-16
        15   2  1.071733E-01 -1.248412E-06 -1.339354E-06  1.024750E-07  1.159630E-08 -2.999022E-16
        15   3  1.071773E-01  2.802864E-06  2.667784E-06 -1.024750E-07  1.159629E-08  8.467709E-16
        15   4  1.071733E-01 -1.248412E-06 -1.339354E-06 -1.024750E-07  1.159629E-08  5.505429E-16
        15   5  1.071773E-01  2.802864E-06  2.667784E-06  1.024750E-07 -1.159629E-08 -8.574525E-16
        15   6  1.071733E-01 -1.248412E-06 -1.339354E-06  1.024750E-07 -1.159629E-08 -6.899345E-16
        15   7  1.071773E-01  2.802864E-06  2.667784E-06 -1.024750E-07 -1.159629E-08  1.177436E-15
        15   8  1.071733E-01 -1.248412E-06 -1.339354E-06 -1.024750E-07 -1.159630E-08  8.637534E-16
        16   1  1.071758E-01  1.036714E-06  9.662361E-07  2.732947E-08  3.092661E-09 -7.814838E-16
        16   2  1.071748E-01 -4.373717E-08 -1.024434E-07  2.732947E-08  3.092663E-09 -1.763478E-15
        16   3  1.071758E-01  1.036714E-06  9.662363E-07 -2.732947E-08  3.092663E-09  9.158904E-16
        16   4  1.071748E-01 -4.373695E-08 -1.024432E-07 -2.732947E-08  3.092659E-09  1.782777E-15
        16   5  1.071758E-01  1.036714E-06  9.662363E-07  2.732947E-08 -3.092663E-09 -8.092783E-16
        16   6  1.071748E-01 -4.373703E-08 -1.024433E-07  2.732947E-08 -3.092660E-09 -1.707627E-15
        16   7  1.071758E-01  1.036714E-06  9.662361E-07 -2.732947E-08 -3.092660E-09  9.353968E-16
        16   8  1.071748E-01 -4.373709E-08 -1.024433E-07 -2.732947E-08 -3.092664E-09  1.895456E-15

 strains (elem, integ.pnt.,exx,eyy,ezz,exy,exz,eyz) for set ALL and time  0.5000000E-01

         1   1  1.775149E-03 -2.735931E-04 -3.680476E-04  7.473680E-04  2.010679E-04  2.715353E-17
         1   2  1.775149E-03 -1.020682E-03 -1.372881E-03  7.468091E-04  2.008656E-04  1.015272E-16
         1   3  1.775149E-03 -2.735931E-04 -3.680476E-04 -7.473680E-04  2.010679E-04  2.320246E-19
         1   4  1.775149E-03 -1.020682E-03 -1.372881E-03 -7.468091E-04  2.008656E-04  1.232637E-18
         1   5  1.775149E-03 -2.735931E-04 -3.680476E-04  7.473680E-04 -2.010679E-04  2.823987E-17
         1   6  1.775149E-03 -1.020682E-03 -1.372881E-03  7.468091E-04 -2.008656E-04  1.056246E-16
         1   7  1.775149E-03 -2.735931E-04 -3.680476E-04 -7.473680E-04 -2.010679E-04  1.331915E-18
         1   8  1.775149E-03 -1.020682E-03 -1.372881E-03 -7.468091E-04 -2.008656E-04  5.336795E-18
         2   1  3.860951E-03 -1.449615E-03 -1.853429E-03  4.251272E-04  6.174382E-05  1.423007E-16
         2   2  3.860951E-03 -1.874651E-03 -2.162100E-03  4.249459E-04  6.172469E-05  1.788287E-16
         2   3  3.860951E-03 -1.449615E-03 -1.853429E-03 -4.251272E-04  6.174382E-05 -2.356493E-17
         2   4  3.860951E-03 -1.874651E-03 -2.162100E-03 -4.249459E-04  6.172469E-05 -9.149682E-17
         2   5  3.860951E-03 -1.449615E-03 -1.853429E-03  4.251272E-04 -6.174382E-05  1.483643E-16
         2   6  3.860951E-03 -1.874651E-03 -2.162100E-03  4.249459E-04 -6.172469E-05  1.874785E-16
         2   7  3.860951E-03 -1.449615E-03 -1.853429E-03 -4.251272E-04 -6.174382E-05 -1.750128E-17
         2   8  3.860951E-03 -1.874651E-03 -2.162100E-03 -4.249459E-04 -6.172469E-05 -8.360788E-17
         3   1  4.743838E-03 -2.101700E-03 -2.318435E-03  1.953891E-04  2.370138E-05  1.797573E-16
         3   2  4.743838E-03 -2.297070E-03 -2.436935E-03  1.953507E-04  2.369856E-05  1.452997E-16
         3   3  4.743838E-03 -2.101700E-03 -2.318435E-03 -1.953891E-04  2.370138E-05 -1.063973E-16
         3   4  4.743838E-03 -2.297070E-03 -2.436935E-03 -1.953507E-04  2.369856E-05 -7.927069E-17
         3   5  4.743838E-03 -2.101700E-03 -2.318435E-03  1.953891E-04 -2.370138E-05  1.887758E-16
         3   6  4.743838E-03 -2.297070E-03 -2.436935E-03  1.953507E-04 -2.369856E-05  1.542791E-16
         3   7  4.743838E-03 -2.101700E-03 -2.318435E-03 -1.953891E-04 -2.370138E-05 -9.789272E-17
         3   8  4.743838E-03 -2.297070E-03 -2.436935E-03 -1.953507E-04 -2.369856E-05 -7.059460E-17
         4   1  5.122969E-03 -2.399931E-03 -2.498388E-03  8.567791E-05  9.880447E-06  1.233078E-16
         4   2  5.122969E-03 -2.485606E-03 -2.547789E-03  8.567053E-05  9.879957E-06  9.804706E-17
         4   3  5.122969E-03 -2.399931E-03 -2.498388E-03 -8.567791E-05  9.880447E-06 -5.883310E-17
         4   4  5.122969E-03 -2.485606E-03 -2.547789E-03 -8.567053E-05  9.879957E-06 -3.076344E-17
         4   5  5.122969E-03 -2.399931E-03 -2.498388E-03  8.567791E-05 -9.880447E-06  1.300030E-16
         4   6  5.122969E-03 -2.485606E-03 -2.547789E-03  8.567053E-05 -9.879957E-06  9.815348E-17
         4   7  5.122969E-03 -2.399931E-03 -2.498388E-03 -8.567791E-05 -9.880447E-06 -5.267879E-17
         4   8  5.122969E-03 -2.485606E-03 -2.547789E-03 -8.567053E-05 -9.879957E-06 -3.040692E-17
         5   1  5.286359E-03 -2.530549E-03 -2.573597E-03  3.711905E-05  4.221887E-06  9.570712E-17
         5   2  5.286359E-03 -2.567668E-03 -2.594706E-03  3.711766E-05  4.221797E-06  1.144973E-16
         5   3  5.286359E-03 -2.530549E-03 -2.573597E-03 -3.711905E-05  4.221887E-06 -3.471636E-17
         5   4  5.286359E-03 -2.567668E-03 -2.594706E-03 -3.711766E-05  4.221797E-06 -7.368320E-17
         5   5  5.286359E-03 -2.530549E-03 -2.573597E-03  3.711905E-05 -4.221887E-06  9.745088E-17
         5   6  5.286359E-03 -2.567668E-03 -2.594706E-03  3.711766E-05 -4.221797E-06  1.264297E-16
         5   7  5.286359E-03 -2.530549E-03 -2.573597E-03 -3.711905E-05 -4.221887E-06 -3.264817E-17
         5   8  5.286359E-03 -2.567668E-03 -2.594706E-03 -3.711766E-05 -4.221797E-06 -6.103013E-17
         6   1  5.356830E-03 -2.587121E-03 -2.605757E-03  1.603007E-05  1.816463E-06  1.030619E-16
         6   2  5.356830E-03 -2.603151E-03 -2.614839E-03  1.602982E-05  1.816446E-06  5.250153E-17
         6   3  5.356830E-03 -2.587121E-03 -2.605757E-03 -1.603007E-05  1.816463E-06 -6.554090E-17
         6   4  5.356830E-03 -2.603151E-03 -2.614839E-03 -1.602982E-05  1.816446E-06 -7.409248E-18
         6   5  5.356830E-03 -2.587121E-03 -2.605757E-03  1.603007E-05 -1.816463E-06  1.098846E-16
         6   6  5.356830E-03 -2.603151E-03 -2.614839E-03  1.602982E-05 -1.816446E-06  4.021370E-17
         6   7  5.356830E-03 -2.587121E-03 -2.605757E-03 -1.603007E-05 -1.816463E-06 -5.739343E-17
         6   8  5.356830E-03 -2.603151E-03 -2.614839E-03 -1.602982E-05 -1.816446E-06 -2.008316E-17
         7   1  5.387229E-03 -2.611550E-03 -2.619597E-03  6.916793E-06  7.830001E-07  4.553010E-17
         7   2  5.387229E-03 -2.618467E-03 -2.623511E-03  6.916745E-06  7.829970E-07  7.661587E-17
         7   3  5.387229E-03 -2.611550E-03 -2.619597E-03 -6.916793E-06  7.830001E-07 -7.524101E-19
         7   4  5.387229E-03 -2.618467E-03 -2.623511E-03 -6.916745E-06  7.829970E-07 -4.093214E-17
         7   5  5.387229E-03 -2.611550E-03 -2.619597E-03  6.916793E-06 -7.830001E-07  2.974565E-17
         7   6  5.387229E-03 -2.618467E-03 -2.623511E-03  6.916745E-06 -7.829970E-07  7.210121E-17
         7   7  5.387229E-03 -2.611550E-03 -2.619597E-03 -6.916793E-06 -7.830001E-07 -1.686127E-17
         7   8  5.387229E-03 -2.618467E-03 -2.623511E-03 -6.916745E-06 -7.829970E-07 -4.514857E-17
         8   1  5.400342E-03 -2.622091E-03 -2.625562E-03  2.983846E-06  3.376899E-07  6.987131E-17
         8   2  5.400342E-03 -2.625075E-03 -2.627251E-03  2.983837E-06  3.376893E-07  2.085189E-17
         8   3  5.400342E-03 -2.622091E-03 -2.625562E-03 -2.983846E-06  3.376899E-07 -3.911582E-17
         8   4  5.400342E-03 -2.625075E-03 -2.627251E-03 -2.983837E-06  3.376893E-07  6.911735E-18
         8   5  5.400342E-03 -2.622091E-03 -2.625562E-03  2.983846E-06 -3.376899E-07  7.129396E-17
         8   6  5.400342E-03 -2.625075E-03 -2.627251E-03  2.983837E-06 -3.376893E-07  2.548057E-17
         8   7  5.400342E-03 -2.622091E-03 -2.625562E-03 -2.983846E-06 -3.376899E-07 -3.716600E-17
         8   8  5.400342E-03 -2.625075E-03 -2.627251E-03 -2.983837E-06 -3.376893E-07  1.151423E-17
         9   1  5.405999E-03 -2.626638E-03 -2.628136E-03  1.287128E-06  1.456575E-07  1.864758E-18
         9   2  5.405999E-03 -2.627925E-03 -2.628864E-03  1.287126E-06  1.456574E-07  6.043887E-19
         9   3  5.405999E-03 -2.626638E-03 -2.628136E-03 -1.287128E-06  1.456575E-07  2.394121E-17
         9   4  5.405999E-03 -2.627925E-03 -2.628864E-03 -1.287126E-06  1.456574E-07  2.036605E-17
         9   5  5.405999E-03 -2.626638E-03 -2.628136E-03  1.287128E-06 -1.456575E-07  6.470629E-18
         9   6  5.405999E-03 -2.627925E-03 -2.628864E-03  1.287126E-06 -1.456574E-07  4.563982E-18
         9   7  5.405999E-03 -2.626638E-03 -2.628136E-03 -1.287128E-06 -1.456575E-07  2.820578E-17
         9   8  5.405999E-03 -2.627925E-03 -2.628864E-03 -1.287126E-06 -1.456574E-07  2.446081E-17
        10   1  5.408439E-03 -2.628599E-03 -2.629245E-03  5.552075E-07  6.282882E-08 -6.730302E-18
        10   2  5.408439E-03 -2.629155E-03 -2.629560E-03  5.552072E-07  6.282880E-08 -2.766321E-17
        10   3  5.408439E-03 -2.628599E-03 -2.629245E-03 -5.552075E-07  6.282882E-08  3.144806E-17
        10   4  5.408439E-03 -2.629155E-03 -2.629560E-03 -5.552072E-07  6.282880E-08  6.426234E-17
        10   5  5.408439E-03 -2.628599E-03 -2.629245E-03  5.552075E-07 -6.282882E-08 -6.098389E-18
        10   6  5.408439E-03 -2.629155E-03 -2.629560E-03  5.552072E-07 -6.282880E-08 -3.164899E-17
        10   7  5.408439E-03 -2.628599E-03 -2.629245E-03 -5.552075E-07 -6.282882E-08  3.261389E-17
        10   8  5.408439E-03 -2.629155E-03 -2.629560E-03 -5.552072E-07 -6.282880E-08  5.937684E-17
        11   1  5.409491E-03 -2.629445E-03 -2.629724E-03  2.394748E-07  2.709951E-08 -1.591412E-17
        11   2  5.409491E-03 -2.629685E-03 -2.629860E-03  2.394747E-07  2.709951E-08  3.539398E-17
        11   3  5.409491E-03 -2.629445E-03 -2.629724E-03 -2.394748E-07  2.709951E-08  5.813453E-17
        11   4  5.409491E-03 -2.629685E-03 -2.629860E-03 -2.394747E-07  2.709951E-08  1.146326E-17
        11   5  5.409491E-03 -2.629445E-03 -2.629724E-03  2.394748E-07 -2.709951E-08 -2.297329E-17
        11   6  5.409491E-03 -2.629685E-03 -2.629860E-03  2.394747E-07 -2.709951E-08  2.756097E-17
        11   7  5.409491E-03 -2.629445E-03 -2.629724E-03 -2.394748E-07 -2.709951E-08  5.195058E-17
        11   8  5.409491E-03 -2.629685E-03 -2.629860E-03 -2.394747E-07 -2.709951E-08  3.183351E-18
        12   1  5.409945E-03 -2.629810E-03 -2.629931E-03  1.032560E-07  1.168467E-08  2.025072E-17
        12   2  5.409945E-03 -2.629914E-03 -2.629989E-03  1.032560E-07  1.168467E-08 -7.291918E-17
        12   3  5.409945E-03 -2.629810E-03 -2.629931E-03 -1.032560E-07  1.168467E-08  2.056161E-17
        12   4  5.409945E-03 -2.629914E-03 -2.629989E-03 -1.032560E-07  1.168467E-08  9.146838E-17
        12   5  5.409945E-03 -2.629810E-03 -2.629931E-03  1.032560E-07 -1.168467E-08  1.711482E-17
        12   6  5.409945E-03 -2.629914E-03 -2.629989E-03  1.032560E-07 -1.168467E-08 -5.932040E-17
        12   7  5.409945E-03 -2.629810E-03 -2.629931E-03 -1.032560E-07 -1.168467E-08  1.807451E-17
        12   8  5.409945E-03 -2.629914E-03 -2.629989E-03 -1.032560E-07 -1.168467E-08  1.050342E-16
        13   1  5.410141E-03 -2.629968E-03 -2.630020E-03  4.443953E-08  5.028872E-09 -9.791482E-17
        13   2  5.410141E-03 -2.630012E-03 -2.630045E-03  4.443952E-08  5.028872E-09 -7.641754E-17
        13   3  5.410141E-03 -2.629968E-03 -2.630020E-03 -4.443953E-08  5.028872E-09  1.172732E-16
        13   4  5.410141E-03 -2.630012E-03 -2.630045E-03 -4.443953E-08  5.028872E-09  1.160487E-16
        13   5  5.410141E-03 -2.629968E-03 -2.630020E-03  4.443953E-08 -5.028872E-09 -8.370862E-17
        13   6  5.410141E-03 -2.630012E-03 -2.630045E-03  4.443953E-08 -5.028872E-09 -7.563947E-17
        13   7  5.410141E-03 -2.629968E-03 -2.630020E-03 -4.443953E-08 -5.028872E-09  1.318038E-16
        13   8  5.410141E-03 -2.630012E-03 -2.630045E-03 -4.443952E-08 -5.028872E-09  1.180534E-16
        14   1  5.410224E-03 -2.630035E-03 -2.630058E-03  1.893569E-08  2.142804E-09 -6.599205E-17
        14   2  5.410224E-03 -2.630054E-03 -2.630069E-03  1.893569E-08  2.142804E-09 -5.748761E-17
        14   3  5.410224E-03 -2.630035E-03 -2.630058E-03 -1.893570E-08  2.142804E-09  1.096187E-16
        14   4  5.410224E-03 -2.630054E-03 -2.630069E-03 -1.893569E-08  2.142804E-09  9.198410E-17
        14   5  5.410224E-03 -2.630035E-03 -2.630058E-03  1.893570E-08 -2.142804E-09 -6.832708E-17
        14   6  5.410224E-03 -2.630054E-03 -2.630069E-03  1.893569E-08 -2.142804E-09 -5.819302E-17
        14   7  5.410224E-03 -2.630035E-03 -2.630058E-03 -1.893569E-08 -2.142804E-09  1.068646E-16
        14   8  5.410224E-03 -2.630054E-03 -2.630069E-03 -1.893569E-08 -2.142804E-09  9.030295E-17
        15   1  5.410260E-03 -2.630064E-03 -2.630074E-03  7.626373E-09  8.630167E-10 -4.944772E-17
        15   2  5.410260E-03 -2.630072E-03 -2.630078E-03  7.626373E-09  8.630169E-10 -3.573159E-17
        15   3  5.410260E-03 -2.630064E-03 -2.630074E-03 -7.626374E-09  8.630168E-10  7.675898E-17
        15   4  5.410260E-03 -2.630072E-03 -2.630078E-03 -7.626374E-09  8.630166E-10  5.453553E-17
        15   5  5.410260E-03 -2.630064E-03 -2.630074E-03  7.626374E-09 -8.630168E-10 -5.109340E-17
        15   6  5.410260E-03 -2.630072E-03 -2.630078E-03  7.626374E-09 -8.630166E-10 -3.852619E-17
        15   7  5.410260E-03 -2.630064E-03 -2.630074E-03 -7.626373E-09 -8.630167E-10  7.509979E-17
        15   8  5.410260E-03 -2.630072E-03 -2.630078E-03 -7.626373E-09 -8.630170E-10  5.156690E-17
        16   1  5.410272E-03 -2.630075E-03 -2.630080E-03  2.033908E-09  2.301613E-10 -5.956857E-17
        16   2  5.410272E-03 -2.630077E-03 -2.630082E-03  2.033908E-09  2.301615E-10 -1.332387E-16
        16   3  5.410272E-03 -2.630075E-03 -2.630080E-03 -2.033908E-09  2.301615E-10  6.965239E-17
        16   4  5.410272E-03 -2.630077E-03 -2.630082E-03 -2.033908E-09  2.301611E-10  1.346869E-16
        16   5  5.410272E-03 -2.630075E-03 -2.630080E-03  2.033908E-09 -2.301614E-10 -5.977132E-17
        16   6  5.410272E-03 -2.630077E-03 -2.630082E-03  2.033908E-09 -2.301612E-10 -1.271663E-16
        16   7  5.410272E-03 -2.630075E-03 -2.630080E-03 -2.033907E-09 -2.301612E-10  6.923336E-17
        16   8  5.410272E-03 -2.630077E-03 -2.630082E-03 -2.033908E-09 -2.301615E-10  1.412578E-16

                                INCREMENT     2


 forces (fx,fy,fz) for set RIGHT and time  0.1000000E+00

        65  2.651540E-01 -1.505378E-15 -6.521297E-15
        66  2.651540E-01  1.512252E-15 -6.387105E-15
        67  2.651540E-01  1.625353E-15  6.451641E-15
        68  2.651540E-01 -1.648831E-15  6.545380E-15

 displacements (vx,vy,vz) for set RIGHT and time  0.1000000E+00

        65  2.000000E-01  1.311710E-02  2.623424E-03
        66  2.000000E-01 -1.311710E-02  2.623424E-03
        67  2.000000E-01 -1.311710E-02 -2.623424E-03
        68  2.000000E-01  1.311710E-02 -2.623424E-03

 stresses (elem, integ.pnt.,sxx,syy,szz,sxy,sxz,syz) for set ALL and time  0.1000000E+00

         1   1  7.871899E-01  7.329988E-01  7.304482E-01  1.985327E-02  5.340139E-03  1.585197E-05
         1   2 -3.636705E-01 -4.380518E-01 -4.474597E-01  1.996936E-02  5.371364E-03  1.594466E-05
         1   3  7.871899E-01  7.329988E-01  7.304482E-01 -1.985327E-02  5.340139E-03 -1.585197E-05
         1   4 -3.636705E-01 -4.380518E-01 -4.474597E-01 -1.996936E-02  5.371364E-03 -1.594466E-05
         1   5  7.871899E-01  7.329988E-01  7.304482E-01  1.985327E-02 -5.340139E-03 -1.585197E-05
         1   6 -3.636705E-01 -4.380518E-01 -4.474597E-01  1.996936E-02 -5.371364E-03 -1.594466E-05
         1   7  7.871899E-01  7.329988E-01  7.304482E-01 -1.985327E-02 -5.340139E-03  1.585197E-05
         1   8 -3.636705E-01 -4.380518E-01 -4.474597E-01 -1.996936E-02 -5.371364E-03  1.594466E-05
         2   1  4.552324E-01  3.140011E-01  3.033033E-01  1.137324E-02  1.654005E-03  2.784010E-06
         2   2 -2.821958E-02 -1.810739E-01 -1.887155E-01  1.140114E-02  1.658063E-03  2.790839E-06
         2   3  4.552324E-01  3.140011E-01  3.033033E-01 -1.137324E-02  1.654005E-03 -2.784010E-06
         2   4 -2.821958E-02 -1.810739E-01 -1.887155E-01 -1.140114E-02  1.658063E-03 -2.790839E-06
         2   5  4.552324E-01  3.140011E-01  3.033033E-01  1.137324E-02 -1.654005E-03 -2.784010E-06
         2   6 -2.821958E-02 -1.810739E-01 -1.887155E-01  1.140114E-02 -1.658063E-03 -2.790839E-06
         2   7  4.552324E-01  3.140011E-01  3.033033E-01 -1.137324E-02 -1.654005E-03  2.784010E-06
         2   8 -2.821958E-02 -1.810739E-01 -1.887155E-01 -1.140114E-02 -1.658063E-03  2.790839E-06
         3   1  3.175696E-01  1.352404E-01  1.294968E-01  5.245628E-03  6.365357E-04  4.920353E-07
         3   2  1.105114E-01 -7.718835E-02 -8.090002E-02  5.251136E-03  6.372041E-04  4.925520E-07
         3   3  3.175696E-01  1.352404E-01  1.294968E-01 -5.245628E-03  6.365357E-04 -4.920353E-07
         3   4  1.105114E-01 -7.718835E-02 -8.090002E-02 -5.251136E-03  6.372041E-04 -4.925520E-07
         3   5  3.175696E-01  1.352404E-01  1.294968E-01  5.245628E-03 -6.365357E-04 -4.920353E-07
         3   6  1.105114E-01 -7.718835E-02 -8.090002E-02  5.251136E-03 -6.372041E-04 -4.925520E-07
         3   7  3.175696E-01  1.352404E-01  1.294968E-01 -5.245628E-03 -6.365357E-04  4.920353E-07
         3   8  1.105114E-01 -7.718835E-02 -8.090002E-02 -5.251136E-03 -6.372041E-04  4.925520E-07
         4   1  2.588070E-01  5.831880E-02  5.570988E-02  2.303429E-03  2.655994E-04  8.998597E-08
         4   2  1.696614E-01 -3.318741E-02 -3.483600E-02  2.304470E-03  2.657194E-04  9.002664E-08
         4   3  2.588070E-01  5.831880E-02  5.570988E-02 -2.303429E-03  2.655994E-04 -8.998597E-08
         4   4  1.696614E-01 -3.318741E-02 -3.483600E-02 -2.304470E-03  2.657194E-04 -9.002664E-08
         4   5  2.588070E-01  5.831880E-02  5.570988E-02  2.303429E-03 -2.655994E-04 -8.998597E-08
         4   6  1.696614E-01 -3.318741E-02 -3.483600E-02  2.304470E-03 -2.657194E-04 -9.002664E-08
         4   7  2.588070E-01  5.831880E-02  5.570988E-02 -2.303429E-03 -2.655994E-04  8.998597E-08
         4   8  1.696614E-01 -3.318741E-02 -3.483600E-02 -2.304470E-03 -2.657194E-04  9.002664E-08
         5   1  2.335268E-01  2.515340E-02  2.401296E-02  9.984119E-04  1.135270E-04  1.665850E-08
         5   2  1.950954E-01 -1.430178E-02 -1.501820E-02  9.986064E-04  1.135491E-04  1.666175E-08
         5   3  2.335268E-01  2.515340E-02  2.401296E-02 -9.984119E-04  1.135270E-04 -1.665850E-08
         5   4  1.950954E-01 -1.430178E-02 -1.501820E-02 -9.986064E-04  1.135491E-04 -1.666175E-08
         5   5  2.335268E-01  2.515340E-02  2.401296E-02  9.984119E-04 -1.135270E-04 -1.665850E-08
         5   6  1.950954E-01 -1.430178E-02 -1.501820E-02  9.986064E-04 -1.135491E-04 -1.666175E-08
         5   7  2.335268E-01  2.515340E-02  2.401296E-02 -9.984119E-04 -1.135270E-04  1.665850E-08
         5   8  1.950954E-01 -1.430178E-02 -1.501820E-02 -9.986064E-04 -1.135491E-04  1.666175E-08
         6   1  2.226298E-01  1.084882E-02  1.035521E-02  4.312092E-04  4.884745E-05  3.094623E-09
         6   2  2.060564E-01 -6.166869E-03 -6.476451E-03  4.312454E-04  4.885155E-05  3.094884E-09
         6   3  2.226298E-01  1.084882E-02  1.035521E-02 -4.312092E-04  4.884745E-05 -3.094623E-09
         6   4  2.060564E-01 -6.166869E-03 -6.476451E-03 -4.312454E-04  4.885155E-05 -3.094884E-09
         6   5  2.226298E-01  1.084882E-02  1.035521E-02  4.312092E-04 -4.884745E-05 -3.094625E-09
         6   6  2.060564E-01 -6.166869E-03 -6.476451E-03  4.312454E-04 -4.885155E-05 -3.094884E-09
         6   7  2.226298E-01  1.084882E-02  1.035521E-02 -4.312092E-04 -4.884745E-05  3.094625E-09
         6   8  2.060564E-01 -6.166869E-03 -6.476451E-03 -4.312454E-04 -4.885155E-05  3.094884E-09
         7   1  2.179305E-01  4.679031E-03  4.465953E-03  1.860489E-04  2.105444E-05  5.754197E-10
         7   2  2.107828E-01 -2.659524E-03 -2.793105E-03  1.860557E-04  2.105521E-05  5.754409E-10
         7   3  2.179305E-01  4.679031E-03  4.465953E-03 -1.860489E-04  2.105444E-05 -5.754197E-10
         7   4  2.107828E-01 -2.659524E-03 -2.793105E-03 -1.860557E-04  2.105521E-05 -5.754409E-10
         7   5  2.179305E-01  4.679031E-03  4.465953E-03  1.860489E-04 -2.105444E-05 -5.754196E-10
         7   6  2.107828E-01 -2.659524E-03 -2.793105E-03  1.860557E-04 -2.105521E-05 -5.754400E-10
         7   7  2.179305E-01  4.679031E-03  4.465953E-03 -1.860489E-04 -2.105444E-05  5.754195E-10
         7   8  2.107828E-01 -2.659524E-03 -2.793105E-03 -1.860557E-04 -2.105521E-05  5.754401E-10
         8   1  2.159038E-01  2.018001E-03  1.926083E-03  8.024898E-05  9.079049E-06  1.070206E-10
         8   2  2.128211E-01 -1.146985E-03 -1.204602E-03  8.025024E-05  9.079191E-06  1.070218E-10
         8   3  2.159038E-01  2.018001E-03  1.926083E-03 -8.024898E-05  9.079049E-06 -1.070206E-10
         8   4  2.128211E-01 -1.146985E-03 -1.204602E-03 -8.025024E-05  9.079191E-06 -1.070217E-10
         8   5  2.159038E-01  2.018001E-03  1.926083E-03  8.024898E-05 -9.079049E-06 -1.070198E-10
         8   6  2.128211E-01 -1.146985E-03 -1.204602E-03  8.025024E-05 -9.079191E-06 -1.070220E-10
         8   7  2.159038E-01  2.018001E-03  1.926083E-03 -8.024898E-05 -9.079049E-06  1.070199E-10
         8   8  2.128211E-01 -1.146985E-03 -1.204602E-03 -8.025024E-05 -9.079191E-06  1.070221E-10
         9   1  2.150297E-01  8.703258E-04  8.306812E-04  3.461093E-05  3.915470E-06  1.990508E-11
         9   2  2.137002E-01 -4.946673E-04 -5.195168E-04  3.461116E-05  3.915497E-06  1.990520E-11
         9   3  2.150297E-01  8.703258E-04  8.306812E-04 -3.461093E-05  3.915470E-06 -1.990499E-11
         9   4  2.137002E-01 -4.946673E-04 -5.195168E-04 -3.461116E-05  3.915497E-06 -1.990511E-11
         9   5  2.150297E-01  8.703258E-04  8.306812E-04  3.461093E-05 -3.915470E-06 -1.990576E-11
         9   6  2.137002E-01 -4.946673E-04 -5.195168E-04  3.461116E-05 -3.915497E-06 -1.990598E-11
         9   7  2.150297E-01  8.703258E-04  8.306812E-04 -3.461093E-05 -3.915470E-06  1.990582E-11
         9   8  2.137002E-01 -4.946673E-04 -5.195168E-04 -3.461116E-05 -3.915497E-06  1.990591E-11
        10   1  2.146527E-01  3.753509E-04  3.582526E-04  1.492692E-05  1.688625E-06  3.701902E-12
        10   2  2.140793E-01 -2.133339E-04 -2.240512E-04  1.492696E-05  1.688630E-06  3.701754E-12
        10   3  2.146527E-01  3.753509E-04  3.582526E-04 -1.492692E-05  1.688625E-06 -3.701755E-12
        10   4  2.140793E-01 -2.133339E-04 -2.240512E-04 -1.492696E-05  1.688630E-06 -3.701574E-12
        10   5  2.146527E-01  3.753509E-04  3.582526E-04  1.492692E-05 -1.688625E-06 -3.702822E-12
        10   6  2.140793E-01 -2.133339E-04 -2.240512E-04  1.492696E-05 -1.688630E-06 -3.703012E-12
        10   7  2.146527E-01  3.753509E-04  3.582526E-04 -1.492692E-05 -1.688625E-06  3.702744E-12
        10   8  2.140793E-01 -2.133339E-04 -2.240512E-04 -1.492696E-05 -1.688630E-06  3.702924E-12
        11   1  2.144901E-01  1.618737E-04  1.544992E-04  6.437181E-06  7.282105E-07  6.880430E-13
        11   2  2.142429E-01 -9.199363E-05 -9.661636E-05  6.437189E-06  7.282114E-07  6.884576E-13
        11   3  2.144901E-01  1.618737E-04  1.544992E-04 -6.437181E-06  7.282105E-07 -6.878926E-13
        11   4  2.142429E-01 -9.199363E-05 -9.661636E-05 -6.437189E-06  7.282114E-07 -6.883927E-13
        11   5  2.144901E-01  1.618737E-04  1.544992E-04  6.437181E-06 -7.282105E-07 -6.891423E-13
        11   6  2.142429E-01 -9.199363E-05 -9.661636E-05  6.437189E-06 -7.282114E-07 -6.886744E-13
        11   7  2.144901E-01  1.618737E-04  1.544992E-04 -6.437181E-06 -7.282105E-07  6.890245E-13
        11   8  2.142429E-01 -9.199363E-05 -9.661636E-05 -6.437189E-06 -7.282114E-07  6.885930E-13
        12   1  2.144200E-01  6.979597E-05  6.661467E-05  2.775053E-06  3.139295E-07  1.279051E-13
        12   2  2.143134E-01 -3.964552E-05 -4.164053E-05  2.775055E-06  3.139297E-07  1.275740E-13
        12   3  2.144200E-01  6.979597E-05  6.661467E-05 -2.775053E-06  3.139295E-07 -1.279260E-13
        12   4  2.143134E-01 -3.964552E-05 -4.164053E-05 -2.775055E-06  3.139297E-07 -1.277201E-13
        12   5  2.144200E-01  6.979597E-05  6.661467E-05  2.775053E-06 -3.139295E-07 -1.280311E-13
        12   6  2.143134E-01 -3.964552E-05 -4.164053E-05  2.775055E-06 -3.139297E-07 -1.282450E-13
        12   7  2.144200E-01  6.979597E-05  6.661467E-05 -2.775053E-06 -3.139295E-07  1.279689E-13
        12   8  2.143134E-01 -3.964552E-05 -4.164053E-05 -2.775055E-06 -3.139297E-07  1.283029E-13
        13   1  2.143897E-01  3.006282E-05  2.868886E-05  1.194115E-06  1.350850E-07  2.321069E-14
        13   2  2.143438E-01 -1.703022E-05 -1.789373E-05  1.194116E-06  1.350850E-07  2.330913E-14
        13   3  2.143897E-01  3.006282E-05  2.868886E-05 -1.194115E-06  1.350850E-07 -2.330987E-14
        13   4  2.143438E-01 -1.703022E-05 -1.789373E-05 -1.194116E-06  1.350850E-07 -2.314550E-14
        13   5  2.143897E-01  3.006282E-05  2.868886E-05  1.194115E-06 -1.350850E-07 -2.408532E-14
        13   6  2.143438E-01 -1.703022E-05 -1.789373E-05  1.194116E-06 -1.350850E-07 -2.416780E-14
        13   7  2.143897E-01  3.006282E-05  2.868886E-05 -1.194115E-06 -1.350850E-07  2.416582E-14
        13   8  2.143438E-01 -1.703022E-05 -1.789373E-05 -1.194116E-06 -1.350850E-07  2.417166E-14
        14   1  2.143766E-01  1.287580E-05  1.227873E-05  5.087238E-07  5.754967E-08  3.998996E-15
        14   2  2.143570E-01 -7.187045E-06 -7.566639E-06  5.087238E-07  5.754967E-08  4.196813E-15
        14   3  2.143766E-01  1.287580E-05  1.227873E-05 -5.087238E-07  5.754967E-08 -3.816630E-15
        14   4  2.143570E-01 -7.187045E-06 -7.566639E-06 -5.087238E-07  5.754967E-08 -4.127483E-15
        14   5  2.143766E-01  1.287580E-05  1.227873E-05  5.087238E-07 -5.754967E-08 -4.701236E-15
        14   6  2.143570E-01 -7.187045E-06 -7.566640E-06  5.087238E-07 -5.754967E-08 -4.469103E-15
        14   7  2.143766E-01  1.287580E-05  1.227873E-05 -5.087238E-07 -5.754967E-08  4.686863E-15
        14   8  2.143570E-01 -7.187045E-06 -7.566639E-06 -5.087238E-07 -5.754967E-08  4.426701E-15
        15   1  2.143708E-01  5.345196E-06  5.077254E-06  2.048581E-07  2.317469E-08  5.481939E-16
        15   2  2.143629E-01 -2.733914E-06 -2.914283E-06  2.048581E-07  2.317469E-08  2.711201E-16
        15   3  2.143708E-01  5.345196E-06  5.077254E-06 -2.048581E-07  2.317469E-08 -5.334607E-16
        15   4  2.143629E-01 -2.733914E-06 -2.914283E-06 -2.048581E-07  2.317469E-08 -2.799463E-16
        15   5  2.143708E-01  5.345196E-06  5.077254E-06  2.048581E-07 -2.317469E-08 -8.640537E-16
        15   6  2.143629E-01 -2.733914E-06 -2.914283E-06  2.048581E-07 -2.317469E-08 -1.109932E-15
        15   7  2.143708E-01  5.345196E-06  5.077254E-06 -2.048581E-07 -2.317469E-08  8.439308E-16
        15   8  2.143629E-01 -2.733914E-06 -2.914283E-06 -2.048581E-07 -2.317469E-08  1.106698E-15
        16   1  2.143679E-01  1.823319E-06  1.683551E-06  5.462930E-08  6.179971E-09 -3.597004E-16
        16   2  2.143658E-01 -3.311295E-07 -4.475443E-07  5.462930E-08  6.179972E-09 -7.322410E-18
        16   3  2.143679E-01  1.823319E-06  1.683551E-06 -5.462930E-08  6.179971E-09  3.517949E-16
        16   4  2.143658E-01 -3.311295E-07 -4.475443E-07 -5.462930E-08  6.179972E-09  2.126936E-17
        16   5  2.143679E-01  1.823319E-06  1.683551E-06  5.462930E-08 -6.179971E-09 -4.890610E-16
        16   6  2.143658E-01 -3.311295E-07 -4.475443E-07  5.462930E-08 -6.179971E-09 -2.068892E-16
        16   7  2.143679E-01  1.823319E-06  1.683551E-06 -5.462930E-08 -6.179971E-09  4.294106E-16
        16   8  2.143658E-01 -3.311295E-07 -4.475443E-07 -5.462930E-08 -6.179971E-09  1.572027E-17

 strains (elem, integ.pnt.,exx,eyy,ezz,exy,exz,eyz) for set ALL and time  0.1000000E+00

         1   1  3.544156E-03 -5.450359E-04 -7.329507E-04  1.488660E-03  4.003449E-04  1.203441E-17
         1   2  3.544156E-03 -2.032586E-03 -2.732669E-03  1.486441E-03  3.995423E-04  4.493039E-17
         1   3  3.544156E-03 -5.450359E-04 -7.329507E-04 -1.488660E-03  4.003449E-04 -1.202176E-17
         1   4  3.544156E-03 -2.032586E-03 -2.732669E-03 -1.486441E-03  3.995423E-04 -4.433429E-17
         1   5  3.544156E-03 -5.450359E-04 -7.329507E-04  1.488660E-03 -4.003449E-04  1.006396E-17
         1   6  3.544156E-03 -2.032586E-03 -2.732669E-03  1.486441E-03 -3.995423E-04  3.750366E-17
         1   7  3.544156E-03 -5.450359E-04 -7.329507E-04 -1.488660E-03 -4.003449E-04 -1.391093E-17
         1   8  3.544156E-03 -2.032586E-03 -2.732669E-03 -1.486441E-03 -3.995423E-04 -5.176103E-17
         2   1  7.729179E-03 -2.886081E-03 -3.688523E-03  8.456240E-04  1.228794E-04  4.355723E-17
         2   2  7.729179E-03 -3.731346E-03 -4.302730E-03  8.449048E-04  1.228034E-04  6.096695E-18
         2   3  7.729179E-03 -2.886081E-03 -3.688523E-03 -8.456240E-04  1.228794E-04 -4.129315E-17
         2   4  7.729179E-03 -3.731346E-03 -4.302730E-03 -8.449048E-04  1.228034E-04 -1.707382E-18
         2   5  7.729179E-03 -2.886081E-03 -3.688523E-03  8.456240E-04 -1.228794E-04  3.492259E-17
         2   6  7.729179E-03 -3.731346E-03 -4.302730E-03  8.449048E-04 -1.228034E-04 -1.196844E-18
         2   7  7.729179E-03 -2.886081E-03 -3.688523E-03 -8.456240E-04 -1.228794E-04 -5.017101E-17
         2   8  7.729179E-03 -3.731346E-03 -4.302730E-03 -8.449048E-04 -1.228034E-04 -8.386583E-18
         3   1  9.507178E-03 -4.182771E-03 -4.613698E-03  3.885164E-04  4.712440E-05 -1.623708E-17
         3   2  9.507178E-03 -4.571211E-03 -4.849292E-03  3.883642E-04  4.711319E-05 -4.238861E-17
         3   3  9.507178E-03 -4.182771E-03 -4.613698E-03 -3.885164E-04  4.712440E-05  2.414212E-17
         3   4  9.507178E-03 -4.571211E-03 -4.849292E-03 -3.883642E-04  4.711319E-05  5.613033E-17
         3   5  9.507178E-03 -4.182771E-03 -4.613698E-03  3.885164E-04 -4.712440E-05 -2.453334E-17
         3   6  9.507178E-03 -4.571211E-03 -4.849292E-03  3.883642E-04 -4.711319E-05 -5.460577E-17
         3   7  9.507178E-03 -4.182771E-03 -4.613698E-03 -3.885164E-04 -4.712440E-05  1.541400E-17
         3   8  9.507178E-03 -4.571211E-03 -4.849292E-03 -3.883642E-04 -4.711319E-05  4.325383E-17
         4   1  1.027189E-02 -4.775693E-03 -4.971445E-03  1.703137E-04  1.963432E-05 -4.051242E-17
         4   2  1.027189E-02 -4.945992E-03 -5.069612E-03  1.702844E-04  1.963237E-05 -7.725060E-18
         4   3  1.027189E-02 -4.775693E-03 -4.971445E-03 -1.703137E-04  1.963432E-05  4.947718E-17
         4   4  1.027189E-02 -4.945992E-03 -5.069612E-03 -1.702844E-04  1.963237E-05  6.088701E-19
         4   5  1.027189E-02 -4.775693E-03 -4.971445E-03  1.703137E-04 -1.963432E-05 -4.738963E-17
         4   6  1.027189E-02 -4.945992E-03 -5.069612E-03  1.702844E-04 -1.963237E-05  1.506086E-18
         4   7  1.027189E-02 -4.775693E-03 -4.971445E-03 -1.703137E-04 -1.963432E-05  4.106238E-17
         4   8  1.027189E-02 -4.945992E-03 -5.069612E-03 -1.702844E-04 -1.963237E-05  1.015018E-17
         5   1  1.060164E-02 -5.035320E-03 -5.120891E-03  7.376749E-05  8.387199E-06 -1.586338E-17
         5   2  1.060164E-02 -5.109085E-03 -5.162826E-03  7.376200E-05  8.386843E-06 -6.651820E-17
         5   3  1.060164E-02 -5.035320E-03 -5.120891E-03 -7.376749E-05  8.387199E-06  2.690761E-18
         5   4  1.060164E-02 -5.109085E-03 -5.162826E-03 -7.376200E-05  8.386843E-06  5.505730E-17
         5   5  1.060164E-02 -5.035320E-03 -5.120891E-03  7.376749E-05 -8.387199E-06 -9.309959E-19
         5   6  1.060164E-02 -5.109085E-03 -5.162826E-03  7.376200E-05 -8.386843E-06 -5.664575E-17
         5   7  1.060164E-02 -5.035320E-03 -5.120891E-03 -7.376749E-05 -8.387199E-06  1.740740E-17
         5   8  1.060164E-02 -5.109085E-03 -5.162826E-03 -7.376200E-05 -8.386843E-06  6.549099E-17
         6   1  1.074388E-02 -5.147741E-03 -5.184778E-03  3.184970E-05  3.607805E-06 -6.928075E-17
         6   2  1.074388E-02 -5.179590E-03 -5.202817E-03  3.184868E-05  3.607739E-06 -2.045263E-17
         6   3  1.074388E-02 -5.147741E-03 -5.184778E-03 -3.184970E-05  3.607805E-06  6.055652E-17
         6   4  1.074388E-02 -5.179590E-03 -5.202817E-03 -3.184868E-05  3.607739E-06  1.822934E-17
         6   5  1.074388E-02 -5.147741E-03 -5.184778E-03  3.184970E-05 -3.607805E-06 -6.488565E-17
         6   6  1.074388E-02 -5.179590E-03 -5.202817E-03  3.184868E-05 -3.607739E-06 -2.134749E-17
         6   7  1.074388E-02 -5.147741E-03 -5.184778E-03 -3.184970E-05 -3.607805E-06  6.673131E-17
         6   8  1.074388E-02 -5.179590E-03 -5.202817E-03 -3.184868E-05 -3.607739E-06  1.814172E-17
         7   1  1.080524E-02 -5.196277E-03 -5.212265E-03  1.373995E-05  1.554872E-06  7.269503E-18
         7   2  1.080524E-02 -5.210017E-03 -5.220039E-03  1.373976E-05  1.554860E-06  3.421382E-17
         7   3  1.080524E-02 -5.196277E-03 -5.212265E-03 -1.373995E-05  1.554872E-06 -6.509020E-18
         7   4  1.080524E-02 -5.210017E-03 -5.220039E-03 -1.373976E-05  1.554860E-06 -3.328417E-17
         7   5  1.080524E-02 -5.196277E-03 -5.212265E-03  1.373995E-05 -1.554872E-06  4.660776E-18
         7   6  1.080524E-02 -5.210017E-03 -5.220039E-03  1.373976E-05 -1.554860E-06  3.777297E-17
         7   7  1.080524E-02 -5.196277E-03 -5.212265E-03 -1.373995E-05 -1.554872E-06 -8.066157E-18
         7   8  1.080524E-02 -5.210017E-03 -5.220039E-03 -1.373976E-05 -1.554860E-06 -3.137484E-17
         8   1  1.083170E-02 -5.217215E-03 -5.224112E-03  5.926137E-06  6.704548E-07  2.986648E-17
         8   2  1.083170E-02 -5.223141E-03 -5.227464E-03  5.926102E-06  6.704525E-07 -1.072766E-17
         8   3  1.083170E-02 -5.217215E-03 -5.224112E-03 -5.926137E-06  6.704548E-07 -2.837418E-17
         8   4  1.083170E-02 -5.223141E-03 -5.227464E-03 -5.926102E-06  6.704525E-07  1.416266E-17
         8   5  1.083170E-02 -5.217215E-03 -5.224112E-03  5.926137E-06 -6.704548E-07  3.464570E-17
         8   6  1.083170E-02 -5.223141E-03 -5.227464E-03  5.926102E-06 -6.704525E-07 -7.820712E-18
         8   7  1.083170E-02 -5.217215E-03 -5.224112E-03 -5.926137E-06 -6.704548E-07 -2.402638E-17
         8   8  1.083170E-02 -5.223141E-03 -5.227464E-03 -5.926102E-06 -6.704525E-07  1.638542E-17
         9   1  1.084312E-02 -5.226245E-03 -5.229220E-03  2.555844E-06  2.891371E-07 -2.496202E-17
         9   2  1.084312E-02 -5.228801E-03 -5.230666E-03  2.555837E-06  2.891366E-07 -2.607550E-17
         9   3  1.084312E-02 -5.226245E-03 -5.229220E-03 -2.555844E-06  2.891371E-07  3.201759E-17
         9   4  1.084312E-02 -5.228801E-03 -5.230666E-03 -2.555837E-06  2.891366E-07  3.294640E-17
         9   5  1.084312E-02 -5.226245E-03 -5.229220E-03  2.555844E-06 -2.891371E-07 -2.591246E-17
         9   6  1.084312E-02 -5.228801E-03 -5.230666E-03  2.555837E-06 -2.891366E-07 -3.253818E-17
         9   7  1.084312E-02 -5.226245E-03 -5.229220E-03 -2.555844E-06 -2.891371E-07  3.065596E-17
         9   8  1.084312E-02 -5.228801E-03 -5.230666E-03 -2.555837E-06 -2.891366E-07  2.731958E-17
        10   1  1.084804E-02 -5.230140E-03 -5.231423E-03  1.102266E-06  1.246950E-07 -3.025284E-17
        10   2  1.084804E-02 -5.231243E-03 -5.232047E-03  1.102265E-06  1.246949E-07 -4.220563E-17
        10   3  1.084804E-02 -5.230140E-03 -5.231423E-03 -1.102266E-06  1.246950E-07  4.133371E-17
        10   4  1.084804E-02 -5.231243E-03 -5.232047E-03 -1.102265E-06  1.246949E-07  5.571853E-17
        10   5  1.084804E-02 -5.230140E-03 -5.231423E-03  1.102266E-06 -1.246950E-07 -3.871919E-17
        10   6  1.084804E-02 -5.231243E-03 -5.232047E-03  1.102265E-06 -1.246949E-07 -5.218694E-17
        10   7  1.084804E-02 -5.230140E-03 -5.231423E-03 -1.102266E-06 -1.246950E-07  3.289433E-17
        10   8  1.084804E-02 -5.231243E-03 -5.232047E-03 -1.102265E-06 -1.246949E-07  4.556027E-17
        11   1  1.085016E-02 -5.231820E-03 -5.232373E-03  4.753461E-07  5.377383E-08 -3.611022E-17
        11   2  1.085016E-02 -5.232295E-03 -5.232642E-03  4.753459E-07  5.377381E-08 -5.067447E-18
        11   3  1.085016E-02 -5.231820E-03 -5.232373E-03 -4.753461E-07  5.377383E-08  4.739380E-17
        11   4  1.085016E-02 -5.232295E-03 -5.232642E-03 -4.753459E-07  5.377381E-08  9.939069E-18
        11   5  1.085016E-02 -5.231820E-03 -5.232373E-03  4.753461E-07 -5.377383E-08 -4.637633E-17
        11   6  1.085016E-02 -5.232295E-03 -5.232642E-03  4.753459E-07 -5.377381E-08 -1.120318E-17
        11   7  1.085016E-02 -5.231820E-03 -5.232373E-03 -4.753461E-07 -5.377383E-08  3.753213E-17
        11   8  1.085016E-02 -5.232295E-03 -5.232642E-03 -4.753459E-07 -5.377381E-08  5.095868E-18
        12   1  1.085108E-02 -5.232544E-03 -5.232783E-03  2.049202E-07  2.318171E-08 -4.004060E-18
        12   2  1.085108E-02 -5.232749E-03 -5.232899E-03  2.049201E-07  2.318171E-08 -2.885535E-17
        12   3  1.085108E-02 -5.232544E-03 -5.232783E-03 -2.049202E-07  2.318171E-08  2.440061E-18
        12   4  1.085108E-02 -5.232749E-03 -5.232899E-03 -2.049201E-07  2.318171E-08  1.789486E-17
        12   5  1.085108E-02 -5.232544E-03 -5.232783E-03  2.049202E-07 -2.318171E-08 -5.446573E-18
        12   6  1.085108E-02 -5.232749E-03 -5.232899E-03  2.049201E-07 -2.318171E-08 -2.148944E-17
        12   7  1.085108E-02 -5.232544E-03 -5.232783E-03 -2.049202E-07 -2.318171E-08  7.818464E-19
        12   8  1.085108E-02 -5.232749E-03 -5.232899E-03 -2.049201E-07 -2.318171E-08  2.583710E-17
        13   1  1.085147E-02 -5.232857E-03 -5.232960E-03  8.817781E-08  9.975164E-09 -3.618417E-17
        13   2  1.085147E-02 -5.232945E-03 -5.233010E-03  8.817781E-08  9.975164E-09 -2.879802E-17
        13   3  1.085147E-02 -5.232857E-03 -5.232960E-03 -8.817781E-08  9.975164E-09  2.874236E-17
        13   4  1.085147E-02 -5.232945E-03 -5.233010E-03 -8.817781E-08  9.975164E-09  4.107618E-17
        13   5  1.085147E-02 -5.232857E-03 -5.232960E-03  8.817781E-08 -9.975164E-09 -2.944346E-17
        13   6  1.085147E-02 -5.232945E-03 -5.233010E-03  8.817781E-08 -9.975164E-09 -3.563142E-17
        13   7  1.085147E-02 -5.232857E-03 -5.232960E-03 -8.817781E-08 -9.975164E-09  3.548307E-17
        13   8  1.085147E-02 -5.232945E-03 -5.233010E-03 -8.817781E-08 -9.975164E-09  3.592123E-17
        14   1  1.085164E-02 -5.232991E-03 -5.233036E-03  3.756599E-08  4.249674E-09 -2.260162E-17
        14   2  1.085164E-02 -5.233028E-03 -5.233057E-03  3.756599E-08  4.249674E-09 -7.758565E-18
        14   3  1.085164E-02 -5.232991E-03 -5.233036E-03 -3.756599E-08  4.249674E-09  3.628523E-17
        14   4  1.085164E-02 -5.233028E-03 -5.233057E-03 -3.756599E-08  4.249674E-09  1.296069E-17
        14   5  1.085164E-02 -5.232991E-03 -5.233036E-03  3.756599E-08 -4.249674E-09 -3.009054E-17
        14   6  1.085164E-02 -5.233028E-03 -5.233057E-03  3.756599E-08 -4.249674E-09 -1.267254E-17
        14   7  1.085164E-02 -5.232991E-03 -5.233036E-03 -3.756599E-08 -4.249674E-09  2.901200E-17
        14   8  1.085164E-02 -5.233028E-03 -5.233057E-03 -3.756599E-08 -4.249674E-09  9.490911E-18
        15   1  1.085171E-02 -5.233048E-03 -5.233068E-03  1.512746E-08  1.711302E-09 -1.118958E-17
        15   2  1.085171E-02 -5.233063E-03 -5.233076E-03  1.512746E-08  1.711302E-09 -3.197962E-17
        15   3  1.085171E-02 -5.233048E-03 -5.233068E-03 -1.512746E-08  1.711302E-09  1.229505E-17
        15   4  1.085171E-02 -5.233063E-03 -5.233076E-03 -1.512746E-08  1.711302E-09  3.131733E-17
        15   5  1.085171E-02 -5.233048E-03 -5.233068E-03  1.512746E-08 -1.711302E-09 -1.251076E-17
        15   6  1.085171E-02 -5.233063E-03 -5.233076E-03  1.512746E-08 -1.711302E-09 -3.096008E-17
        15   7  1.085171E-02 -5.233048E-03 -5.233068E-03 -1.512746E-08 -1.711302E-09  1.100083E-17
        15   8  1.085171E-02 -5.233063E-03 -5.233076E-03 -1.512746E-08 -1.711302E-09  3.071741E-17
        16   1  1.085174E-02 -5.233070E-03 -5.233080E-03  4.034023E-09  4.563511E-10 -3.071068E-17
        16   2  1.085174E-02 -5.233074E-03 -5.233083E-03  4.034023E-09  4.563512E-10 -4.270242E-18
        16   3  1.085174E-02 -5.233070E-03 -5.233080E-03 -4.034023E-09  4.563512E-10  3.011749E-17
        16   4  1.085174E-02 -5.233074E-03 -5.233083E-03 -4.034023E-09  4.563512E-10  5.316732E-18
        16   5  1.085174E-02 -5.233070E-03 -5.233080E-03  4.034023E-09 -4.563512E-10 -3.297555E-17
        16   6  1.085174E-02 -5.233074E-03 -5.233083E-03  4.034023E-09 -4.563512E-10 -1.180298E-17
        16   7  1.085174E-02 -5.233070E-03 -5.233080E-03 -4.034023E-09 -4.563512E-10  2.849972E-17
        16   8  1.085174E-02 -5.233074E-03 -5.233083E-03 -4.034023E-09 -4.563512E-10 -2.541250E-18

                                INCREMENT     3


 forces (fx,fy,fz) for set RIGHT and time  0.1750000E+00

        65  4.604713E-01 -2.237538E-15 -2.037175E-14
        66  4.604713E-01  2.226961E-15 -1.321871E-14
        67  4.604713E-01  4.653011E-15  1.322781E-14
        68  4.604713E-01 -4.650738E-15  2.062299E-14

 displacements (vx,vy,vz) for set RIGHT and time  0.1750000E+00

        65  3.500000E-01  2.282331E-02  4.564669E-03
        66  3.500000E-01 -2.282331E-02  4.564669E-03
        67  3.500000E-01 -2.282331E-02 -4.564669E-03
        68  3.500000E-01  2.282331E-02 -4.564669E-03

 stresses (elem, integ.pnt.,sxx,syy,szz,sxy,sxz,syz) for set ALL and time  0.1750000E+00

         1   1  1.369736E+00  1.275605E+00  1.271118E+00  3.454183E-02  9.287071E-03  4.784758E-05
         1   2 -6.351988E-01 -7.648940E-01 -7.813054E-01  3.489436E-02  9.381855E-03  4.833592E-05
         1   3  1.369736E+00  1.275605E+00  1.271118E+00 -3.454183E-02  9.287071E-03 -4.784758E-05
         1   4 -6.351988E-01 -7.648940E-01 -7.813054E-01 -3.489436E-02  9.381855E-03 -4.833592E-05
         1   5  1.369736E+00  1.275605E+00  1.271118E+00  3.454183E-02 -9.287071E-03 -4.784758E-05
         1   6 -6.351988E-01 -7.648940E-01 -7.813054E-01  3.489436E-02 -9.381855E-03 -4.833592E-05
         1   7  1.369736E+00  1.275605E+00  1.271118E+00 -3.454183E-02 -9.287071E-03  4.784758E-05
         1   8 -6.351988E-01 -7.648940E-01 -7.813054E-01 -3.489436E-02 -9.381855E-03  4.833592E-05
         2   1  7.944101E-01  5.478305E-01  5.292877E-01  1.987079E-02  2.893671E-03  8.424562E-06
         2   2 -4.926743E-02 -3.164812E-01 -3.297636E-01  1.995593E-02  2.906070E-03  8.460662E-06
         2   3  7.944101E-01  5.478305E-01  5.292877E-01 -1.987079E-02  2.893671E-03 -8.424562E-06
         2   4 -4.926743E-02 -3.164812E-01 -3.297636E-01 -1.995593E-02  2.906070E-03 -8.460662E-06
         2   5  7.944101E-01  5.478305E-01  5.292877E-01  1.987079E-02 -2.893671E-03 -8.424562E-06
         2   6 -4.926743E-02 -3.164812E-01 -3.297636E-01  1.995593E-02 -2.906070E-03 -8.460662E-06
         2   7  7.944101E-01  5.478305E-01  5.292877E-01 -1.987079E-02 -2.893671E-03  8.424562E-06
         2   8 -4.926743E-02 -3.164812E-01 -3.297636E-01 -1.995593E-02 -2.906070E-03  8.460662E-06
         3   1  5.549559E-01  2.361499E-01  2.261883E-01  9.186358E-03  1.114892E-03  1.489322E-06
         3   2  1.934437E-01 -1.349314E-01 -1.413754E-01  9.203210E-03  1.116937E-03  1.492054E-06
         3   3  5.549559E-01  2.361499E-01  2.261883E-01 -9.186358E-03  1.114892E-03 -1.489322E-06
         3   4  1.934437E-01 -1.349314E-01 -1.413754E-01 -9.203210E-03  1.116937E-03 -1.492054E-06
         3   5  5.549559E-01  2.361499E-01  2.261883E-01  9.186358E-03 -1.114892E-03 -1.489322E-06
         3   6  1.934437E-01 -1.349314E-01 -1.413754E-01  9.203210E-03 -1.116937E-03 -1.492054E-06
         3   7  5.549559E-01  2.361499E-01  2.261883E-01 -9.186358E-03 -1.114892E-03  1.489322E-06
         3   8  1.934437E-01 -1.349314E-01 -1.413754E-01 -9.203210E-03 -1.116937E-03  1.492054E-06
         4   1  4.526143E-01  1.018512E-01  9.732683E-02  4.037048E-03  4.653089E-04  2.722796E-07
         4   2  2.969679E-01 -5.800775E-02 -6.086756E-02  4.040235E-03  4.656763E-04  2.724946E-07
         4   3  4.526143E-01  1.018512E-01  9.732683E-02 -4.037048E-03  4.653089E-04 -2.722796E-07
         4   4  2.969679E-01 -5.800775E-02 -6.086756E-02 -4.040235E-03  4.656763E-04 -2.724946E-07
         4   5  4.526143E-01  1.018512E-01  9.732683E-02  4.037048E-03 -4.653089E-04 -2.722796E-07
         4   6  2.969679E-01 -5.800775E-02 -6.086756E-02  4.040235E-03 -4.656763E-04 -2.724946E-07
         4   7  4.526143E-01  1.018512E-01  9.732683E-02 -4.037048E-03 -4.653089E-04  2.722796E-07
         4   8  2.969679E-01 -5.800775E-02 -6.086756E-02 -4.040235E-03 -4.656763E-04  2.724946E-07
         5   1  4.085707E-01  4.392465E-02  4.194756E-02  1.750058E-03  1.988854E-04  5.038035E-08
         5   2  3.414816E-01 -2.499219E-02 -2.623421E-02  1.750653E-03  1.989531E-04  5.039749E-08
         5   3  4.085707E-01  4.392465E-02  4.194756E-02 -1.750058E-03  1.988854E-04 -5.038035E-08
         5   4  3.414816E-01 -2.499219E-02 -2.623421E-02 -1.750653E-03  1.989531E-04 -5.039749E-08
         5   5  4.085707E-01  4.392465E-02  4.194756E-02  1.750058E-03 -1.988854E-04 -5.038035E-08
         5   6  3.414816E-01 -2.499219E-02 -2.623421E-02  1.750653E-03 -1.989531E-04 -5.039750E-08
         5   7  4.085707E-01  4.392465E-02  4.194756E-02 -1.750058E-03 -1.988854E-04  5.038035E-08
         5   8  3.414816E-01 -2.499219E-02 -2.623421E-02 -1.750653E-03 -1.989531E-04  5.039750E-08
         6   1  3.895861E-01  1.894066E-02  1.808525E-02  7.557337E-04  8.556046E-05  9.353786E-09
         6   2  3.606616E-01 -1.077353E-02 -1.130998E-02  7.558445E-04  8.557301E-05  9.355158E-09
         6   3  3.895861E-01  1.894066E-02  1.808525E-02 -7.557337E-04  8.556046E-05 -9.353786E-09
         6   4  3.606616E-01 -1.077353E-02 -1.130998E-02 -7.558445E-04  8.557301E-05 -9.355158E-09
         6   5  3.895861E-01  1.894066E-02  1.808525E-02  7.557337E-04 -8.556046E-05 -9.353787E-09
         6   6  3.606616E-01 -1.077353E-02 -1.130998E-02  7.558445E-04 -8.557301E-05 -9.355159E-09
         6   7  3.895861E-01  1.894066E-02  1.808525E-02 -7.557337E-04 -8.556046E-05  9.353787E-09
         6   8  3.606616E-01 -1.077353E-02 -1.130998E-02 -7.558445E-04 -8.557301E-05  9.355159E-09
         7   1  3.814007E-01  8.166705E-03  7.797574E-03  3.259870E-04  3.686959E-05  1.738208E-09
         7   2  3.689299E-01 -4.644793E-03 -4.876172E-03  3.260076E-04  3.687192E-05  1.738318E-09
         7   3  3.814007E-01  8.166705E-03  7.797574E-03 -3.259870E-04  3.686959E-05 -1.738208E-09
         7   4  3.689299E-01 -4.644793E-03 -4.876172E-03 -3.260076E-04  3.687192E-05 -1.738318E-09
         7   5  3.814007E-01  8.166705E-03  7.797574E-03  3.259870E-04 -3.686959E-05 -1.738209E-09
         7   6  3.689299E-01 -4.644793E-03 -4.876172E-03  3.260076E-04 -3.687192E-05 -1.738319E-09
         7   7  3.814007E-01  8.166705E-03  7.797574E-03 -3.259870E-04 -3.686959E-05  1.738209E-09
         7   8  3.689299E-01 -4.644793E-03 -4.876172E-03 -3.260076E-04 -3.687192E-05  1.738319E-09
         8   1  3.778714E-01  3.521118E-03  3.361935E-03  1.405680E-04  1.589428E-05  3.230808E-10
         8   2  3.724946E-01 -2.002556E-03 -2.102321E-03  1.405718E-04  1.589471E-05  3.230898E-10
         8   3  3.778714E-01  3.521118E-03  3.361935E-03 -1.405680E-04  1.589428E-05 -3.230810E-10
         8   4  3.724946E-01 -2.002556E-03 -2.102321E-03 -1.405718E-04  1.589471E-05 -3.230899E-10
         8   5  3.778714E-01  3.521118E-03  3.361935E-03  1.405680E-04 -1.589428E-05 -3.230822E-10
         8   6  3.724946E-01 -2.002556E-03 -2.102321E-03  1.405718E-04 -1.589471E-05 -3.230908E-10
         8   7  3.778714E-01  3.521118E-03  3.361935E-03 -1.405680E-04 -1.589428E-05  3.230820E-10
         8   8  3.724946E-01 -2.002556E-03 -2.102321E-03 -1.405718E-04 -1.589471E-05  3.230908E-10
         9   1  3.763497E-01  1.518117E-03  1.449483E-03  6.060750E-05  6.852547E-06  6.005371E-11
         9   2  3.740316E-01 -8.633807E-04 -9.063938E-04  6.060821E-05  6.852628E-06  6.005477E-11
         9   3  3.763497E-01  1.518117E-03  1.449483E-03 -6.060750E-05  6.852547E-06 -6.005372E-11
         9   4  3.740316E-01 -8.633807E-04 -9.063938E-04 -6.060821E-05  6.852628E-06 -6.005460E-11
         9   5  3.763497E-01  1.518117E-03  1.449483E-03  6.060750E-05 -6.852547E-06 -6.005443E-11
         9   6  3.740316E-01 -8.633807E-04 -9.063938E-04  6.060821E-05 -6.852628E-06 -6.005487E-11
         9   7  3.763497E-01  1.518117E-03  1.449483E-03 -6.060750E-05 -6.852547E-06  6.005440E-11
         9   8  3.740316E-01 -8.633807E-04 -9.063938E-04 -6.060821E-05 -6.852628E-06  6.005486E-11
        10   1  3.756936E-01  6.545200E-04  6.249288E-04  2.613042E-05  2.954372E-06  1.116261E-11
        10   2  3.746942E-01 -3.722292E-04 -3.907743E-04  2.613055E-05  2.954387E-06  1.116219E-11
        10   3  3.756936E-01  6.545200E-04  6.249288E-04 -2.613042E-05  2.954372E-06 -1.116239E-11
        10   4  3.746942E-01 -3.722292E-04 -3.907743E-04 -2.613055E-05  2.954387E-06 -1.116214E-11
        10   5  3.756936E-01  6.545200E-04  6.249288E-04  2.613042E-05 -2.954372E-06 -1.116280E-11
        10   6  3.746942E-01 -3.722292E-04 -3.907743E-04  2.613055E-05 -2.954387E-06 -1.116331E-11
        10   7  3.756936E-01  6.545200E-04  6.249288E-04 -2.613042E-05 -2.954372E-06  1.116274E-11
        10   8  3.746942E-01 -3.722292E-04 -3.907743E-04 -2.613055E-05 -2.954387E-06  1.116310E-11
        11   1  3.754108E-01  2.821781E-04  2.694195E-04  1.126507E-05  1.273653E-06  2.074028E-12
        11   2  3.749799E-01 -1.604611E-04 -1.684576E-04  1.126509E-05  1.273656E-06  2.074260E-12
        11   3  3.754108E-01  2.821781E-04  2.694195E-04 -1.126507E-05  1.273653E-06 -2.074049E-12
        11   4  3.749799E-01 -1.604611E-04 -1.684576E-04 -1.126509E-05  1.273656E-06 -2.074367E-12
        11   5  3.754108E-01  2.821781E-04  2.694195E-04  1.126507E-05 -1.273653E-06 -2.075302E-12
        11   6  3.749799E-01 -1.604611E-04 -1.684576E-04  1.126509E-05 -1.273656E-06 -2.074976E-12
        11   7  3.754108E-01  2.821781E-04  2.694195E-04 -1.126507E-05 -1.273653E-06  2.075071E-12
        11   8  3.749799E-01 -1.604611E-04 -1.684576E-04 -1.126509E-05 -1.273656E-06  2.074860E-12
        12   1  3.752888E-01  1.216294E-04  1.161272E-04  4.854798E-06  5.488937E-07  3.850894E-13
        12   2  3.751031E-01 -6.913023E-05 -7.258013E-05  4.854802E-06  5.488942E-07  3.851593E-13
        12   3  3.752888E-01  1.216294E-04  1.161272E-04 -4.854798E-06  5.488937E-07 -3.852161E-13
        12   4  3.751031E-01 -6.913023E-05 -7.258013E-05 -4.854802E-06  5.488942E-07 -3.852859E-13
        12   5  3.752888E-01  1.216294E-04  1.161272E-04  4.854798E-06 -5.488937E-07 -3.854719E-13
        12   6  3.751031E-01 -6.913023E-05 -7.258013E-05  4.854802E-06 -5.488942E-07 -3.853469E-13
        12   7  3.752888E-01  1.216294E-04  1.161272E-04 -4.854798E-06 -5.488937E-07  3.854598E-13
        12   8  3.751031E-01 -6.913023E-05 -7.258013E-05 -4.854802E-06 -5.488942E-07  3.854147E-13
        13   1  3.752361E-01  5.237206E-05  4.999651E-05  2.088378E-06  2.361165E-07  7.104309E-14
        13   2  3.751563E-01 -2.968656E-05 -3.117929E-05  2.088379E-06  2.361166E-07  7.059144E-14
        13   3  3.752361E-01  5.237206E-05  4.999651E-05 -2.088378E-06  2.361165E-07 -7.104345E-14
        13   4  3.751563E-01 -2.968656E-05 -3.117929E-05 -2.088379E-06  2.361166E-07 -7.041444E-14
        13   5  3.752361E-01  5.237206E-05  4.999651E-05  2.088378E-06 -2.361165E-07 -7.150095E-14
        13   6  3.751563E-01 -2.968656E-05 -3.117929E-05  2.088379E-06 -2.361166E-07 -7.212237E-14
        13   7  3.752361E-01  5.237206E-05  4.999651E-05 -2.088378E-06 -2.361165E-07  7.159542E-14
        13   8  3.751563E-01 -2.968656E-05 -3.117929E-05 -2.088379E-06 -2.361166E-07  7.207478E-14
        14   1  3.752133E-01  2.242371E-05  2.139174E-05  8.894337E-07  1.005613E-07  1.223161E-14
        14   2  3.751793E-01 -1.252479E-05 -1.318077E-05  8.894338E-07  1.005613E-07  1.263312E-14
        14   3  3.752133E-01  2.242371E-05  2.139174E-05 -8.894337E-07  1.005613E-07 -1.202800E-14
        14   4  3.751793E-01 -1.252479E-05 -1.318077E-05 -8.894338E-07  1.005613E-07 -1.264108E-14
        14   5  3.752133E-01  2.242371E-05  2.139174E-05  8.894337E-07 -1.005613E-07 -1.380165E-14
        14   6  3.751793E-01 -1.252479E-05 -1.318077E-05  8.894338E-07 -1.005613E-07 -1.326363E-14
        14   7  3.752133E-01  2.242371E-05  2.139174E-05 -8.894337E-07 -1.005613E-07  1.370217E-14
        14   8  3.751793E-01 -1.252479E-05 -1.318077E-05 -8.894338E-07 -1.005613E-07  1.317668E-14
        15   1  3.752032E-01  9.305965E-06  8.843019E-06  3.580728E-07  4.048448E-08  1.892112E-15
        15   2  3.751895E-01 -4.763782E-06 -5.075359E-06  3.580728E-07  4.048448E-08  1.770938E-15
        15   3  3.752032E-01  9.305965E-06  8.843019E-06 -3.580728E-07  4.048448E-08 -1.920024E-15
        15   4  3.751895E-01 -4.763782E-06 -5.075359E-06 -3.580728E-07  4.048448E-08 -1.636837E-15
        15   5  3.752032E-01  9.305965E-06  8.843019E-06  3.580728E-07 -4.048448E-08 -2.311503E-15
        15   6  3.751895E-01 -4.763782E-06 -5.075359E-06  3.580728E-07 -4.048448E-08 -2.456965E-15
        15   7  3.752032E-01  9.305965E-06  8.843019E-06 -3.580728E-07 -4.048448E-08  2.258542E-15
        15   8  3.751895E-01 -4.763782E-06 -5.075359E-06 -3.580728E-07 -4.048448E-08  2.518335E-15
        16   1  3.751982E-01  3.173022E-06  2.931623E-06  9.547151E-08  1.079421E-08 -2.542784E-16
        16   2  3.751945E-01 -5.783376E-07 -7.793782E-07  9.547151E-08  1.079421E-08 -3.144853E-16
        16   3  3.751982E-01  3.173022E-06  2.931622E-06 -9.547151E-08  1.079421E-08  4.124446E-16
        16   4  3.751945E-01 -5.783377E-07 -7.793783E-07 -9.547151E-08  1.079421E-08  4.491234E-16
        16   5  3.751982E-01  3.173022E-06  2.931623E-06  9.547151E-08 -1.079421E-08 -5.913016E-16
        16   6  3.751945E-01 -5.783377E-07 -7.793783E-07  9.547151E-08 -1.079421E-08 -6.473038E-16
        16   7  3.751982E-01  3.173022E-06  2.931623E-06 -9.547151E-08 -1.079421E-08  6.943601E-16
        16   8  3.751945E-01 -5.783376E-07 -7.793782E-07 -9.547151E-08 -1.079421E-08  7.169041E-16

 strains (elem, integ.pnt.,exx,eyy,ezz,exy,exz,eyz) for set ALL and time  0.1750000E+00

         1   1  6.186308E-03 -9.482448E-04 -1.274538E-03  2.589423E-03  6.959764E-04  8.188271E-18
         1   2  6.186308E-03 -3.534309E-03 -4.748350E-03  2.582706E-03  6.935483E-04  3.029963E-17
         1   3  6.186308E-03 -9.482448E-04 -1.274538E-03 -2.589423E-03  6.959764E-04 -9.034189E-18
         1   4  6.186308E-03 -3.534309E-03 -4.748350E-03 -2.582706E-03  6.935483E-04 -3.376592E-17
         1   5  6.186308E-03 -9.482448E-04 -1.274538E-03  2.589423E-03 -6.959764E-04  9.105266E-18
         1   6  6.186308E-03 -3.534309E-03 -4.748350E-03  2.582706E-03 -6.935483E-04  3.394814E-17
         1   7  6.186308E-03 -9.482448E-04 -1.274538E-03 -2.589423E-03 -6.959764E-04 -8.171352E-18
         1   8  6.186308E-03 -3.534309E-03 -4.748350E-03 -2.582706E-03 -6.935483E-04 -3.014439E-17
         2   1  1.354523E-02 -5.016610E-03 -6.407543E-03  1.467848E-03  2.134539E-04  1.792607E-17
         2   2  1.354523E-02 -6.483370E-03 -7.474236E-03  1.465671E-03  2.132231E-04 -3.708246E-17
         2   3  1.354523E-02 -5.016610E-03 -6.407543E-03 -1.467848E-03  2.134539E-04 -2.142135E-17
         2   4  1.354523E-02 -6.483370E-03 -7.474236E-03 -1.465671E-03  2.132231E-04  3.438644E-17
         2   5  1.354523E-02 -5.016610E-03 -6.407543E-03  1.467848E-03 -2.134539E-04  2.008712E-17
         2   6  1.354523E-02 -6.483370E-03 -7.474236E-03  1.465671E-03 -2.132231E-04 -4.132789E-17
         2   7  1.354523E-02 -5.016610E-03 -6.407543E-03 -1.467848E-03 -2.134539E-04 -1.920629E-17
         2   8  1.354523E-02 -6.483370E-03 -7.474236E-03 -1.465671E-03 -2.132231E-04  2.970343E-17
         3   1  1.668882E-02 -7.266438E-03 -8.013990E-03  6.740249E-04  8.174019E-05 -4.960722E-17
         3   2  1.668882E-02 -7.940233E-03 -8.422606E-03  6.735639E-04  8.170624E-05 -2.401483E-17
         3   3  1.668882E-02 -7.266438E-03 -8.013990E-03 -6.740249E-04  8.174019E-05  4.638485E-17
         3   4  1.668882E-02 -7.940233E-03 -8.422606E-03 -6.735639E-04  8.170624E-05  2.520209E-17
         3   5  1.668882E-02 -7.266438E-03 -8.013990E-03  6.740249E-04 -8.174019E-05 -5.565662E-17
         3   6  1.668882E-02 -7.940233E-03 -8.422606E-03  6.735639E-04 -8.170624E-05 -2.967914E-17
         3   7  1.668882E-02 -7.266438E-03 -8.013990E-03 -6.740249E-04 -8.174019E-05  4.018741E-17
         3   8  1.668882E-02 -7.940233E-03 -8.422606E-03 -6.735639E-04 -8.170624E-05  2.028057E-17
         4   1  1.804396E-02 -8.294848E-03 -8.634405E-03  2.953312E-04  3.402803E-05  3.665941E-19
         4   2  1.804396E-02 -8.590135E-03 -8.804530E-03  2.952425E-04  3.402214E-05  3.898925E-17
         4   3  1.804396E-02 -8.294848E-03 -8.634405E-03 -2.953312E-04  3.402803E-05 -1.783748E-18
         4   4  1.804396E-02 -8.590135E-03 -8.804530E-03 -2.952425E-04  3.402214E-05 -4.412678E-17
         4   5  1.804396E-02 -8.294848E-03 -8.634405E-03  2.953312E-04 -3.402803E-05 -1.958032E-18
         4   6  1.804396E-02 -8.590135E-03 -8.804530E-03  2.952425E-04 -3.402214E-05  4.753917E-17
         4   7  1.804396E-02 -8.294848E-03 -8.634405E-03 -2.953312E-04 -3.402803E-05 -1.259189E-18
         4   8  1.804396E-02 -8.590135E-03 -8.804530E-03 -2.952425E-04 -3.402214E-05 -3.660803E-17
         5   1  1.862880E-02 -8.744997E-03 -8.893383E-03  1.278616E-04  1.452864E-05  3.203477E-17
         5   2  1.862880E-02 -8.872850E-03 -8.966023E-03  1.278449E-04  1.452757E-05 -2.391509E-17
         5   3  1.862880E-02 -8.744997E-03 -8.893383E-03 -1.278616E-04  1.452864E-05 -3.609988E-17
         5   4  1.862880E-02 -8.872850E-03 -8.966023E-03 -1.278449E-04  1.452757E-05  2.918058E-17
         5   5  1.862880E-02 -8.744997E-03 -8.893383E-03  1.278616E-04 -1.452864E-05  4.323673E-17
         5   6  1.862880E-02 -8.872850E-03 -8.966023E-03  1.278449E-04 -1.452757E-05 -1.767663E-17
         5   7  1.862880E-02 -8.744997E-03 -8.893383E-03 -1.278616E-04 -1.452864E-05 -2.575766E-17
         5   8  1.862880E-02 -8.872850E-03 -8.966023E-03 -1.278449E-04 -1.452757E-05  3.637269E-17
         6   1  1.888113E-02 -8.939843E-03 -9.004044E-03  5.518431E-05  6.247288E-06 -3.981861E-17
         6   2  1.888113E-02 -8.995025E-03 -9.035280E-03  5.518121E-05  6.247090E-06 -2.459968E-17
         6   3  1.888113E-02 -8.939843E-03 -9.004044E-03 -5.518431E-05  6.247288E-06  5.134982E-17
         6   4  1.888113E-02 -8.995025E-03 -9.035280E-03 -5.518121E-05  6.247090E-06  4.114722E-17
         6   5  1.888113E-02 -8.939843E-03 -9.004044E-03  5.518431E-05 -6.247288E-06 -3.756235E-17
         6   6  1.888113E-02 -8.995025E-03 -9.035280E-03  5.518121E-05 -6.247090E-06 -3.217065E-17
         6   7  1.888113E-02 -8.939843E-03 -9.004044E-03 -5.518431E-05 -6.247288E-06  5.306885E-17
         6   8  1.888113E-02 -8.995025E-03 -9.035280E-03 -5.518121E-05 -6.247090E-06  3.602724E-17
         7   1  1.898996E-02 -9.023934E-03 -9.051638E-03  2.379815E-05  2.691528E-06 -2.828660E-17
         7   2  1.898996E-02 -9.047731E-03 -9.065096E-03  2.379757E-05  2.691491E-06 -4.702469E-17
         7   3  1.898996E-02 -9.023934E-03 -9.051638E-03 -2.379815E-05  2.691528E-06  3.939895E-17
         7   4  1.898996E-02 -9.047731E-03 -9.065096E-03 -2.379757E-05  2.691491E-06  3.912458E-17
         7   5  1.898996E-02 -9.023934E-03 -9.051638E-03  2.379815E-05 -2.691528E-06 -3.379258E-17
         7   6  1.898996E-02 -9.047731E-03 -9.065096E-03  2.379757E-05 -2.691491E-06 -4.892492E-17
         7   7  1.898996E-02 -9.023934E-03 -9.051638E-03 -2.379815E-05 -2.691528E-06  3.281860E-17
         7   8  1.898996E-02 -9.047731E-03 -9.065096E-03 -2.379757E-05 -2.691491E-06  3.722435E-17
         8   1  1.903689E-02 -9.060198E-03 -9.072145E-03  1.026088E-05  1.160202E-06 -4.978309E-17
         8   2  1.903689E-02 -9.070459E-03 -9.077946E-03  1.026077E-05  1.160195E-06 -3.989165E-17
         8   3  1.903689E-02 -9.060198E-03 -9.072145E-03 -1.026088E-05  1.160202E-06  3.750657E-17
         8   4  1.903689E-02 -9.070459E-03 -9.077946E-03 -1.026077E-05  1.160195E-06  3.272587E-17
         8   5  1.903689E-02 -9.060198E-03 -9.072145E-03  1.026088E-05 -1.160202E-06 -4.920565E-17
         8   6  1.903689E-02 -9.070459E-03 -9.077946E-03  1.026077E-05 -1.160195E-06 -3.756173E-17
         8   7  1.903689E-02 -9.060198E-03 -9.072145E-03 -1.026088E-05 -1.160202E-06  3.888975E-17
         8   8  1.903689E-02 -9.070459E-03 -9.077946E-03 -1.026077E-05 -1.160195E-06  3.412247E-17
         9   1  1.905712E-02 -9.075833E-03 -9.080985E-03  4.423899E-06  5.001826E-07 -2.685843E-17
         9   2  1.905712E-02 -9.080257E-03 -9.083486E-03  4.423879E-06  5.001813E-07 -5.308034E-19
         9   3  1.905712E-02 -9.075833E-03 -9.080985E-03 -4.423899E-06  5.001826E-07  2.583682E-17
         9   4  1.905712E-02 -9.080257E-03 -9.083486E-03 -4.423879E-06  5.001813E-07  1.284438E-17
         9   5  1.905712E-02 -9.075833E-03 -9.080985E-03  4.423899E-06 -5.001826E-07 -2.707330E-17
         9   6  1.905712E-02 -9.080257E-03 -9.083486E-03  4.423879E-06 -5.001813E-07 -7.037084E-18
         9   7  1.905712E-02 -9.075833E-03 -9.080985E-03 -4.423899E-06 -5.001826E-07  2.513851E-17
         9   8  1.905712E-02 -9.080257E-03 -9.083486E-03 -4.423879E-06 -5.001813E-07  6.445534E-18
        10   1  1.906585E-02 -9.082575E-03 -9.084796E-03  1.907291E-06  2.156427E-07 -1.934010E-18
        10   2  1.906585E-02 -9.084482E-03 -9.085874E-03  1.907287E-06  2.156424E-07 -3.773856E-17
        10   3  1.906585E-02 -9.082575E-03 -9.084796E-03 -1.907291E-06  2.156427E-07  1.810187E-17
        10   4  1.906585E-02 -9.084482E-03 -9.085874E-03 -1.907287E-06  2.156424E-07  4.127005E-17
        10   5  1.906585E-02 -9.082575E-03 -9.084796E-03  1.907291E-06 -2.156427E-07 -1.256965E-17
        10   6  1.906585E-02 -9.084482E-03 -9.085874E-03  1.907287E-06 -2.156424E-07 -4.681308E-17
        10   7  1.906585E-02 -9.082575E-03 -9.084796E-03 -1.907291E-06 -2.156427E-07  7.842231E-18
        10   8  1.906585E-02 -9.084482E-03 -9.085874E-03 -1.907287E-06 -2.156424E-07  3.083250E-17
        11   1  1.906961E-02 -9.085481E-03 -9.086439E-03  8.222440E-07  9.296460E-08 -4.352294E-17
        11   2  1.906961E-02 -9.086303E-03 -9.086904E-03  8.222433E-07  9.296456E-08 -2.647834E-17
        11   3  1.906961E-02 -9.085481E-03 -9.086439E-03 -8.222440E-07  9.296460E-08  4.199186E-17
        11   4  1.906961E-02 -9.086303E-03 -9.086904E-03 -8.222433E-07  9.296456E-08  1.847463E-17
        11   5  1.906961E-02 -9.085481E-03 -9.086439E-03  8.222440E-07 -9.296460E-08 -5.210396E-17
        11   6  1.906961E-02 -9.086303E-03 -9.086904E-03  8.222433E-07 -9.296456E-08 -2.724714E-17
        11   7  1.906961E-02 -9.085481E-03 -9.086439E-03 -8.222440E-07 -9.296460E-08  3.470001E-17
        11   8  1.906961E-02 -9.086303E-03 -9.086904E-03 -8.222433E-07 -9.296456E-08  1.855856E-17
        12   1  1.907123E-02 -9.086734E-03 -9.087147E-03  3.543533E-07  4.006392E-08 -1.646378E-17
        12   2  1.907123E-02 -9.087088E-03 -9.087347E-03  3.543532E-07  4.006391E-08 -1.124667E-17
        12   3  1.907123E-02 -9.086734E-03 -9.087147E-03 -3.543533E-07  4.006392E-08  6.956075E-18
        12   4  1.907123E-02 -9.087088E-03 -9.087347E-03 -3.543532E-07  4.006391E-08  1.745707E-18
        12   5  1.907123E-02 -9.086734E-03 -9.087147E-03  3.543533E-07 -4.006392E-08 -1.224713E-17
        12   6  1.907123E-02 -9.087088E-03 -9.087347E-03  3.543532E-07 -4.006391E-08 -2.833519E-18
        12   7  1.907123E-02 -9.086734E-03 -9.087147E-03 -3.543533E-07 -4.006392E-08  1.133387E-17
        12   8  1.907123E-02 -9.087088E-03 -9.087347E-03 -3.543532E-07 -4.006391E-08  7.922957E-18
        13   1  1.907193E-02 -9.087274E-03 -9.087452E-03  1.524312E-07  1.723419E-08 -1.921665E-17
        13   2  1.907193E-02 -9.087426E-03 -9.087538E-03  1.524312E-07  1.723419E-08 -5.311766E-17
        13   3  1.907193E-02 -9.087274E-03 -9.087452E-03 -1.524312E-07  1.723419E-08  1.918973E-17
        13   4  1.907193E-02 -9.087426E-03 -9.087538E-03 -1.524312E-07  1.723419E-08  6.640206E-17
        13   5  1.907193E-02 -9.087274E-03 -9.087452E-03  1.524312E-07 -1.723419E-08 -1.514773E-17
        13   6  1.907193E-02 -9.087426E-03 -9.087538E-03  1.524312E-07 -1.723419E-08 -6.178595E-17
        13   7  1.907193E-02 -9.087274E-03 -9.087452E-03 -1.524312E-07 -1.723419E-08  2.223807E-17
        13   8  1.907193E-02 -9.087426E-03 -9.087538E-03 -1.524312E-07 -1.723419E-08  5.821385E-17
        14   1  1.907223E-02 -9.087506E-03 -9.087583E-03  6.491992E-08  7.339984E-09 -5.262750E-17
        14   2  1.907223E-02 -9.087571E-03 -9.087620E-03  6.491991E-08  7.339983E-09 -2.249326E-17
        14   3  1.907223E-02 -9.087506E-03 -9.087583E-03 -6.491992E-08  7.339984E-09  6.790944E-17
        14   4  1.907223E-02 -9.087571E-03 -9.087620E-03 -6.491991E-08  7.339983E-09  2.189565E-17
        14   5  1.907223E-02 -9.087506E-03 -9.087583E-03  6.491992E-08 -7.339984E-09 -6.521029E-17
        14   6  1.907223E-02 -9.087571E-03 -9.087620E-03  6.491991E-08 -7.339984E-09 -2.482987E-17
        14   7  1.907223E-02 -9.087506E-03 -9.087583E-03 -6.491992E-08 -7.339984E-09  5.774384E-17
        14   8  1.907223E-02 -9.087571E-03 -9.087620E-03 -6.491991E-08 -7.339983E-09  1.830345E-17
        15   1  1.907235E-02 -9.087604E-03 -9.087639E-03  2.613579E-08  2.954968E-09 -1.530884E-17
        15   2  1.907235E-02 -9.087630E-03 -9.087654E-03  2.613579E-08  2.954968E-09 -2.440350E-17
        15   3  1.907235E-02 -9.087604E-03 -9.087639E-03 -2.613579E-08  2.954968E-09  1.321393E-17
        15   4  1.907235E-02 -9.087630E-03 -9.087654E-03 -2.613579E-08  2.954968E-09  3.446837E-17
        15   5  1.907235E-02 -9.087604E-03 -9.087639E-03  2.613579E-08 -2.954968E-09 -1.616829E-17
        15   6  1.907235E-02 -9.087630E-03 -9.087654E-03  2.613579E-08 -2.954968E-09 -2.708590E-17
        15   7  1.907235E-02 -9.087604E-03 -9.087639E-03 -2.613579E-08 -2.954968E-09  1.219334E-17
        15   8  1.907235E-02 -9.087630E-03 -9.087654E-03 -2.613579E-08 -2.954968E-09  3.169197E-17
        16   1  1.907240E-02 -9.087642E-03 -9.087660E-03  6.968480E-09  7.878712E-10 -3.026852E-17
        16   2  1.907240E-02 -9.087649E-03 -9.087664E-03  6.968480E-09  7.878712E-10 -3.478732E-17
        16   3  1.907240E-02 -9.087642E-03 -9.087660E-03 -6.968480E-09  7.878712E-10  4.213957E-17
        16   4  1.907240E-02 -9.087649E-03 -9.087664E-03 -6.968480E-09  7.878712E-10  4.489248E-17
        16   5  1.907240E-02 -9.087642E-03 -9.087660E-03  6.968480E-09 -7.878712E-10 -3.319600E-17
        16   6  1.907240E-02 -9.087649E-03 -9.087664E-03  6.968480E-09 -7.878712E-10 -3.739922E-17
        16   7  1.907240E-02 -9.087642E-03 -9.087660E-03 -6.968480E-09 -7.878712E-10  4.093098E-17
        16   8  1.907240E-02 -9.087649E-03 -9.087664E-03 -6.968480E-09 -7.878712E-10  4.262301E-17

                                INCREMENT     4


 forces (fx,fy,fz) for set RIGHT and time  0.2750000E+00

        65  7.163337E-01 -4.441737E-14 -2.135893E-13
        66  7.163337E-01  4.443652E-14 -2.285025E-13
        67  7.163337E-01  4.374949E-14  2.279056E-13
        68  7.163337E-01 -4.380207E-14  2.133064E-13

 displacements (vx,vy,vz) for set RIGHT and time  0.2750000E+00

        65  5.500000E-01  3.559315E-02  7.118640E-03
        66  5.500000E-01 -3.559315E-02  7.118640E-03
        67  5.500000E-01 -3.559315E-02 -7.118640E-03
        68  5.500000E-01  3.559315E-02 -7.118640E-03

 stresses (elem, integ.pnt.,sxx,syy,szz,sxy,sxz,syz) for set ALL and time  0.2750000E+00

         1   1  2.136319E+00  1.989838E+00  1.982739E+00  5.386614E-02  1.447474E-02  1.159217E-04
         1   2 -9.956276E-01 -1.198467E+00 -1.224150E+00  5.472712E-02  1.470610E-02  1.177746E-04
         1   3  2.136319E+00  1.989838E+00  1.982739E+00 -5.386614E-02  1.447474E-02 -1.159217E-04
         1   4 -9.956276E-01 -1.198467E+00 -1.224150E+00 -5.472712E-02  1.470610E-02 -1.177746E-04
         1   5  2.136319E+00  1.989838E+00  1.982739E+00  5.386614E-02 -1.447474E-02 -1.159217E-04
         1   6 -9.956276E-01 -1.198467E+00 -1.224150E+00  5.472712E-02 -1.470610E-02 -1.177746E-04
         1   7  2.136319E+00  1.989838E+00  1.982739E+00 -5.386614E-02 -1.447474E-02  1.159217E-04
         1   8 -9.956276E-01 -1.198467E+00 -1.224150E+00 -5.472712E-02 -1.470610E-02  1.177746E-04
         2   1  1.243706E+00  8.573967E-01  8.286213E-01  3.115791E-02  4.545041E-03  2.047520E-05
         2   2 -7.712471E-02 -4.964716E-01 -5.171592E-01  3.136720E-02  4.575570E-03  2.061273E-05
         2   3  1.243706E+00  8.573967E-01  8.286213E-01 -3.115791E-02  4.545041E-03 -2.047520E-05
         2   4 -7.712471E-02 -4.964716E-01 -5.171592E-01 -3.136720E-02  4.575570E-03 -2.061273E-05
         2   5  1.243706E+00  8.573967E-01  8.286213E-01  3.115791E-02 -4.545041E-03 -2.047520E-05
         2   6 -7.712471E-02 -4.964716E-01 -5.171592E-01  3.136720E-02 -4.575570E-03 -2.061273E-05
         2   7  1.243706E+00  8.573967E-01  8.286213E-01 -3.115791E-02 -4.545041E-03  2.047520E-05
         2   8 -7.712471E-02 -4.964716E-01 -5.171592E-01 -3.136720E-02 -4.575570E-03  2.061273E-05
         3   1  8.704342E-01  3.699852E-01  3.545151E-01  1.444821E-02  1.753673E-03  3.620447E-06
         3   2  3.041420E-01 -2.117007E-01 -2.217212E-01  1.448975E-02  1.758717E-03  3.630859E-06
         3   3  8.704342E-01  3.699852E-01  3.545151E-01 -1.444821E-02  1.753673E-03 -3.620447E-06
         3   4  3.041420E-01 -2.117007E-01 -2.217212E-01 -1.448975E-02  1.758717E-03 -3.630859E-06
         3   5  8.704342E-01  3.699852E-01  3.545151E-01  1.444821E-02 -1.753673E-03 -3.620447E-06
         3   6  3.041420E-01 -2.117007E-01 -2.217212E-01  1.448975E-02 -1.758717E-03 -3.630859E-06
         3   7  8.704342E-01  3.699852E-01  3.545151E-01 -1.444821E-02 -1.753673E-03  3.620447E-06
         3   8  3.041420E-01 -2.117007E-01 -2.217212E-01 -1.448975E-02 -1.758717E-03  3.630859E-06
         4   1  7.106437E-01  1.596006E-01  1.525757E-01  6.355675E-03  7.320776E-04  6.614860E-07
         4   2  4.668417E-01 -9.099096E-02 -9.543281E-02  6.363539E-03  7.329834E-04  6.623045E-07
         4   3  7.106437E-01  1.596006E-01  1.525757E-01 -6.355675E-03  7.320776E-04 -6.614860E-07
         4   4  4.668417E-01 -9.099096E-02 -9.543281E-02 -6.363539E-03  7.329834E-04 -6.623045E-07
         4   5  7.106437E-01  1.596006E-01  1.525757E-01  6.355675E-03 -7.320776E-04 -6.614860E-07
         4   6  4.668417E-01 -9.099096E-02 -9.543281E-02  6.363539E-03 -7.329834E-04 -6.623045E-07
         4   7  7.106437E-01  1.596006E-01  1.525757E-01 -6.355675E-03 -7.320776E-04  6.614860E-07
         4   8  4.668417E-01 -9.099096E-02 -9.543281E-02 -6.363539E-03 -7.329834E-04  6.623045E-07
         5   1  6.418488E-01  6.881496E-02  6.574677E-02  2.755434E-03  3.128723E-04  1.222961E-07
         5   2  5.367936E-01 -3.918791E-02 -4.111532E-02  2.756902E-03  3.130390E-04  1.223613E-07
         5   3  6.418488E-01  6.881496E-02  6.574677E-02 -2.755434E-03  3.128723E-04 -1.222961E-07
         5   4  5.367936E-01 -3.918791E-02 -4.111532E-02 -2.756902E-03  3.130390E-04 -1.223613E-07
         5   5  6.418488E-01  6.881496E-02  6.574677E-02  2.755434E-03 -3.128723E-04 -1.222961E-07
         5   6  5.367936E-01 -3.918791E-02 -4.111532E-02  2.756902E-03 -3.130390E-04 -1.223613E-07
         5   7  6.418488E-01  6.881496E-02  6.574677E-02 -2.755434E-03 -3.128723E-04  1.222961E-07
         5   8  5.367936E-01 -3.918791E-02 -4.111532E-02 -2.756902E-03 -3.130390E-04  1.223613E-07
         6   1  6.121987E-01  2.966228E-02  2.833554E-02  1.189573E-03  1.345566E-04  2.268525E-08
         6   2  5.669245E-01 -1.688539E-02 -1.771729E-02  1.189846E-03  1.345875E-04  2.269046E-08
         6   3  6.121987E-01  2.966228E-02  2.833554E-02 -1.189573E-03  1.345566E-04 -2.268525E-08
         6   4  5.669245E-01 -1.688539E-02 -1.771729E-02 -1.189846E-03  1.345875E-04 -2.269046E-08
         6   5  6.121987E-01  2.966228E-02  2.833554E-02  1.189573E-03 -1.345566E-04 -2.268525E-08
         6   6  5.669245E-01 -1.688539E-02 -1.771729E-02  1.189846E-03 -1.345875E-04 -2.269046E-08
         6   7  6.121987E-01  2.966228E-02  2.833554E-02 -1.189573E-03 -1.345566E-04  2.268525E-08
         6   8  5.669245E-01 -1.688539E-02 -1.771729E-02 -1.189846E-03 -1.345875E-04  2.269046E-08
         7   1  5.994190E-01  1.278381E-02  1.221160E-02  5.129150E-04  5.795929E-05  4.211535E-09
         7   2  5.799081E-01 -7.276301E-03 -7.634898E-03  5.129657E-04  5.796503E-05  4.211951E-09
         7   3  5.994190E-01  1.278381E-02  1.221160E-02 -5.129150E-04  5.795929E-05 -4.211535E-09
         7   4  5.799081E-01 -7.276301E-03 -7.634898E-03 -5.129657E-04  5.796503E-05 -4.211951E-09
         7   5  5.994190E-01  1.278381E-02  1.221160E-02  5.129150E-04 -5.795929E-05 -4.211535E-09
         7   6  5.799081E-01 -7.276301E-03 -7.634898E-03  5.129657E-04 -5.796503E-05 -4.211953E-09
         7   7  5.994190E-01  1.278381E-02  1.221160E-02 -5.129150E-04 -5.795929E-05  4.211535E-09
         7   8  5.799081E-01 -7.276301E-03 -7.634898E-03 -5.129657E-04 -5.796503E-05  4.211953E-09
         8   1  5.939111E-01  5.509152E-03  5.262524E-03  2.210699E-04  2.497445E-05  7.820261E-10
         8   2  5.855032E-01 -3.135554E-03 -3.290087E-03  2.210793E-04  2.497552E-05  7.820604E-10
         8   3  5.939111E-01  5.509152E-03  5.262524E-03 -2.210699E-04  2.497445E-05 -7.820262E-10
         8   4  5.855032E-01 -3.135554E-03 -3.290087E-03 -2.210793E-04  2.497552E-05 -7.820604E-10
         8   5  5.939111E-01  5.509152E-03  5.262524E-03  2.210699E-04 -2.497445E-05 -7.820277E-10
         8   6  5.855032E-01 -3.135554E-03 -3.290087E-03  2.210793E-04 -2.497552E-05 -7.820602E-10
         8   7  5.939111E-01  5.509152E-03  5.262524E-03 -2.210699E-04 -2.497445E-05  7.820277E-10
         8   8  5.855032E-01 -3.135554E-03 -3.290087E-03 -2.210793E-04 -2.497552E-05  7.820603E-10
         9   1  5.915375E-01  2.374074E-03  2.267792E-03  9.527025E-05  1.076209E-05  1.452172E-10
         9   2  5.879143E-01 -1.351184E-03 -1.417775E-03  9.527200E-05  1.076229E-05  1.452192E-10
         9   3  5.915375E-01  2.374074E-03  2.267792E-03 -9.527025E-05  1.076209E-05 -1.452172E-10
         9   4  5.879143E-01 -1.351184E-03 -1.417775E-03 -9.527200E-05  1.076229E-05 -1.452191E-10
         9   5  5.915375E-01  2.374074E-03  2.267792E-03  9.527025E-05 -1.076209E-05 -1.452169E-10
         9   6  5.879143E-01 -1.351184E-03 -1.417775E-03  9.527200E-05 -1.076229E-05 -1.452202E-10
         9   7  5.915375E-01  2.374074E-03  2.267792E-03 -9.527025E-05 -1.076209E-05  1.452169E-10
         9   8  5.879143E-01 -1.351184E-03 -1.417775E-03 -9.527200E-05 -1.076229E-05  1.452203E-10
        10   1  5.905146E-01  1.023044E-03  9.772442E-04  4.105452E-05  4.637612E-06  2.696456E-11
        10   2  5.889533E-01 -5.822429E-04 -6.109387E-04  4.105484E-05  4.637649E-06  2.696473E-11
        10   3  5.905146E-01  1.023044E-03  9.772442E-04 -4.105452E-05  4.637612E-06 -2.696448E-11
        10   4  5.889533E-01 -5.822429E-04 -6.109387E-04 -4.105484E-05  4.637649E-06 -2.696495E-11
        10   5  5.905146E-01  1.023044E-03  9.772442E-04  4.105452E-05 -4.637612E-06 -2.696602E-11
        10   6  5.889533E-01 -5.822429E-04 -6.109387E-04  4.105484E-05 -4.637649E-06 -2.696608E-11
        10   7  5.905146E-01  1.023044E-03  9.772442E-04 -4.105452E-05 -4.637612E-06  2.696603E-11
        10   8  5.889533E-01 -5.822429E-04 -6.109387E-04 -4.105484E-05 -4.637649E-06  2.696622E-11
        11   1  5.900738E-01  4.408351E-04  4.210979E-04  1.769010E-05  1.998310E-06  5.006216E-12
        11   2  5.894011E-01 -2.508677E-04 -2.632348E-04  1.769016E-05  1.998317E-06  5.007322E-12
        11   3  5.900738E-01  4.408351E-04  4.210979E-04 -1.769010E-05  1.998310E-06 -5.006281E-12
        11   4  5.894011E-01 -2.508677E-04 -2.632348E-04 -1.769016E-05  1.998317E-06 -5.007147E-12
        11   5  5.900738E-01  4.408351E-04  4.210979E-04  1.769010E-05 -1.998310E-06 -5.006772E-12
        11   6  5.894011E-01 -2.508677E-04 -2.632348E-04  1.769016E-05 -1.998317E-06 -5.005875E-12
        11   7  5.900738E-01  4.408351E-04  4.210979E-04 -1.769010E-05 -1.998310E-06  5.006818E-12
        11   8  5.894011E-01 -2.508677E-04 -2.632348E-04 -1.769016E-05 -1.998317E-06  5.005806E-12
        12   1  5.898838E-01  1.899208E-04  1.814135E-04  7.619905E-06  8.607598E-07  9.298846E-13
        12   2  5.895941E-01 -1.080253E-04 -1.133580E-04  7.619916E-06  8.607610E-07  9.292090E-13
        12   3  5.898838E-01  1.899208E-04  1.814135E-04 -7.619905E-06  8.607598E-07 -9.297469E-13
        12   4  5.895941E-01 -1.080253E-04 -1.133580E-04 -7.619916E-06  8.607610E-07 -9.293789E-13
        12   5  5.898838E-01  1.899208E-04  1.814135E-04  7.619905E-06 -8.607598E-07 -9.280787E-13
        12   6  5.895941E-01 -1.080253E-04 -1.133580E-04  7.619916E-06 -8.607610E-07 -9.285696E-13
        12   7  5.898838E-01  1.899208E-04  1.814135E-04 -7.619905E-06 -8.607598E-07  9.279243E-13
        12   8  5.895941E-01 -1.080253E-04 -1.133580E-04 -7.619916E-06 -8.607610E-07  9.285271E-13
        13   1  5.898019E-01  8.173647E-05  7.806529E-05  3.276209E-06  3.700872E-07  1.717594E-13
        13   2  5.896773E-01 -4.636654E-05 -4.867278E-05  3.276211E-06  3.700874E-07  1.716152E-13
        13   3  5.898019E-01  8.173647E-05  7.806529E-05 -3.276209E-06  3.700872E-07 -1.719772E-13
        13   4  5.896773E-01 -4.636654E-05 -4.867278E-05 -3.276211E-06  3.700874E-07 -1.717044E-13
        13   5  5.898019E-01  8.173647E-05  7.806529E-05  3.276209E-06 -3.700872E-07 -1.715392E-13
        13   6  5.896773E-01 -4.636654E-05 -4.867278E-05  3.276211E-06 -3.700874E-07 -1.717743E-13
        13   7  5.898019E-01  8.173647E-05  7.806529E-05 -3.276209E-06 -3.700872E-07  1.715947E-13
        13   8  5.896773E-01 -4.636654E-05 -4.867278E-05 -3.276211E-06 -3.700874E-07  1.717843E-13
        14   1  5.897664E-01  3.497912E-05  3.338516E-05  1.394662E-06  1.575439E-07  3.088831E-14
        14   2  5.897133E-01 -1.955351E-05 -2.056643E-05  1.394662E-06  1.575439E-07  3.073449E-14
        14   3  5.897664E-01  3.497912E-05  3.338516E-05 -1.394662E-06  1.575439E-07 -3.088048E-14
        14   4  5.897133E-01 -1.955351E-05 -2.056643E-05 -1.394662E-06  1.575439E-07 -3.063912E-14
        14   5  5.897664E-01  3.497912E-05  3.338516E-05  1.394662E-06 -1.575439E-07 -3.134062E-14
        14   6  5.897133E-01 -1.955352E-05 -2.056643E-05  1.394662E-06 -1.575439E-07 -3.152248E-14
        14   7  5.897664E-01  3.497912E-05  3.338516E-05 -1.394662E-06 -1.575439E-07  3.138973E-14
        14   8  5.897133E-01 -1.955352E-05 -2.056643E-05 -1.394662E-06 -1.575439E-07  3.157871E-14
        15   1  5.897507E-01  1.450951E-05  1.379486E-05  5.612391E-07  6.339873E-08  4.775925E-15
        15   2  5.897293E-01 -7.435483E-06 -7.916316E-06  5.612392E-07  6.339874E-08  5.287311E-15
        15   3  5.897507E-01  1.450951E-05  1.379486E-05 -5.612391E-07  6.339873E-08 -4.711157E-15
        15   4  5.897293E-01 -7.435483E-06 -7.916316E-06 -5.612392E-07  6.339874E-08 -5.394784E-15
        15   5  5.897507E-01  1.450951E-05  1.379486E-05  5.612391E-07 -6.339873E-08 -5.295495E-15
        15   6  5.897293E-01 -7.435483E-06 -7.916316E-06  5.612392E-07 -6.339874E-08 -4.717919E-15
        15   7  5.897507E-01  1.450951E-05  1.379486E-05 -5.612391E-07 -6.339873E-08  5.369516E-15
        15   8  5.897293E-01 -7.435483E-06 -7.916316E-06 -5.612392E-07 -6.339874E-08  4.754040E-15
        16   1  5.897429E-01  4.944198E-06  4.571764E-06  1.496028E-07  1.689945E-08  8.000466E-16
        16   2  5.897372E-01 -9.054189E-07 -1.215526E-06  1.496029E-07  1.689945E-08  7.728226E-16
        16   3  5.897429E-01  4.944198E-06  4.571764E-06 -1.496028E-07  1.689945E-08 -9.011138E-16
        16   4  5.897372E-01 -9.054189E-07 -1.215526E-06 -1.496029E-07  1.689945E-08 -8.609005E-16
        16   5  5.897429E-01  4.944198E-06  4.571764E-06  1.496028E-07 -1.689945E-08  1.266384E-16
        16   6  5.897372E-01 -9.054189E-07 -1.215526E-06  1.496029E-07 -1.689945E-08  1.412291E-16
        16   7  5.897429E-01  4.944198E-06  4.571764E-06 -1.496028E-07 -1.689945E-08 -8.606940E-17
        16   8  5.897372E-01 -9.054189E-07 -1.215526E-06 -1.496029E-07 -1.689945E-08 -1.446100E-16

 strains (elem, integ.pnt.,exx,eyy,ezz,exy,exz,eyz) for set ALL and time  0.2750000E+00

         1   1  9.688353E-03 -1.478653E-03 -1.986190E-03  4.036763E-03  1.084194E-03 -6.370853E-18
         1   2  9.688353E-03 -5.507244E-03 -7.392410E-03  4.020420E-03  1.078294E-03 -2.380106E-17
         1   3  9.688353E-03 -1.478653E-03 -1.986190E-03 -4.036763E-03  1.084194E-03  5.267074E-18
         1   4  9.688353E-03 -5.507244E-03 -7.392410E-03 -4.020420E-03  1.078294E-03  1.997446E-17
         1   5  9.688353E-03 -1.478653E-03 -1.986190E-03  4.036763E-03 -1.084194E-03 -5.532349E-18
         1   6  9.688353E-03 -5.507244E-03 -7.392410E-03  4.020420E-03 -1.078294E-03 -2.007486E-17
         1   7  9.688353E-03 -1.478653E-03 -1.986190E-03 -4.036763E-03 -1.084194E-03  6.484487E-18
         1   8  9.688353E-03 -5.507244E-03 -7.392410E-03 -4.020420E-03 -1.078294E-03  2.364685E-17
         2   1  2.132576E-02 -7.813330E-03 -9.971894E-03  2.281946E-03  3.321394E-04 -1.755274E-17
         2   2  2.132576E-02 -1.009263E-02 -1.163118E-02  2.276656E-03  3.315766E-04  1.670968E-17
         2   3  2.132576E-02 -7.813330E-03 -9.971894E-03 -2.281946E-03  3.321394E-04  1.670811E-17
         2   4  2.132576E-02 -1.009263E-02 -1.163118E-02 -2.276656E-03  3.315766E-04 -9.154531E-18
         2   5  2.132576E-02 -7.813330E-03 -9.971894E-03  2.281946E-03 -3.321394E-04 -1.790441E-17
         2   6  2.132576E-02 -1.009263E-02 -1.163118E-02  2.276656E-03 -3.315766E-04  7.534900E-18
         2   7  2.132576E-02 -7.813330E-03 -9.971894E-03 -2.281946E-03 -3.321394E-04  1.764728E-17
         2   8  2.132576E-02 -1.009263E-02 -1.163118E-02 -2.276656E-03 -3.315766E-04 -1.910726E-17
         3   1  2.633288E-02 -1.130891E-02 -1.247016E-02  1.047032E-03  1.269341E-04  2.952870E-17
         3   2  2.633288E-02 -1.235538E-02 -1.310462E-02  1.045911E-03  1.268515E-04  2.113075E-17
         3   3  2.633288E-02 -1.130891E-02 -1.247016E-02 -1.047032E-03  1.269341E-04 -1.719149E-17
         3   4  2.633288E-02 -1.235538E-02 -1.310462E-02 -1.045911E-03  1.268515E-04 -5.670832E-18
         3   5  2.633288E-02 -1.130891E-02 -1.247016E-02  1.047032E-03 -1.269341E-04  1.800640E-17
         3   6  2.633288E-02 -1.235538E-02 -1.310462E-02  1.045911E-03 -1.268515E-04  1.430036E-17
         3   7  2.633288E-02 -1.130891E-02 -1.247016E-02 -1.047032E-03 -1.269341E-04 -2.695865E-17
         3   8  2.633288E-02 -1.235538E-02 -1.310462E-02 -1.045911E-03 -1.268515E-04 -1.375258E-17
         4   1  2.849777E-02 -1.290595E-02 -1.343334E-02  4.584493E-04  5.277783E-05  6.335775E-18
         4   2  2.849777E-02 -1.336429E-02 -1.369719E-02  4.582336E-04  5.276352E-05 -1.939919E-17
         4   3  2.849777E-02 -1.290595E-02 -1.343334E-02 -4.584493E-04  5.277783E-05  5.479680E-18
         4   4  2.849777E-02 -1.336429E-02 -1.369719E-02 -4.582336E-04  5.276352E-05  3.102643E-17
         4   5  2.849777E-02 -1.290595E-02 -1.343334E-02  4.584493E-04 -5.277783E-05  2.914178E-18
         4   6  2.849777E-02 -1.336429E-02 -1.369719E-02  4.582336E-04 -5.276352E-05 -2.530425E-17
         4   7  2.849777E-02 -1.290595E-02 -1.343334E-02 -4.584493E-04 -5.277783E-05  2.924182E-19
         4   8  2.849777E-02 -1.336429E-02 -1.369719E-02 -4.582336E-04 -5.276352E-05  2.868455E-17
         5   1  2.943302E-02 -1.360461E-02 -1.383496E-02  1.983562E-04  2.251749E-05 -2.369791E-17
         5   2  2.943302E-02 -1.380294E-02 -1.394755E-02  1.983157E-04  2.251488E-05  5.825882E-18
         5   3  2.943302E-02 -1.360461E-02 -1.383496E-02 -1.983562E-04  2.251749E-05  3.105283E-17
         5   4  2.943302E-02 -1.380294E-02 -1.394755E-02 -1.983157E-04  2.251488E-05 -4.270745E-18
         5   5  2.943302E-02 -1.360461E-02 -1.383496E-02  1.983562E-04 -2.251749E-05 -2.687837E-17
         5   6  2.943302E-02 -1.380294E-02 -1.394755E-02  1.983157E-04 -2.251488E-05  2.605839E-18
         5   7  2.943302E-02 -1.360461E-02 -1.383496E-02 -1.983562E-04 -2.251749E-05  2.744463E-17
         5   8  2.943302E-02 -1.380294E-02 -1.394755E-02 -1.983157E-04 -2.251488E-05 -9.595631E-18
         6   1  2.983660E-02 -1.390685E-02 -1.400646E-02  8.555973E-05  9.676957E-06  1.543070E-17
         6   2  2.983660E-02 -1.399240E-02 -1.405484E-02  8.555220E-05  9.676475E-06  1.648911E-17
         6   3  2.983660E-02 -1.390685E-02 -1.400646E-02 -8.555973E-05  9.676957E-06 -1.669328E-17
         6   4  2.983660E-02 -1.399240E-02 -1.405484E-02 -8.555220E-05  9.676475E-06 -1.406876E-17
         6   5  2.983660E-02 -1.390685E-02 -1.400646E-02  8.555973E-05 -9.676957E-06  1.128877E-17
         6   6  2.983660E-02 -1.399240E-02 -1.405484E-02  8.555220E-05 -9.676475E-06  1.240741E-17
         6   7  2.983660E-02 -1.390685E-02 -1.400646E-02 -8.555973E-05 -9.676957E-06 -2.158354E-17
         6   8  2.983660E-02 -1.399240E-02 -1.405484E-02 -8.555220E-05 -9.676475E-06 -1.944652E-17
         7   1  3.001063E-02 -1.403722E-02 -1.408018E-02  3.687747E-05  4.166963E-06 -5.645812E-18
         7   2  3.001063E-02 -1.407409E-02 -1.410101E-02  3.687607E-05  4.166874E-06 -6.562225E-17
         7   3  3.001063E-02 -1.403722E-02 -1.408018E-02 -3.687747E-05  4.166963E-06  5.951476E-18
         7   4  3.001063E-02 -1.407409E-02 -1.410101E-02 -3.687607E-05  4.166874E-06  5.406045E-17
         7   5  3.001063E-02 -1.403722E-02 -1.408018E-02  3.687747E-05 -4.166963E-06 -7.636522E-18
         7   6  3.001063E-02 -1.407409E-02 -1.410101E-02  3.687607E-05 -4.166874E-06 -6.023812E-17
         7   7  3.001063E-02 -1.403722E-02 -1.408018E-02 -3.687747E-05 -4.166963E-06  4.334874E-18
         7   8  3.001063E-02 -1.407409E-02 -1.410101E-02 -3.687607E-05 -4.166874E-06  5.968507E-17
         8   1  3.008564E-02 -1.409341E-02 -1.411192E-02  1.589188E-05  1.795285E-06 -6.520792E-17
         8   2  3.008564E-02 -1.410930E-02 -1.412090E-02  1.589162E-05  1.795268E-06  2.947834E-18
         8   3  3.008564E-02 -1.409341E-02 -1.411192E-02 -1.589188E-05  1.795285E-06  5.487321E-17
         8   4  3.008564E-02 -1.410930E-02 -1.412090E-02 -1.589162E-05  1.795268E-06 -5.281890E-18
         8   5  3.008564E-02 -1.409341E-02 -1.411192E-02  1.589188E-05 -1.795285E-06 -5.616320E-17
         8   6  3.008564E-02 -1.410930E-02 -1.412090E-02  1.589162E-05 -1.795268E-06  8.258349E-18
         8   7  3.008564E-02 -1.409341E-02 -1.411192E-02 -1.589188E-05 -1.795285E-06  5.755848E-17
         8   8  3.008564E-02 -1.410930E-02 -1.412090E-02 -1.589162E-05 -1.795268E-06 -1.253931E-18
         9   1  3.011797E-02 -1.411762E-02 -1.412560E-02  6.848141E-06  7.735859E-07  9.847566E-18
         9   2  3.011797E-02 -1.412447E-02 -1.412947E-02  6.848093E-06  7.735829E-07 -3.603034E-17
         9   3  3.011797E-02 -1.411762E-02 -1.412560E-02 -6.848141E-06  7.735859E-07 -1.156824E-17
         9   4  3.011797E-02 -1.412447E-02 -1.412947E-02 -6.848093E-06  7.735829E-07  4.567779E-17
         9   5  3.011797E-02 -1.411762E-02 -1.412560E-02  6.848141E-06 -7.735859E-07  1.368182E-17
         9   6  3.011797E-02 -1.412447E-02 -1.412947E-02  6.848093E-06 -7.735829E-07 -3.981111E-17
         9   7  3.011797E-02 -1.411762E-02 -1.412560E-02 -6.848141E-06 -7.735859E-07 -9.457402E-18
         9   8  3.011797E-02 -1.412447E-02 -1.412947E-02 -6.848093E-06 -7.735829E-07  4.088168E-17
        10   1  3.013191E-02 -1.412806E-02 -1.413150E-02  2.950960E-06  3.333460E-07 -5.367859E-17
        10   2  3.013191E-02 -1.413101E-02 -1.413316E-02  2.950951E-06  3.333455E-07 -5.712540E-17
        10   3  3.013191E-02 -1.412806E-02 -1.413150E-02 -2.950960E-06  3.333460E-07  6.001232E-17
        10   4  3.013191E-02 -1.413101E-02 -1.413316E-02 -2.950951E-06  3.333455E-07  4.076739E-17
        10   5  3.013191E-02 -1.412806E-02 -1.413150E-02  2.950960E-06 -3.333460E-07 -5.594972E-17
        10   6  3.013191E-02 -1.413101E-02 -1.413316E-02  2.950951E-06 -3.333455E-07 -4.380585E-17
        10   7  3.013191E-02 -1.412806E-02 -1.413150E-02 -2.950960E-06 -3.333460E-07  5.605787E-17
        10   8  3.013191E-02 -1.413101E-02 -1.413316E-02 -2.950951E-06 -3.333455E-07  5.446769E-17
        11   1  3.013791E-02 -1.413255E-02 -1.413404E-02  1.271532E-06  1.436345E-07 -2.339239E-17
        11   2  3.013791E-02 -1.413382E-02 -1.413475E-02  1.271530E-06  1.436344E-07  5.837499E-17
        11   3  3.013791E-02 -1.413255E-02 -1.413404E-02 -1.271532E-06  1.436345E-07  1.849003E-17
        11   4  3.013791E-02 -1.413382E-02 -1.413475E-02 -1.271530E-06  1.436344E-07 -4.526215E-17
        11   5  3.013791E-02 -1.413255E-02 -1.413404E-02  1.271532E-06 -1.436345E-07 -1.832910E-17
        11   6  3.013791E-02 -1.413382E-02 -1.413475E-02  1.271530E-06 -1.436344E-07  5.024568E-17
        11   7  3.013791E-02 -1.413255E-02 -1.413404E-02 -1.271532E-06 -1.436345E-07  2.180321E-17
        11   8  3.013791E-02 -1.413382E-02 -1.413475E-02 -1.271530E-06 -1.436344E-07 -5.544216E-17
        12   1  3.014050E-02 -1.413449E-02 -1.413513E-02  5.477015E-07  6.186942E-08  7.338440E-17
        12   2  3.014050E-02 -1.413504E-02 -1.413544E-02  5.477011E-07  6.186940E-08  2.255777E-17
        12   3  3.014050E-02 -1.413449E-02 -1.413513E-02 -5.477015E-07  6.186942E-08 -6.304379E-17
        12   4  3.014050E-02 -1.413504E-02 -1.413544E-02 -5.477011E-07  6.186940E-08 -3.531597E-17
        12   5  3.014050E-02 -1.413449E-02 -1.413513E-02  5.477015E-07 -6.186942E-08  6.220242E-17
        12   6  3.014050E-02 -1.413504E-02 -1.413544E-02  5.477011E-07 -6.186940E-08  2.545011E-17
        12   7  3.014050E-02 -1.413449E-02 -1.413513E-02 -5.477015E-07 -6.186942E-08 -7.379826E-17
        12   8  3.014050E-02 -1.413504E-02 -1.413544E-02 -5.477011E-07 -6.186940E-08 -2.864286E-17
        13   1  3.014161E-02 -1.413533E-02 -1.413560E-02  2.354859E-07  2.660096E-08  3.126214E-18
        13   2  3.014161E-02 -1.413556E-02 -1.413573E-02  2.354858E-07  2.660095E-08 -7.708435E-18
        13   3  3.014161E-02 -1.413533E-02 -1.413560E-02 -2.354859E-07  2.660096E-08 -1.947820E-17
        13   4  3.014161E-02 -1.413556E-02 -1.413573E-02 -2.354858E-07  2.660095E-08  1.015372E-18
        13   5  3.014161E-02 -1.413533E-02 -1.413560E-02  2.354859E-07 -2.660096E-08  1.341309E-17
        13   6  3.014161E-02 -1.413556E-02 -1.413573E-02  2.354858E-07 -2.660095E-08 -4.234944E-18
        13   7  3.014161E-02 -1.413533E-02 -1.413560E-02 -2.354859E-07 -2.660096E-08 -9.244764E-18
        13   8  3.014161E-02 -1.413556E-02 -1.413573E-02 -2.354858E-07 -2.660095E-08  4.983167E-18
        14   1  3.014209E-02 -1.413568E-02 -1.413580E-02  1.002448E-07  1.132385E-08 -1.723383E-17
        14   2  3.014209E-02 -1.413578E-02 -1.413586E-02  1.002448E-07  1.132385E-08 -2.878319E-17
        14   3  3.014209E-02 -1.413568E-02 -1.413580E-02 -1.002448E-07  1.132385E-08  1.782171E-17
        14   4  3.014209E-02 -1.413578E-02 -1.413586E-02 -1.002448E-07  1.132385E-08  3.594396E-17
        14   5  3.014209E-02 -1.413568E-02 -1.413580E-02  1.002448E-07 -1.132385E-08 -1.672616E-17
        14   6  3.014209E-02 -1.413578E-02 -1.413586E-02  1.002448E-07 -1.132385E-08 -3.037966E-17
        14   7  3.014209E-02 -1.413568E-02 -1.413580E-02 -1.002448E-07 -1.132385E-08  2.041347E-17
        14   8  3.014209E-02 -1.413578E-02 -1.413586E-02 -1.002448E-07 -1.132385E-08  3.460133E-17
        15   1  3.014229E-02 -1.413584E-02 -1.413589E-02  4.034044E-08  4.556939E-09 -1.977216E-17
        15   2  3.014229E-02 -1.413588E-02 -1.413591E-02  4.034044E-08  4.556939E-09  1.862326E-17
        15   3  3.014229E-02 -1.413584E-02 -1.413589E-02 -4.034044E-08  4.556939E-09  2.463507E-17
        15   4  3.014229E-02 -1.413588E-02 -1.413591E-02 -4.034044E-08  4.556939E-09 -2.669243E-17
        15   5  3.014229E-02 -1.413584E-02 -1.413589E-02  4.034044E-08 -4.556939E-09 -1.923778E-17
        15   6  3.014229E-02 -1.413588E-02 -1.413591E-02  4.034044E-08 -4.556939E-09  2.412740E-17
        15   7  3.014229E-02 -1.413584E-02 -1.413589E-02 -4.034044E-08 -4.556939E-09  2.479539E-17
        15   8  3.014229E-02 -1.413588E-02 -1.413591E-02 -4.034044E-08 -4.556939E-09 -2.141539E-17
        16   1  3.014236E-02 -1.413589E-02 -1.413592E-02  1.075307E-08  1.214689E-09  3.318520E-17
        16   2  3.014236E-02 -1.413591E-02 -1.413593E-02  1.075307E-08  1.214689E-09  3.114118E-17
        16   3  3.014236E-02 -1.413589E-02 -1.413592E-02 -1.075307E-08  1.214689E-09 -4.077342E-17
        16   4  3.014236E-02 -1.413591E-02 -1.413593E-02 -1.075307E-08  1.214689E-09 -3.775416E-17
        16   5  3.014236E-02 -1.413589E-02 -1.413592E-02  1.075307E-08 -1.214689E-09  3.639149E-17
        16   6  3.014236E-02 -1.413591E-02 -1.413593E-02  1.075307E-08 -1.214689E-09  3.748698E-17
        16   7  3.014236E-02 -1.413589E-02 -1.413592E-02 -1.075307E-08 -1.214689E-09 -3.334550E-17
        16   8  3.014236E-02 -1.413591E-02 -1.413593E-02 -1.075307E-08 -1.214689E-09 -3.774080E-17

                                INCREMENT     5


 forces (fx,fy,fz) for set RIGHT and time  0.3750000E+00

        65  9.671699E-01 -5.297739E-14 -2.398812E-13
        66  9.671699E-01  5.301573E-14 -2.603921E-13
        67  9.671699E-01  4.757032E-14  2.601024E-13
        68  9.671699E-01 -4.760511E-14  2.395725E-13

 displacements (vx,vy,vz) for set RIGHT and time  0.3750000E+00

        65  7.500000E-01  4.817078E-02  9.634171E-03
        66  7.500000E-01 -4.817078E-02  9.634171E-03
        67  7.500000E-01 -4.817078E-02 -9.634171E-03
        68  7.500000E-01  4.817078E-02 -9.634171E-03

 stresses (elem, integ.pnt.,sxx,syy,szz,sxy,sxz,syz) for set ALL and time  0.3750000E+00

         1   1  2.891655E+00  2.693821E+00  2.684080E+00  7.290170E-02  1.957972E-02  2.115463E-04
         1   2 -1.354245E+00 -1.629556E+00 -1.664441E+00  7.448539E-02  2.000507E-02  2.161419E-04
         1   3  2.891655E+00  2.693821E+00  2.684080E+00 -7.290170E-02  1.957972E-02 -2.115463E-04
         1   4 -1.354245E+00 -1.629556E+00 -1.664441E+00 -7.448539E-02  2.000507E-02 -2.161419E-04
         1   5  2.891655E+00  2.693821E+00  2.684080E+00  7.290170E-02 -1.957972E-02 -2.115463E-04
         1   6 -1.354245E+00 -1.629556E+00 -1.664441E+00  7.448539E-02 -2.000507E-02 -2.161419E-04
         1   7  2.891655E+00  2.693821E+00  2.684080E+00 -7.290170E-02 -1.957972E-02  2.115463E-04
         1   8 -1.354245E+00 -1.629556E+00 -1.664441E+00 -7.448539E-02 -2.000507E-02  2.161419E-04
         2   1  1.689701E+00  1.164467E+00  1.125708E+00  4.239627E-02  6.194249E-03  3.747528E-05
         2   2 -1.046908E-01 -6.758077E-01 -7.037728E-01  4.278365E-02  6.250847E-03  3.781770E-05
         2   3  1.689701E+00  1.164467E+00  1.125708E+00 -4.239627E-02  6.194249E-03 -3.747528E-05
         2   4 -1.046908E-01 -6.758077E-01 -7.037728E-01 -4.278365E-02  6.250847E-03 -3.781770E-05
         2   5  1.689701E+00  1.164467E+00  1.125708E+00  4.239627E-02 -6.194249E-03 -3.747528E-05
         2   6 -1.046908E-01 -6.758077E-01 -7.037728E-01  4.278365E-02 -6.250847E-03 -3.781770E-05
         2   7  1.689701E+00  1.164467E+00  1.125708E+00 -4.239627E-02 -6.194249E-03  3.747528E-05
         2   8 -1.046908E-01 -6.758077E-01 -7.037728E-01 -4.278365E-02 -6.250847E-03  3.781770E-05
         3   1  1.184748E+00  5.029911E-01  4.821401E-01  1.971743E-02  2.393238E-03  6.626791E-06
         3   2  4.150427E-01 -2.881908E-01 -3.017139E-01  1.979455E-02  2.402599E-03  6.652712E-06
         3   3  1.184748E+00  5.029911E-01  4.821401E-01 -1.971743E-02  2.393238E-03 -6.626791E-06
         3   4  4.150427E-01 -2.881908E-01 -3.017139E-01 -1.979455E-02  2.402599E-03 -6.652712E-06
         3   5  1.184748E+00  5.029911E-01  4.821401E-01  1.971743E-02 -2.393238E-03 -6.626791E-06
         3   6  4.150427E-01 -2.881908E-01 -3.017139E-01  1.979455E-02 -2.402599E-03 -6.652712E-06
         3   7  1.184748E+00  5.029911E-01  4.821401E-01 -1.971743E-02 -2.393238E-03  6.626791E-06
         3   8  4.150427E-01 -2.881908E-01 -3.017139E-01 -1.979455E-02 -2.402599E-03  6.652712E-06
         4   1  9.682568E-01  2.169941E-01  2.075283E-01  8.681427E-03  9.991928E-04  1.209816E-06
         4   2  6.369226E-01 -1.238292E-01 -1.298163E-01  8.696032E-03  1.000874E-03  1.211852E-06
         4   3  9.682568E-01  2.169941E-01  2.075283E-01 -8.681427E-03  9.991928E-04 -1.209816E-06
         4   4  6.369226E-01 -1.238292E-01 -1.298163E-01 -8.696032E-03  1.000874E-03 -1.211852E-06
         4   5  9.682568E-01  2.169941E-01  2.075283E-01  8.681427E-03 -9.991928E-04 -1.209816E-06
         4   6  6.369226E-01 -1.238292E-01 -1.298163E-01  8.696032E-03 -1.000874E-03 -1.211852E-06
         4   7  9.682568E-01  2.169941E-01  2.075283E-01 -8.681427E-03 -9.991928E-04  1.209816E-06
         4   8  6.369226E-01 -1.238292E-01 -1.298163E-01 -8.696032E-03 -1.000874E-03  1.211852E-06
         5   1  8.750205E-01  9.353334E-02  8.940143E-02  3.763774E-03  4.269384E-04  2.234505E-07
         5   2  7.323029E-01 -5.330585E-02 -5.590130E-02  3.766501E-03  4.272477E-04  2.236124E-07
         5   3  8.750205E-01  9.353334E-02  8.940143E-02 -3.763774E-03  4.269384E-04 -2.234505E-07
         5   4  7.323029E-01 -5.330585E-02 -5.590130E-02 -3.766501E-03  4.272477E-04 -2.236124E-07
         5   5  8.750205E-01  9.353334E-02  8.940143E-02  3.763774E-03 -4.269384E-04 -2.234505E-07
         5   6  7.323029E-01 -5.330585E-02 -5.590130E-02  3.766501E-03 -4.272477E-04 -2.236124E-07
         5   7  8.750205E-01  9.353334E-02  8.940143E-02 -3.763774E-03 -4.269384E-04  2.234505E-07
         5   8  7.323029E-01 -5.330585E-02 -5.590130E-02 -3.766501E-03 -4.272477E-04  2.236124E-07
         6   1  8.348442E-01  4.029821E-02  3.851264E-02  1.624322E-03  1.835399E-04  4.140389E-08
         6   2  7.733701E-01 -2.295626E-02 -2.407562E-02  1.624829E-03  1.835972E-04  4.141681E-08
         6   3  8.348442E-01  4.029821E-02  3.851264E-02 -1.624322E-03  1.835399E-04 -4.140389E-08
         6   4  7.733701E-01 -2.295626E-02 -2.407562E-02 -1.624829E-03  1.835972E-04 -4.141681E-08
         6   5  8.348442E-01  4.029821E-02  3.851264E-02  1.624322E-03 -1.835399E-04 -4.140389E-08
         6   6  7.733701E-01 -2.295626E-02 -2.407562E-02  1.624829E-03 -1.835972E-04 -4.141681E-08
         6   7  8.348442E-01  4.029821E-02  3.851264E-02 -1.624322E-03 -1.835399E-04  4.140389E-08
         6   8  7.733701E-01 -2.295626E-02 -2.407562E-02 -1.624829E-03 -1.835972E-04  4.141681E-08
         7   1  8.175347E-01  1.735833E-02  1.658871E-02  7.000223E-04  7.901923E-05  7.677932E-09
         7   2  7.910573E-01 -9.886764E-03 -1.036894E-02  7.001163E-04  7.902985E-05  7.678963E-09
         7   3  8.175347E-01  1.735833E-02  1.658871E-02 -7.000223E-04  7.901923E-05 -7.677932E-09
         7   4  7.910573E-01 -9.886764E-03 -1.036894E-02 -7.001163E-04  7.902985E-05 -7.678963E-09
         7   5  8.175347E-01  1.735833E-02  1.658871E-02  7.000223E-04 -7.901923E-05 -7.677931E-09
         7   6  7.910573E-01 -9.886764E-03 -1.036894E-02  7.001163E-04 -7.902985E-05 -7.678963E-09
         7   7  8.175347E-01  1.735833E-02  1.658871E-02 -7.000223E-04 -7.901923E-05  7.677931E-09
         7   8  7.910573E-01 -9.886764E-03 -1.036894E-02 -7.001163E-04 -7.902985E-05  7.678963E-09
         8   1  8.100785E-01  7.476268E-03  7.144759E-03  3.015477E-04  3.403044E-05  1.424034E-09
         8   2  7.986750E-01 -4.257993E-03 -4.465650E-03  3.015652E-04  3.403240E-05  1.424116E-09
         8   3  8.100785E-01  7.476268E-03  7.144759E-03 -3.015477E-04  3.403044E-05 -1.424034E-09
         8   4  7.986750E-01 -4.257993E-03 -4.465650E-03 -3.015652E-04  3.403240E-05 -1.424116E-09
         8   5  8.100785E-01  7.476268E-03  7.144759E-03  3.015477E-04 -3.403044E-05 -1.424034E-09
         8   6  7.986750E-01 -4.257993E-03 -4.465650E-03  3.015652E-04 -3.403240E-05 -1.424117E-09
         8   7  8.100785E-01  7.476268E-03  7.144759E-03 -3.015477E-04 -3.403044E-05  1.424034E-09
         8   8  7.986750E-01 -4.257993E-03 -4.465650E-03 -3.015652E-04 -3.403240E-05  1.424117E-09
         9   1  8.068671E-01  3.219891E-03  3.077116E-03  1.298774E-04  1.465613E-05  2.641220E-10
         9   2  8.019558E-01 -1.833791E-03 -1.923219E-03  1.298806E-04  1.465650E-05  2.641291E-10
         9   3  8.068671E-01  3.219891E-03  3.077116E-03 -1.298774E-04  1.465613E-05 -2.641219E-10
         9   4  8.019558E-01 -1.833791E-03 -1.923219E-03 -1.298806E-04  1.465650E-05 -2.641292E-10
         9   5  8.068671E-01  3.219891E-03  3.077116E-03  1.298774E-04 -1.465613E-05 -2.641231E-10
         9   6  8.019558E-01 -1.833791E-03 -1.923219E-03  1.298806E-04 -1.465650E-05 -2.641290E-10
         9   7  8.068671E-01  3.219891E-03  3.077116E-03 -1.298774E-04 -1.465613E-05  2.641232E-10
         9   8  8.019558E-01 -1.833791E-03 -1.923219E-03 -1.298806E-04 -1.465650E-05  2.641294E-10
        10   1  8.054839E-01  1.386710E-03  1.325221E-03  5.593489E-05  6.311949E-06  4.898715E-11
        10   2  8.033688E-01 -7.897375E-04 -8.282514E-04  5.593549E-05  6.312017E-06  4.898779E-11
        10   3  8.054839E-01  1.386710E-03  1.325221E-03 -5.593489E-05  6.311949E-06 -4.898710E-11
        10   4  8.033688E-01 -7.897375E-04 -8.282514E-04 -5.593549E-05  6.312017E-06 -4.898775E-11
        10   5  8.054839E-01  1.386710E-03  1.325221E-03  5.593489E-05 -6.311949E-06 -4.898649E-11
        10   6  8.033688E-01 -7.897375E-04 -8.282514E-04  5.593549E-05 -6.312017E-06 -4.898695E-11
        10   7  8.054839E-01  1.386710E-03  1.325221E-03 -5.593489E-05 -6.311949E-06  4.898681E-11
        10   8  8.033688E-01 -7.897375E-04 -8.282514E-04 -5.593549E-05 -6.312017E-06  4.898710E-11
        11   1  8.048882E-01  5.971874E-04  5.707050E-04  2.408774E-05  2.718167E-06  9.084592E-12
        11   2  8.039774E-01 -3.400685E-04 -3.566570E-04  2.408785E-05  2.718180E-06  9.083717E-12
        11   3  8.048882E-01  5.971874E-04  5.707050E-04 -2.408774E-05  2.718167E-06 -9.084529E-12
        11   4  8.039774E-01 -3.400685E-04 -3.566570E-04 -2.408785E-05  2.718180E-06 -9.083811E-12
        11   5  8.048882E-01  5.971874E-04  5.707050E-04  2.408774E-05 -2.718167E-06 -9.084263E-12
        11   6  8.039774E-01 -3.400685E-04 -3.566570E-04  2.408785E-05 -2.718180E-06 -9.085154E-12
        11   7  8.048882E-01  5.971874E-04  5.707050E-04 -2.408774E-05 -2.718167E-06  9.084279E-12
        11   8  8.039774E-01 -3.400685E-04 -3.566570E-04 -2.408785E-05 -2.718180E-06  9.085138E-12
        12   1  8.046316E-01  2.571285E-04  2.457206E-04  1.036953E-05  1.170144E-06  1.682544E-12
        12   2  8.042395E-01 -1.463495E-04 -1.534983E-04  1.036955E-05  1.170146E-06  1.682687E-12
        12   3  8.046316E-01  2.571285E-04  2.457206E-04 -1.036953E-05  1.170144E-06 -1.682696E-12
        12   4  8.042395E-01 -1.463495E-04 -1.534983E-04 -1.036955E-05  1.170146E-06 -1.683010E-12
        12   5  8.046316E-01  2.571285E-04  2.457206E-04  1.036953E-05 -1.170144E-06 -1.684396E-12
        12   6  8.042395E-01 -1.463495E-04 -1.534983E-04  1.036955E-05 -1.170146E-06 -1.684280E-12
        12   7  8.046316E-01  2.571285E-04  2.457206E-04 -1.036953E-05 -1.170144E-06  1.684413E-12
        12   8  8.042395E-01 -1.463495E-04 -1.534983E-04 -1.036955E-05 -1.170146E-06  1.684187E-12
        13   1  8.045210E-01  1.105956E-04  1.056757E-04  4.455818E-06  5.028147E-07  3.104460E-13
        13   2  8.043525E-01 -6.277996E-05 -6.586970E-05  4.455822E-06  5.028151E-07  3.113552E-13
        13   3  8.045210E-01  1.105956E-04  1.056757E-04 -4.455818E-06  5.028147E-07 -3.107072E-13
        13   4  8.043525E-01 -6.277996E-05 -6.586970E-05 -4.455822E-06  5.028151E-07 -3.114004E-13
        13   5  8.045210E-01  1.105956E-04  1.056757E-04  4.455818E-06 -5.028147E-07 -3.111365E-13
        13   6  8.043525E-01 -6.277996E-05 -6.586970E-05  4.455822E-06 -5.028151E-07 -3.103192E-13
        13   7  8.045210E-01  1.105956E-04  1.056757E-04 -4.455818E-06 -5.028147E-07  3.111252E-13
        13   8  8.043525E-01 -6.277996E-05 -6.586970E-05 -4.455822E-06 -5.028151E-07  3.103075E-13
        14   1  8.044731E-01  4.730199E-05  4.516716E-05  1.895753E-06  2.139254E-07  5.686037E-14
        14   2  8.044014E-01 -2.646157E-05 -2.781773E-05  1.895753E-06  2.139254E-07  5.616900E-14
        14   3  8.044731E-01  4.730199E-05  4.516716E-05 -1.895753E-06  2.139254E-07 -5.684268E-14
        14   4  8.044014E-01 -2.646157E-05 -2.781773E-05 -1.895753E-06  2.139254E-07 -5.629234E-14
        14   5  8.044731E-01  4.730199E-05  4.516716E-05  1.895753E-06 -2.139254E-07 -5.566658E-14
        14   6  8.044014E-01 -2.646157E-05 -2.781773E-05  1.895753E-06 -2.139254E-07 -5.629163E-14
        14   7  8.044731E-01  4.730199E-05  4.516716E-05 -1.895753E-06 -2.139254E-07  5.563685E-14
        14   8  8.044014E-01 -2.646157E-05 -2.781773E-05 -1.895753E-06 -2.139254E-07  5.628597E-14
        15   1  8.044519E-01  1.961013E-05  1.865361E-05  7.625195E-07  8.604618E-08  9.093096E-15
        15   2  8.044231E-01 -1.005943E-05 -1.070275E-05  7.625196E-07  8.604619E-08  9.730078E-15
        15   3  8.044519E-01  1.961013E-05  1.865361E-05 -7.625195E-07  8.604618E-08 -9.092389E-15
        15   4  8.044231E-01 -1.005943E-05 -1.070275E-05 -7.625196E-07  8.604619E-08 -9.747155E-15
        15   5  8.044519E-01  1.961013E-05  1.865361E-05  7.625195E-07 -8.604618E-08 -9.063721E-15
        15   6  8.044231E-01 -1.005943E-05 -1.070275E-05  7.625196E-07 -8.604619E-08 -8.420990E-15
        15   7  8.044519E-01  1.961013E-05  1.865361E-05 -7.625195E-07 -8.604618E-08  9.165651E-15
        15   8  8.044231E-01 -1.005943E-05 -1.070275E-05 -7.625196E-07 -8.604619E-08  8.445411E-15
        16   1  8.044414E-01  6.677797E-06  6.179659E-06  2.031950E-07  2.292945E-08  1.129193E-15
        16   2  8.044337E-01 -1.228500E-06 -1.643178E-06  2.031950E-07  2.292945E-08 -1.381440E-17
        16   3  8.044414E-01  6.677797E-06  6.179659E-06 -2.031950E-07  2.292945E-08 -1.103710E-15
        16   4  8.044337E-01 -1.228500E-06 -1.643178E-06 -2.031950E-07  2.292946E-08 -5.546692E-17
        16   5  8.044414E-01  6.677797E-06  6.179659E-06  2.031950E-07 -2.292945E-08 -1.594330E-16
        16   6  8.044337E-01 -1.228500E-06 -1.643178E-06  2.031950E-07 -2.292946E-08 -1.180513E-15
        16   7  8.044414E-01  6.677797E-06  6.179659E-06 -2.031950E-07 -2.292945E-08  2.273869E-16
        16   8  8.044337E-01 -1.228500E-06 -1.643178E-06 -2.031950E-07 -2.292946E-08  1.393223E-15

 strains (elem, integ.pnt.,exx,eyy,ezz,exy,exz,eyz) for set ALL and time  0.3750000E+00

         1   1  1.316712E-02 -2.001070E-03 -2.686284E-03  5.461543E-03  1.465836E-03  3.285076E-18
         1   2  1.316712E-02 -7.447639E-03 -9.988459E-03  5.431595E-03  1.455034E-03  1.207030E-17
         1   3  1.316712E-02 -2.001070E-03 -2.686284E-03 -5.461543E-03  1.465836E-03 -7.184369E-19
         1   4  1.316712E-02 -7.447639E-03 -9.988459E-03 -5.431595E-03  1.455034E-03 -1.703739E-18
         1   5  1.316712E-02 -2.001070E-03 -2.686284E-03  5.461543E-03 -1.465836E-03  2.541766E-18
         1   6  1.316712E-02 -7.447639E-03 -9.988459E-03  5.431595E-03 -1.455034E-03  8.810101E-18
         1   7  1.316712E-02 -2.001070E-03 -2.686284E-03 -5.461543E-03 -1.465836E-03 -1.137137E-18
         1   8  1.316712E-02 -7.447639E-03 -9.988459E-03 -5.431595E-03 -1.455034E-03 -4.856611E-18
         2   1  2.913602E-02 -1.056130E-02 -1.346887E-02  3.078796E-03  4.484852E-04  1.640284E-17
         2   2  2.913602E-02 -1.363526E-02 -1.570871E-02  3.069113E-03  4.474517E-04  2.185410E-17
         2   3  2.913602E-02 -1.056130E-02 -1.346887E-02 -3.078796E-03  4.484852E-04 -7.571948E-18
         2   4  2.913602E-02 -1.363526E-02 -1.570871E-02 -3.069113E-03  4.474517E-04 -2.455424E-17
         2   5  2.913602E-02 -1.056130E-02 -1.346887E-02  3.078796E-03 -4.484852E-04  1.407668E-17
         2   6  2.913602E-02 -1.363526E-02 -1.570871E-02  3.069113E-03 -4.474517E-04  2.271098E-17
         2   7  2.913602E-02 -1.056130E-02 -1.346887E-02 -3.078796E-03 -4.484852E-04 -1.000506E-17
         2   8  2.913602E-02 -1.363526E-02 -1.570871E-02 -3.069113E-03 -4.474517E-04 -2.169234E-17
         3   1  3.605552E-02 -1.527475E-02 -1.684034E-02  1.411460E-03  1.710415E-04  1.481030E-17
         3   2  3.605552E-02 -1.668518E-02 -1.769517E-02  1.409405E-03  1.708902E-04 -6.355021E-18
         3   3  3.605552E-02 -1.527475E-02 -1.684034E-02 -1.411460E-03  1.710415E-04 -2.023076E-17
         3   4  3.605552E-02 -1.668518E-02 -1.769517E-02 -1.409405E-03  1.708902E-04  1.423783E-17
         3   5  3.605552E-02 -1.527475E-02 -1.684034E-02  1.411460E-03 -1.710415E-04  1.672872E-17
         3   6  3.605552E-02 -1.668518E-02 -1.769517E-02  1.409405E-03 -1.708902E-04 -9.715601E-18
         3   7  3.605552E-02 -1.527475E-02 -1.684034E-02 -1.411460E-03 -1.710415E-04 -1.647110E-17
         3   8  3.605552E-02 -1.668518E-02 -1.769517E-02 -1.409405E-03 -1.708902E-04  1.256293E-17
         4   1  3.905581E-02 -1.742698E-02 -1.813786E-02  6.175444E-04  7.102419E-05 -7.626151E-18
         4   2  3.905581E-02 -1.804433E-02 -1.849292E-02  6.171493E-04  7.099802E-05  1.454279E-17
         4   3  3.905581E-02 -1.742698E-02 -1.813786E-02 -6.175444E-04  7.102419E-05  1.410271E-17
         4   4  3.905581E-02 -1.804433E-02 -1.849292E-02 -6.171493E-04  7.099802E-05 -1.696524E-17
         4   5  3.905581E-02 -1.742698E-02 -1.813786E-02  6.175444E-04 -7.102419E-05 -1.204417E-17
         4   6  3.905581E-02 -1.804433E-02 -1.849292E-02  6.171493E-04 -7.099802E-05  1.769428E-17
         4   7  3.905581E-02 -1.742698E-02 -1.813786E-02 -6.175444E-04 -7.102419E-05  9.258636E-18
         4   8  3.905581E-02 -1.804433E-02 -1.849292E-02 -6.171493E-04 -7.099802E-05 -9.316417E-18
         5   1  4.035316E-02 -1.836793E-02 -1.867825E-02  2.670008E-04  3.027710E-05  1.726771E-17
         5   2  4.035316E-02 -1.863489E-02 -1.882963E-02  2.669268E-04  3.027234E-05  1.820845E-17
         5   3  4.035316E-02 -1.836793E-02 -1.867825E-02 -2.670008E-04  3.027710E-05 -2.529634E-17
         5   4  4.035316E-02 -1.863489E-02 -1.882963E-02 -2.669268E-04  3.027234E-05 -1.248900E-17
         5   5  4.035316E-02 -1.836793E-02 -1.867825E-02  2.670008E-04 -3.027710E-05  2.330509E-17
         5   6  4.035316E-02 -1.863489E-02 -1.882963E-02  2.669268E-04 -3.027234E-05  1.362141E-17
         5   7  4.035316E-02 -1.836793E-02 -1.867825E-02 -2.670008E-04 -3.027710E-05 -2.096153E-17
         5   8  4.035316E-02 -1.863489E-02 -1.882963E-02 -2.669268E-04 -3.027234E-05 -1.337268E-17
         6   1  4.091303E-02 -1.877472E-02 -1.890883E-02  1.150929E-04  1.300308E-05  1.287456E-17
         6   2  4.091303E-02 -1.888980E-02 -1.897384E-02  1.150791E-04  1.300220E-05  1.035385E-17
         6   3  4.091303E-02 -1.877472E-02 -1.890883E-02 -1.150929E-04  1.300308E-05 -1.435493E-17
         6   4  4.091303E-02 -1.888980E-02 -1.897384E-02 -1.150791E-04  1.300220E-05 -2.167819E-17
         6   5  4.091303E-02 -1.877472E-02 -1.890883E-02  1.150929E-04 -1.300308E-05  6.918465E-18
         6   6  4.091303E-02 -1.888980E-02 -1.897384E-02  1.150791E-04 -1.300220E-05  2.324185E-17
         6   7  4.091303E-02 -1.877472E-02 -1.890883E-02 -1.150929E-04 -1.300308E-05 -1.169546E-17
         6   8  4.091303E-02 -1.888980E-02 -1.897384E-02 -1.150791E-04 -1.300220E-05 -1.850148E-17
         7   1  4.115437E-02 -1.895007E-02 -1.900788E-02  4.957550E-05  5.595797E-06  1.531722E-17
         7   2  4.115437E-02 -1.899965E-02 -1.903585E-02  4.957294E-05  5.595634E-06  1.987443E-17
         7   3  4.115437E-02 -1.895007E-02 -1.900788E-02 -4.957550E-05  5.595797E-06 -2.477514E-17
         7   4  4.115437E-02 -1.899965E-02 -1.903585E-02 -4.957294E-05  5.595634E-06 -2.059470E-17
         7   5  4.115437E-02 -1.895007E-02 -1.900788E-02  4.957550E-05 -5.595797E-06  2.137867E-17
         7   6  4.115437E-02 -1.899965E-02 -1.903585E-02  4.957294E-05 -5.595634E-06  7.658977E-18
         7   7  4.115437E-02 -1.895007E-02 -1.900788E-02 -4.957550E-05 -5.595797E-06 -2.030889E-17
         7   8  4.115437E-02 -1.899965E-02 -1.903585E-02 -4.957294E-05 -5.595634E-06 -2.820430E-17
         8   1  4.125836E-02 -1.902561E-02 -1.905050E-02  2.135090E-05  2.409441E-06  3.563534E-18
         8   2  4.125836E-02 -1.904696E-02 -1.906255E-02  2.135042E-05  2.409411E-06 -4.002807E-17
         8   3  4.125836E-02 -1.902561E-02 -1.905050E-02 -2.135090E-05  2.409441E-06  1.862134E-18
         8   4  4.125836E-02 -1.904696E-02 -1.906255E-02 -2.135042E-05  2.409411E-06  4.822341E-17
         8   5  4.125836E-02 -1.902561E-02 -1.905050E-02  2.135090E-05 -2.409441E-06 -1.095117E-17
         8   6  4.125836E-02 -1.904696E-02 -1.906255E-02  2.135042E-05 -2.409411E-06 -5.183778E-17
         8   7  4.125836E-02 -1.902561E-02 -1.905050E-02 -2.135090E-05 -2.409441E-06 -1.010048E-17
         8   8  4.125836E-02 -1.904696E-02 -1.906255E-02 -2.135042E-05 -2.409411E-06  4.349163E-17
         9   1  4.130315E-02 -1.905814E-02 -1.906886E-02  9.195020E-06  1.037609E-06 -4.314480E-17
         9   2  4.130315E-02 -1.906733E-02 -1.907405E-02  9.194932E-06  1.037603E-06 -1.761154E-18
         9   3  4.130315E-02 -1.905814E-02 -1.906886E-02 -9.195020E-06  1.037609E-06  5.215691E-17
         9   4  4.130315E-02 -1.906733E-02 -1.907405E-02 -9.194932E-06  1.037603E-06  5.781689E-19
         9   5  4.130315E-02 -1.905814E-02 -1.906886E-02  9.195020E-06 -1.037609E-06 -4.168270E-17
         9   6  4.130315E-02 -1.906733E-02 -1.907405E-02  9.194932E-06 -1.037603E-06  1.262692E-17
         9   7  4.130315E-02 -1.905814E-02 -1.906886E-02 -9.195020E-06 -1.037609E-06  4.583006E-17
         9   8  4.130315E-02 -1.906733E-02 -1.907405E-02 -9.194932E-06 -1.037603E-06  1.879423E-17
        10   1  4.132244E-02 -1.907215E-02 -1.907677E-02  3.959900E-06  4.468511E-07  2.073479E-17
        10   2  4.132244E-02 -1.907611E-02 -1.907900E-02  3.959883E-06  4.468500E-07  2.945398E-17
        10   3  4.132244E-02 -1.907215E-02 -1.907677E-02 -3.959900E-06  4.468511E-07 -1.759800E-17
        10   4  4.132244E-02 -1.907611E-02 -1.907900E-02 -3.959883E-06  4.468500E-07 -2.622404E-17
        10   5  4.132244E-02 -1.907215E-02 -1.907677E-02  3.959900E-06 -4.468511E-07  2.860332E-17
        10   6  4.132244E-02 -1.907611E-02 -1.907900E-02  3.959883E-06 -4.468500E-07  3.330851E-17
        10   7  4.132244E-02 -1.907215E-02 -1.907677E-02 -3.959900E-06 -4.468511E-07 -4.572357E-18
        10   8  4.132244E-02 -1.907611E-02 -1.907900E-02 -3.959883E-06 -4.468500E-07 -2.256889E-17
        11   1  4.133075E-02 -1.907818E-02 -1.908017E-02  1.705257E-06  1.924283E-07  1.254721E-17
        11   2  4.133075E-02 -1.907989E-02 -1.908113E-02  1.705254E-06  1.924282E-07 -5.632899E-17
        11   3  4.133075E-02 -1.907818E-02 -1.908017E-02 -1.705257E-06  1.924283E-07 -7.868462E-18
        11   4  4.133075E-02 -1.907989E-02 -1.908113E-02 -1.705254E-06  1.924282E-07  4.926479E-17
        11   5  4.133075E-02 -1.907818E-02 -1.908017E-02  1.705257E-06 -1.924283E-07  1.212189E-17
        11   6  4.133075E-02 -1.907989E-02 -1.908113E-02  1.705254E-06 -1.924282E-07 -5.162383E-17
        11   7  4.133075E-02 -1.907818E-02 -1.908017E-02 -1.705257E-06 -1.924283E-07 -1.095208E-17
        11   8  4.133075E-02 -1.907989E-02 -1.908113E-02 -1.705254E-06 -1.924282E-07  5.042778E-17
        12   1  4.133432E-02 -1.908078E-02 -1.908164E-02  7.340905E-07  8.283798E-08 -7.382045E-17
        12   2  4.133432E-02 -1.908151E-02 -1.908205E-02  7.340899E-07  8.283794E-08 -6.338001E-17
        12   3  4.133432E-02 -1.908078E-02 -1.908164E-02 -7.340905E-07  8.283798E-08  6.239001E-17
        12   4  4.133432E-02 -1.908151E-02 -1.908205E-02 -7.340899E-07  8.283794E-08  3.911005E-17
        12   5  4.133432E-02 -1.908078E-02 -1.908164E-02  7.340905E-07 -8.283798E-08 -6.528737E-17
        12   6  4.133432E-02 -1.908151E-02 -1.908205E-02  7.340899E-07 -8.283794E-08 -5.627576E-17
        12   7  4.133432E-02 -1.908078E-02 -1.908164E-02 -7.340905E-07 -8.283798E-08  6.656351E-17
        12   8  4.133432E-02 -1.908151E-02 -1.908205E-02 -7.340899E-07 -8.283794E-08  4.933778E-17
        13   1  4.133586E-02 -1.908190E-02 -1.908227E-02  3.154399E-07  3.559565E-08 -3.059676E-17
        13   2  4.133586E-02 -1.908221E-02 -1.908244E-02  3.154398E-07  3.559564E-08  3.767450E-17
        13   3  4.133586E-02 -1.908190E-02 -1.908227E-02 -3.154399E-07  3.559565E-08  1.097876E-17
        13   4  4.133586E-02 -1.908221E-02 -1.908244E-02 -3.154398E-07  3.559564E-08 -4.106375E-17
        13   5  4.133586E-02 -1.908190E-02 -1.908227E-02  3.154399E-07 -3.559565E-08 -2.126619E-17
        13   6  4.133586E-02 -1.908221E-02 -1.908244E-02  3.154398E-07 -3.559564E-08  4.014006E-17
        13   7  4.133586E-02 -1.908190E-02 -1.908227E-02 -3.154399E-07 -3.559565E-08  2.041565E-17
        13   8  4.133586E-02 -1.908221E-02 -1.908244E-02 -3.154398E-07 -3.559564E-08 -4.101723E-17
        14   1  4.133652E-02 -1.908238E-02 -1.908254E-02  1.342055E-07  1.514435E-08  4.447304E-17
        14   2  4.133652E-02 -1.908251E-02 -1.908261E-02  1.342054E-07  1.514435E-08 -7.456458E-18
        14   3  4.133652E-02 -1.908238E-02 -1.908254E-02 -1.342055E-07  1.514435E-08 -4.314385E-17
        14   4  4.133652E-02 -1.908251E-02 -1.908261E-02 -1.342054E-07  1.514435E-08 -1.807615E-18
        14   5  4.133652E-02 -1.908238E-02 -1.908254E-02  1.342055E-07 -1.514435E-08  4.519077E-17
        14   6  4.133652E-02 -1.908251E-02 -1.908261E-02  1.342054E-07 -1.514435E-08 -1.754450E-18
        14   7  4.133652E-02 -1.908238E-02 -1.908254E-02 -1.342055E-07 -1.514435E-08 -4.742368E-17
        14   8  4.133652E-02 -1.908251E-02 -1.908261E-02 -1.342054E-07 -1.514435E-08  1.329153E-18
        15   1  4.133680E-02 -1.908258E-02 -1.908265E-02  5.398078E-08  6.091437E-09 -7.708910E-19
        15   2  4.133680E-02 -1.908263E-02 -1.908268E-02  5.398078E-08  6.091437E-09  4.707148E-17
        15   3  4.133680E-02 -1.908258E-02 -1.908265E-02 -5.398078E-08  6.091437E-09  8.240763E-19
        15   4  4.133680E-02 -1.908263E-02 -1.908268E-02 -5.398078E-08  6.091437E-09 -4.835408E-17
        15   5  4.133680E-02 -1.908258E-02 -1.908265E-02  5.398078E-08 -6.091437E-09  2.977282E-18
        15   6  4.133680E-02 -1.908263E-02 -1.908268E-02  5.398078E-08 -6.091437E-09  5.125162E-17
        15   7  4.133680E-02 -1.908258E-02 -1.908265E-02 -5.398078E-08 -6.091437E-09  4.678580E-18
        15   8  4.133680E-02 -1.908263E-02 -1.908268E-02 -5.398078E-08 -6.091437E-09 -4.941739E-17
        16   1  4.133690E-02 -1.908266E-02 -1.908270E-02  1.438471E-08  1.623237E-09  3.625892E-17
        16   2  4.133690E-02 -1.908267E-02 -1.908270E-02  1.438471E-08  1.623237E-09 -4.959018E-17
        16   3  4.133690E-02 -1.908266E-02 -1.908270E-02 -1.438471E-08  1.623237E-09 -3.434496E-17
        16   4  4.133690E-02 -1.908267E-02 -1.908270E-02 -1.438471E-08  1.623237E-09  4.438661E-17
        16   5  4.133690E-02 -1.908266E-02 -1.908270E-02  1.438471E-08 -1.623237E-09  3.657792E-17
        16   6  4.133690E-02 -1.908267E-02 -1.908270E-02  1.438471E-08 -1.623237E-09 -4.011342E-17
        16   7  4.133690E-02 -1.908266E-02 -1.908270E-02 -1.438471E-08 -1.623237E-09 -3.147401E-17
        16   8  4.133690E-02 -1.908267E-02 -1.908270E-02 -1.438471E-08 -1.623237E-09  5.608968E-17

                                INCREMENT     6


 forces (fx,fy,fz) for set RIGHT and time  0.4750000E+00

        65  1.213173E+00 -3.645293E-14 -2.089899E-13
        66  1.213173E+00  3.662020E-14 -1.902013E-13
        67  1.213173E+00  4.342825E-14  1.905668E-13
        68  1.213173E+00 -4.350082E-14  2.087069E-13

 displacements (vx,vy,vz) for set RIGHT and time  0.4750000E+00

        65  9.500000E-01  6.056057E-02  1.211213E-02
        66  9.500000E-01 -6.056057E-02  1.211213E-02
        67  9.500000E-01 -6.056057E-02 -1.211213E-02
        68  9.500000E-01  6.056057E-02 -1.211213E-02

 stresses (elem, integ.pnt.,sxx,syy,szz,sxy,sxz,syz) for set ALL and time  0.4750000E+00

         1   1  3.636110E+00  3.387883E+00  3.375469E+00  9.165784E-02  2.460505E-02  3.331950E-04
         1   2 -1.711083E+00 -2.058219E+00 -2.102240E+00  9.417174E-02  2.527989E-02  3.423336E-04
         1   3  3.636110E+00  3.387883E+00  3.375469E+00 -9.165784E-02  2.460505E-02 -3.331950E-04
         1   4 -1.711083E+00 -2.058219E+00 -2.102240E+00 -9.417174E-02  2.527989E-02 -3.423336E-04
         1   5  3.636110E+00  3.387883E+00  3.375469E+00  9.165784E-02 -2.460505E-02 -3.331950E-04
         1   6 -1.711083E+00 -2.058219E+00 -2.102240E+00  9.417174E-02 -2.527989E-02 -3.423336E-04
         1   7  3.636110E+00  3.387883E+00  3.375469E+00 -9.165784E-02 -2.460505E-02  3.331950E-04
         1   8 -1.711083E+00 -2.058219E+00 -2.102240E+00 -9.417174E-02 -2.527989E-02  3.423336E-04
         2   1  2.132464E+00  1.469072E+00  1.420567E+00  5.358623E-02  7.840863E-03  5.918585E-05
         2   2 -1.319085E-01 -8.544663E-01 -8.895863E-01  5.420488E-02  7.931385E-03  5.986915E-05
         2   3  2.132464E+00  1.469072E+00  1.420567E+00 -5.358623E-02  7.840863E-03 -5.918585E-05
         2   4 -1.319085E-01 -8.544663E-01 -8.895863E-01 -5.420488E-02  7.931385E-03 -5.986915E-05
         2   5  2.132464E+00  1.469072E+00  1.420567E+00  5.358623E-02 -7.840863E-03 -5.918585E-05
         2   6 -1.319085E-01 -8.544663E-01 -8.895863E-01  5.420488E-02 -7.931385E-03 -5.986915E-05
         2   7  2.132464E+00  1.469072E+00  1.420567E+00 -5.358623E-02 -7.840863E-03  5.918585E-05
         2   8 -1.319085E-01 -8.544663E-01 -8.895863E-01 -5.420488E-02 -7.931385E-03  5.986915E-05
         3   1  1.497921E+00  6.351500E-01  6.090412E-01  2.499272E-02  3.033237E-03  1.046485E-05
         3   2  5.262116E-01 -3.643748E-01 -3.813288E-01  2.511623E-02  3.048227E-03  1.051657E-05
         3   3  1.497921E+00  6.351500E-01  6.090412E-01 -2.499272E-02  3.033237E-03 -1.046485E-05
         3   4  5.262116E-01 -3.643748E-01 -3.813288E-01 -2.511623E-02  3.048227E-03 -1.051657E-05
         3   5  1.497921E+00  6.351500E-01  6.090412E-01  2.499272E-02 -3.033237E-03 -1.046485E-05
         3   6  5.262116E-01 -3.643748E-01 -3.813288E-01  2.511623E-02 -3.048227E-03 -1.051657E-05
         3   7  1.497921E+00  6.351500E-01  6.090412E-01 -2.499272E-02 -3.033237E-03  1.046485E-05
         3   8  5.262116E-01 -3.643748E-01 -3.813288E-01 -2.511623E-02 -3.048227E-03  1.051657E-05
         4   1  1.225474E+00  2.740111E-01  2.621622E-01  1.101321E-02  1.266428E-03  1.908684E-06
         4   2  8.072700E-01 -1.565029E-01 -1.639993E-01  1.103661E-02  1.269119E-03  1.912740E-06
         4   3  1.225474E+00  2.740111E-01  2.621622E-01 -1.101321E-02  1.266428E-03 -1.908684E-06
         4   4  8.072700E-01 -1.565029E-01 -1.639993E-01 -1.103661E-02  1.269119E-03 -1.912740E-06
         4   5  1.225474E+00  2.740111E-01  2.621622E-01  1.101321E-02 -1.266428E-03 -1.908684E-06
         4   6  8.072700E-01 -1.565029E-01 -1.639993E-01  1.103661E-02 -1.269119E-03 -1.912740E-06
         4   7  1.225474E+00  2.740111E-01  2.621622E-01 -1.101321E-02 -1.266428E-03  1.908684E-06
         4   8  8.072700E-01 -1.565029E-01 -1.639993E-01 -1.103661E-02 -1.269119E-03  1.912740E-06
         5   1  1.108111E+00  1.180650E-01  1.128962E-01  4.774365E-03  5.409544E-04  3.521206E-07
         5   2  9.280605E-01 -6.733419E-02 -7.058060E-02  4.778730E-03  5.414490E-04  3.524426E-07
         5   3  1.108111E+00  1.180650E-01  1.128962E-01 -4.774365E-03  5.409544E-04 -3.521206E-07
         5   4  9.280605E-01 -6.733419E-02 -7.058060E-02 -4.778730E-03  5.414490E-04 -3.524426E-07
         5   5  1.108111E+00  1.180650E-01  1.128962E-01  4.774365E-03 -5.409544E-04 -3.521206E-07
         5   6  9.280605E-01 -6.733419E-02 -7.058060E-02  4.778730E-03 -5.414490E-04 -3.524426E-07
         5   7  1.108111E+00  1.180650E-01  1.128962E-01 -4.774365E-03 -5.409544E-04  3.521206E-07
         5   8  9.280605E-01 -6.733419E-02 -7.058060E-02 -4.778730E-03 -5.414490E-04  3.524426E-07
         6   1  1.057552E+00  5.083949E-02  4.860744E-02  2.059565E-03  2.324417E-04  6.516362E-08
         6   2  9.800432E-01 -2.897957E-02 -3.037848E-02  2.060376E-03  2.325331E-04  6.518927E-08
         6   3  1.057552E+00  5.083949E-02  4.860744E-02 -2.059565E-03  2.324417E-04 -6.516362E-08
         6   4  9.800432E-01 -2.897957E-02 -3.037848E-02 -2.060376E-03  2.325331E-04 -6.518927E-08
         6   5  1.057552E+00  5.083949E-02  4.860744E-02  2.059565E-03 -2.324417E-04 -6.516362E-08
         6   6  9.800432E-01 -2.897957E-02 -3.037848E-02  2.060376E-03 -2.325331E-04 -6.518927E-08
         6   7  1.057552E+00  5.083949E-02  4.860744E-02 -2.059565E-03 -2.324417E-04  6.516362E-08
         6   8  9.800432E-01 -2.897957E-02 -3.037848E-02 -2.060376E-03 -2.325331E-04  6.518927E-08
         7   1  1.035781E+00  2.188529E-02  2.092391E-02  8.870810E-04  1.000142E-04  1.206812E-08
         7   2  1.002418E+00 -1.247271E-02 -1.307485E-02  8.872312E-04  1.000312E-04  1.207017E-08
         7   3  1.035781E+00  2.188529E-02  2.092391E-02 -8.870810E-04  1.000142E-04 -1.206812E-08
         7   4  1.002418E+00 -1.247271E-02 -1.307485E-02 -8.872312E-04  1.000312E-04 -1.207017E-08
         7   5  1.035781E+00  2.188529E-02  2.092391E-02  8.870810E-04 -1.000142E-04 -1.206812E-08
         7   6  1.002418E+00 -1.247271E-02 -1.307485E-02  8.872312E-04 -1.000312E-04 -1.207017E-08
         7   7  1.035781E+00  2.188529E-02  2.092391E-02 -8.870810E-04 -1.000142E-04  1.206812E-08
         7   8  1.002418E+00 -1.247271E-02 -1.307485E-02 -8.872312E-04 -1.000312E-04  1.207017E-08
         8   1  1.026408E+00  9.419865E-03  9.006043E-03  3.818829E-04  4.304477E-05  2.235300E-09
         8   2  1.012049E+00 -5.368111E-03 -5.627242E-03  3.819107E-04  4.304791E-05  2.235462E-09
         8   3  1.026408E+00  9.419865E-03  9.006043E-03 -3.818829E-04  4.304477E-05 -2.235300E-09
         8   4  1.012049E+00 -5.368111E-03 -5.627242E-03 -3.819107E-04  4.304791E-05 -2.235462E-09
         8   5  1.026408E+00  9.419865E-03  9.006043E-03  3.818829E-04 -4.304477E-05 -2.235299E-09
         8   6  1.012049E+00 -5.368111E-03 -5.627242E-03  3.819107E-04 -4.304791E-05 -2.235463E-09
         8   7  1.026408E+00  9.419865E-03  9.006043E-03 -3.818829E-04 -4.304477E-05  2.235299E-09
         8   8  1.012049E+00 -5.368111E-03 -5.627242E-03 -3.819107E-04 -4.304791E-05  2.235463E-09
         9   1  1.022374E+00  4.054248E-03  3.876146E-03  1.643691E-04  1.852618E-05  4.140325E-10
         9   2  1.016194E+00 -2.310326E-03 -2.421844E-03  1.643742E-04  1.852676E-05  4.140464E-10
         9   3  1.022374E+00  4.054248E-03  3.876146E-03 -1.643691E-04  1.852618E-05 -4.140325E-10
         9   4  1.016194E+00 -2.310326E-03 -2.421844E-03 -1.643742E-04  1.852676E-05 -4.140462E-10
         9   5  1.022374E+00  4.054248E-03  3.876146E-03  1.643691E-04 -1.852618E-05 -4.140341E-10
         9   6  1.016194E+00 -2.310326E-03 -2.421844E-03  1.643742E-04 -1.852676E-05 -4.140462E-10
         9   7  1.022374E+00  4.054248E-03  3.876146E-03 -1.643691E-04 -1.852618E-05  4.140341E-10
         9   8  1.016194E+00 -2.310326E-03 -2.421844E-03 -1.643742E-04 -1.852676E-05  4.140464E-10
        10   1  1.020637E+00  1.744864E-03  1.668213E-03  7.074200E-05  7.973311E-06  7.668726E-11
        10   2  1.017978E+00 -9.942881E-04 -1.042282E-03  7.074296E-05  7.973419E-06  7.668818E-11
        10   3  1.020637E+00  1.744864E-03  1.668213E-03 -7.074200E-05  7.973311E-06 -7.668706E-11
        10   4  1.017978E+00 -9.942881E-04 -1.042282E-03 -7.074296E-05  7.973419E-06 -7.668818E-11
        10   5  1.020637E+00  1.744864E-03  1.668213E-03  7.074200E-05 -7.973311E-06 -7.668668E-11
        10   6  1.017978E+00 -9.942881E-04 -1.042282E-03  7.074296E-05 -7.973419E-06 -7.668785E-11
        10   7  1.020637E+00  1.744864E-03  1.668213E-03 -7.074200E-05 -7.973311E-06  7.668673E-11
        10   8  1.017978E+00 -9.942881E-04 -1.042282E-03 -7.074296E-05 -7.973419E-06  7.668766E-11
        11   1  1.019890E+00  7.509179E-04  7.179280E-04  3.044367E-05  3.431296E-06  1.420220E-11
        11   2  1.018745E+00 -4.278600E-04 -4.485176E-04  3.044385E-05  3.431316E-06  1.420215E-11
        11   3  1.019890E+00  7.509179E-04  7.179280E-04 -3.044367E-05  3.431296E-06 -1.420221E-11
        11   4  1.018745E+00 -4.278600E-04 -4.485176E-04 -3.044385E-05  3.431316E-06 -1.420196E-11
        11   5  1.019890E+00  7.509179E-04  7.179280E-04  3.044367E-05 -3.431296E-06 -1.420193E-11
        11   6  1.018745E+00 -4.278600E-04 -4.485176E-04  3.044385E-05 -3.431316E-06 -1.420200E-11
        11   7  1.019890E+00  7.509179E-04  7.179280E-04 -3.044367E-05 -3.431296E-06  1.420181E-11
        11   8  1.018745E+00 -4.278600E-04 -4.485176E-04 -3.044385E-05 -3.431316E-06  1.420229E-11
        12   1  1.019568E+00  3.231007E-04  3.088991E-04  1.309684E-05  1.476142E-06  2.628415E-12
        12   2  1.019076E+00 -1.840067E-04 -1.929030E-04  1.309687E-05  1.476145E-06  2.628403E-12
        12   3  1.019568E+00  3.231007E-04  3.088991E-04 -1.309684E-05  1.476142E-06 -2.628197E-12
        12   4  1.019076E+00 -1.840067E-04 -1.929030E-04 -1.309687E-05  1.476145E-06 -2.628234E-12
        12   5  1.019568E+00  3.231007E-04  3.088991E-04  1.309684E-05 -1.476142E-06 -2.628321E-12
        12   6  1.019076E+00 -1.840067E-04 -1.929030E-04  1.309687E-05 -1.476145E-06 -2.628505E-12
        12   7  1.019568E+00  3.231007E-04  3.088991E-04 -1.309684E-05 -1.476142E-06  2.628570E-12
        12   8  1.019076E+00 -1.840067E-04 -1.929030E-04 -1.309687E-05 -1.476145E-06  2.628471E-12
        13   1  1.019430E+00  1.388777E-04  1.327572E-04  5.623989E-06  6.338788E-07  4.846514E-13
        13   2  1.019218E+00 -7.888182E-05 -8.272416E-05  5.623995E-06  6.338795E-07  4.846510E-13
        13   3  1.019430E+00  1.388777E-04  1.327572E-04 -5.623989E-06  6.338788E-07 -4.845831E-13
        13   4  1.019218E+00 -7.888182E-05 -8.272416E-05 -5.623995E-06  6.338794E-07 -4.849087E-13
        13   5  1.019430E+00  1.388777E-04  1.327572E-04  5.623989E-06 -6.338788E-07 -4.847468E-13
        13   6  1.019218E+00 -7.888182E-05 -8.272416E-05  5.623995E-06 -6.338795E-07 -4.846277E-13
        13   7  1.019430E+00  1.388777E-04  1.327572E-04 -5.623989E-06 -6.338788E-07  4.846680E-13
        13   8  1.019218E+00 -7.888182E-05 -8.272416E-05 -5.623995E-06 -6.338795E-07  4.845393E-13
        14   1  1.019370E+00  5.935903E-05  5.670511E-05  2.391223E-06  2.695144E-07  8.750573E-14
        14   2  1.019280E+00 -3.322853E-05 -3.491381E-05  2.391224E-06  2.695146E-07  8.741143E-14
        14   3  1.019370E+00  5.935903E-05  5.670511E-05 -2.391223E-06  2.695144E-07 -8.772890E-14
        14   4  1.019280E+00 -3.322853E-05 -3.491381E-05 -2.391224E-06  2.695146E-07 -8.724396E-14
        14   5  1.019370E+00  5.935903E-05  5.670511E-05  2.391223E-06 -2.695144E-07 -8.766941E-14
        14   6  1.019280E+00 -3.322853E-05 -3.491381E-05  2.391224E-06 -2.695146E-07 -8.795317E-14
        14   7  1.019370E+00  5.935903E-05  5.670511E-05 -2.391223E-06 -2.695144E-07  8.759901E-14
        14   8  1.019280E+00 -3.322853E-05 -3.491381E-05 -2.391224E-06 -2.695146E-07  8.789967E-14
        15   1  1.019343E+00  2.459305E-05  2.340485E-05  9.612778E-07  1.083455E-07  1.383950E-14
        15   2  1.019307E+00 -1.262737E-05 -1.342618E-05  9.612780E-07  1.083455E-07  1.377200E-14
        15   3  1.019343E+00  2.459305E-05  2.340485E-05 -9.612778E-07  1.083455E-07 -1.372474E-14
        15   4  1.019307E+00 -1.262737E-05 -1.342618E-05 -9.612780E-07  1.083455E-07 -1.392091E-14
        15   5  1.019343E+00  2.459305E-05  2.340485E-05  9.612778E-07 -1.083455E-07 -1.456218E-14
        15   6  1.019307E+00 -1.262737E-05 -1.342618E-05  9.612780E-07 -1.083455E-07 -1.440835E-14
        15   7  1.019343E+00  2.459305E-05  2.340485E-05 -9.612778E-07 -1.083455E-07  1.451149E-14
        15   8  1.019307E+00 -1.262737E-05 -1.342618E-05 -9.612780E-07 -1.083455E-07  1.445764E-14
        16   1  1.019330E+00  8.368619E-06  7.750312E-06  2.560721E-07  2.886186E-08  6.753031E-16
        16   2  1.019321E+00 -1.546426E-06 -2.061002E-06  2.560721E-07  2.886186E-08  8.242044E-16
        16   3  1.019330E+00  8.368619E-06  7.750312E-06 -2.560721E-07  2.886186E-08 -8.273724E-16
        16   4  1.019321E+00 -1.546426E-06 -2.061002E-06 -2.560721E-07  2.886186E-08 -8.617816E-16
        16   5  1.019330E+00  8.368619E-06  7.750312E-06  2.560721E-07 -2.886186E-08 -1.221626E-15
        16   6  1.019321E+00 -1.546426E-06 -2.061002E-06  2.560721E-07 -2.886186E-08 -1.188537E-15
        16   7  1.019330E+00  8.368619E-06  7.750312E-06 -2.560721E-07 -2.886186E-08  1.294845E-15
        16   8  1.019321E+00 -1.546426E-06 -2.061002E-06 -2.560721E-07 -2.886186E-08  1.147000E-15

 strains (elem, integ.pnt.,exx,eyy,ezz,exy,exz,eyz) for set ALL and time  0.4750000E+00

         1   1  1.662318E-02 -2.515750E-03 -3.375240E-03  6.864489E-03  1.841142E-03 -1.463276E-17
         1   2  1.662318E-02 -9.356559E-03 -1.253829E-02  6.817129E-03  1.824078E-03 -5.445328E-17
         1   3  1.662318E-02 -2.515750E-03 -3.375240E-03 -6.864489E-03  1.841142E-03  1.326919E-17
         1   4  1.662318E-02 -9.356559E-03 -1.253829E-02 -6.817129E-03  1.824078E-03  4.908127E-17
         1   5  1.662318E-02 -2.515750E-03 -3.375240E-03  6.864489E-03 -1.841142E-03 -1.490280E-17
         1   6  1.662318E-02 -9.356559E-03 -1.253829E-02  6.817129E-03 -1.824078E-03 -5.571115E-17
         1   7  1.662318E-02 -2.515750E-03 -3.375240E-03 -6.864489E-03 -1.841142E-03  1.289101E-17
         1   8  1.662318E-02 -9.356559E-03 -1.253829E-02 -6.817129E-03 -1.824078E-03  4.782341E-17
         2   1  3.697635E-02 -1.326212E-02 -1.690092E-02  3.858927E-03  5.625327E-04 -5.867410E-17
         2   2  3.697635E-02 -1.711340E-02 -1.970949E-02  3.843630E-03  5.608951E-04 -2.715433E-17
         2   3  3.697635E-02 -1.326212E-02 -1.690092E-02 -3.858927E-03  5.625327E-04  5.257748E-17
         2   4  3.697635E-02 -1.711340E-02 -1.970949E-02 -3.843630E-03  5.608951E-04  2.729202E-17
         2   5  3.697635E-02 -1.326212E-02 -1.690092E-02  3.858927E-03 -5.625327E-04 -5.458490E-17
         2   6  3.697635E-02 -1.711340E-02 -1.970949E-02  3.843630E-03 -5.608951E-04 -2.033336E-17
         2   7  3.697635E-02 -1.326212E-02 -1.690092E-02 -3.858927E-03 -5.625327E-04  5.324356E-17
         2   8  3.697635E-02 -1.711340E-02 -1.970949E-02 -3.843630E-03 -5.608951E-04  3.270129E-17
         3   1  4.585703E-02 -1.916641E-02 -2.112732E-02  1.767506E-03  2.140752E-04 -2.945947E-18
         3   2  4.585703E-02 -2.093229E-02 -2.219710E-02  1.764257E-03  2.138359E-04  3.132852E-17
         3   3  4.585703E-02 -1.916641E-02 -2.112732E-02 -1.767506E-03  2.140752E-04  3.752549E-18
         3   4  4.585703E-02 -2.093229E-02 -2.219710E-02 -1.764257E-03  2.138359E-04 -3.625403E-17
         3   5  4.585703E-02 -1.916641E-02 -2.112732E-02  1.767506E-03 -2.140752E-04  7.850223E-18
         3   6  4.585703E-02 -2.093229E-02 -2.219710E-02  1.764257E-03 -2.138359E-04  4.263004E-17
         3   7  4.585703E-02 -1.916641E-02 -2.112732E-02 -1.767506E-03 -2.140752E-04  1.114642E-17
         3   8  4.585703E-02 -2.093229E-02 -2.219710E-02 -1.764257E-03 -2.138359E-04 -1.743754E-17
         4   1  4.971830E-02 -2.186070E-02 -2.275084E-02  7.726811E-04  8.876920E-05  2.394259E-17
         4   2  4.971830E-02 -2.263307E-02 -2.319458E-02  7.720568E-04  8.872792E-05 -2.052706E-17
         4   3  4.971830E-02 -2.186070E-02 -2.275084E-02 -7.726811E-04  8.876920E-05 -2.610054E-17
         4   4  4.971830E-02 -2.263307E-02 -2.319458E-02 -7.720568E-04  8.872792E-05  3.585838E-17
         4   5  4.971830E-02 -2.186070E-02 -2.275084E-02  7.726811E-04 -8.876920E-05  3.419161E-17
         4   6  4.971830E-02 -2.263307E-02 -2.319458E-02  7.720568E-04 -8.872792E-05 -3.050360E-17
         4   7  4.971830E-02 -2.186070E-02 -2.275084E-02 -7.726811E-04 -8.876920E-05 -2.019839E-17
         4   8  4.971830E-02 -2.263307E-02 -2.319458E-02 -7.720568E-04 -8.872792E-05  2.037307E-17
         5   1  5.138933E-02 -2.303781E-02 -2.342614E-02  3.338119E-04  3.780681E-05 -4.438594E-17
         5   2  5.138933E-02 -2.337156E-02 -2.361516E-02  3.336951E-04  3.779931E-05 -4.436629E-17
         5   3  5.138933E-02 -2.303781E-02 -2.342614E-02 -3.338119E-04  3.780681E-05  5.134133E-17
         5   4  5.138933E-02 -2.337156E-02 -2.361516E-02 -3.336951E-04  3.779931E-05  4.977936E-17
         5   5  5.138933E-02 -2.303781E-02 -2.342614E-02  3.338119E-04 -3.780681E-05 -5.687450E-17
         5   6  5.138933E-02 -2.337156E-02 -2.361516E-02  3.336951E-04 -3.779931E-05 -4.523271E-17
         5   7  5.138933E-02 -2.303781E-02 -2.342614E-02 -3.338119E-04 -3.780681E-05  3.461705E-17
         5   8  5.138933E-02 -2.337156E-02 -2.361516E-02 -3.336951E-04 -3.779931E-05  4.627974E-17
         6   1  5.211043E-02 -2.354633E-02 -2.371403E-02  1.437853E-04  1.622470E-05 -5.861008E-17
         6   2  5.211043E-02 -2.369010E-02 -2.379515E-02  1.437636E-04  1.622331E-05 -3.779980E-17
         6   3  5.211043E-02 -2.354633E-02 -2.371403E-02 -1.437853E-04  1.622470E-05  4.807315E-17
         6   4  5.211043E-02 -2.369010E-02 -2.379515E-02 -1.437636E-04  1.622331E-05  3.527591E-17
         6   5  5.211043E-02 -2.354633E-02 -2.371403E-02  1.437853E-04 -1.622470E-05 -5.218119E-17
         6   6  5.211043E-02 -2.369010E-02 -2.379515E-02  1.437636E-04 -1.622331E-05 -3.822986E-17
         6   7  5.211043E-02 -2.354633E-02 -2.371403E-02 -1.437853E-04 -1.622470E-05  5.175032E-17
         6   8  5.211043E-02 -2.369010E-02 -2.379515E-02 -1.437636E-04 -1.622331E-05  4.095038E-17
         7   1  5.242116E-02 -2.376537E-02 -2.383761E-02  6.189044E-05  6.977328E-06 -1.230243E-17
         7   2  5.242116E-02 -2.382726E-02 -2.387249E-02  6.188642E-05  6.977073E-06  5.555932E-17
         7   3  5.242116E-02 -2.376537E-02 -2.383761E-02 -6.189044E-05  6.977328E-06  1.298669E-17
         7   4  5.242116E-02 -2.382726E-02 -2.387249E-02 -6.188642E-05  6.977073E-06 -5.819463E-17
         7   5  5.242116E-02 -2.376537E-02 -2.383761E-02  6.189044E-05 -6.977328E-06 -1.555597E-17
         7   6  5.242116E-02 -2.382726E-02 -2.387249E-02  6.188642E-05 -6.977073E-06  4.163321E-17
         7   7  5.242116E-02 -2.376537E-02 -2.383761E-02 -6.189044E-05 -6.977328E-06  1.068545E-17
         7   8  5.242116E-02 -2.382726E-02 -2.387249E-02 -6.188642E-05 -6.977073E-06 -7.067914E-17
         8   1  5.255496E-02 -2.385966E-02 -2.389076E-02  2.663609E-05  3.002248E-06  4.570463E-17
         8   2  5.255496E-02 -2.388630E-02 -2.390577E-02  2.663535E-05  3.002201E-06 -4.548861E-17
         8   3  5.255496E-02 -2.385966E-02 -2.389076E-02 -2.663609E-05  3.002248E-06 -4.549646E-17
         8   4  5.255496E-02 -2.388630E-02 -2.390577E-02 -2.663535E-05  3.002201E-06  4.906243E-17
         8   5  5.255496E-02 -2.385966E-02 -2.389076E-02  2.663609E-05 -3.002248E-06  3.470161E-17
         8   6  5.255496E-02 -2.388630E-02 -2.390577E-02  2.663535E-05 -3.002201E-06 -5.205468E-17
         8   7  5.255496E-02 -2.385966E-02 -2.389076E-02 -2.663609E-05 -3.002248E-06 -5.671108E-17
         8   8  5.255496E-02 -2.388630E-02 -2.390577E-02 -2.663535E-05 -3.002201E-06  4.874509E-17
         9   1  5.261256E-02 -2.390024E-02 -2.391363E-02  1.146328E-05  1.292018E-06 -6.226321E-17
         9   2  5.261256E-02 -2.391171E-02 -2.392009E-02  1.146314E-05  1.292009E-06  6.326639E-18
         9   3  5.261256E-02 -2.390024E-02 -2.391363E-02 -1.146328E-05  1.292018E-06  5.958873E-17
         9   4  5.261256E-02 -2.391171E-02 -2.392009E-02 -1.146314E-05  1.292009E-06  8.442558E-18
         9   5  5.261256E-02 -2.390024E-02 -2.391363E-02  1.146328E-05 -1.292018E-06 -5.819001E-17
         9   6  5.261256E-02 -2.391171E-02 -2.392009E-02  1.146314E-05 -1.292009E-06  6.610999E-18
         9   7  5.261256E-02 -2.390024E-02 -2.391363E-02 -1.146328E-05 -1.292018E-06  6.220722E-17
         9   8  5.261256E-02 -2.391171E-02 -2.392009E-02 -1.146314E-05 -1.292009E-06  6.399407E-18
        10   1  5.263735E-02 -2.391771E-02 -2.392347E-02  4.933371E-06  5.560355E-07  2.441129E-17
        10   2  5.263735E-02 -2.392264E-02 -2.392625E-02  4.933345E-06  5.560339E-07  1.617936E-17
        10   3  5.263735E-02 -2.391771E-02 -2.392347E-02 -4.933371E-06  5.560355E-07 -9.469644E-18
        10   4  5.263735E-02 -2.392264E-02 -2.392625E-02 -4.933345E-06  5.560339E-07 -1.621366E-17
        10   5  5.263735E-02 -2.391771E-02 -2.392347E-02  4.933371E-06 -5.560355E-07  1.872483E-17
        10   6  5.263735E-02 -2.392264E-02 -2.392625E-02  4.933345E-06 -5.560339E-07  9.097758E-18
        10   7  5.263735E-02 -2.391771E-02 -2.392347E-02 -4.933371E-06 -5.560355E-07 -1.512966E-17
        10   8  5.263735E-02 -2.392264E-02 -2.392625E-02 -4.933345E-06 -5.560339E-07 -2.303739E-17
        11   1  5.264802E-02 -2.392523E-02 -2.392770E-02  2.123019E-06  2.392842E-07  1.317095E-17
        11   2  5.264802E-02 -2.392735E-02 -2.392890E-02  2.123015E-06  2.392839E-07  3.371855E-18
        11   3  5.264802E-02 -2.392523E-02 -2.392770E-02 -2.123019E-06  2.392842E-07 -1.404467E-17
        11   4  5.264802E-02 -2.392735E-02 -2.392890E-02 -2.123015E-06  2.392839E-07  1.104194E-17
        11   5  5.264802E-02 -2.392523E-02 -2.392770E-02  2.123019E-06 -2.392842E-07  6.981990E-18
        11   6  5.264802E-02 -2.392735E-02 -2.392890E-02  2.123015E-06 -2.392839E-07  8.172262E-18
        11   7  5.264802E-02 -2.392523E-02 -2.392770E-02 -2.123019E-06 -2.392842E-07 -1.586961E-17
        11   8  5.264802E-02 -2.392735E-02 -2.392890E-02 -2.123015E-06 -2.392839E-07  1.359421E-17
        12   1  5.265262E-02 -2.392846E-02 -2.392953E-02  9.133124E-07  1.029391E-07  3.967040E-18
        12   2  5.265262E-02 -2.392937E-02 -2.393004E-02  9.133115E-07  1.029390E-07  2.598425E-18
        12   3  5.265262E-02 -2.392846E-02 -2.392953E-02 -9.133124E-07  1.029391E-07  1.243057E-17
        12   4  5.265262E-02 -2.392937E-02 -2.393004E-02 -9.133115E-07  1.029390E-07  1.013625E-17
        12   5  5.265262E-02 -2.392846E-02 -2.392953E-02  9.133124E-07 -1.029391E-07  3.067787E-18
        12   6  5.265262E-02 -2.392937E-02 -2.393004E-02  9.133115E-07 -1.029390E-07 -1.026215E-17
        12   7  5.265262E-02 -2.392846E-02 -2.392953E-02 -9.133124E-07 -1.029391E-07  1.565728E-17
        12   8  5.265262E-02 -2.392937E-02 -2.393004E-02 -9.133115E-07 -1.029390E-07  7.669928E-18
        13   1  5.265459E-02 -2.392985E-02 -2.393031E-02  3.921890E-07  4.420353E-08 -8.199925E-19
        13   2  5.265459E-02 -2.393024E-02 -2.393053E-02  3.921889E-07  4.420352E-08 -8.926842E-19
        13   3  5.265459E-02 -2.392985E-02 -2.393031E-02 -3.921890E-07  4.420353E-08  5.950819E-18
        13   4  5.265459E-02 -2.393024E-02 -2.393053E-02 -3.921889E-07  4.420352E-08 -1.846769E-17
        13   5  5.265459E-02 -2.392985E-02 -2.393031E-02  3.921890E-07 -4.420353E-08 -6.347723E-18
        13   6  5.265459E-02 -2.393024E-02 -2.393053E-02  3.921889E-07 -4.420352E-08  2.644798E-18
        13   7  5.265459E-02 -2.392985E-02 -2.393031E-02 -3.921890E-07 -4.420353E-08  4.230889E-19
        13   8  5.265459E-02 -2.393024E-02 -2.393053E-02 -3.921889E-07 -4.420352E-08 -9.283463E-18
        14   1  5.265544E-02 -2.393045E-02 -2.393065E-02  1.667517E-07  1.879456E-08 -8.384196E-18
        14   2  5.265544E-02 -2.393061E-02 -2.393074E-02  1.667517E-07  1.879456E-08 -1.547237E-17
        14   3  5.265544E-02 -2.393045E-02 -2.393065E-02 -1.667517E-07  1.879456E-08 -8.384196E-18
        14   4  5.265544E-02 -2.393061E-02 -2.393074E-02 -1.667517E-07  1.879456E-08  2.805518E-17
        14   5  5.265544E-02 -2.393045E-02 -2.393065E-02  1.667517E-07 -1.879456E-08 -3.914406E-18
        14   6  5.265544E-02 -2.393061E-02 -2.393074E-02  1.667517E-07 -1.879456E-08 -2.523185E-17
        14   7  5.265544E-02 -2.393045E-02 -2.393065E-02 -1.667517E-07 -1.879456E-08 -1.375353E-18
        14   8  5.265544E-02 -2.393061E-02 -2.393074E-02 -1.667517E-07 -1.879456E-08  2.121164E-17
        15   1  5.265579E-02 -2.393070E-02 -2.393079E-02  6.703457E-08  7.555458E-09 -2.404166E-17
        15   2  5.265579E-02 -2.393077E-02 -2.393083E-02  6.703456E-08  7.555457E-09 -2.911315E-17
        15   3  5.265579E-02 -2.393070E-02 -2.393079E-02 -6.703457E-08  7.555457E-09  3.266383E-17
        15   4  5.265579E-02 -2.393077E-02 -2.393083E-02 -6.703456E-08  7.555457E-09  1.792543E-17
        15   5  5.265579E-02 -2.393070E-02 -2.393079E-02  6.703457E-08 -7.555457E-09 -3.025705E-17
        15   6  5.265579E-02 -2.393077E-02 -2.393083E-02  6.703456E-08 -7.555457E-09 -1.869907E-17
        15   7  5.265579E-02 -2.393070E-02 -2.393079E-02 -6.703457E-08 -7.555458E-09  2.644844E-17
        15   8  5.265579E-02 -2.393077E-02 -2.393083E-02 -6.703456E-08 -7.555457E-09  2.240183E-17
        16   1  5.265592E-02 -2.393080E-02 -2.393084E-02  1.785715E-08  2.012677E-09 -2.475576E-17
        16   2  5.265592E-02 -2.393082E-02 -2.393085E-02  1.785715E-08  2.012677E-09 -1.356806E-17
        16   3  5.265592E-02 -2.393080E-02 -2.393084E-02 -1.785715E-08  2.012677E-09  1.333001E-17
        16   4  5.265592E-02 -2.393082E-02 -2.393085E-02 -1.785715E-08  2.012677E-09  1.074468E-17
        16   5  5.265592E-02 -2.393080E-02 -2.393084E-02  1.785715E-08 -2.012677E-09 -1.629226E-17
        16   6  5.265592E-02 -2.393082E-02 -2.393085E-02  1.785715E-08 -2.012677E-09 -1.380610E-17
        16   7  5.265592E-02 -2.393080E-02 -2.393084E-02 -1.785715E-08 -2.012677E-09  2.179352E-17
        16   8  5.265592E-02 -2.393082E-02 -2.393085E-02 -1.785715E-08 -2.012677E-09  1.068517E-17

                                INCREMENT     7


 forces (fx,fy,fz) for set RIGHT and time  0.5750000E+00

        65  1.454529E+00 -3.756265E-14 -1.907869E-13
        66  1.454529E+00  3.773054E-14 -1.906237E-13
        67  1.454529E+00  3.813310E-14  1.911665E-13
        68  1.454529E+00 -3.831904E-14  1.893197E-13

 displacements (vx,vy,vz) for set RIGHT and time  0.5750000E+00

        65  1.150000E+00  7.276675E-02  1.455337E-02
        66  1.150000E+00 -7.276675E-02  1.455337E-02
        67  1.150000E+00 -7.276675E-02 -1.455337E-02
        68  1.150000E+00  7.276675E-02 -1.455337E-02

 stresses (elem, integ.pnt.,sxx,syy,szz,sxy,sxz,syz) for set ALL and time  0.5750000E+00

         1   1  4.370034E+00  4.072338E+00  4.057222E+00  1.101435E-01  2.955361E-02  4.794431E-04
         1   2 -2.066173E+00 -2.484510E+00 -2.537605E+00  1.137887E-01  3.053170E-02  4.953104E-04
         1   3  4.370034E+00  4.072338E+00  4.057222E+00 -1.101435E-01  2.955361E-02 -4.794431E-04
         1   4 -2.066173E+00 -2.484510E+00 -2.537605E+00 -1.137887E-01  3.053170E-02 -4.953104E-04
         1   5  4.370034E+00  4.072338E+00  4.057222E+00  1.101435E-01 -2.955361E-02 -4.794431E-04
         1   6 -2.066173E+00 -2.484510E+00 -2.537605E+00  1.137887E-01 -3.053170E-02 -4.953104E-04
         1   7  4.370034E+00  4.072338E+00  4.057222E+00 -1.101435E-01 -2.955361E-02  4.794431E-04
         1   8 -2.066173E+00 -2.484510E+00 -2.537605E+00 -1.137887E-01 -3.053170E-02  4.953104E-04
         2   1  2.572061E+00  1.771240E+00  1.713215E+00  6.472820E-02  9.484480E-03  8.537755E-05
         2   2 -1.587234E-01 -1.032426E+00 -1.074583E+00  6.563055E-02  9.616699E-03  8.656776E-05
         2   3  2.572061E+00  1.771240E+00  1.713215E+00 -6.472820E-02  9.484480E-03 -8.537755E-05
         2   4 -1.587234E-01 -1.032426E+00 -1.074583E+00 -6.563055E-02  9.616699E-03 -8.656776E-05
         2   5  2.572061E+00  1.771240E+00  1.713215E+00  6.472820E-02 -9.484480E-03 -8.537755E-05
         2   6 -1.587234E-01 -1.032426E+00 -1.074583E+00  6.563055E-02 -9.616699E-03 -8.656776E-05
         2   7  2.572061E+00  1.771240E+00  1.713215E+00 -6.472820E-02 -9.484480E-03  8.537755E-05
         2   8 -1.587234E-01 -1.032426E+00 -1.074583E+00 -6.563055E-02 -9.616699E-03  8.656776E-05
         3   1  1.809976E+00  7.664459E-01  7.351980E-01  3.027284E-02  3.673337E-03  1.509209E-05
         3   2  6.377121E-01 -4.402270E-01 -4.605423E-01  3.045346E-02  3.695253E-03  1.518213E-05
         3   3  1.809976E+00  7.664459E-01  7.351980E-01 -3.027284E-02  3.673337E-03 -1.509209E-05
         3   4  6.377121E-01 -4.402270E-01 -4.605423E-01 -3.045346E-02  3.695253E-03 -1.518213E-05
         3   5  1.809976E+00  7.664459E-01  7.351980E-01  3.027284E-02 -3.673337E-03 -1.509209E-05
         3   6  6.377121E-01 -4.402270E-01 -4.605423E-01  3.045346E-02 -3.695253E-03 -1.518213E-05
         3   7  1.809976E+00  7.664459E-01  7.351980E-01 -3.027284E-02 -3.673337E-03  1.509209E-05
         3   8  6.377121E-01 -4.402270E-01 -4.605423E-01 -3.045346E-02 -3.695253E-03  1.518213E-05
         4   1  1.482314E+00  3.306319E-01  3.164560E-01  1.334997E-02  1.533564E-03  2.749563E-06
         4   2  9.779409E-01 -1.889935E-01 -1.979641E-01  1.338420E-02  1.537496E-03  2.756613E-06
         4   3  1.482314E+00  3.306319E-01  3.164560E-01 -1.334997E-02  1.533564E-03 -2.749563E-06
         4   4  9.779409E-01 -1.889935E-01 -1.979641E-01 -1.338420E-02  1.537496E-03 -2.756613E-06
         4   5  1.482314E+00  3.306319E-01  3.164560E-01  1.334997E-02 -1.533564E-03 -2.749563E-06
         4   6  9.779409E-01 -1.889935E-01 -1.979641E-01  1.338420E-02 -1.537496E-03 -2.756613E-06
         4   7  1.482314E+00  3.306319E-01  3.164560E-01 -1.334997E-02 -1.533564E-03  2.749563E-06
         4   8  9.779409E-01 -1.889935E-01 -1.979641E-01 -1.338420E-02 -1.537496E-03  2.756613E-06
         5   1  1.341144E+00  1.423957E-01  1.362163E-01  5.786510E-03  6.547942E-04  5.065744E-07
         5   2  1.124115E+00 -8.126158E-02 -8.514217E-02  5.792890E-03  6.555162E-04  5.071330E-07
         5   3  1.341144E+00  1.423957E-01  1.362163E-01 -5.786510E-03  6.547942E-04 -5.065744E-07
         5   4  1.124115E+00 -8.126158E-02 -8.514217E-02 -5.792890E-03  6.555162E-04 -5.071330E-07
         5   5  1.341144E+00  1.423957E-01  1.362163E-01  5.786510E-03 -6.547942E-04 -5.065744E-07
         5   6  1.124115E+00 -8.126158E-02 -8.514217E-02  5.792890E-03 -6.555162E-04 -5.071330E-07
         5   7  1.341144E+00  1.423957E-01  1.362163E-01 -5.786510E-03 -6.547942E-04  5.065744E-07
         5   8  1.124115E+00 -8.126158E-02 -8.514217E-02 -5.792890E-03 -6.555162E-04  5.071330E-07
         6   1  1.280351E+00  6.127761E-02  5.861124E-02  2.494893E-03  2.811946E-04  9.361328E-08
         6   2  1.186986E+00 -3.494902E-02 -3.661963E-02  2.496076E-03  2.813280E-04  9.365767E-08
         6   3  1.280351E+00  6.127761E-02  5.861124E-02 -2.494893E-03  2.811946E-04 -9.361328E-08
         6   4  1.186986E+00 -3.494902E-02 -3.661963E-02 -2.496076E-03  2.813280E-04 -9.365767E-08
         6   5  1.280351E+00  6.127761E-02  5.861124E-02  2.494893E-03 -2.811946E-04 -9.361328E-08
         6   6  1.186986E+00 -3.494902E-02 -3.661963E-02  2.496076E-03 -2.813280E-04 -9.365767E-08
         6   7  1.280351E+00  6.127761E-02  5.861124E-02 -2.494893E-03 -2.811946E-04  9.361328E-08
         6   8  1.186986E+00 -3.494902E-02 -3.661963E-02 -2.496076E-03 -2.813280E-04  9.365767E-08
         7   1  1.254188E+00  2.636000E-02  2.521246E-02  1.073869E-03  1.209101E-04  1.731130E-08
         7   2  1.214030E+00 -1.503084E-02 -1.574932E-02  1.074088E-03  1.209348E-04  1.731483E-08
         7   3  1.254188E+00  2.636000E-02  2.521246E-02 -1.073869E-03  1.209101E-04 -1.731130E-08
         7   4  1.214030E+00 -1.503084E-02 -1.574932E-02 -1.074088E-03  1.209348E-04 -1.731483E-08
         7   5  1.254188E+00  2.636000E-02  2.521246E-02  1.073869E-03 -1.209101E-04 -1.731130E-08
         7   6  1.214030E+00 -1.503084E-02 -1.574932E-02  1.074088E-03 -1.209348E-04 -1.731483E-08
         7   7  1.254188E+00  2.636000E-02  2.521246E-02 -1.073869E-03 -1.209101E-04  1.731130E-08
         7   8  1.214030E+00 -1.503084E-02 -1.574932E-02 -1.074088E-03 -1.209348E-04  1.731483E-08
         8   1  1.242933E+00  1.133747E-02  1.084391E-02  4.619600E-04  5.200054E-05  3.201636E-09
         8   2  1.225661E+00 -6.464230E-03 -6.773181E-03  4.620005E-04  5.200511E-05  3.201916E-09
         8   3  1.242933E+00  1.133747E-02  1.084391E-02 -4.619600E-04  5.200054E-05 -3.201636E-09
         8   4  1.225661E+00 -6.464230E-03 -6.773181E-03 -4.620005E-04  5.200511E-05 -3.201916E-09
         8   5  1.242933E+00  1.133747E-02  1.084391E-02  4.619600E-04 -5.200054E-05 -3.201636E-09
         8   6  1.225661E+00 -6.464230E-03 -6.773181E-03  4.620005E-04 -5.200511E-05 -3.201917E-09
         8   7  1.242933E+00  1.133747E-02  1.084391E-02 -4.619600E-04 -5.200054E-05  3.201636E-09
         8   8  1.225661E+00 -6.464230E-03 -6.773181E-03 -4.620005E-04 -5.200511E-05  3.201917E-09
         9   1  1.238091E+00  4.875897E-03  4.663638E-03  1.986872E-04  2.236402E-05  5.921231E-10
         9   2  1.230664E+00 -2.779962E-03 -2.912816E-03  1.986947E-04  2.236486E-05  5.921463E-10
         9   3  1.238091E+00  4.875897E-03  4.663638E-03 -1.986872E-04  2.236402E-05 -5.921232E-10
         9   4  1.230664E+00 -2.779962E-03 -2.912816E-03 -1.986947E-04  2.236486E-05 -5.921464E-10
         9   5  1.238091E+00  4.875897E-03  4.663638E-03  1.986872E-04 -2.236402E-05 -5.921239E-10
         9   6  1.230664E+00 -2.779962E-03 -2.912816E-03  1.986947E-04 -2.236486E-05 -5.921452E-10
         9   7  1.238091E+00  4.875897E-03  4.663638E-03 -1.986872E-04 -2.236402E-05  5.921238E-10
         9   8  1.230664E+00 -2.779962E-03 -2.912816E-03 -1.986947E-04 -2.236486E-05  5.921453E-10
        10   1  1.236009E+00  2.096891E-03  2.005610E-03  8.544730E-05  9.617775E-06  1.095063E-10
        10   2  1.232815E+00 -1.195492E-03 -1.252625E-03  8.544868E-05  9.617931E-06  1.095075E-10
        10   3  1.236009E+00  2.096891E-03  2.005610E-03 -8.544730E-05  9.617775E-06 -1.095063E-10
        10   4  1.232815E+00 -1.195492E-03 -1.252625E-03 -8.544868E-05  9.617931E-06 -1.095074E-10
        10   5  1.236009E+00  2.096891E-03  2.005610E-03  8.544730E-05 -9.617775E-06 -1.095051E-10
        10   6  1.232815E+00 -1.195492E-03 -1.252625E-03  8.544868E-05 -9.617931E-06 -1.095074E-10
        10   7  1.236009E+00  2.096891E-03  2.005610E-03 -8.544730E-05 -9.617775E-06  1.095051E-10
        10   8  1.232815E+00 -1.195492E-03 -1.252625E-03 -8.544868E-05 -9.617931E-06  1.095075E-10
        11   1  1.235114E+00  9.017284E-04  8.624718E-04  3.674411E-05  4.135843E-06  2.024876E-11
        11   2  1.233740E+00 -5.140498E-04 -5.386219E-04  3.674436E-05  4.135872E-06  2.024899E-11
        11   3  1.235114E+00  9.017284E-04  8.624718E-04 -3.674411E-05  4.135843E-06 -2.024868E-11
        11   4  1.233740E+00 -5.140498E-04 -5.386219E-04 -3.674436E-05  4.135872E-06 -2.024891E-11
        11   5  1.235114E+00  9.017284E-04  8.624718E-04  3.674411E-05 -4.135843E-06 -2.024919E-11
        11   6  1.233740E+00 -5.140498E-04 -5.386219E-04  3.674436E-05 -4.135872E-06 -2.024924E-11
        11   7  1.235114E+00  9.017284E-04  8.624718E-04 -3.674411E-05 -4.135843E-06  2.024918E-11
        11   8  1.233740E+00 -5.140498E-04 -5.386219E-04 -3.674436E-05 -4.135872E-06  2.024934E-11
        12   1  1.234729E+00  3.876950E-04  3.708087E-04  1.579527E-05  1.777886E-06  3.741637E-12
        12   2  1.234138E+00 -2.209061E-04 -2.314800E-04  1.579532E-05  1.777891E-06  3.741573E-12
        12   3  1.234729E+00  3.876950E-04  3.708087E-04 -1.579527E-05  1.777886E-06 -3.741617E-12
        12   4  1.234138E+00 -2.209061E-04 -2.314800E-04 -1.579532E-05  1.777891E-06 -3.741723E-12
        12   5  1.234729E+00  3.876950E-04  3.708087E-04  1.579527E-05 -1.777886E-06 -3.741811E-12
        12   6  1.234138E+00 -2.209061E-04 -2.314800E-04  1.579532E-05 -1.777891E-06 -3.741964E-12
        12   7  1.234729E+00  3.876950E-04  3.708087E-04 -1.579527E-05 -1.777886E-06  3.741914E-12
        12   8  1.234138E+00 -2.209061E-04 -2.314800E-04 -1.579532E-05 -1.777891E-06  3.741802E-12
        13   1  1.234563E+00  1.665159E-04  1.592439E-04  6.777633E-06  7.628782E-07  6.886010E-13
        13   2  1.234310E+00 -9.462991E-05 -9.919326E-05  6.777641E-06  7.628792E-07  6.882544E-13
        13   3  1.234563E+00  1.665159E-04  1.592439E-04 -6.777633E-06  7.628782E-07 -6.887957E-13
        13   4  1.234310E+00 -9.462991E-05 -9.919326E-05 -6.777641E-06  7.628792E-07 -6.883816E-13
        13   5  1.234563E+00  1.665159E-04  1.592439E-04  6.777633E-06 -7.628782E-07 -6.892424E-13
        13   6  1.234310E+00 -9.462991E-05 -9.919326E-05  6.777641E-06 -7.628792E-07 -6.895402E-13
        13   7  1.234563E+00  1.665159E-04  1.592439E-04 -6.777633E-06 -7.628782E-07  6.890940E-13
        13   8  1.234310E+00 -9.462991E-05 -9.919326E-05 -6.777641E-06 -7.628792E-07  6.895227E-13
        14   1  1.234491E+00  7.111919E-05  6.796850E-05  2.879654E-06  3.241289E-07  1.236683E-13
        14   2  1.234384E+00 -3.983533E-05 -4.183520E-05  2.879656E-06  3.241290E-07  1.239463E-13
        14   3  1.234491E+00  7.111919E-05  6.796850E-05 -2.879654E-06  3.241289E-07 -1.238419E-13
        14   4  1.234384E+00 -3.983533E-05 -4.183520E-05 -2.879656E-06  3.241290E-07 -1.241008E-13
        14   5  1.234491E+00  7.111919E-05  6.796850E-05  2.879654E-06 -3.241289E-07 -1.249890E-13
        14   6  1.234384E+00 -3.983533E-05 -4.183520E-05  2.879656E-06 -3.241290E-07 -1.247313E-13
        14   7  1.234491E+00  7.111919E-05  6.796850E-05 -2.879654E-06 -3.241289E-07  1.250296E-13
        14   8  1.234384E+00 -3.983533E-05 -4.183520E-05 -2.879656E-06 -3.241290E-07  1.247481E-13
        15   1  1.234460E+00  2.944457E-05  2.803516E-05  1.156907E-06  1.302195E-07  1.982742E-14
        15   2  1.234416E+00 -1.513163E-05 -1.607870E-05  1.156908E-06  1.302195E-07  1.986857E-14
        15   3  1.234460E+00  2.944457E-05  2.803516E-05 -1.156907E-06  1.302195E-07 -1.989185E-14
        15   4  1.234416E+00 -1.513163E-05 -1.607870E-05 -1.156908E-06  1.302195E-07 -1.992231E-14
        15   5  1.234460E+00  2.944457E-05  2.803516E-05  1.156907E-06 -1.302195E-07 -2.021466E-14
        15   6  1.234416E+00 -1.513163E-05 -1.607870E-05  1.156908E-06 -1.302195E-07 -2.015164E-14
        15   7  1.234460E+00  2.944457E-05  2.803516E-05 -1.156907E-06 -1.302195E-07  2.035751E-14
        15   8  1.234416E+00 -1.513163E-05 -1.607870E-05 -1.156908E-06 -1.302195E-07  2.031410E-14
        16   1  1.234444E+00  1.001185E-05  9.279078E-06  3.080665E-07  3.467544E-08  1.217466E-15
        16   2  1.234432E+00 -1.858103E-06 -2.467759E-06  3.080665E-07  3.467544E-08  1.183154E-15
        16   3  1.234444E+00  1.001185E-05  9.279078E-06 -3.080665E-07  3.467544E-08 -1.136236E-15
        16   4  1.234432E+00 -1.858103E-06 -2.467759E-06 -3.080665E-07  3.467544E-08 -1.069363E-15
        16   5  1.234444E+00  1.001185E-05  9.279078E-06  3.080665E-07 -3.467544E-08 -1.601203E-15
        16   6  1.234432E+00 -1.858103E-06 -2.467759E-06  3.080665E-07 -3.467544E-08 -1.720246E-15
        16   7  1.234444E+00  1.001185E-05  9.279078E-06 -3.080665E-07 -3.467544E-08  1.762262E-15
        16   8  1.234432E+00 -1.858103E-06 -2.467759E-06 -3.080665E-07 -3.467544E-08  1.748257E-15

 strains (elem, integ.pnt.,exx,eyy,ezz,exy,exz,eyz) for set ALL and time  0.5750000E+00

         1   1  2.005710E-02 -3.022936E-03 -4.053459E-03  8.246295E-03  2.210344E-03 -5.293570E-18
         1   2  2.005710E-02 -1.123502E-02 -1.504361E-02  8.177880E-03  2.185716E-03 -2.036642E-17
         1   3  2.005710E-02 -3.022936E-03 -4.053459E-03 -8.246295E-03  2.210344E-03  6.514883E-19
         1   4  2.005710E-02 -1.123502E-02 -1.504361E-02 -8.177880E-03  2.185716E-03  3.216518E-18
         1   5  2.005710E-02 -3.022936E-03 -4.053459E-03  8.246295E-03 -2.210344E-03 -1.007896E-18
         1   6  2.005710E-02 -1.123502E-02 -1.504361E-02  8.177880E-03 -2.185716E-03 -5.257517E-18
         1   7  2.005710E-02 -3.022936E-03 -4.053459E-03 -8.246295E-03 -2.210344E-03  4.288611E-18
         1   8  2.005710E-02 -1.123502E-02 -1.504361E-02 -8.177880E-03 -2.185716E-03  1.832542E-17
         2   1  4.484709E-02 -1.591731E-02 -2.027039E-02  4.622845E-03  6.743227E-04 -1.304594E-17
         2   2  4.484709E-02 -2.052912E-02 -2.363608E-02  4.600771E-03  6.719531E-04  2.353806E-17
         2   3  4.484709E-02 -1.591731E-02 -2.027039E-02 -4.622845E-03  6.743227E-04 -6.324590E-18
         2   4  4.484709E-02 -2.052912E-02 -2.363608E-02 -4.600771E-03  6.719531E-04 -3.188361E-17
         2   5  4.484709E-02 -1.591731E-02 -2.027039E-02  4.622845E-03 -6.743227E-04  2.051359E-18
         2   6  4.484709E-02 -2.052912E-02 -2.363608E-02  4.600771E-03 -6.719531E-04  3.646909E-17
         2   7  4.484709E-02 -1.591731E-02 -2.027039E-02 -4.622845E-03 -6.743227E-04  1.101252E-17
         2   8  4.484709E-02 -2.052912E-02 -2.363608E-02 -4.600771E-03 -6.719531E-04 -2.388902E-17
         3   1  5.573772E-02 -2.298623E-02 -2.533376E-02  2.115365E-03  2.560480E-04  4.346924E-17
         3   2  5.573772E-02 -2.509925E-02 -2.661314E-02  2.110674E-03  2.557027E-04  5.820759E-17
         3   3  5.573772E-02 -2.298623E-02 -2.533376E-02 -2.115365E-03  2.560480E-04 -4.704802E-17
         3   4  5.573772E-02 -2.509925E-02 -2.661314E-02 -2.110674E-03  2.557027E-04 -4.963554E-17
         3   5  5.573772E-02 -2.298623E-02 -2.533376E-02  2.115365E-03 -2.560480E-04  5.078466E-17
         3   6  5.573772E-02 -2.509925E-02 -2.661314E-02  2.110674E-03 -2.557027E-04  5.220975E-17
         3   7  5.573772E-02 -2.298623E-02 -2.533376E-02 -2.115365E-03 -2.560480E-04 -4.314777E-17
         3   8  5.573772E-02 -2.509925E-02 -2.661314E-02 -2.110674E-03 -2.557027E-04 -5.345450E-17
         4   1  6.048548E-02 -2.620974E-02 -2.727503E-02  9.239241E-04  1.060154E-04  4.612835E-17
         4   2  6.048548E-02 -2.713321E-02 -2.780496E-02  9.230232E-04  1.059560E-04  1.114548E-17
         4   3  6.048548E-02 -2.620974E-02 -2.727503E-02 -9.239241E-04  1.060154E-04 -4.083686E-17
         4   4  6.048548E-02 -2.713321E-02 -2.780496E-02 -9.230232E-04  1.059560E-04 -5.711642E-19
         4   5  6.048548E-02 -2.620974E-02 -2.727503E-02  9.239241E-04 -1.060154E-04  4.194165E-17
         4   6  6.048548E-02 -2.713321E-02 -2.780496E-02  9.230232E-04 -1.059560E-04  7.268682E-19
         4   7  6.048548E-02 -2.620974E-02 -2.727503E-02 -9.239241E-04 -1.060154E-04 -4.829543E-17
         4   8  6.048548E-02 -2.713321E-02 -2.780496E-02 -9.230232E-04 -1.059560E-04 -1.052852E-17
         5   1  6.254164E-02 -2.761698E-02 -2.808141E-02  3.988070E-04  4.510631E-05 -1.328276E-17
         5   2  6.254164E-02 -2.801571E-02 -2.830691E-02  3.986387E-04  4.509553E-05 -1.620332E-17
         5   3  6.254164E-02 -2.761698E-02 -2.808141E-02 -3.988070E-04  4.510631E-05  1.538154E-17
         5   4  6.254164E-02 -2.801571E-02 -2.830691E-02 -3.986387E-04  4.509553E-05  1.887453E-17
         5   5  6.254164E-02 -2.761698E-02 -2.808141E-02  3.988070E-04 -4.510631E-05 -2.026098E-17
         5   6  6.254164E-02 -2.801571E-02 -2.830691E-02  3.986387E-04 -4.509553E-05 -2.627643E-17
         5   7  6.254164E-02 -2.761698E-02 -2.808141E-02 -3.988070E-04 -4.510631E-05  8.403317E-18
         5   8  6.254164E-02 -2.801571E-02 -2.830691E-02 -3.986387E-04 -4.509553E-05  1.796600E-17
         6   1  6.342884E-02 -2.822443E-02 -2.842484E-02  1.716397E-04  1.934107E-05 -2.226290E-17
         6   2  6.342884E-02 -2.839606E-02 -2.852154E-02  1.716085E-04  1.933908E-05  1.534996E-17
         6   3  6.342884E-02 -2.822443E-02 -2.842484E-02 -1.716397E-04  1.934107E-05  1.322846E-17
         6   4  6.342884E-02 -2.839606E-02 -2.852154E-02 -1.716085E-04  1.933908E-05  3.951616E-18
         6   5  6.342884E-02 -2.822443E-02 -2.842484E-02  1.716397E-04 -1.934107E-05 -2.076175E-17
         6   6  6.342884E-02 -2.839606E-02 -2.852154E-02  1.716085E-04 -1.933908E-05  2.203031E-18
         6   7  6.342884E-02 -2.822443E-02 -2.842484E-02 -1.716397E-04 -1.934107E-05  1.809971E-17
         6   8  6.342884E-02 -2.839606E-02 -2.852154E-02 -1.716085E-04 -1.933908E-05 -1.074845E-17
         7   1  6.381096E-02 -2.848589E-02 -2.857214E-02  7.382122E-05  8.310988E-06  1.370715E-17
         7   2  6.381096E-02 -2.855971E-02 -2.861369E-02  7.381544E-05  8.310622E-06  5.590199E-18
         7   3  6.381096E-02 -2.848589E-02 -2.857214E-02 -7.382122E-05  8.310988E-06 -6.118133E-19
         7   4  6.381096E-02 -2.855971E-02 -2.861369E-02 -7.381544E-05  8.310622E-06 -1.846588E-17
         7   5  6.381096E-02 -2.848589E-02 -2.857214E-02  7.382122E-05 -8.310988E-06  5.996158E-18
         7   6  6.381096E-02 -2.855971E-02 -2.861369E-02  7.381544E-05 -8.310622E-06  6.208589E-18
         7   7  6.381096E-02 -2.848589E-02 -2.857214E-02 -7.382122E-05 -8.310988E-06 -1.421885E-17
         7   8  6.381096E-02 -2.855971E-02 -2.861369E-02 -7.381544E-05 -8.310622E-06 -2.053208E-17
         8   1  6.397540E-02 -2.859835E-02 -2.863544E-02  3.174605E-05  3.573355E-06 -9.818429E-18
         8   2  6.397540E-02 -2.863009E-02 -2.865331E-02  3.174498E-05  3.573287E-06 -3.789851E-17
         8   3  6.397540E-02 -2.859835E-02 -2.863544E-02 -3.174605E-05  3.573355E-06 -9.081507E-18
         8   4  6.397540E-02 -2.863009E-02 -2.865331E-02 -3.174498E-05  3.573287E-06  3.339585E-17
         8   5  6.397540E-02 -2.859835E-02 -2.863544E-02  3.174605E-05 -3.573355E-06 -8.950152E-18
         8   6  6.397540E-02 -2.863009E-02 -2.865331E-02  3.174498E-05 -3.573287E-06 -3.981975E-17
         8   7  6.397540E-02 -2.859835E-02 -2.863544E-02 -3.174605E-05 -3.573355E-06  3.682719E-18
         8   8  6.397540E-02 -2.863009E-02 -2.865331E-02 -3.174498E-05 -3.573287E-06  3.689605E-17
         9   1  6.404613E-02 -2.864671E-02 -2.866266E-02  1.365190E-05  1.536617E-06 -2.552853E-17
         9   2  6.404613E-02 -2.866036E-02 -2.867034E-02  1.365170E-05  1.536605E-06  4.032974E-17
         9   3  6.404613E-02 -2.864671E-02 -2.866266E-02 -1.365190E-05  1.536617E-06  2.342134E-17
         9   4  6.404613E-02 -2.866036E-02 -2.867034E-02 -1.365170E-05  1.536605E-06 -4.209432E-17
         9   5  6.404613E-02 -2.864671E-02 -2.866266E-02  1.365190E-05 -1.536617E-06 -2.873925E-17
         9   6  6.404613E-02 -2.866036E-02 -2.867034E-02  1.365170E-05 -1.536605E-06  4.655360E-17
         9   7  6.404613E-02 -2.864671E-02 -2.866266E-02 -1.365190E-05 -1.536617E-06  2.200018E-17
         9   8  6.404613E-02 -2.866036E-02 -2.867034E-02 -1.365170E-05 -1.536605E-06 -3.955481E-17
        10   1  6.407656E-02 -2.866751E-02 -2.867437E-02  5.870766E-06  6.607967E-07  4.363237E-17
        10   2  6.407656E-02 -2.867338E-02 -2.867767E-02  5.870729E-06  6.607944E-07  3.210343E-18
        10   3  6.407656E-02 -2.866751E-02 -2.867437E-02 -5.870766E-06  6.607967E-07 -4.981770E-17
        10   4  6.407656E-02 -2.867338E-02 -2.867767E-02 -5.870729E-06  6.607944E-07  1.710308E-18
        10   5  6.407656E-02 -2.866751E-02 -2.867437E-02  5.870766E-06 -6.607967E-07  4.557976E-17
        10   6  6.407656E-02 -2.867338E-02 -2.867767E-02  5.870729E-06 -6.607944E-07  4.997473E-19
        10   7  6.407656E-02 -2.866751E-02 -2.867437E-02 -5.870766E-06 -6.607967E-07 -4.452811E-17
        10   8  6.407656E-02 -2.867338E-02 -2.867767E-02 -5.870729E-06 -6.607944E-07  3.131386E-18
        11   1  6.408964E-02 -2.867645E-02 -2.867940E-02  2.524484E-06  2.841500E-07 -1.589521E-17
        11   2  6.408964E-02 -2.867897E-02 -2.868082E-02  2.524477E-06  2.841496E-07 -9.539730E-18
        11   3  6.408964E-02 -2.867645E-02 -2.867940E-02 -2.524484E-06  2.841500E-07  2.205290E-17
        11   4  6.408964E-02 -2.867897E-02 -2.868082E-02 -2.524477E-06  2.841496E-07  1.560543E-17
        11   5  6.408964E-02 -2.867645E-02 -2.867940E-02  2.524484E-06 -2.841500E-07 -1.578994E-17
        11   6  6.408964E-02 -2.867897E-02 -2.868082E-02  2.524477E-06 -2.841496E-07 -9.526572E-18
        11   7  6.408964E-02 -2.867645E-02 -2.867940E-02 -2.524484E-06 -2.841500E-07  1.526329E-17
        11   8  6.408964E-02 -2.867897E-02 -2.868082E-02 -2.524477E-06 -2.841496E-07  1.639492E-17
        12   1  6.409527E-02 -2.868029E-02 -2.868156E-02  1.085193E-06  1.221471E-07 -9.842317E-18
        12   2  6.409527E-02 -2.868138E-02 -2.868217E-02  1.085192E-06  1.221471E-07 -1.551341E-17
        12   3  6.409527E-02 -2.868029E-02 -2.868156E-02 -1.085193E-06  1.221471E-07  1.131590E-17
        12   4  6.409527E-02 -2.868138E-02 -2.868217E-02 -1.085192E-06  1.221471E-07  4.236872E-18
        12   5  6.409527E-02 -2.868029E-02 -2.868156E-02  1.085193E-06 -1.221471E-07 -3.263268E-18
        12   6  6.409527E-02 -2.868138E-02 -2.868217E-02  1.085192E-06 -1.221471E-07 -1.389496E-17
        12   7  6.409527E-02 -2.868029E-02 -2.868156E-02 -1.085193E-06 -1.221471E-07  1.094748E-17
        12   8  6.409527E-02 -2.868138E-02 -2.868217E-02 -1.085192E-06 -1.221471E-07  1.684205E-18
        13   1  6.409768E-02 -2.868195E-02 -2.868249E-02  4.656460E-07  5.241225E-08 -2.494773E-17
        13   2  6.409768E-02 -2.868241E-02 -2.868276E-02  4.656458E-07  5.241224E-08 -5.106648E-17
        13   3  6.409768E-02 -2.868195E-02 -2.868249E-02 -4.656460E-07  5.241225E-08  1.031591E-17
        13   4  6.409768E-02 -2.868241E-02 -2.868276E-02 -4.656458E-07  5.241224E-08  4.150053E-17
        13   5  6.409768E-02 -2.868195E-02 -2.868249E-02  4.656460E-07 -5.241225E-08 -2.326350E-17
        13   6  6.409768E-02 -2.868241E-02 -2.868276E-02  4.656458E-07 -5.241224E-08 -4.557957E-17
        13   7  6.409768E-02 -2.868195E-02 -2.868249E-02 -4.656460E-07 -5.241225E-08  1.210541E-17
        13   8  6.409768E-02 -2.868241E-02 -2.868276E-02 -4.656458E-07 -5.241224E-08  4.426372E-17
        14   1  6.409872E-02 -2.868266E-02 -2.868289E-02  1.978414E-07  2.226868E-08 -5.242174E-17
        14   2  6.409872E-02 -2.868285E-02 -2.868300E-02  1.978414E-07  2.226868E-08 -3.152673E-17
        14   3  6.409872E-02 -2.868266E-02 -2.868289E-02 -1.978414E-07  2.226868E-08  3.936891E-17
        14   4  6.409872E-02 -2.868285E-02 -2.868300E-02 -1.978414E-07  2.226868E-08  1.992129E-17
        14   5  6.409872E-02 -2.868266E-02 -2.868289E-02  1.978414E-07 -2.226868E-08 -4.684273E-17
        14   6  6.409872E-02 -2.868285E-02 -2.868300E-02  1.978414E-07 -2.226868E-08 -2.747405E-17
        14   7  6.409872E-02 -2.868266E-02 -2.868289E-02 -1.978414E-07 -2.226868E-08  4.989536E-17
        14   8  6.409872E-02 -2.868285E-02 -2.868300E-02 -1.978414E-07 -2.226868E-08  2.873719E-17
        15   1  6.409915E-02 -2.868296E-02 -2.868306E-02  7.948316E-08  8.946487E-09 -1.847393E-17
        15   2  6.409915E-02 -2.868303E-02 -2.868311E-02  7.948316E-08  8.946487E-09 -1.538179E-17
        15   3  6.409915E-02 -2.868296E-02 -2.868306E-02 -7.948316E-08  8.946487E-09  1.363173E-17
        15   4  6.409915E-02 -2.868303E-02 -2.868311E-02 -7.948316E-08  8.946487E-09  1.134223E-17
        15   5  6.409915E-02 -2.868296E-02 -2.868306E-02  7.948316E-08 -8.946487E-09 -1.063173E-17
        15   6  6.409915E-02 -2.868303E-02 -2.868311E-02  7.948316E-08 -8.946487E-09 -5.894826E-18
        15   7  6.409915E-02 -2.868296E-02 -2.868306E-02 -7.948316E-08 -8.946487E-09  2.136867E-17
        15   8  6.409915E-02 -2.868303E-02 -2.868311E-02 -7.948316E-08 -8.946487E-09  1.810547E-17
        16   1  6.409931E-02 -2.868307E-02 -2.868313E-02  2.116513E-08  2.382310E-09 -1.547389E-17
        16   2  6.409931E-02 -2.868309E-02 -2.868314E-02  2.116513E-08  2.382310E-09 -1.805287E-17
        16   3  6.409931E-02 -2.868307E-02 -2.868313E-02 -2.116513E-08  2.382311E-09  2.157920E-17
        16   4  6.409931E-02 -2.868309E-02 -2.868314E-02 -2.116513E-08  2.382311E-09  2.660558E-17
        16   5  6.409931E-02 -2.868307E-02 -2.868313E-02  2.116513E-08 -2.382311E-09 -1.336860E-17
        16   6  6.409931E-02 -2.868309E-02 -2.868314E-02  2.116513E-08 -2.382311E-09 -2.231608E-17
        16   7  6.409931E-02 -2.868307E-02 -2.868313E-02 -2.116513E-08 -2.382311E-09  2.547399E-17
        16   8  6.409931E-02 -2.868309E-02 -2.868314E-02 -2.116513E-08 -2.382310E-09  2.442134E-17

                                INCREMENT     8


 forces (fx,fy,fz) for set RIGHT and time  0.6750000E+00

        65  1.691412E+00 -3.606556E-14 -1.896276E-13
        66  1.691412E+00  3.604598E-14 -2.107347E-13
        67  1.691412E+00  4.480798E-14  2.116073E-13
        68  1.691412E+00 -4.450422E-14  1.896600E-13

 displacements (vx,vy,vz) for set RIGHT and time  0.6750000E+00

        65  1.350000E+00  8.479341E-02  1.695871E-02
        66  1.350000E+00 -8.479341E-02  1.695871E-02
        67  1.350000E+00 -8.479341E-02 -1.695871E-02
        68  1.350000E+00  8.479341E-02 -1.695871E-02

 stresses (elem, integ.pnt.,sxx,syy,szz,sxy,sxz,syz) for set ALL and time  0.6750000E+00

         1   1  5.093764E+00  4.747488E+00  4.729646E+00  1.283672E-01  3.442819E-02  6.489597E-04
         1   2 -2.419545E+00 -2.908484E+00 -2.970595E+00  1.333388E-01  3.576157E-02  6.740936E-04
         1   3  5.093764E+00  4.747488E+00  4.729646E+00 -1.283672E-01  3.442819E-02 -6.489597E-04
         1   4 -2.419545E+00 -2.908484E+00 -2.970595E+00 -1.333388E-01  3.576157E-02 -6.740936E-04
         1   5  5.093764E+00  4.747488E+00  4.729646E+00  1.283672E-01 -3.442819E-02 -6.489597E-04
         1   6 -2.419545E+00 -2.908484E+00 -2.970595E+00  1.333388E-01 -3.576157E-02 -6.740936E-04
         1   7  5.093764E+00  4.747488E+00  4.729646E+00 -1.283672E-01 -3.442819E-02  6.489597E-04
         1   8 -2.419545E+00 -2.908484E+00 -2.970595E+00 -1.333388E-01 -3.576157E-02  6.740936E-04
         2   1  3.008557E+00  2.071002E+00  2.003675E+00  7.582262E-02  1.112473E-02  1.158303E-04
         2   2 -1.850838E-01 -1.209667E+00 -1.258748E+00  7.706035E-02  1.130633E-02  1.177211E-04
         2   3  3.008557E+00  2.071002E+00  2.003675E+00 -7.582262E-02  1.112473E-02 -1.158303E-04
         2   4 -1.850838E-01 -1.209667E+00 -1.258748E+00 -7.706035E-02  1.130633E-02 -1.177211E-04
         2   5  3.008557E+00  2.071002E+00  2.003675E+00  7.582262E-02 -1.112473E-02 -1.158303E-04
         2   6 -1.850838E-01 -1.209667E+00 -1.258748E+00  7.706035E-02 -1.130633E-02 -1.177211E-04
         2   7  3.008557E+00  2.071002E+00  2.003675E+00 -7.582262E-02 -1.112473E-02  1.158303E-04
         2   8 -1.850838E-01 -1.209667E+00 -1.258748E+00 -7.706035E-02 -1.130633E-02  1.177211E-04
         3   1  2.120935E+00  8.968640E-01  8.605916E-01  3.555661E-02  4.313214E-03  2.046696E-05
         3   2  7.496050E-01 -5.157229E-01 -5.393320E-01  3.580497E-02  4.343342E-03  2.060992E-05
         3   3  2.120935E+00  8.968640E-01  8.605916E-01 -3.555661E-02  4.313214E-03 -2.046696E-05
         3   4  7.496050E-01 -5.157229E-01 -5.393320E-01 -3.580497E-02  4.343342E-03 -2.060992E-05
         3   5  2.120935E+00  8.968640E-01  8.605916E-01  3.555661E-02 -4.313214E-03 -2.046696E-05
         3   6  7.496050E-01 -5.157229E-01 -5.393320E-01  3.580497E-02 -4.343342E-03 -2.060992E-05
         3   7  2.120935E+00  8.968640E-01  8.605916E-01 -3.555661E-02 -4.313214E-03  2.046696E-05
         3   8  7.496050E-01 -5.157229E-01 -5.393320E-01 -3.580497E-02 -4.343342E-03  2.060992E-05
         4   1  1.738797E+00  3.868378E-01  3.703896E-01  1.569068E-02  1.800387E-03  3.724008E-06
         4   2  1.148990E+00 -2.212831E-01 -2.316938E-01  1.573775E-02  1.805787E-03  3.735179E-06
         4   3  1.738797E+00  3.868378E-01  3.703896E-01 -1.569068E-02  1.800387E-03 -3.724008E-06
         4   4  1.148990E+00 -2.212831E-01 -2.316938E-01 -1.573775E-02  1.805787E-03 -3.735179E-06
         4   5  1.738797E+00  3.868378E-01  3.703896E-01  1.569068E-02 -1.800387E-03 -3.724008E-06
         4   6  1.148990E+00 -2.212831E-01 -2.316938E-01  1.573775E-02 -1.805787E-03 -3.735179E-06
         4   7  1.738797E+00  3.868378E-01  3.703896E-01 -1.569068E-02 -1.800387E-03  3.724008E-06
         4   8  1.148990E+00 -2.212831E-01 -2.316938E-01 -1.573775E-02 -1.805787E-03  3.735179E-06
         5   1  1.574143E+00  1.665121E-01  1.593477E-01  6.799531E-03  7.683348E-04  6.850783E-07
         5   2  1.320514E+00 -9.507720E-02 -9.957547E-02  6.808297E-03  7.693253E-04  6.859615E-07
         5   3  1.574143E+00  1.665121E-01  1.593477E-01 -6.799531E-03  7.683348E-04 -6.850783E-07
         5   4  1.320514E+00 -9.507720E-02 -9.957547E-02 -6.808297E-03  7.693253E-04 -6.859615E-07
         5   5  1.574143E+00  1.665121E-01  1.593477E-01  6.799531E-03 -7.683348E-04 -6.850783E-07
         5   6  1.320514E+00 -9.507720E-02 -9.957547E-02  6.808297E-03 -7.693253E-04 -6.859615E-07
         5   7  1.574143E+00  1.665121E-01  1.593477E-01 -6.799531E-03 -7.683348E-04  6.850783E-07
         5   8  1.320514E+00 -9.507720E-02 -9.957547E-02 -6.808297E-03 -7.693253E-04  6.859615E-07
         6   1  1.503268E+00  7.160444E-02  6.851575E-02  2.929911E-03  3.297335E-04  1.263987E-07
         6   2  1.394241E+00 -4.085862E-02 -4.279318E-02  2.931534E-03  3.299162E-04  1.264687E-07
         6   3  1.503268E+00  7.160444E-02  6.851575E-02 -2.929911E-03  3.297335E-04 -1.263987E-07
         6   4  1.394241E+00 -4.085862E-02 -4.279318E-02 -2.931534E-03  3.299162E-04 -1.264687E-07
         6   5  1.503268E+00  7.160444E-02  6.851575E-02  2.929911E-03 -3.297335E-04 -1.263987E-07
         6   6  1.394241E+00 -4.085862E-02 -4.279318E-02  2.931534E-03 -3.299162E-04 -1.264687E-07
         6   7  1.503268E+00  7.160444E-02  6.851575E-02 -2.929911E-03 -3.297335E-04  1.263987E-07
         6   8  1.394241E+00 -4.085862E-02 -4.279318E-02 -2.931534E-03 -3.299162E-04  1.264687E-07
         7   1  1.472787E+00  3.077798E-02  2.944983E-02  1.260172E-03  1.416737E-04  2.333567E-08
         7   2  1.425930E+00 -1.755800E-02 -1.838922E-02  1.260472E-03  1.417074E-04  2.334122E-08
         7   3  1.472787E+00  3.077798E-02  2.944983E-02 -1.260172E-03  1.416737E-04 -2.333567E-08
         7   4  1.425930E+00 -1.755800E-02 -1.838922E-02 -1.260472E-03  1.417074E-04 -2.334122E-08
         7   5  1.472787E+00  3.077798E-02  2.944983E-02  1.260172E-03 -1.416737E-04 -2.333567E-08
         7   6  1.425930E+00 -1.755800E-02 -1.838922E-02  1.260472E-03 -1.417074E-04 -2.334122E-08
         7   7  1.472787E+00  3.077798E-02  2.944983E-02 -1.260172E-03 -1.416737E-04  2.333567E-08
         7   8  1.425930E+00 -1.755800E-02 -1.838922E-02 -1.260472E-03 -1.417074E-04  2.334122E-08
         8   1  1.459684E+00  1.322676E-02  1.265600E-02  5.416673E-04  6.088140E-05  4.308601E-09
         8   2  1.439548E+00 -7.544758E-03 -7.901875E-03  5.417227E-04  6.088763E-05  4.309042E-09
         8   3  1.459684E+00  1.322676E-02  1.265600E-02 -5.416673E-04  6.088140E-05 -4.308601E-09
         8   4  1.439548E+00 -7.544758E-03 -7.901875E-03 -5.417227E-04  6.088763E-05 -4.309042E-09
         8   5  1.459684E+00  1.322676E-02  1.265600E-02  5.416673E-04 -6.088140E-05 -4.308602E-09
         8   6  1.439548E+00 -7.544758E-03 -7.901875E-03  5.417227E-04 -6.088763E-05 -4.309042E-09
         8   7  1.459684E+00  1.322676E-02  1.265600E-02 -5.416673E-04 -6.088140E-05  4.308602E-09
         8   8  1.439548E+00 -7.544758E-03 -7.901875E-03 -5.417227E-04 -6.088763E-05  4.309042E-09
         9   1  1.454053E+00  5.683659E-03  5.438416E-03  2.327756E-04  2.616175E-05  7.955088E-10
         9   2  1.445400E+00 -3.241913E-03 -3.395347E-03  2.327858E-04  2.616290E-05  7.955437E-10
         9   3  1.454053E+00  5.683659E-03  5.438416E-03 -2.327756E-04  2.616175E-05 -7.955087E-10
         9   4  1.445400E+00 -3.241913E-03 -3.395347E-03 -2.327858E-04  2.616290E-05 -7.955433E-10
         9   5  1.454053E+00  5.683659E-03  5.438416E-03  2.327756E-04 -2.616175E-05 -7.955089E-10
         9   6  1.445400E+00 -3.241913E-03 -3.395347E-03  2.327858E-04 -2.616290E-05 -7.955440E-10
         9   7  1.454053E+00  5.683659E-03  5.438416E-03 -2.327756E-04 -2.616175E-05  7.955088E-10
         9   8  1.445400E+00 -3.241913E-03 -3.395347E-03 -2.327858E-04 -2.616290E-05  7.955440E-10
        10   1  1.451633E+00  2.442211E-03  2.336835E-03  1.000233E-04  1.124157E-05  1.468705E-10
        10   2  1.447915E+00 -1.392972E-03 -1.458898E-03  1.000252E-04  1.124178E-05  1.468735E-10
        10   3  1.451633E+00  2.442211E-03  2.336835E-03 -1.000233E-04  1.124157E-05 -1.468703E-10
        10   4  1.447915E+00 -1.392972E-03 -1.458898E-03 -1.000252E-04  1.124178E-05 -1.468733E-10
        10   5  1.451633E+00  2.442211E-03  2.336835E-03  1.000233E-04 -1.124157E-05 -1.468710E-10
        10   6  1.447915E+00 -1.392972E-03 -1.458898E-03  1.000252E-04 -1.124178E-05 -1.468736E-10
        10   7  1.451633E+00  2.442211E-03  2.336835E-03 -1.000233E-04 -1.124157E-05  1.468711E-10
        10   8  1.447915E+00 -1.392972E-03 -1.458898E-03 -1.000252E-04 -1.124178E-05  1.468736E-10
        11   1  1.450593E+00  1.049339E-03  1.004060E-03  4.297579E-05  4.830035E-06  2.711236E-11
        11   2  1.448995E+00 -5.984577E-04 -6.267877E-04  4.297614E-05  4.830074E-06  2.711279E-11
        11   3  1.450593E+00  1.049339E-03  1.004060E-03 -4.297579E-05  4.830035E-06 -2.711240E-11
        11   4  1.448995E+00 -5.984577E-04 -6.267877E-04 -4.297614E-05  4.830074E-06 -2.711274E-11
        11   5  1.450593E+00  1.049339E-03  1.004060E-03  4.297579E-05 -4.830035E-06 -2.711235E-11
        11   6  1.448995E+00 -5.984577E-04 -6.267877E-04  4.297614E-05 -4.830074E-06 -2.711239E-11
        11   7  1.450593E+00  1.049339E-03  1.004060E-03 -4.297579E-05 -4.830035E-06  2.711230E-11
        11   8  1.448995E+00 -5.984577E-04 -6.267877E-04 -4.297614E-05 -4.830074E-06  2.711231E-11
        12   1  1.450146E+00  4.507787E-04  4.313180E-04  1.845852E-05  2.074550E-06  5.001896E-12
        12   2  1.449460E+00 -2.569629E-04 -2.691435E-04  1.845859E-05  2.074558E-06  5.001720E-12
        12   3  1.450146E+00  4.507787E-04  4.313180E-04 -1.845852E-05  2.074550E-06 -5.001901E-12
        12   4  1.449460E+00 -2.569629E-04 -2.691435E-04 -1.845859E-05  2.074558E-06 -5.001931E-12
        12   5  1.450146E+00  4.507787E-04  4.313180E-04  1.845852E-05 -2.074550E-06 -5.001312E-12
        12   6  1.449460E+00 -2.569629E-04 -2.691435E-04  1.845859E-05 -2.074558E-06 -5.001485E-12
        12   7  1.450146E+00  4.507787E-04  4.313180E-04 -1.845852E-05 -2.074550E-06  5.001265E-12
        12   8  1.449460E+00 -2.569629E-04 -2.691435E-04 -1.845859E-05 -2.074558E-06  5.001284E-12
        13   1  1.449954E+00  1.934477E-04  1.850743E-04  7.913806E-06  8.894322E-07  9.195678E-13
        13   2  1.449660E+00 -1.099849E-04 -1.152371E-04  7.913817E-06  8.894335E-07  9.197992E-13
        13   3  1.449954E+00  1.934477E-04  1.850743E-04 -7.913806E-06  8.894322E-07 -9.197921E-13
        13   4  1.449660E+00 -1.099849E-04 -1.152371E-04 -7.913817E-06  8.894335E-07 -9.198111E-13
        13   5  1.449954E+00  1.934477E-04  1.850743E-04  7.913806E-06 -8.894322E-07 -9.191213E-13
        13   6  1.449660E+00 -1.099849E-04 -1.152371E-04  7.913817E-06 -8.894335E-07 -9.189451E-13
        13   7  1.449954E+00  1.934477E-04  1.850743E-04 -7.913806E-06 -8.894322E-07  9.189152E-13
        13   8  1.449660E+00 -1.099849E-04 -1.152371E-04 -7.913817E-06 -8.894335E-07  9.187633E-13
        14   1  1.449871E+00  8.255378E-05  7.892907E-05  3.359697E-06  3.775963E-07  1.660716E-13
        14   2  1.449746E+00 -4.626425E-05 -4.856390E-05  3.359699E-06  3.775966E-07  1.655066E-13
        14   3  1.449871E+00  8.255378E-05  7.892907E-05 -3.359697E-06  3.775963E-07 -1.659434E-13
        14   4  1.449746E+00 -4.626425E-05 -4.856390E-05 -3.359699E-06  3.775966E-07 -1.651172E-13
        14   5  1.449871E+00  8.255378E-05  7.892907E-05  3.359697E-06 -3.775963E-07 -1.654642E-13
        14   6  1.449746E+00 -4.626425E-05 -4.856390E-05  3.359699E-06 -3.775966E-07 -1.659219E-13
        14   7  1.449871E+00  8.255378E-05  7.892907E-05 -3.359697E-06 -3.775963E-07  1.653472E-13
        14   8  1.449746E+00 -4.626425E-05 -4.856390E-05 -3.359699E-06 -3.775965E-07  1.662270E-13
        15   1  1.449834E+00  3.415206E-05  3.253214E-05  1.348833E-06  1.515953E-07  2.633024E-14
        15   2  1.449784E+00 -1.756508E-05 -1.865303E-05  1.348833E-06  1.515954E-07  2.620540E-14
        15   3  1.449834E+00  3.415206E-05  3.253214E-05 -1.348833E-06  1.515953E-07 -2.589421E-14
        15   4  1.449784E+00 -1.756508E-05 -1.865303E-05 -1.348833E-06  1.515954E-07 -2.600218E-14
        15   5  1.449834E+00  3.415206E-05  3.253214E-05  1.348833E-06 -1.515953E-07 -2.715285E-14
        15   6  1.449784E+00 -1.756508E-05 -1.865303E-05  1.348833E-06 -1.515954E-07 -2.726709E-14
        15   7  1.449834E+00  3.415206E-05  3.253214E-05 -1.348833E-06 -1.515953E-07  2.745375E-14
        15   8  1.449784E+00 -1.756508E-05 -1.865303E-05 -1.348833E-06 -1.515954E-07  2.726151E-14
        16   1  1.449816E+00  1.160307E-05  1.076168E-05  3.590196E-07  4.035023E-08  1.745837E-15
        16   2  1.449802E+00 -2.162507E-06 -2.862307E-06  3.590196E-07  4.035023E-08  2.479808E-15
        16   3  1.449816E+00  1.160307E-05  1.076168E-05 -3.590196E-07  4.035023E-08 -1.626034E-15
        16   4  1.449802E+00 -2.162507E-06 -2.862307E-06 -3.590196E-07  4.035023E-08 -2.612150E-15
        16   5  1.449816E+00  1.160307E-05  1.076168E-05  3.590196E-07 -4.035023E-08 -2.218086E-15
        16   6  1.449802E+00 -2.162507E-06 -2.862307E-06  3.590196E-07 -4.035023E-08 -1.211597E-15
        16   7  1.449816E+00  1.160307E-05  1.076168E-05 -3.590196E-07 -4.035023E-08  2.011913E-15
        16   8  1.449802E+00 -2.162507E-06 -2.862307E-06 -3.590196E-07 -4.035023E-08  1.221349E-15

 strains (elem, integ.pnt.,exx,eyy,ezz,exy,exz,eyz) for set ALL and time  0.6750000E+00

         1   1  2.346941E-02 -3.522863E-03 -4.721325E-03  9.607629E-03  2.573661E-03  1.515436E-17
         1   2  2.346941E-02 -1.308401E-02 -1.750604E-02  9.514667E-03  2.540227E-03  5.636257E-17
         1   3  2.346941E-02 -3.522863E-03 -4.721325E-03 -9.607629E-03  2.573661E-03 -1.974178E-17
         1   4  2.346941E-02 -1.308401E-02 -1.750604E-02 -9.514667E-03  2.540227E-03 -7.160015E-17
         1   5  2.346941E-02 -3.522863E-03 -4.721325E-03  9.607629E-03 -2.573661E-03  1.733974E-17
         1   6  2.346941E-02 -1.308401E-02 -1.750604E-02  9.514667E-03 -2.540227E-03  6.381794E-17
         1   7  2.346941E-02 -3.522863E-03 -4.721325E-03 -9.607629E-03 -2.573661E-03 -1.777248E-17
         1   8  2.346941E-02 -1.308401E-02 -1.750604E-02 -9.514667E-03 -2.540227E-03 -6.414478E-17
         2   1  5.274861E-02 -1.852834E-02 -2.357949E-02  5.371035E-03  7.838959E-04  4.511735E-17
         2   2  5.274861E-02 -2.388439E-02 -2.749091E-02  5.341077E-03  7.806714E-04 -1.289093E-17
         2   3  5.274861E-02 -1.852834E-02 -2.357949E-02 -5.371035E-03  7.838959E-04 -6.606215E-17
         2   4  5.274861E-02 -2.388439E-02 -2.749091E-02 -5.341077E-03  7.806714E-04  1.709729E-18
         2   5  5.274861E-02 -1.852834E-02 -2.357949E-02  5.371035E-03 -7.838959E-04  5.514278E-17
         2   6  5.274861E-02 -2.388439E-02 -2.749091E-02  5.341077E-03 -7.806714E-04 -2.690144E-19
         2   7  5.274861E-02 -1.852834E-02 -2.357949E-02 -5.371035E-03 -7.838959E-04 -5.529366E-17
         2   8  5.274861E-02 -2.388439E-02 -2.749091E-02 -5.341077E-03 -7.806714E-04  1.755872E-17
         3   1  6.569793E-02 -2.673646E-02 -2.946221E-02  2.455224E-03  2.969734E-04 -3.112682E-17
         3   2  6.569793E-02 -2.918850E-02 -3.094591E-02  2.448855E-03  2.965048E-04  2.310230E-18
         3   3  6.569793E-02 -2.673646E-02 -2.946221E-02 -2.455224E-03  2.969734E-04  1.280613E-17
         3   4  6.569793E-02 -2.918850E-02 -3.094591E-02 -2.448855E-03  2.965048E-04 -1.806035E-17
         3   5  6.569793E-02 -2.673646E-02 -2.946221E-02  2.455224E-03 -2.969734E-04 -1.629680E-17
         3   6  6.569793E-02 -2.918850E-02 -3.094591E-02  2.448855E-03 -2.965048E-04  1.605479E-17
         3   7  6.569793E-02 -2.673646E-02 -2.946221E-02 -2.455224E-03 -2.969734E-04  2.431332E-17
         3   8  6.569793E-02 -2.918850E-02 -3.094591E-02 -2.448855E-03 -2.965048E-04  2.735840E-19
         4   1  7.135758E-02 -3.047663E-02 -3.171310E-02  1.071338E-03  1.227659E-04  5.274529E-18
         4   2  7.135758E-02 -3.154736E-02 -3.232673E-02  1.070116E-03  1.226855E-04 -2.749807E-17
         4   3  7.135758E-02 -3.047663E-02 -3.171310E-02 -1.071338E-03  1.227659E-04 -1.405724E-17
         4   4  7.135758E-02 -3.154736E-02 -3.232673E-02 -1.070116E-03  1.226855E-04  2.334749E-17
         4   5  7.135758E-02 -3.047663E-02 -3.171310E-02  1.071338E-03 -1.227659E-04  1.429591E-17
         4   6  7.135758E-02 -3.154736E-02 -3.232673E-02  1.070116E-03 -1.226855E-04 -2.187478E-17
         4   7  7.135758E-02 -3.047663E-02 -3.171310E-02 -1.071338E-03 -1.227659E-04 -3.354838E-18
         4   8  7.135758E-02 -3.154736E-02 -3.232673E-02 -1.070116E-03 -1.226855E-04  1.847637E-17
         5   1  7.381023E-02 -3.210809E-02 -3.264672E-02  4.620048E-04  5.217565E-05 -1.885761E-17
         5   2  7.381023E-02 -3.256998E-02 -3.290756E-02  4.617767E-04  5.216109E-05  4.605397E-17
         5   3  7.381023E-02 -3.210809E-02 -3.264672E-02 -4.620048E-04  5.217565E-05  1.302631E-17
         5   4  7.381023E-02 -3.256998E-02 -3.290756E-02 -4.617767E-04  5.216109E-05 -5.585341E-17
         5   5  7.381023E-02 -3.210809E-02 -3.264672E-02  4.620048E-04 -5.217565E-05 -1.162255E-17
         5   6  7.381023E-02 -3.256998E-02 -3.290756E-02  4.617767E-04 -5.216109E-05  4.720653E-17
         5   7  7.381023E-02 -3.210809E-02 -3.264672E-02 -4.620048E-04 -5.217565E-05  1.606611E-17
         5   8  7.381023E-02 -3.256998E-02 -3.290756E-02 -4.617767E-04 -5.216109E-05 -4.483386E-17
         6   1  7.486829E-02 -3.281170E-02 -3.304393E-02  1.986596E-04  2.235168E-05  4.465528E-17
         6   2  7.486829E-02 -3.301034E-02 -3.315568E-02  1.986173E-04  2.234901E-05  9.836868E-18
         6   3  7.486829E-02 -3.281170E-02 -3.304393E-02 -1.986596E-04  2.235168E-05 -5.784142E-17
         6   4  7.486829E-02 -3.301034E-02 -3.315568E-02 -1.986173E-04  2.234901E-05 -2.843408E-17
         6   5  7.486829E-02 -3.281170E-02 -3.304393E-02  1.986596E-04 -2.235168E-05  4.680320E-17
         6   6  7.486829E-02 -3.301034E-02 -3.315568E-02  1.986173E-04 -2.234901E-05  1.350350E-17
         6   7  7.486829E-02 -3.281170E-02 -3.304393E-02 -1.986596E-04 -2.235168E-05 -5.548395E-17
         6   8  7.486829E-02 -3.301034E-02 -3.315568E-02 -1.986173E-04 -2.234901E-05 -1.405368E-17
         7   1  7.532373E-02 -3.311428E-02 -3.321414E-02  8.536746E-05  9.596337E-06 -1.196871E-17
         7   2  7.532373E-02 -3.319965E-02 -3.326212E-02  8.535965E-05  9.595844E-06 -2.571511E-17
         7   3  7.532373E-02 -3.311428E-02 -3.321414E-02 -8.536746E-05  9.596337E-06 -2.346430E-19
         7   4  7.532373E-02 -3.319965E-02 -3.326212E-02 -8.535965E-05  9.595844E-06  2.460845E-17
         7   5  7.532373E-02 -3.311428E-02 -3.321414E-02  8.536746E-05 -9.596337E-06 -8.354406E-18
         7   6  7.532373E-02 -3.319965E-02 -3.326212E-02  8.535965E-05 -9.595844E-06 -2.355410E-17
         7   7  7.532373E-02 -3.311428E-02 -3.321414E-02 -8.536746E-05 -9.596337E-06  1.703366E-18
         7   8  7.532373E-02 -3.319965E-02 -3.326212E-02 -8.535965E-05 -9.595844E-06  1.997324E-17
         8   1  7.551958E-02 -3.324432E-02 -3.328723E-02  3.667977E-05  4.122481E-06 -1.439294E-17
         8   2  7.551958E-02 -3.328100E-02 -3.330784E-02  3.667832E-05  4.122390E-06 -5.309805E-18
         8   3  7.551958E-02 -3.324432E-02 -3.328723E-02 -3.667977E-05  4.122481E-06  2.834664E-17
         8   4  7.551958E-02 -3.328100E-02 -3.330784E-02 -3.667832E-05  4.122390E-06  6.553107E-18
         8   5  7.551958E-02 -3.324432E-02 -3.328723E-02  3.667977E-05 -4.122481E-06 -2.324435E-17
         8   6  7.551958E-02 -3.328100E-02 -3.330784E-02  3.667832E-05 -4.122390E-06  6.871385E-19
         8   7  7.551958E-02 -3.324432E-02 -3.328723E-02 -3.667977E-05 -4.122481E-06  2.200932E-17
         8   8  7.551958E-02 -3.328100E-02 -3.330784E-02 -3.667832E-05 -4.122390E-06  5.819880E-18
         9   1  7.560376E-02 -3.330019E-02 -3.331863E-02  1.576010E-05  1.771249E-06 -3.505151E-18
         9   2  7.560376E-02 -3.331595E-02 -3.332748E-02  1.575983E-05  1.771232E-06 -3.061864E-18
         9   3  7.560376E-02 -3.330019E-02 -3.331863E-02 -1.576010E-05  1.771249E-06  7.336227E-18
         9   4  7.560376E-02 -3.331595E-02 -3.332748E-02 -1.575983E-05  1.771232E-06  3.485613E-17
         9   5  7.560376E-02 -3.330019E-02 -3.331863E-02  1.576010E-05 -1.771249E-06 -6.699923E-18
         9   6  7.560376E-02 -3.331595E-02 -3.332748E-02  1.575983E-05 -1.771232E-06 -1.455760E-17
         9   7  7.560376E-02 -3.330019E-02 -3.331863E-02 -1.576010E-05 -1.771249E-06 -6.245663E-19
         9   8  7.560376E-02 -3.331595E-02 -3.332748E-02 -1.575983E-05 -1.771232E-06  1.875157E-17
        10   1  7.563994E-02 -3.332420E-02 -3.333212E-02  6.771600E-06  7.610508E-07 -1.623419E-17
        10   2  7.563994E-02 -3.333097E-02 -3.333592E-02  6.771551E-06  7.610477E-07  1.056247E-19
        10   3  7.563994E-02 -3.332420E-02 -3.333212E-02 -6.771600E-06  7.610508E-07  3.482895E-17
        10   4  7.563994E-02 -3.333097E-02 -3.333592E-02 -6.771551E-06  7.610477E-07  1.446867E-17
        10   5  7.563994E-02 -3.332420E-02 -3.333212E-02  6.771600E-06 -7.610508E-07 -2.199507E-17
        10   6  7.563994E-02 -3.333097E-02 -3.333592E-02  6.771551E-06 -7.610477E-07 -9.949777E-18
        10   7  7.563994E-02 -3.332420E-02 -3.333212E-02 -6.771600E-06 -7.610508E-07  2.409269E-17
        10   8  7.563994E-02 -3.333097E-02 -3.333592E-02 -6.771551E-06 -7.610477E-07  8.380448E-18
        11   1  7.565549E-02 -3.333451E-02 -3.333792E-02  2.909382E-06  3.269833E-07  1.886016E-18
        11   2  7.565549E-02 -3.333742E-02 -3.333955E-02  2.909373E-06  3.269828E-07  1.753183E-17
        11   3  7.565549E-02 -3.333451E-02 -3.333792E-02 -2.909382E-06  3.269833E-07 -4.817584E-18
        11   4  7.565549E-02 -3.333742E-02 -3.333955E-02 -2.909373E-06  3.269828E-07 -1.359006E-17
        11   5  7.565549E-02 -3.333451E-02 -3.333792E-02  2.909382E-06 -3.269833E-07 -8.373050E-19
        11   6  7.565549E-02 -3.333742E-02 -3.333955E-02  2.909373E-06 -3.269828E-07  1.225538E-17
        11   7  7.565549E-02 -3.333451E-02 -3.333792E-02 -2.909382E-06 -3.269833E-07 -2.722692E-18
        11   8  7.565549E-02 -3.333742E-02 -3.333955E-02 -2.909373E-06 -3.269828E-07 -1.817258E-17
        12   1  7.566216E-02 -3.333894E-02 -3.334041E-02  1.249592E-06  1.404412E-07  2.356751E-17
        12   2  7.566216E-02 -3.334019E-02 -3.334111E-02  1.249590E-06  1.404411E-07  9.034277E-18
        12   3  7.566216E-02 -3.333894E-02 -3.334041E-02 -1.249592E-06  1.404412E-07 -2.398593E-17
        12   4  7.566216E-02 -3.334019E-02 -3.334111E-02 -1.249590E-06  1.404411E-07 -2.492868E-17
        12   5  7.566216E-02 -3.333894E-02 -3.334041E-02  1.249592E-06 -1.404412E-07  2.032047E-17
        12   6  7.566216E-02 -3.334019E-02 -3.334111E-02  1.249590E-06 -1.404411E-07  8.641489E-18
        12   7  7.566216E-02 -3.333894E-02 -3.334041E-02 -1.249592E-06 -1.404412E-07 -2.388118E-17
        12   8  7.566216E-02 -3.334019E-02 -3.334111E-02 -1.249590E-06 -1.404411E-07 -2.377650E-17
        13   1  7.566503E-02 -3.334085E-02 -3.334148E-02  5.357400E-07  6.021175E-08  1.618292E-17
        13   2  7.566503E-02 -3.334138E-02 -3.334178E-02  5.357397E-07  6.021173E-08  3.347853E-17
        13   3  7.566503E-02 -3.334085E-02 -3.334148E-02 -5.357400E-07  6.021175E-08 -3.304631E-17
        13   4  7.566503E-02 -3.334138E-02 -3.334178E-02 -5.357397E-07  6.021173E-08 -3.436873E-17
        13   5  7.566503E-02 -3.334085E-02 -3.334148E-02  5.357400E-07 -6.021175E-08  1.738746E-17
        13   6  7.566503E-02 -3.334138E-02 -3.334178E-02  5.357397E-07 -6.021173E-08  3.074213E-17
        13   7  7.566503E-02 -3.334085E-02 -3.334148E-02 -5.357400E-07 -6.021175E-08 -3.288919E-17
        13   8  7.566503E-02 -3.334138E-02 -3.334178E-02 -5.357397E-07 -6.021173E-08 -4.441096E-17
        14   1  7.566626E-02 -3.334166E-02 -3.334193E-02  2.274404E-07  2.556202E-08  2.828063E-17
        14   2  7.566626E-02 -3.334189E-02 -3.334206E-02  2.274404E-07  2.556202E-08 -1.420574E-17
        14   3  7.566626E-02 -3.334166E-02 -3.334193E-02 -2.274404E-07  2.556202E-08 -1.864421E-17
        14   4  7.566626E-02 -3.334189E-02 -3.334206E-02 -2.274404E-07  2.556202E-08  4.348142E-17
        14   5  7.566626E-02 -3.334166E-02 -3.334193E-02  2.274404E-07 -2.556202E-08  1.738737E-17
        14   6  7.566626E-02 -3.334189E-02 -3.334206E-02  2.274404E-07 -2.556202E-08 -1.702071E-17
        14   7  7.566626E-02 -3.334166E-02 -3.334193E-02 -2.274404E-07 -2.556202E-08 -2.618570E-17
        14   8  7.566626E-02 -3.334189E-02 -3.334206E-02 -2.274404E-07 -2.556202E-08  3.995944E-17
        15   1  7.566677E-02 -3.334200E-02 -3.334213E-02  9.131146E-08  1.026250E-08 -2.833294E-17
        15   2  7.566677E-02 -3.334210E-02 -3.334218E-02  9.131145E-08  1.026250E-08 -3.772053E-17
        15   3  7.566677E-02 -3.334200E-02 -3.334213E-02 -9.131146E-08  1.026250E-08  6.111750E-17
        15   4  7.566677E-02 -3.334210E-02 -3.334218E-02 -9.131145E-08  1.026250E-08  5.299992E-17
        15   5  7.566677E-02 -3.334200E-02 -3.334213E-02  9.131146E-08 -1.026250E-08 -3.351772E-17
        15   6  7.566677E-02 -3.334210E-02 -3.334218E-02  9.131145E-08 -1.026250E-08 -4.210663E-17
        15   7  7.566677E-02 -3.334200E-02 -3.334213E-02 -9.131146E-08 -1.026250E-08  5.614221E-17
        15   8  7.566677E-02 -3.334210E-02 -3.334218E-02 -9.131145E-08 -1.026250E-08  4.168768E-17
        16   1  7.566695E-02 -3.334214E-02 -3.334220E-02  2.430441E-08  2.731574E-09 -1.099800E-17
        16   2  7.566695E-02 -3.334216E-02 -3.334222E-02  2.430441E-08  2.731574E-09  4.418842E-17
        16   3  7.566695E-02 -3.334214E-02 -3.334220E-02 -2.430441E-08  2.731574E-09  2.000590E-17
        16   4  7.566695E-02 -3.334216E-02 -3.334222E-02 -2.430441E-08  2.731574E-09 -5.413897E-17
        16   5  7.566695E-02 -3.334214E-02 -3.334220E-02  2.430441E-08 -2.731574E-09 -2.450983E-17
        16   6  7.566695E-02 -3.334216E-02 -3.334222E-02  2.430441E-08 -2.731574E-09  5.116691E-17
        16   7  7.566695E-02 -3.334214E-02 -3.334220E-02 -2.430441E-08 -2.731574E-09  9.007898E-18
        16   8  7.566695E-02 -3.334216E-02 -3.334222E-02 -2.430441E-08 -2.731574E-09 -5.043369E-17

                                INCREMENT     9


 forces (fx,fy,fz) for set RIGHT and time  0.7750000E+00

        65  1.923990E+00 -4.236123E-14 -2.155420E-13
        66  1.923990E+00  4.240500E-14 -2.030615E-13
        67  1.923990E+00  4.244887E-14  2.022147E-13
        68  1.923990E+00 -4.204097E-14  2.161835E-13

 displacements (vx,vy,vz) for set RIGHT and time  0.7750000E+00

        65  1.550000E+00  9.664454E-02  1.932894E-02
        66  1.550000E+00 -9.664454E-02  1.932894E-02
        67  1.550000E+00 -9.664454E-02 -1.932894E-02
        68  1.550000E+00  9.664454E-02 -1.932894E-02

 stresses (elem, integ.pnt.,sxx,syy,szz,sxy,sxz,syz) for set ALL and time  0.7750000E+00

         1   1  5.807623E+00  5.413626E+00  5.393031E+00  1.463373E-01  3.923141E-02  8.405014E-04
         1   2 -2.771233E+00 -3.330194E+00 -3.401270E+00  1.528246E-01  4.097057E-02  8.777616E-04
         1   3  5.807623E+00  5.413626E+00  5.393031E+00 -1.463373E-01  3.923141E-02 -8.405014E-04
         1   4 -2.771233E+00 -3.330194E+00 -3.401270E+00 -1.528246E-01  4.097057E-02 -8.777616E-04
         1   5  5.807623E+00  5.413626E+00  5.393031E+00  1.463373E-01 -3.923141E-02 -8.405014E-04
         1   6 -2.771233E+00 -3.330194E+00 -3.401270E+00  1.528246E-01 -4.097057E-02 -8.777616E-04
         1   7  5.807623E+00  5.413626E+00  5.393031E+00 -1.463373E-01 -3.923141E-02  8.405014E-04
         1   8 -2.771233E+00 -3.330194E+00 -3.401270E+00 -1.528246E-01 -4.097057E-02  8.777616E-04
         2   1  3.442017E+00  2.368389E+00  2.291966E+00  8.686995E-02  1.276125E-02  1.503330E-04
         2   2 -2.109408E-01 -1.386172E+00 -1.442067E+00  8.849400E-02  1.299983E-02  1.531435E-04
         2   3  3.442017E+00  2.368389E+00  2.291966E+00 -8.686995E-02  1.276125E-02 -1.503330E-04
         2   4 -2.109408E-01 -1.386172E+00 -1.442067E+00 -8.849400E-02  1.299983E-02 -1.531435E-04
         2   5  3.442017E+00  2.368389E+00  2.291966E+00  8.686995E-02 -1.276125E-02 -1.503330E-04
         2   6 -2.109408E-01 -1.386172E+00 -1.442067E+00  8.849400E-02 -1.299983E-02 -1.531435E-04
         2   7  3.442017E+00  2.368389E+00  2.291966E+00 -8.686995E-02 -1.276125E-02  1.503330E-04
         2   8 -2.109408E-01 -1.386172E+00 -1.442067E+00 -8.849400E-02 -1.299983E-02  1.531435E-04
         3   1  2.430821E+00  1.026391E+00  9.852045E-01  4.084290E-02  4.952560E-03  2.654893E-05
         3   2  8.619486E-01 -5.908393E-01 -6.176768E-01  4.116952E-02  4.992166E-03  2.676125E-05
         3   3  2.430821E+00  1.026391E+00  9.852045E-01 -4.084290E-02  4.952560E-03 -2.654893E-05
         3   4  8.619486E-01 -5.908393E-01 -6.176768E-01 -4.116952E-02  4.992166E-03 -2.676125E-05
         3   5  2.430821E+00  1.026391E+00  9.852045E-01  4.084290E-02 -4.952560E-03 -2.654893E-05
         3   6  8.619486E-01 -5.908393E-01 -6.176768E-01  4.116952E-02 -4.992166E-03 -2.676125E-05
         3   7  2.430821E+00  1.026391E+00  9.852045E-01 -4.084290E-02 -4.952560E-03  2.654893E-05
         3   8  8.619486E-01 -5.908393E-01 -6.176768E-01 -4.116952E-02 -4.992166E-03  2.676125E-05
         4   1  1.994942E+00  4.426112E-01  4.239437E-01  1.803435E-02  2.066688E-03  4.823675E-06
         4   2  1.320470E+00 -2.533549E-01 -2.651720E-01  1.809625E-02  2.073781E-03  4.840231E-06
         4   3  1.994942E+00  4.426112E-01  4.239437E-01 -1.803435E-02  2.066688E-03 -4.823675E-06
         4   4  1.320470E+00 -2.533549E-01 -2.651720E-01 -1.809625E-02  2.073781E-03 -4.840231E-06
         4   5  1.994942E+00  4.426112E-01  4.239437E-01  1.803435E-02 -2.066688E-03 -4.823675E-06
         4   6  1.320470E+00 -2.533549E-01 -2.651720E-01  1.809625E-02 -2.073781E-03 -4.840231E-06
         4   7  1.994942E+00  4.426112E-01  4.239437E-01 -1.803435E-02 -2.066688E-03  4.823675E-06
         4   8  1.320470E+00 -2.533549E-01 -2.651720E-01 -1.809625E-02 -2.073781E-03  4.840231E-06
         5   1  1.807130E+00  1.904014E-01  1.822772E-01  7.812772E-03  8.814569E-04  8.859041E-07
         5   2  1.517302E+00 -1.087707E-01 -1.138704E-01  7.824286E-03  8.827560E-04  8.872097E-07
         5   3  1.807130E+00  1.904014E-01  1.822772E-01 -7.812772E-03  8.814569E-04 -8.859041E-07
         5   4  1.517302E+00 -1.087707E-01 -1.138704E-01 -7.824286E-03  8.827560E-04 -8.872097E-07
         5   5  1.807130E+00  1.904014E-01  1.822772E-01  7.812772E-03 -8.814569E-04 -8.859041E-07
         5   6  1.517302E+00 -1.087707E-01 -1.138704E-01  7.824286E-03 -8.827560E-04 -8.872097E-07
         5   7  1.807130E+00  1.904014E-01  1.822772E-01 -7.812772E-03 -8.814569E-04  8.859041E-07
         5   8  1.517302E+00 -1.087707E-01 -1.138704E-01 -7.824286E-03 -8.827560E-04  8.872097E-07
         6   1  1.726330E+00  8.181227E-02  7.831307E-02  3.364233E-03  3.779952E-04  1.631646E-07
         6   2  1.601846E+00 -4.670264E-02 -4.889348E-02  3.366362E-03  3.782344E-04  1.632679E-07
         6   3  1.726330E+00  8.181227E-02  7.831307E-02 -3.364233E-03  3.779952E-04 -1.631646E-07
         6   4  1.601846E+00 -4.670264E-02 -4.889348E-02 -3.366362E-03  3.782344E-04 -1.632679E-07
         6   5  1.726330E+00  8.181227E-02  7.831307E-02  3.364233E-03 -3.779952E-04 -1.631646E-07
         6   6  1.601846E+00 -4.670264E-02 -4.889348E-02  3.366362E-03 -3.782344E-04 -1.632679E-07
         6   7  1.726330E+00  8.181227E-02  7.831307E-02 -3.364233E-03 -3.779952E-04  1.631646E-07
         6   8  1.601846E+00 -4.670264E-02 -4.889348E-02 -3.366362E-03 -3.782344E-04  1.632679E-07
         7   1  1.691606E+00  3.513498E-02  3.363175E-02  1.445779E-03  1.622730E-04  3.006893E-08
         7   2  1.638154E+00 -2.005120E-02 -2.099159E-02  1.446172E-03  1.623171E-04  3.007710E-08
         7   3  1.691606E+00  3.513498E-02  3.363175E-02 -1.445779E-03  1.622730E-04 -3.006893E-08
         7   4  1.638154E+00 -2.005120E-02 -2.099159E-02 -1.446172E-03  1.623171E-04 -3.007710E-08
         7   5  1.691606E+00  3.513498E-02  3.363175E-02  1.445779E-03 -1.622730E-04 -3.006893E-08
         7   6  1.638154E+00 -2.005120E-02 -2.099159E-02  1.446172E-03 -1.623171E-04 -3.007710E-08
         7   7  1.691606E+00  3.513498E-02  3.363175E-02 -1.445779E-03 -1.622730E-04  3.006893E-08
         7   8  1.638154E+00 -2.005120E-02 -2.099159E-02 -1.446172E-03 -1.623171E-04  3.007710E-08
         8   1  1.676692E+00  1.508551E-02  1.444012E-02  6.208965E-04  6.967159E-05  5.541622E-09
         8   2  1.653743E+00 -8.608193E-03 -9.011821E-03  6.209690E-04  6.967971E-05  5.542268E-09
         8   3  1.676692E+00  1.508551E-02  1.444012E-02 -6.208965E-04  6.967159E-05 -5.541622E-09
         8   4  1.653743E+00 -8.608193E-03 -9.011821E-03 -6.209690E-04  6.967971E-05 -5.542268E-09
         8   5  1.676692E+00  1.508551E-02  1.444012E-02  6.208965E-04 -6.967159E-05 -5.541621E-09
         8   6  1.653743E+00 -8.608193E-03 -9.011821E-03  6.209690E-04 -6.967971E-05 -5.542268E-09
         8   7  1.676692E+00  1.508551E-02  1.444012E-02 -6.208965E-04 -6.967159E-05  5.541621E-09
         8   8  1.653743E+00 -8.608193E-03 -9.011821E-03 -6.209690E-04 -6.967971E-05  5.542267E-09
         9   1  1.670288E+00  6.476428E-03  6.199375E-03  2.665802E-04  2.991177E-05  1.021275E-09
         9   2  1.660436E+00 -3.695443E-03 -3.868697E-03  2.665936E-04  2.991327E-05  1.021326E-09
         9   3  1.670288E+00  6.476428E-03  6.199375E-03 -2.665802E-04  2.991177E-05 -1.021275E-09
         9   4  1.660436E+00 -3.695443E-03 -3.868697E-03 -2.665936E-04  2.991327E-05 -1.021326E-09
         9   5  1.670288E+00  6.476428E-03  6.199375E-03  2.665802E-04 -2.991177E-05 -1.021275E-09
         9   6  1.660436E+00 -3.695443E-03 -3.868697E-03  2.665936E-04 -2.991327E-05 -1.021327E-09
         9   7  1.670288E+00  6.476428E-03  6.199375E-03 -2.665802E-04 -2.991177E-05  1.021275E-09
         9   8  1.660436E+00 -3.695443E-03 -3.868697E-03 -2.665936E-04 -2.991327E-05  1.021327E-09
        10   1  1.667539E+00  2.780283E-03  2.661350E-03  1.144435E-04  1.284111E-05  1.882033E-10
        10   2  1.663309E+00 -1.586371E-03 -1.660743E-03  1.144459E-04  1.284138E-05  1.882084E-10
        10   3  1.667539E+00  2.780283E-03  2.661350E-03 -1.144435E-04  1.284111E-05 -1.882030E-10
        10   4  1.663309E+00 -1.586371E-03 -1.660743E-03 -1.144459E-04  1.284138E-05 -1.882082E-10
        10   5  1.667539E+00  2.780283E-03  2.661350E-03  1.144435E-04 -1.284111E-05 -1.882040E-10
        10   6  1.663309E+00 -1.586371E-03 -1.660743E-03  1.144459E-04 -1.284138E-05 -1.882070E-10
        10   7  1.667539E+00  2.780283E-03  2.661350E-03 -1.144435E-04 -1.284111E-05  1.882039E-10
        10   8  1.663309E+00 -1.586371E-03 -1.660743E-03 -1.144459E-04 -1.284138E-05  1.882068E-10
        11   1  1.666359E+00  1.193491E-03  1.142433E-03  4.912605E-05  5.512186E-06  3.467893E-11
        11   2  1.664543E+00 -6.809156E-04 -7.128452E-04  4.912650E-05  5.512237E-06  3.467837E-11
        11   3  1.666359E+00  1.193491E-03  1.142433E-03 -4.912605E-05  5.512186E-06 -3.467874E-11
        11   4  1.664543E+00 -6.809156E-04 -7.128452E-04 -4.912650E-05  5.512237E-06 -3.467828E-11
        11   5  1.666359E+00  1.193491E-03  1.142433E-03  4.912605E-05 -5.512186E-06 -3.467713E-11
        11   6  1.664543E+00 -6.809156E-04 -7.128452E-04  4.912650E-05 -5.512237E-06 -3.467821E-11
        11   7  1.666359E+00  1.193491E-03  1.142433E-03 -4.912605E-05 -5.512186E-06  3.467710E-11
        11   8  1.664543E+00 -6.809156E-04 -7.128452E-04 -4.912650E-05 -5.512237E-06  3.467838E-11
        12   1  1.665852E+00  5.122287E-04  4.903053E-04  2.108061E-05  2.365353E-06  6.385132E-12
        12   2  1.665073E+00 -2.920984E-04 -3.058139E-04  2.108069E-05  2.365362E-06  6.385139E-12
        12   3  1.665852E+00  5.122287E-04  4.903053E-04 -2.108061E-05  2.365353E-06 -6.385149E-12
        12   4  1.665073E+00 -2.920984E-04 -3.058139E-04 -2.108069E-05  2.365362E-06 -6.385361E-12
        12   5  1.665852E+00  5.122287E-04  4.903053E-04  2.108061E-05 -2.365353E-06 -6.385488E-12
        12   6  1.665073E+00 -2.920984E-04 -3.058139E-04  2.108069E-05 -2.365362E-06 -6.385668E-12
        12   7  1.665852E+00  5.122287E-04  4.903053E-04 -2.108061E-05 -2.365353E-06  6.385785E-12
        12   8  1.665073E+00 -2.920984E-04 -3.058139E-04 -2.108069E-05 -2.365362E-06  6.385587E-12
        13   1  1.665634E+00  2.196159E-04  2.101917E-04  9.029714E-06  1.013182E-06  1.171520E-12
        13   2  1.665300E+00 -1.249106E-04 -1.308190E-04  9.029729E-06  1.013183E-06  1.171888E-12
        13   3  1.665634E+00  2.196159E-04  2.101917E-04 -9.029714E-06  1.013182E-06 -1.171824E-12
        13   4  1.665300E+00 -1.249106E-04 -1.308190E-04 -9.029729E-06  1.013183E-06 -1.172080E-12
        13   5  1.665634E+00  2.196159E-04  2.101917E-04  9.029714E-06 -1.013182E-06 -1.171583E-12
        13   6  1.665300E+00 -1.249106E-04 -1.308190E-04  9.029729E-06 -1.013183E-06 -1.171163E-12
        13   7  1.665634E+00  2.196159E-04  2.101917E-04 -9.029714E-06 -1.013182E-06  1.171583E-12
        13   8  1.665300E+00 -1.249106E-04 -1.308190E-04 -9.029729E-06 -1.013183E-06  1.171118E-12
        14   1  1.665540E+00  9.363647E-05  8.956081E-05  3.830076E-06  4.297549E-07  2.109461E-13
        14   2  1.665398E+00 -5.249899E-05 -5.508338E-05  3.830079E-06  4.297553E-07  2.100989E-13
        14   3  1.665540E+00  9.363647E-05  8.956081E-05 -3.830076E-06  4.297549E-07 -2.110625E-13
        14   4  1.665398E+00 -5.249899E-05 -5.508338E-05 -3.830079E-06  4.297553E-07 -2.097527E-13
        14   5  1.665540E+00  9.363647E-05  8.956081E-05  3.830076E-06 -4.297549E-07 -2.106080E-13
        14   6  1.665398E+00 -5.249899E-05 -5.508338E-05  3.830079E-06 -4.297553E-07 -2.115304E-13
        14   7  1.665540E+00  9.363647E-05  8.956081E-05 -3.830076E-06 -4.297549E-07  2.105332E-13
        14   8  1.665398E+00 -5.249899E-05 -5.508338E-05 -3.830079E-06 -4.297553E-07  2.116925E-13
        15   1  1.665498E+00  3.870398E-05  3.688441E-05  1.536512E-06  1.724049E-07  3.314679E-14
        15   2  1.665442E+00 -1.992119E-05 -2.114250E-05  1.536513E-06  1.724050E-07  3.393840E-14
        15   3  1.665498E+00  3.870398E-05  3.688441E-05 -1.536512E-06  1.724049E-07 -3.276987E-14
        15   4  1.665442E+00 -1.992119E-05 -2.114250E-05 -1.536513E-06  1.724050E-07 -3.367494E-14
        15   5  1.665498E+00  3.870398E-05  3.688441E-05  1.536512E-06 -1.724049E-07 -3.484847E-14
        15   6  1.665442E+00 -1.992119E-05 -2.114250E-05  1.536513E-06 -1.724050E-07 -3.389717E-14
        15   7  1.665498E+00  3.870398E-05  3.688441E-05 -1.536512E-06 -1.724049E-07  3.492607E-14
        15   8  1.665442E+00 -1.992119E-05 -2.114250E-05 -1.536513E-06 -1.724050E-07  3.413205E-14
        16   1  1.665478E+00  1.313828E-05  1.219420E-05  4.087823E-07  4.586758E-08  2.581902E-15
        16   2  1.665463E+00 -2.458685E-06 -3.243601E-06  4.087824E-07  4.586758E-08  2.304756E-15
        16   3  1.665478E+00  1.313828E-05  1.219420E-05 -4.087823E-07  4.586757E-08 -2.375428E-15
        16   4  1.665463E+00 -2.458685E-06 -3.243601E-06 -4.087824E-07  4.586758E-08 -2.640622E-15
        16   5  1.665478E+00  1.313828E-05  1.219420E-05  4.087823E-07 -4.586757E-08 -2.248633E-15
        16   6  1.665463E+00 -2.458685E-06 -3.243601E-06  4.087824E-07 -4.586758E-08 -2.271498E-15
        16   7  1.665478E+00  1.313828E-05  1.219420E-05 -4.087823E-07 -4.586758E-08  2.442636E-15
        16   8  1.665463E+00 -2.458685E-06 -3.243601E-06 -4.087824E-07 -4.586758E-08  2.416307E-15

 strains (elem, integ.pnt.,exx,eyy,ezz,exy,exz,eyz) for set ALL and time  0.7750000E+00

         1   1  2.686067E-02 -4.015755E-03 -5.379203E-03  1.094913E-02  2.931303E-03 -7.100206E-18
         1   2  2.686067E-02 -1.490446E-02 -1.992714E-02  1.082828E-02  2.887873E-03 -2.360205E-17
         1   3  2.686067E-02 -4.015755E-03 -5.379203E-03 -1.094913E-02  2.931303E-03  6.505771E-18
         1   4  2.686067E-02 -1.490446E-02 -1.992714E-02 -1.082828E-02  2.887873E-03  2.424079E-17
         1   5  2.686067E-02 -4.015755E-03 -5.379203E-03  1.094913E-02 -2.931303E-03 -7.450374E-18
         1   6  2.686067E-02 -1.490446E-02 -1.992714E-02  1.082828E-02 -2.887873E-03 -2.556745E-17
         1   7  2.686067E-02 -4.015755E-03 -5.379203E-03 -1.094913E-02 -2.931303E-03  5.939635E-18
         1   8  2.686067E-02 -1.490446E-02 -1.992714E-02 -1.082828E-02 -2.887873E-03  2.238163E-17
         2   1  6.068128E-02 -2.109660E-02 -2.683035E-02  6.103965E-03  8.912926E-04 -1.951189E-17
         2   2  6.068128E-02 -2.718111E-02 -3.127632E-02  6.065066E-03  8.870953E-04  6.685090E-18
         2   3  6.068128E-02 -2.109660E-02 -2.683035E-02 -6.103965E-03  8.912926E-04  2.112822E-17
         2   4  6.068128E-02 -2.718111E-02 -3.127632E-02 -6.065066E-03  8.870953E-04 -1.165917E-17
         2   5  6.068128E-02 -2.109660E-02 -2.683035E-02  6.103965E-03 -8.912926E-04 -2.254928E-17
         2   6  6.068128E-02 -2.718111E-02 -3.127632E-02  6.065066E-03 -8.870953E-04  4.711173E-18
         2   7  6.068128E-02 -2.109660E-02 -2.683035E-02 -6.103965E-03 -8.912926E-04  1.893969E-17
         2   8  6.068128E-02 -2.718111E-02 -3.127632E-02 -6.065066E-03 -8.870953E-04 -1.220953E-17
         3   1  7.573801E-02 -3.041924E-02 -3.351512E-02  2.787267E-03  3.368647E-04  1.963863E-17
         3   2  7.573801E-02 -3.320237E-02 -3.519793E-02  2.778995E-03  3.362565E-04  3.008192E-17
         3   3  7.573801E-02 -3.041924E-02 -3.351512E-02 -2.787267E-03  3.368647E-04 -2.407066E-17
         3   4  7.573801E-02 -3.320237E-02 -3.519793E-02 -2.778995E-03  3.362565E-04 -3.184279E-17
         3   5  7.573801E-02 -3.041924E-02 -3.351512E-02  2.787267E-03 -3.368647E-04  1.801541E-17
         3   6  7.573801E-02 -3.320237E-02 -3.519793E-02  2.778995E-03 -3.362565E-04  2.044458E-17
         3   7  7.573801E-02 -3.041924E-02 -3.351512E-02 -2.787267E-03 -3.368647E-04 -2.569388E-17
         3   8  7.573801E-02 -3.320237E-02 -3.519793E-02 -2.778995E-03 -3.362565E-04 -2.083030E-17
         4   1  8.233486E-02 -3.466382E-02 -3.606758E-02  1.214987E-03  1.390241E-04  1.903521E-17
         4   2  8.233486E-02 -3.587802E-02 -3.676244E-02  1.213401E-03  1.389199E-04 -7.361349E-18
         4   3  8.233486E-02 -3.466382E-02 -3.606758E-02 -1.214987E-03  1.390241E-04 -2.280258E-17
         4   4  8.233486E-02 -3.587802E-02 -3.676244E-02 -1.213401E-03  1.389199E-04  2.062033E-17
         4   5  8.233486E-02 -3.466382E-02 -3.606758E-02  1.214987E-03 -1.390241E-04  1.919060E-17
         4   6  8.233486E-02 -3.587802E-02 -3.676244E-02  1.213401E-03 -1.389199E-04 -8.264427E-18
         4   7  8.233486E-02 -3.466382E-02 -3.606758E-02 -1.214987E-03 -1.390241E-04 -1.197823E-17
         4   8  8.233486E-02 -3.587802E-02 -3.676244E-02 -1.213401E-03 -1.389199E-04  1.309697E-17
         5   1  8.519521E-02 -3.651365E-02 -3.712466E-02  5.234247E-04  5.901518E-05 -1.731326E-17
         5   2  8.519521E-02 -3.703693E-02 -3.741969E-02  5.231292E-04  5.899637E-05 -1.921952E-18
         5   3  8.519521E-02 -3.651365E-02 -3.712466E-02 -5.234247E-04  5.901518E-05  2.193601E-17
         5   4  8.519521E-02 -3.703693E-02 -3.741969E-02 -5.231292E-04  5.899637E-05  1.272299E-17
         5   5  8.519521E-02 -3.651365E-02 -3.712466E-02  5.234247E-04 -5.901518E-05 -1.475748E-17
         5   6  8.519521E-02 -3.703693E-02 -3.741969E-02  5.231292E-04 -5.899637E-05 -3.709718E-18
         5   7  8.519521E-02 -3.651365E-02 -3.712466E-02 -5.234247E-04 -5.901518E-05  2.449179E-17
         5   8  8.519521E-02 -3.703693E-02 -3.741969E-02 -5.231292E-04 -5.899637E-05  9.904902E-18
         6   1  8.642879E-02 -3.731069E-02 -3.757388E-02  2.248496E-04  2.525624E-05 -3.062599E-17
         6   2  8.642879E-02 -3.753552E-02 -3.770015E-02  2.247949E-04  2.525279E-05 -9.158615E-17
         6   3  8.642879E-02 -3.731069E-02 -3.757388E-02 -2.248496E-04  2.525624E-05  3.257779E-17
         6   4  8.642879E-02 -3.753552E-02 -3.770015E-02 -2.247949E-04  2.525279E-05  9.169656E-17
         6   5  8.642879E-02 -3.731069E-02 -3.757388E-02  2.248496E-04 -2.525624E-05 -2.958379E-17
         6   6  8.642879E-02 -3.753552E-02 -3.770015E-02  2.247949E-04 -2.525279E-05 -9.428450E-17
         6   7  8.642879E-02 -3.731069E-02 -3.757388E-02 -2.248496E-04 -2.525624E-05  2.861375E-17
         6   8  8.642879E-02 -3.753552E-02 -3.770015E-02 -2.247949E-04 -2.525279E-05  8.636545E-17
         7   1  8.695944E-02 -3.765312E-02 -3.776619E-02  9.652940E-05  1.083306E-05 -8.755435E-17
         7   2  8.695944E-02 -3.774965E-02 -3.782035E-02  9.651932E-05  1.083242E-05  3.989870E-18
         7   3  8.695944E-02 -3.765312E-02 -3.776619E-02 -9.652940E-05  1.083306E-05  7.446250E-17
         7   4  8.695944E-02 -3.774965E-02 -3.782035E-02 -9.651932E-05  1.083242E-05 -1.676834E-17
         7   5  8.695944E-02 -3.765312E-02 -3.776619E-02  9.652940E-05 -1.083306E-05 -7.921392E-17
         7   6  8.695944E-02 -3.774965E-02 -3.782035E-02  9.651932E-05 -1.083242E-05  5.019104E-18
         7   7  8.695944E-02 -3.765312E-02 -3.776619E-02 -9.652940E-05 -1.083306E-05  7.592193E-17
         7   8  8.695944E-02 -3.774965E-02 -3.782035E-02 -9.651932E-05 -1.083242E-05 -1.254652E-17
         8   1  8.718744E-02 -3.780014E-02 -3.784869E-02  4.143663E-05  4.649412E-06  3.352446E-17
         8   2  8.718744E-02 -3.784158E-02 -3.787193E-02  4.143477E-05  4.649295E-06  2.572703E-17
         8   3  8.718744E-02 -3.780014E-02 -3.784869E-02 -4.143663E-05  4.649412E-06 -3.006278E-17
         8   4  8.718744E-02 -3.784158E-02 -3.787193E-02 -4.143477E-05  4.649295E-06 -9.739514E-18
         8   5  8.718744E-02 -3.780014E-02 -3.784869E-02  4.143663E-05 -4.649412E-06  3.044941E-17
         8   6  8.718744E-02 -3.784158E-02 -3.787193E-02  4.143477E-05 -4.649295E-06  6.730277E-18
         8   7  8.718744E-02 -3.780014E-02 -3.784869E-02 -4.143663E-05 -4.649412E-06 -4.126866E-17
         8   8  8.718744E-02 -3.784158E-02 -3.787193E-02 -4.143477E-05 -4.649295E-06 -2.151788E-17
         9   1  8.728536E-02 -3.786326E-02 -3.788410E-02  1.778732E-05  1.995790E-06  1.183495E-17
         9   2  8.728536E-02 -3.788104E-02 -3.789407E-02  1.778697E-05  1.995769E-06 -3.019880E-17
         9   3  8.728536E-02 -3.786326E-02 -3.788410E-02 -1.778732E-05  1.995790E-06  9.750272E-18
         9   4  8.728536E-02 -3.788104E-02 -3.789407E-02 -1.778697E-05  1.995769E-06  5.652244E-17
         9   5  8.728536E-02 -3.786326E-02 -3.788410E-02  1.778732E-05 -1.995790E-06 -6.249365E-18
         9   6  8.728536E-02 -3.788104E-02 -3.789407E-02  1.778697E-05 -1.995769E-06 -3.981408E-17
         9   7  8.728536E-02 -3.786326E-02 -3.788410E-02 -1.778732E-05 -1.995790E-06 -1.246120E-18
         9   8  8.728536E-02 -3.788104E-02 -3.789407E-02 -1.778697E-05 -1.995769E-06  4.565638E-17
        10   1  8.732740E-02 -3.789035E-02 -3.789929E-02  7.635510E-06  8.567325E-07 -1.704010E-17
        10   2  8.732740E-02 -3.789798E-02 -3.790358E-02  7.635447E-06  8.567286E-07  6.165339E-17
        10   3  8.732740E-02 -3.789035E-02 -3.789929E-02 -7.635510E-06  8.567325E-07  3.820244E-17
        10   4  8.732740E-02 -3.789798E-02 -3.790358E-02 -7.635447E-06  8.567286E-07 -4.724127E-17
        10   5  8.732740E-02 -3.789035E-02 -3.789929E-02  7.635510E-06 -8.567325E-07 -3.126756E-17
        10   6  8.732740E-02 -3.789798E-02 -3.790358E-02  7.635447E-06 -8.567286E-07  4.773872E-17
        10   7  8.732740E-02 -3.789035E-02 -3.789929E-02 -7.635510E-06 -8.567325E-07  2.710192E-17
        10   8  8.732740E-02 -3.789798E-02 -3.790358E-02 -7.635447E-06 -8.567286E-07 -6.118200E-17
        11   1  8.734545E-02 -3.790198E-02 -3.790582E-02  3.277507E-06  3.677510E-07  7.212789E-17
        11   2  8.734545E-02 -3.790526E-02 -3.790766E-02  3.277495E-06  3.677503E-07  6.280323E-18
        11   3  8.734545E-02 -3.790198E-02 -3.790582E-02 -3.277507E-06  3.677510E-07 -5.784680E-17
        11   4  8.734545E-02 -3.790526E-02 -3.790766E-02 -3.277495E-06  3.677503E-07  2.610672E-19
        11   5  8.734545E-02 -3.790198E-02 -3.790582E-02  3.277507E-06 -3.677510E-07  6.295570E-17
        11   6  8.734545E-02 -3.790526E-02 -3.790766E-02  3.277495E-06 -3.677503E-07  5.524655E-18
        11   7  8.734545E-02 -3.790198E-02 -3.790582E-02 -3.277507E-06 -3.677510E-07 -6.545554E-17
        11   8  8.734545E-02 -3.790526E-02 -3.790766E-02 -3.277495E-06 -3.677503E-07  6.931753E-18
        12   1  8.735319E-02 -3.790697E-02 -3.790862E-02  1.406398E-06  1.578049E-07 -2.220050E-17
        12   2  8.735319E-02 -3.790838E-02 -3.790941E-02  1.406396E-06  1.578047E-07 -2.356859E-17
        12   3  8.735319E-02 -3.790697E-02 -3.790862E-02 -1.406398E-06  1.578049E-07  2.095045E-17
        12   4  8.735319E-02 -3.790838E-02 -3.790941E-02 -1.406396E-06  1.578047E-07  6.840276E-18
        12   5  8.735319E-02 -3.790697E-02 -3.790862E-02  1.406398E-06 -1.578049E-07 -4.585752E-18
        12   6  8.735319E-02 -3.790838E-02 -3.790941E-02  1.406396E-06 -1.578047E-07 -1.620740E-17
        12   7  8.735319E-02 -3.790697E-02 -3.790862E-02 -1.406398E-06 -1.578049E-07  2.689151E-17
        12   8  8.735319E-02 -3.790838E-02 -3.790941E-02 -1.406396E-06 -1.578047E-07  1.011046E-17
        13   1  8.735652E-02 -3.790911E-02 -3.790982E-02  6.024159E-07  6.759419E-08 -3.960548E-18
        13   2  8.735652E-02 -3.790971E-02 -3.791016E-02  6.024155E-07  6.759416E-08  2.362099E-17
        13   3  8.735652E-02 -3.790911E-02 -3.790982E-02 -6.024159E-07  6.759419E-08 -1.896954E-17
        13   4  8.735652E-02 -3.790971E-02 -3.791016E-02 -6.024155E-07  6.759416E-08 -3.806957E-17
        13   5  8.735652E-02 -3.790911E-02 -3.790982E-02  6.024159E-07 -6.759419E-08 -8.336774E-19
        13   6  8.735652E-02 -3.790971E-02 -3.791016E-02  6.024155E-07 -6.759416E-08  3.095610E-17
        13   7  8.735652E-02 -3.790911E-02 -3.790982E-02 -6.024159E-07 -6.759419E-08  8.339882E-19
        13   8  8.735652E-02 -3.790971E-02 -3.791016E-02 -6.024155E-07 -6.759416E-08 -3.429127E-17
        14   1  8.735793E-02 -3.791003E-02 -3.791034E-02  2.555222E-07  2.867094E-08  1.229907E-17
        14   2  8.735793E-02 -3.791028E-02 -3.791048E-02  2.555221E-07  2.867094E-08 -5.143698E-17
        14   3  8.735793E-02 -3.791003E-02 -3.791034E-02 -2.555222E-07  2.867094E-08 -2.105421E-17
        14   4  8.735793E-02 -3.791028E-02 -3.791048E-02 -2.555221E-07  2.867094E-08  7.748122E-17
        14   5  8.735793E-02 -3.791003E-02 -3.791034E-02  2.555222E-07 -2.867094E-08  1.313290E-17
        14   6  8.735793E-02 -3.791028E-02 -3.791048E-02  2.555221E-07 -2.867094E-08 -5.623151E-17
        14   7  8.735793E-02 -3.791003E-02 -3.791034E-02 -2.555222E-07 -2.867094E-08 -1.876117E-17
        14   8  8.735793E-02 -3.791028E-02 -3.791048E-02 -2.555221E-07 -2.867094E-08  6.842634E-17
        15   1  8.735853E-02 -3.791042E-02 -3.791055E-02  1.025078E-07  1.150192E-08 -5.836820E-17
        15   2  8.735853E-02 -3.791052E-02 -3.791061E-02  1.025078E-07  1.150192E-08  1.172581E-18
        15   3  8.735853E-02 -3.791042E-02 -3.791055E-02 -1.025078E-07  1.150192E-08  8.671850E-17
        15   4  8.735853E-02 -3.791052E-02 -3.791061E-02 -1.025078E-07  1.150192E-08  1.864396E-17
        15   5  8.735853E-02 -3.791042E-02 -3.791055E-02  1.025078E-07 -1.150192E-08 -6.962493E-17
        15   6  8.735853E-02 -3.791052E-02 -3.791061E-02  1.025078E-07 -1.150192E-08  1.928242E-18
        15   7  8.735853E-02 -3.791042E-02 -3.791055E-02 -1.025078E-07 -1.150192E-08  7.546177E-17
        15   8  8.735853E-02 -3.791052E-02 -3.791061E-02 -1.025078E-07 -1.150192E-08  1.573858E-17
        16   1  8.735874E-02 -3.791057E-02 -3.791064E-02  2.727173E-08  3.060034E-09  1.360188E-17
        16   2  8.735874E-02 -3.791059E-02 -3.791065E-02  2.727173E-08  3.060034E-09 -7.243903E-18
        16   3  8.735874E-02 -3.791057E-02 -3.791064E-02 -2.727173E-08  3.060034E-09  1.928241E-18
        16   4  8.735874E-02 -3.791059E-02 -3.791065E-02 -2.727173E-08  3.060034E-09 -1.801857E-17
        16   5  8.735874E-02 -3.791057E-02 -3.791064E-02  2.727173E-08 -3.060034E-09  1.146519E-17
        16   6  8.735874E-02 -3.791059E-02 -3.791065E-02  2.727173E-08 -3.060034E-09  9.745412E-18
        16   7  8.735874E-02 -3.791057E-02 -3.791064E-02 -2.727173E-08 -3.060034E-09  3.126873E-18
        16   8  8.735874E-02 -3.791059E-02 -3.791065E-02 -2.727173E-08 -3.060034E-09  1.146525E-18

                                INCREMENT    10


 forces (fx,fy,fz) for set RIGHT and time  0.8750000E+00

        65  2.152424E+00 -4.233096E-14 -2.047936E-13
        66  2.152424E+00  4.219786E-14 -1.859065E-13
        67  2.152424E+00  3.627869E-14  1.856572E-13
        68  2.152424E+00 -3.636308E-14  2.048372E-13

 displacements (vx,vy,vz) for set RIGHT and time  0.8750000E+00

        65  1.750000E+00  1.083240E-01  2.166483E-02
        66  1.750000E+00 -1.083240E-01  2.166483E-02
        67  1.750000E+00 -1.083240E-01 -2.166483E-02
        68  1.750000E+00  1.083240E-01 -2.166483E-02

 stresses (elem, integ.pnt.,sxx,syy,szz,sxy,sxz,syz) for set ALL and time  0.8750000E+00

         1   1  6.511923E+00  6.071029E+00  6.047659E+00  1.640616E-01  4.396580E-02  1.052905E-03
         1   2 -3.121270E+00 -3.749696E+00 -3.829686E+00  1.722484E-01  4.615973E-02  1.105446E-03
         1   3  6.511923E+00  6.071029E+00  6.047659E+00 -1.640616E-01  4.396580E-02 -1.052905E-03
         1   4 -3.121270E+00 -3.749696E+00 -3.829686E+00 -1.722484E-01  4.615973E-02 -1.105446E-03
         1   5  6.511923E+00  6.071029E+00  6.047659E+00  1.640616E-01 -4.396580E-02 -1.052905E-03
         1   6 -3.121270E+00 -3.749696E+00 -3.829686E+00  1.722484E-01 -4.615973E-02 -1.105446E-03
         1   7  6.511923E+00  6.071029E+00  6.047659E+00 -1.640616E-01 -4.396580E-02  1.052905E-03
         1   8 -3.121270E+00 -3.749696E+00 -3.829686E+00 -1.722484E-01 -4.615973E-02  1.105446E-03
         2   1  3.872507E+00  2.663432E+00  2.578112E+00  9.787068E-02  1.439374E-02  1.886830E-04
         2   2 -2.362475E-01 -1.561924E+00 -1.624528E+00  9.993127E-02  1.469679E-02  1.926555E-04
         2   3  3.872507E+00  2.663432E+00  2.578112E+00 -9.787068E-02  1.439374E-02 -1.886830E-04
         2   4 -2.362475E-01 -1.561924E+00 -1.624528E+00 -9.993127E-02  1.469679E-02 -1.926555E-04
         2   5  3.872507E+00  2.663432E+00  2.578112E+00  9.787068E-02 -1.439374E-02 -1.886830E-04
         2   6 -2.362475E-01 -1.561924E+00 -1.624528E+00  9.993127E-02 -1.469679E-02 -1.926555E-04
         2   7  3.872507E+00  2.663432E+00  2.578112E+00 -9.787068E-02 -1.439374E-02  1.886830E-04
         2   8 -2.362475E-01 -1.561924E+00 -1.624528E+00 -9.993127E-02 -1.469679E-02  1.926555E-04
         3   1  2.739658E+00  1.155014E+00  1.109020E+00  4.613061E-02  5.591073E-03  3.329852E-05
         3   2  9.747991E-01 -6.655541E-01 -6.955565E-01  4.654592E-02  5.641410E-03  3.359830E-05
         3   3  2.739658E+00  1.155014E+00  1.109020E+00 -4.613061E-02  5.591073E-03 -3.329852E-05
         3   4  9.747991E-01 -6.655541E-01 -6.955565E-01 -4.654592E-02  5.641410E-03 -3.359830E-05
         3   5  2.739658E+00  1.155014E+00  1.109020E+00  4.613061E-02 -5.591073E-03 -3.329852E-05
         3   6  9.747991E-01 -6.655541E-01 -6.955565E-01  4.654592E-02 -5.641410E-03 -3.359830E-05
         3   7  2.739658E+00  1.155014E+00  1.109020E+00 -4.613061E-02 -5.591073E-03  3.329852E-05
         3   8  9.747991E-01 -6.655541E-01 -6.955565E-01 -4.654592E-02 -5.641410E-03  3.359830E-05
         4   1  2.250768E+00  4.979353E-01  4.771000E-01  2.038002E-02  2.332266E-03  6.040337E-06
         4   2  1.492431E+00 -2.851926E-01 -2.983834E-01  2.045871E-02  2.341271E-03  6.063659E-06
         4   3  2.250768E+00  4.979353E-01  4.771000E-01 -2.038002E-02  2.332266E-03 -6.040337E-06
         4   4  1.492431E+00 -2.851926E-01 -2.983834E-01 -2.045871E-02  2.341271E-03 -6.063659E-06
         4   5  2.250768E+00  4.979353E-01  4.771000E-01  2.038002E-02 -2.332266E-03 -6.040337E-06
         4   6  1.492431E+00 -2.851926E-01 -2.983834E-01  2.045871E-02 -2.341271E-03 -6.063659E-06
         4   7  2.250768E+00  4.979353E-01  4.771000E-01 -2.038002E-02 -2.332266E-03  6.040337E-06
         4   8  1.492431E+00 -2.851926E-01 -2.983834E-01 -2.045871E-02 -2.341271E-03  6.063659E-06
         5   1  2.040129E+00  2.140514E-01  2.049920E-01  8.825592E-03  9.940445E-04  1.107335E-06
         5   2  1.714522E+00 -1.223323E-01 -1.280175E-01  8.840212E-03  9.956911E-04  1.109169E-06
         5   3  2.040129E+00  2.140514E-01  2.049920E-01 -8.825592E-03  9.940445E-04 -1.107335E-06
         5   4  1.714522E+00 -1.223323E-01 -1.280175E-01 -8.840212E-03  9.956911E-04 -1.109169E-06
         5   5  2.040129E+00  2.140514E-01  2.049920E-01  8.825592E-03 -9.940445E-04 -1.107335E-06
         5   6  1.714522E+00 -1.223323E-01 -1.280175E-01  8.840212E-03 -9.956911E-04 -1.109169E-06
         5   7  2.040129E+00  2.140514E-01  2.049920E-01 -8.825592E-03 -9.940445E-04  1.107335E-06
         5   8  1.714522E+00 -1.223323E-01 -1.280175E-01 -8.840212E-03 -9.956911E-04  1.109169E-06
         6   1  1.949563E+00  9.189379E-02  8.799574E-02  3.797485E-03  4.259182E-04  2.035567E-07
         6   2  1.809839E+00 -5.247567E-02 -5.491521E-02  3.800183E-03  4.262208E-04  2.037014E-07
         6   3  1.949563E+00  9.189379E-02  8.799574E-02 -3.797485E-03  4.259182E-04 -2.035567E-07
         6   4  1.809839E+00 -5.247567E-02 -5.491521E-02 -3.800183E-03  4.262208E-04 -2.037014E-07
         6   5  1.949563E+00  9.189379E-02  8.799574E-02  3.797485E-03 -4.259182E-04 -2.035567E-07
         6   6  1.809839E+00 -5.247567E-02 -5.491521E-02  3.800183E-03 -4.262208E-04 -2.037014E-07
         6   7  1.949563E+00  9.189379E-02  8.799574E-02 -3.797485E-03 -4.259182E-04  2.035567E-07
         6   8  1.809839E+00 -5.247567E-02 -5.491521E-02 -3.800183E-03 -4.262208E-04  2.037014E-07
         7   1  1.910674E+00  3.942701E-02  3.775415E-02  1.630489E-03  1.826772E-04  3.743879E-08
         7   2  1.850736E+00 -2.250763E-02 -2.355364E-02  1.630986E-03  1.827328E-04  3.745020E-08
         7   3  1.910674E+00  3.942701E-02  3.775415E-02 -1.630489E-03  1.826772E-04 -3.743879E-08
         7   4  1.850736E+00 -2.250763E-02 -2.355364E-02 -1.630986E-03  1.827328E-04 -3.745020E-08
         7   5  1.910674E+00  3.942701E-02  3.775415E-02  1.630489E-03 -1.826772E-04 -3.743879E-08
         7   6  1.850736E+00 -2.250763E-02 -2.355364E-02  1.630986E-03 -1.827328E-04 -3.745020E-08
         7   7  1.910674E+00  3.942701E-02  3.775415E-02 -1.630489E-03 -1.826772E-04  3.743879E-08
         7   8  1.850736E+00 -2.250763E-02 -2.355364E-02 -1.630986E-03 -1.827328E-04  3.745020E-08
         8   1  1.893986E+00  1.691166E-02  1.619418E-02  6.995435E-04  7.835598E-05  6.886104E-09
         8   2  1.868279E+00 -9.653119E-03 -1.010161E-02  6.996349E-04  7.836622E-05  6.887004E-09
         8   3  1.893986E+00  1.691166E-02  1.619418E-02 -6.995435E-04  7.835598E-05 -6.886104E-09
         8   4  1.868279E+00 -9.653119E-03 -1.010161E-02 -6.996349E-04  7.836622E-05 -6.887003E-09
         8   5  1.893986E+00  1.691166E-02  1.619418E-02  6.995435E-04 -7.835598E-05 -6.886104E-09
         8   6  1.868279E+00 -9.653119E-03 -1.010161E-02  6.996349E-04 -7.836622E-05 -6.887005E-09
         8   7  1.893986E+00  1.691166E-02  1.619418E-02 -6.995435E-04 -7.835598E-05  6.886104E-09
         8   8  1.868279E+00 -9.653119E-03 -1.010161E-02 -6.996349E-04 -7.836622E-05  6.887005E-09
         9   1  1.886828E+00  7.253167E-03  6.945478E-03  3.000491E-04  3.360685E-05  1.266504E-09
         9   2  1.875803E+00 -4.139861E-03 -4.332174E-03  3.000659E-04  3.360873E-05  1.266576E-09
         9   3  1.886828E+00  7.253167E-03  6.945478E-03 -3.000491E-04  3.360685E-05 -1.266504E-09
         9   4  1.875803E+00 -4.139861E-03 -4.332174E-03 -3.000659E-04  3.360873E-05 -1.266576E-09
         9   5  1.886828E+00  7.253167E-03  6.945478E-03  3.000491E-04 -3.360685E-05 -1.266506E-09
         9   6  1.875803E+00 -4.139861E-03 -4.332174E-03  3.000659E-04 -3.360873E-05 -1.266576E-09
         9   7  1.886828E+00  7.253167E-03  6.945478E-03 -3.000491E-04 -3.360685E-05  1.266506E-09
         9   8  1.875803E+00 -4.139861E-03 -4.332174E-03 -3.000659E-04 -3.360873E-05  1.266576E-09
        10   1  1.883758E+00  3.110602E-03  2.978652E-03  1.286827E-04  1.441295E-05  2.329258E-10
        10   2  1.879030E+00 -1.775360E-03 -1.857830E-03  1.286857E-04  1.441330E-05  2.329310E-10
        10   3  1.883758E+00  3.110602E-03  2.978652E-03 -1.286827E-04  1.441295E-05 -2.329259E-10
        10   4  1.879030E+00 -1.775360E-03 -1.857830E-03 -1.286857E-04  1.441330E-05 -2.329313E-10
        10   5  1.883758E+00  3.110602E-03  2.978652E-03  1.286827E-04 -1.441295E-05 -2.329249E-10
        10   6  1.879030E+00 -1.775360E-03 -1.857830E-03  1.286857E-04 -1.441330E-05 -2.329309E-10
        10   7  1.883758E+00  3.110602E-03  2.978652E-03 -1.286827E-04 -1.441295E-05  2.329250E-10
        10   8  1.879030E+00 -1.775360E-03 -1.857830E-03 -1.286857E-04 -1.441330E-05  2.329308E-10
        11   1  1.882441E+00  1.333942E-03  1.277353E-03  5.518282E-05  6.180700E-06  4.283178E-11
        11   2  1.880414E+00 -7.612675E-04 -7.966378E-04  5.518338E-05  6.180764E-06  4.283259E-11
        11   3  1.882441E+00  1.333942E-03  1.277353E-03 -5.518282E-05  6.180700E-06 -4.283206E-11
        11   4  1.880414E+00 -7.612675E-04 -7.966378E-04 -5.518338E-05  6.180764E-06 -4.283247E-11
        11   5  1.882441E+00  1.333942E-03  1.277353E-03  5.518282E-05 -6.180700E-06 -4.283194E-11
        11   6  1.880414E+00 -7.612675E-04 -7.966378E-04  5.518338E-05 -6.180764E-06 -4.283211E-11
        11   7  1.882441E+00  1.333942E-03  1.277353E-03 -5.518282E-05 -6.180700E-06  4.283165E-11
        11   8  1.880414E+00 -7.612675E-04 -7.966378E-04 -5.518338E-05 -6.180764E-06  4.283217E-11
        12   1  1.881876E+00  5.719320E-04  5.476581E-04  2.365585E-05  2.649557E-06  7.871061E-12
        12   2  1.881007E+00 -3.262402E-04 -3.414183E-04  2.365596E-05  2.649569E-06  7.870683E-12
        12   3  1.881876E+00  5.719320E-04  5.476581E-04 -2.365585E-05  2.649557E-06 -7.871099E-12
        12   4  1.881007E+00 -3.262402E-04 -3.414183E-04 -2.365596E-05  2.649569E-06 -7.870735E-12
        12   5  1.881876E+00  5.719320E-04  5.476581E-04  2.365585E-05 -2.649557E-06 -7.870865E-12
        12   6  1.881007E+00 -3.262402E-04 -3.414183E-04  2.365596E-05 -2.649569E-06 -7.871473E-12
        12   7  1.881876E+00  5.719320E-04  5.476581E-04 -2.365585E-05 -2.649557E-06  7.870992E-12
        12   8  1.881007E+00 -3.262402E-04 -3.414183E-04 -2.365596E-05 -2.649569E-06  7.871279E-12
        13   1  1.881634E+00  2.449679E-04  2.345440E-04  1.012272E-05  1.133790E-06  1.440976E-12
        13   2  1.881262E+00 -1.393736E-04 -1.459053E-04  1.012274E-05  1.133792E-06  1.441459E-12
        13   3  1.881634E+00  2.449679E-04  2.345440E-04 -1.012272E-05  1.133790E-06 -1.440936E-12
        13   4  1.881262E+00 -1.393736E-04 -1.459053E-04 -1.012274E-05  1.133792E-06 -1.441504E-12
        13   5  1.881634E+00  2.449679E-04  2.345440E-04  1.012272E-05 -1.133790E-06 -1.441707E-12
        13   6  1.881262E+00 -1.393736E-04 -1.459053E-04  1.012274E-05 -1.133792E-06 -1.440977E-12
        13   7  1.881634E+00  2.449679E-04  2.345440E-04 -1.012272E-05 -1.133790E-06  1.441619E-12
        13   8  1.881262E+00 -1.393736E-04 -1.459053E-04 -1.012274E-05 -1.133792E-06  1.440994E-12
        14   1  1.881529E+00  1.043433E-04  9.984004E-05  4.289595E-06  4.804540E-07  2.592290E-13
        14   2  1.881372E+00 -5.852470E-05 -6.137862E-05  4.289599E-06  4.804544E-07  2.592202E-13
        14   3  1.881529E+00  1.043433E-04  9.984004E-05 -4.289595E-06  4.804540E-07 -2.591849E-13
        14   4  1.881372E+00 -5.852470E-05 -6.137862E-05 -4.289599E-06  4.804544E-07 -2.590570E-13
        14   5  1.881529E+00  1.043433E-04  9.984004E-05  4.289595E-06 -4.804540E-07 -2.583908E-13
        14   6  1.881372E+00 -5.852470E-05 -6.137862E-05  4.289599E-06 -4.804544E-07 -2.585696E-13
        14   7  1.881529E+00  1.043433E-04  9.984004E-05 -4.289595E-06 -4.804540E-07  2.583054E-13
        14   8  1.881372E+00 -5.852470E-05 -6.137862E-05 -4.289599E-06 -4.804544E-07  2.583862E-13
        15   1  1.881483E+00  4.308991E-05  4.108169E-05  1.719439E-06  1.925850E-07  4.177240E-14
        15   2  1.881420E+00 -2.219401E-05 -2.354110E-05  1.719440E-06  1.925851E-07  4.113210E-14
        15   3  1.881483E+00  4.308991E-05  4.108169E-05 -1.719439E-06  1.925850E-07 -4.157114E-14
        15   4  1.881420E+00 -2.219401E-05 -2.354110E-05 -1.719440E-06  1.925851E-07 -4.092515E-14
        15   5  1.881483E+00  4.308991E-05  4.108169E-05  1.719439E-06 -1.925850E-07 -4.158079E-14
        15   6  1.881420E+00 -2.219401E-05 -2.354110E-05  1.719440E-06 -1.925851E-07 -4.205639E-14
        15   7  1.881483E+00  4.308991E-05  4.108169E-05 -1.719439E-06 -1.925850E-07  4.140985E-14
        15   8  1.881420E+00 -2.219401E-05 -2.354110E-05 -1.719440E-06 -1.925851E-07  4.223628E-14
        16   1  1.881461E+00  1.461387E-05  1.357313E-05  4.572157E-07  5.121024E-08  2.131797E-15
        16   2  1.881444E+00 -2.745756E-06 -3.610699E-06  4.572158E-07  5.121024E-08  2.569127E-15
        16   3  1.881461E+00  1.461387E-05  1.357313E-05 -4.572157E-07  5.121023E-08 -2.182801E-15
        16   4  1.881444E+00 -2.745756E-06 -3.610699E-06 -4.572158E-07  5.121024E-08 -2.546037E-15
        16   5  1.881461E+00  1.461387E-05  1.357313E-05  4.572157E-07 -5.121024E-08 -3.698464E-15
        16   6  1.881444E+00 -2.745756E-06 -3.610699E-06  4.572158E-07 -5.121024E-08 -3.327647E-15
        16   7  1.881461E+00  1.461387E-05  1.357313E-05 -4.572157E-07 -5.121024E-08  3.726034E-15
        16   8  1.881444E+00 -2.745756E-06 -3.610699E-06 -4.572158E-07 -5.121024E-08  3.444820E-15

 strains (elem, integ.pnt.,exx,eyy,ezz,exy,exz,eyz) for set ALL and time  0.8750000E+00

         1   1  3.023142E-02 -4.501827E-03 -6.027442E-03  1.227141E-02  3.283469E-03 -7.586934E-18
         1   2  3.023142E-02 -1.669726E-02 -2.230838E-02  1.211945E-02  3.228906E-03 -2.895548E-17
         1   3  3.023142E-02 -4.501827E-03 -6.027442E-03 -1.227141E-02  3.283469E-03  6.659962E-18
         1   4  3.023142E-02 -1.669726E-02 -2.230838E-02 -1.211945E-02  3.228906E-03  2.306265E-17
         1   5  3.023142E-02 -4.501827E-03 -6.027442E-03  1.227141E-02 -3.283469E-03 -5.796010E-18
         1   6  3.023142E-02 -1.669726E-02 -2.230838E-02  1.211945E-02 -3.228906E-03 -2.098094E-17
         1   7  3.023142E-02 -4.501827E-03 -6.027442E-03 -1.227141E-02 -3.283469E-03  8.882609E-18
         1   8  3.023142E-02 -1.669726E-02 -2.230838E-02 -1.211945E-02 -3.228906E-03  3.103719E-17
         2   1  6.864551E-02 -2.362344E-02 -3.002500E-02  6.822082E-03  9.965525E-04 -3.419826E-17
         2   2  6.864551E-02 -3.042109E-02 -3.499455E-02  6.773233E-03  9.912697E-04 -3.806121E-17
         2   3  6.864551E-02 -2.362344E-02 -3.002500E-02 -6.822082E-03  9.965525E-04  3.279013E-17
         2   4  6.864551E-02 -3.042109E-02 -3.499455E-02 -6.773233E-03  9.912697E-04  3.989985E-17
         2   5  6.864551E-02 -2.362344E-02 -3.002500E-02  6.822082E-03 -9.965525E-04 -3.128704E-17
         2   6  6.864551E-02 -3.042109E-02 -3.499455E-02  6.773233E-03 -9.912697E-04 -5.081618E-17
         2   7  6.864551E-02 -2.362344E-02 -3.002500E-02 -6.822082E-03 -9.965525E-04  3.654798E-17
         2   8  6.864551E-02 -3.042109E-02 -3.499455E-02 -6.773233E-03 -9.912697E-04  2.835448E-17
         3   1  8.585833E-02 -3.403664E-02 -3.749483E-02  3.111674E-03  3.757357E-04 -3.052326E-17
         3   2  8.585833E-02 -3.714312E-02 -3.937161E-02  3.101284E-03  3.749726E-04 -2.078658E-17
         3   3  8.585833E-02 -3.403664E-02 -3.749483E-02 -3.111674E-03  3.757357E-04  3.562497E-17
         3   4  8.585833E-02 -3.714312E-02 -3.937161E-02 -3.101284E-03  3.749726E-04  2.728959E-17
         3   5  8.585833E-02 -3.403664E-02 -3.749483E-02  3.111674E-03 -3.757357E-04 -5.328029E-17
         3   6  8.585833E-02 -3.714312E-02 -3.937161E-02  3.101284E-03 -3.749726E-04 -3.670297E-17
         3   7  8.585833E-02 -3.403664E-02 -3.749483E-02 -3.111674E-03 -3.757357E-04  1.621722E-17
         3   8  8.585833E-02 -3.714312E-02 -3.937161E-02 -3.101284E-03 -3.749726E-04  2.317410E-17
         4   1  9.341758E-02 -3.877365E-02 -4.034093E-02  1.354936E-03  1.547936E-04 -2.085225E-17
         4   2  9.341758E-02 -4.012759E-02 -4.111458E-02  1.352946E-03  1.546633E-04  8.509152E-18
         4   3  9.341758E-02 -3.877365E-02 -4.034093E-02 -1.354936E-03  1.547936E-04  1.246985E-17
         4   4  9.341758E-02 -4.012759E-02 -4.111458E-02 -1.352946E-03  1.546633E-04 -9.115499E-18
         4   5  9.341758E-02 -3.877365E-02 -4.034093E-02  1.354936E-03 -1.547936E-04 -1.611098E-17
         4   6  9.341758E-02 -4.012759E-02 -4.111458E-02  1.352946E-03 -1.546633E-04  1.122000E-17
         4   7  9.341758E-02 -3.877365E-02 -4.034093E-02 -1.354936E-03 -1.547936E-04  1.075460E-17
         4   8  9.341758E-02 -4.012759E-02 -4.111458E-02 -1.352946E-03 -1.546633E-04  7.528701E-18
         5   1  9.669672E-02 -4.083612E-02 -4.151770E-02  5.830874E-04  6.562557E-05 -2.481766E-18
         5   2  9.669672E-02 -4.141902E-02 -4.184577E-02  5.827172E-04  6.560209E-05 -1.409388E-17
         5   3  9.669672E-02 -4.083612E-02 -4.151770E-02 -5.830874E-04  6.562557E-05 -5.806517E-18
         5   4  9.669672E-02 -4.141902E-02 -4.184577E-02 -5.827172E-04  6.560209E-05  2.285752E-17
         5   5  9.669672E-02 -4.083612E-02 -4.151770E-02  5.830874E-04 -6.562557E-05  1.407831E-18
         5   6  9.669672E-02 -4.141902E-02 -4.184577E-02  5.827172E-04 -6.560209E-05 -5.584926E-18
         5   7  9.669672E-02 -4.083612E-02 -4.151770E-02 -5.830874E-04 -6.562557E-05  3.070206E-18
         5   8  9.669672E-02 -4.141902E-02 -4.184577E-02 -5.827172E-04 -6.560209E-05  2.919901E-17
         6   1  9.811037E-02 -4.172388E-02 -4.201716E-02  2.502151E-04  2.805463E-05 -3.800501E-17
         6   2  9.811037E-02 -4.197406E-02 -4.215743E-02  2.501468E-04  2.805034E-05 -1.802337E-17
         6   3  9.811037E-02 -4.172388E-02 -4.201716E-02 -2.502151E-04  2.805463E-05  3.340800E-17
         6   4  9.811037E-02 -4.197406E-02 -4.215743E-02 -2.501468E-04  2.805034E-05  2.033245E-17
         6   5  9.811037E-02 -4.172388E-02 -4.201716E-02  2.502151E-04 -2.805463E-05 -2.596830E-17
         6   6  9.811037E-02 -4.197406E-02 -4.215743E-02  2.501468E-04 -2.805034E-05 -1.604067E-17
         6   7  9.811037E-02 -4.172388E-02 -4.201716E-02 -2.502151E-04 -2.805463E-05  3.215857E-17
         6   8  9.811037E-02 -4.197406E-02 -4.215743E-02 -2.501468E-04 -2.805034E-05  1.306671E-17
         7   1  9.871803E-02 -4.210489E-02 -4.223076E-02  1.073079E-04  1.202094E-05 -1.245366E-17
         7   2  9.871803E-02 -4.221219E-02 -4.229086E-02  1.072953E-04  1.202015E-05  1.948962E-17
         7   3  9.871803E-02 -4.210489E-02 -4.223076E-02 -1.073079E-04  1.202094E-05  2.487035E-18
         7   4  9.871803E-02 -4.221219E-02 -4.229086E-02 -1.072953E-04  1.202015E-05 -1.455094E-17
         7   5  9.871803E-02 -4.210489E-02 -4.223076E-02  1.073079E-04 -1.202094E-05 -8.719227E-18
         7   6  9.871803E-02 -4.221219E-02 -4.229086E-02  1.072953E-04 -1.202015E-05  1.592381E-17
         7   7  9.871803E-02 -4.210489E-02 -4.223076E-02 -1.073079E-04 -1.202094E-05  7.881544E-18
         7   8  9.871803E-02 -4.221219E-02 -4.229086E-02 -1.072953E-04 -1.202015E-05 -1.711821E-17
         8   1  9.897889E-02 -4.226831E-02 -4.232229E-02  4.601641E-05  5.154001E-06  1.125521E-17
         8   2  9.897889E-02 -4.231432E-02 -4.234806E-02  4.601409E-05  5.153856E-06 -4.228299E-17
         8   3  9.897889E-02 -4.226831E-02 -4.232229E-02 -4.601641E-05  5.154001E-06  3.163771E-18
         8   4  9.897889E-02 -4.231432E-02 -4.234806E-02 -4.601409E-05  5.153856E-06  5.395353E-17
         8   5  9.897889E-02 -4.226831E-02 -4.232229E-02  4.601641E-05 -5.154001E-06  8.301351E-19
         8   6  9.897889E-02 -4.231432E-02 -4.234806E-02  4.601409E-05 -5.153856E-06 -6.208240E-17
         8   7  9.897889E-02 -4.226831E-02 -4.232229E-02 -4.601641E-05 -5.154001E-06 -4.149207E-18
         8   8  9.897889E-02 -4.231432E-02 -4.234806E-02 -4.601409E-05 -5.153856E-06  5.383708E-17
         9   1  9.909081E-02 -4.233839E-02 -4.236154E-02  1.973320E-05  2.210152E-06 -5.056714E-17
         9   2  9.909081E-02 -4.235812E-02 -4.237259E-02  1.973278E-05  2.210125E-06  1.596120E-17
         9   3  9.909081E-02 -4.233839E-02 -4.236154E-02 -1.973320E-05  2.210152E-06  4.242534E-17
         9   4  9.909081E-02 -4.235812E-02 -4.237259E-02 -1.973278E-05  2.210125E-06 -2.158766E-17
         9   5  9.909081E-02 -4.233839E-02 -4.236154E-02  1.973320E-05 -2.210152E-06 -6.119919E-17
         9   6  9.909081E-02 -4.235812E-02 -4.237259E-02  1.973278E-05 -2.210125E-06  1.835982E-17
         9   7  9.909081E-02 -4.233839E-02 -4.236154E-02 -1.973320E-05 -2.210152E-06  5.165726E-17
         9   8  9.909081E-02 -4.235812E-02 -4.237259E-02 -1.973278E-05 -2.210125E-06 -5.704637E-18
        10   1  9.913881E-02 -4.236844E-02 -4.237837E-02  8.462245E-06  9.477938E-07  2.676138E-17
        10   2  9.913881E-02 -4.237690E-02 -4.238311E-02  8.462166E-06  9.477889E-07 -4.663920E-19
        10   3  9.913881E-02 -4.236844E-02 -4.237837E-02 -8.462245E-06  9.477938E-07 -3.801486E-17
        10   4  9.913881E-02 -4.237690E-02 -4.238311E-02 -8.462166E-06  9.477889E-07 -2.259850E-17
        10   5  9.913881E-02 -4.236844E-02 -4.237837E-02  8.462245E-06 -9.477938E-07  3.485187E-17
        10   6  9.913881E-02 -4.237690E-02 -4.238311E-02  8.462166E-06 -9.477889E-07  9.646674E-18
        10   7  9.913881E-02 -4.236844E-02 -4.237837E-02 -8.462245E-06 -9.477938E-07 -3.319170E-17
        10   8  9.913881E-02 -4.237690E-02 -4.238311E-02 -8.462166E-06 -9.477889E-07 -1.561012E-17
        11   1  9.915940E-02 -4.238133E-02 -4.238559E-02  3.628711E-06  4.064285E-07 -6.274987E-18
        11   2  9.915940E-02 -4.238496E-02 -4.238762E-02  3.628697E-06  4.064276E-07  2.119857E-17
        11   3  9.915940E-02 -4.238133E-02 -4.238559E-02 -3.628711E-06  4.064285E-07 -1.426170E-17
        11   4  9.915940E-02 -4.238496E-02 -4.238762E-02 -3.628697E-06  4.064276E-07 -1.249846E-17
        11   5  9.915940E-02 -4.238133E-02 -4.238559E-02  3.628711E-06 -4.064285E-07 -5.808257E-18
        11   6  9.915940E-02 -4.238496E-02 -4.238762E-02  3.628697E-06 -4.064276E-07  1.488440E-17
        11   7  9.915940E-02 -4.238133E-02 -4.238559E-02 -3.628711E-06 -4.064285E-07 -1.618060E-17
        11   8  9.915940E-02 -4.238496E-02 -4.238762E-02 -3.628697E-06 -4.064276E-07 -1.032031E-17
        12   1  9.916823E-02 -4.238686E-02 -4.238868E-02  1.555535E-06  1.742263E-07  5.238114E-18
        12   2  9.916823E-02 -4.238841E-02 -4.238955E-02  1.555532E-06  1.742261E-07 -2.582689E-17
        12   3  9.916823E-02 -4.238686E-02 -4.238868E-02 -1.555535E-06  1.742263E-07 -8.038413E-18
        12   4  9.916823E-02 -4.238841E-02 -4.238955E-02 -1.555532E-06  1.742261E-07  2.197631E-17
        12   5  9.916823E-02 -4.238686E-02 -4.238868E-02  1.555535E-06 -1.742263E-07  9.542597E-18
        12   6  9.916823E-02 -4.238841E-02 -4.238955E-02  1.555532E-06 -1.742261E-07 -3.355422E-17
        12   7  9.916823E-02 -4.238686E-02 -4.238868E-02 -1.555535E-06 -1.742263E-07  9.273168E-23
        12   8  9.916823E-02 -4.238841E-02 -4.238955E-02 -1.555532E-06 -1.742261E-07  1.898132E-17
        13   1  9.917201E-02 -4.238922E-02 -4.239001E-02  6.656339E-07  7.455388E-08 -2.183357E-17
        13   2  9.917201E-02 -4.238989E-02 -4.239038E-02  6.656334E-07  7.455385E-08  1.433965E-17
        13   3  9.917201E-02 -4.238922E-02 -4.239001E-02 -6.656339E-07  7.455388E-08  2.484160E-17
        13   4  9.917201E-02 -4.238989E-02 -4.239038E-02 -6.656334E-07  7.455385E-08 -1.772358E-17
        13   5  9.917201E-02 -4.238922E-02 -4.239001E-02  6.656339E-07 -7.455388E-08 -3.319119E-17
        13   6  9.917201E-02 -4.238989E-02 -4.239038E-02  6.656334E-07 -7.455385E-08  2.193732E-17
        13   7  9.917201E-02 -4.238922E-02 -4.239001E-02 -6.656339E-07 -7.455388E-08  2.655303E-17
        13   8  9.917201E-02 -4.238989E-02 -4.239038E-02 -6.656334E-07 -7.455385E-08 -2.064077E-17
        14   1  9.917362E-02 -4.239024E-02 -4.239058E-02  2.820675E-07  3.159282E-08  3.153163E-17
        14   2  9.917362E-02 -4.239052E-02 -4.239073E-02  2.820674E-07  3.159281E-08  3.085742E-17
        14   3  9.917362E-02 -4.239024E-02 -4.239058E-02 -2.820675E-07  3.159282E-08 -2.821252E-17
        14   4  9.917362E-02 -4.239052E-02 -4.239073E-02 -2.820674E-07  3.159281E-08 -1.857930E-17
        14   5  9.917362E-02 -4.239024E-02 -4.239058E-02  2.820675E-07 -3.159282E-08  3.153163E-17
        14   6  9.917362E-02 -4.239052E-02 -4.239073E-02  2.820674E-07 -3.159281E-08  1.809956E-17
        14   7  9.917362E-02 -4.239024E-02 -4.239058E-02 -2.820675E-07 -3.159282E-08 -3.796243E-17
        14   8  9.917362E-02 -4.239052E-02 -4.239073E-02 -2.820674E-07 -3.159281E-08 -3.189466E-17
        15   1  9.917430E-02 -4.239066E-02 -4.239081E-02  1.130637E-07  1.266364E-08  1.420996E-17
        15   2  9.917430E-02 -4.239078E-02 -4.239088E-02  1.130637E-07  1.266364E-08 -3.396910E-17
        15   3  9.917430E-02 -4.239066E-02 -4.239081E-02 -1.130637E-07  1.266364E-08  9.334908E-19
        15   4  9.917430E-02 -4.239078E-02 -4.239088E-02 -1.130637E-07  1.266364E-08  4.954041E-17
        15   5  9.917430E-02 -4.239066E-02 -4.239081E-02  1.130637E-07 -1.266364E-08  2.074361E-19
        15   6  9.917430E-02 -4.239078E-02 -4.239088E-02  1.130637E-07 -1.266364E-08 -3.557680E-17
        15   7  9.917430E-02 -4.239066E-02 -4.239081E-02 -1.130637E-07 -1.266364E-08 -1.306904E-17
        15   8  9.917430E-02 -4.239078E-02 -4.239088E-02 -1.130637E-07 -1.266364E-08  4.911256E-17
        16   1  9.917454E-02 -4.239083E-02 -4.239091E-02  3.006472E-08  3.367384E-09 -6.083320E-17
        16   2  9.917454E-02 -4.239086E-02 -4.239092E-02  3.006472E-08  3.367384E-09 -2.792726E-17
        16   3  9.917454E-02 -4.239083E-02 -4.239091E-02 -3.006472E-08  3.367384E-09  5.699546E-17
        16   4  9.917454E-02 -4.239086E-02 -4.239092E-02 -3.006472E-08  3.367385E-09  2.966461E-17
        16   5  9.917454E-02 -4.239083E-02 -4.239091E-02  3.006472E-08 -3.367384E-09 -5.704734E-17
        16   6  9.917454E-02 -4.239086E-02 -4.239092E-02  3.006472E-08 -3.367385E-09 -2.914600E-17
        16   7  9.917454E-02 -4.239083E-02 -4.239091E-02 -3.006472E-08 -3.367385E-09  5.912177E-17
        16   8  9.917454E-02 -4.239086E-02 -4.239092E-02 -3.006472E-08 -3.367384E-09  3.796240E-17

                                INCREMENT    11


 forces (fx,fy,fz) for set RIGHT and time  0.9750000E+00

        65  2.376866E+00 -3.605625E-14 -1.770173E-13
        66  2.376866E+00  3.602364E-14 -1.787577E-13
        67  2.376866E+00  3.512377E-14  1.802444E-13
        68  2.376866E+00 -3.484978E-14  1.784479E-13

 displacements (vx,vy,vz) for set RIGHT and time  0.9750000E+00

        65  1.950000E+00  1.198355E-01  2.396714E-02
        66  1.950000E+00 -1.198355E-01  2.396714E-02
        67  1.950000E+00 -1.198355E-01 -2.396714E-02
        68  1.950000E+00  1.198355E-01 -2.396714E-02

 stresses (elem, integ.pnt.,sxx,syy,szz,sxy,sxz,syz) for set ALL and time  0.9750000E+00

         1   1  7.206963E+00  6.719969E+00  6.693802E+00  1.815476E-01  4.863377E-02  1.285082E-03
         1   2 -3.469686E+00 -4.167041E+00 -4.255899E+00  1.916127E-01  5.133005E-02  1.356327E-03
         1   3  7.206963E+00  6.719969E+00  6.693802E+00 -1.815476E-01  4.863377E-02 -1.285082E-03
         1   4 -3.469686E+00 -4.167041E+00 -4.255899E+00 -1.916127E-01  5.133005E-02 -1.356327E-03
         1   5  7.206963E+00  6.719969E+00  6.693802E+00  1.815476E-01 -4.863377E-02 -1.285082E-03
         1   6 -3.469686E+00 -4.167041E+00 -4.255899E+00  1.916127E-01 -5.133005E-02 -1.356327E-03
         1   7  7.206963E+00  6.719969E+00  6.693802E+00 -1.815476E-01 -4.863377E-02  1.285082E-03
         1   8 -3.469686E+00 -4.167041E+00 -4.255899E+00 -1.916127E-01 -5.133005E-02  1.356327E-03
         2   1  4.300089E+00  2.956163E+00  2.862135E+00  1.088253E-01  1.602189E-02  2.306861E-04
         2   2 -2.609596E-01 -1.736907E+00 -1.806120E+00  1.113719E-01  1.639682E-02  2.360844E-04
         2   3  4.300089E+00  2.956163E+00  2.862135E+00 -1.088253E-01  1.602189E-02 -2.306861E-04
         2   4 -2.609596E-01 -1.736907E+00 -1.806120E+00 -1.113719E-01  1.639682E-02 -2.360844E-04
         2   5  4.300089E+00  2.956163E+00  2.862135E+00  1.088253E-01 -1.602189E-02 -2.306861E-04
         2   6 -2.609596E-01 -1.736907E+00 -1.806120E+00  1.113719E-01 -1.639682E-02 -2.360844E-04
         2   7  4.300089E+00  2.956163E+00  2.862135E+00 -1.088253E-01 -1.602189E-02  2.306861E-04
         2   8 -2.609596E-01 -1.736907E+00 -1.806120E+00 -1.113719E-01 -1.639682E-02  2.360844E-04
         3   1  3.047469E+00  1.282722E+00  1.232024E+00  5.141873E-02  6.228468E-03  4.067724E-05
         3   2  1.088210E+00 -7.398464E-01 -7.729520E-01  5.193302E-02  6.290766E-03  4.108410E-05
         3   3  3.047469E+00  1.282722E+00  1.232024E+00 -5.141873E-02  6.228468E-03 -4.067724E-05
         3   4  1.088210E+00 -7.398464E-01 -7.729520E-01 -5.193302E-02  6.290766E-03 -4.108410E-05
         3   5  3.047469E+00  1.282722E+00  1.232024E+00  5.141873E-02 -6.228468E-03 -4.067724E-05
         3   6  1.088210E+00 -7.398464E-01 -7.729520E-01  5.193302E-02 -6.290766E-03 -4.108410E-05
         3   7  3.047469E+00  1.282722E+00  1.232024E+00 -5.141873E-02 -6.228468E-03  4.067724E-05
         3   8  1.088210E+00 -7.398464E-01 -7.729520E-01 -5.193302E-02 -6.290766E-03  4.108410E-05
         4   1  2.506293E+00  5.527943E-01  5.298415E-01  2.272676E-02  2.596926E-03  7.365901E-06
         4   2  1.664923E+00 -3.167807E-01 -3.313133E-01  2.282417E-02  2.608056E-03  7.397473E-06
         4   3  2.506293E+00  5.527943E-01  5.298415E-01 -2.272676E-02  2.596926E-03 -7.365901E-06
         4   4  1.664923E+00 -3.167807E-01 -3.313133E-01 -2.282417E-02  2.608056E-03 -7.397473E-06
         4   5  2.506293E+00  5.527943E-01  5.298415E-01  2.272676E-02 -2.596926E-03 -7.365901E-06
         4   6  1.664923E+00 -3.167807E-01 -3.313133E-01  2.282417E-02 -2.608056E-03 -7.397473E-06
         4   7  2.506293E+00  5.527943E-01  5.298415E-01 -2.272676E-02 -2.596926E-03  7.365901E-06
         4   8  1.664923E+00 -3.167807E-01 -3.313133E-01 -2.282417E-02 -2.608056E-03  7.397473E-06
         5   1  2.273160E+00  2.374505E-01  2.274801E-01  9.837372E-03  1.105985E-03  1.347673E-06
         5   2  1.912216E+00 -1.357526E-01 -1.420077E-01  9.855444E-03  1.108017E-03  1.350149E-06
         5   3  2.273160E+00  2.374505E-01  2.274801E-01 -9.837372E-03  1.105985E-03 -1.347673E-06
         5   4  1.912216E+00 -1.357526E-01 -1.420077E-01 -9.855444E-03  1.108017E-03 -1.350149E-06
         5   5  2.273160E+00  2.374505E-01  2.274801E-01  9.837372E-03 -1.105985E-03 -1.347673E-06
         5   6  1.912216E+00 -1.357526E-01 -1.420077E-01  9.855444E-03 -1.108017E-03 -1.350149E-06
         5   7  2.273160E+00  2.374505E-01  2.274801E-01 -9.837372E-03 -1.105985E-03  1.347673E-06
         5   8  1.912216E+00 -1.357526E-01 -1.420077E-01 -9.855444E-03 -1.108017E-03  1.350149E-06
         6   1  2.172990E+00  1.018421E-01  9.755665E-02  4.229305E-03  4.734433E-04  2.472231E-07
         6   2  2.018256E+00 -5.817258E-02 -6.085332E-02  4.232635E-03  4.738160E-04  2.474177E-07
         6   3  2.172990E+00  1.018421E-01  9.755665E-02 -4.229305E-03  4.734433E-04 -2.472231E-07
         6   4  2.018256E+00 -5.817258E-02 -6.085332E-02 -4.232635E-03  4.738160E-04 -2.474177E-07
         6   5  2.172990E+00  1.018421E-01  9.755665E-02  4.229305E-03 -4.734433E-04 -2.472231E-07
         6   6  2.018256E+00 -5.817258E-02 -6.085332E-02  4.232635E-03 -4.738160E-04 -2.474177E-07
         6   7  2.172990E+00  1.018421E-01  9.755665E-02 -4.229305E-03 -4.734433E-04  2.472231E-07
         6   8  2.018256E+00 -5.817258E-02 -6.085332E-02 -4.232635E-03 -4.738160E-04  2.474177E-07
         7   1  2.130016E+00  4.365030E-02  4.181321E-02  1.814105E-03  2.028563E-04  4.537339E-08
         7   2  2.063709E+00 -2.492462E-02 -2.607272E-02  1.814717E-03  2.029247E-04  4.538869E-08
         7   3  2.130016E+00  4.365030E-02  4.181321E-02 -1.814105E-03  2.028563E-04 -4.537339E-08
         7   4  2.063709E+00 -2.492462E-02 -2.607272E-02 -1.814717E-03  2.029247E-04 -4.538869E-08
         7   5  2.130016E+00  4.365030E-02  4.181321E-02  1.814105E-03 -2.028563E-04 -4.537339E-08
         7   6  2.063709E+00 -2.492462E-02 -2.607272E-02  1.814717E-03 -2.029247E-04 -4.538869E-08
         7   7  2.130016E+00  4.365030E-02  4.181321E-02 -1.814105E-03 -2.028563E-04  4.537339E-08
         7   8  2.063709E+00 -2.492462E-02 -2.607272E-02 -1.814717E-03 -2.029247E-04  4.538869E-08
         8   1  2.111595E+00  1.870326E-02  1.791621E-02  7.775078E-04  8.692009E-05  8.327548E-09
         8   2  2.083186E+00 -1.067821E-02 -1.116992E-02  7.776202E-04  8.693265E-05  8.328751E-09
         8   3  2.111595E+00  1.870326E-02  1.791621E-02 -7.775078E-04  8.692009E-05 -8.327547E-09
         8   4  2.083186E+00 -1.067821E-02 -1.116992E-02 -7.776202E-04  8.693265E-05 -8.328751E-09
         8   5  2.111595E+00  1.870326E-02  1.791621E-02  7.775078E-04 -8.692009E-05 -8.327548E-09
         8   6  2.083186E+00 -1.067821E-02 -1.116992E-02  7.776202E-04 -8.693265E-05 -8.328751E-09
         8   7  2.111595E+00  1.870326E-02  1.791621E-02 -7.775078E-04 -8.692009E-05  8.327548E-09
         8   8  2.083186E+00 -1.067821E-02 -1.116992E-02 -7.776202E-04 -8.693265E-05  8.328751E-09
         9   1  2.103701E+00  8.012913E-03  7.675759E-03  3.331324E-04  3.724007E-05  1.528302E-09
         9   2  2.091530E+00 -4.574522E-03 -4.785136E-03  3.331530E-04  3.724237E-05  1.528396E-09
         9   3  2.103701E+00  8.012913E-03  7.675759E-03 -3.331324E-04  3.724007E-05 -1.528302E-09
         9   4  2.091530E+00 -4.574522E-03 -4.785136E-03 -3.331530E-04  3.724237E-05 -1.528396E-09
         9   5  2.103701E+00  8.012913E-03  7.675759E-03  3.331324E-04 -3.724007E-05 -1.528301E-09
         9   6  2.091530E+00 -4.574522E-03 -4.785136E-03  3.331530E-04 -3.724237E-05 -1.528396E-09
         9   7  2.103701E+00  8.012913E-03  7.675759E-03 -3.331324E-04 -3.724007E-05  1.528301E-09
         9   8  2.091530E+00 -4.574522E-03 -4.785136E-03 -3.331530E-04 -3.724237E-05  1.528396E-09
        10   1  2.100319E+00  3.432704E-03  3.288275E-03  1.427167E-04  1.595387E-05  2.804629E-10
        10   2  2.095105E+00 -1.959632E-03 -2.049851E-03  1.427205E-04  1.595430E-05  2.804707E-10
        10   3  2.100319E+00  3.432704E-03  3.288275E-03 -1.427167E-04  1.595387E-05 -2.804626E-10
        10   4  2.095105E+00 -1.959632E-03 -2.049851E-03 -1.427205E-04  1.595430E-05 -2.804707E-10
        10   5  2.100319E+00  3.432704E-03  3.288275E-03  1.427167E-04 -1.595387E-05 -2.804631E-10
        10   6  2.095105E+00 -1.959632E-03 -2.049851E-03  1.427205E-04 -1.595430E-05 -2.804699E-10
        10   7  2.100319E+00  3.432704E-03  3.288275E-03 -1.427167E-04 -1.595387E-05  2.804629E-10
        10   8  2.095105E+00 -1.959632E-03 -2.049851E-03 -1.427205E-04 -1.595430E-05  2.804699E-10
        11   1  2.098870E+00  1.470472E-03  1.408600E-03  6.113465E-05  6.834075E-06  5.146174E-11
        11   2  2.096637E+00 -8.393702E-04 -8.780216E-04  6.113535E-05  6.834152E-06  5.146208E-11
        11   3  2.098870E+00  1.470472E-03  1.408600E-03 -6.113465E-05  6.834075E-06 -5.146165E-11
        11   4  2.096637E+00 -8.393702E-04 -8.780216E-04 -6.113535E-05  6.834152E-06 -5.146200E-11
        11   5  2.098870E+00  1.470472E-03  1.408600E-03  6.113465E-05 -6.834075E-06 -5.146092E-11
        11   6  2.096637E+00 -8.393702E-04 -8.780216E-04  6.113535E-05 -6.834152E-06 -5.146147E-11
        11   7  2.098870E+00  1.470472E-03  1.408600E-03 -6.113465E-05 -6.834075E-06  5.146114E-11
        11   8  2.096637E+00 -8.393702E-04 -8.780216E-04 -6.113535E-05 -6.834152E-06  5.146218E-11
        12   1  2.098249E+00  6.297854E-04  6.032739E-04  2.617890E-05  2.926474E-06  9.436174E-12
        12   2  2.097293E+00 -3.593220E-04 -3.758899E-04  2.617903E-05  2.926488E-06  9.435734E-12
        12   3  2.098249E+00  6.297854E-04  6.032739E-04 -2.617890E-05  2.926474E-06 -9.436190E-12
        12   4  2.097293E+00 -3.593220E-04 -3.758899E-04 -2.617903E-05  2.926488E-06 -9.436380E-12
        12   5  2.098249E+00  6.297854E-04  6.032739E-04  2.617890E-05 -2.926474E-06 -9.436060E-12
        12   6  2.097293E+00 -3.593220E-04 -3.758899E-04  2.617903E-05 -2.926488E-06 -9.436718E-12
        12   7  2.098249E+00  6.297854E-04  6.032739E-04 -2.617890E-05 -2.926474E-06  9.436727E-12
        12   8  2.097293E+00 -3.593220E-04 -3.758899E-04 -2.617903E-05 -2.926488E-06  9.436508E-12
        13   1  2.097983E+00  2.694563E-04  2.580840E-04  1.119036E-05  1.250944E-06  1.723669E-12
        13   2  2.097574E+00 -1.533438E-04 -1.604657E-04  1.119039E-05  1.250947E-06  1.724146E-12
        13   3  2.097983E+00  2.694563E-04  2.580840E-04 -1.119036E-05  1.250944E-06 -1.724133E-12
        13   4  2.097574E+00 -1.533438E-04 -1.604657E-04 -1.119039E-05  1.250947E-06 -1.724426E-12
        13   5  2.097983E+00  2.694563E-04  2.580840E-04  1.119036E-05 -1.250944E-06 -1.724662E-12
        13   6  2.097574E+00 -1.533438E-04 -1.604657E-04  1.119039E-05 -1.250947E-06 -1.724041E-12
        13   7  2.097983E+00  2.694563E-04  2.580840E-04 -1.119036E-05 -1.250944E-06  1.724190E-12
        13   8  2.097574E+00 -1.533438E-04 -1.604657E-04 -1.119039E-05 -1.250947E-06  1.723933E-12
        14   1  2.097868E+00  1.146529E-04  1.097454E-04  4.737140E-06  5.295541E-07  3.093099E-13
        14   2  2.097695E+00 -6.432799E-05 -6.743614E-05  4.737144E-06  5.295545E-07  3.097339E-13
        14   3  2.097868E+00  1.146529E-04  1.097454E-04 -4.737140E-06  5.295540E-07 -3.093469E-13
        14   4  2.097695E+00 -6.432799E-05 -6.743614E-05 -4.737144E-06  5.295545E-07 -3.097318E-13
        14   5  2.097868E+00  1.146529E-04  1.097454E-04  4.737140E-06 -5.295541E-07 -3.086016E-13
        14   6  2.097695E+00 -6.432799E-05 -6.743614E-05  4.737144E-06 -5.295545E-07 -3.082034E-13
        14   7  2.097868E+00  1.146529E-04  1.097454E-04 -4.737140E-06 -5.295541E-07  3.085467E-13
        14   8  2.097695E+00 -6.432799E-05 -6.743614E-05 -4.737144E-06 -5.295545E-07  3.082377E-13
        15   1  2.097818E+00  4.730056E-05  4.511476E-05  1.897145E-06  2.120775E-07  5.002412E-14
        15   2  2.097749E+00 -2.437822E-05 -2.584343E-05  1.897145E-06  2.120776E-07  4.899852E-14
        15   3  2.097818E+00  4.730056E-05  4.511476E-05 -1.897145E-06  2.120775E-07 -5.000904E-14
        15   4  2.097749E+00 -2.437822E-05 -2.584343E-05 -1.897145E-06  2.120776E-07 -4.896492E-14
        15   5  2.097818E+00  4.730056E-05  4.511476E-05  1.897145E-06 -2.120775E-07 -4.905388E-14
        15   6  2.097749E+00 -2.437822E-05 -2.584343E-05  1.897145E-06 -2.120776E-07 -5.008037E-14
        15   7  2.097818E+00  4.730056E-05  4.511476E-05 -1.897145E-06 -2.120775E-07  4.911422E-14
        15   8  2.097749E+00 -2.437822E-05 -2.584343E-05 -1.897145E-06 -2.120776E-07  5.011945E-14
        16   1  2.097793E+00  1.602666E-05  1.489531E-05  5.041912E-07  5.636241E-08  2.962550E-15
        16   2  2.097775E+00 -3.022916E-06 -3.962761E-06  5.041912E-07  5.636241E-08  4.089305E-15
        16   3  2.097793E+00  1.602666E-05  1.489531E-05 -5.041912E-07  5.636241E-08 -2.874782E-15
        16   4  2.097775E+00 -3.022916E-06 -3.962761E-06 -5.041912E-07  5.636241E-08 -4.272040E-15
        16   5  2.097793E+00  1.602666E-05  1.489531E-05  5.041912E-07 -5.636241E-08 -4.056906E-15
        16   6  2.097775E+00 -3.022916E-06 -3.962761E-06  5.041912E-07 -5.636241E-08 -2.784272E-15
        16   7  2.097793E+00  1.602666E-05  1.489531E-05 -5.041912E-07 -5.636241E-08  4.172101E-15
        16   8  2.097775E+00 -3.022916E-06 -3.962761E-06 -5.041912E-07 -5.636241E-08  2.881639E-15

 strains (elem, integ.pnt.,exx,eyy,ezz,exy,exz,eyz) for set ALL and time  0.9750000E+00

         1   1  3.358218E-02 -4.981286E-03 -6.666376E-03  1.357506E-02  3.630352E-03 -8.944798E-18
         1   2  3.358218E-02 -1.846328E-02 -2.465117E-02  1.338892E-02  3.563565E-03 -2.899794E-17
         1   3  3.358218E-02 -4.981286E-03 -6.666376E-03 -1.357506E-02  3.630352E-03  6.589748E-18
         1   4  3.358218E-02 -1.846328E-02 -2.465117E-02 -1.338892E-02  3.563565E-03  2.292506E-17
         1   5  3.358218E-02 -4.981286E-03 -6.666376E-03  1.357506E-02 -3.630352E-03 -8.177103E-18
         1   6  3.358218E-02 -1.846328E-02 -2.465117E-02  1.338892E-02 -3.563565E-03 -2.693653E-17
         1   7  3.358218E-02 -4.981286E-03 -6.666376E-03 -1.357506E-02 -3.630352E-03  7.141685E-18
         1   8  3.358218E-02 -1.846328E-02 -2.465117E-02 -1.338892E-02 -3.563565E-03  2.498648E-17
         2   1  7.664171E-02 -2.611014E-02 -3.316536E-02  7.525814E-03  1.099715E-03 -1.352334E-17
         2   2  7.664171E-02 -3.360607E-02 -3.864774E-02  7.466055E-03  1.093238E-03  6.121381E-17
         2   3  7.664171E-02 -2.611014E-02 -3.316536E-02 -7.525814E-03  1.099715E-03  5.898120E-18
         2   4  7.664171E-02 -3.360607E-02 -3.864774E-02 -7.466055E-03  1.093238E-03 -4.622201E-17
         2   5  7.664171E-02 -2.611014E-02 -3.316536E-02  7.525814E-03 -1.099715E-03 -1.004093E-17
         2   6  7.664171E-02 -3.360607E-02 -3.864774E-02  7.466055E-03 -1.093238E-03  5.538278E-17
         2   7  7.664171E-02 -2.611014E-02 -3.316536E-02 -7.525814E-03 -1.099715E-03  6.002882E-18
         2   8  7.664171E-02 -3.360607E-02 -3.864774E-02 -7.466055E-03 -1.093238E-03 -5.482765E-17
         3   1  9.605927E-02 -3.759065E-02 -4.140359E-02  3.428616E-03  4.136003E-04  7.136910E-17
         3   2  9.605927E-02 -4.101291E-02 -4.346926E-02  3.415905E-03  4.126677E-04  2.699416E-17
         3   3  9.605927E-02 -3.759065E-02 -4.140359E-02 -3.428616E-03  4.136003E-04 -6.057762E-17
         3   4  9.605927E-02 -4.101291E-02 -4.346926E-02 -3.415905E-03  4.126677E-04 -2.237429E-17
         3   5  9.605927E-02 -3.759065E-02 -4.140359E-02  3.428616E-03 -4.136003E-04  6.529825E-17
         3   6  9.605927E-02 -4.101291E-02 -4.346926E-02  3.415905E-03 -4.126677E-04  1.361152E-17
         3   7  9.605927E-02 -3.759065E-02 -4.140359E-02 -3.428616E-03 -4.136003E-04 -7.045565E-17
         3   8  9.605927E-02 -4.101291E-02 -4.346926E-02 -3.415905E-03 -4.126677E-04 -1.755202E-17
         4   1  1.046060E-01 -4.280836E-02 -4.453551E-02  1.491248E-03  1.700788E-04 -4.382148E-18
         4   2  1.046060E-01 -4.429840E-02 -4.538550E-02  1.488816E-03  1.699200E-04 -6.163526E-18
         4   3  1.046060E-01 -4.280836E-02 -4.453551E-02 -1.491248E-03  1.700788E-04 -9.358552E-18
         4   4  1.046060E-01 -4.429840E-02 -4.538550E-02 -1.488816E-03  1.699200E-04 -3.459200E-18
         4   5  1.046060E-01 -4.280836E-02 -4.453551E-02  1.491248E-03 -1.700788E-04  3.135766E-18
         4   6  1.046060E-01 -4.429840E-02 -4.538550E-02  1.488816E-03 -1.699200E-04 -1.164576E-17
         4   7  1.046060E-01 -4.280836E-02 -4.453551E-02 -1.491248E-03 -1.700788E-04 -3.706398E-18
         4   8  1.046060E-01 -4.429840E-02 -4.538550E-02 -1.488816E-03 -1.699200E-04 -8.074619E-18
         5   1  1.083149E-01 -4.507784E-02 -4.582822E-02  6.410142E-04  7.200777E-05 -8.535396E-18
         5   2  1.083149E-01 -4.571862E-02 -4.618818E-02  6.405625E-04  7.197922E-05 -1.522621E-18
         5   3  1.083149E-01 -4.507784E-02 -4.582822E-02 -6.410142E-04  7.200777E-05 -1.916679E-18
         5   4  1.083149E-01 -4.571862E-02 -4.618818E-02 -6.405625E-04  7.197922E-05 -1.389815E-17
         5   5  1.083149E-01 -4.507784E-02 -4.582822E-02  6.410142E-04 -7.200777E-05 -1.293111E-17
         5   6  1.083149E-01 -4.571862E-02 -4.618818E-02  6.405625E-04 -7.197922E-05  1.751241E-17
         5   7  1.083149E-01 -4.507784E-02 -4.582822E-02 -6.410142E-04 -7.200777E-05 -1.348353E-18
         5   8  1.083149E-01 -4.571862E-02 -4.618818E-02 -6.405625E-04 -7.197922E-05 -1.595692E-19
         6   1  1.099130E-01 -4.605363E-02 -4.637618E-02  2.747624E-04  3.074694E-05  2.012708E-17
         6   2  1.099130E-01 -4.632835E-02 -4.652990E-02  2.746792E-04  3.074173E-05  5.714454E-17
         6   3  1.099130E-01 -4.605363E-02 -4.637618E-02 -2.747624E-04  3.074694E-05 -2.264187E-17
         6   4  1.099130E-01 -4.632835E-02 -4.652990E-02 -2.746792E-04  3.074173E-05 -3.899180E-17
         6   5  1.099130E-01 -4.605363E-02 -4.637618E-02  2.747624E-04 -3.074694E-05  2.482292E-17
         6   6  1.099130E-01 -4.632835E-02 -4.652990E-02  2.746792E-04 -3.074173E-05  4.628712E-17
         6   7  1.099130E-01 -4.605363E-02 -4.637618E-02 -2.747624E-04 -3.074694E-05 -1.670621E-17
         6   8  1.099130E-01 -4.632835E-02 -4.652990E-02 -2.746792E-04 -3.074173E-05 -4.165164E-17
         7   1  1.105995E-01 -4.647197E-02 -4.661024E-02  1.177045E-04  1.315990E-05  4.983773E-17
         7   2  1.105995E-01 -4.658967E-02 -4.667604E-02  1.176892E-04  1.315895E-05 -2.046918E-17
         7   3  1.105995E-01 -4.647197E-02 -4.661024E-02 -1.177045E-04  1.315990E-05 -2.120437E-17
         7   4  1.105995E-01 -4.658967E-02 -4.667604E-02 -1.176892E-04  1.315895E-05  2.926934E-17
         7   5  1.105995E-01 -4.647197E-02 -4.661024E-02  1.177045E-04 -1.315990E-05  4.627559E-17
         7   6  1.105995E-01 -4.658967E-02 -4.667604E-02  1.176892E-04 -1.315895E-05 -7.679213E-18
         7   7  1.105995E-01 -4.647197E-02 -4.661024E-02 -1.177045E-04 -1.315990E-05 -2.311437E-17
         7   8  1.105995E-01 -4.658967E-02 -4.667604E-02 -1.176892E-04 -1.315895E-05  2.133279E-17
         8   1  1.108938E-01 -4.665120E-02 -4.671044E-02  5.041922E-05  5.636157E-06 -2.218672E-17
         8   2  1.108938E-01 -4.670162E-02 -4.673862E-02  5.041641E-05  5.635982E-06  2.391819E-17
         8   3  1.108938E-01 -4.665120E-02 -4.671044E-02 -5.041922E-05  5.636157E-06  2.612885E-17
         8   4  1.108938E-01 -4.670162E-02 -4.673862E-02 -5.041641E-05  5.635982E-06 -2.547867E-17
         8   5  1.108938E-01 -4.665120E-02 -4.671044E-02  5.041922E-05 -5.636157E-06 -1.857307E-17
         8   6  1.108938E-01 -4.670162E-02 -4.673862E-02  5.041641E-05 -5.635982E-06  2.736369E-17
         8   7  1.108938E-01 -4.665120E-02 -4.671044E-02 -5.041922E-05 -5.636157E-06  2.767776E-17
         8   8  1.108938E-01 -4.670162E-02 -4.673862E-02 -5.041641E-05 -5.635982E-06 -2.987885E-17
         9   1  1.110200E-01 -4.672797E-02 -4.675335E-02  2.159761E-05  2.414278E-06  2.457367E-17
         9   2  1.110200E-01 -4.674957E-02 -4.676542E-02  2.159710E-05  2.414245E-06  2.095990E-19
         9   3  1.110200E-01 -4.672797E-02 -4.675335E-02 -2.159761E-05  2.414278E-06 -3.984167E-17
         9   4  1.110200E-01 -4.674957E-02 -4.676542E-02 -2.159710E-05  2.414245E-06  1.321624E-17
         9   5  1.110200E-01 -4.672797E-02 -4.675335E-02  2.159761E-05 -2.414278E-06  2.003174E-17
         9   6  1.110200E-01 -4.674957E-02 -4.676542E-02  2.159710E-05 -2.414245E-06 -1.186765E-17
         9   7  1.110200E-01 -4.672797E-02 -4.675335E-02 -2.159761E-05 -2.414278E-06 -3.302833E-17
         9   8  1.110200E-01 -4.674957E-02 -4.676542E-02 -2.159710E-05 -2.414245E-06  3.822894E-18
        10   1  1.110741E-01 -4.676086E-02 -4.677173E-02  9.251664E-06  1.034203E-06  5.473248E-18
        10   2  1.110741E-01 -4.677011E-02 -4.677691E-02  9.251569E-06  1.034197E-06  2.822072E-17
        10   3  1.110741E-01 -4.676086E-02 -4.677173E-02 -9.251664E-06  1.034203E-06  2.178295E-17
        10   4  1.110741E-01 -4.677011E-02 -4.677691E-02 -9.251569E-06  1.034197E-06 -2.962394E-17
        10   5  1.110741E-01 -4.676086E-02 -4.677173E-02  9.251664E-06 -1.034203E-06 -2.043626E-17
        10   6  1.110741E-01 -4.677011E-02 -4.677691E-02  9.251569E-06 -1.034197E-06  2.947232E-17
        10   7  1.110741E-01 -4.676086E-02 -4.677173E-02 -9.251664E-06 -1.034203E-06  4.337974E-18
        10   8  1.110741E-01 -4.677011E-02 -4.677691E-02 -9.251569E-06 -1.034197E-06 -2.931427E-17
        11   1  1.110972E-01 -4.677495E-02 -4.677961E-02  3.962905E-06  4.430000E-07  2.905879E-17
        11   2  1.110972E-01 -4.677891E-02 -4.678182E-02  3.962887E-06  4.429989E-07  1.059403E-17
        11   3  1.110972E-01 -4.677495E-02 -4.677961E-02 -3.962905E-06  4.430000E-07 -2.219211E-17
        11   4  1.110972E-01 -4.677891E-02 -4.678182E-02 -3.962887E-06  4.429989E-07 -4.425049E-18
        11   5  1.110972E-01 -4.677495E-02 -4.677961E-02  3.962905E-06 -4.430000E-07  3.282642E-17
        11   6  1.110972E-01 -4.677891E-02 -4.678182E-02  3.962887E-06 -4.429989E-07  3.581929E-17
        11   7  1.110972E-01 -4.677495E-02 -4.677961E-02 -3.962905E-06 -4.430000E-07 -1.651483E-17
        11   8  1.110972E-01 -4.677891E-02 -4.678182E-02 -3.962887E-06 -4.429989E-07  1.770350E-17
        12   1  1.111071E-01 -4.678099E-02 -4.678298E-02  1.696952E-06  1.896976E-07 -8.979982E-18
        12   2  1.111071E-01 -4.678268E-02 -4.678393E-02  1.696949E-06  1.896974E-07 -4.554703E-17
        12   3  1.111071E-01 -4.678099E-02 -4.678298E-02 -1.696952E-06  1.896976E-07  7.742253E-18
        12   4  1.111071E-01 -4.678268E-02 -4.678393E-02 -1.696949E-06  1.896974E-07 -3.083468E-18
        12   5  1.111071E-01 -4.678099E-02 -4.678298E-02  1.696952E-06 -1.896976E-07  1.754845E-17
        12   6  1.111071E-01 -4.678268E-02 -4.678393E-02  1.696949E-06 -1.896974E-07 -2.848936E-17
        12   7  1.111071E-01 -4.678099E-02 -4.678298E-02 -1.696952E-06 -1.896976E-07  3.261911E-17
        12   8  1.111071E-01 -4.678268E-02 -4.678393E-02 -1.696949E-06 -1.896974E-07  1.269681E-17
        13   1  1.111114E-01 -4.678357E-02 -4.678443E-02  7.253688E-07  8.108719E-08 -3.886337E-17
        13   2  1.111114E-01 -4.678430E-02 -4.678483E-02  7.253682E-07  8.108716E-08 -3.161075E-18
        13   3  1.111114E-01 -4.678357E-02 -4.678443E-02 -7.253688E-07  8.108719E-08  3.871110E-18
        13   4  1.111114E-01 -4.678430E-02 -4.678483E-02 -7.253682E-07  8.108716E-08 -1.789620E-17
        13   5  1.111114E-01 -4.678357E-02 -4.678443E-02  7.253688E-07 -8.108719E-08 -3.592151E-17
        13   6  1.111114E-01 -4.678430E-02 -4.678483E-02  7.253682E-07 -8.108716E-08  1.109664E-17
        13   7  1.111114E-01 -4.678357E-02 -4.678443E-02 -7.253688E-07 -8.108719E-08  4.131240E-19
        13   8  1.111114E-01 -4.678430E-02 -4.678483E-02 -7.253682E-07 -8.108716E-08 -1.919940E-17
        14   1  1.111132E-01 -4.678467E-02 -4.678504E-02  3.070644E-07  3.432601E-08  2.503173E-17
        14   2  1.111132E-01 -4.678498E-02 -4.678521E-02  3.070643E-07  3.432600E-08  5.692765E-17
        14   3  1.111132E-01 -4.678467E-02 -4.678504E-02 -3.070644E-07  3.432601E-08 -2.781858E-17
        14   4  1.111132E-01 -4.678498E-02 -4.678521E-02 -3.070643E-07  3.432600E-08 -5.677273E-17
        14   5  1.111132E-01 -4.678467E-02 -4.678504E-02  3.070644E-07 -3.432601E-08  2.828326E-17
        14   6  1.111132E-01 -4.678498E-02 -4.678521E-02  3.070643E-07 -3.432600E-08  5.826955E-17
        14   7  1.111132E-01 -4.678467E-02 -4.678504E-02 -3.070644E-07 -3.432601E-08 -3.241202E-17
        14   8  1.111132E-01 -4.678498E-02 -4.678521E-02 -3.070643E-07 -3.432600E-08 -5.568889E-17
        15   1  1.111139E-01 -4.678514E-02 -4.678530E-02  1.229739E-07  1.374698E-08  3.525075E-17
        15   2  1.111139E-01 -4.678526E-02 -4.678537E-02  1.229739E-07  1.374697E-08 -4.194730E-17
        15   3  1.111139E-01 -4.678514E-02 -4.678530E-02 -1.229739E-07  1.374698E-08 -3.411524E-17
        15   4  1.111139E-01 -4.678526E-02 -4.678537E-02 -1.229739E-07  1.374697E-08  4.447631E-17
        15   5  1.111139E-01 -4.678514E-02 -4.678530E-02  1.229739E-07 -1.374698E-08  3.777972E-17
        15   6  1.111139E-01 -4.678526E-02 -4.678537E-02  1.229739E-07 -1.374697E-08 -3.948285E-17
        15   7  1.111139E-01 -4.678514E-02 -4.678530E-02 -1.229739E-07 -1.374698E-08 -3.323784E-17
        15   8  1.111139E-01 -4.678526E-02 -4.678537E-02 -1.229739E-07 -1.374697E-08  4.242475E-17
        16   1  1.111142E-01 -4.678532E-02 -4.678540E-02  3.268192E-08  3.653439E-09 -4.046347E-17
        16   2  1.111142E-01 -4.678535E-02 -4.678542E-02  3.268192E-08  3.653439E-09  4.434727E-17
        16   3  1.111142E-01 -4.678532E-02 -4.678540E-02 -3.268192E-08  3.653439E-09  4.706979E-17
        16   4  1.111142E-01 -4.678535E-02 -4.678542E-02 -3.268192E-08  3.653439E-09 -5.810173E-17
        16   5  1.111142E-01 -4.678532E-02 -4.678540E-02  3.268192E-08 -3.653439E-09 -4.190860E-17
        16   6  1.111142E-01 -4.678535E-02 -4.678542E-02  3.268192E-08 -3.653439E-09  5.388252E-17
        16   7  1.111142E-01 -4.678532E-02 -4.678540E-02 -3.268192E-08 -3.653439E-09  5.057938E-17
        16   8  1.111142E-01 -4.678535E-02 -4.678542E-02 -3.268192E-08 -3.653439E-09 -4.655364E-17

                                INCREMENT    12


 forces (fx,fy,fz) for set RIGHT and time  0.1000000E+01

        65  2.432369E+00 -2.648502E-15  1.220326E-14
        66  2.432369E+00  2.580357E-15  4.138932E-14
        67  2.432369E+00 -1.376303E-14 -4.245722E-14
        68  2.432369E+00  1.378867E-14 -1.061685E-14

 displacements (vx,vy,vz) for set RIGHT and time  0.1000000E+01

        65  2.000000E+00  1.226876E-01  2.453755E-02
        66  2.000000E+00 -1.226876E-01  2.453755E-02
        67  2.000000E+00 -1.226876E-01 -2.453755E-02
        68  2.000000E+00  1.226876E-01 -2.453755E-02

 stresses (elem, integ.pnt.,sxx,syy,szz,sxy,sxz,syz) for set ALL and time  0.1000000E+01

         1   1  7.379309E+00  6.880912E+00  6.854042E+00  1.858828E-01  4.979066E-02  1.346095E-03
         1   2 -3.556541E+00 -4.271046E+00 -4.362115E+00  1.964448E-01  5.261980E-02  1.422581E-03
         1   3  7.379309E+00  6.880912E+00  6.854042E+00 -1.858828E-01  4.979066E-02 -1.346095E-03
         1   4 -3.556541E+00 -4.271046E+00 -4.362115E+00 -1.964448E-01  5.261980E-02 -1.422581E-03
         1   5  7.379309E+00  6.880912E+00  6.854042E+00  1.858828E-01 -4.979066E-02 -1.346095E-03
         1   6 -3.556541E+00 -4.271046E+00 -4.362115E+00  1.964448E-01 -5.261980E-02 -1.422581E-03
         1   7  7.379309E+00  6.880912E+00  6.854042E+00 -1.858828E-01 -4.979066E-02  1.346095E-03
         1   8 -3.556541E+00 -4.271046E+00 -4.362115E+00 -1.964448E-01 -5.261980E-02  1.422581E-03
         2   1  4.406538E+00  3.028989E+00  2.932812E+00  1.115568E-01  1.642822E-02  2.417357E-04
         2   2 -2.670397E-01 -1.780531E+00 -1.851381E+00  1.142326E-01  1.682226E-02  2.475339E-04
         2   3  4.406538E+00  3.028989E+00  2.932812E+00 -1.115568E-01  1.642822E-02 -2.417357E-04
         2   4 -2.670397E-01 -1.780531E+00 -1.851381E+00 -1.142326E-01  1.682226E-02 -2.475339E-04
         2   5  4.406538E+00  3.028989E+00  2.932812E+00  1.115568E-01 -1.642822E-02 -2.417357E-04
         2   6 -2.670397E-01 -1.780531E+00 -1.851381E+00  1.142326E-01 -1.682226E-02 -2.475339E-04
         2   7  4.406538E+00  3.028989E+00  2.932812E+00 -1.115568E-01 -1.642822E-02  2.417357E-04
         2   8 -2.670397E-01 -1.780531E+00 -1.851381E+00 -1.142326E-01 -1.682226E-02  2.475339E-04
         3   1  3.124264E+00  1.314504E+00  1.262647E+00  5.274070E-02  6.387608E-03  4.261582E-05
         3   2  1.116657E+00 -7.583512E-01 -7.922230E-01  5.328134E-02  6.453087E-03  4.305267E-05
         3   3  3.124264E+00  1.314504E+00  1.262647E+00 -5.274070E-02  6.387608E-03 -4.261582E-05
         3   4  1.116657E+00 -7.583512E-01 -7.922230E-01 -5.328134E-02  6.453087E-03 -4.305267E-05
         3   5  3.124264E+00  1.314504E+00  1.262647E+00  5.274070E-02 -6.387608E-03 -4.261582E-05
         3   6  1.116657E+00 -7.583512E-01 -7.922230E-01  5.328134E-02 -6.453087E-03 -4.305267E-05
         3   7  3.124264E+00  1.314504E+00  1.262647E+00 -5.274070E-02 -6.387608E-03  4.261582E-05
         3   8  1.116657E+00 -7.583512E-01 -7.922230E-01 -5.328134E-02 -6.453087E-03  4.305267E-05
         4   1  2.570130E+00  5.664346E-01  5.429601E-01  2.331351E-02  2.662925E-03  7.713374E-06
         4   2  1.708134E+00 -3.246370E-01 -3.395002E-01  2.341589E-02  2.674620E-03  7.747250E-06
         4   3  2.570130E+00  5.664346E-01  5.429601E-01 -2.331351E-02  2.662925E-03 -7.713374E-06
         4   4  1.708134E+00 -3.246370E-01 -3.395002E-01 -2.341589E-02  2.674620E-03 -7.747250E-06
         4   5  2.570130E+00  5.664346E-01  5.429601E-01  2.331351E-02 -2.662925E-03 -7.713374E-06
         4   6  1.708134E+00 -3.246370E-01 -3.395002E-01  2.341589E-02 -2.674620E-03 -7.747250E-06
         4   7  2.570130E+00  5.664346E-01  5.429601E-01 -2.331351E-02 -2.662925E-03  7.713374E-06
         4   8  1.708134E+00 -3.246370E-01 -3.395002E-01 -2.341589E-02 -2.674620E-03  7.747250E-06
         5   1  2.331425E+00  2.432598E-01  2.330653E-01  1.009008E-02  1.133856E-03  1.410514E-06
         5   2  1.961718E+00 -1.390846E-01 -1.454797E-01  1.010907E-02  1.135990E-03  1.413169E-06
         5   3  2.331425E+00  2.432598E-01  2.330653E-01 -1.009008E-02  1.133856E-03 -1.410514E-06
         5   4  1.961718E+00 -1.390846E-01 -1.454797E-01 -1.010907E-02  1.135990E-03 -1.413169E-06
         5   5  2.331425E+00  2.432598E-01  2.330653E-01  1.009008E-02 -1.133856E-03 -1.410514E-06
         5   6  1.961718E+00 -1.390846E-01 -1.454797E-01  1.010907E-02 -1.135990E-03 -1.413169E-06
         5   7  2.331425E+00  2.432598E-01  2.330653E-01 -1.009008E-02 -1.133856E-03  1.410514E-06
         5   8  1.961718E+00 -1.390846E-01 -1.454797E-01 -1.010907E-02 -1.135990E-03  1.413169E-06
         6   1  2.228880E+00  1.043076E-01  9.992705E-02  4.336995E-03  4.852557E-04  2.586105E-07
         6   2  2.070431E+00 -5.958434E-02 -6.232422E-02  4.340492E-03  4.856469E-04  2.588190E-07
         6   3  2.228880E+00  1.043076E-01  9.992705E-02 -4.336995E-03  4.852557E-04 -2.586105E-07
         6   4  2.070431E+00 -5.958434E-02 -6.232422E-02 -4.340492E-03  4.856469E-04 -2.588190E-07
         6   5  2.228880E+00  1.043076E-01  9.992705E-02  4.336995E-03 -4.852557E-04 -2.586105E-07
         6   6  2.070431E+00 -5.958434E-02 -6.232422E-02  4.340492E-03 -4.856469E-04 -2.588190E-07
         6   7  2.228880E+00  1.043076E-01  9.992705E-02 -4.336995E-03 -4.852557E-04  2.586105E-07
         6   8  2.070431E+00 -5.958434E-02 -6.232422E-02 -4.340492E-03 -4.856469E-04  2.588190E-07
         7   1  2.184898E+00  4.469496E-02  4.281765E-02  1.859817E-03  2.078626E-04  4.743693E-08
         7   2  2.117017E+00 -2.552241E-02 -2.669548E-02  1.860459E-03  2.079344E-04  4.745331E-08
         7   3  2.184898E+00  4.469496E-02  4.281765E-02 -1.859817E-03  2.078626E-04 -4.743693E-08
         7   4  2.117017E+00 -2.552241E-02 -2.669548E-02 -1.860459E-03  2.079344E-04 -4.745331E-08
         7   5  2.184898E+00  4.469496E-02  4.281765E-02  1.859817E-03 -2.078626E-04 -4.743693E-08
         7   6  2.117017E+00 -2.552241E-02 -2.669548E-02  1.860459E-03 -2.079344E-04 -4.745331E-08
         7   7  2.184898E+00  4.469496E-02  4.281765E-02 -1.859817E-03 -2.078626E-04  4.743693E-08
         7   8  2.117017E+00 -2.552241E-02 -2.669548E-02 -1.860459E-03 -2.079344E-04  4.745331E-08
         8   1  2.166049E+00  1.914555E-02  1.834150E-02  7.968808E-04  8.904069E-05  8.701376E-09
         8   2  2.136974E+00 -1.093124E-02 -1.143350E-02  7.969987E-04  8.905386E-05  8.702662E-09
         8   3  2.166049E+00  1.914555E-02  1.834150E-02 -7.968808E-04  8.904069E-05 -8.701377E-09
         8   4  2.136974E+00 -1.093124E-02 -1.143350E-02 -7.969987E-04  8.905386E-05 -8.702662E-09
         8   5  2.166049E+00  1.914555E-02  1.834150E-02  7.968808E-04 -8.904069E-05 -8.701375E-09
         8   6  2.136974E+00 -1.093124E-02 -1.143350E-02  7.969987E-04 -8.905386E-05 -8.702664E-09
         8   7  2.166049E+00  1.914555E-02  1.834150E-02 -7.968808E-04 -8.904069E-05  8.701375E-09
         8   8  2.136974E+00 -1.093124E-02 -1.143350E-02 -7.969987E-04 -8.905386E-05  8.702664E-09
         9   1  2.157974E+00  8.200088E-03  7.855750E-03  3.413374E-04  3.813793E-05  1.596003E-09
         9   2  2.145522E+00 -4.681592E-03 -4.896663E-03  3.413590E-04  3.814035E-05  1.596104E-09
         9   3  2.157974E+00  8.200088E-03  7.855750E-03 -3.413374E-04  3.813793E-05 -1.596003E-09
         9   4  2.145522E+00 -4.681592E-03 -4.896663E-03 -3.413590E-04  3.814035E-05 -1.596104E-09
         9   5  2.157974E+00  8.200088E-03  7.855750E-03  3.413374E-04 -3.813793E-05 -1.596005E-09
         9   6  2.145522E+00 -4.681592E-03 -4.896663E-03  3.413590E-04 -3.814035E-05 -1.596106E-09
         9   7  2.157974E+00  8.200088E-03  7.855750E-03 -3.413374E-04 -3.813793E-05  1.596005E-09
         9   8  2.145522E+00 -4.681592E-03 -4.896663E-03 -3.413590E-04 -3.814035E-05  1.596106E-09
        10   1  2.154516E+00  3.511894E-03  3.364430E-03  1.461905E-04  1.633391E-05  2.927202E-10
        10   2  2.149183E+00 -2.004930E-03 -2.097032E-03  1.461944E-04  1.633435E-05  2.927280E-10
        10   3  2.154516E+00  3.511894E-03  3.364430E-03 -1.461905E-04  1.633391E-05 -2.927201E-10
        10   4  2.149183E+00 -2.004930E-03 -2.097032E-03 -1.461944E-04  1.633435E-05 -2.927280E-10
        10   5  2.154516E+00  3.511894E-03  3.364430E-03  1.461905E-04 -1.633391E-05 -2.927218E-10
        10   6  2.149183E+00 -2.004930E-03 -2.097032E-03  1.461944E-04 -1.633435E-05 -2.927297E-10
        10   7  2.154516E+00  3.511894E-03  3.364430E-03 -1.461905E-04 -1.633391E-05  2.927217E-10
        10   8  2.149183E+00 -2.004930E-03 -2.097032E-03 -1.461944E-04 -1.633435E-05  2.927299E-10
        11   1  2.153035E+00  1.503968E-03  1.440813E-03  6.260493E-05  6.994886E-06  5.367936E-11
        11   2  2.150751E+00 -8.585288E-04 -8.979756E-04  6.260566E-05  6.994968E-06  5.368073E-11
        11   3  2.153035E+00  1.503968E-03  1.440813E-03 -6.260493E-05  6.994886E-06 -5.367946E-11
        11   4  2.150751E+00 -8.585288E-04 -8.979756E-04 -6.260566E-05  6.994968E-06 -5.368077E-11
        11   5  2.153035E+00  1.503968E-03  1.440813E-03  6.260493E-05 -6.994886E-06 -5.368053E-11
        11   6  2.150751E+00 -8.585288E-04 -8.979756E-04  6.260566E-05 -6.994968E-06 -5.368065E-11
        11   7  2.153035E+00  1.503968E-03  1.440813E-03 -6.260493E-05 -6.994886E-06  5.368090E-11
        11   8  2.150751E+00 -8.585288E-04 -8.979756E-04 -6.260566E-05 -6.994968E-06  5.368076E-11
        12   1  2.152400E+00  6.439485E-04  6.168953E-04  2.680091E-05  2.994488E-06  9.837709E-12
        12   2  2.151423E+00 -3.674197E-04 -3.843236E-04  2.680104E-05  2.994503E-06  9.837302E-12
        12   3  2.152400E+00  6.439485E-04  6.168953E-04 -2.680091E-05  2.994488E-06 -9.837702E-12
        12   4  2.151423E+00 -3.674197E-04 -3.843236E-04 -2.680104E-05  2.994503E-06 -9.837319E-12
        12   5  2.152400E+00  6.439485E-04  6.168953E-04  2.680091E-05 -2.994488E-06 -9.837360E-12
        12   6  2.151423E+00 -3.674197E-04 -3.843236E-04  2.680104E-05 -2.994503E-06 -9.837963E-12
        12   7  2.152400E+00  6.439485E-04  6.168953E-04 -2.680091E-05 -2.994488E-06  9.837393E-12
        12   8  2.151423E+00 -3.674197E-04 -3.843236E-04 -2.680104E-05 -2.994503E-06  9.837878E-12
        13   1  2.152128E+00  2.754383E-04  2.638370E-04  1.145304E-05  1.279659E-06  1.796180E-12
        13   2  2.151710E+00 -1.567561E-04 -1.640203E-04  1.145306E-05  1.279662E-06  1.796440E-12
        13   3  2.152128E+00  2.754383E-04  2.638370E-04 -1.145304E-05  1.279659E-06 -1.796110E-12
        13   4  2.151710E+00 -1.567561E-04 -1.640203E-04 -1.145306E-05  1.279662E-06 -1.796601E-12
        13   5  2.152128E+00  2.754383E-04  2.638370E-04  1.145304E-05 -1.279659E-06 -1.796818E-12
        13   6  2.151710E+00 -1.567561E-04 -1.640203E-04  1.145306E-05 -1.279662E-06 -1.796542E-12
        13   7  2.152128E+00  2.754383E-04  2.638370E-04 -1.145304E-05 -1.279659E-06  1.796873E-12
        13   8  2.151710E+00 -1.567561E-04 -1.640203E-04 -1.145306E-05 -1.279662E-06  1.796456E-12
        14   1  2.152011E+00  1.171659E-04  1.121611E-04  4.847032E-06  5.415640E-07  3.217691E-13
        14   2  2.151834E+00 -6.574263E-05 -6.891194E-05  4.847036E-06  5.415645E-07  3.217357E-13
        14   3  2.152011E+00  1.171659E-04  1.121611E-04 -4.847032E-06  5.415640E-07 -3.218212E-13
        14   4  2.151834E+00 -6.574263E-05 -6.891194E-05 -4.847036E-06  5.415645E-07 -3.214589E-13
        14   5  2.152011E+00  1.171659E-04  1.121611E-04  4.847032E-06 -5.415640E-07 -3.218581E-13
        14   6  2.151834E+00 -6.574263E-05 -6.891194E-05  4.847036E-06 -5.415645E-07 -3.219112E-13
        14   7  2.152011E+00  1.171659E-04  1.121611E-04 -4.847032E-06 -5.415640E-07  3.216856E-13
        14   8  2.151834E+00 -6.574263E-05 -6.891194E-05 -4.847036E-06 -5.415645E-07  3.220194E-13
        15   1  2.151959E+00  4.832485E-05  4.609639E-05  1.940703E-06  2.168369E-07  5.179053E-14
        15   2  2.151889E+00 -2.490986E-05 -2.640340E-05  1.940704E-06  2.168370E-07  5.252329E-14
        15   3  2.151959E+00  4.832485E-05  4.609639E-05 -1.940703E-06  2.168369E-07 -5.148374E-14
        15   4  2.151889E+00 -2.490986E-05 -2.640340E-05 -1.940704E-06  2.168370E-07 -5.231682E-14
        15   5  2.151959E+00  4.832485E-05  4.609639E-05  1.940703E-06 -2.168369E-07 -5.142073E-14
        15   6  2.151889E+00 -2.490986E-05 -2.640340E-05  1.940704E-06 -2.168370E-07 -5.065514E-14
        15   7  2.151959E+00  4.832485E-05  4.609639E-05 -1.940703E-06 -2.168369E-07  5.161248E-14
        15   8  2.151889E+00 -2.490986E-05 -2.640340E-05 -1.940704E-06 -2.168370E-07  5.080169E-14
        16   1  2.151934E+00  1.636971E-05  1.521666E-05  5.156932E-07  5.761897E-08  4.298940E-15
        16   2  2.151915E+00 -3.090571E-06 -4.048338E-06  5.156933E-07  5.761898E-08  3.480087E-15
        16   3  2.151934E+00  1.636971E-05  1.521666E-05 -5.156932E-07  5.761897E-08 -4.344137E-15
        16   4  2.151915E+00 -3.090571E-06 -4.048338E-06 -5.156933E-07  5.761898E-08 -3.774723E-15
        16   5  2.151934E+00  1.636971E-05  1.521666E-05  5.156932E-07 -5.761897E-08 -3.086153E-15
        16   6  2.151915E+00 -3.090571E-06 -4.048338E-06  5.156933E-07 -5.761898E-08 -3.901070E-15
        16   7  2.151934E+00  1.636971E-05  1.521666E-05 -5.156932E-07 -5.761897E-08  2.839625E-15
        16   8  2.151915E+00 -3.090571E-06 -4.048338E-06 -5.156933E-07 -5.761898E-08  3.417599E-15

 strains (elem, integ.pnt.,exx,eyy,ezz,exy,exz,eyz) for set ALL and time  0.1000000E+01

         1   1  3.441681E-02 -5.100141E-03 -6.824693E-03  1.389813E-02  3.716269E-03 -3.851904E-18
         1   2  3.441681E-02 -1.890070E-02 -2.523102E-02  1.370298E-02  3.646260E-03 -1.281253E-17
         1   3  3.441681E-02 -5.100141E-03 -6.824693E-03 -1.389813E-02  3.716269E-03  2.620047E-18
         1   4  3.441681E-02 -1.890070E-02 -2.523102E-02 -1.370298E-02  3.646260E-03  6.756106E-18
         1   5  3.441681E-02 -5.100141E-03 -6.824693E-03  1.389813E-02 -3.716269E-03 -5.682049E-18
         1   6  3.441681E-02 -1.890070E-02 -2.523102E-02  1.370298E-02 -3.646260E-03 -2.047210E-17
         1   7  3.441681E-02 -5.100141E-03 -6.824693E-03 -1.389813E-02 -3.716269E-03 -2.887569E-19
         1   8  3.441681E-02 -1.890070E-02 -2.523102E-02 -1.370298E-02 -3.646260E-03 -9.034649E-19
         2   1  7.864581E-02 -2.672569E-02 -3.394219E-02  7.699548E-03  1.125182E-03 -4.107926E-18
         2   2  7.864581E-02 -3.439392E-02 -3.955112E-02  7.636917E-03  1.118391E-03  2.027036E-17
         2   3  7.864581E-02 -2.672569E-02 -3.394219E-02 -7.699548E-03  1.125182E-03  1.113865E-19
         2   4  7.864581E-02 -3.439392E-02 -3.955112E-02 -7.636917E-03  1.118391E-03 -1.488241E-17
         2   5  7.864581E-02 -2.672569E-02 -3.394219E-02  7.699548E-03 -1.125182E-03 -1.543872E-17
         2   6  7.864581E-02 -3.439392E-02 -3.955112E-02  7.636917E-03 -1.118391E-03  1.564157E-17
         2   7  7.864581E-02 -2.672569E-02 -3.394219E-02 -7.699548E-03 -1.125182E-03 -7.843954E-18
         2   8  7.864581E-02 -3.439392E-02 -3.955112E-02 -7.636917E-03 -1.118391E-03 -1.496321E-17
         3   1  9.862215E-02 -3.846947E-02 -4.236995E-02  3.506706E-03  4.229108E-04  2.250892E-17
         3   2  9.862215E-02 -4.196951E-02 -4.448206E-02  3.493384E-03  4.219337E-04 -1.081576E-17
         3   3  9.862215E-02 -3.846947E-02 -4.236995E-02 -3.506706E-03  4.229108E-04 -1.103161E-17
         3   4  9.862215E-02 -4.196951E-02 -4.448206E-02 -3.493384E-03  4.219337E-04  1.205248E-17
         3   5  9.862215E-02 -3.846947E-02 -4.236995E-02  3.506706E-03 -4.229108E-04  1.918973E-17
         3   6  9.862215E-02 -4.196951E-02 -4.448206E-02  3.493384E-03 -4.219337E-04 -1.326898E-17
         3   7  9.862215E-02 -3.846947E-02 -4.236995E-02 -3.506706E-03 -4.229108E-04 -7.684188E-18
         3   8  9.862215E-02 -4.196951E-02 -4.448206E-02 -3.493384E-03 -4.219337E-04  6.239814E-18
         4   1  1.074197E-01 -4.380556E-02 -4.557211E-02  1.524766E-03  1.738249E-04 -1.564519E-17
         4   2  1.074197E-01 -4.532905E-02 -4.644081E-02  1.522218E-03  1.736586E-04 -2.222516E-17
         4   3  1.074197E-01 -4.380556E-02 -4.557211E-02 -1.524766E-03  1.738249E-04  2.412261E-17
         4   4  1.074197E-01 -4.532905E-02 -4.644081E-02 -1.522218E-03  1.736586E-04  6.051516E-18
         4   5  1.074197E-01 -4.380556E-02 -4.557211E-02  1.524766E-03 -1.738249E-04 -2.480229E-17
         4   6  1.074197E-01 -4.532905E-02 -4.644081E-02  1.522218E-03 -1.736586E-04 -2.545109E-17
         4   7  1.074197E-01 -4.380556E-02 -4.557211E-02 -1.524766E-03 -1.738249E-04  1.330851E-17
         4   8  1.074197E-01 -4.532905E-02 -4.644081E-02 -1.522218E-03 -1.736586E-04  7.116027E-18
         5   1  1.112377E-01 -4.612591E-02 -4.689323E-02  6.552272E-04  7.356780E-05 -3.216428E-17
         5   2  1.112377E-01 -4.678090E-02 -4.726099E-02  6.547542E-04  7.353793E-05 -6.837420E-17
         5   3  1.112377E-01 -4.612591E-02 -4.689323E-02 -6.552272E-04  7.356780E-05  1.907165E-17
         5   4  1.112377E-01 -4.678090E-02 -4.726099E-02 -6.547542E-04  7.353793E-05  4.509448E-17
         5   5  1.112377E-01 -4.612591E-02 -4.689323E-02  6.552272E-04 -7.356780E-05 -3.846434E-17
         5   6  1.112377E-01 -4.678090E-02 -4.726099E-02  6.547542E-04 -7.353793E-05 -6.716525E-17
         5   7  1.112377E-01 -4.612591E-02 -4.689323E-02 -6.552272E-04 -7.356780E-05  1.772991E-17
         5   8  1.112377E-01 -4.678090E-02 -4.726099E-02 -6.547542E-04 -7.353793E-05  4.730999E-17
         6   1  1.128826E-01 -4.712330E-02 -4.745304E-02  2.807722E-04  3.140346E-05 -8.900587E-17
         6   2  1.128826E-01 -4.740403E-02 -4.761004E-02  2.806851E-04  3.139802E-05 -5.874108E-17
         6   3  1.128826E-01 -4.712330E-02 -4.745304E-02 -2.807722E-04  3.140346E-05  5.132531E-17
         6   4  1.128826E-01 -4.740403E-02 -4.761004E-02 -2.806851E-04  3.139802E-05  5.571970E-17
         6   5  1.128826E-01 -4.712330E-02 -4.745304E-02  2.807722E-04 -3.140346E-05 -7.781200E-17
         6   6  1.128826E-01 -4.740403E-02 -4.761004E-02  2.806851E-04 -3.139802E-05 -6.035041E-17
         6   7  1.128826E-01 -4.712330E-02 -4.745304E-02 -2.807722E-04 -3.140346E-05  6.912300E-17
         6   8  1.128826E-01 -4.740403E-02 -4.761004E-02 -2.806851E-04 -3.139802E-05  3.996558E-17
         7   1  1.135890E-01 -4.755078E-02 -4.769209E-02  1.202441E-04  1.343700E-05 -1.614805E-17
         7   2  1.135890E-01 -4.767102E-02 -4.775928E-02  1.202282E-04  1.343600E-05  5.540960E-17
         7   3  1.135890E-01 -4.755078E-02 -4.769209E-02 -1.202441E-04  1.343700E-05  2.036205E-17
         7   4  1.135890E-01 -4.767102E-02 -4.775928E-02 -1.202282E-04  1.343600E-05 -5.325552E-17
         7   5  1.135890E-01 -4.755078E-02 -4.769209E-02  1.202441E-04 -1.343700E-05 -3.342166E-17
         7   6  1.135890E-01 -4.767102E-02 -4.775928E-02  1.202282E-04 -1.343600E-05  5.258614E-17
         7   7  1.135890E-01 -4.755078E-02 -4.769209E-02 -1.202441E-04 -1.343700E-05  9.482905E-18
         7   8  1.135890E-01 -4.767102E-02 -4.775928E-02 -1.202282E-04 -1.343600E-05 -5.192827E-17
         8   1  1.138919E-01 -4.773387E-02 -4.779439E-02  5.149231E-05  5.753187E-06  3.438405E-17
         8   2  1.138919E-01 -4.778536E-02 -4.782316E-02  5.148938E-05  5.753004E-06 -7.769684E-17
         8   3  1.138919E-01 -4.773387E-02 -4.779439E-02 -5.149231E-05  5.753187E-06 -4.645820E-17
         8   4  1.138919E-01 -4.778536E-02 -4.782316E-02 -5.148938E-05  5.753004E-06  4.840576E-17
         8   5  1.138919E-01 -4.773387E-02 -4.779439E-02  5.149231E-05 -5.753187E-06  4.082798E-17
         8   6  1.138919E-01 -4.778536E-02 -4.782316E-02  5.148938E-05 -5.753004E-06 -5.686938E-17
         8   7  1.138919E-01 -4.773387E-02 -4.779439E-02 -5.149231E-05 -5.753187E-06 -4.166411E-17
         8   8  1.138919E-01 -4.778536E-02 -4.782316E-02 -5.148938E-05 -5.753004E-06  6.129381E-17
         9   1  1.140216E-01 -4.781228E-02 -4.783820E-02  2.205099E-05  2.463706E-06 -1.015631E-16
         9   2  1.140216E-01 -4.783433E-02 -4.785052E-02  2.205045E-05  2.463672E-06 -6.516456E-17
         9   3  1.140216E-01 -4.781228E-02 -4.783820E-02 -2.205099E-05  2.463706E-06  7.634661E-17
         9   4  1.140216E-01 -4.783433E-02 -4.785052E-02 -2.205045E-05  2.463672E-06  6.330259E-17
         9   5  1.140216E-01 -4.781228E-02 -4.783820E-02  2.205099E-05 -2.463706E-06 -9.383040E-17
         9   6  1.140216E-01 -4.783433E-02 -4.785052E-02  2.205045E-05 -2.463672E-06 -6.573148E-17
         9   7  1.140216E-01 -4.781228E-02 -4.783820E-02 -2.205099E-05 -2.463706E-06  7.918176E-17
         9   8  1.140216E-01 -4.783433E-02 -4.785052E-02 -2.205045E-05 -2.463672E-06  7.119018E-17
        10   1  1.140772E-01 -4.784585E-02 -4.785696E-02  9.443182E-06  1.055077E-06 -5.500744E-17
        10   2  1.140772E-01 -4.785530E-02 -4.786223E-02  9.443083E-06  1.055071E-06 -6.605077E-17
        10   3  1.140772E-01 -4.784585E-02 -4.785696E-02 -9.443182E-06  1.055077E-06  6.515834E-17
        10   4  1.140772E-01 -4.785530E-02 -4.786223E-02 -9.443083E-06  1.055071E-06  6.691120E-17
        10   5  1.140772E-01 -4.784585E-02 -4.785696E-02  9.443182E-06 -1.055077E-06 -6.330708E-17
        10   6  1.140772E-01 -4.785530E-02 -4.786223E-02  9.443083E-06 -1.055071E-06 -6.268716E-17
        10   7  1.140772E-01 -4.784585E-02 -4.785696E-02 -9.443182E-06 -1.055077E-06  5.711646E-17
        10   8  1.140772E-01 -4.785530E-02 -4.786223E-02 -9.443083E-06 -1.055071E-06  7.593249E-17
        11   1  1.141010E-01 -4.786023E-02 -4.786499E-02  4.043790E-06  4.518127E-07 -5.232468E-17
        11   2  1.141010E-01 -4.786428E-02 -4.786725E-02  4.043772E-06  4.518115E-07  3.569164E-18
        11   3  1.141010E-01 -4.786023E-02 -4.786499E-02 -4.043790E-06  4.518127E-07  4.505394E-17
        11   4  1.141010E-01 -4.786428E-02 -4.786725E-02 -4.043772E-06  4.518115E-07 -6.792410E-18
        11   5  1.141010E-01 -4.786023E-02 -4.786499E-02  4.043790E-06 -4.518127E-07 -3.546777E-17
        11   6  1.141010E-01 -4.786428E-02 -4.786725E-02  4.043772E-06 -4.518115E-07  2.215965E-18
        11   7  1.141010E-01 -4.786023E-02 -4.786499E-02 -4.043790E-06 -4.518127E-07  6.330270E-17
        11   8  1.141010E-01 -4.786428E-02 -4.786725E-02 -4.043772E-06 -4.518115E-07  5.566723E-18
        12   1  1.141112E-01 -4.786639E-02 -4.786843E-02  1.731097E-06  1.934165E-07  1.180449E-17
        12   2  1.141112E-01 -4.786812E-02 -4.786940E-02  1.731093E-06  1.934162E-07 -2.246315E-17
        12   3  1.141112E-01 -4.786639E-02 -4.786843E-02 -1.731097E-06  1.934165E-07 -1.128991E-17
        12   4  1.141112E-01 -4.786812E-02 -4.786940E-02 -1.731093E-06  1.934162E-07  2.125117E-17
        12   5  1.141112E-01 -4.786639E-02 -4.786843E-02  1.731097E-06 -1.934165E-07  1.443354E-17
        12   6  1.141112E-01 -4.786812E-02 -4.786940E-02  1.731093E-06 -1.934162E-07 -2.727018E-17
        12   7  1.141112E-01 -4.786639E-02 -4.786843E-02 -1.731097E-06 -1.934165E-07 -1.196006E-17
        12   8  1.141112E-01 -4.786812E-02 -4.786940E-02 -1.731093E-06 -1.934162E-07  2.087743E-17
        13   1  1.141156E-01 -4.786903E-02 -4.786990E-02  7.397566E-07  8.265366E-08 -2.366157E-17
        13   2  1.141156E-01 -4.786977E-02 -4.787031E-02  7.397560E-07  8.265362E-08 -4.368973E-18
        13   3  1.141156E-01 -4.786903E-02 -4.786990E-02 -7.397566E-07  8.265366E-08  2.891927E-17
        13   4  1.141156E-01 -4.786977E-02 -4.787031E-02 -7.397560E-07  8.265362E-08 -7.693936E-18
        13   5  1.141156E-01 -4.786903E-02 -4.786990E-02  7.397566E-07 -8.265366E-08 -2.433172E-17
        13   6  1.141156E-01 -4.786977E-02 -4.787031E-02  7.397560E-07 -8.265362E-08 -3.247765E-18
        13   7  1.141156E-01 -4.786903E-02 -4.786990E-02 -7.397566E-07 -8.265366E-08  2.845532E-17
        13   8  1.141156E-01 -4.786977E-02 -4.787031E-02 -7.397560E-07 -8.265362E-08 -3.196215E-18
        14   1  1.141174E-01 -4.787015E-02 -4.787053E-02  3.130708E-07  3.497972E-08  5.154062E-19
        14   2  1.141174E-01 -4.787047E-02 -4.787070E-02  3.130707E-07  3.497972E-08 -2.023391E-18
        14   3  1.141174E-01 -4.787015E-02 -4.787053E-02 -3.130708E-07  3.497972E-08 -4.433373E-18
        14   4  1.141174E-01 -4.787047E-02 -4.787070E-02 -3.130707E-07  3.497972E-08  2.286226E-17
        14   5  1.141174E-01 -4.787015E-02 -4.787053E-02  3.130708E-07 -3.497972E-08 -7.217061E-18
        14   6  1.141174E-01 -4.787047E-02 -4.787070E-02  3.130707E-07 -3.497972E-08 -1.118636E-17
        14   7  1.141174E-01 -4.787015E-02 -4.787053E-02 -3.130708E-07 -3.497972E-08 -5.773667E-18
        14   8  1.141174E-01 -4.787047E-02 -4.787070E-02 -3.130707E-07 -3.497972E-08  1.933110E-17
        15   1  1.141182E-01 -4.787063E-02 -4.787079E-02  1.253503E-07  1.400552E-08  1.567108E-17
        15   2  1.141182E-01 -4.787075E-02 -4.787086E-02  1.253502E-07  1.400552E-08  7.082933E-17
        15   3  1.141182E-01 -4.787063E-02 -4.787079E-02 -1.253503E-07  1.400552E-08  7.423122E-18
        15   4  1.141182E-01 -4.787075E-02 -4.787086E-02 -1.253502E-07  1.400552E-08 -5.528713E-17
        15   5  1.141182E-01 -4.787063E-02 -4.787079E-02  1.253503E-07 -1.400552E-08  1.216570E-17
        15   6  1.141182E-01 -4.787075E-02 -4.787086E-02  1.253502E-07 -1.400552E-08  6.979834E-17
        15   7  1.141182E-01 -4.787063E-02 -4.787079E-02 -1.253503E-07 -1.400552E-08  2.268147E-18
        15   8  1.141182E-01 -4.787075E-02 -4.787086E-02 -1.253502E-07 -1.400552E-08 -5.876674E-17
        16   1  1.141185E-01 -4.787081E-02 -4.787090E-02  3.330867E-08  3.721614E-09  4.943619E-17
        16   2  1.141185E-01 -4.787084E-02 -4.787091E-02  3.330867E-08  3.721614E-09 -1.220441E-17
        16   3  1.141185E-01 -4.787081E-02 -4.787090E-02 -3.330867E-08  3.721614E-09 -5.283851E-17
        16   4  1.141185E-01 -4.787084E-02 -4.787091E-02 -3.330867E-08  3.721614E-09 -9.974884E-18
        16   5  1.141185E-01 -4.787081E-02 -4.787090E-02  3.330867E-08 -3.721614E-09  4.185838E-17
        16   6  1.141185E-01 -4.787084E-02 -4.787091E-02  3.330867E-08 -3.721614E-09 -1.948581E-17
        16   7  1.141185E-01 -4.787081E-02 -4.787090E-02 -3.330867E-08 -3.721614E-09 -6.041632E-17
        16   8  1.141185E-01 -4.787084E-02 -4.787091E-02 -3.330867E-08 -3.721614E-09 -1.690832E-17
