
                        S T E P       1


                                INCREMENT     1


 forces (fx,fy,fz) for set RIGHT and time  0.5000000E-01

        33  1.440131E-01 -1.103365E-07 -5.516189E-07
        34  1.440131E-01  1.103365E-07 -5.516189E-07
        35  1.440131E-01  1.103365E-07  5.516189E-07
        36  1.440131E-01 -1.103365E-07  5.516189E-07

 displacements (vx,vy,vz) for set RIGHT and time  0.5000000E-01

        33  1.000000E-01  7.102249E-03  1.420762E-03
        34  1.000000E-01 -7.102249E-03  1.420762E-03
        35  1.000000E-01 -7.102249E-03 -1.420762E-03
        36  1.000000E-01  7.102249E-03 -1.420762E-03

 stresses (elem, integ.pnt.,sxx,syy,szz,sxy,sxz,syz) for set ALL and time  0.5000000E-01

         1   1  4.315693E-01  4.013292E-01  4.008182E-01  6.060830E-03  1.350657E-03  1.225807E-06
         1   2 -2.013738E-01 -2.438385E-01 -2.457355E-01  6.080298E-03  1.354995E-03  1.229744E-06
         1   3  4.315693E-01  4.013292E-01  4.008182E-01 -6.060830E-03  1.350657E-03 -1.225807E-06
         1   4 -2.013738E-01 -2.438385E-01 -2.457355E-01 -6.080298E-03  1.354995E-03 -1.229744E-06
         1   5  4.315693E-01  4.013292E-01  4.008182E-01  6.060830E-03 -1.350657E-03 -1.225807E-06
         1   6 -2.013738E-01 -2.438385E-01 -2.457355E-01  6.080298E-03 -1.354995E-03 -1.229744E-06
         1   7  4.315693E-01  4.013292E-01  4.008182E-01 -6.060830E-03 -1.350657E-03  1.225807E-06
         1   8 -2.013738E-01 -2.438385E-01 -2.457355E-01 -6.080298E-03 -1.354995E-03  1.229744E-06
         2   1  2.469204E-01  1.676085E-01  1.655596E-01  2.901412E-03  4.855414E-04  2.097673E-07
         2   2 -1.567556E-02 -1.008679E-01 -1.019761E-01  2.905275E-03  4.861879E-04  2.100466E-07
         2   3  2.469204E-01  1.676085E-01  1.655596E-01 -2.901412E-03  4.855414E-04 -2.097673E-07
         2   4 -1.567556E-02 -1.008679E-01 -1.019761E-01 -2.905275E-03  4.861879E-04 -2.100466E-07
         2   5  2.469204E-01  1.676085E-01  1.655596E-01  2.901412E-03 -4.855414E-04 -2.097673E-07
         2   6 -1.567556E-02 -1.008679E-01 -1.019761E-01  2.905275E-03 -4.861879E-04 -2.100466E-07
         2   7  2.469204E-01  1.676085E-01  1.655596E-01 -2.901412E-03 -4.855414E-04  2.097673E-07
         2   8 -1.567556E-02 -1.008679E-01 -1.019761E-01 -2.905275E-03 -4.861879E-04  2.100466E-07
         3   1  1.704126E-01  6.966812E-02  6.899596E-02  1.171190E-03  2.096933E-04  3.648379E-08
         3   2  6.114577E-02 -4.198039E-02 -4.240912E-02  1.171838E-03  2.098094E-04  3.650400E-08
         3   3  1.704126E-01  6.966812E-02  6.899596E-02 -1.171190E-03  2.096933E-04 -3.648379E-08
         3   4  6.114577E-02 -4.198039E-02 -4.240912E-02 -1.171838E-03  2.098094E-04 -3.650400E-08
         3   5  1.704126E-01  6.966812E-02  6.899596E-02  1.171190E-03 -2.096933E-04 -3.648379E-08
         3   6  6.114577E-02 -4.198039E-02 -4.240912E-02  1.171838E-03 -2.098094E-04 -3.650400E-08
         3   7  1.704126E-01  6.966812E-02  6.899596E-02 -1.171190E-03 -2.096933E-04  3.648379E-08
         3   8  6.114577E-02 -4.198039E-02 -4.240912E-02 -1.171838E-03 -2.098094E-04  3.650400E-08
         4   1  1.385346E-01  2.896430E-02  2.866743E-02  4.904916E-04  8.643534E-05  6.292012E-09
         4   2  9.313324E-02 -1.743543E-02 -1.761666E-02  4.906045E-04  8.645523E-05  6.293458E-09
         4   3  1.385346E-01  2.896430E-02  2.866743E-02 -4.904916E-04  8.643534E-05 -6.292011E-09
         4   4  9.313324E-02 -1.743543E-02 -1.761666E-02 -4.906045E-04  8.645523E-05 -6.293457E-09
         4   5  1.385346E-01  2.896430E-02  2.866743E-02  4.904916E-04 -8.643534E-05 -6.292009E-09
         4   6  9.313324E-02 -1.743543E-02 -1.761666E-02  4.906045E-04 -8.645523E-05 -6.293459E-09
         4   7  1.385346E-01  2.896430E-02  2.866743E-02 -4.904916E-04 -8.643534E-05  6.292009E-09
         4   8  9.313324E-02 -1.743543E-02 -1.761666E-02 -4.906045E-04 -8.645523E-05  6.293459E-09
         5   1  1.252741E-01  1.202650E-02  1.190472E-02  2.031958E-04  3.594292E-05  1.083476E-09
         5   2  1.064356E-01 -7.225790E-03 -7.301007E-03  2.032152E-04  3.594636E-05  1.083580E-09
         5   3  1.252741E-01  1.202650E-02  1.190472E-02 -2.031958E-04  3.594292E-05 -1.083475E-09
         5   4  1.064356E-01 -7.225790E-03 -7.301007E-03 -2.032152E-04  3.594636E-05 -1.083580E-09
         5   5  1.252741E-01  1.202650E-02  1.190472E-02  2.031958E-04 -3.594292E-05 -1.083477E-09
         5   6  1.064356E-01 -7.225790E-03 -7.301007E-03  2.032152E-04 -3.594636E-05 -1.083580E-09
         5   7  1.252741E-01  1.202650E-02  1.190472E-02 -2.031958E-04 -3.594292E-05  1.083478E-09
         5   8  1.064356E-01 -7.225790E-03 -7.301007E-03 -2.032152E-04 -3.594636E-05  1.083580E-09
         6   1  1.197378E-01  4.967919E-03  4.916819E-03  8.362637E-05  1.477931E-05  1.833229E-10
         6   2  1.119885E-01 -2.951699E-03 -2.983507E-03  8.362966E-05  1.477989E-05  1.833301E-10
         6   3  1.197378E-01  4.967919E-03  4.916819E-03 -8.362637E-05  1.477931E-05 -1.833227E-10
         6   4  1.119885E-01 -2.951699E-03 -2.983507E-03 -8.362966E-05  1.477989E-05 -1.833299E-10
         6   5  1.197378E-01  4.967919E-03  4.916819E-03  8.362637E-05 -1.477931E-05 -1.833223E-10
         6   6  1.119885E-01 -2.951699E-03 -2.983507E-03  8.362966E-05 -1.477989E-05 -1.833295E-10
         6   7  1.197378E-01  4.967919E-03  4.916819E-03 -8.362637E-05 -1.477931E-05  1.833225E-10
         6   8  1.119885E-01 -2.951699E-03 -2.983507E-03 -8.362966E-05 -1.477989E-05  1.833296E-10
         7   1  1.173801E-01  1.990497E-03  1.968507E-03  3.266446E-05  5.774056E-06  2.797344E-11
         7   2  1.143530E-01 -1.103131E-03 -1.117598E-03  3.266496E-05  5.774144E-06  2.797311E-11
         7   3  1.173801E-01  1.990497E-03  1.968507E-03 -3.266446E-05  5.774056E-06 -2.797324E-11
         7   4  1.143530E-01 -1.103131E-03 -1.117598E-03 -3.266496E-05  5.774144E-06 -2.797286E-11
         7   5  1.173801E-01  1.990497E-03  1.968507E-03  3.266446E-05 -5.774056E-06 -2.797341E-11
         7   6  1.143530E-01 -1.103131E-03 -1.117598E-03  3.266496E-05 -5.774144E-06 -2.797454E-11
         7   7  1.173801E-01  1.990497E-03  1.968507E-03 -3.266446E-05 -5.774056E-06  2.797355E-11
         7   8  1.143530E-01 -1.103131E-03 -1.117598E-03 -3.266496E-05 -5.774144E-06  2.797486E-11
         8   1  1.162637E-01  6.483916E-04  6.373993E-04  8.547520E-06  1.510842E-06  1.914380E-12
         8   2  1.154716E-01 -1.611063E-04 -1.701291E-04  8.547554E-06  1.510848E-06  1.914608E-12
         8   3  1.162637E-01  6.483916E-04  6.373993E-04 -8.547520E-06  1.510842E-06 -1.914077E-12
         8   4  1.154716E-01 -1.611063E-04 -1.701291E-04 -8.547554E-06  1.510848E-06 -1.914241E-12
         8   5  1.162637E-01  6.483916E-04  6.373993E-04  8.547520E-06 -1.510842E-06 -1.916201E-12
         8   6  1.154716E-01 -1.611063E-04 -1.701291E-04  8.547554E-06 -1.510848E-06 -1.916067E-12
         8   7  1.162637E-01  6.483916E-04  6.373993E-04 -8.547520E-06 -1.510842E-06  1.916547E-12
         8   8  1.154716E-01 -1.611063E-04 -1.701291E-04 -8.547554E-06 -1.510848E-06  1.916315E-12

 strains (elem, integ.pnt.,exx,eyy,ezz,exy,exz,eyz) for set ALL and time  0.5000000E-01

         1   1  1.940968E-03 -3.327799E-04 -3.707931E-04  4.545101E-04  1.012838E-04  1.524541E-17
         1   2  1.940968E-03 -1.241387E-03 -1.383118E-03  4.540967E-04  1.011811E-04  5.706617E-17
         1   3  1.940968E-03 -3.327799E-04 -3.707931E-04 -4.545101E-04  1.012838E-04 -3.234082E-18
         1   4  1.940968E-03 -1.241387E-03 -1.383118E-03 -4.540967E-04  1.011811E-04 -1.180344E-17
         1   5  1.940968E-03 -3.327799E-04 -3.707931E-04  4.545101E-04 -1.012838E-04  1.723520E-17
         1   6  1.940968E-03 -1.241387E-03 -1.383118E-03  4.540967E-04 -1.011811E-04  6.443531E-17
         1   7  1.940968E-03 -3.327799E-04 -3.707931E-04 -4.545101E-04 -1.012838E-04 -1.257841E-18
         1   8  1.940968E-03 -1.241387E-03 -1.383118E-03 -4.540967E-04 -1.011811E-04 -4.441066E-18
         2   1  4.222639E-03 -1.732290E-03 -1.886028E-03  2.165479E-04  3.623297E-05  7.263531E-17
         2   2  4.222639E-03 -2.165292E-03 -2.248292E-03  2.164538E-04  3.621979E-05  7.415805E-17
         2   3  4.222639E-03 -1.732290E-03 -1.886028E-03 -2.165479E-04  3.623297E-05 -2.081646E-17
         2   4  4.222639E-03 -2.165292E-03 -2.248292E-03 -2.164538E-04  3.621979E-05 -3.761079E-17
         2   5  4.222639E-03 -1.732290E-03 -1.886028E-03  2.165479E-04 -3.623297E-05  7.878161E-17
         2   6  4.222639E-03 -2.165292E-03 -2.248292E-03  2.164538E-04 -3.621979E-05  7.176888E-17
         2   7  4.222639E-03 -1.732290E-03 -1.886028E-03 -2.165479E-04 -3.623297E-05 -1.462958E-17
         2   8  4.222639E-03 -2.165292E-03 -2.248292E-03 -2.164538E-04 -3.621979E-05 -4.017914E-17
         3   1  5.172921E-03 -2.387595E-03 -2.438023E-03  8.723307E-05  1.561768E-05  9.269512E-17
         3   2  5.172921E-03 -2.562046E-03 -2.594188E-03  8.721777E-05  1.561523E-05  1.431277E-16
         3   3  5.172921E-03 -2.387595E-03 -2.438023E-03 -8.723307E-05  1.561768E-05 -6.083610E-17
         3   4  5.172921E-03 -2.562046E-03 -2.594188E-03 -8.721777E-05  1.561523E-05 -1.055560E-16
         3   5  5.172921E-03 -2.387595E-03 -2.438023E-03  8.723307E-05 -1.561768E-05  8.574275E-17
         3   6  5.172921E-03 -2.562046E-03 -2.594188E-03  8.721777E-05 -1.561523E-05  1.325631E-16
         3   7  5.172921E-03 -2.387595E-03 -2.438023E-03 -8.723307E-05 -1.561768E-05 -6.757553E-17
         3   8  5.172921E-03 -2.562046E-03 -2.594188E-03 -8.721777E-05 -1.561523E-05 -1.163530E-16
         4   1  5.568673E-03 -2.652614E-03 -2.674886E-03  3.650212E-05  6.432327E-06  1.092890E-16
         4   2  5.568673E-03 -2.725615E-03 -2.739207E-03  3.649944E-05  6.431911E-06 -3.288829E-17
         4   3  5.568673E-03 -2.652614E-03 -2.674886E-03 -3.650212E-05  6.432327E-06 -7.139996E-17
         4   4  5.568673E-03 -2.725615E-03 -2.739207E-03 -3.649944E-05  6.431911E-06  6.791397E-17
         4   5  5.568673E-03 -2.652614E-03 -2.674886E-03  3.650212E-05 -6.432327E-06  9.865173E-17
         4   6  5.568673E-03 -2.725615E-03 -2.739207E-03  3.649944E-05 -6.431911E-06 -3.799709E-17
         4   7  5.568673E-03 -2.652614E-03 -2.674886E-03 -3.650212E-05 -6.432327E-06 -8.160471E-17
         4   8  5.568673E-03 -2.725615E-03 -2.739207E-03 -3.649944E-05 -6.431911E-06  6.281868E-17
         5   1  5.733131E-03 -2.763400E-03 -2.772536E-03  1.511640E-05  2.673886E-06 -6.219323E-17
         5   2  5.733131E-03 -2.793633E-03 -2.799275E-03  1.511594E-05  2.673814E-06 -1.470967E-18
         5   3  5.733131E-03 -2.763400E-03 -2.772536E-03 -1.511640E-05  2.673886E-06  9.166180E-17
         5   4  5.733131E-03 -2.793633E-03 -2.799275E-03 -1.511594E-05  2.673814E-06  1.938462E-17
         5   5  5.733131E-03 -2.763400E-03 -2.772536E-03  1.511640E-05 -2.673886E-06 -6.526450E-17
         5   6  5.733131E-03 -2.793633E-03 -2.799275E-03  1.511594E-05 -2.673814E-06 -3.625690E-18
         5   7  5.733131E-03 -2.763400E-03 -2.772536E-03 -1.511640E-05 -2.673886E-06  8.880678E-17
         5   8  5.733131E-03 -2.793633E-03 -2.799275E-03 -1.511594E-05 -2.673814E-06  1.700099E-17
         6   1  5.801212E-03 -2.809252E-03 -2.813085E-03  6.220329E-06  1.099316E-06  2.098240E-17
         6   2  5.801212E-03 -2.821692E-03 -2.824079E-03  6.220251E-06  1.099304E-06  2.171689E-17
         6   3  5.801212E-03 -2.809252E-03 -2.813085E-03 -6.220329E-06  1.099316E-06 -8.100587E-18
         6   4  5.801212E-03 -2.821692E-03 -2.824079E-03 -6.220251E-06  1.099304E-06 -9.871784E-18
         6   5  5.801212E-03 -2.809252E-03 -2.813085E-03  6.220329E-06 -1.099316E-06  1.907013E-17
         6   6  5.801212E-03 -2.821692E-03 -2.824079E-03  6.220251E-06 -1.099304E-06  1.917791E-17
         6   7  5.801212E-03 -2.809252E-03 -2.813085E-03 -6.220329E-06 -1.099316E-06 -1.001287E-17
         6   8  5.801212E-03 -2.821692E-03 -2.824079E-03 -6.220251E-06 -1.099304E-06 -1.269878E-17
         7   1  5.828809E-03 -2.828024E-03 -2.829674E-03  2.429515E-06  4.294616E-07  1.986680E-18
         7   2  5.828809E-03 -2.832883E-03 -2.833969E-03  2.429503E-06  4.294597E-07 -5.455086E-17
         7   3  5.828809E-03 -2.828024E-03 -2.829674E-03 -2.429515E-06  4.294616E-07  1.256826E-17
         7   4  5.828809E-03 -2.832883E-03 -2.833969E-03 -2.429503E-06  4.294597E-07  7.331768E-17
         7   5  5.828809E-03 -2.828024E-03 -2.829674E-03  2.429515E-06 -4.294616E-07  2.230877E-19
         7   6  5.828809E-03 -2.832883E-03 -2.833969E-03  2.429503E-06 -4.294597E-07 -5.231259E-17
         7   7  5.828809E-03 -2.828024E-03 -2.829674E-03 -2.429515E-06 -4.294616E-07  1.038573E-17
         7   8  5.828809E-03 -2.832883E-03 -2.833969E-03 -2.429503E-06 -4.294597E-07  7.679417E-17
         8   1  5.838590E-03 -2.835127E-03 -2.835952E-03  6.357321E-07  1.123706E-07 -6.898858E-17
         8   2  5.838590E-03 -2.836399E-03 -2.837076E-03  6.357313E-07  1.123704E-07 -5.246773E-17
         8   3  5.838590E-03 -2.835127E-03 -2.835952E-03 -6.357321E-07  1.123706E-07  9.177455E-17
         8   4  5.838590E-03 -2.836399E-03 -2.837076E-03 -6.357313E-07  1.123704E-07  8.007705E-17
         8   5  5.838590E-03 -2.835127E-03 -2.835952E-03  6.357321E-07 -1.123706E-07 -6.754596E-17
         8   6  5.838590E-03 -2.836399E-03 -2.837076E-03  6.357313E-07 -1.123704E-07 -5.692567E-17
         8   7  5.838590E-03 -2.835127E-03 -2.835952E-03 -6.357321E-07 -1.123706E-07  9.354151E-17
         8   8  5.838590E-03 -2.836399E-03 -2.837076E-03 -6.357313E-07 -1.123704E-07  7.557604E-17

                                INCREMENT     2


 forces (fx,fy,fz) for set RIGHT and time  0.1000000E+00

        33  2.864920E-01  8.067318E-15  2.307590E-14
        34  2.864920E-01 -8.060360E-15  3.642141E-14
        35  2.864920E-01 -4.441887E-15 -3.637622E-14
        36  2.864920E-01  4.414099E-15 -2.313813E-14

 displacements (vx,vy,vz) for set RIGHT and time  0.1000000E+00

        33  2.000000E-01  1.414895E-02  2.830413E-03
        34  2.000000E-01 -1.414895E-02  2.830413E-03
        35  2.000000E-01 -1.414895E-02 -2.830413E-03
        36  2.000000E-01  1.414895E-02 -2.830413E-03

 stresses (elem, integ.pnt.,sxx,syy,szz,sxy,sxz,syz) for set ALL and time  0.1000000E+00

         1   1  8.597495E-01  7.995611E-01  7.985373E-01  1.207230E-02  2.689765E-03  4.853619E-06
         1   2 -4.022592E-01 -4.870016E-01 -4.907829E-01  1.214972E-02  2.707016E-03  4.884748E-06
         1   3  8.597495E-01  7.995611E-01  7.985373E-01 -1.207230E-02  2.689765E-03 -4.853619E-06
         1   4 -4.022592E-01 -4.870016E-01 -4.907829E-01 -1.214972E-02  2.707016E-03 -4.884748E-06
         1   5  8.597495E-01  7.995611E-01  7.985373E-01  1.207230E-02 -2.689765E-03 -4.853619E-06
         1   6 -4.022592E-01 -4.870016E-01 -4.907829E-01  1.214972E-02 -2.707016E-03 -4.884748E-06
         1   7  8.597495E-01  7.995611E-01  7.985373E-01 -1.207230E-02 -2.689765E-03  4.853619E-06
         1   8 -4.022592E-01 -4.870016E-01 -4.907829E-01 -1.214972E-02 -2.707016E-03  4.884748E-06
         2   1  4.929542E-01  3.345749E-01  3.305091E-01  5.797854E-03  9.709273E-04  8.320393E-07
         2   2 -3.129216E-02 -2.015776E-01 -2.037835E-01  5.813279E-03  9.735103E-04  8.342528E-07
         2   3  4.929542E-01  3.345749E-01  3.305091E-01 -5.797854E-03  9.709273E-04 -8.320393E-07
         2   4 -3.129216E-02 -2.015776E-01 -2.037835E-01 -5.813279E-03  9.735103E-04 -8.342528E-07
         2   5  4.929542E-01  3.345749E-01  3.305091E-01  5.797854E-03 -9.709273E-04 -8.320393E-07
         2   6 -3.129216E-02 -2.015776E-01 -2.037835E-01  5.813279E-03 -9.735103E-04 -8.342528E-07
         2   7  4.929542E-01  3.345749E-01  3.305091E-01 -5.797854E-03 -9.709273E-04  8.320393E-07
         2   8 -3.129216E-02 -2.015776E-01 -2.037835E-01 -5.813279E-03 -9.735103E-04  8.342528E-07
         3   1  3.405818E-01  1.391846E-01  1.378471E-01  2.344929E-03  4.197261E-04  1.447975E-07
         3   2  1.223303E-01 -8.391399E-02 -8.476689E-02  2.347525E-03  4.201907E-04  1.449578E-07
         3   3  3.405818E-01  1.391846E-01  1.378471E-01 -2.344929E-03  4.197261E-04 -1.447975E-07
         3   4  1.223303E-01 -8.391399E-02 -8.476689E-02 -2.347525E-03  4.201907E-04 -1.449578E-07
         3   5  3.405818E-01  1.391846E-01  1.378471E-01  2.344929E-03 -4.197261E-04 -1.447975E-07
         3   6  1.223303E-01 -8.391399E-02 -8.476689E-02  2.347525E-03 -4.201907E-04 -1.449578E-07
         3   7  3.405818E-01  1.391846E-01  1.378471E-01 -2.344929E-03 -4.197261E-04  1.447975E-07
         3   8  1.223303E-01 -8.391399E-02 -8.476689E-02 -2.347525E-03 -4.201907E-04  1.449578E-07
         4   1  2.770274E-01  5.788487E-02  5.729506E-02  9.825197E-04  1.731512E-04  2.497983E-08
         4   2  1.863217E-01 -3.485549E-02 -3.521568E-02  9.829716E-04  1.732309E-04  2.499132E-08
         4   3  2.770274E-01  5.788487E-02  5.729506E-02 -9.825197E-04  1.731512E-04 -2.497983E-08
         4   4  1.863217E-01 -3.485549E-02 -3.521568E-02 -9.829716E-04  1.732309E-04 -2.499132E-08
         4   5  2.770274E-01  5.788487E-02  5.729506E-02  9.825197E-04 -1.731512E-04 -2.497983E-08
         4   6  1.863217E-01 -3.485549E-02 -3.521568E-02  9.829716E-04 -1.732309E-04 -2.499132E-08
         4   7  2.770274E-01  5.788487E-02  5.729506E-02 -9.825197E-04 -1.731512E-04  2.497983E-08
         4   8  1.863217E-01 -3.485549E-02 -3.521568E-02 -9.829716E-04 -1.732309E-04  2.499132E-08
         5   1  2.505781E-01  2.403807E-02  2.379608E-02  4.071494E-04  7.201835E-05  4.301990E-09
         5   2  2.129380E-01 -1.444601E-02 -1.459549E-02  4.072271E-04  7.203209E-05  4.302810E-09
         5   3  2.505781E-01  2.403807E-02  2.379608E-02 -4.071494E-04  7.201835E-05 -4.301990E-09
         5   4  2.129380E-01 -1.444601E-02 -1.459549E-02 -4.072271E-04  7.203209E-05 -4.302810E-09
         5   5  2.505781E-01  2.403807E-02  2.379608E-02  4.071494E-04 -7.201835E-05 -4.301989E-09
         5   6  2.129380E-01 -1.444601E-02 -1.459549E-02  4.072271E-04 -7.203209E-05 -4.302810E-09
         5   7  2.505781E-01  2.403807E-02  2.379608E-02 -4.071494E-04 -7.201835E-05  4.301989E-09
         5   8  2.129380E-01 -1.444601E-02 -1.459549E-02 -4.072271E-04 -7.203209E-05  4.302810E-09
         6   1  2.395334E-01  9.930036E-03  9.828506E-03  1.675810E-04  2.961670E-05  7.279281E-10
         6   2  2.240494E-01 -5.901452E-03 -5.964654E-03  1.675941E-04  2.961902E-05  7.279865E-10
         6   3  2.395334E-01  9.930036E-03  9.828506E-03 -1.675810E-04  2.961670E-05 -7.279284E-10
         6   4  2.240494E-01 -5.901452E-03 -5.964654E-03 -1.675941E-04  2.961902E-05 -7.279864E-10
         6   5  2.395334E-01  9.930036E-03  9.828506E-03  1.675810E-04 -2.961670E-05 -7.279285E-10
         6   6  2.240494E-01 -5.901452E-03 -5.964654E-03  1.675941E-04 -2.961902E-05 -7.279846E-10
         6   7  2.395334E-01  9.930036E-03  9.828506E-03 -1.675810E-04 -2.961670E-05  7.279285E-10
         6   8  2.240494E-01 -5.901452E-03 -5.964654E-03 -1.675941E-04 -2.961902E-05  7.279846E-10
         7   1  2.348290E-01  3.978535E-03  3.934843E-03  6.546017E-05  1.157129E-05  1.110788E-10
         7   2  2.287804E-01 -2.205803E-03 -2.234548E-03  6.546218E-05  1.157165E-05  1.110812E-10
         7   3  2.348290E-01  3.978535E-03  3.934843E-03 -6.546017E-05  1.157129E-05 -1.110786E-10
         7   4  2.287804E-01 -2.205803E-03 -2.234548E-03 -6.546218E-05  1.157165E-05 -1.110811E-10
         7   5  2.348290E-01  3.978535E-03  3.934843E-03  6.546017E-05 -1.157129E-05 -1.110768E-10
         7   6  2.287804E-01 -2.205803E-03 -2.234548E-03  6.546218E-05 -1.157165E-05 -1.110812E-10
         7   7  2.348290E-01  3.978535E-03  3.934843E-03 -6.546017E-05 -1.157129E-05  1.110767E-10
         7   8  2.287804E-01 -2.205803E-03 -2.234548E-03 -6.546218E-05 -1.157165E-05  1.110811E-10
         8   1  2.326007E-01  1.295708E-03  1.273868E-03  1.712966E-05  3.027804E-06  7.605129E-12
         8   2  2.310180E-01 -3.225340E-04 -3.404613E-04  1.712980E-05  3.027828E-06  7.605130E-12
         8   3  2.326007E-01  1.295708E-03  1.273868E-03 -1.712966E-05  3.027804E-06 -7.605059E-12
         8   4  2.310180E-01 -3.225340E-04 -3.404613E-04 -1.712980E-05  3.027828E-06 -7.605421E-12
         8   5  2.326007E-01  1.295708E-03  1.273868E-03  1.712966E-05 -3.027804E-06 -7.605755E-12
         8   6  2.310180E-01 -3.225340E-04 -3.404613E-04  1.712980E-05 -3.027828E-06 -7.605628E-12
         8   7  2.326007E-01  1.295708E-03  1.273868E-03 -1.712966E-05 -3.027804E-06  7.605683E-12
         8   8  2.310180E-01 -3.225340E-04 -3.404613E-04 -1.712980E-05 -3.027828E-06  7.605661E-12

 strains (elem, integ.pnt.,exx,eyy,ezz,exy,exz,eyz) for set ALL and time  0.1000000E+00

         1   1  3.873638E-03 -6.628171E-04 -7.383659E-04  9.051247E-04  2.016508E-04  1.325869E-17
         1   2  3.873638E-03 -2.471426E-03 -2.752838E-03  9.034840E-04  2.012436E-04  4.933141E-17
         1   3  3.873638E-03 -6.628171E-04 -7.383659E-04 -9.051247E-04  2.016508E-04 -1.323248E-17
         1   4  3.873638E-03 -2.471426E-03 -2.752838E-03 -9.034840E-04  2.012436E-04 -4.919501E-17
         1   5  3.873638E-03 -6.628171E-04 -7.383659E-04  9.051247E-04 -2.016508E-04  1.296075E-17
         1   6  3.873638E-03 -2.471426E-03 -2.752838E-03  9.034840E-04 -2.012436E-04  4.832453E-17
         1   7  3.873638E-03 -6.628171E-04 -7.383659E-04 -9.051247E-04 -2.016508E-04 -1.350333E-17
         1   8  3.873638E-03 -2.471426E-03 -2.752838E-03 -9.034840E-04 -2.012436E-04 -5.020189E-17
         2   1  8.455467E-03 -3.447867E-03 -3.753056E-03  4.305919E-04  7.208614E-05  5.427086E-17
         2   2  8.455467E-03 -4.308678E-03 -4.473656E-03  4.302185E-04  7.203378E-05  3.147824E-17
         2   3  8.455467E-03 -3.447867E-03 -3.753056E-03 -4.305919E-04  7.208614E-05 -5.386944E-17
         2   4  8.455467E-03 -4.308678E-03 -4.473656E-03 -4.302185E-04  7.203378E-05 -3.110697E-17
         2   5  8.455467E-03 -3.447867E-03 -3.753056E-03  4.305919E-04 -7.208614E-05  5.272827E-17
         2   6  8.455467E-03 -4.308678E-03 -4.473656E-03  4.302185E-04 -7.203378E-05  2.960120E-17
         2   7  8.455467E-03 -3.447867E-03 -3.753056E-03 -4.305919E-04 -7.208614E-05 -5.533098E-17
         2   8  8.455467E-03 -4.308678E-03 -4.473656E-03 -4.302185E-04 -7.203378E-05 -3.334159E-17
         3   1  1.037144E-02 -4.750545E-03 -4.850909E-03  1.734404E-04  3.104148E-05  2.043121E-17
         3   2  1.037144E-02 -5.097365E-03 -5.161275E-03  1.733796E-04  3.103175E-05  1.069337E-17
         3   3  1.037144E-02 -4.750545E-03 -4.850909E-03 -1.734404E-04  3.104148E-05 -1.726098E-17
         3   4  1.037144E-02 -5.097365E-03 -5.161275E-03 -1.733796E-04  3.103175E-05 -1.214044E-18
         3   5  1.037144E-02 -4.750545E-03 -4.850909E-03  1.734404E-04 -3.104148E-05  1.687739E-17
         3   6  1.037144E-02 -5.097365E-03 -5.161275E-03  1.733796E-04 -3.103175E-05  6.975635E-18
         3   7  1.037144E-02 -4.750545E-03 -4.850909E-03 -1.734404E-04 -3.104148E-05 -1.986390E-17
         3   8  1.037144E-02 -5.097365E-03 -5.161275E-03 -1.733796E-04 -3.103175E-05 -5.536837E-18
         4   1  1.117071E-02 -5.277390E-03 -5.321649E-03  7.254838E-05  1.278476E-05  1.471478E-17
         4   2  1.117071E-02 -5.422476E-03 -5.449488E-03  7.253774E-05  1.278311E-05  4.014731E-17
         4   3  1.117071E-02 -5.277390E-03 -5.321649E-03 -7.254838E-05  1.278476E-05 -4.697598E-18
         4   4  1.117071E-02 -5.422476E-03 -5.449488E-03 -7.253774E-05  1.278311E-05 -3.032680E-17
         4   5  1.117071E-02 -5.277390E-03 -5.321649E-03  7.254838E-05 -1.278476E-05  1.231536E-17
         4   6  1.117071E-02 -5.422476E-03 -5.449488E-03  7.253774E-05 -1.278311E-05  3.828387E-17
         4   7  1.117071E-02 -5.277390E-03 -5.321649E-03 -7.254838E-05 -1.278476E-05 -8.364215E-18
         4   8  1.117071E-02 -5.422476E-03 -5.449488E-03 -7.253774E-05 -1.278311E-05 -3.185327E-17
         5   1  1.150309E-02 -5.497569E-03 -5.515727E-03  3.004239E-05  5.313931E-06  2.783748E-17
         5   2  1.150309E-02 -5.557652E-03 -5.568865E-03  3.004057E-05  5.313646E-06 -2.861450E-17
         5   3  1.150309E-02 -5.497569E-03 -5.515727E-03 -3.004239E-05  5.313931E-06 -2.585814E-17
         5   4  1.150309E-02 -5.557652E-03 -5.568865E-03 -3.004057E-05  5.313646E-06  1.365947E-17
         5   5  1.150309E-02 -5.497569E-03 -5.515727E-03  3.004239E-05 -5.313931E-06  3.045886E-17
         5   6  1.150309E-02 -5.557652E-03 -5.568865E-03  3.004057E-05 -5.313646E-06 -2.071371E-17
         5   7  1.150309E-02 -5.497569E-03 -5.515727E-03 -3.004239E-05 -5.313931E-06 -2.280547E-17
         5   8  1.150309E-02 -5.557652E-03 -5.568865E-03 -3.004057E-05 -5.313646E-06  2.188707E-17
         6   1  1.164072E-02 -5.588692E-03 -5.596311E-03  1.236172E-05  2.184677E-06 -1.786922E-17
         6   2  1.164072E-02 -5.613415E-03 -5.618157E-03  1.236141E-05  2.184629E-06  7.169584E-17
         6   3  1.164072E-02 -5.588692E-03 -5.596311E-03 -1.236172E-05  2.184677E-06  8.632184E-19
         6   4  1.164072E-02 -5.613415E-03 -5.618157E-03 -1.236141E-05  2.184629E-06 -6.943910E-17
         6   5  1.164072E-02 -5.588692E-03 -5.596311E-03  1.236172E-05 -2.184677E-06 -9.648566E-18
         6   6  1.164072E-02 -5.613415E-03 -5.618157E-03  1.236141E-05 -2.184629E-06  7.092602E-17
         6   7  1.164072E-02 -5.588692E-03 -5.596311E-03 -1.236172E-05 -2.184677E-06  9.137777E-18
         6   8  1.164072E-02 -5.613415E-03 -5.618157E-03 -1.236141E-05 -2.184629E-06 -7.116068E-17
         7   1  1.169652E-02 -5.625999E-03 -5.629277E-03  4.828132E-06  8.534585E-07  7.870070E-17
         7   2  1.169652E-02 -5.635655E-03 -5.637812E-03  4.828085E-06  8.534512E-07  6.308824E-18
         7   3  1.169652E-02 -5.625999E-03 -5.629277E-03 -4.828132E-06  8.534585E-07 -6.832317E-17
         7   4  1.169652E-02 -5.635655E-03 -5.637812E-03 -4.828085E-06  8.534512E-07  5.611445E-18
         7   5  1.169652E-02 -5.625999E-03 -5.629277E-03  4.828132E-06 -8.534585E-07  7.209745E-17
         7   6  1.169652E-02 -5.635655E-03 -5.637812E-03  4.828085E-06 -8.534512E-07 -3.799788E-18
         7   7  1.169652E-02 -5.625999E-03 -5.629277E-03 -4.828132E-06 -8.534585E-07 -7.495337E-17
         7   8  1.169652E-02 -5.635655E-03 -5.637812E-03 -4.828085E-06 -8.534512E-07 -3.382034E-18
         8   1  1.171630E-02 -5.640114E-03 -5.641753E-03  1.263371E-06  2.233104E-07 -2.062447E-17
         8   2  1.171630E-02 -5.642641E-03 -5.643986E-03  1.263367E-06  2.233099E-07 -2.517251E-17
         8   3  1.171630E-02 -5.640114E-03 -5.641753E-03 -1.263371E-06  2.233104E-07  2.592120E-17
         8   4  1.171630E-02 -5.642641E-03 -5.643986E-03 -1.263367E-06  2.233099E-07  3.327202E-18
         8   5  1.171630E-02 -5.640114E-03 -5.641753E-03  1.263371E-06 -2.233104E-07 -2.633149E-17
         8   6  1.171630E-02 -5.642641E-03 -5.643986E-03  1.263367E-06 -2.233099E-07 -1.219530E-17
         8   7  1.171630E-02 -5.640114E-03 -5.641753E-03 -1.263371E-06 -2.233104E-07  2.088797E-17
         8   8  1.171630E-02 -5.642641E-03 -5.643986E-03 -1.263367E-06 -2.233099E-07  1.466879E-17

                                INCREMENT     3


 forces (fx,fy,fz) for set RIGHT and time  0.1750000E+00

        33  4.974020E-01 -2.051418E-14 -1.033037E-13
        34  4.974020E-01  2.046166E-14 -9.307981E-14
        35  4.974020E-01  1.818265E-14  9.301713E-14
        36  4.974020E-01 -1.826206E-14  1.035817E-13

 displacements (vx,vy,vz) for set RIGHT and time  0.1750000E+00

        33  3.500000E-01  2.461617E-02  4.924316E-03
        34  3.500000E-01 -2.461617E-02  4.924316E-03
        35  3.500000E-01 -2.461617E-02 -4.924316E-03
        36  3.500000E-01  2.461617E-02 -4.924316E-03

 stresses (elem, integ.pnt.,sxx,syy,szz,sxy,sxz,syz) for set ALL and time  0.1750000E+00

         1   1  1.495786E+00  1.391210E+00  1.389413E+00  2.099881E-02  4.677242E-03  1.464139E-05
         1   2 -7.026771E-01 -8.504928E-01 -8.570776E-01  2.123392E-02  4.729610E-03  1.480532E-05
         1   3  1.495786E+00  1.391210E+00  1.389413E+00 -2.099881E-02  4.677242E-03 -1.464139E-05
         1   4 -7.026771E-01 -8.504928E-01 -8.570776E-01 -2.123392E-02  4.729610E-03 -1.480532E-05
         1   5  1.495786E+00  1.391210E+00  1.389413E+00  2.099881E-02 -4.677242E-03 -1.464139E-05
         1   6 -7.026771E-01 -8.504928E-01 -8.570776E-01  2.123392E-02 -4.729610E-03 -1.480532E-05
         1   7  1.495786E+00  1.391210E+00  1.389413E+00 -2.099881E-02 -4.677242E-03  1.464139E-05
         1   8 -7.026771E-01 -8.504928E-01 -8.570776E-01 -2.123392E-02 -4.729610E-03  1.480532E-05
         2   1  8.603571E-01  5.838221E-01  5.767891E-01  1.013307E-02  1.698632E-03  2.516219E-06
         2   2 -5.458385E-02 -3.523337E-01 -3.561671E-01  1.018016E-02  1.706527E-03  2.527914E-06
         2   3  8.603571E-01  5.838221E-01  5.767891E-01 -1.013307E-02  1.698632E-03 -2.516219E-06
         2   4 -5.458385E-02 -3.523337E-01 -3.561671E-01 -1.018016E-02  1.706527E-03 -2.527914E-06
         2   5  8.603571E-01  5.838221E-01  5.767891E-01  1.013307E-02 -1.698632E-03 -2.516219E-06
         2   6 -5.458385E-02 -3.523337E-01 -3.561671E-01  1.018016E-02 -1.706527E-03 -2.527914E-06
         2   7  8.603571E-01  5.838221E-01  5.767891E-01 -1.013307E-02 -1.698632E-03  2.516219E-06
         2   8 -5.458385E-02 -3.523337E-01 -3.561671E-01 -1.018016E-02 -1.706527E-03  2.527914E-06
         3   1  5.953812E-01  2.431635E-01  2.408408E-01  4.109986E-03  7.353486E-04  4.382353E-07
         3   2  2.142049E-01 -1.467145E-01 -1.481952E-01  4.117936E-03  7.367710E-04  4.390831E-07
         3   3  5.953812E-01  2.431635E-01  2.408408E-01 -4.109986E-03  7.353486E-04 -4.382353E-07
         3   4  2.142049E-01 -1.467145E-01 -1.481952E-01 -4.117936E-03  7.367710E-04 -4.390831E-07
         3   5  5.953812E-01  2.431635E-01  2.408408E-01  4.109986E-03 -7.353486E-04 -4.382353E-07
         3   6  2.142049E-01 -1.467145E-01 -1.481952E-01  4.117936E-03 -7.367710E-04 -4.390831E-07
         3   7  5.953812E-01  2.431635E-01  2.408408E-01 -4.109986E-03 -7.353486E-04  4.382353E-07
         3   8  2.142049E-01 -1.467145E-01 -1.481952E-01 -4.117936E-03 -7.367710E-04  4.390831E-07
         4   1  4.846917E-01  1.011743E-01  1.001523E-01  1.723224E-03  3.037071E-04  7.563075E-08
         4   2  3.262296E-01 -6.094790E-02 -6.157238E-02  1.724609E-03  3.039513E-04  7.569154E-08
         4   3  4.846917E-01  1.011743E-01  1.001523E-01 -1.723224E-03  3.037071E-04 -7.563075E-08
         4   4  3.262296E-01 -6.094790E-02 -6.157238E-02 -1.724609E-03  3.039513E-04 -7.569154E-08
         4   5  4.846917E-01  1.011743E-01  1.001523E-01  1.723224E-03 -3.037071E-04 -7.563075E-08
         4   6  3.262296E-01 -6.094790E-02 -6.157238E-02  1.724609E-03 -3.039513E-04 -7.569154E-08
         4   7  4.846917E-01  1.011743E-01  1.001523E-01 -1.723224E-03 -3.037071E-04  7.563075E-08
         4   8  3.262296E-01 -6.094790E-02 -6.157238E-02 -1.724609E-03 -3.039513E-04  7.569154E-08
         5   1  4.385971E-01  4.202174E-02  4.160234E-02  7.143705E-04  1.263550E-04  1.302584E-08
         5   2  3.728350E-01 -2.526032E-02 -2.551939E-02  7.146088E-04  1.263972E-04  1.303018E-08
         5   3  4.385971E-01  4.202174E-02  4.160234E-02 -7.143705E-04  1.263550E-04 -1.302584E-08
         5   4  3.728350E-01 -2.526032E-02 -2.551939E-02 -7.146088E-04  1.263972E-04 -1.303018E-08
         5   5  4.385971E-01  4.202174E-02  4.160234E-02  7.143705E-04 -1.263550E-04 -1.302584E-08
         5   6  3.728350E-01 -2.526032E-02 -2.551939E-02  7.146088E-04 -1.263972E-04 -1.303018E-08
         5   7  4.385971E-01  4.202174E-02  4.160234E-02 -7.143705E-04 -1.263550E-04  1.302584E-08
         5   8  3.728350E-01 -2.526032E-02 -2.551939E-02 -7.146088E-04 -1.263972E-04  1.303018E-08
         6   1  4.193443E-01  1.735958E-02  1.718366E-02  2.940594E-04  5.196863E-05  2.204004E-09
         6   2  3.922917E-01 -1.031906E-02 -1.042857E-02  2.940997E-04  5.197576E-05  2.204306E-09
         6   3  4.193443E-01  1.735958E-02  1.718366E-02 -2.940594E-04  5.196863E-05 -2.204004E-09
         6   4  3.922917E-01 -1.031906E-02 -1.042857E-02 -2.940997E-04  5.197576E-05 -2.204306E-09
         6   5  4.193443E-01  1.735958E-02  1.718366E-02  2.940594E-04 -5.196863E-05 -2.204003E-09
         6   6  3.922917E-01 -1.031906E-02 -1.042857E-02  2.940997E-04 -5.197576E-05 -2.204306E-09
         6   7  4.193443E-01  1.735958E-02  1.718366E-02 -2.940594E-04 -5.196863E-05  2.204003E-09
         6   8  3.922917E-01 -1.031906E-02 -1.042857E-02 -2.940997E-04 -5.197576E-05  2.204306E-09
         7   1  4.111425E-01  6.955085E-03  6.879384E-03  1.148674E-04  2.030455E-05  3.362968E-10
         7   2  4.005750E-01 -3.856937E-03 -3.906739E-03  1.148736E-04  2.030564E-05  3.363156E-10
         7   3  4.111425E-01  6.955085E-03  6.879384E-03 -1.148674E-04  2.030455E-05 -3.362968E-10
         7   4  4.005750E-01 -3.856937E-03 -3.906739E-03 -1.148736E-04  2.030564E-05 -3.363155E-10
         7   5  4.111425E-01  6.955085E-03  6.879384E-03  1.148674E-04 -2.030455E-05 -3.362967E-10
         7   6  4.005750E-01 -3.856937E-03 -3.906739E-03  1.148736E-04 -2.030564E-05 -3.363140E-10
         7   7  4.111425E-01  6.955085E-03  6.879384E-03 -1.148674E-04 -2.030455E-05  3.362967E-10
         7   8  4.005750E-01 -3.856937E-03 -3.906739E-03 -1.148736E-04 -2.030564E-05  3.363141E-10
         8   1  4.072556E-01  2.264919E-03  2.227082E-03  3.005843E-05  5.312980E-06  2.302551E-11
         8   2  4.044905E-01 -5.641806E-04 -5.952378E-04  3.005885E-05  5.313054E-06  2.302479E-11
         8   3  4.072556E-01  2.264919E-03  2.227082E-03 -3.005843E-05  5.312980E-06 -2.302551E-11
         8   4  4.044905E-01 -5.641806E-04 -5.952378E-04 -3.005885E-05  5.313054E-06 -2.302497E-11
         8   5  4.072556E-01  2.264919E-03  2.227082E-03  3.005843E-05 -5.312980E-06 -2.302419E-11
         8   6  4.044905E-01 -5.641806E-04 -5.952378E-04  3.005885E-05 -5.313054E-06 -2.302540E-11
         8   7  4.072556E-01  2.264919E-03  2.227082E-03 -3.005843E-05 -5.312980E-06  2.302436E-11
         8   8  4.044905E-01 -5.641806E-04 -5.952378E-04 -3.005885E-05 -5.313054E-06  2.302575E-11

 strains (elem, integ.pnt.,exx,eyy,ezz,exy,exz,eyz) for set ALL and time  0.1750000E+00

         1   1  6.757317E-03 -1.152832E-03 -1.283816E-03  1.573889E-03  3.505196E-04  1.582826E-17
         1   2  6.757317E-03 -4.295644E-03 -4.782852E-03  1.568923E-03  3.492877E-04  5.846356E-17
         1   3  6.757317E-03 -1.152832E-03 -1.283816E-03 -1.573889E-03  3.505196E-04 -1.628125E-17
         1   4  6.757317E-03 -4.295644E-03 -4.782852E-03 -1.568923E-03  3.492877E-04 -6.093299E-17
         1   5  6.757317E-03 -1.152832E-03 -1.283816E-03  1.573889E-03 -3.505196E-04  1.719361E-17
         1   6  6.757317E-03 -4.295644E-03 -4.782852E-03  1.568923E-03 -3.492877E-04  6.371696E-17
         1   7  6.757317E-03 -1.152832E-03 -1.283816E-03 -1.573889E-03 -3.505196E-04 -1.486176E-17
         1   8  6.757317E-03 -4.295644E-03 -4.782852E-03 -1.568923E-03 -3.492877E-04 -5.570656E-17
         2   1  1.482387E-02 -5.990535E-03 -6.518739E-03  7.470432E-04  1.251618E-04  5.569449E-17
         2   2  1.482387E-02 -7.483492E-03 -7.769563E-03  7.459135E-04  1.250031E-04  4.502444E-18
         2   3  1.482387E-02 -5.990535E-03 -6.518739E-03 -7.470432E-04  1.251618E-04 -5.463380E-17
         2   4  1.482387E-02 -7.483492E-03 -7.769563E-03 -7.459135E-04  1.250031E-04  2.404146E-18
         2   5  1.482387E-02 -5.990535E-03 -6.518739E-03  7.470432E-04 -1.251618E-04  5.840015E-17
         2   6  1.482387E-02 -7.483492E-03 -7.769563E-03  7.459135E-04 -1.250031E-04  4.751373E-19
         2   7  1.482387E-02 -5.990535E-03 -6.518739E-03 -7.470432E-04 -1.251618E-04 -5.090430E-17
         2   8  1.482387E-02 -7.483492E-03 -7.769563E-03 -7.459135E-04 -1.250031E-04 -2.336045E-18
         3   1  1.821724E-02 -8.249645E-03 -8.424003E-03  3.008447E-04  5.381685E-05  6.050594E-18
         3   2  1.821724E-02 -8.851150E-03 -8.962024E-03  3.006606E-04  5.378739E-05  5.439211E-17
         3   3  1.821724E-02 -8.249645E-03 -8.424003E-03 -3.008447E-04  5.381685E-05  5.674257E-18
         3   4  1.821724E-02 -8.851150E-03 -8.962024E-03 -3.006606E-04  5.378739E-05 -4.091154E-17
         3   5  1.821724E-02 -8.249645E-03 -8.424003E-03  3.008447E-04 -5.381685E-05 -3.248531E-18
         3   6  1.821724E-02 -8.851150E-03 -8.962024E-03  3.006606E-04 -5.378739E-05  4.115637E-17
         3   7  1.821724E-02 -8.249645E-03 -8.424003E-03 -3.008447E-04 -5.381685E-05 -3.947415E-18
         3   8  1.821724E-02 -8.851150E-03 -8.962024E-03 -3.006606E-04 -5.378739E-05 -5.619903E-17
         4   1  1.963635E-02 -9.163296E-03 -9.240008E-03  1.257655E-04  2.216363E-05  4.653549E-17
         4   2  1.963635E-02 -9.414795E-03 -9.461619E-03  1.257333E-04  2.215863E-05 -3.220867E-17
         4   3  1.963635E-02 -9.163296E-03 -9.240008E-03 -1.257655E-04  2.216363E-05 -3.703894E-17
         4   4  1.963635E-02 -9.414795E-03 -9.461619E-03 -1.257333E-04  2.215863E-05  2.132754E-17
         4   5  1.963635E-02 -9.163296E-03 -9.240008E-03  1.257655E-04 -2.216363E-05  3.574039E-17
         4   6  1.963635E-02 -9.414795E-03 -9.461619E-03  1.257333E-04 -2.215863E-05 -2.857751E-17
         4   7  1.963635E-02 -9.163296E-03 -9.240008E-03 -1.257655E-04 -2.216363E-05 -4.933794E-17
         4   8  1.963635E-02 -9.414795E-03 -9.461619E-03 -1.257333E-04 -2.215863E-05  2.287793E-17
         5   1  2.022708E-02 -9.544954E-03 -9.576434E-03  5.207260E-05  9.210098E-06 -3.537022E-17
         5   2  2.022708E-02 -9.649094E-03 -9.668531E-03  5.206707E-05  9.209233E-06  3.233159E-17
         5   3  2.022708E-02 -9.544954E-03 -9.576434E-03 -5.207260E-05  9.210098E-06  2.132661E-17
         5   4  2.022708E-02 -9.649094E-03 -9.668531E-03 -5.206707E-05  9.209233E-06 -3.518001E-17
         5   5  2.022708E-02 -9.544954E-03 -9.576434E-03  5.207260E-05 -9.210098E-06 -3.247106E-17
         5   6  2.022708E-02 -9.649094E-03 -9.668531E-03  5.206707E-05 -9.209233E-06  2.342682E-17
         5   7  2.022708E-02 -9.544954E-03 -9.576434E-03 -5.207260E-05 -9.210098E-06  2.465530E-17
         5   8  2.022708E-02 -9.649094E-03 -9.668531E-03 -5.206707E-05 -9.209233E-06 -4.205483E-17
         6   1  2.047180E-02 -9.702892E-03 -9.716097E-03  2.142394E-05  3.786166E-06  4.209036E-17
         6   2  2.047180E-02 -9.745739E-03 -9.753958E-03  2.142300E-05  3.786020E-06  3.975320E-19
         6   3  2.047180E-02 -9.702892E-03 -9.716097E-03 -2.142394E-05  3.786166E-06 -4.031080E-17
         6   4  2.047180E-02 -9.745739E-03 -9.753958E-03 -2.142300E-05  3.786020E-06  9.223143E-20
         6   5  2.047180E-02 -9.702892E-03 -9.716097E-03  2.142394E-05 -3.786166E-06  3.226676E-17
         6   6  2.047180E-02 -9.745739E-03 -9.753958E-03  2.142300E-05 -3.786020E-06 -5.082815E-19
         6   7  2.047180E-02 -9.702892E-03 -9.716097E-03 -2.142394E-05 -3.786166E-06 -4.755769E-17
         6   8  2.047180E-02 -9.745739E-03 -9.753958E-03 -2.142300E-05 -3.786020E-06 -1.353729E-18
         7   1  2.057101E-02 -9.767547E-03 -9.773229E-03  8.367009E-06  1.478987E-06  4.617023E-18
         7   2  2.057101E-02 -9.784281E-03 -9.788019E-03  8.366866E-06  1.478964E-06  5.742116E-17
         7   3  2.057101E-02 -9.767547E-03 -9.773229E-03 -8.367009E-06  1.478987E-06 -3.166287E-18
         7   4  2.057101E-02 -9.784281E-03 -9.788019E-03 -8.366866E-06  1.478964E-06 -5.161377E-17
         7   5  2.057101E-02 -9.767547E-03 -9.773229E-03  8.367009E-06 -1.478987E-06  6.227361E-18
         7   6  2.057101E-02 -9.784281E-03 -9.788019E-03  8.366866E-06 -1.478964E-06  5.880333E-17
         7   7  2.057101E-02 -9.767547E-03 -9.773229E-03 -8.367009E-06 -1.478987E-06 -2.790543E-18
         7   8  2.057101E-02 -9.784281E-03 -9.788019E-03 -8.366866E-06 -1.478964E-06 -4.931573E-17
         8   1  2.060618E-02 -9.792008E-03 -9.794848E-03  2.189296E-06  3.869680E-07  4.535671E-17
         8   2  2.060618E-02 -9.796387E-03 -9.798718E-03  2.189286E-06  3.869665E-07 -3.267566E-17
         8   3  2.060618E-02 -9.792008E-03 -9.794848E-03 -2.189296E-06  3.869680E-07 -4.562522E-17
         8   4  2.060618E-02 -9.796387E-03 -9.798718E-03 -2.189286E-06  3.869665E-07  1.914222E-17
         8   5  2.060618E-02 -9.792008E-03 -9.794848E-03  2.189296E-06 -3.869680E-07  5.394495E-17
         8   6  2.060618E-02 -9.796387E-03 -9.798718E-03  2.189286E-06 -3.869665E-07 -1.289595E-17
         8   7  2.060618E-02 -9.792008E-03 -9.794848E-03 -2.189296E-06 -3.869680E-07 -4.052596E-17
         8   8  2.060618E-02 -9.796387E-03 -9.798718E-03 -2.189286E-06 -3.869665E-07  3.935805E-17

                                INCREMENT     4


 forces (fx,fy,fz) for set RIGHT and time  0.2750000E+00

        33  7.735287E-01 -1.397625E-13 -7.622048E-13
        34  7.735287E-01  1.397698E-13 -7.094997E-13
        35  7.735287E-01  1.528437E-13  7.089374E-13
        36  7.735287E-01 -1.529528E-13  7.621160E-13

 displacements (vx,vy,vz) for set RIGHT and time  0.2750000E+00

        33  5.500000E-01  3.838354E-02  7.678397E-03
        34  5.500000E-01 -3.838354E-02  7.678397E-03
        35  5.500000E-01 -3.838354E-02 -7.678397E-03
        36  5.500000E-01  3.838354E-02 -7.678397E-03

 stresses (elem, integ.pnt.,sxx,syy,szz,sxy,sxz,syz) for set ALL and time  0.2750000E+00

         1   1  2.332481E+00  2.169692E+00  2.166859E+00  3.273587E-02  7.288756E-03  3.544419E-05
         1   2 -1.101549E+00 -1.332840E+00 -1.343122E+00  3.330999E-02  7.416586E-03  3.606581E-05
         1   3  2.332481E+00  2.169692E+00  2.166859E+00 -3.273587E-02  7.288756E-03 -3.544419E-05
         1   4 -1.101549E+00 -1.332840E+00 -1.343122E+00 -3.330999E-02  7.416586E-03 -3.606581E-05
         1   5  2.332481E+00  2.169692E+00  2.166859E+00  3.273587E-02 -7.288756E-03 -3.544419E-05
         1   6 -1.101549E+00 -1.332840E+00 -1.343122E+00  3.330999E-02 -7.416586E-03 -3.606581E-05
         1   7  2.332481E+00  2.169692E+00  2.166859E+00 -3.273587E-02 -7.288756E-03  3.544419E-05
         1   8 -1.101549E+00 -1.332840E+00 -1.343122E+00 -3.330999E-02 -7.416586E-03  3.606581E-05
         2   1  1.347186E+00  9.139120E-01  9.030271E-01  1.589540E-02  2.668014E-03  6.110268E-06
         2   2 -8.533802E-02 -5.527399E-01 -5.587086E-01  1.601124E-02  2.687457E-03  6.154796E-06
         2   3  1.347186E+00  9.139120E-01  9.030271E-01 -1.589540E-02  2.668014E-03 -6.110268E-06
         2   4 -8.533802E-02 -5.527399E-01 -5.587086E-01 -1.601124E-02  2.687457E-03 -6.154796E-06
         2   5  1.347186E+00  9.139120E-01  9.030271E-01  1.589540E-02 -2.668014E-03 -6.110268E-06
         2   6 -8.533802E-02 -5.527399E-01 -5.587086E-01  1.601124E-02 -2.687457E-03 -6.154796E-06
         2   7  1.347186E+00  9.139120E-01  9.030271E-01 -1.589540E-02 -2.668014E-03  6.110268E-06
         2   8 -8.533802E-02 -5.527399E-01 -5.587086E-01 -1.601124E-02 -2.687457E-03  6.154796E-06
         3   1  9.342690E-01  3.812224E-01  3.776092E-01  6.470904E-03  1.157099E-03  1.065123E-06
         3   2  3.369438E-01 -2.302346E-01 -2.325371E-01  6.490535E-03  1.160609E-03  1.068354E-06
         3   3  9.342690E-01  3.812224E-01  3.776092E-01 -6.470904E-03  1.157099E-03 -1.065123E-06
         3   4  3.369438E-01 -2.302346E-01 -2.325371E-01 -6.490535E-03  1.160609E-03 -1.068354E-06
         3   5  9.342690E-01  3.812224E-01  3.776092E-01  6.470904E-03 -1.157099E-03 -1.065123E-06
         3   6  3.369438E-01 -2.302346E-01 -2.325371E-01  6.490535E-03 -1.160609E-03 -1.068354E-06
         3   7  9.342690E-01  3.812224E-01  3.776092E-01 -6.470904E-03 -1.157099E-03  1.065123E-06
         3   8  3.369438E-01 -2.302346E-01 -2.325371E-01 -6.490535E-03 -1.160609E-03  1.068354E-06
         4   1  7.614441E-01  1.586985E-01  1.571136E-01  2.715280E-03  4.785771E-04  1.838750E-07
         4   2  5.130560E-01 -9.564881E-02 -9.661794E-02  2.718703E-03  4.791805E-04  1.841068E-07
         4   3  7.614441E-01  1.586985E-01  1.571136E-01 -2.715280E-03  4.785771E-04 -1.838750E-07
         4   4  5.130560E-01 -9.564881E-02 -9.661794E-02 -2.718703E-03  4.791805E-04 -1.841068E-07
         4   5  7.614441E-01  1.586985E-01  1.571136E-01  2.715280E-03 -4.785771E-04 -1.838750E-07
         4   6  5.130560E-01 -9.564881E-02 -9.661794E-02  2.718703E-03 -4.791805E-04 -1.841068E-07
         4   7  7.614441E-01  1.586985E-01  1.571136E-01 -2.715280E-03 -4.785771E-04  1.838750E-07
         4   8  5.130560E-01 -9.564881E-02 -9.661794E-02 -2.718703E-03 -4.791805E-04  1.841068E-07
         5   1  6.894207E-01  6.592133E-02  6.527079E-02  1.126099E-03  1.991620E-04  3.166502E-08
         5   2  5.863385E-01 -3.963880E-02 -4.004065E-02  1.126688E-03  1.992662E-04  3.168158E-08
         5   3  6.894207E-01  6.592133E-02  6.527079E-02 -1.126099E-03  1.991620E-04 -3.166502E-08
         5   4  5.863385E-01 -3.963880E-02 -4.004065E-02 -1.126688E-03  1.992662E-04 -3.168158E-08
         5   5  6.894207E-01  6.592133E-02  6.527079E-02  1.126099E-03 -1.991620E-04 -3.166502E-08
         5   6  5.863385E-01 -3.963880E-02 -4.004065E-02  1.126688E-03 -1.992662E-04 -3.168158E-08
         5   7  6.894207E-01  6.592133E-02  6.527079E-02 -1.126099E-03 -1.991620E-04  3.166502E-08
         5   8  5.863385E-01 -3.963880E-02 -4.004065E-02 -1.126688E-03 -1.992662E-04  3.168158E-08
         6   1  6.593315E-01  2.723117E-02  2.695840E-02  4.635531E-04  8.191912E-05  5.356529E-09
         6   2  6.169305E-01 -1.619073E-02 -1.636053E-02  4.636528E-04  8.193674E-05  5.357682E-09
         6   3  6.593315E-01  2.723117E-02  2.695840E-02 -4.635531E-04  8.191912E-05 -5.356529E-09
         6   4  6.169305E-01 -1.619073E-02 -1.636053E-02 -4.636528E-04  8.193674E-05 -5.357682E-09
         6   5  6.593315E-01  2.723117E-02  2.695840E-02  4.635531E-04 -8.191912E-05 -5.356531E-09
         6   6  6.169305E-01 -1.619073E-02 -1.636053E-02  4.636528E-04 -8.193674E-05 -5.357682E-09
         6   7  6.593315E-01  2.723117E-02  2.695840E-02 -4.635531E-04 -8.191912E-05  5.356531E-09
         6   8  6.169305E-01 -1.619073E-02 -1.636053E-02 -4.636528E-04 -8.193674E-05  5.357683E-09
         7   1  6.465118E-01  1.090880E-02  1.079146E-02  1.810657E-04  3.200433E-05  8.171110E-10
         7   2  6.299509E-01 -6.051000E-03 -6.128194E-03  1.810809E-04  3.200702E-05  8.171801E-10
         7   3  6.465118E-01  1.090880E-02  1.079146E-02 -1.810657E-04  3.200433E-05 -8.171110E-10
         7   4  6.299509E-01 -6.051000E-03 -6.128194E-03 -1.810809E-04  3.200702E-05 -8.171800E-10
         7   5  6.465118E-01  1.090880E-02  1.079146E-02  1.810657E-04 -3.200433E-05 -8.171109E-10
         7   6  6.299509E-01 -6.051000E-03 -6.128194E-03  1.810809E-04 -3.200702E-05 -8.171792E-10
         7   7  6.465118E-01  1.090880E-02  1.079146E-02 -1.810657E-04 -3.200433E-05  8.171109E-10
         7   8  6.299509E-01 -6.051000E-03 -6.128194E-03 -1.810809E-04 -3.200702E-05  8.171792E-10
         8   1  6.404332E-01  3.551838E-03  3.493199E-03  4.737819E-05  8.373903E-06  5.593493E-11
         8   2  6.361002E-01 -8.855380E-04 -9.336670E-04  4.737923E-05  8.374087E-06  5.593512E-11
         8   3  6.404332E-01  3.551838E-03  3.493199E-03 -4.737819E-05  8.373903E-06 -5.593497E-11
         8   4  6.361002E-01 -8.855380E-04 -9.336670E-04 -4.737923E-05  8.374087E-06 -5.593536E-11
         8   5  6.404332E-01  3.551838E-03  3.493199E-03  4.737819E-05 -8.373903E-06 -5.593457E-11
         8   6  6.361002E-01 -8.855380E-04 -9.336670E-04  4.737923E-05 -8.374087E-06 -5.593679E-11
         8   7  6.404332E-01  3.551838E-03  3.493199E-03 -4.737819E-05 -8.373903E-06  5.593451E-11
         8   8  6.361002E-01 -8.855380E-04 -9.336670E-04 -4.737923E-05 -8.374087E-06  5.593660E-11

 strains (elem, integ.pnt.,exx,eyy,ezz,exy,exz,eyz) for set ALL and time  0.2750000E+00

         1   1  1.057418E-02 -1.797013E-03 -2.000352E-03  2.452556E-03  5.459587E-04 -7.537373E-18
         1   2  1.057418E-02 -6.690051E-03 -7.444975E-03  2.440482E-03  5.429660E-04 -2.801043E-17
         1   3  1.057418E-02 -1.797013E-03 -2.000352E-03 -2.452556E-03  5.459587E-04  1.021156E-17
         1   4  1.057418E-02 -6.690051E-03 -7.444975E-03 -2.440482E-03  5.429660E-04  3.940504E-17
         1   5  1.057418E-02 -1.797013E-03 -2.000352E-03  2.452556E-03 -5.459587E-04 -9.880625E-18
         1   6  1.057418E-02 -6.690051E-03 -7.444975E-03  2.440482E-03 -5.429660E-04 -3.722454E-17
         1   7  1.057418E-02 -1.797013E-03 -2.000352E-03 -2.452556E-03 -5.459587E-04  7.760084E-18
         1   8  1.057418E-02 -6.690051E-03 -7.444975E-03 -2.440482E-03 -5.429660E-04  3.029854E-17
         2   1  2.335101E-02 -9.324941E-03 -1.014303E-02  1.160552E-03  1.946340E-04 -2.087509E-17
         2   2  2.335101E-02 -1.164330E-02 -1.208744E-02  1.157807E-03  1.942474E-04  1.889658E-17
         2   3  2.335101E-02 -9.324941E-03 -1.014303E-02 -1.160552E-03  1.946340E-04  3.137713E-17
         2   4  2.335101E-02 -1.164330E-02 -1.208744E-02 -1.157807E-03  1.942474E-04 -1.699881E-17
         2   5  2.335101E-02 -9.324941E-03 -1.014303E-02  1.160552E-03 -1.946340E-04 -2.893712E-17
         2   6  2.335101E-02 -1.164330E-02 -1.208744E-02  1.157807E-03 -1.942474E-04  2.287392E-17
         2   7  2.335101E-02 -9.324941E-03 -1.014303E-02 -1.160552E-03 -1.946340E-04  2.320779E-17
         2   8  2.335101E-02 -1.164330E-02 -1.208744E-02 -1.157807E-03 -1.942474E-04 -1.823165E-17
         3   1  2.876810E-02 -1.283258E-02 -1.310392E-02  4.671978E-04  8.351902E-05  4.100775E-18
         3   2  2.876810E-02 -1.376653E-02 -1.393876E-02  4.667498E-04  8.344738E-05 -7.471134E-17
         3   3  2.876810E-02 -1.283258E-02 -1.310392E-02 -4.671978E-04  8.351902E-05 -5.236731E-18
         3   4  2.876810E-02 -1.376653E-02 -1.393876E-02 -4.667498E-04  8.344738E-05  7.910915E-17
         3   5  2.876810E-02 -1.283258E-02 -1.310392E-02  4.671978E-04 -8.351902E-05  5.585262E-18
         3   6  2.876810E-02 -1.376653E-02 -1.393876E-02  4.667498E-04 -8.344738E-05 -8.330687E-17
         3   7  2.876810E-02 -1.283258E-02 -1.310392E-02 -4.671978E-04 -8.351902E-05 -3.725496E-18
         3   8  2.876810E-02 -1.376653E-02 -1.393876E-02 -4.667498E-04 -8.344738E-05  7.632053E-17
         4   1  3.104079E-02 -1.425101E-02 -1.437003E-02  1.951375E-04  3.438942E-05 -6.255457E-17
         4   2  3.104079E-02 -1.464121E-02 -1.471386E-02  1.950591E-04  3.437724E-05  5.532033E-17
         4   3  3.104079E-02 -1.425101E-02 -1.437003E-02 -1.951375E-04  3.438942E-05  7.081164E-17
         4   4  3.104079E-02 -1.464121E-02 -1.471386E-02 -1.950591E-04  3.437724E-05 -3.711323E-17
         4   5  3.104079E-02 -1.425101E-02 -1.437003E-02  1.951375E-04 -3.438942E-05 -7.353350E-17
         4   6  3.104079E-02 -1.464121E-02 -1.471386E-02  1.950591E-04 -3.437724E-05  4.248275E-17
         4   7  3.104079E-02 -1.425101E-02 -1.437003E-02 -1.951375E-04 -3.438942E-05  6.159596E-17
         4   8  3.104079E-02 -1.464121E-02 -1.471386E-02 -1.950591E-04 -3.437724E-05 -4.675285E-17
         5   1  3.198802E-02 -1.484312E-02 -1.489197E-02  8.077284E-05  1.428477E-05  6.282179E-17
         5   2  3.198802E-02 -1.500465E-02 -1.503481E-02  8.075939E-05  1.428267E-05 -3.035861E-17
         5   3  3.198802E-02 -1.484312E-02 -1.489197E-02 -8.077284E-05  1.428477E-05 -4.568579E-17
         5   4  3.198802E-02 -1.500465E-02 -1.503481E-02 -8.075939E-05  1.428267E-05  2.991928E-17
         5   5  3.198802E-02 -1.484312E-02 -1.489197E-02  8.077284E-05 -1.428477E-05  5.243613E-17
         5   6  3.198802E-02 -1.500465E-02 -1.503481E-02  8.075939E-05 -1.428267E-05 -3.328837E-17
         5   7  3.198802E-02 -1.484312E-02 -1.489197E-02 -8.077284E-05 -1.428477E-05 -5.607145E-17
         5   8  3.198802E-02 -1.500465E-02 -1.503481E-02 -8.075939E-05 -1.428267E-05  3.163449E-17
         6   1  3.238057E-02 -1.508809E-02 -1.510857E-02  3.322315E-05  5.871072E-06 -5.453229E-17
         6   2  3.238057E-02 -1.515454E-02 -1.516728E-02  3.322087E-05  5.870716E-06 -1.799477E-17
         6   3  3.238057E-02 -1.508809E-02 -1.510857E-02 -3.322315E-05  5.871072E-06  5.047781E-17
         6   4  3.238057E-02 -1.515454E-02 -1.516728E-02 -3.322087E-05  5.870716E-06  1.832518E-17
         6   5  3.238057E-02 -1.508809E-02 -1.510857E-02  3.322315E-05 -5.871072E-06 -5.172957E-17
         6   6  3.238057E-02 -1.515454E-02 -1.516728E-02  3.322087E-05 -5.870716E-06 -1.555922E-17
         6   7  3.238057E-02 -1.508809E-02 -1.510857E-02 -3.322315E-05 -5.871072E-06  5.242635E-17
         6   8  3.238057E-02 -1.515454E-02 -1.516728E-02 -3.322087E-05 -5.870716E-06  1.940616E-17
         7   1  3.253974E-02 -1.518835E-02 -1.519716E-02  1.297283E-05  2.292997E-06  3.898538E-18
         7   2  3.253974E-02 -1.521430E-02 -1.522009E-02  1.297249E-05  2.292943E-06  3.471150E-17
         7   3  3.253974E-02 -1.518835E-02 -1.519716E-02 -1.297283E-05  2.292997E-06 -1.706403E-18
         7   4  3.253974E-02 -1.521430E-02 -1.522009E-02 -1.297249E-05  2.292943E-06 -3.139836E-17
         7   5  3.253974E-02 -1.518835E-02 -1.519716E-02  1.297283E-05 -2.292997E-06  5.072908E-18
         7   6  3.253974E-02 -1.521430E-02 -1.522009E-02  1.297249E-05 -2.292943E-06  3.026771E-17
         7   7  3.253974E-02 -1.518835E-02 -1.519716E-02 -1.297283E-05 -2.292997E-06 -1.759783E-18
         7   8  3.253974E-02 -1.521430E-02 -1.522009E-02 -1.297249E-05 -2.292943E-06 -3.271947E-17
         8   1  3.259616E-02 -1.522628E-02 -1.523068E-02  3.394081E-06  5.998873E-07  1.484083E-17
         8   2  3.259616E-02 -1.523307E-02 -1.523668E-02  3.394057E-06  5.998836E-07 -6.305112E-17
         8   3  3.259616E-02 -1.522628E-02 -1.523068E-02 -3.394081E-06  5.998873E-07 -1.809359E-17
         8   4  3.259616E-02 -1.523307E-02 -1.523668E-02 -3.394057E-06  5.998836E-07  4.486572E-17
         8   5  3.259616E-02 -1.522628E-02 -1.523068E-02  3.394081E-06 -5.998873E-07  1.249219E-17
         8   6  3.259616E-02 -1.523307E-02 -1.523668E-02  3.394057E-06 -5.998836E-07 -6.207698E-17
         8   7  3.259616E-02 -1.522628E-02 -1.523068E-02 -3.394081E-06 -5.998873E-07 -1.697263E-17
         8   8  3.259616E-02 -1.523307E-02 -1.523668E-02 -3.394057E-06 -5.998836E-07  4.814846E-17

                                INCREMENT     5


 forces (fx,fy,fz) for set RIGHT and time  0.3750000E+00

        33  1.044051E+00 -2.049746E-13 -1.028319E-12
        34  1.044051E+00  2.049248E-13 -1.111618E-12
        35  1.044051E+00  2.220254E-13  1.111777E-12
        36  1.044051E+00 -2.219961E-13  1.028432E-12

 displacements (vx,vy,vz) for set RIGHT and time  0.3750000E+00

        33  7.500000E-01  5.193922E-02  1.039013E-02
        34  7.500000E-01 -5.193922E-02  1.039013E-02
        35  7.500000E-01 -5.193922E-02 -1.039013E-02
        36  7.500000E-01  5.193922E-02 -1.039013E-02

 stresses (elem, integ.pnt.,sxx,syy,szz,sxy,sxz,syz) for set ALL and time  0.3750000E+00

         1   1  3.156585E+00  2.936653E+00  2.932778E+00  4.429028E-02  9.857786E-03  6.463222E-05
         1   2 -1.498514E+00 -1.812594E+00 -1.826530E+00  4.534618E-02  1.009280E-02  6.617308E-05
         1   3  3.156585E+00  2.936653E+00  2.932778E+00 -4.429028E-02  9.857786E-03 -6.463222E-05
         1   4 -1.498514E+00 -1.812594E+00 -1.826530E+00 -4.534618E-02  1.009280E-02 -6.617308E-05
         1   5  3.156585E+00  2.936653E+00  2.932778E+00  4.429028E-02 -9.857786E-03 -6.463222E-05
         1   6 -1.498514E+00 -1.812594E+00 -1.826530E+00  4.534618E-02 -1.009280E-02 -6.617308E-05
         1   7  3.156585E+00  2.936653E+00  2.932778E+00 -4.429028E-02 -9.857786E-03  6.463222E-05
         1   8 -1.498514E+00 -1.812594E+00 -1.826530E+00 -4.534618E-02 -1.009280E-02  6.617308E-05
         2   1  1.830589E+00  1.241451E+00  1.226828E+00  2.163684E-02  3.636129E-03  1.117381E-05
         2   2 -1.156772E-01 -7.524234E-01 -7.604892E-01  2.185137E-02  3.672180E-03  1.128459E-05
         2   3  1.830589E+00  1.241451E+00  1.226828E+00 -2.163684E-02  3.636129E-03 -1.117381E-05
         2   4 -1.156772E-01 -7.524234E-01 -7.604892E-01 -2.185137E-02  3.672180E-03 -1.128459E-05
         2   5  1.830589E+00  1.241451E+00  1.226828E+00  2.163684E-02 -3.636129E-03 -1.117381E-05
         2   6 -1.156772E-01 -7.524234E-01 -7.604892E-01  2.185137E-02 -3.672180E-03 -1.128459E-05
         2   7  1.830589E+00  1.241451E+00  1.226828E+00 -2.163684E-02 -3.636129E-03  1.117381E-05
         2   8 -1.156772E-01 -7.524234E-01 -7.604892E-01 -2.185137E-02 -3.672180E-03  1.128459E-05
         3   1  1.272197E+00  5.185823E-01  5.137047E-01  8.839338E-03  1.579698E-03  1.949113E-06
         3   2  4.600337E-01 -3.134735E-01 -3.165804E-01  8.875829E-03  1.586220E-03  1.957159E-06
         3   3  1.272197E+00  5.185823E-01  5.137047E-01 -8.839338E-03  1.579698E-03 -1.949113E-06
         3   4  4.600337E-01 -3.134735E-01 -3.165804E-01 -8.875829E-03  1.586220E-03 -1.957159E-06
         3   5  1.272197E+00  5.185823E-01  5.137047E-01  8.839338E-03 -1.579698E-03 -1.949113E-06
         3   6  4.600337E-01 -3.134735E-01 -3.165804E-01  8.875829E-03 -1.586220E-03 -1.957159E-06
         3   7  1.272197E+00  5.185823E-01  5.137047E-01 -8.839338E-03 -1.579698E-03  1.949113E-06
         3   8  4.600337E-01 -3.134735E-01 -3.165804E-01 -8.875829E-03 -1.586220E-03  1.957159E-06
         4   1  1.038054E+00  2.159678E-01  2.138348E-01  3.711711E-03  6.542135E-04  3.365094E-07
         4   2  7.002716E-01 -1.302223E-01 -1.315274E-01  3.718078E-03  6.553358E-04  3.370866E-07
         4   3  1.038054E+00  2.159678E-01  2.138348E-01 -3.711711E-03  6.542135E-04 -3.365094E-07
         4   4  7.002716E-01 -1.302223E-01 -1.315274E-01 -3.718078E-03  6.553358E-04 -3.370866E-07
         4   5  1.038054E+00  2.159678E-01  2.138348E-01  3.711711E-03 -6.542135E-04 -3.365094E-07
         4   6  7.002716E-01 -1.302223E-01 -1.315274E-01  3.718078E-03 -6.553358E-04 -3.370866E-07
         4   7  1.038054E+00  2.159678E-01  2.138348E-01 -3.711711E-03 -6.542135E-04  3.365094E-07
         4   8  7.002716E-01 -1.302223E-01 -1.315274E-01 -3.718078E-03 -6.553358E-04  3.370866E-07
         5   1  9.404139E-01  8.971037E-02  8.883479E-02  1.539805E-03  2.722970E-04  5.793040E-08
         5   2  8.002477E-01 -5.395584E-02 -5.449667E-02  1.540901E-03  2.724907E-04  5.797162E-08
         5   3  9.404139E-01  8.971037E-02  8.883479E-02 -1.539805E-03  2.722970E-04 -5.793040E-08
         5   4  8.002477E-01 -5.395584E-02 -5.449667E-02 -1.540901E-03  2.724907E-04 -5.797162E-08
         5   5  9.404139E-01  8.971037E-02  8.883479E-02  1.539805E-03 -2.722970E-04 -5.793040E-08
         5   6  8.002477E-01 -5.395584E-02 -5.449667E-02  1.540901E-03 -2.724907E-04 -5.797162E-08
         5   7  9.404139E-01  8.971037E-02  8.883479E-02 -1.539805E-03 -2.722970E-04  5.793040E-08
         5   8  8.002477E-01 -5.395584E-02 -5.449667E-02 -1.540901E-03 -2.724907E-04  5.797162E-08
         6   1  8.996187E-01  3.705178E-02  3.668487E-02  6.337990E-04  1.119959E-04  9.795142E-09
         6   2  8.419760E-01 -2.203342E-02 -2.226181E-02  6.339845E-04  1.120287E-04  9.798008E-09
         6   3  8.996187E-01  3.705178E-02  3.668487E-02 -6.337990E-04  1.119959E-04 -9.795142E-09
         6   4  8.419760E-01 -2.203342E-02 -2.226181E-02 -6.339845E-04  1.120287E-04 -9.798008E-09
         6   5  8.996187E-01  3.705178E-02  3.668487E-02  6.337990E-04 -1.119959E-04 -9.795143E-09
         6   6  8.419760E-01 -2.203342E-02 -2.226181E-02  6.339845E-04 -1.120287E-04 -9.798008E-09
         6   7  8.996187E-01  3.705178E-02  3.668487E-02 -6.337990E-04 -1.119959E-04  9.795143E-09
         6   8  8.419760E-01 -2.203342E-02 -2.226181E-02 -6.339845E-04 -1.120287E-04  9.798008E-09
         7   1  8.822381E-01  1.483962E-02  1.468181E-02  2.475256E-04  4.374762E-05  1.493517E-09
         7   2  8.597290E-01 -8.233062E-03 -8.336852E-03  2.475538E-04  4.375262E-05  1.493688E-09
         7   3  8.822381E-01  1.483962E-02  1.468181E-02 -2.475256E-04  4.374762E-05 -1.493518E-09
         7   4  8.597290E-01 -8.233062E-03 -8.336852E-03 -2.475538E-04  4.375262E-05 -1.493688E-09
         7   5  8.822381E-01  1.483962E-02  1.468181E-02  2.475256E-04 -4.374762E-05 -1.493517E-09
         7   6  8.597290E-01 -8.233062E-03 -8.336852E-03  2.475538E-04 -4.375262E-05 -1.493688E-09
         7   7  8.822381E-01  1.483962E-02  1.468181E-02 -2.475256E-04 -4.374762E-05  1.493517E-09
         7   8  8.597290E-01 -8.233062E-03 -8.336852E-03 -2.475538E-04 -4.375262E-05  1.493688E-09
         8   1  8.739933E-01  4.830499E-03  4.751673E-03  6.476027E-05  1.144514E-05  1.022068E-10
         8   2  8.681050E-01 -1.205385E-03 -1.270075E-03  6.476220E-05  1.144548E-05  1.022089E-10
         8   3  8.739933E-01  4.830499E-03  4.751673E-03 -6.476027E-05  1.144514E-05 -1.022067E-10
         8   4  8.681050E-01 -1.205385E-03 -1.270075E-03 -6.476220E-05  1.144548E-05 -1.022087E-10
         8   5  8.739933E-01  4.830499E-03  4.751673E-03  6.476027E-05 -1.144514E-05 -1.022082E-10
         8   6  8.681050E-01 -1.205385E-03 -1.270075E-03  6.476220E-05 -1.144548E-05 -1.022123E-10
         8   7  8.739933E-01  4.830499E-03  4.751673E-03 -6.476027E-05 -1.144514E-05  1.022082E-10
         8   8  8.681050E-01 -1.205385E-03 -1.270075E-03 -6.476220E-05 -1.144548E-05  1.022124E-10

 strains (elem, integ.pnt.,exx,eyy,ezz,exy,exz,eyz) for set ALL and time  0.3750000E+00

         1   1  1.435976E-02 -2.431032E-03 -2.705029E-03  3.316805E-03  7.380255E-04  2.776863E-19
         1   2  1.435976E-02 -9.042533E-03 -1.005790E-02  3.294696E-03  7.325491E-04 -1.073551E-18
         1   3  1.435976E-02 -2.431032E-03 -2.705029E-03 -3.316805E-03  7.380255E-04  1.359250E-18
         1   4  1.435976E-02 -9.042533E-03 -1.005790E-02 -3.294696E-03  7.325491E-04  4.083346E-18
         1   5  1.435976E-02 -2.431032E-03 -2.705029E-03  3.316805E-03 -7.380255E-04 -1.698972E-18
         1   6  1.435976E-02 -9.042533E-03 -1.005790E-02  3.294696E-03 -7.325491E-04 -8.854555E-18
         1   7  1.435976E-02 -2.431032E-03 -2.705029E-03 -3.316805E-03 -7.380255E-04 -1.158191E-18
         1   8  1.435976E-02 -9.042533E-03 -1.005790E-02 -3.294696E-03 -7.325491E-04 -3.643996E-18
         2   1  3.191946E-02 -1.259756E-02 -1.369740E-02  1.564684E-03  2.626524E-04  8.762421E-18
         2   2  3.191946E-02 -1.572190E-02 -1.632038E-02  1.559661E-03  2.619431E-04  3.706720E-17
         2   3  3.191946E-02 -1.259756E-02 -1.369740E-02 -1.564684E-03  2.626524E-04 -5.849253E-18
         2   4  3.191946E-02 -1.572190E-02 -1.632038E-02 -1.559661E-03  2.619431E-04 -3.623709E-17
         2   5  3.191946E-02 -1.259756E-02 -1.369740E-02  1.564684E-03 -2.626524E-04  2.132598E-18
         2   6  3.191946E-02 -1.572190E-02 -1.632038E-02  1.559661E-03 -2.619431E-04  4.115276E-17
         2   7  3.191946E-02 -1.259756E-02 -1.369740E-02 -1.564684E-03 -2.626524E-04 -1.194397E-17
         2   8  3.191946E-02 -1.572190E-02 -1.632038E-02 -1.559661E-03 -2.619431E-04 -3.015085E-17
         3   1  3.942175E-02 -1.732398E-02 -1.769044E-02  6.295852E-04  1.124719E-04  3.465719E-17
         3   2  3.942175E-02 -1.858233E-02 -1.881451E-02  6.287640E-04  1.123408E-04  3.391256E-18
         3   3  3.942175E-02 -1.732398E-02 -1.769044E-02 -6.295852E-04  1.124719E-04 -3.666150E-17
         3   4  3.942175E-02 -1.858233E-02 -1.881451E-02 -6.287640E-04  1.123408E-04 -4.567785E-18
         3   5  3.942175E-02 -1.732398E-02 -1.769044E-02  6.295852E-04 -1.124719E-04  4.309612E-17
         3   6  3.942175E-02 -1.858233E-02 -1.881451E-02  6.287640E-04 -1.123408E-04  1.465901E-17
         3   7  3.942175E-02 -1.732398E-02 -1.769044E-02 -6.295852E-04 -1.124719E-04 -2.646492E-17
         3   8  3.942175E-02 -1.858233E-02 -1.881451E-02 -6.287640E-04 -1.123408E-04  4.445881E-18
         4   1  4.257898E-02 -1.923484E-02 -1.939509E-02  2.627094E-04  4.629655E-05 -2.871557E-18
         4   2  4.257898E-02 -1.976012E-02 -1.985794E-02  2.625658E-04  4.627425E-05  1.805150E-17
         4   3  4.257898E-02 -1.923484E-02 -1.939509E-02 -2.627094E-04  4.629655E-05  5.305013E-19
         4   4  4.257898E-02 -1.976012E-02 -1.985794E-02 -2.625658E-04  4.627425E-05 -1.733181E-17
         4   5  4.257898E-02 -1.923484E-02 -1.939509E-02  2.627094E-04 -4.629655E-05  5.260275E-18
         4   6  4.257898E-02 -1.976012E-02 -1.985794E-02  2.625658E-04 -4.627425E-05  9.976479E-18
         4   7  4.257898E-02 -1.923484E-02 -1.939509E-02 -2.627094E-04 -4.629655E-05  7.705522E-18
         4   8  4.257898E-02 -1.976012E-02 -1.985794E-02 -2.625658E-04 -4.627425E-05 -1.996122E-17
         5   1  4.389635E-02 -2.003188E-02 -2.009766E-02  1.086996E-04  1.922097E-05  1.030830E-17
         5   2  4.389635E-02 -2.024926E-02 -2.028985E-02  1.086750E-04  1.921712E-05 -2.489686E-17
         5   3  4.389635E-02 -2.003188E-02 -2.009766E-02 -1.086996E-04  1.922097E-05 -5.838081E-18
         5   4  4.389635E-02 -2.024926E-02 -2.028985E-02 -1.086750E-04  1.921712E-05  2.641867E-17
         5   5  4.389635E-02 -2.003188E-02 -2.009766E-02  1.086996E-04 -1.922097E-05  3.501589E-19
         5   6  4.389635E-02 -2.024926E-02 -2.028985E-02  1.086750E-04 -1.921712E-05 -2.644978E-17
         5   7  4.389635E-02 -2.003188E-02 -2.009766E-02 -1.086996E-04 -1.922097E-05 -1.409660E-17
         5   8  4.389635E-02 -2.024926E-02 -2.028985E-02 -1.086750E-04 -1.921712E-05  2.051810E-17
         6   1  4.444246E-02 -2.036153E-02 -2.038909E-02  4.469320E-05  7.897320E-06 -2.642643E-17
         6   2  4.444246E-02 -2.045091E-02 -2.046806E-02  4.468904E-05  7.896669E-06  7.727564E-18
         6   3  4.444246E-02 -2.036153E-02 -2.038909E-02 -4.469320E-05  7.897320E-06  2.879220E-17
         6   4  4.444246E-02 -2.045091E-02 -2.046806E-02 -4.468904E-05  7.896669E-06 -1.387339E-17
         6   5  4.444246E-02 -2.036153E-02 -2.038909E-02  4.469320E-05 -7.897320E-06 -2.780679E-17
         6   6  4.444246E-02 -2.045091E-02 -2.046806E-02  4.468904E-05 -7.896669E-06  1.187516E-17
         6   7  4.444246E-02 -2.036153E-02 -2.038909E-02 -4.469320E-05 -7.897320E-06  2.496948E-17
         6   8  4.444246E-02 -2.045091E-02 -2.046806E-02 -4.468904E-05 -7.896669E-06 -1.259928E-17
         7   1  4.466389E-02 -2.049640E-02 -2.050825E-02  1.744681E-05  3.083508E-06  1.035883E-17
         7   2  4.466389E-02 -2.053129E-02 -2.053909E-02  1.744618E-05  3.083409E-06 -1.757339E-17
         7   3  4.466389E-02 -2.049640E-02 -2.050825E-02 -1.744681E-05  3.083508E-06 -1.576016E-17
         7   4  4.466389E-02 -2.053129E-02 -2.053909E-02 -1.744618E-05  3.083409E-06  1.169660E-17
         7   5  4.466389E-02 -2.049640E-02 -2.050825E-02  1.744681E-05 -3.083508E-06  1.083656E-17
         7   6  4.466389E-02 -2.053129E-02 -2.053909E-02  1.744618E-05 -3.083409E-06 -1.549643E-17
         7   7  4.466389E-02 -2.049640E-02 -2.050825E-02 -1.744681E-05 -3.083508E-06 -1.124779E-17
         7   8  4.466389E-02 -2.053129E-02 -2.053909E-02 -1.744618E-05 -3.083409E-06  1.749617E-17
         8   1  4.474236E-02 -2.054740E-02 -2.055332E-02  4.563834E-06  8.065656E-07 -5.377128E-17
         8   2  4.474236E-02 -2.055653E-02 -2.056139E-02  4.563791E-06  8.065589E-07 -1.227145E-16
         8   3  4.474236E-02 -2.054740E-02 -2.055332E-02 -4.563834E-06  8.065656E-07  5.590140E-17
         8   4  4.474236E-02 -2.055653E-02 -2.056139E-02 -4.563791E-06  8.065589E-07  1.371784E-16
         8   5  4.474236E-02 -2.054740E-02 -2.055332E-02  4.563834E-06 -8.065656E-07 -5.255033E-17
         8   6  4.474236E-02 -2.055653E-02 -2.056139E-02  4.563791E-06 -8.065589E-07 -1.331853E-16
         8   7  4.474236E-02 -2.054740E-02 -2.055332E-02 -4.563834E-06 -8.065656E-07  5.192006E-17
         8   8  4.474236E-02 -2.055653E-02 -2.056139E-02 -4.563791E-06 -8.065589E-07  1.378353E-16

                                INCREMENT     6


 forces (fx,fy,fz) for set RIGHT and time  0.4750000E+00

        33  1.309188E+00 -2.180948E-13 -1.096490E-12
        34  1.309188E+00  2.182169E-13 -9.849855E-13
        35  1.309188E+00  1.951207E-13  9.851470E-13
        36  1.309188E+00 -1.951461E-13  1.095857E-12

 displacements (vx,vy,vz) for set RIGHT and time  0.4750000E+00

        33  9.500000E-01  6.528765E-02  1.306039E-02
        34  9.500000E-01 -6.528765E-02  1.306039E-02
        35  9.500000E-01 -6.528765E-02 -1.306039E-02
        36  9.500000E-01  6.528765E-02 -1.306039E-02

 stresses (elem, integ.pnt.,sxx,syy,szz,sxy,sxz,syz) for set ALL and time  0.4750000E+00

         1   1  3.968501E+00  3.692457E+00  3.687534E+00  5.566817E-02  1.238586E-02  1.017210E-04
         1   2 -1.893596E+00 -2.289804E+00 -2.307354E+00  5.734406E-02  1.275874E-02  1.047833E-04
         1   3  3.968501E+00  3.692457E+00  3.687534E+00 -5.566817E-02  1.238586E-02 -1.017210E-04
         1   4 -1.893596E+00 -2.289804E+00 -2.307354E+00 -5.734406E-02  1.275874E-02 -1.047833E-04
         1   5  3.968501E+00  3.692457E+00  3.687534E+00  5.566817E-02 -1.238586E-02 -1.017210E-04
         1   6 -1.893596E+00 -2.289804E+00 -2.307354E+00  5.734406E-02 -1.275874E-02 -1.047833E-04
         1   7  3.968501E+00  3.692457E+00  3.687534E+00 -5.566817E-02 -1.238586E-02  1.017210E-04
         1   8 -1.893596E+00 -2.289804E+00 -2.307354E+00 -5.734406E-02 -1.275874E-02  1.047833E-04
         2   1  2.310619E+00  1.566450E+00  1.548196E+00  2.735702E-02  4.602721E-03  1.763159E-05
         2   2 -1.455280E-01 -9.513487E-01 -9.614748E-01  2.769980E-02  4.660391E-03  1.785251E-05
         2   3  2.310619E+00  1.566450E+00  1.548196E+00 -2.735702E-02  4.602721E-03 -1.763159E-05
         2   4 -1.455280E-01 -9.513487E-01 -9.614748E-01 -2.769980E-02  4.660391E-03 -1.785251E-05
         2   5  2.310619E+00  1.566450E+00  1.548196E+00  2.735702E-02 -4.602721E-03 -1.763159E-05
         2   6 -1.455280E-01 -9.513487E-01 -9.614748E-01  2.769980E-02 -4.660391E-03 -1.785251E-05
         2   7  2.310619E+00  1.566450E+00  1.548196E+00 -2.735702E-02 -4.602721E-03  1.763159E-05
         2   8 -1.455280E-01 -9.513487E-01 -9.614748E-01 -2.769980E-02 -4.660391E-03  1.785251E-05
         3   1  1.609174E+00  6.552060E-01  6.490895E-01  1.121417E-02  2.002933E-03  3.077098E-06
         3   2  5.835557E-01 -3.963927E-01 -4.002873E-01  1.127268E-02  2.013383E-03  3.093153E-06
         3   3  1.609174E+00  6.552060E-01  6.490895E-01 -1.121417E-02  2.002933E-03 -3.077098E-06
         3   4  5.835557E-01 -3.963927E-01 -4.002873E-01 -1.127268E-02  2.013383E-03 -3.093153E-06
         3   5  1.609174E+00  6.552060E-01  6.490895E-01  1.121417E-02 -2.002933E-03 -3.077098E-06
         3   6  5.835557E-01 -3.963927E-01 -4.002873E-01  1.127268E-02 -2.013383E-03 -3.093153E-06
         3   7  1.609174E+00  6.552060E-01  6.490895E-01 -1.121417E-02 -2.002933E-03  3.077098E-06
         3   8  5.835557E-01 -3.963927E-01 -4.002873E-01 -1.127268E-02 -2.013383E-03  3.093153E-06
         4   1  1.314531E+00  2.729488E-01  2.702821E-01  4.711760E-03  8.304643E-04  5.311852E-07
         4   2  8.879461E-01 -1.646414E-01 -1.662740E-01  4.721974E-03  8.322644E-04  5.323366E-07
         4   3  1.314531E+00  2.729488E-01  2.702821E-01 -4.711760E-03  8.304643E-04 -5.311852E-07
         4   4  8.879461E-01 -1.646414E-01 -1.662740E-01 -4.721974E-03  8.322644E-04 -5.323366E-07
         4   5  1.314531E+00  2.729488E-01  2.702821E-01  4.711760E-03 -8.304643E-04 -5.311852E-07
         4   6  8.879461E-01 -1.646414E-01 -1.662740E-01  4.721974E-03 -8.322644E-04 -5.323366E-07
         4   7  1.314531E+00  2.729488E-01  2.702821E-01 -4.711760E-03 -8.304643E-04  5.311852E-07
         4   8  8.879461E-01 -1.646414E-01 -1.662740E-01 -4.721974E-03 -8.322644E-04  5.323366E-07
         5   1  1.191597E+00  1.133672E-01  1.122726E-01  1.955033E-03  3.456729E-04  9.139280E-08
         5   2  1.014620E+00 -6.819560E-02 -6.887163E-02  1.956791E-03  3.459836E-04  9.147495E-08
         5   3  1.191597E+00  1.133672E-01  1.122726E-01 -1.955033E-03  3.456729E-04 -9.139280E-08
         5   4  1.014620E+00 -6.819560E-02 -6.887163E-02 -1.956791E-03  3.459836E-04 -9.147495E-08
         5   5  1.191597E+00  1.133672E-01  1.122726E-01  1.955033E-03 -3.456729E-04 -9.139280E-08
         5   6  1.014620E+00 -6.819560E-02 -6.887163E-02  1.956791E-03 -3.459836E-04 -9.147495E-08
         5   7  1.191597E+00  1.133672E-01  1.122726E-01 -1.955033E-03 -3.456729E-04  9.139280E-08
         5   8  1.014620E+00 -6.819560E-02 -6.887163E-02 -1.956791E-03 -3.459836E-04  9.147495E-08
         6   1  1.140234E+00  4.680929E-02  4.635089E-02  8.045551E-04  1.421534E-04  1.544265E-08
         6   2  1.067476E+00 -2.783883E-02 -2.812412E-02  8.048524E-04  1.422059E-04  1.544836E-08
         6   3  1.140234E+00  4.680929E-02  4.635089E-02 -8.045551E-04  1.421534E-04 -1.544265E-08
         6   4  1.067476E+00 -2.783883E-02 -2.812412E-02 -8.048524E-04  1.422059E-04 -1.544836E-08
         6   5  1.140234E+00  4.680929E-02  4.635089E-02  8.045551E-04 -1.421534E-04 -1.544265E-08
         6   6  1.067476E+00 -2.783883E-02 -2.812412E-02  8.048524E-04 -1.422059E-04 -1.544836E-08
         6   7  1.140234E+00  4.680929E-02  4.635089E-02 -8.045551E-04 -1.421534E-04  1.544265E-08
         6   8  1.067476E+00 -2.783883E-02 -2.812412E-02 -8.048524E-04 -1.422059E-04  1.544836E-08
         7   1  1.118354E+00  1.874149E-02  1.854443E-02  3.141334E-04  5.551318E-05  2.353098E-09
         7   2  1.089952E+00 -1.039946E-02 -1.052903E-02  3.141787E-04  5.552119E-05  2.353436E-09
         7   3  1.118354E+00  1.874149E-02  1.854443E-02 -3.141334E-04  5.551318E-05 -2.353098E-09
         7   4  1.089952E+00 -1.039946E-02 -1.052903E-02 -3.141787E-04  5.552119E-05 -2.353436E-09
         7   5  1.118354E+00  1.874149E-02  1.854443E-02  3.141334E-04 -5.551318E-05 -2.353097E-09
         7   6  1.089952E+00 -1.039946E-02 -1.052903E-02  3.141787E-04 -5.552119E-05 -2.353438E-09
         7   7  1.118354E+00  1.874149E-02  1.854443E-02 -3.141334E-04 -5.551318E-05  2.353097E-09
         7   8  1.089952E+00 -1.039946E-02 -1.052903E-02 -3.141787E-04 -5.552119E-05  2.353438E-09
         8   1  1.107972E+00  6.098662E-03  6.000279E-03  8.217176E-05  1.452058E-05  1.609636E-10
         8   2  1.100544E+00 -1.523139E-03 -1.603866E-03  8.217486E-05  1.452113E-05  1.609720E-10
         8   3  1.107972E+00  6.098662E-03  6.000279E-03 -8.217176E-05  1.452058E-05 -1.609637E-10
         8   4  1.100544E+00 -1.523139E-03 -1.603866E-03 -8.217486E-05  1.452113E-05 -1.609720E-10
         8   5  1.107972E+00  6.098662E-03  6.000279E-03  8.217176E-05 -1.452058E-05 -1.609665E-10
         8   6  1.100544E+00 -1.523139E-03 -1.603866E-03  8.217486E-05 -1.452113E-05 -1.609703E-10
         8   7  1.107972E+00  6.098662E-03  6.000279E-03 -8.217176E-05 -1.452058E-05  1.609664E-10
         8   8  1.100544E+00 -1.523139E-03 -1.603866E-03 -8.217486E-05 -1.452113E-05  1.609702E-10

 strains (elem, integ.pnt.,exx,eyy,ezz,exy,exz,eyz) for set ALL and time  0.4750000E+00

         1   1  1.811487E-02 -3.055226E-03 -3.398270E-03  4.167121E-03  9.268416E-04 -4.268059E-18
         1   2  1.811487E-02 -1.135452E-02 -1.262344E-02  4.132177E-03  9.181925E-04 -1.817481E-17
         1   3  1.811487E-02 -3.055226E-03 -3.398270E-03 -4.167121E-03  9.268416E-04  3.838576E-18
         1   4  1.811487E-02 -1.135452E-02 -1.262344E-02 -4.132177E-03  9.181925E-04  1.612346E-17
         1   5  1.811487E-02 -3.055226E-03 -3.398270E-03  4.167121E-03 -9.268416E-04 -4.119600E-18
         1   6  1.811487E-02 -1.135452E-02 -1.262344E-02  4.132177E-03 -9.181925E-04 -1.635508E-17
         1   7  1.811487E-02 -3.055226E-03 -3.398270E-03 -4.167121E-03 -9.268416E-04  3.878946E-18
         1   8  1.811487E-02 -1.135452E-02 -1.262344E-02 -4.132177E-03 -9.181925E-04  1.783614E-17
         2   1  4.052952E-02 -1.581047E-02 -1.718434E-02  1.959707E-03  3.292455E-04 -1.975268E-17
         2   2  4.052952E-02 -1.972196E-02 -2.047118E-02  1.951775E-03  3.281229E-04 -1.791854E-17
         2   3  4.052952E-02 -1.581047E-02 -1.718434E-02 -1.959707E-03  3.292455E-04  2.036361E-17
         2   4  4.052952E-02 -1.972196E-02 -2.047118E-02 -1.951775E-03  3.281229E-04  1.704123E-17
         2   5  4.052952E-02 -1.581047E-02 -1.718434E-02  1.959707E-03 -3.292455E-04 -1.892699E-17
         2   6  4.052952E-02 -1.972196E-02 -2.047118E-02  1.951775E-03 -3.281229E-04 -2.243233E-17
         2   7  4.052952E-02 -1.581047E-02 -1.718434E-02 -1.959707E-03 -3.292455E-04  2.118931E-17
         2   8  4.052952E-02 -1.972196E-02 -2.047118E-02 -1.951775E-03 -3.281229E-04  1.590115E-17
         3   1  5.017841E-02 -2.172677E-02 -2.218653E-02  7.880690E-04  1.406873E-04 -1.581094E-17
         3   2  5.017841E-02 -2.330161E-02 -2.359237E-02  7.867704E-04  1.404802E-04 -1.380916E-17
         3   3  5.017841E-02 -2.172677E-02 -2.218653E-02 -7.880690E-04  1.406873E-04  2.307872E-17
         3   4  5.017841E-02 -2.330161E-02 -2.359237E-02 -7.867704E-04  1.404802E-04  2.577725E-17
         3   5  5.017841E-02 -2.172677E-02 -2.218653E-02  7.880690E-04 -1.406873E-04 -2.089834E-17
         3   6  5.017841E-02 -2.330161E-02 -2.359237E-02  7.867704E-04 -1.404802E-04 -2.437330E-17
         3   7  5.017841E-02 -2.172677E-02 -2.218653E-02 -7.880690E-04 -1.406873E-04  1.123136E-17
         3   8  5.017841E-02 -2.330161E-02 -2.359237E-02 -7.867704E-04 -1.404802E-04  2.051291E-17
         4   1  5.425107E-02 -2.411790E-02 -2.431832E-02  3.284943E-04  5.788608E-05 -7.248257E-18
         4   2  5.425107E-02 -2.477466E-02 -2.489701E-02  3.282675E-04  5.785086E-05  2.099524E-17
         4   3  5.425107E-02 -2.411790E-02 -2.431832E-02 -3.284943E-04  5.788608E-05  1.729109E-17
         4   4  5.425107E-02 -2.477466E-02 -2.489701E-02 -3.282675E-04  5.785086E-05 -1.758528E-17
         4   5  5.425107E-02 -2.411790E-02 -2.431832E-02  3.284943E-04 -5.788608E-05 -1.539107E-17
         4   6  5.425107E-02 -2.477466E-02 -2.489701E-02  3.282675E-04 -5.785086E-05  1.352437E-17
         4   7  5.425107E-02 -2.411790E-02 -2.431832E-02 -3.284943E-04 -5.788608E-05  5.763541E-18
         4   8  5.425107E-02 -2.477466E-02 -2.489701E-02 -3.282675E-04 -5.785086E-05 -2.894061E-17
         5   1  5.595212E-02 -2.511439E-02 -2.519665E-02  1.358500E-04  2.401781E-05  5.851022E-19
         5   2  5.595212E-02 -2.538605E-02 -2.543680E-02  1.358112E-04  2.401173E-05 -6.473493E-17
         5   3  5.595212E-02 -2.511439E-02 -2.519665E-02 -1.358500E-04  2.401781E-05 -7.867876E-18
         5   4  5.595212E-02 -2.538605E-02 -2.543680E-02 -1.358112E-04  2.401173E-05  6.383242E-17
         5   5  5.595212E-02 -2.511439E-02 -2.519665E-02  1.358500E-04 -2.401781E-05 -3.297575E-18
         5   6  5.595212E-02 -2.538605E-02 -2.543680E-02  1.358112E-04 -2.401173E-05 -6.606186E-17
         5   7  5.595212E-02 -2.511439E-02 -2.519665E-02 -1.358500E-04 -2.401781E-05 -1.259585E-17
         5   8  5.595212E-02 -2.538605E-02 -2.543680E-02 -1.358112E-04 -2.401173E-05  6.412959E-17
         6   1  5.665740E-02 -2.552634E-02 -2.556079E-02  5.582963E-05  9.863940E-06 -5.234427E-17
         6   2  5.665740E-02 -2.563799E-02 -2.565942E-02  5.582306E-05  9.862915E-06  7.270720E-17
         6   3  5.665740E-02 -2.552634E-02 -2.556079E-02 -5.582963E-05  9.863940E-06  5.242719E-17
         6   4  5.665740E-02 -2.563799E-02 -2.565942E-02 -5.582306E-05  9.862915E-06 -7.370609E-17
         6   5  5.665740E-02 -2.552634E-02 -2.556079E-02  5.582963E-05 -9.863940E-06 -4.542644E-17
         6   6  5.665740E-02 -2.563799E-02 -2.565942E-02  5.582306E-05 -9.862915E-06  7.956475E-17
         6   7  5.665740E-02 -2.552634E-02 -2.556079E-02 -5.582963E-05 -9.863940E-06  5.015640E-17
         6   8  5.665740E-02 -2.563799E-02 -2.565942E-02 -5.582306E-05 -9.862915E-06 -6.751518E-17
         7   1  5.694333E-02 -2.569481E-02 -2.570961E-02  2.178604E-05  3.849936E-06  5.648949E-17
         7   2  5.694333E-02 -2.573838E-02 -2.574811E-02  2.178504E-05  3.849779E-06 -1.113638E-16
         7   3  5.694333E-02 -2.569481E-02 -2.570961E-02 -2.178604E-05  3.849936E-06 -5.259287E-17
         7   4  5.694333E-02 -2.573838E-02 -2.574811E-02 -2.178504E-05  3.849779E-06  9.890446E-17
         7   5  5.694333E-02 -2.569481E-02 -2.570961E-02  2.178604E-05 -3.849936E-06  6.155807E-17
         7   6  5.694333E-02 -2.573838E-02 -2.574811E-02  2.178504E-05 -3.849779E-06 -1.061238E-16
         7   7  5.694333E-02 -2.569481E-02 -2.570961E-02 -2.178604E-05 -3.849936E-06 -4.572913E-17
         7   8  5.694333E-02 -2.573838E-02 -2.574811E-02 -2.178504E-05 -3.849779E-06  1.074112E-16
         8   1  5.704464E-02 -2.575850E-02 -2.576589E-02  5.697605E-06  1.006817E-06 -1.102387E-16
         8   2  5.704464E-02 -2.576989E-02 -2.577596E-02  5.697537E-06  1.006806E-06  6.595191E-17
         8   3  5.704464E-02 -2.575850E-02 -2.576589E-02 -5.697605E-06  1.006817E-06  1.002033E-16
         8   4  5.704464E-02 -2.576989E-02 -2.577596E-02 -5.697537E-06  1.006806E-06 -6.501179E-17
         8   5  5.704464E-02 -2.575850E-02 -2.576589E-02  5.697605E-06 -1.006817E-06 -1.078101E-16
         8   6  5.704464E-02 -2.576989E-02 -2.577596E-02  5.697537E-06 -1.006806E-06  6.142481E-17
         8   7  5.704464E-02 -2.575850E-02 -2.576589E-02 -5.697605E-06 -1.006817E-06  1.033710E-16
         8   8  5.704464E-02 -2.576989E-02 -2.577596E-02 -5.697537E-06 -1.006806E-06 -6.868758E-17

                                INCREMENT     7


 forces (fx,fy,fz) for set RIGHT and time  0.5750000E+00

        33  1.569146E+00 -1.640932E-13 -7.756400E-13
        34  1.569146E+00  1.640460E-13 -8.962024E-13
        35  1.569146E+00  1.685924E-13  8.971295E-13
        36  1.569146E+00 -1.688226E-13  7.747487E-13

 displacements (vx,vy,vz) for set RIGHT and time  0.5750000E+00

        33  1.150000E+00  7.843318E-02  1.569007E-02
        34  1.150000E+00 -7.843318E-02  1.569007E-02
        35  1.150000E+00 -7.843318E-02 -1.569007E-02
        36  1.150000E+00  7.843318E-02 -1.569007E-02

 stresses (elem, integ.pnt.,sxx,syy,szz,sxy,sxz,syz) for set ALL and time  0.5750000E+00

         1   1  4.768616E+00  4.437453E+00  4.431476E+00  6.687542E-02  1.487445E-02  1.462592E-04
         1   2 -2.286820E+00 -2.764520E+00 -2.785645E+00  6.930522E-02  1.541489E-02  1.515732E-04
         1   3  4.768616E+00  4.437453E+00  4.431476E+00 -6.687542E-02  1.487445E-02 -1.462592E-04
         1   4 -2.286820E+00 -2.764520E+00 -2.785645E+00 -6.930522E-02  1.541489E-02 -1.515732E-04
         1   5  4.768616E+00  4.437453E+00  4.431476E+00  6.687542E-02 -1.487445E-02 -1.462592E-04
         1   6 -2.286820E+00 -2.764520E+00 -2.785645E+00  6.930522E-02 -1.541489E-02 -1.515732E-04
         1   7  4.768616E+00  4.437453E+00  4.431476E+00 -6.687542E-02 -1.487445E-02  1.462592E-04
         1   8 -2.286820E+00 -2.764520E+00 -2.785645E+00 -6.930522E-02 -1.541489E-02  1.515732E-04
         2   1  2.787334E+00  1.888924E+00  1.867142E+00  3.305561E-02  5.567552E-03  2.541139E-05
         2   2 -1.748208E-01 -1.149483E+00 -1.161634E+00  3.355580E-02  5.651800E-03  2.579591E-05
         2   3  2.787334E+00  1.888924E+00  1.867142E+00 -3.305561E-02  5.567552E-03 -2.541139E-05
         2   4 -1.748208E-01 -1.149483E+00 -1.161634E+00 -3.355580E-02  5.651800E-03 -2.579591E-05
         2   5  2.787334E+00  1.888924E+00  1.867142E+00  3.305561E-02 -5.567552E-03 -2.541139E-05
         2   6 -1.748208E-01 -1.149483E+00 -1.161634E+00  3.355580E-02 -5.651800E-03 -2.579591E-05
         2   7  2.787334E+00  1.888924E+00  1.867142E+00 -3.305561E-02 -5.567552E-03  2.541139E-05
         2   8 -1.748208E-01 -1.149483E+00 -1.161634E+00 -3.355580E-02 -5.651800E-03  2.579591E-05
         3   1  1.945207E+00  7.910587E-01  7.837280E-01  1.359431E-02  2.426596E-03  4.436206E-06
         3   2  7.075877E-01 -4.789555E-01 -4.836212E-01  1.367997E-02  2.441887E-03  4.464159E-06
         3   3  1.945207E+00  7.910587E-01  7.837280E-01 -1.359431E-02  2.426596E-03 -4.436206E-06
         3   4  7.075877E-01 -4.789555E-01 -4.836212E-01 -1.367997E-02  2.441887E-03 -4.464159E-06
         3   5  1.945207E+00  7.910587E-01  7.837280E-01  1.359431E-02 -2.426596E-03 -4.436206E-06
         3   6  7.075877E-01 -4.789555E-01 -4.836212E-01  1.367997E-02 -2.441887E-03 -4.464159E-06
         3   7  1.945207E+00  7.910587E-01  7.837280E-01 -1.359431E-02 -2.426596E-03  4.436206E-06
         3   8  7.075877E-01 -4.789555E-01 -4.836212E-01 -1.367997E-02 -2.441887E-03  4.464159E-06
         4   1  1.590886E+00  3.296097E-01  3.264233E-01  5.714692E-03  1.007181E-03  7.655432E-07
         4   2  1.076146E+00 -1.988803E-01 -2.008320E-01  5.729648E-03  1.009817E-03  7.675467E-07
         4   3  1.590886E+00  3.296097E-01  3.264233E-01 -5.714692E-03  1.007181E-03 -7.655432E-07
         4   4  1.076146E+00 -1.988803E-01 -2.008320E-01 -5.729648E-03  1.009817E-03 -7.675467E-07
         4   5  1.590886E+00  3.296097E-01  3.264233E-01  5.714692E-03 -1.007181E-03 -7.655432E-07
         4   6  1.076146E+00 -1.988803E-01 -2.008320E-01  5.729648E-03 -1.009817E-03 -7.675467E-07
         4   7  1.590886E+00  3.296097E-01  3.264233E-01 -5.714692E-03 -1.007181E-03  7.655432E-07
         4   8  1.076146E+00 -1.988803E-01 -2.008320E-01 -5.729648E-03 -1.009817E-03  7.675467E-07
         5   1  1.442989E+00  1.368711E-01  1.355635E-01  2.371342E-03  4.192049E-04  1.316130E-07
         5   2  1.229509E+00 -8.234291E-02 -8.315038E-02  2.373914E-03  4.196597E-04  1.317558E-07
         5   3  1.442989E+00  1.368711E-01  1.355635E-01 -2.371342E-03  4.192049E-04 -1.316130E-07
         5   4  1.229509E+00 -8.234291E-02 -8.315038E-02 -2.373914E-03  4.196597E-04 -1.317558E-07
         5   5  1.442989E+00  1.368711E-01  1.355635E-01  2.371342E-03 -4.192049E-04 -1.316130E-07
         5   6  1.229509E+00 -8.234291E-02 -8.315038E-02  2.373914E-03 -4.196597E-04 -1.317558E-07
         5   7  1.442989E+00  1.368711E-01  1.355635E-01 -2.371342E-03 -4.192049E-04  1.316130E-07
         5   8  1.229509E+00 -8.234291E-02 -8.315038E-02 -2.373914E-03 -4.196597E-04  1.317558E-07
         6   1  1.381204E+00  5.649204E-02  5.594484E-02  9.755846E-04  1.723467E-04  2.221884E-08
         6   2  1.293477E+00 -3.359900E-02 -3.393950E-02  9.760193E-04  1.724235E-04  2.222874E-08
         6   3  1.381204E+00  5.649204E-02  5.594484E-02 -9.755846E-04  1.723467E-04 -2.221884E-08
         6   4  1.293477E+00 -3.359900E-02 -3.393950E-02 -9.760193E-04  1.724235E-04 -2.222874E-08
         6   5  1.381204E+00  5.649204E-02  5.594484E-02  9.755846E-04 -1.723467E-04 -2.221884E-08
         6   6  1.293477E+00 -3.359900E-02 -3.393950E-02  9.760193E-04 -1.724235E-04 -2.222874E-08
         6   7  1.381204E+00  5.649204E-02  5.594484E-02 -9.755846E-04 -1.723467E-04  2.221884E-08
         6   8  1.293477E+00 -3.359900E-02 -3.393950E-02 -9.760193E-04 -1.724235E-04  2.222874E-08
         7   1  1.354892E+00  2.260863E-02  2.237354E-02  3.807780E-04  6.728023E-05  3.382797E-09
         7   2  1.320660E+00 -1.254667E-02 -1.270121E-02  3.808442E-04  6.729193E-05  3.383384E-09
         7   3  1.354892E+00  2.260863E-02  2.237354E-02 -3.807780E-04  6.728023E-05 -3.382797E-09
         7   4  1.320660E+00 -1.254667E-02 -1.270121E-02 -3.808442E-04  6.729193E-05 -3.383384E-09
         7   5  1.354892E+00  2.260863E-02  2.237354E-02  3.807780E-04 -6.728023E-05 -3.382797E-09
         7   6  1.320660E+00 -1.254667E-02 -1.270121E-02  3.808442E-04 -6.729193E-05 -3.383386E-09
         7   7  1.354892E+00  2.260863E-02  2.237354E-02 -3.807780E-04 -6.728023E-05  3.382797E-09
         7   8  1.320660E+00 -1.254667E-02 -1.270121E-02 -3.808442E-04 -6.729193E-05  3.383386E-09
         8   1  1.342405E+00  7.354184E-03  7.236886E-03  9.958048E-05  1.759424E-05  2.312773E-10
         8   2  1.333454E+00 -1.838242E-03 -1.934470E-03  9.958501E-05  1.759504E-05  2.312885E-10
         8   3  1.342405E+00  7.354184E-03  7.236886E-03 -9.958048E-05  1.759424E-05 -2.312774E-10
         8   4  1.333454E+00 -1.838242E-03 -1.934470E-03 -9.958501E-05  1.759504E-05 -2.312885E-10
         8   5  1.342405E+00  7.354184E-03  7.236886E-03  9.958048E-05 -1.759424E-05 -2.312795E-10
         8   6  1.333454E+00 -1.838242E-03 -1.934470E-03  9.958501E-05 -1.759504E-05 -2.312892E-10
         8   7  1.342405E+00  7.354184E-03  7.236886E-03 -9.958048E-05 -1.759424E-05  2.312793E-10
         8   8  1.333454E+00 -1.838242E-03 -1.934470E-03 -9.958501E-05 -1.759504E-05  2.312893E-10

 strains (elem, integ.pnt.,exx,eyy,ezz,exy,exz,eyz) for set ALL and time  0.5750000E+00

         1   1  2.184034E-02 -3.669915E-03 -4.080476E-03  5.003964E-03  1.112523E-03 -1.699211E-17
         1   2  2.184034E-02 -1.362739E-02 -1.514331E-02  4.953514E-03  1.100044E-03 -6.486495E-17
         1   3  2.184034E-02 -3.669915E-03 -4.080476E-03 -5.003964E-03  1.112523E-03  1.865502E-17
         1   4  2.184034E-02 -1.362739E-02 -1.514331E-02 -4.953514E-03  1.100044E-03  6.987003E-17
         1   5  2.184034E-02 -3.669915E-03 -4.080476E-03  5.003964E-03 -1.112523E-03 -1.512285E-17
         1   6  2.184034E-02 -1.362739E-02 -1.514331E-02  4.953514E-03 -1.100044E-03 -5.715112E-17
         1   7  2.184034E-02 -3.669915E-03 -4.080476E-03 -5.003964E-03 -1.112523E-03  2.030823E-17
         1   8  2.184034E-02 -1.362739E-02 -1.514331E-02 -4.953514E-03 -1.100044E-03  7.747709E-17
         2   1  4.918149E-02 -1.896569E-02 -2.060623E-02  2.345878E-03  3.944416E-04 -7.109984E-17
         2   2  4.918149E-02 -2.364601E-02 -2.454254E-02  2.334438E-03  3.928189E-04 -3.273823E-17
         2   3  4.918149E-02 -1.896569E-02 -2.060623E-02 -2.345878E-03  3.944416E-04  7.820724E-17
         2   4  4.918149E-02 -2.364601E-02 -2.454254E-02 -2.334438E-03  3.928189E-04  5.202787E-17
         2   5  4.918149E-02 -1.896569E-02 -2.060623E-02  2.345878E-03 -3.944416E-04 -6.302568E-17
         2   6  4.918149E-02 -2.364601E-02 -2.454254E-02  2.334438E-03 -3.928189E-04 -4.150016E-17
         2   7  4.918149E-02 -1.896569E-02 -2.060623E-02 -2.345878E-03 -3.944416E-04  8.298456E-17
         2   8  4.918149E-02 -2.364601E-02 -2.454254E-02 -2.334438E-03 -3.928189E-04  4.144048E-17
         3   1  6.103832E-02 -2.604377E-02 -2.659504E-02  9.427115E-04  1.681770E-04 -3.887285E-18
         3   2  6.103832E-02 -2.792732E-02 -2.827531E-02  9.408365E-04  1.678782E-04  3.508317E-17
         3   3  6.103832E-02 -2.604377E-02 -2.659504E-02 -9.427115E-04  1.681770E-04  2.297752E-17
         3   4  6.103832E-02 -2.792732E-02 -2.827531E-02 -9.408365E-04  1.678782E-04 -3.683055E-17
         3   5  6.103832E-02 -2.604377E-02 -2.659504E-02  9.427115E-04 -1.681770E-04 -1.493814E-17
         3   6  6.103832E-02 -2.792732E-02 -2.827531E-02  9.408365E-04 -1.678782E-04  2.892152E-17
         3   7  6.103832E-02 -2.604377E-02 -2.659504E-02 -9.427115E-04 -1.681770E-04  8.707033E-18
         3   8  6.103832E-02 -2.792732E-02 -2.827531E-02 -9.408365E-04 -1.678782E-04 -3.513056E-17
         4   1  6.605719E-02 -2.890318E-02 -2.914277E-02  3.925068E-04  6.915945E-05  2.092262E-17
         4   2  6.605719E-02 -2.968787E-02 -2.983411E-02  3.921797E-04  6.910866E-05 -4.899038E-17
         4   3  6.605719E-02 -2.890318E-02 -2.914277E-02 -3.925068E-04  6.915945E-05 -3.296020E-17
         4   4  6.605719E-02 -2.968787E-02 -2.983411E-02 -3.921797E-04  6.910866E-05  3.832537E-17
         4   5  6.605719E-02 -2.890318E-02 -2.914277E-02  3.925068E-04 -6.915945E-05  2.865728E-17
         4   6  6.605719E-02 -2.968787E-02 -2.983411E-02  3.921797E-04 -6.910866E-05 -3.965951E-17
         4   7  6.605719E-02 -2.890318E-02 -2.914277E-02 -3.925068E-04 -6.915945E-05 -2.785651E-17
         4   8  6.605719E-02 -2.968787E-02 -2.983411E-02 -3.921797E-04 -6.910866E-05  4.735391E-17
         5   1  6.815532E-02 -3.009368E-02 -3.019199E-02  1.622227E-04  2.867467E-05 -5.748499E-17
         5   2  6.815532E-02 -3.041807E-02 -3.047869E-02  1.621667E-04  2.866592E-05 -1.880641E-18
         5   3  6.815532E-02 -3.009368E-02 -3.019199E-02 -1.622227E-04  2.867467E-05  4.594012E-17
         5   4  6.815532E-02 -3.041807E-02 -3.047869E-02 -1.621667E-04  2.866592E-05  9.562570E-19
         5   5  6.815532E-02 -3.009368E-02 -3.019199E-02  1.622227E-04 -2.867467E-05 -4.355944E-17
         5   6  6.815532E-02 -3.041807E-02 -3.047869E-02  1.621667E-04 -2.866592E-05  1.980222E-18
         5   7  6.815532E-02 -3.009368E-02 -3.019199E-02 -1.622227E-04 -2.867467E-05  5.650225E-17
         5   8  6.815532E-02 -3.041807E-02 -3.047869E-02 -1.621667E-04 -2.866592E-05  1.164671E-17
         6   1  6.902530E-02 -3.058556E-02 -3.062669E-02  6.662886E-05  1.177014E-05  1.457496E-17
         6   2  6.902530E-02 -3.071881E-02 -3.074439E-02  6.661940E-05  1.176866E-05  2.953183E-17
         6   3  6.902530E-02 -3.058556E-02 -3.062669E-02 -6.662886E-05  1.177014E-05 -1.242335E-17
         6   4  6.902530E-02 -3.071881E-02 -3.074439E-02 -6.661940E-05  1.176866E-05 -2.931508E-17
         6   5  6.902530E-02 -3.058556E-02 -3.062669E-02  6.662886E-05 -1.177014E-05  2.534245E-17
         6   6  6.902530E-02 -3.071881E-02 -3.074439E-02  6.661940E-05 -1.176866E-05  3.620140E-17
         6   7  6.902530E-02 -3.058556E-02 -3.062669E-02 -6.662886E-05 -1.177014E-05 -5.017518E-18
         6   8  6.902530E-02 -3.071881E-02 -3.074439E-02 -6.661940E-05 -1.176866E-05 -1.516164E-17
         7   1  6.937792E-02 -3.078660E-02 -3.080427E-02  2.598807E-05  4.591784E-06 -8.282397E-19
         7   2  6.937792E-02 -3.083857E-02 -3.085019E-02  2.598663E-05  4.591559E-06 -6.119377E-17
         7   3  6.937792E-02 -3.078660E-02 -3.080427E-02 -2.598807E-05  4.591784E-06 -8.495377E-18
         7   4  6.937792E-02 -3.083857E-02 -3.085019E-02 -2.598663E-05  4.591559E-06  6.205129E-17
         7   5  6.937792E-02 -3.078660E-02 -3.080427E-02  2.598807E-05 -4.591784E-06  9.464517E-18
         7   6  6.937792E-02 -3.083857E-02 -3.085019E-02  2.598663E-05 -4.591559E-06 -7.072457E-17
         7   7  6.937792E-02 -3.078660E-02 -3.080427E-02 -2.598807E-05 -4.591784E-06 -2.298765E-18
         7   8  6.937792E-02 -3.083857E-02 -3.085019E-02 -2.598663E-05 -4.591559E-06  5.803422E-17
         8   1  6.950282E-02 -3.086257E-02 -3.087139E-02  6.794579E-06  1.200479E-06 -7.917901E-17
         8   2  6.950282E-02 -3.087616E-02 -3.088339E-02  6.794481E-06  1.200464E-06 -2.867819E-17
         8   3  6.950282E-02 -3.086257E-02 -3.087139E-02 -6.794579E-06  1.200479E-06  7.299613E-17
         8   4  6.950282E-02 -3.087616E-02 -3.088339E-02 -6.794481E-06  1.200464E-06  3.131407E-17
         8   5  6.950282E-02 -3.086257E-02 -3.087139E-02  6.794579E-06 -1.200479E-06 -8.285465E-17
         8   6  6.950282E-02 -3.087616E-02 -3.088339E-02  6.794481E-06 -1.200464E-06 -2.761486E-17
         8   7  6.950282E-02 -3.086257E-02 -3.087139E-02 -6.794579E-06 -1.200479E-06  6.753513E-17
         8   8  6.950282E-02 -3.087616E-02 -3.088339E-02 -6.794481E-06 -1.200464E-06  3.361138E-17

                                INCREMENT     8


 forces (fx,fy,fz) for set RIGHT and time  0.6750000E+00

        33  1.824124E+00 -1.531951E-13 -8.496731E-13
        34  1.824124E+00  1.534131E-13 -7.819851E-13
        35  1.824124E+00  1.698472E-13  7.809761E-13
        36  1.824124E+00 -1.696039E-13  8.491428E-13

 displacements (vx,vy,vz) for set RIGHT and time  0.6750000E+00

        33  1.350000E+00  9.138005E-02  1.828000E-02
        34  1.350000E+00 -9.138005E-02  1.828000E-02
        35  1.350000E+00 -9.138005E-02 -1.828000E-02
        36  1.350000E+00  9.138005E-02 -1.828000E-02

 stresses (elem, integ.pnt.,sxx,syy,szz,sxy,sxz,syz) for set ALL and time  0.6750000E+00

         1   1  5.557302E+00  5.171977E+00  5.164942E+00  7.791765E-02  1.732494E-02  1.978257E-04
         1   2 -2.678210E+00 -3.236791E+00 -3.261456E+00  8.123119E-02  1.806171E-02  2.062385E-04
         1   3  5.557302E+00  5.171977E+00  5.164942E+00 -7.791765E-02  1.732494E-02 -1.978257E-04
         1   4 -2.678210E+00 -3.236791E+00 -3.261456E+00 -8.123119E-02  1.806171E-02 -2.062385E-04
         1   5  5.557302E+00  5.171977E+00  5.164942E+00  7.791765E-02 -1.732494E-02 -1.978257E-04
         1   6 -2.678210E+00 -3.236791E+00 -3.261456E+00  8.123119E-02 -1.806171E-02 -2.062385E-04
         1   7  5.557302E+00  5.171977E+00  5.164942E+00 -7.791765E-02 -1.732494E-02  1.978257E-04
         1   8 -2.678210E+00 -3.236791E+00 -3.261456E+00 -8.123119E-02 -1.806171E-02  2.062385E-04
         2   1  3.260787E+00  2.208887E+00  2.183674E+00  3.873232E-02  6.530404E-03  3.444386E-05
         2   2 -2.034894E-01 -1.346794E+00 -1.360936E+00  3.941871E-02  6.646131E-03  3.505425E-05
         2   3  3.260787E+00  2.208887E+00  2.183674E+00 -3.873232E-02  6.530404E-03 -3.444386E-05
         2   4 -2.034894E-01 -1.346794E+00 -1.360936E+00 -3.941871E-02  6.646131E-03 -3.505425E-05
         2   5  3.260787E+00  2.208887E+00  2.183674E+00  3.873232E-02 -6.530404E-03 -3.444386E-05
         2   6 -2.034894E-01 -1.346794E+00 -1.360936E+00  3.941871E-02 -6.646131E-03 -3.505425E-05
         2   7  3.260787E+00  2.208887E+00  2.183674E+00 -3.873232E-02 -6.530404E-03  3.444386E-05
         2   8 -2.034894E-01 -1.346794E+00 -1.360936E+00 -3.941871E-02 -6.646131E-03  3.505425E-05
         3   1  2.280307E+00  9.261078E-01  9.175872E-01  1.597873E-02  2.850489E-03  6.013813E-06
         3   2  8.322044E-01 -5.611270E-01 -5.665478E-01  1.609664E-02  2.871522E-03  6.058188E-06
         3   3  2.280307E+00  9.261078E-01  9.175872E-01 -1.597873E-02  2.850489E-03 -6.013813E-06
         3   4  8.322044E-01 -5.611270E-01 -5.665478E-01 -1.609664E-02  2.871522E-03 -6.058188E-06
         3   5  2.280307E+00  9.261078E-01  9.175872E-01  1.597873E-02 -2.850489E-03 -6.013813E-06
         3   6  8.322044E-01 -5.611270E-01 -5.665478E-01  1.609664E-02 -2.871522E-03 -6.058188E-06
         3   7  2.280307E+00  9.261078E-01  9.175872E-01 -1.597873E-02 -2.850489E-03  6.013813E-06
         3   8  8.322044E-01 -5.611270E-01 -5.665478E-01 -1.609664E-02 -2.871522E-03  6.058188E-06
         4   1  1.867129E+00  3.859201E-01  3.822278E-01  6.719790E-03  1.184221E-03  1.037224E-06
         4   2  1.264936E+00 -2.329143E-01 -2.351768E-01  6.740376E-03  1.187849E-03  1.040401E-06
         4   3  1.867129E+00  3.859201E-01  3.822278E-01 -6.719790E-03  1.184221E-03 -1.037224E-06
         4   4  1.264936E+00 -2.329143E-01 -2.351768E-01 -6.740376E-03  1.187849E-03 -1.040401E-06
         4   5  1.867129E+00  3.859201E-01  3.822278E-01  6.719790E-03 -1.184221E-03 -1.037224E-06
         4   6  1.264936E+00 -2.329143E-01 -2.351768E-01  6.740376E-03 -1.187849E-03 -1.040401E-06
         4   7  1.867129E+00  3.859201E-01  3.822278E-01 -6.719790E-03 -1.184221E-03  1.037224E-06
         4   8  1.264936E+00 -2.329143E-01 -2.351768E-01 -6.740376E-03 -1.187849E-03  1.040401E-06
         5   1  1.694609E+00  1.602022E-01  1.586875E-01  2.788297E-03  4.928100E-04  1.781445E-07
         5   2  1.444968E+00 -9.638326E-02 -9.731845E-02  2.791835E-03  4.934354E-04  1.783706E-07
         5   3  1.694609E+00  1.602022E-01  1.586875E-01 -2.788297E-03  4.928100E-04 -1.781445E-07
         5   4  1.444968E+00 -9.638326E-02 -9.731845E-02 -2.791835E-03  4.934354E-04 -1.783706E-07
         5   5  1.694609E+00  1.602022E-01  1.586875E-01  2.788297E-03 -4.928100E-04 -1.781445E-07
         5   6  1.444968E+00 -9.638326E-02 -9.731845E-02  2.791835E-03 -4.934354E-04 -1.783706E-07
         5   7  1.694609E+00  1.602022E-01  1.586875E-01 -2.788297E-03 -4.928100E-04  1.781445E-07
         5   8  1.444968E+00 -9.638326E-02 -9.731845E-02 -2.791835E-03 -4.934354E-04  1.783706E-07
         6   1  1.622555E+00  6.608893E-02  6.545559E-02  1.146656E-03  2.025323E-04  3.004115E-08
         6   2  1.520021E+00 -3.930634E-02 -3.970034E-02  1.147254E-03  2.026378E-04  3.005680E-08
         6   3  1.622555E+00  6.608893E-02  6.545559E-02 -1.146656E-03  2.025323E-04 -3.004115E-08
         6   4  1.520021E+00 -3.930634E-02 -3.970034E-02 -1.147254E-03  2.026378E-04 -3.005680E-08
         6   5  1.622555E+00  6.608893E-02  6.545559E-02  1.146656E-03 -2.025323E-04 -3.004115E-08
         6   6  1.520021E+00 -3.930634E-02 -3.970034E-02  1.147254E-03 -2.026378E-04 -3.005680E-08
         6   7  1.622555E+00  6.608893E-02  6.545559E-02 -1.146656E-03 -2.025323E-04  3.004115E-08
         6   8  1.520021E+00 -3.930634E-02 -3.970034E-02 -1.147254E-03 -2.026378E-04  3.005680E-08
         7   1  1.591881E+00  2.643553E-02  2.616363E-02  4.473507E-04  7.902848E-05  4.569062E-09
         7   2  1.551892E+00 -1.467135E-02 -1.485003E-02  4.474416E-04  7.904454E-05  4.569991E-09
         7   3  1.591881E+00  2.643553E-02  2.616363E-02 -4.473507E-04  7.902848E-05 -4.569062E-09
         7   4  1.551892E+00 -1.467135E-02 -1.485003E-02 -4.474416E-04  7.904454E-05 -4.569991E-09
         7   5  1.591881E+00  2.643553E-02  2.616363E-02  4.473507E-04 -7.902848E-05 -4.569062E-09
         7   6  1.551892E+00 -1.467135E-02 -1.485003E-02  4.474416E-04 -7.904454E-05 -4.569990E-09
         7   7  1.591881E+00  2.643553E-02  2.616363E-02 -4.473507E-04 -7.902848E-05  4.569062E-09
         7   8  1.551892E+00 -1.467135E-02 -1.485003E-02 -4.474416E-04 -7.904454E-05  4.569990E-09
         8   1  1.577323E+00  8.595023E-03  8.459459E-03  1.169550E-04  2.066028E-05  3.121787E-10
         8   2  1.566870E+00 -2.150157E-03 -2.261342E-03  1.169613E-04  2.066138E-05  3.121945E-10
         8   3  1.577323E+00  8.595023E-03  8.459459E-03 -1.169550E-04  2.066028E-05 -3.121788E-10
         8   4  1.566870E+00 -2.150157E-03 -2.261342E-03 -1.169613E-04  2.066138E-05 -3.121943E-10
         8   5  1.577323E+00  8.595023E-03  8.459459E-03  1.169550E-04 -2.066028E-05 -3.121782E-10
         8   6  1.566870E+00 -2.150157E-03 -2.261342E-03  1.169613E-04 -2.066138E-05 -3.121955E-10
         8   7  1.577323E+00  8.595023E-03  8.459459E-03 -1.169550E-04 -2.066028E-05  3.121780E-10
         8   8  1.566870E+00 -2.150157E-03 -2.261342E-03 -1.169613E-04 -2.066138E-05  3.121957E-10

 strains (elem, integ.pnt.,exx,eyy,ezz,exy,exz,eyz) for set ALL and time  0.6750000E+00

         1   1  2.553694E-02 -4.275409E-03 -4.752033E-03  5.827778E-03  1.295180E-03 -4.905763E-18
         1   2  2.553694E-02 -1.586245E-02 -1.761915E-02  5.759266E-03  1.278244E-03 -2.127480E-17
         1   3  2.553694E-02 -4.275409E-03 -4.752033E-03 -5.827778E-03  1.295180E-03  6.105717E-18
         1   4  2.553694E-02 -1.586245E-02 -1.761915E-02 -5.759266E-03  1.278244E-03  2.908125E-17
         1   5  2.553694E-02 -4.275409E-03 -4.752033E-03  5.827778E-03 -1.295180E-03 -4.150644E-18
         1   6  2.553694E-02 -1.586245E-02 -1.761915E-02  5.759266E-03 -1.278244E-03 -1.693522E-17
         1   7  2.553694E-02 -4.275409E-03 -4.752033E-03 -5.827778E-03 -1.295180E-03  7.292658E-18
         1   8  2.553694E-02 -1.586245E-02 -1.761915E-02 -5.759266E-03 -1.278244E-03  3.342083E-17
         2   1  5.787573E-02 -2.206513E-02 -2.396536E-02  2.723445E-03  4.582686E-04 -1.676010E-17
         2   2  5.787573E-02 -2.749650E-02 -2.853702E-02  2.707926E-03  4.560627E-04  1.279840E-17
         2   3  5.787573E-02 -2.206513E-02 -2.396536E-02 -2.723445E-03  4.582686E-04  2.044643E-17
         2   4  5.787573E-02 -2.749650E-02 -2.853702E-02 -2.707926E-03  4.560627E-04 -2.019094E-17
         2   5  5.787573E-02 -2.206513E-02 -2.396536E-02  2.723445E-03 -4.582686E-04 -9.777964E-18
         2   6  5.787573E-02 -2.749650E-02 -2.853702E-02  2.707926E-03 -4.560627E-04  2.792988E-17
         2   7  5.787573E-02 -2.206513E-02 -2.396536E-02 -2.723445E-03 -4.582686E-04  2.774594E-17
         2   8  5.787573E-02 -2.749650E-02 -2.853702E-02 -2.707926E-03 -4.560627E-04 -7.009245E-18
         3   1  7.200175E-02 -3.027766E-02 -3.091870E-02  1.093576E-03  1.949527E-04  2.349571E-17
         3   2  7.200175E-02 -3.246226E-02 -3.286620E-02  1.091030E-03  1.945476E-04  2.437277E-17
         3   3  7.200175E-02 -3.027766E-02 -3.091870E-02 -1.093576E-03  1.949527E-04 -3.367121E-17
         3   4  7.200175E-02 -3.246226E-02 -3.286620E-02 -1.091030E-03  1.945476E-04 -2.774656E-17
         3   5  7.200175E-02 -3.027766E-02 -3.091870E-02  1.093576E-03 -1.949527E-04  3.515232E-17
         3   6  7.200175E-02 -3.246226E-02 -3.286620E-02  1.091030E-03 -1.945476E-04  3.506371E-17
         3   7  7.200175E-02 -3.027766E-02 -3.091870E-02 -1.093576E-03 -1.949527E-04 -2.211961E-17
         3   8  7.200175E-02 -3.246226E-02 -3.286620E-02 -1.091030E-03 -1.945476E-04 -2.008296E-17
         4   1  7.799752E-02 -3.359358E-02 -3.387132E-02  4.547627E-04  8.011843E-05  2.474785E-17
         4   2  7.799752E-02 -3.450266E-02 -3.467216E-02  4.543193E-04  8.004958E-05  2.380017E-17
         4   3  7.799752E-02 -3.359358E-02 -3.387132E-02 -4.547627E-04  8.011843E-05 -2.551519E-17
         4   4  7.799752E-02 -3.450266E-02 -3.467216E-02 -4.543193E-04  8.004958E-05 -2.364164E-17
         4   5  7.799752E-02 -3.359358E-02 -3.387132E-02  4.547627E-04 -8.011843E-05  3.160562E-17
         4   6  7.799752E-02 -3.450266E-02 -3.467216E-02  4.543193E-04 -8.004958E-05  1.985120E-17
         4   7  7.799752E-02 -3.359358E-02 -3.387132E-02 -4.547627E-04 -8.011843E-05 -2.221766E-17
         4   8  7.799752E-02 -3.450266E-02 -3.467216E-02 -4.543193E-04 -8.004958E-05 -2.445224E-17
         5   1  8.050599E-02 -3.497269E-02 -3.508661E-02  1.878173E-04  3.319119E-05  1.792198E-17
         5   2  8.050599E-02 -3.534825E-02 -3.541846E-02  1.877414E-04  3.317934E-05  1.619752E-17
         5   3  8.050599E-02 -3.497269E-02 -3.508661E-02 -1.878173E-04  3.319119E-05 -1.553713E-17
         5   4  8.050599E-02 -3.534825E-02 -3.541846E-02 -1.877414E-04  3.317934E-05 -4.967291E-18
         5   5  8.050599E-02 -3.497269E-02 -3.508661E-02  1.878173E-04 -3.319119E-05  1.473340E-17
         5   6  8.050599E-02 -3.534825E-02 -3.541846E-02  1.877414E-04 -3.317934E-05  1.093316E-17
         5   7  8.050599E-02 -3.497269E-02 -3.508661E-02 -1.878173E-04 -3.319119E-05 -1.956219E-17
         5   8  8.050599E-02 -3.534825E-02 -3.541846E-02 -1.877414E-04 -3.317934E-05 -1.117230E-17
         6   1  8.154607E-02 -3.554211E-02 -3.558974E-02  7.708814E-05  1.361527E-05 -4.657613E-18
         6   2  8.154607E-02 -3.569627E-02 -3.572588E-02  7.707534E-05  1.361328E-05 -2.330812E-17
         6   3  8.154607E-02 -3.554211E-02 -3.558974E-02 -7.708814E-05  1.361527E-05  1.101675E-17
         6   4  8.154607E-02 -3.569627E-02 -3.572588E-02 -7.707534E-05  1.361328E-05  2.633216E-17
         6   5  8.154607E-02 -3.554211E-02 -3.558974E-02  7.708814E-05 -1.361527E-05 -5.819318E-19
         6   6  8.154607E-02 -3.569627E-02 -3.572588E-02  7.707534E-05 -1.361328E-05 -2.050048E-17
         6   7  8.154607E-02 -3.554211E-02 -3.558974E-02 -7.708814E-05 -1.361527E-05  7.986705E-18
         6   8  8.154607E-02 -3.569627E-02 -3.572588E-02 -7.707534E-05 -1.361328E-05  3.283573E-17
         7   1  8.196748E-02 -3.577469E-02 -3.579514E-02  3.005088E-05  5.308639E-06 -2.578277E-17
         7   2  8.196748E-02 -3.583479E-02 -3.584822E-02  3.004893E-05  5.308335E-06  2.750102E-17
         7   3  8.196748E-02 -3.577469E-02 -3.579514E-02 -3.005088E-05  5.308639E-06  1.370671E-17
         7   4  8.196748E-02 -3.583479E-02 -3.584822E-02 -3.004893E-05  5.308335E-06 -3.522888E-17
         7   5  8.196748E-02 -3.577469E-02 -3.579514E-02  3.005088E-05 -5.308639E-06 -6.873964E-18
         7   6  8.196748E-02 -3.583479E-02 -3.584822E-02  3.004893E-05 -5.308335E-06  2.388401E-17
         7   7  8.196748E-02 -3.577469E-02 -3.579514E-02 -3.005088E-05 -5.308639E-06  2.154175E-17
         7   8  8.196748E-02 -3.583479E-02 -3.584822E-02 -3.004893E-05 -5.308335E-06 -4.323332E-17
         8   1  8.211670E-02 -3.586254E-02 -3.587273E-02  7.854075E-06  1.387419E-06  2.403634E-17
         8   2  8.211670E-02 -3.587824E-02 -3.588661E-02  7.853942E-06  1.387398E-06 -4.069133E-17
         8   3  8.211670E-02 -3.586254E-02 -3.587273E-02 -7.854075E-06  1.387419E-06 -2.443294E-17
         8   4  8.211670E-02 -3.587824E-02 -3.588661E-02 -7.853942E-06  1.387398E-06  5.068321E-17
         8   5  8.211670E-02 -3.586254E-02 -3.587273E-02  7.854075E-06 -1.387419E-06  1.797771E-17
         8   6  8.211670E-02 -3.587824E-02 -3.588661E-02  7.853942E-06 -1.387398E-06 -3.435860E-17
         8   7  8.211670E-02 -3.586254E-02 -3.587273E-02 -7.854075E-06 -1.387419E-06 -3.383428E-17
         8   8  8.211670E-02 -3.587824E-02 -3.588661E-02 -7.853942E-06 -1.387398E-06  5.333380E-17

                                INCREMENT     9


 forces (fx,fy,fz) for set RIGHT and time  0.7750000E+00

        33  2.074311E+00 -1.412775E-13 -7.175279E-13
        34  2.074311E+00  1.414455E-13 -7.172764E-13
        35  2.074311E+00  1.423968E-13  7.171052E-13
        36  2.074311E+00 -1.424218E-13  7.171794E-13

 displacements (vx,vy,vz) for set RIGHT and time  0.7750000E+00

        33  1.550000E+00  1.041324E-01  2.083100E-02
        34  1.550000E+00 -1.041324E-01  2.083100E-02
        35  1.550000E+00 -1.041324E-01 -2.083100E-02
        36  1.550000E+00  1.041324E-01 -2.083100E-02

 stresses (elem, integ.pnt.,sxx,syy,szz,sxy,sxz,syz) for set ALL and time  0.7750000E+00

         1   1  6.334917E+00  5.896353E+00  5.888254E+00  8.880028E-02  1.973868E-02  2.560279E-04
         1   2 -3.067793E+00 -3.706668E+00 -3.734839E+00  9.312352E-02  2.069965E-02  2.684927E-04
         1   3  6.334917E+00  5.896353E+00  5.888254E+00 -8.880028E-02  1.973868E-02 -2.560279E-04
         1   4 -3.067793E+00 -3.706668E+00 -3.734839E+00 -9.312352E-02  2.069965E-02 -2.684927E-04
         1   5  6.334917E+00  5.896353E+00  5.888254E+00  8.880028E-02 -1.973868E-02 -2.560279E-04
         1   6 -3.067793E+00 -3.706668E+00 -3.734839E+00  9.312352E-02 -2.069965E-02 -2.684927E-04
         1   7  6.334917E+00  5.896353E+00  5.888254E+00 -8.880028E-02 -1.973868E-02  2.560279E-04
         1   8 -3.067793E+00 -3.706668E+00 -3.734839E+00 -9.312352E-02 -2.069965E-02  2.684927E-04
         2   1  3.731036E+00  2.526356E+00  2.497806E+00  4.438691E-02  7.491071E-03  4.466248E-05
         2   2 -2.314709E-01 -1.543255E+00 -1.559355E+00  4.528787E-02  7.643123E-03  4.556903E-05
         2   3  3.731036E+00  2.526356E+00  2.497806E+00 -4.438691E-02  7.491071E-03 -4.466248E-05
         2   4 -2.314709E-01 -1.543255E+00 -1.559355E+00 -4.528787E-02  7.643123E-03 -4.556903E-05
         2   5  3.731036E+00  2.526356E+00  2.497806E+00  4.438691E-02 -7.491071E-03 -4.466248E-05
         2   6 -2.314709E-01 -1.543255E+00 -1.559355E+00  4.528787E-02 -7.643123E-03 -4.556903E-05
         2   7  3.731036E+00  2.526356E+00  2.497806E+00 -4.438691E-02 -7.491071E-03  4.466248E-05
         2   8 -2.314709E-01 -1.543255E+00 -1.559355E+00 -4.528787E-02 -7.643123E-03  4.556903E-05
         3   1  2.614484E+00  1.060323E+00  1.050636E+00  1.836644E-02  3.274419E-03  7.797565E-06
         3   2  9.574772E-01 -6.428739E-01 -6.490341E-01  1.852164E-02  3.302089E-03  7.863455E-06
         3   3  2.614484E+00  1.060323E+00  1.050636E+00 -1.836644E-02  3.274419E-03 -7.797565E-06
         3   4  9.574772E-01 -6.428739E-01 -6.490341E-01 -1.852164E-02  3.302089E-03 -7.863455E-06
         3   5  2.614484E+00  1.060323E+00  1.050636E+00  1.836644E-02 -3.274419E-03 -7.797565E-06
         3   6  9.574772E-01 -6.428739E-01 -6.490341E-01  1.852164E-02 -3.302089E-03 -7.863455E-06
         3   7  2.614484E+00  1.060323E+00  1.050636E+00 -1.836644E-02 -3.274419E-03  7.797565E-06
         3   8  9.574772E-01 -6.428739E-01 -6.490341E-01 -1.852164E-02 -3.302089E-03  7.863455E-06
         4   1  2.143272E+00  4.418513E-01  4.376663E-01  7.726359E-03  1.361442E-03  1.343875E-06
         4   2  1.454378E+00 -2.667197E-01 -2.692850E-01  7.753452E-03  1.366216E-03  1.348587E-06
         4   3  2.143272E+00  4.418513E-01  4.376663E-01 -7.726359E-03  1.361442E-03 -1.343875E-06
         4   4  1.454378E+00 -2.667197E-01 -2.692850E-01 -7.753452E-03  1.366216E-03 -1.348587E-06
         4   5  2.143272E+00  4.418513E-01  4.376663E-01  7.726359E-03 -1.361442E-03 -1.343875E-06
         4   6  1.454378E+00 -2.667197E-01 -2.692850E-01  7.753452E-03 -1.366216E-03 -1.348587E-06
         4   7  2.143272E+00  4.418513E-01  4.376663E-01 -7.726359E-03 -1.361442E-03  1.343875E-06
         4   8  1.454378E+00 -2.667197E-01 -2.692850E-01 -7.753452E-03 -1.366216E-03  1.348587E-06
         5   1  1.946476E+00  1.833417E-01  1.816256E-01  3.205477E-03  5.664072E-04  2.305365E-07
         5   2  1.661046E+00 -1.103028E-01 -1.113620E-01  3.210131E-03  5.672295E-04  2.308712E-07
         5   3  1.946476E+00  1.833417E-01  1.816256E-01 -3.205477E-03  5.664072E-04 -2.305365E-07
         5   4  1.661046E+00 -1.103028E-01 -1.113620E-01 -3.210131E-03  5.672295E-04 -2.308712E-07
         5   5  1.946476E+00  1.833417E-01  1.816256E-01  3.205477E-03 -5.664072E-04 -2.305365E-07
         5   6  1.661046E+00 -1.103028E-01 -1.113620E-01  3.210131E-03 -5.672295E-04 -2.308712E-07
         5   7  1.946476E+00  1.833417E-01  1.816256E-01 -3.205477E-03 -5.664072E-04  2.305365E-07
         5   8  1.661046E+00 -1.103028E-01 -1.113620E-01 -3.210131E-03 -5.672295E-04  2.308712E-07
         6   1  1.864311E+00  7.558935E-02  7.487251E-02  1.317544E-03  2.326674E-04  3.882536E-08
         6   2  1.747152E+00 -4.495359E-02 -4.539938E-02  1.318329E-03  2.328061E-04  3.884849E-08
         6   3  1.864311E+00  7.558935E-02  7.487251E-02 -1.317544E-03  2.326674E-04 -3.882536E-08
         6   4  1.747152E+00 -4.495359E-02 -4.539938E-02 -1.318329E-03  2.328061E-04 -3.884849E-08
         6   5  1.864311E+00  7.558935E-02  7.487251E-02  1.317544E-03 -2.326674E-04 -3.882536E-08
         6   6  1.747152E+00 -4.495359E-02 -4.539938E-02  1.318329E-03 -2.328061E-04 -3.884849E-08
         6   7  1.864311E+00  7.558935E-02  7.487251E-02 -1.317544E-03 -2.326674E-04  3.882536E-08
         6   8  1.747152E+00 -4.495359E-02 -4.539938E-02 -1.318329E-03 -2.328061E-04  3.884849E-08
         7   1  1.829350E+00  3.021693E-02  2.990944E-02  5.137458E-04  9.073823E-05  5.897976E-09
         7   2  1.783684E+00 -1.677030E-02 -1.697227E-02  5.138650E-04  9.075930E-05  5.899345E-09
         7   3  1.829350E+00  3.021693E-02  2.990944E-02 -5.137458E-04  9.073823E-05 -5.897976E-09
         7   4  1.783684E+00 -1.677030E-02 -1.697227E-02 -5.138650E-04  9.075930E-05 -5.899345E-09
         7   5  1.829350E+00  3.021693E-02  2.990944E-02  5.137458E-04 -9.073823E-05 -5.897977E-09
         7   6  1.783684E+00 -1.677030E-02 -1.697227E-02  5.138650E-04 -9.075930E-05 -5.899346E-09
         7   7  1.829350E+00  3.021693E-02  2.990944E-02 -5.137458E-04 -9.073823E-05  5.897977E-09
         7   8  1.783684E+00 -1.677030E-02 -1.697227E-02 -5.138650E-04 -9.075930E-05  5.899346E-09
         8   1  1.812760E+00  9.819236E-03  9.666065E-03  1.342649E-04  2.371304E-05  4.026661E-10
         8   2  1.800827E+00 -2.458376E-03 -2.583963E-03  1.342730E-04  2.371448E-05  4.026909E-10
         8   3  1.812760E+00  9.819236E-03  9.666065E-03 -1.342649E-04  2.371304E-05 -4.026663E-10
         8   4  1.800827E+00 -2.458376E-03 -2.583963E-03 -1.342730E-04  2.371448E-05 -4.026909E-10
         8   5  1.812760E+00  9.819236E-03  9.666065E-03  1.342649E-04 -2.371304E-05 -4.026672E-10
         8   6  1.800827E+00 -2.458376E-03 -2.583963E-03  1.342730E-04 -2.371448E-05 -4.026913E-10
         8   7  1.812760E+00  9.819236E-03  9.666065E-03 -1.342649E-04 -2.371304E-05  4.026671E-10
         8   8  1.800827E+00 -2.458376E-03 -2.583963E-03 -1.342730E-04 -2.371448E-05  4.026914E-10

 strains (elem, integ.pnt.,exx,eyy,ezz,exy,exz,eyz) for set ALL and time  0.7750000E+00

         1   1  2.920545E-02 -4.872003E-03 -5.413309E-03  6.638988E-03  1.474919E-03  3.999580E-18
         1   2  2.920545E-02 -1.806096E-02 -2.005253E-02  6.549968E-03  1.452927E-03  1.627149E-17
         1   3  2.920545E-02 -4.872003E-03 -5.413309E-03 -6.638988E-03  1.474919E-03 -5.063239E-18
         1   4  2.920545E-02 -1.806096E-02 -2.005253E-02 -6.549968E-03  1.452927E-03 -1.949371E-17
         1   5  2.920545E-02 -4.872003E-03 -5.413309E-03  6.638988E-03 -1.474919E-03  3.265095E-18
         1   6  2.920545E-02 -1.806096E-02 -2.005253E-02  6.549968E-03 -1.452927E-03  1.268643E-17
         1   7  2.920545E-02 -4.872003E-03 -5.413309E-03 -6.638988E-03 -1.474919E-03 -6.013505E-18
         1   8  2.920545E-02 -1.806096E-02 -2.005253E-02 -6.549968E-03 -1.452927E-03 -2.307876E-17
         2   1  6.661260E-02 -2.511062E-02 -2.726390E-02  3.092647E-03  5.207538E-04  1.936740E-17
         2   2  6.661260E-02 -3.127577E-02 -3.245709E-02  3.072506E-03  5.178856E-04  6.838667E-18
         2   3  6.661260E-02 -2.511062E-02 -2.726390E-02 -3.092647E-03  5.207538E-04 -1.877658E-17
         2   4  6.661260E-02 -3.127577E-02 -3.245709E-02 -3.072506E-03  5.178856E-04  2.639950E-18
         2   5  6.661260E-02 -2.511062E-02 -2.726390E-02  3.092647E-03 -5.207538E-04  8.913275E-18
         2   6  6.661260E-02 -3.127577E-02 -3.245709E-02  3.072506E-03 -5.178856E-04  5.746693E-18
         2   7  6.661260E-02 -2.511062E-02 -2.726390E-02 -3.092647E-03 -5.207538E-04 -2.141215E-17
         2   8  6.661260E-02 -3.127577E-02 -3.245709E-02 -3.072506E-03 -5.178856E-04 -6.044647E-19
         3   1  8.306899E-02 -3.443102E-02 -3.516013E-02  1.240725E-03  2.210265E-04 -1.626114E-18
         3   2  8.306899E-02 -3.690916E-02 -3.736777E-02  1.237418E-03  2.205010E-04 -8.612136E-18
         3   3  8.306899E-02 -3.443102E-02 -3.516013E-02 -1.240725E-03  2.210265E-04  4.441718E-18
         3   4  8.306899E-02 -3.690916E-02 -3.736777E-02 -1.237418E-03  2.205010E-04  4.991305E-18
         3   5  8.306899E-02 -3.443102E-02 -3.516013E-02  1.240725E-03 -2.210265E-04  2.085665E-18
         3   6  8.306899E-02 -3.690916E-02 -3.736777E-02  1.237418E-03 -2.205010E-04 -7.438149E-18
         3   7  8.306899E-02 -3.443102E-02 -3.516013E-02 -1.240725E-03 -2.210265E-04  3.759594E-18
         3   8  8.306899E-02 -3.690916E-02 -3.736777E-02 -1.237418E-03 -2.205010E-04  1.117880E-18
         4   1  9.007219E-02 -3.819186E-02 -3.850679E-02  5.152793E-04  9.076511E-05 -1.688159E-17
         4   2  9.007219E-02 -3.922184E-02 -3.941399E-02  5.147043E-04  9.067586E-05 -2.035544E-17
         4   3  9.007219E-02 -3.819186E-02 -3.850679E-02 -5.152793E-04  9.076511E-05  4.791431E-18
         4   4  9.007219E-02 -3.922184E-02 -3.941399E-02 -5.147043E-04  9.067586E-05  4.207663E-18
         4   5  9.007219E-02 -3.819186E-02 -3.850679E-02  5.152793E-04 -9.076511E-05 -6.411065E-18
         4   6  9.007219E-02 -3.922184E-02 -3.941399E-02  5.147043E-04 -9.067586E-05 -1.440065E-17
         4   7  9.007219E-02 -3.819186E-02 -3.850679E-02 -5.152793E-04 -9.076511E-05 -1.617923E-18
         4   8  9.007219E-02 -3.922184E-02 -3.941399E-02 -5.147043E-04 -9.067586E-05  1.437772E-17
         5   1  9.300411E-02 -3.975423E-02 -3.988335E-02  2.126349E-04  3.756728E-05 -1.901994E-17
         5   2  9.300411E-02 -4.017940E-02 -4.025894E-02  2.125367E-04  3.755194E-05  2.462197E-17
         5   3  9.300411E-02 -3.975423E-02 -3.988335E-02 -2.126349E-04  3.756728E-05 -9.033940E-18
         5   4  9.300411E-02 -4.017940E-02 -4.025894E-02 -2.125367E-04  3.755194E-05 -1.547250E-17
         5   5  9.300411E-02 -3.975423E-02 -3.988335E-02  2.126349E-04 -3.756728E-05 -8.203992E-18
         5   6  9.300411E-02 -4.017940E-02 -4.025894E-02  2.125367E-04 -3.755194E-05  9.013585E-18
         5   7  9.300411E-02 -3.975423E-02 -3.988335E-02 -2.126349E-04 -3.756728E-05  6.775003E-18
         5   8  9.300411E-02 -4.017940E-02 -4.025894E-02 -2.125367E-04 -3.755194E-05 -2.649309E-17
         6   1  9.421958E-02 -4.039881E-02 -4.045275E-02  8.720551E-05  1.539887E-05  1.667910E-17
         6   2  9.421958E-02 -4.057321E-02 -4.060672E-02  8.718896E-05  1.539629E-05 -2.409549E-17
         6   3  9.421958E-02 -4.039881E-02 -4.045275E-02 -8.720551E-05  1.539887E-05  3.373761E-18
         6   4  9.421958E-02 -4.057321E-02 -4.060672E-02 -8.718896E-05  1.539629E-05  2.103532E-17
         6   5  9.421958E-02 -4.039881E-02 -4.045275E-02  8.720551E-05 -1.539887E-05  1.918966E-18
         6   6  9.421958E-02 -4.057321E-02 -4.060672E-02  8.718896E-05 -1.539629E-05 -1.867853E-17
         6   7  9.421958E-02 -4.039881E-02 -4.045275E-02 -8.720551E-05 -1.539887E-05 -1.803904E-17
         6   8  9.421958E-02 -4.057321E-02 -4.060672E-02 -8.718896E-05 -1.539629E-05  3.063540E-17
         7   1  9.471184E-02 -4.066190E-02 -4.068504E-02  3.397287E-05  6.000167E-06 -4.700291E-17
         7   2  9.471184E-02 -4.072985E-02 -4.074504E-02  3.397036E-05  5.999775E-06 -4.317404E-17
         7   3  9.471184E-02 -4.066190E-02 -4.068504E-02 -3.397287E-05  6.000167E-06  3.426111E-17
         7   4  9.471184E-02 -4.072985E-02 -4.074504E-02 -3.397036E-05  5.999775E-06  3.739556E-17
         7   5  9.471184E-02 -4.066190E-02 -4.068504E-02  3.397287E-05 -6.000167E-06 -3.759859E-17
         7   6  9.471184E-02 -4.072985E-02 -4.074504E-02  3.397036E-05 -5.999775E-06 -3.604323E-17
         7   7  9.471184E-02 -4.066190E-02 -4.068504E-02 -3.397287E-05 -6.000167E-06  4.553595E-17
         7   8  9.471184E-02 -4.072985E-02 -4.074504E-02 -3.397036E-05 -5.999775E-06  2.874496E-17
         8   1  9.488607E-02 -4.076121E-02 -4.077274E-02  8.875536E-06  1.567523E-06 -4.217574E-17
         8   2  9.488607E-02 -4.077896E-02 -4.078841E-02  8.875365E-06  1.567496E-06 -1.800620E-17
         8   3  9.488607E-02 -4.076121E-02 -4.077274E-02 -8.875536E-06  1.567523E-06  2.931224E-17
         8   4  9.488607E-02 -4.077896E-02 -4.078841E-02 -8.875365E-06  1.567496E-06  1.610059E-17
         8   5  9.488607E-02 -4.076121E-02 -4.077274E-02  8.875536E-06 -1.567523E-06 -3.781166E-17
         8   6  9.488607E-02 -4.077896E-02 -4.078841E-02  8.875365E-06 -1.567496E-06 -1.474622E-17
         8   7  9.488607E-02 -4.076121E-02 -4.077274E-02 -8.875536E-06 -1.567523E-06  3.035129E-17
         8   8  9.488607E-02 -4.077896E-02 -4.078841E-02 -8.875365E-06 -1.567496E-06  2.094513E-17

                                INCREMENT    10


 forces (fx,fy,fz) for set RIGHT and time  0.8750000E+00

        33  2.319886E+00 -1.627694E-13 -8.302859E-13
        34  2.319886E+00  1.629381E-13 -8.326099E-13
        35  2.319886E+00  1.657351E-13  8.313373E-13
        36  2.319886E+00 -1.663483E-13  8.288444E-13

 displacements (vx,vy,vz) for set RIGHT and time  0.8750000E+00

        33  1.750000E+00  1.166941E-01  2.334389E-02
        34  1.750000E+00 -1.166941E-01  2.334389E-02
        35  1.750000E+00 -1.166941E-01 -2.334389E-02
        36  1.750000E+00  1.166941E-01 -2.334389E-02

 stresses (elem, integ.pnt.,sxx,syy,szz,sxy,sxz,syz) for set ALL and time  0.8750000E+00

         1   1  7.101806E+00  6.610893E+00  6.601726E+00  9.952846E-02  2.211692E-02  3.204991E-04
         1   2 -3.455597E+00 -4.174199E+00 -4.205847E+00  1.049837E-01  2.332918E-02  3.380661E-04
         1   3  7.101806E+00  6.610893E+00  6.601726E+00 -9.952846E-02  2.211692E-02 -3.204991E-04
         1   4 -3.455597E+00 -4.174199E+00 -4.205847E+00 -1.049837E-01  2.332918E-02 -3.380661E-04
         1   5  7.101806E+00  6.610893E+00  6.601726E+00  9.952846E-02 -2.211692E-02 -3.204991E-04
         1   6 -3.455597E+00 -4.174199E+00 -4.205847E+00  1.049837E-01 -2.332918E-02 -3.380661E-04
         1   7  7.101806E+00  6.610893E+00  6.601726E+00 -9.952846E-02 -2.211692E-02  3.204991E-04
         1   8 -3.455597E+00 -4.174199E+00 -4.205847E+00 -1.049837E-01 -2.332918E-02  3.380661E-04
         2   1  4.198136E+00  2.841351E+00  2.809550E+00  5.001917E-02  8.449364E-03  5.600345E-05
         2   2 -2.587053E-01 -1.738838E+00 -1.756864E+00  5.116267E-02  8.642528E-03  5.728376E-05
         2   3  4.198136E+00  2.841351E+00  2.809550E+00 -5.001917E-02  8.449364E-03 -5.600345E-05
         2   4 -2.587053E-01 -1.738838E+00 -1.756864E+00 -5.116267E-02  8.642528E-03 -5.728376E-05
         2   5  4.198136E+00  2.841351E+00  2.809550E+00  5.001917E-02 -8.449364E-03 -5.600345E-05
         2   6 -2.587053E-01 -1.738838E+00 -1.756864E+00  5.116267E-02 -8.642528E-03 -5.728376E-05
         2   7  4.198136E+00  2.841351E+00  2.809550E+00 -5.001917E-02 -8.449364E-03  5.600345E-05
         2   8 -2.587053E-01 -1.738838E+00 -1.756864E+00 -5.116267E-02 -8.642528E-03  5.728376E-05
         3   1  2.947749E+00  1.193675E+00  1.182845E+00  2.075648E-02  3.698202E-03  9.775382E-06
         3   2  1.083475E+00 -7.241645E-01 -7.310489E-01  2.095398E-02  3.733390E-03  9.868394E-06
         3   3  2.947749E+00  1.193675E+00  1.182845E+00 -2.075648E-02  3.698202E-03 -9.775382E-06
         3   4  1.083475E+00 -7.241645E-01 -7.310489E-01 -2.095398E-02  3.733390E-03 -9.868394E-06
         3   5  2.947749E+00  1.193675E+00  1.182845E+00  2.075648E-02 -3.698202E-03 -9.775382E-06
         3   6  1.083475E+00 -7.241645E-01 -7.310489E-01  2.095398E-02 -3.733390E-03 -9.868394E-06
         3   7  2.947749E+00  1.193675E+00  1.182845E+00 -2.075648E-02 -3.698202E-03  9.775382E-06
         3   8  1.083475E+00 -7.241645E-01 -7.310489E-01 -2.095398E-02 -3.733390E-03  9.868394E-06
         4   1  2.419324E+00  4.973758E-01  4.927112E-01  8.733721E-03  1.538710E-03  1.683161E-06
         4   2  1.644529E+00 -3.002742E-01 -3.031342E-01  8.768186E-03  1.544782E-03  1.689803E-06
         4   3  2.419324E+00  4.973758E-01  4.927112E-01 -8.733721E-03  1.538710E-03 -1.683161E-06
         4   4  1.644529E+00 -3.002742E-01 -3.031342E-01 -8.768186E-03  1.544782E-03 -1.689803E-06
         4   5  2.419324E+00  4.973758E-01  4.927112E-01  8.733721E-03 -1.538710E-03 -1.683161E-06
         4   6  1.644529E+00 -3.002742E-01 -3.031342E-01  8.768186E-03 -1.544782E-03 -1.689803E-06
         4   7  2.419324E+00  4.973758E-01  4.927112E-01 -8.733721E-03 -1.538710E-03  1.683161E-06
         4   8  1.644529E+00 -3.002742E-01 -3.031342E-01 -8.768186E-03 -1.544782E-03  1.689803E-06
         5   1  2.198606E+00  2.062715E-01  2.043598E-01  3.622472E-03  6.399179E-04  2.883359E-07
         5   2  1.877791E+00 -1.240882E-01 -1.252678E-01  3.628386E-03  6.409626E-04  2.888066E-07
         5   3  2.198606E+00  2.062715E-01  2.043598E-01 -3.622472E-03  6.399179E-04 -2.883359E-07
         5   4  1.877791E+00 -1.240882E-01 -1.252678E-01 -3.628386E-03  6.409626E-04 -2.888066E-07
         5   5  2.198606E+00  2.062715E-01  2.043598E-01  3.622472E-03 -6.399179E-04 -2.883359E-07
         5   6  1.877791E+00 -1.240882E-01 -1.252678E-01  3.628386E-03 -6.409626E-04 -2.888066E-07
         5   7  2.198606E+00  2.062715E-01  2.043598E-01 -3.622472E-03 -6.399179E-04  2.883359E-07
         5   8  1.877791E+00 -1.240882E-01 -1.252678E-01 -3.628386E-03 -6.409626E-04  2.888066E-07
         6   1  2.106495E+00  8.498321E-02  8.418551E-02  1.488030E-03  2.627109E-04  4.848624E-08
         6   2  1.974909E+00 -5.053385E-02 -5.102973E-02  1.489026E-03  2.628868E-04  4.851869E-08
         6   3  2.106495E+00  8.498321E-02  8.418551E-02 -1.488030E-03  2.627109E-04 -4.848624E-08
         6   4  1.974909E+00 -5.053385E-02 -5.102973E-02 -1.489026E-03  2.628868E-04 -4.851869E-08
         6   5  2.106495E+00  8.498321E-02  8.418551E-02  1.488030E-03 -2.627109E-04 -4.848624E-08
         6   6  1.974909E+00 -5.053385E-02 -5.102973E-02  1.489026E-03 -2.628868E-04 -4.851870E-08
         6   7  2.106495E+00  8.498321E-02  8.418551E-02 -1.488030E-03 -2.627109E-04  4.848624E-08
         6   8  1.974909E+00 -5.053385E-02 -5.102973E-02 -1.489026E-03 -2.628868E-04  4.851870E-08
         7   1  2.067327E+00  3.394784E-02  3.360599E-02  5.798606E-04  1.023903E-04  7.355384E-09
         7   2  2.016072E+00 -1.884047E-02 -1.906489E-02  5.800117E-04  1.024170E-04  7.357302E-09
         7   3  2.067327E+00  3.394784E-02  3.360599E-02 -5.798606E-04  1.023903E-04 -7.355384E-09
         7   4  2.016072E+00 -1.884047E-02 -1.906489E-02 -5.800117E-04  1.024170E-04 -7.357302E-09
         7   5  2.067327E+00  3.394784E-02  3.360599E-02  5.798606E-04 -1.023903E-04 -7.355385E-09
         7   6  2.016072E+00 -1.884047E-02 -1.906489E-02  5.800117E-04 -1.024170E-04 -7.357302E-09
         7   7  2.067327E+00  3.394784E-02  3.360599E-02 -5.798606E-04 -1.023903E-04  7.355385E-09
         7   8  2.016072E+00 -1.884047E-02 -1.906489E-02 -5.800117E-04 -1.024170E-04  7.357302E-09
         8   1  2.048743E+00  1.102498E-02  1.085487E-02  1.514805E-04  2.674703E-05  5.017247E-10
         8   2  2.035357E+00 -2.762412E-03 -2.901844E-03  1.514908E-04  2.674885E-05  5.017584E-10
         8   3  2.048743E+00  1.102498E-02  1.085487E-02 -1.514805E-04  2.674703E-05 -5.017248E-10
         8   4  2.035357E+00 -2.762412E-03 -2.901844E-03 -1.514908E-04  2.674885E-05 -5.017586E-10
         8   5  2.048743E+00  1.102498E-02  1.085487E-02  1.514805E-04 -2.674703E-05 -5.017254E-10
         8   6  2.035357E+00 -2.762412E-03 -2.901844E-03  1.514908E-04 -2.674885E-05 -5.017599E-10
         8   7  2.048743E+00  1.102498E-02  1.085487E-02 -1.514805E-04 -2.674703E-05  5.017253E-10
         8   8  2.035357E+00 -2.762412E-03 -2.901844E-03 -1.514908E-04 -2.674885E-05  5.017601E-10

 strains (elem, integ.pnt.,exx,eyy,ezz,exy,exz,eyz) for set ALL and time  0.8750000E+00

         1   1  3.284662E-02 -5.459981E-03 -6.064655E-03  7.438000E-03  1.651840E-03  8.024042E-18
         1   2  3.284662E-02 -2.022411E-02 -2.244495E-02  7.326131E-03  1.624219E-03  2.492936E-17
         1   3  3.284662E-02 -5.459981E-03 -6.064655E-03 -7.438000E-03  1.651840E-03 -1.138475E-17
         1   4  3.284662E-02 -2.022411E-02 -2.244495E-02 -7.326131E-03  1.624219E-03 -4.134248E-17
         1   5  3.284662E-02 -5.459981E-03 -6.064655E-03  7.438000E-03 -1.651840E-03  9.680995E-18
         1   6  3.284662E-02 -2.022411E-02 -2.244495E-02  7.326131E-03 -1.624219E-03  3.035975E-17
         1   7  3.284662E-02 -5.459981E-03 -6.064655E-03 -7.438000E-03 -1.651840E-03 -9.943450E-18
         1   8  3.284662E-02 -2.022411E-02 -2.244495E-02 -7.326131E-03 -1.624219E-03 -3.580614E-17
         2   1  7.539248E-02 -2.810390E-02 -3.050391E-02  3.453713E-03  5.819244E-04  1.672038E-17
         2   2  7.539248E-02 -3.498605E-02 -3.630512E-02  3.428436E-03  5.783180E-04 -2.898761E-17
         2   3  7.539248E-02 -2.810390E-02 -3.050391E-02 -3.453713E-03  5.819244E-04 -3.236246E-17
         2   4  7.539248E-02 -3.498605E-02 -3.630512E-02 -3.428436E-03  5.783180E-04  2.580061E-17
         2   5  7.539248E-02 -2.810390E-02 -3.050391E-02  3.453713E-03 -5.819244E-04  2.178528E-17
         2   6  7.539248E-02 -3.498605E-02 -3.630512E-02  3.428436E-03 -5.783180E-04 -2.574231E-17
         2   7  7.539248E-02 -2.810390E-02 -3.050391E-02 -3.453713E-03 -5.819244E-04 -2.550723E-17
         2   8  7.539248E-02 -3.498605E-02 -3.630512E-02 -3.428436E-03 -5.783180E-04  2.648401E-17
         3   1  9.424033E-02 -3.850633E-02 -3.932186E-02  1.384221E-03  2.464100E-04 -4.426465E-17
         3   2  9.424033E-02 -4.127062E-02 -4.178266E-02  1.380069E-03  2.457510E-04 -3.086621E-17
         3   3  9.424033E-02 -3.850633E-02 -3.932186E-02 -1.384221E-03  2.464100E-04  3.765831E-17
         3   4  9.424033E-02 -4.127062E-02 -4.178266E-02 -1.380069E-03  2.457510E-04  4.851380E-17
         3   5  9.424033E-02 -3.850633E-02 -3.932186E-02  1.384221E-03 -2.464100E-04 -4.280767E-17
         3   6  9.424033E-02 -4.127062E-02 -4.178266E-02  1.380069E-03 -2.457510E-04 -4.259393E-17
         3   7  9.424033E-02 -3.850633E-02 -3.932186E-02 -1.384221E-03 -2.464100E-04  4.906278E-17
         3   8  9.424033E-02 -4.127062E-02 -4.178266E-02 -1.380069E-03 -2.457510E-04  3.425454E-17
         4   1  1.022814E-01 -4.270069E-02 -4.305187E-02  5.740748E-04  1.011019E-04 -4.076572E-17
         4   2  1.022814E-01 -4.384812E-02 -4.406232E-02  5.733541E-04  1.009900E-04 -6.629676E-17
         4   3  1.022814E-01 -4.270069E-02 -4.305187E-02 -5.740748E-04  1.011019E-04  5.877408E-17
         4   4  1.022814E-01 -4.384812E-02 -4.406232E-02 -5.733541E-04  1.009900E-04  5.460620E-17
         4   5  1.022814E-01 -4.270069E-02 -4.305187E-02  5.740748E-04 -1.011019E-04 -5.538192E-17
         4   6  1.022814E-01 -4.384812E-02 -4.406232E-02  5.733541E-04 -1.009900E-04 -5.506325E-17
         4   7  1.022814E-01 -4.270069E-02 -4.305187E-02 -5.740748E-04 -1.011019E-04  4.270618E-17
         4   8  1.022814E-01 -4.384812E-02 -4.406232E-02 -5.733541E-04 -1.009900E-04  7.531510E-17
         5   1  1.056497E-01 -4.444103E-02 -4.458492E-02  2.366778E-04  4.180306E-05 -6.677887E-17
         5   2  1.056497E-01 -4.491426E-02 -4.500286E-02  2.365548E-04  4.178388E-05 -3.279896E-17
         5   3  1.056497E-01 -4.444103E-02 -4.458492E-02 -2.366778E-04  4.180306E-05  4.747387E-17
         5   4  1.056497E-01 -4.491426E-02 -4.500286E-02 -2.365548E-04  4.178388E-05  4.357560E-17
         5   5  1.056497E-01 -4.444103E-02 -4.458492E-02  2.366778E-04 -4.180306E-05 -5.927783E-17
         5   6  1.056497E-01 -4.491426E-02 -4.500286E-02  2.365548E-04 -4.178388E-05 -4.137103E-17
         5   7  1.056497E-01 -4.444103E-02 -4.458492E-02 -2.366778E-04 -4.180306E-05  5.994242E-17
         5   8  1.056497E-01 -4.491426E-02 -4.500286E-02 -2.365548E-04 -4.178388E-05  4.458433E-17
         6   1  1.070457E-01 -4.515841E-02 -4.521845E-02  9.697976E-05  1.712060E-05 -4.211956E-17
         6   2  1.070457E-01 -4.535235E-02 -4.538964E-02  9.695908E-05  1.711737E-05 -3.536463E-17
         6   3  1.070457E-01 -4.515841E-02 -4.521845E-02 -9.697976E-05  1.712060E-05  4.722520E-17
         6   4  1.070457E-01 -4.535235E-02 -4.538964E-02 -9.695908E-05  1.711737E-05  5.262998E-17
         6   5  1.070457E-01 -4.515841E-02 -4.521845E-02  9.697976E-05 -1.712060E-05 -5.318363E-17
         6   6  1.070457E-01 -4.535235E-02 -4.538964E-02  9.695908E-05 -1.711737E-05 -5.703639E-17
         6   7  1.070457E-01 -4.515841E-02 -4.521845E-02 -9.697976E-05 -1.712060E-05  3.140434E-17
         6   8  1.070457E-01 -4.535235E-02 -4.538964E-02 -9.695908E-05 -1.711737E-05  4.681509E-17
         7   1  1.076108E-01 -4.545096E-02 -4.547669E-02  3.775283E-05  6.666112E-06 -3.319640E-17
         7   2  1.076108E-01 -4.552647E-02 -4.554335E-02  3.774970E-05  6.665623E-06 -2.816252E-17
         7   3  1.076108E-01 -4.545096E-02 -4.547669E-02 -3.775283E-05  6.666112E-06  4.971037E-17
         7   4  1.076108E-01 -4.552647E-02 -4.554335E-02 -3.774970E-05  6.665623E-06  1.383009E-17
         7   5  1.076108E-01 -4.545096E-02 -4.547669E-02  3.775283E-05 -6.666112E-06 -5.252717E-17
         7   6  1.076108E-01 -4.552647E-02 -4.554335E-02  3.774970E-05 -6.665623E-06 -2.373062E-17
         7   7  1.076108E-01 -4.545096E-02 -4.547669E-02 -3.775283E-05 -6.666112E-06  3.678886E-17
         7   8  1.076108E-01 -4.552647E-02 -4.554335E-02 -3.774970E-05 -6.665623E-06  6.762480E-18
         8   1  1.078107E-01 -4.556132E-02 -4.557412E-02  9.858527E-06  1.740704E-06 -2.915445E-17
         8   2  1.078107E-01 -4.558103E-02 -4.559153E-02  9.858313E-06  1.740670E-06 -6.319745E-17
         8   3  1.078107E-01 -4.556132E-02 -4.557412E-02 -9.858527E-06  1.740704E-06  1.880574E-17
         8   4  1.078107E-01 -4.558103E-02 -4.559153E-02 -9.858313E-06  1.740670E-06  5.224301E-17
         8   5  1.078107E-01 -4.556132E-02 -4.557412E-02  9.858527E-06 -1.740704E-06 -2.626032E-17
         8   6  1.078107E-01 -4.558103E-02 -4.559153E-02  9.858313E-06 -1.740670E-06 -5.230594E-17
         8   7  1.078107E-01 -4.556132E-02 -4.557412E-02 -9.858527E-06 -1.740704E-06  1.343088E-17
         8   8  1.078107E-01 -4.558103E-02 -4.559153E-02 -9.858313E-06 -1.740670E-06  6.402600E-17

                                INCREMENT    11


 forces (fx,fy,fz) for set RIGHT and time  0.9750000E+00

        33  2.561023E+00 -8.855883E-14 -4.291787E-13
        34  2.561023E+00  8.833711E-14 -4.592978E-13
        35  2.561023E+00  8.674278E-14  4.583011E-13
        36  2.561023E+00 -8.717324E-14  4.289725E-13

 displacements (vx,vy,vz) for set RIGHT and time  0.9750000E+00

        33  1.950000E+00  1.290693E-01  2.581943E-02
        34  1.950000E+00 -1.290693E-01  2.581943E-02
        35  1.950000E+00 -1.290693E-01 -2.581943E-02
        36  1.950000E+00  1.290693E-01 -2.581943E-02

 stresses (elem, integ.pnt.,sxx,syy,szz,sxy,sxz,syz) for set ALL and time  0.9750000E+00

         1   1  7.858301E+00  7.315896E+00  7.305657E+00  1.101072E-01  2.446090E-02  3.908968E-04
         1   2 -3.841649E+00 -4.639434E+00 -4.674529E+00  1.168133E-01  2.595071E-02  4.147047E-04
         1   3  7.858301E+00  7.315896E+00  7.305657E+00 -1.101072E-01  2.446090E-02 -3.908968E-04
         1   4 -3.841649E+00 -4.639434E+00 -4.674529E+00 -1.168133E-01  2.595071E-02 -4.147047E-04
         1   5  7.858301E+00  7.315896E+00  7.305657E+00  1.101072E-01 -2.446090E-02 -3.908968E-04
         1   6 -3.841649E+00 -4.639434E+00 -4.674529E+00  1.168133E-01 -2.595071E-02 -4.147047E-04
         1   7  7.858301E+00  7.315896E+00  7.305657E+00 -1.101072E-01 -2.446090E-02  3.908968E-04
         1   8 -3.841649E+00 -4.639434E+00 -4.674529E+00 -1.168133E-01 -2.595071E-02  4.147047E-04
         2   1  4.662145E+00  3.153890E+00  3.118924E+00  5.562892E-02  9.405109E-03  6.840558E-05
         2   2 -2.851356E-01 -1.933519E+00 -1.953441E+00  5.704254E-02  9.644107E-03  7.014387E-05
         2   3  4.662145E+00  3.153890E+00  3.118924E+00 -5.562892E-02  9.405109E-03 -6.840558E-05
         2   4 -2.851356E-01 -1.933519E+00 -1.953441E+00 -5.704254E-02  9.644107E-03 -7.014387E-05
         2   5  4.662145E+00  3.153890E+00  3.118924E+00  5.562892E-02 -9.405109E-03 -6.840558E-05
         2   6 -2.851356E-01 -1.933519E+00 -1.953441E+00  5.704254E-02 -9.644107E-03 -7.014387E-05
         2   7  4.662145E+00  3.153890E+00  3.118924E+00 -5.562892E-02 -9.405109E-03  6.840558E-05
         2   8 -2.851356E-01 -1.933519E+00 -1.953441E+00 -5.704254E-02 -9.644107E-03  7.014387E-05
         3   1  3.280113E+00  1.326139E+00  1.314189E+00  2.314793E-02  4.121660E-03  1.193548E-05
         3   2  1.210263E+00 -8.049688E-01 -8.125624E-01  2.339267E-02  4.165237E-03  1.206167E-05
         3   3  3.280113E+00  1.326139E+00  1.314189E+00 -2.314793E-02  4.121660E-03 -1.193548E-05
         3   4  1.210263E+00 -8.049688E-01 -8.125624E-01 -2.339267E-02  4.165237E-03 -1.206167E-05
         3   5  3.280113E+00  1.326139E+00  1.314189E+00  2.314793E-02 -4.121660E-03 -1.193548E-05
         3   6  1.210263E+00 -8.049688E-01 -8.125624E-01  2.339267E-02 -4.165237E-03 -1.206167E-05
         3   7  3.280113E+00  1.326139E+00  1.314189E+00 -2.314793E-02 -4.121660E-03  1.193548E-05
         3   8  1.210263E+00 -8.049688E-01 -8.125624E-01 -2.339267E-02 -4.165237E-03  1.206167E-05
         4   1  2.695296E+00  5.524678E-01  5.473362E-01  9.741222E-03  1.715892E-03  2.052770E-06
         4   2  1.835447E+00 -3.335561E-01 -3.367032E-01  9.783907E-03  1.723411E-03  2.061765E-06
         4   3  2.695296E+00  5.524678E-01  5.473362E-01 -9.741222E-03  1.715892E-03 -2.052770E-06
         4   4  1.835447E+00 -3.335561E-01 -3.367032E-01 -9.783907E-03  1.723411E-03 -2.061765E-06
         4   5  2.695296E+00  5.524678E-01  5.473362E-01  9.741222E-03 -1.715892E-03 -2.052770E-06
         4   6  1.835447E+00 -3.335561E-01 -3.367032E-01  9.783907E-03 -1.723411E-03 -2.061765E-06
         4   7  2.695296E+00  5.524678E-01  5.473362E-01 -9.741222E-03 -1.715892E-03  2.052770E-06
         4   8  1.835447E+00 -3.335561E-01 -3.367032E-01 -9.783907E-03 -1.723411E-03  2.061765E-06
         5   1  2.451017E+00  2.289745E-01  2.268729E-01  4.038883E-03  7.132656E-04  3.510903E-07
         5   2  2.095249E+00 -1.377271E-01 -1.390234E-01  4.046198E-03  7.145575E-04  3.517262E-07
         5   3  2.451017E+00  2.289745E-01  2.268729E-01 -4.038883E-03  7.132656E-04 -3.510903E-07
         5   4  2.095249E+00 -1.377271E-01 -1.390234E-01 -4.046198E-03  7.145575E-04 -3.517262E-07
         5   5  2.451017E+00  2.289745E-01  2.268729E-01  4.038883E-03 -7.132656E-04 -3.510903E-07
         5   6  2.095249E+00 -1.377271E-01 -1.390234E-01  4.046198E-03 -7.145575E-04 -3.517262E-07
         5   7  2.451017E+00  2.289745E-01  2.268729E-01 -4.038883E-03 -7.132656E-04  3.510903E-07
         5   8  2.095249E+00 -1.377271E-01 -1.390234E-01 -4.046198E-03 -7.145575E-04  3.517262E-07
         6   1  2.349130E+00  9.426095E-02  9.338500E-02  1.657901E-03  2.926226E-04  5.893812E-08
         6   2  2.203329E+00 -5.604057E-02 -5.658487E-02  1.659131E-03  2.928398E-04  5.898185E-08
         6   3  2.349130E+00  9.426095E-02  9.338500E-02 -1.657901E-03  2.926226E-04 -5.893812E-08
         6   4  2.203329E+00 -5.604057E-02 -5.658487E-02 -1.659131E-03  2.928398E-04 -5.898185E-08
         6   5  2.349130E+00  9.426095E-02  9.338500E-02  1.657901E-03 -2.926226E-04 -5.893812E-08
         6   6  2.203329E+00 -5.604057E-02 -5.658487E-02  1.659131E-03 -2.928398E-04 -5.898185E-08
         6   7  2.349130E+00  9.426095E-02  9.338500E-02 -1.657901E-03 -2.926226E-04  5.893812E-08
         6   8  2.203329E+00 -5.604057E-02 -5.658487E-02 -1.659131E-03 -2.928398E-04  5.898185E-08
         7   1  2.305836E+00  3.762355E-02  3.724856E-02  6.455958E-04  1.139663E-04  8.927015E-09
         7   2  2.249088E+00 -2.087900E-02 -2.112503E-02  6.457822E-04  1.139992E-04  8.929591E-09
         7   3  2.305836E+00  3.762355E-02  3.724856E-02 -6.455958E-04  1.139663E-04 -8.927015E-09
         7   4  2.249088E+00 -2.087900E-02 -2.112503E-02 -6.457822E-04  1.139992E-04 -8.929591E-09
         7   5  2.305836E+00  3.762355E-02  3.724856E-02  6.455958E-04 -1.139663E-04 -8.927013E-09
         7   6  2.249088E+00 -2.087900E-02 -2.112503E-02  6.457822E-04 -1.139992E-04 -8.929593E-09
         7   7  2.305836E+00  3.762355E-02  3.724856E-02 -6.455958E-04 -1.139663E-04  8.927014E-09
         7   8  2.249088E+00 -2.087900E-02 -2.112503E-02 -6.457822E-04 -1.139992E-04  8.929593E-09
         8   1  2.285303E+00  1.221053E-02  1.202414E-02  1.685731E-04  2.975695E-05  6.083249E-10
         8   2  2.270489E+00 -3.061806E-03 -3.214520E-03  1.685858E-04  2.975919E-05  6.083723E-10
         8   3  2.285303E+00  1.221053E-02  1.202414E-02 -1.685731E-04  2.975695E-05 -6.083249E-10
         8   4  2.270489E+00 -3.061806E-03 -3.214520E-03 -1.685858E-04  2.975919E-05 -6.083723E-10
         8   5  2.285303E+00  1.221053E-02  1.202414E-02  1.685731E-04 -2.975695E-05 -6.083266E-10
         8   6  2.270489E+00 -3.061806E-03 -3.214520E-03  1.685858E-04 -2.975919E-05 -6.083710E-10
         8   7  2.285303E+00  1.221053E-02  1.202414E-02 -1.685731E-04 -2.975695E-05  6.083266E-10
         8   8  2.270489E+00 -3.061806E-03 -3.214520E-03 -1.685858E-04 -2.975919E-05  6.083710E-10

 strains (elem, integ.pnt.,exx,eyy,ezz,exy,exz,eyz) for set ALL and time  0.9750000E+00

         1   1  3.646119E-02 -6.039617E-03 -6.706409E-03  8.225204E-03  1.826040E-03 -1.219182E-17
         1   2  3.646119E-02 -2.235306E-02 -2.479782E-02  8.088242E-03  1.792242E-03 -4.769701E-17
         1   3  3.646119E-02 -6.039617E-03 -6.706409E-03 -8.225204E-03  1.826040E-03  1.086955E-17
         1   4  3.646119E-02 -2.235306E-02 -2.479782E-02 -8.088242E-03  1.792242E-03  4.640345E-17
         1   5  3.646119E-02 -6.039617E-03 -6.706409E-03  8.225204E-03 -1.826040E-03 -1.231283E-17
         1   6  3.646119E-02 -2.235306E-02 -2.479782E-02  8.088242E-03 -1.792242E-03 -4.901823E-17
         1   7  3.646119E-02 -6.039617E-03 -6.706409E-03 -8.225204E-03 -1.826040E-03  1.053302E-17
         1   8  3.646119E-02 -2.235306E-02 -2.479782E-02 -8.088242E-03 -1.792242E-03  4.529363E-17
         2   1  8.421577E-02 -3.104667E-02 -3.368737E-02  3.806864E-03  6.418068E-04 -4.533626E-17
         2   2  8.421577E-02 -3.862950E-02 -4.008336E-02  3.775960E-03  6.373900E-04  9.697578E-18
         2   3  8.421577E-02 -3.104667E-02 -3.368737E-02 -3.806864E-03  6.418068E-04  3.971330E-17
         2   4  8.421577E-02 -3.862950E-02 -4.008336E-02 -3.775960E-03  6.373900E-04 -5.508332E-18
         2   5  8.421577E-02 -3.104667E-02 -3.368737E-02  3.806864E-03 -6.418068E-04 -4.402035E-17
         2   6  8.421577E-02 -3.862950E-02 -4.008336E-02  3.775960E-03 -6.373900E-04  8.450103E-18
         2   7  8.421577E-02 -3.104667E-02 -3.368737E-02 -3.806864E-03 -6.418068E-04  3.809039E-17
         2   8  8.421577E-02 -3.862950E-02 -4.008336E-02 -3.775960E-03 -6.373900E-04 -1.659704E-17
         3   1  1.055161E-01 -4.250597E-02 -4.340630E-02  1.524128E-03  2.711150E-04  4.376779E-17
         3   2  1.055161E-01 -4.554915E-02 -4.611342E-02  1.519050E-03  2.703101E-04  7.291386E-17
         3   3  1.055161E-01 -4.250597E-02 -4.340630E-02 -1.524128E-03  2.711150E-04 -3.416986E-17
         3   4  1.055161E-01 -4.554915E-02 -4.611342E-02 -1.519050E-03  2.703101E-04 -6.467616E-17
         3   5  1.055161E-01 -4.250597E-02 -4.340630E-02  1.524128E-03 -2.711150E-04  4.558255E-17
         3   6  1.055161E-01 -4.554915E-02 -4.611342E-02  1.519050E-03 -2.703101E-04  7.599891E-17
         3   7  1.055161E-01 -4.250597E-02 -4.340630E-02 -1.524128E-03 -2.711150E-04 -4.734105E-17
         3   8  1.055161E-01 -4.554915E-02 -4.611342E-02 -1.519050E-03 -2.703101E-04 -5.465301E-17
         4   1  1.146253E-01 -4.712266E-02 -4.750915E-02  6.311685E-04  1.111313E-04  4.215822E-17
         4   2  1.146253E-01 -4.838412E-02 -4.861978E-02  6.302889E-04  1.109949E-04 -3.550070E-17
         4   3  1.146253E-01 -4.712266E-02 -4.750915E-02 -6.311685E-04  1.111313E-04 -5.194628E-17
         4   4  1.146253E-01 -4.838412E-02 -4.861978E-02 -6.302889E-04  1.109949E-04  2.993044E-17
         4   5  1.146253E-01 -4.712266E-02 -4.750915E-02  6.311685E-04 -1.111313E-04  5.474421E-17
         4   6  1.146253E-01 -4.838412E-02 -4.861978E-02  6.302889E-04 -1.109949E-04 -1.860274E-17
         4   7  1.146253E-01 -4.712266E-02 -4.750915E-02 -6.311685E-04 -1.111313E-04 -3.296275E-17
         4   8  1.146253E-01 -4.838412E-02 -4.861978E-02 -6.302889E-04 -1.109949E-04  3.013560E-17
         5   1  1.184427E-01 -4.903572E-02 -4.919397E-02  2.599491E-04  4.589888E-05 -3.759704E-17
         5   2  1.184427E-01 -4.955547E-02 -4.965285E-02  2.597993E-04  4.587552E-05  4.004363E-17
         5   3  1.184427E-01 -4.903572E-02 -4.919397E-02 -2.599491E-04  4.589888E-05  3.159651E-17
         5   4  1.184427E-01 -4.955547E-02 -4.965285E-02 -2.597993E-04  4.587552E-05 -5.192974E-17
         5   5  1.184427E-01 -4.903572E-02 -4.919397E-02  2.599491E-04 -4.589888E-05 -2.776401E-17
         5   6  1.184427E-01 -4.955547E-02 -4.965285E-02  2.597993E-04 -4.587552E-05  4.628242E-17
         5   7  1.184427E-01 -4.903572E-02 -4.919397E-02 -2.599491E-04 -4.589888E-05  3.319221E-17
         5   8  1.184427E-01 -4.955547E-02 -4.965285E-02 -2.597993E-04 -4.587552E-05 -5.569867E-17
         6   1  1.200243E-01 -4.982353E-02 -4.988949E-02  1.064104E-04  1.878027E-05  7.043692E-17
         6   2  1.200243E-01 -5.003633E-02 -5.007727E-02  1.063852E-04  1.877635E-05  8.908101E-17
         6   3  1.200243E-01 -4.982353E-02 -4.988949E-02 -1.064104E-04  1.878027E-05 -7.914570E-17
         6   4  1.200243E-01 -5.003633E-02 -5.007727E-02 -1.063852E-04  1.877635E-05 -1.067883E-16
         6   5  1.200243E-01 -4.982353E-02 -4.988949E-02  1.064104E-04 -1.878027E-05  7.676385E-17
         6   6  1.200243E-01 -5.003633E-02 -5.007727E-02  1.063852E-04 -1.877635E-05  1.051258E-16
         6   7  1.200243E-01 -4.982353E-02 -4.988949E-02 -1.064104E-04 -1.878027E-05 -7.281877E-17
         6   8  1.200243E-01 -5.003633E-02 -5.007727E-02 -1.063852E-04 -1.877635E-05 -1.019673E-16
         7   1  1.206641E-01 -5.014450E-02 -5.017274E-02  4.138994E-05  7.306287E-06  5.132507E-17
         7   2  1.206641E-01 -5.022728E-02 -5.024580E-02  4.138613E-05  7.305694E-06 -6.984157E-17
         7   3  1.206641E-01 -5.014450E-02 -5.017274E-02 -4.138994E-05  7.306287E-06 -6.899765E-17
         7   4  1.206641E-01 -5.022728E-02 -5.024580E-02 -4.138613E-05  7.305694E-06  4.919756E-17
         7   5  1.206641E-01 -5.014450E-02 -5.017274E-02  4.138994E-05 -7.306287E-06  6.644232E-17
         7   6  1.206641E-01 -5.022728E-02 -5.024580E-02  4.138613E-05 -7.305694E-06 -5.326042E-17
         7   7  1.206641E-01 -5.014450E-02 -5.017274E-02 -4.138994E-05 -7.306287E-06 -6.190191E-17
         7   8  1.206641E-01 -5.022728E-02 -5.024580E-02 -4.138613E-05 -7.305694E-06  6.072715E-17
         8   1  1.208903E-01 -5.026549E-02 -5.027952E-02  1.080273E-05  1.906895E-06 -6.755221E-17
         8   2  1.208903E-01 -5.028709E-02 -5.029859E-02  1.080247E-05  1.906854E-06  4.752053E-17
         8   3  1.208903E-01 -5.026549E-02 -5.027952E-02 -1.080273E-05  1.906895E-06  6.427086E-17
         8   4  1.208903E-01 -5.028709E-02 -5.029859E-02 -1.080247E-05  1.906854E-06 -4.631889E-17
         8   5  1.208903E-01 -5.026549E-02 -5.027952E-02  1.080273E-05 -1.906895E-06 -6.045739E-17
         8   6  1.208903E-01 -5.028709E-02 -5.029859E-02  1.080247E-05 -1.906854E-06  4.658223E-17
         8   7  1.208903E-01 -5.026549E-02 -5.027952E-02 -1.080273E-05 -1.906895E-06  6.293393E-17
         8   8  1.208903E-01 -5.028709E-02 -5.029859E-02 -1.080247E-05 -1.906854E-06 -4.580480E-17

                                INCREMENT    12


 forces (fx,fy,fz) for set RIGHT and time  0.1000000E+01

        33  2.620633E+00  3.535670E-16 -7.601265E-14
        34  2.620633E+00 -3.830416E-16  5.596503E-14
        35  2.620633E+00  4.331004E-15 -5.626773E-14
        36  2.620633E+00 -4.022466E-15  7.660310E-14

 displacements (vx,vy,vz) for set RIGHT and time  0.1000000E+01

        33  2.000000E+00  1.321343E-01  2.643257E-02
        34  2.000000E+00 -1.321343E-01  2.643257E-02
        35  2.000000E+00 -1.321343E-01 -2.643257E-02
        36  2.000000E+00  1.321343E-01 -2.643257E-02

 stresses (elem, integ.pnt.,sxx,syy,szz,sxy,sxz,syz) for set ALL and time  0.1000000E+01

         1   1  8.045838E+00  7.490691E+00  7.480183E+00  1.127291E-01  2.504168E-02  4.093842E-04
         1   2 -3.937892E+00 -4.755390E+00 -4.791343E+00  1.197661E-01  2.660490E-02  4.349399E-04
         1   3  8.045838E+00  7.490691E+00  7.480183E+00 -1.127291E-01  2.504168E-02 -4.093842E-04
         1   4 -3.937892E+00 -4.755390E+00 -4.791343E+00 -1.197661E-01  2.660490E-02 -4.349399E-04
         1   5  8.045838E+00  7.490691E+00  7.480183E+00  1.127291E-01 -2.504168E-02 -4.093842E-04
         1   6 -3.937892E+00 -4.755390E+00 -4.791343E+00  1.197661E-01 -2.660490E-02 -4.349399E-04
         1   7  8.045838E+00  7.490691E+00  7.480183E+00 -1.127291E-01 -2.504168E-02  4.093842E-04
         1   8 -3.937892E+00 -4.755390E+00 -4.791343E+00 -1.197661E-01 -2.660490E-02  4.349399E-04
         2   1  4.777671E+00  3.231644E+00  3.195898E+00  5.702782E-02  9.643627E-03  7.166499E-05
         2   2 -2.916112E-01 -1.982046E+00 -2.002436E+00  5.851323E-02  9.894815E-03  7.353165E-05
         2   3  4.777671E+00  3.231644E+00  3.195898E+00 -5.702782E-02  9.643627E-03 -7.166499E-05
         2   4 -2.916112E-01 -1.982046E+00 -2.002436E+00 -5.851323E-02  9.894815E-03 -7.353165E-05
         2   5  4.777671E+00  3.231644E+00  3.195898E+00  5.702782E-02 -9.643627E-03 -7.166499E-05
         2   6 -2.916112E-01 -1.982046E+00 -2.002436E+00  5.851323E-02 -9.894815E-03 -7.353165E-05
         2   7  4.777671E+00  3.231644E+00  3.195898E+00 -5.702782E-02 -9.643627E-03  7.166499E-05
         2   8 -2.916112E-01 -1.982046E+00 -2.002436E+00 -5.851323E-02 -9.894815E-03  7.353165E-05
         3   1  3.363065E+00  1.359113E+00  1.346886E+00  2.374591E-02  4.227453E-03  1.250263E-05
         3   2  1.242091E+00 -8.250905E-01 -8.328591E-01  2.400323E-02  4.273262E-03  1.263811E-05
         3   3  3.363065E+00  1.359113E+00  1.346886E+00 -2.374591E-02  4.227453E-03 -1.250263E-05
         3   4  1.242091E+00 -8.250905E-01 -8.328591E-01 -2.400323E-02  4.273262E-03 -1.263811E-05
         3   5  3.363065E+00  1.359113E+00  1.346886E+00  2.374591E-02 -4.227453E-03 -1.250263E-05
         3   6  1.242091E+00 -8.250905E-01 -8.328591E-01  2.400323E-02 -4.273262E-03 -1.263811E-05
         3   7  3.363065E+00  1.359113E+00  1.346886E+00 -2.374591E-02 -4.227453E-03  1.250263E-05
         3   8  1.242091E+00 -8.250905E-01 -8.328591E-01 -2.400323E-02 -4.273262E-03  1.263811E-05
         4   1  2.764278E+00  5.661703E-01  5.609239E-01  9.993043E-03  1.760159E-03  2.149642E-06
         4   2  1.883303E+00 -3.418316E-01 -3.450493E-01  1.003791E-02  1.768063E-03  2.159294E-06
         4   3  2.764278E+00  5.661703E-01  5.609239E-01 -9.993043E-03  1.760159E-03 -2.149642E-06
         4   4  1.883303E+00 -3.418316E-01 -3.450493E-01 -1.003791E-02  1.768063E-03 -2.159294E-06
         4   5  2.764278E+00  5.661703E-01  5.609239E-01  9.993043E-03 -1.760159E-03 -2.149642E-06
         4   6  1.883303E+00 -3.418316E-01 -3.450493E-01  1.003791E-02 -1.768063E-03 -2.159294E-06
         4   7  2.764278E+00  5.661703E-01  5.609239E-01 -9.993043E-03 -1.760159E-03  2.149642E-06
         4   8  1.883303E+00 -3.418316E-01 -3.450493E-01 -1.003791E-02 -1.768063E-03  2.159294E-06
         5   1  2.514166E+00  2.346130E-01  2.324647E-01  4.142848E-03  7.315683E-04  3.675003E-07
         5   2  2.149730E+00 -1.411125E-01 -1.424374E-01  4.150536E-03  7.329258E-04  3.681823E-07
         5   3  2.514166E+00  2.346130E-01  2.324647E-01 -4.142848E-03  7.315683E-04 -3.675003E-07
         5   4  2.149730E+00 -1.411125E-01 -1.424374E-01 -4.150536E-03  7.329258E-04 -3.681823E-07
         5   5  2.514166E+00  2.346130E-01  2.324647E-01  4.142848E-03 -7.315683E-04 -3.675003E-07
         5   6  2.149730E+00 -1.411125E-01 -1.424374E-01  4.150536E-03 -7.329258E-04 -3.681823E-07
         5   7  2.514166E+00  2.346130E-01  2.324647E-01 -4.142848E-03 -7.315683E-04  3.675003E-07
         5   8  2.149730E+00 -1.411125E-01 -1.424374E-01 -4.150536E-03 -7.329258E-04  3.681823E-07
         6   1  2.409862E+00  9.656117E-02  9.566606E-02  1.700248E-03  3.000754E-04  6.166465E-08
         6   2  2.260542E+00 -5.740503E-02 -5.796116E-02  1.701540E-03  3.003035E-04  6.171151E-08
         6   3  2.409862E+00  9.656117E-02  9.566606E-02 -1.700248E-03  3.000754E-04 -6.166465E-08
         6   4  2.260542E+00 -5.740503E-02 -5.796116E-02 -1.701540E-03  3.003035E-04 -6.171151E-08
         6   5  2.409862E+00  9.656117E-02  9.566606E-02  1.700248E-03 -3.000754E-04 -6.166465E-08
         6   6  2.260542E+00 -5.740503E-02 -5.796116E-02  1.701540E-03 -3.003035E-04 -6.171151E-08
         6   7  2.409862E+00  9.656117E-02  9.566606E-02 -1.700248E-03 -3.000754E-04  6.166465E-08
         6   8  2.260542E+00 -5.740503E-02 -5.796116E-02 -1.701540E-03 -3.003035E-04  6.171151E-08
         7   1  2.365550E+00  3.853332E-02  3.815024E-02  6.619589E-04  1.168462E-04  9.336094E-09
         7   2  2.307445E+00 -2.138337E-02 -2.163467E-02  6.621547E-04  1.168808E-04  9.338854E-09
         7   3  2.365550E+00  3.853332E-02  3.815024E-02 -6.619589E-04  1.168462E-04 -9.336094E-09
         7   4  2.307445E+00 -2.138337E-02 -2.163467E-02 -6.621547E-04  1.168808E-04 -9.338854E-09
         7   5  2.365550E+00  3.853332E-02  3.815024E-02  6.619589E-04 -1.168462E-04 -9.336094E-09
         7   6  2.307445E+00 -2.138337E-02 -2.163467E-02  6.621547E-04 -1.168808E-04 -9.338856E-09
         7   7  2.365550E+00  3.853332E-02  3.815024E-02 -6.619589E-04 -1.168462E-04  9.336094E-09
         7   8  2.307445E+00 -2.138337E-02 -2.163467E-02 -6.621547E-04 -1.168808E-04  9.338856E-09
         8   1  2.344536E+00  1.250357E-02  1.231321E-02  1.728238E-04  3.050506E-05  6.360328E-10
         8   2  2.329369E+00 -3.135877E-03 -3.291824E-03  1.728371E-04  3.050741E-05  6.360828E-10
         8   3  2.344536E+00  1.250357E-02  1.231321E-02 -1.728238E-04  3.050506E-05 -6.360327E-10
         8   4  2.329369E+00 -3.135877E-03 -3.291824E-03 -1.728371E-04  3.050741E-05 -6.360824E-10
         8   5  2.344536E+00  1.250357E-02  1.231321E-02  1.728238E-04 -3.050506E-05 -6.360349E-10
         8   6  2.329369E+00 -3.135877E-03 -3.291824E-03  1.728371E-04 -3.050741E-05 -6.360831E-10
         8   7  2.344536E+00  1.250357E-02  1.231321E-02 -1.728238E-04 -3.050506E-05  6.360347E-10
         8   8  2.329369E+00 -3.135877E-03 -3.291824E-03 -1.728371E-04 -3.050741E-05  6.360831E-10

 strains (elem, integ.pnt.,exx,eyy,ezz,exy,exz,eyz) for set ALL and time  0.1000000E+01

         1   1  3.736076E-02 -6.183253E-03 -6.865387E-03  8.420204E-03  1.869175E-03 -5.633882E-18
         1   2  3.736076E-02 -2.288009E-02 -2.538002E-02  8.276629E-03  1.833751E-03 -2.453077E-17
         1   3  3.736076E-02 -6.183253E-03 -6.865387E-03 -8.420204E-03  1.869175E-03  3.632424E-18
         1   4  3.736076E-02 -2.288009E-02 -2.538002E-02 -8.276629E-03  1.833751E-03  1.529158E-17
         1   5  3.736076E-02 -6.183253E-03 -6.865387E-03  8.420204E-03 -1.869175E-03 -6.791221E-18
         1   6  3.736076E-02 -2.288009E-02 -2.538002E-02  8.276629E-03 -1.833751E-03 -2.960114E-17
         1   7  3.736076E-02 -6.183253E-03 -6.865387E-03 -8.420204E-03 -1.869175E-03  2.259589E-18
         1   8  3.736076E-02 -2.288009E-02 -2.538002E-02 -8.276629E-03 -1.833751E-03  1.043247E-17
         2   1  8.642843E-02 -3.177466E-02 -3.447463E-02  3.893940E-03  6.565792E-04 -2.910012E-17
         2   2  8.642843E-02 -3.953016E-02 -4.101727E-02  3.861557E-03  6.519490E-04 -2.603222E-17
         2   3  8.642843E-02 -3.177466E-02 -3.447463E-02 -3.893940E-03  6.565792E-04  1.160953E-17
         2   4  8.642843E-02 -3.953016E-02 -4.101727E-02 -3.861557E-03  6.519490E-04  1.579465E-17
         2   5  8.642843E-02 -3.177466E-02 -3.447463E-02  3.893940E-03 -6.565792E-04 -3.664215E-17
         2   6  8.642843E-02 -3.953016E-02 -4.101727E-02  3.861557E-03 -6.519490E-04 -2.632293E-17
         2   7  8.642843E-02 -3.177466E-02 -3.447463E-02 -3.893940E-03 -6.565792E-04  7.634133E-18
         2   8  8.642843E-02 -3.953016E-02 -4.101727E-02 -3.861557E-03 -6.519490E-04  1.649179E-17
         3   1  1.083514E-01 -4.349433E-02 -4.441561E-02  1.558551E-03  2.771866E-04 -2.347753E-17
         3   2  1.083514E-01 -4.660611E-02 -4.718326E-02  1.553230E-03  2.763434E-04 -7.702933E-18
         3   3  1.083514E-01 -4.349433E-02 -4.441561E-02 -1.558551E-03  2.771866E-04  1.469802E-17
         3   4  1.083514E-01 -4.660611E-02 -4.718326E-02 -1.553230E-03  2.763434E-04  2.831612E-17
         3   5  1.083514E-01 -4.349433E-02 -4.441561E-02  1.558551E-03 -2.771866E-04 -1.669876E-17
         3   6  1.083514E-01 -4.660611E-02 -4.718326E-02  1.553230E-03 -2.763434E-04 -2.495606E-18
         3   7  1.083514E-01 -4.349433E-02 -4.441561E-02 -1.558551E-03 -2.771866E-04  8.164590E-18
         3   8  1.083514E-01 -4.660611E-02 -4.718326E-02 -1.553230E-03 -2.763434E-04  3.673696E-17
         4   1  1.177323E-01 -4.821487E-02 -4.861005E-02  6.451784E-04  1.135910E-04 -1.582363E-17
         4   2  1.177323E-01 -4.950430E-02 -4.974524E-02  6.442570E-04  1.134481E-04 -1.115190E-17
         4   3  1.177323E-01 -4.821487E-02 -4.861005E-02 -6.451784E-04  1.135910E-04  2.375151E-17
         4   4  1.177323E-01 -4.950430E-02 -4.974524E-02 -6.442570E-04  1.134481E-04  2.174181E-17
         4   5  1.177323E-01 -4.821487E-02 -4.861005E-02  6.451784E-04 -1.135910E-04 -1.221882E-17
         4   6  1.177323E-01 -4.950430E-02 -4.974524E-02  6.442570E-04 -1.134481E-04 -3.035523E-17
         4   7  1.177323E-01 -4.821487E-02 -4.861005E-02 -6.451784E-04 -1.135910E-04  2.879926E-17
         4   8  1.177323E-01 -4.950430E-02 -4.974524E-02 -6.442570E-04 -1.134481E-04  1.605871E-17
         5   1  1.216640E-01 -5.017030E-02 -5.033208E-02  2.656469E-04  4.690103E-05 -1.691558E-17
         5   2  1.216640E-01 -5.070143E-02 -5.080097E-02  2.654900E-04  4.687657E-05 -1.085498E-17
         5   3  1.216640E-01 -5.017030E-02 -5.033208E-02 -2.656469E-04  4.690103E-05  1.270148E-17
         5   4  1.216640E-01 -5.070143E-02 -5.080097E-02 -2.654900E-04  4.687657E-05 -1.271060E-18
         5   5  1.216640E-01 -5.017030E-02 -5.033208E-02  2.656469E-04 -4.690103E-05 -3.547550E-17
         5   6  1.216640E-01 -5.070143E-02 -5.080097E-02  2.654900E-04 -4.687657E-05 -8.645350E-18
         5   7  1.216640E-01 -5.017030E-02 -5.033208E-02 -2.656469E-04 -4.690103E-05  7.231211E-19
         5   8  1.216640E-01 -5.070143E-02 -5.080097E-02 -2.654900E-04 -4.687657E-05 -4.020385E-18
         6   1  1.232928E-01 -5.097535E-02 -5.104276E-02  1.087144E-04  1.918548E-05 -1.273296E-17
         6   2  1.232928E-01 -5.119276E-02 -5.123459E-02  1.086881E-04  1.918138E-05  1.627820E-17
         6   3  1.232928E-01 -5.097535E-02 -5.104276E-02 -1.087144E-04  1.918548E-05 -5.951811E-18
         6   4  1.232928E-01 -5.119276E-02 -5.123459E-02 -1.086881E-04  1.918138E-05 -3.542850E-17
         6   5  1.232928E-01 -5.097535E-02 -5.104276E-02  1.087144E-04 -1.918548E-05 -3.332136E-18
         6   6  1.232928E-01 -5.119276E-02 -5.123459E-02  1.086881E-04 -1.918138E-05  1.743373E-17
         6   7  1.232928E-01 -5.097535E-02 -5.104276E-02 -1.087144E-04 -1.918548E-05 -8.058418E-18
         6   8  1.232928E-01 -5.119276E-02 -5.123459E-02 -1.086881E-04 -1.918138E-05 -2.545190E-17
         7   1  1.239515E-01 -5.130327E-02 -5.133211E-02  4.227683E-05  7.462289E-06 -7.312804E-18
         7   2  1.239515E-01 -5.138782E-02 -5.140673E-02  4.227284E-05  7.461669E-06 -7.506081E-17
         7   3  1.239515E-01 -5.130327E-02 -5.133211E-02 -4.227683E-05  7.462289E-06 -1.059944E-17
         7   4  1.239515E-01 -5.138782E-02 -5.140673E-02 -4.227284E-05  7.461669E-06  7.059024E-17
         7   5  1.239515E-01 -5.130327E-02 -5.133211E-02  4.227683E-05 -7.462289E-06 -5.361373E-18
         7   6  1.239515E-01 -5.138782E-02 -5.140673E-02  4.227284E-05 -7.461669E-06 -7.862951E-17
         7   7  1.239515E-01 -5.130327E-02 -5.133211E-02 -4.227683E-05 -7.462289E-06 -1.029133E-17
         7   8  1.239515E-01 -5.138782E-02 -5.140673E-02 -4.227284E-05 -7.461669E-06  7.156591E-17
         8   1  1.241844E-01 -5.142684E-02 -5.144117E-02  1.103269E-05  1.947345E-06 -7.338586E-17
         8   2  1.241844E-01 -5.144890E-02 -5.146065E-02  1.103242E-05  1.947302E-06 -3.309090E-18
         8   3  1.241844E-01 -5.142684E-02 -5.144117E-02 -1.103269E-05  1.947345E-06  8.414559E-17
         8   4  1.241844E-01 -5.144890E-02 -5.146065E-02 -1.103242E-05  1.947302E-06  3.611131E-17
         8   5  1.241844E-01 -5.142684E-02 -5.144117E-02  1.103269E-05 -1.947345E-06 -8.072831E-17
         8   6  1.241844E-01 -5.144890E-02 -5.146065E-02  1.103242E-05 -1.947302E-06 -2.059942E-17
         8   7  1.241844E-01 -5.142684E-02 -5.144117E-02 -1.103269E-05 -1.947345E-06  7.043616E-17
         8   8  1.241844E-01 -5.144890E-02 -5.146065E-02 -1.103242E-05 -1.947302E-06  1.595848E-17
