ISO-10303-21;
HEADER;
FILE_DESCRIPTION(('Open CASCADE Model'),'2;1');
FILE_NAME('Open CASCADE Shape Model','2026-09-23T12:28:29',('Author'),(
    'Open CASCADE'),'Open CASCADE STEP processor 7.9','Open CASCADE 7.9'
  ,'Unknown');
FILE_SCHEMA(('AUTOMOTIVE_DESIGN { 1 0 10303 214 1 1 1 1 }'));
ENDSEC;
DATA;
#1 = APPLICATION_PROTOCOL_DEFINITION('international standard',
  'automotive_design',2000,#2);
#2 = APPLICATION_CONTEXT(
  'core data for automotive mechanical design processes');
#3 = SHAPE_DEFINITION_REPRESENTATION(#4,#10);
#4 = PRODUCT_DEFINITION_SHAPE('','',#5);
#5 = PRODUCT_DEFINITION('design','',#6,#9);
#6 = PRODUCT_DEFINITION_FORMATION('','',#7);
#7 = PRODUCT('Open CASCADE STEP translator 7.9 10',
  'Open CASCADE STEP translator 7.9 10','',(#8));
#8 = PRODUCT_CONTEXT('',#2,'mechanical');
#9 = PRODUCT_DEFINITION_CONTEXT('part definition',#2,'design');
#10 = ADVANCED_BREP_SHAPE_REPRESENTATION('',(#11,#15),#1702);
#11 = AXIS2_PLACEMENT_3D('',#12,#13,#14);
#12 = CARTESIAN_POINT('',(0.,0.,0.));
#13 = DIRECTION('',(0.,0.,1.));
#14 = DIRECTION('',(1.,0.,-0.));
#15 = MANIFOLD_SOLID_BREP('',#16);
#16 = CLOSED_SHELL('',(#17,#661,#787,#863,#979,#1188,#1336,#1368,#1400,
    #1432,#1495,#1571,#1603,#1658,#1691));
#17 = ADVANCED_FACE('',(#18),#33,.T.);
#18 = FACE_BOUND('',#19,.T.);
#19 = EDGE_LOOP('',(#20,#56,#227,#260,#425,#500,#614,#637));
#20 = ORIENTED_EDGE('',*,*,#21,.T.);
#21 = EDGE_CURVE('',#22,#24,#26,.T.);
#22 = VERTEX_POINT('',#23);
#23 = CARTESIAN_POINT('',(358.,240.83272167038,366.04183274906));
#24 = VERTEX_POINT('',#25);
#25 = CARTESIAN_POINT('',(358.,231.48392414226,367.99362739471));
#26 = SURFACE_CURVE('',#27,(#32,#44),.PCURVE_S1.);
#27 = CIRCLE('',#28,20.9);
#28 = AXIS2_PLACEMENT_3D('',#29,#30,#31);
#29 = CARTESIAN_POINT('',(358.,232.,347.1));
#30 = DIRECTION('',(1.,0.,0.));
#31 = DIRECTION('',(-0.,0.422618261741,0.906307787037));
#32 = PCURVE('',#33,#38);
#33 = CYLINDRICAL_SURFACE('',#34,20.9);
#34 = AXIS2_PLACEMENT_3D('',#35,#36,#37);
#35 = CARTESIAN_POINT('',(358.,232.,347.1));
#36 = DIRECTION('',(1.,0.,0.));
#37 = DIRECTION('',(-0.,0.,1.));
#38 = DEFINITIONAL_REPRESENTATION('',(#39),#43);
#39 = LINE('',#40,#41);
#40 = CARTESIAN_POINT('',(5.846852994181,0.));
#41 = VECTOR('',#42,1.);
#42 = DIRECTION('',(1.,0.));
#43 = ( GEOMETRIC_REPRESENTATION_CONTEXT(2) 
PARAMETRIC_REPRESENTATION_CONTEXT() REPRESENTATION_CONTEXT('2D SPACE',''
  ) );
#44 = PCURVE('',#45,#50);
#45 = PLANE('',#46);
#46 = AXIS2_PLACEMENT_3D('',#47,#48,#49);
#47 = CARTESIAN_POINT('',(358.,232.,347.1));
#48 = DIRECTION('',(1.,0.,0.));
#49 = DIRECTION('',(-0.,0.,1.));
#50 = DEFINITIONAL_REPRESENTATION('',(#51),#55);
#51 = CIRCLE('',#52,20.9);
#52 = AXIS2_PLACEMENT_2D('',#53,#54);
#53 = CARTESIAN_POINT('',(0.,0.));
#54 = DIRECTION('',(0.906307787037,-0.422618261741));
#55 = ( GEOMETRIC_REPRESENTATION_CONTEXT(2) 
PARAMETRIC_REPRESENTATION_CONTEXT() REPRESENTATION_CONTEXT('2D SPACE',''
  ) );
#56 = ORIENTED_EDGE('',*,*,#57,.T.);
#57 = EDGE_CURVE('',#24,#58,#60,.T.);
#58 = VERTEX_POINT('',#59);
#59 = CARTESIAN_POINT('',(366.,227.48003765654,367.50538998435));
#60 = SURFACE_CURVE('',#61,(#106,#154),.PCURVE_S1.);
#61 = B_SPLINE_CURVE_WITH_KNOTS('',8,(#62,#63,#64,#65,#66,#67,#68,#69,
    #70,#71,#72,#73,#74,#75,#76,#77,#78,#79,#80,#81,#82,#83,#84,#85,#86,
    #87,#88,#89,#90,#91,#92,#93,#94,#95,#96,#97,#98,#99,#100,#101,#102,
    #103,#104,#105),.UNSPECIFIED.,.F.,.F.,(9,7,7,7,7,7,9),(0.,
    6.692426420415E-03,0.119973609676,0.342241919099,0.583780020601,
    0.713139650147,1.),.UNSPECIFIED.);
#62 = CARTESIAN_POINT('',(357.9999994,231.48392485392,367.99362741229));
#63 = CARTESIAN_POINT('',(358.00453891139,231.47854051946,
    367.99349441858));
#64 = CARTESIAN_POINT('',(358.00951331822,231.47264704977,
    367.99334726243));
#65 = CARTESIAN_POINT('',(358.01465805782,231.46656048415,
    367.99319322446));
#66 = CARTESIAN_POINT('',(358.01979432948,231.46049323595,367.9930374805
    ));
#67 = CARTESIAN_POINT('',(358.02483937461,231.45454214849,
    367.99288274279));
#68 = CARTESIAN_POINT('',(358.02979508726,231.44870415701,
    367.99272913222));
#69 = CARTESIAN_POINT('',(358.03475883273,231.44286418255,
    367.99257371511));
#70 = CARTESIAN_POINT('',(358.12724415259,231.33421278931,
    367.98964479972));
#71 = CARTESIAN_POINT('',(358.21582695208,231.23260580778,
    367.98632964412));
#72 = CARTESIAN_POINT('',(358.30567940028,231.13203719191,367.9824853359
    ));
#73 = CARTESIAN_POINT('',(358.39681185102,231.03256327105,
    367.97813384857));
#74 = CARTESIAN_POINT('',(358.48923143433,230.93424140317,
    367.97329859138));
#75 = CARTESIAN_POINT('',(358.58294158667,230.8371294732,367.96800434139
    ));
#76 = CARTESIAN_POINT('',(358.67794158114,230.7412853913,367.96227717552
    ));
#77 = CARTESIAN_POINT('',(358.96314523407,230.46131183764,
    367.94411132669));
#78 = CARTESIAN_POINT('',(359.15703342541,230.28093560329,367.9305152129
    ));
#79 = CARTESIAN_POINT('',(359.35582258302,230.10610228932,
    367.91556301162));
#80 = CARTESIAN_POINT('',(359.55939459386,229.93724184479,
    367.89947962235));
#81 = CARTESIAN_POINT('',(359.76757219541,229.77473408671,
    367.88250004461));
#82 = CARTESIAN_POINT('',(359.98010920637,229.61889598075,
    367.86486111263));
#83 = CARTESIAN_POINT('',(360.19668007315,229.4699718825,367.84679281383
    ));
#84 = CARTESIAN_POINT('',(360.65614688569,229.173984178,367.80864044958)
  );
#85 = CARTESIAN_POINT('',(360.89975655426,229.0281630141,367.78851249767
    ));
#86 = CARTESIAN_POINT('',(361.14716206577,228.89088696118,
    367.76840101489));
#87 = CARTESIAN_POINT('',(361.39782591201,228.76218669928,
    367.74854955752));
#88 = CARTESIAN_POINT('',(361.65121297837,228.64193398229,
    367.72915851041));
#89 = CARTESIAN_POINT('',(361.90679518696,228.5298759216,367.71038079114
    ));
#90 = CARTESIAN_POINT('',(362.16405655333,228.42566944613,
    367.69232430662));
#91 = CARTESIAN_POINT('',(362.56091149712,228.27709803583,
    367.66581560601));
#92 = CARTESIAN_POINT('',(362.69967747704,228.22741248136,
    367.65679660499));
#93 = CARTESIAN_POINT('',(362.8387295014,228.17979498179,367.64801461914
    ));
#94 = CARTESIAN_POINT('',(362.97800560549,228.13417629151,367.6394768879
    ));
#95 = CARTESIAN_POINT('',(363.1174490006,228.09048357922,367.63118781797
    ));
#96 = CARTESIAN_POINT('',(363.25700811978,228.04864179451,
    367.62314937159));
#97 = CARTESIAN_POINT('',(363.39663666361,228.00857503431,
    367.61536145473));
#98 = CARTESIAN_POINT('',(363.84598880322,227.885127217,367.59110392848)
  );
#99 = CARTESIAN_POINT('',(364.15578273911,227.80841577319,
    367.57561110773));
#100 = CARTESIAN_POINT('',(364.4652804492,227.73922968715,
    367.56132104104));
#101 = CARTESIAN_POINT('',(364.77416809669,227.67675474632,
    367.54817427377));
#102 = CARTESIAN_POINT('',(365.08220870927,227.62023695177,
    367.53609229942));
#103 = CARTESIAN_POINT('',(365.38923999685,227.56899900607,
    367.52499001969));
#104 = CARTESIAN_POINT('',(365.69517429014,227.52244275355,
    367.51478306361));
#105 = CARTESIAN_POINT('',(366.0000006,227.48003757307,367.50538996587)
  );
#106 = PCURVE('',#33,#107);
#107 = DEFINITIONAL_REPRESENTATION('',(#108),#153);
#108 = B_SPLINE_CURVE_WITH_KNOTS('',8,(#109,#110,#111,#112,#113,#114,
    #115,#116,#117,#118,#119,#120,#121,#122,#123,#124,#125,#126,#127,
    #128,#129,#130,#131,#132,#133,#134,#135,#136,#137,#138,#139,#140,
    #141,#142,#143,#144,#145,#146,#147,#148,#149,#150,#151,#152),
  .UNSPECIFIED.,.F.,.F.,(9,7,7,7,7,7,9),(1.105690023958E-07,
    6.692426420415E-03,0.119973609676,0.342241919099,0.583780020601,
    0.713139650147,0.99999992942),.UNSPECIFIED.);
#109 = CARTESIAN_POINT('',(6.307880441928,5.411765648686E-14));
#110 = CARTESIAN_POINT('',(6.308138142723,4.53948668872E-03));
#111 = CARTESIAN_POINT('',(6.308420211055,9.513828215494E-03));
#112 = CARTESIAN_POINT('',(6.308711522621,1.465848212257E-02));
#113 = CARTESIAN_POINT('',(6.309001912005,1.979466288963E-02));
#114 = CARTESIAN_POINT('',(6.309286744267,2.483962024169E-02));
#115 = CARTESIAN_POINT('',(6.309566166046,2.979525128506E-02));
#116 = CARTESIAN_POINT('',(6.309845685133,3.475891796658E-02));
#117 = CARTESIAN_POINT('',(6.315046200122,0.127244152597));
#118 = CARTESIAN_POINT('',(6.319910287055,0.215826952089));
#119 = CARTESIAN_POINT('',(6.324725572247,0.305679400287));
#120 = CARTESIAN_POINT('',(6.329489499181,0.396811851024));
#121 = CARTESIAN_POINT('',(6.334199444651,0.489231434333));
#122 = CARTESIAN_POINT('',(6.338852741784,0.582941586672));
#123 = CARTESIAN_POINT('',(6.343446703055,0.677941581148));
#124 = CARTESIAN_POINT('',(6.356870735238,0.963145234079));
#125 = CARTESIAN_POINT('',(6.365525187845,1.157033425412));
#126 = CARTESIAN_POINT('',(6.37392025844,1.355822583024));
#127 = CARTESIAN_POINT('',(6.382035551848,1.559394593864));
#128 = CARTESIAN_POINT('',(6.389852767868,1.767572195414));
#129 = CARTESIAN_POINT('',(6.397356337,1.980109206376));
#130 = CARTESIAN_POINT('',(6.404533944421,2.196680073154));
#131 = CARTESIAN_POINT('',(6.418813201158,2.656146885694));
#132 = CARTESIAN_POINT('',(6.425856158629,2.899756554268));
#133 = CARTESIAN_POINT('',(6.432494143564,3.147162065776));
#134 = CARTESIAN_POINT('',(6.438724549434,3.397825912017));
#135 = CARTESIAN_POINT('',(6.444552356998,3.65121297837));
#136 = CARTESIAN_POINT('',(6.449988602474,3.906795186964));
#137 = CARTESIAN_POINT('',(6.455048791119,4.164056553333));
#138 = CARTESIAN_POINT('',(6.462269737348,4.56091149712));
#139 = CARTESIAN_POINT('',(6.464685874512,4.699677477046));
#140 = CARTESIAN_POINT('',(6.46700263228,4.838729501407));
#141 = CARTESIAN_POINT('',(6.469223227736,4.978005605498));
#142 = CARTESIAN_POINT('',(6.471351064369,5.117449000608));
#143 = CARTESIAN_POINT('',(6.473389665942,5.257008119787));
#144 = CARTESIAN_POINT('',(6.475342610362,5.396636663614));
#145 = CARTESIAN_POINT('',(6.481362157174,5.845988727031));
#146 = CARTESIAN_POINT('',(6.485106616762,6.155782586667));
#147 = CARTESIAN_POINT('',(6.488486778757,6.465280220756));
#148 = CARTESIAN_POINT('',(6.491541442385,6.774167792698));
#149 = CARTESIAN_POINT('',(6.494306719272,7.082208330316));
#150 = CARTESIAN_POINT('',(6.496815172648,7.389239543596));
#151 = CARTESIAN_POINT('',(6.49909564615,7.695173763233));
#152 = CARTESIAN_POINT('',(6.501173782232,8.));
#153 = ( GEOMETRIC_REPRESENTATION_CONTEXT(2) 
PARAMETRIC_REPRESENTATION_CONTEXT() REPRESENTATION_CONTEXT('2D SPACE',''
  ) );
#154 = PCURVE('',#155,#180);
#155 = B_SPLINE_SURFACE_WITH_KNOTS('',1,11,(
    (#156,#157,#158,#159,#160,#161,#162,#163,#164,#165,#166,#167)
    ,(#168,#169,#170,#171,#172,#173,#174,#175,#176,#177,#178,#179
  )),.UNSPECIFIED.,.F.,.F.,.F.,(2,2),(12,12),(0.,5.),(0.,18.11596358319)
  ,.PIECEWISE_BEZIER_KNOTS.);
#156 = CARTESIAN_POINT('',(371.25,223.5586092831,374.79659376272));
#157 = CARTESIAN_POINT('',(371.24597078643,225.61481865914,
    370.05484405772));
#158 = CARTESIAN_POINT('',(368.44407185849,227.63439546609,
    365.39582374412));
#159 = CARTESIAN_POINT('',(362.94744705588,229.58931335325,
    362.73009194298));
#160 = CARTESIAN_POINT('',(356.40640138363,231.44300038963,
    363.80677308342));
#161 = CARTESIAN_POINT('',(351.65999294817,233.18331123145,
    368.98728346887));
#162 = CARTESIAN_POINT('',(351.70101662105,234.78814047238,
    375.50097772425));
#163 = CARTESIAN_POINT('',(354.76113423828,236.25496372442,
    379.73778880267));
#164 = CARTESIAN_POINT('',(358.86768144506,237.59898573624,
    381.45641155199));
#165 = CARTESIAN_POINT('',(362.52969408862,238.82817775827,
    380.89549257342));
#166 = CARTESIAN_POINT('',(364.94174407177,239.9750612673,
    378.97342411007));
#167 = CARTESIAN_POINT('',(365.90858878273,241.06581028515,
    376.59756508163));
#168 = CARTESIAN_POINT('',(366.25,223.55860928315,374.79659376261));
#169 = CARTESIAN_POINT('',(366.24597078637,224.6169894642,
    372.30445804505));
#170 = CARTESIAN_POINT('',(364.77648562126,225.64047771154,
    369.89566838293));
#171 = CARTESIAN_POINT('',(361.95141123356,226.65720752272,
    368.45260951795));
#172 = CARTESIAN_POINT('',(358.39525731099,227.709241611,368.76031689274
    ));
#173 = CARTESIAN_POINT('',(355.28620625051,228.8198059477,
    371.06237845815));
#174 = CARTESIAN_POINT('',(353.41281881261,230.02889449343,
    375.27660726022));
#175 = CARTESIAN_POINT('',(354.9183379892,231.35501981816,
    380.44304889825));
#176 = CARTESIAN_POINT('',(359.3043275044,232.80876721595,
    383.46166882292));
#177 = CARTESIAN_POINT('',(364.38475699655,234.39750388847,
    383.33818563415));
#178 = CARTESIAN_POINT('',(368.1925743015,236.10883155987,
    380.62084132744));
#179 = CARTESIAN_POINT('',(369.79923319842,237.92816142244,
    376.73189916137));
#180 = DEFINITIONAL_REPRESENTATION('',(#181),#226);
#181 = B_SPLINE_CURVE_WITH_KNOTS('',8,(#182,#183,#184,#185,#186,#187,
    #188,#189,#190,#191,#192,#193,#194,#195,#196,#197,#198,#199,#200,
    #201,#202,#203,#204,#205,#206,#207,#208,#209,#210,#211,#212,#213,
    #214,#215,#216,#217,#218,#219,#220,#221,#222,#223,#224,#225),
  .UNSPECIFIED.,.F.,.F.,(9,7,7,7,7,7,9),(0.,6.692426420415E-03,
    0.119973609676,0.342241919099,0.583780020601,0.713139650147,1.),
  .UNSPECIFIED.);
#182 = CARTESIAN_POINT('',(0.182716628466,6.886996077737));
#183 = CARTESIAN_POINT('',(0.187155478496,6.884923098418));
#184 = CARTESIAN_POINT('',(0.192012794579,6.882651029012));
#185 = CARTESIAN_POINT('',(0.197020789821,6.880300023374));
#186 = CARTESIAN_POINT('',(0.202017301659,6.877952655221));
#187 = CARTESIAN_POINT('',(0.206906702434,6.875645650194));
#188 = CARTESIAN_POINT('',(0.211705182812,6.87337918663));
#189 = CARTESIAN_POINT('',(0.216500367271,6.871108252778));
#190 = CARTESIAN_POINT('',(0.305655324587,6.828782278437));
#191 = CARTESIAN_POINT('',(0.388038568628,6.788027021337));
#192 = CARTESIAN_POINT('',(0.468548039604,6.746480079954));
#193 = CARTESIAN_POINT('',(0.547106332989,6.704142399363));
#194 = CARTESIAN_POINT('',(0.623634679142,6.661017611654));
#195 = CARTESIAN_POINT('',(0.69805363761,6.61711242448));
#196 = CARTESIAN_POINT('',(0.770283791425,6.572437009619));
#197 = CARTESIAN_POINT('',(0.97751972449,6.437864294501));
#198 = CARTESIAN_POINT('',(1.106081082039,6.345800526715));
#199 = CARTESIAN_POINT('',(1.225311568452,6.250933226599));
#200 = CARTESIAN_POINT('',(1.334629157579,6.153429034937));
#201 = CARTESIAN_POINT('',(1.433508384673,6.053512426289));
#202 = CARTESIAN_POINT('',(1.521502717655,5.951471724042));
#203 = CARTESIAN_POINT('',(1.598269657701,5.847660799082));
#204 = CARTESIAN_POINT('',(1.73459124141,5.628214767989));
#205 = CARTESIAN_POINT('',(1.792094171803,5.512306565574));
#206 = CARTESIAN_POINT('',(1.835823311289,5.395306401224));
#207 = CARTESIAN_POINT('',(1.865716196532,5.277777997232));
#208 = CARTESIAN_POINT('',(1.881910230341,5.160294011171));
#209 = CARTESIAN_POINT('',(1.884717488417,5.043414940253));
#210 = CARTESIAN_POINT('',(1.874596052431,4.92766716067));
#211 = CARTESIAN_POINT('',(1.840079315634,4.752386801877));
#212 = CARTESIAN_POINT('',(1.824495167263,4.691706263291));
#213 = CARTESIAN_POINT('',(1.805451324614,4.631546963367));
#214 = CARTESIAN_POINT('',(1.783041271908,4.571971284311));
#215 = CARTESIAN_POINT('',(1.757364294933,4.513035342771));
#216 = CARTESIAN_POINT('',(1.728523698681,4.454788819276));
#217 = CARTESIAN_POINT('',(1.696625025001,4.39727478767));
#218 = CARTESIAN_POINT('',(1.584491274445,4.214694611729));
#219 = CARTESIAN_POINT('',(1.492701757972,4.092656721404));
#220 = CARTESIAN_POINT('',(1.387557260177,3.974792071319));
#221 = CARTESIAN_POINT('',(1.270221438377,3.861337400489));
#222 = CARTESIAN_POINT('',(1.141816579084,3.752404319454));
#223 = CARTESIAN_POINT('',(1.003384268267,3.647998478872));
#224 = CARTESIAN_POINT('',(0.855860220635,3.548043576481));
#225 = CARTESIAN_POINT('',(0.700063267945,3.452410202393));
#226 = ( GEOMETRIC_REPRESENTATION_CONTEXT(2) 
PARAMETRIC_REPRESENTATION_CONTEXT() REPRESENTATION_CONTEXT('2D SPACE',''
  ) );
#227 = ORIENTED_EDGE('',*,*,#228,.T.);
#228 = EDGE_CURVE('',#58,#229,#231,.T.);
#229 = VERTEX_POINT('',#230);
#230 = CARTESIAN_POINT('',(366.,234.58551127635,367.83945832079));
#231 = SURFACE_CURVE('',#232,(#237,#244),.PCURVE_S1.);
#232 = CIRCLE('',#233,20.9);
#233 = AXIS2_PLACEMENT_3D('',#234,#235,#236);
#234 = CARTESIAN_POINT('',(366.,232.,347.1));
#235 = DIRECTION('',(-1.,0.,0.));
#236 = DIRECTION('',(0.,-0.216266140835,0.976334449012));
#237 = PCURVE('',#33,#238);
#238 = DEFINITIONAL_REPRESENTATION('',(#239),#243);
#239 = LINE('',#240,#241);
#240 = CARTESIAN_POINT('',(6.501173782232,8.));
#241 = VECTOR('',#242,1.);
#242 = DIRECTION('',(-1.,-0.));
#243 = ( GEOMETRIC_REPRESENTATION_CONTEXT(2) 
PARAMETRIC_REPRESENTATION_CONTEXT() REPRESENTATION_CONTEXT('2D SPACE',''
  ) );
#244 = PCURVE('',#245,#250);
#245 = PLANE('',#246);
#246 = AXIS2_PLACEMENT_3D('',#247,#248,#249);
#247 = CARTESIAN_POINT('',(366.,232.,347.1));
#248 = DIRECTION('',(1.,0.,0.));
#249 = DIRECTION('',(-0.,0.,1.));
#250 = DEFINITIONAL_REPRESENTATION('',(#251),#259);
#251 = ( BOUNDED_CURVE() B_SPLINE_CURVE(2,(#252,#253,#254,#255,#256,#257
,#258),.UNSPECIFIED.,.T.,.F.) B_SPLINE_CURVE_WITH_KNOTS((1,2,2,2,2,1),(
    -2.094395102393,0.,2.094395102393,4.188790204786,6.28318530718,
8.377580409573),.UNSPECIFIED.) CURVE() GEOMETRIC_REPRESENTATION_ITEM() 
RATIONAL_B_SPLINE_CURVE((1.,0.5,1.,0.5,1.,0.5,1.)) REPRESENTATION_ITEM(
  '') );
#252 = CARTESIAN_POINT('',(20.405389984359,4.519962343453));
#253 = CARTESIAN_POINT('',(28.234194411518,-30.82320985771));
#254 = CARTESIAN_POINT('',(-6.2882927786,-19.93156727231));
#255 = CARTESIAN_POINT('',(-40.81077996871,-9.039924686907));
#256 = CARTESIAN_POINT('',(-14.11709720575,15.411604928856));
#257 = CARTESIAN_POINT('',(12.576585557199,39.86313454462));
#258 = CARTESIAN_POINT('',(20.405389984359,4.519962343453));
#259 = ( GEOMETRIC_REPRESENTATION_CONTEXT(2) 
PARAMETRIC_REPRESENTATION_CONTEXT() REPRESENTATION_CONTEXT('2D SPACE',''
  ) );
#260 = ORIENTED_EDGE('',*,*,#261,.T.);
#261 = EDGE_CURVE('',#229,#262,#264,.T.);
#262 = VERTEX_POINT('',#263);
#263 = CARTESIAN_POINT('',(358.78718840437,238.02973236668,
    367.11130499458));
#264 = SURFACE_CURVE('',#265,(#310,#358),.PCURVE_S1.);
#265 = B_SPLINE_CURVE_WITH_KNOTS('',7,(#266,#267,#268,#269,#270,#271,
    #272,#273,#274,#275,#276,#277,#278,#279,#280,#281,#282,#283,#284,
    #285,#286,#287,#288,#289,#290,#291,#292,#293,#294,#295,#296,#297,
    #298,#299,#300,#301,#302,#303,#304,#305,#306,#307,#308,#309),
  .UNSPECIFIED.,.F.,.F.,(8,6,6,6,6,6,6,8),(0.,7.164435660084E-03,
    0.130445743822,0.30454821174,0.428070085168,0.651299078435,
    0.871611397881,1.),.UNSPECIFIED.);
#266 = CARTESIAN_POINT('',(366.0000006,234.5855111989,367.83945833044));
#267 = CARTESIAN_POINT('',(365.99223610544,234.58651351673,
    367.8393333752));
#268 = CARTESIAN_POINT('',(365.98447078207,234.58751869934,
    367.83920800544));
#269 = CARTESIAN_POINT('',(365.97670421098,234.58852681289,
    367.83908221227));
#270 = CARTESIAN_POINT('',(365.96893714153,234.58953777112,
    367.83895600591));
#271 = CARTESIAN_POINT('',(365.96116879907,234.59055168652,
    367.83882937167));
#272 = CARTESIAN_POINT('',(365.9533996757,234.59156850657,
    367.83870231552));
#273 = CARTESIAN_POINT('',(365.81192663095,234.61013568268,
    367.83638117999));
#274 = CARTESIAN_POINT('',(365.6779483489,234.62855235005,
    367.83406127158));
#275 = CARTESIAN_POINT('',(365.543693813,234.64789771306,367.83160451489
    ));
#276 = CARTESIAN_POINT('',(365.40916513946,234.66823613174,
    367.82899914321));
#277 = CARTESIAN_POINT('',(365.27436742264,234.68963718628,
    367.82623198701));
#278 = CARTESIAN_POINT('',(365.13930866566,234.71217598164,
    367.82328824541));
#279 = CARTESIAN_POINT('',(364.8129113513,234.76948463926,
    367.81572108668));
#280 = CARTESIAN_POINT('',(364.62132936261,234.80546539118,
    367.81090562491));
#281 = CARTESIAN_POINT('',(364.42928010987,234.84410417929,
    367.80565782518));
#282 = CARTESIAN_POINT('',(364.23681641134,234.88564958651,
    367.79992351748));
#283 = CARTESIAN_POINT('',(364.04401717317,234.93037047947,
    367.79363994272));
#284 = CARTESIAN_POINT('',(363.85098788572,234.97855132582,
    367.78673456061));
#285 = CARTESIAN_POINT('',(363.52084339874,235.06732679471,
    367.77372470017));
#286 = CARTESIAN_POINT('',(363.38377929217,235.10605800824,
    367.76797048026));
#287 = CARTESIAN_POINT('',(363.24672034272,235.14677872082,
    367.76183198958));
#288 = CARTESIAN_POINT('',(363.10972780731,235.18959230253,
    367.7552770721));
#289 = CARTESIAN_POINT('',(362.97287352802,235.23459957674,
    367.74827114862));
#290 = CARTESIAN_POINT('',(362.83623994111,235.28189532665,
    367.74077746704));
#291 = CARTESIAN_POINT('',(362.45356255251,235.42132758314,
    367.7182633847));
#292 = CARTESIAN_POINT('',(362.20817027478,235.51886448476,
    367.70204673207));
#293 = CARTESIAN_POINT('',(361.96438190384,235.62464964195,
    367.68388328264));
#294 = CARTESIAN_POINT('',(361.72287895733,235.7390613372,
    367.66353091238));
#295 = CARTESIAN_POINT('',(361.48437261159,235.86230146376,
    367.64073661662));
#296 = CARTESIAN_POINT('',(361.24959400045,235.99432133251,
    367.61526070229));
#297 = CARTESIAN_POINT('',(360.79199118159,236.27335144312,
    367.55894570098));
#298 = CARTESIAN_POINT('',(360.56897869173,236.42018725359,
    367.52817215925));
#299 = CARTESIAN_POINT('',(360.35096780501,236.57492257744,
    367.49441599298));
#300 = CARTESIAN_POINT('',(360.13846411907,236.73705455019,
    367.4575187301));
#301 = CARTESIAN_POINT('',(359.93180600402,236.90595080799,
    367.41735817514));
#302 = CARTESIAN_POINT('',(359.73120216735,237.08089363322,
    367.37385518769));
#303 = CARTESIAN_POINT('',(359.42345114395,237.36616967897,
    367.29965351108));
#304 = CARTESIAN_POINT('',(359.31222050869,237.47301659462,
    367.27118274545));
#305 = CARTESIAN_POINT('',(359.20308117598,237.58153705689,
    367.24155117976));
#306 = CARTESIAN_POINT('',(359.09602911574,237.69159587905,
    367.21075155277));
#307 = CARTESIAN_POINT('',(358.99104808809,237.80306235475,
    367.17877909644));
#308 = CARTESIAN_POINT('',(358.8881121904,237.91581267858,
    367.14563085342));
#309 = CARTESIAN_POINT('',(358.78718840437,238.02973236668,
    367.11130499458));
#310 = PCURVE('',#33,#311);
#311 = DEFINITIONAL_REPRESENTATION('',(#312),#357);
#312 = B_SPLINE_CURVE_WITH_KNOTS('',7,(#313,#314,#315,#316,#317,#318,
    #319,#320,#321,#322,#323,#324,#325,#326,#327,#328,#329,#330,#331,
    #332,#333,#334,#335,#336,#337,#338,#339,#340,#341,#342,#343,#344,
    #345,#346,#347,#348,#349,#350,#351,#352,#353,#354,#355,#356),
  .UNSPECIFIED.,.F.,.F.,(8,6,6,6,6,6,6,8),(7.909008218071E-08,
    7.164435660084E-03,0.130445743822,0.30454821174,0.428070085168,
    0.651299078435,0.871611397881,1.),.UNSPECIFIED.);
#313 = CARTESIAN_POINT('',(6.159158904448,8.));
#314 = CARTESIAN_POINT('',(6.159110575946,7.992235591101));
#315 = CARTESIAN_POINT('',(6.159062108976,7.984470353388));
#316 = CARTESIAN_POINT('',(6.159013500343,7.976703868015));
#317 = CARTESIAN_POINT('',(6.158964754203,7.968936884267));
#318 = CARTESIAN_POINT('',(6.158915865128,7.961168627548));
#319 = CARTESIAN_POINT('',(6.158866835648,7.953399589929));
#320 = CARTESIAN_POINT('',(6.157971539563,7.811926630956));
#321 = CARTESIAN_POINT('',(6.157083395986,7.6779483489));
#322 = CARTESIAN_POINT('',(6.156150347156,7.543693813009));
#323 = CARTESIAN_POINT('',(6.155169266217,7.409165139468));
#324 = CARTESIAN_POINT('',(6.154136769466,7.274367422648));
#325 = CARTESIAN_POINT('',(6.153049200188,7.139308665668));
#326 = CARTESIAN_POINT('',(6.150283358525,6.812911351301));
#327 = CARTESIAN_POINT('',(6.148546444504,6.621329362617));
#328 = CARTESIAN_POINT('',(6.146680731345,6.429280109874));
#329 = CARTESIAN_POINT('',(6.144674076473,6.236816411348));
#330 = CARTESIAN_POINT('',(6.142513314528,6.044017173172));
#331 = CARTESIAN_POINT('',(6.140184465936,5.850987885721));
#332 = CARTESIAN_POINT('',(6.135891466468,5.520843398749));
#333 = CARTESIAN_POINT('',(6.134017961721,5.383779292176));
#334 = CARTESIAN_POINT('',(6.132047596235,5.246720342729));
#335 = CARTESIAN_POINT('',(6.129975240039,5.109727807313));
#336 = CARTESIAN_POINT('',(6.127795860565,4.972873528029));
#337 = CARTESIAN_POINT('',(6.125504687166,4.836239941111));
#338 = CARTESIAN_POINT('',(6.118746877043,4.453562552514));
#339 = CARTESIAN_POINT('',(6.11401602905,4.208170274782));
#340 = CARTESIAN_POINT('',(6.108880587911,3.964381903846));
#341 = CARTESIAN_POINT('',(6.103320607212,3.722878957339));
#342 = CARTESIAN_POINT('',(6.097324201104,3.48437261159));
#343 = CARTESIAN_POINT('',(6.090891160275,3.249594000458));
#344 = CARTESIAN_POINT('',(6.077271243895,2.791991181591));
#345 = CARTESIAN_POINT('',(6.070093170536,2.568978691735));
#346 = CARTESIAN_POINT('',(6.062515861596,2.350967805016));
#347 = CARTESIAN_POINT('',(6.054560619468,2.138464119074));
#348 = CARTESIAN_POINT('',(6.04625482261,1.931806004027));
#349 = CARTESIAN_POINT('',(6.037629930878,1.73120216735));
#350 = CARTESIAN_POINT('',(6.02352618768,1.423451143951));
#351 = CARTESIAN_POINT('',(6.018235607574,1.312220508697));
#352 = CARTESIAN_POINT('',(6.01285332227,1.203081175984));
#353 = CARTESIAN_POINT('',(6.007385236516,1.096029115741));
#354 = CARTESIAN_POINT('',(6.001837042404,0.99104808809));
#355 = CARTESIAN_POINT('',(5.996214103092,0.888112190402));
#356 = CARTESIAN_POINT('',(5.990521336521,0.787188404373));
#357 = ( GEOMETRIC_REPRESENTATION_CONTEXT(2) 
PARAMETRIC_REPRESENTATION_CONTEXT() REPRESENTATION_CONTEXT('2D SPACE',''
  ) );
#358 = PCURVE('',#359,#378);
#359 = B_SPLINE_SURFACE_WITH_KNOTS('',1,8,(
    (#360,#361,#362,#363,#364,#365,#366,#367,#368)
    ,(#369,#370,#371,#372,#373,#374,#375,#376,#377
  )),.UNSPECIFIED.,.F.,.F.,.F.,(2,2),(9,9),(0.,2.2),(0.,8.460336410126),
  .PIECEWISE_BEZIER_KNOTS.);
#360 = CARTESIAN_POINT('',(367.65,231.31113706737,374.20340623733));
#361 = CARTESIAN_POINT('',(367.65053475039,232.17293910349,
    372.19981823856));
#362 = CARTESIAN_POINT('',(366.86338314181,233.04936100621,
    370.16196339124));
#363 = CARTESIAN_POINT('',(365.25692382933,233.94477486485,
    368.4425940069));
#364 = CARTESIAN_POINT('',(362.98428343364,234.86175843802,
    367.41873360203));
#365 = CARTESIAN_POINT('',(360.40826988846,235.80371265568,
    367.38888066547));
#366 = CARTESIAN_POINT('',(358.0442193514,236.77148949639,368.387332752)
  );
#367 = CARTESIAN_POINT('',(356.30532997317,237.76590325694,
    370.17041453523));
#368 = CARTESIAN_POINT('',(355.40594876044,238.78626722553,
    372.36267578909));
#369 = CARTESIAN_POINT('',(369.85,231.31113706737,374.20340623734));
#370 = CARTESIAN_POINT('',(369.85053475039,232.4493343645,
    371.56183449436));
#371 = CARTESIAN_POINT('',(368.81225711679,233.60237726435,
    368.88607944681));
#372 = CARTESIAN_POINT('',(366.70413465731,234.76595093547,
    366.66201185735));
#373 = CARTESIAN_POINT('',(363.76886488863,235.93600409994,
    365.4011612584));
#374 = CARTESIAN_POINT('',(360.5699294572,237.10746548008,
    365.44837920802));
#375 = CARTESIAN_POINT('',(357.76323894011,238.27511954561,
    366.70795626911));
#376 = CARTESIAN_POINT('',(355.77455949749,239.43481310305,
    368.80122448229));
#377 = CARTESIAN_POINT('',(354.76557673971,240.58194306061,
    371.26473591352));
#378 = DEFINITIONAL_REPRESENTATION('',(#379),#424);
#379 = B_SPLINE_CURVE_WITH_KNOTS('',7,(#380,#381,#382,#383,#384,#385,
    #386,#387,#388,#389,#390,#391,#392,#393,#394,#395,#396,#397,#398,
    #399,#400,#401,#402,#403,#404,#405,#406,#407,#408,#409,#410,#411,
    #412,#413,#414,#415,#416,#417,#418,#419,#420,#421,#422,#423),
  .UNSPECIFIED.,.F.,.F.,(8,6,6,6,6,6,6,8),(0.,7.164435660084E-03,
    0.130445743822,0.30454821174,0.428070085168,0.651299078435,
    0.871611397881,1.),.UNSPECIFIED.);
#380 = CARTESIAN_POINT('',(1.887299424443,3.105760082925));
#381 = CARTESIAN_POINT('',(1.882930456956,3.108171127073));
#382 = CARTESIAN_POINT('',(1.87856673837,3.110585104914));
#383 = CARTESIAN_POINT('',(1.874210437741,3.113003265905));
#384 = CARTESIAN_POINT('',(1.869857715777,3.115423377501));
#385 = CARTESIAN_POINT('',(1.865512573173,3.117847750482));
#386 = CARTESIAN_POINT('',(1.861172518063,3.120274930282));
#387 = CARTESIAN_POINT('',(1.782260950257,3.164528364544));
#388 = CARTESIAN_POINT('',(1.709422177563,3.207314614793));
#389 = CARTESIAN_POINT('',(1.638423229502,3.251081028849));
#390 = CARTESIAN_POINT('',(1.569373701068,3.295841533904));
#391 = CARTESIAN_POINT('',(1.502391523872,3.341606313733));
#392 = CARTESIAN_POINT('',(1.437602775592,3.388380966729));
#393 = CARTESIAN_POINT('',(1.286931328167,3.503648998074));
#394 = CARTESIAN_POINT('',(1.203365518685,3.573144893722));
#395 = CARTESIAN_POINT('',(1.124819063123,3.644654969747));
#396 = CARTESIAN_POINT('',(1.051705247043,3.718154391788));
#397 = CARTESIAN_POINT('',(0.984470345077,3.793584591897));
#398 = CARTESIAN_POINT('',(0.923582647368,3.870847804827));
#399 = CARTESIAN_POINT('',(0.831156572049,4.005820694799));
#400 = CARTESIAN_POINT('',(0.796231620088,4.062688534038));
#401 = CARTESIAN_POINT('',(0.764910317255,4.12035569936));
#402 = CARTESIAN_POINT('',(0.737364524016,4.17875813842));
#403 = CARTESIAN_POINT('',(0.713763289462,4.237819218951));
#404 = CARTESIAN_POINT('',(0.694267545817,4.297449961866));
#405 = CARTESIAN_POINT('',(0.651478085461,4.466160880192));
#406 = CARTESIAN_POINT('',(0.637814838528,4.576328969483));
#407 = CARTESIAN_POINT('',(0.638924634944,4.68742221164));
#408 = CARTESIAN_POINT('',(0.655513911684,4.798707541915));
#409 = CARTESIAN_POINT('',(0.688002596782,4.909399029009));
#410 = CARTESIAN_POINT('',(0.736443192172,5.018710155528));
#411 = CARTESIAN_POINT('',(0.8636449693,5.231708217714));
#412 = CARTESIAN_POINT('',(0.942021669919,5.33548356215));
#413 = CARTESIAN_POINT('',(1.035254083188,5.436529401454));
#414 = CARTESIAN_POINT('',(1.142661336277,5.534294911322));
#415 = CARTESIAN_POINT('',(1.263332164978,5.628392974714));
#416 = CARTESIAN_POINT('',(1.39622120476,5.718584293312));
#417 = CARTESIAN_POINT('',(1.624151255963,5.854943466185));
#418 = CARTESIAN_POINT('',(1.71185878047,5.903783964877));
#419 = CARTESIAN_POINT('',(1.803143964391,5.951237584326));
#420 = CARTESIAN_POINT('',(1.897799158088,5.997297207634));
#421 = CARTESIAN_POINT('',(1.995621187671,6.041967217537));
#422 = CARTESIAN_POINT('',(2.096415448718,6.085260979119));
#423 = CARTESIAN_POINT('',(2.2,6.127198322531));
#424 = ( GEOMETRIC_REPRESENTATION_CONTEXT(2) 
PARAMETRIC_REPRESENTATION_CONTEXT() REPRESENTATION_CONTEXT('2D SPACE',''
  ) );
#425 = ORIENTED_EDGE('',*,*,#426,.F.);
#426 = EDGE_CURVE('',#427,#262,#429,.T.);
#427 = VERTEX_POINT('',#428);
#428 = CARTESIAN_POINT('',(360.27542755447,239.58204387078,
    366.57620627179));
#429 = SURFACE_CURVE('',#430,(#445,#463),.PCURVE_S1.);
#430 = B_SPLINE_CURVE_WITH_KNOTS('',4,(#431,#432,#433,#434,#435,#436,
    #437,#438,#439,#440,#441,#442,#443,#444),.UNSPECIFIED.,.F.,.F.,(5,3,
    3,3,5),(0.,0.25977728353,0.51199674904,0.758783448181,1.),
  .UNSPECIFIED.);
#431 = CARTESIAN_POINT('',(360.27542755447,239.58204387078,
    366.57620627179));
#432 = CARTESIAN_POINT('',(360.17001017343,239.4917161223,
    366.61137066377));
#433 = CARTESIAN_POINT('',(360.06614638179,239.39939794887,
    366.64666669104));
#434 = CARTESIAN_POINT('',(359.96381978899,239.30516914178,
    366.68200654258));
#435 = CARTESIAN_POINT('',(359.76514507917,239.11581893908,
    366.75159017807));
#436 = CARTESIAN_POINT('',(359.6687097069,239.02080335137,
    366.78583588537));
#437 = CARTESIAN_POINT('',(359.57369685727,238.92411092705,
    366.81997739463));
#438 = CARTESIAN_POINT('',(359.3885122609,238.72959276757,366.8871913275
    ));
#439 = CARTESIAN_POINT('',(359.2982803741,238.63183636149,
    366.92027089749));
#440 = CARTESIAN_POINT('',(359.20939142913,238.53257184443,
    366.9531285609));
#441 = CARTESIAN_POINT('',(359.03626443633,238.33338041334,
    367.01755509189));
#442 = CARTESIAN_POINT('',(358.9519667445,238.23351905947,
    367.04913627595));
#443 = CARTESIAN_POINT('',(358.86894162926,238.13229273991,
    367.08040188245));
#444 = CARTESIAN_POINT('',(358.78718840437,238.02973236668,
    367.11130499458));
#445 = PCURVE('',#33,#446);
#446 = DEFINITIONAL_REPRESENTATION('',(#447),#462);
#447 = B_SPLINE_CURVE_WITH_KNOTS('',4,(#448,#449,#450,#451,#452,#453,
    #454,#455,#456,#457,#458,#459,#460,#461),.UNSPECIFIED.,.F.,.F.,(5,3,
    3,3,5),(0.,0.25977728353,0.51199674904,0.758783448181,1.),
  .UNSPECIFIED.);
#448 = CARTESIAN_POINT('',(5.911938890957,2.275427554471));
#449 = CARTESIAN_POINT('',(5.916576742252,2.170010173436));
#450 = CARTESIAN_POINT('',(5.921305626192,2.066146381793));
#451 = CARTESIAN_POINT('',(5.926120727212,1.963819788996));
#452 = CARTESIAN_POINT('',(5.935772926417,1.76514507917));
#453 = CARTESIAN_POINT('',(5.940605304364,1.668709706909));
#454 = CARTESIAN_POINT('',(5.945511556942,1.573696857274));
#455 = CARTESIAN_POINT('',(5.955358608143,1.388512260906));
#456 = CARTESIAN_POINT('',(5.960296383058,1.298280374104));
#457 = CARTESIAN_POINT('',(5.96529920017,1.209391429132));
#458 = CARTESIAN_POINT('',(5.975316013045,1.036264436334));
#459 = CARTESIAN_POINT('',(5.980327205473,0.951966744509));
#460 = CARTESIAN_POINT('',(5.985396214833,0.868941629264));
#461 = CARTESIAN_POINT('',(5.990521336521,0.787188404373));
#462 = ( GEOMETRIC_REPRESENTATION_CONTEXT(2) 
PARAMETRIC_REPRESENTATION_CONTEXT() REPRESENTATION_CONTEXT('2D SPACE',''
  ) );
#463 = PCURVE('',#464,#483);
#464 = B_SPLINE_SURFACE_WITH_KNOTS('',1,8,(
    (#465,#466,#467,#468,#469,#470,#471,#472,#473)
    ,(#474,#475,#476,#477,#478,#479,#480,#481,#482
  )),.UNSPECIFIED.,.F.,.F.,.F.,(2,2),(9,9),(0.,2.051828452868),(0.,
    8.460336410126),.PIECEWISE_BEZIER_KNOTS.);
#465 = CARTESIAN_POINT('',(369.85,231.31113706737,374.20340623734));
#466 = CARTESIAN_POINT('',(369.85053475039,232.4493343645,
    371.56183449436));
#467 = CARTESIAN_POINT('',(368.81225711679,233.60237726435,
    368.88607944681));
#468 = CARTESIAN_POINT('',(366.70413465731,234.76595093547,
    366.66201185736));
#469 = CARTESIAN_POINT('',(363.76886488863,235.93600409994,
    365.4011612584));
#470 = CARTESIAN_POINT('',(360.5699294572,237.10746548008,
    365.44837920802));
#471 = CARTESIAN_POINT('',(357.76323894011,238.27511954561,
    366.70795626911));
#472 = CARTESIAN_POINT('',(355.77455949749,239.43481310305,
    368.80122448229));
#473 = CARTESIAN_POINT('',(354.76557673971,240.58194306061,
    371.26473591352));
#474 = CARTESIAN_POINT('',(371.25,232.68886293262,374.79659376266));
#475 = CARTESIAN_POINT('',(371.24946524961,234.00294878987,
    371.74903081572));
#476 = CARTESIAN_POINT('',(370.05014553607,235.30255843078,
    368.73577145354));
#477 = CARTESIAN_POINT('',(367.68456397043,236.57779172551,
    366.32709358237));
#478 = CARTESIAN_POINT('',(364.51428131,237.82185243777,365.06797537458)
  );
#479 = CARTESIAN_POINT('',(361.23913783582,239.02594823254,
    365.21588850298));
#480 = CARTESIAN_POINT('',(358.49800872949,240.18536598948,
    366.52115366018));
#481 = CARTESIAN_POINT('',(356.62634810393,241.29613028148,
    368.5411372096));
#482 = CARTESIAN_POINT('',(355.6946541614,242.35643557861,
    370.81977361394));
#483 = DEFINITIONAL_REPRESENTATION('',(#484),#499);
#484 = B_SPLINE_CURVE_WITH_KNOTS('',4,(#485,#486,#487,#488,#489,#490,
    #491,#492,#493,#494,#495,#496,#497,#498),.UNSPECIFIED.,.F.,.F.,(5,3,
    3,3,5),(0.,0.25977728353,0.51199674904,0.758783448181,1.),
  .UNSPECIFIED.);
#485 = CARTESIAN_POINT('',(2.051828452868,5.825520437338));
#486 = CARTESIAN_POINT('',(1.924896291199,5.849363809989));
#487 = CARTESIAN_POINT('',(1.796702241678,5.872473797753));
#488 = CARTESIAN_POINT('',(1.667320706619,5.894849637139));
#489 = CARTESIAN_POINT('',(1.410107413105,5.937501205297));
#490 = CARTESIAN_POINT('',(1.282340170946,5.957819088056));
#491 = CARTESIAN_POINT('',(1.153572496559,5.977442868061));
#492 = CARTESIAN_POINT('',(0.896932426375,6.014891855757));
#493 = CARTESIAN_POINT('',(0.769100556103,6.032746691007));
#494 = CARTESIAN_POINT('',(0.640407636831,6.049934491142));
#495 = CARTESIAN_POINT('',(0.384307089433,6.082599809462));
#496 = CARTESIAN_POINT('',(0.256936062975,6.098107163171));
#497 = CARTESIAN_POINT('',(0.128822031106,6.112974071453));
#498 = CARTESIAN_POINT('',(0.,6.127198322531));
#499 = ( GEOMETRIC_REPRESENTATION_CONTEXT(2) 
PARAMETRIC_REPRESENTATION_CONTEXT() REPRESENTATION_CONTEXT('2D SPACE',''
  ) );
#500 = ORIENTED_EDGE('',*,*,#501,.T.);
#501 = EDGE_CURVE('',#427,#502,#504,.T.);
#502 = VERTEX_POINT('',#503);
#503 = CARTESIAN_POINT('',(366.,236.60353420906,367.48669842779));
#504 = SURFACE_CURVE('',#505,(#533,#564),.PCURVE_S1.);
#505 = B_SPLINE_CURVE_WITH_KNOTS('',6,(#506,#507,#508,#509,#510,#511,
    #512,#513,#514,#515,#516,#517,#518,#519,#520,#521,#522,#523,#524,
    #525,#526,#527,#528,#529,#530,#531,#532),.UNSPECIFIED.,.F.,.F.,(7,5,
    5,5,5,7),(0.,0.127567457588,0.361155246974,0.604045345384,
    0.729846310619,1.),.UNSPECIFIED.);
#506 = CARTESIAN_POINT('',(360.27542755447,239.58204387078,
    366.57620627179));
#507 = CARTESIAN_POINT('',(360.36948839714,239.47986466145,
    366.61598441118));
#508 = CARTESIAN_POINT('',(360.46555080807,239.3788145571,
    366.65458223215));
#509 = CARTESIAN_POINT('',(360.56363718744,239.27900950404,
    366.69199203517));
#510 = CARTESIAN_POINT('',(360.66376008412,239.18057346434,
    366.7282071636));
#511 = CARTESIAN_POINT('',(360.76591812681,239.08363496277,
    366.76322311971));
#512 = CARTESIAN_POINT('',(361.06084385036,238.81379979284,
    366.85895809418));
#513 = CARTESIAN_POINT('',(361.25838410739,238.644704555,366.91686232232
    ));
#514 = CARTESIAN_POINT('',(361.46254190656,238.48188590652,
    366.97072351461));
#515 = CARTESIAN_POINT('',(361.67299902141,238.32612957334,
    367.02058045529));
#516 = CARTESIAN_POINT('',(361.88922716239,238.17807004216,
    367.06654238547));
#517 = CARTESIAN_POINT('',(362.34040407537,237.89263267479,
    367.15268011822));
#518 = CARTESIAN_POINT('',(362.57582239011,237.75587268664,
    367.19256538483));
#519 = CARTESIAN_POINT('',(362.81574573795,237.62835977411,
    367.22860088576));
#520 = CARTESIAN_POINT('',(363.05924319853,237.51014816345,
    367.26108667027));
#521 = CARTESIAN_POINT('',(363.30539035588,237.40096266135,
    367.29035465151));
#522 = CARTESIAN_POINT('',(363.68171100577,237.24823999858,
    367.33039493115));
#523 = CARTESIAN_POINT('',(363.81060296798,237.19842406089,
    367.34328322283));
#524 = CARTESIAN_POINT('',(363.93987301747,237.15083517757,
    367.35544437627));
#525 = CARTESIAN_POINT('',(364.06942340807,237.10539131988,
    367.3669249489));
#526 = CARTESIAN_POINT('',(364.19916875151,237.06200157785,
    367.37777013283));
#527 = CARTESIAN_POINT('',(364.60792348246,236.93160277821,
    367.41003924833));
#528 = CARTESIAN_POINT('',(364.88734368772,236.85168249747,
    367.42931981585));
#529 = CARTESIAN_POINT('',(365.16663879429,236.77985289397,
    367.44629348795));
#530 = CARTESIAN_POINT('',(365.44534126928,236.71512141637,
    367.46132661451));
#531 = CARTESIAN_POINT('',(365.72316303713,236.65660713429,
    367.47471399484));
#532 = CARTESIAN_POINT('',(366.0000006,236.60353409404,367.48669845377)
  );
#533 = PCURVE('',#33,#534);
#534 = DEFINITIONAL_REPRESENTATION('',(#535),#563);
#535 = B_SPLINE_CURVE_WITH_KNOTS('',6,(#536,#537,#538,#539,#540,#541,
    #542,#543,#544,#545,#546,#547,#548,#549,#550,#551,#552,#553,#554,
    #555,#556,#557,#558,#559,#560,#561,#562),.UNSPECIFIED.,.F.,.F.,(7,5,
    5,5,5,7),(0.,0.127567457588,0.361155246974,0.604045345384,
    0.729846310619,0.999999902414),.UNSPECIFIED.);
#536 = CARTESIAN_POINT('',(5.911938890957,2.275427554471));
#537 = CARTESIAN_POINT('',(5.917185251974,2.369488397141));
#538 = CARTESIAN_POINT('',(5.922360781449,2.465550808078));
#539 = CARTESIAN_POINT('',(5.927460436108,2.563637187449));
#540 = CARTESIAN_POINT('',(5.932478797777,2.663760084124));
#541 = CARTESIAN_POINT('',(5.937410242255,2.765918126817));
#542 = CARTESIAN_POINT('',(5.951109518289,3.060843850362));
#543 = CARTESIAN_POINT('',(5.959660899668,3.258384107398));
#544 = CARTESIAN_POINT('',(5.967865821007,3.462541906565));
#545 = CARTESIAN_POINT('',(5.97569028662,3.672999021414));
#546 = CARTESIAN_POINT('',(5.983107730391,3.889227162392));
#547 = CARTESIAN_POINT('',(5.997373342991,4.340404075373));
#548 = CARTESIAN_POINT('',(6.004189193615,4.575822390117));
#549 = CARTESIAN_POINT('',(6.010528946477,4.815745737957));
#550 = CARTESIAN_POINT('',(6.016394509455,5.059243198535));
#551 = CARTESIAN_POINT('',(6.021803049684,5.305390355889));
#552 = CARTESIAN_POINT('',(6.029357319916,5.68171100577));
#553 = CARTESIAN_POINT('',(6.031819323943,5.810602967989));
#554 = CARTESIAN_POINT('',(6.034169461387,5.939873017477));
#555 = CARTESIAN_POINT('',(6.036412111009,6.069423408077));
#556 = CARTESIAN_POINT('',(6.03855203701,6.199168751515));
#557 = CARTESIAN_POINT('',(6.044979413916,6.607923381728));
#558 = CARTESIAN_POINT('',(6.048912985635,6.88734348586));
#559 = CARTESIAN_POINT('',(6.052444414967,7.166638491631));
#560 = CARTESIAN_POINT('',(6.055624012209,7.445340866591));
#561 = CARTESIAN_POINT('',(6.058496066614,7.723162535356));
#562 = CARTESIAN_POINT('',(6.061099383237,8.));
#563 = ( GEOMETRIC_REPRESENTATION_CONTEXT(2) 
PARAMETRIC_REPRESENTATION_CONTEXT() REPRESENTATION_CONTEXT('2D SPACE',''
  ) );
#564 = PCURVE('',#565,#584);
#565 = B_SPLINE_SURFACE_WITH_KNOTS('',1,8,(
    (#566,#567,#568,#569,#570,#571,#572,#573,#574)
    ,(#575,#576,#577,#578,#579,#580,#581,#582,#583
  )),.UNSPECIFIED.,.F.,.F.,.F.,(2,2),(9,9),(0.,5.),(0.,8.460336410126),
  .PIECEWISE_BEZIER_KNOTS.);
#566 = CARTESIAN_POINT('',(371.25,232.68886293262,374.79659376266));
#567 = CARTESIAN_POINT('',(371.24946524961,234.00294878987,
    371.74903081572));
#568 = CARTESIAN_POINT('',(370.05014553607,235.30255843078,
    368.73577145353));
#569 = CARTESIAN_POINT('',(367.68456397044,236.57779172552,
    366.32709358237));
#570 = CARTESIAN_POINT('',(364.51428130999,237.82185243777,
    365.06797537456));
#571 = CARTESIAN_POINT('',(361.23913783583,239.02594823254,
    365.21588850299));
#572 = CARTESIAN_POINT('',(358.49800872949,240.18536598948,
    366.52115366017));
#573 = CARTESIAN_POINT('',(356.62634810393,241.29613028148,
    368.5411372096));
#574 = CARTESIAN_POINT('',(355.6946541614,242.35643557861,
    370.81977361394));
#575 = CARTESIAN_POINT('',(366.25,232.68886293263,374.79659376265));
#576 = CARTESIAN_POINT('',(366.24946524961,233.37477774212,
    373.19899387071));
#577 = CARTESIAN_POINT('',(365.62088650203,234.04570329864,
    371.63550769089));
#578 = CARTESIAN_POINT('',(364.39544845232,234.71148247412,
    370.37387119494));
#579 = CARTESIAN_POINT('',(362.73114163955,235.3803850243,
    369.65336706467));
#580 = CARTESIAN_POINT('',(360.87172972507,236.06287363165,
    369.62611908807));
#581 = CARTESIAN_POINT('',(359.13660057334,236.76802496852,
    370.33791839404));
#582 = CARTESIAN_POINT('',(357.83264463956,237.50315335851,
    371.65293278447));
#583 = CARTESIAN_POINT('',(357.15004511761,238.27535413524,
    373.31509151296));
#584 = DEFINITIONAL_REPRESENTATION('',(#585),#613);
#585 = B_SPLINE_CURVE_WITH_KNOTS('',6,(#586,#587,#588,#589,#590,#591,
    #592,#593,#594,#595,#596,#597,#598,#599,#600,#601,#602,#603,#604,
    #605,#606,#607,#608,#609,#610,#611,#612),.UNSPECIFIED.,.F.,.F.,(7,5,
    5,5,5,7),(0.,0.127567457588,0.361155246974,0.604045345384,
    0.729846310619,1.),.UNSPECIFIED.);
#586 = CARTESIAN_POINT('',(0.,5.825520437338));
#587 = CARTESIAN_POINT('',(9.291881495844E-02,5.785761015023));
#588 = CARTESIAN_POINT('',(0.183012767926,5.744776958466));
#589 = CARTESIAN_POINT('',(0.270094884673,5.702565359852));
#590 = CARTESIAN_POINT('',(0.353968236021,5.659133207835));
#591 = CARTESIAN_POINT('',(0.43443261129,5.614500547243));
#592 = CARTESIAN_POINT('',(0.652026346643,5.484845272313));
#593 = CARTESIAN_POINT('',(0.780693615469,5.39707016893));
#594 = CARTESIAN_POINT('',(0.896039608123,5.305623444805));
#595 = CARTESIAN_POINT('',(0.996928596084,5.210906329539));
#596 = CARTESIAN_POINT('',(1.082496757411,5.113526850909));
#597 = CARTESIAN_POINT('',(1.224953209688,4.911049250707));
#598 = CARTESIAN_POINT('',(1.280584726813,4.805768207203));
#599 = CARTESIAN_POINT('',(1.318744391919,4.69929876072));
#600 = CARTESIAN_POINT('',(1.339583583063,4.592576645242));
#601 = CARTESIAN_POINT('',(1.343778127978,4.486484830588));
#602 = CARTESIAN_POINT('',(1.326390572528,4.327536698522));
#603 = CARTESIAN_POINT('',(1.31625915082,4.2736662708));
#604 = CARTESIAN_POINT('',(1.302065530535,4.220259116936));
#605 = CARTESIAN_POINT('',(1.283965873717,4.167401185178));
#606 = CARTESIAN_POINT('',(1.262127368416,4.115164879869));
#607 = CARTESIAN_POINT('',(1.182156928795,3.952893166358));
#608 = CARTESIAN_POINT('',(1.111139999649,3.84532624765));
#609 = CARTESIAN_POINT('',(1.025345399341,3.741463615234));
#610 = CARTESIAN_POINT('',(0.926497823455,3.641604966857));
#611 = CARTESIAN_POINT('',(0.816130584756,3.545837313841));
#612 = CARTESIAN_POINT('',(0.695534890546,3.454115678195));
#613 = ( GEOMETRIC_REPRESENTATION_CONTEXT(2) 
PARAMETRIC_REPRESENTATION_CONTEXT() REPRESENTATION_CONTEXT('2D SPACE',''
  ) );
#614 = ORIENTED_EDGE('',*,*,#615,.F.);
#615 = EDGE_CURVE('',#616,#502,#618,.T.);
#616 = VERTEX_POINT('',#617);
#617 = CARTESIAN_POINT('',(366.,240.83272167038,366.04183274906));
#618 = SURFACE_CURVE('',#619,(#624,#630),.PCURVE_S1.);
#619 = CIRCLE('',#620,20.9);
#620 = AXIS2_PLACEMENT_3D('',#621,#622,#623);
#621 = CARTESIAN_POINT('',(366.,232.,347.1));
#622 = DIRECTION('',(1.,0.,0.));
#623 = DIRECTION('',(-0.,0.,1.));
#624 = PCURVE('',#33,#625);
#625 = DEFINITIONAL_REPRESENTATION('',(#626),#629);
#626 = B_SPLINE_CURVE_WITH_KNOTS('',1,(#627,#628),.UNSPECIFIED.,.F.,.F.,
  (2,2),(5.846852994181,6.061099383237),.PIECEWISE_BEZIER_KNOTS.);
#627 = CARTESIAN_POINT('',(5.846852994181,8.));
#628 = CARTESIAN_POINT('',(6.061099383237,8.));
#629 = ( GEOMETRIC_REPRESENTATION_CONTEXT(2) 
PARAMETRIC_REPRESENTATION_CONTEXT() REPRESENTATION_CONTEXT('2D SPACE',''
  ) );
#630 = PCURVE('',#245,#631);
#631 = DEFINITIONAL_REPRESENTATION('',(#632),#636);
#632 = CIRCLE('',#633,20.9);
#633 = AXIS2_PLACEMENT_2D('',#634,#635);
#634 = CARTESIAN_POINT('',(0.,0.));
#635 = DIRECTION('',(1.,0.));
#636 = ( GEOMETRIC_REPRESENTATION_CONTEXT(2) 
PARAMETRIC_REPRESENTATION_CONTEXT() REPRESENTATION_CONTEXT('2D SPACE',''
  ) );
#637 = ORIENTED_EDGE('',*,*,#638,.F.);
#638 = EDGE_CURVE('',#22,#616,#639,.T.);
#639 = SURFACE_CURVE('',#640,(#644,#650),.PCURVE_S1.);
#640 = LINE('',#641,#642);
#641 = CARTESIAN_POINT('',(358.,240.83272167038,366.04183274906));
#642 = VECTOR('',#643,1.);
#643 = DIRECTION('',(1.,0.,0.));
#644 = PCURVE('',#33,#645);
#645 = DEFINITIONAL_REPRESENTATION('',(#646),#649);
#646 = B_SPLINE_CURVE_WITH_KNOTS('',1,(#647,#648),.UNSPECIFIED.,.F.,.F.,
  (2,2),(0.,8.),.PIECEWISE_BEZIER_KNOTS.);
#647 = CARTESIAN_POINT('',(5.846852994181,0.));
#648 = CARTESIAN_POINT('',(5.846852994181,8.));
#649 = ( GEOMETRIC_REPRESENTATION_CONTEXT(2) 
PARAMETRIC_REPRESENTATION_CONTEXT() REPRESENTATION_CONTEXT('2D SPACE',''
  ) );
#650 = PCURVE('',#651,#656);
#651 = PLANE('',#652);
#652 = AXIS2_PLACEMENT_3D('',#653,#654,#655);
#653 = CARTESIAN_POINT('',(358.,248.90473046962,383.35231148146));
#654 = DIRECTION('',(0.,0.906307787037,-0.422618261741));
#655 = DIRECTION('',(0.,-0.422618261741,-0.906307787037));
#656 = DEFINITIONAL_REPRESENTATION('',(#657),#660);
#657 = B_SPLINE_CURVE_WITH_KNOTS('',1,(#658,#659),.UNSPECIFIED.,.F.,.F.,
  (2,2),(-6.000000212225E-07,8.0000006),.PIECEWISE_BEZIER_KNOTS.);
#658 = CARTESIAN_POINT('',(19.1,6.000000212225E-07));
#659 = CARTESIAN_POINT('',(19.1,-8.0000006));
#660 = ( GEOMETRIC_REPRESENTATION_CONTEXT(2) 
PARAMETRIC_REPRESENTATION_CONTEXT() REPRESENTATION_CONTEXT('2D SPACE',''
  ) );
#661 = ADVANCED_FACE('',(#662),#651,.T.);
#662 = FACE_BOUND('',#663,.T.);
#663 = EDGE_LOOP('',(#664,#687,#688,#711,#737,#763));
#664 = ORIENTED_EDGE('',*,*,#665,.F.);
#665 = EDGE_CURVE('',#22,#666,#668,.T.);
#666 = VERTEX_POINT('',#667);
#667 = CARTESIAN_POINT('',(358.,233.26785478522,349.81892336111));
#668 = SURFACE_CURVE('',#669,(#673,#680),.PCURVE_S1.);
#669 = LINE('',#670,#671);
#670 = CARTESIAN_POINT('',(358.,240.83272167038,366.04183274906));
#671 = VECTOR('',#672,1.);
#672 = DIRECTION('',(0.,-0.422618261741,-0.906307787037));
#673 = PCURVE('',#651,#674);
#674 = DEFINITIONAL_REPRESENTATION('',(#675),#679);
#675 = LINE('',#676,#677);
#676 = CARTESIAN_POINT('',(19.1,0.));
#677 = VECTOR('',#678,1.);
#678 = DIRECTION('',(1.,0.));
#679 = ( GEOMETRIC_REPRESENTATION_CONTEXT(2) 
PARAMETRIC_REPRESENTATION_CONTEXT() REPRESENTATION_CONTEXT('2D SPACE',''
  ) );
#680 = PCURVE('',#45,#681);
#681 = DEFINITIONAL_REPRESENTATION('',(#682),#686);
#682 = LINE('',#683,#684);
#683 = CARTESIAN_POINT('',(18.941832749066,-8.83272167038));
#684 = VECTOR('',#685,1.);
#685 = DIRECTION('',(-0.906307787037,0.422618261741));
#686 = ( GEOMETRIC_REPRESENTATION_CONTEXT(2) 
PARAMETRIC_REPRESENTATION_CONTEXT() REPRESENTATION_CONTEXT('2D SPACE',''
  ) );
#687 = ORIENTED_EDGE('',*,*,#638,.T.);
#688 = ORIENTED_EDGE('',*,*,#689,.T.);
#689 = EDGE_CURVE('',#616,#690,#692,.T.);
#690 = VERTEX_POINT('',#691);
#691 = CARTESIAN_POINT('',(366.,239.98748514689,364.22921717499));
#692 = SURFACE_CURVE('',#693,(#697,#704),.PCURVE_S1.);
#693 = LINE('',#694,#695);
#694 = CARTESIAN_POINT('',(366.,248.90473046962,383.35231148146));
#695 = VECTOR('',#696,1.);
#696 = DIRECTION('',(0.,-0.422618261741,-0.906307787037));
#697 = PCURVE('',#651,#698);
#698 = DEFINITIONAL_REPRESENTATION('',(#699),#703);
#699 = LINE('',#700,#701);
#700 = CARTESIAN_POINT('',(0.,-8.));
#701 = VECTOR('',#702,1.);
#702 = DIRECTION('',(1.,0.));
#703 = ( GEOMETRIC_REPRESENTATION_CONTEXT(2) 
PARAMETRIC_REPRESENTATION_CONTEXT() REPRESENTATION_CONTEXT('2D SPACE',''
  ) );
#704 = PCURVE('',#245,#705);
#705 = DEFINITIONAL_REPRESENTATION('',(#706),#710);
#706 = LINE('',#707,#708);
#707 = CARTESIAN_POINT('',(36.252311481466,-16.90473046962));
#708 = VECTOR('',#709,1.);
#709 = DIRECTION('',(-0.906307787037,0.422618261741));
#710 = ( GEOMETRIC_REPRESENTATION_CONTEXT(2) 
PARAMETRIC_REPRESENTATION_CONTEXT() REPRESENTATION_CONTEXT('2D SPACE',''
  ) );
#711 = ORIENTED_EDGE('',*,*,#712,.F.);
#712 = EDGE_CURVE('',#713,#690,#715,.T.);
#713 = VERTEX_POINT('',#714);
#714 = CARTESIAN_POINT('',(362.,239.98748514689,364.22921717499));
#715 = SURFACE_CURVE('',#716,(#720,#726),.PCURVE_S1.);
#716 = LINE('',#717,#718);
#717 = CARTESIAN_POINT('',(358.,239.98748514689,364.22921717499));
#718 = VECTOR('',#719,1.);
#719 = DIRECTION('',(1.,0.,0.));
#720 = PCURVE('',#651,#721);
#721 = DEFINITIONAL_REPRESENTATION('',(#722),#725);
#722 = B_SPLINE_CURVE_WITH_KNOTS('',1,(#723,#724),.UNSPECIFIED.,.F.,.F.,
  (2,2),(-6.000000212225E-07,8.0000006),.PIECEWISE_BEZIER_KNOTS.);
#723 = CARTESIAN_POINT('',(21.1,6.000000212225E-07));
#724 = CARTESIAN_POINT('',(21.1,-8.0000006));
#725 = ( GEOMETRIC_REPRESENTATION_CONTEXT(2) 
PARAMETRIC_REPRESENTATION_CONTEXT() REPRESENTATION_CONTEXT('2D SPACE',''
  ) );
#726 = PCURVE('',#727,#732);
#727 = CYLINDRICAL_SURFACE('',#728,18.9);
#728 = AXIS2_PLACEMENT_3D('',#729,#730,#731);
#729 = CARTESIAN_POINT('',(358.,232.,347.1));
#730 = DIRECTION('',(1.,0.,0.));
#731 = DIRECTION('',(-0.,0.,1.));
#732 = DEFINITIONAL_REPRESENTATION('',(#733),#736);
#733 = B_SPLINE_CURVE_WITH_KNOTS('',1,(#734,#735),.UNSPECIFIED.,.F.,.F.,
  (2,2),(4.,8.),.PIECEWISE_BEZIER_KNOTS.);
#734 = CARTESIAN_POINT('',(5.846852994181,4.));
#735 = CARTESIAN_POINT('',(5.846852994181,8.));
#736 = ( GEOMETRIC_REPRESENTATION_CONTEXT(2) 
PARAMETRIC_REPRESENTATION_CONTEXT() REPRESENTATION_CONTEXT('2D SPACE',''
  ) );
#737 = ORIENTED_EDGE('',*,*,#738,.F.);
#738 = EDGE_CURVE('',#739,#713,#741,.T.);
#739 = VERTEX_POINT('',#740);
#740 = CARTESIAN_POINT('',(362.,233.26785478522,349.81892336111));
#741 = SURFACE_CURVE('',#742,(#746,#752),.PCURVE_S1.);
#742 = LINE('',#743,#744);
#743 = CARTESIAN_POINT('',(362.,240.45236523481,365.22615574073));
#744 = VECTOR('',#745,1.);
#745 = DIRECTION('',(-0.,0.422618261741,0.906307787037));
#746 = PCURVE('',#651,#747);
#747 = DEFINITIONAL_REPRESENTATION('',(#748),#751);
#748 = B_SPLINE_CURVE_WITH_KNOTS('',1,(#749,#750),.UNSPECIFIED.,.F.,.F.,
  (2,2),(-20.,0.853842668391),.PIECEWISE_BEZIER_KNOTS.);
#749 = CARTESIAN_POINT('',(40.,-4.));
#750 = CARTESIAN_POINT('',(19.146157331609,-4.));
#751 = ( GEOMETRIC_REPRESENTATION_CONTEXT(2) 
PARAMETRIC_REPRESENTATION_CONTEXT() REPRESENTATION_CONTEXT('2D SPACE',''
  ) );
#752 = PCURVE('',#753,#758);
#753 = PLANE('',#754);
#754 = AXIS2_PLACEMENT_3D('',#755,#756,#757);
#755 = CARTESIAN_POINT('',(362.,232.,347.1));
#756 = DIRECTION('',(1.,0.,0.));
#757 = DIRECTION('',(-0.,0.,1.));
#758 = DEFINITIONAL_REPRESENTATION('',(#759),#762);
#759 = B_SPLINE_CURVE_WITH_KNOTS('',1,(#760,#761),.UNSPECIFIED.,.F.,.F.,
  (2,2),(-20.,0.853842668391),.PIECEWISE_BEZIER_KNOTS.);
#760 = CARTESIAN_POINT('',(0.,0.));
#761 = CARTESIAN_POINT('',(18.9,-8.813214739129));
#762 = ( GEOMETRIC_REPRESENTATION_CONTEXT(2) 
PARAMETRIC_REPRESENTATION_CONTEXT() REPRESENTATION_CONTEXT('2D SPACE',''
  ) );
#763 = ORIENTED_EDGE('',*,*,#764,.F.);
#764 = EDGE_CURVE('',#666,#739,#765,.T.);
#765 = SURFACE_CURVE('',#766,(#770,#776),.PCURVE_S1.);
#766 = LINE('',#767,#768);
#767 = CARTESIAN_POINT('',(358.,233.26785478522,349.81892336111));
#768 = VECTOR('',#769,1.);
#769 = DIRECTION('',(1.,0.,0.));
#770 = PCURVE('',#651,#771);
#771 = DEFINITIONAL_REPRESENTATION('',(#772),#775);
#772 = B_SPLINE_CURVE_WITH_KNOTS('',1,(#773,#774),.UNSPECIFIED.,.F.,.F.,
  (2,2),(-6.000000212225E-07,4.0000006),.PIECEWISE_BEZIER_KNOTS.);
#773 = CARTESIAN_POINT('',(37.,6.000000212225E-07));
#774 = CARTESIAN_POINT('',(37.,-4.0000006));
#775 = ( GEOMETRIC_REPRESENTATION_CONTEXT(2) 
PARAMETRIC_REPRESENTATION_CONTEXT() REPRESENTATION_CONTEXT('2D SPACE',''
  ) );
#776 = PCURVE('',#777,#782);
#777 = CYLINDRICAL_SURFACE('',#778,3.);
#778 = AXIS2_PLACEMENT_3D('',#779,#780,#781);
#779 = CARTESIAN_POINT('',(358.,232.,347.1));
#780 = DIRECTION('',(1.,0.,0.));
#781 = DIRECTION('',(-0.,0.,1.));
#782 = DEFINITIONAL_REPRESENTATION('',(#783),#786);
#783 = B_SPLINE_CURVE_WITH_KNOTS('',1,(#784,#785),.UNSPECIFIED.,.F.,.F.,
  (2,2),(0.,4.),.PIECEWISE_BEZIER_KNOTS.);
#784 = CARTESIAN_POINT('',(5.846852994181,0.));
#785 = CARTESIAN_POINT('',(5.846852994181,4.));
#786 = ( GEOMETRIC_REPRESENTATION_CONTEXT(2) 
PARAMETRIC_REPRESENTATION_CONTEXT() REPRESENTATION_CONTEXT('2D SPACE',''
  ) );
#787 = ADVANCED_FACE('',(#788),#777,.F.);
#788 = FACE_BOUND('',#789,.F.);
#789 = EDGE_LOOP('',(#790,#814,#840,#862));
#790 = ORIENTED_EDGE('',*,*,#791,.T.);
#791 = EDGE_CURVE('',#666,#792,#794,.T.);
#792 = VERTEX_POINT('',#793);
#793 = CARTESIAN_POINT('',(358.,230.73214521477,349.81892336111));
#794 = SURFACE_CURVE('',#795,(#800,#807),.PCURVE_S1.);
#795 = CIRCLE('',#796,3.);
#796 = AXIS2_PLACEMENT_3D('',#797,#798,#799);
#797 = CARTESIAN_POINT('',(358.,232.,347.1));
#798 = DIRECTION('',(1.,0.,0.));
#799 = DIRECTION('',(-0.,0.422618261741,0.906307787037));
#800 = PCURVE('',#777,#801);
#801 = DEFINITIONAL_REPRESENTATION('',(#802),#806);
#802 = LINE('',#803,#804);
#803 = CARTESIAN_POINT('',(5.846852994181,0.));
#804 = VECTOR('',#805,1.);
#805 = DIRECTION('',(1.,0.));
#806 = ( GEOMETRIC_REPRESENTATION_CONTEXT(2) 
PARAMETRIC_REPRESENTATION_CONTEXT() REPRESENTATION_CONTEXT('2D SPACE',''
  ) );
#807 = PCURVE('',#45,#808);
#808 = DEFINITIONAL_REPRESENTATION('',(#809),#813);
#809 = CIRCLE('',#810,3.);
#810 = AXIS2_PLACEMENT_2D('',#811,#812);
#811 = CARTESIAN_POINT('',(0.,0.));
#812 = DIRECTION('',(0.906307787037,-0.422618261741));
#813 = ( GEOMETRIC_REPRESENTATION_CONTEXT(2) 
PARAMETRIC_REPRESENTATION_CONTEXT() REPRESENTATION_CONTEXT('2D SPACE',''
  ) );
#814 = ORIENTED_EDGE('',*,*,#815,.T.);
#815 = EDGE_CURVE('',#792,#816,#818,.T.);
#816 = VERTEX_POINT('',#817);
#817 = CARTESIAN_POINT('',(362.,230.73214521477,349.81892336111));
#818 = SURFACE_CURVE('',#819,(#823,#829),.PCURVE_S1.);
#819 = LINE('',#820,#821);
#820 = CARTESIAN_POINT('',(358.,230.73214521477,349.81892336111));
#821 = VECTOR('',#822,1.);
#822 = DIRECTION('',(1.,0.,0.));
#823 = PCURVE('',#777,#824);
#824 = DEFINITIONAL_REPRESENTATION('',(#825),#828);
#825 = B_SPLINE_CURVE_WITH_KNOTS('',1,(#826,#827),.UNSPECIFIED.,.F.,.F.,
  (2,2),(0.,4.),.PIECEWISE_BEZIER_KNOTS.);
#826 = CARTESIAN_POINT('',(6.719517620178,0.));
#827 = CARTESIAN_POINT('',(6.719517620178,4.));
#828 = ( GEOMETRIC_REPRESENTATION_CONTEXT(2) 
PARAMETRIC_REPRESENTATION_CONTEXT() REPRESENTATION_CONTEXT('2D SPACE',''
  ) );
#829 = PCURVE('',#830,#835);
#830 = PLANE('',#831);
#831 = AXIS2_PLACEMENT_3D('',#832,#833,#834);
#832 = CARTESIAN_POINT('',(358.,232.,347.1));
#833 = DIRECTION('',(0.,-0.906307787037,-0.422618261741));
#834 = DIRECTION('',(0.,-0.422618261741,0.906307787037));
#835 = DEFINITIONAL_REPRESENTATION('',(#836),#839);
#836 = B_SPLINE_CURVE_WITH_KNOTS('',1,(#837,#838),.UNSPECIFIED.,.F.,.F.,
  (2,2),(-6.000000212225E-07,4.0000006),.PIECEWISE_BEZIER_KNOTS.);
#837 = CARTESIAN_POINT('',(3.,6.000000212225E-07));
#838 = CARTESIAN_POINT('',(3.,-4.0000006));
#839 = ( GEOMETRIC_REPRESENTATION_CONTEXT(2) 
PARAMETRIC_REPRESENTATION_CONTEXT() REPRESENTATION_CONTEXT('2D SPACE',''
  ) );
#840 = ORIENTED_EDGE('',*,*,#841,.F.);
#841 = EDGE_CURVE('',#739,#816,#842,.T.);
#842 = SURFACE_CURVE('',#843,(#848,#855),.PCURVE_S1.);
#843 = CIRCLE('',#844,3.);
#844 = AXIS2_PLACEMENT_3D('',#845,#846,#847);
#845 = CARTESIAN_POINT('',(362.,232.,347.1));
#846 = DIRECTION('',(1.,0.,0.));
#847 = DIRECTION('',(-0.,0.422618261741,0.906307787037));
#848 = PCURVE('',#777,#849);
#849 = DEFINITIONAL_REPRESENTATION('',(#850),#854);
#850 = LINE('',#851,#852);
#851 = CARTESIAN_POINT('',(5.846852994181,4.));
#852 = VECTOR('',#853,1.);
#853 = DIRECTION('',(1.,0.));
#854 = ( GEOMETRIC_REPRESENTATION_CONTEXT(2) 
PARAMETRIC_REPRESENTATION_CONTEXT() REPRESENTATION_CONTEXT('2D SPACE',''
  ) );
#855 = PCURVE('',#753,#856);
#856 = DEFINITIONAL_REPRESENTATION('',(#857),#861);
#857 = CIRCLE('',#858,3.);
#858 = AXIS2_PLACEMENT_2D('',#859,#860);
#859 = CARTESIAN_POINT('',(0.,0.));
#860 = DIRECTION('',(0.906307787037,-0.422618261741));
#861 = ( GEOMETRIC_REPRESENTATION_CONTEXT(2) 
PARAMETRIC_REPRESENTATION_CONTEXT() REPRESENTATION_CONTEXT('2D SPACE',''
  ) );
#862 = ORIENTED_EDGE('',*,*,#764,.F.);
#863 = ADVANCED_FACE('',(#864),#830,.T.);
#864 = FACE_BOUND('',#865,.T.);
#865 = EDGE_LOOP('',(#866,#889,#890,#911,#932,#955));
#866 = ORIENTED_EDGE('',*,*,#867,.F.);
#867 = EDGE_CURVE('',#792,#868,#870,.T.);
#868 = VERTEX_POINT('',#869);
#869 = CARTESIAN_POINT('',(358.,223.16727832962,366.04183274906));
#870 = SURFACE_CURVE('',#871,(#875,#882),.PCURVE_S1.);
#871 = LINE('',#872,#873);
#872 = CARTESIAN_POINT('',(358.,230.73214521477,349.81892336111));
#873 = VECTOR('',#874,1.);
#874 = DIRECTION('',(0.,-0.422618261741,0.906307787037));
#875 = PCURVE('',#830,#876);
#876 = DEFINITIONAL_REPRESENTATION('',(#877),#881);
#877 = LINE('',#878,#879);
#878 = CARTESIAN_POINT('',(3.,0.));
#879 = VECTOR('',#880,1.);
#880 = DIRECTION('',(1.,0.));
#881 = ( GEOMETRIC_REPRESENTATION_CONTEXT(2) 
PARAMETRIC_REPRESENTATION_CONTEXT() REPRESENTATION_CONTEXT('2D SPACE',''
  ) );
#882 = PCURVE('',#45,#883);
#883 = DEFINITIONAL_REPRESENTATION('',(#884),#888);
#884 = LINE('',#885,#886);
#885 = CARTESIAN_POINT('',(2.71892336111,1.267854785222));
#886 = VECTOR('',#887,1.);
#887 = DIRECTION('',(0.906307787037,0.422618261741));
#888 = ( GEOMETRIC_REPRESENTATION_CONTEXT(2) 
PARAMETRIC_REPRESENTATION_CONTEXT() REPRESENTATION_CONTEXT('2D SPACE',''
  ) );
#889 = ORIENTED_EDGE('',*,*,#815,.T.);
#890 = ORIENTED_EDGE('',*,*,#891,.F.);
#891 = EDGE_CURVE('',#892,#816,#894,.T.);
#892 = VERTEX_POINT('',#893);
#893 = CARTESIAN_POINT('',(362.,224.0125148531,364.22921717499));
#894 = SURFACE_CURVE('',#895,(#899,#905),.PCURVE_S1.);
#895 = LINE('',#896,#897);
#896 = CARTESIAN_POINT('',(362.,232.,347.1));
#897 = VECTOR('',#898,1.);
#898 = DIRECTION('',(0.,0.422618261741,-0.906307787037));
#899 = PCURVE('',#830,#900);
#900 = DEFINITIONAL_REPRESENTATION('',(#901),#904);
#901 = B_SPLINE_CURVE_WITH_KNOTS('',1,(#902,#903),.UNSPECIFIED.,.F.,.F.,
  (2,2),(-20.85384266839,-0.),.PIECEWISE_BEZIER_KNOTS.);
#902 = CARTESIAN_POINT('',(20.853842668391,-4.));
#903 = CARTESIAN_POINT('',(0.,-4.));
#904 = ( GEOMETRIC_REPRESENTATION_CONTEXT(2) 
PARAMETRIC_REPRESENTATION_CONTEXT() REPRESENTATION_CONTEXT('2D SPACE',''
  ) );
#905 = PCURVE('',#753,#906);
#906 = DEFINITIONAL_REPRESENTATION('',(#907),#910);
#907 = B_SPLINE_CURVE_WITH_KNOTS('',1,(#908,#909),.UNSPECIFIED.,.F.,.F.,
  (2,2),(-20.85384266839,-0.),.PIECEWISE_BEZIER_KNOTS.);
#908 = CARTESIAN_POINT('',(18.9,8.813214739129));
#909 = CARTESIAN_POINT('',(0.,0.));
#910 = ( GEOMETRIC_REPRESENTATION_CONTEXT(2) 
PARAMETRIC_REPRESENTATION_CONTEXT() REPRESENTATION_CONTEXT('2D SPACE',''
  ) );
#911 = ORIENTED_EDGE('',*,*,#912,.T.);
#912 = EDGE_CURVE('',#892,#913,#915,.T.);
#913 = VERTEX_POINT('',#914);
#914 = CARTESIAN_POINT('',(366.,224.0125148531,364.22921717499));
#915 = SURFACE_CURVE('',#916,(#920,#926),.PCURVE_S1.);
#916 = LINE('',#917,#918);
#917 = CARTESIAN_POINT('',(358.,224.0125148531,364.22921717499));
#918 = VECTOR('',#919,1.);
#919 = DIRECTION('',(1.,0.,0.));
#920 = PCURVE('',#830,#921);
#921 = DEFINITIONAL_REPRESENTATION('',(#922),#925);
#922 = B_SPLINE_CURVE_WITH_KNOTS('',1,(#923,#924),.UNSPECIFIED.,.F.,.F.,
  (2,2),(-6.000000212225E-07,8.0000006),.PIECEWISE_BEZIER_KNOTS.);
#923 = CARTESIAN_POINT('',(18.9,6.000000212225E-07));
#924 = CARTESIAN_POINT('',(18.9,-8.0000006));
#925 = ( GEOMETRIC_REPRESENTATION_CONTEXT(2) 
PARAMETRIC_REPRESENTATION_CONTEXT() REPRESENTATION_CONTEXT('2D SPACE',''
  ) );
#926 = PCURVE('',#727,#927);
#927 = DEFINITIONAL_REPRESENTATION('',(#928),#931);
#928 = B_SPLINE_CURVE_WITH_KNOTS('',1,(#929,#930),.UNSPECIFIED.,.F.,.F.,
  (2,2),(4.,8.),.PIECEWISE_BEZIER_KNOTS.);
#929 = CARTESIAN_POINT('',(6.719517620178,4.));
#930 = CARTESIAN_POINT('',(6.719517620178,8.));
#931 = ( GEOMETRIC_REPRESENTATION_CONTEXT(2) 
PARAMETRIC_REPRESENTATION_CONTEXT() REPRESENTATION_CONTEXT('2D SPACE',''
  ) );
#932 = ORIENTED_EDGE('',*,*,#933,.T.);
#933 = EDGE_CURVE('',#913,#934,#936,.T.);
#934 = VERTEX_POINT('',#935);
#935 = CARTESIAN_POINT('',(366.,223.16727832962,366.04183274906));
#936 = SURFACE_CURVE('',#937,(#941,#948),.PCURVE_S1.);
#937 = LINE('',#938,#939);
#938 = CARTESIAN_POINT('',(366.,232.,347.1));
#939 = VECTOR('',#940,1.);
#940 = DIRECTION('',(0.,-0.422618261741,0.906307787037));
#941 = PCURVE('',#830,#942);
#942 = DEFINITIONAL_REPRESENTATION('',(#943),#947);
#943 = LINE('',#944,#945);
#944 = CARTESIAN_POINT('',(0.,-8.));
#945 = VECTOR('',#946,1.);
#946 = DIRECTION('',(1.,0.));
#947 = ( GEOMETRIC_REPRESENTATION_CONTEXT(2) 
PARAMETRIC_REPRESENTATION_CONTEXT() REPRESENTATION_CONTEXT('2D SPACE',''
  ) );
#948 = PCURVE('',#245,#949);
#949 = DEFINITIONAL_REPRESENTATION('',(#950),#954);
#950 = LINE('',#951,#952);
#951 = CARTESIAN_POINT('',(0.,0.));
#952 = VECTOR('',#953,1.);
#953 = DIRECTION('',(0.906307787037,0.422618261741));
#954 = ( GEOMETRIC_REPRESENTATION_CONTEXT(2) 
PARAMETRIC_REPRESENTATION_CONTEXT() REPRESENTATION_CONTEXT('2D SPACE',''
  ) );
#955 = ORIENTED_EDGE('',*,*,#956,.F.);
#956 = EDGE_CURVE('',#868,#934,#957,.T.);
#957 = SURFACE_CURVE('',#958,(#962,#968),.PCURVE_S1.);
#958 = LINE('',#959,#960);
#959 = CARTESIAN_POINT('',(358.,223.16727832961,366.04183274906));
#960 = VECTOR('',#961,1.);
#961 = DIRECTION('',(1.,0.,0.));
#962 = PCURVE('',#830,#963);
#963 = DEFINITIONAL_REPRESENTATION('',(#964),#967);
#964 = B_SPLINE_CURVE_WITH_KNOTS('',1,(#965,#966),.UNSPECIFIED.,.F.,.F.,
  (2,2),(-6.000000212225E-07,8.0000006),.PIECEWISE_BEZIER_KNOTS.);
#965 = CARTESIAN_POINT('',(20.9,6.000000212225E-07));
#966 = CARTESIAN_POINT('',(20.9,-8.0000006));
#967 = ( GEOMETRIC_REPRESENTATION_CONTEXT(2) 
PARAMETRIC_REPRESENTATION_CONTEXT() REPRESENTATION_CONTEXT('2D SPACE',''
  ) );
#968 = PCURVE('',#969,#974);
#969 = CYLINDRICAL_SURFACE('',#970,20.9);
#970 = AXIS2_PLACEMENT_3D('',#971,#972,#973);
#971 = CARTESIAN_POINT('',(358.,232.,347.1));
#972 = DIRECTION('',(1.,0.,0.));
#973 = DIRECTION('',(-0.,0.,1.));
#974 = DEFINITIONAL_REPRESENTATION('',(#975),#978);
#975 = B_SPLINE_CURVE_WITH_KNOTS('',1,(#976,#977),.UNSPECIFIED.,.F.,.F.,
  (2,2),(-6.000000212225E-07,8.0000006),.PIECEWISE_BEZIER_KNOTS.);
#976 = CARTESIAN_POINT('',(0.436332312999,-6.000000212225E-07));
#977 = CARTESIAN_POINT('',(0.436332312999,8.0000006));
#978 = ( GEOMETRIC_REPRESENTATION_CONTEXT(2) 
PARAMETRIC_REPRESENTATION_CONTEXT() REPRESENTATION_CONTEXT('2D SPACE',''
  ) );
#979 = ADVANCED_FACE('',(#980),#969,.T.);
#980 = FACE_BOUND('',#981,.T.);
#981 = EDGE_LOOP('',(#982,#1006,#1060,#1165,#1187));
#982 = ORIENTED_EDGE('',*,*,#983,.F.);
#983 = EDGE_CURVE('',#984,#934,#986,.T.);
#984 = VERTEX_POINT('',#985);
#985 = CARTESIAN_POINT('',(366.,226.45285537197,367.25041405221));
#986 = SURFACE_CURVE('',#987,(#992,#999),.PCURVE_S1.);
#987 = CIRCLE('',#988,20.9);
#988 = AXIS2_PLACEMENT_3D('',#989,#990,#991);
#989 = CARTESIAN_POINT('',(366.,232.,347.1));
#990 = DIRECTION('',(1.,0.,0.));
#991 = DIRECTION('',(-0.,0.,1.));
#992 = PCURVE('',#969,#993);
#993 = DEFINITIONAL_REPRESENTATION('',(#994),#998);
#994 = LINE('',#995,#996);
#995 = CARTESIAN_POINT('',(0.,8.));
#996 = VECTOR('',#997,1.);
#997 = DIRECTION('',(1.,0.));
#998 = ( GEOMETRIC_REPRESENTATION_CONTEXT(2) 
PARAMETRIC_REPRESENTATION_CONTEXT() REPRESENTATION_CONTEXT('2D SPACE',''
  ) );
#999 = PCURVE('',#245,#1000);
#1000 = DEFINITIONAL_REPRESENTATION('',(#1001),#1005);
#1001 = CIRCLE('',#1002,20.9);
#1002 = AXIS2_PLACEMENT_2D('',#1003,#1004);
#1003 = CARTESIAN_POINT('',(0.,0.));
#1004 = DIRECTION('',(1.,0.));
#1005 = ( GEOMETRIC_REPRESENTATION_CONTEXT(2) 
PARAMETRIC_REPRESENTATION_CONTEXT() REPRESENTATION_CONTEXT('2D SPACE',''
  ) );
#1006 = ORIENTED_EDGE('',*,*,#1007,.T.);
#1007 = EDGE_CURVE('',#984,#1008,#1010,.T.);
#1008 = VERTEX_POINT('',#1009);
#1009 = CARTESIAN_POINT('',(365.28275497785,226.02712501293,
    367.12834901805));
#1010 = SURFACE_CURVE('',#1011,(#1017,#1026),.PCURVE_S1.);
#1011 = B_SPLINE_CURVE_WITH_KNOTS('',4,(#1012,#1013,#1014,#1015,#1016),
  .UNSPECIFIED.,.F.,.F.,(5,5),(0.,1.),.PIECEWISE_BEZIER_KNOTS.);
#1012 = CARTESIAN_POINT('',(366.0000006,226.45285575223,367.25041415689)
  );
#1013 = CARTESIAN_POINT('',(365.82388976553,226.34124199807,
    367.2196883571));
#1014 = CARTESIAN_POINT('',(365.64570457669,226.23290134991,
    367.18897689049));
#1015 = CARTESIAN_POINT('',(365.46535751297,226.12808412134,
    367.15845714792));
#1016 = CARTESIAN_POINT('',(365.28275497785,226.02712501293,
    367.12834901805));
#1017 = PCURVE('',#969,#1018);
#1018 = DEFINITIONAL_REPRESENTATION('',(#1019),#1025);
#1019 = B_SPLINE_CURVE_WITH_KNOTS('',4,(#1020,#1021,#1022,#1023,#1024),
  .UNSPECIFIED.,.F.,.F.,(5,5),(0.,1.),.PIECEWISE_BEZIER_KNOTS.);
#1020 = CARTESIAN_POINT('',(0.268632883115,8.0000006));
#1021 = CARTESIAN_POINT('',(0.274171913392,7.823889765532));
#1022 = CARTESIAN_POINT('',(0.279559770169,7.645704576691));
#1023 = CARTESIAN_POINT('',(0.284783108755,7.465357512975));
#1024 = CARTESIAN_POINT('',(0.289823919074,7.282754977858));
#1025 = ( GEOMETRIC_REPRESENTATION_CONTEXT(2) 
PARAMETRIC_REPRESENTATION_CONTEXT() REPRESENTATION_CONTEXT('2D SPACE',''
  ) );
#1026 = PCURVE('',#1027,#1052);
#1027 = B_SPLINE_SURFACE_WITH_KNOTS('',1,11,(
    (#1028,#1029,#1030,#1031,#1032,#1033,#1034,#1035,#1036,#1037,#1038
      ,#1039)
    ,(#1040,#1041,#1042,#1043,#1044,#1045,#1046,#1047,#1048,#1049,#1050
      ,#1051
    )),.UNSPECIFIED.,.F.,.F.,.F.,(2,2),(12,12),(0.,2.051828452868),(0.,
    18.11596358319),.PIECEWISE_BEZIER_KNOTS.);
#1028 = CARTESIAN_POINT('',(369.85,222.18088341787,374.20340623735));
#1029 = CARTESIAN_POINT('',(369.85402921378,223.95770263496,
    370.09154376734));
#1030 = CARTESIAN_POINT('',(367.43270626478,225.76990116293,
    365.89658235114));
#1031 = CARTESIAN_POINT('',(362.47666688661,227.60507026488,
    363.23955621043));
#1032 = CARTESIAN_POINT('',(356.14427831771,229.44316492083,
    363.86577563861));
#1033 = CARTESIAN_POINT('',(350.85437296542,231.27086313827,
    368.5267116881));
#1034 = CARTESIAN_POINT('',(349.8125060498,233.06555876913,
    375.7495216513));
#1035 = CARTESIAN_POINT('',(353.1218921621,234.81462959688,
    381.39070287567));
#1036 = CARTESIAN_POINT('',(358.30185795358,236.50619688113,
    383.86589251781));
#1037 = CARTESIAN_POINT('',(363.19527840839,238.13272428239,
    383.23520204816));
#1038 = CARTESIAN_POINT('',(366.46663598325,239.69403254947,
    380.65299649854));
#1039 = CARTESIAN_POINT('',(367.78203484837,241.19329689599,
    377.42457596618));
#1040 = CARTESIAN_POINT('',(371.25,223.5586092831,374.79659376272));
#1041 = CARTESIAN_POINT('',(371.24597078642,225.61481865914,
    370.05484405772));
#1042 = CARTESIAN_POINT('',(368.44407185851,227.63439546609,
    365.3958237441));
#1043 = CARTESIAN_POINT('',(362.94744705583,229.58931335324,
    362.73009194302));
#1044 = CARTESIAN_POINT('',(356.40640138372,231.44300038964,
    363.80677308335));
#1045 = CARTESIAN_POINT('',(351.65999294804,233.18331123144,
    368.98728346897));
#1046 = CARTESIAN_POINT('',(351.70101662118,234.78814047238,
    375.50097772415));
#1047 = CARTESIAN_POINT('',(354.76113423819,236.25496372443,
    379.73778880275));
#1048 = CARTESIAN_POINT('',(358.86768144511,237.59898573624,
    381.45641155195));
#1049 = CARTESIAN_POINT('',(362.5296940886,238.82817775827,
    380.89549257344));
#1050 = CARTESIAN_POINT('',(364.94174407177,239.9750612673,
    378.97342411006));
#1051 = CARTESIAN_POINT('',(365.90858878273,241.06581028515,
    376.59756508163));
#1052 = DEFINITIONAL_REPRESENTATION('',(#1053),#1059);
#1053 = B_SPLINE_CURVE_WITH_KNOTS('',4,(#1054,#1055,#1056,#1057,#1058),
  .UNSPECIFIED.,.F.,.F.,(5,5),(0.,1.),.PIECEWISE_BEZIER_KNOTS.);
#1054 = CARTESIAN_POINT('',(0.698739745525,3.345302620451));
#1055 = CARTESIAN_POINT('',(0.520200491032,3.384721409123));
#1056 = CARTESIAN_POINT('',(0.344067944423,3.425799000755));
#1057 = CARTESIAN_POINT('',(0.170568530456,3.4685950687));
#1058 = CARTESIAN_POINT('',(0.,3.513169438344));
#1059 = ( GEOMETRIC_REPRESENTATION_CONTEXT(2) 
PARAMETRIC_REPRESENTATION_CONTEXT() REPRESENTATION_CONTEXT('2D SPACE',''
  ) );
#1060 = ORIENTED_EDGE('',*,*,#1061,.T.);
#1061 = EDGE_CURVE('',#1008,#1062,#1064,.T.);
#1062 = VERTEX_POINT('',#1063);
#1063 = CARTESIAN_POINT('',(358.,229.07781472318,367.79470543902));
#1064 = SURFACE_CURVE('',#1065,(#1088,#1114),.PCURVE_S1.);
#1065 = B_SPLINE_CURVE_WITH_KNOTS('',6,(#1066,#1067,#1068,#1069,#1070,
    #1071,#1072,#1073,#1074,#1075,#1076,#1077,#1078,#1079,#1080,#1081,
    #1082,#1083,#1084,#1085,#1086,#1087),.UNSPECIFIED.,.F.,.F.,(7,5,5,5,
    7),(0.,0.335179022452,0.489846841321,0.783896299502,1.),
  .UNSPECIFIED.);
#1066 = CARTESIAN_POINT('',(365.28275497785,226.02712501293,
    367.12834901805));
#1067 = CARTESIAN_POINT('',(364.86543385424,226.08532196598,
    367.14570457366));
#1068 = CARTESIAN_POINT('',(364.44596442696,226.15152805285,
    367.16522769707));
#1069 = CARTESIAN_POINT('',(364.02440367676,226.22723827338,
    367.1872507347));
#1070 = CARTESIAN_POINT('',(363.60113954112,226.31424624669,
    367.21213353571));
#1071 = CARTESIAN_POINT('',(363.17688062187,226.41471804096,
    367.24023623945));
#1072 = CARTESIAN_POINT('',(362.5569703007,226.58451105095,
    367.28627169485));
#1073 = CARTESIAN_POINT('',(362.36126659203,226.641464145,
    367.30152963551));
#1074 = CARTESIAN_POINT('',(362.1657120663,226.70197438595,
    367.31752624069));
#1075 = CARTESIAN_POINT('',(361.97044904065,226.76625835102,
    367.33426869761));
#1076 = CARTESIAN_POINT('',(361.77564404793,226.83452097305,
    367.35175060351));
#1077 = CARTESIAN_POINT('',(361.21236367995,227.04462958142,
    367.40454280278));
#1078 = CARTESIAN_POINT('',(360.84547973932,227.19738896841,
    367.44173236473));
#1079 = CARTESIAN_POINT('',(360.48233000184,227.36640574594,
    367.48133198842));
#1080 = CARTESIAN_POINT('',(360.12449284836,227.55257492047,
    367.52294137605));
#1081 = CARTESIAN_POINT('',(359.77358382891,227.75617621728,
    367.56583494172));
#1082 = CARTESIAN_POINT('',(359.17958312172,228.13853239842,
    367.64084495064));
#1083 = CARTESIAN_POINT('',(358.93252051698,228.30959782127,
    367.67281027189));
#1084 = CARTESIAN_POINT('',(358.69063507734,228.48952729127,
    367.70459585492));
#1085 = CARTESIAN_POINT('',(358.45438674308,228.67791981923,
    367.73578736599));
#1086 = CARTESIAN_POINT('',(358.22410218857,228.8742339774,
    367.7659589296));
#1087 = CARTESIAN_POINT('',(357.9999994,229.07781526824,367.79470551598)
  );
#1088 = PCURVE('',#969,#1089);
#1089 = DEFINITIONAL_REPRESENTATION('',(#1090),#1113);
#1090 = B_SPLINE_CURVE_WITH_KNOTS('',6,(#1091,#1092,#1093,#1094,#1095,
    #1096,#1097,#1098,#1099,#1100,#1101,#1102,#1103,#1104,#1105,#1106,
    #1107,#1108,#1109,#1110,#1111,#1112),.UNSPECIFIED.,.F.,.F.,(7,5,5,5,
    7),(0.,0.335179022452,0.489846841321,0.783896299502,1.),
  .UNSPECIFIED.);
#1091 = CARTESIAN_POINT('',(0.289823919074,7.282754977858));
#1092 = CARTESIAN_POINT('',(0.28691819015,6.865433854249));
#1093 = CARTESIAN_POINT('',(0.283615591483,6.445964426967));
#1094 = CARTESIAN_POINT('',(0.279842991898,6.024403676767));
#1095 = CARTESIAN_POINT('',(0.275513108314,5.601139541127));
#1096 = CARTESIAN_POINT('',(0.270521492991,5.176880621871));
#1097 = CARTESIAN_POINT('',(0.262104120834,4.556970300705));
#1098 = CARTESIAN_POINT('',(0.259283008839,4.361266592034));
#1099 = CARTESIAN_POINT('',(0.256288346141,4.165712066303));
#1100 = CARTESIAN_POINT('',(0.253109988245,3.970449040659));
#1101 = CARTESIAN_POINT('',(0.249738462427,3.77564404793));
#1102 = CARTESIAN_POINT('',(0.239372939351,3.212363679957));
#1103 = CARTESIAN_POINT('',(0.231850602273,2.845479739329));
#1104 = CARTESIAN_POINT('',(0.223545169224,2.482330001849));
#1105 = CARTESIAN_POINT('',(0.214418661222,2.124492848365));
#1106 = CARTESIAN_POINT('',(0.204464099876,1.773583828917));
#1107 = CARTESIAN_POINT('',(0.185820827624,1.17958312172));
#1108 = CARTESIAN_POINT('',(0.177494541896,0.932520516984));
#1109 = CARTESIAN_POINT('',(0.168752854984,0.690635077349));
#1110 = CARTESIAN_POINT('',(0.159617009735,0.454386743089));
#1111 = CARTESIAN_POINT('',(0.150114413771,0.224102188577));
#1112 = CARTESIAN_POINT('',(0.140277052679,-6.E-07));
#1113 = ( GEOMETRIC_REPRESENTATION_CONTEXT(2) 
PARAMETRIC_REPRESENTATION_CONTEXT() REPRESENTATION_CONTEXT('2D SPACE',''
  ) );
#1114 = PCURVE('',#1115,#1140);
#1115 = B_SPLINE_SURFACE_WITH_KNOTS('',1,11,(
    (#1116,#1117,#1118,#1119,#1120,#1121,#1122,#1123,#1124,#1125,#1126
      ,#1127)
    ,(#1128,#1129,#1130,#1131,#1132,#1133,#1134,#1135,#1136,#1137,#1138
      ,#1139
    )),.UNSPECIFIED.,.F.,.F.,.F.,(2,2),(12,12),(0.,2.2),(0.,
    18.11596358319),.PIECEWISE_BEZIER_KNOTS.);
#1116 = CARTESIAN_POINT('',(367.65,222.18088341789,374.2034062373));
#1117 = CARTESIAN_POINT('',(367.65402921375,223.51865778919,
    371.08137392176));
#1118 = CARTESIAN_POINT('',(365.81896832041,224.89257735092,
    367.87651399221));
#1119 = CARTESIAN_POINT('',(362.03841112478,226.31494369946,
    365.75746394345));
#1120 = CARTESIAN_POINT('',(357.01937492575,227.80031105821,
    366.04533491465));
#1121 = CARTESIAN_POINT('',(352.44990681846,229.35092081347,
    369.43975348346));
#1122 = CARTESIAN_POINT('',(350.56569901406,230.97149053835,
    375.65079864706));
#1123 = CARTESIAN_POINT('',(353.19106181253,232.65865427816,
    381.70101731777));
#1124 = CARTESIAN_POINT('',(358.49398221967,234.39850073217,
    384.74820571699));
#1125 = CARTESIAN_POINT('',(364.0115060879,236.18322777969,
    384.30998699488));
#1126 = CARTESIAN_POINT('',(367.89700128433,237.9928914782,
    381.37786007418));
#1127 = CARTESIAN_POINT('',(369.49391839128,239.8127313964,
    377.48368296127));
#1128 = CARTESIAN_POINT('',(369.85,222.18088341787,374.20340623735));
#1129 = CARTESIAN_POINT('',(369.85402921378,223.95770263496,
    370.09154376734));
#1130 = CARTESIAN_POINT('',(367.4327062648,225.76990116293,
    365.89658235114));
#1131 = CARTESIAN_POINT('',(362.47666688658,227.60507026486,
    363.23955621045));
#1132 = CARTESIAN_POINT('',(356.14427831777,229.44316492087,
    363.86577563858));
#1133 = CARTESIAN_POINT('',(350.85437296535,231.27086313823,
    368.52671168813));
#1134 = CARTESIAN_POINT('',(349.81250604988,233.06555876919,
    375.74952165128));
#1135 = CARTESIAN_POINT('',(353.12189216204,234.81462959683,
    381.39070287568));
#1136 = CARTESIAN_POINT('',(358.30185795361,236.50619688116,
    383.8658925178));
#1137 = CARTESIAN_POINT('',(363.19527840838,238.13272428238,
    383.23520204816));
#1138 = CARTESIAN_POINT('',(366.46663598326,239.69403254947,
    380.65299649854));
#1139 = CARTESIAN_POINT('',(367.78203484837,241.19329689599,
    377.42457596618));
#1140 = DEFINITIONAL_REPRESENTATION('',(#1141),#1164);
#1141 = B_SPLINE_CURVE_WITH_KNOTS('',6,(#1142,#1143,#1144,#1145,#1146,
    #1147,#1148,#1149,#1150,#1151,#1152,#1153,#1154,#1155,#1156,#1157,
    #1158,#1159,#1160,#1161,#1162,#1163),.UNSPECIFIED.,.F.,.F.,(7,5,5,5,
    7),(0.,0.335179022452,0.489846841321,0.783896299502,1.),
  .UNSPECIFIED.);
#1142 = CARTESIAN_POINT('',(2.2,3.513169438344));
#1143 = CARTESIAN_POINT('',(1.988745068723,3.644274113294));
#1144 = CARTESIAN_POINT('',(1.793371317223,3.783190284585));
#1145 = CARTESIAN_POINT('',(1.616126978735,3.930110837648));
#1146 = CARTESIAN_POINT('',(1.459727663212,4.084943345611));
#1147 = CARTESIAN_POINT('',(1.327215740387,4.247068382596));
#1148 = CARTESIAN_POINT('',(1.172739254114,4.492966115687));
#1149 = CARTESIAN_POINT('',(1.12967610306,4.571907882871));
#1150 = CARTESIAN_POINT('',(1.092613790865,4.652031368915));
#1151 = CARTESIAN_POINT('',(1.0618354814,4.73318960325));
#1152 = CARTESIAN_POINT('',(1.037604068585,4.815210465112));
#1153 = CARTESIAN_POINT('',(0.986958761656,5.055106675574));
#1154 = CARTESIAN_POINT('',(0.978246845738,5.21477448599));
#1155 = CARTESIAN_POINT('',(0.995616624083,5.375500547142));
#1156 = CARTESIAN_POINT('',(1.0401040568,5.535681931076));
#1157 = CARTESIAN_POINT('',(1.111918489249,5.693754541573));
#1158 = CARTESIAN_POINT('',(1.28251674783,5.961915183228));
#1159 = CARTESIAN_POINT('',(1.369119489225,6.073637749381));
#1160 = CARTESIAN_POINT('',(1.469752492458,6.182939119312));
#1161 = CARTESIAN_POINT('',(1.583867886582,6.289393356499));
#1162 = CARTESIAN_POINT('',(1.710739484751,6.392685675409));
#1163 = CARTESIAN_POINT('',(1.849526225886,6.492600098046));
#1164 = ( GEOMETRIC_REPRESENTATION_CONTEXT(2) 
PARAMETRIC_REPRESENTATION_CONTEXT() REPRESENTATION_CONTEXT('2D SPACE',''
  ) );
#1165 = ORIENTED_EDGE('',*,*,#1166,.T.);
#1166 = EDGE_CURVE('',#1062,#868,#1167,.T.);
#1167 = SURFACE_CURVE('',#1168,(#1173,#1180),.PCURVE_S1.);
#1168 = CIRCLE('',#1169,20.9);
#1169 = AXIS2_PLACEMENT_3D('',#1170,#1171,#1172);
#1170 = CARTESIAN_POINT('',(358.,232.,347.1));
#1171 = DIRECTION('',(1.,0.,0.));
#1172 = DIRECTION('',(-0.,0.,1.));
#1173 = PCURVE('',#969,#1174);
#1174 = DEFINITIONAL_REPRESENTATION('',(#1175),#1179);
#1175 = LINE('',#1176,#1177);
#1176 = CARTESIAN_POINT('',(0.,0.));
#1177 = VECTOR('',#1178,1.);
#1178 = DIRECTION('',(1.,0.));
#1179 = ( GEOMETRIC_REPRESENTATION_CONTEXT(2) 
PARAMETRIC_REPRESENTATION_CONTEXT() REPRESENTATION_CONTEXT('2D SPACE',''
  ) );
#1180 = PCURVE('',#45,#1181);
#1181 = DEFINITIONAL_REPRESENTATION('',(#1182),#1186);
#1182 = CIRCLE('',#1183,20.9);
#1183 = AXIS2_PLACEMENT_2D('',#1184,#1185);
#1184 = CARTESIAN_POINT('',(0.,0.));
#1185 = DIRECTION('',(1.,0.));
#1186 = ( GEOMETRIC_REPRESENTATION_CONTEXT(2) 
PARAMETRIC_REPRESENTATION_CONTEXT() REPRESENTATION_CONTEXT('2D SPACE',''
  ) );
#1187 = ORIENTED_EDGE('',*,*,#956,.T.);
#1188 = ADVANCED_FACE('',(#1189),#1027,.T.);
#1189 = FACE_BOUND('',#1190,.T.);
#1190 = EDGE_LOOP('',(#1191,#1223,#1224,#1262,#1294));
#1191 = ORIENTED_EDGE('',*,*,#1192,.F.);
#1192 = EDGE_CURVE('',#1008,#1193,#1195,.T.);
#1193 = VERTEX_POINT('',#1194);
#1194 = CARTESIAN_POINT('',(358.,229.30654684866,367.52678351904));
#1195 = SURFACE_CURVE('',#1196,(#1209,#1216),.PCURVE_S1.);
#1196 = B_SPLINE_CURVE_WITH_KNOTS('',11,(#1197,#1198,#1199,#1200,#1201,
    #1202,#1203,#1204,#1205,#1206,#1207,#1208),.UNSPECIFIED.,.F.,.F.,(12
    ,12),(0.,18.11596358319),.PIECEWISE_BEZIER_KNOTS.);
#1197 = CARTESIAN_POINT('',(369.85,222.18088341787,374.20340623735));
#1198 = CARTESIAN_POINT('',(369.85402921378,223.95770263496,
    370.09154376734));
#1199 = CARTESIAN_POINT('',(367.4327062648,225.76990116293,
    365.89658235114));
#1200 = CARTESIAN_POINT('',(362.47666688658,227.60507026486,
    363.23955621045));
#1201 = CARTESIAN_POINT('',(356.14427831777,229.44316492087,
    363.86577563858));
#1202 = CARTESIAN_POINT('',(350.85437296535,231.27086313823,
    368.52671168813));
#1203 = CARTESIAN_POINT('',(349.81250604988,233.06555876919,
    375.74952165128));
#1204 = CARTESIAN_POINT('',(353.12189216204,234.81462959683,
    381.39070287568));
#1205 = CARTESIAN_POINT('',(358.30185795361,236.50619688116,
    383.8658925178));
#1206 = CARTESIAN_POINT('',(363.19527840838,238.13272428238,
    383.23520204816));
#1207 = CARTESIAN_POINT('',(366.46663598326,239.69403254947,
    380.65299649854));
#1208 = CARTESIAN_POINT('',(367.78203484837,241.19329689599,
    377.42457596618));
#1209 = PCURVE('',#1027,#1210);
#1210 = DEFINITIONAL_REPRESENTATION('',(#1211),#1215);
#1211 = LINE('',#1212,#1213);
#1212 = CARTESIAN_POINT('',(0.,0.));
#1213 = VECTOR('',#1214,1.);
#1214 = DIRECTION('',(0.,1.));
#1215 = ( GEOMETRIC_REPRESENTATION_CONTEXT(2) 
PARAMETRIC_REPRESENTATION_CONTEXT() REPRESENTATION_CONTEXT('2D SPACE',''
  ) );
#1216 = PCURVE('',#1115,#1217);
#1217 = DEFINITIONAL_REPRESENTATION('',(#1218),#1222);
#1218 = LINE('',#1219,#1220);
#1219 = CARTESIAN_POINT('',(2.2,0.));
#1220 = VECTOR('',#1221,1.);
#1221 = DIRECTION('',(0.,1.));
#1222 = ( GEOMETRIC_REPRESENTATION_CONTEXT(2) 
PARAMETRIC_REPRESENTATION_CONTEXT() REPRESENTATION_CONTEXT('2D SPACE',''
  ) );
#1223 = ORIENTED_EDGE('',*,*,#1007,.F.);
#1224 = ORIENTED_EDGE('',*,*,#1225,.F.);
#1225 = EDGE_CURVE('',#1226,#984,#1228,.T.);
#1226 = VERTEX_POINT('',#1227);
#1227 = CARTESIAN_POINT('',(366.,227.94394230767,366.82057791246));
#1228 = SURFACE_CURVE('',#1229,(#1238,#1250),.PCURVE_S1.);
#1229 = B_SPLINE_CURVE_WITH_KNOTS('',4,(#1230,#1231,#1232,#1233,#1234,
    #1235,#1236,#1237),.UNSPECIFIED.,.F.,.F.,(5,3,5),(0.,0.531298427727,
    1.),.UNSPECIFIED.);
#1230 = CARTESIAN_POINT('',(366.,227.94394230767,366.82057791246));
#1231 = CARTESIAN_POINT('',(366.,227.64178969632,366.90138468753));
#1232 = CARTESIAN_POINT('',(366.,227.33996510637,366.98529281421));
#1233 = CARTESIAN_POINT('',(366.,227.03850785743,367.07250453588));
#1234 = CARTESIAN_POINT('',(366.,226.47191901752,367.2434007462));
#1235 = CARTESIAN_POINT('',(366.,226.20669276601,367.32629102514));
#1236 = CARTESIAN_POINT('',(366.,225.94184349676,367.41216531));
#1237 = CARTESIAN_POINT('',(366.,225.67743757851,367.50128813673));
#1238 = PCURVE('',#1027,#1239);
#1239 = DEFINITIONAL_REPRESENTATION('',(#1240),#1249);
#1240 = B_SPLINE_CURVE_WITH_KNOTS('',4,(#1241,#1242,#1243,#1244,#1245,
    #1246,#1247,#1248),.UNSPECIFIED.,.F.,.F.,(5,3,5),(0.,0.531298427727,
    1.),.UNSPECIFIED.);
#1241 = CARTESIAN_POINT('',(2.051828452868,3.606500417062));
#1242 = CARTESIAN_POINT('',(1.776617703989,3.556305005943));
#1243 = CARTESIAN_POINT('',(1.50218797676,3.504849514467));
#1244 = CARTESIAN_POINT('',(1.228647201616,3.451971580198));
#1245 = CARTESIAN_POINT('',(0.715768229266,3.349347275031));
#1246 = CARTESIAN_POINT('',(0.476198378261,3.299965223537));
#1247 = CARTESIAN_POINT('',(0.237555032204,3.249147947142));
#1248 = CARTESIAN_POINT('',(0.,3.196684434519));
#1249 = ( GEOMETRIC_REPRESENTATION_CONTEXT(2) 
PARAMETRIC_REPRESENTATION_CONTEXT() REPRESENTATION_CONTEXT('2D SPACE',''
  ) );
#1250 = PCURVE('',#245,#1251);
#1251 = DEFINITIONAL_REPRESENTATION('',(#1252),#1261);
#1252 = B_SPLINE_CURVE_WITH_KNOTS('',4,(#1253,#1254,#1255,#1256,#1257,
    #1258,#1259,#1260),.UNSPECIFIED.,.F.,.F.,(5,3,5),(0.,0.531298427727,
    1.),.UNSPECIFIED.);
#1253 = CARTESIAN_POINT('',(19.720577912468,4.056057692322));
#1254 = CARTESIAN_POINT('',(19.80138468753,4.358210303679));
#1255 = CARTESIAN_POINT('',(19.885292814211,4.660034893625));
#1256 = CARTESIAN_POINT('',(19.97250453588,4.961492142564));
#1257 = CARTESIAN_POINT('',(20.143400746202,5.528080982479));
#1258 = CARTESIAN_POINT('',(20.226291025147,5.793307233986));
#1259 = CARTESIAN_POINT('',(20.312165310005,6.058156503235));
#1260 = CARTESIAN_POINT('',(20.401288136735,6.322562421482));
#1261 = ( GEOMETRIC_REPRESENTATION_CONTEXT(2) 
PARAMETRIC_REPRESENTATION_CONTEXT() REPRESENTATION_CONTEXT('2D SPACE',''
  ) );
#1262 = ORIENTED_EDGE('',*,*,#1263,.T.);
#1263 = EDGE_CURVE('',#1226,#1264,#1266,.T.);
#1264 = VERTEX_POINT('',#1265);
#1265 = CARTESIAN_POINT('',(358.,231.60239653269,367.85021693476));
#1266 = SURFACE_CURVE('',#1267,(#1280,#1287),.PCURVE_S1.);
#1267 = B_SPLINE_CURVE_WITH_KNOTS('',11,(#1268,#1269,#1270,#1271,#1272,
    #1273,#1274,#1275,#1276,#1277,#1278,#1279),.UNSPECIFIED.,.F.,.F.,(12
    ,12),(0.,18.11596358319),.PIECEWISE_BEZIER_KNOTS.);
#1268 = CARTESIAN_POINT('',(371.25,223.5586092831,374.79659376272));
#1269 = CARTESIAN_POINT('',(371.24597078643,225.61481865914,
    370.05484405772));
#1270 = CARTESIAN_POINT('',(368.44407185849,227.63439546609,
    365.39582374412));
#1271 = CARTESIAN_POINT('',(362.94744705588,229.58931335325,
    362.73009194298));
#1272 = CARTESIAN_POINT('',(356.40640138363,231.44300038963,
    363.80677308342));
#1273 = CARTESIAN_POINT('',(351.65999294817,233.18331123145,
    368.98728346887));
#1274 = CARTESIAN_POINT('',(351.70101662105,234.78814047238,
    375.50097772425));
#1275 = CARTESIAN_POINT('',(354.76113423828,236.25496372442,
    379.73778880267));
#1276 = CARTESIAN_POINT('',(358.86768144506,237.59898573624,
    381.45641155199));
#1277 = CARTESIAN_POINT('',(362.52969408862,238.82817775827,
    380.89549257342));
#1278 = CARTESIAN_POINT('',(364.94174407177,239.9750612673,
    378.97342411007));
#1279 = CARTESIAN_POINT('',(365.90858878273,241.06581028515,
    376.59756508163));
#1280 = PCURVE('',#1027,#1281);
#1281 = DEFINITIONAL_REPRESENTATION('',(#1282),#1286);
#1282 = LINE('',#1283,#1284);
#1283 = CARTESIAN_POINT('',(2.051828452868,0.));
#1284 = VECTOR('',#1285,1.);
#1285 = DIRECTION('',(0.,1.));
#1286 = ( GEOMETRIC_REPRESENTATION_CONTEXT(2) 
PARAMETRIC_REPRESENTATION_CONTEXT() REPRESENTATION_CONTEXT('2D SPACE',''
  ) );
#1287 = PCURVE('',#155,#1288);
#1288 = DEFINITIONAL_REPRESENTATION('',(#1289),#1293);
#1289 = LINE('',#1290,#1291);
#1290 = CARTESIAN_POINT('',(0.,0.));
#1291 = VECTOR('',#1292,1.);
#1292 = DIRECTION('',(0.,1.));
#1293 = ( GEOMETRIC_REPRESENTATION_CONTEXT(2) 
PARAMETRIC_REPRESENTATION_CONTEXT() REPRESENTATION_CONTEXT('2D SPACE',''
  ) );
#1294 = ORIENTED_EDGE('',*,*,#1295,.T.);
#1295 = EDGE_CURVE('',#1264,#1193,#1296,.T.);
#1296 = SURFACE_CURVE('',#1297,(#1308,#1322),.PCURVE_S1.);
#1297 = B_SPLINE_CURVE_WITH_KNOTS('',5,(#1298,#1299,#1300,#1301,#1302,
    #1303,#1304,#1305,#1306,#1307),.UNSPECIFIED.,.F.,.F.,(6,4,6),(0.,
    0.502118564194,1.),.UNSPECIFIED.);
#1298 = CARTESIAN_POINT('',(358.,231.60239653269,367.85021693476));
#1299 = CARTESIAN_POINT('',(358.,231.37190632379,367.80953637048));
#1300 = CARTESIAN_POINT('',(358.,231.14137026966,367.77115123463));
#1301 = CARTESIAN_POINT('',(358.,230.91080684818,367.73491970879));
#1302 = CARTESIAN_POINT('',(358.,230.6802304599,367.70072715545));
#1303 = CARTESIAN_POINT('',(358.,230.22101738226,367.63649587859));
#1304 = CARTESIAN_POINT('',(358.,229.99238109503,367.60642431538));
#1305 = CARTESIAN_POINT('',(358.,229.7637522742,367.57816650074));
#1306 = CARTESIAN_POINT('',(358.,229.5351389006,367.55164186533));
#1307 = CARTESIAN_POINT('',(358.,229.30654684866,367.52678351904));
#1308 = PCURVE('',#1027,#1309);
#1309 = DEFINITIONAL_REPRESENTATION('',(#1310),#1321);
#1310 = B_SPLINE_CURVE_WITH_KNOTS('',5,(#1311,#1312,#1313,#1314,#1315,
    #1316,#1317,#1318,#1319,#1320),.UNSPECIFIED.,.F.,.F.,(6,4,6),(0.,
    0.502118564194,1.),.UNSPECIFIED.);
#1311 = CARTESIAN_POINT('',(2.051828452868,6.873929272942));
#1312 = CARTESIAN_POINT('',(1.847724430033,6.831229715941));
#1313 = CARTESIAN_POINT('',(1.643018288423,6.789471362817));
#1314 = CARTESIAN_POINT('',(1.437779002701,6.748555687809));
#1315 = CARTESIAN_POINT('',(1.232061523024,6.70840237999));
#1316 = CARTESIAN_POINT('',(0.821499505529,6.629813566435));
#1317 = CARTESIAN_POINT('',(0.616662671573,6.59136628364));
#1318 = CARTESIAN_POINT('',(0.411443754413,6.553532496965));
#1319 = CARTESIAN_POINT('',(0.205879528751,6.516253552193));
#1320 = CARTESIAN_POINT('',(0.,6.479479273308));
#1321 = ( GEOMETRIC_REPRESENTATION_CONTEXT(2) 
PARAMETRIC_REPRESENTATION_CONTEXT() REPRESENTATION_CONTEXT('2D SPACE',''
  ) );
#1322 = PCURVE('',#45,#1323);
#1323 = DEFINITIONAL_REPRESENTATION('',(#1324),#1335);
#1324 = B_SPLINE_CURVE_WITH_KNOTS('',5,(#1325,#1326,#1327,#1328,#1329,
    #1330,#1331,#1332,#1333,#1334),.UNSPECIFIED.,.F.,.F.,(6,4,6),(0.,
    0.502118564194,1.),.UNSPECIFIED.);
#1325 = CARTESIAN_POINT('',(20.750216934763,0.397603467303));
#1326 = CARTESIAN_POINT('',(20.709536370485,0.628093676204));
#1327 = CARTESIAN_POINT('',(20.671151234636,0.858629730336));
#1328 = CARTESIAN_POINT('',(20.634919708792,1.089193151814));
#1329 = CARTESIAN_POINT('',(20.600727155455,1.319769540098));
#1330 = CARTESIAN_POINT('',(20.536495878596,1.778982617734));
#1331 = CARTESIAN_POINT('',(20.506424315385,2.007618904968));
#1332 = CARTESIAN_POINT('',(20.478166500742,2.236247725794));
#1333 = CARTESIAN_POINT('',(20.451641865331,2.464861099394));
#1334 = CARTESIAN_POINT('',(20.426783519042,2.693453151339));
#1335 = ( GEOMETRIC_REPRESENTATION_CONTEXT(2) 
PARAMETRIC_REPRESENTATION_CONTEXT() REPRESENTATION_CONTEXT('2D SPACE',''
  ) );
#1336 = ADVANCED_FACE('',(#1337),#1115,.T.);
#1337 = FACE_BOUND('',#1338,.T.);
#1338 = EDGE_LOOP('',(#1339,#1340,#1367));
#1339 = ORIENTED_EDGE('',*,*,#1192,.T.);
#1340 = ORIENTED_EDGE('',*,*,#1341,.T.);
#1341 = EDGE_CURVE('',#1193,#1062,#1342,.T.);
#1342 = SURFACE_CURVE('',#1343,(#1349,#1358),.PCURVE_S1.);
#1343 = B_SPLINE_CURVE_WITH_KNOTS('',4,(#1344,#1345,#1346,#1347,#1348),
  .UNSPECIFIED.,.F.,.F.,(5,5),(0.,1.),.PIECEWISE_BEZIER_KNOTS.);
#1344 = CARTESIAN_POINT('',(358.,229.30654684866,367.52678351904));
#1345 = CARTESIAN_POINT('',(358.,229.20554975085,367.64505160975));
#1346 = CARTESIAN_POINT('',(358.,229.1045656498,367.76334264713));
#1347 = CARTESIAN_POINT('',(358.,229.00359559417,367.88165816664));
#1348 = CARTESIAN_POINT('',(358.,228.90264089069,368.));
#1349 = PCURVE('',#1115,#1350);
#1350 = DEFINITIONAL_REPRESENTATION('',(#1351),#1357);
#1351 = B_SPLINE_CURVE_WITH_KNOTS('',4,(#1352,#1353,#1354,#1355,#1356),
  .UNSPECIFIED.,.F.,.F.,(5,5),(0.,1.),.PIECEWISE_BEZIER_KNOTS.);
#1352 = CARTESIAN_POINT('',(2.2,6.479479273308));
#1353 = CARTESIAN_POINT('',(2.045251565946,6.485123480472));
#1354 = CARTESIAN_POINT('',(1.890518408744,6.49093824637));
#1355 = CARTESIAN_POINT('',(1.735801711224,6.49693475037));
#1356 = CARTESIAN_POINT('',(1.581102926962,6.503126231958));
#1357 = ( GEOMETRIC_REPRESENTATION_CONTEXT(2) 
PARAMETRIC_REPRESENTATION_CONTEXT() REPRESENTATION_CONTEXT('2D SPACE',''
  ) );
#1358 = PCURVE('',#45,#1359);
#1359 = DEFINITIONAL_REPRESENTATION('',(#1360),#1366);
#1360 = B_SPLINE_CURVE_WITH_KNOTS('',4,(#1361,#1362,#1363,#1364,#1365),
  .UNSPECIFIED.,.F.,.F.,(5,5),(0.,1.),.PIECEWISE_BEZIER_KNOTS.);
#1361 = CARTESIAN_POINT('',(20.426783519042,2.693453151339));
#1362 = CARTESIAN_POINT('',(20.545051609752,2.794450249148));
#1363 = CARTESIAN_POINT('',(20.663342647137,2.895434350192));
#1364 = CARTESIAN_POINT('',(20.781658166646,2.996404405825));
#1365 = CARTESIAN_POINT('',(20.9,3.097359109303));
#1366 = ( GEOMETRIC_REPRESENTATION_CONTEXT(2) 
PARAMETRIC_REPRESENTATION_CONTEXT() REPRESENTATION_CONTEXT('2D SPACE',''
  ) );
#1367 = ORIENTED_EDGE('',*,*,#1061,.F.);
#1368 = ADVANCED_FACE('',(#1369),#753,.T.);
#1369 = FACE_BOUND('',#1370,.T.);
#1370 = EDGE_LOOP('',(#1371,#1372,#1398,#1399));
#1371 = ORIENTED_EDGE('',*,*,#738,.T.);
#1372 = ORIENTED_EDGE('',*,*,#1373,.F.);
#1373 = EDGE_CURVE('',#892,#713,#1374,.T.);
#1374 = SURFACE_CURVE('',#1375,(#1380,#1391),.PCURVE_S1.);
#1375 = CIRCLE('',#1376,18.9);
#1376 = AXIS2_PLACEMENT_3D('',#1377,#1378,#1379);
#1377 = CARTESIAN_POINT('',(362.,232.,347.1));
#1378 = DIRECTION('',(-1.,0.,0.));
#1379 = DIRECTION('',(0.,-0.422618261741,0.906307787037));
#1380 = PCURVE('',#753,#1381);
#1381 = DEFINITIONAL_REPRESENTATION('',(#1382),#1390);
#1382 = ( BOUNDED_CURVE() B_SPLINE_CURVE(2,(#1383,#1384,#1385,#1386,
#1387,#1388,#1389),.UNSPECIFIED.,.T.,.F.) B_SPLINE_CURVE_WITH_KNOTS((1,2
    ,2,2,2,1),(-2.094395102393,0.,2.094395102393,4.188790204786,
6.28318530718,8.377580409573),.UNSPECIFIED.) CURVE() 
GEOMETRIC_REPRESENTATION_ITEM() RATIONAL_B_SPLINE_CURVE((1.,0.5,1.,0.5,
1.,0.5,1.)) REPRESENTATION_ITEM('') );
#1383 = CARTESIAN_POINT('',(17.129217174993,7.987485146899));
#1384 = CARTESIAN_POINT('',(30.963947274124,-21.68118929407));
#1385 = CARTESIAN_POINT('',(-1.647243537931,-18.82807979393));
#1386 = CARTESIAN_POINT('',(-34.25843434998,-15.97497029379));
#1387 = CARTESIAN_POINT('',(-15.48197363706,10.840594647035));
#1388 = CARTESIAN_POINT('',(3.294487075861,37.656159587868));
#1389 = CARTESIAN_POINT('',(17.129217174993,7.987485146899));
#1390 = ( GEOMETRIC_REPRESENTATION_CONTEXT(2) 
PARAMETRIC_REPRESENTATION_CONTEXT() REPRESENTATION_CONTEXT('2D SPACE',''
  ) );
#1391 = PCURVE('',#727,#1392);
#1392 = DEFINITIONAL_REPRESENTATION('',(#1393),#1397);
#1393 = LINE('',#1394,#1395);
#1394 = CARTESIAN_POINT('',(6.719517620178,4.));
#1395 = VECTOR('',#1396,1.);
#1396 = DIRECTION('',(-1.,-0.));
#1397 = ( GEOMETRIC_REPRESENTATION_CONTEXT(2) 
PARAMETRIC_REPRESENTATION_CONTEXT() REPRESENTATION_CONTEXT('2D SPACE',''
  ) );
#1398 = ORIENTED_EDGE('',*,*,#891,.T.);
#1399 = ORIENTED_EDGE('',*,*,#841,.F.);
#1400 = ADVANCED_FACE('',(#1401),#727,.F.);
#1401 = FACE_BOUND('',#1402,.F.);
#1402 = EDGE_LOOP('',(#1403,#1404,#1405,#1431));
#1403 = ORIENTED_EDGE('',*,*,#1373,.F.);
#1404 = ORIENTED_EDGE('',*,*,#912,.T.);
#1405 = ORIENTED_EDGE('',*,*,#1406,.T.);
#1406 = EDGE_CURVE('',#913,#690,#1407,.T.);
#1407 = SURFACE_CURVE('',#1408,(#1413,#1420),.PCURVE_S1.);
#1408 = CIRCLE('',#1409,18.9);
#1409 = AXIS2_PLACEMENT_3D('',#1410,#1411,#1412);
#1410 = CARTESIAN_POINT('',(366.,232.,347.1));
#1411 = DIRECTION('',(-1.,0.,0.));
#1412 = DIRECTION('',(0.,-0.422618261741,0.906307787037));
#1413 = PCURVE('',#727,#1414);
#1414 = DEFINITIONAL_REPRESENTATION('',(#1415),#1419);
#1415 = LINE('',#1416,#1417);
#1416 = CARTESIAN_POINT('',(6.719517620178,8.));
#1417 = VECTOR('',#1418,1.);
#1418 = DIRECTION('',(-1.,-0.));
#1419 = ( GEOMETRIC_REPRESENTATION_CONTEXT(2) 
PARAMETRIC_REPRESENTATION_CONTEXT() REPRESENTATION_CONTEXT('2D SPACE',''
  ) );
#1420 = PCURVE('',#245,#1421);
#1421 = DEFINITIONAL_REPRESENTATION('',(#1422),#1430);
#1422 = ( BOUNDED_CURVE() B_SPLINE_CURVE(2,(#1423,#1424,#1425,#1426,
#1427,#1428,#1429),.UNSPECIFIED.,.T.,.F.) B_SPLINE_CURVE_WITH_KNOTS((1,2
    ,2,2,2,1),(-2.094395102393,0.,2.094395102393,4.188790204786,
6.28318530718,8.377580409573),.UNSPECIFIED.) CURVE() 
GEOMETRIC_REPRESENTATION_ITEM() RATIONAL_B_SPLINE_CURVE((1.,0.5,1.,0.5,
1.,0.5,1.)) REPRESENTATION_ITEM('') );
#1423 = CARTESIAN_POINT('',(17.129217174993,7.987485146899));
#1424 = CARTESIAN_POINT('',(30.963947274124,-21.68118929407));
#1425 = CARTESIAN_POINT('',(-1.647243537931,-18.82807979393));
#1426 = CARTESIAN_POINT('',(-34.25843434998,-15.97497029379));
#1427 = CARTESIAN_POINT('',(-15.48197363706,10.840594647035));
#1428 = CARTESIAN_POINT('',(3.294487075862,37.656159587868));
#1429 = CARTESIAN_POINT('',(17.129217174993,7.987485146899));
#1430 = ( GEOMETRIC_REPRESENTATION_CONTEXT(2) 
PARAMETRIC_REPRESENTATION_CONTEXT() REPRESENTATION_CONTEXT('2D SPACE',''
  ) );
#1431 = ORIENTED_EDGE('',*,*,#712,.F.);
#1432 = ADVANCED_FACE('',(#1433),#565,.T.);
#1433 = FACE_BOUND('',#1434,.T.);
#1434 = EDGE_LOOP('',(#1435,#1464,#1494));
#1435 = ORIENTED_EDGE('',*,*,#1436,.F.);
#1436 = EDGE_CURVE('',#1437,#427,#1439,.T.);
#1437 = VERTEX_POINT('',#1438);
#1438 = CARTESIAN_POINT('',(366.,237.05831114914,366.80271066212));
#1439 = SURFACE_CURVE('',#1440,(#1450,#1457),.PCURVE_S1.);
#1440 = B_SPLINE_CURVE_WITH_KNOTS('',8,(#1441,#1442,#1443,#1444,#1445,
    #1446,#1447,#1448,#1449),.UNSPECIFIED.,.F.,.F.,(9,9),(0.,
    8.460336410126),.PIECEWISE_BEZIER_KNOTS.);
#1441 = CARTESIAN_POINT('',(371.25,232.68886293262,374.79659376266));
#1442 = CARTESIAN_POINT('',(371.24946524961,234.00294878987,
    371.74903081572));
#1443 = CARTESIAN_POINT('',(370.05014553607,235.30255843078,
    368.73577145353));
#1444 = CARTESIAN_POINT('',(367.68456397044,236.57779172552,
    366.32709358237));
#1445 = CARTESIAN_POINT('',(364.51428130999,237.82185243777,
    365.06797537456));
#1446 = CARTESIAN_POINT('',(361.23913783583,239.02594823254,
    365.21588850299));
#1447 = CARTESIAN_POINT('',(358.49800872949,240.18536598948,
    366.52115366017));
#1448 = CARTESIAN_POINT('',(356.62634810393,241.29613028148,
    368.5411372096));
#1449 = CARTESIAN_POINT('',(355.6946541614,242.35643557861,
    370.81977361394));
#1450 = PCURVE('',#565,#1451);
#1451 = DEFINITIONAL_REPRESENTATION('',(#1452),#1456);
#1452 = LINE('',#1453,#1454);
#1453 = CARTESIAN_POINT('',(0.,0.));
#1454 = VECTOR('',#1455,1.);
#1455 = DIRECTION('',(0.,1.));
#1456 = ( GEOMETRIC_REPRESENTATION_CONTEXT(2) 
PARAMETRIC_REPRESENTATION_CONTEXT() REPRESENTATION_CONTEXT('2D SPACE',''
  ) );
#1457 = PCURVE('',#464,#1458);
#1458 = DEFINITIONAL_REPRESENTATION('',(#1459),#1463);
#1459 = LINE('',#1460,#1461);
#1460 = CARTESIAN_POINT('',(2.051828452868,0.));
#1461 = VECTOR('',#1462,1.);
#1462 = DIRECTION('',(0.,1.));
#1463 = ( GEOMETRIC_REPRESENTATION_CONTEXT(2) 
PARAMETRIC_REPRESENTATION_CONTEXT() REPRESENTATION_CONTEXT('2D SPACE',''
  ) );
#1464 = ORIENTED_EDGE('',*,*,#1465,.F.);
#1465 = EDGE_CURVE('',#502,#1437,#1466,.T.);
#1466 = SURFACE_CURVE('',#1467,(#1474,#1484),.PCURVE_S1.);
#1467 = B_SPLINE_CURVE_WITH_KNOTS('',5,(#1468,#1469,#1470,#1471,#1472,
    #1473),.UNSPECIFIED.,.F.,.F.,(6,6),(0.,1.),
  .PIECEWISE_BEZIER_KNOTS.);
#1468 = CARTESIAN_POINT('',(366.,236.26970596206,368.));
#1469 = CARTESIAN_POINT('',(366.,236.42605434613,367.7570986405));
#1470 = CARTESIAN_POINT('',(366.,236.58316663704,367.51608538461));
#1471 = CARTESIAN_POINT('',(366.,236.74095811045,367.27677835008));
#1472 = CARTESIAN_POINT('',(366.,236.89935729921,367.0390316646));
#1473 = CARTESIAN_POINT('',(366.,237.05831114914,366.80271066212));
#1474 = PCURVE('',#565,#1475);
#1475 = DEFINITIONAL_REPRESENTATION('',(#1476),#1483);
#1476 = B_SPLINE_CURVE_WITH_KNOTS('',5,(#1477,#1478,#1479,#1480,#1481,
    #1482),.UNSPECIFIED.,.F.,.F.,(6,6),(0.,1.),
  .PIECEWISE_BEZIER_KNOTS.);
#1477 = CARTESIAN_POINT('',(1.201858428706,3.327238192493));
#1478 = CARTESIAN_POINT('',(0.965751194192,3.390055855395));
#1479 = CARTESIAN_POINT('',(0.727172610317,3.448969289819));
#1480 = CARTESIAN_POINT('',(0.486510265546,3.504448389675));
#1481 = CARTESIAN_POINT('',(0.244047286576,3.556861657407));
#1482 = CARTESIAN_POINT('',(0.,3.60651652625));
#1483 = ( GEOMETRIC_REPRESENTATION_CONTEXT(2) 
PARAMETRIC_REPRESENTATION_CONTEXT() REPRESENTATION_CONTEXT('2D SPACE',''
  ) );
#1484 = PCURVE('',#245,#1485);
#1485 = DEFINITIONAL_REPRESENTATION('',(#1486),#1493);
#1486 = B_SPLINE_CURVE_WITH_KNOTS('',5,(#1487,#1488,#1489,#1490,#1491,
    #1492),.UNSPECIFIED.,.F.,.F.,(6,6),(0.,1.),
  .PIECEWISE_BEZIER_KNOTS.);
#1487 = CARTESIAN_POINT('',(20.9,-4.269705962064));
#1488 = CARTESIAN_POINT('',(20.657098640509,-4.426054346138));
#1489 = CARTESIAN_POINT('',(20.416085384615,-4.583166637045));
#1490 = CARTESIAN_POINT('',(20.176778350084,-4.74095811045));
#1491 = CARTESIAN_POINT('',(19.939031664602,-4.899357299218));
#1492 = CARTESIAN_POINT('',(19.702710662127,-5.058311149141));
#1493 = ( GEOMETRIC_REPRESENTATION_CONTEXT(2) 
PARAMETRIC_REPRESENTATION_CONTEXT() REPRESENTATION_CONTEXT('2D SPACE',''
  ) );
#1494 = ORIENTED_EDGE('',*,*,#501,.F.);
#1495 = ADVANCED_FACE('',(#1496),#464,.T.);
#1496 = FACE_BOUND('',#1497,.T.);
#1497 = EDGE_LOOP('',(#1498,#1527,#1569,#1570));
#1498 = ORIENTED_EDGE('',*,*,#1499,.F.);
#1499 = EDGE_CURVE('',#1500,#262,#1502,.T.);
#1500 = VERTEX_POINT('',#1501);
#1501 = CARTESIAN_POINT('',(366.,234.79559197088,367.50355985759));
#1502 = SURFACE_CURVE('',#1503,(#1513,#1520),.PCURVE_S1.);
#1503 = B_SPLINE_CURVE_WITH_KNOTS('',8,(#1504,#1505,#1506,#1507,#1508,
    #1509,#1510,#1511,#1512),.UNSPECIFIED.,.F.,.F.,(9,9),(0.,
    8.460336410126),.PIECEWISE_BEZIER_KNOTS.);
#1504 = CARTESIAN_POINT('',(369.85,231.31113706737,374.20340623734));
#1505 = CARTESIAN_POINT('',(369.85053475039,232.4493343645,
    371.56183449436));
#1506 = CARTESIAN_POINT('',(368.81225711679,233.60237726435,
    368.88607944681));
#1507 = CARTESIAN_POINT('',(366.70413465731,234.76595093547,
    366.66201185735));
#1508 = CARTESIAN_POINT('',(363.76886488863,235.93600409994,
    365.4011612584));
#1509 = CARTESIAN_POINT('',(360.5699294572,237.10746548008,
    365.44837920802));
#1510 = CARTESIAN_POINT('',(357.76323894011,238.27511954561,
    366.70795626911));
#1511 = CARTESIAN_POINT('',(355.77455949749,239.43481310305,
    368.80122448229));
#1512 = CARTESIAN_POINT('',(354.76557673971,240.58194306061,
    371.26473591352));
#1513 = PCURVE('',#464,#1514);
#1514 = DEFINITIONAL_REPRESENTATION('',(#1515),#1519);
#1515 = LINE('',#1516,#1517);
#1516 = CARTESIAN_POINT('',(0.,0.));
#1517 = VECTOR('',#1518,1.);
#1518 = DIRECTION('',(0.,1.));
#1519 = ( GEOMETRIC_REPRESENTATION_CONTEXT(2) 
PARAMETRIC_REPRESENTATION_CONTEXT() REPRESENTATION_CONTEXT('2D SPACE',''
  ) );
#1520 = PCURVE('',#359,#1521);
#1521 = DEFINITIONAL_REPRESENTATION('',(#1522),#1526);
#1522 = LINE('',#1523,#1524);
#1523 = CARTESIAN_POINT('',(2.2,0.));
#1524 = VECTOR('',#1525,1.);
#1525 = DIRECTION('',(0.,1.));
#1526 = ( GEOMETRIC_REPRESENTATION_CONTEXT(2) 
PARAMETRIC_REPRESENTATION_CONTEXT() REPRESENTATION_CONTEXT('2D SPACE',''
  ) );
#1527 = ORIENTED_EDGE('',*,*,#1528,.F.);
#1528 = EDGE_CURVE('',#1437,#1500,#1529,.T.);
#1529 = SURFACE_CURVE('',#1530,(#1541,#1555),.PCURVE_S1.);
#1530 = B_SPLINE_CURVE_WITH_KNOTS('',5,(#1531,#1532,#1533,#1534,#1535,
    #1536,#1537,#1538,#1539,#1540),.UNSPECIFIED.,.F.,.F.,(6,4,6),(0.,
    0.497266728174,1.),.UNSPECIFIED.);
#1531 = CARTESIAN_POINT('',(366.,237.05831114914,366.80271066212));
#1532 = CARTESIAN_POINT('',(366.,236.83244317623,366.86537641587));
#1533 = CARTESIAN_POINT('',(366.,236.60674933157,366.92963393757));
#1534 = CARTESIAN_POINT('',(366.,236.38124243301,366.9955493574));
#1535 = CARTESIAN_POINT('',(366.,236.15593869555,367.06320061026));
#1536 = CARTESIAN_POINT('',(366.,235.70330241121,367.20291803249));
#1537 = CARTESIAN_POINT('',(366.,235.47597515805,367.27502468949));
#1538 = CARTESIAN_POINT('',(366.,235.2488959598,367.3490914307));
#1539 = CARTESIAN_POINT('',(366.,235.0220907923,367.42522624909));
#1540 = CARTESIAN_POINT('',(366.,234.79559197088,367.50355985759));
#1541 = PCURVE('',#464,#1542);
#1542 = DEFINITIONAL_REPRESENTATION('',(#1543),#1554);
#1543 = B_SPLINE_CURVE_WITH_KNOTS('',5,(#1544,#1545,#1546,#1547,#1548,
    #1549,#1550,#1551,#1552,#1553),.UNSPECIFIED.,.F.,.F.,(6,4,6),(0.,
    0.497266728174,1.),.UNSPECIFIED.);
#1544 = CARTESIAN_POINT('',(2.051828452868,3.60651652625));
#1545 = CARTESIAN_POINT('',(1.845731866872,3.568784326897));
#1546 = CARTESIAN_POINT('',(1.640052758868,3.530374713467));
#1547 = CARTESIAN_POINT('',(1.434826883914,3.491234108666));
#1548 = CARTESIAN_POINT('',(1.230097906228,3.451299580902));
#1549 = CARTESIAN_POINT('',(0.819492298666,3.369249577744));
#1550 = CARTESIAN_POINT('',(0.613628235104,3.327114812624));
#1551 = CARTESIAN_POINT('',(0.408378787073,3.284018777071));
#1552 = CARTESIAN_POINT('',(0.203809043929,3.239874338898));
#1553 = CARTESIAN_POINT('',(0.,3.194575499115));
#1554 = ( GEOMETRIC_REPRESENTATION_CONTEXT(2) 
PARAMETRIC_REPRESENTATION_CONTEXT() REPRESENTATION_CONTEXT('2D SPACE',''
  ) );
#1555 = PCURVE('',#245,#1556);
#1556 = DEFINITIONAL_REPRESENTATION('',(#1557),#1568);
#1557 = B_SPLINE_CURVE_WITH_KNOTS('',5,(#1558,#1559,#1560,#1561,#1562,
    #1563,#1564,#1565,#1566,#1567),.UNSPECIFIED.,.F.,.F.,(6,4,6),(0.,
    0.497266728174,1.),.UNSPECIFIED.);
#1558 = CARTESIAN_POINT('',(19.702710662127,-5.058311149141));
#1559 = CARTESIAN_POINT('',(19.765376415874,-4.832443176233));
#1560 = CARTESIAN_POINT('',(19.829633937571,-4.606749331575));
#1561 = CARTESIAN_POINT('',(19.895549357409,-4.38124243301));
#1562 = CARTESIAN_POINT('',(19.963200610261,-4.155938695552));
#1563 = CARTESIAN_POINT('',(20.10291803249,-3.703302411218));
#1564 = CARTESIAN_POINT('',(20.175024689491,-3.475975158059));
#1565 = CARTESIAN_POINT('',(20.249091430702,-3.248895959802));
#1566 = CARTESIAN_POINT('',(20.32522624909,-3.022090792304));
#1567 = CARTESIAN_POINT('',(20.403559857594,-2.795591970885));
#1568 = ( GEOMETRIC_REPRESENTATION_CONTEXT(2) 
PARAMETRIC_REPRESENTATION_CONTEXT() REPRESENTATION_CONTEXT('2D SPACE',''
  ) );
#1569 = ORIENTED_EDGE('',*,*,#1436,.T.);
#1570 = ORIENTED_EDGE('',*,*,#426,.T.);
#1571 = ADVANCED_FACE('',(#1572),#359,.T.);
#1572 = FACE_BOUND('',#1573,.T.);
#1573 = EDGE_LOOP('',(#1574,#1575,#1576));
#1574 = ORIENTED_EDGE('',*,*,#1499,.T.);
#1575 = ORIENTED_EDGE('',*,*,#261,.F.);
#1576 = ORIENTED_EDGE('',*,*,#1577,.F.);
#1577 = EDGE_CURVE('',#1500,#229,#1578,.T.);
#1578 = SURFACE_CURVE('',#1579,(#1585,#1594),.PCURVE_S1.);
#1579 = B_SPLINE_CURVE_WITH_KNOTS('',4,(#1580,#1581,#1582,#1583,#1584),
  .UNSPECIFIED.,.F.,.F.,(5,5),(0.,1.),.PIECEWISE_BEZIER_KNOTS.);
#1580 = CARTESIAN_POINT('',(366.,234.79559197088,367.50355985759));
#1581 = CARTESIAN_POINT('',(366.,234.71793049929,367.6268387311));
#1582 = CARTESIAN_POINT('',(366.,234.64047021213,367.75065178809));
#1583 = CARTESIAN_POINT('',(366.,234.56322428343,367.87502820029));
#1584 = CARTESIAN_POINT('',(366.,234.48620862663,368.));
#1585 = PCURVE('',#359,#1586);
#1586 = DEFINITIONAL_REPRESENTATION('',(#1587),#1593);
#1587 = B_SPLINE_CURVE_WITH_KNOTS('',4,(#1588,#1589,#1590,#1591,#1592),
  .UNSPECIFIED.,.F.,.F.,(5,5),(0.,1.),.PIECEWISE_BEZIER_KNOTS.);
#1588 = CARTESIAN_POINT('',(2.2,3.194575499115));
#1589 = CARTESIAN_POINT('',(2.083958437942,3.162913662388));
#1590 = CARTESIAN_POINT('',(1.968630664965,3.130222677327));
#1591 = CARTESIAN_POINT('',(1.854082878809,3.096428894274));
#1592 = CARTESIAN_POINT('',(1.74039964666,3.061445162369));
#1593 = ( GEOMETRIC_REPRESENTATION_CONTEXT(2) 
PARAMETRIC_REPRESENTATION_CONTEXT() REPRESENTATION_CONTEXT('2D SPACE',''
  ) );
#1594 = PCURVE('',#245,#1595);
#1595 = DEFINITIONAL_REPRESENTATION('',(#1596),#1602);
#1596 = B_SPLINE_CURVE_WITH_KNOTS('',4,(#1597,#1598,#1599,#1600,#1601),
  .UNSPECIFIED.,.F.,.F.,(5,5),(0.,1.),.PIECEWISE_BEZIER_KNOTS.);
#1597 = CARTESIAN_POINT('',(20.403559857594,-2.795591970885));
#1598 = CARTESIAN_POINT('',(20.526838731107,-2.717930499294));
#1599 = CARTESIAN_POINT('',(20.650651788099,-2.640470212135));
#1600 = CARTESIAN_POINT('',(20.775028200292,-2.563224283437));
#1601 = CARTESIAN_POINT('',(20.9,-2.48620862663));
#1602 = ( GEOMETRIC_REPRESENTATION_CONTEXT(2) 
PARAMETRIC_REPRESENTATION_CONTEXT() REPRESENTATION_CONTEXT('2D SPACE',''
  ) );
#1603 = ADVANCED_FACE('',(#1604),#245,.T.);
#1604 = FACE_BOUND('',#1605,.T.);
#1605 = EDGE_LOOP('',(#1606,#1607,#1608,#1609,#1610,#1611,#1612,#1654,
    #1655,#1656,#1657));
#1606 = ORIENTED_EDGE('',*,*,#689,.F.);
#1607 = ORIENTED_EDGE('',*,*,#615,.T.);
#1608 = ORIENTED_EDGE('',*,*,#1465,.T.);
#1609 = ORIENTED_EDGE('',*,*,#1528,.T.);
#1610 = ORIENTED_EDGE('',*,*,#1577,.T.);
#1611 = ORIENTED_EDGE('',*,*,#228,.F.);
#1612 = ORIENTED_EDGE('',*,*,#1613,.T.);
#1613 = EDGE_CURVE('',#58,#1226,#1614,.T.);
#1614 = SURFACE_CURVE('',#1615,(#1626,#1640),.PCURVE_S1.);
#1615 = B_SPLINE_CURVE_WITH_KNOTS('',5,(#1616,#1617,#1618,#1619,#1620,
    #1621,#1622,#1623,#1624,#1625),.UNSPECIFIED.,.F.,.F.,(6,4,6),(0.,
    3.338316885216E-02,1.),.UNSPECIFIED.);
#1616 = CARTESIAN_POINT('',(366.,227.15269521447,368.));
#1617 = CARTESIAN_POINT('',(366.,227.15509624309,367.99633327888));
#1618 = CARTESIAN_POINT('',(366.,227.16143732277,367.98664985513));
#1619 = CARTESIAN_POINT('',(366.,227.16670320889,367.97861728751));
#1620 = CARTESIAN_POINT('',(366.,227.17034272738,367.97306436458));
#1621 = CARTESIAN_POINT('',(366.,227.32786503102,367.73287720615));
#1622 = CARTESIAN_POINT('',(366.,227.4809069077,367.50249667323));
#1623 = CARTESIAN_POINT('',(366.,227.63464416112,367.27374039208));
#1624 = CARTESIAN_POINT('',(366.,227.78900699702,367.04647506917));
#1625 = CARTESIAN_POINT('',(366.,227.94394230767,366.82057791246));
#1626 = PCURVE('',#245,#1627);
#1627 = DEFINITIONAL_REPRESENTATION('',(#1628),#1639);
#1628 = B_SPLINE_CURVE_WITH_KNOTS('',5,(#1629,#1630,#1631,#1632,#1633,
    #1634,#1635,#1636,#1637,#1638),.UNSPECIFIED.,.F.,.F.,(6,4,6),(0.,
    3.338316885216E-02,1.),.UNSPECIFIED.);
#1629 = CARTESIAN_POINT('',(20.9,4.847304785521));
#1630 = CARTESIAN_POINT('',(20.896333278887,4.844903756903));
#1631 = CARTESIAN_POINT('',(20.886649855133,4.838562677221));
#1632 = CARTESIAN_POINT('',(20.878617287519,4.833296791103));
#1633 = CARTESIAN_POINT('',(20.873064364583,4.82965727262));
#1634 = CARTESIAN_POINT('',(20.63287720615,4.672134968972));
#1635 = CARTESIAN_POINT('',(20.402496673231,4.519093092295));
#1636 = CARTESIAN_POINT('',(20.173740392088,4.365355838871));
#1637 = CARTESIAN_POINT('',(19.946475069172,4.21099300298));
#1638 = CARTESIAN_POINT('',(19.720577912468,4.056057692322));
#1639 = ( GEOMETRIC_REPRESENTATION_CONTEXT(2) 
PARAMETRIC_REPRESENTATION_CONTEXT() REPRESENTATION_CONTEXT('2D SPACE',''
  ) );
#1640 = PCURVE('',#155,#1641);
#1641 = DEFINITIONAL_REPRESENTATION('',(#1642),#1653);
#1642 = B_SPLINE_CURVE_WITH_KNOTS('',5,(#1643,#1644,#1645,#1646,#1647,
    #1648,#1649,#1650,#1651,#1652),.UNSPECIFIED.,.F.,.F.,(6,4,6),(0.,
    3.338316885216E-02,1.),.UNSPECIFIED.);
#1643 = CARTESIAN_POINT('',(1.190416225121,3.329217926058));
#1644 = CARTESIAN_POINT('',(1.186833147107,3.330171612129));
#1645 = CARTESIAN_POINT('',(1.177370457035,3.332690073853));
#1646 = CARTESIAN_POINT('',(1.169508444373,3.33476946454));
#1647 = CARTESIAN_POINT('',(1.16407539091,3.336208470939));
#1648 = CARTESIAN_POINT('',(0.928867755391,3.398292461026));
#1649 = CARTESIAN_POINT('',(0.699271954964,3.454749349915));
#1650 = CARTESIAN_POINT('',(0.467772243253,3.508061826659));
#1651 = CARTESIAN_POINT('',(0.234617552927,3.558554664588));
#1652 = CARTESIAN_POINT('',(0.,3.606500417062));
#1653 = ( GEOMETRIC_REPRESENTATION_CONTEXT(2) 
PARAMETRIC_REPRESENTATION_CONTEXT() REPRESENTATION_CONTEXT('2D SPACE',''
  ) );
#1654 = ORIENTED_EDGE('',*,*,#1225,.T.);
#1655 = ORIENTED_EDGE('',*,*,#983,.T.);
#1656 = ORIENTED_EDGE('',*,*,#933,.F.);
#1657 = ORIENTED_EDGE('',*,*,#1406,.T.);
#1658 = ADVANCED_FACE('',(#1659),#155,.T.);
#1659 = FACE_BOUND('',#1660,.T.);
#1660 = EDGE_LOOP('',(#1661,#1662,#1663,#1664));
#1661 = ORIENTED_EDGE('',*,*,#1263,.F.);
#1662 = ORIENTED_EDGE('',*,*,#1613,.F.);
#1663 = ORIENTED_EDGE('',*,*,#57,.F.);
#1664 = ORIENTED_EDGE('',*,*,#1665,.T.);
#1665 = EDGE_CURVE('',#24,#1264,#1666,.T.);
#1666 = SURFACE_CURVE('',#1667,(#1673,#1682),.PCURVE_S1.);
#1667 = B_SPLINE_CURVE_WITH_KNOTS('',4,(#1668,#1669,#1670,#1671,#1672),
  .UNSPECIFIED.,.F.,.F.,(5,5),(0.,1.),.PIECEWISE_BEZIER_KNOTS.);
#1668 = CARTESIAN_POINT('',(358.,231.47866358668,368.));
#1669 = CARTESIAN_POINT('',(358.,231.50958643323,367.96253904997));
#1670 = CARTESIAN_POINT('',(358.,231.5405163395,367.92508837627));
#1671 = CARTESIAN_POINT('',(358.,231.57145309668,367.88764775139));
#1672 = CARTESIAN_POINT('',(358.,231.60239653269,367.85021693476));
#1673 = PCURVE('',#155,#1674);
#1674 = DEFINITIONAL_REPRESENTATION('',(#1675),#1681);
#1675 = B_SPLINE_CURVE_WITH_KNOTS('',4,(#1676,#1677,#1678,#1679,#1680),
  .UNSPECIFIED.,.F.,.F.,(5,5),(0.,1.),.PIECEWISE_BEZIER_KNOTS.);
#1676 = CARTESIAN_POINT('',(0.190831839459,6.887584904382));
#1677 = CARTESIAN_POINT('',(0.143132735869,6.884119931107));
#1678 = CARTESIAN_POINT('',(9.542763252239E-02,6.880689458941));
#1679 = CARTESIAN_POINT('',(4.771666313791E-02,6.877292829711));
#1680 = CARTESIAN_POINT('',(0.,6.873929272942));
#1681 = ( GEOMETRIC_REPRESENTATION_CONTEXT(2) 
PARAMETRIC_REPRESENTATION_CONTEXT() REPRESENTATION_CONTEXT('2D SPACE',''
  ) );
#1682 = PCURVE('',#45,#1683);
#1683 = DEFINITIONAL_REPRESENTATION('',(#1684),#1690);
#1684 = B_SPLINE_CURVE_WITH_KNOTS('',4,(#1685,#1686,#1687,#1688,#1689),
  .UNSPECIFIED.,.F.,.F.,(5,5),(0.,1.),.PIECEWISE_BEZIER_KNOTS.);
#1685 = CARTESIAN_POINT('',(20.9,0.52133641332));
#1686 = CARTESIAN_POINT('',(20.862539049977,0.490413566763));
#1687 = CARTESIAN_POINT('',(20.825088376274,0.459483660491));
#1688 = CARTESIAN_POINT('',(20.78764775139,0.428546903314));
#1689 = CARTESIAN_POINT('',(20.750216934763,0.397603467303));
#1690 = ( GEOMETRIC_REPRESENTATION_CONTEXT(2) 
PARAMETRIC_REPRESENTATION_CONTEXT() REPRESENTATION_CONTEXT('2D SPACE',''
  ) );
#1691 = ADVANCED_FACE('',(#1692),#45,.F.);
#1692 = FACE_BOUND('',#1693,.F.);
#1693 = EDGE_LOOP('',(#1694,#1695,#1696,#1697,#1698,#1699,#1700,#1701));
#1694 = ORIENTED_EDGE('',*,*,#665,.F.);
#1695 = ORIENTED_EDGE('',*,*,#21,.T.);
#1696 = ORIENTED_EDGE('',*,*,#1665,.T.);
#1697 = ORIENTED_EDGE('',*,*,#1295,.T.);
#1698 = ORIENTED_EDGE('',*,*,#1341,.T.);
#1699 = ORIENTED_EDGE('',*,*,#1166,.T.);
#1700 = ORIENTED_EDGE('',*,*,#867,.F.);
#1701 = ORIENTED_EDGE('',*,*,#791,.F.);
#1702 = ( GEOMETRIC_REPRESENTATION_CONTEXT(3) 
GLOBAL_UNCERTAINTY_ASSIGNED_CONTEXT((#1706)) 
GLOBAL_UNIT_ASSIGNED_CONTEXT((#1703,#1704,#1705)) REPRESENTATION_CONTEXT
('Context #1','3D Context with UNIT and UNCERTAINTY') );
#1703 = ( LENGTH_UNIT() NAMED_UNIT(*) SI_UNIT(.MILLI.,.METRE.) );
#1704 = ( NAMED_UNIT(*) PLANE_ANGLE_UNIT() SI_UNIT($,.RADIAN.) );
#1705 = ( NAMED_UNIT(*) SI_UNIT($,.STERADIAN.) SOLID_ANGLE_UNIT() );
#1706 = UNCERTAINTY_MEASURE_WITH_UNIT(LENGTH_MEASURE(2.E-06),#1703,
  'distance_accuracy_value','confusion accuracy');
#1707 = PRODUCT_RELATED_PRODUCT_CATEGORY('part',$,(#7));
ENDSEC;
END-ISO-10303-21;
