ISO-10303-21;
HEADER;
FILE_DESCRIPTION(('Open CASCADE Model'),'2;1');
FILE_NAME('Open CASCADE Shape Model','2026-09-23T12:28:28',('Author'),(
    'Open CASCADE'),'Open CASCADE STEP processor 7.9','Open CASCADE 7.9'
  ,'Unknown');
FILE_SCHEMA(('AUTOMOTIVE_DESIGN { 1 0 10303 214 1 1 1 1 }'));
ENDSEC;
DATA;
#1 = APPLICATION_PROTOCOL_DEFINITION('international standard',
  'automotive_design',2000,#2);
#2 = APPLICATION_CONTEXT(
  'core data for automotive mechanical design processes');
#3 = SHAPE_DEFINITION_REPRESENTATION(#4,#10);
#4 = PRODUCT_DEFINITION_SHAPE('','',#5);
#5 = PRODUCT_DEFINITION('design','',#6,#9);
#6 = PRODUCT_DEFINITION_FORMATION('','',#7);
#7 = PRODUCT('Open CASCADE STEP translator 7.9 5',
  'Open CASCADE STEP translator 7.9 5','',(#8));
#8 = PRODUCT_CONTEXT('',#2,'mechanical');
#9 = PRODUCT_DEFINITION_CONTEXT('part definition',#2,'design');
#10 = ADVANCED_BREP_SHAPE_REPRESENTATION('',(#11,#15),#12383);
#11 = AXIS2_PLACEMENT_3D('',#12,#13,#14);
#12 = CARTESIAN_POINT('',(0.,0.,0.));
#13 = DIRECTION('',(0.,0.,1.));
#14 = DIRECTION('',(1.,0.,-0.));
#15 = MANIFOLD_SOLID_BREP('',#16);
#16 = CLOSED_SHELL('',(#17,#137,#213,#289,#4602,#8160,#8187,#8214,#8241,
    #8268,#8295,#8322,#8349,#8376,#8403,#8430,#8457,#8484,#8511,#8538,
    #8565,#8592,#8619,#8646,#8673,#8700,#8727,#8754,#8781,#8808,#8835,
    #8862,#8889,#8916,#8943,#8970,#8997,#9024,#9051,#9078,#9105,#9132,
    #9159,#9186,#9213,#9240,#9267,#9294,#9321,#9348,#9375,#9402,#9429,
    #9456,#9483,#9510,#9537,#9564,#9591,#9618,#9645,#9672,#9699,#9726,
    #9753,#9780,#9807,#9834,#9861,#9888,#9915,#9942,#9969,#9996,#10023,
    #10050,#10077,#10104,#10131,#10158,#10185,#10212,#10239,#10266,
    #10293,#10320,#10347,#10374,#10401,#10428,#10455,#10482,#10509,
    #10536,#10563,#10590,#10617,#10644,#10671,#10698,#10725,#10752,
    #10779,#10806,#10833,#10860,#10887,#10914,#10941,#10968,#10995,
    #11022,#11049,#11076,#11103,#11130,#11157,#11184,#11211,#11238,
    #11265,#11292,#11319,#11346,#11373,#11400,#11427,#11454,#11481,
    #11508,#11535,#11562,#11589,#11616,#11643,#11670,#11697,#11724,
    #11751,#11778,#11805,#11832,#11859,#11886,#11913,#11940,#11967,
    #11994,#12021,#12048,#12075,#12102,#12129,#12156,#12183,#12210,
    #12237,#12264,#12271,#12326,#12376));
#17 = ADVANCED_FACE('',(#18),#32,.T.);
#18 = FACE_BOUND('',#19,.T.);
#19 = EDGE_LOOP('',(#20,#55,#83,#111));
#20 = ORIENTED_EDGE('',*,*,#21,.T.);
#21 = EDGE_CURVE('',#22,#24,#26,.T.);
#22 = VERTEX_POINT('',#23);
#23 = CARTESIAN_POINT('',(377.67083764448,376.,372.05202458031));
#24 = VERTEX_POINT('',#25);
#25 = CARTESIAN_POINT('',(377.67083764448,388.,372.05202458031));
#26 = SURFACE_CURVE('',#27,(#31,#43),.PCURVE_S1.);
#27 = LINE('',#28,#29);
#28 = CARTESIAN_POINT('',(377.67083764448,376.,372.05202458031));
#29 = VECTOR('',#30,1.);
#30 = DIRECTION('',(0.,1.,0.));
#31 = PCURVE('',#32,#37);
#32 = PLANE('',#33);
#33 = AXIS2_PLACEMENT_3D('',#34,#35,#36);
#34 = CARTESIAN_POINT('',(377.67083764448,376.,372.05202458031));
#35 = DIRECTION('',(0.993254071072,0.,-0.115958399003));
#36 = DIRECTION('',(0.115958399003,0.,0.993254071072));
#37 = DEFINITIONAL_REPRESENTATION('',(#38),#42);
#38 = LINE('',#39,#40);
#39 = CARTESIAN_POINT('',(0.,0.));
#40 = VECTOR('',#41,1.);
#41 = DIRECTION('',(0.,-1.));
#42 = ( GEOMETRIC_REPRESENTATION_CONTEXT(2) 
PARAMETRIC_REPRESENTATION_CONTEXT() REPRESENTATION_CONTEXT('2D SPACE',''
  ) );
#43 = PCURVE('',#44,#49);
#44 = PLANE('',#45);
#45 = AXIS2_PLACEMENT_3D('',#46,#47,#48);
#46 = CARTESIAN_POINT('',(382.48026217864,376.,372.00737171703));
#47 = DIRECTION('',(9.28405020674E-03,-0.,0.999956902277));
#48 = DIRECTION('',(-0.999956902277,0.,9.28405020674E-03));
#49 = DEFINITIONAL_REPRESENTATION('',(#50),#54);
#50 = LINE('',#51,#52);
#51 = CARTESIAN_POINT('',(4.809631818338,0.));
#52 = VECTOR('',#53,1.);
#53 = DIRECTION('',(0.,-1.));
#54 = ( GEOMETRIC_REPRESENTATION_CONTEXT(2) 
PARAMETRIC_REPRESENTATION_CONTEXT() REPRESENTATION_CONTEXT('2D SPACE',''
  ) );
#55 = ORIENTED_EDGE('',*,*,#56,.T.);
#56 = EDGE_CURVE('',#24,#57,#59,.T.);
#57 = VERTEX_POINT('',#58);
#58 = CARTESIAN_POINT('',(377.81330327707,388.,373.27232919626));
#59 = SURFACE_CURVE('',#60,(#64,#71),.PCURVE_S1.);
#60 = LINE('',#61,#62);
#61 = CARTESIAN_POINT('',(377.67083764448,388.,372.05202458031));
#62 = VECTOR('',#63,1.);
#63 = DIRECTION('',(0.115958399003,0.,0.993254071072));
#64 = PCURVE('',#32,#65);
#65 = DEFINITIONAL_REPRESENTATION('',(#66),#70);
#66 = LINE('',#67,#68);
#67 = CARTESIAN_POINT('',(0.,-12.));
#68 = VECTOR('',#69,1.);
#69 = DIRECTION('',(1.,0.));
#70 = ( GEOMETRIC_REPRESENTATION_CONTEXT(2) 
PARAMETRIC_REPRESENTATION_CONTEXT() REPRESENTATION_CONTEXT('2D SPACE',''
  ) );
#71 = PCURVE('',#72,#77);
#72 = PLANE('',#73);
#73 = AXIS2_PLACEMENT_3D('',#74,#75,#76);
#74 = CARTESIAN_POINT('',(362.,388.,374.5));
#75 = DIRECTION('',(-0.,-1.,-0.));
#76 = DIRECTION('',(0.,0.,-1.));
#77 = DEFINITIONAL_REPRESENTATION('',(#78),#82);
#78 = LINE('',#79,#80);
#79 = CARTESIAN_POINT('',(2.447975419685,15.670837644484));
#80 = VECTOR('',#81,1.);
#81 = DIRECTION('',(-0.993254071072,0.115958399003));
#82 = ( GEOMETRIC_REPRESENTATION_CONTEXT(2) 
PARAMETRIC_REPRESENTATION_CONTEXT() REPRESENTATION_CONTEXT('2D SPACE',''
  ) );
#83 = ORIENTED_EDGE('',*,*,#84,.F.);
#84 = EDGE_CURVE('',#85,#57,#87,.T.);
#85 = VERTEX_POINT('',#86);
#86 = CARTESIAN_POINT('',(377.81330327707,376.,373.27232919626));
#87 = SURFACE_CURVE('',#88,(#92,#99),.PCURVE_S1.);
#88 = LINE('',#89,#90);
#89 = CARTESIAN_POINT('',(377.81330327707,376.,373.27232919626));
#90 = VECTOR('',#91,1.);
#91 = DIRECTION('',(0.,1.,0.));
#92 = PCURVE('',#32,#93);
#93 = DEFINITIONAL_REPRESENTATION('',(#94),#98);
#94 = LINE('',#95,#96);
#95 = CARTESIAN_POINT('',(1.228592614404,0.));
#96 = VECTOR('',#97,1.);
#97 = DIRECTION('',(0.,-1.));
#98 = ( GEOMETRIC_REPRESENTATION_CONTEXT(2) 
PARAMETRIC_REPRESENTATION_CONTEXT() REPRESENTATION_CONTEXT('2D SPACE',''
  ) );
#99 = PCURVE('',#100,#105);
#100 = PLANE('',#101);
#101 = AXIS2_PLACEMENT_3D('',#102,#103,#104);
#102 = CARTESIAN_POINT('',(377.81330327707,376.,373.27232919626));
#103 = DIRECTION('',(0.999249701933,0.,-3.873026190514E-02));
#104 = DIRECTION('',(3.873026190514E-02,0.,0.999249701933));
#105 = DEFINITIONAL_REPRESENTATION('',(#106),#110);
#106 = LINE('',#107,#108);
#107 = CARTESIAN_POINT('',(0.,0.));
#108 = VECTOR('',#109,1.);
#109 = DIRECTION('',(0.,-1.));
#110 = ( GEOMETRIC_REPRESENTATION_CONTEXT(2) 
PARAMETRIC_REPRESENTATION_CONTEXT() REPRESENTATION_CONTEXT('2D SPACE',''
  ) );
#111 = ORIENTED_EDGE('',*,*,#112,.F.);
#112 = EDGE_CURVE('',#22,#85,#113,.T.);
#113 = SURFACE_CURVE('',#114,(#118,#125),.PCURVE_S1.);
#114 = LINE('',#115,#116);
#115 = CARTESIAN_POINT('',(377.67083764448,376.,372.05202458031));
#116 = VECTOR('',#117,1.);
#117 = DIRECTION('',(0.115958399003,0.,0.993254071072));
#118 = PCURVE('',#32,#119);
#119 = DEFINITIONAL_REPRESENTATION('',(#120),#124);
#120 = LINE('',#121,#122);
#121 = CARTESIAN_POINT('',(0.,0.));
#122 = VECTOR('',#123,1.);
#123 = DIRECTION('',(1.,0.));
#124 = ( GEOMETRIC_REPRESENTATION_CONTEXT(2) 
PARAMETRIC_REPRESENTATION_CONTEXT() REPRESENTATION_CONTEXT('2D SPACE',''
  ) );
#125 = PCURVE('',#126,#131);
#126 = PLANE('',#127);
#127 = AXIS2_PLACEMENT_3D('',#128,#129,#130);
#128 = CARTESIAN_POINT('',(362.,376.,374.5));
#129 = DIRECTION('',(-0.,-1.,-0.));
#130 = DIRECTION('',(0.,0.,-1.));
#131 = DEFINITIONAL_REPRESENTATION('',(#132),#136);
#132 = LINE('',#133,#134);
#133 = CARTESIAN_POINT('',(2.447975419685,15.670837644484));
#134 = VECTOR('',#135,1.);
#135 = DIRECTION('',(-0.993254071072,0.115958399003));
#136 = ( GEOMETRIC_REPRESENTATION_CONTEXT(2) 
PARAMETRIC_REPRESENTATION_CONTEXT() REPRESENTATION_CONTEXT('2D SPACE',''
  ) );
#137 = ADVANCED_FACE('',(#138),#44,.T.);
#138 = FACE_BOUND('',#139,.T.);
#139 = EDGE_LOOP('',(#140,#170,#191,#192));
#140 = ORIENTED_EDGE('',*,*,#141,.T.);
#141 = EDGE_CURVE('',#142,#144,#146,.T.);
#142 = VERTEX_POINT('',#143);
#143 = CARTESIAN_POINT('',(382.48026217864,376.,372.00737171703));
#144 = VERTEX_POINT('',#145);
#145 = CARTESIAN_POINT('',(382.48026217864,388.,372.00737171703));
#146 = SURFACE_CURVE('',#147,(#151,#158),.PCURVE_S1.);
#147 = LINE('',#148,#149);
#148 = CARTESIAN_POINT('',(382.48026217864,376.,372.00737171703));
#149 = VECTOR('',#150,1.);
#150 = DIRECTION('',(0.,1.,0.));
#151 = PCURVE('',#44,#152);
#152 = DEFINITIONAL_REPRESENTATION('',(#153),#157);
#153 = LINE('',#154,#155);
#154 = CARTESIAN_POINT('',(0.,0.));
#155 = VECTOR('',#156,1.);
#156 = DIRECTION('',(0.,-1.));
#157 = ( GEOMETRIC_REPRESENTATION_CONTEXT(2) 
PARAMETRIC_REPRESENTATION_CONTEXT() REPRESENTATION_CONTEXT('2D SPACE',''
  ) );
#158 = PCURVE('',#159,#164);
#159 = PLANE('',#160);
#160 = AXIS2_PLACEMENT_3D('',#161,#162,#163);
#161 = CARTESIAN_POINT('',(382.35204258847,376.,371.11640765752));
#162 = DIRECTION('',(0.989802920718,0.,-0.142443596339));
#163 = DIRECTION('',(0.142443596339,0.,0.989802920718));
#164 = DEFINITIONAL_REPRESENTATION('',(#165),#169);
#165 = LINE('',#166,#167);
#166 = CARTESIAN_POINT('',(0.900142887903,0.));
#167 = VECTOR('',#168,1.);
#168 = DIRECTION('',(0.,-1.));
#169 = ( GEOMETRIC_REPRESENTATION_CONTEXT(2) 
PARAMETRIC_REPRESENTATION_CONTEXT() REPRESENTATION_CONTEXT('2D SPACE',''
  ) );
#170 = ORIENTED_EDGE('',*,*,#171,.T.);
#171 = EDGE_CURVE('',#144,#24,#172,.T.);
#172 = SURFACE_CURVE('',#173,(#177,#184),.PCURVE_S1.);
#173 = LINE('',#174,#175);
#174 = CARTESIAN_POINT('',(382.48026217864,388.,372.00737171703));
#175 = VECTOR('',#176,1.);
#176 = DIRECTION('',(-0.999956902277,0.,9.28405020674E-03));
#177 = PCURVE('',#44,#178);
#178 = DEFINITIONAL_REPRESENTATION('',(#179),#183);
#179 = LINE('',#180,#181);
#180 = CARTESIAN_POINT('',(0.,-12.));
#181 = VECTOR('',#182,1.);
#182 = DIRECTION('',(1.,0.));
#183 = ( GEOMETRIC_REPRESENTATION_CONTEXT(2) 
PARAMETRIC_REPRESENTATION_CONTEXT() REPRESENTATION_CONTEXT('2D SPACE',''
  ) );
#184 = PCURVE('',#72,#185);
#185 = DEFINITIONAL_REPRESENTATION('',(#186),#190);
#186 = LINE('',#187,#188);
#187 = CARTESIAN_POINT('',(2.492628282962,20.480262178643));
#188 = VECTOR('',#189,1.);
#189 = DIRECTION('',(-9.28405020674E-03,-0.999956902277));
#190 = ( GEOMETRIC_REPRESENTATION_CONTEXT(2) 
PARAMETRIC_REPRESENTATION_CONTEXT() REPRESENTATION_CONTEXT('2D SPACE',''
  ) );
#191 = ORIENTED_EDGE('',*,*,#21,.F.);
#192 = ORIENTED_EDGE('',*,*,#193,.F.);
#193 = EDGE_CURVE('',#142,#22,#194,.T.);
#194 = SURFACE_CURVE('',#195,(#199,#206),.PCURVE_S1.);
#195 = LINE('',#196,#197);
#196 = CARTESIAN_POINT('',(382.48026217864,376.,372.00737171703));
#197 = VECTOR('',#198,1.);
#198 = DIRECTION('',(-0.999956902277,0.,9.28405020674E-03));
#199 = PCURVE('',#44,#200);
#200 = DEFINITIONAL_REPRESENTATION('',(#201),#205);
#201 = LINE('',#202,#203);
#202 = CARTESIAN_POINT('',(0.,0.));
#203 = VECTOR('',#204,1.);
#204 = DIRECTION('',(1.,0.));
#205 = ( GEOMETRIC_REPRESENTATION_CONTEXT(2) 
PARAMETRIC_REPRESENTATION_CONTEXT() REPRESENTATION_CONTEXT('2D SPACE',''
  ) );
#206 = PCURVE('',#126,#207);
#207 = DEFINITIONAL_REPRESENTATION('',(#208),#212);
#208 = LINE('',#209,#210);
#209 = CARTESIAN_POINT('',(2.492628282962,20.480262178643));
#210 = VECTOR('',#211,1.);
#211 = DIRECTION('',(-9.28405020674E-03,-0.999956902277));
#212 = ( GEOMETRIC_REPRESENTATION_CONTEXT(2) 
PARAMETRIC_REPRESENTATION_CONTEXT() REPRESENTATION_CONTEXT('2D SPACE',''
  ) );
#213 = ADVANCED_FACE('',(#214),#100,.T.);
#214 = FACE_BOUND('',#215,.T.);
#215 = EDGE_LOOP('',(#216,#217,#240,#268));
#216 = ORIENTED_EDGE('',*,*,#84,.T.);
#217 = ORIENTED_EDGE('',*,*,#218,.T.);
#218 = EDGE_CURVE('',#57,#219,#221,.T.);
#219 = VERTEX_POINT('',#220);
#220 = CARTESIAN_POINT('',(377.8608869908,388.,374.5));
#221 = SURFACE_CURVE('',#222,(#226,#233),.PCURVE_S1.);
#222 = LINE('',#223,#224);
#223 = CARTESIAN_POINT('',(377.81330327707,388.,373.27232919626));
#224 = VECTOR('',#225,1.);
#225 = DIRECTION('',(3.873026190514E-02,0.,0.999249701933));
#226 = PCURVE('',#100,#227);
#227 = DEFINITIONAL_REPRESENTATION('',(#228),#232);
#228 = LINE('',#229,#230);
#229 = CARTESIAN_POINT('',(0.,-12.));
#230 = VECTOR('',#231,1.);
#231 = DIRECTION('',(1.,0.));
#232 = ( GEOMETRIC_REPRESENTATION_CONTEXT(2) 
PARAMETRIC_REPRESENTATION_CONTEXT() REPRESENTATION_CONTEXT('2D SPACE',''
  ) );
#233 = PCURVE('',#72,#234);
#234 = DEFINITIONAL_REPRESENTATION('',(#235),#239);
#235 = LINE('',#236,#237);
#236 = CARTESIAN_POINT('',(1.22767080374,15.813303277076));
#237 = VECTOR('',#238,1.);
#238 = DIRECTION('',(-0.999249701933,3.873026190514E-02));
#239 = ( GEOMETRIC_REPRESENTATION_CONTEXT(2) 
PARAMETRIC_REPRESENTATION_CONTEXT() REPRESENTATION_CONTEXT('2D SPACE',''
  ) );
#240 = ORIENTED_EDGE('',*,*,#241,.F.);
#241 = EDGE_CURVE('',#242,#219,#244,.T.);
#242 = VERTEX_POINT('',#243);
#243 = CARTESIAN_POINT('',(377.8608869908,376.,374.5));
#244 = SURFACE_CURVE('',#245,(#249,#256),.PCURVE_S1.);
#245 = LINE('',#246,#247);
#246 = CARTESIAN_POINT('',(377.8608869908,376.,374.5));
#247 = VECTOR('',#248,1.);
#248 = DIRECTION('',(0.,1.,0.));
#249 = PCURVE('',#100,#250);
#250 = DEFINITIONAL_REPRESENTATION('',(#251),#255);
#251 = LINE('',#252,#253);
#252 = CARTESIAN_POINT('',(1.228592614404,0.));
#253 = VECTOR('',#254,1.);
#254 = DIRECTION('',(0.,-1.));
#255 = ( GEOMETRIC_REPRESENTATION_CONTEXT(2) 
PARAMETRIC_REPRESENTATION_CONTEXT() REPRESENTATION_CONTEXT('2D SPACE',''
  ) );
#256 = PCURVE('',#257,#262);
#257 = PLANE('',#258);
#258 = AXIS2_PLACEMENT_3D('',#259,#260,#261);
#259 = CARTESIAN_POINT('',(377.8608869908,376.,374.5));
#260 = DIRECTION('',(0.999249701933,-0.,3.873026190514E-02));
#261 = DIRECTION('',(-3.873026190514E-02,0.,0.999249701933));
#262 = DEFINITIONAL_REPRESENTATION('',(#263),#267);
#263 = LINE('',#264,#265);
#264 = CARTESIAN_POINT('',(0.,0.));
#265 = VECTOR('',#266,1.);
#266 = DIRECTION('',(0.,-1.));
#267 = ( GEOMETRIC_REPRESENTATION_CONTEXT(2) 
PARAMETRIC_REPRESENTATION_CONTEXT() REPRESENTATION_CONTEXT('2D SPACE',''
  ) );
#268 = ORIENTED_EDGE('',*,*,#269,.F.);
#269 = EDGE_CURVE('',#85,#242,#270,.T.);
#270 = SURFACE_CURVE('',#271,(#275,#282),.PCURVE_S1.);
#271 = LINE('',#272,#273);
#272 = CARTESIAN_POINT('',(377.81330327707,376.,373.27232919626));
#273 = VECTOR('',#274,1.);
#274 = DIRECTION('',(3.873026190514E-02,0.,0.999249701933));
#275 = PCURVE('',#100,#276);
#276 = DEFINITIONAL_REPRESENTATION('',(#277),#281);
#277 = LINE('',#278,#279);
#278 = CARTESIAN_POINT('',(0.,0.));
#279 = VECTOR('',#280,1.);
#280 = DIRECTION('',(1.,0.));
#281 = ( GEOMETRIC_REPRESENTATION_CONTEXT(2) 
PARAMETRIC_REPRESENTATION_CONTEXT() REPRESENTATION_CONTEXT('2D SPACE',''
  ) );
#282 = PCURVE('',#126,#283);
#283 = DEFINITIONAL_REPRESENTATION('',(#284),#288);
#284 = LINE('',#285,#286);
#285 = CARTESIAN_POINT('',(1.22767080374,15.813303277076));
#286 = VECTOR('',#287,1.);
#287 = DIRECTION('',(-0.999249701933,3.873026190514E-02));
#288 = ( GEOMETRIC_REPRESENTATION_CONTEXT(2) 
PARAMETRIC_REPRESENTATION_CONTEXT() REPRESENTATION_CONTEXT('2D SPACE',''
  ) );
#289 = ADVANCED_FACE('',(#290,#4567),#126,.T.);
#290 = FACE_BOUND('',#291,.T.);
#291 = EDGE_LOOP('',(#292,#293,#294,#317,#345,#373,#401,#429,#457,#485,
    #513,#541,#569,#597,#625,#653,#681,#709,#737,#765,#793,#821,#849,
    #877,#905,#933,#961,#989,#1017,#1045,#1073,#1101,#1129,#1157,#1185,
    #1213,#1241,#1269,#1297,#1325,#1353,#1381,#1409,#1437,#1465,#1493,
    #1521,#1549,#1577,#1605,#1633,#1661,#1689,#1717,#1745,#1773,#1801,
    #1829,#1857,#1885,#1913,#1941,#1969,#1997,#2025,#2053,#2081,#2109,
    #2137,#2165,#2193,#2221,#2249,#2277,#2305,#2333,#2361,#2389,#2417,
    #2445,#2473,#2501,#2529,#2557,#2585,#2613,#2641,#2669,#2697,#2725,
    #2753,#2781,#2809,#2837,#2865,#2893,#2921,#2949,#2977,#3005,#3033,
    #3061,#3089,#3117,#3145,#3173,#3201,#3229,#3257,#3285,#3313,#3341,
    #3369,#3397,#3425,#3453,#3481,#3509,#3537,#3565,#3593,#3621,#3649,
    #3677,#3705,#3733,#3761,#3789,#3817,#3845,#3873,#3901,#3929,#3957,
    #3985,#4013,#4041,#4069,#4097,#4125,#4153,#4181,#4209,#4237,#4265,
    #4293,#4321,#4349,#4377,#4405,#4433,#4461,#4489,#4517,#4545,#4566));
#292 = ORIENTED_EDGE('',*,*,#112,.T.);
#293 = ORIENTED_EDGE('',*,*,#269,.T.);
#294 = ORIENTED_EDGE('',*,*,#295,.T.);
#295 = EDGE_CURVE('',#242,#296,#298,.T.);
#296 = VERTEX_POINT('',#297);
#297 = CARTESIAN_POINT('',(377.81330327707,376.,375.72767080374));
#298 = SURFACE_CURVE('',#299,(#303,#310),.PCURVE_S1.);
#299 = LINE('',#300,#301);
#300 = CARTESIAN_POINT('',(377.8608869908,376.,374.5));
#301 = VECTOR('',#302,1.);
#302 = DIRECTION('',(-3.873026190514E-02,0.,0.999249701933));
#303 = PCURVE('',#126,#304);
#304 = DEFINITIONAL_REPRESENTATION('',(#305),#309);
#305 = LINE('',#306,#307);
#306 = CARTESIAN_POINT('',(0.,15.860886990807));
#307 = VECTOR('',#308,1.);
#308 = DIRECTION('',(-0.999249701933,-3.873026190514E-02));
#309 = ( GEOMETRIC_REPRESENTATION_CONTEXT(2) 
PARAMETRIC_REPRESENTATION_CONTEXT() REPRESENTATION_CONTEXT('2D SPACE',''
  ) );
#310 = PCURVE('',#257,#311);
#311 = DEFINITIONAL_REPRESENTATION('',(#312),#316);
#312 = LINE('',#313,#314);
#313 = CARTESIAN_POINT('',(0.,0.));
#314 = VECTOR('',#315,1.);
#315 = DIRECTION('',(1.,0.));
#316 = ( GEOMETRIC_REPRESENTATION_CONTEXT(2) 
PARAMETRIC_REPRESENTATION_CONTEXT() REPRESENTATION_CONTEXT('2D SPACE',''
  ) );
#317 = ORIENTED_EDGE('',*,*,#318,.T.);
#318 = EDGE_CURVE('',#296,#319,#321,.T.);
#319 = VERTEX_POINT('',#320);
#320 = CARTESIAN_POINT('',(377.67083764448,376.,376.94797541968));
#321 = SURFACE_CURVE('',#322,(#326,#333),.PCURVE_S1.);
#322 = LINE('',#323,#324);
#323 = CARTESIAN_POINT('',(377.81330327707,376.,375.72767080374));
#324 = VECTOR('',#325,1.);
#325 = DIRECTION('',(-0.115958399003,0.,0.993254071072));
#326 = PCURVE('',#126,#327);
#327 = DEFINITIONAL_REPRESENTATION('',(#328),#332);
#328 = LINE('',#329,#330);
#329 = CARTESIAN_POINT('',(-1.22767080374,15.813303277076));
#330 = VECTOR('',#331,1.);
#331 = DIRECTION('',(-0.993254071072,-0.115958399003));
#332 = ( GEOMETRIC_REPRESENTATION_CONTEXT(2) 
PARAMETRIC_REPRESENTATION_CONTEXT() REPRESENTATION_CONTEXT('2D SPACE',''
  ) );
#333 = PCURVE('',#334,#339);
#334 = PLANE('',#335);
#335 = AXIS2_PLACEMENT_3D('',#336,#337,#338);
#336 = CARTESIAN_POINT('',(377.81330327707,376.,375.72767080374));
#337 = DIRECTION('',(0.993254071072,-0.,0.115958399003));
#338 = DIRECTION('',(-0.115958399003,0.,0.993254071072));
#339 = DEFINITIONAL_REPRESENTATION('',(#340),#344);
#340 = LINE('',#341,#342);
#341 = CARTESIAN_POINT('',(0.,0.));
#342 = VECTOR('',#343,1.);
#343 = DIRECTION('',(1.,0.));
#344 = ( GEOMETRIC_REPRESENTATION_CONTEXT(2) 
PARAMETRIC_REPRESENTATION_CONTEXT() REPRESENTATION_CONTEXT('2D SPACE',''
  ) );
#345 = ORIENTED_EDGE('',*,*,#346,.T.);
#346 = EDGE_CURVE('',#319,#347,#349,.T.);
#347 = VERTEX_POINT('',#348);
#348 = CARTESIAN_POINT('',(378.82940082589,376.,377.25564539212));
#349 = SURFACE_CURVE('',#350,(#354,#361),.PCURVE_S1.);
#350 = LINE('',#351,#352);
#351 = CARTESIAN_POINT('',(377.67083764448,376.,376.94797541968));
#352 = VECTOR('',#353,1.);
#353 = DIRECTION('',(0.966500312362,0.,0.256665436325));
#354 = PCURVE('',#126,#355);
#355 = DEFINITIONAL_REPRESENTATION('',(#356),#360);
#356 = LINE('',#357,#358);
#357 = CARTESIAN_POINT('',(-2.447975419685,15.670837644484));
#358 = VECTOR('',#359,1.);
#359 = DIRECTION('',(-0.256665436325,0.966500312362));
#360 = ( GEOMETRIC_REPRESENTATION_CONTEXT(2) 
PARAMETRIC_REPRESENTATION_CONTEXT() REPRESENTATION_CONTEXT('2D SPACE',''
  ) );
#361 = PCURVE('',#362,#367);
#362 = PLANE('',#363);
#363 = AXIS2_PLACEMENT_3D('',#364,#365,#366);
#364 = CARTESIAN_POINT('',(377.67083764448,376.,376.94797541968));
#365 = DIRECTION('',(0.256665436325,0.,-0.966500312362));
#366 = DIRECTION('',(0.966500312362,0.,0.256665436325));
#367 = DEFINITIONAL_REPRESENTATION('',(#368),#372);
#368 = LINE('',#369,#370);
#369 = CARTESIAN_POINT('',(0.,0.));
#370 = VECTOR('',#371,1.);
#371 = DIRECTION('',(1.,0.));
#372 = ( GEOMETRIC_REPRESENTATION_CONTEXT(2) 
PARAMETRIC_REPRESENTATION_CONTEXT() REPRESENTATION_CONTEXT('2D SPACE',''
  ) );
#373 = ORIENTED_EDGE('',*,*,#374,.T.);
#374 = EDGE_CURVE('',#347,#375,#377,.T.);
#375 = VERTEX_POINT('',#376);
#376 = CARTESIAN_POINT('',(379.98422834805,376.,377.58044423459));
#377 = SURFACE_CURVE('',#378,(#382,#389),.PCURVE_S1.);
#378 = LINE('',#379,#380);
#379 = CARTESIAN_POINT('',(378.82940082589,376.,377.25564539212));
#380 = VECTOR('',#381,1.);
#381 = DIRECTION('',(0.962650157605,0.,0.270748359299));
#382 = PCURVE('',#126,#383);
#383 = DEFINITIONAL_REPRESENTATION('',(#384),#388);
#384 = LINE('',#385,#386);
#385 = CARTESIAN_POINT('',(-2.755645392125,16.829400825898));
#386 = VECTOR('',#387,1.);
#387 = DIRECTION('',(-0.270748359299,0.962650157605));
#388 = ( GEOMETRIC_REPRESENTATION_CONTEXT(2) 
PARAMETRIC_REPRESENTATION_CONTEXT() REPRESENTATION_CONTEXT('2D SPACE',''
  ) );
#389 = PCURVE('',#390,#395);
#390 = PLANE('',#391);
#391 = AXIS2_PLACEMENT_3D('',#392,#393,#394);
#392 = CARTESIAN_POINT('',(378.82940082589,376.,377.25564539212));
#393 = DIRECTION('',(0.270748359299,0.,-0.962650157605));
#394 = DIRECTION('',(0.962650157605,0.,0.270748359299));
#395 = DEFINITIONAL_REPRESENTATION('',(#396),#400);
#396 = LINE('',#397,#398);
#397 = CARTESIAN_POINT('',(0.,0.));
#398 = VECTOR('',#399,1.);
#399 = DIRECTION('',(1.,0.));
#400 = ( GEOMETRIC_REPRESENTATION_CONTEXT(2) 
PARAMETRIC_REPRESENTATION_CONTEXT() REPRESENTATION_CONTEXT('2D SPACE',''
  ) );
#401 = ORIENTED_EDGE('',*,*,#402,.T.);
#402 = EDGE_CURVE('',#375,#403,#405,.T.);
#403 = VERTEX_POINT('',#404);
#404 = CARTESIAN_POINT('',(381.13513125869,376.,377.92233321906));
#405 = SURFACE_CURVE('',#406,(#410,#417),.PCURVE_S1.);
#406 = LINE('',#407,#408);
#407 = CARTESIAN_POINT('',(379.98422834805,376.,377.58044423459));
#408 = VECTOR('',#409,1.);
#409 = DIRECTION('',(0.958598067206,0.,0.284762612623));
#410 = PCURVE('',#126,#411);
#411 = DEFINITIONAL_REPRESENTATION('',(#412),#416);
#412 = LINE('',#413,#414);
#413 = CARTESIAN_POINT('',(-3.080444234599,17.984228348054));
#414 = VECTOR('',#415,1.);
#415 = DIRECTION('',(-0.284762612623,0.958598067206));
#416 = ( GEOMETRIC_REPRESENTATION_CONTEXT(2) 
PARAMETRIC_REPRESENTATION_CONTEXT() REPRESENTATION_CONTEXT('2D SPACE',''
  ) );
#417 = PCURVE('',#418,#423);
#418 = PLANE('',#419);
#419 = AXIS2_PLACEMENT_3D('',#420,#421,#422);
#420 = CARTESIAN_POINT('',(379.98422834805,376.,377.58044423459));
#421 = DIRECTION('',(0.284762612623,0.,-0.958598067206));
#422 = DIRECTION('',(0.958598067206,0.,0.284762612623));
#423 = DEFINITIONAL_REPRESENTATION('',(#424),#428);
#424 = LINE('',#425,#426);
#425 = CARTESIAN_POINT('',(0.,0.));
#426 = VECTOR('',#427,1.);
#427 = DIRECTION('',(1.,0.));
#428 = ( GEOMETRIC_REPRESENTATION_CONTEXT(2) 
PARAMETRIC_REPRESENTATION_CONTEXT() REPRESENTATION_CONTEXT('2D SPACE',''
  ) );
#429 = ORIENTED_EDGE('',*,*,#430,.T.);
#430 = EDGE_CURVE('',#403,#431,#433,.T.);
#431 = VERTEX_POINT('',#432);
#432 = CARTESIAN_POINT('',(382.09768032362,376.,379.16235780182));
#433 = SURFACE_CURVE('',#434,(#438,#445),.PCURVE_S1.);
#434 = LINE('',#435,#436);
#435 = CARTESIAN_POINT('',(381.13513125869,376.,377.92233321906));
#436 = VECTOR('',#437,1.);
#437 = DIRECTION('',(0.613180418753,0.,0.789942892909));
#438 = PCURVE('',#126,#439);
#439 = DEFINITIONAL_REPRESENTATION('',(#440),#444);
#440 = LINE('',#441,#442);
#441 = CARTESIAN_POINT('',(-3.422333219066,19.135131258695));
#442 = VECTOR('',#443,1.);
#443 = DIRECTION('',(-0.789942892909,0.613180418753));
#444 = ( GEOMETRIC_REPRESENTATION_CONTEXT(2) 
PARAMETRIC_REPRESENTATION_CONTEXT() REPRESENTATION_CONTEXT('2D SPACE',''
  ) );
#445 = PCURVE('',#446,#451);
#446 = PLANE('',#447);
#447 = AXIS2_PLACEMENT_3D('',#448,#449,#450);
#448 = CARTESIAN_POINT('',(381.13513125869,376.,377.92233321906));
#449 = DIRECTION('',(0.789942892909,0.,-0.613180418753));
#450 = DIRECTION('',(0.613180418753,0.,0.789942892909));
#451 = DEFINITIONAL_REPRESENTATION('',(#452),#456);
#452 = LINE('',#453,#454);
#453 = CARTESIAN_POINT('',(0.,0.));
#454 = VECTOR('',#455,1.);
#455 = DIRECTION('',(1.,0.));
#456 = ( GEOMETRIC_REPRESENTATION_CONTEXT(2) 
PARAMETRIC_REPRESENTATION_CONTEXT() REPRESENTATION_CONTEXT('2D SPACE',''
  ) );
#457 = ORIENTED_EDGE('',*,*,#458,.T.);
#458 = EDGE_CURVE('',#431,#459,#461,.T.);
#459 = VERTEX_POINT('',#460);
#460 = CARTESIAN_POINT('',(381.87518259424,376.,380.03456877347));
#461 = SURFACE_CURVE('',#462,(#466,#473),.PCURVE_S1.);
#462 = LINE('',#463,#464);
#463 = CARTESIAN_POINT('',(382.09768032362,376.,379.16235780182));
#464 = VECTOR('',#465,1.);
#465 = DIRECTION('',(-0.24718045587,0.,0.968969464037));
#466 = PCURVE('',#126,#467);
#467 = DEFINITIONAL_REPRESENTATION('',(#468),#472);
#468 = LINE('',#469,#470);
#469 = CARTESIAN_POINT('',(-4.662357801825,20.097680323628));
#470 = VECTOR('',#471,1.);
#471 = DIRECTION('',(-0.968969464037,-0.24718045587));
#472 = ( GEOMETRIC_REPRESENTATION_CONTEXT(2) 
PARAMETRIC_REPRESENTATION_CONTEXT() REPRESENTATION_CONTEXT('2D SPACE',''
  ) );
#473 = PCURVE('',#474,#479);
#474 = PLANE('',#475);
#475 = AXIS2_PLACEMENT_3D('',#476,#477,#478);
#476 = CARTESIAN_POINT('',(382.09768032362,376.,379.16235780182));
#477 = DIRECTION('',(0.968969464037,-0.,0.24718045587));
#478 = DIRECTION('',(-0.24718045587,0.,0.968969464037));
#479 = DEFINITIONAL_REPRESENTATION('',(#480),#484);
#480 = LINE('',#481,#482);
#481 = CARTESIAN_POINT('',(0.,0.));
#482 = VECTOR('',#483,1.);
#483 = DIRECTION('',(1.,0.));
#484 = ( GEOMETRIC_REPRESENTATION_CONTEXT(2) 
PARAMETRIC_REPRESENTATION_CONTEXT() REPRESENTATION_CONTEXT('2D SPACE',''
  ) );
#485 = ORIENTED_EDGE('',*,*,#486,.T.);
#486 = EDGE_CURVE('',#459,#487,#489,.T.);
#487 = VERTEX_POINT('',#488);
#488 = CARTESIAN_POINT('',(381.61485132516,376.,380.89624437889));
#489 = SURFACE_CURVE('',#490,(#494,#501),.PCURVE_S1.);
#490 = LINE('',#491,#492);
#491 = CARTESIAN_POINT('',(381.87518259424,376.,380.03456877347));
#492 = VECTOR('',#493,1.);
#493 = DIRECTION('',(-0.289211049244,0.,0.957265359759));
#494 = PCURVE('',#126,#495);
#495 = DEFINITIONAL_REPRESENTATION('',(#496),#500);
#496 = LINE('',#497,#498);
#497 = CARTESIAN_POINT('',(-5.534568773473,19.875182594247));
#498 = VECTOR('',#499,1.);
#499 = DIRECTION('',(-0.957265359759,-0.289211049244));
#500 = ( GEOMETRIC_REPRESENTATION_CONTEXT(2) 
PARAMETRIC_REPRESENTATION_CONTEXT() REPRESENTATION_CONTEXT('2D SPACE',''
  ) );
#501 = PCURVE('',#502,#507);
#502 = PLANE('',#503);
#503 = AXIS2_PLACEMENT_3D('',#504,#505,#506);
#504 = CARTESIAN_POINT('',(381.87518259424,376.,380.03456877347));
#505 = DIRECTION('',(0.957265359759,-0.,0.289211049244));
#506 = DIRECTION('',(-0.289211049244,0.,0.957265359759));
#507 = DEFINITIONAL_REPRESENTATION('',(#508),#512);
#508 = LINE('',#509,#510);
#509 = CARTESIAN_POINT('',(0.,0.));
#510 = VECTOR('',#511,1.);
#511 = DIRECTION('',(1.,0.));
#512 = ( GEOMETRIC_REPRESENTATION_CONTEXT(2) 
PARAMETRIC_REPRESENTATION_CONTEXT() REPRESENTATION_CONTEXT('2D SPACE',''
  ) );
#513 = ORIENTED_EDGE('',*,*,#514,.T.);
#514 = EDGE_CURVE('',#487,#515,#517,.T.);
#515 = VERTEX_POINT('',#516);
#516 = CARTESIAN_POINT('',(381.31718207175,376.,381.7457443696));
#517 = SURFACE_CURVE('',#518,(#522,#529),.PCURVE_S1.);
#518 = LINE('',#519,#520);
#519 = CARTESIAN_POINT('',(381.61485132516,376.,380.89624437889));
#520 = VECTOR('',#521,1.);
#521 = DIRECTION('',(-0.330691112948,0.,0.943739046462));
#522 = PCURVE('',#126,#523);
#523 = DEFINITIONAL_REPRESENTATION('',(#524),#528);
#524 = LINE('',#525,#526);
#525 = CARTESIAN_POINT('',(-6.396244378896,19.614851325167));
#526 = VECTOR('',#527,1.);
#527 = DIRECTION('',(-0.943739046462,-0.330691112948));
#528 = ( GEOMETRIC_REPRESENTATION_CONTEXT(2) 
PARAMETRIC_REPRESENTATION_CONTEXT() REPRESENTATION_CONTEXT('2D SPACE',''
  ) );
#529 = PCURVE('',#530,#535);
#530 = PLANE('',#531);
#531 = AXIS2_PLACEMENT_3D('',#532,#533,#534);
#532 = CARTESIAN_POINT('',(381.61485132516,376.,380.89624437889));
#533 = DIRECTION('',(0.943739046462,-0.,0.330691112948));
#534 = DIRECTION('',(-0.330691112948,0.,0.943739046462));
#535 = DEFINITIONAL_REPRESENTATION('',(#536),#540);
#536 = LINE('',#537,#538);
#537 = CARTESIAN_POINT('',(0.,0.));
#538 = VECTOR('',#539,1.);
#539 = DIRECTION('',(1.,0.));
#540 = ( GEOMETRIC_REPRESENTATION_CONTEXT(2) 
PARAMETRIC_REPRESENTATION_CONTEXT() REPRESENTATION_CONTEXT('2D SPACE',''
  ) );
#541 = ORIENTED_EDGE('',*,*,#542,.T.);
#542 = EDGE_CURVE('',#515,#543,#545,.T.);
#543 = VERTEX_POINT('',#544);
#544 = CARTESIAN_POINT('',(380.98274146435,376.,382.58145167408));
#545 = SURFACE_CURVE('',#546,(#550,#557),.PCURVE_S1.);
#546 = LINE('',#547,#548);
#547 = CARTESIAN_POINT('',(381.31718207175,376.,381.7457443696));
#548 = VECTOR('',#549,1.);
#549 = DIRECTION('',(-0.371541687323,0.,0.928416272251));
#550 = PCURVE('',#126,#551);
#551 = DEFINITIONAL_REPRESENTATION('',(#552),#556);
#552 = LINE('',#553,#554);
#553 = CARTESIAN_POINT('',(-7.245744369604,19.317182071755));
#554 = VECTOR('',#555,1.);
#555 = DIRECTION('',(-0.928416272251,-0.371541687323));
#556 = ( GEOMETRIC_REPRESENTATION_CONTEXT(2) 
PARAMETRIC_REPRESENTATION_CONTEXT() REPRESENTATION_CONTEXT('2D SPACE',''
  ) );
#557 = PCURVE('',#558,#563);
#558 = PLANE('',#559);
#559 = AXIS2_PLACEMENT_3D('',#560,#561,#562);
#560 = CARTESIAN_POINT('',(381.31718207175,376.,381.7457443696));
#561 = DIRECTION('',(0.928416272251,-0.,0.371541687323));
#562 = DIRECTION('',(-0.371541687323,0.,0.928416272251));
#563 = DEFINITIONAL_REPRESENTATION('',(#564),#568);
#564 = LINE('',#565,#566);
#565 = CARTESIAN_POINT('',(0.,0.));
#566 = VECTOR('',#567,1.);
#567 = DIRECTION('',(1.,0.));
#568 = ( GEOMETRIC_REPRESENTATION_CONTEXT(2) 
PARAMETRIC_REPRESENTATION_CONTEXT() REPRESENTATION_CONTEXT('2D SPACE',''
  ) );
#569 = ORIENTED_EDGE('',*,*,#570,.T.);
#570 = EDGE_CURVE('',#543,#571,#573,.T.);
#571 = VERTEX_POINT('',#572);
#572 = CARTESIAN_POINT('',(376.79533120854,376.,380.21540992095));
#573 = SURFACE_CURVE('',#574,(#578,#585),.PCURVE_S1.);
#574 = LINE('',#575,#576);
#575 = CARTESIAN_POINT('',(380.98274146435,376.,382.58145167408));
#576 = VECTOR('',#577,1.);
#577 = DIRECTION('',(-0.870630105165,0.,-0.49193822781));
#578 = PCURVE('',#126,#579);
#579 = DEFINITIONAL_REPRESENTATION('',(#580),#584);
#580 = LINE('',#581,#582);
#581 = CARTESIAN_POINT('',(-8.081451674085,18.982741464351));
#582 = VECTOR('',#583,1.);
#583 = DIRECTION('',(0.49193822781,-0.870630105165));
#584 = ( GEOMETRIC_REPRESENTATION_CONTEXT(2) 
PARAMETRIC_REPRESENTATION_CONTEXT() REPRESENTATION_CONTEXT('2D SPACE',''
  ) );
#585 = PCURVE('',#586,#591);
#586 = PLANE('',#587);
#587 = AXIS2_PLACEMENT_3D('',#588,#589,#590);
#588 = CARTESIAN_POINT('',(380.98274146435,376.,382.58145167408));
#589 = DIRECTION('',(-0.49193822781,0.,0.870630105165));
#590 = DIRECTION('',(-0.870630105165,0.,-0.49193822781));
#591 = DEFINITIONAL_REPRESENTATION('',(#592),#596);
#592 = LINE('',#593,#594);
#593 = CARTESIAN_POINT('',(0.,0.));
#594 = VECTOR('',#595,1.);
#595 = DIRECTION('',(1.,0.));
#596 = ( GEOMETRIC_REPRESENTATION_CONTEXT(2) 
PARAMETRIC_REPRESENTATION_CONTEXT() REPRESENTATION_CONTEXT('2D SPACE',''
  ) );
#597 = ORIENTED_EDGE('',*,*,#598,.T.);
#598 = EDGE_CURVE('',#571,#599,#601,.T.);
#599 = VERTEX_POINT('',#600);
#600 = CARTESIAN_POINT('',(376.30855775756,376.,381.34345753501));
#601 = SURFACE_CURVE('',#602,(#606,#613),.PCURVE_S1.);
#602 = LINE('',#603,#604);
#603 = CARTESIAN_POINT('',(376.79533120854,376.,380.21540992095));
#604 = VECTOR('',#605,1.);
#605 = DIRECTION('',(-0.396204116217,0.,0.918162457462));
#606 = PCURVE('',#126,#607);
#607 = DEFINITIONAL_REPRESENTATION('',(#608),#612);
#608 = LINE('',#609,#610);
#609 = CARTESIAN_POINT('',(-5.715409920955,14.795331208547));
#610 = VECTOR('',#611,1.);
#611 = DIRECTION('',(-0.918162457462,-0.396204116217));
#612 = ( GEOMETRIC_REPRESENTATION_CONTEXT(2) 
PARAMETRIC_REPRESENTATION_CONTEXT() REPRESENTATION_CONTEXT('2D SPACE',''
  ) );
#613 = PCURVE('',#614,#619);
#614 = PLANE('',#615);
#615 = AXIS2_PLACEMENT_3D('',#616,#617,#618);
#616 = CARTESIAN_POINT('',(376.79533120854,376.,380.21540992095));
#617 = DIRECTION('',(0.918162457462,-0.,0.396204116217));
#618 = DIRECTION('',(-0.396204116217,0.,0.918162457462));
#619 = DEFINITIONAL_REPRESENTATION('',(#620),#624);
#620 = LINE('',#621,#622);
#621 = CARTESIAN_POINT('',(0.,0.));
#622 = VECTOR('',#623,1.);
#623 = DIRECTION('',(1.,0.));
#624 = ( GEOMETRIC_REPRESENTATION_CONTEXT(2) 
PARAMETRIC_REPRESENTATION_CONTEXT() REPRESENTATION_CONTEXT('2D SPACE',''
  ) );
#625 = ORIENTED_EDGE('',*,*,#626,.T.);
#626 = EDGE_CURVE('',#599,#627,#629,.T.);
#627 = VERTEX_POINT('',#628);
#628 = CARTESIAN_POINT('',(375.73593106059,376.,382.4304434954));
#629 = SURFACE_CURVE('',#630,(#634,#641),.PCURVE_S1.);
#630 = LINE('',#631,#632);
#631 = CARTESIAN_POINT('',(376.30855775756,376.,381.34345753501));
#632 = VECTOR('',#633,1.);
#633 = DIRECTION('',(-0.466083460261,0.,0.88474075755));
#634 = PCURVE('',#126,#635);
#635 = DEFINITIONAL_REPRESENTATION('',(#636),#640);
#636 = LINE('',#637,#638);
#637 = CARTESIAN_POINT('',(-6.843457535015,14.308557757565));
#638 = VECTOR('',#639,1.);
#639 = DIRECTION('',(-0.88474075755,-0.466083460261));
#640 = ( GEOMETRIC_REPRESENTATION_CONTEXT(2) 
PARAMETRIC_REPRESENTATION_CONTEXT() REPRESENTATION_CONTEXT('2D SPACE',''
  ) );
#641 = PCURVE('',#642,#647);
#642 = PLANE('',#643);
#643 = AXIS2_PLACEMENT_3D('',#644,#645,#646);
#644 = CARTESIAN_POINT('',(376.30855775756,376.,381.34345753501));
#645 = DIRECTION('',(0.88474075755,-0.,0.466083460261));
#646 = DIRECTION('',(-0.466083460261,0.,0.88474075755));
#647 = DEFINITIONAL_REPRESENTATION('',(#648),#652);
#648 = LINE('',#649,#650);
#649 = CARTESIAN_POINT('',(0.,0.));
#650 = VECTOR('',#651,1.);
#651 = DIRECTION('',(1.,0.));
#652 = ( GEOMETRIC_REPRESENTATION_CONTEXT(2) 
PARAMETRIC_REPRESENTATION_CONTEXT() REPRESENTATION_CONTEXT('2D SPACE',''
  ) );
#653 = ORIENTED_EDGE('',*,*,#654,.T.);
#654 = EDGE_CURVE('',#627,#655,#657,.T.);
#655 = VERTEX_POINT('',#656);
#656 = CARTESIAN_POINT('',(375.08088695382,376.,383.46984574206));
#657 = SURFACE_CURVE('',#658,(#662,#669),.PCURVE_S1.);
#658 = LINE('',#659,#660);
#659 = CARTESIAN_POINT('',(375.73593106059,376.,382.4304434954));
#660 = VECTOR('',#661,1.);
#661 = DIRECTION('',(-0.533166241671,0.,0.846010495645));
#662 = PCURVE('',#126,#663);
#663 = DEFINITIONAL_REPRESENTATION('',(#664),#668);
#664 = LINE('',#665,#666);
#665 = CARTESIAN_POINT('',(-7.930443495403,13.735931060593));
#666 = VECTOR('',#667,1.);
#667 = DIRECTION('',(-0.846010495645,-0.533166241671));
#668 = ( GEOMETRIC_REPRESENTATION_CONTEXT(2) 
PARAMETRIC_REPRESENTATION_CONTEXT() REPRESENTATION_CONTEXT('2D SPACE',''
  ) );
#669 = PCURVE('',#670,#675);
#670 = PLANE('',#671);
#671 = AXIS2_PLACEMENT_3D('',#672,#673,#674);
#672 = CARTESIAN_POINT('',(375.73593106059,376.,382.4304434954));
#673 = DIRECTION('',(0.846010495645,-0.,0.533166241671));
#674 = DIRECTION('',(-0.533166241671,0.,0.846010495645));
#675 = DEFINITIONAL_REPRESENTATION('',(#676),#680);
#676 = LINE('',#677,#678);
#677 = CARTESIAN_POINT('',(0.,0.));
#678 = VECTOR('',#679,1.);
#679 = DIRECTION('',(1.,0.));
#680 = ( GEOMETRIC_REPRESENTATION_CONTEXT(2) 
PARAMETRIC_REPRESENTATION_CONTEXT() REPRESENTATION_CONTEXT('2D SPACE',''
  ) );
#681 = ORIENTED_EDGE('',*,*,#682,.T.);
#682 = EDGE_CURVE('',#655,#683,#685,.T.);
#683 = VERTEX_POINT('',#684);
#684 = CARTESIAN_POINT('',(374.34735578886,376.,384.45542772352));
#685 = SURFACE_CURVE('',#686,(#690,#697),.PCURVE_S1.);
#686 = LINE('',#687,#688);
#687 = CARTESIAN_POINT('',(375.08088695382,376.,383.46984574206));
#688 = VECTOR('',#689,1.);
#689 = DIRECTION('',(-0.597049954854,0.,0.802204058459));
#690 = PCURVE('',#126,#691);
#691 = DEFINITIONAL_REPRESENTATION('',(#692),#696);
#692 = LINE('',#693,#694);
#693 = CARTESIAN_POINT('',(-8.969845742061,13.080886953826));
#694 = VECTOR('',#695,1.);
#695 = DIRECTION('',(-0.802204058459,-0.597049954854));
#696 = ( GEOMETRIC_REPRESENTATION_CONTEXT(2) 
PARAMETRIC_REPRESENTATION_CONTEXT() REPRESENTATION_CONTEXT('2D SPACE',''
  ) );
#697 = PCURVE('',#698,#703);
#698 = PLANE('',#699);
#699 = AXIS2_PLACEMENT_3D('',#700,#701,#702);
#700 = CARTESIAN_POINT('',(375.08088695382,376.,383.46984574206));
#701 = DIRECTION('',(0.802204058459,-0.,0.597049954854));
#702 = DIRECTION('',(-0.597049954854,0.,0.802204058459));
#703 = DEFINITIONAL_REPRESENTATION('',(#704),#708);
#704 = LINE('',#705,#706);
#705 = CARTESIAN_POINT('',(0.,0.));
#706 = VECTOR('',#707,1.);
#707 = DIRECTION('',(1.,0.));
#708 = ( GEOMETRIC_REPRESENTATION_CONTEXT(2) 
PARAMETRIC_REPRESENTATION_CONTEXT() REPRESENTATION_CONTEXT('2D SPACE',''
  ) );
#709 = ORIENTED_EDGE('',*,*,#710,.T.);
#710 = EDGE_CURVE('',#683,#711,#713,.T.);
#711 = VERTEX_POINT('',#712);
#712 = CARTESIAN_POINT('',(375.19686594963,376.,385.30115932635));
#713 = SURFACE_CURVE('',#714,(#718,#725),.PCURVE_S1.);
#714 = LINE('',#715,#716);
#715 = CARTESIAN_POINT('',(374.34735578886,376.,384.45542772352));
#716 = VECTOR('',#717,1.);
#717 = DIRECTION('',(0.708681105109,0.,0.705528944312));
#718 = PCURVE('',#126,#719);
#719 = DEFINITIONAL_REPRESENTATION('',(#720),#724);
#720 = LINE('',#721,#722);
#721 = CARTESIAN_POINT('',(-9.955427723529,12.347355788862));
#722 = VECTOR('',#723,1.);
#723 = DIRECTION('',(-0.705528944312,0.708681105109));
#724 = ( GEOMETRIC_REPRESENTATION_CONTEXT(2) 
PARAMETRIC_REPRESENTATION_CONTEXT() REPRESENTATION_CONTEXT('2D SPACE',''
  ) );
#725 = PCURVE('',#726,#731);
#726 = PLANE('',#727);
#727 = AXIS2_PLACEMENT_3D('',#728,#729,#730);
#728 = CARTESIAN_POINT('',(374.34735578886,376.,384.45542772352));
#729 = DIRECTION('',(0.705528944312,0.,-0.708681105109));
#730 = DIRECTION('',(0.708681105109,0.,0.705528944312));
#731 = DEFINITIONAL_REPRESENTATION('',(#732),#736);
#732 = LINE('',#733,#734);
#733 = CARTESIAN_POINT('',(0.,0.));
#734 = VECTOR('',#735,1.);
#735 = DIRECTION('',(1.,0.));
#736 = ( GEOMETRIC_REPRESENTATION_CONTEXT(2) 
PARAMETRIC_REPRESENTATION_CONTEXT() REPRESENTATION_CONTEXT('2D SPACE',''
  ) );
#737 = ORIENTED_EDGE('',*,*,#738,.T.);
#738 = EDGE_CURVE('',#711,#739,#741,.T.);
#739 = VERTEX_POINT('',#740);
#740 = CARTESIAN_POINT('',(376.03457649957,376.,386.15985713613));
#741 = SURFACE_CURVE('',#742,(#746,#753),.PCURVE_S1.);
#742 = LINE('',#743,#744);
#743 = CARTESIAN_POINT('',(375.19686594963,376.,385.30115932635));
#744 = VECTOR('',#745,1.);
#745 = DIRECTION('',(0.698305311793,0.,0.715800035989));
#746 = PCURVE('',#126,#747);
#747 = DEFINITIONAL_REPRESENTATION('',(#748),#752);
#748 = LINE('',#749,#750);
#749 = CARTESIAN_POINT('',(-10.80115932635,13.196865949636));
#750 = VECTOR('',#751,1.);
#751 = DIRECTION('',(-0.715800035989,0.698305311793));
#752 = ( GEOMETRIC_REPRESENTATION_CONTEXT(2) 
PARAMETRIC_REPRESENTATION_CONTEXT() REPRESENTATION_CONTEXT('2D SPACE',''
  ) );
#753 = PCURVE('',#754,#759);
#754 = PLANE('',#755);
#755 = AXIS2_PLACEMENT_3D('',#756,#757,#758);
#756 = CARTESIAN_POINT('',(375.19686594963,376.,385.30115932635));
#757 = DIRECTION('',(0.715800035989,0.,-0.698305311793));
#758 = DIRECTION('',(0.698305311793,0.,0.715800035989));
#759 = DEFINITIONAL_REPRESENTATION('',(#760),#764);
#760 = LINE('',#761,#762);
#761 = CARTESIAN_POINT('',(0.,0.));
#762 = VECTOR('',#763,1.);
#763 = DIRECTION('',(1.,0.));
#764 = ( GEOMETRIC_REPRESENTATION_CONTEXT(2) 
PARAMETRIC_REPRESENTATION_CONTEXT() REPRESENTATION_CONTEXT('2D SPACE',''
  ) );
#765 = ORIENTED_EDGE('',*,*,#766,.T.);
#766 = EDGE_CURVE('',#739,#767,#769,.T.);
#767 = VERTEX_POINT('',#768);
#768 = CARTESIAN_POINT('',(376.86034316524,376.,387.03139313727));
#769 = SURFACE_CURVE('',#770,(#774,#781),.PCURVE_S1.);
#770 = LINE('',#771,#772);
#771 = CARTESIAN_POINT('',(376.03457649957,376.,386.15985713613));
#772 = VECTOR('',#773,1.);
#773 = DIRECTION('',(0.687788971908,0.,0.725910690183));
#774 = PCURVE('',#126,#775);
#775 = DEFINITIONAL_REPRESENTATION('',(#776),#780);
#776 = LINE('',#777,#778);
#777 = CARTESIAN_POINT('',(-11.65985713613,14.034576499576));
#778 = VECTOR('',#779,1.);
#779 = DIRECTION('',(-0.725910690183,0.687788971908));
#780 = ( GEOMETRIC_REPRESENTATION_CONTEXT(2) 
PARAMETRIC_REPRESENTATION_CONTEXT() REPRESENTATION_CONTEXT('2D SPACE',''
  ) );
#781 = PCURVE('',#782,#787);
#782 = PLANE('',#783);
#783 = AXIS2_PLACEMENT_3D('',#784,#785,#786);
#784 = CARTESIAN_POINT('',(376.03457649957,376.,386.15985713613));
#785 = DIRECTION('',(0.725910690183,0.,-0.687788971908));
#786 = DIRECTION('',(0.687788971908,0.,0.725910690183));
#787 = DEFINITIONAL_REPRESENTATION('',(#788),#792);
#788 = LINE('',#789,#790);
#789 = CARTESIAN_POINT('',(0.,0.));
#790 = VECTOR('',#791,1.);
#791 = DIRECTION('',(1.,0.));
#792 = ( GEOMETRIC_REPRESENTATION_CONTEXT(2) 
PARAMETRIC_REPRESENTATION_CONTEXT() REPRESENTATION_CONTEXT('2D SPACE',''
  ) );
#793 = ORIENTED_EDGE('',*,*,#794,.T.);
#794 = EDGE_CURVE('',#767,#795,#797,.T.);
#795 = VERTEX_POINT('',#796);
#796 = CARTESIAN_POINT('',(377.07392281648,376.,388.58656045972));
#797 = SURFACE_CURVE('',#798,(#802,#809),.PCURVE_S1.);
#798 = LINE('',#799,#800);
#799 = CARTESIAN_POINT('',(376.86034316524,376.,387.03139313727));
#800 = VECTOR('',#801,1.);
#801 = DIRECTION('',(0.136058373289,0.,0.990700822175));
#802 = PCURVE('',#126,#803);
#803 = DEFINITIONAL_REPRESENTATION('',(#804),#808);
#804 = LINE('',#805,#806);
#805 = CARTESIAN_POINT('',(-12.53139313727,14.860343165246));
#806 = VECTOR('',#807,1.);
#807 = DIRECTION('',(-0.990700822175,0.136058373289));
#808 = ( GEOMETRIC_REPRESENTATION_CONTEXT(2) 
PARAMETRIC_REPRESENTATION_CONTEXT() REPRESENTATION_CONTEXT('2D SPACE',''
  ) );
#809 = PCURVE('',#810,#815);
#810 = PLANE('',#811);
#811 = AXIS2_PLACEMENT_3D('',#812,#813,#814);
#812 = CARTESIAN_POINT('',(376.86034316524,376.,387.03139313727));
#813 = DIRECTION('',(0.990700822175,0.,-0.136058373289));
#814 = DIRECTION('',(0.136058373289,0.,0.990700822175));
#815 = DEFINITIONAL_REPRESENTATION('',(#816),#820);
#816 = LINE('',#817,#818);
#817 = CARTESIAN_POINT('',(0.,0.));
#818 = VECTOR('',#819,1.);
#819 = DIRECTION('',(1.,0.));
#820 = ( GEOMETRIC_REPRESENTATION_CONTEXT(2) 
PARAMETRIC_REPRESENTATION_CONTEXT() REPRESENTATION_CONTEXT('2D SPACE',''
  ) );
#821 = ORIENTED_EDGE('',*,*,#822,.T.);
#822 = EDGE_CURVE('',#795,#823,#825,.T.);
#823 = VERTEX_POINT('',#824);
#824 = CARTESIAN_POINT('',(376.44512864473,376.,389.23066845394));
#825 = SURFACE_CURVE('',#826,(#830,#837),.PCURVE_S1.);
#826 = LINE('',#827,#828);
#827 = CARTESIAN_POINT('',(377.07392281648,376.,388.58656045972));
#828 = VECTOR('',#829,1.);
#829 = DIRECTION('',(-0.698549286121,0.,0.715561943412));
#830 = PCURVE('',#126,#831);
#831 = DEFINITIONAL_REPRESENTATION('',(#832),#836);
#832 = LINE('',#833,#834);
#833 = CARTESIAN_POINT('',(-14.08656045972,15.073922816488));
#834 = VECTOR('',#835,1.);
#835 = DIRECTION('',(-0.715561943412,-0.698549286121));
#836 = ( GEOMETRIC_REPRESENTATION_CONTEXT(2) 
PARAMETRIC_REPRESENTATION_CONTEXT() REPRESENTATION_CONTEXT('2D SPACE',''
  ) );
#837 = PCURVE('',#838,#843);
#838 = PLANE('',#839);
#839 = AXIS2_PLACEMENT_3D('',#840,#841,#842);
#840 = CARTESIAN_POINT('',(377.07392281648,376.,388.58656045972));
#841 = DIRECTION('',(0.715561943412,-0.,0.698549286121));
#842 = DIRECTION('',(-0.698549286121,0.,0.715561943412));
#843 = DEFINITIONAL_REPRESENTATION('',(#844),#848);
#844 = LINE('',#845,#846);
#845 = CARTESIAN_POINT('',(0.,0.));
#846 = VECTOR('',#847,1.);
#847 = DIRECTION('',(1.,0.));
#848 = ( GEOMETRIC_REPRESENTATION_CONTEXT(2) 
PARAMETRIC_REPRESENTATION_CONTEXT() REPRESENTATION_CONTEXT('2D SPACE',''
  ) );
#849 = ORIENTED_EDGE('',*,*,#850,.T.);
#850 = EDGE_CURVE('',#823,#851,#853,.T.);
#851 = VERTEX_POINT('',#852);
#852 = CARTESIAN_POINT('',(375.7888373496,376.,389.84673578352));
#853 = SURFACE_CURVE('',#854,(#858,#865),.PCURVE_S1.);
#854 = LINE('',#855,#856);
#855 = CARTESIAN_POINT('',(376.44512864473,376.,389.23066845394));
#856 = VECTOR('',#857,1.);
#857 = DIRECTION('',(-0.72909679558,0.,0.684410595092));
#858 = PCURVE('',#126,#859);
#859 = DEFINITIONAL_REPRESENTATION('',(#860),#864);
#860 = LINE('',#861,#862);
#861 = CARTESIAN_POINT('',(-14.73066845394,14.445128644736));
#862 = VECTOR('',#863,1.);
#863 = DIRECTION('',(-0.684410595092,-0.72909679558));
#864 = ( GEOMETRIC_REPRESENTATION_CONTEXT(2) 
PARAMETRIC_REPRESENTATION_CONTEXT() REPRESENTATION_CONTEXT('2D SPACE',''
  ) );
#865 = PCURVE('',#866,#871);
#866 = PLANE('',#867);
#867 = AXIS2_PLACEMENT_3D('',#868,#869,#870);
#868 = CARTESIAN_POINT('',(376.44512864473,376.,389.23066845394));
#869 = DIRECTION('',(0.684410595092,-0.,0.72909679558));
#870 = DIRECTION('',(-0.72909679558,0.,0.684410595092));
#871 = DEFINITIONAL_REPRESENTATION('',(#872),#876);
#872 = LINE('',#873,#874);
#873 = CARTESIAN_POINT('',(0.,0.));
#874 = VECTOR('',#875,1.);
#875 = DIRECTION('',(1.,0.));
#876 = ( GEOMETRIC_REPRESENTATION_CONTEXT(2) 
PARAMETRIC_REPRESENTATION_CONTEXT() REPRESENTATION_CONTEXT('2D SPACE',''
  ) );
#877 = ORIENTED_EDGE('',*,*,#878,.T.);
#878 = EDGE_CURVE('',#851,#879,#881,.T.);
#879 = VERTEX_POINT('',#880);
#880 = CARTESIAN_POINT('',(375.10629821886,376.,390.43358972928));
#881 = SURFACE_CURVE('',#882,(#886,#893),.PCURVE_S1.);
#882 = LINE('',#883,#884);
#883 = CARTESIAN_POINT('',(375.7888373496,376.,389.84673578352));
#884 = VECTOR('',#885,1.);
#885 = DIRECTION('',(-0.75825642785,0.,0.651956432306));
#886 = PCURVE('',#126,#887);
#887 = DEFINITIONAL_REPRESENTATION('',(#888),#892);
#888 = LINE('',#889,#890);
#889 = CARTESIAN_POINT('',(-15.34673578352,13.788837349602));
#890 = VECTOR('',#891,1.);
#891 = DIRECTION('',(-0.651956432306,-0.75825642785));
#892 = ( GEOMETRIC_REPRESENTATION_CONTEXT(2) 
PARAMETRIC_REPRESENTATION_CONTEXT() REPRESENTATION_CONTEXT('2D SPACE',''
  ) );
#893 = PCURVE('',#894,#899);
#894 = PLANE('',#895);
#895 = AXIS2_PLACEMENT_3D('',#896,#897,#898);
#896 = CARTESIAN_POINT('',(375.7888373496,376.,389.84673578352));
#897 = DIRECTION('',(0.651956432306,-0.,0.75825642785));
#898 = DIRECTION('',(-0.75825642785,0.,0.651956432306));
#899 = DEFINITIONAL_REPRESENTATION('',(#900),#904);
#900 = LINE('',#901,#902);
#901 = CARTESIAN_POINT('',(0.,0.));
#902 = VECTOR('',#903,1.);
#903 = DIRECTION('',(1.,0.));
#904 = ( GEOMETRIC_REPRESENTATION_CONTEXT(2) 
PARAMETRIC_REPRESENTATION_CONTEXT() REPRESENTATION_CONTEXT('2D SPACE',''
  ) );
#905 = ORIENTED_EDGE('',*,*,#906,.T.);
#906 = EDGE_CURVE('',#879,#907,#909,.T.);
#907 = VERTEX_POINT('',#908);
#908 = CARTESIAN_POINT('',(374.39881050455,376.,390.99011318138));
#909 = SURFACE_CURVE('',#910,(#914,#921),.PCURVE_S1.);
#910 = LINE('',#911,#912);
#911 = CARTESIAN_POINT('',(375.10629821886,376.,390.43358972928));
#912 = VECTOR('',#913,1.);
#913 = DIRECTION('',(-0.785972675912,0.,0.618261233395));
#914 = PCURVE('',#126,#915);
#915 = DEFINITIONAL_REPRESENTATION('',(#916),#920);
#916 = LINE('',#917,#918);
#917 = CARTESIAN_POINT('',(-15.93358972928,13.106298218867));
#918 = VECTOR('',#919,1.);
#919 = DIRECTION('',(-0.618261233395,-0.785972675912));
#920 = ( GEOMETRIC_REPRESENTATION_CONTEXT(2) 
PARAMETRIC_REPRESENTATION_CONTEXT() REPRESENTATION_CONTEXT('2D SPACE',''
  ) );
#921 = PCURVE('',#922,#927);
#922 = PLANE('',#923);
#923 = AXIS2_PLACEMENT_3D('',#924,#925,#926);
#924 = CARTESIAN_POINT('',(375.10629821886,376.,390.43358972928));
#925 = DIRECTION('',(0.618261233395,-0.,0.785972675912));
#926 = DIRECTION('',(-0.785972675912,0.,0.618261233395));
#927 = DEFINITIONAL_REPRESENTATION('',(#928),#932);
#928 = LINE('',#929,#930);
#929 = CARTESIAN_POINT('',(0.,0.));
#930 = VECTOR('',#931,1.);
#931 = DIRECTION('',(1.,0.));
#932 = ( GEOMETRIC_REPRESENTATION_CONTEXT(2) 
PARAMETRIC_REPRESENTATION_CONTEXT() REPRESENTATION_CONTEXT('2D SPACE',''
  ) );
#933 = ORIENTED_EDGE('',*,*,#934,.T.);
#934 = EDGE_CURVE('',#907,#935,#937,.T.);
#935 = VERTEX_POINT('',#936);
#936 = CARTESIAN_POINT('',(371.95542772352,376.,386.84735578886));
#937 = SURFACE_CURVE('',#938,(#942,#949),.PCURVE_S1.);
#938 = LINE('',#939,#940);
#939 = CARTESIAN_POINT('',(374.39881050455,376.,390.99011318138));
#940 = VECTOR('',#941,1.);
#941 = DIRECTION('',(-0.508018674468,0.,-0.861346054958));
#942 = PCURVE('',#126,#943);
#943 = DEFINITIONAL_REPRESENTATION('',(#944),#948);
#944 = LINE('',#945,#946);
#945 = CARTESIAN_POINT('',(-16.49011318138,12.398810504558));
#946 = VECTOR('',#947,1.);
#947 = DIRECTION('',(0.861346054958,-0.508018674468));
#948 = ( GEOMETRIC_REPRESENTATION_CONTEXT(2) 
PARAMETRIC_REPRESENTATION_CONTEXT() REPRESENTATION_CONTEXT('2D SPACE',''
  ) );
#949 = PCURVE('',#950,#955);
#950 = PLANE('',#951);
#951 = AXIS2_PLACEMENT_3D('',#952,#953,#954);
#952 = CARTESIAN_POINT('',(374.39881050455,376.,390.99011318138));
#953 = DIRECTION('',(-0.861346054958,0.,0.508018674468));
#954 = DIRECTION('',(-0.508018674468,0.,-0.861346054958));
#955 = DEFINITIONAL_REPRESENTATION('',(#956),#960);
#956 = LINE('',#957,#958);
#957 = CARTESIAN_POINT('',(0.,0.));
#958 = VECTOR('',#959,1.);
#959 = DIRECTION('',(1.,0.));
#960 = ( GEOMETRIC_REPRESENTATION_CONTEXT(2) 
PARAMETRIC_REPRESENTATION_CONTEXT() REPRESENTATION_CONTEXT('2D SPACE',''
  ) );
#961 = ORIENTED_EDGE('',*,*,#962,.T.);
#962 = EDGE_CURVE('',#935,#963,#965,.T.);
#963 = VERTEX_POINT('',#964);
#964 = CARTESIAN_POINT('',(370.96984574206,376.,387.58088695382));
#965 = SURFACE_CURVE('',#966,(#970,#977),.PCURVE_S1.);
#966 = LINE('',#967,#968);
#967 = CARTESIAN_POINT('',(371.95542772352,376.,386.84735578886));
#968 = VECTOR('',#969,1.);
#969 = DIRECTION('',(-0.802204058459,0.,0.597049954854));
#970 = PCURVE('',#126,#971);
#971 = DEFINITIONAL_REPRESENTATION('',(#972),#976);
#972 = LINE('',#973,#974);
#973 = CARTESIAN_POINT('',(-12.34735578886,9.955427723529));
#974 = VECTOR('',#975,1.);
#975 = DIRECTION('',(-0.597049954854,-0.802204058459));
#976 = ( GEOMETRIC_REPRESENTATION_CONTEXT(2) 
PARAMETRIC_REPRESENTATION_CONTEXT() REPRESENTATION_CONTEXT('2D SPACE',''
  ) );
#977 = PCURVE('',#978,#983);
#978 = PLANE('',#979);
#979 = AXIS2_PLACEMENT_3D('',#980,#981,#982);
#980 = CARTESIAN_POINT('',(371.95542772352,376.,386.84735578886));
#981 = DIRECTION('',(0.597049954854,-0.,0.802204058459));
#982 = DIRECTION('',(-0.802204058459,0.,0.597049954854));
#983 = DEFINITIONAL_REPRESENTATION('',(#984),#988);
#984 = LINE('',#985,#986);
#985 = CARTESIAN_POINT('',(0.,0.));
#986 = VECTOR('',#987,1.);
#987 = DIRECTION('',(1.,0.));
#988 = ( GEOMETRIC_REPRESENTATION_CONTEXT(2) 
PARAMETRIC_REPRESENTATION_CONTEXT() REPRESENTATION_CONTEXT('2D SPACE',''
  ) );
#989 = ORIENTED_EDGE('',*,*,#990,.T.);
#990 = EDGE_CURVE('',#963,#991,#993,.T.);
#991 = VERTEX_POINT('',#992);
#992 = CARTESIAN_POINT('',(369.9304434954,376.,388.23593106059));
#993 = SURFACE_CURVE('',#994,(#998,#1005),.PCURVE_S1.);
#994 = LINE('',#995,#996);
#995 = CARTESIAN_POINT('',(370.96984574206,376.,387.58088695382));
#996 = VECTOR('',#997,1.);
#997 = DIRECTION('',(-0.846010495645,0.,0.533166241671));
#998 = PCURVE('',#126,#999);
#999 = DEFINITIONAL_REPRESENTATION('',(#1000),#1004);
#1000 = LINE('',#1001,#1002);
#1001 = CARTESIAN_POINT('',(-13.08088695382,8.969845742061));
#1002 = VECTOR('',#1003,1.);
#1003 = DIRECTION('',(-0.533166241671,-0.846010495645));
#1004 = ( GEOMETRIC_REPRESENTATION_CONTEXT(2) 
PARAMETRIC_REPRESENTATION_CONTEXT() REPRESENTATION_CONTEXT('2D SPACE',''
  ) );
#1005 = PCURVE('',#1006,#1011);
#1006 = PLANE('',#1007);
#1007 = AXIS2_PLACEMENT_3D('',#1008,#1009,#1010);
#1008 = CARTESIAN_POINT('',(370.96984574206,376.,387.58088695382));
#1009 = DIRECTION('',(0.533166241671,-0.,0.846010495645));
#1010 = DIRECTION('',(-0.846010495645,0.,0.533166241671));
#1011 = DEFINITIONAL_REPRESENTATION('',(#1012),#1016);
#1012 = LINE('',#1013,#1014);
#1013 = CARTESIAN_POINT('',(0.,0.));
#1014 = VECTOR('',#1015,1.);
#1015 = DIRECTION('',(1.,0.));
#1016 = ( GEOMETRIC_REPRESENTATION_CONTEXT(2) 
PARAMETRIC_REPRESENTATION_CONTEXT() REPRESENTATION_CONTEXT('2D SPACE',''
  ) );
#1017 = ORIENTED_EDGE('',*,*,#1018,.T.);
#1018 = EDGE_CURVE('',#991,#1019,#1021,.T.);
#1019 = VERTEX_POINT('',#1020);
#1020 = CARTESIAN_POINT('',(368.84345753501,376.,388.80855775756));
#1021 = SURFACE_CURVE('',#1022,(#1026,#1033),.PCURVE_S1.);
#1022 = LINE('',#1023,#1024);
#1023 = CARTESIAN_POINT('',(369.9304434954,376.,388.23593106059));
#1024 = VECTOR('',#1025,1.);
#1025 = DIRECTION('',(-0.88474075755,0.,0.466083460261));
#1026 = PCURVE('',#126,#1027);
#1027 = DEFINITIONAL_REPRESENTATION('',(#1028),#1032);
#1028 = LINE('',#1029,#1030);
#1029 = CARTESIAN_POINT('',(-13.73593106059,7.930443495403));
#1030 = VECTOR('',#1031,1.);
#1031 = DIRECTION('',(-0.466083460261,-0.88474075755));
#1032 = ( GEOMETRIC_REPRESENTATION_CONTEXT(2) 
PARAMETRIC_REPRESENTATION_CONTEXT() REPRESENTATION_CONTEXT('2D SPACE',''
  ) );
#1033 = PCURVE('',#1034,#1039);
#1034 = PLANE('',#1035);
#1035 = AXIS2_PLACEMENT_3D('',#1036,#1037,#1038);
#1036 = CARTESIAN_POINT('',(369.9304434954,376.,388.23593106059));
#1037 = DIRECTION('',(0.466083460261,-0.,0.88474075755));
#1038 = DIRECTION('',(-0.88474075755,0.,0.466083460261));
#1039 = DEFINITIONAL_REPRESENTATION('',(#1040),#1044);
#1040 = LINE('',#1041,#1042);
#1041 = CARTESIAN_POINT('',(0.,0.));
#1042 = VECTOR('',#1043,1.);
#1043 = DIRECTION('',(1.,0.));
#1044 = ( GEOMETRIC_REPRESENTATION_CONTEXT(2) 
PARAMETRIC_REPRESENTATION_CONTEXT() REPRESENTATION_CONTEXT('2D SPACE',''
  ) );
#1045 = ORIENTED_EDGE('',*,*,#1046,.T.);
#1046 = EDGE_CURVE('',#1019,#1047,#1049,.T.);
#1047 = VERTEX_POINT('',#1048);
#1048 = CARTESIAN_POINT('',(367.71540992095,376.,389.29533120854));
#1049 = SURFACE_CURVE('',#1050,(#1054,#1061),.PCURVE_S1.);
#1050 = LINE('',#1051,#1052);
#1051 = CARTESIAN_POINT('',(368.84345753501,376.,388.80855775756));
#1052 = VECTOR('',#1053,1.);
#1053 = DIRECTION('',(-0.918162457462,0.,0.396204116217));
#1054 = PCURVE('',#126,#1055);
#1055 = DEFINITIONAL_REPRESENTATION('',(#1056),#1060);
#1056 = LINE('',#1057,#1058);
#1057 = CARTESIAN_POINT('',(-14.30855775756,6.843457535015));
#1058 = VECTOR('',#1059,1.);
#1059 = DIRECTION('',(-0.396204116217,-0.918162457462));
#1060 = ( GEOMETRIC_REPRESENTATION_CONTEXT(2) 
PARAMETRIC_REPRESENTATION_CONTEXT() REPRESENTATION_CONTEXT('2D SPACE',''
  ) );
#1061 = PCURVE('',#1062,#1067);
#1062 = PLANE('',#1063);
#1063 = AXIS2_PLACEMENT_3D('',#1064,#1065,#1066);
#1064 = CARTESIAN_POINT('',(368.84345753501,376.,388.80855775756));
#1065 = DIRECTION('',(0.396204116217,-0.,0.918162457462));
#1066 = DIRECTION('',(-0.918162457462,0.,0.396204116217));
#1067 = DEFINITIONAL_REPRESENTATION('',(#1068),#1072);
#1068 = LINE('',#1069,#1070);
#1069 = CARTESIAN_POINT('',(0.,0.));
#1070 = VECTOR('',#1071,1.);
#1071 = DIRECTION('',(1.,0.));
#1072 = ( GEOMETRIC_REPRESENTATION_CONTEXT(2) 
PARAMETRIC_REPRESENTATION_CONTEXT() REPRESENTATION_CONTEXT('2D SPACE',''
  ) );
#1073 = ORIENTED_EDGE('',*,*,#1074,.T.);
#1074 = EDGE_CURVE('',#1047,#1075,#1077,.T.);
#1075 = VERTEX_POINT('',#1076);
#1076 = CARTESIAN_POINT('',(368.02824149954,376.,390.45251134176));
#1077 = SURFACE_CURVE('',#1078,(#1082,#1089),.PCURVE_S1.);
#1078 = LINE('',#1079,#1080);
#1079 = CARTESIAN_POINT('',(367.71540992095,376.,389.29533120854));
#1080 = VECTOR('',#1081,1.);
#1081 = DIRECTION('',(0.26097136805,0.,0.965346541434));
#1082 = PCURVE('',#126,#1083);
#1083 = DEFINITIONAL_REPRESENTATION('',(#1084),#1088);
#1084 = LINE('',#1085,#1086);
#1085 = CARTESIAN_POINT('',(-14.79533120854,5.715409920955));
#1086 = VECTOR('',#1087,1.);
#1087 = DIRECTION('',(-0.965346541434,0.26097136805));
#1088 = ( GEOMETRIC_REPRESENTATION_CONTEXT(2) 
PARAMETRIC_REPRESENTATION_CONTEXT() REPRESENTATION_CONTEXT('2D SPACE',''
  ) );
#1089 = PCURVE('',#1090,#1095);
#1090 = PLANE('',#1091);
#1091 = AXIS2_PLACEMENT_3D('',#1092,#1093,#1094);
#1092 = CARTESIAN_POINT('',(367.71540992095,376.,389.29533120854));
#1093 = DIRECTION('',(0.965346541434,0.,-0.26097136805));
#1094 = DIRECTION('',(0.26097136805,0.,0.965346541434));
#1095 = DEFINITIONAL_REPRESENTATION('',(#1096),#1100);
#1096 = LINE('',#1097,#1098);
#1097 = CARTESIAN_POINT('',(0.,0.));
#1098 = VECTOR('',#1099,1.);
#1099 = DIRECTION('',(1.,0.));
#1100 = ( GEOMETRIC_REPRESENTATION_CONTEXT(2) 
PARAMETRIC_REPRESENTATION_CONTEXT() REPRESENTATION_CONTEXT('2D SPACE',''
  ) );
#1101 = ORIENTED_EDGE('',*,*,#1102,.T.);
#1102 = EDGE_CURVE('',#1075,#1103,#1105,.T.);
#1103 = VERTEX_POINT('',#1104);
#1104 = CARTESIAN_POINT('',(368.32437121192,376.,391.61502073417));
#1105 = SURFACE_CURVE('',#1106,(#1110,#1117),.PCURVE_S1.);
#1106 = LINE('',#1107,#1108);
#1107 = CARTESIAN_POINT('',(368.02824149954,376.,390.45251134176));
#1108 = VECTOR('',#1109,1.);
#1109 = DIRECTION('',(0.246850121616,0.,0.969053671093));
#1110 = PCURVE('',#126,#1111);
#1111 = DEFINITIONAL_REPRESENTATION('',(#1112),#1116);
#1112 = LINE('',#1113,#1114);
#1113 = CARTESIAN_POINT('',(-15.95251134176,6.028241499548));
#1114 = VECTOR('',#1115,1.);
#1115 = DIRECTION('',(-0.969053671093,0.246850121616));
#1116 = ( GEOMETRIC_REPRESENTATION_CONTEXT(2) 
PARAMETRIC_REPRESENTATION_CONTEXT() REPRESENTATION_CONTEXT('2D SPACE',''
  ) );
#1117 = PCURVE('',#1118,#1123);
#1118 = PLANE('',#1119);
#1119 = AXIS2_PLACEMENT_3D('',#1120,#1121,#1122);
#1120 = CARTESIAN_POINT('',(368.02824149954,376.,390.45251134176));
#1121 = DIRECTION('',(0.969053671093,0.,-0.246850121616));
#1122 = DIRECTION('',(0.246850121616,0.,0.969053671093));
#1123 = DEFINITIONAL_REPRESENTATION('',(#1124),#1128);
#1124 = LINE('',#1125,#1126);
#1125 = CARTESIAN_POINT('',(0.,0.));
#1126 = VECTOR('',#1127,1.);
#1127 = DIRECTION('',(1.,0.));
#1128 = ( GEOMETRIC_REPRESENTATION_CONTEXT(2) 
PARAMETRIC_REPRESENTATION_CONTEXT() REPRESENTATION_CONTEXT('2D SPACE',''
  ) );
#1129 = ORIENTED_EDGE('',*,*,#1130,.T.);
#1130 = EDGE_CURVE('',#1103,#1131,#1133,.T.);
#1131 = VERTEX_POINT('',#1132);
#1132 = CARTESIAN_POINT('',(368.60373812142,376.,392.78267638431));
#1133 = SURFACE_CURVE('',#1134,(#1138,#1145),.PCURVE_S1.);
#1134 = LINE('',#1135,#1136);
#1135 = CARTESIAN_POINT('',(368.32437121192,376.,391.61502073417));
#1136 = VECTOR('',#1137,1.);
#1137 = DIRECTION('',(0.232687377023,0.,0.972551584531));
#1138 = PCURVE('',#126,#1139);
#1139 = DEFINITIONAL_REPRESENTATION('',(#1140),#1144);
#1140 = LINE('',#1141,#1142);
#1141 = CARTESIAN_POINT('',(-17.11502073417,6.324371211923));
#1142 = VECTOR('',#1143,1.);
#1143 = DIRECTION('',(-0.972551584531,0.232687377023));
#1144 = ( GEOMETRIC_REPRESENTATION_CONTEXT(2) 
PARAMETRIC_REPRESENTATION_CONTEXT() REPRESENTATION_CONTEXT('2D SPACE',''
  ) );
#1145 = PCURVE('',#1146,#1151);
#1146 = PLANE('',#1147);
#1147 = AXIS2_PLACEMENT_3D('',#1148,#1149,#1150);
#1148 = CARTESIAN_POINT('',(368.32437121192,376.,391.61502073417));
#1149 = DIRECTION('',(0.972551584531,0.,-0.232687377023));
#1150 = DIRECTION('',(0.232687377023,0.,0.972551584531));
#1151 = DEFINITIONAL_REPRESENTATION('',(#1152),#1156);
#1152 = LINE('',#1153,#1154);
#1153 = CARTESIAN_POINT('',(0.,0.));
#1154 = VECTOR('',#1155,1.);
#1155 = DIRECTION('',(1.,0.));
#1156 = ( GEOMETRIC_REPRESENTATION_CONTEXT(2) 
PARAMETRIC_REPRESENTATION_CONTEXT() REPRESENTATION_CONTEXT('2D SPACE',''
  ) );
#1157 = ORIENTED_EDGE('',*,*,#1158,.T.);
#1158 = EDGE_CURVE('',#1131,#1159,#1161,.T.);
#1159 = VERTEX_POINT('',#1160);
#1160 = CARTESIAN_POINT('',(368.0111198639,376.,394.23628061831));
#1161 = SURFACE_CURVE('',#1162,(#1166,#1173),.PCURVE_S1.);
#1162 = LINE('',#1163,#1164);
#1163 = CARTESIAN_POINT('',(368.60373812142,376.,392.78267638431));
#1164 = VECTOR('',#1165,1.);
#1165 = DIRECTION('',(-0.377520403422,0.,0.926001266198));
#1166 = PCURVE('',#126,#1167);
#1167 = DEFINITIONAL_REPRESENTATION('',(#1168),#1172);
#1168 = LINE('',#1169,#1170);
#1169 = CARTESIAN_POINT('',(-18.28267638431,6.603738121421));
#1170 = VECTOR('',#1171,1.);
#1171 = DIRECTION('',(-0.926001266198,-0.377520403422));
#1172 = ( GEOMETRIC_REPRESENTATION_CONTEXT(2) 
PARAMETRIC_REPRESENTATION_CONTEXT() REPRESENTATION_CONTEXT('2D SPACE',''
  ) );
#1173 = PCURVE('',#1174,#1179);
#1174 = PLANE('',#1175);
#1175 = AXIS2_PLACEMENT_3D('',#1176,#1177,#1178);
#1176 = CARTESIAN_POINT('',(368.60373812142,376.,392.78267638431));
#1177 = DIRECTION('',(0.926001266198,-0.,0.377520403422));
#1178 = DIRECTION('',(-0.377520403422,0.,0.926001266198));
#1179 = DEFINITIONAL_REPRESENTATION('',(#1180),#1184);
#1180 = LINE('',#1181,#1182);
#1181 = CARTESIAN_POINT('',(0.,0.));
#1182 = VECTOR('',#1183,1.);
#1183 = DIRECTION('',(1.,0.));
#1184 = ( GEOMETRIC_REPRESENTATION_CONTEXT(2) 
PARAMETRIC_REPRESENTATION_CONTEXT() REPRESENTATION_CONTEXT('2D SPACE',''
  ) );
#1185 = ORIENTED_EDGE('',*,*,#1186,.T.);
#1186 = EDGE_CURVE('',#1159,#1187,#1189,.T.);
#1187 = VERTEX_POINT('',#1188);
#1188 = CARTESIAN_POINT('',(367.1445141403,376.,394.4796974182));
#1189 = SURFACE_CURVE('',#1190,(#1194,#1201),.PCURVE_S1.);
#1190 = LINE('',#1191,#1192);
#1191 = CARTESIAN_POINT('',(368.0111198639,376.,394.23628061831));
#1192 = VECTOR('',#1193,1.);
#1193 = DIRECTION('',(-0.962742399282,0.,0.270420177916));
#1194 = PCURVE('',#126,#1195);
#1195 = DEFINITIONAL_REPRESENTATION('',(#1196),#1200);
#1196 = LINE('',#1197,#1198);
#1197 = CARTESIAN_POINT('',(-19.73628061831,6.011119863901));
#1198 = VECTOR('',#1199,1.);
#1199 = DIRECTION('',(-0.270420177916,-0.962742399282));
#1200 = ( GEOMETRIC_REPRESENTATION_CONTEXT(2) 
PARAMETRIC_REPRESENTATION_CONTEXT() REPRESENTATION_CONTEXT('2D SPACE',''
  ) );
#1201 = PCURVE('',#1202,#1207);
#1202 = PLANE('',#1203);
#1203 = AXIS2_PLACEMENT_3D('',#1204,#1205,#1206);
#1204 = CARTESIAN_POINT('',(368.0111198639,376.,394.23628061831));
#1205 = DIRECTION('',(0.270420177916,-0.,0.962742399282));
#1206 = DIRECTION('',(-0.962742399282,0.,0.270420177916));
#1207 = DEFINITIONAL_REPRESENTATION('',(#1208),#1212);
#1208 = LINE('',#1209,#1210);
#1209 = CARTESIAN_POINT('',(0.,0.));
#1210 = VECTOR('',#1211,1.);
#1211 = DIRECTION('',(1.,0.));
#1212 = ( GEOMETRIC_REPRESENTATION_CONTEXT(2) 
PARAMETRIC_REPRESENTATION_CONTEXT() REPRESENTATION_CONTEXT('2D SPACE',''
  ) );
#1213 = ORIENTED_EDGE('',*,*,#1214,.T.);
#1214 = EDGE_CURVE('',#1187,#1215,#1217,.T.);
#1215 = VERTEX_POINT('',#1216);
#1216 = CARTESIAN_POINT('',(366.26811554164,376.,394.68508172849));
#1217 = SURFACE_CURVE('',#1218,(#1222,#1229),.PCURVE_S1.);
#1218 = LINE('',#1219,#1220);
#1219 = CARTESIAN_POINT('',(367.1445141403,376.,394.4796974182));
#1220 = VECTOR('',#1221,1.);
#1221 = DIRECTION('',(-0.973621644336,0.,0.228168564179));
#1222 = PCURVE('',#126,#1223);
#1223 = DEFINITIONAL_REPRESENTATION('',(#1224),#1228);
#1224 = LINE('',#1225,#1226);
#1225 = CARTESIAN_POINT('',(-19.9796974182,5.144514140304));
#1226 = VECTOR('',#1227,1.);
#1227 = DIRECTION('',(-0.228168564179,-0.973621644336));
#1228 = ( GEOMETRIC_REPRESENTATION_CONTEXT(2) 
PARAMETRIC_REPRESENTATION_CONTEXT() REPRESENTATION_CONTEXT('2D SPACE',''
  ) );
#1229 = PCURVE('',#1230,#1235);
#1230 = PLANE('',#1231);
#1231 = AXIS2_PLACEMENT_3D('',#1232,#1233,#1234);
#1232 = CARTESIAN_POINT('',(367.1445141403,376.,394.4796974182));
#1233 = DIRECTION('',(0.228168564179,-0.,0.973621644336));
#1234 = DIRECTION('',(-0.973621644336,0.,0.228168564179));
#1235 = DEFINITIONAL_REPRESENTATION('',(#1236),#1240);
#1236 = LINE('',#1237,#1238);
#1237 = CARTESIAN_POINT('',(0.,0.));
#1238 = VECTOR('',#1239,1.);
#1239 = DIRECTION('',(1.,0.));
#1240 = ( GEOMETRIC_REPRESENTATION_CONTEXT(2) 
PARAMETRIC_REPRESENTATION_CONTEXT() REPRESENTATION_CONTEXT('2D SPACE',''
  ) );
#1241 = ORIENTED_EDGE('',*,*,#1242,.T.);
#1242 = EDGE_CURVE('',#1215,#1243,#1245,.T.);
#1243 = VERTEX_POINT('',#1244);
#1244 = CARTESIAN_POINT('',(365.38359234247,376.,394.85204258847));
#1245 = SURFACE_CURVE('',#1246,(#1250,#1257),.PCURVE_S1.);
#1246 = LINE('',#1247,#1248);
#1247 = CARTESIAN_POINT('',(366.26811554164,376.,394.68508172849));
#1248 = VECTOR('',#1249,1.);
#1249 = DIRECTION('',(-0.982647545253,0.,0.185482618612));
#1250 = PCURVE('',#126,#1251);
#1251 = DEFINITIONAL_REPRESENTATION('',(#1252),#1256);
#1252 = LINE('',#1253,#1254);
#1253 = CARTESIAN_POINT('',(-20.18508172849,4.268115541647));
#1254 = VECTOR('',#1255,1.);
#1255 = DIRECTION('',(-0.185482618612,-0.982647545253));
#1256 = ( GEOMETRIC_REPRESENTATION_CONTEXT(2) 
PARAMETRIC_REPRESENTATION_CONTEXT() REPRESENTATION_CONTEXT('2D SPACE',''
  ) );
#1257 = PCURVE('',#1258,#1263);
#1258 = PLANE('',#1259);
#1259 = AXIS2_PLACEMENT_3D('',#1260,#1261,#1262);
#1260 = CARTESIAN_POINT('',(366.26811554164,376.,394.68508172849));
#1261 = DIRECTION('',(0.185482618612,-0.,0.982647545253));
#1262 = DIRECTION('',(-0.982647545253,0.,0.185482618612));
#1263 = DEFINITIONAL_REPRESENTATION('',(#1264),#1268);
#1264 = LINE('',#1265,#1266);
#1265 = CARTESIAN_POINT('',(0.,0.));
#1266 = VECTOR('',#1267,1.);
#1267 = DIRECTION('',(1.,0.));
#1268 = ( GEOMETRIC_REPRESENTATION_CONTEXT(2) 
PARAMETRIC_REPRESENTATION_CONTEXT() REPRESENTATION_CONTEXT('2D SPACE',''
  ) );
#1269 = ORIENTED_EDGE('',*,*,#1270,.T.);
#1270 = EDGE_CURVE('',#1243,#1271,#1273,.T.);
#1271 = VERTEX_POINT('',#1272);
#1272 = CARTESIAN_POINT('',(364.49262828296,376.,394.98026217864));
#1273 = SURFACE_CURVE('',#1274,(#1278,#1285),.PCURVE_S1.);
#1274 = LINE('',#1275,#1276);
#1275 = CARTESIAN_POINT('',(365.38359234247,376.,394.85204258847));
#1276 = VECTOR('',#1277,1.);
#1277 = DIRECTION('',(-0.989802920718,0.,0.142443596339));
#1278 = PCURVE('',#126,#1279);
#1279 = DEFINITIONAL_REPRESENTATION('',(#1280),#1284);
#1280 = LINE('',#1281,#1282);
#1281 = CARTESIAN_POINT('',(-20.35204258847,3.383592342472));
#1282 = VECTOR('',#1283,1.);
#1283 = DIRECTION('',(-0.142443596339,-0.989802920718));
#1284 = ( GEOMETRIC_REPRESENTATION_CONTEXT(2) 
PARAMETRIC_REPRESENTATION_CONTEXT() REPRESENTATION_CONTEXT('2D SPACE',''
  ) );
#1285 = PCURVE('',#1286,#1291);
#1286 = PLANE('',#1287);
#1287 = AXIS2_PLACEMENT_3D('',#1288,#1289,#1290);
#1288 = CARTESIAN_POINT('',(365.38359234247,376.,394.85204258847));
#1289 = DIRECTION('',(0.142443596339,-0.,0.989802920718));
#1290 = DIRECTION('',(-0.989802920718,0.,0.142443596339));
#1291 = DEFINITIONAL_REPRESENTATION('',(#1292),#1296);
#1292 = LINE('',#1293,#1294);
#1293 = CARTESIAN_POINT('',(0.,0.));
#1294 = VECTOR('',#1295,1.);
#1295 = DIRECTION('',(1.,0.));
#1296 = ( GEOMETRIC_REPRESENTATION_CONTEXT(2) 
PARAMETRIC_REPRESENTATION_CONTEXT() REPRESENTATION_CONTEXT('2D SPACE',''
  ) );
#1297 = ORIENTED_EDGE('',*,*,#1298,.T.);
#1298 = EDGE_CURVE('',#1271,#1299,#1301,.T.);
#1299 = VERTEX_POINT('',#1300);
#1300 = CARTESIAN_POINT('',(364.44797541968,376.,390.17083764448));
#1301 = SURFACE_CURVE('',#1302,(#1306,#1313),.PCURVE_S1.);
#1302 = LINE('',#1303,#1304);
#1303 = CARTESIAN_POINT('',(364.49262828296,376.,394.98026217864));
#1304 = VECTOR('',#1305,1.);
#1305 = DIRECTION('',(-9.284050206738E-03,0.,-0.999956902277));
#1306 = PCURVE('',#126,#1307);
#1307 = DEFINITIONAL_REPRESENTATION('',(#1308),#1312);
#1308 = LINE('',#1309,#1310);
#1309 = CARTESIAN_POINT('',(-20.48026217864,2.492628282962));
#1310 = VECTOR('',#1311,1.);
#1311 = DIRECTION('',(0.999956902277,-9.284050206738E-03));
#1312 = ( GEOMETRIC_REPRESENTATION_CONTEXT(2) 
PARAMETRIC_REPRESENTATION_CONTEXT() REPRESENTATION_CONTEXT('2D SPACE',''
  ) );
#1313 = PCURVE('',#1314,#1319);
#1314 = PLANE('',#1315);
#1315 = AXIS2_PLACEMENT_3D('',#1316,#1317,#1318);
#1316 = CARTESIAN_POINT('',(364.49262828296,376.,394.98026217864));
#1317 = DIRECTION('',(-0.999956902277,0.,9.284050206738E-03));
#1318 = DIRECTION('',(-9.284050206738E-03,0.,-0.999956902277));
#1319 = DEFINITIONAL_REPRESENTATION('',(#1320),#1324);
#1320 = LINE('',#1321,#1322);
#1321 = CARTESIAN_POINT('',(0.,0.));
#1322 = VECTOR('',#1323,1.);
#1323 = DIRECTION('',(1.,0.));
#1324 = ( GEOMETRIC_REPRESENTATION_CONTEXT(2) 
PARAMETRIC_REPRESENTATION_CONTEXT() REPRESENTATION_CONTEXT('2D SPACE',''
  ) );
#1325 = ORIENTED_EDGE('',*,*,#1326,.T.);
#1326 = EDGE_CURVE('',#1299,#1327,#1329,.T.);
#1327 = VERTEX_POINT('',#1328);
#1328 = CARTESIAN_POINT('',(363.22767080374,376.,390.31330327707));
#1329 = SURFACE_CURVE('',#1330,(#1334,#1341),.PCURVE_S1.);
#1330 = LINE('',#1331,#1332);
#1331 = CARTESIAN_POINT('',(364.44797541968,376.,390.17083764448));
#1332 = VECTOR('',#1333,1.);
#1333 = DIRECTION('',(-0.993254071072,0.,0.115958399003));
#1334 = PCURVE('',#126,#1335);
#1335 = DEFINITIONAL_REPRESENTATION('',(#1336),#1340);
#1336 = LINE('',#1337,#1338);
#1337 = CARTESIAN_POINT('',(-15.67083764448,2.447975419685));
#1338 = VECTOR('',#1339,1.);
#1339 = DIRECTION('',(-0.115958399003,-0.993254071072));
#1340 = ( GEOMETRIC_REPRESENTATION_CONTEXT(2) 
PARAMETRIC_REPRESENTATION_CONTEXT() REPRESENTATION_CONTEXT('2D SPACE',''
  ) );
#1341 = PCURVE('',#1342,#1347);
#1342 = PLANE('',#1343);
#1343 = AXIS2_PLACEMENT_3D('',#1344,#1345,#1346);
#1344 = CARTESIAN_POINT('',(364.44797541968,376.,390.17083764448));
#1345 = DIRECTION('',(0.115958399003,-0.,0.993254071072));
#1346 = DIRECTION('',(-0.993254071072,0.,0.115958399003));
#1347 = DEFINITIONAL_REPRESENTATION('',(#1348),#1352);
#1348 = LINE('',#1349,#1350);
#1349 = CARTESIAN_POINT('',(0.,0.));
#1350 = VECTOR('',#1351,1.);
#1351 = DIRECTION('',(1.,0.));
#1352 = ( GEOMETRIC_REPRESENTATION_CONTEXT(2) 
PARAMETRIC_REPRESENTATION_CONTEXT() REPRESENTATION_CONTEXT('2D SPACE',''
  ) );
#1353 = ORIENTED_EDGE('',*,*,#1354,.T.);
#1354 = EDGE_CURVE('',#1327,#1355,#1357,.T.);
#1355 = VERTEX_POINT('',#1356);
#1356 = CARTESIAN_POINT('',(362.,376.,390.3608869908));
#1357 = SURFACE_CURVE('',#1358,(#1362,#1369),.PCURVE_S1.);
#1358 = LINE('',#1359,#1360);
#1359 = CARTESIAN_POINT('',(363.22767080374,376.,390.31330327707));
#1360 = VECTOR('',#1361,1.);
#1361 = DIRECTION('',(-0.999249701933,0.,3.873026190514E-02));
#1362 = PCURVE('',#126,#1363);
#1363 = DEFINITIONAL_REPRESENTATION('',(#1364),#1368);
#1364 = LINE('',#1365,#1366);
#1365 = CARTESIAN_POINT('',(-15.81330327707,1.22767080374));
#1366 = VECTOR('',#1367,1.);
#1367 = DIRECTION('',(-3.873026190514E-02,-0.999249701933));
#1368 = ( GEOMETRIC_REPRESENTATION_CONTEXT(2) 
PARAMETRIC_REPRESENTATION_CONTEXT() REPRESENTATION_CONTEXT('2D SPACE',''
  ) );
#1369 = PCURVE('',#1370,#1375);
#1370 = PLANE('',#1371);
#1371 = AXIS2_PLACEMENT_3D('',#1372,#1373,#1374);
#1372 = CARTESIAN_POINT('',(363.22767080374,376.,390.31330327707));
#1373 = DIRECTION('',(3.873026190514E-02,-0.,0.999249701933));
#1374 = DIRECTION('',(-0.999249701933,0.,3.873026190514E-02));
#1375 = DEFINITIONAL_REPRESENTATION('',(#1376),#1380);
#1376 = LINE('',#1377,#1378);
#1377 = CARTESIAN_POINT('',(0.,0.));
#1378 = VECTOR('',#1379,1.);
#1379 = DIRECTION('',(1.,0.));
#1380 = ( GEOMETRIC_REPRESENTATION_CONTEXT(2) 
PARAMETRIC_REPRESENTATION_CONTEXT() REPRESENTATION_CONTEXT('2D SPACE',''
  ) );
#1381 = ORIENTED_EDGE('',*,*,#1382,.T.);
#1382 = EDGE_CURVE('',#1355,#1383,#1385,.T.);
#1383 = VERTEX_POINT('',#1384);
#1384 = CARTESIAN_POINT('',(360.77232919626,376.,390.31330327707));
#1385 = SURFACE_CURVE('',#1386,(#1390,#1397),.PCURVE_S1.);
#1386 = LINE('',#1387,#1388);
#1387 = CARTESIAN_POINT('',(362.,376.,390.3608869908));
#1388 = VECTOR('',#1389,1.);
#1389 = DIRECTION('',(-0.999249701933,0.,-3.873026190514E-02));
#1390 = PCURVE('',#126,#1391);
#1391 = DEFINITIONAL_REPRESENTATION('',(#1392),#1396);
#1392 = LINE('',#1393,#1394);
#1393 = CARTESIAN_POINT('',(-15.8608869908,0.));
#1394 = VECTOR('',#1395,1.);
#1395 = DIRECTION('',(3.873026190514E-02,-0.999249701933));
#1396 = ( GEOMETRIC_REPRESENTATION_CONTEXT(2) 
PARAMETRIC_REPRESENTATION_CONTEXT() REPRESENTATION_CONTEXT('2D SPACE',''
  ) );
#1397 = PCURVE('',#1398,#1403);
#1398 = PLANE('',#1399);
#1399 = AXIS2_PLACEMENT_3D('',#1400,#1401,#1402);
#1400 = CARTESIAN_POINT('',(362.,376.,390.3608869908));
#1401 = DIRECTION('',(-3.873026190514E-02,0.,0.999249701933));
#1402 = DIRECTION('',(-0.999249701933,0.,-3.873026190514E-02));
#1403 = DEFINITIONAL_REPRESENTATION('',(#1404),#1408);
#1404 = LINE('',#1405,#1406);
#1405 = CARTESIAN_POINT('',(0.,0.));
#1406 = VECTOR('',#1407,1.);
#1407 = DIRECTION('',(1.,0.));
#1408 = ( GEOMETRIC_REPRESENTATION_CONTEXT(2) 
PARAMETRIC_REPRESENTATION_CONTEXT() REPRESENTATION_CONTEXT('2D SPACE',''
  ) );
#1409 = ORIENTED_EDGE('',*,*,#1410,.T.);
#1410 = EDGE_CURVE('',#1383,#1411,#1413,.T.);
#1411 = VERTEX_POINT('',#1412);
#1412 = CARTESIAN_POINT('',(359.55202458031,376.,390.17083764448));
#1413 = SURFACE_CURVE('',#1414,(#1418,#1425),.PCURVE_S1.);
#1414 = LINE('',#1415,#1416);
#1415 = CARTESIAN_POINT('',(360.77232919626,376.,390.31330327707));
#1416 = VECTOR('',#1417,1.);
#1417 = DIRECTION('',(-0.993254071072,0.,-0.115958399003));
#1418 = PCURVE('',#126,#1419);
#1419 = DEFINITIONAL_REPRESENTATION('',(#1420),#1424);
#1420 = LINE('',#1421,#1422);
#1421 = CARTESIAN_POINT('',(-15.81330327707,-1.22767080374));
#1422 = VECTOR('',#1423,1.);
#1423 = DIRECTION('',(0.115958399003,-0.993254071072));
#1424 = ( GEOMETRIC_REPRESENTATION_CONTEXT(2) 
PARAMETRIC_REPRESENTATION_CONTEXT() REPRESENTATION_CONTEXT('2D SPACE',''
  ) );
#1425 = PCURVE('',#1426,#1431);
#1426 = PLANE('',#1427);
#1427 = AXIS2_PLACEMENT_3D('',#1428,#1429,#1430);
#1428 = CARTESIAN_POINT('',(360.77232919626,376.,390.31330327707));
#1429 = DIRECTION('',(-0.115958399003,0.,0.993254071072));
#1430 = DIRECTION('',(-0.993254071072,0.,-0.115958399003));
#1431 = DEFINITIONAL_REPRESENTATION('',(#1432),#1436);
#1432 = LINE('',#1433,#1434);
#1433 = CARTESIAN_POINT('',(0.,0.));
#1434 = VECTOR('',#1435,1.);
#1435 = DIRECTION('',(1.,0.));
#1436 = ( GEOMETRIC_REPRESENTATION_CONTEXT(2) 
PARAMETRIC_REPRESENTATION_CONTEXT() REPRESENTATION_CONTEXT('2D SPACE',''
  ) );
#1437 = ORIENTED_EDGE('',*,*,#1438,.T.);
#1438 = EDGE_CURVE('',#1411,#1439,#1441,.T.);
#1439 = VERTEX_POINT('',#1440);
#1440 = CARTESIAN_POINT('',(359.24435460787,376.,391.32940082589));
#1441 = SURFACE_CURVE('',#1442,(#1446,#1453),.PCURVE_S1.);
#1442 = LINE('',#1443,#1444);
#1443 = CARTESIAN_POINT('',(359.55202458031,376.,390.17083764448));
#1444 = VECTOR('',#1445,1.);
#1445 = DIRECTION('',(-0.256665436325,0.,0.966500312362));
#1446 = PCURVE('',#126,#1447);
#1447 = DEFINITIONAL_REPRESENTATION('',(#1448),#1452);
#1448 = LINE('',#1449,#1450);
#1449 = CARTESIAN_POINT('',(-15.67083764448,-2.447975419685));
#1450 = VECTOR('',#1451,1.);
#1451 = DIRECTION('',(-0.966500312362,-0.256665436325));
#1452 = ( GEOMETRIC_REPRESENTATION_CONTEXT(2) 
PARAMETRIC_REPRESENTATION_CONTEXT() REPRESENTATION_CONTEXT('2D SPACE',''
  ) );
#1453 = PCURVE('',#1454,#1459);
#1454 = PLANE('',#1455);
#1455 = AXIS2_PLACEMENT_3D('',#1456,#1457,#1458);
#1456 = CARTESIAN_POINT('',(359.55202458031,376.,390.17083764448));
#1457 = DIRECTION('',(0.966500312362,-0.,0.256665436325));
#1458 = DIRECTION('',(-0.256665436325,0.,0.966500312362));
#1459 = DEFINITIONAL_REPRESENTATION('',(#1460),#1464);
#1460 = LINE('',#1461,#1462);
#1461 = CARTESIAN_POINT('',(0.,0.));
#1462 = VECTOR('',#1463,1.);
#1463 = DIRECTION('',(1.,0.));
#1464 = ( GEOMETRIC_REPRESENTATION_CONTEXT(2) 
PARAMETRIC_REPRESENTATION_CONTEXT() REPRESENTATION_CONTEXT('2D SPACE',''
  ) );
#1465 = ORIENTED_EDGE('',*,*,#1466,.T.);
#1466 = EDGE_CURVE('',#1439,#1467,#1469,.T.);
#1467 = VERTEX_POINT('',#1468);
#1468 = CARTESIAN_POINT('',(358.9195557654,376.,392.48422834805));
#1469 = SURFACE_CURVE('',#1470,(#1474,#1481),.PCURVE_S1.);
#1470 = LINE('',#1471,#1472);
#1471 = CARTESIAN_POINT('',(359.24435460787,376.,391.32940082589));
#1472 = VECTOR('',#1473,1.);
#1473 = DIRECTION('',(-0.270748359299,0.,0.962650157605));
#1474 = PCURVE('',#126,#1475);
#1475 = DEFINITIONAL_REPRESENTATION('',(#1476),#1480);
#1476 = LINE('',#1477,#1478);
#1477 = CARTESIAN_POINT('',(-16.82940082589,-2.755645392125));
#1478 = VECTOR('',#1479,1.);
#1479 = DIRECTION('',(-0.962650157605,-0.270748359299));
#1480 = ( GEOMETRIC_REPRESENTATION_CONTEXT(2) 
PARAMETRIC_REPRESENTATION_CONTEXT() REPRESENTATION_CONTEXT('2D SPACE',''
  ) );
#1481 = PCURVE('',#1482,#1487);
#1482 = PLANE('',#1483);
#1483 = AXIS2_PLACEMENT_3D('',#1484,#1485,#1486);
#1484 = CARTESIAN_POINT('',(359.24435460787,376.,391.32940082589));
#1485 = DIRECTION('',(0.962650157605,-0.,0.270748359299));
#1486 = DIRECTION('',(-0.270748359299,0.,0.962650157605));
#1487 = DEFINITIONAL_REPRESENTATION('',(#1488),#1492);
#1488 = LINE('',#1489,#1490);
#1489 = CARTESIAN_POINT('',(0.,0.));
#1490 = VECTOR('',#1491,1.);
#1491 = DIRECTION('',(1.,0.));
#1492 = ( GEOMETRIC_REPRESENTATION_CONTEXT(2) 
PARAMETRIC_REPRESENTATION_CONTEXT() REPRESENTATION_CONTEXT('2D SPACE',''
  ) );
#1493 = ORIENTED_EDGE('',*,*,#1494,.T.);
#1494 = EDGE_CURVE('',#1467,#1495,#1497,.T.);
#1495 = VERTEX_POINT('',#1496);
#1496 = CARTESIAN_POINT('',(358.57766678093,376.,393.63513125869));
#1497 = SURFACE_CURVE('',#1498,(#1502,#1509),.PCURVE_S1.);
#1498 = LINE('',#1499,#1500);
#1499 = CARTESIAN_POINT('',(358.9195557654,376.,392.48422834805));
#1500 = VECTOR('',#1501,1.);
#1501 = DIRECTION('',(-0.284762612623,0.,0.958598067206));
#1502 = PCURVE('',#126,#1503);
#1503 = DEFINITIONAL_REPRESENTATION('',(#1504),#1508);
#1504 = LINE('',#1505,#1506);
#1505 = CARTESIAN_POINT('',(-17.98422834805,-3.080444234599));
#1506 = VECTOR('',#1507,1.);
#1507 = DIRECTION('',(-0.958598067206,-0.284762612623));
#1508 = ( GEOMETRIC_REPRESENTATION_CONTEXT(2) 
PARAMETRIC_REPRESENTATION_CONTEXT() REPRESENTATION_CONTEXT('2D SPACE',''
  ) );
#1509 = PCURVE('',#1510,#1515);
#1510 = PLANE('',#1511);
#1511 = AXIS2_PLACEMENT_3D('',#1512,#1513,#1514);
#1512 = CARTESIAN_POINT('',(358.9195557654,376.,392.48422834805));
#1513 = DIRECTION('',(0.958598067206,-0.,0.284762612623));
#1514 = DIRECTION('',(-0.284762612623,0.,0.958598067206));
#1515 = DEFINITIONAL_REPRESENTATION('',(#1516),#1520);
#1516 = LINE('',#1517,#1518);
#1517 = CARTESIAN_POINT('',(0.,0.));
#1518 = VECTOR('',#1519,1.);
#1519 = DIRECTION('',(1.,0.));
#1520 = ( GEOMETRIC_REPRESENTATION_CONTEXT(2) 
PARAMETRIC_REPRESENTATION_CONTEXT() REPRESENTATION_CONTEXT('2D SPACE',''
  ) );
#1521 = ORIENTED_EDGE('',*,*,#1522,.T.);
#1522 = EDGE_CURVE('',#1495,#1523,#1525,.T.);
#1523 = VERTEX_POINT('',#1524);
#1524 = CARTESIAN_POINT('',(357.33764219817,376.,394.59768032362));
#1525 = SURFACE_CURVE('',#1526,(#1530,#1537),.PCURVE_S1.);
#1526 = LINE('',#1527,#1528);
#1527 = CARTESIAN_POINT('',(358.57766678093,376.,393.63513125869));
#1528 = VECTOR('',#1529,1.);
#1529 = DIRECTION('',(-0.789942892909,0.,0.613180418753));
#1530 = PCURVE('',#126,#1531);
#1531 = DEFINITIONAL_REPRESENTATION('',(#1532),#1536);
#1532 = LINE('',#1533,#1534);
#1533 = CARTESIAN_POINT('',(-19.13513125869,-3.422333219066));
#1534 = VECTOR('',#1535,1.);
#1535 = DIRECTION('',(-0.613180418753,-0.789942892909));
#1536 = ( GEOMETRIC_REPRESENTATION_CONTEXT(2) 
PARAMETRIC_REPRESENTATION_CONTEXT() REPRESENTATION_CONTEXT('2D SPACE',''
  ) );
#1537 = PCURVE('',#1538,#1543);
#1538 = PLANE('',#1539);
#1539 = AXIS2_PLACEMENT_3D('',#1540,#1541,#1542);
#1540 = CARTESIAN_POINT('',(358.57766678093,376.,393.63513125869));
#1541 = DIRECTION('',(0.613180418753,-0.,0.789942892909));
#1542 = DIRECTION('',(-0.789942892909,0.,0.613180418753));
#1543 = DEFINITIONAL_REPRESENTATION('',(#1544),#1548);
#1544 = LINE('',#1545,#1546);
#1545 = CARTESIAN_POINT('',(0.,0.));
#1546 = VECTOR('',#1547,1.);
#1547 = DIRECTION('',(1.,0.));
#1548 = ( GEOMETRIC_REPRESENTATION_CONTEXT(2) 
PARAMETRIC_REPRESENTATION_CONTEXT() REPRESENTATION_CONTEXT('2D SPACE',''
  ) );
#1549 = ORIENTED_EDGE('',*,*,#1550,.T.);
#1550 = EDGE_CURVE('',#1523,#1551,#1553,.T.);
#1551 = VERTEX_POINT('',#1552);
#1552 = CARTESIAN_POINT('',(356.46543122652,376.,394.37518259424));
#1553 = SURFACE_CURVE('',#1554,(#1558,#1565),.PCURVE_S1.);
#1554 = LINE('',#1555,#1556);
#1555 = CARTESIAN_POINT('',(357.33764219817,376.,394.59768032362));
#1556 = VECTOR('',#1557,1.);
#1557 = DIRECTION('',(-0.968969464037,0.,-0.24718045587));
#1558 = PCURVE('',#126,#1559);
#1559 = DEFINITIONAL_REPRESENTATION('',(#1560),#1564);
#1560 = LINE('',#1561,#1562);
#1561 = CARTESIAN_POINT('',(-20.09768032362,-4.662357801825));
#1562 = VECTOR('',#1563,1.);
#1563 = DIRECTION('',(0.24718045587,-0.968969464037));
#1564 = ( GEOMETRIC_REPRESENTATION_CONTEXT(2) 
PARAMETRIC_REPRESENTATION_CONTEXT() REPRESENTATION_CONTEXT('2D SPACE',''
  ) );
#1565 = PCURVE('',#1566,#1571);
#1566 = PLANE('',#1567);
#1567 = AXIS2_PLACEMENT_3D('',#1568,#1569,#1570);
#1568 = CARTESIAN_POINT('',(357.33764219817,376.,394.59768032362));
#1569 = DIRECTION('',(-0.24718045587,0.,0.968969464037));
#1570 = DIRECTION('',(-0.968969464037,0.,-0.24718045587));
#1571 = DEFINITIONAL_REPRESENTATION('',(#1572),#1576);
#1572 = LINE('',#1573,#1574);
#1573 = CARTESIAN_POINT('',(0.,0.));
#1574 = VECTOR('',#1575,1.);
#1575 = DIRECTION('',(1.,0.));
#1576 = ( GEOMETRIC_REPRESENTATION_CONTEXT(2) 
PARAMETRIC_REPRESENTATION_CONTEXT() REPRESENTATION_CONTEXT('2D SPACE',''
  ) );
#1577 = ORIENTED_EDGE('',*,*,#1578,.T.);
#1578 = EDGE_CURVE('',#1551,#1579,#1581,.T.);
#1579 = VERTEX_POINT('',#1580);
#1580 = CARTESIAN_POINT('',(355.6037556211,376.,394.11485132516));
#1581 = SURFACE_CURVE('',#1582,(#1586,#1593),.PCURVE_S1.);
#1582 = LINE('',#1583,#1584);
#1583 = CARTESIAN_POINT('',(356.46543122652,376.,394.37518259424));
#1584 = VECTOR('',#1585,1.);
#1585 = DIRECTION('',(-0.957265359759,0.,-0.289211049244));
#1586 = PCURVE('',#126,#1587);
#1587 = DEFINITIONAL_REPRESENTATION('',(#1588),#1592);
#1588 = LINE('',#1589,#1590);
#1589 = CARTESIAN_POINT('',(-19.87518259424,-5.534568773473));
#1590 = VECTOR('',#1591,1.);
#1591 = DIRECTION('',(0.289211049244,-0.957265359759));
#1592 = ( GEOMETRIC_REPRESENTATION_CONTEXT(2) 
PARAMETRIC_REPRESENTATION_CONTEXT() REPRESENTATION_CONTEXT('2D SPACE',''
  ) );
#1593 = PCURVE('',#1594,#1599);
#1594 = PLANE('',#1595);
#1595 = AXIS2_PLACEMENT_3D('',#1596,#1597,#1598);
#1596 = CARTESIAN_POINT('',(356.46543122652,376.,394.37518259424));
#1597 = DIRECTION('',(-0.289211049244,0.,0.957265359759));
#1598 = DIRECTION('',(-0.957265359759,0.,-0.289211049244));
#1599 = DEFINITIONAL_REPRESENTATION('',(#1600),#1604);
#1600 = LINE('',#1601,#1602);
#1601 = CARTESIAN_POINT('',(0.,0.));
#1602 = VECTOR('',#1603,1.);
#1603 = DIRECTION('',(1.,0.));
#1604 = ( GEOMETRIC_REPRESENTATION_CONTEXT(2) 
PARAMETRIC_REPRESENTATION_CONTEXT() REPRESENTATION_CONTEXT('2D SPACE',''
  ) );
#1605 = ORIENTED_EDGE('',*,*,#1606,.T.);
#1606 = EDGE_CURVE('',#1579,#1607,#1609,.T.);
#1607 = VERTEX_POINT('',#1608);
#1608 = CARTESIAN_POINT('',(354.75425563039,376.,393.81718207175));
#1609 = SURFACE_CURVE('',#1610,(#1614,#1621),.PCURVE_S1.);
#1610 = LINE('',#1611,#1612);
#1611 = CARTESIAN_POINT('',(355.6037556211,376.,394.11485132516));
#1612 = VECTOR('',#1613,1.);
#1613 = DIRECTION('',(-0.943739046462,0.,-0.330691112948));
#1614 = PCURVE('',#126,#1615);
#1615 = DEFINITIONAL_REPRESENTATION('',(#1616),#1620);
#1616 = LINE('',#1617,#1618);
#1617 = CARTESIAN_POINT('',(-19.61485132516,-6.396244378896));
#1618 = VECTOR('',#1619,1.);
#1619 = DIRECTION('',(0.330691112948,-0.943739046462));
#1620 = ( GEOMETRIC_REPRESENTATION_CONTEXT(2) 
PARAMETRIC_REPRESENTATION_CONTEXT() REPRESENTATION_CONTEXT('2D SPACE',''
  ) );
#1621 = PCURVE('',#1622,#1627);
#1622 = PLANE('',#1623);
#1623 = AXIS2_PLACEMENT_3D('',#1624,#1625,#1626);
#1624 = CARTESIAN_POINT('',(355.6037556211,376.,394.11485132516));
#1625 = DIRECTION('',(-0.330691112948,0.,0.943739046462));
#1626 = DIRECTION('',(-0.943739046462,0.,-0.330691112948));
#1627 = DEFINITIONAL_REPRESENTATION('',(#1628),#1632);
#1628 = LINE('',#1629,#1630);
#1629 = CARTESIAN_POINT('',(0.,0.));
#1630 = VECTOR('',#1631,1.);
#1631 = DIRECTION('',(1.,0.));
#1632 = ( GEOMETRIC_REPRESENTATION_CONTEXT(2) 
PARAMETRIC_REPRESENTATION_CONTEXT() REPRESENTATION_CONTEXT('2D SPACE',''
  ) );
#1633 = ORIENTED_EDGE('',*,*,#1634,.T.);
#1634 = EDGE_CURVE('',#1607,#1635,#1637,.T.);
#1635 = VERTEX_POINT('',#1636);
#1636 = CARTESIAN_POINT('',(353.91854832591,376.,393.48274146435));
#1637 = SURFACE_CURVE('',#1638,(#1642,#1649),.PCURVE_S1.);
#1638 = LINE('',#1639,#1640);
#1639 = CARTESIAN_POINT('',(354.75425563039,376.,393.81718207175));
#1640 = VECTOR('',#1641,1.);
#1641 = DIRECTION('',(-0.928416272251,0.,-0.371541687323));
#1642 = PCURVE('',#126,#1643);
#1643 = DEFINITIONAL_REPRESENTATION('',(#1644),#1648);
#1644 = LINE('',#1645,#1646);
#1645 = CARTESIAN_POINT('',(-19.31718207175,-7.245744369604));
#1646 = VECTOR('',#1647,1.);
#1647 = DIRECTION('',(0.371541687323,-0.928416272251));
#1648 = ( GEOMETRIC_REPRESENTATION_CONTEXT(2) 
PARAMETRIC_REPRESENTATION_CONTEXT() REPRESENTATION_CONTEXT('2D SPACE',''
  ) );
#1649 = PCURVE('',#1650,#1655);
#1650 = PLANE('',#1651);
#1651 = AXIS2_PLACEMENT_3D('',#1652,#1653,#1654);
#1652 = CARTESIAN_POINT('',(354.75425563039,376.,393.81718207175));
#1653 = DIRECTION('',(-0.371541687323,0.,0.928416272251));
#1654 = DIRECTION('',(-0.928416272251,0.,-0.371541687323));
#1655 = DEFINITIONAL_REPRESENTATION('',(#1656),#1660);
#1656 = LINE('',#1657,#1658);
#1657 = CARTESIAN_POINT('',(0.,0.));
#1658 = VECTOR('',#1659,1.);
#1659 = DIRECTION('',(1.,0.));
#1660 = ( GEOMETRIC_REPRESENTATION_CONTEXT(2) 
PARAMETRIC_REPRESENTATION_CONTEXT() REPRESENTATION_CONTEXT('2D SPACE',''
  ) );
#1661 = ORIENTED_EDGE('',*,*,#1662,.T.);
#1662 = EDGE_CURVE('',#1635,#1663,#1665,.T.);
#1663 = VERTEX_POINT('',#1664);
#1664 = CARTESIAN_POINT('',(356.28459007904,376.,389.29533120854));
#1665 = SURFACE_CURVE('',#1666,(#1670,#1677),.PCURVE_S1.);
#1666 = LINE('',#1667,#1668);
#1667 = CARTESIAN_POINT('',(353.91854832591,376.,393.48274146435));
#1668 = VECTOR('',#1669,1.);
#1669 = DIRECTION('',(0.49193822781,0.,-0.870630105165));
#1670 = PCURVE('',#126,#1671);
#1671 = DEFINITIONAL_REPRESENTATION('',(#1672),#1676);
#1672 = LINE('',#1673,#1674);
#1673 = CARTESIAN_POINT('',(-18.98274146435,-8.081451674085));
#1674 = VECTOR('',#1675,1.);
#1675 = DIRECTION('',(0.870630105165,0.49193822781));
#1676 = ( GEOMETRIC_REPRESENTATION_CONTEXT(2) 
PARAMETRIC_REPRESENTATION_CONTEXT() REPRESENTATION_CONTEXT('2D SPACE',''
  ) );
#1677 = PCURVE('',#1678,#1683);
#1678 = PLANE('',#1679);
#1679 = AXIS2_PLACEMENT_3D('',#1680,#1681,#1682);
#1680 = CARTESIAN_POINT('',(353.91854832591,376.,393.48274146435));
#1681 = DIRECTION('',(-0.870630105165,0.,-0.49193822781));
#1682 = DIRECTION('',(0.49193822781,0.,-0.870630105165));
#1683 = DEFINITIONAL_REPRESENTATION('',(#1684),#1688);
#1684 = LINE('',#1685,#1686);
#1685 = CARTESIAN_POINT('',(0.,0.));
#1686 = VECTOR('',#1687,1.);
#1687 = DIRECTION('',(1.,0.));
#1688 = ( GEOMETRIC_REPRESENTATION_CONTEXT(2) 
PARAMETRIC_REPRESENTATION_CONTEXT() REPRESENTATION_CONTEXT('2D SPACE',''
  ) );
#1689 = ORIENTED_EDGE('',*,*,#1690,.T.);
#1690 = EDGE_CURVE('',#1663,#1691,#1693,.T.);
#1691 = VERTEX_POINT('',#1692);
#1692 = CARTESIAN_POINT('',(355.15654246498,376.,388.80855775756));
#1693 = SURFACE_CURVE('',#1694,(#1698,#1705),.PCURVE_S1.);
#1694 = LINE('',#1695,#1696);
#1695 = CARTESIAN_POINT('',(356.28459007904,376.,389.29533120854));
#1696 = VECTOR('',#1697,1.);
#1697 = DIRECTION('',(-0.918162457462,0.,-0.396204116217));
#1698 = PCURVE('',#126,#1699);
#1699 = DEFINITIONAL_REPRESENTATION('',(#1700),#1704);
#1700 = LINE('',#1701,#1702);
#1701 = CARTESIAN_POINT('',(-14.79533120854,-5.715409920955));
#1702 = VECTOR('',#1703,1.);
#1703 = DIRECTION('',(0.396204116217,-0.918162457462));
#1704 = ( GEOMETRIC_REPRESENTATION_CONTEXT(2) 
PARAMETRIC_REPRESENTATION_CONTEXT() REPRESENTATION_CONTEXT('2D SPACE',''
  ) );
#1705 = PCURVE('',#1706,#1711);
#1706 = PLANE('',#1707);
#1707 = AXIS2_PLACEMENT_3D('',#1708,#1709,#1710);
#1708 = CARTESIAN_POINT('',(356.28459007904,376.,389.29533120854));
#1709 = DIRECTION('',(-0.396204116217,0.,0.918162457462));
#1710 = DIRECTION('',(-0.918162457462,0.,-0.396204116217));
#1711 = DEFINITIONAL_REPRESENTATION('',(#1712),#1716);
#1712 = LINE('',#1713,#1714);
#1713 = CARTESIAN_POINT('',(0.,0.));
#1714 = VECTOR('',#1715,1.);
#1715 = DIRECTION('',(1.,0.));
#1716 = ( GEOMETRIC_REPRESENTATION_CONTEXT(2) 
PARAMETRIC_REPRESENTATION_CONTEXT() REPRESENTATION_CONTEXT('2D SPACE',''
  ) );
#1717 = ORIENTED_EDGE('',*,*,#1718,.T.);
#1718 = EDGE_CURVE('',#1691,#1719,#1721,.T.);
#1719 = VERTEX_POINT('',#1720);
#1720 = CARTESIAN_POINT('',(354.06955650459,376.,388.23593106059));
#1721 = SURFACE_CURVE('',#1722,(#1726,#1733),.PCURVE_S1.);
#1722 = LINE('',#1723,#1724);
#1723 = CARTESIAN_POINT('',(355.15654246498,376.,388.80855775756));
#1724 = VECTOR('',#1725,1.);
#1725 = DIRECTION('',(-0.88474075755,0.,-0.466083460261));
#1726 = PCURVE('',#126,#1727);
#1727 = DEFINITIONAL_REPRESENTATION('',(#1728),#1732);
#1728 = LINE('',#1729,#1730);
#1729 = CARTESIAN_POINT('',(-14.30855775756,-6.843457535015));
#1730 = VECTOR('',#1731,1.);
#1731 = DIRECTION('',(0.466083460261,-0.88474075755));
#1732 = ( GEOMETRIC_REPRESENTATION_CONTEXT(2) 
PARAMETRIC_REPRESENTATION_CONTEXT() REPRESENTATION_CONTEXT('2D SPACE',''
  ) );
#1733 = PCURVE('',#1734,#1739);
#1734 = PLANE('',#1735);
#1735 = AXIS2_PLACEMENT_3D('',#1736,#1737,#1738);
#1736 = CARTESIAN_POINT('',(355.15654246498,376.,388.80855775756));
#1737 = DIRECTION('',(-0.466083460261,0.,0.88474075755));
#1738 = DIRECTION('',(-0.88474075755,0.,-0.466083460261));
#1739 = DEFINITIONAL_REPRESENTATION('',(#1740),#1744);
#1740 = LINE('',#1741,#1742);
#1741 = CARTESIAN_POINT('',(0.,0.));
#1742 = VECTOR('',#1743,1.);
#1743 = DIRECTION('',(1.,0.));
#1744 = ( GEOMETRIC_REPRESENTATION_CONTEXT(2) 
PARAMETRIC_REPRESENTATION_CONTEXT() REPRESENTATION_CONTEXT('2D SPACE',''
  ) );
#1745 = ORIENTED_EDGE('',*,*,#1746,.T.);
#1746 = EDGE_CURVE('',#1719,#1747,#1749,.T.);
#1747 = VERTEX_POINT('',#1748);
#1748 = CARTESIAN_POINT('',(353.03015425793,376.,387.58088695382));
#1749 = SURFACE_CURVE('',#1750,(#1754,#1761),.PCURVE_S1.);
#1750 = LINE('',#1751,#1752);
#1751 = CARTESIAN_POINT('',(354.06955650459,376.,388.23593106059));
#1752 = VECTOR('',#1753,1.);
#1753 = DIRECTION('',(-0.846010495645,0.,-0.533166241671));
#1754 = PCURVE('',#126,#1755);
#1755 = DEFINITIONAL_REPRESENTATION('',(#1756),#1760);
#1756 = LINE('',#1757,#1758);
#1757 = CARTESIAN_POINT('',(-13.73593106059,-7.930443495403));
#1758 = VECTOR('',#1759,1.);
#1759 = DIRECTION('',(0.533166241671,-0.846010495645));
#1760 = ( GEOMETRIC_REPRESENTATION_CONTEXT(2) 
PARAMETRIC_REPRESENTATION_CONTEXT() REPRESENTATION_CONTEXT('2D SPACE',''
  ) );
#1761 = PCURVE('',#1762,#1767);
#1762 = PLANE('',#1763);
#1763 = AXIS2_PLACEMENT_3D('',#1764,#1765,#1766);
#1764 = CARTESIAN_POINT('',(354.06955650459,376.,388.23593106059));
#1765 = DIRECTION('',(-0.533166241671,0.,0.846010495645));
#1766 = DIRECTION('',(-0.846010495645,0.,-0.533166241671));
#1767 = DEFINITIONAL_REPRESENTATION('',(#1768),#1772);
#1768 = LINE('',#1769,#1770);
#1769 = CARTESIAN_POINT('',(0.,0.));
#1770 = VECTOR('',#1771,1.);
#1771 = DIRECTION('',(1.,0.));
#1772 = ( GEOMETRIC_REPRESENTATION_CONTEXT(2) 
PARAMETRIC_REPRESENTATION_CONTEXT() REPRESENTATION_CONTEXT('2D SPACE',''
  ) );
#1773 = ORIENTED_EDGE('',*,*,#1774,.T.);
#1774 = EDGE_CURVE('',#1747,#1775,#1777,.T.);
#1775 = VERTEX_POINT('',#1776);
#1776 = CARTESIAN_POINT('',(352.04457227647,376.,386.84735578886));
#1777 = SURFACE_CURVE('',#1778,(#1782,#1789),.PCURVE_S1.);
#1778 = LINE('',#1779,#1780);
#1779 = CARTESIAN_POINT('',(353.03015425793,376.,387.58088695382));
#1780 = VECTOR('',#1781,1.);
#1781 = DIRECTION('',(-0.802204058459,0.,-0.597049954854));
#1782 = PCURVE('',#126,#1783);
#1783 = DEFINITIONAL_REPRESENTATION('',(#1784),#1788);
#1784 = LINE('',#1785,#1786);
#1785 = CARTESIAN_POINT('',(-13.08088695382,-8.969845742061));
#1786 = VECTOR('',#1787,1.);
#1787 = DIRECTION('',(0.597049954854,-0.802204058459));
#1788 = ( GEOMETRIC_REPRESENTATION_CONTEXT(2) 
PARAMETRIC_REPRESENTATION_CONTEXT() REPRESENTATION_CONTEXT('2D SPACE',''
  ) );
#1789 = PCURVE('',#1790,#1795);
#1790 = PLANE('',#1791);
#1791 = AXIS2_PLACEMENT_3D('',#1792,#1793,#1794);
#1792 = CARTESIAN_POINT('',(353.03015425793,376.,387.58088695382));
#1793 = DIRECTION('',(-0.597049954854,0.,0.802204058459));
#1794 = DIRECTION('',(-0.802204058459,0.,-0.597049954854));
#1795 = DEFINITIONAL_REPRESENTATION('',(#1796),#1800);
#1796 = LINE('',#1797,#1798);
#1797 = CARTESIAN_POINT('',(0.,0.));
#1798 = VECTOR('',#1799,1.);
#1799 = DIRECTION('',(1.,0.));
#1800 = ( GEOMETRIC_REPRESENTATION_CONTEXT(2) 
PARAMETRIC_REPRESENTATION_CONTEXT() REPRESENTATION_CONTEXT('2D SPACE',''
  ) );
#1801 = ORIENTED_EDGE('',*,*,#1802,.T.);
#1802 = EDGE_CURVE('',#1775,#1803,#1805,.T.);
#1803 = VERTEX_POINT('',#1804);
#1804 = CARTESIAN_POINT('',(351.19884067364,376.,387.69686594963));
#1805 = SURFACE_CURVE('',#1806,(#1810,#1817),.PCURVE_S1.);
#1806 = LINE('',#1807,#1808);
#1807 = CARTESIAN_POINT('',(352.04457227647,376.,386.84735578886));
#1808 = VECTOR('',#1809,1.);
#1809 = DIRECTION('',(-0.705528944312,0.,0.708681105109));
#1810 = PCURVE('',#126,#1811);
#1811 = DEFINITIONAL_REPRESENTATION('',(#1812),#1816);
#1812 = LINE('',#1813,#1814);
#1813 = CARTESIAN_POINT('',(-12.34735578886,-9.955427723529));
#1814 = VECTOR('',#1815,1.);
#1815 = DIRECTION('',(-0.708681105109,-0.705528944312));
#1816 = ( GEOMETRIC_REPRESENTATION_CONTEXT(2) 
PARAMETRIC_REPRESENTATION_CONTEXT() REPRESENTATION_CONTEXT('2D SPACE',''
  ) );
#1817 = PCURVE('',#1818,#1823);
#1818 = PLANE('',#1819);
#1819 = AXIS2_PLACEMENT_3D('',#1820,#1821,#1822);
#1820 = CARTESIAN_POINT('',(352.04457227647,376.,386.84735578886));
#1821 = DIRECTION('',(0.708681105109,-0.,0.705528944312));
#1822 = DIRECTION('',(-0.705528944312,0.,0.708681105109));
#1823 = DEFINITIONAL_REPRESENTATION('',(#1824),#1828);
#1824 = LINE('',#1825,#1826);
#1825 = CARTESIAN_POINT('',(0.,0.));
#1826 = VECTOR('',#1827,1.);
#1827 = DIRECTION('',(1.,0.));
#1828 = ( GEOMETRIC_REPRESENTATION_CONTEXT(2) 
PARAMETRIC_REPRESENTATION_CONTEXT() REPRESENTATION_CONTEXT('2D SPACE',''
  ) );
#1829 = ORIENTED_EDGE('',*,*,#1830,.T.);
#1830 = EDGE_CURVE('',#1803,#1831,#1833,.T.);
#1831 = VERTEX_POINT('',#1832);
#1832 = CARTESIAN_POINT('',(350.34014286386,376.,388.53457649957));
#1833 = SURFACE_CURVE('',#1834,(#1838,#1845),.PCURVE_S1.);
#1834 = LINE('',#1835,#1836);
#1835 = CARTESIAN_POINT('',(351.19884067364,376.,387.69686594963));
#1836 = VECTOR('',#1837,1.);
#1837 = DIRECTION('',(-0.715800035989,0.,0.698305311793));
#1838 = PCURVE('',#126,#1839);
#1839 = DEFINITIONAL_REPRESENTATION('',(#1840),#1844);
#1840 = LINE('',#1841,#1842);
#1841 = CARTESIAN_POINT('',(-13.19686594963,-10.80115932635));
#1842 = VECTOR('',#1843,1.);
#1843 = DIRECTION('',(-0.698305311793,-0.715800035989));
#1844 = ( GEOMETRIC_REPRESENTATION_CONTEXT(2) 
PARAMETRIC_REPRESENTATION_CONTEXT() REPRESENTATION_CONTEXT('2D SPACE',''
  ) );
#1845 = PCURVE('',#1846,#1851);
#1846 = PLANE('',#1847);
#1847 = AXIS2_PLACEMENT_3D('',#1848,#1849,#1850);
#1848 = CARTESIAN_POINT('',(351.19884067364,376.,387.69686594963));
#1849 = DIRECTION('',(0.698305311793,-0.,0.715800035989));
#1850 = DIRECTION('',(-0.715800035989,0.,0.698305311793));
#1851 = DEFINITIONAL_REPRESENTATION('',(#1852),#1856);
#1852 = LINE('',#1853,#1854);
#1853 = CARTESIAN_POINT('',(0.,0.));
#1854 = VECTOR('',#1855,1.);
#1855 = DIRECTION('',(1.,0.));
#1856 = ( GEOMETRIC_REPRESENTATION_CONTEXT(2) 
PARAMETRIC_REPRESENTATION_CONTEXT() REPRESENTATION_CONTEXT('2D SPACE',''
  ) );
#1857 = ORIENTED_EDGE('',*,*,#1858,.T.);
#1858 = EDGE_CURVE('',#1831,#1859,#1861,.T.);
#1859 = VERTEX_POINT('',#1860);
#1860 = CARTESIAN_POINT('',(349.46860686272,376.,389.36034316524));
#1861 = SURFACE_CURVE('',#1862,(#1866,#1873),.PCURVE_S1.);
#1862 = LINE('',#1863,#1864);
#1863 = CARTESIAN_POINT('',(350.34014286386,376.,388.53457649957));
#1864 = VECTOR('',#1865,1.);
#1865 = DIRECTION('',(-0.725910690183,0.,0.687788971908));
#1866 = PCURVE('',#126,#1867);
#1867 = DEFINITIONAL_REPRESENTATION('',(#1868),#1872);
#1868 = LINE('',#1869,#1870);
#1869 = CARTESIAN_POINT('',(-14.03457649957,-11.65985713613));
#1870 = VECTOR('',#1871,1.);
#1871 = DIRECTION('',(-0.687788971908,-0.725910690183));
#1872 = ( GEOMETRIC_REPRESENTATION_CONTEXT(2) 
PARAMETRIC_REPRESENTATION_CONTEXT() REPRESENTATION_CONTEXT('2D SPACE',''
  ) );
#1873 = PCURVE('',#1874,#1879);
#1874 = PLANE('',#1875);
#1875 = AXIS2_PLACEMENT_3D('',#1876,#1877,#1878);
#1876 = CARTESIAN_POINT('',(350.34014286386,376.,388.53457649957));
#1877 = DIRECTION('',(0.687788971908,-0.,0.725910690183));
#1878 = DIRECTION('',(-0.725910690183,0.,0.687788971908));
#1879 = DEFINITIONAL_REPRESENTATION('',(#1880),#1884);
#1880 = LINE('',#1881,#1882);
#1881 = CARTESIAN_POINT('',(0.,0.));
#1882 = VECTOR('',#1883,1.);
#1883 = DIRECTION('',(1.,0.));
#1884 = ( GEOMETRIC_REPRESENTATION_CONTEXT(2) 
PARAMETRIC_REPRESENTATION_CONTEXT() REPRESENTATION_CONTEXT('2D SPACE',''
  ) );
#1885 = ORIENTED_EDGE('',*,*,#1886,.T.);
#1886 = EDGE_CURVE('',#1859,#1887,#1889,.T.);
#1887 = VERTEX_POINT('',#1888);
#1888 = CARTESIAN_POINT('',(347.91343954027,376.,389.57392281648));
#1889 = SURFACE_CURVE('',#1890,(#1894,#1901),.PCURVE_S1.);
#1890 = LINE('',#1891,#1892);
#1891 = CARTESIAN_POINT('',(349.46860686272,376.,389.36034316524));
#1892 = VECTOR('',#1893,1.);
#1893 = DIRECTION('',(-0.990700822175,0.,0.136058373289));
#1894 = PCURVE('',#126,#1895);
#1895 = DEFINITIONAL_REPRESENTATION('',(#1896),#1900);
#1896 = LINE('',#1897,#1898);
#1897 = CARTESIAN_POINT('',(-14.86034316524,-12.53139313727));
#1898 = VECTOR('',#1899,1.);
#1899 = DIRECTION('',(-0.136058373289,-0.990700822175));
#1900 = ( GEOMETRIC_REPRESENTATION_CONTEXT(2) 
PARAMETRIC_REPRESENTATION_CONTEXT() REPRESENTATION_CONTEXT('2D SPACE',''
  ) );
#1901 = PCURVE('',#1902,#1907);
#1902 = PLANE('',#1903);
#1903 = AXIS2_PLACEMENT_3D('',#1904,#1905,#1906);
#1904 = CARTESIAN_POINT('',(349.46860686272,376.,389.36034316524));
#1905 = DIRECTION('',(0.136058373289,-0.,0.990700822175));
#1906 = DIRECTION('',(-0.990700822175,0.,0.136058373289));
#1907 = DEFINITIONAL_REPRESENTATION('',(#1908),#1912);
#1908 = LINE('',#1909,#1910);
#1909 = CARTESIAN_POINT('',(0.,0.));
#1910 = VECTOR('',#1911,1.);
#1911 = DIRECTION('',(1.,0.));
#1912 = ( GEOMETRIC_REPRESENTATION_CONTEXT(2) 
PARAMETRIC_REPRESENTATION_CONTEXT() REPRESENTATION_CONTEXT('2D SPACE',''
  ) );
#1913 = ORIENTED_EDGE('',*,*,#1914,.T.);
#1914 = EDGE_CURVE('',#1887,#1915,#1917,.T.);
#1915 = VERTEX_POINT('',#1916);
#1916 = CARTESIAN_POINT('',(347.26933154605,376.,388.94512864473));
#1917 = SURFACE_CURVE('',#1918,(#1922,#1929),.PCURVE_S1.);
#1918 = LINE('',#1919,#1920);
#1919 = CARTESIAN_POINT('',(347.91343954027,376.,389.57392281648));
#1920 = VECTOR('',#1921,1.);
#1921 = DIRECTION('',(-0.715561943412,0.,-0.698549286121));
#1922 = PCURVE('',#126,#1923);
#1923 = DEFINITIONAL_REPRESENTATION('',(#1924),#1928);
#1924 = LINE('',#1925,#1926);
#1925 = CARTESIAN_POINT('',(-15.07392281648,-14.08656045972));
#1926 = VECTOR('',#1927,1.);
#1927 = DIRECTION('',(0.698549286121,-0.715561943412));
#1928 = ( GEOMETRIC_REPRESENTATION_CONTEXT(2) 
PARAMETRIC_REPRESENTATION_CONTEXT() REPRESENTATION_CONTEXT('2D SPACE',''
  ) );
#1929 = PCURVE('',#1930,#1935);
#1930 = PLANE('',#1931);
#1931 = AXIS2_PLACEMENT_3D('',#1932,#1933,#1934);
#1932 = CARTESIAN_POINT('',(347.91343954027,376.,389.57392281648));
#1933 = DIRECTION('',(-0.698549286121,0.,0.715561943412));
#1934 = DIRECTION('',(-0.715561943412,0.,-0.698549286121));
#1935 = DEFINITIONAL_REPRESENTATION('',(#1936),#1940);
#1936 = LINE('',#1937,#1938);
#1937 = CARTESIAN_POINT('',(0.,0.));
#1938 = VECTOR('',#1939,1.);
#1939 = DIRECTION('',(1.,0.));
#1940 = ( GEOMETRIC_REPRESENTATION_CONTEXT(2) 
PARAMETRIC_REPRESENTATION_CONTEXT() REPRESENTATION_CONTEXT('2D SPACE',''
  ) );
#1941 = ORIENTED_EDGE('',*,*,#1942,.T.);
#1942 = EDGE_CURVE('',#1915,#1943,#1945,.T.);
#1943 = VERTEX_POINT('',#1944);
#1944 = CARTESIAN_POINT('',(346.65326421647,376.,388.2888373496));
#1945 = SURFACE_CURVE('',#1946,(#1950,#1957),.PCURVE_S1.);
#1946 = LINE('',#1947,#1948);
#1947 = CARTESIAN_POINT('',(347.26933154605,376.,388.94512864473));
#1948 = VECTOR('',#1949,1.);
#1949 = DIRECTION('',(-0.684410595092,0.,-0.72909679558));
#1950 = PCURVE('',#126,#1951);
#1951 = DEFINITIONAL_REPRESENTATION('',(#1952),#1956);
#1952 = LINE('',#1953,#1954);
#1953 = CARTESIAN_POINT('',(-14.44512864473,-14.73066845394));
#1954 = VECTOR('',#1955,1.);
#1955 = DIRECTION('',(0.72909679558,-0.684410595092));
#1956 = ( GEOMETRIC_REPRESENTATION_CONTEXT(2) 
PARAMETRIC_REPRESENTATION_CONTEXT() REPRESENTATION_CONTEXT('2D SPACE',''
  ) );
#1957 = PCURVE('',#1958,#1963);
#1958 = PLANE('',#1959);
#1959 = AXIS2_PLACEMENT_3D('',#1960,#1961,#1962);
#1960 = CARTESIAN_POINT('',(347.26933154605,376.,388.94512864473));
#1961 = DIRECTION('',(-0.72909679558,0.,0.684410595092));
#1962 = DIRECTION('',(-0.684410595092,0.,-0.72909679558));
#1963 = DEFINITIONAL_REPRESENTATION('',(#1964),#1968);
#1964 = LINE('',#1965,#1966);
#1965 = CARTESIAN_POINT('',(0.,0.));
#1966 = VECTOR('',#1967,1.);
#1967 = DIRECTION('',(1.,0.));
#1968 = ( GEOMETRIC_REPRESENTATION_CONTEXT(2) 
PARAMETRIC_REPRESENTATION_CONTEXT() REPRESENTATION_CONTEXT('2D SPACE',''
  ) );
#1969 = ORIENTED_EDGE('',*,*,#1970,.T.);
#1970 = EDGE_CURVE('',#1943,#1971,#1973,.T.);
#1971 = VERTEX_POINT('',#1972);
#1972 = CARTESIAN_POINT('',(346.06641027071,376.,387.60629821886));
#1973 = SURFACE_CURVE('',#1974,(#1978,#1985),.PCURVE_S1.);
#1974 = LINE('',#1975,#1976);
#1975 = CARTESIAN_POINT('',(346.65326421647,376.,388.2888373496));
#1976 = VECTOR('',#1977,1.);
#1977 = DIRECTION('',(-0.651956432306,0.,-0.75825642785));
#1978 = PCURVE('',#126,#1979);
#1979 = DEFINITIONAL_REPRESENTATION('',(#1980),#1984);
#1980 = LINE('',#1981,#1982);
#1981 = CARTESIAN_POINT('',(-13.7888373496,-15.34673578352));
#1982 = VECTOR('',#1983,1.);
#1983 = DIRECTION('',(0.75825642785,-0.651956432306));
#1984 = ( GEOMETRIC_REPRESENTATION_CONTEXT(2) 
PARAMETRIC_REPRESENTATION_CONTEXT() REPRESENTATION_CONTEXT('2D SPACE',''
  ) );
#1985 = PCURVE('',#1986,#1991);
#1986 = PLANE('',#1987);
#1987 = AXIS2_PLACEMENT_3D('',#1988,#1989,#1990);
#1988 = CARTESIAN_POINT('',(346.65326421647,376.,388.2888373496));
#1989 = DIRECTION('',(-0.75825642785,0.,0.651956432306));
#1990 = DIRECTION('',(-0.651956432306,0.,-0.75825642785));
#1991 = DEFINITIONAL_REPRESENTATION('',(#1992),#1996);
#1992 = LINE('',#1993,#1994);
#1993 = CARTESIAN_POINT('',(0.,0.));
#1994 = VECTOR('',#1995,1.);
#1995 = DIRECTION('',(1.,0.));
#1996 = ( GEOMETRIC_REPRESENTATION_CONTEXT(2) 
PARAMETRIC_REPRESENTATION_CONTEXT() REPRESENTATION_CONTEXT('2D SPACE',''
  ) );
#1997 = ORIENTED_EDGE('',*,*,#1998,.T.);
#1998 = EDGE_CURVE('',#1971,#1999,#2001,.T.);
#1999 = VERTEX_POINT('',#2000);
#2000 = CARTESIAN_POINT('',(345.50988681861,376.,386.89881050455));
#2001 = SURFACE_CURVE('',#2002,(#2006,#2013),.PCURVE_S1.);
#2002 = LINE('',#2003,#2004);
#2003 = CARTESIAN_POINT('',(346.06641027071,376.,387.60629821886));
#2004 = VECTOR('',#2005,1.);
#2005 = DIRECTION('',(-0.618261233395,0.,-0.785972675912));
#2006 = PCURVE('',#126,#2007);
#2007 = DEFINITIONAL_REPRESENTATION('',(#2008),#2012);
#2008 = LINE('',#2009,#2010);
#2009 = CARTESIAN_POINT('',(-13.10629821886,-15.93358972928));
#2010 = VECTOR('',#2011,1.);
#2011 = DIRECTION('',(0.785972675912,-0.618261233395));
#2012 = ( GEOMETRIC_REPRESENTATION_CONTEXT(2) 
PARAMETRIC_REPRESENTATION_CONTEXT() REPRESENTATION_CONTEXT('2D SPACE',''
  ) );
#2013 = PCURVE('',#2014,#2019);
#2014 = PLANE('',#2015);
#2015 = AXIS2_PLACEMENT_3D('',#2016,#2017,#2018);
#2016 = CARTESIAN_POINT('',(346.06641027071,376.,387.60629821886));
#2017 = DIRECTION('',(-0.785972675912,0.,0.618261233395));
#2018 = DIRECTION('',(-0.618261233395,0.,-0.785972675912));
#2019 = DEFINITIONAL_REPRESENTATION('',(#2020),#2024);
#2020 = LINE('',#2021,#2022);
#2021 = CARTESIAN_POINT('',(0.,0.));
#2022 = VECTOR('',#2023,1.);
#2023 = DIRECTION('',(1.,0.));
#2024 = ( GEOMETRIC_REPRESENTATION_CONTEXT(2) 
PARAMETRIC_REPRESENTATION_CONTEXT() REPRESENTATION_CONTEXT('2D SPACE',''
  ) );
#2025 = ORIENTED_EDGE('',*,*,#2026,.T.);
#2026 = EDGE_CURVE('',#1999,#2027,#2029,.T.);
#2027 = VERTEX_POINT('',#2028);
#2028 = CARTESIAN_POINT('',(349.65264421113,376.,384.45542772352));
#2029 = SURFACE_CURVE('',#2030,(#2034,#2041),.PCURVE_S1.);
#2030 = LINE('',#2031,#2032);
#2031 = CARTESIAN_POINT('',(345.50988681861,376.,386.89881050455));
#2032 = VECTOR('',#2033,1.);
#2033 = DIRECTION('',(0.861346054958,0.,-0.508018674468));
#2034 = PCURVE('',#126,#2035);
#2035 = DEFINITIONAL_REPRESENTATION('',(#2036),#2040);
#2036 = LINE('',#2037,#2038);
#2037 = CARTESIAN_POINT('',(-12.39881050455,-16.49011318138));
#2038 = VECTOR('',#2039,1.);
#2039 = DIRECTION('',(0.508018674468,0.861346054958));
#2040 = ( GEOMETRIC_REPRESENTATION_CONTEXT(2) 
PARAMETRIC_REPRESENTATION_CONTEXT() REPRESENTATION_CONTEXT('2D SPACE',''
  ) );
#2041 = PCURVE('',#2042,#2047);
#2042 = PLANE('',#2043);
#2043 = AXIS2_PLACEMENT_3D('',#2044,#2045,#2046);
#2044 = CARTESIAN_POINT('',(345.50988681861,376.,386.89881050455));
#2045 = DIRECTION('',(-0.508018674468,0.,-0.861346054958));
#2046 = DIRECTION('',(0.861346054958,0.,-0.508018674468));
#2047 = DEFINITIONAL_REPRESENTATION('',(#2048),#2052);
#2048 = LINE('',#2049,#2050);
#2049 = CARTESIAN_POINT('',(0.,0.));
#2050 = VECTOR('',#2051,1.);
#2051 = DIRECTION('',(1.,0.));
#2052 = ( GEOMETRIC_REPRESENTATION_CONTEXT(2) 
PARAMETRIC_REPRESENTATION_CONTEXT() REPRESENTATION_CONTEXT('2D SPACE',''
  ) );
#2053 = ORIENTED_EDGE('',*,*,#2054,.T.);
#2054 = EDGE_CURVE('',#2027,#2055,#2057,.T.);
#2055 = VERTEX_POINT('',#2056);
#2056 = CARTESIAN_POINT('',(348.91911304617,376.,383.46984574206));
#2057 = SURFACE_CURVE('',#2058,(#2062,#2069),.PCURVE_S1.);
#2058 = LINE('',#2059,#2060);
#2059 = CARTESIAN_POINT('',(349.65264421113,376.,384.45542772352));
#2060 = VECTOR('',#2061,1.);
#2061 = DIRECTION('',(-0.597049954854,0.,-0.802204058459));
#2062 = PCURVE('',#126,#2063);
#2063 = DEFINITIONAL_REPRESENTATION('',(#2064),#2068);
#2064 = LINE('',#2065,#2066);
#2065 = CARTESIAN_POINT('',(-9.955427723529,-12.34735578886));
#2066 = VECTOR('',#2067,1.);
#2067 = DIRECTION('',(0.802204058459,-0.597049954854));
#2068 = ( GEOMETRIC_REPRESENTATION_CONTEXT(2) 
PARAMETRIC_REPRESENTATION_CONTEXT() REPRESENTATION_CONTEXT('2D SPACE',''
  ) );
#2069 = PCURVE('',#2070,#2075);
#2070 = PLANE('',#2071);
#2071 = AXIS2_PLACEMENT_3D('',#2072,#2073,#2074);
#2072 = CARTESIAN_POINT('',(349.65264421113,376.,384.45542772352));
#2073 = DIRECTION('',(-0.802204058459,0.,0.597049954854));
#2074 = DIRECTION('',(-0.597049954854,0.,-0.802204058459));
#2075 = DEFINITIONAL_REPRESENTATION('',(#2076),#2080);
#2076 = LINE('',#2077,#2078);
#2077 = CARTESIAN_POINT('',(0.,0.));
#2078 = VECTOR('',#2079,1.);
#2079 = DIRECTION('',(1.,0.));
#2080 = ( GEOMETRIC_REPRESENTATION_CONTEXT(2) 
PARAMETRIC_REPRESENTATION_CONTEXT() REPRESENTATION_CONTEXT('2D SPACE',''
  ) );
#2081 = ORIENTED_EDGE('',*,*,#2082,.T.);
#2082 = EDGE_CURVE('',#2055,#2083,#2085,.T.);
#2083 = VERTEX_POINT('',#2084);
#2084 = CARTESIAN_POINT('',(348.2640689394,376.,382.4304434954));
#2085 = SURFACE_CURVE('',#2086,(#2090,#2097),.PCURVE_S1.);
#2086 = LINE('',#2087,#2088);
#2087 = CARTESIAN_POINT('',(348.91911304617,376.,383.46984574206));
#2088 = VECTOR('',#2089,1.);
#2089 = DIRECTION('',(-0.533166241671,0.,-0.846010495645));
#2090 = PCURVE('',#126,#2091);
#2091 = DEFINITIONAL_REPRESENTATION('',(#2092),#2096);
#2092 = LINE('',#2093,#2094);
#2093 = CARTESIAN_POINT('',(-8.969845742061,-13.08088695382));
#2094 = VECTOR('',#2095,1.);
#2095 = DIRECTION('',(0.846010495645,-0.533166241671));
#2096 = ( GEOMETRIC_REPRESENTATION_CONTEXT(2) 
PARAMETRIC_REPRESENTATION_CONTEXT() REPRESENTATION_CONTEXT('2D SPACE',''
  ) );
#2097 = PCURVE('',#2098,#2103);
#2098 = PLANE('',#2099);
#2099 = AXIS2_PLACEMENT_3D('',#2100,#2101,#2102);
#2100 = CARTESIAN_POINT('',(348.91911304617,376.,383.46984574206));
#2101 = DIRECTION('',(-0.846010495645,0.,0.533166241671));
#2102 = DIRECTION('',(-0.533166241671,0.,-0.846010495645));
#2103 = DEFINITIONAL_REPRESENTATION('',(#2104),#2108);
#2104 = LINE('',#2105,#2106);
#2105 = CARTESIAN_POINT('',(0.,0.));
#2106 = VECTOR('',#2107,1.);
#2107 = DIRECTION('',(1.,0.));
#2108 = ( GEOMETRIC_REPRESENTATION_CONTEXT(2) 
PARAMETRIC_REPRESENTATION_CONTEXT() REPRESENTATION_CONTEXT('2D SPACE',''
  ) );
#2109 = ORIENTED_EDGE('',*,*,#2110,.T.);
#2110 = EDGE_CURVE('',#2083,#2111,#2113,.T.);
#2111 = VERTEX_POINT('',#2112);
#2112 = CARTESIAN_POINT('',(347.69144224243,376.,381.34345753501));
#2113 = SURFACE_CURVE('',#2114,(#2118,#2125),.PCURVE_S1.);
#2114 = LINE('',#2115,#2116);
#2115 = CARTESIAN_POINT('',(348.2640689394,376.,382.4304434954));
#2116 = VECTOR('',#2117,1.);
#2117 = DIRECTION('',(-0.466083460261,0.,-0.88474075755));
#2118 = PCURVE('',#126,#2119);
#2119 = DEFINITIONAL_REPRESENTATION('',(#2120),#2124);
#2120 = LINE('',#2121,#2122);
#2121 = CARTESIAN_POINT('',(-7.930443495403,-13.73593106059));
#2122 = VECTOR('',#2123,1.);
#2123 = DIRECTION('',(0.88474075755,-0.466083460261));
#2124 = ( GEOMETRIC_REPRESENTATION_CONTEXT(2) 
PARAMETRIC_REPRESENTATION_CONTEXT() REPRESENTATION_CONTEXT('2D SPACE',''
  ) );
#2125 = PCURVE('',#2126,#2131);
#2126 = PLANE('',#2127);
#2127 = AXIS2_PLACEMENT_3D('',#2128,#2129,#2130);
#2128 = CARTESIAN_POINT('',(348.2640689394,376.,382.4304434954));
#2129 = DIRECTION('',(-0.88474075755,0.,0.466083460261));
#2130 = DIRECTION('',(-0.466083460261,0.,-0.88474075755));
#2131 = DEFINITIONAL_REPRESENTATION('',(#2132),#2136);
#2132 = LINE('',#2133,#2134);
#2133 = CARTESIAN_POINT('',(0.,0.));
#2134 = VECTOR('',#2135,1.);
#2135 = DIRECTION('',(1.,0.));
#2136 = ( GEOMETRIC_REPRESENTATION_CONTEXT(2) 
PARAMETRIC_REPRESENTATION_CONTEXT() REPRESENTATION_CONTEXT('2D SPACE',''
  ) );
#2137 = ORIENTED_EDGE('',*,*,#2138,.T.);
#2138 = EDGE_CURVE('',#2111,#2139,#2141,.T.);
#2139 = VERTEX_POINT('',#2140);
#2140 = CARTESIAN_POINT('',(347.20466879145,376.,380.21540992095));
#2141 = SURFACE_CURVE('',#2142,(#2146,#2153),.PCURVE_S1.);
#2142 = LINE('',#2143,#2144);
#2143 = CARTESIAN_POINT('',(347.69144224243,376.,381.34345753501));
#2144 = VECTOR('',#2145,1.);
#2145 = DIRECTION('',(-0.396204116217,0.,-0.918162457462));
#2146 = PCURVE('',#126,#2147);
#2147 = DEFINITIONAL_REPRESENTATION('',(#2148),#2152);
#2148 = LINE('',#2149,#2150);
#2149 = CARTESIAN_POINT('',(-6.843457535015,-14.30855775756));
#2150 = VECTOR('',#2151,1.);
#2151 = DIRECTION('',(0.918162457462,-0.396204116217));
#2152 = ( GEOMETRIC_REPRESENTATION_CONTEXT(2) 
PARAMETRIC_REPRESENTATION_CONTEXT() REPRESENTATION_CONTEXT('2D SPACE',''
  ) );
#2153 = PCURVE('',#2154,#2159);
#2154 = PLANE('',#2155);
#2155 = AXIS2_PLACEMENT_3D('',#2156,#2157,#2158);
#2156 = CARTESIAN_POINT('',(347.69144224243,376.,381.34345753501));
#2157 = DIRECTION('',(-0.918162457462,0.,0.396204116217));
#2158 = DIRECTION('',(-0.396204116217,0.,-0.918162457462));
#2159 = DEFINITIONAL_REPRESENTATION('',(#2160),#2164);
#2160 = LINE('',#2161,#2162);
#2161 = CARTESIAN_POINT('',(0.,0.));
#2162 = VECTOR('',#2163,1.);
#2163 = DIRECTION('',(1.,0.));
#2164 = ( GEOMETRIC_REPRESENTATION_CONTEXT(2) 
PARAMETRIC_REPRESENTATION_CONTEXT() REPRESENTATION_CONTEXT('2D SPACE',''
  ) );
#2165 = ORIENTED_EDGE('',*,*,#2166,.T.);
#2166 = EDGE_CURVE('',#2139,#2167,#2169,.T.);
#2167 = VERTEX_POINT('',#2168);
#2168 = CARTESIAN_POINT('',(346.04748865823,376.,380.52824149954));
#2169 = SURFACE_CURVE('',#2170,(#2174,#2181),.PCURVE_S1.);
#2170 = LINE('',#2171,#2172);
#2171 = CARTESIAN_POINT('',(347.20466879145,376.,380.21540992095));
#2172 = VECTOR('',#2173,1.);
#2173 = DIRECTION('',(-0.965346541434,0.,0.26097136805));
#2174 = PCURVE('',#126,#2175);
#2175 = DEFINITIONAL_REPRESENTATION('',(#2176),#2180);
#2176 = LINE('',#2177,#2178);
#2177 = CARTESIAN_POINT('',(-5.715409920955,-14.79533120854));
#2178 = VECTOR('',#2179,1.);
#2179 = DIRECTION('',(-0.26097136805,-0.965346541434));
#2180 = ( GEOMETRIC_REPRESENTATION_CONTEXT(2) 
PARAMETRIC_REPRESENTATION_CONTEXT() REPRESENTATION_CONTEXT('2D SPACE',''
  ) );
#2181 = PCURVE('',#2182,#2187);
#2182 = PLANE('',#2183);
#2183 = AXIS2_PLACEMENT_3D('',#2184,#2185,#2186);
#2184 = CARTESIAN_POINT('',(347.20466879145,376.,380.21540992095));
#2185 = DIRECTION('',(0.26097136805,-0.,0.965346541434));
#2186 = DIRECTION('',(-0.965346541434,0.,0.26097136805));
#2187 = DEFINITIONAL_REPRESENTATION('',(#2188),#2192);
#2188 = LINE('',#2189,#2190);
#2189 = CARTESIAN_POINT('',(0.,0.));
#2190 = VECTOR('',#2191,1.);
#2191 = DIRECTION('',(1.,0.));
#2192 = ( GEOMETRIC_REPRESENTATION_CONTEXT(2) 
PARAMETRIC_REPRESENTATION_CONTEXT() REPRESENTATION_CONTEXT('2D SPACE',''
  ) );
#2193 = ORIENTED_EDGE('',*,*,#2194,.T.);
#2194 = EDGE_CURVE('',#2167,#2195,#2197,.T.);
#2195 = VERTEX_POINT('',#2196);
#2196 = CARTESIAN_POINT('',(344.88497926582,376.,380.82437121192));
#2197 = SURFACE_CURVE('',#2198,(#2202,#2209),.PCURVE_S1.);
#2198 = LINE('',#2199,#2200);
#2199 = CARTESIAN_POINT('',(346.04748865823,376.,380.52824149954));
#2200 = VECTOR('',#2201,1.);
#2201 = DIRECTION('',(-0.969053671093,0.,0.246850121616));
#2202 = PCURVE('',#126,#2203);
#2203 = DEFINITIONAL_REPRESENTATION('',(#2204),#2208);
#2204 = LINE('',#2205,#2206);
#2205 = CARTESIAN_POINT('',(-6.028241499548,-15.95251134176));
#2206 = VECTOR('',#2207,1.);
#2207 = DIRECTION('',(-0.246850121616,-0.969053671093));
#2208 = ( GEOMETRIC_REPRESENTATION_CONTEXT(2) 
PARAMETRIC_REPRESENTATION_CONTEXT() REPRESENTATION_CONTEXT('2D SPACE',''
  ) );
#2209 = PCURVE('',#2210,#2215);
#2210 = PLANE('',#2211);
#2211 = AXIS2_PLACEMENT_3D('',#2212,#2213,#2214);
#2212 = CARTESIAN_POINT('',(346.04748865823,376.,380.52824149954));
#2213 = DIRECTION('',(0.246850121616,-0.,0.969053671093));
#2214 = DIRECTION('',(-0.969053671093,0.,0.246850121616));
#2215 = DEFINITIONAL_REPRESENTATION('',(#2216),#2220);
#2216 = LINE('',#2217,#2218);
#2217 = CARTESIAN_POINT('',(0.,0.));
#2218 = VECTOR('',#2219,1.);
#2219 = DIRECTION('',(1.,0.));
#2220 = ( GEOMETRIC_REPRESENTATION_CONTEXT(2) 
PARAMETRIC_REPRESENTATION_CONTEXT() REPRESENTATION_CONTEXT('2D SPACE',''
  ) );
#2221 = ORIENTED_EDGE('',*,*,#2222,.T.);
#2222 = EDGE_CURVE('',#2195,#2223,#2225,.T.);
#2223 = VERTEX_POINT('',#2224);
#2224 = CARTESIAN_POINT('',(343.71732361568,376.,381.10373812142));
#2225 = SURFACE_CURVE('',#2226,(#2230,#2237),.PCURVE_S1.);
#2226 = LINE('',#2227,#2228);
#2227 = CARTESIAN_POINT('',(344.88497926582,376.,380.82437121192));
#2228 = VECTOR('',#2229,1.);
#2229 = DIRECTION('',(-0.972551584531,0.,0.232687377023));
#2230 = PCURVE('',#126,#2231);
#2231 = DEFINITIONAL_REPRESENTATION('',(#2232),#2236);
#2232 = LINE('',#2233,#2234);
#2233 = CARTESIAN_POINT('',(-6.324371211923,-17.11502073417));
#2234 = VECTOR('',#2235,1.);
#2235 = DIRECTION('',(-0.232687377023,-0.972551584531));
#2236 = ( GEOMETRIC_REPRESENTATION_CONTEXT(2) 
PARAMETRIC_REPRESENTATION_CONTEXT() REPRESENTATION_CONTEXT('2D SPACE',''
  ) );
#2237 = PCURVE('',#2238,#2243);
#2238 = PLANE('',#2239);
#2239 = AXIS2_PLACEMENT_3D('',#2240,#2241,#2242);
#2240 = CARTESIAN_POINT('',(344.88497926582,376.,380.82437121192));
#2241 = DIRECTION('',(0.232687377023,-0.,0.972551584531));
#2242 = DIRECTION('',(-0.972551584531,0.,0.232687377023));
#2243 = DEFINITIONAL_REPRESENTATION('',(#2244),#2248);
#2244 = LINE('',#2245,#2246);
#2245 = CARTESIAN_POINT('',(0.,0.));
#2246 = VECTOR('',#2247,1.);
#2247 = DIRECTION('',(1.,0.));
#2248 = ( GEOMETRIC_REPRESENTATION_CONTEXT(2) 
PARAMETRIC_REPRESENTATION_CONTEXT() REPRESENTATION_CONTEXT('2D SPACE',''
  ) );
#2249 = ORIENTED_EDGE('',*,*,#2250,.T.);
#2250 = EDGE_CURVE('',#2223,#2251,#2253,.T.);
#2251 = VERTEX_POINT('',#2252);
#2252 = CARTESIAN_POINT('',(342.26371938168,376.,380.5111198639));
#2253 = SURFACE_CURVE('',#2254,(#2258,#2265),.PCURVE_S1.);
#2254 = LINE('',#2255,#2256);
#2255 = CARTESIAN_POINT('',(343.71732361568,376.,381.10373812142));
#2256 = VECTOR('',#2257,1.);
#2257 = DIRECTION('',(-0.926001266198,0.,-0.377520403422));
#2258 = PCURVE('',#126,#2259);
#2259 = DEFINITIONAL_REPRESENTATION('',(#2260),#2264);
#2260 = LINE('',#2261,#2262);
#2261 = CARTESIAN_POINT('',(-6.603738121421,-18.28267638431));
#2262 = VECTOR('',#2263,1.);
#2263 = DIRECTION('',(0.377520403422,-0.926001266198));
#2264 = ( GEOMETRIC_REPRESENTATION_CONTEXT(2) 
PARAMETRIC_REPRESENTATION_CONTEXT() REPRESENTATION_CONTEXT('2D SPACE',''
  ) );
#2265 = PCURVE('',#2266,#2271);
#2266 = PLANE('',#2267);
#2267 = AXIS2_PLACEMENT_3D('',#2268,#2269,#2270);
#2268 = CARTESIAN_POINT('',(343.71732361568,376.,381.10373812142));
#2269 = DIRECTION('',(-0.377520403422,0.,0.926001266198));
#2270 = DIRECTION('',(-0.926001266198,0.,-0.377520403422));
#2271 = DEFINITIONAL_REPRESENTATION('',(#2272),#2276);
#2272 = LINE('',#2273,#2274);
#2273 = CARTESIAN_POINT('',(0.,0.));
#2274 = VECTOR('',#2275,1.);
#2275 = DIRECTION('',(1.,0.));
#2276 = ( GEOMETRIC_REPRESENTATION_CONTEXT(2) 
PARAMETRIC_REPRESENTATION_CONTEXT() REPRESENTATION_CONTEXT('2D SPACE',''
  ) );
#2277 = ORIENTED_EDGE('',*,*,#2278,.T.);
#2278 = EDGE_CURVE('',#2251,#2279,#2281,.T.);
#2279 = VERTEX_POINT('',#2280);
#2280 = CARTESIAN_POINT('',(342.02030258179,376.,379.6445141403));
#2281 = SURFACE_CURVE('',#2282,(#2286,#2293),.PCURVE_S1.);
#2282 = LINE('',#2283,#2284);
#2283 = CARTESIAN_POINT('',(342.26371938168,376.,380.5111198639));
#2284 = VECTOR('',#2285,1.);
#2285 = DIRECTION('',(-0.270420177916,0.,-0.962742399282));
#2286 = PCURVE('',#126,#2287);
#2287 = DEFINITIONAL_REPRESENTATION('',(#2288),#2292);
#2288 = LINE('',#2289,#2290);
#2289 = CARTESIAN_POINT('',(-6.011119863901,-19.73628061831));
#2290 = VECTOR('',#2291,1.);
#2291 = DIRECTION('',(0.962742399282,-0.270420177916));
#2292 = ( GEOMETRIC_REPRESENTATION_CONTEXT(2) 
PARAMETRIC_REPRESENTATION_CONTEXT() REPRESENTATION_CONTEXT('2D SPACE',''
  ) );
#2293 = PCURVE('',#2294,#2299);
#2294 = PLANE('',#2295);
#2295 = AXIS2_PLACEMENT_3D('',#2296,#2297,#2298);
#2296 = CARTESIAN_POINT('',(342.26371938168,376.,380.5111198639));
#2297 = DIRECTION('',(-0.962742399282,0.,0.270420177916));
#2298 = DIRECTION('',(-0.270420177916,0.,-0.962742399282));
#2299 = DEFINITIONAL_REPRESENTATION('',(#2300),#2304);
#2300 = LINE('',#2301,#2302);
#2301 = CARTESIAN_POINT('',(0.,0.));
#2302 = VECTOR('',#2303,1.);
#2303 = DIRECTION('',(1.,0.));
#2304 = ( GEOMETRIC_REPRESENTATION_CONTEXT(2) 
PARAMETRIC_REPRESENTATION_CONTEXT() REPRESENTATION_CONTEXT('2D SPACE',''
  ) );
#2305 = ORIENTED_EDGE('',*,*,#2306,.T.);
#2306 = EDGE_CURVE('',#2279,#2307,#2309,.T.);
#2307 = VERTEX_POINT('',#2308);
#2308 = CARTESIAN_POINT('',(341.8149182715,376.,378.76811554164));
#2309 = SURFACE_CURVE('',#2310,(#2314,#2321),.PCURVE_S1.);
#2310 = LINE('',#2311,#2312);
#2311 = CARTESIAN_POINT('',(342.02030258179,376.,379.6445141403));
#2312 = VECTOR('',#2313,1.);
#2313 = DIRECTION('',(-0.228168564179,0.,-0.973621644336));
#2314 = PCURVE('',#126,#2315);
#2315 = DEFINITIONAL_REPRESENTATION('',(#2316),#2320);
#2316 = LINE('',#2317,#2318);
#2317 = CARTESIAN_POINT('',(-5.144514140304,-19.9796974182));
#2318 = VECTOR('',#2319,1.);
#2319 = DIRECTION('',(0.973621644336,-0.228168564179));
#2320 = ( GEOMETRIC_REPRESENTATION_CONTEXT(2) 
PARAMETRIC_REPRESENTATION_CONTEXT() REPRESENTATION_CONTEXT('2D SPACE',''
  ) );
#2321 = PCURVE('',#2322,#2327);
#2322 = PLANE('',#2323);
#2323 = AXIS2_PLACEMENT_3D('',#2324,#2325,#2326);
#2324 = CARTESIAN_POINT('',(342.02030258179,376.,379.6445141403));
#2325 = DIRECTION('',(-0.973621644336,0.,0.228168564179));
#2326 = DIRECTION('',(-0.228168564179,0.,-0.973621644336));
#2327 = DEFINITIONAL_REPRESENTATION('',(#2328),#2332);
#2328 = LINE('',#2329,#2330);
#2329 = CARTESIAN_POINT('',(0.,0.));
#2330 = VECTOR('',#2331,1.);
#2331 = DIRECTION('',(1.,0.));
#2332 = ( GEOMETRIC_REPRESENTATION_CONTEXT(2) 
PARAMETRIC_REPRESENTATION_CONTEXT() REPRESENTATION_CONTEXT('2D SPACE',''
  ) );
#2333 = ORIENTED_EDGE('',*,*,#2334,.T.);
#2334 = EDGE_CURVE('',#2307,#2335,#2337,.T.);
#2335 = VERTEX_POINT('',#2336);
#2336 = CARTESIAN_POINT('',(341.64795741152,376.,377.88359234247));
#2337 = SURFACE_CURVE('',#2338,(#2342,#2349),.PCURVE_S1.);
#2338 = LINE('',#2339,#2340);
#2339 = CARTESIAN_POINT('',(341.8149182715,376.,378.76811554164));
#2340 = VECTOR('',#2341,1.);
#2341 = DIRECTION('',(-0.185482618612,0.,-0.982647545253));
#2342 = PCURVE('',#126,#2343);
#2343 = DEFINITIONAL_REPRESENTATION('',(#2344),#2348);
#2344 = LINE('',#2345,#2346);
#2345 = CARTESIAN_POINT('',(-4.268115541647,-20.18508172849));
#2346 = VECTOR('',#2347,1.);
#2347 = DIRECTION('',(0.982647545253,-0.185482618612));
#2348 = ( GEOMETRIC_REPRESENTATION_CONTEXT(2) 
PARAMETRIC_REPRESENTATION_CONTEXT() REPRESENTATION_CONTEXT('2D SPACE',''
  ) );
#2349 = PCURVE('',#2350,#2355);
#2350 = PLANE('',#2351);
#2351 = AXIS2_PLACEMENT_3D('',#2352,#2353,#2354);
#2352 = CARTESIAN_POINT('',(341.8149182715,376.,378.76811554164));
#2353 = DIRECTION('',(-0.982647545253,0.,0.185482618612));
#2354 = DIRECTION('',(-0.185482618612,0.,-0.982647545253));
#2355 = DEFINITIONAL_REPRESENTATION('',(#2356),#2360);
#2356 = LINE('',#2357,#2358);
#2357 = CARTESIAN_POINT('',(0.,0.));
#2358 = VECTOR('',#2359,1.);
#2359 = DIRECTION('',(1.,0.));
#2360 = ( GEOMETRIC_REPRESENTATION_CONTEXT(2) 
PARAMETRIC_REPRESENTATION_CONTEXT() REPRESENTATION_CONTEXT('2D SPACE',''
  ) );
#2361 = ORIENTED_EDGE('',*,*,#2362,.T.);
#2362 = EDGE_CURVE('',#2335,#2363,#2365,.T.);
#2363 = VERTEX_POINT('',#2364);
#2364 = CARTESIAN_POINT('',(341.51973782135,376.,376.99262828296));
#2365 = SURFACE_CURVE('',#2366,(#2370,#2377),.PCURVE_S1.);
#2366 = LINE('',#2367,#2368);
#2367 = CARTESIAN_POINT('',(341.64795741152,376.,377.88359234247));
#2368 = VECTOR('',#2369,1.);
#2369 = DIRECTION('',(-0.142443596339,0.,-0.989802920718));
#2370 = PCURVE('',#126,#2371);
#2371 = DEFINITIONAL_REPRESENTATION('',(#2372),#2376);
#2372 = LINE('',#2373,#2374);
#2373 = CARTESIAN_POINT('',(-3.383592342472,-20.35204258847));
#2374 = VECTOR('',#2375,1.);
#2375 = DIRECTION('',(0.989802920718,-0.142443596339));
#2376 = ( GEOMETRIC_REPRESENTATION_CONTEXT(2) 
PARAMETRIC_REPRESENTATION_CONTEXT() REPRESENTATION_CONTEXT('2D SPACE',''
  ) );
#2377 = PCURVE('',#2378,#2383);
#2378 = PLANE('',#2379);
#2379 = AXIS2_PLACEMENT_3D('',#2380,#2381,#2382);
#2380 = CARTESIAN_POINT('',(341.64795741152,376.,377.88359234247));
#2381 = DIRECTION('',(-0.989802920718,0.,0.142443596339));
#2382 = DIRECTION('',(-0.142443596339,0.,-0.989802920718));
#2383 = DEFINITIONAL_REPRESENTATION('',(#2384),#2388);
#2384 = LINE('',#2385,#2386);
#2385 = CARTESIAN_POINT('',(0.,0.));
#2386 = VECTOR('',#2387,1.);
#2387 = DIRECTION('',(1.,0.));
#2388 = ( GEOMETRIC_REPRESENTATION_CONTEXT(2) 
PARAMETRIC_REPRESENTATION_CONTEXT() REPRESENTATION_CONTEXT('2D SPACE',''
  ) );
#2389 = ORIENTED_EDGE('',*,*,#2390,.T.);
#2390 = EDGE_CURVE('',#2363,#2391,#2393,.T.);
#2391 = VERTEX_POINT('',#2392);
#2392 = CARTESIAN_POINT('',(346.32916235551,376.,376.94797541968));
#2393 = SURFACE_CURVE('',#2394,(#2398,#2405),.PCURVE_S1.);
#2394 = LINE('',#2395,#2396);
#2395 = CARTESIAN_POINT('',(341.51973782135,376.,376.99262828296));
#2396 = VECTOR('',#2397,1.);
#2397 = DIRECTION('',(0.999956902277,0.,-9.284050206738E-03));
#2398 = PCURVE('',#126,#2399);
#2399 = DEFINITIONAL_REPRESENTATION('',(#2400),#2404);
#2400 = LINE('',#2401,#2402);
#2401 = CARTESIAN_POINT('',(-2.492628282962,-20.48026217864));
#2402 = VECTOR('',#2403,1.);
#2403 = DIRECTION('',(9.284050206738E-03,0.999956902277));
#2404 = ( GEOMETRIC_REPRESENTATION_CONTEXT(2) 
PARAMETRIC_REPRESENTATION_CONTEXT() REPRESENTATION_CONTEXT('2D SPACE',''
  ) );
#2405 = PCURVE('',#2406,#2411);
#2406 = PLANE('',#2407);
#2407 = AXIS2_PLACEMENT_3D('',#2408,#2409,#2410);
#2408 = CARTESIAN_POINT('',(341.51973782135,376.,376.99262828296));
#2409 = DIRECTION('',(-9.284050206738E-03,0.,-0.999956902277));
#2410 = DIRECTION('',(0.999956902277,0.,-9.284050206738E-03));
#2411 = DEFINITIONAL_REPRESENTATION('',(#2412),#2416);
#2412 = LINE('',#2413,#2414);
#2413 = CARTESIAN_POINT('',(0.,0.));
#2414 = VECTOR('',#2415,1.);
#2415 = DIRECTION('',(1.,0.));
#2416 = ( GEOMETRIC_REPRESENTATION_CONTEXT(2) 
PARAMETRIC_REPRESENTATION_CONTEXT() REPRESENTATION_CONTEXT('2D SPACE',''
  ) );
#2417 = ORIENTED_EDGE('',*,*,#2418,.T.);
#2418 = EDGE_CURVE('',#2391,#2419,#2421,.T.);
#2419 = VERTEX_POINT('',#2420);
#2420 = CARTESIAN_POINT('',(346.18669672292,376.,375.72767080374));
#2421 = SURFACE_CURVE('',#2422,(#2426,#2433),.PCURVE_S1.);
#2422 = LINE('',#2423,#2424);
#2423 = CARTESIAN_POINT('',(346.32916235551,376.,376.94797541968));
#2424 = VECTOR('',#2425,1.);
#2425 = DIRECTION('',(-0.115958399003,0.,-0.993254071072));
#2426 = PCURVE('',#126,#2427);
#2427 = DEFINITIONAL_REPRESENTATION('',(#2428),#2432);
#2428 = LINE('',#2429,#2430);
#2429 = CARTESIAN_POINT('',(-2.447975419685,-15.67083764448));
#2430 = VECTOR('',#2431,1.);
#2431 = DIRECTION('',(0.993254071072,-0.115958399003));
#2432 = ( GEOMETRIC_REPRESENTATION_CONTEXT(2) 
PARAMETRIC_REPRESENTATION_CONTEXT() REPRESENTATION_CONTEXT('2D SPACE',''
  ) );
#2433 = PCURVE('',#2434,#2439);
#2434 = PLANE('',#2435);
#2435 = AXIS2_PLACEMENT_3D('',#2436,#2437,#2438);
#2436 = CARTESIAN_POINT('',(346.32916235551,376.,376.94797541968));
#2437 = DIRECTION('',(-0.993254071072,0.,0.115958399003));
#2438 = DIRECTION('',(-0.115958399003,0.,-0.993254071072));
#2439 = DEFINITIONAL_REPRESENTATION('',(#2440),#2444);
#2440 = LINE('',#2441,#2442);
#2441 = CARTESIAN_POINT('',(0.,0.));
#2442 = VECTOR('',#2443,1.);
#2443 = DIRECTION('',(1.,0.));
#2444 = ( GEOMETRIC_REPRESENTATION_CONTEXT(2) 
PARAMETRIC_REPRESENTATION_CONTEXT() REPRESENTATION_CONTEXT('2D SPACE',''
  ) );
#2445 = ORIENTED_EDGE('',*,*,#2446,.T.);
#2446 = EDGE_CURVE('',#2419,#2447,#2449,.T.);
#2447 = VERTEX_POINT('',#2448);
#2448 = CARTESIAN_POINT('',(346.13911300919,376.,374.5));
#2449 = SURFACE_CURVE('',#2450,(#2454,#2461),.PCURVE_S1.);
#2450 = LINE('',#2451,#2452);
#2451 = CARTESIAN_POINT('',(346.18669672292,376.,375.72767080374));
#2452 = VECTOR('',#2453,1.);
#2453 = DIRECTION('',(-3.873026190514E-02,0.,-0.999249701933));
#2454 = PCURVE('',#126,#2455);
#2455 = DEFINITIONAL_REPRESENTATION('',(#2456),#2460);
#2456 = LINE('',#2457,#2458);
#2457 = CARTESIAN_POINT('',(-1.22767080374,-15.81330327707));
#2458 = VECTOR('',#2459,1.);
#2459 = DIRECTION('',(0.999249701933,-3.873026190514E-02));
#2460 = ( GEOMETRIC_REPRESENTATION_CONTEXT(2) 
PARAMETRIC_REPRESENTATION_CONTEXT() REPRESENTATION_CONTEXT('2D SPACE',''
  ) );
#2461 = PCURVE('',#2462,#2467);
#2462 = PLANE('',#2463);
#2463 = AXIS2_PLACEMENT_3D('',#2464,#2465,#2466);
#2464 = CARTESIAN_POINT('',(346.18669672292,376.,375.72767080374));
#2465 = DIRECTION('',(-0.999249701933,0.,3.873026190514E-02));
#2466 = DIRECTION('',(-3.873026190514E-02,0.,-0.999249701933));
#2467 = DEFINITIONAL_REPRESENTATION('',(#2468),#2472);
#2468 = LINE('',#2469,#2470);
#2469 = CARTESIAN_POINT('',(0.,0.));
#2470 = VECTOR('',#2471,1.);
#2471 = DIRECTION('',(1.,0.));
#2472 = ( GEOMETRIC_REPRESENTATION_CONTEXT(2) 
PARAMETRIC_REPRESENTATION_CONTEXT() REPRESENTATION_CONTEXT('2D SPACE',''
  ) );
#2473 = ORIENTED_EDGE('',*,*,#2474,.T.);
#2474 = EDGE_CURVE('',#2447,#2475,#2477,.T.);
#2475 = VERTEX_POINT('',#2476);
#2476 = CARTESIAN_POINT('',(346.18669672292,376.,373.27232919626));
#2477 = SURFACE_CURVE('',#2478,(#2482,#2489),.PCURVE_S1.);
#2478 = LINE('',#2479,#2480);
#2479 = CARTESIAN_POINT('',(346.13911300919,376.,374.5));
#2480 = VECTOR('',#2481,1.);
#2481 = DIRECTION('',(3.873026190514E-02,0.,-0.999249701933));
#2482 = PCURVE('',#126,#2483);
#2483 = DEFINITIONAL_REPRESENTATION('',(#2484),#2488);
#2484 = LINE('',#2485,#2486);
#2485 = CARTESIAN_POINT('',(0.,-15.8608869908));
#2486 = VECTOR('',#2487,1.);
#2487 = DIRECTION('',(0.999249701933,3.873026190514E-02));
#2488 = ( GEOMETRIC_REPRESENTATION_CONTEXT(2) 
PARAMETRIC_REPRESENTATION_CONTEXT() REPRESENTATION_CONTEXT('2D SPACE',''
  ) );
#2489 = PCURVE('',#2490,#2495);
#2490 = PLANE('',#2491);
#2491 = AXIS2_PLACEMENT_3D('',#2492,#2493,#2494);
#2492 = CARTESIAN_POINT('',(346.13911300919,376.,374.5));
#2493 = DIRECTION('',(-0.999249701933,0.,-3.873026190514E-02));
#2494 = DIRECTION('',(3.873026190514E-02,0.,-0.999249701933));
#2495 = DEFINITIONAL_REPRESENTATION('',(#2496),#2500);
#2496 = LINE('',#2497,#2498);
#2497 = CARTESIAN_POINT('',(0.,0.));
#2498 = VECTOR('',#2499,1.);
#2499 = DIRECTION('',(1.,0.));
#2500 = ( GEOMETRIC_REPRESENTATION_CONTEXT(2) 
PARAMETRIC_REPRESENTATION_CONTEXT() REPRESENTATION_CONTEXT('2D SPACE',''
  ) );
#2501 = ORIENTED_EDGE('',*,*,#2502,.T.);
#2502 = EDGE_CURVE('',#2475,#2503,#2505,.T.);
#2503 = VERTEX_POINT('',#2504);
#2504 = CARTESIAN_POINT('',(346.32916235551,376.,372.05202458031));
#2505 = SURFACE_CURVE('',#2506,(#2510,#2517),.PCURVE_S1.);
#2506 = LINE('',#2507,#2508);
#2507 = CARTESIAN_POINT('',(346.18669672292,376.,373.27232919626));
#2508 = VECTOR('',#2509,1.);
#2509 = DIRECTION('',(0.115958399003,0.,-0.993254071072));
#2510 = PCURVE('',#126,#2511);
#2511 = DEFINITIONAL_REPRESENTATION('',(#2512),#2516);
#2512 = LINE('',#2513,#2514);
#2513 = CARTESIAN_POINT('',(1.22767080374,-15.81330327707));
#2514 = VECTOR('',#2515,1.);
#2515 = DIRECTION('',(0.993254071072,0.115958399003));
#2516 = ( GEOMETRIC_REPRESENTATION_CONTEXT(2) 
PARAMETRIC_REPRESENTATION_CONTEXT() REPRESENTATION_CONTEXT('2D SPACE',''
  ) );
#2517 = PCURVE('',#2518,#2523);
#2518 = PLANE('',#2519);
#2519 = AXIS2_PLACEMENT_3D('',#2520,#2521,#2522);
#2520 = CARTESIAN_POINT('',(346.18669672292,376.,373.27232919626));
#2521 = DIRECTION('',(-0.993254071072,0.,-0.115958399003));
#2522 = DIRECTION('',(0.115958399003,0.,-0.993254071072));
#2523 = DEFINITIONAL_REPRESENTATION('',(#2524),#2528);
#2524 = LINE('',#2525,#2526);
#2525 = CARTESIAN_POINT('',(0.,0.));
#2526 = VECTOR('',#2527,1.);
#2527 = DIRECTION('',(1.,0.));
#2528 = ( GEOMETRIC_REPRESENTATION_CONTEXT(2) 
PARAMETRIC_REPRESENTATION_CONTEXT() REPRESENTATION_CONTEXT('2D SPACE',''
  ) );
#2529 = ORIENTED_EDGE('',*,*,#2530,.T.);
#2530 = EDGE_CURVE('',#2503,#2531,#2533,.T.);
#2531 = VERTEX_POINT('',#2532);
#2532 = CARTESIAN_POINT('',(345.1705991741,376.,371.74435460787));
#2533 = SURFACE_CURVE('',#2534,(#2538,#2545),.PCURVE_S1.);
#2534 = LINE('',#2535,#2536);
#2535 = CARTESIAN_POINT('',(346.32916235551,376.,372.05202458031));
#2536 = VECTOR('',#2537,1.);
#2537 = DIRECTION('',(-0.966500312362,0.,-0.256665436325));
#2538 = PCURVE('',#126,#2539);
#2539 = DEFINITIONAL_REPRESENTATION('',(#2540),#2544);
#2540 = LINE('',#2541,#2542);
#2541 = CARTESIAN_POINT('',(2.447975419685,-15.67083764448));
#2542 = VECTOR('',#2543,1.);
#2543 = DIRECTION('',(0.256665436325,-0.966500312362));
#2544 = ( GEOMETRIC_REPRESENTATION_CONTEXT(2) 
PARAMETRIC_REPRESENTATION_CONTEXT() REPRESENTATION_CONTEXT('2D SPACE',''
  ) );
#2545 = PCURVE('',#2546,#2551);
#2546 = PLANE('',#2547);
#2547 = AXIS2_PLACEMENT_3D('',#2548,#2549,#2550);
#2548 = CARTESIAN_POINT('',(346.32916235551,376.,372.05202458031));
#2549 = DIRECTION('',(-0.256665436325,0.,0.966500312362));
#2550 = DIRECTION('',(-0.966500312362,0.,-0.256665436325));
#2551 = DEFINITIONAL_REPRESENTATION('',(#2552),#2556);
#2552 = LINE('',#2553,#2554);
#2553 = CARTESIAN_POINT('',(0.,0.));
#2554 = VECTOR('',#2555,1.);
#2555 = DIRECTION('',(1.,0.));
#2556 = ( GEOMETRIC_REPRESENTATION_CONTEXT(2) 
PARAMETRIC_REPRESENTATION_CONTEXT() REPRESENTATION_CONTEXT('2D SPACE',''
  ) );
#2557 = ORIENTED_EDGE('',*,*,#2558,.T.);
#2558 = EDGE_CURVE('',#2531,#2559,#2561,.T.);
#2559 = VERTEX_POINT('',#2560);
#2560 = CARTESIAN_POINT('',(344.01577165194,376.,371.4195557654));
#2561 = SURFACE_CURVE('',#2562,(#2566,#2573),.PCURVE_S1.);
#2562 = LINE('',#2563,#2564);
#2563 = CARTESIAN_POINT('',(345.1705991741,376.,371.74435460787));
#2564 = VECTOR('',#2565,1.);
#2565 = DIRECTION('',(-0.962650157605,0.,-0.270748359299));
#2566 = PCURVE('',#126,#2567);
#2567 = DEFINITIONAL_REPRESENTATION('',(#2568),#2572);
#2568 = LINE('',#2569,#2570);
#2569 = CARTESIAN_POINT('',(2.755645392125,-16.82940082589));
#2570 = VECTOR('',#2571,1.);
#2571 = DIRECTION('',(0.270748359299,-0.962650157605));
#2572 = ( GEOMETRIC_REPRESENTATION_CONTEXT(2) 
PARAMETRIC_REPRESENTATION_CONTEXT() REPRESENTATION_CONTEXT('2D SPACE',''
  ) );
#2573 = PCURVE('',#2574,#2579);
#2574 = PLANE('',#2575);
#2575 = AXIS2_PLACEMENT_3D('',#2576,#2577,#2578);
#2576 = CARTESIAN_POINT('',(345.1705991741,376.,371.74435460787));
#2577 = DIRECTION('',(-0.270748359299,0.,0.962650157605));
#2578 = DIRECTION('',(-0.962650157605,0.,-0.270748359299));
#2579 = DEFINITIONAL_REPRESENTATION('',(#2580),#2584);
#2580 = LINE('',#2581,#2582);
#2581 = CARTESIAN_POINT('',(0.,0.));
#2582 = VECTOR('',#2583,1.);
#2583 = DIRECTION('',(1.,0.));
#2584 = ( GEOMETRIC_REPRESENTATION_CONTEXT(2) 
PARAMETRIC_REPRESENTATION_CONTEXT() REPRESENTATION_CONTEXT('2D SPACE',''
  ) );
#2585 = ORIENTED_EDGE('',*,*,#2586,.T.);
#2586 = EDGE_CURVE('',#2559,#2587,#2589,.T.);
#2587 = VERTEX_POINT('',#2588);
#2588 = CARTESIAN_POINT('',(342.8648687413,376.,371.07766678093));
#2589 = SURFACE_CURVE('',#2590,(#2594,#2601),.PCURVE_S1.);
#2590 = LINE('',#2591,#2592);
#2591 = CARTESIAN_POINT('',(344.01577165194,376.,371.4195557654));
#2592 = VECTOR('',#2593,1.);
#2593 = DIRECTION('',(-0.958598067206,0.,-0.284762612623));
#2594 = PCURVE('',#126,#2595);
#2595 = DEFINITIONAL_REPRESENTATION('',(#2596),#2600);
#2596 = LINE('',#2597,#2598);
#2597 = CARTESIAN_POINT('',(3.080444234599,-17.98422834805));
#2598 = VECTOR('',#2599,1.);
#2599 = DIRECTION('',(0.284762612623,-0.958598067206));
#2600 = ( GEOMETRIC_REPRESENTATION_CONTEXT(2) 
PARAMETRIC_REPRESENTATION_CONTEXT() REPRESENTATION_CONTEXT('2D SPACE',''
  ) );
#2601 = PCURVE('',#2602,#2607);
#2602 = PLANE('',#2603);
#2603 = AXIS2_PLACEMENT_3D('',#2604,#2605,#2606);
#2604 = CARTESIAN_POINT('',(344.01577165194,376.,371.4195557654));
#2605 = DIRECTION('',(-0.284762612623,0.,0.958598067206));
#2606 = DIRECTION('',(-0.958598067206,0.,-0.284762612623));
#2607 = DEFINITIONAL_REPRESENTATION('',(#2608),#2612);
#2608 = LINE('',#2609,#2610);
#2609 = CARTESIAN_POINT('',(0.,0.));
#2610 = VECTOR('',#2611,1.);
#2611 = DIRECTION('',(1.,0.));
#2612 = ( GEOMETRIC_REPRESENTATION_CONTEXT(2) 
PARAMETRIC_REPRESENTATION_CONTEXT() REPRESENTATION_CONTEXT('2D SPACE',''
  ) );
#2613 = ORIENTED_EDGE('',*,*,#2614,.T.);
#2614 = EDGE_CURVE('',#2587,#2615,#2617,.T.);
#2615 = VERTEX_POINT('',#2616);
#2616 = CARTESIAN_POINT('',(341.90231967637,376.,369.83764219817));
#2617 = SURFACE_CURVE('',#2618,(#2622,#2629),.PCURVE_S1.);
#2618 = LINE('',#2619,#2620);
#2619 = CARTESIAN_POINT('',(342.8648687413,376.,371.07766678093));
#2620 = VECTOR('',#2621,1.);
#2621 = DIRECTION('',(-0.613180418753,0.,-0.789942892909));
#2622 = PCURVE('',#126,#2623);
#2623 = DEFINITIONAL_REPRESENTATION('',(#2624),#2628);
#2624 = LINE('',#2625,#2626);
#2625 = CARTESIAN_POINT('',(3.422333219066,-19.13513125869));
#2626 = VECTOR('',#2627,1.);
#2627 = DIRECTION('',(0.789942892909,-0.613180418753));
#2628 = ( GEOMETRIC_REPRESENTATION_CONTEXT(2) 
PARAMETRIC_REPRESENTATION_CONTEXT() REPRESENTATION_CONTEXT('2D SPACE',''
  ) );
#2629 = PCURVE('',#2630,#2635);
#2630 = PLANE('',#2631);
#2631 = AXIS2_PLACEMENT_3D('',#2632,#2633,#2634);
#2632 = CARTESIAN_POINT('',(342.8648687413,376.,371.07766678093));
#2633 = DIRECTION('',(-0.789942892909,0.,0.613180418753));
#2634 = DIRECTION('',(-0.613180418753,0.,-0.789942892909));
#2635 = DEFINITIONAL_REPRESENTATION('',(#2636),#2640);
#2636 = LINE('',#2637,#2638);
#2637 = CARTESIAN_POINT('',(0.,0.));
#2638 = VECTOR('',#2639,1.);
#2639 = DIRECTION('',(1.,0.));
#2640 = ( GEOMETRIC_REPRESENTATION_CONTEXT(2) 
PARAMETRIC_REPRESENTATION_CONTEXT() REPRESENTATION_CONTEXT('2D SPACE',''
  ) );
#2641 = ORIENTED_EDGE('',*,*,#2642,.T.);
#2642 = EDGE_CURVE('',#2615,#2643,#2645,.T.);
#2643 = VERTEX_POINT('',#2644);
#2644 = CARTESIAN_POINT('',(342.12481740575,376.,368.96543122652));
#2645 = SURFACE_CURVE('',#2646,(#2650,#2657),.PCURVE_S1.);
#2646 = LINE('',#2647,#2648);
#2647 = CARTESIAN_POINT('',(341.90231967637,376.,369.83764219817));
#2648 = VECTOR('',#2649,1.);
#2649 = DIRECTION('',(0.24718045587,0.,-0.968969464037));
#2650 = PCURVE('',#126,#2651);
#2651 = DEFINITIONAL_REPRESENTATION('',(#2652),#2656);
#2652 = LINE('',#2653,#2654);
#2653 = CARTESIAN_POINT('',(4.662357801825,-20.09768032362));
#2654 = VECTOR('',#2655,1.);
#2655 = DIRECTION('',(0.968969464037,0.24718045587));
#2656 = ( GEOMETRIC_REPRESENTATION_CONTEXT(2) 
PARAMETRIC_REPRESENTATION_CONTEXT() REPRESENTATION_CONTEXT('2D SPACE',''
  ) );
#2657 = PCURVE('',#2658,#2663);
#2658 = PLANE('',#2659);
#2659 = AXIS2_PLACEMENT_3D('',#2660,#2661,#2662);
#2660 = CARTESIAN_POINT('',(341.90231967637,376.,369.83764219817));
#2661 = DIRECTION('',(-0.968969464037,0.,-0.24718045587));
#2662 = DIRECTION('',(0.24718045587,0.,-0.968969464037));
#2663 = DEFINITIONAL_REPRESENTATION('',(#2664),#2668);
#2664 = LINE('',#2665,#2666);
#2665 = CARTESIAN_POINT('',(0.,0.));
#2666 = VECTOR('',#2667,1.);
#2667 = DIRECTION('',(1.,0.));
#2668 = ( GEOMETRIC_REPRESENTATION_CONTEXT(2) 
PARAMETRIC_REPRESENTATION_CONTEXT() REPRESENTATION_CONTEXT('2D SPACE',''
  ) );
#2669 = ORIENTED_EDGE('',*,*,#2670,.T.);
#2670 = EDGE_CURVE('',#2643,#2671,#2673,.T.);
#2671 = VERTEX_POINT('',#2672);
#2672 = CARTESIAN_POINT('',(342.38514867483,376.,368.1037556211));
#2673 = SURFACE_CURVE('',#2674,(#2678,#2685),.PCURVE_S1.);
#2674 = LINE('',#2675,#2676);
#2675 = CARTESIAN_POINT('',(342.12481740575,376.,368.96543122652));
#2676 = VECTOR('',#2677,1.);
#2677 = DIRECTION('',(0.289211049244,0.,-0.957265359759));
#2678 = PCURVE('',#126,#2679);
#2679 = DEFINITIONAL_REPRESENTATION('',(#2680),#2684);
#2680 = LINE('',#2681,#2682);
#2681 = CARTESIAN_POINT('',(5.534568773473,-19.87518259424));
#2682 = VECTOR('',#2683,1.);
#2683 = DIRECTION('',(0.957265359759,0.289211049244));
#2684 = ( GEOMETRIC_REPRESENTATION_CONTEXT(2) 
PARAMETRIC_REPRESENTATION_CONTEXT() REPRESENTATION_CONTEXT('2D SPACE',''
  ) );
#2685 = PCURVE('',#2686,#2691);
#2686 = PLANE('',#2687);
#2687 = AXIS2_PLACEMENT_3D('',#2688,#2689,#2690);
#2688 = CARTESIAN_POINT('',(342.12481740575,376.,368.96543122652));
#2689 = DIRECTION('',(-0.957265359759,0.,-0.289211049244));
#2690 = DIRECTION('',(0.289211049244,0.,-0.957265359759));
#2691 = DEFINITIONAL_REPRESENTATION('',(#2692),#2696);
#2692 = LINE('',#2693,#2694);
#2693 = CARTESIAN_POINT('',(0.,0.));
#2694 = VECTOR('',#2695,1.);
#2695 = DIRECTION('',(1.,0.));
#2696 = ( GEOMETRIC_REPRESENTATION_CONTEXT(2) 
PARAMETRIC_REPRESENTATION_CONTEXT() REPRESENTATION_CONTEXT('2D SPACE',''
  ) );
#2697 = ORIENTED_EDGE('',*,*,#2698,.T.);
#2698 = EDGE_CURVE('',#2671,#2699,#2701,.T.);
#2699 = VERTEX_POINT('',#2700);
#2700 = CARTESIAN_POINT('',(342.68281792824,376.,367.25425563039));
#2701 = SURFACE_CURVE('',#2702,(#2706,#2713),.PCURVE_S1.);
#2702 = LINE('',#2703,#2704);
#2703 = CARTESIAN_POINT('',(342.38514867483,376.,368.1037556211));
#2704 = VECTOR('',#2705,1.);
#2705 = DIRECTION('',(0.330691112948,0.,-0.943739046462));
#2706 = PCURVE('',#126,#2707);
#2707 = DEFINITIONAL_REPRESENTATION('',(#2708),#2712);
#2708 = LINE('',#2709,#2710);
#2709 = CARTESIAN_POINT('',(6.396244378896,-19.61485132516));
#2710 = VECTOR('',#2711,1.);
#2711 = DIRECTION('',(0.943739046462,0.330691112948));
#2712 = ( GEOMETRIC_REPRESENTATION_CONTEXT(2) 
PARAMETRIC_REPRESENTATION_CONTEXT() REPRESENTATION_CONTEXT('2D SPACE',''
  ) );
#2713 = PCURVE('',#2714,#2719);
#2714 = PLANE('',#2715);
#2715 = AXIS2_PLACEMENT_3D('',#2716,#2717,#2718);
#2716 = CARTESIAN_POINT('',(342.38514867483,376.,368.1037556211));
#2717 = DIRECTION('',(-0.943739046462,0.,-0.330691112948));
#2718 = DIRECTION('',(0.330691112948,0.,-0.943739046462));
#2719 = DEFINITIONAL_REPRESENTATION('',(#2720),#2724);
#2720 = LINE('',#2721,#2722);
#2721 = CARTESIAN_POINT('',(0.,0.));
#2722 = VECTOR('',#2723,1.);
#2723 = DIRECTION('',(1.,0.));
#2724 = ( GEOMETRIC_REPRESENTATION_CONTEXT(2) 
PARAMETRIC_REPRESENTATION_CONTEXT() REPRESENTATION_CONTEXT('2D SPACE',''
  ) );
#2725 = ORIENTED_EDGE('',*,*,#2726,.T.);
#2726 = EDGE_CURVE('',#2699,#2727,#2729,.T.);
#2727 = VERTEX_POINT('',#2728);
#2728 = CARTESIAN_POINT('',(343.01725853564,376.,366.41854832591));
#2729 = SURFACE_CURVE('',#2730,(#2734,#2741),.PCURVE_S1.);
#2730 = LINE('',#2731,#2732);
#2731 = CARTESIAN_POINT('',(342.68281792824,376.,367.25425563039));
#2732 = VECTOR('',#2733,1.);
#2733 = DIRECTION('',(0.371541687323,0.,-0.928416272251));
#2734 = PCURVE('',#126,#2735);
#2735 = DEFINITIONAL_REPRESENTATION('',(#2736),#2740);
#2736 = LINE('',#2737,#2738);
#2737 = CARTESIAN_POINT('',(7.245744369604,-19.31718207175));
#2738 = VECTOR('',#2739,1.);
#2739 = DIRECTION('',(0.928416272251,0.371541687323));
#2740 = ( GEOMETRIC_REPRESENTATION_CONTEXT(2) 
PARAMETRIC_REPRESENTATION_CONTEXT() REPRESENTATION_CONTEXT('2D SPACE',''
  ) );
#2741 = PCURVE('',#2742,#2747);
#2742 = PLANE('',#2743);
#2743 = AXIS2_PLACEMENT_3D('',#2744,#2745,#2746);
#2744 = CARTESIAN_POINT('',(342.68281792824,376.,367.25425563039));
#2745 = DIRECTION('',(-0.928416272251,0.,-0.371541687323));
#2746 = DIRECTION('',(0.371541687323,0.,-0.928416272251));
#2747 = DEFINITIONAL_REPRESENTATION('',(#2748),#2752);
#2748 = LINE('',#2749,#2750);
#2749 = CARTESIAN_POINT('',(0.,0.));
#2750 = VECTOR('',#2751,1.);
#2751 = DIRECTION('',(1.,0.));
#2752 = ( GEOMETRIC_REPRESENTATION_CONTEXT(2) 
PARAMETRIC_REPRESENTATION_CONTEXT() REPRESENTATION_CONTEXT('2D SPACE',''
  ) );
#2753 = ORIENTED_EDGE('',*,*,#2754,.T.);
#2754 = EDGE_CURVE('',#2727,#2755,#2757,.T.);
#2755 = VERTEX_POINT('',#2756);
#2756 = CARTESIAN_POINT('',(347.20466879145,376.,368.78459007904));
#2757 = SURFACE_CURVE('',#2758,(#2762,#2769),.PCURVE_S1.);
#2758 = LINE('',#2759,#2760);
#2759 = CARTESIAN_POINT('',(343.01725853564,376.,366.41854832591));
#2760 = VECTOR('',#2761,1.);
#2761 = DIRECTION('',(0.870630105165,0.,0.49193822781));
#2762 = PCURVE('',#126,#2763);
#2763 = DEFINITIONAL_REPRESENTATION('',(#2764),#2768);
#2764 = LINE('',#2765,#2766);
#2765 = CARTESIAN_POINT('',(8.081451674085,-18.98274146435));
#2766 = VECTOR('',#2767,1.);
#2767 = DIRECTION('',(-0.49193822781,0.870630105165));
#2768 = ( GEOMETRIC_REPRESENTATION_CONTEXT(2) 
PARAMETRIC_REPRESENTATION_CONTEXT() REPRESENTATION_CONTEXT('2D SPACE',''
  ) );
#2769 = PCURVE('',#2770,#2775);
#2770 = PLANE('',#2771);
#2771 = AXIS2_PLACEMENT_3D('',#2772,#2773,#2774);
#2772 = CARTESIAN_POINT('',(343.01725853564,376.,366.41854832591));
#2773 = DIRECTION('',(0.49193822781,0.,-0.870630105165));
#2774 = DIRECTION('',(0.870630105165,0.,0.49193822781));
#2775 = DEFINITIONAL_REPRESENTATION('',(#2776),#2780);
#2776 = LINE('',#2777,#2778);
#2777 = CARTESIAN_POINT('',(0.,0.));
#2778 = VECTOR('',#2779,1.);
#2779 = DIRECTION('',(1.,0.));
#2780 = ( GEOMETRIC_REPRESENTATION_CONTEXT(2) 
PARAMETRIC_REPRESENTATION_CONTEXT() REPRESENTATION_CONTEXT('2D SPACE',''
  ) );
#2781 = ORIENTED_EDGE('',*,*,#2782,.T.);
#2782 = EDGE_CURVE('',#2755,#2783,#2785,.T.);
#2783 = VERTEX_POINT('',#2784);
#2784 = CARTESIAN_POINT('',(347.69144224243,376.,367.65654246498));
#2785 = SURFACE_CURVE('',#2786,(#2790,#2797),.PCURVE_S1.);
#2786 = LINE('',#2787,#2788);
#2787 = CARTESIAN_POINT('',(347.20466879145,376.,368.78459007904));
#2788 = VECTOR('',#2789,1.);
#2789 = DIRECTION('',(0.396204116217,0.,-0.918162457462));
#2790 = PCURVE('',#126,#2791);
#2791 = DEFINITIONAL_REPRESENTATION('',(#2792),#2796);
#2792 = LINE('',#2793,#2794);
#2793 = CARTESIAN_POINT('',(5.715409920955,-14.79533120854));
#2794 = VECTOR('',#2795,1.);
#2795 = DIRECTION('',(0.918162457462,0.396204116217));
#2796 = ( GEOMETRIC_REPRESENTATION_CONTEXT(2) 
PARAMETRIC_REPRESENTATION_CONTEXT() REPRESENTATION_CONTEXT('2D SPACE',''
  ) );
#2797 = PCURVE('',#2798,#2803);
#2798 = PLANE('',#2799);
#2799 = AXIS2_PLACEMENT_3D('',#2800,#2801,#2802);
#2800 = CARTESIAN_POINT('',(347.20466879145,376.,368.78459007904));
#2801 = DIRECTION('',(-0.918162457462,0.,-0.396204116217));
#2802 = DIRECTION('',(0.396204116217,0.,-0.918162457462));
#2803 = DEFINITIONAL_REPRESENTATION('',(#2804),#2808);
#2804 = LINE('',#2805,#2806);
#2805 = CARTESIAN_POINT('',(0.,0.));
#2806 = VECTOR('',#2807,1.);
#2807 = DIRECTION('',(1.,0.));
#2808 = ( GEOMETRIC_REPRESENTATION_CONTEXT(2) 
PARAMETRIC_REPRESENTATION_CONTEXT() REPRESENTATION_CONTEXT('2D SPACE',''
  ) );
#2809 = ORIENTED_EDGE('',*,*,#2810,.T.);
#2810 = EDGE_CURVE('',#2783,#2811,#2813,.T.);
#2811 = VERTEX_POINT('',#2812);
#2812 = CARTESIAN_POINT('',(348.2640689394,376.,366.56955650459));
#2813 = SURFACE_CURVE('',#2814,(#2818,#2825),.PCURVE_S1.);
#2814 = LINE('',#2815,#2816);
#2815 = CARTESIAN_POINT('',(347.69144224243,376.,367.65654246498));
#2816 = VECTOR('',#2817,1.);
#2817 = DIRECTION('',(0.466083460261,0.,-0.88474075755));
#2818 = PCURVE('',#126,#2819);
#2819 = DEFINITIONAL_REPRESENTATION('',(#2820),#2824);
#2820 = LINE('',#2821,#2822);
#2821 = CARTESIAN_POINT('',(6.843457535015,-14.30855775756));
#2822 = VECTOR('',#2823,1.);
#2823 = DIRECTION('',(0.88474075755,0.466083460261));
#2824 = ( GEOMETRIC_REPRESENTATION_CONTEXT(2) 
PARAMETRIC_REPRESENTATION_CONTEXT() REPRESENTATION_CONTEXT('2D SPACE',''
  ) );
#2825 = PCURVE('',#2826,#2831);
#2826 = PLANE('',#2827);
#2827 = AXIS2_PLACEMENT_3D('',#2828,#2829,#2830);
#2828 = CARTESIAN_POINT('',(347.69144224243,376.,367.65654246498));
#2829 = DIRECTION('',(-0.88474075755,0.,-0.466083460261));
#2830 = DIRECTION('',(0.466083460261,0.,-0.88474075755));
#2831 = DEFINITIONAL_REPRESENTATION('',(#2832),#2836);
#2832 = LINE('',#2833,#2834);
#2833 = CARTESIAN_POINT('',(0.,0.));
#2834 = VECTOR('',#2835,1.);
#2835 = DIRECTION('',(1.,0.));
#2836 = ( GEOMETRIC_REPRESENTATION_CONTEXT(2) 
PARAMETRIC_REPRESENTATION_CONTEXT() REPRESENTATION_CONTEXT('2D SPACE',''
  ) );
#2837 = ORIENTED_EDGE('',*,*,#2838,.T.);
#2838 = EDGE_CURVE('',#2811,#2839,#2841,.T.);
#2839 = VERTEX_POINT('',#2840);
#2840 = CARTESIAN_POINT('',(348.91911304617,376.,365.53015425793));
#2841 = SURFACE_CURVE('',#2842,(#2846,#2853),.PCURVE_S1.);
#2842 = LINE('',#2843,#2844);
#2843 = CARTESIAN_POINT('',(348.2640689394,376.,366.56955650459));
#2844 = VECTOR('',#2845,1.);
#2845 = DIRECTION('',(0.533166241671,0.,-0.846010495645));
#2846 = PCURVE('',#126,#2847);
#2847 = DEFINITIONAL_REPRESENTATION('',(#2848),#2852);
#2848 = LINE('',#2849,#2850);
#2849 = CARTESIAN_POINT('',(7.930443495403,-13.73593106059));
#2850 = VECTOR('',#2851,1.);
#2851 = DIRECTION('',(0.846010495645,0.533166241671));
#2852 = ( GEOMETRIC_REPRESENTATION_CONTEXT(2) 
PARAMETRIC_REPRESENTATION_CONTEXT() REPRESENTATION_CONTEXT('2D SPACE',''
  ) );
#2853 = PCURVE('',#2854,#2859);
#2854 = PLANE('',#2855);
#2855 = AXIS2_PLACEMENT_3D('',#2856,#2857,#2858);
#2856 = CARTESIAN_POINT('',(348.2640689394,376.,366.56955650459));
#2857 = DIRECTION('',(-0.846010495645,0.,-0.533166241671));
#2858 = DIRECTION('',(0.533166241671,0.,-0.846010495645));
#2859 = DEFINITIONAL_REPRESENTATION('',(#2860),#2864);
#2860 = LINE('',#2861,#2862);
#2861 = CARTESIAN_POINT('',(0.,0.));
#2862 = VECTOR('',#2863,1.);
#2863 = DIRECTION('',(1.,0.));
#2864 = ( GEOMETRIC_REPRESENTATION_CONTEXT(2) 
PARAMETRIC_REPRESENTATION_CONTEXT() REPRESENTATION_CONTEXT('2D SPACE',''
  ) );
#2865 = ORIENTED_EDGE('',*,*,#2866,.T.);
#2866 = EDGE_CURVE('',#2839,#2867,#2869,.T.);
#2867 = VERTEX_POINT('',#2868);
#2868 = CARTESIAN_POINT('',(349.65264421113,376.,364.54457227647));
#2869 = SURFACE_CURVE('',#2870,(#2874,#2881),.PCURVE_S1.);
#2870 = LINE('',#2871,#2872);
#2871 = CARTESIAN_POINT('',(348.91911304617,376.,365.53015425793));
#2872 = VECTOR('',#2873,1.);
#2873 = DIRECTION('',(0.597049954854,0.,-0.802204058459));
#2874 = PCURVE('',#126,#2875);
#2875 = DEFINITIONAL_REPRESENTATION('',(#2876),#2880);
#2876 = LINE('',#2877,#2878);
#2877 = CARTESIAN_POINT('',(8.969845742061,-13.08088695382));
#2878 = VECTOR('',#2879,1.);
#2879 = DIRECTION('',(0.802204058459,0.597049954854));
#2880 = ( GEOMETRIC_REPRESENTATION_CONTEXT(2) 
PARAMETRIC_REPRESENTATION_CONTEXT() REPRESENTATION_CONTEXT('2D SPACE',''
  ) );
#2881 = PCURVE('',#2882,#2887);
#2882 = PLANE('',#2883);
#2883 = AXIS2_PLACEMENT_3D('',#2884,#2885,#2886);
#2884 = CARTESIAN_POINT('',(348.91911304617,376.,365.53015425793));
#2885 = DIRECTION('',(-0.802204058459,0.,-0.597049954854));
#2886 = DIRECTION('',(0.597049954854,0.,-0.802204058459));
#2887 = DEFINITIONAL_REPRESENTATION('',(#2888),#2892);
#2888 = LINE('',#2889,#2890);
#2889 = CARTESIAN_POINT('',(0.,0.));
#2890 = VECTOR('',#2891,1.);
#2891 = DIRECTION('',(1.,0.));
#2892 = ( GEOMETRIC_REPRESENTATION_CONTEXT(2) 
PARAMETRIC_REPRESENTATION_CONTEXT() REPRESENTATION_CONTEXT('2D SPACE',''
  ) );
#2893 = ORIENTED_EDGE('',*,*,#2894,.T.);
#2894 = EDGE_CURVE('',#2867,#2895,#2897,.T.);
#2895 = VERTEX_POINT('',#2896);
#2896 = CARTESIAN_POINT('',(348.80313405036,376.,363.69884067364));
#2897 = SURFACE_CURVE('',#2898,(#2902,#2909),.PCURVE_S1.);
#2898 = LINE('',#2899,#2900);
#2899 = CARTESIAN_POINT('',(349.65264421113,376.,364.54457227647));
#2900 = VECTOR('',#2901,1.);
#2901 = DIRECTION('',(-0.708681105109,0.,-0.705528944312));
#2902 = PCURVE('',#126,#2903);
#2903 = DEFINITIONAL_REPRESENTATION('',(#2904),#2908);
#2904 = LINE('',#2905,#2906);
#2905 = CARTESIAN_POINT('',(9.955427723529,-12.34735578886));
#2906 = VECTOR('',#2907,1.);
#2907 = DIRECTION('',(0.705528944312,-0.708681105109));
#2908 = ( GEOMETRIC_REPRESENTATION_CONTEXT(2) 
PARAMETRIC_REPRESENTATION_CONTEXT() REPRESENTATION_CONTEXT('2D SPACE',''
  ) );
#2909 = PCURVE('',#2910,#2915);
#2910 = PLANE('',#2911);
#2911 = AXIS2_PLACEMENT_3D('',#2912,#2913,#2914);
#2912 = CARTESIAN_POINT('',(349.65264421113,376.,364.54457227647));
#2913 = DIRECTION('',(-0.705528944312,0.,0.708681105109));
#2914 = DIRECTION('',(-0.708681105109,0.,-0.705528944312));
#2915 = DEFINITIONAL_REPRESENTATION('',(#2916),#2920);
#2916 = LINE('',#2917,#2918);
#2917 = CARTESIAN_POINT('',(0.,0.));
#2918 = VECTOR('',#2919,1.);
#2919 = DIRECTION('',(1.,0.));
#2920 = ( GEOMETRIC_REPRESENTATION_CONTEXT(2) 
PARAMETRIC_REPRESENTATION_CONTEXT() REPRESENTATION_CONTEXT('2D SPACE',''
  ) );
#2921 = ORIENTED_EDGE('',*,*,#2922,.T.);
#2922 = EDGE_CURVE('',#2895,#2923,#2925,.T.);
#2923 = VERTEX_POINT('',#2924);
#2924 = CARTESIAN_POINT('',(347.96542350042,376.,362.84014286386));
#2925 = SURFACE_CURVE('',#2926,(#2930,#2937),.PCURVE_S1.);
#2926 = LINE('',#2927,#2928);
#2927 = CARTESIAN_POINT('',(348.80313405036,376.,363.69884067364));
#2928 = VECTOR('',#2929,1.);
#2929 = DIRECTION('',(-0.698305311793,0.,-0.715800035989));
#2930 = PCURVE('',#126,#2931);
#2931 = DEFINITIONAL_REPRESENTATION('',(#2932),#2936);
#2932 = LINE('',#2933,#2934);
#2933 = CARTESIAN_POINT('',(10.801159326351,-13.19686594963));
#2934 = VECTOR('',#2935,1.);
#2935 = DIRECTION('',(0.715800035989,-0.698305311793));
#2936 = ( GEOMETRIC_REPRESENTATION_CONTEXT(2) 
PARAMETRIC_REPRESENTATION_CONTEXT() REPRESENTATION_CONTEXT('2D SPACE',''
  ) );
#2937 = PCURVE('',#2938,#2943);
#2938 = PLANE('',#2939);
#2939 = AXIS2_PLACEMENT_3D('',#2940,#2941,#2942);
#2940 = CARTESIAN_POINT('',(348.80313405036,376.,363.69884067364));
#2941 = DIRECTION('',(-0.715800035989,0.,0.698305311793));
#2942 = DIRECTION('',(-0.698305311793,0.,-0.715800035989));
#2943 = DEFINITIONAL_REPRESENTATION('',(#2944),#2948);
#2944 = LINE('',#2945,#2946);
#2945 = CARTESIAN_POINT('',(0.,0.));
#2946 = VECTOR('',#2947,1.);
#2947 = DIRECTION('',(1.,0.));
#2948 = ( GEOMETRIC_REPRESENTATION_CONTEXT(2) 
PARAMETRIC_REPRESENTATION_CONTEXT() REPRESENTATION_CONTEXT('2D SPACE',''
  ) );
#2949 = ORIENTED_EDGE('',*,*,#2950,.T.);
#2950 = EDGE_CURVE('',#2923,#2951,#2953,.T.);
#2951 = VERTEX_POINT('',#2952);
#2952 = CARTESIAN_POINT('',(347.13965683475,376.,361.96860686272));
#2953 = SURFACE_CURVE('',#2954,(#2958,#2965),.PCURVE_S1.);
#2954 = LINE('',#2955,#2956);
#2955 = CARTESIAN_POINT('',(347.96542350042,376.,362.84014286386));
#2956 = VECTOR('',#2957,1.);
#2957 = DIRECTION('',(-0.687788971908,0.,-0.725910690183));
#2958 = PCURVE('',#126,#2959);
#2959 = DEFINITIONAL_REPRESENTATION('',(#2960),#2964);
#2960 = LINE('',#2961,#2962);
#2961 = CARTESIAN_POINT('',(11.659857136131,-14.03457649957));
#2962 = VECTOR('',#2963,1.);
#2963 = DIRECTION('',(0.725910690183,-0.687788971908));
#2964 = ( GEOMETRIC_REPRESENTATION_CONTEXT(2) 
PARAMETRIC_REPRESENTATION_CONTEXT() REPRESENTATION_CONTEXT('2D SPACE',''
  ) );
#2965 = PCURVE('',#2966,#2971);
#2966 = PLANE('',#2967);
#2967 = AXIS2_PLACEMENT_3D('',#2968,#2969,#2970);
#2968 = CARTESIAN_POINT('',(347.96542350042,376.,362.84014286386));
#2969 = DIRECTION('',(-0.725910690183,0.,0.687788971908));
#2970 = DIRECTION('',(-0.687788971908,0.,-0.725910690183));
#2971 = DEFINITIONAL_REPRESENTATION('',(#2972),#2976);
#2972 = LINE('',#2973,#2974);
#2973 = CARTESIAN_POINT('',(0.,0.));
#2974 = VECTOR('',#2975,1.);
#2975 = DIRECTION('',(1.,0.));
#2976 = ( GEOMETRIC_REPRESENTATION_CONTEXT(2) 
PARAMETRIC_REPRESENTATION_CONTEXT() REPRESENTATION_CONTEXT('2D SPACE',''
  ) );
#2977 = ORIENTED_EDGE('',*,*,#2978,.T.);
#2978 = EDGE_CURVE('',#2951,#2979,#2981,.T.);
#2979 = VERTEX_POINT('',#2980);
#2980 = CARTESIAN_POINT('',(346.92607718351,376.,360.41343954027));
#2981 = SURFACE_CURVE('',#2982,(#2986,#2993),.PCURVE_S1.);
#2982 = LINE('',#2983,#2984);
#2983 = CARTESIAN_POINT('',(347.13965683475,376.,361.96860686272));
#2984 = VECTOR('',#2985,1.);
#2985 = DIRECTION('',(-0.136058373289,0.,-0.990700822175));
#2986 = PCURVE('',#126,#2987);
#2987 = DEFINITIONAL_REPRESENTATION('',(#2988),#2992);
#2988 = LINE('',#2989,#2990);
#2989 = CARTESIAN_POINT('',(12.531393137274,-14.86034316524));
#2990 = VECTOR('',#2991,1.);
#2991 = DIRECTION('',(0.990700822175,-0.136058373289));
#2992 = ( GEOMETRIC_REPRESENTATION_CONTEXT(2) 
PARAMETRIC_REPRESENTATION_CONTEXT() REPRESENTATION_CONTEXT('2D SPACE',''
  ) );
#2993 = PCURVE('',#2994,#2999);
#2994 = PLANE('',#2995);
#2995 = AXIS2_PLACEMENT_3D('',#2996,#2997,#2998);
#2996 = CARTESIAN_POINT('',(347.13965683475,376.,361.96860686272));
#2997 = DIRECTION('',(-0.990700822175,0.,0.136058373289));
#2998 = DIRECTION('',(-0.136058373289,0.,-0.990700822175));
#2999 = DEFINITIONAL_REPRESENTATION('',(#3000),#3004);
#3000 = LINE('',#3001,#3002);
#3001 = CARTESIAN_POINT('',(0.,0.));
#3002 = VECTOR('',#3003,1.);
#3003 = DIRECTION('',(1.,0.));
#3004 = ( GEOMETRIC_REPRESENTATION_CONTEXT(2) 
PARAMETRIC_REPRESENTATION_CONTEXT() REPRESENTATION_CONTEXT('2D SPACE',''
  ) );
#3005 = ORIENTED_EDGE('',*,*,#3006,.T.);
#3006 = EDGE_CURVE('',#2979,#3007,#3009,.T.);
#3007 = VERTEX_POINT('',#3008);
#3008 = CARTESIAN_POINT('',(347.55487135526,376.,359.76933154605));
#3009 = SURFACE_CURVE('',#3010,(#3014,#3021),.PCURVE_S1.);
#3010 = LINE('',#3011,#3012);
#3011 = CARTESIAN_POINT('',(346.92607718351,376.,360.41343954027));
#3012 = VECTOR('',#3013,1.);
#3013 = DIRECTION('',(0.698549286121,0.,-0.715561943412));
#3014 = PCURVE('',#126,#3015);
#3015 = DEFINITIONAL_REPRESENTATION('',(#3016),#3020);
#3016 = LINE('',#3017,#3018);
#3017 = CARTESIAN_POINT('',(14.086560459727,-15.07392281648));
#3018 = VECTOR('',#3019,1.);
#3019 = DIRECTION('',(0.715561943412,0.698549286121));
#3020 = ( GEOMETRIC_REPRESENTATION_CONTEXT(2) 
PARAMETRIC_REPRESENTATION_CONTEXT() REPRESENTATION_CONTEXT('2D SPACE',''
  ) );
#3021 = PCURVE('',#3022,#3027);
#3022 = PLANE('',#3023);
#3023 = AXIS2_PLACEMENT_3D('',#3024,#3025,#3026);
#3024 = CARTESIAN_POINT('',(346.92607718351,376.,360.41343954027));
#3025 = DIRECTION('',(-0.715561943412,0.,-0.698549286121));
#3026 = DIRECTION('',(0.698549286121,0.,-0.715561943412));
#3027 = DEFINITIONAL_REPRESENTATION('',(#3028),#3032);
#3028 = LINE('',#3029,#3030);
#3029 = CARTESIAN_POINT('',(0.,0.));
#3030 = VECTOR('',#3031,1.);
#3031 = DIRECTION('',(1.,0.));
#3032 = ( GEOMETRIC_REPRESENTATION_CONTEXT(2) 
PARAMETRIC_REPRESENTATION_CONTEXT() REPRESENTATION_CONTEXT('2D SPACE',''
  ) );
#3033 = ORIENTED_EDGE('',*,*,#3034,.T.);
#3034 = EDGE_CURVE('',#3007,#3035,#3037,.T.);
#3035 = VERTEX_POINT('',#3036);
#3036 = CARTESIAN_POINT('',(348.21116265039,376.,359.15326421647));
#3037 = SURFACE_CURVE('',#3038,(#3042,#3049),.PCURVE_S1.);
#3038 = LINE('',#3039,#3040);
#3039 = CARTESIAN_POINT('',(347.55487135526,376.,359.76933154605));
#3040 = VECTOR('',#3041,1.);
#3041 = DIRECTION('',(0.72909679558,0.,-0.684410595092));
#3042 = PCURVE('',#126,#3043);
#3043 = DEFINITIONAL_REPRESENTATION('',(#3044),#3048);
#3044 = LINE('',#3045,#3046);
#3045 = CARTESIAN_POINT('',(14.730668453943,-14.44512864473));
#3046 = VECTOR('',#3047,1.);
#3047 = DIRECTION('',(0.684410595092,0.72909679558));
#3048 = ( GEOMETRIC_REPRESENTATION_CONTEXT(2) 
PARAMETRIC_REPRESENTATION_CONTEXT() REPRESENTATION_CONTEXT('2D SPACE',''
  ) );
#3049 = PCURVE('',#3050,#3055);
#3050 = PLANE('',#3051);
#3051 = AXIS2_PLACEMENT_3D('',#3052,#3053,#3054);
#3052 = CARTESIAN_POINT('',(347.55487135526,376.,359.76933154605));
#3053 = DIRECTION('',(-0.684410595092,0.,-0.72909679558));
#3054 = DIRECTION('',(0.72909679558,0.,-0.684410595092));
#3055 = DEFINITIONAL_REPRESENTATION('',(#3056),#3060);
#3056 = LINE('',#3057,#3058);
#3057 = CARTESIAN_POINT('',(0.,0.));
#3058 = VECTOR('',#3059,1.);
#3059 = DIRECTION('',(1.,0.));
#3060 = ( GEOMETRIC_REPRESENTATION_CONTEXT(2) 
PARAMETRIC_REPRESENTATION_CONTEXT() REPRESENTATION_CONTEXT('2D SPACE',''
  ) );
#3061 = ORIENTED_EDGE('',*,*,#3062,.T.);
#3062 = EDGE_CURVE('',#3035,#3063,#3065,.T.);
#3063 = VERTEX_POINT('',#3064);
#3064 = CARTESIAN_POINT('',(348.89370178113,376.,358.56641027071));
#3065 = SURFACE_CURVE('',#3066,(#3070,#3077),.PCURVE_S1.);
#3066 = LINE('',#3067,#3068);
#3067 = CARTESIAN_POINT('',(348.21116265039,376.,359.15326421647));
#3068 = VECTOR('',#3069,1.);
#3069 = DIRECTION('',(0.75825642785,0.,-0.651956432306));
#3070 = PCURVE('',#126,#3071);
#3071 = DEFINITIONAL_REPRESENTATION('',(#3072),#3076);
#3072 = LINE('',#3073,#3074);
#3073 = CARTESIAN_POINT('',(15.346735783521,-13.7888373496));
#3074 = VECTOR('',#3075,1.);
#3075 = DIRECTION('',(0.651956432306,0.75825642785));
#3076 = ( GEOMETRIC_REPRESENTATION_CONTEXT(2) 
PARAMETRIC_REPRESENTATION_CONTEXT() REPRESENTATION_CONTEXT('2D SPACE',''
  ) );
#3077 = PCURVE('',#3078,#3083);
#3078 = PLANE('',#3079);
#3079 = AXIS2_PLACEMENT_3D('',#3080,#3081,#3082);
#3080 = CARTESIAN_POINT('',(348.21116265039,376.,359.15326421647));
#3081 = DIRECTION('',(-0.651956432306,0.,-0.75825642785));
#3082 = DIRECTION('',(0.75825642785,0.,-0.651956432306));
#3083 = DEFINITIONAL_REPRESENTATION('',(#3084),#3088);
#3084 = LINE('',#3085,#3086);
#3085 = CARTESIAN_POINT('',(0.,0.));
#3086 = VECTOR('',#3087,1.);
#3087 = DIRECTION('',(1.,0.));
#3088 = ( GEOMETRIC_REPRESENTATION_CONTEXT(2) 
PARAMETRIC_REPRESENTATION_CONTEXT() REPRESENTATION_CONTEXT('2D SPACE',''
  ) );
#3089 = ORIENTED_EDGE('',*,*,#3090,.T.);
#3090 = EDGE_CURVE('',#3063,#3091,#3093,.T.);
#3091 = VERTEX_POINT('',#3092);
#3092 = CARTESIAN_POINT('',(349.60118949544,376.,358.00988681861));
#3093 = SURFACE_CURVE('',#3094,(#3098,#3105),.PCURVE_S1.);
#3094 = LINE('',#3095,#3096);
#3095 = CARTESIAN_POINT('',(348.89370178113,376.,358.56641027071));
#3096 = VECTOR('',#3097,1.);
#3097 = DIRECTION('',(0.785972675912,0.,-0.618261233395));
#3098 = PCURVE('',#126,#3099);
#3099 = DEFINITIONAL_REPRESENTATION('',(#3100),#3104);
#3100 = LINE('',#3101,#3102);
#3101 = CARTESIAN_POINT('',(15.933589729283,-13.10629821886));
#3102 = VECTOR('',#3103,1.);
#3103 = DIRECTION('',(0.618261233395,0.785972675912));
#3104 = ( GEOMETRIC_REPRESENTATION_CONTEXT(2) 
PARAMETRIC_REPRESENTATION_CONTEXT() REPRESENTATION_CONTEXT('2D SPACE',''
  ) );
#3105 = PCURVE('',#3106,#3111);
#3106 = PLANE('',#3107);
#3107 = AXIS2_PLACEMENT_3D('',#3108,#3109,#3110);
#3108 = CARTESIAN_POINT('',(348.89370178113,376.,358.56641027071));
#3109 = DIRECTION('',(-0.618261233395,0.,-0.785972675912));
#3110 = DIRECTION('',(0.785972675912,0.,-0.618261233395));
#3111 = DEFINITIONAL_REPRESENTATION('',(#3112),#3116);
#3112 = LINE('',#3113,#3114);
#3113 = CARTESIAN_POINT('',(0.,0.));
#3114 = VECTOR('',#3115,1.);
#3115 = DIRECTION('',(1.,0.));
#3116 = ( GEOMETRIC_REPRESENTATION_CONTEXT(2) 
PARAMETRIC_REPRESENTATION_CONTEXT() REPRESENTATION_CONTEXT('2D SPACE',''
  ) );
#3117 = ORIENTED_EDGE('',*,*,#3118,.T.);
#3118 = EDGE_CURVE('',#3091,#3119,#3121,.T.);
#3119 = VERTEX_POINT('',#3120);
#3120 = CARTESIAN_POINT('',(352.04457227647,376.,362.15264421113));
#3121 = SURFACE_CURVE('',#3122,(#3126,#3133),.PCURVE_S1.);
#3122 = LINE('',#3123,#3124);
#3123 = CARTESIAN_POINT('',(349.60118949544,376.,358.00988681861));
#3124 = VECTOR('',#3125,1.);
#3125 = DIRECTION('',(0.508018674468,0.,0.861346054958));
#3126 = PCURVE('',#126,#3127);
#3127 = DEFINITIONAL_REPRESENTATION('',(#3128),#3132);
#3128 = LINE('',#3129,#3130);
#3129 = CARTESIAN_POINT('',(16.490113181389,-12.39881050455));
#3130 = VECTOR('',#3131,1.);
#3131 = DIRECTION('',(-0.861346054958,0.508018674468));
#3132 = ( GEOMETRIC_REPRESENTATION_CONTEXT(2) 
PARAMETRIC_REPRESENTATION_CONTEXT() REPRESENTATION_CONTEXT('2D SPACE',''
  ) );
#3133 = PCURVE('',#3134,#3139);
#3134 = PLANE('',#3135);
#3135 = AXIS2_PLACEMENT_3D('',#3136,#3137,#3138);
#3136 = CARTESIAN_POINT('',(349.60118949544,376.,358.00988681861));
#3137 = DIRECTION('',(0.861346054958,0.,-0.508018674468));
#3138 = DIRECTION('',(0.508018674468,0.,0.861346054958));
#3139 = DEFINITIONAL_REPRESENTATION('',(#3140),#3144);
#3140 = LINE('',#3141,#3142);
#3141 = CARTESIAN_POINT('',(0.,0.));
#3142 = VECTOR('',#3143,1.);
#3143 = DIRECTION('',(1.,0.));
#3144 = ( GEOMETRIC_REPRESENTATION_CONTEXT(2) 
PARAMETRIC_REPRESENTATION_CONTEXT() REPRESENTATION_CONTEXT('2D SPACE',''
  ) );
#3145 = ORIENTED_EDGE('',*,*,#3146,.T.);
#3146 = EDGE_CURVE('',#3119,#3147,#3149,.T.);
#3147 = VERTEX_POINT('',#3148);
#3148 = CARTESIAN_POINT('',(353.03015425793,376.,361.41911304617));
#3149 = SURFACE_CURVE('',#3150,(#3154,#3161),.PCURVE_S1.);
#3150 = LINE('',#3151,#3152);
#3151 = CARTESIAN_POINT('',(352.04457227647,376.,362.15264421113));
#3152 = VECTOR('',#3153,1.);
#3153 = DIRECTION('',(0.802204058459,0.,-0.597049954854));
#3154 = PCURVE('',#126,#3155);
#3155 = DEFINITIONAL_REPRESENTATION('',(#3156),#3160);
#3156 = LINE('',#3157,#3158);
#3157 = CARTESIAN_POINT('',(12.347355788862,-9.955427723529));
#3158 = VECTOR('',#3159,1.);
#3159 = DIRECTION('',(0.597049954854,0.802204058459));
#3160 = ( GEOMETRIC_REPRESENTATION_CONTEXT(2) 
PARAMETRIC_REPRESENTATION_CONTEXT() REPRESENTATION_CONTEXT('2D SPACE',''
  ) );
#3161 = PCURVE('',#3162,#3167);
#3162 = PLANE('',#3163);
#3163 = AXIS2_PLACEMENT_3D('',#3164,#3165,#3166);
#3164 = CARTESIAN_POINT('',(352.04457227647,376.,362.15264421113));
#3165 = DIRECTION('',(-0.597049954854,0.,-0.802204058459));
#3166 = DIRECTION('',(0.802204058459,0.,-0.597049954854));
#3167 = DEFINITIONAL_REPRESENTATION('',(#3168),#3172);
#3168 = LINE('',#3169,#3170);
#3169 = CARTESIAN_POINT('',(0.,0.));
#3170 = VECTOR('',#3171,1.);
#3171 = DIRECTION('',(1.,0.));
#3172 = ( GEOMETRIC_REPRESENTATION_CONTEXT(2) 
PARAMETRIC_REPRESENTATION_CONTEXT() REPRESENTATION_CONTEXT('2D SPACE',''
  ) );
#3173 = ORIENTED_EDGE('',*,*,#3174,.T.);
#3174 = EDGE_CURVE('',#3147,#3175,#3177,.T.);
#3175 = VERTEX_POINT('',#3176);
#3176 = CARTESIAN_POINT('',(354.06955650459,376.,360.7640689394));
#3177 = SURFACE_CURVE('',#3178,(#3182,#3189),.PCURVE_S1.);
#3178 = LINE('',#3179,#3180);
#3179 = CARTESIAN_POINT('',(353.03015425793,376.,361.41911304617));
#3180 = VECTOR('',#3181,1.);
#3181 = DIRECTION('',(0.846010495645,0.,-0.533166241671));
#3182 = PCURVE('',#126,#3183);
#3183 = DEFINITIONAL_REPRESENTATION('',(#3184),#3188);
#3184 = LINE('',#3185,#3186);
#3185 = CARTESIAN_POINT('',(13.080886953826,-8.969845742061));
#3186 = VECTOR('',#3187,1.);
#3187 = DIRECTION('',(0.533166241671,0.846010495645));
#3188 = ( GEOMETRIC_REPRESENTATION_CONTEXT(2) 
PARAMETRIC_REPRESENTATION_CONTEXT() REPRESENTATION_CONTEXT('2D SPACE',''
  ) );
#3189 = PCURVE('',#3190,#3195);
#3190 = PLANE('',#3191);
#3191 = AXIS2_PLACEMENT_3D('',#3192,#3193,#3194);
#3192 = CARTESIAN_POINT('',(353.03015425793,376.,361.41911304617));
#3193 = DIRECTION('',(-0.533166241671,0.,-0.846010495645));
#3194 = DIRECTION('',(0.846010495645,0.,-0.533166241671));
#3195 = DEFINITIONAL_REPRESENTATION('',(#3196),#3200);
#3196 = LINE('',#3197,#3198);
#3197 = CARTESIAN_POINT('',(0.,0.));
#3198 = VECTOR('',#3199,1.);
#3199 = DIRECTION('',(1.,0.));
#3200 = ( GEOMETRIC_REPRESENTATION_CONTEXT(2) 
PARAMETRIC_REPRESENTATION_CONTEXT() REPRESENTATION_CONTEXT('2D SPACE',''
  ) );
#3201 = ORIENTED_EDGE('',*,*,#3202,.T.);
#3202 = EDGE_CURVE('',#3175,#3203,#3205,.T.);
#3203 = VERTEX_POINT('',#3204);
#3204 = CARTESIAN_POINT('',(355.15654246498,376.,360.19144224243));
#3205 = SURFACE_CURVE('',#3206,(#3210,#3217),.PCURVE_S1.);
#3206 = LINE('',#3207,#3208);
#3207 = CARTESIAN_POINT('',(354.06955650459,376.,360.7640689394));
#3208 = VECTOR('',#3209,1.);
#3209 = DIRECTION('',(0.88474075755,0.,-0.466083460261));
#3210 = PCURVE('',#126,#3211);
#3211 = DEFINITIONAL_REPRESENTATION('',(#3212),#3216);
#3212 = LINE('',#3213,#3214);
#3213 = CARTESIAN_POINT('',(13.735931060593,-7.930443495403));
#3214 = VECTOR('',#3215,1.);
#3215 = DIRECTION('',(0.466083460261,0.88474075755));
#3216 = ( GEOMETRIC_REPRESENTATION_CONTEXT(2) 
PARAMETRIC_REPRESENTATION_CONTEXT() REPRESENTATION_CONTEXT('2D SPACE',''
  ) );
#3217 = PCURVE('',#3218,#3223);
#3218 = PLANE('',#3219);
#3219 = AXIS2_PLACEMENT_3D('',#3220,#3221,#3222);
#3220 = CARTESIAN_POINT('',(354.06955650459,376.,360.7640689394));
#3221 = DIRECTION('',(-0.466083460261,0.,-0.88474075755));
#3222 = DIRECTION('',(0.88474075755,0.,-0.466083460261));
#3223 = DEFINITIONAL_REPRESENTATION('',(#3224),#3228);
#3224 = LINE('',#3225,#3226);
#3225 = CARTESIAN_POINT('',(0.,0.));
#3226 = VECTOR('',#3227,1.);
#3227 = DIRECTION('',(1.,0.));
#3228 = ( GEOMETRIC_REPRESENTATION_CONTEXT(2) 
PARAMETRIC_REPRESENTATION_CONTEXT() REPRESENTATION_CONTEXT('2D SPACE',''
  ) );
#3229 = ORIENTED_EDGE('',*,*,#3230,.T.);
#3230 = EDGE_CURVE('',#3203,#3231,#3233,.T.);
#3231 = VERTEX_POINT('',#3232);
#3232 = CARTESIAN_POINT('',(356.28459007904,376.,359.70466879145));
#3233 = SURFACE_CURVE('',#3234,(#3238,#3245),.PCURVE_S1.);
#3234 = LINE('',#3235,#3236);
#3235 = CARTESIAN_POINT('',(355.15654246498,376.,360.19144224243));
#3236 = VECTOR('',#3237,1.);
#3237 = DIRECTION('',(0.918162457462,0.,-0.396204116217));
#3238 = PCURVE('',#126,#3239);
#3239 = DEFINITIONAL_REPRESENTATION('',(#3240),#3244);
#3240 = LINE('',#3241,#3242);
#3241 = CARTESIAN_POINT('',(14.308557757565,-6.843457535015));
#3242 = VECTOR('',#3243,1.);
#3243 = DIRECTION('',(0.396204116217,0.918162457462));
#3244 = ( GEOMETRIC_REPRESENTATION_CONTEXT(2) 
PARAMETRIC_REPRESENTATION_CONTEXT() REPRESENTATION_CONTEXT('2D SPACE',''
  ) );
#3245 = PCURVE('',#3246,#3251);
#3246 = PLANE('',#3247);
#3247 = AXIS2_PLACEMENT_3D('',#3248,#3249,#3250);
#3248 = CARTESIAN_POINT('',(355.15654246498,376.,360.19144224243));
#3249 = DIRECTION('',(-0.396204116217,0.,-0.918162457462));
#3250 = DIRECTION('',(0.918162457462,0.,-0.396204116217));
#3251 = DEFINITIONAL_REPRESENTATION('',(#3252),#3256);
#3252 = LINE('',#3253,#3254);
#3253 = CARTESIAN_POINT('',(0.,0.));
#3254 = VECTOR('',#3255,1.);
#3255 = DIRECTION('',(1.,0.));
#3256 = ( GEOMETRIC_REPRESENTATION_CONTEXT(2) 
PARAMETRIC_REPRESENTATION_CONTEXT() REPRESENTATION_CONTEXT('2D SPACE',''
  ) );
#3257 = ORIENTED_EDGE('',*,*,#3258,.T.);
#3258 = EDGE_CURVE('',#3231,#3259,#3261,.T.);
#3259 = VERTEX_POINT('',#3260);
#3260 = CARTESIAN_POINT('',(355.97175850045,376.,358.54748865823));
#3261 = SURFACE_CURVE('',#3262,(#3266,#3273),.PCURVE_S1.);
#3262 = LINE('',#3263,#3264);
#3263 = CARTESIAN_POINT('',(356.28459007904,376.,359.70466879145));
#3264 = VECTOR('',#3265,1.);
#3265 = DIRECTION('',(-0.26097136805,0.,-0.965346541434));
#3266 = PCURVE('',#126,#3267);
#3267 = DEFINITIONAL_REPRESENTATION('',(#3268),#3272);
#3268 = LINE('',#3269,#3270);
#3269 = CARTESIAN_POINT('',(14.795331208547,-5.715409920955));
#3270 = VECTOR('',#3271,1.);
#3271 = DIRECTION('',(0.965346541434,-0.26097136805));
#3272 = ( GEOMETRIC_REPRESENTATION_CONTEXT(2) 
PARAMETRIC_REPRESENTATION_CONTEXT() REPRESENTATION_CONTEXT('2D SPACE',''
  ) );
#3273 = PCURVE('',#3274,#3279);
#3274 = PLANE('',#3275);
#3275 = AXIS2_PLACEMENT_3D('',#3276,#3277,#3278);
#3276 = CARTESIAN_POINT('',(356.28459007904,376.,359.70466879145));
#3277 = DIRECTION('',(-0.965346541434,0.,0.26097136805));
#3278 = DIRECTION('',(-0.26097136805,0.,-0.965346541434));
#3279 = DEFINITIONAL_REPRESENTATION('',(#3280),#3284);
#3280 = LINE('',#3281,#3282);
#3281 = CARTESIAN_POINT('',(0.,0.));
#3282 = VECTOR('',#3283,1.);
#3283 = DIRECTION('',(1.,0.));
#3284 = ( GEOMETRIC_REPRESENTATION_CONTEXT(2) 
PARAMETRIC_REPRESENTATION_CONTEXT() REPRESENTATION_CONTEXT('2D SPACE',''
  ) );
#3285 = ORIENTED_EDGE('',*,*,#3286,.T.);
#3286 = EDGE_CURVE('',#3259,#3287,#3289,.T.);
#3287 = VERTEX_POINT('',#3288);
#3288 = CARTESIAN_POINT('',(355.67562878807,376.,357.38497926582));
#3289 = SURFACE_CURVE('',#3290,(#3294,#3301),.PCURVE_S1.);
#3290 = LINE('',#3291,#3292);
#3291 = CARTESIAN_POINT('',(355.97175850045,376.,358.54748865823));
#3292 = VECTOR('',#3293,1.);
#3293 = DIRECTION('',(-0.246850121616,0.,-0.969053671093));
#3294 = PCURVE('',#126,#3295);
#3295 = DEFINITIONAL_REPRESENTATION('',(#3296),#3300);
#3296 = LINE('',#3297,#3298);
#3297 = CARTESIAN_POINT('',(15.952511341761,-6.028241499548));
#3298 = VECTOR('',#3299,1.);
#3299 = DIRECTION('',(0.969053671093,-0.246850121616));
#3300 = ( GEOMETRIC_REPRESENTATION_CONTEXT(2) 
PARAMETRIC_REPRESENTATION_CONTEXT() REPRESENTATION_CONTEXT('2D SPACE',''
  ) );
#3301 = PCURVE('',#3302,#3307);
#3302 = PLANE('',#3303);
#3303 = AXIS2_PLACEMENT_3D('',#3304,#3305,#3306);
#3304 = CARTESIAN_POINT('',(355.97175850045,376.,358.54748865823));
#3305 = DIRECTION('',(-0.969053671093,0.,0.246850121616));
#3306 = DIRECTION('',(-0.246850121616,0.,-0.969053671093));
#3307 = DEFINITIONAL_REPRESENTATION('',(#3308),#3312);
#3308 = LINE('',#3309,#3310);
#3309 = CARTESIAN_POINT('',(0.,0.));
#3310 = VECTOR('',#3311,1.);
#3311 = DIRECTION('',(1.,0.));
#3312 = ( GEOMETRIC_REPRESENTATION_CONTEXT(2) 
PARAMETRIC_REPRESENTATION_CONTEXT() REPRESENTATION_CONTEXT('2D SPACE',''
  ) );
#3313 = ORIENTED_EDGE('',*,*,#3314,.T.);
#3314 = EDGE_CURVE('',#3287,#3315,#3317,.T.);
#3315 = VERTEX_POINT('',#3316);
#3316 = CARTESIAN_POINT('',(355.39626187857,376.,356.21732361568));
#3317 = SURFACE_CURVE('',#3318,(#3322,#3329),.PCURVE_S1.);
#3318 = LINE('',#3319,#3320);
#3319 = CARTESIAN_POINT('',(355.67562878807,376.,357.38497926582));
#3320 = VECTOR('',#3321,1.);
#3321 = DIRECTION('',(-0.232687377023,0.,-0.972551584531));
#3322 = PCURVE('',#126,#3323);
#3323 = DEFINITIONAL_REPRESENTATION('',(#3324),#3328);
#3324 = LINE('',#3325,#3326);
#3325 = CARTESIAN_POINT('',(17.115020734175,-6.324371211923));
#3326 = VECTOR('',#3327,1.);
#3327 = DIRECTION('',(0.972551584531,-0.232687377023));
#3328 = ( GEOMETRIC_REPRESENTATION_CONTEXT(2) 
PARAMETRIC_REPRESENTATION_CONTEXT() REPRESENTATION_CONTEXT('2D SPACE',''
  ) );
#3329 = PCURVE('',#3330,#3335);
#3330 = PLANE('',#3331);
#3331 = AXIS2_PLACEMENT_3D('',#3332,#3333,#3334);
#3332 = CARTESIAN_POINT('',(355.67562878807,376.,357.38497926582));
#3333 = DIRECTION('',(-0.972551584531,0.,0.232687377023));
#3334 = DIRECTION('',(-0.232687377023,0.,-0.972551584531));
#3335 = DEFINITIONAL_REPRESENTATION('',(#3336),#3340);
#3336 = LINE('',#3337,#3338);
#3337 = CARTESIAN_POINT('',(0.,0.));
#3338 = VECTOR('',#3339,1.);
#3339 = DIRECTION('',(1.,0.));
#3340 = ( GEOMETRIC_REPRESENTATION_CONTEXT(2) 
PARAMETRIC_REPRESENTATION_CONTEXT() REPRESENTATION_CONTEXT('2D SPACE',''
  ) );
#3341 = ORIENTED_EDGE('',*,*,#3342,.T.);
#3342 = EDGE_CURVE('',#3315,#3343,#3345,.T.);
#3343 = VERTEX_POINT('',#3344);
#3344 = CARTESIAN_POINT('',(355.98888013609,376.,354.76371938168));
#3345 = SURFACE_CURVE('',#3346,(#3350,#3357),.PCURVE_S1.);
#3346 = LINE('',#3347,#3348);
#3347 = CARTESIAN_POINT('',(355.39626187857,376.,356.21732361568));
#3348 = VECTOR('',#3349,1.);
#3349 = DIRECTION('',(0.377520403422,0.,-0.926001266198));
#3350 = PCURVE('',#126,#3351);
#3351 = DEFINITIONAL_REPRESENTATION('',(#3352),#3356);
#3352 = LINE('',#3353,#3354);
#3353 = CARTESIAN_POINT('',(18.282676384312,-6.603738121421));
#3354 = VECTOR('',#3355,1.);
#3355 = DIRECTION('',(0.926001266198,0.377520403422));
#3356 = ( GEOMETRIC_REPRESENTATION_CONTEXT(2) 
PARAMETRIC_REPRESENTATION_CONTEXT() REPRESENTATION_CONTEXT('2D SPACE',''
  ) );
#3357 = PCURVE('',#3358,#3363);
#3358 = PLANE('',#3359);
#3359 = AXIS2_PLACEMENT_3D('',#3360,#3361,#3362);
#3360 = CARTESIAN_POINT('',(355.39626187857,376.,356.21732361568));
#3361 = DIRECTION('',(-0.926001266198,0.,-0.377520403422));
#3362 = DIRECTION('',(0.377520403422,0.,-0.926001266198));
#3363 = DEFINITIONAL_REPRESENTATION('',(#3364),#3368);
#3364 = LINE('',#3365,#3366);
#3365 = CARTESIAN_POINT('',(0.,0.));
#3366 = VECTOR('',#3367,1.);
#3367 = DIRECTION('',(1.,0.));
#3368 = ( GEOMETRIC_REPRESENTATION_CONTEXT(2) 
PARAMETRIC_REPRESENTATION_CONTEXT() REPRESENTATION_CONTEXT('2D SPACE',''
  ) );
#3369 = ORIENTED_EDGE('',*,*,#3370,.T.);
#3370 = EDGE_CURVE('',#3343,#3371,#3373,.T.);
#3371 = VERTEX_POINT('',#3372);
#3372 = CARTESIAN_POINT('',(356.85548585969,376.,354.52030258179));
#3373 = SURFACE_CURVE('',#3374,(#3378,#3385),.PCURVE_S1.);
#3374 = LINE('',#3375,#3376);
#3375 = CARTESIAN_POINT('',(355.98888013609,376.,354.76371938168));
#3376 = VECTOR('',#3377,1.);
#3377 = DIRECTION('',(0.962742399282,0.,-0.270420177916));
#3378 = PCURVE('',#126,#3379);
#3379 = DEFINITIONAL_REPRESENTATION('',(#3380),#3384);
#3380 = LINE('',#3381,#3382);
#3381 = CARTESIAN_POINT('',(19.736280618313,-6.011119863901));
#3382 = VECTOR('',#3383,1.);
#3383 = DIRECTION('',(0.270420177916,0.962742399282));
#3384 = ( GEOMETRIC_REPRESENTATION_CONTEXT(2) 
PARAMETRIC_REPRESENTATION_CONTEXT() REPRESENTATION_CONTEXT('2D SPACE',''
  ) );
#3385 = PCURVE('',#3386,#3391);
#3386 = PLANE('',#3387);
#3387 = AXIS2_PLACEMENT_3D('',#3388,#3389,#3390);
#3388 = CARTESIAN_POINT('',(355.98888013609,376.,354.76371938168));
#3389 = DIRECTION('',(-0.270420177916,0.,-0.962742399282));
#3390 = DIRECTION('',(0.962742399282,0.,-0.270420177916));
#3391 = DEFINITIONAL_REPRESENTATION('',(#3392),#3396);
#3392 = LINE('',#3393,#3394);
#3393 = CARTESIAN_POINT('',(0.,0.));
#3394 = VECTOR('',#3395,1.);
#3395 = DIRECTION('',(1.,0.));
#3396 = ( GEOMETRIC_REPRESENTATION_CONTEXT(2) 
PARAMETRIC_REPRESENTATION_CONTEXT() REPRESENTATION_CONTEXT('2D SPACE',''
  ) );
#3397 = ORIENTED_EDGE('',*,*,#3398,.T.);
#3398 = EDGE_CURVE('',#3371,#3399,#3401,.T.);
#3399 = VERTEX_POINT('',#3400);
#3400 = CARTESIAN_POINT('',(357.73188445835,376.,354.3149182715));
#3401 = SURFACE_CURVE('',#3402,(#3406,#3413),.PCURVE_S1.);
#3402 = LINE('',#3403,#3404);
#3403 = CARTESIAN_POINT('',(356.85548585969,376.,354.52030258179));
#3404 = VECTOR('',#3405,1.);
#3405 = DIRECTION('',(0.973621644336,0.,-0.228168564179));
#3406 = PCURVE('',#126,#3407);
#3407 = DEFINITIONAL_REPRESENTATION('',(#3408),#3412);
#3408 = LINE('',#3409,#3410);
#3409 = CARTESIAN_POINT('',(19.979697418209,-5.144514140304));
#3410 = VECTOR('',#3411,1.);
#3411 = DIRECTION('',(0.228168564179,0.973621644336));
#3412 = ( GEOMETRIC_REPRESENTATION_CONTEXT(2) 
PARAMETRIC_REPRESENTATION_CONTEXT() REPRESENTATION_CONTEXT('2D SPACE',''
  ) );
#3413 = PCURVE('',#3414,#3419);
#3414 = PLANE('',#3415);
#3415 = AXIS2_PLACEMENT_3D('',#3416,#3417,#3418);
#3416 = CARTESIAN_POINT('',(356.85548585969,376.,354.52030258179));
#3417 = DIRECTION('',(-0.228168564179,0.,-0.973621644336));
#3418 = DIRECTION('',(0.973621644336,0.,-0.228168564179));
#3419 = DEFINITIONAL_REPRESENTATION('',(#3420),#3424);
#3420 = LINE('',#3421,#3422);
#3421 = CARTESIAN_POINT('',(0.,0.));
#3422 = VECTOR('',#3423,1.);
#3423 = DIRECTION('',(1.,0.));
#3424 = ( GEOMETRIC_REPRESENTATION_CONTEXT(2) 
PARAMETRIC_REPRESENTATION_CONTEXT() REPRESENTATION_CONTEXT('2D SPACE',''
  ) );
#3425 = ORIENTED_EDGE('',*,*,#3426,.T.);
#3426 = EDGE_CURVE('',#3399,#3427,#3429,.T.);
#3427 = VERTEX_POINT('',#3428);
#3428 = CARTESIAN_POINT('',(358.61640765752,376.,354.14795741152));
#3429 = SURFACE_CURVE('',#3430,(#3434,#3441),.PCURVE_S1.);
#3430 = LINE('',#3431,#3432);
#3431 = CARTESIAN_POINT('',(357.73188445835,376.,354.3149182715));
#3432 = VECTOR('',#3433,1.);
#3433 = DIRECTION('',(0.982647545253,0.,-0.185482618612));
#3434 = PCURVE('',#126,#3435);
#3435 = DEFINITIONAL_REPRESENTATION('',(#3436),#3440);
#3436 = LINE('',#3437,#3438);
#3437 = CARTESIAN_POINT('',(20.185081728498,-4.268115541647));
#3438 = VECTOR('',#3439,1.);
#3439 = DIRECTION('',(0.185482618612,0.982647545253));
#3440 = ( GEOMETRIC_REPRESENTATION_CONTEXT(2) 
PARAMETRIC_REPRESENTATION_CONTEXT() REPRESENTATION_CONTEXT('2D SPACE',''
  ) );
#3441 = PCURVE('',#3442,#3447);
#3442 = PLANE('',#3443);
#3443 = AXIS2_PLACEMENT_3D('',#3444,#3445,#3446);
#3444 = CARTESIAN_POINT('',(357.73188445835,376.,354.3149182715));
#3445 = DIRECTION('',(-0.185482618612,0.,-0.982647545253));
#3446 = DIRECTION('',(0.982647545253,0.,-0.185482618612));
#3447 = DEFINITIONAL_REPRESENTATION('',(#3448),#3452);
#3448 = LINE('',#3449,#3450);
#3449 = CARTESIAN_POINT('',(0.,0.));
#3450 = VECTOR('',#3451,1.);
#3451 = DIRECTION('',(1.,0.));
#3452 = ( GEOMETRIC_REPRESENTATION_CONTEXT(2) 
PARAMETRIC_REPRESENTATION_CONTEXT() REPRESENTATION_CONTEXT('2D SPACE',''
  ) );
#3453 = ORIENTED_EDGE('',*,*,#3454,.T.);
#3454 = EDGE_CURVE('',#3427,#3455,#3457,.T.);
#3455 = VERTEX_POINT('',#3456);
#3456 = CARTESIAN_POINT('',(359.50737171703,376.,354.01973782135));
#3457 = SURFACE_CURVE('',#3458,(#3462,#3469),.PCURVE_S1.);
#3458 = LINE('',#3459,#3460);
#3459 = CARTESIAN_POINT('',(358.61640765752,376.,354.14795741152));
#3460 = VECTOR('',#3461,1.);
#3461 = DIRECTION('',(0.989802920718,0.,-0.142443596339));
#3462 = PCURVE('',#126,#3463);
#3463 = DEFINITIONAL_REPRESENTATION('',(#3464),#3468);
#3464 = LINE('',#3465,#3466);
#3465 = CARTESIAN_POINT('',(20.352042588471,-3.383592342472));
#3466 = VECTOR('',#3467,1.);
#3467 = DIRECTION('',(0.142443596339,0.989802920718));
#3468 = ( GEOMETRIC_REPRESENTATION_CONTEXT(2) 
PARAMETRIC_REPRESENTATION_CONTEXT() REPRESENTATION_CONTEXT('2D SPACE',''
  ) );
#3469 = PCURVE('',#3470,#3475);
#3470 = PLANE('',#3471);
#3471 = AXIS2_PLACEMENT_3D('',#3472,#3473,#3474);
#3472 = CARTESIAN_POINT('',(358.61640765752,376.,354.14795741152));
#3473 = DIRECTION('',(-0.142443596339,0.,-0.989802920718));
#3474 = DIRECTION('',(0.989802920718,0.,-0.142443596339));
#3475 = DEFINITIONAL_REPRESENTATION('',(#3476),#3480);
#3476 = LINE('',#3477,#3478);
#3477 = CARTESIAN_POINT('',(0.,0.));
#3478 = VECTOR('',#3479,1.);
#3479 = DIRECTION('',(1.,0.));
#3480 = ( GEOMETRIC_REPRESENTATION_CONTEXT(2) 
PARAMETRIC_REPRESENTATION_CONTEXT() REPRESENTATION_CONTEXT('2D SPACE',''
  ) );
#3481 = ORIENTED_EDGE('',*,*,#3482,.T.);
#3482 = EDGE_CURVE('',#3455,#3483,#3485,.T.);
#3483 = VERTEX_POINT('',#3484);
#3484 = CARTESIAN_POINT('',(359.55202458031,376.,358.82916235551));
#3485 = SURFACE_CURVE('',#3486,(#3490,#3497),.PCURVE_S1.);
#3486 = LINE('',#3487,#3488);
#3487 = CARTESIAN_POINT('',(359.50737171703,376.,354.01973782135));
#3488 = VECTOR('',#3489,1.);
#3489 = DIRECTION('',(9.28405020674E-03,0.,0.999956902277));
#3490 = PCURVE('',#126,#3491);
#3491 = DEFINITIONAL_REPRESENTATION('',(#3492),#3496);
#3492 = LINE('',#3493,#3494);
#3493 = CARTESIAN_POINT('',(20.480262178643,-2.492628282962));
#3494 = VECTOR('',#3495,1.);
#3495 = DIRECTION('',(-0.999956902277,9.28405020674E-03));
#3496 = ( GEOMETRIC_REPRESENTATION_CONTEXT(2) 
PARAMETRIC_REPRESENTATION_CONTEXT() REPRESENTATION_CONTEXT('2D SPACE',''
  ) );
#3497 = PCURVE('',#3498,#3503);
#3498 = PLANE('',#3499);
#3499 = AXIS2_PLACEMENT_3D('',#3500,#3501,#3502);
#3500 = CARTESIAN_POINT('',(359.50737171703,376.,354.01973782135));
#3501 = DIRECTION('',(0.999956902277,0.,-9.28405020674E-03));
#3502 = DIRECTION('',(9.28405020674E-03,0.,0.999956902277));
#3503 = DEFINITIONAL_REPRESENTATION('',(#3504),#3508);
#3504 = LINE('',#3505,#3506);
#3505 = CARTESIAN_POINT('',(0.,0.));
#3506 = VECTOR('',#3507,1.);
#3507 = DIRECTION('',(1.,0.));
#3508 = ( GEOMETRIC_REPRESENTATION_CONTEXT(2) 
PARAMETRIC_REPRESENTATION_CONTEXT() REPRESENTATION_CONTEXT('2D SPACE',''
  ) );
#3509 = ORIENTED_EDGE('',*,*,#3510,.T.);
#3510 = EDGE_CURVE('',#3483,#3511,#3513,.T.);
#3511 = VERTEX_POINT('',#3512);
#3512 = CARTESIAN_POINT('',(360.77232919626,376.,358.68669672292));
#3513 = SURFACE_CURVE('',#3514,(#3518,#3525),.PCURVE_S1.);
#3514 = LINE('',#3515,#3516);
#3515 = CARTESIAN_POINT('',(359.55202458031,376.,358.82916235551));
#3516 = VECTOR('',#3517,1.);
#3517 = DIRECTION('',(0.993254071072,0.,-0.115958399003));
#3518 = PCURVE('',#126,#3519);
#3519 = DEFINITIONAL_REPRESENTATION('',(#3520),#3524);
#3520 = LINE('',#3521,#3522);
#3521 = CARTESIAN_POINT('',(15.670837644484,-2.447975419685));
#3522 = VECTOR('',#3523,1.);
#3523 = DIRECTION('',(0.115958399003,0.993254071072));
#3524 = ( GEOMETRIC_REPRESENTATION_CONTEXT(2) 
PARAMETRIC_REPRESENTATION_CONTEXT() REPRESENTATION_CONTEXT('2D SPACE',''
  ) );
#3525 = PCURVE('',#3526,#3531);
#3526 = PLANE('',#3527);
#3527 = AXIS2_PLACEMENT_3D('',#3528,#3529,#3530);
#3528 = CARTESIAN_POINT('',(359.55202458031,376.,358.82916235551));
#3529 = DIRECTION('',(-0.115958399003,0.,-0.993254071072));
#3530 = DIRECTION('',(0.993254071072,0.,-0.115958399003));
#3531 = DEFINITIONAL_REPRESENTATION('',(#3532),#3536);
#3532 = LINE('',#3533,#3534);
#3533 = CARTESIAN_POINT('',(0.,0.));
#3534 = VECTOR('',#3535,1.);
#3535 = DIRECTION('',(1.,0.));
#3536 = ( GEOMETRIC_REPRESENTATION_CONTEXT(2) 
PARAMETRIC_REPRESENTATION_CONTEXT() REPRESENTATION_CONTEXT('2D SPACE',''
  ) );
#3537 = ORIENTED_EDGE('',*,*,#3538,.T.);
#3538 = EDGE_CURVE('',#3511,#3539,#3541,.T.);
#3539 = VERTEX_POINT('',#3540);
#3540 = CARTESIAN_POINT('',(362.,376.,358.63911300919));
#3541 = SURFACE_CURVE('',#3542,(#3546,#3553),.PCURVE_S1.);
#3542 = LINE('',#3543,#3544);
#3543 = CARTESIAN_POINT('',(360.77232919626,376.,358.68669672292));
#3544 = VECTOR('',#3545,1.);
#3545 = DIRECTION('',(0.999249701933,0.,-3.873026190514E-02));
#3546 = PCURVE('',#126,#3547);
#3547 = DEFINITIONAL_REPRESENTATION('',(#3548),#3552);
#3548 = LINE('',#3549,#3550);
#3549 = CARTESIAN_POINT('',(15.813303277076,-1.22767080374));
#3550 = VECTOR('',#3551,1.);
#3551 = DIRECTION('',(3.873026190514E-02,0.999249701933));
#3552 = ( GEOMETRIC_REPRESENTATION_CONTEXT(2) 
PARAMETRIC_REPRESENTATION_CONTEXT() REPRESENTATION_CONTEXT('2D SPACE',''
  ) );
#3553 = PCURVE('',#3554,#3559);
#3554 = PLANE('',#3555);
#3555 = AXIS2_PLACEMENT_3D('',#3556,#3557,#3558);
#3556 = CARTESIAN_POINT('',(360.77232919626,376.,358.68669672292));
#3557 = DIRECTION('',(-3.873026190514E-02,0.,-0.999249701933));
#3558 = DIRECTION('',(0.999249701933,0.,-3.873026190514E-02));
#3559 = DEFINITIONAL_REPRESENTATION('',(#3560),#3564);
#3560 = LINE('',#3561,#3562);
#3561 = CARTESIAN_POINT('',(0.,0.));
#3562 = VECTOR('',#3563,1.);
#3563 = DIRECTION('',(1.,0.));
#3564 = ( GEOMETRIC_REPRESENTATION_CONTEXT(2) 
PARAMETRIC_REPRESENTATION_CONTEXT() REPRESENTATION_CONTEXT('2D SPACE',''
  ) );
#3565 = ORIENTED_EDGE('',*,*,#3566,.T.);
#3566 = EDGE_CURVE('',#3539,#3567,#3569,.T.);
#3567 = VERTEX_POINT('',#3568);
#3568 = CARTESIAN_POINT('',(363.22767080374,376.,358.68669672292));
#3569 = SURFACE_CURVE('',#3570,(#3574,#3581),.PCURVE_S1.);
#3570 = LINE('',#3571,#3572);
#3571 = CARTESIAN_POINT('',(362.,376.,358.63911300919));
#3572 = VECTOR('',#3573,1.);
#3573 = DIRECTION('',(0.999249701933,0.,3.873026190514E-02));
#3574 = PCURVE('',#126,#3575);
#3575 = DEFINITIONAL_REPRESENTATION('',(#3576),#3580);
#3576 = LINE('',#3577,#3578);
#3577 = CARTESIAN_POINT('',(15.860886990807,0.));
#3578 = VECTOR('',#3579,1.);
#3579 = DIRECTION('',(-3.873026190514E-02,0.999249701933));
#3580 = ( GEOMETRIC_REPRESENTATION_CONTEXT(2) 
PARAMETRIC_REPRESENTATION_CONTEXT() REPRESENTATION_CONTEXT('2D SPACE',''
  ) );
#3581 = PCURVE('',#3582,#3587);
#3582 = PLANE('',#3583);
#3583 = AXIS2_PLACEMENT_3D('',#3584,#3585,#3586);
#3584 = CARTESIAN_POINT('',(362.,376.,358.63911300919));
#3585 = DIRECTION('',(3.873026190514E-02,0.,-0.999249701933));
#3586 = DIRECTION('',(0.999249701933,0.,3.873026190514E-02));
#3587 = DEFINITIONAL_REPRESENTATION('',(#3588),#3592);
#3588 = LINE('',#3589,#3590);
#3589 = CARTESIAN_POINT('',(0.,0.));
#3590 = VECTOR('',#3591,1.);
#3591 = DIRECTION('',(1.,0.));
#3592 = ( GEOMETRIC_REPRESENTATION_CONTEXT(2) 
PARAMETRIC_REPRESENTATION_CONTEXT() REPRESENTATION_CONTEXT('2D SPACE',''
  ) );
#3593 = ORIENTED_EDGE('',*,*,#3594,.T.);
#3594 = EDGE_CURVE('',#3567,#3595,#3597,.T.);
#3595 = VERTEX_POINT('',#3596);
#3596 = CARTESIAN_POINT('',(364.44797541968,376.,358.82916235551));
#3597 = SURFACE_CURVE('',#3598,(#3602,#3609),.PCURVE_S1.);
#3598 = LINE('',#3599,#3600);
#3599 = CARTESIAN_POINT('',(363.22767080374,376.,358.68669672292));
#3600 = VECTOR('',#3601,1.);
#3601 = DIRECTION('',(0.993254071072,0.,0.115958399003));
#3602 = PCURVE('',#126,#3603);
#3603 = DEFINITIONAL_REPRESENTATION('',(#3604),#3608);
#3604 = LINE('',#3605,#3606);
#3605 = CARTESIAN_POINT('',(15.813303277076,1.22767080374));
#3606 = VECTOR('',#3607,1.);
#3607 = DIRECTION('',(-0.115958399003,0.993254071072));
#3608 = ( GEOMETRIC_REPRESENTATION_CONTEXT(2) 
PARAMETRIC_REPRESENTATION_CONTEXT() REPRESENTATION_CONTEXT('2D SPACE',''
  ) );
#3609 = PCURVE('',#3610,#3615);
#3610 = PLANE('',#3611);
#3611 = AXIS2_PLACEMENT_3D('',#3612,#3613,#3614);
#3612 = CARTESIAN_POINT('',(363.22767080374,376.,358.68669672292));
#3613 = DIRECTION('',(0.115958399003,0.,-0.993254071072));
#3614 = DIRECTION('',(0.993254071072,0.,0.115958399003));
#3615 = DEFINITIONAL_REPRESENTATION('',(#3616),#3620);
#3616 = LINE('',#3617,#3618);
#3617 = CARTESIAN_POINT('',(0.,0.));
#3618 = VECTOR('',#3619,1.);
#3619 = DIRECTION('',(1.,0.));
#3620 = ( GEOMETRIC_REPRESENTATION_CONTEXT(2) 
PARAMETRIC_REPRESENTATION_CONTEXT() REPRESENTATION_CONTEXT('2D SPACE',''
  ) );
#3621 = ORIENTED_EDGE('',*,*,#3622,.T.);
#3622 = EDGE_CURVE('',#3595,#3623,#3625,.T.);
#3623 = VERTEX_POINT('',#3624);
#3624 = CARTESIAN_POINT('',(364.75564539212,376.,357.6705991741));
#3625 = SURFACE_CURVE('',#3626,(#3630,#3637),.PCURVE_S1.);
#3626 = LINE('',#3627,#3628);
#3627 = CARTESIAN_POINT('',(364.44797541968,376.,358.82916235551));
#3628 = VECTOR('',#3629,1.);
#3629 = DIRECTION('',(0.256665436325,0.,-0.966500312362));
#3630 = PCURVE('',#126,#3631);
#3631 = DEFINITIONAL_REPRESENTATION('',(#3632),#3636);
#3632 = LINE('',#3633,#3634);
#3633 = CARTESIAN_POINT('',(15.670837644484,2.447975419685));
#3634 = VECTOR('',#3635,1.);
#3635 = DIRECTION('',(0.966500312362,0.256665436325));
#3636 = ( GEOMETRIC_REPRESENTATION_CONTEXT(2) 
PARAMETRIC_REPRESENTATION_CONTEXT() REPRESENTATION_CONTEXT('2D SPACE',''
  ) );
#3637 = PCURVE('',#3638,#3643);
#3638 = PLANE('',#3639);
#3639 = AXIS2_PLACEMENT_3D('',#3640,#3641,#3642);
#3640 = CARTESIAN_POINT('',(364.44797541968,376.,358.82916235551));
#3641 = DIRECTION('',(-0.966500312362,0.,-0.256665436325));
#3642 = DIRECTION('',(0.256665436325,0.,-0.966500312362));
#3643 = DEFINITIONAL_REPRESENTATION('',(#3644),#3648);
#3644 = LINE('',#3645,#3646);
#3645 = CARTESIAN_POINT('',(0.,0.));
#3646 = VECTOR('',#3647,1.);
#3647 = DIRECTION('',(1.,0.));
#3648 = ( GEOMETRIC_REPRESENTATION_CONTEXT(2) 
PARAMETRIC_REPRESENTATION_CONTEXT() REPRESENTATION_CONTEXT('2D SPACE',''
  ) );
#3649 = ORIENTED_EDGE('',*,*,#3650,.T.);
#3650 = EDGE_CURVE('',#3623,#3651,#3653,.T.);
#3651 = VERTEX_POINT('',#3652);
#3652 = CARTESIAN_POINT('',(365.08044423459,376.,356.51577165194));
#3653 = SURFACE_CURVE('',#3654,(#3658,#3665),.PCURVE_S1.);
#3654 = LINE('',#3655,#3656);
#3655 = CARTESIAN_POINT('',(364.75564539212,376.,357.6705991741));
#3656 = VECTOR('',#3657,1.);
#3657 = DIRECTION('',(0.270748359299,0.,-0.962650157605));
#3658 = PCURVE('',#126,#3659);
#3659 = DEFINITIONAL_REPRESENTATION('',(#3660),#3664);
#3660 = LINE('',#3661,#3662);
#3661 = CARTESIAN_POINT('',(16.829400825898,2.755645392125));
#3662 = VECTOR('',#3663,1.);
#3663 = DIRECTION('',(0.962650157605,0.270748359299));
#3664 = ( GEOMETRIC_REPRESENTATION_CONTEXT(2) 
PARAMETRIC_REPRESENTATION_CONTEXT() REPRESENTATION_CONTEXT('2D SPACE',''
  ) );
#3665 = PCURVE('',#3666,#3671);
#3666 = PLANE('',#3667);
#3667 = AXIS2_PLACEMENT_3D('',#3668,#3669,#3670);
#3668 = CARTESIAN_POINT('',(364.75564539212,376.,357.6705991741));
#3669 = DIRECTION('',(-0.962650157605,0.,-0.270748359299));
#3670 = DIRECTION('',(0.270748359299,0.,-0.962650157605));
#3671 = DEFINITIONAL_REPRESENTATION('',(#3672),#3676);
#3672 = LINE('',#3673,#3674);
#3673 = CARTESIAN_POINT('',(0.,0.));
#3674 = VECTOR('',#3675,1.);
#3675 = DIRECTION('',(1.,0.));
#3676 = ( GEOMETRIC_REPRESENTATION_CONTEXT(2) 
PARAMETRIC_REPRESENTATION_CONTEXT() REPRESENTATION_CONTEXT('2D SPACE',''
  ) );
#3677 = ORIENTED_EDGE('',*,*,#3678,.T.);
#3678 = EDGE_CURVE('',#3651,#3679,#3681,.T.);
#3679 = VERTEX_POINT('',#3680);
#3680 = CARTESIAN_POINT('',(365.42233321906,376.,355.3648687413));
#3681 = SURFACE_CURVE('',#3682,(#3686,#3693),.PCURVE_S1.);
#3682 = LINE('',#3683,#3684);
#3683 = CARTESIAN_POINT('',(365.08044423459,376.,356.51577165194));
#3684 = VECTOR('',#3685,1.);
#3685 = DIRECTION('',(0.284762612623,0.,-0.958598067206));
#3686 = PCURVE('',#126,#3687);
#3687 = DEFINITIONAL_REPRESENTATION('',(#3688),#3692);
#3688 = LINE('',#3689,#3690);
#3689 = CARTESIAN_POINT('',(17.984228348054,3.080444234599));
#3690 = VECTOR('',#3691,1.);
#3691 = DIRECTION('',(0.958598067206,0.284762612623));
#3692 = ( GEOMETRIC_REPRESENTATION_CONTEXT(2) 
PARAMETRIC_REPRESENTATION_CONTEXT() REPRESENTATION_CONTEXT('2D SPACE',''
  ) );
#3693 = PCURVE('',#3694,#3699);
#3694 = PLANE('',#3695);
#3695 = AXIS2_PLACEMENT_3D('',#3696,#3697,#3698);
#3696 = CARTESIAN_POINT('',(365.08044423459,376.,356.51577165194));
#3697 = DIRECTION('',(-0.958598067206,0.,-0.284762612623));
#3698 = DIRECTION('',(0.284762612623,0.,-0.958598067206));
#3699 = DEFINITIONAL_REPRESENTATION('',(#3700),#3704);
#3700 = LINE('',#3701,#3702);
#3701 = CARTESIAN_POINT('',(0.,0.));
#3702 = VECTOR('',#3703,1.);
#3703 = DIRECTION('',(1.,0.));
#3704 = ( GEOMETRIC_REPRESENTATION_CONTEXT(2) 
PARAMETRIC_REPRESENTATION_CONTEXT() REPRESENTATION_CONTEXT('2D SPACE',''
  ) );
#3705 = ORIENTED_EDGE('',*,*,#3706,.T.);
#3706 = EDGE_CURVE('',#3679,#3707,#3709,.T.);
#3707 = VERTEX_POINT('',#3708);
#3708 = CARTESIAN_POINT('',(366.66235780182,376.,354.40231967637));
#3709 = SURFACE_CURVE('',#3710,(#3714,#3721),.PCURVE_S1.);
#3710 = LINE('',#3711,#3712);
#3711 = CARTESIAN_POINT('',(365.42233321906,376.,355.3648687413));
#3712 = VECTOR('',#3713,1.);
#3713 = DIRECTION('',(0.789942892909,0.,-0.613180418753));
#3714 = PCURVE('',#126,#3715);
#3715 = DEFINITIONAL_REPRESENTATION('',(#3716),#3720);
#3716 = LINE('',#3717,#3718);
#3717 = CARTESIAN_POINT('',(19.135131258695,3.422333219066));
#3718 = VECTOR('',#3719,1.);
#3719 = DIRECTION('',(0.613180418753,0.789942892909));
#3720 = ( GEOMETRIC_REPRESENTATION_CONTEXT(2) 
PARAMETRIC_REPRESENTATION_CONTEXT() REPRESENTATION_CONTEXT('2D SPACE',''
  ) );
#3721 = PCURVE('',#3722,#3727);
#3722 = PLANE('',#3723);
#3723 = AXIS2_PLACEMENT_3D('',#3724,#3725,#3726);
#3724 = CARTESIAN_POINT('',(365.42233321906,376.,355.3648687413));
#3725 = DIRECTION('',(-0.613180418753,0.,-0.789942892909));
#3726 = DIRECTION('',(0.789942892909,0.,-0.613180418753));
#3727 = DEFINITIONAL_REPRESENTATION('',(#3728),#3732);
#3728 = LINE('',#3729,#3730);
#3729 = CARTESIAN_POINT('',(0.,0.));
#3730 = VECTOR('',#3731,1.);
#3731 = DIRECTION('',(1.,0.));
#3732 = ( GEOMETRIC_REPRESENTATION_CONTEXT(2) 
PARAMETRIC_REPRESENTATION_CONTEXT() REPRESENTATION_CONTEXT('2D SPACE',''
  ) );
#3733 = ORIENTED_EDGE('',*,*,#3734,.T.);
#3734 = EDGE_CURVE('',#3707,#3735,#3737,.T.);
#3735 = VERTEX_POINT('',#3736);
#3736 = CARTESIAN_POINT('',(367.53456877347,376.,354.62481740575));
#3737 = SURFACE_CURVE('',#3738,(#3742,#3749),.PCURVE_S1.);
#3738 = LINE('',#3739,#3740);
#3739 = CARTESIAN_POINT('',(366.66235780182,376.,354.40231967637));
#3740 = VECTOR('',#3741,1.);
#3741 = DIRECTION('',(0.968969464037,0.,0.24718045587));
#3742 = PCURVE('',#126,#3743);
#3743 = DEFINITIONAL_REPRESENTATION('',(#3744),#3748);
#3744 = LINE('',#3745,#3746);
#3745 = CARTESIAN_POINT('',(20.097680323628,4.662357801825));
#3746 = VECTOR('',#3747,1.);
#3747 = DIRECTION('',(-0.24718045587,0.968969464037));
#3748 = ( GEOMETRIC_REPRESENTATION_CONTEXT(2) 
PARAMETRIC_REPRESENTATION_CONTEXT() REPRESENTATION_CONTEXT('2D SPACE',''
  ) );
#3749 = PCURVE('',#3750,#3755);
#3750 = PLANE('',#3751);
#3751 = AXIS2_PLACEMENT_3D('',#3752,#3753,#3754);
#3752 = CARTESIAN_POINT('',(366.66235780182,376.,354.40231967637));
#3753 = DIRECTION('',(0.24718045587,0.,-0.968969464037));
#3754 = DIRECTION('',(0.968969464037,0.,0.24718045587));
#3755 = DEFINITIONAL_REPRESENTATION('',(#3756),#3760);
#3756 = LINE('',#3757,#3758);
#3757 = CARTESIAN_POINT('',(0.,0.));
#3758 = VECTOR('',#3759,1.);
#3759 = DIRECTION('',(1.,0.));
#3760 = ( GEOMETRIC_REPRESENTATION_CONTEXT(2) 
PARAMETRIC_REPRESENTATION_CONTEXT() REPRESENTATION_CONTEXT('2D SPACE',''
  ) );
#3761 = ORIENTED_EDGE('',*,*,#3762,.T.);
#3762 = EDGE_CURVE('',#3735,#3763,#3765,.T.);
#3763 = VERTEX_POINT('',#3764);
#3764 = CARTESIAN_POINT('',(368.39624437889,376.,354.88514867483));
#3765 = SURFACE_CURVE('',#3766,(#3770,#3777),.PCURVE_S1.);
#3766 = LINE('',#3767,#3768);
#3767 = CARTESIAN_POINT('',(367.53456877347,376.,354.62481740575));
#3768 = VECTOR('',#3769,1.);
#3769 = DIRECTION('',(0.957265359759,0.,0.289211049244));
#3770 = PCURVE('',#126,#3771);
#3771 = DEFINITIONAL_REPRESENTATION('',(#3772),#3776);
#3772 = LINE('',#3773,#3774);
#3773 = CARTESIAN_POINT('',(19.875182594247,5.534568773473));
#3774 = VECTOR('',#3775,1.);
#3775 = DIRECTION('',(-0.289211049244,0.957265359759));
#3776 = ( GEOMETRIC_REPRESENTATION_CONTEXT(2) 
PARAMETRIC_REPRESENTATION_CONTEXT() REPRESENTATION_CONTEXT('2D SPACE',''
  ) );
#3777 = PCURVE('',#3778,#3783);
#3778 = PLANE('',#3779);
#3779 = AXIS2_PLACEMENT_3D('',#3780,#3781,#3782);
#3780 = CARTESIAN_POINT('',(367.53456877347,376.,354.62481740575));
#3781 = DIRECTION('',(0.289211049244,0.,-0.957265359759));
#3782 = DIRECTION('',(0.957265359759,0.,0.289211049244));
#3783 = DEFINITIONAL_REPRESENTATION('',(#3784),#3788);
#3784 = LINE('',#3785,#3786);
#3785 = CARTESIAN_POINT('',(0.,0.));
#3786 = VECTOR('',#3787,1.);
#3787 = DIRECTION('',(1.,0.));
#3788 = ( GEOMETRIC_REPRESENTATION_CONTEXT(2) 
PARAMETRIC_REPRESENTATION_CONTEXT() REPRESENTATION_CONTEXT('2D SPACE',''
  ) );
#3789 = ORIENTED_EDGE('',*,*,#3790,.T.);
#3790 = EDGE_CURVE('',#3763,#3791,#3793,.T.);
#3791 = VERTEX_POINT('',#3792);
#3792 = CARTESIAN_POINT('',(369.2457443696,376.,355.18281792824));
#3793 = SURFACE_CURVE('',#3794,(#3798,#3805),.PCURVE_S1.);
#3794 = LINE('',#3795,#3796);
#3795 = CARTESIAN_POINT('',(368.39624437889,376.,354.88514867483));
#3796 = VECTOR('',#3797,1.);
#3797 = DIRECTION('',(0.943739046462,0.,0.330691112948));
#3798 = PCURVE('',#126,#3799);
#3799 = DEFINITIONAL_REPRESENTATION('',(#3800),#3804);
#3800 = LINE('',#3801,#3802);
#3801 = CARTESIAN_POINT('',(19.614851325167,6.396244378896));
#3802 = VECTOR('',#3803,1.);
#3803 = DIRECTION('',(-0.330691112948,0.943739046462));
#3804 = ( GEOMETRIC_REPRESENTATION_CONTEXT(2) 
PARAMETRIC_REPRESENTATION_CONTEXT() REPRESENTATION_CONTEXT('2D SPACE',''
  ) );
#3805 = PCURVE('',#3806,#3811);
#3806 = PLANE('',#3807);
#3807 = AXIS2_PLACEMENT_3D('',#3808,#3809,#3810);
#3808 = CARTESIAN_POINT('',(368.39624437889,376.,354.88514867483));
#3809 = DIRECTION('',(0.330691112948,0.,-0.943739046462));
#3810 = DIRECTION('',(0.943739046462,0.,0.330691112948));
#3811 = DEFINITIONAL_REPRESENTATION('',(#3812),#3816);
#3812 = LINE('',#3813,#3814);
#3813 = CARTESIAN_POINT('',(0.,0.));
#3814 = VECTOR('',#3815,1.);
#3815 = DIRECTION('',(1.,0.));
#3816 = ( GEOMETRIC_REPRESENTATION_CONTEXT(2) 
PARAMETRIC_REPRESENTATION_CONTEXT() REPRESENTATION_CONTEXT('2D SPACE',''
  ) );
#3817 = ORIENTED_EDGE('',*,*,#3818,.T.);
#3818 = EDGE_CURVE('',#3791,#3819,#3821,.T.);
#3819 = VERTEX_POINT('',#3820);
#3820 = CARTESIAN_POINT('',(370.08145167408,376.,355.51725853564));
#3821 = SURFACE_CURVE('',#3822,(#3826,#3833),.PCURVE_S1.);
#3822 = LINE('',#3823,#3824);
#3823 = CARTESIAN_POINT('',(369.2457443696,376.,355.18281792824));
#3824 = VECTOR('',#3825,1.);
#3825 = DIRECTION('',(0.928416272251,0.,0.371541687323));
#3826 = PCURVE('',#126,#3827);
#3827 = DEFINITIONAL_REPRESENTATION('',(#3828),#3832);
#3828 = LINE('',#3829,#3830);
#3829 = CARTESIAN_POINT('',(19.317182071755,7.245744369604));
#3830 = VECTOR('',#3831,1.);
#3831 = DIRECTION('',(-0.371541687323,0.928416272251));
#3832 = ( GEOMETRIC_REPRESENTATION_CONTEXT(2) 
PARAMETRIC_REPRESENTATION_CONTEXT() REPRESENTATION_CONTEXT('2D SPACE',''
  ) );
#3833 = PCURVE('',#3834,#3839);
#3834 = PLANE('',#3835);
#3835 = AXIS2_PLACEMENT_3D('',#3836,#3837,#3838);
#3836 = CARTESIAN_POINT('',(369.2457443696,376.,355.18281792824));
#3837 = DIRECTION('',(0.371541687323,0.,-0.928416272251));
#3838 = DIRECTION('',(0.928416272251,0.,0.371541687323));
#3839 = DEFINITIONAL_REPRESENTATION('',(#3840),#3844);
#3840 = LINE('',#3841,#3842);
#3841 = CARTESIAN_POINT('',(0.,0.));
#3842 = VECTOR('',#3843,1.);
#3843 = DIRECTION('',(1.,0.));
#3844 = ( GEOMETRIC_REPRESENTATION_CONTEXT(2) 
PARAMETRIC_REPRESENTATION_CONTEXT() REPRESENTATION_CONTEXT('2D SPACE',''
  ) );
#3845 = ORIENTED_EDGE('',*,*,#3846,.T.);
#3846 = EDGE_CURVE('',#3819,#3847,#3849,.T.);
#3847 = VERTEX_POINT('',#3848);
#3848 = CARTESIAN_POINT('',(367.71540992095,376.,359.70466879145));
#3849 = SURFACE_CURVE('',#3850,(#3854,#3861),.PCURVE_S1.);
#3850 = LINE('',#3851,#3852);
#3851 = CARTESIAN_POINT('',(370.08145167408,376.,355.51725853564));
#3852 = VECTOR('',#3853,1.);
#3853 = DIRECTION('',(-0.49193822781,0.,0.870630105165));
#3854 = PCURVE('',#126,#3855);
#3855 = DEFINITIONAL_REPRESENTATION('',(#3856),#3860);
#3856 = LINE('',#3857,#3858);
#3857 = CARTESIAN_POINT('',(18.982741464351,8.081451674085));
#3858 = VECTOR('',#3859,1.);
#3859 = DIRECTION('',(-0.870630105165,-0.49193822781));
#3860 = ( GEOMETRIC_REPRESENTATION_CONTEXT(2) 
PARAMETRIC_REPRESENTATION_CONTEXT() REPRESENTATION_CONTEXT('2D SPACE',''
  ) );
#3861 = PCURVE('',#3862,#3867);
#3862 = PLANE('',#3863);
#3863 = AXIS2_PLACEMENT_3D('',#3864,#3865,#3866);
#3864 = CARTESIAN_POINT('',(370.08145167408,376.,355.51725853564));
#3865 = DIRECTION('',(0.870630105165,-0.,0.49193822781));
#3866 = DIRECTION('',(-0.49193822781,0.,0.870630105165));
#3867 = DEFINITIONAL_REPRESENTATION('',(#3868),#3872);
#3868 = LINE('',#3869,#3870);
#3869 = CARTESIAN_POINT('',(0.,0.));
#3870 = VECTOR('',#3871,1.);
#3871 = DIRECTION('',(1.,0.));
#3872 = ( GEOMETRIC_REPRESENTATION_CONTEXT(2) 
PARAMETRIC_REPRESENTATION_CONTEXT() REPRESENTATION_CONTEXT('2D SPACE',''
  ) );
#3873 = ORIENTED_EDGE('',*,*,#3874,.T.);
#3874 = EDGE_CURVE('',#3847,#3875,#3877,.T.);
#3875 = VERTEX_POINT('',#3876);
#3876 = CARTESIAN_POINT('',(368.84345753501,376.,360.19144224243));
#3877 = SURFACE_CURVE('',#3878,(#3882,#3889),.PCURVE_S1.);
#3878 = LINE('',#3879,#3880);
#3879 = CARTESIAN_POINT('',(367.71540992095,376.,359.70466879145));
#3880 = VECTOR('',#3881,1.);
#3881 = DIRECTION('',(0.918162457462,0.,0.396204116217));
#3882 = PCURVE('',#126,#3883);
#3883 = DEFINITIONAL_REPRESENTATION('',(#3884),#3888);
#3884 = LINE('',#3885,#3886);
#3885 = CARTESIAN_POINT('',(14.795331208547,5.715409920955));
#3886 = VECTOR('',#3887,1.);
#3887 = DIRECTION('',(-0.396204116217,0.918162457462));
#3888 = ( GEOMETRIC_REPRESENTATION_CONTEXT(2) 
PARAMETRIC_REPRESENTATION_CONTEXT() REPRESENTATION_CONTEXT('2D SPACE',''
  ) );
#3889 = PCURVE('',#3890,#3895);
#3890 = PLANE('',#3891);
#3891 = AXIS2_PLACEMENT_3D('',#3892,#3893,#3894);
#3892 = CARTESIAN_POINT('',(367.71540992095,376.,359.70466879145));
#3893 = DIRECTION('',(0.396204116217,0.,-0.918162457462));
#3894 = DIRECTION('',(0.918162457462,0.,0.396204116217));
#3895 = DEFINITIONAL_REPRESENTATION('',(#3896),#3900);
#3896 = LINE('',#3897,#3898);
#3897 = CARTESIAN_POINT('',(0.,0.));
#3898 = VECTOR('',#3899,1.);
#3899 = DIRECTION('',(1.,0.));
#3900 = ( GEOMETRIC_REPRESENTATION_CONTEXT(2) 
PARAMETRIC_REPRESENTATION_CONTEXT() REPRESENTATION_CONTEXT('2D SPACE',''
  ) );
#3901 = ORIENTED_EDGE('',*,*,#3902,.T.);
#3902 = EDGE_CURVE('',#3875,#3903,#3905,.T.);
#3903 = VERTEX_POINT('',#3904);
#3904 = CARTESIAN_POINT('',(369.9304434954,376.,360.7640689394));
#3905 = SURFACE_CURVE('',#3906,(#3910,#3917),.PCURVE_S1.);
#3906 = LINE('',#3907,#3908);
#3907 = CARTESIAN_POINT('',(368.84345753501,376.,360.19144224243));
#3908 = VECTOR('',#3909,1.);
#3909 = DIRECTION('',(0.88474075755,0.,0.466083460261));
#3910 = PCURVE('',#126,#3911);
#3911 = DEFINITIONAL_REPRESENTATION('',(#3912),#3916);
#3912 = LINE('',#3913,#3914);
#3913 = CARTESIAN_POINT('',(14.308557757565,6.843457535015));
#3914 = VECTOR('',#3915,1.);
#3915 = DIRECTION('',(-0.466083460261,0.88474075755));
#3916 = ( GEOMETRIC_REPRESENTATION_CONTEXT(2) 
PARAMETRIC_REPRESENTATION_CONTEXT() REPRESENTATION_CONTEXT('2D SPACE',''
  ) );
#3917 = PCURVE('',#3918,#3923);
#3918 = PLANE('',#3919);
#3919 = AXIS2_PLACEMENT_3D('',#3920,#3921,#3922);
#3920 = CARTESIAN_POINT('',(368.84345753501,376.,360.19144224243));
#3921 = DIRECTION('',(0.466083460261,0.,-0.88474075755));
#3922 = DIRECTION('',(0.88474075755,0.,0.466083460261));
#3923 = DEFINITIONAL_REPRESENTATION('',(#3924),#3928);
#3924 = LINE('',#3925,#3926);
#3925 = CARTESIAN_POINT('',(0.,0.));
#3926 = VECTOR('',#3927,1.);
#3927 = DIRECTION('',(1.,0.));
#3928 = ( GEOMETRIC_REPRESENTATION_CONTEXT(2) 
PARAMETRIC_REPRESENTATION_CONTEXT() REPRESENTATION_CONTEXT('2D SPACE',''
  ) );
#3929 = ORIENTED_EDGE('',*,*,#3930,.T.);
#3930 = EDGE_CURVE('',#3903,#3931,#3933,.T.);
#3931 = VERTEX_POINT('',#3932);
#3932 = CARTESIAN_POINT('',(370.96984574206,376.,361.41911304617));
#3933 = SURFACE_CURVE('',#3934,(#3938,#3945),.PCURVE_S1.);
#3934 = LINE('',#3935,#3936);
#3935 = CARTESIAN_POINT('',(369.9304434954,376.,360.7640689394));
#3936 = VECTOR('',#3937,1.);
#3937 = DIRECTION('',(0.846010495645,0.,0.533166241671));
#3938 = PCURVE('',#126,#3939);
#3939 = DEFINITIONAL_REPRESENTATION('',(#3940),#3944);
#3940 = LINE('',#3941,#3942);
#3941 = CARTESIAN_POINT('',(13.735931060593,7.930443495403));
#3942 = VECTOR('',#3943,1.);
#3943 = DIRECTION('',(-0.533166241671,0.846010495645));
#3944 = ( GEOMETRIC_REPRESENTATION_CONTEXT(2) 
PARAMETRIC_REPRESENTATION_CONTEXT() REPRESENTATION_CONTEXT('2D SPACE',''
  ) );
#3945 = PCURVE('',#3946,#3951);
#3946 = PLANE('',#3947);
#3947 = AXIS2_PLACEMENT_3D('',#3948,#3949,#3950);
#3948 = CARTESIAN_POINT('',(369.9304434954,376.,360.7640689394));
#3949 = DIRECTION('',(0.533166241671,0.,-0.846010495645));
#3950 = DIRECTION('',(0.846010495645,0.,0.533166241671));
#3951 = DEFINITIONAL_REPRESENTATION('',(#3952),#3956);
#3952 = LINE('',#3953,#3954);
#3953 = CARTESIAN_POINT('',(0.,0.));
#3954 = VECTOR('',#3955,1.);
#3955 = DIRECTION('',(1.,0.));
#3956 = ( GEOMETRIC_REPRESENTATION_CONTEXT(2) 
PARAMETRIC_REPRESENTATION_CONTEXT() REPRESENTATION_CONTEXT('2D SPACE',''
  ) );
#3957 = ORIENTED_EDGE('',*,*,#3958,.T.);
#3958 = EDGE_CURVE('',#3931,#3959,#3961,.T.);
#3959 = VERTEX_POINT('',#3960);
#3960 = CARTESIAN_POINT('',(371.95542772352,376.,362.15264421113));
#3961 = SURFACE_CURVE('',#3962,(#3966,#3973),.PCURVE_S1.);
#3962 = LINE('',#3963,#3964);
#3963 = CARTESIAN_POINT('',(370.96984574206,376.,361.41911304617));
#3964 = VECTOR('',#3965,1.);
#3965 = DIRECTION('',(0.802204058459,0.,0.597049954854));
#3966 = PCURVE('',#126,#3967);
#3967 = DEFINITIONAL_REPRESENTATION('',(#3968),#3972);
#3968 = LINE('',#3969,#3970);
#3969 = CARTESIAN_POINT('',(13.080886953826,8.969845742061));
#3970 = VECTOR('',#3971,1.);
#3971 = DIRECTION('',(-0.597049954854,0.802204058459));
#3972 = ( GEOMETRIC_REPRESENTATION_CONTEXT(2) 
PARAMETRIC_REPRESENTATION_CONTEXT() REPRESENTATION_CONTEXT('2D SPACE',''
  ) );
#3973 = PCURVE('',#3974,#3979);
#3974 = PLANE('',#3975);
#3975 = AXIS2_PLACEMENT_3D('',#3976,#3977,#3978);
#3976 = CARTESIAN_POINT('',(370.96984574206,376.,361.41911304617));
#3977 = DIRECTION('',(0.597049954854,0.,-0.802204058459));
#3978 = DIRECTION('',(0.802204058459,0.,0.597049954854));
#3979 = DEFINITIONAL_REPRESENTATION('',(#3980),#3984);
#3980 = LINE('',#3981,#3982);
#3981 = CARTESIAN_POINT('',(0.,0.));
#3982 = VECTOR('',#3983,1.);
#3983 = DIRECTION('',(1.,0.));
#3984 = ( GEOMETRIC_REPRESENTATION_CONTEXT(2) 
PARAMETRIC_REPRESENTATION_CONTEXT() REPRESENTATION_CONTEXT('2D SPACE',''
  ) );
#3985 = ORIENTED_EDGE('',*,*,#3986,.T.);
#3986 = EDGE_CURVE('',#3959,#3987,#3989,.T.);
#3987 = VERTEX_POINT('',#3988);
#3988 = CARTESIAN_POINT('',(372.80115932635,376.,361.30313405036));
#3989 = SURFACE_CURVE('',#3990,(#3994,#4001),.PCURVE_S1.);
#3990 = LINE('',#3991,#3992);
#3991 = CARTESIAN_POINT('',(371.95542772352,376.,362.15264421113));
#3992 = VECTOR('',#3993,1.);
#3993 = DIRECTION('',(0.705528944312,0.,-0.708681105109));
#3994 = PCURVE('',#126,#3995);
#3995 = DEFINITIONAL_REPRESENTATION('',(#3996),#4000);
#3996 = LINE('',#3997,#3998);
#3997 = CARTESIAN_POINT('',(12.347355788862,9.955427723529));
#3998 = VECTOR('',#3999,1.);
#3999 = DIRECTION('',(0.708681105109,0.705528944312));
#4000 = ( GEOMETRIC_REPRESENTATION_CONTEXT(2) 
PARAMETRIC_REPRESENTATION_CONTEXT() REPRESENTATION_CONTEXT('2D SPACE',''
  ) );
#4001 = PCURVE('',#4002,#4007);
#4002 = PLANE('',#4003);
#4003 = AXIS2_PLACEMENT_3D('',#4004,#4005,#4006);
#4004 = CARTESIAN_POINT('',(371.95542772352,376.,362.15264421113));
#4005 = DIRECTION('',(-0.708681105109,0.,-0.705528944312));
#4006 = DIRECTION('',(0.705528944312,0.,-0.708681105109));
#4007 = DEFINITIONAL_REPRESENTATION('',(#4008),#4012);
#4008 = LINE('',#4009,#4010);
#4009 = CARTESIAN_POINT('',(0.,0.));
#4010 = VECTOR('',#4011,1.);
#4011 = DIRECTION('',(1.,0.));
#4012 = ( GEOMETRIC_REPRESENTATION_CONTEXT(2) 
PARAMETRIC_REPRESENTATION_CONTEXT() REPRESENTATION_CONTEXT('2D SPACE',''
  ) );
#4013 = ORIENTED_EDGE('',*,*,#4014,.T.);
#4014 = EDGE_CURVE('',#3987,#4015,#4017,.T.);
#4015 = VERTEX_POINT('',#4016);
#4016 = CARTESIAN_POINT('',(373.65985713613,376.,360.46542350042));
#4017 = SURFACE_CURVE('',#4018,(#4022,#4029),.PCURVE_S1.);
#4018 = LINE('',#4019,#4020);
#4019 = CARTESIAN_POINT('',(372.80115932635,376.,361.30313405036));
#4020 = VECTOR('',#4021,1.);
#4021 = DIRECTION('',(0.715800035989,0.,-0.698305311793));
#4022 = PCURVE('',#126,#4023);
#4023 = DEFINITIONAL_REPRESENTATION('',(#4024),#4028);
#4024 = LINE('',#4025,#4026);
#4025 = CARTESIAN_POINT('',(13.196865949636,10.801159326351));
#4026 = VECTOR('',#4027,1.);
#4027 = DIRECTION('',(0.698305311793,0.715800035989));
#4028 = ( GEOMETRIC_REPRESENTATION_CONTEXT(2) 
PARAMETRIC_REPRESENTATION_CONTEXT() REPRESENTATION_CONTEXT('2D SPACE',''
  ) );
#4029 = PCURVE('',#4030,#4035);
#4030 = PLANE('',#4031);
#4031 = AXIS2_PLACEMENT_3D('',#4032,#4033,#4034);
#4032 = CARTESIAN_POINT('',(372.80115932635,376.,361.30313405036));
#4033 = DIRECTION('',(-0.698305311793,0.,-0.715800035989));
#4034 = DIRECTION('',(0.715800035989,0.,-0.698305311793));
#4035 = DEFINITIONAL_REPRESENTATION('',(#4036),#4040);
#4036 = LINE('',#4037,#4038);
#4037 = CARTESIAN_POINT('',(0.,0.));
#4038 = VECTOR('',#4039,1.);
#4039 = DIRECTION('',(1.,0.));
#4040 = ( GEOMETRIC_REPRESENTATION_CONTEXT(2) 
PARAMETRIC_REPRESENTATION_CONTEXT() REPRESENTATION_CONTEXT('2D SPACE',''
  ) );
#4041 = ORIENTED_EDGE('',*,*,#4042,.T.);
#4042 = EDGE_CURVE('',#4015,#4043,#4045,.T.);
#4043 = VERTEX_POINT('',#4044);
#4044 = CARTESIAN_POINT('',(374.53139313727,376.,359.63965683475));
#4045 = SURFACE_CURVE('',#4046,(#4050,#4057),.PCURVE_S1.);
#4046 = LINE('',#4047,#4048);
#4047 = CARTESIAN_POINT('',(373.65985713613,376.,360.46542350042));
#4048 = VECTOR('',#4049,1.);
#4049 = DIRECTION('',(0.725910690183,0.,-0.687788971908));
#4050 = PCURVE('',#126,#4051);
#4051 = DEFINITIONAL_REPRESENTATION('',(#4052),#4056);
#4052 = LINE('',#4053,#4054);
#4053 = CARTESIAN_POINT('',(14.034576499576,11.659857136131));
#4054 = VECTOR('',#4055,1.);
#4055 = DIRECTION('',(0.687788971908,0.725910690183));
#4056 = ( GEOMETRIC_REPRESENTATION_CONTEXT(2) 
PARAMETRIC_REPRESENTATION_CONTEXT() REPRESENTATION_CONTEXT('2D SPACE',''
  ) );
#4057 = PCURVE('',#4058,#4063);
#4058 = PLANE('',#4059);
#4059 = AXIS2_PLACEMENT_3D('',#4060,#4061,#4062);
#4060 = CARTESIAN_POINT('',(373.65985713613,376.,360.46542350042));
#4061 = DIRECTION('',(-0.687788971908,0.,-0.725910690183));
#4062 = DIRECTION('',(0.725910690183,0.,-0.687788971908));
#4063 = DEFINITIONAL_REPRESENTATION('',(#4064),#4068);
#4064 = LINE('',#4065,#4066);
#4065 = CARTESIAN_POINT('',(0.,0.));
#4066 = VECTOR('',#4067,1.);
#4067 = DIRECTION('',(1.,0.));
#4068 = ( GEOMETRIC_REPRESENTATION_CONTEXT(2) 
PARAMETRIC_REPRESENTATION_CONTEXT() REPRESENTATION_CONTEXT('2D SPACE',''
  ) );
#4069 = ORIENTED_EDGE('',*,*,#4070,.T.);
#4070 = EDGE_CURVE('',#4043,#4071,#4073,.T.);
#4071 = VERTEX_POINT('',#4072);
#4072 = CARTESIAN_POINT('',(376.08656045972,376.,359.42607718351));
#4073 = SURFACE_CURVE('',#4074,(#4078,#4085),.PCURVE_S1.);
#4074 = LINE('',#4075,#4076);
#4075 = CARTESIAN_POINT('',(374.53139313727,376.,359.63965683475));
#4076 = VECTOR('',#4077,1.);
#4077 = DIRECTION('',(0.990700822175,0.,-0.136058373289));
#4078 = PCURVE('',#126,#4079);
#4079 = DEFINITIONAL_REPRESENTATION('',(#4080),#4084);
#4080 = LINE('',#4081,#4082);
#4081 = CARTESIAN_POINT('',(14.860343165246,12.531393137274));
#4082 = VECTOR('',#4083,1.);
#4083 = DIRECTION('',(0.136058373289,0.990700822175));
#4084 = ( GEOMETRIC_REPRESENTATION_CONTEXT(2) 
PARAMETRIC_REPRESENTATION_CONTEXT() REPRESENTATION_CONTEXT('2D SPACE',''
  ) );
#4085 = PCURVE('',#4086,#4091);
#4086 = PLANE('',#4087);
#4087 = AXIS2_PLACEMENT_3D('',#4088,#4089,#4090);
#4088 = CARTESIAN_POINT('',(374.53139313727,376.,359.63965683475));
#4089 = DIRECTION('',(-0.136058373289,0.,-0.990700822175));
#4090 = DIRECTION('',(0.990700822175,0.,-0.136058373289));
#4091 = DEFINITIONAL_REPRESENTATION('',(#4092),#4096);
#4092 = LINE('',#4093,#4094);
#4093 = CARTESIAN_POINT('',(0.,0.));
#4094 = VECTOR('',#4095,1.);
#4095 = DIRECTION('',(1.,0.));
#4096 = ( GEOMETRIC_REPRESENTATION_CONTEXT(2) 
PARAMETRIC_REPRESENTATION_CONTEXT() REPRESENTATION_CONTEXT('2D SPACE',''
  ) );
#4097 = ORIENTED_EDGE('',*,*,#4098,.T.);
#4098 = EDGE_CURVE('',#4071,#4099,#4101,.T.);
#4099 = VERTEX_POINT('',#4100);
#4100 = CARTESIAN_POINT('',(376.73066845394,376.,360.05487135526));
#4101 = SURFACE_CURVE('',#4102,(#4106,#4113),.PCURVE_S1.);
#4102 = LINE('',#4103,#4104);
#4103 = CARTESIAN_POINT('',(376.08656045972,376.,359.42607718351));
#4104 = VECTOR('',#4105,1.);
#4105 = DIRECTION('',(0.715561943412,0.,0.698549286121));
#4106 = PCURVE('',#126,#4107);
#4107 = DEFINITIONAL_REPRESENTATION('',(#4108),#4112);
#4108 = LINE('',#4109,#4110);
#4109 = CARTESIAN_POINT('',(15.073922816488,14.086560459727));
#4110 = VECTOR('',#4111,1.);
#4111 = DIRECTION('',(-0.698549286121,0.715561943412));
#4112 = ( GEOMETRIC_REPRESENTATION_CONTEXT(2) 
PARAMETRIC_REPRESENTATION_CONTEXT() REPRESENTATION_CONTEXT('2D SPACE',''
  ) );
#4113 = PCURVE('',#4114,#4119);
#4114 = PLANE('',#4115);
#4115 = AXIS2_PLACEMENT_3D('',#4116,#4117,#4118);
#4116 = CARTESIAN_POINT('',(376.08656045972,376.,359.42607718351));
#4117 = DIRECTION('',(0.698549286121,0.,-0.715561943412));
#4118 = DIRECTION('',(0.715561943412,0.,0.698549286121));
#4119 = DEFINITIONAL_REPRESENTATION('',(#4120),#4124);
#4120 = LINE('',#4121,#4122);
#4121 = CARTESIAN_POINT('',(0.,0.));
#4122 = VECTOR('',#4123,1.);
#4123 = DIRECTION('',(1.,0.));
#4124 = ( GEOMETRIC_REPRESENTATION_CONTEXT(2) 
PARAMETRIC_REPRESENTATION_CONTEXT() REPRESENTATION_CONTEXT('2D SPACE',''
  ) );
#4125 = ORIENTED_EDGE('',*,*,#4126,.T.);
#4126 = EDGE_CURVE('',#4099,#4127,#4129,.T.);
#4127 = VERTEX_POINT('',#4128);
#4128 = CARTESIAN_POINT('',(377.34673578352,376.,360.71116265039));
#4129 = SURFACE_CURVE('',#4130,(#4134,#4141),.PCURVE_S1.);
#4130 = LINE('',#4131,#4132);
#4131 = CARTESIAN_POINT('',(376.73066845394,376.,360.05487135526));
#4132 = VECTOR('',#4133,1.);
#4133 = DIRECTION('',(0.684410595092,0.,0.72909679558));
#4134 = PCURVE('',#126,#4135);
#4135 = DEFINITIONAL_REPRESENTATION('',(#4136),#4140);
#4136 = LINE('',#4137,#4138);
#4137 = CARTESIAN_POINT('',(14.445128644736,14.730668453943));
#4138 = VECTOR('',#4139,1.);
#4139 = DIRECTION('',(-0.72909679558,0.684410595092));
#4140 = ( GEOMETRIC_REPRESENTATION_CONTEXT(2) 
PARAMETRIC_REPRESENTATION_CONTEXT() REPRESENTATION_CONTEXT('2D SPACE',''
  ) );
#4141 = PCURVE('',#4142,#4147);
#4142 = PLANE('',#4143);
#4143 = AXIS2_PLACEMENT_3D('',#4144,#4145,#4146);
#4144 = CARTESIAN_POINT('',(376.73066845394,376.,360.05487135526));
#4145 = DIRECTION('',(0.72909679558,0.,-0.684410595092));
#4146 = DIRECTION('',(0.684410595092,0.,0.72909679558));
#4147 = DEFINITIONAL_REPRESENTATION('',(#4148),#4152);
#4148 = LINE('',#4149,#4150);
#4149 = CARTESIAN_POINT('',(0.,0.));
#4150 = VECTOR('',#4151,1.);
#4151 = DIRECTION('',(1.,0.));
#4152 = ( GEOMETRIC_REPRESENTATION_CONTEXT(2) 
PARAMETRIC_REPRESENTATION_CONTEXT() REPRESENTATION_CONTEXT('2D SPACE',''
  ) );
#4153 = ORIENTED_EDGE('',*,*,#4154,.T.);
#4154 = EDGE_CURVE('',#4127,#4155,#4157,.T.);
#4155 = VERTEX_POINT('',#4156);
#4156 = CARTESIAN_POINT('',(377.93358972928,376.,361.39370178113));
#4157 = SURFACE_CURVE('',#4158,(#4162,#4169),.PCURVE_S1.);
#4158 = LINE('',#4159,#4160);
#4159 = CARTESIAN_POINT('',(377.34673578352,376.,360.71116265039));
#4160 = VECTOR('',#4161,1.);
#4161 = DIRECTION('',(0.651956432306,0.,0.75825642785));
#4162 = PCURVE('',#126,#4163);
#4163 = DEFINITIONAL_REPRESENTATION('',(#4164),#4168);
#4164 = LINE('',#4165,#4166);
#4165 = CARTESIAN_POINT('',(13.788837349602,15.346735783521));
#4166 = VECTOR('',#4167,1.);
#4167 = DIRECTION('',(-0.75825642785,0.651956432306));
#4168 = ( GEOMETRIC_REPRESENTATION_CONTEXT(2) 
PARAMETRIC_REPRESENTATION_CONTEXT() REPRESENTATION_CONTEXT('2D SPACE',''
  ) );
#4169 = PCURVE('',#4170,#4175);
#4170 = PLANE('',#4171);
#4171 = AXIS2_PLACEMENT_3D('',#4172,#4173,#4174);
#4172 = CARTESIAN_POINT('',(377.34673578352,376.,360.71116265039));
#4173 = DIRECTION('',(0.75825642785,0.,-0.651956432306));
#4174 = DIRECTION('',(0.651956432306,0.,0.75825642785));
#4175 = DEFINITIONAL_REPRESENTATION('',(#4176),#4180);
#4176 = LINE('',#4177,#4178);
#4177 = CARTESIAN_POINT('',(0.,0.));
#4178 = VECTOR('',#4179,1.);
#4179 = DIRECTION('',(1.,0.));
#4180 = ( GEOMETRIC_REPRESENTATION_CONTEXT(2) 
PARAMETRIC_REPRESENTATION_CONTEXT() REPRESENTATION_CONTEXT('2D SPACE',''
  ) );
#4181 = ORIENTED_EDGE('',*,*,#4182,.T.);
#4182 = EDGE_CURVE('',#4155,#4183,#4185,.T.);
#4183 = VERTEX_POINT('',#4184);
#4184 = CARTESIAN_POINT('',(378.49011318138,376.,362.10118949544));
#4185 = SURFACE_CURVE('',#4186,(#4190,#4197),.PCURVE_S1.);
#4186 = LINE('',#4187,#4188);
#4187 = CARTESIAN_POINT('',(377.93358972928,376.,361.39370178113));
#4188 = VECTOR('',#4189,1.);
#4189 = DIRECTION('',(0.618261233395,0.,0.785972675912));
#4190 = PCURVE('',#126,#4191);
#4191 = DEFINITIONAL_REPRESENTATION('',(#4192),#4196);
#4192 = LINE('',#4193,#4194);
#4193 = CARTESIAN_POINT('',(13.106298218867,15.933589729283));
#4194 = VECTOR('',#4195,1.);
#4195 = DIRECTION('',(-0.785972675912,0.618261233395));
#4196 = ( GEOMETRIC_REPRESENTATION_CONTEXT(2) 
PARAMETRIC_REPRESENTATION_CONTEXT() REPRESENTATION_CONTEXT('2D SPACE',''
  ) );
#4197 = PCURVE('',#4198,#4203);
#4198 = PLANE('',#4199);
#4199 = AXIS2_PLACEMENT_3D('',#4200,#4201,#4202);
#4200 = CARTESIAN_POINT('',(377.93358972928,376.,361.39370178113));
#4201 = DIRECTION('',(0.785972675912,0.,-0.618261233395));
#4202 = DIRECTION('',(0.618261233395,0.,0.785972675912));
#4203 = DEFINITIONAL_REPRESENTATION('',(#4204),#4208);
#4204 = LINE('',#4205,#4206);
#4205 = CARTESIAN_POINT('',(0.,0.));
#4206 = VECTOR('',#4207,1.);
#4207 = DIRECTION('',(1.,0.));
#4208 = ( GEOMETRIC_REPRESENTATION_CONTEXT(2) 
PARAMETRIC_REPRESENTATION_CONTEXT() REPRESENTATION_CONTEXT('2D SPACE',''
  ) );
#4209 = ORIENTED_EDGE('',*,*,#4210,.T.);
#4210 = EDGE_CURVE('',#4183,#4211,#4213,.T.);
#4211 = VERTEX_POINT('',#4212);
#4212 = CARTESIAN_POINT('',(374.34735578886,376.,364.54457227647));
#4213 = SURFACE_CURVE('',#4214,(#4218,#4225),.PCURVE_S1.);
#4214 = LINE('',#4215,#4216);
#4215 = CARTESIAN_POINT('',(378.49011318138,376.,362.10118949544));
#4216 = VECTOR('',#4217,1.);
#4217 = DIRECTION('',(-0.861346054958,0.,0.508018674468));
#4218 = PCURVE('',#126,#4219);
#4219 = DEFINITIONAL_REPRESENTATION('',(#4220),#4224);
#4220 = LINE('',#4221,#4222);
#4221 = CARTESIAN_POINT('',(12.398810504558,16.490113181389));
#4222 = VECTOR('',#4223,1.);
#4223 = DIRECTION('',(-0.508018674468,-0.861346054958));
#4224 = ( GEOMETRIC_REPRESENTATION_CONTEXT(2) 
PARAMETRIC_REPRESENTATION_CONTEXT() REPRESENTATION_CONTEXT('2D SPACE',''
  ) );
#4225 = PCURVE('',#4226,#4231);
#4226 = PLANE('',#4227);
#4227 = AXIS2_PLACEMENT_3D('',#4228,#4229,#4230);
#4228 = CARTESIAN_POINT('',(378.49011318138,376.,362.10118949544));
#4229 = DIRECTION('',(0.508018674468,-0.,0.861346054958));
#4230 = DIRECTION('',(-0.861346054958,0.,0.508018674468));
#4231 = DEFINITIONAL_REPRESENTATION('',(#4232),#4236);
#4232 = LINE('',#4233,#4234);
#4233 = CARTESIAN_POINT('',(0.,0.));
#4234 = VECTOR('',#4235,1.);
#4235 = DIRECTION('',(1.,0.));
#4236 = ( GEOMETRIC_REPRESENTATION_CONTEXT(2) 
PARAMETRIC_REPRESENTATION_CONTEXT() REPRESENTATION_CONTEXT('2D SPACE',''
  ) );
#4237 = ORIENTED_EDGE('',*,*,#4238,.T.);
#4238 = EDGE_CURVE('',#4211,#4239,#4241,.T.);
#4239 = VERTEX_POINT('',#4240);
#4240 = CARTESIAN_POINT('',(375.08088695382,376.,365.53015425793));
#4241 = SURFACE_CURVE('',#4242,(#4246,#4253),.PCURVE_S1.);
#4242 = LINE('',#4243,#4244);
#4243 = CARTESIAN_POINT('',(374.34735578886,376.,364.54457227647));
#4244 = VECTOR('',#4245,1.);
#4245 = DIRECTION('',(0.597049954854,0.,0.802204058459));
#4246 = PCURVE('',#126,#4247);
#4247 = DEFINITIONAL_REPRESENTATION('',(#4248),#4252);
#4248 = LINE('',#4249,#4250);
#4249 = CARTESIAN_POINT('',(9.955427723529,12.347355788862));
#4250 = VECTOR('',#4251,1.);
#4251 = DIRECTION('',(-0.802204058459,0.597049954854));
#4252 = ( GEOMETRIC_REPRESENTATION_CONTEXT(2) 
PARAMETRIC_REPRESENTATION_CONTEXT() REPRESENTATION_CONTEXT('2D SPACE',''
  ) );
#4253 = PCURVE('',#4254,#4259);
#4254 = PLANE('',#4255);
#4255 = AXIS2_PLACEMENT_3D('',#4256,#4257,#4258);
#4256 = CARTESIAN_POINT('',(374.34735578886,376.,364.54457227647));
#4257 = DIRECTION('',(0.802204058459,0.,-0.597049954854));
#4258 = DIRECTION('',(0.597049954854,0.,0.802204058459));
#4259 = DEFINITIONAL_REPRESENTATION('',(#4260),#4264);
#4260 = LINE('',#4261,#4262);
#4261 = CARTESIAN_POINT('',(0.,0.));
#4262 = VECTOR('',#4263,1.);
#4263 = DIRECTION('',(1.,0.));
#4264 = ( GEOMETRIC_REPRESENTATION_CONTEXT(2) 
PARAMETRIC_REPRESENTATION_CONTEXT() REPRESENTATION_CONTEXT('2D SPACE',''
  ) );
#4265 = ORIENTED_EDGE('',*,*,#4266,.T.);
#4266 = EDGE_CURVE('',#4239,#4267,#4269,.T.);
#4267 = VERTEX_POINT('',#4268);
#4268 = CARTESIAN_POINT('',(375.73593106059,376.,366.56955650459));
#4269 = SURFACE_CURVE('',#4270,(#4274,#4281),.PCURVE_S1.);
#4270 = LINE('',#4271,#4272);
#4271 = CARTESIAN_POINT('',(375.08088695382,376.,365.53015425793));
#4272 = VECTOR('',#4273,1.);
#4273 = DIRECTION('',(0.533166241671,0.,0.846010495645));
#4274 = PCURVE('',#126,#4275);
#4275 = DEFINITIONAL_REPRESENTATION('',(#4276),#4280);
#4276 = LINE('',#4277,#4278);
#4277 = CARTESIAN_POINT('',(8.969845742061,13.080886953826));
#4278 = VECTOR('',#4279,1.);
#4279 = DIRECTION('',(-0.846010495645,0.533166241671));
#4280 = ( GEOMETRIC_REPRESENTATION_CONTEXT(2) 
PARAMETRIC_REPRESENTATION_CONTEXT() REPRESENTATION_CONTEXT('2D SPACE',''
  ) );
#4281 = PCURVE('',#4282,#4287);
#4282 = PLANE('',#4283);
#4283 = AXIS2_PLACEMENT_3D('',#4284,#4285,#4286);
#4284 = CARTESIAN_POINT('',(375.08088695382,376.,365.53015425793));
#4285 = DIRECTION('',(0.846010495645,0.,-0.533166241671));
#4286 = DIRECTION('',(0.533166241671,0.,0.846010495645));
#4287 = DEFINITIONAL_REPRESENTATION('',(#4288),#4292);
#4288 = LINE('',#4289,#4290);
#4289 = CARTESIAN_POINT('',(0.,0.));
#4290 = VECTOR('',#4291,1.);
#4291 = DIRECTION('',(1.,0.));
#4292 = ( GEOMETRIC_REPRESENTATION_CONTEXT(2) 
PARAMETRIC_REPRESENTATION_CONTEXT() REPRESENTATION_CONTEXT('2D SPACE',''
  ) );
#4293 = ORIENTED_EDGE('',*,*,#4294,.T.);
#4294 = EDGE_CURVE('',#4267,#4295,#4297,.T.);
#4295 = VERTEX_POINT('',#4296);
#4296 = CARTESIAN_POINT('',(376.30855775756,376.,367.65654246498));
#4297 = SURFACE_CURVE('',#4298,(#4302,#4309),.PCURVE_S1.);
#4298 = LINE('',#4299,#4300);
#4299 = CARTESIAN_POINT('',(375.73593106059,376.,366.56955650459));
#4300 = VECTOR('',#4301,1.);
#4301 = DIRECTION('',(0.466083460261,0.,0.88474075755));
#4302 = PCURVE('',#126,#4303);
#4303 = DEFINITIONAL_REPRESENTATION('',(#4304),#4308);
#4304 = LINE('',#4305,#4306);
#4305 = CARTESIAN_POINT('',(7.930443495403,13.735931060593));
#4306 = VECTOR('',#4307,1.);
#4307 = DIRECTION('',(-0.88474075755,0.466083460261));
#4308 = ( GEOMETRIC_REPRESENTATION_CONTEXT(2) 
PARAMETRIC_REPRESENTATION_CONTEXT() REPRESENTATION_CONTEXT('2D SPACE',''
  ) );
#4309 = PCURVE('',#4310,#4315);
#4310 = PLANE('',#4311);
#4311 = AXIS2_PLACEMENT_3D('',#4312,#4313,#4314);
#4312 = CARTESIAN_POINT('',(375.73593106059,376.,366.56955650459));
#4313 = DIRECTION('',(0.88474075755,0.,-0.466083460261));
#4314 = DIRECTION('',(0.466083460261,0.,0.88474075755));
#4315 = DEFINITIONAL_REPRESENTATION('',(#4316),#4320);
#4316 = LINE('',#4317,#4318);
#4317 = CARTESIAN_POINT('',(0.,0.));
#4318 = VECTOR('',#4319,1.);
#4319 = DIRECTION('',(1.,0.));
#4320 = ( GEOMETRIC_REPRESENTATION_CONTEXT(2) 
PARAMETRIC_REPRESENTATION_CONTEXT() REPRESENTATION_CONTEXT('2D SPACE',''
  ) );
#4321 = ORIENTED_EDGE('',*,*,#4322,.T.);
#4322 = EDGE_CURVE('',#4295,#4323,#4325,.T.);
#4323 = VERTEX_POINT('',#4324);
#4324 = CARTESIAN_POINT('',(376.79533120854,376.,368.78459007904));
#4325 = SURFACE_CURVE('',#4326,(#4330,#4337),.PCURVE_S1.);
#4326 = LINE('',#4327,#4328);
#4327 = CARTESIAN_POINT('',(376.30855775756,376.,367.65654246498));
#4328 = VECTOR('',#4329,1.);
#4329 = DIRECTION('',(0.396204116217,0.,0.918162457462));
#4330 = PCURVE('',#126,#4331);
#4331 = DEFINITIONAL_REPRESENTATION('',(#4332),#4336);
#4332 = LINE('',#4333,#4334);
#4333 = CARTESIAN_POINT('',(6.843457535015,14.308557757565));
#4334 = VECTOR('',#4335,1.);
#4335 = DIRECTION('',(-0.918162457462,0.396204116217));
#4336 = ( GEOMETRIC_REPRESENTATION_CONTEXT(2) 
PARAMETRIC_REPRESENTATION_CONTEXT() REPRESENTATION_CONTEXT('2D SPACE',''
  ) );
#4337 = PCURVE('',#4338,#4343);
#4338 = PLANE('',#4339);
#4339 = AXIS2_PLACEMENT_3D('',#4340,#4341,#4342);
#4340 = CARTESIAN_POINT('',(376.30855775756,376.,367.65654246498));
#4341 = DIRECTION('',(0.918162457462,0.,-0.396204116217));
#4342 = DIRECTION('',(0.396204116217,0.,0.918162457462));
#4343 = DEFINITIONAL_REPRESENTATION('',(#4344),#4348);
#4344 = LINE('',#4345,#4346);
#4345 = CARTESIAN_POINT('',(0.,0.));
#4346 = VECTOR('',#4347,1.);
#4347 = DIRECTION('',(1.,0.));
#4348 = ( GEOMETRIC_REPRESENTATION_CONTEXT(2) 
PARAMETRIC_REPRESENTATION_CONTEXT() REPRESENTATION_CONTEXT('2D SPACE',''
  ) );
#4349 = ORIENTED_EDGE('',*,*,#4350,.T.);
#4350 = EDGE_CURVE('',#4323,#4351,#4353,.T.);
#4351 = VERTEX_POINT('',#4352);
#4352 = CARTESIAN_POINT('',(377.95251134176,376.,368.47175850045));
#4353 = SURFACE_CURVE('',#4354,(#4358,#4365),.PCURVE_S1.);
#4354 = LINE('',#4355,#4356);
#4355 = CARTESIAN_POINT('',(376.79533120854,376.,368.78459007904));
#4356 = VECTOR('',#4357,1.);
#4357 = DIRECTION('',(0.965346541434,0.,-0.26097136805));
#4358 = PCURVE('',#126,#4359);
#4359 = DEFINITIONAL_REPRESENTATION('',(#4360),#4364);
#4360 = LINE('',#4361,#4362);
#4361 = CARTESIAN_POINT('',(5.715409920955,14.795331208547));
#4362 = VECTOR('',#4363,1.);
#4363 = DIRECTION('',(0.26097136805,0.965346541434));
#4364 = ( GEOMETRIC_REPRESENTATION_CONTEXT(2) 
PARAMETRIC_REPRESENTATION_CONTEXT() REPRESENTATION_CONTEXT('2D SPACE',''
  ) );
#4365 = PCURVE('',#4366,#4371);
#4366 = PLANE('',#4367);
#4367 = AXIS2_PLACEMENT_3D('',#4368,#4369,#4370);
#4368 = CARTESIAN_POINT('',(376.79533120854,376.,368.78459007904));
#4369 = DIRECTION('',(-0.26097136805,0.,-0.965346541434));
#4370 = DIRECTION('',(0.965346541434,0.,-0.26097136805));
#4371 = DEFINITIONAL_REPRESENTATION('',(#4372),#4376);
#4372 = LINE('',#4373,#4374);
#4373 = CARTESIAN_POINT('',(0.,0.));
#4374 = VECTOR('',#4375,1.);
#4375 = DIRECTION('',(1.,0.));
#4376 = ( GEOMETRIC_REPRESENTATION_CONTEXT(2) 
PARAMETRIC_REPRESENTATION_CONTEXT() REPRESENTATION_CONTEXT('2D SPACE',''
  ) );
#4377 = ORIENTED_EDGE('',*,*,#4378,.T.);
#4378 = EDGE_CURVE('',#4351,#4379,#4381,.T.);
#4379 = VERTEX_POINT('',#4380);
#4380 = CARTESIAN_POINT('',(379.11502073417,376.,368.17562878807));
#4381 = SURFACE_CURVE('',#4382,(#4386,#4393),.PCURVE_S1.);
#4382 = LINE('',#4383,#4384);
#4383 = CARTESIAN_POINT('',(377.95251134176,376.,368.47175850045));
#4384 = VECTOR('',#4385,1.);
#4385 = DIRECTION('',(0.969053671093,0.,-0.246850121616));
#4386 = PCURVE('',#126,#4387);
#4387 = DEFINITIONAL_REPRESENTATION('',(#4388),#4392);
#4388 = LINE('',#4389,#4390);
#4389 = CARTESIAN_POINT('',(6.028241499548,15.952511341761));
#4390 = VECTOR('',#4391,1.);
#4391 = DIRECTION('',(0.246850121616,0.969053671093));
#4392 = ( GEOMETRIC_REPRESENTATION_CONTEXT(2) 
PARAMETRIC_REPRESENTATION_CONTEXT() REPRESENTATION_CONTEXT('2D SPACE',''
  ) );
#4393 = PCURVE('',#4394,#4399);
#4394 = PLANE('',#4395);
#4395 = AXIS2_PLACEMENT_3D('',#4396,#4397,#4398);
#4396 = CARTESIAN_POINT('',(377.95251134176,376.,368.47175850045));
#4397 = DIRECTION('',(-0.246850121616,0.,-0.969053671093));
#4398 = DIRECTION('',(0.969053671093,0.,-0.246850121616));
#4399 = DEFINITIONAL_REPRESENTATION('',(#4400),#4404);
#4400 = LINE('',#4401,#4402);
#4401 = CARTESIAN_POINT('',(0.,0.));
#4402 = VECTOR('',#4403,1.);
#4403 = DIRECTION('',(1.,0.));
#4404 = ( GEOMETRIC_REPRESENTATION_CONTEXT(2) 
PARAMETRIC_REPRESENTATION_CONTEXT() REPRESENTATION_CONTEXT('2D SPACE',''
  ) );
#4405 = ORIENTED_EDGE('',*,*,#4406,.T.);
#4406 = EDGE_CURVE('',#4379,#4407,#4409,.T.);
#4407 = VERTEX_POINT('',#4408);
#4408 = CARTESIAN_POINT('',(380.28267638431,376.,367.89626187857));
#4409 = SURFACE_CURVE('',#4410,(#4414,#4421),.PCURVE_S1.);
#4410 = LINE('',#4411,#4412);
#4411 = CARTESIAN_POINT('',(379.11502073417,376.,368.17562878807));
#4412 = VECTOR('',#4413,1.);
#4413 = DIRECTION('',(0.972551584531,0.,-0.232687377023));
#4414 = PCURVE('',#126,#4415);
#4415 = DEFINITIONAL_REPRESENTATION('',(#4416),#4420);
#4416 = LINE('',#4417,#4418);
#4417 = CARTESIAN_POINT('',(6.324371211923,17.115020734175));
#4418 = VECTOR('',#4419,1.);
#4419 = DIRECTION('',(0.232687377023,0.972551584531));
#4420 = ( GEOMETRIC_REPRESENTATION_CONTEXT(2) 
PARAMETRIC_REPRESENTATION_CONTEXT() REPRESENTATION_CONTEXT('2D SPACE',''
  ) );
#4421 = PCURVE('',#4422,#4427);
#4422 = PLANE('',#4423);
#4423 = AXIS2_PLACEMENT_3D('',#4424,#4425,#4426);
#4424 = CARTESIAN_POINT('',(379.11502073417,376.,368.17562878807));
#4425 = DIRECTION('',(-0.232687377023,0.,-0.972551584531));
#4426 = DIRECTION('',(0.972551584531,0.,-0.232687377023));
#4427 = DEFINITIONAL_REPRESENTATION('',(#4428),#4432);
#4428 = LINE('',#4429,#4430);
#4429 = CARTESIAN_POINT('',(0.,0.));
#4430 = VECTOR('',#4431,1.);
#4431 = DIRECTION('',(1.,0.));
#4432 = ( GEOMETRIC_REPRESENTATION_CONTEXT(2) 
PARAMETRIC_REPRESENTATION_CONTEXT() REPRESENTATION_CONTEXT('2D SPACE',''
  ) );
#4433 = ORIENTED_EDGE('',*,*,#4434,.T.);
#4434 = EDGE_CURVE('',#4407,#4435,#4437,.T.);
#4435 = VERTEX_POINT('',#4436);
#4436 = CARTESIAN_POINT('',(381.73628061831,376.,368.48888013609));
#4437 = SURFACE_CURVE('',#4438,(#4442,#4449),.PCURVE_S1.);
#4438 = LINE('',#4439,#4440);
#4439 = CARTESIAN_POINT('',(380.28267638431,376.,367.89626187857));
#4440 = VECTOR('',#4441,1.);
#4441 = DIRECTION('',(0.926001266198,0.,0.377520403422));
#4442 = PCURVE('',#126,#4443);
#4443 = DEFINITIONAL_REPRESENTATION('',(#4444),#4448);
#4444 = LINE('',#4445,#4446);
#4445 = CARTESIAN_POINT('',(6.603738121421,18.282676384312));
#4446 = VECTOR('',#4447,1.);
#4447 = DIRECTION('',(-0.377520403422,0.926001266198));
#4448 = ( GEOMETRIC_REPRESENTATION_CONTEXT(2) 
PARAMETRIC_REPRESENTATION_CONTEXT() REPRESENTATION_CONTEXT('2D SPACE',''
  ) );
#4449 = PCURVE('',#4450,#4455);
#4450 = PLANE('',#4451);
#4451 = AXIS2_PLACEMENT_3D('',#4452,#4453,#4454);
#4452 = CARTESIAN_POINT('',(380.28267638431,376.,367.89626187857));
#4453 = DIRECTION('',(0.377520403422,0.,-0.926001266198));
#4454 = DIRECTION('',(0.926001266198,0.,0.377520403422));
#4455 = DEFINITIONAL_REPRESENTATION('',(#4456),#4460);
#4456 = LINE('',#4457,#4458);
#4457 = CARTESIAN_POINT('',(0.,0.));
#4458 = VECTOR('',#4459,1.);
#4459 = DIRECTION('',(1.,0.));
#4460 = ( GEOMETRIC_REPRESENTATION_CONTEXT(2) 
PARAMETRIC_REPRESENTATION_CONTEXT() REPRESENTATION_CONTEXT('2D SPACE',''
  ) );
#4461 = ORIENTED_EDGE('',*,*,#4462,.T.);
#4462 = EDGE_CURVE('',#4435,#4463,#4465,.T.);
#4463 = VERTEX_POINT('',#4464);
#4464 = CARTESIAN_POINT('',(381.9796974182,376.,369.35548585969));
#4465 = SURFACE_CURVE('',#4466,(#4470,#4477),.PCURVE_S1.);
#4466 = LINE('',#4467,#4468);
#4467 = CARTESIAN_POINT('',(381.73628061831,376.,368.48888013609));
#4468 = VECTOR('',#4469,1.);
#4469 = DIRECTION('',(0.270420177916,0.,0.962742399282));
#4470 = PCURVE('',#126,#4471);
#4471 = DEFINITIONAL_REPRESENTATION('',(#4472),#4476);
#4472 = LINE('',#4473,#4474);
#4473 = CARTESIAN_POINT('',(6.011119863901,19.736280618313));
#4474 = VECTOR('',#4475,1.);
#4475 = DIRECTION('',(-0.962742399282,0.270420177916));
#4476 = ( GEOMETRIC_REPRESENTATION_CONTEXT(2) 
PARAMETRIC_REPRESENTATION_CONTEXT() REPRESENTATION_CONTEXT('2D SPACE',''
  ) );
#4477 = PCURVE('',#4478,#4483);
#4478 = PLANE('',#4479);
#4479 = AXIS2_PLACEMENT_3D('',#4480,#4481,#4482);
#4480 = CARTESIAN_POINT('',(381.73628061831,376.,368.48888013609));
#4481 = DIRECTION('',(0.962742399282,0.,-0.270420177916));
#4482 = DIRECTION('',(0.270420177916,0.,0.962742399282));
#4483 = DEFINITIONAL_REPRESENTATION('',(#4484),#4488);
#4484 = LINE('',#4485,#4486);
#4485 = CARTESIAN_POINT('',(0.,0.));
#4486 = VECTOR('',#4487,1.);
#4487 = DIRECTION('',(1.,0.));
#4488 = ( GEOMETRIC_REPRESENTATION_CONTEXT(2) 
PARAMETRIC_REPRESENTATION_CONTEXT() REPRESENTATION_CONTEXT('2D SPACE',''
  ) );
#4489 = ORIENTED_EDGE('',*,*,#4490,.T.);
#4490 = EDGE_CURVE('',#4463,#4491,#4493,.T.);
#4491 = VERTEX_POINT('',#4492);
#4492 = CARTESIAN_POINT('',(382.18508172849,376.,370.23188445835));
#4493 = SURFACE_CURVE('',#4494,(#4498,#4505),.PCURVE_S1.);
#4494 = LINE('',#4495,#4496);
#4495 = CARTESIAN_POINT('',(381.9796974182,376.,369.35548585969));
#4496 = VECTOR('',#4497,1.);
#4497 = DIRECTION('',(0.228168564179,0.,0.973621644336));
#4498 = PCURVE('',#126,#4499);
#4499 = DEFINITIONAL_REPRESENTATION('',(#4500),#4504);
#4500 = LINE('',#4501,#4502);
#4501 = CARTESIAN_POINT('',(5.144514140304,19.979697418209));
#4502 = VECTOR('',#4503,1.);
#4503 = DIRECTION('',(-0.973621644336,0.228168564179));
#4504 = ( GEOMETRIC_REPRESENTATION_CONTEXT(2) 
PARAMETRIC_REPRESENTATION_CONTEXT() REPRESENTATION_CONTEXT('2D SPACE',''
  ) );
#4505 = PCURVE('',#4506,#4511);
#4506 = PLANE('',#4507);
#4507 = AXIS2_PLACEMENT_3D('',#4508,#4509,#4510);
#4508 = CARTESIAN_POINT('',(381.9796974182,376.,369.35548585969));
#4509 = DIRECTION('',(0.973621644336,0.,-0.228168564179));
#4510 = DIRECTION('',(0.228168564179,0.,0.973621644336));
#4511 = DEFINITIONAL_REPRESENTATION('',(#4512),#4516);
#4512 = LINE('',#4513,#4514);
#4513 = CARTESIAN_POINT('',(0.,0.));
#4514 = VECTOR('',#4515,1.);
#4515 = DIRECTION('',(1.,0.));
#4516 = ( GEOMETRIC_REPRESENTATION_CONTEXT(2) 
PARAMETRIC_REPRESENTATION_CONTEXT() REPRESENTATION_CONTEXT('2D SPACE',''
  ) );
#4517 = ORIENTED_EDGE('',*,*,#4518,.T.);
#4518 = EDGE_CURVE('',#4491,#4519,#4521,.T.);
#4519 = VERTEX_POINT('',#4520);
#4520 = CARTESIAN_POINT('',(382.35204258847,376.,371.11640765752));
#4521 = SURFACE_CURVE('',#4522,(#4526,#4533),.PCURVE_S1.);
#4522 = LINE('',#4523,#4524);
#4523 = CARTESIAN_POINT('',(382.18508172849,376.,370.23188445835));
#4524 = VECTOR('',#4525,1.);
#4525 = DIRECTION('',(0.185482618612,0.,0.982647545253));
#4526 = PCURVE('',#126,#4527);
#4527 = DEFINITIONAL_REPRESENTATION('',(#4528),#4532);
#4528 = LINE('',#4529,#4530);
#4529 = CARTESIAN_POINT('',(4.268115541647,20.185081728498));
#4530 = VECTOR('',#4531,1.);
#4531 = DIRECTION('',(-0.982647545253,0.185482618612));
#4532 = ( GEOMETRIC_REPRESENTATION_CONTEXT(2) 
PARAMETRIC_REPRESENTATION_CONTEXT() REPRESENTATION_CONTEXT('2D SPACE',''
  ) );
#4533 = PCURVE('',#4534,#4539);
#4534 = PLANE('',#4535);
#4535 = AXIS2_PLACEMENT_3D('',#4536,#4537,#4538);
#4536 = CARTESIAN_POINT('',(382.18508172849,376.,370.23188445835));
#4537 = DIRECTION('',(0.982647545253,0.,-0.185482618612));
#4538 = DIRECTION('',(0.185482618612,0.,0.982647545253));
#4539 = DEFINITIONAL_REPRESENTATION('',(#4540),#4544);
#4540 = LINE('',#4541,#4542);
#4541 = CARTESIAN_POINT('',(0.,0.));
#4542 = VECTOR('',#4543,1.);
#4543 = DIRECTION('',(1.,0.));
#4544 = ( GEOMETRIC_REPRESENTATION_CONTEXT(2) 
PARAMETRIC_REPRESENTATION_CONTEXT() REPRESENTATION_CONTEXT('2D SPACE',''
  ) );
#4545 = ORIENTED_EDGE('',*,*,#4546,.T.);
#4546 = EDGE_CURVE('',#4519,#142,#4547,.T.);
#4547 = SURFACE_CURVE('',#4548,(#4552,#4559),.PCURVE_S1.);
#4548 = LINE('',#4549,#4550);
#4549 = CARTESIAN_POINT('',(382.35204258847,376.,371.11640765752));
#4550 = VECTOR('',#4551,1.);
#4551 = DIRECTION('',(0.142443596339,0.,0.989802920718));
#4552 = PCURVE('',#126,#4553);
#4553 = DEFINITIONAL_REPRESENTATION('',(#4554),#4558);
#4554 = LINE('',#4555,#4556);
#4555 = CARTESIAN_POINT('',(3.383592342472,20.352042588471));
#4556 = VECTOR('',#4557,1.);
#4557 = DIRECTION('',(-0.989802920718,0.142443596339));
#4558 = ( GEOMETRIC_REPRESENTATION_CONTEXT(2) 
PARAMETRIC_REPRESENTATION_CONTEXT() REPRESENTATION_CONTEXT('2D SPACE',''
  ) );
#4559 = PCURVE('',#159,#4560);
#4560 = DEFINITIONAL_REPRESENTATION('',(#4561),#4565);
#4561 = LINE('',#4562,#4563);
#4562 = CARTESIAN_POINT('',(0.,0.));
#4563 = VECTOR('',#4564,1.);
#4564 = DIRECTION('',(1.,0.));
#4565 = ( GEOMETRIC_REPRESENTATION_CONTEXT(2) 
PARAMETRIC_REPRESENTATION_CONTEXT() REPRESENTATION_CONTEXT('2D SPACE',''
  ) );
#4566 = ORIENTED_EDGE('',*,*,#193,.T.);
#4567 = FACE_BOUND('',#4568,.T.);
#4568 = EDGE_LOOP('',(#4569));
#4569 = ORIENTED_EDGE('',*,*,#4570,.T.);
#4570 = EDGE_CURVE('',#4571,#4571,#4573,.T.);
#4571 = VERTEX_POINT('',#4572);
#4572 = CARTESIAN_POINT('',(362.,376.,380.5));
#4573 = SURFACE_CURVE('',#4574,(#4579,#4590),.PCURVE_S1.);
#4574 = CIRCLE('',#4575,6.);
#4575 = AXIS2_PLACEMENT_3D('',#4576,#4577,#4578);
#4576 = CARTESIAN_POINT('',(362.,376.,374.5));
#4577 = DIRECTION('',(0.,1.,0.));
#4578 = DIRECTION('',(0.,-0.,1.));
#4579 = PCURVE('',#126,#4580);
#4580 = DEFINITIONAL_REPRESENTATION('',(#4581),#4589);
#4581 = ( BOUNDED_CURVE() B_SPLINE_CURVE(2,(#4582,#4583,#4584,#4585,
#4586,#4587,#4588),.UNSPECIFIED.,.T.,.F.) B_SPLINE_CURVE_WITH_KNOTS((1,2
    ,2,2,2,1),(-2.094395102393,0.,2.094395102393,4.188790204786,
6.28318530718,8.377580409573),.UNSPECIFIED.) CURVE() 
GEOMETRIC_REPRESENTATION_ITEM() RATIONAL_B_SPLINE_CURVE((1.,0.5,1.,0.5,
1.,0.5,1.)) REPRESENTATION_ITEM('') );
#4582 = CARTESIAN_POINT('',(-6.,0.));
#4583 = CARTESIAN_POINT('',(-6.,10.392304845413));
#4584 = CARTESIAN_POINT('',(3.,5.196152422707));
#4585 = CARTESIAN_POINT('',(12.,1.469576158977E-15));
#4586 = CARTESIAN_POINT('',(3.,-5.196152422707));
#4587 = CARTESIAN_POINT('',(-6.,-10.39230484541));
#4588 = CARTESIAN_POINT('',(-6.,0.));
#4589 = ( GEOMETRIC_REPRESENTATION_CONTEXT(2) 
PARAMETRIC_REPRESENTATION_CONTEXT() REPRESENTATION_CONTEXT('2D SPACE',''
  ) );
#4590 = PCURVE('',#4591,#4596);
#4591 = CYLINDRICAL_SURFACE('',#4592,6.);
#4592 = AXIS2_PLACEMENT_3D('',#4593,#4594,#4595);
#4593 = CARTESIAN_POINT('',(362.,375.,374.5));
#4594 = DIRECTION('',(0.,1.,0.));
#4595 = DIRECTION('',(0.,-0.,1.));
#4596 = DEFINITIONAL_REPRESENTATION('',(#4597),#4601);
#4597 = LINE('',#4598,#4599);
#4598 = CARTESIAN_POINT('',(0.,1.));
#4599 = VECTOR('',#4600,1.);
#4600 = DIRECTION('',(1.,0.));
#4601 = ( GEOMETRIC_REPRESENTATION_CONTEXT(2) 
PARAMETRIC_REPRESENTATION_CONTEXT() REPRESENTATION_CONTEXT('2D SPACE',''
  ) );
#4602 = ADVANCED_FACE('',(#4603,#8125),#72,.F.);
#4603 = FACE_BOUND('',#4604,.F.);
#4604 = EDGE_LOOP('',(#4605,#4606,#4607,#4630,#4653,#4676,#4699,#4722,
    #4745,#4768,#4791,#4814,#4837,#4860,#4883,#4906,#4929,#4952,#4975,
    #4998,#5021,#5044,#5067,#5090,#5113,#5136,#5159,#5182,#5205,#5228,
    #5251,#5274,#5297,#5320,#5343,#5366,#5389,#5412,#5435,#5458,#5481,
    #5504,#5527,#5550,#5573,#5596,#5619,#5642,#5665,#5688,#5711,#5734,
    #5757,#5780,#5803,#5826,#5849,#5872,#5895,#5918,#5941,#5964,#5987,
    #6010,#6033,#6056,#6079,#6102,#6125,#6148,#6171,#6194,#6217,#6240,
    #6263,#6286,#6309,#6332,#6355,#6378,#6401,#6424,#6447,#6470,#6493,
    #6516,#6539,#6562,#6585,#6608,#6631,#6654,#6677,#6700,#6723,#6746,
    #6769,#6792,#6815,#6838,#6861,#6884,#6907,#6930,#6953,#6976,#6999,
    #7022,#7045,#7068,#7091,#7114,#7137,#7160,#7183,#7206,#7229,#7252,
    #7275,#7298,#7321,#7344,#7367,#7390,#7413,#7436,#7459,#7482,#7505,
    #7528,#7551,#7574,#7597,#7620,#7643,#7666,#7689,#7712,#7735,#7758,
    #7781,#7804,#7827,#7850,#7873,#7896,#7919,#7942,#7965,#7988,#8011,
    #8034,#8057,#8080,#8103,#8124));
#4605 = ORIENTED_EDGE('',*,*,#56,.T.);
#4606 = ORIENTED_EDGE('',*,*,#218,.T.);
#4607 = ORIENTED_EDGE('',*,*,#4608,.T.);
#4608 = EDGE_CURVE('',#219,#4609,#4611,.T.);
#4609 = VERTEX_POINT('',#4610);
#4610 = CARTESIAN_POINT('',(377.81330327707,388.,375.72767080374));
#4611 = SURFACE_CURVE('',#4612,(#4616,#4623),.PCURVE_S1.);
#4612 = LINE('',#4613,#4614);
#4613 = CARTESIAN_POINT('',(377.8608869908,388.,374.5));
#4614 = VECTOR('',#4615,1.);
#4615 = DIRECTION('',(-3.873026190514E-02,0.,0.999249701933));
#4616 = PCURVE('',#72,#4617);
#4617 = DEFINITIONAL_REPRESENTATION('',(#4618),#4622);
#4618 = LINE('',#4619,#4620);
#4619 = CARTESIAN_POINT('',(0.,15.860886990807));
#4620 = VECTOR('',#4621,1.);
#4621 = DIRECTION('',(-0.999249701933,-3.873026190514E-02));
#4622 = ( GEOMETRIC_REPRESENTATION_CONTEXT(2) 
PARAMETRIC_REPRESENTATION_CONTEXT() REPRESENTATION_CONTEXT('2D SPACE',''
  ) );
#4623 = PCURVE('',#257,#4624);
#4624 = DEFINITIONAL_REPRESENTATION('',(#4625),#4629);
#4625 = LINE('',#4626,#4627);
#4626 = CARTESIAN_POINT('',(0.,-12.));
#4627 = VECTOR('',#4628,1.);
#4628 = DIRECTION('',(1.,0.));
#4629 = ( GEOMETRIC_REPRESENTATION_CONTEXT(2) 
PARAMETRIC_REPRESENTATION_CONTEXT() REPRESENTATION_CONTEXT('2D SPACE',''
  ) );
#4630 = ORIENTED_EDGE('',*,*,#4631,.T.);
#4631 = EDGE_CURVE('',#4609,#4632,#4634,.T.);
#4632 = VERTEX_POINT('',#4633);
#4633 = CARTESIAN_POINT('',(377.67083764448,388.,376.94797541968));
#4634 = SURFACE_CURVE('',#4635,(#4639,#4646),.PCURVE_S1.);
#4635 = LINE('',#4636,#4637);
#4636 = CARTESIAN_POINT('',(377.81330327707,388.,375.72767080374));
#4637 = VECTOR('',#4638,1.);
#4638 = DIRECTION('',(-0.115958399003,0.,0.993254071072));
#4639 = PCURVE('',#72,#4640);
#4640 = DEFINITIONAL_REPRESENTATION('',(#4641),#4645);
#4641 = LINE('',#4642,#4643);
#4642 = CARTESIAN_POINT('',(-1.22767080374,15.813303277076));
#4643 = VECTOR('',#4644,1.);
#4644 = DIRECTION('',(-0.993254071072,-0.115958399003));
#4645 = ( GEOMETRIC_REPRESENTATION_CONTEXT(2) 
PARAMETRIC_REPRESENTATION_CONTEXT() REPRESENTATION_CONTEXT('2D SPACE',''
  ) );
#4646 = PCURVE('',#334,#4647);
#4647 = DEFINITIONAL_REPRESENTATION('',(#4648),#4652);
#4648 = LINE('',#4649,#4650);
#4649 = CARTESIAN_POINT('',(0.,-12.));
#4650 = VECTOR('',#4651,1.);
#4651 = DIRECTION('',(1.,0.));
#4652 = ( GEOMETRIC_REPRESENTATION_CONTEXT(2) 
PARAMETRIC_REPRESENTATION_CONTEXT() REPRESENTATION_CONTEXT('2D SPACE',''
  ) );
#4653 = ORIENTED_EDGE('',*,*,#4654,.T.);
#4654 = EDGE_CURVE('',#4632,#4655,#4657,.T.);
#4655 = VERTEX_POINT('',#4656);
#4656 = CARTESIAN_POINT('',(378.82940082589,388.,377.25564539212));
#4657 = SURFACE_CURVE('',#4658,(#4662,#4669),.PCURVE_S1.);
#4658 = LINE('',#4659,#4660);
#4659 = CARTESIAN_POINT('',(377.67083764448,388.,376.94797541968));
#4660 = VECTOR('',#4661,1.);
#4661 = DIRECTION('',(0.966500312362,0.,0.256665436325));
#4662 = PCURVE('',#72,#4663);
#4663 = DEFINITIONAL_REPRESENTATION('',(#4664),#4668);
#4664 = LINE('',#4665,#4666);
#4665 = CARTESIAN_POINT('',(-2.447975419685,15.670837644484));
#4666 = VECTOR('',#4667,1.);
#4667 = DIRECTION('',(-0.256665436325,0.966500312362));
#4668 = ( GEOMETRIC_REPRESENTATION_CONTEXT(2) 
PARAMETRIC_REPRESENTATION_CONTEXT() REPRESENTATION_CONTEXT('2D SPACE',''
  ) );
#4669 = PCURVE('',#362,#4670);
#4670 = DEFINITIONAL_REPRESENTATION('',(#4671),#4675);
#4671 = LINE('',#4672,#4673);
#4672 = CARTESIAN_POINT('',(0.,-12.));
#4673 = VECTOR('',#4674,1.);
#4674 = DIRECTION('',(1.,0.));
#4675 = ( GEOMETRIC_REPRESENTATION_CONTEXT(2) 
PARAMETRIC_REPRESENTATION_CONTEXT() REPRESENTATION_CONTEXT('2D SPACE',''
  ) );
#4676 = ORIENTED_EDGE('',*,*,#4677,.T.);
#4677 = EDGE_CURVE('',#4655,#4678,#4680,.T.);
#4678 = VERTEX_POINT('',#4679);
#4679 = CARTESIAN_POINT('',(379.98422834805,388.,377.58044423459));
#4680 = SURFACE_CURVE('',#4681,(#4685,#4692),.PCURVE_S1.);
#4681 = LINE('',#4682,#4683);
#4682 = CARTESIAN_POINT('',(378.82940082589,388.,377.25564539212));
#4683 = VECTOR('',#4684,1.);
#4684 = DIRECTION('',(0.962650157605,0.,0.270748359299));
#4685 = PCURVE('',#72,#4686);
#4686 = DEFINITIONAL_REPRESENTATION('',(#4687),#4691);
#4687 = LINE('',#4688,#4689);
#4688 = CARTESIAN_POINT('',(-2.755645392125,16.829400825898));
#4689 = VECTOR('',#4690,1.);
#4690 = DIRECTION('',(-0.270748359299,0.962650157605));
#4691 = ( GEOMETRIC_REPRESENTATION_CONTEXT(2) 
PARAMETRIC_REPRESENTATION_CONTEXT() REPRESENTATION_CONTEXT('2D SPACE',''
  ) );
#4692 = PCURVE('',#390,#4693);
#4693 = DEFINITIONAL_REPRESENTATION('',(#4694),#4698);
#4694 = LINE('',#4695,#4696);
#4695 = CARTESIAN_POINT('',(0.,-12.));
#4696 = VECTOR('',#4697,1.);
#4697 = DIRECTION('',(1.,0.));
#4698 = ( GEOMETRIC_REPRESENTATION_CONTEXT(2) 
PARAMETRIC_REPRESENTATION_CONTEXT() REPRESENTATION_CONTEXT('2D SPACE',''
  ) );
#4699 = ORIENTED_EDGE('',*,*,#4700,.T.);
#4700 = EDGE_CURVE('',#4678,#4701,#4703,.T.);
#4701 = VERTEX_POINT('',#4702);
#4702 = CARTESIAN_POINT('',(381.13513125869,388.,377.92233321906));
#4703 = SURFACE_CURVE('',#4704,(#4708,#4715),.PCURVE_S1.);
#4704 = LINE('',#4705,#4706);
#4705 = CARTESIAN_POINT('',(379.98422834805,388.,377.58044423459));
#4706 = VECTOR('',#4707,1.);
#4707 = DIRECTION('',(0.958598067206,0.,0.284762612623));
#4708 = PCURVE('',#72,#4709);
#4709 = DEFINITIONAL_REPRESENTATION('',(#4710),#4714);
#4710 = LINE('',#4711,#4712);
#4711 = CARTESIAN_POINT('',(-3.080444234599,17.984228348054));
#4712 = VECTOR('',#4713,1.);
#4713 = DIRECTION('',(-0.284762612623,0.958598067206));
#4714 = ( GEOMETRIC_REPRESENTATION_CONTEXT(2) 
PARAMETRIC_REPRESENTATION_CONTEXT() REPRESENTATION_CONTEXT('2D SPACE',''
  ) );
#4715 = PCURVE('',#418,#4716);
#4716 = DEFINITIONAL_REPRESENTATION('',(#4717),#4721);
#4717 = LINE('',#4718,#4719);
#4718 = CARTESIAN_POINT('',(0.,-12.));
#4719 = VECTOR('',#4720,1.);
#4720 = DIRECTION('',(1.,0.));
#4721 = ( GEOMETRIC_REPRESENTATION_CONTEXT(2) 
PARAMETRIC_REPRESENTATION_CONTEXT() REPRESENTATION_CONTEXT('2D SPACE',''
  ) );
#4722 = ORIENTED_EDGE('',*,*,#4723,.T.);
#4723 = EDGE_CURVE('',#4701,#4724,#4726,.T.);
#4724 = VERTEX_POINT('',#4725);
#4725 = CARTESIAN_POINT('',(382.09768032362,388.,379.16235780182));
#4726 = SURFACE_CURVE('',#4727,(#4731,#4738),.PCURVE_S1.);
#4727 = LINE('',#4728,#4729);
#4728 = CARTESIAN_POINT('',(381.13513125869,388.,377.92233321906));
#4729 = VECTOR('',#4730,1.);
#4730 = DIRECTION('',(0.613180418753,0.,0.789942892909));
#4731 = PCURVE('',#72,#4732);
#4732 = DEFINITIONAL_REPRESENTATION('',(#4733),#4737);
#4733 = LINE('',#4734,#4735);
#4734 = CARTESIAN_POINT('',(-3.422333219066,19.135131258695));
#4735 = VECTOR('',#4736,1.);
#4736 = DIRECTION('',(-0.789942892909,0.613180418753));
#4737 = ( GEOMETRIC_REPRESENTATION_CONTEXT(2) 
PARAMETRIC_REPRESENTATION_CONTEXT() REPRESENTATION_CONTEXT('2D SPACE',''
  ) );
#4738 = PCURVE('',#446,#4739);
#4739 = DEFINITIONAL_REPRESENTATION('',(#4740),#4744);
#4740 = LINE('',#4741,#4742);
#4741 = CARTESIAN_POINT('',(0.,-12.));
#4742 = VECTOR('',#4743,1.);
#4743 = DIRECTION('',(1.,0.));
#4744 = ( GEOMETRIC_REPRESENTATION_CONTEXT(2) 
PARAMETRIC_REPRESENTATION_CONTEXT() REPRESENTATION_CONTEXT('2D SPACE',''
  ) );
#4745 = ORIENTED_EDGE('',*,*,#4746,.T.);
#4746 = EDGE_CURVE('',#4724,#4747,#4749,.T.);
#4747 = VERTEX_POINT('',#4748);
#4748 = CARTESIAN_POINT('',(381.87518259424,388.,380.03456877347));
#4749 = SURFACE_CURVE('',#4750,(#4754,#4761),.PCURVE_S1.);
#4750 = LINE('',#4751,#4752);
#4751 = CARTESIAN_POINT('',(382.09768032362,388.,379.16235780182));
#4752 = VECTOR('',#4753,1.);
#4753 = DIRECTION('',(-0.24718045587,0.,0.968969464037));
#4754 = PCURVE('',#72,#4755);
#4755 = DEFINITIONAL_REPRESENTATION('',(#4756),#4760);
#4756 = LINE('',#4757,#4758);
#4757 = CARTESIAN_POINT('',(-4.662357801825,20.097680323628));
#4758 = VECTOR('',#4759,1.);
#4759 = DIRECTION('',(-0.968969464037,-0.24718045587));
#4760 = ( GEOMETRIC_REPRESENTATION_CONTEXT(2) 
PARAMETRIC_REPRESENTATION_CONTEXT() REPRESENTATION_CONTEXT('2D SPACE',''
  ) );
#4761 = PCURVE('',#474,#4762);
#4762 = DEFINITIONAL_REPRESENTATION('',(#4763),#4767);
#4763 = LINE('',#4764,#4765);
#4764 = CARTESIAN_POINT('',(0.,-12.));
#4765 = VECTOR('',#4766,1.);
#4766 = DIRECTION('',(1.,0.));
#4767 = ( GEOMETRIC_REPRESENTATION_CONTEXT(2) 
PARAMETRIC_REPRESENTATION_CONTEXT() REPRESENTATION_CONTEXT('2D SPACE',''
  ) );
#4768 = ORIENTED_EDGE('',*,*,#4769,.T.);
#4769 = EDGE_CURVE('',#4747,#4770,#4772,.T.);
#4770 = VERTEX_POINT('',#4771);
#4771 = CARTESIAN_POINT('',(381.61485132516,388.,380.89624437889));
#4772 = SURFACE_CURVE('',#4773,(#4777,#4784),.PCURVE_S1.);
#4773 = LINE('',#4774,#4775);
#4774 = CARTESIAN_POINT('',(381.87518259424,388.,380.03456877347));
#4775 = VECTOR('',#4776,1.);
#4776 = DIRECTION('',(-0.289211049244,0.,0.957265359759));
#4777 = PCURVE('',#72,#4778);
#4778 = DEFINITIONAL_REPRESENTATION('',(#4779),#4783);
#4779 = LINE('',#4780,#4781);
#4780 = CARTESIAN_POINT('',(-5.534568773473,19.875182594247));
#4781 = VECTOR('',#4782,1.);
#4782 = DIRECTION('',(-0.957265359759,-0.289211049244));
#4783 = ( GEOMETRIC_REPRESENTATION_CONTEXT(2) 
PARAMETRIC_REPRESENTATION_CONTEXT() REPRESENTATION_CONTEXT('2D SPACE',''
  ) );
#4784 = PCURVE('',#502,#4785);
#4785 = DEFINITIONAL_REPRESENTATION('',(#4786),#4790);
#4786 = LINE('',#4787,#4788);
#4787 = CARTESIAN_POINT('',(0.,-12.));
#4788 = VECTOR('',#4789,1.);
#4789 = DIRECTION('',(1.,0.));
#4790 = ( GEOMETRIC_REPRESENTATION_CONTEXT(2) 
PARAMETRIC_REPRESENTATION_CONTEXT() REPRESENTATION_CONTEXT('2D SPACE',''
  ) );
#4791 = ORIENTED_EDGE('',*,*,#4792,.T.);
#4792 = EDGE_CURVE('',#4770,#4793,#4795,.T.);
#4793 = VERTEX_POINT('',#4794);
#4794 = CARTESIAN_POINT('',(381.31718207175,388.,381.7457443696));
#4795 = SURFACE_CURVE('',#4796,(#4800,#4807),.PCURVE_S1.);
#4796 = LINE('',#4797,#4798);
#4797 = CARTESIAN_POINT('',(381.61485132516,388.,380.89624437889));
#4798 = VECTOR('',#4799,1.);
#4799 = DIRECTION('',(-0.330691112948,0.,0.943739046462));
#4800 = PCURVE('',#72,#4801);
#4801 = DEFINITIONAL_REPRESENTATION('',(#4802),#4806);
#4802 = LINE('',#4803,#4804);
#4803 = CARTESIAN_POINT('',(-6.396244378896,19.614851325167));
#4804 = VECTOR('',#4805,1.);
#4805 = DIRECTION('',(-0.943739046462,-0.330691112948));
#4806 = ( GEOMETRIC_REPRESENTATION_CONTEXT(2) 
PARAMETRIC_REPRESENTATION_CONTEXT() REPRESENTATION_CONTEXT('2D SPACE',''
  ) );
#4807 = PCURVE('',#530,#4808);
#4808 = DEFINITIONAL_REPRESENTATION('',(#4809),#4813);
#4809 = LINE('',#4810,#4811);
#4810 = CARTESIAN_POINT('',(0.,-12.));
#4811 = VECTOR('',#4812,1.);
#4812 = DIRECTION('',(1.,0.));
#4813 = ( GEOMETRIC_REPRESENTATION_CONTEXT(2) 
PARAMETRIC_REPRESENTATION_CONTEXT() REPRESENTATION_CONTEXT('2D SPACE',''
  ) );
#4814 = ORIENTED_EDGE('',*,*,#4815,.T.);
#4815 = EDGE_CURVE('',#4793,#4816,#4818,.T.);
#4816 = VERTEX_POINT('',#4817);
#4817 = CARTESIAN_POINT('',(380.98274146435,388.,382.58145167408));
#4818 = SURFACE_CURVE('',#4819,(#4823,#4830),.PCURVE_S1.);
#4819 = LINE('',#4820,#4821);
#4820 = CARTESIAN_POINT('',(381.31718207175,388.,381.7457443696));
#4821 = VECTOR('',#4822,1.);
#4822 = DIRECTION('',(-0.371541687323,0.,0.928416272251));
#4823 = PCURVE('',#72,#4824);
#4824 = DEFINITIONAL_REPRESENTATION('',(#4825),#4829);
#4825 = LINE('',#4826,#4827);
#4826 = CARTESIAN_POINT('',(-7.245744369604,19.317182071755));
#4827 = VECTOR('',#4828,1.);
#4828 = DIRECTION('',(-0.928416272251,-0.371541687323));
#4829 = ( GEOMETRIC_REPRESENTATION_CONTEXT(2) 
PARAMETRIC_REPRESENTATION_CONTEXT() REPRESENTATION_CONTEXT('2D SPACE',''
  ) );
#4830 = PCURVE('',#558,#4831);
#4831 = DEFINITIONAL_REPRESENTATION('',(#4832),#4836);
#4832 = LINE('',#4833,#4834);
#4833 = CARTESIAN_POINT('',(0.,-12.));
#4834 = VECTOR('',#4835,1.);
#4835 = DIRECTION('',(1.,0.));
#4836 = ( GEOMETRIC_REPRESENTATION_CONTEXT(2) 
PARAMETRIC_REPRESENTATION_CONTEXT() REPRESENTATION_CONTEXT('2D SPACE',''
  ) );
#4837 = ORIENTED_EDGE('',*,*,#4838,.T.);
#4838 = EDGE_CURVE('',#4816,#4839,#4841,.T.);
#4839 = VERTEX_POINT('',#4840);
#4840 = CARTESIAN_POINT('',(376.79533120854,388.,380.21540992095));
#4841 = SURFACE_CURVE('',#4842,(#4846,#4853),.PCURVE_S1.);
#4842 = LINE('',#4843,#4844);
#4843 = CARTESIAN_POINT('',(380.98274146435,388.,382.58145167408));
#4844 = VECTOR('',#4845,1.);
#4845 = DIRECTION('',(-0.870630105165,0.,-0.49193822781));
#4846 = PCURVE('',#72,#4847);
#4847 = DEFINITIONAL_REPRESENTATION('',(#4848),#4852);
#4848 = LINE('',#4849,#4850);
#4849 = CARTESIAN_POINT('',(-8.081451674085,18.982741464351));
#4850 = VECTOR('',#4851,1.);
#4851 = DIRECTION('',(0.49193822781,-0.870630105165));
#4852 = ( GEOMETRIC_REPRESENTATION_CONTEXT(2) 
PARAMETRIC_REPRESENTATION_CONTEXT() REPRESENTATION_CONTEXT('2D SPACE',''
  ) );
#4853 = PCURVE('',#586,#4854);
#4854 = DEFINITIONAL_REPRESENTATION('',(#4855),#4859);
#4855 = LINE('',#4856,#4857);
#4856 = CARTESIAN_POINT('',(0.,-12.));
#4857 = VECTOR('',#4858,1.);
#4858 = DIRECTION('',(1.,0.));
#4859 = ( GEOMETRIC_REPRESENTATION_CONTEXT(2) 
PARAMETRIC_REPRESENTATION_CONTEXT() REPRESENTATION_CONTEXT('2D SPACE',''
  ) );
#4860 = ORIENTED_EDGE('',*,*,#4861,.T.);
#4861 = EDGE_CURVE('',#4839,#4862,#4864,.T.);
#4862 = VERTEX_POINT('',#4863);
#4863 = CARTESIAN_POINT('',(376.30855775756,388.,381.34345753501));
#4864 = SURFACE_CURVE('',#4865,(#4869,#4876),.PCURVE_S1.);
#4865 = LINE('',#4866,#4867);
#4866 = CARTESIAN_POINT('',(376.79533120854,388.,380.21540992095));
#4867 = VECTOR('',#4868,1.);
#4868 = DIRECTION('',(-0.396204116217,0.,0.918162457462));
#4869 = PCURVE('',#72,#4870);
#4870 = DEFINITIONAL_REPRESENTATION('',(#4871),#4875);
#4871 = LINE('',#4872,#4873);
#4872 = CARTESIAN_POINT('',(-5.715409920955,14.795331208547));
#4873 = VECTOR('',#4874,1.);
#4874 = DIRECTION('',(-0.918162457462,-0.396204116217));
#4875 = ( GEOMETRIC_REPRESENTATION_CONTEXT(2) 
PARAMETRIC_REPRESENTATION_CONTEXT() REPRESENTATION_CONTEXT('2D SPACE',''
  ) );
#4876 = PCURVE('',#614,#4877);
#4877 = DEFINITIONAL_REPRESENTATION('',(#4878),#4882);
#4878 = LINE('',#4879,#4880);
#4879 = CARTESIAN_POINT('',(0.,-12.));
#4880 = VECTOR('',#4881,1.);
#4881 = DIRECTION('',(1.,0.));
#4882 = ( GEOMETRIC_REPRESENTATION_CONTEXT(2) 
PARAMETRIC_REPRESENTATION_CONTEXT() REPRESENTATION_CONTEXT('2D SPACE',''
  ) );
#4883 = ORIENTED_EDGE('',*,*,#4884,.T.);
#4884 = EDGE_CURVE('',#4862,#4885,#4887,.T.);
#4885 = VERTEX_POINT('',#4886);
#4886 = CARTESIAN_POINT('',(375.73593106059,388.,382.4304434954));
#4887 = SURFACE_CURVE('',#4888,(#4892,#4899),.PCURVE_S1.);
#4888 = LINE('',#4889,#4890);
#4889 = CARTESIAN_POINT('',(376.30855775756,388.,381.34345753501));
#4890 = VECTOR('',#4891,1.);
#4891 = DIRECTION('',(-0.466083460261,0.,0.88474075755));
#4892 = PCURVE('',#72,#4893);
#4893 = DEFINITIONAL_REPRESENTATION('',(#4894),#4898);
#4894 = LINE('',#4895,#4896);
#4895 = CARTESIAN_POINT('',(-6.843457535015,14.308557757565));
#4896 = VECTOR('',#4897,1.);
#4897 = DIRECTION('',(-0.88474075755,-0.466083460261));
#4898 = ( GEOMETRIC_REPRESENTATION_CONTEXT(2) 
PARAMETRIC_REPRESENTATION_CONTEXT() REPRESENTATION_CONTEXT('2D SPACE',''
  ) );
#4899 = PCURVE('',#642,#4900);
#4900 = DEFINITIONAL_REPRESENTATION('',(#4901),#4905);
#4901 = LINE('',#4902,#4903);
#4902 = CARTESIAN_POINT('',(0.,-12.));
#4903 = VECTOR('',#4904,1.);
#4904 = DIRECTION('',(1.,0.));
#4905 = ( GEOMETRIC_REPRESENTATION_CONTEXT(2) 
PARAMETRIC_REPRESENTATION_CONTEXT() REPRESENTATION_CONTEXT('2D SPACE',''
  ) );
#4906 = ORIENTED_EDGE('',*,*,#4907,.T.);
#4907 = EDGE_CURVE('',#4885,#4908,#4910,.T.);
#4908 = VERTEX_POINT('',#4909);
#4909 = CARTESIAN_POINT('',(375.08088695382,388.,383.46984574206));
#4910 = SURFACE_CURVE('',#4911,(#4915,#4922),.PCURVE_S1.);
#4911 = LINE('',#4912,#4913);
#4912 = CARTESIAN_POINT('',(375.73593106059,388.,382.4304434954));
#4913 = VECTOR('',#4914,1.);
#4914 = DIRECTION('',(-0.533166241671,0.,0.846010495645));
#4915 = PCURVE('',#72,#4916);
#4916 = DEFINITIONAL_REPRESENTATION('',(#4917),#4921);
#4917 = LINE('',#4918,#4919);
#4918 = CARTESIAN_POINT('',(-7.930443495403,13.735931060593));
#4919 = VECTOR('',#4920,1.);
#4920 = DIRECTION('',(-0.846010495645,-0.533166241671));
#4921 = ( GEOMETRIC_REPRESENTATION_CONTEXT(2) 
PARAMETRIC_REPRESENTATION_CONTEXT() REPRESENTATION_CONTEXT('2D SPACE',''
  ) );
#4922 = PCURVE('',#670,#4923);
#4923 = DEFINITIONAL_REPRESENTATION('',(#4924),#4928);
#4924 = LINE('',#4925,#4926);
#4925 = CARTESIAN_POINT('',(0.,-12.));
#4926 = VECTOR('',#4927,1.);
#4927 = DIRECTION('',(1.,0.));
#4928 = ( GEOMETRIC_REPRESENTATION_CONTEXT(2) 
PARAMETRIC_REPRESENTATION_CONTEXT() REPRESENTATION_CONTEXT('2D SPACE',''
  ) );
#4929 = ORIENTED_EDGE('',*,*,#4930,.T.);
#4930 = EDGE_CURVE('',#4908,#4931,#4933,.T.);
#4931 = VERTEX_POINT('',#4932);
#4932 = CARTESIAN_POINT('',(374.34735578886,388.,384.45542772352));
#4933 = SURFACE_CURVE('',#4934,(#4938,#4945),.PCURVE_S1.);
#4934 = LINE('',#4935,#4936);
#4935 = CARTESIAN_POINT('',(375.08088695382,388.,383.46984574206));
#4936 = VECTOR('',#4937,1.);
#4937 = DIRECTION('',(-0.597049954854,0.,0.802204058459));
#4938 = PCURVE('',#72,#4939);
#4939 = DEFINITIONAL_REPRESENTATION('',(#4940),#4944);
#4940 = LINE('',#4941,#4942);
#4941 = CARTESIAN_POINT('',(-8.969845742061,13.080886953826));
#4942 = VECTOR('',#4943,1.);
#4943 = DIRECTION('',(-0.802204058459,-0.597049954854));
#4944 = ( GEOMETRIC_REPRESENTATION_CONTEXT(2) 
PARAMETRIC_REPRESENTATION_CONTEXT() REPRESENTATION_CONTEXT('2D SPACE',''
  ) );
#4945 = PCURVE('',#698,#4946);
#4946 = DEFINITIONAL_REPRESENTATION('',(#4947),#4951);
#4947 = LINE('',#4948,#4949);
#4948 = CARTESIAN_POINT('',(0.,-12.));
#4949 = VECTOR('',#4950,1.);
#4950 = DIRECTION('',(1.,0.));
#4951 = ( GEOMETRIC_REPRESENTATION_CONTEXT(2) 
PARAMETRIC_REPRESENTATION_CONTEXT() REPRESENTATION_CONTEXT('2D SPACE',''
  ) );
#4952 = ORIENTED_EDGE('',*,*,#4953,.T.);
#4953 = EDGE_CURVE('',#4931,#4954,#4956,.T.);
#4954 = VERTEX_POINT('',#4955);
#4955 = CARTESIAN_POINT('',(375.19686594963,388.,385.30115932635));
#4956 = SURFACE_CURVE('',#4957,(#4961,#4968),.PCURVE_S1.);
#4957 = LINE('',#4958,#4959);
#4958 = CARTESIAN_POINT('',(374.34735578886,388.,384.45542772352));
#4959 = VECTOR('',#4960,1.);
#4960 = DIRECTION('',(0.708681105109,0.,0.705528944312));
#4961 = PCURVE('',#72,#4962);
#4962 = DEFINITIONAL_REPRESENTATION('',(#4963),#4967);
#4963 = LINE('',#4964,#4965);
#4964 = CARTESIAN_POINT('',(-9.955427723529,12.347355788862));
#4965 = VECTOR('',#4966,1.);
#4966 = DIRECTION('',(-0.705528944312,0.708681105109));
#4967 = ( GEOMETRIC_REPRESENTATION_CONTEXT(2) 
PARAMETRIC_REPRESENTATION_CONTEXT() REPRESENTATION_CONTEXT('2D SPACE',''
  ) );
#4968 = PCURVE('',#726,#4969);
#4969 = DEFINITIONAL_REPRESENTATION('',(#4970),#4974);
#4970 = LINE('',#4971,#4972);
#4971 = CARTESIAN_POINT('',(0.,-12.));
#4972 = VECTOR('',#4973,1.);
#4973 = DIRECTION('',(1.,0.));
#4974 = ( GEOMETRIC_REPRESENTATION_CONTEXT(2) 
PARAMETRIC_REPRESENTATION_CONTEXT() REPRESENTATION_CONTEXT('2D SPACE',''
  ) );
#4975 = ORIENTED_EDGE('',*,*,#4976,.T.);
#4976 = EDGE_CURVE('',#4954,#4977,#4979,.T.);
#4977 = VERTEX_POINT('',#4978);
#4978 = CARTESIAN_POINT('',(376.03457649957,388.,386.15985713613));
#4979 = SURFACE_CURVE('',#4980,(#4984,#4991),.PCURVE_S1.);
#4980 = LINE('',#4981,#4982);
#4981 = CARTESIAN_POINT('',(375.19686594963,388.,385.30115932635));
#4982 = VECTOR('',#4983,1.);
#4983 = DIRECTION('',(0.698305311793,0.,0.715800035989));
#4984 = PCURVE('',#72,#4985);
#4985 = DEFINITIONAL_REPRESENTATION('',(#4986),#4990);
#4986 = LINE('',#4987,#4988);
#4987 = CARTESIAN_POINT('',(-10.80115932635,13.196865949636));
#4988 = VECTOR('',#4989,1.);
#4989 = DIRECTION('',(-0.715800035989,0.698305311793));
#4990 = ( GEOMETRIC_REPRESENTATION_CONTEXT(2) 
PARAMETRIC_REPRESENTATION_CONTEXT() REPRESENTATION_CONTEXT('2D SPACE',''
  ) );
#4991 = PCURVE('',#754,#4992);
#4992 = DEFINITIONAL_REPRESENTATION('',(#4993),#4997);
#4993 = LINE('',#4994,#4995);
#4994 = CARTESIAN_POINT('',(0.,-12.));
#4995 = VECTOR('',#4996,1.);
#4996 = DIRECTION('',(1.,0.));
#4997 = ( GEOMETRIC_REPRESENTATION_CONTEXT(2) 
PARAMETRIC_REPRESENTATION_CONTEXT() REPRESENTATION_CONTEXT('2D SPACE',''
  ) );
#4998 = ORIENTED_EDGE('',*,*,#4999,.T.);
#4999 = EDGE_CURVE('',#4977,#5000,#5002,.T.);
#5000 = VERTEX_POINT('',#5001);
#5001 = CARTESIAN_POINT('',(376.86034316524,388.,387.03139313727));
#5002 = SURFACE_CURVE('',#5003,(#5007,#5014),.PCURVE_S1.);
#5003 = LINE('',#5004,#5005);
#5004 = CARTESIAN_POINT('',(376.03457649957,388.,386.15985713613));
#5005 = VECTOR('',#5006,1.);
#5006 = DIRECTION('',(0.687788971908,0.,0.725910690183));
#5007 = PCURVE('',#72,#5008);
#5008 = DEFINITIONAL_REPRESENTATION('',(#5009),#5013);
#5009 = LINE('',#5010,#5011);
#5010 = CARTESIAN_POINT('',(-11.65985713613,14.034576499576));
#5011 = VECTOR('',#5012,1.);
#5012 = DIRECTION('',(-0.725910690183,0.687788971908));
#5013 = ( GEOMETRIC_REPRESENTATION_CONTEXT(2) 
PARAMETRIC_REPRESENTATION_CONTEXT() REPRESENTATION_CONTEXT('2D SPACE',''
  ) );
#5014 = PCURVE('',#782,#5015);
#5015 = DEFINITIONAL_REPRESENTATION('',(#5016),#5020);
#5016 = LINE('',#5017,#5018);
#5017 = CARTESIAN_POINT('',(0.,-12.));
#5018 = VECTOR('',#5019,1.);
#5019 = DIRECTION('',(1.,0.));
#5020 = ( GEOMETRIC_REPRESENTATION_CONTEXT(2) 
PARAMETRIC_REPRESENTATION_CONTEXT() REPRESENTATION_CONTEXT('2D SPACE',''
  ) );
#5021 = ORIENTED_EDGE('',*,*,#5022,.T.);
#5022 = EDGE_CURVE('',#5000,#5023,#5025,.T.);
#5023 = VERTEX_POINT('',#5024);
#5024 = CARTESIAN_POINT('',(377.07392281648,388.,388.58656045972));
#5025 = SURFACE_CURVE('',#5026,(#5030,#5037),.PCURVE_S1.);
#5026 = LINE('',#5027,#5028);
#5027 = CARTESIAN_POINT('',(376.86034316524,388.,387.03139313727));
#5028 = VECTOR('',#5029,1.);
#5029 = DIRECTION('',(0.136058373289,0.,0.990700822175));
#5030 = PCURVE('',#72,#5031);
#5031 = DEFINITIONAL_REPRESENTATION('',(#5032),#5036);
#5032 = LINE('',#5033,#5034);
#5033 = CARTESIAN_POINT('',(-12.53139313727,14.860343165246));
#5034 = VECTOR('',#5035,1.);
#5035 = DIRECTION('',(-0.990700822175,0.136058373289));
#5036 = ( GEOMETRIC_REPRESENTATION_CONTEXT(2) 
PARAMETRIC_REPRESENTATION_CONTEXT() REPRESENTATION_CONTEXT('2D SPACE',''
  ) );
#5037 = PCURVE('',#810,#5038);
#5038 = DEFINITIONAL_REPRESENTATION('',(#5039),#5043);
#5039 = LINE('',#5040,#5041);
#5040 = CARTESIAN_POINT('',(0.,-12.));
#5041 = VECTOR('',#5042,1.);
#5042 = DIRECTION('',(1.,0.));
#5043 = ( GEOMETRIC_REPRESENTATION_CONTEXT(2) 
PARAMETRIC_REPRESENTATION_CONTEXT() REPRESENTATION_CONTEXT('2D SPACE',''
  ) );
#5044 = ORIENTED_EDGE('',*,*,#5045,.T.);
#5045 = EDGE_CURVE('',#5023,#5046,#5048,.T.);
#5046 = VERTEX_POINT('',#5047);
#5047 = CARTESIAN_POINT('',(376.44512864473,388.,389.23066845394));
#5048 = SURFACE_CURVE('',#5049,(#5053,#5060),.PCURVE_S1.);
#5049 = LINE('',#5050,#5051);
#5050 = CARTESIAN_POINT('',(377.07392281648,388.,388.58656045972));
#5051 = VECTOR('',#5052,1.);
#5052 = DIRECTION('',(-0.698549286121,0.,0.715561943412));
#5053 = PCURVE('',#72,#5054);
#5054 = DEFINITIONAL_REPRESENTATION('',(#5055),#5059);
#5055 = LINE('',#5056,#5057);
#5056 = CARTESIAN_POINT('',(-14.08656045972,15.073922816488));
#5057 = VECTOR('',#5058,1.);
#5058 = DIRECTION('',(-0.715561943412,-0.698549286121));
#5059 = ( GEOMETRIC_REPRESENTATION_CONTEXT(2) 
PARAMETRIC_REPRESENTATION_CONTEXT() REPRESENTATION_CONTEXT('2D SPACE',''
  ) );
#5060 = PCURVE('',#838,#5061);
#5061 = DEFINITIONAL_REPRESENTATION('',(#5062),#5066);
#5062 = LINE('',#5063,#5064);
#5063 = CARTESIAN_POINT('',(0.,-12.));
#5064 = VECTOR('',#5065,1.);
#5065 = DIRECTION('',(1.,0.));
#5066 = ( GEOMETRIC_REPRESENTATION_CONTEXT(2) 
PARAMETRIC_REPRESENTATION_CONTEXT() REPRESENTATION_CONTEXT('2D SPACE',''
  ) );
#5067 = ORIENTED_EDGE('',*,*,#5068,.T.);
#5068 = EDGE_CURVE('',#5046,#5069,#5071,.T.);
#5069 = VERTEX_POINT('',#5070);
#5070 = CARTESIAN_POINT('',(375.7888373496,388.,389.84673578352));
#5071 = SURFACE_CURVE('',#5072,(#5076,#5083),.PCURVE_S1.);
#5072 = LINE('',#5073,#5074);
#5073 = CARTESIAN_POINT('',(376.44512864473,388.,389.23066845394));
#5074 = VECTOR('',#5075,1.);
#5075 = DIRECTION('',(-0.72909679558,0.,0.684410595092));
#5076 = PCURVE('',#72,#5077);
#5077 = DEFINITIONAL_REPRESENTATION('',(#5078),#5082);
#5078 = LINE('',#5079,#5080);
#5079 = CARTESIAN_POINT('',(-14.73066845394,14.445128644736));
#5080 = VECTOR('',#5081,1.);
#5081 = DIRECTION('',(-0.684410595092,-0.72909679558));
#5082 = ( GEOMETRIC_REPRESENTATION_CONTEXT(2) 
PARAMETRIC_REPRESENTATION_CONTEXT() REPRESENTATION_CONTEXT('2D SPACE',''
  ) );
#5083 = PCURVE('',#866,#5084);
#5084 = DEFINITIONAL_REPRESENTATION('',(#5085),#5089);
#5085 = LINE('',#5086,#5087);
#5086 = CARTESIAN_POINT('',(0.,-12.));
#5087 = VECTOR('',#5088,1.);
#5088 = DIRECTION('',(1.,0.));
#5089 = ( GEOMETRIC_REPRESENTATION_CONTEXT(2) 
PARAMETRIC_REPRESENTATION_CONTEXT() REPRESENTATION_CONTEXT('2D SPACE',''
  ) );
#5090 = ORIENTED_EDGE('',*,*,#5091,.T.);
#5091 = EDGE_CURVE('',#5069,#5092,#5094,.T.);
#5092 = VERTEX_POINT('',#5093);
#5093 = CARTESIAN_POINT('',(375.10629821886,388.,390.43358972928));
#5094 = SURFACE_CURVE('',#5095,(#5099,#5106),.PCURVE_S1.);
#5095 = LINE('',#5096,#5097);
#5096 = CARTESIAN_POINT('',(375.7888373496,388.,389.84673578352));
#5097 = VECTOR('',#5098,1.);
#5098 = DIRECTION('',(-0.75825642785,0.,0.651956432306));
#5099 = PCURVE('',#72,#5100);
#5100 = DEFINITIONAL_REPRESENTATION('',(#5101),#5105);
#5101 = LINE('',#5102,#5103);
#5102 = CARTESIAN_POINT('',(-15.34673578352,13.788837349602));
#5103 = VECTOR('',#5104,1.);
#5104 = DIRECTION('',(-0.651956432306,-0.75825642785));
#5105 = ( GEOMETRIC_REPRESENTATION_CONTEXT(2) 
PARAMETRIC_REPRESENTATION_CONTEXT() REPRESENTATION_CONTEXT('2D SPACE',''
  ) );
#5106 = PCURVE('',#894,#5107);
#5107 = DEFINITIONAL_REPRESENTATION('',(#5108),#5112);
#5108 = LINE('',#5109,#5110);
#5109 = CARTESIAN_POINT('',(0.,-12.));
#5110 = VECTOR('',#5111,1.);
#5111 = DIRECTION('',(1.,0.));
#5112 = ( GEOMETRIC_REPRESENTATION_CONTEXT(2) 
PARAMETRIC_REPRESENTATION_CONTEXT() REPRESENTATION_CONTEXT('2D SPACE',''
  ) );
#5113 = ORIENTED_EDGE('',*,*,#5114,.T.);
#5114 = EDGE_CURVE('',#5092,#5115,#5117,.T.);
#5115 = VERTEX_POINT('',#5116);
#5116 = CARTESIAN_POINT('',(374.39881050455,388.,390.99011318138));
#5117 = SURFACE_CURVE('',#5118,(#5122,#5129),.PCURVE_S1.);
#5118 = LINE('',#5119,#5120);
#5119 = CARTESIAN_POINT('',(375.10629821886,388.,390.43358972928));
#5120 = VECTOR('',#5121,1.);
#5121 = DIRECTION('',(-0.785972675912,0.,0.618261233395));
#5122 = PCURVE('',#72,#5123);
#5123 = DEFINITIONAL_REPRESENTATION('',(#5124),#5128);
#5124 = LINE('',#5125,#5126);
#5125 = CARTESIAN_POINT('',(-15.93358972928,13.106298218867));
#5126 = VECTOR('',#5127,1.);
#5127 = DIRECTION('',(-0.618261233395,-0.785972675912));
#5128 = ( GEOMETRIC_REPRESENTATION_CONTEXT(2) 
PARAMETRIC_REPRESENTATION_CONTEXT() REPRESENTATION_CONTEXT('2D SPACE',''
  ) );
#5129 = PCURVE('',#922,#5130);
#5130 = DEFINITIONAL_REPRESENTATION('',(#5131),#5135);
#5131 = LINE('',#5132,#5133);
#5132 = CARTESIAN_POINT('',(0.,-12.));
#5133 = VECTOR('',#5134,1.);
#5134 = DIRECTION('',(1.,0.));
#5135 = ( GEOMETRIC_REPRESENTATION_CONTEXT(2) 
PARAMETRIC_REPRESENTATION_CONTEXT() REPRESENTATION_CONTEXT('2D SPACE',''
  ) );
#5136 = ORIENTED_EDGE('',*,*,#5137,.T.);
#5137 = EDGE_CURVE('',#5115,#5138,#5140,.T.);
#5138 = VERTEX_POINT('',#5139);
#5139 = CARTESIAN_POINT('',(371.95542772352,388.,386.84735578886));
#5140 = SURFACE_CURVE('',#5141,(#5145,#5152),.PCURVE_S1.);
#5141 = LINE('',#5142,#5143);
#5142 = CARTESIAN_POINT('',(374.39881050455,388.,390.99011318138));
#5143 = VECTOR('',#5144,1.);
#5144 = DIRECTION('',(-0.508018674468,0.,-0.861346054958));
#5145 = PCURVE('',#72,#5146);
#5146 = DEFINITIONAL_REPRESENTATION('',(#5147),#5151);
#5147 = LINE('',#5148,#5149);
#5148 = CARTESIAN_POINT('',(-16.49011318138,12.398810504558));
#5149 = VECTOR('',#5150,1.);
#5150 = DIRECTION('',(0.861346054958,-0.508018674468));
#5151 = ( GEOMETRIC_REPRESENTATION_CONTEXT(2) 
PARAMETRIC_REPRESENTATION_CONTEXT() REPRESENTATION_CONTEXT('2D SPACE',''
  ) );
#5152 = PCURVE('',#950,#5153);
#5153 = DEFINITIONAL_REPRESENTATION('',(#5154),#5158);
#5154 = LINE('',#5155,#5156);
#5155 = CARTESIAN_POINT('',(0.,-12.));
#5156 = VECTOR('',#5157,1.);
#5157 = DIRECTION('',(1.,0.));
#5158 = ( GEOMETRIC_REPRESENTATION_CONTEXT(2) 
PARAMETRIC_REPRESENTATION_CONTEXT() REPRESENTATION_CONTEXT('2D SPACE',''
  ) );
#5159 = ORIENTED_EDGE('',*,*,#5160,.T.);
#5160 = EDGE_CURVE('',#5138,#5161,#5163,.T.);
#5161 = VERTEX_POINT('',#5162);
#5162 = CARTESIAN_POINT('',(370.96984574206,388.,387.58088695382));
#5163 = SURFACE_CURVE('',#5164,(#5168,#5175),.PCURVE_S1.);
#5164 = LINE('',#5165,#5166);
#5165 = CARTESIAN_POINT('',(371.95542772352,388.,386.84735578886));
#5166 = VECTOR('',#5167,1.);
#5167 = DIRECTION('',(-0.802204058459,0.,0.597049954854));
#5168 = PCURVE('',#72,#5169);
#5169 = DEFINITIONAL_REPRESENTATION('',(#5170),#5174);
#5170 = LINE('',#5171,#5172);
#5171 = CARTESIAN_POINT('',(-12.34735578886,9.955427723529));
#5172 = VECTOR('',#5173,1.);
#5173 = DIRECTION('',(-0.597049954854,-0.802204058459));
#5174 = ( GEOMETRIC_REPRESENTATION_CONTEXT(2) 
PARAMETRIC_REPRESENTATION_CONTEXT() REPRESENTATION_CONTEXT('2D SPACE',''
  ) );
#5175 = PCURVE('',#978,#5176);
#5176 = DEFINITIONAL_REPRESENTATION('',(#5177),#5181);
#5177 = LINE('',#5178,#5179);
#5178 = CARTESIAN_POINT('',(0.,-12.));
#5179 = VECTOR('',#5180,1.);
#5180 = DIRECTION('',(1.,0.));
#5181 = ( GEOMETRIC_REPRESENTATION_CONTEXT(2) 
PARAMETRIC_REPRESENTATION_CONTEXT() REPRESENTATION_CONTEXT('2D SPACE',''
  ) );
#5182 = ORIENTED_EDGE('',*,*,#5183,.T.);
#5183 = EDGE_CURVE('',#5161,#5184,#5186,.T.);
#5184 = VERTEX_POINT('',#5185);
#5185 = CARTESIAN_POINT('',(369.9304434954,388.,388.23593106059));
#5186 = SURFACE_CURVE('',#5187,(#5191,#5198),.PCURVE_S1.);
#5187 = LINE('',#5188,#5189);
#5188 = CARTESIAN_POINT('',(370.96984574206,388.,387.58088695382));
#5189 = VECTOR('',#5190,1.);
#5190 = DIRECTION('',(-0.846010495645,0.,0.533166241671));
#5191 = PCURVE('',#72,#5192);
#5192 = DEFINITIONAL_REPRESENTATION('',(#5193),#5197);
#5193 = LINE('',#5194,#5195);
#5194 = CARTESIAN_POINT('',(-13.08088695382,8.969845742061));
#5195 = VECTOR('',#5196,1.);
#5196 = DIRECTION('',(-0.533166241671,-0.846010495645));
#5197 = ( GEOMETRIC_REPRESENTATION_CONTEXT(2) 
PARAMETRIC_REPRESENTATION_CONTEXT() REPRESENTATION_CONTEXT('2D SPACE',''
  ) );
#5198 = PCURVE('',#1006,#5199);
#5199 = DEFINITIONAL_REPRESENTATION('',(#5200),#5204);
#5200 = LINE('',#5201,#5202);
#5201 = CARTESIAN_POINT('',(0.,-12.));
#5202 = VECTOR('',#5203,1.);
#5203 = DIRECTION('',(1.,0.));
#5204 = ( GEOMETRIC_REPRESENTATION_CONTEXT(2) 
PARAMETRIC_REPRESENTATION_CONTEXT() REPRESENTATION_CONTEXT('2D SPACE',''
  ) );
#5205 = ORIENTED_EDGE('',*,*,#5206,.T.);
#5206 = EDGE_CURVE('',#5184,#5207,#5209,.T.);
#5207 = VERTEX_POINT('',#5208);
#5208 = CARTESIAN_POINT('',(368.84345753501,388.,388.80855775756));
#5209 = SURFACE_CURVE('',#5210,(#5214,#5221),.PCURVE_S1.);
#5210 = LINE('',#5211,#5212);
#5211 = CARTESIAN_POINT('',(369.9304434954,388.,388.23593106059));
#5212 = VECTOR('',#5213,1.);
#5213 = DIRECTION('',(-0.88474075755,0.,0.466083460261));
#5214 = PCURVE('',#72,#5215);
#5215 = DEFINITIONAL_REPRESENTATION('',(#5216),#5220);
#5216 = LINE('',#5217,#5218);
#5217 = CARTESIAN_POINT('',(-13.73593106059,7.930443495403));
#5218 = VECTOR('',#5219,1.);
#5219 = DIRECTION('',(-0.466083460261,-0.88474075755));
#5220 = ( GEOMETRIC_REPRESENTATION_CONTEXT(2) 
PARAMETRIC_REPRESENTATION_CONTEXT() REPRESENTATION_CONTEXT('2D SPACE',''
  ) );
#5221 = PCURVE('',#1034,#5222);
#5222 = DEFINITIONAL_REPRESENTATION('',(#5223),#5227);
#5223 = LINE('',#5224,#5225);
#5224 = CARTESIAN_POINT('',(0.,-12.));
#5225 = VECTOR('',#5226,1.);
#5226 = DIRECTION('',(1.,0.));
#5227 = ( GEOMETRIC_REPRESENTATION_CONTEXT(2) 
PARAMETRIC_REPRESENTATION_CONTEXT() REPRESENTATION_CONTEXT('2D SPACE',''
  ) );
#5228 = ORIENTED_EDGE('',*,*,#5229,.T.);
#5229 = EDGE_CURVE('',#5207,#5230,#5232,.T.);
#5230 = VERTEX_POINT('',#5231);
#5231 = CARTESIAN_POINT('',(367.71540992095,388.,389.29533120854));
#5232 = SURFACE_CURVE('',#5233,(#5237,#5244),.PCURVE_S1.);
#5233 = LINE('',#5234,#5235);
#5234 = CARTESIAN_POINT('',(368.84345753501,388.,388.80855775756));
#5235 = VECTOR('',#5236,1.);
#5236 = DIRECTION('',(-0.918162457462,0.,0.396204116217));
#5237 = PCURVE('',#72,#5238);
#5238 = DEFINITIONAL_REPRESENTATION('',(#5239),#5243);
#5239 = LINE('',#5240,#5241);
#5240 = CARTESIAN_POINT('',(-14.30855775756,6.843457535015));
#5241 = VECTOR('',#5242,1.);
#5242 = DIRECTION('',(-0.396204116217,-0.918162457462));
#5243 = ( GEOMETRIC_REPRESENTATION_CONTEXT(2) 
PARAMETRIC_REPRESENTATION_CONTEXT() REPRESENTATION_CONTEXT('2D SPACE',''
  ) );
#5244 = PCURVE('',#1062,#5245);
#5245 = DEFINITIONAL_REPRESENTATION('',(#5246),#5250);
#5246 = LINE('',#5247,#5248);
#5247 = CARTESIAN_POINT('',(0.,-12.));
#5248 = VECTOR('',#5249,1.);
#5249 = DIRECTION('',(1.,0.));
#5250 = ( GEOMETRIC_REPRESENTATION_CONTEXT(2) 
PARAMETRIC_REPRESENTATION_CONTEXT() REPRESENTATION_CONTEXT('2D SPACE',''
  ) );
#5251 = ORIENTED_EDGE('',*,*,#5252,.T.);
#5252 = EDGE_CURVE('',#5230,#5253,#5255,.T.);
#5253 = VERTEX_POINT('',#5254);
#5254 = CARTESIAN_POINT('',(368.02824149954,388.,390.45251134176));
#5255 = SURFACE_CURVE('',#5256,(#5260,#5267),.PCURVE_S1.);
#5256 = LINE('',#5257,#5258);
#5257 = CARTESIAN_POINT('',(367.71540992095,388.,389.29533120854));
#5258 = VECTOR('',#5259,1.);
#5259 = DIRECTION('',(0.26097136805,0.,0.965346541434));
#5260 = PCURVE('',#72,#5261);
#5261 = DEFINITIONAL_REPRESENTATION('',(#5262),#5266);
#5262 = LINE('',#5263,#5264);
#5263 = CARTESIAN_POINT('',(-14.79533120854,5.715409920955));
#5264 = VECTOR('',#5265,1.);
#5265 = DIRECTION('',(-0.965346541434,0.26097136805));
#5266 = ( GEOMETRIC_REPRESENTATION_CONTEXT(2) 
PARAMETRIC_REPRESENTATION_CONTEXT() REPRESENTATION_CONTEXT('2D SPACE',''
  ) );
#5267 = PCURVE('',#1090,#5268);
#5268 = DEFINITIONAL_REPRESENTATION('',(#5269),#5273);
#5269 = LINE('',#5270,#5271);
#5270 = CARTESIAN_POINT('',(0.,-12.));
#5271 = VECTOR('',#5272,1.);
#5272 = DIRECTION('',(1.,0.));
#5273 = ( GEOMETRIC_REPRESENTATION_CONTEXT(2) 
PARAMETRIC_REPRESENTATION_CONTEXT() REPRESENTATION_CONTEXT('2D SPACE',''
  ) );
#5274 = ORIENTED_EDGE('',*,*,#5275,.T.);
#5275 = EDGE_CURVE('',#5253,#5276,#5278,.T.);
#5276 = VERTEX_POINT('',#5277);
#5277 = CARTESIAN_POINT('',(368.32437121192,388.,391.61502073417));
#5278 = SURFACE_CURVE('',#5279,(#5283,#5290),.PCURVE_S1.);
#5279 = LINE('',#5280,#5281);
#5280 = CARTESIAN_POINT('',(368.02824149954,388.,390.45251134176));
#5281 = VECTOR('',#5282,1.);
#5282 = DIRECTION('',(0.246850121616,0.,0.969053671093));
#5283 = PCURVE('',#72,#5284);
#5284 = DEFINITIONAL_REPRESENTATION('',(#5285),#5289);
#5285 = LINE('',#5286,#5287);
#5286 = CARTESIAN_POINT('',(-15.95251134176,6.028241499548));
#5287 = VECTOR('',#5288,1.);
#5288 = DIRECTION('',(-0.969053671093,0.246850121616));
#5289 = ( GEOMETRIC_REPRESENTATION_CONTEXT(2) 
PARAMETRIC_REPRESENTATION_CONTEXT() REPRESENTATION_CONTEXT('2D SPACE',''
  ) );
#5290 = PCURVE('',#1118,#5291);
#5291 = DEFINITIONAL_REPRESENTATION('',(#5292),#5296);
#5292 = LINE('',#5293,#5294);
#5293 = CARTESIAN_POINT('',(0.,-12.));
#5294 = VECTOR('',#5295,1.);
#5295 = DIRECTION('',(1.,0.));
#5296 = ( GEOMETRIC_REPRESENTATION_CONTEXT(2) 
PARAMETRIC_REPRESENTATION_CONTEXT() REPRESENTATION_CONTEXT('2D SPACE',''
  ) );
#5297 = ORIENTED_EDGE('',*,*,#5298,.T.);
#5298 = EDGE_CURVE('',#5276,#5299,#5301,.T.);
#5299 = VERTEX_POINT('',#5300);
#5300 = CARTESIAN_POINT('',(368.60373812142,388.,392.78267638431));
#5301 = SURFACE_CURVE('',#5302,(#5306,#5313),.PCURVE_S1.);
#5302 = LINE('',#5303,#5304);
#5303 = CARTESIAN_POINT('',(368.32437121192,388.,391.61502073417));
#5304 = VECTOR('',#5305,1.);
#5305 = DIRECTION('',(0.232687377023,0.,0.972551584531));
#5306 = PCURVE('',#72,#5307);
#5307 = DEFINITIONAL_REPRESENTATION('',(#5308),#5312);
#5308 = LINE('',#5309,#5310);
#5309 = CARTESIAN_POINT('',(-17.11502073417,6.324371211923));
#5310 = VECTOR('',#5311,1.);
#5311 = DIRECTION('',(-0.972551584531,0.232687377023));
#5312 = ( GEOMETRIC_REPRESENTATION_CONTEXT(2) 
PARAMETRIC_REPRESENTATION_CONTEXT() REPRESENTATION_CONTEXT('2D SPACE',''
  ) );
#5313 = PCURVE('',#1146,#5314);
#5314 = DEFINITIONAL_REPRESENTATION('',(#5315),#5319);
#5315 = LINE('',#5316,#5317);
#5316 = CARTESIAN_POINT('',(0.,-12.));
#5317 = VECTOR('',#5318,1.);
#5318 = DIRECTION('',(1.,0.));
#5319 = ( GEOMETRIC_REPRESENTATION_CONTEXT(2) 
PARAMETRIC_REPRESENTATION_CONTEXT() REPRESENTATION_CONTEXT('2D SPACE',''
  ) );
#5320 = ORIENTED_EDGE('',*,*,#5321,.T.);
#5321 = EDGE_CURVE('',#5299,#5322,#5324,.T.);
#5322 = VERTEX_POINT('',#5323);
#5323 = CARTESIAN_POINT('',(368.0111198639,388.,394.23628061831));
#5324 = SURFACE_CURVE('',#5325,(#5329,#5336),.PCURVE_S1.);
#5325 = LINE('',#5326,#5327);
#5326 = CARTESIAN_POINT('',(368.60373812142,388.,392.78267638431));
#5327 = VECTOR('',#5328,1.);
#5328 = DIRECTION('',(-0.377520403422,0.,0.926001266198));
#5329 = PCURVE('',#72,#5330);
#5330 = DEFINITIONAL_REPRESENTATION('',(#5331),#5335);
#5331 = LINE('',#5332,#5333);
#5332 = CARTESIAN_POINT('',(-18.28267638431,6.603738121421));
#5333 = VECTOR('',#5334,1.);
#5334 = DIRECTION('',(-0.926001266198,-0.377520403422));
#5335 = ( GEOMETRIC_REPRESENTATION_CONTEXT(2) 
PARAMETRIC_REPRESENTATION_CONTEXT() REPRESENTATION_CONTEXT('2D SPACE',''
  ) );
#5336 = PCURVE('',#1174,#5337);
#5337 = DEFINITIONAL_REPRESENTATION('',(#5338),#5342);
#5338 = LINE('',#5339,#5340);
#5339 = CARTESIAN_POINT('',(0.,-12.));
#5340 = VECTOR('',#5341,1.);
#5341 = DIRECTION('',(1.,0.));
#5342 = ( GEOMETRIC_REPRESENTATION_CONTEXT(2) 
PARAMETRIC_REPRESENTATION_CONTEXT() REPRESENTATION_CONTEXT('2D SPACE',''
  ) );
#5343 = ORIENTED_EDGE('',*,*,#5344,.T.);
#5344 = EDGE_CURVE('',#5322,#5345,#5347,.T.);
#5345 = VERTEX_POINT('',#5346);
#5346 = CARTESIAN_POINT('',(367.1445141403,388.,394.4796974182));
#5347 = SURFACE_CURVE('',#5348,(#5352,#5359),.PCURVE_S1.);
#5348 = LINE('',#5349,#5350);
#5349 = CARTESIAN_POINT('',(368.0111198639,388.,394.23628061831));
#5350 = VECTOR('',#5351,1.);
#5351 = DIRECTION('',(-0.962742399282,0.,0.270420177916));
#5352 = PCURVE('',#72,#5353);
#5353 = DEFINITIONAL_REPRESENTATION('',(#5354),#5358);
#5354 = LINE('',#5355,#5356);
#5355 = CARTESIAN_POINT('',(-19.73628061831,6.011119863901));
#5356 = VECTOR('',#5357,1.);
#5357 = DIRECTION('',(-0.270420177916,-0.962742399282));
#5358 = ( GEOMETRIC_REPRESENTATION_CONTEXT(2) 
PARAMETRIC_REPRESENTATION_CONTEXT() REPRESENTATION_CONTEXT('2D SPACE',''
  ) );
#5359 = PCURVE('',#1202,#5360);
#5360 = DEFINITIONAL_REPRESENTATION('',(#5361),#5365);
#5361 = LINE('',#5362,#5363);
#5362 = CARTESIAN_POINT('',(0.,-12.));
#5363 = VECTOR('',#5364,1.);
#5364 = DIRECTION('',(1.,0.));
#5365 = ( GEOMETRIC_REPRESENTATION_CONTEXT(2) 
PARAMETRIC_REPRESENTATION_CONTEXT() REPRESENTATION_CONTEXT('2D SPACE',''
  ) );
#5366 = ORIENTED_EDGE('',*,*,#5367,.T.);
#5367 = EDGE_CURVE('',#5345,#5368,#5370,.T.);
#5368 = VERTEX_POINT('',#5369);
#5369 = CARTESIAN_POINT('',(366.26811554164,388.,394.68508172849));
#5370 = SURFACE_CURVE('',#5371,(#5375,#5382),.PCURVE_S1.);
#5371 = LINE('',#5372,#5373);
#5372 = CARTESIAN_POINT('',(367.1445141403,388.,394.4796974182));
#5373 = VECTOR('',#5374,1.);
#5374 = DIRECTION('',(-0.973621644336,0.,0.228168564179));
#5375 = PCURVE('',#72,#5376);
#5376 = DEFINITIONAL_REPRESENTATION('',(#5377),#5381);
#5377 = LINE('',#5378,#5379);
#5378 = CARTESIAN_POINT('',(-19.9796974182,5.144514140304));
#5379 = VECTOR('',#5380,1.);
#5380 = DIRECTION('',(-0.228168564179,-0.973621644336));
#5381 = ( GEOMETRIC_REPRESENTATION_CONTEXT(2) 
PARAMETRIC_REPRESENTATION_CONTEXT() REPRESENTATION_CONTEXT('2D SPACE',''
  ) );
#5382 = PCURVE('',#1230,#5383);
#5383 = DEFINITIONAL_REPRESENTATION('',(#5384),#5388);
#5384 = LINE('',#5385,#5386);
#5385 = CARTESIAN_POINT('',(0.,-12.));
#5386 = VECTOR('',#5387,1.);
#5387 = DIRECTION('',(1.,0.));
#5388 = ( GEOMETRIC_REPRESENTATION_CONTEXT(2) 
PARAMETRIC_REPRESENTATION_CONTEXT() REPRESENTATION_CONTEXT('2D SPACE',''
  ) );
#5389 = ORIENTED_EDGE('',*,*,#5390,.T.);
#5390 = EDGE_CURVE('',#5368,#5391,#5393,.T.);
#5391 = VERTEX_POINT('',#5392);
#5392 = CARTESIAN_POINT('',(365.38359234247,388.,394.85204258847));
#5393 = SURFACE_CURVE('',#5394,(#5398,#5405),.PCURVE_S1.);
#5394 = LINE('',#5395,#5396);
#5395 = CARTESIAN_POINT('',(366.26811554164,388.,394.68508172849));
#5396 = VECTOR('',#5397,1.);
#5397 = DIRECTION('',(-0.982647545253,0.,0.185482618612));
#5398 = PCURVE('',#72,#5399);
#5399 = DEFINITIONAL_REPRESENTATION('',(#5400),#5404);
#5400 = LINE('',#5401,#5402);
#5401 = CARTESIAN_POINT('',(-20.18508172849,4.268115541647));
#5402 = VECTOR('',#5403,1.);
#5403 = DIRECTION('',(-0.185482618612,-0.982647545253));
#5404 = ( GEOMETRIC_REPRESENTATION_CONTEXT(2) 
PARAMETRIC_REPRESENTATION_CONTEXT() REPRESENTATION_CONTEXT('2D SPACE',''
  ) );
#5405 = PCURVE('',#1258,#5406);
#5406 = DEFINITIONAL_REPRESENTATION('',(#5407),#5411);
#5407 = LINE('',#5408,#5409);
#5408 = CARTESIAN_POINT('',(0.,-12.));
#5409 = VECTOR('',#5410,1.);
#5410 = DIRECTION('',(1.,0.));
#5411 = ( GEOMETRIC_REPRESENTATION_CONTEXT(2) 
PARAMETRIC_REPRESENTATION_CONTEXT() REPRESENTATION_CONTEXT('2D SPACE',''
  ) );
#5412 = ORIENTED_EDGE('',*,*,#5413,.T.);
#5413 = EDGE_CURVE('',#5391,#5414,#5416,.T.);
#5414 = VERTEX_POINT('',#5415);
#5415 = CARTESIAN_POINT('',(364.49262828296,388.,394.98026217864));
#5416 = SURFACE_CURVE('',#5417,(#5421,#5428),.PCURVE_S1.);
#5417 = LINE('',#5418,#5419);
#5418 = CARTESIAN_POINT('',(365.38359234247,388.,394.85204258847));
#5419 = VECTOR('',#5420,1.);
#5420 = DIRECTION('',(-0.989802920718,0.,0.142443596339));
#5421 = PCURVE('',#72,#5422);
#5422 = DEFINITIONAL_REPRESENTATION('',(#5423),#5427);
#5423 = LINE('',#5424,#5425);
#5424 = CARTESIAN_POINT('',(-20.35204258847,3.383592342472));
#5425 = VECTOR('',#5426,1.);
#5426 = DIRECTION('',(-0.142443596339,-0.989802920718));
#5427 = ( GEOMETRIC_REPRESENTATION_CONTEXT(2) 
PARAMETRIC_REPRESENTATION_CONTEXT() REPRESENTATION_CONTEXT('2D SPACE',''
  ) );
#5428 = PCURVE('',#1286,#5429);
#5429 = DEFINITIONAL_REPRESENTATION('',(#5430),#5434);
#5430 = LINE('',#5431,#5432);
#5431 = CARTESIAN_POINT('',(0.,-12.));
#5432 = VECTOR('',#5433,1.);
#5433 = DIRECTION('',(1.,0.));
#5434 = ( GEOMETRIC_REPRESENTATION_CONTEXT(2) 
PARAMETRIC_REPRESENTATION_CONTEXT() REPRESENTATION_CONTEXT('2D SPACE',''
  ) );
#5435 = ORIENTED_EDGE('',*,*,#5436,.T.);
#5436 = EDGE_CURVE('',#5414,#5437,#5439,.T.);
#5437 = VERTEX_POINT('',#5438);
#5438 = CARTESIAN_POINT('',(364.44797541968,388.,390.17083764448));
#5439 = SURFACE_CURVE('',#5440,(#5444,#5451),.PCURVE_S1.);
#5440 = LINE('',#5441,#5442);
#5441 = CARTESIAN_POINT('',(364.49262828296,388.,394.98026217864));
#5442 = VECTOR('',#5443,1.);
#5443 = DIRECTION('',(-9.284050206738E-03,0.,-0.999956902277));
#5444 = PCURVE('',#72,#5445);
#5445 = DEFINITIONAL_REPRESENTATION('',(#5446),#5450);
#5446 = LINE('',#5447,#5448);
#5447 = CARTESIAN_POINT('',(-20.48026217864,2.492628282962));
#5448 = VECTOR('',#5449,1.);
#5449 = DIRECTION('',(0.999956902277,-9.284050206738E-03));
#5450 = ( GEOMETRIC_REPRESENTATION_CONTEXT(2) 
PARAMETRIC_REPRESENTATION_CONTEXT() REPRESENTATION_CONTEXT('2D SPACE',''
  ) );
#5451 = PCURVE('',#1314,#5452);
#5452 = DEFINITIONAL_REPRESENTATION('',(#5453),#5457);
#5453 = LINE('',#5454,#5455);
#5454 = CARTESIAN_POINT('',(0.,-12.));
#5455 = VECTOR('',#5456,1.);
#5456 = DIRECTION('',(1.,0.));
#5457 = ( GEOMETRIC_REPRESENTATION_CONTEXT(2) 
PARAMETRIC_REPRESENTATION_CONTEXT() REPRESENTATION_CONTEXT('2D SPACE',''
  ) );
#5458 = ORIENTED_EDGE('',*,*,#5459,.T.);
#5459 = EDGE_CURVE('',#5437,#5460,#5462,.T.);
#5460 = VERTEX_POINT('',#5461);
#5461 = CARTESIAN_POINT('',(363.22767080374,388.,390.31330327707));
#5462 = SURFACE_CURVE('',#5463,(#5467,#5474),.PCURVE_S1.);
#5463 = LINE('',#5464,#5465);
#5464 = CARTESIAN_POINT('',(364.44797541968,388.,390.17083764448));
#5465 = VECTOR('',#5466,1.);
#5466 = DIRECTION('',(-0.993254071072,0.,0.115958399003));
#5467 = PCURVE('',#72,#5468);
#5468 = DEFINITIONAL_REPRESENTATION('',(#5469),#5473);
#5469 = LINE('',#5470,#5471);
#5470 = CARTESIAN_POINT('',(-15.67083764448,2.447975419685));
#5471 = VECTOR('',#5472,1.);
#5472 = DIRECTION('',(-0.115958399003,-0.993254071072));
#5473 = ( GEOMETRIC_REPRESENTATION_CONTEXT(2) 
PARAMETRIC_REPRESENTATION_CONTEXT() REPRESENTATION_CONTEXT('2D SPACE',''
  ) );
#5474 = PCURVE('',#1342,#5475);
#5475 = DEFINITIONAL_REPRESENTATION('',(#5476),#5480);
#5476 = LINE('',#5477,#5478);
#5477 = CARTESIAN_POINT('',(0.,-12.));
#5478 = VECTOR('',#5479,1.);
#5479 = DIRECTION('',(1.,0.));
#5480 = ( GEOMETRIC_REPRESENTATION_CONTEXT(2) 
PARAMETRIC_REPRESENTATION_CONTEXT() REPRESENTATION_CONTEXT('2D SPACE',''
  ) );
#5481 = ORIENTED_EDGE('',*,*,#5482,.T.);
#5482 = EDGE_CURVE('',#5460,#5483,#5485,.T.);
#5483 = VERTEX_POINT('',#5484);
#5484 = CARTESIAN_POINT('',(362.,388.,390.3608869908));
#5485 = SURFACE_CURVE('',#5486,(#5490,#5497),.PCURVE_S1.);
#5486 = LINE('',#5487,#5488);
#5487 = CARTESIAN_POINT('',(363.22767080374,388.,390.31330327707));
#5488 = VECTOR('',#5489,1.);
#5489 = DIRECTION('',(-0.999249701933,0.,3.873026190514E-02));
#5490 = PCURVE('',#72,#5491);
#5491 = DEFINITIONAL_REPRESENTATION('',(#5492),#5496);
#5492 = LINE('',#5493,#5494);
#5493 = CARTESIAN_POINT('',(-15.81330327707,1.22767080374));
#5494 = VECTOR('',#5495,1.);
#5495 = DIRECTION('',(-3.873026190514E-02,-0.999249701933));
#5496 = ( GEOMETRIC_REPRESENTATION_CONTEXT(2) 
PARAMETRIC_REPRESENTATION_CONTEXT() REPRESENTATION_CONTEXT('2D SPACE',''
  ) );
#5497 = PCURVE('',#1370,#5498);
#5498 = DEFINITIONAL_REPRESENTATION('',(#5499),#5503);
#5499 = LINE('',#5500,#5501);
#5500 = CARTESIAN_POINT('',(0.,-12.));
#5501 = VECTOR('',#5502,1.);
#5502 = DIRECTION('',(1.,0.));
#5503 = ( GEOMETRIC_REPRESENTATION_CONTEXT(2) 
PARAMETRIC_REPRESENTATION_CONTEXT() REPRESENTATION_CONTEXT('2D SPACE',''
  ) );
#5504 = ORIENTED_EDGE('',*,*,#5505,.T.);
#5505 = EDGE_CURVE('',#5483,#5506,#5508,.T.);
#5506 = VERTEX_POINT('',#5507);
#5507 = CARTESIAN_POINT('',(360.77232919626,388.,390.31330327707));
#5508 = SURFACE_CURVE('',#5509,(#5513,#5520),.PCURVE_S1.);
#5509 = LINE('',#5510,#5511);
#5510 = CARTESIAN_POINT('',(362.,388.,390.3608869908));
#5511 = VECTOR('',#5512,1.);
#5512 = DIRECTION('',(-0.999249701933,0.,-3.873026190514E-02));
#5513 = PCURVE('',#72,#5514);
#5514 = DEFINITIONAL_REPRESENTATION('',(#5515),#5519);
#5515 = LINE('',#5516,#5517);
#5516 = CARTESIAN_POINT('',(-15.8608869908,0.));
#5517 = VECTOR('',#5518,1.);
#5518 = DIRECTION('',(3.873026190514E-02,-0.999249701933));
#5519 = ( GEOMETRIC_REPRESENTATION_CONTEXT(2) 
PARAMETRIC_REPRESENTATION_CONTEXT() REPRESENTATION_CONTEXT('2D SPACE',''
  ) );
#5520 = PCURVE('',#1398,#5521);
#5521 = DEFINITIONAL_REPRESENTATION('',(#5522),#5526);
#5522 = LINE('',#5523,#5524);
#5523 = CARTESIAN_POINT('',(0.,-12.));
#5524 = VECTOR('',#5525,1.);
#5525 = DIRECTION('',(1.,0.));
#5526 = ( GEOMETRIC_REPRESENTATION_CONTEXT(2) 
PARAMETRIC_REPRESENTATION_CONTEXT() REPRESENTATION_CONTEXT('2D SPACE',''
  ) );
#5527 = ORIENTED_EDGE('',*,*,#5528,.T.);
#5528 = EDGE_CURVE('',#5506,#5529,#5531,.T.);
#5529 = VERTEX_POINT('',#5530);
#5530 = CARTESIAN_POINT('',(359.55202458031,388.,390.17083764448));
#5531 = SURFACE_CURVE('',#5532,(#5536,#5543),.PCURVE_S1.);
#5532 = LINE('',#5533,#5534);
#5533 = CARTESIAN_POINT('',(360.77232919626,388.,390.31330327707));
#5534 = VECTOR('',#5535,1.);
#5535 = DIRECTION('',(-0.993254071072,0.,-0.115958399003));
#5536 = PCURVE('',#72,#5537);
#5537 = DEFINITIONAL_REPRESENTATION('',(#5538),#5542);
#5538 = LINE('',#5539,#5540);
#5539 = CARTESIAN_POINT('',(-15.81330327707,-1.22767080374));
#5540 = VECTOR('',#5541,1.);
#5541 = DIRECTION('',(0.115958399003,-0.993254071072));
#5542 = ( GEOMETRIC_REPRESENTATION_CONTEXT(2) 
PARAMETRIC_REPRESENTATION_CONTEXT() REPRESENTATION_CONTEXT('2D SPACE',''
  ) );
#5543 = PCURVE('',#1426,#5544);
#5544 = DEFINITIONAL_REPRESENTATION('',(#5545),#5549);
#5545 = LINE('',#5546,#5547);
#5546 = CARTESIAN_POINT('',(0.,-12.));
#5547 = VECTOR('',#5548,1.);
#5548 = DIRECTION('',(1.,0.));
#5549 = ( GEOMETRIC_REPRESENTATION_CONTEXT(2) 
PARAMETRIC_REPRESENTATION_CONTEXT() REPRESENTATION_CONTEXT('2D SPACE',''
  ) );
#5550 = ORIENTED_EDGE('',*,*,#5551,.T.);
#5551 = EDGE_CURVE('',#5529,#5552,#5554,.T.);
#5552 = VERTEX_POINT('',#5553);
#5553 = CARTESIAN_POINT('',(359.24435460787,388.,391.32940082589));
#5554 = SURFACE_CURVE('',#5555,(#5559,#5566),.PCURVE_S1.);
#5555 = LINE('',#5556,#5557);
#5556 = CARTESIAN_POINT('',(359.55202458031,388.,390.17083764448));
#5557 = VECTOR('',#5558,1.);
#5558 = DIRECTION('',(-0.256665436325,0.,0.966500312362));
#5559 = PCURVE('',#72,#5560);
#5560 = DEFINITIONAL_REPRESENTATION('',(#5561),#5565);
#5561 = LINE('',#5562,#5563);
#5562 = CARTESIAN_POINT('',(-15.67083764448,-2.447975419685));
#5563 = VECTOR('',#5564,1.);
#5564 = DIRECTION('',(-0.966500312362,-0.256665436325));
#5565 = ( GEOMETRIC_REPRESENTATION_CONTEXT(2) 
PARAMETRIC_REPRESENTATION_CONTEXT() REPRESENTATION_CONTEXT('2D SPACE',''
  ) );
#5566 = PCURVE('',#1454,#5567);
#5567 = DEFINITIONAL_REPRESENTATION('',(#5568),#5572);
#5568 = LINE('',#5569,#5570);
#5569 = CARTESIAN_POINT('',(0.,-12.));
#5570 = VECTOR('',#5571,1.);
#5571 = DIRECTION('',(1.,0.));
#5572 = ( GEOMETRIC_REPRESENTATION_CONTEXT(2) 
PARAMETRIC_REPRESENTATION_CONTEXT() REPRESENTATION_CONTEXT('2D SPACE',''
  ) );
#5573 = ORIENTED_EDGE('',*,*,#5574,.T.);
#5574 = EDGE_CURVE('',#5552,#5575,#5577,.T.);
#5575 = VERTEX_POINT('',#5576);
#5576 = CARTESIAN_POINT('',(358.9195557654,388.,392.48422834805));
#5577 = SURFACE_CURVE('',#5578,(#5582,#5589),.PCURVE_S1.);
#5578 = LINE('',#5579,#5580);
#5579 = CARTESIAN_POINT('',(359.24435460787,388.,391.32940082589));
#5580 = VECTOR('',#5581,1.);
#5581 = DIRECTION('',(-0.270748359299,0.,0.962650157605));
#5582 = PCURVE('',#72,#5583);
#5583 = DEFINITIONAL_REPRESENTATION('',(#5584),#5588);
#5584 = LINE('',#5585,#5586);
#5585 = CARTESIAN_POINT('',(-16.82940082589,-2.755645392125));
#5586 = VECTOR('',#5587,1.);
#5587 = DIRECTION('',(-0.962650157605,-0.270748359299));
#5588 = ( GEOMETRIC_REPRESENTATION_CONTEXT(2) 
PARAMETRIC_REPRESENTATION_CONTEXT() REPRESENTATION_CONTEXT('2D SPACE',''
  ) );
#5589 = PCURVE('',#1482,#5590);
#5590 = DEFINITIONAL_REPRESENTATION('',(#5591),#5595);
#5591 = LINE('',#5592,#5593);
#5592 = CARTESIAN_POINT('',(0.,-12.));
#5593 = VECTOR('',#5594,1.);
#5594 = DIRECTION('',(1.,0.));
#5595 = ( GEOMETRIC_REPRESENTATION_CONTEXT(2) 
PARAMETRIC_REPRESENTATION_CONTEXT() REPRESENTATION_CONTEXT('2D SPACE',''
  ) );
#5596 = ORIENTED_EDGE('',*,*,#5597,.T.);
#5597 = EDGE_CURVE('',#5575,#5598,#5600,.T.);
#5598 = VERTEX_POINT('',#5599);
#5599 = CARTESIAN_POINT('',(358.57766678093,388.,393.63513125869));
#5600 = SURFACE_CURVE('',#5601,(#5605,#5612),.PCURVE_S1.);
#5601 = LINE('',#5602,#5603);
#5602 = CARTESIAN_POINT('',(358.9195557654,388.,392.48422834805));
#5603 = VECTOR('',#5604,1.);
#5604 = DIRECTION('',(-0.284762612623,0.,0.958598067206));
#5605 = PCURVE('',#72,#5606);
#5606 = DEFINITIONAL_REPRESENTATION('',(#5607),#5611);
#5607 = LINE('',#5608,#5609);
#5608 = CARTESIAN_POINT('',(-17.98422834805,-3.080444234599));
#5609 = VECTOR('',#5610,1.);
#5610 = DIRECTION('',(-0.958598067206,-0.284762612623));
#5611 = ( GEOMETRIC_REPRESENTATION_CONTEXT(2) 
PARAMETRIC_REPRESENTATION_CONTEXT() REPRESENTATION_CONTEXT('2D SPACE',''
  ) );
#5612 = PCURVE('',#1510,#5613);
#5613 = DEFINITIONAL_REPRESENTATION('',(#5614),#5618);
#5614 = LINE('',#5615,#5616);
#5615 = CARTESIAN_POINT('',(0.,-12.));
#5616 = VECTOR('',#5617,1.);
#5617 = DIRECTION('',(1.,0.));
#5618 = ( GEOMETRIC_REPRESENTATION_CONTEXT(2) 
PARAMETRIC_REPRESENTATION_CONTEXT() REPRESENTATION_CONTEXT('2D SPACE',''
  ) );
#5619 = ORIENTED_EDGE('',*,*,#5620,.T.);
#5620 = EDGE_CURVE('',#5598,#5621,#5623,.T.);
#5621 = VERTEX_POINT('',#5622);
#5622 = CARTESIAN_POINT('',(357.33764219817,388.,394.59768032362));
#5623 = SURFACE_CURVE('',#5624,(#5628,#5635),.PCURVE_S1.);
#5624 = LINE('',#5625,#5626);
#5625 = CARTESIAN_POINT('',(358.57766678093,388.,393.63513125869));
#5626 = VECTOR('',#5627,1.);
#5627 = DIRECTION('',(-0.789942892909,0.,0.613180418753));
#5628 = PCURVE('',#72,#5629);
#5629 = DEFINITIONAL_REPRESENTATION('',(#5630),#5634);
#5630 = LINE('',#5631,#5632);
#5631 = CARTESIAN_POINT('',(-19.13513125869,-3.422333219066));
#5632 = VECTOR('',#5633,1.);
#5633 = DIRECTION('',(-0.613180418753,-0.789942892909));
#5634 = ( GEOMETRIC_REPRESENTATION_CONTEXT(2) 
PARAMETRIC_REPRESENTATION_CONTEXT() REPRESENTATION_CONTEXT('2D SPACE',''
  ) );
#5635 = PCURVE('',#1538,#5636);
#5636 = DEFINITIONAL_REPRESENTATION('',(#5637),#5641);
#5637 = LINE('',#5638,#5639);
#5638 = CARTESIAN_POINT('',(0.,-12.));
#5639 = VECTOR('',#5640,1.);
#5640 = DIRECTION('',(1.,0.));
#5641 = ( GEOMETRIC_REPRESENTATION_CONTEXT(2) 
PARAMETRIC_REPRESENTATION_CONTEXT() REPRESENTATION_CONTEXT('2D SPACE',''
  ) );
#5642 = ORIENTED_EDGE('',*,*,#5643,.T.);
#5643 = EDGE_CURVE('',#5621,#5644,#5646,.T.);
#5644 = VERTEX_POINT('',#5645);
#5645 = CARTESIAN_POINT('',(356.46543122652,388.,394.37518259424));
#5646 = SURFACE_CURVE('',#5647,(#5651,#5658),.PCURVE_S1.);
#5647 = LINE('',#5648,#5649);
#5648 = CARTESIAN_POINT('',(357.33764219817,388.,394.59768032362));
#5649 = VECTOR('',#5650,1.);
#5650 = DIRECTION('',(-0.968969464037,0.,-0.24718045587));
#5651 = PCURVE('',#72,#5652);
#5652 = DEFINITIONAL_REPRESENTATION('',(#5653),#5657);
#5653 = LINE('',#5654,#5655);
#5654 = CARTESIAN_POINT('',(-20.09768032362,-4.662357801825));
#5655 = VECTOR('',#5656,1.);
#5656 = DIRECTION('',(0.24718045587,-0.968969464037));
#5657 = ( GEOMETRIC_REPRESENTATION_CONTEXT(2) 
PARAMETRIC_REPRESENTATION_CONTEXT() REPRESENTATION_CONTEXT('2D SPACE',''
  ) );
#5658 = PCURVE('',#1566,#5659);
#5659 = DEFINITIONAL_REPRESENTATION('',(#5660),#5664);
#5660 = LINE('',#5661,#5662);
#5661 = CARTESIAN_POINT('',(0.,-12.));
#5662 = VECTOR('',#5663,1.);
#5663 = DIRECTION('',(1.,0.));
#5664 = ( GEOMETRIC_REPRESENTATION_CONTEXT(2) 
PARAMETRIC_REPRESENTATION_CONTEXT() REPRESENTATION_CONTEXT('2D SPACE',''
  ) );
#5665 = ORIENTED_EDGE('',*,*,#5666,.T.);
#5666 = EDGE_CURVE('',#5644,#5667,#5669,.T.);
#5667 = VERTEX_POINT('',#5668);
#5668 = CARTESIAN_POINT('',(355.6037556211,388.,394.11485132516));
#5669 = SURFACE_CURVE('',#5670,(#5674,#5681),.PCURVE_S1.);
#5670 = LINE('',#5671,#5672);
#5671 = CARTESIAN_POINT('',(356.46543122652,388.,394.37518259424));
#5672 = VECTOR('',#5673,1.);
#5673 = DIRECTION('',(-0.957265359759,0.,-0.289211049244));
#5674 = PCURVE('',#72,#5675);
#5675 = DEFINITIONAL_REPRESENTATION('',(#5676),#5680);
#5676 = LINE('',#5677,#5678);
#5677 = CARTESIAN_POINT('',(-19.87518259424,-5.534568773473));
#5678 = VECTOR('',#5679,1.);
#5679 = DIRECTION('',(0.289211049244,-0.957265359759));
#5680 = ( GEOMETRIC_REPRESENTATION_CONTEXT(2) 
PARAMETRIC_REPRESENTATION_CONTEXT() REPRESENTATION_CONTEXT('2D SPACE',''
  ) );
#5681 = PCURVE('',#1594,#5682);
#5682 = DEFINITIONAL_REPRESENTATION('',(#5683),#5687);
#5683 = LINE('',#5684,#5685);
#5684 = CARTESIAN_POINT('',(0.,-12.));
#5685 = VECTOR('',#5686,1.);
#5686 = DIRECTION('',(1.,0.));
#5687 = ( GEOMETRIC_REPRESENTATION_CONTEXT(2) 
PARAMETRIC_REPRESENTATION_CONTEXT() REPRESENTATION_CONTEXT('2D SPACE',''
  ) );
#5688 = ORIENTED_EDGE('',*,*,#5689,.T.);
#5689 = EDGE_CURVE('',#5667,#5690,#5692,.T.);
#5690 = VERTEX_POINT('',#5691);
#5691 = CARTESIAN_POINT('',(354.75425563039,388.,393.81718207175));
#5692 = SURFACE_CURVE('',#5693,(#5697,#5704),.PCURVE_S1.);
#5693 = LINE('',#5694,#5695);
#5694 = CARTESIAN_POINT('',(355.6037556211,388.,394.11485132516));
#5695 = VECTOR('',#5696,1.);
#5696 = DIRECTION('',(-0.943739046462,0.,-0.330691112948));
#5697 = PCURVE('',#72,#5698);
#5698 = DEFINITIONAL_REPRESENTATION('',(#5699),#5703);
#5699 = LINE('',#5700,#5701);
#5700 = CARTESIAN_POINT('',(-19.61485132516,-6.396244378896));
#5701 = VECTOR('',#5702,1.);
#5702 = DIRECTION('',(0.330691112948,-0.943739046462));
#5703 = ( GEOMETRIC_REPRESENTATION_CONTEXT(2) 
PARAMETRIC_REPRESENTATION_CONTEXT() REPRESENTATION_CONTEXT('2D SPACE',''
  ) );
#5704 = PCURVE('',#1622,#5705);
#5705 = DEFINITIONAL_REPRESENTATION('',(#5706),#5710);
#5706 = LINE('',#5707,#5708);
#5707 = CARTESIAN_POINT('',(0.,-12.));
#5708 = VECTOR('',#5709,1.);
#5709 = DIRECTION('',(1.,0.));
#5710 = ( GEOMETRIC_REPRESENTATION_CONTEXT(2) 
PARAMETRIC_REPRESENTATION_CONTEXT() REPRESENTATION_CONTEXT('2D SPACE',''
  ) );
#5711 = ORIENTED_EDGE('',*,*,#5712,.T.);
#5712 = EDGE_CURVE('',#5690,#5713,#5715,.T.);
#5713 = VERTEX_POINT('',#5714);
#5714 = CARTESIAN_POINT('',(353.91854832591,388.,393.48274146435));
#5715 = SURFACE_CURVE('',#5716,(#5720,#5727),.PCURVE_S1.);
#5716 = LINE('',#5717,#5718);
#5717 = CARTESIAN_POINT('',(354.75425563039,388.,393.81718207175));
#5718 = VECTOR('',#5719,1.);
#5719 = DIRECTION('',(-0.928416272251,0.,-0.371541687323));
#5720 = PCURVE('',#72,#5721);
#5721 = DEFINITIONAL_REPRESENTATION('',(#5722),#5726);
#5722 = LINE('',#5723,#5724);
#5723 = CARTESIAN_POINT('',(-19.31718207175,-7.245744369604));
#5724 = VECTOR('',#5725,1.);
#5725 = DIRECTION('',(0.371541687323,-0.928416272251));
#5726 = ( GEOMETRIC_REPRESENTATION_CONTEXT(2) 
PARAMETRIC_REPRESENTATION_CONTEXT() REPRESENTATION_CONTEXT('2D SPACE',''
  ) );
#5727 = PCURVE('',#1650,#5728);
#5728 = DEFINITIONAL_REPRESENTATION('',(#5729),#5733);
#5729 = LINE('',#5730,#5731);
#5730 = CARTESIAN_POINT('',(0.,-12.));
#5731 = VECTOR('',#5732,1.);
#5732 = DIRECTION('',(1.,0.));
#5733 = ( GEOMETRIC_REPRESENTATION_CONTEXT(2) 
PARAMETRIC_REPRESENTATION_CONTEXT() REPRESENTATION_CONTEXT('2D SPACE',''
  ) );
#5734 = ORIENTED_EDGE('',*,*,#5735,.T.);
#5735 = EDGE_CURVE('',#5713,#5736,#5738,.T.);
#5736 = VERTEX_POINT('',#5737);
#5737 = CARTESIAN_POINT('',(356.28459007904,388.,389.29533120854));
#5738 = SURFACE_CURVE('',#5739,(#5743,#5750),.PCURVE_S1.);
#5739 = LINE('',#5740,#5741);
#5740 = CARTESIAN_POINT('',(353.91854832591,388.,393.48274146435));
#5741 = VECTOR('',#5742,1.);
#5742 = DIRECTION('',(0.49193822781,0.,-0.870630105165));
#5743 = PCURVE('',#72,#5744);
#5744 = DEFINITIONAL_REPRESENTATION('',(#5745),#5749);
#5745 = LINE('',#5746,#5747);
#5746 = CARTESIAN_POINT('',(-18.98274146435,-8.081451674085));
#5747 = VECTOR('',#5748,1.);
#5748 = DIRECTION('',(0.870630105165,0.49193822781));
#5749 = ( GEOMETRIC_REPRESENTATION_CONTEXT(2) 
PARAMETRIC_REPRESENTATION_CONTEXT() REPRESENTATION_CONTEXT('2D SPACE',''
  ) );
#5750 = PCURVE('',#1678,#5751);
#5751 = DEFINITIONAL_REPRESENTATION('',(#5752),#5756);
#5752 = LINE('',#5753,#5754);
#5753 = CARTESIAN_POINT('',(0.,-12.));
#5754 = VECTOR('',#5755,1.);
#5755 = DIRECTION('',(1.,0.));
#5756 = ( GEOMETRIC_REPRESENTATION_CONTEXT(2) 
PARAMETRIC_REPRESENTATION_CONTEXT() REPRESENTATION_CONTEXT('2D SPACE',''
  ) );
#5757 = ORIENTED_EDGE('',*,*,#5758,.T.);
#5758 = EDGE_CURVE('',#5736,#5759,#5761,.T.);
#5759 = VERTEX_POINT('',#5760);
#5760 = CARTESIAN_POINT('',(355.15654246498,388.,388.80855775756));
#5761 = SURFACE_CURVE('',#5762,(#5766,#5773),.PCURVE_S1.);
#5762 = LINE('',#5763,#5764);
#5763 = CARTESIAN_POINT('',(356.28459007904,388.,389.29533120854));
#5764 = VECTOR('',#5765,1.);
#5765 = DIRECTION('',(-0.918162457462,0.,-0.396204116217));
#5766 = PCURVE('',#72,#5767);
#5767 = DEFINITIONAL_REPRESENTATION('',(#5768),#5772);
#5768 = LINE('',#5769,#5770);
#5769 = CARTESIAN_POINT('',(-14.79533120854,-5.715409920955));
#5770 = VECTOR('',#5771,1.);
#5771 = DIRECTION('',(0.396204116217,-0.918162457462));
#5772 = ( GEOMETRIC_REPRESENTATION_CONTEXT(2) 
PARAMETRIC_REPRESENTATION_CONTEXT() REPRESENTATION_CONTEXT('2D SPACE',''
  ) );
#5773 = PCURVE('',#1706,#5774);
#5774 = DEFINITIONAL_REPRESENTATION('',(#5775),#5779);
#5775 = LINE('',#5776,#5777);
#5776 = CARTESIAN_POINT('',(0.,-12.));
#5777 = VECTOR('',#5778,1.);
#5778 = DIRECTION('',(1.,0.));
#5779 = ( GEOMETRIC_REPRESENTATION_CONTEXT(2) 
PARAMETRIC_REPRESENTATION_CONTEXT() REPRESENTATION_CONTEXT('2D SPACE',''
  ) );
#5780 = ORIENTED_EDGE('',*,*,#5781,.T.);
#5781 = EDGE_CURVE('',#5759,#5782,#5784,.T.);
#5782 = VERTEX_POINT('',#5783);
#5783 = CARTESIAN_POINT('',(354.06955650459,388.,388.23593106059));
#5784 = SURFACE_CURVE('',#5785,(#5789,#5796),.PCURVE_S1.);
#5785 = LINE('',#5786,#5787);
#5786 = CARTESIAN_POINT('',(355.15654246498,388.,388.80855775756));
#5787 = VECTOR('',#5788,1.);
#5788 = DIRECTION('',(-0.88474075755,0.,-0.466083460261));
#5789 = PCURVE('',#72,#5790);
#5790 = DEFINITIONAL_REPRESENTATION('',(#5791),#5795);
#5791 = LINE('',#5792,#5793);
#5792 = CARTESIAN_POINT('',(-14.30855775756,-6.843457535015));
#5793 = VECTOR('',#5794,1.);
#5794 = DIRECTION('',(0.466083460261,-0.88474075755));
#5795 = ( GEOMETRIC_REPRESENTATION_CONTEXT(2) 
PARAMETRIC_REPRESENTATION_CONTEXT() REPRESENTATION_CONTEXT('2D SPACE',''
  ) );
#5796 = PCURVE('',#1734,#5797);
#5797 = DEFINITIONAL_REPRESENTATION('',(#5798),#5802);
#5798 = LINE('',#5799,#5800);
#5799 = CARTESIAN_POINT('',(0.,-12.));
#5800 = VECTOR('',#5801,1.);
#5801 = DIRECTION('',(1.,0.));
#5802 = ( GEOMETRIC_REPRESENTATION_CONTEXT(2) 
PARAMETRIC_REPRESENTATION_CONTEXT() REPRESENTATION_CONTEXT('2D SPACE',''
  ) );
#5803 = ORIENTED_EDGE('',*,*,#5804,.T.);
#5804 = EDGE_CURVE('',#5782,#5805,#5807,.T.);
#5805 = VERTEX_POINT('',#5806);
#5806 = CARTESIAN_POINT('',(353.03015425793,388.,387.58088695382));
#5807 = SURFACE_CURVE('',#5808,(#5812,#5819),.PCURVE_S1.);
#5808 = LINE('',#5809,#5810);
#5809 = CARTESIAN_POINT('',(354.06955650459,388.,388.23593106059));
#5810 = VECTOR('',#5811,1.);
#5811 = DIRECTION('',(-0.846010495645,0.,-0.533166241671));
#5812 = PCURVE('',#72,#5813);
#5813 = DEFINITIONAL_REPRESENTATION('',(#5814),#5818);
#5814 = LINE('',#5815,#5816);
#5815 = CARTESIAN_POINT('',(-13.73593106059,-7.930443495403));
#5816 = VECTOR('',#5817,1.);
#5817 = DIRECTION('',(0.533166241671,-0.846010495645));
#5818 = ( GEOMETRIC_REPRESENTATION_CONTEXT(2) 
PARAMETRIC_REPRESENTATION_CONTEXT() REPRESENTATION_CONTEXT('2D SPACE',''
  ) );
#5819 = PCURVE('',#1762,#5820);
#5820 = DEFINITIONAL_REPRESENTATION('',(#5821),#5825);
#5821 = LINE('',#5822,#5823);
#5822 = CARTESIAN_POINT('',(0.,-12.));
#5823 = VECTOR('',#5824,1.);
#5824 = DIRECTION('',(1.,0.));
#5825 = ( GEOMETRIC_REPRESENTATION_CONTEXT(2) 
PARAMETRIC_REPRESENTATION_CONTEXT() REPRESENTATION_CONTEXT('2D SPACE',''
  ) );
#5826 = ORIENTED_EDGE('',*,*,#5827,.T.);
#5827 = EDGE_CURVE('',#5805,#5828,#5830,.T.);
#5828 = VERTEX_POINT('',#5829);
#5829 = CARTESIAN_POINT('',(352.04457227647,388.,386.84735578886));
#5830 = SURFACE_CURVE('',#5831,(#5835,#5842),.PCURVE_S1.);
#5831 = LINE('',#5832,#5833);
#5832 = CARTESIAN_POINT('',(353.03015425793,388.,387.58088695382));
#5833 = VECTOR('',#5834,1.);
#5834 = DIRECTION('',(-0.802204058459,0.,-0.597049954854));
#5835 = PCURVE('',#72,#5836);
#5836 = DEFINITIONAL_REPRESENTATION('',(#5837),#5841);
#5837 = LINE('',#5838,#5839);
#5838 = CARTESIAN_POINT('',(-13.08088695382,-8.969845742061));
#5839 = VECTOR('',#5840,1.);
#5840 = DIRECTION('',(0.597049954854,-0.802204058459));
#5841 = ( GEOMETRIC_REPRESENTATION_CONTEXT(2) 
PARAMETRIC_REPRESENTATION_CONTEXT() REPRESENTATION_CONTEXT('2D SPACE',''
  ) );
#5842 = PCURVE('',#1790,#5843);
#5843 = DEFINITIONAL_REPRESENTATION('',(#5844),#5848);
#5844 = LINE('',#5845,#5846);
#5845 = CARTESIAN_POINT('',(0.,-12.));
#5846 = VECTOR('',#5847,1.);
#5847 = DIRECTION('',(1.,0.));
#5848 = ( GEOMETRIC_REPRESENTATION_CONTEXT(2) 
PARAMETRIC_REPRESENTATION_CONTEXT() REPRESENTATION_CONTEXT('2D SPACE',''
  ) );
#5849 = ORIENTED_EDGE('',*,*,#5850,.T.);
#5850 = EDGE_CURVE('',#5828,#5851,#5853,.T.);
#5851 = VERTEX_POINT('',#5852);
#5852 = CARTESIAN_POINT('',(351.19884067364,388.,387.69686594963));
#5853 = SURFACE_CURVE('',#5854,(#5858,#5865),.PCURVE_S1.);
#5854 = LINE('',#5855,#5856);
#5855 = CARTESIAN_POINT('',(352.04457227647,388.,386.84735578886));
#5856 = VECTOR('',#5857,1.);
#5857 = DIRECTION('',(-0.705528944312,0.,0.708681105109));
#5858 = PCURVE('',#72,#5859);
#5859 = DEFINITIONAL_REPRESENTATION('',(#5860),#5864);
#5860 = LINE('',#5861,#5862);
#5861 = CARTESIAN_POINT('',(-12.34735578886,-9.955427723529));
#5862 = VECTOR('',#5863,1.);
#5863 = DIRECTION('',(-0.708681105109,-0.705528944312));
#5864 = ( GEOMETRIC_REPRESENTATION_CONTEXT(2) 
PARAMETRIC_REPRESENTATION_CONTEXT() REPRESENTATION_CONTEXT('2D SPACE',''
  ) );
#5865 = PCURVE('',#1818,#5866);
#5866 = DEFINITIONAL_REPRESENTATION('',(#5867),#5871);
#5867 = LINE('',#5868,#5869);
#5868 = CARTESIAN_POINT('',(0.,-12.));
#5869 = VECTOR('',#5870,1.);
#5870 = DIRECTION('',(1.,0.));
#5871 = ( GEOMETRIC_REPRESENTATION_CONTEXT(2) 
PARAMETRIC_REPRESENTATION_CONTEXT() REPRESENTATION_CONTEXT('2D SPACE',''
  ) );
#5872 = ORIENTED_EDGE('',*,*,#5873,.T.);
#5873 = EDGE_CURVE('',#5851,#5874,#5876,.T.);
#5874 = VERTEX_POINT('',#5875);
#5875 = CARTESIAN_POINT('',(350.34014286386,388.,388.53457649957));
#5876 = SURFACE_CURVE('',#5877,(#5881,#5888),.PCURVE_S1.);
#5877 = LINE('',#5878,#5879);
#5878 = CARTESIAN_POINT('',(351.19884067364,388.,387.69686594963));
#5879 = VECTOR('',#5880,1.);
#5880 = DIRECTION('',(-0.715800035989,0.,0.698305311793));
#5881 = PCURVE('',#72,#5882);
#5882 = DEFINITIONAL_REPRESENTATION('',(#5883),#5887);
#5883 = LINE('',#5884,#5885);
#5884 = CARTESIAN_POINT('',(-13.19686594963,-10.80115932635));
#5885 = VECTOR('',#5886,1.);
#5886 = DIRECTION('',(-0.698305311793,-0.715800035989));
#5887 = ( GEOMETRIC_REPRESENTATION_CONTEXT(2) 
PARAMETRIC_REPRESENTATION_CONTEXT() REPRESENTATION_CONTEXT('2D SPACE',''
  ) );
#5888 = PCURVE('',#1846,#5889);
#5889 = DEFINITIONAL_REPRESENTATION('',(#5890),#5894);
#5890 = LINE('',#5891,#5892);
#5891 = CARTESIAN_POINT('',(0.,-12.));
#5892 = VECTOR('',#5893,1.);
#5893 = DIRECTION('',(1.,0.));
#5894 = ( GEOMETRIC_REPRESENTATION_CONTEXT(2) 
PARAMETRIC_REPRESENTATION_CONTEXT() REPRESENTATION_CONTEXT('2D SPACE',''
  ) );
#5895 = ORIENTED_EDGE('',*,*,#5896,.T.);
#5896 = EDGE_CURVE('',#5874,#5897,#5899,.T.);
#5897 = VERTEX_POINT('',#5898);
#5898 = CARTESIAN_POINT('',(349.46860686272,388.,389.36034316524));
#5899 = SURFACE_CURVE('',#5900,(#5904,#5911),.PCURVE_S1.);
#5900 = LINE('',#5901,#5902);
#5901 = CARTESIAN_POINT('',(350.34014286386,388.,388.53457649957));
#5902 = VECTOR('',#5903,1.);
#5903 = DIRECTION('',(-0.725910690183,0.,0.687788971908));
#5904 = PCURVE('',#72,#5905);
#5905 = DEFINITIONAL_REPRESENTATION('',(#5906),#5910);
#5906 = LINE('',#5907,#5908);
#5907 = CARTESIAN_POINT('',(-14.03457649957,-11.65985713613));
#5908 = VECTOR('',#5909,1.);
#5909 = DIRECTION('',(-0.687788971908,-0.725910690183));
#5910 = ( GEOMETRIC_REPRESENTATION_CONTEXT(2) 
PARAMETRIC_REPRESENTATION_CONTEXT() REPRESENTATION_CONTEXT('2D SPACE',''
  ) );
#5911 = PCURVE('',#1874,#5912);
#5912 = DEFINITIONAL_REPRESENTATION('',(#5913),#5917);
#5913 = LINE('',#5914,#5915);
#5914 = CARTESIAN_POINT('',(0.,-12.));
#5915 = VECTOR('',#5916,1.);
#5916 = DIRECTION('',(1.,0.));
#5917 = ( GEOMETRIC_REPRESENTATION_CONTEXT(2) 
PARAMETRIC_REPRESENTATION_CONTEXT() REPRESENTATION_CONTEXT('2D SPACE',''
  ) );
#5918 = ORIENTED_EDGE('',*,*,#5919,.T.);
#5919 = EDGE_CURVE('',#5897,#5920,#5922,.T.);
#5920 = VERTEX_POINT('',#5921);
#5921 = CARTESIAN_POINT('',(347.91343954027,388.,389.57392281648));
#5922 = SURFACE_CURVE('',#5923,(#5927,#5934),.PCURVE_S1.);
#5923 = LINE('',#5924,#5925);
#5924 = CARTESIAN_POINT('',(349.46860686272,388.,389.36034316524));
#5925 = VECTOR('',#5926,1.);
#5926 = DIRECTION('',(-0.990700822175,0.,0.136058373289));
#5927 = PCURVE('',#72,#5928);
#5928 = DEFINITIONAL_REPRESENTATION('',(#5929),#5933);
#5929 = LINE('',#5930,#5931);
#5930 = CARTESIAN_POINT('',(-14.86034316524,-12.53139313727));
#5931 = VECTOR('',#5932,1.);
#5932 = DIRECTION('',(-0.136058373289,-0.990700822175));
#5933 = ( GEOMETRIC_REPRESENTATION_CONTEXT(2) 
PARAMETRIC_REPRESENTATION_CONTEXT() REPRESENTATION_CONTEXT('2D SPACE',''
  ) );
#5934 = PCURVE('',#1902,#5935);
#5935 = DEFINITIONAL_REPRESENTATION('',(#5936),#5940);
#5936 = LINE('',#5937,#5938);
#5937 = CARTESIAN_POINT('',(0.,-12.));
#5938 = VECTOR('',#5939,1.);
#5939 = DIRECTION('',(1.,0.));
#5940 = ( GEOMETRIC_REPRESENTATION_CONTEXT(2) 
PARAMETRIC_REPRESENTATION_CONTEXT() REPRESENTATION_CONTEXT('2D SPACE',''
  ) );
#5941 = ORIENTED_EDGE('',*,*,#5942,.T.);
#5942 = EDGE_CURVE('',#5920,#5943,#5945,.T.);
#5943 = VERTEX_POINT('',#5944);
#5944 = CARTESIAN_POINT('',(347.26933154605,388.,388.94512864473));
#5945 = SURFACE_CURVE('',#5946,(#5950,#5957),.PCURVE_S1.);
#5946 = LINE('',#5947,#5948);
#5947 = CARTESIAN_POINT('',(347.91343954027,388.,389.57392281648));
#5948 = VECTOR('',#5949,1.);
#5949 = DIRECTION('',(-0.715561943412,0.,-0.698549286121));
#5950 = PCURVE('',#72,#5951);
#5951 = DEFINITIONAL_REPRESENTATION('',(#5952),#5956);
#5952 = LINE('',#5953,#5954);
#5953 = CARTESIAN_POINT('',(-15.07392281648,-14.08656045972));
#5954 = VECTOR('',#5955,1.);
#5955 = DIRECTION('',(0.698549286121,-0.715561943412));
#5956 = ( GEOMETRIC_REPRESENTATION_CONTEXT(2) 
PARAMETRIC_REPRESENTATION_CONTEXT() REPRESENTATION_CONTEXT('2D SPACE',''
  ) );
#5957 = PCURVE('',#1930,#5958);
#5958 = DEFINITIONAL_REPRESENTATION('',(#5959),#5963);
#5959 = LINE('',#5960,#5961);
#5960 = CARTESIAN_POINT('',(0.,-12.));
#5961 = VECTOR('',#5962,1.);
#5962 = DIRECTION('',(1.,0.));
#5963 = ( GEOMETRIC_REPRESENTATION_CONTEXT(2) 
PARAMETRIC_REPRESENTATION_CONTEXT() REPRESENTATION_CONTEXT('2D SPACE',''
  ) );
#5964 = ORIENTED_EDGE('',*,*,#5965,.T.);
#5965 = EDGE_CURVE('',#5943,#5966,#5968,.T.);
#5966 = VERTEX_POINT('',#5967);
#5967 = CARTESIAN_POINT('',(346.65326421647,388.,388.2888373496));
#5968 = SURFACE_CURVE('',#5969,(#5973,#5980),.PCURVE_S1.);
#5969 = LINE('',#5970,#5971);
#5970 = CARTESIAN_POINT('',(347.26933154605,388.,388.94512864473));
#5971 = VECTOR('',#5972,1.);
#5972 = DIRECTION('',(-0.684410595092,0.,-0.72909679558));
#5973 = PCURVE('',#72,#5974);
#5974 = DEFINITIONAL_REPRESENTATION('',(#5975),#5979);
#5975 = LINE('',#5976,#5977);
#5976 = CARTESIAN_POINT('',(-14.44512864473,-14.73066845394));
#5977 = VECTOR('',#5978,1.);
#5978 = DIRECTION('',(0.72909679558,-0.684410595092));
#5979 = ( GEOMETRIC_REPRESENTATION_CONTEXT(2) 
PARAMETRIC_REPRESENTATION_CONTEXT() REPRESENTATION_CONTEXT('2D SPACE',''
  ) );
#5980 = PCURVE('',#1958,#5981);
#5981 = DEFINITIONAL_REPRESENTATION('',(#5982),#5986);
#5982 = LINE('',#5983,#5984);
#5983 = CARTESIAN_POINT('',(0.,-12.));
#5984 = VECTOR('',#5985,1.);
#5985 = DIRECTION('',(1.,0.));
#5986 = ( GEOMETRIC_REPRESENTATION_CONTEXT(2) 
PARAMETRIC_REPRESENTATION_CONTEXT() REPRESENTATION_CONTEXT('2D SPACE',''
  ) );
#5987 = ORIENTED_EDGE('',*,*,#5988,.T.);
#5988 = EDGE_CURVE('',#5966,#5989,#5991,.T.);
#5989 = VERTEX_POINT('',#5990);
#5990 = CARTESIAN_POINT('',(346.06641027071,388.,387.60629821886));
#5991 = SURFACE_CURVE('',#5992,(#5996,#6003),.PCURVE_S1.);
#5992 = LINE('',#5993,#5994);
#5993 = CARTESIAN_POINT('',(346.65326421647,388.,388.2888373496));
#5994 = VECTOR('',#5995,1.);
#5995 = DIRECTION('',(-0.651956432306,0.,-0.75825642785));
#5996 = PCURVE('',#72,#5997);
#5997 = DEFINITIONAL_REPRESENTATION('',(#5998),#6002);
#5998 = LINE('',#5999,#6000);
#5999 = CARTESIAN_POINT('',(-13.7888373496,-15.34673578352));
#6000 = VECTOR('',#6001,1.);
#6001 = DIRECTION('',(0.75825642785,-0.651956432306));
#6002 = ( GEOMETRIC_REPRESENTATION_CONTEXT(2) 
PARAMETRIC_REPRESENTATION_CONTEXT() REPRESENTATION_CONTEXT('2D SPACE',''
  ) );
#6003 = PCURVE('',#1986,#6004);
#6004 = DEFINITIONAL_REPRESENTATION('',(#6005),#6009);
#6005 = LINE('',#6006,#6007);
#6006 = CARTESIAN_POINT('',(0.,-12.));
#6007 = VECTOR('',#6008,1.);
#6008 = DIRECTION('',(1.,0.));
#6009 = ( GEOMETRIC_REPRESENTATION_CONTEXT(2) 
PARAMETRIC_REPRESENTATION_CONTEXT() REPRESENTATION_CONTEXT('2D SPACE',''
  ) );
#6010 = ORIENTED_EDGE('',*,*,#6011,.T.);
#6011 = EDGE_CURVE('',#5989,#6012,#6014,.T.);
#6012 = VERTEX_POINT('',#6013);
#6013 = CARTESIAN_POINT('',(345.50988681861,388.,386.89881050455));
#6014 = SURFACE_CURVE('',#6015,(#6019,#6026),.PCURVE_S1.);
#6015 = LINE('',#6016,#6017);
#6016 = CARTESIAN_POINT('',(346.06641027071,388.,387.60629821886));
#6017 = VECTOR('',#6018,1.);
#6018 = DIRECTION('',(-0.618261233395,0.,-0.785972675912));
#6019 = PCURVE('',#72,#6020);
#6020 = DEFINITIONAL_REPRESENTATION('',(#6021),#6025);
#6021 = LINE('',#6022,#6023);
#6022 = CARTESIAN_POINT('',(-13.10629821886,-15.93358972928));
#6023 = VECTOR('',#6024,1.);
#6024 = DIRECTION('',(0.785972675912,-0.618261233395));
#6025 = ( GEOMETRIC_REPRESENTATION_CONTEXT(2) 
PARAMETRIC_REPRESENTATION_CONTEXT() REPRESENTATION_CONTEXT('2D SPACE',''
  ) );
#6026 = PCURVE('',#2014,#6027);
#6027 = DEFINITIONAL_REPRESENTATION('',(#6028),#6032);
#6028 = LINE('',#6029,#6030);
#6029 = CARTESIAN_POINT('',(0.,-12.));
#6030 = VECTOR('',#6031,1.);
#6031 = DIRECTION('',(1.,0.));
#6032 = ( GEOMETRIC_REPRESENTATION_CONTEXT(2) 
PARAMETRIC_REPRESENTATION_CONTEXT() REPRESENTATION_CONTEXT('2D SPACE',''
  ) );
#6033 = ORIENTED_EDGE('',*,*,#6034,.T.);
#6034 = EDGE_CURVE('',#6012,#6035,#6037,.T.);
#6035 = VERTEX_POINT('',#6036);
#6036 = CARTESIAN_POINT('',(349.65264421113,388.,384.45542772352));
#6037 = SURFACE_CURVE('',#6038,(#6042,#6049),.PCURVE_S1.);
#6038 = LINE('',#6039,#6040);
#6039 = CARTESIAN_POINT('',(345.50988681861,388.,386.89881050455));
#6040 = VECTOR('',#6041,1.);
#6041 = DIRECTION('',(0.861346054958,0.,-0.508018674468));
#6042 = PCURVE('',#72,#6043);
#6043 = DEFINITIONAL_REPRESENTATION('',(#6044),#6048);
#6044 = LINE('',#6045,#6046);
#6045 = CARTESIAN_POINT('',(-12.39881050455,-16.49011318138));
#6046 = VECTOR('',#6047,1.);
#6047 = DIRECTION('',(0.508018674468,0.861346054958));
#6048 = ( GEOMETRIC_REPRESENTATION_CONTEXT(2) 
PARAMETRIC_REPRESENTATION_CONTEXT() REPRESENTATION_CONTEXT('2D SPACE',''
  ) );
#6049 = PCURVE('',#2042,#6050);
#6050 = DEFINITIONAL_REPRESENTATION('',(#6051),#6055);
#6051 = LINE('',#6052,#6053);
#6052 = CARTESIAN_POINT('',(0.,-12.));
#6053 = VECTOR('',#6054,1.);
#6054 = DIRECTION('',(1.,0.));
#6055 = ( GEOMETRIC_REPRESENTATION_CONTEXT(2) 
PARAMETRIC_REPRESENTATION_CONTEXT() REPRESENTATION_CONTEXT('2D SPACE',''
  ) );
#6056 = ORIENTED_EDGE('',*,*,#6057,.T.);
#6057 = EDGE_CURVE('',#6035,#6058,#6060,.T.);
#6058 = VERTEX_POINT('',#6059);
#6059 = CARTESIAN_POINT('',(348.91911304617,388.,383.46984574206));
#6060 = SURFACE_CURVE('',#6061,(#6065,#6072),.PCURVE_S1.);
#6061 = LINE('',#6062,#6063);
#6062 = CARTESIAN_POINT('',(349.65264421113,388.,384.45542772352));
#6063 = VECTOR('',#6064,1.);
#6064 = DIRECTION('',(-0.597049954854,0.,-0.802204058459));
#6065 = PCURVE('',#72,#6066);
#6066 = DEFINITIONAL_REPRESENTATION('',(#6067),#6071);
#6067 = LINE('',#6068,#6069);
#6068 = CARTESIAN_POINT('',(-9.955427723529,-12.34735578886));
#6069 = VECTOR('',#6070,1.);
#6070 = DIRECTION('',(0.802204058459,-0.597049954854));
#6071 = ( GEOMETRIC_REPRESENTATION_CONTEXT(2) 
PARAMETRIC_REPRESENTATION_CONTEXT() REPRESENTATION_CONTEXT('2D SPACE',''
  ) );
#6072 = PCURVE('',#2070,#6073);
#6073 = DEFINITIONAL_REPRESENTATION('',(#6074),#6078);
#6074 = LINE('',#6075,#6076);
#6075 = CARTESIAN_POINT('',(0.,-12.));
#6076 = VECTOR('',#6077,1.);
#6077 = DIRECTION('',(1.,0.));
#6078 = ( GEOMETRIC_REPRESENTATION_CONTEXT(2) 
PARAMETRIC_REPRESENTATION_CONTEXT() REPRESENTATION_CONTEXT('2D SPACE',''
  ) );
#6079 = ORIENTED_EDGE('',*,*,#6080,.T.);
#6080 = EDGE_CURVE('',#6058,#6081,#6083,.T.);
#6081 = VERTEX_POINT('',#6082);
#6082 = CARTESIAN_POINT('',(348.2640689394,388.,382.4304434954));
#6083 = SURFACE_CURVE('',#6084,(#6088,#6095),.PCURVE_S1.);
#6084 = LINE('',#6085,#6086);
#6085 = CARTESIAN_POINT('',(348.91911304617,388.,383.46984574206));
#6086 = VECTOR('',#6087,1.);
#6087 = DIRECTION('',(-0.533166241671,0.,-0.846010495645));
#6088 = PCURVE('',#72,#6089);
#6089 = DEFINITIONAL_REPRESENTATION('',(#6090),#6094);
#6090 = LINE('',#6091,#6092);
#6091 = CARTESIAN_POINT('',(-8.969845742061,-13.08088695382));
#6092 = VECTOR('',#6093,1.);
#6093 = DIRECTION('',(0.846010495645,-0.533166241671));
#6094 = ( GEOMETRIC_REPRESENTATION_CONTEXT(2) 
PARAMETRIC_REPRESENTATION_CONTEXT() REPRESENTATION_CONTEXT('2D SPACE',''
  ) );
#6095 = PCURVE('',#2098,#6096);
#6096 = DEFINITIONAL_REPRESENTATION('',(#6097),#6101);
#6097 = LINE('',#6098,#6099);
#6098 = CARTESIAN_POINT('',(0.,-12.));
#6099 = VECTOR('',#6100,1.);
#6100 = DIRECTION('',(1.,0.));
#6101 = ( GEOMETRIC_REPRESENTATION_CONTEXT(2) 
PARAMETRIC_REPRESENTATION_CONTEXT() REPRESENTATION_CONTEXT('2D SPACE',''
  ) );
#6102 = ORIENTED_EDGE('',*,*,#6103,.T.);
#6103 = EDGE_CURVE('',#6081,#6104,#6106,.T.);
#6104 = VERTEX_POINT('',#6105);
#6105 = CARTESIAN_POINT('',(347.69144224243,388.,381.34345753501));
#6106 = SURFACE_CURVE('',#6107,(#6111,#6118),.PCURVE_S1.);
#6107 = LINE('',#6108,#6109);
#6108 = CARTESIAN_POINT('',(348.2640689394,388.,382.4304434954));
#6109 = VECTOR('',#6110,1.);
#6110 = DIRECTION('',(-0.466083460261,0.,-0.88474075755));
#6111 = PCURVE('',#72,#6112);
#6112 = DEFINITIONAL_REPRESENTATION('',(#6113),#6117);
#6113 = LINE('',#6114,#6115);
#6114 = CARTESIAN_POINT('',(-7.930443495403,-13.73593106059));
#6115 = VECTOR('',#6116,1.);
#6116 = DIRECTION('',(0.88474075755,-0.466083460261));
#6117 = ( GEOMETRIC_REPRESENTATION_CONTEXT(2) 
PARAMETRIC_REPRESENTATION_CONTEXT() REPRESENTATION_CONTEXT('2D SPACE',''
  ) );
#6118 = PCURVE('',#2126,#6119);
#6119 = DEFINITIONAL_REPRESENTATION('',(#6120),#6124);
#6120 = LINE('',#6121,#6122);
#6121 = CARTESIAN_POINT('',(0.,-12.));
#6122 = VECTOR('',#6123,1.);
#6123 = DIRECTION('',(1.,0.));
#6124 = ( GEOMETRIC_REPRESENTATION_CONTEXT(2) 
PARAMETRIC_REPRESENTATION_CONTEXT() REPRESENTATION_CONTEXT('2D SPACE',''
  ) );
#6125 = ORIENTED_EDGE('',*,*,#6126,.T.);
#6126 = EDGE_CURVE('',#6104,#6127,#6129,.T.);
#6127 = VERTEX_POINT('',#6128);
#6128 = CARTESIAN_POINT('',(347.20466879145,388.,380.21540992095));
#6129 = SURFACE_CURVE('',#6130,(#6134,#6141),.PCURVE_S1.);
#6130 = LINE('',#6131,#6132);
#6131 = CARTESIAN_POINT('',(347.69144224243,388.,381.34345753501));
#6132 = VECTOR('',#6133,1.);
#6133 = DIRECTION('',(-0.396204116217,0.,-0.918162457462));
#6134 = PCURVE('',#72,#6135);
#6135 = DEFINITIONAL_REPRESENTATION('',(#6136),#6140);
#6136 = LINE('',#6137,#6138);
#6137 = CARTESIAN_POINT('',(-6.843457535015,-14.30855775756));
#6138 = VECTOR('',#6139,1.);
#6139 = DIRECTION('',(0.918162457462,-0.396204116217));
#6140 = ( GEOMETRIC_REPRESENTATION_CONTEXT(2) 
PARAMETRIC_REPRESENTATION_CONTEXT() REPRESENTATION_CONTEXT('2D SPACE',''
  ) );
#6141 = PCURVE('',#2154,#6142);
#6142 = DEFINITIONAL_REPRESENTATION('',(#6143),#6147);
#6143 = LINE('',#6144,#6145);
#6144 = CARTESIAN_POINT('',(0.,-12.));
#6145 = VECTOR('',#6146,1.);
#6146 = DIRECTION('',(1.,0.));
#6147 = ( GEOMETRIC_REPRESENTATION_CONTEXT(2) 
PARAMETRIC_REPRESENTATION_CONTEXT() REPRESENTATION_CONTEXT('2D SPACE',''
  ) );
#6148 = ORIENTED_EDGE('',*,*,#6149,.T.);
#6149 = EDGE_CURVE('',#6127,#6150,#6152,.T.);
#6150 = VERTEX_POINT('',#6151);
#6151 = CARTESIAN_POINT('',(346.04748865823,388.,380.52824149954));
#6152 = SURFACE_CURVE('',#6153,(#6157,#6164),.PCURVE_S1.);
#6153 = LINE('',#6154,#6155);
#6154 = CARTESIAN_POINT('',(347.20466879145,388.,380.21540992095));
#6155 = VECTOR('',#6156,1.);
#6156 = DIRECTION('',(-0.965346541434,0.,0.26097136805));
#6157 = PCURVE('',#72,#6158);
#6158 = DEFINITIONAL_REPRESENTATION('',(#6159),#6163);
#6159 = LINE('',#6160,#6161);
#6160 = CARTESIAN_POINT('',(-5.715409920955,-14.79533120854));
#6161 = VECTOR('',#6162,1.);
#6162 = DIRECTION('',(-0.26097136805,-0.965346541434));
#6163 = ( GEOMETRIC_REPRESENTATION_CONTEXT(2) 
PARAMETRIC_REPRESENTATION_CONTEXT() REPRESENTATION_CONTEXT('2D SPACE',''
  ) );
#6164 = PCURVE('',#2182,#6165);
#6165 = DEFINITIONAL_REPRESENTATION('',(#6166),#6170);
#6166 = LINE('',#6167,#6168);
#6167 = CARTESIAN_POINT('',(0.,-12.));
#6168 = VECTOR('',#6169,1.);
#6169 = DIRECTION('',(1.,0.));
#6170 = ( GEOMETRIC_REPRESENTATION_CONTEXT(2) 
PARAMETRIC_REPRESENTATION_CONTEXT() REPRESENTATION_CONTEXT('2D SPACE',''
  ) );
#6171 = ORIENTED_EDGE('',*,*,#6172,.T.);
#6172 = EDGE_CURVE('',#6150,#6173,#6175,.T.);
#6173 = VERTEX_POINT('',#6174);
#6174 = CARTESIAN_POINT('',(344.88497926582,388.,380.82437121192));
#6175 = SURFACE_CURVE('',#6176,(#6180,#6187),.PCURVE_S1.);
#6176 = LINE('',#6177,#6178);
#6177 = CARTESIAN_POINT('',(346.04748865823,388.,380.52824149954));
#6178 = VECTOR('',#6179,1.);
#6179 = DIRECTION('',(-0.969053671093,0.,0.246850121616));
#6180 = PCURVE('',#72,#6181);
#6181 = DEFINITIONAL_REPRESENTATION('',(#6182),#6186);
#6182 = LINE('',#6183,#6184);
#6183 = CARTESIAN_POINT('',(-6.028241499548,-15.95251134176));
#6184 = VECTOR('',#6185,1.);
#6185 = DIRECTION('',(-0.246850121616,-0.969053671093));
#6186 = ( GEOMETRIC_REPRESENTATION_CONTEXT(2) 
PARAMETRIC_REPRESENTATION_CONTEXT() REPRESENTATION_CONTEXT('2D SPACE',''
  ) );
#6187 = PCURVE('',#2210,#6188);
#6188 = DEFINITIONAL_REPRESENTATION('',(#6189),#6193);
#6189 = LINE('',#6190,#6191);
#6190 = CARTESIAN_POINT('',(0.,-12.));
#6191 = VECTOR('',#6192,1.);
#6192 = DIRECTION('',(1.,0.));
#6193 = ( GEOMETRIC_REPRESENTATION_CONTEXT(2) 
PARAMETRIC_REPRESENTATION_CONTEXT() REPRESENTATION_CONTEXT('2D SPACE',''
  ) );
#6194 = ORIENTED_EDGE('',*,*,#6195,.T.);
#6195 = EDGE_CURVE('',#6173,#6196,#6198,.T.);
#6196 = VERTEX_POINT('',#6197);
#6197 = CARTESIAN_POINT('',(343.71732361568,388.,381.10373812142));
#6198 = SURFACE_CURVE('',#6199,(#6203,#6210),.PCURVE_S1.);
#6199 = LINE('',#6200,#6201);
#6200 = CARTESIAN_POINT('',(344.88497926582,388.,380.82437121192));
#6201 = VECTOR('',#6202,1.);
#6202 = DIRECTION('',(-0.972551584531,0.,0.232687377023));
#6203 = PCURVE('',#72,#6204);
#6204 = DEFINITIONAL_REPRESENTATION('',(#6205),#6209);
#6205 = LINE('',#6206,#6207);
#6206 = CARTESIAN_POINT('',(-6.324371211923,-17.11502073417));
#6207 = VECTOR('',#6208,1.);
#6208 = DIRECTION('',(-0.232687377023,-0.972551584531));
#6209 = ( GEOMETRIC_REPRESENTATION_CONTEXT(2) 
PARAMETRIC_REPRESENTATION_CONTEXT() REPRESENTATION_CONTEXT('2D SPACE',''
  ) );
#6210 = PCURVE('',#2238,#6211);
#6211 = DEFINITIONAL_REPRESENTATION('',(#6212),#6216);
#6212 = LINE('',#6213,#6214);
#6213 = CARTESIAN_POINT('',(0.,-12.));
#6214 = VECTOR('',#6215,1.);
#6215 = DIRECTION('',(1.,0.));
#6216 = ( GEOMETRIC_REPRESENTATION_CONTEXT(2) 
PARAMETRIC_REPRESENTATION_CONTEXT() REPRESENTATION_CONTEXT('2D SPACE',''
  ) );
#6217 = ORIENTED_EDGE('',*,*,#6218,.T.);
#6218 = EDGE_CURVE('',#6196,#6219,#6221,.T.);
#6219 = VERTEX_POINT('',#6220);
#6220 = CARTESIAN_POINT('',(342.26371938168,388.,380.5111198639));
#6221 = SURFACE_CURVE('',#6222,(#6226,#6233),.PCURVE_S1.);
#6222 = LINE('',#6223,#6224);
#6223 = CARTESIAN_POINT('',(343.71732361568,388.,381.10373812142));
#6224 = VECTOR('',#6225,1.);
#6225 = DIRECTION('',(-0.926001266198,0.,-0.377520403422));
#6226 = PCURVE('',#72,#6227);
#6227 = DEFINITIONAL_REPRESENTATION('',(#6228),#6232);
#6228 = LINE('',#6229,#6230);
#6229 = CARTESIAN_POINT('',(-6.603738121421,-18.28267638431));
#6230 = VECTOR('',#6231,1.);
#6231 = DIRECTION('',(0.377520403422,-0.926001266198));
#6232 = ( GEOMETRIC_REPRESENTATION_CONTEXT(2) 
PARAMETRIC_REPRESENTATION_CONTEXT() REPRESENTATION_CONTEXT('2D SPACE',''
  ) );
#6233 = PCURVE('',#2266,#6234);
#6234 = DEFINITIONAL_REPRESENTATION('',(#6235),#6239);
#6235 = LINE('',#6236,#6237);
#6236 = CARTESIAN_POINT('',(0.,-12.));
#6237 = VECTOR('',#6238,1.);
#6238 = DIRECTION('',(1.,0.));
#6239 = ( GEOMETRIC_REPRESENTATION_CONTEXT(2) 
PARAMETRIC_REPRESENTATION_CONTEXT() REPRESENTATION_CONTEXT('2D SPACE',''
  ) );
#6240 = ORIENTED_EDGE('',*,*,#6241,.T.);
#6241 = EDGE_CURVE('',#6219,#6242,#6244,.T.);
#6242 = VERTEX_POINT('',#6243);
#6243 = CARTESIAN_POINT('',(342.02030258179,388.,379.6445141403));
#6244 = SURFACE_CURVE('',#6245,(#6249,#6256),.PCURVE_S1.);
#6245 = LINE('',#6246,#6247);
#6246 = CARTESIAN_POINT('',(342.26371938168,388.,380.5111198639));
#6247 = VECTOR('',#6248,1.);
#6248 = DIRECTION('',(-0.270420177916,0.,-0.962742399282));
#6249 = PCURVE('',#72,#6250);
#6250 = DEFINITIONAL_REPRESENTATION('',(#6251),#6255);
#6251 = LINE('',#6252,#6253);
#6252 = CARTESIAN_POINT('',(-6.011119863901,-19.73628061831));
#6253 = VECTOR('',#6254,1.);
#6254 = DIRECTION('',(0.962742399282,-0.270420177916));
#6255 = ( GEOMETRIC_REPRESENTATION_CONTEXT(2) 
PARAMETRIC_REPRESENTATION_CONTEXT() REPRESENTATION_CONTEXT('2D SPACE',''
  ) );
#6256 = PCURVE('',#2294,#6257);
#6257 = DEFINITIONAL_REPRESENTATION('',(#6258),#6262);
#6258 = LINE('',#6259,#6260);
#6259 = CARTESIAN_POINT('',(0.,-12.));
#6260 = VECTOR('',#6261,1.);
#6261 = DIRECTION('',(1.,0.));
#6262 = ( GEOMETRIC_REPRESENTATION_CONTEXT(2) 
PARAMETRIC_REPRESENTATION_CONTEXT() REPRESENTATION_CONTEXT('2D SPACE',''
  ) );
#6263 = ORIENTED_EDGE('',*,*,#6264,.T.);
#6264 = EDGE_CURVE('',#6242,#6265,#6267,.T.);
#6265 = VERTEX_POINT('',#6266);
#6266 = CARTESIAN_POINT('',(341.8149182715,388.,378.76811554164));
#6267 = SURFACE_CURVE('',#6268,(#6272,#6279),.PCURVE_S1.);
#6268 = LINE('',#6269,#6270);
#6269 = CARTESIAN_POINT('',(342.02030258179,388.,379.6445141403));
#6270 = VECTOR('',#6271,1.);
#6271 = DIRECTION('',(-0.228168564179,0.,-0.973621644336));
#6272 = PCURVE('',#72,#6273);
#6273 = DEFINITIONAL_REPRESENTATION('',(#6274),#6278);
#6274 = LINE('',#6275,#6276);
#6275 = CARTESIAN_POINT('',(-5.144514140304,-19.9796974182));
#6276 = VECTOR('',#6277,1.);
#6277 = DIRECTION('',(0.973621644336,-0.228168564179));
#6278 = ( GEOMETRIC_REPRESENTATION_CONTEXT(2) 
PARAMETRIC_REPRESENTATION_CONTEXT() REPRESENTATION_CONTEXT('2D SPACE',''
  ) );
#6279 = PCURVE('',#2322,#6280);
#6280 = DEFINITIONAL_REPRESENTATION('',(#6281),#6285);
#6281 = LINE('',#6282,#6283);
#6282 = CARTESIAN_POINT('',(0.,-12.));
#6283 = VECTOR('',#6284,1.);
#6284 = DIRECTION('',(1.,0.));
#6285 = ( GEOMETRIC_REPRESENTATION_CONTEXT(2) 
PARAMETRIC_REPRESENTATION_CONTEXT() REPRESENTATION_CONTEXT('2D SPACE',''
  ) );
#6286 = ORIENTED_EDGE('',*,*,#6287,.T.);
#6287 = EDGE_CURVE('',#6265,#6288,#6290,.T.);
#6288 = VERTEX_POINT('',#6289);
#6289 = CARTESIAN_POINT('',(341.64795741152,388.,377.88359234247));
#6290 = SURFACE_CURVE('',#6291,(#6295,#6302),.PCURVE_S1.);
#6291 = LINE('',#6292,#6293);
#6292 = CARTESIAN_POINT('',(341.8149182715,388.,378.76811554164));
#6293 = VECTOR('',#6294,1.);
#6294 = DIRECTION('',(-0.185482618612,0.,-0.982647545253));
#6295 = PCURVE('',#72,#6296);
#6296 = DEFINITIONAL_REPRESENTATION('',(#6297),#6301);
#6297 = LINE('',#6298,#6299);
#6298 = CARTESIAN_POINT('',(-4.268115541647,-20.18508172849));
#6299 = VECTOR('',#6300,1.);
#6300 = DIRECTION('',(0.982647545253,-0.185482618612));
#6301 = ( GEOMETRIC_REPRESENTATION_CONTEXT(2) 
PARAMETRIC_REPRESENTATION_CONTEXT() REPRESENTATION_CONTEXT('2D SPACE',''
  ) );
#6302 = PCURVE('',#2350,#6303);
#6303 = DEFINITIONAL_REPRESENTATION('',(#6304),#6308);
#6304 = LINE('',#6305,#6306);
#6305 = CARTESIAN_POINT('',(0.,-12.));
#6306 = VECTOR('',#6307,1.);
#6307 = DIRECTION('',(1.,0.));
#6308 = ( GEOMETRIC_REPRESENTATION_CONTEXT(2) 
PARAMETRIC_REPRESENTATION_CONTEXT() REPRESENTATION_CONTEXT('2D SPACE',''
  ) );
#6309 = ORIENTED_EDGE('',*,*,#6310,.T.);
#6310 = EDGE_CURVE('',#6288,#6311,#6313,.T.);
#6311 = VERTEX_POINT('',#6312);
#6312 = CARTESIAN_POINT('',(341.51973782135,388.,376.99262828296));
#6313 = SURFACE_CURVE('',#6314,(#6318,#6325),.PCURVE_S1.);
#6314 = LINE('',#6315,#6316);
#6315 = CARTESIAN_POINT('',(341.64795741152,388.,377.88359234247));
#6316 = VECTOR('',#6317,1.);
#6317 = DIRECTION('',(-0.142443596339,0.,-0.989802920718));
#6318 = PCURVE('',#72,#6319);
#6319 = DEFINITIONAL_REPRESENTATION('',(#6320),#6324);
#6320 = LINE('',#6321,#6322);
#6321 = CARTESIAN_POINT('',(-3.383592342472,-20.35204258847));
#6322 = VECTOR('',#6323,1.);
#6323 = DIRECTION('',(0.989802920718,-0.142443596339));
#6324 = ( GEOMETRIC_REPRESENTATION_CONTEXT(2) 
PARAMETRIC_REPRESENTATION_CONTEXT() REPRESENTATION_CONTEXT('2D SPACE',''
  ) );
#6325 = PCURVE('',#2378,#6326);
#6326 = DEFINITIONAL_REPRESENTATION('',(#6327),#6331);
#6327 = LINE('',#6328,#6329);
#6328 = CARTESIAN_POINT('',(0.,-12.));
#6329 = VECTOR('',#6330,1.);
#6330 = DIRECTION('',(1.,0.));
#6331 = ( GEOMETRIC_REPRESENTATION_CONTEXT(2) 
PARAMETRIC_REPRESENTATION_CONTEXT() REPRESENTATION_CONTEXT('2D SPACE',''
  ) );
#6332 = ORIENTED_EDGE('',*,*,#6333,.T.);
#6333 = EDGE_CURVE('',#6311,#6334,#6336,.T.);
#6334 = VERTEX_POINT('',#6335);
#6335 = CARTESIAN_POINT('',(346.32916235551,388.,376.94797541968));
#6336 = SURFACE_CURVE('',#6337,(#6341,#6348),.PCURVE_S1.);
#6337 = LINE('',#6338,#6339);
#6338 = CARTESIAN_POINT('',(341.51973782135,388.,376.99262828296));
#6339 = VECTOR('',#6340,1.);
#6340 = DIRECTION('',(0.999956902277,0.,-9.284050206738E-03));
#6341 = PCURVE('',#72,#6342);
#6342 = DEFINITIONAL_REPRESENTATION('',(#6343),#6347);
#6343 = LINE('',#6344,#6345);
#6344 = CARTESIAN_POINT('',(-2.492628282962,-20.48026217864));
#6345 = VECTOR('',#6346,1.);
#6346 = DIRECTION('',(9.284050206738E-03,0.999956902277));
#6347 = ( GEOMETRIC_REPRESENTATION_CONTEXT(2) 
PARAMETRIC_REPRESENTATION_CONTEXT() REPRESENTATION_CONTEXT('2D SPACE',''
  ) );
#6348 = PCURVE('',#2406,#6349);
#6349 = DEFINITIONAL_REPRESENTATION('',(#6350),#6354);
#6350 = LINE('',#6351,#6352);
#6351 = CARTESIAN_POINT('',(0.,-12.));
#6352 = VECTOR('',#6353,1.);
#6353 = DIRECTION('',(1.,0.));
#6354 = ( GEOMETRIC_REPRESENTATION_CONTEXT(2) 
PARAMETRIC_REPRESENTATION_CONTEXT() REPRESENTATION_CONTEXT('2D SPACE',''
  ) );
#6355 = ORIENTED_EDGE('',*,*,#6356,.T.);
#6356 = EDGE_CURVE('',#6334,#6357,#6359,.T.);
#6357 = VERTEX_POINT('',#6358);
#6358 = CARTESIAN_POINT('',(346.18669672292,388.,375.72767080374));
#6359 = SURFACE_CURVE('',#6360,(#6364,#6371),.PCURVE_S1.);
#6360 = LINE('',#6361,#6362);
#6361 = CARTESIAN_POINT('',(346.32916235551,388.,376.94797541968));
#6362 = VECTOR('',#6363,1.);
#6363 = DIRECTION('',(-0.115958399003,0.,-0.993254071072));
#6364 = PCURVE('',#72,#6365);
#6365 = DEFINITIONAL_REPRESENTATION('',(#6366),#6370);
#6366 = LINE('',#6367,#6368);
#6367 = CARTESIAN_POINT('',(-2.447975419685,-15.67083764448));
#6368 = VECTOR('',#6369,1.);
#6369 = DIRECTION('',(0.993254071072,-0.115958399003));
#6370 = ( GEOMETRIC_REPRESENTATION_CONTEXT(2) 
PARAMETRIC_REPRESENTATION_CONTEXT() REPRESENTATION_CONTEXT('2D SPACE',''
  ) );
#6371 = PCURVE('',#2434,#6372);
#6372 = DEFINITIONAL_REPRESENTATION('',(#6373),#6377);
#6373 = LINE('',#6374,#6375);
#6374 = CARTESIAN_POINT('',(0.,-12.));
#6375 = VECTOR('',#6376,1.);
#6376 = DIRECTION('',(1.,0.));
#6377 = ( GEOMETRIC_REPRESENTATION_CONTEXT(2) 
PARAMETRIC_REPRESENTATION_CONTEXT() REPRESENTATION_CONTEXT('2D SPACE',''
  ) );
#6378 = ORIENTED_EDGE('',*,*,#6379,.T.);
#6379 = EDGE_CURVE('',#6357,#6380,#6382,.T.);
#6380 = VERTEX_POINT('',#6381);
#6381 = CARTESIAN_POINT('',(346.13911300919,388.,374.5));
#6382 = SURFACE_CURVE('',#6383,(#6387,#6394),.PCURVE_S1.);
#6383 = LINE('',#6384,#6385);
#6384 = CARTESIAN_POINT('',(346.18669672292,388.,375.72767080374));
#6385 = VECTOR('',#6386,1.);
#6386 = DIRECTION('',(-3.873026190514E-02,0.,-0.999249701933));
#6387 = PCURVE('',#72,#6388);
#6388 = DEFINITIONAL_REPRESENTATION('',(#6389),#6393);
#6389 = LINE('',#6390,#6391);
#6390 = CARTESIAN_POINT('',(-1.22767080374,-15.81330327707));
#6391 = VECTOR('',#6392,1.);
#6392 = DIRECTION('',(0.999249701933,-3.873026190514E-02));
#6393 = ( GEOMETRIC_REPRESENTATION_CONTEXT(2) 
PARAMETRIC_REPRESENTATION_CONTEXT() REPRESENTATION_CONTEXT('2D SPACE',''
  ) );
#6394 = PCURVE('',#2462,#6395);
#6395 = DEFINITIONAL_REPRESENTATION('',(#6396),#6400);
#6396 = LINE('',#6397,#6398);
#6397 = CARTESIAN_POINT('',(0.,-12.));
#6398 = VECTOR('',#6399,1.);
#6399 = DIRECTION('',(1.,0.));
#6400 = ( GEOMETRIC_REPRESENTATION_CONTEXT(2) 
PARAMETRIC_REPRESENTATION_CONTEXT() REPRESENTATION_CONTEXT('2D SPACE',''
  ) );
#6401 = ORIENTED_EDGE('',*,*,#6402,.T.);
#6402 = EDGE_CURVE('',#6380,#6403,#6405,.T.);
#6403 = VERTEX_POINT('',#6404);
#6404 = CARTESIAN_POINT('',(346.18669672292,388.,373.27232919626));
#6405 = SURFACE_CURVE('',#6406,(#6410,#6417),.PCURVE_S1.);
#6406 = LINE('',#6407,#6408);
#6407 = CARTESIAN_POINT('',(346.13911300919,388.,374.5));
#6408 = VECTOR('',#6409,1.);
#6409 = DIRECTION('',(3.873026190514E-02,0.,-0.999249701933));
#6410 = PCURVE('',#72,#6411);
#6411 = DEFINITIONAL_REPRESENTATION('',(#6412),#6416);
#6412 = LINE('',#6413,#6414);
#6413 = CARTESIAN_POINT('',(0.,-15.8608869908));
#6414 = VECTOR('',#6415,1.);
#6415 = DIRECTION('',(0.999249701933,3.873026190514E-02));
#6416 = ( GEOMETRIC_REPRESENTATION_CONTEXT(2) 
PARAMETRIC_REPRESENTATION_CONTEXT() REPRESENTATION_CONTEXT('2D SPACE',''
  ) );
#6417 = PCURVE('',#2490,#6418);
#6418 = DEFINITIONAL_REPRESENTATION('',(#6419),#6423);
#6419 = LINE('',#6420,#6421);
#6420 = CARTESIAN_POINT('',(0.,-12.));
#6421 = VECTOR('',#6422,1.);
#6422 = DIRECTION('',(1.,0.));
#6423 = ( GEOMETRIC_REPRESENTATION_CONTEXT(2) 
PARAMETRIC_REPRESENTATION_CONTEXT() REPRESENTATION_CONTEXT('2D SPACE',''
  ) );
#6424 = ORIENTED_EDGE('',*,*,#6425,.T.);
#6425 = EDGE_CURVE('',#6403,#6426,#6428,.T.);
#6426 = VERTEX_POINT('',#6427);
#6427 = CARTESIAN_POINT('',(346.32916235551,388.,372.05202458031));
#6428 = SURFACE_CURVE('',#6429,(#6433,#6440),.PCURVE_S1.);
#6429 = LINE('',#6430,#6431);
#6430 = CARTESIAN_POINT('',(346.18669672292,388.,373.27232919626));
#6431 = VECTOR('',#6432,1.);
#6432 = DIRECTION('',(0.115958399003,0.,-0.993254071072));
#6433 = PCURVE('',#72,#6434);
#6434 = DEFINITIONAL_REPRESENTATION('',(#6435),#6439);
#6435 = LINE('',#6436,#6437);
#6436 = CARTESIAN_POINT('',(1.22767080374,-15.81330327707));
#6437 = VECTOR('',#6438,1.);
#6438 = DIRECTION('',(0.993254071072,0.115958399003));
#6439 = ( GEOMETRIC_REPRESENTATION_CONTEXT(2) 
PARAMETRIC_REPRESENTATION_CONTEXT() REPRESENTATION_CONTEXT('2D SPACE',''
  ) );
#6440 = PCURVE('',#2518,#6441);
#6441 = DEFINITIONAL_REPRESENTATION('',(#6442),#6446);
#6442 = LINE('',#6443,#6444);
#6443 = CARTESIAN_POINT('',(0.,-12.));
#6444 = VECTOR('',#6445,1.);
#6445 = DIRECTION('',(1.,0.));
#6446 = ( GEOMETRIC_REPRESENTATION_CONTEXT(2) 
PARAMETRIC_REPRESENTATION_CONTEXT() REPRESENTATION_CONTEXT('2D SPACE',''
  ) );
#6447 = ORIENTED_EDGE('',*,*,#6448,.T.);
#6448 = EDGE_CURVE('',#6426,#6449,#6451,.T.);
#6449 = VERTEX_POINT('',#6450);
#6450 = CARTESIAN_POINT('',(345.1705991741,388.,371.74435460787));
#6451 = SURFACE_CURVE('',#6452,(#6456,#6463),.PCURVE_S1.);
#6452 = LINE('',#6453,#6454);
#6453 = CARTESIAN_POINT('',(346.32916235551,388.,372.05202458031));
#6454 = VECTOR('',#6455,1.);
#6455 = DIRECTION('',(-0.966500312362,0.,-0.256665436325));
#6456 = PCURVE('',#72,#6457);
#6457 = DEFINITIONAL_REPRESENTATION('',(#6458),#6462);
#6458 = LINE('',#6459,#6460);
#6459 = CARTESIAN_POINT('',(2.447975419685,-15.67083764448));
#6460 = VECTOR('',#6461,1.);
#6461 = DIRECTION('',(0.256665436325,-0.966500312362));
#6462 = ( GEOMETRIC_REPRESENTATION_CONTEXT(2) 
PARAMETRIC_REPRESENTATION_CONTEXT() REPRESENTATION_CONTEXT('2D SPACE',''
  ) );
#6463 = PCURVE('',#2546,#6464);
#6464 = DEFINITIONAL_REPRESENTATION('',(#6465),#6469);
#6465 = LINE('',#6466,#6467);
#6466 = CARTESIAN_POINT('',(0.,-12.));
#6467 = VECTOR('',#6468,1.);
#6468 = DIRECTION('',(1.,0.));
#6469 = ( GEOMETRIC_REPRESENTATION_CONTEXT(2) 
PARAMETRIC_REPRESENTATION_CONTEXT() REPRESENTATION_CONTEXT('2D SPACE',''
  ) );
#6470 = ORIENTED_EDGE('',*,*,#6471,.T.);
#6471 = EDGE_CURVE('',#6449,#6472,#6474,.T.);
#6472 = VERTEX_POINT('',#6473);
#6473 = CARTESIAN_POINT('',(344.01577165194,388.,371.4195557654));
#6474 = SURFACE_CURVE('',#6475,(#6479,#6486),.PCURVE_S1.);
#6475 = LINE('',#6476,#6477);
#6476 = CARTESIAN_POINT('',(345.1705991741,388.,371.74435460787));
#6477 = VECTOR('',#6478,1.);
#6478 = DIRECTION('',(-0.962650157605,0.,-0.270748359299));
#6479 = PCURVE('',#72,#6480);
#6480 = DEFINITIONAL_REPRESENTATION('',(#6481),#6485);
#6481 = LINE('',#6482,#6483);
#6482 = CARTESIAN_POINT('',(2.755645392125,-16.82940082589));
#6483 = VECTOR('',#6484,1.);
#6484 = DIRECTION('',(0.270748359299,-0.962650157605));
#6485 = ( GEOMETRIC_REPRESENTATION_CONTEXT(2) 
PARAMETRIC_REPRESENTATION_CONTEXT() REPRESENTATION_CONTEXT('2D SPACE',''
  ) );
#6486 = PCURVE('',#2574,#6487);
#6487 = DEFINITIONAL_REPRESENTATION('',(#6488),#6492);
#6488 = LINE('',#6489,#6490);
#6489 = CARTESIAN_POINT('',(0.,-12.));
#6490 = VECTOR('',#6491,1.);
#6491 = DIRECTION('',(1.,0.));
#6492 = ( GEOMETRIC_REPRESENTATION_CONTEXT(2) 
PARAMETRIC_REPRESENTATION_CONTEXT() REPRESENTATION_CONTEXT('2D SPACE',''
  ) );
#6493 = ORIENTED_EDGE('',*,*,#6494,.T.);
#6494 = EDGE_CURVE('',#6472,#6495,#6497,.T.);
#6495 = VERTEX_POINT('',#6496);
#6496 = CARTESIAN_POINT('',(342.8648687413,388.,371.07766678093));
#6497 = SURFACE_CURVE('',#6498,(#6502,#6509),.PCURVE_S1.);
#6498 = LINE('',#6499,#6500);
#6499 = CARTESIAN_POINT('',(344.01577165194,388.,371.4195557654));
#6500 = VECTOR('',#6501,1.);
#6501 = DIRECTION('',(-0.958598067206,0.,-0.284762612623));
#6502 = PCURVE('',#72,#6503);
#6503 = DEFINITIONAL_REPRESENTATION('',(#6504),#6508);
#6504 = LINE('',#6505,#6506);
#6505 = CARTESIAN_POINT('',(3.080444234599,-17.98422834805));
#6506 = VECTOR('',#6507,1.);
#6507 = DIRECTION('',(0.284762612623,-0.958598067206));
#6508 = ( GEOMETRIC_REPRESENTATION_CONTEXT(2) 
PARAMETRIC_REPRESENTATION_CONTEXT() REPRESENTATION_CONTEXT('2D SPACE',''
  ) );
#6509 = PCURVE('',#2602,#6510);
#6510 = DEFINITIONAL_REPRESENTATION('',(#6511),#6515);
#6511 = LINE('',#6512,#6513);
#6512 = CARTESIAN_POINT('',(0.,-12.));
#6513 = VECTOR('',#6514,1.);
#6514 = DIRECTION('',(1.,0.));
#6515 = ( GEOMETRIC_REPRESENTATION_CONTEXT(2) 
PARAMETRIC_REPRESENTATION_CONTEXT() REPRESENTATION_CONTEXT('2D SPACE',''
  ) );
#6516 = ORIENTED_EDGE('',*,*,#6517,.T.);
#6517 = EDGE_CURVE('',#6495,#6518,#6520,.T.);
#6518 = VERTEX_POINT('',#6519);
#6519 = CARTESIAN_POINT('',(341.90231967637,388.,369.83764219817));
#6520 = SURFACE_CURVE('',#6521,(#6525,#6532),.PCURVE_S1.);
#6521 = LINE('',#6522,#6523);
#6522 = CARTESIAN_POINT('',(342.8648687413,388.,371.07766678093));
#6523 = VECTOR('',#6524,1.);
#6524 = DIRECTION('',(-0.613180418753,0.,-0.789942892909));
#6525 = PCURVE('',#72,#6526);
#6526 = DEFINITIONAL_REPRESENTATION('',(#6527),#6531);
#6527 = LINE('',#6528,#6529);
#6528 = CARTESIAN_POINT('',(3.422333219066,-19.13513125869));
#6529 = VECTOR('',#6530,1.);
#6530 = DIRECTION('',(0.789942892909,-0.613180418753));
#6531 = ( GEOMETRIC_REPRESENTATION_CONTEXT(2) 
PARAMETRIC_REPRESENTATION_CONTEXT() REPRESENTATION_CONTEXT('2D SPACE',''
  ) );
#6532 = PCURVE('',#2630,#6533);
#6533 = DEFINITIONAL_REPRESENTATION('',(#6534),#6538);
#6534 = LINE('',#6535,#6536);
#6535 = CARTESIAN_POINT('',(0.,-12.));
#6536 = VECTOR('',#6537,1.);
#6537 = DIRECTION('',(1.,0.));
#6538 = ( GEOMETRIC_REPRESENTATION_CONTEXT(2) 
PARAMETRIC_REPRESENTATION_CONTEXT() REPRESENTATION_CONTEXT('2D SPACE',''
  ) );
#6539 = ORIENTED_EDGE('',*,*,#6540,.T.);
#6540 = EDGE_CURVE('',#6518,#6541,#6543,.T.);
#6541 = VERTEX_POINT('',#6542);
#6542 = CARTESIAN_POINT('',(342.12481740575,388.,368.96543122652));
#6543 = SURFACE_CURVE('',#6544,(#6548,#6555),.PCURVE_S1.);
#6544 = LINE('',#6545,#6546);
#6545 = CARTESIAN_POINT('',(341.90231967637,388.,369.83764219817));
#6546 = VECTOR('',#6547,1.);
#6547 = DIRECTION('',(0.24718045587,0.,-0.968969464037));
#6548 = PCURVE('',#72,#6549);
#6549 = DEFINITIONAL_REPRESENTATION('',(#6550),#6554);
#6550 = LINE('',#6551,#6552);
#6551 = CARTESIAN_POINT('',(4.662357801825,-20.09768032362));
#6552 = VECTOR('',#6553,1.);
#6553 = DIRECTION('',(0.968969464037,0.24718045587));
#6554 = ( GEOMETRIC_REPRESENTATION_CONTEXT(2) 
PARAMETRIC_REPRESENTATION_CONTEXT() REPRESENTATION_CONTEXT('2D SPACE',''
  ) );
#6555 = PCURVE('',#2658,#6556);
#6556 = DEFINITIONAL_REPRESENTATION('',(#6557),#6561);
#6557 = LINE('',#6558,#6559);
#6558 = CARTESIAN_POINT('',(0.,-12.));
#6559 = VECTOR('',#6560,1.);
#6560 = DIRECTION('',(1.,0.));
#6561 = ( GEOMETRIC_REPRESENTATION_CONTEXT(2) 
PARAMETRIC_REPRESENTATION_CONTEXT() REPRESENTATION_CONTEXT('2D SPACE',''
  ) );
#6562 = ORIENTED_EDGE('',*,*,#6563,.T.);
#6563 = EDGE_CURVE('',#6541,#6564,#6566,.T.);
#6564 = VERTEX_POINT('',#6565);
#6565 = CARTESIAN_POINT('',(342.38514867483,388.,368.1037556211));
#6566 = SURFACE_CURVE('',#6567,(#6571,#6578),.PCURVE_S1.);
#6567 = LINE('',#6568,#6569);
#6568 = CARTESIAN_POINT('',(342.12481740575,388.,368.96543122652));
#6569 = VECTOR('',#6570,1.);
#6570 = DIRECTION('',(0.289211049244,0.,-0.957265359759));
#6571 = PCURVE('',#72,#6572);
#6572 = DEFINITIONAL_REPRESENTATION('',(#6573),#6577);
#6573 = LINE('',#6574,#6575);
#6574 = CARTESIAN_POINT('',(5.534568773473,-19.87518259424));
#6575 = VECTOR('',#6576,1.);
#6576 = DIRECTION('',(0.957265359759,0.289211049244));
#6577 = ( GEOMETRIC_REPRESENTATION_CONTEXT(2) 
PARAMETRIC_REPRESENTATION_CONTEXT() REPRESENTATION_CONTEXT('2D SPACE',''
  ) );
#6578 = PCURVE('',#2686,#6579);
#6579 = DEFINITIONAL_REPRESENTATION('',(#6580),#6584);
#6580 = LINE('',#6581,#6582);
#6581 = CARTESIAN_POINT('',(0.,-12.));
#6582 = VECTOR('',#6583,1.);
#6583 = DIRECTION('',(1.,0.));
#6584 = ( GEOMETRIC_REPRESENTATION_CONTEXT(2) 
PARAMETRIC_REPRESENTATION_CONTEXT() REPRESENTATION_CONTEXT('2D SPACE',''
  ) );
#6585 = ORIENTED_EDGE('',*,*,#6586,.T.);
#6586 = EDGE_CURVE('',#6564,#6587,#6589,.T.);
#6587 = VERTEX_POINT('',#6588);
#6588 = CARTESIAN_POINT('',(342.68281792824,388.,367.25425563039));
#6589 = SURFACE_CURVE('',#6590,(#6594,#6601),.PCURVE_S1.);
#6590 = LINE('',#6591,#6592);
#6591 = CARTESIAN_POINT('',(342.38514867483,388.,368.1037556211));
#6592 = VECTOR('',#6593,1.);
#6593 = DIRECTION('',(0.330691112948,0.,-0.943739046462));
#6594 = PCURVE('',#72,#6595);
#6595 = DEFINITIONAL_REPRESENTATION('',(#6596),#6600);
#6596 = LINE('',#6597,#6598);
#6597 = CARTESIAN_POINT('',(6.396244378896,-19.61485132516));
#6598 = VECTOR('',#6599,1.);
#6599 = DIRECTION('',(0.943739046462,0.330691112948));
#6600 = ( GEOMETRIC_REPRESENTATION_CONTEXT(2) 
PARAMETRIC_REPRESENTATION_CONTEXT() REPRESENTATION_CONTEXT('2D SPACE',''
  ) );
#6601 = PCURVE('',#2714,#6602);
#6602 = DEFINITIONAL_REPRESENTATION('',(#6603),#6607);
#6603 = LINE('',#6604,#6605);
#6604 = CARTESIAN_POINT('',(0.,-12.));
#6605 = VECTOR('',#6606,1.);
#6606 = DIRECTION('',(1.,0.));
#6607 = ( GEOMETRIC_REPRESENTATION_CONTEXT(2) 
PARAMETRIC_REPRESENTATION_CONTEXT() REPRESENTATION_CONTEXT('2D SPACE',''
  ) );
#6608 = ORIENTED_EDGE('',*,*,#6609,.T.);
#6609 = EDGE_CURVE('',#6587,#6610,#6612,.T.);
#6610 = VERTEX_POINT('',#6611);
#6611 = CARTESIAN_POINT('',(343.01725853564,388.,366.41854832591));
#6612 = SURFACE_CURVE('',#6613,(#6617,#6624),.PCURVE_S1.);
#6613 = LINE('',#6614,#6615);
#6614 = CARTESIAN_POINT('',(342.68281792824,388.,367.25425563039));
#6615 = VECTOR('',#6616,1.);
#6616 = DIRECTION('',(0.371541687323,0.,-0.928416272251));
#6617 = PCURVE('',#72,#6618);
#6618 = DEFINITIONAL_REPRESENTATION('',(#6619),#6623);
#6619 = LINE('',#6620,#6621);
#6620 = CARTESIAN_POINT('',(7.245744369604,-19.31718207175));
#6621 = VECTOR('',#6622,1.);
#6622 = DIRECTION('',(0.928416272251,0.371541687323));
#6623 = ( GEOMETRIC_REPRESENTATION_CONTEXT(2) 
PARAMETRIC_REPRESENTATION_CONTEXT() REPRESENTATION_CONTEXT('2D SPACE',''
  ) );
#6624 = PCURVE('',#2742,#6625);
#6625 = DEFINITIONAL_REPRESENTATION('',(#6626),#6630);
#6626 = LINE('',#6627,#6628);
#6627 = CARTESIAN_POINT('',(0.,-12.));
#6628 = VECTOR('',#6629,1.);
#6629 = DIRECTION('',(1.,0.));
#6630 = ( GEOMETRIC_REPRESENTATION_CONTEXT(2) 
PARAMETRIC_REPRESENTATION_CONTEXT() REPRESENTATION_CONTEXT('2D SPACE',''
  ) );
#6631 = ORIENTED_EDGE('',*,*,#6632,.T.);
#6632 = EDGE_CURVE('',#6610,#6633,#6635,.T.);
#6633 = VERTEX_POINT('',#6634);
#6634 = CARTESIAN_POINT('',(347.20466879145,388.,368.78459007904));
#6635 = SURFACE_CURVE('',#6636,(#6640,#6647),.PCURVE_S1.);
#6636 = LINE('',#6637,#6638);
#6637 = CARTESIAN_POINT('',(343.01725853564,388.,366.41854832591));
#6638 = VECTOR('',#6639,1.);
#6639 = DIRECTION('',(0.870630105165,0.,0.49193822781));
#6640 = PCURVE('',#72,#6641);
#6641 = DEFINITIONAL_REPRESENTATION('',(#6642),#6646);
#6642 = LINE('',#6643,#6644);
#6643 = CARTESIAN_POINT('',(8.081451674085,-18.98274146435));
#6644 = VECTOR('',#6645,1.);
#6645 = DIRECTION('',(-0.49193822781,0.870630105165));
#6646 = ( GEOMETRIC_REPRESENTATION_CONTEXT(2) 
PARAMETRIC_REPRESENTATION_CONTEXT() REPRESENTATION_CONTEXT('2D SPACE',''
  ) );
#6647 = PCURVE('',#2770,#6648);
#6648 = DEFINITIONAL_REPRESENTATION('',(#6649),#6653);
#6649 = LINE('',#6650,#6651);
#6650 = CARTESIAN_POINT('',(0.,-12.));
#6651 = VECTOR('',#6652,1.);
#6652 = DIRECTION('',(1.,0.));
#6653 = ( GEOMETRIC_REPRESENTATION_CONTEXT(2) 
PARAMETRIC_REPRESENTATION_CONTEXT() REPRESENTATION_CONTEXT('2D SPACE',''
  ) );
#6654 = ORIENTED_EDGE('',*,*,#6655,.T.);
#6655 = EDGE_CURVE('',#6633,#6656,#6658,.T.);
#6656 = VERTEX_POINT('',#6657);
#6657 = CARTESIAN_POINT('',(347.69144224243,388.,367.65654246498));
#6658 = SURFACE_CURVE('',#6659,(#6663,#6670),.PCURVE_S1.);
#6659 = LINE('',#6660,#6661);
#6660 = CARTESIAN_POINT('',(347.20466879145,388.,368.78459007904));
#6661 = VECTOR('',#6662,1.);
#6662 = DIRECTION('',(0.396204116217,0.,-0.918162457462));
#6663 = PCURVE('',#72,#6664);
#6664 = DEFINITIONAL_REPRESENTATION('',(#6665),#6669);
#6665 = LINE('',#6666,#6667);
#6666 = CARTESIAN_POINT('',(5.715409920955,-14.79533120854));
#6667 = VECTOR('',#6668,1.);
#6668 = DIRECTION('',(0.918162457462,0.396204116217));
#6669 = ( GEOMETRIC_REPRESENTATION_CONTEXT(2) 
PARAMETRIC_REPRESENTATION_CONTEXT() REPRESENTATION_CONTEXT('2D SPACE',''
  ) );
#6670 = PCURVE('',#2798,#6671);
#6671 = DEFINITIONAL_REPRESENTATION('',(#6672),#6676);
#6672 = LINE('',#6673,#6674);
#6673 = CARTESIAN_POINT('',(0.,-12.));
#6674 = VECTOR('',#6675,1.);
#6675 = DIRECTION('',(1.,0.));
#6676 = ( GEOMETRIC_REPRESENTATION_CONTEXT(2) 
PARAMETRIC_REPRESENTATION_CONTEXT() REPRESENTATION_CONTEXT('2D SPACE',''
  ) );
#6677 = ORIENTED_EDGE('',*,*,#6678,.T.);
#6678 = EDGE_CURVE('',#6656,#6679,#6681,.T.);
#6679 = VERTEX_POINT('',#6680);
#6680 = CARTESIAN_POINT('',(348.2640689394,388.,366.56955650459));
#6681 = SURFACE_CURVE('',#6682,(#6686,#6693),.PCURVE_S1.);
#6682 = LINE('',#6683,#6684);
#6683 = CARTESIAN_POINT('',(347.69144224243,388.,367.65654246498));
#6684 = VECTOR('',#6685,1.);
#6685 = DIRECTION('',(0.466083460261,0.,-0.88474075755));
#6686 = PCURVE('',#72,#6687);
#6687 = DEFINITIONAL_REPRESENTATION('',(#6688),#6692);
#6688 = LINE('',#6689,#6690);
#6689 = CARTESIAN_POINT('',(6.843457535015,-14.30855775756));
#6690 = VECTOR('',#6691,1.);
#6691 = DIRECTION('',(0.88474075755,0.466083460261));
#6692 = ( GEOMETRIC_REPRESENTATION_CONTEXT(2) 
PARAMETRIC_REPRESENTATION_CONTEXT() REPRESENTATION_CONTEXT('2D SPACE',''
  ) );
#6693 = PCURVE('',#2826,#6694);
#6694 = DEFINITIONAL_REPRESENTATION('',(#6695),#6699);
#6695 = LINE('',#6696,#6697);
#6696 = CARTESIAN_POINT('',(0.,-12.));
#6697 = VECTOR('',#6698,1.);
#6698 = DIRECTION('',(1.,0.));
#6699 = ( GEOMETRIC_REPRESENTATION_CONTEXT(2) 
PARAMETRIC_REPRESENTATION_CONTEXT() REPRESENTATION_CONTEXT('2D SPACE',''
  ) );
#6700 = ORIENTED_EDGE('',*,*,#6701,.T.);
#6701 = EDGE_CURVE('',#6679,#6702,#6704,.T.);
#6702 = VERTEX_POINT('',#6703);
#6703 = CARTESIAN_POINT('',(348.91911304617,388.,365.53015425793));
#6704 = SURFACE_CURVE('',#6705,(#6709,#6716),.PCURVE_S1.);
#6705 = LINE('',#6706,#6707);
#6706 = CARTESIAN_POINT('',(348.2640689394,388.,366.56955650459));
#6707 = VECTOR('',#6708,1.);
#6708 = DIRECTION('',(0.533166241671,0.,-0.846010495645));
#6709 = PCURVE('',#72,#6710);
#6710 = DEFINITIONAL_REPRESENTATION('',(#6711),#6715);
#6711 = LINE('',#6712,#6713);
#6712 = CARTESIAN_POINT('',(7.930443495403,-13.73593106059));
#6713 = VECTOR('',#6714,1.);
#6714 = DIRECTION('',(0.846010495645,0.533166241671));
#6715 = ( GEOMETRIC_REPRESENTATION_CONTEXT(2) 
PARAMETRIC_REPRESENTATION_CONTEXT() REPRESENTATION_CONTEXT('2D SPACE',''
  ) );
#6716 = PCURVE('',#2854,#6717);
#6717 = DEFINITIONAL_REPRESENTATION('',(#6718),#6722);
#6718 = LINE('',#6719,#6720);
#6719 = CARTESIAN_POINT('',(0.,-12.));
#6720 = VECTOR('',#6721,1.);
#6721 = DIRECTION('',(1.,0.));
#6722 = ( GEOMETRIC_REPRESENTATION_CONTEXT(2) 
PARAMETRIC_REPRESENTATION_CONTEXT() REPRESENTATION_CONTEXT('2D SPACE',''
  ) );
#6723 = ORIENTED_EDGE('',*,*,#6724,.T.);
#6724 = EDGE_CURVE('',#6702,#6725,#6727,.T.);
#6725 = VERTEX_POINT('',#6726);
#6726 = CARTESIAN_POINT('',(349.65264421113,388.,364.54457227647));
#6727 = SURFACE_CURVE('',#6728,(#6732,#6739),.PCURVE_S1.);
#6728 = LINE('',#6729,#6730);
#6729 = CARTESIAN_POINT('',(348.91911304617,388.,365.53015425793));
#6730 = VECTOR('',#6731,1.);
#6731 = DIRECTION('',(0.597049954854,0.,-0.802204058459));
#6732 = PCURVE('',#72,#6733);
#6733 = DEFINITIONAL_REPRESENTATION('',(#6734),#6738);
#6734 = LINE('',#6735,#6736);
#6735 = CARTESIAN_POINT('',(8.969845742061,-13.08088695382));
#6736 = VECTOR('',#6737,1.);
#6737 = DIRECTION('',(0.802204058459,0.597049954854));
#6738 = ( GEOMETRIC_REPRESENTATION_CONTEXT(2) 
PARAMETRIC_REPRESENTATION_CONTEXT() REPRESENTATION_CONTEXT('2D SPACE',''
  ) );
#6739 = PCURVE('',#2882,#6740);
#6740 = DEFINITIONAL_REPRESENTATION('',(#6741),#6745);
#6741 = LINE('',#6742,#6743);
#6742 = CARTESIAN_POINT('',(0.,-12.));
#6743 = VECTOR('',#6744,1.);
#6744 = DIRECTION('',(1.,0.));
#6745 = ( GEOMETRIC_REPRESENTATION_CONTEXT(2) 
PARAMETRIC_REPRESENTATION_CONTEXT() REPRESENTATION_CONTEXT('2D SPACE',''
  ) );
#6746 = ORIENTED_EDGE('',*,*,#6747,.T.);
#6747 = EDGE_CURVE('',#6725,#6748,#6750,.T.);
#6748 = VERTEX_POINT('',#6749);
#6749 = CARTESIAN_POINT('',(348.80313405036,388.,363.69884067364));
#6750 = SURFACE_CURVE('',#6751,(#6755,#6762),.PCURVE_S1.);
#6751 = LINE('',#6752,#6753);
#6752 = CARTESIAN_POINT('',(349.65264421113,388.,364.54457227647));
#6753 = VECTOR('',#6754,1.);
#6754 = DIRECTION('',(-0.708681105109,0.,-0.705528944312));
#6755 = PCURVE('',#72,#6756);
#6756 = DEFINITIONAL_REPRESENTATION('',(#6757),#6761);
#6757 = LINE('',#6758,#6759);
#6758 = CARTESIAN_POINT('',(9.955427723529,-12.34735578886));
#6759 = VECTOR('',#6760,1.);
#6760 = DIRECTION('',(0.705528944312,-0.708681105109));
#6761 = ( GEOMETRIC_REPRESENTATION_CONTEXT(2) 
PARAMETRIC_REPRESENTATION_CONTEXT() REPRESENTATION_CONTEXT('2D SPACE',''
  ) );
#6762 = PCURVE('',#2910,#6763);
#6763 = DEFINITIONAL_REPRESENTATION('',(#6764),#6768);
#6764 = LINE('',#6765,#6766);
#6765 = CARTESIAN_POINT('',(0.,-12.));
#6766 = VECTOR('',#6767,1.);
#6767 = DIRECTION('',(1.,0.));
#6768 = ( GEOMETRIC_REPRESENTATION_CONTEXT(2) 
PARAMETRIC_REPRESENTATION_CONTEXT() REPRESENTATION_CONTEXT('2D SPACE',''
  ) );
#6769 = ORIENTED_EDGE('',*,*,#6770,.T.);
#6770 = EDGE_CURVE('',#6748,#6771,#6773,.T.);
#6771 = VERTEX_POINT('',#6772);
#6772 = CARTESIAN_POINT('',(347.96542350042,388.,362.84014286386));
#6773 = SURFACE_CURVE('',#6774,(#6778,#6785),.PCURVE_S1.);
#6774 = LINE('',#6775,#6776);
#6775 = CARTESIAN_POINT('',(348.80313405036,388.,363.69884067364));
#6776 = VECTOR('',#6777,1.);
#6777 = DIRECTION('',(-0.698305311793,0.,-0.715800035989));
#6778 = PCURVE('',#72,#6779);
#6779 = DEFINITIONAL_REPRESENTATION('',(#6780),#6784);
#6780 = LINE('',#6781,#6782);
#6781 = CARTESIAN_POINT('',(10.801159326351,-13.19686594963));
#6782 = VECTOR('',#6783,1.);
#6783 = DIRECTION('',(0.715800035989,-0.698305311793));
#6784 = ( GEOMETRIC_REPRESENTATION_CONTEXT(2) 
PARAMETRIC_REPRESENTATION_CONTEXT() REPRESENTATION_CONTEXT('2D SPACE',''
  ) );
#6785 = PCURVE('',#2938,#6786);
#6786 = DEFINITIONAL_REPRESENTATION('',(#6787),#6791);
#6787 = LINE('',#6788,#6789);
#6788 = CARTESIAN_POINT('',(0.,-12.));
#6789 = VECTOR('',#6790,1.);
#6790 = DIRECTION('',(1.,0.));
#6791 = ( GEOMETRIC_REPRESENTATION_CONTEXT(2) 
PARAMETRIC_REPRESENTATION_CONTEXT() REPRESENTATION_CONTEXT('2D SPACE',''
  ) );
#6792 = ORIENTED_EDGE('',*,*,#6793,.T.);
#6793 = EDGE_CURVE('',#6771,#6794,#6796,.T.);
#6794 = VERTEX_POINT('',#6795);
#6795 = CARTESIAN_POINT('',(347.13965683475,388.,361.96860686272));
#6796 = SURFACE_CURVE('',#6797,(#6801,#6808),.PCURVE_S1.);
#6797 = LINE('',#6798,#6799);
#6798 = CARTESIAN_POINT('',(347.96542350042,388.,362.84014286386));
#6799 = VECTOR('',#6800,1.);
#6800 = DIRECTION('',(-0.687788971908,0.,-0.725910690183));
#6801 = PCURVE('',#72,#6802);
#6802 = DEFINITIONAL_REPRESENTATION('',(#6803),#6807);
#6803 = LINE('',#6804,#6805);
#6804 = CARTESIAN_POINT('',(11.659857136131,-14.03457649957));
#6805 = VECTOR('',#6806,1.);
#6806 = DIRECTION('',(0.725910690183,-0.687788971908));
#6807 = ( GEOMETRIC_REPRESENTATION_CONTEXT(2) 
PARAMETRIC_REPRESENTATION_CONTEXT() REPRESENTATION_CONTEXT('2D SPACE',''
  ) );
#6808 = PCURVE('',#2966,#6809);
#6809 = DEFINITIONAL_REPRESENTATION('',(#6810),#6814);
#6810 = LINE('',#6811,#6812);
#6811 = CARTESIAN_POINT('',(0.,-12.));
#6812 = VECTOR('',#6813,1.);
#6813 = DIRECTION('',(1.,0.));
#6814 = ( GEOMETRIC_REPRESENTATION_CONTEXT(2) 
PARAMETRIC_REPRESENTATION_CONTEXT() REPRESENTATION_CONTEXT('2D SPACE',''
  ) );
#6815 = ORIENTED_EDGE('',*,*,#6816,.T.);
#6816 = EDGE_CURVE('',#6794,#6817,#6819,.T.);
#6817 = VERTEX_POINT('',#6818);
#6818 = CARTESIAN_POINT('',(346.92607718351,388.,360.41343954027));
#6819 = SURFACE_CURVE('',#6820,(#6824,#6831),.PCURVE_S1.);
#6820 = LINE('',#6821,#6822);
#6821 = CARTESIAN_POINT('',(347.13965683475,388.,361.96860686272));
#6822 = VECTOR('',#6823,1.);
#6823 = DIRECTION('',(-0.136058373289,0.,-0.990700822175));
#6824 = PCURVE('',#72,#6825);
#6825 = DEFINITIONAL_REPRESENTATION('',(#6826),#6830);
#6826 = LINE('',#6827,#6828);
#6827 = CARTESIAN_POINT('',(12.531393137274,-14.86034316524));
#6828 = VECTOR('',#6829,1.);
#6829 = DIRECTION('',(0.990700822175,-0.136058373289));
#6830 = ( GEOMETRIC_REPRESENTATION_CONTEXT(2) 
PARAMETRIC_REPRESENTATION_CONTEXT() REPRESENTATION_CONTEXT('2D SPACE',''
  ) );
#6831 = PCURVE('',#2994,#6832);
#6832 = DEFINITIONAL_REPRESENTATION('',(#6833),#6837);
#6833 = LINE('',#6834,#6835);
#6834 = CARTESIAN_POINT('',(0.,-12.));
#6835 = VECTOR('',#6836,1.);
#6836 = DIRECTION('',(1.,0.));
#6837 = ( GEOMETRIC_REPRESENTATION_CONTEXT(2) 
PARAMETRIC_REPRESENTATION_CONTEXT() REPRESENTATION_CONTEXT('2D SPACE',''
  ) );
#6838 = ORIENTED_EDGE('',*,*,#6839,.T.);
#6839 = EDGE_CURVE('',#6817,#6840,#6842,.T.);
#6840 = VERTEX_POINT('',#6841);
#6841 = CARTESIAN_POINT('',(347.55487135526,388.,359.76933154605));
#6842 = SURFACE_CURVE('',#6843,(#6847,#6854),.PCURVE_S1.);
#6843 = LINE('',#6844,#6845);
#6844 = CARTESIAN_POINT('',(346.92607718351,388.,360.41343954027));
#6845 = VECTOR('',#6846,1.);
#6846 = DIRECTION('',(0.698549286121,0.,-0.715561943412));
#6847 = PCURVE('',#72,#6848);
#6848 = DEFINITIONAL_REPRESENTATION('',(#6849),#6853);
#6849 = LINE('',#6850,#6851);
#6850 = CARTESIAN_POINT('',(14.086560459727,-15.07392281648));
#6851 = VECTOR('',#6852,1.);
#6852 = DIRECTION('',(0.715561943412,0.698549286121));
#6853 = ( GEOMETRIC_REPRESENTATION_CONTEXT(2) 
PARAMETRIC_REPRESENTATION_CONTEXT() REPRESENTATION_CONTEXT('2D SPACE',''
  ) );
#6854 = PCURVE('',#3022,#6855);
#6855 = DEFINITIONAL_REPRESENTATION('',(#6856),#6860);
#6856 = LINE('',#6857,#6858);
#6857 = CARTESIAN_POINT('',(0.,-12.));
#6858 = VECTOR('',#6859,1.);
#6859 = DIRECTION('',(1.,0.));
#6860 = ( GEOMETRIC_REPRESENTATION_CONTEXT(2) 
PARAMETRIC_REPRESENTATION_CONTEXT() REPRESENTATION_CONTEXT('2D SPACE',''
  ) );
#6861 = ORIENTED_EDGE('',*,*,#6862,.T.);
#6862 = EDGE_CURVE('',#6840,#6863,#6865,.T.);
#6863 = VERTEX_POINT('',#6864);
#6864 = CARTESIAN_POINT('',(348.21116265039,388.,359.15326421647));
#6865 = SURFACE_CURVE('',#6866,(#6870,#6877),.PCURVE_S1.);
#6866 = LINE('',#6867,#6868);
#6867 = CARTESIAN_POINT('',(347.55487135526,388.,359.76933154605));
#6868 = VECTOR('',#6869,1.);
#6869 = DIRECTION('',(0.72909679558,0.,-0.684410595092));
#6870 = PCURVE('',#72,#6871);
#6871 = DEFINITIONAL_REPRESENTATION('',(#6872),#6876);
#6872 = LINE('',#6873,#6874);
#6873 = CARTESIAN_POINT('',(14.730668453943,-14.44512864473));
#6874 = VECTOR('',#6875,1.);
#6875 = DIRECTION('',(0.684410595092,0.72909679558));
#6876 = ( GEOMETRIC_REPRESENTATION_CONTEXT(2) 
PARAMETRIC_REPRESENTATION_CONTEXT() REPRESENTATION_CONTEXT('2D SPACE',''
  ) );
#6877 = PCURVE('',#3050,#6878);
#6878 = DEFINITIONAL_REPRESENTATION('',(#6879),#6883);
#6879 = LINE('',#6880,#6881);
#6880 = CARTESIAN_POINT('',(0.,-12.));
#6881 = VECTOR('',#6882,1.);
#6882 = DIRECTION('',(1.,0.));
#6883 = ( GEOMETRIC_REPRESENTATION_CONTEXT(2) 
PARAMETRIC_REPRESENTATION_CONTEXT() REPRESENTATION_CONTEXT('2D SPACE',''
  ) );
#6884 = ORIENTED_EDGE('',*,*,#6885,.T.);
#6885 = EDGE_CURVE('',#6863,#6886,#6888,.T.);
#6886 = VERTEX_POINT('',#6887);
#6887 = CARTESIAN_POINT('',(348.89370178113,388.,358.56641027071));
#6888 = SURFACE_CURVE('',#6889,(#6893,#6900),.PCURVE_S1.);
#6889 = LINE('',#6890,#6891);
#6890 = CARTESIAN_POINT('',(348.21116265039,388.,359.15326421647));
#6891 = VECTOR('',#6892,1.);
#6892 = DIRECTION('',(0.75825642785,0.,-0.651956432306));
#6893 = PCURVE('',#72,#6894);
#6894 = DEFINITIONAL_REPRESENTATION('',(#6895),#6899);
#6895 = LINE('',#6896,#6897);
#6896 = CARTESIAN_POINT('',(15.346735783521,-13.7888373496));
#6897 = VECTOR('',#6898,1.);
#6898 = DIRECTION('',(0.651956432306,0.75825642785));
#6899 = ( GEOMETRIC_REPRESENTATION_CONTEXT(2) 
PARAMETRIC_REPRESENTATION_CONTEXT() REPRESENTATION_CONTEXT('2D SPACE',''
  ) );
#6900 = PCURVE('',#3078,#6901);
#6901 = DEFINITIONAL_REPRESENTATION('',(#6902),#6906);
#6902 = LINE('',#6903,#6904);
#6903 = CARTESIAN_POINT('',(0.,-12.));
#6904 = VECTOR('',#6905,1.);
#6905 = DIRECTION('',(1.,0.));
#6906 = ( GEOMETRIC_REPRESENTATION_CONTEXT(2) 
PARAMETRIC_REPRESENTATION_CONTEXT() REPRESENTATION_CONTEXT('2D SPACE',''
  ) );
#6907 = ORIENTED_EDGE('',*,*,#6908,.T.);
#6908 = EDGE_CURVE('',#6886,#6909,#6911,.T.);
#6909 = VERTEX_POINT('',#6910);
#6910 = CARTESIAN_POINT('',(349.60118949544,388.,358.00988681861));
#6911 = SURFACE_CURVE('',#6912,(#6916,#6923),.PCURVE_S1.);
#6912 = LINE('',#6913,#6914);
#6913 = CARTESIAN_POINT('',(348.89370178113,388.,358.56641027071));
#6914 = VECTOR('',#6915,1.);
#6915 = DIRECTION('',(0.785972675912,0.,-0.618261233395));
#6916 = PCURVE('',#72,#6917);
#6917 = DEFINITIONAL_REPRESENTATION('',(#6918),#6922);
#6918 = LINE('',#6919,#6920);
#6919 = CARTESIAN_POINT('',(15.933589729283,-13.10629821886));
#6920 = VECTOR('',#6921,1.);
#6921 = DIRECTION('',(0.618261233395,0.785972675912));
#6922 = ( GEOMETRIC_REPRESENTATION_CONTEXT(2) 
PARAMETRIC_REPRESENTATION_CONTEXT() REPRESENTATION_CONTEXT('2D SPACE',''
  ) );
#6923 = PCURVE('',#3106,#6924);
#6924 = DEFINITIONAL_REPRESENTATION('',(#6925),#6929);
#6925 = LINE('',#6926,#6927);
#6926 = CARTESIAN_POINT('',(0.,-12.));
#6927 = VECTOR('',#6928,1.);
#6928 = DIRECTION('',(1.,0.));
#6929 = ( GEOMETRIC_REPRESENTATION_CONTEXT(2) 
PARAMETRIC_REPRESENTATION_CONTEXT() REPRESENTATION_CONTEXT('2D SPACE',''
  ) );
#6930 = ORIENTED_EDGE('',*,*,#6931,.T.);
#6931 = EDGE_CURVE('',#6909,#6932,#6934,.T.);
#6932 = VERTEX_POINT('',#6933);
#6933 = CARTESIAN_POINT('',(352.04457227647,388.,362.15264421113));
#6934 = SURFACE_CURVE('',#6935,(#6939,#6946),.PCURVE_S1.);
#6935 = LINE('',#6936,#6937);
#6936 = CARTESIAN_POINT('',(349.60118949544,388.,358.00988681861));
#6937 = VECTOR('',#6938,1.);
#6938 = DIRECTION('',(0.508018674468,0.,0.861346054958));
#6939 = PCURVE('',#72,#6940);
#6940 = DEFINITIONAL_REPRESENTATION('',(#6941),#6945);
#6941 = LINE('',#6942,#6943);
#6942 = CARTESIAN_POINT('',(16.490113181389,-12.39881050455));
#6943 = VECTOR('',#6944,1.);
#6944 = DIRECTION('',(-0.861346054958,0.508018674468));
#6945 = ( GEOMETRIC_REPRESENTATION_CONTEXT(2) 
PARAMETRIC_REPRESENTATION_CONTEXT() REPRESENTATION_CONTEXT('2D SPACE',''
  ) );
#6946 = PCURVE('',#3134,#6947);
#6947 = DEFINITIONAL_REPRESENTATION('',(#6948),#6952);
#6948 = LINE('',#6949,#6950);
#6949 = CARTESIAN_POINT('',(0.,-12.));
#6950 = VECTOR('',#6951,1.);
#6951 = DIRECTION('',(1.,0.));
#6952 = ( GEOMETRIC_REPRESENTATION_CONTEXT(2) 
PARAMETRIC_REPRESENTATION_CONTEXT() REPRESENTATION_CONTEXT('2D SPACE',''
  ) );
#6953 = ORIENTED_EDGE('',*,*,#6954,.T.);
#6954 = EDGE_CURVE('',#6932,#6955,#6957,.T.);
#6955 = VERTEX_POINT('',#6956);
#6956 = CARTESIAN_POINT('',(353.03015425793,388.,361.41911304617));
#6957 = SURFACE_CURVE('',#6958,(#6962,#6969),.PCURVE_S1.);
#6958 = LINE('',#6959,#6960);
#6959 = CARTESIAN_POINT('',(352.04457227647,388.,362.15264421113));
#6960 = VECTOR('',#6961,1.);
#6961 = DIRECTION('',(0.802204058459,0.,-0.597049954854));
#6962 = PCURVE('',#72,#6963);
#6963 = DEFINITIONAL_REPRESENTATION('',(#6964),#6968);
#6964 = LINE('',#6965,#6966);
#6965 = CARTESIAN_POINT('',(12.347355788862,-9.955427723529));
#6966 = VECTOR('',#6967,1.);
#6967 = DIRECTION('',(0.597049954854,0.802204058459));
#6968 = ( GEOMETRIC_REPRESENTATION_CONTEXT(2) 
PARAMETRIC_REPRESENTATION_CONTEXT() REPRESENTATION_CONTEXT('2D SPACE',''
  ) );
#6969 = PCURVE('',#3162,#6970);
#6970 = DEFINITIONAL_REPRESENTATION('',(#6971),#6975);
#6971 = LINE('',#6972,#6973);
#6972 = CARTESIAN_POINT('',(0.,-12.));
#6973 = VECTOR('',#6974,1.);
#6974 = DIRECTION('',(1.,0.));
#6975 = ( GEOMETRIC_REPRESENTATION_CONTEXT(2) 
PARAMETRIC_REPRESENTATION_CONTEXT() REPRESENTATION_CONTEXT('2D SPACE',''
  ) );
#6976 = ORIENTED_EDGE('',*,*,#6977,.T.);
#6977 = EDGE_CURVE('',#6955,#6978,#6980,.T.);
#6978 = VERTEX_POINT('',#6979);
#6979 = CARTESIAN_POINT('',(354.06955650459,388.,360.7640689394));
#6980 = SURFACE_CURVE('',#6981,(#6985,#6992),.PCURVE_S1.);
#6981 = LINE('',#6982,#6983);
#6982 = CARTESIAN_POINT('',(353.03015425793,388.,361.41911304617));
#6983 = VECTOR('',#6984,1.);
#6984 = DIRECTION('',(0.846010495645,0.,-0.533166241671));
#6985 = PCURVE('',#72,#6986);
#6986 = DEFINITIONAL_REPRESENTATION('',(#6987),#6991);
#6987 = LINE('',#6988,#6989);
#6988 = CARTESIAN_POINT('',(13.080886953826,-8.969845742061));
#6989 = VECTOR('',#6990,1.);
#6990 = DIRECTION('',(0.533166241671,0.846010495645));
#6991 = ( GEOMETRIC_REPRESENTATION_CONTEXT(2) 
PARAMETRIC_REPRESENTATION_CONTEXT() REPRESENTATION_CONTEXT('2D SPACE',''
  ) );
#6992 = PCURVE('',#3190,#6993);
#6993 = DEFINITIONAL_REPRESENTATION('',(#6994),#6998);
#6994 = LINE('',#6995,#6996);
#6995 = CARTESIAN_POINT('',(0.,-12.));
#6996 = VECTOR('',#6997,1.);
#6997 = DIRECTION('',(1.,0.));
#6998 = ( GEOMETRIC_REPRESENTATION_CONTEXT(2) 
PARAMETRIC_REPRESENTATION_CONTEXT() REPRESENTATION_CONTEXT('2D SPACE',''
  ) );
#6999 = ORIENTED_EDGE('',*,*,#7000,.T.);
#7000 = EDGE_CURVE('',#6978,#7001,#7003,.T.);
#7001 = VERTEX_POINT('',#7002);
#7002 = CARTESIAN_POINT('',(355.15654246498,388.,360.19144224243));
#7003 = SURFACE_CURVE('',#7004,(#7008,#7015),.PCURVE_S1.);
#7004 = LINE('',#7005,#7006);
#7005 = CARTESIAN_POINT('',(354.06955650459,388.,360.7640689394));
#7006 = VECTOR('',#7007,1.);
#7007 = DIRECTION('',(0.88474075755,0.,-0.466083460261));
#7008 = PCURVE('',#72,#7009);
#7009 = DEFINITIONAL_REPRESENTATION('',(#7010),#7014);
#7010 = LINE('',#7011,#7012);
#7011 = CARTESIAN_POINT('',(13.735931060593,-7.930443495403));
#7012 = VECTOR('',#7013,1.);
#7013 = DIRECTION('',(0.466083460261,0.88474075755));
#7014 = ( GEOMETRIC_REPRESENTATION_CONTEXT(2) 
PARAMETRIC_REPRESENTATION_CONTEXT() REPRESENTATION_CONTEXT('2D SPACE',''
  ) );
#7015 = PCURVE('',#3218,#7016);
#7016 = DEFINITIONAL_REPRESENTATION('',(#7017),#7021);
#7017 = LINE('',#7018,#7019);
#7018 = CARTESIAN_POINT('',(0.,-12.));
#7019 = VECTOR('',#7020,1.);
#7020 = DIRECTION('',(1.,0.));
#7021 = ( GEOMETRIC_REPRESENTATION_CONTEXT(2) 
PARAMETRIC_REPRESENTATION_CONTEXT() REPRESENTATION_CONTEXT('2D SPACE',''
  ) );
#7022 = ORIENTED_EDGE('',*,*,#7023,.T.);
#7023 = EDGE_CURVE('',#7001,#7024,#7026,.T.);
#7024 = VERTEX_POINT('',#7025);
#7025 = CARTESIAN_POINT('',(356.28459007904,388.,359.70466879145));
#7026 = SURFACE_CURVE('',#7027,(#7031,#7038),.PCURVE_S1.);
#7027 = LINE('',#7028,#7029);
#7028 = CARTESIAN_POINT('',(355.15654246498,388.,360.19144224243));
#7029 = VECTOR('',#7030,1.);
#7030 = DIRECTION('',(0.918162457462,0.,-0.396204116217));
#7031 = PCURVE('',#72,#7032);
#7032 = DEFINITIONAL_REPRESENTATION('',(#7033),#7037);
#7033 = LINE('',#7034,#7035);
#7034 = CARTESIAN_POINT('',(14.308557757565,-6.843457535015));
#7035 = VECTOR('',#7036,1.);
#7036 = DIRECTION('',(0.396204116217,0.918162457462));
#7037 = ( GEOMETRIC_REPRESENTATION_CONTEXT(2) 
PARAMETRIC_REPRESENTATION_CONTEXT() REPRESENTATION_CONTEXT('2D SPACE',''
  ) );
#7038 = PCURVE('',#3246,#7039);
#7039 = DEFINITIONAL_REPRESENTATION('',(#7040),#7044);
#7040 = LINE('',#7041,#7042);
#7041 = CARTESIAN_POINT('',(0.,-12.));
#7042 = VECTOR('',#7043,1.);
#7043 = DIRECTION('',(1.,0.));
#7044 = ( GEOMETRIC_REPRESENTATION_CONTEXT(2) 
PARAMETRIC_REPRESENTATION_CONTEXT() REPRESENTATION_CONTEXT('2D SPACE',''
  ) );
#7045 = ORIENTED_EDGE('',*,*,#7046,.T.);
#7046 = EDGE_CURVE('',#7024,#7047,#7049,.T.);
#7047 = VERTEX_POINT('',#7048);
#7048 = CARTESIAN_POINT('',(355.97175850045,388.,358.54748865823));
#7049 = SURFACE_CURVE('',#7050,(#7054,#7061),.PCURVE_S1.);
#7050 = LINE('',#7051,#7052);
#7051 = CARTESIAN_POINT('',(356.28459007904,388.,359.70466879145));
#7052 = VECTOR('',#7053,1.);
#7053 = DIRECTION('',(-0.26097136805,0.,-0.965346541434));
#7054 = PCURVE('',#72,#7055);
#7055 = DEFINITIONAL_REPRESENTATION('',(#7056),#7060);
#7056 = LINE('',#7057,#7058);
#7057 = CARTESIAN_POINT('',(14.795331208547,-5.715409920955));
#7058 = VECTOR('',#7059,1.);
#7059 = DIRECTION('',(0.965346541434,-0.26097136805));
#7060 = ( GEOMETRIC_REPRESENTATION_CONTEXT(2) 
PARAMETRIC_REPRESENTATION_CONTEXT() REPRESENTATION_CONTEXT('2D SPACE',''
  ) );
#7061 = PCURVE('',#3274,#7062);
#7062 = DEFINITIONAL_REPRESENTATION('',(#7063),#7067);
#7063 = LINE('',#7064,#7065);
#7064 = CARTESIAN_POINT('',(0.,-12.));
#7065 = VECTOR('',#7066,1.);
#7066 = DIRECTION('',(1.,0.));
#7067 = ( GEOMETRIC_REPRESENTATION_CONTEXT(2) 
PARAMETRIC_REPRESENTATION_CONTEXT() REPRESENTATION_CONTEXT('2D SPACE',''
  ) );
#7068 = ORIENTED_EDGE('',*,*,#7069,.T.);
#7069 = EDGE_CURVE('',#7047,#7070,#7072,.T.);
#7070 = VERTEX_POINT('',#7071);
#7071 = CARTESIAN_POINT('',(355.67562878807,388.,357.38497926582));
#7072 = SURFACE_CURVE('',#7073,(#7077,#7084),.PCURVE_S1.);
#7073 = LINE('',#7074,#7075);
#7074 = CARTESIAN_POINT('',(355.97175850045,388.,358.54748865823));
#7075 = VECTOR('',#7076,1.);
#7076 = DIRECTION('',(-0.246850121616,0.,-0.969053671093));
#7077 = PCURVE('',#72,#7078);
#7078 = DEFINITIONAL_REPRESENTATION('',(#7079),#7083);
#7079 = LINE('',#7080,#7081);
#7080 = CARTESIAN_POINT('',(15.952511341761,-6.028241499548));
#7081 = VECTOR('',#7082,1.);
#7082 = DIRECTION('',(0.969053671093,-0.246850121616));
#7083 = ( GEOMETRIC_REPRESENTATION_CONTEXT(2) 
PARAMETRIC_REPRESENTATION_CONTEXT() REPRESENTATION_CONTEXT('2D SPACE',''
  ) );
#7084 = PCURVE('',#3302,#7085);
#7085 = DEFINITIONAL_REPRESENTATION('',(#7086),#7090);
#7086 = LINE('',#7087,#7088);
#7087 = CARTESIAN_POINT('',(0.,-12.));
#7088 = VECTOR('',#7089,1.);
#7089 = DIRECTION('',(1.,0.));
#7090 = ( GEOMETRIC_REPRESENTATION_CONTEXT(2) 
PARAMETRIC_REPRESENTATION_CONTEXT() REPRESENTATION_CONTEXT('2D SPACE',''
  ) );
#7091 = ORIENTED_EDGE('',*,*,#7092,.T.);
#7092 = EDGE_CURVE('',#7070,#7093,#7095,.T.);
#7093 = VERTEX_POINT('',#7094);
#7094 = CARTESIAN_POINT('',(355.39626187857,388.,356.21732361568));
#7095 = SURFACE_CURVE('',#7096,(#7100,#7107),.PCURVE_S1.);
#7096 = LINE('',#7097,#7098);
#7097 = CARTESIAN_POINT('',(355.67562878807,388.,357.38497926582));
#7098 = VECTOR('',#7099,1.);
#7099 = DIRECTION('',(-0.232687377023,0.,-0.972551584531));
#7100 = PCURVE('',#72,#7101);
#7101 = DEFINITIONAL_REPRESENTATION('',(#7102),#7106);
#7102 = LINE('',#7103,#7104);
#7103 = CARTESIAN_POINT('',(17.115020734175,-6.324371211923));
#7104 = VECTOR('',#7105,1.);
#7105 = DIRECTION('',(0.972551584531,-0.232687377023));
#7106 = ( GEOMETRIC_REPRESENTATION_CONTEXT(2) 
PARAMETRIC_REPRESENTATION_CONTEXT() REPRESENTATION_CONTEXT('2D SPACE',''
  ) );
#7107 = PCURVE('',#3330,#7108);
#7108 = DEFINITIONAL_REPRESENTATION('',(#7109),#7113);
#7109 = LINE('',#7110,#7111);
#7110 = CARTESIAN_POINT('',(0.,-12.));
#7111 = VECTOR('',#7112,1.);
#7112 = DIRECTION('',(1.,0.));
#7113 = ( GEOMETRIC_REPRESENTATION_CONTEXT(2) 
PARAMETRIC_REPRESENTATION_CONTEXT() REPRESENTATION_CONTEXT('2D SPACE',''
  ) );
#7114 = ORIENTED_EDGE('',*,*,#7115,.T.);
#7115 = EDGE_CURVE('',#7093,#7116,#7118,.T.);
#7116 = VERTEX_POINT('',#7117);
#7117 = CARTESIAN_POINT('',(355.98888013609,388.,354.76371938168));
#7118 = SURFACE_CURVE('',#7119,(#7123,#7130),.PCURVE_S1.);
#7119 = LINE('',#7120,#7121);
#7120 = CARTESIAN_POINT('',(355.39626187857,388.,356.21732361568));
#7121 = VECTOR('',#7122,1.);
#7122 = DIRECTION('',(0.377520403422,0.,-0.926001266198));
#7123 = PCURVE('',#72,#7124);
#7124 = DEFINITIONAL_REPRESENTATION('',(#7125),#7129);
#7125 = LINE('',#7126,#7127);
#7126 = CARTESIAN_POINT('',(18.282676384312,-6.603738121421));
#7127 = VECTOR('',#7128,1.);
#7128 = DIRECTION('',(0.926001266198,0.377520403422));
#7129 = ( GEOMETRIC_REPRESENTATION_CONTEXT(2) 
PARAMETRIC_REPRESENTATION_CONTEXT() REPRESENTATION_CONTEXT('2D SPACE',''
  ) );
#7130 = PCURVE('',#3358,#7131);
#7131 = DEFINITIONAL_REPRESENTATION('',(#7132),#7136);
#7132 = LINE('',#7133,#7134);
#7133 = CARTESIAN_POINT('',(0.,-12.));
#7134 = VECTOR('',#7135,1.);
#7135 = DIRECTION('',(1.,0.));
#7136 = ( GEOMETRIC_REPRESENTATION_CONTEXT(2) 
PARAMETRIC_REPRESENTATION_CONTEXT() REPRESENTATION_CONTEXT('2D SPACE',''
  ) );
#7137 = ORIENTED_EDGE('',*,*,#7138,.T.);
#7138 = EDGE_CURVE('',#7116,#7139,#7141,.T.);
#7139 = VERTEX_POINT('',#7140);
#7140 = CARTESIAN_POINT('',(356.85548585969,388.,354.52030258179));
#7141 = SURFACE_CURVE('',#7142,(#7146,#7153),.PCURVE_S1.);
#7142 = LINE('',#7143,#7144);
#7143 = CARTESIAN_POINT('',(355.98888013609,388.,354.76371938168));
#7144 = VECTOR('',#7145,1.);
#7145 = DIRECTION('',(0.962742399282,0.,-0.270420177916));
#7146 = PCURVE('',#72,#7147);
#7147 = DEFINITIONAL_REPRESENTATION('',(#7148),#7152);
#7148 = LINE('',#7149,#7150);
#7149 = CARTESIAN_POINT('',(19.736280618313,-6.011119863901));
#7150 = VECTOR('',#7151,1.);
#7151 = DIRECTION('',(0.270420177916,0.962742399282));
#7152 = ( GEOMETRIC_REPRESENTATION_CONTEXT(2) 
PARAMETRIC_REPRESENTATION_CONTEXT() REPRESENTATION_CONTEXT('2D SPACE',''
  ) );
#7153 = PCURVE('',#3386,#7154);
#7154 = DEFINITIONAL_REPRESENTATION('',(#7155),#7159);
#7155 = LINE('',#7156,#7157);
#7156 = CARTESIAN_POINT('',(0.,-12.));
#7157 = VECTOR('',#7158,1.);
#7158 = DIRECTION('',(1.,0.));
#7159 = ( GEOMETRIC_REPRESENTATION_CONTEXT(2) 
PARAMETRIC_REPRESENTATION_CONTEXT() REPRESENTATION_CONTEXT('2D SPACE',''
  ) );
#7160 = ORIENTED_EDGE('',*,*,#7161,.T.);
#7161 = EDGE_CURVE('',#7139,#7162,#7164,.T.);
#7162 = VERTEX_POINT('',#7163);
#7163 = CARTESIAN_POINT('',(357.73188445835,388.,354.3149182715));
#7164 = SURFACE_CURVE('',#7165,(#7169,#7176),.PCURVE_S1.);
#7165 = LINE('',#7166,#7167);
#7166 = CARTESIAN_POINT('',(356.85548585969,388.,354.52030258179));
#7167 = VECTOR('',#7168,1.);
#7168 = DIRECTION('',(0.973621644336,0.,-0.228168564179));
#7169 = PCURVE('',#72,#7170);
#7170 = DEFINITIONAL_REPRESENTATION('',(#7171),#7175);
#7171 = LINE('',#7172,#7173);
#7172 = CARTESIAN_POINT('',(19.979697418209,-5.144514140304));
#7173 = VECTOR('',#7174,1.);
#7174 = DIRECTION('',(0.228168564179,0.973621644336));
#7175 = ( GEOMETRIC_REPRESENTATION_CONTEXT(2) 
PARAMETRIC_REPRESENTATION_CONTEXT() REPRESENTATION_CONTEXT('2D SPACE',''
  ) );
#7176 = PCURVE('',#3414,#7177);
#7177 = DEFINITIONAL_REPRESENTATION('',(#7178),#7182);
#7178 = LINE('',#7179,#7180);
#7179 = CARTESIAN_POINT('',(0.,-12.));
#7180 = VECTOR('',#7181,1.);
#7181 = DIRECTION('',(1.,0.));
#7182 = ( GEOMETRIC_REPRESENTATION_CONTEXT(2) 
PARAMETRIC_REPRESENTATION_CONTEXT() REPRESENTATION_CONTEXT('2D SPACE',''
  ) );
#7183 = ORIENTED_EDGE('',*,*,#7184,.T.);
#7184 = EDGE_CURVE('',#7162,#7185,#7187,.T.);
#7185 = VERTEX_POINT('',#7186);
#7186 = CARTESIAN_POINT('',(358.61640765752,388.,354.14795741152));
#7187 = SURFACE_CURVE('',#7188,(#7192,#7199),.PCURVE_S1.);
#7188 = LINE('',#7189,#7190);
#7189 = CARTESIAN_POINT('',(357.73188445835,388.,354.3149182715));
#7190 = VECTOR('',#7191,1.);
#7191 = DIRECTION('',(0.982647545253,0.,-0.185482618612));
#7192 = PCURVE('',#72,#7193);
#7193 = DEFINITIONAL_REPRESENTATION('',(#7194),#7198);
#7194 = LINE('',#7195,#7196);
#7195 = CARTESIAN_POINT('',(20.185081728498,-4.268115541647));
#7196 = VECTOR('',#7197,1.);
#7197 = DIRECTION('',(0.185482618612,0.982647545253));
#7198 = ( GEOMETRIC_REPRESENTATION_CONTEXT(2) 
PARAMETRIC_REPRESENTATION_CONTEXT() REPRESENTATION_CONTEXT('2D SPACE',''
  ) );
#7199 = PCURVE('',#3442,#7200);
#7200 = DEFINITIONAL_REPRESENTATION('',(#7201),#7205);
#7201 = LINE('',#7202,#7203);
#7202 = CARTESIAN_POINT('',(0.,-12.));
#7203 = VECTOR('',#7204,1.);
#7204 = DIRECTION('',(1.,0.));
#7205 = ( GEOMETRIC_REPRESENTATION_CONTEXT(2) 
PARAMETRIC_REPRESENTATION_CONTEXT() REPRESENTATION_CONTEXT('2D SPACE',''
  ) );
#7206 = ORIENTED_EDGE('',*,*,#7207,.T.);
#7207 = EDGE_CURVE('',#7185,#7208,#7210,.T.);
#7208 = VERTEX_POINT('',#7209);
#7209 = CARTESIAN_POINT('',(359.50737171703,388.,354.01973782135));
#7210 = SURFACE_CURVE('',#7211,(#7215,#7222),.PCURVE_S1.);
#7211 = LINE('',#7212,#7213);
#7212 = CARTESIAN_POINT('',(358.61640765752,388.,354.14795741152));
#7213 = VECTOR('',#7214,1.);
#7214 = DIRECTION('',(0.989802920718,0.,-0.142443596339));
#7215 = PCURVE('',#72,#7216);
#7216 = DEFINITIONAL_REPRESENTATION('',(#7217),#7221);
#7217 = LINE('',#7218,#7219);
#7218 = CARTESIAN_POINT('',(20.352042588471,-3.383592342472));
#7219 = VECTOR('',#7220,1.);
#7220 = DIRECTION('',(0.142443596339,0.989802920718));
#7221 = ( GEOMETRIC_REPRESENTATION_CONTEXT(2) 
PARAMETRIC_REPRESENTATION_CONTEXT() REPRESENTATION_CONTEXT('2D SPACE',''
  ) );
#7222 = PCURVE('',#3470,#7223);
#7223 = DEFINITIONAL_REPRESENTATION('',(#7224),#7228);
#7224 = LINE('',#7225,#7226);
#7225 = CARTESIAN_POINT('',(0.,-12.));
#7226 = VECTOR('',#7227,1.);
#7227 = DIRECTION('',(1.,0.));
#7228 = ( GEOMETRIC_REPRESENTATION_CONTEXT(2) 
PARAMETRIC_REPRESENTATION_CONTEXT() REPRESENTATION_CONTEXT('2D SPACE',''
  ) );
#7229 = ORIENTED_EDGE('',*,*,#7230,.T.);
#7230 = EDGE_CURVE('',#7208,#7231,#7233,.T.);
#7231 = VERTEX_POINT('',#7232);
#7232 = CARTESIAN_POINT('',(359.55202458031,388.,358.82916235551));
#7233 = SURFACE_CURVE('',#7234,(#7238,#7245),.PCURVE_S1.);
#7234 = LINE('',#7235,#7236);
#7235 = CARTESIAN_POINT('',(359.50737171703,388.,354.01973782135));
#7236 = VECTOR('',#7237,1.);
#7237 = DIRECTION('',(9.28405020674E-03,0.,0.999956902277));
#7238 = PCURVE('',#72,#7239);
#7239 = DEFINITIONAL_REPRESENTATION('',(#7240),#7244);
#7240 = LINE('',#7241,#7242);
#7241 = CARTESIAN_POINT('',(20.480262178643,-2.492628282962));
#7242 = VECTOR('',#7243,1.);
#7243 = DIRECTION('',(-0.999956902277,9.28405020674E-03));
#7244 = ( GEOMETRIC_REPRESENTATION_CONTEXT(2) 
PARAMETRIC_REPRESENTATION_CONTEXT() REPRESENTATION_CONTEXT('2D SPACE',''
  ) );
#7245 = PCURVE('',#3498,#7246);
#7246 = DEFINITIONAL_REPRESENTATION('',(#7247),#7251);
#7247 = LINE('',#7248,#7249);
#7248 = CARTESIAN_POINT('',(0.,-12.));
#7249 = VECTOR('',#7250,1.);
#7250 = DIRECTION('',(1.,0.));
#7251 = ( GEOMETRIC_REPRESENTATION_CONTEXT(2) 
PARAMETRIC_REPRESENTATION_CONTEXT() REPRESENTATION_CONTEXT('2D SPACE',''
  ) );
#7252 = ORIENTED_EDGE('',*,*,#7253,.T.);
#7253 = EDGE_CURVE('',#7231,#7254,#7256,.T.);
#7254 = VERTEX_POINT('',#7255);
#7255 = CARTESIAN_POINT('',(360.77232919626,388.,358.68669672292));
#7256 = SURFACE_CURVE('',#7257,(#7261,#7268),.PCURVE_S1.);
#7257 = LINE('',#7258,#7259);
#7258 = CARTESIAN_POINT('',(359.55202458031,388.,358.82916235551));
#7259 = VECTOR('',#7260,1.);
#7260 = DIRECTION('',(0.993254071072,0.,-0.115958399003));
#7261 = PCURVE('',#72,#7262);
#7262 = DEFINITIONAL_REPRESENTATION('',(#7263),#7267);
#7263 = LINE('',#7264,#7265);
#7264 = CARTESIAN_POINT('',(15.670837644484,-2.447975419685));
#7265 = VECTOR('',#7266,1.);
#7266 = DIRECTION('',(0.115958399003,0.993254071072));
#7267 = ( GEOMETRIC_REPRESENTATION_CONTEXT(2) 
PARAMETRIC_REPRESENTATION_CONTEXT() REPRESENTATION_CONTEXT('2D SPACE',''
  ) );
#7268 = PCURVE('',#3526,#7269);
#7269 = DEFINITIONAL_REPRESENTATION('',(#7270),#7274);
#7270 = LINE('',#7271,#7272);
#7271 = CARTESIAN_POINT('',(0.,-12.));
#7272 = VECTOR('',#7273,1.);
#7273 = DIRECTION('',(1.,0.));
#7274 = ( GEOMETRIC_REPRESENTATION_CONTEXT(2) 
PARAMETRIC_REPRESENTATION_CONTEXT() REPRESENTATION_CONTEXT('2D SPACE',''
  ) );
#7275 = ORIENTED_EDGE('',*,*,#7276,.T.);
#7276 = EDGE_CURVE('',#7254,#7277,#7279,.T.);
#7277 = VERTEX_POINT('',#7278);
#7278 = CARTESIAN_POINT('',(362.,388.,358.63911300919));
#7279 = SURFACE_CURVE('',#7280,(#7284,#7291),.PCURVE_S1.);
#7280 = LINE('',#7281,#7282);
#7281 = CARTESIAN_POINT('',(360.77232919626,388.,358.68669672292));
#7282 = VECTOR('',#7283,1.);
#7283 = DIRECTION('',(0.999249701933,0.,-3.873026190514E-02));
#7284 = PCURVE('',#72,#7285);
#7285 = DEFINITIONAL_REPRESENTATION('',(#7286),#7290);
#7286 = LINE('',#7287,#7288);
#7287 = CARTESIAN_POINT('',(15.813303277076,-1.22767080374));
#7288 = VECTOR('',#7289,1.);
#7289 = DIRECTION('',(3.873026190514E-02,0.999249701933));
#7290 = ( GEOMETRIC_REPRESENTATION_CONTEXT(2) 
PARAMETRIC_REPRESENTATION_CONTEXT() REPRESENTATION_CONTEXT('2D SPACE',''
  ) );
#7291 = PCURVE('',#3554,#7292);
#7292 = DEFINITIONAL_REPRESENTATION('',(#7293),#7297);
#7293 = LINE('',#7294,#7295);
#7294 = CARTESIAN_POINT('',(0.,-12.));
#7295 = VECTOR('',#7296,1.);
#7296 = DIRECTION('',(1.,0.));
#7297 = ( GEOMETRIC_REPRESENTATION_CONTEXT(2) 
PARAMETRIC_REPRESENTATION_CONTEXT() REPRESENTATION_CONTEXT('2D SPACE',''
  ) );
#7298 = ORIENTED_EDGE('',*,*,#7299,.T.);
#7299 = EDGE_CURVE('',#7277,#7300,#7302,.T.);
#7300 = VERTEX_POINT('',#7301);
#7301 = CARTESIAN_POINT('',(363.22767080374,388.,358.68669672292));
#7302 = SURFACE_CURVE('',#7303,(#7307,#7314),.PCURVE_S1.);
#7303 = LINE('',#7304,#7305);
#7304 = CARTESIAN_POINT('',(362.,388.,358.63911300919));
#7305 = VECTOR('',#7306,1.);
#7306 = DIRECTION('',(0.999249701933,0.,3.873026190514E-02));
#7307 = PCURVE('',#72,#7308);
#7308 = DEFINITIONAL_REPRESENTATION('',(#7309),#7313);
#7309 = LINE('',#7310,#7311);
#7310 = CARTESIAN_POINT('',(15.860886990807,0.));
#7311 = VECTOR('',#7312,1.);
#7312 = DIRECTION('',(-3.873026190514E-02,0.999249701933));
#7313 = ( GEOMETRIC_REPRESENTATION_CONTEXT(2) 
PARAMETRIC_REPRESENTATION_CONTEXT() REPRESENTATION_CONTEXT('2D SPACE',''
  ) );
#7314 = PCURVE('',#3582,#7315);
#7315 = DEFINITIONAL_REPRESENTATION('',(#7316),#7320);
#7316 = LINE('',#7317,#7318);
#7317 = CARTESIAN_POINT('',(0.,-12.));
#7318 = VECTOR('',#7319,1.);
#7319 = DIRECTION('',(1.,0.));
#7320 = ( GEOMETRIC_REPRESENTATION_CONTEXT(2) 
PARAMETRIC_REPRESENTATION_CONTEXT() REPRESENTATION_CONTEXT('2D SPACE',''
  ) );
#7321 = ORIENTED_EDGE('',*,*,#7322,.T.);
#7322 = EDGE_CURVE('',#7300,#7323,#7325,.T.);
#7323 = VERTEX_POINT('',#7324);
#7324 = CARTESIAN_POINT('',(364.44797541968,388.,358.82916235551));
#7325 = SURFACE_CURVE('',#7326,(#7330,#7337),.PCURVE_S1.);
#7326 = LINE('',#7327,#7328);
#7327 = CARTESIAN_POINT('',(363.22767080374,388.,358.68669672292));
#7328 = VECTOR('',#7329,1.);
#7329 = DIRECTION('',(0.993254071072,0.,0.115958399003));
#7330 = PCURVE('',#72,#7331);
#7331 = DEFINITIONAL_REPRESENTATION('',(#7332),#7336);
#7332 = LINE('',#7333,#7334);
#7333 = CARTESIAN_POINT('',(15.813303277076,1.22767080374));
#7334 = VECTOR('',#7335,1.);
#7335 = DIRECTION('',(-0.115958399003,0.993254071072));
#7336 = ( GEOMETRIC_REPRESENTATION_CONTEXT(2) 
PARAMETRIC_REPRESENTATION_CONTEXT() REPRESENTATION_CONTEXT('2D SPACE',''
  ) );
#7337 = PCURVE('',#3610,#7338);
#7338 = DEFINITIONAL_REPRESENTATION('',(#7339),#7343);
#7339 = LINE('',#7340,#7341);
#7340 = CARTESIAN_POINT('',(0.,-12.));
#7341 = VECTOR('',#7342,1.);
#7342 = DIRECTION('',(1.,0.));
#7343 = ( GEOMETRIC_REPRESENTATION_CONTEXT(2) 
PARAMETRIC_REPRESENTATION_CONTEXT() REPRESENTATION_CONTEXT('2D SPACE',''
  ) );
#7344 = ORIENTED_EDGE('',*,*,#7345,.T.);
#7345 = EDGE_CURVE('',#7323,#7346,#7348,.T.);
#7346 = VERTEX_POINT('',#7347);
#7347 = CARTESIAN_POINT('',(364.75564539212,388.,357.6705991741));
#7348 = SURFACE_CURVE('',#7349,(#7353,#7360),.PCURVE_S1.);
#7349 = LINE('',#7350,#7351);
#7350 = CARTESIAN_POINT('',(364.44797541968,388.,358.82916235551));
#7351 = VECTOR('',#7352,1.);
#7352 = DIRECTION('',(0.256665436325,0.,-0.966500312362));
#7353 = PCURVE('',#72,#7354);
#7354 = DEFINITIONAL_REPRESENTATION('',(#7355),#7359);
#7355 = LINE('',#7356,#7357);
#7356 = CARTESIAN_POINT('',(15.670837644484,2.447975419685));
#7357 = VECTOR('',#7358,1.);
#7358 = DIRECTION('',(0.966500312362,0.256665436325));
#7359 = ( GEOMETRIC_REPRESENTATION_CONTEXT(2) 
PARAMETRIC_REPRESENTATION_CONTEXT() REPRESENTATION_CONTEXT('2D SPACE',''
  ) );
#7360 = PCURVE('',#3638,#7361);
#7361 = DEFINITIONAL_REPRESENTATION('',(#7362),#7366);
#7362 = LINE('',#7363,#7364);
#7363 = CARTESIAN_POINT('',(0.,-12.));
#7364 = VECTOR('',#7365,1.);
#7365 = DIRECTION('',(1.,0.));
#7366 = ( GEOMETRIC_REPRESENTATION_CONTEXT(2) 
PARAMETRIC_REPRESENTATION_CONTEXT() REPRESENTATION_CONTEXT('2D SPACE',''
  ) );
#7367 = ORIENTED_EDGE('',*,*,#7368,.T.);
#7368 = EDGE_CURVE('',#7346,#7369,#7371,.T.);
#7369 = VERTEX_POINT('',#7370);
#7370 = CARTESIAN_POINT('',(365.08044423459,388.,356.51577165194));
#7371 = SURFACE_CURVE('',#7372,(#7376,#7383),.PCURVE_S1.);
#7372 = LINE('',#7373,#7374);
#7373 = CARTESIAN_POINT('',(364.75564539212,388.,357.6705991741));
#7374 = VECTOR('',#7375,1.);
#7375 = DIRECTION('',(0.270748359299,0.,-0.962650157605));
#7376 = PCURVE('',#72,#7377);
#7377 = DEFINITIONAL_REPRESENTATION('',(#7378),#7382);
#7378 = LINE('',#7379,#7380);
#7379 = CARTESIAN_POINT('',(16.829400825898,2.755645392125));
#7380 = VECTOR('',#7381,1.);
#7381 = DIRECTION('',(0.962650157605,0.270748359299));
#7382 = ( GEOMETRIC_REPRESENTATION_CONTEXT(2) 
PARAMETRIC_REPRESENTATION_CONTEXT() REPRESENTATION_CONTEXT('2D SPACE',''
  ) );
#7383 = PCURVE('',#3666,#7384);
#7384 = DEFINITIONAL_REPRESENTATION('',(#7385),#7389);
#7385 = LINE('',#7386,#7387);
#7386 = CARTESIAN_POINT('',(0.,-12.));
#7387 = VECTOR('',#7388,1.);
#7388 = DIRECTION('',(1.,0.));
#7389 = ( GEOMETRIC_REPRESENTATION_CONTEXT(2) 
PARAMETRIC_REPRESENTATION_CONTEXT() REPRESENTATION_CONTEXT('2D SPACE',''
  ) );
#7390 = ORIENTED_EDGE('',*,*,#7391,.T.);
#7391 = EDGE_CURVE('',#7369,#7392,#7394,.T.);
#7392 = VERTEX_POINT('',#7393);
#7393 = CARTESIAN_POINT('',(365.42233321906,388.,355.3648687413));
#7394 = SURFACE_CURVE('',#7395,(#7399,#7406),.PCURVE_S1.);
#7395 = LINE('',#7396,#7397);
#7396 = CARTESIAN_POINT('',(365.08044423459,388.,356.51577165194));
#7397 = VECTOR('',#7398,1.);
#7398 = DIRECTION('',(0.284762612623,0.,-0.958598067206));
#7399 = PCURVE('',#72,#7400);
#7400 = DEFINITIONAL_REPRESENTATION('',(#7401),#7405);
#7401 = LINE('',#7402,#7403);
#7402 = CARTESIAN_POINT('',(17.984228348054,3.080444234599));
#7403 = VECTOR('',#7404,1.);
#7404 = DIRECTION('',(0.958598067206,0.284762612623));
#7405 = ( GEOMETRIC_REPRESENTATION_CONTEXT(2) 
PARAMETRIC_REPRESENTATION_CONTEXT() REPRESENTATION_CONTEXT('2D SPACE',''
  ) );
#7406 = PCURVE('',#3694,#7407);
#7407 = DEFINITIONAL_REPRESENTATION('',(#7408),#7412);
#7408 = LINE('',#7409,#7410);
#7409 = CARTESIAN_POINT('',(0.,-12.));
#7410 = VECTOR('',#7411,1.);
#7411 = DIRECTION('',(1.,0.));
#7412 = ( GEOMETRIC_REPRESENTATION_CONTEXT(2) 
PARAMETRIC_REPRESENTATION_CONTEXT() REPRESENTATION_CONTEXT('2D SPACE',''
  ) );
#7413 = ORIENTED_EDGE('',*,*,#7414,.T.);
#7414 = EDGE_CURVE('',#7392,#7415,#7417,.T.);
#7415 = VERTEX_POINT('',#7416);
#7416 = CARTESIAN_POINT('',(366.66235780182,388.,354.40231967637));
#7417 = SURFACE_CURVE('',#7418,(#7422,#7429),.PCURVE_S1.);
#7418 = LINE('',#7419,#7420);
#7419 = CARTESIAN_POINT('',(365.42233321906,388.,355.3648687413));
#7420 = VECTOR('',#7421,1.);
#7421 = DIRECTION('',(0.789942892909,0.,-0.613180418753));
#7422 = PCURVE('',#72,#7423);
#7423 = DEFINITIONAL_REPRESENTATION('',(#7424),#7428);
#7424 = LINE('',#7425,#7426);
#7425 = CARTESIAN_POINT('',(19.135131258695,3.422333219066));
#7426 = VECTOR('',#7427,1.);
#7427 = DIRECTION('',(0.613180418753,0.789942892909));
#7428 = ( GEOMETRIC_REPRESENTATION_CONTEXT(2) 
PARAMETRIC_REPRESENTATION_CONTEXT() REPRESENTATION_CONTEXT('2D SPACE',''
  ) );
#7429 = PCURVE('',#3722,#7430);
#7430 = DEFINITIONAL_REPRESENTATION('',(#7431),#7435);
#7431 = LINE('',#7432,#7433);
#7432 = CARTESIAN_POINT('',(0.,-12.));
#7433 = VECTOR('',#7434,1.);
#7434 = DIRECTION('',(1.,0.));
#7435 = ( GEOMETRIC_REPRESENTATION_CONTEXT(2) 
PARAMETRIC_REPRESENTATION_CONTEXT() REPRESENTATION_CONTEXT('2D SPACE',''
  ) );
#7436 = ORIENTED_EDGE('',*,*,#7437,.T.);
#7437 = EDGE_CURVE('',#7415,#7438,#7440,.T.);
#7438 = VERTEX_POINT('',#7439);
#7439 = CARTESIAN_POINT('',(367.53456877347,388.,354.62481740575));
#7440 = SURFACE_CURVE('',#7441,(#7445,#7452),.PCURVE_S1.);
#7441 = LINE('',#7442,#7443);
#7442 = CARTESIAN_POINT('',(366.66235780182,388.,354.40231967637));
#7443 = VECTOR('',#7444,1.);
#7444 = DIRECTION('',(0.968969464037,0.,0.24718045587));
#7445 = PCURVE('',#72,#7446);
#7446 = DEFINITIONAL_REPRESENTATION('',(#7447),#7451);
#7447 = LINE('',#7448,#7449);
#7448 = CARTESIAN_POINT('',(20.097680323628,4.662357801825));
#7449 = VECTOR('',#7450,1.);
#7450 = DIRECTION('',(-0.24718045587,0.968969464037));
#7451 = ( GEOMETRIC_REPRESENTATION_CONTEXT(2) 
PARAMETRIC_REPRESENTATION_CONTEXT() REPRESENTATION_CONTEXT('2D SPACE',''
  ) );
#7452 = PCURVE('',#3750,#7453);
#7453 = DEFINITIONAL_REPRESENTATION('',(#7454),#7458);
#7454 = LINE('',#7455,#7456);
#7455 = CARTESIAN_POINT('',(0.,-12.));
#7456 = VECTOR('',#7457,1.);
#7457 = DIRECTION('',(1.,0.));
#7458 = ( GEOMETRIC_REPRESENTATION_CONTEXT(2) 
PARAMETRIC_REPRESENTATION_CONTEXT() REPRESENTATION_CONTEXT('2D SPACE',''
  ) );
#7459 = ORIENTED_EDGE('',*,*,#7460,.T.);
#7460 = EDGE_CURVE('',#7438,#7461,#7463,.T.);
#7461 = VERTEX_POINT('',#7462);
#7462 = CARTESIAN_POINT('',(368.39624437889,388.,354.88514867483));
#7463 = SURFACE_CURVE('',#7464,(#7468,#7475),.PCURVE_S1.);
#7464 = LINE('',#7465,#7466);
#7465 = CARTESIAN_POINT('',(367.53456877347,388.,354.62481740575));
#7466 = VECTOR('',#7467,1.);
#7467 = DIRECTION('',(0.957265359759,0.,0.289211049244));
#7468 = PCURVE('',#72,#7469);
#7469 = DEFINITIONAL_REPRESENTATION('',(#7470),#7474);
#7470 = LINE('',#7471,#7472);
#7471 = CARTESIAN_POINT('',(19.875182594247,5.534568773473));
#7472 = VECTOR('',#7473,1.);
#7473 = DIRECTION('',(-0.289211049244,0.957265359759));
#7474 = ( GEOMETRIC_REPRESENTATION_CONTEXT(2) 
PARAMETRIC_REPRESENTATION_CONTEXT() REPRESENTATION_CONTEXT('2D SPACE',''
  ) );
#7475 = PCURVE('',#3778,#7476);
#7476 = DEFINITIONAL_REPRESENTATION('',(#7477),#7481);
#7477 = LINE('',#7478,#7479);
#7478 = CARTESIAN_POINT('',(0.,-12.));
#7479 = VECTOR('',#7480,1.);
#7480 = DIRECTION('',(1.,0.));
#7481 = ( GEOMETRIC_REPRESENTATION_CONTEXT(2) 
PARAMETRIC_REPRESENTATION_CONTEXT() REPRESENTATION_CONTEXT('2D SPACE',''
  ) );
#7482 = ORIENTED_EDGE('',*,*,#7483,.T.);
#7483 = EDGE_CURVE('',#7461,#7484,#7486,.T.);
#7484 = VERTEX_POINT('',#7485);
#7485 = CARTESIAN_POINT('',(369.2457443696,388.,355.18281792824));
#7486 = SURFACE_CURVE('',#7487,(#7491,#7498),.PCURVE_S1.);
#7487 = LINE('',#7488,#7489);
#7488 = CARTESIAN_POINT('',(368.39624437889,388.,354.88514867483));
#7489 = VECTOR('',#7490,1.);
#7490 = DIRECTION('',(0.943739046462,0.,0.330691112948));
#7491 = PCURVE('',#72,#7492);
#7492 = DEFINITIONAL_REPRESENTATION('',(#7493),#7497);
#7493 = LINE('',#7494,#7495);
#7494 = CARTESIAN_POINT('',(19.614851325167,6.396244378896));
#7495 = VECTOR('',#7496,1.);
#7496 = DIRECTION('',(-0.330691112948,0.943739046462));
#7497 = ( GEOMETRIC_REPRESENTATION_CONTEXT(2) 
PARAMETRIC_REPRESENTATION_CONTEXT() REPRESENTATION_CONTEXT('2D SPACE',''
  ) );
#7498 = PCURVE('',#3806,#7499);
#7499 = DEFINITIONAL_REPRESENTATION('',(#7500),#7504);
#7500 = LINE('',#7501,#7502);
#7501 = CARTESIAN_POINT('',(0.,-12.));
#7502 = VECTOR('',#7503,1.);
#7503 = DIRECTION('',(1.,0.));
#7504 = ( GEOMETRIC_REPRESENTATION_CONTEXT(2) 
PARAMETRIC_REPRESENTATION_CONTEXT() REPRESENTATION_CONTEXT('2D SPACE',''
  ) );
#7505 = ORIENTED_EDGE('',*,*,#7506,.T.);
#7506 = EDGE_CURVE('',#7484,#7507,#7509,.T.);
#7507 = VERTEX_POINT('',#7508);
#7508 = CARTESIAN_POINT('',(370.08145167408,388.,355.51725853564));
#7509 = SURFACE_CURVE('',#7510,(#7514,#7521),.PCURVE_S1.);
#7510 = LINE('',#7511,#7512);
#7511 = CARTESIAN_POINT('',(369.2457443696,388.,355.18281792824));
#7512 = VECTOR('',#7513,1.);
#7513 = DIRECTION('',(0.928416272251,0.,0.371541687323));
#7514 = PCURVE('',#72,#7515);
#7515 = DEFINITIONAL_REPRESENTATION('',(#7516),#7520);
#7516 = LINE('',#7517,#7518);
#7517 = CARTESIAN_POINT('',(19.317182071755,7.245744369604));
#7518 = VECTOR('',#7519,1.);
#7519 = DIRECTION('',(-0.371541687323,0.928416272251));
#7520 = ( GEOMETRIC_REPRESENTATION_CONTEXT(2) 
PARAMETRIC_REPRESENTATION_CONTEXT() REPRESENTATION_CONTEXT('2D SPACE',''
  ) );
#7521 = PCURVE('',#3834,#7522);
#7522 = DEFINITIONAL_REPRESENTATION('',(#7523),#7527);
#7523 = LINE('',#7524,#7525);
#7524 = CARTESIAN_POINT('',(0.,-12.));
#7525 = VECTOR('',#7526,1.);
#7526 = DIRECTION('',(1.,0.));
#7527 = ( GEOMETRIC_REPRESENTATION_CONTEXT(2) 
PARAMETRIC_REPRESENTATION_CONTEXT() REPRESENTATION_CONTEXT('2D SPACE',''
  ) );
#7528 = ORIENTED_EDGE('',*,*,#7529,.T.);
#7529 = EDGE_CURVE('',#7507,#7530,#7532,.T.);
#7530 = VERTEX_POINT('',#7531);
#7531 = CARTESIAN_POINT('',(367.71540992095,388.,359.70466879145));
#7532 = SURFACE_CURVE('',#7533,(#7537,#7544),.PCURVE_S1.);
#7533 = LINE('',#7534,#7535);
#7534 = CARTESIAN_POINT('',(370.08145167408,388.,355.51725853564));
#7535 = VECTOR('',#7536,1.);
#7536 = DIRECTION('',(-0.49193822781,0.,0.870630105165));
#7537 = PCURVE('',#72,#7538);
#7538 = DEFINITIONAL_REPRESENTATION('',(#7539),#7543);
#7539 = LINE('',#7540,#7541);
#7540 = CARTESIAN_POINT('',(18.982741464351,8.081451674085));
#7541 = VECTOR('',#7542,1.);
#7542 = DIRECTION('',(-0.870630105165,-0.49193822781));
#7543 = ( GEOMETRIC_REPRESENTATION_CONTEXT(2) 
PARAMETRIC_REPRESENTATION_CONTEXT() REPRESENTATION_CONTEXT('2D SPACE',''
  ) );
#7544 = PCURVE('',#3862,#7545);
#7545 = DEFINITIONAL_REPRESENTATION('',(#7546),#7550);
#7546 = LINE('',#7547,#7548);
#7547 = CARTESIAN_POINT('',(0.,-12.));
#7548 = VECTOR('',#7549,1.);
#7549 = DIRECTION('',(1.,0.));
#7550 = ( GEOMETRIC_REPRESENTATION_CONTEXT(2) 
PARAMETRIC_REPRESENTATION_CONTEXT() REPRESENTATION_CONTEXT('2D SPACE',''
  ) );
#7551 = ORIENTED_EDGE('',*,*,#7552,.T.);
#7552 = EDGE_CURVE('',#7530,#7553,#7555,.T.);
#7553 = VERTEX_POINT('',#7554);
#7554 = CARTESIAN_POINT('',(368.84345753501,388.,360.19144224243));
#7555 = SURFACE_CURVE('',#7556,(#7560,#7567),.PCURVE_S1.);
#7556 = LINE('',#7557,#7558);
#7557 = CARTESIAN_POINT('',(367.71540992095,388.,359.70466879145));
#7558 = VECTOR('',#7559,1.);
#7559 = DIRECTION('',(0.918162457462,0.,0.396204116217));
#7560 = PCURVE('',#72,#7561);
#7561 = DEFINITIONAL_REPRESENTATION('',(#7562),#7566);
#7562 = LINE('',#7563,#7564);
#7563 = CARTESIAN_POINT('',(14.795331208547,5.715409920955));
#7564 = VECTOR('',#7565,1.);
#7565 = DIRECTION('',(-0.396204116217,0.918162457462));
#7566 = ( GEOMETRIC_REPRESENTATION_CONTEXT(2) 
PARAMETRIC_REPRESENTATION_CONTEXT() REPRESENTATION_CONTEXT('2D SPACE',''
  ) );
#7567 = PCURVE('',#3890,#7568);
#7568 = DEFINITIONAL_REPRESENTATION('',(#7569),#7573);
#7569 = LINE('',#7570,#7571);
#7570 = CARTESIAN_POINT('',(0.,-12.));
#7571 = VECTOR('',#7572,1.);
#7572 = DIRECTION('',(1.,0.));
#7573 = ( GEOMETRIC_REPRESENTATION_CONTEXT(2) 
PARAMETRIC_REPRESENTATION_CONTEXT() REPRESENTATION_CONTEXT('2D SPACE',''
  ) );
#7574 = ORIENTED_EDGE('',*,*,#7575,.T.);
#7575 = EDGE_CURVE('',#7553,#7576,#7578,.T.);
#7576 = VERTEX_POINT('',#7577);
#7577 = CARTESIAN_POINT('',(369.9304434954,388.,360.7640689394));
#7578 = SURFACE_CURVE('',#7579,(#7583,#7590),.PCURVE_S1.);
#7579 = LINE('',#7580,#7581);
#7580 = CARTESIAN_POINT('',(368.84345753501,388.,360.19144224243));
#7581 = VECTOR('',#7582,1.);
#7582 = DIRECTION('',(0.88474075755,0.,0.466083460261));
#7583 = PCURVE('',#72,#7584);
#7584 = DEFINITIONAL_REPRESENTATION('',(#7585),#7589);
#7585 = LINE('',#7586,#7587);
#7586 = CARTESIAN_POINT('',(14.308557757565,6.843457535015));
#7587 = VECTOR('',#7588,1.);
#7588 = DIRECTION('',(-0.466083460261,0.88474075755));
#7589 = ( GEOMETRIC_REPRESENTATION_CONTEXT(2) 
PARAMETRIC_REPRESENTATION_CONTEXT() REPRESENTATION_CONTEXT('2D SPACE',''
  ) );
#7590 = PCURVE('',#3918,#7591);
#7591 = DEFINITIONAL_REPRESENTATION('',(#7592),#7596);
#7592 = LINE('',#7593,#7594);
#7593 = CARTESIAN_POINT('',(0.,-12.));
#7594 = VECTOR('',#7595,1.);
#7595 = DIRECTION('',(1.,0.));
#7596 = ( GEOMETRIC_REPRESENTATION_CONTEXT(2) 
PARAMETRIC_REPRESENTATION_CONTEXT() REPRESENTATION_CONTEXT('2D SPACE',''
  ) );
#7597 = ORIENTED_EDGE('',*,*,#7598,.T.);
#7598 = EDGE_CURVE('',#7576,#7599,#7601,.T.);
#7599 = VERTEX_POINT('',#7600);
#7600 = CARTESIAN_POINT('',(370.96984574206,388.,361.41911304617));
#7601 = SURFACE_CURVE('',#7602,(#7606,#7613),.PCURVE_S1.);
#7602 = LINE('',#7603,#7604);
#7603 = CARTESIAN_POINT('',(369.9304434954,388.,360.7640689394));
#7604 = VECTOR('',#7605,1.);
#7605 = DIRECTION('',(0.846010495645,0.,0.533166241671));
#7606 = PCURVE('',#72,#7607);
#7607 = DEFINITIONAL_REPRESENTATION('',(#7608),#7612);
#7608 = LINE('',#7609,#7610);
#7609 = CARTESIAN_POINT('',(13.735931060593,7.930443495403));
#7610 = VECTOR('',#7611,1.);
#7611 = DIRECTION('',(-0.533166241671,0.846010495645));
#7612 = ( GEOMETRIC_REPRESENTATION_CONTEXT(2) 
PARAMETRIC_REPRESENTATION_CONTEXT() REPRESENTATION_CONTEXT('2D SPACE',''
  ) );
#7613 = PCURVE('',#3946,#7614);
#7614 = DEFINITIONAL_REPRESENTATION('',(#7615),#7619);
#7615 = LINE('',#7616,#7617);
#7616 = CARTESIAN_POINT('',(0.,-12.));
#7617 = VECTOR('',#7618,1.);
#7618 = DIRECTION('',(1.,0.));
#7619 = ( GEOMETRIC_REPRESENTATION_CONTEXT(2) 
PARAMETRIC_REPRESENTATION_CONTEXT() REPRESENTATION_CONTEXT('2D SPACE',''
  ) );
#7620 = ORIENTED_EDGE('',*,*,#7621,.T.);
#7621 = EDGE_CURVE('',#7599,#7622,#7624,.T.);
#7622 = VERTEX_POINT('',#7623);
#7623 = CARTESIAN_POINT('',(371.95542772352,388.,362.15264421113));
#7624 = SURFACE_CURVE('',#7625,(#7629,#7636),.PCURVE_S1.);
#7625 = LINE('',#7626,#7627);
#7626 = CARTESIAN_POINT('',(370.96984574206,388.,361.41911304617));
#7627 = VECTOR('',#7628,1.);
#7628 = DIRECTION('',(0.802204058459,0.,0.597049954854));
#7629 = PCURVE('',#72,#7630);
#7630 = DEFINITIONAL_REPRESENTATION('',(#7631),#7635);
#7631 = LINE('',#7632,#7633);
#7632 = CARTESIAN_POINT('',(13.080886953826,8.969845742061));
#7633 = VECTOR('',#7634,1.);
#7634 = DIRECTION('',(-0.597049954854,0.802204058459));
#7635 = ( GEOMETRIC_REPRESENTATION_CONTEXT(2) 
PARAMETRIC_REPRESENTATION_CONTEXT() REPRESENTATION_CONTEXT('2D SPACE',''
  ) );
#7636 = PCURVE('',#3974,#7637);
#7637 = DEFINITIONAL_REPRESENTATION('',(#7638),#7642);
#7638 = LINE('',#7639,#7640);
#7639 = CARTESIAN_POINT('',(0.,-12.));
#7640 = VECTOR('',#7641,1.);
#7641 = DIRECTION('',(1.,0.));
#7642 = ( GEOMETRIC_REPRESENTATION_CONTEXT(2) 
PARAMETRIC_REPRESENTATION_CONTEXT() REPRESENTATION_CONTEXT('2D SPACE',''
  ) );
#7643 = ORIENTED_EDGE('',*,*,#7644,.T.);
#7644 = EDGE_CURVE('',#7622,#7645,#7647,.T.);
#7645 = VERTEX_POINT('',#7646);
#7646 = CARTESIAN_POINT('',(372.80115932635,388.,361.30313405036));
#7647 = SURFACE_CURVE('',#7648,(#7652,#7659),.PCURVE_S1.);
#7648 = LINE('',#7649,#7650);
#7649 = CARTESIAN_POINT('',(371.95542772352,388.,362.15264421113));
#7650 = VECTOR('',#7651,1.);
#7651 = DIRECTION('',(0.705528944312,0.,-0.708681105109));
#7652 = PCURVE('',#72,#7653);
#7653 = DEFINITIONAL_REPRESENTATION('',(#7654),#7658);
#7654 = LINE('',#7655,#7656);
#7655 = CARTESIAN_POINT('',(12.347355788862,9.955427723529));
#7656 = VECTOR('',#7657,1.);
#7657 = DIRECTION('',(0.708681105109,0.705528944312));
#7658 = ( GEOMETRIC_REPRESENTATION_CONTEXT(2) 
PARAMETRIC_REPRESENTATION_CONTEXT() REPRESENTATION_CONTEXT('2D SPACE',''
  ) );
#7659 = PCURVE('',#4002,#7660);
#7660 = DEFINITIONAL_REPRESENTATION('',(#7661),#7665);
#7661 = LINE('',#7662,#7663);
#7662 = CARTESIAN_POINT('',(0.,-12.));
#7663 = VECTOR('',#7664,1.);
#7664 = DIRECTION('',(1.,0.));
#7665 = ( GEOMETRIC_REPRESENTATION_CONTEXT(2) 
PARAMETRIC_REPRESENTATION_CONTEXT() REPRESENTATION_CONTEXT('2D SPACE',''
  ) );
#7666 = ORIENTED_EDGE('',*,*,#7667,.T.);
#7667 = EDGE_CURVE('',#7645,#7668,#7670,.T.);
#7668 = VERTEX_POINT('',#7669);
#7669 = CARTESIAN_POINT('',(373.65985713613,388.,360.46542350042));
#7670 = SURFACE_CURVE('',#7671,(#7675,#7682),.PCURVE_S1.);
#7671 = LINE('',#7672,#7673);
#7672 = CARTESIAN_POINT('',(372.80115932635,388.,361.30313405036));
#7673 = VECTOR('',#7674,1.);
#7674 = DIRECTION('',(0.715800035989,0.,-0.698305311793));
#7675 = PCURVE('',#72,#7676);
#7676 = DEFINITIONAL_REPRESENTATION('',(#7677),#7681);
#7677 = LINE('',#7678,#7679);
#7678 = CARTESIAN_POINT('',(13.196865949636,10.801159326351));
#7679 = VECTOR('',#7680,1.);
#7680 = DIRECTION('',(0.698305311793,0.715800035989));
#7681 = ( GEOMETRIC_REPRESENTATION_CONTEXT(2) 
PARAMETRIC_REPRESENTATION_CONTEXT() REPRESENTATION_CONTEXT('2D SPACE',''
  ) );
#7682 = PCURVE('',#4030,#7683);
#7683 = DEFINITIONAL_REPRESENTATION('',(#7684),#7688);
#7684 = LINE('',#7685,#7686);
#7685 = CARTESIAN_POINT('',(0.,-12.));
#7686 = VECTOR('',#7687,1.);
#7687 = DIRECTION('',(1.,0.));
#7688 = ( GEOMETRIC_REPRESENTATION_CONTEXT(2) 
PARAMETRIC_REPRESENTATION_CONTEXT() REPRESENTATION_CONTEXT('2D SPACE',''
  ) );
#7689 = ORIENTED_EDGE('',*,*,#7690,.T.);
#7690 = EDGE_CURVE('',#7668,#7691,#7693,.T.);
#7691 = VERTEX_POINT('',#7692);
#7692 = CARTESIAN_POINT('',(374.53139313727,388.,359.63965683475));
#7693 = SURFACE_CURVE('',#7694,(#7698,#7705),.PCURVE_S1.);
#7694 = LINE('',#7695,#7696);
#7695 = CARTESIAN_POINT('',(373.65985713613,388.,360.46542350042));
#7696 = VECTOR('',#7697,1.);
#7697 = DIRECTION('',(0.725910690183,0.,-0.687788971908));
#7698 = PCURVE('',#72,#7699);
#7699 = DEFINITIONAL_REPRESENTATION('',(#7700),#7704);
#7700 = LINE('',#7701,#7702);
#7701 = CARTESIAN_POINT('',(14.034576499576,11.659857136131));
#7702 = VECTOR('',#7703,1.);
#7703 = DIRECTION('',(0.687788971908,0.725910690183));
#7704 = ( GEOMETRIC_REPRESENTATION_CONTEXT(2) 
PARAMETRIC_REPRESENTATION_CONTEXT() REPRESENTATION_CONTEXT('2D SPACE',''
  ) );
#7705 = PCURVE('',#4058,#7706);
#7706 = DEFINITIONAL_REPRESENTATION('',(#7707),#7711);
#7707 = LINE('',#7708,#7709);
#7708 = CARTESIAN_POINT('',(0.,-12.));
#7709 = VECTOR('',#7710,1.);
#7710 = DIRECTION('',(1.,0.));
#7711 = ( GEOMETRIC_REPRESENTATION_CONTEXT(2) 
PARAMETRIC_REPRESENTATION_CONTEXT() REPRESENTATION_CONTEXT('2D SPACE',''
  ) );
#7712 = ORIENTED_EDGE('',*,*,#7713,.T.);
#7713 = EDGE_CURVE('',#7691,#7714,#7716,.T.);
#7714 = VERTEX_POINT('',#7715);
#7715 = CARTESIAN_POINT('',(376.08656045972,388.,359.42607718351));
#7716 = SURFACE_CURVE('',#7717,(#7721,#7728),.PCURVE_S1.);
#7717 = LINE('',#7718,#7719);
#7718 = CARTESIAN_POINT('',(374.53139313727,388.,359.63965683475));
#7719 = VECTOR('',#7720,1.);
#7720 = DIRECTION('',(0.990700822175,0.,-0.136058373289));
#7721 = PCURVE('',#72,#7722);
#7722 = DEFINITIONAL_REPRESENTATION('',(#7723),#7727);
#7723 = LINE('',#7724,#7725);
#7724 = CARTESIAN_POINT('',(14.860343165246,12.531393137274));
#7725 = VECTOR('',#7726,1.);
#7726 = DIRECTION('',(0.136058373289,0.990700822175));
#7727 = ( GEOMETRIC_REPRESENTATION_CONTEXT(2) 
PARAMETRIC_REPRESENTATION_CONTEXT() REPRESENTATION_CONTEXT('2D SPACE',''
  ) );
#7728 = PCURVE('',#4086,#7729);
#7729 = DEFINITIONAL_REPRESENTATION('',(#7730),#7734);
#7730 = LINE('',#7731,#7732);
#7731 = CARTESIAN_POINT('',(0.,-12.));
#7732 = VECTOR('',#7733,1.);
#7733 = DIRECTION('',(1.,0.));
#7734 = ( GEOMETRIC_REPRESENTATION_CONTEXT(2) 
PARAMETRIC_REPRESENTATION_CONTEXT() REPRESENTATION_CONTEXT('2D SPACE',''
  ) );
#7735 = ORIENTED_EDGE('',*,*,#7736,.T.);
#7736 = EDGE_CURVE('',#7714,#7737,#7739,.T.);
#7737 = VERTEX_POINT('',#7738);
#7738 = CARTESIAN_POINT('',(376.73066845394,388.,360.05487135526));
#7739 = SURFACE_CURVE('',#7740,(#7744,#7751),.PCURVE_S1.);
#7740 = LINE('',#7741,#7742);
#7741 = CARTESIAN_POINT('',(376.08656045972,388.,359.42607718351));
#7742 = VECTOR('',#7743,1.);
#7743 = DIRECTION('',(0.715561943412,0.,0.698549286121));
#7744 = PCURVE('',#72,#7745);
#7745 = DEFINITIONAL_REPRESENTATION('',(#7746),#7750);
#7746 = LINE('',#7747,#7748);
#7747 = CARTESIAN_POINT('',(15.073922816488,14.086560459727));
#7748 = VECTOR('',#7749,1.);
#7749 = DIRECTION('',(-0.698549286121,0.715561943412));
#7750 = ( GEOMETRIC_REPRESENTATION_CONTEXT(2) 
PARAMETRIC_REPRESENTATION_CONTEXT() REPRESENTATION_CONTEXT('2D SPACE',''
  ) );
#7751 = PCURVE('',#4114,#7752);
#7752 = DEFINITIONAL_REPRESENTATION('',(#7753),#7757);
#7753 = LINE('',#7754,#7755);
#7754 = CARTESIAN_POINT('',(0.,-12.));
#7755 = VECTOR('',#7756,1.);
#7756 = DIRECTION('',(1.,0.));
#7757 = ( GEOMETRIC_REPRESENTATION_CONTEXT(2) 
PARAMETRIC_REPRESENTATION_CONTEXT() REPRESENTATION_CONTEXT('2D SPACE',''
  ) );
#7758 = ORIENTED_EDGE('',*,*,#7759,.T.);
#7759 = EDGE_CURVE('',#7737,#7760,#7762,.T.);
#7760 = VERTEX_POINT('',#7761);
#7761 = CARTESIAN_POINT('',(377.34673578352,388.,360.71116265039));
#7762 = SURFACE_CURVE('',#7763,(#7767,#7774),.PCURVE_S1.);
#7763 = LINE('',#7764,#7765);
#7764 = CARTESIAN_POINT('',(376.73066845394,388.,360.05487135526));
#7765 = VECTOR('',#7766,1.);
#7766 = DIRECTION('',(0.684410595092,0.,0.72909679558));
#7767 = PCURVE('',#72,#7768);
#7768 = DEFINITIONAL_REPRESENTATION('',(#7769),#7773);
#7769 = LINE('',#7770,#7771);
#7770 = CARTESIAN_POINT('',(14.445128644736,14.730668453943));
#7771 = VECTOR('',#7772,1.);
#7772 = DIRECTION('',(-0.72909679558,0.684410595092));
#7773 = ( GEOMETRIC_REPRESENTATION_CONTEXT(2) 
PARAMETRIC_REPRESENTATION_CONTEXT() REPRESENTATION_CONTEXT('2D SPACE',''
  ) );
#7774 = PCURVE('',#4142,#7775);
#7775 = DEFINITIONAL_REPRESENTATION('',(#7776),#7780);
#7776 = LINE('',#7777,#7778);
#7777 = CARTESIAN_POINT('',(0.,-12.));
#7778 = VECTOR('',#7779,1.);
#7779 = DIRECTION('',(1.,0.));
#7780 = ( GEOMETRIC_REPRESENTATION_CONTEXT(2) 
PARAMETRIC_REPRESENTATION_CONTEXT() REPRESENTATION_CONTEXT('2D SPACE',''
  ) );
#7781 = ORIENTED_EDGE('',*,*,#7782,.T.);
#7782 = EDGE_CURVE('',#7760,#7783,#7785,.T.);
#7783 = VERTEX_POINT('',#7784);
#7784 = CARTESIAN_POINT('',(377.93358972928,388.,361.39370178113));
#7785 = SURFACE_CURVE('',#7786,(#7790,#7797),.PCURVE_S1.);
#7786 = LINE('',#7787,#7788);
#7787 = CARTESIAN_POINT('',(377.34673578352,388.,360.71116265039));
#7788 = VECTOR('',#7789,1.);
#7789 = DIRECTION('',(0.651956432306,0.,0.75825642785));
#7790 = PCURVE('',#72,#7791);
#7791 = DEFINITIONAL_REPRESENTATION('',(#7792),#7796);
#7792 = LINE('',#7793,#7794);
#7793 = CARTESIAN_POINT('',(13.788837349602,15.346735783521));
#7794 = VECTOR('',#7795,1.);
#7795 = DIRECTION('',(-0.75825642785,0.651956432306));
#7796 = ( GEOMETRIC_REPRESENTATION_CONTEXT(2) 
PARAMETRIC_REPRESENTATION_CONTEXT() REPRESENTATION_CONTEXT('2D SPACE',''
  ) );
#7797 = PCURVE('',#4170,#7798);
#7798 = DEFINITIONAL_REPRESENTATION('',(#7799),#7803);
#7799 = LINE('',#7800,#7801);
#7800 = CARTESIAN_POINT('',(0.,-12.));
#7801 = VECTOR('',#7802,1.);
#7802 = DIRECTION('',(1.,0.));
#7803 = ( GEOMETRIC_REPRESENTATION_CONTEXT(2) 
PARAMETRIC_REPRESENTATION_CONTEXT() REPRESENTATION_CONTEXT('2D SPACE',''
  ) );
#7804 = ORIENTED_EDGE('',*,*,#7805,.T.);
#7805 = EDGE_CURVE('',#7783,#7806,#7808,.T.);
#7806 = VERTEX_POINT('',#7807);
#7807 = CARTESIAN_POINT('',(378.49011318138,388.,362.10118949544));
#7808 = SURFACE_CURVE('',#7809,(#7813,#7820),.PCURVE_S1.);
#7809 = LINE('',#7810,#7811);
#7810 = CARTESIAN_POINT('',(377.93358972928,388.,361.39370178113));
#7811 = VECTOR('',#7812,1.);
#7812 = DIRECTION('',(0.618261233395,0.,0.785972675912));
#7813 = PCURVE('',#72,#7814);
#7814 = DEFINITIONAL_REPRESENTATION('',(#7815),#7819);
#7815 = LINE('',#7816,#7817);
#7816 = CARTESIAN_POINT('',(13.106298218867,15.933589729283));
#7817 = VECTOR('',#7818,1.);
#7818 = DIRECTION('',(-0.785972675912,0.618261233395));
#7819 = ( GEOMETRIC_REPRESENTATION_CONTEXT(2) 
PARAMETRIC_REPRESENTATION_CONTEXT() REPRESENTATION_CONTEXT('2D SPACE',''
  ) );
#7820 = PCURVE('',#4198,#7821);
#7821 = DEFINITIONAL_REPRESENTATION('',(#7822),#7826);
#7822 = LINE('',#7823,#7824);
#7823 = CARTESIAN_POINT('',(0.,-12.));
#7824 = VECTOR('',#7825,1.);
#7825 = DIRECTION('',(1.,0.));
#7826 = ( GEOMETRIC_REPRESENTATION_CONTEXT(2) 
PARAMETRIC_REPRESENTATION_CONTEXT() REPRESENTATION_CONTEXT('2D SPACE',''
  ) );
#7827 = ORIENTED_EDGE('',*,*,#7828,.T.);
#7828 = EDGE_CURVE('',#7806,#7829,#7831,.T.);
#7829 = VERTEX_POINT('',#7830);
#7830 = CARTESIAN_POINT('',(374.34735578886,388.,364.54457227647));
#7831 = SURFACE_CURVE('',#7832,(#7836,#7843),.PCURVE_S1.);
#7832 = LINE('',#7833,#7834);
#7833 = CARTESIAN_POINT('',(378.49011318138,388.,362.10118949544));
#7834 = VECTOR('',#7835,1.);
#7835 = DIRECTION('',(-0.861346054958,0.,0.508018674468));
#7836 = PCURVE('',#72,#7837);
#7837 = DEFINITIONAL_REPRESENTATION('',(#7838),#7842);
#7838 = LINE('',#7839,#7840);
#7839 = CARTESIAN_POINT('',(12.398810504558,16.490113181389));
#7840 = VECTOR('',#7841,1.);
#7841 = DIRECTION('',(-0.508018674468,-0.861346054958));
#7842 = ( GEOMETRIC_REPRESENTATION_CONTEXT(2) 
PARAMETRIC_REPRESENTATION_CONTEXT() REPRESENTATION_CONTEXT('2D SPACE',''
  ) );
#7843 = PCURVE('',#4226,#7844);
#7844 = DEFINITIONAL_REPRESENTATION('',(#7845),#7849);
#7845 = LINE('',#7846,#7847);
#7846 = CARTESIAN_POINT('',(0.,-12.));
#7847 = VECTOR('',#7848,1.);
#7848 = DIRECTION('',(1.,0.));
#7849 = ( GEOMETRIC_REPRESENTATION_CONTEXT(2) 
PARAMETRIC_REPRESENTATION_CONTEXT() REPRESENTATION_CONTEXT('2D SPACE',''
  ) );
#7850 = ORIENTED_EDGE('',*,*,#7851,.T.);
#7851 = EDGE_CURVE('',#7829,#7852,#7854,.T.);
#7852 = VERTEX_POINT('',#7853);
#7853 = CARTESIAN_POINT('',(375.08088695382,388.,365.53015425793));
#7854 = SURFACE_CURVE('',#7855,(#7859,#7866),.PCURVE_S1.);
#7855 = LINE('',#7856,#7857);
#7856 = CARTESIAN_POINT('',(374.34735578886,388.,364.54457227647));
#7857 = VECTOR('',#7858,1.);
#7858 = DIRECTION('',(0.597049954854,0.,0.802204058459));
#7859 = PCURVE('',#72,#7860);
#7860 = DEFINITIONAL_REPRESENTATION('',(#7861),#7865);
#7861 = LINE('',#7862,#7863);
#7862 = CARTESIAN_POINT('',(9.955427723529,12.347355788862));
#7863 = VECTOR('',#7864,1.);
#7864 = DIRECTION('',(-0.802204058459,0.597049954854));
#7865 = ( GEOMETRIC_REPRESENTATION_CONTEXT(2) 
PARAMETRIC_REPRESENTATION_CONTEXT() REPRESENTATION_CONTEXT('2D SPACE',''
  ) );
#7866 = PCURVE('',#4254,#7867);
#7867 = DEFINITIONAL_REPRESENTATION('',(#7868),#7872);
#7868 = LINE('',#7869,#7870);
#7869 = CARTESIAN_POINT('',(0.,-12.));
#7870 = VECTOR('',#7871,1.);
#7871 = DIRECTION('',(1.,0.));
#7872 = ( GEOMETRIC_REPRESENTATION_CONTEXT(2) 
PARAMETRIC_REPRESENTATION_CONTEXT() REPRESENTATION_CONTEXT('2D SPACE',''
  ) );
#7873 = ORIENTED_EDGE('',*,*,#7874,.T.);
#7874 = EDGE_CURVE('',#7852,#7875,#7877,.T.);
#7875 = VERTEX_POINT('',#7876);
#7876 = CARTESIAN_POINT('',(375.73593106059,388.,366.56955650459));
#7877 = SURFACE_CURVE('',#7878,(#7882,#7889),.PCURVE_S1.);
#7878 = LINE('',#7879,#7880);
#7879 = CARTESIAN_POINT('',(375.08088695382,388.,365.53015425793));
#7880 = VECTOR('',#7881,1.);
#7881 = DIRECTION('',(0.533166241671,0.,0.846010495645));
#7882 = PCURVE('',#72,#7883);
#7883 = DEFINITIONAL_REPRESENTATION('',(#7884),#7888);
#7884 = LINE('',#7885,#7886);
#7885 = CARTESIAN_POINT('',(8.969845742061,13.080886953826));
#7886 = VECTOR('',#7887,1.);
#7887 = DIRECTION('',(-0.846010495645,0.533166241671));
#7888 = ( GEOMETRIC_REPRESENTATION_CONTEXT(2) 
PARAMETRIC_REPRESENTATION_CONTEXT() REPRESENTATION_CONTEXT('2D SPACE',''
  ) );
#7889 = PCURVE('',#4282,#7890);
#7890 = DEFINITIONAL_REPRESENTATION('',(#7891),#7895);
#7891 = LINE('',#7892,#7893);
#7892 = CARTESIAN_POINT('',(0.,-12.));
#7893 = VECTOR('',#7894,1.);
#7894 = DIRECTION('',(1.,0.));
#7895 = ( GEOMETRIC_REPRESENTATION_CONTEXT(2) 
PARAMETRIC_REPRESENTATION_CONTEXT() REPRESENTATION_CONTEXT('2D SPACE',''
  ) );
#7896 = ORIENTED_EDGE('',*,*,#7897,.T.);
#7897 = EDGE_CURVE('',#7875,#7898,#7900,.T.);
#7898 = VERTEX_POINT('',#7899);
#7899 = CARTESIAN_POINT('',(376.30855775756,388.,367.65654246498));
#7900 = SURFACE_CURVE('',#7901,(#7905,#7912),.PCURVE_S1.);
#7901 = LINE('',#7902,#7903);
#7902 = CARTESIAN_POINT('',(375.73593106059,388.,366.56955650459));
#7903 = VECTOR('',#7904,1.);
#7904 = DIRECTION('',(0.466083460261,0.,0.88474075755));
#7905 = PCURVE('',#72,#7906);
#7906 = DEFINITIONAL_REPRESENTATION('',(#7907),#7911);
#7907 = LINE('',#7908,#7909);
#7908 = CARTESIAN_POINT('',(7.930443495403,13.735931060593));
#7909 = VECTOR('',#7910,1.);
#7910 = DIRECTION('',(-0.88474075755,0.466083460261));
#7911 = ( GEOMETRIC_REPRESENTATION_CONTEXT(2) 
PARAMETRIC_REPRESENTATION_CONTEXT() REPRESENTATION_CONTEXT('2D SPACE',''
  ) );
#7912 = PCURVE('',#4310,#7913);
#7913 = DEFINITIONAL_REPRESENTATION('',(#7914),#7918);
#7914 = LINE('',#7915,#7916);
#7915 = CARTESIAN_POINT('',(0.,-12.));
#7916 = VECTOR('',#7917,1.);
#7917 = DIRECTION('',(1.,0.));
#7918 = ( GEOMETRIC_REPRESENTATION_CONTEXT(2) 
PARAMETRIC_REPRESENTATION_CONTEXT() REPRESENTATION_CONTEXT('2D SPACE',''
  ) );
#7919 = ORIENTED_EDGE('',*,*,#7920,.T.);
#7920 = EDGE_CURVE('',#7898,#7921,#7923,.T.);
#7921 = VERTEX_POINT('',#7922);
#7922 = CARTESIAN_POINT('',(376.79533120854,388.,368.78459007904));
#7923 = SURFACE_CURVE('',#7924,(#7928,#7935),.PCURVE_S1.);
#7924 = LINE('',#7925,#7926);
#7925 = CARTESIAN_POINT('',(376.30855775756,388.,367.65654246498));
#7926 = VECTOR('',#7927,1.);
#7927 = DIRECTION('',(0.396204116217,0.,0.918162457462));
#7928 = PCURVE('',#72,#7929);
#7929 = DEFINITIONAL_REPRESENTATION('',(#7930),#7934);
#7930 = LINE('',#7931,#7932);
#7931 = CARTESIAN_POINT('',(6.843457535015,14.308557757565));
#7932 = VECTOR('',#7933,1.);
#7933 = DIRECTION('',(-0.918162457462,0.396204116217));
#7934 = ( GEOMETRIC_REPRESENTATION_CONTEXT(2) 
PARAMETRIC_REPRESENTATION_CONTEXT() REPRESENTATION_CONTEXT('2D SPACE',''
  ) );
#7935 = PCURVE('',#4338,#7936);
#7936 = DEFINITIONAL_REPRESENTATION('',(#7937),#7941);
#7937 = LINE('',#7938,#7939);
#7938 = CARTESIAN_POINT('',(0.,-12.));
#7939 = VECTOR('',#7940,1.);
#7940 = DIRECTION('',(1.,0.));
#7941 = ( GEOMETRIC_REPRESENTATION_CONTEXT(2) 
PARAMETRIC_REPRESENTATION_CONTEXT() REPRESENTATION_CONTEXT('2D SPACE',''
  ) );
#7942 = ORIENTED_EDGE('',*,*,#7943,.T.);
#7943 = EDGE_CURVE('',#7921,#7944,#7946,.T.);
#7944 = VERTEX_POINT('',#7945);
#7945 = CARTESIAN_POINT('',(377.95251134176,388.,368.47175850045));
#7946 = SURFACE_CURVE('',#7947,(#7951,#7958),.PCURVE_S1.);
#7947 = LINE('',#7948,#7949);
#7948 = CARTESIAN_POINT('',(376.79533120854,388.,368.78459007904));
#7949 = VECTOR('',#7950,1.);
#7950 = DIRECTION('',(0.965346541434,0.,-0.26097136805));
#7951 = PCURVE('',#72,#7952);
#7952 = DEFINITIONAL_REPRESENTATION('',(#7953),#7957);
#7953 = LINE('',#7954,#7955);
#7954 = CARTESIAN_POINT('',(5.715409920955,14.795331208547));
#7955 = VECTOR('',#7956,1.);
#7956 = DIRECTION('',(0.26097136805,0.965346541434));
#7957 = ( GEOMETRIC_REPRESENTATION_CONTEXT(2) 
PARAMETRIC_REPRESENTATION_CONTEXT() REPRESENTATION_CONTEXT('2D SPACE',''
  ) );
#7958 = PCURVE('',#4366,#7959);
#7959 = DEFINITIONAL_REPRESENTATION('',(#7960),#7964);
#7960 = LINE('',#7961,#7962);
#7961 = CARTESIAN_POINT('',(0.,-12.));
#7962 = VECTOR('',#7963,1.);
#7963 = DIRECTION('',(1.,0.));
#7964 = ( GEOMETRIC_REPRESENTATION_CONTEXT(2) 
PARAMETRIC_REPRESENTATION_CONTEXT() REPRESENTATION_CONTEXT('2D SPACE',''
  ) );
#7965 = ORIENTED_EDGE('',*,*,#7966,.T.);
#7966 = EDGE_CURVE('',#7944,#7967,#7969,.T.);
#7967 = VERTEX_POINT('',#7968);
#7968 = CARTESIAN_POINT('',(379.11502073417,388.,368.17562878807));
#7969 = SURFACE_CURVE('',#7970,(#7974,#7981),.PCURVE_S1.);
#7970 = LINE('',#7971,#7972);
#7971 = CARTESIAN_POINT('',(377.95251134176,388.,368.47175850045));
#7972 = VECTOR('',#7973,1.);
#7973 = DIRECTION('',(0.969053671093,0.,-0.246850121616));
#7974 = PCURVE('',#72,#7975);
#7975 = DEFINITIONAL_REPRESENTATION('',(#7976),#7980);
#7976 = LINE('',#7977,#7978);
#7977 = CARTESIAN_POINT('',(6.028241499548,15.952511341761));
#7978 = VECTOR('',#7979,1.);
#7979 = DIRECTION('',(0.246850121616,0.969053671093));
#7980 = ( GEOMETRIC_REPRESENTATION_CONTEXT(2) 
PARAMETRIC_REPRESENTATION_CONTEXT() REPRESENTATION_CONTEXT('2D SPACE',''
  ) );
#7981 = PCURVE('',#4394,#7982);
#7982 = DEFINITIONAL_REPRESENTATION('',(#7983),#7987);
#7983 = LINE('',#7984,#7985);
#7984 = CARTESIAN_POINT('',(0.,-12.));
#7985 = VECTOR('',#7986,1.);
#7986 = DIRECTION('',(1.,0.));
#7987 = ( GEOMETRIC_REPRESENTATION_CONTEXT(2) 
PARAMETRIC_REPRESENTATION_CONTEXT() REPRESENTATION_CONTEXT('2D SPACE',''
  ) );
#7988 = ORIENTED_EDGE('',*,*,#7989,.T.);
#7989 = EDGE_CURVE('',#7967,#7990,#7992,.T.);
#7990 = VERTEX_POINT('',#7991);
#7991 = CARTESIAN_POINT('',(380.28267638431,388.,367.89626187857));
#7992 = SURFACE_CURVE('',#7993,(#7997,#8004),.PCURVE_S1.);
#7993 = LINE('',#7994,#7995);
#7994 = CARTESIAN_POINT('',(379.11502073417,388.,368.17562878807));
#7995 = VECTOR('',#7996,1.);
#7996 = DIRECTION('',(0.972551584531,0.,-0.232687377023));
#7997 = PCURVE('',#72,#7998);
#7998 = DEFINITIONAL_REPRESENTATION('',(#7999),#8003);
#7999 = LINE('',#8000,#8001);
#8000 = CARTESIAN_POINT('',(6.324371211923,17.115020734175));
#8001 = VECTOR('',#8002,1.);
#8002 = DIRECTION('',(0.232687377023,0.972551584531));
#8003 = ( GEOMETRIC_REPRESENTATION_CONTEXT(2) 
PARAMETRIC_REPRESENTATION_CONTEXT() REPRESENTATION_CONTEXT('2D SPACE',''
  ) );
#8004 = PCURVE('',#4422,#8005);
#8005 = DEFINITIONAL_REPRESENTATION('',(#8006),#8010);
#8006 = LINE('',#8007,#8008);
#8007 = CARTESIAN_POINT('',(0.,-12.));
#8008 = VECTOR('',#8009,1.);
#8009 = DIRECTION('',(1.,0.));
#8010 = ( GEOMETRIC_REPRESENTATION_CONTEXT(2) 
PARAMETRIC_REPRESENTATION_CONTEXT() REPRESENTATION_CONTEXT('2D SPACE',''
  ) );
#8011 = ORIENTED_EDGE('',*,*,#8012,.T.);
#8012 = EDGE_CURVE('',#7990,#8013,#8015,.T.);
#8013 = VERTEX_POINT('',#8014);
#8014 = CARTESIAN_POINT('',(381.73628061831,388.,368.48888013609));
#8015 = SURFACE_CURVE('',#8016,(#8020,#8027),.PCURVE_S1.);
#8016 = LINE('',#8017,#8018);
#8017 = CARTESIAN_POINT('',(380.28267638431,388.,367.89626187857));
#8018 = VECTOR('',#8019,1.);
#8019 = DIRECTION('',(0.926001266198,0.,0.377520403422));
#8020 = PCURVE('',#72,#8021);
#8021 = DEFINITIONAL_REPRESENTATION('',(#8022),#8026);
#8022 = LINE('',#8023,#8024);
#8023 = CARTESIAN_POINT('',(6.603738121421,18.282676384312));
#8024 = VECTOR('',#8025,1.);
#8025 = DIRECTION('',(-0.377520403422,0.926001266198));
#8026 = ( GEOMETRIC_REPRESENTATION_CONTEXT(2) 
PARAMETRIC_REPRESENTATION_CONTEXT() REPRESENTATION_CONTEXT('2D SPACE',''
  ) );
#8027 = PCURVE('',#4450,#8028);
#8028 = DEFINITIONAL_REPRESENTATION('',(#8029),#8033);
#8029 = LINE('',#8030,#8031);
#8030 = CARTESIAN_POINT('',(0.,-12.));
#8031 = VECTOR('',#8032,1.);
#8032 = DIRECTION('',(1.,0.));
#8033 = ( GEOMETRIC_REPRESENTATION_CONTEXT(2) 
PARAMETRIC_REPRESENTATION_CONTEXT() REPRESENTATION_CONTEXT('2D SPACE',''
  ) );
#8034 = ORIENTED_EDGE('',*,*,#8035,.T.);
#8035 = EDGE_CURVE('',#8013,#8036,#8038,.T.);
#8036 = VERTEX_POINT('',#8037);
#8037 = CARTESIAN_POINT('',(381.9796974182,388.,369.35548585969));
#8038 = SURFACE_CURVE('',#8039,(#8043,#8050),.PCURVE_S1.);
#8039 = LINE('',#8040,#8041);
#8040 = CARTESIAN_POINT('',(381.73628061831,388.,368.48888013609));
#8041 = VECTOR('',#8042,1.);
#8042 = DIRECTION('',(0.270420177916,0.,0.962742399282));
#8043 = PCURVE('',#72,#8044);
#8044 = DEFINITIONAL_REPRESENTATION('',(#8045),#8049);
#8045 = LINE('',#8046,#8047);
#8046 = CARTESIAN_POINT('',(6.011119863901,19.736280618313));
#8047 = VECTOR('',#8048,1.);
#8048 = DIRECTION('',(-0.962742399282,0.270420177916));
#8049 = ( GEOMETRIC_REPRESENTATION_CONTEXT(2) 
PARAMETRIC_REPRESENTATION_CONTEXT() REPRESENTATION_CONTEXT('2D SPACE',''
  ) );
#8050 = PCURVE('',#4478,#8051);
#8051 = DEFINITIONAL_REPRESENTATION('',(#8052),#8056);
#8052 = LINE('',#8053,#8054);
#8053 = CARTESIAN_POINT('',(0.,-12.));
#8054 = VECTOR('',#8055,1.);
#8055 = DIRECTION('',(1.,0.));
#8056 = ( GEOMETRIC_REPRESENTATION_CONTEXT(2) 
PARAMETRIC_REPRESENTATION_CONTEXT() REPRESENTATION_CONTEXT('2D SPACE',''
  ) );
#8057 = ORIENTED_EDGE('',*,*,#8058,.T.);
#8058 = EDGE_CURVE('',#8036,#8059,#8061,.T.);
#8059 = VERTEX_POINT('',#8060);
#8060 = CARTESIAN_POINT('',(382.18508172849,388.,370.23188445835));
#8061 = SURFACE_CURVE('',#8062,(#8066,#8073),.PCURVE_S1.);
#8062 = LINE('',#8063,#8064);
#8063 = CARTESIAN_POINT('',(381.9796974182,388.,369.35548585969));
#8064 = VECTOR('',#8065,1.);
#8065 = DIRECTION('',(0.228168564179,0.,0.973621644336));
#8066 = PCURVE('',#72,#8067);
#8067 = DEFINITIONAL_REPRESENTATION('',(#8068),#8072);
#8068 = LINE('',#8069,#8070);
#8069 = CARTESIAN_POINT('',(5.144514140304,19.979697418209));
#8070 = VECTOR('',#8071,1.);
#8071 = DIRECTION('',(-0.973621644336,0.228168564179));
#8072 = ( GEOMETRIC_REPRESENTATION_CONTEXT(2) 
PARAMETRIC_REPRESENTATION_CONTEXT() REPRESENTATION_CONTEXT('2D SPACE',''
  ) );
#8073 = PCURVE('',#4506,#8074);
#8074 = DEFINITIONAL_REPRESENTATION('',(#8075),#8079);
#8075 = LINE('',#8076,#8077);
#8076 = CARTESIAN_POINT('',(0.,-12.));
#8077 = VECTOR('',#8078,1.);
#8078 = DIRECTION('',(1.,0.));
#8079 = ( GEOMETRIC_REPRESENTATION_CONTEXT(2) 
PARAMETRIC_REPRESENTATION_CONTEXT() REPRESENTATION_CONTEXT('2D SPACE',''
  ) );
#8080 = ORIENTED_EDGE('',*,*,#8081,.T.);
#8081 = EDGE_CURVE('',#8059,#8082,#8084,.T.);
#8082 = VERTEX_POINT('',#8083);
#8083 = CARTESIAN_POINT('',(382.35204258847,388.,371.11640765752));
#8084 = SURFACE_CURVE('',#8085,(#8089,#8096),.PCURVE_S1.);
#8085 = LINE('',#8086,#8087);
#8086 = CARTESIAN_POINT('',(382.18508172849,388.,370.23188445835));
#8087 = VECTOR('',#8088,1.);
#8088 = DIRECTION('',(0.185482618612,0.,0.982647545253));
#8089 = PCURVE('',#72,#8090);
#8090 = DEFINITIONAL_REPRESENTATION('',(#8091),#8095);
#8091 = LINE('',#8092,#8093);
#8092 = CARTESIAN_POINT('',(4.268115541647,20.185081728498));
#8093 = VECTOR('',#8094,1.);
#8094 = DIRECTION('',(-0.982647545253,0.185482618612));
#8095 = ( GEOMETRIC_REPRESENTATION_CONTEXT(2) 
PARAMETRIC_REPRESENTATION_CONTEXT() REPRESENTATION_CONTEXT('2D SPACE',''
  ) );
#8096 = PCURVE('',#4534,#8097);
#8097 = DEFINITIONAL_REPRESENTATION('',(#8098),#8102);
#8098 = LINE('',#8099,#8100);
#8099 = CARTESIAN_POINT('',(0.,-12.));
#8100 = VECTOR('',#8101,1.);
#8101 = DIRECTION('',(1.,0.));
#8102 = ( GEOMETRIC_REPRESENTATION_CONTEXT(2) 
PARAMETRIC_REPRESENTATION_CONTEXT() REPRESENTATION_CONTEXT('2D SPACE',''
  ) );
#8103 = ORIENTED_EDGE('',*,*,#8104,.T.);
#8104 = EDGE_CURVE('',#8082,#144,#8105,.T.);
#8105 = SURFACE_CURVE('',#8106,(#8110,#8117),.PCURVE_S1.);
#8106 = LINE('',#8107,#8108);
#8107 = CARTESIAN_POINT('',(382.35204258847,388.,371.11640765752));
#8108 = VECTOR('',#8109,1.);
#8109 = DIRECTION('',(0.142443596339,0.,0.989802920718));
#8110 = PCURVE('',#72,#8111);
#8111 = DEFINITIONAL_REPRESENTATION('',(#8112),#8116);
#8112 = LINE('',#8113,#8114);
#8113 = CARTESIAN_POINT('',(3.383592342472,20.352042588471));
#8114 = VECTOR('',#8115,1.);
#8115 = DIRECTION('',(-0.989802920718,0.142443596339));
#8116 = ( GEOMETRIC_REPRESENTATION_CONTEXT(2) 
PARAMETRIC_REPRESENTATION_CONTEXT() REPRESENTATION_CONTEXT('2D SPACE',''
  ) );
#8117 = PCURVE('',#159,#8118);
#8118 = DEFINITIONAL_REPRESENTATION('',(#8119),#8123);
#8119 = LINE('',#8120,#8121);
#8120 = CARTESIAN_POINT('',(0.,-12.));
#8121 = VECTOR('',#8122,1.);
#8122 = DIRECTION('',(1.,0.));
#8123 = ( GEOMETRIC_REPRESENTATION_CONTEXT(2) 
PARAMETRIC_REPRESENTATION_CONTEXT() REPRESENTATION_CONTEXT('2D SPACE',''
  ) );
#8124 = ORIENTED_EDGE('',*,*,#171,.T.);
#8125 = FACE_BOUND('',#8126,.F.);
#8126 = EDGE_LOOP('',(#8127));
#8127 = ORIENTED_EDGE('',*,*,#8128,.T.);
#8128 = EDGE_CURVE('',#8129,#8129,#8131,.T.);
#8129 = VERTEX_POINT('',#8130);
#8130 = CARTESIAN_POINT('',(362.,388.,387.38062089356));
#8131 = SURFACE_CURVE('',#8132,(#8137,#8148),.PCURVE_S1.);
#8132 = CIRCLE('',#8133,12.880620893565);
#8133 = AXIS2_PLACEMENT_3D('',#8134,#8135,#8136);
#8134 = CARTESIAN_POINT('',(362.,388.,374.5));
#8135 = DIRECTION('',(0.,1.,0.));
#8136 = DIRECTION('',(0.,-0.,1.));
#8137 = PCURVE('',#72,#8138);
#8138 = DEFINITIONAL_REPRESENTATION('',(#8139),#8147);
#8139 = ( BOUNDED_CURVE() B_SPLINE_CURVE(2,(#8140,#8141,#8142,#8143,
#8144,#8145,#8146),.UNSPECIFIED.,.T.,.F.) B_SPLINE_CURVE_WITH_KNOTS((1,2
    ,2,2,2,1),(-2.094395102393,0.,2.094395102393,4.188790204786,
6.28318530718,8.377580409573),.UNSPECIFIED.) CURVE() 
GEOMETRIC_REPRESENTATION_ITEM() RATIONAL_B_SPLINE_CURVE((1.,0.5,1.,0.5,
1.,0.5,1.)) REPRESENTATION_ITEM('') );
#8140 = CARTESIAN_POINT('',(-12.88062089356,0.));
#8141 = CARTESIAN_POINT('',(-12.88062089356,22.309889820687));
#8142 = CARTESIAN_POINT('',(6.440310446782,11.154944910344));
#8143 = CARTESIAN_POINT('',(25.761241787129,3.154842229667E-15));
#8144 = CARTESIAN_POINT('',(6.440310446782,-11.15494491034));
#8145 = CARTESIAN_POINT('',(-12.88062089356,-22.30988982068));
#8146 = CARTESIAN_POINT('',(-12.88062089356,0.));
#8147 = ( GEOMETRIC_REPRESENTATION_CONTEXT(2) 
PARAMETRIC_REPRESENTATION_CONTEXT() REPRESENTATION_CONTEXT('2D SPACE',''
  ) );
#8148 = PCURVE('',#8149,#8154);
#8149 = CYLINDRICAL_SURFACE('',#8150,12.880620893565);
#8150 = AXIS2_PLACEMENT_3D('',#8151,#8152,#8153);
#8151 = CARTESIAN_POINT('',(362.,387.,374.5));
#8152 = DIRECTION('',(0.,1.,0.));
#8153 = DIRECTION('',(0.,-0.,1.));
#8154 = DEFINITIONAL_REPRESENTATION('',(#8155),#8159);
#8155 = LINE('',#8156,#8157);
#8156 = CARTESIAN_POINT('',(0.,1.));
#8157 = VECTOR('',#8158,1.);
#8158 = DIRECTION('',(1.,0.));
#8159 = ( GEOMETRIC_REPRESENTATION_CONTEXT(2) 
PARAMETRIC_REPRESENTATION_CONTEXT() REPRESENTATION_CONTEXT('2D SPACE',''
  ) );
#8160 = ADVANCED_FACE('',(#8161),#159,.T.);
#8161 = FACE_BOUND('',#8162,.T.);
#8162 = EDGE_LOOP('',(#8163,#8184,#8185,#8186));
#8163 = ORIENTED_EDGE('',*,*,#8164,.T.);
#8164 = EDGE_CURVE('',#4519,#8082,#8165,.T.);
#8165 = SURFACE_CURVE('',#8166,(#8170,#8177),.PCURVE_S1.);
#8166 = LINE('',#8167,#8168);
#8167 = CARTESIAN_POINT('',(382.35204258847,376.,371.11640765752));
#8168 = VECTOR('',#8169,1.);
#8169 = DIRECTION('',(0.,1.,0.));
#8170 = PCURVE('',#159,#8171);
#8171 = DEFINITIONAL_REPRESENTATION('',(#8172),#8176);
#8172 = LINE('',#8173,#8174);
#8173 = CARTESIAN_POINT('',(0.,0.));
#8174 = VECTOR('',#8175,1.);
#8175 = DIRECTION('',(0.,-1.));
#8176 = ( GEOMETRIC_REPRESENTATION_CONTEXT(2) 
PARAMETRIC_REPRESENTATION_CONTEXT() REPRESENTATION_CONTEXT('2D SPACE',''
  ) );
#8177 = PCURVE('',#4534,#8178);
#8178 = DEFINITIONAL_REPRESENTATION('',(#8179),#8183);
#8179 = LINE('',#8180,#8181);
#8180 = CARTESIAN_POINT('',(0.900142887903,0.));
#8181 = VECTOR('',#8182,1.);
#8182 = DIRECTION('',(0.,-1.));
#8183 = ( GEOMETRIC_REPRESENTATION_CONTEXT(2) 
PARAMETRIC_REPRESENTATION_CONTEXT() REPRESENTATION_CONTEXT('2D SPACE',''
  ) );
#8184 = ORIENTED_EDGE('',*,*,#8104,.T.);
#8185 = ORIENTED_EDGE('',*,*,#141,.F.);
#8186 = ORIENTED_EDGE('',*,*,#4546,.F.);
#8187 = ADVANCED_FACE('',(#8188),#257,.T.);
#8188 = FACE_BOUND('',#8189,.T.);
#8189 = EDGE_LOOP('',(#8190,#8191,#8192,#8213));
#8190 = ORIENTED_EDGE('',*,*,#241,.T.);
#8191 = ORIENTED_EDGE('',*,*,#4608,.T.);
#8192 = ORIENTED_EDGE('',*,*,#8193,.F.);
#8193 = EDGE_CURVE('',#296,#4609,#8194,.T.);
#8194 = SURFACE_CURVE('',#8195,(#8199,#8206),.PCURVE_S1.);
#8195 = LINE('',#8196,#8197);
#8196 = CARTESIAN_POINT('',(377.81330327707,376.,375.72767080374));
#8197 = VECTOR('',#8198,1.);
#8198 = DIRECTION('',(0.,1.,0.));
#8199 = PCURVE('',#257,#8200);
#8200 = DEFINITIONAL_REPRESENTATION('',(#8201),#8205);
#8201 = LINE('',#8202,#8203);
#8202 = CARTESIAN_POINT('',(1.228592614404,0.));
#8203 = VECTOR('',#8204,1.);
#8204 = DIRECTION('',(0.,-1.));
#8205 = ( GEOMETRIC_REPRESENTATION_CONTEXT(2) 
PARAMETRIC_REPRESENTATION_CONTEXT() REPRESENTATION_CONTEXT('2D SPACE',''
  ) );
#8206 = PCURVE('',#334,#8207);
#8207 = DEFINITIONAL_REPRESENTATION('',(#8208),#8212);
#8208 = LINE('',#8209,#8210);
#8209 = CARTESIAN_POINT('',(0.,0.));
#8210 = VECTOR('',#8211,1.);
#8211 = DIRECTION('',(0.,-1.));
#8212 = ( GEOMETRIC_REPRESENTATION_CONTEXT(2) 
PARAMETRIC_REPRESENTATION_CONTEXT() REPRESENTATION_CONTEXT('2D SPACE',''
  ) );
#8213 = ORIENTED_EDGE('',*,*,#295,.F.);
#8214 = ADVANCED_FACE('',(#8215),#4534,.T.);
#8215 = FACE_BOUND('',#8216,.T.);
#8216 = EDGE_LOOP('',(#8217,#8238,#8239,#8240));
#8217 = ORIENTED_EDGE('',*,*,#8218,.T.);
#8218 = EDGE_CURVE('',#4491,#8059,#8219,.T.);
#8219 = SURFACE_CURVE('',#8220,(#8224,#8231),.PCURVE_S1.);
#8220 = LINE('',#8221,#8222);
#8221 = CARTESIAN_POINT('',(382.18508172849,376.,370.23188445835));
#8222 = VECTOR('',#8223,1.);
#8223 = DIRECTION('',(0.,1.,0.));
#8224 = PCURVE('',#4534,#8225);
#8225 = DEFINITIONAL_REPRESENTATION('',(#8226),#8230);
#8226 = LINE('',#8227,#8228);
#8227 = CARTESIAN_POINT('',(0.,0.));
#8228 = VECTOR('',#8229,1.);
#8229 = DIRECTION('',(0.,-1.));
#8230 = ( GEOMETRIC_REPRESENTATION_CONTEXT(2) 
PARAMETRIC_REPRESENTATION_CONTEXT() REPRESENTATION_CONTEXT('2D SPACE',''
  ) );
#8231 = PCURVE('',#4506,#8232);
#8232 = DEFINITIONAL_REPRESENTATION('',(#8233),#8237);
#8233 = LINE('',#8234,#8235);
#8234 = CARTESIAN_POINT('',(0.900142887903,0.));
#8235 = VECTOR('',#8236,1.);
#8236 = DIRECTION('',(0.,-1.));
#8237 = ( GEOMETRIC_REPRESENTATION_CONTEXT(2) 
PARAMETRIC_REPRESENTATION_CONTEXT() REPRESENTATION_CONTEXT('2D SPACE',''
  ) );
#8238 = ORIENTED_EDGE('',*,*,#8081,.T.);
#8239 = ORIENTED_EDGE('',*,*,#8164,.F.);
#8240 = ORIENTED_EDGE('',*,*,#4518,.F.);
#8241 = ADVANCED_FACE('',(#8242),#334,.T.);
#8242 = FACE_BOUND('',#8243,.T.);
#8243 = EDGE_LOOP('',(#8244,#8245,#8246,#8267));
#8244 = ORIENTED_EDGE('',*,*,#8193,.T.);
#8245 = ORIENTED_EDGE('',*,*,#4631,.T.);
#8246 = ORIENTED_EDGE('',*,*,#8247,.F.);
#8247 = EDGE_CURVE('',#319,#4632,#8248,.T.);
#8248 = SURFACE_CURVE('',#8249,(#8253,#8260),.PCURVE_S1.);
#8249 = LINE('',#8250,#8251);
#8250 = CARTESIAN_POINT('',(377.67083764448,376.,376.94797541968));
#8251 = VECTOR('',#8252,1.);
#8252 = DIRECTION('',(0.,1.,0.));
#8253 = PCURVE('',#334,#8254);
#8254 = DEFINITIONAL_REPRESENTATION('',(#8255),#8259);
#8255 = LINE('',#8256,#8257);
#8256 = CARTESIAN_POINT('',(1.228592614404,0.));
#8257 = VECTOR('',#8258,1.);
#8258 = DIRECTION('',(0.,-1.));
#8259 = ( GEOMETRIC_REPRESENTATION_CONTEXT(2) 
PARAMETRIC_REPRESENTATION_CONTEXT() REPRESENTATION_CONTEXT('2D SPACE',''
  ) );
#8260 = PCURVE('',#362,#8261);
#8261 = DEFINITIONAL_REPRESENTATION('',(#8262),#8266);
#8262 = LINE('',#8263,#8264);
#8263 = CARTESIAN_POINT('',(0.,0.));
#8264 = VECTOR('',#8265,1.);
#8265 = DIRECTION('',(0.,-1.));
#8266 = ( GEOMETRIC_REPRESENTATION_CONTEXT(2) 
PARAMETRIC_REPRESENTATION_CONTEXT() REPRESENTATION_CONTEXT('2D SPACE',''
  ) );
#8267 = ORIENTED_EDGE('',*,*,#318,.F.);
#8268 = ADVANCED_FACE('',(#8269),#4506,.T.);
#8269 = FACE_BOUND('',#8270,.T.);
#8270 = EDGE_LOOP('',(#8271,#8292,#8293,#8294));
#8271 = ORIENTED_EDGE('',*,*,#8272,.T.);
#8272 = EDGE_CURVE('',#4463,#8036,#8273,.T.);
#8273 = SURFACE_CURVE('',#8274,(#8278,#8285),.PCURVE_S1.);
#8274 = LINE('',#8275,#8276);
#8275 = CARTESIAN_POINT('',(381.9796974182,376.,369.35548585969));
#8276 = VECTOR('',#8277,1.);
#8277 = DIRECTION('',(0.,1.,0.));
#8278 = PCURVE('',#4506,#8279);
#8279 = DEFINITIONAL_REPRESENTATION('',(#8280),#8284);
#8280 = LINE('',#8281,#8282);
#8281 = CARTESIAN_POINT('',(0.,0.));
#8282 = VECTOR('',#8283,1.);
#8283 = DIRECTION('',(0.,-1.));
#8284 = ( GEOMETRIC_REPRESENTATION_CONTEXT(2) 
PARAMETRIC_REPRESENTATION_CONTEXT() REPRESENTATION_CONTEXT('2D SPACE',''
  ) );
#8285 = PCURVE('',#4478,#8286);
#8286 = DEFINITIONAL_REPRESENTATION('',(#8287),#8291);
#8287 = LINE('',#8288,#8289);
#8288 = CARTESIAN_POINT('',(0.900142887903,0.));
#8289 = VECTOR('',#8290,1.);
#8290 = DIRECTION('',(0.,-1.));
#8291 = ( GEOMETRIC_REPRESENTATION_CONTEXT(2) 
PARAMETRIC_REPRESENTATION_CONTEXT() REPRESENTATION_CONTEXT('2D SPACE',''
  ) );
#8292 = ORIENTED_EDGE('',*,*,#8058,.T.);
#8293 = ORIENTED_EDGE('',*,*,#8218,.F.);
#8294 = ORIENTED_EDGE('',*,*,#4490,.F.);
#8295 = ADVANCED_FACE('',(#8296),#362,.T.);
#8296 = FACE_BOUND('',#8297,.T.);
#8297 = EDGE_LOOP('',(#8298,#8299,#8300,#8321));
#8298 = ORIENTED_EDGE('',*,*,#8247,.T.);
#8299 = ORIENTED_EDGE('',*,*,#4654,.T.);
#8300 = ORIENTED_EDGE('',*,*,#8301,.F.);
#8301 = EDGE_CURVE('',#347,#4655,#8302,.T.);
#8302 = SURFACE_CURVE('',#8303,(#8307,#8314),.PCURVE_S1.);
#8303 = LINE('',#8304,#8305);
#8304 = CARTESIAN_POINT('',(378.82940082589,376.,377.25564539212));
#8305 = VECTOR('',#8306,1.);
#8306 = DIRECTION('',(0.,1.,0.));
#8307 = PCURVE('',#362,#8308);
#8308 = DEFINITIONAL_REPRESENTATION('',(#8309),#8313);
#8309 = LINE('',#8310,#8311);
#8310 = CARTESIAN_POINT('',(1.198719924449,0.));
#8311 = VECTOR('',#8312,1.);
#8312 = DIRECTION('',(0.,-1.));
#8313 = ( GEOMETRIC_REPRESENTATION_CONTEXT(2) 
PARAMETRIC_REPRESENTATION_CONTEXT() REPRESENTATION_CONTEXT('2D SPACE',''
  ) );
#8314 = PCURVE('',#390,#8315);
#8315 = DEFINITIONAL_REPRESENTATION('',(#8316),#8320);
#8316 = LINE('',#8317,#8318);
#8317 = CARTESIAN_POINT('',(0.,0.));
#8318 = VECTOR('',#8319,1.);
#8319 = DIRECTION('',(0.,-1.));
#8320 = ( GEOMETRIC_REPRESENTATION_CONTEXT(2) 
PARAMETRIC_REPRESENTATION_CONTEXT() REPRESENTATION_CONTEXT('2D SPACE',''
  ) );
#8321 = ORIENTED_EDGE('',*,*,#346,.F.);
#8322 = ADVANCED_FACE('',(#8323),#4478,.T.);
#8323 = FACE_BOUND('',#8324,.T.);
#8324 = EDGE_LOOP('',(#8325,#8346,#8347,#8348));
#8325 = ORIENTED_EDGE('',*,*,#8326,.T.);
#8326 = EDGE_CURVE('',#4435,#8013,#8327,.T.);
#8327 = SURFACE_CURVE('',#8328,(#8332,#8339),.PCURVE_S1.);
#8328 = LINE('',#8329,#8330);
#8329 = CARTESIAN_POINT('',(381.73628061831,376.,368.48888013609));
#8330 = VECTOR('',#8331,1.);
#8331 = DIRECTION('',(0.,1.,0.));
#8332 = PCURVE('',#4478,#8333);
#8333 = DEFINITIONAL_REPRESENTATION('',(#8334),#8338);
#8334 = LINE('',#8335,#8336);
#8335 = CARTESIAN_POINT('',(0.,0.));
#8336 = VECTOR('',#8337,1.);
#8337 = DIRECTION('',(0.,-1.));
#8338 = ( GEOMETRIC_REPRESENTATION_CONTEXT(2) 
PARAMETRIC_REPRESENTATION_CONTEXT() REPRESENTATION_CONTEXT('2D SPACE',''
  ) );
#8339 = PCURVE('',#4450,#8340);
#8340 = DEFINITIONAL_REPRESENTATION('',(#8341),#8345);
#8341 = LINE('',#8342,#8343);
#8342 = CARTESIAN_POINT('',(1.569764844889,0.));
#8343 = VECTOR('',#8344,1.);
#8344 = DIRECTION('',(0.,-1.));
#8345 = ( GEOMETRIC_REPRESENTATION_CONTEXT(2) 
PARAMETRIC_REPRESENTATION_CONTEXT() REPRESENTATION_CONTEXT('2D SPACE',''
  ) );
#8346 = ORIENTED_EDGE('',*,*,#8035,.T.);
#8347 = ORIENTED_EDGE('',*,*,#8272,.F.);
#8348 = ORIENTED_EDGE('',*,*,#4462,.F.);
#8349 = ADVANCED_FACE('',(#8350),#390,.T.);
#8350 = FACE_BOUND('',#8351,.T.);
#8351 = EDGE_LOOP('',(#8352,#8353,#8354,#8375));
#8352 = ORIENTED_EDGE('',*,*,#8301,.T.);
#8353 = ORIENTED_EDGE('',*,*,#4677,.T.);
#8354 = ORIENTED_EDGE('',*,*,#8355,.F.);
#8355 = EDGE_CURVE('',#375,#4678,#8356,.T.);
#8356 = SURFACE_CURVE('',#8357,(#8361,#8368),.PCURVE_S1.);
#8357 = LINE('',#8358,#8359);
#8358 = CARTESIAN_POINT('',(379.98422834805,376.,377.58044423459));
#8359 = VECTOR('',#8360,1.);
#8360 = DIRECTION('',(0.,1.,0.));
#8361 = PCURVE('',#390,#8362);
#8362 = DEFINITIONAL_REPRESENTATION('',(#8363),#8367);
#8363 = LINE('',#8364,#8365);
#8364 = CARTESIAN_POINT('',(1.199633649912,0.));
#8365 = VECTOR('',#8366,1.);
#8366 = DIRECTION('',(0.,-1.));
#8367 = ( GEOMETRIC_REPRESENTATION_CONTEXT(2) 
PARAMETRIC_REPRESENTATION_CONTEXT() REPRESENTATION_CONTEXT('2D SPACE',''
  ) );
#8368 = PCURVE('',#418,#8369);
#8369 = DEFINITIONAL_REPRESENTATION('',(#8370),#8374);
#8370 = LINE('',#8371,#8372);
#8371 = CARTESIAN_POINT('',(0.,0.));
#8372 = VECTOR('',#8373,1.);
#8373 = DIRECTION('',(0.,-1.));
#8374 = ( GEOMETRIC_REPRESENTATION_CONTEXT(2) 
PARAMETRIC_REPRESENTATION_CONTEXT() REPRESENTATION_CONTEXT('2D SPACE',''
  ) );
#8375 = ORIENTED_EDGE('',*,*,#374,.F.);
#8376 = ADVANCED_FACE('',(#8377),#4450,.T.);
#8377 = FACE_BOUND('',#8378,.T.);
#8378 = EDGE_LOOP('',(#8379,#8400,#8401,#8402));
#8379 = ORIENTED_EDGE('',*,*,#8380,.T.);
#8380 = EDGE_CURVE('',#4407,#7990,#8381,.T.);
#8381 = SURFACE_CURVE('',#8382,(#8386,#8393),.PCURVE_S1.);
#8382 = LINE('',#8383,#8384);
#8383 = CARTESIAN_POINT('',(380.28267638431,376.,367.89626187857));
#8384 = VECTOR('',#8385,1.);
#8385 = DIRECTION('',(0.,1.,0.));
#8386 = PCURVE('',#4450,#8387);
#8387 = DEFINITIONAL_REPRESENTATION('',(#8388),#8392);
#8388 = LINE('',#8389,#8390);
#8389 = CARTESIAN_POINT('',(0.,0.));
#8390 = VECTOR('',#8391,1.);
#8391 = DIRECTION('',(0.,-1.));
#8392 = ( GEOMETRIC_REPRESENTATION_CONTEXT(2) 
PARAMETRIC_REPRESENTATION_CONTEXT() REPRESENTATION_CONTEXT('2D SPACE',''
  ) );
#8393 = PCURVE('',#4422,#8394);
#8394 = DEFINITIONAL_REPRESENTATION('',(#8395),#8399);
#8395 = LINE('',#8396,#8397);
#8396 = CARTESIAN_POINT('',(1.200610506126,0.));
#8397 = VECTOR('',#8398,1.);
#8398 = DIRECTION('',(0.,-1.));
#8399 = ( GEOMETRIC_REPRESENTATION_CONTEXT(2) 
PARAMETRIC_REPRESENTATION_CONTEXT() REPRESENTATION_CONTEXT('2D SPACE',''
  ) );
#8400 = ORIENTED_EDGE('',*,*,#8012,.T.);
#8401 = ORIENTED_EDGE('',*,*,#8326,.F.);
#8402 = ORIENTED_EDGE('',*,*,#4434,.F.);
#8403 = ADVANCED_FACE('',(#8404),#418,.T.);
#8404 = FACE_BOUND('',#8405,.T.);
#8405 = EDGE_LOOP('',(#8406,#8407,#8408,#8429));
#8406 = ORIENTED_EDGE('',*,*,#8355,.T.);
#8407 = ORIENTED_EDGE('',*,*,#4700,.T.);
#8408 = ORIENTED_EDGE('',*,*,#8409,.F.);
#8409 = EDGE_CURVE('',#403,#4701,#8410,.T.);
#8410 = SURFACE_CURVE('',#8411,(#8415,#8422),.PCURVE_S1.);
#8411 = LINE('',#8412,#8413);
#8412 = CARTESIAN_POINT('',(381.13513125869,376.,377.92233321906));
#8413 = VECTOR('',#8414,1.);
#8414 = DIRECTION('',(0.,1.,0.));
#8415 = PCURVE('',#418,#8416);
#8416 = DEFINITIONAL_REPRESENTATION('',(#8417),#8421);
#8417 = LINE('',#8418,#8419);
#8418 = CARTESIAN_POINT('',(1.200610506126,0.));
#8419 = VECTOR('',#8420,1.);
#8420 = DIRECTION('',(0.,-1.));
#8421 = ( GEOMETRIC_REPRESENTATION_CONTEXT(2) 
PARAMETRIC_REPRESENTATION_CONTEXT() REPRESENTATION_CONTEXT('2D SPACE',''
  ) );
#8422 = PCURVE('',#446,#8423);
#8423 = DEFINITIONAL_REPRESENTATION('',(#8424),#8428);
#8424 = LINE('',#8425,#8426);
#8425 = CARTESIAN_POINT('',(0.,0.));
#8426 = VECTOR('',#8427,1.);
#8427 = DIRECTION('',(0.,-1.));
#8428 = ( GEOMETRIC_REPRESENTATION_CONTEXT(2) 
PARAMETRIC_REPRESENTATION_CONTEXT() REPRESENTATION_CONTEXT('2D SPACE',''
  ) );
#8429 = ORIENTED_EDGE('',*,*,#402,.F.);
#8430 = ADVANCED_FACE('',(#8431),#4422,.T.);
#8431 = FACE_BOUND('',#8432,.T.);
#8432 = EDGE_LOOP('',(#8433,#8454,#8455,#8456));
#8433 = ORIENTED_EDGE('',*,*,#8434,.T.);
#8434 = EDGE_CURVE('',#4379,#7967,#8435,.T.);
#8435 = SURFACE_CURVE('',#8436,(#8440,#8447),.PCURVE_S1.);
#8436 = LINE('',#8437,#8438);
#8437 = CARTESIAN_POINT('',(379.11502073417,376.,368.17562878807));
#8438 = VECTOR('',#8439,1.);
#8439 = DIRECTION('',(0.,1.,0.));
#8440 = PCURVE('',#4422,#8441);
#8441 = DEFINITIONAL_REPRESENTATION('',(#8442),#8446);
#8442 = LINE('',#8443,#8444);
#8443 = CARTESIAN_POINT('',(0.,0.));
#8444 = VECTOR('',#8445,1.);
#8445 = DIRECTION('',(0.,-1.));
#8446 = ( GEOMETRIC_REPRESENTATION_CONTEXT(2) 
PARAMETRIC_REPRESENTATION_CONTEXT() REPRESENTATION_CONTEXT('2D SPACE',''
  ) );
#8447 = PCURVE('',#4394,#8448);
#8448 = DEFINITIONAL_REPRESENTATION('',(#8449),#8453);
#8449 = LINE('',#8450,#8451);
#8450 = CARTESIAN_POINT('',(1.199633649912,0.));
#8451 = VECTOR('',#8452,1.);
#8452 = DIRECTION('',(0.,-1.));
#8453 = ( GEOMETRIC_REPRESENTATION_CONTEXT(2) 
PARAMETRIC_REPRESENTATION_CONTEXT() REPRESENTATION_CONTEXT('2D SPACE',''
  ) );
#8454 = ORIENTED_EDGE('',*,*,#7989,.T.);
#8455 = ORIENTED_EDGE('',*,*,#8380,.F.);
#8456 = ORIENTED_EDGE('',*,*,#4406,.F.);
#8457 = ADVANCED_FACE('',(#8458),#446,.T.);
#8458 = FACE_BOUND('',#8459,.T.);
#8459 = EDGE_LOOP('',(#8460,#8461,#8462,#8483));
#8460 = ORIENTED_EDGE('',*,*,#8409,.T.);
#8461 = ORIENTED_EDGE('',*,*,#4723,.T.);
#8462 = ORIENTED_EDGE('',*,*,#8463,.F.);
#8463 = EDGE_CURVE('',#431,#4724,#8464,.T.);
#8464 = SURFACE_CURVE('',#8465,(#8469,#8476),.PCURVE_S1.);
#8465 = LINE('',#8466,#8467);
#8466 = CARTESIAN_POINT('',(382.09768032362,376.,379.16235780182));
#8467 = VECTOR('',#8468,1.);
#8468 = DIRECTION('',(0.,1.,0.));
#8469 = PCURVE('',#446,#8470);
#8470 = DEFINITIONAL_REPRESENTATION('',(#8471),#8475);
#8471 = LINE('',#8472,#8473);
#8472 = CARTESIAN_POINT('',(1.569764844889,0.));
#8473 = VECTOR('',#8474,1.);
#8474 = DIRECTION('',(0.,-1.));
#8475 = ( GEOMETRIC_REPRESENTATION_CONTEXT(2) 
PARAMETRIC_REPRESENTATION_CONTEXT() REPRESENTATION_CONTEXT('2D SPACE',''
  ) );
#8476 = PCURVE('',#474,#8477);
#8477 = DEFINITIONAL_REPRESENTATION('',(#8478),#8482);
#8478 = LINE('',#8479,#8480);
#8479 = CARTESIAN_POINT('',(0.,0.));
#8480 = VECTOR('',#8481,1.);
#8481 = DIRECTION('',(0.,-1.));
#8482 = ( GEOMETRIC_REPRESENTATION_CONTEXT(2) 
PARAMETRIC_REPRESENTATION_CONTEXT() REPRESENTATION_CONTEXT('2D SPACE',''
  ) );
#8483 = ORIENTED_EDGE('',*,*,#430,.F.);
#8484 = ADVANCED_FACE('',(#8485),#4394,.T.);
#8485 = FACE_BOUND('',#8486,.T.);
#8486 = EDGE_LOOP('',(#8487,#8508,#8509,#8510));
#8487 = ORIENTED_EDGE('',*,*,#8488,.T.);
#8488 = EDGE_CURVE('',#4351,#7944,#8489,.T.);
#8489 = SURFACE_CURVE('',#8490,(#8494,#8501),.PCURVE_S1.);
#8490 = LINE('',#8491,#8492);
#8491 = CARTESIAN_POINT('',(377.95251134176,376.,368.47175850045));
#8492 = VECTOR('',#8493,1.);
#8493 = DIRECTION('',(0.,1.,0.));
#8494 = PCURVE('',#4394,#8495);
#8495 = DEFINITIONAL_REPRESENTATION('',(#8496),#8500);
#8496 = LINE('',#8497,#8498);
#8497 = CARTESIAN_POINT('',(0.,0.));
#8498 = VECTOR('',#8499,1.);
#8499 = DIRECTION('',(0.,-1.));
#8500 = ( GEOMETRIC_REPRESENTATION_CONTEXT(2) 
PARAMETRIC_REPRESENTATION_CONTEXT() REPRESENTATION_CONTEXT('2D SPACE',''
  ) );
#8501 = PCURVE('',#4366,#8502);
#8502 = DEFINITIONAL_REPRESENTATION('',(#8503),#8507);
#8503 = LINE('',#8504,#8505);
#8504 = CARTESIAN_POINT('',(1.198719924449,0.));
#8505 = VECTOR('',#8506,1.);
#8506 = DIRECTION('',(0.,-1.));
#8507 = ( GEOMETRIC_REPRESENTATION_CONTEXT(2) 
PARAMETRIC_REPRESENTATION_CONTEXT() REPRESENTATION_CONTEXT('2D SPACE',''
  ) );
#8508 = ORIENTED_EDGE('',*,*,#7966,.T.);
#8509 = ORIENTED_EDGE('',*,*,#8434,.F.);
#8510 = ORIENTED_EDGE('',*,*,#4378,.F.);
#8511 = ADVANCED_FACE('',(#8512),#474,.T.);
#8512 = FACE_BOUND('',#8513,.T.);
#8513 = EDGE_LOOP('',(#8514,#8515,#8516,#8537));
#8514 = ORIENTED_EDGE('',*,*,#8463,.T.);
#8515 = ORIENTED_EDGE('',*,*,#4746,.T.);
#8516 = ORIENTED_EDGE('',*,*,#8517,.F.);
#8517 = EDGE_CURVE('',#459,#4747,#8518,.T.);
#8518 = SURFACE_CURVE('',#8519,(#8523,#8530),.PCURVE_S1.);
#8519 = LINE('',#8520,#8521);
#8520 = CARTESIAN_POINT('',(381.87518259424,376.,380.03456877347));
#8521 = VECTOR('',#8522,1.);
#8522 = DIRECTION('',(0.,1.,0.));
#8523 = PCURVE('',#474,#8524);
#8524 = DEFINITIONAL_REPRESENTATION('',(#8525),#8529);
#8525 = LINE('',#8526,#8527);
#8526 = CARTESIAN_POINT('',(0.900142887903,0.));
#8527 = VECTOR('',#8528,1.);
#8528 = DIRECTION('',(0.,-1.));
#8529 = ( GEOMETRIC_REPRESENTATION_CONTEXT(2) 
PARAMETRIC_REPRESENTATION_CONTEXT() REPRESENTATION_CONTEXT('2D SPACE',''
  ) );
#8530 = PCURVE('',#502,#8531);
#8531 = DEFINITIONAL_REPRESENTATION('',(#8532),#8536);
#8532 = LINE('',#8533,#8534);
#8533 = CARTESIAN_POINT('',(0.,0.));
#8534 = VECTOR('',#8535,1.);
#8535 = DIRECTION('',(0.,-1.));
#8536 = ( GEOMETRIC_REPRESENTATION_CONTEXT(2) 
PARAMETRIC_REPRESENTATION_CONTEXT() REPRESENTATION_CONTEXT('2D SPACE',''
  ) );
#8537 = ORIENTED_EDGE('',*,*,#458,.F.);
#8538 = ADVANCED_FACE('',(#8539),#4366,.T.);
#8539 = FACE_BOUND('',#8540,.T.);
#8540 = EDGE_LOOP('',(#8541,#8562,#8563,#8564));
#8541 = ORIENTED_EDGE('',*,*,#8542,.T.);
#8542 = EDGE_CURVE('',#4323,#7921,#8543,.T.);
#8543 = SURFACE_CURVE('',#8544,(#8548,#8555),.PCURVE_S1.);
#8544 = LINE('',#8545,#8546);
#8545 = CARTESIAN_POINT('',(376.79533120854,376.,368.78459007904));
#8546 = VECTOR('',#8547,1.);
#8547 = DIRECTION('',(0.,1.,0.));
#8548 = PCURVE('',#4366,#8549);
#8549 = DEFINITIONAL_REPRESENTATION('',(#8550),#8554);
#8550 = LINE('',#8551,#8552);
#8551 = CARTESIAN_POINT('',(0.,0.));
#8552 = VECTOR('',#8553,1.);
#8553 = DIRECTION('',(0.,-1.));
#8554 = ( GEOMETRIC_REPRESENTATION_CONTEXT(2) 
PARAMETRIC_REPRESENTATION_CONTEXT() REPRESENTATION_CONTEXT('2D SPACE',''
  ) );
#8555 = PCURVE('',#4338,#8556);
#8556 = DEFINITIONAL_REPRESENTATION('',(#8557),#8561);
#8557 = LINE('',#8558,#8559);
#8558 = CARTESIAN_POINT('',(1.228592614404,0.));
#8559 = VECTOR('',#8560,1.);
#8560 = DIRECTION('',(0.,-1.));
#8561 = ( GEOMETRIC_REPRESENTATION_CONTEXT(2) 
PARAMETRIC_REPRESENTATION_CONTEXT() REPRESENTATION_CONTEXT('2D SPACE',''
  ) );
#8562 = ORIENTED_EDGE('',*,*,#7943,.T.);
#8563 = ORIENTED_EDGE('',*,*,#8488,.F.);
#8564 = ORIENTED_EDGE('',*,*,#4350,.F.);
#8565 = ADVANCED_FACE('',(#8566),#502,.T.);
#8566 = FACE_BOUND('',#8567,.T.);
#8567 = EDGE_LOOP('',(#8568,#8569,#8570,#8591));
#8568 = ORIENTED_EDGE('',*,*,#8517,.T.);
#8569 = ORIENTED_EDGE('',*,*,#4769,.T.);
#8570 = ORIENTED_EDGE('',*,*,#8571,.F.);
#8571 = EDGE_CURVE('',#487,#4770,#8572,.T.);
#8572 = SURFACE_CURVE('',#8573,(#8577,#8584),.PCURVE_S1.);
#8573 = LINE('',#8574,#8575);
#8574 = CARTESIAN_POINT('',(381.61485132516,376.,380.89624437889));
#8575 = VECTOR('',#8576,1.);
#8576 = DIRECTION('',(0.,1.,0.));
#8577 = PCURVE('',#502,#8578);
#8578 = DEFINITIONAL_REPRESENTATION('',(#8579),#8583);
#8579 = LINE('',#8580,#8581);
#8580 = CARTESIAN_POINT('',(0.900142887903,0.));
#8581 = VECTOR('',#8582,1.);
#8582 = DIRECTION('',(0.,-1.));
#8583 = ( GEOMETRIC_REPRESENTATION_CONTEXT(2) 
PARAMETRIC_REPRESENTATION_CONTEXT() REPRESENTATION_CONTEXT('2D SPACE',''
  ) );
#8584 = PCURVE('',#530,#8585);
#8585 = DEFINITIONAL_REPRESENTATION('',(#8586),#8590);
#8586 = LINE('',#8587,#8588);
#8587 = CARTESIAN_POINT('',(0.,0.));
#8588 = VECTOR('',#8589,1.);
#8589 = DIRECTION('',(0.,-1.));
#8590 = ( GEOMETRIC_REPRESENTATION_CONTEXT(2) 
PARAMETRIC_REPRESENTATION_CONTEXT() REPRESENTATION_CONTEXT('2D SPACE',''
  ) );
#8591 = ORIENTED_EDGE('',*,*,#486,.F.);
#8592 = ADVANCED_FACE('',(#8593),#4338,.T.);
#8593 = FACE_BOUND('',#8594,.T.);
#8594 = EDGE_LOOP('',(#8595,#8616,#8617,#8618));
#8595 = ORIENTED_EDGE('',*,*,#8596,.T.);
#8596 = EDGE_CURVE('',#4295,#7898,#8597,.T.);
#8597 = SURFACE_CURVE('',#8598,(#8602,#8609),.PCURVE_S1.);
#8598 = LINE('',#8599,#8600);
#8599 = CARTESIAN_POINT('',(376.30855775756,376.,367.65654246498));
#8600 = VECTOR('',#8601,1.);
#8601 = DIRECTION('',(0.,1.,0.));
#8602 = PCURVE('',#4338,#8603);
#8603 = DEFINITIONAL_REPRESENTATION('',(#8604),#8608);
#8604 = LINE('',#8605,#8606);
#8605 = CARTESIAN_POINT('',(0.,0.));
#8606 = VECTOR('',#8607,1.);
#8607 = DIRECTION('',(0.,-1.));
#8608 = ( GEOMETRIC_REPRESENTATION_CONTEXT(2) 
PARAMETRIC_REPRESENTATION_CONTEXT() REPRESENTATION_CONTEXT('2D SPACE',''
  ) );
#8609 = PCURVE('',#4310,#8610);
#8610 = DEFINITIONAL_REPRESENTATION('',(#8611),#8615);
#8611 = LINE('',#8612,#8613);
#8612 = CARTESIAN_POINT('',(1.228592614404,0.));
#8613 = VECTOR('',#8614,1.);
#8614 = DIRECTION('',(0.,-1.));
#8615 = ( GEOMETRIC_REPRESENTATION_CONTEXT(2) 
PARAMETRIC_REPRESENTATION_CONTEXT() REPRESENTATION_CONTEXT('2D SPACE',''
  ) );
#8616 = ORIENTED_EDGE('',*,*,#7920,.T.);
#8617 = ORIENTED_EDGE('',*,*,#8542,.F.);
#8618 = ORIENTED_EDGE('',*,*,#4322,.F.);
#8619 = ADVANCED_FACE('',(#8620),#530,.T.);
#8620 = FACE_BOUND('',#8621,.T.);
#8621 = EDGE_LOOP('',(#8622,#8623,#8624,#8645));
#8622 = ORIENTED_EDGE('',*,*,#8571,.T.);
#8623 = ORIENTED_EDGE('',*,*,#4792,.T.);
#8624 = ORIENTED_EDGE('',*,*,#8625,.F.);
#8625 = EDGE_CURVE('',#515,#4793,#8626,.T.);
#8626 = SURFACE_CURVE('',#8627,(#8631,#8638),.PCURVE_S1.);
#8627 = LINE('',#8628,#8629);
#8628 = CARTESIAN_POINT('',(381.31718207175,376.,381.7457443696));
#8629 = VECTOR('',#8630,1.);
#8630 = DIRECTION('',(0.,1.,0.));
#8631 = PCURVE('',#530,#8632);
#8632 = DEFINITIONAL_REPRESENTATION('',(#8633),#8637);
#8633 = LINE('',#8634,#8635);
#8634 = CARTESIAN_POINT('',(0.900142887903,0.));
#8635 = VECTOR('',#8636,1.);
#8636 = DIRECTION('',(0.,-1.));
#8637 = ( GEOMETRIC_REPRESENTATION_CONTEXT(2) 
PARAMETRIC_REPRESENTATION_CONTEXT() REPRESENTATION_CONTEXT('2D SPACE',''
  ) );
#8638 = PCURVE('',#558,#8639);
#8639 = DEFINITIONAL_REPRESENTATION('',(#8640),#8644);
#8640 = LINE('',#8641,#8642);
#8641 = CARTESIAN_POINT('',(0.,0.));
#8642 = VECTOR('',#8643,1.);
#8643 = DIRECTION('',(0.,-1.));
#8644 = ( GEOMETRIC_REPRESENTATION_CONTEXT(2) 
PARAMETRIC_REPRESENTATION_CONTEXT() REPRESENTATION_CONTEXT('2D SPACE',''
  ) );
#8645 = ORIENTED_EDGE('',*,*,#514,.F.);
#8646 = ADVANCED_FACE('',(#8647),#4310,.T.);
#8647 = FACE_BOUND('',#8648,.T.);
#8648 = EDGE_LOOP('',(#8649,#8670,#8671,#8672));
#8649 = ORIENTED_EDGE('',*,*,#8650,.T.);
#8650 = EDGE_CURVE('',#4267,#7875,#8651,.T.);
#8651 = SURFACE_CURVE('',#8652,(#8656,#8663),.PCURVE_S1.);
#8652 = LINE('',#8653,#8654);
#8653 = CARTESIAN_POINT('',(375.73593106059,376.,366.56955650459));
#8654 = VECTOR('',#8655,1.);
#8655 = DIRECTION('',(0.,1.,0.));
#8656 = PCURVE('',#4310,#8657);
#8657 = DEFINITIONAL_REPRESENTATION('',(#8658),#8662);
#8658 = LINE('',#8659,#8660);
#8659 = CARTESIAN_POINT('',(0.,0.));
#8660 = VECTOR('',#8661,1.);
#8661 = DIRECTION('',(0.,-1.));
#8662 = ( GEOMETRIC_REPRESENTATION_CONTEXT(2) 
PARAMETRIC_REPRESENTATION_CONTEXT() REPRESENTATION_CONTEXT('2D SPACE',''
  ) );
#8663 = PCURVE('',#4282,#8664);
#8664 = DEFINITIONAL_REPRESENTATION('',(#8665),#8669);
#8665 = LINE('',#8666,#8667);
#8666 = CARTESIAN_POINT('',(1.228592614404,0.));
#8667 = VECTOR('',#8668,1.);
#8668 = DIRECTION('',(0.,-1.));
#8669 = ( GEOMETRIC_REPRESENTATION_CONTEXT(2) 
PARAMETRIC_REPRESENTATION_CONTEXT() REPRESENTATION_CONTEXT('2D SPACE',''
  ) );
#8670 = ORIENTED_EDGE('',*,*,#7897,.T.);
#8671 = ORIENTED_EDGE('',*,*,#8596,.F.);
#8672 = ORIENTED_EDGE('',*,*,#4294,.F.);
#8673 = ADVANCED_FACE('',(#8674),#558,.T.);
#8674 = FACE_BOUND('',#8675,.T.);
#8675 = EDGE_LOOP('',(#8676,#8677,#8678,#8699));
#8676 = ORIENTED_EDGE('',*,*,#8625,.T.);
#8677 = ORIENTED_EDGE('',*,*,#4815,.T.);
#8678 = ORIENTED_EDGE('',*,*,#8679,.F.);
#8679 = EDGE_CURVE('',#543,#4816,#8680,.T.);
#8680 = SURFACE_CURVE('',#8681,(#8685,#8692),.PCURVE_S1.);
#8681 = LINE('',#8682,#8683);
#8682 = CARTESIAN_POINT('',(380.98274146435,376.,382.58145167408));
#8683 = VECTOR('',#8684,1.);
#8684 = DIRECTION('',(0.,1.,0.));
#8685 = PCURVE('',#558,#8686);
#8686 = DEFINITIONAL_REPRESENTATION('',(#8687),#8691);
#8687 = LINE('',#8688,#8689);
#8688 = CARTESIAN_POINT('',(0.900142887903,0.));
#8689 = VECTOR('',#8690,1.);
#8690 = DIRECTION('',(0.,-1.));
#8691 = ( GEOMETRIC_REPRESENTATION_CONTEXT(2) 
PARAMETRIC_REPRESENTATION_CONTEXT() REPRESENTATION_CONTEXT('2D SPACE',''
  ) );
#8692 = PCURVE('',#586,#8693);
#8693 = DEFINITIONAL_REPRESENTATION('',(#8694),#8698);
#8694 = LINE('',#8695,#8696);
#8695 = CARTESIAN_POINT('',(0.,0.));
#8696 = VECTOR('',#8697,1.);
#8697 = DIRECTION('',(0.,-1.));
#8698 = ( GEOMETRIC_REPRESENTATION_CONTEXT(2) 
PARAMETRIC_REPRESENTATION_CONTEXT() REPRESENTATION_CONTEXT('2D SPACE',''
  ) );
#8699 = ORIENTED_EDGE('',*,*,#542,.F.);
#8700 = ADVANCED_FACE('',(#8701),#4282,.T.);
#8701 = FACE_BOUND('',#8702,.T.);
#8702 = EDGE_LOOP('',(#8703,#8724,#8725,#8726));
#8703 = ORIENTED_EDGE('',*,*,#8704,.T.);
#8704 = EDGE_CURVE('',#4239,#7852,#8705,.T.);
#8705 = SURFACE_CURVE('',#8706,(#8710,#8717),.PCURVE_S1.);
#8706 = LINE('',#8707,#8708);
#8707 = CARTESIAN_POINT('',(375.08088695382,376.,365.53015425793));
#8708 = VECTOR('',#8709,1.);
#8709 = DIRECTION('',(0.,1.,0.));
#8710 = PCURVE('',#4282,#8711);
#8711 = DEFINITIONAL_REPRESENTATION('',(#8712),#8716);
#8712 = LINE('',#8713,#8714);
#8713 = CARTESIAN_POINT('',(0.,0.));
#8714 = VECTOR('',#8715,1.);
#8715 = DIRECTION('',(0.,-1.));
#8716 = ( GEOMETRIC_REPRESENTATION_CONTEXT(2) 
PARAMETRIC_REPRESENTATION_CONTEXT() REPRESENTATION_CONTEXT('2D SPACE',''
  ) );
#8717 = PCURVE('',#4254,#8718);
#8718 = DEFINITIONAL_REPRESENTATION('',(#8719),#8723);
#8719 = LINE('',#8720,#8721);
#8720 = CARTESIAN_POINT('',(1.228592614404,0.));
#8721 = VECTOR('',#8722,1.);
#8722 = DIRECTION('',(0.,-1.));
#8723 = ( GEOMETRIC_REPRESENTATION_CONTEXT(2) 
PARAMETRIC_REPRESENTATION_CONTEXT() REPRESENTATION_CONTEXT('2D SPACE',''
  ) );
#8724 = ORIENTED_EDGE('',*,*,#7874,.T.);
#8725 = ORIENTED_EDGE('',*,*,#8650,.F.);
#8726 = ORIENTED_EDGE('',*,*,#4266,.F.);
#8727 = ADVANCED_FACE('',(#8728),#586,.T.);
#8728 = FACE_BOUND('',#8729,.T.);
#8729 = EDGE_LOOP('',(#8730,#8731,#8732,#8753));
#8730 = ORIENTED_EDGE('',*,*,#8679,.T.);
#8731 = ORIENTED_EDGE('',*,*,#4838,.T.);
#8732 = ORIENTED_EDGE('',*,*,#8733,.F.);
#8733 = EDGE_CURVE('',#571,#4839,#8734,.T.);
#8734 = SURFACE_CURVE('',#8735,(#8739,#8746),.PCURVE_S1.);
#8735 = LINE('',#8736,#8737);
#8736 = CARTESIAN_POINT('',(376.79533120854,376.,380.21540992095));
#8737 = VECTOR('',#8738,1.);
#8738 = DIRECTION('',(0.,1.,0.));
#8739 = PCURVE('',#586,#8740);
#8740 = DEFINITIONAL_REPRESENTATION('',(#8741),#8745);
#8741 = LINE('',#8742,#8743);
#8742 = CARTESIAN_POINT('',(4.809631818338,0.));
#8743 = VECTOR('',#8744,1.);
#8744 = DIRECTION('',(0.,-1.));
#8745 = ( GEOMETRIC_REPRESENTATION_CONTEXT(2) 
PARAMETRIC_REPRESENTATION_CONTEXT() REPRESENTATION_CONTEXT('2D SPACE',''
  ) );
#8746 = PCURVE('',#614,#8747);
#8747 = DEFINITIONAL_REPRESENTATION('',(#8748),#8752);
#8748 = LINE('',#8749,#8750);
#8749 = CARTESIAN_POINT('',(0.,0.));
#8750 = VECTOR('',#8751,1.);
#8751 = DIRECTION('',(0.,-1.));
#8752 = ( GEOMETRIC_REPRESENTATION_CONTEXT(2) 
PARAMETRIC_REPRESENTATION_CONTEXT() REPRESENTATION_CONTEXT('2D SPACE',''
  ) );
#8753 = ORIENTED_EDGE('',*,*,#570,.F.);
#8754 = ADVANCED_FACE('',(#8755),#4254,.T.);
#8755 = FACE_BOUND('',#8756,.T.);
#8756 = EDGE_LOOP('',(#8757,#8778,#8779,#8780));
#8757 = ORIENTED_EDGE('',*,*,#8758,.T.);
#8758 = EDGE_CURVE('',#4211,#7829,#8759,.T.);
#8759 = SURFACE_CURVE('',#8760,(#8764,#8771),.PCURVE_S1.);
#8760 = LINE('',#8761,#8762);
#8761 = CARTESIAN_POINT('',(374.34735578886,376.,364.54457227647));
#8762 = VECTOR('',#8763,1.);
#8763 = DIRECTION('',(0.,1.,0.));
#8764 = PCURVE('',#4254,#8765);
#8765 = DEFINITIONAL_REPRESENTATION('',(#8766),#8770);
#8766 = LINE('',#8767,#8768);
#8767 = CARTESIAN_POINT('',(0.,0.));
#8768 = VECTOR('',#8769,1.);
#8769 = DIRECTION('',(0.,-1.));
#8770 = ( GEOMETRIC_REPRESENTATION_CONTEXT(2) 
PARAMETRIC_REPRESENTATION_CONTEXT() REPRESENTATION_CONTEXT('2D SPACE',''
  ) );
#8771 = PCURVE('',#4226,#8772);
#8772 = DEFINITIONAL_REPRESENTATION('',(#8773),#8777);
#8773 = LINE('',#8774,#8775);
#8774 = CARTESIAN_POINT('',(4.809631818338,0.));
#8775 = VECTOR('',#8776,1.);
#8776 = DIRECTION('',(0.,-1.));
#8777 = ( GEOMETRIC_REPRESENTATION_CONTEXT(2) 
PARAMETRIC_REPRESENTATION_CONTEXT() REPRESENTATION_CONTEXT('2D SPACE',''
  ) );
#8778 = ORIENTED_EDGE('',*,*,#7851,.T.);
#8779 = ORIENTED_EDGE('',*,*,#8704,.F.);
#8780 = ORIENTED_EDGE('',*,*,#4238,.F.);
#8781 = ADVANCED_FACE('',(#8782),#614,.T.);
#8782 = FACE_BOUND('',#8783,.T.);
#8783 = EDGE_LOOP('',(#8784,#8785,#8786,#8807));
#8784 = ORIENTED_EDGE('',*,*,#8733,.T.);
#8785 = ORIENTED_EDGE('',*,*,#4861,.T.);
#8786 = ORIENTED_EDGE('',*,*,#8787,.F.);
#8787 = EDGE_CURVE('',#599,#4862,#8788,.T.);
#8788 = SURFACE_CURVE('',#8789,(#8793,#8800),.PCURVE_S1.);
#8789 = LINE('',#8790,#8791);
#8790 = CARTESIAN_POINT('',(376.30855775756,376.,381.34345753501));
#8791 = VECTOR('',#8792,1.);
#8792 = DIRECTION('',(0.,1.,0.));
#8793 = PCURVE('',#614,#8794);
#8794 = DEFINITIONAL_REPRESENTATION('',(#8795),#8799);
#8795 = LINE('',#8796,#8797);
#8796 = CARTESIAN_POINT('',(1.228592614404,0.));
#8797 = VECTOR('',#8798,1.);
#8798 = DIRECTION('',(0.,-1.));
#8799 = ( GEOMETRIC_REPRESENTATION_CONTEXT(2) 
PARAMETRIC_REPRESENTATION_CONTEXT() REPRESENTATION_CONTEXT('2D SPACE',''
  ) );
#8800 = PCURVE('',#642,#8801);
#8801 = DEFINITIONAL_REPRESENTATION('',(#8802),#8806);
#8802 = LINE('',#8803,#8804);
#8803 = CARTESIAN_POINT('',(0.,0.));
#8804 = VECTOR('',#8805,1.);
#8805 = DIRECTION('',(0.,-1.));
#8806 = ( GEOMETRIC_REPRESENTATION_CONTEXT(2) 
PARAMETRIC_REPRESENTATION_CONTEXT() REPRESENTATION_CONTEXT('2D SPACE',''
  ) );
#8807 = ORIENTED_EDGE('',*,*,#598,.F.);
#8808 = ADVANCED_FACE('',(#8809),#4226,.T.);
#8809 = FACE_BOUND('',#8810,.T.);
#8810 = EDGE_LOOP('',(#8811,#8832,#8833,#8834));
#8811 = ORIENTED_EDGE('',*,*,#8812,.T.);
#8812 = EDGE_CURVE('',#4183,#7806,#8813,.T.);
#8813 = SURFACE_CURVE('',#8814,(#8818,#8825),.PCURVE_S1.);
#8814 = LINE('',#8815,#8816);
#8815 = CARTESIAN_POINT('',(378.49011318138,376.,362.10118949544));
#8816 = VECTOR('',#8817,1.);
#8817 = DIRECTION('',(0.,1.,0.));
#8818 = PCURVE('',#4226,#8819);
#8819 = DEFINITIONAL_REPRESENTATION('',(#8820),#8824);
#8820 = LINE('',#8821,#8822);
#8821 = CARTESIAN_POINT('',(0.,0.));
#8822 = VECTOR('',#8823,1.);
#8823 = DIRECTION('',(0.,-1.));
#8824 = ( GEOMETRIC_REPRESENTATION_CONTEXT(2) 
PARAMETRIC_REPRESENTATION_CONTEXT() REPRESENTATION_CONTEXT('2D SPACE',''
  ) );
#8825 = PCURVE('',#4198,#8826);
#8826 = DEFINITIONAL_REPRESENTATION('',(#8827),#8831);
#8827 = LINE('',#8828,#8829);
#8828 = CARTESIAN_POINT('',(0.900142887903,0.));
#8829 = VECTOR('',#8830,1.);
#8830 = DIRECTION('',(0.,-1.));
#8831 = ( GEOMETRIC_REPRESENTATION_CONTEXT(2) 
PARAMETRIC_REPRESENTATION_CONTEXT() REPRESENTATION_CONTEXT('2D SPACE',''
  ) );
#8832 = ORIENTED_EDGE('',*,*,#7828,.T.);
#8833 = ORIENTED_EDGE('',*,*,#8758,.F.);
#8834 = ORIENTED_EDGE('',*,*,#4210,.F.);
#8835 = ADVANCED_FACE('',(#8836),#642,.T.);
#8836 = FACE_BOUND('',#8837,.T.);
#8837 = EDGE_LOOP('',(#8838,#8839,#8840,#8861));
#8838 = ORIENTED_EDGE('',*,*,#8787,.T.);
#8839 = ORIENTED_EDGE('',*,*,#4884,.T.);
#8840 = ORIENTED_EDGE('',*,*,#8841,.F.);
#8841 = EDGE_CURVE('',#627,#4885,#8842,.T.);
#8842 = SURFACE_CURVE('',#8843,(#8847,#8854),.PCURVE_S1.);
#8843 = LINE('',#8844,#8845);
#8844 = CARTESIAN_POINT('',(375.73593106059,376.,382.4304434954));
#8845 = VECTOR('',#8846,1.);
#8846 = DIRECTION('',(0.,1.,0.));
#8847 = PCURVE('',#642,#8848);
#8848 = DEFINITIONAL_REPRESENTATION('',(#8849),#8853);
#8849 = LINE('',#8850,#8851);
#8850 = CARTESIAN_POINT('',(1.228592614404,0.));
#8851 = VECTOR('',#8852,1.);
#8852 = DIRECTION('',(0.,-1.));
#8853 = ( GEOMETRIC_REPRESENTATION_CONTEXT(2) 
PARAMETRIC_REPRESENTATION_CONTEXT() REPRESENTATION_CONTEXT('2D SPACE',''
  ) );
#8854 = PCURVE('',#670,#8855);
#8855 = DEFINITIONAL_REPRESENTATION('',(#8856),#8860);
#8856 = LINE('',#8857,#8858);
#8857 = CARTESIAN_POINT('',(0.,0.));
#8858 = VECTOR('',#8859,1.);
#8859 = DIRECTION('',(0.,-1.));
#8860 = ( GEOMETRIC_REPRESENTATION_CONTEXT(2) 
PARAMETRIC_REPRESENTATION_CONTEXT() REPRESENTATION_CONTEXT('2D SPACE',''
  ) );
#8861 = ORIENTED_EDGE('',*,*,#626,.F.);
#8862 = ADVANCED_FACE('',(#8863),#4198,.T.);
#8863 = FACE_BOUND('',#8864,.T.);
#8864 = EDGE_LOOP('',(#8865,#8886,#8887,#8888));
#8865 = ORIENTED_EDGE('',*,*,#8866,.T.);
#8866 = EDGE_CURVE('',#4155,#7783,#8867,.T.);
#8867 = SURFACE_CURVE('',#8868,(#8872,#8879),.PCURVE_S1.);
#8868 = LINE('',#8869,#8870);
#8869 = CARTESIAN_POINT('',(377.93358972928,376.,361.39370178113));
#8870 = VECTOR('',#8871,1.);
#8871 = DIRECTION('',(0.,1.,0.));
#8872 = PCURVE('',#4198,#8873);
#8873 = DEFINITIONAL_REPRESENTATION('',(#8874),#8878);
#8874 = LINE('',#8875,#8876);
#8875 = CARTESIAN_POINT('',(0.,0.));
#8876 = VECTOR('',#8877,1.);
#8877 = DIRECTION('',(0.,-1.));
#8878 = ( GEOMETRIC_REPRESENTATION_CONTEXT(2) 
PARAMETRIC_REPRESENTATION_CONTEXT() REPRESENTATION_CONTEXT('2D SPACE',''
  ) );
#8879 = PCURVE('',#4170,#8880);
#8880 = DEFINITIONAL_REPRESENTATION('',(#8881),#8885);
#8881 = LINE('',#8882,#8883);
#8882 = CARTESIAN_POINT('',(0.900142887903,0.));
#8883 = VECTOR('',#8884,1.);
#8884 = DIRECTION('',(0.,-1.));
#8885 = ( GEOMETRIC_REPRESENTATION_CONTEXT(2) 
PARAMETRIC_REPRESENTATION_CONTEXT() REPRESENTATION_CONTEXT('2D SPACE',''
  ) );
#8886 = ORIENTED_EDGE('',*,*,#7805,.T.);
#8887 = ORIENTED_EDGE('',*,*,#8812,.F.);
#8888 = ORIENTED_EDGE('',*,*,#4182,.F.);
#8889 = ADVANCED_FACE('',(#8890),#670,.T.);
#8890 = FACE_BOUND('',#8891,.T.);
#8891 = EDGE_LOOP('',(#8892,#8893,#8894,#8915));
#8892 = ORIENTED_EDGE('',*,*,#8841,.T.);
#8893 = ORIENTED_EDGE('',*,*,#4907,.T.);
#8894 = ORIENTED_EDGE('',*,*,#8895,.F.);
#8895 = EDGE_CURVE('',#655,#4908,#8896,.T.);
#8896 = SURFACE_CURVE('',#8897,(#8901,#8908),.PCURVE_S1.);
#8897 = LINE('',#8898,#8899);
#8898 = CARTESIAN_POINT('',(375.08088695382,376.,383.46984574206));
#8899 = VECTOR('',#8900,1.);
#8900 = DIRECTION('',(0.,1.,0.));
#8901 = PCURVE('',#670,#8902);
#8902 = DEFINITIONAL_REPRESENTATION('',(#8903),#8907);
#8903 = LINE('',#8904,#8905);
#8904 = CARTESIAN_POINT('',(1.228592614404,0.));
#8905 = VECTOR('',#8906,1.);
#8906 = DIRECTION('',(0.,-1.));
#8907 = ( GEOMETRIC_REPRESENTATION_CONTEXT(2) 
PARAMETRIC_REPRESENTATION_CONTEXT() REPRESENTATION_CONTEXT('2D SPACE',''
  ) );
#8908 = PCURVE('',#698,#8909);
#8909 = DEFINITIONAL_REPRESENTATION('',(#8910),#8914);
#8910 = LINE('',#8911,#8912);
#8911 = CARTESIAN_POINT('',(0.,0.));
#8912 = VECTOR('',#8913,1.);
#8913 = DIRECTION('',(0.,-1.));
#8914 = ( GEOMETRIC_REPRESENTATION_CONTEXT(2) 
PARAMETRIC_REPRESENTATION_CONTEXT() REPRESENTATION_CONTEXT('2D SPACE',''
  ) );
#8915 = ORIENTED_EDGE('',*,*,#654,.F.);
#8916 = ADVANCED_FACE('',(#8917),#4170,.T.);
#8917 = FACE_BOUND('',#8918,.T.);
#8918 = EDGE_LOOP('',(#8919,#8940,#8941,#8942));
#8919 = ORIENTED_EDGE('',*,*,#8920,.T.);
#8920 = EDGE_CURVE('',#4127,#7760,#8921,.T.);
#8921 = SURFACE_CURVE('',#8922,(#8926,#8933),.PCURVE_S1.);
#8922 = LINE('',#8923,#8924);
#8923 = CARTESIAN_POINT('',(377.34673578352,376.,360.71116265039));
#8924 = VECTOR('',#8925,1.);
#8925 = DIRECTION('',(0.,1.,0.));
#8926 = PCURVE('',#4170,#8927);
#8927 = DEFINITIONAL_REPRESENTATION('',(#8928),#8932);
#8928 = LINE('',#8929,#8930);
#8929 = CARTESIAN_POINT('',(0.,0.));
#8930 = VECTOR('',#8931,1.);
#8931 = DIRECTION('',(0.,-1.));
#8932 = ( GEOMETRIC_REPRESENTATION_CONTEXT(2) 
PARAMETRIC_REPRESENTATION_CONTEXT() REPRESENTATION_CONTEXT('2D SPACE',''
  ) );
#8933 = PCURVE('',#4142,#8934);
#8934 = DEFINITIONAL_REPRESENTATION('',(#8935),#8939);
#8935 = LINE('',#8936,#8937);
#8936 = CARTESIAN_POINT('',(0.900142887903,0.));
#8937 = VECTOR('',#8938,1.);
#8938 = DIRECTION('',(0.,-1.));
#8939 = ( GEOMETRIC_REPRESENTATION_CONTEXT(2) 
PARAMETRIC_REPRESENTATION_CONTEXT() REPRESENTATION_CONTEXT('2D SPACE',''
  ) );
#8940 = ORIENTED_EDGE('',*,*,#7782,.T.);
#8941 = ORIENTED_EDGE('',*,*,#8866,.F.);
#8942 = ORIENTED_EDGE('',*,*,#4154,.F.);
#8943 = ADVANCED_FACE('',(#8944),#698,.T.);
#8944 = FACE_BOUND('',#8945,.T.);
#8945 = EDGE_LOOP('',(#8946,#8947,#8948,#8969));
#8946 = ORIENTED_EDGE('',*,*,#8895,.T.);
#8947 = ORIENTED_EDGE('',*,*,#4930,.T.);
#8948 = ORIENTED_EDGE('',*,*,#8949,.F.);
#8949 = EDGE_CURVE('',#683,#4931,#8950,.T.);
#8950 = SURFACE_CURVE('',#8951,(#8955,#8962),.PCURVE_S1.);
#8951 = LINE('',#8952,#8953);
#8952 = CARTESIAN_POINT('',(374.34735578886,376.,384.45542772352));
#8953 = VECTOR('',#8954,1.);
#8954 = DIRECTION('',(0.,1.,0.));
#8955 = PCURVE('',#698,#8956);
#8956 = DEFINITIONAL_REPRESENTATION('',(#8957),#8961);
#8957 = LINE('',#8958,#8959);
#8958 = CARTESIAN_POINT('',(1.228592614404,0.));
#8959 = VECTOR('',#8960,1.);
#8960 = DIRECTION('',(0.,-1.));
#8961 = ( GEOMETRIC_REPRESENTATION_CONTEXT(2) 
PARAMETRIC_REPRESENTATION_CONTEXT() REPRESENTATION_CONTEXT('2D SPACE',''
  ) );
#8962 = PCURVE('',#726,#8963);
#8963 = DEFINITIONAL_REPRESENTATION('',(#8964),#8968);
#8964 = LINE('',#8965,#8966);
#8965 = CARTESIAN_POINT('',(0.,0.));
#8966 = VECTOR('',#8967,1.);
#8967 = DIRECTION('',(0.,-1.));
#8968 = ( GEOMETRIC_REPRESENTATION_CONTEXT(2) 
PARAMETRIC_REPRESENTATION_CONTEXT() REPRESENTATION_CONTEXT('2D SPACE',''
  ) );
#8969 = ORIENTED_EDGE('',*,*,#682,.F.);
#8970 = ADVANCED_FACE('',(#8971),#4142,.T.);
#8971 = FACE_BOUND('',#8972,.T.);
#8972 = EDGE_LOOP('',(#8973,#8994,#8995,#8996));
#8973 = ORIENTED_EDGE('',*,*,#8974,.T.);
#8974 = EDGE_CURVE('',#4099,#7737,#8975,.T.);
#8975 = SURFACE_CURVE('',#8976,(#8980,#8987),.PCURVE_S1.);
#8976 = LINE('',#8977,#8978);
#8977 = CARTESIAN_POINT('',(376.73066845394,376.,360.05487135526));
#8978 = VECTOR('',#8979,1.);
#8979 = DIRECTION('',(0.,1.,0.));
#8980 = PCURVE('',#4142,#8981);
#8981 = DEFINITIONAL_REPRESENTATION('',(#8982),#8986);
#8982 = LINE('',#8983,#8984);
#8983 = CARTESIAN_POINT('',(0.,0.));
#8984 = VECTOR('',#8985,1.);
#8985 = DIRECTION('',(0.,-1.));
#8986 = ( GEOMETRIC_REPRESENTATION_CONTEXT(2) 
PARAMETRIC_REPRESENTATION_CONTEXT() REPRESENTATION_CONTEXT('2D SPACE',''
  ) );
#8987 = PCURVE('',#4114,#8988);
#8988 = DEFINITIONAL_REPRESENTATION('',(#8989),#8993);
#8989 = LINE('',#8990,#8991);
#8990 = CARTESIAN_POINT('',(0.900142887903,0.));
#8991 = VECTOR('',#8992,1.);
#8992 = DIRECTION('',(0.,-1.));
#8993 = ( GEOMETRIC_REPRESENTATION_CONTEXT(2) 
PARAMETRIC_REPRESENTATION_CONTEXT() REPRESENTATION_CONTEXT('2D SPACE',''
  ) );
#8994 = ORIENTED_EDGE('',*,*,#7759,.T.);
#8995 = ORIENTED_EDGE('',*,*,#8920,.F.);
#8996 = ORIENTED_EDGE('',*,*,#4126,.F.);
#8997 = ADVANCED_FACE('',(#8998),#726,.T.);
#8998 = FACE_BOUND('',#8999,.T.);
#8999 = EDGE_LOOP('',(#9000,#9001,#9002,#9023));
#9000 = ORIENTED_EDGE('',*,*,#8949,.T.);
#9001 = ORIENTED_EDGE('',*,*,#4953,.T.);
#9002 = ORIENTED_EDGE('',*,*,#9003,.F.);
#9003 = EDGE_CURVE('',#711,#4954,#9004,.T.);
#9004 = SURFACE_CURVE('',#9005,(#9009,#9016),.PCURVE_S1.);
#9005 = LINE('',#9006,#9007);
#9006 = CARTESIAN_POINT('',(375.19686594963,376.,385.30115932635));
#9007 = VECTOR('',#9008,1.);
#9008 = DIRECTION('',(0.,1.,0.));
#9009 = PCURVE('',#726,#9010);
#9010 = DEFINITIONAL_REPRESENTATION('',(#9011),#9015);
#9011 = LINE('',#9012,#9013);
#9012 = CARTESIAN_POINT('',(1.198719924449,0.));
#9013 = VECTOR('',#9014,1.);
#9014 = DIRECTION('',(0.,-1.));
#9015 = ( GEOMETRIC_REPRESENTATION_CONTEXT(2) 
PARAMETRIC_REPRESENTATION_CONTEXT() REPRESENTATION_CONTEXT('2D SPACE',''
  ) );
#9016 = PCURVE('',#754,#9017);
#9017 = DEFINITIONAL_REPRESENTATION('',(#9018),#9022);
#9018 = LINE('',#9019,#9020);
#9019 = CARTESIAN_POINT('',(0.,0.));
#9020 = VECTOR('',#9021,1.);
#9021 = DIRECTION('',(0.,-1.));
#9022 = ( GEOMETRIC_REPRESENTATION_CONTEXT(2) 
PARAMETRIC_REPRESENTATION_CONTEXT() REPRESENTATION_CONTEXT('2D SPACE',''
  ) );
#9023 = ORIENTED_EDGE('',*,*,#710,.F.);
#9024 = ADVANCED_FACE('',(#9025),#4114,.T.);
#9025 = FACE_BOUND('',#9026,.T.);
#9026 = EDGE_LOOP('',(#9027,#9048,#9049,#9050));
#9027 = ORIENTED_EDGE('',*,*,#9028,.T.);
#9028 = EDGE_CURVE('',#4071,#7714,#9029,.T.);
#9029 = SURFACE_CURVE('',#9030,(#9034,#9041),.PCURVE_S1.);
#9030 = LINE('',#9031,#9032);
#9031 = CARTESIAN_POINT('',(376.08656045972,376.,359.42607718351));
#9032 = VECTOR('',#9033,1.);
#9033 = DIRECTION('',(0.,1.,0.));
#9034 = PCURVE('',#4114,#9035);
#9035 = DEFINITIONAL_REPRESENTATION('',(#9036),#9040);
#9036 = LINE('',#9037,#9038);
#9037 = CARTESIAN_POINT('',(0.,0.));
#9038 = VECTOR('',#9039,1.);
#9039 = DIRECTION('',(0.,-1.));
#9040 = ( GEOMETRIC_REPRESENTATION_CONTEXT(2) 
PARAMETRIC_REPRESENTATION_CONTEXT() REPRESENTATION_CONTEXT('2D SPACE',''
  ) );
#9041 = PCURVE('',#4086,#9042);
#9042 = DEFINITIONAL_REPRESENTATION('',(#9043),#9047);
#9043 = LINE('',#9044,#9045);
#9044 = CARTESIAN_POINT('',(1.569764844889,0.));
#9045 = VECTOR('',#9046,1.);
#9046 = DIRECTION('',(0.,-1.));
#9047 = ( GEOMETRIC_REPRESENTATION_CONTEXT(2) 
PARAMETRIC_REPRESENTATION_CONTEXT() REPRESENTATION_CONTEXT('2D SPACE',''
  ) );
#9048 = ORIENTED_EDGE('',*,*,#7736,.T.);
#9049 = ORIENTED_EDGE('',*,*,#8974,.F.);
#9050 = ORIENTED_EDGE('',*,*,#4098,.F.);
#9051 = ADVANCED_FACE('',(#9052),#754,.T.);
#9052 = FACE_BOUND('',#9053,.T.);
#9053 = EDGE_LOOP('',(#9054,#9055,#9056,#9077));
#9054 = ORIENTED_EDGE('',*,*,#9003,.T.);
#9055 = ORIENTED_EDGE('',*,*,#4976,.T.);
#9056 = ORIENTED_EDGE('',*,*,#9057,.F.);
#9057 = EDGE_CURVE('',#739,#4977,#9058,.T.);
#9058 = SURFACE_CURVE('',#9059,(#9063,#9070),.PCURVE_S1.);
#9059 = LINE('',#9060,#9061);
#9060 = CARTESIAN_POINT('',(376.03457649957,376.,386.15985713613));
#9061 = VECTOR('',#9062,1.);
#9062 = DIRECTION('',(0.,1.,0.));
#9063 = PCURVE('',#754,#9064);
#9064 = DEFINITIONAL_REPRESENTATION('',(#9065),#9069);
#9065 = LINE('',#9066,#9067);
#9066 = CARTESIAN_POINT('',(1.199633649912,0.));
#9067 = VECTOR('',#9068,1.);
#9068 = DIRECTION('',(0.,-1.));
#9069 = ( GEOMETRIC_REPRESENTATION_CONTEXT(2) 
PARAMETRIC_REPRESENTATION_CONTEXT() REPRESENTATION_CONTEXT('2D SPACE',''
  ) );
#9070 = PCURVE('',#782,#9071);
#9071 = DEFINITIONAL_REPRESENTATION('',(#9072),#9076);
#9072 = LINE('',#9073,#9074);
#9073 = CARTESIAN_POINT('',(0.,0.));
#9074 = VECTOR('',#9075,1.);
#9075 = DIRECTION('',(0.,-1.));
#9076 = ( GEOMETRIC_REPRESENTATION_CONTEXT(2) 
PARAMETRIC_REPRESENTATION_CONTEXT() REPRESENTATION_CONTEXT('2D SPACE',''
  ) );
#9077 = ORIENTED_EDGE('',*,*,#738,.F.);
#9078 = ADVANCED_FACE('',(#9079),#4086,.T.);
#9079 = FACE_BOUND('',#9080,.T.);
#9080 = EDGE_LOOP('',(#9081,#9102,#9103,#9104));
#9081 = ORIENTED_EDGE('',*,*,#9082,.T.);
#9082 = EDGE_CURVE('',#4043,#7691,#9083,.T.);
#9083 = SURFACE_CURVE('',#9084,(#9088,#9095),.PCURVE_S1.);
#9084 = LINE('',#9085,#9086);
#9085 = CARTESIAN_POINT('',(374.53139313727,376.,359.63965683475));
#9086 = VECTOR('',#9087,1.);
#9087 = DIRECTION('',(0.,1.,0.));
#9088 = PCURVE('',#4086,#9089);
#9089 = DEFINITIONAL_REPRESENTATION('',(#9090),#9094);
#9090 = LINE('',#9091,#9092);
#9091 = CARTESIAN_POINT('',(0.,0.));
#9092 = VECTOR('',#9093,1.);
#9093 = DIRECTION('',(0.,-1.));
#9094 = ( GEOMETRIC_REPRESENTATION_CONTEXT(2) 
PARAMETRIC_REPRESENTATION_CONTEXT() REPRESENTATION_CONTEXT('2D SPACE',''
  ) );
#9095 = PCURVE('',#4058,#9096);
#9096 = DEFINITIONAL_REPRESENTATION('',(#9097),#9101);
#9097 = LINE('',#9098,#9099);
#9098 = CARTESIAN_POINT('',(1.200610506126,0.));
#9099 = VECTOR('',#9100,1.);
#9100 = DIRECTION('',(0.,-1.));
#9101 = ( GEOMETRIC_REPRESENTATION_CONTEXT(2) 
PARAMETRIC_REPRESENTATION_CONTEXT() REPRESENTATION_CONTEXT('2D SPACE',''
  ) );
#9102 = ORIENTED_EDGE('',*,*,#7713,.T.);
#9103 = ORIENTED_EDGE('',*,*,#9028,.F.);
#9104 = ORIENTED_EDGE('',*,*,#4070,.F.);
#9105 = ADVANCED_FACE('',(#9106),#782,.T.);
#9106 = FACE_BOUND('',#9107,.T.);
#9107 = EDGE_LOOP('',(#9108,#9109,#9110,#9131));
#9108 = ORIENTED_EDGE('',*,*,#9057,.T.);
#9109 = ORIENTED_EDGE('',*,*,#4999,.T.);
#9110 = ORIENTED_EDGE('',*,*,#9111,.F.);
#9111 = EDGE_CURVE('',#767,#5000,#9112,.T.);
#9112 = SURFACE_CURVE('',#9113,(#9117,#9124),.PCURVE_S1.);
#9113 = LINE('',#9114,#9115);
#9114 = CARTESIAN_POINT('',(376.86034316524,376.,387.03139313727));
#9115 = VECTOR('',#9116,1.);
#9116 = DIRECTION('',(0.,1.,0.));
#9117 = PCURVE('',#782,#9118);
#9118 = DEFINITIONAL_REPRESENTATION('',(#9119),#9123);
#9119 = LINE('',#9120,#9121);
#9120 = CARTESIAN_POINT('',(1.200610506126,0.));
#9121 = VECTOR('',#9122,1.);
#9122 = DIRECTION('',(0.,-1.));
#9123 = ( GEOMETRIC_REPRESENTATION_CONTEXT(2) 
PARAMETRIC_REPRESENTATION_CONTEXT() REPRESENTATION_CONTEXT('2D SPACE',''
  ) );
#9124 = PCURVE('',#810,#9125);
#9125 = DEFINITIONAL_REPRESENTATION('',(#9126),#9130);
#9126 = LINE('',#9127,#9128);
#9127 = CARTESIAN_POINT('',(0.,0.));
#9128 = VECTOR('',#9129,1.);
#9129 = DIRECTION('',(0.,-1.));
#9130 = ( GEOMETRIC_REPRESENTATION_CONTEXT(2) 
PARAMETRIC_REPRESENTATION_CONTEXT() REPRESENTATION_CONTEXT('2D SPACE',''
  ) );
#9131 = ORIENTED_EDGE('',*,*,#766,.F.);
#9132 = ADVANCED_FACE('',(#9133),#4058,.T.);
#9133 = FACE_BOUND('',#9134,.T.);
#9134 = EDGE_LOOP('',(#9135,#9156,#9157,#9158));
#9135 = ORIENTED_EDGE('',*,*,#9136,.T.);
#9136 = EDGE_CURVE('',#4015,#7668,#9137,.T.);
#9137 = SURFACE_CURVE('',#9138,(#9142,#9149),.PCURVE_S1.);
#9138 = LINE('',#9139,#9140);
#9139 = CARTESIAN_POINT('',(373.65985713613,376.,360.46542350042));
#9140 = VECTOR('',#9141,1.);
#9141 = DIRECTION('',(0.,1.,0.));
#9142 = PCURVE('',#4058,#9143);
#9143 = DEFINITIONAL_REPRESENTATION('',(#9144),#9148);
#9144 = LINE('',#9145,#9146);
#9145 = CARTESIAN_POINT('',(0.,0.));
#9146 = VECTOR('',#9147,1.);
#9147 = DIRECTION('',(0.,-1.));
#9148 = ( GEOMETRIC_REPRESENTATION_CONTEXT(2) 
PARAMETRIC_REPRESENTATION_CONTEXT() REPRESENTATION_CONTEXT('2D SPACE',''
  ) );
#9149 = PCURVE('',#4030,#9150);
#9150 = DEFINITIONAL_REPRESENTATION('',(#9151),#9155);
#9151 = LINE('',#9152,#9153);
#9152 = CARTESIAN_POINT('',(1.199633649912,0.));
#9153 = VECTOR('',#9154,1.);
#9154 = DIRECTION('',(0.,-1.));
#9155 = ( GEOMETRIC_REPRESENTATION_CONTEXT(2) 
PARAMETRIC_REPRESENTATION_CONTEXT() REPRESENTATION_CONTEXT('2D SPACE',''
  ) );
#9156 = ORIENTED_EDGE('',*,*,#7690,.T.);
#9157 = ORIENTED_EDGE('',*,*,#9082,.F.);
#9158 = ORIENTED_EDGE('',*,*,#4042,.F.);
#9159 = ADVANCED_FACE('',(#9160),#810,.T.);
#9160 = FACE_BOUND('',#9161,.T.);
#9161 = EDGE_LOOP('',(#9162,#9163,#9164,#9185));
#9162 = ORIENTED_EDGE('',*,*,#9111,.T.);
#9163 = ORIENTED_EDGE('',*,*,#5022,.T.);
#9164 = ORIENTED_EDGE('',*,*,#9165,.F.);
#9165 = EDGE_CURVE('',#795,#5023,#9166,.T.);
#9166 = SURFACE_CURVE('',#9167,(#9171,#9178),.PCURVE_S1.);
#9167 = LINE('',#9168,#9169);
#9168 = CARTESIAN_POINT('',(377.07392281648,376.,388.58656045972));
#9169 = VECTOR('',#9170,1.);
#9170 = DIRECTION('',(0.,1.,0.));
#9171 = PCURVE('',#810,#9172);
#9172 = DEFINITIONAL_REPRESENTATION('',(#9173),#9177);
#9173 = LINE('',#9174,#9175);
#9174 = CARTESIAN_POINT('',(1.569764844889,0.));
#9175 = VECTOR('',#9176,1.);
#9176 = DIRECTION('',(0.,-1.));
#9177 = ( GEOMETRIC_REPRESENTATION_CONTEXT(2) 
PARAMETRIC_REPRESENTATION_CONTEXT() REPRESENTATION_CONTEXT('2D SPACE',''
  ) );
#9178 = PCURVE('',#838,#9179);
#9179 = DEFINITIONAL_REPRESENTATION('',(#9180),#9184);
#9180 = LINE('',#9181,#9182);
#9181 = CARTESIAN_POINT('',(0.,0.));
#9182 = VECTOR('',#9183,1.);
#9183 = DIRECTION('',(0.,-1.));
#9184 = ( GEOMETRIC_REPRESENTATION_CONTEXT(2) 
PARAMETRIC_REPRESENTATION_CONTEXT() REPRESENTATION_CONTEXT('2D SPACE',''
  ) );
#9185 = ORIENTED_EDGE('',*,*,#794,.F.);
#9186 = ADVANCED_FACE('',(#9187),#4030,.T.);
#9187 = FACE_BOUND('',#9188,.T.);
#9188 = EDGE_LOOP('',(#9189,#9210,#9211,#9212));
#9189 = ORIENTED_EDGE('',*,*,#9190,.T.);
#9190 = EDGE_CURVE('',#3987,#7645,#9191,.T.);
#9191 = SURFACE_CURVE('',#9192,(#9196,#9203),.PCURVE_S1.);
#9192 = LINE('',#9193,#9194);
#9193 = CARTESIAN_POINT('',(372.80115932635,376.,361.30313405036));
#9194 = VECTOR('',#9195,1.);
#9195 = DIRECTION('',(0.,1.,0.));
#9196 = PCURVE('',#4030,#9197);
#9197 = DEFINITIONAL_REPRESENTATION('',(#9198),#9202);
#9198 = LINE('',#9199,#9200);
#9199 = CARTESIAN_POINT('',(0.,0.));
#9200 = VECTOR('',#9201,1.);
#9201 = DIRECTION('',(0.,-1.));
#9202 = ( GEOMETRIC_REPRESENTATION_CONTEXT(2) 
PARAMETRIC_REPRESENTATION_CONTEXT() REPRESENTATION_CONTEXT('2D SPACE',''
  ) );
#9203 = PCURVE('',#4002,#9204);
#9204 = DEFINITIONAL_REPRESENTATION('',(#9205),#9209);
#9205 = LINE('',#9206,#9207);
#9206 = CARTESIAN_POINT('',(1.198719924449,0.));
#9207 = VECTOR('',#9208,1.);
#9208 = DIRECTION('',(0.,-1.));
#9209 = ( GEOMETRIC_REPRESENTATION_CONTEXT(2) 
PARAMETRIC_REPRESENTATION_CONTEXT() REPRESENTATION_CONTEXT('2D SPACE',''
  ) );
#9210 = ORIENTED_EDGE('',*,*,#7667,.T.);
#9211 = ORIENTED_EDGE('',*,*,#9136,.F.);
#9212 = ORIENTED_EDGE('',*,*,#4014,.F.);
#9213 = ADVANCED_FACE('',(#9214),#838,.T.);
#9214 = FACE_BOUND('',#9215,.T.);
#9215 = EDGE_LOOP('',(#9216,#9217,#9218,#9239));
#9216 = ORIENTED_EDGE('',*,*,#9165,.T.);
#9217 = ORIENTED_EDGE('',*,*,#5045,.T.);
#9218 = ORIENTED_EDGE('',*,*,#9219,.F.);
#9219 = EDGE_CURVE('',#823,#5046,#9220,.T.);
#9220 = SURFACE_CURVE('',#9221,(#9225,#9232),.PCURVE_S1.);
#9221 = LINE('',#9222,#9223);
#9222 = CARTESIAN_POINT('',(376.44512864473,376.,389.23066845394));
#9223 = VECTOR('',#9224,1.);
#9224 = DIRECTION('',(0.,1.,0.));
#9225 = PCURVE('',#838,#9226);
#9226 = DEFINITIONAL_REPRESENTATION('',(#9227),#9231);
#9227 = LINE('',#9228,#9229);
#9228 = CARTESIAN_POINT('',(0.900142887903,0.));
#9229 = VECTOR('',#9230,1.);
#9230 = DIRECTION('',(0.,-1.));
#9231 = ( GEOMETRIC_REPRESENTATION_CONTEXT(2) 
PARAMETRIC_REPRESENTATION_CONTEXT() REPRESENTATION_CONTEXT('2D SPACE',''
  ) );
#9232 = PCURVE('',#866,#9233);
#9233 = DEFINITIONAL_REPRESENTATION('',(#9234),#9238);
#9234 = LINE('',#9235,#9236);
#9235 = CARTESIAN_POINT('',(0.,0.));
#9236 = VECTOR('',#9237,1.);
#9237 = DIRECTION('',(0.,-1.));
#9238 = ( GEOMETRIC_REPRESENTATION_CONTEXT(2) 
PARAMETRIC_REPRESENTATION_CONTEXT() REPRESENTATION_CONTEXT('2D SPACE',''
  ) );
#9239 = ORIENTED_EDGE('',*,*,#822,.F.);
#9240 = ADVANCED_FACE('',(#9241),#4002,.T.);
#9241 = FACE_BOUND('',#9242,.T.);
#9242 = EDGE_LOOP('',(#9243,#9264,#9265,#9266));
#9243 = ORIENTED_EDGE('',*,*,#9244,.T.);
#9244 = EDGE_CURVE('',#3959,#7622,#9245,.T.);
#9245 = SURFACE_CURVE('',#9246,(#9250,#9257),.PCURVE_S1.);
#9246 = LINE('',#9247,#9248);
#9247 = CARTESIAN_POINT('',(371.95542772352,376.,362.15264421113));
#9248 = VECTOR('',#9249,1.);
#9249 = DIRECTION('',(0.,1.,0.));
#9250 = PCURVE('',#4002,#9251);
#9251 = DEFINITIONAL_REPRESENTATION('',(#9252),#9256);
#9252 = LINE('',#9253,#9254);
#9253 = CARTESIAN_POINT('',(0.,0.));
#9254 = VECTOR('',#9255,1.);
#9255 = DIRECTION('',(0.,-1.));
#9256 = ( GEOMETRIC_REPRESENTATION_CONTEXT(2) 
PARAMETRIC_REPRESENTATION_CONTEXT() REPRESENTATION_CONTEXT('2D SPACE',''
  ) );
#9257 = PCURVE('',#3974,#9258);
#9258 = DEFINITIONAL_REPRESENTATION('',(#9259),#9263);
#9259 = LINE('',#9260,#9261);
#9260 = CARTESIAN_POINT('',(1.228592614404,0.));
#9261 = VECTOR('',#9262,1.);
#9262 = DIRECTION('',(0.,-1.));
#9263 = ( GEOMETRIC_REPRESENTATION_CONTEXT(2) 
PARAMETRIC_REPRESENTATION_CONTEXT() REPRESENTATION_CONTEXT('2D SPACE',''
  ) );
#9264 = ORIENTED_EDGE('',*,*,#7644,.T.);
#9265 = ORIENTED_EDGE('',*,*,#9190,.F.);
#9266 = ORIENTED_EDGE('',*,*,#3986,.F.);
#9267 = ADVANCED_FACE('',(#9268),#866,.T.);
#9268 = FACE_BOUND('',#9269,.T.);
#9269 = EDGE_LOOP('',(#9270,#9271,#9272,#9293));
#9270 = ORIENTED_EDGE('',*,*,#9219,.T.);
#9271 = ORIENTED_EDGE('',*,*,#5068,.T.);
#9272 = ORIENTED_EDGE('',*,*,#9273,.F.);
#9273 = EDGE_CURVE('',#851,#5069,#9274,.T.);
#9274 = SURFACE_CURVE('',#9275,(#9279,#9286),.PCURVE_S1.);
#9275 = LINE('',#9276,#9277);
#9276 = CARTESIAN_POINT('',(375.7888373496,376.,389.84673578352));
#9277 = VECTOR('',#9278,1.);
#9278 = DIRECTION('',(0.,1.,0.));
#9279 = PCURVE('',#866,#9280);
#9280 = DEFINITIONAL_REPRESENTATION('',(#9281),#9285);
#9281 = LINE('',#9282,#9283);
#9282 = CARTESIAN_POINT('',(0.900142887903,0.));
#9283 = VECTOR('',#9284,1.);
#9284 = DIRECTION('',(0.,-1.));
#9285 = ( GEOMETRIC_REPRESENTATION_CONTEXT(2) 
PARAMETRIC_REPRESENTATION_CONTEXT() REPRESENTATION_CONTEXT('2D SPACE',''
  ) );
#9286 = PCURVE('',#894,#9287);
#9287 = DEFINITIONAL_REPRESENTATION('',(#9288),#9292);
#9288 = LINE('',#9289,#9290);
#9289 = CARTESIAN_POINT('',(0.,0.));
#9290 = VECTOR('',#9291,1.);
#9291 = DIRECTION('',(0.,-1.));
#9292 = ( GEOMETRIC_REPRESENTATION_CONTEXT(2) 
PARAMETRIC_REPRESENTATION_CONTEXT() REPRESENTATION_CONTEXT('2D SPACE',''
  ) );
#9293 = ORIENTED_EDGE('',*,*,#850,.F.);
#9294 = ADVANCED_FACE('',(#9295),#3974,.T.);
#9295 = FACE_BOUND('',#9296,.T.);
#9296 = EDGE_LOOP('',(#9297,#9318,#9319,#9320));
#9297 = ORIENTED_EDGE('',*,*,#9298,.T.);
#9298 = EDGE_CURVE('',#3931,#7599,#9299,.T.);
#9299 = SURFACE_CURVE('',#9300,(#9304,#9311),.PCURVE_S1.);
#9300 = LINE('',#9301,#9302);
#9301 = CARTESIAN_POINT('',(370.96984574206,376.,361.41911304617));
#9302 = VECTOR('',#9303,1.);
#9303 = DIRECTION('',(0.,1.,0.));
#9304 = PCURVE('',#3974,#9305);
#9305 = DEFINITIONAL_REPRESENTATION('',(#9306),#9310);
#9306 = LINE('',#9307,#9308);
#9307 = CARTESIAN_POINT('',(0.,0.));
#9308 = VECTOR('',#9309,1.);
#9309 = DIRECTION('',(0.,-1.));
#9310 = ( GEOMETRIC_REPRESENTATION_CONTEXT(2) 
PARAMETRIC_REPRESENTATION_CONTEXT() REPRESENTATION_CONTEXT('2D SPACE',''
  ) );
#9311 = PCURVE('',#3946,#9312);
#9312 = DEFINITIONAL_REPRESENTATION('',(#9313),#9317);
#9313 = LINE('',#9314,#9315);
#9314 = CARTESIAN_POINT('',(1.228592614404,0.));
#9315 = VECTOR('',#9316,1.);
#9316 = DIRECTION('',(0.,-1.));
#9317 = ( GEOMETRIC_REPRESENTATION_CONTEXT(2) 
PARAMETRIC_REPRESENTATION_CONTEXT() REPRESENTATION_CONTEXT('2D SPACE',''
  ) );
#9318 = ORIENTED_EDGE('',*,*,#7621,.T.);
#9319 = ORIENTED_EDGE('',*,*,#9244,.F.);
#9320 = ORIENTED_EDGE('',*,*,#3958,.F.);
#9321 = ADVANCED_FACE('',(#9322),#894,.T.);
#9322 = FACE_BOUND('',#9323,.T.);
#9323 = EDGE_LOOP('',(#9324,#9325,#9326,#9347));
#9324 = ORIENTED_EDGE('',*,*,#9273,.T.);
#9325 = ORIENTED_EDGE('',*,*,#5091,.T.);
#9326 = ORIENTED_EDGE('',*,*,#9327,.F.);
#9327 = EDGE_CURVE('',#879,#5092,#9328,.T.);
#9328 = SURFACE_CURVE('',#9329,(#9333,#9340),.PCURVE_S1.);
#9329 = LINE('',#9330,#9331);
#9330 = CARTESIAN_POINT('',(375.10629821886,376.,390.43358972928));
#9331 = VECTOR('',#9332,1.);
#9332 = DIRECTION('',(0.,1.,0.));
#9333 = PCURVE('',#894,#9334);
#9334 = DEFINITIONAL_REPRESENTATION('',(#9335),#9339);
#9335 = LINE('',#9336,#9337);
#9336 = CARTESIAN_POINT('',(0.900142887903,0.));
#9337 = VECTOR('',#9338,1.);
#9338 = DIRECTION('',(0.,-1.));
#9339 = ( GEOMETRIC_REPRESENTATION_CONTEXT(2) 
PARAMETRIC_REPRESENTATION_CONTEXT() REPRESENTATION_CONTEXT('2D SPACE',''
  ) );
#9340 = PCURVE('',#922,#9341);
#9341 = DEFINITIONAL_REPRESENTATION('',(#9342),#9346);
#9342 = LINE('',#9343,#9344);
#9343 = CARTESIAN_POINT('',(0.,0.));
#9344 = VECTOR('',#9345,1.);
#9345 = DIRECTION('',(0.,-1.));
#9346 = ( GEOMETRIC_REPRESENTATION_CONTEXT(2) 
PARAMETRIC_REPRESENTATION_CONTEXT() REPRESENTATION_CONTEXT('2D SPACE',''
  ) );
#9347 = ORIENTED_EDGE('',*,*,#878,.F.);
#9348 = ADVANCED_FACE('',(#9349),#3946,.T.);
#9349 = FACE_BOUND('',#9350,.T.);
#9350 = EDGE_LOOP('',(#9351,#9372,#9373,#9374));
#9351 = ORIENTED_EDGE('',*,*,#9352,.T.);
#9352 = EDGE_CURVE('',#3903,#7576,#9353,.T.);
#9353 = SURFACE_CURVE('',#9354,(#9358,#9365),.PCURVE_S1.);
#9354 = LINE('',#9355,#9356);
#9355 = CARTESIAN_POINT('',(369.9304434954,376.,360.7640689394));
#9356 = VECTOR('',#9357,1.);
#9357 = DIRECTION('',(0.,1.,0.));
#9358 = PCURVE('',#3946,#9359);
#9359 = DEFINITIONAL_REPRESENTATION('',(#9360),#9364);
#9360 = LINE('',#9361,#9362);
#9361 = CARTESIAN_POINT('',(0.,0.));
#9362 = VECTOR('',#9363,1.);
#9363 = DIRECTION('',(0.,-1.));
#9364 = ( GEOMETRIC_REPRESENTATION_CONTEXT(2) 
PARAMETRIC_REPRESENTATION_CONTEXT() REPRESENTATION_CONTEXT('2D SPACE',''
  ) );
#9365 = PCURVE('',#3918,#9366);
#9366 = DEFINITIONAL_REPRESENTATION('',(#9367),#9371);
#9367 = LINE('',#9368,#9369);
#9368 = CARTESIAN_POINT('',(1.228592614404,0.));
#9369 = VECTOR('',#9370,1.);
#9370 = DIRECTION('',(0.,-1.));
#9371 = ( GEOMETRIC_REPRESENTATION_CONTEXT(2) 
PARAMETRIC_REPRESENTATION_CONTEXT() REPRESENTATION_CONTEXT('2D SPACE',''
  ) );
#9372 = ORIENTED_EDGE('',*,*,#7598,.T.);
#9373 = ORIENTED_EDGE('',*,*,#9298,.F.);
#9374 = ORIENTED_EDGE('',*,*,#3930,.F.);
#9375 = ADVANCED_FACE('',(#9376),#922,.T.);
#9376 = FACE_BOUND('',#9377,.T.);
#9377 = EDGE_LOOP('',(#9378,#9379,#9380,#9401));
#9378 = ORIENTED_EDGE('',*,*,#9327,.T.);
#9379 = ORIENTED_EDGE('',*,*,#5114,.T.);
#9380 = ORIENTED_EDGE('',*,*,#9381,.F.);
#9381 = EDGE_CURVE('',#907,#5115,#9382,.T.);
#9382 = SURFACE_CURVE('',#9383,(#9387,#9394),.PCURVE_S1.);
#9383 = LINE('',#9384,#9385);
#9384 = CARTESIAN_POINT('',(374.39881050455,376.,390.99011318138));
#9385 = VECTOR('',#9386,1.);
#9386 = DIRECTION('',(0.,1.,0.));
#9387 = PCURVE('',#922,#9388);
#9388 = DEFINITIONAL_REPRESENTATION('',(#9389),#9393);
#9389 = LINE('',#9390,#9391);
#9390 = CARTESIAN_POINT('',(0.900142887903,0.));
#9391 = VECTOR('',#9392,1.);
#9392 = DIRECTION('',(0.,-1.));
#9393 = ( GEOMETRIC_REPRESENTATION_CONTEXT(2) 
PARAMETRIC_REPRESENTATION_CONTEXT() REPRESENTATION_CONTEXT('2D SPACE',''
  ) );
#9394 = PCURVE('',#950,#9395);
#9395 = DEFINITIONAL_REPRESENTATION('',(#9396),#9400);
#9396 = LINE('',#9397,#9398);
#9397 = CARTESIAN_POINT('',(0.,0.));
#9398 = VECTOR('',#9399,1.);
#9399 = DIRECTION('',(0.,-1.));
#9400 = ( GEOMETRIC_REPRESENTATION_CONTEXT(2) 
PARAMETRIC_REPRESENTATION_CONTEXT() REPRESENTATION_CONTEXT('2D SPACE',''
  ) );
#9401 = ORIENTED_EDGE('',*,*,#906,.F.);
#9402 = ADVANCED_FACE('',(#9403),#3918,.T.);
#9403 = FACE_BOUND('',#9404,.T.);
#9404 = EDGE_LOOP('',(#9405,#9426,#9427,#9428));
#9405 = ORIENTED_EDGE('',*,*,#9406,.T.);
#9406 = EDGE_CURVE('',#3875,#7553,#9407,.T.);
#9407 = SURFACE_CURVE('',#9408,(#9412,#9419),.PCURVE_S1.);
#9408 = LINE('',#9409,#9410);
#9409 = CARTESIAN_POINT('',(368.84345753501,376.,360.19144224243));
#9410 = VECTOR('',#9411,1.);
#9411 = DIRECTION('',(0.,1.,0.));
#9412 = PCURVE('',#3918,#9413);
#9413 = DEFINITIONAL_REPRESENTATION('',(#9414),#9418);
#9414 = LINE('',#9415,#9416);
#9415 = CARTESIAN_POINT('',(0.,0.));
#9416 = VECTOR('',#9417,1.);
#9417 = DIRECTION('',(0.,-1.));
#9418 = ( GEOMETRIC_REPRESENTATION_CONTEXT(2) 
PARAMETRIC_REPRESENTATION_CONTEXT() REPRESENTATION_CONTEXT('2D SPACE',''
  ) );
#9419 = PCURVE('',#3890,#9420);
#9420 = DEFINITIONAL_REPRESENTATION('',(#9421),#9425);
#9421 = LINE('',#9422,#9423);
#9422 = CARTESIAN_POINT('',(1.228592614404,0.));
#9423 = VECTOR('',#9424,1.);
#9424 = DIRECTION('',(0.,-1.));
#9425 = ( GEOMETRIC_REPRESENTATION_CONTEXT(2) 
PARAMETRIC_REPRESENTATION_CONTEXT() REPRESENTATION_CONTEXT('2D SPACE',''
  ) );
#9426 = ORIENTED_EDGE('',*,*,#7575,.T.);
#9427 = ORIENTED_EDGE('',*,*,#9352,.F.);
#9428 = ORIENTED_EDGE('',*,*,#3902,.F.);
#9429 = ADVANCED_FACE('',(#9430),#950,.T.);
#9430 = FACE_BOUND('',#9431,.T.);
#9431 = EDGE_LOOP('',(#9432,#9433,#9434,#9455));
#9432 = ORIENTED_EDGE('',*,*,#9381,.T.);
#9433 = ORIENTED_EDGE('',*,*,#5137,.T.);
#9434 = ORIENTED_EDGE('',*,*,#9435,.F.);
#9435 = EDGE_CURVE('',#935,#5138,#9436,.T.);
#9436 = SURFACE_CURVE('',#9437,(#9441,#9448),.PCURVE_S1.);
#9437 = LINE('',#9438,#9439);
#9438 = CARTESIAN_POINT('',(371.95542772352,376.,386.84735578886));
#9439 = VECTOR('',#9440,1.);
#9440 = DIRECTION('',(0.,1.,0.));
#9441 = PCURVE('',#950,#9442);
#9442 = DEFINITIONAL_REPRESENTATION('',(#9443),#9447);
#9443 = LINE('',#9444,#9445);
#9444 = CARTESIAN_POINT('',(4.809631818338,0.));
#9445 = VECTOR('',#9446,1.);
#9446 = DIRECTION('',(0.,-1.));
#9447 = ( GEOMETRIC_REPRESENTATION_CONTEXT(2) 
PARAMETRIC_REPRESENTATION_CONTEXT() REPRESENTATION_CONTEXT('2D SPACE',''
  ) );
#9448 = PCURVE('',#978,#9449);
#9449 = DEFINITIONAL_REPRESENTATION('',(#9450),#9454);
#9450 = LINE('',#9451,#9452);
#9451 = CARTESIAN_POINT('',(0.,0.));
#9452 = VECTOR('',#9453,1.);
#9453 = DIRECTION('',(0.,-1.));
#9454 = ( GEOMETRIC_REPRESENTATION_CONTEXT(2) 
PARAMETRIC_REPRESENTATION_CONTEXT() REPRESENTATION_CONTEXT('2D SPACE',''
  ) );
#9455 = ORIENTED_EDGE('',*,*,#934,.F.);
#9456 = ADVANCED_FACE('',(#9457),#3890,.T.);
#9457 = FACE_BOUND('',#9458,.T.);
#9458 = EDGE_LOOP('',(#9459,#9480,#9481,#9482));
#9459 = ORIENTED_EDGE('',*,*,#9460,.T.);
#9460 = EDGE_CURVE('',#3847,#7530,#9461,.T.);
#9461 = SURFACE_CURVE('',#9462,(#9466,#9473),.PCURVE_S1.);
#9462 = LINE('',#9463,#9464);
#9463 = CARTESIAN_POINT('',(367.71540992095,376.,359.70466879145));
#9464 = VECTOR('',#9465,1.);
#9465 = DIRECTION('',(0.,1.,0.));
#9466 = PCURVE('',#3890,#9467);
#9467 = DEFINITIONAL_REPRESENTATION('',(#9468),#9472);
#9468 = LINE('',#9469,#9470);
#9469 = CARTESIAN_POINT('',(0.,0.));
#9470 = VECTOR('',#9471,1.);
#9471 = DIRECTION('',(0.,-1.));
#9472 = ( GEOMETRIC_REPRESENTATION_CONTEXT(2) 
PARAMETRIC_REPRESENTATION_CONTEXT() REPRESENTATION_CONTEXT('2D SPACE',''
  ) );
#9473 = PCURVE('',#3862,#9474);
#9474 = DEFINITIONAL_REPRESENTATION('',(#9475),#9479);
#9475 = LINE('',#9476,#9477);
#9476 = CARTESIAN_POINT('',(4.809631818338,0.));
#9477 = VECTOR('',#9478,1.);
#9478 = DIRECTION('',(0.,-1.));
#9479 = ( GEOMETRIC_REPRESENTATION_CONTEXT(2) 
PARAMETRIC_REPRESENTATION_CONTEXT() REPRESENTATION_CONTEXT('2D SPACE',''
  ) );
#9480 = ORIENTED_EDGE('',*,*,#7552,.T.);
#9481 = ORIENTED_EDGE('',*,*,#9406,.F.);
#9482 = ORIENTED_EDGE('',*,*,#3874,.F.);
#9483 = ADVANCED_FACE('',(#9484),#978,.T.);
#9484 = FACE_BOUND('',#9485,.T.);
#9485 = EDGE_LOOP('',(#9486,#9487,#9488,#9509));
#9486 = ORIENTED_EDGE('',*,*,#9435,.T.);
#9487 = ORIENTED_EDGE('',*,*,#5160,.T.);
#9488 = ORIENTED_EDGE('',*,*,#9489,.F.);
#9489 = EDGE_CURVE('',#963,#5161,#9490,.T.);
#9490 = SURFACE_CURVE('',#9491,(#9495,#9502),.PCURVE_S1.);
#9491 = LINE('',#9492,#9493);
#9492 = CARTESIAN_POINT('',(370.96984574206,376.,387.58088695382));
#9493 = VECTOR('',#9494,1.);
#9494 = DIRECTION('',(0.,1.,0.));
#9495 = PCURVE('',#978,#9496);
#9496 = DEFINITIONAL_REPRESENTATION('',(#9497),#9501);
#9497 = LINE('',#9498,#9499);
#9498 = CARTESIAN_POINT('',(1.228592614404,0.));
#9499 = VECTOR('',#9500,1.);
#9500 = DIRECTION('',(0.,-1.));
#9501 = ( GEOMETRIC_REPRESENTATION_CONTEXT(2) 
PARAMETRIC_REPRESENTATION_CONTEXT() REPRESENTATION_CONTEXT('2D SPACE',''
  ) );
#9502 = PCURVE('',#1006,#9503);
#9503 = DEFINITIONAL_REPRESENTATION('',(#9504),#9508);
#9504 = LINE('',#9505,#9506);
#9505 = CARTESIAN_POINT('',(0.,0.));
#9506 = VECTOR('',#9507,1.);
#9507 = DIRECTION('',(0.,-1.));
#9508 = ( GEOMETRIC_REPRESENTATION_CONTEXT(2) 
PARAMETRIC_REPRESENTATION_CONTEXT() REPRESENTATION_CONTEXT('2D SPACE',''
  ) );
#9509 = ORIENTED_EDGE('',*,*,#962,.F.);
#9510 = ADVANCED_FACE('',(#9511),#3862,.T.);
#9511 = FACE_BOUND('',#9512,.T.);
#9512 = EDGE_LOOP('',(#9513,#9534,#9535,#9536));
#9513 = ORIENTED_EDGE('',*,*,#9514,.T.);
#9514 = EDGE_CURVE('',#3819,#7507,#9515,.T.);
#9515 = SURFACE_CURVE('',#9516,(#9520,#9527),.PCURVE_S1.);
#9516 = LINE('',#9517,#9518);
#9517 = CARTESIAN_POINT('',(370.08145167408,376.,355.51725853564));
#9518 = VECTOR('',#9519,1.);
#9519 = DIRECTION('',(0.,1.,0.));
#9520 = PCURVE('',#3862,#9521);
#9521 = DEFINITIONAL_REPRESENTATION('',(#9522),#9526);
#9522 = LINE('',#9523,#9524);
#9523 = CARTESIAN_POINT('',(0.,0.));
#9524 = VECTOR('',#9525,1.);
#9525 = DIRECTION('',(0.,-1.));
#9526 = ( GEOMETRIC_REPRESENTATION_CONTEXT(2) 
PARAMETRIC_REPRESENTATION_CONTEXT() REPRESENTATION_CONTEXT('2D SPACE',''
  ) );
#9527 = PCURVE('',#3834,#9528);
#9528 = DEFINITIONAL_REPRESENTATION('',(#9529),#9533);
#9529 = LINE('',#9530,#9531);
#9530 = CARTESIAN_POINT('',(0.900142887903,0.));
#9531 = VECTOR('',#9532,1.);
#9532 = DIRECTION('',(0.,-1.));
#9533 = ( GEOMETRIC_REPRESENTATION_CONTEXT(2) 
PARAMETRIC_REPRESENTATION_CONTEXT() REPRESENTATION_CONTEXT('2D SPACE',''
  ) );
#9534 = ORIENTED_EDGE('',*,*,#7529,.T.);
#9535 = ORIENTED_EDGE('',*,*,#9460,.F.);
#9536 = ORIENTED_EDGE('',*,*,#3846,.F.);
#9537 = ADVANCED_FACE('',(#9538),#1006,.T.);
#9538 = FACE_BOUND('',#9539,.T.);
#9539 = EDGE_LOOP('',(#9540,#9541,#9542,#9563));
#9540 = ORIENTED_EDGE('',*,*,#9489,.T.);
#9541 = ORIENTED_EDGE('',*,*,#5183,.T.);
#9542 = ORIENTED_EDGE('',*,*,#9543,.F.);
#9543 = EDGE_CURVE('',#991,#5184,#9544,.T.);
#9544 = SURFACE_CURVE('',#9545,(#9549,#9556),.PCURVE_S1.);
#9545 = LINE('',#9546,#9547);
#9546 = CARTESIAN_POINT('',(369.9304434954,376.,388.23593106059));
#9547 = VECTOR('',#9548,1.);
#9548 = DIRECTION('',(0.,1.,0.));
#9549 = PCURVE('',#1006,#9550);
#9550 = DEFINITIONAL_REPRESENTATION('',(#9551),#9555);
#9551 = LINE('',#9552,#9553);
#9552 = CARTESIAN_POINT('',(1.228592614404,0.));
#9553 = VECTOR('',#9554,1.);
#9554 = DIRECTION('',(0.,-1.));
#9555 = ( GEOMETRIC_REPRESENTATION_CONTEXT(2) 
PARAMETRIC_REPRESENTATION_CONTEXT() REPRESENTATION_CONTEXT('2D SPACE',''
  ) );
#9556 = PCURVE('',#1034,#9557);
#9557 = DEFINITIONAL_REPRESENTATION('',(#9558),#9562);
#9558 = LINE('',#9559,#9560);
#9559 = CARTESIAN_POINT('',(0.,0.));
#9560 = VECTOR('',#9561,1.);
#9561 = DIRECTION('',(0.,-1.));
#9562 = ( GEOMETRIC_REPRESENTATION_CONTEXT(2) 
PARAMETRIC_REPRESENTATION_CONTEXT() REPRESENTATION_CONTEXT('2D SPACE',''
  ) );
#9563 = ORIENTED_EDGE('',*,*,#990,.F.);
#9564 = ADVANCED_FACE('',(#9565),#3834,.T.);
#9565 = FACE_BOUND('',#9566,.T.);
#9566 = EDGE_LOOP('',(#9567,#9588,#9589,#9590));
#9567 = ORIENTED_EDGE('',*,*,#9568,.T.);
#9568 = EDGE_CURVE('',#3791,#7484,#9569,.T.);
#9569 = SURFACE_CURVE('',#9570,(#9574,#9581),.PCURVE_S1.);
#9570 = LINE('',#9571,#9572);
#9571 = CARTESIAN_POINT('',(369.2457443696,376.,355.18281792824));
#9572 = VECTOR('',#9573,1.);
#9573 = DIRECTION('',(0.,1.,0.));
#9574 = PCURVE('',#3834,#9575);
#9575 = DEFINITIONAL_REPRESENTATION('',(#9576),#9580);
#9576 = LINE('',#9577,#9578);
#9577 = CARTESIAN_POINT('',(0.,0.));
#9578 = VECTOR('',#9579,1.);
#9579 = DIRECTION('',(0.,-1.));
#9580 = ( GEOMETRIC_REPRESENTATION_CONTEXT(2) 
PARAMETRIC_REPRESENTATION_CONTEXT() REPRESENTATION_CONTEXT('2D SPACE',''
  ) );
#9581 = PCURVE('',#3806,#9582);
#9582 = DEFINITIONAL_REPRESENTATION('',(#9583),#9587);
#9583 = LINE('',#9584,#9585);
#9584 = CARTESIAN_POINT('',(0.900142887903,0.));
#9585 = VECTOR('',#9586,1.);
#9586 = DIRECTION('',(0.,-1.));
#9587 = ( GEOMETRIC_REPRESENTATION_CONTEXT(2) 
PARAMETRIC_REPRESENTATION_CONTEXT() REPRESENTATION_CONTEXT('2D SPACE',''
  ) );
#9588 = ORIENTED_EDGE('',*,*,#7506,.T.);
#9589 = ORIENTED_EDGE('',*,*,#9514,.F.);
#9590 = ORIENTED_EDGE('',*,*,#3818,.F.);
#9591 = ADVANCED_FACE('',(#9592),#1034,.T.);
#9592 = FACE_BOUND('',#9593,.T.);
#9593 = EDGE_LOOP('',(#9594,#9595,#9596,#9617));
#9594 = ORIENTED_EDGE('',*,*,#9543,.T.);
#9595 = ORIENTED_EDGE('',*,*,#5206,.T.);
#9596 = ORIENTED_EDGE('',*,*,#9597,.F.);
#9597 = EDGE_CURVE('',#1019,#5207,#9598,.T.);
#9598 = SURFACE_CURVE('',#9599,(#9603,#9610),.PCURVE_S1.);
#9599 = LINE('',#9600,#9601);
#9600 = CARTESIAN_POINT('',(368.84345753501,376.,388.80855775756));
#9601 = VECTOR('',#9602,1.);
#9602 = DIRECTION('',(0.,1.,0.));
#9603 = PCURVE('',#1034,#9604);
#9604 = DEFINITIONAL_REPRESENTATION('',(#9605),#9609);
#9605 = LINE('',#9606,#9607);
#9606 = CARTESIAN_POINT('',(1.228592614404,0.));
#9607 = VECTOR('',#9608,1.);
#9608 = DIRECTION('',(0.,-1.));
#9609 = ( GEOMETRIC_REPRESENTATION_CONTEXT(2) 
PARAMETRIC_REPRESENTATION_CONTEXT() REPRESENTATION_CONTEXT('2D SPACE',''
  ) );
#9610 = PCURVE('',#1062,#9611);
#9611 = DEFINITIONAL_REPRESENTATION('',(#9612),#9616);
#9612 = LINE('',#9613,#9614);
#9613 = CARTESIAN_POINT('',(0.,0.));
#9614 = VECTOR('',#9615,1.);
#9615 = DIRECTION('',(0.,-1.));
#9616 = ( GEOMETRIC_REPRESENTATION_CONTEXT(2) 
PARAMETRIC_REPRESENTATION_CONTEXT() REPRESENTATION_CONTEXT('2D SPACE',''
  ) );
#9617 = ORIENTED_EDGE('',*,*,#1018,.F.);
#9618 = ADVANCED_FACE('',(#9619),#3806,.T.);
#9619 = FACE_BOUND('',#9620,.T.);
#9620 = EDGE_LOOP('',(#9621,#9642,#9643,#9644));
#9621 = ORIENTED_EDGE('',*,*,#9622,.T.);
#9622 = EDGE_CURVE('',#3763,#7461,#9623,.T.);
#9623 = SURFACE_CURVE('',#9624,(#9628,#9635),.PCURVE_S1.);
#9624 = LINE('',#9625,#9626);
#9625 = CARTESIAN_POINT('',(368.39624437889,376.,354.88514867483));
#9626 = VECTOR('',#9627,1.);
#9627 = DIRECTION('',(0.,1.,0.));
#9628 = PCURVE('',#3806,#9629);
#9629 = DEFINITIONAL_REPRESENTATION('',(#9630),#9634);
#9630 = LINE('',#9631,#9632);
#9631 = CARTESIAN_POINT('',(0.,0.));
#9632 = VECTOR('',#9633,1.);
#9633 = DIRECTION('',(0.,-1.));
#9634 = ( GEOMETRIC_REPRESENTATION_CONTEXT(2) 
PARAMETRIC_REPRESENTATION_CONTEXT() REPRESENTATION_CONTEXT('2D SPACE',''
  ) );
#9635 = PCURVE('',#3778,#9636);
#9636 = DEFINITIONAL_REPRESENTATION('',(#9637),#9641);
#9637 = LINE('',#9638,#9639);
#9638 = CARTESIAN_POINT('',(0.900142887903,0.));
#9639 = VECTOR('',#9640,1.);
#9640 = DIRECTION('',(0.,-1.));
#9641 = ( GEOMETRIC_REPRESENTATION_CONTEXT(2) 
PARAMETRIC_REPRESENTATION_CONTEXT() REPRESENTATION_CONTEXT('2D SPACE',''
  ) );
#9642 = ORIENTED_EDGE('',*,*,#7483,.T.);
#9643 = ORIENTED_EDGE('',*,*,#9568,.F.);
#9644 = ORIENTED_EDGE('',*,*,#3790,.F.);
#9645 = ADVANCED_FACE('',(#9646),#1062,.T.);
#9646 = FACE_BOUND('',#9647,.T.);
#9647 = EDGE_LOOP('',(#9648,#9649,#9650,#9671));
#9648 = ORIENTED_EDGE('',*,*,#9597,.T.);
#9649 = ORIENTED_EDGE('',*,*,#5229,.T.);
#9650 = ORIENTED_EDGE('',*,*,#9651,.F.);
#9651 = EDGE_CURVE('',#1047,#5230,#9652,.T.);
#9652 = SURFACE_CURVE('',#9653,(#9657,#9664),.PCURVE_S1.);
#9653 = LINE('',#9654,#9655);
#9654 = CARTESIAN_POINT('',(367.71540992095,376.,389.29533120854));
#9655 = VECTOR('',#9656,1.);
#9656 = DIRECTION('',(0.,1.,0.));
#9657 = PCURVE('',#1062,#9658);
#9658 = DEFINITIONAL_REPRESENTATION('',(#9659),#9663);
#9659 = LINE('',#9660,#9661);
#9660 = CARTESIAN_POINT('',(1.228592614404,0.));
#9661 = VECTOR('',#9662,1.);
#9662 = DIRECTION('',(0.,-1.));
#9663 = ( GEOMETRIC_REPRESENTATION_CONTEXT(2) 
PARAMETRIC_REPRESENTATION_CONTEXT() REPRESENTATION_CONTEXT('2D SPACE',''
  ) );
#9664 = PCURVE('',#1090,#9665);
#9665 = DEFINITIONAL_REPRESENTATION('',(#9666),#9670);
#9666 = LINE('',#9667,#9668);
#9667 = CARTESIAN_POINT('',(0.,0.));
#9668 = VECTOR('',#9669,1.);
#9669 = DIRECTION('',(0.,-1.));
#9670 = ( GEOMETRIC_REPRESENTATION_CONTEXT(2) 
PARAMETRIC_REPRESENTATION_CONTEXT() REPRESENTATION_CONTEXT('2D SPACE',''
  ) );
#9671 = ORIENTED_EDGE('',*,*,#1046,.F.);
#9672 = ADVANCED_FACE('',(#9673),#3778,.T.);
#9673 = FACE_BOUND('',#9674,.T.);
#9674 = EDGE_LOOP('',(#9675,#9696,#9697,#9698));
#9675 = ORIENTED_EDGE('',*,*,#9676,.T.);
#9676 = EDGE_CURVE('',#3735,#7438,#9677,.T.);
#9677 = SURFACE_CURVE('',#9678,(#9682,#9689),.PCURVE_S1.);
#9678 = LINE('',#9679,#9680);
#9679 = CARTESIAN_POINT('',(367.53456877347,376.,354.62481740575));
#9680 = VECTOR('',#9681,1.);
#9681 = DIRECTION('',(0.,1.,0.));
#9682 = PCURVE('',#3778,#9683);
#9683 = DEFINITIONAL_REPRESENTATION('',(#9684),#9688);
#9684 = LINE('',#9685,#9686);
#9685 = CARTESIAN_POINT('',(0.,0.));
#9686 = VECTOR('',#9687,1.);
#9687 = DIRECTION('',(0.,-1.));
#9688 = ( GEOMETRIC_REPRESENTATION_CONTEXT(2) 
PARAMETRIC_REPRESENTATION_CONTEXT() REPRESENTATION_CONTEXT('2D SPACE',''
  ) );
#9689 = PCURVE('',#3750,#9690);
#9690 = DEFINITIONAL_REPRESENTATION('',(#9691),#9695);
#9691 = LINE('',#9692,#9693);
#9692 = CARTESIAN_POINT('',(0.900142887903,0.));
#9693 = VECTOR('',#9694,1.);
#9694 = DIRECTION('',(0.,-1.));
#9695 = ( GEOMETRIC_REPRESENTATION_CONTEXT(2) 
PARAMETRIC_REPRESENTATION_CONTEXT() REPRESENTATION_CONTEXT('2D SPACE',''
  ) );
#9696 = ORIENTED_EDGE('',*,*,#7460,.T.);
#9697 = ORIENTED_EDGE('',*,*,#9622,.F.);
#9698 = ORIENTED_EDGE('',*,*,#3762,.F.);
#9699 = ADVANCED_FACE('',(#9700),#1090,.T.);
#9700 = FACE_BOUND('',#9701,.T.);
#9701 = EDGE_LOOP('',(#9702,#9703,#9704,#9725));
#9702 = ORIENTED_EDGE('',*,*,#9651,.T.);
#9703 = ORIENTED_EDGE('',*,*,#5252,.T.);
#9704 = ORIENTED_EDGE('',*,*,#9705,.F.);
#9705 = EDGE_CURVE('',#1075,#5253,#9706,.T.);
#9706 = SURFACE_CURVE('',#9707,(#9711,#9718),.PCURVE_S1.);
#9707 = LINE('',#9708,#9709);
#9708 = CARTESIAN_POINT('',(368.02824149954,376.,390.45251134176));
#9709 = VECTOR('',#9710,1.);
#9710 = DIRECTION('',(0.,1.,0.));
#9711 = PCURVE('',#1090,#9712);
#9712 = DEFINITIONAL_REPRESENTATION('',(#9713),#9717);
#9713 = LINE('',#9714,#9715);
#9714 = CARTESIAN_POINT('',(1.198719924449,0.));
#9715 = VECTOR('',#9716,1.);
#9716 = DIRECTION('',(0.,-1.));
#9717 = ( GEOMETRIC_REPRESENTATION_CONTEXT(2) 
PARAMETRIC_REPRESENTATION_CONTEXT() REPRESENTATION_CONTEXT('2D SPACE',''
  ) );
#9718 = PCURVE('',#1118,#9719);
#9719 = DEFINITIONAL_REPRESENTATION('',(#9720),#9724);
#9720 = LINE('',#9721,#9722);
#9721 = CARTESIAN_POINT('',(0.,0.));
#9722 = VECTOR('',#9723,1.);
#9723 = DIRECTION('',(0.,-1.));
#9724 = ( GEOMETRIC_REPRESENTATION_CONTEXT(2) 
PARAMETRIC_REPRESENTATION_CONTEXT() REPRESENTATION_CONTEXT('2D SPACE',''
  ) );
#9725 = ORIENTED_EDGE('',*,*,#1074,.F.);
#9726 = ADVANCED_FACE('',(#9727),#3750,.T.);
#9727 = FACE_BOUND('',#9728,.T.);
#9728 = EDGE_LOOP('',(#9729,#9750,#9751,#9752));
#9729 = ORIENTED_EDGE('',*,*,#9730,.T.);
#9730 = EDGE_CURVE('',#3707,#7415,#9731,.T.);
#9731 = SURFACE_CURVE('',#9732,(#9736,#9743),.PCURVE_S1.);
#9732 = LINE('',#9733,#9734);
#9733 = CARTESIAN_POINT('',(366.66235780182,376.,354.40231967637));
#9734 = VECTOR('',#9735,1.);
#9735 = DIRECTION('',(0.,1.,0.));
#9736 = PCURVE('',#3750,#9737);
#9737 = DEFINITIONAL_REPRESENTATION('',(#9738),#9742);
#9738 = LINE('',#9739,#9740);
#9739 = CARTESIAN_POINT('',(0.,0.));
#9740 = VECTOR('',#9741,1.);
#9741 = DIRECTION('',(0.,-1.));
#9742 = ( GEOMETRIC_REPRESENTATION_CONTEXT(2) 
PARAMETRIC_REPRESENTATION_CONTEXT() REPRESENTATION_CONTEXT('2D SPACE',''
  ) );
#9743 = PCURVE('',#3722,#9744);
#9744 = DEFINITIONAL_REPRESENTATION('',(#9745),#9749);
#9745 = LINE('',#9746,#9747);
#9746 = CARTESIAN_POINT('',(1.569764844889,0.));
#9747 = VECTOR('',#9748,1.);
#9748 = DIRECTION('',(0.,-1.));
#9749 = ( GEOMETRIC_REPRESENTATION_CONTEXT(2) 
PARAMETRIC_REPRESENTATION_CONTEXT() REPRESENTATION_CONTEXT('2D SPACE',''
  ) );
#9750 = ORIENTED_EDGE('',*,*,#7437,.T.);
#9751 = ORIENTED_EDGE('',*,*,#9676,.F.);
#9752 = ORIENTED_EDGE('',*,*,#3734,.F.);
#9753 = ADVANCED_FACE('',(#9754),#1118,.T.);
#9754 = FACE_BOUND('',#9755,.T.);
#9755 = EDGE_LOOP('',(#9756,#9757,#9758,#9779));
#9756 = ORIENTED_EDGE('',*,*,#9705,.T.);
#9757 = ORIENTED_EDGE('',*,*,#5275,.T.);
#9758 = ORIENTED_EDGE('',*,*,#9759,.F.);
#9759 = EDGE_CURVE('',#1103,#5276,#9760,.T.);
#9760 = SURFACE_CURVE('',#9761,(#9765,#9772),.PCURVE_S1.);
#9761 = LINE('',#9762,#9763);
#9762 = CARTESIAN_POINT('',(368.32437121192,376.,391.61502073417));
#9763 = VECTOR('',#9764,1.);
#9764 = DIRECTION('',(0.,1.,0.));
#9765 = PCURVE('',#1118,#9766);
#9766 = DEFINITIONAL_REPRESENTATION('',(#9767),#9771);
#9767 = LINE('',#9768,#9769);
#9768 = CARTESIAN_POINT('',(1.199633649912,0.));
#9769 = VECTOR('',#9770,1.);
#9770 = DIRECTION('',(0.,-1.));
#9771 = ( GEOMETRIC_REPRESENTATION_CONTEXT(2) 
PARAMETRIC_REPRESENTATION_CONTEXT() REPRESENTATION_CONTEXT('2D SPACE',''
  ) );
#9772 = PCURVE('',#1146,#9773);
#9773 = DEFINITIONAL_REPRESENTATION('',(#9774),#9778);
#9774 = LINE('',#9775,#9776);
#9775 = CARTESIAN_POINT('',(0.,0.));
#9776 = VECTOR('',#9777,1.);
#9777 = DIRECTION('',(0.,-1.));
#9778 = ( GEOMETRIC_REPRESENTATION_CONTEXT(2) 
PARAMETRIC_REPRESENTATION_CONTEXT() REPRESENTATION_CONTEXT('2D SPACE',''
  ) );
#9779 = ORIENTED_EDGE('',*,*,#1102,.F.);
#9780 = ADVANCED_FACE('',(#9781),#3722,.T.);
#9781 = FACE_BOUND('',#9782,.T.);
#9782 = EDGE_LOOP('',(#9783,#9804,#9805,#9806));
#9783 = ORIENTED_EDGE('',*,*,#9784,.T.);
#9784 = EDGE_CURVE('',#3679,#7392,#9785,.T.);
#9785 = SURFACE_CURVE('',#9786,(#9790,#9797),.PCURVE_S1.);
#9786 = LINE('',#9787,#9788);
#9787 = CARTESIAN_POINT('',(365.42233321906,376.,355.3648687413));
#9788 = VECTOR('',#9789,1.);
#9789 = DIRECTION('',(0.,1.,0.));
#9790 = PCURVE('',#3722,#9791);
#9791 = DEFINITIONAL_REPRESENTATION('',(#9792),#9796);
#9792 = LINE('',#9793,#9794);
#9793 = CARTESIAN_POINT('',(0.,0.));
#9794 = VECTOR('',#9795,1.);
#9795 = DIRECTION('',(0.,-1.));
#9796 = ( GEOMETRIC_REPRESENTATION_CONTEXT(2) 
PARAMETRIC_REPRESENTATION_CONTEXT() REPRESENTATION_CONTEXT('2D SPACE',''
  ) );
#9797 = PCURVE('',#3694,#9798);
#9798 = DEFINITIONAL_REPRESENTATION('',(#9799),#9803);
#9799 = LINE('',#9800,#9801);
#9800 = CARTESIAN_POINT('',(1.200610506126,0.));
#9801 = VECTOR('',#9802,1.);
#9802 = DIRECTION('',(0.,-1.));
#9803 = ( GEOMETRIC_REPRESENTATION_CONTEXT(2) 
PARAMETRIC_REPRESENTATION_CONTEXT() REPRESENTATION_CONTEXT('2D SPACE',''
  ) );
#9804 = ORIENTED_EDGE('',*,*,#7414,.T.);
#9805 = ORIENTED_EDGE('',*,*,#9730,.F.);
#9806 = ORIENTED_EDGE('',*,*,#3706,.F.);
#9807 = ADVANCED_FACE('',(#9808),#1146,.T.);
#9808 = FACE_BOUND('',#9809,.T.);
#9809 = EDGE_LOOP('',(#9810,#9811,#9812,#9833));
#9810 = ORIENTED_EDGE('',*,*,#9759,.T.);
#9811 = ORIENTED_EDGE('',*,*,#5298,.T.);
#9812 = ORIENTED_EDGE('',*,*,#9813,.F.);
#9813 = EDGE_CURVE('',#1131,#5299,#9814,.T.);
#9814 = SURFACE_CURVE('',#9815,(#9819,#9826),.PCURVE_S1.);
#9815 = LINE('',#9816,#9817);
#9816 = CARTESIAN_POINT('',(368.60373812142,376.,392.78267638431));
#9817 = VECTOR('',#9818,1.);
#9818 = DIRECTION('',(0.,1.,0.));
#9819 = PCURVE('',#1146,#9820);
#9820 = DEFINITIONAL_REPRESENTATION('',(#9821),#9825);
#9821 = LINE('',#9822,#9823);
#9822 = CARTESIAN_POINT('',(1.200610506126,0.));
#9823 = VECTOR('',#9824,1.);
#9824 = DIRECTION('',(0.,-1.));
#9825 = ( GEOMETRIC_REPRESENTATION_CONTEXT(2) 
PARAMETRIC_REPRESENTATION_CONTEXT() REPRESENTATION_CONTEXT('2D SPACE',''
  ) );
#9826 = PCURVE('',#1174,#9827);
#9827 = DEFINITIONAL_REPRESENTATION('',(#9828),#9832);
#9828 = LINE('',#9829,#9830);
#9829 = CARTESIAN_POINT('',(0.,0.));
#9830 = VECTOR('',#9831,1.);
#9831 = DIRECTION('',(0.,-1.));
#9832 = ( GEOMETRIC_REPRESENTATION_CONTEXT(2) 
PARAMETRIC_REPRESENTATION_CONTEXT() REPRESENTATION_CONTEXT('2D SPACE',''
  ) );
#9833 = ORIENTED_EDGE('',*,*,#1130,.F.);
#9834 = ADVANCED_FACE('',(#9835),#3694,.T.);
#9835 = FACE_BOUND('',#9836,.T.);
#9836 = EDGE_LOOP('',(#9837,#9858,#9859,#9860));
#9837 = ORIENTED_EDGE('',*,*,#9838,.T.);
#9838 = EDGE_CURVE('',#3651,#7369,#9839,.T.);
#9839 = SURFACE_CURVE('',#9840,(#9844,#9851),.PCURVE_S1.);
#9840 = LINE('',#9841,#9842);
#9841 = CARTESIAN_POINT('',(365.08044423459,376.,356.51577165194));
#9842 = VECTOR('',#9843,1.);
#9843 = DIRECTION('',(0.,1.,0.));
#9844 = PCURVE('',#3694,#9845);
#9845 = DEFINITIONAL_REPRESENTATION('',(#9846),#9850);
#9846 = LINE('',#9847,#9848);
#9847 = CARTESIAN_POINT('',(0.,0.));
#9848 = VECTOR('',#9849,1.);
#9849 = DIRECTION('',(0.,-1.));
#9850 = ( GEOMETRIC_REPRESENTATION_CONTEXT(2) 
PARAMETRIC_REPRESENTATION_CONTEXT() REPRESENTATION_CONTEXT('2D SPACE',''
  ) );
#9851 = PCURVE('',#3666,#9852);
#9852 = DEFINITIONAL_REPRESENTATION('',(#9853),#9857);
#9853 = LINE('',#9854,#9855);
#9854 = CARTESIAN_POINT('',(1.199633649912,0.));
#9855 = VECTOR('',#9856,1.);
#9856 = DIRECTION('',(0.,-1.));
#9857 = ( GEOMETRIC_REPRESENTATION_CONTEXT(2) 
PARAMETRIC_REPRESENTATION_CONTEXT() REPRESENTATION_CONTEXT('2D SPACE',''
  ) );
#9858 = ORIENTED_EDGE('',*,*,#7391,.T.);
#9859 = ORIENTED_EDGE('',*,*,#9784,.F.);
#9860 = ORIENTED_EDGE('',*,*,#3678,.F.);
#9861 = ADVANCED_FACE('',(#9862),#1174,.T.);
#9862 = FACE_BOUND('',#9863,.T.);
#9863 = EDGE_LOOP('',(#9864,#9865,#9866,#9887));
#9864 = ORIENTED_EDGE('',*,*,#9813,.T.);
#9865 = ORIENTED_EDGE('',*,*,#5321,.T.);
#9866 = ORIENTED_EDGE('',*,*,#9867,.F.);
#9867 = EDGE_CURVE('',#1159,#5322,#9868,.T.);
#9868 = SURFACE_CURVE('',#9869,(#9873,#9880),.PCURVE_S1.);
#9869 = LINE('',#9870,#9871);
#9870 = CARTESIAN_POINT('',(368.0111198639,376.,394.23628061831));
#9871 = VECTOR('',#9872,1.);
#9872 = DIRECTION('',(0.,1.,0.));
#9873 = PCURVE('',#1174,#9874);
#9874 = DEFINITIONAL_REPRESENTATION('',(#9875),#9879);
#9875 = LINE('',#9876,#9877);
#9876 = CARTESIAN_POINT('',(1.569764844889,0.));
#9877 = VECTOR('',#9878,1.);
#9878 = DIRECTION('',(0.,-1.));
#9879 = ( GEOMETRIC_REPRESENTATION_CONTEXT(2) 
PARAMETRIC_REPRESENTATION_CONTEXT() REPRESENTATION_CONTEXT('2D SPACE',''
  ) );
#9880 = PCURVE('',#1202,#9881);
#9881 = DEFINITIONAL_REPRESENTATION('',(#9882),#9886);
#9882 = LINE('',#9883,#9884);
#9883 = CARTESIAN_POINT('',(0.,0.));
#9884 = VECTOR('',#9885,1.);
#9885 = DIRECTION('',(0.,-1.));
#9886 = ( GEOMETRIC_REPRESENTATION_CONTEXT(2) 
PARAMETRIC_REPRESENTATION_CONTEXT() REPRESENTATION_CONTEXT('2D SPACE',''
  ) );
#9887 = ORIENTED_EDGE('',*,*,#1158,.F.);
#9888 = ADVANCED_FACE('',(#9889),#3666,.T.);
#9889 = FACE_BOUND('',#9890,.T.);
#9890 = EDGE_LOOP('',(#9891,#9912,#9913,#9914));
#9891 = ORIENTED_EDGE('',*,*,#9892,.T.);
#9892 = EDGE_CURVE('',#3623,#7346,#9893,.T.);
#9893 = SURFACE_CURVE('',#9894,(#9898,#9905),.PCURVE_S1.);
#9894 = LINE('',#9895,#9896);
#9895 = CARTESIAN_POINT('',(364.75564539212,376.,357.6705991741));
#9896 = VECTOR('',#9897,1.);
#9897 = DIRECTION('',(0.,1.,0.));
#9898 = PCURVE('',#3666,#9899);
#9899 = DEFINITIONAL_REPRESENTATION('',(#9900),#9904);
#9900 = LINE('',#9901,#9902);
#9901 = CARTESIAN_POINT('',(0.,0.));
#9902 = VECTOR('',#9903,1.);
#9903 = DIRECTION('',(0.,-1.));
#9904 = ( GEOMETRIC_REPRESENTATION_CONTEXT(2) 
PARAMETRIC_REPRESENTATION_CONTEXT() REPRESENTATION_CONTEXT('2D SPACE',''
  ) );
#9905 = PCURVE('',#3638,#9906);
#9906 = DEFINITIONAL_REPRESENTATION('',(#9907),#9911);
#9907 = LINE('',#9908,#9909);
#9908 = CARTESIAN_POINT('',(1.198719924449,0.));
#9909 = VECTOR('',#9910,1.);
#9910 = DIRECTION('',(0.,-1.));
#9911 = ( GEOMETRIC_REPRESENTATION_CONTEXT(2) 
PARAMETRIC_REPRESENTATION_CONTEXT() REPRESENTATION_CONTEXT('2D SPACE',''
  ) );
#9912 = ORIENTED_EDGE('',*,*,#7368,.T.);
#9913 = ORIENTED_EDGE('',*,*,#9838,.F.);
#9914 = ORIENTED_EDGE('',*,*,#3650,.F.);
#9915 = ADVANCED_FACE('',(#9916),#1202,.T.);
#9916 = FACE_BOUND('',#9917,.T.);
#9917 = EDGE_LOOP('',(#9918,#9919,#9920,#9941));
#9918 = ORIENTED_EDGE('',*,*,#9867,.T.);
#9919 = ORIENTED_EDGE('',*,*,#5344,.T.);
#9920 = ORIENTED_EDGE('',*,*,#9921,.F.);
#9921 = EDGE_CURVE('',#1187,#5345,#9922,.T.);
#9922 = SURFACE_CURVE('',#9923,(#9927,#9934),.PCURVE_S1.);
#9923 = LINE('',#9924,#9925);
#9924 = CARTESIAN_POINT('',(367.1445141403,376.,394.4796974182));
#9925 = VECTOR('',#9926,1.);
#9926 = DIRECTION('',(0.,1.,0.));
#9927 = PCURVE('',#1202,#9928);
#9928 = DEFINITIONAL_REPRESENTATION('',(#9929),#9933);
#9929 = LINE('',#9930,#9931);
#9930 = CARTESIAN_POINT('',(0.900142887903,0.));
#9931 = VECTOR('',#9932,1.);
#9932 = DIRECTION('',(0.,-1.));
#9933 = ( GEOMETRIC_REPRESENTATION_CONTEXT(2) 
PARAMETRIC_REPRESENTATION_CONTEXT() REPRESENTATION_CONTEXT('2D SPACE',''
  ) );
#9934 = PCURVE('',#1230,#9935);
#9935 = DEFINITIONAL_REPRESENTATION('',(#9936),#9940);
#9936 = LINE('',#9937,#9938);
#9937 = CARTESIAN_POINT('',(0.,0.));
#9938 = VECTOR('',#9939,1.);
#9939 = DIRECTION('',(0.,-1.));
#9940 = ( GEOMETRIC_REPRESENTATION_CONTEXT(2) 
PARAMETRIC_REPRESENTATION_CONTEXT() REPRESENTATION_CONTEXT('2D SPACE',''
  ) );
#9941 = ORIENTED_EDGE('',*,*,#1186,.F.);
#9942 = ADVANCED_FACE('',(#9943),#3638,.T.);
#9943 = FACE_BOUND('',#9944,.T.);
#9944 = EDGE_LOOP('',(#9945,#9966,#9967,#9968));
#9945 = ORIENTED_EDGE('',*,*,#9946,.T.);
#9946 = EDGE_CURVE('',#3595,#7323,#9947,.T.);
#9947 = SURFACE_CURVE('',#9948,(#9952,#9959),.PCURVE_S1.);
#9948 = LINE('',#9949,#9950);
#9949 = CARTESIAN_POINT('',(364.44797541968,376.,358.82916235551));
#9950 = VECTOR('',#9951,1.);
#9951 = DIRECTION('',(0.,1.,0.));
#9952 = PCURVE('',#3638,#9953);
#9953 = DEFINITIONAL_REPRESENTATION('',(#9954),#9958);
#9954 = LINE('',#9955,#9956);
#9955 = CARTESIAN_POINT('',(0.,0.));
#9956 = VECTOR('',#9957,1.);
#9957 = DIRECTION('',(0.,-1.));
#9958 = ( GEOMETRIC_REPRESENTATION_CONTEXT(2) 
PARAMETRIC_REPRESENTATION_CONTEXT() REPRESENTATION_CONTEXT('2D SPACE',''
  ) );
#9959 = PCURVE('',#3610,#9960);
#9960 = DEFINITIONAL_REPRESENTATION('',(#9961),#9965);
#9961 = LINE('',#9962,#9963);
#9962 = CARTESIAN_POINT('',(1.228592614404,0.));
#9963 = VECTOR('',#9964,1.);
#9964 = DIRECTION('',(0.,-1.));
#9965 = ( GEOMETRIC_REPRESENTATION_CONTEXT(2) 
PARAMETRIC_REPRESENTATION_CONTEXT() REPRESENTATION_CONTEXT('2D SPACE',''
  ) );
#9966 = ORIENTED_EDGE('',*,*,#7345,.T.);
#9967 = ORIENTED_EDGE('',*,*,#9892,.F.);
#9968 = ORIENTED_EDGE('',*,*,#3622,.F.);
#9969 = ADVANCED_FACE('',(#9970),#1230,.T.);
#9970 = FACE_BOUND('',#9971,.T.);
#9971 = EDGE_LOOP('',(#9972,#9973,#9974,#9995));
#9972 = ORIENTED_EDGE('',*,*,#9921,.T.);
#9973 = ORIENTED_EDGE('',*,*,#5367,.T.);
#9974 = ORIENTED_EDGE('',*,*,#9975,.F.);
#9975 = EDGE_CURVE('',#1215,#5368,#9976,.T.);
#9976 = SURFACE_CURVE('',#9977,(#9981,#9988),.PCURVE_S1.);
#9977 = LINE('',#9978,#9979);
#9978 = CARTESIAN_POINT('',(366.26811554164,376.,394.68508172849));
#9979 = VECTOR('',#9980,1.);
#9980 = DIRECTION('',(0.,1.,0.));
#9981 = PCURVE('',#1230,#9982);
#9982 = DEFINITIONAL_REPRESENTATION('',(#9983),#9987);
#9983 = LINE('',#9984,#9985);
#9984 = CARTESIAN_POINT('',(0.900142887903,0.));
#9985 = VECTOR('',#9986,1.);
#9986 = DIRECTION('',(0.,-1.));
#9987 = ( GEOMETRIC_REPRESENTATION_CONTEXT(2) 
PARAMETRIC_REPRESENTATION_CONTEXT() REPRESENTATION_CONTEXT('2D SPACE',''
  ) );
#9988 = PCURVE('',#1258,#9989);
#9989 = DEFINITIONAL_REPRESENTATION('',(#9990),#9994);
#9990 = LINE('',#9991,#9992);
#9991 = CARTESIAN_POINT('',(0.,0.));
#9992 = VECTOR('',#9993,1.);
#9993 = DIRECTION('',(0.,-1.));
#9994 = ( GEOMETRIC_REPRESENTATION_CONTEXT(2) 
PARAMETRIC_REPRESENTATION_CONTEXT() REPRESENTATION_CONTEXT('2D SPACE',''
  ) );
#9995 = ORIENTED_EDGE('',*,*,#1214,.F.);
#9996 = ADVANCED_FACE('',(#9997),#3610,.T.);
#9997 = FACE_BOUND('',#9998,.T.);
#9998 = EDGE_LOOP('',(#9999,#10020,#10021,#10022));
#9999 = ORIENTED_EDGE('',*,*,#10000,.T.);
#10000 = EDGE_CURVE('',#3567,#7300,#10001,.T.);
#10001 = SURFACE_CURVE('',#10002,(#10006,#10013),.PCURVE_S1.);
#10002 = LINE('',#10003,#10004);
#10003 = CARTESIAN_POINT('',(363.22767080374,376.,358.68669672292));
#10004 = VECTOR('',#10005,1.);
#10005 = DIRECTION('',(0.,1.,0.));
#10006 = PCURVE('',#3610,#10007);
#10007 = DEFINITIONAL_REPRESENTATION('',(#10008),#10012);
#10008 = LINE('',#10009,#10010);
#10009 = CARTESIAN_POINT('',(0.,0.));
#10010 = VECTOR('',#10011,1.);
#10011 = DIRECTION('',(0.,-1.));
#10012 = ( GEOMETRIC_REPRESENTATION_CONTEXT(2) 
PARAMETRIC_REPRESENTATION_CONTEXT() REPRESENTATION_CONTEXT('2D SPACE',''
  ) );
#10013 = PCURVE('',#3582,#10014);
#10014 = DEFINITIONAL_REPRESENTATION('',(#10015),#10019);
#10015 = LINE('',#10016,#10017);
#10016 = CARTESIAN_POINT('',(1.228592614404,0.));
#10017 = VECTOR('',#10018,1.);
#10018 = DIRECTION('',(0.,-1.));
#10019 = ( GEOMETRIC_REPRESENTATION_CONTEXT(2) 
PARAMETRIC_REPRESENTATION_CONTEXT() REPRESENTATION_CONTEXT('2D SPACE',''
  ) );
#10020 = ORIENTED_EDGE('',*,*,#7322,.T.);
#10021 = ORIENTED_EDGE('',*,*,#9946,.F.);
#10022 = ORIENTED_EDGE('',*,*,#3594,.F.);
#10023 = ADVANCED_FACE('',(#10024),#1258,.T.);
#10024 = FACE_BOUND('',#10025,.T.);
#10025 = EDGE_LOOP('',(#10026,#10027,#10028,#10049));
#10026 = ORIENTED_EDGE('',*,*,#9975,.T.);
#10027 = ORIENTED_EDGE('',*,*,#5390,.T.);
#10028 = ORIENTED_EDGE('',*,*,#10029,.F.);
#10029 = EDGE_CURVE('',#1243,#5391,#10030,.T.);
#10030 = SURFACE_CURVE('',#10031,(#10035,#10042),.PCURVE_S1.);
#10031 = LINE('',#10032,#10033);
#10032 = CARTESIAN_POINT('',(365.38359234247,376.,394.85204258847));
#10033 = VECTOR('',#10034,1.);
#10034 = DIRECTION('',(0.,1.,0.));
#10035 = PCURVE('',#1258,#10036);
#10036 = DEFINITIONAL_REPRESENTATION('',(#10037),#10041);
#10037 = LINE('',#10038,#10039);
#10038 = CARTESIAN_POINT('',(0.900142887903,0.));
#10039 = VECTOR('',#10040,1.);
#10040 = DIRECTION('',(0.,-1.));
#10041 = ( GEOMETRIC_REPRESENTATION_CONTEXT(2) 
PARAMETRIC_REPRESENTATION_CONTEXT() REPRESENTATION_CONTEXT('2D SPACE',''
  ) );
#10042 = PCURVE('',#1286,#10043);
#10043 = DEFINITIONAL_REPRESENTATION('',(#10044),#10048);
#10044 = LINE('',#10045,#10046);
#10045 = CARTESIAN_POINT('',(0.,0.));
#10046 = VECTOR('',#10047,1.);
#10047 = DIRECTION('',(0.,-1.));
#10048 = ( GEOMETRIC_REPRESENTATION_CONTEXT(2) 
PARAMETRIC_REPRESENTATION_CONTEXT() REPRESENTATION_CONTEXT('2D SPACE',''
  ) );
#10049 = ORIENTED_EDGE('',*,*,#1242,.F.);
#10050 = ADVANCED_FACE('',(#10051),#3582,.T.);
#10051 = FACE_BOUND('',#10052,.T.);
#10052 = EDGE_LOOP('',(#10053,#10074,#10075,#10076));
#10053 = ORIENTED_EDGE('',*,*,#10054,.T.);
#10054 = EDGE_CURVE('',#3539,#7277,#10055,.T.);
#10055 = SURFACE_CURVE('',#10056,(#10060,#10067),.PCURVE_S1.);
#10056 = LINE('',#10057,#10058);
#10057 = CARTESIAN_POINT('',(362.,376.,358.63911300919));
#10058 = VECTOR('',#10059,1.);
#10059 = DIRECTION('',(0.,1.,0.));
#10060 = PCURVE('',#3582,#10061);
#10061 = DEFINITIONAL_REPRESENTATION('',(#10062),#10066);
#10062 = LINE('',#10063,#10064);
#10063 = CARTESIAN_POINT('',(0.,0.));
#10064 = VECTOR('',#10065,1.);
#10065 = DIRECTION('',(0.,-1.));
#10066 = ( GEOMETRIC_REPRESENTATION_CONTEXT(2) 
PARAMETRIC_REPRESENTATION_CONTEXT() REPRESENTATION_CONTEXT('2D SPACE',''
  ) );
#10067 = PCURVE('',#3554,#10068);
#10068 = DEFINITIONAL_REPRESENTATION('',(#10069),#10073);
#10069 = LINE('',#10070,#10071);
#10070 = CARTESIAN_POINT('',(1.228592614404,0.));
#10071 = VECTOR('',#10072,1.);
#10072 = DIRECTION('',(0.,-1.));
#10073 = ( GEOMETRIC_REPRESENTATION_CONTEXT(2) 
PARAMETRIC_REPRESENTATION_CONTEXT() REPRESENTATION_CONTEXT('2D SPACE',''
  ) );
#10074 = ORIENTED_EDGE('',*,*,#7299,.T.);
#10075 = ORIENTED_EDGE('',*,*,#10000,.F.);
#10076 = ORIENTED_EDGE('',*,*,#3566,.F.);
#10077 = ADVANCED_FACE('',(#10078),#1286,.T.);
#10078 = FACE_BOUND('',#10079,.T.);
#10079 = EDGE_LOOP('',(#10080,#10081,#10082,#10103));
#10080 = ORIENTED_EDGE('',*,*,#10029,.T.);
#10081 = ORIENTED_EDGE('',*,*,#5413,.T.);
#10082 = ORIENTED_EDGE('',*,*,#10083,.F.);
#10083 = EDGE_CURVE('',#1271,#5414,#10084,.T.);
#10084 = SURFACE_CURVE('',#10085,(#10089,#10096),.PCURVE_S1.);
#10085 = LINE('',#10086,#10087);
#10086 = CARTESIAN_POINT('',(364.49262828296,376.,394.98026217864));
#10087 = VECTOR('',#10088,1.);
#10088 = DIRECTION('',(0.,1.,0.));
#10089 = PCURVE('',#1286,#10090);
#10090 = DEFINITIONAL_REPRESENTATION('',(#10091),#10095);
#10091 = LINE('',#10092,#10093);
#10092 = CARTESIAN_POINT('',(0.900142887903,0.));
#10093 = VECTOR('',#10094,1.);
#10094 = DIRECTION('',(0.,-1.));
#10095 = ( GEOMETRIC_REPRESENTATION_CONTEXT(2) 
PARAMETRIC_REPRESENTATION_CONTEXT() REPRESENTATION_CONTEXT('2D SPACE',''
  ) );
#10096 = PCURVE('',#1314,#10097);
#10097 = DEFINITIONAL_REPRESENTATION('',(#10098),#10102);
#10098 = LINE('',#10099,#10100);
#10099 = CARTESIAN_POINT('',(0.,0.));
#10100 = VECTOR('',#10101,1.);
#10101 = DIRECTION('',(0.,-1.));
#10102 = ( GEOMETRIC_REPRESENTATION_CONTEXT(2) 
PARAMETRIC_REPRESENTATION_CONTEXT() REPRESENTATION_CONTEXT('2D SPACE',''
  ) );
#10103 = ORIENTED_EDGE('',*,*,#1270,.F.);
#10104 = ADVANCED_FACE('',(#10105),#3554,.T.);
#10105 = FACE_BOUND('',#10106,.T.);
#10106 = EDGE_LOOP('',(#10107,#10128,#10129,#10130));
#10107 = ORIENTED_EDGE('',*,*,#10108,.T.);
#10108 = EDGE_CURVE('',#3511,#7254,#10109,.T.);
#10109 = SURFACE_CURVE('',#10110,(#10114,#10121),.PCURVE_S1.);
#10110 = LINE('',#10111,#10112);
#10111 = CARTESIAN_POINT('',(360.77232919626,376.,358.68669672292));
#10112 = VECTOR('',#10113,1.);
#10113 = DIRECTION('',(0.,1.,0.));
#10114 = PCURVE('',#3554,#10115);
#10115 = DEFINITIONAL_REPRESENTATION('',(#10116),#10120);
#10116 = LINE('',#10117,#10118);
#10117 = CARTESIAN_POINT('',(0.,0.));
#10118 = VECTOR('',#10119,1.);
#10119 = DIRECTION('',(0.,-1.));
#10120 = ( GEOMETRIC_REPRESENTATION_CONTEXT(2) 
PARAMETRIC_REPRESENTATION_CONTEXT() REPRESENTATION_CONTEXT('2D SPACE',''
  ) );
#10121 = PCURVE('',#3526,#10122);
#10122 = DEFINITIONAL_REPRESENTATION('',(#10123),#10127);
#10123 = LINE('',#10124,#10125);
#10124 = CARTESIAN_POINT('',(1.228592614404,0.));
#10125 = VECTOR('',#10126,1.);
#10126 = DIRECTION('',(0.,-1.));
#10127 = ( GEOMETRIC_REPRESENTATION_CONTEXT(2) 
PARAMETRIC_REPRESENTATION_CONTEXT() REPRESENTATION_CONTEXT('2D SPACE',''
  ) );
#10128 = ORIENTED_EDGE('',*,*,#7276,.T.);
#10129 = ORIENTED_EDGE('',*,*,#10054,.F.);
#10130 = ORIENTED_EDGE('',*,*,#3538,.F.);
#10131 = ADVANCED_FACE('',(#10132),#1314,.T.);
#10132 = FACE_BOUND('',#10133,.T.);
#10133 = EDGE_LOOP('',(#10134,#10135,#10136,#10157));
#10134 = ORIENTED_EDGE('',*,*,#10083,.T.);
#10135 = ORIENTED_EDGE('',*,*,#5436,.T.);
#10136 = ORIENTED_EDGE('',*,*,#10137,.F.);
#10137 = EDGE_CURVE('',#1299,#5437,#10138,.T.);
#10138 = SURFACE_CURVE('',#10139,(#10143,#10150),.PCURVE_S1.);
#10139 = LINE('',#10140,#10141);
#10140 = CARTESIAN_POINT('',(364.44797541968,376.,390.17083764448));
#10141 = VECTOR('',#10142,1.);
#10142 = DIRECTION('',(0.,1.,0.));
#10143 = PCURVE('',#1314,#10144);
#10144 = DEFINITIONAL_REPRESENTATION('',(#10145),#10149);
#10145 = LINE('',#10146,#10147);
#10146 = CARTESIAN_POINT('',(4.809631818338,0.));
#10147 = VECTOR('',#10148,1.);
#10148 = DIRECTION('',(0.,-1.));
#10149 = ( GEOMETRIC_REPRESENTATION_CONTEXT(2) 
PARAMETRIC_REPRESENTATION_CONTEXT() REPRESENTATION_CONTEXT('2D SPACE',''
  ) );
#10150 = PCURVE('',#1342,#10151);
#10151 = DEFINITIONAL_REPRESENTATION('',(#10152),#10156);
#10152 = LINE('',#10153,#10154);
#10153 = CARTESIAN_POINT('',(0.,0.));
#10154 = VECTOR('',#10155,1.);
#10155 = DIRECTION('',(0.,-1.));
#10156 = ( GEOMETRIC_REPRESENTATION_CONTEXT(2) 
PARAMETRIC_REPRESENTATION_CONTEXT() REPRESENTATION_CONTEXT('2D SPACE',''
  ) );
#10157 = ORIENTED_EDGE('',*,*,#1298,.F.);
#10158 = ADVANCED_FACE('',(#10159),#3526,.T.);
#10159 = FACE_BOUND('',#10160,.T.);
#10160 = EDGE_LOOP('',(#10161,#10182,#10183,#10184));
#10161 = ORIENTED_EDGE('',*,*,#10162,.T.);
#10162 = EDGE_CURVE('',#3483,#7231,#10163,.T.);
#10163 = SURFACE_CURVE('',#10164,(#10168,#10175),.PCURVE_S1.);
#10164 = LINE('',#10165,#10166);
#10165 = CARTESIAN_POINT('',(359.55202458031,376.,358.82916235551));
#10166 = VECTOR('',#10167,1.);
#10167 = DIRECTION('',(0.,1.,0.));
#10168 = PCURVE('',#3526,#10169);
#10169 = DEFINITIONAL_REPRESENTATION('',(#10170),#10174);
#10170 = LINE('',#10171,#10172);
#10171 = CARTESIAN_POINT('',(0.,0.));
#10172 = VECTOR('',#10173,1.);
#10173 = DIRECTION('',(0.,-1.));
#10174 = ( GEOMETRIC_REPRESENTATION_CONTEXT(2) 
PARAMETRIC_REPRESENTATION_CONTEXT() REPRESENTATION_CONTEXT('2D SPACE',''
  ) );
#10175 = PCURVE('',#3498,#10176);
#10176 = DEFINITIONAL_REPRESENTATION('',(#10177),#10181);
#10177 = LINE('',#10178,#10179);
#10178 = CARTESIAN_POINT('',(4.809631818338,0.));
#10179 = VECTOR('',#10180,1.);
#10180 = DIRECTION('',(0.,-1.));
#10181 = ( GEOMETRIC_REPRESENTATION_CONTEXT(2) 
PARAMETRIC_REPRESENTATION_CONTEXT() REPRESENTATION_CONTEXT('2D SPACE',''
  ) );
#10182 = ORIENTED_EDGE('',*,*,#7253,.T.);
#10183 = ORIENTED_EDGE('',*,*,#10108,.F.);
#10184 = ORIENTED_EDGE('',*,*,#3510,.F.);
#10185 = ADVANCED_FACE('',(#10186),#1342,.T.);
#10186 = FACE_BOUND('',#10187,.T.);
#10187 = EDGE_LOOP('',(#10188,#10189,#10190,#10211));
#10188 = ORIENTED_EDGE('',*,*,#10137,.T.);
#10189 = ORIENTED_EDGE('',*,*,#5459,.T.);
#10190 = ORIENTED_EDGE('',*,*,#10191,.F.);
#10191 = EDGE_CURVE('',#1327,#5460,#10192,.T.);
#10192 = SURFACE_CURVE('',#10193,(#10197,#10204),.PCURVE_S1.);
#10193 = LINE('',#10194,#10195);
#10194 = CARTESIAN_POINT('',(363.22767080374,376.,390.31330327707));
#10195 = VECTOR('',#10196,1.);
#10196 = DIRECTION('',(0.,1.,0.));
#10197 = PCURVE('',#1342,#10198);
#10198 = DEFINITIONAL_REPRESENTATION('',(#10199),#10203);
#10199 = LINE('',#10200,#10201);
#10200 = CARTESIAN_POINT('',(1.228592614404,0.));
#10201 = VECTOR('',#10202,1.);
#10202 = DIRECTION('',(0.,-1.));
#10203 = ( GEOMETRIC_REPRESENTATION_CONTEXT(2) 
PARAMETRIC_REPRESENTATION_CONTEXT() REPRESENTATION_CONTEXT('2D SPACE',''
  ) );
#10204 = PCURVE('',#1370,#10205);
#10205 = DEFINITIONAL_REPRESENTATION('',(#10206),#10210);
#10206 = LINE('',#10207,#10208);
#10207 = CARTESIAN_POINT('',(0.,0.));
#10208 = VECTOR('',#10209,1.);
#10209 = DIRECTION('',(0.,-1.));
#10210 = ( GEOMETRIC_REPRESENTATION_CONTEXT(2) 
PARAMETRIC_REPRESENTATION_CONTEXT() REPRESENTATION_CONTEXT('2D SPACE',''
  ) );
#10211 = ORIENTED_EDGE('',*,*,#1326,.F.);
#10212 = ADVANCED_FACE('',(#10213),#3498,.T.);
#10213 = FACE_BOUND('',#10214,.T.);
#10214 = EDGE_LOOP('',(#10215,#10236,#10237,#10238));
#10215 = ORIENTED_EDGE('',*,*,#10216,.T.);
#10216 = EDGE_CURVE('',#3455,#7208,#10217,.T.);
#10217 = SURFACE_CURVE('',#10218,(#10222,#10229),.PCURVE_S1.);
#10218 = LINE('',#10219,#10220);
#10219 = CARTESIAN_POINT('',(359.50737171703,376.,354.01973782135));
#10220 = VECTOR('',#10221,1.);
#10221 = DIRECTION('',(0.,1.,0.));
#10222 = PCURVE('',#3498,#10223);
#10223 = DEFINITIONAL_REPRESENTATION('',(#10224),#10228);
#10224 = LINE('',#10225,#10226);
#10225 = CARTESIAN_POINT('',(0.,0.));
#10226 = VECTOR('',#10227,1.);
#10227 = DIRECTION('',(0.,-1.));
#10228 = ( GEOMETRIC_REPRESENTATION_CONTEXT(2) 
PARAMETRIC_REPRESENTATION_CONTEXT() REPRESENTATION_CONTEXT('2D SPACE',''
  ) );
#10229 = PCURVE('',#3470,#10230);
#10230 = DEFINITIONAL_REPRESENTATION('',(#10231),#10235);
#10231 = LINE('',#10232,#10233);
#10232 = CARTESIAN_POINT('',(0.900142887903,0.));
#10233 = VECTOR('',#10234,1.);
#10234 = DIRECTION('',(0.,-1.));
#10235 = ( GEOMETRIC_REPRESENTATION_CONTEXT(2) 
PARAMETRIC_REPRESENTATION_CONTEXT() REPRESENTATION_CONTEXT('2D SPACE',''
  ) );
#10236 = ORIENTED_EDGE('',*,*,#7230,.T.);
#10237 = ORIENTED_EDGE('',*,*,#10162,.F.);
#10238 = ORIENTED_EDGE('',*,*,#3482,.F.);
#10239 = ADVANCED_FACE('',(#10240),#1370,.T.);
#10240 = FACE_BOUND('',#10241,.T.);
#10241 = EDGE_LOOP('',(#10242,#10243,#10244,#10265));
#10242 = ORIENTED_EDGE('',*,*,#10191,.T.);
#10243 = ORIENTED_EDGE('',*,*,#5482,.T.);
#10244 = ORIENTED_EDGE('',*,*,#10245,.F.);
#10245 = EDGE_CURVE('',#1355,#5483,#10246,.T.);
#10246 = SURFACE_CURVE('',#10247,(#10251,#10258),.PCURVE_S1.);
#10247 = LINE('',#10248,#10249);
#10248 = CARTESIAN_POINT('',(362.,376.,390.3608869908));
#10249 = VECTOR('',#10250,1.);
#10250 = DIRECTION('',(0.,1.,0.));
#10251 = PCURVE('',#1370,#10252);
#10252 = DEFINITIONAL_REPRESENTATION('',(#10253),#10257);
#10253 = LINE('',#10254,#10255);
#10254 = CARTESIAN_POINT('',(1.228592614404,0.));
#10255 = VECTOR('',#10256,1.);
#10256 = DIRECTION('',(0.,-1.));
#10257 = ( GEOMETRIC_REPRESENTATION_CONTEXT(2) 
PARAMETRIC_REPRESENTATION_CONTEXT() REPRESENTATION_CONTEXT('2D SPACE',''
  ) );
#10258 = PCURVE('',#1398,#10259);
#10259 = DEFINITIONAL_REPRESENTATION('',(#10260),#10264);
#10260 = LINE('',#10261,#10262);
#10261 = CARTESIAN_POINT('',(0.,0.));
#10262 = VECTOR('',#10263,1.);
#10263 = DIRECTION('',(0.,-1.));
#10264 = ( GEOMETRIC_REPRESENTATION_CONTEXT(2) 
PARAMETRIC_REPRESENTATION_CONTEXT() REPRESENTATION_CONTEXT('2D SPACE',''
  ) );
#10265 = ORIENTED_EDGE('',*,*,#1354,.F.);
#10266 = ADVANCED_FACE('',(#10267),#3470,.T.);
#10267 = FACE_BOUND('',#10268,.T.);
#10268 = EDGE_LOOP('',(#10269,#10290,#10291,#10292));
#10269 = ORIENTED_EDGE('',*,*,#10270,.T.);
#10270 = EDGE_CURVE('',#3427,#7185,#10271,.T.);
#10271 = SURFACE_CURVE('',#10272,(#10276,#10283),.PCURVE_S1.);
#10272 = LINE('',#10273,#10274);
#10273 = CARTESIAN_POINT('',(358.61640765752,376.,354.14795741152));
#10274 = VECTOR('',#10275,1.);
#10275 = DIRECTION('',(0.,1.,0.));
#10276 = PCURVE('',#3470,#10277);
#10277 = DEFINITIONAL_REPRESENTATION('',(#10278),#10282);
#10278 = LINE('',#10279,#10280);
#10279 = CARTESIAN_POINT('',(0.,0.));
#10280 = VECTOR('',#10281,1.);
#10281 = DIRECTION('',(0.,-1.));
#10282 = ( GEOMETRIC_REPRESENTATION_CONTEXT(2) 
PARAMETRIC_REPRESENTATION_CONTEXT() REPRESENTATION_CONTEXT('2D SPACE',''
  ) );
#10283 = PCURVE('',#3442,#10284);
#10284 = DEFINITIONAL_REPRESENTATION('',(#10285),#10289);
#10285 = LINE('',#10286,#10287);
#10286 = CARTESIAN_POINT('',(0.900142887903,0.));
#10287 = VECTOR('',#10288,1.);
#10288 = DIRECTION('',(0.,-1.));
#10289 = ( GEOMETRIC_REPRESENTATION_CONTEXT(2) 
PARAMETRIC_REPRESENTATION_CONTEXT() REPRESENTATION_CONTEXT('2D SPACE',''
  ) );
#10290 = ORIENTED_EDGE('',*,*,#7207,.T.);
#10291 = ORIENTED_EDGE('',*,*,#10216,.F.);
#10292 = ORIENTED_EDGE('',*,*,#3454,.F.);
#10293 = ADVANCED_FACE('',(#10294),#1398,.T.);
#10294 = FACE_BOUND('',#10295,.T.);
#10295 = EDGE_LOOP('',(#10296,#10297,#10298,#10319));
#10296 = ORIENTED_EDGE('',*,*,#10245,.T.);
#10297 = ORIENTED_EDGE('',*,*,#5505,.T.);
#10298 = ORIENTED_EDGE('',*,*,#10299,.F.);
#10299 = EDGE_CURVE('',#1383,#5506,#10300,.T.);
#10300 = SURFACE_CURVE('',#10301,(#10305,#10312),.PCURVE_S1.);
#10301 = LINE('',#10302,#10303);
#10302 = CARTESIAN_POINT('',(360.77232919626,376.,390.31330327707));
#10303 = VECTOR('',#10304,1.);
#10304 = DIRECTION('',(0.,1.,0.));
#10305 = PCURVE('',#1398,#10306);
#10306 = DEFINITIONAL_REPRESENTATION('',(#10307),#10311);
#10307 = LINE('',#10308,#10309);
#10308 = CARTESIAN_POINT('',(1.228592614404,0.));
#10309 = VECTOR('',#10310,1.);
#10310 = DIRECTION('',(0.,-1.));
#10311 = ( GEOMETRIC_REPRESENTATION_CONTEXT(2) 
PARAMETRIC_REPRESENTATION_CONTEXT() REPRESENTATION_CONTEXT('2D SPACE',''
  ) );
#10312 = PCURVE('',#1426,#10313);
#10313 = DEFINITIONAL_REPRESENTATION('',(#10314),#10318);
#10314 = LINE('',#10315,#10316);
#10315 = CARTESIAN_POINT('',(0.,0.));
#10316 = VECTOR('',#10317,1.);
#10317 = DIRECTION('',(0.,-1.));
#10318 = ( GEOMETRIC_REPRESENTATION_CONTEXT(2) 
PARAMETRIC_REPRESENTATION_CONTEXT() REPRESENTATION_CONTEXT('2D SPACE',''
  ) );
#10319 = ORIENTED_EDGE('',*,*,#1382,.F.);
#10320 = ADVANCED_FACE('',(#10321),#3442,.T.);
#10321 = FACE_BOUND('',#10322,.T.);
#10322 = EDGE_LOOP('',(#10323,#10344,#10345,#10346));
#10323 = ORIENTED_EDGE('',*,*,#10324,.T.);
#10324 = EDGE_CURVE('',#3399,#7162,#10325,.T.);
#10325 = SURFACE_CURVE('',#10326,(#10330,#10337),.PCURVE_S1.);
#10326 = LINE('',#10327,#10328);
#10327 = CARTESIAN_POINT('',(357.73188445835,376.,354.3149182715));
#10328 = VECTOR('',#10329,1.);
#10329 = DIRECTION('',(0.,1.,0.));
#10330 = PCURVE('',#3442,#10331);
#10331 = DEFINITIONAL_REPRESENTATION('',(#10332),#10336);
#10332 = LINE('',#10333,#10334);
#10333 = CARTESIAN_POINT('',(0.,0.));
#10334 = VECTOR('',#10335,1.);
#10335 = DIRECTION('',(0.,-1.));
#10336 = ( GEOMETRIC_REPRESENTATION_CONTEXT(2) 
PARAMETRIC_REPRESENTATION_CONTEXT() REPRESENTATION_CONTEXT('2D SPACE',''
  ) );
#10337 = PCURVE('',#3414,#10338);
#10338 = DEFINITIONAL_REPRESENTATION('',(#10339),#10343);
#10339 = LINE('',#10340,#10341);
#10340 = CARTESIAN_POINT('',(0.900142887903,0.));
#10341 = VECTOR('',#10342,1.);
#10342 = DIRECTION('',(0.,-1.));
#10343 = ( GEOMETRIC_REPRESENTATION_CONTEXT(2) 
PARAMETRIC_REPRESENTATION_CONTEXT() REPRESENTATION_CONTEXT('2D SPACE',''
  ) );
#10344 = ORIENTED_EDGE('',*,*,#7184,.T.);
#10345 = ORIENTED_EDGE('',*,*,#10270,.F.);
#10346 = ORIENTED_EDGE('',*,*,#3426,.F.);
#10347 = ADVANCED_FACE('',(#10348),#1426,.T.);
#10348 = FACE_BOUND('',#10349,.T.);
#10349 = EDGE_LOOP('',(#10350,#10351,#10352,#10373));
#10350 = ORIENTED_EDGE('',*,*,#10299,.T.);
#10351 = ORIENTED_EDGE('',*,*,#5528,.T.);
#10352 = ORIENTED_EDGE('',*,*,#10353,.F.);
#10353 = EDGE_CURVE('',#1411,#5529,#10354,.T.);
#10354 = SURFACE_CURVE('',#10355,(#10359,#10366),.PCURVE_S1.);
#10355 = LINE('',#10356,#10357);
#10356 = CARTESIAN_POINT('',(359.55202458031,376.,390.17083764448));
#10357 = VECTOR('',#10358,1.);
#10358 = DIRECTION('',(0.,1.,0.));
#10359 = PCURVE('',#1426,#10360);
#10360 = DEFINITIONAL_REPRESENTATION('',(#10361),#10365);
#10361 = LINE('',#10362,#10363);
#10362 = CARTESIAN_POINT('',(1.228592614404,0.));
#10363 = VECTOR('',#10364,1.);
#10364 = DIRECTION('',(0.,-1.));
#10365 = ( GEOMETRIC_REPRESENTATION_CONTEXT(2) 
PARAMETRIC_REPRESENTATION_CONTEXT() REPRESENTATION_CONTEXT('2D SPACE',''
  ) );
#10366 = PCURVE('',#1454,#10367);
#10367 = DEFINITIONAL_REPRESENTATION('',(#10368),#10372);
#10368 = LINE('',#10369,#10370);
#10369 = CARTESIAN_POINT('',(0.,0.));
#10370 = VECTOR('',#10371,1.);
#10371 = DIRECTION('',(0.,-1.));
#10372 = ( GEOMETRIC_REPRESENTATION_CONTEXT(2) 
PARAMETRIC_REPRESENTATION_CONTEXT() REPRESENTATION_CONTEXT('2D SPACE',''
  ) );
#10373 = ORIENTED_EDGE('',*,*,#1410,.F.);
#10374 = ADVANCED_FACE('',(#10375),#3414,.T.);
#10375 = FACE_BOUND('',#10376,.T.);
#10376 = EDGE_LOOP('',(#10377,#10398,#10399,#10400));
#10377 = ORIENTED_EDGE('',*,*,#10378,.T.);
#10378 = EDGE_CURVE('',#3371,#7139,#10379,.T.);
#10379 = SURFACE_CURVE('',#10380,(#10384,#10391),.PCURVE_S1.);
#10380 = LINE('',#10381,#10382);
#10381 = CARTESIAN_POINT('',(356.85548585969,376.,354.52030258179));
#10382 = VECTOR('',#10383,1.);
#10383 = DIRECTION('',(0.,1.,0.));
#10384 = PCURVE('',#3414,#10385);
#10385 = DEFINITIONAL_REPRESENTATION('',(#10386),#10390);
#10386 = LINE('',#10387,#10388);
#10387 = CARTESIAN_POINT('',(0.,0.));
#10388 = VECTOR('',#10389,1.);
#10389 = DIRECTION('',(0.,-1.));
#10390 = ( GEOMETRIC_REPRESENTATION_CONTEXT(2) 
PARAMETRIC_REPRESENTATION_CONTEXT() REPRESENTATION_CONTEXT('2D SPACE',''
  ) );
#10391 = PCURVE('',#3386,#10392);
#10392 = DEFINITIONAL_REPRESENTATION('',(#10393),#10397);
#10393 = LINE('',#10394,#10395);
#10394 = CARTESIAN_POINT('',(0.900142887903,0.));
#10395 = VECTOR('',#10396,1.);
#10396 = DIRECTION('',(0.,-1.));
#10397 = ( GEOMETRIC_REPRESENTATION_CONTEXT(2) 
PARAMETRIC_REPRESENTATION_CONTEXT() REPRESENTATION_CONTEXT('2D SPACE',''
  ) );
#10398 = ORIENTED_EDGE('',*,*,#7161,.T.);
#10399 = ORIENTED_EDGE('',*,*,#10324,.F.);
#10400 = ORIENTED_EDGE('',*,*,#3398,.F.);
#10401 = ADVANCED_FACE('',(#10402),#1454,.T.);
#10402 = FACE_BOUND('',#10403,.T.);
#10403 = EDGE_LOOP('',(#10404,#10405,#10406,#10427));
#10404 = ORIENTED_EDGE('',*,*,#10353,.T.);
#10405 = ORIENTED_EDGE('',*,*,#5551,.T.);
#10406 = ORIENTED_EDGE('',*,*,#10407,.F.);
#10407 = EDGE_CURVE('',#1439,#5552,#10408,.T.);
#10408 = SURFACE_CURVE('',#10409,(#10413,#10420),.PCURVE_S1.);
#10409 = LINE('',#10410,#10411);
#10410 = CARTESIAN_POINT('',(359.24435460787,376.,391.32940082589));
#10411 = VECTOR('',#10412,1.);
#10412 = DIRECTION('',(0.,1.,0.));
#10413 = PCURVE('',#1454,#10414);
#10414 = DEFINITIONAL_REPRESENTATION('',(#10415),#10419);
#10415 = LINE('',#10416,#10417);
#10416 = CARTESIAN_POINT('',(1.198719924449,0.));
#10417 = VECTOR('',#10418,1.);
#10418 = DIRECTION('',(0.,-1.));
#10419 = ( GEOMETRIC_REPRESENTATION_CONTEXT(2) 
PARAMETRIC_REPRESENTATION_CONTEXT() REPRESENTATION_CONTEXT('2D SPACE',''
  ) );
#10420 = PCURVE('',#1482,#10421);
#10421 = DEFINITIONAL_REPRESENTATION('',(#10422),#10426);
#10422 = LINE('',#10423,#10424);
#10423 = CARTESIAN_POINT('',(0.,0.));
#10424 = VECTOR('',#10425,1.);
#10425 = DIRECTION('',(0.,-1.));
#10426 = ( GEOMETRIC_REPRESENTATION_CONTEXT(2) 
PARAMETRIC_REPRESENTATION_CONTEXT() REPRESENTATION_CONTEXT('2D SPACE',''
  ) );
#10427 = ORIENTED_EDGE('',*,*,#1438,.F.);
#10428 = ADVANCED_FACE('',(#10429),#3386,.T.);
#10429 = FACE_BOUND('',#10430,.T.);
#10430 = EDGE_LOOP('',(#10431,#10452,#10453,#10454));
#10431 = ORIENTED_EDGE('',*,*,#10432,.T.);
#10432 = EDGE_CURVE('',#3343,#7116,#10433,.T.);
#10433 = SURFACE_CURVE('',#10434,(#10438,#10445),.PCURVE_S1.);
#10434 = LINE('',#10435,#10436);
#10435 = CARTESIAN_POINT('',(355.98888013609,376.,354.76371938168));
#10436 = VECTOR('',#10437,1.);
#10437 = DIRECTION('',(0.,1.,0.));
#10438 = PCURVE('',#3386,#10439);
#10439 = DEFINITIONAL_REPRESENTATION('',(#10440),#10444);
#10440 = LINE('',#10441,#10442);
#10441 = CARTESIAN_POINT('',(0.,0.));
#10442 = VECTOR('',#10443,1.);
#10443 = DIRECTION('',(0.,-1.));
#10444 = ( GEOMETRIC_REPRESENTATION_CONTEXT(2) 
PARAMETRIC_REPRESENTATION_CONTEXT() REPRESENTATION_CONTEXT('2D SPACE',''
  ) );
#10445 = PCURVE('',#3358,#10446);
#10446 = DEFINITIONAL_REPRESENTATION('',(#10447),#10451);
#10447 = LINE('',#10448,#10449);
#10448 = CARTESIAN_POINT('',(1.569764844889,0.));
#10449 = VECTOR('',#10450,1.);
#10450 = DIRECTION('',(0.,-1.));
#10451 = ( GEOMETRIC_REPRESENTATION_CONTEXT(2) 
PARAMETRIC_REPRESENTATION_CONTEXT() REPRESENTATION_CONTEXT('2D SPACE',''
  ) );
#10452 = ORIENTED_EDGE('',*,*,#7138,.T.);
#10453 = ORIENTED_EDGE('',*,*,#10378,.F.);
#10454 = ORIENTED_EDGE('',*,*,#3370,.F.);
#10455 = ADVANCED_FACE('',(#10456),#1482,.T.);
#10456 = FACE_BOUND('',#10457,.T.);
#10457 = EDGE_LOOP('',(#10458,#10459,#10460,#10481));
#10458 = ORIENTED_EDGE('',*,*,#10407,.T.);
#10459 = ORIENTED_EDGE('',*,*,#5574,.T.);
#10460 = ORIENTED_EDGE('',*,*,#10461,.F.);
#10461 = EDGE_CURVE('',#1467,#5575,#10462,.T.);
#10462 = SURFACE_CURVE('',#10463,(#10467,#10474),.PCURVE_S1.);
#10463 = LINE('',#10464,#10465);
#10464 = CARTESIAN_POINT('',(358.9195557654,376.,392.48422834805));
#10465 = VECTOR('',#10466,1.);
#10466 = DIRECTION('',(0.,1.,0.));
#10467 = PCURVE('',#1482,#10468);
#10468 = DEFINITIONAL_REPRESENTATION('',(#10469),#10473);
#10469 = LINE('',#10470,#10471);
#10470 = CARTESIAN_POINT('',(1.199633649912,0.));
#10471 = VECTOR('',#10472,1.);
#10472 = DIRECTION('',(0.,-1.));
#10473 = ( GEOMETRIC_REPRESENTATION_CONTEXT(2) 
PARAMETRIC_REPRESENTATION_CONTEXT() REPRESENTATION_CONTEXT('2D SPACE',''
  ) );
#10474 = PCURVE('',#1510,#10475);
#10475 = DEFINITIONAL_REPRESENTATION('',(#10476),#10480);
#10476 = LINE('',#10477,#10478);
#10477 = CARTESIAN_POINT('',(0.,0.));
#10478 = VECTOR('',#10479,1.);
#10479 = DIRECTION('',(0.,-1.));
#10480 = ( GEOMETRIC_REPRESENTATION_CONTEXT(2) 
PARAMETRIC_REPRESENTATION_CONTEXT() REPRESENTATION_CONTEXT('2D SPACE',''
  ) );
#10481 = ORIENTED_EDGE('',*,*,#1466,.F.);
#10482 = ADVANCED_FACE('',(#10483),#3358,.T.);
#10483 = FACE_BOUND('',#10484,.T.);
#10484 = EDGE_LOOP('',(#10485,#10506,#10507,#10508));
#10485 = ORIENTED_EDGE('',*,*,#10486,.T.);
#10486 = EDGE_CURVE('',#3315,#7093,#10487,.T.);
#10487 = SURFACE_CURVE('',#10488,(#10492,#10499),.PCURVE_S1.);
#10488 = LINE('',#10489,#10490);
#10489 = CARTESIAN_POINT('',(355.39626187857,376.,356.21732361568));
#10490 = VECTOR('',#10491,1.);
#10491 = DIRECTION('',(0.,1.,0.));
#10492 = PCURVE('',#3358,#10493);
#10493 = DEFINITIONAL_REPRESENTATION('',(#10494),#10498);
#10494 = LINE('',#10495,#10496);
#10495 = CARTESIAN_POINT('',(0.,0.));
#10496 = VECTOR('',#10497,1.);
#10497 = DIRECTION('',(0.,-1.));
#10498 = ( GEOMETRIC_REPRESENTATION_CONTEXT(2) 
PARAMETRIC_REPRESENTATION_CONTEXT() REPRESENTATION_CONTEXT('2D SPACE',''
  ) );
#10499 = PCURVE('',#3330,#10500);
#10500 = DEFINITIONAL_REPRESENTATION('',(#10501),#10505);
#10501 = LINE('',#10502,#10503);
#10502 = CARTESIAN_POINT('',(1.200610506126,0.));
#10503 = VECTOR('',#10504,1.);
#10504 = DIRECTION('',(0.,-1.));
#10505 = ( GEOMETRIC_REPRESENTATION_CONTEXT(2) 
PARAMETRIC_REPRESENTATION_CONTEXT() REPRESENTATION_CONTEXT('2D SPACE',''
  ) );
#10506 = ORIENTED_EDGE('',*,*,#7115,.T.);
#10507 = ORIENTED_EDGE('',*,*,#10432,.F.);
#10508 = ORIENTED_EDGE('',*,*,#3342,.F.);
#10509 = ADVANCED_FACE('',(#10510),#1510,.T.);
#10510 = FACE_BOUND('',#10511,.T.);
#10511 = EDGE_LOOP('',(#10512,#10513,#10514,#10535));
#10512 = ORIENTED_EDGE('',*,*,#10461,.T.);
#10513 = ORIENTED_EDGE('',*,*,#5597,.T.);
#10514 = ORIENTED_EDGE('',*,*,#10515,.F.);
#10515 = EDGE_CURVE('',#1495,#5598,#10516,.T.);
#10516 = SURFACE_CURVE('',#10517,(#10521,#10528),.PCURVE_S1.);
#10517 = LINE('',#10518,#10519);
#10518 = CARTESIAN_POINT('',(358.57766678093,376.,393.63513125869));
#10519 = VECTOR('',#10520,1.);
#10520 = DIRECTION('',(0.,1.,0.));
#10521 = PCURVE('',#1510,#10522);
#10522 = DEFINITIONAL_REPRESENTATION('',(#10523),#10527);
#10523 = LINE('',#10524,#10525);
#10524 = CARTESIAN_POINT('',(1.200610506126,0.));
#10525 = VECTOR('',#10526,1.);
#10526 = DIRECTION('',(0.,-1.));
#10527 = ( GEOMETRIC_REPRESENTATION_CONTEXT(2) 
PARAMETRIC_REPRESENTATION_CONTEXT() REPRESENTATION_CONTEXT('2D SPACE',''
  ) );
#10528 = PCURVE('',#1538,#10529);
#10529 = DEFINITIONAL_REPRESENTATION('',(#10530),#10534);
#10530 = LINE('',#10531,#10532);
#10531 = CARTESIAN_POINT('',(0.,0.));
#10532 = VECTOR('',#10533,1.);
#10533 = DIRECTION('',(0.,-1.));
#10534 = ( GEOMETRIC_REPRESENTATION_CONTEXT(2) 
PARAMETRIC_REPRESENTATION_CONTEXT() REPRESENTATION_CONTEXT('2D SPACE',''
  ) );
#10535 = ORIENTED_EDGE('',*,*,#1494,.F.);
#10536 = ADVANCED_FACE('',(#10537),#3330,.T.);
#10537 = FACE_BOUND('',#10538,.T.);
#10538 = EDGE_LOOP('',(#10539,#10560,#10561,#10562));
#10539 = ORIENTED_EDGE('',*,*,#10540,.T.);
#10540 = EDGE_CURVE('',#3287,#7070,#10541,.T.);
#10541 = SURFACE_CURVE('',#10542,(#10546,#10553),.PCURVE_S1.);
#10542 = LINE('',#10543,#10544);
#10543 = CARTESIAN_POINT('',(355.67562878807,376.,357.38497926582));
#10544 = VECTOR('',#10545,1.);
#10545 = DIRECTION('',(0.,1.,0.));
#10546 = PCURVE('',#3330,#10547);
#10547 = DEFINITIONAL_REPRESENTATION('',(#10548),#10552);
#10548 = LINE('',#10549,#10550);
#10549 = CARTESIAN_POINT('',(0.,0.));
#10550 = VECTOR('',#10551,1.);
#10551 = DIRECTION('',(0.,-1.));
#10552 = ( GEOMETRIC_REPRESENTATION_CONTEXT(2) 
PARAMETRIC_REPRESENTATION_CONTEXT() REPRESENTATION_CONTEXT('2D SPACE',''
  ) );
#10553 = PCURVE('',#3302,#10554);
#10554 = DEFINITIONAL_REPRESENTATION('',(#10555),#10559);
#10555 = LINE('',#10556,#10557);
#10556 = CARTESIAN_POINT('',(1.199633649912,0.));
#10557 = VECTOR('',#10558,1.);
#10558 = DIRECTION('',(0.,-1.));
#10559 = ( GEOMETRIC_REPRESENTATION_CONTEXT(2) 
PARAMETRIC_REPRESENTATION_CONTEXT() REPRESENTATION_CONTEXT('2D SPACE',''
  ) );
#10560 = ORIENTED_EDGE('',*,*,#7092,.T.);
#10561 = ORIENTED_EDGE('',*,*,#10486,.F.);
#10562 = ORIENTED_EDGE('',*,*,#3314,.F.);
#10563 = ADVANCED_FACE('',(#10564),#1538,.T.);
#10564 = FACE_BOUND('',#10565,.T.);
#10565 = EDGE_LOOP('',(#10566,#10567,#10568,#10589));
#10566 = ORIENTED_EDGE('',*,*,#10515,.T.);
#10567 = ORIENTED_EDGE('',*,*,#5620,.T.);
#10568 = ORIENTED_EDGE('',*,*,#10569,.F.);
#10569 = EDGE_CURVE('',#1523,#5621,#10570,.T.);
#10570 = SURFACE_CURVE('',#10571,(#10575,#10582),.PCURVE_S1.);
#10571 = LINE('',#10572,#10573);
#10572 = CARTESIAN_POINT('',(357.33764219817,376.,394.59768032362));
#10573 = VECTOR('',#10574,1.);
#10574 = DIRECTION('',(0.,1.,0.));
#10575 = PCURVE('',#1538,#10576);
#10576 = DEFINITIONAL_REPRESENTATION('',(#10577),#10581);
#10577 = LINE('',#10578,#10579);
#10578 = CARTESIAN_POINT('',(1.569764844889,0.));
#10579 = VECTOR('',#10580,1.);
#10580 = DIRECTION('',(0.,-1.));
#10581 = ( GEOMETRIC_REPRESENTATION_CONTEXT(2) 
PARAMETRIC_REPRESENTATION_CONTEXT() REPRESENTATION_CONTEXT('2D SPACE',''
  ) );
#10582 = PCURVE('',#1566,#10583);
#10583 = DEFINITIONAL_REPRESENTATION('',(#10584),#10588);
#10584 = LINE('',#10585,#10586);
#10585 = CARTESIAN_POINT('',(0.,0.));
#10586 = VECTOR('',#10587,1.);
#10587 = DIRECTION('',(0.,-1.));
#10588 = ( GEOMETRIC_REPRESENTATION_CONTEXT(2) 
PARAMETRIC_REPRESENTATION_CONTEXT() REPRESENTATION_CONTEXT('2D SPACE',''
  ) );
#10589 = ORIENTED_EDGE('',*,*,#1522,.F.);
#10590 = ADVANCED_FACE('',(#10591),#3302,.T.);
#10591 = FACE_BOUND('',#10592,.T.);
#10592 = EDGE_LOOP('',(#10593,#10614,#10615,#10616));
#10593 = ORIENTED_EDGE('',*,*,#10594,.T.);
#10594 = EDGE_CURVE('',#3259,#7047,#10595,.T.);
#10595 = SURFACE_CURVE('',#10596,(#10600,#10607),.PCURVE_S1.);
#10596 = LINE('',#10597,#10598);
#10597 = CARTESIAN_POINT('',(355.97175850045,376.,358.54748865823));
#10598 = VECTOR('',#10599,1.);
#10599 = DIRECTION('',(0.,1.,0.));
#10600 = PCURVE('',#3302,#10601);
#10601 = DEFINITIONAL_REPRESENTATION('',(#10602),#10606);
#10602 = LINE('',#10603,#10604);
#10603 = CARTESIAN_POINT('',(0.,0.));
#10604 = VECTOR('',#10605,1.);
#10605 = DIRECTION('',(0.,-1.));
#10606 = ( GEOMETRIC_REPRESENTATION_CONTEXT(2) 
PARAMETRIC_REPRESENTATION_CONTEXT() REPRESENTATION_CONTEXT('2D SPACE',''
  ) );
#10607 = PCURVE('',#3274,#10608);
#10608 = DEFINITIONAL_REPRESENTATION('',(#10609),#10613);
#10609 = LINE('',#10610,#10611);
#10610 = CARTESIAN_POINT('',(1.198719924449,0.));
#10611 = VECTOR('',#10612,1.);
#10612 = DIRECTION('',(0.,-1.));
#10613 = ( GEOMETRIC_REPRESENTATION_CONTEXT(2) 
PARAMETRIC_REPRESENTATION_CONTEXT() REPRESENTATION_CONTEXT('2D SPACE',''
  ) );
#10614 = ORIENTED_EDGE('',*,*,#7069,.T.);
#10615 = ORIENTED_EDGE('',*,*,#10540,.F.);
#10616 = ORIENTED_EDGE('',*,*,#3286,.F.);
#10617 = ADVANCED_FACE('',(#10618),#1566,.T.);
#10618 = FACE_BOUND('',#10619,.T.);
#10619 = EDGE_LOOP('',(#10620,#10621,#10622,#10643));
#10620 = ORIENTED_EDGE('',*,*,#10569,.T.);
#10621 = ORIENTED_EDGE('',*,*,#5643,.T.);
#10622 = ORIENTED_EDGE('',*,*,#10623,.F.);
#10623 = EDGE_CURVE('',#1551,#5644,#10624,.T.);
#10624 = SURFACE_CURVE('',#10625,(#10629,#10636),.PCURVE_S1.);
#10625 = LINE('',#10626,#10627);
#10626 = CARTESIAN_POINT('',(356.46543122652,376.,394.37518259424));
#10627 = VECTOR('',#10628,1.);
#10628 = DIRECTION('',(0.,1.,0.));
#10629 = PCURVE('',#1566,#10630);
#10630 = DEFINITIONAL_REPRESENTATION('',(#10631),#10635);
#10631 = LINE('',#10632,#10633);
#10632 = CARTESIAN_POINT('',(0.900142887903,0.));
#10633 = VECTOR('',#10634,1.);
#10634 = DIRECTION('',(0.,-1.));
#10635 = ( GEOMETRIC_REPRESENTATION_CONTEXT(2) 
PARAMETRIC_REPRESENTATION_CONTEXT() REPRESENTATION_CONTEXT('2D SPACE',''
  ) );
#10636 = PCURVE('',#1594,#10637);
#10637 = DEFINITIONAL_REPRESENTATION('',(#10638),#10642);
#10638 = LINE('',#10639,#10640);
#10639 = CARTESIAN_POINT('',(0.,0.));
#10640 = VECTOR('',#10641,1.);
#10641 = DIRECTION('',(0.,-1.));
#10642 = ( GEOMETRIC_REPRESENTATION_CONTEXT(2) 
PARAMETRIC_REPRESENTATION_CONTEXT() REPRESENTATION_CONTEXT('2D SPACE',''
  ) );
#10643 = ORIENTED_EDGE('',*,*,#1550,.F.);
#10644 = ADVANCED_FACE('',(#10645),#3274,.T.);
#10645 = FACE_BOUND('',#10646,.T.);
#10646 = EDGE_LOOP('',(#10647,#10668,#10669,#10670));
#10647 = ORIENTED_EDGE('',*,*,#10648,.T.);
#10648 = EDGE_CURVE('',#3231,#7024,#10649,.T.);
#10649 = SURFACE_CURVE('',#10650,(#10654,#10661),.PCURVE_S1.);
#10650 = LINE('',#10651,#10652);
#10651 = CARTESIAN_POINT('',(356.28459007904,376.,359.70466879145));
#10652 = VECTOR('',#10653,1.);
#10653 = DIRECTION('',(0.,1.,0.));
#10654 = PCURVE('',#3274,#10655);
#10655 = DEFINITIONAL_REPRESENTATION('',(#10656),#10660);
#10656 = LINE('',#10657,#10658);
#10657 = CARTESIAN_POINT('',(0.,0.));
#10658 = VECTOR('',#10659,1.);
#10659 = DIRECTION('',(0.,-1.));
#10660 = ( GEOMETRIC_REPRESENTATION_CONTEXT(2) 
PARAMETRIC_REPRESENTATION_CONTEXT() REPRESENTATION_CONTEXT('2D SPACE',''
  ) );
#10661 = PCURVE('',#3246,#10662);
#10662 = DEFINITIONAL_REPRESENTATION('',(#10663),#10667);
#10663 = LINE('',#10664,#10665);
#10664 = CARTESIAN_POINT('',(1.228592614404,0.));
#10665 = VECTOR('',#10666,1.);
#10666 = DIRECTION('',(0.,-1.));
#10667 = ( GEOMETRIC_REPRESENTATION_CONTEXT(2) 
PARAMETRIC_REPRESENTATION_CONTEXT() REPRESENTATION_CONTEXT('2D SPACE',''
  ) );
#10668 = ORIENTED_EDGE('',*,*,#7046,.T.);
#10669 = ORIENTED_EDGE('',*,*,#10594,.F.);
#10670 = ORIENTED_EDGE('',*,*,#3258,.F.);
#10671 = ADVANCED_FACE('',(#10672),#1594,.T.);
#10672 = FACE_BOUND('',#10673,.T.);
#10673 = EDGE_LOOP('',(#10674,#10675,#10676,#10697));
#10674 = ORIENTED_EDGE('',*,*,#10623,.T.);
#10675 = ORIENTED_EDGE('',*,*,#5666,.T.);
#10676 = ORIENTED_EDGE('',*,*,#10677,.F.);
#10677 = EDGE_CURVE('',#1579,#5667,#10678,.T.);
#10678 = SURFACE_CURVE('',#10679,(#10683,#10690),.PCURVE_S1.);
#10679 = LINE('',#10680,#10681);
#10680 = CARTESIAN_POINT('',(355.6037556211,376.,394.11485132516));
#10681 = VECTOR('',#10682,1.);
#10682 = DIRECTION('',(0.,1.,0.));
#10683 = PCURVE('',#1594,#10684);
#10684 = DEFINITIONAL_REPRESENTATION('',(#10685),#10689);
#10685 = LINE('',#10686,#10687);
#10686 = CARTESIAN_POINT('',(0.900142887903,0.));
#10687 = VECTOR('',#10688,1.);
#10688 = DIRECTION('',(0.,-1.));
#10689 = ( GEOMETRIC_REPRESENTATION_CONTEXT(2) 
PARAMETRIC_REPRESENTATION_CONTEXT() REPRESENTATION_CONTEXT('2D SPACE',''
  ) );
#10690 = PCURVE('',#1622,#10691);
#10691 = DEFINITIONAL_REPRESENTATION('',(#10692),#10696);
#10692 = LINE('',#10693,#10694);
#10693 = CARTESIAN_POINT('',(0.,0.));
#10694 = VECTOR('',#10695,1.);
#10695 = DIRECTION('',(0.,-1.));
#10696 = ( GEOMETRIC_REPRESENTATION_CONTEXT(2) 
PARAMETRIC_REPRESENTATION_CONTEXT() REPRESENTATION_CONTEXT('2D SPACE',''
  ) );
#10697 = ORIENTED_EDGE('',*,*,#1578,.F.);
#10698 = ADVANCED_FACE('',(#10699),#3246,.T.);
#10699 = FACE_BOUND('',#10700,.T.);
#10700 = EDGE_LOOP('',(#10701,#10722,#10723,#10724));
#10701 = ORIENTED_EDGE('',*,*,#10702,.T.);
#10702 = EDGE_CURVE('',#3203,#7001,#10703,.T.);
#10703 = SURFACE_CURVE('',#10704,(#10708,#10715),.PCURVE_S1.);
#10704 = LINE('',#10705,#10706);
#10705 = CARTESIAN_POINT('',(355.15654246498,376.,360.19144224243));
#10706 = VECTOR('',#10707,1.);
#10707 = DIRECTION('',(0.,1.,0.));
#10708 = PCURVE('',#3246,#10709);
#10709 = DEFINITIONAL_REPRESENTATION('',(#10710),#10714);
#10710 = LINE('',#10711,#10712);
#10711 = CARTESIAN_POINT('',(0.,0.));
#10712 = VECTOR('',#10713,1.);
#10713 = DIRECTION('',(0.,-1.));
#10714 = ( GEOMETRIC_REPRESENTATION_CONTEXT(2) 
PARAMETRIC_REPRESENTATION_CONTEXT() REPRESENTATION_CONTEXT('2D SPACE',''
  ) );
#10715 = PCURVE('',#3218,#10716);
#10716 = DEFINITIONAL_REPRESENTATION('',(#10717),#10721);
#10717 = LINE('',#10718,#10719);
#10718 = CARTESIAN_POINT('',(1.228592614404,0.));
#10719 = VECTOR('',#10720,1.);
#10720 = DIRECTION('',(0.,-1.));
#10721 = ( GEOMETRIC_REPRESENTATION_CONTEXT(2) 
PARAMETRIC_REPRESENTATION_CONTEXT() REPRESENTATION_CONTEXT('2D SPACE',''
  ) );
#10722 = ORIENTED_EDGE('',*,*,#7023,.T.);
#10723 = ORIENTED_EDGE('',*,*,#10648,.F.);
#10724 = ORIENTED_EDGE('',*,*,#3230,.F.);
#10725 = ADVANCED_FACE('',(#10726),#1622,.T.);
#10726 = FACE_BOUND('',#10727,.T.);
#10727 = EDGE_LOOP('',(#10728,#10729,#10730,#10751));
#10728 = ORIENTED_EDGE('',*,*,#10677,.T.);
#10729 = ORIENTED_EDGE('',*,*,#5689,.T.);
#10730 = ORIENTED_EDGE('',*,*,#10731,.F.);
#10731 = EDGE_CURVE('',#1607,#5690,#10732,.T.);
#10732 = SURFACE_CURVE('',#10733,(#10737,#10744),.PCURVE_S1.);
#10733 = LINE('',#10734,#10735);
#10734 = CARTESIAN_POINT('',(354.75425563039,376.,393.81718207175));
#10735 = VECTOR('',#10736,1.);
#10736 = DIRECTION('',(0.,1.,0.));
#10737 = PCURVE('',#1622,#10738);
#10738 = DEFINITIONAL_REPRESENTATION('',(#10739),#10743);
#10739 = LINE('',#10740,#10741);
#10740 = CARTESIAN_POINT('',(0.900142887903,0.));
#10741 = VECTOR('',#10742,1.);
#10742 = DIRECTION('',(0.,-1.));
#10743 = ( GEOMETRIC_REPRESENTATION_CONTEXT(2) 
PARAMETRIC_REPRESENTATION_CONTEXT() REPRESENTATION_CONTEXT('2D SPACE',''
  ) );
#10744 = PCURVE('',#1650,#10745);
#10745 = DEFINITIONAL_REPRESENTATION('',(#10746),#10750);
#10746 = LINE('',#10747,#10748);
#10747 = CARTESIAN_POINT('',(0.,0.));
#10748 = VECTOR('',#10749,1.);
#10749 = DIRECTION('',(0.,-1.));
#10750 = ( GEOMETRIC_REPRESENTATION_CONTEXT(2) 
PARAMETRIC_REPRESENTATION_CONTEXT() REPRESENTATION_CONTEXT('2D SPACE',''
  ) );
#10751 = ORIENTED_EDGE('',*,*,#1606,.F.);
#10752 = ADVANCED_FACE('',(#10753),#3218,.T.);
#10753 = FACE_BOUND('',#10754,.T.);
#10754 = EDGE_LOOP('',(#10755,#10776,#10777,#10778));
#10755 = ORIENTED_EDGE('',*,*,#10756,.T.);
#10756 = EDGE_CURVE('',#3175,#6978,#10757,.T.);
#10757 = SURFACE_CURVE('',#10758,(#10762,#10769),.PCURVE_S1.);
#10758 = LINE('',#10759,#10760);
#10759 = CARTESIAN_POINT('',(354.06955650459,376.,360.7640689394));
#10760 = VECTOR('',#10761,1.);
#10761 = DIRECTION('',(0.,1.,0.));
#10762 = PCURVE('',#3218,#10763);
#10763 = DEFINITIONAL_REPRESENTATION('',(#10764),#10768);
#10764 = LINE('',#10765,#10766);
#10765 = CARTESIAN_POINT('',(0.,0.));
#10766 = VECTOR('',#10767,1.);
#10767 = DIRECTION('',(0.,-1.));
#10768 = ( GEOMETRIC_REPRESENTATION_CONTEXT(2) 
PARAMETRIC_REPRESENTATION_CONTEXT() REPRESENTATION_CONTEXT('2D SPACE',''
  ) );
#10769 = PCURVE('',#3190,#10770);
#10770 = DEFINITIONAL_REPRESENTATION('',(#10771),#10775);
#10771 = LINE('',#10772,#10773);
#10772 = CARTESIAN_POINT('',(1.228592614404,0.));
#10773 = VECTOR('',#10774,1.);
#10774 = DIRECTION('',(0.,-1.));
#10775 = ( GEOMETRIC_REPRESENTATION_CONTEXT(2) 
PARAMETRIC_REPRESENTATION_CONTEXT() REPRESENTATION_CONTEXT('2D SPACE',''
  ) );
#10776 = ORIENTED_EDGE('',*,*,#7000,.T.);
#10777 = ORIENTED_EDGE('',*,*,#10702,.F.);
#10778 = ORIENTED_EDGE('',*,*,#3202,.F.);
#10779 = ADVANCED_FACE('',(#10780),#1650,.T.);
#10780 = FACE_BOUND('',#10781,.T.);
#10781 = EDGE_LOOP('',(#10782,#10783,#10784,#10805));
#10782 = ORIENTED_EDGE('',*,*,#10731,.T.);
#10783 = ORIENTED_EDGE('',*,*,#5712,.T.);
#10784 = ORIENTED_EDGE('',*,*,#10785,.F.);
#10785 = EDGE_CURVE('',#1635,#5713,#10786,.T.);
#10786 = SURFACE_CURVE('',#10787,(#10791,#10798),.PCURVE_S1.);
#10787 = LINE('',#10788,#10789);
#10788 = CARTESIAN_POINT('',(353.91854832591,376.,393.48274146435));
#10789 = VECTOR('',#10790,1.);
#10790 = DIRECTION('',(0.,1.,0.));
#10791 = PCURVE('',#1650,#10792);
#10792 = DEFINITIONAL_REPRESENTATION('',(#10793),#10797);
#10793 = LINE('',#10794,#10795);
#10794 = CARTESIAN_POINT('',(0.900142887903,0.));
#10795 = VECTOR('',#10796,1.);
#10796 = DIRECTION('',(0.,-1.));
#10797 = ( GEOMETRIC_REPRESENTATION_CONTEXT(2) 
PARAMETRIC_REPRESENTATION_CONTEXT() REPRESENTATION_CONTEXT('2D SPACE',''
  ) );
#10798 = PCURVE('',#1678,#10799);
#10799 = DEFINITIONAL_REPRESENTATION('',(#10800),#10804);
#10800 = LINE('',#10801,#10802);
#10801 = CARTESIAN_POINT('',(0.,0.));
#10802 = VECTOR('',#10803,1.);
#10803 = DIRECTION('',(0.,-1.));
#10804 = ( GEOMETRIC_REPRESENTATION_CONTEXT(2) 
PARAMETRIC_REPRESENTATION_CONTEXT() REPRESENTATION_CONTEXT('2D SPACE',''
  ) );
#10805 = ORIENTED_EDGE('',*,*,#1634,.F.);
#10806 = ADVANCED_FACE('',(#10807),#3190,.T.);
#10807 = FACE_BOUND('',#10808,.T.);
#10808 = EDGE_LOOP('',(#10809,#10830,#10831,#10832));
#10809 = ORIENTED_EDGE('',*,*,#10810,.T.);
#10810 = EDGE_CURVE('',#3147,#6955,#10811,.T.);
#10811 = SURFACE_CURVE('',#10812,(#10816,#10823),.PCURVE_S1.);
#10812 = LINE('',#10813,#10814);
#10813 = CARTESIAN_POINT('',(353.03015425793,376.,361.41911304617));
#10814 = VECTOR('',#10815,1.);
#10815 = DIRECTION('',(0.,1.,0.));
#10816 = PCURVE('',#3190,#10817);
#10817 = DEFINITIONAL_REPRESENTATION('',(#10818),#10822);
#10818 = LINE('',#10819,#10820);
#10819 = CARTESIAN_POINT('',(0.,0.));
#10820 = VECTOR('',#10821,1.);
#10821 = DIRECTION('',(0.,-1.));
#10822 = ( GEOMETRIC_REPRESENTATION_CONTEXT(2) 
PARAMETRIC_REPRESENTATION_CONTEXT() REPRESENTATION_CONTEXT('2D SPACE',''
  ) );
#10823 = PCURVE('',#3162,#10824);
#10824 = DEFINITIONAL_REPRESENTATION('',(#10825),#10829);
#10825 = LINE('',#10826,#10827);
#10826 = CARTESIAN_POINT('',(1.228592614404,0.));
#10827 = VECTOR('',#10828,1.);
#10828 = DIRECTION('',(0.,-1.));
#10829 = ( GEOMETRIC_REPRESENTATION_CONTEXT(2) 
PARAMETRIC_REPRESENTATION_CONTEXT() REPRESENTATION_CONTEXT('2D SPACE',''
  ) );
#10830 = ORIENTED_EDGE('',*,*,#6977,.T.);
#10831 = ORIENTED_EDGE('',*,*,#10756,.F.);
#10832 = ORIENTED_EDGE('',*,*,#3174,.F.);
#10833 = ADVANCED_FACE('',(#10834),#1678,.T.);
#10834 = FACE_BOUND('',#10835,.T.);
#10835 = EDGE_LOOP('',(#10836,#10837,#10838,#10859));
#10836 = ORIENTED_EDGE('',*,*,#10785,.T.);
#10837 = ORIENTED_EDGE('',*,*,#5735,.T.);
#10838 = ORIENTED_EDGE('',*,*,#10839,.F.);
#10839 = EDGE_CURVE('',#1663,#5736,#10840,.T.);
#10840 = SURFACE_CURVE('',#10841,(#10845,#10852),.PCURVE_S1.);
#10841 = LINE('',#10842,#10843);
#10842 = CARTESIAN_POINT('',(356.28459007904,376.,389.29533120854));
#10843 = VECTOR('',#10844,1.);
#10844 = DIRECTION('',(0.,1.,0.));
#10845 = PCURVE('',#1678,#10846);
#10846 = DEFINITIONAL_REPRESENTATION('',(#10847),#10851);
#10847 = LINE('',#10848,#10849);
#10848 = CARTESIAN_POINT('',(4.809631818338,0.));
#10849 = VECTOR('',#10850,1.);
#10850 = DIRECTION('',(0.,-1.));
#10851 = ( GEOMETRIC_REPRESENTATION_CONTEXT(2) 
PARAMETRIC_REPRESENTATION_CONTEXT() REPRESENTATION_CONTEXT('2D SPACE',''
  ) );
#10852 = PCURVE('',#1706,#10853);
#10853 = DEFINITIONAL_REPRESENTATION('',(#10854),#10858);
#10854 = LINE('',#10855,#10856);
#10855 = CARTESIAN_POINT('',(0.,0.));
#10856 = VECTOR('',#10857,1.);
#10857 = DIRECTION('',(0.,-1.));
#10858 = ( GEOMETRIC_REPRESENTATION_CONTEXT(2) 
PARAMETRIC_REPRESENTATION_CONTEXT() REPRESENTATION_CONTEXT('2D SPACE',''
  ) );
#10859 = ORIENTED_EDGE('',*,*,#1662,.F.);
#10860 = ADVANCED_FACE('',(#10861),#3162,.T.);
#10861 = FACE_BOUND('',#10862,.T.);
#10862 = EDGE_LOOP('',(#10863,#10884,#10885,#10886));
#10863 = ORIENTED_EDGE('',*,*,#10864,.T.);
#10864 = EDGE_CURVE('',#3119,#6932,#10865,.T.);
#10865 = SURFACE_CURVE('',#10866,(#10870,#10877),.PCURVE_S1.);
#10866 = LINE('',#10867,#10868);
#10867 = CARTESIAN_POINT('',(352.04457227647,376.,362.15264421113));
#10868 = VECTOR('',#10869,1.);
#10869 = DIRECTION('',(0.,1.,0.));
#10870 = PCURVE('',#3162,#10871);
#10871 = DEFINITIONAL_REPRESENTATION('',(#10872),#10876);
#10872 = LINE('',#10873,#10874);
#10873 = CARTESIAN_POINT('',(0.,0.));
#10874 = VECTOR('',#10875,1.);
#10875 = DIRECTION('',(0.,-1.));
#10876 = ( GEOMETRIC_REPRESENTATION_CONTEXT(2) 
PARAMETRIC_REPRESENTATION_CONTEXT() REPRESENTATION_CONTEXT('2D SPACE',''
  ) );
#10877 = PCURVE('',#3134,#10878);
#10878 = DEFINITIONAL_REPRESENTATION('',(#10879),#10883);
#10879 = LINE('',#10880,#10881);
#10880 = CARTESIAN_POINT('',(4.809631818338,0.));
#10881 = VECTOR('',#10882,1.);
#10882 = DIRECTION('',(0.,-1.));
#10883 = ( GEOMETRIC_REPRESENTATION_CONTEXT(2) 
PARAMETRIC_REPRESENTATION_CONTEXT() REPRESENTATION_CONTEXT('2D SPACE',''
  ) );
#10884 = ORIENTED_EDGE('',*,*,#6954,.T.);
#10885 = ORIENTED_EDGE('',*,*,#10810,.F.);
#10886 = ORIENTED_EDGE('',*,*,#3146,.F.);
#10887 = ADVANCED_FACE('',(#10888),#1706,.T.);
#10888 = FACE_BOUND('',#10889,.T.);
#10889 = EDGE_LOOP('',(#10890,#10891,#10892,#10913));
#10890 = ORIENTED_EDGE('',*,*,#10839,.T.);
#10891 = ORIENTED_EDGE('',*,*,#5758,.T.);
#10892 = ORIENTED_EDGE('',*,*,#10893,.F.);
#10893 = EDGE_CURVE('',#1691,#5759,#10894,.T.);
#10894 = SURFACE_CURVE('',#10895,(#10899,#10906),.PCURVE_S1.);
#10895 = LINE('',#10896,#10897);
#10896 = CARTESIAN_POINT('',(355.15654246498,376.,388.80855775756));
#10897 = VECTOR('',#10898,1.);
#10898 = DIRECTION('',(0.,1.,0.));
#10899 = PCURVE('',#1706,#10900);
#10900 = DEFINITIONAL_REPRESENTATION('',(#10901),#10905);
#10901 = LINE('',#10902,#10903);
#10902 = CARTESIAN_POINT('',(1.228592614404,0.));
#10903 = VECTOR('',#10904,1.);
#10904 = DIRECTION('',(0.,-1.));
#10905 = ( GEOMETRIC_REPRESENTATION_CONTEXT(2) 
PARAMETRIC_REPRESENTATION_CONTEXT() REPRESENTATION_CONTEXT('2D SPACE',''
  ) );
#10906 = PCURVE('',#1734,#10907);
#10907 = DEFINITIONAL_REPRESENTATION('',(#10908),#10912);
#10908 = LINE('',#10909,#10910);
#10909 = CARTESIAN_POINT('',(0.,0.));
#10910 = VECTOR('',#10911,1.);
#10911 = DIRECTION('',(0.,-1.));
#10912 = ( GEOMETRIC_REPRESENTATION_CONTEXT(2) 
PARAMETRIC_REPRESENTATION_CONTEXT() REPRESENTATION_CONTEXT('2D SPACE',''
  ) );
#10913 = ORIENTED_EDGE('',*,*,#1690,.F.);
#10914 = ADVANCED_FACE('',(#10915),#3134,.T.);
#10915 = FACE_BOUND('',#10916,.T.);
#10916 = EDGE_LOOP('',(#10917,#10938,#10939,#10940));
#10917 = ORIENTED_EDGE('',*,*,#10918,.T.);
#10918 = EDGE_CURVE('',#3091,#6909,#10919,.T.);
#10919 = SURFACE_CURVE('',#10920,(#10924,#10931),.PCURVE_S1.);
#10920 = LINE('',#10921,#10922);
#10921 = CARTESIAN_POINT('',(349.60118949544,376.,358.00988681861));
#10922 = VECTOR('',#10923,1.);
#10923 = DIRECTION('',(0.,1.,0.));
#10924 = PCURVE('',#3134,#10925);
#10925 = DEFINITIONAL_REPRESENTATION('',(#10926),#10930);
#10926 = LINE('',#10927,#10928);
#10927 = CARTESIAN_POINT('',(0.,0.));
#10928 = VECTOR('',#10929,1.);
#10929 = DIRECTION('',(0.,-1.));
#10930 = ( GEOMETRIC_REPRESENTATION_CONTEXT(2) 
PARAMETRIC_REPRESENTATION_CONTEXT() REPRESENTATION_CONTEXT('2D SPACE',''
  ) );
#10931 = PCURVE('',#3106,#10932);
#10932 = DEFINITIONAL_REPRESENTATION('',(#10933),#10937);
#10933 = LINE('',#10934,#10935);
#10934 = CARTESIAN_POINT('',(0.900142887903,0.));
#10935 = VECTOR('',#10936,1.);
#10936 = DIRECTION('',(0.,-1.));
#10937 = ( GEOMETRIC_REPRESENTATION_CONTEXT(2) 
PARAMETRIC_REPRESENTATION_CONTEXT() REPRESENTATION_CONTEXT('2D SPACE',''
  ) );
#10938 = ORIENTED_EDGE('',*,*,#6931,.T.);
#10939 = ORIENTED_EDGE('',*,*,#10864,.F.);
#10940 = ORIENTED_EDGE('',*,*,#3118,.F.);
#10941 = ADVANCED_FACE('',(#10942),#1734,.T.);
#10942 = FACE_BOUND('',#10943,.T.);
#10943 = EDGE_LOOP('',(#10944,#10945,#10946,#10967));
#10944 = ORIENTED_EDGE('',*,*,#10893,.T.);
#10945 = ORIENTED_EDGE('',*,*,#5781,.T.);
#10946 = ORIENTED_EDGE('',*,*,#10947,.F.);
#10947 = EDGE_CURVE('',#1719,#5782,#10948,.T.);
#10948 = SURFACE_CURVE('',#10949,(#10953,#10960),.PCURVE_S1.);
#10949 = LINE('',#10950,#10951);
#10950 = CARTESIAN_POINT('',(354.06955650459,376.,388.23593106059));
#10951 = VECTOR('',#10952,1.);
#10952 = DIRECTION('',(0.,1.,0.));
#10953 = PCURVE('',#1734,#10954);
#10954 = DEFINITIONAL_REPRESENTATION('',(#10955),#10959);
#10955 = LINE('',#10956,#10957);
#10956 = CARTESIAN_POINT('',(1.228592614404,0.));
#10957 = VECTOR('',#10958,1.);
#10958 = DIRECTION('',(0.,-1.));
#10959 = ( GEOMETRIC_REPRESENTATION_CONTEXT(2) 
PARAMETRIC_REPRESENTATION_CONTEXT() REPRESENTATION_CONTEXT('2D SPACE',''
  ) );
#10960 = PCURVE('',#1762,#10961);
#10961 = DEFINITIONAL_REPRESENTATION('',(#10962),#10966);
#10962 = LINE('',#10963,#10964);
#10963 = CARTESIAN_POINT('',(0.,0.));
#10964 = VECTOR('',#10965,1.);
#10965 = DIRECTION('',(0.,-1.));
#10966 = ( GEOMETRIC_REPRESENTATION_CONTEXT(2) 
PARAMETRIC_REPRESENTATION_CONTEXT() REPRESENTATION_CONTEXT('2D SPACE',''
  ) );
#10967 = ORIENTED_EDGE('',*,*,#1718,.F.);
#10968 = ADVANCED_FACE('',(#10969),#3106,.T.);
#10969 = FACE_BOUND('',#10970,.T.);
#10970 = EDGE_LOOP('',(#10971,#10992,#10993,#10994));
#10971 = ORIENTED_EDGE('',*,*,#10972,.T.);
#10972 = EDGE_CURVE('',#3063,#6886,#10973,.T.);
#10973 = SURFACE_CURVE('',#10974,(#10978,#10985),.PCURVE_S1.);
#10974 = LINE('',#10975,#10976);
#10975 = CARTESIAN_POINT('',(348.89370178113,376.,358.56641027071));
#10976 = VECTOR('',#10977,1.);
#10977 = DIRECTION('',(0.,1.,0.));
#10978 = PCURVE('',#3106,#10979);
#10979 = DEFINITIONAL_REPRESENTATION('',(#10980),#10984);
#10980 = LINE('',#10981,#10982);
#10981 = CARTESIAN_POINT('',(0.,0.));
#10982 = VECTOR('',#10983,1.);
#10983 = DIRECTION('',(0.,-1.));
#10984 = ( GEOMETRIC_REPRESENTATION_CONTEXT(2) 
PARAMETRIC_REPRESENTATION_CONTEXT() REPRESENTATION_CONTEXT('2D SPACE',''
  ) );
#10985 = PCURVE('',#3078,#10986);
#10986 = DEFINITIONAL_REPRESENTATION('',(#10987),#10991);
#10987 = LINE('',#10988,#10989);
#10988 = CARTESIAN_POINT('',(0.900142887903,0.));
#10989 = VECTOR('',#10990,1.);
#10990 = DIRECTION('',(0.,-1.));
#10991 = ( GEOMETRIC_REPRESENTATION_CONTEXT(2) 
PARAMETRIC_REPRESENTATION_CONTEXT() REPRESENTATION_CONTEXT('2D SPACE',''
  ) );
#10992 = ORIENTED_EDGE('',*,*,#6908,.T.);
#10993 = ORIENTED_EDGE('',*,*,#10918,.F.);
#10994 = ORIENTED_EDGE('',*,*,#3090,.F.);
#10995 = ADVANCED_FACE('',(#10996),#1762,.T.);
#10996 = FACE_BOUND('',#10997,.T.);
#10997 = EDGE_LOOP('',(#10998,#10999,#11000,#11021));
#10998 = ORIENTED_EDGE('',*,*,#10947,.T.);
#10999 = ORIENTED_EDGE('',*,*,#5804,.T.);
#11000 = ORIENTED_EDGE('',*,*,#11001,.F.);
#11001 = EDGE_CURVE('',#1747,#5805,#11002,.T.);
#11002 = SURFACE_CURVE('',#11003,(#11007,#11014),.PCURVE_S1.);
#11003 = LINE('',#11004,#11005);
#11004 = CARTESIAN_POINT('',(353.03015425793,376.,387.58088695382));
#11005 = VECTOR('',#11006,1.);
#11006 = DIRECTION('',(0.,1.,0.));
#11007 = PCURVE('',#1762,#11008);
#11008 = DEFINITIONAL_REPRESENTATION('',(#11009),#11013);
#11009 = LINE('',#11010,#11011);
#11010 = CARTESIAN_POINT('',(1.228592614404,0.));
#11011 = VECTOR('',#11012,1.);
#11012 = DIRECTION('',(0.,-1.));
#11013 = ( GEOMETRIC_REPRESENTATION_CONTEXT(2) 
PARAMETRIC_REPRESENTATION_CONTEXT() REPRESENTATION_CONTEXT('2D SPACE',''
  ) );
#11014 = PCURVE('',#1790,#11015);
#11015 = DEFINITIONAL_REPRESENTATION('',(#11016),#11020);
#11016 = LINE('',#11017,#11018);
#11017 = CARTESIAN_POINT('',(0.,0.));
#11018 = VECTOR('',#11019,1.);
#11019 = DIRECTION('',(0.,-1.));
#11020 = ( GEOMETRIC_REPRESENTATION_CONTEXT(2) 
PARAMETRIC_REPRESENTATION_CONTEXT() REPRESENTATION_CONTEXT('2D SPACE',''
  ) );
#11021 = ORIENTED_EDGE('',*,*,#1746,.F.);
#11022 = ADVANCED_FACE('',(#11023),#3078,.T.);
#11023 = FACE_BOUND('',#11024,.T.);
#11024 = EDGE_LOOP('',(#11025,#11046,#11047,#11048));
#11025 = ORIENTED_EDGE('',*,*,#11026,.T.);
#11026 = EDGE_CURVE('',#3035,#6863,#11027,.T.);
#11027 = SURFACE_CURVE('',#11028,(#11032,#11039),.PCURVE_S1.);
#11028 = LINE('',#11029,#11030);
#11029 = CARTESIAN_POINT('',(348.21116265039,376.,359.15326421647));
#11030 = VECTOR('',#11031,1.);
#11031 = DIRECTION('',(0.,1.,0.));
#11032 = PCURVE('',#3078,#11033);
#11033 = DEFINITIONAL_REPRESENTATION('',(#11034),#11038);
#11034 = LINE('',#11035,#11036);
#11035 = CARTESIAN_POINT('',(0.,0.));
#11036 = VECTOR('',#11037,1.);
#11037 = DIRECTION('',(0.,-1.));
#11038 = ( GEOMETRIC_REPRESENTATION_CONTEXT(2) 
PARAMETRIC_REPRESENTATION_CONTEXT() REPRESENTATION_CONTEXT('2D SPACE',''
  ) );
#11039 = PCURVE('',#3050,#11040);
#11040 = DEFINITIONAL_REPRESENTATION('',(#11041),#11045);
#11041 = LINE('',#11042,#11043);
#11042 = CARTESIAN_POINT('',(0.900142887903,0.));
#11043 = VECTOR('',#11044,1.);
#11044 = DIRECTION('',(0.,-1.));
#11045 = ( GEOMETRIC_REPRESENTATION_CONTEXT(2) 
PARAMETRIC_REPRESENTATION_CONTEXT() REPRESENTATION_CONTEXT('2D SPACE',''
  ) );
#11046 = ORIENTED_EDGE('',*,*,#6885,.T.);
#11047 = ORIENTED_EDGE('',*,*,#10972,.F.);
#11048 = ORIENTED_EDGE('',*,*,#3062,.F.);
#11049 = ADVANCED_FACE('',(#11050),#1790,.T.);
#11050 = FACE_BOUND('',#11051,.T.);
#11051 = EDGE_LOOP('',(#11052,#11053,#11054,#11075));
#11052 = ORIENTED_EDGE('',*,*,#11001,.T.);
#11053 = ORIENTED_EDGE('',*,*,#5827,.T.);
#11054 = ORIENTED_EDGE('',*,*,#11055,.F.);
#11055 = EDGE_CURVE('',#1775,#5828,#11056,.T.);
#11056 = SURFACE_CURVE('',#11057,(#11061,#11068),.PCURVE_S1.);
#11057 = LINE('',#11058,#11059);
#11058 = CARTESIAN_POINT('',(352.04457227647,376.,386.84735578886));
#11059 = VECTOR('',#11060,1.);
#11060 = DIRECTION('',(0.,1.,0.));
#11061 = PCURVE('',#1790,#11062);
#11062 = DEFINITIONAL_REPRESENTATION('',(#11063),#11067);
#11063 = LINE('',#11064,#11065);
#11064 = CARTESIAN_POINT('',(1.228592614404,0.));
#11065 = VECTOR('',#11066,1.);
#11066 = DIRECTION('',(0.,-1.));
#11067 = ( GEOMETRIC_REPRESENTATION_CONTEXT(2) 
PARAMETRIC_REPRESENTATION_CONTEXT() REPRESENTATION_CONTEXT('2D SPACE',''
  ) );
#11068 = PCURVE('',#1818,#11069);
#11069 = DEFINITIONAL_REPRESENTATION('',(#11070),#11074);
#11070 = LINE('',#11071,#11072);
#11071 = CARTESIAN_POINT('',(0.,0.));
#11072 = VECTOR('',#11073,1.);
#11073 = DIRECTION('',(0.,-1.));
#11074 = ( GEOMETRIC_REPRESENTATION_CONTEXT(2) 
PARAMETRIC_REPRESENTATION_CONTEXT() REPRESENTATION_CONTEXT('2D SPACE',''
  ) );
#11075 = ORIENTED_EDGE('',*,*,#1774,.F.);
#11076 = ADVANCED_FACE('',(#11077),#3050,.T.);
#11077 = FACE_BOUND('',#11078,.T.);
#11078 = EDGE_LOOP('',(#11079,#11100,#11101,#11102));
#11079 = ORIENTED_EDGE('',*,*,#11080,.T.);
#11080 = EDGE_CURVE('',#3007,#6840,#11081,.T.);
#11081 = SURFACE_CURVE('',#11082,(#11086,#11093),.PCURVE_S1.);
#11082 = LINE('',#11083,#11084);
#11083 = CARTESIAN_POINT('',(347.55487135526,376.,359.76933154605));
#11084 = VECTOR('',#11085,1.);
#11085 = DIRECTION('',(0.,1.,0.));
#11086 = PCURVE('',#3050,#11087);
#11087 = DEFINITIONAL_REPRESENTATION('',(#11088),#11092);
#11088 = LINE('',#11089,#11090);
#11089 = CARTESIAN_POINT('',(0.,0.));
#11090 = VECTOR('',#11091,1.);
#11091 = DIRECTION('',(0.,-1.));
#11092 = ( GEOMETRIC_REPRESENTATION_CONTEXT(2) 
PARAMETRIC_REPRESENTATION_CONTEXT() REPRESENTATION_CONTEXT('2D SPACE',''
  ) );
#11093 = PCURVE('',#3022,#11094);
#11094 = DEFINITIONAL_REPRESENTATION('',(#11095),#11099);
#11095 = LINE('',#11096,#11097);
#11096 = CARTESIAN_POINT('',(0.900142887903,0.));
#11097 = VECTOR('',#11098,1.);
#11098 = DIRECTION('',(0.,-1.));
#11099 = ( GEOMETRIC_REPRESENTATION_CONTEXT(2) 
PARAMETRIC_REPRESENTATION_CONTEXT() REPRESENTATION_CONTEXT('2D SPACE',''
  ) );
#11100 = ORIENTED_EDGE('',*,*,#6862,.T.);
#11101 = ORIENTED_EDGE('',*,*,#11026,.F.);
#11102 = ORIENTED_EDGE('',*,*,#3034,.F.);
#11103 = ADVANCED_FACE('',(#11104),#1818,.T.);
#11104 = FACE_BOUND('',#11105,.T.);
#11105 = EDGE_LOOP('',(#11106,#11107,#11108,#11129));
#11106 = ORIENTED_EDGE('',*,*,#11055,.T.);
#11107 = ORIENTED_EDGE('',*,*,#5850,.T.);
#11108 = ORIENTED_EDGE('',*,*,#11109,.F.);
#11109 = EDGE_CURVE('',#1803,#5851,#11110,.T.);
#11110 = SURFACE_CURVE('',#11111,(#11115,#11122),.PCURVE_S1.);
#11111 = LINE('',#11112,#11113);
#11112 = CARTESIAN_POINT('',(351.19884067364,376.,387.69686594963));
#11113 = VECTOR('',#11114,1.);
#11114 = DIRECTION('',(0.,1.,0.));
#11115 = PCURVE('',#1818,#11116);
#11116 = DEFINITIONAL_REPRESENTATION('',(#11117),#11121);
#11117 = LINE('',#11118,#11119);
#11118 = CARTESIAN_POINT('',(1.198719924449,0.));
#11119 = VECTOR('',#11120,1.);
#11120 = DIRECTION('',(0.,-1.));
#11121 = ( GEOMETRIC_REPRESENTATION_CONTEXT(2) 
PARAMETRIC_REPRESENTATION_CONTEXT() REPRESENTATION_CONTEXT('2D SPACE',''
  ) );
#11122 = PCURVE('',#1846,#11123);
#11123 = DEFINITIONAL_REPRESENTATION('',(#11124),#11128);
#11124 = LINE('',#11125,#11126);
#11125 = CARTESIAN_POINT('',(0.,0.));
#11126 = VECTOR('',#11127,1.);
#11127 = DIRECTION('',(0.,-1.));
#11128 = ( GEOMETRIC_REPRESENTATION_CONTEXT(2) 
PARAMETRIC_REPRESENTATION_CONTEXT() REPRESENTATION_CONTEXT('2D SPACE',''
  ) );
#11129 = ORIENTED_EDGE('',*,*,#1802,.F.);
#11130 = ADVANCED_FACE('',(#11131),#3022,.T.);
#11131 = FACE_BOUND('',#11132,.T.);
#11132 = EDGE_LOOP('',(#11133,#11154,#11155,#11156));
#11133 = ORIENTED_EDGE('',*,*,#11134,.T.);
#11134 = EDGE_CURVE('',#2979,#6817,#11135,.T.);
#11135 = SURFACE_CURVE('',#11136,(#11140,#11147),.PCURVE_S1.);
#11136 = LINE('',#11137,#11138);
#11137 = CARTESIAN_POINT('',(346.92607718351,376.,360.41343954027));
#11138 = VECTOR('',#11139,1.);
#11139 = DIRECTION('',(0.,1.,0.));
#11140 = PCURVE('',#3022,#11141);
#11141 = DEFINITIONAL_REPRESENTATION('',(#11142),#11146);
#11142 = LINE('',#11143,#11144);
#11143 = CARTESIAN_POINT('',(0.,0.));
#11144 = VECTOR('',#11145,1.);
#11145 = DIRECTION('',(0.,-1.));
#11146 = ( GEOMETRIC_REPRESENTATION_CONTEXT(2) 
PARAMETRIC_REPRESENTATION_CONTEXT() REPRESENTATION_CONTEXT('2D SPACE',''
  ) );
#11147 = PCURVE('',#2994,#11148);
#11148 = DEFINITIONAL_REPRESENTATION('',(#11149),#11153);
#11149 = LINE('',#11150,#11151);
#11150 = CARTESIAN_POINT('',(1.569764844889,0.));
#11151 = VECTOR('',#11152,1.);
#11152 = DIRECTION('',(0.,-1.));
#11153 = ( GEOMETRIC_REPRESENTATION_CONTEXT(2) 
PARAMETRIC_REPRESENTATION_CONTEXT() REPRESENTATION_CONTEXT('2D SPACE',''
  ) );
#11154 = ORIENTED_EDGE('',*,*,#6839,.T.);
#11155 = ORIENTED_EDGE('',*,*,#11080,.F.);
#11156 = ORIENTED_EDGE('',*,*,#3006,.F.);
#11157 = ADVANCED_FACE('',(#11158),#1846,.T.);
#11158 = FACE_BOUND('',#11159,.T.);
#11159 = EDGE_LOOP('',(#11160,#11161,#11162,#11183));
#11160 = ORIENTED_EDGE('',*,*,#11109,.T.);
#11161 = ORIENTED_EDGE('',*,*,#5873,.T.);
#11162 = ORIENTED_EDGE('',*,*,#11163,.F.);
#11163 = EDGE_CURVE('',#1831,#5874,#11164,.T.);
#11164 = SURFACE_CURVE('',#11165,(#11169,#11176),.PCURVE_S1.);
#11165 = LINE('',#11166,#11167);
#11166 = CARTESIAN_POINT('',(350.34014286386,376.,388.53457649957));
#11167 = VECTOR('',#11168,1.);
#11168 = DIRECTION('',(0.,1.,0.));
#11169 = PCURVE('',#1846,#11170);
#11170 = DEFINITIONAL_REPRESENTATION('',(#11171),#11175);
#11171 = LINE('',#11172,#11173);
#11172 = CARTESIAN_POINT('',(1.199633649912,0.));
#11173 = VECTOR('',#11174,1.);
#11174 = DIRECTION('',(0.,-1.));
#11175 = ( GEOMETRIC_REPRESENTATION_CONTEXT(2) 
PARAMETRIC_REPRESENTATION_CONTEXT() REPRESENTATION_CONTEXT('2D SPACE',''
  ) );
#11176 = PCURVE('',#1874,#11177);
#11177 = DEFINITIONAL_REPRESENTATION('',(#11178),#11182);
#11178 = LINE('',#11179,#11180);
#11179 = CARTESIAN_POINT('',(0.,0.));
#11180 = VECTOR('',#11181,1.);
#11181 = DIRECTION('',(0.,-1.));
#11182 = ( GEOMETRIC_REPRESENTATION_CONTEXT(2) 
PARAMETRIC_REPRESENTATION_CONTEXT() REPRESENTATION_CONTEXT('2D SPACE',''
  ) );
#11183 = ORIENTED_EDGE('',*,*,#1830,.F.);
#11184 = ADVANCED_FACE('',(#11185),#2994,.T.);
#11185 = FACE_BOUND('',#11186,.T.);
#11186 = EDGE_LOOP('',(#11187,#11208,#11209,#11210));
#11187 = ORIENTED_EDGE('',*,*,#11188,.T.);
#11188 = EDGE_CURVE('',#2951,#6794,#11189,.T.);
#11189 = SURFACE_CURVE('',#11190,(#11194,#11201),.PCURVE_S1.);
#11190 = LINE('',#11191,#11192);
#11191 = CARTESIAN_POINT('',(347.13965683475,376.,361.96860686272));
#11192 = VECTOR('',#11193,1.);
#11193 = DIRECTION('',(0.,1.,0.));
#11194 = PCURVE('',#2994,#11195);
#11195 = DEFINITIONAL_REPRESENTATION('',(#11196),#11200);
#11196 = LINE('',#11197,#11198);
#11197 = CARTESIAN_POINT('',(0.,0.));
#11198 = VECTOR('',#11199,1.);
#11199 = DIRECTION('',(0.,-1.));
#11200 = ( GEOMETRIC_REPRESENTATION_CONTEXT(2) 
PARAMETRIC_REPRESENTATION_CONTEXT() REPRESENTATION_CONTEXT('2D SPACE',''
  ) );
#11201 = PCURVE('',#2966,#11202);
#11202 = DEFINITIONAL_REPRESENTATION('',(#11203),#11207);
#11203 = LINE('',#11204,#11205);
#11204 = CARTESIAN_POINT('',(1.200610506126,0.));
#11205 = VECTOR('',#11206,1.);
#11206 = DIRECTION('',(0.,-1.));
#11207 = ( GEOMETRIC_REPRESENTATION_CONTEXT(2) 
PARAMETRIC_REPRESENTATION_CONTEXT() REPRESENTATION_CONTEXT('2D SPACE',''
  ) );
#11208 = ORIENTED_EDGE('',*,*,#6816,.T.);
#11209 = ORIENTED_EDGE('',*,*,#11134,.F.);
#11210 = ORIENTED_EDGE('',*,*,#2978,.F.);
#11211 = ADVANCED_FACE('',(#11212),#1874,.T.);
#11212 = FACE_BOUND('',#11213,.T.);
#11213 = EDGE_LOOP('',(#11214,#11215,#11216,#11237));
#11214 = ORIENTED_EDGE('',*,*,#11163,.T.);
#11215 = ORIENTED_EDGE('',*,*,#5896,.T.);
#11216 = ORIENTED_EDGE('',*,*,#11217,.F.);
#11217 = EDGE_CURVE('',#1859,#5897,#11218,.T.);
#11218 = SURFACE_CURVE('',#11219,(#11223,#11230),.PCURVE_S1.);
#11219 = LINE('',#11220,#11221);
#11220 = CARTESIAN_POINT('',(349.46860686272,376.,389.36034316524));
#11221 = VECTOR('',#11222,1.);
#11222 = DIRECTION('',(0.,1.,0.));
#11223 = PCURVE('',#1874,#11224);
#11224 = DEFINITIONAL_REPRESENTATION('',(#11225),#11229);
#11225 = LINE('',#11226,#11227);
#11226 = CARTESIAN_POINT('',(1.200610506126,0.));
#11227 = VECTOR('',#11228,1.);
#11228 = DIRECTION('',(0.,-1.));
#11229 = ( GEOMETRIC_REPRESENTATION_CONTEXT(2) 
PARAMETRIC_REPRESENTATION_CONTEXT() REPRESENTATION_CONTEXT('2D SPACE',''
  ) );
#11230 = PCURVE('',#1902,#11231);
#11231 = DEFINITIONAL_REPRESENTATION('',(#11232),#11236);
#11232 = LINE('',#11233,#11234);
#11233 = CARTESIAN_POINT('',(0.,0.));
#11234 = VECTOR('',#11235,1.);
#11235 = DIRECTION('',(0.,-1.));
#11236 = ( GEOMETRIC_REPRESENTATION_CONTEXT(2) 
PARAMETRIC_REPRESENTATION_CONTEXT() REPRESENTATION_CONTEXT('2D SPACE',''
  ) );
#11237 = ORIENTED_EDGE('',*,*,#1858,.F.);
#11238 = ADVANCED_FACE('',(#11239),#2966,.T.);
#11239 = FACE_BOUND('',#11240,.T.);
#11240 = EDGE_LOOP('',(#11241,#11262,#11263,#11264));
#11241 = ORIENTED_EDGE('',*,*,#11242,.T.);
#11242 = EDGE_CURVE('',#2923,#6771,#11243,.T.);
#11243 = SURFACE_CURVE('',#11244,(#11248,#11255),.PCURVE_S1.);
#11244 = LINE('',#11245,#11246);
#11245 = CARTESIAN_POINT('',(347.96542350042,376.,362.84014286386));
#11246 = VECTOR('',#11247,1.);
#11247 = DIRECTION('',(0.,1.,0.));
#11248 = PCURVE('',#2966,#11249);
#11249 = DEFINITIONAL_REPRESENTATION('',(#11250),#11254);
#11250 = LINE('',#11251,#11252);
#11251 = CARTESIAN_POINT('',(0.,0.));
#11252 = VECTOR('',#11253,1.);
#11253 = DIRECTION('',(0.,-1.));
#11254 = ( GEOMETRIC_REPRESENTATION_CONTEXT(2) 
PARAMETRIC_REPRESENTATION_CONTEXT() REPRESENTATION_CONTEXT('2D SPACE',''
  ) );
#11255 = PCURVE('',#2938,#11256);
#11256 = DEFINITIONAL_REPRESENTATION('',(#11257),#11261);
#11257 = LINE('',#11258,#11259);
#11258 = CARTESIAN_POINT('',(1.199633649912,0.));
#11259 = VECTOR('',#11260,1.);
#11260 = DIRECTION('',(0.,-1.));
#11261 = ( GEOMETRIC_REPRESENTATION_CONTEXT(2) 
PARAMETRIC_REPRESENTATION_CONTEXT() REPRESENTATION_CONTEXT('2D SPACE',''
  ) );
#11262 = ORIENTED_EDGE('',*,*,#6793,.T.);
#11263 = ORIENTED_EDGE('',*,*,#11188,.F.);
#11264 = ORIENTED_EDGE('',*,*,#2950,.F.);
#11265 = ADVANCED_FACE('',(#11266),#1902,.T.);
#11266 = FACE_BOUND('',#11267,.T.);
#11267 = EDGE_LOOP('',(#11268,#11269,#11270,#11291));
#11268 = ORIENTED_EDGE('',*,*,#11217,.T.);
#11269 = ORIENTED_EDGE('',*,*,#5919,.T.);
#11270 = ORIENTED_EDGE('',*,*,#11271,.F.);
#11271 = EDGE_CURVE('',#1887,#5920,#11272,.T.);
#11272 = SURFACE_CURVE('',#11273,(#11277,#11284),.PCURVE_S1.);
#11273 = LINE('',#11274,#11275);
#11274 = CARTESIAN_POINT('',(347.91343954027,376.,389.57392281648));
#11275 = VECTOR('',#11276,1.);
#11276 = DIRECTION('',(0.,1.,0.));
#11277 = PCURVE('',#1902,#11278);
#11278 = DEFINITIONAL_REPRESENTATION('',(#11279),#11283);
#11279 = LINE('',#11280,#11281);
#11280 = CARTESIAN_POINT('',(1.569764844889,0.));
#11281 = VECTOR('',#11282,1.);
#11282 = DIRECTION('',(0.,-1.));
#11283 = ( GEOMETRIC_REPRESENTATION_CONTEXT(2) 
PARAMETRIC_REPRESENTATION_CONTEXT() REPRESENTATION_CONTEXT('2D SPACE',''
  ) );
#11284 = PCURVE('',#1930,#11285);
#11285 = DEFINITIONAL_REPRESENTATION('',(#11286),#11290);
#11286 = LINE('',#11287,#11288);
#11287 = CARTESIAN_POINT('',(0.,0.));
#11288 = VECTOR('',#11289,1.);
#11289 = DIRECTION('',(0.,-1.));
#11290 = ( GEOMETRIC_REPRESENTATION_CONTEXT(2) 
PARAMETRIC_REPRESENTATION_CONTEXT() REPRESENTATION_CONTEXT('2D SPACE',''
  ) );
#11291 = ORIENTED_EDGE('',*,*,#1886,.F.);
#11292 = ADVANCED_FACE('',(#11293),#2938,.T.);
#11293 = FACE_BOUND('',#11294,.T.);
#11294 = EDGE_LOOP('',(#11295,#11316,#11317,#11318));
#11295 = ORIENTED_EDGE('',*,*,#11296,.T.);
#11296 = EDGE_CURVE('',#2895,#6748,#11297,.T.);
#11297 = SURFACE_CURVE('',#11298,(#11302,#11309),.PCURVE_S1.);
#11298 = LINE('',#11299,#11300);
#11299 = CARTESIAN_POINT('',(348.80313405036,376.,363.69884067364));
#11300 = VECTOR('',#11301,1.);
#11301 = DIRECTION('',(0.,1.,0.));
#11302 = PCURVE('',#2938,#11303);
#11303 = DEFINITIONAL_REPRESENTATION('',(#11304),#11308);
#11304 = LINE('',#11305,#11306);
#11305 = CARTESIAN_POINT('',(0.,0.));
#11306 = VECTOR('',#11307,1.);
#11307 = DIRECTION('',(0.,-1.));
#11308 = ( GEOMETRIC_REPRESENTATION_CONTEXT(2) 
PARAMETRIC_REPRESENTATION_CONTEXT() REPRESENTATION_CONTEXT('2D SPACE',''
  ) );
#11309 = PCURVE('',#2910,#11310);
#11310 = DEFINITIONAL_REPRESENTATION('',(#11311),#11315);
#11311 = LINE('',#11312,#11313);
#11312 = CARTESIAN_POINT('',(1.198719924449,0.));
#11313 = VECTOR('',#11314,1.);
#11314 = DIRECTION('',(0.,-1.));
#11315 = ( GEOMETRIC_REPRESENTATION_CONTEXT(2) 
PARAMETRIC_REPRESENTATION_CONTEXT() REPRESENTATION_CONTEXT('2D SPACE',''
  ) );
#11316 = ORIENTED_EDGE('',*,*,#6770,.T.);
#11317 = ORIENTED_EDGE('',*,*,#11242,.F.);
#11318 = ORIENTED_EDGE('',*,*,#2922,.F.);
#11319 = ADVANCED_FACE('',(#11320),#1930,.T.);
#11320 = FACE_BOUND('',#11321,.T.);
#11321 = EDGE_LOOP('',(#11322,#11323,#11324,#11345));
#11322 = ORIENTED_EDGE('',*,*,#11271,.T.);
#11323 = ORIENTED_EDGE('',*,*,#5942,.T.);
#11324 = ORIENTED_EDGE('',*,*,#11325,.F.);
#11325 = EDGE_CURVE('',#1915,#5943,#11326,.T.);
#11326 = SURFACE_CURVE('',#11327,(#11331,#11338),.PCURVE_S1.);
#11327 = LINE('',#11328,#11329);
#11328 = CARTESIAN_POINT('',(347.26933154605,376.,388.94512864473));
#11329 = VECTOR('',#11330,1.);
#11330 = DIRECTION('',(0.,1.,0.));
#11331 = PCURVE('',#1930,#11332);
#11332 = DEFINITIONAL_REPRESENTATION('',(#11333),#11337);
#11333 = LINE('',#11334,#11335);
#11334 = CARTESIAN_POINT('',(0.900142887903,0.));
#11335 = VECTOR('',#11336,1.);
#11336 = DIRECTION('',(0.,-1.));
#11337 = ( GEOMETRIC_REPRESENTATION_CONTEXT(2) 
PARAMETRIC_REPRESENTATION_CONTEXT() REPRESENTATION_CONTEXT('2D SPACE',''
  ) );
#11338 = PCURVE('',#1958,#11339);
#11339 = DEFINITIONAL_REPRESENTATION('',(#11340),#11344);
#11340 = LINE('',#11341,#11342);
#11341 = CARTESIAN_POINT('',(0.,0.));
#11342 = VECTOR('',#11343,1.);
#11343 = DIRECTION('',(0.,-1.));
#11344 = ( GEOMETRIC_REPRESENTATION_CONTEXT(2) 
PARAMETRIC_REPRESENTATION_CONTEXT() REPRESENTATION_CONTEXT('2D SPACE',''
  ) );
#11345 = ORIENTED_EDGE('',*,*,#1914,.F.);
#11346 = ADVANCED_FACE('',(#11347),#2910,.T.);
#11347 = FACE_BOUND('',#11348,.T.);
#11348 = EDGE_LOOP('',(#11349,#11370,#11371,#11372));
#11349 = ORIENTED_EDGE('',*,*,#11350,.T.);
#11350 = EDGE_CURVE('',#2867,#6725,#11351,.T.);
#11351 = SURFACE_CURVE('',#11352,(#11356,#11363),.PCURVE_S1.);
#11352 = LINE('',#11353,#11354);
#11353 = CARTESIAN_POINT('',(349.65264421113,376.,364.54457227647));
#11354 = VECTOR('',#11355,1.);
#11355 = DIRECTION('',(0.,1.,0.));
#11356 = PCURVE('',#2910,#11357);
#11357 = DEFINITIONAL_REPRESENTATION('',(#11358),#11362);
#11358 = LINE('',#11359,#11360);
#11359 = CARTESIAN_POINT('',(0.,0.));
#11360 = VECTOR('',#11361,1.);
#11361 = DIRECTION('',(0.,-1.));
#11362 = ( GEOMETRIC_REPRESENTATION_CONTEXT(2) 
PARAMETRIC_REPRESENTATION_CONTEXT() REPRESENTATION_CONTEXT('2D SPACE',''
  ) );
#11363 = PCURVE('',#2882,#11364);
#11364 = DEFINITIONAL_REPRESENTATION('',(#11365),#11369);
#11365 = LINE('',#11366,#11367);
#11366 = CARTESIAN_POINT('',(1.228592614404,0.));
#11367 = VECTOR('',#11368,1.);
#11368 = DIRECTION('',(0.,-1.));
#11369 = ( GEOMETRIC_REPRESENTATION_CONTEXT(2) 
PARAMETRIC_REPRESENTATION_CONTEXT() REPRESENTATION_CONTEXT('2D SPACE',''
  ) );
#11370 = ORIENTED_EDGE('',*,*,#6747,.T.);
#11371 = ORIENTED_EDGE('',*,*,#11296,.F.);
#11372 = ORIENTED_EDGE('',*,*,#2894,.F.);
#11373 = ADVANCED_FACE('',(#11374),#1958,.T.);
#11374 = FACE_BOUND('',#11375,.T.);
#11375 = EDGE_LOOP('',(#11376,#11377,#11378,#11399));
#11376 = ORIENTED_EDGE('',*,*,#11325,.T.);
#11377 = ORIENTED_EDGE('',*,*,#5965,.T.);
#11378 = ORIENTED_EDGE('',*,*,#11379,.F.);
#11379 = EDGE_CURVE('',#1943,#5966,#11380,.T.);
#11380 = SURFACE_CURVE('',#11381,(#11385,#11392),.PCURVE_S1.);
#11381 = LINE('',#11382,#11383);
#11382 = CARTESIAN_POINT('',(346.65326421647,376.,388.2888373496));
#11383 = VECTOR('',#11384,1.);
#11384 = DIRECTION('',(0.,1.,0.));
#11385 = PCURVE('',#1958,#11386);
#11386 = DEFINITIONAL_REPRESENTATION('',(#11387),#11391);
#11387 = LINE('',#11388,#11389);
#11388 = CARTESIAN_POINT('',(0.900142887903,0.));
#11389 = VECTOR('',#11390,1.);
#11390 = DIRECTION('',(0.,-1.));
#11391 = ( GEOMETRIC_REPRESENTATION_CONTEXT(2) 
PARAMETRIC_REPRESENTATION_CONTEXT() REPRESENTATION_CONTEXT('2D SPACE',''
  ) );
#11392 = PCURVE('',#1986,#11393);
#11393 = DEFINITIONAL_REPRESENTATION('',(#11394),#11398);
#11394 = LINE('',#11395,#11396);
#11395 = CARTESIAN_POINT('',(0.,0.));
#11396 = VECTOR('',#11397,1.);
#11397 = DIRECTION('',(0.,-1.));
#11398 = ( GEOMETRIC_REPRESENTATION_CONTEXT(2) 
PARAMETRIC_REPRESENTATION_CONTEXT() REPRESENTATION_CONTEXT('2D SPACE',''
  ) );
#11399 = ORIENTED_EDGE('',*,*,#1942,.F.);
#11400 = ADVANCED_FACE('',(#11401),#2882,.T.);
#11401 = FACE_BOUND('',#11402,.T.);
#11402 = EDGE_LOOP('',(#11403,#11424,#11425,#11426));
#11403 = ORIENTED_EDGE('',*,*,#11404,.T.);
#11404 = EDGE_CURVE('',#2839,#6702,#11405,.T.);
#11405 = SURFACE_CURVE('',#11406,(#11410,#11417),.PCURVE_S1.);
#11406 = LINE('',#11407,#11408);
#11407 = CARTESIAN_POINT('',(348.91911304617,376.,365.53015425793));
#11408 = VECTOR('',#11409,1.);
#11409 = DIRECTION('',(0.,1.,0.));
#11410 = PCURVE('',#2882,#11411);
#11411 = DEFINITIONAL_REPRESENTATION('',(#11412),#11416);
#11412 = LINE('',#11413,#11414);
#11413 = CARTESIAN_POINT('',(0.,0.));
#11414 = VECTOR('',#11415,1.);
#11415 = DIRECTION('',(0.,-1.));
#11416 = ( GEOMETRIC_REPRESENTATION_CONTEXT(2) 
PARAMETRIC_REPRESENTATION_CONTEXT() REPRESENTATION_CONTEXT('2D SPACE',''
  ) );
#11417 = PCURVE('',#2854,#11418);
#11418 = DEFINITIONAL_REPRESENTATION('',(#11419),#11423);
#11419 = LINE('',#11420,#11421);
#11420 = CARTESIAN_POINT('',(1.228592614404,0.));
#11421 = VECTOR('',#11422,1.);
#11422 = DIRECTION('',(0.,-1.));
#11423 = ( GEOMETRIC_REPRESENTATION_CONTEXT(2) 
PARAMETRIC_REPRESENTATION_CONTEXT() REPRESENTATION_CONTEXT('2D SPACE',''
  ) );
#11424 = ORIENTED_EDGE('',*,*,#6724,.T.);
#11425 = ORIENTED_EDGE('',*,*,#11350,.F.);
#11426 = ORIENTED_EDGE('',*,*,#2866,.F.);
#11427 = ADVANCED_FACE('',(#11428),#1986,.T.);
#11428 = FACE_BOUND('',#11429,.T.);
#11429 = EDGE_LOOP('',(#11430,#11431,#11432,#11453));
#11430 = ORIENTED_EDGE('',*,*,#11379,.T.);
#11431 = ORIENTED_EDGE('',*,*,#5988,.T.);
#11432 = ORIENTED_EDGE('',*,*,#11433,.F.);
#11433 = EDGE_CURVE('',#1971,#5989,#11434,.T.);
#11434 = SURFACE_CURVE('',#11435,(#11439,#11446),.PCURVE_S1.);
#11435 = LINE('',#11436,#11437);
#11436 = CARTESIAN_POINT('',(346.06641027071,376.,387.60629821886));
#11437 = VECTOR('',#11438,1.);
#11438 = DIRECTION('',(0.,1.,0.));
#11439 = PCURVE('',#1986,#11440);
#11440 = DEFINITIONAL_REPRESENTATION('',(#11441),#11445);
#11441 = LINE('',#11442,#11443);
#11442 = CARTESIAN_POINT('',(0.900142887903,0.));
#11443 = VECTOR('',#11444,1.);
#11444 = DIRECTION('',(0.,-1.));
#11445 = ( GEOMETRIC_REPRESENTATION_CONTEXT(2) 
PARAMETRIC_REPRESENTATION_CONTEXT() REPRESENTATION_CONTEXT('2D SPACE',''
  ) );
#11446 = PCURVE('',#2014,#11447);
#11447 = DEFINITIONAL_REPRESENTATION('',(#11448),#11452);
#11448 = LINE('',#11449,#11450);
#11449 = CARTESIAN_POINT('',(0.,0.));
#11450 = VECTOR('',#11451,1.);
#11451 = DIRECTION('',(0.,-1.));
#11452 = ( GEOMETRIC_REPRESENTATION_CONTEXT(2) 
PARAMETRIC_REPRESENTATION_CONTEXT() REPRESENTATION_CONTEXT('2D SPACE',''
  ) );
#11453 = ORIENTED_EDGE('',*,*,#1970,.F.);
#11454 = ADVANCED_FACE('',(#11455),#2854,.T.);
#11455 = FACE_BOUND('',#11456,.T.);
#11456 = EDGE_LOOP('',(#11457,#11478,#11479,#11480));
#11457 = ORIENTED_EDGE('',*,*,#11458,.T.);
#11458 = EDGE_CURVE('',#2811,#6679,#11459,.T.);
#11459 = SURFACE_CURVE('',#11460,(#11464,#11471),.PCURVE_S1.);
#11460 = LINE('',#11461,#11462);
#11461 = CARTESIAN_POINT('',(348.2640689394,376.,366.56955650459));
#11462 = VECTOR('',#11463,1.);
#11463 = DIRECTION('',(0.,1.,0.));
#11464 = PCURVE('',#2854,#11465);
#11465 = DEFINITIONAL_REPRESENTATION('',(#11466),#11470);
#11466 = LINE('',#11467,#11468);
#11467 = CARTESIAN_POINT('',(0.,0.));
#11468 = VECTOR('',#11469,1.);
#11469 = DIRECTION('',(0.,-1.));
#11470 = ( GEOMETRIC_REPRESENTATION_CONTEXT(2) 
PARAMETRIC_REPRESENTATION_CONTEXT() REPRESENTATION_CONTEXT('2D SPACE',''
  ) );
#11471 = PCURVE('',#2826,#11472);
#11472 = DEFINITIONAL_REPRESENTATION('',(#11473),#11477);
#11473 = LINE('',#11474,#11475);
#11474 = CARTESIAN_POINT('',(1.228592614404,0.));
#11475 = VECTOR('',#11476,1.);
#11476 = DIRECTION('',(0.,-1.));
#11477 = ( GEOMETRIC_REPRESENTATION_CONTEXT(2) 
PARAMETRIC_REPRESENTATION_CONTEXT() REPRESENTATION_CONTEXT('2D SPACE',''
  ) );
#11478 = ORIENTED_EDGE('',*,*,#6701,.T.);
#11479 = ORIENTED_EDGE('',*,*,#11404,.F.);
#11480 = ORIENTED_EDGE('',*,*,#2838,.F.);
#11481 = ADVANCED_FACE('',(#11482),#2014,.T.);
#11482 = FACE_BOUND('',#11483,.T.);
#11483 = EDGE_LOOP('',(#11484,#11485,#11486,#11507));
#11484 = ORIENTED_EDGE('',*,*,#11433,.T.);
#11485 = ORIENTED_EDGE('',*,*,#6011,.T.);
#11486 = ORIENTED_EDGE('',*,*,#11487,.F.);
#11487 = EDGE_CURVE('',#1999,#6012,#11488,.T.);
#11488 = SURFACE_CURVE('',#11489,(#11493,#11500),.PCURVE_S1.);
#11489 = LINE('',#11490,#11491);
#11490 = CARTESIAN_POINT('',(345.50988681861,376.,386.89881050455));
#11491 = VECTOR('',#11492,1.);
#11492 = DIRECTION('',(0.,1.,0.));
#11493 = PCURVE('',#2014,#11494);
#11494 = DEFINITIONAL_REPRESENTATION('',(#11495),#11499);
#11495 = LINE('',#11496,#11497);
#11496 = CARTESIAN_POINT('',(0.900142887903,0.));
#11497 = VECTOR('',#11498,1.);
#11498 = DIRECTION('',(0.,-1.));
#11499 = ( GEOMETRIC_REPRESENTATION_CONTEXT(2) 
PARAMETRIC_REPRESENTATION_CONTEXT() REPRESENTATION_CONTEXT('2D SPACE',''
  ) );
#11500 = PCURVE('',#2042,#11501);
#11501 = DEFINITIONAL_REPRESENTATION('',(#11502),#11506);
#11502 = LINE('',#11503,#11504);
#11503 = CARTESIAN_POINT('',(0.,0.));
#11504 = VECTOR('',#11505,1.);
#11505 = DIRECTION('',(0.,-1.));
#11506 = ( GEOMETRIC_REPRESENTATION_CONTEXT(2) 
PARAMETRIC_REPRESENTATION_CONTEXT() REPRESENTATION_CONTEXT('2D SPACE',''
  ) );
#11507 = ORIENTED_EDGE('',*,*,#1998,.F.);
#11508 = ADVANCED_FACE('',(#11509),#2826,.T.);
#11509 = FACE_BOUND('',#11510,.T.);
#11510 = EDGE_LOOP('',(#11511,#11532,#11533,#11534));
#11511 = ORIENTED_EDGE('',*,*,#11512,.T.);
#11512 = EDGE_CURVE('',#2783,#6656,#11513,.T.);
#11513 = SURFACE_CURVE('',#11514,(#11518,#11525),.PCURVE_S1.);
#11514 = LINE('',#11515,#11516);
#11515 = CARTESIAN_POINT('',(347.69144224243,376.,367.65654246498));
#11516 = VECTOR('',#11517,1.);
#11517 = DIRECTION('',(0.,1.,0.));
#11518 = PCURVE('',#2826,#11519);
#11519 = DEFINITIONAL_REPRESENTATION('',(#11520),#11524);
#11520 = LINE('',#11521,#11522);
#11521 = CARTESIAN_POINT('',(0.,0.));
#11522 = VECTOR('',#11523,1.);
#11523 = DIRECTION('',(0.,-1.));
#11524 = ( GEOMETRIC_REPRESENTATION_CONTEXT(2) 
PARAMETRIC_REPRESENTATION_CONTEXT() REPRESENTATION_CONTEXT('2D SPACE',''
  ) );
#11525 = PCURVE('',#2798,#11526);
#11526 = DEFINITIONAL_REPRESENTATION('',(#11527),#11531);
#11527 = LINE('',#11528,#11529);
#11528 = CARTESIAN_POINT('',(1.228592614404,0.));
#11529 = VECTOR('',#11530,1.);
#11530 = DIRECTION('',(0.,-1.));
#11531 = ( GEOMETRIC_REPRESENTATION_CONTEXT(2) 
PARAMETRIC_REPRESENTATION_CONTEXT() REPRESENTATION_CONTEXT('2D SPACE',''
  ) );
#11532 = ORIENTED_EDGE('',*,*,#6678,.T.);
#11533 = ORIENTED_EDGE('',*,*,#11458,.F.);
#11534 = ORIENTED_EDGE('',*,*,#2810,.F.);
#11535 = ADVANCED_FACE('',(#11536),#2042,.T.);
#11536 = FACE_BOUND('',#11537,.T.);
#11537 = EDGE_LOOP('',(#11538,#11539,#11540,#11561));
#11538 = ORIENTED_EDGE('',*,*,#11487,.T.);
#11539 = ORIENTED_EDGE('',*,*,#6034,.T.);
#11540 = ORIENTED_EDGE('',*,*,#11541,.F.);
#11541 = EDGE_CURVE('',#2027,#6035,#11542,.T.);
#11542 = SURFACE_CURVE('',#11543,(#11547,#11554),.PCURVE_S1.);
#11543 = LINE('',#11544,#11545);
#11544 = CARTESIAN_POINT('',(349.65264421113,376.,384.45542772352));
#11545 = VECTOR('',#11546,1.);
#11546 = DIRECTION('',(0.,1.,0.));
#11547 = PCURVE('',#2042,#11548);
#11548 = DEFINITIONAL_REPRESENTATION('',(#11549),#11553);
#11549 = LINE('',#11550,#11551);
#11550 = CARTESIAN_POINT('',(4.809631818338,0.));
#11551 = VECTOR('',#11552,1.);
#11552 = DIRECTION('',(0.,-1.));
#11553 = ( GEOMETRIC_REPRESENTATION_CONTEXT(2) 
PARAMETRIC_REPRESENTATION_CONTEXT() REPRESENTATION_CONTEXT('2D SPACE',''
  ) );
#11554 = PCURVE('',#2070,#11555);
#11555 = DEFINITIONAL_REPRESENTATION('',(#11556),#11560);
#11556 = LINE('',#11557,#11558);
#11557 = CARTESIAN_POINT('',(0.,0.));
#11558 = VECTOR('',#11559,1.);
#11559 = DIRECTION('',(0.,-1.));
#11560 = ( GEOMETRIC_REPRESENTATION_CONTEXT(2) 
PARAMETRIC_REPRESENTATION_CONTEXT() REPRESENTATION_CONTEXT('2D SPACE',''
  ) );
#11561 = ORIENTED_EDGE('',*,*,#2026,.F.);
#11562 = ADVANCED_FACE('',(#11563),#2798,.T.);
#11563 = FACE_BOUND('',#11564,.T.);
#11564 = EDGE_LOOP('',(#11565,#11586,#11587,#11588));
#11565 = ORIENTED_EDGE('',*,*,#11566,.T.);
#11566 = EDGE_CURVE('',#2755,#6633,#11567,.T.);
#11567 = SURFACE_CURVE('',#11568,(#11572,#11579),.PCURVE_S1.);
#11568 = LINE('',#11569,#11570);
#11569 = CARTESIAN_POINT('',(347.20466879145,376.,368.78459007904));
#11570 = VECTOR('',#11571,1.);
#11571 = DIRECTION('',(0.,1.,0.));
#11572 = PCURVE('',#2798,#11573);
#11573 = DEFINITIONAL_REPRESENTATION('',(#11574),#11578);
#11574 = LINE('',#11575,#11576);
#11575 = CARTESIAN_POINT('',(0.,0.));
#11576 = VECTOR('',#11577,1.);
#11577 = DIRECTION('',(0.,-1.));
#11578 = ( GEOMETRIC_REPRESENTATION_CONTEXT(2) 
PARAMETRIC_REPRESENTATION_CONTEXT() REPRESENTATION_CONTEXT('2D SPACE',''
  ) );
#11579 = PCURVE('',#2770,#11580);
#11580 = DEFINITIONAL_REPRESENTATION('',(#11581),#11585);
#11581 = LINE('',#11582,#11583);
#11582 = CARTESIAN_POINT('',(4.809631818338,0.));
#11583 = VECTOR('',#11584,1.);
#11584 = DIRECTION('',(0.,-1.));
#11585 = ( GEOMETRIC_REPRESENTATION_CONTEXT(2) 
PARAMETRIC_REPRESENTATION_CONTEXT() REPRESENTATION_CONTEXT('2D SPACE',''
  ) );
#11586 = ORIENTED_EDGE('',*,*,#6655,.T.);
#11587 = ORIENTED_EDGE('',*,*,#11512,.F.);
#11588 = ORIENTED_EDGE('',*,*,#2782,.F.);
#11589 = ADVANCED_FACE('',(#11590),#2070,.T.);
#11590 = FACE_BOUND('',#11591,.T.);
#11591 = EDGE_LOOP('',(#11592,#11593,#11594,#11615));
#11592 = ORIENTED_EDGE('',*,*,#11541,.T.);
#11593 = ORIENTED_EDGE('',*,*,#6057,.T.);
#11594 = ORIENTED_EDGE('',*,*,#11595,.F.);
#11595 = EDGE_CURVE('',#2055,#6058,#11596,.T.);
#11596 = SURFACE_CURVE('',#11597,(#11601,#11608),.PCURVE_S1.);
#11597 = LINE('',#11598,#11599);
#11598 = CARTESIAN_POINT('',(348.91911304617,376.,383.46984574206));
#11599 = VECTOR('',#11600,1.);
#11600 = DIRECTION('',(0.,1.,0.));
#11601 = PCURVE('',#2070,#11602);
#11602 = DEFINITIONAL_REPRESENTATION('',(#11603),#11607);
#11603 = LINE('',#11604,#11605);
#11604 = CARTESIAN_POINT('',(1.228592614404,0.));
#11605 = VECTOR('',#11606,1.);
#11606 = DIRECTION('',(0.,-1.));
#11607 = ( GEOMETRIC_REPRESENTATION_CONTEXT(2) 
PARAMETRIC_REPRESENTATION_CONTEXT() REPRESENTATION_CONTEXT('2D SPACE',''
  ) );
#11608 = PCURVE('',#2098,#11609);
#11609 = DEFINITIONAL_REPRESENTATION('',(#11610),#11614);
#11610 = LINE('',#11611,#11612);
#11611 = CARTESIAN_POINT('',(0.,0.));
#11612 = VECTOR('',#11613,1.);
#11613 = DIRECTION('',(0.,-1.));
#11614 = ( GEOMETRIC_REPRESENTATION_CONTEXT(2) 
PARAMETRIC_REPRESENTATION_CONTEXT() REPRESENTATION_CONTEXT('2D SPACE',''
  ) );
#11615 = ORIENTED_EDGE('',*,*,#2054,.F.);
#11616 = ADVANCED_FACE('',(#11617),#2770,.T.);
#11617 = FACE_BOUND('',#11618,.T.);
#11618 = EDGE_LOOP('',(#11619,#11640,#11641,#11642));
#11619 = ORIENTED_EDGE('',*,*,#11620,.T.);
#11620 = EDGE_CURVE('',#2727,#6610,#11621,.T.);
#11621 = SURFACE_CURVE('',#11622,(#11626,#11633),.PCURVE_S1.);
#11622 = LINE('',#11623,#11624);
#11623 = CARTESIAN_POINT('',(343.01725853564,376.,366.41854832591));
#11624 = VECTOR('',#11625,1.);
#11625 = DIRECTION('',(0.,1.,0.));
#11626 = PCURVE('',#2770,#11627);
#11627 = DEFINITIONAL_REPRESENTATION('',(#11628),#11632);
#11628 = LINE('',#11629,#11630);
#11629 = CARTESIAN_POINT('',(0.,0.));
#11630 = VECTOR('',#11631,1.);
#11631 = DIRECTION('',(0.,-1.));
#11632 = ( GEOMETRIC_REPRESENTATION_CONTEXT(2) 
PARAMETRIC_REPRESENTATION_CONTEXT() REPRESENTATION_CONTEXT('2D SPACE',''
  ) );
#11633 = PCURVE('',#2742,#11634);
#11634 = DEFINITIONAL_REPRESENTATION('',(#11635),#11639);
#11635 = LINE('',#11636,#11637);
#11636 = CARTESIAN_POINT('',(0.900142887903,0.));
#11637 = VECTOR('',#11638,1.);
#11638 = DIRECTION('',(0.,-1.));
#11639 = ( GEOMETRIC_REPRESENTATION_CONTEXT(2) 
PARAMETRIC_REPRESENTATION_CONTEXT() REPRESENTATION_CONTEXT('2D SPACE',''
  ) );
#11640 = ORIENTED_EDGE('',*,*,#6632,.T.);
#11641 = ORIENTED_EDGE('',*,*,#11566,.F.);
#11642 = ORIENTED_EDGE('',*,*,#2754,.F.);
#11643 = ADVANCED_FACE('',(#11644),#2098,.T.);
#11644 = FACE_BOUND('',#11645,.T.);
#11645 = EDGE_LOOP('',(#11646,#11647,#11648,#11669));
#11646 = ORIENTED_EDGE('',*,*,#11595,.T.);
#11647 = ORIENTED_EDGE('',*,*,#6080,.T.);
#11648 = ORIENTED_EDGE('',*,*,#11649,.F.);
#11649 = EDGE_CURVE('',#2083,#6081,#11650,.T.);
#11650 = SURFACE_CURVE('',#11651,(#11655,#11662),.PCURVE_S1.);
#11651 = LINE('',#11652,#11653);
#11652 = CARTESIAN_POINT('',(348.2640689394,376.,382.4304434954));
#11653 = VECTOR('',#11654,1.);
#11654 = DIRECTION('',(0.,1.,0.));
#11655 = PCURVE('',#2098,#11656);
#11656 = DEFINITIONAL_REPRESENTATION('',(#11657),#11661);
#11657 = LINE('',#11658,#11659);
#11658 = CARTESIAN_POINT('',(1.228592614404,0.));
#11659 = VECTOR('',#11660,1.);
#11660 = DIRECTION('',(0.,-1.));
#11661 = ( GEOMETRIC_REPRESENTATION_CONTEXT(2) 
PARAMETRIC_REPRESENTATION_CONTEXT() REPRESENTATION_CONTEXT('2D SPACE',''
  ) );
#11662 = PCURVE('',#2126,#11663);
#11663 = DEFINITIONAL_REPRESENTATION('',(#11664),#11668);
#11664 = LINE('',#11665,#11666);
#11665 = CARTESIAN_POINT('',(0.,0.));
#11666 = VECTOR('',#11667,1.);
#11667 = DIRECTION('',(0.,-1.));
#11668 = ( GEOMETRIC_REPRESENTATION_CONTEXT(2) 
PARAMETRIC_REPRESENTATION_CONTEXT() REPRESENTATION_CONTEXT('2D SPACE',''
  ) );
#11669 = ORIENTED_EDGE('',*,*,#2082,.F.);
#11670 = ADVANCED_FACE('',(#11671),#2742,.T.);
#11671 = FACE_BOUND('',#11672,.T.);
#11672 = EDGE_LOOP('',(#11673,#11694,#11695,#11696));
#11673 = ORIENTED_EDGE('',*,*,#11674,.T.);
#11674 = EDGE_CURVE('',#2699,#6587,#11675,.T.);
#11675 = SURFACE_CURVE('',#11676,(#11680,#11687),.PCURVE_S1.);
#11676 = LINE('',#11677,#11678);
#11677 = CARTESIAN_POINT('',(342.68281792824,376.,367.25425563039));
#11678 = VECTOR('',#11679,1.);
#11679 = DIRECTION('',(0.,1.,0.));
#11680 = PCURVE('',#2742,#11681);
#11681 = DEFINITIONAL_REPRESENTATION('',(#11682),#11686);
#11682 = LINE('',#11683,#11684);
#11683 = CARTESIAN_POINT('',(0.,0.));
#11684 = VECTOR('',#11685,1.);
#11685 = DIRECTION('',(0.,-1.));
#11686 = ( GEOMETRIC_REPRESENTATION_CONTEXT(2) 
PARAMETRIC_REPRESENTATION_CONTEXT() REPRESENTATION_CONTEXT('2D SPACE',''
  ) );
#11687 = PCURVE('',#2714,#11688);
#11688 = DEFINITIONAL_REPRESENTATION('',(#11689),#11693);
#11689 = LINE('',#11690,#11691);
#11690 = CARTESIAN_POINT('',(0.900142887903,0.));
#11691 = VECTOR('',#11692,1.);
#11692 = DIRECTION('',(0.,-1.));
#11693 = ( GEOMETRIC_REPRESENTATION_CONTEXT(2) 
PARAMETRIC_REPRESENTATION_CONTEXT() REPRESENTATION_CONTEXT('2D SPACE',''
  ) );
#11694 = ORIENTED_EDGE('',*,*,#6609,.T.);
#11695 = ORIENTED_EDGE('',*,*,#11620,.F.);
#11696 = ORIENTED_EDGE('',*,*,#2726,.F.);
#11697 = ADVANCED_FACE('',(#11698),#2126,.T.);
#11698 = FACE_BOUND('',#11699,.T.);
#11699 = EDGE_LOOP('',(#11700,#11701,#11702,#11723));
#11700 = ORIENTED_EDGE('',*,*,#11649,.T.);
#11701 = ORIENTED_EDGE('',*,*,#6103,.T.);
#11702 = ORIENTED_EDGE('',*,*,#11703,.F.);
#11703 = EDGE_CURVE('',#2111,#6104,#11704,.T.);
#11704 = SURFACE_CURVE('',#11705,(#11709,#11716),.PCURVE_S1.);
#11705 = LINE('',#11706,#11707);
#11706 = CARTESIAN_POINT('',(347.69144224243,376.,381.34345753501));
#11707 = VECTOR('',#11708,1.);
#11708 = DIRECTION('',(0.,1.,0.));
#11709 = PCURVE('',#2126,#11710);
#11710 = DEFINITIONAL_REPRESENTATION('',(#11711),#11715);
#11711 = LINE('',#11712,#11713);
#11712 = CARTESIAN_POINT('',(1.228592614404,0.));
#11713 = VECTOR('',#11714,1.);
#11714 = DIRECTION('',(0.,-1.));
#11715 = ( GEOMETRIC_REPRESENTATION_CONTEXT(2) 
PARAMETRIC_REPRESENTATION_CONTEXT() REPRESENTATION_CONTEXT('2D SPACE',''
  ) );
#11716 = PCURVE('',#2154,#11717);
#11717 = DEFINITIONAL_REPRESENTATION('',(#11718),#11722);
#11718 = LINE('',#11719,#11720);
#11719 = CARTESIAN_POINT('',(0.,0.));
#11720 = VECTOR('',#11721,1.);
#11721 = DIRECTION('',(0.,-1.));
#11722 = ( GEOMETRIC_REPRESENTATION_CONTEXT(2) 
PARAMETRIC_REPRESENTATION_CONTEXT() REPRESENTATION_CONTEXT('2D SPACE',''
  ) );
#11723 = ORIENTED_EDGE('',*,*,#2110,.F.);
#11724 = ADVANCED_FACE('',(#11725),#2714,.T.);
#11725 = FACE_BOUND('',#11726,.T.);
#11726 = EDGE_LOOP('',(#11727,#11748,#11749,#11750));
#11727 = ORIENTED_EDGE('',*,*,#11728,.T.);
#11728 = EDGE_CURVE('',#2671,#6564,#11729,.T.);
#11729 = SURFACE_CURVE('',#11730,(#11734,#11741),.PCURVE_S1.);
#11730 = LINE('',#11731,#11732);
#11731 = CARTESIAN_POINT('',(342.38514867483,376.,368.1037556211));
#11732 = VECTOR('',#11733,1.);
#11733 = DIRECTION('',(0.,1.,0.));
#11734 = PCURVE('',#2714,#11735);
#11735 = DEFINITIONAL_REPRESENTATION('',(#11736),#11740);
#11736 = LINE('',#11737,#11738);
#11737 = CARTESIAN_POINT('',(0.,0.));
#11738 = VECTOR('',#11739,1.);
#11739 = DIRECTION('',(0.,-1.));
#11740 = ( GEOMETRIC_REPRESENTATION_CONTEXT(2) 
PARAMETRIC_REPRESENTATION_CONTEXT() REPRESENTATION_CONTEXT('2D SPACE',''
  ) );
#11741 = PCURVE('',#2686,#11742);
#11742 = DEFINITIONAL_REPRESENTATION('',(#11743),#11747);
#11743 = LINE('',#11744,#11745);
#11744 = CARTESIAN_POINT('',(0.900142887903,0.));
#11745 = VECTOR('',#11746,1.);
#11746 = DIRECTION('',(0.,-1.));
#11747 = ( GEOMETRIC_REPRESENTATION_CONTEXT(2) 
PARAMETRIC_REPRESENTATION_CONTEXT() REPRESENTATION_CONTEXT('2D SPACE',''
  ) );
#11748 = ORIENTED_EDGE('',*,*,#6586,.T.);
#11749 = ORIENTED_EDGE('',*,*,#11674,.F.);
#11750 = ORIENTED_EDGE('',*,*,#2698,.F.);
#11751 = ADVANCED_FACE('',(#11752),#2154,.T.);
#11752 = FACE_BOUND('',#11753,.T.);
#11753 = EDGE_LOOP('',(#11754,#11755,#11756,#11777));
#11754 = ORIENTED_EDGE('',*,*,#11703,.T.);
#11755 = ORIENTED_EDGE('',*,*,#6126,.T.);
#11756 = ORIENTED_EDGE('',*,*,#11757,.F.);
#11757 = EDGE_CURVE('',#2139,#6127,#11758,.T.);
#11758 = SURFACE_CURVE('',#11759,(#11763,#11770),.PCURVE_S1.);
#11759 = LINE('',#11760,#11761);
#11760 = CARTESIAN_POINT('',(347.20466879145,376.,380.21540992095));
#11761 = VECTOR('',#11762,1.);
#11762 = DIRECTION('',(0.,1.,0.));
#11763 = PCURVE('',#2154,#11764);
#11764 = DEFINITIONAL_REPRESENTATION('',(#11765),#11769);
#11765 = LINE('',#11766,#11767);
#11766 = CARTESIAN_POINT('',(1.228592614404,0.));
#11767 = VECTOR('',#11768,1.);
#11768 = DIRECTION('',(0.,-1.));
#11769 = ( GEOMETRIC_REPRESENTATION_CONTEXT(2) 
PARAMETRIC_REPRESENTATION_CONTEXT() REPRESENTATION_CONTEXT('2D SPACE',''
  ) );
#11770 = PCURVE('',#2182,#11771);
#11771 = DEFINITIONAL_REPRESENTATION('',(#11772),#11776);
#11772 = LINE('',#11773,#11774);
#11773 = CARTESIAN_POINT('',(0.,0.));
#11774 = VECTOR('',#11775,1.);
#11775 = DIRECTION('',(0.,-1.));
#11776 = ( GEOMETRIC_REPRESENTATION_CONTEXT(2) 
PARAMETRIC_REPRESENTATION_CONTEXT() REPRESENTATION_CONTEXT('2D SPACE',''
  ) );
#11777 = ORIENTED_EDGE('',*,*,#2138,.F.);
#11778 = ADVANCED_FACE('',(#11779),#2686,.T.);
#11779 = FACE_BOUND('',#11780,.T.);
#11780 = EDGE_LOOP('',(#11781,#11802,#11803,#11804));
#11781 = ORIENTED_EDGE('',*,*,#11782,.T.);
#11782 = EDGE_CURVE('',#2643,#6541,#11783,.T.);
#11783 = SURFACE_CURVE('',#11784,(#11788,#11795),.PCURVE_S1.);
#11784 = LINE('',#11785,#11786);
#11785 = CARTESIAN_POINT('',(342.12481740575,376.,368.96543122652));
#11786 = VECTOR('',#11787,1.);
#11787 = DIRECTION('',(0.,1.,0.));
#11788 = PCURVE('',#2686,#11789);
#11789 = DEFINITIONAL_REPRESENTATION('',(#11790),#11794);
#11790 = LINE('',#11791,#11792);
#11791 = CARTESIAN_POINT('',(0.,0.));
#11792 = VECTOR('',#11793,1.);
#11793 = DIRECTION('',(0.,-1.));
#11794 = ( GEOMETRIC_REPRESENTATION_CONTEXT(2) 
PARAMETRIC_REPRESENTATION_CONTEXT() REPRESENTATION_CONTEXT('2D SPACE',''
  ) );
#11795 = PCURVE('',#2658,#11796);
#11796 = DEFINITIONAL_REPRESENTATION('',(#11797),#11801);
#11797 = LINE('',#11798,#11799);
#11798 = CARTESIAN_POINT('',(0.900142887903,0.));
#11799 = VECTOR('',#11800,1.);
#11800 = DIRECTION('',(0.,-1.));
#11801 = ( GEOMETRIC_REPRESENTATION_CONTEXT(2) 
PARAMETRIC_REPRESENTATION_CONTEXT() REPRESENTATION_CONTEXT('2D SPACE',''
  ) );
#11802 = ORIENTED_EDGE('',*,*,#6563,.T.);
#11803 = ORIENTED_EDGE('',*,*,#11728,.F.);
#11804 = ORIENTED_EDGE('',*,*,#2670,.F.);
#11805 = ADVANCED_FACE('',(#11806),#2182,.T.);
#11806 = FACE_BOUND('',#11807,.T.);
#11807 = EDGE_LOOP('',(#11808,#11809,#11810,#11831));
#11808 = ORIENTED_EDGE('',*,*,#11757,.T.);
#11809 = ORIENTED_EDGE('',*,*,#6149,.T.);
#11810 = ORIENTED_EDGE('',*,*,#11811,.F.);
#11811 = EDGE_CURVE('',#2167,#6150,#11812,.T.);
#11812 = SURFACE_CURVE('',#11813,(#11817,#11824),.PCURVE_S1.);
#11813 = LINE('',#11814,#11815);
#11814 = CARTESIAN_POINT('',(346.04748865823,376.,380.52824149954));
#11815 = VECTOR('',#11816,1.);
#11816 = DIRECTION('',(0.,1.,0.));
#11817 = PCURVE('',#2182,#11818);
#11818 = DEFINITIONAL_REPRESENTATION('',(#11819),#11823);
#11819 = LINE('',#11820,#11821);
#11820 = CARTESIAN_POINT('',(1.198719924449,0.));
#11821 = VECTOR('',#11822,1.);
#11822 = DIRECTION('',(0.,-1.));
#11823 = ( GEOMETRIC_REPRESENTATION_CONTEXT(2) 
PARAMETRIC_REPRESENTATION_CONTEXT() REPRESENTATION_CONTEXT('2D SPACE',''
  ) );
#11824 = PCURVE('',#2210,#11825);
#11825 = DEFINITIONAL_REPRESENTATION('',(#11826),#11830);
#11826 = LINE('',#11827,#11828);
#11827 = CARTESIAN_POINT('',(0.,0.));
#11828 = VECTOR('',#11829,1.);
#11829 = DIRECTION('',(0.,-1.));
#11830 = ( GEOMETRIC_REPRESENTATION_CONTEXT(2) 
PARAMETRIC_REPRESENTATION_CONTEXT() REPRESENTATION_CONTEXT('2D SPACE',''
  ) );
#11831 = ORIENTED_EDGE('',*,*,#2166,.F.);
#11832 = ADVANCED_FACE('',(#11833),#2658,.T.);
#11833 = FACE_BOUND('',#11834,.T.);
#11834 = EDGE_LOOP('',(#11835,#11856,#11857,#11858));
#11835 = ORIENTED_EDGE('',*,*,#11836,.T.);
#11836 = EDGE_CURVE('',#2615,#6518,#11837,.T.);
#11837 = SURFACE_CURVE('',#11838,(#11842,#11849),.PCURVE_S1.);
#11838 = LINE('',#11839,#11840);
#11839 = CARTESIAN_POINT('',(341.90231967637,376.,369.83764219817));
#11840 = VECTOR('',#11841,1.);
#11841 = DIRECTION('',(0.,1.,0.));
#11842 = PCURVE('',#2658,#11843);
#11843 = DEFINITIONAL_REPRESENTATION('',(#11844),#11848);
#11844 = LINE('',#11845,#11846);
#11845 = CARTESIAN_POINT('',(0.,0.));
#11846 = VECTOR('',#11847,1.);
#11847 = DIRECTION('',(0.,-1.));
#11848 = ( GEOMETRIC_REPRESENTATION_CONTEXT(2) 
PARAMETRIC_REPRESENTATION_CONTEXT() REPRESENTATION_CONTEXT('2D SPACE',''
  ) );
#11849 = PCURVE('',#2630,#11850);
#11850 = DEFINITIONAL_REPRESENTATION('',(#11851),#11855);
#11851 = LINE('',#11852,#11853);
#11852 = CARTESIAN_POINT('',(1.569764844889,0.));
#11853 = VECTOR('',#11854,1.);
#11854 = DIRECTION('',(0.,-1.));
#11855 = ( GEOMETRIC_REPRESENTATION_CONTEXT(2) 
PARAMETRIC_REPRESENTATION_CONTEXT() REPRESENTATION_CONTEXT('2D SPACE',''
  ) );
#11856 = ORIENTED_EDGE('',*,*,#6540,.T.);
#11857 = ORIENTED_EDGE('',*,*,#11782,.F.);
#11858 = ORIENTED_EDGE('',*,*,#2642,.F.);
#11859 = ADVANCED_FACE('',(#11860),#2210,.T.);
#11860 = FACE_BOUND('',#11861,.T.);
#11861 = EDGE_LOOP('',(#11862,#11863,#11864,#11885));
#11862 = ORIENTED_EDGE('',*,*,#11811,.T.);
#11863 = ORIENTED_EDGE('',*,*,#6172,.T.);
#11864 = ORIENTED_EDGE('',*,*,#11865,.F.);
#11865 = EDGE_CURVE('',#2195,#6173,#11866,.T.);
#11866 = SURFACE_CURVE('',#11867,(#11871,#11878),.PCURVE_S1.);
#11867 = LINE('',#11868,#11869);
#11868 = CARTESIAN_POINT('',(344.88497926582,376.,380.82437121192));
#11869 = VECTOR('',#11870,1.);
#11870 = DIRECTION('',(0.,1.,0.));
#11871 = PCURVE('',#2210,#11872);
#11872 = DEFINITIONAL_REPRESENTATION('',(#11873),#11877);
#11873 = LINE('',#11874,#11875);
#11874 = CARTESIAN_POINT('',(1.199633649912,0.));
#11875 = VECTOR('',#11876,1.);
#11876 = DIRECTION('',(0.,-1.));
#11877 = ( GEOMETRIC_REPRESENTATION_CONTEXT(2) 
PARAMETRIC_REPRESENTATION_CONTEXT() REPRESENTATION_CONTEXT('2D SPACE',''
  ) );
#11878 = PCURVE('',#2238,#11879);
#11879 = DEFINITIONAL_REPRESENTATION('',(#11880),#11884);
#11880 = LINE('',#11881,#11882);
#11881 = CARTESIAN_POINT('',(0.,0.));
#11882 = VECTOR('',#11883,1.);
#11883 = DIRECTION('',(0.,-1.));
#11884 = ( GEOMETRIC_REPRESENTATION_CONTEXT(2) 
PARAMETRIC_REPRESENTATION_CONTEXT() REPRESENTATION_CONTEXT('2D SPACE',''
  ) );
#11885 = ORIENTED_EDGE('',*,*,#2194,.F.);
#11886 = ADVANCED_FACE('',(#11887),#2630,.T.);
#11887 = FACE_BOUND('',#11888,.T.);
#11888 = EDGE_LOOP('',(#11889,#11910,#11911,#11912));
#11889 = ORIENTED_EDGE('',*,*,#11890,.T.);
#11890 = EDGE_CURVE('',#2587,#6495,#11891,.T.);
#11891 = SURFACE_CURVE('',#11892,(#11896,#11903),.PCURVE_S1.);
#11892 = LINE('',#11893,#11894);
#11893 = CARTESIAN_POINT('',(342.8648687413,376.,371.07766678093));
#11894 = VECTOR('',#11895,1.);
#11895 = DIRECTION('',(0.,1.,0.));
#11896 = PCURVE('',#2630,#11897);
#11897 = DEFINITIONAL_REPRESENTATION('',(#11898),#11902);
#11898 = LINE('',#11899,#11900);
#11899 = CARTESIAN_POINT('',(0.,0.));
#11900 = VECTOR('',#11901,1.);
#11901 = DIRECTION('',(0.,-1.));
#11902 = ( GEOMETRIC_REPRESENTATION_CONTEXT(2) 
PARAMETRIC_REPRESENTATION_CONTEXT() REPRESENTATION_CONTEXT('2D SPACE',''
  ) );
#11903 = PCURVE('',#2602,#11904);
#11904 = DEFINITIONAL_REPRESENTATION('',(#11905),#11909);
#11905 = LINE('',#11906,#11907);
#11906 = CARTESIAN_POINT('',(1.200610506126,0.));
#11907 = VECTOR('',#11908,1.);
#11908 = DIRECTION('',(0.,-1.));
#11909 = ( GEOMETRIC_REPRESENTATION_CONTEXT(2) 
PARAMETRIC_REPRESENTATION_CONTEXT() REPRESENTATION_CONTEXT('2D SPACE',''
  ) );
#11910 = ORIENTED_EDGE('',*,*,#6517,.T.);
#11911 = ORIENTED_EDGE('',*,*,#11836,.F.);
#11912 = ORIENTED_EDGE('',*,*,#2614,.F.);
#11913 = ADVANCED_FACE('',(#11914),#2238,.T.);
#11914 = FACE_BOUND('',#11915,.T.);
#11915 = EDGE_LOOP('',(#11916,#11917,#11918,#11939));
#11916 = ORIENTED_EDGE('',*,*,#11865,.T.);
#11917 = ORIENTED_EDGE('',*,*,#6195,.T.);
#11918 = ORIENTED_EDGE('',*,*,#11919,.F.);
#11919 = EDGE_CURVE('',#2223,#6196,#11920,.T.);
#11920 = SURFACE_CURVE('',#11921,(#11925,#11932),.PCURVE_S1.);
#11921 = LINE('',#11922,#11923);
#11922 = CARTESIAN_POINT('',(343.71732361568,376.,381.10373812142));
#11923 = VECTOR('',#11924,1.);
#11924 = DIRECTION('',(0.,1.,0.));
#11925 = PCURVE('',#2238,#11926);
#11926 = DEFINITIONAL_REPRESENTATION('',(#11927),#11931);
#11927 = LINE('',#11928,#11929);
#11928 = CARTESIAN_POINT('',(1.200610506126,0.));
#11929 = VECTOR('',#11930,1.);
#11930 = DIRECTION('',(0.,-1.));
#11931 = ( GEOMETRIC_REPRESENTATION_CONTEXT(2) 
PARAMETRIC_REPRESENTATION_CONTEXT() REPRESENTATION_CONTEXT('2D SPACE',''
  ) );
#11932 = PCURVE('',#2266,#11933);
#11933 = DEFINITIONAL_REPRESENTATION('',(#11934),#11938);
#11934 = LINE('',#11935,#11936);
#11935 = CARTESIAN_POINT('',(0.,0.));
#11936 = VECTOR('',#11937,1.);
#11937 = DIRECTION('',(0.,-1.));
#11938 = ( GEOMETRIC_REPRESENTATION_CONTEXT(2) 
PARAMETRIC_REPRESENTATION_CONTEXT() REPRESENTATION_CONTEXT('2D SPACE',''
  ) );
#11939 = ORIENTED_EDGE('',*,*,#2222,.F.);
#11940 = ADVANCED_FACE('',(#11941),#2602,.T.);
#11941 = FACE_BOUND('',#11942,.T.);
#11942 = EDGE_LOOP('',(#11943,#11964,#11965,#11966));
#11943 = ORIENTED_EDGE('',*,*,#11944,.T.);
#11944 = EDGE_CURVE('',#2559,#6472,#11945,.T.);
#11945 = SURFACE_CURVE('',#11946,(#11950,#11957),.PCURVE_S1.);
#11946 = LINE('',#11947,#11948);
#11947 = CARTESIAN_POINT('',(344.01577165194,376.,371.4195557654));
#11948 = VECTOR('',#11949,1.);
#11949 = DIRECTION('',(0.,1.,0.));
#11950 = PCURVE('',#2602,#11951);
#11951 = DEFINITIONAL_REPRESENTATION('',(#11952),#11956);
#11952 = LINE('',#11953,#11954);
#11953 = CARTESIAN_POINT('',(0.,0.));
#11954 = VECTOR('',#11955,1.);
#11955 = DIRECTION('',(0.,-1.));
#11956 = ( GEOMETRIC_REPRESENTATION_CONTEXT(2) 
PARAMETRIC_REPRESENTATION_CONTEXT() REPRESENTATION_CONTEXT('2D SPACE',''
  ) );
#11957 = PCURVE('',#2574,#11958);
#11958 = DEFINITIONAL_REPRESENTATION('',(#11959),#11963);
#11959 = LINE('',#11960,#11961);
#11960 = CARTESIAN_POINT('',(1.199633649912,0.));
#11961 = VECTOR('',#11962,1.);
#11962 = DIRECTION('',(0.,-1.));
#11963 = ( GEOMETRIC_REPRESENTATION_CONTEXT(2) 
PARAMETRIC_REPRESENTATION_CONTEXT() REPRESENTATION_CONTEXT('2D SPACE',''
  ) );
#11964 = ORIENTED_EDGE('',*,*,#6494,.T.);
#11965 = ORIENTED_EDGE('',*,*,#11890,.F.);
#11966 = ORIENTED_EDGE('',*,*,#2586,.F.);
#11967 = ADVANCED_FACE('',(#11968),#2266,.T.);
#11968 = FACE_BOUND('',#11969,.T.);
#11969 = EDGE_LOOP('',(#11970,#11971,#11972,#11993));
#11970 = ORIENTED_EDGE('',*,*,#11919,.T.);
#11971 = ORIENTED_EDGE('',*,*,#6218,.T.);
#11972 = ORIENTED_EDGE('',*,*,#11973,.F.);
#11973 = EDGE_CURVE('',#2251,#6219,#11974,.T.);
#11974 = SURFACE_CURVE('',#11975,(#11979,#11986),.PCURVE_S1.);
#11975 = LINE('',#11976,#11977);
#11976 = CARTESIAN_POINT('',(342.26371938168,376.,380.5111198639));
#11977 = VECTOR('',#11978,1.);
#11978 = DIRECTION('',(0.,1.,0.));
#11979 = PCURVE('',#2266,#11980);
#11980 = DEFINITIONAL_REPRESENTATION('',(#11981),#11985);
#11981 = LINE('',#11982,#11983);
#11982 = CARTESIAN_POINT('',(1.569764844889,0.));
#11983 = VECTOR('',#11984,1.);
#11984 = DIRECTION('',(0.,-1.));
#11985 = ( GEOMETRIC_REPRESENTATION_CONTEXT(2) 
PARAMETRIC_REPRESENTATION_CONTEXT() REPRESENTATION_CONTEXT('2D SPACE',''
  ) );
#11986 = PCURVE('',#2294,#11987);
#11987 = DEFINITIONAL_REPRESENTATION('',(#11988),#11992);
#11988 = LINE('',#11989,#11990);
#11989 = CARTESIAN_POINT('',(0.,0.));
#11990 = VECTOR('',#11991,1.);
#11991 = DIRECTION('',(0.,-1.));
#11992 = ( GEOMETRIC_REPRESENTATION_CONTEXT(2) 
PARAMETRIC_REPRESENTATION_CONTEXT() REPRESENTATION_CONTEXT('2D SPACE',''
  ) );
#11993 = ORIENTED_EDGE('',*,*,#2250,.F.);
#11994 = ADVANCED_FACE('',(#11995),#2574,.T.);
#11995 = FACE_BOUND('',#11996,.T.);
#11996 = EDGE_LOOP('',(#11997,#12018,#12019,#12020));
#11997 = ORIENTED_EDGE('',*,*,#11998,.T.);
#11998 = EDGE_CURVE('',#2531,#6449,#11999,.T.);
#11999 = SURFACE_CURVE('',#12000,(#12004,#12011),.PCURVE_S1.);
#12000 = LINE('',#12001,#12002);
#12001 = CARTESIAN_POINT('',(345.1705991741,376.,371.74435460787));
#12002 = VECTOR('',#12003,1.);
#12003 = DIRECTION('',(0.,1.,0.));
#12004 = PCURVE('',#2574,#12005);
#12005 = DEFINITIONAL_REPRESENTATION('',(#12006),#12010);
#12006 = LINE('',#12007,#12008);
#12007 = CARTESIAN_POINT('',(0.,0.));
#12008 = VECTOR('',#12009,1.);
#12009 = DIRECTION('',(0.,-1.));
#12010 = ( GEOMETRIC_REPRESENTATION_CONTEXT(2) 
PARAMETRIC_REPRESENTATION_CONTEXT() REPRESENTATION_CONTEXT('2D SPACE',''
  ) );
#12011 = PCURVE('',#2546,#12012);
#12012 = DEFINITIONAL_REPRESENTATION('',(#12013),#12017);
#12013 = LINE('',#12014,#12015);
#12014 = CARTESIAN_POINT('',(1.198719924449,0.));
#12015 = VECTOR('',#12016,1.);
#12016 = DIRECTION('',(0.,-1.));
#12017 = ( GEOMETRIC_REPRESENTATION_CONTEXT(2) 
PARAMETRIC_REPRESENTATION_CONTEXT() REPRESENTATION_CONTEXT('2D SPACE',''
  ) );
#12018 = ORIENTED_EDGE('',*,*,#6471,.T.);
#12019 = ORIENTED_EDGE('',*,*,#11944,.F.);
#12020 = ORIENTED_EDGE('',*,*,#2558,.F.);
#12021 = ADVANCED_FACE('',(#12022),#2294,.T.);
#12022 = FACE_BOUND('',#12023,.T.);
#12023 = EDGE_LOOP('',(#12024,#12025,#12026,#12047));
#12024 = ORIENTED_EDGE('',*,*,#11973,.T.);
#12025 = ORIENTED_EDGE('',*,*,#6241,.T.);
#12026 = ORIENTED_EDGE('',*,*,#12027,.F.);
#12027 = EDGE_CURVE('',#2279,#6242,#12028,.T.);
#12028 = SURFACE_CURVE('',#12029,(#12033,#12040),.PCURVE_S1.);
#12029 = LINE('',#12030,#12031);
#12030 = CARTESIAN_POINT('',(342.02030258179,376.,379.6445141403));
#12031 = VECTOR('',#12032,1.);
#12032 = DIRECTION('',(0.,1.,0.));
#12033 = PCURVE('',#2294,#12034);
#12034 = DEFINITIONAL_REPRESENTATION('',(#12035),#12039);
#12035 = LINE('',#12036,#12037);
#12036 = CARTESIAN_POINT('',(0.900142887903,0.));
#12037 = VECTOR('',#12038,1.);
#12038 = DIRECTION('',(0.,-1.));
#12039 = ( GEOMETRIC_REPRESENTATION_CONTEXT(2) 
PARAMETRIC_REPRESENTATION_CONTEXT() REPRESENTATION_CONTEXT('2D SPACE',''
  ) );
#12040 = PCURVE('',#2322,#12041);
#12041 = DEFINITIONAL_REPRESENTATION('',(#12042),#12046);
#12042 = LINE('',#12043,#12044);
#12043 = CARTESIAN_POINT('',(0.,0.));
#12044 = VECTOR('',#12045,1.);
#12045 = DIRECTION('',(0.,-1.));
#12046 = ( GEOMETRIC_REPRESENTATION_CONTEXT(2) 
PARAMETRIC_REPRESENTATION_CONTEXT() REPRESENTATION_CONTEXT('2D SPACE',''
  ) );
#12047 = ORIENTED_EDGE('',*,*,#2278,.F.);
#12048 = ADVANCED_FACE('',(#12049),#2546,.T.);
#12049 = FACE_BOUND('',#12050,.T.);
#12050 = EDGE_LOOP('',(#12051,#12072,#12073,#12074));
#12051 = ORIENTED_EDGE('',*,*,#12052,.T.);
#12052 = EDGE_CURVE('',#2503,#6426,#12053,.T.);
#12053 = SURFACE_CURVE('',#12054,(#12058,#12065),.PCURVE_S1.);
#12054 = LINE('',#12055,#12056);
#12055 = CARTESIAN_POINT('',(346.32916235551,376.,372.05202458031));
#12056 = VECTOR('',#12057,1.);
#12057 = DIRECTION('',(0.,1.,0.));
#12058 = PCURVE('',#2546,#12059);
#12059 = DEFINITIONAL_REPRESENTATION('',(#12060),#12064);
#12060 = LINE('',#12061,#12062);
#12061 = CARTESIAN_POINT('',(0.,0.));
#12062 = VECTOR('',#12063,1.);
#12063 = DIRECTION('',(0.,-1.));
#12064 = ( GEOMETRIC_REPRESENTATION_CONTEXT(2) 
PARAMETRIC_REPRESENTATION_CONTEXT() REPRESENTATION_CONTEXT('2D SPACE',''
  ) );
#12065 = PCURVE('',#2518,#12066);
#12066 = DEFINITIONAL_REPRESENTATION('',(#12067),#12071);
#12067 = LINE('',#12068,#12069);
#12068 = CARTESIAN_POINT('',(1.228592614404,0.));
#12069 = VECTOR('',#12070,1.);
#12070 = DIRECTION('',(0.,-1.));
#12071 = ( GEOMETRIC_REPRESENTATION_CONTEXT(2) 
PARAMETRIC_REPRESENTATION_CONTEXT() REPRESENTATION_CONTEXT('2D SPACE',''
  ) );
#12072 = ORIENTED_EDGE('',*,*,#6448,.T.);
#12073 = ORIENTED_EDGE('',*,*,#11998,.F.);
#12074 = ORIENTED_EDGE('',*,*,#2530,.F.);
#12075 = ADVANCED_FACE('',(#12076),#2322,.T.);
#12076 = FACE_BOUND('',#12077,.T.);
#12077 = EDGE_LOOP('',(#12078,#12079,#12080,#12101));
#12078 = ORIENTED_EDGE('',*,*,#12027,.T.);
#12079 = ORIENTED_EDGE('',*,*,#6264,.T.);
#12080 = ORIENTED_EDGE('',*,*,#12081,.F.);
#12081 = EDGE_CURVE('',#2307,#6265,#12082,.T.);
#12082 = SURFACE_CURVE('',#12083,(#12087,#12094),.PCURVE_S1.);
#12083 = LINE('',#12084,#12085);
#12084 = CARTESIAN_POINT('',(341.8149182715,376.,378.76811554164));
#12085 = VECTOR('',#12086,1.);
#12086 = DIRECTION('',(0.,1.,0.));
#12087 = PCURVE('',#2322,#12088);
#12088 = DEFINITIONAL_REPRESENTATION('',(#12089),#12093);
#12089 = LINE('',#12090,#12091);
#12090 = CARTESIAN_POINT('',(0.900142887903,0.));
#12091 = VECTOR('',#12092,1.);
#12092 = DIRECTION('',(0.,-1.));
#12093 = ( GEOMETRIC_REPRESENTATION_CONTEXT(2) 
PARAMETRIC_REPRESENTATION_CONTEXT() REPRESENTATION_CONTEXT('2D SPACE',''
  ) );
#12094 = PCURVE('',#2350,#12095);
#12095 = DEFINITIONAL_REPRESENTATION('',(#12096),#12100);
#12096 = LINE('',#12097,#12098);
#12097 = CARTESIAN_POINT('',(0.,0.));
#12098 = VECTOR('',#12099,1.);
#12099 = DIRECTION('',(0.,-1.));
#12100 = ( GEOMETRIC_REPRESENTATION_CONTEXT(2) 
PARAMETRIC_REPRESENTATION_CONTEXT() REPRESENTATION_CONTEXT('2D SPACE',''
  ) );
#12101 = ORIENTED_EDGE('',*,*,#2306,.F.);
#12102 = ADVANCED_FACE('',(#12103),#2518,.T.);
#12103 = FACE_BOUND('',#12104,.T.);
#12104 = EDGE_LOOP('',(#12105,#12126,#12127,#12128));
#12105 = ORIENTED_EDGE('',*,*,#12106,.T.);
#12106 = EDGE_CURVE('',#2475,#6403,#12107,.T.);
#12107 = SURFACE_CURVE('',#12108,(#12112,#12119),.PCURVE_S1.);
#12108 = LINE('',#12109,#12110);
#12109 = CARTESIAN_POINT('',(346.18669672292,376.,373.27232919626));
#12110 = VECTOR('',#12111,1.);
#12111 = DIRECTION('',(0.,1.,0.));
#12112 = PCURVE('',#2518,#12113);
#12113 = DEFINITIONAL_REPRESENTATION('',(#12114),#12118);
#12114 = LINE('',#12115,#12116);
#12115 = CARTESIAN_POINT('',(0.,0.));
#12116 = VECTOR('',#12117,1.);
#12117 = DIRECTION('',(0.,-1.));
#12118 = ( GEOMETRIC_REPRESENTATION_CONTEXT(2) 
PARAMETRIC_REPRESENTATION_CONTEXT() REPRESENTATION_CONTEXT('2D SPACE',''
  ) );
#12119 = PCURVE('',#2490,#12120);
#12120 = DEFINITIONAL_REPRESENTATION('',(#12121),#12125);
#12121 = LINE('',#12122,#12123);
#12122 = CARTESIAN_POINT('',(1.228592614404,0.));
#12123 = VECTOR('',#12124,1.);
#12124 = DIRECTION('',(0.,-1.));
#12125 = ( GEOMETRIC_REPRESENTATION_CONTEXT(2) 
PARAMETRIC_REPRESENTATION_CONTEXT() REPRESENTATION_CONTEXT('2D SPACE',''
  ) );
#12126 = ORIENTED_EDGE('',*,*,#6425,.T.);
#12127 = ORIENTED_EDGE('',*,*,#12052,.F.);
#12128 = ORIENTED_EDGE('',*,*,#2502,.F.);
#12129 = ADVANCED_FACE('',(#12130),#2350,.T.);
#12130 = FACE_BOUND('',#12131,.T.);
#12131 = EDGE_LOOP('',(#12132,#12133,#12134,#12155));
#12132 = ORIENTED_EDGE('',*,*,#12081,.T.);
#12133 = ORIENTED_EDGE('',*,*,#6287,.T.);
#12134 = ORIENTED_EDGE('',*,*,#12135,.F.);
#12135 = EDGE_CURVE('',#2335,#6288,#12136,.T.);
#12136 = SURFACE_CURVE('',#12137,(#12141,#12148),.PCURVE_S1.);
#12137 = LINE('',#12138,#12139);
#12138 = CARTESIAN_POINT('',(341.64795741152,376.,377.88359234247));
#12139 = VECTOR('',#12140,1.);
#12140 = DIRECTION('',(0.,1.,0.));
#12141 = PCURVE('',#2350,#12142);
#12142 = DEFINITIONAL_REPRESENTATION('',(#12143),#12147);
#12143 = LINE('',#12144,#12145);
#12144 = CARTESIAN_POINT('',(0.900142887903,0.));
#12145 = VECTOR('',#12146,1.);
#12146 = DIRECTION('',(0.,-1.));
#12147 = ( GEOMETRIC_REPRESENTATION_CONTEXT(2) 
PARAMETRIC_REPRESENTATION_CONTEXT() REPRESENTATION_CONTEXT('2D SPACE',''
  ) );
#12148 = PCURVE('',#2378,#12149);
#12149 = DEFINITIONAL_REPRESENTATION('',(#12150),#12154);
#12150 = LINE('',#12151,#12152);
#12151 = CARTESIAN_POINT('',(0.,0.));
#12152 = VECTOR('',#12153,1.);
#12153 = DIRECTION('',(0.,-1.));
#12154 = ( GEOMETRIC_REPRESENTATION_CONTEXT(2) 
PARAMETRIC_REPRESENTATION_CONTEXT() REPRESENTATION_CONTEXT('2D SPACE',''
  ) );
#12155 = ORIENTED_EDGE('',*,*,#2334,.F.);
#12156 = ADVANCED_FACE('',(#12157),#2490,.T.);
#12157 = FACE_BOUND('',#12158,.T.);
#12158 = EDGE_LOOP('',(#12159,#12180,#12181,#12182));
#12159 = ORIENTED_EDGE('',*,*,#12160,.T.);
#12160 = EDGE_CURVE('',#2447,#6380,#12161,.T.);
#12161 = SURFACE_CURVE('',#12162,(#12166,#12173),.PCURVE_S1.);
#12162 = LINE('',#12163,#12164);
#12163 = CARTESIAN_POINT('',(346.13911300919,376.,374.5));
#12164 = VECTOR('',#12165,1.);
#12165 = DIRECTION('',(0.,1.,0.));
#12166 = PCURVE('',#2490,#12167);
#12167 = DEFINITIONAL_REPRESENTATION('',(#12168),#12172);
#12168 = LINE('',#12169,#12170);
#12169 = CARTESIAN_POINT('',(0.,0.));
#12170 = VECTOR('',#12171,1.);
#12171 = DIRECTION('',(0.,-1.));
#12172 = ( GEOMETRIC_REPRESENTATION_CONTEXT(2) 
PARAMETRIC_REPRESENTATION_CONTEXT() REPRESENTATION_CONTEXT('2D SPACE',''
  ) );
#12173 = PCURVE('',#2462,#12174);
#12174 = DEFINITIONAL_REPRESENTATION('',(#12175),#12179);
#12175 = LINE('',#12176,#12177);
#12176 = CARTESIAN_POINT('',(1.228592614404,0.));
#12177 = VECTOR('',#12178,1.);
#12178 = DIRECTION('',(0.,-1.));
#12179 = ( GEOMETRIC_REPRESENTATION_CONTEXT(2) 
PARAMETRIC_REPRESENTATION_CONTEXT() REPRESENTATION_CONTEXT('2D SPACE',''
  ) );
#12180 = ORIENTED_EDGE('',*,*,#6402,.T.);
#12181 = ORIENTED_EDGE('',*,*,#12106,.F.);
#12182 = ORIENTED_EDGE('',*,*,#2474,.F.);
#12183 = ADVANCED_FACE('',(#12184),#2378,.T.);
#12184 = FACE_BOUND('',#12185,.T.);
#12185 = EDGE_LOOP('',(#12186,#12187,#12188,#12209));
#12186 = ORIENTED_EDGE('',*,*,#12135,.T.);
#12187 = ORIENTED_EDGE('',*,*,#6310,.T.);
#12188 = ORIENTED_EDGE('',*,*,#12189,.F.);
#12189 = EDGE_CURVE('',#2363,#6311,#12190,.T.);
#12190 = SURFACE_CURVE('',#12191,(#12195,#12202),.PCURVE_S1.);
#12191 = LINE('',#12192,#12193);
#12192 = CARTESIAN_POINT('',(341.51973782135,376.,376.99262828296));
#12193 = VECTOR('',#12194,1.);
#12194 = DIRECTION('',(0.,1.,0.));
#12195 = PCURVE('',#2378,#12196);
#12196 = DEFINITIONAL_REPRESENTATION('',(#12197),#12201);
#12197 = LINE('',#12198,#12199);
#12198 = CARTESIAN_POINT('',(0.900142887903,0.));
#12199 = VECTOR('',#12200,1.);
#12200 = DIRECTION('',(0.,-1.));
#12201 = ( GEOMETRIC_REPRESENTATION_CONTEXT(2) 
PARAMETRIC_REPRESENTATION_CONTEXT() REPRESENTATION_CONTEXT('2D SPACE',''
  ) );
#12202 = PCURVE('',#2406,#12203);
#12203 = DEFINITIONAL_REPRESENTATION('',(#12204),#12208);
#12204 = LINE('',#12205,#12206);
#12205 = CARTESIAN_POINT('',(0.,0.));
#12206 = VECTOR('',#12207,1.);
#12207 = DIRECTION('',(0.,-1.));
#12208 = ( GEOMETRIC_REPRESENTATION_CONTEXT(2) 
PARAMETRIC_REPRESENTATION_CONTEXT() REPRESENTATION_CONTEXT('2D SPACE',''
  ) );
#12209 = ORIENTED_EDGE('',*,*,#2362,.F.);
#12210 = ADVANCED_FACE('',(#12211),#2462,.T.);
#12211 = FACE_BOUND('',#12212,.T.);
#12212 = EDGE_LOOP('',(#12213,#12234,#12235,#12236));
#12213 = ORIENTED_EDGE('',*,*,#12214,.T.);
#12214 = EDGE_CURVE('',#2419,#6357,#12215,.T.);
#12215 = SURFACE_CURVE('',#12216,(#12220,#12227),.PCURVE_S1.);
#12216 = LINE('',#12217,#12218);
#12217 = CARTESIAN_POINT('',(346.18669672292,376.,375.72767080374));
#12218 = VECTOR('',#12219,1.);
#12219 = DIRECTION('',(0.,1.,0.));
#12220 = PCURVE('',#2462,#12221);
#12221 = DEFINITIONAL_REPRESENTATION('',(#12222),#12226);
#12222 = LINE('',#12223,#12224);
#12223 = CARTESIAN_POINT('',(0.,0.));
#12224 = VECTOR('',#12225,1.);
#12225 = DIRECTION('',(0.,-1.));
#12226 = ( GEOMETRIC_REPRESENTATION_CONTEXT(2) 
PARAMETRIC_REPRESENTATION_CONTEXT() REPRESENTATION_CONTEXT('2D SPACE',''
  ) );
#12227 = PCURVE('',#2434,#12228);
#12228 = DEFINITIONAL_REPRESENTATION('',(#12229),#12233);
#12229 = LINE('',#12230,#12231);
#12230 = CARTESIAN_POINT('',(1.228592614404,0.));
#12231 = VECTOR('',#12232,1.);
#12232 = DIRECTION('',(0.,-1.));
#12233 = ( GEOMETRIC_REPRESENTATION_CONTEXT(2) 
PARAMETRIC_REPRESENTATION_CONTEXT() REPRESENTATION_CONTEXT('2D SPACE',''
  ) );
#12234 = ORIENTED_EDGE('',*,*,#6379,.T.);
#12235 = ORIENTED_EDGE('',*,*,#12160,.F.);
#12236 = ORIENTED_EDGE('',*,*,#2446,.F.);
#12237 = ADVANCED_FACE('',(#12238),#2406,.T.);
#12238 = FACE_BOUND('',#12239,.T.);
#12239 = EDGE_LOOP('',(#12240,#12241,#12242,#12263));
#12240 = ORIENTED_EDGE('',*,*,#12189,.T.);
#12241 = ORIENTED_EDGE('',*,*,#6333,.T.);
#12242 = ORIENTED_EDGE('',*,*,#12243,.F.);
#12243 = EDGE_CURVE('',#2391,#6334,#12244,.T.);
#12244 = SURFACE_CURVE('',#12245,(#12249,#12256),.PCURVE_S1.);
#12245 = LINE('',#12246,#12247);
#12246 = CARTESIAN_POINT('',(346.32916235551,376.,376.94797541968));
#12247 = VECTOR('',#12248,1.);
#12248 = DIRECTION('',(0.,1.,0.));
#12249 = PCURVE('',#2406,#12250);
#12250 = DEFINITIONAL_REPRESENTATION('',(#12251),#12255);
#12251 = LINE('',#12252,#12253);
#12252 = CARTESIAN_POINT('',(4.809631818338,0.));
#12253 = VECTOR('',#12254,1.);
#12254 = DIRECTION('',(0.,-1.));
#12255 = ( GEOMETRIC_REPRESENTATION_CONTEXT(2) 
PARAMETRIC_REPRESENTATION_CONTEXT() REPRESENTATION_CONTEXT('2D SPACE',''
  ) );
#12256 = PCURVE('',#2434,#12257);
#12257 = DEFINITIONAL_REPRESENTATION('',(#12258),#12262);
#12258 = LINE('',#12259,#12260);
#12259 = CARTESIAN_POINT('',(0.,0.));
#12260 = VECTOR('',#12261,1.);
#12261 = DIRECTION('',(0.,-1.));
#12262 = ( GEOMETRIC_REPRESENTATION_CONTEXT(2) 
PARAMETRIC_REPRESENTATION_CONTEXT() REPRESENTATION_CONTEXT('2D SPACE',''
  ) );
#12263 = ORIENTED_EDGE('',*,*,#2390,.F.);
#12264 = ADVANCED_FACE('',(#12265),#2434,.T.);
#12265 = FACE_BOUND('',#12266,.T.);
#12266 = EDGE_LOOP('',(#12267,#12268,#12269,#12270));
#12267 = ORIENTED_EDGE('',*,*,#12243,.T.);
#12268 = ORIENTED_EDGE('',*,*,#6356,.T.);
#12269 = ORIENTED_EDGE('',*,*,#12214,.F.);
#12270 = ORIENTED_EDGE('',*,*,#2418,.F.);
#12271 = ADVANCED_FACE('',(#12272),#4591,.F.);
#12272 = FACE_BOUND('',#12273,.F.);
#12273 = EDGE_LOOP('',(#12274,#12303,#12324,#12325));
#12274 = ORIENTED_EDGE('',*,*,#12275,.F.);
#12275 = EDGE_CURVE('',#12276,#12276,#12278,.T.);
#12276 = VERTEX_POINT('',#12277);
#12277 = CARTESIAN_POINT('',(362.,394.,380.5));
#12278 = SURFACE_CURVE('',#12279,(#12284,#12291),.PCURVE_S1.);
#12279 = CIRCLE('',#12280,6.);
#12280 = AXIS2_PLACEMENT_3D('',#12281,#12282,#12283);
#12281 = CARTESIAN_POINT('',(362.,394.,374.5));
#12282 = DIRECTION('',(0.,1.,0.));
#12283 = DIRECTION('',(0.,-0.,1.));
#12284 = PCURVE('',#4591,#12285);
#12285 = DEFINITIONAL_REPRESENTATION('',(#12286),#12290);
#12286 = LINE('',#12287,#12288);
#12287 = CARTESIAN_POINT('',(0.,19.));
#12288 = VECTOR('',#12289,1.);
#12289 = DIRECTION('',(1.,0.));
#12290 = ( GEOMETRIC_REPRESENTATION_CONTEXT(2) 
PARAMETRIC_REPRESENTATION_CONTEXT() REPRESENTATION_CONTEXT('2D SPACE',''
  ) );
#12291 = PCURVE('',#12292,#12297);
#12292 = PLANE('',#12293);
#12293 = AXIS2_PLACEMENT_3D('',#12294,#12295,#12296);
#12294 = CARTESIAN_POINT('',(362.,394.,374.5));
#12295 = DIRECTION('',(0.,1.,0.));
#12296 = DIRECTION('',(0.,-0.,1.));
#12297 = DEFINITIONAL_REPRESENTATION('',(#12298),#12302);
#12298 = CIRCLE('',#12299,6.);
#12299 = AXIS2_PLACEMENT_2D('',#12300,#12301);
#12300 = CARTESIAN_POINT('',(0.,0.));
#12301 = DIRECTION('',(1.,0.));
#12302 = ( GEOMETRIC_REPRESENTATION_CONTEXT(2) 
PARAMETRIC_REPRESENTATION_CONTEXT() REPRESENTATION_CONTEXT('2D SPACE',''
  ) );
#12303 = ORIENTED_EDGE('',*,*,#12304,.F.);
#12304 = EDGE_CURVE('',#4571,#12276,#12305,.T.);
#12305 = SEAM_CURVE('',#12306,(#12310,#12317),.PCURVE_S1.);
#12306 = LINE('',#12307,#12308);
#12307 = CARTESIAN_POINT('',(362.,375.,380.5));
#12308 = VECTOR('',#12309,1.);
#12309 = DIRECTION('',(0.,1.,0.));
#12310 = PCURVE('',#4591,#12311);
#12311 = DEFINITIONAL_REPRESENTATION('',(#12312),#12316);
#12312 = LINE('',#12313,#12314);
#12313 = CARTESIAN_POINT('',(6.28318530718,-0.));
#12314 = VECTOR('',#12315,1.);
#12315 = DIRECTION('',(0.,1.));
#12316 = ( GEOMETRIC_REPRESENTATION_CONTEXT(2) 
PARAMETRIC_REPRESENTATION_CONTEXT() REPRESENTATION_CONTEXT('2D SPACE',''
  ) );
#12317 = PCURVE('',#4591,#12318);
#12318 = DEFINITIONAL_REPRESENTATION('',(#12319),#12323);
#12319 = LINE('',#12320,#12321);
#12320 = CARTESIAN_POINT('',(0.,-0.));
#12321 = VECTOR('',#12322,1.);
#12322 = DIRECTION('',(0.,1.));
#12323 = ( GEOMETRIC_REPRESENTATION_CONTEXT(2) 
PARAMETRIC_REPRESENTATION_CONTEXT() REPRESENTATION_CONTEXT('2D SPACE',''
  ) );
#12324 = ORIENTED_EDGE('',*,*,#4570,.T.);
#12325 = ORIENTED_EDGE('',*,*,#12304,.T.);
#12326 = ADVANCED_FACE('',(#12327),#8149,.T.);
#12327 = FACE_BOUND('',#12328,.T.);
#12328 = EDGE_LOOP('',(#12329,#12352,#12374,#12375));
#12329 = ORIENTED_EDGE('',*,*,#12330,.T.);
#12330 = EDGE_CURVE('',#8129,#12331,#12333,.T.);
#12331 = VERTEX_POINT('',#12332);
#12332 = CARTESIAN_POINT('',(362.,394.,387.38062089356));
#12333 = SEAM_CURVE('',#12334,(#12338,#12345),.PCURVE_S1.);
#12334 = LINE('',#12335,#12336);
#12335 = CARTESIAN_POINT('',(362.,387.,387.38062089356));
#12336 = VECTOR('',#12337,1.);
#12337 = DIRECTION('',(0.,1.,0.));
#12338 = PCURVE('',#8149,#12339);
#12339 = DEFINITIONAL_REPRESENTATION('',(#12340),#12344);
#12340 = LINE('',#12341,#12342);
#12341 = CARTESIAN_POINT('',(6.28318530718,-0.));
#12342 = VECTOR('',#12343,1.);
#12343 = DIRECTION('',(0.,1.));
#12344 = ( GEOMETRIC_REPRESENTATION_CONTEXT(2) 
PARAMETRIC_REPRESENTATION_CONTEXT() REPRESENTATION_CONTEXT('2D SPACE',''
  ) );
#12345 = PCURVE('',#8149,#12346);
#12346 = DEFINITIONAL_REPRESENTATION('',(#12347),#12351);
#12347 = LINE('',#12348,#12349);
#12348 = CARTESIAN_POINT('',(0.,-0.));
#12349 = VECTOR('',#12350,1.);
#12350 = DIRECTION('',(0.,1.));
#12351 = ( GEOMETRIC_REPRESENTATION_CONTEXT(2) 
PARAMETRIC_REPRESENTATION_CONTEXT() REPRESENTATION_CONTEXT('2D SPACE',''
  ) );
#12352 = ORIENTED_EDGE('',*,*,#12353,.F.);
#12353 = EDGE_CURVE('',#12331,#12331,#12354,.T.);
#12354 = SURFACE_CURVE('',#12355,(#12360,#12367),.PCURVE_S1.);
#12355 = CIRCLE('',#12356,12.880620893565);
#12356 = AXIS2_PLACEMENT_3D('',#12357,#12358,#12359);
#12357 = CARTESIAN_POINT('',(362.,394.,374.5));
#12358 = DIRECTION('',(0.,1.,0.));
#12359 = DIRECTION('',(0.,-0.,1.));
#12360 = PCURVE('',#8149,#12361);
#12361 = DEFINITIONAL_REPRESENTATION('',(#12362),#12366);
#12362 = LINE('',#12363,#12364);
#12363 = CARTESIAN_POINT('',(0.,7.));
#12364 = VECTOR('',#12365,1.);
#12365 = DIRECTION('',(1.,0.));
#12366 = ( GEOMETRIC_REPRESENTATION_CONTEXT(2) 
PARAMETRIC_REPRESENTATION_CONTEXT() REPRESENTATION_CONTEXT('2D SPACE',''
  ) );
#12367 = PCURVE('',#12292,#12368);
#12368 = DEFINITIONAL_REPRESENTATION('',(#12369),#12373);
#12369 = CIRCLE('',#12370,12.880620893565);
#12370 = AXIS2_PLACEMENT_2D('',#12371,#12372);
#12371 = CARTESIAN_POINT('',(0.,0.));
#12372 = DIRECTION('',(1.,0.));
#12373 = ( GEOMETRIC_REPRESENTATION_CONTEXT(2) 
PARAMETRIC_REPRESENTATION_CONTEXT() REPRESENTATION_CONTEXT('2D SPACE',''
  ) );
#12374 = ORIENTED_EDGE('',*,*,#12330,.F.);
#12375 = ORIENTED_EDGE('',*,*,#8128,.T.);
#12376 = ADVANCED_FACE('',(#12377,#12380),#12292,.T.);
#12377 = FACE_BOUND('',#12378,.T.);
#12378 = EDGE_LOOP('',(#12379));
#12379 = ORIENTED_EDGE('',*,*,#12353,.T.);
#12380 = FACE_BOUND('',#12381,.T.);
#12381 = EDGE_LOOP('',(#12382));
#12382 = ORIENTED_EDGE('',*,*,#12275,.F.);
#12383 = ( GEOMETRIC_REPRESENTATION_CONTEXT(3) 
GLOBAL_UNCERTAINTY_ASSIGNED_CONTEXT((#12387)) 
GLOBAL_UNIT_ASSIGNED_CONTEXT((#12384,#12385,#12386)) 
REPRESENTATION_CONTEXT('Context #1',
  '3D Context with UNIT and UNCERTAINTY') );
#12384 = ( LENGTH_UNIT() NAMED_UNIT(*) SI_UNIT(.MILLI.,.METRE.) );
#12385 = ( NAMED_UNIT(*) PLANE_ANGLE_UNIT() SI_UNIT($,.RADIAN.) );
#12386 = ( NAMED_UNIT(*) SI_UNIT($,.STERADIAN.) SOLID_ANGLE_UNIT() );
#12387 = UNCERTAINTY_MEASURE_WITH_UNIT(LENGTH_MEASURE(1.E-07),#12384,
  'distance_accuracy_value','confusion accuracy');
#12388 = PRODUCT_RELATED_PRODUCT_CATEGORY('part',$,(#7));
ENDSEC;
END-ISO-10303-21;
