ISO-10303-21;
HEADER;
FILE_DESCRIPTION(('Open CASCADE Model'),'2;1');
FILE_NAME('Open CASCADE Shape Model','2026-09-24T23:13:53',('Author'),(
    'Open CASCADE'),'Open CASCADE STEP processor 7.9','Open CASCADE 7.9'
  ,'Unknown');
FILE_SCHEMA(('AUTOMOTIVE_DESIGN { 1 0 10303 214 1 1 1 1 }'));
ENDSEC;
DATA;
#1 = APPLICATION_PROTOCOL_DEFINITION('international standard',
  'automotive_design',2000,#2);
#2 = APPLICATION_CONTEXT(
  'core data for automotive mechanical design processes');
#3 = SHAPE_DEFINITION_REPRESENTATION(#4,#10);
#4 = PRODUCT_DEFINITION_SHAPE('','',#5);
#5 = PRODUCT_DEFINITION('design','',#6,#9);
#6 = PRODUCT_DEFINITION_FORMATION('','',#7);
#7 = PRODUCT('Open CASCADE STEP translator 7.9 21',
  'Open CASCADE STEP translator 7.9 21','',(#8));
#8 = PRODUCT_CONTEXT('',#2,'mechanical');
#9 = PRODUCT_DEFINITION_CONTEXT('part definition',#2,'design');
#10 = ADVANCED_BREP_SHAPE_REPRESENTATION('',(#11,#15),#12523);
#11 = AXIS2_PLACEMENT_3D('',#12,#13,#14);
#12 = CARTESIAN_POINT('',(0.,0.,0.));
#13 = DIRECTION('',(0.,0.,1.));
#14 = DIRECTION('',(1.,0.,-0.));
#15 = MANIFOLD_SOLID_BREP('',#16);
#16 = CLOSED_SHELL('',(#17,#137,#4584,#4655,#4704,#4753,#4785,#4856,
    #4905,#4954,#5003,#5052,#5101,#5150,#5199,#5248,#5297,#5346,#5395,
    #5444,#5493,#5542,#5591,#5640,#5689,#5738,#5787,#5836,#5885,#5934,
    #5983,#6032,#6081,#6130,#6179,#6228,#6277,#6326,#6375,#6424,#6473,
    #6522,#6571,#6620,#6669,#6718,#6767,#6816,#6865,#6914,#6963,#7012,
    #7061,#7110,#7159,#7208,#7257,#7306,#7355,#7404,#7453,#7502,#7551,
    #7600,#7649,#7698,#7747,#7796,#7845,#7894,#7943,#7992,#8041,#8090,
    #8139,#8188,#8237,#8286,#8335,#8384,#8433,#8482,#8531,#8580,#8629,
    #8678,#8727,#8776,#8825,#8874,#8923,#8972,#9021,#9070,#9119,#9168,
    #9217,#9266,#9315,#9364,#9413,#9462,#9511,#9560,#9609,#9658,#9707,
    #9756,#9805,#9854,#9903,#9952,#10001,#10050,#10099,#10148,#10197,
    #10246,#10295,#10344,#10393,#10442,#10491,#10540,#10589,#10638,
    #10687,#10736,#10785,#10834,#10883,#10932,#10981,#11030,#11079,
    #11128,#11177,#11226,#11275,#11324,#11373,#11422,#11471,#11520,
    #11569,#11618,#11667,#11716,#11765,#11814,#11863,#11912,#11961,
    #12010,#12059,#12108,#12157,#12206,#12255,#12304,#12509,#12516));
#17 = ADVANCED_FACE('',(#18),#32,.T.);
#18 = FACE_BOUND('',#19,.T.);
#19 = EDGE_LOOP('',(#20,#55,#83,#111));
#20 = ORIENTED_EDGE('',*,*,#21,.T.);
#21 = EDGE_CURVE('',#22,#24,#26,.T.);
#22 = VERTEX_POINT('',#23);
#23 = CARTESIAN_POINT('',(95.670837644484,401.,332.75202458031));
#24 = VERTEX_POINT('',#25);
#25 = CARTESIAN_POINT('',(95.670837644484,413.,332.75202458031));
#26 = SURFACE_CURVE('',#27,(#31,#43),.PCURVE_S1.);
#27 = LINE('',#28,#29);
#28 = CARTESIAN_POINT('',(95.670837644484,401.,332.75202458031));
#29 = VECTOR('',#30,1.);
#30 = DIRECTION('',(0.,1.,0.));
#31 = PCURVE('',#32,#37);
#32 = PLANE('',#33);
#33 = AXIS2_PLACEMENT_3D('',#34,#35,#36);
#34 = CARTESIAN_POINT('',(95.670837644484,401.,332.75202458031));
#35 = DIRECTION('',(0.993254071072,0.,-0.115958399003));
#36 = DIRECTION('',(0.115958399003,0.,0.993254071072));
#37 = DEFINITIONAL_REPRESENTATION('',(#38),#42);
#38 = LINE('',#39,#40);
#39 = CARTESIAN_POINT('',(0.,0.));
#40 = VECTOR('',#41,1.);
#41 = DIRECTION('',(0.,-1.));
#42 = ( GEOMETRIC_REPRESENTATION_CONTEXT(2) 
PARAMETRIC_REPRESENTATION_CONTEXT() REPRESENTATION_CONTEXT('2D SPACE',''
  ) );
#43 = PCURVE('',#44,#49);
#44 = PLANE('',#45);
#45 = AXIS2_PLACEMENT_3D('',#46,#47,#48);
#46 = CARTESIAN_POINT('',(100.48026217864,401.,332.70737171703));
#47 = DIRECTION('',(9.28405020674E-03,-0.,0.999956902277));
#48 = DIRECTION('',(-0.999956902277,0.,9.28405020674E-03));
#49 = DEFINITIONAL_REPRESENTATION('',(#50),#54);
#50 = LINE('',#51,#52);
#51 = CARTESIAN_POINT('',(4.809631818338,0.));
#52 = VECTOR('',#53,1.);
#53 = DIRECTION('',(0.,-1.));
#54 = ( GEOMETRIC_REPRESENTATION_CONTEXT(2) 
PARAMETRIC_REPRESENTATION_CONTEXT() REPRESENTATION_CONTEXT('2D SPACE',''
  ) );
#55 = ORIENTED_EDGE('',*,*,#56,.T.);
#56 = EDGE_CURVE('',#24,#57,#59,.T.);
#57 = VERTEX_POINT('',#58);
#58 = CARTESIAN_POINT('',(95.813303277076,413.,333.97232919626));
#59 = SURFACE_CURVE('',#60,(#64,#71),.PCURVE_S1.);
#60 = LINE('',#61,#62);
#61 = CARTESIAN_POINT('',(95.670837644484,413.,332.75202458031));
#62 = VECTOR('',#63,1.);
#63 = DIRECTION('',(0.115958399003,0.,0.993254071072));
#64 = PCURVE('',#32,#65);
#65 = DEFINITIONAL_REPRESENTATION('',(#66),#70);
#66 = LINE('',#67,#68);
#67 = CARTESIAN_POINT('',(0.,-12.));
#68 = VECTOR('',#69,1.);
#69 = DIRECTION('',(1.,0.));
#70 = ( GEOMETRIC_REPRESENTATION_CONTEXT(2) 
PARAMETRIC_REPRESENTATION_CONTEXT() REPRESENTATION_CONTEXT('2D SPACE',''
  ) );
#71 = PCURVE('',#72,#77);
#72 = PLANE('',#73);
#73 = AXIS2_PLACEMENT_3D('',#74,#75,#76);
#74 = CARTESIAN_POINT('',(80.,413.,335.2));
#75 = DIRECTION('',(-0.,-1.,-0.));
#76 = DIRECTION('',(0.,0.,-1.));
#77 = DEFINITIONAL_REPRESENTATION('',(#78),#82);
#78 = LINE('',#79,#80);
#79 = CARTESIAN_POINT('',(2.447975419685,15.670837644484));
#80 = VECTOR('',#81,1.);
#81 = DIRECTION('',(-0.993254071072,0.115958399003));
#82 = ( GEOMETRIC_REPRESENTATION_CONTEXT(2) 
PARAMETRIC_REPRESENTATION_CONTEXT() REPRESENTATION_CONTEXT('2D SPACE',''
  ) );
#83 = ORIENTED_EDGE('',*,*,#84,.F.);
#84 = EDGE_CURVE('',#85,#57,#87,.T.);
#85 = VERTEX_POINT('',#86);
#86 = CARTESIAN_POINT('',(95.813303277076,401.,333.97232919626));
#87 = SURFACE_CURVE('',#88,(#92,#99),.PCURVE_S1.);
#88 = LINE('',#89,#90);
#89 = CARTESIAN_POINT('',(95.813303277076,401.,333.97232919626));
#90 = VECTOR('',#91,1.);
#91 = DIRECTION('',(0.,1.,0.));
#92 = PCURVE('',#32,#93);
#93 = DEFINITIONAL_REPRESENTATION('',(#94),#98);
#94 = LINE('',#95,#96);
#95 = CARTESIAN_POINT('',(1.228592614404,0.));
#96 = VECTOR('',#97,1.);
#97 = DIRECTION('',(0.,-1.));
#98 = ( GEOMETRIC_REPRESENTATION_CONTEXT(2) 
PARAMETRIC_REPRESENTATION_CONTEXT() REPRESENTATION_CONTEXT('2D SPACE',''
  ) );
#99 = PCURVE('',#100,#105);
#100 = PLANE('',#101);
#101 = AXIS2_PLACEMENT_3D('',#102,#103,#104);
#102 = CARTESIAN_POINT('',(95.813303277076,401.,333.97232919626));
#103 = DIRECTION('',(0.999249701933,0.,-3.873026190514E-02));
#104 = DIRECTION('',(3.873026190514E-02,0.,0.999249701933));
#105 = DEFINITIONAL_REPRESENTATION('',(#106),#110);
#106 = LINE('',#107,#108);
#107 = CARTESIAN_POINT('',(0.,0.));
#108 = VECTOR('',#109,1.);
#109 = DIRECTION('',(0.,-1.));
#110 = ( GEOMETRIC_REPRESENTATION_CONTEXT(2) 
PARAMETRIC_REPRESENTATION_CONTEXT() REPRESENTATION_CONTEXT('2D SPACE',''
  ) );
#111 = ORIENTED_EDGE('',*,*,#112,.F.);
#112 = EDGE_CURVE('',#22,#85,#113,.T.);
#113 = SURFACE_CURVE('',#114,(#118,#125),.PCURVE_S1.);
#114 = LINE('',#115,#116);
#115 = CARTESIAN_POINT('',(95.670837644484,401.,332.75202458031));
#116 = VECTOR('',#117,1.);
#117 = DIRECTION('',(0.115958399003,0.,0.993254071072));
#118 = PCURVE('',#32,#119);
#119 = DEFINITIONAL_REPRESENTATION('',(#120),#124);
#120 = LINE('',#121,#122);
#121 = CARTESIAN_POINT('',(0.,0.));
#122 = VECTOR('',#123,1.);
#123 = DIRECTION('',(1.,0.));
#124 = ( GEOMETRIC_REPRESENTATION_CONTEXT(2) 
PARAMETRIC_REPRESENTATION_CONTEXT() REPRESENTATION_CONTEXT('2D SPACE',''
  ) );
#125 = PCURVE('',#126,#131);
#126 = PLANE('',#127);
#127 = AXIS2_PLACEMENT_3D('',#128,#129,#130);
#128 = CARTESIAN_POINT('',(80.,401.,335.2));
#129 = DIRECTION('',(-0.,-1.,-0.));
#130 = DIRECTION('',(0.,0.,-1.));
#131 = DEFINITIONAL_REPRESENTATION('',(#132),#136);
#132 = LINE('',#133,#134);
#133 = CARTESIAN_POINT('',(2.447975419685,15.670837644484));
#134 = VECTOR('',#135,1.);
#135 = DIRECTION('',(-0.993254071072,0.115958399003));
#136 = ( GEOMETRIC_REPRESENTATION_CONTEXT(2) 
PARAMETRIC_REPRESENTATION_CONTEXT() REPRESENTATION_CONTEXT('2D SPACE',''
  ) );
#137 = ADVANCED_FACE('',(#138,#4469),#72,.F.);
#138 = FACE_BOUND('',#139,.F.);
#139 = EDGE_LOOP('',(#140,#141,#164,#192,#220,#248,#276,#304,#332,#360,
    #388,#416,#444,#472,#500,#528,#556,#584,#612,#640,#668,#696,#724,
    #752,#780,#808,#836,#864,#892,#920,#948,#976,#1004,#1032,#1060,#1088
    ,#1116,#1144,#1172,#1200,#1228,#1256,#1284,#1312,#1340,#1368,#1396,
    #1424,#1452,#1480,#1508,#1536,#1564,#1592,#1620,#1648,#1676,#1704,
    #1732,#1760,#1788,#1816,#1844,#1872,#1900,#1928,#1956,#1984,#2012,
    #2040,#2068,#2096,#2124,#2152,#2180,#2208,#2236,#2264,#2292,#2320,
    #2348,#2376,#2404,#2432,#2460,#2488,#2516,#2544,#2572,#2600,#2628,
    #2656,#2684,#2712,#2740,#2768,#2796,#2824,#2852,#2880,#2908,#2936,
    #2964,#2992,#3020,#3048,#3076,#3104,#3132,#3160,#3188,#3216,#3244,
    #3272,#3300,#3328,#3356,#3384,#3412,#3440,#3468,#3496,#3524,#3552,
    #3580,#3608,#3636,#3664,#3692,#3720,#3748,#3776,#3804,#3832,#3860,
    #3888,#3916,#3944,#3972,#4000,#4028,#4056,#4084,#4112,#4140,#4168,
    #4196,#4224,#4252,#4280,#4308,#4336,#4364,#4392,#4420,#4448));
#140 = ORIENTED_EDGE('',*,*,#56,.T.);
#141 = ORIENTED_EDGE('',*,*,#142,.T.);
#142 = EDGE_CURVE('',#57,#143,#145,.T.);
#143 = VERTEX_POINT('',#144);
#144 = CARTESIAN_POINT('',(95.860886990807,413.,335.2));
#145 = SURFACE_CURVE('',#146,(#150,#157),.PCURVE_S1.);
#146 = LINE('',#147,#148);
#147 = CARTESIAN_POINT('',(95.813303277076,413.,333.97232919626));
#148 = VECTOR('',#149,1.);
#149 = DIRECTION('',(3.873026190514E-02,0.,0.999249701933));
#150 = PCURVE('',#72,#151);
#151 = DEFINITIONAL_REPRESENTATION('',(#152),#156);
#152 = LINE('',#153,#154);
#153 = CARTESIAN_POINT('',(1.22767080374,15.813303277076));
#154 = VECTOR('',#155,1.);
#155 = DIRECTION('',(-0.999249701933,3.873026190514E-02));
#156 = ( GEOMETRIC_REPRESENTATION_CONTEXT(2) 
PARAMETRIC_REPRESENTATION_CONTEXT() REPRESENTATION_CONTEXT('2D SPACE',''
  ) );
#157 = PCURVE('',#100,#158);
#158 = DEFINITIONAL_REPRESENTATION('',(#159),#163);
#159 = LINE('',#160,#161);
#160 = CARTESIAN_POINT('',(0.,-12.));
#161 = VECTOR('',#162,1.);
#162 = DIRECTION('',(1.,0.));
#163 = ( GEOMETRIC_REPRESENTATION_CONTEXT(2) 
PARAMETRIC_REPRESENTATION_CONTEXT() REPRESENTATION_CONTEXT('2D SPACE',''
  ) );
#164 = ORIENTED_EDGE('',*,*,#165,.T.);
#165 = EDGE_CURVE('',#143,#166,#168,.T.);
#166 = VERTEX_POINT('',#167);
#167 = CARTESIAN_POINT('',(95.813303277076,413.,336.42767080374));
#168 = SURFACE_CURVE('',#169,(#173,#180),.PCURVE_S1.);
#169 = LINE('',#170,#171);
#170 = CARTESIAN_POINT('',(95.860886990807,413.,335.2));
#171 = VECTOR('',#172,1.);
#172 = DIRECTION('',(-3.873026190514E-02,0.,0.999249701933));
#173 = PCURVE('',#72,#174);
#174 = DEFINITIONAL_REPRESENTATION('',(#175),#179);
#175 = LINE('',#176,#177);
#176 = CARTESIAN_POINT('',(0.,15.860886990807));
#177 = VECTOR('',#178,1.);
#178 = DIRECTION('',(-0.999249701933,-3.873026190514E-02));
#179 = ( GEOMETRIC_REPRESENTATION_CONTEXT(2) 
PARAMETRIC_REPRESENTATION_CONTEXT() REPRESENTATION_CONTEXT('2D SPACE',''
  ) );
#180 = PCURVE('',#181,#186);
#181 = PLANE('',#182);
#182 = AXIS2_PLACEMENT_3D('',#183,#184,#185);
#183 = CARTESIAN_POINT('',(95.860886990807,401.,335.2));
#184 = DIRECTION('',(0.999249701933,-0.,3.873026190514E-02));
#185 = DIRECTION('',(-3.873026190514E-02,0.,0.999249701933));
#186 = DEFINITIONAL_REPRESENTATION('',(#187),#191);
#187 = LINE('',#188,#189);
#188 = CARTESIAN_POINT('',(0.,-12.));
#189 = VECTOR('',#190,1.);
#190 = DIRECTION('',(1.,0.));
#191 = ( GEOMETRIC_REPRESENTATION_CONTEXT(2) 
PARAMETRIC_REPRESENTATION_CONTEXT() REPRESENTATION_CONTEXT('2D SPACE',''
  ) );
#192 = ORIENTED_EDGE('',*,*,#193,.T.);
#193 = EDGE_CURVE('',#166,#194,#196,.T.);
#194 = VERTEX_POINT('',#195);
#195 = CARTESIAN_POINT('',(95.670837644484,413.,337.64797541968));
#196 = SURFACE_CURVE('',#197,(#201,#208),.PCURVE_S1.);
#197 = LINE('',#198,#199);
#198 = CARTESIAN_POINT('',(95.813303277076,413.,336.42767080374));
#199 = VECTOR('',#200,1.);
#200 = DIRECTION('',(-0.115958399003,0.,0.993254071072));
#201 = PCURVE('',#72,#202);
#202 = DEFINITIONAL_REPRESENTATION('',(#203),#207);
#203 = LINE('',#204,#205);
#204 = CARTESIAN_POINT('',(-1.22767080374,15.813303277076));
#205 = VECTOR('',#206,1.);
#206 = DIRECTION('',(-0.993254071072,-0.115958399003));
#207 = ( GEOMETRIC_REPRESENTATION_CONTEXT(2) 
PARAMETRIC_REPRESENTATION_CONTEXT() REPRESENTATION_CONTEXT('2D SPACE',''
  ) );
#208 = PCURVE('',#209,#214);
#209 = PLANE('',#210);
#210 = AXIS2_PLACEMENT_3D('',#211,#212,#213);
#211 = CARTESIAN_POINT('',(95.813303277076,401.,336.42767080374));
#212 = DIRECTION('',(0.993254071072,-0.,0.115958399003));
#213 = DIRECTION('',(-0.115958399003,0.,0.993254071072));
#214 = DEFINITIONAL_REPRESENTATION('',(#215),#219);
#215 = LINE('',#216,#217);
#216 = CARTESIAN_POINT('',(0.,-12.));
#217 = VECTOR('',#218,1.);
#218 = DIRECTION('',(1.,0.));
#219 = ( GEOMETRIC_REPRESENTATION_CONTEXT(2) 
PARAMETRIC_REPRESENTATION_CONTEXT() REPRESENTATION_CONTEXT('2D SPACE',''
  ) );
#220 = ORIENTED_EDGE('',*,*,#221,.T.);
#221 = EDGE_CURVE('',#194,#222,#224,.T.);
#222 = VERTEX_POINT('',#223);
#223 = CARTESIAN_POINT('',(96.829400825898,413.,337.95564539212));
#224 = SURFACE_CURVE('',#225,(#229,#236),.PCURVE_S1.);
#225 = LINE('',#226,#227);
#226 = CARTESIAN_POINT('',(95.670837644484,413.,337.64797541968));
#227 = VECTOR('',#228,1.);
#228 = DIRECTION('',(0.966500312362,0.,0.256665436325));
#229 = PCURVE('',#72,#230);
#230 = DEFINITIONAL_REPRESENTATION('',(#231),#235);
#231 = LINE('',#232,#233);
#232 = CARTESIAN_POINT('',(-2.447975419685,15.670837644484));
#233 = VECTOR('',#234,1.);
#234 = DIRECTION('',(-0.256665436325,0.966500312362));
#235 = ( GEOMETRIC_REPRESENTATION_CONTEXT(2) 
PARAMETRIC_REPRESENTATION_CONTEXT() REPRESENTATION_CONTEXT('2D SPACE',''
  ) );
#236 = PCURVE('',#237,#242);
#237 = PLANE('',#238);
#238 = AXIS2_PLACEMENT_3D('',#239,#240,#241);
#239 = CARTESIAN_POINT('',(95.670837644484,401.,337.64797541968));
#240 = DIRECTION('',(0.256665436325,0.,-0.966500312362));
#241 = DIRECTION('',(0.966500312362,0.,0.256665436325));
#242 = DEFINITIONAL_REPRESENTATION('',(#243),#247);
#243 = LINE('',#244,#245);
#244 = CARTESIAN_POINT('',(0.,-12.));
#245 = VECTOR('',#246,1.);
#246 = DIRECTION('',(1.,0.));
#247 = ( GEOMETRIC_REPRESENTATION_CONTEXT(2) 
PARAMETRIC_REPRESENTATION_CONTEXT() REPRESENTATION_CONTEXT('2D SPACE',''
  ) );
#248 = ORIENTED_EDGE('',*,*,#249,.T.);
#249 = EDGE_CURVE('',#222,#250,#252,.T.);
#250 = VERTEX_POINT('',#251);
#251 = CARTESIAN_POINT('',(97.984228348054,413.,338.28044423459));
#252 = SURFACE_CURVE('',#253,(#257,#264),.PCURVE_S1.);
#253 = LINE('',#254,#255);
#254 = CARTESIAN_POINT('',(96.829400825898,413.,337.95564539212));
#255 = VECTOR('',#256,1.);
#256 = DIRECTION('',(0.962650157605,0.,0.270748359299));
#257 = PCURVE('',#72,#258);
#258 = DEFINITIONAL_REPRESENTATION('',(#259),#263);
#259 = LINE('',#260,#261);
#260 = CARTESIAN_POINT('',(-2.755645392125,16.829400825898));
#261 = VECTOR('',#262,1.);
#262 = DIRECTION('',(-0.270748359299,0.962650157605));
#263 = ( GEOMETRIC_REPRESENTATION_CONTEXT(2) 
PARAMETRIC_REPRESENTATION_CONTEXT() REPRESENTATION_CONTEXT('2D SPACE',''
  ) );
#264 = PCURVE('',#265,#270);
#265 = PLANE('',#266);
#266 = AXIS2_PLACEMENT_3D('',#267,#268,#269);
#267 = CARTESIAN_POINT('',(96.829400825898,401.,337.95564539212));
#268 = DIRECTION('',(0.270748359299,0.,-0.962650157605));
#269 = DIRECTION('',(0.962650157605,0.,0.270748359299));
#270 = DEFINITIONAL_REPRESENTATION('',(#271),#275);
#271 = LINE('',#272,#273);
#272 = CARTESIAN_POINT('',(0.,-12.));
#273 = VECTOR('',#274,1.);
#274 = DIRECTION('',(1.,0.));
#275 = ( GEOMETRIC_REPRESENTATION_CONTEXT(2) 
PARAMETRIC_REPRESENTATION_CONTEXT() REPRESENTATION_CONTEXT('2D SPACE',''
  ) );
#276 = ORIENTED_EDGE('',*,*,#277,.T.);
#277 = EDGE_CURVE('',#250,#278,#280,.T.);
#278 = VERTEX_POINT('',#279);
#279 = CARTESIAN_POINT('',(99.135131258695,413.,338.62233321906));
#280 = SURFACE_CURVE('',#281,(#285,#292),.PCURVE_S1.);
#281 = LINE('',#282,#283);
#282 = CARTESIAN_POINT('',(97.984228348054,413.,338.28044423459));
#283 = VECTOR('',#284,1.);
#284 = DIRECTION('',(0.958598067206,0.,0.284762612623));
#285 = PCURVE('',#72,#286);
#286 = DEFINITIONAL_REPRESENTATION('',(#287),#291);
#287 = LINE('',#288,#289);
#288 = CARTESIAN_POINT('',(-3.080444234599,17.984228348054));
#289 = VECTOR('',#290,1.);
#290 = DIRECTION('',(-0.284762612623,0.958598067206));
#291 = ( GEOMETRIC_REPRESENTATION_CONTEXT(2) 
PARAMETRIC_REPRESENTATION_CONTEXT() REPRESENTATION_CONTEXT('2D SPACE',''
  ) );
#292 = PCURVE('',#293,#298);
#293 = PLANE('',#294);
#294 = AXIS2_PLACEMENT_3D('',#295,#296,#297);
#295 = CARTESIAN_POINT('',(97.984228348054,401.,338.28044423459));
#296 = DIRECTION('',(0.284762612623,0.,-0.958598067206));
#297 = DIRECTION('',(0.958598067206,0.,0.284762612623));
#298 = DEFINITIONAL_REPRESENTATION('',(#299),#303);
#299 = LINE('',#300,#301);
#300 = CARTESIAN_POINT('',(0.,-12.));
#301 = VECTOR('',#302,1.);
#302 = DIRECTION('',(1.,0.));
#303 = ( GEOMETRIC_REPRESENTATION_CONTEXT(2) 
PARAMETRIC_REPRESENTATION_CONTEXT() REPRESENTATION_CONTEXT('2D SPACE',''
  ) );
#304 = ORIENTED_EDGE('',*,*,#305,.T.);
#305 = EDGE_CURVE('',#278,#306,#308,.T.);
#306 = VERTEX_POINT('',#307);
#307 = CARTESIAN_POINT('',(100.09768032362,413.,339.86235780182));
#308 = SURFACE_CURVE('',#309,(#313,#320),.PCURVE_S1.);
#309 = LINE('',#310,#311);
#310 = CARTESIAN_POINT('',(99.135131258695,413.,338.62233321906));
#311 = VECTOR('',#312,1.);
#312 = DIRECTION('',(0.613180418753,0.,0.789942892909));
#313 = PCURVE('',#72,#314);
#314 = DEFINITIONAL_REPRESENTATION('',(#315),#319);
#315 = LINE('',#316,#317);
#316 = CARTESIAN_POINT('',(-3.422333219066,19.135131258695));
#317 = VECTOR('',#318,1.);
#318 = DIRECTION('',(-0.789942892909,0.613180418753));
#319 = ( GEOMETRIC_REPRESENTATION_CONTEXT(2) 
PARAMETRIC_REPRESENTATION_CONTEXT() REPRESENTATION_CONTEXT('2D SPACE',''
  ) );
#320 = PCURVE('',#321,#326);
#321 = PLANE('',#322);
#322 = AXIS2_PLACEMENT_3D('',#323,#324,#325);
#323 = CARTESIAN_POINT('',(99.135131258695,401.,338.62233321906));
#324 = DIRECTION('',(0.789942892909,0.,-0.613180418753));
#325 = DIRECTION('',(0.613180418753,0.,0.789942892909));
#326 = DEFINITIONAL_REPRESENTATION('',(#327),#331);
#327 = LINE('',#328,#329);
#328 = CARTESIAN_POINT('',(0.,-12.));
#329 = VECTOR('',#330,1.);
#330 = DIRECTION('',(1.,0.));
#331 = ( GEOMETRIC_REPRESENTATION_CONTEXT(2) 
PARAMETRIC_REPRESENTATION_CONTEXT() REPRESENTATION_CONTEXT('2D SPACE',''
  ) );
#332 = ORIENTED_EDGE('',*,*,#333,.T.);
#333 = EDGE_CURVE('',#306,#334,#336,.T.);
#334 = VERTEX_POINT('',#335);
#335 = CARTESIAN_POINT('',(99.875182594247,413.,340.73456877347));
#336 = SURFACE_CURVE('',#337,(#341,#348),.PCURVE_S1.);
#337 = LINE('',#338,#339);
#338 = CARTESIAN_POINT('',(100.09768032362,413.,339.86235780182));
#339 = VECTOR('',#340,1.);
#340 = DIRECTION('',(-0.24718045587,0.,0.968969464037));
#341 = PCURVE('',#72,#342);
#342 = DEFINITIONAL_REPRESENTATION('',(#343),#347);
#343 = LINE('',#344,#345);
#344 = CARTESIAN_POINT('',(-4.662357801825,20.097680323628));
#345 = VECTOR('',#346,1.);
#346 = DIRECTION('',(-0.968969464037,-0.24718045587));
#347 = ( GEOMETRIC_REPRESENTATION_CONTEXT(2) 
PARAMETRIC_REPRESENTATION_CONTEXT() REPRESENTATION_CONTEXT('2D SPACE',''
  ) );
#348 = PCURVE('',#349,#354);
#349 = PLANE('',#350);
#350 = AXIS2_PLACEMENT_3D('',#351,#352,#353);
#351 = CARTESIAN_POINT('',(100.09768032362,401.,339.86235780182));
#352 = DIRECTION('',(0.968969464037,-0.,0.24718045587));
#353 = DIRECTION('',(-0.24718045587,0.,0.968969464037));
#354 = DEFINITIONAL_REPRESENTATION('',(#355),#359);
#355 = LINE('',#356,#357);
#356 = CARTESIAN_POINT('',(0.,-12.));
#357 = VECTOR('',#358,1.);
#358 = DIRECTION('',(1.,0.));
#359 = ( GEOMETRIC_REPRESENTATION_CONTEXT(2) 
PARAMETRIC_REPRESENTATION_CONTEXT() REPRESENTATION_CONTEXT('2D SPACE',''
  ) );
#360 = ORIENTED_EDGE('',*,*,#361,.T.);
#361 = EDGE_CURVE('',#334,#362,#364,.T.);
#362 = VERTEX_POINT('',#363);
#363 = CARTESIAN_POINT('',(99.614851325167,413.,341.59624437889));
#364 = SURFACE_CURVE('',#365,(#369,#376),.PCURVE_S1.);
#365 = LINE('',#366,#367);
#366 = CARTESIAN_POINT('',(99.875182594247,413.,340.73456877347));
#367 = VECTOR('',#368,1.);
#368 = DIRECTION('',(-0.289211049244,0.,0.957265359759));
#369 = PCURVE('',#72,#370);
#370 = DEFINITIONAL_REPRESENTATION('',(#371),#375);
#371 = LINE('',#372,#373);
#372 = CARTESIAN_POINT('',(-5.534568773473,19.875182594247));
#373 = VECTOR('',#374,1.);
#374 = DIRECTION('',(-0.957265359759,-0.289211049244));
#375 = ( GEOMETRIC_REPRESENTATION_CONTEXT(2) 
PARAMETRIC_REPRESENTATION_CONTEXT() REPRESENTATION_CONTEXT('2D SPACE',''
  ) );
#376 = PCURVE('',#377,#382);
#377 = PLANE('',#378);
#378 = AXIS2_PLACEMENT_3D('',#379,#380,#381);
#379 = CARTESIAN_POINT('',(99.875182594247,401.,340.73456877347));
#380 = DIRECTION('',(0.957265359759,-0.,0.289211049244));
#381 = DIRECTION('',(-0.289211049244,0.,0.957265359759));
#382 = DEFINITIONAL_REPRESENTATION('',(#383),#387);
#383 = LINE('',#384,#385);
#384 = CARTESIAN_POINT('',(0.,-12.));
#385 = VECTOR('',#386,1.);
#386 = DIRECTION('',(1.,0.));
#387 = ( GEOMETRIC_REPRESENTATION_CONTEXT(2) 
PARAMETRIC_REPRESENTATION_CONTEXT() REPRESENTATION_CONTEXT('2D SPACE',''
  ) );
#388 = ORIENTED_EDGE('',*,*,#389,.T.);
#389 = EDGE_CURVE('',#362,#390,#392,.T.);
#390 = VERTEX_POINT('',#391);
#391 = CARTESIAN_POINT('',(99.317182071755,413.,342.4457443696));
#392 = SURFACE_CURVE('',#393,(#397,#404),.PCURVE_S1.);
#393 = LINE('',#394,#395);
#394 = CARTESIAN_POINT('',(99.614851325167,413.,341.59624437889));
#395 = VECTOR('',#396,1.);
#396 = DIRECTION('',(-0.330691112948,0.,0.943739046462));
#397 = PCURVE('',#72,#398);
#398 = DEFINITIONAL_REPRESENTATION('',(#399),#403);
#399 = LINE('',#400,#401);
#400 = CARTESIAN_POINT('',(-6.396244378896,19.614851325167));
#401 = VECTOR('',#402,1.);
#402 = DIRECTION('',(-0.943739046462,-0.330691112948));
#403 = ( GEOMETRIC_REPRESENTATION_CONTEXT(2) 
PARAMETRIC_REPRESENTATION_CONTEXT() REPRESENTATION_CONTEXT('2D SPACE',''
  ) );
#404 = PCURVE('',#405,#410);
#405 = PLANE('',#406);
#406 = AXIS2_PLACEMENT_3D('',#407,#408,#409);
#407 = CARTESIAN_POINT('',(99.614851325167,401.,341.59624437889));
#408 = DIRECTION('',(0.943739046462,-0.,0.330691112948));
#409 = DIRECTION('',(-0.330691112948,0.,0.943739046462));
#410 = DEFINITIONAL_REPRESENTATION('',(#411),#415);
#411 = LINE('',#412,#413);
#412 = CARTESIAN_POINT('',(0.,-12.));
#413 = VECTOR('',#414,1.);
#414 = DIRECTION('',(1.,0.));
#415 = ( GEOMETRIC_REPRESENTATION_CONTEXT(2) 
PARAMETRIC_REPRESENTATION_CONTEXT() REPRESENTATION_CONTEXT('2D SPACE',''
  ) );
#416 = ORIENTED_EDGE('',*,*,#417,.T.);
#417 = EDGE_CURVE('',#390,#418,#420,.T.);
#418 = VERTEX_POINT('',#419);
#419 = CARTESIAN_POINT('',(98.982741464351,413.,343.28145167408));
#420 = SURFACE_CURVE('',#421,(#425,#432),.PCURVE_S1.);
#421 = LINE('',#422,#423);
#422 = CARTESIAN_POINT('',(99.317182071755,413.,342.4457443696));
#423 = VECTOR('',#424,1.);
#424 = DIRECTION('',(-0.371541687323,0.,0.928416272251));
#425 = PCURVE('',#72,#426);
#426 = DEFINITIONAL_REPRESENTATION('',(#427),#431);
#427 = LINE('',#428,#429);
#428 = CARTESIAN_POINT('',(-7.245744369604,19.317182071755));
#429 = VECTOR('',#430,1.);
#430 = DIRECTION('',(-0.928416272251,-0.371541687323));
#431 = ( GEOMETRIC_REPRESENTATION_CONTEXT(2) 
PARAMETRIC_REPRESENTATION_CONTEXT() REPRESENTATION_CONTEXT('2D SPACE',''
  ) );
#432 = PCURVE('',#433,#438);
#433 = PLANE('',#434);
#434 = AXIS2_PLACEMENT_3D('',#435,#436,#437);
#435 = CARTESIAN_POINT('',(99.317182071755,401.,342.4457443696));
#436 = DIRECTION('',(0.928416272251,-0.,0.371541687323));
#437 = DIRECTION('',(-0.371541687323,0.,0.928416272251));
#438 = DEFINITIONAL_REPRESENTATION('',(#439),#443);
#439 = LINE('',#440,#441);
#440 = CARTESIAN_POINT('',(0.,-12.));
#441 = VECTOR('',#442,1.);
#442 = DIRECTION('',(1.,0.));
#443 = ( GEOMETRIC_REPRESENTATION_CONTEXT(2) 
PARAMETRIC_REPRESENTATION_CONTEXT() REPRESENTATION_CONTEXT('2D SPACE',''
  ) );
#444 = ORIENTED_EDGE('',*,*,#445,.T.);
#445 = EDGE_CURVE('',#418,#446,#448,.T.);
#446 = VERTEX_POINT('',#447);
#447 = CARTESIAN_POINT('',(94.795331208547,413.,340.91540992095));
#448 = SURFACE_CURVE('',#449,(#453,#460),.PCURVE_S1.);
#449 = LINE('',#450,#451);
#450 = CARTESIAN_POINT('',(98.982741464351,413.,343.28145167408));
#451 = VECTOR('',#452,1.);
#452 = DIRECTION('',(-0.870630105165,0.,-0.49193822781));
#453 = PCURVE('',#72,#454);
#454 = DEFINITIONAL_REPRESENTATION('',(#455),#459);
#455 = LINE('',#456,#457);
#456 = CARTESIAN_POINT('',(-8.081451674085,18.982741464351));
#457 = VECTOR('',#458,1.);
#458 = DIRECTION('',(0.49193822781,-0.870630105165));
#459 = ( GEOMETRIC_REPRESENTATION_CONTEXT(2) 
PARAMETRIC_REPRESENTATION_CONTEXT() REPRESENTATION_CONTEXT('2D SPACE',''
  ) );
#460 = PCURVE('',#461,#466);
#461 = PLANE('',#462);
#462 = AXIS2_PLACEMENT_3D('',#463,#464,#465);
#463 = CARTESIAN_POINT('',(98.982741464351,401.,343.28145167408));
#464 = DIRECTION('',(-0.49193822781,0.,0.870630105165));
#465 = DIRECTION('',(-0.870630105165,0.,-0.49193822781));
#466 = DEFINITIONAL_REPRESENTATION('',(#467),#471);
#467 = LINE('',#468,#469);
#468 = CARTESIAN_POINT('',(0.,-12.));
#469 = VECTOR('',#470,1.);
#470 = DIRECTION('',(1.,0.));
#471 = ( GEOMETRIC_REPRESENTATION_CONTEXT(2) 
PARAMETRIC_REPRESENTATION_CONTEXT() REPRESENTATION_CONTEXT('2D SPACE',''
  ) );
#472 = ORIENTED_EDGE('',*,*,#473,.T.);
#473 = EDGE_CURVE('',#446,#474,#476,.T.);
#474 = VERTEX_POINT('',#475);
#475 = CARTESIAN_POINT('',(94.308557757565,413.,342.04345753501));
#476 = SURFACE_CURVE('',#477,(#481,#488),.PCURVE_S1.);
#477 = LINE('',#478,#479);
#478 = CARTESIAN_POINT('',(94.795331208547,413.,340.91540992095));
#479 = VECTOR('',#480,1.);
#480 = DIRECTION('',(-0.396204116217,0.,0.918162457462));
#481 = PCURVE('',#72,#482);
#482 = DEFINITIONAL_REPRESENTATION('',(#483),#487);
#483 = LINE('',#484,#485);
#484 = CARTESIAN_POINT('',(-5.715409920955,14.795331208547));
#485 = VECTOR('',#486,1.);
#486 = DIRECTION('',(-0.918162457462,-0.396204116217));
#487 = ( GEOMETRIC_REPRESENTATION_CONTEXT(2) 
PARAMETRIC_REPRESENTATION_CONTEXT() REPRESENTATION_CONTEXT('2D SPACE',''
  ) );
#488 = PCURVE('',#489,#494);
#489 = PLANE('',#490);
#490 = AXIS2_PLACEMENT_3D('',#491,#492,#493);
#491 = CARTESIAN_POINT('',(94.795331208547,401.,340.91540992095));
#492 = DIRECTION('',(0.918162457462,-0.,0.396204116217));
#493 = DIRECTION('',(-0.396204116217,0.,0.918162457462));
#494 = DEFINITIONAL_REPRESENTATION('',(#495),#499);
#495 = LINE('',#496,#497);
#496 = CARTESIAN_POINT('',(0.,-12.));
#497 = VECTOR('',#498,1.);
#498 = DIRECTION('',(1.,0.));
#499 = ( GEOMETRIC_REPRESENTATION_CONTEXT(2) 
PARAMETRIC_REPRESENTATION_CONTEXT() REPRESENTATION_CONTEXT('2D SPACE',''
  ) );
#500 = ORIENTED_EDGE('',*,*,#501,.T.);
#501 = EDGE_CURVE('',#474,#502,#504,.T.);
#502 = VERTEX_POINT('',#503);
#503 = CARTESIAN_POINT('',(93.735931060593,413.,343.1304434954));
#504 = SURFACE_CURVE('',#505,(#509,#516),.PCURVE_S1.);
#505 = LINE('',#506,#507);
#506 = CARTESIAN_POINT('',(94.308557757565,413.,342.04345753501));
#507 = VECTOR('',#508,1.);
#508 = DIRECTION('',(-0.466083460261,0.,0.88474075755));
#509 = PCURVE('',#72,#510);
#510 = DEFINITIONAL_REPRESENTATION('',(#511),#515);
#511 = LINE('',#512,#513);
#512 = CARTESIAN_POINT('',(-6.843457535015,14.308557757565));
#513 = VECTOR('',#514,1.);
#514 = DIRECTION('',(-0.88474075755,-0.466083460261));
#515 = ( GEOMETRIC_REPRESENTATION_CONTEXT(2) 
PARAMETRIC_REPRESENTATION_CONTEXT() REPRESENTATION_CONTEXT('2D SPACE',''
  ) );
#516 = PCURVE('',#517,#522);
#517 = PLANE('',#518);
#518 = AXIS2_PLACEMENT_3D('',#519,#520,#521);
#519 = CARTESIAN_POINT('',(94.308557757565,401.,342.04345753501));
#520 = DIRECTION('',(0.88474075755,-0.,0.466083460261));
#521 = DIRECTION('',(-0.466083460261,0.,0.88474075755));
#522 = DEFINITIONAL_REPRESENTATION('',(#523),#527);
#523 = LINE('',#524,#525);
#524 = CARTESIAN_POINT('',(0.,-12.));
#525 = VECTOR('',#526,1.);
#526 = DIRECTION('',(1.,0.));
#527 = ( GEOMETRIC_REPRESENTATION_CONTEXT(2) 
PARAMETRIC_REPRESENTATION_CONTEXT() REPRESENTATION_CONTEXT('2D SPACE',''
  ) );
#528 = ORIENTED_EDGE('',*,*,#529,.T.);
#529 = EDGE_CURVE('',#502,#530,#532,.T.);
#530 = VERTEX_POINT('',#531);
#531 = CARTESIAN_POINT('',(93.080886953826,413.,344.16984574206));
#532 = SURFACE_CURVE('',#533,(#537,#544),.PCURVE_S1.);
#533 = LINE('',#534,#535);
#534 = CARTESIAN_POINT('',(93.735931060593,413.,343.1304434954));
#535 = VECTOR('',#536,1.);
#536 = DIRECTION('',(-0.533166241671,0.,0.846010495645));
#537 = PCURVE('',#72,#538);
#538 = DEFINITIONAL_REPRESENTATION('',(#539),#543);
#539 = LINE('',#540,#541);
#540 = CARTESIAN_POINT('',(-7.930443495403,13.735931060593));
#541 = VECTOR('',#542,1.);
#542 = DIRECTION('',(-0.846010495645,-0.533166241671));
#543 = ( GEOMETRIC_REPRESENTATION_CONTEXT(2) 
PARAMETRIC_REPRESENTATION_CONTEXT() REPRESENTATION_CONTEXT('2D SPACE',''
  ) );
#544 = PCURVE('',#545,#550);
#545 = PLANE('',#546);
#546 = AXIS2_PLACEMENT_3D('',#547,#548,#549);
#547 = CARTESIAN_POINT('',(93.735931060593,401.,343.1304434954));
#548 = DIRECTION('',(0.846010495645,-0.,0.533166241671));
#549 = DIRECTION('',(-0.533166241671,0.,0.846010495645));
#550 = DEFINITIONAL_REPRESENTATION('',(#551),#555);
#551 = LINE('',#552,#553);
#552 = CARTESIAN_POINT('',(0.,-12.));
#553 = VECTOR('',#554,1.);
#554 = DIRECTION('',(1.,0.));
#555 = ( GEOMETRIC_REPRESENTATION_CONTEXT(2) 
PARAMETRIC_REPRESENTATION_CONTEXT() REPRESENTATION_CONTEXT('2D SPACE',''
  ) );
#556 = ORIENTED_EDGE('',*,*,#557,.T.);
#557 = EDGE_CURVE('',#530,#558,#560,.T.);
#558 = VERTEX_POINT('',#559);
#559 = CARTESIAN_POINT('',(92.347355788862,413.,345.15542772352));
#560 = SURFACE_CURVE('',#561,(#565,#572),.PCURVE_S1.);
#561 = LINE('',#562,#563);
#562 = CARTESIAN_POINT('',(93.080886953826,413.,344.16984574206));
#563 = VECTOR('',#564,1.);
#564 = DIRECTION('',(-0.597049954854,0.,0.802204058459));
#565 = PCURVE('',#72,#566);
#566 = DEFINITIONAL_REPRESENTATION('',(#567),#571);
#567 = LINE('',#568,#569);
#568 = CARTESIAN_POINT('',(-8.969845742061,13.080886953826));
#569 = VECTOR('',#570,1.);
#570 = DIRECTION('',(-0.802204058459,-0.597049954854));
#571 = ( GEOMETRIC_REPRESENTATION_CONTEXT(2) 
PARAMETRIC_REPRESENTATION_CONTEXT() REPRESENTATION_CONTEXT('2D SPACE',''
  ) );
#572 = PCURVE('',#573,#578);
#573 = PLANE('',#574);
#574 = AXIS2_PLACEMENT_3D('',#575,#576,#577);
#575 = CARTESIAN_POINT('',(93.080886953826,401.,344.16984574206));
#576 = DIRECTION('',(0.802204058459,-0.,0.597049954854));
#577 = DIRECTION('',(-0.597049954854,0.,0.802204058459));
#578 = DEFINITIONAL_REPRESENTATION('',(#579),#583);
#579 = LINE('',#580,#581);
#580 = CARTESIAN_POINT('',(0.,-12.));
#581 = VECTOR('',#582,1.);
#582 = DIRECTION('',(1.,0.));
#583 = ( GEOMETRIC_REPRESENTATION_CONTEXT(2) 
PARAMETRIC_REPRESENTATION_CONTEXT() REPRESENTATION_CONTEXT('2D SPACE',''
  ) );
#584 = ORIENTED_EDGE('',*,*,#585,.T.);
#585 = EDGE_CURVE('',#558,#586,#588,.T.);
#586 = VERTEX_POINT('',#587);
#587 = CARTESIAN_POINT('',(93.196865949636,413.,346.00115932635));
#588 = SURFACE_CURVE('',#589,(#593,#600),.PCURVE_S1.);
#589 = LINE('',#590,#591);
#590 = CARTESIAN_POINT('',(92.347355788862,413.,345.15542772352));
#591 = VECTOR('',#592,1.);
#592 = DIRECTION('',(0.708681105109,0.,0.705528944312));
#593 = PCURVE('',#72,#594);
#594 = DEFINITIONAL_REPRESENTATION('',(#595),#599);
#595 = LINE('',#596,#597);
#596 = CARTESIAN_POINT('',(-9.955427723529,12.347355788862));
#597 = VECTOR('',#598,1.);
#598 = DIRECTION('',(-0.705528944312,0.708681105109));
#599 = ( GEOMETRIC_REPRESENTATION_CONTEXT(2) 
PARAMETRIC_REPRESENTATION_CONTEXT() REPRESENTATION_CONTEXT('2D SPACE',''
  ) );
#600 = PCURVE('',#601,#606);
#601 = PLANE('',#602);
#602 = AXIS2_PLACEMENT_3D('',#603,#604,#605);
#603 = CARTESIAN_POINT('',(92.347355788862,401.,345.15542772352));
#604 = DIRECTION('',(0.705528944312,0.,-0.708681105109));
#605 = DIRECTION('',(0.708681105109,0.,0.705528944312));
#606 = DEFINITIONAL_REPRESENTATION('',(#607),#611);
#607 = LINE('',#608,#609);
#608 = CARTESIAN_POINT('',(0.,-12.));
#609 = VECTOR('',#610,1.);
#610 = DIRECTION('',(1.,0.));
#611 = ( GEOMETRIC_REPRESENTATION_CONTEXT(2) 
PARAMETRIC_REPRESENTATION_CONTEXT() REPRESENTATION_CONTEXT('2D SPACE',''
  ) );
#612 = ORIENTED_EDGE('',*,*,#613,.T.);
#613 = EDGE_CURVE('',#586,#614,#616,.T.);
#614 = VERTEX_POINT('',#615);
#615 = CARTESIAN_POINT('',(94.034576499576,413.,346.85985713613));
#616 = SURFACE_CURVE('',#617,(#621,#628),.PCURVE_S1.);
#617 = LINE('',#618,#619);
#618 = CARTESIAN_POINT('',(93.196865949636,413.,346.00115932635));
#619 = VECTOR('',#620,1.);
#620 = DIRECTION('',(0.698305311793,0.,0.715800035989));
#621 = PCURVE('',#72,#622);
#622 = DEFINITIONAL_REPRESENTATION('',(#623),#627);
#623 = LINE('',#624,#625);
#624 = CARTESIAN_POINT('',(-10.80115932635,13.196865949636));
#625 = VECTOR('',#626,1.);
#626 = DIRECTION('',(-0.715800035989,0.698305311793));
#627 = ( GEOMETRIC_REPRESENTATION_CONTEXT(2) 
PARAMETRIC_REPRESENTATION_CONTEXT() REPRESENTATION_CONTEXT('2D SPACE',''
  ) );
#628 = PCURVE('',#629,#634);
#629 = PLANE('',#630);
#630 = AXIS2_PLACEMENT_3D('',#631,#632,#633);
#631 = CARTESIAN_POINT('',(93.196865949636,401.,346.00115932635));
#632 = DIRECTION('',(0.715800035989,0.,-0.698305311793));
#633 = DIRECTION('',(0.698305311793,0.,0.715800035989));
#634 = DEFINITIONAL_REPRESENTATION('',(#635),#639);
#635 = LINE('',#636,#637);
#636 = CARTESIAN_POINT('',(0.,-12.));
#637 = VECTOR('',#638,1.);
#638 = DIRECTION('',(1.,0.));
#639 = ( GEOMETRIC_REPRESENTATION_CONTEXT(2) 
PARAMETRIC_REPRESENTATION_CONTEXT() REPRESENTATION_CONTEXT('2D SPACE',''
  ) );
#640 = ORIENTED_EDGE('',*,*,#641,.T.);
#641 = EDGE_CURVE('',#614,#642,#644,.T.);
#642 = VERTEX_POINT('',#643);
#643 = CARTESIAN_POINT('',(94.860343165246,413.,347.73139313727));
#644 = SURFACE_CURVE('',#645,(#649,#656),.PCURVE_S1.);
#645 = LINE('',#646,#647);
#646 = CARTESIAN_POINT('',(94.034576499576,413.,346.85985713613));
#647 = VECTOR('',#648,1.);
#648 = DIRECTION('',(0.687788971908,0.,0.725910690183));
#649 = PCURVE('',#72,#650);
#650 = DEFINITIONAL_REPRESENTATION('',(#651),#655);
#651 = LINE('',#652,#653);
#652 = CARTESIAN_POINT('',(-11.65985713613,14.034576499576));
#653 = VECTOR('',#654,1.);
#654 = DIRECTION('',(-0.725910690183,0.687788971908));
#655 = ( GEOMETRIC_REPRESENTATION_CONTEXT(2) 
PARAMETRIC_REPRESENTATION_CONTEXT() REPRESENTATION_CONTEXT('2D SPACE',''
  ) );
#656 = PCURVE('',#657,#662);
#657 = PLANE('',#658);
#658 = AXIS2_PLACEMENT_3D('',#659,#660,#661);
#659 = CARTESIAN_POINT('',(94.034576499576,401.,346.85985713613));
#660 = DIRECTION('',(0.725910690183,0.,-0.687788971908));
#661 = DIRECTION('',(0.687788971908,0.,0.725910690183));
#662 = DEFINITIONAL_REPRESENTATION('',(#663),#667);
#663 = LINE('',#664,#665);
#664 = CARTESIAN_POINT('',(0.,-12.));
#665 = VECTOR('',#666,1.);
#666 = DIRECTION('',(1.,0.));
#667 = ( GEOMETRIC_REPRESENTATION_CONTEXT(2) 
PARAMETRIC_REPRESENTATION_CONTEXT() REPRESENTATION_CONTEXT('2D SPACE',''
  ) );
#668 = ORIENTED_EDGE('',*,*,#669,.T.);
#669 = EDGE_CURVE('',#642,#670,#672,.T.);
#670 = VERTEX_POINT('',#671);
#671 = CARTESIAN_POINT('',(95.073922816488,413.,349.28656045972));
#672 = SURFACE_CURVE('',#673,(#677,#684),.PCURVE_S1.);
#673 = LINE('',#674,#675);
#674 = CARTESIAN_POINT('',(94.860343165246,413.,347.73139313727));
#675 = VECTOR('',#676,1.);
#676 = DIRECTION('',(0.136058373289,0.,0.990700822175));
#677 = PCURVE('',#72,#678);
#678 = DEFINITIONAL_REPRESENTATION('',(#679),#683);
#679 = LINE('',#680,#681);
#680 = CARTESIAN_POINT('',(-12.53139313727,14.860343165246));
#681 = VECTOR('',#682,1.);
#682 = DIRECTION('',(-0.990700822175,0.136058373289));
#683 = ( GEOMETRIC_REPRESENTATION_CONTEXT(2) 
PARAMETRIC_REPRESENTATION_CONTEXT() REPRESENTATION_CONTEXT('2D SPACE',''
  ) );
#684 = PCURVE('',#685,#690);
#685 = PLANE('',#686);
#686 = AXIS2_PLACEMENT_3D('',#687,#688,#689);
#687 = CARTESIAN_POINT('',(94.860343165246,401.,347.73139313727));
#688 = DIRECTION('',(0.990700822175,0.,-0.136058373289));
#689 = DIRECTION('',(0.136058373289,0.,0.990700822175));
#690 = DEFINITIONAL_REPRESENTATION('',(#691),#695);
#691 = LINE('',#692,#693);
#692 = CARTESIAN_POINT('',(0.,-12.));
#693 = VECTOR('',#694,1.);
#694 = DIRECTION('',(1.,0.));
#695 = ( GEOMETRIC_REPRESENTATION_CONTEXT(2) 
PARAMETRIC_REPRESENTATION_CONTEXT() REPRESENTATION_CONTEXT('2D SPACE',''
  ) );
#696 = ORIENTED_EDGE('',*,*,#697,.T.);
#697 = EDGE_CURVE('',#670,#698,#700,.T.);
#698 = VERTEX_POINT('',#699);
#699 = CARTESIAN_POINT('',(94.445128644736,413.,349.93066845394));
#700 = SURFACE_CURVE('',#701,(#705,#712),.PCURVE_S1.);
#701 = LINE('',#702,#703);
#702 = CARTESIAN_POINT('',(95.073922816488,413.,349.28656045972));
#703 = VECTOR('',#704,1.);
#704 = DIRECTION('',(-0.698549286121,0.,0.715561943412));
#705 = PCURVE('',#72,#706);
#706 = DEFINITIONAL_REPRESENTATION('',(#707),#711);
#707 = LINE('',#708,#709);
#708 = CARTESIAN_POINT('',(-14.08656045972,15.073922816488));
#709 = VECTOR('',#710,1.);
#710 = DIRECTION('',(-0.715561943412,-0.698549286121));
#711 = ( GEOMETRIC_REPRESENTATION_CONTEXT(2) 
PARAMETRIC_REPRESENTATION_CONTEXT() REPRESENTATION_CONTEXT('2D SPACE',''
  ) );
#712 = PCURVE('',#713,#718);
#713 = PLANE('',#714);
#714 = AXIS2_PLACEMENT_3D('',#715,#716,#717);
#715 = CARTESIAN_POINT('',(95.073922816488,401.,349.28656045972));
#716 = DIRECTION('',(0.715561943412,-0.,0.698549286121));
#717 = DIRECTION('',(-0.698549286121,0.,0.715561943412));
#718 = DEFINITIONAL_REPRESENTATION('',(#719),#723);
#719 = LINE('',#720,#721);
#720 = CARTESIAN_POINT('',(0.,-12.));
#721 = VECTOR('',#722,1.);
#722 = DIRECTION('',(1.,0.));
#723 = ( GEOMETRIC_REPRESENTATION_CONTEXT(2) 
PARAMETRIC_REPRESENTATION_CONTEXT() REPRESENTATION_CONTEXT('2D SPACE',''
  ) );
#724 = ORIENTED_EDGE('',*,*,#725,.T.);
#725 = EDGE_CURVE('',#698,#726,#728,.T.);
#726 = VERTEX_POINT('',#727);
#727 = CARTESIAN_POINT('',(93.788837349602,413.,350.54673578352));
#728 = SURFACE_CURVE('',#729,(#733,#740),.PCURVE_S1.);
#729 = LINE('',#730,#731);
#730 = CARTESIAN_POINT('',(94.445128644736,413.,349.93066845394));
#731 = VECTOR('',#732,1.);
#732 = DIRECTION('',(-0.72909679558,0.,0.684410595092));
#733 = PCURVE('',#72,#734);
#734 = DEFINITIONAL_REPRESENTATION('',(#735),#739);
#735 = LINE('',#736,#737);
#736 = CARTESIAN_POINT('',(-14.73066845394,14.445128644736));
#737 = VECTOR('',#738,1.);
#738 = DIRECTION('',(-0.684410595092,-0.72909679558));
#739 = ( GEOMETRIC_REPRESENTATION_CONTEXT(2) 
PARAMETRIC_REPRESENTATION_CONTEXT() REPRESENTATION_CONTEXT('2D SPACE',''
  ) );
#740 = PCURVE('',#741,#746);
#741 = PLANE('',#742);
#742 = AXIS2_PLACEMENT_3D('',#743,#744,#745);
#743 = CARTESIAN_POINT('',(94.445128644736,401.,349.93066845394));
#744 = DIRECTION('',(0.684410595092,-0.,0.72909679558));
#745 = DIRECTION('',(-0.72909679558,0.,0.684410595092));
#746 = DEFINITIONAL_REPRESENTATION('',(#747),#751);
#747 = LINE('',#748,#749);
#748 = CARTESIAN_POINT('',(0.,-12.));
#749 = VECTOR('',#750,1.);
#750 = DIRECTION('',(1.,0.));
#751 = ( GEOMETRIC_REPRESENTATION_CONTEXT(2) 
PARAMETRIC_REPRESENTATION_CONTEXT() REPRESENTATION_CONTEXT('2D SPACE',''
  ) );
#752 = ORIENTED_EDGE('',*,*,#753,.T.);
#753 = EDGE_CURVE('',#726,#754,#756,.T.);
#754 = VERTEX_POINT('',#755);
#755 = CARTESIAN_POINT('',(93.106298218867,413.,351.13358972928));
#756 = SURFACE_CURVE('',#757,(#761,#768),.PCURVE_S1.);
#757 = LINE('',#758,#759);
#758 = CARTESIAN_POINT('',(93.788837349602,413.,350.54673578352));
#759 = VECTOR('',#760,1.);
#760 = DIRECTION('',(-0.75825642785,0.,0.651956432306));
#761 = PCURVE('',#72,#762);
#762 = DEFINITIONAL_REPRESENTATION('',(#763),#767);
#763 = LINE('',#764,#765);
#764 = CARTESIAN_POINT('',(-15.34673578352,13.788837349602));
#765 = VECTOR('',#766,1.);
#766 = DIRECTION('',(-0.651956432306,-0.75825642785));
#767 = ( GEOMETRIC_REPRESENTATION_CONTEXT(2) 
PARAMETRIC_REPRESENTATION_CONTEXT() REPRESENTATION_CONTEXT('2D SPACE',''
  ) );
#768 = PCURVE('',#769,#774);
#769 = PLANE('',#770);
#770 = AXIS2_PLACEMENT_3D('',#771,#772,#773);
#771 = CARTESIAN_POINT('',(93.788837349602,401.,350.54673578352));
#772 = DIRECTION('',(0.651956432306,-0.,0.75825642785));
#773 = DIRECTION('',(-0.75825642785,0.,0.651956432306));
#774 = DEFINITIONAL_REPRESENTATION('',(#775),#779);
#775 = LINE('',#776,#777);
#776 = CARTESIAN_POINT('',(0.,-12.));
#777 = VECTOR('',#778,1.);
#778 = DIRECTION('',(1.,0.));
#779 = ( GEOMETRIC_REPRESENTATION_CONTEXT(2) 
PARAMETRIC_REPRESENTATION_CONTEXT() REPRESENTATION_CONTEXT('2D SPACE',''
  ) );
#780 = ORIENTED_EDGE('',*,*,#781,.T.);
#781 = EDGE_CURVE('',#754,#782,#784,.T.);
#782 = VERTEX_POINT('',#783);
#783 = CARTESIAN_POINT('',(92.398810504558,413.,351.69011318138));
#784 = SURFACE_CURVE('',#785,(#789,#796),.PCURVE_S1.);
#785 = LINE('',#786,#787);
#786 = CARTESIAN_POINT('',(93.106298218867,413.,351.13358972928));
#787 = VECTOR('',#788,1.);
#788 = DIRECTION('',(-0.785972675912,0.,0.618261233395));
#789 = PCURVE('',#72,#790);
#790 = DEFINITIONAL_REPRESENTATION('',(#791),#795);
#791 = LINE('',#792,#793);
#792 = CARTESIAN_POINT('',(-15.93358972928,13.106298218867));
#793 = VECTOR('',#794,1.);
#794 = DIRECTION('',(-0.618261233395,-0.785972675912));
#795 = ( GEOMETRIC_REPRESENTATION_CONTEXT(2) 
PARAMETRIC_REPRESENTATION_CONTEXT() REPRESENTATION_CONTEXT('2D SPACE',''
  ) );
#796 = PCURVE('',#797,#802);
#797 = PLANE('',#798);
#798 = AXIS2_PLACEMENT_3D('',#799,#800,#801);
#799 = CARTESIAN_POINT('',(93.106298218867,401.,351.13358972928));
#800 = DIRECTION('',(0.618261233395,-0.,0.785972675912));
#801 = DIRECTION('',(-0.785972675912,0.,0.618261233395));
#802 = DEFINITIONAL_REPRESENTATION('',(#803),#807);
#803 = LINE('',#804,#805);
#804 = CARTESIAN_POINT('',(0.,-12.));
#805 = VECTOR('',#806,1.);
#806 = DIRECTION('',(1.,0.));
#807 = ( GEOMETRIC_REPRESENTATION_CONTEXT(2) 
PARAMETRIC_REPRESENTATION_CONTEXT() REPRESENTATION_CONTEXT('2D SPACE',''
  ) );
#808 = ORIENTED_EDGE('',*,*,#809,.T.);
#809 = EDGE_CURVE('',#782,#810,#812,.T.);
#810 = VERTEX_POINT('',#811);
#811 = CARTESIAN_POINT('',(89.955427723529,413.,347.54735578886));
#812 = SURFACE_CURVE('',#813,(#817,#824),.PCURVE_S1.);
#813 = LINE('',#814,#815);
#814 = CARTESIAN_POINT('',(92.398810504558,413.,351.69011318138));
#815 = VECTOR('',#816,1.);
#816 = DIRECTION('',(-0.508018674468,0.,-0.861346054958));
#817 = PCURVE('',#72,#818);
#818 = DEFINITIONAL_REPRESENTATION('',(#819),#823);
#819 = LINE('',#820,#821);
#820 = CARTESIAN_POINT('',(-16.49011318138,12.398810504558));
#821 = VECTOR('',#822,1.);
#822 = DIRECTION('',(0.861346054958,-0.508018674468));
#823 = ( GEOMETRIC_REPRESENTATION_CONTEXT(2) 
PARAMETRIC_REPRESENTATION_CONTEXT() REPRESENTATION_CONTEXT('2D SPACE',''
  ) );
#824 = PCURVE('',#825,#830);
#825 = PLANE('',#826);
#826 = AXIS2_PLACEMENT_3D('',#827,#828,#829);
#827 = CARTESIAN_POINT('',(92.398810504558,401.,351.69011318138));
#828 = DIRECTION('',(-0.861346054958,0.,0.508018674468));
#829 = DIRECTION('',(-0.508018674468,0.,-0.861346054958));
#830 = DEFINITIONAL_REPRESENTATION('',(#831),#835);
#831 = LINE('',#832,#833);
#832 = CARTESIAN_POINT('',(0.,-12.));
#833 = VECTOR('',#834,1.);
#834 = DIRECTION('',(1.,0.));
#835 = ( GEOMETRIC_REPRESENTATION_CONTEXT(2) 
PARAMETRIC_REPRESENTATION_CONTEXT() REPRESENTATION_CONTEXT('2D SPACE',''
  ) );
#836 = ORIENTED_EDGE('',*,*,#837,.T.);
#837 = EDGE_CURVE('',#810,#838,#840,.T.);
#838 = VERTEX_POINT('',#839);
#839 = CARTESIAN_POINT('',(88.969845742061,413.,348.28088695382));
#840 = SURFACE_CURVE('',#841,(#845,#852),.PCURVE_S1.);
#841 = LINE('',#842,#843);
#842 = CARTESIAN_POINT('',(89.955427723529,413.,347.54735578886));
#843 = VECTOR('',#844,1.);
#844 = DIRECTION('',(-0.802204058459,0.,0.597049954854));
#845 = PCURVE('',#72,#846);
#846 = DEFINITIONAL_REPRESENTATION('',(#847),#851);
#847 = LINE('',#848,#849);
#848 = CARTESIAN_POINT('',(-12.34735578886,9.955427723529));
#849 = VECTOR('',#850,1.);
#850 = DIRECTION('',(-0.597049954854,-0.802204058459));
#851 = ( GEOMETRIC_REPRESENTATION_CONTEXT(2) 
PARAMETRIC_REPRESENTATION_CONTEXT() REPRESENTATION_CONTEXT('2D SPACE',''
  ) );
#852 = PCURVE('',#853,#858);
#853 = PLANE('',#854);
#854 = AXIS2_PLACEMENT_3D('',#855,#856,#857);
#855 = CARTESIAN_POINT('',(89.955427723529,401.,347.54735578886));
#856 = DIRECTION('',(0.597049954854,-0.,0.802204058459));
#857 = DIRECTION('',(-0.802204058459,0.,0.597049954854));
#858 = DEFINITIONAL_REPRESENTATION('',(#859),#863);
#859 = LINE('',#860,#861);
#860 = CARTESIAN_POINT('',(0.,-12.));
#861 = VECTOR('',#862,1.);
#862 = DIRECTION('',(1.,0.));
#863 = ( GEOMETRIC_REPRESENTATION_CONTEXT(2) 
PARAMETRIC_REPRESENTATION_CONTEXT() REPRESENTATION_CONTEXT('2D SPACE',''
  ) );
#864 = ORIENTED_EDGE('',*,*,#865,.T.);
#865 = EDGE_CURVE('',#838,#866,#868,.T.);
#866 = VERTEX_POINT('',#867);
#867 = CARTESIAN_POINT('',(87.930443495403,413.,348.93593106059));
#868 = SURFACE_CURVE('',#869,(#873,#880),.PCURVE_S1.);
#869 = LINE('',#870,#871);
#870 = CARTESIAN_POINT('',(88.969845742061,413.,348.28088695382));
#871 = VECTOR('',#872,1.);
#872 = DIRECTION('',(-0.846010495645,0.,0.533166241671));
#873 = PCURVE('',#72,#874);
#874 = DEFINITIONAL_REPRESENTATION('',(#875),#879);
#875 = LINE('',#876,#877);
#876 = CARTESIAN_POINT('',(-13.08088695382,8.969845742061));
#877 = VECTOR('',#878,1.);
#878 = DIRECTION('',(-0.533166241671,-0.846010495645));
#879 = ( GEOMETRIC_REPRESENTATION_CONTEXT(2) 
PARAMETRIC_REPRESENTATION_CONTEXT() REPRESENTATION_CONTEXT('2D SPACE',''
  ) );
#880 = PCURVE('',#881,#886);
#881 = PLANE('',#882);
#882 = AXIS2_PLACEMENT_3D('',#883,#884,#885);
#883 = CARTESIAN_POINT('',(88.969845742061,401.,348.28088695382));
#884 = DIRECTION('',(0.533166241671,-0.,0.846010495645));
#885 = DIRECTION('',(-0.846010495645,0.,0.533166241671));
#886 = DEFINITIONAL_REPRESENTATION('',(#887),#891);
#887 = LINE('',#888,#889);
#888 = CARTESIAN_POINT('',(0.,-12.));
#889 = VECTOR('',#890,1.);
#890 = DIRECTION('',(1.,0.));
#891 = ( GEOMETRIC_REPRESENTATION_CONTEXT(2) 
PARAMETRIC_REPRESENTATION_CONTEXT() REPRESENTATION_CONTEXT('2D SPACE',''
  ) );
#892 = ORIENTED_EDGE('',*,*,#893,.T.);
#893 = EDGE_CURVE('',#866,#894,#896,.T.);
#894 = VERTEX_POINT('',#895);
#895 = CARTESIAN_POINT('',(86.843457535015,413.,349.50855775756));
#896 = SURFACE_CURVE('',#897,(#901,#908),.PCURVE_S1.);
#897 = LINE('',#898,#899);
#898 = CARTESIAN_POINT('',(87.930443495403,413.,348.93593106059));
#899 = VECTOR('',#900,1.);
#900 = DIRECTION('',(-0.88474075755,0.,0.466083460261));
#901 = PCURVE('',#72,#902);
#902 = DEFINITIONAL_REPRESENTATION('',(#903),#907);
#903 = LINE('',#904,#905);
#904 = CARTESIAN_POINT('',(-13.73593106059,7.930443495403));
#905 = VECTOR('',#906,1.);
#906 = DIRECTION('',(-0.466083460261,-0.88474075755));
#907 = ( GEOMETRIC_REPRESENTATION_CONTEXT(2) 
PARAMETRIC_REPRESENTATION_CONTEXT() REPRESENTATION_CONTEXT('2D SPACE',''
  ) );
#908 = PCURVE('',#909,#914);
#909 = PLANE('',#910);
#910 = AXIS2_PLACEMENT_3D('',#911,#912,#913);
#911 = CARTESIAN_POINT('',(87.930443495403,401.,348.93593106059));
#912 = DIRECTION('',(0.466083460261,-0.,0.88474075755));
#913 = DIRECTION('',(-0.88474075755,0.,0.466083460261));
#914 = DEFINITIONAL_REPRESENTATION('',(#915),#919);
#915 = LINE('',#916,#917);
#916 = CARTESIAN_POINT('',(0.,-12.));
#917 = VECTOR('',#918,1.);
#918 = DIRECTION('',(1.,0.));
#919 = ( GEOMETRIC_REPRESENTATION_CONTEXT(2) 
PARAMETRIC_REPRESENTATION_CONTEXT() REPRESENTATION_CONTEXT('2D SPACE',''
  ) );
#920 = ORIENTED_EDGE('',*,*,#921,.T.);
#921 = EDGE_CURVE('',#894,#922,#924,.T.);
#922 = VERTEX_POINT('',#923);
#923 = CARTESIAN_POINT('',(85.715409920955,413.,349.99533120854));
#924 = SURFACE_CURVE('',#925,(#929,#936),.PCURVE_S1.);
#925 = LINE('',#926,#927);
#926 = CARTESIAN_POINT('',(86.843457535015,413.,349.50855775756));
#927 = VECTOR('',#928,1.);
#928 = DIRECTION('',(-0.918162457462,0.,0.396204116217));
#929 = PCURVE('',#72,#930);
#930 = DEFINITIONAL_REPRESENTATION('',(#931),#935);
#931 = LINE('',#932,#933);
#932 = CARTESIAN_POINT('',(-14.30855775756,6.843457535015));
#933 = VECTOR('',#934,1.);
#934 = DIRECTION('',(-0.396204116217,-0.918162457462));
#935 = ( GEOMETRIC_REPRESENTATION_CONTEXT(2) 
PARAMETRIC_REPRESENTATION_CONTEXT() REPRESENTATION_CONTEXT('2D SPACE',''
  ) );
#936 = PCURVE('',#937,#942);
#937 = PLANE('',#938);
#938 = AXIS2_PLACEMENT_3D('',#939,#940,#941);
#939 = CARTESIAN_POINT('',(86.843457535015,401.,349.50855775756));
#940 = DIRECTION('',(0.396204116217,-0.,0.918162457462));
#941 = DIRECTION('',(-0.918162457462,0.,0.396204116217));
#942 = DEFINITIONAL_REPRESENTATION('',(#943),#947);
#943 = LINE('',#944,#945);
#944 = CARTESIAN_POINT('',(0.,-12.));
#945 = VECTOR('',#946,1.);
#946 = DIRECTION('',(1.,0.));
#947 = ( GEOMETRIC_REPRESENTATION_CONTEXT(2) 
PARAMETRIC_REPRESENTATION_CONTEXT() REPRESENTATION_CONTEXT('2D SPACE',''
  ) );
#948 = ORIENTED_EDGE('',*,*,#949,.T.);
#949 = EDGE_CURVE('',#922,#950,#952,.T.);
#950 = VERTEX_POINT('',#951);
#951 = CARTESIAN_POINT('',(86.028241499548,413.,351.15251134176));
#952 = SURFACE_CURVE('',#953,(#957,#964),.PCURVE_S1.);
#953 = LINE('',#954,#955);
#954 = CARTESIAN_POINT('',(85.715409920955,413.,349.99533120854));
#955 = VECTOR('',#956,1.);
#956 = DIRECTION('',(0.26097136805,0.,0.965346541434));
#957 = PCURVE('',#72,#958);
#958 = DEFINITIONAL_REPRESENTATION('',(#959),#963);
#959 = LINE('',#960,#961);
#960 = CARTESIAN_POINT('',(-14.79533120854,5.715409920955));
#961 = VECTOR('',#962,1.);
#962 = DIRECTION('',(-0.965346541434,0.26097136805));
#963 = ( GEOMETRIC_REPRESENTATION_CONTEXT(2) 
PARAMETRIC_REPRESENTATION_CONTEXT() REPRESENTATION_CONTEXT('2D SPACE',''
  ) );
#964 = PCURVE('',#965,#970);
#965 = PLANE('',#966);
#966 = AXIS2_PLACEMENT_3D('',#967,#968,#969);
#967 = CARTESIAN_POINT('',(85.715409920955,401.,349.99533120854));
#968 = DIRECTION('',(0.965346541434,0.,-0.26097136805));
#969 = DIRECTION('',(0.26097136805,0.,0.965346541434));
#970 = DEFINITIONAL_REPRESENTATION('',(#971),#975);
#971 = LINE('',#972,#973);
#972 = CARTESIAN_POINT('',(0.,-12.));
#973 = VECTOR('',#974,1.);
#974 = DIRECTION('',(1.,0.));
#975 = ( GEOMETRIC_REPRESENTATION_CONTEXT(2) 
PARAMETRIC_REPRESENTATION_CONTEXT() REPRESENTATION_CONTEXT('2D SPACE',''
  ) );
#976 = ORIENTED_EDGE('',*,*,#977,.T.);
#977 = EDGE_CURVE('',#950,#978,#980,.T.);
#978 = VERTEX_POINT('',#979);
#979 = CARTESIAN_POINT('',(86.324371211923,413.,352.31502073417));
#980 = SURFACE_CURVE('',#981,(#985,#992),.PCURVE_S1.);
#981 = LINE('',#982,#983);
#982 = CARTESIAN_POINT('',(86.028241499548,413.,351.15251134176));
#983 = VECTOR('',#984,1.);
#984 = DIRECTION('',(0.246850121616,0.,0.969053671093));
#985 = PCURVE('',#72,#986);
#986 = DEFINITIONAL_REPRESENTATION('',(#987),#991);
#987 = LINE('',#988,#989);
#988 = CARTESIAN_POINT('',(-15.95251134176,6.028241499548));
#989 = VECTOR('',#990,1.);
#990 = DIRECTION('',(-0.969053671093,0.246850121616));
#991 = ( GEOMETRIC_REPRESENTATION_CONTEXT(2) 
PARAMETRIC_REPRESENTATION_CONTEXT() REPRESENTATION_CONTEXT('2D SPACE',''
  ) );
#992 = PCURVE('',#993,#998);
#993 = PLANE('',#994);
#994 = AXIS2_PLACEMENT_3D('',#995,#996,#997);
#995 = CARTESIAN_POINT('',(86.028241499548,401.,351.15251134176));
#996 = DIRECTION('',(0.969053671093,0.,-0.246850121616));
#997 = DIRECTION('',(0.246850121616,0.,0.969053671093));
#998 = DEFINITIONAL_REPRESENTATION('',(#999),#1003);
#999 = LINE('',#1000,#1001);
#1000 = CARTESIAN_POINT('',(0.,-12.));
#1001 = VECTOR('',#1002,1.);
#1002 = DIRECTION('',(1.,0.));
#1003 = ( GEOMETRIC_REPRESENTATION_CONTEXT(2) 
PARAMETRIC_REPRESENTATION_CONTEXT() REPRESENTATION_CONTEXT('2D SPACE',''
  ) );
#1004 = ORIENTED_EDGE('',*,*,#1005,.T.);
#1005 = EDGE_CURVE('',#978,#1006,#1008,.T.);
#1006 = VERTEX_POINT('',#1007);
#1007 = CARTESIAN_POINT('',(86.603738121421,413.,353.48267638431));
#1008 = SURFACE_CURVE('',#1009,(#1013,#1020),.PCURVE_S1.);
#1009 = LINE('',#1010,#1011);
#1010 = CARTESIAN_POINT('',(86.324371211923,413.,352.31502073417));
#1011 = VECTOR('',#1012,1.);
#1012 = DIRECTION('',(0.232687377023,0.,0.972551584531));
#1013 = PCURVE('',#72,#1014);
#1014 = DEFINITIONAL_REPRESENTATION('',(#1015),#1019);
#1015 = LINE('',#1016,#1017);
#1016 = CARTESIAN_POINT('',(-17.11502073417,6.324371211923));
#1017 = VECTOR('',#1018,1.);
#1018 = DIRECTION('',(-0.972551584531,0.232687377023));
#1019 = ( GEOMETRIC_REPRESENTATION_CONTEXT(2) 
PARAMETRIC_REPRESENTATION_CONTEXT() REPRESENTATION_CONTEXT('2D SPACE',''
  ) );
#1020 = PCURVE('',#1021,#1026);
#1021 = PLANE('',#1022);
#1022 = AXIS2_PLACEMENT_3D('',#1023,#1024,#1025);
#1023 = CARTESIAN_POINT('',(86.324371211923,401.,352.31502073417));
#1024 = DIRECTION('',(0.972551584531,0.,-0.232687377023));
#1025 = DIRECTION('',(0.232687377023,0.,0.972551584531));
#1026 = DEFINITIONAL_REPRESENTATION('',(#1027),#1031);
#1027 = LINE('',#1028,#1029);
#1028 = CARTESIAN_POINT('',(0.,-12.));
#1029 = VECTOR('',#1030,1.);
#1030 = DIRECTION('',(1.,0.));
#1031 = ( GEOMETRIC_REPRESENTATION_CONTEXT(2) 
PARAMETRIC_REPRESENTATION_CONTEXT() REPRESENTATION_CONTEXT('2D SPACE',''
  ) );
#1032 = ORIENTED_EDGE('',*,*,#1033,.T.);
#1033 = EDGE_CURVE('',#1006,#1034,#1036,.T.);
#1034 = VERTEX_POINT('',#1035);
#1035 = CARTESIAN_POINT('',(86.011119863901,413.,354.93628061831));
#1036 = SURFACE_CURVE('',#1037,(#1041,#1048),.PCURVE_S1.);
#1037 = LINE('',#1038,#1039);
#1038 = CARTESIAN_POINT('',(86.603738121421,413.,353.48267638431));
#1039 = VECTOR('',#1040,1.);
#1040 = DIRECTION('',(-0.377520403422,0.,0.926001266198));
#1041 = PCURVE('',#72,#1042);
#1042 = DEFINITIONAL_REPRESENTATION('',(#1043),#1047);
#1043 = LINE('',#1044,#1045);
#1044 = CARTESIAN_POINT('',(-18.28267638431,6.603738121421));
#1045 = VECTOR('',#1046,1.);
#1046 = DIRECTION('',(-0.926001266198,-0.377520403422));
#1047 = ( GEOMETRIC_REPRESENTATION_CONTEXT(2) 
PARAMETRIC_REPRESENTATION_CONTEXT() REPRESENTATION_CONTEXT('2D SPACE',''
  ) );
#1048 = PCURVE('',#1049,#1054);
#1049 = PLANE('',#1050);
#1050 = AXIS2_PLACEMENT_3D('',#1051,#1052,#1053);
#1051 = CARTESIAN_POINT('',(86.603738121421,401.,353.48267638431));
#1052 = DIRECTION('',(0.926001266198,-0.,0.377520403422));
#1053 = DIRECTION('',(-0.377520403422,0.,0.926001266198));
#1054 = DEFINITIONAL_REPRESENTATION('',(#1055),#1059);
#1055 = LINE('',#1056,#1057);
#1056 = CARTESIAN_POINT('',(0.,-12.));
#1057 = VECTOR('',#1058,1.);
#1058 = DIRECTION('',(1.,0.));
#1059 = ( GEOMETRIC_REPRESENTATION_CONTEXT(2) 
PARAMETRIC_REPRESENTATION_CONTEXT() REPRESENTATION_CONTEXT('2D SPACE',''
  ) );
#1060 = ORIENTED_EDGE('',*,*,#1061,.T.);
#1061 = EDGE_CURVE('',#1034,#1062,#1064,.T.);
#1062 = VERTEX_POINT('',#1063);
#1063 = CARTESIAN_POINT('',(85.144514140304,413.,355.1796974182));
#1064 = SURFACE_CURVE('',#1065,(#1069,#1076),.PCURVE_S1.);
#1065 = LINE('',#1066,#1067);
#1066 = CARTESIAN_POINT('',(86.011119863901,413.,354.93628061831));
#1067 = VECTOR('',#1068,1.);
#1068 = DIRECTION('',(-0.962742399282,0.,0.270420177916));
#1069 = PCURVE('',#72,#1070);
#1070 = DEFINITIONAL_REPRESENTATION('',(#1071),#1075);
#1071 = LINE('',#1072,#1073);
#1072 = CARTESIAN_POINT('',(-19.73628061831,6.011119863901));
#1073 = VECTOR('',#1074,1.);
#1074 = DIRECTION('',(-0.270420177916,-0.962742399282));
#1075 = ( GEOMETRIC_REPRESENTATION_CONTEXT(2) 
PARAMETRIC_REPRESENTATION_CONTEXT() REPRESENTATION_CONTEXT('2D SPACE',''
  ) );
#1076 = PCURVE('',#1077,#1082);
#1077 = PLANE('',#1078);
#1078 = AXIS2_PLACEMENT_3D('',#1079,#1080,#1081);
#1079 = CARTESIAN_POINT('',(86.011119863901,401.,354.93628061831));
#1080 = DIRECTION('',(0.270420177916,-0.,0.962742399282));
#1081 = DIRECTION('',(-0.962742399282,0.,0.270420177916));
#1082 = DEFINITIONAL_REPRESENTATION('',(#1083),#1087);
#1083 = LINE('',#1084,#1085);
#1084 = CARTESIAN_POINT('',(0.,-12.));
#1085 = VECTOR('',#1086,1.);
#1086 = DIRECTION('',(1.,0.));
#1087 = ( GEOMETRIC_REPRESENTATION_CONTEXT(2) 
PARAMETRIC_REPRESENTATION_CONTEXT() REPRESENTATION_CONTEXT('2D SPACE',''
  ) );
#1088 = ORIENTED_EDGE('',*,*,#1089,.T.);
#1089 = EDGE_CURVE('',#1062,#1090,#1092,.T.);
#1090 = VERTEX_POINT('',#1091);
#1091 = CARTESIAN_POINT('',(84.268115541647,413.,355.38508172849));
#1092 = SURFACE_CURVE('',#1093,(#1097,#1104),.PCURVE_S1.);
#1093 = LINE('',#1094,#1095);
#1094 = CARTESIAN_POINT('',(85.144514140304,413.,355.1796974182));
#1095 = VECTOR('',#1096,1.);
#1096 = DIRECTION('',(-0.973621644336,0.,0.228168564179));
#1097 = PCURVE('',#72,#1098);
#1098 = DEFINITIONAL_REPRESENTATION('',(#1099),#1103);
#1099 = LINE('',#1100,#1101);
#1100 = CARTESIAN_POINT('',(-19.9796974182,5.144514140304));
#1101 = VECTOR('',#1102,1.);
#1102 = DIRECTION('',(-0.228168564179,-0.973621644336));
#1103 = ( GEOMETRIC_REPRESENTATION_CONTEXT(2) 
PARAMETRIC_REPRESENTATION_CONTEXT() REPRESENTATION_CONTEXT('2D SPACE',''
  ) );
#1104 = PCURVE('',#1105,#1110);
#1105 = PLANE('',#1106);
#1106 = AXIS2_PLACEMENT_3D('',#1107,#1108,#1109);
#1107 = CARTESIAN_POINT('',(85.144514140304,401.,355.1796974182));
#1108 = DIRECTION('',(0.228168564179,-0.,0.973621644336));
#1109 = DIRECTION('',(-0.973621644336,0.,0.228168564179));
#1110 = DEFINITIONAL_REPRESENTATION('',(#1111),#1115);
#1111 = LINE('',#1112,#1113);
#1112 = CARTESIAN_POINT('',(0.,-12.));
#1113 = VECTOR('',#1114,1.);
#1114 = DIRECTION('',(1.,0.));
#1115 = ( GEOMETRIC_REPRESENTATION_CONTEXT(2) 
PARAMETRIC_REPRESENTATION_CONTEXT() REPRESENTATION_CONTEXT('2D SPACE',''
  ) );
#1116 = ORIENTED_EDGE('',*,*,#1117,.T.);
#1117 = EDGE_CURVE('',#1090,#1118,#1120,.T.);
#1118 = VERTEX_POINT('',#1119);
#1119 = CARTESIAN_POINT('',(83.383592342472,413.,355.55204258847));
#1120 = SURFACE_CURVE('',#1121,(#1125,#1132),.PCURVE_S1.);
#1121 = LINE('',#1122,#1123);
#1122 = CARTESIAN_POINT('',(84.268115541647,413.,355.38508172849));
#1123 = VECTOR('',#1124,1.);
#1124 = DIRECTION('',(-0.982647545253,0.,0.185482618612));
#1125 = PCURVE('',#72,#1126);
#1126 = DEFINITIONAL_REPRESENTATION('',(#1127),#1131);
#1127 = LINE('',#1128,#1129);
#1128 = CARTESIAN_POINT('',(-20.18508172849,4.268115541647));
#1129 = VECTOR('',#1130,1.);
#1130 = DIRECTION('',(-0.185482618612,-0.982647545253));
#1131 = ( GEOMETRIC_REPRESENTATION_CONTEXT(2) 
PARAMETRIC_REPRESENTATION_CONTEXT() REPRESENTATION_CONTEXT('2D SPACE',''
  ) );
#1132 = PCURVE('',#1133,#1138);
#1133 = PLANE('',#1134);
#1134 = AXIS2_PLACEMENT_3D('',#1135,#1136,#1137);
#1135 = CARTESIAN_POINT('',(84.268115541647,401.,355.38508172849));
#1136 = DIRECTION('',(0.185482618612,-0.,0.982647545253));
#1137 = DIRECTION('',(-0.982647545253,0.,0.185482618612));
#1138 = DEFINITIONAL_REPRESENTATION('',(#1139),#1143);
#1139 = LINE('',#1140,#1141);
#1140 = CARTESIAN_POINT('',(0.,-12.));
#1141 = VECTOR('',#1142,1.);
#1142 = DIRECTION('',(1.,0.));
#1143 = ( GEOMETRIC_REPRESENTATION_CONTEXT(2) 
PARAMETRIC_REPRESENTATION_CONTEXT() REPRESENTATION_CONTEXT('2D SPACE',''
  ) );
#1144 = ORIENTED_EDGE('',*,*,#1145,.T.);
#1145 = EDGE_CURVE('',#1118,#1146,#1148,.T.);
#1146 = VERTEX_POINT('',#1147);
#1147 = CARTESIAN_POINT('',(82.492628282962,413.,355.68026217864));
#1148 = SURFACE_CURVE('',#1149,(#1153,#1160),.PCURVE_S1.);
#1149 = LINE('',#1150,#1151);
#1150 = CARTESIAN_POINT('',(83.383592342472,413.,355.55204258847));
#1151 = VECTOR('',#1152,1.);
#1152 = DIRECTION('',(-0.989802920718,0.,0.142443596339));
#1153 = PCURVE('',#72,#1154);
#1154 = DEFINITIONAL_REPRESENTATION('',(#1155),#1159);
#1155 = LINE('',#1156,#1157);
#1156 = CARTESIAN_POINT('',(-20.35204258847,3.383592342472));
#1157 = VECTOR('',#1158,1.);
#1158 = DIRECTION('',(-0.142443596339,-0.989802920718));
#1159 = ( GEOMETRIC_REPRESENTATION_CONTEXT(2) 
PARAMETRIC_REPRESENTATION_CONTEXT() REPRESENTATION_CONTEXT('2D SPACE',''
  ) );
#1160 = PCURVE('',#1161,#1166);
#1161 = PLANE('',#1162);
#1162 = AXIS2_PLACEMENT_3D('',#1163,#1164,#1165);
#1163 = CARTESIAN_POINT('',(83.383592342472,401.,355.55204258847));
#1164 = DIRECTION('',(0.142443596339,-0.,0.989802920718));
#1165 = DIRECTION('',(-0.989802920718,0.,0.142443596339));
#1166 = DEFINITIONAL_REPRESENTATION('',(#1167),#1171);
#1167 = LINE('',#1168,#1169);
#1168 = CARTESIAN_POINT('',(0.,-12.));
#1169 = VECTOR('',#1170,1.);
#1170 = DIRECTION('',(1.,0.));
#1171 = ( GEOMETRIC_REPRESENTATION_CONTEXT(2) 
PARAMETRIC_REPRESENTATION_CONTEXT() REPRESENTATION_CONTEXT('2D SPACE',''
  ) );
#1172 = ORIENTED_EDGE('',*,*,#1173,.T.);
#1173 = EDGE_CURVE('',#1146,#1174,#1176,.T.);
#1174 = VERTEX_POINT('',#1175);
#1175 = CARTESIAN_POINT('',(82.447975419685,413.,350.87083764448));
#1176 = SURFACE_CURVE('',#1177,(#1181,#1188),.PCURVE_S1.);
#1177 = LINE('',#1178,#1179);
#1178 = CARTESIAN_POINT('',(82.492628282962,413.,355.68026217864));
#1179 = VECTOR('',#1180,1.);
#1180 = DIRECTION('',(-9.284050206738E-03,0.,-0.999956902277));
#1181 = PCURVE('',#72,#1182);
#1182 = DEFINITIONAL_REPRESENTATION('',(#1183),#1187);
#1183 = LINE('',#1184,#1185);
#1184 = CARTESIAN_POINT('',(-20.48026217864,2.492628282962));
#1185 = VECTOR('',#1186,1.);
#1186 = DIRECTION('',(0.999956902277,-9.284050206738E-03));
#1187 = ( GEOMETRIC_REPRESENTATION_CONTEXT(2) 
PARAMETRIC_REPRESENTATION_CONTEXT() REPRESENTATION_CONTEXT('2D SPACE',''
  ) );
#1188 = PCURVE('',#1189,#1194);
#1189 = PLANE('',#1190);
#1190 = AXIS2_PLACEMENT_3D('',#1191,#1192,#1193);
#1191 = CARTESIAN_POINT('',(82.492628282962,401.,355.68026217864));
#1192 = DIRECTION('',(-0.999956902277,0.,9.284050206738E-03));
#1193 = DIRECTION('',(-9.284050206738E-03,0.,-0.999956902277));
#1194 = DEFINITIONAL_REPRESENTATION('',(#1195),#1199);
#1195 = LINE('',#1196,#1197);
#1196 = CARTESIAN_POINT('',(0.,-12.));
#1197 = VECTOR('',#1198,1.);
#1198 = DIRECTION('',(1.,0.));
#1199 = ( GEOMETRIC_REPRESENTATION_CONTEXT(2) 
PARAMETRIC_REPRESENTATION_CONTEXT() REPRESENTATION_CONTEXT('2D SPACE',''
  ) );
#1200 = ORIENTED_EDGE('',*,*,#1201,.T.);
#1201 = EDGE_CURVE('',#1174,#1202,#1204,.T.);
#1202 = VERTEX_POINT('',#1203);
#1203 = CARTESIAN_POINT('',(81.22767080374,413.,351.01330327707));
#1204 = SURFACE_CURVE('',#1205,(#1209,#1216),.PCURVE_S1.);
#1205 = LINE('',#1206,#1207);
#1206 = CARTESIAN_POINT('',(82.447975419685,413.,350.87083764448));
#1207 = VECTOR('',#1208,1.);
#1208 = DIRECTION('',(-0.993254071072,0.,0.115958399003));
#1209 = PCURVE('',#72,#1210);
#1210 = DEFINITIONAL_REPRESENTATION('',(#1211),#1215);
#1211 = LINE('',#1212,#1213);
#1212 = CARTESIAN_POINT('',(-15.67083764448,2.447975419685));
#1213 = VECTOR('',#1214,1.);
#1214 = DIRECTION('',(-0.115958399003,-0.993254071072));
#1215 = ( GEOMETRIC_REPRESENTATION_CONTEXT(2) 
PARAMETRIC_REPRESENTATION_CONTEXT() REPRESENTATION_CONTEXT('2D SPACE',''
  ) );
#1216 = PCURVE('',#1217,#1222);
#1217 = PLANE('',#1218);
#1218 = AXIS2_PLACEMENT_3D('',#1219,#1220,#1221);
#1219 = CARTESIAN_POINT('',(82.447975419685,401.,350.87083764448));
#1220 = DIRECTION('',(0.115958399003,-0.,0.993254071072));
#1221 = DIRECTION('',(-0.993254071072,0.,0.115958399003));
#1222 = DEFINITIONAL_REPRESENTATION('',(#1223),#1227);
#1223 = LINE('',#1224,#1225);
#1224 = CARTESIAN_POINT('',(0.,-12.));
#1225 = VECTOR('',#1226,1.);
#1226 = DIRECTION('',(1.,0.));
#1227 = ( GEOMETRIC_REPRESENTATION_CONTEXT(2) 
PARAMETRIC_REPRESENTATION_CONTEXT() REPRESENTATION_CONTEXT('2D SPACE',''
  ) );
#1228 = ORIENTED_EDGE('',*,*,#1229,.T.);
#1229 = EDGE_CURVE('',#1202,#1230,#1232,.T.);
#1230 = VERTEX_POINT('',#1231);
#1231 = CARTESIAN_POINT('',(80.,413.,351.0608869908));
#1232 = SURFACE_CURVE('',#1233,(#1237,#1244),.PCURVE_S1.);
#1233 = LINE('',#1234,#1235);
#1234 = CARTESIAN_POINT('',(81.22767080374,413.,351.01330327707));
#1235 = VECTOR('',#1236,1.);
#1236 = DIRECTION('',(-0.999249701933,0.,3.873026190514E-02));
#1237 = PCURVE('',#72,#1238);
#1238 = DEFINITIONAL_REPRESENTATION('',(#1239),#1243);
#1239 = LINE('',#1240,#1241);
#1240 = CARTESIAN_POINT('',(-15.81330327707,1.22767080374));
#1241 = VECTOR('',#1242,1.);
#1242 = DIRECTION('',(-3.873026190514E-02,-0.999249701933));
#1243 = ( GEOMETRIC_REPRESENTATION_CONTEXT(2) 
PARAMETRIC_REPRESENTATION_CONTEXT() REPRESENTATION_CONTEXT('2D SPACE',''
  ) );
#1244 = PCURVE('',#1245,#1250);
#1245 = PLANE('',#1246);
#1246 = AXIS2_PLACEMENT_3D('',#1247,#1248,#1249);
#1247 = CARTESIAN_POINT('',(81.22767080374,401.,351.01330327707));
#1248 = DIRECTION('',(3.873026190514E-02,-0.,0.999249701933));
#1249 = DIRECTION('',(-0.999249701933,0.,3.873026190514E-02));
#1250 = DEFINITIONAL_REPRESENTATION('',(#1251),#1255);
#1251 = LINE('',#1252,#1253);
#1252 = CARTESIAN_POINT('',(0.,-12.));
#1253 = VECTOR('',#1254,1.);
#1254 = DIRECTION('',(1.,0.));
#1255 = ( GEOMETRIC_REPRESENTATION_CONTEXT(2) 
PARAMETRIC_REPRESENTATION_CONTEXT() REPRESENTATION_CONTEXT('2D SPACE',''
  ) );
#1256 = ORIENTED_EDGE('',*,*,#1257,.T.);
#1257 = EDGE_CURVE('',#1230,#1258,#1260,.T.);
#1258 = VERTEX_POINT('',#1259);
#1259 = CARTESIAN_POINT('',(78.77232919626,413.,351.01330327707));
#1260 = SURFACE_CURVE('',#1261,(#1265,#1272),.PCURVE_S1.);
#1261 = LINE('',#1262,#1263);
#1262 = CARTESIAN_POINT('',(80.,413.,351.0608869908));
#1263 = VECTOR('',#1264,1.);
#1264 = DIRECTION('',(-0.999249701933,0.,-3.873026190514E-02));
#1265 = PCURVE('',#72,#1266);
#1266 = DEFINITIONAL_REPRESENTATION('',(#1267),#1271);
#1267 = LINE('',#1268,#1269);
#1268 = CARTESIAN_POINT('',(-15.8608869908,0.));
#1269 = VECTOR('',#1270,1.);
#1270 = DIRECTION('',(3.873026190514E-02,-0.999249701933));
#1271 = ( GEOMETRIC_REPRESENTATION_CONTEXT(2) 
PARAMETRIC_REPRESENTATION_CONTEXT() REPRESENTATION_CONTEXT('2D SPACE',''
  ) );
#1272 = PCURVE('',#1273,#1278);
#1273 = PLANE('',#1274);
#1274 = AXIS2_PLACEMENT_3D('',#1275,#1276,#1277);
#1275 = CARTESIAN_POINT('',(80.,401.,351.0608869908));
#1276 = DIRECTION('',(-3.873026190514E-02,0.,0.999249701933));
#1277 = DIRECTION('',(-0.999249701933,0.,-3.873026190514E-02));
#1278 = DEFINITIONAL_REPRESENTATION('',(#1279),#1283);
#1279 = LINE('',#1280,#1281);
#1280 = CARTESIAN_POINT('',(0.,-12.));
#1281 = VECTOR('',#1282,1.);
#1282 = DIRECTION('',(1.,0.));
#1283 = ( GEOMETRIC_REPRESENTATION_CONTEXT(2) 
PARAMETRIC_REPRESENTATION_CONTEXT() REPRESENTATION_CONTEXT('2D SPACE',''
  ) );
#1284 = ORIENTED_EDGE('',*,*,#1285,.T.);
#1285 = EDGE_CURVE('',#1258,#1286,#1288,.T.);
#1286 = VERTEX_POINT('',#1287);
#1287 = CARTESIAN_POINT('',(77.552024580315,413.,350.87083764448));
#1288 = SURFACE_CURVE('',#1289,(#1293,#1300),.PCURVE_S1.);
#1289 = LINE('',#1290,#1291);
#1290 = CARTESIAN_POINT('',(78.77232919626,413.,351.01330327707));
#1291 = VECTOR('',#1292,1.);
#1292 = DIRECTION('',(-0.993254071072,0.,-0.115958399003));
#1293 = PCURVE('',#72,#1294);
#1294 = DEFINITIONAL_REPRESENTATION('',(#1295),#1299);
#1295 = LINE('',#1296,#1297);
#1296 = CARTESIAN_POINT('',(-15.81330327707,-1.22767080374));
#1297 = VECTOR('',#1298,1.);
#1298 = DIRECTION('',(0.115958399003,-0.993254071072));
#1299 = ( GEOMETRIC_REPRESENTATION_CONTEXT(2) 
PARAMETRIC_REPRESENTATION_CONTEXT() REPRESENTATION_CONTEXT('2D SPACE',''
  ) );
#1300 = PCURVE('',#1301,#1306);
#1301 = PLANE('',#1302);
#1302 = AXIS2_PLACEMENT_3D('',#1303,#1304,#1305);
#1303 = CARTESIAN_POINT('',(78.77232919626,401.,351.01330327707));
#1304 = DIRECTION('',(-0.115958399003,0.,0.993254071072));
#1305 = DIRECTION('',(-0.993254071072,0.,-0.115958399003));
#1306 = DEFINITIONAL_REPRESENTATION('',(#1307),#1311);
#1307 = LINE('',#1308,#1309);
#1308 = CARTESIAN_POINT('',(0.,-12.));
#1309 = VECTOR('',#1310,1.);
#1310 = DIRECTION('',(1.,0.));
#1311 = ( GEOMETRIC_REPRESENTATION_CONTEXT(2) 
PARAMETRIC_REPRESENTATION_CONTEXT() REPRESENTATION_CONTEXT('2D SPACE',''
  ) );
#1312 = ORIENTED_EDGE('',*,*,#1313,.T.);
#1313 = EDGE_CURVE('',#1286,#1314,#1316,.T.);
#1314 = VERTEX_POINT('',#1315);
#1315 = CARTESIAN_POINT('',(77.244354607875,413.,352.02940082589));
#1316 = SURFACE_CURVE('',#1317,(#1321,#1328),.PCURVE_S1.);
#1317 = LINE('',#1318,#1319);
#1318 = CARTESIAN_POINT('',(77.552024580315,413.,350.87083764448));
#1319 = VECTOR('',#1320,1.);
#1320 = DIRECTION('',(-0.256665436325,0.,0.966500312362));
#1321 = PCURVE('',#72,#1322);
#1322 = DEFINITIONAL_REPRESENTATION('',(#1323),#1327);
#1323 = LINE('',#1324,#1325);
#1324 = CARTESIAN_POINT('',(-15.67083764448,-2.447975419685));
#1325 = VECTOR('',#1326,1.);
#1326 = DIRECTION('',(-0.966500312362,-0.256665436325));
#1327 = ( GEOMETRIC_REPRESENTATION_CONTEXT(2) 
PARAMETRIC_REPRESENTATION_CONTEXT() REPRESENTATION_CONTEXT('2D SPACE',''
  ) );
#1328 = PCURVE('',#1329,#1334);
#1329 = PLANE('',#1330);
#1330 = AXIS2_PLACEMENT_3D('',#1331,#1332,#1333);
#1331 = CARTESIAN_POINT('',(77.552024580315,401.,350.87083764448));
#1332 = DIRECTION('',(0.966500312362,-0.,0.256665436325));
#1333 = DIRECTION('',(-0.256665436325,0.,0.966500312362));
#1334 = DEFINITIONAL_REPRESENTATION('',(#1335),#1339);
#1335 = LINE('',#1336,#1337);
#1336 = CARTESIAN_POINT('',(0.,-12.));
#1337 = VECTOR('',#1338,1.);
#1338 = DIRECTION('',(1.,0.));
#1339 = ( GEOMETRIC_REPRESENTATION_CONTEXT(2) 
PARAMETRIC_REPRESENTATION_CONTEXT() REPRESENTATION_CONTEXT('2D SPACE',''
  ) );
#1340 = ORIENTED_EDGE('',*,*,#1341,.T.);
#1341 = EDGE_CURVE('',#1314,#1342,#1344,.T.);
#1342 = VERTEX_POINT('',#1343);
#1343 = CARTESIAN_POINT('',(76.919555765401,413.,353.18422834805));
#1344 = SURFACE_CURVE('',#1345,(#1349,#1356),.PCURVE_S1.);
#1345 = LINE('',#1346,#1347);
#1346 = CARTESIAN_POINT('',(77.244354607875,413.,352.02940082589));
#1347 = VECTOR('',#1348,1.);
#1348 = DIRECTION('',(-0.270748359299,0.,0.962650157605));
#1349 = PCURVE('',#72,#1350);
#1350 = DEFINITIONAL_REPRESENTATION('',(#1351),#1355);
#1351 = LINE('',#1352,#1353);
#1352 = CARTESIAN_POINT('',(-16.82940082589,-2.755645392125));
#1353 = VECTOR('',#1354,1.);
#1354 = DIRECTION('',(-0.962650157605,-0.270748359299));
#1355 = ( GEOMETRIC_REPRESENTATION_CONTEXT(2) 
PARAMETRIC_REPRESENTATION_CONTEXT() REPRESENTATION_CONTEXT('2D SPACE',''
  ) );
#1356 = PCURVE('',#1357,#1362);
#1357 = PLANE('',#1358);
#1358 = AXIS2_PLACEMENT_3D('',#1359,#1360,#1361);
#1359 = CARTESIAN_POINT('',(77.244354607875,401.,352.02940082589));
#1360 = DIRECTION('',(0.962650157605,-0.,0.270748359299));
#1361 = DIRECTION('',(-0.270748359299,0.,0.962650157605));
#1362 = DEFINITIONAL_REPRESENTATION('',(#1363),#1367);
#1363 = LINE('',#1364,#1365);
#1364 = CARTESIAN_POINT('',(0.,-12.));
#1365 = VECTOR('',#1366,1.);
#1366 = DIRECTION('',(1.,0.));
#1367 = ( GEOMETRIC_REPRESENTATION_CONTEXT(2) 
PARAMETRIC_REPRESENTATION_CONTEXT() REPRESENTATION_CONTEXT('2D SPACE',''
  ) );
#1368 = ORIENTED_EDGE('',*,*,#1369,.T.);
#1369 = EDGE_CURVE('',#1342,#1370,#1372,.T.);
#1370 = VERTEX_POINT('',#1371);
#1371 = CARTESIAN_POINT('',(76.577666780934,413.,354.33513125869));
#1372 = SURFACE_CURVE('',#1373,(#1377,#1384),.PCURVE_S1.);
#1373 = LINE('',#1374,#1375);
#1374 = CARTESIAN_POINT('',(76.919555765401,413.,353.18422834805));
#1375 = VECTOR('',#1376,1.);
#1376 = DIRECTION('',(-0.284762612623,0.,0.958598067206));
#1377 = PCURVE('',#72,#1378);
#1378 = DEFINITIONAL_REPRESENTATION('',(#1379),#1383);
#1379 = LINE('',#1380,#1381);
#1380 = CARTESIAN_POINT('',(-17.98422834805,-3.080444234599));
#1381 = VECTOR('',#1382,1.);
#1382 = DIRECTION('',(-0.958598067206,-0.284762612623));
#1383 = ( GEOMETRIC_REPRESENTATION_CONTEXT(2) 
PARAMETRIC_REPRESENTATION_CONTEXT() REPRESENTATION_CONTEXT('2D SPACE',''
  ) );
#1384 = PCURVE('',#1385,#1390);
#1385 = PLANE('',#1386);
#1386 = AXIS2_PLACEMENT_3D('',#1387,#1388,#1389);
#1387 = CARTESIAN_POINT('',(76.919555765401,401.,353.18422834805));
#1388 = DIRECTION('',(0.958598067206,-0.,0.284762612623));
#1389 = DIRECTION('',(-0.284762612623,0.,0.958598067206));
#1390 = DEFINITIONAL_REPRESENTATION('',(#1391),#1395);
#1391 = LINE('',#1392,#1393);
#1392 = CARTESIAN_POINT('',(0.,-12.));
#1393 = VECTOR('',#1394,1.);
#1394 = DIRECTION('',(1.,0.));
#1395 = ( GEOMETRIC_REPRESENTATION_CONTEXT(2) 
PARAMETRIC_REPRESENTATION_CONTEXT() REPRESENTATION_CONTEXT('2D SPACE',''
  ) );
#1396 = ORIENTED_EDGE('',*,*,#1397,.T.);
#1397 = EDGE_CURVE('',#1370,#1398,#1400,.T.);
#1398 = VERTEX_POINT('',#1399);
#1399 = CARTESIAN_POINT('',(75.337642198175,413.,355.29768032362));
#1400 = SURFACE_CURVE('',#1401,(#1405,#1412),.PCURVE_S1.);
#1401 = LINE('',#1402,#1403);
#1402 = CARTESIAN_POINT('',(76.577666780934,413.,354.33513125869));
#1403 = VECTOR('',#1404,1.);
#1404 = DIRECTION('',(-0.789942892909,0.,0.613180418753));
#1405 = PCURVE('',#72,#1406);
#1406 = DEFINITIONAL_REPRESENTATION('',(#1407),#1411);
#1407 = LINE('',#1408,#1409);
#1408 = CARTESIAN_POINT('',(-19.13513125869,-3.422333219066));
#1409 = VECTOR('',#1410,1.);
#1410 = DIRECTION('',(-0.613180418753,-0.789942892909));
#1411 = ( GEOMETRIC_REPRESENTATION_CONTEXT(2) 
PARAMETRIC_REPRESENTATION_CONTEXT() REPRESENTATION_CONTEXT('2D SPACE',''
  ) );
#1412 = PCURVE('',#1413,#1418);
#1413 = PLANE('',#1414);
#1414 = AXIS2_PLACEMENT_3D('',#1415,#1416,#1417);
#1415 = CARTESIAN_POINT('',(76.577666780934,401.,354.33513125869));
#1416 = DIRECTION('',(0.613180418753,-0.,0.789942892909));
#1417 = DIRECTION('',(-0.789942892909,0.,0.613180418753));
#1418 = DEFINITIONAL_REPRESENTATION('',(#1419),#1423);
#1419 = LINE('',#1420,#1421);
#1420 = CARTESIAN_POINT('',(0.,-12.));
#1421 = VECTOR('',#1422,1.);
#1422 = DIRECTION('',(1.,0.));
#1423 = ( GEOMETRIC_REPRESENTATION_CONTEXT(2) 
PARAMETRIC_REPRESENTATION_CONTEXT() REPRESENTATION_CONTEXT('2D SPACE',''
  ) );
#1424 = ORIENTED_EDGE('',*,*,#1425,.T.);
#1425 = EDGE_CURVE('',#1398,#1426,#1428,.T.);
#1426 = VERTEX_POINT('',#1427);
#1427 = CARTESIAN_POINT('',(74.465431226527,413.,355.07518259424));
#1428 = SURFACE_CURVE('',#1429,(#1433,#1440),.PCURVE_S1.);
#1429 = LINE('',#1430,#1431);
#1430 = CARTESIAN_POINT('',(75.337642198175,413.,355.29768032362));
#1431 = VECTOR('',#1432,1.);
#1432 = DIRECTION('',(-0.968969464037,0.,-0.24718045587));
#1433 = PCURVE('',#72,#1434);
#1434 = DEFINITIONAL_REPRESENTATION('',(#1435),#1439);
#1435 = LINE('',#1436,#1437);
#1436 = CARTESIAN_POINT('',(-20.09768032362,-4.662357801825));
#1437 = VECTOR('',#1438,1.);
#1438 = DIRECTION('',(0.24718045587,-0.968969464037));
#1439 = ( GEOMETRIC_REPRESENTATION_CONTEXT(2) 
PARAMETRIC_REPRESENTATION_CONTEXT() REPRESENTATION_CONTEXT('2D SPACE',''
  ) );
#1440 = PCURVE('',#1441,#1446);
#1441 = PLANE('',#1442);
#1442 = AXIS2_PLACEMENT_3D('',#1443,#1444,#1445);
#1443 = CARTESIAN_POINT('',(75.337642198175,401.,355.29768032362));
#1444 = DIRECTION('',(-0.24718045587,0.,0.968969464037));
#1445 = DIRECTION('',(-0.968969464037,0.,-0.24718045587));
#1446 = DEFINITIONAL_REPRESENTATION('',(#1447),#1451);
#1447 = LINE('',#1448,#1449);
#1448 = CARTESIAN_POINT('',(0.,-12.));
#1449 = VECTOR('',#1450,1.);
#1450 = DIRECTION('',(1.,0.));
#1451 = ( GEOMETRIC_REPRESENTATION_CONTEXT(2) 
PARAMETRIC_REPRESENTATION_CONTEXT() REPRESENTATION_CONTEXT('2D SPACE',''
  ) );
#1452 = ORIENTED_EDGE('',*,*,#1453,.T.);
#1453 = EDGE_CURVE('',#1426,#1454,#1456,.T.);
#1454 = VERTEX_POINT('',#1455);
#1455 = CARTESIAN_POINT('',(73.603755621104,413.,354.81485132516));
#1456 = SURFACE_CURVE('',#1457,(#1461,#1468),.PCURVE_S1.);
#1457 = LINE('',#1458,#1459);
#1458 = CARTESIAN_POINT('',(74.465431226527,413.,355.07518259424));
#1459 = VECTOR('',#1460,1.);
#1460 = DIRECTION('',(-0.957265359759,0.,-0.289211049244));
#1461 = PCURVE('',#72,#1462);
#1462 = DEFINITIONAL_REPRESENTATION('',(#1463),#1467);
#1463 = LINE('',#1464,#1465);
#1464 = CARTESIAN_POINT('',(-19.87518259424,-5.534568773473));
#1465 = VECTOR('',#1466,1.);
#1466 = DIRECTION('',(0.289211049244,-0.957265359759));
#1467 = ( GEOMETRIC_REPRESENTATION_CONTEXT(2) 
PARAMETRIC_REPRESENTATION_CONTEXT() REPRESENTATION_CONTEXT('2D SPACE',''
  ) );
#1468 = PCURVE('',#1469,#1474);
#1469 = PLANE('',#1470);
#1470 = AXIS2_PLACEMENT_3D('',#1471,#1472,#1473);
#1471 = CARTESIAN_POINT('',(74.465431226527,401.,355.07518259424));
#1472 = DIRECTION('',(-0.289211049244,0.,0.957265359759));
#1473 = DIRECTION('',(-0.957265359759,0.,-0.289211049244));
#1474 = DEFINITIONAL_REPRESENTATION('',(#1475),#1479);
#1475 = LINE('',#1476,#1477);
#1476 = CARTESIAN_POINT('',(0.,-12.));
#1477 = VECTOR('',#1478,1.);
#1478 = DIRECTION('',(1.,0.));
#1479 = ( GEOMETRIC_REPRESENTATION_CONTEXT(2) 
PARAMETRIC_REPRESENTATION_CONTEXT() REPRESENTATION_CONTEXT('2D SPACE',''
  ) );
#1480 = ORIENTED_EDGE('',*,*,#1481,.T.);
#1481 = EDGE_CURVE('',#1454,#1482,#1484,.T.);
#1482 = VERTEX_POINT('',#1483);
#1483 = CARTESIAN_POINT('',(72.754255630396,413.,354.51718207175));
#1484 = SURFACE_CURVE('',#1485,(#1489,#1496),.PCURVE_S1.);
#1485 = LINE('',#1486,#1487);
#1486 = CARTESIAN_POINT('',(73.603755621104,413.,354.81485132516));
#1487 = VECTOR('',#1488,1.);
#1488 = DIRECTION('',(-0.943739046462,0.,-0.330691112948));
#1489 = PCURVE('',#72,#1490);
#1490 = DEFINITIONAL_REPRESENTATION('',(#1491),#1495);
#1491 = LINE('',#1492,#1493);
#1492 = CARTESIAN_POINT('',(-19.61485132516,-6.396244378896));
#1493 = VECTOR('',#1494,1.);
#1494 = DIRECTION('',(0.330691112948,-0.943739046462));
#1495 = ( GEOMETRIC_REPRESENTATION_CONTEXT(2) 
PARAMETRIC_REPRESENTATION_CONTEXT() REPRESENTATION_CONTEXT('2D SPACE',''
  ) );
#1496 = PCURVE('',#1497,#1502);
#1497 = PLANE('',#1498);
#1498 = AXIS2_PLACEMENT_3D('',#1499,#1500,#1501);
#1499 = CARTESIAN_POINT('',(73.603755621104,401.,354.81485132516));
#1500 = DIRECTION('',(-0.330691112948,0.,0.943739046462));
#1501 = DIRECTION('',(-0.943739046462,0.,-0.330691112948));
#1502 = DEFINITIONAL_REPRESENTATION('',(#1503),#1507);
#1503 = LINE('',#1504,#1505);
#1504 = CARTESIAN_POINT('',(0.,-12.));
#1505 = VECTOR('',#1506,1.);
#1506 = DIRECTION('',(1.,0.));
#1507 = ( GEOMETRIC_REPRESENTATION_CONTEXT(2) 
PARAMETRIC_REPRESENTATION_CONTEXT() REPRESENTATION_CONTEXT('2D SPACE',''
  ) );
#1508 = ORIENTED_EDGE('',*,*,#1509,.T.);
#1509 = EDGE_CURVE('',#1482,#1510,#1512,.T.);
#1510 = VERTEX_POINT('',#1511);
#1511 = CARTESIAN_POINT('',(71.918548325915,413.,354.18274146435));
#1512 = SURFACE_CURVE('',#1513,(#1517,#1524),.PCURVE_S1.);
#1513 = LINE('',#1514,#1515);
#1514 = CARTESIAN_POINT('',(72.754255630396,413.,354.51718207175));
#1515 = VECTOR('',#1516,1.);
#1516 = DIRECTION('',(-0.928416272251,0.,-0.371541687323));
#1517 = PCURVE('',#72,#1518);
#1518 = DEFINITIONAL_REPRESENTATION('',(#1519),#1523);
#1519 = LINE('',#1520,#1521);
#1520 = CARTESIAN_POINT('',(-19.31718207175,-7.245744369604));
#1521 = VECTOR('',#1522,1.);
#1522 = DIRECTION('',(0.371541687323,-0.928416272251));
#1523 = ( GEOMETRIC_REPRESENTATION_CONTEXT(2) 
PARAMETRIC_REPRESENTATION_CONTEXT() REPRESENTATION_CONTEXT('2D SPACE',''
  ) );
#1524 = PCURVE('',#1525,#1530);
#1525 = PLANE('',#1526);
#1526 = AXIS2_PLACEMENT_3D('',#1527,#1528,#1529);
#1527 = CARTESIAN_POINT('',(72.754255630396,401.,354.51718207175));
#1528 = DIRECTION('',(-0.371541687323,0.,0.928416272251));
#1529 = DIRECTION('',(-0.928416272251,0.,-0.371541687323));
#1530 = DEFINITIONAL_REPRESENTATION('',(#1531),#1535);
#1531 = LINE('',#1532,#1533);
#1532 = CARTESIAN_POINT('',(0.,-12.));
#1533 = VECTOR('',#1534,1.);
#1534 = DIRECTION('',(1.,0.));
#1535 = ( GEOMETRIC_REPRESENTATION_CONTEXT(2) 
PARAMETRIC_REPRESENTATION_CONTEXT() REPRESENTATION_CONTEXT('2D SPACE',''
  ) );
#1536 = ORIENTED_EDGE('',*,*,#1537,.T.);
#1537 = EDGE_CURVE('',#1510,#1538,#1540,.T.);
#1538 = VERTEX_POINT('',#1539);
#1539 = CARTESIAN_POINT('',(74.284590079045,413.,349.99533120854));
#1540 = SURFACE_CURVE('',#1541,(#1545,#1552),.PCURVE_S1.);
#1541 = LINE('',#1542,#1543);
#1542 = CARTESIAN_POINT('',(71.918548325915,413.,354.18274146435));
#1543 = VECTOR('',#1544,1.);
#1544 = DIRECTION('',(0.49193822781,0.,-0.870630105165));
#1545 = PCURVE('',#72,#1546);
#1546 = DEFINITIONAL_REPRESENTATION('',(#1547),#1551);
#1547 = LINE('',#1548,#1549);
#1548 = CARTESIAN_POINT('',(-18.98274146435,-8.081451674085));
#1549 = VECTOR('',#1550,1.);
#1550 = DIRECTION('',(0.870630105165,0.49193822781));
#1551 = ( GEOMETRIC_REPRESENTATION_CONTEXT(2) 
PARAMETRIC_REPRESENTATION_CONTEXT() REPRESENTATION_CONTEXT('2D SPACE',''
  ) );
#1552 = PCURVE('',#1553,#1558);
#1553 = PLANE('',#1554);
#1554 = AXIS2_PLACEMENT_3D('',#1555,#1556,#1557);
#1555 = CARTESIAN_POINT('',(71.918548325915,401.,354.18274146435));
#1556 = DIRECTION('',(-0.870630105165,0.,-0.49193822781));
#1557 = DIRECTION('',(0.49193822781,0.,-0.870630105165));
#1558 = DEFINITIONAL_REPRESENTATION('',(#1559),#1563);
#1559 = LINE('',#1560,#1561);
#1560 = CARTESIAN_POINT('',(0.,-12.));
#1561 = VECTOR('',#1562,1.);
#1562 = DIRECTION('',(1.,0.));
#1563 = ( GEOMETRIC_REPRESENTATION_CONTEXT(2) 
PARAMETRIC_REPRESENTATION_CONTEXT() REPRESENTATION_CONTEXT('2D SPACE',''
  ) );
#1564 = ORIENTED_EDGE('',*,*,#1565,.T.);
#1565 = EDGE_CURVE('',#1538,#1566,#1568,.T.);
#1566 = VERTEX_POINT('',#1567);
#1567 = CARTESIAN_POINT('',(73.156542464985,413.,349.50855775756));
#1568 = SURFACE_CURVE('',#1569,(#1573,#1580),.PCURVE_S1.);
#1569 = LINE('',#1570,#1571);
#1570 = CARTESIAN_POINT('',(74.284590079045,413.,349.99533120854));
#1571 = VECTOR('',#1572,1.);
#1572 = DIRECTION('',(-0.918162457462,0.,-0.396204116217));
#1573 = PCURVE('',#72,#1574);
#1574 = DEFINITIONAL_REPRESENTATION('',(#1575),#1579);
#1575 = LINE('',#1576,#1577);
#1576 = CARTESIAN_POINT('',(-14.79533120854,-5.715409920955));
#1577 = VECTOR('',#1578,1.);
#1578 = DIRECTION('',(0.396204116217,-0.918162457462));
#1579 = ( GEOMETRIC_REPRESENTATION_CONTEXT(2) 
PARAMETRIC_REPRESENTATION_CONTEXT() REPRESENTATION_CONTEXT('2D SPACE',''
  ) );
#1580 = PCURVE('',#1581,#1586);
#1581 = PLANE('',#1582);
#1582 = AXIS2_PLACEMENT_3D('',#1583,#1584,#1585);
#1583 = CARTESIAN_POINT('',(74.284590079045,401.,349.99533120854));
#1584 = DIRECTION('',(-0.396204116217,0.,0.918162457462));
#1585 = DIRECTION('',(-0.918162457462,0.,-0.396204116217));
#1586 = DEFINITIONAL_REPRESENTATION('',(#1587),#1591);
#1587 = LINE('',#1588,#1589);
#1588 = CARTESIAN_POINT('',(0.,-12.));
#1589 = VECTOR('',#1590,1.);
#1590 = DIRECTION('',(1.,0.));
#1591 = ( GEOMETRIC_REPRESENTATION_CONTEXT(2) 
PARAMETRIC_REPRESENTATION_CONTEXT() REPRESENTATION_CONTEXT('2D SPACE',''
  ) );
#1592 = ORIENTED_EDGE('',*,*,#1593,.T.);
#1593 = EDGE_CURVE('',#1566,#1594,#1596,.T.);
#1594 = VERTEX_POINT('',#1595);
#1595 = CARTESIAN_POINT('',(72.069556504597,413.,348.93593106059));
#1596 = SURFACE_CURVE('',#1597,(#1601,#1608),.PCURVE_S1.);
#1597 = LINE('',#1598,#1599);
#1598 = CARTESIAN_POINT('',(73.156542464985,413.,349.50855775756));
#1599 = VECTOR('',#1600,1.);
#1600 = DIRECTION('',(-0.88474075755,0.,-0.466083460261));
#1601 = PCURVE('',#72,#1602);
#1602 = DEFINITIONAL_REPRESENTATION('',(#1603),#1607);
#1603 = LINE('',#1604,#1605);
#1604 = CARTESIAN_POINT('',(-14.30855775756,-6.843457535015));
#1605 = VECTOR('',#1606,1.);
#1606 = DIRECTION('',(0.466083460261,-0.88474075755));
#1607 = ( GEOMETRIC_REPRESENTATION_CONTEXT(2) 
PARAMETRIC_REPRESENTATION_CONTEXT() REPRESENTATION_CONTEXT('2D SPACE',''
  ) );
#1608 = PCURVE('',#1609,#1614);
#1609 = PLANE('',#1610);
#1610 = AXIS2_PLACEMENT_3D('',#1611,#1612,#1613);
#1611 = CARTESIAN_POINT('',(73.156542464985,401.,349.50855775756));
#1612 = DIRECTION('',(-0.466083460261,0.,0.88474075755));
#1613 = DIRECTION('',(-0.88474075755,0.,-0.466083460261));
#1614 = DEFINITIONAL_REPRESENTATION('',(#1615),#1619);
#1615 = LINE('',#1616,#1617);
#1616 = CARTESIAN_POINT('',(0.,-12.));
#1617 = VECTOR('',#1618,1.);
#1618 = DIRECTION('',(1.,0.));
#1619 = ( GEOMETRIC_REPRESENTATION_CONTEXT(2) 
PARAMETRIC_REPRESENTATION_CONTEXT() REPRESENTATION_CONTEXT('2D SPACE',''
  ) );
#1620 = ORIENTED_EDGE('',*,*,#1621,.T.);
#1621 = EDGE_CURVE('',#1594,#1622,#1624,.T.);
#1622 = VERTEX_POINT('',#1623);
#1623 = CARTESIAN_POINT('',(71.030154257939,413.,348.28088695382));
#1624 = SURFACE_CURVE('',#1625,(#1629,#1636),.PCURVE_S1.);
#1625 = LINE('',#1626,#1627);
#1626 = CARTESIAN_POINT('',(72.069556504597,413.,348.93593106059));
#1627 = VECTOR('',#1628,1.);
#1628 = DIRECTION('',(-0.846010495645,0.,-0.533166241671));
#1629 = PCURVE('',#72,#1630);
#1630 = DEFINITIONAL_REPRESENTATION('',(#1631),#1635);
#1631 = LINE('',#1632,#1633);
#1632 = CARTESIAN_POINT('',(-13.73593106059,-7.930443495403));
#1633 = VECTOR('',#1634,1.);
#1634 = DIRECTION('',(0.533166241671,-0.846010495645));
#1635 = ( GEOMETRIC_REPRESENTATION_CONTEXT(2) 
PARAMETRIC_REPRESENTATION_CONTEXT() REPRESENTATION_CONTEXT('2D SPACE',''
  ) );
#1636 = PCURVE('',#1637,#1642);
#1637 = PLANE('',#1638);
#1638 = AXIS2_PLACEMENT_3D('',#1639,#1640,#1641);
#1639 = CARTESIAN_POINT('',(72.069556504597,401.,348.93593106059));
#1640 = DIRECTION('',(-0.533166241671,0.,0.846010495645));
#1641 = DIRECTION('',(-0.846010495645,0.,-0.533166241671));
#1642 = DEFINITIONAL_REPRESENTATION('',(#1643),#1647);
#1643 = LINE('',#1644,#1645);
#1644 = CARTESIAN_POINT('',(0.,-12.));
#1645 = VECTOR('',#1646,1.);
#1646 = DIRECTION('',(1.,0.));
#1647 = ( GEOMETRIC_REPRESENTATION_CONTEXT(2) 
PARAMETRIC_REPRESENTATION_CONTEXT() REPRESENTATION_CONTEXT('2D SPACE',''
  ) );
#1648 = ORIENTED_EDGE('',*,*,#1649,.T.);
#1649 = EDGE_CURVE('',#1622,#1650,#1652,.T.);
#1650 = VERTEX_POINT('',#1651);
#1651 = CARTESIAN_POINT('',(70.044572276471,413.,347.54735578886));
#1652 = SURFACE_CURVE('',#1653,(#1657,#1664),.PCURVE_S1.);
#1653 = LINE('',#1654,#1655);
#1654 = CARTESIAN_POINT('',(71.030154257939,413.,348.28088695382));
#1655 = VECTOR('',#1656,1.);
#1656 = DIRECTION('',(-0.802204058459,0.,-0.597049954854));
#1657 = PCURVE('',#72,#1658);
#1658 = DEFINITIONAL_REPRESENTATION('',(#1659),#1663);
#1659 = LINE('',#1660,#1661);
#1660 = CARTESIAN_POINT('',(-13.08088695382,-8.969845742061));
#1661 = VECTOR('',#1662,1.);
#1662 = DIRECTION('',(0.597049954854,-0.802204058459));
#1663 = ( GEOMETRIC_REPRESENTATION_CONTEXT(2) 
PARAMETRIC_REPRESENTATION_CONTEXT() REPRESENTATION_CONTEXT('2D SPACE',''
  ) );
#1664 = PCURVE('',#1665,#1670);
#1665 = PLANE('',#1666);
#1666 = AXIS2_PLACEMENT_3D('',#1667,#1668,#1669);
#1667 = CARTESIAN_POINT('',(71.030154257939,401.,348.28088695382));
#1668 = DIRECTION('',(-0.597049954854,0.,0.802204058459));
#1669 = DIRECTION('',(-0.802204058459,0.,-0.597049954854));
#1670 = DEFINITIONAL_REPRESENTATION('',(#1671),#1675);
#1671 = LINE('',#1672,#1673);
#1672 = CARTESIAN_POINT('',(0.,-12.));
#1673 = VECTOR('',#1674,1.);
#1674 = DIRECTION('',(1.,0.));
#1675 = ( GEOMETRIC_REPRESENTATION_CONTEXT(2) 
PARAMETRIC_REPRESENTATION_CONTEXT() REPRESENTATION_CONTEXT('2D SPACE',''
  ) );
#1676 = ORIENTED_EDGE('',*,*,#1677,.T.);
#1677 = EDGE_CURVE('',#1650,#1678,#1680,.T.);
#1678 = VERTEX_POINT('',#1679);
#1679 = CARTESIAN_POINT('',(69.198840673649,413.,348.39686594963));
#1680 = SURFACE_CURVE('',#1681,(#1685,#1692),.PCURVE_S1.);
#1681 = LINE('',#1682,#1683);
#1682 = CARTESIAN_POINT('',(70.044572276471,413.,347.54735578886));
#1683 = VECTOR('',#1684,1.);
#1684 = DIRECTION('',(-0.705528944312,0.,0.708681105109));
#1685 = PCURVE('',#72,#1686);
#1686 = DEFINITIONAL_REPRESENTATION('',(#1687),#1691);
#1687 = LINE('',#1688,#1689);
#1688 = CARTESIAN_POINT('',(-12.34735578886,-9.955427723529));
#1689 = VECTOR('',#1690,1.);
#1690 = DIRECTION('',(-0.708681105109,-0.705528944312));
#1691 = ( GEOMETRIC_REPRESENTATION_CONTEXT(2) 
PARAMETRIC_REPRESENTATION_CONTEXT() REPRESENTATION_CONTEXT('2D SPACE',''
  ) );
#1692 = PCURVE('',#1693,#1698);
#1693 = PLANE('',#1694);
#1694 = AXIS2_PLACEMENT_3D('',#1695,#1696,#1697);
#1695 = CARTESIAN_POINT('',(70.044572276471,401.,347.54735578886));
#1696 = DIRECTION('',(0.708681105109,-0.,0.705528944312));
#1697 = DIRECTION('',(-0.705528944312,0.,0.708681105109));
#1698 = DEFINITIONAL_REPRESENTATION('',(#1699),#1703);
#1699 = LINE('',#1700,#1701);
#1700 = CARTESIAN_POINT('',(0.,-12.));
#1701 = VECTOR('',#1702,1.);
#1702 = DIRECTION('',(1.,0.));
#1703 = ( GEOMETRIC_REPRESENTATION_CONTEXT(2) 
PARAMETRIC_REPRESENTATION_CONTEXT() REPRESENTATION_CONTEXT('2D SPACE',''
  ) );
#1704 = ORIENTED_EDGE('',*,*,#1705,.T.);
#1705 = EDGE_CURVE('',#1678,#1706,#1708,.T.);
#1706 = VERTEX_POINT('',#1707);
#1707 = CARTESIAN_POINT('',(68.340142863869,413.,349.23457649957));
#1708 = SURFACE_CURVE('',#1709,(#1713,#1720),.PCURVE_S1.);
#1709 = LINE('',#1710,#1711);
#1710 = CARTESIAN_POINT('',(69.198840673649,413.,348.39686594963));
#1711 = VECTOR('',#1712,1.);
#1712 = DIRECTION('',(-0.715800035989,0.,0.698305311793));
#1713 = PCURVE('',#72,#1714);
#1714 = DEFINITIONAL_REPRESENTATION('',(#1715),#1719);
#1715 = LINE('',#1716,#1717);
#1716 = CARTESIAN_POINT('',(-13.19686594963,-10.80115932635));
#1717 = VECTOR('',#1718,1.);
#1718 = DIRECTION('',(-0.698305311793,-0.715800035989));
#1719 = ( GEOMETRIC_REPRESENTATION_CONTEXT(2) 
PARAMETRIC_REPRESENTATION_CONTEXT() REPRESENTATION_CONTEXT('2D SPACE',''
  ) );
#1720 = PCURVE('',#1721,#1726);
#1721 = PLANE('',#1722);
#1722 = AXIS2_PLACEMENT_3D('',#1723,#1724,#1725);
#1723 = CARTESIAN_POINT('',(69.198840673649,401.,348.39686594963));
#1724 = DIRECTION('',(0.698305311793,-0.,0.715800035989));
#1725 = DIRECTION('',(-0.715800035989,0.,0.698305311793));
#1726 = DEFINITIONAL_REPRESENTATION('',(#1727),#1731);
#1727 = LINE('',#1728,#1729);
#1728 = CARTESIAN_POINT('',(0.,-12.));
#1729 = VECTOR('',#1730,1.);
#1730 = DIRECTION('',(1.,0.));
#1731 = ( GEOMETRIC_REPRESENTATION_CONTEXT(2) 
PARAMETRIC_REPRESENTATION_CONTEXT() REPRESENTATION_CONTEXT('2D SPACE',''
  ) );
#1732 = ORIENTED_EDGE('',*,*,#1733,.T.);
#1733 = EDGE_CURVE('',#1706,#1734,#1736,.T.);
#1734 = VERTEX_POINT('',#1735);
#1735 = CARTESIAN_POINT('',(67.468606862726,413.,350.06034316524));
#1736 = SURFACE_CURVE('',#1737,(#1741,#1748),.PCURVE_S1.);
#1737 = LINE('',#1738,#1739);
#1738 = CARTESIAN_POINT('',(68.340142863869,413.,349.23457649957));
#1739 = VECTOR('',#1740,1.);
#1740 = DIRECTION('',(-0.725910690183,0.,0.687788971908));
#1741 = PCURVE('',#72,#1742);
#1742 = DEFINITIONAL_REPRESENTATION('',(#1743),#1747);
#1743 = LINE('',#1744,#1745);
#1744 = CARTESIAN_POINT('',(-14.03457649957,-11.65985713613));
#1745 = VECTOR('',#1746,1.);
#1746 = DIRECTION('',(-0.687788971908,-0.725910690183));
#1747 = ( GEOMETRIC_REPRESENTATION_CONTEXT(2) 
PARAMETRIC_REPRESENTATION_CONTEXT() REPRESENTATION_CONTEXT('2D SPACE',''
  ) );
#1748 = PCURVE('',#1749,#1754);
#1749 = PLANE('',#1750);
#1750 = AXIS2_PLACEMENT_3D('',#1751,#1752,#1753);
#1751 = CARTESIAN_POINT('',(68.340142863869,401.,349.23457649957));
#1752 = DIRECTION('',(0.687788971908,-0.,0.725910690183));
#1753 = DIRECTION('',(-0.725910690183,0.,0.687788971908));
#1754 = DEFINITIONAL_REPRESENTATION('',(#1755),#1759);
#1755 = LINE('',#1756,#1757);
#1756 = CARTESIAN_POINT('',(0.,-12.));
#1757 = VECTOR('',#1758,1.);
#1758 = DIRECTION('',(1.,0.));
#1759 = ( GEOMETRIC_REPRESENTATION_CONTEXT(2) 
PARAMETRIC_REPRESENTATION_CONTEXT() REPRESENTATION_CONTEXT('2D SPACE',''
  ) );
#1760 = ORIENTED_EDGE('',*,*,#1761,.T.);
#1761 = EDGE_CURVE('',#1734,#1762,#1764,.T.);
#1762 = VERTEX_POINT('',#1763);
#1763 = CARTESIAN_POINT('',(65.913439540273,413.,350.27392281648));
#1764 = SURFACE_CURVE('',#1765,(#1769,#1776),.PCURVE_S1.);
#1765 = LINE('',#1766,#1767);
#1766 = CARTESIAN_POINT('',(67.468606862726,413.,350.06034316524));
#1767 = VECTOR('',#1768,1.);
#1768 = DIRECTION('',(-0.990700822175,0.,0.136058373289));
#1769 = PCURVE('',#72,#1770);
#1770 = DEFINITIONAL_REPRESENTATION('',(#1771),#1775);
#1771 = LINE('',#1772,#1773);
#1772 = CARTESIAN_POINT('',(-14.86034316524,-12.53139313727));
#1773 = VECTOR('',#1774,1.);
#1774 = DIRECTION('',(-0.136058373289,-0.990700822175));
#1775 = ( GEOMETRIC_REPRESENTATION_CONTEXT(2) 
PARAMETRIC_REPRESENTATION_CONTEXT() REPRESENTATION_CONTEXT('2D SPACE',''
  ) );
#1776 = PCURVE('',#1777,#1782);
#1777 = PLANE('',#1778);
#1778 = AXIS2_PLACEMENT_3D('',#1779,#1780,#1781);
#1779 = CARTESIAN_POINT('',(67.468606862726,401.,350.06034316524));
#1780 = DIRECTION('',(0.136058373289,-0.,0.990700822175));
#1781 = DIRECTION('',(-0.990700822175,0.,0.136058373289));
#1782 = DEFINITIONAL_REPRESENTATION('',(#1783),#1787);
#1783 = LINE('',#1784,#1785);
#1784 = CARTESIAN_POINT('',(0.,-12.));
#1785 = VECTOR('',#1786,1.);
#1786 = DIRECTION('',(1.,0.));
#1787 = ( GEOMETRIC_REPRESENTATION_CONTEXT(2) 
PARAMETRIC_REPRESENTATION_CONTEXT() REPRESENTATION_CONTEXT('2D SPACE',''
  ) );
#1788 = ORIENTED_EDGE('',*,*,#1789,.T.);
#1789 = EDGE_CURVE('',#1762,#1790,#1792,.T.);
#1790 = VERTEX_POINT('',#1791);
#1791 = CARTESIAN_POINT('',(65.269331546057,413.,349.64512864473));
#1792 = SURFACE_CURVE('',#1793,(#1797,#1804),.PCURVE_S1.);
#1793 = LINE('',#1794,#1795);
#1794 = CARTESIAN_POINT('',(65.913439540273,413.,350.27392281648));
#1795 = VECTOR('',#1796,1.);
#1796 = DIRECTION('',(-0.715561943412,0.,-0.698549286121));
#1797 = PCURVE('',#72,#1798);
#1798 = DEFINITIONAL_REPRESENTATION('',(#1799),#1803);
#1799 = LINE('',#1800,#1801);
#1800 = CARTESIAN_POINT('',(-15.07392281648,-14.08656045972));
#1801 = VECTOR('',#1802,1.);
#1802 = DIRECTION('',(0.698549286121,-0.715561943412));
#1803 = ( GEOMETRIC_REPRESENTATION_CONTEXT(2) 
PARAMETRIC_REPRESENTATION_CONTEXT() REPRESENTATION_CONTEXT('2D SPACE',''
  ) );
#1804 = PCURVE('',#1805,#1810);
#1805 = PLANE('',#1806);
#1806 = AXIS2_PLACEMENT_3D('',#1807,#1808,#1809);
#1807 = CARTESIAN_POINT('',(65.913439540273,401.,350.27392281648));
#1808 = DIRECTION('',(-0.698549286121,0.,0.715561943412));
#1809 = DIRECTION('',(-0.715561943412,0.,-0.698549286121));
#1810 = DEFINITIONAL_REPRESENTATION('',(#1811),#1815);
#1811 = LINE('',#1812,#1813);
#1812 = CARTESIAN_POINT('',(0.,-12.));
#1813 = VECTOR('',#1814,1.);
#1814 = DIRECTION('',(1.,0.));
#1815 = ( GEOMETRIC_REPRESENTATION_CONTEXT(2) 
PARAMETRIC_REPRESENTATION_CONTEXT() REPRESENTATION_CONTEXT('2D SPACE',''
  ) );
#1816 = ORIENTED_EDGE('',*,*,#1817,.T.);
#1817 = EDGE_CURVE('',#1790,#1818,#1820,.T.);
#1818 = VERTEX_POINT('',#1819);
#1819 = CARTESIAN_POINT('',(64.653264216479,413.,348.9888373496));
#1820 = SURFACE_CURVE('',#1821,(#1825,#1832),.PCURVE_S1.);
#1821 = LINE('',#1822,#1823);
#1822 = CARTESIAN_POINT('',(65.269331546057,413.,349.64512864473));
#1823 = VECTOR('',#1824,1.);
#1824 = DIRECTION('',(-0.684410595092,0.,-0.72909679558));
#1825 = PCURVE('',#72,#1826);
#1826 = DEFINITIONAL_REPRESENTATION('',(#1827),#1831);
#1827 = LINE('',#1828,#1829);
#1828 = CARTESIAN_POINT('',(-14.44512864473,-14.73066845394));
#1829 = VECTOR('',#1830,1.);
#1830 = DIRECTION('',(0.72909679558,-0.684410595092));
#1831 = ( GEOMETRIC_REPRESENTATION_CONTEXT(2) 
PARAMETRIC_REPRESENTATION_CONTEXT() REPRESENTATION_CONTEXT('2D SPACE',''
  ) );
#1832 = PCURVE('',#1833,#1838);
#1833 = PLANE('',#1834);
#1834 = AXIS2_PLACEMENT_3D('',#1835,#1836,#1837);
#1835 = CARTESIAN_POINT('',(65.269331546057,401.,349.64512864473));
#1836 = DIRECTION('',(-0.72909679558,0.,0.684410595092));
#1837 = DIRECTION('',(-0.684410595092,0.,-0.72909679558));
#1838 = DEFINITIONAL_REPRESENTATION('',(#1839),#1843);
#1839 = LINE('',#1840,#1841);
#1840 = CARTESIAN_POINT('',(0.,-12.));
#1841 = VECTOR('',#1842,1.);
#1842 = DIRECTION('',(1.,0.));
#1843 = ( GEOMETRIC_REPRESENTATION_CONTEXT(2) 
PARAMETRIC_REPRESENTATION_CONTEXT() REPRESENTATION_CONTEXT('2D SPACE',''
  ) );
#1844 = ORIENTED_EDGE('',*,*,#1845,.T.);
#1845 = EDGE_CURVE('',#1818,#1846,#1848,.T.);
#1846 = VERTEX_POINT('',#1847);
#1847 = CARTESIAN_POINT('',(64.066410270717,413.,348.30629821886));
#1848 = SURFACE_CURVE('',#1849,(#1853,#1860),.PCURVE_S1.);
#1849 = LINE('',#1850,#1851);
#1850 = CARTESIAN_POINT('',(64.653264216479,413.,348.9888373496));
#1851 = VECTOR('',#1852,1.);
#1852 = DIRECTION('',(-0.651956432306,0.,-0.75825642785));
#1853 = PCURVE('',#72,#1854);
#1854 = DEFINITIONAL_REPRESENTATION('',(#1855),#1859);
#1855 = LINE('',#1856,#1857);
#1856 = CARTESIAN_POINT('',(-13.7888373496,-15.34673578352));
#1857 = VECTOR('',#1858,1.);
#1858 = DIRECTION('',(0.75825642785,-0.651956432306));
#1859 = ( GEOMETRIC_REPRESENTATION_CONTEXT(2) 
PARAMETRIC_REPRESENTATION_CONTEXT() REPRESENTATION_CONTEXT('2D SPACE',''
  ) );
#1860 = PCURVE('',#1861,#1866);
#1861 = PLANE('',#1862);
#1862 = AXIS2_PLACEMENT_3D('',#1863,#1864,#1865);
#1863 = CARTESIAN_POINT('',(64.653264216479,401.,348.9888373496));
#1864 = DIRECTION('',(-0.75825642785,0.,0.651956432306));
#1865 = DIRECTION('',(-0.651956432306,0.,-0.75825642785));
#1866 = DEFINITIONAL_REPRESENTATION('',(#1867),#1871);
#1867 = LINE('',#1868,#1869);
#1868 = CARTESIAN_POINT('',(0.,-12.));
#1869 = VECTOR('',#1870,1.);
#1870 = DIRECTION('',(1.,0.));
#1871 = ( GEOMETRIC_REPRESENTATION_CONTEXT(2) 
PARAMETRIC_REPRESENTATION_CONTEXT() REPRESENTATION_CONTEXT('2D SPACE',''
  ) );
#1872 = ORIENTED_EDGE('',*,*,#1873,.T.);
#1873 = EDGE_CURVE('',#1846,#1874,#1876,.T.);
#1874 = VERTEX_POINT('',#1875);
#1875 = CARTESIAN_POINT('',(63.509886818611,413.,347.59881050455));
#1876 = SURFACE_CURVE('',#1877,(#1881,#1888),.PCURVE_S1.);
#1877 = LINE('',#1878,#1879);
#1878 = CARTESIAN_POINT('',(64.066410270717,413.,348.30629821886));
#1879 = VECTOR('',#1880,1.);
#1880 = DIRECTION('',(-0.618261233395,0.,-0.785972675912));
#1881 = PCURVE('',#72,#1882);
#1882 = DEFINITIONAL_REPRESENTATION('',(#1883),#1887);
#1883 = LINE('',#1884,#1885);
#1884 = CARTESIAN_POINT('',(-13.10629821886,-15.93358972928));
#1885 = VECTOR('',#1886,1.);
#1886 = DIRECTION('',(0.785972675912,-0.618261233395));
#1887 = ( GEOMETRIC_REPRESENTATION_CONTEXT(2) 
PARAMETRIC_REPRESENTATION_CONTEXT() REPRESENTATION_CONTEXT('2D SPACE',''
  ) );
#1888 = PCURVE('',#1889,#1894);
#1889 = PLANE('',#1890);
#1890 = AXIS2_PLACEMENT_3D('',#1891,#1892,#1893);
#1891 = CARTESIAN_POINT('',(64.066410270717,401.,348.30629821886));
#1892 = DIRECTION('',(-0.785972675912,0.,0.618261233395));
#1893 = DIRECTION('',(-0.618261233395,0.,-0.785972675912));
#1894 = DEFINITIONAL_REPRESENTATION('',(#1895),#1899);
#1895 = LINE('',#1896,#1897);
#1896 = CARTESIAN_POINT('',(0.,-12.));
#1897 = VECTOR('',#1898,1.);
#1898 = DIRECTION('',(1.,0.));
#1899 = ( GEOMETRIC_REPRESENTATION_CONTEXT(2) 
PARAMETRIC_REPRESENTATION_CONTEXT() REPRESENTATION_CONTEXT('2D SPACE',''
  ) );
#1900 = ORIENTED_EDGE('',*,*,#1901,.T.);
#1901 = EDGE_CURVE('',#1874,#1902,#1904,.T.);
#1902 = VERTEX_POINT('',#1903);
#1903 = CARTESIAN_POINT('',(67.652644211138,413.,345.15542772352));
#1904 = SURFACE_CURVE('',#1905,(#1909,#1916),.PCURVE_S1.);
#1905 = LINE('',#1906,#1907);
#1906 = CARTESIAN_POINT('',(63.509886818611,413.,347.59881050455));
#1907 = VECTOR('',#1908,1.);
#1908 = DIRECTION('',(0.861346054958,0.,-0.508018674468));
#1909 = PCURVE('',#72,#1910);
#1910 = DEFINITIONAL_REPRESENTATION('',(#1911),#1915);
#1911 = LINE('',#1912,#1913);
#1912 = CARTESIAN_POINT('',(-12.39881050455,-16.49011318138));
#1913 = VECTOR('',#1914,1.);
#1914 = DIRECTION('',(0.508018674468,0.861346054958));
#1915 = ( GEOMETRIC_REPRESENTATION_CONTEXT(2) 
PARAMETRIC_REPRESENTATION_CONTEXT() REPRESENTATION_CONTEXT('2D SPACE',''
  ) );
#1916 = PCURVE('',#1917,#1922);
#1917 = PLANE('',#1918);
#1918 = AXIS2_PLACEMENT_3D('',#1919,#1920,#1921);
#1919 = CARTESIAN_POINT('',(63.509886818611,401.,347.59881050455));
#1920 = DIRECTION('',(-0.508018674468,0.,-0.861346054958));
#1921 = DIRECTION('',(0.861346054958,0.,-0.508018674468));
#1922 = DEFINITIONAL_REPRESENTATION('',(#1923),#1927);
#1923 = LINE('',#1924,#1925);
#1924 = CARTESIAN_POINT('',(0.,-12.));
#1925 = VECTOR('',#1926,1.);
#1926 = DIRECTION('',(1.,0.));
#1927 = ( GEOMETRIC_REPRESENTATION_CONTEXT(2) 
PARAMETRIC_REPRESENTATION_CONTEXT() REPRESENTATION_CONTEXT('2D SPACE',''
  ) );
#1928 = ORIENTED_EDGE('',*,*,#1929,.T.);
#1929 = EDGE_CURVE('',#1902,#1930,#1932,.T.);
#1930 = VERTEX_POINT('',#1931);
#1931 = CARTESIAN_POINT('',(66.919113046174,413.,344.16984574206));
#1932 = SURFACE_CURVE('',#1933,(#1937,#1944),.PCURVE_S1.);
#1933 = LINE('',#1934,#1935);
#1934 = CARTESIAN_POINT('',(67.652644211138,413.,345.15542772352));
#1935 = VECTOR('',#1936,1.);
#1936 = DIRECTION('',(-0.597049954854,0.,-0.802204058459));
#1937 = PCURVE('',#72,#1938);
#1938 = DEFINITIONAL_REPRESENTATION('',(#1939),#1943);
#1939 = LINE('',#1940,#1941);
#1940 = CARTESIAN_POINT('',(-9.955427723529,-12.34735578886));
#1941 = VECTOR('',#1942,1.);
#1942 = DIRECTION('',(0.802204058459,-0.597049954854));
#1943 = ( GEOMETRIC_REPRESENTATION_CONTEXT(2) 
PARAMETRIC_REPRESENTATION_CONTEXT() REPRESENTATION_CONTEXT('2D SPACE',''
  ) );
#1944 = PCURVE('',#1945,#1950);
#1945 = PLANE('',#1946);
#1946 = AXIS2_PLACEMENT_3D('',#1947,#1948,#1949);
#1947 = CARTESIAN_POINT('',(67.652644211138,401.,345.15542772352));
#1948 = DIRECTION('',(-0.802204058459,0.,0.597049954854));
#1949 = DIRECTION('',(-0.597049954854,0.,-0.802204058459));
#1950 = DEFINITIONAL_REPRESENTATION('',(#1951),#1955);
#1951 = LINE('',#1952,#1953);
#1952 = CARTESIAN_POINT('',(0.,-12.));
#1953 = VECTOR('',#1954,1.);
#1954 = DIRECTION('',(1.,0.));
#1955 = ( GEOMETRIC_REPRESENTATION_CONTEXT(2) 
PARAMETRIC_REPRESENTATION_CONTEXT() REPRESENTATION_CONTEXT('2D SPACE',''
  ) );
#1956 = ORIENTED_EDGE('',*,*,#1957,.T.);
#1957 = EDGE_CURVE('',#1930,#1958,#1960,.T.);
#1958 = VERTEX_POINT('',#1959);
#1959 = CARTESIAN_POINT('',(66.264068939407,413.,343.1304434954));
#1960 = SURFACE_CURVE('',#1961,(#1965,#1972),.PCURVE_S1.);
#1961 = LINE('',#1962,#1963);
#1962 = CARTESIAN_POINT('',(66.919113046174,413.,344.16984574206));
#1963 = VECTOR('',#1964,1.);
#1964 = DIRECTION('',(-0.533166241671,0.,-0.846010495645));
#1965 = PCURVE('',#72,#1966);
#1966 = DEFINITIONAL_REPRESENTATION('',(#1967),#1971);
#1967 = LINE('',#1968,#1969);
#1968 = CARTESIAN_POINT('',(-8.969845742061,-13.08088695382));
#1969 = VECTOR('',#1970,1.);
#1970 = DIRECTION('',(0.846010495645,-0.533166241671));
#1971 = ( GEOMETRIC_REPRESENTATION_CONTEXT(2) 
PARAMETRIC_REPRESENTATION_CONTEXT() REPRESENTATION_CONTEXT('2D SPACE',''
  ) );
#1972 = PCURVE('',#1973,#1978);
#1973 = PLANE('',#1974);
#1974 = AXIS2_PLACEMENT_3D('',#1975,#1976,#1977);
#1975 = CARTESIAN_POINT('',(66.919113046174,401.,344.16984574206));
#1976 = DIRECTION('',(-0.846010495645,0.,0.533166241671));
#1977 = DIRECTION('',(-0.533166241671,0.,-0.846010495645));
#1978 = DEFINITIONAL_REPRESENTATION('',(#1979),#1983);
#1979 = LINE('',#1980,#1981);
#1980 = CARTESIAN_POINT('',(0.,-12.));
#1981 = VECTOR('',#1982,1.);
#1982 = DIRECTION('',(1.,0.));
#1983 = ( GEOMETRIC_REPRESENTATION_CONTEXT(2) 
PARAMETRIC_REPRESENTATION_CONTEXT() REPRESENTATION_CONTEXT('2D SPACE',''
  ) );
#1984 = ORIENTED_EDGE('',*,*,#1985,.T.);
#1985 = EDGE_CURVE('',#1958,#1986,#1988,.T.);
#1986 = VERTEX_POINT('',#1987);
#1987 = CARTESIAN_POINT('',(65.691442242435,413.,342.04345753501));
#1988 = SURFACE_CURVE('',#1989,(#1993,#2000),.PCURVE_S1.);
#1989 = LINE('',#1990,#1991);
#1990 = CARTESIAN_POINT('',(66.264068939407,413.,343.1304434954));
#1991 = VECTOR('',#1992,1.);
#1992 = DIRECTION('',(-0.466083460261,0.,-0.88474075755));
#1993 = PCURVE('',#72,#1994);
#1994 = DEFINITIONAL_REPRESENTATION('',(#1995),#1999);
#1995 = LINE('',#1996,#1997);
#1996 = CARTESIAN_POINT('',(-7.930443495403,-13.73593106059));
#1997 = VECTOR('',#1998,1.);
#1998 = DIRECTION('',(0.88474075755,-0.466083460261));
#1999 = ( GEOMETRIC_REPRESENTATION_CONTEXT(2) 
PARAMETRIC_REPRESENTATION_CONTEXT() REPRESENTATION_CONTEXT('2D SPACE',''
  ) );
#2000 = PCURVE('',#2001,#2006);
#2001 = PLANE('',#2002);
#2002 = AXIS2_PLACEMENT_3D('',#2003,#2004,#2005);
#2003 = CARTESIAN_POINT('',(66.264068939407,401.,343.1304434954));
#2004 = DIRECTION('',(-0.88474075755,0.,0.466083460261));
#2005 = DIRECTION('',(-0.466083460261,0.,-0.88474075755));
#2006 = DEFINITIONAL_REPRESENTATION('',(#2007),#2011);
#2007 = LINE('',#2008,#2009);
#2008 = CARTESIAN_POINT('',(0.,-12.));
#2009 = VECTOR('',#2010,1.);
#2010 = DIRECTION('',(1.,0.));
#2011 = ( GEOMETRIC_REPRESENTATION_CONTEXT(2) 
PARAMETRIC_REPRESENTATION_CONTEXT() REPRESENTATION_CONTEXT('2D SPACE',''
  ) );
#2012 = ORIENTED_EDGE('',*,*,#2013,.T.);
#2013 = EDGE_CURVE('',#1986,#2014,#2016,.T.);
#2014 = VERTEX_POINT('',#2015);
#2015 = CARTESIAN_POINT('',(65.204668791453,413.,340.91540992095));
#2016 = SURFACE_CURVE('',#2017,(#2021,#2028),.PCURVE_S1.);
#2017 = LINE('',#2018,#2019);
#2018 = CARTESIAN_POINT('',(65.691442242435,413.,342.04345753501));
#2019 = VECTOR('',#2020,1.);
#2020 = DIRECTION('',(-0.396204116217,0.,-0.918162457462));
#2021 = PCURVE('',#72,#2022);
#2022 = DEFINITIONAL_REPRESENTATION('',(#2023),#2027);
#2023 = LINE('',#2024,#2025);
#2024 = CARTESIAN_POINT('',(-6.843457535015,-14.30855775756));
#2025 = VECTOR('',#2026,1.);
#2026 = DIRECTION('',(0.918162457462,-0.396204116217));
#2027 = ( GEOMETRIC_REPRESENTATION_CONTEXT(2) 
PARAMETRIC_REPRESENTATION_CONTEXT() REPRESENTATION_CONTEXT('2D SPACE',''
  ) );
#2028 = PCURVE('',#2029,#2034);
#2029 = PLANE('',#2030);
#2030 = AXIS2_PLACEMENT_3D('',#2031,#2032,#2033);
#2031 = CARTESIAN_POINT('',(65.691442242435,401.,342.04345753501));
#2032 = DIRECTION('',(-0.918162457462,0.,0.396204116217));
#2033 = DIRECTION('',(-0.396204116217,0.,-0.918162457462));
#2034 = DEFINITIONAL_REPRESENTATION('',(#2035),#2039);
#2035 = LINE('',#2036,#2037);
#2036 = CARTESIAN_POINT('',(0.,-12.));
#2037 = VECTOR('',#2038,1.);
#2038 = DIRECTION('',(1.,0.));
#2039 = ( GEOMETRIC_REPRESENTATION_CONTEXT(2) 
PARAMETRIC_REPRESENTATION_CONTEXT() REPRESENTATION_CONTEXT('2D SPACE',''
  ) );
#2040 = ORIENTED_EDGE('',*,*,#2041,.T.);
#2041 = EDGE_CURVE('',#2014,#2042,#2044,.T.);
#2042 = VERTEX_POINT('',#2043);
#2043 = CARTESIAN_POINT('',(64.047488658239,413.,341.22824149954));
#2044 = SURFACE_CURVE('',#2045,(#2049,#2056),.PCURVE_S1.);
#2045 = LINE('',#2046,#2047);
#2046 = CARTESIAN_POINT('',(65.204668791453,413.,340.91540992095));
#2047 = VECTOR('',#2048,1.);
#2048 = DIRECTION('',(-0.965346541434,0.,0.26097136805));
#2049 = PCURVE('',#72,#2050);
#2050 = DEFINITIONAL_REPRESENTATION('',(#2051),#2055);
#2051 = LINE('',#2052,#2053);
#2052 = CARTESIAN_POINT('',(-5.715409920955,-14.79533120854));
#2053 = VECTOR('',#2054,1.);
#2054 = DIRECTION('',(-0.26097136805,-0.965346541434));
#2055 = ( GEOMETRIC_REPRESENTATION_CONTEXT(2) 
PARAMETRIC_REPRESENTATION_CONTEXT() REPRESENTATION_CONTEXT('2D SPACE',''
  ) );
#2056 = PCURVE('',#2057,#2062);
#2057 = PLANE('',#2058);
#2058 = AXIS2_PLACEMENT_3D('',#2059,#2060,#2061);
#2059 = CARTESIAN_POINT('',(65.204668791453,401.,340.91540992095));
#2060 = DIRECTION('',(0.26097136805,-0.,0.965346541434));
#2061 = DIRECTION('',(-0.965346541434,0.,0.26097136805));
#2062 = DEFINITIONAL_REPRESENTATION('',(#2063),#2067);
#2063 = LINE('',#2064,#2065);
#2064 = CARTESIAN_POINT('',(0.,-12.));
#2065 = VECTOR('',#2066,1.);
#2066 = DIRECTION('',(1.,0.));
#2067 = ( GEOMETRIC_REPRESENTATION_CONTEXT(2) 
PARAMETRIC_REPRESENTATION_CONTEXT() REPRESENTATION_CONTEXT('2D SPACE',''
  ) );
#2068 = ORIENTED_EDGE('',*,*,#2069,.T.);
#2069 = EDGE_CURVE('',#2042,#2070,#2072,.T.);
#2070 = VERTEX_POINT('',#2071);
#2071 = CARTESIAN_POINT('',(62.884979265825,413.,341.52437121192));
#2072 = SURFACE_CURVE('',#2073,(#2077,#2084),.PCURVE_S1.);
#2073 = LINE('',#2074,#2075);
#2074 = CARTESIAN_POINT('',(64.047488658239,413.,341.22824149954));
#2075 = VECTOR('',#2076,1.);
#2076 = DIRECTION('',(-0.969053671093,0.,0.246850121616));
#2077 = PCURVE('',#72,#2078);
#2078 = DEFINITIONAL_REPRESENTATION('',(#2079),#2083);
#2079 = LINE('',#2080,#2081);
#2080 = CARTESIAN_POINT('',(-6.028241499548,-15.95251134176));
#2081 = VECTOR('',#2082,1.);
#2082 = DIRECTION('',(-0.246850121616,-0.969053671093));
#2083 = ( GEOMETRIC_REPRESENTATION_CONTEXT(2) 
PARAMETRIC_REPRESENTATION_CONTEXT() REPRESENTATION_CONTEXT('2D SPACE',''
  ) );
#2084 = PCURVE('',#2085,#2090);
#2085 = PLANE('',#2086);
#2086 = AXIS2_PLACEMENT_3D('',#2087,#2088,#2089);
#2087 = CARTESIAN_POINT('',(64.047488658239,401.,341.22824149954));
#2088 = DIRECTION('',(0.246850121616,-0.,0.969053671093));
#2089 = DIRECTION('',(-0.969053671093,0.,0.246850121616));
#2090 = DEFINITIONAL_REPRESENTATION('',(#2091),#2095);
#2091 = LINE('',#2092,#2093);
#2092 = CARTESIAN_POINT('',(0.,-12.));
#2093 = VECTOR('',#2094,1.);
#2094 = DIRECTION('',(1.,0.));
#2095 = ( GEOMETRIC_REPRESENTATION_CONTEXT(2) 
PARAMETRIC_REPRESENTATION_CONTEXT() REPRESENTATION_CONTEXT('2D SPACE',''
  ) );
#2096 = ORIENTED_EDGE('',*,*,#2097,.T.);
#2097 = EDGE_CURVE('',#2070,#2098,#2100,.T.);
#2098 = VERTEX_POINT('',#2099);
#2099 = CARTESIAN_POINT('',(61.717323615688,413.,341.80373812142));
#2100 = SURFACE_CURVE('',#2101,(#2105,#2112),.PCURVE_S1.);
#2101 = LINE('',#2102,#2103);
#2102 = CARTESIAN_POINT('',(62.884979265825,413.,341.52437121192));
#2103 = VECTOR('',#2104,1.);
#2104 = DIRECTION('',(-0.972551584531,0.,0.232687377023));
#2105 = PCURVE('',#72,#2106);
#2106 = DEFINITIONAL_REPRESENTATION('',(#2107),#2111);
#2107 = LINE('',#2108,#2109);
#2108 = CARTESIAN_POINT('',(-6.324371211923,-17.11502073417));
#2109 = VECTOR('',#2110,1.);
#2110 = DIRECTION('',(-0.232687377023,-0.972551584531));
#2111 = ( GEOMETRIC_REPRESENTATION_CONTEXT(2) 
PARAMETRIC_REPRESENTATION_CONTEXT() REPRESENTATION_CONTEXT('2D SPACE',''
  ) );
#2112 = PCURVE('',#2113,#2118);
#2113 = PLANE('',#2114);
#2114 = AXIS2_PLACEMENT_3D('',#2115,#2116,#2117);
#2115 = CARTESIAN_POINT('',(62.884979265825,401.,341.52437121192));
#2116 = DIRECTION('',(0.232687377023,-0.,0.972551584531));
#2117 = DIRECTION('',(-0.972551584531,0.,0.232687377023));
#2118 = DEFINITIONAL_REPRESENTATION('',(#2119),#2123);
#2119 = LINE('',#2120,#2121);
#2120 = CARTESIAN_POINT('',(0.,-12.));
#2121 = VECTOR('',#2122,1.);
#2122 = DIRECTION('',(1.,0.));
#2123 = ( GEOMETRIC_REPRESENTATION_CONTEXT(2) 
PARAMETRIC_REPRESENTATION_CONTEXT() REPRESENTATION_CONTEXT('2D SPACE',''
  ) );
#2124 = ORIENTED_EDGE('',*,*,#2125,.T.);
#2125 = EDGE_CURVE('',#2098,#2126,#2128,.T.);
#2126 = VERTEX_POINT('',#2127);
#2127 = CARTESIAN_POINT('',(60.263719381687,413.,341.2111198639));
#2128 = SURFACE_CURVE('',#2129,(#2133,#2140),.PCURVE_S1.);
#2129 = LINE('',#2130,#2131);
#2130 = CARTESIAN_POINT('',(61.717323615688,413.,341.80373812142));
#2131 = VECTOR('',#2132,1.);
#2132 = DIRECTION('',(-0.926001266198,0.,-0.377520403422));
#2133 = PCURVE('',#72,#2134);
#2134 = DEFINITIONAL_REPRESENTATION('',(#2135),#2139);
#2135 = LINE('',#2136,#2137);
#2136 = CARTESIAN_POINT('',(-6.603738121421,-18.28267638431));
#2137 = VECTOR('',#2138,1.);
#2138 = DIRECTION('',(0.377520403422,-0.926001266198));
#2139 = ( GEOMETRIC_REPRESENTATION_CONTEXT(2) 
PARAMETRIC_REPRESENTATION_CONTEXT() REPRESENTATION_CONTEXT('2D SPACE',''
  ) );
#2140 = PCURVE('',#2141,#2146);
#2141 = PLANE('',#2142);
#2142 = AXIS2_PLACEMENT_3D('',#2143,#2144,#2145);
#2143 = CARTESIAN_POINT('',(61.717323615688,401.,341.80373812142));
#2144 = DIRECTION('',(-0.377520403422,0.,0.926001266198));
#2145 = DIRECTION('',(-0.926001266198,0.,-0.377520403422));
#2146 = DEFINITIONAL_REPRESENTATION('',(#2147),#2151);
#2147 = LINE('',#2148,#2149);
#2148 = CARTESIAN_POINT('',(0.,-12.));
#2149 = VECTOR('',#2150,1.);
#2150 = DIRECTION('',(1.,0.));
#2151 = ( GEOMETRIC_REPRESENTATION_CONTEXT(2) 
PARAMETRIC_REPRESENTATION_CONTEXT() REPRESENTATION_CONTEXT('2D SPACE',''
  ) );
#2152 = ORIENTED_EDGE('',*,*,#2153,.T.);
#2153 = EDGE_CURVE('',#2126,#2154,#2156,.T.);
#2154 = VERTEX_POINT('',#2155);
#2155 = CARTESIAN_POINT('',(60.020302581791,413.,340.3445141403));
#2156 = SURFACE_CURVE('',#2157,(#2161,#2168),.PCURVE_S1.);
#2157 = LINE('',#2158,#2159);
#2158 = CARTESIAN_POINT('',(60.263719381687,413.,341.2111198639));
#2159 = VECTOR('',#2160,1.);
#2160 = DIRECTION('',(-0.270420177916,0.,-0.962742399282));
#2161 = PCURVE('',#72,#2162);
#2162 = DEFINITIONAL_REPRESENTATION('',(#2163),#2167);
#2163 = LINE('',#2164,#2165);
#2164 = CARTESIAN_POINT('',(-6.011119863901,-19.73628061831));
#2165 = VECTOR('',#2166,1.);
#2166 = DIRECTION('',(0.962742399282,-0.270420177916));
#2167 = ( GEOMETRIC_REPRESENTATION_CONTEXT(2) 
PARAMETRIC_REPRESENTATION_CONTEXT() REPRESENTATION_CONTEXT('2D SPACE',''
  ) );
#2168 = PCURVE('',#2169,#2174);
#2169 = PLANE('',#2170);
#2170 = AXIS2_PLACEMENT_3D('',#2171,#2172,#2173);
#2171 = CARTESIAN_POINT('',(60.263719381687,401.,341.2111198639));
#2172 = DIRECTION('',(-0.962742399282,0.,0.270420177916));
#2173 = DIRECTION('',(-0.270420177916,0.,-0.962742399282));
#2174 = DEFINITIONAL_REPRESENTATION('',(#2175),#2179);
#2175 = LINE('',#2176,#2177);
#2176 = CARTESIAN_POINT('',(0.,-12.));
#2177 = VECTOR('',#2178,1.);
#2178 = DIRECTION('',(1.,0.));
#2179 = ( GEOMETRIC_REPRESENTATION_CONTEXT(2) 
PARAMETRIC_REPRESENTATION_CONTEXT() REPRESENTATION_CONTEXT('2D SPACE',''
  ) );
#2180 = ORIENTED_EDGE('',*,*,#2181,.T.);
#2181 = EDGE_CURVE('',#2154,#2182,#2184,.T.);
#2182 = VERTEX_POINT('',#2183);
#2183 = CARTESIAN_POINT('',(59.814918271502,413.,339.46811554164));
#2184 = SURFACE_CURVE('',#2185,(#2189,#2196),.PCURVE_S1.);
#2185 = LINE('',#2186,#2187);
#2186 = CARTESIAN_POINT('',(60.020302581791,413.,340.3445141403));
#2187 = VECTOR('',#2188,1.);
#2188 = DIRECTION('',(-0.228168564179,0.,-0.973621644336));
#2189 = PCURVE('',#72,#2190);
#2190 = DEFINITIONAL_REPRESENTATION('',(#2191),#2195);
#2191 = LINE('',#2192,#2193);
#2192 = CARTESIAN_POINT('',(-5.144514140304,-19.9796974182));
#2193 = VECTOR('',#2194,1.);
#2194 = DIRECTION('',(0.973621644336,-0.228168564179));
#2195 = ( GEOMETRIC_REPRESENTATION_CONTEXT(2) 
PARAMETRIC_REPRESENTATION_CONTEXT() REPRESENTATION_CONTEXT('2D SPACE',''
  ) );
#2196 = PCURVE('',#2197,#2202);
#2197 = PLANE('',#2198);
#2198 = AXIS2_PLACEMENT_3D('',#2199,#2200,#2201);
#2199 = CARTESIAN_POINT('',(60.020302581791,401.,340.3445141403));
#2200 = DIRECTION('',(-0.973621644336,0.,0.228168564179));
#2201 = DIRECTION('',(-0.228168564179,0.,-0.973621644336));
#2202 = DEFINITIONAL_REPRESENTATION('',(#2203),#2207);
#2203 = LINE('',#2204,#2205);
#2204 = CARTESIAN_POINT('',(0.,-12.));
#2205 = VECTOR('',#2206,1.);
#2206 = DIRECTION('',(1.,0.));
#2207 = ( GEOMETRIC_REPRESENTATION_CONTEXT(2) 
PARAMETRIC_REPRESENTATION_CONTEXT() REPRESENTATION_CONTEXT('2D SPACE',''
  ) );
#2208 = ORIENTED_EDGE('',*,*,#2209,.T.);
#2209 = EDGE_CURVE('',#2182,#2210,#2212,.T.);
#2210 = VERTEX_POINT('',#2211);
#2211 = CARTESIAN_POINT('',(59.647957411529,413.,338.58359234247));
#2212 = SURFACE_CURVE('',#2213,(#2217,#2224),.PCURVE_S1.);
#2213 = LINE('',#2214,#2215);
#2214 = CARTESIAN_POINT('',(59.814918271502,413.,339.46811554164));
#2215 = VECTOR('',#2216,1.);
#2216 = DIRECTION('',(-0.185482618612,0.,-0.982647545253));
#2217 = PCURVE('',#72,#2218);
#2218 = DEFINITIONAL_REPRESENTATION('',(#2219),#2223);
#2219 = LINE('',#2220,#2221);
#2220 = CARTESIAN_POINT('',(-4.268115541647,-20.18508172849));
#2221 = VECTOR('',#2222,1.);
#2222 = DIRECTION('',(0.982647545253,-0.185482618612));
#2223 = ( GEOMETRIC_REPRESENTATION_CONTEXT(2) 
PARAMETRIC_REPRESENTATION_CONTEXT() REPRESENTATION_CONTEXT('2D SPACE',''
  ) );
#2224 = PCURVE('',#2225,#2230);
#2225 = PLANE('',#2226);
#2226 = AXIS2_PLACEMENT_3D('',#2227,#2228,#2229);
#2227 = CARTESIAN_POINT('',(59.814918271502,401.,339.46811554164));
#2228 = DIRECTION('',(-0.982647545253,0.,0.185482618612));
#2229 = DIRECTION('',(-0.185482618612,0.,-0.982647545253));
#2230 = DEFINITIONAL_REPRESENTATION('',(#2231),#2235);
#2231 = LINE('',#2232,#2233);
#2232 = CARTESIAN_POINT('',(0.,-12.));
#2233 = VECTOR('',#2234,1.);
#2234 = DIRECTION('',(1.,0.));
#2235 = ( GEOMETRIC_REPRESENTATION_CONTEXT(2) 
PARAMETRIC_REPRESENTATION_CONTEXT() REPRESENTATION_CONTEXT('2D SPACE',''
  ) );
#2236 = ORIENTED_EDGE('',*,*,#2237,.T.);
#2237 = EDGE_CURVE('',#2210,#2238,#2240,.T.);
#2238 = VERTEX_POINT('',#2239);
#2239 = CARTESIAN_POINT('',(59.519737821357,413.,337.69262828296));
#2240 = SURFACE_CURVE('',#2241,(#2245,#2252),.PCURVE_S1.);
#2241 = LINE('',#2242,#2243);
#2242 = CARTESIAN_POINT('',(59.647957411529,413.,338.58359234247));
#2243 = VECTOR('',#2244,1.);
#2244 = DIRECTION('',(-0.142443596339,0.,-0.989802920718));
#2245 = PCURVE('',#72,#2246);
#2246 = DEFINITIONAL_REPRESENTATION('',(#2247),#2251);
#2247 = LINE('',#2248,#2249);
#2248 = CARTESIAN_POINT('',(-3.383592342472,-20.35204258847));
#2249 = VECTOR('',#2250,1.);
#2250 = DIRECTION('',(0.989802920718,-0.142443596339));
#2251 = ( GEOMETRIC_REPRESENTATION_CONTEXT(2) 
PARAMETRIC_REPRESENTATION_CONTEXT() REPRESENTATION_CONTEXT('2D SPACE',''
  ) );
#2252 = PCURVE('',#2253,#2258);
#2253 = PLANE('',#2254);
#2254 = AXIS2_PLACEMENT_3D('',#2255,#2256,#2257);
#2255 = CARTESIAN_POINT('',(59.647957411529,401.,338.58359234247));
#2256 = DIRECTION('',(-0.989802920718,0.,0.142443596339));
#2257 = DIRECTION('',(-0.142443596339,0.,-0.989802920718));
#2258 = DEFINITIONAL_REPRESENTATION('',(#2259),#2263);
#2259 = LINE('',#2260,#2261);
#2260 = CARTESIAN_POINT('',(0.,-12.));
#2261 = VECTOR('',#2262,1.);
#2262 = DIRECTION('',(1.,0.));
#2263 = ( GEOMETRIC_REPRESENTATION_CONTEXT(2) 
PARAMETRIC_REPRESENTATION_CONTEXT() REPRESENTATION_CONTEXT('2D SPACE',''
  ) );
#2264 = ORIENTED_EDGE('',*,*,#2265,.T.);
#2265 = EDGE_CURVE('',#2238,#2266,#2268,.T.);
#2266 = VERTEX_POINT('',#2267);
#2267 = CARTESIAN_POINT('',(64.329162355516,413.,337.64797541968));
#2268 = SURFACE_CURVE('',#2269,(#2273,#2280),.PCURVE_S1.);
#2269 = LINE('',#2270,#2271);
#2270 = CARTESIAN_POINT('',(59.519737821357,413.,337.69262828296));
#2271 = VECTOR('',#2272,1.);
#2272 = DIRECTION('',(0.999956902277,0.,-9.284050206738E-03));
#2273 = PCURVE('',#72,#2274);
#2274 = DEFINITIONAL_REPRESENTATION('',(#2275),#2279);
#2275 = LINE('',#2276,#2277);
#2276 = CARTESIAN_POINT('',(-2.492628282962,-20.48026217864));
#2277 = VECTOR('',#2278,1.);
#2278 = DIRECTION('',(9.284050206738E-03,0.999956902277));
#2279 = ( GEOMETRIC_REPRESENTATION_CONTEXT(2) 
PARAMETRIC_REPRESENTATION_CONTEXT() REPRESENTATION_CONTEXT('2D SPACE',''
  ) );
#2280 = PCURVE('',#2281,#2286);
#2281 = PLANE('',#2282);
#2282 = AXIS2_PLACEMENT_3D('',#2283,#2284,#2285);
#2283 = CARTESIAN_POINT('',(59.519737821357,401.,337.69262828296));
#2284 = DIRECTION('',(-9.284050206738E-03,0.,-0.999956902277));
#2285 = DIRECTION('',(0.999956902277,0.,-9.284050206738E-03));
#2286 = DEFINITIONAL_REPRESENTATION('',(#2287),#2291);
#2287 = LINE('',#2288,#2289);
#2288 = CARTESIAN_POINT('',(0.,-12.));
#2289 = VECTOR('',#2290,1.);
#2290 = DIRECTION('',(1.,0.));
#2291 = ( GEOMETRIC_REPRESENTATION_CONTEXT(2) 
PARAMETRIC_REPRESENTATION_CONTEXT() REPRESENTATION_CONTEXT('2D SPACE',''
  ) );
#2292 = ORIENTED_EDGE('',*,*,#2293,.T.);
#2293 = EDGE_CURVE('',#2266,#2294,#2296,.T.);
#2294 = VERTEX_POINT('',#2295);
#2295 = CARTESIAN_POINT('',(64.186696722924,413.,336.42767080374));
#2296 = SURFACE_CURVE('',#2297,(#2301,#2308),.PCURVE_S1.);
#2297 = LINE('',#2298,#2299);
#2298 = CARTESIAN_POINT('',(64.329162355516,413.,337.64797541968));
#2299 = VECTOR('',#2300,1.);
#2300 = DIRECTION('',(-0.115958399003,0.,-0.993254071072));
#2301 = PCURVE('',#72,#2302);
#2302 = DEFINITIONAL_REPRESENTATION('',(#2303),#2307);
#2303 = LINE('',#2304,#2305);
#2304 = CARTESIAN_POINT('',(-2.447975419685,-15.67083764448));
#2305 = VECTOR('',#2306,1.);
#2306 = DIRECTION('',(0.993254071072,-0.115958399003));
#2307 = ( GEOMETRIC_REPRESENTATION_CONTEXT(2) 
PARAMETRIC_REPRESENTATION_CONTEXT() REPRESENTATION_CONTEXT('2D SPACE',''
  ) );
#2308 = PCURVE('',#2309,#2314);
#2309 = PLANE('',#2310);
#2310 = AXIS2_PLACEMENT_3D('',#2311,#2312,#2313);
#2311 = CARTESIAN_POINT('',(64.329162355516,401.,337.64797541968));
#2312 = DIRECTION('',(-0.993254071072,0.,0.115958399003));
#2313 = DIRECTION('',(-0.115958399003,0.,-0.993254071072));
#2314 = DEFINITIONAL_REPRESENTATION('',(#2315),#2319);
#2315 = LINE('',#2316,#2317);
#2316 = CARTESIAN_POINT('',(0.,-12.));
#2317 = VECTOR('',#2318,1.);
#2318 = DIRECTION('',(1.,0.));
#2319 = ( GEOMETRIC_REPRESENTATION_CONTEXT(2) 
PARAMETRIC_REPRESENTATION_CONTEXT() REPRESENTATION_CONTEXT('2D SPACE',''
  ) );
#2320 = ORIENTED_EDGE('',*,*,#2321,.T.);
#2321 = EDGE_CURVE('',#2294,#2322,#2324,.T.);
#2322 = VERTEX_POINT('',#2323);
#2323 = CARTESIAN_POINT('',(64.139113009193,413.,335.2));
#2324 = SURFACE_CURVE('',#2325,(#2329,#2336),.PCURVE_S1.);
#2325 = LINE('',#2326,#2327);
#2326 = CARTESIAN_POINT('',(64.186696722924,413.,336.42767080374));
#2327 = VECTOR('',#2328,1.);
#2328 = DIRECTION('',(-3.873026190514E-02,0.,-0.999249701933));
#2329 = PCURVE('',#72,#2330);
#2330 = DEFINITIONAL_REPRESENTATION('',(#2331),#2335);
#2331 = LINE('',#2332,#2333);
#2332 = CARTESIAN_POINT('',(-1.22767080374,-15.81330327707));
#2333 = VECTOR('',#2334,1.);
#2334 = DIRECTION('',(0.999249701933,-3.873026190514E-02));
#2335 = ( GEOMETRIC_REPRESENTATION_CONTEXT(2) 
PARAMETRIC_REPRESENTATION_CONTEXT() REPRESENTATION_CONTEXT('2D SPACE',''
  ) );
#2336 = PCURVE('',#2337,#2342);
#2337 = PLANE('',#2338);
#2338 = AXIS2_PLACEMENT_3D('',#2339,#2340,#2341);
#2339 = CARTESIAN_POINT('',(64.186696722924,401.,336.42767080374));
#2340 = DIRECTION('',(-0.999249701933,0.,3.873026190514E-02));
#2341 = DIRECTION('',(-3.873026190514E-02,0.,-0.999249701933));
#2342 = DEFINITIONAL_REPRESENTATION('',(#2343),#2347);
#2343 = LINE('',#2344,#2345);
#2344 = CARTESIAN_POINT('',(0.,-12.));
#2345 = VECTOR('',#2346,1.);
#2346 = DIRECTION('',(1.,0.));
#2347 = ( GEOMETRIC_REPRESENTATION_CONTEXT(2) 
PARAMETRIC_REPRESENTATION_CONTEXT() REPRESENTATION_CONTEXT('2D SPACE',''
  ) );
#2348 = ORIENTED_EDGE('',*,*,#2349,.T.);
#2349 = EDGE_CURVE('',#2322,#2350,#2352,.T.);
#2350 = VERTEX_POINT('',#2351);
#2351 = CARTESIAN_POINT('',(64.186696722924,413.,333.97232919626));
#2352 = SURFACE_CURVE('',#2353,(#2357,#2364),.PCURVE_S1.);
#2353 = LINE('',#2354,#2355);
#2354 = CARTESIAN_POINT('',(64.139113009193,413.,335.2));
#2355 = VECTOR('',#2356,1.);
#2356 = DIRECTION('',(3.873026190514E-02,0.,-0.999249701933));
#2357 = PCURVE('',#72,#2358);
#2358 = DEFINITIONAL_REPRESENTATION('',(#2359),#2363);
#2359 = LINE('',#2360,#2361);
#2360 = CARTESIAN_POINT('',(0.,-15.8608869908));
#2361 = VECTOR('',#2362,1.);
#2362 = DIRECTION('',(0.999249701933,3.873026190514E-02));
#2363 = ( GEOMETRIC_REPRESENTATION_CONTEXT(2) 
PARAMETRIC_REPRESENTATION_CONTEXT() REPRESENTATION_CONTEXT('2D SPACE',''
  ) );
#2364 = PCURVE('',#2365,#2370);
#2365 = PLANE('',#2366);
#2366 = AXIS2_PLACEMENT_3D('',#2367,#2368,#2369);
#2367 = CARTESIAN_POINT('',(64.139113009193,401.,335.2));
#2368 = DIRECTION('',(-0.999249701933,0.,-3.873026190514E-02));
#2369 = DIRECTION('',(3.873026190514E-02,0.,-0.999249701933));
#2370 = DEFINITIONAL_REPRESENTATION('',(#2371),#2375);
#2371 = LINE('',#2372,#2373);
#2372 = CARTESIAN_POINT('',(0.,-12.));
#2373 = VECTOR('',#2374,1.);
#2374 = DIRECTION('',(1.,0.));
#2375 = ( GEOMETRIC_REPRESENTATION_CONTEXT(2) 
PARAMETRIC_REPRESENTATION_CONTEXT() REPRESENTATION_CONTEXT('2D SPACE',''
  ) );
#2376 = ORIENTED_EDGE('',*,*,#2377,.T.);
#2377 = EDGE_CURVE('',#2350,#2378,#2380,.T.);
#2378 = VERTEX_POINT('',#2379);
#2379 = CARTESIAN_POINT('',(64.329162355516,413.,332.75202458031));
#2380 = SURFACE_CURVE('',#2381,(#2385,#2392),.PCURVE_S1.);
#2381 = LINE('',#2382,#2383);
#2382 = CARTESIAN_POINT('',(64.186696722924,413.,333.97232919626));
#2383 = VECTOR('',#2384,1.);
#2384 = DIRECTION('',(0.115958399003,0.,-0.993254071072));
#2385 = PCURVE('',#72,#2386);
#2386 = DEFINITIONAL_REPRESENTATION('',(#2387),#2391);
#2387 = LINE('',#2388,#2389);
#2388 = CARTESIAN_POINT('',(1.22767080374,-15.81330327707));
#2389 = VECTOR('',#2390,1.);
#2390 = DIRECTION('',(0.993254071072,0.115958399003));
#2391 = ( GEOMETRIC_REPRESENTATION_CONTEXT(2) 
PARAMETRIC_REPRESENTATION_CONTEXT() REPRESENTATION_CONTEXT('2D SPACE',''
  ) );
#2392 = PCURVE('',#2393,#2398);
#2393 = PLANE('',#2394);
#2394 = AXIS2_PLACEMENT_3D('',#2395,#2396,#2397);
#2395 = CARTESIAN_POINT('',(64.186696722924,401.,333.97232919626));
#2396 = DIRECTION('',(-0.993254071072,0.,-0.115958399003));
#2397 = DIRECTION('',(0.115958399003,0.,-0.993254071072));
#2398 = DEFINITIONAL_REPRESENTATION('',(#2399),#2403);
#2399 = LINE('',#2400,#2401);
#2400 = CARTESIAN_POINT('',(0.,-12.));
#2401 = VECTOR('',#2402,1.);
#2402 = DIRECTION('',(1.,0.));
#2403 = ( GEOMETRIC_REPRESENTATION_CONTEXT(2) 
PARAMETRIC_REPRESENTATION_CONTEXT() REPRESENTATION_CONTEXT('2D SPACE',''
  ) );
#2404 = ORIENTED_EDGE('',*,*,#2405,.T.);
#2405 = EDGE_CURVE('',#2378,#2406,#2408,.T.);
#2406 = VERTEX_POINT('',#2407);
#2407 = CARTESIAN_POINT('',(63.170599174102,413.,332.44435460787));
#2408 = SURFACE_CURVE('',#2409,(#2413,#2420),.PCURVE_S1.);
#2409 = LINE('',#2410,#2411);
#2410 = CARTESIAN_POINT('',(64.329162355516,413.,332.75202458031));
#2411 = VECTOR('',#2412,1.);
#2412 = DIRECTION('',(-0.966500312362,0.,-0.256665436325));
#2413 = PCURVE('',#72,#2414);
#2414 = DEFINITIONAL_REPRESENTATION('',(#2415),#2419);
#2415 = LINE('',#2416,#2417);
#2416 = CARTESIAN_POINT('',(2.447975419685,-15.67083764448));
#2417 = VECTOR('',#2418,1.);
#2418 = DIRECTION('',(0.256665436325,-0.966500312362));
#2419 = ( GEOMETRIC_REPRESENTATION_CONTEXT(2) 
PARAMETRIC_REPRESENTATION_CONTEXT() REPRESENTATION_CONTEXT('2D SPACE',''
  ) );
#2420 = PCURVE('',#2421,#2426);
#2421 = PLANE('',#2422);
#2422 = AXIS2_PLACEMENT_3D('',#2423,#2424,#2425);
#2423 = CARTESIAN_POINT('',(64.329162355516,401.,332.75202458031));
#2424 = DIRECTION('',(-0.256665436325,0.,0.966500312362));
#2425 = DIRECTION('',(-0.966500312362,0.,-0.256665436325));
#2426 = DEFINITIONAL_REPRESENTATION('',(#2427),#2431);
#2427 = LINE('',#2428,#2429);
#2428 = CARTESIAN_POINT('',(0.,-12.));
#2429 = VECTOR('',#2430,1.);
#2430 = DIRECTION('',(1.,0.));
#2431 = ( GEOMETRIC_REPRESENTATION_CONTEXT(2) 
PARAMETRIC_REPRESENTATION_CONTEXT() REPRESENTATION_CONTEXT('2D SPACE',''
  ) );
#2432 = ORIENTED_EDGE('',*,*,#2433,.T.);
#2433 = EDGE_CURVE('',#2406,#2434,#2436,.T.);
#2434 = VERTEX_POINT('',#2435);
#2435 = CARTESIAN_POINT('',(62.015771651946,413.,332.1195557654));
#2436 = SURFACE_CURVE('',#2437,(#2441,#2448),.PCURVE_S1.);
#2437 = LINE('',#2438,#2439);
#2438 = CARTESIAN_POINT('',(63.170599174102,413.,332.44435460787));
#2439 = VECTOR('',#2440,1.);
#2440 = DIRECTION('',(-0.962650157605,0.,-0.270748359299));
#2441 = PCURVE('',#72,#2442);
#2442 = DEFINITIONAL_REPRESENTATION('',(#2443),#2447);
#2443 = LINE('',#2444,#2445);
#2444 = CARTESIAN_POINT('',(2.755645392125,-16.82940082589));
#2445 = VECTOR('',#2446,1.);
#2446 = DIRECTION('',(0.270748359299,-0.962650157605));
#2447 = ( GEOMETRIC_REPRESENTATION_CONTEXT(2) 
PARAMETRIC_REPRESENTATION_CONTEXT() REPRESENTATION_CONTEXT('2D SPACE',''
  ) );
#2448 = PCURVE('',#2449,#2454);
#2449 = PLANE('',#2450);
#2450 = AXIS2_PLACEMENT_3D('',#2451,#2452,#2453);
#2451 = CARTESIAN_POINT('',(63.170599174102,401.,332.44435460787));
#2452 = DIRECTION('',(-0.270748359299,0.,0.962650157605));
#2453 = DIRECTION('',(-0.962650157605,0.,-0.270748359299));
#2454 = DEFINITIONAL_REPRESENTATION('',(#2455),#2459);
#2455 = LINE('',#2456,#2457);
#2456 = CARTESIAN_POINT('',(0.,-12.));
#2457 = VECTOR('',#2458,1.);
#2458 = DIRECTION('',(1.,0.));
#2459 = ( GEOMETRIC_REPRESENTATION_CONTEXT(2) 
PARAMETRIC_REPRESENTATION_CONTEXT() REPRESENTATION_CONTEXT('2D SPACE',''
  ) );
#2460 = ORIENTED_EDGE('',*,*,#2461,.T.);
#2461 = EDGE_CURVE('',#2434,#2462,#2464,.T.);
#2462 = VERTEX_POINT('',#2463);
#2463 = CARTESIAN_POINT('',(60.864868741305,413.,331.77766678093));
#2464 = SURFACE_CURVE('',#2465,(#2469,#2476),.PCURVE_S1.);
#2465 = LINE('',#2466,#2467);
#2466 = CARTESIAN_POINT('',(62.015771651946,413.,332.1195557654));
#2467 = VECTOR('',#2468,1.);
#2468 = DIRECTION('',(-0.958598067206,0.,-0.284762612623));
#2469 = PCURVE('',#72,#2470);
#2470 = DEFINITIONAL_REPRESENTATION('',(#2471),#2475);
#2471 = LINE('',#2472,#2473);
#2472 = CARTESIAN_POINT('',(3.080444234599,-17.98422834805));
#2473 = VECTOR('',#2474,1.);
#2474 = DIRECTION('',(0.284762612623,-0.958598067206));
#2475 = ( GEOMETRIC_REPRESENTATION_CONTEXT(2) 
PARAMETRIC_REPRESENTATION_CONTEXT() REPRESENTATION_CONTEXT('2D SPACE',''
  ) );
#2476 = PCURVE('',#2477,#2482);
#2477 = PLANE('',#2478);
#2478 = AXIS2_PLACEMENT_3D('',#2479,#2480,#2481);
#2479 = CARTESIAN_POINT('',(62.015771651946,401.,332.1195557654));
#2480 = DIRECTION('',(-0.284762612623,0.,0.958598067206));
#2481 = DIRECTION('',(-0.958598067206,0.,-0.284762612623));
#2482 = DEFINITIONAL_REPRESENTATION('',(#2483),#2487);
#2483 = LINE('',#2484,#2485);
#2484 = CARTESIAN_POINT('',(0.,-12.));
#2485 = VECTOR('',#2486,1.);
#2486 = DIRECTION('',(1.,0.));
#2487 = ( GEOMETRIC_REPRESENTATION_CONTEXT(2) 
PARAMETRIC_REPRESENTATION_CONTEXT() REPRESENTATION_CONTEXT('2D SPACE',''
  ) );
#2488 = ORIENTED_EDGE('',*,*,#2489,.T.);
#2489 = EDGE_CURVE('',#2462,#2490,#2492,.T.);
#2490 = VERTEX_POINT('',#2491);
#2491 = CARTESIAN_POINT('',(59.902319676372,413.,330.53764219817));
#2492 = SURFACE_CURVE('',#2493,(#2497,#2504),.PCURVE_S1.);
#2493 = LINE('',#2494,#2495);
#2494 = CARTESIAN_POINT('',(60.864868741305,413.,331.77766678093));
#2495 = VECTOR('',#2496,1.);
#2496 = DIRECTION('',(-0.613180418753,0.,-0.789942892909));
#2497 = PCURVE('',#72,#2498);
#2498 = DEFINITIONAL_REPRESENTATION('',(#2499),#2503);
#2499 = LINE('',#2500,#2501);
#2500 = CARTESIAN_POINT('',(3.422333219066,-19.13513125869));
#2501 = VECTOR('',#2502,1.);
#2502 = DIRECTION('',(0.789942892909,-0.613180418753));
#2503 = ( GEOMETRIC_REPRESENTATION_CONTEXT(2) 
PARAMETRIC_REPRESENTATION_CONTEXT() REPRESENTATION_CONTEXT('2D SPACE',''
  ) );
#2504 = PCURVE('',#2505,#2510);
#2505 = PLANE('',#2506);
#2506 = AXIS2_PLACEMENT_3D('',#2507,#2508,#2509);
#2507 = CARTESIAN_POINT('',(60.864868741305,401.,331.77766678093));
#2508 = DIRECTION('',(-0.789942892909,0.,0.613180418753));
#2509 = DIRECTION('',(-0.613180418753,0.,-0.789942892909));
#2510 = DEFINITIONAL_REPRESENTATION('',(#2511),#2515);
#2511 = LINE('',#2512,#2513);
#2512 = CARTESIAN_POINT('',(0.,-12.));
#2513 = VECTOR('',#2514,1.);
#2514 = DIRECTION('',(1.,0.));
#2515 = ( GEOMETRIC_REPRESENTATION_CONTEXT(2) 
PARAMETRIC_REPRESENTATION_CONTEXT() REPRESENTATION_CONTEXT('2D SPACE',''
  ) );
#2516 = ORIENTED_EDGE('',*,*,#2517,.T.);
#2517 = EDGE_CURVE('',#2490,#2518,#2520,.T.);
#2518 = VERTEX_POINT('',#2519);
#2519 = CARTESIAN_POINT('',(60.124817405753,413.,329.66543122652));
#2520 = SURFACE_CURVE('',#2521,(#2525,#2532),.PCURVE_S1.);
#2521 = LINE('',#2522,#2523);
#2522 = CARTESIAN_POINT('',(59.902319676372,413.,330.53764219817));
#2523 = VECTOR('',#2524,1.);
#2524 = DIRECTION('',(0.24718045587,0.,-0.968969464037));
#2525 = PCURVE('',#72,#2526);
#2526 = DEFINITIONAL_REPRESENTATION('',(#2527),#2531);
#2527 = LINE('',#2528,#2529);
#2528 = CARTESIAN_POINT('',(4.662357801825,-20.09768032362));
#2529 = VECTOR('',#2530,1.);
#2530 = DIRECTION('',(0.968969464037,0.24718045587));
#2531 = ( GEOMETRIC_REPRESENTATION_CONTEXT(2) 
PARAMETRIC_REPRESENTATION_CONTEXT() REPRESENTATION_CONTEXT('2D SPACE',''
  ) );
#2532 = PCURVE('',#2533,#2538);
#2533 = PLANE('',#2534);
#2534 = AXIS2_PLACEMENT_3D('',#2535,#2536,#2537);
#2535 = CARTESIAN_POINT('',(59.902319676372,401.,330.53764219817));
#2536 = DIRECTION('',(-0.968969464037,0.,-0.24718045587));
#2537 = DIRECTION('',(0.24718045587,0.,-0.968969464037));
#2538 = DEFINITIONAL_REPRESENTATION('',(#2539),#2543);
#2539 = LINE('',#2540,#2541);
#2540 = CARTESIAN_POINT('',(0.,-12.));
#2541 = VECTOR('',#2542,1.);
#2542 = DIRECTION('',(1.,0.));
#2543 = ( GEOMETRIC_REPRESENTATION_CONTEXT(2) 
PARAMETRIC_REPRESENTATION_CONTEXT() REPRESENTATION_CONTEXT('2D SPACE',''
  ) );
#2544 = ORIENTED_EDGE('',*,*,#2545,.T.);
#2545 = EDGE_CURVE('',#2518,#2546,#2548,.T.);
#2546 = VERTEX_POINT('',#2547);
#2547 = CARTESIAN_POINT('',(60.385148674833,413.,328.8037556211));
#2548 = SURFACE_CURVE('',#2549,(#2553,#2560),.PCURVE_S1.);
#2549 = LINE('',#2550,#2551);
#2550 = CARTESIAN_POINT('',(60.124817405753,413.,329.66543122652));
#2551 = VECTOR('',#2552,1.);
#2552 = DIRECTION('',(0.289211049244,0.,-0.957265359759));
#2553 = PCURVE('',#72,#2554);
#2554 = DEFINITIONAL_REPRESENTATION('',(#2555),#2559);
#2555 = LINE('',#2556,#2557);
#2556 = CARTESIAN_POINT('',(5.534568773473,-19.87518259424));
#2557 = VECTOR('',#2558,1.);
#2558 = DIRECTION('',(0.957265359759,0.289211049244));
#2559 = ( GEOMETRIC_REPRESENTATION_CONTEXT(2) 
PARAMETRIC_REPRESENTATION_CONTEXT() REPRESENTATION_CONTEXT('2D SPACE',''
  ) );
#2560 = PCURVE('',#2561,#2566);
#2561 = PLANE('',#2562);
#2562 = AXIS2_PLACEMENT_3D('',#2563,#2564,#2565);
#2563 = CARTESIAN_POINT('',(60.124817405753,401.,329.66543122652));
#2564 = DIRECTION('',(-0.957265359759,0.,-0.289211049244));
#2565 = DIRECTION('',(0.289211049244,0.,-0.957265359759));
#2566 = DEFINITIONAL_REPRESENTATION('',(#2567),#2571);
#2567 = LINE('',#2568,#2569);
#2568 = CARTESIAN_POINT('',(0.,-12.));
#2569 = VECTOR('',#2570,1.);
#2570 = DIRECTION('',(1.,0.));
#2571 = ( GEOMETRIC_REPRESENTATION_CONTEXT(2) 
PARAMETRIC_REPRESENTATION_CONTEXT() REPRESENTATION_CONTEXT('2D SPACE',''
  ) );
#2572 = ORIENTED_EDGE('',*,*,#2573,.T.);
#2573 = EDGE_CURVE('',#2546,#2574,#2576,.T.);
#2574 = VERTEX_POINT('',#2575);
#2575 = CARTESIAN_POINT('',(60.682817928245,413.,327.95425563039));
#2576 = SURFACE_CURVE('',#2577,(#2581,#2588),.PCURVE_S1.);
#2577 = LINE('',#2578,#2579);
#2578 = CARTESIAN_POINT('',(60.385148674833,413.,328.8037556211));
#2579 = VECTOR('',#2580,1.);
#2580 = DIRECTION('',(0.330691112948,0.,-0.943739046462));
#2581 = PCURVE('',#72,#2582);
#2582 = DEFINITIONAL_REPRESENTATION('',(#2583),#2587);
#2583 = LINE('',#2584,#2585);
#2584 = CARTESIAN_POINT('',(6.396244378896,-19.61485132516));
#2585 = VECTOR('',#2586,1.);
#2586 = DIRECTION('',(0.943739046462,0.330691112948));
#2587 = ( GEOMETRIC_REPRESENTATION_CONTEXT(2) 
PARAMETRIC_REPRESENTATION_CONTEXT() REPRESENTATION_CONTEXT('2D SPACE',''
  ) );
#2588 = PCURVE('',#2589,#2594);
#2589 = PLANE('',#2590);
#2590 = AXIS2_PLACEMENT_3D('',#2591,#2592,#2593);
#2591 = CARTESIAN_POINT('',(60.385148674833,401.,328.8037556211));
#2592 = DIRECTION('',(-0.943739046462,0.,-0.330691112948));
#2593 = DIRECTION('',(0.330691112948,0.,-0.943739046462));
#2594 = DEFINITIONAL_REPRESENTATION('',(#2595),#2599);
#2595 = LINE('',#2596,#2597);
#2596 = CARTESIAN_POINT('',(0.,-12.));
#2597 = VECTOR('',#2598,1.);
#2598 = DIRECTION('',(1.,0.));
#2599 = ( GEOMETRIC_REPRESENTATION_CONTEXT(2) 
PARAMETRIC_REPRESENTATION_CONTEXT() REPRESENTATION_CONTEXT('2D SPACE',''
  ) );
#2600 = ORIENTED_EDGE('',*,*,#2601,.T.);
#2601 = EDGE_CURVE('',#2574,#2602,#2604,.T.);
#2602 = VERTEX_POINT('',#2603);
#2603 = CARTESIAN_POINT('',(61.017258535649,413.,327.11854832591));
#2604 = SURFACE_CURVE('',#2605,(#2609,#2616),.PCURVE_S1.);
#2605 = LINE('',#2606,#2607);
#2606 = CARTESIAN_POINT('',(60.682817928245,413.,327.95425563039));
#2607 = VECTOR('',#2608,1.);
#2608 = DIRECTION('',(0.371541687323,0.,-0.928416272251));
#2609 = PCURVE('',#72,#2610);
#2610 = DEFINITIONAL_REPRESENTATION('',(#2611),#2615);
#2611 = LINE('',#2612,#2613);
#2612 = CARTESIAN_POINT('',(7.245744369604,-19.31718207175));
#2613 = VECTOR('',#2614,1.);
#2614 = DIRECTION('',(0.928416272251,0.371541687323));
#2615 = ( GEOMETRIC_REPRESENTATION_CONTEXT(2) 
PARAMETRIC_REPRESENTATION_CONTEXT() REPRESENTATION_CONTEXT('2D SPACE',''
  ) );
#2616 = PCURVE('',#2617,#2622);
#2617 = PLANE('',#2618);
#2618 = AXIS2_PLACEMENT_3D('',#2619,#2620,#2621);
#2619 = CARTESIAN_POINT('',(60.682817928245,401.,327.95425563039));
#2620 = DIRECTION('',(-0.928416272251,0.,-0.371541687323));
#2621 = DIRECTION('',(0.371541687323,0.,-0.928416272251));
#2622 = DEFINITIONAL_REPRESENTATION('',(#2623),#2627);
#2623 = LINE('',#2624,#2625);
#2624 = CARTESIAN_POINT('',(0.,-12.));
#2625 = VECTOR('',#2626,1.);
#2626 = DIRECTION('',(1.,0.));
#2627 = ( GEOMETRIC_REPRESENTATION_CONTEXT(2) 
PARAMETRIC_REPRESENTATION_CONTEXT() REPRESENTATION_CONTEXT('2D SPACE',''
  ) );
#2628 = ORIENTED_EDGE('',*,*,#2629,.T.);
#2629 = EDGE_CURVE('',#2602,#2630,#2632,.T.);
#2630 = VERTEX_POINT('',#2631);
#2631 = CARTESIAN_POINT('',(65.204668791453,413.,329.48459007904));
#2632 = SURFACE_CURVE('',#2633,(#2637,#2644),.PCURVE_S1.);
#2633 = LINE('',#2634,#2635);
#2634 = CARTESIAN_POINT('',(61.017258535649,413.,327.11854832591));
#2635 = VECTOR('',#2636,1.);
#2636 = DIRECTION('',(0.870630105165,0.,0.49193822781));
#2637 = PCURVE('',#72,#2638);
#2638 = DEFINITIONAL_REPRESENTATION('',(#2639),#2643);
#2639 = LINE('',#2640,#2641);
#2640 = CARTESIAN_POINT('',(8.081451674085,-18.98274146435));
#2641 = VECTOR('',#2642,1.);
#2642 = DIRECTION('',(-0.49193822781,0.870630105165));
#2643 = ( GEOMETRIC_REPRESENTATION_CONTEXT(2) 
PARAMETRIC_REPRESENTATION_CONTEXT() REPRESENTATION_CONTEXT('2D SPACE',''
  ) );
#2644 = PCURVE('',#2645,#2650);
#2645 = PLANE('',#2646);
#2646 = AXIS2_PLACEMENT_3D('',#2647,#2648,#2649);
#2647 = CARTESIAN_POINT('',(61.017258535649,401.,327.11854832591));
#2648 = DIRECTION('',(0.49193822781,0.,-0.870630105165));
#2649 = DIRECTION('',(0.870630105165,0.,0.49193822781));
#2650 = DEFINITIONAL_REPRESENTATION('',(#2651),#2655);
#2651 = LINE('',#2652,#2653);
#2652 = CARTESIAN_POINT('',(0.,-12.));
#2653 = VECTOR('',#2654,1.);
#2654 = DIRECTION('',(1.,0.));
#2655 = ( GEOMETRIC_REPRESENTATION_CONTEXT(2) 
PARAMETRIC_REPRESENTATION_CONTEXT() REPRESENTATION_CONTEXT('2D SPACE',''
  ) );
#2656 = ORIENTED_EDGE('',*,*,#2657,.T.);
#2657 = EDGE_CURVE('',#2630,#2658,#2660,.T.);
#2658 = VERTEX_POINT('',#2659);
#2659 = CARTESIAN_POINT('',(65.691442242435,413.,328.35654246498));
#2660 = SURFACE_CURVE('',#2661,(#2665,#2672),.PCURVE_S1.);
#2661 = LINE('',#2662,#2663);
#2662 = CARTESIAN_POINT('',(65.204668791453,413.,329.48459007904));
#2663 = VECTOR('',#2664,1.);
#2664 = DIRECTION('',(0.396204116217,0.,-0.918162457462));
#2665 = PCURVE('',#72,#2666);
#2666 = DEFINITIONAL_REPRESENTATION('',(#2667),#2671);
#2667 = LINE('',#2668,#2669);
#2668 = CARTESIAN_POINT('',(5.715409920955,-14.79533120854));
#2669 = VECTOR('',#2670,1.);
#2670 = DIRECTION('',(0.918162457462,0.396204116217));
#2671 = ( GEOMETRIC_REPRESENTATION_CONTEXT(2) 
PARAMETRIC_REPRESENTATION_CONTEXT() REPRESENTATION_CONTEXT('2D SPACE',''
  ) );
#2672 = PCURVE('',#2673,#2678);
#2673 = PLANE('',#2674);
#2674 = AXIS2_PLACEMENT_3D('',#2675,#2676,#2677);
#2675 = CARTESIAN_POINT('',(65.204668791453,401.,329.48459007904));
#2676 = DIRECTION('',(-0.918162457462,0.,-0.396204116217));
#2677 = DIRECTION('',(0.396204116217,0.,-0.918162457462));
#2678 = DEFINITIONAL_REPRESENTATION('',(#2679),#2683);
#2679 = LINE('',#2680,#2681);
#2680 = CARTESIAN_POINT('',(0.,-12.));
#2681 = VECTOR('',#2682,1.);
#2682 = DIRECTION('',(1.,0.));
#2683 = ( GEOMETRIC_REPRESENTATION_CONTEXT(2) 
PARAMETRIC_REPRESENTATION_CONTEXT() REPRESENTATION_CONTEXT('2D SPACE',''
  ) );
#2684 = ORIENTED_EDGE('',*,*,#2685,.T.);
#2685 = EDGE_CURVE('',#2658,#2686,#2688,.T.);
#2686 = VERTEX_POINT('',#2687);
#2687 = CARTESIAN_POINT('',(66.264068939407,413.,327.26955650459));
#2688 = SURFACE_CURVE('',#2689,(#2693,#2700),.PCURVE_S1.);
#2689 = LINE('',#2690,#2691);
#2690 = CARTESIAN_POINT('',(65.691442242435,413.,328.35654246498));
#2691 = VECTOR('',#2692,1.);
#2692 = DIRECTION('',(0.466083460261,0.,-0.88474075755));
#2693 = PCURVE('',#72,#2694);
#2694 = DEFINITIONAL_REPRESENTATION('',(#2695),#2699);
#2695 = LINE('',#2696,#2697);
#2696 = CARTESIAN_POINT('',(6.843457535015,-14.30855775756));
#2697 = VECTOR('',#2698,1.);
#2698 = DIRECTION('',(0.88474075755,0.466083460261));
#2699 = ( GEOMETRIC_REPRESENTATION_CONTEXT(2) 
PARAMETRIC_REPRESENTATION_CONTEXT() REPRESENTATION_CONTEXT('2D SPACE',''
  ) );
#2700 = PCURVE('',#2701,#2706);
#2701 = PLANE('',#2702);
#2702 = AXIS2_PLACEMENT_3D('',#2703,#2704,#2705);
#2703 = CARTESIAN_POINT('',(65.691442242435,401.,328.35654246498));
#2704 = DIRECTION('',(-0.88474075755,0.,-0.466083460261));
#2705 = DIRECTION('',(0.466083460261,0.,-0.88474075755));
#2706 = DEFINITIONAL_REPRESENTATION('',(#2707),#2711);
#2707 = LINE('',#2708,#2709);
#2708 = CARTESIAN_POINT('',(0.,-12.));
#2709 = VECTOR('',#2710,1.);
#2710 = DIRECTION('',(1.,0.));
#2711 = ( GEOMETRIC_REPRESENTATION_CONTEXT(2) 
PARAMETRIC_REPRESENTATION_CONTEXT() REPRESENTATION_CONTEXT('2D SPACE',''
  ) );
#2712 = ORIENTED_EDGE('',*,*,#2713,.T.);
#2713 = EDGE_CURVE('',#2686,#2714,#2716,.T.);
#2714 = VERTEX_POINT('',#2715);
#2715 = CARTESIAN_POINT('',(66.919113046174,413.,326.23015425793));
#2716 = SURFACE_CURVE('',#2717,(#2721,#2728),.PCURVE_S1.);
#2717 = LINE('',#2718,#2719);
#2718 = CARTESIAN_POINT('',(66.264068939407,413.,327.26955650459));
#2719 = VECTOR('',#2720,1.);
#2720 = DIRECTION('',(0.533166241671,0.,-0.846010495645));
#2721 = PCURVE('',#72,#2722);
#2722 = DEFINITIONAL_REPRESENTATION('',(#2723),#2727);
#2723 = LINE('',#2724,#2725);
#2724 = CARTESIAN_POINT('',(7.930443495403,-13.73593106059));
#2725 = VECTOR('',#2726,1.);
#2726 = DIRECTION('',(0.846010495645,0.533166241671));
#2727 = ( GEOMETRIC_REPRESENTATION_CONTEXT(2) 
PARAMETRIC_REPRESENTATION_CONTEXT() REPRESENTATION_CONTEXT('2D SPACE',''
  ) );
#2728 = PCURVE('',#2729,#2734);
#2729 = PLANE('',#2730);
#2730 = AXIS2_PLACEMENT_3D('',#2731,#2732,#2733);
#2731 = CARTESIAN_POINT('',(66.264068939407,401.,327.26955650459));
#2732 = DIRECTION('',(-0.846010495645,0.,-0.533166241671));
#2733 = DIRECTION('',(0.533166241671,0.,-0.846010495645));
#2734 = DEFINITIONAL_REPRESENTATION('',(#2735),#2739);
#2735 = LINE('',#2736,#2737);
#2736 = CARTESIAN_POINT('',(0.,-12.));
#2737 = VECTOR('',#2738,1.);
#2738 = DIRECTION('',(1.,0.));
#2739 = ( GEOMETRIC_REPRESENTATION_CONTEXT(2) 
PARAMETRIC_REPRESENTATION_CONTEXT() REPRESENTATION_CONTEXT('2D SPACE',''
  ) );
#2740 = ORIENTED_EDGE('',*,*,#2741,.T.);
#2741 = EDGE_CURVE('',#2714,#2742,#2744,.T.);
#2742 = VERTEX_POINT('',#2743);
#2743 = CARTESIAN_POINT('',(67.652644211138,413.,325.24457227647));
#2744 = SURFACE_CURVE('',#2745,(#2749,#2756),.PCURVE_S1.);
#2745 = LINE('',#2746,#2747);
#2746 = CARTESIAN_POINT('',(66.919113046174,413.,326.23015425793));
#2747 = VECTOR('',#2748,1.);
#2748 = DIRECTION('',(0.597049954854,0.,-0.802204058459));
#2749 = PCURVE('',#72,#2750);
#2750 = DEFINITIONAL_REPRESENTATION('',(#2751),#2755);
#2751 = LINE('',#2752,#2753);
#2752 = CARTESIAN_POINT('',(8.969845742061,-13.08088695382));
#2753 = VECTOR('',#2754,1.);
#2754 = DIRECTION('',(0.802204058459,0.597049954854));
#2755 = ( GEOMETRIC_REPRESENTATION_CONTEXT(2) 
PARAMETRIC_REPRESENTATION_CONTEXT() REPRESENTATION_CONTEXT('2D SPACE',''
  ) );
#2756 = PCURVE('',#2757,#2762);
#2757 = PLANE('',#2758);
#2758 = AXIS2_PLACEMENT_3D('',#2759,#2760,#2761);
#2759 = CARTESIAN_POINT('',(66.919113046174,401.,326.23015425793));
#2760 = DIRECTION('',(-0.802204058459,0.,-0.597049954854));
#2761 = DIRECTION('',(0.597049954854,0.,-0.802204058459));
#2762 = DEFINITIONAL_REPRESENTATION('',(#2763),#2767);
#2763 = LINE('',#2764,#2765);
#2764 = CARTESIAN_POINT('',(0.,-12.));
#2765 = VECTOR('',#2766,1.);
#2766 = DIRECTION('',(1.,0.));
#2767 = ( GEOMETRIC_REPRESENTATION_CONTEXT(2) 
PARAMETRIC_REPRESENTATION_CONTEXT() REPRESENTATION_CONTEXT('2D SPACE',''
  ) );
#2768 = ORIENTED_EDGE('',*,*,#2769,.T.);
#2769 = EDGE_CURVE('',#2742,#2770,#2772,.T.);
#2770 = VERTEX_POINT('',#2771);
#2771 = CARTESIAN_POINT('',(66.803134050364,413.,324.39884067364));
#2772 = SURFACE_CURVE('',#2773,(#2777,#2784),.PCURVE_S1.);
#2773 = LINE('',#2774,#2775);
#2774 = CARTESIAN_POINT('',(67.652644211138,413.,325.24457227647));
#2775 = VECTOR('',#2776,1.);
#2776 = DIRECTION('',(-0.708681105109,0.,-0.705528944312));
#2777 = PCURVE('',#72,#2778);
#2778 = DEFINITIONAL_REPRESENTATION('',(#2779),#2783);
#2779 = LINE('',#2780,#2781);
#2780 = CARTESIAN_POINT('',(9.955427723529,-12.34735578886));
#2781 = VECTOR('',#2782,1.);
#2782 = DIRECTION('',(0.705528944312,-0.708681105109));
#2783 = ( GEOMETRIC_REPRESENTATION_CONTEXT(2) 
PARAMETRIC_REPRESENTATION_CONTEXT() REPRESENTATION_CONTEXT('2D SPACE',''
  ) );
#2784 = PCURVE('',#2785,#2790);
#2785 = PLANE('',#2786);
#2786 = AXIS2_PLACEMENT_3D('',#2787,#2788,#2789);
#2787 = CARTESIAN_POINT('',(67.652644211138,401.,325.24457227647));
#2788 = DIRECTION('',(-0.705528944312,0.,0.708681105109));
#2789 = DIRECTION('',(-0.708681105109,0.,-0.705528944312));
#2790 = DEFINITIONAL_REPRESENTATION('',(#2791),#2795);
#2791 = LINE('',#2792,#2793);
#2792 = CARTESIAN_POINT('',(0.,-12.));
#2793 = VECTOR('',#2794,1.);
#2794 = DIRECTION('',(1.,0.));
#2795 = ( GEOMETRIC_REPRESENTATION_CONTEXT(2) 
PARAMETRIC_REPRESENTATION_CONTEXT() REPRESENTATION_CONTEXT('2D SPACE',''
  ) );
#2796 = ORIENTED_EDGE('',*,*,#2797,.T.);
#2797 = EDGE_CURVE('',#2770,#2798,#2800,.T.);
#2798 = VERTEX_POINT('',#2799);
#2799 = CARTESIAN_POINT('',(65.965423500424,413.,323.54014286386));
#2800 = SURFACE_CURVE('',#2801,(#2805,#2812),.PCURVE_S1.);
#2801 = LINE('',#2802,#2803);
#2802 = CARTESIAN_POINT('',(66.803134050364,413.,324.39884067364));
#2803 = VECTOR('',#2804,1.);
#2804 = DIRECTION('',(-0.698305311793,0.,-0.715800035989));
#2805 = PCURVE('',#72,#2806);
#2806 = DEFINITIONAL_REPRESENTATION('',(#2807),#2811);
#2807 = LINE('',#2808,#2809);
#2808 = CARTESIAN_POINT('',(10.801159326351,-13.19686594963));
#2809 = VECTOR('',#2810,1.);
#2810 = DIRECTION('',(0.715800035989,-0.698305311793));
#2811 = ( GEOMETRIC_REPRESENTATION_CONTEXT(2) 
PARAMETRIC_REPRESENTATION_CONTEXT() REPRESENTATION_CONTEXT('2D SPACE',''
  ) );
#2812 = PCURVE('',#2813,#2818);
#2813 = PLANE('',#2814);
#2814 = AXIS2_PLACEMENT_3D('',#2815,#2816,#2817);
#2815 = CARTESIAN_POINT('',(66.803134050364,401.,324.39884067364));
#2816 = DIRECTION('',(-0.715800035989,0.,0.698305311793));
#2817 = DIRECTION('',(-0.698305311793,0.,-0.715800035989));
#2818 = DEFINITIONAL_REPRESENTATION('',(#2819),#2823);
#2819 = LINE('',#2820,#2821);
#2820 = CARTESIAN_POINT('',(0.,-12.));
#2821 = VECTOR('',#2822,1.);
#2822 = DIRECTION('',(1.,0.));
#2823 = ( GEOMETRIC_REPRESENTATION_CONTEXT(2) 
PARAMETRIC_REPRESENTATION_CONTEXT() REPRESENTATION_CONTEXT('2D SPACE',''
  ) );
#2824 = ORIENTED_EDGE('',*,*,#2825,.T.);
#2825 = EDGE_CURVE('',#2798,#2826,#2828,.T.);
#2826 = VERTEX_POINT('',#2827);
#2827 = CARTESIAN_POINT('',(65.139656834754,413.,322.66860686272));
#2828 = SURFACE_CURVE('',#2829,(#2833,#2840),.PCURVE_S1.);
#2829 = LINE('',#2830,#2831);
#2830 = CARTESIAN_POINT('',(65.965423500424,413.,323.54014286386));
#2831 = VECTOR('',#2832,1.);
#2832 = DIRECTION('',(-0.687788971908,0.,-0.725910690183));
#2833 = PCURVE('',#72,#2834);
#2834 = DEFINITIONAL_REPRESENTATION('',(#2835),#2839);
#2835 = LINE('',#2836,#2837);
#2836 = CARTESIAN_POINT('',(11.659857136131,-14.03457649957));
#2837 = VECTOR('',#2838,1.);
#2838 = DIRECTION('',(0.725910690183,-0.687788971908));
#2839 = ( GEOMETRIC_REPRESENTATION_CONTEXT(2) 
PARAMETRIC_REPRESENTATION_CONTEXT() REPRESENTATION_CONTEXT('2D SPACE',''
  ) );
#2840 = PCURVE('',#2841,#2846);
#2841 = PLANE('',#2842);
#2842 = AXIS2_PLACEMENT_3D('',#2843,#2844,#2845);
#2843 = CARTESIAN_POINT('',(65.965423500424,401.,323.54014286386));
#2844 = DIRECTION('',(-0.725910690183,0.,0.687788971908));
#2845 = DIRECTION('',(-0.687788971908,0.,-0.725910690183));
#2846 = DEFINITIONAL_REPRESENTATION('',(#2847),#2851);
#2847 = LINE('',#2848,#2849);
#2848 = CARTESIAN_POINT('',(0.,-12.));
#2849 = VECTOR('',#2850,1.);
#2850 = DIRECTION('',(1.,0.));
#2851 = ( GEOMETRIC_REPRESENTATION_CONTEXT(2) 
PARAMETRIC_REPRESENTATION_CONTEXT() REPRESENTATION_CONTEXT('2D SPACE',''
  ) );
#2852 = ORIENTED_EDGE('',*,*,#2853,.T.);
#2853 = EDGE_CURVE('',#2826,#2854,#2856,.T.);
#2854 = VERTEX_POINT('',#2855);
#2855 = CARTESIAN_POINT('',(64.926077183512,413.,321.11343954027));
#2856 = SURFACE_CURVE('',#2857,(#2861,#2868),.PCURVE_S1.);
#2857 = LINE('',#2858,#2859);
#2858 = CARTESIAN_POINT('',(65.139656834754,413.,322.66860686272));
#2859 = VECTOR('',#2860,1.);
#2860 = DIRECTION('',(-0.136058373289,0.,-0.990700822175));
#2861 = PCURVE('',#72,#2862);
#2862 = DEFINITIONAL_REPRESENTATION('',(#2863),#2867);
#2863 = LINE('',#2864,#2865);
#2864 = CARTESIAN_POINT('',(12.531393137274,-14.86034316524));
#2865 = VECTOR('',#2866,1.);
#2866 = DIRECTION('',(0.990700822175,-0.136058373289));
#2867 = ( GEOMETRIC_REPRESENTATION_CONTEXT(2) 
PARAMETRIC_REPRESENTATION_CONTEXT() REPRESENTATION_CONTEXT('2D SPACE',''
  ) );
#2868 = PCURVE('',#2869,#2874);
#2869 = PLANE('',#2870);
#2870 = AXIS2_PLACEMENT_3D('',#2871,#2872,#2873);
#2871 = CARTESIAN_POINT('',(65.139656834754,401.,322.66860686272));
#2872 = DIRECTION('',(-0.990700822175,0.,0.136058373289));
#2873 = DIRECTION('',(-0.136058373289,0.,-0.990700822175));
#2874 = DEFINITIONAL_REPRESENTATION('',(#2875),#2879);
#2875 = LINE('',#2876,#2877);
#2876 = CARTESIAN_POINT('',(0.,-12.));
#2877 = VECTOR('',#2878,1.);
#2878 = DIRECTION('',(1.,0.));
#2879 = ( GEOMETRIC_REPRESENTATION_CONTEXT(2) 
PARAMETRIC_REPRESENTATION_CONTEXT() REPRESENTATION_CONTEXT('2D SPACE',''
  ) );
#2880 = ORIENTED_EDGE('',*,*,#2881,.T.);
#2881 = EDGE_CURVE('',#2854,#2882,#2884,.T.);
#2882 = VERTEX_POINT('',#2883);
#2883 = CARTESIAN_POINT('',(65.554871355264,413.,320.46933154605));
#2884 = SURFACE_CURVE('',#2885,(#2889,#2896),.PCURVE_S1.);
#2885 = LINE('',#2886,#2887);
#2886 = CARTESIAN_POINT('',(64.926077183512,413.,321.11343954027));
#2887 = VECTOR('',#2888,1.);
#2888 = DIRECTION('',(0.698549286121,0.,-0.715561943412));
#2889 = PCURVE('',#72,#2890);
#2890 = DEFINITIONAL_REPRESENTATION('',(#2891),#2895);
#2891 = LINE('',#2892,#2893);
#2892 = CARTESIAN_POINT('',(14.086560459727,-15.07392281648));
#2893 = VECTOR('',#2894,1.);
#2894 = DIRECTION('',(0.715561943412,0.698549286121));
#2895 = ( GEOMETRIC_REPRESENTATION_CONTEXT(2) 
PARAMETRIC_REPRESENTATION_CONTEXT() REPRESENTATION_CONTEXT('2D SPACE',''
  ) );
#2896 = PCURVE('',#2897,#2902);
#2897 = PLANE('',#2898);
#2898 = AXIS2_PLACEMENT_3D('',#2899,#2900,#2901);
#2899 = CARTESIAN_POINT('',(64.926077183512,401.,321.11343954027));
#2900 = DIRECTION('',(-0.715561943412,0.,-0.698549286121));
#2901 = DIRECTION('',(0.698549286121,0.,-0.715561943412));
#2902 = DEFINITIONAL_REPRESENTATION('',(#2903),#2907);
#2903 = LINE('',#2904,#2905);
#2904 = CARTESIAN_POINT('',(0.,-12.));
#2905 = VECTOR('',#2906,1.);
#2906 = DIRECTION('',(1.,0.));
#2907 = ( GEOMETRIC_REPRESENTATION_CONTEXT(2) 
PARAMETRIC_REPRESENTATION_CONTEXT() REPRESENTATION_CONTEXT('2D SPACE',''
  ) );
#2908 = ORIENTED_EDGE('',*,*,#2909,.T.);
#2909 = EDGE_CURVE('',#2882,#2910,#2912,.T.);
#2910 = VERTEX_POINT('',#2911);
#2911 = CARTESIAN_POINT('',(66.211162650398,413.,319.85326421647));
#2912 = SURFACE_CURVE('',#2913,(#2917,#2924),.PCURVE_S1.);
#2913 = LINE('',#2914,#2915);
#2914 = CARTESIAN_POINT('',(65.554871355264,413.,320.46933154605));
#2915 = VECTOR('',#2916,1.);
#2916 = DIRECTION('',(0.72909679558,0.,-0.684410595092));
#2917 = PCURVE('',#72,#2918);
#2918 = DEFINITIONAL_REPRESENTATION('',(#2919),#2923);
#2919 = LINE('',#2920,#2921);
#2920 = CARTESIAN_POINT('',(14.730668453943,-14.44512864473));
#2921 = VECTOR('',#2922,1.);
#2922 = DIRECTION('',(0.684410595092,0.72909679558));
#2923 = ( GEOMETRIC_REPRESENTATION_CONTEXT(2) 
PARAMETRIC_REPRESENTATION_CONTEXT() REPRESENTATION_CONTEXT('2D SPACE',''
  ) );
#2924 = PCURVE('',#2925,#2930);
#2925 = PLANE('',#2926);
#2926 = AXIS2_PLACEMENT_3D('',#2927,#2928,#2929);
#2927 = CARTESIAN_POINT('',(65.554871355264,401.,320.46933154605));
#2928 = DIRECTION('',(-0.684410595092,0.,-0.72909679558));
#2929 = DIRECTION('',(0.72909679558,0.,-0.684410595092));
#2930 = DEFINITIONAL_REPRESENTATION('',(#2931),#2935);
#2931 = LINE('',#2932,#2933);
#2932 = CARTESIAN_POINT('',(0.,-12.));
#2933 = VECTOR('',#2934,1.);
#2934 = DIRECTION('',(1.,0.));
#2935 = ( GEOMETRIC_REPRESENTATION_CONTEXT(2) 
PARAMETRIC_REPRESENTATION_CONTEXT() REPRESENTATION_CONTEXT('2D SPACE',''
  ) );
#2936 = ORIENTED_EDGE('',*,*,#2937,.T.);
#2937 = EDGE_CURVE('',#2910,#2938,#2940,.T.);
#2938 = VERTEX_POINT('',#2939);
#2939 = CARTESIAN_POINT('',(66.893701781133,413.,319.26641027071));
#2940 = SURFACE_CURVE('',#2941,(#2945,#2952),.PCURVE_S1.);
#2941 = LINE('',#2942,#2943);
#2942 = CARTESIAN_POINT('',(66.211162650398,413.,319.85326421647));
#2943 = VECTOR('',#2944,1.);
#2944 = DIRECTION('',(0.75825642785,0.,-0.651956432306));
#2945 = PCURVE('',#72,#2946);
#2946 = DEFINITIONAL_REPRESENTATION('',(#2947),#2951);
#2947 = LINE('',#2948,#2949);
#2948 = CARTESIAN_POINT('',(15.346735783521,-13.7888373496));
#2949 = VECTOR('',#2950,1.);
#2950 = DIRECTION('',(0.651956432306,0.75825642785));
#2951 = ( GEOMETRIC_REPRESENTATION_CONTEXT(2) 
PARAMETRIC_REPRESENTATION_CONTEXT() REPRESENTATION_CONTEXT('2D SPACE',''
  ) );
#2952 = PCURVE('',#2953,#2958);
#2953 = PLANE('',#2954);
#2954 = AXIS2_PLACEMENT_3D('',#2955,#2956,#2957);
#2955 = CARTESIAN_POINT('',(66.211162650398,401.,319.85326421647));
#2956 = DIRECTION('',(-0.651956432306,0.,-0.75825642785));
#2957 = DIRECTION('',(0.75825642785,0.,-0.651956432306));
#2958 = DEFINITIONAL_REPRESENTATION('',(#2959),#2963);
#2959 = LINE('',#2960,#2961);
#2960 = CARTESIAN_POINT('',(0.,-12.));
#2961 = VECTOR('',#2962,1.);
#2962 = DIRECTION('',(1.,0.));
#2963 = ( GEOMETRIC_REPRESENTATION_CONTEXT(2) 
PARAMETRIC_REPRESENTATION_CONTEXT() REPRESENTATION_CONTEXT('2D SPACE',''
  ) );
#2964 = ORIENTED_EDGE('',*,*,#2965,.T.);
#2965 = EDGE_CURVE('',#2938,#2966,#2968,.T.);
#2966 = VERTEX_POINT('',#2967);
#2967 = CARTESIAN_POINT('',(67.601189495442,413.,318.70988681861));
#2968 = SURFACE_CURVE('',#2969,(#2973,#2980),.PCURVE_S1.);
#2969 = LINE('',#2970,#2971);
#2970 = CARTESIAN_POINT('',(66.893701781133,413.,319.26641027071));
#2971 = VECTOR('',#2972,1.);
#2972 = DIRECTION('',(0.785972675912,0.,-0.618261233395));
#2973 = PCURVE('',#72,#2974);
#2974 = DEFINITIONAL_REPRESENTATION('',(#2975),#2979);
#2975 = LINE('',#2976,#2977);
#2976 = CARTESIAN_POINT('',(15.933589729283,-13.10629821886));
#2977 = VECTOR('',#2978,1.);
#2978 = DIRECTION('',(0.618261233395,0.785972675912));
#2979 = ( GEOMETRIC_REPRESENTATION_CONTEXT(2) 
PARAMETRIC_REPRESENTATION_CONTEXT() REPRESENTATION_CONTEXT('2D SPACE',''
  ) );
#2980 = PCURVE('',#2981,#2986);
#2981 = PLANE('',#2982);
#2982 = AXIS2_PLACEMENT_3D('',#2983,#2984,#2985);
#2983 = CARTESIAN_POINT('',(66.893701781133,401.,319.26641027071));
#2984 = DIRECTION('',(-0.618261233395,0.,-0.785972675912));
#2985 = DIRECTION('',(0.785972675912,0.,-0.618261233395));
#2986 = DEFINITIONAL_REPRESENTATION('',(#2987),#2991);
#2987 = LINE('',#2988,#2989);
#2988 = CARTESIAN_POINT('',(0.,-12.));
#2989 = VECTOR('',#2990,1.);
#2990 = DIRECTION('',(1.,0.));
#2991 = ( GEOMETRIC_REPRESENTATION_CONTEXT(2) 
PARAMETRIC_REPRESENTATION_CONTEXT() REPRESENTATION_CONTEXT('2D SPACE',''
  ) );
#2992 = ORIENTED_EDGE('',*,*,#2993,.T.);
#2993 = EDGE_CURVE('',#2966,#2994,#2996,.T.);
#2994 = VERTEX_POINT('',#2995);
#2995 = CARTESIAN_POINT('',(70.044572276471,413.,322.85264421113));
#2996 = SURFACE_CURVE('',#2997,(#3001,#3008),.PCURVE_S1.);
#2997 = LINE('',#2998,#2999);
#2998 = CARTESIAN_POINT('',(67.601189495442,413.,318.70988681861));
#2999 = VECTOR('',#3000,1.);
#3000 = DIRECTION('',(0.508018674468,0.,0.861346054958));
#3001 = PCURVE('',#72,#3002);
#3002 = DEFINITIONAL_REPRESENTATION('',(#3003),#3007);
#3003 = LINE('',#3004,#3005);
#3004 = CARTESIAN_POINT('',(16.490113181389,-12.39881050455));
#3005 = VECTOR('',#3006,1.);
#3006 = DIRECTION('',(-0.861346054958,0.508018674468));
#3007 = ( GEOMETRIC_REPRESENTATION_CONTEXT(2) 
PARAMETRIC_REPRESENTATION_CONTEXT() REPRESENTATION_CONTEXT('2D SPACE',''
  ) );
#3008 = PCURVE('',#3009,#3014);
#3009 = PLANE('',#3010);
#3010 = AXIS2_PLACEMENT_3D('',#3011,#3012,#3013);
#3011 = CARTESIAN_POINT('',(67.601189495442,401.,318.70988681861));
#3012 = DIRECTION('',(0.861346054958,0.,-0.508018674468));
#3013 = DIRECTION('',(0.508018674468,0.,0.861346054958));
#3014 = DEFINITIONAL_REPRESENTATION('',(#3015),#3019);
#3015 = LINE('',#3016,#3017);
#3016 = CARTESIAN_POINT('',(0.,-12.));
#3017 = VECTOR('',#3018,1.);
#3018 = DIRECTION('',(1.,0.));
#3019 = ( GEOMETRIC_REPRESENTATION_CONTEXT(2) 
PARAMETRIC_REPRESENTATION_CONTEXT() REPRESENTATION_CONTEXT('2D SPACE',''
  ) );
#3020 = ORIENTED_EDGE('',*,*,#3021,.T.);
#3021 = EDGE_CURVE('',#2994,#3022,#3024,.T.);
#3022 = VERTEX_POINT('',#3023);
#3023 = CARTESIAN_POINT('',(71.030154257939,413.,322.11911304617));
#3024 = SURFACE_CURVE('',#3025,(#3029,#3036),.PCURVE_S1.);
#3025 = LINE('',#3026,#3027);
#3026 = CARTESIAN_POINT('',(70.044572276471,413.,322.85264421113));
#3027 = VECTOR('',#3028,1.);
#3028 = DIRECTION('',(0.802204058459,0.,-0.597049954854));
#3029 = PCURVE('',#72,#3030);
#3030 = DEFINITIONAL_REPRESENTATION('',(#3031),#3035);
#3031 = LINE('',#3032,#3033);
#3032 = CARTESIAN_POINT('',(12.347355788862,-9.955427723529));
#3033 = VECTOR('',#3034,1.);
#3034 = DIRECTION('',(0.597049954854,0.802204058459));
#3035 = ( GEOMETRIC_REPRESENTATION_CONTEXT(2) 
PARAMETRIC_REPRESENTATION_CONTEXT() REPRESENTATION_CONTEXT('2D SPACE',''
  ) );
#3036 = PCURVE('',#3037,#3042);
#3037 = PLANE('',#3038);
#3038 = AXIS2_PLACEMENT_3D('',#3039,#3040,#3041);
#3039 = CARTESIAN_POINT('',(70.044572276471,401.,322.85264421113));
#3040 = DIRECTION('',(-0.597049954854,0.,-0.802204058459));
#3041 = DIRECTION('',(0.802204058459,0.,-0.597049954854));
#3042 = DEFINITIONAL_REPRESENTATION('',(#3043),#3047);
#3043 = LINE('',#3044,#3045);
#3044 = CARTESIAN_POINT('',(0.,-12.));
#3045 = VECTOR('',#3046,1.);
#3046 = DIRECTION('',(1.,0.));
#3047 = ( GEOMETRIC_REPRESENTATION_CONTEXT(2) 
PARAMETRIC_REPRESENTATION_CONTEXT() REPRESENTATION_CONTEXT('2D SPACE',''
  ) );
#3048 = ORIENTED_EDGE('',*,*,#3049,.T.);
#3049 = EDGE_CURVE('',#3022,#3050,#3052,.T.);
#3050 = VERTEX_POINT('',#3051);
#3051 = CARTESIAN_POINT('',(72.069556504597,413.,321.4640689394));
#3052 = SURFACE_CURVE('',#3053,(#3057,#3064),.PCURVE_S1.);
#3053 = LINE('',#3054,#3055);
#3054 = CARTESIAN_POINT('',(71.030154257939,413.,322.11911304617));
#3055 = VECTOR('',#3056,1.);
#3056 = DIRECTION('',(0.846010495645,0.,-0.533166241671));
#3057 = PCURVE('',#72,#3058);
#3058 = DEFINITIONAL_REPRESENTATION('',(#3059),#3063);
#3059 = LINE('',#3060,#3061);
#3060 = CARTESIAN_POINT('',(13.080886953826,-8.969845742061));
#3061 = VECTOR('',#3062,1.);
#3062 = DIRECTION('',(0.533166241671,0.846010495645));
#3063 = ( GEOMETRIC_REPRESENTATION_CONTEXT(2) 
PARAMETRIC_REPRESENTATION_CONTEXT() REPRESENTATION_CONTEXT('2D SPACE',''
  ) );
#3064 = PCURVE('',#3065,#3070);
#3065 = PLANE('',#3066);
#3066 = AXIS2_PLACEMENT_3D('',#3067,#3068,#3069);
#3067 = CARTESIAN_POINT('',(71.030154257939,401.,322.11911304617));
#3068 = DIRECTION('',(-0.533166241671,0.,-0.846010495645));
#3069 = DIRECTION('',(0.846010495645,0.,-0.533166241671));
#3070 = DEFINITIONAL_REPRESENTATION('',(#3071),#3075);
#3071 = LINE('',#3072,#3073);
#3072 = CARTESIAN_POINT('',(0.,-12.));
#3073 = VECTOR('',#3074,1.);
#3074 = DIRECTION('',(1.,0.));
#3075 = ( GEOMETRIC_REPRESENTATION_CONTEXT(2) 
PARAMETRIC_REPRESENTATION_CONTEXT() REPRESENTATION_CONTEXT('2D SPACE',''
  ) );
#3076 = ORIENTED_EDGE('',*,*,#3077,.T.);
#3077 = EDGE_CURVE('',#3050,#3078,#3080,.T.);
#3078 = VERTEX_POINT('',#3079);
#3079 = CARTESIAN_POINT('',(73.156542464985,413.,320.89144224243));
#3080 = SURFACE_CURVE('',#3081,(#3085,#3092),.PCURVE_S1.);
#3081 = LINE('',#3082,#3083);
#3082 = CARTESIAN_POINT('',(72.069556504597,413.,321.4640689394));
#3083 = VECTOR('',#3084,1.);
#3084 = DIRECTION('',(0.88474075755,0.,-0.466083460261));
#3085 = PCURVE('',#72,#3086);
#3086 = DEFINITIONAL_REPRESENTATION('',(#3087),#3091);
#3087 = LINE('',#3088,#3089);
#3088 = CARTESIAN_POINT('',(13.735931060593,-7.930443495403));
#3089 = VECTOR('',#3090,1.);
#3090 = DIRECTION('',(0.466083460261,0.88474075755));
#3091 = ( GEOMETRIC_REPRESENTATION_CONTEXT(2) 
PARAMETRIC_REPRESENTATION_CONTEXT() REPRESENTATION_CONTEXT('2D SPACE',''
  ) );
#3092 = PCURVE('',#3093,#3098);
#3093 = PLANE('',#3094);
#3094 = AXIS2_PLACEMENT_3D('',#3095,#3096,#3097);
#3095 = CARTESIAN_POINT('',(72.069556504597,401.,321.4640689394));
#3096 = DIRECTION('',(-0.466083460261,0.,-0.88474075755));
#3097 = DIRECTION('',(0.88474075755,0.,-0.466083460261));
#3098 = DEFINITIONAL_REPRESENTATION('',(#3099),#3103);
#3099 = LINE('',#3100,#3101);
#3100 = CARTESIAN_POINT('',(0.,-12.));
#3101 = VECTOR('',#3102,1.);
#3102 = DIRECTION('',(1.,0.));
#3103 = ( GEOMETRIC_REPRESENTATION_CONTEXT(2) 
PARAMETRIC_REPRESENTATION_CONTEXT() REPRESENTATION_CONTEXT('2D SPACE',''
  ) );
#3104 = ORIENTED_EDGE('',*,*,#3105,.T.);
#3105 = EDGE_CURVE('',#3078,#3106,#3108,.T.);
#3106 = VERTEX_POINT('',#3107);
#3107 = CARTESIAN_POINT('',(74.284590079045,413.,320.40466879145));
#3108 = SURFACE_CURVE('',#3109,(#3113,#3120),.PCURVE_S1.);
#3109 = LINE('',#3110,#3111);
#3110 = CARTESIAN_POINT('',(73.156542464985,413.,320.89144224243));
#3111 = VECTOR('',#3112,1.);
#3112 = DIRECTION('',(0.918162457462,0.,-0.396204116217));
#3113 = PCURVE('',#72,#3114);
#3114 = DEFINITIONAL_REPRESENTATION('',(#3115),#3119);
#3115 = LINE('',#3116,#3117);
#3116 = CARTESIAN_POINT('',(14.308557757565,-6.843457535015));
#3117 = VECTOR('',#3118,1.);
#3118 = DIRECTION('',(0.396204116217,0.918162457462));
#3119 = ( GEOMETRIC_REPRESENTATION_CONTEXT(2) 
PARAMETRIC_REPRESENTATION_CONTEXT() REPRESENTATION_CONTEXT('2D SPACE',''
  ) );
#3120 = PCURVE('',#3121,#3126);
#3121 = PLANE('',#3122);
#3122 = AXIS2_PLACEMENT_3D('',#3123,#3124,#3125);
#3123 = CARTESIAN_POINT('',(73.156542464985,401.,320.89144224243));
#3124 = DIRECTION('',(-0.396204116217,0.,-0.918162457462));
#3125 = DIRECTION('',(0.918162457462,0.,-0.396204116217));
#3126 = DEFINITIONAL_REPRESENTATION('',(#3127),#3131);
#3127 = LINE('',#3128,#3129);
#3128 = CARTESIAN_POINT('',(0.,-12.));
#3129 = VECTOR('',#3130,1.);
#3130 = DIRECTION('',(1.,0.));
#3131 = ( GEOMETRIC_REPRESENTATION_CONTEXT(2) 
PARAMETRIC_REPRESENTATION_CONTEXT() REPRESENTATION_CONTEXT('2D SPACE',''
  ) );
#3132 = ORIENTED_EDGE('',*,*,#3133,.T.);
#3133 = EDGE_CURVE('',#3106,#3134,#3136,.T.);
#3134 = VERTEX_POINT('',#3135);
#3135 = CARTESIAN_POINT('',(73.971758500452,413.,319.24748865823));
#3136 = SURFACE_CURVE('',#3137,(#3141,#3148),.PCURVE_S1.);
#3137 = LINE('',#3138,#3139);
#3138 = CARTESIAN_POINT('',(74.284590079045,413.,320.40466879145));
#3139 = VECTOR('',#3140,1.);
#3140 = DIRECTION('',(-0.26097136805,0.,-0.965346541434));
#3141 = PCURVE('',#72,#3142);
#3142 = DEFINITIONAL_REPRESENTATION('',(#3143),#3147);
#3143 = LINE('',#3144,#3145);
#3144 = CARTESIAN_POINT('',(14.795331208547,-5.715409920955));
#3145 = VECTOR('',#3146,1.);
#3146 = DIRECTION('',(0.965346541434,-0.26097136805));
#3147 = ( GEOMETRIC_REPRESENTATION_CONTEXT(2) 
PARAMETRIC_REPRESENTATION_CONTEXT() REPRESENTATION_CONTEXT('2D SPACE',''
  ) );
#3148 = PCURVE('',#3149,#3154);
#3149 = PLANE('',#3150);
#3150 = AXIS2_PLACEMENT_3D('',#3151,#3152,#3153);
#3151 = CARTESIAN_POINT('',(74.284590079045,401.,320.40466879145));
#3152 = DIRECTION('',(-0.965346541434,0.,0.26097136805));
#3153 = DIRECTION('',(-0.26097136805,0.,-0.965346541434));
#3154 = DEFINITIONAL_REPRESENTATION('',(#3155),#3159);
#3155 = LINE('',#3156,#3157);
#3156 = CARTESIAN_POINT('',(0.,-12.));
#3157 = VECTOR('',#3158,1.);
#3158 = DIRECTION('',(1.,0.));
#3159 = ( GEOMETRIC_REPRESENTATION_CONTEXT(2) 
PARAMETRIC_REPRESENTATION_CONTEXT() REPRESENTATION_CONTEXT('2D SPACE',''
  ) );
#3160 = ORIENTED_EDGE('',*,*,#3161,.T.);
#3161 = EDGE_CURVE('',#3134,#3162,#3164,.T.);
#3162 = VERTEX_POINT('',#3163);
#3163 = CARTESIAN_POINT('',(73.675628788077,413.,318.08497926582));
#3164 = SURFACE_CURVE('',#3165,(#3169,#3176),.PCURVE_S1.);
#3165 = LINE('',#3166,#3167);
#3166 = CARTESIAN_POINT('',(73.971758500452,413.,319.24748865823));
#3167 = VECTOR('',#3168,1.);
#3168 = DIRECTION('',(-0.246850121616,0.,-0.969053671093));
#3169 = PCURVE('',#72,#3170);
#3170 = DEFINITIONAL_REPRESENTATION('',(#3171),#3175);
#3171 = LINE('',#3172,#3173);
#3172 = CARTESIAN_POINT('',(15.952511341761,-6.028241499548));
#3173 = VECTOR('',#3174,1.);
#3174 = DIRECTION('',(0.969053671093,-0.246850121616));
#3175 = ( GEOMETRIC_REPRESENTATION_CONTEXT(2) 
PARAMETRIC_REPRESENTATION_CONTEXT() REPRESENTATION_CONTEXT('2D SPACE',''
  ) );
#3176 = PCURVE('',#3177,#3182);
#3177 = PLANE('',#3178);
#3178 = AXIS2_PLACEMENT_3D('',#3179,#3180,#3181);
#3179 = CARTESIAN_POINT('',(73.971758500452,401.,319.24748865823));
#3180 = DIRECTION('',(-0.969053671093,0.,0.246850121616));
#3181 = DIRECTION('',(-0.246850121616,0.,-0.969053671093));
#3182 = DEFINITIONAL_REPRESENTATION('',(#3183),#3187);
#3183 = LINE('',#3184,#3185);
#3184 = CARTESIAN_POINT('',(0.,-12.));
#3185 = VECTOR('',#3186,1.);
#3186 = DIRECTION('',(1.,0.));
#3187 = ( GEOMETRIC_REPRESENTATION_CONTEXT(2) 
PARAMETRIC_REPRESENTATION_CONTEXT() REPRESENTATION_CONTEXT('2D SPACE',''
  ) );
#3188 = ORIENTED_EDGE('',*,*,#3189,.T.);
#3189 = EDGE_CURVE('',#3162,#3190,#3192,.T.);
#3190 = VERTEX_POINT('',#3191);
#3191 = CARTESIAN_POINT('',(73.396261878579,413.,316.91732361568));
#3192 = SURFACE_CURVE('',#3193,(#3197,#3204),.PCURVE_S1.);
#3193 = LINE('',#3194,#3195);
#3194 = CARTESIAN_POINT('',(73.675628788077,413.,318.08497926582));
#3195 = VECTOR('',#3196,1.);
#3196 = DIRECTION('',(-0.232687377023,0.,-0.972551584531));
#3197 = PCURVE('',#72,#3198);
#3198 = DEFINITIONAL_REPRESENTATION('',(#3199),#3203);
#3199 = LINE('',#3200,#3201);
#3200 = CARTESIAN_POINT('',(17.115020734175,-6.324371211923));
#3201 = VECTOR('',#3202,1.);
#3202 = DIRECTION('',(0.972551584531,-0.232687377023));
#3203 = ( GEOMETRIC_REPRESENTATION_CONTEXT(2) 
PARAMETRIC_REPRESENTATION_CONTEXT() REPRESENTATION_CONTEXT('2D SPACE',''
  ) );
#3204 = PCURVE('',#3205,#3210);
#3205 = PLANE('',#3206);
#3206 = AXIS2_PLACEMENT_3D('',#3207,#3208,#3209);
#3207 = CARTESIAN_POINT('',(73.675628788077,401.,318.08497926582));
#3208 = DIRECTION('',(-0.972551584531,0.,0.232687377023));
#3209 = DIRECTION('',(-0.232687377023,0.,-0.972551584531));
#3210 = DEFINITIONAL_REPRESENTATION('',(#3211),#3215);
#3211 = LINE('',#3212,#3213);
#3212 = CARTESIAN_POINT('',(0.,-12.));
#3213 = VECTOR('',#3214,1.);
#3214 = DIRECTION('',(1.,0.));
#3215 = ( GEOMETRIC_REPRESENTATION_CONTEXT(2) 
PARAMETRIC_REPRESENTATION_CONTEXT() REPRESENTATION_CONTEXT('2D SPACE',''
  ) );
#3216 = ORIENTED_EDGE('',*,*,#3217,.T.);
#3217 = EDGE_CURVE('',#3190,#3218,#3220,.T.);
#3218 = VERTEX_POINT('',#3219);
#3219 = CARTESIAN_POINT('',(73.988880136099,413.,315.46371938168));
#3220 = SURFACE_CURVE('',#3221,(#3225,#3232),.PCURVE_S1.);
#3221 = LINE('',#3222,#3223);
#3222 = CARTESIAN_POINT('',(73.396261878579,413.,316.91732361568));
#3223 = VECTOR('',#3224,1.);
#3224 = DIRECTION('',(0.377520403422,0.,-0.926001266198));
#3225 = PCURVE('',#72,#3226);
#3226 = DEFINITIONAL_REPRESENTATION('',(#3227),#3231);
#3227 = LINE('',#3228,#3229);
#3228 = CARTESIAN_POINT('',(18.282676384312,-6.603738121421));
#3229 = VECTOR('',#3230,1.);
#3230 = DIRECTION('',(0.926001266198,0.377520403422));
#3231 = ( GEOMETRIC_REPRESENTATION_CONTEXT(2) 
PARAMETRIC_REPRESENTATION_CONTEXT() REPRESENTATION_CONTEXT('2D SPACE',''
  ) );
#3232 = PCURVE('',#3233,#3238);
#3233 = PLANE('',#3234);
#3234 = AXIS2_PLACEMENT_3D('',#3235,#3236,#3237);
#3235 = CARTESIAN_POINT('',(73.396261878579,401.,316.91732361568));
#3236 = DIRECTION('',(-0.926001266198,0.,-0.377520403422));
#3237 = DIRECTION('',(0.377520403422,0.,-0.926001266198));
#3238 = DEFINITIONAL_REPRESENTATION('',(#3239),#3243);
#3239 = LINE('',#3240,#3241);
#3240 = CARTESIAN_POINT('',(0.,-12.));
#3241 = VECTOR('',#3242,1.);
#3242 = DIRECTION('',(1.,0.));
#3243 = ( GEOMETRIC_REPRESENTATION_CONTEXT(2) 
PARAMETRIC_REPRESENTATION_CONTEXT() REPRESENTATION_CONTEXT('2D SPACE',''
  ) );
#3244 = ORIENTED_EDGE('',*,*,#3245,.T.);
#3245 = EDGE_CURVE('',#3218,#3246,#3248,.T.);
#3246 = VERTEX_POINT('',#3247);
#3247 = CARTESIAN_POINT('',(74.855485859696,413.,315.22030258179));
#3248 = SURFACE_CURVE('',#3249,(#3253,#3260),.PCURVE_S1.);
#3249 = LINE('',#3250,#3251);
#3250 = CARTESIAN_POINT('',(73.988880136099,413.,315.46371938168));
#3251 = VECTOR('',#3252,1.);
#3252 = DIRECTION('',(0.962742399282,0.,-0.270420177916));
#3253 = PCURVE('',#72,#3254);
#3254 = DEFINITIONAL_REPRESENTATION('',(#3255),#3259);
#3255 = LINE('',#3256,#3257);
#3256 = CARTESIAN_POINT('',(19.736280618313,-6.011119863901));
#3257 = VECTOR('',#3258,1.);
#3258 = DIRECTION('',(0.270420177916,0.962742399282));
#3259 = ( GEOMETRIC_REPRESENTATION_CONTEXT(2) 
PARAMETRIC_REPRESENTATION_CONTEXT() REPRESENTATION_CONTEXT('2D SPACE',''
  ) );
#3260 = PCURVE('',#3261,#3266);
#3261 = PLANE('',#3262);
#3262 = AXIS2_PLACEMENT_3D('',#3263,#3264,#3265);
#3263 = CARTESIAN_POINT('',(73.988880136099,401.,315.46371938168));
#3264 = DIRECTION('',(-0.270420177916,0.,-0.962742399282));
#3265 = DIRECTION('',(0.962742399282,0.,-0.270420177916));
#3266 = DEFINITIONAL_REPRESENTATION('',(#3267),#3271);
#3267 = LINE('',#3268,#3269);
#3268 = CARTESIAN_POINT('',(0.,-12.));
#3269 = VECTOR('',#3270,1.);
#3270 = DIRECTION('',(1.,0.));
#3271 = ( GEOMETRIC_REPRESENTATION_CONTEXT(2) 
PARAMETRIC_REPRESENTATION_CONTEXT() REPRESENTATION_CONTEXT('2D SPACE',''
  ) );
#3272 = ORIENTED_EDGE('',*,*,#3273,.T.);
#3273 = EDGE_CURVE('',#3246,#3274,#3276,.T.);
#3274 = VERTEX_POINT('',#3275);
#3275 = CARTESIAN_POINT('',(75.731884458353,413.,315.0149182715));
#3276 = SURFACE_CURVE('',#3277,(#3281,#3288),.PCURVE_S1.);
#3277 = LINE('',#3278,#3279);
#3278 = CARTESIAN_POINT('',(74.855485859696,413.,315.22030258179));
#3279 = VECTOR('',#3280,1.);
#3280 = DIRECTION('',(0.973621644336,0.,-0.228168564179));
#3281 = PCURVE('',#72,#3282);
#3282 = DEFINITIONAL_REPRESENTATION('',(#3283),#3287);
#3283 = LINE('',#3284,#3285);
#3284 = CARTESIAN_POINT('',(19.979697418209,-5.144514140304));
#3285 = VECTOR('',#3286,1.);
#3286 = DIRECTION('',(0.228168564179,0.973621644336));
#3287 = ( GEOMETRIC_REPRESENTATION_CONTEXT(2) 
PARAMETRIC_REPRESENTATION_CONTEXT() REPRESENTATION_CONTEXT('2D SPACE',''
  ) );
#3288 = PCURVE('',#3289,#3294);
#3289 = PLANE('',#3290);
#3290 = AXIS2_PLACEMENT_3D('',#3291,#3292,#3293);
#3291 = CARTESIAN_POINT('',(74.855485859696,401.,315.22030258179));
#3292 = DIRECTION('',(-0.228168564179,0.,-0.973621644336));
#3293 = DIRECTION('',(0.973621644336,0.,-0.228168564179));
#3294 = DEFINITIONAL_REPRESENTATION('',(#3295),#3299);
#3295 = LINE('',#3296,#3297);
#3296 = CARTESIAN_POINT('',(0.,-12.));
#3297 = VECTOR('',#3298,1.);
#3298 = DIRECTION('',(1.,0.));
#3299 = ( GEOMETRIC_REPRESENTATION_CONTEXT(2) 
PARAMETRIC_REPRESENTATION_CONTEXT() REPRESENTATION_CONTEXT('2D SPACE',''
  ) );
#3300 = ORIENTED_EDGE('',*,*,#3301,.T.);
#3301 = EDGE_CURVE('',#3274,#3302,#3304,.T.);
#3302 = VERTEX_POINT('',#3303);
#3303 = CARTESIAN_POINT('',(76.616407657528,413.,314.84795741152));
#3304 = SURFACE_CURVE('',#3305,(#3309,#3316),.PCURVE_S1.);
#3305 = LINE('',#3306,#3307);
#3306 = CARTESIAN_POINT('',(75.731884458353,413.,315.0149182715));
#3307 = VECTOR('',#3308,1.);
#3308 = DIRECTION('',(0.982647545253,0.,-0.185482618612));
#3309 = PCURVE('',#72,#3310);
#3310 = DEFINITIONAL_REPRESENTATION('',(#3311),#3315);
#3311 = LINE('',#3312,#3313);
#3312 = CARTESIAN_POINT('',(20.185081728498,-4.268115541647));
#3313 = VECTOR('',#3314,1.);
#3314 = DIRECTION('',(0.185482618612,0.982647545253));
#3315 = ( GEOMETRIC_REPRESENTATION_CONTEXT(2) 
PARAMETRIC_REPRESENTATION_CONTEXT() REPRESENTATION_CONTEXT('2D SPACE',''
  ) );
#3316 = PCURVE('',#3317,#3322);
#3317 = PLANE('',#3318);
#3318 = AXIS2_PLACEMENT_3D('',#3319,#3320,#3321);
#3319 = CARTESIAN_POINT('',(75.731884458353,401.,315.0149182715));
#3320 = DIRECTION('',(-0.185482618612,0.,-0.982647545253));
#3321 = DIRECTION('',(0.982647545253,0.,-0.185482618612));
#3322 = DEFINITIONAL_REPRESENTATION('',(#3323),#3327);
#3323 = LINE('',#3324,#3325);
#3324 = CARTESIAN_POINT('',(0.,-12.));
#3325 = VECTOR('',#3326,1.);
#3326 = DIRECTION('',(1.,0.));
#3327 = ( GEOMETRIC_REPRESENTATION_CONTEXT(2) 
PARAMETRIC_REPRESENTATION_CONTEXT() REPRESENTATION_CONTEXT('2D SPACE',''
  ) );
#3328 = ORIENTED_EDGE('',*,*,#3329,.T.);
#3329 = EDGE_CURVE('',#3302,#3330,#3332,.T.);
#3330 = VERTEX_POINT('',#3331);
#3331 = CARTESIAN_POINT('',(77.507371717038,413.,314.71973782135));
#3332 = SURFACE_CURVE('',#3333,(#3337,#3344),.PCURVE_S1.);
#3333 = LINE('',#3334,#3335);
#3334 = CARTESIAN_POINT('',(76.616407657528,413.,314.84795741152));
#3335 = VECTOR('',#3336,1.);
#3336 = DIRECTION('',(0.989802920718,0.,-0.142443596339));
#3337 = PCURVE('',#72,#3338);
#3338 = DEFINITIONAL_REPRESENTATION('',(#3339),#3343);
#3339 = LINE('',#3340,#3341);
#3340 = CARTESIAN_POINT('',(20.352042588471,-3.383592342472));
#3341 = VECTOR('',#3342,1.);
#3342 = DIRECTION('',(0.142443596339,0.989802920718));
#3343 = ( GEOMETRIC_REPRESENTATION_CONTEXT(2) 
PARAMETRIC_REPRESENTATION_CONTEXT() REPRESENTATION_CONTEXT('2D SPACE',''
  ) );
#3344 = PCURVE('',#3345,#3350);
#3345 = PLANE('',#3346);
#3346 = AXIS2_PLACEMENT_3D('',#3347,#3348,#3349);
#3347 = CARTESIAN_POINT('',(76.616407657528,401.,314.84795741152));
#3348 = DIRECTION('',(-0.142443596339,0.,-0.989802920718));
#3349 = DIRECTION('',(0.989802920718,0.,-0.142443596339));
#3350 = DEFINITIONAL_REPRESENTATION('',(#3351),#3355);
#3351 = LINE('',#3352,#3353);
#3352 = CARTESIAN_POINT('',(0.,-12.));
#3353 = VECTOR('',#3354,1.);
#3354 = DIRECTION('',(1.,0.));
#3355 = ( GEOMETRIC_REPRESENTATION_CONTEXT(2) 
PARAMETRIC_REPRESENTATION_CONTEXT() REPRESENTATION_CONTEXT('2D SPACE',''
  ) );
#3356 = ORIENTED_EDGE('',*,*,#3357,.T.);
#3357 = EDGE_CURVE('',#3330,#3358,#3360,.T.);
#3358 = VERTEX_POINT('',#3359);
#3359 = CARTESIAN_POINT('',(77.552024580315,413.,319.52916235551));
#3360 = SURFACE_CURVE('',#3361,(#3365,#3372),.PCURVE_S1.);
#3361 = LINE('',#3362,#3363);
#3362 = CARTESIAN_POINT('',(77.507371717038,413.,314.71973782135));
#3363 = VECTOR('',#3364,1.);
#3364 = DIRECTION('',(9.28405020674E-03,0.,0.999956902277));
#3365 = PCURVE('',#72,#3366);
#3366 = DEFINITIONAL_REPRESENTATION('',(#3367),#3371);
#3367 = LINE('',#3368,#3369);
#3368 = CARTESIAN_POINT('',(20.480262178643,-2.492628282962));
#3369 = VECTOR('',#3370,1.);
#3370 = DIRECTION('',(-0.999956902277,9.28405020674E-03));
#3371 = ( GEOMETRIC_REPRESENTATION_CONTEXT(2) 
PARAMETRIC_REPRESENTATION_CONTEXT() REPRESENTATION_CONTEXT('2D SPACE',''
  ) );
#3372 = PCURVE('',#3373,#3378);
#3373 = PLANE('',#3374);
#3374 = AXIS2_PLACEMENT_3D('',#3375,#3376,#3377);
#3375 = CARTESIAN_POINT('',(77.507371717038,401.,314.71973782135));
#3376 = DIRECTION('',(0.999956902277,0.,-9.28405020674E-03));
#3377 = DIRECTION('',(9.28405020674E-03,0.,0.999956902277));
#3378 = DEFINITIONAL_REPRESENTATION('',(#3379),#3383);
#3379 = LINE('',#3380,#3381);
#3380 = CARTESIAN_POINT('',(0.,-12.));
#3381 = VECTOR('',#3382,1.);
#3382 = DIRECTION('',(1.,0.));
#3383 = ( GEOMETRIC_REPRESENTATION_CONTEXT(2) 
PARAMETRIC_REPRESENTATION_CONTEXT() REPRESENTATION_CONTEXT('2D SPACE',''
  ) );
#3384 = ORIENTED_EDGE('',*,*,#3385,.T.);
#3385 = EDGE_CURVE('',#3358,#3386,#3388,.T.);
#3386 = VERTEX_POINT('',#3387);
#3387 = CARTESIAN_POINT('',(78.77232919626,413.,319.38669672292));
#3388 = SURFACE_CURVE('',#3389,(#3393,#3400),.PCURVE_S1.);
#3389 = LINE('',#3390,#3391);
#3390 = CARTESIAN_POINT('',(77.552024580315,413.,319.52916235551));
#3391 = VECTOR('',#3392,1.);
#3392 = DIRECTION('',(0.993254071072,0.,-0.115958399003));
#3393 = PCURVE('',#72,#3394);
#3394 = DEFINITIONAL_REPRESENTATION('',(#3395),#3399);
#3395 = LINE('',#3396,#3397);
#3396 = CARTESIAN_POINT('',(15.670837644484,-2.447975419685));
#3397 = VECTOR('',#3398,1.);
#3398 = DIRECTION('',(0.115958399003,0.993254071072));
#3399 = ( GEOMETRIC_REPRESENTATION_CONTEXT(2) 
PARAMETRIC_REPRESENTATION_CONTEXT() REPRESENTATION_CONTEXT('2D SPACE',''
  ) );
#3400 = PCURVE('',#3401,#3406);
#3401 = PLANE('',#3402);
#3402 = AXIS2_PLACEMENT_3D('',#3403,#3404,#3405);
#3403 = CARTESIAN_POINT('',(77.552024580315,401.,319.52916235551));
#3404 = DIRECTION('',(-0.115958399003,0.,-0.993254071072));
#3405 = DIRECTION('',(0.993254071072,0.,-0.115958399003));
#3406 = DEFINITIONAL_REPRESENTATION('',(#3407),#3411);
#3407 = LINE('',#3408,#3409);
#3408 = CARTESIAN_POINT('',(0.,-12.));
#3409 = VECTOR('',#3410,1.);
#3410 = DIRECTION('',(1.,0.));
#3411 = ( GEOMETRIC_REPRESENTATION_CONTEXT(2) 
PARAMETRIC_REPRESENTATION_CONTEXT() REPRESENTATION_CONTEXT('2D SPACE',''
  ) );
#3412 = ORIENTED_EDGE('',*,*,#3413,.T.);
#3413 = EDGE_CURVE('',#3386,#3414,#3416,.T.);
#3414 = VERTEX_POINT('',#3415);
#3415 = CARTESIAN_POINT('',(80.,413.,319.33911300919));
#3416 = SURFACE_CURVE('',#3417,(#3421,#3428),.PCURVE_S1.);
#3417 = LINE('',#3418,#3419);
#3418 = CARTESIAN_POINT('',(78.77232919626,413.,319.38669672292));
#3419 = VECTOR('',#3420,1.);
#3420 = DIRECTION('',(0.999249701933,0.,-3.873026190514E-02));
#3421 = PCURVE('',#72,#3422);
#3422 = DEFINITIONAL_REPRESENTATION('',(#3423),#3427);
#3423 = LINE('',#3424,#3425);
#3424 = CARTESIAN_POINT('',(15.813303277076,-1.22767080374));
#3425 = VECTOR('',#3426,1.);
#3426 = DIRECTION('',(3.873026190514E-02,0.999249701933));
#3427 = ( GEOMETRIC_REPRESENTATION_CONTEXT(2) 
PARAMETRIC_REPRESENTATION_CONTEXT() REPRESENTATION_CONTEXT('2D SPACE',''
  ) );
#3428 = PCURVE('',#3429,#3434);
#3429 = PLANE('',#3430);
#3430 = AXIS2_PLACEMENT_3D('',#3431,#3432,#3433);
#3431 = CARTESIAN_POINT('',(78.77232919626,401.,319.38669672292));
#3432 = DIRECTION('',(-3.873026190514E-02,0.,-0.999249701933));
#3433 = DIRECTION('',(0.999249701933,0.,-3.873026190514E-02));
#3434 = DEFINITIONAL_REPRESENTATION('',(#3435),#3439);
#3435 = LINE('',#3436,#3437);
#3436 = CARTESIAN_POINT('',(0.,-12.));
#3437 = VECTOR('',#3438,1.);
#3438 = DIRECTION('',(1.,0.));
#3439 = ( GEOMETRIC_REPRESENTATION_CONTEXT(2) 
PARAMETRIC_REPRESENTATION_CONTEXT() REPRESENTATION_CONTEXT('2D SPACE',''
  ) );
#3440 = ORIENTED_EDGE('',*,*,#3441,.T.);
#3441 = EDGE_CURVE('',#3414,#3442,#3444,.T.);
#3442 = VERTEX_POINT('',#3443);
#3443 = CARTESIAN_POINT('',(81.22767080374,413.,319.38669672292));
#3444 = SURFACE_CURVE('',#3445,(#3449,#3456),.PCURVE_S1.);
#3445 = LINE('',#3446,#3447);
#3446 = CARTESIAN_POINT('',(80.,413.,319.33911300919));
#3447 = VECTOR('',#3448,1.);
#3448 = DIRECTION('',(0.999249701933,0.,3.873026190514E-02));
#3449 = PCURVE('',#72,#3450);
#3450 = DEFINITIONAL_REPRESENTATION('',(#3451),#3455);
#3451 = LINE('',#3452,#3453);
#3452 = CARTESIAN_POINT('',(15.860886990807,0.));
#3453 = VECTOR('',#3454,1.);
#3454 = DIRECTION('',(-3.873026190514E-02,0.999249701933));
#3455 = ( GEOMETRIC_REPRESENTATION_CONTEXT(2) 
PARAMETRIC_REPRESENTATION_CONTEXT() REPRESENTATION_CONTEXT('2D SPACE',''
  ) );
#3456 = PCURVE('',#3457,#3462);
#3457 = PLANE('',#3458);
#3458 = AXIS2_PLACEMENT_3D('',#3459,#3460,#3461);
#3459 = CARTESIAN_POINT('',(80.,401.,319.33911300919));
#3460 = DIRECTION('',(3.873026190514E-02,0.,-0.999249701933));
#3461 = DIRECTION('',(0.999249701933,0.,3.873026190514E-02));
#3462 = DEFINITIONAL_REPRESENTATION('',(#3463),#3467);
#3463 = LINE('',#3464,#3465);
#3464 = CARTESIAN_POINT('',(0.,-12.));
#3465 = VECTOR('',#3466,1.);
#3466 = DIRECTION('',(1.,0.));
#3467 = ( GEOMETRIC_REPRESENTATION_CONTEXT(2) 
PARAMETRIC_REPRESENTATION_CONTEXT() REPRESENTATION_CONTEXT('2D SPACE',''
  ) );
#3468 = ORIENTED_EDGE('',*,*,#3469,.T.);
#3469 = EDGE_CURVE('',#3442,#3470,#3472,.T.);
#3470 = VERTEX_POINT('',#3471);
#3471 = CARTESIAN_POINT('',(82.447975419685,413.,319.52916235551));
#3472 = SURFACE_CURVE('',#3473,(#3477,#3484),.PCURVE_S1.);
#3473 = LINE('',#3474,#3475);
#3474 = CARTESIAN_POINT('',(81.22767080374,413.,319.38669672292));
#3475 = VECTOR('',#3476,1.);
#3476 = DIRECTION('',(0.993254071072,0.,0.115958399003));
#3477 = PCURVE('',#72,#3478);
#3478 = DEFINITIONAL_REPRESENTATION('',(#3479),#3483);
#3479 = LINE('',#3480,#3481);
#3480 = CARTESIAN_POINT('',(15.813303277076,1.22767080374));
#3481 = VECTOR('',#3482,1.);
#3482 = DIRECTION('',(-0.115958399003,0.993254071072));
#3483 = ( GEOMETRIC_REPRESENTATION_CONTEXT(2) 
PARAMETRIC_REPRESENTATION_CONTEXT() REPRESENTATION_CONTEXT('2D SPACE',''
  ) );
#3484 = PCURVE('',#3485,#3490);
#3485 = PLANE('',#3486);
#3486 = AXIS2_PLACEMENT_3D('',#3487,#3488,#3489);
#3487 = CARTESIAN_POINT('',(81.22767080374,401.,319.38669672292));
#3488 = DIRECTION('',(0.115958399003,0.,-0.993254071072));
#3489 = DIRECTION('',(0.993254071072,0.,0.115958399003));
#3490 = DEFINITIONAL_REPRESENTATION('',(#3491),#3495);
#3491 = LINE('',#3492,#3493);
#3492 = CARTESIAN_POINT('',(0.,-12.));
#3493 = VECTOR('',#3494,1.);
#3494 = DIRECTION('',(1.,0.));
#3495 = ( GEOMETRIC_REPRESENTATION_CONTEXT(2) 
PARAMETRIC_REPRESENTATION_CONTEXT() REPRESENTATION_CONTEXT('2D SPACE',''
  ) );
#3496 = ORIENTED_EDGE('',*,*,#3497,.T.);
#3497 = EDGE_CURVE('',#3470,#3498,#3500,.T.);
#3498 = VERTEX_POINT('',#3499);
#3499 = CARTESIAN_POINT('',(82.755645392125,413.,318.3705991741));
#3500 = SURFACE_CURVE('',#3501,(#3505,#3512),.PCURVE_S1.);
#3501 = LINE('',#3502,#3503);
#3502 = CARTESIAN_POINT('',(82.447975419685,413.,319.52916235551));
#3503 = VECTOR('',#3504,1.);
#3504 = DIRECTION('',(0.256665436325,0.,-0.966500312362));
#3505 = PCURVE('',#72,#3506);
#3506 = DEFINITIONAL_REPRESENTATION('',(#3507),#3511);
#3507 = LINE('',#3508,#3509);
#3508 = CARTESIAN_POINT('',(15.670837644484,2.447975419685));
#3509 = VECTOR('',#3510,1.);
#3510 = DIRECTION('',(0.966500312362,0.256665436325));
#3511 = ( GEOMETRIC_REPRESENTATION_CONTEXT(2) 
PARAMETRIC_REPRESENTATION_CONTEXT() REPRESENTATION_CONTEXT('2D SPACE',''
  ) );
#3512 = PCURVE('',#3513,#3518);
#3513 = PLANE('',#3514);
#3514 = AXIS2_PLACEMENT_3D('',#3515,#3516,#3517);
#3515 = CARTESIAN_POINT('',(82.447975419685,401.,319.52916235551));
#3516 = DIRECTION('',(-0.966500312362,0.,-0.256665436325));
#3517 = DIRECTION('',(0.256665436325,0.,-0.966500312362));
#3518 = DEFINITIONAL_REPRESENTATION('',(#3519),#3523);
#3519 = LINE('',#3520,#3521);
#3520 = CARTESIAN_POINT('',(0.,-12.));
#3521 = VECTOR('',#3522,1.);
#3522 = DIRECTION('',(1.,0.));
#3523 = ( GEOMETRIC_REPRESENTATION_CONTEXT(2) 
PARAMETRIC_REPRESENTATION_CONTEXT() REPRESENTATION_CONTEXT('2D SPACE',''
  ) );
#3524 = ORIENTED_EDGE('',*,*,#3525,.T.);
#3525 = EDGE_CURVE('',#3498,#3526,#3528,.T.);
#3526 = VERTEX_POINT('',#3527);
#3527 = CARTESIAN_POINT('',(83.080444234599,413.,317.21577165194));
#3528 = SURFACE_CURVE('',#3529,(#3533,#3540),.PCURVE_S1.);
#3529 = LINE('',#3530,#3531);
#3530 = CARTESIAN_POINT('',(82.755645392125,413.,318.3705991741));
#3531 = VECTOR('',#3532,1.);
#3532 = DIRECTION('',(0.270748359299,0.,-0.962650157605));
#3533 = PCURVE('',#72,#3534);
#3534 = DEFINITIONAL_REPRESENTATION('',(#3535),#3539);
#3535 = LINE('',#3536,#3537);
#3536 = CARTESIAN_POINT('',(16.829400825898,2.755645392125));
#3537 = VECTOR('',#3538,1.);
#3538 = DIRECTION('',(0.962650157605,0.270748359299));
#3539 = ( GEOMETRIC_REPRESENTATION_CONTEXT(2) 
PARAMETRIC_REPRESENTATION_CONTEXT() REPRESENTATION_CONTEXT('2D SPACE',''
  ) );
#3540 = PCURVE('',#3541,#3546);
#3541 = PLANE('',#3542);
#3542 = AXIS2_PLACEMENT_3D('',#3543,#3544,#3545);
#3543 = CARTESIAN_POINT('',(82.755645392125,401.,318.3705991741));
#3544 = DIRECTION('',(-0.962650157605,0.,-0.270748359299));
#3545 = DIRECTION('',(0.270748359299,0.,-0.962650157605));
#3546 = DEFINITIONAL_REPRESENTATION('',(#3547),#3551);
#3547 = LINE('',#3548,#3549);
#3548 = CARTESIAN_POINT('',(0.,-12.));
#3549 = VECTOR('',#3550,1.);
#3550 = DIRECTION('',(1.,0.));
#3551 = ( GEOMETRIC_REPRESENTATION_CONTEXT(2) 
PARAMETRIC_REPRESENTATION_CONTEXT() REPRESENTATION_CONTEXT('2D SPACE',''
  ) );
#3552 = ORIENTED_EDGE('',*,*,#3553,.T.);
#3553 = EDGE_CURVE('',#3526,#3554,#3556,.T.);
#3554 = VERTEX_POINT('',#3555);
#3555 = CARTESIAN_POINT('',(83.422333219066,413.,316.0648687413));
#3556 = SURFACE_CURVE('',#3557,(#3561,#3568),.PCURVE_S1.);
#3557 = LINE('',#3558,#3559);
#3558 = CARTESIAN_POINT('',(83.080444234599,413.,317.21577165194));
#3559 = VECTOR('',#3560,1.);
#3560 = DIRECTION('',(0.284762612623,0.,-0.958598067206));
#3561 = PCURVE('',#72,#3562);
#3562 = DEFINITIONAL_REPRESENTATION('',(#3563),#3567);
#3563 = LINE('',#3564,#3565);
#3564 = CARTESIAN_POINT('',(17.984228348054,3.080444234599));
#3565 = VECTOR('',#3566,1.);
#3566 = DIRECTION('',(0.958598067206,0.284762612623));
#3567 = ( GEOMETRIC_REPRESENTATION_CONTEXT(2) 
PARAMETRIC_REPRESENTATION_CONTEXT() REPRESENTATION_CONTEXT('2D SPACE',''
  ) );
#3568 = PCURVE('',#3569,#3574);
#3569 = PLANE('',#3570);
#3570 = AXIS2_PLACEMENT_3D('',#3571,#3572,#3573);
#3571 = CARTESIAN_POINT('',(83.080444234599,401.,317.21577165194));
#3572 = DIRECTION('',(-0.958598067206,0.,-0.284762612623));
#3573 = DIRECTION('',(0.284762612623,0.,-0.958598067206));
#3574 = DEFINITIONAL_REPRESENTATION('',(#3575),#3579);
#3575 = LINE('',#3576,#3577);
#3576 = CARTESIAN_POINT('',(0.,-12.));
#3577 = VECTOR('',#3578,1.);
#3578 = DIRECTION('',(1.,0.));
#3579 = ( GEOMETRIC_REPRESENTATION_CONTEXT(2) 
PARAMETRIC_REPRESENTATION_CONTEXT() REPRESENTATION_CONTEXT('2D SPACE',''
  ) );
#3580 = ORIENTED_EDGE('',*,*,#3581,.T.);
#3581 = EDGE_CURVE('',#3554,#3582,#3584,.T.);
#3582 = VERTEX_POINT('',#3583);
#3583 = CARTESIAN_POINT('',(84.662357801825,413.,315.10231967637));
#3584 = SURFACE_CURVE('',#3585,(#3589,#3596),.PCURVE_S1.);
#3585 = LINE('',#3586,#3587);
#3586 = CARTESIAN_POINT('',(83.422333219066,413.,316.0648687413));
#3587 = VECTOR('',#3588,1.);
#3588 = DIRECTION('',(0.789942892909,0.,-0.613180418753));
#3589 = PCURVE('',#72,#3590);
#3590 = DEFINITIONAL_REPRESENTATION('',(#3591),#3595);
#3591 = LINE('',#3592,#3593);
#3592 = CARTESIAN_POINT('',(19.135131258695,3.422333219066));
#3593 = VECTOR('',#3594,1.);
#3594 = DIRECTION('',(0.613180418753,0.789942892909));
#3595 = ( GEOMETRIC_REPRESENTATION_CONTEXT(2) 
PARAMETRIC_REPRESENTATION_CONTEXT() REPRESENTATION_CONTEXT('2D SPACE',''
  ) );
#3596 = PCURVE('',#3597,#3602);
#3597 = PLANE('',#3598);
#3598 = AXIS2_PLACEMENT_3D('',#3599,#3600,#3601);
#3599 = CARTESIAN_POINT('',(83.422333219066,401.,316.0648687413));
#3600 = DIRECTION('',(-0.613180418753,0.,-0.789942892909));
#3601 = DIRECTION('',(0.789942892909,0.,-0.613180418753));
#3602 = DEFINITIONAL_REPRESENTATION('',(#3603),#3607);
#3603 = LINE('',#3604,#3605);
#3604 = CARTESIAN_POINT('',(0.,-12.));
#3605 = VECTOR('',#3606,1.);
#3606 = DIRECTION('',(1.,0.));
#3607 = ( GEOMETRIC_REPRESENTATION_CONTEXT(2) 
PARAMETRIC_REPRESENTATION_CONTEXT() REPRESENTATION_CONTEXT('2D SPACE',''
  ) );
#3608 = ORIENTED_EDGE('',*,*,#3609,.T.);
#3609 = EDGE_CURVE('',#3582,#3610,#3612,.T.);
#3610 = VERTEX_POINT('',#3611);
#3611 = CARTESIAN_POINT('',(85.534568773473,413.,315.32481740575));
#3612 = SURFACE_CURVE('',#3613,(#3617,#3624),.PCURVE_S1.);
#3613 = LINE('',#3614,#3615);
#3614 = CARTESIAN_POINT('',(84.662357801825,413.,315.10231967637));
#3615 = VECTOR('',#3616,1.);
#3616 = DIRECTION('',(0.968969464037,0.,0.24718045587));
#3617 = PCURVE('',#72,#3618);
#3618 = DEFINITIONAL_REPRESENTATION('',(#3619),#3623);
#3619 = LINE('',#3620,#3621);
#3620 = CARTESIAN_POINT('',(20.097680323628,4.662357801825));
#3621 = VECTOR('',#3622,1.);
#3622 = DIRECTION('',(-0.24718045587,0.968969464037));
#3623 = ( GEOMETRIC_REPRESENTATION_CONTEXT(2) 
PARAMETRIC_REPRESENTATION_CONTEXT() REPRESENTATION_CONTEXT('2D SPACE',''
  ) );
#3624 = PCURVE('',#3625,#3630);
#3625 = PLANE('',#3626);
#3626 = AXIS2_PLACEMENT_3D('',#3627,#3628,#3629);
#3627 = CARTESIAN_POINT('',(84.662357801825,401.,315.10231967637));
#3628 = DIRECTION('',(0.24718045587,0.,-0.968969464037));
#3629 = DIRECTION('',(0.968969464037,0.,0.24718045587));
#3630 = DEFINITIONAL_REPRESENTATION('',(#3631),#3635);
#3631 = LINE('',#3632,#3633);
#3632 = CARTESIAN_POINT('',(0.,-12.));
#3633 = VECTOR('',#3634,1.);
#3634 = DIRECTION('',(1.,0.));
#3635 = ( GEOMETRIC_REPRESENTATION_CONTEXT(2) 
PARAMETRIC_REPRESENTATION_CONTEXT() REPRESENTATION_CONTEXT('2D SPACE',''
  ) );
#3636 = ORIENTED_EDGE('',*,*,#3637,.T.);
#3637 = EDGE_CURVE('',#3610,#3638,#3640,.T.);
#3638 = VERTEX_POINT('',#3639);
#3639 = CARTESIAN_POINT('',(86.396244378896,413.,315.58514867483));
#3640 = SURFACE_CURVE('',#3641,(#3645,#3652),.PCURVE_S1.);
#3641 = LINE('',#3642,#3643);
#3642 = CARTESIAN_POINT('',(85.534568773473,413.,315.32481740575));
#3643 = VECTOR('',#3644,1.);
#3644 = DIRECTION('',(0.957265359759,0.,0.289211049244));
#3645 = PCURVE('',#72,#3646);
#3646 = DEFINITIONAL_REPRESENTATION('',(#3647),#3651);
#3647 = LINE('',#3648,#3649);
#3648 = CARTESIAN_POINT('',(19.875182594247,5.534568773473));
#3649 = VECTOR('',#3650,1.);
#3650 = DIRECTION('',(-0.289211049244,0.957265359759));
#3651 = ( GEOMETRIC_REPRESENTATION_CONTEXT(2) 
PARAMETRIC_REPRESENTATION_CONTEXT() REPRESENTATION_CONTEXT('2D SPACE',''
  ) );
#3652 = PCURVE('',#3653,#3658);
#3653 = PLANE('',#3654);
#3654 = AXIS2_PLACEMENT_3D('',#3655,#3656,#3657);
#3655 = CARTESIAN_POINT('',(85.534568773473,401.,315.32481740575));
#3656 = DIRECTION('',(0.289211049244,0.,-0.957265359759));
#3657 = DIRECTION('',(0.957265359759,0.,0.289211049244));
#3658 = DEFINITIONAL_REPRESENTATION('',(#3659),#3663);
#3659 = LINE('',#3660,#3661);
#3660 = CARTESIAN_POINT('',(0.,-12.));
#3661 = VECTOR('',#3662,1.);
#3662 = DIRECTION('',(1.,0.));
#3663 = ( GEOMETRIC_REPRESENTATION_CONTEXT(2) 
PARAMETRIC_REPRESENTATION_CONTEXT() REPRESENTATION_CONTEXT('2D SPACE',''
  ) );
#3664 = ORIENTED_EDGE('',*,*,#3665,.T.);
#3665 = EDGE_CURVE('',#3638,#3666,#3668,.T.);
#3666 = VERTEX_POINT('',#3667);
#3667 = CARTESIAN_POINT('',(87.245744369604,413.,315.88281792824));
#3668 = SURFACE_CURVE('',#3669,(#3673,#3680),.PCURVE_S1.);
#3669 = LINE('',#3670,#3671);
#3670 = CARTESIAN_POINT('',(86.396244378896,413.,315.58514867483));
#3671 = VECTOR('',#3672,1.);
#3672 = DIRECTION('',(0.943739046462,0.,0.330691112948));
#3673 = PCURVE('',#72,#3674);
#3674 = DEFINITIONAL_REPRESENTATION('',(#3675),#3679);
#3675 = LINE('',#3676,#3677);
#3676 = CARTESIAN_POINT('',(19.614851325167,6.396244378896));
#3677 = VECTOR('',#3678,1.);
#3678 = DIRECTION('',(-0.330691112948,0.943739046462));
#3679 = ( GEOMETRIC_REPRESENTATION_CONTEXT(2) 
PARAMETRIC_REPRESENTATION_CONTEXT() REPRESENTATION_CONTEXT('2D SPACE',''
  ) );
#3680 = PCURVE('',#3681,#3686);
#3681 = PLANE('',#3682);
#3682 = AXIS2_PLACEMENT_3D('',#3683,#3684,#3685);
#3683 = CARTESIAN_POINT('',(86.396244378896,401.,315.58514867483));
#3684 = DIRECTION('',(0.330691112948,0.,-0.943739046462));
#3685 = DIRECTION('',(0.943739046462,0.,0.330691112948));
#3686 = DEFINITIONAL_REPRESENTATION('',(#3687),#3691);
#3687 = LINE('',#3688,#3689);
#3688 = CARTESIAN_POINT('',(0.,-12.));
#3689 = VECTOR('',#3690,1.);
#3690 = DIRECTION('',(1.,0.));
#3691 = ( GEOMETRIC_REPRESENTATION_CONTEXT(2) 
PARAMETRIC_REPRESENTATION_CONTEXT() REPRESENTATION_CONTEXT('2D SPACE',''
  ) );
#3692 = ORIENTED_EDGE('',*,*,#3693,.T.);
#3693 = EDGE_CURVE('',#3666,#3694,#3696,.T.);
#3694 = VERTEX_POINT('',#3695);
#3695 = CARTESIAN_POINT('',(88.081451674085,413.,316.21725853564));
#3696 = SURFACE_CURVE('',#3697,(#3701,#3708),.PCURVE_S1.);
#3697 = LINE('',#3698,#3699);
#3698 = CARTESIAN_POINT('',(87.245744369604,413.,315.88281792824));
#3699 = VECTOR('',#3700,1.);
#3700 = DIRECTION('',(0.928416272251,0.,0.371541687323));
#3701 = PCURVE('',#72,#3702);
#3702 = DEFINITIONAL_REPRESENTATION('',(#3703),#3707);
#3703 = LINE('',#3704,#3705);
#3704 = CARTESIAN_POINT('',(19.317182071755,7.245744369604));
#3705 = VECTOR('',#3706,1.);
#3706 = DIRECTION('',(-0.371541687323,0.928416272251));
#3707 = ( GEOMETRIC_REPRESENTATION_CONTEXT(2) 
PARAMETRIC_REPRESENTATION_CONTEXT() REPRESENTATION_CONTEXT('2D SPACE',''
  ) );
#3708 = PCURVE('',#3709,#3714);
#3709 = PLANE('',#3710);
#3710 = AXIS2_PLACEMENT_3D('',#3711,#3712,#3713);
#3711 = CARTESIAN_POINT('',(87.245744369604,401.,315.88281792824));
#3712 = DIRECTION('',(0.371541687323,0.,-0.928416272251));
#3713 = DIRECTION('',(0.928416272251,0.,0.371541687323));
#3714 = DEFINITIONAL_REPRESENTATION('',(#3715),#3719);
#3715 = LINE('',#3716,#3717);
#3716 = CARTESIAN_POINT('',(0.,-12.));
#3717 = VECTOR('',#3718,1.);
#3718 = DIRECTION('',(1.,0.));
#3719 = ( GEOMETRIC_REPRESENTATION_CONTEXT(2) 
PARAMETRIC_REPRESENTATION_CONTEXT() REPRESENTATION_CONTEXT('2D SPACE',''
  ) );
#3720 = ORIENTED_EDGE('',*,*,#3721,.T.);
#3721 = EDGE_CURVE('',#3694,#3722,#3724,.T.);
#3722 = VERTEX_POINT('',#3723);
#3723 = CARTESIAN_POINT('',(85.715409920955,413.,320.40466879145));
#3724 = SURFACE_CURVE('',#3725,(#3729,#3736),.PCURVE_S1.);
#3725 = LINE('',#3726,#3727);
#3726 = CARTESIAN_POINT('',(88.081451674085,413.,316.21725853564));
#3727 = VECTOR('',#3728,1.);
#3728 = DIRECTION('',(-0.49193822781,0.,0.870630105165));
#3729 = PCURVE('',#72,#3730);
#3730 = DEFINITIONAL_REPRESENTATION('',(#3731),#3735);
#3731 = LINE('',#3732,#3733);
#3732 = CARTESIAN_POINT('',(18.982741464351,8.081451674085));
#3733 = VECTOR('',#3734,1.);
#3734 = DIRECTION('',(-0.870630105165,-0.49193822781));
#3735 = ( GEOMETRIC_REPRESENTATION_CONTEXT(2) 
PARAMETRIC_REPRESENTATION_CONTEXT() REPRESENTATION_CONTEXT('2D SPACE',''
  ) );
#3736 = PCURVE('',#3737,#3742);
#3737 = PLANE('',#3738);
#3738 = AXIS2_PLACEMENT_3D('',#3739,#3740,#3741);
#3739 = CARTESIAN_POINT('',(88.081451674085,401.,316.21725853564));
#3740 = DIRECTION('',(0.870630105165,-0.,0.49193822781));
#3741 = DIRECTION('',(-0.49193822781,0.,0.870630105165));
#3742 = DEFINITIONAL_REPRESENTATION('',(#3743),#3747);
#3743 = LINE('',#3744,#3745);
#3744 = CARTESIAN_POINT('',(0.,-12.));
#3745 = VECTOR('',#3746,1.);
#3746 = DIRECTION('',(1.,0.));
#3747 = ( GEOMETRIC_REPRESENTATION_CONTEXT(2) 
PARAMETRIC_REPRESENTATION_CONTEXT() REPRESENTATION_CONTEXT('2D SPACE',''
  ) );
#3748 = ORIENTED_EDGE('',*,*,#3749,.T.);
#3749 = EDGE_CURVE('',#3722,#3750,#3752,.T.);
#3750 = VERTEX_POINT('',#3751);
#3751 = CARTESIAN_POINT('',(86.843457535015,413.,320.89144224243));
#3752 = SURFACE_CURVE('',#3753,(#3757,#3764),.PCURVE_S1.);
#3753 = LINE('',#3754,#3755);
#3754 = CARTESIAN_POINT('',(85.715409920955,413.,320.40466879145));
#3755 = VECTOR('',#3756,1.);
#3756 = DIRECTION('',(0.918162457462,0.,0.396204116217));
#3757 = PCURVE('',#72,#3758);
#3758 = DEFINITIONAL_REPRESENTATION('',(#3759),#3763);
#3759 = LINE('',#3760,#3761);
#3760 = CARTESIAN_POINT('',(14.795331208547,5.715409920955));
#3761 = VECTOR('',#3762,1.);
#3762 = DIRECTION('',(-0.396204116217,0.918162457462));
#3763 = ( GEOMETRIC_REPRESENTATION_CONTEXT(2) 
PARAMETRIC_REPRESENTATION_CONTEXT() REPRESENTATION_CONTEXT('2D SPACE',''
  ) );
#3764 = PCURVE('',#3765,#3770);
#3765 = PLANE('',#3766);
#3766 = AXIS2_PLACEMENT_3D('',#3767,#3768,#3769);
#3767 = CARTESIAN_POINT('',(85.715409920955,401.,320.40466879145));
#3768 = DIRECTION('',(0.396204116217,0.,-0.918162457462));
#3769 = DIRECTION('',(0.918162457462,0.,0.396204116217));
#3770 = DEFINITIONAL_REPRESENTATION('',(#3771),#3775);
#3771 = LINE('',#3772,#3773);
#3772 = CARTESIAN_POINT('',(0.,-12.));
#3773 = VECTOR('',#3774,1.);
#3774 = DIRECTION('',(1.,0.));
#3775 = ( GEOMETRIC_REPRESENTATION_CONTEXT(2) 
PARAMETRIC_REPRESENTATION_CONTEXT() REPRESENTATION_CONTEXT('2D SPACE',''
  ) );
#3776 = ORIENTED_EDGE('',*,*,#3777,.T.);
#3777 = EDGE_CURVE('',#3750,#3778,#3780,.T.);
#3778 = VERTEX_POINT('',#3779);
#3779 = CARTESIAN_POINT('',(87.930443495403,413.,321.4640689394));
#3780 = SURFACE_CURVE('',#3781,(#3785,#3792),.PCURVE_S1.);
#3781 = LINE('',#3782,#3783);
#3782 = CARTESIAN_POINT('',(86.843457535015,413.,320.89144224243));
#3783 = VECTOR('',#3784,1.);
#3784 = DIRECTION('',(0.88474075755,0.,0.466083460261));
#3785 = PCURVE('',#72,#3786);
#3786 = DEFINITIONAL_REPRESENTATION('',(#3787),#3791);
#3787 = LINE('',#3788,#3789);
#3788 = CARTESIAN_POINT('',(14.308557757565,6.843457535015));
#3789 = VECTOR('',#3790,1.);
#3790 = DIRECTION('',(-0.466083460261,0.88474075755));
#3791 = ( GEOMETRIC_REPRESENTATION_CONTEXT(2) 
PARAMETRIC_REPRESENTATION_CONTEXT() REPRESENTATION_CONTEXT('2D SPACE',''
  ) );
#3792 = PCURVE('',#3793,#3798);
#3793 = PLANE('',#3794);
#3794 = AXIS2_PLACEMENT_3D('',#3795,#3796,#3797);
#3795 = CARTESIAN_POINT('',(86.843457535015,401.,320.89144224243));
#3796 = DIRECTION('',(0.466083460261,0.,-0.88474075755));
#3797 = DIRECTION('',(0.88474075755,0.,0.466083460261));
#3798 = DEFINITIONAL_REPRESENTATION('',(#3799),#3803);
#3799 = LINE('',#3800,#3801);
#3800 = CARTESIAN_POINT('',(0.,-12.));
#3801 = VECTOR('',#3802,1.);
#3802 = DIRECTION('',(1.,0.));
#3803 = ( GEOMETRIC_REPRESENTATION_CONTEXT(2) 
PARAMETRIC_REPRESENTATION_CONTEXT() REPRESENTATION_CONTEXT('2D SPACE',''
  ) );
#3804 = ORIENTED_EDGE('',*,*,#3805,.T.);
#3805 = EDGE_CURVE('',#3778,#3806,#3808,.T.);
#3806 = VERTEX_POINT('',#3807);
#3807 = CARTESIAN_POINT('',(88.969845742061,413.,322.11911304617));
#3808 = SURFACE_CURVE('',#3809,(#3813,#3820),.PCURVE_S1.);
#3809 = LINE('',#3810,#3811);
#3810 = CARTESIAN_POINT('',(87.930443495403,413.,321.4640689394));
#3811 = VECTOR('',#3812,1.);
#3812 = DIRECTION('',(0.846010495645,0.,0.533166241671));
#3813 = PCURVE('',#72,#3814);
#3814 = DEFINITIONAL_REPRESENTATION('',(#3815),#3819);
#3815 = LINE('',#3816,#3817);
#3816 = CARTESIAN_POINT('',(13.735931060593,7.930443495403));
#3817 = VECTOR('',#3818,1.);
#3818 = DIRECTION('',(-0.533166241671,0.846010495645));
#3819 = ( GEOMETRIC_REPRESENTATION_CONTEXT(2) 
PARAMETRIC_REPRESENTATION_CONTEXT() REPRESENTATION_CONTEXT('2D SPACE',''
  ) );
#3820 = PCURVE('',#3821,#3826);
#3821 = PLANE('',#3822);
#3822 = AXIS2_PLACEMENT_3D('',#3823,#3824,#3825);
#3823 = CARTESIAN_POINT('',(87.930443495403,401.,321.4640689394));
#3824 = DIRECTION('',(0.533166241671,0.,-0.846010495645));
#3825 = DIRECTION('',(0.846010495645,0.,0.533166241671));
#3826 = DEFINITIONAL_REPRESENTATION('',(#3827),#3831);
#3827 = LINE('',#3828,#3829);
#3828 = CARTESIAN_POINT('',(0.,-12.));
#3829 = VECTOR('',#3830,1.);
#3830 = DIRECTION('',(1.,0.));
#3831 = ( GEOMETRIC_REPRESENTATION_CONTEXT(2) 
PARAMETRIC_REPRESENTATION_CONTEXT() REPRESENTATION_CONTEXT('2D SPACE',''
  ) );
#3832 = ORIENTED_EDGE('',*,*,#3833,.T.);
#3833 = EDGE_CURVE('',#3806,#3834,#3836,.T.);
#3834 = VERTEX_POINT('',#3835);
#3835 = CARTESIAN_POINT('',(89.955427723529,413.,322.85264421113));
#3836 = SURFACE_CURVE('',#3837,(#3841,#3848),.PCURVE_S1.);
#3837 = LINE('',#3838,#3839);
#3838 = CARTESIAN_POINT('',(88.969845742061,413.,322.11911304617));
#3839 = VECTOR('',#3840,1.);
#3840 = DIRECTION('',(0.802204058459,0.,0.597049954854));
#3841 = PCURVE('',#72,#3842);
#3842 = DEFINITIONAL_REPRESENTATION('',(#3843),#3847);
#3843 = LINE('',#3844,#3845);
#3844 = CARTESIAN_POINT('',(13.080886953826,8.969845742061));
#3845 = VECTOR('',#3846,1.);
#3846 = DIRECTION('',(-0.597049954854,0.802204058459));
#3847 = ( GEOMETRIC_REPRESENTATION_CONTEXT(2) 
PARAMETRIC_REPRESENTATION_CONTEXT() REPRESENTATION_CONTEXT('2D SPACE',''
  ) );
#3848 = PCURVE('',#3849,#3854);
#3849 = PLANE('',#3850);
#3850 = AXIS2_PLACEMENT_3D('',#3851,#3852,#3853);
#3851 = CARTESIAN_POINT('',(88.969845742061,401.,322.11911304617));
#3852 = DIRECTION('',(0.597049954854,0.,-0.802204058459));
#3853 = DIRECTION('',(0.802204058459,0.,0.597049954854));
#3854 = DEFINITIONAL_REPRESENTATION('',(#3855),#3859);
#3855 = LINE('',#3856,#3857);
#3856 = CARTESIAN_POINT('',(0.,-12.));
#3857 = VECTOR('',#3858,1.);
#3858 = DIRECTION('',(1.,0.));
#3859 = ( GEOMETRIC_REPRESENTATION_CONTEXT(2) 
PARAMETRIC_REPRESENTATION_CONTEXT() REPRESENTATION_CONTEXT('2D SPACE',''
  ) );
#3860 = ORIENTED_EDGE('',*,*,#3861,.T.);
#3861 = EDGE_CURVE('',#3834,#3862,#3864,.T.);
#3862 = VERTEX_POINT('',#3863);
#3863 = CARTESIAN_POINT('',(90.801159326351,413.,322.00313405036));
#3864 = SURFACE_CURVE('',#3865,(#3869,#3876),.PCURVE_S1.);
#3865 = LINE('',#3866,#3867);
#3866 = CARTESIAN_POINT('',(89.955427723529,413.,322.85264421113));
#3867 = VECTOR('',#3868,1.);
#3868 = DIRECTION('',(0.705528944312,0.,-0.708681105109));
#3869 = PCURVE('',#72,#3870);
#3870 = DEFINITIONAL_REPRESENTATION('',(#3871),#3875);
#3871 = LINE('',#3872,#3873);
#3872 = CARTESIAN_POINT('',(12.347355788862,9.955427723529));
#3873 = VECTOR('',#3874,1.);
#3874 = DIRECTION('',(0.708681105109,0.705528944312));
#3875 = ( GEOMETRIC_REPRESENTATION_CONTEXT(2) 
PARAMETRIC_REPRESENTATION_CONTEXT() REPRESENTATION_CONTEXT('2D SPACE',''
  ) );
#3876 = PCURVE('',#3877,#3882);
#3877 = PLANE('',#3878);
#3878 = AXIS2_PLACEMENT_3D('',#3879,#3880,#3881);
#3879 = CARTESIAN_POINT('',(89.955427723529,401.,322.85264421113));
#3880 = DIRECTION('',(-0.708681105109,0.,-0.705528944312));
#3881 = DIRECTION('',(0.705528944312,0.,-0.708681105109));
#3882 = DEFINITIONAL_REPRESENTATION('',(#3883),#3887);
#3883 = LINE('',#3884,#3885);
#3884 = CARTESIAN_POINT('',(0.,-12.));
#3885 = VECTOR('',#3886,1.);
#3886 = DIRECTION('',(1.,0.));
#3887 = ( GEOMETRIC_REPRESENTATION_CONTEXT(2) 
PARAMETRIC_REPRESENTATION_CONTEXT() REPRESENTATION_CONTEXT('2D SPACE',''
  ) );
#3888 = ORIENTED_EDGE('',*,*,#3889,.T.);
#3889 = EDGE_CURVE('',#3862,#3890,#3892,.T.);
#3890 = VERTEX_POINT('',#3891);
#3891 = CARTESIAN_POINT('',(91.659857136131,413.,321.16542350042));
#3892 = SURFACE_CURVE('',#3893,(#3897,#3904),.PCURVE_S1.);
#3893 = LINE('',#3894,#3895);
#3894 = CARTESIAN_POINT('',(90.801159326351,413.,322.00313405036));
#3895 = VECTOR('',#3896,1.);
#3896 = DIRECTION('',(0.715800035989,0.,-0.698305311793));
#3897 = PCURVE('',#72,#3898);
#3898 = DEFINITIONAL_REPRESENTATION('',(#3899),#3903);
#3899 = LINE('',#3900,#3901);
#3900 = CARTESIAN_POINT('',(13.196865949636,10.801159326351));
#3901 = VECTOR('',#3902,1.);
#3902 = DIRECTION('',(0.698305311793,0.715800035989));
#3903 = ( GEOMETRIC_REPRESENTATION_CONTEXT(2) 
PARAMETRIC_REPRESENTATION_CONTEXT() REPRESENTATION_CONTEXT('2D SPACE',''
  ) );
#3904 = PCURVE('',#3905,#3910);
#3905 = PLANE('',#3906);
#3906 = AXIS2_PLACEMENT_3D('',#3907,#3908,#3909);
#3907 = CARTESIAN_POINT('',(90.801159326351,401.,322.00313405036));
#3908 = DIRECTION('',(-0.698305311793,0.,-0.715800035989));
#3909 = DIRECTION('',(0.715800035989,0.,-0.698305311793));
#3910 = DEFINITIONAL_REPRESENTATION('',(#3911),#3915);
#3911 = LINE('',#3912,#3913);
#3912 = CARTESIAN_POINT('',(0.,-12.));
#3913 = VECTOR('',#3914,1.);
#3914 = DIRECTION('',(1.,0.));
#3915 = ( GEOMETRIC_REPRESENTATION_CONTEXT(2) 
PARAMETRIC_REPRESENTATION_CONTEXT() REPRESENTATION_CONTEXT('2D SPACE',''
  ) );
#3916 = ORIENTED_EDGE('',*,*,#3917,.T.);
#3917 = EDGE_CURVE('',#3890,#3918,#3920,.T.);
#3918 = VERTEX_POINT('',#3919);
#3919 = CARTESIAN_POINT('',(92.531393137274,413.,320.33965683475));
#3920 = SURFACE_CURVE('',#3921,(#3925,#3932),.PCURVE_S1.);
#3921 = LINE('',#3922,#3923);
#3922 = CARTESIAN_POINT('',(91.659857136131,413.,321.16542350042));
#3923 = VECTOR('',#3924,1.);
#3924 = DIRECTION('',(0.725910690183,0.,-0.687788971908));
#3925 = PCURVE('',#72,#3926);
#3926 = DEFINITIONAL_REPRESENTATION('',(#3927),#3931);
#3927 = LINE('',#3928,#3929);
#3928 = CARTESIAN_POINT('',(14.034576499576,11.659857136131));
#3929 = VECTOR('',#3930,1.);
#3930 = DIRECTION('',(0.687788971908,0.725910690183));
#3931 = ( GEOMETRIC_REPRESENTATION_CONTEXT(2) 
PARAMETRIC_REPRESENTATION_CONTEXT() REPRESENTATION_CONTEXT('2D SPACE',''
  ) );
#3932 = PCURVE('',#3933,#3938);
#3933 = PLANE('',#3934);
#3934 = AXIS2_PLACEMENT_3D('',#3935,#3936,#3937);
#3935 = CARTESIAN_POINT('',(91.659857136131,401.,321.16542350042));
#3936 = DIRECTION('',(-0.687788971908,0.,-0.725910690183));
#3937 = DIRECTION('',(0.725910690183,0.,-0.687788971908));
#3938 = DEFINITIONAL_REPRESENTATION('',(#3939),#3943);
#3939 = LINE('',#3940,#3941);
#3940 = CARTESIAN_POINT('',(0.,-12.));
#3941 = VECTOR('',#3942,1.);
#3942 = DIRECTION('',(1.,0.));
#3943 = ( GEOMETRIC_REPRESENTATION_CONTEXT(2) 
PARAMETRIC_REPRESENTATION_CONTEXT() REPRESENTATION_CONTEXT('2D SPACE',''
  ) );
#3944 = ORIENTED_EDGE('',*,*,#3945,.T.);
#3945 = EDGE_CURVE('',#3918,#3946,#3948,.T.);
#3946 = VERTEX_POINT('',#3947);
#3947 = CARTESIAN_POINT('',(94.086560459727,413.,320.12607718351));
#3948 = SURFACE_CURVE('',#3949,(#3953,#3960),.PCURVE_S1.);
#3949 = LINE('',#3950,#3951);
#3950 = CARTESIAN_POINT('',(92.531393137274,413.,320.33965683475));
#3951 = VECTOR('',#3952,1.);
#3952 = DIRECTION('',(0.990700822175,0.,-0.136058373289));
#3953 = PCURVE('',#72,#3954);
#3954 = DEFINITIONAL_REPRESENTATION('',(#3955),#3959);
#3955 = LINE('',#3956,#3957);
#3956 = CARTESIAN_POINT('',(14.860343165246,12.531393137274));
#3957 = VECTOR('',#3958,1.);
#3958 = DIRECTION('',(0.136058373289,0.990700822175));
#3959 = ( GEOMETRIC_REPRESENTATION_CONTEXT(2) 
PARAMETRIC_REPRESENTATION_CONTEXT() REPRESENTATION_CONTEXT('2D SPACE',''
  ) );
#3960 = PCURVE('',#3961,#3966);
#3961 = PLANE('',#3962);
#3962 = AXIS2_PLACEMENT_3D('',#3963,#3964,#3965);
#3963 = CARTESIAN_POINT('',(92.531393137274,401.,320.33965683475));
#3964 = DIRECTION('',(-0.136058373289,0.,-0.990700822175));
#3965 = DIRECTION('',(0.990700822175,0.,-0.136058373289));
#3966 = DEFINITIONAL_REPRESENTATION('',(#3967),#3971);
#3967 = LINE('',#3968,#3969);
#3968 = CARTESIAN_POINT('',(0.,-12.));
#3969 = VECTOR('',#3970,1.);
#3970 = DIRECTION('',(1.,0.));
#3971 = ( GEOMETRIC_REPRESENTATION_CONTEXT(2) 
PARAMETRIC_REPRESENTATION_CONTEXT() REPRESENTATION_CONTEXT('2D SPACE',''
  ) );
#3972 = ORIENTED_EDGE('',*,*,#3973,.T.);
#3973 = EDGE_CURVE('',#3946,#3974,#3976,.T.);
#3974 = VERTEX_POINT('',#3975);
#3975 = CARTESIAN_POINT('',(94.730668453943,413.,320.75487135526));
#3976 = SURFACE_CURVE('',#3977,(#3981,#3988),.PCURVE_S1.);
#3977 = LINE('',#3978,#3979);
#3978 = CARTESIAN_POINT('',(94.086560459727,413.,320.12607718351));
#3979 = VECTOR('',#3980,1.);
#3980 = DIRECTION('',(0.715561943412,0.,0.698549286121));
#3981 = PCURVE('',#72,#3982);
#3982 = DEFINITIONAL_REPRESENTATION('',(#3983),#3987);
#3983 = LINE('',#3984,#3985);
#3984 = CARTESIAN_POINT('',(15.073922816488,14.086560459727));
#3985 = VECTOR('',#3986,1.);
#3986 = DIRECTION('',(-0.698549286121,0.715561943412));
#3987 = ( GEOMETRIC_REPRESENTATION_CONTEXT(2) 
PARAMETRIC_REPRESENTATION_CONTEXT() REPRESENTATION_CONTEXT('2D SPACE',''
  ) );
#3988 = PCURVE('',#3989,#3994);
#3989 = PLANE('',#3990);
#3990 = AXIS2_PLACEMENT_3D('',#3991,#3992,#3993);
#3991 = CARTESIAN_POINT('',(94.086560459727,401.,320.12607718351));
#3992 = DIRECTION('',(0.698549286121,0.,-0.715561943412));
#3993 = DIRECTION('',(0.715561943412,0.,0.698549286121));
#3994 = DEFINITIONAL_REPRESENTATION('',(#3995),#3999);
#3995 = LINE('',#3996,#3997);
#3996 = CARTESIAN_POINT('',(0.,-12.));
#3997 = VECTOR('',#3998,1.);
#3998 = DIRECTION('',(1.,0.));
#3999 = ( GEOMETRIC_REPRESENTATION_CONTEXT(2) 
PARAMETRIC_REPRESENTATION_CONTEXT() REPRESENTATION_CONTEXT('2D SPACE',''
  ) );
#4000 = ORIENTED_EDGE('',*,*,#4001,.T.);
#4001 = EDGE_CURVE('',#3974,#4002,#4004,.T.);
#4002 = VERTEX_POINT('',#4003);
#4003 = CARTESIAN_POINT('',(95.346735783521,413.,321.41116265039));
#4004 = SURFACE_CURVE('',#4005,(#4009,#4016),.PCURVE_S1.);
#4005 = LINE('',#4006,#4007);
#4006 = CARTESIAN_POINT('',(94.730668453943,413.,320.75487135526));
#4007 = VECTOR('',#4008,1.);
#4008 = DIRECTION('',(0.684410595092,0.,0.72909679558));
#4009 = PCURVE('',#72,#4010);
#4010 = DEFINITIONAL_REPRESENTATION('',(#4011),#4015);
#4011 = LINE('',#4012,#4013);
#4012 = CARTESIAN_POINT('',(14.445128644736,14.730668453943));
#4013 = VECTOR('',#4014,1.);
#4014 = DIRECTION('',(-0.72909679558,0.684410595092));
#4015 = ( GEOMETRIC_REPRESENTATION_CONTEXT(2) 
PARAMETRIC_REPRESENTATION_CONTEXT() REPRESENTATION_CONTEXT('2D SPACE',''
  ) );
#4016 = PCURVE('',#4017,#4022);
#4017 = PLANE('',#4018);
#4018 = AXIS2_PLACEMENT_3D('',#4019,#4020,#4021);
#4019 = CARTESIAN_POINT('',(94.730668453943,401.,320.75487135526));
#4020 = DIRECTION('',(0.72909679558,0.,-0.684410595092));
#4021 = DIRECTION('',(0.684410595092,0.,0.72909679558));
#4022 = DEFINITIONAL_REPRESENTATION('',(#4023),#4027);
#4023 = LINE('',#4024,#4025);
#4024 = CARTESIAN_POINT('',(0.,-12.));
#4025 = VECTOR('',#4026,1.);
#4026 = DIRECTION('',(1.,0.));
#4027 = ( GEOMETRIC_REPRESENTATION_CONTEXT(2) 
PARAMETRIC_REPRESENTATION_CONTEXT() REPRESENTATION_CONTEXT('2D SPACE',''
  ) );
#4028 = ORIENTED_EDGE('',*,*,#4029,.T.);
#4029 = EDGE_CURVE('',#4002,#4030,#4032,.T.);
#4030 = VERTEX_POINT('',#4031);
#4031 = CARTESIAN_POINT('',(95.933589729283,413.,322.09370178113));
#4032 = SURFACE_CURVE('',#4033,(#4037,#4044),.PCURVE_S1.);
#4033 = LINE('',#4034,#4035);
#4034 = CARTESIAN_POINT('',(95.346735783521,413.,321.41116265039));
#4035 = VECTOR('',#4036,1.);
#4036 = DIRECTION('',(0.651956432306,0.,0.75825642785));
#4037 = PCURVE('',#72,#4038);
#4038 = DEFINITIONAL_REPRESENTATION('',(#4039),#4043);
#4039 = LINE('',#4040,#4041);
#4040 = CARTESIAN_POINT('',(13.788837349602,15.346735783521));
#4041 = VECTOR('',#4042,1.);
#4042 = DIRECTION('',(-0.75825642785,0.651956432306));
#4043 = ( GEOMETRIC_REPRESENTATION_CONTEXT(2) 
PARAMETRIC_REPRESENTATION_CONTEXT() REPRESENTATION_CONTEXT('2D SPACE',''
  ) );
#4044 = PCURVE('',#4045,#4050);
#4045 = PLANE('',#4046);
#4046 = AXIS2_PLACEMENT_3D('',#4047,#4048,#4049);
#4047 = CARTESIAN_POINT('',(95.346735783521,401.,321.41116265039));
#4048 = DIRECTION('',(0.75825642785,0.,-0.651956432306));
#4049 = DIRECTION('',(0.651956432306,0.,0.75825642785));
#4050 = DEFINITIONAL_REPRESENTATION('',(#4051),#4055);
#4051 = LINE('',#4052,#4053);
#4052 = CARTESIAN_POINT('',(0.,-12.));
#4053 = VECTOR('',#4054,1.);
#4054 = DIRECTION('',(1.,0.));
#4055 = ( GEOMETRIC_REPRESENTATION_CONTEXT(2) 
PARAMETRIC_REPRESENTATION_CONTEXT() REPRESENTATION_CONTEXT('2D SPACE',''
  ) );
#4056 = ORIENTED_EDGE('',*,*,#4057,.T.);
#4057 = EDGE_CURVE('',#4030,#4058,#4060,.T.);
#4058 = VERTEX_POINT('',#4059);
#4059 = CARTESIAN_POINT('',(96.490113181389,413.,322.80118949544));
#4060 = SURFACE_CURVE('',#4061,(#4065,#4072),.PCURVE_S1.);
#4061 = LINE('',#4062,#4063);
#4062 = CARTESIAN_POINT('',(95.933589729283,413.,322.09370178113));
#4063 = VECTOR('',#4064,1.);
#4064 = DIRECTION('',(0.618261233395,0.,0.785972675912));
#4065 = PCURVE('',#72,#4066);
#4066 = DEFINITIONAL_REPRESENTATION('',(#4067),#4071);
#4067 = LINE('',#4068,#4069);
#4068 = CARTESIAN_POINT('',(13.106298218867,15.933589729283));
#4069 = VECTOR('',#4070,1.);
#4070 = DIRECTION('',(-0.785972675912,0.618261233395));
#4071 = ( GEOMETRIC_REPRESENTATION_CONTEXT(2) 
PARAMETRIC_REPRESENTATION_CONTEXT() REPRESENTATION_CONTEXT('2D SPACE',''
  ) );
#4072 = PCURVE('',#4073,#4078);
#4073 = PLANE('',#4074);
#4074 = AXIS2_PLACEMENT_3D('',#4075,#4076,#4077);
#4075 = CARTESIAN_POINT('',(95.933589729283,401.,322.09370178113));
#4076 = DIRECTION('',(0.785972675912,0.,-0.618261233395));
#4077 = DIRECTION('',(0.618261233395,0.,0.785972675912));
#4078 = DEFINITIONAL_REPRESENTATION('',(#4079),#4083);
#4079 = LINE('',#4080,#4081);
#4080 = CARTESIAN_POINT('',(0.,-12.));
#4081 = VECTOR('',#4082,1.);
#4082 = DIRECTION('',(1.,0.));
#4083 = ( GEOMETRIC_REPRESENTATION_CONTEXT(2) 
PARAMETRIC_REPRESENTATION_CONTEXT() REPRESENTATION_CONTEXT('2D SPACE',''
  ) );
#4084 = ORIENTED_EDGE('',*,*,#4085,.T.);
#4085 = EDGE_CURVE('',#4058,#4086,#4088,.T.);
#4086 = VERTEX_POINT('',#4087);
#4087 = CARTESIAN_POINT('',(92.347355788862,413.,325.24457227647));
#4088 = SURFACE_CURVE('',#4089,(#4093,#4100),.PCURVE_S1.);
#4089 = LINE('',#4090,#4091);
#4090 = CARTESIAN_POINT('',(96.490113181389,413.,322.80118949544));
#4091 = VECTOR('',#4092,1.);
#4092 = DIRECTION('',(-0.861346054958,0.,0.508018674468));
#4093 = PCURVE('',#72,#4094);
#4094 = DEFINITIONAL_REPRESENTATION('',(#4095),#4099);
#4095 = LINE('',#4096,#4097);
#4096 = CARTESIAN_POINT('',(12.398810504558,16.490113181389));
#4097 = VECTOR('',#4098,1.);
#4098 = DIRECTION('',(-0.508018674468,-0.861346054958));
#4099 = ( GEOMETRIC_REPRESENTATION_CONTEXT(2) 
PARAMETRIC_REPRESENTATION_CONTEXT() REPRESENTATION_CONTEXT('2D SPACE',''
  ) );
#4100 = PCURVE('',#4101,#4106);
#4101 = PLANE('',#4102);
#4102 = AXIS2_PLACEMENT_3D('',#4103,#4104,#4105);
#4103 = CARTESIAN_POINT('',(96.490113181389,401.,322.80118949544));
#4104 = DIRECTION('',(0.508018674468,-0.,0.861346054958));
#4105 = DIRECTION('',(-0.861346054958,0.,0.508018674468));
#4106 = DEFINITIONAL_REPRESENTATION('',(#4107),#4111);
#4107 = LINE('',#4108,#4109);
#4108 = CARTESIAN_POINT('',(0.,-12.));
#4109 = VECTOR('',#4110,1.);
#4110 = DIRECTION('',(1.,0.));
#4111 = ( GEOMETRIC_REPRESENTATION_CONTEXT(2) 
PARAMETRIC_REPRESENTATION_CONTEXT() REPRESENTATION_CONTEXT('2D SPACE',''
  ) );
#4112 = ORIENTED_EDGE('',*,*,#4113,.T.);
#4113 = EDGE_CURVE('',#4086,#4114,#4116,.T.);
#4114 = VERTEX_POINT('',#4115);
#4115 = CARTESIAN_POINT('',(93.080886953826,413.,326.23015425793));
#4116 = SURFACE_CURVE('',#4117,(#4121,#4128),.PCURVE_S1.);
#4117 = LINE('',#4118,#4119);
#4118 = CARTESIAN_POINT('',(92.347355788862,413.,325.24457227647));
#4119 = VECTOR('',#4120,1.);
#4120 = DIRECTION('',(0.597049954854,0.,0.802204058459));
#4121 = PCURVE('',#72,#4122);
#4122 = DEFINITIONAL_REPRESENTATION('',(#4123),#4127);
#4123 = LINE('',#4124,#4125);
#4124 = CARTESIAN_POINT('',(9.955427723529,12.347355788862));
#4125 = VECTOR('',#4126,1.);
#4126 = DIRECTION('',(-0.802204058459,0.597049954854));
#4127 = ( GEOMETRIC_REPRESENTATION_CONTEXT(2) 
PARAMETRIC_REPRESENTATION_CONTEXT() REPRESENTATION_CONTEXT('2D SPACE',''
  ) );
#4128 = PCURVE('',#4129,#4134);
#4129 = PLANE('',#4130);
#4130 = AXIS2_PLACEMENT_3D('',#4131,#4132,#4133);
#4131 = CARTESIAN_POINT('',(92.347355788862,401.,325.24457227647));
#4132 = DIRECTION('',(0.802204058459,0.,-0.597049954854));
#4133 = DIRECTION('',(0.597049954854,0.,0.802204058459));
#4134 = DEFINITIONAL_REPRESENTATION('',(#4135),#4139);
#4135 = LINE('',#4136,#4137);
#4136 = CARTESIAN_POINT('',(0.,-12.));
#4137 = VECTOR('',#4138,1.);
#4138 = DIRECTION('',(1.,0.));
#4139 = ( GEOMETRIC_REPRESENTATION_CONTEXT(2) 
PARAMETRIC_REPRESENTATION_CONTEXT() REPRESENTATION_CONTEXT('2D SPACE',''
  ) );
#4140 = ORIENTED_EDGE('',*,*,#4141,.T.);
#4141 = EDGE_CURVE('',#4114,#4142,#4144,.T.);
#4142 = VERTEX_POINT('',#4143);
#4143 = CARTESIAN_POINT('',(93.735931060593,413.,327.26955650459));
#4144 = SURFACE_CURVE('',#4145,(#4149,#4156),.PCURVE_S1.);
#4145 = LINE('',#4146,#4147);
#4146 = CARTESIAN_POINT('',(93.080886953826,413.,326.23015425793));
#4147 = VECTOR('',#4148,1.);
#4148 = DIRECTION('',(0.533166241671,0.,0.846010495645));
#4149 = PCURVE('',#72,#4150);
#4150 = DEFINITIONAL_REPRESENTATION('',(#4151),#4155);
#4151 = LINE('',#4152,#4153);
#4152 = CARTESIAN_POINT('',(8.969845742061,13.080886953826));
#4153 = VECTOR('',#4154,1.);
#4154 = DIRECTION('',(-0.846010495645,0.533166241671));
#4155 = ( GEOMETRIC_REPRESENTATION_CONTEXT(2) 
PARAMETRIC_REPRESENTATION_CONTEXT() REPRESENTATION_CONTEXT('2D SPACE',''
  ) );
#4156 = PCURVE('',#4157,#4162);
#4157 = PLANE('',#4158);
#4158 = AXIS2_PLACEMENT_3D('',#4159,#4160,#4161);
#4159 = CARTESIAN_POINT('',(93.080886953826,401.,326.23015425793));
#4160 = DIRECTION('',(0.846010495645,0.,-0.533166241671));
#4161 = DIRECTION('',(0.533166241671,0.,0.846010495645));
#4162 = DEFINITIONAL_REPRESENTATION('',(#4163),#4167);
#4163 = LINE('',#4164,#4165);
#4164 = CARTESIAN_POINT('',(0.,-12.));
#4165 = VECTOR('',#4166,1.);
#4166 = DIRECTION('',(1.,0.));
#4167 = ( GEOMETRIC_REPRESENTATION_CONTEXT(2) 
PARAMETRIC_REPRESENTATION_CONTEXT() REPRESENTATION_CONTEXT('2D SPACE',''
  ) );
#4168 = ORIENTED_EDGE('',*,*,#4169,.T.);
#4169 = EDGE_CURVE('',#4142,#4170,#4172,.T.);
#4170 = VERTEX_POINT('',#4171);
#4171 = CARTESIAN_POINT('',(94.308557757565,413.,328.35654246498));
#4172 = SURFACE_CURVE('',#4173,(#4177,#4184),.PCURVE_S1.);
#4173 = LINE('',#4174,#4175);
#4174 = CARTESIAN_POINT('',(93.735931060593,413.,327.26955650459));
#4175 = VECTOR('',#4176,1.);
#4176 = DIRECTION('',(0.466083460261,0.,0.88474075755));
#4177 = PCURVE('',#72,#4178);
#4178 = DEFINITIONAL_REPRESENTATION('',(#4179),#4183);
#4179 = LINE('',#4180,#4181);
#4180 = CARTESIAN_POINT('',(7.930443495403,13.735931060593));
#4181 = VECTOR('',#4182,1.);
#4182 = DIRECTION('',(-0.88474075755,0.466083460261));
#4183 = ( GEOMETRIC_REPRESENTATION_CONTEXT(2) 
PARAMETRIC_REPRESENTATION_CONTEXT() REPRESENTATION_CONTEXT('2D SPACE',''
  ) );
#4184 = PCURVE('',#4185,#4190);
#4185 = PLANE('',#4186);
#4186 = AXIS2_PLACEMENT_3D('',#4187,#4188,#4189);
#4187 = CARTESIAN_POINT('',(93.735931060593,401.,327.26955650459));
#4188 = DIRECTION('',(0.88474075755,0.,-0.466083460261));
#4189 = DIRECTION('',(0.466083460261,0.,0.88474075755));
#4190 = DEFINITIONAL_REPRESENTATION('',(#4191),#4195);
#4191 = LINE('',#4192,#4193);
#4192 = CARTESIAN_POINT('',(0.,-12.));
#4193 = VECTOR('',#4194,1.);
#4194 = DIRECTION('',(1.,0.));
#4195 = ( GEOMETRIC_REPRESENTATION_CONTEXT(2) 
PARAMETRIC_REPRESENTATION_CONTEXT() REPRESENTATION_CONTEXT('2D SPACE',''
  ) );
#4196 = ORIENTED_EDGE('',*,*,#4197,.T.);
#4197 = EDGE_CURVE('',#4170,#4198,#4200,.T.);
#4198 = VERTEX_POINT('',#4199);
#4199 = CARTESIAN_POINT('',(94.795331208547,413.,329.48459007904));
#4200 = SURFACE_CURVE('',#4201,(#4205,#4212),.PCURVE_S1.);
#4201 = LINE('',#4202,#4203);
#4202 = CARTESIAN_POINT('',(94.308557757565,413.,328.35654246498));
#4203 = VECTOR('',#4204,1.);
#4204 = DIRECTION('',(0.396204116217,0.,0.918162457462));
#4205 = PCURVE('',#72,#4206);
#4206 = DEFINITIONAL_REPRESENTATION('',(#4207),#4211);
#4207 = LINE('',#4208,#4209);
#4208 = CARTESIAN_POINT('',(6.843457535015,14.308557757565));
#4209 = VECTOR('',#4210,1.);
#4210 = DIRECTION('',(-0.918162457462,0.396204116217));
#4211 = ( GEOMETRIC_REPRESENTATION_CONTEXT(2) 
PARAMETRIC_REPRESENTATION_CONTEXT() REPRESENTATION_CONTEXT('2D SPACE',''
  ) );
#4212 = PCURVE('',#4213,#4218);
#4213 = PLANE('',#4214);
#4214 = AXIS2_PLACEMENT_3D('',#4215,#4216,#4217);
#4215 = CARTESIAN_POINT('',(94.308557757565,401.,328.35654246498));
#4216 = DIRECTION('',(0.918162457462,0.,-0.396204116217));
#4217 = DIRECTION('',(0.396204116217,0.,0.918162457462));
#4218 = DEFINITIONAL_REPRESENTATION('',(#4219),#4223);
#4219 = LINE('',#4220,#4221);
#4220 = CARTESIAN_POINT('',(0.,-12.));
#4221 = VECTOR('',#4222,1.);
#4222 = DIRECTION('',(1.,0.));
#4223 = ( GEOMETRIC_REPRESENTATION_CONTEXT(2) 
PARAMETRIC_REPRESENTATION_CONTEXT() REPRESENTATION_CONTEXT('2D SPACE',''
  ) );
#4224 = ORIENTED_EDGE('',*,*,#4225,.T.);
#4225 = EDGE_CURVE('',#4198,#4226,#4228,.T.);
#4226 = VERTEX_POINT('',#4227);
#4227 = CARTESIAN_POINT('',(95.952511341761,413.,329.17175850045));
#4228 = SURFACE_CURVE('',#4229,(#4233,#4240),.PCURVE_S1.);
#4229 = LINE('',#4230,#4231);
#4230 = CARTESIAN_POINT('',(94.795331208547,413.,329.48459007904));
#4231 = VECTOR('',#4232,1.);
#4232 = DIRECTION('',(0.965346541434,0.,-0.26097136805));
#4233 = PCURVE('',#72,#4234);
#4234 = DEFINITIONAL_REPRESENTATION('',(#4235),#4239);
#4235 = LINE('',#4236,#4237);
#4236 = CARTESIAN_POINT('',(5.715409920955,14.795331208547));
#4237 = VECTOR('',#4238,1.);
#4238 = DIRECTION('',(0.26097136805,0.965346541434));
#4239 = ( GEOMETRIC_REPRESENTATION_CONTEXT(2) 
PARAMETRIC_REPRESENTATION_CONTEXT() REPRESENTATION_CONTEXT('2D SPACE',''
  ) );
#4240 = PCURVE('',#4241,#4246);
#4241 = PLANE('',#4242);
#4242 = AXIS2_PLACEMENT_3D('',#4243,#4244,#4245);
#4243 = CARTESIAN_POINT('',(94.795331208547,401.,329.48459007904));
#4244 = DIRECTION('',(-0.26097136805,0.,-0.965346541434));
#4245 = DIRECTION('',(0.965346541434,0.,-0.26097136805));
#4246 = DEFINITIONAL_REPRESENTATION('',(#4247),#4251);
#4247 = LINE('',#4248,#4249);
#4248 = CARTESIAN_POINT('',(0.,-12.));
#4249 = VECTOR('',#4250,1.);
#4250 = DIRECTION('',(1.,0.));
#4251 = ( GEOMETRIC_REPRESENTATION_CONTEXT(2) 
PARAMETRIC_REPRESENTATION_CONTEXT() REPRESENTATION_CONTEXT('2D SPACE',''
  ) );
#4252 = ORIENTED_EDGE('',*,*,#4253,.T.);
#4253 = EDGE_CURVE('',#4226,#4254,#4256,.T.);
#4254 = VERTEX_POINT('',#4255);
#4255 = CARTESIAN_POINT('',(97.115020734175,413.,328.87562878807));
#4256 = SURFACE_CURVE('',#4257,(#4261,#4268),.PCURVE_S1.);
#4257 = LINE('',#4258,#4259);
#4258 = CARTESIAN_POINT('',(95.952511341761,413.,329.17175850045));
#4259 = VECTOR('',#4260,1.);
#4260 = DIRECTION('',(0.969053671093,0.,-0.246850121616));
#4261 = PCURVE('',#72,#4262);
#4262 = DEFINITIONAL_REPRESENTATION('',(#4263),#4267);
#4263 = LINE('',#4264,#4265);
#4264 = CARTESIAN_POINT('',(6.028241499548,15.952511341761));
#4265 = VECTOR('',#4266,1.);
#4266 = DIRECTION('',(0.246850121616,0.969053671093));
#4267 = ( GEOMETRIC_REPRESENTATION_CONTEXT(2) 
PARAMETRIC_REPRESENTATION_CONTEXT() REPRESENTATION_CONTEXT('2D SPACE',''
  ) );
#4268 = PCURVE('',#4269,#4274);
#4269 = PLANE('',#4270);
#4270 = AXIS2_PLACEMENT_3D('',#4271,#4272,#4273);
#4271 = CARTESIAN_POINT('',(95.952511341761,401.,329.17175850045));
#4272 = DIRECTION('',(-0.246850121616,0.,-0.969053671093));
#4273 = DIRECTION('',(0.969053671093,0.,-0.246850121616));
#4274 = DEFINITIONAL_REPRESENTATION('',(#4275),#4279);
#4275 = LINE('',#4276,#4277);
#4276 = CARTESIAN_POINT('',(0.,-12.));
#4277 = VECTOR('',#4278,1.);
#4278 = DIRECTION('',(1.,0.));
#4279 = ( GEOMETRIC_REPRESENTATION_CONTEXT(2) 
PARAMETRIC_REPRESENTATION_CONTEXT() REPRESENTATION_CONTEXT('2D SPACE',''
  ) );
#4280 = ORIENTED_EDGE('',*,*,#4281,.T.);
#4281 = EDGE_CURVE('',#4254,#4282,#4284,.T.);
#4282 = VERTEX_POINT('',#4283);
#4283 = CARTESIAN_POINT('',(98.282676384312,413.,328.59626187857));
#4284 = SURFACE_CURVE('',#4285,(#4289,#4296),.PCURVE_S1.);
#4285 = LINE('',#4286,#4287);
#4286 = CARTESIAN_POINT('',(97.115020734175,413.,328.87562878807));
#4287 = VECTOR('',#4288,1.);
#4288 = DIRECTION('',(0.972551584531,0.,-0.232687377023));
#4289 = PCURVE('',#72,#4290);
#4290 = DEFINITIONAL_REPRESENTATION('',(#4291),#4295);
#4291 = LINE('',#4292,#4293);
#4292 = CARTESIAN_POINT('',(6.324371211923,17.115020734175));
#4293 = VECTOR('',#4294,1.);
#4294 = DIRECTION('',(0.232687377023,0.972551584531));
#4295 = ( GEOMETRIC_REPRESENTATION_CONTEXT(2) 
PARAMETRIC_REPRESENTATION_CONTEXT() REPRESENTATION_CONTEXT('2D SPACE',''
  ) );
#4296 = PCURVE('',#4297,#4302);
#4297 = PLANE('',#4298);
#4298 = AXIS2_PLACEMENT_3D('',#4299,#4300,#4301);
#4299 = CARTESIAN_POINT('',(97.115020734175,401.,328.87562878807));
#4300 = DIRECTION('',(-0.232687377023,0.,-0.972551584531));
#4301 = DIRECTION('',(0.972551584531,0.,-0.232687377023));
#4302 = DEFINITIONAL_REPRESENTATION('',(#4303),#4307);
#4303 = LINE('',#4304,#4305);
#4304 = CARTESIAN_POINT('',(0.,-12.));
#4305 = VECTOR('',#4306,1.);
#4306 = DIRECTION('',(1.,0.));
#4307 = ( GEOMETRIC_REPRESENTATION_CONTEXT(2) 
PARAMETRIC_REPRESENTATION_CONTEXT() REPRESENTATION_CONTEXT('2D SPACE',''
  ) );
#4308 = ORIENTED_EDGE('',*,*,#4309,.T.);
#4309 = EDGE_CURVE('',#4282,#4310,#4312,.T.);
#4310 = VERTEX_POINT('',#4311);
#4311 = CARTESIAN_POINT('',(99.736280618313,413.,329.18888013609));
#4312 = SURFACE_CURVE('',#4313,(#4317,#4324),.PCURVE_S1.);
#4313 = LINE('',#4314,#4315);
#4314 = CARTESIAN_POINT('',(98.282676384312,413.,328.59626187857));
#4315 = VECTOR('',#4316,1.);
#4316 = DIRECTION('',(0.926001266198,0.,0.377520403422));
#4317 = PCURVE('',#72,#4318);
#4318 = DEFINITIONAL_REPRESENTATION('',(#4319),#4323);
#4319 = LINE('',#4320,#4321);
#4320 = CARTESIAN_POINT('',(6.603738121421,18.282676384312));
#4321 = VECTOR('',#4322,1.);
#4322 = DIRECTION('',(-0.377520403422,0.926001266198));
#4323 = ( GEOMETRIC_REPRESENTATION_CONTEXT(2) 
PARAMETRIC_REPRESENTATION_CONTEXT() REPRESENTATION_CONTEXT('2D SPACE',''
  ) );
#4324 = PCURVE('',#4325,#4330);
#4325 = PLANE('',#4326);
#4326 = AXIS2_PLACEMENT_3D('',#4327,#4328,#4329);
#4327 = CARTESIAN_POINT('',(98.282676384312,401.,328.59626187857));
#4328 = DIRECTION('',(0.377520403422,0.,-0.926001266198));
#4329 = DIRECTION('',(0.926001266198,0.,0.377520403422));
#4330 = DEFINITIONAL_REPRESENTATION('',(#4331),#4335);
#4331 = LINE('',#4332,#4333);
#4332 = CARTESIAN_POINT('',(0.,-12.));
#4333 = VECTOR('',#4334,1.);
#4334 = DIRECTION('',(1.,0.));
#4335 = ( GEOMETRIC_REPRESENTATION_CONTEXT(2) 
PARAMETRIC_REPRESENTATION_CONTEXT() REPRESENTATION_CONTEXT('2D SPACE',''
  ) );
#4336 = ORIENTED_EDGE('',*,*,#4337,.T.);
#4337 = EDGE_CURVE('',#4310,#4338,#4340,.T.);
#4338 = VERTEX_POINT('',#4339);
#4339 = CARTESIAN_POINT('',(99.979697418209,413.,330.05548585969));
#4340 = SURFACE_CURVE('',#4341,(#4345,#4352),.PCURVE_S1.);
#4341 = LINE('',#4342,#4343);
#4342 = CARTESIAN_POINT('',(99.736280618313,413.,329.18888013609));
#4343 = VECTOR('',#4344,1.);
#4344 = DIRECTION('',(0.270420177916,0.,0.962742399282));
#4345 = PCURVE('',#72,#4346);
#4346 = DEFINITIONAL_REPRESENTATION('',(#4347),#4351);
#4347 = LINE('',#4348,#4349);
#4348 = CARTESIAN_POINT('',(6.011119863901,19.736280618313));
#4349 = VECTOR('',#4350,1.);
#4350 = DIRECTION('',(-0.962742399282,0.270420177916));
#4351 = ( GEOMETRIC_REPRESENTATION_CONTEXT(2) 
PARAMETRIC_REPRESENTATION_CONTEXT() REPRESENTATION_CONTEXT('2D SPACE',''
  ) );
#4352 = PCURVE('',#4353,#4358);
#4353 = PLANE('',#4354);
#4354 = AXIS2_PLACEMENT_3D('',#4355,#4356,#4357);
#4355 = CARTESIAN_POINT('',(99.736280618313,401.,329.18888013609));
#4356 = DIRECTION('',(0.962742399282,0.,-0.270420177916));
#4357 = DIRECTION('',(0.270420177916,0.,0.962742399282));
#4358 = DEFINITIONAL_REPRESENTATION('',(#4359),#4363);
#4359 = LINE('',#4360,#4361);
#4360 = CARTESIAN_POINT('',(0.,-12.));
#4361 = VECTOR('',#4362,1.);
#4362 = DIRECTION('',(1.,0.));
#4363 = ( GEOMETRIC_REPRESENTATION_CONTEXT(2) 
PARAMETRIC_REPRESENTATION_CONTEXT() REPRESENTATION_CONTEXT('2D SPACE',''
  ) );
#4364 = ORIENTED_EDGE('',*,*,#4365,.T.);
#4365 = EDGE_CURVE('',#4338,#4366,#4368,.T.);
#4366 = VERTEX_POINT('',#4367);
#4367 = CARTESIAN_POINT('',(100.18508172849,413.,330.93188445835));
#4368 = SURFACE_CURVE('',#4369,(#4373,#4380),.PCURVE_S1.);
#4369 = LINE('',#4370,#4371);
#4370 = CARTESIAN_POINT('',(99.979697418209,413.,330.05548585969));
#4371 = VECTOR('',#4372,1.);
#4372 = DIRECTION('',(0.228168564179,0.,0.973621644336));
#4373 = PCURVE('',#72,#4374);
#4374 = DEFINITIONAL_REPRESENTATION('',(#4375),#4379);
#4375 = LINE('',#4376,#4377);
#4376 = CARTESIAN_POINT('',(5.144514140304,19.979697418209));
#4377 = VECTOR('',#4378,1.);
#4378 = DIRECTION('',(-0.973621644336,0.228168564179));
#4379 = ( GEOMETRIC_REPRESENTATION_CONTEXT(2) 
PARAMETRIC_REPRESENTATION_CONTEXT() REPRESENTATION_CONTEXT('2D SPACE',''
  ) );
#4380 = PCURVE('',#4381,#4386);
#4381 = PLANE('',#4382);
#4382 = AXIS2_PLACEMENT_3D('',#4383,#4384,#4385);
#4383 = CARTESIAN_POINT('',(99.979697418209,401.,330.05548585969));
#4384 = DIRECTION('',(0.973621644336,0.,-0.228168564179));
#4385 = DIRECTION('',(0.228168564179,0.,0.973621644336));
#4386 = DEFINITIONAL_REPRESENTATION('',(#4387),#4391);
#4387 = LINE('',#4388,#4389);
#4388 = CARTESIAN_POINT('',(0.,-12.));
#4389 = VECTOR('',#4390,1.);
#4390 = DIRECTION('',(1.,0.));
#4391 = ( GEOMETRIC_REPRESENTATION_CONTEXT(2) 
PARAMETRIC_REPRESENTATION_CONTEXT() REPRESENTATION_CONTEXT('2D SPACE',''
  ) );
#4392 = ORIENTED_EDGE('',*,*,#4393,.T.);
#4393 = EDGE_CURVE('',#4366,#4394,#4396,.T.);
#4394 = VERTEX_POINT('',#4395);
#4395 = CARTESIAN_POINT('',(100.35204258847,413.,331.81640765752));
#4396 = SURFACE_CURVE('',#4397,(#4401,#4408),.PCURVE_S1.);
#4397 = LINE('',#4398,#4399);
#4398 = CARTESIAN_POINT('',(100.18508172849,413.,330.93188445835));
#4399 = VECTOR('',#4400,1.);
#4400 = DIRECTION('',(0.185482618612,0.,0.982647545253));
#4401 = PCURVE('',#72,#4402);
#4402 = DEFINITIONAL_REPRESENTATION('',(#4403),#4407);
#4403 = LINE('',#4404,#4405);
#4404 = CARTESIAN_POINT('',(4.268115541647,20.185081728498));
#4405 = VECTOR('',#4406,1.);
#4406 = DIRECTION('',(-0.982647545253,0.185482618612));
#4407 = ( GEOMETRIC_REPRESENTATION_CONTEXT(2) 
PARAMETRIC_REPRESENTATION_CONTEXT() REPRESENTATION_CONTEXT('2D SPACE',''
  ) );
#4408 = PCURVE('',#4409,#4414);
#4409 = PLANE('',#4410);
#4410 = AXIS2_PLACEMENT_3D('',#4411,#4412,#4413);
#4411 = CARTESIAN_POINT('',(100.18508172849,401.,330.93188445835));
#4412 = DIRECTION('',(0.982647545253,0.,-0.185482618612));
#4413 = DIRECTION('',(0.185482618612,0.,0.982647545253));
#4414 = DEFINITIONAL_REPRESENTATION('',(#4415),#4419);
#4415 = LINE('',#4416,#4417);
#4416 = CARTESIAN_POINT('',(0.,-12.));
#4417 = VECTOR('',#4418,1.);
#4418 = DIRECTION('',(1.,0.));
#4419 = ( GEOMETRIC_REPRESENTATION_CONTEXT(2) 
PARAMETRIC_REPRESENTATION_CONTEXT() REPRESENTATION_CONTEXT('2D SPACE',''
  ) );
#4420 = ORIENTED_EDGE('',*,*,#4421,.T.);
#4421 = EDGE_CURVE('',#4394,#4422,#4424,.T.);
#4422 = VERTEX_POINT('',#4423);
#4423 = CARTESIAN_POINT('',(100.48026217864,413.,332.70737171703));
#4424 = SURFACE_CURVE('',#4425,(#4429,#4436),.PCURVE_S1.);
#4425 = LINE('',#4426,#4427);
#4426 = CARTESIAN_POINT('',(100.35204258847,413.,331.81640765752));
#4427 = VECTOR('',#4428,1.);
#4428 = DIRECTION('',(0.142443596339,0.,0.989802920718));
#4429 = PCURVE('',#72,#4430);
#4430 = DEFINITIONAL_REPRESENTATION('',(#4431),#4435);
#4431 = LINE('',#4432,#4433);
#4432 = CARTESIAN_POINT('',(3.383592342472,20.352042588471));
#4433 = VECTOR('',#4434,1.);
#4434 = DIRECTION('',(-0.989802920718,0.142443596339));
#4435 = ( GEOMETRIC_REPRESENTATION_CONTEXT(2) 
PARAMETRIC_REPRESENTATION_CONTEXT() REPRESENTATION_CONTEXT('2D SPACE',''
  ) );
#4436 = PCURVE('',#4437,#4442);
#4437 = PLANE('',#4438);
#4438 = AXIS2_PLACEMENT_3D('',#4439,#4440,#4441);
#4439 = CARTESIAN_POINT('',(100.35204258847,401.,331.81640765752));
#4440 = DIRECTION('',(0.989802920718,0.,-0.142443596339));
#4441 = DIRECTION('',(0.142443596339,0.,0.989802920718));
#4442 = DEFINITIONAL_REPRESENTATION('',(#4443),#4447);
#4443 = LINE('',#4444,#4445);
#4444 = CARTESIAN_POINT('',(0.,-12.));
#4445 = VECTOR('',#4446,1.);
#4446 = DIRECTION('',(1.,0.));
#4447 = ( GEOMETRIC_REPRESENTATION_CONTEXT(2) 
PARAMETRIC_REPRESENTATION_CONTEXT() REPRESENTATION_CONTEXT('2D SPACE',''
  ) );
#4448 = ORIENTED_EDGE('',*,*,#4449,.T.);
#4449 = EDGE_CURVE('',#4422,#24,#4450,.T.);
#4450 = SURFACE_CURVE('',#4451,(#4455,#4462),.PCURVE_S1.);
#4451 = LINE('',#4452,#4453);
#4452 = CARTESIAN_POINT('',(100.48026217864,413.,332.70737171703));
#4453 = VECTOR('',#4454,1.);
#4454 = DIRECTION('',(-0.999956902277,0.,9.28405020674E-03));
#4455 = PCURVE('',#72,#4456);
#4456 = DEFINITIONAL_REPRESENTATION('',(#4457),#4461);
#4457 = LINE('',#4458,#4459);
#4458 = CARTESIAN_POINT('',(2.492628282962,20.480262178643));
#4459 = VECTOR('',#4460,1.);
#4460 = DIRECTION('',(-9.28405020674E-03,-0.999956902277));
#4461 = ( GEOMETRIC_REPRESENTATION_CONTEXT(2) 
PARAMETRIC_REPRESENTATION_CONTEXT() REPRESENTATION_CONTEXT('2D SPACE',''
  ) );
#4462 = PCURVE('',#44,#4463);
#4463 = DEFINITIONAL_REPRESENTATION('',(#4464),#4468);
#4464 = LINE('',#4465,#4466);
#4465 = CARTESIAN_POINT('',(0.,-12.));
#4466 = VECTOR('',#4467,1.);
#4467 = DIRECTION('',(1.,0.));
#4468 = ( GEOMETRIC_REPRESENTATION_CONTEXT(2) 
PARAMETRIC_REPRESENTATION_CONTEXT() REPRESENTATION_CONTEXT('2D SPACE',''
  ) );
#4469 = FACE_BOUND('',#4470,.F.);
#4470 = EDGE_LOOP('',(#4471,#4502,#4530,#4558));
#4471 = ORIENTED_EDGE('',*,*,#4472,.F.);
#4472 = EDGE_CURVE('',#4473,#4475,#4477,.T.);
#4473 = VERTEX_POINT('',#4474);
#4474 = CARTESIAN_POINT('',(85.898304841223,413.,336.3));
#4475 = VERTEX_POINT('',#4476);
#4476 = CARTESIAN_POINT('',(85.898304841223,413.,334.1));
#4477 = SURFACE_CURVE('',#4478,(#4483,#4490),.PCURVE_S1.);
#4478 = CIRCLE('',#4479,6.);
#4479 = AXIS2_PLACEMENT_3D('',#4480,#4481,#4482);
#4480 = CARTESIAN_POINT('',(80.,413.,335.2));
#4481 = DIRECTION('',(0.,-1.,0.));
#4482 = DIRECTION('',(0.983050806871,0.,0.183333333333));
#4483 = PCURVE('',#72,#4484);
#4484 = DEFINITIONAL_REPRESENTATION('',(#4485),#4489);
#4485 = CIRCLE('',#4486,6.);
#4486 = AXIS2_PLACEMENT_2D('',#4487,#4488);
#4487 = CARTESIAN_POINT('',(0.,0.));
#4488 = DIRECTION('',(-0.183333333333,0.983050806871));
#4489 = ( GEOMETRIC_REPRESENTATION_CONTEXT(2) 
PARAMETRIC_REPRESENTATION_CONTEXT() REPRESENTATION_CONTEXT('2D SPACE',''
  ) );
#4490 = PCURVE('',#4491,#4496);
#4491 = CYLINDRICAL_SURFACE('',#4492,6.);
#4492 = AXIS2_PLACEMENT_3D('',#4493,#4494,#4495);
#4493 = CARTESIAN_POINT('',(80.,400.,335.2));
#4494 = DIRECTION('',(0.,1.,0.));
#4495 = DIRECTION('',(0.,-0.,1.));
#4496 = DEFINITIONAL_REPRESENTATION('',(#4497),#4501);
#4497 = LINE('',#4498,#4499);
#4498 = CARTESIAN_POINT('',(7.669605442939,13.));
#4499 = VECTOR('',#4500,1.);
#4500 = DIRECTION('',(-1.,-0.));
#4501 = ( GEOMETRIC_REPRESENTATION_CONTEXT(2) 
PARAMETRIC_REPRESENTATION_CONTEXT() REPRESENTATION_CONTEXT('2D SPACE',''
  ) );
#4502 = ORIENTED_EDGE('',*,*,#4503,.T.);
#4503 = EDGE_CURVE('',#4473,#4504,#4506,.T.);
#4504 = VERTEX_POINT('',#4505);
#4505 = CARTESIAN_POINT('',(87.1,413.,336.3));
#4506 = SURFACE_CURVE('',#4507,(#4511,#4518),.PCURVE_S1.);
#4507 = LINE('',#4508,#4509);
#4508 = CARTESIAN_POINT('',(82.9,413.,336.3));
#4509 = VECTOR('',#4510,1.);
#4510 = DIRECTION('',(1.,0.,0.));
#4511 = PCURVE('',#72,#4512);
#4512 = DEFINITIONAL_REPRESENTATION('',(#4513),#4517);
#4513 = LINE('',#4514,#4515);
#4514 = CARTESIAN_POINT('',(-1.1,2.9));
#4515 = VECTOR('',#4516,1.);
#4516 = DIRECTION('',(0.,1.));
#4517 = ( GEOMETRIC_REPRESENTATION_CONTEXT(2) 
PARAMETRIC_REPRESENTATION_CONTEXT() REPRESENTATION_CONTEXT('2D SPACE',''
  ) );
#4518 = PCURVE('',#4519,#4524);
#4519 = PLANE('',#4520);
#4520 = AXIS2_PLACEMENT_3D('',#4521,#4522,#4523);
#4521 = CARTESIAN_POINT('',(85.8,400.9,336.3));
#4522 = DIRECTION('',(0.,0.,1.));
#4523 = DIRECTION('',(1.,0.,-0.));
#4524 = DEFINITIONAL_REPRESENTATION('',(#4525),#4529);
#4525 = LINE('',#4526,#4527);
#4526 = CARTESIAN_POINT('',(-2.9,12.1));
#4527 = VECTOR('',#4528,1.);
#4528 = DIRECTION('',(1.,0.));
#4529 = ( GEOMETRIC_REPRESENTATION_CONTEXT(2) 
PARAMETRIC_REPRESENTATION_CONTEXT() REPRESENTATION_CONTEXT('2D SPACE',''
  ) );
#4530 = ORIENTED_EDGE('',*,*,#4531,.T.);
#4531 = EDGE_CURVE('',#4504,#4532,#4534,.T.);
#4532 = VERTEX_POINT('',#4533);
#4533 = CARTESIAN_POINT('',(87.1,413.,334.1));
#4534 = SURFACE_CURVE('',#4535,(#4539,#4546),.PCURVE_S1.);
#4535 = LINE('',#4536,#4537);
#4536 = CARTESIAN_POINT('',(87.1,413.,334.65));
#4537 = VECTOR('',#4538,1.);
#4538 = DIRECTION('',(-0.,0.,-1.));
#4539 = PCURVE('',#72,#4540);
#4540 = DEFINITIONAL_REPRESENTATION('',(#4541),#4545);
#4541 = LINE('',#4542,#4543);
#4542 = CARTESIAN_POINT('',(0.55,7.1));
#4543 = VECTOR('',#4544,1.);
#4544 = DIRECTION('',(1.,0.));
#4545 = ( GEOMETRIC_REPRESENTATION_CONTEXT(2) 
PARAMETRIC_REPRESENTATION_CONTEXT() REPRESENTATION_CONTEXT('2D SPACE',''
  ) );
#4546 = PCURVE('',#4547,#4552);
#4547 = PLANE('',#4548);
#4548 = AXIS2_PLACEMENT_3D('',#4549,#4550,#4551);
#4549 = CARTESIAN_POINT('',(87.1,400.9,334.1));
#4550 = DIRECTION('',(1.,0.,-0.));
#4551 = DIRECTION('',(0.,0.,1.));
#4552 = DEFINITIONAL_REPRESENTATION('',(#4553),#4557);
#4553 = LINE('',#4554,#4555);
#4554 = CARTESIAN_POINT('',(0.55,-12.1));
#4555 = VECTOR('',#4556,1.);
#4556 = DIRECTION('',(-1.,-0.));
#4557 = ( GEOMETRIC_REPRESENTATION_CONTEXT(2) 
PARAMETRIC_REPRESENTATION_CONTEXT() REPRESENTATION_CONTEXT('2D SPACE',''
  ) );
#4558 = ORIENTED_EDGE('',*,*,#4559,.F.);
#4559 = EDGE_CURVE('',#4475,#4532,#4560,.T.);
#4560 = SURFACE_CURVE('',#4561,(#4565,#4572),.PCURVE_S1.);
#4561 = LINE('',#4562,#4563);
#4562 = CARTESIAN_POINT('',(82.9,413.,334.1));
#4563 = VECTOR('',#4564,1.);
#4564 = DIRECTION('',(1.,0.,0.));
#4565 = PCURVE('',#72,#4566);
#4566 = DEFINITIONAL_REPRESENTATION('',(#4567),#4571);
#4567 = LINE('',#4568,#4569);
#4568 = CARTESIAN_POINT('',(1.1,2.9));
#4569 = VECTOR('',#4570,1.);
#4570 = DIRECTION('',(0.,1.));
#4571 = ( GEOMETRIC_REPRESENTATION_CONTEXT(2) 
PARAMETRIC_REPRESENTATION_CONTEXT() REPRESENTATION_CONTEXT('2D SPACE',''
  ) );
#4572 = PCURVE('',#4573,#4578);
#4573 = PLANE('',#4574);
#4574 = AXIS2_PLACEMENT_3D('',#4575,#4576,#4577);
#4575 = CARTESIAN_POINT('',(85.8,400.9,334.1));
#4576 = DIRECTION('',(0.,0.,1.));
#4577 = DIRECTION('',(1.,0.,-0.));
#4578 = DEFINITIONAL_REPRESENTATION('',(#4579),#4583);
#4579 = LINE('',#4580,#4581);
#4580 = CARTESIAN_POINT('',(-2.9,12.1));
#4581 = VECTOR('',#4582,1.);
#4582 = DIRECTION('',(1.,0.));
#4583 = ( GEOMETRIC_REPRESENTATION_CONTEXT(2) 
PARAMETRIC_REPRESENTATION_CONTEXT() REPRESENTATION_CONTEXT('2D SPACE',''
  ) );
#4584 = ADVANCED_FACE('',(#4585),#4573,.T.);
#4585 = FACE_BOUND('',#4586,.T.);
#4586 = EDGE_LOOP('',(#4587,#4610,#4611,#4634));
#4587 = ORIENTED_EDGE('',*,*,#4588,.T.);
#4588 = EDGE_CURVE('',#4589,#4532,#4591,.T.);
#4589 = VERTEX_POINT('',#4590);
#4590 = CARTESIAN_POINT('',(87.1,401.,334.1));
#4591 = SURFACE_CURVE('',#4592,(#4596,#4603),.PCURVE_S1.);
#4592 = LINE('',#4593,#4594);
#4593 = CARTESIAN_POINT('',(87.1,400.9,334.1));
#4594 = VECTOR('',#4595,1.);
#4595 = DIRECTION('',(-0.,1.,0.));
#4596 = PCURVE('',#4573,#4597);
#4597 = DEFINITIONAL_REPRESENTATION('',(#4598),#4602);
#4598 = LINE('',#4599,#4600);
#4599 = CARTESIAN_POINT('',(1.3,0.));
#4600 = VECTOR('',#4601,1.);
#4601 = DIRECTION('',(0.,1.));
#4602 = ( GEOMETRIC_REPRESENTATION_CONTEXT(2) 
PARAMETRIC_REPRESENTATION_CONTEXT() REPRESENTATION_CONTEXT('2D SPACE',''
  ) );
#4603 = PCURVE('',#4547,#4604);
#4604 = DEFINITIONAL_REPRESENTATION('',(#4605),#4609);
#4605 = LINE('',#4606,#4607);
#4606 = CARTESIAN_POINT('',(0.,0.));
#4607 = VECTOR('',#4608,1.);
#4608 = DIRECTION('',(0.,-1.));
#4609 = ( GEOMETRIC_REPRESENTATION_CONTEXT(2) 
PARAMETRIC_REPRESENTATION_CONTEXT() REPRESENTATION_CONTEXT('2D SPACE',''
  ) );
#4610 = ORIENTED_EDGE('',*,*,#4559,.F.);
#4611 = ORIENTED_EDGE('',*,*,#4612,.F.);
#4612 = EDGE_CURVE('',#4613,#4475,#4615,.T.);
#4613 = VERTEX_POINT('',#4614);
#4614 = CARTESIAN_POINT('',(85.898304841223,401.,334.1));
#4615 = SURFACE_CURVE('',#4616,(#4620,#4627),.PCURVE_S1.);
#4616 = LINE('',#4617,#4618);
#4617 = CARTESIAN_POINT('',(85.898304841223,400.,334.1));
#4618 = VECTOR('',#4619,1.);
#4619 = DIRECTION('',(0.,1.,0.));
#4620 = PCURVE('',#4573,#4621);
#4621 = DEFINITIONAL_REPRESENTATION('',(#4622),#4626);
#4622 = LINE('',#4623,#4624);
#4623 = CARTESIAN_POINT('',(9.830484122345E-02,-0.9));
#4624 = VECTOR('',#4625,1.);
#4625 = DIRECTION('',(0.,1.));
#4626 = ( GEOMETRIC_REPRESENTATION_CONTEXT(2) 
PARAMETRIC_REPRESENTATION_CONTEXT() REPRESENTATION_CONTEXT('2D SPACE',''
  ) );
#4627 = PCURVE('',#4491,#4628);
#4628 = DEFINITIONAL_REPRESENTATION('',(#4629),#4633);
#4629 = LINE('',#4630,#4631);
#4630 = CARTESIAN_POINT('',(1.755172517831,0.));
#4631 = VECTOR('',#4632,1.);
#4632 = DIRECTION('',(0.,1.));
#4633 = ( GEOMETRIC_REPRESENTATION_CONTEXT(2) 
PARAMETRIC_REPRESENTATION_CONTEXT() REPRESENTATION_CONTEXT('2D SPACE',''
  ) );
#4634 = ORIENTED_EDGE('',*,*,#4635,.F.);
#4635 = EDGE_CURVE('',#4589,#4613,#4636,.T.);
#4636 = SURFACE_CURVE('',#4637,(#4641,#4648),.PCURVE_S1.);
#4637 = LINE('',#4638,#4639);
#4638 = CARTESIAN_POINT('',(82.9,401.,334.1));
#4639 = VECTOR('',#4640,1.);
#4640 = DIRECTION('',(-1.,0.,0.));
#4641 = PCURVE('',#4573,#4642);
#4642 = DEFINITIONAL_REPRESENTATION('',(#4643),#4647);
#4643 = LINE('',#4644,#4645);
#4644 = CARTESIAN_POINT('',(-2.9,0.1));
#4645 = VECTOR('',#4646,1.);
#4646 = DIRECTION('',(-1.,0.));
#4647 = ( GEOMETRIC_REPRESENTATION_CONTEXT(2) 
PARAMETRIC_REPRESENTATION_CONTEXT() REPRESENTATION_CONTEXT('2D SPACE',''
  ) );
#4648 = PCURVE('',#126,#4649);
#4649 = DEFINITIONAL_REPRESENTATION('',(#4650),#4654);
#4650 = LINE('',#4651,#4652);
#4651 = CARTESIAN_POINT('',(1.1,2.9));
#4652 = VECTOR('',#4653,1.);
#4653 = DIRECTION('',(0.,-1.));
#4654 = ( GEOMETRIC_REPRESENTATION_CONTEXT(2) 
PARAMETRIC_REPRESENTATION_CONTEXT() REPRESENTATION_CONTEXT('2D SPACE',''
  ) );
#4655 = ADVANCED_FACE('',(#4656),#4547,.F.);
#4656 = FACE_BOUND('',#4657,.F.);
#4657 = EDGE_LOOP('',(#4658,#4681,#4702,#4703));
#4658 = ORIENTED_EDGE('',*,*,#4659,.F.);
#4659 = EDGE_CURVE('',#4660,#4504,#4662,.T.);
#4660 = VERTEX_POINT('',#4661);
#4661 = CARTESIAN_POINT('',(87.1,401.,336.3));
#4662 = SURFACE_CURVE('',#4663,(#4667,#4674),.PCURVE_S1.);
#4663 = LINE('',#4664,#4665);
#4664 = CARTESIAN_POINT('',(87.1,400.9,336.3));
#4665 = VECTOR('',#4666,1.);
#4666 = DIRECTION('',(-0.,1.,0.));
#4667 = PCURVE('',#4547,#4668);
#4668 = DEFINITIONAL_REPRESENTATION('',(#4669),#4673);
#4669 = LINE('',#4670,#4671);
#4670 = CARTESIAN_POINT('',(2.2,0.));
#4671 = VECTOR('',#4672,1.);
#4672 = DIRECTION('',(0.,-1.));
#4673 = ( GEOMETRIC_REPRESENTATION_CONTEXT(2) 
PARAMETRIC_REPRESENTATION_CONTEXT() REPRESENTATION_CONTEXT('2D SPACE',''
  ) );
#4674 = PCURVE('',#4519,#4675);
#4675 = DEFINITIONAL_REPRESENTATION('',(#4676),#4680);
#4676 = LINE('',#4677,#4678);
#4677 = CARTESIAN_POINT('',(1.3,0.));
#4678 = VECTOR('',#4679,1.);
#4679 = DIRECTION('',(0.,1.));
#4680 = ( GEOMETRIC_REPRESENTATION_CONTEXT(2) 
PARAMETRIC_REPRESENTATION_CONTEXT() REPRESENTATION_CONTEXT('2D SPACE',''
  ) );
#4681 = ORIENTED_EDGE('',*,*,#4682,.F.);
#4682 = EDGE_CURVE('',#4589,#4660,#4683,.T.);
#4683 = SURFACE_CURVE('',#4684,(#4688,#4695),.PCURVE_S1.);
#4684 = LINE('',#4685,#4686);
#4685 = CARTESIAN_POINT('',(87.1,401.,334.65));
#4686 = VECTOR('',#4687,1.);
#4687 = DIRECTION('',(0.,-0.,1.));
#4688 = PCURVE('',#4547,#4689);
#4689 = DEFINITIONAL_REPRESENTATION('',(#4690),#4694);
#4690 = LINE('',#4691,#4692);
#4691 = CARTESIAN_POINT('',(0.55,-0.1));
#4692 = VECTOR('',#4693,1.);
#4693 = DIRECTION('',(1.,0.));
#4694 = ( GEOMETRIC_REPRESENTATION_CONTEXT(2) 
PARAMETRIC_REPRESENTATION_CONTEXT() REPRESENTATION_CONTEXT('2D SPACE',''
  ) );
#4695 = PCURVE('',#126,#4696);
#4696 = DEFINITIONAL_REPRESENTATION('',(#4697),#4701);
#4697 = LINE('',#4698,#4699);
#4698 = CARTESIAN_POINT('',(0.55,7.1));
#4699 = VECTOR('',#4700,1.);
#4700 = DIRECTION('',(-1.,0.));
#4701 = ( GEOMETRIC_REPRESENTATION_CONTEXT(2) 
PARAMETRIC_REPRESENTATION_CONTEXT() REPRESENTATION_CONTEXT('2D SPACE',''
  ) );
#4702 = ORIENTED_EDGE('',*,*,#4588,.T.);
#4703 = ORIENTED_EDGE('',*,*,#4531,.F.);
#4704 = ADVANCED_FACE('',(#4705),#4519,.F.);
#4705 = FACE_BOUND('',#4706,.F.);
#4706 = EDGE_LOOP('',(#4707,#4708,#4709,#4732));
#4707 = ORIENTED_EDGE('',*,*,#4659,.T.);
#4708 = ORIENTED_EDGE('',*,*,#4503,.F.);
#4709 = ORIENTED_EDGE('',*,*,#4710,.F.);
#4710 = EDGE_CURVE('',#4711,#4473,#4713,.T.);
#4711 = VERTEX_POINT('',#4712);
#4712 = CARTESIAN_POINT('',(85.898304841223,401.,336.3));
#4713 = SURFACE_CURVE('',#4714,(#4718,#4725),.PCURVE_S1.);
#4714 = LINE('',#4715,#4716);
#4715 = CARTESIAN_POINT('',(85.898304841223,400.,336.3));
#4716 = VECTOR('',#4717,1.);
#4717 = DIRECTION('',(0.,1.,0.));
#4718 = PCURVE('',#4519,#4719);
#4719 = DEFINITIONAL_REPRESENTATION('',(#4720),#4724);
#4720 = LINE('',#4721,#4722);
#4721 = CARTESIAN_POINT('',(9.830484122345E-02,-0.9));
#4722 = VECTOR('',#4723,1.);
#4723 = DIRECTION('',(0.,1.));
#4724 = ( GEOMETRIC_REPRESENTATION_CONTEXT(2) 
PARAMETRIC_REPRESENTATION_CONTEXT() REPRESENTATION_CONTEXT('2D SPACE',''
  ) );
#4725 = PCURVE('',#4491,#4726);
#4726 = DEFINITIONAL_REPRESENTATION('',(#4727),#4731);
#4727 = LINE('',#4728,#4729);
#4728 = CARTESIAN_POINT('',(7.669605442939,0.));
#4729 = VECTOR('',#4730,1.);
#4730 = DIRECTION('',(0.,1.));
#4731 = ( GEOMETRIC_REPRESENTATION_CONTEXT(2) 
PARAMETRIC_REPRESENTATION_CONTEXT() REPRESENTATION_CONTEXT('2D SPACE',''
  ) );
#4732 = ORIENTED_EDGE('',*,*,#4733,.F.);
#4733 = EDGE_CURVE('',#4660,#4711,#4734,.T.);
#4734 = SURFACE_CURVE('',#4735,(#4739,#4746),.PCURVE_S1.);
#4735 = LINE('',#4736,#4737);
#4736 = CARTESIAN_POINT('',(82.9,401.,336.3));
#4737 = VECTOR('',#4738,1.);
#4738 = DIRECTION('',(-1.,0.,0.));
#4739 = PCURVE('',#4519,#4740);
#4740 = DEFINITIONAL_REPRESENTATION('',(#4741),#4745);
#4741 = LINE('',#4742,#4743);
#4742 = CARTESIAN_POINT('',(-2.9,0.1));
#4743 = VECTOR('',#4744,1.);
#4744 = DIRECTION('',(-1.,0.));
#4745 = ( GEOMETRIC_REPRESENTATION_CONTEXT(2) 
PARAMETRIC_REPRESENTATION_CONTEXT() REPRESENTATION_CONTEXT('2D SPACE',''
  ) );
#4746 = PCURVE('',#126,#4747);
#4747 = DEFINITIONAL_REPRESENTATION('',(#4748),#4752);
#4748 = LINE('',#4749,#4750);
#4749 = CARTESIAN_POINT('',(-1.1,2.9));
#4750 = VECTOR('',#4751,1.);
#4751 = DIRECTION('',(0.,-1.));
#4752 = ( GEOMETRIC_REPRESENTATION_CONTEXT(2) 
PARAMETRIC_REPRESENTATION_CONTEXT() REPRESENTATION_CONTEXT('2D SPACE',''
  ) );
#4753 = ADVANCED_FACE('',(#4754),#4491,.F.);
#4754 = FACE_BOUND('',#4755,.F.);
#4755 = EDGE_LOOP('',(#4756,#4782,#4783,#4784));
#4756 = ORIENTED_EDGE('',*,*,#4757,.T.);
#4757 = EDGE_CURVE('',#4613,#4711,#4758,.T.);
#4758 = SURFACE_CURVE('',#4759,(#4764,#4771),.PCURVE_S1.);
#4759 = CIRCLE('',#4760,6.);
#4760 = AXIS2_PLACEMENT_3D('',#4761,#4762,#4763);
#4761 = CARTESIAN_POINT('',(80.,401.,335.2));
#4762 = DIRECTION('',(0.,1.,0.));
#4763 = DIRECTION('',(0.983050806871,0.,-0.183333333333));
#4764 = PCURVE('',#4491,#4765);
#4765 = DEFINITIONAL_REPRESENTATION('',(#4766),#4770);
#4766 = LINE('',#4767,#4768);
#4767 = CARTESIAN_POINT('',(1.755172517831,1.));
#4768 = VECTOR('',#4769,1.);
#4769 = DIRECTION('',(1.,0.));
#4770 = ( GEOMETRIC_REPRESENTATION_CONTEXT(2) 
PARAMETRIC_REPRESENTATION_CONTEXT() REPRESENTATION_CONTEXT('2D SPACE',''
  ) );
#4771 = PCURVE('',#126,#4772);
#4772 = DEFINITIONAL_REPRESENTATION('',(#4773),#4781);
#4773 = ( BOUNDED_CURVE() B_SPLINE_CURVE(2,(#4774,#4775,#4776,#4777,
#4778,#4779,#4780),.UNSPECIFIED.,.T.,.F.) B_SPLINE_CURVE_WITH_KNOTS((1,2
    ,2,2,2,1),(-2.094395102393,0.,2.094395102393,4.188790204786,
6.28318530718,8.377580409573),.UNSPECIFIED.) CURVE() 
GEOMETRIC_REPRESENTATION_ITEM() RATIONAL_B_SPLINE_CURVE((1.,0.5,1.,0.5,
1.,0.5,1.)) REPRESENTATION_ITEM('') );
#4774 = CARTESIAN_POINT('',(1.1,5.898304841223));
#4775 = CARTESIAN_POINT('',(11.316163663528,3.993048952898));
#4776 = CARTESIAN_POINT('',(4.558081831764,-3.901780364775));
#4777 = CARTESIAN_POINT('',(-2.2,-11.79660968244));
#4778 = CARTESIAN_POINT('',(-5.658081831764,-1.996524476449));
#4779 = CARTESIAN_POINT('',(-9.116163663529,7.803560729549));
#4780 = CARTESIAN_POINT('',(1.1,5.898304841223));
#4781 = ( GEOMETRIC_REPRESENTATION_CONTEXT(2) 
PARAMETRIC_REPRESENTATION_CONTEXT() REPRESENTATION_CONTEXT('2D SPACE',''
  ) );
#4782 = ORIENTED_EDGE('',*,*,#4710,.T.);
#4783 = ORIENTED_EDGE('',*,*,#4472,.T.);
#4784 = ORIENTED_EDGE('',*,*,#4612,.F.);
#4785 = ADVANCED_FACE('',(#4786),#4437,.T.);
#4786 = FACE_BOUND('',#4787,.T.);
#4787 = EDGE_LOOP('',(#4788,#4811,#4812,#4835));
#4788 = ORIENTED_EDGE('',*,*,#4789,.T.);
#4789 = EDGE_CURVE('',#4790,#4394,#4792,.T.);
#4790 = VERTEX_POINT('',#4791);
#4791 = CARTESIAN_POINT('',(100.35204258847,401.,331.81640765752));
#4792 = SURFACE_CURVE('',#4793,(#4797,#4804),.PCURVE_S1.);
#4793 = LINE('',#4794,#4795);
#4794 = CARTESIAN_POINT('',(100.35204258847,401.,331.81640765752));
#4795 = VECTOR('',#4796,1.);
#4796 = DIRECTION('',(0.,1.,0.));
#4797 = PCURVE('',#4437,#4798);
#4798 = DEFINITIONAL_REPRESENTATION('',(#4799),#4803);
#4799 = LINE('',#4800,#4801);
#4800 = CARTESIAN_POINT('',(0.,0.));
#4801 = VECTOR('',#4802,1.);
#4802 = DIRECTION('',(0.,-1.));
#4803 = ( GEOMETRIC_REPRESENTATION_CONTEXT(2) 
PARAMETRIC_REPRESENTATION_CONTEXT() REPRESENTATION_CONTEXT('2D SPACE',''
  ) );
#4804 = PCURVE('',#4409,#4805);
#4805 = DEFINITIONAL_REPRESENTATION('',(#4806),#4810);
#4806 = LINE('',#4807,#4808);
#4807 = CARTESIAN_POINT('',(0.900142887903,0.));
#4808 = VECTOR('',#4809,1.);
#4809 = DIRECTION('',(0.,-1.));
#4810 = ( GEOMETRIC_REPRESENTATION_CONTEXT(2) 
PARAMETRIC_REPRESENTATION_CONTEXT() REPRESENTATION_CONTEXT('2D SPACE',''
  ) );
#4811 = ORIENTED_EDGE('',*,*,#4421,.T.);
#4812 = ORIENTED_EDGE('',*,*,#4813,.F.);
#4813 = EDGE_CURVE('',#4814,#4422,#4816,.T.);
#4814 = VERTEX_POINT('',#4815);
#4815 = CARTESIAN_POINT('',(100.48026217864,401.,332.70737171703));
#4816 = SURFACE_CURVE('',#4817,(#4821,#4828),.PCURVE_S1.);
#4817 = LINE('',#4818,#4819);
#4818 = CARTESIAN_POINT('',(100.48026217864,401.,332.70737171703));
#4819 = VECTOR('',#4820,1.);
#4820 = DIRECTION('',(0.,1.,0.));
#4821 = PCURVE('',#4437,#4822);
#4822 = DEFINITIONAL_REPRESENTATION('',(#4823),#4827);
#4823 = LINE('',#4824,#4825);
#4824 = CARTESIAN_POINT('',(0.900142887903,0.));
#4825 = VECTOR('',#4826,1.);
#4826 = DIRECTION('',(0.,-1.));
#4827 = ( GEOMETRIC_REPRESENTATION_CONTEXT(2) 
PARAMETRIC_REPRESENTATION_CONTEXT() REPRESENTATION_CONTEXT('2D SPACE',''
  ) );
#4828 = PCURVE('',#44,#4829);
#4829 = DEFINITIONAL_REPRESENTATION('',(#4830),#4834);
#4830 = LINE('',#4831,#4832);
#4831 = CARTESIAN_POINT('',(0.,0.));
#4832 = VECTOR('',#4833,1.);
#4833 = DIRECTION('',(0.,-1.));
#4834 = ( GEOMETRIC_REPRESENTATION_CONTEXT(2) 
PARAMETRIC_REPRESENTATION_CONTEXT() REPRESENTATION_CONTEXT('2D SPACE',''
  ) );
#4835 = ORIENTED_EDGE('',*,*,#4836,.F.);
#4836 = EDGE_CURVE('',#4790,#4814,#4837,.T.);
#4837 = SURFACE_CURVE('',#4838,(#4842,#4849),.PCURVE_S1.);
#4838 = LINE('',#4839,#4840);
#4839 = CARTESIAN_POINT('',(100.35204258847,401.,331.81640765752));
#4840 = VECTOR('',#4841,1.);
#4841 = DIRECTION('',(0.142443596339,0.,0.989802920718));
#4842 = PCURVE('',#4437,#4843);
#4843 = DEFINITIONAL_REPRESENTATION('',(#4844),#4848);
#4844 = LINE('',#4845,#4846);
#4845 = CARTESIAN_POINT('',(0.,0.));
#4846 = VECTOR('',#4847,1.);
#4847 = DIRECTION('',(1.,0.));
#4848 = ( GEOMETRIC_REPRESENTATION_CONTEXT(2) 
PARAMETRIC_REPRESENTATION_CONTEXT() REPRESENTATION_CONTEXT('2D SPACE',''
  ) );
#4849 = PCURVE('',#126,#4850);
#4850 = DEFINITIONAL_REPRESENTATION('',(#4851),#4855);
#4851 = LINE('',#4852,#4853);
#4852 = CARTESIAN_POINT('',(3.383592342472,20.352042588471));
#4853 = VECTOR('',#4854,1.);
#4854 = DIRECTION('',(-0.989802920718,0.142443596339));
#4855 = ( GEOMETRIC_REPRESENTATION_CONTEXT(2) 
PARAMETRIC_REPRESENTATION_CONTEXT() REPRESENTATION_CONTEXT('2D SPACE',''
  ) );
#4856 = ADVANCED_FACE('',(#4857),#4409,.T.);
#4857 = FACE_BOUND('',#4858,.T.);
#4858 = EDGE_LOOP('',(#4859,#4882,#4883,#4884));
#4859 = ORIENTED_EDGE('',*,*,#4860,.T.);
#4860 = EDGE_CURVE('',#4861,#4366,#4863,.T.);
#4861 = VERTEX_POINT('',#4862);
#4862 = CARTESIAN_POINT('',(100.18508172849,401.,330.93188445835));
#4863 = SURFACE_CURVE('',#4864,(#4868,#4875),.PCURVE_S1.);
#4864 = LINE('',#4865,#4866);
#4865 = CARTESIAN_POINT('',(100.18508172849,401.,330.93188445835));
#4866 = VECTOR('',#4867,1.);
#4867 = DIRECTION('',(0.,1.,0.));
#4868 = PCURVE('',#4409,#4869);
#4869 = DEFINITIONAL_REPRESENTATION('',(#4870),#4874);
#4870 = LINE('',#4871,#4872);
#4871 = CARTESIAN_POINT('',(0.,0.));
#4872 = VECTOR('',#4873,1.);
#4873 = DIRECTION('',(0.,-1.));
#4874 = ( GEOMETRIC_REPRESENTATION_CONTEXT(2) 
PARAMETRIC_REPRESENTATION_CONTEXT() REPRESENTATION_CONTEXT('2D SPACE',''
  ) );
#4875 = PCURVE('',#4381,#4876);
#4876 = DEFINITIONAL_REPRESENTATION('',(#4877),#4881);
#4877 = LINE('',#4878,#4879);
#4878 = CARTESIAN_POINT('',(0.900142887903,0.));
#4879 = VECTOR('',#4880,1.);
#4880 = DIRECTION('',(0.,-1.));
#4881 = ( GEOMETRIC_REPRESENTATION_CONTEXT(2) 
PARAMETRIC_REPRESENTATION_CONTEXT() REPRESENTATION_CONTEXT('2D SPACE',''
  ) );
#4882 = ORIENTED_EDGE('',*,*,#4393,.T.);
#4883 = ORIENTED_EDGE('',*,*,#4789,.F.);
#4884 = ORIENTED_EDGE('',*,*,#4885,.F.);
#4885 = EDGE_CURVE('',#4861,#4790,#4886,.T.);
#4886 = SURFACE_CURVE('',#4887,(#4891,#4898),.PCURVE_S1.);
#4887 = LINE('',#4888,#4889);
#4888 = CARTESIAN_POINT('',(100.18508172849,401.,330.93188445835));
#4889 = VECTOR('',#4890,1.);
#4890 = DIRECTION('',(0.185482618612,0.,0.982647545253));
#4891 = PCURVE('',#4409,#4892);
#4892 = DEFINITIONAL_REPRESENTATION('',(#4893),#4897);
#4893 = LINE('',#4894,#4895);
#4894 = CARTESIAN_POINT('',(0.,0.));
#4895 = VECTOR('',#4896,1.);
#4896 = DIRECTION('',(1.,0.));
#4897 = ( GEOMETRIC_REPRESENTATION_CONTEXT(2) 
PARAMETRIC_REPRESENTATION_CONTEXT() REPRESENTATION_CONTEXT('2D SPACE',''
  ) );
#4898 = PCURVE('',#126,#4899);
#4899 = DEFINITIONAL_REPRESENTATION('',(#4900),#4904);
#4900 = LINE('',#4901,#4902);
#4901 = CARTESIAN_POINT('',(4.268115541647,20.185081728498));
#4902 = VECTOR('',#4903,1.);
#4903 = DIRECTION('',(-0.982647545253,0.185482618612));
#4904 = ( GEOMETRIC_REPRESENTATION_CONTEXT(2) 
PARAMETRIC_REPRESENTATION_CONTEXT() REPRESENTATION_CONTEXT('2D SPACE',''
  ) );
#4905 = ADVANCED_FACE('',(#4906),#4381,.T.);
#4906 = FACE_BOUND('',#4907,.T.);
#4907 = EDGE_LOOP('',(#4908,#4931,#4932,#4933));
#4908 = ORIENTED_EDGE('',*,*,#4909,.T.);
#4909 = EDGE_CURVE('',#4910,#4338,#4912,.T.);
#4910 = VERTEX_POINT('',#4911);
#4911 = CARTESIAN_POINT('',(99.979697418209,401.,330.05548585969));
#4912 = SURFACE_CURVE('',#4913,(#4917,#4924),.PCURVE_S1.);
#4913 = LINE('',#4914,#4915);
#4914 = CARTESIAN_POINT('',(99.979697418209,401.,330.05548585969));
#4915 = VECTOR('',#4916,1.);
#4916 = DIRECTION('',(0.,1.,0.));
#4917 = PCURVE('',#4381,#4918);
#4918 = DEFINITIONAL_REPRESENTATION('',(#4919),#4923);
#4919 = LINE('',#4920,#4921);
#4920 = CARTESIAN_POINT('',(0.,0.));
#4921 = VECTOR('',#4922,1.);
#4922 = DIRECTION('',(0.,-1.));
#4923 = ( GEOMETRIC_REPRESENTATION_CONTEXT(2) 
PARAMETRIC_REPRESENTATION_CONTEXT() REPRESENTATION_CONTEXT('2D SPACE',''
  ) );
#4924 = PCURVE('',#4353,#4925);
#4925 = DEFINITIONAL_REPRESENTATION('',(#4926),#4930);
#4926 = LINE('',#4927,#4928);
#4927 = CARTESIAN_POINT('',(0.900142887903,0.));
#4928 = VECTOR('',#4929,1.);
#4929 = DIRECTION('',(0.,-1.));
#4930 = ( GEOMETRIC_REPRESENTATION_CONTEXT(2) 
PARAMETRIC_REPRESENTATION_CONTEXT() REPRESENTATION_CONTEXT('2D SPACE',''
  ) );
#4931 = ORIENTED_EDGE('',*,*,#4365,.T.);
#4932 = ORIENTED_EDGE('',*,*,#4860,.F.);
#4933 = ORIENTED_EDGE('',*,*,#4934,.F.);
#4934 = EDGE_CURVE('',#4910,#4861,#4935,.T.);
#4935 = SURFACE_CURVE('',#4936,(#4940,#4947),.PCURVE_S1.);
#4936 = LINE('',#4937,#4938);
#4937 = CARTESIAN_POINT('',(99.979697418209,401.,330.05548585969));
#4938 = VECTOR('',#4939,1.);
#4939 = DIRECTION('',(0.228168564179,0.,0.973621644336));
#4940 = PCURVE('',#4381,#4941);
#4941 = DEFINITIONAL_REPRESENTATION('',(#4942),#4946);
#4942 = LINE('',#4943,#4944);
#4943 = CARTESIAN_POINT('',(0.,0.));
#4944 = VECTOR('',#4945,1.);
#4945 = DIRECTION('',(1.,0.));
#4946 = ( GEOMETRIC_REPRESENTATION_CONTEXT(2) 
PARAMETRIC_REPRESENTATION_CONTEXT() REPRESENTATION_CONTEXT('2D SPACE',''
  ) );
#4947 = PCURVE('',#126,#4948);
#4948 = DEFINITIONAL_REPRESENTATION('',(#4949),#4953);
#4949 = LINE('',#4950,#4951);
#4950 = CARTESIAN_POINT('',(5.144514140304,19.979697418209));
#4951 = VECTOR('',#4952,1.);
#4952 = DIRECTION('',(-0.973621644336,0.228168564179));
#4953 = ( GEOMETRIC_REPRESENTATION_CONTEXT(2) 
PARAMETRIC_REPRESENTATION_CONTEXT() REPRESENTATION_CONTEXT('2D SPACE',''
  ) );
#4954 = ADVANCED_FACE('',(#4955),#4353,.T.);
#4955 = FACE_BOUND('',#4956,.T.);
#4956 = EDGE_LOOP('',(#4957,#4980,#4981,#4982));
#4957 = ORIENTED_EDGE('',*,*,#4958,.T.);
#4958 = EDGE_CURVE('',#4959,#4310,#4961,.T.);
#4959 = VERTEX_POINT('',#4960);
#4960 = CARTESIAN_POINT('',(99.736280618313,401.,329.18888013609));
#4961 = SURFACE_CURVE('',#4962,(#4966,#4973),.PCURVE_S1.);
#4962 = LINE('',#4963,#4964);
#4963 = CARTESIAN_POINT('',(99.736280618313,401.,329.18888013609));
#4964 = VECTOR('',#4965,1.);
#4965 = DIRECTION('',(0.,1.,0.));
#4966 = PCURVE('',#4353,#4967);
#4967 = DEFINITIONAL_REPRESENTATION('',(#4968),#4972);
#4968 = LINE('',#4969,#4970);
#4969 = CARTESIAN_POINT('',(0.,0.));
#4970 = VECTOR('',#4971,1.);
#4971 = DIRECTION('',(0.,-1.));
#4972 = ( GEOMETRIC_REPRESENTATION_CONTEXT(2) 
PARAMETRIC_REPRESENTATION_CONTEXT() REPRESENTATION_CONTEXT('2D SPACE',''
  ) );
#4973 = PCURVE('',#4325,#4974);
#4974 = DEFINITIONAL_REPRESENTATION('',(#4975),#4979);
#4975 = LINE('',#4976,#4977);
#4976 = CARTESIAN_POINT('',(1.569764844889,0.));
#4977 = VECTOR('',#4978,1.);
#4978 = DIRECTION('',(0.,-1.));
#4979 = ( GEOMETRIC_REPRESENTATION_CONTEXT(2) 
PARAMETRIC_REPRESENTATION_CONTEXT() REPRESENTATION_CONTEXT('2D SPACE',''
  ) );
#4980 = ORIENTED_EDGE('',*,*,#4337,.T.);
#4981 = ORIENTED_EDGE('',*,*,#4909,.F.);
#4982 = ORIENTED_EDGE('',*,*,#4983,.F.);
#4983 = EDGE_CURVE('',#4959,#4910,#4984,.T.);
#4984 = SURFACE_CURVE('',#4985,(#4989,#4996),.PCURVE_S1.);
#4985 = LINE('',#4986,#4987);
#4986 = CARTESIAN_POINT('',(99.736280618313,401.,329.18888013609));
#4987 = VECTOR('',#4988,1.);
#4988 = DIRECTION('',(0.270420177916,0.,0.962742399282));
#4989 = PCURVE('',#4353,#4990);
#4990 = DEFINITIONAL_REPRESENTATION('',(#4991),#4995);
#4991 = LINE('',#4992,#4993);
#4992 = CARTESIAN_POINT('',(0.,0.));
#4993 = VECTOR('',#4994,1.);
#4994 = DIRECTION('',(1.,0.));
#4995 = ( GEOMETRIC_REPRESENTATION_CONTEXT(2) 
PARAMETRIC_REPRESENTATION_CONTEXT() REPRESENTATION_CONTEXT('2D SPACE',''
  ) );
#4996 = PCURVE('',#126,#4997);
#4997 = DEFINITIONAL_REPRESENTATION('',(#4998),#5002);
#4998 = LINE('',#4999,#5000);
#4999 = CARTESIAN_POINT('',(6.011119863901,19.736280618313));
#5000 = VECTOR('',#5001,1.);
#5001 = DIRECTION('',(-0.962742399282,0.270420177916));
#5002 = ( GEOMETRIC_REPRESENTATION_CONTEXT(2) 
PARAMETRIC_REPRESENTATION_CONTEXT() REPRESENTATION_CONTEXT('2D SPACE',''
  ) );
#5003 = ADVANCED_FACE('',(#5004),#4325,.T.);
#5004 = FACE_BOUND('',#5005,.T.);
#5005 = EDGE_LOOP('',(#5006,#5029,#5030,#5031));
#5006 = ORIENTED_EDGE('',*,*,#5007,.T.);
#5007 = EDGE_CURVE('',#5008,#4282,#5010,.T.);
#5008 = VERTEX_POINT('',#5009);
#5009 = CARTESIAN_POINT('',(98.282676384312,401.,328.59626187857));
#5010 = SURFACE_CURVE('',#5011,(#5015,#5022),.PCURVE_S1.);
#5011 = LINE('',#5012,#5013);
#5012 = CARTESIAN_POINT('',(98.282676384312,401.,328.59626187857));
#5013 = VECTOR('',#5014,1.);
#5014 = DIRECTION('',(0.,1.,0.));
#5015 = PCURVE('',#4325,#5016);
#5016 = DEFINITIONAL_REPRESENTATION('',(#5017),#5021);
#5017 = LINE('',#5018,#5019);
#5018 = CARTESIAN_POINT('',(0.,0.));
#5019 = VECTOR('',#5020,1.);
#5020 = DIRECTION('',(0.,-1.));
#5021 = ( GEOMETRIC_REPRESENTATION_CONTEXT(2) 
PARAMETRIC_REPRESENTATION_CONTEXT() REPRESENTATION_CONTEXT('2D SPACE',''
  ) );
#5022 = PCURVE('',#4297,#5023);
#5023 = DEFINITIONAL_REPRESENTATION('',(#5024),#5028);
#5024 = LINE('',#5025,#5026);
#5025 = CARTESIAN_POINT('',(1.200610506126,0.));
#5026 = VECTOR('',#5027,1.);
#5027 = DIRECTION('',(0.,-1.));
#5028 = ( GEOMETRIC_REPRESENTATION_CONTEXT(2) 
PARAMETRIC_REPRESENTATION_CONTEXT() REPRESENTATION_CONTEXT('2D SPACE',''
  ) );
#5029 = ORIENTED_EDGE('',*,*,#4309,.T.);
#5030 = ORIENTED_EDGE('',*,*,#4958,.F.);
#5031 = ORIENTED_EDGE('',*,*,#5032,.F.);
#5032 = EDGE_CURVE('',#5008,#4959,#5033,.T.);
#5033 = SURFACE_CURVE('',#5034,(#5038,#5045),.PCURVE_S1.);
#5034 = LINE('',#5035,#5036);
#5035 = CARTESIAN_POINT('',(98.282676384312,401.,328.59626187857));
#5036 = VECTOR('',#5037,1.);
#5037 = DIRECTION('',(0.926001266198,0.,0.377520403422));
#5038 = PCURVE('',#4325,#5039);
#5039 = DEFINITIONAL_REPRESENTATION('',(#5040),#5044);
#5040 = LINE('',#5041,#5042);
#5041 = CARTESIAN_POINT('',(0.,0.));
#5042 = VECTOR('',#5043,1.);
#5043 = DIRECTION('',(1.,0.));
#5044 = ( GEOMETRIC_REPRESENTATION_CONTEXT(2) 
PARAMETRIC_REPRESENTATION_CONTEXT() REPRESENTATION_CONTEXT('2D SPACE',''
  ) );
#5045 = PCURVE('',#126,#5046);
#5046 = DEFINITIONAL_REPRESENTATION('',(#5047),#5051);
#5047 = LINE('',#5048,#5049);
#5048 = CARTESIAN_POINT('',(6.603738121421,18.282676384312));
#5049 = VECTOR('',#5050,1.);
#5050 = DIRECTION('',(-0.377520403422,0.926001266198));
#5051 = ( GEOMETRIC_REPRESENTATION_CONTEXT(2) 
PARAMETRIC_REPRESENTATION_CONTEXT() REPRESENTATION_CONTEXT('2D SPACE',''
  ) );
#5052 = ADVANCED_FACE('',(#5053),#4297,.T.);
#5053 = FACE_BOUND('',#5054,.T.);
#5054 = EDGE_LOOP('',(#5055,#5078,#5079,#5080));
#5055 = ORIENTED_EDGE('',*,*,#5056,.T.);
#5056 = EDGE_CURVE('',#5057,#4254,#5059,.T.);
#5057 = VERTEX_POINT('',#5058);
#5058 = CARTESIAN_POINT('',(97.115020734175,401.,328.87562878807));
#5059 = SURFACE_CURVE('',#5060,(#5064,#5071),.PCURVE_S1.);
#5060 = LINE('',#5061,#5062);
#5061 = CARTESIAN_POINT('',(97.115020734175,401.,328.87562878807));
#5062 = VECTOR('',#5063,1.);
#5063 = DIRECTION('',(0.,1.,0.));
#5064 = PCURVE('',#4297,#5065);
#5065 = DEFINITIONAL_REPRESENTATION('',(#5066),#5070);
#5066 = LINE('',#5067,#5068);
#5067 = CARTESIAN_POINT('',(0.,0.));
#5068 = VECTOR('',#5069,1.);
#5069 = DIRECTION('',(0.,-1.));
#5070 = ( GEOMETRIC_REPRESENTATION_CONTEXT(2) 
PARAMETRIC_REPRESENTATION_CONTEXT() REPRESENTATION_CONTEXT('2D SPACE',''
  ) );
#5071 = PCURVE('',#4269,#5072);
#5072 = DEFINITIONAL_REPRESENTATION('',(#5073),#5077);
#5073 = LINE('',#5074,#5075);
#5074 = CARTESIAN_POINT('',(1.199633649912,0.));
#5075 = VECTOR('',#5076,1.);
#5076 = DIRECTION('',(0.,-1.));
#5077 = ( GEOMETRIC_REPRESENTATION_CONTEXT(2) 
PARAMETRIC_REPRESENTATION_CONTEXT() REPRESENTATION_CONTEXT('2D SPACE',''
  ) );
#5078 = ORIENTED_EDGE('',*,*,#4281,.T.);
#5079 = ORIENTED_EDGE('',*,*,#5007,.F.);
#5080 = ORIENTED_EDGE('',*,*,#5081,.F.);
#5081 = EDGE_CURVE('',#5057,#5008,#5082,.T.);
#5082 = SURFACE_CURVE('',#5083,(#5087,#5094),.PCURVE_S1.);
#5083 = LINE('',#5084,#5085);
#5084 = CARTESIAN_POINT('',(97.115020734175,401.,328.87562878807));
#5085 = VECTOR('',#5086,1.);
#5086 = DIRECTION('',(0.972551584531,0.,-0.232687377023));
#5087 = PCURVE('',#4297,#5088);
#5088 = DEFINITIONAL_REPRESENTATION('',(#5089),#5093);
#5089 = LINE('',#5090,#5091);
#5090 = CARTESIAN_POINT('',(0.,0.));
#5091 = VECTOR('',#5092,1.);
#5092 = DIRECTION('',(1.,0.));
#5093 = ( GEOMETRIC_REPRESENTATION_CONTEXT(2) 
PARAMETRIC_REPRESENTATION_CONTEXT() REPRESENTATION_CONTEXT('2D SPACE',''
  ) );
#5094 = PCURVE('',#126,#5095);
#5095 = DEFINITIONAL_REPRESENTATION('',(#5096),#5100);
#5096 = LINE('',#5097,#5098);
#5097 = CARTESIAN_POINT('',(6.324371211923,17.115020734175));
#5098 = VECTOR('',#5099,1.);
#5099 = DIRECTION('',(0.232687377023,0.972551584531));
#5100 = ( GEOMETRIC_REPRESENTATION_CONTEXT(2) 
PARAMETRIC_REPRESENTATION_CONTEXT() REPRESENTATION_CONTEXT('2D SPACE',''
  ) );
#5101 = ADVANCED_FACE('',(#5102),#4269,.T.);
#5102 = FACE_BOUND('',#5103,.T.);
#5103 = EDGE_LOOP('',(#5104,#5127,#5128,#5129));
#5104 = ORIENTED_EDGE('',*,*,#5105,.T.);
#5105 = EDGE_CURVE('',#5106,#4226,#5108,.T.);
#5106 = VERTEX_POINT('',#5107);
#5107 = CARTESIAN_POINT('',(95.952511341761,401.,329.17175850045));
#5108 = SURFACE_CURVE('',#5109,(#5113,#5120),.PCURVE_S1.);
#5109 = LINE('',#5110,#5111);
#5110 = CARTESIAN_POINT('',(95.952511341761,401.,329.17175850045));
#5111 = VECTOR('',#5112,1.);
#5112 = DIRECTION('',(0.,1.,0.));
#5113 = PCURVE('',#4269,#5114);
#5114 = DEFINITIONAL_REPRESENTATION('',(#5115),#5119);
#5115 = LINE('',#5116,#5117);
#5116 = CARTESIAN_POINT('',(0.,0.));
#5117 = VECTOR('',#5118,1.);
#5118 = DIRECTION('',(0.,-1.));
#5119 = ( GEOMETRIC_REPRESENTATION_CONTEXT(2) 
PARAMETRIC_REPRESENTATION_CONTEXT() REPRESENTATION_CONTEXT('2D SPACE',''
  ) );
#5120 = PCURVE('',#4241,#5121);
#5121 = DEFINITIONAL_REPRESENTATION('',(#5122),#5126);
#5122 = LINE('',#5123,#5124);
#5123 = CARTESIAN_POINT('',(1.198719924449,0.));
#5124 = VECTOR('',#5125,1.);
#5125 = DIRECTION('',(0.,-1.));
#5126 = ( GEOMETRIC_REPRESENTATION_CONTEXT(2) 
PARAMETRIC_REPRESENTATION_CONTEXT() REPRESENTATION_CONTEXT('2D SPACE',''
  ) );
#5127 = ORIENTED_EDGE('',*,*,#4253,.T.);
#5128 = ORIENTED_EDGE('',*,*,#5056,.F.);
#5129 = ORIENTED_EDGE('',*,*,#5130,.F.);
#5130 = EDGE_CURVE('',#5106,#5057,#5131,.T.);
#5131 = SURFACE_CURVE('',#5132,(#5136,#5143),.PCURVE_S1.);
#5132 = LINE('',#5133,#5134);
#5133 = CARTESIAN_POINT('',(95.952511341761,401.,329.17175850045));
#5134 = VECTOR('',#5135,1.);
#5135 = DIRECTION('',(0.969053671093,0.,-0.246850121616));
#5136 = PCURVE('',#4269,#5137);
#5137 = DEFINITIONAL_REPRESENTATION('',(#5138),#5142);
#5138 = LINE('',#5139,#5140);
#5139 = CARTESIAN_POINT('',(0.,0.));
#5140 = VECTOR('',#5141,1.);
#5141 = DIRECTION('',(1.,0.));
#5142 = ( GEOMETRIC_REPRESENTATION_CONTEXT(2) 
PARAMETRIC_REPRESENTATION_CONTEXT() REPRESENTATION_CONTEXT('2D SPACE',''
  ) );
#5143 = PCURVE('',#126,#5144);
#5144 = DEFINITIONAL_REPRESENTATION('',(#5145),#5149);
#5145 = LINE('',#5146,#5147);
#5146 = CARTESIAN_POINT('',(6.028241499548,15.952511341761));
#5147 = VECTOR('',#5148,1.);
#5148 = DIRECTION('',(0.246850121616,0.969053671093));
#5149 = ( GEOMETRIC_REPRESENTATION_CONTEXT(2) 
PARAMETRIC_REPRESENTATION_CONTEXT() REPRESENTATION_CONTEXT('2D SPACE',''
  ) );
#5150 = ADVANCED_FACE('',(#5151),#4241,.T.);
#5151 = FACE_BOUND('',#5152,.T.);
#5152 = EDGE_LOOP('',(#5153,#5176,#5177,#5178));
#5153 = ORIENTED_EDGE('',*,*,#5154,.T.);
#5154 = EDGE_CURVE('',#5155,#4198,#5157,.T.);
#5155 = VERTEX_POINT('',#5156);
#5156 = CARTESIAN_POINT('',(94.795331208547,401.,329.48459007904));
#5157 = SURFACE_CURVE('',#5158,(#5162,#5169),.PCURVE_S1.);
#5158 = LINE('',#5159,#5160);
#5159 = CARTESIAN_POINT('',(94.795331208547,401.,329.48459007904));
#5160 = VECTOR('',#5161,1.);
#5161 = DIRECTION('',(0.,1.,0.));
#5162 = PCURVE('',#4241,#5163);
#5163 = DEFINITIONAL_REPRESENTATION('',(#5164),#5168);
#5164 = LINE('',#5165,#5166);
#5165 = CARTESIAN_POINT('',(0.,0.));
#5166 = VECTOR('',#5167,1.);
#5167 = DIRECTION('',(0.,-1.));
#5168 = ( GEOMETRIC_REPRESENTATION_CONTEXT(2) 
PARAMETRIC_REPRESENTATION_CONTEXT() REPRESENTATION_CONTEXT('2D SPACE',''
  ) );
#5169 = PCURVE('',#4213,#5170);
#5170 = DEFINITIONAL_REPRESENTATION('',(#5171),#5175);
#5171 = LINE('',#5172,#5173);
#5172 = CARTESIAN_POINT('',(1.228592614404,0.));
#5173 = VECTOR('',#5174,1.);
#5174 = DIRECTION('',(0.,-1.));
#5175 = ( GEOMETRIC_REPRESENTATION_CONTEXT(2) 
PARAMETRIC_REPRESENTATION_CONTEXT() REPRESENTATION_CONTEXT('2D SPACE',''
  ) );
#5176 = ORIENTED_EDGE('',*,*,#4225,.T.);
#5177 = ORIENTED_EDGE('',*,*,#5105,.F.);
#5178 = ORIENTED_EDGE('',*,*,#5179,.F.);
#5179 = EDGE_CURVE('',#5155,#5106,#5180,.T.);
#5180 = SURFACE_CURVE('',#5181,(#5185,#5192),.PCURVE_S1.);
#5181 = LINE('',#5182,#5183);
#5182 = CARTESIAN_POINT('',(94.795331208547,401.,329.48459007904));
#5183 = VECTOR('',#5184,1.);
#5184 = DIRECTION('',(0.965346541434,0.,-0.26097136805));
#5185 = PCURVE('',#4241,#5186);
#5186 = DEFINITIONAL_REPRESENTATION('',(#5187),#5191);
#5187 = LINE('',#5188,#5189);
#5188 = CARTESIAN_POINT('',(0.,0.));
#5189 = VECTOR('',#5190,1.);
#5190 = DIRECTION('',(1.,0.));
#5191 = ( GEOMETRIC_REPRESENTATION_CONTEXT(2) 
PARAMETRIC_REPRESENTATION_CONTEXT() REPRESENTATION_CONTEXT('2D SPACE',''
  ) );
#5192 = PCURVE('',#126,#5193);
#5193 = DEFINITIONAL_REPRESENTATION('',(#5194),#5198);
#5194 = LINE('',#5195,#5196);
#5195 = CARTESIAN_POINT('',(5.715409920955,14.795331208547));
#5196 = VECTOR('',#5197,1.);
#5197 = DIRECTION('',(0.26097136805,0.965346541434));
#5198 = ( GEOMETRIC_REPRESENTATION_CONTEXT(2) 
PARAMETRIC_REPRESENTATION_CONTEXT() REPRESENTATION_CONTEXT('2D SPACE',''
  ) );
#5199 = ADVANCED_FACE('',(#5200),#4213,.T.);
#5200 = FACE_BOUND('',#5201,.T.);
#5201 = EDGE_LOOP('',(#5202,#5225,#5226,#5227));
#5202 = ORIENTED_EDGE('',*,*,#5203,.T.);
#5203 = EDGE_CURVE('',#5204,#4170,#5206,.T.);
#5204 = VERTEX_POINT('',#5205);
#5205 = CARTESIAN_POINT('',(94.308557757565,401.,328.35654246498));
#5206 = SURFACE_CURVE('',#5207,(#5211,#5218),.PCURVE_S1.);
#5207 = LINE('',#5208,#5209);
#5208 = CARTESIAN_POINT('',(94.308557757565,401.,328.35654246498));
#5209 = VECTOR('',#5210,1.);
#5210 = DIRECTION('',(0.,1.,0.));
#5211 = PCURVE('',#4213,#5212);
#5212 = DEFINITIONAL_REPRESENTATION('',(#5213),#5217);
#5213 = LINE('',#5214,#5215);
#5214 = CARTESIAN_POINT('',(0.,0.));
#5215 = VECTOR('',#5216,1.);
#5216 = DIRECTION('',(0.,-1.));
#5217 = ( GEOMETRIC_REPRESENTATION_CONTEXT(2) 
PARAMETRIC_REPRESENTATION_CONTEXT() REPRESENTATION_CONTEXT('2D SPACE',''
  ) );
#5218 = PCURVE('',#4185,#5219);
#5219 = DEFINITIONAL_REPRESENTATION('',(#5220),#5224);
#5220 = LINE('',#5221,#5222);
#5221 = CARTESIAN_POINT('',(1.228592614404,0.));
#5222 = VECTOR('',#5223,1.);
#5223 = DIRECTION('',(0.,-1.));
#5224 = ( GEOMETRIC_REPRESENTATION_CONTEXT(2) 
PARAMETRIC_REPRESENTATION_CONTEXT() REPRESENTATION_CONTEXT('2D SPACE',''
  ) );
#5225 = ORIENTED_EDGE('',*,*,#4197,.T.);
#5226 = ORIENTED_EDGE('',*,*,#5154,.F.);
#5227 = ORIENTED_EDGE('',*,*,#5228,.F.);
#5228 = EDGE_CURVE('',#5204,#5155,#5229,.T.);
#5229 = SURFACE_CURVE('',#5230,(#5234,#5241),.PCURVE_S1.);
#5230 = LINE('',#5231,#5232);
#5231 = CARTESIAN_POINT('',(94.308557757565,401.,328.35654246498));
#5232 = VECTOR('',#5233,1.);
#5233 = DIRECTION('',(0.396204116217,0.,0.918162457462));
#5234 = PCURVE('',#4213,#5235);
#5235 = DEFINITIONAL_REPRESENTATION('',(#5236),#5240);
#5236 = LINE('',#5237,#5238);
#5237 = CARTESIAN_POINT('',(0.,0.));
#5238 = VECTOR('',#5239,1.);
#5239 = DIRECTION('',(1.,0.));
#5240 = ( GEOMETRIC_REPRESENTATION_CONTEXT(2) 
PARAMETRIC_REPRESENTATION_CONTEXT() REPRESENTATION_CONTEXT('2D SPACE',''
  ) );
#5241 = PCURVE('',#126,#5242);
#5242 = DEFINITIONAL_REPRESENTATION('',(#5243),#5247);
#5243 = LINE('',#5244,#5245);
#5244 = CARTESIAN_POINT('',(6.843457535015,14.308557757565));
#5245 = VECTOR('',#5246,1.);
#5246 = DIRECTION('',(-0.918162457462,0.396204116217));
#5247 = ( GEOMETRIC_REPRESENTATION_CONTEXT(2) 
PARAMETRIC_REPRESENTATION_CONTEXT() REPRESENTATION_CONTEXT('2D SPACE',''
  ) );
#5248 = ADVANCED_FACE('',(#5249),#4185,.T.);
#5249 = FACE_BOUND('',#5250,.T.);
#5250 = EDGE_LOOP('',(#5251,#5274,#5275,#5276));
#5251 = ORIENTED_EDGE('',*,*,#5252,.T.);
#5252 = EDGE_CURVE('',#5253,#4142,#5255,.T.);
#5253 = VERTEX_POINT('',#5254);
#5254 = CARTESIAN_POINT('',(93.735931060593,401.,327.26955650459));
#5255 = SURFACE_CURVE('',#5256,(#5260,#5267),.PCURVE_S1.);
#5256 = LINE('',#5257,#5258);
#5257 = CARTESIAN_POINT('',(93.735931060593,401.,327.26955650459));
#5258 = VECTOR('',#5259,1.);
#5259 = DIRECTION('',(0.,1.,0.));
#5260 = PCURVE('',#4185,#5261);
#5261 = DEFINITIONAL_REPRESENTATION('',(#5262),#5266);
#5262 = LINE('',#5263,#5264);
#5263 = CARTESIAN_POINT('',(0.,0.));
#5264 = VECTOR('',#5265,1.);
#5265 = DIRECTION('',(0.,-1.));
#5266 = ( GEOMETRIC_REPRESENTATION_CONTEXT(2) 
PARAMETRIC_REPRESENTATION_CONTEXT() REPRESENTATION_CONTEXT('2D SPACE',''
  ) );
#5267 = PCURVE('',#4157,#5268);
#5268 = DEFINITIONAL_REPRESENTATION('',(#5269),#5273);
#5269 = LINE('',#5270,#5271);
#5270 = CARTESIAN_POINT('',(1.228592614404,0.));
#5271 = VECTOR('',#5272,1.);
#5272 = DIRECTION('',(0.,-1.));
#5273 = ( GEOMETRIC_REPRESENTATION_CONTEXT(2) 
PARAMETRIC_REPRESENTATION_CONTEXT() REPRESENTATION_CONTEXT('2D SPACE',''
  ) );
#5274 = ORIENTED_EDGE('',*,*,#4169,.T.);
#5275 = ORIENTED_EDGE('',*,*,#5203,.F.);
#5276 = ORIENTED_EDGE('',*,*,#5277,.F.);
#5277 = EDGE_CURVE('',#5253,#5204,#5278,.T.);
#5278 = SURFACE_CURVE('',#5279,(#5283,#5290),.PCURVE_S1.);
#5279 = LINE('',#5280,#5281);
#5280 = CARTESIAN_POINT('',(93.735931060593,401.,327.26955650459));
#5281 = VECTOR('',#5282,1.);
#5282 = DIRECTION('',(0.466083460261,0.,0.88474075755));
#5283 = PCURVE('',#4185,#5284);
#5284 = DEFINITIONAL_REPRESENTATION('',(#5285),#5289);
#5285 = LINE('',#5286,#5287);
#5286 = CARTESIAN_POINT('',(0.,0.));
#5287 = VECTOR('',#5288,1.);
#5288 = DIRECTION('',(1.,0.));
#5289 = ( GEOMETRIC_REPRESENTATION_CONTEXT(2) 
PARAMETRIC_REPRESENTATION_CONTEXT() REPRESENTATION_CONTEXT('2D SPACE',''
  ) );
#5290 = PCURVE('',#126,#5291);
#5291 = DEFINITIONAL_REPRESENTATION('',(#5292),#5296);
#5292 = LINE('',#5293,#5294);
#5293 = CARTESIAN_POINT('',(7.930443495403,13.735931060593));
#5294 = VECTOR('',#5295,1.);
#5295 = DIRECTION('',(-0.88474075755,0.466083460261));
#5296 = ( GEOMETRIC_REPRESENTATION_CONTEXT(2) 
PARAMETRIC_REPRESENTATION_CONTEXT() REPRESENTATION_CONTEXT('2D SPACE',''
  ) );
#5297 = ADVANCED_FACE('',(#5298),#4157,.T.);
#5298 = FACE_BOUND('',#5299,.T.);
#5299 = EDGE_LOOP('',(#5300,#5323,#5324,#5325));
#5300 = ORIENTED_EDGE('',*,*,#5301,.T.);
#5301 = EDGE_CURVE('',#5302,#4114,#5304,.T.);
#5302 = VERTEX_POINT('',#5303);
#5303 = CARTESIAN_POINT('',(93.080886953826,401.,326.23015425793));
#5304 = SURFACE_CURVE('',#5305,(#5309,#5316),.PCURVE_S1.);
#5305 = LINE('',#5306,#5307);
#5306 = CARTESIAN_POINT('',(93.080886953826,401.,326.23015425793));
#5307 = VECTOR('',#5308,1.);
#5308 = DIRECTION('',(0.,1.,0.));
#5309 = PCURVE('',#4157,#5310);
#5310 = DEFINITIONAL_REPRESENTATION('',(#5311),#5315);
#5311 = LINE('',#5312,#5313);
#5312 = CARTESIAN_POINT('',(0.,0.));
#5313 = VECTOR('',#5314,1.);
#5314 = DIRECTION('',(0.,-1.));
#5315 = ( GEOMETRIC_REPRESENTATION_CONTEXT(2) 
PARAMETRIC_REPRESENTATION_CONTEXT() REPRESENTATION_CONTEXT('2D SPACE',''
  ) );
#5316 = PCURVE('',#4129,#5317);
#5317 = DEFINITIONAL_REPRESENTATION('',(#5318),#5322);
#5318 = LINE('',#5319,#5320);
#5319 = CARTESIAN_POINT('',(1.228592614404,0.));
#5320 = VECTOR('',#5321,1.);
#5321 = DIRECTION('',(0.,-1.));
#5322 = ( GEOMETRIC_REPRESENTATION_CONTEXT(2) 
PARAMETRIC_REPRESENTATION_CONTEXT() REPRESENTATION_CONTEXT('2D SPACE',''
  ) );
#5323 = ORIENTED_EDGE('',*,*,#4141,.T.);
#5324 = ORIENTED_EDGE('',*,*,#5252,.F.);
#5325 = ORIENTED_EDGE('',*,*,#5326,.F.);
#5326 = EDGE_CURVE('',#5302,#5253,#5327,.T.);
#5327 = SURFACE_CURVE('',#5328,(#5332,#5339),.PCURVE_S1.);
#5328 = LINE('',#5329,#5330);
#5329 = CARTESIAN_POINT('',(93.080886953826,401.,326.23015425793));
#5330 = VECTOR('',#5331,1.);
#5331 = DIRECTION('',(0.533166241671,0.,0.846010495645));
#5332 = PCURVE('',#4157,#5333);
#5333 = DEFINITIONAL_REPRESENTATION('',(#5334),#5338);
#5334 = LINE('',#5335,#5336);
#5335 = CARTESIAN_POINT('',(0.,0.));
#5336 = VECTOR('',#5337,1.);
#5337 = DIRECTION('',(1.,0.));
#5338 = ( GEOMETRIC_REPRESENTATION_CONTEXT(2) 
PARAMETRIC_REPRESENTATION_CONTEXT() REPRESENTATION_CONTEXT('2D SPACE',''
  ) );
#5339 = PCURVE('',#126,#5340);
#5340 = DEFINITIONAL_REPRESENTATION('',(#5341),#5345);
#5341 = LINE('',#5342,#5343);
#5342 = CARTESIAN_POINT('',(8.969845742061,13.080886953826));
#5343 = VECTOR('',#5344,1.);
#5344 = DIRECTION('',(-0.846010495645,0.533166241671));
#5345 = ( GEOMETRIC_REPRESENTATION_CONTEXT(2) 
PARAMETRIC_REPRESENTATION_CONTEXT() REPRESENTATION_CONTEXT('2D SPACE',''
  ) );
#5346 = ADVANCED_FACE('',(#5347),#4129,.T.);
#5347 = FACE_BOUND('',#5348,.T.);
#5348 = EDGE_LOOP('',(#5349,#5372,#5373,#5374));
#5349 = ORIENTED_EDGE('',*,*,#5350,.T.);
#5350 = EDGE_CURVE('',#5351,#4086,#5353,.T.);
#5351 = VERTEX_POINT('',#5352);
#5352 = CARTESIAN_POINT('',(92.347355788862,401.,325.24457227647));
#5353 = SURFACE_CURVE('',#5354,(#5358,#5365),.PCURVE_S1.);
#5354 = LINE('',#5355,#5356);
#5355 = CARTESIAN_POINT('',(92.347355788862,401.,325.24457227647));
#5356 = VECTOR('',#5357,1.);
#5357 = DIRECTION('',(0.,1.,0.));
#5358 = PCURVE('',#4129,#5359);
#5359 = DEFINITIONAL_REPRESENTATION('',(#5360),#5364);
#5360 = LINE('',#5361,#5362);
#5361 = CARTESIAN_POINT('',(0.,0.));
#5362 = VECTOR('',#5363,1.);
#5363 = DIRECTION('',(0.,-1.));
#5364 = ( GEOMETRIC_REPRESENTATION_CONTEXT(2) 
PARAMETRIC_REPRESENTATION_CONTEXT() REPRESENTATION_CONTEXT('2D SPACE',''
  ) );
#5365 = PCURVE('',#4101,#5366);
#5366 = DEFINITIONAL_REPRESENTATION('',(#5367),#5371);
#5367 = LINE('',#5368,#5369);
#5368 = CARTESIAN_POINT('',(4.809631818338,0.));
#5369 = VECTOR('',#5370,1.);
#5370 = DIRECTION('',(0.,-1.));
#5371 = ( GEOMETRIC_REPRESENTATION_CONTEXT(2) 
PARAMETRIC_REPRESENTATION_CONTEXT() REPRESENTATION_CONTEXT('2D SPACE',''
  ) );
#5372 = ORIENTED_EDGE('',*,*,#4113,.T.);
#5373 = ORIENTED_EDGE('',*,*,#5301,.F.);
#5374 = ORIENTED_EDGE('',*,*,#5375,.F.);
#5375 = EDGE_CURVE('',#5351,#5302,#5376,.T.);
#5376 = SURFACE_CURVE('',#5377,(#5381,#5388),.PCURVE_S1.);
#5377 = LINE('',#5378,#5379);
#5378 = CARTESIAN_POINT('',(92.347355788862,401.,325.24457227647));
#5379 = VECTOR('',#5380,1.);
#5380 = DIRECTION('',(0.597049954854,0.,0.802204058459));
#5381 = PCURVE('',#4129,#5382);
#5382 = DEFINITIONAL_REPRESENTATION('',(#5383),#5387);
#5383 = LINE('',#5384,#5385);
#5384 = CARTESIAN_POINT('',(0.,0.));
#5385 = VECTOR('',#5386,1.);
#5386 = DIRECTION('',(1.,0.));
#5387 = ( GEOMETRIC_REPRESENTATION_CONTEXT(2) 
PARAMETRIC_REPRESENTATION_CONTEXT() REPRESENTATION_CONTEXT('2D SPACE',''
  ) );
#5388 = PCURVE('',#126,#5389);
#5389 = DEFINITIONAL_REPRESENTATION('',(#5390),#5394);
#5390 = LINE('',#5391,#5392);
#5391 = CARTESIAN_POINT('',(9.955427723529,12.347355788862));
#5392 = VECTOR('',#5393,1.);
#5393 = DIRECTION('',(-0.802204058459,0.597049954854));
#5394 = ( GEOMETRIC_REPRESENTATION_CONTEXT(2) 
PARAMETRIC_REPRESENTATION_CONTEXT() REPRESENTATION_CONTEXT('2D SPACE',''
  ) );
#5395 = ADVANCED_FACE('',(#5396),#4101,.T.);
#5396 = FACE_BOUND('',#5397,.T.);
#5397 = EDGE_LOOP('',(#5398,#5421,#5422,#5423));
#5398 = ORIENTED_EDGE('',*,*,#5399,.T.);
#5399 = EDGE_CURVE('',#5400,#4058,#5402,.T.);
#5400 = VERTEX_POINT('',#5401);
#5401 = CARTESIAN_POINT('',(96.490113181389,401.,322.80118949544));
#5402 = SURFACE_CURVE('',#5403,(#5407,#5414),.PCURVE_S1.);
#5403 = LINE('',#5404,#5405);
#5404 = CARTESIAN_POINT('',(96.490113181389,401.,322.80118949544));
#5405 = VECTOR('',#5406,1.);
#5406 = DIRECTION('',(0.,1.,0.));
#5407 = PCURVE('',#4101,#5408);
#5408 = DEFINITIONAL_REPRESENTATION('',(#5409),#5413);
#5409 = LINE('',#5410,#5411);
#5410 = CARTESIAN_POINT('',(0.,0.));
#5411 = VECTOR('',#5412,1.);
#5412 = DIRECTION('',(0.,-1.));
#5413 = ( GEOMETRIC_REPRESENTATION_CONTEXT(2) 
PARAMETRIC_REPRESENTATION_CONTEXT() REPRESENTATION_CONTEXT('2D SPACE',''
  ) );
#5414 = PCURVE('',#4073,#5415);
#5415 = DEFINITIONAL_REPRESENTATION('',(#5416),#5420);
#5416 = LINE('',#5417,#5418);
#5417 = CARTESIAN_POINT('',(0.900142887903,0.));
#5418 = VECTOR('',#5419,1.);
#5419 = DIRECTION('',(0.,-1.));
#5420 = ( GEOMETRIC_REPRESENTATION_CONTEXT(2) 
PARAMETRIC_REPRESENTATION_CONTEXT() REPRESENTATION_CONTEXT('2D SPACE',''
  ) );
#5421 = ORIENTED_EDGE('',*,*,#4085,.T.);
#5422 = ORIENTED_EDGE('',*,*,#5350,.F.);
#5423 = ORIENTED_EDGE('',*,*,#5424,.F.);
#5424 = EDGE_CURVE('',#5400,#5351,#5425,.T.);
#5425 = SURFACE_CURVE('',#5426,(#5430,#5437),.PCURVE_S1.);
#5426 = LINE('',#5427,#5428);
#5427 = CARTESIAN_POINT('',(96.490113181389,401.,322.80118949544));
#5428 = VECTOR('',#5429,1.);
#5429 = DIRECTION('',(-0.861346054958,0.,0.508018674468));
#5430 = PCURVE('',#4101,#5431);
#5431 = DEFINITIONAL_REPRESENTATION('',(#5432),#5436);
#5432 = LINE('',#5433,#5434);
#5433 = CARTESIAN_POINT('',(0.,0.));
#5434 = VECTOR('',#5435,1.);
#5435 = DIRECTION('',(1.,0.));
#5436 = ( GEOMETRIC_REPRESENTATION_CONTEXT(2) 
PARAMETRIC_REPRESENTATION_CONTEXT() REPRESENTATION_CONTEXT('2D SPACE',''
  ) );
#5437 = PCURVE('',#126,#5438);
#5438 = DEFINITIONAL_REPRESENTATION('',(#5439),#5443);
#5439 = LINE('',#5440,#5441);
#5440 = CARTESIAN_POINT('',(12.398810504558,16.490113181389));
#5441 = VECTOR('',#5442,1.);
#5442 = DIRECTION('',(-0.508018674468,-0.861346054958));
#5443 = ( GEOMETRIC_REPRESENTATION_CONTEXT(2) 
PARAMETRIC_REPRESENTATION_CONTEXT() REPRESENTATION_CONTEXT('2D SPACE',''
  ) );
#5444 = ADVANCED_FACE('',(#5445),#4073,.T.);
#5445 = FACE_BOUND('',#5446,.T.);
#5446 = EDGE_LOOP('',(#5447,#5470,#5471,#5472));
#5447 = ORIENTED_EDGE('',*,*,#5448,.T.);
#5448 = EDGE_CURVE('',#5449,#4030,#5451,.T.);
#5449 = VERTEX_POINT('',#5450);
#5450 = CARTESIAN_POINT('',(95.933589729283,401.,322.09370178113));
#5451 = SURFACE_CURVE('',#5452,(#5456,#5463),.PCURVE_S1.);
#5452 = LINE('',#5453,#5454);
#5453 = CARTESIAN_POINT('',(95.933589729283,401.,322.09370178113));
#5454 = VECTOR('',#5455,1.);
#5455 = DIRECTION('',(0.,1.,0.));
#5456 = PCURVE('',#4073,#5457);
#5457 = DEFINITIONAL_REPRESENTATION('',(#5458),#5462);
#5458 = LINE('',#5459,#5460);
#5459 = CARTESIAN_POINT('',(0.,0.));
#5460 = VECTOR('',#5461,1.);
#5461 = DIRECTION('',(0.,-1.));
#5462 = ( GEOMETRIC_REPRESENTATION_CONTEXT(2) 
PARAMETRIC_REPRESENTATION_CONTEXT() REPRESENTATION_CONTEXT('2D SPACE',''
  ) );
#5463 = PCURVE('',#4045,#5464);
#5464 = DEFINITIONAL_REPRESENTATION('',(#5465),#5469);
#5465 = LINE('',#5466,#5467);
#5466 = CARTESIAN_POINT('',(0.900142887903,0.));
#5467 = VECTOR('',#5468,1.);
#5468 = DIRECTION('',(0.,-1.));
#5469 = ( GEOMETRIC_REPRESENTATION_CONTEXT(2) 
PARAMETRIC_REPRESENTATION_CONTEXT() REPRESENTATION_CONTEXT('2D SPACE',''
  ) );
#5470 = ORIENTED_EDGE('',*,*,#4057,.T.);
#5471 = ORIENTED_EDGE('',*,*,#5399,.F.);
#5472 = ORIENTED_EDGE('',*,*,#5473,.F.);
#5473 = EDGE_CURVE('',#5449,#5400,#5474,.T.);
#5474 = SURFACE_CURVE('',#5475,(#5479,#5486),.PCURVE_S1.);
#5475 = LINE('',#5476,#5477);
#5476 = CARTESIAN_POINT('',(95.933589729283,401.,322.09370178113));
#5477 = VECTOR('',#5478,1.);
#5478 = DIRECTION('',(0.618261233395,0.,0.785972675912));
#5479 = PCURVE('',#4073,#5480);
#5480 = DEFINITIONAL_REPRESENTATION('',(#5481),#5485);
#5481 = LINE('',#5482,#5483);
#5482 = CARTESIAN_POINT('',(0.,0.));
#5483 = VECTOR('',#5484,1.);
#5484 = DIRECTION('',(1.,0.));
#5485 = ( GEOMETRIC_REPRESENTATION_CONTEXT(2) 
PARAMETRIC_REPRESENTATION_CONTEXT() REPRESENTATION_CONTEXT('2D SPACE',''
  ) );
#5486 = PCURVE('',#126,#5487);
#5487 = DEFINITIONAL_REPRESENTATION('',(#5488),#5492);
#5488 = LINE('',#5489,#5490);
#5489 = CARTESIAN_POINT('',(13.106298218867,15.933589729283));
#5490 = VECTOR('',#5491,1.);
#5491 = DIRECTION('',(-0.785972675912,0.618261233395));
#5492 = ( GEOMETRIC_REPRESENTATION_CONTEXT(2) 
PARAMETRIC_REPRESENTATION_CONTEXT() REPRESENTATION_CONTEXT('2D SPACE',''
  ) );
#5493 = ADVANCED_FACE('',(#5494),#4045,.T.);
#5494 = FACE_BOUND('',#5495,.T.);
#5495 = EDGE_LOOP('',(#5496,#5519,#5520,#5521));
#5496 = ORIENTED_EDGE('',*,*,#5497,.T.);
#5497 = EDGE_CURVE('',#5498,#4002,#5500,.T.);
#5498 = VERTEX_POINT('',#5499);
#5499 = CARTESIAN_POINT('',(95.346735783521,401.,321.41116265039));
#5500 = SURFACE_CURVE('',#5501,(#5505,#5512),.PCURVE_S1.);
#5501 = LINE('',#5502,#5503);
#5502 = CARTESIAN_POINT('',(95.346735783521,401.,321.41116265039));
#5503 = VECTOR('',#5504,1.);
#5504 = DIRECTION('',(0.,1.,0.));
#5505 = PCURVE('',#4045,#5506);
#5506 = DEFINITIONAL_REPRESENTATION('',(#5507),#5511);
#5507 = LINE('',#5508,#5509);
#5508 = CARTESIAN_POINT('',(0.,0.));
#5509 = VECTOR('',#5510,1.);
#5510 = DIRECTION('',(0.,-1.));
#5511 = ( GEOMETRIC_REPRESENTATION_CONTEXT(2) 
PARAMETRIC_REPRESENTATION_CONTEXT() REPRESENTATION_CONTEXT('2D SPACE',''
  ) );
#5512 = PCURVE('',#4017,#5513);
#5513 = DEFINITIONAL_REPRESENTATION('',(#5514),#5518);
#5514 = LINE('',#5515,#5516);
#5515 = CARTESIAN_POINT('',(0.900142887903,0.));
#5516 = VECTOR('',#5517,1.);
#5517 = DIRECTION('',(0.,-1.));
#5518 = ( GEOMETRIC_REPRESENTATION_CONTEXT(2) 
PARAMETRIC_REPRESENTATION_CONTEXT() REPRESENTATION_CONTEXT('2D SPACE',''
  ) );
#5519 = ORIENTED_EDGE('',*,*,#4029,.T.);
#5520 = ORIENTED_EDGE('',*,*,#5448,.F.);
#5521 = ORIENTED_EDGE('',*,*,#5522,.F.);
#5522 = EDGE_CURVE('',#5498,#5449,#5523,.T.);
#5523 = SURFACE_CURVE('',#5524,(#5528,#5535),.PCURVE_S1.);
#5524 = LINE('',#5525,#5526);
#5525 = CARTESIAN_POINT('',(95.346735783521,401.,321.41116265039));
#5526 = VECTOR('',#5527,1.);
#5527 = DIRECTION('',(0.651956432306,0.,0.75825642785));
#5528 = PCURVE('',#4045,#5529);
#5529 = DEFINITIONAL_REPRESENTATION('',(#5530),#5534);
#5530 = LINE('',#5531,#5532);
#5531 = CARTESIAN_POINT('',(0.,0.));
#5532 = VECTOR('',#5533,1.);
#5533 = DIRECTION('',(1.,0.));
#5534 = ( GEOMETRIC_REPRESENTATION_CONTEXT(2) 
PARAMETRIC_REPRESENTATION_CONTEXT() REPRESENTATION_CONTEXT('2D SPACE',''
  ) );
#5535 = PCURVE('',#126,#5536);
#5536 = DEFINITIONAL_REPRESENTATION('',(#5537),#5541);
#5537 = LINE('',#5538,#5539);
#5538 = CARTESIAN_POINT('',(13.788837349602,15.346735783521));
#5539 = VECTOR('',#5540,1.);
#5540 = DIRECTION('',(-0.75825642785,0.651956432306));
#5541 = ( GEOMETRIC_REPRESENTATION_CONTEXT(2) 
PARAMETRIC_REPRESENTATION_CONTEXT() REPRESENTATION_CONTEXT('2D SPACE',''
  ) );
#5542 = ADVANCED_FACE('',(#5543),#4017,.T.);
#5543 = FACE_BOUND('',#5544,.T.);
#5544 = EDGE_LOOP('',(#5545,#5568,#5569,#5570));
#5545 = ORIENTED_EDGE('',*,*,#5546,.T.);
#5546 = EDGE_CURVE('',#5547,#3974,#5549,.T.);
#5547 = VERTEX_POINT('',#5548);
#5548 = CARTESIAN_POINT('',(94.730668453943,401.,320.75487135526));
#5549 = SURFACE_CURVE('',#5550,(#5554,#5561),.PCURVE_S1.);
#5550 = LINE('',#5551,#5552);
#5551 = CARTESIAN_POINT('',(94.730668453943,401.,320.75487135526));
#5552 = VECTOR('',#5553,1.);
#5553 = DIRECTION('',(0.,1.,0.));
#5554 = PCURVE('',#4017,#5555);
#5555 = DEFINITIONAL_REPRESENTATION('',(#5556),#5560);
#5556 = LINE('',#5557,#5558);
#5557 = CARTESIAN_POINT('',(0.,0.));
#5558 = VECTOR('',#5559,1.);
#5559 = DIRECTION('',(0.,-1.));
#5560 = ( GEOMETRIC_REPRESENTATION_CONTEXT(2) 
PARAMETRIC_REPRESENTATION_CONTEXT() REPRESENTATION_CONTEXT('2D SPACE',''
  ) );
#5561 = PCURVE('',#3989,#5562);
#5562 = DEFINITIONAL_REPRESENTATION('',(#5563),#5567);
#5563 = LINE('',#5564,#5565);
#5564 = CARTESIAN_POINT('',(0.900142887903,0.));
#5565 = VECTOR('',#5566,1.);
#5566 = DIRECTION('',(0.,-1.));
#5567 = ( GEOMETRIC_REPRESENTATION_CONTEXT(2) 
PARAMETRIC_REPRESENTATION_CONTEXT() REPRESENTATION_CONTEXT('2D SPACE',''
  ) );
#5568 = ORIENTED_EDGE('',*,*,#4001,.T.);
#5569 = ORIENTED_EDGE('',*,*,#5497,.F.);
#5570 = ORIENTED_EDGE('',*,*,#5571,.F.);
#5571 = EDGE_CURVE('',#5547,#5498,#5572,.T.);
#5572 = SURFACE_CURVE('',#5573,(#5577,#5584),.PCURVE_S1.);
#5573 = LINE('',#5574,#5575);
#5574 = CARTESIAN_POINT('',(94.730668453943,401.,320.75487135526));
#5575 = VECTOR('',#5576,1.);
#5576 = DIRECTION('',(0.684410595092,0.,0.72909679558));
#5577 = PCURVE('',#4017,#5578);
#5578 = DEFINITIONAL_REPRESENTATION('',(#5579),#5583);
#5579 = LINE('',#5580,#5581);
#5580 = CARTESIAN_POINT('',(0.,0.));
#5581 = VECTOR('',#5582,1.);
#5582 = DIRECTION('',(1.,0.));
#5583 = ( GEOMETRIC_REPRESENTATION_CONTEXT(2) 
PARAMETRIC_REPRESENTATION_CONTEXT() REPRESENTATION_CONTEXT('2D SPACE',''
  ) );
#5584 = PCURVE('',#126,#5585);
#5585 = DEFINITIONAL_REPRESENTATION('',(#5586),#5590);
#5586 = LINE('',#5587,#5588);
#5587 = CARTESIAN_POINT('',(14.445128644736,14.730668453943));
#5588 = VECTOR('',#5589,1.);
#5589 = DIRECTION('',(-0.72909679558,0.684410595092));
#5590 = ( GEOMETRIC_REPRESENTATION_CONTEXT(2) 
PARAMETRIC_REPRESENTATION_CONTEXT() REPRESENTATION_CONTEXT('2D SPACE',''
  ) );
#5591 = ADVANCED_FACE('',(#5592),#3989,.T.);
#5592 = FACE_BOUND('',#5593,.T.);
#5593 = EDGE_LOOP('',(#5594,#5617,#5618,#5619));
#5594 = ORIENTED_EDGE('',*,*,#5595,.T.);
#5595 = EDGE_CURVE('',#5596,#3946,#5598,.T.);
#5596 = VERTEX_POINT('',#5597);
#5597 = CARTESIAN_POINT('',(94.086560459727,401.,320.12607718351));
#5598 = SURFACE_CURVE('',#5599,(#5603,#5610),.PCURVE_S1.);
#5599 = LINE('',#5600,#5601);
#5600 = CARTESIAN_POINT('',(94.086560459727,401.,320.12607718351));
#5601 = VECTOR('',#5602,1.);
#5602 = DIRECTION('',(0.,1.,0.));
#5603 = PCURVE('',#3989,#5604);
#5604 = DEFINITIONAL_REPRESENTATION('',(#5605),#5609);
#5605 = LINE('',#5606,#5607);
#5606 = CARTESIAN_POINT('',(0.,0.));
#5607 = VECTOR('',#5608,1.);
#5608 = DIRECTION('',(0.,-1.));
#5609 = ( GEOMETRIC_REPRESENTATION_CONTEXT(2) 
PARAMETRIC_REPRESENTATION_CONTEXT() REPRESENTATION_CONTEXT('2D SPACE',''
  ) );
#5610 = PCURVE('',#3961,#5611);
#5611 = DEFINITIONAL_REPRESENTATION('',(#5612),#5616);
#5612 = LINE('',#5613,#5614);
#5613 = CARTESIAN_POINT('',(1.569764844889,0.));
#5614 = VECTOR('',#5615,1.);
#5615 = DIRECTION('',(0.,-1.));
#5616 = ( GEOMETRIC_REPRESENTATION_CONTEXT(2) 
PARAMETRIC_REPRESENTATION_CONTEXT() REPRESENTATION_CONTEXT('2D SPACE',''
  ) );
#5617 = ORIENTED_EDGE('',*,*,#3973,.T.);
#5618 = ORIENTED_EDGE('',*,*,#5546,.F.);
#5619 = ORIENTED_EDGE('',*,*,#5620,.F.);
#5620 = EDGE_CURVE('',#5596,#5547,#5621,.T.);
#5621 = SURFACE_CURVE('',#5622,(#5626,#5633),.PCURVE_S1.);
#5622 = LINE('',#5623,#5624);
#5623 = CARTESIAN_POINT('',(94.086560459727,401.,320.12607718351));
#5624 = VECTOR('',#5625,1.);
#5625 = DIRECTION('',(0.715561943412,0.,0.698549286121));
#5626 = PCURVE('',#3989,#5627);
#5627 = DEFINITIONAL_REPRESENTATION('',(#5628),#5632);
#5628 = LINE('',#5629,#5630);
#5629 = CARTESIAN_POINT('',(0.,0.));
#5630 = VECTOR('',#5631,1.);
#5631 = DIRECTION('',(1.,0.));
#5632 = ( GEOMETRIC_REPRESENTATION_CONTEXT(2) 
PARAMETRIC_REPRESENTATION_CONTEXT() REPRESENTATION_CONTEXT('2D SPACE',''
  ) );
#5633 = PCURVE('',#126,#5634);
#5634 = DEFINITIONAL_REPRESENTATION('',(#5635),#5639);
#5635 = LINE('',#5636,#5637);
#5636 = CARTESIAN_POINT('',(15.073922816488,14.086560459727));
#5637 = VECTOR('',#5638,1.);
#5638 = DIRECTION('',(-0.698549286121,0.715561943412));
#5639 = ( GEOMETRIC_REPRESENTATION_CONTEXT(2) 
PARAMETRIC_REPRESENTATION_CONTEXT() REPRESENTATION_CONTEXT('2D SPACE',''
  ) );
#5640 = ADVANCED_FACE('',(#5641),#3961,.T.);
#5641 = FACE_BOUND('',#5642,.T.);
#5642 = EDGE_LOOP('',(#5643,#5666,#5667,#5668));
#5643 = ORIENTED_EDGE('',*,*,#5644,.T.);
#5644 = EDGE_CURVE('',#5645,#3918,#5647,.T.);
#5645 = VERTEX_POINT('',#5646);
#5646 = CARTESIAN_POINT('',(92.531393137274,401.,320.33965683475));
#5647 = SURFACE_CURVE('',#5648,(#5652,#5659),.PCURVE_S1.);
#5648 = LINE('',#5649,#5650);
#5649 = CARTESIAN_POINT('',(92.531393137274,401.,320.33965683475));
#5650 = VECTOR('',#5651,1.);
#5651 = DIRECTION('',(0.,1.,0.));
#5652 = PCURVE('',#3961,#5653);
#5653 = DEFINITIONAL_REPRESENTATION('',(#5654),#5658);
#5654 = LINE('',#5655,#5656);
#5655 = CARTESIAN_POINT('',(0.,0.));
#5656 = VECTOR('',#5657,1.);
#5657 = DIRECTION('',(0.,-1.));
#5658 = ( GEOMETRIC_REPRESENTATION_CONTEXT(2) 
PARAMETRIC_REPRESENTATION_CONTEXT() REPRESENTATION_CONTEXT('2D SPACE',''
  ) );
#5659 = PCURVE('',#3933,#5660);
#5660 = DEFINITIONAL_REPRESENTATION('',(#5661),#5665);
#5661 = LINE('',#5662,#5663);
#5662 = CARTESIAN_POINT('',(1.200610506126,0.));
#5663 = VECTOR('',#5664,1.);
#5664 = DIRECTION('',(0.,-1.));
#5665 = ( GEOMETRIC_REPRESENTATION_CONTEXT(2) 
PARAMETRIC_REPRESENTATION_CONTEXT() REPRESENTATION_CONTEXT('2D SPACE',''
  ) );
#5666 = ORIENTED_EDGE('',*,*,#3945,.T.);
#5667 = ORIENTED_EDGE('',*,*,#5595,.F.);
#5668 = ORIENTED_EDGE('',*,*,#5669,.F.);
#5669 = EDGE_CURVE('',#5645,#5596,#5670,.T.);
#5670 = SURFACE_CURVE('',#5671,(#5675,#5682),.PCURVE_S1.);
#5671 = LINE('',#5672,#5673);
#5672 = CARTESIAN_POINT('',(92.531393137274,401.,320.33965683475));
#5673 = VECTOR('',#5674,1.);
#5674 = DIRECTION('',(0.990700822175,0.,-0.136058373289));
#5675 = PCURVE('',#3961,#5676);
#5676 = DEFINITIONAL_REPRESENTATION('',(#5677),#5681);
#5677 = LINE('',#5678,#5679);
#5678 = CARTESIAN_POINT('',(0.,0.));
#5679 = VECTOR('',#5680,1.);
#5680 = DIRECTION('',(1.,0.));
#5681 = ( GEOMETRIC_REPRESENTATION_CONTEXT(2) 
PARAMETRIC_REPRESENTATION_CONTEXT() REPRESENTATION_CONTEXT('2D SPACE',''
  ) );
#5682 = PCURVE('',#126,#5683);
#5683 = DEFINITIONAL_REPRESENTATION('',(#5684),#5688);
#5684 = LINE('',#5685,#5686);
#5685 = CARTESIAN_POINT('',(14.860343165246,12.531393137274));
#5686 = VECTOR('',#5687,1.);
#5687 = DIRECTION('',(0.136058373289,0.990700822175));
#5688 = ( GEOMETRIC_REPRESENTATION_CONTEXT(2) 
PARAMETRIC_REPRESENTATION_CONTEXT() REPRESENTATION_CONTEXT('2D SPACE',''
  ) );
#5689 = ADVANCED_FACE('',(#5690),#3933,.T.);
#5690 = FACE_BOUND('',#5691,.T.);
#5691 = EDGE_LOOP('',(#5692,#5715,#5716,#5717));
#5692 = ORIENTED_EDGE('',*,*,#5693,.T.);
#5693 = EDGE_CURVE('',#5694,#3890,#5696,.T.);
#5694 = VERTEX_POINT('',#5695);
#5695 = CARTESIAN_POINT('',(91.659857136131,401.,321.16542350042));
#5696 = SURFACE_CURVE('',#5697,(#5701,#5708),.PCURVE_S1.);
#5697 = LINE('',#5698,#5699);
#5698 = CARTESIAN_POINT('',(91.659857136131,401.,321.16542350042));
#5699 = VECTOR('',#5700,1.);
#5700 = DIRECTION('',(0.,1.,0.));
#5701 = PCURVE('',#3933,#5702);
#5702 = DEFINITIONAL_REPRESENTATION('',(#5703),#5707);
#5703 = LINE('',#5704,#5705);
#5704 = CARTESIAN_POINT('',(0.,0.));
#5705 = VECTOR('',#5706,1.);
#5706 = DIRECTION('',(0.,-1.));
#5707 = ( GEOMETRIC_REPRESENTATION_CONTEXT(2) 
PARAMETRIC_REPRESENTATION_CONTEXT() REPRESENTATION_CONTEXT('2D SPACE',''
  ) );
#5708 = PCURVE('',#3905,#5709);
#5709 = DEFINITIONAL_REPRESENTATION('',(#5710),#5714);
#5710 = LINE('',#5711,#5712);
#5711 = CARTESIAN_POINT('',(1.199633649912,0.));
#5712 = VECTOR('',#5713,1.);
#5713 = DIRECTION('',(0.,-1.));
#5714 = ( GEOMETRIC_REPRESENTATION_CONTEXT(2) 
PARAMETRIC_REPRESENTATION_CONTEXT() REPRESENTATION_CONTEXT('2D SPACE',''
  ) );
#5715 = ORIENTED_EDGE('',*,*,#3917,.T.);
#5716 = ORIENTED_EDGE('',*,*,#5644,.F.);
#5717 = ORIENTED_EDGE('',*,*,#5718,.F.);
#5718 = EDGE_CURVE('',#5694,#5645,#5719,.T.);
#5719 = SURFACE_CURVE('',#5720,(#5724,#5731),.PCURVE_S1.);
#5720 = LINE('',#5721,#5722);
#5721 = CARTESIAN_POINT('',(91.659857136131,401.,321.16542350042));
#5722 = VECTOR('',#5723,1.);
#5723 = DIRECTION('',(0.725910690183,0.,-0.687788971908));
#5724 = PCURVE('',#3933,#5725);
#5725 = DEFINITIONAL_REPRESENTATION('',(#5726),#5730);
#5726 = LINE('',#5727,#5728);
#5727 = CARTESIAN_POINT('',(0.,0.));
#5728 = VECTOR('',#5729,1.);
#5729 = DIRECTION('',(1.,0.));
#5730 = ( GEOMETRIC_REPRESENTATION_CONTEXT(2) 
PARAMETRIC_REPRESENTATION_CONTEXT() REPRESENTATION_CONTEXT('2D SPACE',''
  ) );
#5731 = PCURVE('',#126,#5732);
#5732 = DEFINITIONAL_REPRESENTATION('',(#5733),#5737);
#5733 = LINE('',#5734,#5735);
#5734 = CARTESIAN_POINT('',(14.034576499576,11.659857136131));
#5735 = VECTOR('',#5736,1.);
#5736 = DIRECTION('',(0.687788971908,0.725910690183));
#5737 = ( GEOMETRIC_REPRESENTATION_CONTEXT(2) 
PARAMETRIC_REPRESENTATION_CONTEXT() REPRESENTATION_CONTEXT('2D SPACE',''
  ) );
#5738 = ADVANCED_FACE('',(#5739),#3905,.T.);
#5739 = FACE_BOUND('',#5740,.T.);
#5740 = EDGE_LOOP('',(#5741,#5764,#5765,#5766));
#5741 = ORIENTED_EDGE('',*,*,#5742,.T.);
#5742 = EDGE_CURVE('',#5743,#3862,#5745,.T.);
#5743 = VERTEX_POINT('',#5744);
#5744 = CARTESIAN_POINT('',(90.801159326351,401.,322.00313405036));
#5745 = SURFACE_CURVE('',#5746,(#5750,#5757),.PCURVE_S1.);
#5746 = LINE('',#5747,#5748);
#5747 = CARTESIAN_POINT('',(90.801159326351,401.,322.00313405036));
#5748 = VECTOR('',#5749,1.);
#5749 = DIRECTION('',(0.,1.,0.));
#5750 = PCURVE('',#3905,#5751);
#5751 = DEFINITIONAL_REPRESENTATION('',(#5752),#5756);
#5752 = LINE('',#5753,#5754);
#5753 = CARTESIAN_POINT('',(0.,0.));
#5754 = VECTOR('',#5755,1.);
#5755 = DIRECTION('',(0.,-1.));
#5756 = ( GEOMETRIC_REPRESENTATION_CONTEXT(2) 
PARAMETRIC_REPRESENTATION_CONTEXT() REPRESENTATION_CONTEXT('2D SPACE',''
  ) );
#5757 = PCURVE('',#3877,#5758);
#5758 = DEFINITIONAL_REPRESENTATION('',(#5759),#5763);
#5759 = LINE('',#5760,#5761);
#5760 = CARTESIAN_POINT('',(1.198719924449,0.));
#5761 = VECTOR('',#5762,1.);
#5762 = DIRECTION('',(0.,-1.));
#5763 = ( GEOMETRIC_REPRESENTATION_CONTEXT(2) 
PARAMETRIC_REPRESENTATION_CONTEXT() REPRESENTATION_CONTEXT('2D SPACE',''
  ) );
#5764 = ORIENTED_EDGE('',*,*,#3889,.T.);
#5765 = ORIENTED_EDGE('',*,*,#5693,.F.);
#5766 = ORIENTED_EDGE('',*,*,#5767,.F.);
#5767 = EDGE_CURVE('',#5743,#5694,#5768,.T.);
#5768 = SURFACE_CURVE('',#5769,(#5773,#5780),.PCURVE_S1.);
#5769 = LINE('',#5770,#5771);
#5770 = CARTESIAN_POINT('',(90.801159326351,401.,322.00313405036));
#5771 = VECTOR('',#5772,1.);
#5772 = DIRECTION('',(0.715800035989,0.,-0.698305311793));
#5773 = PCURVE('',#3905,#5774);
#5774 = DEFINITIONAL_REPRESENTATION('',(#5775),#5779);
#5775 = LINE('',#5776,#5777);
#5776 = CARTESIAN_POINT('',(0.,0.));
#5777 = VECTOR('',#5778,1.);
#5778 = DIRECTION('',(1.,0.));
#5779 = ( GEOMETRIC_REPRESENTATION_CONTEXT(2) 
PARAMETRIC_REPRESENTATION_CONTEXT() REPRESENTATION_CONTEXT('2D SPACE',''
  ) );
#5780 = PCURVE('',#126,#5781);
#5781 = DEFINITIONAL_REPRESENTATION('',(#5782),#5786);
#5782 = LINE('',#5783,#5784);
#5783 = CARTESIAN_POINT('',(13.196865949636,10.801159326351));
#5784 = VECTOR('',#5785,1.);
#5785 = DIRECTION('',(0.698305311793,0.715800035989));
#5786 = ( GEOMETRIC_REPRESENTATION_CONTEXT(2) 
PARAMETRIC_REPRESENTATION_CONTEXT() REPRESENTATION_CONTEXT('2D SPACE',''
  ) );
#5787 = ADVANCED_FACE('',(#5788),#3877,.T.);
#5788 = FACE_BOUND('',#5789,.T.);
#5789 = EDGE_LOOP('',(#5790,#5813,#5814,#5815));
#5790 = ORIENTED_EDGE('',*,*,#5791,.T.);
#5791 = EDGE_CURVE('',#5792,#3834,#5794,.T.);
#5792 = VERTEX_POINT('',#5793);
#5793 = CARTESIAN_POINT('',(89.955427723529,401.,322.85264421113));
#5794 = SURFACE_CURVE('',#5795,(#5799,#5806),.PCURVE_S1.);
#5795 = LINE('',#5796,#5797);
#5796 = CARTESIAN_POINT('',(89.955427723529,401.,322.85264421113));
#5797 = VECTOR('',#5798,1.);
#5798 = DIRECTION('',(0.,1.,0.));
#5799 = PCURVE('',#3877,#5800);
#5800 = DEFINITIONAL_REPRESENTATION('',(#5801),#5805);
#5801 = LINE('',#5802,#5803);
#5802 = CARTESIAN_POINT('',(0.,0.));
#5803 = VECTOR('',#5804,1.);
#5804 = DIRECTION('',(0.,-1.));
#5805 = ( GEOMETRIC_REPRESENTATION_CONTEXT(2) 
PARAMETRIC_REPRESENTATION_CONTEXT() REPRESENTATION_CONTEXT('2D SPACE',''
  ) );
#5806 = PCURVE('',#3849,#5807);
#5807 = DEFINITIONAL_REPRESENTATION('',(#5808),#5812);
#5808 = LINE('',#5809,#5810);
#5809 = CARTESIAN_POINT('',(1.228592614404,0.));
#5810 = VECTOR('',#5811,1.);
#5811 = DIRECTION('',(0.,-1.));
#5812 = ( GEOMETRIC_REPRESENTATION_CONTEXT(2) 
PARAMETRIC_REPRESENTATION_CONTEXT() REPRESENTATION_CONTEXT('2D SPACE',''
  ) );
#5813 = ORIENTED_EDGE('',*,*,#3861,.T.);
#5814 = ORIENTED_EDGE('',*,*,#5742,.F.);
#5815 = ORIENTED_EDGE('',*,*,#5816,.F.);
#5816 = EDGE_CURVE('',#5792,#5743,#5817,.T.);
#5817 = SURFACE_CURVE('',#5818,(#5822,#5829),.PCURVE_S1.);
#5818 = LINE('',#5819,#5820);
#5819 = CARTESIAN_POINT('',(89.955427723529,401.,322.85264421113));
#5820 = VECTOR('',#5821,1.);
#5821 = DIRECTION('',(0.705528944312,0.,-0.708681105109));
#5822 = PCURVE('',#3877,#5823);
#5823 = DEFINITIONAL_REPRESENTATION('',(#5824),#5828);
#5824 = LINE('',#5825,#5826);
#5825 = CARTESIAN_POINT('',(0.,0.));
#5826 = VECTOR('',#5827,1.);
#5827 = DIRECTION('',(1.,0.));
#5828 = ( GEOMETRIC_REPRESENTATION_CONTEXT(2) 
PARAMETRIC_REPRESENTATION_CONTEXT() REPRESENTATION_CONTEXT('2D SPACE',''
  ) );
#5829 = PCURVE('',#126,#5830);
#5830 = DEFINITIONAL_REPRESENTATION('',(#5831),#5835);
#5831 = LINE('',#5832,#5833);
#5832 = CARTESIAN_POINT('',(12.347355788862,9.955427723529));
#5833 = VECTOR('',#5834,1.);
#5834 = DIRECTION('',(0.708681105109,0.705528944312));
#5835 = ( GEOMETRIC_REPRESENTATION_CONTEXT(2) 
PARAMETRIC_REPRESENTATION_CONTEXT() REPRESENTATION_CONTEXT('2D SPACE',''
  ) );
#5836 = ADVANCED_FACE('',(#5837),#3849,.T.);
#5837 = FACE_BOUND('',#5838,.T.);
#5838 = EDGE_LOOP('',(#5839,#5862,#5863,#5864));
#5839 = ORIENTED_EDGE('',*,*,#5840,.T.);
#5840 = EDGE_CURVE('',#5841,#3806,#5843,.T.);
#5841 = VERTEX_POINT('',#5842);
#5842 = CARTESIAN_POINT('',(88.969845742061,401.,322.11911304617));
#5843 = SURFACE_CURVE('',#5844,(#5848,#5855),.PCURVE_S1.);
#5844 = LINE('',#5845,#5846);
#5845 = CARTESIAN_POINT('',(88.969845742061,401.,322.11911304617));
#5846 = VECTOR('',#5847,1.);
#5847 = DIRECTION('',(0.,1.,0.));
#5848 = PCURVE('',#3849,#5849);
#5849 = DEFINITIONAL_REPRESENTATION('',(#5850),#5854);
#5850 = LINE('',#5851,#5852);
#5851 = CARTESIAN_POINT('',(0.,0.));
#5852 = VECTOR('',#5853,1.);
#5853 = DIRECTION('',(0.,-1.));
#5854 = ( GEOMETRIC_REPRESENTATION_CONTEXT(2) 
PARAMETRIC_REPRESENTATION_CONTEXT() REPRESENTATION_CONTEXT('2D SPACE',''
  ) );
#5855 = PCURVE('',#3821,#5856);
#5856 = DEFINITIONAL_REPRESENTATION('',(#5857),#5861);
#5857 = LINE('',#5858,#5859);
#5858 = CARTESIAN_POINT('',(1.228592614404,0.));
#5859 = VECTOR('',#5860,1.);
#5860 = DIRECTION('',(0.,-1.));
#5861 = ( GEOMETRIC_REPRESENTATION_CONTEXT(2) 
PARAMETRIC_REPRESENTATION_CONTEXT() REPRESENTATION_CONTEXT('2D SPACE',''
  ) );
#5862 = ORIENTED_EDGE('',*,*,#3833,.T.);
#5863 = ORIENTED_EDGE('',*,*,#5791,.F.);
#5864 = ORIENTED_EDGE('',*,*,#5865,.F.);
#5865 = EDGE_CURVE('',#5841,#5792,#5866,.T.);
#5866 = SURFACE_CURVE('',#5867,(#5871,#5878),.PCURVE_S1.);
#5867 = LINE('',#5868,#5869);
#5868 = CARTESIAN_POINT('',(88.969845742061,401.,322.11911304617));
#5869 = VECTOR('',#5870,1.);
#5870 = DIRECTION('',(0.802204058459,0.,0.597049954854));
#5871 = PCURVE('',#3849,#5872);
#5872 = DEFINITIONAL_REPRESENTATION('',(#5873),#5877);
#5873 = LINE('',#5874,#5875);
#5874 = CARTESIAN_POINT('',(0.,0.));
#5875 = VECTOR('',#5876,1.);
#5876 = DIRECTION('',(1.,0.));
#5877 = ( GEOMETRIC_REPRESENTATION_CONTEXT(2) 
PARAMETRIC_REPRESENTATION_CONTEXT() REPRESENTATION_CONTEXT('2D SPACE',''
  ) );
#5878 = PCURVE('',#126,#5879);
#5879 = DEFINITIONAL_REPRESENTATION('',(#5880),#5884);
#5880 = LINE('',#5881,#5882);
#5881 = CARTESIAN_POINT('',(13.080886953826,8.969845742061));
#5882 = VECTOR('',#5883,1.);
#5883 = DIRECTION('',(-0.597049954854,0.802204058459));
#5884 = ( GEOMETRIC_REPRESENTATION_CONTEXT(2) 
PARAMETRIC_REPRESENTATION_CONTEXT() REPRESENTATION_CONTEXT('2D SPACE',''
  ) );
#5885 = ADVANCED_FACE('',(#5886),#3821,.T.);
#5886 = FACE_BOUND('',#5887,.T.);
#5887 = EDGE_LOOP('',(#5888,#5911,#5912,#5913));
#5888 = ORIENTED_EDGE('',*,*,#5889,.T.);
#5889 = EDGE_CURVE('',#5890,#3778,#5892,.T.);
#5890 = VERTEX_POINT('',#5891);
#5891 = CARTESIAN_POINT('',(87.930443495403,401.,321.4640689394));
#5892 = SURFACE_CURVE('',#5893,(#5897,#5904),.PCURVE_S1.);
#5893 = LINE('',#5894,#5895);
#5894 = CARTESIAN_POINT('',(87.930443495403,401.,321.4640689394));
#5895 = VECTOR('',#5896,1.);
#5896 = DIRECTION('',(0.,1.,0.));
#5897 = PCURVE('',#3821,#5898);
#5898 = DEFINITIONAL_REPRESENTATION('',(#5899),#5903);
#5899 = LINE('',#5900,#5901);
#5900 = CARTESIAN_POINT('',(0.,0.));
#5901 = VECTOR('',#5902,1.);
#5902 = DIRECTION('',(0.,-1.));
#5903 = ( GEOMETRIC_REPRESENTATION_CONTEXT(2) 
PARAMETRIC_REPRESENTATION_CONTEXT() REPRESENTATION_CONTEXT('2D SPACE',''
  ) );
#5904 = PCURVE('',#3793,#5905);
#5905 = DEFINITIONAL_REPRESENTATION('',(#5906),#5910);
#5906 = LINE('',#5907,#5908);
#5907 = CARTESIAN_POINT('',(1.228592614404,0.));
#5908 = VECTOR('',#5909,1.);
#5909 = DIRECTION('',(0.,-1.));
#5910 = ( GEOMETRIC_REPRESENTATION_CONTEXT(2) 
PARAMETRIC_REPRESENTATION_CONTEXT() REPRESENTATION_CONTEXT('2D SPACE',''
  ) );
#5911 = ORIENTED_EDGE('',*,*,#3805,.T.);
#5912 = ORIENTED_EDGE('',*,*,#5840,.F.);
#5913 = ORIENTED_EDGE('',*,*,#5914,.F.);
#5914 = EDGE_CURVE('',#5890,#5841,#5915,.T.);
#5915 = SURFACE_CURVE('',#5916,(#5920,#5927),.PCURVE_S1.);
#5916 = LINE('',#5917,#5918);
#5917 = CARTESIAN_POINT('',(87.930443495403,401.,321.4640689394));
#5918 = VECTOR('',#5919,1.);
#5919 = DIRECTION('',(0.846010495645,0.,0.533166241671));
#5920 = PCURVE('',#3821,#5921);
#5921 = DEFINITIONAL_REPRESENTATION('',(#5922),#5926);
#5922 = LINE('',#5923,#5924);
#5923 = CARTESIAN_POINT('',(0.,0.));
#5924 = VECTOR('',#5925,1.);
#5925 = DIRECTION('',(1.,0.));
#5926 = ( GEOMETRIC_REPRESENTATION_CONTEXT(2) 
PARAMETRIC_REPRESENTATION_CONTEXT() REPRESENTATION_CONTEXT('2D SPACE',''
  ) );
#5927 = PCURVE('',#126,#5928);
#5928 = DEFINITIONAL_REPRESENTATION('',(#5929),#5933);
#5929 = LINE('',#5930,#5931);
#5930 = CARTESIAN_POINT('',(13.735931060593,7.930443495403));
#5931 = VECTOR('',#5932,1.);
#5932 = DIRECTION('',(-0.533166241671,0.846010495645));
#5933 = ( GEOMETRIC_REPRESENTATION_CONTEXT(2) 
PARAMETRIC_REPRESENTATION_CONTEXT() REPRESENTATION_CONTEXT('2D SPACE',''
  ) );
#5934 = ADVANCED_FACE('',(#5935),#3793,.T.);
#5935 = FACE_BOUND('',#5936,.T.);
#5936 = EDGE_LOOP('',(#5937,#5960,#5961,#5962));
#5937 = ORIENTED_EDGE('',*,*,#5938,.T.);
#5938 = EDGE_CURVE('',#5939,#3750,#5941,.T.);
#5939 = VERTEX_POINT('',#5940);
#5940 = CARTESIAN_POINT('',(86.843457535015,401.,320.89144224243));
#5941 = SURFACE_CURVE('',#5942,(#5946,#5953),.PCURVE_S1.);
#5942 = LINE('',#5943,#5944);
#5943 = CARTESIAN_POINT('',(86.843457535015,401.,320.89144224243));
#5944 = VECTOR('',#5945,1.);
#5945 = DIRECTION('',(0.,1.,0.));
#5946 = PCURVE('',#3793,#5947);
#5947 = DEFINITIONAL_REPRESENTATION('',(#5948),#5952);
#5948 = LINE('',#5949,#5950);
#5949 = CARTESIAN_POINT('',(0.,0.));
#5950 = VECTOR('',#5951,1.);
#5951 = DIRECTION('',(0.,-1.));
#5952 = ( GEOMETRIC_REPRESENTATION_CONTEXT(2) 
PARAMETRIC_REPRESENTATION_CONTEXT() REPRESENTATION_CONTEXT('2D SPACE',''
  ) );
#5953 = PCURVE('',#3765,#5954);
#5954 = DEFINITIONAL_REPRESENTATION('',(#5955),#5959);
#5955 = LINE('',#5956,#5957);
#5956 = CARTESIAN_POINT('',(1.228592614404,0.));
#5957 = VECTOR('',#5958,1.);
#5958 = DIRECTION('',(0.,-1.));
#5959 = ( GEOMETRIC_REPRESENTATION_CONTEXT(2) 
PARAMETRIC_REPRESENTATION_CONTEXT() REPRESENTATION_CONTEXT('2D SPACE',''
  ) );
#5960 = ORIENTED_EDGE('',*,*,#3777,.T.);
#5961 = ORIENTED_EDGE('',*,*,#5889,.F.);
#5962 = ORIENTED_EDGE('',*,*,#5963,.F.);
#5963 = EDGE_CURVE('',#5939,#5890,#5964,.T.);
#5964 = SURFACE_CURVE('',#5965,(#5969,#5976),.PCURVE_S1.);
#5965 = LINE('',#5966,#5967);
#5966 = CARTESIAN_POINT('',(86.843457535015,401.,320.89144224243));
#5967 = VECTOR('',#5968,1.);
#5968 = DIRECTION('',(0.88474075755,0.,0.466083460261));
#5969 = PCURVE('',#3793,#5970);
#5970 = DEFINITIONAL_REPRESENTATION('',(#5971),#5975);
#5971 = LINE('',#5972,#5973);
#5972 = CARTESIAN_POINT('',(0.,0.));
#5973 = VECTOR('',#5974,1.);
#5974 = DIRECTION('',(1.,0.));
#5975 = ( GEOMETRIC_REPRESENTATION_CONTEXT(2) 
PARAMETRIC_REPRESENTATION_CONTEXT() REPRESENTATION_CONTEXT('2D SPACE',''
  ) );
#5976 = PCURVE('',#126,#5977);
#5977 = DEFINITIONAL_REPRESENTATION('',(#5978),#5982);
#5978 = LINE('',#5979,#5980);
#5979 = CARTESIAN_POINT('',(14.308557757565,6.843457535015));
#5980 = VECTOR('',#5981,1.);
#5981 = DIRECTION('',(-0.466083460261,0.88474075755));
#5982 = ( GEOMETRIC_REPRESENTATION_CONTEXT(2) 
PARAMETRIC_REPRESENTATION_CONTEXT() REPRESENTATION_CONTEXT('2D SPACE',''
  ) );
#5983 = ADVANCED_FACE('',(#5984),#3765,.T.);
#5984 = FACE_BOUND('',#5985,.T.);
#5985 = EDGE_LOOP('',(#5986,#6009,#6010,#6011));
#5986 = ORIENTED_EDGE('',*,*,#5987,.T.);
#5987 = EDGE_CURVE('',#5988,#3722,#5990,.T.);
#5988 = VERTEX_POINT('',#5989);
#5989 = CARTESIAN_POINT('',(85.715409920955,401.,320.40466879145));
#5990 = SURFACE_CURVE('',#5991,(#5995,#6002),.PCURVE_S1.);
#5991 = LINE('',#5992,#5993);
#5992 = CARTESIAN_POINT('',(85.715409920955,401.,320.40466879145));
#5993 = VECTOR('',#5994,1.);
#5994 = DIRECTION('',(0.,1.,0.));
#5995 = PCURVE('',#3765,#5996);
#5996 = DEFINITIONAL_REPRESENTATION('',(#5997),#6001);
#5997 = LINE('',#5998,#5999);
#5998 = CARTESIAN_POINT('',(0.,0.));
#5999 = VECTOR('',#6000,1.);
#6000 = DIRECTION('',(0.,-1.));
#6001 = ( GEOMETRIC_REPRESENTATION_CONTEXT(2) 
PARAMETRIC_REPRESENTATION_CONTEXT() REPRESENTATION_CONTEXT('2D SPACE',''
  ) );
#6002 = PCURVE('',#3737,#6003);
#6003 = DEFINITIONAL_REPRESENTATION('',(#6004),#6008);
#6004 = LINE('',#6005,#6006);
#6005 = CARTESIAN_POINT('',(4.809631818338,0.));
#6006 = VECTOR('',#6007,1.);
#6007 = DIRECTION('',(0.,-1.));
#6008 = ( GEOMETRIC_REPRESENTATION_CONTEXT(2) 
PARAMETRIC_REPRESENTATION_CONTEXT() REPRESENTATION_CONTEXT('2D SPACE',''
  ) );
#6009 = ORIENTED_EDGE('',*,*,#3749,.T.);
#6010 = ORIENTED_EDGE('',*,*,#5938,.F.);
#6011 = ORIENTED_EDGE('',*,*,#6012,.F.);
#6012 = EDGE_CURVE('',#5988,#5939,#6013,.T.);
#6013 = SURFACE_CURVE('',#6014,(#6018,#6025),.PCURVE_S1.);
#6014 = LINE('',#6015,#6016);
#6015 = CARTESIAN_POINT('',(85.715409920955,401.,320.40466879145));
#6016 = VECTOR('',#6017,1.);
#6017 = DIRECTION('',(0.918162457462,0.,0.396204116217));
#6018 = PCURVE('',#3765,#6019);
#6019 = DEFINITIONAL_REPRESENTATION('',(#6020),#6024);
#6020 = LINE('',#6021,#6022);
#6021 = CARTESIAN_POINT('',(0.,0.));
#6022 = VECTOR('',#6023,1.);
#6023 = DIRECTION('',(1.,0.));
#6024 = ( GEOMETRIC_REPRESENTATION_CONTEXT(2) 
PARAMETRIC_REPRESENTATION_CONTEXT() REPRESENTATION_CONTEXT('2D SPACE',''
  ) );
#6025 = PCURVE('',#126,#6026);
#6026 = DEFINITIONAL_REPRESENTATION('',(#6027),#6031);
#6027 = LINE('',#6028,#6029);
#6028 = CARTESIAN_POINT('',(14.795331208547,5.715409920955));
#6029 = VECTOR('',#6030,1.);
#6030 = DIRECTION('',(-0.396204116217,0.918162457462));
#6031 = ( GEOMETRIC_REPRESENTATION_CONTEXT(2) 
PARAMETRIC_REPRESENTATION_CONTEXT() REPRESENTATION_CONTEXT('2D SPACE',''
  ) );
#6032 = ADVANCED_FACE('',(#6033),#3737,.T.);
#6033 = FACE_BOUND('',#6034,.T.);
#6034 = EDGE_LOOP('',(#6035,#6058,#6059,#6060));
#6035 = ORIENTED_EDGE('',*,*,#6036,.T.);
#6036 = EDGE_CURVE('',#6037,#3694,#6039,.T.);
#6037 = VERTEX_POINT('',#6038);
#6038 = CARTESIAN_POINT('',(88.081451674085,401.,316.21725853564));
#6039 = SURFACE_CURVE('',#6040,(#6044,#6051),.PCURVE_S1.);
#6040 = LINE('',#6041,#6042);
#6041 = CARTESIAN_POINT('',(88.081451674085,401.,316.21725853564));
#6042 = VECTOR('',#6043,1.);
#6043 = DIRECTION('',(0.,1.,0.));
#6044 = PCURVE('',#3737,#6045);
#6045 = DEFINITIONAL_REPRESENTATION('',(#6046),#6050);
#6046 = LINE('',#6047,#6048);
#6047 = CARTESIAN_POINT('',(0.,0.));
#6048 = VECTOR('',#6049,1.);
#6049 = DIRECTION('',(0.,-1.));
#6050 = ( GEOMETRIC_REPRESENTATION_CONTEXT(2) 
PARAMETRIC_REPRESENTATION_CONTEXT() REPRESENTATION_CONTEXT('2D SPACE',''
  ) );
#6051 = PCURVE('',#3709,#6052);
#6052 = DEFINITIONAL_REPRESENTATION('',(#6053),#6057);
#6053 = LINE('',#6054,#6055);
#6054 = CARTESIAN_POINT('',(0.900142887903,0.));
#6055 = VECTOR('',#6056,1.);
#6056 = DIRECTION('',(0.,-1.));
#6057 = ( GEOMETRIC_REPRESENTATION_CONTEXT(2) 
PARAMETRIC_REPRESENTATION_CONTEXT() REPRESENTATION_CONTEXT('2D SPACE',''
  ) );
#6058 = ORIENTED_EDGE('',*,*,#3721,.T.);
#6059 = ORIENTED_EDGE('',*,*,#5987,.F.);
#6060 = ORIENTED_EDGE('',*,*,#6061,.F.);
#6061 = EDGE_CURVE('',#6037,#5988,#6062,.T.);
#6062 = SURFACE_CURVE('',#6063,(#6067,#6074),.PCURVE_S1.);
#6063 = LINE('',#6064,#6065);
#6064 = CARTESIAN_POINT('',(88.081451674085,401.,316.21725853564));
#6065 = VECTOR('',#6066,1.);
#6066 = DIRECTION('',(-0.49193822781,0.,0.870630105165));
#6067 = PCURVE('',#3737,#6068);
#6068 = DEFINITIONAL_REPRESENTATION('',(#6069),#6073);
#6069 = LINE('',#6070,#6071);
#6070 = CARTESIAN_POINT('',(0.,0.));
#6071 = VECTOR('',#6072,1.);
#6072 = DIRECTION('',(1.,0.));
#6073 = ( GEOMETRIC_REPRESENTATION_CONTEXT(2) 
PARAMETRIC_REPRESENTATION_CONTEXT() REPRESENTATION_CONTEXT('2D SPACE',''
  ) );
#6074 = PCURVE('',#126,#6075);
#6075 = DEFINITIONAL_REPRESENTATION('',(#6076),#6080);
#6076 = LINE('',#6077,#6078);
#6077 = CARTESIAN_POINT('',(18.982741464351,8.081451674085));
#6078 = VECTOR('',#6079,1.);
#6079 = DIRECTION('',(-0.870630105165,-0.49193822781));
#6080 = ( GEOMETRIC_REPRESENTATION_CONTEXT(2) 
PARAMETRIC_REPRESENTATION_CONTEXT() REPRESENTATION_CONTEXT('2D SPACE',''
  ) );
#6081 = ADVANCED_FACE('',(#6082),#3709,.T.);
#6082 = FACE_BOUND('',#6083,.T.);
#6083 = EDGE_LOOP('',(#6084,#6107,#6108,#6109));
#6084 = ORIENTED_EDGE('',*,*,#6085,.T.);
#6085 = EDGE_CURVE('',#6086,#3666,#6088,.T.);
#6086 = VERTEX_POINT('',#6087);
#6087 = CARTESIAN_POINT('',(87.245744369604,401.,315.88281792824));
#6088 = SURFACE_CURVE('',#6089,(#6093,#6100),.PCURVE_S1.);
#6089 = LINE('',#6090,#6091);
#6090 = CARTESIAN_POINT('',(87.245744369604,401.,315.88281792824));
#6091 = VECTOR('',#6092,1.);
#6092 = DIRECTION('',(0.,1.,0.));
#6093 = PCURVE('',#3709,#6094);
#6094 = DEFINITIONAL_REPRESENTATION('',(#6095),#6099);
#6095 = LINE('',#6096,#6097);
#6096 = CARTESIAN_POINT('',(0.,0.));
#6097 = VECTOR('',#6098,1.);
#6098 = DIRECTION('',(0.,-1.));
#6099 = ( GEOMETRIC_REPRESENTATION_CONTEXT(2) 
PARAMETRIC_REPRESENTATION_CONTEXT() REPRESENTATION_CONTEXT('2D SPACE',''
  ) );
#6100 = PCURVE('',#3681,#6101);
#6101 = DEFINITIONAL_REPRESENTATION('',(#6102),#6106);
#6102 = LINE('',#6103,#6104);
#6103 = CARTESIAN_POINT('',(0.900142887903,0.));
#6104 = VECTOR('',#6105,1.);
#6105 = DIRECTION('',(0.,-1.));
#6106 = ( GEOMETRIC_REPRESENTATION_CONTEXT(2) 
PARAMETRIC_REPRESENTATION_CONTEXT() REPRESENTATION_CONTEXT('2D SPACE',''
  ) );
#6107 = ORIENTED_EDGE('',*,*,#3693,.T.);
#6108 = ORIENTED_EDGE('',*,*,#6036,.F.);
#6109 = ORIENTED_EDGE('',*,*,#6110,.F.);
#6110 = EDGE_CURVE('',#6086,#6037,#6111,.T.);
#6111 = SURFACE_CURVE('',#6112,(#6116,#6123),.PCURVE_S1.);
#6112 = LINE('',#6113,#6114);
#6113 = CARTESIAN_POINT('',(87.245744369604,401.,315.88281792824));
#6114 = VECTOR('',#6115,1.);
#6115 = DIRECTION('',(0.928416272251,0.,0.371541687323));
#6116 = PCURVE('',#3709,#6117);
#6117 = DEFINITIONAL_REPRESENTATION('',(#6118),#6122);
#6118 = LINE('',#6119,#6120);
#6119 = CARTESIAN_POINT('',(0.,0.));
#6120 = VECTOR('',#6121,1.);
#6121 = DIRECTION('',(1.,0.));
#6122 = ( GEOMETRIC_REPRESENTATION_CONTEXT(2) 
PARAMETRIC_REPRESENTATION_CONTEXT() REPRESENTATION_CONTEXT('2D SPACE',''
  ) );
#6123 = PCURVE('',#126,#6124);
#6124 = DEFINITIONAL_REPRESENTATION('',(#6125),#6129);
#6125 = LINE('',#6126,#6127);
#6126 = CARTESIAN_POINT('',(19.317182071755,7.245744369604));
#6127 = VECTOR('',#6128,1.);
#6128 = DIRECTION('',(-0.371541687323,0.928416272251));
#6129 = ( GEOMETRIC_REPRESENTATION_CONTEXT(2) 
PARAMETRIC_REPRESENTATION_CONTEXT() REPRESENTATION_CONTEXT('2D SPACE',''
  ) );
#6130 = ADVANCED_FACE('',(#6131),#3681,.T.);
#6131 = FACE_BOUND('',#6132,.T.);
#6132 = EDGE_LOOP('',(#6133,#6156,#6157,#6158));
#6133 = ORIENTED_EDGE('',*,*,#6134,.T.);
#6134 = EDGE_CURVE('',#6135,#3638,#6137,.T.);
#6135 = VERTEX_POINT('',#6136);
#6136 = CARTESIAN_POINT('',(86.396244378896,401.,315.58514867483));
#6137 = SURFACE_CURVE('',#6138,(#6142,#6149),.PCURVE_S1.);
#6138 = LINE('',#6139,#6140);
#6139 = CARTESIAN_POINT('',(86.396244378896,401.,315.58514867483));
#6140 = VECTOR('',#6141,1.);
#6141 = DIRECTION('',(0.,1.,0.));
#6142 = PCURVE('',#3681,#6143);
#6143 = DEFINITIONAL_REPRESENTATION('',(#6144),#6148);
#6144 = LINE('',#6145,#6146);
#6145 = CARTESIAN_POINT('',(0.,0.));
#6146 = VECTOR('',#6147,1.);
#6147 = DIRECTION('',(0.,-1.));
#6148 = ( GEOMETRIC_REPRESENTATION_CONTEXT(2) 
PARAMETRIC_REPRESENTATION_CONTEXT() REPRESENTATION_CONTEXT('2D SPACE',''
  ) );
#6149 = PCURVE('',#3653,#6150);
#6150 = DEFINITIONAL_REPRESENTATION('',(#6151),#6155);
#6151 = LINE('',#6152,#6153);
#6152 = CARTESIAN_POINT('',(0.900142887903,0.));
#6153 = VECTOR('',#6154,1.);
#6154 = DIRECTION('',(0.,-1.));
#6155 = ( GEOMETRIC_REPRESENTATION_CONTEXT(2) 
PARAMETRIC_REPRESENTATION_CONTEXT() REPRESENTATION_CONTEXT('2D SPACE',''
  ) );
#6156 = ORIENTED_EDGE('',*,*,#3665,.T.);
#6157 = ORIENTED_EDGE('',*,*,#6085,.F.);
#6158 = ORIENTED_EDGE('',*,*,#6159,.F.);
#6159 = EDGE_CURVE('',#6135,#6086,#6160,.T.);
#6160 = SURFACE_CURVE('',#6161,(#6165,#6172),.PCURVE_S1.);
#6161 = LINE('',#6162,#6163);
#6162 = CARTESIAN_POINT('',(86.396244378896,401.,315.58514867483));
#6163 = VECTOR('',#6164,1.);
#6164 = DIRECTION('',(0.943739046462,0.,0.330691112948));
#6165 = PCURVE('',#3681,#6166);
#6166 = DEFINITIONAL_REPRESENTATION('',(#6167),#6171);
#6167 = LINE('',#6168,#6169);
#6168 = CARTESIAN_POINT('',(0.,0.));
#6169 = VECTOR('',#6170,1.);
#6170 = DIRECTION('',(1.,0.));
#6171 = ( GEOMETRIC_REPRESENTATION_CONTEXT(2) 
PARAMETRIC_REPRESENTATION_CONTEXT() REPRESENTATION_CONTEXT('2D SPACE',''
  ) );
#6172 = PCURVE('',#126,#6173);
#6173 = DEFINITIONAL_REPRESENTATION('',(#6174),#6178);
#6174 = LINE('',#6175,#6176);
#6175 = CARTESIAN_POINT('',(19.614851325167,6.396244378896));
#6176 = VECTOR('',#6177,1.);
#6177 = DIRECTION('',(-0.330691112948,0.943739046462));
#6178 = ( GEOMETRIC_REPRESENTATION_CONTEXT(2) 
PARAMETRIC_REPRESENTATION_CONTEXT() REPRESENTATION_CONTEXT('2D SPACE',''
  ) );
#6179 = ADVANCED_FACE('',(#6180),#3653,.T.);
#6180 = FACE_BOUND('',#6181,.T.);
#6181 = EDGE_LOOP('',(#6182,#6205,#6206,#6207));
#6182 = ORIENTED_EDGE('',*,*,#6183,.T.);
#6183 = EDGE_CURVE('',#6184,#3610,#6186,.T.);
#6184 = VERTEX_POINT('',#6185);
#6185 = CARTESIAN_POINT('',(85.534568773473,401.,315.32481740575));
#6186 = SURFACE_CURVE('',#6187,(#6191,#6198),.PCURVE_S1.);
#6187 = LINE('',#6188,#6189);
#6188 = CARTESIAN_POINT('',(85.534568773473,401.,315.32481740575));
#6189 = VECTOR('',#6190,1.);
#6190 = DIRECTION('',(0.,1.,0.));
#6191 = PCURVE('',#3653,#6192);
#6192 = DEFINITIONAL_REPRESENTATION('',(#6193),#6197);
#6193 = LINE('',#6194,#6195);
#6194 = CARTESIAN_POINT('',(0.,0.));
#6195 = VECTOR('',#6196,1.);
#6196 = DIRECTION('',(0.,-1.));
#6197 = ( GEOMETRIC_REPRESENTATION_CONTEXT(2) 
PARAMETRIC_REPRESENTATION_CONTEXT() REPRESENTATION_CONTEXT('2D SPACE',''
  ) );
#6198 = PCURVE('',#3625,#6199);
#6199 = DEFINITIONAL_REPRESENTATION('',(#6200),#6204);
#6200 = LINE('',#6201,#6202);
#6201 = CARTESIAN_POINT('',(0.900142887903,0.));
#6202 = VECTOR('',#6203,1.);
#6203 = DIRECTION('',(0.,-1.));
#6204 = ( GEOMETRIC_REPRESENTATION_CONTEXT(2) 
PARAMETRIC_REPRESENTATION_CONTEXT() REPRESENTATION_CONTEXT('2D SPACE',''
  ) );
#6205 = ORIENTED_EDGE('',*,*,#3637,.T.);
#6206 = ORIENTED_EDGE('',*,*,#6134,.F.);
#6207 = ORIENTED_EDGE('',*,*,#6208,.F.);
#6208 = EDGE_CURVE('',#6184,#6135,#6209,.T.);
#6209 = SURFACE_CURVE('',#6210,(#6214,#6221),.PCURVE_S1.);
#6210 = LINE('',#6211,#6212);
#6211 = CARTESIAN_POINT('',(85.534568773473,401.,315.32481740575));
#6212 = VECTOR('',#6213,1.);
#6213 = DIRECTION('',(0.957265359759,0.,0.289211049244));
#6214 = PCURVE('',#3653,#6215);
#6215 = DEFINITIONAL_REPRESENTATION('',(#6216),#6220);
#6216 = LINE('',#6217,#6218);
#6217 = CARTESIAN_POINT('',(0.,0.));
#6218 = VECTOR('',#6219,1.);
#6219 = DIRECTION('',(1.,0.));
#6220 = ( GEOMETRIC_REPRESENTATION_CONTEXT(2) 
PARAMETRIC_REPRESENTATION_CONTEXT() REPRESENTATION_CONTEXT('2D SPACE',''
  ) );
#6221 = PCURVE('',#126,#6222);
#6222 = DEFINITIONAL_REPRESENTATION('',(#6223),#6227);
#6223 = LINE('',#6224,#6225);
#6224 = CARTESIAN_POINT('',(19.875182594247,5.534568773473));
#6225 = VECTOR('',#6226,1.);
#6226 = DIRECTION('',(-0.289211049244,0.957265359759));
#6227 = ( GEOMETRIC_REPRESENTATION_CONTEXT(2) 
PARAMETRIC_REPRESENTATION_CONTEXT() REPRESENTATION_CONTEXT('2D SPACE',''
  ) );
#6228 = ADVANCED_FACE('',(#6229),#3625,.T.);
#6229 = FACE_BOUND('',#6230,.T.);
#6230 = EDGE_LOOP('',(#6231,#6254,#6255,#6256));
#6231 = ORIENTED_EDGE('',*,*,#6232,.T.);
#6232 = EDGE_CURVE('',#6233,#3582,#6235,.T.);
#6233 = VERTEX_POINT('',#6234);
#6234 = CARTESIAN_POINT('',(84.662357801825,401.,315.10231967637));
#6235 = SURFACE_CURVE('',#6236,(#6240,#6247),.PCURVE_S1.);
#6236 = LINE('',#6237,#6238);
#6237 = CARTESIAN_POINT('',(84.662357801825,401.,315.10231967637));
#6238 = VECTOR('',#6239,1.);
#6239 = DIRECTION('',(0.,1.,0.));
#6240 = PCURVE('',#3625,#6241);
#6241 = DEFINITIONAL_REPRESENTATION('',(#6242),#6246);
#6242 = LINE('',#6243,#6244);
#6243 = CARTESIAN_POINT('',(0.,0.));
#6244 = VECTOR('',#6245,1.);
#6245 = DIRECTION('',(0.,-1.));
#6246 = ( GEOMETRIC_REPRESENTATION_CONTEXT(2) 
PARAMETRIC_REPRESENTATION_CONTEXT() REPRESENTATION_CONTEXT('2D SPACE',''
  ) );
#6247 = PCURVE('',#3597,#6248);
#6248 = DEFINITIONAL_REPRESENTATION('',(#6249),#6253);
#6249 = LINE('',#6250,#6251);
#6250 = CARTESIAN_POINT('',(1.569764844889,0.));
#6251 = VECTOR('',#6252,1.);
#6252 = DIRECTION('',(0.,-1.));
#6253 = ( GEOMETRIC_REPRESENTATION_CONTEXT(2) 
PARAMETRIC_REPRESENTATION_CONTEXT() REPRESENTATION_CONTEXT('2D SPACE',''
  ) );
#6254 = ORIENTED_EDGE('',*,*,#3609,.T.);
#6255 = ORIENTED_EDGE('',*,*,#6183,.F.);
#6256 = ORIENTED_EDGE('',*,*,#6257,.F.);
#6257 = EDGE_CURVE('',#6233,#6184,#6258,.T.);
#6258 = SURFACE_CURVE('',#6259,(#6263,#6270),.PCURVE_S1.);
#6259 = LINE('',#6260,#6261);
#6260 = CARTESIAN_POINT('',(84.662357801825,401.,315.10231967637));
#6261 = VECTOR('',#6262,1.);
#6262 = DIRECTION('',(0.968969464037,0.,0.24718045587));
#6263 = PCURVE('',#3625,#6264);
#6264 = DEFINITIONAL_REPRESENTATION('',(#6265),#6269);
#6265 = LINE('',#6266,#6267);
#6266 = CARTESIAN_POINT('',(0.,0.));
#6267 = VECTOR('',#6268,1.);
#6268 = DIRECTION('',(1.,0.));
#6269 = ( GEOMETRIC_REPRESENTATION_CONTEXT(2) 
PARAMETRIC_REPRESENTATION_CONTEXT() REPRESENTATION_CONTEXT('2D SPACE',''
  ) );
#6270 = PCURVE('',#126,#6271);
#6271 = DEFINITIONAL_REPRESENTATION('',(#6272),#6276);
#6272 = LINE('',#6273,#6274);
#6273 = CARTESIAN_POINT('',(20.097680323628,4.662357801825));
#6274 = VECTOR('',#6275,1.);
#6275 = DIRECTION('',(-0.24718045587,0.968969464037));
#6276 = ( GEOMETRIC_REPRESENTATION_CONTEXT(2) 
PARAMETRIC_REPRESENTATION_CONTEXT() REPRESENTATION_CONTEXT('2D SPACE',''
  ) );
#6277 = ADVANCED_FACE('',(#6278),#3597,.T.);
#6278 = FACE_BOUND('',#6279,.T.);
#6279 = EDGE_LOOP('',(#6280,#6303,#6304,#6305));
#6280 = ORIENTED_EDGE('',*,*,#6281,.T.);
#6281 = EDGE_CURVE('',#6282,#3554,#6284,.T.);
#6282 = VERTEX_POINT('',#6283);
#6283 = CARTESIAN_POINT('',(83.422333219066,401.,316.0648687413));
#6284 = SURFACE_CURVE('',#6285,(#6289,#6296),.PCURVE_S1.);
#6285 = LINE('',#6286,#6287);
#6286 = CARTESIAN_POINT('',(83.422333219066,401.,316.0648687413));
#6287 = VECTOR('',#6288,1.);
#6288 = DIRECTION('',(0.,1.,0.));
#6289 = PCURVE('',#3597,#6290);
#6290 = DEFINITIONAL_REPRESENTATION('',(#6291),#6295);
#6291 = LINE('',#6292,#6293);
#6292 = CARTESIAN_POINT('',(0.,0.));
#6293 = VECTOR('',#6294,1.);
#6294 = DIRECTION('',(0.,-1.));
#6295 = ( GEOMETRIC_REPRESENTATION_CONTEXT(2) 
PARAMETRIC_REPRESENTATION_CONTEXT() REPRESENTATION_CONTEXT('2D SPACE',''
  ) );
#6296 = PCURVE('',#3569,#6297);
#6297 = DEFINITIONAL_REPRESENTATION('',(#6298),#6302);
#6298 = LINE('',#6299,#6300);
#6299 = CARTESIAN_POINT('',(1.200610506126,0.));
#6300 = VECTOR('',#6301,1.);
#6301 = DIRECTION('',(0.,-1.));
#6302 = ( GEOMETRIC_REPRESENTATION_CONTEXT(2) 
PARAMETRIC_REPRESENTATION_CONTEXT() REPRESENTATION_CONTEXT('2D SPACE',''
  ) );
#6303 = ORIENTED_EDGE('',*,*,#3581,.T.);
#6304 = ORIENTED_EDGE('',*,*,#6232,.F.);
#6305 = ORIENTED_EDGE('',*,*,#6306,.F.);
#6306 = EDGE_CURVE('',#6282,#6233,#6307,.T.);
#6307 = SURFACE_CURVE('',#6308,(#6312,#6319),.PCURVE_S1.);
#6308 = LINE('',#6309,#6310);
#6309 = CARTESIAN_POINT('',(83.422333219066,401.,316.0648687413));
#6310 = VECTOR('',#6311,1.);
#6311 = DIRECTION('',(0.789942892909,0.,-0.613180418753));
#6312 = PCURVE('',#3597,#6313);
#6313 = DEFINITIONAL_REPRESENTATION('',(#6314),#6318);
#6314 = LINE('',#6315,#6316);
#6315 = CARTESIAN_POINT('',(0.,0.));
#6316 = VECTOR('',#6317,1.);
#6317 = DIRECTION('',(1.,0.));
#6318 = ( GEOMETRIC_REPRESENTATION_CONTEXT(2) 
PARAMETRIC_REPRESENTATION_CONTEXT() REPRESENTATION_CONTEXT('2D SPACE',''
  ) );
#6319 = PCURVE('',#126,#6320);
#6320 = DEFINITIONAL_REPRESENTATION('',(#6321),#6325);
#6321 = LINE('',#6322,#6323);
#6322 = CARTESIAN_POINT('',(19.135131258695,3.422333219066));
#6323 = VECTOR('',#6324,1.);
#6324 = DIRECTION('',(0.613180418753,0.789942892909));
#6325 = ( GEOMETRIC_REPRESENTATION_CONTEXT(2) 
PARAMETRIC_REPRESENTATION_CONTEXT() REPRESENTATION_CONTEXT('2D SPACE',''
  ) );
#6326 = ADVANCED_FACE('',(#6327),#3569,.T.);
#6327 = FACE_BOUND('',#6328,.T.);
#6328 = EDGE_LOOP('',(#6329,#6352,#6353,#6354));
#6329 = ORIENTED_EDGE('',*,*,#6330,.T.);
#6330 = EDGE_CURVE('',#6331,#3526,#6333,.T.);
#6331 = VERTEX_POINT('',#6332);
#6332 = CARTESIAN_POINT('',(83.080444234599,401.,317.21577165194));
#6333 = SURFACE_CURVE('',#6334,(#6338,#6345),.PCURVE_S1.);
#6334 = LINE('',#6335,#6336);
#6335 = CARTESIAN_POINT('',(83.080444234599,401.,317.21577165194));
#6336 = VECTOR('',#6337,1.);
#6337 = DIRECTION('',(0.,1.,0.));
#6338 = PCURVE('',#3569,#6339);
#6339 = DEFINITIONAL_REPRESENTATION('',(#6340),#6344);
#6340 = LINE('',#6341,#6342);
#6341 = CARTESIAN_POINT('',(0.,0.));
#6342 = VECTOR('',#6343,1.);
#6343 = DIRECTION('',(0.,-1.));
#6344 = ( GEOMETRIC_REPRESENTATION_CONTEXT(2) 
PARAMETRIC_REPRESENTATION_CONTEXT() REPRESENTATION_CONTEXT('2D SPACE',''
  ) );
#6345 = PCURVE('',#3541,#6346);
#6346 = DEFINITIONAL_REPRESENTATION('',(#6347),#6351);
#6347 = LINE('',#6348,#6349);
#6348 = CARTESIAN_POINT('',(1.199633649912,0.));
#6349 = VECTOR('',#6350,1.);
#6350 = DIRECTION('',(0.,-1.));
#6351 = ( GEOMETRIC_REPRESENTATION_CONTEXT(2) 
PARAMETRIC_REPRESENTATION_CONTEXT() REPRESENTATION_CONTEXT('2D SPACE',''
  ) );
#6352 = ORIENTED_EDGE('',*,*,#3553,.T.);
#6353 = ORIENTED_EDGE('',*,*,#6281,.F.);
#6354 = ORIENTED_EDGE('',*,*,#6355,.F.);
#6355 = EDGE_CURVE('',#6331,#6282,#6356,.T.);
#6356 = SURFACE_CURVE('',#6357,(#6361,#6368),.PCURVE_S1.);
#6357 = LINE('',#6358,#6359);
#6358 = CARTESIAN_POINT('',(83.080444234599,401.,317.21577165194));
#6359 = VECTOR('',#6360,1.);
#6360 = DIRECTION('',(0.284762612623,0.,-0.958598067206));
#6361 = PCURVE('',#3569,#6362);
#6362 = DEFINITIONAL_REPRESENTATION('',(#6363),#6367);
#6363 = LINE('',#6364,#6365);
#6364 = CARTESIAN_POINT('',(0.,0.));
#6365 = VECTOR('',#6366,1.);
#6366 = DIRECTION('',(1.,0.));
#6367 = ( GEOMETRIC_REPRESENTATION_CONTEXT(2) 
PARAMETRIC_REPRESENTATION_CONTEXT() REPRESENTATION_CONTEXT('2D SPACE',''
  ) );
#6368 = PCURVE('',#126,#6369);
#6369 = DEFINITIONAL_REPRESENTATION('',(#6370),#6374);
#6370 = LINE('',#6371,#6372);
#6371 = CARTESIAN_POINT('',(17.984228348054,3.080444234599));
#6372 = VECTOR('',#6373,1.);
#6373 = DIRECTION('',(0.958598067206,0.284762612623));
#6374 = ( GEOMETRIC_REPRESENTATION_CONTEXT(2) 
PARAMETRIC_REPRESENTATION_CONTEXT() REPRESENTATION_CONTEXT('2D SPACE',''
  ) );
#6375 = ADVANCED_FACE('',(#6376),#3541,.T.);
#6376 = FACE_BOUND('',#6377,.T.);
#6377 = EDGE_LOOP('',(#6378,#6401,#6402,#6403));
#6378 = ORIENTED_EDGE('',*,*,#6379,.T.);
#6379 = EDGE_CURVE('',#6380,#3498,#6382,.T.);
#6380 = VERTEX_POINT('',#6381);
#6381 = CARTESIAN_POINT('',(82.755645392125,401.,318.3705991741));
#6382 = SURFACE_CURVE('',#6383,(#6387,#6394),.PCURVE_S1.);
#6383 = LINE('',#6384,#6385);
#6384 = CARTESIAN_POINT('',(82.755645392125,401.,318.3705991741));
#6385 = VECTOR('',#6386,1.);
#6386 = DIRECTION('',(0.,1.,0.));
#6387 = PCURVE('',#3541,#6388);
#6388 = DEFINITIONAL_REPRESENTATION('',(#6389),#6393);
#6389 = LINE('',#6390,#6391);
#6390 = CARTESIAN_POINT('',(0.,0.));
#6391 = VECTOR('',#6392,1.);
#6392 = DIRECTION('',(0.,-1.));
#6393 = ( GEOMETRIC_REPRESENTATION_CONTEXT(2) 
PARAMETRIC_REPRESENTATION_CONTEXT() REPRESENTATION_CONTEXT('2D SPACE',''
  ) );
#6394 = PCURVE('',#3513,#6395);
#6395 = DEFINITIONAL_REPRESENTATION('',(#6396),#6400);
#6396 = LINE('',#6397,#6398);
#6397 = CARTESIAN_POINT('',(1.198719924449,0.));
#6398 = VECTOR('',#6399,1.);
#6399 = DIRECTION('',(0.,-1.));
#6400 = ( GEOMETRIC_REPRESENTATION_CONTEXT(2) 
PARAMETRIC_REPRESENTATION_CONTEXT() REPRESENTATION_CONTEXT('2D SPACE',''
  ) );
#6401 = ORIENTED_EDGE('',*,*,#3525,.T.);
#6402 = ORIENTED_EDGE('',*,*,#6330,.F.);
#6403 = ORIENTED_EDGE('',*,*,#6404,.F.);
#6404 = EDGE_CURVE('',#6380,#6331,#6405,.T.);
#6405 = SURFACE_CURVE('',#6406,(#6410,#6417),.PCURVE_S1.);
#6406 = LINE('',#6407,#6408);
#6407 = CARTESIAN_POINT('',(82.755645392125,401.,318.3705991741));
#6408 = VECTOR('',#6409,1.);
#6409 = DIRECTION('',(0.270748359299,0.,-0.962650157605));
#6410 = PCURVE('',#3541,#6411);
#6411 = DEFINITIONAL_REPRESENTATION('',(#6412),#6416);
#6412 = LINE('',#6413,#6414);
#6413 = CARTESIAN_POINT('',(0.,0.));
#6414 = VECTOR('',#6415,1.);
#6415 = DIRECTION('',(1.,0.));
#6416 = ( GEOMETRIC_REPRESENTATION_CONTEXT(2) 
PARAMETRIC_REPRESENTATION_CONTEXT() REPRESENTATION_CONTEXT('2D SPACE',''
  ) );
#6417 = PCURVE('',#126,#6418);
#6418 = DEFINITIONAL_REPRESENTATION('',(#6419),#6423);
#6419 = LINE('',#6420,#6421);
#6420 = CARTESIAN_POINT('',(16.829400825898,2.755645392125));
#6421 = VECTOR('',#6422,1.);
#6422 = DIRECTION('',(0.962650157605,0.270748359299));
#6423 = ( GEOMETRIC_REPRESENTATION_CONTEXT(2) 
PARAMETRIC_REPRESENTATION_CONTEXT() REPRESENTATION_CONTEXT('2D SPACE',''
  ) );
#6424 = ADVANCED_FACE('',(#6425),#3513,.T.);
#6425 = FACE_BOUND('',#6426,.T.);
#6426 = EDGE_LOOP('',(#6427,#6450,#6451,#6452));
#6427 = ORIENTED_EDGE('',*,*,#6428,.T.);
#6428 = EDGE_CURVE('',#6429,#3470,#6431,.T.);
#6429 = VERTEX_POINT('',#6430);
#6430 = CARTESIAN_POINT('',(82.447975419685,401.,319.52916235551));
#6431 = SURFACE_CURVE('',#6432,(#6436,#6443),.PCURVE_S1.);
#6432 = LINE('',#6433,#6434);
#6433 = CARTESIAN_POINT('',(82.447975419685,401.,319.52916235551));
#6434 = VECTOR('',#6435,1.);
#6435 = DIRECTION('',(0.,1.,0.));
#6436 = PCURVE('',#3513,#6437);
#6437 = DEFINITIONAL_REPRESENTATION('',(#6438),#6442);
#6438 = LINE('',#6439,#6440);
#6439 = CARTESIAN_POINT('',(0.,0.));
#6440 = VECTOR('',#6441,1.);
#6441 = DIRECTION('',(0.,-1.));
#6442 = ( GEOMETRIC_REPRESENTATION_CONTEXT(2) 
PARAMETRIC_REPRESENTATION_CONTEXT() REPRESENTATION_CONTEXT('2D SPACE',''
  ) );
#6443 = PCURVE('',#3485,#6444);
#6444 = DEFINITIONAL_REPRESENTATION('',(#6445),#6449);
#6445 = LINE('',#6446,#6447);
#6446 = CARTESIAN_POINT('',(1.228592614404,0.));
#6447 = VECTOR('',#6448,1.);
#6448 = DIRECTION('',(0.,-1.));
#6449 = ( GEOMETRIC_REPRESENTATION_CONTEXT(2) 
PARAMETRIC_REPRESENTATION_CONTEXT() REPRESENTATION_CONTEXT('2D SPACE',''
  ) );
#6450 = ORIENTED_EDGE('',*,*,#3497,.T.);
#6451 = ORIENTED_EDGE('',*,*,#6379,.F.);
#6452 = ORIENTED_EDGE('',*,*,#6453,.F.);
#6453 = EDGE_CURVE('',#6429,#6380,#6454,.T.);
#6454 = SURFACE_CURVE('',#6455,(#6459,#6466),.PCURVE_S1.);
#6455 = LINE('',#6456,#6457);
#6456 = CARTESIAN_POINT('',(82.447975419685,401.,319.52916235551));
#6457 = VECTOR('',#6458,1.);
#6458 = DIRECTION('',(0.256665436325,0.,-0.966500312362));
#6459 = PCURVE('',#3513,#6460);
#6460 = DEFINITIONAL_REPRESENTATION('',(#6461),#6465);
#6461 = LINE('',#6462,#6463);
#6462 = CARTESIAN_POINT('',(0.,0.));
#6463 = VECTOR('',#6464,1.);
#6464 = DIRECTION('',(1.,0.));
#6465 = ( GEOMETRIC_REPRESENTATION_CONTEXT(2) 
PARAMETRIC_REPRESENTATION_CONTEXT() REPRESENTATION_CONTEXT('2D SPACE',''
  ) );
#6466 = PCURVE('',#126,#6467);
#6467 = DEFINITIONAL_REPRESENTATION('',(#6468),#6472);
#6468 = LINE('',#6469,#6470);
#6469 = CARTESIAN_POINT('',(15.670837644484,2.447975419685));
#6470 = VECTOR('',#6471,1.);
#6471 = DIRECTION('',(0.966500312362,0.256665436325));
#6472 = ( GEOMETRIC_REPRESENTATION_CONTEXT(2) 
PARAMETRIC_REPRESENTATION_CONTEXT() REPRESENTATION_CONTEXT('2D SPACE',''
  ) );
#6473 = ADVANCED_FACE('',(#6474),#3485,.T.);
#6474 = FACE_BOUND('',#6475,.T.);
#6475 = EDGE_LOOP('',(#6476,#6499,#6500,#6501));
#6476 = ORIENTED_EDGE('',*,*,#6477,.T.);
#6477 = EDGE_CURVE('',#6478,#3442,#6480,.T.);
#6478 = VERTEX_POINT('',#6479);
#6479 = CARTESIAN_POINT('',(81.22767080374,401.,319.38669672292));
#6480 = SURFACE_CURVE('',#6481,(#6485,#6492),.PCURVE_S1.);
#6481 = LINE('',#6482,#6483);
#6482 = CARTESIAN_POINT('',(81.22767080374,401.,319.38669672292));
#6483 = VECTOR('',#6484,1.);
#6484 = DIRECTION('',(0.,1.,0.));
#6485 = PCURVE('',#3485,#6486);
#6486 = DEFINITIONAL_REPRESENTATION('',(#6487),#6491);
#6487 = LINE('',#6488,#6489);
#6488 = CARTESIAN_POINT('',(0.,0.));
#6489 = VECTOR('',#6490,1.);
#6490 = DIRECTION('',(0.,-1.));
#6491 = ( GEOMETRIC_REPRESENTATION_CONTEXT(2) 
PARAMETRIC_REPRESENTATION_CONTEXT() REPRESENTATION_CONTEXT('2D SPACE',''
  ) );
#6492 = PCURVE('',#3457,#6493);
#6493 = DEFINITIONAL_REPRESENTATION('',(#6494),#6498);
#6494 = LINE('',#6495,#6496);
#6495 = CARTESIAN_POINT('',(1.228592614404,0.));
#6496 = VECTOR('',#6497,1.);
#6497 = DIRECTION('',(0.,-1.));
#6498 = ( GEOMETRIC_REPRESENTATION_CONTEXT(2) 
PARAMETRIC_REPRESENTATION_CONTEXT() REPRESENTATION_CONTEXT('2D SPACE',''
  ) );
#6499 = ORIENTED_EDGE('',*,*,#3469,.T.);
#6500 = ORIENTED_EDGE('',*,*,#6428,.F.);
#6501 = ORIENTED_EDGE('',*,*,#6502,.F.);
#6502 = EDGE_CURVE('',#6478,#6429,#6503,.T.);
#6503 = SURFACE_CURVE('',#6504,(#6508,#6515),.PCURVE_S1.);
#6504 = LINE('',#6505,#6506);
#6505 = CARTESIAN_POINT('',(81.22767080374,401.,319.38669672292));
#6506 = VECTOR('',#6507,1.);
#6507 = DIRECTION('',(0.993254071072,0.,0.115958399003));
#6508 = PCURVE('',#3485,#6509);
#6509 = DEFINITIONAL_REPRESENTATION('',(#6510),#6514);
#6510 = LINE('',#6511,#6512);
#6511 = CARTESIAN_POINT('',(0.,0.));
#6512 = VECTOR('',#6513,1.);
#6513 = DIRECTION('',(1.,0.));
#6514 = ( GEOMETRIC_REPRESENTATION_CONTEXT(2) 
PARAMETRIC_REPRESENTATION_CONTEXT() REPRESENTATION_CONTEXT('2D SPACE',''
  ) );
#6515 = PCURVE('',#126,#6516);
#6516 = DEFINITIONAL_REPRESENTATION('',(#6517),#6521);
#6517 = LINE('',#6518,#6519);
#6518 = CARTESIAN_POINT('',(15.813303277076,1.22767080374));
#6519 = VECTOR('',#6520,1.);
#6520 = DIRECTION('',(-0.115958399003,0.993254071072));
#6521 = ( GEOMETRIC_REPRESENTATION_CONTEXT(2) 
PARAMETRIC_REPRESENTATION_CONTEXT() REPRESENTATION_CONTEXT('2D SPACE',''
  ) );
#6522 = ADVANCED_FACE('',(#6523),#3457,.T.);
#6523 = FACE_BOUND('',#6524,.T.);
#6524 = EDGE_LOOP('',(#6525,#6548,#6549,#6550));
#6525 = ORIENTED_EDGE('',*,*,#6526,.T.);
#6526 = EDGE_CURVE('',#6527,#3414,#6529,.T.);
#6527 = VERTEX_POINT('',#6528);
#6528 = CARTESIAN_POINT('',(80.,401.,319.33911300919));
#6529 = SURFACE_CURVE('',#6530,(#6534,#6541),.PCURVE_S1.);
#6530 = LINE('',#6531,#6532);
#6531 = CARTESIAN_POINT('',(80.,401.,319.33911300919));
#6532 = VECTOR('',#6533,1.);
#6533 = DIRECTION('',(0.,1.,0.));
#6534 = PCURVE('',#3457,#6535);
#6535 = DEFINITIONAL_REPRESENTATION('',(#6536),#6540);
#6536 = LINE('',#6537,#6538);
#6537 = CARTESIAN_POINT('',(0.,0.));
#6538 = VECTOR('',#6539,1.);
#6539 = DIRECTION('',(0.,-1.));
#6540 = ( GEOMETRIC_REPRESENTATION_CONTEXT(2) 
PARAMETRIC_REPRESENTATION_CONTEXT() REPRESENTATION_CONTEXT('2D SPACE',''
  ) );
#6541 = PCURVE('',#3429,#6542);
#6542 = DEFINITIONAL_REPRESENTATION('',(#6543),#6547);
#6543 = LINE('',#6544,#6545);
#6544 = CARTESIAN_POINT('',(1.228592614404,0.));
#6545 = VECTOR('',#6546,1.);
#6546 = DIRECTION('',(0.,-1.));
#6547 = ( GEOMETRIC_REPRESENTATION_CONTEXT(2) 
PARAMETRIC_REPRESENTATION_CONTEXT() REPRESENTATION_CONTEXT('2D SPACE',''
  ) );
#6548 = ORIENTED_EDGE('',*,*,#3441,.T.);
#6549 = ORIENTED_EDGE('',*,*,#6477,.F.);
#6550 = ORIENTED_EDGE('',*,*,#6551,.F.);
#6551 = EDGE_CURVE('',#6527,#6478,#6552,.T.);
#6552 = SURFACE_CURVE('',#6553,(#6557,#6564),.PCURVE_S1.);
#6553 = LINE('',#6554,#6555);
#6554 = CARTESIAN_POINT('',(80.,401.,319.33911300919));
#6555 = VECTOR('',#6556,1.);
#6556 = DIRECTION('',(0.999249701933,0.,3.873026190514E-02));
#6557 = PCURVE('',#3457,#6558);
#6558 = DEFINITIONAL_REPRESENTATION('',(#6559),#6563);
#6559 = LINE('',#6560,#6561);
#6560 = CARTESIAN_POINT('',(0.,0.));
#6561 = VECTOR('',#6562,1.);
#6562 = DIRECTION('',(1.,0.));
#6563 = ( GEOMETRIC_REPRESENTATION_CONTEXT(2) 
PARAMETRIC_REPRESENTATION_CONTEXT() REPRESENTATION_CONTEXT('2D SPACE',''
  ) );
#6564 = PCURVE('',#126,#6565);
#6565 = DEFINITIONAL_REPRESENTATION('',(#6566),#6570);
#6566 = LINE('',#6567,#6568);
#6567 = CARTESIAN_POINT('',(15.860886990807,0.));
#6568 = VECTOR('',#6569,1.);
#6569 = DIRECTION('',(-3.873026190514E-02,0.999249701933));
#6570 = ( GEOMETRIC_REPRESENTATION_CONTEXT(2) 
PARAMETRIC_REPRESENTATION_CONTEXT() REPRESENTATION_CONTEXT('2D SPACE',''
  ) );
#6571 = ADVANCED_FACE('',(#6572),#3429,.T.);
#6572 = FACE_BOUND('',#6573,.T.);
#6573 = EDGE_LOOP('',(#6574,#6597,#6598,#6599));
#6574 = ORIENTED_EDGE('',*,*,#6575,.T.);
#6575 = EDGE_CURVE('',#6576,#3386,#6578,.T.);
#6576 = VERTEX_POINT('',#6577);
#6577 = CARTESIAN_POINT('',(78.77232919626,401.,319.38669672292));
#6578 = SURFACE_CURVE('',#6579,(#6583,#6590),.PCURVE_S1.);
#6579 = LINE('',#6580,#6581);
#6580 = CARTESIAN_POINT('',(78.77232919626,401.,319.38669672292));
#6581 = VECTOR('',#6582,1.);
#6582 = DIRECTION('',(0.,1.,0.));
#6583 = PCURVE('',#3429,#6584);
#6584 = DEFINITIONAL_REPRESENTATION('',(#6585),#6589);
#6585 = LINE('',#6586,#6587);
#6586 = CARTESIAN_POINT('',(0.,0.));
#6587 = VECTOR('',#6588,1.);
#6588 = DIRECTION('',(0.,-1.));
#6589 = ( GEOMETRIC_REPRESENTATION_CONTEXT(2) 
PARAMETRIC_REPRESENTATION_CONTEXT() REPRESENTATION_CONTEXT('2D SPACE',''
  ) );
#6590 = PCURVE('',#3401,#6591);
#6591 = DEFINITIONAL_REPRESENTATION('',(#6592),#6596);
#6592 = LINE('',#6593,#6594);
#6593 = CARTESIAN_POINT('',(1.228592614404,0.));
#6594 = VECTOR('',#6595,1.);
#6595 = DIRECTION('',(0.,-1.));
#6596 = ( GEOMETRIC_REPRESENTATION_CONTEXT(2) 
PARAMETRIC_REPRESENTATION_CONTEXT() REPRESENTATION_CONTEXT('2D SPACE',''
  ) );
#6597 = ORIENTED_EDGE('',*,*,#3413,.T.);
#6598 = ORIENTED_EDGE('',*,*,#6526,.F.);
#6599 = ORIENTED_EDGE('',*,*,#6600,.F.);
#6600 = EDGE_CURVE('',#6576,#6527,#6601,.T.);
#6601 = SURFACE_CURVE('',#6602,(#6606,#6613),.PCURVE_S1.);
#6602 = LINE('',#6603,#6604);
#6603 = CARTESIAN_POINT('',(78.77232919626,401.,319.38669672292));
#6604 = VECTOR('',#6605,1.);
#6605 = DIRECTION('',(0.999249701933,0.,-3.873026190514E-02));
#6606 = PCURVE('',#3429,#6607);
#6607 = DEFINITIONAL_REPRESENTATION('',(#6608),#6612);
#6608 = LINE('',#6609,#6610);
#6609 = CARTESIAN_POINT('',(0.,0.));
#6610 = VECTOR('',#6611,1.);
#6611 = DIRECTION('',(1.,0.));
#6612 = ( GEOMETRIC_REPRESENTATION_CONTEXT(2) 
PARAMETRIC_REPRESENTATION_CONTEXT() REPRESENTATION_CONTEXT('2D SPACE',''
  ) );
#6613 = PCURVE('',#126,#6614);
#6614 = DEFINITIONAL_REPRESENTATION('',(#6615),#6619);
#6615 = LINE('',#6616,#6617);
#6616 = CARTESIAN_POINT('',(15.813303277076,-1.22767080374));
#6617 = VECTOR('',#6618,1.);
#6618 = DIRECTION('',(3.873026190514E-02,0.999249701933));
#6619 = ( GEOMETRIC_REPRESENTATION_CONTEXT(2) 
PARAMETRIC_REPRESENTATION_CONTEXT() REPRESENTATION_CONTEXT('2D SPACE',''
  ) );
#6620 = ADVANCED_FACE('',(#6621),#3401,.T.);
#6621 = FACE_BOUND('',#6622,.T.);
#6622 = EDGE_LOOP('',(#6623,#6646,#6647,#6648));
#6623 = ORIENTED_EDGE('',*,*,#6624,.T.);
#6624 = EDGE_CURVE('',#6625,#3358,#6627,.T.);
#6625 = VERTEX_POINT('',#6626);
#6626 = CARTESIAN_POINT('',(77.552024580315,401.,319.52916235551));
#6627 = SURFACE_CURVE('',#6628,(#6632,#6639),.PCURVE_S1.);
#6628 = LINE('',#6629,#6630);
#6629 = CARTESIAN_POINT('',(77.552024580315,401.,319.52916235551));
#6630 = VECTOR('',#6631,1.);
#6631 = DIRECTION('',(0.,1.,0.));
#6632 = PCURVE('',#3401,#6633);
#6633 = DEFINITIONAL_REPRESENTATION('',(#6634),#6638);
#6634 = LINE('',#6635,#6636);
#6635 = CARTESIAN_POINT('',(0.,0.));
#6636 = VECTOR('',#6637,1.);
#6637 = DIRECTION('',(0.,-1.));
#6638 = ( GEOMETRIC_REPRESENTATION_CONTEXT(2) 
PARAMETRIC_REPRESENTATION_CONTEXT() REPRESENTATION_CONTEXT('2D SPACE',''
  ) );
#6639 = PCURVE('',#3373,#6640);
#6640 = DEFINITIONAL_REPRESENTATION('',(#6641),#6645);
#6641 = LINE('',#6642,#6643);
#6642 = CARTESIAN_POINT('',(4.809631818338,0.));
#6643 = VECTOR('',#6644,1.);
#6644 = DIRECTION('',(0.,-1.));
#6645 = ( GEOMETRIC_REPRESENTATION_CONTEXT(2) 
PARAMETRIC_REPRESENTATION_CONTEXT() REPRESENTATION_CONTEXT('2D SPACE',''
  ) );
#6646 = ORIENTED_EDGE('',*,*,#3385,.T.);
#6647 = ORIENTED_EDGE('',*,*,#6575,.F.);
#6648 = ORIENTED_EDGE('',*,*,#6649,.F.);
#6649 = EDGE_CURVE('',#6625,#6576,#6650,.T.);
#6650 = SURFACE_CURVE('',#6651,(#6655,#6662),.PCURVE_S1.);
#6651 = LINE('',#6652,#6653);
#6652 = CARTESIAN_POINT('',(77.552024580315,401.,319.52916235551));
#6653 = VECTOR('',#6654,1.);
#6654 = DIRECTION('',(0.993254071072,0.,-0.115958399003));
#6655 = PCURVE('',#3401,#6656);
#6656 = DEFINITIONAL_REPRESENTATION('',(#6657),#6661);
#6657 = LINE('',#6658,#6659);
#6658 = CARTESIAN_POINT('',(0.,0.));
#6659 = VECTOR('',#6660,1.);
#6660 = DIRECTION('',(1.,0.));
#6661 = ( GEOMETRIC_REPRESENTATION_CONTEXT(2) 
PARAMETRIC_REPRESENTATION_CONTEXT() REPRESENTATION_CONTEXT('2D SPACE',''
  ) );
#6662 = PCURVE('',#126,#6663);
#6663 = DEFINITIONAL_REPRESENTATION('',(#6664),#6668);
#6664 = LINE('',#6665,#6666);
#6665 = CARTESIAN_POINT('',(15.670837644484,-2.447975419685));
#6666 = VECTOR('',#6667,1.);
#6667 = DIRECTION('',(0.115958399003,0.993254071072));
#6668 = ( GEOMETRIC_REPRESENTATION_CONTEXT(2) 
PARAMETRIC_REPRESENTATION_CONTEXT() REPRESENTATION_CONTEXT('2D SPACE',''
  ) );
#6669 = ADVANCED_FACE('',(#6670),#3373,.T.);
#6670 = FACE_BOUND('',#6671,.T.);
#6671 = EDGE_LOOP('',(#6672,#6695,#6696,#6697));
#6672 = ORIENTED_EDGE('',*,*,#6673,.T.);
#6673 = EDGE_CURVE('',#6674,#3330,#6676,.T.);
#6674 = VERTEX_POINT('',#6675);
#6675 = CARTESIAN_POINT('',(77.507371717038,401.,314.71973782135));
#6676 = SURFACE_CURVE('',#6677,(#6681,#6688),.PCURVE_S1.);
#6677 = LINE('',#6678,#6679);
#6678 = CARTESIAN_POINT('',(77.507371717038,401.,314.71973782135));
#6679 = VECTOR('',#6680,1.);
#6680 = DIRECTION('',(0.,1.,0.));
#6681 = PCURVE('',#3373,#6682);
#6682 = DEFINITIONAL_REPRESENTATION('',(#6683),#6687);
#6683 = LINE('',#6684,#6685);
#6684 = CARTESIAN_POINT('',(0.,0.));
#6685 = VECTOR('',#6686,1.);
#6686 = DIRECTION('',(0.,-1.));
#6687 = ( GEOMETRIC_REPRESENTATION_CONTEXT(2) 
PARAMETRIC_REPRESENTATION_CONTEXT() REPRESENTATION_CONTEXT('2D SPACE',''
  ) );
#6688 = PCURVE('',#3345,#6689);
#6689 = DEFINITIONAL_REPRESENTATION('',(#6690),#6694);
#6690 = LINE('',#6691,#6692);
#6691 = CARTESIAN_POINT('',(0.900142887903,0.));
#6692 = VECTOR('',#6693,1.);
#6693 = DIRECTION('',(0.,-1.));
#6694 = ( GEOMETRIC_REPRESENTATION_CONTEXT(2) 
PARAMETRIC_REPRESENTATION_CONTEXT() REPRESENTATION_CONTEXT('2D SPACE',''
  ) );
#6695 = ORIENTED_EDGE('',*,*,#3357,.T.);
#6696 = ORIENTED_EDGE('',*,*,#6624,.F.);
#6697 = ORIENTED_EDGE('',*,*,#6698,.F.);
#6698 = EDGE_CURVE('',#6674,#6625,#6699,.T.);
#6699 = SURFACE_CURVE('',#6700,(#6704,#6711),.PCURVE_S1.);
#6700 = LINE('',#6701,#6702);
#6701 = CARTESIAN_POINT('',(77.507371717038,401.,314.71973782135));
#6702 = VECTOR('',#6703,1.);
#6703 = DIRECTION('',(9.28405020674E-03,0.,0.999956902277));
#6704 = PCURVE('',#3373,#6705);
#6705 = DEFINITIONAL_REPRESENTATION('',(#6706),#6710);
#6706 = LINE('',#6707,#6708);
#6707 = CARTESIAN_POINT('',(0.,0.));
#6708 = VECTOR('',#6709,1.);
#6709 = DIRECTION('',(1.,0.));
#6710 = ( GEOMETRIC_REPRESENTATION_CONTEXT(2) 
PARAMETRIC_REPRESENTATION_CONTEXT() REPRESENTATION_CONTEXT('2D SPACE',''
  ) );
#6711 = PCURVE('',#126,#6712);
#6712 = DEFINITIONAL_REPRESENTATION('',(#6713),#6717);
#6713 = LINE('',#6714,#6715);
#6714 = CARTESIAN_POINT('',(20.480262178643,-2.492628282962));
#6715 = VECTOR('',#6716,1.);
#6716 = DIRECTION('',(-0.999956902277,9.28405020674E-03));
#6717 = ( GEOMETRIC_REPRESENTATION_CONTEXT(2) 
PARAMETRIC_REPRESENTATION_CONTEXT() REPRESENTATION_CONTEXT('2D SPACE',''
  ) );
#6718 = ADVANCED_FACE('',(#6719),#3345,.T.);
#6719 = FACE_BOUND('',#6720,.T.);
#6720 = EDGE_LOOP('',(#6721,#6744,#6745,#6746));
#6721 = ORIENTED_EDGE('',*,*,#6722,.T.);
#6722 = EDGE_CURVE('',#6723,#3302,#6725,.T.);
#6723 = VERTEX_POINT('',#6724);
#6724 = CARTESIAN_POINT('',(76.616407657528,401.,314.84795741152));
#6725 = SURFACE_CURVE('',#6726,(#6730,#6737),.PCURVE_S1.);
#6726 = LINE('',#6727,#6728);
#6727 = CARTESIAN_POINT('',(76.616407657528,401.,314.84795741152));
#6728 = VECTOR('',#6729,1.);
#6729 = DIRECTION('',(0.,1.,0.));
#6730 = PCURVE('',#3345,#6731);
#6731 = DEFINITIONAL_REPRESENTATION('',(#6732),#6736);
#6732 = LINE('',#6733,#6734);
#6733 = CARTESIAN_POINT('',(0.,0.));
#6734 = VECTOR('',#6735,1.);
#6735 = DIRECTION('',(0.,-1.));
#6736 = ( GEOMETRIC_REPRESENTATION_CONTEXT(2) 
PARAMETRIC_REPRESENTATION_CONTEXT() REPRESENTATION_CONTEXT('2D SPACE',''
  ) );
#6737 = PCURVE('',#3317,#6738);
#6738 = DEFINITIONAL_REPRESENTATION('',(#6739),#6743);
#6739 = LINE('',#6740,#6741);
#6740 = CARTESIAN_POINT('',(0.900142887903,0.));
#6741 = VECTOR('',#6742,1.);
#6742 = DIRECTION('',(0.,-1.));
#6743 = ( GEOMETRIC_REPRESENTATION_CONTEXT(2) 
PARAMETRIC_REPRESENTATION_CONTEXT() REPRESENTATION_CONTEXT('2D SPACE',''
  ) );
#6744 = ORIENTED_EDGE('',*,*,#3329,.T.);
#6745 = ORIENTED_EDGE('',*,*,#6673,.F.);
#6746 = ORIENTED_EDGE('',*,*,#6747,.F.);
#6747 = EDGE_CURVE('',#6723,#6674,#6748,.T.);
#6748 = SURFACE_CURVE('',#6749,(#6753,#6760),.PCURVE_S1.);
#6749 = LINE('',#6750,#6751);
#6750 = CARTESIAN_POINT('',(76.616407657528,401.,314.84795741152));
#6751 = VECTOR('',#6752,1.);
#6752 = DIRECTION('',(0.989802920718,0.,-0.142443596339));
#6753 = PCURVE('',#3345,#6754);
#6754 = DEFINITIONAL_REPRESENTATION('',(#6755),#6759);
#6755 = LINE('',#6756,#6757);
#6756 = CARTESIAN_POINT('',(0.,0.));
#6757 = VECTOR('',#6758,1.);
#6758 = DIRECTION('',(1.,0.));
#6759 = ( GEOMETRIC_REPRESENTATION_CONTEXT(2) 
PARAMETRIC_REPRESENTATION_CONTEXT() REPRESENTATION_CONTEXT('2D SPACE',''
  ) );
#6760 = PCURVE('',#126,#6761);
#6761 = DEFINITIONAL_REPRESENTATION('',(#6762),#6766);
#6762 = LINE('',#6763,#6764);
#6763 = CARTESIAN_POINT('',(20.352042588471,-3.383592342472));
#6764 = VECTOR('',#6765,1.);
#6765 = DIRECTION('',(0.142443596339,0.989802920718));
#6766 = ( GEOMETRIC_REPRESENTATION_CONTEXT(2) 
PARAMETRIC_REPRESENTATION_CONTEXT() REPRESENTATION_CONTEXT('2D SPACE',''
  ) );
#6767 = ADVANCED_FACE('',(#6768),#3317,.T.);
#6768 = FACE_BOUND('',#6769,.T.);
#6769 = EDGE_LOOP('',(#6770,#6793,#6794,#6795));
#6770 = ORIENTED_EDGE('',*,*,#6771,.T.);
#6771 = EDGE_CURVE('',#6772,#3274,#6774,.T.);
#6772 = VERTEX_POINT('',#6773);
#6773 = CARTESIAN_POINT('',(75.731884458353,401.,315.0149182715));
#6774 = SURFACE_CURVE('',#6775,(#6779,#6786),.PCURVE_S1.);
#6775 = LINE('',#6776,#6777);
#6776 = CARTESIAN_POINT('',(75.731884458353,401.,315.0149182715));
#6777 = VECTOR('',#6778,1.);
#6778 = DIRECTION('',(0.,1.,0.));
#6779 = PCURVE('',#3317,#6780);
#6780 = DEFINITIONAL_REPRESENTATION('',(#6781),#6785);
#6781 = LINE('',#6782,#6783);
#6782 = CARTESIAN_POINT('',(0.,0.));
#6783 = VECTOR('',#6784,1.);
#6784 = DIRECTION('',(0.,-1.));
#6785 = ( GEOMETRIC_REPRESENTATION_CONTEXT(2) 
PARAMETRIC_REPRESENTATION_CONTEXT() REPRESENTATION_CONTEXT('2D SPACE',''
  ) );
#6786 = PCURVE('',#3289,#6787);
#6787 = DEFINITIONAL_REPRESENTATION('',(#6788),#6792);
#6788 = LINE('',#6789,#6790);
#6789 = CARTESIAN_POINT('',(0.900142887903,0.));
#6790 = VECTOR('',#6791,1.);
#6791 = DIRECTION('',(0.,-1.));
#6792 = ( GEOMETRIC_REPRESENTATION_CONTEXT(2) 
PARAMETRIC_REPRESENTATION_CONTEXT() REPRESENTATION_CONTEXT('2D SPACE',''
  ) );
#6793 = ORIENTED_EDGE('',*,*,#3301,.T.);
#6794 = ORIENTED_EDGE('',*,*,#6722,.F.);
#6795 = ORIENTED_EDGE('',*,*,#6796,.F.);
#6796 = EDGE_CURVE('',#6772,#6723,#6797,.T.);
#6797 = SURFACE_CURVE('',#6798,(#6802,#6809),.PCURVE_S1.);
#6798 = LINE('',#6799,#6800);
#6799 = CARTESIAN_POINT('',(75.731884458353,401.,315.0149182715));
#6800 = VECTOR('',#6801,1.);
#6801 = DIRECTION('',(0.982647545253,0.,-0.185482618612));
#6802 = PCURVE('',#3317,#6803);
#6803 = DEFINITIONAL_REPRESENTATION('',(#6804),#6808);
#6804 = LINE('',#6805,#6806);
#6805 = CARTESIAN_POINT('',(0.,0.));
#6806 = VECTOR('',#6807,1.);
#6807 = DIRECTION('',(1.,0.));
#6808 = ( GEOMETRIC_REPRESENTATION_CONTEXT(2) 
PARAMETRIC_REPRESENTATION_CONTEXT() REPRESENTATION_CONTEXT('2D SPACE',''
  ) );
#6809 = PCURVE('',#126,#6810);
#6810 = DEFINITIONAL_REPRESENTATION('',(#6811),#6815);
#6811 = LINE('',#6812,#6813);
#6812 = CARTESIAN_POINT('',(20.185081728498,-4.268115541647));
#6813 = VECTOR('',#6814,1.);
#6814 = DIRECTION('',(0.185482618612,0.982647545253));
#6815 = ( GEOMETRIC_REPRESENTATION_CONTEXT(2) 
PARAMETRIC_REPRESENTATION_CONTEXT() REPRESENTATION_CONTEXT('2D SPACE',''
  ) );
#6816 = ADVANCED_FACE('',(#6817),#3289,.T.);
#6817 = FACE_BOUND('',#6818,.T.);
#6818 = EDGE_LOOP('',(#6819,#6842,#6843,#6844));
#6819 = ORIENTED_EDGE('',*,*,#6820,.T.);
#6820 = EDGE_CURVE('',#6821,#3246,#6823,.T.);
#6821 = VERTEX_POINT('',#6822);
#6822 = CARTESIAN_POINT('',(74.855485859696,401.,315.22030258179));
#6823 = SURFACE_CURVE('',#6824,(#6828,#6835),.PCURVE_S1.);
#6824 = LINE('',#6825,#6826);
#6825 = CARTESIAN_POINT('',(74.855485859696,401.,315.22030258179));
#6826 = VECTOR('',#6827,1.);
#6827 = DIRECTION('',(0.,1.,0.));
#6828 = PCURVE('',#3289,#6829);
#6829 = DEFINITIONAL_REPRESENTATION('',(#6830),#6834);
#6830 = LINE('',#6831,#6832);
#6831 = CARTESIAN_POINT('',(0.,0.));
#6832 = VECTOR('',#6833,1.);
#6833 = DIRECTION('',(0.,-1.));
#6834 = ( GEOMETRIC_REPRESENTATION_CONTEXT(2) 
PARAMETRIC_REPRESENTATION_CONTEXT() REPRESENTATION_CONTEXT('2D SPACE',''
  ) );
#6835 = PCURVE('',#3261,#6836);
#6836 = DEFINITIONAL_REPRESENTATION('',(#6837),#6841);
#6837 = LINE('',#6838,#6839);
#6838 = CARTESIAN_POINT('',(0.900142887903,0.));
#6839 = VECTOR('',#6840,1.);
#6840 = DIRECTION('',(0.,-1.));
#6841 = ( GEOMETRIC_REPRESENTATION_CONTEXT(2) 
PARAMETRIC_REPRESENTATION_CONTEXT() REPRESENTATION_CONTEXT('2D SPACE',''
  ) );
#6842 = ORIENTED_EDGE('',*,*,#3273,.T.);
#6843 = ORIENTED_EDGE('',*,*,#6771,.F.);
#6844 = ORIENTED_EDGE('',*,*,#6845,.F.);
#6845 = EDGE_CURVE('',#6821,#6772,#6846,.T.);
#6846 = SURFACE_CURVE('',#6847,(#6851,#6858),.PCURVE_S1.);
#6847 = LINE('',#6848,#6849);
#6848 = CARTESIAN_POINT('',(74.855485859696,401.,315.22030258179));
#6849 = VECTOR('',#6850,1.);
#6850 = DIRECTION('',(0.973621644336,0.,-0.228168564179));
#6851 = PCURVE('',#3289,#6852);
#6852 = DEFINITIONAL_REPRESENTATION('',(#6853),#6857);
#6853 = LINE('',#6854,#6855);
#6854 = CARTESIAN_POINT('',(0.,0.));
#6855 = VECTOR('',#6856,1.);
#6856 = DIRECTION('',(1.,0.));
#6857 = ( GEOMETRIC_REPRESENTATION_CONTEXT(2) 
PARAMETRIC_REPRESENTATION_CONTEXT() REPRESENTATION_CONTEXT('2D SPACE',''
  ) );
#6858 = PCURVE('',#126,#6859);
#6859 = DEFINITIONAL_REPRESENTATION('',(#6860),#6864);
#6860 = LINE('',#6861,#6862);
#6861 = CARTESIAN_POINT('',(19.979697418209,-5.144514140304));
#6862 = VECTOR('',#6863,1.);
#6863 = DIRECTION('',(0.228168564179,0.973621644336));
#6864 = ( GEOMETRIC_REPRESENTATION_CONTEXT(2) 
PARAMETRIC_REPRESENTATION_CONTEXT() REPRESENTATION_CONTEXT('2D SPACE',''
  ) );
#6865 = ADVANCED_FACE('',(#6866),#3261,.T.);
#6866 = FACE_BOUND('',#6867,.T.);
#6867 = EDGE_LOOP('',(#6868,#6891,#6892,#6893));
#6868 = ORIENTED_EDGE('',*,*,#6869,.T.);
#6869 = EDGE_CURVE('',#6870,#3218,#6872,.T.);
#6870 = VERTEX_POINT('',#6871);
#6871 = CARTESIAN_POINT('',(73.988880136099,401.,315.46371938168));
#6872 = SURFACE_CURVE('',#6873,(#6877,#6884),.PCURVE_S1.);
#6873 = LINE('',#6874,#6875);
#6874 = CARTESIAN_POINT('',(73.988880136099,401.,315.46371938168));
#6875 = VECTOR('',#6876,1.);
#6876 = DIRECTION('',(0.,1.,0.));
#6877 = PCURVE('',#3261,#6878);
#6878 = DEFINITIONAL_REPRESENTATION('',(#6879),#6883);
#6879 = LINE('',#6880,#6881);
#6880 = CARTESIAN_POINT('',(0.,0.));
#6881 = VECTOR('',#6882,1.);
#6882 = DIRECTION('',(0.,-1.));
#6883 = ( GEOMETRIC_REPRESENTATION_CONTEXT(2) 
PARAMETRIC_REPRESENTATION_CONTEXT() REPRESENTATION_CONTEXT('2D SPACE',''
  ) );
#6884 = PCURVE('',#3233,#6885);
#6885 = DEFINITIONAL_REPRESENTATION('',(#6886),#6890);
#6886 = LINE('',#6887,#6888);
#6887 = CARTESIAN_POINT('',(1.569764844889,0.));
#6888 = VECTOR('',#6889,1.);
#6889 = DIRECTION('',(0.,-1.));
#6890 = ( GEOMETRIC_REPRESENTATION_CONTEXT(2) 
PARAMETRIC_REPRESENTATION_CONTEXT() REPRESENTATION_CONTEXT('2D SPACE',''
  ) );
#6891 = ORIENTED_EDGE('',*,*,#3245,.T.);
#6892 = ORIENTED_EDGE('',*,*,#6820,.F.);
#6893 = ORIENTED_EDGE('',*,*,#6894,.F.);
#6894 = EDGE_CURVE('',#6870,#6821,#6895,.T.);
#6895 = SURFACE_CURVE('',#6896,(#6900,#6907),.PCURVE_S1.);
#6896 = LINE('',#6897,#6898);
#6897 = CARTESIAN_POINT('',(73.988880136099,401.,315.46371938168));
#6898 = VECTOR('',#6899,1.);
#6899 = DIRECTION('',(0.962742399282,0.,-0.270420177916));
#6900 = PCURVE('',#3261,#6901);
#6901 = DEFINITIONAL_REPRESENTATION('',(#6902),#6906);
#6902 = LINE('',#6903,#6904);
#6903 = CARTESIAN_POINT('',(0.,0.));
#6904 = VECTOR('',#6905,1.);
#6905 = DIRECTION('',(1.,0.));
#6906 = ( GEOMETRIC_REPRESENTATION_CONTEXT(2) 
PARAMETRIC_REPRESENTATION_CONTEXT() REPRESENTATION_CONTEXT('2D SPACE',''
  ) );
#6907 = PCURVE('',#126,#6908);
#6908 = DEFINITIONAL_REPRESENTATION('',(#6909),#6913);
#6909 = LINE('',#6910,#6911);
#6910 = CARTESIAN_POINT('',(19.736280618313,-6.011119863901));
#6911 = VECTOR('',#6912,1.);
#6912 = DIRECTION('',(0.270420177916,0.962742399282));
#6913 = ( GEOMETRIC_REPRESENTATION_CONTEXT(2) 
PARAMETRIC_REPRESENTATION_CONTEXT() REPRESENTATION_CONTEXT('2D SPACE',''
  ) );
#6914 = ADVANCED_FACE('',(#6915),#3233,.T.);
#6915 = FACE_BOUND('',#6916,.T.);
#6916 = EDGE_LOOP('',(#6917,#6940,#6941,#6942));
#6917 = ORIENTED_EDGE('',*,*,#6918,.T.);
#6918 = EDGE_CURVE('',#6919,#3190,#6921,.T.);
#6919 = VERTEX_POINT('',#6920);
#6920 = CARTESIAN_POINT('',(73.396261878579,401.,316.91732361568));
#6921 = SURFACE_CURVE('',#6922,(#6926,#6933),.PCURVE_S1.);
#6922 = LINE('',#6923,#6924);
#6923 = CARTESIAN_POINT('',(73.396261878579,401.,316.91732361568));
#6924 = VECTOR('',#6925,1.);
#6925 = DIRECTION('',(0.,1.,0.));
#6926 = PCURVE('',#3233,#6927);
#6927 = DEFINITIONAL_REPRESENTATION('',(#6928),#6932);
#6928 = LINE('',#6929,#6930);
#6929 = CARTESIAN_POINT('',(0.,0.));
#6930 = VECTOR('',#6931,1.);
#6931 = DIRECTION('',(0.,-1.));
#6932 = ( GEOMETRIC_REPRESENTATION_CONTEXT(2) 
PARAMETRIC_REPRESENTATION_CONTEXT() REPRESENTATION_CONTEXT('2D SPACE',''
  ) );
#6933 = PCURVE('',#3205,#6934);
#6934 = DEFINITIONAL_REPRESENTATION('',(#6935),#6939);
#6935 = LINE('',#6936,#6937);
#6936 = CARTESIAN_POINT('',(1.200610506126,0.));
#6937 = VECTOR('',#6938,1.);
#6938 = DIRECTION('',(0.,-1.));
#6939 = ( GEOMETRIC_REPRESENTATION_CONTEXT(2) 
PARAMETRIC_REPRESENTATION_CONTEXT() REPRESENTATION_CONTEXT('2D SPACE',''
  ) );
#6940 = ORIENTED_EDGE('',*,*,#3217,.T.);
#6941 = ORIENTED_EDGE('',*,*,#6869,.F.);
#6942 = ORIENTED_EDGE('',*,*,#6943,.F.);
#6943 = EDGE_CURVE('',#6919,#6870,#6944,.T.);
#6944 = SURFACE_CURVE('',#6945,(#6949,#6956),.PCURVE_S1.);
#6945 = LINE('',#6946,#6947);
#6946 = CARTESIAN_POINT('',(73.396261878579,401.,316.91732361568));
#6947 = VECTOR('',#6948,1.);
#6948 = DIRECTION('',(0.377520403422,0.,-0.926001266198));
#6949 = PCURVE('',#3233,#6950);
#6950 = DEFINITIONAL_REPRESENTATION('',(#6951),#6955);
#6951 = LINE('',#6952,#6953);
#6952 = CARTESIAN_POINT('',(0.,0.));
#6953 = VECTOR('',#6954,1.);
#6954 = DIRECTION('',(1.,0.));
#6955 = ( GEOMETRIC_REPRESENTATION_CONTEXT(2) 
PARAMETRIC_REPRESENTATION_CONTEXT() REPRESENTATION_CONTEXT('2D SPACE',''
  ) );
#6956 = PCURVE('',#126,#6957);
#6957 = DEFINITIONAL_REPRESENTATION('',(#6958),#6962);
#6958 = LINE('',#6959,#6960);
#6959 = CARTESIAN_POINT('',(18.282676384312,-6.603738121421));
#6960 = VECTOR('',#6961,1.);
#6961 = DIRECTION('',(0.926001266198,0.377520403422));
#6962 = ( GEOMETRIC_REPRESENTATION_CONTEXT(2) 
PARAMETRIC_REPRESENTATION_CONTEXT() REPRESENTATION_CONTEXT('2D SPACE',''
  ) );
#6963 = ADVANCED_FACE('',(#6964),#3205,.T.);
#6964 = FACE_BOUND('',#6965,.T.);
#6965 = EDGE_LOOP('',(#6966,#6989,#6990,#6991));
#6966 = ORIENTED_EDGE('',*,*,#6967,.T.);
#6967 = EDGE_CURVE('',#6968,#3162,#6970,.T.);
#6968 = VERTEX_POINT('',#6969);
#6969 = CARTESIAN_POINT('',(73.675628788077,401.,318.08497926582));
#6970 = SURFACE_CURVE('',#6971,(#6975,#6982),.PCURVE_S1.);
#6971 = LINE('',#6972,#6973);
#6972 = CARTESIAN_POINT('',(73.675628788077,401.,318.08497926582));
#6973 = VECTOR('',#6974,1.);
#6974 = DIRECTION('',(0.,1.,0.));
#6975 = PCURVE('',#3205,#6976);
#6976 = DEFINITIONAL_REPRESENTATION('',(#6977),#6981);
#6977 = LINE('',#6978,#6979);
#6978 = CARTESIAN_POINT('',(0.,0.));
#6979 = VECTOR('',#6980,1.);
#6980 = DIRECTION('',(0.,-1.));
#6981 = ( GEOMETRIC_REPRESENTATION_CONTEXT(2) 
PARAMETRIC_REPRESENTATION_CONTEXT() REPRESENTATION_CONTEXT('2D SPACE',''
  ) );
#6982 = PCURVE('',#3177,#6983);
#6983 = DEFINITIONAL_REPRESENTATION('',(#6984),#6988);
#6984 = LINE('',#6985,#6986);
#6985 = CARTESIAN_POINT('',(1.199633649912,0.));
#6986 = VECTOR('',#6987,1.);
#6987 = DIRECTION('',(0.,-1.));
#6988 = ( GEOMETRIC_REPRESENTATION_CONTEXT(2) 
PARAMETRIC_REPRESENTATION_CONTEXT() REPRESENTATION_CONTEXT('2D SPACE',''
  ) );
#6989 = ORIENTED_EDGE('',*,*,#3189,.T.);
#6990 = ORIENTED_EDGE('',*,*,#6918,.F.);
#6991 = ORIENTED_EDGE('',*,*,#6992,.F.);
#6992 = EDGE_CURVE('',#6968,#6919,#6993,.T.);
#6993 = SURFACE_CURVE('',#6994,(#6998,#7005),.PCURVE_S1.);
#6994 = LINE('',#6995,#6996);
#6995 = CARTESIAN_POINT('',(73.675628788077,401.,318.08497926582));
#6996 = VECTOR('',#6997,1.);
#6997 = DIRECTION('',(-0.232687377023,0.,-0.972551584531));
#6998 = PCURVE('',#3205,#6999);
#6999 = DEFINITIONAL_REPRESENTATION('',(#7000),#7004);
#7000 = LINE('',#7001,#7002);
#7001 = CARTESIAN_POINT('',(0.,0.));
#7002 = VECTOR('',#7003,1.);
#7003 = DIRECTION('',(1.,0.));
#7004 = ( GEOMETRIC_REPRESENTATION_CONTEXT(2) 
PARAMETRIC_REPRESENTATION_CONTEXT() REPRESENTATION_CONTEXT('2D SPACE',''
  ) );
#7005 = PCURVE('',#126,#7006);
#7006 = DEFINITIONAL_REPRESENTATION('',(#7007),#7011);
#7007 = LINE('',#7008,#7009);
#7008 = CARTESIAN_POINT('',(17.115020734175,-6.324371211923));
#7009 = VECTOR('',#7010,1.);
#7010 = DIRECTION('',(0.972551584531,-0.232687377023));
#7011 = ( GEOMETRIC_REPRESENTATION_CONTEXT(2) 
PARAMETRIC_REPRESENTATION_CONTEXT() REPRESENTATION_CONTEXT('2D SPACE',''
  ) );
#7012 = ADVANCED_FACE('',(#7013),#3177,.T.);
#7013 = FACE_BOUND('',#7014,.T.);
#7014 = EDGE_LOOP('',(#7015,#7038,#7039,#7040));
#7015 = ORIENTED_EDGE('',*,*,#7016,.T.);
#7016 = EDGE_CURVE('',#7017,#3134,#7019,.T.);
#7017 = VERTEX_POINT('',#7018);
#7018 = CARTESIAN_POINT('',(73.971758500452,401.,319.24748865823));
#7019 = SURFACE_CURVE('',#7020,(#7024,#7031),.PCURVE_S1.);
#7020 = LINE('',#7021,#7022);
#7021 = CARTESIAN_POINT('',(73.971758500452,401.,319.24748865823));
#7022 = VECTOR('',#7023,1.);
#7023 = DIRECTION('',(0.,1.,0.));
#7024 = PCURVE('',#3177,#7025);
#7025 = DEFINITIONAL_REPRESENTATION('',(#7026),#7030);
#7026 = LINE('',#7027,#7028);
#7027 = CARTESIAN_POINT('',(0.,0.));
#7028 = VECTOR('',#7029,1.);
#7029 = DIRECTION('',(0.,-1.));
#7030 = ( GEOMETRIC_REPRESENTATION_CONTEXT(2) 
PARAMETRIC_REPRESENTATION_CONTEXT() REPRESENTATION_CONTEXT('2D SPACE',''
  ) );
#7031 = PCURVE('',#3149,#7032);
#7032 = DEFINITIONAL_REPRESENTATION('',(#7033),#7037);
#7033 = LINE('',#7034,#7035);
#7034 = CARTESIAN_POINT('',(1.198719924449,0.));
#7035 = VECTOR('',#7036,1.);
#7036 = DIRECTION('',(0.,-1.));
#7037 = ( GEOMETRIC_REPRESENTATION_CONTEXT(2) 
PARAMETRIC_REPRESENTATION_CONTEXT() REPRESENTATION_CONTEXT('2D SPACE',''
  ) );
#7038 = ORIENTED_EDGE('',*,*,#3161,.T.);
#7039 = ORIENTED_EDGE('',*,*,#6967,.F.);
#7040 = ORIENTED_EDGE('',*,*,#7041,.F.);
#7041 = EDGE_CURVE('',#7017,#6968,#7042,.T.);
#7042 = SURFACE_CURVE('',#7043,(#7047,#7054),.PCURVE_S1.);
#7043 = LINE('',#7044,#7045);
#7044 = CARTESIAN_POINT('',(73.971758500452,401.,319.24748865823));
#7045 = VECTOR('',#7046,1.);
#7046 = DIRECTION('',(-0.246850121616,0.,-0.969053671093));
#7047 = PCURVE('',#3177,#7048);
#7048 = DEFINITIONAL_REPRESENTATION('',(#7049),#7053);
#7049 = LINE('',#7050,#7051);
#7050 = CARTESIAN_POINT('',(0.,0.));
#7051 = VECTOR('',#7052,1.);
#7052 = DIRECTION('',(1.,0.));
#7053 = ( GEOMETRIC_REPRESENTATION_CONTEXT(2) 
PARAMETRIC_REPRESENTATION_CONTEXT() REPRESENTATION_CONTEXT('2D SPACE',''
  ) );
#7054 = PCURVE('',#126,#7055);
#7055 = DEFINITIONAL_REPRESENTATION('',(#7056),#7060);
#7056 = LINE('',#7057,#7058);
#7057 = CARTESIAN_POINT('',(15.952511341761,-6.028241499548));
#7058 = VECTOR('',#7059,1.);
#7059 = DIRECTION('',(0.969053671093,-0.246850121616));
#7060 = ( GEOMETRIC_REPRESENTATION_CONTEXT(2) 
PARAMETRIC_REPRESENTATION_CONTEXT() REPRESENTATION_CONTEXT('2D SPACE',''
  ) );
#7061 = ADVANCED_FACE('',(#7062),#3149,.T.);
#7062 = FACE_BOUND('',#7063,.T.);
#7063 = EDGE_LOOP('',(#7064,#7087,#7088,#7089));
#7064 = ORIENTED_EDGE('',*,*,#7065,.T.);
#7065 = EDGE_CURVE('',#7066,#3106,#7068,.T.);
#7066 = VERTEX_POINT('',#7067);
#7067 = CARTESIAN_POINT('',(74.284590079045,401.,320.40466879145));
#7068 = SURFACE_CURVE('',#7069,(#7073,#7080),.PCURVE_S1.);
#7069 = LINE('',#7070,#7071);
#7070 = CARTESIAN_POINT('',(74.284590079045,401.,320.40466879145));
#7071 = VECTOR('',#7072,1.);
#7072 = DIRECTION('',(0.,1.,0.));
#7073 = PCURVE('',#3149,#7074);
#7074 = DEFINITIONAL_REPRESENTATION('',(#7075),#7079);
#7075 = LINE('',#7076,#7077);
#7076 = CARTESIAN_POINT('',(0.,0.));
#7077 = VECTOR('',#7078,1.);
#7078 = DIRECTION('',(0.,-1.));
#7079 = ( GEOMETRIC_REPRESENTATION_CONTEXT(2) 
PARAMETRIC_REPRESENTATION_CONTEXT() REPRESENTATION_CONTEXT('2D SPACE',''
  ) );
#7080 = PCURVE('',#3121,#7081);
#7081 = DEFINITIONAL_REPRESENTATION('',(#7082),#7086);
#7082 = LINE('',#7083,#7084);
#7083 = CARTESIAN_POINT('',(1.228592614404,0.));
#7084 = VECTOR('',#7085,1.);
#7085 = DIRECTION('',(0.,-1.));
#7086 = ( GEOMETRIC_REPRESENTATION_CONTEXT(2) 
PARAMETRIC_REPRESENTATION_CONTEXT() REPRESENTATION_CONTEXT('2D SPACE',''
  ) );
#7087 = ORIENTED_EDGE('',*,*,#3133,.T.);
#7088 = ORIENTED_EDGE('',*,*,#7016,.F.);
#7089 = ORIENTED_EDGE('',*,*,#7090,.F.);
#7090 = EDGE_CURVE('',#7066,#7017,#7091,.T.);
#7091 = SURFACE_CURVE('',#7092,(#7096,#7103),.PCURVE_S1.);
#7092 = LINE('',#7093,#7094);
#7093 = CARTESIAN_POINT('',(74.284590079045,401.,320.40466879145));
#7094 = VECTOR('',#7095,1.);
#7095 = DIRECTION('',(-0.26097136805,0.,-0.965346541434));
#7096 = PCURVE('',#3149,#7097);
#7097 = DEFINITIONAL_REPRESENTATION('',(#7098),#7102);
#7098 = LINE('',#7099,#7100);
#7099 = CARTESIAN_POINT('',(0.,0.));
#7100 = VECTOR('',#7101,1.);
#7101 = DIRECTION('',(1.,0.));
#7102 = ( GEOMETRIC_REPRESENTATION_CONTEXT(2) 
PARAMETRIC_REPRESENTATION_CONTEXT() REPRESENTATION_CONTEXT('2D SPACE',''
  ) );
#7103 = PCURVE('',#126,#7104);
#7104 = DEFINITIONAL_REPRESENTATION('',(#7105),#7109);
#7105 = LINE('',#7106,#7107);
#7106 = CARTESIAN_POINT('',(14.795331208547,-5.715409920955));
#7107 = VECTOR('',#7108,1.);
#7108 = DIRECTION('',(0.965346541434,-0.26097136805));
#7109 = ( GEOMETRIC_REPRESENTATION_CONTEXT(2) 
PARAMETRIC_REPRESENTATION_CONTEXT() REPRESENTATION_CONTEXT('2D SPACE',''
  ) );
#7110 = ADVANCED_FACE('',(#7111),#3121,.T.);
#7111 = FACE_BOUND('',#7112,.T.);
#7112 = EDGE_LOOP('',(#7113,#7136,#7137,#7138));
#7113 = ORIENTED_EDGE('',*,*,#7114,.T.);
#7114 = EDGE_CURVE('',#7115,#3078,#7117,.T.);
#7115 = VERTEX_POINT('',#7116);
#7116 = CARTESIAN_POINT('',(73.156542464985,401.,320.89144224243));
#7117 = SURFACE_CURVE('',#7118,(#7122,#7129),.PCURVE_S1.);
#7118 = LINE('',#7119,#7120);
#7119 = CARTESIAN_POINT('',(73.156542464985,401.,320.89144224243));
#7120 = VECTOR('',#7121,1.);
#7121 = DIRECTION('',(0.,1.,0.));
#7122 = PCURVE('',#3121,#7123);
#7123 = DEFINITIONAL_REPRESENTATION('',(#7124),#7128);
#7124 = LINE('',#7125,#7126);
#7125 = CARTESIAN_POINT('',(0.,0.));
#7126 = VECTOR('',#7127,1.);
#7127 = DIRECTION('',(0.,-1.));
#7128 = ( GEOMETRIC_REPRESENTATION_CONTEXT(2) 
PARAMETRIC_REPRESENTATION_CONTEXT() REPRESENTATION_CONTEXT('2D SPACE',''
  ) );
#7129 = PCURVE('',#3093,#7130);
#7130 = DEFINITIONAL_REPRESENTATION('',(#7131),#7135);
#7131 = LINE('',#7132,#7133);
#7132 = CARTESIAN_POINT('',(1.228592614404,0.));
#7133 = VECTOR('',#7134,1.);
#7134 = DIRECTION('',(0.,-1.));
#7135 = ( GEOMETRIC_REPRESENTATION_CONTEXT(2) 
PARAMETRIC_REPRESENTATION_CONTEXT() REPRESENTATION_CONTEXT('2D SPACE',''
  ) );
#7136 = ORIENTED_EDGE('',*,*,#3105,.T.);
#7137 = ORIENTED_EDGE('',*,*,#7065,.F.);
#7138 = ORIENTED_EDGE('',*,*,#7139,.F.);
#7139 = EDGE_CURVE('',#7115,#7066,#7140,.T.);
#7140 = SURFACE_CURVE('',#7141,(#7145,#7152),.PCURVE_S1.);
#7141 = LINE('',#7142,#7143);
#7142 = CARTESIAN_POINT('',(73.156542464985,401.,320.89144224243));
#7143 = VECTOR('',#7144,1.);
#7144 = DIRECTION('',(0.918162457462,0.,-0.396204116217));
#7145 = PCURVE('',#3121,#7146);
#7146 = DEFINITIONAL_REPRESENTATION('',(#7147),#7151);
#7147 = LINE('',#7148,#7149);
#7148 = CARTESIAN_POINT('',(0.,0.));
#7149 = VECTOR('',#7150,1.);
#7150 = DIRECTION('',(1.,0.));
#7151 = ( GEOMETRIC_REPRESENTATION_CONTEXT(2) 
PARAMETRIC_REPRESENTATION_CONTEXT() REPRESENTATION_CONTEXT('2D SPACE',''
  ) );
#7152 = PCURVE('',#126,#7153);
#7153 = DEFINITIONAL_REPRESENTATION('',(#7154),#7158);
#7154 = LINE('',#7155,#7156);
#7155 = CARTESIAN_POINT('',(14.308557757565,-6.843457535015));
#7156 = VECTOR('',#7157,1.);
#7157 = DIRECTION('',(0.396204116217,0.918162457462));
#7158 = ( GEOMETRIC_REPRESENTATION_CONTEXT(2) 
PARAMETRIC_REPRESENTATION_CONTEXT() REPRESENTATION_CONTEXT('2D SPACE',''
  ) );
#7159 = ADVANCED_FACE('',(#7160),#3093,.T.);
#7160 = FACE_BOUND('',#7161,.T.);
#7161 = EDGE_LOOP('',(#7162,#7185,#7186,#7187));
#7162 = ORIENTED_EDGE('',*,*,#7163,.T.);
#7163 = EDGE_CURVE('',#7164,#3050,#7166,.T.);
#7164 = VERTEX_POINT('',#7165);
#7165 = CARTESIAN_POINT('',(72.069556504597,401.,321.4640689394));
#7166 = SURFACE_CURVE('',#7167,(#7171,#7178),.PCURVE_S1.);
#7167 = LINE('',#7168,#7169);
#7168 = CARTESIAN_POINT('',(72.069556504597,401.,321.4640689394));
#7169 = VECTOR('',#7170,1.);
#7170 = DIRECTION('',(0.,1.,0.));
#7171 = PCURVE('',#3093,#7172);
#7172 = DEFINITIONAL_REPRESENTATION('',(#7173),#7177);
#7173 = LINE('',#7174,#7175);
#7174 = CARTESIAN_POINT('',(0.,0.));
#7175 = VECTOR('',#7176,1.);
#7176 = DIRECTION('',(0.,-1.));
#7177 = ( GEOMETRIC_REPRESENTATION_CONTEXT(2) 
PARAMETRIC_REPRESENTATION_CONTEXT() REPRESENTATION_CONTEXT('2D SPACE',''
  ) );
#7178 = PCURVE('',#3065,#7179);
#7179 = DEFINITIONAL_REPRESENTATION('',(#7180),#7184);
#7180 = LINE('',#7181,#7182);
#7181 = CARTESIAN_POINT('',(1.228592614404,0.));
#7182 = VECTOR('',#7183,1.);
#7183 = DIRECTION('',(0.,-1.));
#7184 = ( GEOMETRIC_REPRESENTATION_CONTEXT(2) 
PARAMETRIC_REPRESENTATION_CONTEXT() REPRESENTATION_CONTEXT('2D SPACE',''
  ) );
#7185 = ORIENTED_EDGE('',*,*,#3077,.T.);
#7186 = ORIENTED_EDGE('',*,*,#7114,.F.);
#7187 = ORIENTED_EDGE('',*,*,#7188,.F.);
#7188 = EDGE_CURVE('',#7164,#7115,#7189,.T.);
#7189 = SURFACE_CURVE('',#7190,(#7194,#7201),.PCURVE_S1.);
#7190 = LINE('',#7191,#7192);
#7191 = CARTESIAN_POINT('',(72.069556504597,401.,321.4640689394));
#7192 = VECTOR('',#7193,1.);
#7193 = DIRECTION('',(0.88474075755,0.,-0.466083460261));
#7194 = PCURVE('',#3093,#7195);
#7195 = DEFINITIONAL_REPRESENTATION('',(#7196),#7200);
#7196 = LINE('',#7197,#7198);
#7197 = CARTESIAN_POINT('',(0.,0.));
#7198 = VECTOR('',#7199,1.);
#7199 = DIRECTION('',(1.,0.));
#7200 = ( GEOMETRIC_REPRESENTATION_CONTEXT(2) 
PARAMETRIC_REPRESENTATION_CONTEXT() REPRESENTATION_CONTEXT('2D SPACE',''
  ) );
#7201 = PCURVE('',#126,#7202);
#7202 = DEFINITIONAL_REPRESENTATION('',(#7203),#7207);
#7203 = LINE('',#7204,#7205);
#7204 = CARTESIAN_POINT('',(13.735931060593,-7.930443495403));
#7205 = VECTOR('',#7206,1.);
#7206 = DIRECTION('',(0.466083460261,0.88474075755));
#7207 = ( GEOMETRIC_REPRESENTATION_CONTEXT(2) 
PARAMETRIC_REPRESENTATION_CONTEXT() REPRESENTATION_CONTEXT('2D SPACE',''
  ) );
#7208 = ADVANCED_FACE('',(#7209),#3065,.T.);
#7209 = FACE_BOUND('',#7210,.T.);
#7210 = EDGE_LOOP('',(#7211,#7234,#7235,#7236));
#7211 = ORIENTED_EDGE('',*,*,#7212,.T.);
#7212 = EDGE_CURVE('',#7213,#3022,#7215,.T.);
#7213 = VERTEX_POINT('',#7214);
#7214 = CARTESIAN_POINT('',(71.030154257939,401.,322.11911304617));
#7215 = SURFACE_CURVE('',#7216,(#7220,#7227),.PCURVE_S1.);
#7216 = LINE('',#7217,#7218);
#7217 = CARTESIAN_POINT('',(71.030154257939,401.,322.11911304617));
#7218 = VECTOR('',#7219,1.);
#7219 = DIRECTION('',(0.,1.,0.));
#7220 = PCURVE('',#3065,#7221);
#7221 = DEFINITIONAL_REPRESENTATION('',(#7222),#7226);
#7222 = LINE('',#7223,#7224);
#7223 = CARTESIAN_POINT('',(0.,0.));
#7224 = VECTOR('',#7225,1.);
#7225 = DIRECTION('',(0.,-1.));
#7226 = ( GEOMETRIC_REPRESENTATION_CONTEXT(2) 
PARAMETRIC_REPRESENTATION_CONTEXT() REPRESENTATION_CONTEXT('2D SPACE',''
  ) );
#7227 = PCURVE('',#3037,#7228);
#7228 = DEFINITIONAL_REPRESENTATION('',(#7229),#7233);
#7229 = LINE('',#7230,#7231);
#7230 = CARTESIAN_POINT('',(1.228592614404,0.));
#7231 = VECTOR('',#7232,1.);
#7232 = DIRECTION('',(0.,-1.));
#7233 = ( GEOMETRIC_REPRESENTATION_CONTEXT(2) 
PARAMETRIC_REPRESENTATION_CONTEXT() REPRESENTATION_CONTEXT('2D SPACE',''
  ) );
#7234 = ORIENTED_EDGE('',*,*,#3049,.T.);
#7235 = ORIENTED_EDGE('',*,*,#7163,.F.);
#7236 = ORIENTED_EDGE('',*,*,#7237,.F.);
#7237 = EDGE_CURVE('',#7213,#7164,#7238,.T.);
#7238 = SURFACE_CURVE('',#7239,(#7243,#7250),.PCURVE_S1.);
#7239 = LINE('',#7240,#7241);
#7240 = CARTESIAN_POINT('',(71.030154257939,401.,322.11911304617));
#7241 = VECTOR('',#7242,1.);
#7242 = DIRECTION('',(0.846010495645,0.,-0.533166241671));
#7243 = PCURVE('',#3065,#7244);
#7244 = DEFINITIONAL_REPRESENTATION('',(#7245),#7249);
#7245 = LINE('',#7246,#7247);
#7246 = CARTESIAN_POINT('',(0.,0.));
#7247 = VECTOR('',#7248,1.);
#7248 = DIRECTION('',(1.,0.));
#7249 = ( GEOMETRIC_REPRESENTATION_CONTEXT(2) 
PARAMETRIC_REPRESENTATION_CONTEXT() REPRESENTATION_CONTEXT('2D SPACE',''
  ) );
#7250 = PCURVE('',#126,#7251);
#7251 = DEFINITIONAL_REPRESENTATION('',(#7252),#7256);
#7252 = LINE('',#7253,#7254);
#7253 = CARTESIAN_POINT('',(13.080886953826,-8.969845742061));
#7254 = VECTOR('',#7255,1.);
#7255 = DIRECTION('',(0.533166241671,0.846010495645));
#7256 = ( GEOMETRIC_REPRESENTATION_CONTEXT(2) 
PARAMETRIC_REPRESENTATION_CONTEXT() REPRESENTATION_CONTEXT('2D SPACE',''
  ) );
#7257 = ADVANCED_FACE('',(#7258),#3037,.T.);
#7258 = FACE_BOUND('',#7259,.T.);
#7259 = EDGE_LOOP('',(#7260,#7283,#7284,#7285));
#7260 = ORIENTED_EDGE('',*,*,#7261,.T.);
#7261 = EDGE_CURVE('',#7262,#2994,#7264,.T.);
#7262 = VERTEX_POINT('',#7263);
#7263 = CARTESIAN_POINT('',(70.044572276471,401.,322.85264421113));
#7264 = SURFACE_CURVE('',#7265,(#7269,#7276),.PCURVE_S1.);
#7265 = LINE('',#7266,#7267);
#7266 = CARTESIAN_POINT('',(70.044572276471,401.,322.85264421113));
#7267 = VECTOR('',#7268,1.);
#7268 = DIRECTION('',(0.,1.,0.));
#7269 = PCURVE('',#3037,#7270);
#7270 = DEFINITIONAL_REPRESENTATION('',(#7271),#7275);
#7271 = LINE('',#7272,#7273);
#7272 = CARTESIAN_POINT('',(0.,0.));
#7273 = VECTOR('',#7274,1.);
#7274 = DIRECTION('',(0.,-1.));
#7275 = ( GEOMETRIC_REPRESENTATION_CONTEXT(2) 
PARAMETRIC_REPRESENTATION_CONTEXT() REPRESENTATION_CONTEXT('2D SPACE',''
  ) );
#7276 = PCURVE('',#3009,#7277);
#7277 = DEFINITIONAL_REPRESENTATION('',(#7278),#7282);
#7278 = LINE('',#7279,#7280);
#7279 = CARTESIAN_POINT('',(4.809631818338,0.));
#7280 = VECTOR('',#7281,1.);
#7281 = DIRECTION('',(0.,-1.));
#7282 = ( GEOMETRIC_REPRESENTATION_CONTEXT(2) 
PARAMETRIC_REPRESENTATION_CONTEXT() REPRESENTATION_CONTEXT('2D SPACE',''
  ) );
#7283 = ORIENTED_EDGE('',*,*,#3021,.T.);
#7284 = ORIENTED_EDGE('',*,*,#7212,.F.);
#7285 = ORIENTED_EDGE('',*,*,#7286,.F.);
#7286 = EDGE_CURVE('',#7262,#7213,#7287,.T.);
#7287 = SURFACE_CURVE('',#7288,(#7292,#7299),.PCURVE_S1.);
#7288 = LINE('',#7289,#7290);
#7289 = CARTESIAN_POINT('',(70.044572276471,401.,322.85264421113));
#7290 = VECTOR('',#7291,1.);
#7291 = DIRECTION('',(0.802204058459,0.,-0.597049954854));
#7292 = PCURVE('',#3037,#7293);
#7293 = DEFINITIONAL_REPRESENTATION('',(#7294),#7298);
#7294 = LINE('',#7295,#7296);
#7295 = CARTESIAN_POINT('',(0.,0.));
#7296 = VECTOR('',#7297,1.);
#7297 = DIRECTION('',(1.,0.));
#7298 = ( GEOMETRIC_REPRESENTATION_CONTEXT(2) 
PARAMETRIC_REPRESENTATION_CONTEXT() REPRESENTATION_CONTEXT('2D SPACE',''
  ) );
#7299 = PCURVE('',#126,#7300);
#7300 = DEFINITIONAL_REPRESENTATION('',(#7301),#7305);
#7301 = LINE('',#7302,#7303);
#7302 = CARTESIAN_POINT('',(12.347355788862,-9.955427723529));
#7303 = VECTOR('',#7304,1.);
#7304 = DIRECTION('',(0.597049954854,0.802204058459));
#7305 = ( GEOMETRIC_REPRESENTATION_CONTEXT(2) 
PARAMETRIC_REPRESENTATION_CONTEXT() REPRESENTATION_CONTEXT('2D SPACE',''
  ) );
#7306 = ADVANCED_FACE('',(#7307),#3009,.T.);
#7307 = FACE_BOUND('',#7308,.T.);
#7308 = EDGE_LOOP('',(#7309,#7332,#7333,#7334));
#7309 = ORIENTED_EDGE('',*,*,#7310,.T.);
#7310 = EDGE_CURVE('',#7311,#2966,#7313,.T.);
#7311 = VERTEX_POINT('',#7312);
#7312 = CARTESIAN_POINT('',(67.601189495442,401.,318.70988681861));
#7313 = SURFACE_CURVE('',#7314,(#7318,#7325),.PCURVE_S1.);
#7314 = LINE('',#7315,#7316);
#7315 = CARTESIAN_POINT('',(67.601189495442,401.,318.70988681861));
#7316 = VECTOR('',#7317,1.);
#7317 = DIRECTION('',(0.,1.,0.));
#7318 = PCURVE('',#3009,#7319);
#7319 = DEFINITIONAL_REPRESENTATION('',(#7320),#7324);
#7320 = LINE('',#7321,#7322);
#7321 = CARTESIAN_POINT('',(0.,0.));
#7322 = VECTOR('',#7323,1.);
#7323 = DIRECTION('',(0.,-1.));
#7324 = ( GEOMETRIC_REPRESENTATION_CONTEXT(2) 
PARAMETRIC_REPRESENTATION_CONTEXT() REPRESENTATION_CONTEXT('2D SPACE',''
  ) );
#7325 = PCURVE('',#2981,#7326);
#7326 = DEFINITIONAL_REPRESENTATION('',(#7327),#7331);
#7327 = LINE('',#7328,#7329);
#7328 = CARTESIAN_POINT('',(0.900142887903,0.));
#7329 = VECTOR('',#7330,1.);
#7330 = DIRECTION('',(0.,-1.));
#7331 = ( GEOMETRIC_REPRESENTATION_CONTEXT(2) 
PARAMETRIC_REPRESENTATION_CONTEXT() REPRESENTATION_CONTEXT('2D SPACE',''
  ) );
#7332 = ORIENTED_EDGE('',*,*,#2993,.T.);
#7333 = ORIENTED_EDGE('',*,*,#7261,.F.);
#7334 = ORIENTED_EDGE('',*,*,#7335,.F.);
#7335 = EDGE_CURVE('',#7311,#7262,#7336,.T.);
#7336 = SURFACE_CURVE('',#7337,(#7341,#7348),.PCURVE_S1.);
#7337 = LINE('',#7338,#7339);
#7338 = CARTESIAN_POINT('',(67.601189495442,401.,318.70988681861));
#7339 = VECTOR('',#7340,1.);
#7340 = DIRECTION('',(0.508018674468,0.,0.861346054958));
#7341 = PCURVE('',#3009,#7342);
#7342 = DEFINITIONAL_REPRESENTATION('',(#7343),#7347);
#7343 = LINE('',#7344,#7345);
#7344 = CARTESIAN_POINT('',(0.,0.));
#7345 = VECTOR('',#7346,1.);
#7346 = DIRECTION('',(1.,0.));
#7347 = ( GEOMETRIC_REPRESENTATION_CONTEXT(2) 
PARAMETRIC_REPRESENTATION_CONTEXT() REPRESENTATION_CONTEXT('2D SPACE',''
  ) );
#7348 = PCURVE('',#126,#7349);
#7349 = DEFINITIONAL_REPRESENTATION('',(#7350),#7354);
#7350 = LINE('',#7351,#7352);
#7351 = CARTESIAN_POINT('',(16.490113181389,-12.39881050455));
#7352 = VECTOR('',#7353,1.);
#7353 = DIRECTION('',(-0.861346054958,0.508018674468));
#7354 = ( GEOMETRIC_REPRESENTATION_CONTEXT(2) 
PARAMETRIC_REPRESENTATION_CONTEXT() REPRESENTATION_CONTEXT('2D SPACE',''
  ) );
#7355 = ADVANCED_FACE('',(#7356),#2981,.T.);
#7356 = FACE_BOUND('',#7357,.T.);
#7357 = EDGE_LOOP('',(#7358,#7381,#7382,#7383));
#7358 = ORIENTED_EDGE('',*,*,#7359,.T.);
#7359 = EDGE_CURVE('',#7360,#2938,#7362,.T.);
#7360 = VERTEX_POINT('',#7361);
#7361 = CARTESIAN_POINT('',(66.893701781133,401.,319.26641027071));
#7362 = SURFACE_CURVE('',#7363,(#7367,#7374),.PCURVE_S1.);
#7363 = LINE('',#7364,#7365);
#7364 = CARTESIAN_POINT('',(66.893701781133,401.,319.26641027071));
#7365 = VECTOR('',#7366,1.);
#7366 = DIRECTION('',(0.,1.,0.));
#7367 = PCURVE('',#2981,#7368);
#7368 = DEFINITIONAL_REPRESENTATION('',(#7369),#7373);
#7369 = LINE('',#7370,#7371);
#7370 = CARTESIAN_POINT('',(0.,0.));
#7371 = VECTOR('',#7372,1.);
#7372 = DIRECTION('',(0.,-1.));
#7373 = ( GEOMETRIC_REPRESENTATION_CONTEXT(2) 
PARAMETRIC_REPRESENTATION_CONTEXT() REPRESENTATION_CONTEXT('2D SPACE',''
  ) );
#7374 = PCURVE('',#2953,#7375);
#7375 = DEFINITIONAL_REPRESENTATION('',(#7376),#7380);
#7376 = LINE('',#7377,#7378);
#7377 = CARTESIAN_POINT('',(0.900142887903,0.));
#7378 = VECTOR('',#7379,1.);
#7379 = DIRECTION('',(0.,-1.));
#7380 = ( GEOMETRIC_REPRESENTATION_CONTEXT(2) 
PARAMETRIC_REPRESENTATION_CONTEXT() REPRESENTATION_CONTEXT('2D SPACE',''
  ) );
#7381 = ORIENTED_EDGE('',*,*,#2965,.T.);
#7382 = ORIENTED_EDGE('',*,*,#7310,.F.);
#7383 = ORIENTED_EDGE('',*,*,#7384,.F.);
#7384 = EDGE_CURVE('',#7360,#7311,#7385,.T.);
#7385 = SURFACE_CURVE('',#7386,(#7390,#7397),.PCURVE_S1.);
#7386 = LINE('',#7387,#7388);
#7387 = CARTESIAN_POINT('',(66.893701781133,401.,319.26641027071));
#7388 = VECTOR('',#7389,1.);
#7389 = DIRECTION('',(0.785972675912,0.,-0.618261233395));
#7390 = PCURVE('',#2981,#7391);
#7391 = DEFINITIONAL_REPRESENTATION('',(#7392),#7396);
#7392 = LINE('',#7393,#7394);
#7393 = CARTESIAN_POINT('',(0.,0.));
#7394 = VECTOR('',#7395,1.);
#7395 = DIRECTION('',(1.,0.));
#7396 = ( GEOMETRIC_REPRESENTATION_CONTEXT(2) 
PARAMETRIC_REPRESENTATION_CONTEXT() REPRESENTATION_CONTEXT('2D SPACE',''
  ) );
#7397 = PCURVE('',#126,#7398);
#7398 = DEFINITIONAL_REPRESENTATION('',(#7399),#7403);
#7399 = LINE('',#7400,#7401);
#7400 = CARTESIAN_POINT('',(15.933589729283,-13.10629821886));
#7401 = VECTOR('',#7402,1.);
#7402 = DIRECTION('',(0.618261233395,0.785972675912));
#7403 = ( GEOMETRIC_REPRESENTATION_CONTEXT(2) 
PARAMETRIC_REPRESENTATION_CONTEXT() REPRESENTATION_CONTEXT('2D SPACE',''
  ) );
#7404 = ADVANCED_FACE('',(#7405),#2953,.T.);
#7405 = FACE_BOUND('',#7406,.T.);
#7406 = EDGE_LOOP('',(#7407,#7430,#7431,#7432));
#7407 = ORIENTED_EDGE('',*,*,#7408,.T.);
#7408 = EDGE_CURVE('',#7409,#2910,#7411,.T.);
#7409 = VERTEX_POINT('',#7410);
#7410 = CARTESIAN_POINT('',(66.211162650398,401.,319.85326421647));
#7411 = SURFACE_CURVE('',#7412,(#7416,#7423),.PCURVE_S1.);
#7412 = LINE('',#7413,#7414);
#7413 = CARTESIAN_POINT('',(66.211162650398,401.,319.85326421647));
#7414 = VECTOR('',#7415,1.);
#7415 = DIRECTION('',(0.,1.,0.));
#7416 = PCURVE('',#2953,#7417);
#7417 = DEFINITIONAL_REPRESENTATION('',(#7418),#7422);
#7418 = LINE('',#7419,#7420);
#7419 = CARTESIAN_POINT('',(0.,0.));
#7420 = VECTOR('',#7421,1.);
#7421 = DIRECTION('',(0.,-1.));
#7422 = ( GEOMETRIC_REPRESENTATION_CONTEXT(2) 
PARAMETRIC_REPRESENTATION_CONTEXT() REPRESENTATION_CONTEXT('2D SPACE',''
  ) );
#7423 = PCURVE('',#2925,#7424);
#7424 = DEFINITIONAL_REPRESENTATION('',(#7425),#7429);
#7425 = LINE('',#7426,#7427);
#7426 = CARTESIAN_POINT('',(0.900142887903,0.));
#7427 = VECTOR('',#7428,1.);
#7428 = DIRECTION('',(0.,-1.));
#7429 = ( GEOMETRIC_REPRESENTATION_CONTEXT(2) 
PARAMETRIC_REPRESENTATION_CONTEXT() REPRESENTATION_CONTEXT('2D SPACE',''
  ) );
#7430 = ORIENTED_EDGE('',*,*,#2937,.T.);
#7431 = ORIENTED_EDGE('',*,*,#7359,.F.);
#7432 = ORIENTED_EDGE('',*,*,#7433,.F.);
#7433 = EDGE_CURVE('',#7409,#7360,#7434,.T.);
#7434 = SURFACE_CURVE('',#7435,(#7439,#7446),.PCURVE_S1.);
#7435 = LINE('',#7436,#7437);
#7436 = CARTESIAN_POINT('',(66.211162650398,401.,319.85326421647));
#7437 = VECTOR('',#7438,1.);
#7438 = DIRECTION('',(0.75825642785,0.,-0.651956432306));
#7439 = PCURVE('',#2953,#7440);
#7440 = DEFINITIONAL_REPRESENTATION('',(#7441),#7445);
#7441 = LINE('',#7442,#7443);
#7442 = CARTESIAN_POINT('',(0.,0.));
#7443 = VECTOR('',#7444,1.);
#7444 = DIRECTION('',(1.,0.));
#7445 = ( GEOMETRIC_REPRESENTATION_CONTEXT(2) 
PARAMETRIC_REPRESENTATION_CONTEXT() REPRESENTATION_CONTEXT('2D SPACE',''
  ) );
#7446 = PCURVE('',#126,#7447);
#7447 = DEFINITIONAL_REPRESENTATION('',(#7448),#7452);
#7448 = LINE('',#7449,#7450);
#7449 = CARTESIAN_POINT('',(15.346735783521,-13.7888373496));
#7450 = VECTOR('',#7451,1.);
#7451 = DIRECTION('',(0.651956432306,0.75825642785));
#7452 = ( GEOMETRIC_REPRESENTATION_CONTEXT(2) 
PARAMETRIC_REPRESENTATION_CONTEXT() REPRESENTATION_CONTEXT('2D SPACE',''
  ) );
#7453 = ADVANCED_FACE('',(#7454),#2925,.T.);
#7454 = FACE_BOUND('',#7455,.T.);
#7455 = EDGE_LOOP('',(#7456,#7479,#7480,#7481));
#7456 = ORIENTED_EDGE('',*,*,#7457,.T.);
#7457 = EDGE_CURVE('',#7458,#2882,#7460,.T.);
#7458 = VERTEX_POINT('',#7459);
#7459 = CARTESIAN_POINT('',(65.554871355264,401.,320.46933154605));
#7460 = SURFACE_CURVE('',#7461,(#7465,#7472),.PCURVE_S1.);
#7461 = LINE('',#7462,#7463);
#7462 = CARTESIAN_POINT('',(65.554871355264,401.,320.46933154605));
#7463 = VECTOR('',#7464,1.);
#7464 = DIRECTION('',(0.,1.,0.));
#7465 = PCURVE('',#2925,#7466);
#7466 = DEFINITIONAL_REPRESENTATION('',(#7467),#7471);
#7467 = LINE('',#7468,#7469);
#7468 = CARTESIAN_POINT('',(0.,0.));
#7469 = VECTOR('',#7470,1.);
#7470 = DIRECTION('',(0.,-1.));
#7471 = ( GEOMETRIC_REPRESENTATION_CONTEXT(2) 
PARAMETRIC_REPRESENTATION_CONTEXT() REPRESENTATION_CONTEXT('2D SPACE',''
  ) );
#7472 = PCURVE('',#2897,#7473);
#7473 = DEFINITIONAL_REPRESENTATION('',(#7474),#7478);
#7474 = LINE('',#7475,#7476);
#7475 = CARTESIAN_POINT('',(0.900142887903,0.));
#7476 = VECTOR('',#7477,1.);
#7477 = DIRECTION('',(0.,-1.));
#7478 = ( GEOMETRIC_REPRESENTATION_CONTEXT(2) 
PARAMETRIC_REPRESENTATION_CONTEXT() REPRESENTATION_CONTEXT('2D SPACE',''
  ) );
#7479 = ORIENTED_EDGE('',*,*,#2909,.T.);
#7480 = ORIENTED_EDGE('',*,*,#7408,.F.);
#7481 = ORIENTED_EDGE('',*,*,#7482,.F.);
#7482 = EDGE_CURVE('',#7458,#7409,#7483,.T.);
#7483 = SURFACE_CURVE('',#7484,(#7488,#7495),.PCURVE_S1.);
#7484 = LINE('',#7485,#7486);
#7485 = CARTESIAN_POINT('',(65.554871355264,401.,320.46933154605));
#7486 = VECTOR('',#7487,1.);
#7487 = DIRECTION('',(0.72909679558,0.,-0.684410595092));
#7488 = PCURVE('',#2925,#7489);
#7489 = DEFINITIONAL_REPRESENTATION('',(#7490),#7494);
#7490 = LINE('',#7491,#7492);
#7491 = CARTESIAN_POINT('',(0.,0.));
#7492 = VECTOR('',#7493,1.);
#7493 = DIRECTION('',(1.,0.));
#7494 = ( GEOMETRIC_REPRESENTATION_CONTEXT(2) 
PARAMETRIC_REPRESENTATION_CONTEXT() REPRESENTATION_CONTEXT('2D SPACE',''
  ) );
#7495 = PCURVE('',#126,#7496);
#7496 = DEFINITIONAL_REPRESENTATION('',(#7497),#7501);
#7497 = LINE('',#7498,#7499);
#7498 = CARTESIAN_POINT('',(14.730668453943,-14.44512864473));
#7499 = VECTOR('',#7500,1.);
#7500 = DIRECTION('',(0.684410595092,0.72909679558));
#7501 = ( GEOMETRIC_REPRESENTATION_CONTEXT(2) 
PARAMETRIC_REPRESENTATION_CONTEXT() REPRESENTATION_CONTEXT('2D SPACE',''
  ) );
#7502 = ADVANCED_FACE('',(#7503),#2897,.T.);
#7503 = FACE_BOUND('',#7504,.T.);
#7504 = EDGE_LOOP('',(#7505,#7528,#7529,#7530));
#7505 = ORIENTED_EDGE('',*,*,#7506,.T.);
#7506 = EDGE_CURVE('',#7507,#2854,#7509,.T.);
#7507 = VERTEX_POINT('',#7508);
#7508 = CARTESIAN_POINT('',(64.926077183512,401.,321.11343954027));
#7509 = SURFACE_CURVE('',#7510,(#7514,#7521),.PCURVE_S1.);
#7510 = LINE('',#7511,#7512);
#7511 = CARTESIAN_POINT('',(64.926077183512,401.,321.11343954027));
#7512 = VECTOR('',#7513,1.);
#7513 = DIRECTION('',(0.,1.,0.));
#7514 = PCURVE('',#2897,#7515);
#7515 = DEFINITIONAL_REPRESENTATION('',(#7516),#7520);
#7516 = LINE('',#7517,#7518);
#7517 = CARTESIAN_POINT('',(0.,0.));
#7518 = VECTOR('',#7519,1.);
#7519 = DIRECTION('',(0.,-1.));
#7520 = ( GEOMETRIC_REPRESENTATION_CONTEXT(2) 
PARAMETRIC_REPRESENTATION_CONTEXT() REPRESENTATION_CONTEXT('2D SPACE',''
  ) );
#7521 = PCURVE('',#2869,#7522);
#7522 = DEFINITIONAL_REPRESENTATION('',(#7523),#7527);
#7523 = LINE('',#7524,#7525);
#7524 = CARTESIAN_POINT('',(1.569764844889,0.));
#7525 = VECTOR('',#7526,1.);
#7526 = DIRECTION('',(0.,-1.));
#7527 = ( GEOMETRIC_REPRESENTATION_CONTEXT(2) 
PARAMETRIC_REPRESENTATION_CONTEXT() REPRESENTATION_CONTEXT('2D SPACE',''
  ) );
#7528 = ORIENTED_EDGE('',*,*,#2881,.T.);
#7529 = ORIENTED_EDGE('',*,*,#7457,.F.);
#7530 = ORIENTED_EDGE('',*,*,#7531,.F.);
#7531 = EDGE_CURVE('',#7507,#7458,#7532,.T.);
#7532 = SURFACE_CURVE('',#7533,(#7537,#7544),.PCURVE_S1.);
#7533 = LINE('',#7534,#7535);
#7534 = CARTESIAN_POINT('',(64.926077183512,401.,321.11343954027));
#7535 = VECTOR('',#7536,1.);
#7536 = DIRECTION('',(0.698549286121,0.,-0.715561943412));
#7537 = PCURVE('',#2897,#7538);
#7538 = DEFINITIONAL_REPRESENTATION('',(#7539),#7543);
#7539 = LINE('',#7540,#7541);
#7540 = CARTESIAN_POINT('',(0.,0.));
#7541 = VECTOR('',#7542,1.);
#7542 = DIRECTION('',(1.,0.));
#7543 = ( GEOMETRIC_REPRESENTATION_CONTEXT(2) 
PARAMETRIC_REPRESENTATION_CONTEXT() REPRESENTATION_CONTEXT('2D SPACE',''
  ) );
#7544 = PCURVE('',#126,#7545);
#7545 = DEFINITIONAL_REPRESENTATION('',(#7546),#7550);
#7546 = LINE('',#7547,#7548);
#7547 = CARTESIAN_POINT('',(14.086560459727,-15.07392281648));
#7548 = VECTOR('',#7549,1.);
#7549 = DIRECTION('',(0.715561943412,0.698549286121));
#7550 = ( GEOMETRIC_REPRESENTATION_CONTEXT(2) 
PARAMETRIC_REPRESENTATION_CONTEXT() REPRESENTATION_CONTEXT('2D SPACE',''
  ) );
#7551 = ADVANCED_FACE('',(#7552),#2869,.T.);
#7552 = FACE_BOUND('',#7553,.T.);
#7553 = EDGE_LOOP('',(#7554,#7577,#7578,#7579));
#7554 = ORIENTED_EDGE('',*,*,#7555,.T.);
#7555 = EDGE_CURVE('',#7556,#2826,#7558,.T.);
#7556 = VERTEX_POINT('',#7557);
#7557 = CARTESIAN_POINT('',(65.139656834754,401.,322.66860686272));
#7558 = SURFACE_CURVE('',#7559,(#7563,#7570),.PCURVE_S1.);
#7559 = LINE('',#7560,#7561);
#7560 = CARTESIAN_POINT('',(65.139656834754,401.,322.66860686272));
#7561 = VECTOR('',#7562,1.);
#7562 = DIRECTION('',(0.,1.,0.));
#7563 = PCURVE('',#2869,#7564);
#7564 = DEFINITIONAL_REPRESENTATION('',(#7565),#7569);
#7565 = LINE('',#7566,#7567);
#7566 = CARTESIAN_POINT('',(0.,0.));
#7567 = VECTOR('',#7568,1.);
#7568 = DIRECTION('',(0.,-1.));
#7569 = ( GEOMETRIC_REPRESENTATION_CONTEXT(2) 
PARAMETRIC_REPRESENTATION_CONTEXT() REPRESENTATION_CONTEXT('2D SPACE',''
  ) );
#7570 = PCURVE('',#2841,#7571);
#7571 = DEFINITIONAL_REPRESENTATION('',(#7572),#7576);
#7572 = LINE('',#7573,#7574);
#7573 = CARTESIAN_POINT('',(1.200610506126,0.));
#7574 = VECTOR('',#7575,1.);
#7575 = DIRECTION('',(0.,-1.));
#7576 = ( GEOMETRIC_REPRESENTATION_CONTEXT(2) 
PARAMETRIC_REPRESENTATION_CONTEXT() REPRESENTATION_CONTEXT('2D SPACE',''
  ) );
#7577 = ORIENTED_EDGE('',*,*,#2853,.T.);
#7578 = ORIENTED_EDGE('',*,*,#7506,.F.);
#7579 = ORIENTED_EDGE('',*,*,#7580,.F.);
#7580 = EDGE_CURVE('',#7556,#7507,#7581,.T.);
#7581 = SURFACE_CURVE('',#7582,(#7586,#7593),.PCURVE_S1.);
#7582 = LINE('',#7583,#7584);
#7583 = CARTESIAN_POINT('',(65.139656834754,401.,322.66860686272));
#7584 = VECTOR('',#7585,1.);
#7585 = DIRECTION('',(-0.136058373289,0.,-0.990700822175));
#7586 = PCURVE('',#2869,#7587);
#7587 = DEFINITIONAL_REPRESENTATION('',(#7588),#7592);
#7588 = LINE('',#7589,#7590);
#7589 = CARTESIAN_POINT('',(0.,0.));
#7590 = VECTOR('',#7591,1.);
#7591 = DIRECTION('',(1.,0.));
#7592 = ( GEOMETRIC_REPRESENTATION_CONTEXT(2) 
PARAMETRIC_REPRESENTATION_CONTEXT() REPRESENTATION_CONTEXT('2D SPACE',''
  ) );
#7593 = PCURVE('',#126,#7594);
#7594 = DEFINITIONAL_REPRESENTATION('',(#7595),#7599);
#7595 = LINE('',#7596,#7597);
#7596 = CARTESIAN_POINT('',(12.531393137274,-14.86034316524));
#7597 = VECTOR('',#7598,1.);
#7598 = DIRECTION('',(0.990700822175,-0.136058373289));
#7599 = ( GEOMETRIC_REPRESENTATION_CONTEXT(2) 
PARAMETRIC_REPRESENTATION_CONTEXT() REPRESENTATION_CONTEXT('2D SPACE',''
  ) );
#7600 = ADVANCED_FACE('',(#7601),#2841,.T.);
#7601 = FACE_BOUND('',#7602,.T.);
#7602 = EDGE_LOOP('',(#7603,#7626,#7627,#7628));
#7603 = ORIENTED_EDGE('',*,*,#7604,.T.);
#7604 = EDGE_CURVE('',#7605,#2798,#7607,.T.);
#7605 = VERTEX_POINT('',#7606);
#7606 = CARTESIAN_POINT('',(65.965423500424,401.,323.54014286386));
#7607 = SURFACE_CURVE('',#7608,(#7612,#7619),.PCURVE_S1.);
#7608 = LINE('',#7609,#7610);
#7609 = CARTESIAN_POINT('',(65.965423500424,401.,323.54014286386));
#7610 = VECTOR('',#7611,1.);
#7611 = DIRECTION('',(0.,1.,0.));
#7612 = PCURVE('',#2841,#7613);
#7613 = DEFINITIONAL_REPRESENTATION('',(#7614),#7618);
#7614 = LINE('',#7615,#7616);
#7615 = CARTESIAN_POINT('',(0.,0.));
#7616 = VECTOR('',#7617,1.);
#7617 = DIRECTION('',(0.,-1.));
#7618 = ( GEOMETRIC_REPRESENTATION_CONTEXT(2) 
PARAMETRIC_REPRESENTATION_CONTEXT() REPRESENTATION_CONTEXT('2D SPACE',''
  ) );
#7619 = PCURVE('',#2813,#7620);
#7620 = DEFINITIONAL_REPRESENTATION('',(#7621),#7625);
#7621 = LINE('',#7622,#7623);
#7622 = CARTESIAN_POINT('',(1.199633649912,0.));
#7623 = VECTOR('',#7624,1.);
#7624 = DIRECTION('',(0.,-1.));
#7625 = ( GEOMETRIC_REPRESENTATION_CONTEXT(2) 
PARAMETRIC_REPRESENTATION_CONTEXT() REPRESENTATION_CONTEXT('2D SPACE',''
  ) );
#7626 = ORIENTED_EDGE('',*,*,#2825,.T.);
#7627 = ORIENTED_EDGE('',*,*,#7555,.F.);
#7628 = ORIENTED_EDGE('',*,*,#7629,.F.);
#7629 = EDGE_CURVE('',#7605,#7556,#7630,.T.);
#7630 = SURFACE_CURVE('',#7631,(#7635,#7642),.PCURVE_S1.);
#7631 = LINE('',#7632,#7633);
#7632 = CARTESIAN_POINT('',(65.965423500424,401.,323.54014286386));
#7633 = VECTOR('',#7634,1.);
#7634 = DIRECTION('',(-0.687788971908,0.,-0.725910690183));
#7635 = PCURVE('',#2841,#7636);
#7636 = DEFINITIONAL_REPRESENTATION('',(#7637),#7641);
#7637 = LINE('',#7638,#7639);
#7638 = CARTESIAN_POINT('',(0.,0.));
#7639 = VECTOR('',#7640,1.);
#7640 = DIRECTION('',(1.,0.));
#7641 = ( GEOMETRIC_REPRESENTATION_CONTEXT(2) 
PARAMETRIC_REPRESENTATION_CONTEXT() REPRESENTATION_CONTEXT('2D SPACE',''
  ) );
#7642 = PCURVE('',#126,#7643);
#7643 = DEFINITIONAL_REPRESENTATION('',(#7644),#7648);
#7644 = LINE('',#7645,#7646);
#7645 = CARTESIAN_POINT('',(11.659857136131,-14.03457649957));
#7646 = VECTOR('',#7647,1.);
#7647 = DIRECTION('',(0.725910690183,-0.687788971908));
#7648 = ( GEOMETRIC_REPRESENTATION_CONTEXT(2) 
PARAMETRIC_REPRESENTATION_CONTEXT() REPRESENTATION_CONTEXT('2D SPACE',''
  ) );
#7649 = ADVANCED_FACE('',(#7650),#2813,.T.);
#7650 = FACE_BOUND('',#7651,.T.);
#7651 = EDGE_LOOP('',(#7652,#7675,#7676,#7677));
#7652 = ORIENTED_EDGE('',*,*,#7653,.T.);
#7653 = EDGE_CURVE('',#7654,#2770,#7656,.T.);
#7654 = VERTEX_POINT('',#7655);
#7655 = CARTESIAN_POINT('',(66.803134050364,401.,324.39884067364));
#7656 = SURFACE_CURVE('',#7657,(#7661,#7668),.PCURVE_S1.);
#7657 = LINE('',#7658,#7659);
#7658 = CARTESIAN_POINT('',(66.803134050364,401.,324.39884067364));
#7659 = VECTOR('',#7660,1.);
#7660 = DIRECTION('',(0.,1.,0.));
#7661 = PCURVE('',#2813,#7662);
#7662 = DEFINITIONAL_REPRESENTATION('',(#7663),#7667);
#7663 = LINE('',#7664,#7665);
#7664 = CARTESIAN_POINT('',(0.,0.));
#7665 = VECTOR('',#7666,1.);
#7666 = DIRECTION('',(0.,-1.));
#7667 = ( GEOMETRIC_REPRESENTATION_CONTEXT(2) 
PARAMETRIC_REPRESENTATION_CONTEXT() REPRESENTATION_CONTEXT('2D SPACE',''
  ) );
#7668 = PCURVE('',#2785,#7669);
#7669 = DEFINITIONAL_REPRESENTATION('',(#7670),#7674);
#7670 = LINE('',#7671,#7672);
#7671 = CARTESIAN_POINT('',(1.198719924449,0.));
#7672 = VECTOR('',#7673,1.);
#7673 = DIRECTION('',(0.,-1.));
#7674 = ( GEOMETRIC_REPRESENTATION_CONTEXT(2) 
PARAMETRIC_REPRESENTATION_CONTEXT() REPRESENTATION_CONTEXT('2D SPACE',''
  ) );
#7675 = ORIENTED_EDGE('',*,*,#2797,.T.);
#7676 = ORIENTED_EDGE('',*,*,#7604,.F.);
#7677 = ORIENTED_EDGE('',*,*,#7678,.F.);
#7678 = EDGE_CURVE('',#7654,#7605,#7679,.T.);
#7679 = SURFACE_CURVE('',#7680,(#7684,#7691),.PCURVE_S1.);
#7680 = LINE('',#7681,#7682);
#7681 = CARTESIAN_POINT('',(66.803134050364,401.,324.39884067364));
#7682 = VECTOR('',#7683,1.);
#7683 = DIRECTION('',(-0.698305311793,0.,-0.715800035989));
#7684 = PCURVE('',#2813,#7685);
#7685 = DEFINITIONAL_REPRESENTATION('',(#7686),#7690);
#7686 = LINE('',#7687,#7688);
#7687 = CARTESIAN_POINT('',(0.,0.));
#7688 = VECTOR('',#7689,1.);
#7689 = DIRECTION('',(1.,0.));
#7690 = ( GEOMETRIC_REPRESENTATION_CONTEXT(2) 
PARAMETRIC_REPRESENTATION_CONTEXT() REPRESENTATION_CONTEXT('2D SPACE',''
  ) );
#7691 = PCURVE('',#126,#7692);
#7692 = DEFINITIONAL_REPRESENTATION('',(#7693),#7697);
#7693 = LINE('',#7694,#7695);
#7694 = CARTESIAN_POINT('',(10.801159326351,-13.19686594963));
#7695 = VECTOR('',#7696,1.);
#7696 = DIRECTION('',(0.715800035989,-0.698305311793));
#7697 = ( GEOMETRIC_REPRESENTATION_CONTEXT(2) 
PARAMETRIC_REPRESENTATION_CONTEXT() REPRESENTATION_CONTEXT('2D SPACE',''
  ) );
#7698 = ADVANCED_FACE('',(#7699),#2785,.T.);
#7699 = FACE_BOUND('',#7700,.T.);
#7700 = EDGE_LOOP('',(#7701,#7724,#7725,#7726));
#7701 = ORIENTED_EDGE('',*,*,#7702,.T.);
#7702 = EDGE_CURVE('',#7703,#2742,#7705,.T.);
#7703 = VERTEX_POINT('',#7704);
#7704 = CARTESIAN_POINT('',(67.652644211138,401.,325.24457227647));
#7705 = SURFACE_CURVE('',#7706,(#7710,#7717),.PCURVE_S1.);
#7706 = LINE('',#7707,#7708);
#7707 = CARTESIAN_POINT('',(67.652644211138,401.,325.24457227647));
#7708 = VECTOR('',#7709,1.);
#7709 = DIRECTION('',(0.,1.,0.));
#7710 = PCURVE('',#2785,#7711);
#7711 = DEFINITIONAL_REPRESENTATION('',(#7712),#7716);
#7712 = LINE('',#7713,#7714);
#7713 = CARTESIAN_POINT('',(0.,0.));
#7714 = VECTOR('',#7715,1.);
#7715 = DIRECTION('',(0.,-1.));
#7716 = ( GEOMETRIC_REPRESENTATION_CONTEXT(2) 
PARAMETRIC_REPRESENTATION_CONTEXT() REPRESENTATION_CONTEXT('2D SPACE',''
  ) );
#7717 = PCURVE('',#2757,#7718);
#7718 = DEFINITIONAL_REPRESENTATION('',(#7719),#7723);
#7719 = LINE('',#7720,#7721);
#7720 = CARTESIAN_POINT('',(1.228592614404,0.));
#7721 = VECTOR('',#7722,1.);
#7722 = DIRECTION('',(0.,-1.));
#7723 = ( GEOMETRIC_REPRESENTATION_CONTEXT(2) 
PARAMETRIC_REPRESENTATION_CONTEXT() REPRESENTATION_CONTEXT('2D SPACE',''
  ) );
#7724 = ORIENTED_EDGE('',*,*,#2769,.T.);
#7725 = ORIENTED_EDGE('',*,*,#7653,.F.);
#7726 = ORIENTED_EDGE('',*,*,#7727,.F.);
#7727 = EDGE_CURVE('',#7703,#7654,#7728,.T.);
#7728 = SURFACE_CURVE('',#7729,(#7733,#7740),.PCURVE_S1.);
#7729 = LINE('',#7730,#7731);
#7730 = CARTESIAN_POINT('',(67.652644211138,401.,325.24457227647));
#7731 = VECTOR('',#7732,1.);
#7732 = DIRECTION('',(-0.708681105109,0.,-0.705528944312));
#7733 = PCURVE('',#2785,#7734);
#7734 = DEFINITIONAL_REPRESENTATION('',(#7735),#7739);
#7735 = LINE('',#7736,#7737);
#7736 = CARTESIAN_POINT('',(0.,0.));
#7737 = VECTOR('',#7738,1.);
#7738 = DIRECTION('',(1.,0.));
#7739 = ( GEOMETRIC_REPRESENTATION_CONTEXT(2) 
PARAMETRIC_REPRESENTATION_CONTEXT() REPRESENTATION_CONTEXT('2D SPACE',''
  ) );
#7740 = PCURVE('',#126,#7741);
#7741 = DEFINITIONAL_REPRESENTATION('',(#7742),#7746);
#7742 = LINE('',#7743,#7744);
#7743 = CARTESIAN_POINT('',(9.955427723529,-12.34735578886));
#7744 = VECTOR('',#7745,1.);
#7745 = DIRECTION('',(0.705528944312,-0.708681105109));
#7746 = ( GEOMETRIC_REPRESENTATION_CONTEXT(2) 
PARAMETRIC_REPRESENTATION_CONTEXT() REPRESENTATION_CONTEXT('2D SPACE',''
  ) );
#7747 = ADVANCED_FACE('',(#7748),#2757,.T.);
#7748 = FACE_BOUND('',#7749,.T.);
#7749 = EDGE_LOOP('',(#7750,#7773,#7774,#7775));
#7750 = ORIENTED_EDGE('',*,*,#7751,.T.);
#7751 = EDGE_CURVE('',#7752,#2714,#7754,.T.);
#7752 = VERTEX_POINT('',#7753);
#7753 = CARTESIAN_POINT('',(66.919113046174,401.,326.23015425793));
#7754 = SURFACE_CURVE('',#7755,(#7759,#7766),.PCURVE_S1.);
#7755 = LINE('',#7756,#7757);
#7756 = CARTESIAN_POINT('',(66.919113046174,401.,326.23015425793));
#7757 = VECTOR('',#7758,1.);
#7758 = DIRECTION('',(0.,1.,0.));
#7759 = PCURVE('',#2757,#7760);
#7760 = DEFINITIONAL_REPRESENTATION('',(#7761),#7765);
#7761 = LINE('',#7762,#7763);
#7762 = CARTESIAN_POINT('',(0.,0.));
#7763 = VECTOR('',#7764,1.);
#7764 = DIRECTION('',(0.,-1.));
#7765 = ( GEOMETRIC_REPRESENTATION_CONTEXT(2) 
PARAMETRIC_REPRESENTATION_CONTEXT() REPRESENTATION_CONTEXT('2D SPACE',''
  ) );
#7766 = PCURVE('',#2729,#7767);
#7767 = DEFINITIONAL_REPRESENTATION('',(#7768),#7772);
#7768 = LINE('',#7769,#7770);
#7769 = CARTESIAN_POINT('',(1.228592614404,0.));
#7770 = VECTOR('',#7771,1.);
#7771 = DIRECTION('',(0.,-1.));
#7772 = ( GEOMETRIC_REPRESENTATION_CONTEXT(2) 
PARAMETRIC_REPRESENTATION_CONTEXT() REPRESENTATION_CONTEXT('2D SPACE',''
  ) );
#7773 = ORIENTED_EDGE('',*,*,#2741,.T.);
#7774 = ORIENTED_EDGE('',*,*,#7702,.F.);
#7775 = ORIENTED_EDGE('',*,*,#7776,.F.);
#7776 = EDGE_CURVE('',#7752,#7703,#7777,.T.);
#7777 = SURFACE_CURVE('',#7778,(#7782,#7789),.PCURVE_S1.);
#7778 = LINE('',#7779,#7780);
#7779 = CARTESIAN_POINT('',(66.919113046174,401.,326.23015425793));
#7780 = VECTOR('',#7781,1.);
#7781 = DIRECTION('',(0.597049954854,0.,-0.802204058459));
#7782 = PCURVE('',#2757,#7783);
#7783 = DEFINITIONAL_REPRESENTATION('',(#7784),#7788);
#7784 = LINE('',#7785,#7786);
#7785 = CARTESIAN_POINT('',(0.,0.));
#7786 = VECTOR('',#7787,1.);
#7787 = DIRECTION('',(1.,0.));
#7788 = ( GEOMETRIC_REPRESENTATION_CONTEXT(2) 
PARAMETRIC_REPRESENTATION_CONTEXT() REPRESENTATION_CONTEXT('2D SPACE',''
  ) );
#7789 = PCURVE('',#126,#7790);
#7790 = DEFINITIONAL_REPRESENTATION('',(#7791),#7795);
#7791 = LINE('',#7792,#7793);
#7792 = CARTESIAN_POINT('',(8.969845742061,-13.08088695382));
#7793 = VECTOR('',#7794,1.);
#7794 = DIRECTION('',(0.802204058459,0.597049954854));
#7795 = ( GEOMETRIC_REPRESENTATION_CONTEXT(2) 
PARAMETRIC_REPRESENTATION_CONTEXT() REPRESENTATION_CONTEXT('2D SPACE',''
  ) );
#7796 = ADVANCED_FACE('',(#7797),#2729,.T.);
#7797 = FACE_BOUND('',#7798,.T.);
#7798 = EDGE_LOOP('',(#7799,#7822,#7823,#7824));
#7799 = ORIENTED_EDGE('',*,*,#7800,.T.);
#7800 = EDGE_CURVE('',#7801,#2686,#7803,.T.);
#7801 = VERTEX_POINT('',#7802);
#7802 = CARTESIAN_POINT('',(66.264068939407,401.,327.26955650459));
#7803 = SURFACE_CURVE('',#7804,(#7808,#7815),.PCURVE_S1.);
#7804 = LINE('',#7805,#7806);
#7805 = CARTESIAN_POINT('',(66.264068939407,401.,327.26955650459));
#7806 = VECTOR('',#7807,1.);
#7807 = DIRECTION('',(0.,1.,0.));
#7808 = PCURVE('',#2729,#7809);
#7809 = DEFINITIONAL_REPRESENTATION('',(#7810),#7814);
#7810 = LINE('',#7811,#7812);
#7811 = CARTESIAN_POINT('',(0.,0.));
#7812 = VECTOR('',#7813,1.);
#7813 = DIRECTION('',(0.,-1.));
#7814 = ( GEOMETRIC_REPRESENTATION_CONTEXT(2) 
PARAMETRIC_REPRESENTATION_CONTEXT() REPRESENTATION_CONTEXT('2D SPACE',''
  ) );
#7815 = PCURVE('',#2701,#7816);
#7816 = DEFINITIONAL_REPRESENTATION('',(#7817),#7821);
#7817 = LINE('',#7818,#7819);
#7818 = CARTESIAN_POINT('',(1.228592614404,0.));
#7819 = VECTOR('',#7820,1.);
#7820 = DIRECTION('',(0.,-1.));
#7821 = ( GEOMETRIC_REPRESENTATION_CONTEXT(2) 
PARAMETRIC_REPRESENTATION_CONTEXT() REPRESENTATION_CONTEXT('2D SPACE',''
  ) );
#7822 = ORIENTED_EDGE('',*,*,#2713,.T.);
#7823 = ORIENTED_EDGE('',*,*,#7751,.F.);
#7824 = ORIENTED_EDGE('',*,*,#7825,.F.);
#7825 = EDGE_CURVE('',#7801,#7752,#7826,.T.);
#7826 = SURFACE_CURVE('',#7827,(#7831,#7838),.PCURVE_S1.);
#7827 = LINE('',#7828,#7829);
#7828 = CARTESIAN_POINT('',(66.264068939407,401.,327.26955650459));
#7829 = VECTOR('',#7830,1.);
#7830 = DIRECTION('',(0.533166241671,0.,-0.846010495645));
#7831 = PCURVE('',#2729,#7832);
#7832 = DEFINITIONAL_REPRESENTATION('',(#7833),#7837);
#7833 = LINE('',#7834,#7835);
#7834 = CARTESIAN_POINT('',(0.,0.));
#7835 = VECTOR('',#7836,1.);
#7836 = DIRECTION('',(1.,0.));
#7837 = ( GEOMETRIC_REPRESENTATION_CONTEXT(2) 
PARAMETRIC_REPRESENTATION_CONTEXT() REPRESENTATION_CONTEXT('2D SPACE',''
  ) );
#7838 = PCURVE('',#126,#7839);
#7839 = DEFINITIONAL_REPRESENTATION('',(#7840),#7844);
#7840 = LINE('',#7841,#7842);
#7841 = CARTESIAN_POINT('',(7.930443495403,-13.73593106059));
#7842 = VECTOR('',#7843,1.);
#7843 = DIRECTION('',(0.846010495645,0.533166241671));
#7844 = ( GEOMETRIC_REPRESENTATION_CONTEXT(2) 
PARAMETRIC_REPRESENTATION_CONTEXT() REPRESENTATION_CONTEXT('2D SPACE',''
  ) );
#7845 = ADVANCED_FACE('',(#7846),#2701,.T.);
#7846 = FACE_BOUND('',#7847,.T.);
#7847 = EDGE_LOOP('',(#7848,#7871,#7872,#7873));
#7848 = ORIENTED_EDGE('',*,*,#7849,.T.);
#7849 = EDGE_CURVE('',#7850,#2658,#7852,.T.);
#7850 = VERTEX_POINT('',#7851);
#7851 = CARTESIAN_POINT('',(65.691442242435,401.,328.35654246498));
#7852 = SURFACE_CURVE('',#7853,(#7857,#7864),.PCURVE_S1.);
#7853 = LINE('',#7854,#7855);
#7854 = CARTESIAN_POINT('',(65.691442242435,401.,328.35654246498));
#7855 = VECTOR('',#7856,1.);
#7856 = DIRECTION('',(0.,1.,0.));
#7857 = PCURVE('',#2701,#7858);
#7858 = DEFINITIONAL_REPRESENTATION('',(#7859),#7863);
#7859 = LINE('',#7860,#7861);
#7860 = CARTESIAN_POINT('',(0.,0.));
#7861 = VECTOR('',#7862,1.);
#7862 = DIRECTION('',(0.,-1.));
#7863 = ( GEOMETRIC_REPRESENTATION_CONTEXT(2) 
PARAMETRIC_REPRESENTATION_CONTEXT() REPRESENTATION_CONTEXT('2D SPACE',''
  ) );
#7864 = PCURVE('',#2673,#7865);
#7865 = DEFINITIONAL_REPRESENTATION('',(#7866),#7870);
#7866 = LINE('',#7867,#7868);
#7867 = CARTESIAN_POINT('',(1.228592614404,0.));
#7868 = VECTOR('',#7869,1.);
#7869 = DIRECTION('',(0.,-1.));
#7870 = ( GEOMETRIC_REPRESENTATION_CONTEXT(2) 
PARAMETRIC_REPRESENTATION_CONTEXT() REPRESENTATION_CONTEXT('2D SPACE',''
  ) );
#7871 = ORIENTED_EDGE('',*,*,#2685,.T.);
#7872 = ORIENTED_EDGE('',*,*,#7800,.F.);
#7873 = ORIENTED_EDGE('',*,*,#7874,.F.);
#7874 = EDGE_CURVE('',#7850,#7801,#7875,.T.);
#7875 = SURFACE_CURVE('',#7876,(#7880,#7887),.PCURVE_S1.);
#7876 = LINE('',#7877,#7878);
#7877 = CARTESIAN_POINT('',(65.691442242435,401.,328.35654246498));
#7878 = VECTOR('',#7879,1.);
#7879 = DIRECTION('',(0.466083460261,0.,-0.88474075755));
#7880 = PCURVE('',#2701,#7881);
#7881 = DEFINITIONAL_REPRESENTATION('',(#7882),#7886);
#7882 = LINE('',#7883,#7884);
#7883 = CARTESIAN_POINT('',(0.,0.));
#7884 = VECTOR('',#7885,1.);
#7885 = DIRECTION('',(1.,0.));
#7886 = ( GEOMETRIC_REPRESENTATION_CONTEXT(2) 
PARAMETRIC_REPRESENTATION_CONTEXT() REPRESENTATION_CONTEXT('2D SPACE',''
  ) );
#7887 = PCURVE('',#126,#7888);
#7888 = DEFINITIONAL_REPRESENTATION('',(#7889),#7893);
#7889 = LINE('',#7890,#7891);
#7890 = CARTESIAN_POINT('',(6.843457535015,-14.30855775756));
#7891 = VECTOR('',#7892,1.);
#7892 = DIRECTION('',(0.88474075755,0.466083460261));
#7893 = ( GEOMETRIC_REPRESENTATION_CONTEXT(2) 
PARAMETRIC_REPRESENTATION_CONTEXT() REPRESENTATION_CONTEXT('2D SPACE',''
  ) );
#7894 = ADVANCED_FACE('',(#7895),#2673,.T.);
#7895 = FACE_BOUND('',#7896,.T.);
#7896 = EDGE_LOOP('',(#7897,#7920,#7921,#7922));
#7897 = ORIENTED_EDGE('',*,*,#7898,.T.);
#7898 = EDGE_CURVE('',#7899,#2630,#7901,.T.);
#7899 = VERTEX_POINT('',#7900);
#7900 = CARTESIAN_POINT('',(65.204668791453,401.,329.48459007904));
#7901 = SURFACE_CURVE('',#7902,(#7906,#7913),.PCURVE_S1.);
#7902 = LINE('',#7903,#7904);
#7903 = CARTESIAN_POINT('',(65.204668791453,401.,329.48459007904));
#7904 = VECTOR('',#7905,1.);
#7905 = DIRECTION('',(0.,1.,0.));
#7906 = PCURVE('',#2673,#7907);
#7907 = DEFINITIONAL_REPRESENTATION('',(#7908),#7912);
#7908 = LINE('',#7909,#7910);
#7909 = CARTESIAN_POINT('',(0.,0.));
#7910 = VECTOR('',#7911,1.);
#7911 = DIRECTION('',(0.,-1.));
#7912 = ( GEOMETRIC_REPRESENTATION_CONTEXT(2) 
PARAMETRIC_REPRESENTATION_CONTEXT() REPRESENTATION_CONTEXT('2D SPACE',''
  ) );
#7913 = PCURVE('',#2645,#7914);
#7914 = DEFINITIONAL_REPRESENTATION('',(#7915),#7919);
#7915 = LINE('',#7916,#7917);
#7916 = CARTESIAN_POINT('',(4.809631818338,0.));
#7917 = VECTOR('',#7918,1.);
#7918 = DIRECTION('',(0.,-1.));
#7919 = ( GEOMETRIC_REPRESENTATION_CONTEXT(2) 
PARAMETRIC_REPRESENTATION_CONTEXT() REPRESENTATION_CONTEXT('2D SPACE',''
  ) );
#7920 = ORIENTED_EDGE('',*,*,#2657,.T.);
#7921 = ORIENTED_EDGE('',*,*,#7849,.F.);
#7922 = ORIENTED_EDGE('',*,*,#7923,.F.);
#7923 = EDGE_CURVE('',#7899,#7850,#7924,.T.);
#7924 = SURFACE_CURVE('',#7925,(#7929,#7936),.PCURVE_S1.);
#7925 = LINE('',#7926,#7927);
#7926 = CARTESIAN_POINT('',(65.204668791453,401.,329.48459007904));
#7927 = VECTOR('',#7928,1.);
#7928 = DIRECTION('',(0.396204116217,0.,-0.918162457462));
#7929 = PCURVE('',#2673,#7930);
#7930 = DEFINITIONAL_REPRESENTATION('',(#7931),#7935);
#7931 = LINE('',#7932,#7933);
#7932 = CARTESIAN_POINT('',(0.,0.));
#7933 = VECTOR('',#7934,1.);
#7934 = DIRECTION('',(1.,0.));
#7935 = ( GEOMETRIC_REPRESENTATION_CONTEXT(2) 
PARAMETRIC_REPRESENTATION_CONTEXT() REPRESENTATION_CONTEXT('2D SPACE',''
  ) );
#7936 = PCURVE('',#126,#7937);
#7937 = DEFINITIONAL_REPRESENTATION('',(#7938),#7942);
#7938 = LINE('',#7939,#7940);
#7939 = CARTESIAN_POINT('',(5.715409920955,-14.79533120854));
#7940 = VECTOR('',#7941,1.);
#7941 = DIRECTION('',(0.918162457462,0.396204116217));
#7942 = ( GEOMETRIC_REPRESENTATION_CONTEXT(2) 
PARAMETRIC_REPRESENTATION_CONTEXT() REPRESENTATION_CONTEXT('2D SPACE',''
  ) );
#7943 = ADVANCED_FACE('',(#7944),#2645,.T.);
#7944 = FACE_BOUND('',#7945,.T.);
#7945 = EDGE_LOOP('',(#7946,#7969,#7970,#7971));
#7946 = ORIENTED_EDGE('',*,*,#7947,.T.);
#7947 = EDGE_CURVE('',#7948,#2602,#7950,.T.);
#7948 = VERTEX_POINT('',#7949);
#7949 = CARTESIAN_POINT('',(61.017258535649,401.,327.11854832591));
#7950 = SURFACE_CURVE('',#7951,(#7955,#7962),.PCURVE_S1.);
#7951 = LINE('',#7952,#7953);
#7952 = CARTESIAN_POINT('',(61.017258535649,401.,327.11854832591));
#7953 = VECTOR('',#7954,1.);
#7954 = DIRECTION('',(0.,1.,0.));
#7955 = PCURVE('',#2645,#7956);
#7956 = DEFINITIONAL_REPRESENTATION('',(#7957),#7961);
#7957 = LINE('',#7958,#7959);
#7958 = CARTESIAN_POINT('',(0.,0.));
#7959 = VECTOR('',#7960,1.);
#7960 = DIRECTION('',(0.,-1.));
#7961 = ( GEOMETRIC_REPRESENTATION_CONTEXT(2) 
PARAMETRIC_REPRESENTATION_CONTEXT() REPRESENTATION_CONTEXT('2D SPACE',''
  ) );
#7962 = PCURVE('',#2617,#7963);
#7963 = DEFINITIONAL_REPRESENTATION('',(#7964),#7968);
#7964 = LINE('',#7965,#7966);
#7965 = CARTESIAN_POINT('',(0.900142887903,0.));
#7966 = VECTOR('',#7967,1.);
#7967 = DIRECTION('',(0.,-1.));
#7968 = ( GEOMETRIC_REPRESENTATION_CONTEXT(2) 
PARAMETRIC_REPRESENTATION_CONTEXT() REPRESENTATION_CONTEXT('2D SPACE',''
  ) );
#7969 = ORIENTED_EDGE('',*,*,#2629,.T.);
#7970 = ORIENTED_EDGE('',*,*,#7898,.F.);
#7971 = ORIENTED_EDGE('',*,*,#7972,.F.);
#7972 = EDGE_CURVE('',#7948,#7899,#7973,.T.);
#7973 = SURFACE_CURVE('',#7974,(#7978,#7985),.PCURVE_S1.);
#7974 = LINE('',#7975,#7976);
#7975 = CARTESIAN_POINT('',(61.017258535649,401.,327.11854832591));
#7976 = VECTOR('',#7977,1.);
#7977 = DIRECTION('',(0.870630105165,0.,0.49193822781));
#7978 = PCURVE('',#2645,#7979);
#7979 = DEFINITIONAL_REPRESENTATION('',(#7980),#7984);
#7980 = LINE('',#7981,#7982);
#7981 = CARTESIAN_POINT('',(0.,0.));
#7982 = VECTOR('',#7983,1.);
#7983 = DIRECTION('',(1.,0.));
#7984 = ( GEOMETRIC_REPRESENTATION_CONTEXT(2) 
PARAMETRIC_REPRESENTATION_CONTEXT() REPRESENTATION_CONTEXT('2D SPACE',''
  ) );
#7985 = PCURVE('',#126,#7986);
#7986 = DEFINITIONAL_REPRESENTATION('',(#7987),#7991);
#7987 = LINE('',#7988,#7989);
#7988 = CARTESIAN_POINT('',(8.081451674085,-18.98274146435));
#7989 = VECTOR('',#7990,1.);
#7990 = DIRECTION('',(-0.49193822781,0.870630105165));
#7991 = ( GEOMETRIC_REPRESENTATION_CONTEXT(2) 
PARAMETRIC_REPRESENTATION_CONTEXT() REPRESENTATION_CONTEXT('2D SPACE',''
  ) );
#7992 = ADVANCED_FACE('',(#7993),#2617,.T.);
#7993 = FACE_BOUND('',#7994,.T.);
#7994 = EDGE_LOOP('',(#7995,#8018,#8019,#8020));
#7995 = ORIENTED_EDGE('',*,*,#7996,.T.);
#7996 = EDGE_CURVE('',#7997,#2574,#7999,.T.);
#7997 = VERTEX_POINT('',#7998);
#7998 = CARTESIAN_POINT('',(60.682817928245,401.,327.95425563039));
#7999 = SURFACE_CURVE('',#8000,(#8004,#8011),.PCURVE_S1.);
#8000 = LINE('',#8001,#8002);
#8001 = CARTESIAN_POINT('',(60.682817928245,401.,327.95425563039));
#8002 = VECTOR('',#8003,1.);
#8003 = DIRECTION('',(0.,1.,0.));
#8004 = PCURVE('',#2617,#8005);
#8005 = DEFINITIONAL_REPRESENTATION('',(#8006),#8010);
#8006 = LINE('',#8007,#8008);
#8007 = CARTESIAN_POINT('',(0.,0.));
#8008 = VECTOR('',#8009,1.);
#8009 = DIRECTION('',(0.,-1.));
#8010 = ( GEOMETRIC_REPRESENTATION_CONTEXT(2) 
PARAMETRIC_REPRESENTATION_CONTEXT() REPRESENTATION_CONTEXT('2D SPACE',''
  ) );
#8011 = PCURVE('',#2589,#8012);
#8012 = DEFINITIONAL_REPRESENTATION('',(#8013),#8017);
#8013 = LINE('',#8014,#8015);
#8014 = CARTESIAN_POINT('',(0.900142887903,0.));
#8015 = VECTOR('',#8016,1.);
#8016 = DIRECTION('',(0.,-1.));
#8017 = ( GEOMETRIC_REPRESENTATION_CONTEXT(2) 
PARAMETRIC_REPRESENTATION_CONTEXT() REPRESENTATION_CONTEXT('2D SPACE',''
  ) );
#8018 = ORIENTED_EDGE('',*,*,#2601,.T.);
#8019 = ORIENTED_EDGE('',*,*,#7947,.F.);
#8020 = ORIENTED_EDGE('',*,*,#8021,.F.);
#8021 = EDGE_CURVE('',#7997,#7948,#8022,.T.);
#8022 = SURFACE_CURVE('',#8023,(#8027,#8034),.PCURVE_S1.);
#8023 = LINE('',#8024,#8025);
#8024 = CARTESIAN_POINT('',(60.682817928245,401.,327.95425563039));
#8025 = VECTOR('',#8026,1.);
#8026 = DIRECTION('',(0.371541687323,0.,-0.928416272251));
#8027 = PCURVE('',#2617,#8028);
#8028 = DEFINITIONAL_REPRESENTATION('',(#8029),#8033);
#8029 = LINE('',#8030,#8031);
#8030 = CARTESIAN_POINT('',(0.,0.));
#8031 = VECTOR('',#8032,1.);
#8032 = DIRECTION('',(1.,0.));
#8033 = ( GEOMETRIC_REPRESENTATION_CONTEXT(2) 
PARAMETRIC_REPRESENTATION_CONTEXT() REPRESENTATION_CONTEXT('2D SPACE',''
  ) );
#8034 = PCURVE('',#126,#8035);
#8035 = DEFINITIONAL_REPRESENTATION('',(#8036),#8040);
#8036 = LINE('',#8037,#8038);
#8037 = CARTESIAN_POINT('',(7.245744369604,-19.31718207175));
#8038 = VECTOR('',#8039,1.);
#8039 = DIRECTION('',(0.928416272251,0.371541687323));
#8040 = ( GEOMETRIC_REPRESENTATION_CONTEXT(2) 
PARAMETRIC_REPRESENTATION_CONTEXT() REPRESENTATION_CONTEXT('2D SPACE',''
  ) );
#8041 = ADVANCED_FACE('',(#8042),#2589,.T.);
#8042 = FACE_BOUND('',#8043,.T.);
#8043 = EDGE_LOOP('',(#8044,#8067,#8068,#8069));
#8044 = ORIENTED_EDGE('',*,*,#8045,.T.);
#8045 = EDGE_CURVE('',#8046,#2546,#8048,.T.);
#8046 = VERTEX_POINT('',#8047);
#8047 = CARTESIAN_POINT('',(60.385148674833,401.,328.8037556211));
#8048 = SURFACE_CURVE('',#8049,(#8053,#8060),.PCURVE_S1.);
#8049 = LINE('',#8050,#8051);
#8050 = CARTESIAN_POINT('',(60.385148674833,401.,328.8037556211));
#8051 = VECTOR('',#8052,1.);
#8052 = DIRECTION('',(0.,1.,0.));
#8053 = PCURVE('',#2589,#8054);
#8054 = DEFINITIONAL_REPRESENTATION('',(#8055),#8059);
#8055 = LINE('',#8056,#8057);
#8056 = CARTESIAN_POINT('',(0.,0.));
#8057 = VECTOR('',#8058,1.);
#8058 = DIRECTION('',(0.,-1.));
#8059 = ( GEOMETRIC_REPRESENTATION_CONTEXT(2) 
PARAMETRIC_REPRESENTATION_CONTEXT() REPRESENTATION_CONTEXT('2D SPACE',''
  ) );
#8060 = PCURVE('',#2561,#8061);
#8061 = DEFINITIONAL_REPRESENTATION('',(#8062),#8066);
#8062 = LINE('',#8063,#8064);
#8063 = CARTESIAN_POINT('',(0.900142887903,0.));
#8064 = VECTOR('',#8065,1.);
#8065 = DIRECTION('',(0.,-1.));
#8066 = ( GEOMETRIC_REPRESENTATION_CONTEXT(2) 
PARAMETRIC_REPRESENTATION_CONTEXT() REPRESENTATION_CONTEXT('2D SPACE',''
  ) );
#8067 = ORIENTED_EDGE('',*,*,#2573,.T.);
#8068 = ORIENTED_EDGE('',*,*,#7996,.F.);
#8069 = ORIENTED_EDGE('',*,*,#8070,.F.);
#8070 = EDGE_CURVE('',#8046,#7997,#8071,.T.);
#8071 = SURFACE_CURVE('',#8072,(#8076,#8083),.PCURVE_S1.);
#8072 = LINE('',#8073,#8074);
#8073 = CARTESIAN_POINT('',(60.385148674833,401.,328.8037556211));
#8074 = VECTOR('',#8075,1.);
#8075 = DIRECTION('',(0.330691112948,0.,-0.943739046462));
#8076 = PCURVE('',#2589,#8077);
#8077 = DEFINITIONAL_REPRESENTATION('',(#8078),#8082);
#8078 = LINE('',#8079,#8080);
#8079 = CARTESIAN_POINT('',(0.,0.));
#8080 = VECTOR('',#8081,1.);
#8081 = DIRECTION('',(1.,0.));
#8082 = ( GEOMETRIC_REPRESENTATION_CONTEXT(2) 
PARAMETRIC_REPRESENTATION_CONTEXT() REPRESENTATION_CONTEXT('2D SPACE',''
  ) );
#8083 = PCURVE('',#126,#8084);
#8084 = DEFINITIONAL_REPRESENTATION('',(#8085),#8089);
#8085 = LINE('',#8086,#8087);
#8086 = CARTESIAN_POINT('',(6.396244378896,-19.61485132516));
#8087 = VECTOR('',#8088,1.);
#8088 = DIRECTION('',(0.943739046462,0.330691112948));
#8089 = ( GEOMETRIC_REPRESENTATION_CONTEXT(2) 
PARAMETRIC_REPRESENTATION_CONTEXT() REPRESENTATION_CONTEXT('2D SPACE',''
  ) );
#8090 = ADVANCED_FACE('',(#8091),#2561,.T.);
#8091 = FACE_BOUND('',#8092,.T.);
#8092 = EDGE_LOOP('',(#8093,#8116,#8117,#8118));
#8093 = ORIENTED_EDGE('',*,*,#8094,.T.);
#8094 = EDGE_CURVE('',#8095,#2518,#8097,.T.);
#8095 = VERTEX_POINT('',#8096);
#8096 = CARTESIAN_POINT('',(60.124817405753,401.,329.66543122652));
#8097 = SURFACE_CURVE('',#8098,(#8102,#8109),.PCURVE_S1.);
#8098 = LINE('',#8099,#8100);
#8099 = CARTESIAN_POINT('',(60.124817405753,401.,329.66543122652));
#8100 = VECTOR('',#8101,1.);
#8101 = DIRECTION('',(0.,1.,0.));
#8102 = PCURVE('',#2561,#8103);
#8103 = DEFINITIONAL_REPRESENTATION('',(#8104),#8108);
#8104 = LINE('',#8105,#8106);
#8105 = CARTESIAN_POINT('',(0.,0.));
#8106 = VECTOR('',#8107,1.);
#8107 = DIRECTION('',(0.,-1.));
#8108 = ( GEOMETRIC_REPRESENTATION_CONTEXT(2) 
PARAMETRIC_REPRESENTATION_CONTEXT() REPRESENTATION_CONTEXT('2D SPACE',''
  ) );
#8109 = PCURVE('',#2533,#8110);
#8110 = DEFINITIONAL_REPRESENTATION('',(#8111),#8115);
#8111 = LINE('',#8112,#8113);
#8112 = CARTESIAN_POINT('',(0.900142887903,0.));
#8113 = VECTOR('',#8114,1.);
#8114 = DIRECTION('',(0.,-1.));
#8115 = ( GEOMETRIC_REPRESENTATION_CONTEXT(2) 
PARAMETRIC_REPRESENTATION_CONTEXT() REPRESENTATION_CONTEXT('2D SPACE',''
  ) );
#8116 = ORIENTED_EDGE('',*,*,#2545,.T.);
#8117 = ORIENTED_EDGE('',*,*,#8045,.F.);
#8118 = ORIENTED_EDGE('',*,*,#8119,.F.);
#8119 = EDGE_CURVE('',#8095,#8046,#8120,.T.);
#8120 = SURFACE_CURVE('',#8121,(#8125,#8132),.PCURVE_S1.);
#8121 = LINE('',#8122,#8123);
#8122 = CARTESIAN_POINT('',(60.124817405753,401.,329.66543122652));
#8123 = VECTOR('',#8124,1.);
#8124 = DIRECTION('',(0.289211049244,0.,-0.957265359759));
#8125 = PCURVE('',#2561,#8126);
#8126 = DEFINITIONAL_REPRESENTATION('',(#8127),#8131);
#8127 = LINE('',#8128,#8129);
#8128 = CARTESIAN_POINT('',(0.,0.));
#8129 = VECTOR('',#8130,1.);
#8130 = DIRECTION('',(1.,0.));
#8131 = ( GEOMETRIC_REPRESENTATION_CONTEXT(2) 
PARAMETRIC_REPRESENTATION_CONTEXT() REPRESENTATION_CONTEXT('2D SPACE',''
  ) );
#8132 = PCURVE('',#126,#8133);
#8133 = DEFINITIONAL_REPRESENTATION('',(#8134),#8138);
#8134 = LINE('',#8135,#8136);
#8135 = CARTESIAN_POINT('',(5.534568773473,-19.87518259424));
#8136 = VECTOR('',#8137,1.);
#8137 = DIRECTION('',(0.957265359759,0.289211049244));
#8138 = ( GEOMETRIC_REPRESENTATION_CONTEXT(2) 
PARAMETRIC_REPRESENTATION_CONTEXT() REPRESENTATION_CONTEXT('2D SPACE',''
  ) );
#8139 = ADVANCED_FACE('',(#8140),#2533,.T.);
#8140 = FACE_BOUND('',#8141,.T.);
#8141 = EDGE_LOOP('',(#8142,#8165,#8166,#8167));
#8142 = ORIENTED_EDGE('',*,*,#8143,.T.);
#8143 = EDGE_CURVE('',#8144,#2490,#8146,.T.);
#8144 = VERTEX_POINT('',#8145);
#8145 = CARTESIAN_POINT('',(59.902319676372,401.,330.53764219817));
#8146 = SURFACE_CURVE('',#8147,(#8151,#8158),.PCURVE_S1.);
#8147 = LINE('',#8148,#8149);
#8148 = CARTESIAN_POINT('',(59.902319676372,401.,330.53764219817));
#8149 = VECTOR('',#8150,1.);
#8150 = DIRECTION('',(0.,1.,0.));
#8151 = PCURVE('',#2533,#8152);
#8152 = DEFINITIONAL_REPRESENTATION('',(#8153),#8157);
#8153 = LINE('',#8154,#8155);
#8154 = CARTESIAN_POINT('',(0.,0.));
#8155 = VECTOR('',#8156,1.);
#8156 = DIRECTION('',(0.,-1.));
#8157 = ( GEOMETRIC_REPRESENTATION_CONTEXT(2) 
PARAMETRIC_REPRESENTATION_CONTEXT() REPRESENTATION_CONTEXT('2D SPACE',''
  ) );
#8158 = PCURVE('',#2505,#8159);
#8159 = DEFINITIONAL_REPRESENTATION('',(#8160),#8164);
#8160 = LINE('',#8161,#8162);
#8161 = CARTESIAN_POINT('',(1.569764844889,0.));
#8162 = VECTOR('',#8163,1.);
#8163 = DIRECTION('',(0.,-1.));
#8164 = ( GEOMETRIC_REPRESENTATION_CONTEXT(2) 
PARAMETRIC_REPRESENTATION_CONTEXT() REPRESENTATION_CONTEXT('2D SPACE',''
  ) );
#8165 = ORIENTED_EDGE('',*,*,#2517,.T.);
#8166 = ORIENTED_EDGE('',*,*,#8094,.F.);
#8167 = ORIENTED_EDGE('',*,*,#8168,.F.);
#8168 = EDGE_CURVE('',#8144,#8095,#8169,.T.);
#8169 = SURFACE_CURVE('',#8170,(#8174,#8181),.PCURVE_S1.);
#8170 = LINE('',#8171,#8172);
#8171 = CARTESIAN_POINT('',(59.902319676372,401.,330.53764219817));
#8172 = VECTOR('',#8173,1.);
#8173 = DIRECTION('',(0.24718045587,0.,-0.968969464037));
#8174 = PCURVE('',#2533,#8175);
#8175 = DEFINITIONAL_REPRESENTATION('',(#8176),#8180);
#8176 = LINE('',#8177,#8178);
#8177 = CARTESIAN_POINT('',(0.,0.));
#8178 = VECTOR('',#8179,1.);
#8179 = DIRECTION('',(1.,0.));
#8180 = ( GEOMETRIC_REPRESENTATION_CONTEXT(2) 
PARAMETRIC_REPRESENTATION_CONTEXT() REPRESENTATION_CONTEXT('2D SPACE',''
  ) );
#8181 = PCURVE('',#126,#8182);
#8182 = DEFINITIONAL_REPRESENTATION('',(#8183),#8187);
#8183 = LINE('',#8184,#8185);
#8184 = CARTESIAN_POINT('',(4.662357801825,-20.09768032362));
#8185 = VECTOR('',#8186,1.);
#8186 = DIRECTION('',(0.968969464037,0.24718045587));
#8187 = ( GEOMETRIC_REPRESENTATION_CONTEXT(2) 
PARAMETRIC_REPRESENTATION_CONTEXT() REPRESENTATION_CONTEXT('2D SPACE',''
  ) );
#8188 = ADVANCED_FACE('',(#8189),#2505,.T.);
#8189 = FACE_BOUND('',#8190,.T.);
#8190 = EDGE_LOOP('',(#8191,#8214,#8215,#8216));
#8191 = ORIENTED_EDGE('',*,*,#8192,.T.);
#8192 = EDGE_CURVE('',#8193,#2462,#8195,.T.);
#8193 = VERTEX_POINT('',#8194);
#8194 = CARTESIAN_POINT('',(60.864868741305,401.,331.77766678093));
#8195 = SURFACE_CURVE('',#8196,(#8200,#8207),.PCURVE_S1.);
#8196 = LINE('',#8197,#8198);
#8197 = CARTESIAN_POINT('',(60.864868741305,401.,331.77766678093));
#8198 = VECTOR('',#8199,1.);
#8199 = DIRECTION('',(0.,1.,0.));
#8200 = PCURVE('',#2505,#8201);
#8201 = DEFINITIONAL_REPRESENTATION('',(#8202),#8206);
#8202 = LINE('',#8203,#8204);
#8203 = CARTESIAN_POINT('',(0.,0.));
#8204 = VECTOR('',#8205,1.);
#8205 = DIRECTION('',(0.,-1.));
#8206 = ( GEOMETRIC_REPRESENTATION_CONTEXT(2) 
PARAMETRIC_REPRESENTATION_CONTEXT() REPRESENTATION_CONTEXT('2D SPACE',''
  ) );
#8207 = PCURVE('',#2477,#8208);
#8208 = DEFINITIONAL_REPRESENTATION('',(#8209),#8213);
#8209 = LINE('',#8210,#8211);
#8210 = CARTESIAN_POINT('',(1.200610506126,0.));
#8211 = VECTOR('',#8212,1.);
#8212 = DIRECTION('',(0.,-1.));
#8213 = ( GEOMETRIC_REPRESENTATION_CONTEXT(2) 
PARAMETRIC_REPRESENTATION_CONTEXT() REPRESENTATION_CONTEXT('2D SPACE',''
  ) );
#8214 = ORIENTED_EDGE('',*,*,#2489,.T.);
#8215 = ORIENTED_EDGE('',*,*,#8143,.F.);
#8216 = ORIENTED_EDGE('',*,*,#8217,.F.);
#8217 = EDGE_CURVE('',#8193,#8144,#8218,.T.);
#8218 = SURFACE_CURVE('',#8219,(#8223,#8230),.PCURVE_S1.);
#8219 = LINE('',#8220,#8221);
#8220 = CARTESIAN_POINT('',(60.864868741305,401.,331.77766678093));
#8221 = VECTOR('',#8222,1.);
#8222 = DIRECTION('',(-0.613180418753,0.,-0.789942892909));
#8223 = PCURVE('',#2505,#8224);
#8224 = DEFINITIONAL_REPRESENTATION('',(#8225),#8229);
#8225 = LINE('',#8226,#8227);
#8226 = CARTESIAN_POINT('',(0.,0.));
#8227 = VECTOR('',#8228,1.);
#8228 = DIRECTION('',(1.,0.));
#8229 = ( GEOMETRIC_REPRESENTATION_CONTEXT(2) 
PARAMETRIC_REPRESENTATION_CONTEXT() REPRESENTATION_CONTEXT('2D SPACE',''
  ) );
#8230 = PCURVE('',#126,#8231);
#8231 = DEFINITIONAL_REPRESENTATION('',(#8232),#8236);
#8232 = LINE('',#8233,#8234);
#8233 = CARTESIAN_POINT('',(3.422333219066,-19.13513125869));
#8234 = VECTOR('',#8235,1.);
#8235 = DIRECTION('',(0.789942892909,-0.613180418753));
#8236 = ( GEOMETRIC_REPRESENTATION_CONTEXT(2) 
PARAMETRIC_REPRESENTATION_CONTEXT() REPRESENTATION_CONTEXT('2D SPACE',''
  ) );
#8237 = ADVANCED_FACE('',(#8238),#2477,.T.);
#8238 = FACE_BOUND('',#8239,.T.);
#8239 = EDGE_LOOP('',(#8240,#8263,#8264,#8265));
#8240 = ORIENTED_EDGE('',*,*,#8241,.T.);
#8241 = EDGE_CURVE('',#8242,#2434,#8244,.T.);
#8242 = VERTEX_POINT('',#8243);
#8243 = CARTESIAN_POINT('',(62.015771651946,401.,332.1195557654));
#8244 = SURFACE_CURVE('',#8245,(#8249,#8256),.PCURVE_S1.);
#8245 = LINE('',#8246,#8247);
#8246 = CARTESIAN_POINT('',(62.015771651946,401.,332.1195557654));
#8247 = VECTOR('',#8248,1.);
#8248 = DIRECTION('',(0.,1.,0.));
#8249 = PCURVE('',#2477,#8250);
#8250 = DEFINITIONAL_REPRESENTATION('',(#8251),#8255);
#8251 = LINE('',#8252,#8253);
#8252 = CARTESIAN_POINT('',(0.,0.));
#8253 = VECTOR('',#8254,1.);
#8254 = DIRECTION('',(0.,-1.));
#8255 = ( GEOMETRIC_REPRESENTATION_CONTEXT(2) 
PARAMETRIC_REPRESENTATION_CONTEXT() REPRESENTATION_CONTEXT('2D SPACE',''
  ) );
#8256 = PCURVE('',#2449,#8257);
#8257 = DEFINITIONAL_REPRESENTATION('',(#8258),#8262);
#8258 = LINE('',#8259,#8260);
#8259 = CARTESIAN_POINT('',(1.199633649912,0.));
#8260 = VECTOR('',#8261,1.);
#8261 = DIRECTION('',(0.,-1.));
#8262 = ( GEOMETRIC_REPRESENTATION_CONTEXT(2) 
PARAMETRIC_REPRESENTATION_CONTEXT() REPRESENTATION_CONTEXT('2D SPACE',''
  ) );
#8263 = ORIENTED_EDGE('',*,*,#2461,.T.);
#8264 = ORIENTED_EDGE('',*,*,#8192,.F.);
#8265 = ORIENTED_EDGE('',*,*,#8266,.F.);
#8266 = EDGE_CURVE('',#8242,#8193,#8267,.T.);
#8267 = SURFACE_CURVE('',#8268,(#8272,#8279),.PCURVE_S1.);
#8268 = LINE('',#8269,#8270);
#8269 = CARTESIAN_POINT('',(62.015771651946,401.,332.1195557654));
#8270 = VECTOR('',#8271,1.);
#8271 = DIRECTION('',(-0.958598067206,0.,-0.284762612623));
#8272 = PCURVE('',#2477,#8273);
#8273 = DEFINITIONAL_REPRESENTATION('',(#8274),#8278);
#8274 = LINE('',#8275,#8276);
#8275 = CARTESIAN_POINT('',(0.,0.));
#8276 = VECTOR('',#8277,1.);
#8277 = DIRECTION('',(1.,0.));
#8278 = ( GEOMETRIC_REPRESENTATION_CONTEXT(2) 
PARAMETRIC_REPRESENTATION_CONTEXT() REPRESENTATION_CONTEXT('2D SPACE',''
  ) );
#8279 = PCURVE('',#126,#8280);
#8280 = DEFINITIONAL_REPRESENTATION('',(#8281),#8285);
#8281 = LINE('',#8282,#8283);
#8282 = CARTESIAN_POINT('',(3.080444234599,-17.98422834805));
#8283 = VECTOR('',#8284,1.);
#8284 = DIRECTION('',(0.284762612623,-0.958598067206));
#8285 = ( GEOMETRIC_REPRESENTATION_CONTEXT(2) 
PARAMETRIC_REPRESENTATION_CONTEXT() REPRESENTATION_CONTEXT('2D SPACE',''
  ) );
#8286 = ADVANCED_FACE('',(#8287),#2449,.T.);
#8287 = FACE_BOUND('',#8288,.T.);
#8288 = EDGE_LOOP('',(#8289,#8312,#8313,#8314));
#8289 = ORIENTED_EDGE('',*,*,#8290,.T.);
#8290 = EDGE_CURVE('',#8291,#2406,#8293,.T.);
#8291 = VERTEX_POINT('',#8292);
#8292 = CARTESIAN_POINT('',(63.170599174102,401.,332.44435460787));
#8293 = SURFACE_CURVE('',#8294,(#8298,#8305),.PCURVE_S1.);
#8294 = LINE('',#8295,#8296);
#8295 = CARTESIAN_POINT('',(63.170599174102,401.,332.44435460787));
#8296 = VECTOR('',#8297,1.);
#8297 = DIRECTION('',(0.,1.,0.));
#8298 = PCURVE('',#2449,#8299);
#8299 = DEFINITIONAL_REPRESENTATION('',(#8300),#8304);
#8300 = LINE('',#8301,#8302);
#8301 = CARTESIAN_POINT('',(0.,0.));
#8302 = VECTOR('',#8303,1.);
#8303 = DIRECTION('',(0.,-1.));
#8304 = ( GEOMETRIC_REPRESENTATION_CONTEXT(2) 
PARAMETRIC_REPRESENTATION_CONTEXT() REPRESENTATION_CONTEXT('2D SPACE',''
  ) );
#8305 = PCURVE('',#2421,#8306);
#8306 = DEFINITIONAL_REPRESENTATION('',(#8307),#8311);
#8307 = LINE('',#8308,#8309);
#8308 = CARTESIAN_POINT('',(1.198719924449,0.));
#8309 = VECTOR('',#8310,1.);
#8310 = DIRECTION('',(0.,-1.));
#8311 = ( GEOMETRIC_REPRESENTATION_CONTEXT(2) 
PARAMETRIC_REPRESENTATION_CONTEXT() REPRESENTATION_CONTEXT('2D SPACE',''
  ) );
#8312 = ORIENTED_EDGE('',*,*,#2433,.T.);
#8313 = ORIENTED_EDGE('',*,*,#8241,.F.);
#8314 = ORIENTED_EDGE('',*,*,#8315,.F.);
#8315 = EDGE_CURVE('',#8291,#8242,#8316,.T.);
#8316 = SURFACE_CURVE('',#8317,(#8321,#8328),.PCURVE_S1.);
#8317 = LINE('',#8318,#8319);
#8318 = CARTESIAN_POINT('',(63.170599174102,401.,332.44435460787));
#8319 = VECTOR('',#8320,1.);
#8320 = DIRECTION('',(-0.962650157605,0.,-0.270748359299));
#8321 = PCURVE('',#2449,#8322);
#8322 = DEFINITIONAL_REPRESENTATION('',(#8323),#8327);
#8323 = LINE('',#8324,#8325);
#8324 = CARTESIAN_POINT('',(0.,0.));
#8325 = VECTOR('',#8326,1.);
#8326 = DIRECTION('',(1.,0.));
#8327 = ( GEOMETRIC_REPRESENTATION_CONTEXT(2) 
PARAMETRIC_REPRESENTATION_CONTEXT() REPRESENTATION_CONTEXT('2D SPACE',''
  ) );
#8328 = PCURVE('',#126,#8329);
#8329 = DEFINITIONAL_REPRESENTATION('',(#8330),#8334);
#8330 = LINE('',#8331,#8332);
#8331 = CARTESIAN_POINT('',(2.755645392125,-16.82940082589));
#8332 = VECTOR('',#8333,1.);
#8333 = DIRECTION('',(0.270748359299,-0.962650157605));
#8334 = ( GEOMETRIC_REPRESENTATION_CONTEXT(2) 
PARAMETRIC_REPRESENTATION_CONTEXT() REPRESENTATION_CONTEXT('2D SPACE',''
  ) );
#8335 = ADVANCED_FACE('',(#8336),#2421,.T.);
#8336 = FACE_BOUND('',#8337,.T.);
#8337 = EDGE_LOOP('',(#8338,#8361,#8362,#8363));
#8338 = ORIENTED_EDGE('',*,*,#8339,.T.);
#8339 = EDGE_CURVE('',#8340,#2378,#8342,.T.);
#8340 = VERTEX_POINT('',#8341);
#8341 = CARTESIAN_POINT('',(64.329162355516,401.,332.75202458031));
#8342 = SURFACE_CURVE('',#8343,(#8347,#8354),.PCURVE_S1.);
#8343 = LINE('',#8344,#8345);
#8344 = CARTESIAN_POINT('',(64.329162355516,401.,332.75202458031));
#8345 = VECTOR('',#8346,1.);
#8346 = DIRECTION('',(0.,1.,0.));
#8347 = PCURVE('',#2421,#8348);
#8348 = DEFINITIONAL_REPRESENTATION('',(#8349),#8353);
#8349 = LINE('',#8350,#8351);
#8350 = CARTESIAN_POINT('',(0.,0.));
#8351 = VECTOR('',#8352,1.);
#8352 = DIRECTION('',(0.,-1.));
#8353 = ( GEOMETRIC_REPRESENTATION_CONTEXT(2) 
PARAMETRIC_REPRESENTATION_CONTEXT() REPRESENTATION_CONTEXT('2D SPACE',''
  ) );
#8354 = PCURVE('',#2393,#8355);
#8355 = DEFINITIONAL_REPRESENTATION('',(#8356),#8360);
#8356 = LINE('',#8357,#8358);
#8357 = CARTESIAN_POINT('',(1.228592614404,0.));
#8358 = VECTOR('',#8359,1.);
#8359 = DIRECTION('',(0.,-1.));
#8360 = ( GEOMETRIC_REPRESENTATION_CONTEXT(2) 
PARAMETRIC_REPRESENTATION_CONTEXT() REPRESENTATION_CONTEXT('2D SPACE',''
  ) );
#8361 = ORIENTED_EDGE('',*,*,#2405,.T.);
#8362 = ORIENTED_EDGE('',*,*,#8290,.F.);
#8363 = ORIENTED_EDGE('',*,*,#8364,.F.);
#8364 = EDGE_CURVE('',#8340,#8291,#8365,.T.);
#8365 = SURFACE_CURVE('',#8366,(#8370,#8377),.PCURVE_S1.);
#8366 = LINE('',#8367,#8368);
#8367 = CARTESIAN_POINT('',(64.329162355516,401.,332.75202458031));
#8368 = VECTOR('',#8369,1.);
#8369 = DIRECTION('',(-0.966500312362,0.,-0.256665436325));
#8370 = PCURVE('',#2421,#8371);
#8371 = DEFINITIONAL_REPRESENTATION('',(#8372),#8376);
#8372 = LINE('',#8373,#8374);
#8373 = CARTESIAN_POINT('',(0.,0.));
#8374 = VECTOR('',#8375,1.);
#8375 = DIRECTION('',(1.,0.));
#8376 = ( GEOMETRIC_REPRESENTATION_CONTEXT(2) 
PARAMETRIC_REPRESENTATION_CONTEXT() REPRESENTATION_CONTEXT('2D SPACE',''
  ) );
#8377 = PCURVE('',#126,#8378);
#8378 = DEFINITIONAL_REPRESENTATION('',(#8379),#8383);
#8379 = LINE('',#8380,#8381);
#8380 = CARTESIAN_POINT('',(2.447975419685,-15.67083764448));
#8381 = VECTOR('',#8382,1.);
#8382 = DIRECTION('',(0.256665436325,-0.966500312362));
#8383 = ( GEOMETRIC_REPRESENTATION_CONTEXT(2) 
PARAMETRIC_REPRESENTATION_CONTEXT() REPRESENTATION_CONTEXT('2D SPACE',''
  ) );
#8384 = ADVANCED_FACE('',(#8385),#2393,.T.);
#8385 = FACE_BOUND('',#8386,.T.);
#8386 = EDGE_LOOP('',(#8387,#8410,#8411,#8412));
#8387 = ORIENTED_EDGE('',*,*,#8388,.T.);
#8388 = EDGE_CURVE('',#8389,#2350,#8391,.T.);
#8389 = VERTEX_POINT('',#8390);
#8390 = CARTESIAN_POINT('',(64.186696722924,401.,333.97232919626));
#8391 = SURFACE_CURVE('',#8392,(#8396,#8403),.PCURVE_S1.);
#8392 = LINE('',#8393,#8394);
#8393 = CARTESIAN_POINT('',(64.186696722924,401.,333.97232919626));
#8394 = VECTOR('',#8395,1.);
#8395 = DIRECTION('',(0.,1.,0.));
#8396 = PCURVE('',#2393,#8397);
#8397 = DEFINITIONAL_REPRESENTATION('',(#8398),#8402);
#8398 = LINE('',#8399,#8400);
#8399 = CARTESIAN_POINT('',(0.,0.));
#8400 = VECTOR('',#8401,1.);
#8401 = DIRECTION('',(0.,-1.));
#8402 = ( GEOMETRIC_REPRESENTATION_CONTEXT(2) 
PARAMETRIC_REPRESENTATION_CONTEXT() REPRESENTATION_CONTEXT('2D SPACE',''
  ) );
#8403 = PCURVE('',#2365,#8404);
#8404 = DEFINITIONAL_REPRESENTATION('',(#8405),#8409);
#8405 = LINE('',#8406,#8407);
#8406 = CARTESIAN_POINT('',(1.228592614404,0.));
#8407 = VECTOR('',#8408,1.);
#8408 = DIRECTION('',(0.,-1.));
#8409 = ( GEOMETRIC_REPRESENTATION_CONTEXT(2) 
PARAMETRIC_REPRESENTATION_CONTEXT() REPRESENTATION_CONTEXT('2D SPACE',''
  ) );
#8410 = ORIENTED_EDGE('',*,*,#2377,.T.);
#8411 = ORIENTED_EDGE('',*,*,#8339,.F.);
#8412 = ORIENTED_EDGE('',*,*,#8413,.F.);
#8413 = EDGE_CURVE('',#8389,#8340,#8414,.T.);
#8414 = SURFACE_CURVE('',#8415,(#8419,#8426),.PCURVE_S1.);
#8415 = LINE('',#8416,#8417);
#8416 = CARTESIAN_POINT('',(64.186696722924,401.,333.97232919626));
#8417 = VECTOR('',#8418,1.);
#8418 = DIRECTION('',(0.115958399003,0.,-0.993254071072));
#8419 = PCURVE('',#2393,#8420);
#8420 = DEFINITIONAL_REPRESENTATION('',(#8421),#8425);
#8421 = LINE('',#8422,#8423);
#8422 = CARTESIAN_POINT('',(0.,0.));
#8423 = VECTOR('',#8424,1.);
#8424 = DIRECTION('',(1.,0.));
#8425 = ( GEOMETRIC_REPRESENTATION_CONTEXT(2) 
PARAMETRIC_REPRESENTATION_CONTEXT() REPRESENTATION_CONTEXT('2D SPACE',''
  ) );
#8426 = PCURVE('',#126,#8427);
#8427 = DEFINITIONAL_REPRESENTATION('',(#8428),#8432);
#8428 = LINE('',#8429,#8430);
#8429 = CARTESIAN_POINT('',(1.22767080374,-15.81330327707));
#8430 = VECTOR('',#8431,1.);
#8431 = DIRECTION('',(0.993254071072,0.115958399003));
#8432 = ( GEOMETRIC_REPRESENTATION_CONTEXT(2) 
PARAMETRIC_REPRESENTATION_CONTEXT() REPRESENTATION_CONTEXT('2D SPACE',''
  ) );
#8433 = ADVANCED_FACE('',(#8434),#2365,.T.);
#8434 = FACE_BOUND('',#8435,.T.);
#8435 = EDGE_LOOP('',(#8436,#8459,#8460,#8461));
#8436 = ORIENTED_EDGE('',*,*,#8437,.T.);
#8437 = EDGE_CURVE('',#8438,#2322,#8440,.T.);
#8438 = VERTEX_POINT('',#8439);
#8439 = CARTESIAN_POINT('',(64.139113009193,401.,335.2));
#8440 = SURFACE_CURVE('',#8441,(#8445,#8452),.PCURVE_S1.);
#8441 = LINE('',#8442,#8443);
#8442 = CARTESIAN_POINT('',(64.139113009193,401.,335.2));
#8443 = VECTOR('',#8444,1.);
#8444 = DIRECTION('',(0.,1.,0.));
#8445 = PCURVE('',#2365,#8446);
#8446 = DEFINITIONAL_REPRESENTATION('',(#8447),#8451);
#8447 = LINE('',#8448,#8449);
#8448 = CARTESIAN_POINT('',(0.,0.));
#8449 = VECTOR('',#8450,1.);
#8450 = DIRECTION('',(0.,-1.));
#8451 = ( GEOMETRIC_REPRESENTATION_CONTEXT(2) 
PARAMETRIC_REPRESENTATION_CONTEXT() REPRESENTATION_CONTEXT('2D SPACE',''
  ) );
#8452 = PCURVE('',#2337,#8453);
#8453 = DEFINITIONAL_REPRESENTATION('',(#8454),#8458);
#8454 = LINE('',#8455,#8456);
#8455 = CARTESIAN_POINT('',(1.228592614404,0.));
#8456 = VECTOR('',#8457,1.);
#8457 = DIRECTION('',(0.,-1.));
#8458 = ( GEOMETRIC_REPRESENTATION_CONTEXT(2) 
PARAMETRIC_REPRESENTATION_CONTEXT() REPRESENTATION_CONTEXT('2D SPACE',''
  ) );
#8459 = ORIENTED_EDGE('',*,*,#2349,.T.);
#8460 = ORIENTED_EDGE('',*,*,#8388,.F.);
#8461 = ORIENTED_EDGE('',*,*,#8462,.F.);
#8462 = EDGE_CURVE('',#8438,#8389,#8463,.T.);
#8463 = SURFACE_CURVE('',#8464,(#8468,#8475),.PCURVE_S1.);
#8464 = LINE('',#8465,#8466);
#8465 = CARTESIAN_POINT('',(64.139113009193,401.,335.2));
#8466 = VECTOR('',#8467,1.);
#8467 = DIRECTION('',(3.873026190514E-02,0.,-0.999249701933));
#8468 = PCURVE('',#2365,#8469);
#8469 = DEFINITIONAL_REPRESENTATION('',(#8470),#8474);
#8470 = LINE('',#8471,#8472);
#8471 = CARTESIAN_POINT('',(0.,0.));
#8472 = VECTOR('',#8473,1.);
#8473 = DIRECTION('',(1.,0.));
#8474 = ( GEOMETRIC_REPRESENTATION_CONTEXT(2) 
PARAMETRIC_REPRESENTATION_CONTEXT() REPRESENTATION_CONTEXT('2D SPACE',''
  ) );
#8475 = PCURVE('',#126,#8476);
#8476 = DEFINITIONAL_REPRESENTATION('',(#8477),#8481);
#8477 = LINE('',#8478,#8479);
#8478 = CARTESIAN_POINT('',(0.,-15.8608869908));
#8479 = VECTOR('',#8480,1.);
#8480 = DIRECTION('',(0.999249701933,3.873026190514E-02));
#8481 = ( GEOMETRIC_REPRESENTATION_CONTEXT(2) 
PARAMETRIC_REPRESENTATION_CONTEXT() REPRESENTATION_CONTEXT('2D SPACE',''
  ) );
#8482 = ADVANCED_FACE('',(#8483),#2337,.T.);
#8483 = FACE_BOUND('',#8484,.T.);
#8484 = EDGE_LOOP('',(#8485,#8508,#8509,#8510));
#8485 = ORIENTED_EDGE('',*,*,#8486,.T.);
#8486 = EDGE_CURVE('',#8487,#2294,#8489,.T.);
#8487 = VERTEX_POINT('',#8488);
#8488 = CARTESIAN_POINT('',(64.186696722924,401.,336.42767080374));
#8489 = SURFACE_CURVE('',#8490,(#8494,#8501),.PCURVE_S1.);
#8490 = LINE('',#8491,#8492);
#8491 = CARTESIAN_POINT('',(64.186696722924,401.,336.42767080374));
#8492 = VECTOR('',#8493,1.);
#8493 = DIRECTION('',(0.,1.,0.));
#8494 = PCURVE('',#2337,#8495);
#8495 = DEFINITIONAL_REPRESENTATION('',(#8496),#8500);
#8496 = LINE('',#8497,#8498);
#8497 = CARTESIAN_POINT('',(0.,0.));
#8498 = VECTOR('',#8499,1.);
#8499 = DIRECTION('',(0.,-1.));
#8500 = ( GEOMETRIC_REPRESENTATION_CONTEXT(2) 
PARAMETRIC_REPRESENTATION_CONTEXT() REPRESENTATION_CONTEXT('2D SPACE',''
  ) );
#8501 = PCURVE('',#2309,#8502);
#8502 = DEFINITIONAL_REPRESENTATION('',(#8503),#8507);
#8503 = LINE('',#8504,#8505);
#8504 = CARTESIAN_POINT('',(1.228592614404,0.));
#8505 = VECTOR('',#8506,1.);
#8506 = DIRECTION('',(0.,-1.));
#8507 = ( GEOMETRIC_REPRESENTATION_CONTEXT(2) 
PARAMETRIC_REPRESENTATION_CONTEXT() REPRESENTATION_CONTEXT('2D SPACE',''
  ) );
#8508 = ORIENTED_EDGE('',*,*,#2321,.T.);
#8509 = ORIENTED_EDGE('',*,*,#8437,.F.);
#8510 = ORIENTED_EDGE('',*,*,#8511,.F.);
#8511 = EDGE_CURVE('',#8487,#8438,#8512,.T.);
#8512 = SURFACE_CURVE('',#8513,(#8517,#8524),.PCURVE_S1.);
#8513 = LINE('',#8514,#8515);
#8514 = CARTESIAN_POINT('',(64.186696722924,401.,336.42767080374));
#8515 = VECTOR('',#8516,1.);
#8516 = DIRECTION('',(-3.873026190514E-02,0.,-0.999249701933));
#8517 = PCURVE('',#2337,#8518);
#8518 = DEFINITIONAL_REPRESENTATION('',(#8519),#8523);
#8519 = LINE('',#8520,#8521);
#8520 = CARTESIAN_POINT('',(0.,0.));
#8521 = VECTOR('',#8522,1.);
#8522 = DIRECTION('',(1.,0.));
#8523 = ( GEOMETRIC_REPRESENTATION_CONTEXT(2) 
PARAMETRIC_REPRESENTATION_CONTEXT() REPRESENTATION_CONTEXT('2D SPACE',''
  ) );
#8524 = PCURVE('',#126,#8525);
#8525 = DEFINITIONAL_REPRESENTATION('',(#8526),#8530);
#8526 = LINE('',#8527,#8528);
#8527 = CARTESIAN_POINT('',(-1.22767080374,-15.81330327707));
#8528 = VECTOR('',#8529,1.);
#8529 = DIRECTION('',(0.999249701933,-3.873026190514E-02));
#8530 = ( GEOMETRIC_REPRESENTATION_CONTEXT(2) 
PARAMETRIC_REPRESENTATION_CONTEXT() REPRESENTATION_CONTEXT('2D SPACE',''
  ) );
#8531 = ADVANCED_FACE('',(#8532),#2309,.T.);
#8532 = FACE_BOUND('',#8533,.T.);
#8533 = EDGE_LOOP('',(#8534,#8557,#8558,#8559));
#8534 = ORIENTED_EDGE('',*,*,#8535,.T.);
#8535 = EDGE_CURVE('',#8536,#2266,#8538,.T.);
#8536 = VERTEX_POINT('',#8537);
#8537 = CARTESIAN_POINT('',(64.329162355516,401.,337.64797541968));
#8538 = SURFACE_CURVE('',#8539,(#8543,#8550),.PCURVE_S1.);
#8539 = LINE('',#8540,#8541);
#8540 = CARTESIAN_POINT('',(64.329162355516,401.,337.64797541968));
#8541 = VECTOR('',#8542,1.);
#8542 = DIRECTION('',(0.,1.,0.));
#8543 = PCURVE('',#2309,#8544);
#8544 = DEFINITIONAL_REPRESENTATION('',(#8545),#8549);
#8545 = LINE('',#8546,#8547);
#8546 = CARTESIAN_POINT('',(0.,0.));
#8547 = VECTOR('',#8548,1.);
#8548 = DIRECTION('',(0.,-1.));
#8549 = ( GEOMETRIC_REPRESENTATION_CONTEXT(2) 
PARAMETRIC_REPRESENTATION_CONTEXT() REPRESENTATION_CONTEXT('2D SPACE',''
  ) );
#8550 = PCURVE('',#2281,#8551);
#8551 = DEFINITIONAL_REPRESENTATION('',(#8552),#8556);
#8552 = LINE('',#8553,#8554);
#8553 = CARTESIAN_POINT('',(4.809631818338,0.));
#8554 = VECTOR('',#8555,1.);
#8555 = DIRECTION('',(0.,-1.));
#8556 = ( GEOMETRIC_REPRESENTATION_CONTEXT(2) 
PARAMETRIC_REPRESENTATION_CONTEXT() REPRESENTATION_CONTEXT('2D SPACE',''
  ) );
#8557 = ORIENTED_EDGE('',*,*,#2293,.T.);
#8558 = ORIENTED_EDGE('',*,*,#8486,.F.);
#8559 = ORIENTED_EDGE('',*,*,#8560,.F.);
#8560 = EDGE_CURVE('',#8536,#8487,#8561,.T.);
#8561 = SURFACE_CURVE('',#8562,(#8566,#8573),.PCURVE_S1.);
#8562 = LINE('',#8563,#8564);
#8563 = CARTESIAN_POINT('',(64.329162355516,401.,337.64797541968));
#8564 = VECTOR('',#8565,1.);
#8565 = DIRECTION('',(-0.115958399003,0.,-0.993254071072));
#8566 = PCURVE('',#2309,#8567);
#8567 = DEFINITIONAL_REPRESENTATION('',(#8568),#8572);
#8568 = LINE('',#8569,#8570);
#8569 = CARTESIAN_POINT('',(0.,0.));
#8570 = VECTOR('',#8571,1.);
#8571 = DIRECTION('',(1.,0.));
#8572 = ( GEOMETRIC_REPRESENTATION_CONTEXT(2) 
PARAMETRIC_REPRESENTATION_CONTEXT() REPRESENTATION_CONTEXT('2D SPACE',''
  ) );
#8573 = PCURVE('',#126,#8574);
#8574 = DEFINITIONAL_REPRESENTATION('',(#8575),#8579);
#8575 = LINE('',#8576,#8577);
#8576 = CARTESIAN_POINT('',(-2.447975419685,-15.67083764448));
#8577 = VECTOR('',#8578,1.);
#8578 = DIRECTION('',(0.993254071072,-0.115958399003));
#8579 = ( GEOMETRIC_REPRESENTATION_CONTEXT(2) 
PARAMETRIC_REPRESENTATION_CONTEXT() REPRESENTATION_CONTEXT('2D SPACE',''
  ) );
#8580 = ADVANCED_FACE('',(#8581),#2281,.T.);
#8581 = FACE_BOUND('',#8582,.T.);
#8582 = EDGE_LOOP('',(#8583,#8606,#8607,#8608));
#8583 = ORIENTED_EDGE('',*,*,#8584,.T.);
#8584 = EDGE_CURVE('',#8585,#2238,#8587,.T.);
#8585 = VERTEX_POINT('',#8586);
#8586 = CARTESIAN_POINT('',(59.519737821357,401.,337.69262828296));
#8587 = SURFACE_CURVE('',#8588,(#8592,#8599),.PCURVE_S1.);
#8588 = LINE('',#8589,#8590);
#8589 = CARTESIAN_POINT('',(59.519737821357,401.,337.69262828296));
#8590 = VECTOR('',#8591,1.);
#8591 = DIRECTION('',(0.,1.,0.));
#8592 = PCURVE('',#2281,#8593);
#8593 = DEFINITIONAL_REPRESENTATION('',(#8594),#8598);
#8594 = LINE('',#8595,#8596);
#8595 = CARTESIAN_POINT('',(0.,0.));
#8596 = VECTOR('',#8597,1.);
#8597 = DIRECTION('',(0.,-1.));
#8598 = ( GEOMETRIC_REPRESENTATION_CONTEXT(2) 
PARAMETRIC_REPRESENTATION_CONTEXT() REPRESENTATION_CONTEXT('2D SPACE',''
  ) );
#8599 = PCURVE('',#2253,#8600);
#8600 = DEFINITIONAL_REPRESENTATION('',(#8601),#8605);
#8601 = LINE('',#8602,#8603);
#8602 = CARTESIAN_POINT('',(0.900142887903,0.));
#8603 = VECTOR('',#8604,1.);
#8604 = DIRECTION('',(0.,-1.));
#8605 = ( GEOMETRIC_REPRESENTATION_CONTEXT(2) 
PARAMETRIC_REPRESENTATION_CONTEXT() REPRESENTATION_CONTEXT('2D SPACE',''
  ) );
#8606 = ORIENTED_EDGE('',*,*,#2265,.T.);
#8607 = ORIENTED_EDGE('',*,*,#8535,.F.);
#8608 = ORIENTED_EDGE('',*,*,#8609,.F.);
#8609 = EDGE_CURVE('',#8585,#8536,#8610,.T.);
#8610 = SURFACE_CURVE('',#8611,(#8615,#8622),.PCURVE_S1.);
#8611 = LINE('',#8612,#8613);
#8612 = CARTESIAN_POINT('',(59.519737821357,401.,337.69262828296));
#8613 = VECTOR('',#8614,1.);
#8614 = DIRECTION('',(0.999956902277,0.,-9.284050206738E-03));
#8615 = PCURVE('',#2281,#8616);
#8616 = DEFINITIONAL_REPRESENTATION('',(#8617),#8621);
#8617 = LINE('',#8618,#8619);
#8618 = CARTESIAN_POINT('',(0.,0.));
#8619 = VECTOR('',#8620,1.);
#8620 = DIRECTION('',(1.,0.));
#8621 = ( GEOMETRIC_REPRESENTATION_CONTEXT(2) 
PARAMETRIC_REPRESENTATION_CONTEXT() REPRESENTATION_CONTEXT('2D SPACE',''
  ) );
#8622 = PCURVE('',#126,#8623);
#8623 = DEFINITIONAL_REPRESENTATION('',(#8624),#8628);
#8624 = LINE('',#8625,#8626);
#8625 = CARTESIAN_POINT('',(-2.492628282962,-20.48026217864));
#8626 = VECTOR('',#8627,1.);
#8627 = DIRECTION('',(9.284050206738E-03,0.999956902277));
#8628 = ( GEOMETRIC_REPRESENTATION_CONTEXT(2) 
PARAMETRIC_REPRESENTATION_CONTEXT() REPRESENTATION_CONTEXT('2D SPACE',''
  ) );
#8629 = ADVANCED_FACE('',(#8630),#2253,.T.);
#8630 = FACE_BOUND('',#8631,.T.);
#8631 = EDGE_LOOP('',(#8632,#8655,#8656,#8657));
#8632 = ORIENTED_EDGE('',*,*,#8633,.T.);
#8633 = EDGE_CURVE('',#8634,#2210,#8636,.T.);
#8634 = VERTEX_POINT('',#8635);
#8635 = CARTESIAN_POINT('',(59.647957411529,401.,338.58359234247));
#8636 = SURFACE_CURVE('',#8637,(#8641,#8648),.PCURVE_S1.);
#8637 = LINE('',#8638,#8639);
#8638 = CARTESIAN_POINT('',(59.647957411529,401.,338.58359234247));
#8639 = VECTOR('',#8640,1.);
#8640 = DIRECTION('',(0.,1.,0.));
#8641 = PCURVE('',#2253,#8642);
#8642 = DEFINITIONAL_REPRESENTATION('',(#8643),#8647);
#8643 = LINE('',#8644,#8645);
#8644 = CARTESIAN_POINT('',(0.,0.));
#8645 = VECTOR('',#8646,1.);
#8646 = DIRECTION('',(0.,-1.));
#8647 = ( GEOMETRIC_REPRESENTATION_CONTEXT(2) 
PARAMETRIC_REPRESENTATION_CONTEXT() REPRESENTATION_CONTEXT('2D SPACE',''
  ) );
#8648 = PCURVE('',#2225,#8649);
#8649 = DEFINITIONAL_REPRESENTATION('',(#8650),#8654);
#8650 = LINE('',#8651,#8652);
#8651 = CARTESIAN_POINT('',(0.900142887903,0.));
#8652 = VECTOR('',#8653,1.);
#8653 = DIRECTION('',(0.,-1.));
#8654 = ( GEOMETRIC_REPRESENTATION_CONTEXT(2) 
PARAMETRIC_REPRESENTATION_CONTEXT() REPRESENTATION_CONTEXT('2D SPACE',''
  ) );
#8655 = ORIENTED_EDGE('',*,*,#2237,.T.);
#8656 = ORIENTED_EDGE('',*,*,#8584,.F.);
#8657 = ORIENTED_EDGE('',*,*,#8658,.F.);
#8658 = EDGE_CURVE('',#8634,#8585,#8659,.T.);
#8659 = SURFACE_CURVE('',#8660,(#8664,#8671),.PCURVE_S1.);
#8660 = LINE('',#8661,#8662);
#8661 = CARTESIAN_POINT('',(59.647957411529,401.,338.58359234247));
#8662 = VECTOR('',#8663,1.);
#8663 = DIRECTION('',(-0.142443596339,0.,-0.989802920718));
#8664 = PCURVE('',#2253,#8665);
#8665 = DEFINITIONAL_REPRESENTATION('',(#8666),#8670);
#8666 = LINE('',#8667,#8668);
#8667 = CARTESIAN_POINT('',(0.,0.));
#8668 = VECTOR('',#8669,1.);
#8669 = DIRECTION('',(1.,0.));
#8670 = ( GEOMETRIC_REPRESENTATION_CONTEXT(2) 
PARAMETRIC_REPRESENTATION_CONTEXT() REPRESENTATION_CONTEXT('2D SPACE',''
  ) );
#8671 = PCURVE('',#126,#8672);
#8672 = DEFINITIONAL_REPRESENTATION('',(#8673),#8677);
#8673 = LINE('',#8674,#8675);
#8674 = CARTESIAN_POINT('',(-3.383592342472,-20.35204258847));
#8675 = VECTOR('',#8676,1.);
#8676 = DIRECTION('',(0.989802920718,-0.142443596339));
#8677 = ( GEOMETRIC_REPRESENTATION_CONTEXT(2) 
PARAMETRIC_REPRESENTATION_CONTEXT() REPRESENTATION_CONTEXT('2D SPACE',''
  ) );
#8678 = ADVANCED_FACE('',(#8679),#2225,.T.);
#8679 = FACE_BOUND('',#8680,.T.);
#8680 = EDGE_LOOP('',(#8681,#8704,#8705,#8706));
#8681 = ORIENTED_EDGE('',*,*,#8682,.T.);
#8682 = EDGE_CURVE('',#8683,#2182,#8685,.T.);
#8683 = VERTEX_POINT('',#8684);
#8684 = CARTESIAN_POINT('',(59.814918271502,401.,339.46811554164));
#8685 = SURFACE_CURVE('',#8686,(#8690,#8697),.PCURVE_S1.);
#8686 = LINE('',#8687,#8688);
#8687 = CARTESIAN_POINT('',(59.814918271502,401.,339.46811554164));
#8688 = VECTOR('',#8689,1.);
#8689 = DIRECTION('',(0.,1.,0.));
#8690 = PCURVE('',#2225,#8691);
#8691 = DEFINITIONAL_REPRESENTATION('',(#8692),#8696);
#8692 = LINE('',#8693,#8694);
#8693 = CARTESIAN_POINT('',(0.,0.));
#8694 = VECTOR('',#8695,1.);
#8695 = DIRECTION('',(0.,-1.));
#8696 = ( GEOMETRIC_REPRESENTATION_CONTEXT(2) 
PARAMETRIC_REPRESENTATION_CONTEXT() REPRESENTATION_CONTEXT('2D SPACE',''
  ) );
#8697 = PCURVE('',#2197,#8698);
#8698 = DEFINITIONAL_REPRESENTATION('',(#8699),#8703);
#8699 = LINE('',#8700,#8701);
#8700 = CARTESIAN_POINT('',(0.900142887903,0.));
#8701 = VECTOR('',#8702,1.);
#8702 = DIRECTION('',(0.,-1.));
#8703 = ( GEOMETRIC_REPRESENTATION_CONTEXT(2) 
PARAMETRIC_REPRESENTATION_CONTEXT() REPRESENTATION_CONTEXT('2D SPACE',''
  ) );
#8704 = ORIENTED_EDGE('',*,*,#2209,.T.);
#8705 = ORIENTED_EDGE('',*,*,#8633,.F.);
#8706 = ORIENTED_EDGE('',*,*,#8707,.F.);
#8707 = EDGE_CURVE('',#8683,#8634,#8708,.T.);
#8708 = SURFACE_CURVE('',#8709,(#8713,#8720),.PCURVE_S1.);
#8709 = LINE('',#8710,#8711);
#8710 = CARTESIAN_POINT('',(59.814918271502,401.,339.46811554164));
#8711 = VECTOR('',#8712,1.);
#8712 = DIRECTION('',(-0.185482618612,0.,-0.982647545253));
#8713 = PCURVE('',#2225,#8714);
#8714 = DEFINITIONAL_REPRESENTATION('',(#8715),#8719);
#8715 = LINE('',#8716,#8717);
#8716 = CARTESIAN_POINT('',(0.,0.));
#8717 = VECTOR('',#8718,1.);
#8718 = DIRECTION('',(1.,0.));
#8719 = ( GEOMETRIC_REPRESENTATION_CONTEXT(2) 
PARAMETRIC_REPRESENTATION_CONTEXT() REPRESENTATION_CONTEXT('2D SPACE',''
  ) );
#8720 = PCURVE('',#126,#8721);
#8721 = DEFINITIONAL_REPRESENTATION('',(#8722),#8726);
#8722 = LINE('',#8723,#8724);
#8723 = CARTESIAN_POINT('',(-4.268115541647,-20.18508172849));
#8724 = VECTOR('',#8725,1.);
#8725 = DIRECTION('',(0.982647545253,-0.185482618612));
#8726 = ( GEOMETRIC_REPRESENTATION_CONTEXT(2) 
PARAMETRIC_REPRESENTATION_CONTEXT() REPRESENTATION_CONTEXT('2D SPACE',''
  ) );
#8727 = ADVANCED_FACE('',(#8728),#2197,.T.);
#8728 = FACE_BOUND('',#8729,.T.);
#8729 = EDGE_LOOP('',(#8730,#8753,#8754,#8755));
#8730 = ORIENTED_EDGE('',*,*,#8731,.T.);
#8731 = EDGE_CURVE('',#8732,#2154,#8734,.T.);
#8732 = VERTEX_POINT('',#8733);
#8733 = CARTESIAN_POINT('',(60.020302581791,401.,340.3445141403));
#8734 = SURFACE_CURVE('',#8735,(#8739,#8746),.PCURVE_S1.);
#8735 = LINE('',#8736,#8737);
#8736 = CARTESIAN_POINT('',(60.020302581791,401.,340.3445141403));
#8737 = VECTOR('',#8738,1.);
#8738 = DIRECTION('',(0.,1.,0.));
#8739 = PCURVE('',#2197,#8740);
#8740 = DEFINITIONAL_REPRESENTATION('',(#8741),#8745);
#8741 = LINE('',#8742,#8743);
#8742 = CARTESIAN_POINT('',(0.,0.));
#8743 = VECTOR('',#8744,1.);
#8744 = DIRECTION('',(0.,-1.));
#8745 = ( GEOMETRIC_REPRESENTATION_CONTEXT(2) 
PARAMETRIC_REPRESENTATION_CONTEXT() REPRESENTATION_CONTEXT('2D SPACE',''
  ) );
#8746 = PCURVE('',#2169,#8747);
#8747 = DEFINITIONAL_REPRESENTATION('',(#8748),#8752);
#8748 = LINE('',#8749,#8750);
#8749 = CARTESIAN_POINT('',(0.900142887903,0.));
#8750 = VECTOR('',#8751,1.);
#8751 = DIRECTION('',(0.,-1.));
#8752 = ( GEOMETRIC_REPRESENTATION_CONTEXT(2) 
PARAMETRIC_REPRESENTATION_CONTEXT() REPRESENTATION_CONTEXT('2D SPACE',''
  ) );
#8753 = ORIENTED_EDGE('',*,*,#2181,.T.);
#8754 = ORIENTED_EDGE('',*,*,#8682,.F.);
#8755 = ORIENTED_EDGE('',*,*,#8756,.F.);
#8756 = EDGE_CURVE('',#8732,#8683,#8757,.T.);
#8757 = SURFACE_CURVE('',#8758,(#8762,#8769),.PCURVE_S1.);
#8758 = LINE('',#8759,#8760);
#8759 = CARTESIAN_POINT('',(60.020302581791,401.,340.3445141403));
#8760 = VECTOR('',#8761,1.);
#8761 = DIRECTION('',(-0.228168564179,0.,-0.973621644336));
#8762 = PCURVE('',#2197,#8763);
#8763 = DEFINITIONAL_REPRESENTATION('',(#8764),#8768);
#8764 = LINE('',#8765,#8766);
#8765 = CARTESIAN_POINT('',(0.,0.));
#8766 = VECTOR('',#8767,1.);
#8767 = DIRECTION('',(1.,0.));
#8768 = ( GEOMETRIC_REPRESENTATION_CONTEXT(2) 
PARAMETRIC_REPRESENTATION_CONTEXT() REPRESENTATION_CONTEXT('2D SPACE',''
  ) );
#8769 = PCURVE('',#126,#8770);
#8770 = DEFINITIONAL_REPRESENTATION('',(#8771),#8775);
#8771 = LINE('',#8772,#8773);
#8772 = CARTESIAN_POINT('',(-5.144514140304,-19.9796974182));
#8773 = VECTOR('',#8774,1.);
#8774 = DIRECTION('',(0.973621644336,-0.228168564179));
#8775 = ( GEOMETRIC_REPRESENTATION_CONTEXT(2) 
PARAMETRIC_REPRESENTATION_CONTEXT() REPRESENTATION_CONTEXT('2D SPACE',''
  ) );
#8776 = ADVANCED_FACE('',(#8777),#2169,.T.);
#8777 = FACE_BOUND('',#8778,.T.);
#8778 = EDGE_LOOP('',(#8779,#8802,#8803,#8804));
#8779 = ORIENTED_EDGE('',*,*,#8780,.T.);
#8780 = EDGE_CURVE('',#8781,#2126,#8783,.T.);
#8781 = VERTEX_POINT('',#8782);
#8782 = CARTESIAN_POINT('',(60.263719381687,401.,341.2111198639));
#8783 = SURFACE_CURVE('',#8784,(#8788,#8795),.PCURVE_S1.);
#8784 = LINE('',#8785,#8786);
#8785 = CARTESIAN_POINT('',(60.263719381687,401.,341.2111198639));
#8786 = VECTOR('',#8787,1.);
#8787 = DIRECTION('',(0.,1.,0.));
#8788 = PCURVE('',#2169,#8789);
#8789 = DEFINITIONAL_REPRESENTATION('',(#8790),#8794);
#8790 = LINE('',#8791,#8792);
#8791 = CARTESIAN_POINT('',(0.,0.));
#8792 = VECTOR('',#8793,1.);
#8793 = DIRECTION('',(0.,-1.));
#8794 = ( GEOMETRIC_REPRESENTATION_CONTEXT(2) 
PARAMETRIC_REPRESENTATION_CONTEXT() REPRESENTATION_CONTEXT('2D SPACE',''
  ) );
#8795 = PCURVE('',#2141,#8796);
#8796 = DEFINITIONAL_REPRESENTATION('',(#8797),#8801);
#8797 = LINE('',#8798,#8799);
#8798 = CARTESIAN_POINT('',(1.569764844889,0.));
#8799 = VECTOR('',#8800,1.);
#8800 = DIRECTION('',(0.,-1.));
#8801 = ( GEOMETRIC_REPRESENTATION_CONTEXT(2) 
PARAMETRIC_REPRESENTATION_CONTEXT() REPRESENTATION_CONTEXT('2D SPACE',''
  ) );
#8802 = ORIENTED_EDGE('',*,*,#2153,.T.);
#8803 = ORIENTED_EDGE('',*,*,#8731,.F.);
#8804 = ORIENTED_EDGE('',*,*,#8805,.F.);
#8805 = EDGE_CURVE('',#8781,#8732,#8806,.T.);
#8806 = SURFACE_CURVE('',#8807,(#8811,#8818),.PCURVE_S1.);
#8807 = LINE('',#8808,#8809);
#8808 = CARTESIAN_POINT('',(60.263719381687,401.,341.2111198639));
#8809 = VECTOR('',#8810,1.);
#8810 = DIRECTION('',(-0.270420177916,0.,-0.962742399282));
#8811 = PCURVE('',#2169,#8812);
#8812 = DEFINITIONAL_REPRESENTATION('',(#8813),#8817);
#8813 = LINE('',#8814,#8815);
#8814 = CARTESIAN_POINT('',(0.,0.));
#8815 = VECTOR('',#8816,1.);
#8816 = DIRECTION('',(1.,0.));
#8817 = ( GEOMETRIC_REPRESENTATION_CONTEXT(2) 
PARAMETRIC_REPRESENTATION_CONTEXT() REPRESENTATION_CONTEXT('2D SPACE',''
  ) );
#8818 = PCURVE('',#126,#8819);
#8819 = DEFINITIONAL_REPRESENTATION('',(#8820),#8824);
#8820 = LINE('',#8821,#8822);
#8821 = CARTESIAN_POINT('',(-6.011119863901,-19.73628061831));
#8822 = VECTOR('',#8823,1.);
#8823 = DIRECTION('',(0.962742399282,-0.270420177916));
#8824 = ( GEOMETRIC_REPRESENTATION_CONTEXT(2) 
PARAMETRIC_REPRESENTATION_CONTEXT() REPRESENTATION_CONTEXT('2D SPACE',''
  ) );
#8825 = ADVANCED_FACE('',(#8826),#2141,.T.);
#8826 = FACE_BOUND('',#8827,.T.);
#8827 = EDGE_LOOP('',(#8828,#8851,#8852,#8853));
#8828 = ORIENTED_EDGE('',*,*,#8829,.T.);
#8829 = EDGE_CURVE('',#8830,#2098,#8832,.T.);
#8830 = VERTEX_POINT('',#8831);
#8831 = CARTESIAN_POINT('',(61.717323615688,401.,341.80373812142));
#8832 = SURFACE_CURVE('',#8833,(#8837,#8844),.PCURVE_S1.);
#8833 = LINE('',#8834,#8835);
#8834 = CARTESIAN_POINT('',(61.717323615688,401.,341.80373812142));
#8835 = VECTOR('',#8836,1.);
#8836 = DIRECTION('',(0.,1.,0.));
#8837 = PCURVE('',#2141,#8838);
#8838 = DEFINITIONAL_REPRESENTATION('',(#8839),#8843);
#8839 = LINE('',#8840,#8841);
#8840 = CARTESIAN_POINT('',(0.,0.));
#8841 = VECTOR('',#8842,1.);
#8842 = DIRECTION('',(0.,-1.));
#8843 = ( GEOMETRIC_REPRESENTATION_CONTEXT(2) 
PARAMETRIC_REPRESENTATION_CONTEXT() REPRESENTATION_CONTEXT('2D SPACE',''
  ) );
#8844 = PCURVE('',#2113,#8845);
#8845 = DEFINITIONAL_REPRESENTATION('',(#8846),#8850);
#8846 = LINE('',#8847,#8848);
#8847 = CARTESIAN_POINT('',(1.200610506126,0.));
#8848 = VECTOR('',#8849,1.);
#8849 = DIRECTION('',(0.,-1.));
#8850 = ( GEOMETRIC_REPRESENTATION_CONTEXT(2) 
PARAMETRIC_REPRESENTATION_CONTEXT() REPRESENTATION_CONTEXT('2D SPACE',''
  ) );
#8851 = ORIENTED_EDGE('',*,*,#2125,.T.);
#8852 = ORIENTED_EDGE('',*,*,#8780,.F.);
#8853 = ORIENTED_EDGE('',*,*,#8854,.F.);
#8854 = EDGE_CURVE('',#8830,#8781,#8855,.T.);
#8855 = SURFACE_CURVE('',#8856,(#8860,#8867),.PCURVE_S1.);
#8856 = LINE('',#8857,#8858);
#8857 = CARTESIAN_POINT('',(61.717323615688,401.,341.80373812142));
#8858 = VECTOR('',#8859,1.);
#8859 = DIRECTION('',(-0.926001266198,0.,-0.377520403422));
#8860 = PCURVE('',#2141,#8861);
#8861 = DEFINITIONAL_REPRESENTATION('',(#8862),#8866);
#8862 = LINE('',#8863,#8864);
#8863 = CARTESIAN_POINT('',(0.,0.));
#8864 = VECTOR('',#8865,1.);
#8865 = DIRECTION('',(1.,0.));
#8866 = ( GEOMETRIC_REPRESENTATION_CONTEXT(2) 
PARAMETRIC_REPRESENTATION_CONTEXT() REPRESENTATION_CONTEXT('2D SPACE',''
  ) );
#8867 = PCURVE('',#126,#8868);
#8868 = DEFINITIONAL_REPRESENTATION('',(#8869),#8873);
#8869 = LINE('',#8870,#8871);
#8870 = CARTESIAN_POINT('',(-6.603738121421,-18.28267638431));
#8871 = VECTOR('',#8872,1.);
#8872 = DIRECTION('',(0.377520403422,-0.926001266198));
#8873 = ( GEOMETRIC_REPRESENTATION_CONTEXT(2) 
PARAMETRIC_REPRESENTATION_CONTEXT() REPRESENTATION_CONTEXT('2D SPACE',''
  ) );
#8874 = ADVANCED_FACE('',(#8875),#2113,.T.);
#8875 = FACE_BOUND('',#8876,.T.);
#8876 = EDGE_LOOP('',(#8877,#8900,#8901,#8902));
#8877 = ORIENTED_EDGE('',*,*,#8878,.T.);
#8878 = EDGE_CURVE('',#8879,#2070,#8881,.T.);
#8879 = VERTEX_POINT('',#8880);
#8880 = CARTESIAN_POINT('',(62.884979265825,401.,341.52437121192));
#8881 = SURFACE_CURVE('',#8882,(#8886,#8893),.PCURVE_S1.);
#8882 = LINE('',#8883,#8884);
#8883 = CARTESIAN_POINT('',(62.884979265825,401.,341.52437121192));
#8884 = VECTOR('',#8885,1.);
#8885 = DIRECTION('',(0.,1.,0.));
#8886 = PCURVE('',#2113,#8887);
#8887 = DEFINITIONAL_REPRESENTATION('',(#8888),#8892);
#8888 = LINE('',#8889,#8890);
#8889 = CARTESIAN_POINT('',(0.,0.));
#8890 = VECTOR('',#8891,1.);
#8891 = DIRECTION('',(0.,-1.));
#8892 = ( GEOMETRIC_REPRESENTATION_CONTEXT(2) 
PARAMETRIC_REPRESENTATION_CONTEXT() REPRESENTATION_CONTEXT('2D SPACE',''
  ) );
#8893 = PCURVE('',#2085,#8894);
#8894 = DEFINITIONAL_REPRESENTATION('',(#8895),#8899);
#8895 = LINE('',#8896,#8897);
#8896 = CARTESIAN_POINT('',(1.199633649912,0.));
#8897 = VECTOR('',#8898,1.);
#8898 = DIRECTION('',(0.,-1.));
#8899 = ( GEOMETRIC_REPRESENTATION_CONTEXT(2) 
PARAMETRIC_REPRESENTATION_CONTEXT() REPRESENTATION_CONTEXT('2D SPACE',''
  ) );
#8900 = ORIENTED_EDGE('',*,*,#2097,.T.);
#8901 = ORIENTED_EDGE('',*,*,#8829,.F.);
#8902 = ORIENTED_EDGE('',*,*,#8903,.F.);
#8903 = EDGE_CURVE('',#8879,#8830,#8904,.T.);
#8904 = SURFACE_CURVE('',#8905,(#8909,#8916),.PCURVE_S1.);
#8905 = LINE('',#8906,#8907);
#8906 = CARTESIAN_POINT('',(62.884979265825,401.,341.52437121192));
#8907 = VECTOR('',#8908,1.);
#8908 = DIRECTION('',(-0.972551584531,0.,0.232687377023));
#8909 = PCURVE('',#2113,#8910);
#8910 = DEFINITIONAL_REPRESENTATION('',(#8911),#8915);
#8911 = LINE('',#8912,#8913);
#8912 = CARTESIAN_POINT('',(0.,0.));
#8913 = VECTOR('',#8914,1.);
#8914 = DIRECTION('',(1.,0.));
#8915 = ( GEOMETRIC_REPRESENTATION_CONTEXT(2) 
PARAMETRIC_REPRESENTATION_CONTEXT() REPRESENTATION_CONTEXT('2D SPACE',''
  ) );
#8916 = PCURVE('',#126,#8917);
#8917 = DEFINITIONAL_REPRESENTATION('',(#8918),#8922);
#8918 = LINE('',#8919,#8920);
#8919 = CARTESIAN_POINT('',(-6.324371211923,-17.11502073417));
#8920 = VECTOR('',#8921,1.);
#8921 = DIRECTION('',(-0.232687377023,-0.972551584531));
#8922 = ( GEOMETRIC_REPRESENTATION_CONTEXT(2) 
PARAMETRIC_REPRESENTATION_CONTEXT() REPRESENTATION_CONTEXT('2D SPACE',''
  ) );
#8923 = ADVANCED_FACE('',(#8924),#2085,.T.);
#8924 = FACE_BOUND('',#8925,.T.);
#8925 = EDGE_LOOP('',(#8926,#8949,#8950,#8951));
#8926 = ORIENTED_EDGE('',*,*,#8927,.T.);
#8927 = EDGE_CURVE('',#8928,#2042,#8930,.T.);
#8928 = VERTEX_POINT('',#8929);
#8929 = CARTESIAN_POINT('',(64.047488658239,401.,341.22824149954));
#8930 = SURFACE_CURVE('',#8931,(#8935,#8942),.PCURVE_S1.);
#8931 = LINE('',#8932,#8933);
#8932 = CARTESIAN_POINT('',(64.047488658239,401.,341.22824149954));
#8933 = VECTOR('',#8934,1.);
#8934 = DIRECTION('',(0.,1.,0.));
#8935 = PCURVE('',#2085,#8936);
#8936 = DEFINITIONAL_REPRESENTATION('',(#8937),#8941);
#8937 = LINE('',#8938,#8939);
#8938 = CARTESIAN_POINT('',(0.,0.));
#8939 = VECTOR('',#8940,1.);
#8940 = DIRECTION('',(0.,-1.));
#8941 = ( GEOMETRIC_REPRESENTATION_CONTEXT(2) 
PARAMETRIC_REPRESENTATION_CONTEXT() REPRESENTATION_CONTEXT('2D SPACE',''
  ) );
#8942 = PCURVE('',#2057,#8943);
#8943 = DEFINITIONAL_REPRESENTATION('',(#8944),#8948);
#8944 = LINE('',#8945,#8946);
#8945 = CARTESIAN_POINT('',(1.198719924449,0.));
#8946 = VECTOR('',#8947,1.);
#8947 = DIRECTION('',(0.,-1.));
#8948 = ( GEOMETRIC_REPRESENTATION_CONTEXT(2) 
PARAMETRIC_REPRESENTATION_CONTEXT() REPRESENTATION_CONTEXT('2D SPACE',''
  ) );
#8949 = ORIENTED_EDGE('',*,*,#2069,.T.);
#8950 = ORIENTED_EDGE('',*,*,#8878,.F.);
#8951 = ORIENTED_EDGE('',*,*,#8952,.F.);
#8952 = EDGE_CURVE('',#8928,#8879,#8953,.T.);
#8953 = SURFACE_CURVE('',#8954,(#8958,#8965),.PCURVE_S1.);
#8954 = LINE('',#8955,#8956);
#8955 = CARTESIAN_POINT('',(64.047488658239,401.,341.22824149954));
#8956 = VECTOR('',#8957,1.);
#8957 = DIRECTION('',(-0.969053671093,0.,0.246850121616));
#8958 = PCURVE('',#2085,#8959);
#8959 = DEFINITIONAL_REPRESENTATION('',(#8960),#8964);
#8960 = LINE('',#8961,#8962);
#8961 = CARTESIAN_POINT('',(0.,0.));
#8962 = VECTOR('',#8963,1.);
#8963 = DIRECTION('',(1.,0.));
#8964 = ( GEOMETRIC_REPRESENTATION_CONTEXT(2) 
PARAMETRIC_REPRESENTATION_CONTEXT() REPRESENTATION_CONTEXT('2D SPACE',''
  ) );
#8965 = PCURVE('',#126,#8966);
#8966 = DEFINITIONAL_REPRESENTATION('',(#8967),#8971);
#8967 = LINE('',#8968,#8969);
#8968 = CARTESIAN_POINT('',(-6.028241499548,-15.95251134176));
#8969 = VECTOR('',#8970,1.);
#8970 = DIRECTION('',(-0.246850121616,-0.969053671093));
#8971 = ( GEOMETRIC_REPRESENTATION_CONTEXT(2) 
PARAMETRIC_REPRESENTATION_CONTEXT() REPRESENTATION_CONTEXT('2D SPACE',''
  ) );
#8972 = ADVANCED_FACE('',(#8973),#2057,.T.);
#8973 = FACE_BOUND('',#8974,.T.);
#8974 = EDGE_LOOP('',(#8975,#8998,#8999,#9000));
#8975 = ORIENTED_EDGE('',*,*,#8976,.T.);
#8976 = EDGE_CURVE('',#8977,#2014,#8979,.T.);
#8977 = VERTEX_POINT('',#8978);
#8978 = CARTESIAN_POINT('',(65.204668791453,401.,340.91540992095));
#8979 = SURFACE_CURVE('',#8980,(#8984,#8991),.PCURVE_S1.);
#8980 = LINE('',#8981,#8982);
#8981 = CARTESIAN_POINT('',(65.204668791453,401.,340.91540992095));
#8982 = VECTOR('',#8983,1.);
#8983 = DIRECTION('',(0.,1.,0.));
#8984 = PCURVE('',#2057,#8985);
#8985 = DEFINITIONAL_REPRESENTATION('',(#8986),#8990);
#8986 = LINE('',#8987,#8988);
#8987 = CARTESIAN_POINT('',(0.,0.));
#8988 = VECTOR('',#8989,1.);
#8989 = DIRECTION('',(0.,-1.));
#8990 = ( GEOMETRIC_REPRESENTATION_CONTEXT(2) 
PARAMETRIC_REPRESENTATION_CONTEXT() REPRESENTATION_CONTEXT('2D SPACE',''
  ) );
#8991 = PCURVE('',#2029,#8992);
#8992 = DEFINITIONAL_REPRESENTATION('',(#8993),#8997);
#8993 = LINE('',#8994,#8995);
#8994 = CARTESIAN_POINT('',(1.228592614404,0.));
#8995 = VECTOR('',#8996,1.);
#8996 = DIRECTION('',(0.,-1.));
#8997 = ( GEOMETRIC_REPRESENTATION_CONTEXT(2) 
PARAMETRIC_REPRESENTATION_CONTEXT() REPRESENTATION_CONTEXT('2D SPACE',''
  ) );
#8998 = ORIENTED_EDGE('',*,*,#2041,.T.);
#8999 = ORIENTED_EDGE('',*,*,#8927,.F.);
#9000 = ORIENTED_EDGE('',*,*,#9001,.F.);
#9001 = EDGE_CURVE('',#8977,#8928,#9002,.T.);
#9002 = SURFACE_CURVE('',#9003,(#9007,#9014),.PCURVE_S1.);
#9003 = LINE('',#9004,#9005);
#9004 = CARTESIAN_POINT('',(65.204668791453,401.,340.91540992095));
#9005 = VECTOR('',#9006,1.);
#9006 = DIRECTION('',(-0.965346541434,0.,0.26097136805));
#9007 = PCURVE('',#2057,#9008);
#9008 = DEFINITIONAL_REPRESENTATION('',(#9009),#9013);
#9009 = LINE('',#9010,#9011);
#9010 = CARTESIAN_POINT('',(0.,0.));
#9011 = VECTOR('',#9012,1.);
#9012 = DIRECTION('',(1.,0.));
#9013 = ( GEOMETRIC_REPRESENTATION_CONTEXT(2) 
PARAMETRIC_REPRESENTATION_CONTEXT() REPRESENTATION_CONTEXT('2D SPACE',''
  ) );
#9014 = PCURVE('',#126,#9015);
#9015 = DEFINITIONAL_REPRESENTATION('',(#9016),#9020);
#9016 = LINE('',#9017,#9018);
#9017 = CARTESIAN_POINT('',(-5.715409920955,-14.79533120854));
#9018 = VECTOR('',#9019,1.);
#9019 = DIRECTION('',(-0.26097136805,-0.965346541434));
#9020 = ( GEOMETRIC_REPRESENTATION_CONTEXT(2) 
PARAMETRIC_REPRESENTATION_CONTEXT() REPRESENTATION_CONTEXT('2D SPACE',''
  ) );
#9021 = ADVANCED_FACE('',(#9022),#2029,.T.);
#9022 = FACE_BOUND('',#9023,.T.);
#9023 = EDGE_LOOP('',(#9024,#9047,#9048,#9049));
#9024 = ORIENTED_EDGE('',*,*,#9025,.T.);
#9025 = EDGE_CURVE('',#9026,#1986,#9028,.T.);
#9026 = VERTEX_POINT('',#9027);
#9027 = CARTESIAN_POINT('',(65.691442242435,401.,342.04345753501));
#9028 = SURFACE_CURVE('',#9029,(#9033,#9040),.PCURVE_S1.);
#9029 = LINE('',#9030,#9031);
#9030 = CARTESIAN_POINT('',(65.691442242435,401.,342.04345753501));
#9031 = VECTOR('',#9032,1.);
#9032 = DIRECTION('',(0.,1.,0.));
#9033 = PCURVE('',#2029,#9034);
#9034 = DEFINITIONAL_REPRESENTATION('',(#9035),#9039);
#9035 = LINE('',#9036,#9037);
#9036 = CARTESIAN_POINT('',(0.,0.));
#9037 = VECTOR('',#9038,1.);
#9038 = DIRECTION('',(0.,-1.));
#9039 = ( GEOMETRIC_REPRESENTATION_CONTEXT(2) 
PARAMETRIC_REPRESENTATION_CONTEXT() REPRESENTATION_CONTEXT('2D SPACE',''
  ) );
#9040 = PCURVE('',#2001,#9041);
#9041 = DEFINITIONAL_REPRESENTATION('',(#9042),#9046);
#9042 = LINE('',#9043,#9044);
#9043 = CARTESIAN_POINT('',(1.228592614404,0.));
#9044 = VECTOR('',#9045,1.);
#9045 = DIRECTION('',(0.,-1.));
#9046 = ( GEOMETRIC_REPRESENTATION_CONTEXT(2) 
PARAMETRIC_REPRESENTATION_CONTEXT() REPRESENTATION_CONTEXT('2D SPACE',''
  ) );
#9047 = ORIENTED_EDGE('',*,*,#2013,.T.);
#9048 = ORIENTED_EDGE('',*,*,#8976,.F.);
#9049 = ORIENTED_EDGE('',*,*,#9050,.F.);
#9050 = EDGE_CURVE('',#9026,#8977,#9051,.T.);
#9051 = SURFACE_CURVE('',#9052,(#9056,#9063),.PCURVE_S1.);
#9052 = LINE('',#9053,#9054);
#9053 = CARTESIAN_POINT('',(65.691442242435,401.,342.04345753501));
#9054 = VECTOR('',#9055,1.);
#9055 = DIRECTION('',(-0.396204116217,0.,-0.918162457462));
#9056 = PCURVE('',#2029,#9057);
#9057 = DEFINITIONAL_REPRESENTATION('',(#9058),#9062);
#9058 = LINE('',#9059,#9060);
#9059 = CARTESIAN_POINT('',(0.,0.));
#9060 = VECTOR('',#9061,1.);
#9061 = DIRECTION('',(1.,0.));
#9062 = ( GEOMETRIC_REPRESENTATION_CONTEXT(2) 
PARAMETRIC_REPRESENTATION_CONTEXT() REPRESENTATION_CONTEXT('2D SPACE',''
  ) );
#9063 = PCURVE('',#126,#9064);
#9064 = DEFINITIONAL_REPRESENTATION('',(#9065),#9069);
#9065 = LINE('',#9066,#9067);
#9066 = CARTESIAN_POINT('',(-6.843457535015,-14.30855775756));
#9067 = VECTOR('',#9068,1.);
#9068 = DIRECTION('',(0.918162457462,-0.396204116217));
#9069 = ( GEOMETRIC_REPRESENTATION_CONTEXT(2) 
PARAMETRIC_REPRESENTATION_CONTEXT() REPRESENTATION_CONTEXT('2D SPACE',''
  ) );
#9070 = ADVANCED_FACE('',(#9071),#2001,.T.);
#9071 = FACE_BOUND('',#9072,.T.);
#9072 = EDGE_LOOP('',(#9073,#9096,#9097,#9098));
#9073 = ORIENTED_EDGE('',*,*,#9074,.T.);
#9074 = EDGE_CURVE('',#9075,#1958,#9077,.T.);
#9075 = VERTEX_POINT('',#9076);
#9076 = CARTESIAN_POINT('',(66.264068939407,401.,343.1304434954));
#9077 = SURFACE_CURVE('',#9078,(#9082,#9089),.PCURVE_S1.);
#9078 = LINE('',#9079,#9080);
#9079 = CARTESIAN_POINT('',(66.264068939407,401.,343.1304434954));
#9080 = VECTOR('',#9081,1.);
#9081 = DIRECTION('',(0.,1.,0.));
#9082 = PCURVE('',#2001,#9083);
#9083 = DEFINITIONAL_REPRESENTATION('',(#9084),#9088);
#9084 = LINE('',#9085,#9086);
#9085 = CARTESIAN_POINT('',(0.,0.));
#9086 = VECTOR('',#9087,1.);
#9087 = DIRECTION('',(0.,-1.));
#9088 = ( GEOMETRIC_REPRESENTATION_CONTEXT(2) 
PARAMETRIC_REPRESENTATION_CONTEXT() REPRESENTATION_CONTEXT('2D SPACE',''
  ) );
#9089 = PCURVE('',#1973,#9090);
#9090 = DEFINITIONAL_REPRESENTATION('',(#9091),#9095);
#9091 = LINE('',#9092,#9093);
#9092 = CARTESIAN_POINT('',(1.228592614404,0.));
#9093 = VECTOR('',#9094,1.);
#9094 = DIRECTION('',(0.,-1.));
#9095 = ( GEOMETRIC_REPRESENTATION_CONTEXT(2) 
PARAMETRIC_REPRESENTATION_CONTEXT() REPRESENTATION_CONTEXT('2D SPACE',''
  ) );
#9096 = ORIENTED_EDGE('',*,*,#1985,.T.);
#9097 = ORIENTED_EDGE('',*,*,#9025,.F.);
#9098 = ORIENTED_EDGE('',*,*,#9099,.F.);
#9099 = EDGE_CURVE('',#9075,#9026,#9100,.T.);
#9100 = SURFACE_CURVE('',#9101,(#9105,#9112),.PCURVE_S1.);
#9101 = LINE('',#9102,#9103);
#9102 = CARTESIAN_POINT('',(66.264068939407,401.,343.1304434954));
#9103 = VECTOR('',#9104,1.);
#9104 = DIRECTION('',(-0.466083460261,0.,-0.88474075755));
#9105 = PCURVE('',#2001,#9106);
#9106 = DEFINITIONAL_REPRESENTATION('',(#9107),#9111);
#9107 = LINE('',#9108,#9109);
#9108 = CARTESIAN_POINT('',(0.,0.));
#9109 = VECTOR('',#9110,1.);
#9110 = DIRECTION('',(1.,0.));
#9111 = ( GEOMETRIC_REPRESENTATION_CONTEXT(2) 
PARAMETRIC_REPRESENTATION_CONTEXT() REPRESENTATION_CONTEXT('2D SPACE',''
  ) );
#9112 = PCURVE('',#126,#9113);
#9113 = DEFINITIONAL_REPRESENTATION('',(#9114),#9118);
#9114 = LINE('',#9115,#9116);
#9115 = CARTESIAN_POINT('',(-7.930443495403,-13.73593106059));
#9116 = VECTOR('',#9117,1.);
#9117 = DIRECTION('',(0.88474075755,-0.466083460261));
#9118 = ( GEOMETRIC_REPRESENTATION_CONTEXT(2) 
PARAMETRIC_REPRESENTATION_CONTEXT() REPRESENTATION_CONTEXT('2D SPACE',''
  ) );
#9119 = ADVANCED_FACE('',(#9120),#1973,.T.);
#9120 = FACE_BOUND('',#9121,.T.);
#9121 = EDGE_LOOP('',(#9122,#9145,#9146,#9147));
#9122 = ORIENTED_EDGE('',*,*,#9123,.T.);
#9123 = EDGE_CURVE('',#9124,#1930,#9126,.T.);
#9124 = VERTEX_POINT('',#9125);
#9125 = CARTESIAN_POINT('',(66.919113046174,401.,344.16984574206));
#9126 = SURFACE_CURVE('',#9127,(#9131,#9138),.PCURVE_S1.);
#9127 = LINE('',#9128,#9129);
#9128 = CARTESIAN_POINT('',(66.919113046174,401.,344.16984574206));
#9129 = VECTOR('',#9130,1.);
#9130 = DIRECTION('',(0.,1.,0.));
#9131 = PCURVE('',#1973,#9132);
#9132 = DEFINITIONAL_REPRESENTATION('',(#9133),#9137);
#9133 = LINE('',#9134,#9135);
#9134 = CARTESIAN_POINT('',(0.,0.));
#9135 = VECTOR('',#9136,1.);
#9136 = DIRECTION('',(0.,-1.));
#9137 = ( GEOMETRIC_REPRESENTATION_CONTEXT(2) 
PARAMETRIC_REPRESENTATION_CONTEXT() REPRESENTATION_CONTEXT('2D SPACE',''
  ) );
#9138 = PCURVE('',#1945,#9139);
#9139 = DEFINITIONAL_REPRESENTATION('',(#9140),#9144);
#9140 = LINE('',#9141,#9142);
#9141 = CARTESIAN_POINT('',(1.228592614404,0.));
#9142 = VECTOR('',#9143,1.);
#9143 = DIRECTION('',(0.,-1.));
#9144 = ( GEOMETRIC_REPRESENTATION_CONTEXT(2) 
PARAMETRIC_REPRESENTATION_CONTEXT() REPRESENTATION_CONTEXT('2D SPACE',''
  ) );
#9145 = ORIENTED_EDGE('',*,*,#1957,.T.);
#9146 = ORIENTED_EDGE('',*,*,#9074,.F.);
#9147 = ORIENTED_EDGE('',*,*,#9148,.F.);
#9148 = EDGE_CURVE('',#9124,#9075,#9149,.T.);
#9149 = SURFACE_CURVE('',#9150,(#9154,#9161),.PCURVE_S1.);
#9150 = LINE('',#9151,#9152);
#9151 = CARTESIAN_POINT('',(66.919113046174,401.,344.16984574206));
#9152 = VECTOR('',#9153,1.);
#9153 = DIRECTION('',(-0.533166241671,0.,-0.846010495645));
#9154 = PCURVE('',#1973,#9155);
#9155 = DEFINITIONAL_REPRESENTATION('',(#9156),#9160);
#9156 = LINE('',#9157,#9158);
#9157 = CARTESIAN_POINT('',(0.,0.));
#9158 = VECTOR('',#9159,1.);
#9159 = DIRECTION('',(1.,0.));
#9160 = ( GEOMETRIC_REPRESENTATION_CONTEXT(2) 
PARAMETRIC_REPRESENTATION_CONTEXT() REPRESENTATION_CONTEXT('2D SPACE',''
  ) );
#9161 = PCURVE('',#126,#9162);
#9162 = DEFINITIONAL_REPRESENTATION('',(#9163),#9167);
#9163 = LINE('',#9164,#9165);
#9164 = CARTESIAN_POINT('',(-8.969845742061,-13.08088695382));
#9165 = VECTOR('',#9166,1.);
#9166 = DIRECTION('',(0.846010495645,-0.533166241671));
#9167 = ( GEOMETRIC_REPRESENTATION_CONTEXT(2) 
PARAMETRIC_REPRESENTATION_CONTEXT() REPRESENTATION_CONTEXT('2D SPACE',''
  ) );
#9168 = ADVANCED_FACE('',(#9169),#1945,.T.);
#9169 = FACE_BOUND('',#9170,.T.);
#9170 = EDGE_LOOP('',(#9171,#9194,#9195,#9196));
#9171 = ORIENTED_EDGE('',*,*,#9172,.T.);
#9172 = EDGE_CURVE('',#9173,#1902,#9175,.T.);
#9173 = VERTEX_POINT('',#9174);
#9174 = CARTESIAN_POINT('',(67.652644211138,401.,345.15542772352));
#9175 = SURFACE_CURVE('',#9176,(#9180,#9187),.PCURVE_S1.);
#9176 = LINE('',#9177,#9178);
#9177 = CARTESIAN_POINT('',(67.652644211138,401.,345.15542772352));
#9178 = VECTOR('',#9179,1.);
#9179 = DIRECTION('',(0.,1.,0.));
#9180 = PCURVE('',#1945,#9181);
#9181 = DEFINITIONAL_REPRESENTATION('',(#9182),#9186);
#9182 = LINE('',#9183,#9184);
#9183 = CARTESIAN_POINT('',(0.,0.));
#9184 = VECTOR('',#9185,1.);
#9185 = DIRECTION('',(0.,-1.));
#9186 = ( GEOMETRIC_REPRESENTATION_CONTEXT(2) 
PARAMETRIC_REPRESENTATION_CONTEXT() REPRESENTATION_CONTEXT('2D SPACE',''
  ) );
#9187 = PCURVE('',#1917,#9188);
#9188 = DEFINITIONAL_REPRESENTATION('',(#9189),#9193);
#9189 = LINE('',#9190,#9191);
#9190 = CARTESIAN_POINT('',(4.809631818338,0.));
#9191 = VECTOR('',#9192,1.);
#9192 = DIRECTION('',(0.,-1.));
#9193 = ( GEOMETRIC_REPRESENTATION_CONTEXT(2) 
PARAMETRIC_REPRESENTATION_CONTEXT() REPRESENTATION_CONTEXT('2D SPACE',''
  ) );
#9194 = ORIENTED_EDGE('',*,*,#1929,.T.);
#9195 = ORIENTED_EDGE('',*,*,#9123,.F.);
#9196 = ORIENTED_EDGE('',*,*,#9197,.F.);
#9197 = EDGE_CURVE('',#9173,#9124,#9198,.T.);
#9198 = SURFACE_CURVE('',#9199,(#9203,#9210),.PCURVE_S1.);
#9199 = LINE('',#9200,#9201);
#9200 = CARTESIAN_POINT('',(67.652644211138,401.,345.15542772352));
#9201 = VECTOR('',#9202,1.);
#9202 = DIRECTION('',(-0.597049954854,0.,-0.802204058459));
#9203 = PCURVE('',#1945,#9204);
#9204 = DEFINITIONAL_REPRESENTATION('',(#9205),#9209);
#9205 = LINE('',#9206,#9207);
#9206 = CARTESIAN_POINT('',(0.,0.));
#9207 = VECTOR('',#9208,1.);
#9208 = DIRECTION('',(1.,0.));
#9209 = ( GEOMETRIC_REPRESENTATION_CONTEXT(2) 
PARAMETRIC_REPRESENTATION_CONTEXT() REPRESENTATION_CONTEXT('2D SPACE',''
  ) );
#9210 = PCURVE('',#126,#9211);
#9211 = DEFINITIONAL_REPRESENTATION('',(#9212),#9216);
#9212 = LINE('',#9213,#9214);
#9213 = CARTESIAN_POINT('',(-9.955427723529,-12.34735578886));
#9214 = VECTOR('',#9215,1.);
#9215 = DIRECTION('',(0.802204058459,-0.597049954854));
#9216 = ( GEOMETRIC_REPRESENTATION_CONTEXT(2) 
PARAMETRIC_REPRESENTATION_CONTEXT() REPRESENTATION_CONTEXT('2D SPACE',''
  ) );
#9217 = ADVANCED_FACE('',(#9218),#1917,.T.);
#9218 = FACE_BOUND('',#9219,.T.);
#9219 = EDGE_LOOP('',(#9220,#9243,#9244,#9245));
#9220 = ORIENTED_EDGE('',*,*,#9221,.T.);
#9221 = EDGE_CURVE('',#9222,#1874,#9224,.T.);
#9222 = VERTEX_POINT('',#9223);
#9223 = CARTESIAN_POINT('',(63.509886818611,401.,347.59881050455));
#9224 = SURFACE_CURVE('',#9225,(#9229,#9236),.PCURVE_S1.);
#9225 = LINE('',#9226,#9227);
#9226 = CARTESIAN_POINT('',(63.509886818611,401.,347.59881050455));
#9227 = VECTOR('',#9228,1.);
#9228 = DIRECTION('',(0.,1.,0.));
#9229 = PCURVE('',#1917,#9230);
#9230 = DEFINITIONAL_REPRESENTATION('',(#9231),#9235);
#9231 = LINE('',#9232,#9233);
#9232 = CARTESIAN_POINT('',(0.,0.));
#9233 = VECTOR('',#9234,1.);
#9234 = DIRECTION('',(0.,-1.));
#9235 = ( GEOMETRIC_REPRESENTATION_CONTEXT(2) 
PARAMETRIC_REPRESENTATION_CONTEXT() REPRESENTATION_CONTEXT('2D SPACE',''
  ) );
#9236 = PCURVE('',#1889,#9237);
#9237 = DEFINITIONAL_REPRESENTATION('',(#9238),#9242);
#9238 = LINE('',#9239,#9240);
#9239 = CARTESIAN_POINT('',(0.900142887903,0.));
#9240 = VECTOR('',#9241,1.);
#9241 = DIRECTION('',(0.,-1.));
#9242 = ( GEOMETRIC_REPRESENTATION_CONTEXT(2) 
PARAMETRIC_REPRESENTATION_CONTEXT() REPRESENTATION_CONTEXT('2D SPACE',''
  ) );
#9243 = ORIENTED_EDGE('',*,*,#1901,.T.);
#9244 = ORIENTED_EDGE('',*,*,#9172,.F.);
#9245 = ORIENTED_EDGE('',*,*,#9246,.F.);
#9246 = EDGE_CURVE('',#9222,#9173,#9247,.T.);
#9247 = SURFACE_CURVE('',#9248,(#9252,#9259),.PCURVE_S1.);
#9248 = LINE('',#9249,#9250);
#9249 = CARTESIAN_POINT('',(63.509886818611,401.,347.59881050455));
#9250 = VECTOR('',#9251,1.);
#9251 = DIRECTION('',(0.861346054958,0.,-0.508018674468));
#9252 = PCURVE('',#1917,#9253);
#9253 = DEFINITIONAL_REPRESENTATION('',(#9254),#9258);
#9254 = LINE('',#9255,#9256);
#9255 = CARTESIAN_POINT('',(0.,0.));
#9256 = VECTOR('',#9257,1.);
#9257 = DIRECTION('',(1.,0.));
#9258 = ( GEOMETRIC_REPRESENTATION_CONTEXT(2) 
PARAMETRIC_REPRESENTATION_CONTEXT() REPRESENTATION_CONTEXT('2D SPACE',''
  ) );
#9259 = PCURVE('',#126,#9260);
#9260 = DEFINITIONAL_REPRESENTATION('',(#9261),#9265);
#9261 = LINE('',#9262,#9263);
#9262 = CARTESIAN_POINT('',(-12.39881050455,-16.49011318138));
#9263 = VECTOR('',#9264,1.);
#9264 = DIRECTION('',(0.508018674468,0.861346054958));
#9265 = ( GEOMETRIC_REPRESENTATION_CONTEXT(2) 
PARAMETRIC_REPRESENTATION_CONTEXT() REPRESENTATION_CONTEXT('2D SPACE',''
  ) );
#9266 = ADVANCED_FACE('',(#9267),#1889,.T.);
#9267 = FACE_BOUND('',#9268,.T.);
#9268 = EDGE_LOOP('',(#9269,#9292,#9293,#9294));
#9269 = ORIENTED_EDGE('',*,*,#9270,.T.);
#9270 = EDGE_CURVE('',#9271,#1846,#9273,.T.);
#9271 = VERTEX_POINT('',#9272);
#9272 = CARTESIAN_POINT('',(64.066410270717,401.,348.30629821886));
#9273 = SURFACE_CURVE('',#9274,(#9278,#9285),.PCURVE_S1.);
#9274 = LINE('',#9275,#9276);
#9275 = CARTESIAN_POINT('',(64.066410270717,401.,348.30629821886));
#9276 = VECTOR('',#9277,1.);
#9277 = DIRECTION('',(0.,1.,0.));
#9278 = PCURVE('',#1889,#9279);
#9279 = DEFINITIONAL_REPRESENTATION('',(#9280),#9284);
#9280 = LINE('',#9281,#9282);
#9281 = CARTESIAN_POINT('',(0.,0.));
#9282 = VECTOR('',#9283,1.);
#9283 = DIRECTION('',(0.,-1.));
#9284 = ( GEOMETRIC_REPRESENTATION_CONTEXT(2) 
PARAMETRIC_REPRESENTATION_CONTEXT() REPRESENTATION_CONTEXT('2D SPACE',''
  ) );
#9285 = PCURVE('',#1861,#9286);
#9286 = DEFINITIONAL_REPRESENTATION('',(#9287),#9291);
#9287 = LINE('',#9288,#9289);
#9288 = CARTESIAN_POINT('',(0.900142887903,0.));
#9289 = VECTOR('',#9290,1.);
#9290 = DIRECTION('',(0.,-1.));
#9291 = ( GEOMETRIC_REPRESENTATION_CONTEXT(2) 
PARAMETRIC_REPRESENTATION_CONTEXT() REPRESENTATION_CONTEXT('2D SPACE',''
  ) );
#9292 = ORIENTED_EDGE('',*,*,#1873,.T.);
#9293 = ORIENTED_EDGE('',*,*,#9221,.F.);
#9294 = ORIENTED_EDGE('',*,*,#9295,.F.);
#9295 = EDGE_CURVE('',#9271,#9222,#9296,.T.);
#9296 = SURFACE_CURVE('',#9297,(#9301,#9308),.PCURVE_S1.);
#9297 = LINE('',#9298,#9299);
#9298 = CARTESIAN_POINT('',(64.066410270717,401.,348.30629821886));
#9299 = VECTOR('',#9300,1.);
#9300 = DIRECTION('',(-0.618261233395,0.,-0.785972675912));
#9301 = PCURVE('',#1889,#9302);
#9302 = DEFINITIONAL_REPRESENTATION('',(#9303),#9307);
#9303 = LINE('',#9304,#9305);
#9304 = CARTESIAN_POINT('',(0.,0.));
#9305 = VECTOR('',#9306,1.);
#9306 = DIRECTION('',(1.,0.));
#9307 = ( GEOMETRIC_REPRESENTATION_CONTEXT(2) 
PARAMETRIC_REPRESENTATION_CONTEXT() REPRESENTATION_CONTEXT('2D SPACE',''
  ) );
#9308 = PCURVE('',#126,#9309);
#9309 = DEFINITIONAL_REPRESENTATION('',(#9310),#9314);
#9310 = LINE('',#9311,#9312);
#9311 = CARTESIAN_POINT('',(-13.10629821886,-15.93358972928));
#9312 = VECTOR('',#9313,1.);
#9313 = DIRECTION('',(0.785972675912,-0.618261233395));
#9314 = ( GEOMETRIC_REPRESENTATION_CONTEXT(2) 
PARAMETRIC_REPRESENTATION_CONTEXT() REPRESENTATION_CONTEXT('2D SPACE',''
  ) );
#9315 = ADVANCED_FACE('',(#9316),#1861,.T.);
#9316 = FACE_BOUND('',#9317,.T.);
#9317 = EDGE_LOOP('',(#9318,#9341,#9342,#9343));
#9318 = ORIENTED_EDGE('',*,*,#9319,.T.);
#9319 = EDGE_CURVE('',#9320,#1818,#9322,.T.);
#9320 = VERTEX_POINT('',#9321);
#9321 = CARTESIAN_POINT('',(64.653264216479,401.,348.9888373496));
#9322 = SURFACE_CURVE('',#9323,(#9327,#9334),.PCURVE_S1.);
#9323 = LINE('',#9324,#9325);
#9324 = CARTESIAN_POINT('',(64.653264216479,401.,348.9888373496));
#9325 = VECTOR('',#9326,1.);
#9326 = DIRECTION('',(0.,1.,0.));
#9327 = PCURVE('',#1861,#9328);
#9328 = DEFINITIONAL_REPRESENTATION('',(#9329),#9333);
#9329 = LINE('',#9330,#9331);
#9330 = CARTESIAN_POINT('',(0.,0.));
#9331 = VECTOR('',#9332,1.);
#9332 = DIRECTION('',(0.,-1.));
#9333 = ( GEOMETRIC_REPRESENTATION_CONTEXT(2) 
PARAMETRIC_REPRESENTATION_CONTEXT() REPRESENTATION_CONTEXT('2D SPACE',''
  ) );
#9334 = PCURVE('',#1833,#9335);
#9335 = DEFINITIONAL_REPRESENTATION('',(#9336),#9340);
#9336 = LINE('',#9337,#9338);
#9337 = CARTESIAN_POINT('',(0.900142887903,0.));
#9338 = VECTOR('',#9339,1.);
#9339 = DIRECTION('',(0.,-1.));
#9340 = ( GEOMETRIC_REPRESENTATION_CONTEXT(2) 
PARAMETRIC_REPRESENTATION_CONTEXT() REPRESENTATION_CONTEXT('2D SPACE',''
  ) );
#9341 = ORIENTED_EDGE('',*,*,#1845,.T.);
#9342 = ORIENTED_EDGE('',*,*,#9270,.F.);
#9343 = ORIENTED_EDGE('',*,*,#9344,.F.);
#9344 = EDGE_CURVE('',#9320,#9271,#9345,.T.);
#9345 = SURFACE_CURVE('',#9346,(#9350,#9357),.PCURVE_S1.);
#9346 = LINE('',#9347,#9348);
#9347 = CARTESIAN_POINT('',(64.653264216479,401.,348.9888373496));
#9348 = VECTOR('',#9349,1.);
#9349 = DIRECTION('',(-0.651956432306,0.,-0.75825642785));
#9350 = PCURVE('',#1861,#9351);
#9351 = DEFINITIONAL_REPRESENTATION('',(#9352),#9356);
#9352 = LINE('',#9353,#9354);
#9353 = CARTESIAN_POINT('',(0.,0.));
#9354 = VECTOR('',#9355,1.);
#9355 = DIRECTION('',(1.,0.));
#9356 = ( GEOMETRIC_REPRESENTATION_CONTEXT(2) 
PARAMETRIC_REPRESENTATION_CONTEXT() REPRESENTATION_CONTEXT('2D SPACE',''
  ) );
#9357 = PCURVE('',#126,#9358);
#9358 = DEFINITIONAL_REPRESENTATION('',(#9359),#9363);
#9359 = LINE('',#9360,#9361);
#9360 = CARTESIAN_POINT('',(-13.7888373496,-15.34673578352));
#9361 = VECTOR('',#9362,1.);
#9362 = DIRECTION('',(0.75825642785,-0.651956432306));
#9363 = ( GEOMETRIC_REPRESENTATION_CONTEXT(2) 
PARAMETRIC_REPRESENTATION_CONTEXT() REPRESENTATION_CONTEXT('2D SPACE',''
  ) );
#9364 = ADVANCED_FACE('',(#9365),#1833,.T.);
#9365 = FACE_BOUND('',#9366,.T.);
#9366 = EDGE_LOOP('',(#9367,#9390,#9391,#9392));
#9367 = ORIENTED_EDGE('',*,*,#9368,.T.);
#9368 = EDGE_CURVE('',#9369,#1790,#9371,.T.);
#9369 = VERTEX_POINT('',#9370);
#9370 = CARTESIAN_POINT('',(65.269331546057,401.,349.64512864473));
#9371 = SURFACE_CURVE('',#9372,(#9376,#9383),.PCURVE_S1.);
#9372 = LINE('',#9373,#9374);
#9373 = CARTESIAN_POINT('',(65.269331546057,401.,349.64512864473));
#9374 = VECTOR('',#9375,1.);
#9375 = DIRECTION('',(0.,1.,0.));
#9376 = PCURVE('',#1833,#9377);
#9377 = DEFINITIONAL_REPRESENTATION('',(#9378),#9382);
#9378 = LINE('',#9379,#9380);
#9379 = CARTESIAN_POINT('',(0.,0.));
#9380 = VECTOR('',#9381,1.);
#9381 = DIRECTION('',(0.,-1.));
#9382 = ( GEOMETRIC_REPRESENTATION_CONTEXT(2) 
PARAMETRIC_REPRESENTATION_CONTEXT() REPRESENTATION_CONTEXT('2D SPACE',''
  ) );
#9383 = PCURVE('',#1805,#9384);
#9384 = DEFINITIONAL_REPRESENTATION('',(#9385),#9389);
#9385 = LINE('',#9386,#9387);
#9386 = CARTESIAN_POINT('',(0.900142887903,0.));
#9387 = VECTOR('',#9388,1.);
#9388 = DIRECTION('',(0.,-1.));
#9389 = ( GEOMETRIC_REPRESENTATION_CONTEXT(2) 
PARAMETRIC_REPRESENTATION_CONTEXT() REPRESENTATION_CONTEXT('2D SPACE',''
  ) );
#9390 = ORIENTED_EDGE('',*,*,#1817,.T.);
#9391 = ORIENTED_EDGE('',*,*,#9319,.F.);
#9392 = ORIENTED_EDGE('',*,*,#9393,.F.);
#9393 = EDGE_CURVE('',#9369,#9320,#9394,.T.);
#9394 = SURFACE_CURVE('',#9395,(#9399,#9406),.PCURVE_S1.);
#9395 = LINE('',#9396,#9397);
#9396 = CARTESIAN_POINT('',(65.269331546057,401.,349.64512864473));
#9397 = VECTOR('',#9398,1.);
#9398 = DIRECTION('',(-0.684410595092,0.,-0.72909679558));
#9399 = PCURVE('',#1833,#9400);
#9400 = DEFINITIONAL_REPRESENTATION('',(#9401),#9405);
#9401 = LINE('',#9402,#9403);
#9402 = CARTESIAN_POINT('',(0.,0.));
#9403 = VECTOR('',#9404,1.);
#9404 = DIRECTION('',(1.,0.));
#9405 = ( GEOMETRIC_REPRESENTATION_CONTEXT(2) 
PARAMETRIC_REPRESENTATION_CONTEXT() REPRESENTATION_CONTEXT('2D SPACE',''
  ) );
#9406 = PCURVE('',#126,#9407);
#9407 = DEFINITIONAL_REPRESENTATION('',(#9408),#9412);
#9408 = LINE('',#9409,#9410);
#9409 = CARTESIAN_POINT('',(-14.44512864473,-14.73066845394));
#9410 = VECTOR('',#9411,1.);
#9411 = DIRECTION('',(0.72909679558,-0.684410595092));
#9412 = ( GEOMETRIC_REPRESENTATION_CONTEXT(2) 
PARAMETRIC_REPRESENTATION_CONTEXT() REPRESENTATION_CONTEXT('2D SPACE',''
  ) );
#9413 = ADVANCED_FACE('',(#9414),#1805,.T.);
#9414 = FACE_BOUND('',#9415,.T.);
#9415 = EDGE_LOOP('',(#9416,#9439,#9440,#9441));
#9416 = ORIENTED_EDGE('',*,*,#9417,.T.);
#9417 = EDGE_CURVE('',#9418,#1762,#9420,.T.);
#9418 = VERTEX_POINT('',#9419);
#9419 = CARTESIAN_POINT('',(65.913439540273,401.,350.27392281648));
#9420 = SURFACE_CURVE('',#9421,(#9425,#9432),.PCURVE_S1.);
#9421 = LINE('',#9422,#9423);
#9422 = CARTESIAN_POINT('',(65.913439540273,401.,350.27392281648));
#9423 = VECTOR('',#9424,1.);
#9424 = DIRECTION('',(0.,1.,0.));
#9425 = PCURVE('',#1805,#9426);
#9426 = DEFINITIONAL_REPRESENTATION('',(#9427),#9431);
#9427 = LINE('',#9428,#9429);
#9428 = CARTESIAN_POINT('',(0.,0.));
#9429 = VECTOR('',#9430,1.);
#9430 = DIRECTION('',(0.,-1.));
#9431 = ( GEOMETRIC_REPRESENTATION_CONTEXT(2) 
PARAMETRIC_REPRESENTATION_CONTEXT() REPRESENTATION_CONTEXT('2D SPACE',''
  ) );
#9432 = PCURVE('',#1777,#9433);
#9433 = DEFINITIONAL_REPRESENTATION('',(#9434),#9438);
#9434 = LINE('',#9435,#9436);
#9435 = CARTESIAN_POINT('',(1.569764844889,0.));
#9436 = VECTOR('',#9437,1.);
#9437 = DIRECTION('',(0.,-1.));
#9438 = ( GEOMETRIC_REPRESENTATION_CONTEXT(2) 
PARAMETRIC_REPRESENTATION_CONTEXT() REPRESENTATION_CONTEXT('2D SPACE',''
  ) );
#9439 = ORIENTED_EDGE('',*,*,#1789,.T.);
#9440 = ORIENTED_EDGE('',*,*,#9368,.F.);
#9441 = ORIENTED_EDGE('',*,*,#9442,.F.);
#9442 = EDGE_CURVE('',#9418,#9369,#9443,.T.);
#9443 = SURFACE_CURVE('',#9444,(#9448,#9455),.PCURVE_S1.);
#9444 = LINE('',#9445,#9446);
#9445 = CARTESIAN_POINT('',(65.913439540273,401.,350.27392281648));
#9446 = VECTOR('',#9447,1.);
#9447 = DIRECTION('',(-0.715561943412,0.,-0.698549286121));
#9448 = PCURVE('',#1805,#9449);
#9449 = DEFINITIONAL_REPRESENTATION('',(#9450),#9454);
#9450 = LINE('',#9451,#9452);
#9451 = CARTESIAN_POINT('',(0.,0.));
#9452 = VECTOR('',#9453,1.);
#9453 = DIRECTION('',(1.,0.));
#9454 = ( GEOMETRIC_REPRESENTATION_CONTEXT(2) 
PARAMETRIC_REPRESENTATION_CONTEXT() REPRESENTATION_CONTEXT('2D SPACE',''
  ) );
#9455 = PCURVE('',#126,#9456);
#9456 = DEFINITIONAL_REPRESENTATION('',(#9457),#9461);
#9457 = LINE('',#9458,#9459);
#9458 = CARTESIAN_POINT('',(-15.07392281648,-14.08656045972));
#9459 = VECTOR('',#9460,1.);
#9460 = DIRECTION('',(0.698549286121,-0.715561943412));
#9461 = ( GEOMETRIC_REPRESENTATION_CONTEXT(2) 
PARAMETRIC_REPRESENTATION_CONTEXT() REPRESENTATION_CONTEXT('2D SPACE',''
  ) );
#9462 = ADVANCED_FACE('',(#9463),#1777,.T.);
#9463 = FACE_BOUND('',#9464,.T.);
#9464 = EDGE_LOOP('',(#9465,#9488,#9489,#9490));
#9465 = ORIENTED_EDGE('',*,*,#9466,.T.);
#9466 = EDGE_CURVE('',#9467,#1734,#9469,.T.);
#9467 = VERTEX_POINT('',#9468);
#9468 = CARTESIAN_POINT('',(67.468606862726,401.,350.06034316524));
#9469 = SURFACE_CURVE('',#9470,(#9474,#9481),.PCURVE_S1.);
#9470 = LINE('',#9471,#9472);
#9471 = CARTESIAN_POINT('',(67.468606862726,401.,350.06034316524));
#9472 = VECTOR('',#9473,1.);
#9473 = DIRECTION('',(0.,1.,0.));
#9474 = PCURVE('',#1777,#9475);
#9475 = DEFINITIONAL_REPRESENTATION('',(#9476),#9480);
#9476 = LINE('',#9477,#9478);
#9477 = CARTESIAN_POINT('',(0.,0.));
#9478 = VECTOR('',#9479,1.);
#9479 = DIRECTION('',(0.,-1.));
#9480 = ( GEOMETRIC_REPRESENTATION_CONTEXT(2) 
PARAMETRIC_REPRESENTATION_CONTEXT() REPRESENTATION_CONTEXT('2D SPACE',''
  ) );
#9481 = PCURVE('',#1749,#9482);
#9482 = DEFINITIONAL_REPRESENTATION('',(#9483),#9487);
#9483 = LINE('',#9484,#9485);
#9484 = CARTESIAN_POINT('',(1.200610506126,0.));
#9485 = VECTOR('',#9486,1.);
#9486 = DIRECTION('',(0.,-1.));
#9487 = ( GEOMETRIC_REPRESENTATION_CONTEXT(2) 
PARAMETRIC_REPRESENTATION_CONTEXT() REPRESENTATION_CONTEXT('2D SPACE',''
  ) );
#9488 = ORIENTED_EDGE('',*,*,#1761,.T.);
#9489 = ORIENTED_EDGE('',*,*,#9417,.F.);
#9490 = ORIENTED_EDGE('',*,*,#9491,.F.);
#9491 = EDGE_CURVE('',#9467,#9418,#9492,.T.);
#9492 = SURFACE_CURVE('',#9493,(#9497,#9504),.PCURVE_S1.);
#9493 = LINE('',#9494,#9495);
#9494 = CARTESIAN_POINT('',(67.468606862726,401.,350.06034316524));
#9495 = VECTOR('',#9496,1.);
#9496 = DIRECTION('',(-0.990700822175,0.,0.136058373289));
#9497 = PCURVE('',#1777,#9498);
#9498 = DEFINITIONAL_REPRESENTATION('',(#9499),#9503);
#9499 = LINE('',#9500,#9501);
#9500 = CARTESIAN_POINT('',(0.,0.));
#9501 = VECTOR('',#9502,1.);
#9502 = DIRECTION('',(1.,0.));
#9503 = ( GEOMETRIC_REPRESENTATION_CONTEXT(2) 
PARAMETRIC_REPRESENTATION_CONTEXT() REPRESENTATION_CONTEXT('2D SPACE',''
  ) );
#9504 = PCURVE('',#126,#9505);
#9505 = DEFINITIONAL_REPRESENTATION('',(#9506),#9510);
#9506 = LINE('',#9507,#9508);
#9507 = CARTESIAN_POINT('',(-14.86034316524,-12.53139313727));
#9508 = VECTOR('',#9509,1.);
#9509 = DIRECTION('',(-0.136058373289,-0.990700822175));
#9510 = ( GEOMETRIC_REPRESENTATION_CONTEXT(2) 
PARAMETRIC_REPRESENTATION_CONTEXT() REPRESENTATION_CONTEXT('2D SPACE',''
  ) );
#9511 = ADVANCED_FACE('',(#9512),#1749,.T.);
#9512 = FACE_BOUND('',#9513,.T.);
#9513 = EDGE_LOOP('',(#9514,#9537,#9538,#9539));
#9514 = ORIENTED_EDGE('',*,*,#9515,.T.);
#9515 = EDGE_CURVE('',#9516,#1706,#9518,.T.);
#9516 = VERTEX_POINT('',#9517);
#9517 = CARTESIAN_POINT('',(68.340142863869,401.,349.23457649957));
#9518 = SURFACE_CURVE('',#9519,(#9523,#9530),.PCURVE_S1.);
#9519 = LINE('',#9520,#9521);
#9520 = CARTESIAN_POINT('',(68.340142863869,401.,349.23457649957));
#9521 = VECTOR('',#9522,1.);
#9522 = DIRECTION('',(0.,1.,0.));
#9523 = PCURVE('',#1749,#9524);
#9524 = DEFINITIONAL_REPRESENTATION('',(#9525),#9529);
#9525 = LINE('',#9526,#9527);
#9526 = CARTESIAN_POINT('',(0.,0.));
#9527 = VECTOR('',#9528,1.);
#9528 = DIRECTION('',(0.,-1.));
#9529 = ( GEOMETRIC_REPRESENTATION_CONTEXT(2) 
PARAMETRIC_REPRESENTATION_CONTEXT() REPRESENTATION_CONTEXT('2D SPACE',''
  ) );
#9530 = PCURVE('',#1721,#9531);
#9531 = DEFINITIONAL_REPRESENTATION('',(#9532),#9536);
#9532 = LINE('',#9533,#9534);
#9533 = CARTESIAN_POINT('',(1.199633649912,0.));
#9534 = VECTOR('',#9535,1.);
#9535 = DIRECTION('',(0.,-1.));
#9536 = ( GEOMETRIC_REPRESENTATION_CONTEXT(2) 
PARAMETRIC_REPRESENTATION_CONTEXT() REPRESENTATION_CONTEXT('2D SPACE',''
  ) );
#9537 = ORIENTED_EDGE('',*,*,#1733,.T.);
#9538 = ORIENTED_EDGE('',*,*,#9466,.F.);
#9539 = ORIENTED_EDGE('',*,*,#9540,.F.);
#9540 = EDGE_CURVE('',#9516,#9467,#9541,.T.);
#9541 = SURFACE_CURVE('',#9542,(#9546,#9553),.PCURVE_S1.);
#9542 = LINE('',#9543,#9544);
#9543 = CARTESIAN_POINT('',(68.340142863869,401.,349.23457649957));
#9544 = VECTOR('',#9545,1.);
#9545 = DIRECTION('',(-0.725910690183,0.,0.687788971908));
#9546 = PCURVE('',#1749,#9547);
#9547 = DEFINITIONAL_REPRESENTATION('',(#9548),#9552);
#9548 = LINE('',#9549,#9550);
#9549 = CARTESIAN_POINT('',(0.,0.));
#9550 = VECTOR('',#9551,1.);
#9551 = DIRECTION('',(1.,0.));
#9552 = ( GEOMETRIC_REPRESENTATION_CONTEXT(2) 
PARAMETRIC_REPRESENTATION_CONTEXT() REPRESENTATION_CONTEXT('2D SPACE',''
  ) );
#9553 = PCURVE('',#126,#9554);
#9554 = DEFINITIONAL_REPRESENTATION('',(#9555),#9559);
#9555 = LINE('',#9556,#9557);
#9556 = CARTESIAN_POINT('',(-14.03457649957,-11.65985713613));
#9557 = VECTOR('',#9558,1.);
#9558 = DIRECTION('',(-0.687788971908,-0.725910690183));
#9559 = ( GEOMETRIC_REPRESENTATION_CONTEXT(2) 
PARAMETRIC_REPRESENTATION_CONTEXT() REPRESENTATION_CONTEXT('2D SPACE',''
  ) );
#9560 = ADVANCED_FACE('',(#9561),#1721,.T.);
#9561 = FACE_BOUND('',#9562,.T.);
#9562 = EDGE_LOOP('',(#9563,#9586,#9587,#9588));
#9563 = ORIENTED_EDGE('',*,*,#9564,.T.);
#9564 = EDGE_CURVE('',#9565,#1678,#9567,.T.);
#9565 = VERTEX_POINT('',#9566);
#9566 = CARTESIAN_POINT('',(69.198840673649,401.,348.39686594963));
#9567 = SURFACE_CURVE('',#9568,(#9572,#9579),.PCURVE_S1.);
#9568 = LINE('',#9569,#9570);
#9569 = CARTESIAN_POINT('',(69.198840673649,401.,348.39686594963));
#9570 = VECTOR('',#9571,1.);
#9571 = DIRECTION('',(0.,1.,0.));
#9572 = PCURVE('',#1721,#9573);
#9573 = DEFINITIONAL_REPRESENTATION('',(#9574),#9578);
#9574 = LINE('',#9575,#9576);
#9575 = CARTESIAN_POINT('',(0.,0.));
#9576 = VECTOR('',#9577,1.);
#9577 = DIRECTION('',(0.,-1.));
#9578 = ( GEOMETRIC_REPRESENTATION_CONTEXT(2) 
PARAMETRIC_REPRESENTATION_CONTEXT() REPRESENTATION_CONTEXT('2D SPACE',''
  ) );
#9579 = PCURVE('',#1693,#9580);
#9580 = DEFINITIONAL_REPRESENTATION('',(#9581),#9585);
#9581 = LINE('',#9582,#9583);
#9582 = CARTESIAN_POINT('',(1.198719924449,0.));
#9583 = VECTOR('',#9584,1.);
#9584 = DIRECTION('',(0.,-1.));
#9585 = ( GEOMETRIC_REPRESENTATION_CONTEXT(2) 
PARAMETRIC_REPRESENTATION_CONTEXT() REPRESENTATION_CONTEXT('2D SPACE',''
  ) );
#9586 = ORIENTED_EDGE('',*,*,#1705,.T.);
#9587 = ORIENTED_EDGE('',*,*,#9515,.F.);
#9588 = ORIENTED_EDGE('',*,*,#9589,.F.);
#9589 = EDGE_CURVE('',#9565,#9516,#9590,.T.);
#9590 = SURFACE_CURVE('',#9591,(#9595,#9602),.PCURVE_S1.);
#9591 = LINE('',#9592,#9593);
#9592 = CARTESIAN_POINT('',(69.198840673649,401.,348.39686594963));
#9593 = VECTOR('',#9594,1.);
#9594 = DIRECTION('',(-0.715800035989,0.,0.698305311793));
#9595 = PCURVE('',#1721,#9596);
#9596 = DEFINITIONAL_REPRESENTATION('',(#9597),#9601);
#9597 = LINE('',#9598,#9599);
#9598 = CARTESIAN_POINT('',(0.,0.));
#9599 = VECTOR('',#9600,1.);
#9600 = DIRECTION('',(1.,0.));
#9601 = ( GEOMETRIC_REPRESENTATION_CONTEXT(2) 
PARAMETRIC_REPRESENTATION_CONTEXT() REPRESENTATION_CONTEXT('2D SPACE',''
  ) );
#9602 = PCURVE('',#126,#9603);
#9603 = DEFINITIONAL_REPRESENTATION('',(#9604),#9608);
#9604 = LINE('',#9605,#9606);
#9605 = CARTESIAN_POINT('',(-13.19686594963,-10.80115932635));
#9606 = VECTOR('',#9607,1.);
#9607 = DIRECTION('',(-0.698305311793,-0.715800035989));
#9608 = ( GEOMETRIC_REPRESENTATION_CONTEXT(2) 
PARAMETRIC_REPRESENTATION_CONTEXT() REPRESENTATION_CONTEXT('2D SPACE',''
  ) );
#9609 = ADVANCED_FACE('',(#9610),#1693,.T.);
#9610 = FACE_BOUND('',#9611,.T.);
#9611 = EDGE_LOOP('',(#9612,#9635,#9636,#9637));
#9612 = ORIENTED_EDGE('',*,*,#9613,.T.);
#9613 = EDGE_CURVE('',#9614,#1650,#9616,.T.);
#9614 = VERTEX_POINT('',#9615);
#9615 = CARTESIAN_POINT('',(70.044572276471,401.,347.54735578886));
#9616 = SURFACE_CURVE('',#9617,(#9621,#9628),.PCURVE_S1.);
#9617 = LINE('',#9618,#9619);
#9618 = CARTESIAN_POINT('',(70.044572276471,401.,347.54735578886));
#9619 = VECTOR('',#9620,1.);
#9620 = DIRECTION('',(0.,1.,0.));
#9621 = PCURVE('',#1693,#9622);
#9622 = DEFINITIONAL_REPRESENTATION('',(#9623),#9627);
#9623 = LINE('',#9624,#9625);
#9624 = CARTESIAN_POINT('',(0.,0.));
#9625 = VECTOR('',#9626,1.);
#9626 = DIRECTION('',(0.,-1.));
#9627 = ( GEOMETRIC_REPRESENTATION_CONTEXT(2) 
PARAMETRIC_REPRESENTATION_CONTEXT() REPRESENTATION_CONTEXT('2D SPACE',''
  ) );
#9628 = PCURVE('',#1665,#9629);
#9629 = DEFINITIONAL_REPRESENTATION('',(#9630),#9634);
#9630 = LINE('',#9631,#9632);
#9631 = CARTESIAN_POINT('',(1.228592614404,0.));
#9632 = VECTOR('',#9633,1.);
#9633 = DIRECTION('',(0.,-1.));
#9634 = ( GEOMETRIC_REPRESENTATION_CONTEXT(2) 
PARAMETRIC_REPRESENTATION_CONTEXT() REPRESENTATION_CONTEXT('2D SPACE',''
  ) );
#9635 = ORIENTED_EDGE('',*,*,#1677,.T.);
#9636 = ORIENTED_EDGE('',*,*,#9564,.F.);
#9637 = ORIENTED_EDGE('',*,*,#9638,.F.);
#9638 = EDGE_CURVE('',#9614,#9565,#9639,.T.);
#9639 = SURFACE_CURVE('',#9640,(#9644,#9651),.PCURVE_S1.);
#9640 = LINE('',#9641,#9642);
#9641 = CARTESIAN_POINT('',(70.044572276471,401.,347.54735578886));
#9642 = VECTOR('',#9643,1.);
#9643 = DIRECTION('',(-0.705528944312,0.,0.708681105109));
#9644 = PCURVE('',#1693,#9645);
#9645 = DEFINITIONAL_REPRESENTATION('',(#9646),#9650);
#9646 = LINE('',#9647,#9648);
#9647 = CARTESIAN_POINT('',(0.,0.));
#9648 = VECTOR('',#9649,1.);
#9649 = DIRECTION('',(1.,0.));
#9650 = ( GEOMETRIC_REPRESENTATION_CONTEXT(2) 
PARAMETRIC_REPRESENTATION_CONTEXT() REPRESENTATION_CONTEXT('2D SPACE',''
  ) );
#9651 = PCURVE('',#126,#9652);
#9652 = DEFINITIONAL_REPRESENTATION('',(#9653),#9657);
#9653 = LINE('',#9654,#9655);
#9654 = CARTESIAN_POINT('',(-12.34735578886,-9.955427723529));
#9655 = VECTOR('',#9656,1.);
#9656 = DIRECTION('',(-0.708681105109,-0.705528944312));
#9657 = ( GEOMETRIC_REPRESENTATION_CONTEXT(2) 
PARAMETRIC_REPRESENTATION_CONTEXT() REPRESENTATION_CONTEXT('2D SPACE',''
  ) );
#9658 = ADVANCED_FACE('',(#9659),#1665,.T.);
#9659 = FACE_BOUND('',#9660,.T.);
#9660 = EDGE_LOOP('',(#9661,#9684,#9685,#9686));
#9661 = ORIENTED_EDGE('',*,*,#9662,.T.);
#9662 = EDGE_CURVE('',#9663,#1622,#9665,.T.);
#9663 = VERTEX_POINT('',#9664);
#9664 = CARTESIAN_POINT('',(71.030154257939,401.,348.28088695382));
#9665 = SURFACE_CURVE('',#9666,(#9670,#9677),.PCURVE_S1.);
#9666 = LINE('',#9667,#9668);
#9667 = CARTESIAN_POINT('',(71.030154257939,401.,348.28088695382));
#9668 = VECTOR('',#9669,1.);
#9669 = DIRECTION('',(0.,1.,0.));
#9670 = PCURVE('',#1665,#9671);
#9671 = DEFINITIONAL_REPRESENTATION('',(#9672),#9676);
#9672 = LINE('',#9673,#9674);
#9673 = CARTESIAN_POINT('',(0.,0.));
#9674 = VECTOR('',#9675,1.);
#9675 = DIRECTION('',(0.,-1.));
#9676 = ( GEOMETRIC_REPRESENTATION_CONTEXT(2) 
PARAMETRIC_REPRESENTATION_CONTEXT() REPRESENTATION_CONTEXT('2D SPACE',''
  ) );
#9677 = PCURVE('',#1637,#9678);
#9678 = DEFINITIONAL_REPRESENTATION('',(#9679),#9683);
#9679 = LINE('',#9680,#9681);
#9680 = CARTESIAN_POINT('',(1.228592614404,0.));
#9681 = VECTOR('',#9682,1.);
#9682 = DIRECTION('',(0.,-1.));
#9683 = ( GEOMETRIC_REPRESENTATION_CONTEXT(2) 
PARAMETRIC_REPRESENTATION_CONTEXT() REPRESENTATION_CONTEXT('2D SPACE',''
  ) );
#9684 = ORIENTED_EDGE('',*,*,#1649,.T.);
#9685 = ORIENTED_EDGE('',*,*,#9613,.F.);
#9686 = ORIENTED_EDGE('',*,*,#9687,.F.);
#9687 = EDGE_CURVE('',#9663,#9614,#9688,.T.);
#9688 = SURFACE_CURVE('',#9689,(#9693,#9700),.PCURVE_S1.);
#9689 = LINE('',#9690,#9691);
#9690 = CARTESIAN_POINT('',(71.030154257939,401.,348.28088695382));
#9691 = VECTOR('',#9692,1.);
#9692 = DIRECTION('',(-0.802204058459,0.,-0.597049954854));
#9693 = PCURVE('',#1665,#9694);
#9694 = DEFINITIONAL_REPRESENTATION('',(#9695),#9699);
#9695 = LINE('',#9696,#9697);
#9696 = CARTESIAN_POINT('',(0.,0.));
#9697 = VECTOR('',#9698,1.);
#9698 = DIRECTION('',(1.,0.));
#9699 = ( GEOMETRIC_REPRESENTATION_CONTEXT(2) 
PARAMETRIC_REPRESENTATION_CONTEXT() REPRESENTATION_CONTEXT('2D SPACE',''
  ) );
#9700 = PCURVE('',#126,#9701);
#9701 = DEFINITIONAL_REPRESENTATION('',(#9702),#9706);
#9702 = LINE('',#9703,#9704);
#9703 = CARTESIAN_POINT('',(-13.08088695382,-8.969845742061));
#9704 = VECTOR('',#9705,1.);
#9705 = DIRECTION('',(0.597049954854,-0.802204058459));
#9706 = ( GEOMETRIC_REPRESENTATION_CONTEXT(2) 
PARAMETRIC_REPRESENTATION_CONTEXT() REPRESENTATION_CONTEXT('2D SPACE',''
  ) );
#9707 = ADVANCED_FACE('',(#9708),#1637,.T.);
#9708 = FACE_BOUND('',#9709,.T.);
#9709 = EDGE_LOOP('',(#9710,#9733,#9734,#9735));
#9710 = ORIENTED_EDGE('',*,*,#9711,.T.);
#9711 = EDGE_CURVE('',#9712,#1594,#9714,.T.);
#9712 = VERTEX_POINT('',#9713);
#9713 = CARTESIAN_POINT('',(72.069556504597,401.,348.93593106059));
#9714 = SURFACE_CURVE('',#9715,(#9719,#9726),.PCURVE_S1.);
#9715 = LINE('',#9716,#9717);
#9716 = CARTESIAN_POINT('',(72.069556504597,401.,348.93593106059));
#9717 = VECTOR('',#9718,1.);
#9718 = DIRECTION('',(0.,1.,0.));
#9719 = PCURVE('',#1637,#9720);
#9720 = DEFINITIONAL_REPRESENTATION('',(#9721),#9725);
#9721 = LINE('',#9722,#9723);
#9722 = CARTESIAN_POINT('',(0.,0.));
#9723 = VECTOR('',#9724,1.);
#9724 = DIRECTION('',(0.,-1.));
#9725 = ( GEOMETRIC_REPRESENTATION_CONTEXT(2) 
PARAMETRIC_REPRESENTATION_CONTEXT() REPRESENTATION_CONTEXT('2D SPACE',''
  ) );
#9726 = PCURVE('',#1609,#9727);
#9727 = DEFINITIONAL_REPRESENTATION('',(#9728),#9732);
#9728 = LINE('',#9729,#9730);
#9729 = CARTESIAN_POINT('',(1.228592614404,0.));
#9730 = VECTOR('',#9731,1.);
#9731 = DIRECTION('',(0.,-1.));
#9732 = ( GEOMETRIC_REPRESENTATION_CONTEXT(2) 
PARAMETRIC_REPRESENTATION_CONTEXT() REPRESENTATION_CONTEXT('2D SPACE',''
  ) );
#9733 = ORIENTED_EDGE('',*,*,#1621,.T.);
#9734 = ORIENTED_EDGE('',*,*,#9662,.F.);
#9735 = ORIENTED_EDGE('',*,*,#9736,.F.);
#9736 = EDGE_CURVE('',#9712,#9663,#9737,.T.);
#9737 = SURFACE_CURVE('',#9738,(#9742,#9749),.PCURVE_S1.);
#9738 = LINE('',#9739,#9740);
#9739 = CARTESIAN_POINT('',(72.069556504597,401.,348.93593106059));
#9740 = VECTOR('',#9741,1.);
#9741 = DIRECTION('',(-0.846010495645,0.,-0.533166241671));
#9742 = PCURVE('',#1637,#9743);
#9743 = DEFINITIONAL_REPRESENTATION('',(#9744),#9748);
#9744 = LINE('',#9745,#9746);
#9745 = CARTESIAN_POINT('',(0.,0.));
#9746 = VECTOR('',#9747,1.);
#9747 = DIRECTION('',(1.,0.));
#9748 = ( GEOMETRIC_REPRESENTATION_CONTEXT(2) 
PARAMETRIC_REPRESENTATION_CONTEXT() REPRESENTATION_CONTEXT('2D SPACE',''
  ) );
#9749 = PCURVE('',#126,#9750);
#9750 = DEFINITIONAL_REPRESENTATION('',(#9751),#9755);
#9751 = LINE('',#9752,#9753);
#9752 = CARTESIAN_POINT('',(-13.73593106059,-7.930443495403));
#9753 = VECTOR('',#9754,1.);
#9754 = DIRECTION('',(0.533166241671,-0.846010495645));
#9755 = ( GEOMETRIC_REPRESENTATION_CONTEXT(2) 
PARAMETRIC_REPRESENTATION_CONTEXT() REPRESENTATION_CONTEXT('2D SPACE',''
  ) );
#9756 = ADVANCED_FACE('',(#9757),#1609,.T.);
#9757 = FACE_BOUND('',#9758,.T.);
#9758 = EDGE_LOOP('',(#9759,#9782,#9783,#9784));
#9759 = ORIENTED_EDGE('',*,*,#9760,.T.);
#9760 = EDGE_CURVE('',#9761,#1566,#9763,.T.);
#9761 = VERTEX_POINT('',#9762);
#9762 = CARTESIAN_POINT('',(73.156542464985,401.,349.50855775756));
#9763 = SURFACE_CURVE('',#9764,(#9768,#9775),.PCURVE_S1.);
#9764 = LINE('',#9765,#9766);
#9765 = CARTESIAN_POINT('',(73.156542464985,401.,349.50855775756));
#9766 = VECTOR('',#9767,1.);
#9767 = DIRECTION('',(0.,1.,0.));
#9768 = PCURVE('',#1609,#9769);
#9769 = DEFINITIONAL_REPRESENTATION('',(#9770),#9774);
#9770 = LINE('',#9771,#9772);
#9771 = CARTESIAN_POINT('',(0.,0.));
#9772 = VECTOR('',#9773,1.);
#9773 = DIRECTION('',(0.,-1.));
#9774 = ( GEOMETRIC_REPRESENTATION_CONTEXT(2) 
PARAMETRIC_REPRESENTATION_CONTEXT() REPRESENTATION_CONTEXT('2D SPACE',''
  ) );
#9775 = PCURVE('',#1581,#9776);
#9776 = DEFINITIONAL_REPRESENTATION('',(#9777),#9781);
#9777 = LINE('',#9778,#9779);
#9778 = CARTESIAN_POINT('',(1.228592614404,0.));
#9779 = VECTOR('',#9780,1.);
#9780 = DIRECTION('',(0.,-1.));
#9781 = ( GEOMETRIC_REPRESENTATION_CONTEXT(2) 
PARAMETRIC_REPRESENTATION_CONTEXT() REPRESENTATION_CONTEXT('2D SPACE',''
  ) );
#9782 = ORIENTED_EDGE('',*,*,#1593,.T.);
#9783 = ORIENTED_EDGE('',*,*,#9711,.F.);
#9784 = ORIENTED_EDGE('',*,*,#9785,.F.);
#9785 = EDGE_CURVE('',#9761,#9712,#9786,.T.);
#9786 = SURFACE_CURVE('',#9787,(#9791,#9798),.PCURVE_S1.);
#9787 = LINE('',#9788,#9789);
#9788 = CARTESIAN_POINT('',(73.156542464985,401.,349.50855775756));
#9789 = VECTOR('',#9790,1.);
#9790 = DIRECTION('',(-0.88474075755,0.,-0.466083460261));
#9791 = PCURVE('',#1609,#9792);
#9792 = DEFINITIONAL_REPRESENTATION('',(#9793),#9797);
#9793 = LINE('',#9794,#9795);
#9794 = CARTESIAN_POINT('',(0.,0.));
#9795 = VECTOR('',#9796,1.);
#9796 = DIRECTION('',(1.,0.));
#9797 = ( GEOMETRIC_REPRESENTATION_CONTEXT(2) 
PARAMETRIC_REPRESENTATION_CONTEXT() REPRESENTATION_CONTEXT('2D SPACE',''
  ) );
#9798 = PCURVE('',#126,#9799);
#9799 = DEFINITIONAL_REPRESENTATION('',(#9800),#9804);
#9800 = LINE('',#9801,#9802);
#9801 = CARTESIAN_POINT('',(-14.30855775756,-6.843457535015));
#9802 = VECTOR('',#9803,1.);
#9803 = DIRECTION('',(0.466083460261,-0.88474075755));
#9804 = ( GEOMETRIC_REPRESENTATION_CONTEXT(2) 
PARAMETRIC_REPRESENTATION_CONTEXT() REPRESENTATION_CONTEXT('2D SPACE',''
  ) );
#9805 = ADVANCED_FACE('',(#9806),#1581,.T.);
#9806 = FACE_BOUND('',#9807,.T.);
#9807 = EDGE_LOOP('',(#9808,#9831,#9832,#9833));
#9808 = ORIENTED_EDGE('',*,*,#9809,.T.);
#9809 = EDGE_CURVE('',#9810,#1538,#9812,.T.);
#9810 = VERTEX_POINT('',#9811);
#9811 = CARTESIAN_POINT('',(74.284590079045,401.,349.99533120854));
#9812 = SURFACE_CURVE('',#9813,(#9817,#9824),.PCURVE_S1.);
#9813 = LINE('',#9814,#9815);
#9814 = CARTESIAN_POINT('',(74.284590079045,401.,349.99533120854));
#9815 = VECTOR('',#9816,1.);
#9816 = DIRECTION('',(0.,1.,0.));
#9817 = PCURVE('',#1581,#9818);
#9818 = DEFINITIONAL_REPRESENTATION('',(#9819),#9823);
#9819 = LINE('',#9820,#9821);
#9820 = CARTESIAN_POINT('',(0.,0.));
#9821 = VECTOR('',#9822,1.);
#9822 = DIRECTION('',(0.,-1.));
#9823 = ( GEOMETRIC_REPRESENTATION_CONTEXT(2) 
PARAMETRIC_REPRESENTATION_CONTEXT() REPRESENTATION_CONTEXT('2D SPACE',''
  ) );
#9824 = PCURVE('',#1553,#9825);
#9825 = DEFINITIONAL_REPRESENTATION('',(#9826),#9830);
#9826 = LINE('',#9827,#9828);
#9827 = CARTESIAN_POINT('',(4.809631818338,0.));
#9828 = VECTOR('',#9829,1.);
#9829 = DIRECTION('',(0.,-1.));
#9830 = ( GEOMETRIC_REPRESENTATION_CONTEXT(2) 
PARAMETRIC_REPRESENTATION_CONTEXT() REPRESENTATION_CONTEXT('2D SPACE',''
  ) );
#9831 = ORIENTED_EDGE('',*,*,#1565,.T.);
#9832 = ORIENTED_EDGE('',*,*,#9760,.F.);
#9833 = ORIENTED_EDGE('',*,*,#9834,.F.);
#9834 = EDGE_CURVE('',#9810,#9761,#9835,.T.);
#9835 = SURFACE_CURVE('',#9836,(#9840,#9847),.PCURVE_S1.);
#9836 = LINE('',#9837,#9838);
#9837 = CARTESIAN_POINT('',(74.284590079045,401.,349.99533120854));
#9838 = VECTOR('',#9839,1.);
#9839 = DIRECTION('',(-0.918162457462,0.,-0.396204116217));
#9840 = PCURVE('',#1581,#9841);
#9841 = DEFINITIONAL_REPRESENTATION('',(#9842),#9846);
#9842 = LINE('',#9843,#9844);
#9843 = CARTESIAN_POINT('',(0.,0.));
#9844 = VECTOR('',#9845,1.);
#9845 = DIRECTION('',(1.,0.));
#9846 = ( GEOMETRIC_REPRESENTATION_CONTEXT(2) 
PARAMETRIC_REPRESENTATION_CONTEXT() REPRESENTATION_CONTEXT('2D SPACE',''
  ) );
#9847 = PCURVE('',#126,#9848);
#9848 = DEFINITIONAL_REPRESENTATION('',(#9849),#9853);
#9849 = LINE('',#9850,#9851);
#9850 = CARTESIAN_POINT('',(-14.79533120854,-5.715409920955));
#9851 = VECTOR('',#9852,1.);
#9852 = DIRECTION('',(0.396204116217,-0.918162457462));
#9853 = ( GEOMETRIC_REPRESENTATION_CONTEXT(2) 
PARAMETRIC_REPRESENTATION_CONTEXT() REPRESENTATION_CONTEXT('2D SPACE',''
  ) );
#9854 = ADVANCED_FACE('',(#9855),#1553,.T.);
#9855 = FACE_BOUND('',#9856,.T.);
#9856 = EDGE_LOOP('',(#9857,#9880,#9881,#9882));
#9857 = ORIENTED_EDGE('',*,*,#9858,.T.);
#9858 = EDGE_CURVE('',#9859,#1510,#9861,.T.);
#9859 = VERTEX_POINT('',#9860);
#9860 = CARTESIAN_POINT('',(71.918548325915,401.,354.18274146435));
#9861 = SURFACE_CURVE('',#9862,(#9866,#9873),.PCURVE_S1.);
#9862 = LINE('',#9863,#9864);
#9863 = CARTESIAN_POINT('',(71.918548325915,401.,354.18274146435));
#9864 = VECTOR('',#9865,1.);
#9865 = DIRECTION('',(0.,1.,0.));
#9866 = PCURVE('',#1553,#9867);
#9867 = DEFINITIONAL_REPRESENTATION('',(#9868),#9872);
#9868 = LINE('',#9869,#9870);
#9869 = CARTESIAN_POINT('',(0.,0.));
#9870 = VECTOR('',#9871,1.);
#9871 = DIRECTION('',(0.,-1.));
#9872 = ( GEOMETRIC_REPRESENTATION_CONTEXT(2) 
PARAMETRIC_REPRESENTATION_CONTEXT() REPRESENTATION_CONTEXT('2D SPACE',''
  ) );
#9873 = PCURVE('',#1525,#9874);
#9874 = DEFINITIONAL_REPRESENTATION('',(#9875),#9879);
#9875 = LINE('',#9876,#9877);
#9876 = CARTESIAN_POINT('',(0.900142887903,0.));
#9877 = VECTOR('',#9878,1.);
#9878 = DIRECTION('',(0.,-1.));
#9879 = ( GEOMETRIC_REPRESENTATION_CONTEXT(2) 
PARAMETRIC_REPRESENTATION_CONTEXT() REPRESENTATION_CONTEXT('2D SPACE',''
  ) );
#9880 = ORIENTED_EDGE('',*,*,#1537,.T.);
#9881 = ORIENTED_EDGE('',*,*,#9809,.F.);
#9882 = ORIENTED_EDGE('',*,*,#9883,.F.);
#9883 = EDGE_CURVE('',#9859,#9810,#9884,.T.);
#9884 = SURFACE_CURVE('',#9885,(#9889,#9896),.PCURVE_S1.);
#9885 = LINE('',#9886,#9887);
#9886 = CARTESIAN_POINT('',(71.918548325915,401.,354.18274146435));
#9887 = VECTOR('',#9888,1.);
#9888 = DIRECTION('',(0.49193822781,0.,-0.870630105165));
#9889 = PCURVE('',#1553,#9890);
#9890 = DEFINITIONAL_REPRESENTATION('',(#9891),#9895);
#9891 = LINE('',#9892,#9893);
#9892 = CARTESIAN_POINT('',(0.,0.));
#9893 = VECTOR('',#9894,1.);
#9894 = DIRECTION('',(1.,0.));
#9895 = ( GEOMETRIC_REPRESENTATION_CONTEXT(2) 
PARAMETRIC_REPRESENTATION_CONTEXT() REPRESENTATION_CONTEXT('2D SPACE',''
  ) );
#9896 = PCURVE('',#126,#9897);
#9897 = DEFINITIONAL_REPRESENTATION('',(#9898),#9902);
#9898 = LINE('',#9899,#9900);
#9899 = CARTESIAN_POINT('',(-18.98274146435,-8.081451674085));
#9900 = VECTOR('',#9901,1.);
#9901 = DIRECTION('',(0.870630105165,0.49193822781));
#9902 = ( GEOMETRIC_REPRESENTATION_CONTEXT(2) 
PARAMETRIC_REPRESENTATION_CONTEXT() REPRESENTATION_CONTEXT('2D SPACE',''
  ) );
#9903 = ADVANCED_FACE('',(#9904),#1525,.T.);
#9904 = FACE_BOUND('',#9905,.T.);
#9905 = EDGE_LOOP('',(#9906,#9929,#9930,#9931));
#9906 = ORIENTED_EDGE('',*,*,#9907,.T.);
#9907 = EDGE_CURVE('',#9908,#1482,#9910,.T.);
#9908 = VERTEX_POINT('',#9909);
#9909 = CARTESIAN_POINT('',(72.754255630396,401.,354.51718207175));
#9910 = SURFACE_CURVE('',#9911,(#9915,#9922),.PCURVE_S1.);
#9911 = LINE('',#9912,#9913);
#9912 = CARTESIAN_POINT('',(72.754255630396,401.,354.51718207175));
#9913 = VECTOR('',#9914,1.);
#9914 = DIRECTION('',(0.,1.,0.));
#9915 = PCURVE('',#1525,#9916);
#9916 = DEFINITIONAL_REPRESENTATION('',(#9917),#9921);
#9917 = LINE('',#9918,#9919);
#9918 = CARTESIAN_POINT('',(0.,0.));
#9919 = VECTOR('',#9920,1.);
#9920 = DIRECTION('',(0.,-1.));
#9921 = ( GEOMETRIC_REPRESENTATION_CONTEXT(2) 
PARAMETRIC_REPRESENTATION_CONTEXT() REPRESENTATION_CONTEXT('2D SPACE',''
  ) );
#9922 = PCURVE('',#1497,#9923);
#9923 = DEFINITIONAL_REPRESENTATION('',(#9924),#9928);
#9924 = LINE('',#9925,#9926);
#9925 = CARTESIAN_POINT('',(0.900142887903,0.));
#9926 = VECTOR('',#9927,1.);
#9927 = DIRECTION('',(0.,-1.));
#9928 = ( GEOMETRIC_REPRESENTATION_CONTEXT(2) 
PARAMETRIC_REPRESENTATION_CONTEXT() REPRESENTATION_CONTEXT('2D SPACE',''
  ) );
#9929 = ORIENTED_EDGE('',*,*,#1509,.T.);
#9930 = ORIENTED_EDGE('',*,*,#9858,.F.);
#9931 = ORIENTED_EDGE('',*,*,#9932,.F.);
#9932 = EDGE_CURVE('',#9908,#9859,#9933,.T.);
#9933 = SURFACE_CURVE('',#9934,(#9938,#9945),.PCURVE_S1.);
#9934 = LINE('',#9935,#9936);
#9935 = CARTESIAN_POINT('',(72.754255630396,401.,354.51718207175));
#9936 = VECTOR('',#9937,1.);
#9937 = DIRECTION('',(-0.928416272251,0.,-0.371541687323));
#9938 = PCURVE('',#1525,#9939);
#9939 = DEFINITIONAL_REPRESENTATION('',(#9940),#9944);
#9940 = LINE('',#9941,#9942);
#9941 = CARTESIAN_POINT('',(0.,0.));
#9942 = VECTOR('',#9943,1.);
#9943 = DIRECTION('',(1.,0.));
#9944 = ( GEOMETRIC_REPRESENTATION_CONTEXT(2) 
PARAMETRIC_REPRESENTATION_CONTEXT() REPRESENTATION_CONTEXT('2D SPACE',''
  ) );
#9945 = PCURVE('',#126,#9946);
#9946 = DEFINITIONAL_REPRESENTATION('',(#9947),#9951);
#9947 = LINE('',#9948,#9949);
#9948 = CARTESIAN_POINT('',(-19.31718207175,-7.245744369604));
#9949 = VECTOR('',#9950,1.);
#9950 = DIRECTION('',(0.371541687323,-0.928416272251));
#9951 = ( GEOMETRIC_REPRESENTATION_CONTEXT(2) 
PARAMETRIC_REPRESENTATION_CONTEXT() REPRESENTATION_CONTEXT('2D SPACE',''
  ) );
#9952 = ADVANCED_FACE('',(#9953),#1497,.T.);
#9953 = FACE_BOUND('',#9954,.T.);
#9954 = EDGE_LOOP('',(#9955,#9978,#9979,#9980));
#9955 = ORIENTED_EDGE('',*,*,#9956,.T.);
#9956 = EDGE_CURVE('',#9957,#1454,#9959,.T.);
#9957 = VERTEX_POINT('',#9958);
#9958 = CARTESIAN_POINT('',(73.603755621104,401.,354.81485132516));
#9959 = SURFACE_CURVE('',#9960,(#9964,#9971),.PCURVE_S1.);
#9960 = LINE('',#9961,#9962);
#9961 = CARTESIAN_POINT('',(73.603755621104,401.,354.81485132516));
#9962 = VECTOR('',#9963,1.);
#9963 = DIRECTION('',(0.,1.,0.));
#9964 = PCURVE('',#1497,#9965);
#9965 = DEFINITIONAL_REPRESENTATION('',(#9966),#9970);
#9966 = LINE('',#9967,#9968);
#9967 = CARTESIAN_POINT('',(0.,0.));
#9968 = VECTOR('',#9969,1.);
#9969 = DIRECTION('',(0.,-1.));
#9970 = ( GEOMETRIC_REPRESENTATION_CONTEXT(2) 
PARAMETRIC_REPRESENTATION_CONTEXT() REPRESENTATION_CONTEXT('2D SPACE',''
  ) );
#9971 = PCURVE('',#1469,#9972);
#9972 = DEFINITIONAL_REPRESENTATION('',(#9973),#9977);
#9973 = LINE('',#9974,#9975);
#9974 = CARTESIAN_POINT('',(0.900142887903,0.));
#9975 = VECTOR('',#9976,1.);
#9976 = DIRECTION('',(0.,-1.));
#9977 = ( GEOMETRIC_REPRESENTATION_CONTEXT(2) 
PARAMETRIC_REPRESENTATION_CONTEXT() REPRESENTATION_CONTEXT('2D SPACE',''
  ) );
#9978 = ORIENTED_EDGE('',*,*,#1481,.T.);
#9979 = ORIENTED_EDGE('',*,*,#9907,.F.);
#9980 = ORIENTED_EDGE('',*,*,#9981,.F.);
#9981 = EDGE_CURVE('',#9957,#9908,#9982,.T.);
#9982 = SURFACE_CURVE('',#9983,(#9987,#9994),.PCURVE_S1.);
#9983 = LINE('',#9984,#9985);
#9984 = CARTESIAN_POINT('',(73.603755621104,401.,354.81485132516));
#9985 = VECTOR('',#9986,1.);
#9986 = DIRECTION('',(-0.943739046462,0.,-0.330691112948));
#9987 = PCURVE('',#1497,#9988);
#9988 = DEFINITIONAL_REPRESENTATION('',(#9989),#9993);
#9989 = LINE('',#9990,#9991);
#9990 = CARTESIAN_POINT('',(0.,0.));
#9991 = VECTOR('',#9992,1.);
#9992 = DIRECTION('',(1.,0.));
#9993 = ( GEOMETRIC_REPRESENTATION_CONTEXT(2) 
PARAMETRIC_REPRESENTATION_CONTEXT() REPRESENTATION_CONTEXT('2D SPACE',''
  ) );
#9994 = PCURVE('',#126,#9995);
#9995 = DEFINITIONAL_REPRESENTATION('',(#9996),#10000);
#9996 = LINE('',#9997,#9998);
#9997 = CARTESIAN_POINT('',(-19.61485132516,-6.396244378896));
#9998 = VECTOR('',#9999,1.);
#9999 = DIRECTION('',(0.330691112948,-0.943739046462));
#10000 = ( GEOMETRIC_REPRESENTATION_CONTEXT(2) 
PARAMETRIC_REPRESENTATION_CONTEXT() REPRESENTATION_CONTEXT('2D SPACE',''
  ) );
#10001 = ADVANCED_FACE('',(#10002),#1469,.T.);
#10002 = FACE_BOUND('',#10003,.T.);
#10003 = EDGE_LOOP('',(#10004,#10027,#10028,#10029));
#10004 = ORIENTED_EDGE('',*,*,#10005,.T.);
#10005 = EDGE_CURVE('',#10006,#1426,#10008,.T.);
#10006 = VERTEX_POINT('',#10007);
#10007 = CARTESIAN_POINT('',(74.465431226527,401.,355.07518259424));
#10008 = SURFACE_CURVE('',#10009,(#10013,#10020),.PCURVE_S1.);
#10009 = LINE('',#10010,#10011);
#10010 = CARTESIAN_POINT('',(74.465431226527,401.,355.07518259424));
#10011 = VECTOR('',#10012,1.);
#10012 = DIRECTION('',(0.,1.,0.));
#10013 = PCURVE('',#1469,#10014);
#10014 = DEFINITIONAL_REPRESENTATION('',(#10015),#10019);
#10015 = LINE('',#10016,#10017);
#10016 = CARTESIAN_POINT('',(0.,0.));
#10017 = VECTOR('',#10018,1.);
#10018 = DIRECTION('',(0.,-1.));
#10019 = ( GEOMETRIC_REPRESENTATION_CONTEXT(2) 
PARAMETRIC_REPRESENTATION_CONTEXT() REPRESENTATION_CONTEXT('2D SPACE',''
  ) );
#10020 = PCURVE('',#1441,#10021);
#10021 = DEFINITIONAL_REPRESENTATION('',(#10022),#10026);
#10022 = LINE('',#10023,#10024);
#10023 = CARTESIAN_POINT('',(0.900142887903,0.));
#10024 = VECTOR('',#10025,1.);
#10025 = DIRECTION('',(0.,-1.));
#10026 = ( GEOMETRIC_REPRESENTATION_CONTEXT(2) 
PARAMETRIC_REPRESENTATION_CONTEXT() REPRESENTATION_CONTEXT('2D SPACE',''
  ) );
#10027 = ORIENTED_EDGE('',*,*,#1453,.T.);
#10028 = ORIENTED_EDGE('',*,*,#9956,.F.);
#10029 = ORIENTED_EDGE('',*,*,#10030,.F.);
#10030 = EDGE_CURVE('',#10006,#9957,#10031,.T.);
#10031 = SURFACE_CURVE('',#10032,(#10036,#10043),.PCURVE_S1.);
#10032 = LINE('',#10033,#10034);
#10033 = CARTESIAN_POINT('',(74.465431226527,401.,355.07518259424));
#10034 = VECTOR('',#10035,1.);
#10035 = DIRECTION('',(-0.957265359759,0.,-0.289211049244));
#10036 = PCURVE('',#1469,#10037);
#10037 = DEFINITIONAL_REPRESENTATION('',(#10038),#10042);
#10038 = LINE('',#10039,#10040);
#10039 = CARTESIAN_POINT('',(0.,0.));
#10040 = VECTOR('',#10041,1.);
#10041 = DIRECTION('',(1.,0.));
#10042 = ( GEOMETRIC_REPRESENTATION_CONTEXT(2) 
PARAMETRIC_REPRESENTATION_CONTEXT() REPRESENTATION_CONTEXT('2D SPACE',''
  ) );
#10043 = PCURVE('',#126,#10044);
#10044 = DEFINITIONAL_REPRESENTATION('',(#10045),#10049);
#10045 = LINE('',#10046,#10047);
#10046 = CARTESIAN_POINT('',(-19.87518259424,-5.534568773473));
#10047 = VECTOR('',#10048,1.);
#10048 = DIRECTION('',(0.289211049244,-0.957265359759));
#10049 = ( GEOMETRIC_REPRESENTATION_CONTEXT(2) 
PARAMETRIC_REPRESENTATION_CONTEXT() REPRESENTATION_CONTEXT('2D SPACE',''
  ) );
#10050 = ADVANCED_FACE('',(#10051),#1441,.T.);
#10051 = FACE_BOUND('',#10052,.T.);
#10052 = EDGE_LOOP('',(#10053,#10076,#10077,#10078));
#10053 = ORIENTED_EDGE('',*,*,#10054,.T.);
#10054 = EDGE_CURVE('',#10055,#1398,#10057,.T.);
#10055 = VERTEX_POINT('',#10056);
#10056 = CARTESIAN_POINT('',(75.337642198175,401.,355.29768032362));
#10057 = SURFACE_CURVE('',#10058,(#10062,#10069),.PCURVE_S1.);
#10058 = LINE('',#10059,#10060);
#10059 = CARTESIAN_POINT('',(75.337642198175,401.,355.29768032362));
#10060 = VECTOR('',#10061,1.);
#10061 = DIRECTION('',(0.,1.,0.));
#10062 = PCURVE('',#1441,#10063);
#10063 = DEFINITIONAL_REPRESENTATION('',(#10064),#10068);
#10064 = LINE('',#10065,#10066);
#10065 = CARTESIAN_POINT('',(0.,0.));
#10066 = VECTOR('',#10067,1.);
#10067 = DIRECTION('',(0.,-1.));
#10068 = ( GEOMETRIC_REPRESENTATION_CONTEXT(2) 
PARAMETRIC_REPRESENTATION_CONTEXT() REPRESENTATION_CONTEXT('2D SPACE',''
  ) );
#10069 = PCURVE('',#1413,#10070);
#10070 = DEFINITIONAL_REPRESENTATION('',(#10071),#10075);
#10071 = LINE('',#10072,#10073);
#10072 = CARTESIAN_POINT('',(1.569764844889,0.));
#10073 = VECTOR('',#10074,1.);
#10074 = DIRECTION('',(0.,-1.));
#10075 = ( GEOMETRIC_REPRESENTATION_CONTEXT(2) 
PARAMETRIC_REPRESENTATION_CONTEXT() REPRESENTATION_CONTEXT('2D SPACE',''
  ) );
#10076 = ORIENTED_EDGE('',*,*,#1425,.T.);
#10077 = ORIENTED_EDGE('',*,*,#10005,.F.);
#10078 = ORIENTED_EDGE('',*,*,#10079,.F.);
#10079 = EDGE_CURVE('',#10055,#10006,#10080,.T.);
#10080 = SURFACE_CURVE('',#10081,(#10085,#10092),.PCURVE_S1.);
#10081 = LINE('',#10082,#10083);
#10082 = CARTESIAN_POINT('',(75.337642198175,401.,355.29768032362));
#10083 = VECTOR('',#10084,1.);
#10084 = DIRECTION('',(-0.968969464037,0.,-0.24718045587));
#10085 = PCURVE('',#1441,#10086);
#10086 = DEFINITIONAL_REPRESENTATION('',(#10087),#10091);
#10087 = LINE('',#10088,#10089);
#10088 = CARTESIAN_POINT('',(0.,0.));
#10089 = VECTOR('',#10090,1.);
#10090 = DIRECTION('',(1.,0.));
#10091 = ( GEOMETRIC_REPRESENTATION_CONTEXT(2) 
PARAMETRIC_REPRESENTATION_CONTEXT() REPRESENTATION_CONTEXT('2D SPACE',''
  ) );
#10092 = PCURVE('',#126,#10093);
#10093 = DEFINITIONAL_REPRESENTATION('',(#10094),#10098);
#10094 = LINE('',#10095,#10096);
#10095 = CARTESIAN_POINT('',(-20.09768032362,-4.662357801825));
#10096 = VECTOR('',#10097,1.);
#10097 = DIRECTION('',(0.24718045587,-0.968969464037));
#10098 = ( GEOMETRIC_REPRESENTATION_CONTEXT(2) 
PARAMETRIC_REPRESENTATION_CONTEXT() REPRESENTATION_CONTEXT('2D SPACE',''
  ) );
#10099 = ADVANCED_FACE('',(#10100),#1413,.T.);
#10100 = FACE_BOUND('',#10101,.T.);
#10101 = EDGE_LOOP('',(#10102,#10125,#10126,#10127));
#10102 = ORIENTED_EDGE('',*,*,#10103,.T.);
#10103 = EDGE_CURVE('',#10104,#1370,#10106,.T.);
#10104 = VERTEX_POINT('',#10105);
#10105 = CARTESIAN_POINT('',(76.577666780934,401.,354.33513125869));
#10106 = SURFACE_CURVE('',#10107,(#10111,#10118),.PCURVE_S1.);
#10107 = LINE('',#10108,#10109);
#10108 = CARTESIAN_POINT('',(76.577666780934,401.,354.33513125869));
#10109 = VECTOR('',#10110,1.);
#10110 = DIRECTION('',(0.,1.,0.));
#10111 = PCURVE('',#1413,#10112);
#10112 = DEFINITIONAL_REPRESENTATION('',(#10113),#10117);
#10113 = LINE('',#10114,#10115);
#10114 = CARTESIAN_POINT('',(0.,0.));
#10115 = VECTOR('',#10116,1.);
#10116 = DIRECTION('',(0.,-1.));
#10117 = ( GEOMETRIC_REPRESENTATION_CONTEXT(2) 
PARAMETRIC_REPRESENTATION_CONTEXT() REPRESENTATION_CONTEXT('2D SPACE',''
  ) );
#10118 = PCURVE('',#1385,#10119);
#10119 = DEFINITIONAL_REPRESENTATION('',(#10120),#10124);
#10120 = LINE('',#10121,#10122);
#10121 = CARTESIAN_POINT('',(1.200610506126,0.));
#10122 = VECTOR('',#10123,1.);
#10123 = DIRECTION('',(0.,-1.));
#10124 = ( GEOMETRIC_REPRESENTATION_CONTEXT(2) 
PARAMETRIC_REPRESENTATION_CONTEXT() REPRESENTATION_CONTEXT('2D SPACE',''
  ) );
#10125 = ORIENTED_EDGE('',*,*,#1397,.T.);
#10126 = ORIENTED_EDGE('',*,*,#10054,.F.);
#10127 = ORIENTED_EDGE('',*,*,#10128,.F.);
#10128 = EDGE_CURVE('',#10104,#10055,#10129,.T.);
#10129 = SURFACE_CURVE('',#10130,(#10134,#10141),.PCURVE_S1.);
#10130 = LINE('',#10131,#10132);
#10131 = CARTESIAN_POINT('',(76.577666780934,401.,354.33513125869));
#10132 = VECTOR('',#10133,1.);
#10133 = DIRECTION('',(-0.789942892909,0.,0.613180418753));
#10134 = PCURVE('',#1413,#10135);
#10135 = DEFINITIONAL_REPRESENTATION('',(#10136),#10140);
#10136 = LINE('',#10137,#10138);
#10137 = CARTESIAN_POINT('',(0.,0.));
#10138 = VECTOR('',#10139,1.);
#10139 = DIRECTION('',(1.,0.));
#10140 = ( GEOMETRIC_REPRESENTATION_CONTEXT(2) 
PARAMETRIC_REPRESENTATION_CONTEXT() REPRESENTATION_CONTEXT('2D SPACE',''
  ) );
#10141 = PCURVE('',#126,#10142);
#10142 = DEFINITIONAL_REPRESENTATION('',(#10143),#10147);
#10143 = LINE('',#10144,#10145);
#10144 = CARTESIAN_POINT('',(-19.13513125869,-3.422333219066));
#10145 = VECTOR('',#10146,1.);
#10146 = DIRECTION('',(-0.613180418753,-0.789942892909));
#10147 = ( GEOMETRIC_REPRESENTATION_CONTEXT(2) 
PARAMETRIC_REPRESENTATION_CONTEXT() REPRESENTATION_CONTEXT('2D SPACE',''
  ) );
#10148 = ADVANCED_FACE('',(#10149),#1385,.T.);
#10149 = FACE_BOUND('',#10150,.T.);
#10150 = EDGE_LOOP('',(#10151,#10174,#10175,#10176));
#10151 = ORIENTED_EDGE('',*,*,#10152,.T.);
#10152 = EDGE_CURVE('',#10153,#1342,#10155,.T.);
#10153 = VERTEX_POINT('',#10154);
#10154 = CARTESIAN_POINT('',(76.919555765401,401.,353.18422834805));
#10155 = SURFACE_CURVE('',#10156,(#10160,#10167),.PCURVE_S1.);
#10156 = LINE('',#10157,#10158);
#10157 = CARTESIAN_POINT('',(76.919555765401,401.,353.18422834805));
#10158 = VECTOR('',#10159,1.);
#10159 = DIRECTION('',(0.,1.,0.));
#10160 = PCURVE('',#1385,#10161);
#10161 = DEFINITIONAL_REPRESENTATION('',(#10162),#10166);
#10162 = LINE('',#10163,#10164);
#10163 = CARTESIAN_POINT('',(0.,0.));
#10164 = VECTOR('',#10165,1.);
#10165 = DIRECTION('',(0.,-1.));
#10166 = ( GEOMETRIC_REPRESENTATION_CONTEXT(2) 
PARAMETRIC_REPRESENTATION_CONTEXT() REPRESENTATION_CONTEXT('2D SPACE',''
  ) );
#10167 = PCURVE('',#1357,#10168);
#10168 = DEFINITIONAL_REPRESENTATION('',(#10169),#10173);
#10169 = LINE('',#10170,#10171);
#10170 = CARTESIAN_POINT('',(1.199633649912,0.));
#10171 = VECTOR('',#10172,1.);
#10172 = DIRECTION('',(0.,-1.));
#10173 = ( GEOMETRIC_REPRESENTATION_CONTEXT(2) 
PARAMETRIC_REPRESENTATION_CONTEXT() REPRESENTATION_CONTEXT('2D SPACE',''
  ) );
#10174 = ORIENTED_EDGE('',*,*,#1369,.T.);
#10175 = ORIENTED_EDGE('',*,*,#10103,.F.);
#10176 = ORIENTED_EDGE('',*,*,#10177,.F.);
#10177 = EDGE_CURVE('',#10153,#10104,#10178,.T.);
#10178 = SURFACE_CURVE('',#10179,(#10183,#10190),.PCURVE_S1.);
#10179 = LINE('',#10180,#10181);
#10180 = CARTESIAN_POINT('',(76.919555765401,401.,353.18422834805));
#10181 = VECTOR('',#10182,1.);
#10182 = DIRECTION('',(-0.284762612623,0.,0.958598067206));
#10183 = PCURVE('',#1385,#10184);
#10184 = DEFINITIONAL_REPRESENTATION('',(#10185),#10189);
#10185 = LINE('',#10186,#10187);
#10186 = CARTESIAN_POINT('',(0.,0.));
#10187 = VECTOR('',#10188,1.);
#10188 = DIRECTION('',(1.,0.));
#10189 = ( GEOMETRIC_REPRESENTATION_CONTEXT(2) 
PARAMETRIC_REPRESENTATION_CONTEXT() REPRESENTATION_CONTEXT('2D SPACE',''
  ) );
#10190 = PCURVE('',#126,#10191);
#10191 = DEFINITIONAL_REPRESENTATION('',(#10192),#10196);
#10192 = LINE('',#10193,#10194);
#10193 = CARTESIAN_POINT('',(-17.98422834805,-3.080444234599));
#10194 = VECTOR('',#10195,1.);
#10195 = DIRECTION('',(-0.958598067206,-0.284762612623));
#10196 = ( GEOMETRIC_REPRESENTATION_CONTEXT(2) 
PARAMETRIC_REPRESENTATION_CONTEXT() REPRESENTATION_CONTEXT('2D SPACE',''
  ) );
#10197 = ADVANCED_FACE('',(#10198),#1357,.T.);
#10198 = FACE_BOUND('',#10199,.T.);
#10199 = EDGE_LOOP('',(#10200,#10223,#10224,#10225));
#10200 = ORIENTED_EDGE('',*,*,#10201,.T.);
#10201 = EDGE_CURVE('',#10202,#1314,#10204,.T.);
#10202 = VERTEX_POINT('',#10203);
#10203 = CARTESIAN_POINT('',(77.244354607875,401.,352.02940082589));
#10204 = SURFACE_CURVE('',#10205,(#10209,#10216),.PCURVE_S1.);
#10205 = LINE('',#10206,#10207);
#10206 = CARTESIAN_POINT('',(77.244354607875,401.,352.02940082589));
#10207 = VECTOR('',#10208,1.);
#10208 = DIRECTION('',(0.,1.,0.));
#10209 = PCURVE('',#1357,#10210);
#10210 = DEFINITIONAL_REPRESENTATION('',(#10211),#10215);
#10211 = LINE('',#10212,#10213);
#10212 = CARTESIAN_POINT('',(0.,0.));
#10213 = VECTOR('',#10214,1.);
#10214 = DIRECTION('',(0.,-1.));
#10215 = ( GEOMETRIC_REPRESENTATION_CONTEXT(2) 
PARAMETRIC_REPRESENTATION_CONTEXT() REPRESENTATION_CONTEXT('2D SPACE',''
  ) );
#10216 = PCURVE('',#1329,#10217);
#10217 = DEFINITIONAL_REPRESENTATION('',(#10218),#10222);
#10218 = LINE('',#10219,#10220);
#10219 = CARTESIAN_POINT('',(1.198719924449,0.));
#10220 = VECTOR('',#10221,1.);
#10221 = DIRECTION('',(0.,-1.));
#10222 = ( GEOMETRIC_REPRESENTATION_CONTEXT(2) 
PARAMETRIC_REPRESENTATION_CONTEXT() REPRESENTATION_CONTEXT('2D SPACE',''
  ) );
#10223 = ORIENTED_EDGE('',*,*,#1341,.T.);
#10224 = ORIENTED_EDGE('',*,*,#10152,.F.);
#10225 = ORIENTED_EDGE('',*,*,#10226,.F.);
#10226 = EDGE_CURVE('',#10202,#10153,#10227,.T.);
#10227 = SURFACE_CURVE('',#10228,(#10232,#10239),.PCURVE_S1.);
#10228 = LINE('',#10229,#10230);
#10229 = CARTESIAN_POINT('',(77.244354607875,401.,352.02940082589));
#10230 = VECTOR('',#10231,1.);
#10231 = DIRECTION('',(-0.270748359299,0.,0.962650157605));
#10232 = PCURVE('',#1357,#10233);
#10233 = DEFINITIONAL_REPRESENTATION('',(#10234),#10238);
#10234 = LINE('',#10235,#10236);
#10235 = CARTESIAN_POINT('',(0.,0.));
#10236 = VECTOR('',#10237,1.);
#10237 = DIRECTION('',(1.,0.));
#10238 = ( GEOMETRIC_REPRESENTATION_CONTEXT(2) 
PARAMETRIC_REPRESENTATION_CONTEXT() REPRESENTATION_CONTEXT('2D SPACE',''
  ) );
#10239 = PCURVE('',#126,#10240);
#10240 = DEFINITIONAL_REPRESENTATION('',(#10241),#10245);
#10241 = LINE('',#10242,#10243);
#10242 = CARTESIAN_POINT('',(-16.82940082589,-2.755645392125));
#10243 = VECTOR('',#10244,1.);
#10244 = DIRECTION('',(-0.962650157605,-0.270748359299));
#10245 = ( GEOMETRIC_REPRESENTATION_CONTEXT(2) 
PARAMETRIC_REPRESENTATION_CONTEXT() REPRESENTATION_CONTEXT('2D SPACE',''
  ) );
#10246 = ADVANCED_FACE('',(#10247),#1329,.T.);
#10247 = FACE_BOUND('',#10248,.T.);
#10248 = EDGE_LOOP('',(#10249,#10272,#10273,#10274));
#10249 = ORIENTED_EDGE('',*,*,#10250,.T.);
#10250 = EDGE_CURVE('',#10251,#1286,#10253,.T.);
#10251 = VERTEX_POINT('',#10252);
#10252 = CARTESIAN_POINT('',(77.552024580315,401.,350.87083764448));
#10253 = SURFACE_CURVE('',#10254,(#10258,#10265),.PCURVE_S1.);
#10254 = LINE('',#10255,#10256);
#10255 = CARTESIAN_POINT('',(77.552024580315,401.,350.87083764448));
#10256 = VECTOR('',#10257,1.);
#10257 = DIRECTION('',(0.,1.,0.));
#10258 = PCURVE('',#1329,#10259);
#10259 = DEFINITIONAL_REPRESENTATION('',(#10260),#10264);
#10260 = LINE('',#10261,#10262);
#10261 = CARTESIAN_POINT('',(0.,0.));
#10262 = VECTOR('',#10263,1.);
#10263 = DIRECTION('',(0.,-1.));
#10264 = ( GEOMETRIC_REPRESENTATION_CONTEXT(2) 
PARAMETRIC_REPRESENTATION_CONTEXT() REPRESENTATION_CONTEXT('2D SPACE',''
  ) );
#10265 = PCURVE('',#1301,#10266);
#10266 = DEFINITIONAL_REPRESENTATION('',(#10267),#10271);
#10267 = LINE('',#10268,#10269);
#10268 = CARTESIAN_POINT('',(1.228592614404,0.));
#10269 = VECTOR('',#10270,1.);
#10270 = DIRECTION('',(0.,-1.));
#10271 = ( GEOMETRIC_REPRESENTATION_CONTEXT(2) 
PARAMETRIC_REPRESENTATION_CONTEXT() REPRESENTATION_CONTEXT('2D SPACE',''
  ) );
#10272 = ORIENTED_EDGE('',*,*,#1313,.T.);
#10273 = ORIENTED_EDGE('',*,*,#10201,.F.);
#10274 = ORIENTED_EDGE('',*,*,#10275,.F.);
#10275 = EDGE_CURVE('',#10251,#10202,#10276,.T.);
#10276 = SURFACE_CURVE('',#10277,(#10281,#10288),.PCURVE_S1.);
#10277 = LINE('',#10278,#10279);
#10278 = CARTESIAN_POINT('',(77.552024580315,401.,350.87083764448));
#10279 = VECTOR('',#10280,1.);
#10280 = DIRECTION('',(-0.256665436325,0.,0.966500312362));
#10281 = PCURVE('',#1329,#10282);
#10282 = DEFINITIONAL_REPRESENTATION('',(#10283),#10287);
#10283 = LINE('',#10284,#10285);
#10284 = CARTESIAN_POINT('',(0.,0.));
#10285 = VECTOR('',#10286,1.);
#10286 = DIRECTION('',(1.,0.));
#10287 = ( GEOMETRIC_REPRESENTATION_CONTEXT(2) 
PARAMETRIC_REPRESENTATION_CONTEXT() REPRESENTATION_CONTEXT('2D SPACE',''
  ) );
#10288 = PCURVE('',#126,#10289);
#10289 = DEFINITIONAL_REPRESENTATION('',(#10290),#10294);
#10290 = LINE('',#10291,#10292);
#10291 = CARTESIAN_POINT('',(-15.67083764448,-2.447975419685));
#10292 = VECTOR('',#10293,1.);
#10293 = DIRECTION('',(-0.966500312362,-0.256665436325));
#10294 = ( GEOMETRIC_REPRESENTATION_CONTEXT(2) 
PARAMETRIC_REPRESENTATION_CONTEXT() REPRESENTATION_CONTEXT('2D SPACE',''
  ) );
#10295 = ADVANCED_FACE('',(#10296),#1301,.T.);
#10296 = FACE_BOUND('',#10297,.T.);
#10297 = EDGE_LOOP('',(#10298,#10321,#10322,#10323));
#10298 = ORIENTED_EDGE('',*,*,#10299,.T.);
#10299 = EDGE_CURVE('',#10300,#1258,#10302,.T.);
#10300 = VERTEX_POINT('',#10301);
#10301 = CARTESIAN_POINT('',(78.77232919626,401.,351.01330327707));
#10302 = SURFACE_CURVE('',#10303,(#10307,#10314),.PCURVE_S1.);
#10303 = LINE('',#10304,#10305);
#10304 = CARTESIAN_POINT('',(78.77232919626,401.,351.01330327707));
#10305 = VECTOR('',#10306,1.);
#10306 = DIRECTION('',(0.,1.,0.));
#10307 = PCURVE('',#1301,#10308);
#10308 = DEFINITIONAL_REPRESENTATION('',(#10309),#10313);
#10309 = LINE('',#10310,#10311);
#10310 = CARTESIAN_POINT('',(0.,0.));
#10311 = VECTOR('',#10312,1.);
#10312 = DIRECTION('',(0.,-1.));
#10313 = ( GEOMETRIC_REPRESENTATION_CONTEXT(2) 
PARAMETRIC_REPRESENTATION_CONTEXT() REPRESENTATION_CONTEXT('2D SPACE',''
  ) );
#10314 = PCURVE('',#1273,#10315);
#10315 = DEFINITIONAL_REPRESENTATION('',(#10316),#10320);
#10316 = LINE('',#10317,#10318);
#10317 = CARTESIAN_POINT('',(1.228592614404,0.));
#10318 = VECTOR('',#10319,1.);
#10319 = DIRECTION('',(0.,-1.));
#10320 = ( GEOMETRIC_REPRESENTATION_CONTEXT(2) 
PARAMETRIC_REPRESENTATION_CONTEXT() REPRESENTATION_CONTEXT('2D SPACE',''
  ) );
#10321 = ORIENTED_EDGE('',*,*,#1285,.T.);
#10322 = ORIENTED_EDGE('',*,*,#10250,.F.);
#10323 = ORIENTED_EDGE('',*,*,#10324,.F.);
#10324 = EDGE_CURVE('',#10300,#10251,#10325,.T.);
#10325 = SURFACE_CURVE('',#10326,(#10330,#10337),.PCURVE_S1.);
#10326 = LINE('',#10327,#10328);
#10327 = CARTESIAN_POINT('',(78.77232919626,401.,351.01330327707));
#10328 = VECTOR('',#10329,1.);
#10329 = DIRECTION('',(-0.993254071072,0.,-0.115958399003));
#10330 = PCURVE('',#1301,#10331);
#10331 = DEFINITIONAL_REPRESENTATION('',(#10332),#10336);
#10332 = LINE('',#10333,#10334);
#10333 = CARTESIAN_POINT('',(0.,0.));
#10334 = VECTOR('',#10335,1.);
#10335 = DIRECTION('',(1.,0.));
#10336 = ( GEOMETRIC_REPRESENTATION_CONTEXT(2) 
PARAMETRIC_REPRESENTATION_CONTEXT() REPRESENTATION_CONTEXT('2D SPACE',''
  ) );
#10337 = PCURVE('',#126,#10338);
#10338 = DEFINITIONAL_REPRESENTATION('',(#10339),#10343);
#10339 = LINE('',#10340,#10341);
#10340 = CARTESIAN_POINT('',(-15.81330327707,-1.22767080374));
#10341 = VECTOR('',#10342,1.);
#10342 = DIRECTION('',(0.115958399003,-0.993254071072));
#10343 = ( GEOMETRIC_REPRESENTATION_CONTEXT(2) 
PARAMETRIC_REPRESENTATION_CONTEXT() REPRESENTATION_CONTEXT('2D SPACE',''
  ) );
#10344 = ADVANCED_FACE('',(#10345),#1273,.T.);
#10345 = FACE_BOUND('',#10346,.T.);
#10346 = EDGE_LOOP('',(#10347,#10370,#10371,#10372));
#10347 = ORIENTED_EDGE('',*,*,#10348,.T.);
#10348 = EDGE_CURVE('',#10349,#1230,#10351,.T.);
#10349 = VERTEX_POINT('',#10350);
#10350 = CARTESIAN_POINT('',(80.,401.,351.0608869908));
#10351 = SURFACE_CURVE('',#10352,(#10356,#10363),.PCURVE_S1.);
#10352 = LINE('',#10353,#10354);
#10353 = CARTESIAN_POINT('',(80.,401.,351.0608869908));
#10354 = VECTOR('',#10355,1.);
#10355 = DIRECTION('',(0.,1.,0.));
#10356 = PCURVE('',#1273,#10357);
#10357 = DEFINITIONAL_REPRESENTATION('',(#10358),#10362);
#10358 = LINE('',#10359,#10360);
#10359 = CARTESIAN_POINT('',(0.,0.));
#10360 = VECTOR('',#10361,1.);
#10361 = DIRECTION('',(0.,-1.));
#10362 = ( GEOMETRIC_REPRESENTATION_CONTEXT(2) 
PARAMETRIC_REPRESENTATION_CONTEXT() REPRESENTATION_CONTEXT('2D SPACE',''
  ) );
#10363 = PCURVE('',#1245,#10364);
#10364 = DEFINITIONAL_REPRESENTATION('',(#10365),#10369);
#10365 = LINE('',#10366,#10367);
#10366 = CARTESIAN_POINT('',(1.228592614404,0.));
#10367 = VECTOR('',#10368,1.);
#10368 = DIRECTION('',(0.,-1.));
#10369 = ( GEOMETRIC_REPRESENTATION_CONTEXT(2) 
PARAMETRIC_REPRESENTATION_CONTEXT() REPRESENTATION_CONTEXT('2D SPACE',''
  ) );
#10370 = ORIENTED_EDGE('',*,*,#1257,.T.);
#10371 = ORIENTED_EDGE('',*,*,#10299,.F.);
#10372 = ORIENTED_EDGE('',*,*,#10373,.F.);
#10373 = EDGE_CURVE('',#10349,#10300,#10374,.T.);
#10374 = SURFACE_CURVE('',#10375,(#10379,#10386),.PCURVE_S1.);
#10375 = LINE('',#10376,#10377);
#10376 = CARTESIAN_POINT('',(80.,401.,351.0608869908));
#10377 = VECTOR('',#10378,1.);
#10378 = DIRECTION('',(-0.999249701933,0.,-3.873026190514E-02));
#10379 = PCURVE('',#1273,#10380);
#10380 = DEFINITIONAL_REPRESENTATION('',(#10381),#10385);
#10381 = LINE('',#10382,#10383);
#10382 = CARTESIAN_POINT('',(0.,0.));
#10383 = VECTOR('',#10384,1.);
#10384 = DIRECTION('',(1.,0.));
#10385 = ( GEOMETRIC_REPRESENTATION_CONTEXT(2) 
PARAMETRIC_REPRESENTATION_CONTEXT() REPRESENTATION_CONTEXT('2D SPACE',''
  ) );
#10386 = PCURVE('',#126,#10387);
#10387 = DEFINITIONAL_REPRESENTATION('',(#10388),#10392);
#10388 = LINE('',#10389,#10390);
#10389 = CARTESIAN_POINT('',(-15.8608869908,0.));
#10390 = VECTOR('',#10391,1.);
#10391 = DIRECTION('',(3.873026190514E-02,-0.999249701933));
#10392 = ( GEOMETRIC_REPRESENTATION_CONTEXT(2) 
PARAMETRIC_REPRESENTATION_CONTEXT() REPRESENTATION_CONTEXT('2D SPACE',''
  ) );
#10393 = ADVANCED_FACE('',(#10394),#1245,.T.);
#10394 = FACE_BOUND('',#10395,.T.);
#10395 = EDGE_LOOP('',(#10396,#10419,#10420,#10421));
#10396 = ORIENTED_EDGE('',*,*,#10397,.T.);
#10397 = EDGE_CURVE('',#10398,#1202,#10400,.T.);
#10398 = VERTEX_POINT('',#10399);
#10399 = CARTESIAN_POINT('',(81.22767080374,401.,351.01330327707));
#10400 = SURFACE_CURVE('',#10401,(#10405,#10412),.PCURVE_S1.);
#10401 = LINE('',#10402,#10403);
#10402 = CARTESIAN_POINT('',(81.22767080374,401.,351.01330327707));
#10403 = VECTOR('',#10404,1.);
#10404 = DIRECTION('',(0.,1.,0.));
#10405 = PCURVE('',#1245,#10406);
#10406 = DEFINITIONAL_REPRESENTATION('',(#10407),#10411);
#10407 = LINE('',#10408,#10409);
#10408 = CARTESIAN_POINT('',(0.,0.));
#10409 = VECTOR('',#10410,1.);
#10410 = DIRECTION('',(0.,-1.));
#10411 = ( GEOMETRIC_REPRESENTATION_CONTEXT(2) 
PARAMETRIC_REPRESENTATION_CONTEXT() REPRESENTATION_CONTEXT('2D SPACE',''
  ) );
#10412 = PCURVE('',#1217,#10413);
#10413 = DEFINITIONAL_REPRESENTATION('',(#10414),#10418);
#10414 = LINE('',#10415,#10416);
#10415 = CARTESIAN_POINT('',(1.228592614404,0.));
#10416 = VECTOR('',#10417,1.);
#10417 = DIRECTION('',(0.,-1.));
#10418 = ( GEOMETRIC_REPRESENTATION_CONTEXT(2) 
PARAMETRIC_REPRESENTATION_CONTEXT() REPRESENTATION_CONTEXT('2D SPACE',''
  ) );
#10419 = ORIENTED_EDGE('',*,*,#1229,.T.);
#10420 = ORIENTED_EDGE('',*,*,#10348,.F.);
#10421 = ORIENTED_EDGE('',*,*,#10422,.F.);
#10422 = EDGE_CURVE('',#10398,#10349,#10423,.T.);
#10423 = SURFACE_CURVE('',#10424,(#10428,#10435),.PCURVE_S1.);
#10424 = LINE('',#10425,#10426);
#10425 = CARTESIAN_POINT('',(81.22767080374,401.,351.01330327707));
#10426 = VECTOR('',#10427,1.);
#10427 = DIRECTION('',(-0.999249701933,0.,3.873026190514E-02));
#10428 = PCURVE('',#1245,#10429);
#10429 = DEFINITIONAL_REPRESENTATION('',(#10430),#10434);
#10430 = LINE('',#10431,#10432);
#10431 = CARTESIAN_POINT('',(0.,0.));
#10432 = VECTOR('',#10433,1.);
#10433 = DIRECTION('',(1.,0.));
#10434 = ( GEOMETRIC_REPRESENTATION_CONTEXT(2) 
PARAMETRIC_REPRESENTATION_CONTEXT() REPRESENTATION_CONTEXT('2D SPACE',''
  ) );
#10435 = PCURVE('',#126,#10436);
#10436 = DEFINITIONAL_REPRESENTATION('',(#10437),#10441);
#10437 = LINE('',#10438,#10439);
#10438 = CARTESIAN_POINT('',(-15.81330327707,1.22767080374));
#10439 = VECTOR('',#10440,1.);
#10440 = DIRECTION('',(-3.873026190514E-02,-0.999249701933));
#10441 = ( GEOMETRIC_REPRESENTATION_CONTEXT(2) 
PARAMETRIC_REPRESENTATION_CONTEXT() REPRESENTATION_CONTEXT('2D SPACE',''
  ) );
#10442 = ADVANCED_FACE('',(#10443),#1217,.T.);
#10443 = FACE_BOUND('',#10444,.T.);
#10444 = EDGE_LOOP('',(#10445,#10468,#10469,#10470));
#10445 = ORIENTED_EDGE('',*,*,#10446,.T.);
#10446 = EDGE_CURVE('',#10447,#1174,#10449,.T.);
#10447 = VERTEX_POINT('',#10448);
#10448 = CARTESIAN_POINT('',(82.447975419685,401.,350.87083764448));
#10449 = SURFACE_CURVE('',#10450,(#10454,#10461),.PCURVE_S1.);
#10450 = LINE('',#10451,#10452);
#10451 = CARTESIAN_POINT('',(82.447975419685,401.,350.87083764448));
#10452 = VECTOR('',#10453,1.);
#10453 = DIRECTION('',(0.,1.,0.));
#10454 = PCURVE('',#1217,#10455);
#10455 = DEFINITIONAL_REPRESENTATION('',(#10456),#10460);
#10456 = LINE('',#10457,#10458);
#10457 = CARTESIAN_POINT('',(0.,0.));
#10458 = VECTOR('',#10459,1.);
#10459 = DIRECTION('',(0.,-1.));
#10460 = ( GEOMETRIC_REPRESENTATION_CONTEXT(2) 
PARAMETRIC_REPRESENTATION_CONTEXT() REPRESENTATION_CONTEXT('2D SPACE',''
  ) );
#10461 = PCURVE('',#1189,#10462);
#10462 = DEFINITIONAL_REPRESENTATION('',(#10463),#10467);
#10463 = LINE('',#10464,#10465);
#10464 = CARTESIAN_POINT('',(4.809631818338,0.));
#10465 = VECTOR('',#10466,1.);
#10466 = DIRECTION('',(0.,-1.));
#10467 = ( GEOMETRIC_REPRESENTATION_CONTEXT(2) 
PARAMETRIC_REPRESENTATION_CONTEXT() REPRESENTATION_CONTEXT('2D SPACE',''
  ) );
#10468 = ORIENTED_EDGE('',*,*,#1201,.T.);
#10469 = ORIENTED_EDGE('',*,*,#10397,.F.);
#10470 = ORIENTED_EDGE('',*,*,#10471,.F.);
#10471 = EDGE_CURVE('',#10447,#10398,#10472,.T.);
#10472 = SURFACE_CURVE('',#10473,(#10477,#10484),.PCURVE_S1.);
#10473 = LINE('',#10474,#10475);
#10474 = CARTESIAN_POINT('',(82.447975419685,401.,350.87083764448));
#10475 = VECTOR('',#10476,1.);
#10476 = DIRECTION('',(-0.993254071072,0.,0.115958399003));
#10477 = PCURVE('',#1217,#10478);
#10478 = DEFINITIONAL_REPRESENTATION('',(#10479),#10483);
#10479 = LINE('',#10480,#10481);
#10480 = CARTESIAN_POINT('',(0.,0.));
#10481 = VECTOR('',#10482,1.);
#10482 = DIRECTION('',(1.,0.));
#10483 = ( GEOMETRIC_REPRESENTATION_CONTEXT(2) 
PARAMETRIC_REPRESENTATION_CONTEXT() REPRESENTATION_CONTEXT('2D SPACE',''
  ) );
#10484 = PCURVE('',#126,#10485);
#10485 = DEFINITIONAL_REPRESENTATION('',(#10486),#10490);
#10486 = LINE('',#10487,#10488);
#10487 = CARTESIAN_POINT('',(-15.67083764448,2.447975419685));
#10488 = VECTOR('',#10489,1.);
#10489 = DIRECTION('',(-0.115958399003,-0.993254071072));
#10490 = ( GEOMETRIC_REPRESENTATION_CONTEXT(2) 
PARAMETRIC_REPRESENTATION_CONTEXT() REPRESENTATION_CONTEXT('2D SPACE',''
  ) );
#10491 = ADVANCED_FACE('',(#10492),#1189,.T.);
#10492 = FACE_BOUND('',#10493,.T.);
#10493 = EDGE_LOOP('',(#10494,#10517,#10518,#10519));
#10494 = ORIENTED_EDGE('',*,*,#10495,.T.);
#10495 = EDGE_CURVE('',#10496,#1146,#10498,.T.);
#10496 = VERTEX_POINT('',#10497);
#10497 = CARTESIAN_POINT('',(82.492628282962,401.,355.68026217864));
#10498 = SURFACE_CURVE('',#10499,(#10503,#10510),.PCURVE_S1.);
#10499 = LINE('',#10500,#10501);
#10500 = CARTESIAN_POINT('',(82.492628282962,401.,355.68026217864));
#10501 = VECTOR('',#10502,1.);
#10502 = DIRECTION('',(0.,1.,0.));
#10503 = PCURVE('',#1189,#10504);
#10504 = DEFINITIONAL_REPRESENTATION('',(#10505),#10509);
#10505 = LINE('',#10506,#10507);
#10506 = CARTESIAN_POINT('',(0.,0.));
#10507 = VECTOR('',#10508,1.);
#10508 = DIRECTION('',(0.,-1.));
#10509 = ( GEOMETRIC_REPRESENTATION_CONTEXT(2) 
PARAMETRIC_REPRESENTATION_CONTEXT() REPRESENTATION_CONTEXT('2D SPACE',''
  ) );
#10510 = PCURVE('',#1161,#10511);
#10511 = DEFINITIONAL_REPRESENTATION('',(#10512),#10516);
#10512 = LINE('',#10513,#10514);
#10513 = CARTESIAN_POINT('',(0.900142887903,0.));
#10514 = VECTOR('',#10515,1.);
#10515 = DIRECTION('',(0.,-1.));
#10516 = ( GEOMETRIC_REPRESENTATION_CONTEXT(2) 
PARAMETRIC_REPRESENTATION_CONTEXT() REPRESENTATION_CONTEXT('2D SPACE',''
  ) );
#10517 = ORIENTED_EDGE('',*,*,#1173,.T.);
#10518 = ORIENTED_EDGE('',*,*,#10446,.F.);
#10519 = ORIENTED_EDGE('',*,*,#10520,.F.);
#10520 = EDGE_CURVE('',#10496,#10447,#10521,.T.);
#10521 = SURFACE_CURVE('',#10522,(#10526,#10533),.PCURVE_S1.);
#10522 = LINE('',#10523,#10524);
#10523 = CARTESIAN_POINT('',(82.492628282962,401.,355.68026217864));
#10524 = VECTOR('',#10525,1.);
#10525 = DIRECTION('',(-9.284050206738E-03,0.,-0.999956902277));
#10526 = PCURVE('',#1189,#10527);
#10527 = DEFINITIONAL_REPRESENTATION('',(#10528),#10532);
#10528 = LINE('',#10529,#10530);
#10529 = CARTESIAN_POINT('',(0.,0.));
#10530 = VECTOR('',#10531,1.);
#10531 = DIRECTION('',(1.,0.));
#10532 = ( GEOMETRIC_REPRESENTATION_CONTEXT(2) 
PARAMETRIC_REPRESENTATION_CONTEXT() REPRESENTATION_CONTEXT('2D SPACE',''
  ) );
#10533 = PCURVE('',#126,#10534);
#10534 = DEFINITIONAL_REPRESENTATION('',(#10535),#10539);
#10535 = LINE('',#10536,#10537);
#10536 = CARTESIAN_POINT('',(-20.48026217864,2.492628282962));
#10537 = VECTOR('',#10538,1.);
#10538 = DIRECTION('',(0.999956902277,-9.284050206738E-03));
#10539 = ( GEOMETRIC_REPRESENTATION_CONTEXT(2) 
PARAMETRIC_REPRESENTATION_CONTEXT() REPRESENTATION_CONTEXT('2D SPACE',''
  ) );
#10540 = ADVANCED_FACE('',(#10541),#1161,.T.);
#10541 = FACE_BOUND('',#10542,.T.);
#10542 = EDGE_LOOP('',(#10543,#10566,#10567,#10568));
#10543 = ORIENTED_EDGE('',*,*,#10544,.T.);
#10544 = EDGE_CURVE('',#10545,#1118,#10547,.T.);
#10545 = VERTEX_POINT('',#10546);
#10546 = CARTESIAN_POINT('',(83.383592342472,401.,355.55204258847));
#10547 = SURFACE_CURVE('',#10548,(#10552,#10559),.PCURVE_S1.);
#10548 = LINE('',#10549,#10550);
#10549 = CARTESIAN_POINT('',(83.383592342472,401.,355.55204258847));
#10550 = VECTOR('',#10551,1.);
#10551 = DIRECTION('',(0.,1.,0.));
#10552 = PCURVE('',#1161,#10553);
#10553 = DEFINITIONAL_REPRESENTATION('',(#10554),#10558);
#10554 = LINE('',#10555,#10556);
#10555 = CARTESIAN_POINT('',(0.,0.));
#10556 = VECTOR('',#10557,1.);
#10557 = DIRECTION('',(0.,-1.));
#10558 = ( GEOMETRIC_REPRESENTATION_CONTEXT(2) 
PARAMETRIC_REPRESENTATION_CONTEXT() REPRESENTATION_CONTEXT('2D SPACE',''
  ) );
#10559 = PCURVE('',#1133,#10560);
#10560 = DEFINITIONAL_REPRESENTATION('',(#10561),#10565);
#10561 = LINE('',#10562,#10563);
#10562 = CARTESIAN_POINT('',(0.900142887903,0.));
#10563 = VECTOR('',#10564,1.);
#10564 = DIRECTION('',(0.,-1.));
#10565 = ( GEOMETRIC_REPRESENTATION_CONTEXT(2) 
PARAMETRIC_REPRESENTATION_CONTEXT() REPRESENTATION_CONTEXT('2D SPACE',''
  ) );
#10566 = ORIENTED_EDGE('',*,*,#1145,.T.);
#10567 = ORIENTED_EDGE('',*,*,#10495,.F.);
#10568 = ORIENTED_EDGE('',*,*,#10569,.F.);
#10569 = EDGE_CURVE('',#10545,#10496,#10570,.T.);
#10570 = SURFACE_CURVE('',#10571,(#10575,#10582),.PCURVE_S1.);
#10571 = LINE('',#10572,#10573);
#10572 = CARTESIAN_POINT('',(83.383592342472,401.,355.55204258847));
#10573 = VECTOR('',#10574,1.);
#10574 = DIRECTION('',(-0.989802920718,0.,0.142443596339));
#10575 = PCURVE('',#1161,#10576);
#10576 = DEFINITIONAL_REPRESENTATION('',(#10577),#10581);
#10577 = LINE('',#10578,#10579);
#10578 = CARTESIAN_POINT('',(0.,0.));
#10579 = VECTOR('',#10580,1.);
#10580 = DIRECTION('',(1.,0.));
#10581 = ( GEOMETRIC_REPRESENTATION_CONTEXT(2) 
PARAMETRIC_REPRESENTATION_CONTEXT() REPRESENTATION_CONTEXT('2D SPACE',''
  ) );
#10582 = PCURVE('',#126,#10583);
#10583 = DEFINITIONAL_REPRESENTATION('',(#10584),#10588);
#10584 = LINE('',#10585,#10586);
#10585 = CARTESIAN_POINT('',(-20.35204258847,3.383592342472));
#10586 = VECTOR('',#10587,1.);
#10587 = DIRECTION('',(-0.142443596339,-0.989802920718));
#10588 = ( GEOMETRIC_REPRESENTATION_CONTEXT(2) 
PARAMETRIC_REPRESENTATION_CONTEXT() REPRESENTATION_CONTEXT('2D SPACE',''
  ) );
#10589 = ADVANCED_FACE('',(#10590),#1133,.T.);
#10590 = FACE_BOUND('',#10591,.T.);
#10591 = EDGE_LOOP('',(#10592,#10615,#10616,#10617));
#10592 = ORIENTED_EDGE('',*,*,#10593,.T.);
#10593 = EDGE_CURVE('',#10594,#1090,#10596,.T.);
#10594 = VERTEX_POINT('',#10595);
#10595 = CARTESIAN_POINT('',(84.268115541647,401.,355.38508172849));
#10596 = SURFACE_CURVE('',#10597,(#10601,#10608),.PCURVE_S1.);
#10597 = LINE('',#10598,#10599);
#10598 = CARTESIAN_POINT('',(84.268115541647,401.,355.38508172849));
#10599 = VECTOR('',#10600,1.);
#10600 = DIRECTION('',(0.,1.,0.));
#10601 = PCURVE('',#1133,#10602);
#10602 = DEFINITIONAL_REPRESENTATION('',(#10603),#10607);
#10603 = LINE('',#10604,#10605);
#10604 = CARTESIAN_POINT('',(0.,0.));
#10605 = VECTOR('',#10606,1.);
#10606 = DIRECTION('',(0.,-1.));
#10607 = ( GEOMETRIC_REPRESENTATION_CONTEXT(2) 
PARAMETRIC_REPRESENTATION_CONTEXT() REPRESENTATION_CONTEXT('2D SPACE',''
  ) );
#10608 = PCURVE('',#1105,#10609);
#10609 = DEFINITIONAL_REPRESENTATION('',(#10610),#10614);
#10610 = LINE('',#10611,#10612);
#10611 = CARTESIAN_POINT('',(0.900142887903,0.));
#10612 = VECTOR('',#10613,1.);
#10613 = DIRECTION('',(0.,-1.));
#10614 = ( GEOMETRIC_REPRESENTATION_CONTEXT(2) 
PARAMETRIC_REPRESENTATION_CONTEXT() REPRESENTATION_CONTEXT('2D SPACE',''
  ) );
#10615 = ORIENTED_EDGE('',*,*,#1117,.T.);
#10616 = ORIENTED_EDGE('',*,*,#10544,.F.);
#10617 = ORIENTED_EDGE('',*,*,#10618,.F.);
#10618 = EDGE_CURVE('',#10594,#10545,#10619,.T.);
#10619 = SURFACE_CURVE('',#10620,(#10624,#10631),.PCURVE_S1.);
#10620 = LINE('',#10621,#10622);
#10621 = CARTESIAN_POINT('',(84.268115541647,401.,355.38508172849));
#10622 = VECTOR('',#10623,1.);
#10623 = DIRECTION('',(-0.982647545253,0.,0.185482618612));
#10624 = PCURVE('',#1133,#10625);
#10625 = DEFINITIONAL_REPRESENTATION('',(#10626),#10630);
#10626 = LINE('',#10627,#10628);
#10627 = CARTESIAN_POINT('',(0.,0.));
#10628 = VECTOR('',#10629,1.);
#10629 = DIRECTION('',(1.,0.));
#10630 = ( GEOMETRIC_REPRESENTATION_CONTEXT(2) 
PARAMETRIC_REPRESENTATION_CONTEXT() REPRESENTATION_CONTEXT('2D SPACE',''
  ) );
#10631 = PCURVE('',#126,#10632);
#10632 = DEFINITIONAL_REPRESENTATION('',(#10633),#10637);
#10633 = LINE('',#10634,#10635);
#10634 = CARTESIAN_POINT('',(-20.18508172849,4.268115541647));
#10635 = VECTOR('',#10636,1.);
#10636 = DIRECTION('',(-0.185482618612,-0.982647545253));
#10637 = ( GEOMETRIC_REPRESENTATION_CONTEXT(2) 
PARAMETRIC_REPRESENTATION_CONTEXT() REPRESENTATION_CONTEXT('2D SPACE',''
  ) );
#10638 = ADVANCED_FACE('',(#10639),#1105,.T.);
#10639 = FACE_BOUND('',#10640,.T.);
#10640 = EDGE_LOOP('',(#10641,#10664,#10665,#10666));
#10641 = ORIENTED_EDGE('',*,*,#10642,.T.);
#10642 = EDGE_CURVE('',#10643,#1062,#10645,.T.);
#10643 = VERTEX_POINT('',#10644);
#10644 = CARTESIAN_POINT('',(85.144514140304,401.,355.1796974182));
#10645 = SURFACE_CURVE('',#10646,(#10650,#10657),.PCURVE_S1.);
#10646 = LINE('',#10647,#10648);
#10647 = CARTESIAN_POINT('',(85.144514140304,401.,355.1796974182));
#10648 = VECTOR('',#10649,1.);
#10649 = DIRECTION('',(0.,1.,0.));
#10650 = PCURVE('',#1105,#10651);
#10651 = DEFINITIONAL_REPRESENTATION('',(#10652),#10656);
#10652 = LINE('',#10653,#10654);
#10653 = CARTESIAN_POINT('',(0.,0.));
#10654 = VECTOR('',#10655,1.);
#10655 = DIRECTION('',(0.,-1.));
#10656 = ( GEOMETRIC_REPRESENTATION_CONTEXT(2) 
PARAMETRIC_REPRESENTATION_CONTEXT() REPRESENTATION_CONTEXT('2D SPACE',''
  ) );
#10657 = PCURVE('',#1077,#10658);
#10658 = DEFINITIONAL_REPRESENTATION('',(#10659),#10663);
#10659 = LINE('',#10660,#10661);
#10660 = CARTESIAN_POINT('',(0.900142887903,0.));
#10661 = VECTOR('',#10662,1.);
#10662 = DIRECTION('',(0.,-1.));
#10663 = ( GEOMETRIC_REPRESENTATION_CONTEXT(2) 
PARAMETRIC_REPRESENTATION_CONTEXT() REPRESENTATION_CONTEXT('2D SPACE',''
  ) );
#10664 = ORIENTED_EDGE('',*,*,#1089,.T.);
#10665 = ORIENTED_EDGE('',*,*,#10593,.F.);
#10666 = ORIENTED_EDGE('',*,*,#10667,.F.);
#10667 = EDGE_CURVE('',#10643,#10594,#10668,.T.);
#10668 = SURFACE_CURVE('',#10669,(#10673,#10680),.PCURVE_S1.);
#10669 = LINE('',#10670,#10671);
#10670 = CARTESIAN_POINT('',(85.144514140304,401.,355.1796974182));
#10671 = VECTOR('',#10672,1.);
#10672 = DIRECTION('',(-0.973621644336,0.,0.228168564179));
#10673 = PCURVE('',#1105,#10674);
#10674 = DEFINITIONAL_REPRESENTATION('',(#10675),#10679);
#10675 = LINE('',#10676,#10677);
#10676 = CARTESIAN_POINT('',(0.,0.));
#10677 = VECTOR('',#10678,1.);
#10678 = DIRECTION('',(1.,0.));
#10679 = ( GEOMETRIC_REPRESENTATION_CONTEXT(2) 
PARAMETRIC_REPRESENTATION_CONTEXT() REPRESENTATION_CONTEXT('2D SPACE',''
  ) );
#10680 = PCURVE('',#126,#10681);
#10681 = DEFINITIONAL_REPRESENTATION('',(#10682),#10686);
#10682 = LINE('',#10683,#10684);
#10683 = CARTESIAN_POINT('',(-19.9796974182,5.144514140304));
#10684 = VECTOR('',#10685,1.);
#10685 = DIRECTION('',(-0.228168564179,-0.973621644336));
#10686 = ( GEOMETRIC_REPRESENTATION_CONTEXT(2) 
PARAMETRIC_REPRESENTATION_CONTEXT() REPRESENTATION_CONTEXT('2D SPACE',''
  ) );
#10687 = ADVANCED_FACE('',(#10688),#1077,.T.);
#10688 = FACE_BOUND('',#10689,.T.);
#10689 = EDGE_LOOP('',(#10690,#10713,#10714,#10715));
#10690 = ORIENTED_EDGE('',*,*,#10691,.T.);
#10691 = EDGE_CURVE('',#10692,#1034,#10694,.T.);
#10692 = VERTEX_POINT('',#10693);
#10693 = CARTESIAN_POINT('',(86.011119863901,401.,354.93628061831));
#10694 = SURFACE_CURVE('',#10695,(#10699,#10706),.PCURVE_S1.);
#10695 = LINE('',#10696,#10697);
#10696 = CARTESIAN_POINT('',(86.011119863901,401.,354.93628061831));
#10697 = VECTOR('',#10698,1.);
#10698 = DIRECTION('',(0.,1.,0.));
#10699 = PCURVE('',#1077,#10700);
#10700 = DEFINITIONAL_REPRESENTATION('',(#10701),#10705);
#10701 = LINE('',#10702,#10703);
#10702 = CARTESIAN_POINT('',(0.,0.));
#10703 = VECTOR('',#10704,1.);
#10704 = DIRECTION('',(0.,-1.));
#10705 = ( GEOMETRIC_REPRESENTATION_CONTEXT(2) 
PARAMETRIC_REPRESENTATION_CONTEXT() REPRESENTATION_CONTEXT('2D SPACE',''
  ) );
#10706 = PCURVE('',#1049,#10707);
#10707 = DEFINITIONAL_REPRESENTATION('',(#10708),#10712);
#10708 = LINE('',#10709,#10710);
#10709 = CARTESIAN_POINT('',(1.569764844889,0.));
#10710 = VECTOR('',#10711,1.);
#10711 = DIRECTION('',(0.,-1.));
#10712 = ( GEOMETRIC_REPRESENTATION_CONTEXT(2) 
PARAMETRIC_REPRESENTATION_CONTEXT() REPRESENTATION_CONTEXT('2D SPACE',''
  ) );
#10713 = ORIENTED_EDGE('',*,*,#1061,.T.);
#10714 = ORIENTED_EDGE('',*,*,#10642,.F.);
#10715 = ORIENTED_EDGE('',*,*,#10716,.F.);
#10716 = EDGE_CURVE('',#10692,#10643,#10717,.T.);
#10717 = SURFACE_CURVE('',#10718,(#10722,#10729),.PCURVE_S1.);
#10718 = LINE('',#10719,#10720);
#10719 = CARTESIAN_POINT('',(86.011119863901,401.,354.93628061831));
#10720 = VECTOR('',#10721,1.);
#10721 = DIRECTION('',(-0.962742399282,0.,0.270420177916));
#10722 = PCURVE('',#1077,#10723);
#10723 = DEFINITIONAL_REPRESENTATION('',(#10724),#10728);
#10724 = LINE('',#10725,#10726);
#10725 = CARTESIAN_POINT('',(0.,0.));
#10726 = VECTOR('',#10727,1.);
#10727 = DIRECTION('',(1.,0.));
#10728 = ( GEOMETRIC_REPRESENTATION_CONTEXT(2) 
PARAMETRIC_REPRESENTATION_CONTEXT() REPRESENTATION_CONTEXT('2D SPACE',''
  ) );
#10729 = PCURVE('',#126,#10730);
#10730 = DEFINITIONAL_REPRESENTATION('',(#10731),#10735);
#10731 = LINE('',#10732,#10733);
#10732 = CARTESIAN_POINT('',(-19.73628061831,6.011119863901));
#10733 = VECTOR('',#10734,1.);
#10734 = DIRECTION('',(-0.270420177916,-0.962742399282));
#10735 = ( GEOMETRIC_REPRESENTATION_CONTEXT(2) 
PARAMETRIC_REPRESENTATION_CONTEXT() REPRESENTATION_CONTEXT('2D SPACE',''
  ) );
#10736 = ADVANCED_FACE('',(#10737),#1049,.T.);
#10737 = FACE_BOUND('',#10738,.T.);
#10738 = EDGE_LOOP('',(#10739,#10762,#10763,#10764));
#10739 = ORIENTED_EDGE('',*,*,#10740,.T.);
#10740 = EDGE_CURVE('',#10741,#1006,#10743,.T.);
#10741 = VERTEX_POINT('',#10742);
#10742 = CARTESIAN_POINT('',(86.603738121421,401.,353.48267638431));
#10743 = SURFACE_CURVE('',#10744,(#10748,#10755),.PCURVE_S1.);
#10744 = LINE('',#10745,#10746);
#10745 = CARTESIAN_POINT('',(86.603738121421,401.,353.48267638431));
#10746 = VECTOR('',#10747,1.);
#10747 = DIRECTION('',(0.,1.,0.));
#10748 = PCURVE('',#1049,#10749);
#10749 = DEFINITIONAL_REPRESENTATION('',(#10750),#10754);
#10750 = LINE('',#10751,#10752);
#10751 = CARTESIAN_POINT('',(0.,0.));
#10752 = VECTOR('',#10753,1.);
#10753 = DIRECTION('',(0.,-1.));
#10754 = ( GEOMETRIC_REPRESENTATION_CONTEXT(2) 
PARAMETRIC_REPRESENTATION_CONTEXT() REPRESENTATION_CONTEXT('2D SPACE',''
  ) );
#10755 = PCURVE('',#1021,#10756);
#10756 = DEFINITIONAL_REPRESENTATION('',(#10757),#10761);
#10757 = LINE('',#10758,#10759);
#10758 = CARTESIAN_POINT('',(1.200610506126,0.));
#10759 = VECTOR('',#10760,1.);
#10760 = DIRECTION('',(0.,-1.));
#10761 = ( GEOMETRIC_REPRESENTATION_CONTEXT(2) 
PARAMETRIC_REPRESENTATION_CONTEXT() REPRESENTATION_CONTEXT('2D SPACE',''
  ) );
#10762 = ORIENTED_EDGE('',*,*,#1033,.T.);
#10763 = ORIENTED_EDGE('',*,*,#10691,.F.);
#10764 = ORIENTED_EDGE('',*,*,#10765,.F.);
#10765 = EDGE_CURVE('',#10741,#10692,#10766,.T.);
#10766 = SURFACE_CURVE('',#10767,(#10771,#10778),.PCURVE_S1.);
#10767 = LINE('',#10768,#10769);
#10768 = CARTESIAN_POINT('',(86.603738121421,401.,353.48267638431));
#10769 = VECTOR('',#10770,1.);
#10770 = DIRECTION('',(-0.377520403422,0.,0.926001266198));
#10771 = PCURVE('',#1049,#10772);
#10772 = DEFINITIONAL_REPRESENTATION('',(#10773),#10777);
#10773 = LINE('',#10774,#10775);
#10774 = CARTESIAN_POINT('',(0.,0.));
#10775 = VECTOR('',#10776,1.);
#10776 = DIRECTION('',(1.,0.));
#10777 = ( GEOMETRIC_REPRESENTATION_CONTEXT(2) 
PARAMETRIC_REPRESENTATION_CONTEXT() REPRESENTATION_CONTEXT('2D SPACE',''
  ) );
#10778 = PCURVE('',#126,#10779);
#10779 = DEFINITIONAL_REPRESENTATION('',(#10780),#10784);
#10780 = LINE('',#10781,#10782);
#10781 = CARTESIAN_POINT('',(-18.28267638431,6.603738121421));
#10782 = VECTOR('',#10783,1.);
#10783 = DIRECTION('',(-0.926001266198,-0.377520403422));
#10784 = ( GEOMETRIC_REPRESENTATION_CONTEXT(2) 
PARAMETRIC_REPRESENTATION_CONTEXT() REPRESENTATION_CONTEXT('2D SPACE',''
  ) );
#10785 = ADVANCED_FACE('',(#10786),#1021,.T.);
#10786 = FACE_BOUND('',#10787,.T.);
#10787 = EDGE_LOOP('',(#10788,#10811,#10812,#10813));
#10788 = ORIENTED_EDGE('',*,*,#10789,.T.);
#10789 = EDGE_CURVE('',#10790,#978,#10792,.T.);
#10790 = VERTEX_POINT('',#10791);
#10791 = CARTESIAN_POINT('',(86.324371211923,401.,352.31502073417));
#10792 = SURFACE_CURVE('',#10793,(#10797,#10804),.PCURVE_S1.);
#10793 = LINE('',#10794,#10795);
#10794 = CARTESIAN_POINT('',(86.324371211923,401.,352.31502073417));
#10795 = VECTOR('',#10796,1.);
#10796 = DIRECTION('',(0.,1.,0.));
#10797 = PCURVE('',#1021,#10798);
#10798 = DEFINITIONAL_REPRESENTATION('',(#10799),#10803);
#10799 = LINE('',#10800,#10801);
#10800 = CARTESIAN_POINT('',(0.,0.));
#10801 = VECTOR('',#10802,1.);
#10802 = DIRECTION('',(0.,-1.));
#10803 = ( GEOMETRIC_REPRESENTATION_CONTEXT(2) 
PARAMETRIC_REPRESENTATION_CONTEXT() REPRESENTATION_CONTEXT('2D SPACE',''
  ) );
#10804 = PCURVE('',#993,#10805);
#10805 = DEFINITIONAL_REPRESENTATION('',(#10806),#10810);
#10806 = LINE('',#10807,#10808);
#10807 = CARTESIAN_POINT('',(1.199633649912,0.));
#10808 = VECTOR('',#10809,1.);
#10809 = DIRECTION('',(0.,-1.));
#10810 = ( GEOMETRIC_REPRESENTATION_CONTEXT(2) 
PARAMETRIC_REPRESENTATION_CONTEXT() REPRESENTATION_CONTEXT('2D SPACE',''
  ) );
#10811 = ORIENTED_EDGE('',*,*,#1005,.T.);
#10812 = ORIENTED_EDGE('',*,*,#10740,.F.);
#10813 = ORIENTED_EDGE('',*,*,#10814,.F.);
#10814 = EDGE_CURVE('',#10790,#10741,#10815,.T.);
#10815 = SURFACE_CURVE('',#10816,(#10820,#10827),.PCURVE_S1.);
#10816 = LINE('',#10817,#10818);
#10817 = CARTESIAN_POINT('',(86.324371211923,401.,352.31502073417));
#10818 = VECTOR('',#10819,1.);
#10819 = DIRECTION('',(0.232687377023,0.,0.972551584531));
#10820 = PCURVE('',#1021,#10821);
#10821 = DEFINITIONAL_REPRESENTATION('',(#10822),#10826);
#10822 = LINE('',#10823,#10824);
#10823 = CARTESIAN_POINT('',(0.,0.));
#10824 = VECTOR('',#10825,1.);
#10825 = DIRECTION('',(1.,0.));
#10826 = ( GEOMETRIC_REPRESENTATION_CONTEXT(2) 
PARAMETRIC_REPRESENTATION_CONTEXT() REPRESENTATION_CONTEXT('2D SPACE',''
  ) );
#10827 = PCURVE('',#126,#10828);
#10828 = DEFINITIONAL_REPRESENTATION('',(#10829),#10833);
#10829 = LINE('',#10830,#10831);
#10830 = CARTESIAN_POINT('',(-17.11502073417,6.324371211923));
#10831 = VECTOR('',#10832,1.);
#10832 = DIRECTION('',(-0.972551584531,0.232687377023));
#10833 = ( GEOMETRIC_REPRESENTATION_CONTEXT(2) 
PARAMETRIC_REPRESENTATION_CONTEXT() REPRESENTATION_CONTEXT('2D SPACE',''
  ) );
#10834 = ADVANCED_FACE('',(#10835),#993,.T.);
#10835 = FACE_BOUND('',#10836,.T.);
#10836 = EDGE_LOOP('',(#10837,#10860,#10861,#10862));
#10837 = ORIENTED_EDGE('',*,*,#10838,.T.);
#10838 = EDGE_CURVE('',#10839,#950,#10841,.T.);
#10839 = VERTEX_POINT('',#10840);
#10840 = CARTESIAN_POINT('',(86.028241499548,401.,351.15251134176));
#10841 = SURFACE_CURVE('',#10842,(#10846,#10853),.PCURVE_S1.);
#10842 = LINE('',#10843,#10844);
#10843 = CARTESIAN_POINT('',(86.028241499548,401.,351.15251134176));
#10844 = VECTOR('',#10845,1.);
#10845 = DIRECTION('',(0.,1.,0.));
#10846 = PCURVE('',#993,#10847);
#10847 = DEFINITIONAL_REPRESENTATION('',(#10848),#10852);
#10848 = LINE('',#10849,#10850);
#10849 = CARTESIAN_POINT('',(0.,0.));
#10850 = VECTOR('',#10851,1.);
#10851 = DIRECTION('',(0.,-1.));
#10852 = ( GEOMETRIC_REPRESENTATION_CONTEXT(2) 
PARAMETRIC_REPRESENTATION_CONTEXT() REPRESENTATION_CONTEXT('2D SPACE',''
  ) );
#10853 = PCURVE('',#965,#10854);
#10854 = DEFINITIONAL_REPRESENTATION('',(#10855),#10859);
#10855 = LINE('',#10856,#10857);
#10856 = CARTESIAN_POINT('',(1.198719924449,0.));
#10857 = VECTOR('',#10858,1.);
#10858 = DIRECTION('',(0.,-1.));
#10859 = ( GEOMETRIC_REPRESENTATION_CONTEXT(2) 
PARAMETRIC_REPRESENTATION_CONTEXT() REPRESENTATION_CONTEXT('2D SPACE',''
  ) );
#10860 = ORIENTED_EDGE('',*,*,#977,.T.);
#10861 = ORIENTED_EDGE('',*,*,#10789,.F.);
#10862 = ORIENTED_EDGE('',*,*,#10863,.F.);
#10863 = EDGE_CURVE('',#10839,#10790,#10864,.T.);
#10864 = SURFACE_CURVE('',#10865,(#10869,#10876),.PCURVE_S1.);
#10865 = LINE('',#10866,#10867);
#10866 = CARTESIAN_POINT('',(86.028241499548,401.,351.15251134176));
#10867 = VECTOR('',#10868,1.);
#10868 = DIRECTION('',(0.246850121616,0.,0.969053671093));
#10869 = PCURVE('',#993,#10870);
#10870 = DEFINITIONAL_REPRESENTATION('',(#10871),#10875);
#10871 = LINE('',#10872,#10873);
#10872 = CARTESIAN_POINT('',(0.,0.));
#10873 = VECTOR('',#10874,1.);
#10874 = DIRECTION('',(1.,0.));
#10875 = ( GEOMETRIC_REPRESENTATION_CONTEXT(2) 
PARAMETRIC_REPRESENTATION_CONTEXT() REPRESENTATION_CONTEXT('2D SPACE',''
  ) );
#10876 = PCURVE('',#126,#10877);
#10877 = DEFINITIONAL_REPRESENTATION('',(#10878),#10882);
#10878 = LINE('',#10879,#10880);
#10879 = CARTESIAN_POINT('',(-15.95251134176,6.028241499548));
#10880 = VECTOR('',#10881,1.);
#10881 = DIRECTION('',(-0.969053671093,0.246850121616));
#10882 = ( GEOMETRIC_REPRESENTATION_CONTEXT(2) 
PARAMETRIC_REPRESENTATION_CONTEXT() REPRESENTATION_CONTEXT('2D SPACE',''
  ) );
#10883 = ADVANCED_FACE('',(#10884),#965,.T.);
#10884 = FACE_BOUND('',#10885,.T.);
#10885 = EDGE_LOOP('',(#10886,#10909,#10910,#10911));
#10886 = ORIENTED_EDGE('',*,*,#10887,.T.);
#10887 = EDGE_CURVE('',#10888,#922,#10890,.T.);
#10888 = VERTEX_POINT('',#10889);
#10889 = CARTESIAN_POINT('',(85.715409920955,401.,349.99533120854));
#10890 = SURFACE_CURVE('',#10891,(#10895,#10902),.PCURVE_S1.);
#10891 = LINE('',#10892,#10893);
#10892 = CARTESIAN_POINT('',(85.715409920955,401.,349.99533120854));
#10893 = VECTOR('',#10894,1.);
#10894 = DIRECTION('',(0.,1.,0.));
#10895 = PCURVE('',#965,#10896);
#10896 = DEFINITIONAL_REPRESENTATION('',(#10897),#10901);
#10897 = LINE('',#10898,#10899);
#10898 = CARTESIAN_POINT('',(0.,0.));
#10899 = VECTOR('',#10900,1.);
#10900 = DIRECTION('',(0.,-1.));
#10901 = ( GEOMETRIC_REPRESENTATION_CONTEXT(2) 
PARAMETRIC_REPRESENTATION_CONTEXT() REPRESENTATION_CONTEXT('2D SPACE',''
  ) );
#10902 = PCURVE('',#937,#10903);
#10903 = DEFINITIONAL_REPRESENTATION('',(#10904),#10908);
#10904 = LINE('',#10905,#10906);
#10905 = CARTESIAN_POINT('',(1.228592614404,0.));
#10906 = VECTOR('',#10907,1.);
#10907 = DIRECTION('',(0.,-1.));
#10908 = ( GEOMETRIC_REPRESENTATION_CONTEXT(2) 
PARAMETRIC_REPRESENTATION_CONTEXT() REPRESENTATION_CONTEXT('2D SPACE',''
  ) );
#10909 = ORIENTED_EDGE('',*,*,#949,.T.);
#10910 = ORIENTED_EDGE('',*,*,#10838,.F.);
#10911 = ORIENTED_EDGE('',*,*,#10912,.F.);
#10912 = EDGE_CURVE('',#10888,#10839,#10913,.T.);
#10913 = SURFACE_CURVE('',#10914,(#10918,#10925),.PCURVE_S1.);
#10914 = LINE('',#10915,#10916);
#10915 = CARTESIAN_POINT('',(85.715409920955,401.,349.99533120854));
#10916 = VECTOR('',#10917,1.);
#10917 = DIRECTION('',(0.26097136805,0.,0.965346541434));
#10918 = PCURVE('',#965,#10919);
#10919 = DEFINITIONAL_REPRESENTATION('',(#10920),#10924);
#10920 = LINE('',#10921,#10922);
#10921 = CARTESIAN_POINT('',(0.,0.));
#10922 = VECTOR('',#10923,1.);
#10923 = DIRECTION('',(1.,0.));
#10924 = ( GEOMETRIC_REPRESENTATION_CONTEXT(2) 
PARAMETRIC_REPRESENTATION_CONTEXT() REPRESENTATION_CONTEXT('2D SPACE',''
  ) );
#10925 = PCURVE('',#126,#10926);
#10926 = DEFINITIONAL_REPRESENTATION('',(#10927),#10931);
#10927 = LINE('',#10928,#10929);
#10928 = CARTESIAN_POINT('',(-14.79533120854,5.715409920955));
#10929 = VECTOR('',#10930,1.);
#10930 = DIRECTION('',(-0.965346541434,0.26097136805));
#10931 = ( GEOMETRIC_REPRESENTATION_CONTEXT(2) 
PARAMETRIC_REPRESENTATION_CONTEXT() REPRESENTATION_CONTEXT('2D SPACE',''
  ) );
#10932 = ADVANCED_FACE('',(#10933),#937,.T.);
#10933 = FACE_BOUND('',#10934,.T.);
#10934 = EDGE_LOOP('',(#10935,#10958,#10959,#10960));
#10935 = ORIENTED_EDGE('',*,*,#10936,.T.);
#10936 = EDGE_CURVE('',#10937,#894,#10939,.T.);
#10937 = VERTEX_POINT('',#10938);
#10938 = CARTESIAN_POINT('',(86.843457535015,401.,349.50855775756));
#10939 = SURFACE_CURVE('',#10940,(#10944,#10951),.PCURVE_S1.);
#10940 = LINE('',#10941,#10942);
#10941 = CARTESIAN_POINT('',(86.843457535015,401.,349.50855775756));
#10942 = VECTOR('',#10943,1.);
#10943 = DIRECTION('',(0.,1.,0.));
#10944 = PCURVE('',#937,#10945);
#10945 = DEFINITIONAL_REPRESENTATION('',(#10946),#10950);
#10946 = LINE('',#10947,#10948);
#10947 = CARTESIAN_POINT('',(0.,0.));
#10948 = VECTOR('',#10949,1.);
#10949 = DIRECTION('',(0.,-1.));
#10950 = ( GEOMETRIC_REPRESENTATION_CONTEXT(2) 
PARAMETRIC_REPRESENTATION_CONTEXT() REPRESENTATION_CONTEXT('2D SPACE',''
  ) );
#10951 = PCURVE('',#909,#10952);
#10952 = DEFINITIONAL_REPRESENTATION('',(#10953),#10957);
#10953 = LINE('',#10954,#10955);
#10954 = CARTESIAN_POINT('',(1.228592614404,0.));
#10955 = VECTOR('',#10956,1.);
#10956 = DIRECTION('',(0.,-1.));
#10957 = ( GEOMETRIC_REPRESENTATION_CONTEXT(2) 
PARAMETRIC_REPRESENTATION_CONTEXT() REPRESENTATION_CONTEXT('2D SPACE',''
  ) );
#10958 = ORIENTED_EDGE('',*,*,#921,.T.);
#10959 = ORIENTED_EDGE('',*,*,#10887,.F.);
#10960 = ORIENTED_EDGE('',*,*,#10961,.F.);
#10961 = EDGE_CURVE('',#10937,#10888,#10962,.T.);
#10962 = SURFACE_CURVE('',#10963,(#10967,#10974),.PCURVE_S1.);
#10963 = LINE('',#10964,#10965);
#10964 = CARTESIAN_POINT('',(86.843457535015,401.,349.50855775756));
#10965 = VECTOR('',#10966,1.);
#10966 = DIRECTION('',(-0.918162457462,0.,0.396204116217));
#10967 = PCURVE('',#937,#10968);
#10968 = DEFINITIONAL_REPRESENTATION('',(#10969),#10973);
#10969 = LINE('',#10970,#10971);
#10970 = CARTESIAN_POINT('',(0.,0.));
#10971 = VECTOR('',#10972,1.);
#10972 = DIRECTION('',(1.,0.));
#10973 = ( GEOMETRIC_REPRESENTATION_CONTEXT(2) 
PARAMETRIC_REPRESENTATION_CONTEXT() REPRESENTATION_CONTEXT('2D SPACE',''
  ) );
#10974 = PCURVE('',#126,#10975);
#10975 = DEFINITIONAL_REPRESENTATION('',(#10976),#10980);
#10976 = LINE('',#10977,#10978);
#10977 = CARTESIAN_POINT('',(-14.30855775756,6.843457535015));
#10978 = VECTOR('',#10979,1.);
#10979 = DIRECTION('',(-0.396204116217,-0.918162457462));
#10980 = ( GEOMETRIC_REPRESENTATION_CONTEXT(2) 
PARAMETRIC_REPRESENTATION_CONTEXT() REPRESENTATION_CONTEXT('2D SPACE',''
  ) );
#10981 = ADVANCED_FACE('',(#10982),#909,.T.);
#10982 = FACE_BOUND('',#10983,.T.);
#10983 = EDGE_LOOP('',(#10984,#11007,#11008,#11009));
#10984 = ORIENTED_EDGE('',*,*,#10985,.T.);
#10985 = EDGE_CURVE('',#10986,#866,#10988,.T.);
#10986 = VERTEX_POINT('',#10987);
#10987 = CARTESIAN_POINT('',(87.930443495403,401.,348.93593106059));
#10988 = SURFACE_CURVE('',#10989,(#10993,#11000),.PCURVE_S1.);
#10989 = LINE('',#10990,#10991);
#10990 = CARTESIAN_POINT('',(87.930443495403,401.,348.93593106059));
#10991 = VECTOR('',#10992,1.);
#10992 = DIRECTION('',(0.,1.,0.));
#10993 = PCURVE('',#909,#10994);
#10994 = DEFINITIONAL_REPRESENTATION('',(#10995),#10999);
#10995 = LINE('',#10996,#10997);
#10996 = CARTESIAN_POINT('',(0.,0.));
#10997 = VECTOR('',#10998,1.);
#10998 = DIRECTION('',(0.,-1.));
#10999 = ( GEOMETRIC_REPRESENTATION_CONTEXT(2) 
PARAMETRIC_REPRESENTATION_CONTEXT() REPRESENTATION_CONTEXT('2D SPACE',''
  ) );
#11000 = PCURVE('',#881,#11001);
#11001 = DEFINITIONAL_REPRESENTATION('',(#11002),#11006);
#11002 = LINE('',#11003,#11004);
#11003 = CARTESIAN_POINT('',(1.228592614404,0.));
#11004 = VECTOR('',#11005,1.);
#11005 = DIRECTION('',(0.,-1.));
#11006 = ( GEOMETRIC_REPRESENTATION_CONTEXT(2) 
PARAMETRIC_REPRESENTATION_CONTEXT() REPRESENTATION_CONTEXT('2D SPACE',''
  ) );
#11007 = ORIENTED_EDGE('',*,*,#893,.T.);
#11008 = ORIENTED_EDGE('',*,*,#10936,.F.);
#11009 = ORIENTED_EDGE('',*,*,#11010,.F.);
#11010 = EDGE_CURVE('',#10986,#10937,#11011,.T.);
#11011 = SURFACE_CURVE('',#11012,(#11016,#11023),.PCURVE_S1.);
#11012 = LINE('',#11013,#11014);
#11013 = CARTESIAN_POINT('',(87.930443495403,401.,348.93593106059));
#11014 = VECTOR('',#11015,1.);
#11015 = DIRECTION('',(-0.88474075755,0.,0.466083460261));
#11016 = PCURVE('',#909,#11017);
#11017 = DEFINITIONAL_REPRESENTATION('',(#11018),#11022);
#11018 = LINE('',#11019,#11020);
#11019 = CARTESIAN_POINT('',(0.,0.));
#11020 = VECTOR('',#11021,1.);
#11021 = DIRECTION('',(1.,0.));
#11022 = ( GEOMETRIC_REPRESENTATION_CONTEXT(2) 
PARAMETRIC_REPRESENTATION_CONTEXT() REPRESENTATION_CONTEXT('2D SPACE',''
  ) );
#11023 = PCURVE('',#126,#11024);
#11024 = DEFINITIONAL_REPRESENTATION('',(#11025),#11029);
#11025 = LINE('',#11026,#11027);
#11026 = CARTESIAN_POINT('',(-13.73593106059,7.930443495403));
#11027 = VECTOR('',#11028,1.);
#11028 = DIRECTION('',(-0.466083460261,-0.88474075755));
#11029 = ( GEOMETRIC_REPRESENTATION_CONTEXT(2) 
PARAMETRIC_REPRESENTATION_CONTEXT() REPRESENTATION_CONTEXT('2D SPACE',''
  ) );
#11030 = ADVANCED_FACE('',(#11031),#881,.T.);
#11031 = FACE_BOUND('',#11032,.T.);
#11032 = EDGE_LOOP('',(#11033,#11056,#11057,#11058));
#11033 = ORIENTED_EDGE('',*,*,#11034,.T.);
#11034 = EDGE_CURVE('',#11035,#838,#11037,.T.);
#11035 = VERTEX_POINT('',#11036);
#11036 = CARTESIAN_POINT('',(88.969845742061,401.,348.28088695382));
#11037 = SURFACE_CURVE('',#11038,(#11042,#11049),.PCURVE_S1.);
#11038 = LINE('',#11039,#11040);
#11039 = CARTESIAN_POINT('',(88.969845742061,401.,348.28088695382));
#11040 = VECTOR('',#11041,1.);
#11041 = DIRECTION('',(0.,1.,0.));
#11042 = PCURVE('',#881,#11043);
#11043 = DEFINITIONAL_REPRESENTATION('',(#11044),#11048);
#11044 = LINE('',#11045,#11046);
#11045 = CARTESIAN_POINT('',(0.,0.));
#11046 = VECTOR('',#11047,1.);
#11047 = DIRECTION('',(0.,-1.));
#11048 = ( GEOMETRIC_REPRESENTATION_CONTEXT(2) 
PARAMETRIC_REPRESENTATION_CONTEXT() REPRESENTATION_CONTEXT('2D SPACE',''
  ) );
#11049 = PCURVE('',#853,#11050);
#11050 = DEFINITIONAL_REPRESENTATION('',(#11051),#11055);
#11051 = LINE('',#11052,#11053);
#11052 = CARTESIAN_POINT('',(1.228592614404,0.));
#11053 = VECTOR('',#11054,1.);
#11054 = DIRECTION('',(0.,-1.));
#11055 = ( GEOMETRIC_REPRESENTATION_CONTEXT(2) 
PARAMETRIC_REPRESENTATION_CONTEXT() REPRESENTATION_CONTEXT('2D SPACE',''
  ) );
#11056 = ORIENTED_EDGE('',*,*,#865,.T.);
#11057 = ORIENTED_EDGE('',*,*,#10985,.F.);
#11058 = ORIENTED_EDGE('',*,*,#11059,.F.);
#11059 = EDGE_CURVE('',#11035,#10986,#11060,.T.);
#11060 = SURFACE_CURVE('',#11061,(#11065,#11072),.PCURVE_S1.);
#11061 = LINE('',#11062,#11063);
#11062 = CARTESIAN_POINT('',(88.969845742061,401.,348.28088695382));
#11063 = VECTOR('',#11064,1.);
#11064 = DIRECTION('',(-0.846010495645,0.,0.533166241671));
#11065 = PCURVE('',#881,#11066);
#11066 = DEFINITIONAL_REPRESENTATION('',(#11067),#11071);
#11067 = LINE('',#11068,#11069);
#11068 = CARTESIAN_POINT('',(0.,0.));
#11069 = VECTOR('',#11070,1.);
#11070 = DIRECTION('',(1.,0.));
#11071 = ( GEOMETRIC_REPRESENTATION_CONTEXT(2) 
PARAMETRIC_REPRESENTATION_CONTEXT() REPRESENTATION_CONTEXT('2D SPACE',''
  ) );
#11072 = PCURVE('',#126,#11073);
#11073 = DEFINITIONAL_REPRESENTATION('',(#11074),#11078);
#11074 = LINE('',#11075,#11076);
#11075 = CARTESIAN_POINT('',(-13.08088695382,8.969845742061));
#11076 = VECTOR('',#11077,1.);
#11077 = DIRECTION('',(-0.533166241671,-0.846010495645));
#11078 = ( GEOMETRIC_REPRESENTATION_CONTEXT(2) 
PARAMETRIC_REPRESENTATION_CONTEXT() REPRESENTATION_CONTEXT('2D SPACE',''
  ) );
#11079 = ADVANCED_FACE('',(#11080),#853,.T.);
#11080 = FACE_BOUND('',#11081,.T.);
#11081 = EDGE_LOOP('',(#11082,#11105,#11106,#11107));
#11082 = ORIENTED_EDGE('',*,*,#11083,.T.);
#11083 = EDGE_CURVE('',#11084,#810,#11086,.T.);
#11084 = VERTEX_POINT('',#11085);
#11085 = CARTESIAN_POINT('',(89.955427723529,401.,347.54735578886));
#11086 = SURFACE_CURVE('',#11087,(#11091,#11098),.PCURVE_S1.);
#11087 = LINE('',#11088,#11089);
#11088 = CARTESIAN_POINT('',(89.955427723529,401.,347.54735578886));
#11089 = VECTOR('',#11090,1.);
#11090 = DIRECTION('',(0.,1.,0.));
#11091 = PCURVE('',#853,#11092);
#11092 = DEFINITIONAL_REPRESENTATION('',(#11093),#11097);
#11093 = LINE('',#11094,#11095);
#11094 = CARTESIAN_POINT('',(0.,0.));
#11095 = VECTOR('',#11096,1.);
#11096 = DIRECTION('',(0.,-1.));
#11097 = ( GEOMETRIC_REPRESENTATION_CONTEXT(2) 
PARAMETRIC_REPRESENTATION_CONTEXT() REPRESENTATION_CONTEXT('2D SPACE',''
  ) );
#11098 = PCURVE('',#825,#11099);
#11099 = DEFINITIONAL_REPRESENTATION('',(#11100),#11104);
#11100 = LINE('',#11101,#11102);
#11101 = CARTESIAN_POINT('',(4.809631818338,0.));
#11102 = VECTOR('',#11103,1.);
#11103 = DIRECTION('',(0.,-1.));
#11104 = ( GEOMETRIC_REPRESENTATION_CONTEXT(2) 
PARAMETRIC_REPRESENTATION_CONTEXT() REPRESENTATION_CONTEXT('2D SPACE',''
  ) );
#11105 = ORIENTED_EDGE('',*,*,#837,.T.);
#11106 = ORIENTED_EDGE('',*,*,#11034,.F.);
#11107 = ORIENTED_EDGE('',*,*,#11108,.F.);
#11108 = EDGE_CURVE('',#11084,#11035,#11109,.T.);
#11109 = SURFACE_CURVE('',#11110,(#11114,#11121),.PCURVE_S1.);
#11110 = LINE('',#11111,#11112);
#11111 = CARTESIAN_POINT('',(89.955427723529,401.,347.54735578886));
#11112 = VECTOR('',#11113,1.);
#11113 = DIRECTION('',(-0.802204058459,0.,0.597049954854));
#11114 = PCURVE('',#853,#11115);
#11115 = DEFINITIONAL_REPRESENTATION('',(#11116),#11120);
#11116 = LINE('',#11117,#11118);
#11117 = CARTESIAN_POINT('',(0.,0.));
#11118 = VECTOR('',#11119,1.);
#11119 = DIRECTION('',(1.,0.));
#11120 = ( GEOMETRIC_REPRESENTATION_CONTEXT(2) 
PARAMETRIC_REPRESENTATION_CONTEXT() REPRESENTATION_CONTEXT('2D SPACE',''
  ) );
#11121 = PCURVE('',#126,#11122);
#11122 = DEFINITIONAL_REPRESENTATION('',(#11123),#11127);
#11123 = LINE('',#11124,#11125);
#11124 = CARTESIAN_POINT('',(-12.34735578886,9.955427723529));
#11125 = VECTOR('',#11126,1.);
#11126 = DIRECTION('',(-0.597049954854,-0.802204058459));
#11127 = ( GEOMETRIC_REPRESENTATION_CONTEXT(2) 
PARAMETRIC_REPRESENTATION_CONTEXT() REPRESENTATION_CONTEXT('2D SPACE',''
  ) );
#11128 = ADVANCED_FACE('',(#11129),#825,.T.);
#11129 = FACE_BOUND('',#11130,.T.);
#11130 = EDGE_LOOP('',(#11131,#11154,#11155,#11156));
#11131 = ORIENTED_EDGE('',*,*,#11132,.T.);
#11132 = EDGE_CURVE('',#11133,#782,#11135,.T.);
#11133 = VERTEX_POINT('',#11134);
#11134 = CARTESIAN_POINT('',(92.398810504558,401.,351.69011318138));
#11135 = SURFACE_CURVE('',#11136,(#11140,#11147),.PCURVE_S1.);
#11136 = LINE('',#11137,#11138);
#11137 = CARTESIAN_POINT('',(92.398810504558,401.,351.69011318138));
#11138 = VECTOR('',#11139,1.);
#11139 = DIRECTION('',(0.,1.,0.));
#11140 = PCURVE('',#825,#11141);
#11141 = DEFINITIONAL_REPRESENTATION('',(#11142),#11146);
#11142 = LINE('',#11143,#11144);
#11143 = CARTESIAN_POINT('',(0.,0.));
#11144 = VECTOR('',#11145,1.);
#11145 = DIRECTION('',(0.,-1.));
#11146 = ( GEOMETRIC_REPRESENTATION_CONTEXT(2) 
PARAMETRIC_REPRESENTATION_CONTEXT() REPRESENTATION_CONTEXT('2D SPACE',''
  ) );
#11147 = PCURVE('',#797,#11148);
#11148 = DEFINITIONAL_REPRESENTATION('',(#11149),#11153);
#11149 = LINE('',#11150,#11151);
#11150 = CARTESIAN_POINT('',(0.900142887903,0.));
#11151 = VECTOR('',#11152,1.);
#11152 = DIRECTION('',(0.,-1.));
#11153 = ( GEOMETRIC_REPRESENTATION_CONTEXT(2) 
PARAMETRIC_REPRESENTATION_CONTEXT() REPRESENTATION_CONTEXT('2D SPACE',''
  ) );
#11154 = ORIENTED_EDGE('',*,*,#809,.T.);
#11155 = ORIENTED_EDGE('',*,*,#11083,.F.);
#11156 = ORIENTED_EDGE('',*,*,#11157,.F.);
#11157 = EDGE_CURVE('',#11133,#11084,#11158,.T.);
#11158 = SURFACE_CURVE('',#11159,(#11163,#11170),.PCURVE_S1.);
#11159 = LINE('',#11160,#11161);
#11160 = CARTESIAN_POINT('',(92.398810504558,401.,351.69011318138));
#11161 = VECTOR('',#11162,1.);
#11162 = DIRECTION('',(-0.508018674468,0.,-0.861346054958));
#11163 = PCURVE('',#825,#11164);
#11164 = DEFINITIONAL_REPRESENTATION('',(#11165),#11169);
#11165 = LINE('',#11166,#11167);
#11166 = CARTESIAN_POINT('',(0.,0.));
#11167 = VECTOR('',#11168,1.);
#11168 = DIRECTION('',(1.,0.));
#11169 = ( GEOMETRIC_REPRESENTATION_CONTEXT(2) 
PARAMETRIC_REPRESENTATION_CONTEXT() REPRESENTATION_CONTEXT('2D SPACE',''
  ) );
#11170 = PCURVE('',#126,#11171);
#11171 = DEFINITIONAL_REPRESENTATION('',(#11172),#11176);
#11172 = LINE('',#11173,#11174);
#11173 = CARTESIAN_POINT('',(-16.49011318138,12.398810504558));
#11174 = VECTOR('',#11175,1.);
#11175 = DIRECTION('',(0.861346054958,-0.508018674468));
#11176 = ( GEOMETRIC_REPRESENTATION_CONTEXT(2) 
PARAMETRIC_REPRESENTATION_CONTEXT() REPRESENTATION_CONTEXT('2D SPACE',''
  ) );
#11177 = ADVANCED_FACE('',(#11178),#797,.T.);
#11178 = FACE_BOUND('',#11179,.T.);
#11179 = EDGE_LOOP('',(#11180,#11203,#11204,#11205));
#11180 = ORIENTED_EDGE('',*,*,#11181,.T.);
#11181 = EDGE_CURVE('',#11182,#754,#11184,.T.);
#11182 = VERTEX_POINT('',#11183);
#11183 = CARTESIAN_POINT('',(93.106298218867,401.,351.13358972928));
#11184 = SURFACE_CURVE('',#11185,(#11189,#11196),.PCURVE_S1.);
#11185 = LINE('',#11186,#11187);
#11186 = CARTESIAN_POINT('',(93.106298218867,401.,351.13358972928));
#11187 = VECTOR('',#11188,1.);
#11188 = DIRECTION('',(0.,1.,0.));
#11189 = PCURVE('',#797,#11190);
#11190 = DEFINITIONAL_REPRESENTATION('',(#11191),#11195);
#11191 = LINE('',#11192,#11193);
#11192 = CARTESIAN_POINT('',(0.,0.));
#11193 = VECTOR('',#11194,1.);
#11194 = DIRECTION('',(0.,-1.));
#11195 = ( GEOMETRIC_REPRESENTATION_CONTEXT(2) 
PARAMETRIC_REPRESENTATION_CONTEXT() REPRESENTATION_CONTEXT('2D SPACE',''
  ) );
#11196 = PCURVE('',#769,#11197);
#11197 = DEFINITIONAL_REPRESENTATION('',(#11198),#11202);
#11198 = LINE('',#11199,#11200);
#11199 = CARTESIAN_POINT('',(0.900142887903,0.));
#11200 = VECTOR('',#11201,1.);
#11201 = DIRECTION('',(0.,-1.));
#11202 = ( GEOMETRIC_REPRESENTATION_CONTEXT(2) 
PARAMETRIC_REPRESENTATION_CONTEXT() REPRESENTATION_CONTEXT('2D SPACE',''
  ) );
#11203 = ORIENTED_EDGE('',*,*,#781,.T.);
#11204 = ORIENTED_EDGE('',*,*,#11132,.F.);
#11205 = ORIENTED_EDGE('',*,*,#11206,.F.);
#11206 = EDGE_CURVE('',#11182,#11133,#11207,.T.);
#11207 = SURFACE_CURVE('',#11208,(#11212,#11219),.PCURVE_S1.);
#11208 = LINE('',#11209,#11210);
#11209 = CARTESIAN_POINT('',(93.106298218867,401.,351.13358972928));
#11210 = VECTOR('',#11211,1.);
#11211 = DIRECTION('',(-0.785972675912,0.,0.618261233395));
#11212 = PCURVE('',#797,#11213);
#11213 = DEFINITIONAL_REPRESENTATION('',(#11214),#11218);
#11214 = LINE('',#11215,#11216);
#11215 = CARTESIAN_POINT('',(0.,0.));
#11216 = VECTOR('',#11217,1.);
#11217 = DIRECTION('',(1.,0.));
#11218 = ( GEOMETRIC_REPRESENTATION_CONTEXT(2) 
PARAMETRIC_REPRESENTATION_CONTEXT() REPRESENTATION_CONTEXT('2D SPACE',''
  ) );
#11219 = PCURVE('',#126,#11220);
#11220 = DEFINITIONAL_REPRESENTATION('',(#11221),#11225);
#11221 = LINE('',#11222,#11223);
#11222 = CARTESIAN_POINT('',(-15.93358972928,13.106298218867));
#11223 = VECTOR('',#11224,1.);
#11224 = DIRECTION('',(-0.618261233395,-0.785972675912));
#11225 = ( GEOMETRIC_REPRESENTATION_CONTEXT(2) 
PARAMETRIC_REPRESENTATION_CONTEXT() REPRESENTATION_CONTEXT('2D SPACE',''
  ) );
#11226 = ADVANCED_FACE('',(#11227),#769,.T.);
#11227 = FACE_BOUND('',#11228,.T.);
#11228 = EDGE_LOOP('',(#11229,#11252,#11253,#11254));
#11229 = ORIENTED_EDGE('',*,*,#11230,.T.);
#11230 = EDGE_CURVE('',#11231,#726,#11233,.T.);
#11231 = VERTEX_POINT('',#11232);
#11232 = CARTESIAN_POINT('',(93.788837349602,401.,350.54673578352));
#11233 = SURFACE_CURVE('',#11234,(#11238,#11245),.PCURVE_S1.);
#11234 = LINE('',#11235,#11236);
#11235 = CARTESIAN_POINT('',(93.788837349602,401.,350.54673578352));
#11236 = VECTOR('',#11237,1.);
#11237 = DIRECTION('',(0.,1.,0.));
#11238 = PCURVE('',#769,#11239);
#11239 = DEFINITIONAL_REPRESENTATION('',(#11240),#11244);
#11240 = LINE('',#11241,#11242);
#11241 = CARTESIAN_POINT('',(0.,0.));
#11242 = VECTOR('',#11243,1.);
#11243 = DIRECTION('',(0.,-1.));
#11244 = ( GEOMETRIC_REPRESENTATION_CONTEXT(2) 
PARAMETRIC_REPRESENTATION_CONTEXT() REPRESENTATION_CONTEXT('2D SPACE',''
  ) );
#11245 = PCURVE('',#741,#11246);
#11246 = DEFINITIONAL_REPRESENTATION('',(#11247),#11251);
#11247 = LINE('',#11248,#11249);
#11248 = CARTESIAN_POINT('',(0.900142887903,0.));
#11249 = VECTOR('',#11250,1.);
#11250 = DIRECTION('',(0.,-1.));
#11251 = ( GEOMETRIC_REPRESENTATION_CONTEXT(2) 
PARAMETRIC_REPRESENTATION_CONTEXT() REPRESENTATION_CONTEXT('2D SPACE',''
  ) );
#11252 = ORIENTED_EDGE('',*,*,#753,.T.);
#11253 = ORIENTED_EDGE('',*,*,#11181,.F.);
#11254 = ORIENTED_EDGE('',*,*,#11255,.F.);
#11255 = EDGE_CURVE('',#11231,#11182,#11256,.T.);
#11256 = SURFACE_CURVE('',#11257,(#11261,#11268),.PCURVE_S1.);
#11257 = LINE('',#11258,#11259);
#11258 = CARTESIAN_POINT('',(93.788837349602,401.,350.54673578352));
#11259 = VECTOR('',#11260,1.);
#11260 = DIRECTION('',(-0.75825642785,0.,0.651956432306));
#11261 = PCURVE('',#769,#11262);
#11262 = DEFINITIONAL_REPRESENTATION('',(#11263),#11267);
#11263 = LINE('',#11264,#11265);
#11264 = CARTESIAN_POINT('',(0.,0.));
#11265 = VECTOR('',#11266,1.);
#11266 = DIRECTION('',(1.,0.));
#11267 = ( GEOMETRIC_REPRESENTATION_CONTEXT(2) 
PARAMETRIC_REPRESENTATION_CONTEXT() REPRESENTATION_CONTEXT('2D SPACE',''
  ) );
#11268 = PCURVE('',#126,#11269);
#11269 = DEFINITIONAL_REPRESENTATION('',(#11270),#11274);
#11270 = LINE('',#11271,#11272);
#11271 = CARTESIAN_POINT('',(-15.34673578352,13.788837349602));
#11272 = VECTOR('',#11273,1.);
#11273 = DIRECTION('',(-0.651956432306,-0.75825642785));
#11274 = ( GEOMETRIC_REPRESENTATION_CONTEXT(2) 
PARAMETRIC_REPRESENTATION_CONTEXT() REPRESENTATION_CONTEXT('2D SPACE',''
  ) );
#11275 = ADVANCED_FACE('',(#11276),#741,.T.);
#11276 = FACE_BOUND('',#11277,.T.);
#11277 = EDGE_LOOP('',(#11278,#11301,#11302,#11303));
#11278 = ORIENTED_EDGE('',*,*,#11279,.T.);
#11279 = EDGE_CURVE('',#11280,#698,#11282,.T.);
#11280 = VERTEX_POINT('',#11281);
#11281 = CARTESIAN_POINT('',(94.445128644736,401.,349.93066845394));
#11282 = SURFACE_CURVE('',#11283,(#11287,#11294),.PCURVE_S1.);
#11283 = LINE('',#11284,#11285);
#11284 = CARTESIAN_POINT('',(94.445128644736,401.,349.93066845394));
#11285 = VECTOR('',#11286,1.);
#11286 = DIRECTION('',(0.,1.,0.));
#11287 = PCURVE('',#741,#11288);
#11288 = DEFINITIONAL_REPRESENTATION('',(#11289),#11293);
#11289 = LINE('',#11290,#11291);
#11290 = CARTESIAN_POINT('',(0.,0.));
#11291 = VECTOR('',#11292,1.);
#11292 = DIRECTION('',(0.,-1.));
#11293 = ( GEOMETRIC_REPRESENTATION_CONTEXT(2) 
PARAMETRIC_REPRESENTATION_CONTEXT() REPRESENTATION_CONTEXT('2D SPACE',''
  ) );
#11294 = PCURVE('',#713,#11295);
#11295 = DEFINITIONAL_REPRESENTATION('',(#11296),#11300);
#11296 = LINE('',#11297,#11298);
#11297 = CARTESIAN_POINT('',(0.900142887903,0.));
#11298 = VECTOR('',#11299,1.);
#11299 = DIRECTION('',(0.,-1.));
#11300 = ( GEOMETRIC_REPRESENTATION_CONTEXT(2) 
PARAMETRIC_REPRESENTATION_CONTEXT() REPRESENTATION_CONTEXT('2D SPACE',''
  ) );
#11301 = ORIENTED_EDGE('',*,*,#725,.T.);
#11302 = ORIENTED_EDGE('',*,*,#11230,.F.);
#11303 = ORIENTED_EDGE('',*,*,#11304,.F.);
#11304 = EDGE_CURVE('',#11280,#11231,#11305,.T.);
#11305 = SURFACE_CURVE('',#11306,(#11310,#11317),.PCURVE_S1.);
#11306 = LINE('',#11307,#11308);
#11307 = CARTESIAN_POINT('',(94.445128644736,401.,349.93066845394));
#11308 = VECTOR('',#11309,1.);
#11309 = DIRECTION('',(-0.72909679558,0.,0.684410595092));
#11310 = PCURVE('',#741,#11311);
#11311 = DEFINITIONAL_REPRESENTATION('',(#11312),#11316);
#11312 = LINE('',#11313,#11314);
#11313 = CARTESIAN_POINT('',(0.,0.));
#11314 = VECTOR('',#11315,1.);
#11315 = DIRECTION('',(1.,0.));
#11316 = ( GEOMETRIC_REPRESENTATION_CONTEXT(2) 
PARAMETRIC_REPRESENTATION_CONTEXT() REPRESENTATION_CONTEXT('2D SPACE',''
  ) );
#11317 = PCURVE('',#126,#11318);
#11318 = DEFINITIONAL_REPRESENTATION('',(#11319),#11323);
#11319 = LINE('',#11320,#11321);
#11320 = CARTESIAN_POINT('',(-14.73066845394,14.445128644736));
#11321 = VECTOR('',#11322,1.);
#11322 = DIRECTION('',(-0.684410595092,-0.72909679558));
#11323 = ( GEOMETRIC_REPRESENTATION_CONTEXT(2) 
PARAMETRIC_REPRESENTATION_CONTEXT() REPRESENTATION_CONTEXT('2D SPACE',''
  ) );
#11324 = ADVANCED_FACE('',(#11325),#713,.T.);
#11325 = FACE_BOUND('',#11326,.T.);
#11326 = EDGE_LOOP('',(#11327,#11350,#11351,#11352));
#11327 = ORIENTED_EDGE('',*,*,#11328,.T.);
#11328 = EDGE_CURVE('',#11329,#670,#11331,.T.);
#11329 = VERTEX_POINT('',#11330);
#11330 = CARTESIAN_POINT('',(95.073922816488,401.,349.28656045972));
#11331 = SURFACE_CURVE('',#11332,(#11336,#11343),.PCURVE_S1.);
#11332 = LINE('',#11333,#11334);
#11333 = CARTESIAN_POINT('',(95.073922816488,401.,349.28656045972));
#11334 = VECTOR('',#11335,1.);
#11335 = DIRECTION('',(0.,1.,0.));
#11336 = PCURVE('',#713,#11337);
#11337 = DEFINITIONAL_REPRESENTATION('',(#11338),#11342);
#11338 = LINE('',#11339,#11340);
#11339 = CARTESIAN_POINT('',(0.,0.));
#11340 = VECTOR('',#11341,1.);
#11341 = DIRECTION('',(0.,-1.));
#11342 = ( GEOMETRIC_REPRESENTATION_CONTEXT(2) 
PARAMETRIC_REPRESENTATION_CONTEXT() REPRESENTATION_CONTEXT('2D SPACE',''
  ) );
#11343 = PCURVE('',#685,#11344);
#11344 = DEFINITIONAL_REPRESENTATION('',(#11345),#11349);
#11345 = LINE('',#11346,#11347);
#11346 = CARTESIAN_POINT('',(1.569764844889,0.));
#11347 = VECTOR('',#11348,1.);
#11348 = DIRECTION('',(0.,-1.));
#11349 = ( GEOMETRIC_REPRESENTATION_CONTEXT(2) 
PARAMETRIC_REPRESENTATION_CONTEXT() REPRESENTATION_CONTEXT('2D SPACE',''
  ) );
#11350 = ORIENTED_EDGE('',*,*,#697,.T.);
#11351 = ORIENTED_EDGE('',*,*,#11279,.F.);
#11352 = ORIENTED_EDGE('',*,*,#11353,.F.);
#11353 = EDGE_CURVE('',#11329,#11280,#11354,.T.);
#11354 = SURFACE_CURVE('',#11355,(#11359,#11366),.PCURVE_S1.);
#11355 = LINE('',#11356,#11357);
#11356 = CARTESIAN_POINT('',(95.073922816488,401.,349.28656045972));
#11357 = VECTOR('',#11358,1.);
#11358 = DIRECTION('',(-0.698549286121,0.,0.715561943412));
#11359 = PCURVE('',#713,#11360);
#11360 = DEFINITIONAL_REPRESENTATION('',(#11361),#11365);
#11361 = LINE('',#11362,#11363);
#11362 = CARTESIAN_POINT('',(0.,0.));
#11363 = VECTOR('',#11364,1.);
#11364 = DIRECTION('',(1.,0.));
#11365 = ( GEOMETRIC_REPRESENTATION_CONTEXT(2) 
PARAMETRIC_REPRESENTATION_CONTEXT() REPRESENTATION_CONTEXT('2D SPACE',''
  ) );
#11366 = PCURVE('',#126,#11367);
#11367 = DEFINITIONAL_REPRESENTATION('',(#11368),#11372);
#11368 = LINE('',#11369,#11370);
#11369 = CARTESIAN_POINT('',(-14.08656045972,15.073922816488));
#11370 = VECTOR('',#11371,1.);
#11371 = DIRECTION('',(-0.715561943412,-0.698549286121));
#11372 = ( GEOMETRIC_REPRESENTATION_CONTEXT(2) 
PARAMETRIC_REPRESENTATION_CONTEXT() REPRESENTATION_CONTEXT('2D SPACE',''
  ) );
#11373 = ADVANCED_FACE('',(#11374),#685,.T.);
#11374 = FACE_BOUND('',#11375,.T.);
#11375 = EDGE_LOOP('',(#11376,#11399,#11400,#11401));
#11376 = ORIENTED_EDGE('',*,*,#11377,.T.);
#11377 = EDGE_CURVE('',#11378,#642,#11380,.T.);
#11378 = VERTEX_POINT('',#11379);
#11379 = CARTESIAN_POINT('',(94.860343165246,401.,347.73139313727));
#11380 = SURFACE_CURVE('',#11381,(#11385,#11392),.PCURVE_S1.);
#11381 = LINE('',#11382,#11383);
#11382 = CARTESIAN_POINT('',(94.860343165246,401.,347.73139313727));
#11383 = VECTOR('',#11384,1.);
#11384 = DIRECTION('',(0.,1.,0.));
#11385 = PCURVE('',#685,#11386);
#11386 = DEFINITIONAL_REPRESENTATION('',(#11387),#11391);
#11387 = LINE('',#11388,#11389);
#11388 = CARTESIAN_POINT('',(0.,0.));
#11389 = VECTOR('',#11390,1.);
#11390 = DIRECTION('',(0.,-1.));
#11391 = ( GEOMETRIC_REPRESENTATION_CONTEXT(2) 
PARAMETRIC_REPRESENTATION_CONTEXT() REPRESENTATION_CONTEXT('2D SPACE',''
  ) );
#11392 = PCURVE('',#657,#11393);
#11393 = DEFINITIONAL_REPRESENTATION('',(#11394),#11398);
#11394 = LINE('',#11395,#11396);
#11395 = CARTESIAN_POINT('',(1.200610506126,0.));
#11396 = VECTOR('',#11397,1.);
#11397 = DIRECTION('',(0.,-1.));
#11398 = ( GEOMETRIC_REPRESENTATION_CONTEXT(2) 
PARAMETRIC_REPRESENTATION_CONTEXT() REPRESENTATION_CONTEXT('2D SPACE',''
  ) );
#11399 = ORIENTED_EDGE('',*,*,#669,.T.);
#11400 = ORIENTED_EDGE('',*,*,#11328,.F.);
#11401 = ORIENTED_EDGE('',*,*,#11402,.F.);
#11402 = EDGE_CURVE('',#11378,#11329,#11403,.T.);
#11403 = SURFACE_CURVE('',#11404,(#11408,#11415),.PCURVE_S1.);
#11404 = LINE('',#11405,#11406);
#11405 = CARTESIAN_POINT('',(94.860343165246,401.,347.73139313727));
#11406 = VECTOR('',#11407,1.);
#11407 = DIRECTION('',(0.136058373289,0.,0.990700822175));
#11408 = PCURVE('',#685,#11409);
#11409 = DEFINITIONAL_REPRESENTATION('',(#11410),#11414);
#11410 = LINE('',#11411,#11412);
#11411 = CARTESIAN_POINT('',(0.,0.));
#11412 = VECTOR('',#11413,1.);
#11413 = DIRECTION('',(1.,0.));
#11414 = ( GEOMETRIC_REPRESENTATION_CONTEXT(2) 
PARAMETRIC_REPRESENTATION_CONTEXT() REPRESENTATION_CONTEXT('2D SPACE',''
  ) );
#11415 = PCURVE('',#126,#11416);
#11416 = DEFINITIONAL_REPRESENTATION('',(#11417),#11421);
#11417 = LINE('',#11418,#11419);
#11418 = CARTESIAN_POINT('',(-12.53139313727,14.860343165246));
#11419 = VECTOR('',#11420,1.);
#11420 = DIRECTION('',(-0.990700822175,0.136058373289));
#11421 = ( GEOMETRIC_REPRESENTATION_CONTEXT(2) 
PARAMETRIC_REPRESENTATION_CONTEXT() REPRESENTATION_CONTEXT('2D SPACE',''
  ) );
#11422 = ADVANCED_FACE('',(#11423),#657,.T.);
#11423 = FACE_BOUND('',#11424,.T.);
#11424 = EDGE_LOOP('',(#11425,#11448,#11449,#11450));
#11425 = ORIENTED_EDGE('',*,*,#11426,.T.);
#11426 = EDGE_CURVE('',#11427,#614,#11429,.T.);
#11427 = VERTEX_POINT('',#11428);
#11428 = CARTESIAN_POINT('',(94.034576499576,401.,346.85985713613));
#11429 = SURFACE_CURVE('',#11430,(#11434,#11441),.PCURVE_S1.);
#11430 = LINE('',#11431,#11432);
#11431 = CARTESIAN_POINT('',(94.034576499576,401.,346.85985713613));
#11432 = VECTOR('',#11433,1.);
#11433 = DIRECTION('',(0.,1.,0.));
#11434 = PCURVE('',#657,#11435);
#11435 = DEFINITIONAL_REPRESENTATION('',(#11436),#11440);
#11436 = LINE('',#11437,#11438);
#11437 = CARTESIAN_POINT('',(0.,0.));
#11438 = VECTOR('',#11439,1.);
#11439 = DIRECTION('',(0.,-1.));
#11440 = ( GEOMETRIC_REPRESENTATION_CONTEXT(2) 
PARAMETRIC_REPRESENTATION_CONTEXT() REPRESENTATION_CONTEXT('2D SPACE',''
  ) );
#11441 = PCURVE('',#629,#11442);
#11442 = DEFINITIONAL_REPRESENTATION('',(#11443),#11447);
#11443 = LINE('',#11444,#11445);
#11444 = CARTESIAN_POINT('',(1.199633649912,0.));
#11445 = VECTOR('',#11446,1.);
#11446 = DIRECTION('',(0.,-1.));
#11447 = ( GEOMETRIC_REPRESENTATION_CONTEXT(2) 
PARAMETRIC_REPRESENTATION_CONTEXT() REPRESENTATION_CONTEXT('2D SPACE',''
  ) );
#11448 = ORIENTED_EDGE('',*,*,#641,.T.);
#11449 = ORIENTED_EDGE('',*,*,#11377,.F.);
#11450 = ORIENTED_EDGE('',*,*,#11451,.F.);
#11451 = EDGE_CURVE('',#11427,#11378,#11452,.T.);
#11452 = SURFACE_CURVE('',#11453,(#11457,#11464),.PCURVE_S1.);
#11453 = LINE('',#11454,#11455);
#11454 = CARTESIAN_POINT('',(94.034576499576,401.,346.85985713613));
#11455 = VECTOR('',#11456,1.);
#11456 = DIRECTION('',(0.687788971908,0.,0.725910690183));
#11457 = PCURVE('',#657,#11458);
#11458 = DEFINITIONAL_REPRESENTATION('',(#11459),#11463);
#11459 = LINE('',#11460,#11461);
#11460 = CARTESIAN_POINT('',(0.,0.));
#11461 = VECTOR('',#11462,1.);
#11462 = DIRECTION('',(1.,0.));
#11463 = ( GEOMETRIC_REPRESENTATION_CONTEXT(2) 
PARAMETRIC_REPRESENTATION_CONTEXT() REPRESENTATION_CONTEXT('2D SPACE',''
  ) );
#11464 = PCURVE('',#126,#11465);
#11465 = DEFINITIONAL_REPRESENTATION('',(#11466),#11470);
#11466 = LINE('',#11467,#11468);
#11467 = CARTESIAN_POINT('',(-11.65985713613,14.034576499576));
#11468 = VECTOR('',#11469,1.);
#11469 = DIRECTION('',(-0.725910690183,0.687788971908));
#11470 = ( GEOMETRIC_REPRESENTATION_CONTEXT(2) 
PARAMETRIC_REPRESENTATION_CONTEXT() REPRESENTATION_CONTEXT('2D SPACE',''
  ) );
#11471 = ADVANCED_FACE('',(#11472),#629,.T.);
#11472 = FACE_BOUND('',#11473,.T.);
#11473 = EDGE_LOOP('',(#11474,#11497,#11498,#11499));
#11474 = ORIENTED_EDGE('',*,*,#11475,.T.);
#11475 = EDGE_CURVE('',#11476,#586,#11478,.T.);
#11476 = VERTEX_POINT('',#11477);
#11477 = CARTESIAN_POINT('',(93.196865949636,401.,346.00115932635));
#11478 = SURFACE_CURVE('',#11479,(#11483,#11490),.PCURVE_S1.);
#11479 = LINE('',#11480,#11481);
#11480 = CARTESIAN_POINT('',(93.196865949636,401.,346.00115932635));
#11481 = VECTOR('',#11482,1.);
#11482 = DIRECTION('',(0.,1.,0.));
#11483 = PCURVE('',#629,#11484);
#11484 = DEFINITIONAL_REPRESENTATION('',(#11485),#11489);
#11485 = LINE('',#11486,#11487);
#11486 = CARTESIAN_POINT('',(0.,0.));
#11487 = VECTOR('',#11488,1.);
#11488 = DIRECTION('',(0.,-1.));
#11489 = ( GEOMETRIC_REPRESENTATION_CONTEXT(2) 
PARAMETRIC_REPRESENTATION_CONTEXT() REPRESENTATION_CONTEXT('2D SPACE',''
  ) );
#11490 = PCURVE('',#601,#11491);
#11491 = DEFINITIONAL_REPRESENTATION('',(#11492),#11496);
#11492 = LINE('',#11493,#11494);
#11493 = CARTESIAN_POINT('',(1.198719924449,0.));
#11494 = VECTOR('',#11495,1.);
#11495 = DIRECTION('',(0.,-1.));
#11496 = ( GEOMETRIC_REPRESENTATION_CONTEXT(2) 
PARAMETRIC_REPRESENTATION_CONTEXT() REPRESENTATION_CONTEXT('2D SPACE',''
  ) );
#11497 = ORIENTED_EDGE('',*,*,#613,.T.);
#11498 = ORIENTED_EDGE('',*,*,#11426,.F.);
#11499 = ORIENTED_EDGE('',*,*,#11500,.F.);
#11500 = EDGE_CURVE('',#11476,#11427,#11501,.T.);
#11501 = SURFACE_CURVE('',#11502,(#11506,#11513),.PCURVE_S1.);
#11502 = LINE('',#11503,#11504);
#11503 = CARTESIAN_POINT('',(93.196865949636,401.,346.00115932635));
#11504 = VECTOR('',#11505,1.);
#11505 = DIRECTION('',(0.698305311793,0.,0.715800035989));
#11506 = PCURVE('',#629,#11507);
#11507 = DEFINITIONAL_REPRESENTATION('',(#11508),#11512);
#11508 = LINE('',#11509,#11510);
#11509 = CARTESIAN_POINT('',(0.,0.));
#11510 = VECTOR('',#11511,1.);
#11511 = DIRECTION('',(1.,0.));
#11512 = ( GEOMETRIC_REPRESENTATION_CONTEXT(2) 
PARAMETRIC_REPRESENTATION_CONTEXT() REPRESENTATION_CONTEXT('2D SPACE',''
  ) );
#11513 = PCURVE('',#126,#11514);
#11514 = DEFINITIONAL_REPRESENTATION('',(#11515),#11519);
#11515 = LINE('',#11516,#11517);
#11516 = CARTESIAN_POINT('',(-10.80115932635,13.196865949636));
#11517 = VECTOR('',#11518,1.);
#11518 = DIRECTION('',(-0.715800035989,0.698305311793));
#11519 = ( GEOMETRIC_REPRESENTATION_CONTEXT(2) 
PARAMETRIC_REPRESENTATION_CONTEXT() REPRESENTATION_CONTEXT('2D SPACE',''
  ) );
#11520 = ADVANCED_FACE('',(#11521),#601,.T.);
#11521 = FACE_BOUND('',#11522,.T.);
#11522 = EDGE_LOOP('',(#11523,#11546,#11547,#11548));
#11523 = ORIENTED_EDGE('',*,*,#11524,.T.);
#11524 = EDGE_CURVE('',#11525,#558,#11527,.T.);
#11525 = VERTEX_POINT('',#11526);
#11526 = CARTESIAN_POINT('',(92.347355788862,401.,345.15542772352));
#11527 = SURFACE_CURVE('',#11528,(#11532,#11539),.PCURVE_S1.);
#11528 = LINE('',#11529,#11530);
#11529 = CARTESIAN_POINT('',(92.347355788862,401.,345.15542772352));
#11530 = VECTOR('',#11531,1.);
#11531 = DIRECTION('',(0.,1.,0.));
#11532 = PCURVE('',#601,#11533);
#11533 = DEFINITIONAL_REPRESENTATION('',(#11534),#11538);
#11534 = LINE('',#11535,#11536);
#11535 = CARTESIAN_POINT('',(0.,0.));
#11536 = VECTOR('',#11537,1.);
#11537 = DIRECTION('',(0.,-1.));
#11538 = ( GEOMETRIC_REPRESENTATION_CONTEXT(2) 
PARAMETRIC_REPRESENTATION_CONTEXT() REPRESENTATION_CONTEXT('2D SPACE',''
  ) );
#11539 = PCURVE('',#573,#11540);
#11540 = DEFINITIONAL_REPRESENTATION('',(#11541),#11545);
#11541 = LINE('',#11542,#11543);
#11542 = CARTESIAN_POINT('',(1.228592614404,0.));
#11543 = VECTOR('',#11544,1.);
#11544 = DIRECTION('',(0.,-1.));
#11545 = ( GEOMETRIC_REPRESENTATION_CONTEXT(2) 
PARAMETRIC_REPRESENTATION_CONTEXT() REPRESENTATION_CONTEXT('2D SPACE',''
  ) );
#11546 = ORIENTED_EDGE('',*,*,#585,.T.);
#11547 = ORIENTED_EDGE('',*,*,#11475,.F.);
#11548 = ORIENTED_EDGE('',*,*,#11549,.F.);
#11549 = EDGE_CURVE('',#11525,#11476,#11550,.T.);
#11550 = SURFACE_CURVE('',#11551,(#11555,#11562),.PCURVE_S1.);
#11551 = LINE('',#11552,#11553);
#11552 = CARTESIAN_POINT('',(92.347355788862,401.,345.15542772352));
#11553 = VECTOR('',#11554,1.);
#11554 = DIRECTION('',(0.708681105109,0.,0.705528944312));
#11555 = PCURVE('',#601,#11556);
#11556 = DEFINITIONAL_REPRESENTATION('',(#11557),#11561);
#11557 = LINE('',#11558,#11559);
#11558 = CARTESIAN_POINT('',(0.,0.));
#11559 = VECTOR('',#11560,1.);
#11560 = DIRECTION('',(1.,0.));
#11561 = ( GEOMETRIC_REPRESENTATION_CONTEXT(2) 
PARAMETRIC_REPRESENTATION_CONTEXT() REPRESENTATION_CONTEXT('2D SPACE',''
  ) );
#11562 = PCURVE('',#126,#11563);
#11563 = DEFINITIONAL_REPRESENTATION('',(#11564),#11568);
#11564 = LINE('',#11565,#11566);
#11565 = CARTESIAN_POINT('',(-9.955427723529,12.347355788862));
#11566 = VECTOR('',#11567,1.);
#11567 = DIRECTION('',(-0.705528944312,0.708681105109));
#11568 = ( GEOMETRIC_REPRESENTATION_CONTEXT(2) 
PARAMETRIC_REPRESENTATION_CONTEXT() REPRESENTATION_CONTEXT('2D SPACE',''
  ) );
#11569 = ADVANCED_FACE('',(#11570),#573,.T.);
#11570 = FACE_BOUND('',#11571,.T.);
#11571 = EDGE_LOOP('',(#11572,#11595,#11596,#11597));
#11572 = ORIENTED_EDGE('',*,*,#11573,.T.);
#11573 = EDGE_CURVE('',#11574,#530,#11576,.T.);
#11574 = VERTEX_POINT('',#11575);
#11575 = CARTESIAN_POINT('',(93.080886953826,401.,344.16984574206));
#11576 = SURFACE_CURVE('',#11577,(#11581,#11588),.PCURVE_S1.);
#11577 = LINE('',#11578,#11579);
#11578 = CARTESIAN_POINT('',(93.080886953826,401.,344.16984574206));
#11579 = VECTOR('',#11580,1.);
#11580 = DIRECTION('',(0.,1.,0.));
#11581 = PCURVE('',#573,#11582);
#11582 = DEFINITIONAL_REPRESENTATION('',(#11583),#11587);
#11583 = LINE('',#11584,#11585);
#11584 = CARTESIAN_POINT('',(0.,0.));
#11585 = VECTOR('',#11586,1.);
#11586 = DIRECTION('',(0.,-1.));
#11587 = ( GEOMETRIC_REPRESENTATION_CONTEXT(2) 
PARAMETRIC_REPRESENTATION_CONTEXT() REPRESENTATION_CONTEXT('2D SPACE',''
  ) );
#11588 = PCURVE('',#545,#11589);
#11589 = DEFINITIONAL_REPRESENTATION('',(#11590),#11594);
#11590 = LINE('',#11591,#11592);
#11591 = CARTESIAN_POINT('',(1.228592614404,0.));
#11592 = VECTOR('',#11593,1.);
#11593 = DIRECTION('',(0.,-1.));
#11594 = ( GEOMETRIC_REPRESENTATION_CONTEXT(2) 
PARAMETRIC_REPRESENTATION_CONTEXT() REPRESENTATION_CONTEXT('2D SPACE',''
  ) );
#11595 = ORIENTED_EDGE('',*,*,#557,.T.);
#11596 = ORIENTED_EDGE('',*,*,#11524,.F.);
#11597 = ORIENTED_EDGE('',*,*,#11598,.F.);
#11598 = EDGE_CURVE('',#11574,#11525,#11599,.T.);
#11599 = SURFACE_CURVE('',#11600,(#11604,#11611),.PCURVE_S1.);
#11600 = LINE('',#11601,#11602);
#11601 = CARTESIAN_POINT('',(93.080886953826,401.,344.16984574206));
#11602 = VECTOR('',#11603,1.);
#11603 = DIRECTION('',(-0.597049954854,0.,0.802204058459));
#11604 = PCURVE('',#573,#11605);
#11605 = DEFINITIONAL_REPRESENTATION('',(#11606),#11610);
#11606 = LINE('',#11607,#11608);
#11607 = CARTESIAN_POINT('',(0.,0.));
#11608 = VECTOR('',#11609,1.);
#11609 = DIRECTION('',(1.,0.));
#11610 = ( GEOMETRIC_REPRESENTATION_CONTEXT(2) 
PARAMETRIC_REPRESENTATION_CONTEXT() REPRESENTATION_CONTEXT('2D SPACE',''
  ) );
#11611 = PCURVE('',#126,#11612);
#11612 = DEFINITIONAL_REPRESENTATION('',(#11613),#11617);
#11613 = LINE('',#11614,#11615);
#11614 = CARTESIAN_POINT('',(-8.969845742061,13.080886953826));
#11615 = VECTOR('',#11616,1.);
#11616 = DIRECTION('',(-0.802204058459,-0.597049954854));
#11617 = ( GEOMETRIC_REPRESENTATION_CONTEXT(2) 
PARAMETRIC_REPRESENTATION_CONTEXT() REPRESENTATION_CONTEXT('2D SPACE',''
  ) );
#11618 = ADVANCED_FACE('',(#11619),#545,.T.);
#11619 = FACE_BOUND('',#11620,.T.);
#11620 = EDGE_LOOP('',(#11621,#11644,#11645,#11646));
#11621 = ORIENTED_EDGE('',*,*,#11622,.T.);
#11622 = EDGE_CURVE('',#11623,#502,#11625,.T.);
#11623 = VERTEX_POINT('',#11624);
#11624 = CARTESIAN_POINT('',(93.735931060593,401.,343.1304434954));
#11625 = SURFACE_CURVE('',#11626,(#11630,#11637),.PCURVE_S1.);
#11626 = LINE('',#11627,#11628);
#11627 = CARTESIAN_POINT('',(93.735931060593,401.,343.1304434954));
#11628 = VECTOR('',#11629,1.);
#11629 = DIRECTION('',(0.,1.,0.));
#11630 = PCURVE('',#545,#11631);
#11631 = DEFINITIONAL_REPRESENTATION('',(#11632),#11636);
#11632 = LINE('',#11633,#11634);
#11633 = CARTESIAN_POINT('',(0.,0.));
#11634 = VECTOR('',#11635,1.);
#11635 = DIRECTION('',(0.,-1.));
#11636 = ( GEOMETRIC_REPRESENTATION_CONTEXT(2) 
PARAMETRIC_REPRESENTATION_CONTEXT() REPRESENTATION_CONTEXT('2D SPACE',''
  ) );
#11637 = PCURVE('',#517,#11638);
#11638 = DEFINITIONAL_REPRESENTATION('',(#11639),#11643);
#11639 = LINE('',#11640,#11641);
#11640 = CARTESIAN_POINT('',(1.228592614404,0.));
#11641 = VECTOR('',#11642,1.);
#11642 = DIRECTION('',(0.,-1.));
#11643 = ( GEOMETRIC_REPRESENTATION_CONTEXT(2) 
PARAMETRIC_REPRESENTATION_CONTEXT() REPRESENTATION_CONTEXT('2D SPACE',''
  ) );
#11644 = ORIENTED_EDGE('',*,*,#529,.T.);
#11645 = ORIENTED_EDGE('',*,*,#11573,.F.);
#11646 = ORIENTED_EDGE('',*,*,#11647,.F.);
#11647 = EDGE_CURVE('',#11623,#11574,#11648,.T.);
#11648 = SURFACE_CURVE('',#11649,(#11653,#11660),.PCURVE_S1.);
#11649 = LINE('',#11650,#11651);
#11650 = CARTESIAN_POINT('',(93.735931060593,401.,343.1304434954));
#11651 = VECTOR('',#11652,1.);
#11652 = DIRECTION('',(-0.533166241671,0.,0.846010495645));
#11653 = PCURVE('',#545,#11654);
#11654 = DEFINITIONAL_REPRESENTATION('',(#11655),#11659);
#11655 = LINE('',#11656,#11657);
#11656 = CARTESIAN_POINT('',(0.,0.));
#11657 = VECTOR('',#11658,1.);
#11658 = DIRECTION('',(1.,0.));
#11659 = ( GEOMETRIC_REPRESENTATION_CONTEXT(2) 
PARAMETRIC_REPRESENTATION_CONTEXT() REPRESENTATION_CONTEXT('2D SPACE',''
  ) );
#11660 = PCURVE('',#126,#11661);
#11661 = DEFINITIONAL_REPRESENTATION('',(#11662),#11666);
#11662 = LINE('',#11663,#11664);
#11663 = CARTESIAN_POINT('',(-7.930443495403,13.735931060593));
#11664 = VECTOR('',#11665,1.);
#11665 = DIRECTION('',(-0.846010495645,-0.533166241671));
#11666 = ( GEOMETRIC_REPRESENTATION_CONTEXT(2) 
PARAMETRIC_REPRESENTATION_CONTEXT() REPRESENTATION_CONTEXT('2D SPACE',''
  ) );
#11667 = ADVANCED_FACE('',(#11668),#517,.T.);
#11668 = FACE_BOUND('',#11669,.T.);
#11669 = EDGE_LOOP('',(#11670,#11693,#11694,#11695));
#11670 = ORIENTED_EDGE('',*,*,#11671,.T.);
#11671 = EDGE_CURVE('',#11672,#474,#11674,.T.);
#11672 = VERTEX_POINT('',#11673);
#11673 = CARTESIAN_POINT('',(94.308557757565,401.,342.04345753501));
#11674 = SURFACE_CURVE('',#11675,(#11679,#11686),.PCURVE_S1.);
#11675 = LINE('',#11676,#11677);
#11676 = CARTESIAN_POINT('',(94.308557757565,401.,342.04345753501));
#11677 = VECTOR('',#11678,1.);
#11678 = DIRECTION('',(0.,1.,0.));
#11679 = PCURVE('',#517,#11680);
#11680 = DEFINITIONAL_REPRESENTATION('',(#11681),#11685);
#11681 = LINE('',#11682,#11683);
#11682 = CARTESIAN_POINT('',(0.,0.));
#11683 = VECTOR('',#11684,1.);
#11684 = DIRECTION('',(0.,-1.));
#11685 = ( GEOMETRIC_REPRESENTATION_CONTEXT(2) 
PARAMETRIC_REPRESENTATION_CONTEXT() REPRESENTATION_CONTEXT('2D SPACE',''
  ) );
#11686 = PCURVE('',#489,#11687);
#11687 = DEFINITIONAL_REPRESENTATION('',(#11688),#11692);
#11688 = LINE('',#11689,#11690);
#11689 = CARTESIAN_POINT('',(1.228592614404,0.));
#11690 = VECTOR('',#11691,1.);
#11691 = DIRECTION('',(0.,-1.));
#11692 = ( GEOMETRIC_REPRESENTATION_CONTEXT(2) 
PARAMETRIC_REPRESENTATION_CONTEXT() REPRESENTATION_CONTEXT('2D SPACE',''
  ) );
#11693 = ORIENTED_EDGE('',*,*,#501,.T.);
#11694 = ORIENTED_EDGE('',*,*,#11622,.F.);
#11695 = ORIENTED_EDGE('',*,*,#11696,.F.);
#11696 = EDGE_CURVE('',#11672,#11623,#11697,.T.);
#11697 = SURFACE_CURVE('',#11698,(#11702,#11709),.PCURVE_S1.);
#11698 = LINE('',#11699,#11700);
#11699 = CARTESIAN_POINT('',(94.308557757565,401.,342.04345753501));
#11700 = VECTOR('',#11701,1.);
#11701 = DIRECTION('',(-0.466083460261,0.,0.88474075755));
#11702 = PCURVE('',#517,#11703);
#11703 = DEFINITIONAL_REPRESENTATION('',(#11704),#11708);
#11704 = LINE('',#11705,#11706);
#11705 = CARTESIAN_POINT('',(0.,0.));
#11706 = VECTOR('',#11707,1.);
#11707 = DIRECTION('',(1.,0.));
#11708 = ( GEOMETRIC_REPRESENTATION_CONTEXT(2) 
PARAMETRIC_REPRESENTATION_CONTEXT() REPRESENTATION_CONTEXT('2D SPACE',''
  ) );
#11709 = PCURVE('',#126,#11710);
#11710 = DEFINITIONAL_REPRESENTATION('',(#11711),#11715);
#11711 = LINE('',#11712,#11713);
#11712 = CARTESIAN_POINT('',(-6.843457535015,14.308557757565));
#11713 = VECTOR('',#11714,1.);
#11714 = DIRECTION('',(-0.88474075755,-0.466083460261));
#11715 = ( GEOMETRIC_REPRESENTATION_CONTEXT(2) 
PARAMETRIC_REPRESENTATION_CONTEXT() REPRESENTATION_CONTEXT('2D SPACE',''
  ) );
#11716 = ADVANCED_FACE('',(#11717),#489,.T.);
#11717 = FACE_BOUND('',#11718,.T.);
#11718 = EDGE_LOOP('',(#11719,#11742,#11743,#11744));
#11719 = ORIENTED_EDGE('',*,*,#11720,.T.);
#11720 = EDGE_CURVE('',#11721,#446,#11723,.T.);
#11721 = VERTEX_POINT('',#11722);
#11722 = CARTESIAN_POINT('',(94.795331208547,401.,340.91540992095));
#11723 = SURFACE_CURVE('',#11724,(#11728,#11735),.PCURVE_S1.);
#11724 = LINE('',#11725,#11726);
#11725 = CARTESIAN_POINT('',(94.795331208547,401.,340.91540992095));
#11726 = VECTOR('',#11727,1.);
#11727 = DIRECTION('',(0.,1.,0.));
#11728 = PCURVE('',#489,#11729);
#11729 = DEFINITIONAL_REPRESENTATION('',(#11730),#11734);
#11730 = LINE('',#11731,#11732);
#11731 = CARTESIAN_POINT('',(0.,0.));
#11732 = VECTOR('',#11733,1.);
#11733 = DIRECTION('',(0.,-1.));
#11734 = ( GEOMETRIC_REPRESENTATION_CONTEXT(2) 
PARAMETRIC_REPRESENTATION_CONTEXT() REPRESENTATION_CONTEXT('2D SPACE',''
  ) );
#11735 = PCURVE('',#461,#11736);
#11736 = DEFINITIONAL_REPRESENTATION('',(#11737),#11741);
#11737 = LINE('',#11738,#11739);
#11738 = CARTESIAN_POINT('',(4.809631818338,0.));
#11739 = VECTOR('',#11740,1.);
#11740 = DIRECTION('',(0.,-1.));
#11741 = ( GEOMETRIC_REPRESENTATION_CONTEXT(2) 
PARAMETRIC_REPRESENTATION_CONTEXT() REPRESENTATION_CONTEXT('2D SPACE',''
  ) );
#11742 = ORIENTED_EDGE('',*,*,#473,.T.);
#11743 = ORIENTED_EDGE('',*,*,#11671,.F.);
#11744 = ORIENTED_EDGE('',*,*,#11745,.F.);
#11745 = EDGE_CURVE('',#11721,#11672,#11746,.T.);
#11746 = SURFACE_CURVE('',#11747,(#11751,#11758),.PCURVE_S1.);
#11747 = LINE('',#11748,#11749);
#11748 = CARTESIAN_POINT('',(94.795331208547,401.,340.91540992095));
#11749 = VECTOR('',#11750,1.);
#11750 = DIRECTION('',(-0.396204116217,0.,0.918162457462));
#11751 = PCURVE('',#489,#11752);
#11752 = DEFINITIONAL_REPRESENTATION('',(#11753),#11757);
#11753 = LINE('',#11754,#11755);
#11754 = CARTESIAN_POINT('',(0.,0.));
#11755 = VECTOR('',#11756,1.);
#11756 = DIRECTION('',(1.,0.));
#11757 = ( GEOMETRIC_REPRESENTATION_CONTEXT(2) 
PARAMETRIC_REPRESENTATION_CONTEXT() REPRESENTATION_CONTEXT('2D SPACE',''
  ) );
#11758 = PCURVE('',#126,#11759);
#11759 = DEFINITIONAL_REPRESENTATION('',(#11760),#11764);
#11760 = LINE('',#11761,#11762);
#11761 = CARTESIAN_POINT('',(-5.715409920955,14.795331208547));
#11762 = VECTOR('',#11763,1.);
#11763 = DIRECTION('',(-0.918162457462,-0.396204116217));
#11764 = ( GEOMETRIC_REPRESENTATION_CONTEXT(2) 
PARAMETRIC_REPRESENTATION_CONTEXT() REPRESENTATION_CONTEXT('2D SPACE',''
  ) );
#11765 = ADVANCED_FACE('',(#11766),#461,.T.);
#11766 = FACE_BOUND('',#11767,.T.);
#11767 = EDGE_LOOP('',(#11768,#11791,#11792,#11793));
#11768 = ORIENTED_EDGE('',*,*,#11769,.T.);
#11769 = EDGE_CURVE('',#11770,#418,#11772,.T.);
#11770 = VERTEX_POINT('',#11771);
#11771 = CARTESIAN_POINT('',(98.982741464351,401.,343.28145167408));
#11772 = SURFACE_CURVE('',#11773,(#11777,#11784),.PCURVE_S1.);
#11773 = LINE('',#11774,#11775);
#11774 = CARTESIAN_POINT('',(98.982741464351,401.,343.28145167408));
#11775 = VECTOR('',#11776,1.);
#11776 = DIRECTION('',(0.,1.,0.));
#11777 = PCURVE('',#461,#11778);
#11778 = DEFINITIONAL_REPRESENTATION('',(#11779),#11783);
#11779 = LINE('',#11780,#11781);
#11780 = CARTESIAN_POINT('',(0.,0.));
#11781 = VECTOR('',#11782,1.);
#11782 = DIRECTION('',(0.,-1.));
#11783 = ( GEOMETRIC_REPRESENTATION_CONTEXT(2) 
PARAMETRIC_REPRESENTATION_CONTEXT() REPRESENTATION_CONTEXT('2D SPACE',''
  ) );
#11784 = PCURVE('',#433,#11785);
#11785 = DEFINITIONAL_REPRESENTATION('',(#11786),#11790);
#11786 = LINE('',#11787,#11788);
#11787 = CARTESIAN_POINT('',(0.900142887903,0.));
#11788 = VECTOR('',#11789,1.);
#11789 = DIRECTION('',(0.,-1.));
#11790 = ( GEOMETRIC_REPRESENTATION_CONTEXT(2) 
PARAMETRIC_REPRESENTATION_CONTEXT() REPRESENTATION_CONTEXT('2D SPACE',''
  ) );
#11791 = ORIENTED_EDGE('',*,*,#445,.T.);
#11792 = ORIENTED_EDGE('',*,*,#11720,.F.);
#11793 = ORIENTED_EDGE('',*,*,#11794,.F.);
#11794 = EDGE_CURVE('',#11770,#11721,#11795,.T.);
#11795 = SURFACE_CURVE('',#11796,(#11800,#11807),.PCURVE_S1.);
#11796 = LINE('',#11797,#11798);
#11797 = CARTESIAN_POINT('',(98.982741464351,401.,343.28145167408));
#11798 = VECTOR('',#11799,1.);
#11799 = DIRECTION('',(-0.870630105165,0.,-0.49193822781));
#11800 = PCURVE('',#461,#11801);
#11801 = DEFINITIONAL_REPRESENTATION('',(#11802),#11806);
#11802 = LINE('',#11803,#11804);
#11803 = CARTESIAN_POINT('',(0.,0.));
#11804 = VECTOR('',#11805,1.);
#11805 = DIRECTION('',(1.,0.));
#11806 = ( GEOMETRIC_REPRESENTATION_CONTEXT(2) 
PARAMETRIC_REPRESENTATION_CONTEXT() REPRESENTATION_CONTEXT('2D SPACE',''
  ) );
#11807 = PCURVE('',#126,#11808);
#11808 = DEFINITIONAL_REPRESENTATION('',(#11809),#11813);
#11809 = LINE('',#11810,#11811);
#11810 = CARTESIAN_POINT('',(-8.081451674085,18.982741464351));
#11811 = VECTOR('',#11812,1.);
#11812 = DIRECTION('',(0.49193822781,-0.870630105165));
#11813 = ( GEOMETRIC_REPRESENTATION_CONTEXT(2) 
PARAMETRIC_REPRESENTATION_CONTEXT() REPRESENTATION_CONTEXT('2D SPACE',''
  ) );
#11814 = ADVANCED_FACE('',(#11815),#433,.T.);
#11815 = FACE_BOUND('',#11816,.T.);
#11816 = EDGE_LOOP('',(#11817,#11840,#11841,#11842));
#11817 = ORIENTED_EDGE('',*,*,#11818,.T.);
#11818 = EDGE_CURVE('',#11819,#390,#11821,.T.);
#11819 = VERTEX_POINT('',#11820);
#11820 = CARTESIAN_POINT('',(99.317182071755,401.,342.4457443696));
#11821 = SURFACE_CURVE('',#11822,(#11826,#11833),.PCURVE_S1.);
#11822 = LINE('',#11823,#11824);
#11823 = CARTESIAN_POINT('',(99.317182071755,401.,342.4457443696));
#11824 = VECTOR('',#11825,1.);
#11825 = DIRECTION('',(0.,1.,0.));
#11826 = PCURVE('',#433,#11827);
#11827 = DEFINITIONAL_REPRESENTATION('',(#11828),#11832);
#11828 = LINE('',#11829,#11830);
#11829 = CARTESIAN_POINT('',(0.,0.));
#11830 = VECTOR('',#11831,1.);
#11831 = DIRECTION('',(0.,-1.));
#11832 = ( GEOMETRIC_REPRESENTATION_CONTEXT(2) 
PARAMETRIC_REPRESENTATION_CONTEXT() REPRESENTATION_CONTEXT('2D SPACE',''
  ) );
#11833 = PCURVE('',#405,#11834);
#11834 = DEFINITIONAL_REPRESENTATION('',(#11835),#11839);
#11835 = LINE('',#11836,#11837);
#11836 = CARTESIAN_POINT('',(0.900142887903,0.));
#11837 = VECTOR('',#11838,1.);
#11838 = DIRECTION('',(0.,-1.));
#11839 = ( GEOMETRIC_REPRESENTATION_CONTEXT(2) 
PARAMETRIC_REPRESENTATION_CONTEXT() REPRESENTATION_CONTEXT('2D SPACE',''
  ) );
#11840 = ORIENTED_EDGE('',*,*,#417,.T.);
#11841 = ORIENTED_EDGE('',*,*,#11769,.F.);
#11842 = ORIENTED_EDGE('',*,*,#11843,.F.);
#11843 = EDGE_CURVE('',#11819,#11770,#11844,.T.);
#11844 = SURFACE_CURVE('',#11845,(#11849,#11856),.PCURVE_S1.);
#11845 = LINE('',#11846,#11847);
#11846 = CARTESIAN_POINT('',(99.317182071755,401.,342.4457443696));
#11847 = VECTOR('',#11848,1.);
#11848 = DIRECTION('',(-0.371541687323,0.,0.928416272251));
#11849 = PCURVE('',#433,#11850);
#11850 = DEFINITIONAL_REPRESENTATION('',(#11851),#11855);
#11851 = LINE('',#11852,#11853);
#11852 = CARTESIAN_POINT('',(0.,0.));
#11853 = VECTOR('',#11854,1.);
#11854 = DIRECTION('',(1.,0.));
#11855 = ( GEOMETRIC_REPRESENTATION_CONTEXT(2) 
PARAMETRIC_REPRESENTATION_CONTEXT() REPRESENTATION_CONTEXT('2D SPACE',''
  ) );
#11856 = PCURVE('',#126,#11857);
#11857 = DEFINITIONAL_REPRESENTATION('',(#11858),#11862);
#11858 = LINE('',#11859,#11860);
#11859 = CARTESIAN_POINT('',(-7.245744369604,19.317182071755));
#11860 = VECTOR('',#11861,1.);
#11861 = DIRECTION('',(-0.928416272251,-0.371541687323));
#11862 = ( GEOMETRIC_REPRESENTATION_CONTEXT(2) 
PARAMETRIC_REPRESENTATION_CONTEXT() REPRESENTATION_CONTEXT('2D SPACE',''
  ) );
#11863 = ADVANCED_FACE('',(#11864),#405,.T.);
#11864 = FACE_BOUND('',#11865,.T.);
#11865 = EDGE_LOOP('',(#11866,#11889,#11890,#11891));
#11866 = ORIENTED_EDGE('',*,*,#11867,.T.);
#11867 = EDGE_CURVE('',#11868,#362,#11870,.T.);
#11868 = VERTEX_POINT('',#11869);
#11869 = CARTESIAN_POINT('',(99.614851325167,401.,341.59624437889));
#11870 = SURFACE_CURVE('',#11871,(#11875,#11882),.PCURVE_S1.);
#11871 = LINE('',#11872,#11873);
#11872 = CARTESIAN_POINT('',(99.614851325167,401.,341.59624437889));
#11873 = VECTOR('',#11874,1.);
#11874 = DIRECTION('',(0.,1.,0.));
#11875 = PCURVE('',#405,#11876);
#11876 = DEFINITIONAL_REPRESENTATION('',(#11877),#11881);
#11877 = LINE('',#11878,#11879);
#11878 = CARTESIAN_POINT('',(0.,0.));
#11879 = VECTOR('',#11880,1.);
#11880 = DIRECTION('',(0.,-1.));
#11881 = ( GEOMETRIC_REPRESENTATION_CONTEXT(2) 
PARAMETRIC_REPRESENTATION_CONTEXT() REPRESENTATION_CONTEXT('2D SPACE',''
  ) );
#11882 = PCURVE('',#377,#11883);
#11883 = DEFINITIONAL_REPRESENTATION('',(#11884),#11888);
#11884 = LINE('',#11885,#11886);
#11885 = CARTESIAN_POINT('',(0.900142887903,0.));
#11886 = VECTOR('',#11887,1.);
#11887 = DIRECTION('',(0.,-1.));
#11888 = ( GEOMETRIC_REPRESENTATION_CONTEXT(2) 
PARAMETRIC_REPRESENTATION_CONTEXT() REPRESENTATION_CONTEXT('2D SPACE',''
  ) );
#11889 = ORIENTED_EDGE('',*,*,#389,.T.);
#11890 = ORIENTED_EDGE('',*,*,#11818,.F.);
#11891 = ORIENTED_EDGE('',*,*,#11892,.F.);
#11892 = EDGE_CURVE('',#11868,#11819,#11893,.T.);
#11893 = SURFACE_CURVE('',#11894,(#11898,#11905),.PCURVE_S1.);
#11894 = LINE('',#11895,#11896);
#11895 = CARTESIAN_POINT('',(99.614851325167,401.,341.59624437889));
#11896 = VECTOR('',#11897,1.);
#11897 = DIRECTION('',(-0.330691112948,0.,0.943739046462));
#11898 = PCURVE('',#405,#11899);
#11899 = DEFINITIONAL_REPRESENTATION('',(#11900),#11904);
#11900 = LINE('',#11901,#11902);
#11901 = CARTESIAN_POINT('',(0.,0.));
#11902 = VECTOR('',#11903,1.);
#11903 = DIRECTION('',(1.,0.));
#11904 = ( GEOMETRIC_REPRESENTATION_CONTEXT(2) 
PARAMETRIC_REPRESENTATION_CONTEXT() REPRESENTATION_CONTEXT('2D SPACE',''
  ) );
#11905 = PCURVE('',#126,#11906);
#11906 = DEFINITIONAL_REPRESENTATION('',(#11907),#11911);
#11907 = LINE('',#11908,#11909);
#11908 = CARTESIAN_POINT('',(-6.396244378896,19.614851325167));
#11909 = VECTOR('',#11910,1.);
#11910 = DIRECTION('',(-0.943739046462,-0.330691112948));
#11911 = ( GEOMETRIC_REPRESENTATION_CONTEXT(2) 
PARAMETRIC_REPRESENTATION_CONTEXT() REPRESENTATION_CONTEXT('2D SPACE',''
  ) );
#11912 = ADVANCED_FACE('',(#11913),#377,.T.);
#11913 = FACE_BOUND('',#11914,.T.);
#11914 = EDGE_LOOP('',(#11915,#11938,#11939,#11940));
#11915 = ORIENTED_EDGE('',*,*,#11916,.T.);
#11916 = EDGE_CURVE('',#11917,#334,#11919,.T.);
#11917 = VERTEX_POINT('',#11918);
#11918 = CARTESIAN_POINT('',(99.875182594247,401.,340.73456877347));
#11919 = SURFACE_CURVE('',#11920,(#11924,#11931),.PCURVE_S1.);
#11920 = LINE('',#11921,#11922);
#11921 = CARTESIAN_POINT('',(99.875182594247,401.,340.73456877347));
#11922 = VECTOR('',#11923,1.);
#11923 = DIRECTION('',(0.,1.,0.));
#11924 = PCURVE('',#377,#11925);
#11925 = DEFINITIONAL_REPRESENTATION('',(#11926),#11930);
#11926 = LINE('',#11927,#11928);
#11927 = CARTESIAN_POINT('',(0.,0.));
#11928 = VECTOR('',#11929,1.);
#11929 = DIRECTION('',(0.,-1.));
#11930 = ( GEOMETRIC_REPRESENTATION_CONTEXT(2) 
PARAMETRIC_REPRESENTATION_CONTEXT() REPRESENTATION_CONTEXT('2D SPACE',''
  ) );
#11931 = PCURVE('',#349,#11932);
#11932 = DEFINITIONAL_REPRESENTATION('',(#11933),#11937);
#11933 = LINE('',#11934,#11935);
#11934 = CARTESIAN_POINT('',(0.900142887903,0.));
#11935 = VECTOR('',#11936,1.);
#11936 = DIRECTION('',(0.,-1.));
#11937 = ( GEOMETRIC_REPRESENTATION_CONTEXT(2) 
PARAMETRIC_REPRESENTATION_CONTEXT() REPRESENTATION_CONTEXT('2D SPACE',''
  ) );
#11938 = ORIENTED_EDGE('',*,*,#361,.T.);
#11939 = ORIENTED_EDGE('',*,*,#11867,.F.);
#11940 = ORIENTED_EDGE('',*,*,#11941,.F.);
#11941 = EDGE_CURVE('',#11917,#11868,#11942,.T.);
#11942 = SURFACE_CURVE('',#11943,(#11947,#11954),.PCURVE_S1.);
#11943 = LINE('',#11944,#11945);
#11944 = CARTESIAN_POINT('',(99.875182594247,401.,340.73456877347));
#11945 = VECTOR('',#11946,1.);
#11946 = DIRECTION('',(-0.289211049244,0.,0.957265359759));
#11947 = PCURVE('',#377,#11948);
#11948 = DEFINITIONAL_REPRESENTATION('',(#11949),#11953);
#11949 = LINE('',#11950,#11951);
#11950 = CARTESIAN_POINT('',(0.,0.));
#11951 = VECTOR('',#11952,1.);
#11952 = DIRECTION('',(1.,0.));
#11953 = ( GEOMETRIC_REPRESENTATION_CONTEXT(2) 
PARAMETRIC_REPRESENTATION_CONTEXT() REPRESENTATION_CONTEXT('2D SPACE',''
  ) );
#11954 = PCURVE('',#126,#11955);
#11955 = DEFINITIONAL_REPRESENTATION('',(#11956),#11960);
#11956 = LINE('',#11957,#11958);
#11957 = CARTESIAN_POINT('',(-5.534568773473,19.875182594247));
#11958 = VECTOR('',#11959,1.);
#11959 = DIRECTION('',(-0.957265359759,-0.289211049244));
#11960 = ( GEOMETRIC_REPRESENTATION_CONTEXT(2) 
PARAMETRIC_REPRESENTATION_CONTEXT() REPRESENTATION_CONTEXT('2D SPACE',''
  ) );
#11961 = ADVANCED_FACE('',(#11962),#349,.T.);
#11962 = FACE_BOUND('',#11963,.T.);
#11963 = EDGE_LOOP('',(#11964,#11987,#11988,#11989));
#11964 = ORIENTED_EDGE('',*,*,#11965,.T.);
#11965 = EDGE_CURVE('',#11966,#306,#11968,.T.);
#11966 = VERTEX_POINT('',#11967);
#11967 = CARTESIAN_POINT('',(100.09768032362,401.,339.86235780182));
#11968 = SURFACE_CURVE('',#11969,(#11973,#11980),.PCURVE_S1.);
#11969 = LINE('',#11970,#11971);
#11970 = CARTESIAN_POINT('',(100.09768032362,401.,339.86235780182));
#11971 = VECTOR('',#11972,1.);
#11972 = DIRECTION('',(0.,1.,0.));
#11973 = PCURVE('',#349,#11974);
#11974 = DEFINITIONAL_REPRESENTATION('',(#11975),#11979);
#11975 = LINE('',#11976,#11977);
#11976 = CARTESIAN_POINT('',(0.,0.));
#11977 = VECTOR('',#11978,1.);
#11978 = DIRECTION('',(0.,-1.));
#11979 = ( GEOMETRIC_REPRESENTATION_CONTEXT(2) 
PARAMETRIC_REPRESENTATION_CONTEXT() REPRESENTATION_CONTEXT('2D SPACE',''
  ) );
#11980 = PCURVE('',#321,#11981);
#11981 = DEFINITIONAL_REPRESENTATION('',(#11982),#11986);
#11982 = LINE('',#11983,#11984);
#11983 = CARTESIAN_POINT('',(1.569764844889,0.));
#11984 = VECTOR('',#11985,1.);
#11985 = DIRECTION('',(0.,-1.));
#11986 = ( GEOMETRIC_REPRESENTATION_CONTEXT(2) 
PARAMETRIC_REPRESENTATION_CONTEXT() REPRESENTATION_CONTEXT('2D SPACE',''
  ) );
#11987 = ORIENTED_EDGE('',*,*,#333,.T.);
#11988 = ORIENTED_EDGE('',*,*,#11916,.F.);
#11989 = ORIENTED_EDGE('',*,*,#11990,.F.);
#11990 = EDGE_CURVE('',#11966,#11917,#11991,.T.);
#11991 = SURFACE_CURVE('',#11992,(#11996,#12003),.PCURVE_S1.);
#11992 = LINE('',#11993,#11994);
#11993 = CARTESIAN_POINT('',(100.09768032362,401.,339.86235780182));
#11994 = VECTOR('',#11995,1.);
#11995 = DIRECTION('',(-0.24718045587,0.,0.968969464037));
#11996 = PCURVE('',#349,#11997);
#11997 = DEFINITIONAL_REPRESENTATION('',(#11998),#12002);
#11998 = LINE('',#11999,#12000);
#11999 = CARTESIAN_POINT('',(0.,0.));
#12000 = VECTOR('',#12001,1.);
#12001 = DIRECTION('',(1.,0.));
#12002 = ( GEOMETRIC_REPRESENTATION_CONTEXT(2) 
PARAMETRIC_REPRESENTATION_CONTEXT() REPRESENTATION_CONTEXT('2D SPACE',''
  ) );
#12003 = PCURVE('',#126,#12004);
#12004 = DEFINITIONAL_REPRESENTATION('',(#12005),#12009);
#12005 = LINE('',#12006,#12007);
#12006 = CARTESIAN_POINT('',(-4.662357801825,20.097680323628));
#12007 = VECTOR('',#12008,1.);
#12008 = DIRECTION('',(-0.968969464037,-0.24718045587));
#12009 = ( GEOMETRIC_REPRESENTATION_CONTEXT(2) 
PARAMETRIC_REPRESENTATION_CONTEXT() REPRESENTATION_CONTEXT('2D SPACE',''
  ) );
#12010 = ADVANCED_FACE('',(#12011),#321,.T.);
#12011 = FACE_BOUND('',#12012,.T.);
#12012 = EDGE_LOOP('',(#12013,#12036,#12037,#12038));
#12013 = ORIENTED_EDGE('',*,*,#12014,.T.);
#12014 = EDGE_CURVE('',#12015,#278,#12017,.T.);
#12015 = VERTEX_POINT('',#12016);
#12016 = CARTESIAN_POINT('',(99.135131258695,401.,338.62233321906));
#12017 = SURFACE_CURVE('',#12018,(#12022,#12029),.PCURVE_S1.);
#12018 = LINE('',#12019,#12020);
#12019 = CARTESIAN_POINT('',(99.135131258695,401.,338.62233321906));
#12020 = VECTOR('',#12021,1.);
#12021 = DIRECTION('',(0.,1.,0.));
#12022 = PCURVE('',#321,#12023);
#12023 = DEFINITIONAL_REPRESENTATION('',(#12024),#12028);
#12024 = LINE('',#12025,#12026);
#12025 = CARTESIAN_POINT('',(0.,0.));
#12026 = VECTOR('',#12027,1.);
#12027 = DIRECTION('',(0.,-1.));
#12028 = ( GEOMETRIC_REPRESENTATION_CONTEXT(2) 
PARAMETRIC_REPRESENTATION_CONTEXT() REPRESENTATION_CONTEXT('2D SPACE',''
  ) );
#12029 = PCURVE('',#293,#12030);
#12030 = DEFINITIONAL_REPRESENTATION('',(#12031),#12035);
#12031 = LINE('',#12032,#12033);
#12032 = CARTESIAN_POINT('',(1.200610506126,0.));
#12033 = VECTOR('',#12034,1.);
#12034 = DIRECTION('',(0.,-1.));
#12035 = ( GEOMETRIC_REPRESENTATION_CONTEXT(2) 
PARAMETRIC_REPRESENTATION_CONTEXT() REPRESENTATION_CONTEXT('2D SPACE',''
  ) );
#12036 = ORIENTED_EDGE('',*,*,#305,.T.);
#12037 = ORIENTED_EDGE('',*,*,#11965,.F.);
#12038 = ORIENTED_EDGE('',*,*,#12039,.F.);
#12039 = EDGE_CURVE('',#12015,#11966,#12040,.T.);
#12040 = SURFACE_CURVE('',#12041,(#12045,#12052),.PCURVE_S1.);
#12041 = LINE('',#12042,#12043);
#12042 = CARTESIAN_POINT('',(99.135131258695,401.,338.62233321906));
#12043 = VECTOR('',#12044,1.);
#12044 = DIRECTION('',(0.613180418753,0.,0.789942892909));
#12045 = PCURVE('',#321,#12046);
#12046 = DEFINITIONAL_REPRESENTATION('',(#12047),#12051);
#12047 = LINE('',#12048,#12049);
#12048 = CARTESIAN_POINT('',(0.,0.));
#12049 = VECTOR('',#12050,1.);
#12050 = DIRECTION('',(1.,0.));
#12051 = ( GEOMETRIC_REPRESENTATION_CONTEXT(2) 
PARAMETRIC_REPRESENTATION_CONTEXT() REPRESENTATION_CONTEXT('2D SPACE',''
  ) );
#12052 = PCURVE('',#126,#12053);
#12053 = DEFINITIONAL_REPRESENTATION('',(#12054),#12058);
#12054 = LINE('',#12055,#12056);
#12055 = CARTESIAN_POINT('',(-3.422333219066,19.135131258695));
#12056 = VECTOR('',#12057,1.);
#12057 = DIRECTION('',(-0.789942892909,0.613180418753));
#12058 = ( GEOMETRIC_REPRESENTATION_CONTEXT(2) 
PARAMETRIC_REPRESENTATION_CONTEXT() REPRESENTATION_CONTEXT('2D SPACE',''
  ) );
#12059 = ADVANCED_FACE('',(#12060),#293,.T.);
#12060 = FACE_BOUND('',#12061,.T.);
#12061 = EDGE_LOOP('',(#12062,#12085,#12086,#12087));
#12062 = ORIENTED_EDGE('',*,*,#12063,.T.);
#12063 = EDGE_CURVE('',#12064,#250,#12066,.T.);
#12064 = VERTEX_POINT('',#12065);
#12065 = CARTESIAN_POINT('',(97.984228348054,401.,338.28044423459));
#12066 = SURFACE_CURVE('',#12067,(#12071,#12078),.PCURVE_S1.);
#12067 = LINE('',#12068,#12069);
#12068 = CARTESIAN_POINT('',(97.984228348054,401.,338.28044423459));
#12069 = VECTOR('',#12070,1.);
#12070 = DIRECTION('',(0.,1.,0.));
#12071 = PCURVE('',#293,#12072);
#12072 = DEFINITIONAL_REPRESENTATION('',(#12073),#12077);
#12073 = LINE('',#12074,#12075);
#12074 = CARTESIAN_POINT('',(0.,0.));
#12075 = VECTOR('',#12076,1.);
#12076 = DIRECTION('',(0.,-1.));
#12077 = ( GEOMETRIC_REPRESENTATION_CONTEXT(2) 
PARAMETRIC_REPRESENTATION_CONTEXT() REPRESENTATION_CONTEXT('2D SPACE',''
  ) );
#12078 = PCURVE('',#265,#12079);
#12079 = DEFINITIONAL_REPRESENTATION('',(#12080),#12084);
#12080 = LINE('',#12081,#12082);
#12081 = CARTESIAN_POINT('',(1.199633649912,0.));
#12082 = VECTOR('',#12083,1.);
#12083 = DIRECTION('',(0.,-1.));
#12084 = ( GEOMETRIC_REPRESENTATION_CONTEXT(2) 
PARAMETRIC_REPRESENTATION_CONTEXT() REPRESENTATION_CONTEXT('2D SPACE',''
  ) );
#12085 = ORIENTED_EDGE('',*,*,#277,.T.);
#12086 = ORIENTED_EDGE('',*,*,#12014,.F.);
#12087 = ORIENTED_EDGE('',*,*,#12088,.F.);
#12088 = EDGE_CURVE('',#12064,#12015,#12089,.T.);
#12089 = SURFACE_CURVE('',#12090,(#12094,#12101),.PCURVE_S1.);
#12090 = LINE('',#12091,#12092);
#12091 = CARTESIAN_POINT('',(97.984228348054,401.,338.28044423459));
#12092 = VECTOR('',#12093,1.);
#12093 = DIRECTION('',(0.958598067206,0.,0.284762612623));
#12094 = PCURVE('',#293,#12095);
#12095 = DEFINITIONAL_REPRESENTATION('',(#12096),#12100);
#12096 = LINE('',#12097,#12098);
#12097 = CARTESIAN_POINT('',(0.,0.));
#12098 = VECTOR('',#12099,1.);
#12099 = DIRECTION('',(1.,0.));
#12100 = ( GEOMETRIC_REPRESENTATION_CONTEXT(2) 
PARAMETRIC_REPRESENTATION_CONTEXT() REPRESENTATION_CONTEXT('2D SPACE',''
  ) );
#12101 = PCURVE('',#126,#12102);
#12102 = DEFINITIONAL_REPRESENTATION('',(#12103),#12107);
#12103 = LINE('',#12104,#12105);
#12104 = CARTESIAN_POINT('',(-3.080444234599,17.984228348054));
#12105 = VECTOR('',#12106,1.);
#12106 = DIRECTION('',(-0.284762612623,0.958598067206));
#12107 = ( GEOMETRIC_REPRESENTATION_CONTEXT(2) 
PARAMETRIC_REPRESENTATION_CONTEXT() REPRESENTATION_CONTEXT('2D SPACE',''
  ) );
#12108 = ADVANCED_FACE('',(#12109),#265,.T.);
#12109 = FACE_BOUND('',#12110,.T.);
#12110 = EDGE_LOOP('',(#12111,#12134,#12135,#12136));
#12111 = ORIENTED_EDGE('',*,*,#12112,.T.);
#12112 = EDGE_CURVE('',#12113,#222,#12115,.T.);
#12113 = VERTEX_POINT('',#12114);
#12114 = CARTESIAN_POINT('',(96.829400825898,401.,337.95564539212));
#12115 = SURFACE_CURVE('',#12116,(#12120,#12127),.PCURVE_S1.);
#12116 = LINE('',#12117,#12118);
#12117 = CARTESIAN_POINT('',(96.829400825898,401.,337.95564539212));
#12118 = VECTOR('',#12119,1.);
#12119 = DIRECTION('',(0.,1.,0.));
#12120 = PCURVE('',#265,#12121);
#12121 = DEFINITIONAL_REPRESENTATION('',(#12122),#12126);
#12122 = LINE('',#12123,#12124);
#12123 = CARTESIAN_POINT('',(0.,0.));
#12124 = VECTOR('',#12125,1.);
#12125 = DIRECTION('',(0.,-1.));
#12126 = ( GEOMETRIC_REPRESENTATION_CONTEXT(2) 
PARAMETRIC_REPRESENTATION_CONTEXT() REPRESENTATION_CONTEXT('2D SPACE',''
  ) );
#12127 = PCURVE('',#237,#12128);
#12128 = DEFINITIONAL_REPRESENTATION('',(#12129),#12133);
#12129 = LINE('',#12130,#12131);
#12130 = CARTESIAN_POINT('',(1.198719924449,0.));
#12131 = VECTOR('',#12132,1.);
#12132 = DIRECTION('',(0.,-1.));
#12133 = ( GEOMETRIC_REPRESENTATION_CONTEXT(2) 
PARAMETRIC_REPRESENTATION_CONTEXT() REPRESENTATION_CONTEXT('2D SPACE',''
  ) );
#12134 = ORIENTED_EDGE('',*,*,#249,.T.);
#12135 = ORIENTED_EDGE('',*,*,#12063,.F.);
#12136 = ORIENTED_EDGE('',*,*,#12137,.F.);
#12137 = EDGE_CURVE('',#12113,#12064,#12138,.T.);
#12138 = SURFACE_CURVE('',#12139,(#12143,#12150),.PCURVE_S1.);
#12139 = LINE('',#12140,#12141);
#12140 = CARTESIAN_POINT('',(96.829400825898,401.,337.95564539212));
#12141 = VECTOR('',#12142,1.);
#12142 = DIRECTION('',(0.962650157605,0.,0.270748359299));
#12143 = PCURVE('',#265,#12144);
#12144 = DEFINITIONAL_REPRESENTATION('',(#12145),#12149);
#12145 = LINE('',#12146,#12147);
#12146 = CARTESIAN_POINT('',(0.,0.));
#12147 = VECTOR('',#12148,1.);
#12148 = DIRECTION('',(1.,0.));
#12149 = ( GEOMETRIC_REPRESENTATION_CONTEXT(2) 
PARAMETRIC_REPRESENTATION_CONTEXT() REPRESENTATION_CONTEXT('2D SPACE',''
  ) );
#12150 = PCURVE('',#126,#12151);
#12151 = DEFINITIONAL_REPRESENTATION('',(#12152),#12156);
#12152 = LINE('',#12153,#12154);
#12153 = CARTESIAN_POINT('',(-2.755645392125,16.829400825898));
#12154 = VECTOR('',#12155,1.);
#12155 = DIRECTION('',(-0.270748359299,0.962650157605));
#12156 = ( GEOMETRIC_REPRESENTATION_CONTEXT(2) 
PARAMETRIC_REPRESENTATION_CONTEXT() REPRESENTATION_CONTEXT('2D SPACE',''
  ) );
#12157 = ADVANCED_FACE('',(#12158),#237,.T.);
#12158 = FACE_BOUND('',#12159,.T.);
#12159 = EDGE_LOOP('',(#12160,#12183,#12184,#12185));
#12160 = ORIENTED_EDGE('',*,*,#12161,.T.);
#12161 = EDGE_CURVE('',#12162,#194,#12164,.T.);
#12162 = VERTEX_POINT('',#12163);
#12163 = CARTESIAN_POINT('',(95.670837644484,401.,337.64797541968));
#12164 = SURFACE_CURVE('',#12165,(#12169,#12176),.PCURVE_S1.);
#12165 = LINE('',#12166,#12167);
#12166 = CARTESIAN_POINT('',(95.670837644484,401.,337.64797541968));
#12167 = VECTOR('',#12168,1.);
#12168 = DIRECTION('',(0.,1.,0.));
#12169 = PCURVE('',#237,#12170);
#12170 = DEFINITIONAL_REPRESENTATION('',(#12171),#12175);
#12171 = LINE('',#12172,#12173);
#12172 = CARTESIAN_POINT('',(0.,0.));
#12173 = VECTOR('',#12174,1.);
#12174 = DIRECTION('',(0.,-1.));
#12175 = ( GEOMETRIC_REPRESENTATION_CONTEXT(2) 
PARAMETRIC_REPRESENTATION_CONTEXT() REPRESENTATION_CONTEXT('2D SPACE',''
  ) );
#12176 = PCURVE('',#209,#12177);
#12177 = DEFINITIONAL_REPRESENTATION('',(#12178),#12182);
#12178 = LINE('',#12179,#12180);
#12179 = CARTESIAN_POINT('',(1.228592614404,0.));
#12180 = VECTOR('',#12181,1.);
#12181 = DIRECTION('',(0.,-1.));
#12182 = ( GEOMETRIC_REPRESENTATION_CONTEXT(2) 
PARAMETRIC_REPRESENTATION_CONTEXT() REPRESENTATION_CONTEXT('2D SPACE',''
  ) );
#12183 = ORIENTED_EDGE('',*,*,#221,.T.);
#12184 = ORIENTED_EDGE('',*,*,#12112,.F.);
#12185 = ORIENTED_EDGE('',*,*,#12186,.F.);
#12186 = EDGE_CURVE('',#12162,#12113,#12187,.T.);
#12187 = SURFACE_CURVE('',#12188,(#12192,#12199),.PCURVE_S1.);
#12188 = LINE('',#12189,#12190);
#12189 = CARTESIAN_POINT('',(95.670837644484,401.,337.64797541968));
#12190 = VECTOR('',#12191,1.);
#12191 = DIRECTION('',(0.966500312362,0.,0.256665436325));
#12192 = PCURVE('',#237,#12193);
#12193 = DEFINITIONAL_REPRESENTATION('',(#12194),#12198);
#12194 = LINE('',#12195,#12196);
#12195 = CARTESIAN_POINT('',(0.,0.));
#12196 = VECTOR('',#12197,1.);
#12197 = DIRECTION('',(1.,0.));
#12198 = ( GEOMETRIC_REPRESENTATION_CONTEXT(2) 
PARAMETRIC_REPRESENTATION_CONTEXT() REPRESENTATION_CONTEXT('2D SPACE',''
  ) );
#12199 = PCURVE('',#126,#12200);
#12200 = DEFINITIONAL_REPRESENTATION('',(#12201),#12205);
#12201 = LINE('',#12202,#12203);
#12202 = CARTESIAN_POINT('',(-2.447975419685,15.670837644484));
#12203 = VECTOR('',#12204,1.);
#12204 = DIRECTION('',(-0.256665436325,0.966500312362));
#12205 = ( GEOMETRIC_REPRESENTATION_CONTEXT(2) 
PARAMETRIC_REPRESENTATION_CONTEXT() REPRESENTATION_CONTEXT('2D SPACE',''
  ) );
#12206 = ADVANCED_FACE('',(#12207),#209,.T.);
#12207 = FACE_BOUND('',#12208,.T.);
#12208 = EDGE_LOOP('',(#12209,#12232,#12233,#12234));
#12209 = ORIENTED_EDGE('',*,*,#12210,.T.);
#12210 = EDGE_CURVE('',#12211,#166,#12213,.T.);
#12211 = VERTEX_POINT('',#12212);
#12212 = CARTESIAN_POINT('',(95.813303277076,401.,336.42767080374));
#12213 = SURFACE_CURVE('',#12214,(#12218,#12225),.PCURVE_S1.);
#12214 = LINE('',#12215,#12216);
#12215 = CARTESIAN_POINT('',(95.813303277076,401.,336.42767080374));
#12216 = VECTOR('',#12217,1.);
#12217 = DIRECTION('',(0.,1.,0.));
#12218 = PCURVE('',#209,#12219);
#12219 = DEFINITIONAL_REPRESENTATION('',(#12220),#12224);
#12220 = LINE('',#12221,#12222);
#12221 = CARTESIAN_POINT('',(0.,0.));
#12222 = VECTOR('',#12223,1.);
#12223 = DIRECTION('',(0.,-1.));
#12224 = ( GEOMETRIC_REPRESENTATION_CONTEXT(2) 
PARAMETRIC_REPRESENTATION_CONTEXT() REPRESENTATION_CONTEXT('2D SPACE',''
  ) );
#12225 = PCURVE('',#181,#12226);
#12226 = DEFINITIONAL_REPRESENTATION('',(#12227),#12231);
#12227 = LINE('',#12228,#12229);
#12228 = CARTESIAN_POINT('',(1.228592614404,0.));
#12229 = VECTOR('',#12230,1.);
#12230 = DIRECTION('',(0.,-1.));
#12231 = ( GEOMETRIC_REPRESENTATION_CONTEXT(2) 
PARAMETRIC_REPRESENTATION_CONTEXT() REPRESENTATION_CONTEXT('2D SPACE',''
  ) );
#12232 = ORIENTED_EDGE('',*,*,#193,.T.);
#12233 = ORIENTED_EDGE('',*,*,#12161,.F.);
#12234 = ORIENTED_EDGE('',*,*,#12235,.F.);
#12235 = EDGE_CURVE('',#12211,#12162,#12236,.T.);
#12236 = SURFACE_CURVE('',#12237,(#12241,#12248),.PCURVE_S1.);
#12237 = LINE('',#12238,#12239);
#12238 = CARTESIAN_POINT('',(95.813303277076,401.,336.42767080374));
#12239 = VECTOR('',#12240,1.);
#12240 = DIRECTION('',(-0.115958399003,0.,0.993254071072));
#12241 = PCURVE('',#209,#12242);
#12242 = DEFINITIONAL_REPRESENTATION('',(#12243),#12247);
#12243 = LINE('',#12244,#12245);
#12244 = CARTESIAN_POINT('',(0.,0.));
#12245 = VECTOR('',#12246,1.);
#12246 = DIRECTION('',(1.,0.));
#12247 = ( GEOMETRIC_REPRESENTATION_CONTEXT(2) 
PARAMETRIC_REPRESENTATION_CONTEXT() REPRESENTATION_CONTEXT('2D SPACE',''
  ) );
#12248 = PCURVE('',#126,#12249);
#12249 = DEFINITIONAL_REPRESENTATION('',(#12250),#12254);
#12250 = LINE('',#12251,#12252);
#12251 = CARTESIAN_POINT('',(-1.22767080374,15.813303277076));
#12252 = VECTOR('',#12253,1.);
#12253 = DIRECTION('',(-0.993254071072,-0.115958399003));
#12254 = ( GEOMETRIC_REPRESENTATION_CONTEXT(2) 
PARAMETRIC_REPRESENTATION_CONTEXT() REPRESENTATION_CONTEXT('2D SPACE',''
  ) );
#12255 = ADVANCED_FACE('',(#12256),#181,.T.);
#12256 = FACE_BOUND('',#12257,.T.);
#12257 = EDGE_LOOP('',(#12258,#12281,#12282,#12283));
#12258 = ORIENTED_EDGE('',*,*,#12259,.T.);
#12259 = EDGE_CURVE('',#12260,#143,#12262,.T.);
#12260 = VERTEX_POINT('',#12261);
#12261 = CARTESIAN_POINT('',(95.860886990807,401.,335.2));
#12262 = SURFACE_CURVE('',#12263,(#12267,#12274),.PCURVE_S1.);
#12263 = LINE('',#12264,#12265);
#12264 = CARTESIAN_POINT('',(95.860886990807,401.,335.2));
#12265 = VECTOR('',#12266,1.);
#12266 = DIRECTION('',(0.,1.,0.));
#12267 = PCURVE('',#181,#12268);
#12268 = DEFINITIONAL_REPRESENTATION('',(#12269),#12273);
#12269 = LINE('',#12270,#12271);
#12270 = CARTESIAN_POINT('',(0.,0.));
#12271 = VECTOR('',#12272,1.);
#12272 = DIRECTION('',(0.,-1.));
#12273 = ( GEOMETRIC_REPRESENTATION_CONTEXT(2) 
PARAMETRIC_REPRESENTATION_CONTEXT() REPRESENTATION_CONTEXT('2D SPACE',''
  ) );
#12274 = PCURVE('',#100,#12275);
#12275 = DEFINITIONAL_REPRESENTATION('',(#12276),#12280);
#12276 = LINE('',#12277,#12278);
#12277 = CARTESIAN_POINT('',(1.228592614404,0.));
#12278 = VECTOR('',#12279,1.);
#12279 = DIRECTION('',(0.,-1.));
#12280 = ( GEOMETRIC_REPRESENTATION_CONTEXT(2) 
PARAMETRIC_REPRESENTATION_CONTEXT() REPRESENTATION_CONTEXT('2D SPACE',''
  ) );
#12281 = ORIENTED_EDGE('',*,*,#165,.T.);
#12282 = ORIENTED_EDGE('',*,*,#12210,.F.);
#12283 = ORIENTED_EDGE('',*,*,#12284,.F.);
#12284 = EDGE_CURVE('',#12260,#12211,#12285,.T.);
#12285 = SURFACE_CURVE('',#12286,(#12290,#12297),.PCURVE_S1.);
#12286 = LINE('',#12287,#12288);
#12287 = CARTESIAN_POINT('',(95.860886990807,401.,335.2));
#12288 = VECTOR('',#12289,1.);
#12289 = DIRECTION('',(-3.873026190514E-02,0.,0.999249701933));
#12290 = PCURVE('',#181,#12291);
#12291 = DEFINITIONAL_REPRESENTATION('',(#12292),#12296);
#12292 = LINE('',#12293,#12294);
#12293 = CARTESIAN_POINT('',(0.,0.));
#12294 = VECTOR('',#12295,1.);
#12295 = DIRECTION('',(1.,0.));
#12296 = ( GEOMETRIC_REPRESENTATION_CONTEXT(2) 
PARAMETRIC_REPRESENTATION_CONTEXT() REPRESENTATION_CONTEXT('2D SPACE',''
  ) );
#12297 = PCURVE('',#126,#12298);
#12298 = DEFINITIONAL_REPRESENTATION('',(#12299),#12303);
#12299 = LINE('',#12300,#12301);
#12300 = CARTESIAN_POINT('',(0.,15.860886990807));
#12301 = VECTOR('',#12302,1.);
#12302 = DIRECTION('',(-0.999249701933,-3.873026190514E-02));
#12303 = ( GEOMETRIC_REPRESENTATION_CONTEXT(2) 
PARAMETRIC_REPRESENTATION_CONTEXT() REPRESENTATION_CONTEXT('2D SPACE',''
  ) );
#12304 = ADVANCED_FACE('',(#12305,#12503),#126,.T.);
#12305 = FACE_BOUND('',#12306,.T.);
#12306 = EDGE_LOOP('',(#12307,#12308,#12329,#12330,#12331,#12332,#12333,
    #12334,#12335,#12336,#12337,#12338,#12339,#12340,#12341,#12342,
    #12343,#12344,#12345,#12346,#12347,#12348,#12349,#12350,#12351,
    #12352,#12353,#12354,#12355,#12356,#12357,#12358,#12359,#12360,
    #12361,#12362,#12363,#12364,#12365,#12366,#12367,#12368,#12369,
    #12370,#12371,#12372,#12373,#12374,#12375,#12376,#12377,#12378,
    #12379,#12380,#12381,#12382,#12383,#12384,#12385,#12386,#12387,
    #12388,#12389,#12390,#12391,#12392,#12393,#12394,#12395,#12396,
    #12397,#12398,#12399,#12400,#12401,#12402,#12403,#12404,#12405,
    #12406,#12407,#12408,#12409,#12410,#12411,#12412,#12413,#12414,
    #12415,#12416,#12417,#12418,#12419,#12420,#12421,#12422,#12423,
    #12424,#12425,#12426,#12427,#12428,#12429,#12430,#12431,#12432,
    #12433,#12434,#12435,#12436,#12437,#12438,#12439,#12440,#12441,
    #12442,#12443,#12444,#12445,#12446,#12447,#12448,#12449,#12450,
    #12451,#12452,#12453,#12454,#12455,#12456,#12457,#12458,#12459,
    #12460,#12461,#12462,#12463,#12464,#12465,#12466,#12467,#12468,
    #12469,#12470,#12471,#12472,#12473,#12474,#12475,#12476,#12477,
    #12478,#12479,#12480,#12481,#12482));
#12307 = ORIENTED_EDGE('',*,*,#112,.T.);
#12308 = ORIENTED_EDGE('',*,*,#12309,.T.);
#12309 = EDGE_CURVE('',#85,#12260,#12310,.T.);
#12310 = SURFACE_CURVE('',#12311,(#12315,#12322),.PCURVE_S1.);
#12311 = LINE('',#12312,#12313);
#12312 = CARTESIAN_POINT('',(95.813303277076,401.,333.97232919626));
#12313 = VECTOR('',#12314,1.);
#12314 = DIRECTION('',(3.873026190514E-02,0.,0.999249701933));
#12315 = PCURVE('',#126,#12316);
#12316 = DEFINITIONAL_REPRESENTATION('',(#12317),#12321);
#12317 = LINE('',#12318,#12319);
#12318 = CARTESIAN_POINT('',(1.22767080374,15.813303277076));
#12319 = VECTOR('',#12320,1.);
#12320 = DIRECTION('',(-0.999249701933,3.873026190514E-02));
#12321 = ( GEOMETRIC_REPRESENTATION_CONTEXT(2) 
PARAMETRIC_REPRESENTATION_CONTEXT() REPRESENTATION_CONTEXT('2D SPACE',''
  ) );
#12322 = PCURVE('',#100,#12323);
#12323 = DEFINITIONAL_REPRESENTATION('',(#12324),#12328);
#12324 = LINE('',#12325,#12326);
#12325 = CARTESIAN_POINT('',(0.,0.));
#12326 = VECTOR('',#12327,1.);
#12327 = DIRECTION('',(1.,0.));
#12328 = ( GEOMETRIC_REPRESENTATION_CONTEXT(2) 
PARAMETRIC_REPRESENTATION_CONTEXT() REPRESENTATION_CONTEXT('2D SPACE',''
  ) );
#12329 = ORIENTED_EDGE('',*,*,#12284,.T.);
#12330 = ORIENTED_EDGE('',*,*,#12235,.T.);
#12331 = ORIENTED_EDGE('',*,*,#12186,.T.);
#12332 = ORIENTED_EDGE('',*,*,#12137,.T.);
#12333 = ORIENTED_EDGE('',*,*,#12088,.T.);
#12334 = ORIENTED_EDGE('',*,*,#12039,.T.);
#12335 = ORIENTED_EDGE('',*,*,#11990,.T.);
#12336 = ORIENTED_EDGE('',*,*,#11941,.T.);
#12337 = ORIENTED_EDGE('',*,*,#11892,.T.);
#12338 = ORIENTED_EDGE('',*,*,#11843,.T.);
#12339 = ORIENTED_EDGE('',*,*,#11794,.T.);
#12340 = ORIENTED_EDGE('',*,*,#11745,.T.);
#12341 = ORIENTED_EDGE('',*,*,#11696,.T.);
#12342 = ORIENTED_EDGE('',*,*,#11647,.T.);
#12343 = ORIENTED_EDGE('',*,*,#11598,.T.);
#12344 = ORIENTED_EDGE('',*,*,#11549,.T.);
#12345 = ORIENTED_EDGE('',*,*,#11500,.T.);
#12346 = ORIENTED_EDGE('',*,*,#11451,.T.);
#12347 = ORIENTED_EDGE('',*,*,#11402,.T.);
#12348 = ORIENTED_EDGE('',*,*,#11353,.T.);
#12349 = ORIENTED_EDGE('',*,*,#11304,.T.);
#12350 = ORIENTED_EDGE('',*,*,#11255,.T.);
#12351 = ORIENTED_EDGE('',*,*,#11206,.T.);
#12352 = ORIENTED_EDGE('',*,*,#11157,.T.);
#12353 = ORIENTED_EDGE('',*,*,#11108,.T.);
#12354 = ORIENTED_EDGE('',*,*,#11059,.T.);
#12355 = ORIENTED_EDGE('',*,*,#11010,.T.);
#12356 = ORIENTED_EDGE('',*,*,#10961,.T.);
#12357 = ORIENTED_EDGE('',*,*,#10912,.T.);
#12358 = ORIENTED_EDGE('',*,*,#10863,.T.);
#12359 = ORIENTED_EDGE('',*,*,#10814,.T.);
#12360 = ORIENTED_EDGE('',*,*,#10765,.T.);
#12361 = ORIENTED_EDGE('',*,*,#10716,.T.);
#12362 = ORIENTED_EDGE('',*,*,#10667,.T.);
#12363 = ORIENTED_EDGE('',*,*,#10618,.T.);
#12364 = ORIENTED_EDGE('',*,*,#10569,.T.);
#12365 = ORIENTED_EDGE('',*,*,#10520,.T.);
#12366 = ORIENTED_EDGE('',*,*,#10471,.T.);
#12367 = ORIENTED_EDGE('',*,*,#10422,.T.);
#12368 = ORIENTED_EDGE('',*,*,#10373,.T.);
#12369 = ORIENTED_EDGE('',*,*,#10324,.T.);
#12370 = ORIENTED_EDGE('',*,*,#10275,.T.);
#12371 = ORIENTED_EDGE('',*,*,#10226,.T.);
#12372 = ORIENTED_EDGE('',*,*,#10177,.T.);
#12373 = ORIENTED_EDGE('',*,*,#10128,.T.);
#12374 = ORIENTED_EDGE('',*,*,#10079,.T.);
#12375 = ORIENTED_EDGE('',*,*,#10030,.T.);
#12376 = ORIENTED_EDGE('',*,*,#9981,.T.);
#12377 = ORIENTED_EDGE('',*,*,#9932,.T.);
#12378 = ORIENTED_EDGE('',*,*,#9883,.T.);
#12379 = ORIENTED_EDGE('',*,*,#9834,.T.);
#12380 = ORIENTED_EDGE('',*,*,#9785,.T.);
#12381 = ORIENTED_EDGE('',*,*,#9736,.T.);
#12382 = ORIENTED_EDGE('',*,*,#9687,.T.);
#12383 = ORIENTED_EDGE('',*,*,#9638,.T.);
#12384 = ORIENTED_EDGE('',*,*,#9589,.T.);
#12385 = ORIENTED_EDGE('',*,*,#9540,.T.);
#12386 = ORIENTED_EDGE('',*,*,#9491,.T.);
#12387 = ORIENTED_EDGE('',*,*,#9442,.T.);
#12388 = ORIENTED_EDGE('',*,*,#9393,.T.);
#12389 = ORIENTED_EDGE('',*,*,#9344,.T.);
#12390 = ORIENTED_EDGE('',*,*,#9295,.T.);
#12391 = ORIENTED_EDGE('',*,*,#9246,.T.);
#12392 = ORIENTED_EDGE('',*,*,#9197,.T.);
#12393 = ORIENTED_EDGE('',*,*,#9148,.T.);
#12394 = ORIENTED_EDGE('',*,*,#9099,.T.);
#12395 = ORIENTED_EDGE('',*,*,#9050,.T.);
#12396 = ORIENTED_EDGE('',*,*,#9001,.T.);
#12397 = ORIENTED_EDGE('',*,*,#8952,.T.);
#12398 = ORIENTED_EDGE('',*,*,#8903,.T.);
#12399 = ORIENTED_EDGE('',*,*,#8854,.T.);
#12400 = ORIENTED_EDGE('',*,*,#8805,.T.);
#12401 = ORIENTED_EDGE('',*,*,#8756,.T.);
#12402 = ORIENTED_EDGE('',*,*,#8707,.T.);
#12403 = ORIENTED_EDGE('',*,*,#8658,.T.);
#12404 = ORIENTED_EDGE('',*,*,#8609,.T.);
#12405 = ORIENTED_EDGE('',*,*,#8560,.T.);
#12406 = ORIENTED_EDGE('',*,*,#8511,.T.);
#12407 = ORIENTED_EDGE('',*,*,#8462,.T.);
#12408 = ORIENTED_EDGE('',*,*,#8413,.T.);
#12409 = ORIENTED_EDGE('',*,*,#8364,.T.);
#12410 = ORIENTED_EDGE('',*,*,#8315,.T.);
#12411 = ORIENTED_EDGE('',*,*,#8266,.T.);
#12412 = ORIENTED_EDGE('',*,*,#8217,.T.);
#12413 = ORIENTED_EDGE('',*,*,#8168,.T.);
#12414 = ORIENTED_EDGE('',*,*,#8119,.T.);
#12415 = ORIENTED_EDGE('',*,*,#8070,.T.);
#12416 = ORIENTED_EDGE('',*,*,#8021,.T.);
#12417 = ORIENTED_EDGE('',*,*,#7972,.T.);
#12418 = ORIENTED_EDGE('',*,*,#7923,.T.);
#12419 = ORIENTED_EDGE('',*,*,#7874,.T.);
#12420 = ORIENTED_EDGE('',*,*,#7825,.T.);
#12421 = ORIENTED_EDGE('',*,*,#7776,.T.);
#12422 = ORIENTED_EDGE('',*,*,#7727,.T.);
#12423 = ORIENTED_EDGE('',*,*,#7678,.T.);
#12424 = ORIENTED_EDGE('',*,*,#7629,.T.);
#12425 = ORIENTED_EDGE('',*,*,#7580,.T.);
#12426 = ORIENTED_EDGE('',*,*,#7531,.T.);
#12427 = ORIENTED_EDGE('',*,*,#7482,.T.);
#12428 = ORIENTED_EDGE('',*,*,#7433,.T.);
#12429 = ORIENTED_EDGE('',*,*,#7384,.T.);
#12430 = ORIENTED_EDGE('',*,*,#7335,.T.);
#12431 = ORIENTED_EDGE('',*,*,#7286,.T.);
#12432 = ORIENTED_EDGE('',*,*,#7237,.T.);
#12433 = ORIENTED_EDGE('',*,*,#7188,.T.);
#12434 = ORIENTED_EDGE('',*,*,#7139,.T.);
#12435 = ORIENTED_EDGE('',*,*,#7090,.T.);
#12436 = ORIENTED_EDGE('',*,*,#7041,.T.);
#12437 = ORIENTED_EDGE('',*,*,#6992,.T.);
#12438 = ORIENTED_EDGE('',*,*,#6943,.T.);
#12439 = ORIENTED_EDGE('',*,*,#6894,.T.);
#12440 = ORIENTED_EDGE('',*,*,#6845,.T.);
#12441 = ORIENTED_EDGE('',*,*,#6796,.T.);
#12442 = ORIENTED_EDGE('',*,*,#6747,.T.);
#12443 = ORIENTED_EDGE('',*,*,#6698,.T.);
#12444 = ORIENTED_EDGE('',*,*,#6649,.T.);
#12445 = ORIENTED_EDGE('',*,*,#6600,.T.);
#12446 = ORIENTED_EDGE('',*,*,#6551,.T.);
#12447 = ORIENTED_EDGE('',*,*,#6502,.T.);
#12448 = ORIENTED_EDGE('',*,*,#6453,.T.);
#12449 = ORIENTED_EDGE('',*,*,#6404,.T.);
#12450 = ORIENTED_EDGE('',*,*,#6355,.T.);
#12451 = ORIENTED_EDGE('',*,*,#6306,.T.);
#12452 = ORIENTED_EDGE('',*,*,#6257,.T.);
#12453 = ORIENTED_EDGE('',*,*,#6208,.T.);
#12454 = ORIENTED_EDGE('',*,*,#6159,.T.);
#12455 = ORIENTED_EDGE('',*,*,#6110,.T.);
#12456 = ORIENTED_EDGE('',*,*,#6061,.T.);
#12457 = ORIENTED_EDGE('',*,*,#6012,.T.);
#12458 = ORIENTED_EDGE('',*,*,#5963,.T.);
#12459 = ORIENTED_EDGE('',*,*,#5914,.T.);
#12460 = ORIENTED_EDGE('',*,*,#5865,.T.);
#12461 = ORIENTED_EDGE('',*,*,#5816,.T.);
#12462 = ORIENTED_EDGE('',*,*,#5767,.T.);
#12463 = ORIENTED_EDGE('',*,*,#5718,.T.);
#12464 = ORIENTED_EDGE('',*,*,#5669,.T.);
#12465 = ORIENTED_EDGE('',*,*,#5620,.T.);
#12466 = ORIENTED_EDGE('',*,*,#5571,.T.);
#12467 = ORIENTED_EDGE('',*,*,#5522,.T.);
#12468 = ORIENTED_EDGE('',*,*,#5473,.T.);
#12469 = ORIENTED_EDGE('',*,*,#5424,.T.);
#12470 = ORIENTED_EDGE('',*,*,#5375,.T.);
#12471 = ORIENTED_EDGE('',*,*,#5326,.T.);
#12472 = ORIENTED_EDGE('',*,*,#5277,.T.);
#12473 = ORIENTED_EDGE('',*,*,#5228,.T.);
#12474 = ORIENTED_EDGE('',*,*,#5179,.T.);
#12475 = ORIENTED_EDGE('',*,*,#5130,.T.);
#12476 = ORIENTED_EDGE('',*,*,#5081,.T.);
#12477 = ORIENTED_EDGE('',*,*,#5032,.T.);
#12478 = ORIENTED_EDGE('',*,*,#4983,.T.);
#12479 = ORIENTED_EDGE('',*,*,#4934,.T.);
#12480 = ORIENTED_EDGE('',*,*,#4885,.T.);
#12481 = ORIENTED_EDGE('',*,*,#4836,.T.);
#12482 = ORIENTED_EDGE('',*,*,#12483,.T.);
#12483 = EDGE_CURVE('',#4814,#22,#12484,.T.);
#12484 = SURFACE_CURVE('',#12485,(#12489,#12496),.PCURVE_S1.);
#12485 = LINE('',#12486,#12487);
#12486 = CARTESIAN_POINT('',(100.48026217864,401.,332.70737171703));
#12487 = VECTOR('',#12488,1.);
#12488 = DIRECTION('',(-0.999956902277,0.,9.28405020674E-03));
#12489 = PCURVE('',#126,#12490);
#12490 = DEFINITIONAL_REPRESENTATION('',(#12491),#12495);
#12491 = LINE('',#12492,#12493);
#12492 = CARTESIAN_POINT('',(2.492628282962,20.480262178643));
#12493 = VECTOR('',#12494,1.);
#12494 = DIRECTION('',(-9.28405020674E-03,-0.999956902277));
#12495 = ( GEOMETRIC_REPRESENTATION_CONTEXT(2) 
PARAMETRIC_REPRESENTATION_CONTEXT() REPRESENTATION_CONTEXT('2D SPACE',''
  ) );
#12496 = PCURVE('',#44,#12497);
#12497 = DEFINITIONAL_REPRESENTATION('',(#12498),#12502);
#12498 = LINE('',#12499,#12500);
#12499 = CARTESIAN_POINT('',(0.,0.));
#12500 = VECTOR('',#12501,1.);
#12501 = DIRECTION('',(1.,0.));
#12502 = ( GEOMETRIC_REPRESENTATION_CONTEXT(2) 
PARAMETRIC_REPRESENTATION_CONTEXT() REPRESENTATION_CONTEXT('2D SPACE',''
  ) );
#12503 = FACE_BOUND('',#12504,.T.);
#12504 = EDGE_LOOP('',(#12505,#12506,#12507,#12508));
#12505 = ORIENTED_EDGE('',*,*,#4757,.T.);
#12506 = ORIENTED_EDGE('',*,*,#4733,.F.);
#12507 = ORIENTED_EDGE('',*,*,#4682,.F.);
#12508 = ORIENTED_EDGE('',*,*,#4635,.T.);
#12509 = ADVANCED_FACE('',(#12510),#100,.T.);
#12510 = FACE_BOUND('',#12511,.T.);
#12511 = EDGE_LOOP('',(#12512,#12513,#12514,#12515));
#12512 = ORIENTED_EDGE('',*,*,#84,.T.);
#12513 = ORIENTED_EDGE('',*,*,#142,.T.);
#12514 = ORIENTED_EDGE('',*,*,#12259,.F.);
#12515 = ORIENTED_EDGE('',*,*,#12309,.F.);
#12516 = ADVANCED_FACE('',(#12517),#44,.T.);
#12517 = FACE_BOUND('',#12518,.T.);
#12518 = EDGE_LOOP('',(#12519,#12520,#12521,#12522));
#12519 = ORIENTED_EDGE('',*,*,#4813,.T.);
#12520 = ORIENTED_EDGE('',*,*,#4449,.T.);
#12521 = ORIENTED_EDGE('',*,*,#21,.F.);
#12522 = ORIENTED_EDGE('',*,*,#12483,.F.);
#12523 = ( GEOMETRIC_REPRESENTATION_CONTEXT(3) 
GLOBAL_UNCERTAINTY_ASSIGNED_CONTEXT((#12527)) 
GLOBAL_UNIT_ASSIGNED_CONTEXT((#12524,#12525,#12526)) 
REPRESENTATION_CONTEXT('Context #1',
  '3D Context with UNIT and UNCERTAINTY') );
#12524 = ( LENGTH_UNIT() NAMED_UNIT(*) SI_UNIT(.MILLI.,.METRE.) );
#12525 = ( NAMED_UNIT(*) PLANE_ANGLE_UNIT() SI_UNIT($,.RADIAN.) );
#12526 = ( NAMED_UNIT(*) SI_UNIT($,.STERADIAN.) SOLID_ANGLE_UNIT() );
#12527 = UNCERTAINTY_MEASURE_WITH_UNIT(LENGTH_MEASURE(1.E-07),#12524,
  'distance_accuracy_value','confusion accuracy');
#12528 = PRODUCT_RELATED_PRODUCT_CATEGORY('part',$,(#7));
ENDSEC;
END-ISO-10303-21;
