ISO-10303-21;
HEADER;
FILE_DESCRIPTION(('Open CASCADE Model'),'2;1');
FILE_NAME('Open CASCADE Shape Model','2026-09-23T20:47:53',('Author'),(
    'Open CASCADE'),'Open CASCADE STEP processor 7.9','Open CASCADE 7.9'
  ,'Unknown');
FILE_SCHEMA(('AUTOMOTIVE_DESIGN { 1 0 10303 214 1 1 1 1 }'));
ENDSEC;
DATA;
#1 = APPLICATION_PROTOCOL_DEFINITION('international standard',
  'automotive_design',2000,#2);
#2 = APPLICATION_CONTEXT(
  'core data for automotive mechanical design processes');
#3 = SHAPE_DEFINITION_REPRESENTATION(#4,#10);
#4 = PRODUCT_DEFINITION_SHAPE('','',#5);
#5 = PRODUCT_DEFINITION('design','',#6,#9);
#6 = PRODUCT_DEFINITION_FORMATION('','',#7);
#7 = PRODUCT('Open CASCADE STEP translator 7.9 24',
  'Open CASCADE STEP translator 7.9 24','',(#8));
#8 = PRODUCT_CONTEXT('',#2,'mechanical');
#9 = PRODUCT_DEFINITION_CONTEXT('part definition',#2,'design');
#10 = ADVANCED_BREP_SHAPE_REPRESENTATION('',(#11,#15),#6836);
#11 = AXIS2_PLACEMENT_3D('',#12,#13,#14);
#12 = CARTESIAN_POINT('',(0.,0.,0.));
#13 = DIRECTION('',(0.,0.,1.));
#14 = DIRECTION('',(1.,0.,-0.));
#15 = MANIFOLD_SOLID_BREP('',#16);
#16 = CLOSED_SHELL('',(#17,#5062,#5066,#5070,#5823,#6134,#6158,#6555,
    #6588,#6664,#6713,#6762,#6789,#6814,#6821,#6829));
#17 = ADVANCED_FACE('',(#18,#105,#758,#1414,#1792,#2212,#2587,#2965,
    #3322,#3700,#3812,#4211),#31,.T.);
#18 = FACE_BOUND('',#19,.T.);
#19 = EDGE_LOOP('',(#20,#54,#77,#104));
#20 = ORIENTED_EDGE('',*,*,#21,.F.);
#21 = EDGE_CURVE('',#22,#22,#24,.T.);
#22 = VERTEX_POINT('',#23);
#23 = CARTESIAN_POINT('',(228.2,359.,344.));
#24 = SURFACE_CURVE('',#25,(#30,#42),.PCURVE_S1.);
#25 = CIRCLE('',#26,2.);
#26 = AXIS2_PLACEMENT_3D('',#27,#28,#29);
#27 = CARTESIAN_POINT('',(228.2,359.,342.));
#28 = DIRECTION('',(0.,1.,0.));
#29 = DIRECTION('',(0.,-0.,1.));
#30 = PCURVE('',#31,#36);
#31 = CYLINDRICAL_SURFACE('',#32,2.);
#32 = AXIS2_PLACEMENT_3D('',#33,#34,#35);
#33 = CARTESIAN_POINT('',(228.2,236.,342.));
#34 = DIRECTION('',(0.,1.,0.));
#35 = DIRECTION('',(0.,-0.,1.));
#36 = DEFINITIONAL_REPRESENTATION('',(#37),#41);
#37 = LINE('',#38,#39);
#38 = CARTESIAN_POINT('',(0.,123.));
#39 = VECTOR('',#40,1.);
#40 = DIRECTION('',(1.,0.));
#41 = ( GEOMETRIC_REPRESENTATION_CONTEXT(2) 
PARAMETRIC_REPRESENTATION_CONTEXT() REPRESENTATION_CONTEXT('2D SPACE',''
  ) );
#42 = PCURVE('',#43,#48);
#43 = PLANE('',#44);
#44 = AXIS2_PLACEMENT_3D('',#45,#46,#47);
#45 = CARTESIAN_POINT('',(228.2,359.,342.));
#46 = DIRECTION('',(0.,1.,0.));
#47 = DIRECTION('',(0.,-0.,1.));
#48 = DEFINITIONAL_REPRESENTATION('',(#49),#53);
#49 = CIRCLE('',#50,2.);
#50 = AXIS2_PLACEMENT_2D('',#51,#52);
#51 = CARTESIAN_POINT('',(0.,0.));
#52 = DIRECTION('',(1.,0.));
#53 = ( GEOMETRIC_REPRESENTATION_CONTEXT(2) 
PARAMETRIC_REPRESENTATION_CONTEXT() REPRESENTATION_CONTEXT('2D SPACE',''
  ) );
#54 = ORIENTED_EDGE('',*,*,#55,.F.);
#55 = EDGE_CURVE('',#56,#22,#58,.T.);
#56 = VERTEX_POINT('',#57);
#57 = CARTESIAN_POINT('',(228.2,236.,344.));
#58 = SEAM_CURVE('',#59,(#63,#70),.PCURVE_S1.);
#59 = LINE('',#60,#61);
#60 = CARTESIAN_POINT('',(228.2,236.,344.));
#61 = VECTOR('',#62,1.);
#62 = DIRECTION('',(0.,1.,0.));
#63 = PCURVE('',#31,#64);
#64 = DEFINITIONAL_REPRESENTATION('',(#65),#69);
#65 = LINE('',#66,#67);
#66 = CARTESIAN_POINT('',(6.28318530718,-0.));
#67 = VECTOR('',#68,1.);
#68 = DIRECTION('',(0.,1.));
#69 = ( GEOMETRIC_REPRESENTATION_CONTEXT(2) 
PARAMETRIC_REPRESENTATION_CONTEXT() REPRESENTATION_CONTEXT('2D SPACE',''
  ) );
#70 = PCURVE('',#31,#71);
#71 = DEFINITIONAL_REPRESENTATION('',(#72),#76);
#72 = LINE('',#73,#74);
#73 = CARTESIAN_POINT('',(0.,-0.));
#74 = VECTOR('',#75,1.);
#75 = DIRECTION('',(0.,1.));
#76 = ( GEOMETRIC_REPRESENTATION_CONTEXT(2) 
PARAMETRIC_REPRESENTATION_CONTEXT() REPRESENTATION_CONTEXT('2D SPACE',''
  ) );
#77 = ORIENTED_EDGE('',*,*,#78,.T.);
#78 = EDGE_CURVE('',#56,#56,#79,.T.);
#79 = SURFACE_CURVE('',#80,(#85,#92),.PCURVE_S1.);
#80 = CIRCLE('',#81,2.);
#81 = AXIS2_PLACEMENT_3D('',#82,#83,#84);
#82 = CARTESIAN_POINT('',(228.2,236.,342.));
#83 = DIRECTION('',(0.,1.,0.));
#84 = DIRECTION('',(0.,-0.,1.));
#85 = PCURVE('',#31,#86);
#86 = DEFINITIONAL_REPRESENTATION('',(#87),#91);
#87 = LINE('',#88,#89);
#88 = CARTESIAN_POINT('',(0.,0.));
#89 = VECTOR('',#90,1.);
#90 = DIRECTION('',(1.,0.));
#91 = ( GEOMETRIC_REPRESENTATION_CONTEXT(2) 
PARAMETRIC_REPRESENTATION_CONTEXT() REPRESENTATION_CONTEXT('2D SPACE',''
  ) );
#92 = PCURVE('',#93,#98);
#93 = PLANE('',#94);
#94 = AXIS2_PLACEMENT_3D('',#95,#96,#97);
#95 = CARTESIAN_POINT('',(228.2,236.,342.));
#96 = DIRECTION('',(0.,1.,0.));
#97 = DIRECTION('',(0.,-0.,1.));
#98 = DEFINITIONAL_REPRESENTATION('',(#99),#103);
#99 = CIRCLE('',#100,2.);
#100 = AXIS2_PLACEMENT_2D('',#101,#102);
#101 = CARTESIAN_POINT('',(0.,0.));
#102 = DIRECTION('',(1.,0.));
#103 = ( GEOMETRIC_REPRESENTATION_CONTEXT(2) 
PARAMETRIC_REPRESENTATION_CONTEXT() REPRESENTATION_CONTEXT('2D SPACE',''
  ) );
#104 = ORIENTED_EDGE('',*,*,#55,.T.);
#105 = FACE_BOUND('',#106,.T.);
#106 = EDGE_LOOP('',(#107,#331,#526));
#107 = ORIENTED_EDGE('',*,*,#108,.F.);
#108 = EDGE_CURVE('',#109,#111,#113,.T.);
#109 = VERTEX_POINT('',#110);
#110 = CARTESIAN_POINT('',(230.19007864808,241.70370524625,
    341.80103524319));
#111 = VERTEX_POINT('',#112);
#112 = CARTESIAN_POINT('',(228.69668106433,243.2034257889,
    343.93734558619));
#113 = SURFACE_CURVE('',#114,(#138,#165),.PCURVE_S1.);
#114 = B_SPLINE_CURVE_WITH_KNOTS('',8,(#115,#116,#117,#118,#119,#120,
    #121,#122,#123,#124,#125,#126,#127,#128,#129,#130,#131,#132,#133,
    #134,#135,#136,#137),.UNSPECIFIED.,.F.,.F.,(9,7,7,9),(0.,
    0.24199290592,0.837104934528,1.),.UNSPECIFIED.);
#115 = CARTESIAN_POINT('',(230.19007864808,241.70370524625,
    341.80103524319));
#116 = CARTESIAN_POINT('',(230.19849976357,241.7503682651,
    341.88526464345));
#117 = CARTESIAN_POINT('',(230.2028300792,241.79734738336,
    341.96973554054));
#118 = CARTESIAN_POINT('',(230.20307744391,241.84459473083,
    342.05424424423));
#119 = CARTESIAN_POINT('',(230.19925785981,241.8920644847,
    342.13858898243));
#120 = CARTESIAN_POINT('',(230.19139520759,241.93971233794,
    342.22257016769));
#121 = CARTESIAN_POINT('',(230.17952097203,241.98749496765,
    342.30599066373));
#122 = CARTESIAN_POINT('',(230.16367396742,242.03536950339,
    342.38865605198));
#123 = CARTESIAN_POINT('',(230.0952718263,242.20114705625,
    342.67133892258));
#124 = CARTESIAN_POINT('',(230.02292357344,242.31922646104,
    342.86645772205));
#125 = CARTESIAN_POINT('',(229.92755179703,242.43697536964,
    343.05303679497));
#126 = CARTESIAN_POINT('',(229.81003897778,242.5537485486,
    343.22832211975));
#127 = CARTESIAN_POINT('',(229.67156830684,242.66878790048,
    343.38955842576));
#128 = CARTESIAN_POINT('',(229.51361080206,242.7811394746,
    343.53399554606));
#129 = CARTESIAN_POINT('',(229.33796309532,242.88961417314,
    343.65900594162));
#130 = CARTESIAN_POINT('',(229.09402942195,243.02064230548,
    343.79004255091));
#131 = CARTESIAN_POINT('',(229.04043003055,243.04837468866,
    343.81653832676));
#132 = CARTESIAN_POINT('',(228.98569393714,243.07564452196,
    343.8413139231));
#133 = CARTESIAN_POINT('',(228.92986647805,243.10241036142,
    343.86431168834));
#134 = CARTESIAN_POINT('',(228.87299675317,243.12862593616,
    343.88547300373));
#135 = CARTESIAN_POINT('',(228.81513760824,243.15423966406,
    343.90473866573));
#136 = CARTESIAN_POINT('',(228.75634561717,243.17919416746,
    343.92204926847));
#137 = CARTESIAN_POINT('',(228.69668106433,243.2034257889,
    343.93734558619));
#138 = PCURVE('',#31,#139);
#139 = DEFINITIONAL_REPRESENTATION('',(#140),#164);
#140 = B_SPLINE_CURVE_WITH_KNOTS('',8,(#141,#142,#143,#144,#145,#146,
    #147,#148,#149,#150,#151,#152,#153,#154,#155,#156,#157,#158,#159,
    #160,#161,#162,#163),.UNSPECIFIED.,.F.,.F.,(9,7,7,9),(0.,
    0.24199290592,0.837104934528,1.),.UNSPECIFIED.);
#141 = CARTESIAN_POINT('',(1.670443532252,5.703705246259));
#142 = CARTESIAN_POINT('',(1.628118873204,5.750368265103));
#143 = CARTESIAN_POINT('',(1.585877550757,5.797347383366));
#144 = CARTESIAN_POINT('',(1.543704967865,5.844594730833));
#145 = CARTESIAN_POINT('',(1.501587090081,5.892064484705));
#146 = CARTESIAN_POINT('',(1.459510146852,5.939712337949));
#147 = CARTESIAN_POINT('',(1.417460332808,5.987494967658));
#148 = CARTESIAN_POINT('',(1.375423509059,6.035369503391));
#149 = CARTESIAN_POINT('',(1.230003034023,6.201147056251));
#150 = CARTESIAN_POINT('',(1.126672327096,6.319226461043));
#151 = CARTESIAN_POINT('',(1.02310158893,6.436975369643));
#152 = CARTESIAN_POINT('',(0.919051993545,6.553748548609));
#153 = CARTESIAN_POINT('',(0.814300438657,6.66878790048));
#154 = CARTESIAN_POINT('',(0.708592837998,6.781139474606));
#155 = CARTESIAN_POINT('',(0.601646019786,6.889614173146));
#156 = CARTESIAN_POINT('',(0.463195460036,7.020642305486));
#157 = CARTESIAN_POINT('',(0.433317259825,7.048374688662));
#158 = CARTESIAN_POINT('',(0.403305263126,7.075644521962));
#159 = CARTESIAN_POINT('',(0.373151515625,7.102410361426));
#160 = CARTESIAN_POINT('',(0.342848389715,7.128625936165));
#161 = CARTESIAN_POINT('',(0.312388364319,7.154239664061));
#162 = CARTESIAN_POINT('',(0.281763804712,7.179194167467));
#163 = CARTESIAN_POINT('',(0.250966742348,7.203425788907));
#164 = ( GEOMETRIC_REPRESENTATION_CONTEXT(2) 
PARAMETRIC_REPRESENTATION_CONTEXT() REPRESENTATION_CONTEXT('2D SPACE',''
  ) );
#165 = PCURVE('',#166,#305);
#166 = B_SPLINE_SURFACE_WITH_KNOTS('',1,9,(
    (#167,#168,#169,#170,#171,#172,#173,#174,#175,#176,#177,#178,#179
      ,#180,#181,#182,#183,#184,#185,#186,#187,#188,#189,#190,#191,#192
      ,#193,#194,#195,#196,#197,#198,#199,#200,#201,#202,#203,#204,#205
      ,#206,#207,#208,#209,#210,#211,#212,#213,#214,#215,#216,#217,#218
      ,#219,#220,#221,#222,#223,#224,#225,#226,#227,#228,#229,#230,#231
      ,#232,#233,#234,#235)
    ,(#236,#237,#238,#239,#240,#241,#242,#243,#244,#245,#246,#247,#248
      ,#249,#250,#251,#252,#253,#254,#255,#256,#257,#258,#259,#260,#261
      ,#262,#263,#264,#265,#266,#267,#268,#269,#270,#271,#272,#273,#274
      ,#275,#276,#277,#278,#279,#280,#281,#282,#283,#284,#285,#286,#287
      ,#288,#289,#290,#291,#292,#293,#294,#295,#296,#297,#298,#299,#300
      ,#301,#302,#303,#304
    )),.UNSPECIFIED.,.F.,.F.,.F.,(2,2),(10,8,9,8,9,8,9,8,10),(0.,4.7),(
    0.,10.824004257924,21.648008515848,32.472012773771,43.296017031695,
    54.120021289619,64.944025547543,75.768029805466,86.59203406339),
  .UNSPECIFIED.);
#167 = CARTESIAN_POINT('',(234.9,241.5904020522,341.59584037026));
#168 = CARTESIAN_POINT('',(234.88855502025,243.1892721628,
    344.26054885878));
#169 = CARTESIAN_POINT('',(233.54875150754,244.74506873789,
    346.85130544926));
#170 = CARTESIAN_POINT('',(230.97432465275,246.21793806657,
    348.55168170867));
#171 = CARTESIAN_POINT('',(227.81776997943,247.57559876504,
    348.64147905334));
#172 = CARTESIAN_POINT('',(225.43519546091,248.79231243644,
    347.04025454082));
#173 = CARTESIAN_POINT('',(224.40540453253,249.86172542247,
    344.99029491472));
#174 = CARTESIAN_POINT('',(224.36620466342,250.79126610181,
    343.08481568974));
#175 = CARTESIAN_POINT('',(224.99727045856,251.60391551871,
    341.65104208985));
#176 = CARTESIAN_POINT('',(226.91573325755,253.05860660366,
    339.90436247224));
#177 = CARTESIAN_POINT('',(228.2032278953,253.70066626605,
    339.59204104617));
#178 = CARTESIAN_POINT('',(229.49850477216,254.2891633436,
    339.93172155594));
#179 = CARTESIAN_POINT('',(230.46241507981,254.86493604804,
    340.81389835972));
#180 = CARTESIAN_POINT('',(231.10505135379,255.47344959076,
    342.00324479298));
#181 = CARTESIAN_POINT('',(231.12300401635,256.15729255575,
    343.67053709055));
#182 = CARTESIAN_POINT('',(230.16437130989,256.9499533712,
    345.18788133691));
#183 = CARTESIAN_POINT('',(228.53029458238,257.87087407119,
    346.02277736712));
#184 = CARTESIAN_POINT('',(226.72104917584,258.92534754131,
    345.9513563976));
#185 = CARTESIAN_POINT('',(224.91179443879,259.97982621346,
    345.87994109912));
#186 = CARTESIAN_POINT('',(222.92694050838,261.16788157564,
    344.90350345504));
#187 = CARTESIAN_POINT('',(221.28901890115,262.49489465494,
    342.79624427764));
#188 = CARTESIAN_POINT('',(220.70892115274,263.95153685918,
    339.69311133433));
#189 = CARTESIAN_POINT('',(222.07256993283,265.51365753897,
    336.2774789401));
#190 = CARTESIAN_POINT('',(225.13498675602,267.14399658212,
    334.26153199549));
#191 = CARTESIAN_POINT('',(228.50299129211,268.7988979365,
    334.06742967793));
#192 = CARTESIAN_POINT('',(231.25176449762,270.4350612753,
    335.32840994527));
#193 = CARTESIAN_POINT('',(234.61239821547,273.59539369929,
    339.38844161887));
#194 = CARTESIAN_POINT('',(235.2246509852,275.11957379925,
    342.18852914136));
#195 = CARTESIAN_POINT('',(234.34154955519,276.5505205111,
    345.06652933083));
#196 = CARTESIAN_POINT('',(232.03257805849,277.8568870275,347.0676534596
    ));
#197 = CARTESIAN_POINT('',(229.30327400931,279.01959593251,
    347.32497007345));
#198 = CARTESIAN_POINT('',(227.30723676221,280.03418417491,
    346.45815428635));
#199 = CARTESIAN_POINT('',(226.11047649684,280.91463807482,
    345.09543543823));
#200 = CARTESIAN_POINT('',(225.68711068411,281.68634346068,
    343.65885011006));
#201 = CARTESIAN_POINT('',(225.85349111514,282.38367378543,
    342.42002856383));
#202 = CARTESIAN_POINT('',(226.01987395617,283.08099642398,
    341.18120959262));
#203 = CARTESIAN_POINT('',(226.77670749402,283.70356963081,
    340.14040176633));
#204 = CARTESIAN_POINT('',(227.9588972556,284.28650072404,
    339.55942957574));
#205 = CARTESIAN_POINT('',(229.270041889,284.87029948272,339.57618018631
    ));
#206 = CARTESIAN_POINT('',(230.59866998076,285.50200667904,
    340.06208532361));
#207 = CARTESIAN_POINT('',(231.74561957202,286.22084171774,
    341.39287242579));
#208 = CARTESIAN_POINT('',(231.9944346446,287.05788357185,
    343.26198116989));
#209 = CARTESIAN_POINT('',(231.23939753753,288.02834478718,
    345.03010711726));
#210 = CARTESIAN_POINT('',(228.24590793717,290.23866087438,
    347.33887618637));
#211 = CARTESIAN_POINT('',(226.00774765502,291.47848803973,
    347.88031569672));
#212 = CARTESIAN_POINT('',(223.3083863142,292.85411543737,
    347.28269537467));
#213 = CARTESIAN_POINT('',(220.81504183624,294.35235472301,
    345.19144096535));
#214 = CARTESIAN_POINT('',(219.69527326851,295.94456809971,
    341.61490213298));
#215 = CARTESIAN_POINT('',(220.79462954624,297.59210375047,
    338.09207270773));
#216 = CARTESIAN_POINT('',(223.26657446855,299.24913635189,
    335.80108852222));
#217 = CARTESIAN_POINT('',(226.16383132917,300.87383207262,
    335.02194056637));
#218 = CARTESIAN_POINT('',(228.71882124329,302.43057843263,
    335.49639639376));
#219 = CARTESIAN_POINT('',(231.27380349183,303.98732637718,
    335.97085472923));
#220 = CARTESIAN_POINT('',(233.48703303052,305.47643132429,
    337.69969440567));
#221 = CARTESIAN_POINT('',(234.60592117865,306.8615452327,
    340.40665709446));
#222 = CARTESIAN_POINT('',(234.1034120743,308.11626499273,
    343.31260802973));
#223 = CARTESIAN_POINT('',(232.24889804762,309.22324752161,
    345.14850068853));
#224 = CARTESIAN_POINT('',(230.27181103241,310.18516021039,
    345.73401778338));
#225 = CARTESIAN_POINT('',(228.56447793199,311.01824404361,
    345.47790048314));
#226 = CARTESIAN_POINT('',(227.36550920389,311.75238238601,
    344.68923230799));
#227 = CARTESIAN_POINT('',(226.06956695094,313.0950303471,
    342.64721977802));
#228 = CARTESIAN_POINT('',(225.97315890769,313.70355574176,
    341.39404521936));
#229 = CARTESIAN_POINT('',(226.48095178897,314.28552351515,
    340.18981403624));
#230 = CARTESIAN_POINT('',(227.48435968336,314.88393560371,
    339.31936685913));
#231 = CARTESIAN_POINT('',(228.87353316669,315.54308793672,
    338.78107188339));
#232 = CARTESIAN_POINT('',(230.70368438804,316.30159878335,
    339.08126385851));
#233 = CARTESIAN_POINT('',(232.15985820842,317.18582827686,
    340.42239444753));
#234 = CARTESIAN_POINT('',(232.73667401933,318.20736400727,
    342.35023434099));
#235 = CARTESIAN_POINT('',(232.31121307026,319.36318525671,
    344.27344509115));
#236 = CARTESIAN_POINT('',(230.2,241.5904020522,341.59584037026));
#237 = CARTESIAN_POINT('',(230.18855508361,242.2304226124,
    342.75569666487));
#238 = CARTESIAN_POINT('',(229.61337065672,242.82667511067,
    343.84133543812));
#239 = CARTESIAN_POINT('',(228.54714578641,243.41902632895,
    344.60474873155));
#240 = CARTESIAN_POINT('',(227.18800753194,244.04907322366,
    344.85365071988));
#241 = CARTESIAN_POINT('',(225.58640532827,244.76134350248,
    344.5528955331));
#242 = CARTESIAN_POINT('',(224.10514409249,245.58810666805,
    343.18342768754));
#243 = CARTESIAN_POINT('',(223.59523474994,246.55092874657,
    341.10994649432));
#244 = CARTESIAN_POINT('',(224.21914061167,247.65414858884,
    339.04770176493));
#245 = CARTESIAN_POINT('',(227.21699401199,250.12304919906,
    336.12609417861));
#246 = CARTESIAN_POINT('',(229.59073012191,251.48870282939,
    335.2658512427));
#247 = CARTESIAN_POINT('',(232.56066866095,252.97623600442,
    335.60724963489));
#248 = CARTESIAN_POINT('',(235.41249264533,254.56235908969,
    337.57643384661));
#249 = CARTESIAN_POINT('',(236.87294762826,256.21038805578,
    341.16751698597));
#250 = CARTESIAN_POINT('',(236.09279905809,257.87684530221,
    344.78366620218));
#251 = CARTESIAN_POINT('',(233.89831139501,259.51564911147,
    347.26840612161));
#252 = CARTESIAN_POINT('',(231.19461552644,261.08830849562,
    348.31678860476));
#253 = CARTESIAN_POINT('',(228.72636145642,262.56567483366,
    348.14606363592));
#254 = CARTESIAN_POINT('',(226.25811593241,264.04304072775,
    347.97533422217));
#255 = CARTESIAN_POINT('',(224.02482458866,265.42534197467,
    346.58452318236));
#256 = CARTESIAN_POINT('',(222.75412035325,266.68283486071,
    344.20701923465));
#257 = CARTESIAN_POINT('',(222.97098601042,267.79816752665,
    341.55832468348));
#258 = CARTESIAN_POINT('',(224.4255840748,268.76573561488,
    339.81196131404));
#259 = CARTESIAN_POINT('',(226.06116958929,269.59956904069,
    339.08577838364));
#260 = CARTESIAN_POINT('',(227.59389013213,270.3262169568,
    339.10228540164));
#261 = CARTESIAN_POINT('',(228.77494375206,270.98262649957,
    339.66517141818));
#262 = CARTESIAN_POINT('',(230.22372093525,272.23461463346,
    341.42064196261));
#263 = CARTESIAN_POINT('',(230.49100139035,272.83020003375,
    342.61293910123));
#264 = CARTESIAN_POINT('',(230.18337987924,273.4352862283,
    343.90552299268));
#265 = CARTESIAN_POINT('',(229.29738255688,274.09307350111,
    345.02978585772));
#266 = CARTESIAN_POINT('',(227.79624394587,274.84386543928,
    345.89128630742));
#267 = CARTESIAN_POINT('',(225.67113103896,275.71881296066,
    345.77444697326));
#268 = CARTESIAN_POINT('',(223.87440219957,276.73379470883,
    344.44253709375));
#269 = CARTESIAN_POINT('',(223.00111683468,277.88952632526,
    342.37395313049));
#270 = CARTESIAN_POINT('',(223.22271161627,279.17267831385,
    340.21582637032));
#271 = CARTESIAN_POINT('',(223.4443017526,280.45583762661,
    338.05769178519));
#272 = CARTESIAN_POINT('',(224.75959198553,281.86661793743,
    335.80931001111));
#273 = CARTESIAN_POINT('',(227.33076724303,283.39138828935,
    334.1377595714));
#274 = CARTESIAN_POINT('',(230.84970090826,285.0038571201,
    333.84562144371));
#275 = CARTESIAN_POINT('',(234.27560255897,286.66444014634,
    335.72137262158));
#276 = CARTESIAN_POINT('',(235.95581497993,288.32849257826,
    338.99821579569));
#277 = CARTESIAN_POINT('',(235.84707608739,289.95103040041,
    342.27212470933));
#278 = CARTESIAN_POINT('',(234.46269478925,291.49512507791,
    344.75947178906));
#279 = CARTESIAN_POINT('',(230.5506926945,294.37451019733,
    347.59210685785));
#280 = CARTESIAN_POINT('',(228.02202057566,295.70982176916,
    347.93736723849));
#281 = CARTESIAN_POINT('',(225.61938383055,296.91487350686,
    346.94923245127));
#282 = CARTESIAN_POINT('',(224.17488985641,297.97484969416,
    344.86084294665));
#283 = CARTESIAN_POINT('',(224.18075666257,298.89088409905,
    342.71545166757));
#284 = CARTESIAN_POINT('',(224.91215623492,299.67897725502,
    341.1867637625));
#285 = CARTESIAN_POINT('',(226.03908069684,300.37120494571,
    340.24110212395));
#286 = CARTESIAN_POINT('',(227.26918128397,301.00542689862,
    339.91159114549));
#287 = CARTESIAN_POINT('',(228.37479148202,301.62254919983,
    340.11361766659));
#288 = CARTESIAN_POINT('',(229.48040364879,302.23966542258,
    340.3156445399));
#289 = CARTESIAN_POINT('',(230.46131244359,302.83927697619,
    341.04933614473));
#290 = CARTESIAN_POINT('',(231.08847672734,303.46314945733,
    342.25141216116));
#291 = CARTESIAN_POINT('',(231.16664634212,304.15182906949,
    343.74225246147));
#292 = CARTESIAN_POINT('',(230.53896973653,304.94582947531,
    345.47199099401));
#293 = CARTESIAN_POINT('',(228.73459193424,305.8705097347,
    346.80212087461));
#294 = CARTESIAN_POINT('',(226.39835746797,306.93898809169,
    346.9272285583));
#295 = CARTESIAN_POINT('',(224.32519681618,308.14690178949,
    345.8525415998));
#296 = CARTESIAN_POINT('',(221.81511770212,310.80773090631,
    342.1332148048));
#297 = CARTESIAN_POINT('',(221.37723009018,312.26063890131,
    339.48844737196));
#298 = CARTESIAN_POINT('',(222.31454820742,313.81889170596,
    336.49592974996));
#299 = CARTESIAN_POINT('',(224.89083010511,315.45252747518,
    333.99844316178));
#300 = CARTESIAN_POINT('',(228.74770955964,317.1199221196,
    333.28782805318));
#301 = CARTESIAN_POINT('',(232.09778595246,318.77628579486,
    334.74496707049));
#302 = CARTESIAN_POINT('',(234.06981961535,320.37687716058,
    337.30057362447));
#303 = CARTESIAN_POINT('',(234.58304051392,321.88814844212,
    340.0390833144));
#304 = CARTESIAN_POINT('',(234.00558975271,323.28688978335,
    342.31803453435));
#305 = DEFINITIONAL_REPRESENTATION('',(#306),#330);
#306 = B_SPLINE_CURVE_WITH_KNOTS('',8,(#307,#308,#309,#310,#311,#312,
    #313,#314,#315,#316,#317,#318,#319,#320,#321,#322,#323,#324,#325,
    #326,#327,#328,#329),.UNSPECIFIED.,.F.,.F.,(9,7,7,9),(0.,
    0.24199290592,0.837104934528,1.),.UNSPECIFIED.);
#307 = CARTESIAN_POINT('',(4.7,0.214017658797));
#308 = CARTESIAN_POINT('',(4.684284242828,0.30151734378));
#309 = CARTESIAN_POINT('',(4.669618254331,0.389068413422));
#310 = CARTESIAN_POINT('',(4.655976666425,0.476666664894));
#311 = CARTESIAN_POINT('',(4.643340193987,0.564308827611));
#312 = CARTESIAN_POINT('',(4.631695262288,0.651992629537));
#313 = CARTESIAN_POINT('',(4.621033634429,0.739716863487));
#314 = CARTESIAN_POINT('',(4.611352038775,0.827481453434));
#315 = CARTESIAN_POINT('',(4.581256049787,1.131221317227));
#316 = CARTESIAN_POINT('',(4.565808767841,1.347276534982));
#317 = CARTESIAN_POINT('',(4.556304889362,1.563619873434));
#318 = CARTESIAN_POINT('',(4.552968926649,1.780304471202));
#319 = CARTESIAN_POINT('',(4.556201988474,1.997304981801));
#320 = CARTESIAN_POINT('',(4.566689935541,2.21454152977));
#321 = CARTESIAN_POINT('',(4.585405018459,2.431861655483));
#322 = CARTESIAN_POINT('',(4.621942206675,2.708655346414));
#323 = CARTESIAN_POINT('',(4.630539450725,2.768125636695));
#324 = CARTESIAN_POINT('',(4.639917014397,2.827577690349));
#325 = CARTESIAN_POINT('',(4.6501131679,2.887002611475));
#326 = CARTESIAN_POINT('',(4.661170145612,2.946388435215));
#327 = CARTESIAN_POINT('',(4.673134725586,3.005720151306));
#328 = CARTESIAN_POINT('',(4.686058809068,3.064979727641));
#329 = CARTESIAN_POINT('',(4.7,3.124146133823));
#330 = ( GEOMETRIC_REPRESENTATION_CONTEXT(2) 
PARAMETRIC_REPRESENTATION_CONTEXT() REPRESENTATION_CONTEXT('2D SPACE',''
  ) );
#331 = ORIENTED_EDGE('',*,*,#332,.T.);
#332 = EDGE_CURVE('',#109,#333,#335,.T.);
#333 = VERTEX_POINT('',#334);
#334 = CARTESIAN_POINT('',(230.2,240.89999999999,342.));
#335 = SURFACE_CURVE('',#336,(#351,#369),.PCURVE_S1.);
#336 = B_SPLINE_CURVE_WITH_KNOTS('',4,(#337,#338,#339,#340,#341,#342,
    #343,#344,#345,#346,#347,#348,#349,#350),.UNSPECIFIED.,.F.,.F.,(5,3,
    3,3,5),(0.,0.498061542949,0.99200103161,0.999874000468,1.),
  .UNSPECIFIED.);
#337 = CARTESIAN_POINT('',(230.19007864808,241.70370524625,
    341.80103524319));
#338 = CARTESIAN_POINT('',(230.19255858421,241.60366758662,
    341.82583997762));
#339 = CARTESIAN_POINT('',(230.1946207647,241.50361190864,
    341.85063060838));
#340 = CARTESIAN_POINT('',(230.19626965528,241.40354291422,
    341.87541019946));
#341 = CARTESIAN_POINT('',(230.19873513805,241.20421510722,
    341.92474800476));
#342 = CARTESIAN_POINT('',(230.19955850974,241.1049564546,
    341.94930635717));
#343 = CARTESIAN_POINT('',(230.19997984994,241.005693093,341.97385945121
    ));
#344 = CARTESIAN_POINT('',(230.19999967905,240.90484686364,
    341.99880128617));
#345 = CARTESIAN_POINT('',(230.19999988806,240.90326469071,341.999192653
    ));
#346 = CARTESIAN_POINT('',(230.19999999499,240.90168248508,
    341.99958385209));
#347 = CARTESIAN_POINT('',(230.19999999992,240.90007499278,
    341.99998149215));
#348 = CARTESIAN_POINT('',(230.19999999997,240.90005143828,
    341.99998820501));
#349 = CARTESIAN_POINT('',(230.2,240.90002562162,341.99999256926));
#350 = CARTESIAN_POINT('',(230.2,240.90000139106,342.00000020623));
#351 = PCURVE('',#31,#352);
#352 = DEFINITIONAL_REPRESENTATION('',(#353),#368);
#353 = B_SPLINE_CURVE_WITH_KNOTS('',4,(#354,#355,#356,#357,#358,#359,
    #360,#361,#362,#363,#364,#365,#366,#367),.UNSPECIFIED.,.F.,.F.,(5,3,
    3,3,5),(0.,0.498061542949,0.99200103161,0.999874000468,1.),
  .UNSPECIFIED.);
#354 = CARTESIAN_POINT('',(1.670443532251,5.703705246259));
#355 = CARTESIAN_POINT('',(1.65797933419,5.603667586625));
#356 = CARTESIAN_POINT('',(1.645542930069,5.503611908641));
#357 = CARTESIAN_POINT('',(1.633127425183,5.403542914227));
#358 = CARTESIAN_POINT('',(1.608427740788,5.204215107224));
#359 = CARTESIAN_POINT('',(1.596143318135,5.104956454605));
#360 = CARTESIAN_POINT('',(1.583866605149,5.005693093));
#361 = CARTESIAN_POINT('',(1.571395683732,4.904846863649));
#362 = CARTESIAN_POINT('',(1.571200000295,4.903264690715));
#363 = CARTESIAN_POINT('',(1.571004400749,4.901682485081));
#364 = CARTESIAN_POINT('',(1.570805580719,4.900074992788));
#365 = CARTESIAN_POINT('',(1.570802224285,4.900051438282));
#366 = CARTESIAN_POINT('',(1.570800042164,4.900025621624));
#367 = CARTESIAN_POINT('',(1.570796223676,4.900001391062));
#368 = ( GEOMETRIC_REPRESENTATION_CONTEXT(2) 
PARAMETRIC_REPRESENTATION_CONTEXT() REPRESENTATION_CONTEXT('2D SPACE',''
  ) );
#369 = PCURVE('',#370,#509);
#370 = B_SPLINE_SURFACE_WITH_KNOTS('',1,9,(
    (#371,#372,#373,#374,#375,#376,#377,#378,#379,#380,#381,#382,#383
      ,#384,#385,#386,#387,#388,#389,#390,#391,#392,#393,#394,#395,#396
      ,#397,#398,#399,#400,#401,#402,#403,#404,#405,#406,#407,#408,#409
      ,#410,#411,#412,#413,#414,#415,#416,#417,#418,#419,#420,#421,#422
      ,#423,#424,#425,#426,#427,#428,#429,#430,#431,#432,#433,#434,#435
      ,#436,#437,#438,#439)
    ,(#440,#441,#442,#443,#444,#445,#446,#447,#448,#449,#450,#451,#452
      ,#453,#454,#455,#456,#457,#458,#459,#460,#461,#462,#463,#464,#465
      ,#466,#467,#468,#469,#470,#471,#472,#473,#474,#475,#476,#477,#478
      ,#479,#480,#481,#482,#483,#484,#485,#486,#487,#488,#489,#490,#491
      ,#492,#493,#494,#495,#496,#497,#498,#499,#500,#501,#502,#503,#504
      ,#505,#506,#507,#508
    )),.UNSPECIFIED.,.F.,.F.,.F.,(2,2),(10,8,9,8,9,8,9,8,10),(0.,1.6),(
    0.,10.824004257924,21.648008515848,32.472012773771,43.296017031695,
    54.120021289619,64.944025547543,75.768029805466,86.59203406339),
  .UNSPECIFIED.);
#371 = CARTESIAN_POINT('',(230.2,241.5904020522,341.59584037026));
#372 = CARTESIAN_POINT('',(230.18855508361,242.2304226124,
    342.75569666487));
#373 = CARTESIAN_POINT('',(229.61337065672,242.82667511067,
    343.84133543812));
#374 = CARTESIAN_POINT('',(228.54714578641,243.41902632895,
    344.60474873155));
#375 = CARTESIAN_POINT('',(227.18800753193,244.04907322366,
    344.85365071987));
#376 = CARTESIAN_POINT('',(225.58640532827,244.76134350248,
    344.5528955331));
#377 = CARTESIAN_POINT('',(224.10514409249,245.58810666805,
    343.18342768753));
#378 = CARTESIAN_POINT('',(223.59523474994,246.55092874657,
    341.10994649432));
#379 = CARTESIAN_POINT('',(224.21914061167,247.65414858884,
    339.04770176493));
#380 = CARTESIAN_POINT('',(227.21699401198,250.12304919906,
    336.12609417861));
#381 = CARTESIAN_POINT('',(229.59073012191,251.48870282939,
    335.2658512427));
#382 = CARTESIAN_POINT('',(232.56066866094,252.97623600441,
    335.6072496349));
#383 = CARTESIAN_POINT('',(235.41249264534,254.56235908969,
    337.5764338466));
#384 = CARTESIAN_POINT('',(236.87294762825,256.21038805577,
    341.16751698598));
#385 = CARTESIAN_POINT('',(236.0927990581,257.87684530222,
    344.78366620217));
#386 = CARTESIAN_POINT('',(233.89831139501,259.51564911147,
    347.26840612162));
#387 = CARTESIAN_POINT('',(231.19461552644,261.08830849562,
    348.31678860476));
#388 = CARTESIAN_POINT('',(228.72636145643,262.56567483366,
    348.14606363592));
#389 = CARTESIAN_POINT('',(226.25811593241,264.04304072775,
    347.97533422217));
#390 = CARTESIAN_POINT('',(224.02482458865,265.42534197467,
    346.58452318237));
#391 = CARTESIAN_POINT('',(222.75412035326,266.68283486073,
    344.20701923464));
#392 = CARTESIAN_POINT('',(222.9709860104,267.79816752663,341.5583246835
    ));
#393 = CARTESIAN_POINT('',(224.42558407481,268.76573561489,
    339.81196131401));
#394 = CARTESIAN_POINT('',(226.06116958928,269.59956904068,
    339.08577838366));
#395 = CARTESIAN_POINT('',(227.59389013213,270.3262169568,
    339.10228540163));
#396 = CARTESIAN_POINT('',(228.77494375206,270.98262649956,
    339.66517141818));
#397 = CARTESIAN_POINT('',(230.22372093525,272.23461463346,
    341.42064196261));
#398 = CARTESIAN_POINT('',(230.49100139036,272.83020003374,
    342.61293910123));
#399 = CARTESIAN_POINT('',(230.18337987924,273.43528622832,
    343.90552299266));
#400 = CARTESIAN_POINT('',(229.29738255689,274.09307350108,
    345.02978585774));
#401 = CARTESIAN_POINT('',(227.79624394586,274.84386543931,
    345.8912863074));
#402 = CARTESIAN_POINT('',(225.67113103897,275.71881296064,
    345.77444697327));
#403 = CARTESIAN_POINT('',(223.87440219957,276.73379470883,
    344.44253709374));
#404 = CARTESIAN_POINT('',(223.00111683468,277.88952632526,
    342.37395313049));
#405 = CARTESIAN_POINT('',(223.22271161627,279.17267831385,
    340.21582637032));
#406 = CARTESIAN_POINT('',(223.4443017526,280.45583762661,
    338.05769178519));
#407 = CARTESIAN_POINT('',(224.75959198553,281.86661793743,
    335.80931001111));
#408 = CARTESIAN_POINT('',(227.33076724303,283.39138828936,
    334.1377595714));
#409 = CARTESIAN_POINT('',(230.84970090827,285.00385712009,
    333.84562144371));
#410 = CARTESIAN_POINT('',(234.27560255896,286.66444014635,
    335.72137262158));
#411 = CARTESIAN_POINT('',(235.95581497994,288.32849257825,
    338.99821579569));
#412 = CARTESIAN_POINT('',(235.84707608739,289.95103040041,
    342.27212470933));
#413 = CARTESIAN_POINT('',(234.46269478926,291.49512507791,
    344.75947178906));
#414 = CARTESIAN_POINT('',(230.5506926945,294.37451019733,
    347.59210685785));
#415 = CARTESIAN_POINT('',(228.02202057566,295.70982176916,
    347.9373672385));
#416 = CARTESIAN_POINT('',(225.61938383056,296.91487350686,
    346.94923245126));
#417 = CARTESIAN_POINT('',(224.1748898564,297.97484969416,
    344.86084294666));
#418 = CARTESIAN_POINT('',(224.18075666258,298.89088409905,
    342.71545166756));
#419 = CARTESIAN_POINT('',(224.91215623491,299.67897725502,
    341.18676376252));
#420 = CARTESIAN_POINT('',(226.03908069684,300.37120494571,
    340.24110212394));
#421 = CARTESIAN_POINT('',(227.26918128397,301.00542689862,
    339.91159114549));
#422 = CARTESIAN_POINT('',(228.37479148202,301.62254919983,
    340.11361766659));
#423 = CARTESIAN_POINT('',(229.48040364879,302.23966542258,
    340.3156445399));
#424 = CARTESIAN_POINT('',(230.46131244359,302.83927697618,
    341.04933614472));
#425 = CARTESIAN_POINT('',(231.08847672733,303.46314945734,
    342.25141216118));
#426 = CARTESIAN_POINT('',(231.16664634212,304.15182906946,
    343.74225246145));
#427 = CARTESIAN_POINT('',(230.53896973652,304.94582947534,
    345.47199099403));
#428 = CARTESIAN_POINT('',(228.73459193424,305.87050973467,
    346.8021208746));
#429 = CARTESIAN_POINT('',(226.39835746796,306.9389880917,
    346.92722855831));
#430 = CARTESIAN_POINT('',(224.32519681618,308.14690178949,
    345.8525415998));
#431 = CARTESIAN_POINT('',(221.81511770212,310.80773090631,
    342.1332148048));
#432 = CARTESIAN_POINT('',(221.37723009018,312.2606389013,
    339.48844737197));
#433 = CARTESIAN_POINT('',(222.31454820742,313.81889170598,
    336.49592974994));
#434 = CARTESIAN_POINT('',(224.89083010511,315.45252747516,
    333.99844316181));
#435 = CARTESIAN_POINT('',(228.74770955965,317.11992211961,
    333.28782805314));
#436 = CARTESIAN_POINT('',(232.09778595246,318.77628579485,
    334.74496707052));
#437 = CARTESIAN_POINT('',(234.06981961536,320.37687716059,
    337.30057362446));
#438 = CARTESIAN_POINT('',(234.58304051392,321.88814844212,
    340.0390833144));
#439 = CARTESIAN_POINT('',(234.00558975271,323.28688978335,
    342.31803453435));
#440 = CARTESIAN_POINT('',(230.2,240.20959794779,342.40415962973));
#441 = CARTESIAN_POINT('',(230.21144497975,240.84961672621,
    343.56401294773));
#442 = CARTESIAN_POINT('',(229.65970486888,241.53270903951,
    344.79811381859));
#443 = CARTESIAN_POINT('',(228.4517063072,242.29872860068,
    345.85128055563));
#444 = CARTESIAN_POINT('',(226.63760784741,243.17995678989,
    346.38548420327));
#445 = CARTESIAN_POINT('',(224.27532201846,244.20213200841,
    345.93889100723));
#446 = CARTESIAN_POINT('',(222.34935541496,245.37160791068,
    343.94411728073));
#447 = CARTESIAN_POINT('',(221.79746006517,246.68095612045,
    341.20851354578));
#448 = CARTESIAN_POINT('',(222.65188953475,248.10719559238,
    338.64219827649));
#449 = CARTESIAN_POINT('',(226.29910505878,251.13028228523,
    335.14175497029));
#450 = CARTESIAN_POINT('',(229.09221387678,252.72711151169,
    334.20664600581));
#451 = CARTESIAN_POINT('',(232.39517226248,254.37750332306,
    334.73025980931));
#452 = CARTESIAN_POINT('',(235.29497234146,256.04061950764,
    337.03683080431));
#453 = CARTESIAN_POINT('',(236.41726832038,257.67099485339,
    340.70467195568));
#454 = CARTESIAN_POINT('',(235.48377058153,259.22604077791,
    343.96267630087));
#455 = CARTESIAN_POINT('',(233.47096158464,260.67226885078,
    346.05909398193));
#456 = CARTESIAN_POINT('',(231.1754579513,261.99023704,346.88728846863)
  );
#457 = CARTESIAN_POINT('',(229.16677483239,263.17465245868,346.733554411
    ));
#458 = CARTESIAN_POINT('',(227.15810104396,264.35906267531,
    346.57981468229));
#459 = CARTESIAN_POINT('',(225.43608800012,265.40989620249,
    345.4428169443));
#460 = CARTESIAN_POINT('',(224.54791675185,266.32177201114,
    343.61210761606));
#461 = CARTESIAN_POINT('',(224.79772211351,267.10401869697,
    341.71647303679));
#462 = CARTESIAN_POINT('',(225.75767306972,267.78078690505,
    340.51603119499));
#463 = CARTESIAN_POINT('',(226.90698227606,268.38933675139,
    339.81946374669));
#464 = CARTESIAN_POINT('',(228.20680950347,268.97332428567,
    339.69672031843));
#465 = CARTESIAN_POINT('',(229.36373515368,269.57604983581,
    340.1541473344));
#466 = CARTESIAN_POINT('',(230.91346784735,270.89349518959,
    341.95904327138));
#467 = CARTESIAN_POINT('',(231.30625353272,271.60820397851,
    343.30591907727));
#468 = CARTESIAN_POINT('',(231.05685613321,272.41614615567,
    344.96735618765));
#469 = CARTESIAN_POINT('',(229.95515062703,273.34866852772,
    346.63551712047));
#470 = CARTESIAN_POINT('',(227.73178836843,274.42484851244,
    347.8541251419));
#471 = CARTESIAN_POINT('',(224.86497023131,275.64914915787,
    347.5170275936));
#472 = CARTESIAN_POINT('',(222.62916740233,277.00758414778,
    345.70071330749));
#473 = CARTESIAN_POINT('',(221.62366469922,278.47476765025,
    343.11662622378));
#474 = CARTESIAN_POINT('',(221.90681330935,280.01632621461,
    340.55739607828));
#475 = CARTESIAN_POINT('',(222.18995950947,281.55789246517,
    337.99816335776));
#476 = CARTESIAN_POINT('',(223.76112207078,283.17420814607,
    335.46295300151));
#477 = CARTESIAN_POINT('',(226.65878395871,284.83016594407,
    333.75404493706));
#478 = CARTESIAN_POINT('',(230.35718161485,286.48525607135,
    333.70185625674));
#479 = CARTESIAN_POINT('',(233.49982950297,288.09243776638,
    335.80727282807));
#480 = CARTESIAN_POINT('',(234.81274205128,289.61249161518,
    338.84059488286));
#481 = CARTESIAN_POINT('',(234.6054241832,291.01433865045,
    341.64987502612));
#482 = CARTESIAN_POINT('',(233.41510276462,292.28276632392,
    343.67950991238));
#483 = CARTESIAN_POINT('',(230.26475960823,294.5502280145,
    345.92731776351));
#484 = CARTESIAN_POINT('',(228.30398159146,295.54928973811,
    346.14503851595));
#485 = CARTESIAN_POINT('',(226.53844990234,296.41255122898,
    345.34488388094));
#486 = CARTESIAN_POINT('',(225.56966258573,297.15320083324,
    343.81536297043));
#487 = CARTESIAN_POINT('',(225.50763379234,297.79987634373,
    342.36093647963));
#488 = CARTESIAN_POINT('',(225.89638299969,298.39122958378,
    341.10021995308));
#489 = CARTESIAN_POINT('',(226.80003527676,298.97308586977,
    340.15174668217));
#490 = CARTESIAN_POINT('',(228.00059605262,299.58727903864,
    339.74120455327));
#491 = CARTESIAN_POINT('',(229.21060639213,300.26942156739,
    339.93909246385));
#492 = CARTESIAN_POINT('',(230.42062439721,300.95156251161,
    340.13697786633));
#493 = CARTESIAN_POINT('',(231.64015983034,301.70134645366,
    340.94261970066));
#494 = CARTESIAN_POINT('',(232.56699624679,302.55512143367,
    342.44323969898));
#495 = CARTESIAN_POINT('',(232.80996617708,303.53929056313,
    344.54022882198));
#496 = CARTESIAN_POINT('',(231.8144252467,304.67119692259,347.0153040158
    ));
#497 = CARTESIAN_POINT('',(229.29015811046,305.94817312304,
    348.62846408756));
#498 = CARTESIAN_POINT('',(226.32477349975,307.35397817856,
    348.65058610628));
#499 = CARTESIAN_POINT('',(223.84709301175,308.8587287251,
    347.27369253348));
#500 = CARTESIAN_POINT('',(220.95605359693,311.99385854178,
    342.91427876246));
#501 = CARTESIAN_POINT('',(220.54181292939,313.62422203602,
    339.93110524328));
#502 = CARTESIAN_POINT('',(221.69222255935,315.2811431515,
    336.76047539642));
#503 = CARTESIAN_POINT('',(224.5071286301,316.92161995182,
    334.38795341815));
#504 = CARTESIAN_POINT('',(228.20976817529,318.50135650778,
    334.04267770162));
#505 = CARTESIAN_POINT('',(231.06726040654,319.98173454989,
    335.50962145121));
#506 = CARTESIAN_POINT('',(232.64620144064,321.33639394542,
    337.72894292394));
#507 = CARTESIAN_POINT('',(233.01577051063,322.55374710381,
    339.9618514652));
#508 = CARTESIAN_POINT('',(232.54840523719,323.63681474328,
    341.75752957438));
#509 = DEFINITIONAL_REPRESENTATION('',(#510),#525);
#510 = B_SPLINE_CURVE_WITH_KNOTS('',4,(#511,#512,#513,#514,#515,#516,
    #517,#518,#519,#520,#521,#522,#523,#524),.UNSPECIFIED.,.F.,.F.,(5,3,
    3,3,5),(0.,0.498061542949,0.99200103161,0.999874000468,1.),
  .UNSPECIFIED.);
#511 = CARTESIAN_POINT('',(0.,0.214017658798));
#512 = CARTESIAN_POINT('',(9.957872127824E-02,0.187104811898));
#513 = CARTESIAN_POINT('',(0.199174904525,0.160326194849));
#514 = CARTESIAN_POINT('',(0.298783703825,0.133646038467));
#515 = CARTESIAN_POINT('',(0.49719308731,8.063584860584E-02));
#516 = CARTESIAN_POINT('',(0.595993526713,5.430469277833E-02));
#517 = CARTESIAN_POINT('',(0.694797546076,2.800461354759E-02));
#518 = CARTESIAN_POINT('',(0.795175654075,1.284260524343E-03));
#519 = CARTESIAN_POINT('',(0.79675050935,8.650894762189E-04));
#520 = CARTESIAN_POINT('',(0.798325312161,4.45772130458E-04));
#521 = CARTESIAN_POINT('',(0.799925374551,1.990133879926E-05));
#522 = CARTESIAN_POINT('',(0.799949248511,1.435567876634E-05));
#523 = CARTESIAN_POINT('',(0.799973968659,5.931429029502E-06));
#524 = CARTESIAN_POINT('',(0.799998881342,7.998565036461E-07));
#525 = ( GEOMETRIC_REPRESENTATION_CONTEXT(2) 
PARAMETRIC_REPRESENTATION_CONTEXT() REPRESENTATION_CONTEXT('2D SPACE',''
  ) );
#526 = ORIENTED_EDGE('',*,*,#527,.F.);
#527 = EDGE_CURVE('',#111,#333,#528,.T.);
#528 = SURFACE_CURVE('',#529,(#557,#588),.PCURVE_S1.);
#529 = B_SPLINE_CURVE_WITH_KNOTS('',6,(#530,#531,#532,#533,#534,#535,
    #536,#537,#538,#539,#540,#541,#542,#543,#544,#545,#546,#547,#548,
    #549,#550,#551,#552,#553,#554,#555,#556),.UNSPECIFIED.,.F.,.F.,(7,5,
    5,5,5,7),(0.,0.486635396868,0.954267646206,0.985383535392,
    0.999892133395,1.),.UNSPECIFIED.);
#530 = CARTESIAN_POINT('',(228.69668106433,243.2034257889,
    343.93734558619));
#531 = CARTESIAN_POINT('',(228.90696586383,243.02009747384,
    343.88343446224));
#532 = CARTESIAN_POINT('',(229.10933244994,242.83564740896,
    343.80236329698));
#533 = CARTESIAN_POINT('',(229.29954811253,242.65029316863,
    343.69568350219));
#534 = CARTESIAN_POINT('',(229.47383390933,242.46417643886,
    343.56575265508));
#535 = CARTESIAN_POINT('',(229.62897456577,242.27743939538,
    343.41553363478));
#536 = CARTESIAN_POINT('',(229.8906775748,241.91036844403,
    343.08803186582));
#537 = CARTESIAN_POINT('',(229.99892173132,241.73004058302,
    342.91200879582));
#538 = CARTESIAN_POINT('',(230.08489533784,241.54941481999,
    342.72355122454));
#539 = CARTESIAN_POINT('',(230.14698777455,241.36858748005,
    342.52613409166));
#540 = CARTESIAN_POINT('',(230.18419681708,241.18759031349,
    342.32350757111));
#541 = CARTESIAN_POINT('',(230.19722888609,240.99430307995,
    342.10611963118));
#542 = CARTESIAN_POINT('',(230.19793129359,240.98224321066,
    342.09255187271));
#543 = CARTESIAN_POINT('',(230.19852303249,240.97018224673,
    342.0789799214));
#544 = CARTESIAN_POINT('',(230.19900408895,240.95812015995,
    342.06540495163));
#545 = CARTESIAN_POINT('',(230.19937446691,240.9460569194,
    342.05182814109));
#546 = CARTESIAN_POINT('',(230.19975528989,240.92836713608,
    342.03191981978));
#547 = CARTESIAN_POINT('',(230.19985231205,240.9227425234,
    342.02558993352));
#548 = CARTESIAN_POINT('',(230.19992527183,240.9171186748,
    342.01926119784));
#549 = CARTESIAN_POINT('',(230.19997418853,240.91149562572,
    342.01293378146));
#550 = CARTESIAN_POINT('',(230.19999908344,240.90587342574,
    342.00660783596));
#551 = CARTESIAN_POINT('',(230.19999998657,240.90021034613,
    342.00023647643));
#552 = CARTESIAN_POINT('',(230.1999999919,240.90016864449,
    342.00018937805));
#553 = CARTESIAN_POINT('',(230.19999999592,240.90012685617,
    342.00014238785));
#554 = CARTESIAN_POINT('',(230.1999999986,240.90008495998,
    342.00009551768));
#555 = CARTESIAN_POINT('',(230.19999999996,240.90004309095,
    342.00004860404));
#556 = CARTESIAN_POINT('',(230.2,240.90000154039,342.00000130808));
#557 = PCURVE('',#31,#558);
#558 = DEFINITIONAL_REPRESENTATION('',(#559),#587);
#559 = B_SPLINE_CURVE_WITH_KNOTS('',6,(#560,#561,#562,#563,#564,#565,
    #566,#567,#568,#569,#570,#571,#572,#573,#574,#575,#576,#577,#578,
    #579,#580,#581,#582,#583,#584,#585,#586),.UNSPECIFIED.,.F.,.F.,(7,5,
    5,5,5,7),(0.,0.486635396868,0.954267646206,0.985383535392,
    0.999892133395,1.),.UNSPECIFIED.);
#560 = CARTESIAN_POINT('',(0.250966742348,7.203425788908));
#561 = CARTESIAN_POINT('',(0.359509482992,7.020097473843));
#562 = CARTESIAN_POINT('',(0.467589409747,6.835647408962));
#563 = CARTESIAN_POINT('',(0.575267067791,6.65029316863));
#564 = CARTESIAN_POINT('',(0.682618312916,6.464176438867));
#565 = CARTESIAN_POINT('',(0.789719003185,6.277439395384));
#566 = CARTESIAN_POINT('',(0.999329280613,5.910368444038));
#567 = CARTESIAN_POINT('',(1.101871147444,5.730040583022));
#568 = CARTESIAN_POINT('',(1.204272080756,5.54941481999));
#569 = CARTESIAN_POINT('',(1.306579195657,5.368587480059));
#570 = CARTESIAN_POINT('',(1.408823805337,5.18759031349));
#571 = CARTESIAN_POINT('',(1.517712913209,4.994303079958));
#572 = CARTESIAN_POINT('',(1.524505651538,4.982243210667));
#573 = CARTESIAN_POINT('',(1.53129773568,4.970182246738));
#574 = CARTESIAN_POINT('',(1.5380891428,4.958120159956));
#575 = CARTESIAN_POINT('',(1.544879848189,4.946056919405));
#576 = CARTESIAN_POINT('',(1.554835829853,4.928367136083));
#577 = CARTESIAN_POINT('',(1.558001121886,4.922742523408));
#578 = CARTESIAN_POINT('',(1.561165665759,4.917118674802));
#579 = CARTESIAN_POINT('',(1.564329434301,4.911495625726));
#580 = CARTESIAN_POINT('',(1.567492408778,4.905873425747));
#581 = CARTESIAN_POINT('',(1.570678088576,4.900210346137));
#582 = CARTESIAN_POINT('',(1.570701637769,4.900168644496));
#583 = CARTESIAN_POINT('',(1.570725132869,4.900126856175));
#584 = CARTESIAN_POINT('',(1.570748567953,4.900084959981));
#585 = CARTESIAN_POINT('',(1.570772024771,4.900043090959));
#586 = CARTESIAN_POINT('',(1.570795672754,4.900001540398));
#587 = ( GEOMETRIC_REPRESENTATION_CONTEXT(2) 
PARAMETRIC_REPRESENTATION_CONTEXT() REPRESENTATION_CONTEXT('2D SPACE',''
  ) );
#588 = PCURVE('',#589,#728);
#589 = B_SPLINE_SURFACE_WITH_KNOTS('',1,9,(
    (#590,#591,#592,#593,#594,#595,#596,#597,#598,#599,#600,#601,#602
      ,#603,#604,#605,#606,#607,#608,#609,#610,#611,#612,#613,#614,#615
      ,#616,#617,#618,#619,#620,#621,#622,#623,#624,#625,#626,#627,#628
      ,#629,#630,#631,#632,#633,#634,#635,#636,#637,#638,#639,#640,#641
      ,#642,#643,#644,#645,#646,#647,#648,#649,#650,#651,#652,#653,#654
      ,#655,#656,#657,#658)
    ,(#659,#660,#661,#662,#663,#664,#665,#666,#667,#668,#669,#670,#671
      ,#672,#673,#674,#675,#676,#677,#678,#679,#680,#681,#682,#683,#684
      ,#685,#686,#687,#688,#689,#690,#691,#692,#693,#694,#695,#696,#697
      ,#698,#699,#700,#701,#702,#703,#704,#705,#706,#707,#708,#709,#710
      ,#711,#712,#713,#714,#715,#716,#717,#718,#719,#720,#721,#722,#723
      ,#724,#725,#726,#727
    )),.UNSPECIFIED.,.F.,.F.,.F.,(2,2),(10,8,9,8,9,8,9,8,10),(0.,1.6),(
    0.,10.824004257924,21.648008515848,32.472012773771,43.296017031695,
    54.120021289619,64.944025547543,75.768029805466,86.59203406339),
  .UNSPECIFIED.);
#590 = CARTESIAN_POINT('',(230.2,241.5904020522,341.59584037026));
#591 = CARTESIAN_POINT('',(230.18855508361,242.2304226124,
    342.75569666487));
#592 = CARTESIAN_POINT('',(229.61337065672,242.82667511067,
    343.84133543812));
#593 = CARTESIAN_POINT('',(228.54714578641,243.41902632895,
    344.60474873155));
#594 = CARTESIAN_POINT('',(227.18800753193,244.04907322366,
    344.85365071987));
#595 = CARTESIAN_POINT('',(225.58640532827,244.76134350248,
    344.5528955331));
#596 = CARTESIAN_POINT('',(224.10514409249,245.58810666805,
    343.18342768753));
#597 = CARTESIAN_POINT('',(223.59523474994,246.55092874657,
    341.10994649432));
#598 = CARTESIAN_POINT('',(224.21914061167,247.65414858884,
    339.04770176493));
#599 = CARTESIAN_POINT('',(227.21699401198,250.12304919906,
    336.12609417861));
#600 = CARTESIAN_POINT('',(229.59073012191,251.48870282939,
    335.2658512427));
#601 = CARTESIAN_POINT('',(232.56066866094,252.97623600441,
    335.6072496349));
#602 = CARTESIAN_POINT('',(235.41249264534,254.56235908969,
    337.5764338466));
#603 = CARTESIAN_POINT('',(236.87294762825,256.21038805577,
    341.16751698598));
#604 = CARTESIAN_POINT('',(236.0927990581,257.87684530222,
    344.78366620217));
#605 = CARTESIAN_POINT('',(233.89831139501,259.51564911147,
    347.26840612162));
#606 = CARTESIAN_POINT('',(231.19461552644,261.08830849562,
    348.31678860476));
#607 = CARTESIAN_POINT('',(228.72636145643,262.56567483366,
    348.14606363592));
#608 = CARTESIAN_POINT('',(226.25811593241,264.04304072775,
    347.97533422217));
#609 = CARTESIAN_POINT('',(224.02482458865,265.42534197467,
    346.58452318237));
#610 = CARTESIAN_POINT('',(222.75412035326,266.68283486073,
    344.20701923464));
#611 = CARTESIAN_POINT('',(222.9709860104,267.79816752663,341.5583246835
    ));
#612 = CARTESIAN_POINT('',(224.42558407481,268.76573561489,
    339.81196131401));
#613 = CARTESIAN_POINT('',(226.06116958928,269.59956904068,
    339.08577838366));
#614 = CARTESIAN_POINT('',(227.59389013213,270.3262169568,
    339.10228540163));
#615 = CARTESIAN_POINT('',(228.77494375206,270.98262649956,
    339.66517141818));
#616 = CARTESIAN_POINT('',(230.22372093525,272.23461463346,
    341.42064196261));
#617 = CARTESIAN_POINT('',(230.49100139036,272.83020003374,
    342.61293910123));
#618 = CARTESIAN_POINT('',(230.18337987924,273.43528622832,
    343.90552299266));
#619 = CARTESIAN_POINT('',(229.29738255689,274.09307350108,
    345.02978585774));
#620 = CARTESIAN_POINT('',(227.79624394586,274.84386543931,
    345.8912863074));
#621 = CARTESIAN_POINT('',(225.67113103897,275.71881296064,
    345.77444697327));
#622 = CARTESIAN_POINT('',(223.87440219957,276.73379470883,
    344.44253709374));
#623 = CARTESIAN_POINT('',(223.00111683468,277.88952632526,
    342.37395313049));
#624 = CARTESIAN_POINT('',(223.22271161627,279.17267831385,
    340.21582637032));
#625 = CARTESIAN_POINT('',(223.4443017526,280.45583762661,
    338.05769178519));
#626 = CARTESIAN_POINT('',(224.75959198553,281.86661793743,
    335.80931001111));
#627 = CARTESIAN_POINT('',(227.33076724303,283.39138828936,
    334.1377595714));
#628 = CARTESIAN_POINT('',(230.84970090827,285.00385712009,
    333.84562144371));
#629 = CARTESIAN_POINT('',(234.27560255896,286.66444014635,
    335.72137262158));
#630 = CARTESIAN_POINT('',(235.95581497994,288.32849257825,
    338.99821579569));
#631 = CARTESIAN_POINT('',(235.84707608739,289.95103040041,
    342.27212470933));
#632 = CARTESIAN_POINT('',(234.46269478926,291.49512507791,
    344.75947178906));
#633 = CARTESIAN_POINT('',(230.5506926945,294.37451019733,
    347.59210685785));
#634 = CARTESIAN_POINT('',(228.02202057566,295.70982176916,
    347.9373672385));
#635 = CARTESIAN_POINT('',(225.61938383056,296.91487350686,
    346.94923245126));
#636 = CARTESIAN_POINT('',(224.1748898564,297.97484969416,
    344.86084294666));
#637 = CARTESIAN_POINT('',(224.18075666258,298.89088409905,
    342.71545166756));
#638 = CARTESIAN_POINT('',(224.91215623491,299.67897725502,
    341.18676376252));
#639 = CARTESIAN_POINT('',(226.03908069684,300.37120494571,
    340.24110212394));
#640 = CARTESIAN_POINT('',(227.26918128397,301.00542689862,
    339.91159114549));
#641 = CARTESIAN_POINT('',(228.37479148202,301.62254919983,
    340.11361766659));
#642 = CARTESIAN_POINT('',(229.48040364879,302.23966542258,
    340.3156445399));
#643 = CARTESIAN_POINT('',(230.46131244359,302.83927697618,
    341.04933614472));
#644 = CARTESIAN_POINT('',(231.08847672733,303.46314945734,
    342.25141216118));
#645 = CARTESIAN_POINT('',(231.16664634212,304.15182906946,
    343.74225246145));
#646 = CARTESIAN_POINT('',(230.53896973652,304.94582947534,
    345.47199099403));
#647 = CARTESIAN_POINT('',(228.73459193424,305.87050973467,
    346.8021208746));
#648 = CARTESIAN_POINT('',(226.39835746796,306.9389880917,
    346.92722855831));
#649 = CARTESIAN_POINT('',(224.32519681618,308.14690178949,
    345.8525415998));
#650 = CARTESIAN_POINT('',(221.81511770212,310.80773090631,
    342.1332148048));
#651 = CARTESIAN_POINT('',(221.37723009018,312.2606389013,
    339.48844737197));
#652 = CARTESIAN_POINT('',(222.31454820742,313.81889170598,
    336.49592974994));
#653 = CARTESIAN_POINT('',(224.89083010511,315.45252747516,
    333.99844316181));
#654 = CARTESIAN_POINT('',(228.74770955965,317.11992211961,
    333.28782805314));
#655 = CARTESIAN_POINT('',(232.09778595246,318.77628579485,
    334.74496707052));
#656 = CARTESIAN_POINT('',(234.06981961536,320.37687716059,
    337.30057362446));
#657 = CARTESIAN_POINT('',(234.58304051392,321.88814844212,
    340.0390833144));
#658 = CARTESIAN_POINT('',(234.00558975271,323.28688978335,
    342.31803453435));
#659 = CARTESIAN_POINT('',(230.2,240.20959794779,342.40415962973));
#660 = CARTESIAN_POINT('',(230.21144497975,240.84961672621,
    343.56401294773));
#661 = CARTESIAN_POINT('',(229.65970486888,241.53270903951,
    344.79811381859));
#662 = CARTESIAN_POINT('',(228.4517063072,242.29872860068,
    345.85128055563));
#663 = CARTESIAN_POINT('',(226.63760784741,243.17995678989,
    346.38548420327));
#664 = CARTESIAN_POINT('',(224.27532201846,244.20213200841,
    345.93889100723));
#665 = CARTESIAN_POINT('',(222.34935541496,245.37160791068,
    343.94411728073));
#666 = CARTESIAN_POINT('',(221.79746006517,246.68095612045,
    341.20851354578));
#667 = CARTESIAN_POINT('',(222.65188953475,248.10719559238,
    338.64219827649));
#668 = CARTESIAN_POINT('',(226.29910505878,251.13028228523,
    335.14175497029));
#669 = CARTESIAN_POINT('',(229.09221387678,252.72711151169,
    334.20664600581));
#670 = CARTESIAN_POINT('',(232.39517226248,254.37750332306,
    334.73025980931));
#671 = CARTESIAN_POINT('',(235.29497234146,256.04061950764,
    337.03683080431));
#672 = CARTESIAN_POINT('',(236.41726832038,257.67099485339,
    340.70467195568));
#673 = CARTESIAN_POINT('',(235.48377058153,259.22604077791,
    343.96267630087));
#674 = CARTESIAN_POINT('',(233.47096158464,260.67226885078,
    346.05909398193));
#675 = CARTESIAN_POINT('',(231.1754579513,261.99023704,346.88728846863)
  );
#676 = CARTESIAN_POINT('',(229.16677483239,263.17465245868,346.733554411
    ));
#677 = CARTESIAN_POINT('',(227.15810104396,264.35906267531,
    346.57981468229));
#678 = CARTESIAN_POINT('',(225.43608800012,265.40989620249,
    345.4428169443));
#679 = CARTESIAN_POINT('',(224.54791675185,266.32177201114,
    343.61210761606));
#680 = CARTESIAN_POINT('',(224.79772211351,267.10401869697,
    341.71647303679));
#681 = CARTESIAN_POINT('',(225.75767306972,267.78078690505,
    340.51603119499));
#682 = CARTESIAN_POINT('',(226.90698227606,268.38933675139,
    339.81946374669));
#683 = CARTESIAN_POINT('',(228.20680950347,268.97332428567,
    339.69672031843));
#684 = CARTESIAN_POINT('',(229.36373515368,269.57604983581,
    340.1541473344));
#685 = CARTESIAN_POINT('',(230.91346784735,270.89349518959,
    341.95904327138));
#686 = CARTESIAN_POINT('',(231.30625353272,271.60820397851,
    343.30591907727));
#687 = CARTESIAN_POINT('',(231.05685613321,272.41614615567,
    344.96735618765));
#688 = CARTESIAN_POINT('',(229.95515062703,273.34866852772,
    346.63551712047));
#689 = CARTESIAN_POINT('',(227.73178836843,274.42484851244,
    347.8541251419));
#690 = CARTESIAN_POINT('',(224.86497023131,275.64914915787,
    347.5170275936));
#691 = CARTESIAN_POINT('',(222.62916740233,277.00758414778,
    345.70071330749));
#692 = CARTESIAN_POINT('',(221.62366469922,278.47476765025,
    343.11662622378));
#693 = CARTESIAN_POINT('',(221.90681330935,280.01632621461,
    340.55739607828));
#694 = CARTESIAN_POINT('',(222.18995950947,281.55789246517,
    337.99816335776));
#695 = CARTESIAN_POINT('',(223.76112207078,283.17420814607,
    335.46295300151));
#696 = CARTESIAN_POINT('',(226.65878395871,284.83016594407,
    333.75404493706));
#697 = CARTESIAN_POINT('',(230.35718161485,286.48525607135,
    333.70185625674));
#698 = CARTESIAN_POINT('',(233.49982950297,288.09243776638,
    335.80727282807));
#699 = CARTESIAN_POINT('',(234.81274205128,289.61249161518,
    338.84059488286));
#700 = CARTESIAN_POINT('',(234.6054241832,291.01433865045,
    341.64987502612));
#701 = CARTESIAN_POINT('',(233.41510276462,292.28276632392,
    343.67950991238));
#702 = CARTESIAN_POINT('',(230.26475960823,294.5502280145,
    345.92731776351));
#703 = CARTESIAN_POINT('',(228.30398159146,295.54928973811,
    346.14503851595));
#704 = CARTESIAN_POINT('',(226.53844990234,296.41255122898,
    345.34488388094));
#705 = CARTESIAN_POINT('',(225.56966258573,297.15320083324,
    343.81536297043));
#706 = CARTESIAN_POINT('',(225.50763379234,297.79987634373,
    342.36093647963));
#707 = CARTESIAN_POINT('',(225.89638299969,298.39122958378,
    341.10021995308));
#708 = CARTESIAN_POINT('',(226.80003527676,298.97308586977,
    340.15174668217));
#709 = CARTESIAN_POINT('',(228.00059605262,299.58727903864,
    339.74120455327));
#710 = CARTESIAN_POINT('',(229.21060639213,300.26942156739,
    339.93909246385));
#711 = CARTESIAN_POINT('',(230.42062439721,300.95156251161,
    340.13697786633));
#712 = CARTESIAN_POINT('',(231.64015983034,301.70134645366,
    340.94261970066));
#713 = CARTESIAN_POINT('',(232.56699624679,302.55512143367,
    342.44323969898));
#714 = CARTESIAN_POINT('',(232.80996617708,303.53929056313,
    344.54022882198));
#715 = CARTESIAN_POINT('',(231.8144252467,304.67119692259,347.0153040158
    ));
#716 = CARTESIAN_POINT('',(229.29015811046,305.94817312304,
    348.62846408756));
#717 = CARTESIAN_POINT('',(226.32477349975,307.35397817856,
    348.65058610628));
#718 = CARTESIAN_POINT('',(223.84709301175,308.8587287251,
    347.27369253348));
#719 = CARTESIAN_POINT('',(220.95605359693,311.99385854178,
    342.91427876246));
#720 = CARTESIAN_POINT('',(220.54181292939,313.62422203602,
    339.93110524328));
#721 = CARTESIAN_POINT('',(221.69222255935,315.2811431515,
    336.76047539642));
#722 = CARTESIAN_POINT('',(224.5071286301,316.92161995182,
    334.38795341815));
#723 = CARTESIAN_POINT('',(228.20976817529,318.50135650778,
    334.04267770162));
#724 = CARTESIAN_POINT('',(231.06726040654,319.98173454989,
    335.50962145121));
#725 = CARTESIAN_POINT('',(232.64620144064,321.33639394542,
    337.72894292394));
#726 = CARTESIAN_POINT('',(233.01577051063,322.55374710381,
    339.9618514652));
#727 = CARTESIAN_POINT('',(232.54840523719,323.63681474328,
    341.75752957438));
#728 = DEFINITIONAL_REPRESENTATION('',(#729),#757);
#729 = B_SPLINE_CURVE_WITH_KNOTS('',6,(#730,#731,#732,#733,#734,#735,
    #736,#737,#738,#739,#740,#741,#742,#743,#744,#745,#746,#747,#748,
    #749,#750,#751,#752,#753,#754,#755,#756),.UNSPECIFIED.,.F.,.F.,(7,5,
    5,5,5,7),(0.,0.486635396868,0.954267646206,0.985383535392,
    0.999892133395,1.),.UNSPECIFIED.);
#730 = CARTESIAN_POINT('',(0.,3.124146133824));
#731 = CARTESIAN_POINT('',(7.033541667438E-02,2.870277880955));
#732 = CARTESIAN_POINT('',(0.138967321932,2.616524256848));
#733 = CARTESIAN_POINT('',(0.206174270873,2.362914430668));
#734 = CARTESIAN_POINT('',(0.272210505875,2.109419168707));
#735 = CARTESIAN_POINT('',(0.337272454779,1.855996770493));
#736 = CARTESIAN_POINT('',(0.463286217914,1.359218032179));
#737 = CARTESIAN_POINT('',(0.524309082861,1.115816066184));
#738 = CARTESIAN_POINT('',(0.584757903604,0.872474085953));
#739 = CARTESIAN_POINT('',(0.644792886583,0.62915280316));
#740 = CARTESIAN_POINT('',(0.704640334143,0.385838789579));
#741 = CARTESIAN_POINT('',(0.768711320911,0.126474220011));
#742 = CARTESIAN_POINT('',(0.772709596022,0.110293503397));
#743 = CARTESIAN_POINT('',(0.776709010505,9.411332693735E-02));
#744 = CARTESIAN_POINT('',(0.780709691959,7.793371681453E-02));
#745 = CARTESIAN_POINT('',(0.784711771849,6.175470035262E-02));
#746 = CARTESIAN_POINT('',(0.790582175186,3.803270608163E-02));
#747 = CARTESIAN_POINT('',(0.792448957403,3.049056931128E-02));
#748 = CARTESIAN_POINT('',(0.794315756024,2.294996153299E-02));
#749 = CARTESIAN_POINT('',(0.79618257438,1.541094178184E-02));
#750 = CARTESIAN_POINT('',(0.798049395261,7.873562303221E-03));
#751 = CARTESIAN_POINT('',(0.799930059847,2.818431738433E-04));
#752 = CARTESIAN_POINT('',(0.799943821098,2.257975067301E-04));
#753 = CARTESIAN_POINT('',(0.799957710549,1.697968611081E-04));
#754 = CARTESIAN_POINT('',(0.799971752489,1.13840798788E-04));
#755 = CARTESIAN_POINT('',(0.799985749622,5.786313377779E-05));
#756 = CARTESIAN_POINT('',(0.79999928306,1.731932282957E-06));
#757 = ( GEOMETRIC_REPRESENTATION_CONTEXT(2) 
PARAMETRIC_REPRESENTATION_CONTEXT() REPRESENTATION_CONTEXT('2D SPACE',''
  ) );
#758 = FACE_BOUND('',#759,.T.);
#759 = EDGE_LOOP('',(#760,#984));
#760 = ORIENTED_EDGE('',*,*,#761,.F.);
#761 = EDGE_CURVE('',#762,#764,#766,.T.);
#762 = VERTEX_POINT('',#763);
#763 = CARTESIAN_POINT('',(229.91376317611,256.57820604858,
    340.96897343574));
#764 = VERTEX_POINT('',#765);
#765 = CARTESIAN_POINT('',(229.47740197808,258.07830872672,
    343.53891006442));
#766 = SURFACE_CURVE('',#767,(#791,#818),.PCURVE_S1.);
#767 = B_SPLINE_CURVE_WITH_KNOTS('',8,(#768,#769,#770,#771,#772,#773,
    #774,#775,#776,#777,#778,#779,#780,#781,#782,#783,#784,#785,#786,
    #787,#788,#789,#790),.UNSPECIFIED.,.F.,.F.,(9,7,7,9),(0.,
    0.24190184985,0.836953125189,1.),.UNSPECIFIED.);
#768 = CARTESIAN_POINT('',(229.91376317611,256.57820604858,
    340.96897343574));
#769 = CARTESIAN_POINT('',(229.95739095058,256.62485767273,
    341.04149113405));
#770 = CARTESIAN_POINT('',(229.99742565567,256.67182638963,
    341.11597544104));
#771 = CARTESIAN_POINT('',(230.03378726373,256.7190642965,
    341.19223869672));
#772 = CARTESIAN_POINT('',(230.06640406364,256.76652545026,
    341.27009163437));
#773 = CARTESIAN_POINT('',(230.0952124775,256.81416537786,
    341.34934371167));
#774 = CARTESIAN_POINT('',(230.12015687712,256.86194058656,
    341.42980344181));
#775 = CARTESIAN_POINT('',(230.14118940069,256.90980807426,
    341.51127872463));
#776 = CARTESIAN_POINT('',(230.20028555034,257.07559468049,
    341.79602209286));
#777 = CARTESIAN_POINT('',(230.21836114198,257.19369214011,
    342.00332693112));
#778 = CARTESIAN_POINT('',(230.21197543585,257.31145988323,
    342.21276029631));
#779 = CARTESIAN_POINT('',(230.18074859034,257.42825245699,
    342.4214583876));
#780 = CARTESIAN_POINT('',(230.12456997953,257.54331219605,
    342.62642559777));
#781 = CARTESIAN_POINT('',(230.04359244098,257.6556856465,
    342.82454615623));
#782 = CARTESIAN_POINT('',(229.93831631265,257.76418523737,
    343.01267589609));
#783 = CARTESIAN_POINT('',(229.77386572718,257.89528113126,
    343.23551389822));
#784 = CARTESIAN_POINT('',(229.73671650993,257.92305046239,
    343.28243854416));
#785 = CARTESIAN_POINT('',(229.69780058785,257.95035669807,
    343.32829239474));
#786 = CARTESIAN_POINT('',(229.65713434981,257.97715832157,
    343.37300373334));
#787 = CARTESIAN_POINT('',(229.61473718168,258.00340897645,
    343.41649835753));
#788 = CARTESIAN_POINT('',(229.57063161237,258.02905697885,
    343.45869993298));
#789 = CARTESIAN_POINT('',(229.52484346002,258.05404482963,
    343.49953034739));
#790 = CARTESIAN_POINT('',(229.47740197808,258.07830872672,
    343.53891006442));
#791 = PCURVE('',#31,#792);
#792 = DEFINITIONAL_REPRESENTATION('',(#793),#817);
#793 = B_SPLINE_CURVE_WITH_KNOTS('',8,(#794,#795,#796,#797,#798,#799,
    #800,#801,#802,#803,#804,#805,#806,#807,#808,#809,#810,#811,#812,
    #813,#814,#815,#816),.UNSPECIFIED.,.F.,.F.,(9,7,7,9),(0.,
    0.24190184985,0.836953125189,1.),.UNSPECIFIED.);
#794 = CARTESIAN_POINT('',(2.11240287992,20.57820604858));
#795 = CARTESIAN_POINT('',(2.070087991071,20.624857672733));
#796 = CARTESIAN_POINT('',(2.027856670053,20.67182638963));
#797 = CARTESIAN_POINT('',(1.985694475776,20.7190642965));
#798 = CARTESIAN_POINT('',(1.943587445917,20.766525450267));
#799 = CARTESIAN_POINT('',(1.901521820175,20.814165377865));
#800 = CARTESIAN_POINT('',(1.859483763529,20.86194058656));
#801 = CARTESIAN_POINT('',(1.817459089501,20.909808074269));
#802 = CARTESIAN_POINT('',(1.672053501011,21.075594680491));
#803 = CARTESIAN_POINT('',(1.568727074587,21.19369214011));
#804 = CARTESIAN_POINT('',(1.465161404174,21.311459883233));
#805 = CARTESIAN_POINT('',(1.361116531972,21.428252456993));
#806 = CARTESIAN_POINT('',(1.256369170901,21.543312196056));
#807 = CARTESIAN_POINT('',(1.150665563035,21.655685646504));
#808 = CARTESIAN_POINT('',(1.0437230825,21.764185237371));
#809 = CARTESIAN_POINT('',(0.905248562955,21.895281131264));
#810 = CARTESIAN_POINT('',(0.875340883884,21.923050462397));
#811 = CARTESIAN_POINT('',(0.84529921845,21.950356698077));
#812 = CARTESIAN_POINT('',(0.815115596545,21.977158321572));
#813 = CARTESIAN_POINT('',(0.784782372861,22.003408976458));
#814 = CARTESIAN_POINT('',(0.754292005375,22.029056978851));
#815 = CARTESIAN_POINT('',(0.723636833829,22.054044829639));
#816 = CARTESIAN_POINT('',(0.692808858217,22.07830872672));
#817 = ( GEOMETRIC_REPRESENTATION_CONTEXT(2) 
PARAMETRIC_REPRESENTATION_CONTEXT() REPRESENTATION_CONTEXT('2D SPACE',''
  ) );
#818 = PCURVE('',#819,#958);
#819 = B_SPLINE_SURFACE_WITH_KNOTS('',1,9,(
    (#820,#821,#822,#823,#824,#825,#826,#827,#828,#829,#830,#831,#832
      ,#833,#834,#835,#836,#837,#838,#839,#840,#841,#842,#843,#844,#845
      ,#846,#847,#848,#849,#850,#851,#852,#853,#854,#855,#856,#857,#858
      ,#859,#860,#861,#862,#863,#864,#865,#866,#867,#868,#869,#870,#871
      ,#872,#873,#874,#875,#876,#877,#878,#879,#880,#881,#882,#883,#884
      ,#885,#886,#887,#888)
    ,(#889,#890,#891,#892,#893,#894,#895,#896,#897,#898,#899,#900,#901
      ,#902,#903,#904,#905,#906,#907,#908,#909,#910,#911,#912,#913,#914
      ,#915,#916,#917,#918,#919,#920,#921,#922,#923,#924,#925,#926,#927
      ,#928,#929,#930,#931,#932,#933,#934,#935,#936,#937,#938,#939,#940
      ,#941,#942,#943,#944,#945,#946,#947,#948,#949,#950,#951,#952,#953
      ,#954,#955,#956,#957
    )),.UNSPECIFIED.,.F.,.F.,.F.,(2,2),(10,8,9,8,9,8,9,8,10),(0.,4.7),(
    0.,10.824004257924,21.648008515848,32.472012773771,43.296017031695,
    54.120021289619,64.944025547543,75.768029805466,86.59203406339),
  .UNSPECIFIED.);
#820 = CARTESIAN_POINT('',(230.2,240.20959794779,342.40415962973));
#821 = CARTESIAN_POINT('',(230.21144497975,240.84961672621,
    343.56401294773));
#822 = CARTESIAN_POINT('',(229.65970486888,241.53270903951,
    344.79811381859));
#823 = CARTESIAN_POINT('',(228.45170630721,242.29872860067,
    345.85128055563));
#824 = CARTESIAN_POINT('',(226.6376078474,243.1799567899,346.38548420328
    ));
#825 = CARTESIAN_POINT('',(224.27532201847,244.2021320084,
    345.93889100722));
#826 = CARTESIAN_POINT('',(222.34935541495,245.37160791069,
    343.94411728074));
#827 = CARTESIAN_POINT('',(221.79746006517,246.68095612044,
    341.20851354578));
#828 = CARTESIAN_POINT('',(222.65188953474,248.10719559239,
    338.64219827649));
#829 = CARTESIAN_POINT('',(226.29910505878,251.13028228523,
    335.14175497029));
#830 = CARTESIAN_POINT('',(229.09221387679,252.72711151169,
    334.20664600581));
#831 = CARTESIAN_POINT('',(232.39517226247,254.37750332306,
    334.73025980931));
#832 = CARTESIAN_POINT('',(235.29497234147,256.04061950764,
    337.03683080432));
#833 = CARTESIAN_POINT('',(236.41726832037,257.67099485338,
    340.70467195567));
#834 = CARTESIAN_POINT('',(235.48377058154,259.22604077791,
    343.96267630087));
#835 = CARTESIAN_POINT('',(233.47096158464,260.67226885078,
    346.05909398193));
#836 = CARTESIAN_POINT('',(231.1754579513,261.99023704,346.88728846863)
  );
#837 = CARTESIAN_POINT('',(229.16677483239,263.17465245868,346.733554411
    ));
#838 = CARTESIAN_POINT('',(227.15810104396,264.35906267531,
    346.5798146823));
#839 = CARTESIAN_POINT('',(225.43608800013,265.40989620249,
    345.44281694428));
#840 = CARTESIAN_POINT('',(224.54791675184,266.32177201114,
    343.6121076161));
#841 = CARTESIAN_POINT('',(224.79772211353,267.10401869696,
    341.71647303673));
#842 = CARTESIAN_POINT('',(225.7576730697,267.78078690505,
    340.51603119504));
#843 = CARTESIAN_POINT('',(226.90698227607,268.38933675139,
    339.81946374665));
#844 = CARTESIAN_POINT('',(228.20680950346,268.97332428567,
    339.69672031845));
#845 = CARTESIAN_POINT('',(229.36373515368,269.57604983581,
    340.1541473344));
#846 = CARTESIAN_POINT('',(230.91346784735,270.89349518959,
    341.95904327139));
#847 = CARTESIAN_POINT('',(231.30625353273,271.60820397851,
    343.30591907726));
#848 = CARTESIAN_POINT('',(231.05685613321,272.41614615567,
    344.96735618767));
#849 = CARTESIAN_POINT('',(229.95515062703,273.34866852772,
    346.63551712045));
#850 = CARTESIAN_POINT('',(227.73178836843,274.42484851245,
    347.85412514192));
#851 = CARTESIAN_POINT('',(224.86497023131,275.64914915787,
    347.51702759358));
#852 = CARTESIAN_POINT('',(222.62916740233,277.00758414778,
    345.7007133075));
#853 = CARTESIAN_POINT('',(221.62366469922,278.47476765025,
    343.11662622378));
#854 = CARTESIAN_POINT('',(221.90681330935,280.01632621461,
    340.55739607828));
#855 = CARTESIAN_POINT('',(222.18995950947,281.55789246517,
    337.99816335776));
#856 = CARTESIAN_POINT('',(223.76112207077,283.17420814607,
    335.46295300152));
#857 = CARTESIAN_POINT('',(226.65878395871,284.83016594407,
    333.75404493705));
#858 = CARTESIAN_POINT('',(230.35718161485,286.48525607135,
    333.70185625674));
#859 = CARTESIAN_POINT('',(233.49982950297,288.09243776638,
    335.80727282807));
#860 = CARTESIAN_POINT('',(234.81274205128,289.61249161518,
    338.84059488286));
#861 = CARTESIAN_POINT('',(234.6054241832,291.01433865045,
    341.64987502612));
#862 = CARTESIAN_POINT('',(233.41510276462,292.28276632392,
    343.67950991238));
#863 = CARTESIAN_POINT('',(230.26475960823,294.5502280145,
    345.92731776351));
#864 = CARTESIAN_POINT('',(228.30398159147,295.54928973811,
    346.14503851594));
#865 = CARTESIAN_POINT('',(226.53844990233,296.41255122898,
    345.34488388096));
#866 = CARTESIAN_POINT('',(225.56966258574,297.15320083324,
    343.81536297041));
#867 = CARTESIAN_POINT('',(225.50763379233,297.79987634373,
    342.36093647966));
#868 = CARTESIAN_POINT('',(225.8963829997,298.39122958378,
    341.10021995305));
#869 = CARTESIAN_POINT('',(226.80003527675,298.97308586977,
    340.15174668218));
#870 = CARTESIAN_POINT('',(228.00059605262,299.58727903864,
    339.74120455327));
#871 = CARTESIAN_POINT('',(229.21060639213,300.26942156739,
    339.93909246385));
#872 = CARTESIAN_POINT('',(230.42062439721,300.95156251161,
    340.13697786633));
#873 = CARTESIAN_POINT('',(231.64015983033,301.70134645366,
    340.94261970065));
#874 = CARTESIAN_POINT('',(232.5669962468,302.55512143367,
    342.44323969899));
#875 = CARTESIAN_POINT('',(232.80996617707,303.53929056313,
    344.54022882197));
#876 = CARTESIAN_POINT('',(231.81442524671,304.67119692259,
    347.01530401581));
#877 = CARTESIAN_POINT('',(229.29015811046,305.94817312304,
    348.62846408755));
#878 = CARTESIAN_POINT('',(226.32477349975,307.35397817856,
    348.65058610629));
#879 = CARTESIAN_POINT('',(223.84709301175,308.8587287251,
    347.27369253348));
#880 = CARTESIAN_POINT('',(220.95605359693,311.99385854178,
    342.91427876246));
#881 = CARTESIAN_POINT('',(220.54181292939,313.62422203602,
    339.93110524328));
#882 = CARTESIAN_POINT('',(221.69222255935,315.28114315151,
    336.76047539643));
#883 = CARTESIAN_POINT('',(224.5071286301,316.9216199518,334.38795341815
    ));
#884 = CARTESIAN_POINT('',(228.20976817529,318.50135650779,
    334.04267770163));
#885 = CARTESIAN_POINT('',(231.06726040654,319.98173454989,
    335.50962145121));
#886 = CARTESIAN_POINT('',(232.64620144064,321.33639394542,
    337.72894292394));
#887 = CARTESIAN_POINT('',(233.01577051063,322.55374710381,
    339.9618514652));
#888 = CARTESIAN_POINT('',(232.54840523719,323.63681474328,
    341.75752957438));
#889 = CARTESIAN_POINT('',(234.9,240.20959794779,342.40415962973));
#890 = CARTESIAN_POINT('',(234.91144491638,241.80846627661,
    345.06886514163));
#891 = CARTESIAN_POINT('',(233.59508571972,243.45110266672,
    347.80808382974));
#892 = CARTESIAN_POINT('',(230.87888517352,245.09764033831,
    349.79821353273));
#893 = CARTESIAN_POINT('',(227.26737029495,246.70648233126,
    350.17331253677));
#894 = CARTESIAN_POINT('',(224.12411215105,248.23310094239,
    348.42625001492));
#895 = CARTESIAN_POINT('',(222.64961585503,249.6452266651,
    345.75098450793));
#896 = CARTESIAN_POINT('',(222.56842997863,250.92129347569,
    343.18338274119));
#897 = CARTESIAN_POINT('',(223.43001938164,252.05696252225,
    341.24553860141));
#898 = CARTESIAN_POINT('',(225.99784430434,254.06583968983,
    338.92002326392));
#899 = CARTESIAN_POINT('',(227.70471165018,254.93907494834,
    338.53283580929));
#900 = CARTESIAN_POINT('',(229.33300837367,255.69043066224,
    339.05473173032));
#901 = CARTESIAN_POINT('',(230.34489477595,256.34319646599,
    340.27429531749));
#902 = CARTESIAN_POINT('',(230.64937204589,256.93405638836,
    341.54039976263));
#903 = CARTESIAN_POINT('',(230.51397553981,257.50648803145,
    342.84954718929));
#904 = CARTESIAN_POINT('',(229.73702149952,258.10657311051,
    343.9785691972));
#905 = CARTESIAN_POINT('',(228.51113700724,258.77280261557,
    344.59327723099));
#906 = CARTESIAN_POINT('',(227.1614625518,259.53432516633,
    344.53884717268));
#907 = CARTESIAN_POINT('',(225.81177955034,260.29584816102,
    344.48442155925));
#908 = CARTESIAN_POINT('',(224.33820391985,261.15243580344,
    343.76179721697));
#909 = CARTESIAN_POINT('',(223.08281529973,262.13383180539,
    342.20133265906));
#910 = CARTESIAN_POINT('',(222.53565725586,263.25738802947,
    339.85125968763));
#911 = CARTESIAN_POINT('',(223.40465892771,264.52870882917,
    336.98154882106));
#912 = CARTESIAN_POINT('',(225.98079944281,265.9337642928,
    334.99521735853));
#913 = CARTESIAN_POINT('',(229.11591066344,267.44600526538,
    334.66186459473));
#914 = CARTESIAN_POINT('',(231.84055589923,269.02848461154,
    335.81738586149));
#915 = CARTESIAN_POINT('',(235.30214512758,272.25427425541,
    339.92684292764));
#916 = CARTESIAN_POINT('',(236.03990312757,273.89757774401,
    342.88150911737));
#917 = CARTESIAN_POINT('',(235.21502580916,275.53138043846,
    346.12836252586));
#918 = CARTESIAN_POINT('',(232.69034612864,277.11248205412,
    348.67338472226));
#919 = CARTESIAN_POINT('',(229.23881843187,278.60057900566,
    349.28780890802));
#920 = CARTESIAN_POINT('',(226.50107595455,279.96452037213,
    348.20073490662));
#921 = CARTESIAN_POINT('',(224.86524169961,281.18842751376,346.353611652
    ));
#922 = CARTESIAN_POINT('',(224.30965854865,282.27158478567,
    344.40152320334));
#923 = CARTESIAN_POINT('',(224.53759280821,283.22732168619,
    342.76159827178));
#924 = CARTESIAN_POINT('',(224.76553171304,284.18305126254,
    341.12168116519));
#925 = CARTESIAN_POINT('',(225.77823757927,285.01115983945,
    339.79404475675));
#926 = CARTESIAN_POINT('',(227.28691397127,285.72527837873,
    339.17571494137));
#927 = CARTESIAN_POINT('',(228.7775225956,286.35169843401,
    339.43241499937));
#928 = CARTESIAN_POINT('',(229.82289692474,286.93000429905,
    340.14798553008));
#929 = CARTESIAN_POINT('',(230.60254664338,287.50484075468,
    341.23525151298));
#930 = CARTESIAN_POINT('',(230.7527827404,288.12119182188,
    342.63973148668));
#931 = CARTESIAN_POINT('',(230.19180551289,288.81598603319,
    343.95014524058));
#932 = CARTESIAN_POINT('',(227.9599748509,290.41437869155,
    345.67408709202));
#933 = CARTESIAN_POINT('',(226.28970867082,291.31795600868,
    346.08798697419));
#934 = CARTESIAN_POINT('',(224.22745238597,292.35179315949,
    345.67834680431));
#935 = CARTESIAN_POINT('',(222.20981456558,293.53070586208,
    344.14596098917));
#936 = CARTESIAN_POINT('',(221.02215039825,294.85356034439,
    341.26038694501));
#937 = CARTESIAN_POINT('',(221.77885631103,296.30435607924,
    338.00552889831));
#938 = CARTESIAN_POINT('',(224.02752904846,297.85101727595,
    335.71173308044));
#939 = CARTESIAN_POINT('',(226.89524609782,299.45568421264,
    334.85155397416));
#940 = CARTESIAN_POINT('',(229.5546361534,301.0774508002,335.32187119102
    ));
#941 = CARTESIAN_POINT('',(232.21402424025,302.69922346621,
    335.79218805566));
#942 = CARTESIAN_POINT('',(234.66588041726,304.33850080176,
    337.59297796161));
#943 = CARTESIAN_POINT('',(236.08444069813,305.95351720906,
    340.59848463225));
#944 = CARTESIAN_POINT('',(235.74673190922,307.50372648634,
    344.11058439027));
#945 = CARTESIAN_POINT('',(233.52435355782,308.94861496893,
    346.69181371029));
#946 = CARTESIAN_POINT('',(230.82737720862,310.26282359872,
    347.56036099635));
#947 = CARTESIAN_POINT('',(228.49089396378,311.4332341305,
    347.20125803112));
#948 = CARTESIAN_POINT('',(226.88740539945,312.46420932162,
    346.11038324167));
#949 = CARTESIAN_POINT('',(225.21050284576,314.28115798256,
    343.42828373568));
#950 = CARTESIAN_POINT('',(225.1377417469,315.06713887649,
    341.83670309068));
#951 = CARTESIAN_POINT('',(225.85862614088,315.74777496064,
    340.45435968272));
#952 = CARTESIAN_POINT('',(227.10065820838,316.35302808041,
    339.70887711548));
#953 = CARTESIAN_POINT('',(228.33559178232,316.92452232483,
    339.53592153187));
#954 = CARTESIAN_POINT('',(229.67315884215,317.50704753843,
    339.84591823922));
#955 = CARTESIAN_POINT('',(230.7362400337,318.14534506166,340.850763747)
  );
#956 = CARTESIAN_POINT('',(231.16940401604,318.87296266897,
    342.27300249179));
#957 = CARTESIAN_POINT('',(230.85402855474,319.71311021664,
    343.71294013118));
#958 = DEFINITIONAL_REPRESENTATION('',(#959),#983);
#959 = B_SPLINE_CURVE_WITH_KNOTS('',8,(#960,#961,#962,#963,#964,#965,
    #966,#967,#968,#969,#970,#971,#972,#973,#974,#975,#976,#977,#978,
    #979,#980,#981,#982),.UNSPECIFIED.,.F.,.F.,(9,7,7,9),(0.,
    0.24190184985,0.836953125189,1.),.UNSPECIFIED.);
#960 = CARTESIAN_POINT('',(4.7,16.194367415502));
#961 = CARTESIAN_POINT('',(4.684283245289,16.281843040788));
#962 = CARTESIAN_POINT('',(4.669615184907,16.369369411898));
#963 = CARTESIAN_POINT('',(4.655972007629,16.456942988576));
#964 = CARTESIAN_POINT('',(4.64333507222,16.544560894109));
#965 = CARTESIAN_POINT('',(4.631690810708,16.6322210375));
#966 = CARTESIAN_POINT('',(4.621030631647,16.719922235648));
#967 = CARTESIAN_POINT('',(4.611350823392,16.807664335515));
#968 = CARTESIAN_POINT('',(4.581255457725,17.1113870803));
#969 = CARTESIAN_POINT('',(4.565810460131,17.327450359768));
#970 = CARTESIAN_POINT('',(4.556307014712,17.543803474474));
#971 = CARTESIAN_POINT('',(4.552964952645,17.760495996475));
#972 = CARTESIAN_POINT('',(4.556188261223,17.977501337418));
#973 = CARTESIAN_POINT('',(4.56666433691,18.194741332133));
#974 = CARTESIAN_POINT('',(4.585365161576,18.412065150854));
#975 = CARTESIAN_POINT('',(4.621885965318,18.688926745851));
#976 = CARTESIAN_POINT('',(4.630487226413,18.748459978409));
#977 = CARTESIAN_POINT('',(4.639870031445,18.807975037861));
#978 = CARTESIAN_POINT('',(4.650072709244,18.867463026709));
#979 = CARTESIAN_POINT('',(4.66113755988,18.926911967626));
#980 = CARTESIAN_POINT('',(4.673111439514,18.986306826816));
#981 = CARTESIAN_POINT('',(4.686046345252,19.045629537374));
#982 = CARTESIAN_POINT('',(4.7,19.104859022646));
#983 = ( GEOMETRIC_REPRESENTATION_CONTEXT(2) 
PARAMETRIC_REPRESENTATION_CONTEXT() REPRESENTATION_CONTEXT('2D SPACE',''
  ) );
#984 = ORIENTED_EDGE('',*,*,#985,.F.);
#985 = EDGE_CURVE('',#764,#762,#986,.T.);
#986 = SURFACE_CURVE('',#987,(#1081,#1178),.PCURVE_S1.);
#987 = B_SPLINE_CURVE_WITH_KNOTS('',8,(#988,#989,#990,#991,#992,#993,
    #994,#995,#996,#997,#998,#999,#1000,#1001,#1002,#1003,#1004,#1005,
    #1006,#1007,#1008,#1009,#1010,#1011,#1012,#1013,#1014,#1015,#1016,
    #1017,#1018,#1019,#1020,#1021,#1022,#1023,#1024,#1025,#1026,#1027,
    #1028,#1029,#1030,#1031,#1032,#1033,#1034,#1035,#1036,#1037,#1038,
    #1039,#1040,#1041,#1042,#1043,#1044,#1045,#1046,#1047,#1048,#1049,
    #1050,#1051,#1052,#1053,#1054,#1055,#1056,#1057,#1058,#1059,#1060,
    #1061,#1062,#1063,#1064,#1065,#1066,#1067,#1068,#1069,#1070,#1071,
    #1072,#1073,#1074,#1075,#1076,#1077,#1078,#1079,#1080),
  .UNSPECIFIED.,.F.,.F.,(9,7,7,7,7,7,7,7,7,7,7,7,7,9),(0.,0.284111351944
    ,0.585952173678,0.629086032619,0.650778170047,0.674463577951,
    0.685378280589,0.690303543234,0.696348370375,0.712143468557,
    0.726140547519,0.748452176992,0.860795241292,1.),.UNSPECIFIED.);
#988 = CARTESIAN_POINT('',(229.47740197808,258.07830872672,
    343.53891006442));
#989 = CARTESIAN_POINT('',(229.58355203739,257.96179225082,
    343.4507981605));
#990 = CARTESIAN_POINT('',(229.68248069297,257.84484581514,
    343.35454689956));
#991 = CARTESIAN_POINT('',(229.77350318344,257.72751525934,
    343.25085315821));
#992 = CARTESIAN_POINT('',(229.85601645424,257.6098393726,
    343.14047238226));
#993 = CARTESIAN_POINT('',(229.92950016638,257.49185248567,
    343.02420921833));
#994 = CARTESIAN_POINT('',(229.99351871051,257.3735868841,
    342.90290909863));
#995 = CARTESIAN_POINT('',(230.04772422629,257.25507504273,342.777450779
    ));
#996 = CARTESIAN_POINT('',(230.1387512826,257.010219597,342.51199690086)
  );
#997 = CARTESIAN_POINT('',(230.17427952052,256.8838417295,
    342.37157432845));
#998 = CARTESIAN_POINT('',(230.19813725029,256.75725755121,
    342.22855963449));
#999 = CARTESIAN_POINT('',(230.21013203892,256.63050914684,
    342.0840510573));
#1000 = CARTESIAN_POINT('',(230.2102038154,256.5036086381,
    341.93918339397));
#1001 = CARTESIAN_POINT('',(230.19838611145,256.37661062747,
    341.79504027875));
#1002 = CARTESIAN_POINT('',(230.17486167112,256.24951485516,
    341.65275711043));
#1003 = CARTESIAN_POINT('',(230.13489313678,256.10424060282,
    341.49343275475));
#1004 = CARTESIAN_POINT('',(230.12966190094,256.08607585664,
    341.47357036854));
#1005 = CARTESIAN_POINT('',(230.12419757941,256.06791104046,
    341.45376952476));
#1006 = CARTESIAN_POINT('',(230.11850094934,256.04974641337,
    341.43403312414));
#1007 = CARTESIAN_POINT('',(230.11257279747,256.03158230534,
    341.41436397351));
#1008 = CARTESIAN_POINT('',(230.10641384303,256.0134192601,
    341.3947646223));
#1009 = CARTESIAN_POINT('',(230.10002466051,255.99525817813,
    341.37523719892));
#1010 = CARTESIAN_POINT('',(230.09007685981,255.96796889255,
    341.34599980096));
#1011 = CARTESIAN_POINT('',(230.08668998179,255.95883817247,
    341.33623494252));
#1012 = CARTESIAN_POINT('',(230.08324497635,255.94970854461,
    341.32648878999));
#1013 = CARTESIAN_POINT('',(230.07974186526,255.94058023502,
    341.31676148354));
#1014 = CARTESIAN_POINT('',(230.07618063419,255.93145354356,
    341.30705307985));
#1015 = CARTESIAN_POINT('',(230.07256118279,255.92232893686,
    341.29736344649));
#1016 = CARTESIAN_POINT('',(230.06888327474,255.91320714128,
    341.28769215621));
#1017 = CARTESIAN_POINT('',(230.06106633112,255.89413349463,
    341.26749753011));
#1018 = CARTESIAN_POINT('',(230.05691604602,255.88418304684,
    341.25697779007));
#1019 = CARTESIAN_POINT('',(230.0526955905,255.87423757915,
    341.24647904984));
#1020 = CARTESIAN_POINT('',(230.04840130333,255.86430413781,
    341.23599362048));
#1021 = CARTESIAN_POINT('',(230.04403724097,255.85437511462,
    341.22553015514));
#1022 = CARTESIAN_POINT('',(230.03959081062,255.84447521947,
    341.21506211911));
#1023 = CARTESIAN_POINT('',(230.03506894714,255.83459215959,
    341.20460426211));
#1024 = CARTESIAN_POINT('',(230.02829502198,255.8202918166,
    341.18921924495));
#1025 = CARTESIAN_POINT('',(230.0267440108,255.81706786742,
    341.18569472664));
#1026 = CARTESIAN_POINT('',(230.02514121485,255.81375572429,
    341.18209697005));
#1027 = CARTESIAN_POINT('',(230.0231179665,255.80962735838,
    341.17761470183));
#1028 = CARTESIAN_POINT('',(230.02057455792,255.80460204034,
    341.17202734238));
#1029 = CARTESIAN_POINT('',(230.01768024109,255.79924634036,
    341.1657050059));
#1030 = CARTESIAN_POINT('',(230.01487322776,255.79477412814,
    341.15960850034));
#1031 = CARTESIAN_POINT('',(230.01195253106,255.79226701308,
    341.15334029938));
#1032 = CARTESIAN_POINT('',(230.01103478318,255.79180144175,
    341.15137679769));
#1033 = CARTESIAN_POINT('',(230.0101441818,255.79184938716,
    341.14947854961));
#1034 = CARTESIAN_POINT('',(230.00933655201,255.79267566962,
    341.14776279174));
#1035 = CARTESIAN_POINT('',(230.00864102614,255.79429469462,
    341.14628916498));
#1036 = CARTESIAN_POINT('',(230.00805309385,255.79637373977,
    341.14504610219));
#1037 = CARTESIAN_POINT('',(230.00756648448,255.7983552356,
    341.14401870848));
#1038 = CARTESIAN_POINT('',(230.00684794778,255.80156880934,
    341.1425028583));
#1039 = CARTESIAN_POINT('',(230.00649831064,255.80337962725,
    341.14176638294));
#1040 = CARTESIAN_POINT('',(230.006175035,255.80521147801,
    341.14108622314));
#1041 = CARTESIAN_POINT('',(230.00587006966,255.80705588148,
    341.14044524172));
#1042 = CARTESIAN_POINT('',(230.00557987999,255.80890895733,
    341.13983592861));
#1043 = CARTESIAN_POINT('',(230.00530137978,255.81076825309,
    341.13925172304));
#1044 = CARTESIAN_POINT('',(230.00503116205,255.81263233607,
    341.13868537871));
#1045 = CARTESIAN_POINT('',(230.00408046448,255.81939157339,
    341.13669459439));
#1046 = CARTESIAN_POINT('',(230.00344218845,255.82430852339,
    341.13536139771));
#1047 = CARTESIAN_POINT('',(230.0028250446,255.82923759136,
    341.13407499455));
#1048 = CARTESIAN_POINT('',(230.00222362199,255.83417506715,
    341.13282392872));
#1049 = CARTESIAN_POINT('',(230.00163360357,255.83911819564,
    341.13159904703));
#1050 = CARTESIAN_POINT('',(230.00105046917,255.84406458644,
    341.13039075591));
#1051 = CARTESIAN_POINT('',(230.00047362565,255.8490145082,
    341.12919781346));
#1052 = CARTESIAN_POINT('',(229.99939362811,255.85835723819,
    341.12696854264));
#1053 = CARTESIAN_POINT('',(229.99888970717,255.86274865785,
    341.12593015151));
#1054 = CARTESIAN_POINT('',(229.99838837033,255.86714161099,
    341.12489881998));
#1055 = CARTESIAN_POINT('',(229.99788897434,255.87153577879,
    341.12387318571));
#1056 = CARTESIAN_POINT('',(229.99739107279,255.87593094079,
    341.12285230355));
#1057 = CARTESIAN_POINT('',(229.99689435265,255.88032694442,
    341.12183551086));
#1058 = CARTESIAN_POINT('',(229.99639857072,255.88472367454,
    341.12082229293));
#1059 = CARTESIAN_POINT('',(229.9951143215,255.89613048608,
    341.11820195723));
#1060 = CARTESIAN_POINT('',(229.99432694703,255.90314151237,
    341.11659960084));
#1061 = CARTESIAN_POINT('',(229.99354057151,255.9101537243,
    341.11500339636));
#1062 = CARTESIAN_POINT('',(229.99275464084,255.91716685855,
    341.11341217139));
#1063 = CARTESIAN_POINT('',(229.99196878142,255.92418073769,
    341.1118251357));
#1064 = CARTESIAN_POINT('',(229.99118273959,255.93119524191,
    341.110241753));
#1065 = CARTESIAN_POINT('',(229.99039632105,255.93821028075,
    341.10866161261));
#1066 = CARTESIAN_POINT('',(229.98564669023,255.98054998795,
    341.09914225526));
#1067 = CARTESIAN_POINT('',(229.98166952406,256.01588541864,
    341.09127189548));
#1068 = CARTESIAN_POINT('',(229.97765846201,256.05122304567,
    341.08343230068));
#1069 = CARTESIAN_POINT('',(229.97361341159,256.08656272751,
    341.07562335254));
#1070 = CARTESIAN_POINT('',(229.96953267279,256.12190359485,
    341.06784154477));
#1071 = CARTESIAN_POINT('',(229.96541326985,256.15724420991,
    341.06008068849));
#1072 = CARTESIAN_POINT('',(229.96125618751,256.19258497559,
    341.0523429945));
#1073 = CARTESIAN_POINT('',(229.95186093357,256.27171561539,
    341.03506386927));
#1074 = CARTESIAN_POINT('',(229.94660210323,256.31550527452,
    341.02553388631));
#1075 = CARTESIAN_POINT('',(229.94128284072,256.35929373592,
    341.01603450143));
#1076 = CARTESIAN_POINT('',(229.93590253566,256.40308059271,
    341.00656473892));
#1077 = CARTESIAN_POINT('',(229.9304607545,256.44686552337,
    340.99712404032));
#1078 = CARTESIAN_POINT('',(229.92495715977,256.49064825483,
    340.98771209459));
#1079 = CARTESIAN_POINT('',(229.91939142942,256.53442852553,
    340.97832866828));
#1080 = CARTESIAN_POINT('',(229.91376317611,256.57820604858,
    340.96897343574));
#1081 = PCURVE('',#31,#1082);
#1082 = DEFINITIONAL_REPRESENTATION('',(#1083),#1177);
#1083 = B_SPLINE_CURVE_WITH_KNOTS('',8,(#1084,#1085,#1086,#1087,#1088,
    #1089,#1090,#1091,#1092,#1093,#1094,#1095,#1096,#1097,#1098,#1099,
    #1100,#1101,#1102,#1103,#1104,#1105,#1106,#1107,#1108,#1109,#1110,
    #1111,#1112,#1113,#1114,#1115,#1116,#1117,#1118,#1119,#1120,#1121,
    #1122,#1123,#1124,#1125,#1126,#1127,#1128,#1129,#1130,#1131,#1132,
    #1133,#1134,#1135,#1136,#1137,#1138,#1139,#1140,#1141,#1142,#1143,
    #1144,#1145,#1146,#1147,#1148,#1149,#1150,#1151,#1152,#1153,#1154,
    #1155,#1156,#1157,#1158,#1159,#1160,#1161,#1162,#1163,#1164,#1165,
    #1166,#1167,#1168,#1169,#1170,#1171,#1172,#1173,#1174,#1175,#1176),
  .UNSPECIFIED.,.F.,.F.,(9,7,7,7,7,7,7,7,7,7,7,7,7,9),(0.,0.284111351944
    ,0.585952173678,0.629086032619,0.650778170047,0.674463577951,
    0.685378280589,0.690303543234,0.696348370375,0.712143468557,
    0.726140547519,0.748452176992,0.860795241292,1.),.UNSPECIFIED.);
#1084 = CARTESIAN_POINT('',(0.692808858217,22.078308726721));
#1085 = CARTESIAN_POINT('',(0.761786286961,21.961792250826));
#1086 = CARTESIAN_POINT('',(0.83058472013,21.844845815148));
#1087 = CARTESIAN_POINT('',(0.899218399593,21.727515259349));
#1088 = CARTESIAN_POINT('',(0.967703007271,21.609839372608));
#1089 = CARTESIAN_POINT('',(1.036054507684,21.491852485671));
#1090 = CARTESIAN_POINT('',(1.104288020232,21.373586884104));
#1091 = CARTESIAN_POINT('',(1.172416721215,21.255075042732));
#1092 = CARTESIAN_POINT('',(1.312730375578,21.010219597008));
#1093 = CARTESIAN_POINT('',(1.384907560633,20.883841729505));
#1094 = CARTESIAN_POINT('',(1.456993005875,20.757257551215));
#1095 = CARTESIAN_POINT('',(1.529006036257,20.630509146843));
#1096 = CARTESIAN_POINT('',(1.600951254208,20.503608638104));
#1097 = CARTESIAN_POINT('',(1.672859878274,20.376610627479));
#1098 = CARTESIAN_POINT('',(1.744725353973,20.249514855163));
#1099 = CARTESIAN_POINT('',(1.826855942139,20.104240602829));
#1100 = CARTESIAN_POINT('',(1.837125096049,20.086075856649));
#1101 = CARTESIAN_POINT('',(1.847394411997,20.067911040465));
#1102 = CARTESIAN_POINT('',(1.857664038306,20.049746413379));
#1103 = CARTESIAN_POINT('',(1.867934167368,20.031582305342));
#1104 = CARTESIAN_POINT('',(1.87820512564,20.013419260101));
#1105 = CARTESIAN_POINT('',(1.888477463633,19.995258178137));
#1106 = CARTESIAN_POINT('',(1.903919161873,19.96796889255));
#1107 = CARTESIAN_POINT('',(1.909086842117,19.958838172476));
#1108 = CARTESIAN_POINT('',(1.914255239908,19.949708544617));
#1109 = CARTESIAN_POINT('',(1.919424495692,19.940580235027));
#1110 = CARTESIAN_POINT('',(1.924594795508,19.931453543566));
#1111 = CARTESIAN_POINT('',(1.9297664294,19.922328936861));
#1112 = CARTESIAN_POINT('',(1.934939849822,19.913207141282));
#1113 = CARTESIAN_POINT('',(1.94576721713,19.89413349463));
#1114 = CARTESIAN_POINT('',(1.951421518108,19.884183046844));
#1115 = CARTESIAN_POINT('',(1.957078965374,19.874237579154));
#1116 = CARTESIAN_POINT('',(1.962744089035,19.864304137814));
#1117 = CARTESIAN_POINT('',(1.968412382793,19.85437511462));
#1118 = CARTESIAN_POINT('',(1.974098804257,19.844475219471));
#1119 = CARTESIAN_POINT('',(1.979795476587,19.834592159599));
#1120 = CARTESIAN_POINT('',(1.988200606198,19.820291816608));
#1121 = CARTESIAN_POINT('',(1.990125897315,19.817067867422));
#1122 = CARTESIAN_POINT('',(1.992095174287,19.813755724295));
#1123 = CARTESIAN_POINT('',(1.994554026944,19.80962735838));
#1124 = CARTESIAN_POINT('',(1.997623518325,19.804602040344));
#1125 = CARTESIAN_POINT('',(2.001100184673,19.799246340369));
#1126 = CARTESIAN_POINT('',(2.00445603544,19.794774128147));
#1127 = CARTESIAN_POINT('',(2.007913665134,19.792267013089));
#1128 = CARTESIAN_POINT('',(2.008997361582,19.791801441754));
#1129 = CARTESIAN_POINT('',(2.010045753794,19.791849387166));
#1130 = CARTESIAN_POINT('',(2.010993920528,19.792675669629));
#1131 = CARTESIAN_POINT('',(2.011808679354,19.794294694624));
#1132 = CARTESIAN_POINT('',(2.012496223804,19.796373739775));
#1133 = CARTESIAN_POINT('',(2.013064626414,19.798355235601));
#1134 = CARTESIAN_POINT('',(2.013903389907,19.801568809342));
#1135 = CARTESIAN_POINT('',(2.014311017756,19.803379627251));
#1136 = CARTESIAN_POINT('',(2.014687556033,19.80521147801));
#1137 = CARTESIAN_POINT('',(2.015042471837,19.807055881483));
#1138 = CARTESIAN_POINT('',(2.015379915308,19.808908957336));
#1139 = CARTESIAN_POINT('',(2.015703511663,19.81076825309));
#1140 = CARTESIAN_POINT('',(2.016017264546,19.812632336079));
#1141 = CARTESIAN_POINT('',(2.01712033391,19.819391573391));
#1142 = CARTESIAN_POINT('',(2.017859388641,19.824308523395));
#1143 = CARTESIAN_POINT('',(2.018572777987,19.829237591365));
#1144 = CARTESIAN_POINT('',(2.019266837157,19.834175067155));
#1145 = CARTESIAN_POINT('',(2.019946626569,19.839118195643));
#1146 = CARTESIAN_POINT('',(2.020617449117,19.84406458644));
#1147 = CARTESIAN_POINT('',(2.021279993292,19.849014508207));
#1148 = CARTESIAN_POINT('',(2.022518545175,19.858357238191));
#1149 = CARTESIAN_POINT('',(2.023095648256,19.862748657852));
#1150 = CARTESIAN_POINT('',(2.023669011664,19.867141610996));
#1151 = CARTESIAN_POINT('',(2.024239388929,19.871535778795));
#1152 = CARTESIAN_POINT('',(2.024807302935,19.87593094079));
#1153 = CARTESIAN_POINT('',(2.025373120351,19.880326944422));
#1154 = CARTESIAN_POINT('',(2.025937126062,19.884723674549));
#1155 = CARTESIAN_POINT('',(2.027396188709,19.896130486084));
#1156 = CARTESIAN_POINT('',(2.028288867429,19.90314151237));
#1157 = CARTESIAN_POINT('',(2.02917856537,19.910153724304));
#1158 = CARTESIAN_POINT('',(2.030065931901,19.917166858554));
#1159 = CARTESIAN_POINT('',(2.030951405064,19.924180737691));
#1160 = CARTESIAN_POINT('',(2.031835282497,19.931195241913));
#1161 = CARTESIAN_POINT('',(2.032717792355,19.938210280758));
#1162 = CARTESIAN_POINT('',(2.038037030021,19.980549987958));
#1163 = CARTESIAN_POINT('',(2.04244606594,20.015885418644));
#1164 = CARTESIAN_POINT('',(2.046849036821,20.051223045677));
#1165 = CARTESIAN_POINT('',(2.051246144018,20.08656272751));
#1166 = CARTESIAN_POINT('',(2.055639464194,20.12190359485));
#1167 = CARTESIAN_POINT('',(2.060032559683,20.157244209918));
#1168 = CARTESIAN_POINT('',(2.064424350074,20.192584975593));
#1169 = CARTESIAN_POINT('',(2.074258461179,20.271715615394));
#1170 = CARTESIAN_POINT('',(2.079700687096,20.315505274529));
#1171 = CARTESIAN_POINT('',(2.085144151654,20.359293735922));
#1172 = CARTESIAN_POINT('',(2.090589675078,20.40308059271));
#1173 = CARTESIAN_POINT('',(2.096037852948,20.446865523374));
#1174 = CARTESIAN_POINT('',(2.101489150511,20.490648254832));
#1175 = CARTESIAN_POINT('',(2.106943996995,20.534428525538));
#1176 = CARTESIAN_POINT('',(2.11240287992,20.578206048581));
#1177 = ( GEOMETRIC_REPRESENTATION_CONTEXT(2) 
PARAMETRIC_REPRESENTATION_CONTEXT() REPRESENTATION_CONTEXT('2D SPACE',''
  ) );
#1178 = PCURVE('',#1179,#1318);
#1179 = B_SPLINE_SURFACE_WITH_KNOTS('',1,9,(
    (#1180,#1181,#1182,#1183,#1184,#1185,#1186,#1187,#1188,#1189,#1190
      ,#1191,#1192,#1193,#1194,#1195,#1196,#1197,#1198,#1199,#1200,#1201
      ,#1202,#1203,#1204,#1205,#1206,#1207,#1208,#1209,#1210,#1211,#1212
      ,#1213,#1214,#1215,#1216,#1217,#1218,#1219,#1220,#1221,#1222,#1223
      ,#1224,#1225,#1226,#1227,#1228,#1229,#1230,#1231,#1232,#1233,#1234
      ,#1235,#1236,#1237,#1238,#1239,#1240,#1241,#1242,#1243,#1244,#1245
      ,#1246,#1247,#1248)
    ,(#1249,#1250,#1251,#1252,#1253,#1254,#1255,#1256,#1257,#1258,#1259
      ,#1260,#1261,#1262,#1263,#1264,#1265,#1266,#1267,#1268,#1269,#1270
      ,#1271,#1272,#1273,#1274,#1275,#1276,#1277,#1278,#1279,#1280,#1281
      ,#1282,#1283,#1284,#1285,#1286,#1287,#1288,#1289,#1290,#1291,#1292
      ,#1293,#1294,#1295,#1296,#1297,#1298,#1299,#1300,#1301,#1302,#1303
      ,#1304,#1305,#1306,#1307,#1308,#1309,#1310,#1311,#1312,#1313,#1314
      ,#1315,#1316,#1317
    )),.UNSPECIFIED.,.F.,.F.,.F.,(2,2),(10,8,9,8,9,8,9,8,10),(0.,1.6),(
    0.,10.824004257924,21.648008515848,32.472012773771,43.296017031695,
    54.120021289619,64.944025547543,75.768029805466,86.59203406339),
  .UNSPECIFIED.);
#1180 = CARTESIAN_POINT('',(234.9,240.20959794779,342.40415962973));
#1181 = CARTESIAN_POINT('',(234.91144491638,241.80846627661,
    345.06886514163));
#1182 = CARTESIAN_POINT('',(233.59508571971,243.45110266672,
    347.80808382974));
#1183 = CARTESIAN_POINT('',(230.87888517353,245.0976403383,
    349.79821353273));
#1184 = CARTESIAN_POINT('',(227.26737029493,246.70648233128,
    350.17331253677));
#1185 = CARTESIAN_POINT('',(224.12411215107,248.23310094237,
    348.42625001492));
#1186 = CARTESIAN_POINT('',(222.64961585502,249.64522666511,
    345.75098450793));
#1187 = CARTESIAN_POINT('',(222.56842997863,250.92129347568,
    343.18338274119));
#1188 = CARTESIAN_POINT('',(223.43001938164,252.05696252225,
    341.24553860141));
#1189 = CARTESIAN_POINT('',(225.99784430434,254.06583968983,
    338.92002326392));
#1190 = CARTESIAN_POINT('',(227.70471165017,254.93907494834,
    338.53283580928));
#1191 = CARTESIAN_POINT('',(229.33300837369,255.69043066224,
    339.05473173035));
#1192 = CARTESIAN_POINT('',(230.34489477593,256.343196466,
    340.27429531745));
#1193 = CARTESIAN_POINT('',(230.64937204591,256.93405638836,
    341.54039976266));
#1194 = CARTESIAN_POINT('',(230.51397553979,257.50648803145,
    342.84954718927));
#1195 = CARTESIAN_POINT('',(229.73702149953,258.10657311051,
    343.97856919721));
#1196 = CARTESIAN_POINT('',(228.51113700724,258.77280261557,
    344.59327723099));
#1197 = CARTESIAN_POINT('',(227.1614625518,259.53432516633,
    344.53884717268));
#1198 = CARTESIAN_POINT('',(225.81177955034,260.29584816102,
    344.48442155925));
#1199 = CARTESIAN_POINT('',(224.33820391986,261.15243580344,
    343.76179721697));
#1200 = CARTESIAN_POINT('',(223.08281529971,262.13383180539,
    342.20133265906));
#1201 = CARTESIAN_POINT('',(222.53565725589,263.25738802947,
    339.85125968764));
#1202 = CARTESIAN_POINT('',(223.40465892769,264.52870882917,
    336.98154882106));
#1203 = CARTESIAN_POINT('',(225.98079944282,265.9337642928,
    334.99521735853));
#1204 = CARTESIAN_POINT('',(229.11591066344,267.44600526538,
    334.66186459473));
#1205 = CARTESIAN_POINT('',(231.84055589924,269.02848461154,
    335.81738586149));
#1206 = CARTESIAN_POINT('',(235.30214512758,272.25427425541,
    339.92684292764));
#1207 = CARTESIAN_POINT('',(236.03990312757,273.89757774401,
    342.88150911738));
#1208 = CARTESIAN_POINT('',(235.21502580916,275.53138043847,
    346.12836252585));
#1209 = CARTESIAN_POINT('',(232.69034612864,277.11248205412,
    348.67338472228));
#1210 = CARTESIAN_POINT('',(229.23881843188,278.60057900567,
    349.287808908));
#1211 = CARTESIAN_POINT('',(226.50107595455,279.96452037213,
    348.20073490664));
#1212 = CARTESIAN_POINT('',(224.86524169961,281.18842751376,
    346.35361165199));
#1213 = CARTESIAN_POINT('',(224.30965854865,282.27158478567,
    344.40152320334));
#1214 = CARTESIAN_POINT('',(224.53759280821,283.22732168619,
    342.76159827178));
#1215 = CARTESIAN_POINT('',(224.76553171304,284.18305126254,
    341.12168116519));
#1216 = CARTESIAN_POINT('',(225.77823757926,285.01115983946,
    339.79404475674));
#1217 = CARTESIAN_POINT('',(227.28691397127,285.72527837872,
    339.17571494139));
#1218 = CARTESIAN_POINT('',(228.77752259559,286.35169843402,
    339.43241499934));
#1219 = CARTESIAN_POINT('',(229.82289692475,286.93000429904,
    340.1479855301));
#1220 = CARTESIAN_POINT('',(230.60254664337,287.50484075469,
    341.23525151297));
#1221 = CARTESIAN_POINT('',(230.7527827404,288.12119182188,
    342.63973148668));
#1222 = CARTESIAN_POINT('',(230.19180551289,288.81598603319,
    343.95014524058));
#1223 = CARTESIAN_POINT('',(227.9599748509,290.41437869155,
    345.67408709203));
#1224 = CARTESIAN_POINT('',(226.28970867082,291.31795600868,
    346.08798697417));
#1225 = CARTESIAN_POINT('',(224.22745238598,292.35179315952,
    345.67834680433));
#1226 = CARTESIAN_POINT('',(222.20981456558,293.53070586205,
    344.14596098915));
#1227 = CARTESIAN_POINT('',(221.02215039825,294.85356034442,
    341.26038694503));
#1228 = CARTESIAN_POINT('',(221.77885631103,296.30435607921,
    338.0055288983));
#1229 = CARTESIAN_POINT('',(224.02752904846,297.85101727596,
    335.71173308045));
#1230 = CARTESIAN_POINT('',(226.89524609782,299.45568421263,
    334.85155397416));
#1231 = CARTESIAN_POINT('',(229.5546361534,301.0774508002,
    335.32187119102));
#1232 = CARTESIAN_POINT('',(232.21402424025,302.69922346621,
    335.79218805566));
#1233 = CARTESIAN_POINT('',(234.66588041726,304.33850080176,
    337.59297796161));
#1234 = CARTESIAN_POINT('',(236.08444069812,305.95351720906,
    340.59848463226));
#1235 = CARTESIAN_POINT('',(235.74673190923,307.50372648634,
    344.11058439027));
#1236 = CARTESIAN_POINT('',(233.52435355782,308.94861496893,
    346.69181371029));
#1237 = CARTESIAN_POINT('',(230.82737720862,310.26282359872,
    347.56036099636));
#1238 = CARTESIAN_POINT('',(228.49089396378,311.4332341305,
    347.20125803112));
#1239 = CARTESIAN_POINT('',(226.88740539945,312.46420932162,
    346.11038324167));
#1240 = CARTESIAN_POINT('',(225.21050284576,314.28115798256,
    343.42828373568));
#1241 = CARTESIAN_POINT('',(225.1377417469,315.06713887649,
    341.83670309067));
#1242 = CARTESIAN_POINT('',(225.85862614088,315.74777496064,
    340.45435968273));
#1243 = CARTESIAN_POINT('',(227.10065820838,316.35302808041,
    339.70887711547));
#1244 = CARTESIAN_POINT('',(228.33559178232,316.92452232483,
    339.53592153188));
#1245 = CARTESIAN_POINT('',(229.67315884214,317.50704753843,
    339.84591823921));
#1246 = CARTESIAN_POINT('',(230.7362400337,318.14534506166,340.850763747
    ));
#1247 = CARTESIAN_POINT('',(231.16940401604,318.87296266897,
    342.27300249179));
#1248 = CARTESIAN_POINT('',(230.85402855474,319.71311021664,
    343.71294013118));
#1249 = CARTESIAN_POINT('',(234.9,241.5904020522,341.59584037026));
#1250 = CARTESIAN_POINT('',(234.88855502025,243.1892721628,
    344.26054885878));
#1251 = CARTESIAN_POINT('',(233.54875150754,244.74506873789,
    346.85130544926));
#1252 = CARTESIAN_POINT('',(230.97432465276,246.21793806658,
    348.55168170867));
#1253 = CARTESIAN_POINT('',(227.81776997942,247.57559876504,
    348.64147905334));
#1254 = CARTESIAN_POINT('',(225.43519546091,248.79231243644,
    347.04025454083));
#1255 = CARTESIAN_POINT('',(224.40540453253,249.86172542246,
    344.99029491471));
#1256 = CARTESIAN_POINT('',(224.36620466342,250.79126610181,
    343.08481568974));
#1257 = CARTESIAN_POINT('',(224.99727045856,251.60391551871,
    341.65104208985));
#1258 = CARTESIAN_POINT('',(226.91573325755,253.05860660366,
    339.90436247224));
#1259 = CARTESIAN_POINT('',(228.2032278953,253.70066626605,
    339.59204104618));
#1260 = CARTESIAN_POINT('',(229.49850477216,254.28916334358,
    339.93172155592));
#1261 = CARTESIAN_POINT('',(230.46241507981,254.86493604806,
    340.81389835975));
#1262 = CARTESIAN_POINT('',(231.10505135379,255.47344959073,
    342.00324479295));
#1263 = CARTESIAN_POINT('',(231.12300401635,256.15729255577,
    343.67053709057));
#1264 = CARTESIAN_POINT('',(230.1643713099,256.94995337119,
    345.1878813369));
#1265 = CARTESIAN_POINT('',(228.53029458238,257.87087407119,
    346.02277736712));
#1266 = CARTESIAN_POINT('',(226.72104917584,258.92534754131,
    345.9513563976));
#1267 = CARTESIAN_POINT('',(224.91179443879,259.97982621346,
    345.87994109912));
#1268 = CARTESIAN_POINT('',(222.92694050838,261.16788157564,
    344.90350345505));
#1269 = CARTESIAN_POINT('',(221.28901890116,262.49489465494,
    342.79624427761));
#1270 = CARTESIAN_POINT('',(220.70892115273,263.95153685918,
    339.69311133438));
#1271 = CARTESIAN_POINT('',(222.07256993283,265.51365753898,
    336.27747894005));
#1272 = CARTESIAN_POINT('',(225.13498675601,267.14399658211,
    334.26153199553));
#1273 = CARTESIAN_POINT('',(228.50299129211,268.7988979365,
    334.06742967791));
#1274 = CARTESIAN_POINT('',(231.25176449762,270.4350612753,
    335.32840994527));
#1275 = CARTESIAN_POINT('',(234.61239821547,273.59539369929,
    339.38844161887));
#1276 = CARTESIAN_POINT('',(235.2246509852,275.11957379926,
    342.18852914136));
#1277 = CARTESIAN_POINT('',(234.34154955519,276.55052051109,
    345.06652933082));
#1278 = CARTESIAN_POINT('',(232.03257805849,277.85688702752,
    347.0676534596));
#1279 = CARTESIAN_POINT('',(229.30327400931,279.01959593249,
    347.32497007344));
#1280 = CARTESIAN_POINT('',(227.30723676221,280.03418417493,
    346.45815428635));
#1281 = CARTESIAN_POINT('',(226.11047649684,280.91463807481,
    345.09543543823));
#1282 = CARTESIAN_POINT('',(225.68711068411,281.68634346068,
    343.65885011006));
#1283 = CARTESIAN_POINT('',(225.85349111514,282.38367378543,
    342.42002856383));
#1284 = CARTESIAN_POINT('',(226.01987395617,283.08099642398,
    341.18120959262));
#1285 = CARTESIAN_POINT('',(226.77670749402,283.7035696308,
    340.14040176634));
#1286 = CARTESIAN_POINT('',(227.95889725561,284.28650072404,
    339.55942957573));
#1287 = CARTESIAN_POINT('',(229.270041889,284.87029948271,
    339.57618018632));
#1288 = CARTESIAN_POINT('',(230.59866998076,285.50200667905,
    340.0620853236));
#1289 = CARTESIAN_POINT('',(231.74561957202,286.22084171773,
    341.3928724258));
#1290 = CARTESIAN_POINT('',(231.9944346446,287.05788357185,
    343.26198116989));
#1291 = CARTESIAN_POINT('',(231.23939753753,288.02834478718,
    345.03010711726));
#1292 = CARTESIAN_POINT('',(228.24590793717,290.23866087438,
    347.33887618637));
#1293 = CARTESIAN_POINT('',(226.00774765502,291.47848803972,
    347.88031569671));
#1294 = CARTESIAN_POINT('',(223.3083863142,292.85411543739,
    347.28269537469));
#1295 = CARTESIAN_POINT('',(220.81504183624,294.35235472298,
    345.19144096532));
#1296 = CARTESIAN_POINT('',(219.6952732685,295.94456809975,
    341.61490213301));
#1297 = CARTESIAN_POINT('',(220.79462954624,297.59210375044,
    338.09207270771));
#1298 = CARTESIAN_POINT('',(223.26657446855,299.24913635191,
    335.80108852223));
#1299 = CARTESIAN_POINT('',(226.16383132917,300.87383207262,
    335.02194056637));
#1300 = CARTESIAN_POINT('',(228.71882124329,302.43057843263,
    335.49639639376));
#1301 = CARTESIAN_POINT('',(231.27380349183,303.98732637718,
    335.97085472923));
#1302 = CARTESIAN_POINT('',(233.48703303051,305.47643132429,
    337.69969440567));
#1303 = CARTESIAN_POINT('',(234.60592117866,306.8615452327,
    340.40665709446));
#1304 = CARTESIAN_POINT('',(234.10341207427,308.11626499273,
    343.31260802971));
#1305 = CARTESIAN_POINT('',(232.24889804764,309.22324752161,
    345.14850068855));
#1306 = CARTESIAN_POINT('',(230.27181103239,310.18516021039,
    345.73401778337));
#1307 = CARTESIAN_POINT('',(228.564477932,311.01824404362,
    345.47790048315));
#1308 = CARTESIAN_POINT('',(227.36550920389,311.75238238601,
    344.68923230799));
#1309 = CARTESIAN_POINT('',(226.06956695094,313.0950303471,
    342.64721977802));
#1310 = CARTESIAN_POINT('',(225.9731589077,313.70355574175,
    341.39404521936));
#1311 = CARTESIAN_POINT('',(226.48095178895,314.28552351516,
    340.18981403625));
#1312 = CARTESIAN_POINT('',(227.48435968338,314.8839356037,
    339.31936685912));
#1313 = CARTESIAN_POINT('',(228.87353316668,315.54308793673,
    338.7810718834));
#1314 = CARTESIAN_POINT('',(230.70368438805,316.30159878334,
    339.08126385851));
#1315 = CARTESIAN_POINT('',(232.15985820842,317.18582827686,
    340.42239444753));
#1316 = CARTESIAN_POINT('',(232.73667401933,318.20736400727,
    342.35023434099));
#1317 = CARTESIAN_POINT('',(232.31121307026,319.36318525671,
    344.27344509115));
#1318 = DEFINITIONAL_REPRESENTATION('',(#1319),#1413);
#1319 = B_SPLINE_CURVE_WITH_KNOTS('',8,(#1320,#1321,#1322,#1323,#1324,
    #1325,#1326,#1327,#1328,#1329,#1330,#1331,#1332,#1333,#1334,#1335,
    #1336,#1337,#1338,#1339,#1340,#1341,#1342,#1343,#1344,#1345,#1346,
    #1347,#1348,#1349,#1350,#1351,#1352,#1353,#1354,#1355,#1356,#1357,
    #1358,#1359,#1360,#1361,#1362,#1363,#1364,#1365,#1366,#1367,#1368,
    #1369,#1370,#1371,#1372,#1373,#1374,#1375,#1376,#1377,#1378,#1379,
    #1380,#1381,#1382,#1383,#1384,#1385,#1386,#1387,#1388,#1389,#1390,
    #1391,#1392,#1393,#1394,#1395,#1396,#1397,#1398,#1399,#1400,#1401,
    #1402,#1403,#1404,#1405,#1406,#1407,#1408,#1409,#1410,#1411,#1412),
  .UNSPECIFIED.,.F.,.F.,(9,7,7,7,7,7,7,7,7,7,7,7,7,9),(0.,0.284111351944
    ,0.585952173678,0.629086032619,0.650778170047,0.674463577951,
    0.685378280589,0.690303543234,0.696348370375,0.712143468557,
    0.726140547519,0.748452176992,0.860795241292,1.),.UNSPECIFIED.);
#1320 = CARTESIAN_POINT('',(0.,19.104859022646));
#1321 = CARTESIAN_POINT('',(4.46917204761E-02,18.943522741591));
#1322 = CARTESIAN_POINT('',(8.872918636607E-02,18.782232968813));
#1323 = CARTESIAN_POINT('',(0.132173391204,18.620994240772));
#1324 = CARTESIAN_POINT('',(0.175081108969,18.459804879037));
#1325 = CARTESIAN_POINT('',(0.217504929157,18.298659671332));
#1326 = CARTESIAN_POINT('',(0.259493457697,18.137552708659));
#1327 = CARTESIAN_POINT('',(0.301091683717,17.97648037849));
#1328 = CARTESIAN_POINT('',(0.386165463645,17.644359489354));
#1329 = CARTESIAN_POINT('',(0.429598257725,17.473305473988));
#1330 = CARTESIAN_POINT('',(0.472693308257,17.302286007471));
#1331 = CARTESIAN_POINT('',(0.515488445019,17.131291778386));
#1332 = CARTESIAN_POINT('',(0.558058029354,16.960322771305));
#1333 = CARTESIAN_POINT('',(0.600410648023,16.789357158686));
#1334 = CARTESIAN_POINT('',(0.642637576101,16.618407450045));
#1335 = CARTESIAN_POINT('',(0.690723860685,16.423023398158));
#1336 = CARTESIAN_POINT('',(0.696733245158,16.398593357719));
#1337 = CARTESIAN_POINT('',(0.70273931861,16.374162947921));
#1338 = CARTESIAN_POINT('',(0.708741954194,16.349732062332));
#1339 = CARTESIAN_POINT('',(0.714740919994,16.325300557977));
#1340 = CARTESIAN_POINT('',(0.720735666895,16.300868179845));
#1341 = CARTESIAN_POINT('',(0.726725116443,16.276434485392));
#1342 = CARTESIAN_POINT('',(0.735715980238,16.239709979447));
#1343 = CARTESIAN_POINT('',(0.738722718132,16.227420682012));
#1344 = CARTESIAN_POINT('',(0.74172733028,16.215130749937));
#1345 = CARTESIAN_POINT('',(0.744729513715,16.202840067709));
#1346 = CARTESIAN_POINT('',(0.747728856745,16.190548482205));
#1347 = CARTESIAN_POINT('',(0.750724701078,16.178255753798));
#1348 = CARTESIAN_POINT('',(0.75371600394,16.165961507452));
#1349 = CARTESIAN_POINT('',(0.759960703395,16.140238962376));
#1350 = CARTESIAN_POINT('',(0.763212466713,16.126810751208));
#1351 = CARTESIAN_POINT('',(0.766456483506,16.113379886708));
#1352 = CARTESIAN_POINT('',(0.769682243876,16.099942502112));
#1353 = CARTESIAN_POINT('',(0.772900806748,16.086502171388));
#1354 = CARTESIAN_POINT('',(0.776076113222,16.073046787169));
#1355 = CARTESIAN_POINT('',(0.779226582864,16.059583057316));
#1356 = CARTESIAN_POINT('',(0.783628098712,16.039847243613));
#1357 = CARTESIAN_POINT('',(0.784591021406,16.035350253356));
#1358 = CARTESIAN_POINT('',(0.785588647656,16.030743852968));
#1359 = CARTESIAN_POINT('',(0.786827954577,16.024995572897));
#1360 = CARTESIAN_POINT('',(0.788262644923,16.017878612113));
#1361 = CARTESIAN_POINT('',(0.789593147089,16.009971838107));
#1362 = CARTESIAN_POINT('',(0.790266615112,16.002659786893));
#1363 = CARTESIAN_POINT('',(0.789120582436,15.996089797072));
#1364 = CARTESIAN_POINT('',(0.788480934277,15.994177534593));
#1365 = CARTESIAN_POINT('',(0.787425648908,15.992556214293));
#1366 = CARTESIAN_POINT('',(0.78578553429,15.991449098895));
#1367 = CARTESIAN_POINT('',(0.783580045569,15.990914811019));
#1368 = CARTESIAN_POINT('',(0.781094608545,15.990790989342));
#1369 = CARTESIAN_POINT('',(0.778809762661,15.990809165031));
#1370 = CARTESIAN_POINT('',(0.775184504744,15.990968848513));
#1371 = CARTESIAN_POINT('',(0.773204537962,15.991160726868));
#1372 = CARTESIAN_POINT('',(0.771236198803,15.99141098891));
#1373 = CARTESIAN_POINT('',(0.769277764386,15.991700904736));
#1374 = CARTESIAN_POINT('',(0.767328622089,15.992022188996));
#1375 = CARTESIAN_POINT('',(0.765387416068,15.992368034246));
#1376 = CARTESIAN_POINT('',(0.76345153153,15.992731507774));
#1377 = CARTESIAN_POINT('',(0.756465392626,15.994103737913));
#1378 = CARTESIAN_POINT('',(0.751444630332,15.995201294096));
#1379 = CARTESIAN_POINT('',(0.746438064261,15.996344661672));
#1380 = CARTESIAN_POINT('',(0.741442821275,15.997522211332));
#1381 = CARTESIAN_POINT('',(0.736456423905,15.998724750115));
#1382 = CARTESIAN_POINT('',(0.73147584087,15.999942872322));
#1383 = CARTESIAN_POINT('',(0.726500171913,16.001175625182));
#1384 = CARTESIAN_POINT('',(0.717120423009,16.003521213659));
#1385 = CARTESIAN_POINT('',(0.712716499235,16.00463168709));
#1386 = CARTESIAN_POINT('',(0.708314851828,16.005748757723));
#1387 = CARTESIAN_POINT('',(0.703915032069,16.006871100334));
#1388 = CARTESIAN_POINT('',(0.699516728002,16.007997796364));
#1389 = CARTESIAN_POINT('',(0.695119719191,16.009128203268));
#1390 = CARTESIAN_POINT('',(0.690723831474,16.010261823863));
#1391 = CARTESIAN_POINT('',(0.679323268058,16.013209543656));
#1392 = CARTESIAN_POINT('',(0.672320073682,16.015027870057));
#1393 = CARTESIAN_POINT('',(0.665318740184,16.016851530282));
#1394 = CARTESIAN_POINT('',(0.658318871952,16.018679394533));
#1395 = CARTESIAN_POINT('',(0.65132020238,16.020510703673));
#1396 = CARTESIAN_POINT('',(0.644322550099,16.022344945087));
#1397 = CARTESIAN_POINT('',(0.637325775195,16.024181728539));
#1398 = CARTESIAN_POINT('',(0.595103417928,16.035280022683));
#1399 = CARTESIAN_POINT('',(0.559895788186,16.044593822982));
#1400 = CARTESIAN_POINT('',(0.524692911549,16.053923381304));
#1401 = CARTESIAN_POINT('',(0.489494893359,16.063269455845));
#1402 = CARTESIAN_POINT('',(0.454300664274,16.072629535517));
#1403 = CARTESIAN_POINT('',(0.419108217517,16.081998525027));
#1404 = CARTESIAN_POINT('',(0.383918422248,16.091379457561));
#1405 = CARTESIAN_POINT('',(0.305129082332,16.112407804917));
#1406 = CARTESIAN_POINT('',(0.261530728084,16.12406115394));
#1407 = CARTESIAN_POINT('',(0.21793517671,16.135731099404));
#1408 = CARTESIAN_POINT('',(0.17434233373,16.147418399566));
#1409 = CARTESIAN_POINT('',(0.130752249528,16.159124226361));
#1410 = CARTESIAN_POINT('',(8.716506095127E-02,16.170850004662));
#1411 = CARTESIAN_POINT('',(4.358093291474E-02,16.182597251538));
#1412 = CARTESIAN_POINT('',(0.,16.194367415502));
#1413 = ( GEOMETRIC_REPRESENTATION_CONTEXT(2) 
PARAMETRIC_REPRESENTATION_CONTEXT() REPRESENTATION_CONTEXT('2D SPACE',''
  ) );
#1414 = FACE_BOUND('',#1415,.T.);
#1415 = EDGE_LOOP('',(#1416,#1711));
#1416 = ORIENTED_EDGE('',*,*,#1417,.F.);
#1417 = EDGE_CURVE('',#1418,#1420,#1422,.T.);
#1418 = VERTEX_POINT('',#1419);
#1419 = CARTESIAN_POINT('',(227.82011188977,253.47082138993,
    340.03641016917));
#1420 = VERTEX_POINT('',#1421);
#1421 = CARTESIAN_POINT('',(230.08392568413,254.97074021822,
    341.3285657019));
#1422 = SURFACE_CURVE('',#1423,(#1517,#1614),.PCURVE_S1.);
#1423 = B_SPLINE_CURVE_WITH_KNOTS('',8,(#1424,#1425,#1426,#1427,#1428,
    #1429,#1430,#1431,#1432,#1433,#1434,#1435,#1436,#1437,#1438,#1439,
    #1440,#1441,#1442,#1443,#1444,#1445,#1446,#1447,#1448,#1449,#1450,
    #1451,#1452,#1453,#1454,#1455,#1456,#1457,#1458,#1459,#1460,#1461,
    #1462,#1463,#1464,#1465,#1466,#1467,#1468,#1469,#1470,#1471,#1472,
    #1473,#1474,#1475,#1476,#1477,#1478,#1479,#1480,#1481,#1482,#1483,
    #1484,#1485,#1486,#1487,#1488,#1489,#1490,#1491,#1492,#1493,#1494,
    #1495,#1496,#1497,#1498,#1499,#1500,#1501,#1502,#1503,#1504,#1505,
    #1506,#1507,#1508,#1509,#1510,#1511,#1512,#1513,#1514,#1515,#1516),
  .UNSPECIFIED.,.F.,.F.,(9,7,7,7,7,7,7,7,7,7,7,7,7,9),(0.,0.31420237645,
    0.649430579271,0.698946664941,0.723048705135,0.749355068722,
    0.761729658396,0.765519007499,0.770291530384,0.782246679645,
    0.792839355733,0.810206556413,0.894739544518,1.),.UNSPECIFIED.);
#1424 = CARTESIAN_POINT('',(227.82011188977,253.47082138993,
    340.03641016917));
#1425 = CARTESIAN_POINT('',(227.9548992908,253.58675623447,
    340.01033337337));
#1426 = CARTESIAN_POINT('',(228.09138439291,253.70311605576,
    339.99489820751));
#1427 = CARTESIAN_POINT('',(228.22860678313,253.81985652227,
    339.99019036891));
#1428 = CARTESIAN_POINT('',(228.36561267657,253.93694030984,
    339.99619807165));
#1429 = CARTESIAN_POINT('',(228.50146268821,254.05433457134,
    340.01281537846));
#1430 = CARTESIAN_POINT('',(228.63523960472,254.17200840623,
    340.03984553261));
#1431 = CARTESIAN_POINT('',(228.76605615625,254.28993033019,
    340.07700428981));
#1432 = CARTESIAN_POINT('',(229.0285684629,254.53410655695,
    340.1739819381));
#1433 = CARTESIAN_POINT('',(229.15974515195,254.6603974275,
    340.2351537087));
#1434 = CARTESIAN_POINT('',(229.28555896554,254.78689867595,
    340.3069899831));
#1435 = CARTESIAN_POINT('',(229.40504087584,254.91356808302,
    340.38894587013));
#1436 = CARTESIAN_POINT('',(229.51727827612,255.04039067076,
    340.48035418074));
#1437 = CARTESIAN_POINT('',(229.62145479736,255.16731203644,
    340.580505022));
#1438 = CARTESIAN_POINT('',(229.71680955525,255.29432872457,
    340.68854541684));
#1439 = CARTESIAN_POINT('',(229.8154051098,255.44012252625,
    340.82062884987));
#1440 = CARTESIAN_POINT('',(229.82788815045,255.45888641593,
    340.8377815803));
#1441 = CARTESIAN_POINT('',(229.84016316953,255.47765036455,
    340.85508551114));
#1442 = CARTESIAN_POINT('',(229.85222822265,255.49641409799,
    340.87253794657));
#1443 = CARTESIAN_POINT('',(229.86408145071,255.51517726891,
    340.89013624167));
#1444 = CARTESIAN_POINT('',(229.87572116601,255.53393929808,
    340.90787798379));
#1445 = CARTESIAN_POINT('',(229.88714593839,255.55269921571,
    340.92576117392));
#1446 = CARTESIAN_POINT('',(229.90381055626,255.58058515784,
    340.9525572485));
#1447 = CARTESIAN_POINT('',(229.90921524569,255.58971395522,
    340.96136326461));
#1448 = CARTESIAN_POINT('',(229.91456866122,255.59884165301,
    340.97020237221));
#1449 = CARTESIAN_POINT('',(229.91987070667,255.60796802742,
    340.9790744636));
#1450 = CARTESIAN_POINT('',(229.92512132696,255.61709278196,
    340.9879795107));
#1451 = CARTESIAN_POINT('',(229.93032055696,255.62621545672,
    340.99691766811));
#1452 = CARTESIAN_POINT('',(229.93546857029,255.63533533757,
    341.00588937628));
#1453 = CARTESIAN_POINT('',(229.94612906179,255.65440112657,
    341.02472523126));
#1454 = CARTESIAN_POINT('',(229.95163137555,255.66434634072,
    341.0345951061));
#1455 = CARTESIAN_POINT('',(229.95707474364,255.67428325783,
    341.04450946829));
#1456 = CARTESIAN_POINT('',(229.96245699389,255.68421606306,
    341.05446377338));
#1457 = CARTESIAN_POINT('',(229.96778335032,255.69413438822,
    341.06446913583));
#1458 = CARTESIAN_POINT('',(229.97305651903,255.70403229814,
    341.07453136724));
#1459 = CARTESIAN_POINT('',(229.97827598595,255.71390982877,
    341.08464945834));
#1460 = CARTESIAN_POINT('',(229.98592400576,255.72830261114,
    341.09971966823));
#1461 = CARTESIAN_POINT('',(229.98828256122,255.73233860871,
    341.10440826275));
#1462 = CARTESIAN_POINT('',(229.99057003636,255.73643425603,
    341.10898657682));
#1463 = CARTESIAN_POINT('',(229.99282447792,255.74088298763,
    341.11352621977));
#1464 = CARTESIAN_POINT('',(229.99510490437,255.74564356361,
    341.11814810971));
#1465 = CARTESIAN_POINT('',(229.99749130587,255.75034006964,
    341.12302247353));
#1466 = CARTESIAN_POINT('',(230.00008464429,255.75426191699,
    341.12836884692));
#1467 = CARTESIAN_POINT('',(230.00390169258,255.7570074945,
    341.13632010625));
#1468 = CARTESIAN_POINT('',(230.00492349909,255.75741323936,
    341.13845469265));
#1469 = CARTESIAN_POINT('',(230.00579065466,255.75699701062,
    341.14027423019));
#1470 = CARTESIAN_POINT('',(230.00648686364,255.75585164093,
    341.14174041551));
#1471 = CARTESIAN_POINT('',(230.00707056714,255.75429941332,
    341.14297131529));
#1472 = CARTESIAN_POINT('',(230.00757222008,255.75262521659,
    341.1440297868));
#1473 = CARTESIAN_POINT('',(230.00797943098,255.7509903047,
    341.14489124915));
#1474 = CARTESIAN_POINT('',(230.00872625732,255.74768326269,
    341.14647186594));
#1475 = CARTESIAN_POINT('',(230.00908931929,255.74579429236,
    341.14724153335));
#1476 = CARTESIAN_POINT('',(230.00942445537,255.74388319069,
    341.14795282348));
#1477 = CARTESIAN_POINT('',(230.00973837774,255.74195776578,
    341.14861983605));
#1478 = CARTESIAN_POINT('',(230.01003606282,255.74002336557,
    341.14925301769));
#1479 = CARTESIAN_POINT('',(230.01032221725,255.73808358319,
    341.14986224299));
#1480 = CARTESIAN_POINT('',(230.01059845294,255.73613782,341.1504509177)
  );
#1481 = CARTESIAN_POINT('',(230.01154066058,255.7292933067,
    341.15246064894));
#1482 = CARTESIAN_POINT('',(230.01216486877,255.7243743153,
    341.15379546818));
#1483 = CARTESIAN_POINT('',(230.01276679056,255.71944353317,
    341.15508532856));
#1484 = CARTESIAN_POINT('',(230.01335180358,255.71450458051,
    341.15634157089));
#1485 = CARTESIAN_POINT('',(230.01392411917,255.70956010639,
    341.15757306511));
#1486 = CARTESIAN_POINT('',(230.01448807628,255.70461238475,
    341.15878894115));
#1487 = CARTESIAN_POINT('',(230.01504431987,255.69966122618,
    341.15999057171));
#1488 = CARTESIAN_POINT('',(230.01608255436,255.69031702483,
    341.16223779735));
#1489 = CARTESIAN_POINT('',(230.01656565087,255.68592529658,
    341.16328528633));
#1490 = CARTESIAN_POINT('',(230.01704498024,255.68153206136,
    341.16432641356));
#1491 = CARTESIAN_POINT('',(230.01752117375,255.67713763065,
    341.1653625101));
#1492 = CARTESIAN_POINT('',(230.01799467031,255.67274222034,
    341.16639450163));
#1493 = CARTESIAN_POINT('',(230.01846577836,255.66834598023,
    341.16742303881));
#1494 = CARTESIAN_POINT('',(230.0189347377,255.66394902358,
    341.16844862761));
#1495 = CARTESIAN_POINT('',(230.02016752185,255.65234143457,
    341.17114923377));
#1496 = CARTESIAN_POINT('',(230.0209281017,255.64512978058,
    341.17282008044));
#1497 = CARTESIAN_POINT('',(230.02168437135,255.63791689723,
    341.17448609414));
#1498 = CARTESIAN_POINT('',(230.02243691912,255.63070306346,
    341.17614851657));
#1499 = CARTESIAN_POINT('',(230.02318613773,255.62348846541,
    341.17780817682));
#1500 = CARTESIAN_POINT('',(230.02393229078,255.61627322746,
    341.17946563167));
#1501 = CARTESIAN_POINT('',(230.02467557923,255.60905744309,
    341.18112130577));
#1502 = CARTESIAN_POINT('',(230.02902113865,255.56671694441,
    341.19082788684));
#1503 = CARTESIAN_POINT('',(230.03256303855,255.53158201658,
    341.19884816962));
#1504 = CARTESIAN_POINT('',(230.03606010053,255.49644489192,
    341.20687493733));
#1505 = CARTESIAN_POINT('',(230.03951254363,255.46130579418,
    341.21490872809));
#1506 = CARTESIAN_POINT('',(230.04292194872,255.42616556579,
    341.22295296742));
#1507 = CARTESIAN_POINT('',(230.04629102673,255.39102555653,
    341.23101348209));
#1508 = CARTESIAN_POINT('',(230.04961882706,255.3558854252,
    341.23908839052));
#1509 = CARTESIAN_POINT('',(230.05700007259,255.27698981925,
    341.25725575823));
#1510 = CARTESIAN_POINT('',(230.06103121448,255.23323456764,
    341.26735710664));
#1511 = CARTESIAN_POINT('',(230.0650004743,255.18948051468,
    341.27748573705));
#1512 = CARTESIAN_POINT('',(230.06890821754,255.14572806567,
    341.28764273476));
#1513 = CARTESIAN_POINT('',(230.07275460052,255.10197754117,
    341.29782878658));
#1514 = CARTESIAN_POINT('',(230.07653964995,255.05822921362,
    341.3080443496));
#1515 = CARTESIAN_POINT('',(230.08026334246,255.01448334395,
    341.31828982003));
#1516 = CARTESIAN_POINT('',(230.08392568413,254.97074021822,
    341.3285657019));
#1517 = PCURVE('',#31,#1518);
#1518 = DEFINITIONAL_REPRESENTATION('',(#1519),#1613);
#1519 = B_SPLINE_CURVE_WITH_KNOTS('',8,(#1520,#1521,#1522,#1523,#1524,
    #1525,#1526,#1527,#1528,#1529,#1530,#1531,#1532,#1533,#1534,#1535,
    #1536,#1537,#1538,#1539,#1540,#1541,#1542,#1543,#1544,#1545,#1546,
    #1547,#1548,#1549,#1550,#1551,#1552,#1553,#1554,#1555,#1556,#1557,
    #1558,#1559,#1560,#1561,#1562,#1563,#1564,#1565,#1566,#1567,#1568,
    #1569,#1570,#1571,#1572,#1573,#1574,#1575,#1576,#1577,#1578,#1579,
    #1580,#1581,#1582,#1583,#1584,#1585,#1586,#1587,#1588,#1589,#1590,
    #1591,#1592,#1593,#1594,#1595,#1596,#1597,#1598,#1599,#1600,#1601,
    #1602,#1603,#1604,#1605,#1606,#1607,#1608,#1609,#1610,#1611,#1612),
  .UNSPECIFIED.,.F.,.F.,(9,7,7,7,7,7,7,7,7,7,7,7,7,9),(0.,0.31420237645,
    0.649430579271,0.698946664941,0.723048705135,0.749355068722,
    0.761729658396,0.765519007499,0.770291530384,0.782246679645,
    0.792839355733,0.810206556413,0.894739544518,1.),.UNSPECIFIED.);
#1520 = CARTESIAN_POINT('',(3.332697817554,17.470821389932));
#1521 = CARTESIAN_POINT('',(3.264054458886,17.586756234475));
#1522 = CARTESIAN_POINT('',(3.19558839945,17.703116055764));
#1523 = CARTESIAN_POINT('',(3.127286213559,17.81985652227));
#1524 = CARTESIAN_POINT('',(3.059133074552,17.936940309847));
#1525 = CARTESIAN_POINT('',(2.99111376176,18.054334571346));
#1526 = CARTESIAN_POINT('',(2.923213667475,18.172008406231));
#1527 = CARTESIAN_POINT('',(2.855419803919,18.289930330193));
#1528 = CARTESIAN_POINT('',(2.71549359532,18.53410655695));
#1529 = CARTESIAN_POINT('',(2.643370190381,18.660397427508));
#1530 = CARTESIAN_POINT('',(2.571340427613,18.786898675958));
#1531 = CARTESIAN_POINT('',(2.499384722591,18.913568083024));
#1532 = CARTESIAN_POINT('',(2.427496857341,19.04039067076));
#1533 = CARTESIAN_POINT('',(2.355646008048,19.16731203644));
#1534 = CARTESIAN_POINT('',(2.283836584807,19.294328724574));
#1535 = CARTESIAN_POINT('',(2.201424333507,19.440122526252));
#1536 = CARTESIAN_POINT('',(2.190818010872,19.458886415936));
#1537 = CARTESIAN_POINT('',(2.180211504192,19.477650364553));
#1538 = CARTESIAN_POINT('',(2.169604657671,19.496414097991));
#1539 = CARTESIAN_POINT('',(2.158997269962,19.515177268913));
#1540 = CARTESIAN_POINT('',(2.148388994271,19.533939298088));
#1541 = CARTESIAN_POINT('',(2.13777923846,19.552699215714));
#1542 = CARTESIAN_POINT('',(2.122001571478,19.580585157844));
#1543 = CARTESIAN_POINT('',(2.11683550756,19.589713955227));
#1544 = CARTESIAN_POINT('',(2.111668722295,19.598841653019));
#1545 = CARTESIAN_POINT('',(2.106501076694,19.607968027425));
#1546 = CARTESIAN_POINT('',(2.101332386857,19.617092781967));
#1547 = CARTESIAN_POINT('',(2.096162366945,19.626215456725));
#1548 = CARTESIAN_POINT('',(2.090990572147,19.635335337575));
#1549 = CARTESIAN_POINT('',(2.080168886606,19.654401126577));
#1550 = CARTESIAN_POINT('',(2.074519007304,19.664346340723));
#1551 = CARTESIAN_POINT('',(2.068864008707,19.674283257834));
#1552 = CARTESIAN_POINT('',(2.063206137601,19.68421606306));
#1553 = CARTESIAN_POINT('',(2.057538982187,19.694134388228));
#1554 = CARTESIAN_POINT('',(2.051859065632,19.704032298141));
#1555 = CARTESIAN_POINT('',(2.046166682123,19.71390982877));
#1556 = CARTESIAN_POINT('',(2.037716779267,19.728302611144));
#1557 = CARTESIAN_POINT('',(2.035092569772,19.73233860871));
#1558 = CARTESIAN_POINT('',(2.032533604233,19.736434256034));
#1559 = CARTESIAN_POINT('',(2.02999933317,19.740882987637));
#1560 = CARTESIAN_POINT('',(2.027422448838,19.745643563616));
#1561 = CARTESIAN_POINT('',(2.02470888523,19.750340069649));
#1562 = CARTESIAN_POINT('',(2.021737818072,19.754261916996));
#1563 = CARTESIAN_POINT('',(2.017327818566,19.757007494501));
#1564 = CARTESIAN_POINT('',(2.016144545765,19.757413239361));
#1565 = CARTESIAN_POINT('',(2.015136743077,19.756997010627));
#1566 = CARTESIAN_POINT('',(2.014325201962,19.755851640937));
#1567 = CARTESIAN_POINT('',(2.013644059045,19.754299413326));
#1568 = CARTESIAN_POINT('',(2.013058392446,19.752625216593));
#1569 = CARTESIAN_POINT('',(2.012581964066,19.750990304702));
#1570 = CARTESIAN_POINT('',(2.011707878971,19.747683262693));
#1571 = CARTESIAN_POINT('',(2.01128237879,19.745794292367));
#1572 = CARTESIAN_POINT('',(2.010889234526,19.743883190699));
#1573 = CARTESIAN_POINT('',(2.010520638254,19.741957765788));
#1574 = CARTESIAN_POINT('',(2.010170804284,19.740023365578));
#1575 = CARTESIAN_POINT('',(2.009834263146,19.738083583192));
#1576 = CARTESIAN_POINT('',(2.009509130863,19.736137820003));
#1577 = CARTESIAN_POINT('',(2.008399313886,19.729293306705));
#1578 = CARTESIAN_POINT('',(2.007662534369,19.7243743153));
#1579 = CARTESIAN_POINT('',(2.006950837894,19.719443533177));
#1580 = CARTESIAN_POINT('',(2.006257948536,19.714504580517));
#1581 = CARTESIAN_POINT('',(2.005578956476,19.709560106396));
#1582 = CARTESIAN_POINT('',(2.004908807131,19.704612384751));
#1583 = CARTESIAN_POINT('',(2.004246741815,19.699661226186));
#1584 = CARTESIAN_POINT('',(2.003009006592,19.690317024836));
#1585 = CARTESIAN_POINT('',(2.0024322452,19.685925296587));
#1586 = CARTESIAN_POINT('',(2.001859161085,19.681532061365));
#1587 = CARTESIAN_POINT('',(2.001289017423,19.677137630654));
#1588 = CARTESIAN_POINT('',(2.000721301731,19.67274222034));
#1589 = CARTESIAN_POINT('',(2.00015565373,19.668345980233));
#1590 = CARTESIAN_POINT('',(1.999591793212,19.663949023586));
#1591 = CARTESIAN_POINT('',(1.998107455787,19.652341434572));
#1592 = CARTESIAN_POINT('',(1.997189549672,19.645129780581));
#1593 = CARTESIAN_POINT('',(1.996274735579,19.637916897239));
#1594 = CARTESIAN_POINT('',(1.995362325418,19.630703063462));
#1595 = CARTESIAN_POINT('',(1.994451859391,19.623488465418));
#1596 = CARTESIAN_POINT('',(1.993543028402,19.616273227468));
#1597 = CARTESIAN_POINT('',(1.992635596463,19.609057443096));
#1598 = CARTESIAN_POINT('',(1.987318134598,19.566716944413));
#1599 = CARTESIAN_POINT('',(1.982934414264,19.531582016586));
#1600 = CARTESIAN_POINT('',(1.978556764773,19.496444891921));
#1601 = CARTESIAN_POINT('',(1.974184770147,19.461305794187));
#1602 = CARTESIAN_POINT('',(1.969816417865,19.426165565798));
#1603 = CARTESIAN_POINT('',(1.965448368079,19.391025556536));
#1604 = CARTESIAN_POINT('',(1.961081547293,19.355885425204));
#1605 = CARTESIAN_POINT('',(1.951276752103,19.276989819258));
#1606 = CARTESIAN_POINT('',(1.94583885777,19.233234567643));
#1607 = CARTESIAN_POINT('',(1.94039972731,19.189480514681));
#1608 = CARTESIAN_POINT('',(1.934958543938,19.145728065672));
#1609 = CARTESIAN_POINT('',(1.929514713965,19.101977541175));
#1610 = CARTESIAN_POINT('',(1.924067773202,19.058229213625));
#1611 = CARTESIAN_POINT('',(1.91861729336,19.014483343957));
#1612 = CARTESIAN_POINT('',(1.913162788461,18.970740218229));
#1613 = ( GEOMETRIC_REPRESENTATION_CONTEXT(2) 
PARAMETRIC_REPRESENTATION_CONTEXT() REPRESENTATION_CONTEXT('2D SPACE',''
  ) );
#1614 = PCURVE('',#1179,#1615);
#1615 = DEFINITIONAL_REPRESENTATION('',(#1616),#1710);
#1616 = B_SPLINE_CURVE_WITH_KNOTS('',8,(#1617,#1618,#1619,#1620,#1621,
    #1622,#1623,#1624,#1625,#1626,#1627,#1628,#1629,#1630,#1631,#1632,
    #1633,#1634,#1635,#1636,#1637,#1638,#1639,#1640,#1641,#1642,#1643,
    #1644,#1645,#1646,#1647,#1648,#1649,#1650,#1651,#1652,#1653,#1654,
    #1655,#1656,#1657,#1658,#1659,#1660,#1661,#1662,#1663,#1664,#1665,
    #1666,#1667,#1668,#1669,#1670,#1671,#1672,#1673,#1674,#1675,#1676,
    #1677,#1678,#1679,#1680,#1681,#1682,#1683,#1684,#1685,#1686,#1687,
    #1688,#1689,#1690,#1691,#1692,#1693,#1694,#1695,#1696,#1697,#1698,
    #1699,#1700,#1701,#1702,#1703,#1704,#1705,#1706,#1707,#1708,#1709),
  .UNSPECIFIED.,.F.,.F.,(9,7,7,7,7,7,7,7,7,7,7,7,7,9),(0.,0.31420237645,
    0.649430579271,0.698946664941,0.723048705135,0.749355068722,
    0.761729658396,0.765519007499,0.770291530384,0.782246679645,
    0.792839355733,0.810206556413,0.894739544518,1.),.UNSPECIFIED.);
#1617 = CARTESIAN_POINT('',(1.6,12.855897859883));
#1618 = CARTESIAN_POINT('',(1.555523492797,13.016437831523));
#1619 = CARTESIAN_POINT('',(1.511698468631,13.176933647373));
#1620 = CARTESIAN_POINT('',(1.468463567602,13.337381073567));
#1621 = CARTESIAN_POINT('',(1.425761010444,13.497781237063));
#1622 = CARTESIAN_POINT('',(1.383536851921,13.65813817375));
#1623 = CARTESIAN_POINT('',(1.341741234225,13.818456376545));
#1624 = CARTESIAN_POINT('',(1.300328640377,13.978738343507));
#1625 = CARTESIAN_POINT('',(1.215439295501,14.309949117985));
#1626 = CARTESIAN_POINT('',(1.172007652143,14.480882571483));
#1627 = CARTESIAN_POINT('',(1.128910139205,14.651778735974));
#1628 = CARTESIAN_POINT('',(1.086109262971,14.822646825221));
#1629 = CARTESIAN_POINT('',(1.04353501238,14.993488364505));
#1630 = CARTESIAN_POINT('',(1.001178686861,15.164325477519));
#1631 = CARTESIAN_POINT('',(0.958954787606,15.335148159681));
#1632 = CARTESIAN_POINT('',(0.910674679245,15.531209344512));
#1633 = CARTESIAN_POINT('',(0.904464469216,15.556442421007));
#1634 = CARTESIAN_POINT('',(0.898257885679,15.581675915016));
#1635 = CARTESIAN_POINT('',(0.892055051629,15.606909938944));
#1636 = CARTESIAN_POINT('',(0.885856198657,15.632144642846));
#1637 = CARTESIAN_POINT('',(0.87966190242,15.657380298208));
#1638 = CARTESIAN_POINT('',(0.8734733181,15.682617381731));
#1639 = CARTESIAN_POINT('',(0.86428385104,15.720141920962));
#1640 = CARTESIAN_POINT('',(0.861277101695,15.732427699761));
#1641 = CARTESIAN_POINT('',(0.858272495023,15.744714120628));
#1642 = CARTESIAN_POINT('',(0.855270330678,15.757001297969));
#1643 = CARTESIAN_POINT('',(0.852271015393,15.76928938323));
#1644 = CARTESIAN_POINT('',(0.849275197588,15.78157861265));
#1645 = CARTESIAN_POINT('',(0.846283901985,15.79386935501));
#1646 = CARTESIAN_POINT('',(0.840040402692,15.819579238542));
#1647 = CARTESIAN_POINT('',(0.836788858814,15.832998045652));
#1648 = CARTESIAN_POINT('',(0.83354988185,15.846421083507));
#1649 = CARTESIAN_POINT('',(0.830317594855,15.859846749451));
#1650 = CARTESIAN_POINT('',(0.827107236054,15.873280335725));
#1651 = CARTESIAN_POINT('',(0.82392732438,15.886724567968));
#1652 = CARTESIAN_POINT('',(0.82077750417,15.900179000467));
#1653 = CARTESIAN_POINT('',(0.816338239949,15.920027360868));
#1654 = CARTESIAN_POINT('',(0.815339585544,15.925992440694));
#1655 = CARTESIAN_POINT('',(0.814225658018,15.9318826222));
#1656 = CARTESIAN_POINT('',(0.812778640245,15.937896093992));
#1657 = CARTESIAN_POINT('',(0.811099700739,15.944119437323));
#1658 = CARTESIAN_POINT('',(0.809608993662,15.950527626087));
#1659 = CARTESIAN_POINT('',(0.809045658818,15.95698402682));
#1660 = CARTESIAN_POINT('',(0.810903316621,15.96515622604));
#1661 = CARTESIAN_POINT('',(0.811691604963,15.967197121297));
#1662 = CARTESIAN_POINT('',(0.813030216782,15.968585848377));
#1663 = CARTESIAN_POINT('',(0.814817749241,15.969332408662));
#1664 = CARTESIAN_POINT('',(0.816835591384,15.969687904743));
#1665 = CARTESIAN_POINT('',(0.818867978775,15.969837783399));
#1666 = CARTESIAN_POINT('',(0.820760377958,15.9698344578));
#1667 = CARTESIAN_POINT('',(0.824501638617,15.969687256763));
#1668 = CARTESIAN_POINT('',(0.826567328667,15.969487536247));
#1669 = CARTESIAN_POINT('',(0.828621129262,15.969226943007));
#1670 = CARTESIAN_POINT('',(0.83066374825,15.968921297885));
#1671 = CARTESIAN_POINT('',(0.832696093646,15.968582123219));
#1672 = CARTESIAN_POINT('',(0.834720304778,15.968219640569));
#1673 = CARTESIAN_POINT('',(0.836738726819,15.967836528144));
#1674 = CARTESIAN_POINT('',(0.843806076849,15.96643574974));
#1675 = CARTESIAN_POINT('',(0.848826429234,15.96533369155));
#1676 = CARTESIAN_POINT('',(0.853832861781,15.964186885029));
#1677 = CARTESIAN_POINT('',(0.858828269123,15.96300682528));
#1678 = CARTESIAN_POINT('',(0.863815076051,15.961802420548));
#1679 = CARTESIAN_POINT('',(0.868796175835,15.960582633878));
#1680 = CARTESIAN_POINT('',(0.873772467158,15.959348564436));
#1681 = CARTESIAN_POINT('',(0.883152719405,15.957001023796));
#1682 = CARTESIAN_POINT('',(0.887556585193,15.955889874708));
#1683 = CARTESIAN_POINT('',(0.891958211823,15.954772238478));
#1684 = CARTESIAN_POINT('',(0.8963580383,15.953649410767));
#1685 = CARTESIAN_POINT('',(0.900756370529,15.952522291736));
#1686 = CARTESIAN_POINT('',(0.905153425177,15.95139151265));
#1687 = CARTESIAN_POINT('',(0.909549373543,15.950257562497));
#1688 = CARTESIAN_POINT('',(0.921150218259,15.947257325822));
#1689 = CARTESIAN_POINT('',(0.928353513595,15.945386468877));
#1690 = CARTESIAN_POINT('',(0.93555487802,15.943510076841));
#1691 = CARTESIAN_POINT('',(0.942754730809,15.941629346573));
#1692 = CARTESIAN_POINT('',(0.949953351816,15.939745074532));
#1693 = CARTESIAN_POINT('',(0.957150929372,15.9378577926));
#1694 = CARTESIAN_POINT('',(0.96434760819,15.935967903894));
#1695 = CARTESIAN_POINT('',(1.006568950878,15.924866296156));
#1696 = CARTESIAN_POINT('',(1.041576527739,15.91560473074));
#1697 = CARTESIAN_POINT('',(1.076579358141,15.906327431049));
#1698 = CARTESIAN_POINT('',(1.111577475123,15.897034032177));
#1699 = CARTESIAN_POINT('',(1.146571912533,15.887726951551));
#1700 = CARTESIAN_POINT('',(1.181564542141,15.878410914654));
#1701 = CARTESIAN_POINT('',(1.216554592503,15.869083177288));
#1702 = CARTESIAN_POINT('',(1.295109999976,15.848117263617));
#1703 = CARTESIAN_POINT('',(1.33867416284,15.836473084877));
#1704 = CARTESIAN_POINT('',(1.38223553595,15.824812346021));
#1705 = CARTESIAN_POINT('',(1.425794212562,15.81313428776));
#1706 = CARTESIAN_POINT('',(1.469350142041,15.801437739878));
#1707 = CARTESIAN_POINT('',(1.512903187817,15.789721280734));
#1708 = CARTESIAN_POINT('',(1.556453185333,15.777983396766));
#1709 = CARTESIAN_POINT('',(1.6,15.766222642));
#1710 = ( GEOMETRIC_REPRESENTATION_CONTEXT(2) 
PARAMETRIC_REPRESENTATION_CONTEXT() REPRESENTATION_CONTEXT('2D SPACE',''
  ) );
#1711 = ORIENTED_EDGE('',*,*,#1712,.F.);
#1712 = EDGE_CURVE('',#1420,#1418,#1713,.T.);
#1713 = SURFACE_CURVE('',#1714,(#1738,#1765),.PCURVE_S1.);
#1714 = B_SPLINE_CURVE_WITH_KNOTS('',8,(#1715,#1716,#1717,#1718,#1719,
    #1720,#1721,#1722,#1723,#1724,#1725,#1726,#1727,#1728,#1729,#1730,
    #1731,#1732,#1733,#1734,#1735,#1736,#1737),.UNSPECIFIED.,.F.,.F.,(9,
    7,7,9),(0.,0.241865058325,0.83696629061,1.),.UNSPECIFIED.);
#1715 = CARTESIAN_POINT('',(230.08392568413,254.97074021822,
    341.3285657019));
#1716 = CARTESIAN_POINT('',(230.05551974135,254.92409934825,
    341.24886365908));
#1717 = CARTESIAN_POINT('',(230.02331625597,254.87714157782,
    341.17069223332));
#1718 = CARTESIAN_POINT('',(229.98740952209,254.82991477951,
    341.09423223693));
#1719 = CARTESIAN_POINT('',(229.94790035808,254.7824648746,
    341.01965907559));
#1720 = CARTESIAN_POINT('',(229.90489573245,254.7348363205,
    340.94714267707));
#1721 = CARTESIAN_POINT('',(229.85850838956,254.68707259813,
    340.87684741996));
#1722 = CARTESIAN_POINT('',(229.80885647553,254.63921669925,
    340.80893206238));
#1723 = CARTESIAN_POINT('',(229.6261669111,254.47344268523,
    340.5826783896));
#1724 = CARTESIAN_POINT('',(229.47733069067,254.35534680413,
    340.43723832742));
#1725 = CARTESIAN_POINT('',(229.3113365784,254.23758132202,
    340.30936450385));
#1726 = CARTESIAN_POINT('',(229.13015845523,254.12079169441,
    340.20116642282));
#1727 = CARTESIAN_POINT('',(228.93604245815,254.0057354882,
    340.11462871452));
#1728 = CARTESIAN_POINT('',(228.73149381657,253.89336620689,
    340.0516085266));
#1729 = CARTESIAN_POINT('',(228.51925932949,253.78487237845,
    340.0137132458));
#1730 = CARTESIAN_POINT('',(228.24266538374,253.65379298585,
    339.99956833896));
#1731 = CARTESIAN_POINT('',(228.18283066262,253.62603098296,
    339.99853797956));
#1732 = CARTESIAN_POINT('',(228.12270337031,253.59873223644,
    339.99955229235));
#1733 = CARTESIAN_POINT('',(228.06234931179,253.57193829668,
    340.00264411044));
#1734 = CARTESIAN_POINT('',(228.00183812465,253.54569555919,
    340.00784553039));
#1735 = CARTESIAN_POINT('',(227.94124309973,253.5200557502,
    340.01518757174));
#1736 = CARTESIAN_POINT('',(227.88064100172,253.49507641228,
    340.0246998366));
#1737 = CARTESIAN_POINT('',(227.82011188977,253.47082138993,
    340.03641016917));
#1738 = PCURVE('',#31,#1739);
#1739 = DEFINITIONAL_REPRESENTATION('',(#1740),#1764);
#1740 = B_SPLINE_CURVE_WITH_KNOTS('',8,(#1741,#1742,#1743,#1744,#1745,
    #1746,#1747,#1748,#1749,#1750,#1751,#1752,#1753,#1754,#1755,#1756,
    #1757,#1758,#1759,#1760,#1761,#1762,#1763),.UNSPECIFIED.,.F.,.F.,(9,
    7,7,9),(0.,0.241865058325,0.83696629061,1.),.UNSPECIFIED.);
#1741 = CARTESIAN_POINT('',(1.913162788461,18.970740218228));
#1742 = CARTESIAN_POINT('',(1.955469150909,18.92409934825));
#1743 = CARTESIAN_POINT('',(1.997692065498,18.877141577826));
#1744 = CARTESIAN_POINT('',(2.039845945169,18.829914779512));
#1745 = CARTESIAN_POINT('',(2.081944723494,18.782464874603));
#1746 = CARTESIAN_POINT('',(2.124002131959,18.734836320507));
#1747 = CARTESIAN_POINT('',(2.16603197725,18.68707259813));
#1748 = CARTESIAN_POINT('',(2.208048418534,18.639216699255));
#1749 = CARTESIAN_POINT('',(2.353449760858,18.473442685232));
#1750 = CARTESIAN_POINT('',(2.456779715007,18.355346804133));
#1751 = CARTESIAN_POINT('',(2.560348425363,18.237581322021));
#1752 = CARTESIAN_POINT('',(2.664395944656,18.120791694416));
#1753 = CARTESIAN_POINT('',(2.769145818708,18.005735488208));
#1754 = CARTESIAN_POINT('',(2.874852331556,17.893366206894));
#1755 = CARTESIAN_POINT('',(2.981798899913,17.784872378451));
#1756 = CARTESIAN_POINT('',(3.120276595964,17.653792985855));
#1757 = CARTESIAN_POINT('',(3.150181225999,17.62603098296));
#1758 = CARTESIAN_POINT('',(3.180219971617,17.598732236442));
#1759 = CARTESIAN_POINT('',(3.210400811331,17.571938296685));
#1760 = CARTESIAN_POINT('',(3.24073139511,17.545695559194));
#1761 = CARTESIAN_POINT('',(3.271219265099,17.520055750206));
#1762 = CARTESIAN_POINT('',(3.301872076351,17.495076412285));
#1763 = CARTESIAN_POINT('',(3.332697817554,17.470821389932));
#1764 = ( GEOMETRIC_REPRESENTATION_CONTEXT(2) 
PARAMETRIC_REPRESENTATION_CONTEXT() REPRESENTATION_CONTEXT('2D SPACE',''
  ) );
#1765 = PCURVE('',#166,#1766);
#1766 = DEFINITIONAL_REPRESENTATION('',(#1767),#1791);
#1767 = B_SPLINE_CURVE_WITH_KNOTS('',8,(#1768,#1769,#1770,#1771,#1772,
    #1773,#1774,#1775,#1776,#1777,#1778,#1779,#1780,#1781,#1782,#1783,
    #1784,#1785,#1786,#1787,#1788,#1789,#1790),.UNSPECIFIED.,.F.,.F.,(9,
    7,7,9),(0.,0.241865058325,0.83696629061,1.),.UNSPECIFIED.);
#1768 = CARTESIAN_POINT('',(0.,15.766222642));
#1769 = CARTESIAN_POINT('',(1.571703874078E-02,15.678766692769));
#1770 = CARTESIAN_POINT('',(3.038547754649E-02,15.591260038067));
#1771 = CARTESIAN_POINT('',(4.402898774594E-02,15.503706169934));
#1772 = CARTESIAN_POINT('',(5.666610911254E-02,15.416107909023));
#1773 = CARTESIAN_POINT('',(6.831034687586E-02,15.328467289044));
#1774 = CARTESIAN_POINT('',(7.897026873319E-02,15.240785441216));
#1775 = CARTESIAN_POINT('',(8.864960186112E-02,15.15306247871));
#1776 = CARTESIAN_POINT('',(0.118747811361,14.849354168382));
#1777 = CARTESIAN_POINT('',(0.134192445925,14.633285349529));
#1778 = CARTESIAN_POINT('',(0.143692557383,14.416924785768));
#1779 = CARTESIAN_POINT('',(0.147030150239,14.200222677373));
#1780 = CARTESIAN_POINT('',(0.14380363608,13.98320638237));
#1781 = CARTESIAN_POINT('',(0.133327029128,13.765955998533));
#1782 = CARTESIAN_POINT('',(0.114627298571,13.548624049271));
#1783 = CARTESIAN_POINT('',(7.810681721454E-02,13.271765245224));
#1784 = CARTESIAN_POINT('',(6.950674962079E-02,13.212240523072));
#1785 = CARTESIAN_POINT('',(6.012519597575E-02,13.152734203619));
#1786 = CARTESIAN_POINT('',(4.992376552283E-02,13.093255200812));
#1787 = CARTESIAN_POINT('',(3.886008882678E-02,13.033815506854));
#1788 = CARTESIAN_POINT('',(2.68872365E-02,12.974430167723));
#1789 = CARTESIAN_POINT('',(1.395313792886E-02,12.915117258698));
#1790 = CARTESIAN_POINT('',(0.,12.855897859882));
#1791 = ( GEOMETRIC_REPRESENTATION_CONTEXT(2) 
PARAMETRIC_REPRESENTATION_CONTEXT() REPRESENTATION_CONTEXT('2D SPACE',''
  ) );
#1792 = FACE_BOUND('',#1793,.T.);
#1793 = EDGE_LOOP('',(#1794,#1900));
#1794 = ORIENTED_EDGE('',*,*,#1795,.F.);
#1795 = EDGE_CURVE('',#1796,#1798,#1800,.T.);
#1796 = VERTEX_POINT('',#1797);
#1797 = CARTESIAN_POINT('',(229.30843937166,271.45327675552,
    340.33525913147));
#1798 = VERTEX_POINT('',#1799);
#1799 = CARTESIAN_POINT('',(230.01278664727,272.95307276839,
    342.84486955883));
#1800 = SURFACE_CURVE('',#1801,(#1832,#1866),.PCURVE_S1.);
#1801 = B_SPLINE_CURVE_WITH_KNOTS('',8,(#1802,#1803,#1804,#1805,#1806,
    #1807,#1808,#1809,#1810,#1811,#1812,#1813,#1814,#1815,#1816,#1817,
    #1818,#1819,#1820,#1821,#1822,#1823,#1824,#1825,#1826,#1827,#1828,
    #1829,#1830,#1831),.UNSPECIFIED.,.F.,.F.,(9,7,7,7,9),(0.,
    0.145879323274,0.30618791622,0.850978063398,1.),.UNSPECIFIED.);
#1802 = CARTESIAN_POINT('',(229.30843937166,271.45327675552,
    340.33525913147));
#1803 = CARTESIAN_POINT('',(229.33453151888,271.4705549902,
    340.35263214358));
#1804 = CARTESIAN_POINT('',(229.36093508879,271.48830156315,
    340.37088687829));
#1805 = CARTESIAN_POINT('',(229.38765374718,271.50654457908,
    340.39008275294));
#1806 = CARTESIAN_POINT('',(229.41470153438,271.52532185668,
    340.41029230127));
#1807 = CARTESIAN_POINT('',(229.44209963665,271.54468120462,
    340.43160398689));
#1808 = CARTESIAN_POINT('',(229.46987315769,271.56468069743,
    340.45412501692));
#1809 = CARTESIAN_POINT('',(229.49804789006,271.58538895146,
    340.47798415546));
#1810 = CARTESIAN_POINT('',(229.5580750976,271.63050811497,
    340.53119238535));
#1811 = CARTESIAN_POINT('',(229.59011248981,271.65515621425,
    340.56093787513));
#1812 = CARTESIAN_POINT('',(229.62268659278,271.68086279897,
    340.59269542458));
#1813 = CARTESIAN_POINT('',(229.65582372362,271.70775076913,
    340.62670419201));
#1814 = CARTESIAN_POINT('',(229.68963399528,271.736033933,
    340.66333798907));
#1815 = CARTESIAN_POINT('',(229.72427475749,271.7660186576,
    340.70313378919));
#1816 = CARTESIAN_POINT('',(229.75989267076,271.79810606112,
    340.74682883125));
#1817 = CARTESIAN_POINT('',(229.92110110541,271.95068022047,
    340.96049127168));
#1818 = CARTESIAN_POINT('',(230.02608593171,272.06879211189,
    341.14021179267));
#1819 = CARTESIAN_POINT('',(230.10986069195,272.18657299959,
    341.33232324911));
#1820 = CARTESIAN_POINT('',(230.17085345403,272.30337812441,
    341.53439816034));
#1821 = CARTESIAN_POINT('',(230.20768079124,272.41844803617,
    341.74377200198));
#1822 = CARTESIAN_POINT('',(230.21914725161,272.5308279316,
    341.95755926337));
#1823 = CARTESIAN_POINT('',(230.20436023235,272.63932814084,
    342.17269996429));
#1824 = CARTESIAN_POINT('',(230.15090351423,272.77036567406,
    342.44442497168));
#1825 = CARTESIAN_POINT('',(230.13738968537,272.79808569106,
    342.50264333424));
#1826 = CARTESIAN_POINT('',(230.12182672451,272.82534350095,
    342.56064921923));
#1827 = CARTESIAN_POINT('',(230.1041988702,272.85209773146,
    342.61837106917));
#1828 = CARTESIAN_POINT('',(230.08449200203,272.87830219667,
    342.67573381852));
#1829 = CARTESIAN_POINT('',(230.06269392262,272.90390541279,
    342.73265914952));
#1830 = CARTESIAN_POINT('',(230.03879463953,272.92885011402,
    342.78906574794));
#1831 = CARTESIAN_POINT('',(230.01278664727,272.95307276839,
    342.84486955883));
#1832 = PCURVE('',#31,#1833);
#1833 = DEFINITIONAL_REPRESENTATION('',(#1834),#1865);
#1834 = B_SPLINE_CURVE_WITH_KNOTS('',8,(#1835,#1836,#1837,#1838,#1839,
    #1840,#1841,#1842,#1843,#1844,#1845,#1846,#1847,#1848,#1849,#1850,
    #1851,#1852,#1853,#1854,#1855,#1856,#1857,#1858,#1859,#1860,#1861,
    #1862,#1863,#1864),.UNSPECIFIED.,.F.,.F.,(9,7,7,7,9),(0.,
    0.145879323274,0.30618791622,0.850978063398,1.),.UNSPECIFIED.);
#1835 = CARTESIAN_POINT('',(2.554167440567,35.453276755525));
#1836 = CARTESIAN_POINT('',(2.538494041952,35.470554990207));
#1837 = CARTESIAN_POINT('',(2.522446790354,35.488301563158));
#1838 = CARTESIAN_POINT('',(2.50600154672,35.506544579082));
#1839 = CARTESIAN_POINT('',(2.489125518664,35.525321856688));
#1840 = CARTESIAN_POINT('',(2.471777018936,35.544681204628));
#1841 = CARTESIAN_POINT('',(2.453905223879,35.564680697435));
#1842 = CARTESIAN_POINT('',(2.435449931895,35.585388951465));
#1843 = CARTESIAN_POINT('',(2.395342634013,35.630508114971));
#1844 = CARTESIAN_POINT('',(2.373489643044,35.655156214252));
#1845 = CARTESIAN_POINT('',(2.350755199918,35.680862798978));
#1846 = CARTESIAN_POINT('',(2.327029624816,35.707750769139));
#1847 = CARTESIAN_POINT('',(2.302123199205,35.736033933003));
#1848 = CARTESIAN_POINT('',(2.275765022232,35.766018657605));
#1849 = CARTESIAN_POINT('',(2.247598231487,35.79810606112));
#1850 = CARTESIAN_POINT('',(2.113770172161,35.950680220477));
#1851 = CARTESIAN_POINT('',(2.010421063941,36.068792111891));
#1852 = CARTESIAN_POINT('',(1.906830008642,36.186572999598));
#1853 = CARTESIAN_POINT('',(1.802757491671,36.303378124413));
#1854 = CARTESIAN_POINT('',(1.697980771485,36.418448036172));
#1855 = CARTESIAN_POINT('',(1.59224639839,36.530827931609));
#1856 = CARTESIAN_POINT('',(1.485271877192,36.639328140846));
#1857 = CARTESIAN_POINT('',(1.346805184126,36.770365674064));
#1858 = CARTESIAN_POINT('',(1.316939173293,36.798085691069));
#1859 = CARTESIAN_POINT('',(1.28693955004,36.825343500951));
#1860 = CARTESIAN_POINT('',(1.256798385971,36.852097731467));
#1861 = CARTESIAN_POINT('',(1.226508075923,36.878302196679));
#1862 = CARTESIAN_POINT('',(1.196061118337,36.903905412799));
#1863 = CARTESIAN_POINT('',(1.165449895634,36.928850114026));
#1864 = CARTESIAN_POINT('',(1.134666454586,36.953072768393));
#1865 = ( GEOMETRIC_REPRESENTATION_CONTEXT(2) 
PARAMETRIC_REPRESENTATION_CONTEXT() REPRESENTATION_CONTEXT('2D SPACE',''
  ) );
#1866 = PCURVE('',#166,#1867);
#1867 = DEFINITIONAL_REPRESENTATION('',(#1868),#1899);
#1868 = B_SPLINE_CURVE_WITH_KNOTS('',8,(#1869,#1870,#1871,#1872,#1873,
    #1874,#1875,#1876,#1877,#1878,#1879,#1880,#1881,#1882,#1883,#1884,
    #1885,#1886,#1887,#1888,#1889,#1890,#1891,#1892,#1893,#1894,#1895,
    #1896,#1897,#1898),.UNSPECIFIED.,.F.,.F.,(9,7,7,7,9),(0.,
    0.145879323274,0.30618791622,0.850978063398,1.),.UNSPECIFIED.);
#1869 = CARTESIAN_POINT('',(4.7,32.175277426613));
#1870 = CARTESIAN_POINT('',(4.694174824614,32.207677843927));
#1871 = CARTESIAN_POINT('',(4.688350333259,32.240881760822));
#1872 = CARTESIAN_POINT('',(4.682528891672,32.274939974504));
#1873 = CARTESIAN_POINT('',(4.676710913723,32.309921272156));
#1874 = CARTESIAN_POINT('',(4.670895901364,32.345912961995));
#1875 = CARTESIAN_POINT('',(4.665083484579,32.383021404339));
#1876 = CARTESIAN_POINT('',(4.659274461336,32.421372542667));
#1877 = CARTESIAN_POINT('',(4.647095262462,32.504783093622));
#1878 = CARTESIAN_POINT('',(4.640706881691,32.550266996309));
#1879 = CARTESIAN_POINT('',(4.63433156651,32.5976228442));
#1880 = CARTESIAN_POINT('',(4.627975016689,32.647078840206));
#1881 = CARTESIAN_POINT('',(4.621629629637,32.699030210345));
#1882 = CARTESIAN_POINT('',(4.615285658523,32.754042212717));
#1883 = CARTESIAN_POINT('',(4.608947659378,32.812858633814));
#1884 = CARTESIAN_POINT('',(4.581275525014,33.092407330186));
#1885 = CARTESIAN_POINT('',(4.565842648099,33.308522736952));
#1886 = CARTESIAN_POINT('',(4.556335201895,33.524922481354));
#1887 = CARTESIAN_POINT('',(4.552987387836,33.741655950627));
#1888 = CARTESIAN_POINT('',(4.556209895518,33.958700604845));
#1889 = CARTESIAN_POINT('',(4.56669426274,34.175979899134));
#1890 = CARTESIAN_POINT('',(4.585414626694,34.393343880398));
#1891 = CARTESIAN_POINT('',(4.621964936012,34.670156573981));
#1892 = CARTESIAN_POINT('',(4.630560594251,34.729600082106));
#1893 = CARTESIAN_POINT('',(4.639936190953,34.78902550439));
#1894 = CARTESIAN_POINT('',(4.650129909424,34.848423972616));
#1895 = CARTESIAN_POINT('',(4.661183879531,34.907783551397));
#1896 = CARTESIAN_POINT('',(4.673144758807,34.96708926136));
#1897 = CARTESIAN_POINT('',(4.686064313562,35.026323102339));
#1898 = CARTESIAN_POINT('',(4.7,35.085464076565));
#1899 = ( GEOMETRIC_REPRESENTATION_CONTEXT(2) 
PARAMETRIC_REPRESENTATION_CONTEXT() REPRESENTATION_CONTEXT('2D SPACE',''
  ) );
#1900 = ORIENTED_EDGE('',*,*,#1901,.F.);
#1901 = EDGE_CURVE('',#1798,#1796,#1902,.T.);
#1902 = SURFACE_CURVE('',#1903,(#2004,#2108),.PCURVE_S1.);
#1903 = B_SPLINE_CURVE_WITH_KNOTS('',8,(#1904,#1905,#1906,#1907,#1908,
    #1909,#1910,#1911,#1912,#1913,#1914,#1915,#1916,#1917,#1918,#1919,
    #1920,#1921,#1922,#1923,#1924,#1925,#1926,#1927,#1928,#1929,#1930,
    #1931,#1932,#1933,#1934,#1935,#1936,#1937,#1938,#1939,#1940,#1941,
    #1942,#1943,#1944,#1945,#1946,#1947,#1948,#1949,#1950,#1951,#1952,
    #1953,#1954,#1955,#1956,#1957,#1958,#1959,#1960,#1961,#1962,#1963,
    #1964,#1965,#1966,#1967,#1968,#1969,#1970,#1971,#1972,#1973,#1974,
    #1975,#1976,#1977,#1978,#1979,#1980,#1981,#1982,#1983,#1984,#1985,
    #1986,#1987,#1988,#1989,#1990,#1991,#1992,#1993,#1994,#1995,#1996,
    #1997,#1998,#1999,#2000,#2001,#2002,#2003),.UNSPECIFIED.,.F.,.F.,(9,
    7,7,7,7,7,7,7,7,7,7,7,7,7,9),(0.,0.26894053623,0.41023251705,
    0.554174237366,0.611184221453,0.639932914624,0.669469340123,
    0.680711142005,0.686382449098,0.692571540054,0.709888101194,
    0.725405770605,0.750031851724,0.873351619079,1.),.UNSPECIFIED.);
#1904 = CARTESIAN_POINT('',(230.01278664727,272.95307276839,
    342.84486955883));
#1905 = CARTESIAN_POINT('',(230.06824516136,272.84219583154,
    342.72587550494));
#1906 = CARTESIAN_POINT('',(230.11464059769,272.73093031169,
    342.60301344236));
#1907 = CARTESIAN_POINT('',(230.15169627161,272.61931600017,
    342.4770774876));
#1908 = CARTESIAN_POINT('',(230.17921640837,272.50738709065,
    342.34887668572));
#1909 = CARTESIAN_POINT('',(230.19708330935,272.39517445125,
    342.21922793824));
#1910 = CARTESIAN_POINT('',(230.20525601176,272.28270726196,
    342.08894976997));
#1911 = CARTESIAN_POINT('',(230.20377044163,272.17001401747,
    341.95885693485));
#1912 = CARTESIAN_POINT('',(230.18694660776,271.99781383578,
    341.76193065765));
#1913 = CARTESIAN_POINT('',(230.17851790821,271.93844934273,
    341.6943782698));
#1914 = CARTESIAN_POINT('',(230.16747142558,271.87903318049,
    341.62721515153));
#1915 = CARTESIAN_POINT('',(230.15382947958,271.81956865662,
    341.56055673244));
#1916 = CARTESIAN_POINT('',(230.13762022776,271.76005868656,
    341.49451713637));
#1917 = CARTESIAN_POINT('',(230.11887764748,271.70050585833,
    341.42920890039));
#1918 = CARTESIAN_POINT('',(230.09764151803,271.64091249724,
    341.36474269389));
#1919 = CARTESIAN_POINT('',(230.04982912376,271.52053065101,
    341.2365202311));
#1920 = CARTESIAN_POINT('',(230.02315988835,271.45974082239,
    341.17279959198));
#1921 = CARTESIAN_POINT('',(229.99399878935,271.39891250563,
    341.11018052304));
#1922 = CARTESIAN_POINT('',(229.96239860735,271.33804899726,
    341.04877367315));
#1923 = CARTESIAN_POINT('',(229.92841937589,271.27715204472,
    340.98868753427));
#1924 = CARTESIAN_POINT('',(229.89212772889,271.21622263539,
    340.93002741356));
#1925 = CARTESIAN_POINT('',(229.85359203052,271.15526615952,
    340.87289078059));
#1926 = CARTESIAN_POINT('',(229.79674610109,271.07015628025,
    340.79536490398));
#1927 = CARTESIAN_POINT('',(229.7802763727,271.04600947663,
    340.77362249893));
#1928 = CARTESIAN_POINT('',(229.76346827467,271.02186204379,
    340.75213720751));
#1929 = CARTESIAN_POINT('',(229.74632241658,270.99771943575,
    340.73091032938));
#1930 = CARTESIAN_POINT('',(229.72884484467,270.97357992483,
    340.70994986438));
#1931 = CARTESIAN_POINT('',(229.71104211635,270.94944118638,
    340.68926408047));
#1932 = CARTESIAN_POINT('',(229.69291595269,270.92530743353,
    340.66885490723));
#1933 = CARTESIAN_POINT('',(229.66516963471,270.88901155021,
    340.63857887998));
#1934 = CARTESIAN_POINT('',(229.655787195,270.87684554685,
    340.62850130218));
#1935 = CARTESIAN_POINT('',(229.64632399322,270.86468126429,
    340.61849598529));
#1936 = CARTESIAN_POINT('',(229.636780435,270.8525189814,340.60856344024
    ));
#1937 = CARTESIAN_POINT('',(229.6271568321,270.84035908467,
    340.5987040858));
#1938 = CARTESIAN_POINT('',(229.61745324333,270.82820223188,
    340.58891811803));
#1939 = CARTESIAN_POINT('',(229.60766931545,270.81604951577,
    340.57920537979));
#1940 = CARTESIAN_POINT('',(229.58766862024,270.79142290718,
    340.55966093439));
#1941 = CARTESIAN_POINT('',(229.57744761244,270.7789508005,
    340.54983360376));
#1942 = CARTESIAN_POINT('',(229.56714251855,270.76648388847,
    340.54008437795));
#1943 = CARTESIAN_POINT('',(229.55673922268,270.75403729303,
    340.53040175171));
#1944 = CARTESIAN_POINT('',(229.54625940065,270.74158824168,
    340.52080362703));
#1945 = CARTESIAN_POINT('',(229.53565375828,270.72919042336,
    340.51124966942));
#1946 = CARTESIAN_POINT('',(229.52496161968,270.71680411747,
    340.50177228237));
#1947 = CARTESIAN_POINT('',(229.50989383451,270.6999203683,
    340.48864018061));
#1948 = CARTESIAN_POINT('',(229.50578427172,270.69568089909,
    340.48508435417));
#1949 = CARTESIAN_POINT('',(229.501730992,270.69139685325,
    340.48159710069));
#1950 = CARTESIAN_POINT('',(229.49769742966,270.68686356794,
    340.47814482636));
#1951 = CARTESIAN_POINT('',(229.4935985167,270.68213136176,
    340.47465622136));
#1952 = CARTESIAN_POINT('',(229.48930068281,270.67750553479,
    340.47102225986));
#1953 = CARTESIAN_POINT('',(229.48462185537,270.67354636853,
    340.46709620001));
#1954 = CARTESIAN_POINT('',(229.47666254036,270.66981939717,
    340.46047253541));
#1955 = CARTESIAN_POINT('',(229.47445180288,270.66951140103,
    340.45864189251));
#1956 = CARTESIAN_POINT('',(229.47270710602,270.67017497415,
    340.45720202141));
#1957 = CARTESIAN_POINT('',(229.47131079797,270.67151613006,
    340.45605230316));
#1958 = CARTESIAN_POINT('',(229.47014589713,270.67319683077,
    340.45509453529));
#1959 = CARTESIAN_POINT('',(229.46915514987,270.6749811828,
    340.45428092732));
#1960 = CARTESIAN_POINT('',(229.46833296516,270.67674805777,
    340.45360669019));
#1961 = CARTESIAN_POINT('',(229.46690515342,270.68014031086,
    340.45243667007));
#1962 = CARTESIAN_POINT('',(229.46624086016,270.68195063101,
    340.4518929969));
#1963 = CARTESIAN_POINT('',(229.46562592145,270.68378358117,
    340.45139020632));
#1964 = CARTESIAN_POINT('',(229.46504642104,270.68563067074,
    340.45091679915));
#1965 = CARTESIAN_POINT('',(229.46449548854,270.68748762626,
    340.45046710587));
#1966 = CARTESIAN_POINT('',(229.46396742564,270.68935177511,
    340.45003642369));
#1967 = CARTESIAN_POINT('',(229.46345642128,270.69122162179,
    340.44961995573));
#1968 = CARTESIAN_POINT('',(229.46157050639,270.69835029291,
    340.44808406543));
#1969 = CARTESIAN_POINT('',(229.46029640312,270.70363979305,
    340.44704879547));
#1970 = CARTESIAN_POINT('',(229.45907179139,270.70894511494,
    340.44605553413));
#1971 = CARTESIAN_POINT('',(229.45788455827,270.71426134384,
    340.44509432491));
#1972 = CARTESIAN_POINT('',(229.45672478843,270.71958479268,
    340.44415700552));
#1973 = CARTESIAN_POINT('',(229.45558191235,270.72491229741,
    340.44323486636));
#1974 = CARTESIAN_POINT('',(229.45445470207,270.73024438105,
    340.44232691089));
#1975 = CARTESIAN_POINT('',(229.45233800662,270.74036323644,
    340.44062475169));
#1976 = CARTESIAN_POINT('',(229.45134676962,270.74514807426,
    340.43982884749));
#1977 = CARTESIAN_POINT('',(229.45036251535,270.74993491791,
    340.43903972716));
#1978 = CARTESIAN_POINT('',(229.44938372246,270.75472334452,
    340.43825613978));
#1979 = CARTESIAN_POINT('',(229.44840933975,270.75951306311,
    340.43747722118));
#1980 = CARTESIAN_POINT('',(229.4474386333,270.76430387365,
    340.4367023682));
#1981 = CARTESIAN_POINT('',(229.44647103376,270.76909562621,
    340.43593111299));
#1982 = CARTESIAN_POINT('',(229.44397447745,270.78149382098,
    340.43394402051));
#1983 = CARTESIAN_POINT('',(229.44244942262,270.78910146714,
    340.43273297588));
#1984 = CARTESIAN_POINT('',(229.44092898129,270.79671063282,
    340.43152835341));
#1985 = CARTESIAN_POINT('',(229.43941187372,270.80432097933,
    340.43032910177));
#1986 = CARTESIAN_POINT('',(229.4378972378,270.81193227873,
    340.42913451295));
#1987 = CARTESIAN_POINT('',(229.43638448872,270.81954437741,
    340.42794410686));
#1988 = CARTESIAN_POINT('',(229.43487317864,270.8271571597,
    340.42675751596));
#1989 = CARTESIAN_POINT('',(229.42579963086,270.87289581314,
    340.41964954173));
#1990 = CARTESIAN_POINT('',(229.41826114828,270.91103528281,
    340.4138110772));
#1991 = CARTESIAN_POINT('',(229.41070344184,270.94917757596,
    340.4080229067));
#1992 = CARTESIAN_POINT('',(229.4031262184,270.98732247857,
    340.40228484836));
#1993 = CARTESIAN_POINT('',(229.39552563244,271.02546888636,
    340.39659381143));
#1994 = CARTESIAN_POINT('',(229.38789498782,271.06361499287,
    340.39094437571));
#1995 = CARTESIAN_POINT('',(229.3802365418,271.1017612978,
    340.38533849103));
#1996 = CARTESIAN_POINT('',(229.36465109171,271.17908241613,
    340.37405939642));
#1997 = CARTESIAN_POINT('',(229.35672260646,271.21825719633,
    340.36838860737));
#1998 = CARTESIAN_POINT('',(229.34876122791,271.25743104347,
    340.3627610485));
#1999 = CARTESIAN_POINT('',(229.34076619689,271.29660364934,
    340.35717622759));
#2000 = CARTESIAN_POINT('',(229.33273689728,271.3357747417,
    340.35163378534));
#2001 = CARTESIAN_POINT('',(229.32467285604,271.37494408432,
    340.34613349538));
#2002 = CARTESIAN_POINT('',(229.31657374315,271.414111477,
    340.34067526427));
#2003 = CARTESIAN_POINT('',(229.30843937166,271.45327675552,
    340.33525913147));
#2004 = PCURVE('',#31,#2005);
#2005 = DEFINITIONAL_REPRESENTATION('',(#2006),#2107);
#2006 = B_SPLINE_CURVE_WITH_KNOTS('',8,(#2007,#2008,#2009,#2010,#2011,
    #2012,#2013,#2014,#2015,#2016,#2017,#2018,#2019,#2020,#2021,#2022,
    #2023,#2024,#2025,#2026,#2027,#2028,#2029,#2030,#2031,#2032,#2033,
    #2034,#2035,#2036,#2037,#2038,#2039,#2040,#2041,#2042,#2043,#2044,
    #2045,#2046,#2047,#2048,#2049,#2050,#2051,#2052,#2053,#2054,#2055,
    #2056,#2057,#2058,#2059,#2060,#2061,#2062,#2063,#2064,#2065,#2066,
    #2067,#2068,#2069,#2070,#2071,#2072,#2073,#2074,#2075,#2076,#2077,
    #2078,#2079,#2080,#2081,#2082,#2083,#2084,#2085,#2086,#2087,#2088,
    #2089,#2090,#2091,#2092,#2093,#2094,#2095,#2096,#2097,#2098,#2099,
    #2100,#2101,#2102,#2103,#2104,#2105,#2106),.UNSPECIFIED.,.F.,.F.,(9,
    7,7,7,7,7,7,7,7,7,7,7,7,7,9),(0.,0.26894053623,0.41023251705,
    0.554174237366,0.611184221453,0.639932914624,0.669469340123,
    0.680711142005,0.686382449098,0.692571540054,0.709888101194,
    0.725405770605,0.750031851724,0.873351619079,1.),.UNSPECIFIED.);
#2007 = CARTESIAN_POINT('',(1.134666454586,36.953072768393));
#2008 = CARTESIAN_POINT('',(1.20030796517,36.842195831548));
#2009 = CARTESIAN_POINT('',(1.26578813396,36.730930311691));
#2010 = CARTESIAN_POINT('',(1.331119759365,36.619316000171));
#2011 = CARTESIAN_POINT('',(1.396316690362,36.507387090657));
#2012 = CARTESIAN_POINT('',(1.461393071015,36.395174451254));
#2013 = CARTESIAN_POINT('',(1.526362321285,36.282707261963));
#2014 = CARTESIAN_POINT('',(1.591235854119,36.170014017472));
#2015 = CARTESIAN_POINT('',(1.690057663497,35.997813835788));
#2016 = CARTESIAN_POINT('',(1.724070004379,35.938449342732));
#2017 = CARTESIAN_POINT('',(1.758059910334,35.879033180494));
#2018 = CARTESIAN_POINT('',(1.792028661023,35.819568656625));
#2019 = CARTESIAN_POINT('',(1.825977414657,35.760058686562));
#2020 = CARTESIAN_POINT('',(1.859907165745,35.70050585833));
#2021 = CARTESIAN_POINT('',(1.893818702853,35.64091249724));
#2022 = CARTESIAN_POINT('',(1.962242063279,35.520530651019));
#2023 = CARTESIAN_POINT('',(1.996753458528,35.459740822394));
#2024 = CARTESIAN_POINT('',(2.031246763261,35.398912505631));
#2025 = CARTESIAN_POINT('',(2.065723486906,35.338048997266));
#2026 = CARTESIAN_POINT('',(2.100184271869,35.277152044724));
#2027 = CARTESIAN_POINT('',(2.134629274715,35.216222635395));
#2028 = CARTESIAN_POINT('',(2.169061293791,35.15526615952));
#2029 = CARTESIAN_POINT('',(2.217128229509,35.070156280251));
#2030 = CARTESIAN_POINT('',(2.23076460986,35.046009476631));
#2031 = CARTESIAN_POINT('',(2.244401222926,35.021862043793));
#2032 = CARTESIAN_POINT('',(2.258041229358,34.997719435755));
#2033 = CARTESIAN_POINT('',(2.271683485301,34.973579924837));
#2034 = CARTESIAN_POINT('',(2.285326586831,34.94944118638));
#2035 = CARTESIAN_POINT('',(2.298973114103,34.925307433536));
#2036 = CARTESIAN_POINT('',(2.319506598875,34.889011550214));
#2037 = CARTESIAN_POINT('',(2.326390929109,34.87684554685));
#2038 = CARTESIAN_POINT('',(2.333276402914,34.864681264296));
#2039 = CARTESIAN_POINT('',(2.340163192173,34.852518981406));
#2040 = CARTESIAN_POINT('',(2.34705153509,34.840359084674));
#2041 = CARTESIAN_POINT('',(2.353941838994,34.828202231887));
#2042 = CARTESIAN_POINT('',(2.360834783148,34.816049515777));
#2043 = CARTESIAN_POINT('',(2.374817032204,34.79142290718));
#2044 = CARTESIAN_POINT('',(2.381906325326,34.778950800506));
#2045 = CARTESIAN_POINT('',(2.388998929749,34.766483888472));
#2046 = CARTESIAN_POINT('',(2.396104486226,34.754037293039));
#2047 = CARTESIAN_POINT('',(2.403209474254,34.741588241682));
#2048 = CARTESIAN_POINT('',(2.410346275824,34.729190423368));
#2049 = CARTESIAN_POINT('',(2.417489950913,34.716804117475));
#2050 = CARTESIAN_POINT('',(2.427483576966,34.699920368302));
#2051 = CARTESIAN_POINT('',(2.430200771474,34.695680899091));
#2052 = CARTESIAN_POINT('',(2.432874237219,34.691396853252));
#2053 = CARTESIAN_POINT('',(2.43552880864,34.686863567941));
#2054 = CARTESIAN_POINT('',(2.43822002031,34.682131361768));
#2055 = CARTESIAN_POINT('',(2.441034106937,34.677505534794));
#2056 = CARTESIAN_POINT('',(2.444088003361,34.673546368535));
#2057 = CARTESIAN_POINT('',(2.449265445493,34.669819397178));
#2058 = CARTESIAN_POINT('',(2.450700590812,34.669511401039));
#2059 = CARTESIAN_POINT('',(2.451831649619,34.670174974159));
#2060 = CARTESIAN_POINT('',(2.452736017607,34.671516130067));
#2061 = CARTESIAN_POINT('',(2.453490058782,34.67319683077));
#2062 = CARTESIAN_POINT('',(2.454131061035,34.674981182806));
#2063 = CARTESIAN_POINT('',(2.454662705561,34.67674805777));
#2064 = CARTESIAN_POINT('',(2.455585688964,34.680140310866));
#2065 = CARTESIAN_POINT('',(2.456014893401,34.681950631019));
#2066 = CARTESIAN_POINT('',(2.456412054497,34.683783581173));
#2067 = CARTESIAN_POINT('',(2.456786198483,34.685630670744));
#2068 = CARTESIAN_POINT('',(2.457141779176,34.687487626268));
#2069 = CARTESIAN_POINT('',(2.457482490726,34.689351775112));
#2070 = CARTESIAN_POINT('',(2.457812100713,34.691221621794));
#2071 = CARTESIAN_POINT('',(2.459028204532,34.698350292911));
#2072 = CARTESIAN_POINT('',(2.45984904552,34.70363979305));
#2073 = CARTESIAN_POINT('',(2.460637436089,34.708945114945));
#2074 = CARTESIAN_POINT('',(2.461401216525,34.714261343844));
#2075 = CARTESIAN_POINT('',(2.462146808624,34.719584792683));
#2076 = CARTESIAN_POINT('',(2.462881060653,34.724912297411));
#2077 = CARTESIAN_POINT('',(2.463604763756,34.730244381051));
#2078 = CARTESIAN_POINT('',(2.464962864043,34.740363236446));
#2079 = CARTESIAN_POINT('',(2.465598476622,34.745148074265));
#2080 = CARTESIAN_POINT('',(2.466229243212,34.74993491791));
#2081 = CARTESIAN_POINT('',(2.46685614892,34.754723344526));
#2082 = CARTESIAN_POINT('',(2.467479874481,34.759513063114));
#2083 = CARTESIAN_POINT('',(2.468100895189,34.764303873651));
#2084 = CARTESIAN_POINT('',(2.468719579821,34.769095626214));
#2085 = CARTESIAN_POINT('',(2.470314989639,34.781493820987));
#2086 = CARTESIAN_POINT('',(2.471288696031,34.789101467149));
#2087 = CARTESIAN_POINT('',(2.472258599292,34.796710632821));
#2088 = CARTESIAN_POINT('',(2.473225528806,34.804320979335));
#2089 = CARTESIAN_POINT('',(2.474190043638,34.811932278739));
#2090 = CARTESIAN_POINT('',(2.47515252338,34.819544377417));
#2091 = CARTESIAN_POINT('',(2.476113258995,34.8271571597));
#2092 = CARTESIAN_POINT('',(2.481876343385,34.87289581314));
#2093 = CARTESIAN_POINT('',(2.486643774863,34.911035282818));
#2094 = CARTESIAN_POINT('',(2.49140343354,34.949177575964));
#2095 = CARTESIAN_POINT('',(2.496155651797,34.987322478575));
#2096 = CARTESIAN_POINT('',(2.500903058174,35.025468886369));
#2097 = CARTESIAN_POINT('',(2.505650122483,35.063614992874));
#2098 = CARTESIAN_POINT('',(2.510395517043,35.101761297808));
#2099 = CARTESIAN_POINT('',(2.520014823537,35.179082416139));
#2100 = CARTESIAN_POINT('',(2.524888625749,35.218257196333));
#2101 = CARTESIAN_POINT('',(2.529763255298,35.257431043479));
#2102 = CARTESIAN_POINT('',(2.53463934051,35.296603649345));
#2103 = CARTESIAN_POINT('',(2.539517413598,35.335774741701));
#2104 = CARTESIAN_POINT('',(2.544397910663,35.374944084327));
#2105 = CARTESIAN_POINT('',(2.549281171695,35.414111477005));
#2106 = CARTESIAN_POINT('',(2.554167440568,35.453276755524));
#2107 = ( GEOMETRIC_REPRESENTATION_CONTEXT(2) 
PARAMETRIC_REPRESENTATION_CONTEXT() REPRESENTATION_CONTEXT('2D SPACE',''
  ) );
#2108 = PCURVE('',#589,#2109);
#2109 = DEFINITIONAL_REPRESENTATION('',(#2110),#2211);
#2110 = B_SPLINE_CURVE_WITH_KNOTS('',8,(#2111,#2112,#2113,#2114,#2115,
    #2116,#2117,#2118,#2119,#2120,#2121,#2122,#2123,#2124,#2125,#2126,
    #2127,#2128,#2129,#2130,#2131,#2132,#2133,#2134,#2135,#2136,#2137,
    #2138,#2139,#2140,#2141,#2142,#2143,#2144,#2145,#2146,#2147,#2148,
    #2149,#2150,#2151,#2152,#2153,#2154,#2155,#2156,#2157,#2158,#2159,
    #2160,#2161,#2162,#2163,#2164,#2165,#2166,#2167,#2168,#2169,#2170,
    #2171,#2172,#2173,#2174,#2175,#2176,#2177,#2178,#2179,#2180,#2181,
    #2182,#2183,#2184,#2185,#2186,#2187,#2188,#2189,#2190,#2191,#2192,
    #2193,#2194,#2195,#2196,#2197,#2198,#2199,#2200,#2201,#2202,#2203,
    #2204,#2205,#2206,#2207,#2208,#2209,#2210),.UNSPECIFIED.,.F.,.F.,(9,
    7,7,7,7,7,7,7,7,7,7,7,7,7,9),(0.,0.26894053623,0.41023251705,
    0.554174237366,0.611184221453,0.639932914624,0.669469340123,
    0.680711142005,0.686382449098,0.692571540054,0.709888101194,
    0.725405770605,0.750031851724,0.873351619079,1.),.UNSPECIFIED.);
#2111 = CARTESIAN_POINT('',(0.,35.085464076564));
#2112 = CARTESIAN_POINT('',(4.25385740123E-02,34.931932574863));
#2113 = CARTESIAN_POINT('',(8.448385694016E-02,34.77844460677));
#2114 = CARTESIAN_POINT('',(0.125887411746,34.625003155905));
#2115 = CARTESIAN_POINT('',(0.166797330058,34.471606345658));
#2116 = CARTESIAN_POINT('',(0.207257816545,34.31824919351));
#2117 = CARTESIAN_POINT('',(0.247309681613,34.164925878724));
#2118 = CARTESIAN_POINT('',(0.286991742429,34.011632523437));
#2119 = CARTESIAN_POINT('',(0.347016980452,33.77785195689));
#2120 = CARTESIAN_POINT('',(0.367599858079,33.6973409847));
#2121 = CARTESIAN_POINT('',(0.388097507415,33.616837276099));
#2122 = CARTESIAN_POINT('',(0.40851589422,33.536340444787));
#2123 = CARTESIAN_POINT('',(0.428861224149,33.455850136428));
#2124 = CARTESIAN_POINT('',(0.449139959164,33.375366152465));
#2125 = CARTESIAN_POINT('',(0.469358833946,33.294888573936));
#2126 = CARTESIAN_POINT('',(0.510069097356,33.132438078001));
#2127 = CARTESIAN_POINT('',(0.530558155967,33.050465090557));
#2128 = CARTESIAN_POINT('',(0.551000880098,32.968499857298));
#2129 = CARTESIAN_POINT('',(0.571402725619,32.886541976092));
#2130 = CARTESIAN_POINT('',(0.591771229721,32.804591804343));
#2131 = CARTESIAN_POINT('',(0.612114954604,32.722650175723));
#2132 = CARTESIAN_POINT('',(0.632435917423,32.640715737609));
#2133 = CARTESIAN_POINT('',(0.660747500609,32.526328162361));
#2134 = CARTESIAN_POINT('',(0.668772805903,32.493876017648));
#2135 = CARTESIAN_POINT('',(0.676791515903,32.461423665617));
#2136 = CARTESIAN_POINT('',(0.684795755203,32.42896769842));
#2137 = CARTESIAN_POINT('',(0.692788711785,32.396509064785));
#2138 = CARTESIAN_POINT('',(0.700774636273,32.364049323189));
#2139 = CARTESIAN_POINT('',(0.708747806359,32.331586237036));
#2140 = CARTESIAN_POINT('',(0.720722808267,32.28274773003));
#2141 = CARTESIAN_POINT('',(0.724733907347,32.26637481965));
#2142 = CARTESIAN_POINT('',(0.728741332613,32.250000856092));
#2143 = CARTESIAN_POINT('',(0.732744748934,32.233625702663));
#2144 = CARTESIAN_POINT('',(0.736743662633,32.217249168186));
#2145 = CARTESIAN_POINT('',(0.7407371788,32.200870920896));
#2146 = CARTESIAN_POINT('',(0.744723758591,32.18449040233));
#2147 = CARTESIAN_POINT('',(0.752787172774,32.151274157472));
#2148 = CARTESIAN_POINT('',(0.756862415988,32.134439267575));
#2149 = CARTESIAN_POINT('',(0.760929265083,32.117601548681));
#2150 = CARTESIAN_POINT('',(0.764965238562,32.100752832373));
#2151 = CARTESIAN_POINT('',(0.769003429422,32.083903868778));
#2152 = CARTESIAN_POINT('',(0.772965597922,32.067028537613));
#2153 = CARTESIAN_POINT('',(0.77691071752,32.050147712798));
#2154 = CARTESIAN_POINT('',(0.782040469364,32.02673606567));
#2155 = CARTESIAN_POINT('',(0.783127662872,32.02053170041));
#2156 = CARTESIAN_POINT('',(0.784296130477,32.014375428228));
#2157 = CARTESIAN_POINT('',(0.785701131755,32.008134417948));
#2158 = CARTESIAN_POINT('',(0.78724492771,32.001744706299));
#2159 = CARTESIAN_POINT('',(0.788576780773,31.995211197912));
#2160 = CARTESIAN_POINT('',(0.789092954802,31.988607665326));
#2161 = CARTESIAN_POINT('',(0.787353410865,31.978782007392));
#2162 = CARTESIAN_POINT('',(0.786236147145,31.976391099957));
#2163 = CARTESIAN_POINT('',(0.784561820101,31.974922623565));
#2164 = CARTESIAN_POINT('',(0.782513119226,31.974120374415));
#2165 = CARTESIAN_POINT('',(0.780312313088,31.973709554298));
#2166 = CARTESIAN_POINT('',(0.778129972383,31.973523482239));
#2167 = CARTESIAN_POINT('',(0.776068630293,31.973500811504));
#2168 = CARTESIAN_POINT('',(0.772205478151,31.973610480165));
#2169 = CARTESIAN_POINT('',(0.770205090134,31.973768321331));
#2170 = CARTESIAN_POINT('',(0.768215850774,31.973986775679));
#2171 = CARTESIAN_POINT('',(0.766236473035,31.974247799112));
#2172 = CARTESIAN_POINT('',(0.764266395398,31.974542449687));
#2173 = CARTESIAN_POINT('',(0.762304388439,31.974863710729));
#2174 = CARTESIAN_POINT('',(0.760348120763,31.975204990576));
#2175 = CARTESIAN_POINT('',(0.75292913163,31.976569613922));
#2176 = CARTESIAN_POINT('',(0.747502997359,31.977709963417));
#2177 = CARTESIAN_POINT('',(0.742094372106,31.978908465767));
#2178 = CARTESIAN_POINT('',(0.736699983687,31.980150580268));
#2179 = CARTESIAN_POINT('',(0.731316855563,31.981424552959));
#2180 = CARTESIAN_POINT('',(0.725941140946,31.982718201347));
#2181 = CARTESIAN_POINT('',(0.720571617735,31.984030529238));
#2182 = CARTESIAN_POINT('',(0.710396505942,31.986545033963));
#2183 = CARTESIAN_POINT('',(0.705591435121,31.987744408974));
#2184 = CARTESIAN_POINT('',(0.700789297261,31.988952341074));
#2185 = CARTESIAN_POINT('',(0.695989511084,31.990167094933));
#2186 = CARTESIAN_POINT('',(0.691191673992,31.991387472817));
#2187 = CARTESIAN_POINT('',(0.686395502258,31.992612640766));
#2188 = CARTESIAN_POINT('',(0.681600771217,31.993841954772));
#2189 = CARTESIAN_POINT('',(0.669200088135,31.997031255072));
#2190 = CARTESIAN_POINT('',(0.66159601203,31.998996609051));
#2191 = CARTESIAN_POINT('',(0.653994303735,32.000968771174));
#2192 = CARTESIAN_POINT('',(0.646394460055,32.002946297346));
#2193 = CARTESIAN_POINT('',(0.638796142075,32.004928217999));
#2194 = CARTESIAN_POINT('',(0.631199119232,32.006913879004));
#2195 = CARTESIAN_POINT('',(0.623603213384,32.008902782578));
#2196 = CARTESIAN_POINT('',(0.577974988959,32.020867970959));
#2197 = CARTESIAN_POINT('',(0.539965273256,32.030910196731));
#2198 = CARTESIAN_POINT('',(0.501961615867,32.040972505716));
#2199 = CARTESIAN_POINT('',(0.463964104039,32.05105571174));
#2200 = CARTESIAN_POINT('',(0.425971386301,32.061156626999));
#2201 = CARTESIAN_POINT('',(0.387980947568,32.071268863229));
#2202 = CARTESIAN_POINT('',(0.349993857099,32.081396187723));
#2203 = CARTESIAN_POINT('',(0.272999233269,32.101951069436));
#2204 = CARTESIAN_POINT('',(0.233991951998,32.112379543319));
#2205 = CARTESIAN_POINT('',(0.194987182055,32.122822486895));
#2206 = CARTESIAN_POINT('',(0.155984831457,32.133280377567));
#2207 = CARTESIAN_POINT('',(0.116984871569,32.143753877519));
#2208 = CARTESIAN_POINT('',(7.798733710095E-02,32.154243833716));
#2209 = CARTESIAN_POINT('',(3.899232611028E-02,32.164751277904));
#2210 = CARTESIAN_POINT('',(0.,32.175277426611));
#2211 = ( GEOMETRIC_REPRESENTATION_CONTEXT(2) 
PARAMETRIC_REPRESENTATION_CONTEXT() REPRESENTATION_CONTEXT('2D SPACE',''
  ) );
#2212 = FACE_BOUND('',#2213,.T.);
#2213 = EDGE_LOOP('',(#2214,#2299));
#2214 = ORIENTED_EDGE('',*,*,#2215,.F.);
#2215 = EDGE_CURVE('',#2216,#2218,#2220,.T.);
#2216 = VERTEX_POINT('',#2217);
#2217 = CARTESIAN_POINT('',(228.49057420567,286.32871847402,
    340.02122092415));
#2218 = VERTEX_POINT('',#2219);
#2219 = CARTESIAN_POINT('',(230.19996941472,287.82839519034,
    341.98893925044));
#2220 = SURFACE_CURVE('',#2221,(#2245,#2272),.PCURVE_S1.);
#2221 = B_SPLINE_CURVE_WITH_KNOTS('',8,(#2222,#2223,#2224,#2225,#2226,
    #2227,#2228,#2229,#2230,#2231,#2232,#2233,#2234,#2235,#2236,#2237,
    #2238,#2239,#2240,#2241,#2242,#2243,#2244),.UNSPECIFIED.,.F.,.F.,(9,
    7,7,9),(0.,0.241967138143,0.837106501045,1.),.UNSPECIFIED.);
#2222 = CARTESIAN_POINT('',(228.49057420567,286.32871847402,
    340.02122092415));
#2223 = CARTESIAN_POINT('',(228.57431996713,286.37537112824,
    340.0335185871));
#2224 = CARTESIAN_POINT('',(228.65730541516,286.42234099238,
    340.04984251814));
#2225 = CARTESIAN_POINT('',(228.73933462334,286.46958011638,
    340.07013544546));
#2226 = CARTESIAN_POINT('',(228.82021571811,286.51704251754,
    340.09433264531));
#2227 = CARTESIAN_POINT('',(228.89976101595,286.5646836893,
    340.12236229816));
#2228 = CARTESIAN_POINT('',(228.97778716045,286.61246011012,
    340.15414584476));
#2229 = CARTESIAN_POINT('',(229.05411525951,286.66032875227,
    340.18959834226));
#2230 = CARTESIAN_POINT('',(229.31170149088,286.82610470989,
    340.32462769861));
#2231 = CARTESIAN_POINT('',(229.48339508794,286.94418973691,
    340.44221456422));
#2232 = CARTESIAN_POINT('',(229.64121083948,287.06194444827,
    340.58005919107));
#2233 = CARTESIAN_POINT('',(229.78269456003,287.17872318784,
    340.73663866217));
#2234 = CARTESIAN_POINT('',(229.90546039614,287.29376762509,
    340.91013849954));
#2235 = CARTESIAN_POINT('',(230.007195899,287.40612275548,
    341.09846407953));
#2236 = CARTESIAN_POINT('',(230.08578686268,287.51459909404,
    341.29923317862));
#2237 = CARTESIAN_POINT('',(230.15362861224,287.64562545929,
    341.5677081933));
#2238 = CARTESIAN_POINT('',(230.16630679455,287.6733561203,
    341.62613939204));
#2239 = CARTESIAN_POINT('',(230.17704013188,287.70062412053,
    341.68525522451));
#2240 = CARTESIAN_POINT('',(230.18578371311,287.72738802706,
    341.74499766077));
#2241 = CARTESIAN_POINT('',(230.19249261211,287.75360158729,
    341.80530478676));
#2242 = CARTESIAN_POINT('',(230.19712225368,287.77921324421,
    341.86611091616));
#2243 = CARTESIAN_POINT('',(230.19962877963,287.80416565178,
    341.92734670237));
#2244 = CARTESIAN_POINT('',(230.19996941472,287.82839519034,
    341.98893925044));
#2245 = PCURVE('',#31,#2246);
#2246 = DEFINITIONAL_REPRESENTATION('',(#2247),#2271);
#2247 = B_SPLINE_CURVE_WITH_KNOTS('',8,(#2248,#2249,#2250,#2251,#2252,
    #2253,#2254,#2255,#2256,#2257,#2258,#2259,#2260,#2261,#2262,#2263,
    #2264,#2265,#2266,#2267,#2268,#2269,#2270),.UNSPECIFIED.,.F.,.F.,(9,
    7,7,9),(0.,0.241967138143,0.837106501045,1.),.UNSPECIFIED.);
#2248 = CARTESIAN_POINT('',(2.995789505463,50.328718474024));
#2249 = CARTESIAN_POINT('',(2.953467569437,50.37537112824));
#2250 = CARTESIAN_POINT('',(2.911229279956,50.42234099238));
#2251 = CARTESIAN_POINT('',(2.869060193061,50.469580116386));
#2252 = CARTESIAN_POINT('',(2.826946338605,50.517042517545));
#2253 = CARTESIAN_POINT('',(2.784873943367,50.564683689308));
#2254 = CARTESIAN_POINT('',(2.74282915417,50.612460110126));
#2255 = CARTESIAN_POINT('',(2.700797760992,50.660328752272));
#2256 = CARTESIAN_POINT('',(2.555381467489,50.826104709894));
#2257 = CARTESIAN_POINT('',(2.452051112007,50.944189736912));
#2258 = CARTESIAN_POINT('',(2.348480982427,51.061944448273));
#2259 = CARTESIAN_POINT('',(2.244430657395,51.178723187845));
#2260 = CARTESIAN_POINT('',(2.139676486397,51.293767625094));
#2261 = CARTESIAN_POINT('',(2.033964458369,51.406122755488));
#2262 = CARTESIAN_POINT('',(1.927011931687,51.514599094044));
#2263 = CARTESIAN_POINT('',(1.788554955975,51.645625459291));
#2264 = CARTESIAN_POINT('',(1.75867667064,51.673356120309));
#2265 = CARTESIAN_POINT('',(1.728664607304,51.70062412053));
#2266 = CARTESIAN_POINT('',(1.698510833067,51.727388027069));
#2267 = CARTESIAN_POINT('',(1.668207740469,51.753601587299));
#2268 = CARTESIAN_POINT('',(1.637747827025,51.77921324421));
#2269 = CARTESIAN_POINT('',(1.607123474763,51.804165651782));
#2270 = CARTESIAN_POINT('',(1.576326729765,51.828395190341));
#2271 = ( GEOMETRIC_REPRESENTATION_CONTEXT(2) 
PARAMETRIC_REPRESENTATION_CONTEXT() REPRESENTATION_CONTEXT('2D SPACE',''
  ) );
#2272 = PCURVE('',#819,#2273);
#2273 = DEFINITIONAL_REPRESENTATION('',(#2274),#2298);
#2274 = B_SPLINE_CURVE_WITH_KNOTS('',8,(#2275,#2276,#2277,#2278,#2279,
    #2280,#2281,#2282,#2283,#2284,#2285,#2286,#2287,#2288,#2289,#2290,
    #2291,#2292,#2293,#2294,#2295,#2296,#2297),.UNSPECIFIED.,.F.,.F.,(9,
    7,7,9),(0.,0.241967138143,0.837106501045,1.),.UNSPECIFIED.);
#2275 = CARTESIAN_POINT('',(4.7,48.156590709));
#2276 = CARTESIAN_POINT('',(4.684281540382,48.244077620839));
#2277 = CARTESIAN_POINT('',(4.669612567775,48.331615518238));
#2278 = CARTESIAN_POINT('',(4.655969121371,48.419200857362));
#2279 = CARTESIAN_POINT('',(4.643332407114,48.506830740846));
#2280 = CARTESIAN_POINT('',(4.63168871129,48.594503043944));
#2281 = CARTESIAN_POINT('',(4.621029314116,48.682216540679));
#2282 = CARTESIAN_POINT('',(4.611350403332,48.769971029989));
#2283 = CARTESIAN_POINT('',(4.581260932723,49.073710473544));
#2284 = CARTESIAN_POINT('',(4.565819775042,49.289777937431));
#2285 = CARTESIAN_POINT('',(4.556318036068,49.506134894596));
#2286 = CARTESIAN_POINT('',(4.552975852734,49.722830099931));
#2287 = CARTESIAN_POINT('',(4.556199222937,49.939836146183));
#2288 = CARTESIAN_POINT('',(4.566679190997,50.157074989728));
#2289 = CARTESIAN_POINT('',(4.585391319162,50.374396673888));
#2290 = CARTESIAN_POINT('',(4.621931550728,50.651190558163));
#2291 = CARTESIAN_POINT('',(4.630529441756,50.710658328454));
#2292 = CARTESIAN_POINT('',(4.639907992248,50.770107921193));
#2293 = CARTESIAN_POINT('',(4.650105459323,50.829530467228));
#2294 = CARTESIAN_POINT('',(4.661164047852,50.888914026589));
#2295 = CARTESIAN_POINT('',(4.673130491067,50.948243610046));
#2296 = CARTESIAN_POINT('',(4.68605663118,51.007501200669));
#2297 = CARTESIAN_POINT('',(4.7,51.066665775383));
#2298 = ( GEOMETRIC_REPRESENTATION_CONTEXT(2) 
PARAMETRIC_REPRESENTATION_CONTEXT() REPRESENTATION_CONTEXT('2D SPACE',''
  ) );
#2299 = ORIENTED_EDGE('',*,*,#2300,.F.);
#2300 = EDGE_CURVE('',#2218,#2216,#2301,.T.);
#2301 = SURFACE_CURVE('',#2302,(#2395,#2491),.PCURVE_S1.);
#2302 = B_SPLINE_CURVE_WITH_KNOTS('',7,(#2303,#2304,#2305,#2306,#2307,
    #2308,#2309,#2310,#2311,#2312,#2313,#2314,#2315,#2316,#2317,#2318,
    #2319,#2320,#2321,#2322,#2323,#2324,#2325,#2326,#2327,#2328,#2329,
    #2330,#2331,#2332,#2333,#2334,#2335,#2336,#2337,#2338,#2339,#2340,
    #2341,#2342,#2343,#2344,#2345,#2346,#2347,#2348,#2349,#2350,#2351,
    #2352,#2353,#2354,#2355,#2356,#2357,#2358,#2359,#2360,#2361,#2362,
    #2363,#2364,#2365,#2366,#2367,#2368,#2369,#2370,#2371,#2372,#2373,
    #2374,#2375,#2376,#2377,#2378,#2379,#2380,#2381,#2382,#2383,#2384,
    #2385,#2386,#2387,#2388,#2389,#2390,#2391,#2392,#2393,#2394),
  .UNSPECIFIED.,.F.,.F.,(8,6,6,6,6,6,6,6,6,6,6,6,6,6,6,8),(0.,
    0.310755099367,0.473649629939,0.641102696922,0.672426675199,
    0.688857832607,0.705274716698,0.71291111756,0.714652804925,
    0.716119988466,0.719209604584,0.727221805527,0.735283033059,
    0.746817848267,0.828225345573,1.),.UNSPECIFIED.);
#2303 = CARTESIAN_POINT('',(230.19996941472,287.82839519034,
    341.98893925044));
#2304 = CARTESIAN_POINT('',(230.19905098249,287.68813942061,
    341.82287126769));
#2305 = CARTESIAN_POINT('',(230.18204765775,287.54724780514,
    341.65741751495));
#2306 = CARTESIAN_POINT('',(230.1491529711,287.40580840623,
    341.4943943392));
#2307 = CARTESIAN_POINT('',(230.1007991435,287.26389116162,
    341.33555485437));
#2308 = CARTESIAN_POINT('',(230.037635622,287.12155553048,
    341.18256618512));
#2309 = CARTESIAN_POINT('',(229.96051405545,286.9788584956,
    341.03698458305));
#2310 = CARTESIAN_POINT('',(229.82328466017,286.76090615682,
    340.82854228134));
#2311 = CARTESIAN_POINT('',(229.77254035239,286.68586556218,
    340.75927940989));
#2312 = CARTESIAN_POINT('',(229.7183963536,286.61074918758,
    340.69264323729));
#2313 = CARTESIAN_POINT('',(229.6610156561,286.53556425742,
    340.62882573709));
#2314 = CARTESIAN_POINT('',(229.60057374298,286.46031755204,
    340.56800662931));
#2315 = CARTESIAN_POINT('',(229.53725765347,286.38501578924,
    340.51035258959));
#2316 = CARTESIAN_POINT('',(229.40342566714,286.2322075894,
    340.40015975271));
#2317 = CARTESIAN_POINT('',(229.33275719131,286.15469825371,
    340.34780886142));
#2318 = CARTESIAN_POINT('',(229.25947575226,286.07714436648,
    340.29913020187));
#2319 = CARTESIAN_POINT('',(229.18380415158,285.99955530314,
    340.2542729076));
#2320 = CARTESIAN_POINT('',(229.10597919742,285.92193671054,
    340.21337044749));
#2321 = CARTESIAN_POINT('',(229.02624675056,285.8442939558,
    340.17653908812));
#2322 = CARTESIAN_POINT('',(228.92961727044,285.75212079201,
    340.13776267756));
#2323 = CARTESIAN_POINT('',(228.91433151727,285.73759570713,
    340.13179788359));
#2324 = CARTESIAN_POINT('',(228.89898889289,285.72307052518,
    340.12597946407));
#2325 = CARTESIAN_POINT('',(228.88359087131,285.7085454354,
    340.12030799186));
#2326 = CARTESIAN_POINT('',(228.86813872825,285.69402079619,
    340.11478396595));
#2327 = CARTESIAN_POINT('',(228.85263354111,285.67949713517,
    340.10940781142));
#2328 = CARTESIAN_POINT('',(228.82891549822,285.65735756504,
    340.10143754029));
#2329 = CARTESIAN_POINT('',(228.82073693186,285.64973734252,
    340.09873483154));
#2330 = CARTESIAN_POINT('',(228.81254066657,285.64211446032,
    340.0960718318));
#2331 = CARTESIAN_POINT('',(228.80432592237,285.63448839411,
    340.09344837707));
#2332 = CARTESIAN_POINT('',(228.79609096261,285.62685811649,
    340.09086406071));
#2333 = CARTESIAN_POINT('',(228.78783309402,285.61922209699,
    340.08831823346));
#2334 = CARTESIAN_POINT('',(228.77127143581,285.60394114707,
    340.08330395225));
#2335 = CARTESIAN_POINT('',(228.76294780192,285.59627727174,
    340.0808294127));
#2336 = CARTESIAN_POINT('',(228.75459744748,285.58861236529,
    340.07839318786));
#2337 = CARTESIAN_POINT('',(228.74622780737,285.58093879417,
    340.07599692785));
#2338 = CARTESIAN_POINT('',(228.73778988359,285.5732526309,
    340.07362744477));
#2339 = CARTESIAN_POINT('',(228.72925606382,285.56548800583,
    340.07127746358));
#2340 = CARTESIAN_POINT('',(228.71639860543,285.55397961695,
    340.06781202953));
#2341 = CARTESIAN_POINT('',(228.71022224969,285.54868360725,
    340.06617451258));
#2342 = CARTESIAN_POINT('',(228.70431526944,285.54357116664,
    340.06461959098));
#2343 = CARTESIAN_POINT('',(228.69994530454,285.53970867385,
    340.06347890184));
#2344 = CARTESIAN_POINT('',(228.69728387018,285.53740297372,
    340.06279580783));
#2345 = CARTESIAN_POINT('',(228.6954063568,285.53620137711,
    340.06232539723));
#2346 = CARTESIAN_POINT('',(228.69158172392,285.53459294482,
    340.06135409479));
#2347 = CARTESIAN_POINT('',(228.6907439197,285.53427952418,
    340.06114169815));
#2348 = CARTESIAN_POINT('',(228.68986467589,285.53412020369,
    340.06091926158));
#2349 = CARTESIAN_POINT('',(228.68901350628,285.53420338353,
    340.06070442902));
#2350 = CARTESIAN_POINT('',(228.68824338012,285.53453705941,
    340.06051052077));
#2351 = CARTESIAN_POINT('',(228.6875907221,285.53504882256,
    340.06034653352));
#2352 = CARTESIAN_POINT('',(228.68664131951,285.53603825556,
    340.06010814052));
#2353 = CARTESIAN_POINT('',(228.68626653258,285.53653580308,
    340.06001414564));
#2354 = CARTESIAN_POINT('',(228.68593555883,285.53705823702,
    340.05993122409));
#2355 = CARTESIAN_POINT('',(228.68563601318,285.53759198319,
    340.05985623682));
#2356 = CARTESIAN_POINT('',(228.68535861826,285.53813015845,
    340.0597868373));
#2357 = CARTESIAN_POINT('',(228.68509720435,285.53867257072,
    340.05972147155));
#2358 = CARTESIAN_POINT('',(228.68432542517,285.54039054656,
    340.0595286208));
#2359 = CARTESIAN_POINT('',(228.68386024761,285.54157546181,
    340.05941254787));
#2360 = CARTESIAN_POINT('',(228.68343300424,285.54277211507,
    340.05930607544));
#2361 = CARTESIAN_POINT('',(228.6830290256,285.54397476346,
    340.0592055074));
#2362 = CARTESIAN_POINT('',(228.68263914531,285.54518027089,
    340.05910853541));
#2363 = CARTESIAN_POINT('',(228.68225969999,285.54638810809,
    340.05901423887));
#2364 = CARTESIAN_POINT('',(228.68094035763,285.55074402679,
    340.05868669841));
#2365 = CARTESIAN_POINT('',(228.68005631079,285.5539042061,
    340.05846780041));
#2366 = CARTESIAN_POINT('',(228.67919788113,285.5570703148,
    340.05825570431));
#2367 = CARTESIAN_POINT('',(228.67835774167,285.56024029374,
    340.05804857192));
#2368 = CARTESIAN_POINT('',(228.67753313336,285.56341339974,
    340.05784571188));
#2369 = CARTESIAN_POINT('',(228.67671651575,285.56658807159,
    340.05764522874));
#2370 = CARTESIAN_POINT('',(228.67509349567,285.57296109244,
    340.05724760385));
#2371 = CARTESIAN_POINT('',(228.6742867212,285.57615886232,
    340.0570503723));
#2372 = CARTESIAN_POINT('',(228.67348531329,285.57935777275,
    340.05685486527));
#2373 = CARTESIAN_POINT('',(228.67268784567,285.5825575168,
    340.05666072488));
#2374 = CARTESIAN_POINT('',(228.67189331012,285.5857578802,
    340.05646769817));
#2375 = CARTESIAN_POINT('',(228.67110111638,285.5889587413,
    340.05627563713));
#2376 = CARTESIAN_POINT('',(228.66918064621,285.59674085577,
    340.0558109984));
#2377 = CARTESIAN_POINT('',(228.6680543034,285.60132251782,
    340.05553930195));
#2378 = CARTESIAN_POINT('',(228.66693103165,285.60590484271,
    340.05526915044));
#2379 = CARTESIAN_POINT('',(228.66581002584,285.61048766352,
    340.05500034198));
#2380 = CARTESIAN_POINT('',(228.66469070786,285.61507086101,
    340.05473273163));
#2381 = CARTESIAN_POINT('',(228.66357272667,285.61965436353,
    340.05446623141));
#2382 = CARTESIAN_POINT('',(228.65457431267,285.65658841403,
    340.05232758823));
#2383 = CARTESIAN_POINT('',(228.64674823517,285.68895161814,
    340.0505069008));
#2384 = CARTESIAN_POINT('',(228.63890123443,285.72131219021,
    340.04871958397));
#2385 = CARTESIAN_POINT('',(228.63106932434,285.75367731871,
    340.04697468629));
#2386 = CARTESIAN_POINT('',(228.62322135776,285.78604062183,
    340.045264422));
#2387 = CARTESIAN_POINT('',(228.61537041138,285.81840469926,
    340.04359210121));
#2388 = CARTESIAN_POINT('',(228.59092733371,285.91905775603,
    340.03850497023));
#2389 = CARTESIAN_POINT('',(228.57430872725,285.98734583612,
    340.03521722395));
#2390 = CARTESIAN_POINT('',(228.55764952503,286.05563079799,
    340.03209208001));
#2391 = CARTESIAN_POINT('',(228.54094724706,286.12391143093,
    340.02912939464));
#2392 = CARTESIAN_POINT('',(228.52420114696,286.19218686062,
    340.02632959025));
#2393 = CARTESIAN_POINT('',(228.50741071911,286.26045624562,
    340.02369328531));
#2394 = CARTESIAN_POINT('',(228.49057420567,286.32871847402,
    340.02122092415));
#2395 = PCURVE('',#31,#2396);
#2396 = DEFINITIONAL_REPRESENTATION('',(#2397),#2490);
#2397 = B_SPLINE_CURVE_WITH_KNOTS('',7,(#2398,#2399,#2400,#2401,#2402,
    #2403,#2404,#2405,#2406,#2407,#2408,#2409,#2410,#2411,#2412,#2413,
    #2414,#2415,#2416,#2417,#2418,#2419,#2420,#2421,#2422,#2423,#2424,
    #2425,#2426,#2427,#2428,#2429,#2430,#2431,#2432,#2433,#2434,#2435,
    #2436,#2437,#2438,#2439,#2440,#2441,#2442,#2443,#2444,#2445,#2446,
    #2447,#2448,#2449,#2450,#2451,#2452,#2453,#2454,#2455,#2456,#2457,
    #2458,#2459,#2460,#2461,#2462,#2463,#2464,#2465,#2466,#2467,#2468,
    #2469,#2470,#2471,#2472,#2473,#2474,#2475,#2476,#2477,#2478,#2479,
    #2480,#2481,#2482,#2483,#2484,#2485,#2486,#2487,#2488,#2489),
  .UNSPECIFIED.,.F.,.F.,(8,6,6,6,6,6,6,6,6,6,6,6,6,6,6,8),(0.,
    0.310755099367,0.473649629939,0.641102696922,0.672426675199,
    0.688857832607,0.705274716698,0.71291111756,0.714652804925,
    0.716119988466,0.719209604584,0.727221805527,0.735283033059,
    0.746817848267,0.828225345573,1.),.UNSPECIFIED.);
#2398 = CARTESIAN_POINT('',(1.576326729765,51.828395190341));
#2399 = CARTESIAN_POINT('',(1.659361990965,51.688139420617));
#2400 = CARTESIAN_POINT('',(1.742134565093,51.547247805141));
#2401 = CARTESIAN_POINT('',(1.824671172968,51.405808406232));
#2402 = CARTESIAN_POINT('',(1.907001811999,51.263891161621));
#2403 = CARTESIAN_POINT('',(1.989155672722,51.121555530484));
#2404 = CARTESIAN_POINT('',(2.071157417598,50.9788584956));
#2405 = CARTESIAN_POINT('',(2.195937323904,50.760906156826));
#2406 = CARTESIAN_POINT('',(2.238814665579,50.685865562185));
#2407 = CARTESIAN_POINT('',(2.281658848302,50.610749187586));
#2408 = CARTESIAN_POINT('',(2.324472979792,50.535564257421));
#2409 = CARTESIAN_POINT('',(2.367260147014,50.460317552049));
#2410 = CARTESIAN_POINT('',(2.41002328891,50.385015789249));
#2411 = CARTESIAN_POINT('',(2.496702960497,50.232207589407));
#2412 = CARTESIAN_POINT('',(2.54061868056,50.15469825371));
#2413 = CARTESIAN_POINT('',(2.584514387209,50.077144366486));
#2414 = CARTESIAN_POINT('',(2.628394726935,49.99955530314));
#2415 = CARTESIAN_POINT('',(2.672262220703,49.921936710546));
#2416 = CARTESIAN_POINT('',(2.716119015444,49.844293955808));
#2417 = CARTESIAN_POINT('',(2.768178756234,49.752120792017));
#2418 = CARTESIAN_POINT('',(2.776382541486,49.73759570713));
#2419 = CARTESIAN_POINT('',(2.784586361781,49.723070525184));
#2420 = CARTESIAN_POINT('',(2.792790328167,49.708545435402));
#2421 = CARTESIAN_POINT('',(2.800994657902,49.694020796199));
#2422 = CARTESIAN_POINT('',(2.809199674446,49.679497135179));
#2423 = CARTESIAN_POINT('',(2.821710377668,49.657357565045));
#2424 = CARTESIAN_POINT('',(2.826017108672,49.649737342526));
#2425 = CARTESIAN_POINT('',(2.830326033469,49.642114460325));
#2426 = CARTESIAN_POINT('',(2.834637678671,49.634488394116));
#2427 = CARTESIAN_POINT('',(2.838953064513,49.626858116496));
#2428 = CARTESIAN_POINT('',(2.843273704855,49.61922209699));
#2429 = CARTESIAN_POINT('',(2.851925749971,49.60394114707));
#2430 = CARTESIAN_POINT('',(2.856267532892,49.596277271743));
#2431 = CARTESIAN_POINT('',(2.860616685298,49.588612365299));
#2432 = CARTESIAN_POINT('',(2.864969540826,49.580938794177));
#2433 = CARTESIAN_POINT('',(2.869351603797,49.573252630902));
#2434 = CARTESIAN_POINT('',(2.873777272524,49.565488005836));
#2435 = CARTESIAN_POINT('',(2.880435415462,49.55397961695));
#2436 = CARTESIAN_POINT('',(2.883630288412,49.548683607259));
#2437 = CARTESIAN_POINT('',(2.88668438637,49.543571166641));
#2438 = CARTESIAN_POINT('',(2.888942573776,49.539708673858));
#2439 = CARTESIAN_POINT('',(2.890316410208,49.537402973725));
#2440 = CARTESIAN_POINT('',(2.891284150383,49.536201377114));
#2441 = CARTESIAN_POINT('',(2.893257171237,49.53459294482));
#2442 = CARTESIAN_POINT('',(2.893689325115,49.534279524181));
#2443 = CARTESIAN_POINT('',(2.894142797136,49.53412020369));
#2444 = CARTESIAN_POINT('',(2.894581728408,49.534203383531));
#2445 = CARTESIAN_POINT('',(2.894978809806,49.534537059411));
#2446 = CARTESIAN_POINT('',(2.895315281966,49.53504882256));
#2447 = CARTESIAN_POINT('',(2.895804719527,49.536038255565));
#2448 = CARTESIAN_POINT('',(2.895997916494,49.536535803083));
#2449 = CARTESIAN_POINT('',(2.896168518074,49.537058237026));
#2450 = CARTESIAN_POINT('',(2.896322912595,49.537591983195));
#2451 = CARTESIAN_POINT('',(2.896465884823,49.538130158453));
#2452 = CARTESIAN_POINT('',(2.896600615962,49.538672570727));
#2453 = CARTESIAN_POINT('',(2.896998370444,49.540390546565));
#2454 = CARTESIAN_POINT('',(2.897238090628,49.541575461817));
#2455 = CARTESIAN_POINT('',(2.897458245828,49.542772115078));
#2456 = CARTESIAN_POINT('',(2.897666400001,49.543974763464));
#2457 = CARTESIAN_POINT('',(2.897867279443,49.545180270897));
#2458 = CARTESIAN_POINT('',(2.898062772788,49.546388108098));
#2459 = CARTESIAN_POINT('',(2.898742468861,49.55074402679));
#2460 = CARTESIAN_POINT('',(2.89919784092,49.5539042061));
#2461 = CARTESIAN_POINT('',(2.899639962484,49.557070314805));
#2462 = CARTESIAN_POINT('',(2.900072610676,49.560240293745));
#2463 = CARTESIAN_POINT('',(2.900497207766,49.563413399741));
#2464 = CARTESIAN_POINT('',(2.900917641368,49.566588071593));
#2465 = CARTESIAN_POINT('',(2.901753150156,49.572961092442));
#2466 = CARTESIAN_POINT('',(2.902168416686,49.576158862328));
#2467 = CARTESIAN_POINT('',(2.902580871951,49.579357772752));
#2468 = CARTESIAN_POINT('',(2.902991251288,49.582557516805));
#2469 = CARTESIAN_POINT('',(2.903400074544,49.585757880205));
#2470 = CARTESIAN_POINT('',(2.903807646079,49.588958741307));
#2471 = CARTESIAN_POINT('',(2.904795585201,49.59674085577));
#2472 = CARTESIAN_POINT('',(2.905374909476,49.601322517825));
#2473 = CARTESIAN_POINT('',(2.90595255995,49.605904842712));
#2474 = CARTESIAN_POINT('',(2.906528951946,49.610487663528));
#2475 = CARTESIAN_POINT('',(2.907104383756,49.61507086101));
#2476 = CARTESIAN_POINT('',(2.907679036639,49.619654363538));
#2477 = CARTESIAN_POINT('',(2.912303570374,49.656588414034));
#2478 = CARTESIAN_POINT('',(2.916321061193,49.68895161814));
#2479 = CARTESIAN_POINT('',(2.920344980015,49.721312190213));
#2480 = CARTESIAN_POINT('',(2.924356865424,49.753677318719));
#2481 = CARTESIAN_POINT('',(2.928372875499,49.786040621833));
#2482 = CARTESIAN_POINT('',(2.932386371345,49.818404699264));
#2483 = CARTESIAN_POINT('',(2.944869789824,49.919057756031));
#2484 = CARTESIAN_POINT('',(2.953339727247,49.987345836128));
#2485 = CARTESIAN_POINT('',(2.961813962796,50.05563079799));
#2486 = CARTESIAN_POINT('',(2.970294719712,50.123911430937));
#2487 = CARTESIAN_POINT('',(2.978783322397,50.192186860623));
#2488 = CARTESIAN_POINT('',(2.987280969243,50.260456245624));
#2489 = CARTESIAN_POINT('',(2.995789505463,50.328718474024));
#2490 = ( GEOMETRIC_REPRESENTATION_CONTEXT(2) 
PARAMETRIC_REPRESENTATION_CONTEXT() REPRESENTATION_CONTEXT('2D SPACE',''
  ) );
#2491 = PCURVE('',#1179,#2492);
#2492 = DEFINITIONAL_REPRESENTATION('',(#2493),#2586);
#2493 = B_SPLINE_CURVE_WITH_KNOTS('',7,(#2494,#2495,#2496,#2497,#2498,
    #2499,#2500,#2501,#2502,#2503,#2504,#2505,#2506,#2507,#2508,#2509,
    #2510,#2511,#2512,#2513,#2514,#2515,#2516,#2517,#2518,#2519,#2520,
    #2521,#2522,#2523,#2524,#2525,#2526,#2527,#2528,#2529,#2530,#2531,
    #2532,#2533,#2534,#2535,#2536,#2537,#2538,#2539,#2540,#2541,#2542,
    #2543,#2544,#2545,#2546,#2547,#2548,#2549,#2550,#2551,#2552,#2553,
    #2554,#2555,#2556,#2557,#2558,#2559,#2560,#2561,#2562,#2563,#2564,
    #2565,#2566,#2567,#2568,#2569,#2570,#2571,#2572,#2573,#2574,#2575,
    #2576,#2577,#2578,#2579,#2580,#2581,#2582,#2583,#2584,#2585),
  .UNSPECIFIED.,.F.,.F.,(8,6,6,6,6,6,6,6,6,6,6,6,6,6,6,8),(0.,
    0.310755099367,0.473649629939,0.641102696922,0.672426675199,
    0.688857832607,0.705274716698,0.71291111756,0.714652804925,
    0.716119988466,0.719209604584,0.727221805527,0.735283033059,
    0.746817848267,0.828225345573,1.),.UNSPECIFIED.);
#2494 = CARTESIAN_POINT('',(0.,51.066665775383));
#2495 = CARTESIAN_POINT('',(5.381779092709E-02,50.872453113808));
#2496 = CARTESIAN_POINT('',(0.106665796013,50.678309672245));
#2497 = CARTESIAN_POINT('',(0.158654686587,50.484243651926));
#2498 = CARTESIAN_POINT('',(0.209885709286,50.290246563002));
#2499 = CARTESIAN_POINT('',(0.260452819204,50.096304244522));
#2500 = CARTESIAN_POINT('',(0.310443582124,49.902407576193));
#2501 = CARTESIAN_POINT('',(0.385883738686,49.606951546984));
#2502 = CARTESIAN_POINT('',(0.411693103091,49.505352054812));
#2503 = CARTESIAN_POINT('',(0.437378893229,49.403763918663));
#2504 = CARTESIAN_POINT('',(0.462952993581,49.302186128485));
#2505 = CARTESIAN_POINT('',(0.488427105506,49.200617523787));
#2506 = CARTESIAN_POINT('',(0.513812633805,49.099057166527));
#2507 = CARTESIAN_POINT('',(0.565136745033,48.893110357873));
#2508 = CARTESIAN_POINT('',(0.591070690389,48.788723642892));
#2509 = CARTESIAN_POINT('',(0.616936178367,48.684344756923));
#2510 = CARTESIAN_POINT('',(0.642741499364,48.579971375579));
#2511 = CARTESIAN_POINT('',(0.668499914451,48.475602773139));
#2512 = CARTESIAN_POINT('',(0.694225036599,48.371238634595));
#2513 = CARTESIAN_POINT('',(0.724716018889,48.247349723219));
#2514 = CARTESIAN_POINT('',(0.729519408009,48.227826752085));
#2515 = CARTESIAN_POINT('',(0.734321421371,48.208303660469));
#2516 = CARTESIAN_POINT('',(0.739121918166,48.188780364466));
#2517 = CARTESIAN_POINT('',(0.743920506598,48.16925669124));
#2518 = CARTESIAN_POINT('',(0.748716543884,48.149732379027));
#2519 = CARTESIAN_POINT('',(0.756023115764,48.119964977421));
#2520 = CARTESIAN_POINT('',(0.758537071399,48.109718278025));
#2521 = CARTESIAN_POINT('',(0.761051008699,48.09946691793));
#2522 = CARTESIAN_POINT('',(0.763564896798,48.089209831581));
#2523 = CARTESIAN_POINT('',(0.766078668424,48.078944948877));
#2524 = CARTESIAN_POINT('',(0.768592219899,48.068669195174));
#2525 = CARTESIAN_POINT('',(0.773616419228,48.048096726662));
#2526 = CARTESIAN_POINT('',(0.776133632878,48.037775052799));
#2527 = CARTESIAN_POINT('',(0.778644492233,48.027441354929));
#2528 = CARTESIAN_POINT('',(0.781159247043,48.017097878101));
#2529 = CARTESIAN_POINT('',(0.783656709543,48.00670284404));
#2530 = CARTESIAN_POINT('',(0.786180676373,47.996203463948));
#2531 = CARTESIAN_POINT('',(0.789826203282,47.980487177879));
#2532 = CARTESIAN_POINT('',(0.791377313246,47.973049597828));
#2533 = CARTESIAN_POINT('',(0.792903674138,47.965916896496));
#2534 = CARTESIAN_POINT('',(0.794104401999,47.960605213906));
#2535 = CARTESIAN_POINT('',(0.794796211521,47.95739395429));
#2536 = CARTESIAN_POINT('',(0.794913416054,47.95532578608));
#2537 = CARTESIAN_POINT('',(0.794415445013,47.951495236884));
#2538 = CARTESIAN_POINT('',(0.794272322292,47.950674062065));
#2539 = CARTESIAN_POINT('',(0.793973624845,47.949890172244));
#2540 = CARTESIAN_POINT('',(0.793476579743,47.949240331855));
#2541 = CARTESIAN_POINT('',(0.792800575727,47.948771014983));
#2542 = CARTESIAN_POINT('',(0.792027163203,47.94847840536));
#2543 = CARTESIAN_POINT('',(0.790687543464,47.948165182148));
#2544 = CARTESIAN_POINT('',(0.790065045469,47.948090627302));
#2545 = CARTESIAN_POINT('',(0.789442586618,47.948062907386));
#2546 = CARTESIAN_POINT('',(0.788825882438,47.948065781271));
#2547 = CARTESIAN_POINT('',(0.788216337627,47.948088591146));
#2548 = CARTESIAN_POINT('',(0.787611046052,47.948126262517));
#2549 = CARTESIAN_POINT('',(0.785721918029,47.948291000153));
#2550 = CARTESIAN_POINT('',(0.784452411264,47.948458883765));
#2551 = CARTESIAN_POINT('',(0.783191531456,47.948662820296));
#2552 = CARTESIAN_POINT('',(0.781936998734,47.948888318879));
#2553 = CARTESIAN_POINT('',(0.780686992352,47.94912653252));
#2554 = CARTESIAN_POINT('',(0.779440150696,47.949374258105));
#2555 = CARTESIAN_POINT('',(0.774968043973,47.950307351651));
#2556 = CARTESIAN_POINT('',(0.771760045768,47.951043464495));
#2557 = CARTESIAN_POINT('',(0.76855966052,47.95180307262));
#2558 = CARTESIAN_POINT('',(0.765365041662,47.95257931173));
#2559 = CARTESIAN_POINT('',(0.762175465758,47.95336961241));
#2560 = CARTESIAN_POINT('',(0.758988543312,47.954167165635));
#2561 = CARTESIAN_POINT('',(0.752599141566,47.95578155234));
#2562 = CARTESIAN_POINT('',(0.749396984597,47.956597820311));
#2563 = CARTESIAN_POINT('',(0.746196547094,47.957419028059));
#2564 = CARTESIAN_POINT('',(0.742997387374,47.958243883082));
#2565 = CARTESIAN_POINT('',(0.739799190871,47.959071473139));
#2566 = CARTESIAN_POINT('',(0.736601770133,47.959901266253));
#2567 = CARTESIAN_POINT('',(0.728830897319,47.961923397437));
#2568 = CARTESIAN_POINT('',(0.7242580978,47.963117572607));
#2569 = CARTESIAN_POINT('',(0.719686340117,47.964314706001));
#2570 = CARTESIAN_POINT('',(0.715115369492,47.965514072696));
#2571 = CARTESIAN_POINT('',(0.710545002521,47.966715153071));
#2572 = CARTESIAN_POINT('',(0.705975127174,47.967917632804));
#2573 = CARTESIAN_POINT('',(0.669156776711,47.977617066378));
#2574 = CARTESIAN_POINT('',(0.636928833402,47.986172603996));
#2575 = CARTESIAN_POINT('',(0.604697448881,47.994719839687));
#2576 = CARTESIAN_POINT('',(0.572474312865,48.003291942803));
#2577 = CARTESIAN_POINT('',(0.540249544395,48.011861594827));
#2578 = CARTESIAN_POINT('',(0.508027427554,48.020441334577));
#2579 = CARTESIAN_POINT('',(0.407817819226,48.047143365251));
#2580 = CARTESIAN_POINT('',(0.339834711272,48.065288475603));
#2581 = CARTESIAN_POINT('',(0.271856205432,48.083464284772));
#2582 = CARTESIAN_POINT('',(0.203882592227,48.101675716757));
#2583 = CARTESIAN_POINT('',(0.135914751561,48.119929397292));
#2584 = CARTESIAN_POINT('',(6.795367699316E-02,48.138232352743));
#2585 = CARTESIAN_POINT('',(0.,48.156590709));
#2586 = ( GEOMETRIC_REPRESENTATION_CONTEXT(2) 
PARAMETRIC_REPRESENTATION_CONTEXT() REPRESENTATION_CONTEXT('2D SPACE',''
  ) );
#2587 = FACE_BOUND('',#2588,.T.);
#2588 = EDGE_LOOP('',(#2589,#2674));
#2589 = ORIENTED_EDGE('',*,*,#2590,.F.);
#2590 = EDGE_CURVE('',#2591,#2593,#2595,.T.);
#2591 = VERTEX_POINT('',#2592);
#2592 = CARTESIAN_POINT('',(229.61600774745,269.84582876386,
    340.58758290184));
#2593 = VERTEX_POINT('',#2594);
#2594 = CARTESIAN_POINT('',(227.01722600034,268.34614894385,
    340.38722423575));
#2595 = SURFACE_CURVE('',#2596,(#2620,#2647),.PCURVE_S1.);
#2596 = B_SPLINE_CURVE_WITH_KNOTS('',8,(#2597,#2598,#2599,#2600,#2601,
    #2602,#2603,#2604,#2605,#2606,#2607,#2608,#2609,#2610,#2611,#2612,
    #2613,#2614,#2615,#2616,#2617,#2618,#2619),.UNSPECIFIED.,.F.,.F.,(9,
    7,7,9),(0.,0.241874503897,0.837034817205,1.),.UNSPECIFIED.);
#2597 = CARTESIAN_POINT('',(229.61600774745,269.84582876386,
    340.58758290184));
#2598 = CARTESIAN_POINT('',(229.55625562311,269.79919319421,
    340.52767887554));
#2599 = CARTESIAN_POINT('',(229.49372458709,269.75224107191,
    340.47078136317));
#2600 = CARTESIAN_POINT('',(229.42857711048,269.70502018797,
    340.41701363149));
#2601 = CARTESIAN_POINT('',(229.36097933713,269.65757637746,
    340.36649130051));
#2602 = CARTESIAN_POINT('',(229.29110069071,269.60995401602,
    340.31932241446));
#2603 = CARTESIAN_POINT('',(229.21911348176,269.56219651624,
    340.27560751284));
#2604 = CARTESIAN_POINT('',(229.14519251467,269.5143468242,
    340.23543970143));
#2605 = CARTESIAN_POINT('',(228.88330062799,269.3485870878,
    340.10900616577));
#2606 = CARTESIAN_POINT('',(228.68656146748,269.23049924932,
    340.04115759838));
#2607 = CARTESIAN_POINT('',(228.48182285978,269.11274125462,
    339.99652780853));
#2608 = CARTESIAN_POINT('',(228.27177219426,268.9959584905,
    339.97617897822));
#2609 = CARTESIAN_POINT('',(228.05928755235,268.88090861072,
    339.98094353469));
#2610 = CARTESIAN_POINT('',(227.84742646092,268.76854596755,
    340.01142960651));
#2611 = CARTESIAN_POINT('',(227.63935914856,268.66006013263,
    340.06791638791));
#2612 = CARTESIAN_POINT('',(227.38329262695,268.52900846034,
    340.17338213583));
#2613 = CARTESIAN_POINT('',(227.3287881719,268.50126364777,
    340.19802080294));
#2614 = CARTESIAN_POINT('',(227.27489280172,268.47398179245,
    340.22463104013));
#2615 = CARTESIAN_POINT('',(227.22167994933,268.44720440076,
    340.25321438879));
#2616 = CARTESIAN_POINT('',(227.16922619361,268.42097781268,
    340.28377008606));
#2617 = CARTESIAN_POINT('',(227.11761095061,268.39535368606,
    340.31629483429));
#2618 = CARTESIAN_POINT('',(227.0669161648,268.37038948095,
    340.35078257047));
#2619 = CARTESIAN_POINT('',(227.01722600034,268.34614894385,
    340.38722423575));
#2620 = PCURVE('',#31,#2621);
#2621 = DEFINITIONAL_REPRESENTATION('',(#2622),#2646);
#2622 = B_SPLINE_CURVE_WITH_KNOTS('',8,(#2623,#2624,#2625,#2626,#2627,
    #2628,#2629,#2630,#2631,#2632,#2633,#2634,#2635,#2636,#2637,#2638,
    #2639,#2640,#2641,#2642,#2643,#2644,#2645),.UNSPECIFIED.,.F.,.F.,(9,
    7,7,9),(0.,0.241874503897,0.837034817205,1.),.UNSPECIFIED.);
#2623 = CARTESIAN_POINT('',(2.354925003616,33.845828763867));
#2624 = CARTESIAN_POINT('',(2.397229875472,33.799193194212));
#2625 = CARTESIAN_POINT('',(2.439451675387,33.752241071917));
#2626 = CARTESIAN_POINT('',(2.481604785409,33.705020187974));
#2627 = CARTESIAN_POINT('',(2.523703076579,33.657576377467));
#2628 = CARTESIAN_POINT('',(2.565760199222,33.609954016021));
#2629 = CARTESIAN_POINT('',(2.607789873227,33.562196516248));
#2630 = CARTESIAN_POINT('',(2.649806178335,33.514346824206));
#2631 = CARTESIAN_POINT('',(2.795213192651,33.348587087809));
#2632 = CARTESIAN_POINT('',(2.898548661943,33.230499249327));
#2633 = CARTESIAN_POINT('',(3.00212187612,33.11274125462));
#2634 = CARTESIAN_POINT('',(3.106172847986,32.995958490503));
#2635 = CARTESIAN_POINT('',(3.210925722802,32.880908610723));
#2636 = CARTESIAN_POINT('',(3.316635409496,32.768545967553));
#2637 = CARTESIAN_POINT('',(3.423585625558,32.660060132634));
#2638 = CARTESIAN_POINT('',(3.562053209738,32.529008460341));
#2639 = CARTESIAN_POINT('',(3.591943423586,32.501263647777));
#2640 = CARTESIAN_POINT('',(3.621967638892,32.473981792455));
#2641 = CARTESIAN_POINT('',(3.652133815541,32.447204400766));
#2642 = CARTESIAN_POINT('',(3.68244958369,32.420977812684));
#2643 = CARTESIAN_POINT('',(3.712922464467,32.395353686067));
#2644 = CARTESIAN_POINT('',(3.74356009067,32.370389480952));
#2645 = CARTESIAN_POINT('',(3.774370427462,32.346148943855));
#2646 = ( GEOMETRIC_REPRESENTATION_CONTEXT(2) 
PARAMETRIC_REPRESENTATION_CONTEXT() REPRESENTATION_CONTEXT('2D SPACE',''
  ) );
#2647 = PCURVE('',#819,#2648);
#2648 = DEFINITIONAL_REPRESENTATION('',(#2649),#2673);
#2649 = B_SPLINE_CURVE_WITH_KNOTS('',8,(#2650,#2651,#2652,#2653,#2654,
    #2655,#2656,#2657,#2658,#2659,#2660,#2661,#2662,#2663,#2664,#2665,
    #2666,#2667,#2668,#2669,#2670,#2671,#2672),.UNSPECIFIED.,.F.,.F.,(9,
    7,7,9),(0.,0.241874503897,0.837034817205,1.),.UNSPECIFIED.);
#2650 = CARTESIAN_POINT('',(0.,31.747131685983));
#2651 = CARTESIAN_POINT('',(1.571520362684E-02,31.659679092936));
#2652 = CARTESIAN_POINT('',(3.038293355849E-02,31.572176489194));
#2653 = CARTESIAN_POINT('',(4.402655977806E-02,31.484627330729));
#2654 = CARTESIAN_POINT('',(5.666429286142E-02,31.397034313997));
#2655 = CARTESIAN_POINT('',(6.830932335205E-02,31.309399300665));
#2656 = CARTESIAN_POINT('',(7.896996113601E-02,31.221723242336));
#2657 = CARTESIAN_POINT('',(8.864977481685E-02,31.13400610527));
#2658 = CARTESIAN_POINT('',(0.118750062868,30.830304818235));
#2659 = CARTESIAN_POINT('',(0.134194190027,30.614237272147));
#2660 = CARTESIAN_POINT('',(0.14369063843,30.397876207963));
#2661 = CARTESIAN_POINT('',(0.147023439271,30.181171107693));
#2662 = CARTESIAN_POINT('',(0.143793452942,29.964151245901));
#2663 = CARTESIAN_POINT('',(0.133313370961,29.746898193756));
#2664 = CARTESIAN_POINT('',(0.114608211208,29.529564426621));
#2665 = CARTESIAN_POINT('',(7.808007890078E-02,29.252734492941));
#2666 = CARTESIAN_POINT('',(6.948206482226E-02,29.193240277627));
#2667 = CARTESIAN_POINT('',(6.010307906554E-02,29.133764472194));
#2668 = CARTESIAN_POINT('',(4.990476085268E-02,29.07431597072));
#2669 = CARTESIAN_POINT('',(3.884478383135E-02,29.01490673805));
#2670 = CARTESIAN_POINT('',(2.687627737118E-02,28.955551787313));
#2671 = CARTESIAN_POINT('',(1.394724785996E-02,28.896269157435));
#2672 = CARTESIAN_POINT('',(0.,28.837079890656));
#2673 = ( GEOMETRIC_REPRESENTATION_CONTEXT(2) 
PARAMETRIC_REPRESENTATION_CONTEXT() REPRESENTATION_CONTEXT('2D SPACE',''
  ) );
#2674 = ORIENTED_EDGE('',*,*,#2675,.F.);
#2675 = EDGE_CURVE('',#2593,#2591,#2676,.T.);
#2676 = SURFACE_CURVE('',#2677,(#2771,#2868),.PCURVE_S1.);
#2677 = B_SPLINE_CURVE_WITH_KNOTS('',8,(#2678,#2679,#2680,#2681,#2682,
    #2683,#2684,#2685,#2686,#2687,#2688,#2689,#2690,#2691,#2692,#2693,
    #2694,#2695,#2696,#2697,#2698,#2699,#2700,#2701,#2702,#2703,#2704,
    #2705,#2706,#2707,#2708,#2709,#2710,#2711,#2712,#2713,#2714,#2715,
    #2716,#2717,#2718,#2719,#2720,#2721,#2722,#2723,#2724,#2725,#2726,
    #2727,#2728,#2729,#2730,#2731,#2732,#2733,#2734,#2735,#2736,#2737,
    #2738,#2739,#2740,#2741,#2742,#2743,#2744,#2745,#2746,#2747,#2748,
    #2749,#2750,#2751,#2752,#2753,#2754,#2755,#2756,#2757,#2758,#2759,
    #2760,#2761,#2762,#2763,#2764,#2765,#2766,#2767,#2768,#2769,#2770),
  .UNSPECIFIED.,.F.,.F.,(9,7,7,7,7,7,7,7,7,7,7,7,7,9),(0.,0.317248614126
    ,0.655699735663,0.713596881415,0.743585625299,0.774442225858,
    0.786508528081,0.79022396769,0.794737113505,0.806283532464,
    0.81620248325,0.83176410102,0.91532772249,1.),.UNSPECIFIED.);
#2678 = CARTESIAN_POINT('',(227.01722600034,268.34614894385,
    340.38722423575));
#2679 = CARTESIAN_POINT('',(227.12523848238,268.4592612343,
    340.30801027543));
#2680 = CARTESIAN_POINT('',(227.23904294847,268.57277742073,
    340.23726267801));
#2681 = CARTESIAN_POINT('',(227.35786774352,268.68665590482,
    340.17543494299));
#2682 = CARTESIAN_POINT('',(227.48090801754,268.8008620079,
    340.12289833402));
#2683 = CARTESIAN_POINT('',(227.60733355536,268.9153654592,
    340.07994145119));
#2684 = CARTESIAN_POINT('',(227.73629660642,269.03013788409,
    340.04676980314));
#2685 = CARTESIAN_POINT('',(227.86693971444,269.14515029235,
    340.02350537934));
#2686 = CARTESIAN_POINT('',(228.13865343228,269.38329129566,
    339.99597691297));
#2687 = CARTESIAN_POINT('',(228.27984469008,269.50645473641,
    339.99308591398));
#2688 = CARTESIAN_POINT('',(228.42093268715,269.62982346484,
    340.0015599174));
#2689 = CARTESIAN_POINT('',(228.5608859721,269.75335928825,
    340.02133988317));
#2690 = CARTESIAN_POINT('',(228.69867714052,269.877041123,
    340.05224996617));
#2691 = CARTESIAN_POINT('',(228.83333096954,270.00082048019,
    340.09403555299));
#2692 = CARTESIAN_POINT('',(228.96387037625,270.12468282046,
    340.14631491904));
#2693 = CARTESIAN_POINT('',(229.11088915894,270.26974992336,
    340.2193102866));
#2694 = CARTESIAN_POINT('',(229.13221902071,270.29094135953,
    340.2302674174));
#2695 = CARTESIAN_POINT('',(229.15339850379,270.31213289586,
    340.2415166961));
#2696 = CARTESIAN_POINT('',(229.17442328982,270.33332418632,
    340.25305588028));
#2697 = CARTESIAN_POINT('',(229.19528918538,270.35451480115,
    340.26488271385));
#2698 = CARTESIAN_POINT('',(229.21599230601,270.37570403969,
    340.27699507667));
#2699 = CARTESIAN_POINT('',(229.2365292602,270.39689074337,
    340.28939113419));
#2700 = CARTESIAN_POINT('',(229.26744729946,270.42904485009,
    340.30863644075));
#2701 = CARTESIAN_POINT('',(229.27795194308,270.44001543859,
    340.31527912019));
#2702 = CARTESIAN_POINT('',(229.28841100086,270.45098450971,
    340.3219974239));
#2703 = CARTESIAN_POINT('',(229.29882416147,270.46195175001,
    340.32879120274));
#2704 = CARTESIAN_POINT('',(229.30919121992,270.47291673802,
    340.33566038634));
#2705 = CARTESIAN_POINT('',(229.31951223185,270.48387878535,
    340.34260510944));
#2706 = CARTESIAN_POINT('',(229.32978766791,270.49483677781,
    340.34962583833));
#2707 = CARTESIAN_POINT('',(229.35054554438,270.51705820666,
    340.36402655821));
#2708 = CARTESIAN_POINT('',(229.36102495697,270.52832008521,
    340.37141082571));
#2709 = CARTESIAN_POINT('',(229.37145647147,270.53957599119,
    340.37887597915));
#2710 = CARTESIAN_POINT('',(229.38185111102,270.55081418055,
    340.38643110013));
#2711 = CARTESIAN_POINT('',(229.39219419217,270.56205007,340.39406422015
    ));
#2712 = CARTESIAN_POINT('',(229.40252380457,270.57324195364,
    340.40180666207));
#2713 = CARTESIAN_POINT('',(229.41281374828,270.58441591536,
    340.4096370315));
#2714 = CARTESIAN_POINT('',(229.42722898322,270.59976554768,
    340.42078017461));
#2715 = CARTESIAN_POINT('',(229.43126510441,270.60382286979,
    340.42392137552));
#2716 = CARTESIAN_POINT('',(229.4352551403,270.60790878283,
    340.42704374186));
#2717 = CARTESIAN_POINT('',(229.43921507217,270.61214268999,
    340.4301584755));
#2718 = CARTESIAN_POINT('',(229.44320672012,270.61647710602,
    340.43331550318));
#2719 = CARTESIAN_POINT('',(229.44733774304,270.62069765726,
    340.43660347645));
#2720 = CARTESIAN_POINT('',(229.45176163861,270.62442308162,
    340.44014977168));
#2721 = CARTESIAN_POINT('',(229.4581915037,270.62793111171,
    340.44534314835));
#2722 = CARTESIAN_POINT('',(229.4601183442,270.62879556185,
    340.44690207788));
#2723 = CARTESIAN_POINT('',(229.46208691809,270.62924301321,
    340.44850081635));
#2724 = CARTESIAN_POINT('',(229.46386785476,270.62887706633,
    340.44995218089));
#2725 = CARTESIAN_POINT('',(229.46537394308,270.62764685681,
    340.45118273933));
#2726 = CARTESIAN_POINT('',(229.46662164728,270.6258878418,
    340.45220394774));
#2727 = CARTESIAN_POINT('',(229.46765395499,270.62411700421,
    340.45304995433));
#2728 = CARTESIAN_POINT('',(229.46936060905,270.62071848094,
    340.45444990054));
#2729 = CARTESIAN_POINT('',(229.470149855,270.61877129689,
    340.45509838733));
#2730 = CARTESIAN_POINT('',(229.47086723627,270.61678719839,
    340.45568844211));
#2731 = CARTESIAN_POINT('',(229.471529069,270.61478006952,340.4562333705
    ));
#2732 = CARTESIAN_POINT('',(229.47214848437,270.6127598186,
    340.45674386814));
#2733 = CARTESIAN_POINT('',(229.47273909185,270.61073295432,
    340.45723101306));
#2734 = CARTESIAN_POINT('',(229.47330465815,270.60869666905,
    340.45769790485));
#2735 = CARTESIAN_POINT('',(229.47525443029,270.60140589593,
    340.45930877703));
#2736 = CARTESIAN_POINT('',(229.47652869034,270.59612216717,
    340.46036399559));
#2737 = CARTESIAN_POINT('',(229.47774965259,270.59082165869,
    340.46137689498));
#2738 = CARTESIAN_POINT('',(229.47892951752,270.58550953441,
    340.46235746912));
#2739 = CARTESIAN_POINT('',(229.48007889904,270.58018982437,
    340.46331439576));
#2740 = CARTESIAN_POINT('',(229.48120961443,270.57486607249,
    340.46425732602));
#2741 = CARTESIAN_POINT('',(229.48232247584,270.56953744817,
    340.46518694096));
#2742 = CARTESIAN_POINT('',(229.48436800823,270.55962213155,
    340.4668984579));
#2743 = CARTESIAN_POINT('',(229.48530353192,270.55503786297,
    340.4676823509));
#2744 = CARTESIAN_POINT('',(229.48623135796,270.55045165905,
    340.46846089781));
#2745 = CARTESIAN_POINT('',(229.48715291669,270.54586391779,
    340.4692352695));
#2746 = CARTESIAN_POINT('',(229.48806920662,270.5412749159,
    340.47000628348));
#2747 = CARTESIAN_POINT('',(229.48898093257,270.53668484573,
    340.470774517));
#2748 = CARTESIAN_POINT('',(229.48988864393,270.53209385225,
    340.47154042003));
#2749 = CARTESIAN_POINT('',(229.49221149698,270.52029812656,
    340.47350306378));
#2750 = CARTESIAN_POINT('',(229.49362152287,270.51309225391,
    340.47469701384));
#2751 = CARTESIAN_POINT('',(229.49502466779,270.5058849064,
    340.47588768531));
#2752 = CARTESIAN_POINT('',(229.49642213812,270.49867640359,
    340.47707606657));
#2753 = CARTESIAN_POINT('',(229.49781475624,270.49146696312,
    340.47826283157));
#2754 = CARTESIAN_POINT('',(229.49920308744,270.4842567336,
    340.47944844372));
#2755 = CARTESIAN_POINT('',(229.50058756684,270.4770458275,
    340.48063325986));
#2756 = CARTESIAN_POINT('',(229.50938471454,270.43110979185,
    340.48817755135));
#2757 = CARTESIAN_POINT('',(229.5167023929,270.39236904292,
    340.4945248939));
#2758 = CARTESIAN_POINT('',(229.52397363364,270.35362551245,
    340.50090229489));
#2759 = CARTESIAN_POINT('',(229.53119726406,270.31487906806,
    340.50730885428));
#2760 = CARTESIAN_POINT('',(229.53837741827,270.27613091378,
    340.51374802956));
#2761 = CARTESIAN_POINT('',(229.54552204149,270.23738319767,
    340.52022641393));
#2762 = CARTESIAN_POINT('',(229.55262781287,270.19863517086,
    340.52674138616));
#2763 = CARTESIAN_POINT('',(229.56686169225,270.12062619043,
    340.53993680266));
#2764 = CARTESIAN_POINT('',(229.57398858433,270.08136524671,
    340.54661808052));
#2765 = CARTESIAN_POINT('',(229.58107933149,270.04210523328,
    340.55334022372));
#2766 = CARTESIAN_POINT('',(229.58813457579,270.00284646217,
    340.56010389039));
#2767 = CARTESIAN_POINT('',(229.59515479876,269.96358920888,
    340.56690962286));
#2768 = CARTESIAN_POINT('',(229.60214032142,269.92433371246,
    340.57375784772));
#2769 = CARTESIAN_POINT('',(229.60909130431,269.88508017544,
    340.58064887571));
#2770 = CARTESIAN_POINT('',(229.61600774745,269.84582876386,
    340.58758290185));
#2771 = PCURVE('',#31,#2772);
#2772 = DEFINITIONAL_REPRESENTATION('',(#2773),#2867);
#2773 = B_SPLINE_CURVE_WITH_KNOTS('',8,(#2774,#2775,#2776,#2777,#2778,
    #2779,#2780,#2781,#2782,#2783,#2784,#2785,#2786,#2787,#2788,#2789,
    #2790,#2791,#2792,#2793,#2794,#2795,#2796,#2797,#2798,#2799,#2800,
    #2801,#2802,#2803,#2804,#2805,#2806,#2807,#2808,#2809,#2810,#2811,
    #2812,#2813,#2814,#2815,#2816,#2817,#2818,#2819,#2820,#2821,#2822,
    #2823,#2824,#2825,#2826,#2827,#2828,#2829,#2830,#2831,#2832,#2833,
    #2834,#2835,#2836,#2837,#2838,#2839,#2840,#2841,#2842,#2843,#2844,
    #2845,#2846,#2847,#2848,#2849,#2850,#2851,#2852,#2853,#2854,#2855,
    #2856,#2857,#2858,#2859,#2860,#2861,#2862,#2863,#2864,#2865,#2866),
  .UNSPECIFIED.,.F.,.F.,(9,7,7,7,7,7,7,7,7,7,7,7,7,9),(0.,0.317248614126
    ,0.655699735663,0.713596881415,0.743585625299,0.774442225858,
    0.786508528081,0.79022396769,0.794737113505,0.806283532464,
    0.81620248325,0.83176410102,0.91532772249,1.),.UNSPECIFIED.);
#2774 = CARTESIAN_POINT('',(3.774370427462,32.346148943855));
#2775 = CARTESIAN_POINT('',(3.707397395972,32.459261234301));
#2776 = CARTESIAN_POINT('',(3.64059256188,32.572777420733));
#2777 = CARTESIAN_POINT('',(3.573943235065,32.686655904828));
#2778 = CARTESIAN_POINT('',(3.507435820237,32.800862007908));
#2779 = CARTESIAN_POINT('',(3.441056543022,32.915365459202));
#2780 = CARTESIAN_POINT('',(3.374792176047,33.03013788409));
#2781 = CARTESIAN_POINT('',(3.308630765031,33.145150292359));
#2782 = CARTESIAN_POINT('',(3.172078429894,33.383291295665));
#2783 = CARTESIAN_POINT('',(3.101696615082,33.506454736414));
#2784 = CARTESIAN_POINT('',(3.031405586719,33.629823464845));
#2785 = CARTESIAN_POINT('',(2.961187521903,33.753359288255));
#2786 = CARTESIAN_POINT('',(2.891032464667,33.877041123006));
#2787 = CARTESIAN_POINT('',(2.82091371433,34.000820480197));
#2788 = CARTESIAN_POINT('',(2.750828690695,34.124682820469));
#2789 = CARTESIAN_POINT('',(2.668757309952,34.269749923369));
#2790 = CARTESIAN_POINT('',(2.656768630487,34.290941359539));
#2791 = CARTESIAN_POINT('',(2.644779709428,34.312132895867));
#2792 = CARTESIAN_POINT('',(2.632790354538,34.333324186328));
#2793 = CARTESIAN_POINT('',(2.620800321325,34.35451480115));
#2794 = CARTESIAN_POINT('',(2.608809195387,34.375704039697));
#2795 = CARTESIAN_POINT('',(2.596816274752,34.39689074337));
#2796 = CARTESIAN_POINT('',(2.578607025892,34.429044850093));
#2797 = CARTESIAN_POINT('',(2.572392829761,34.44001543859));
#2798 = CARTESIAN_POINT('',(2.566177636431,34.45098450971));
#2799 = CARTESIAN_POINT('',(2.559961251789,34.461951750015));
#2800 = CARTESIAN_POINT('',(2.553743415293,34.472916738027));
#2801 = CARTESIAN_POINT('',(2.547523700269,34.483878785355));
#2802 = CARTESIAN_POINT('',(2.541301414202,34.494836777814));
#2803 = CARTESIAN_POINT('',(2.528669409522,34.517058206669));
#2804 = CARTESIAN_POINT('',(2.52225971523,34.528320085217));
#2805 = CARTESIAN_POINT('',(2.515846249201,34.539575991193));
#2806 = CARTESIAN_POINT('',(2.509421474768,34.550814180558));
#2807 = CARTESIAN_POINT('',(2.502994468004,34.562050070004));
#2808 = CARTESIAN_POINT('',(2.496540176248,34.573241953642));
#2809 = CARTESIAN_POINT('',(2.490075115707,34.584415915368));
#2810 = CARTESIAN_POINT('',(2.480965112459,34.599765547683));
#2811 = CARTESIAN_POINT('',(2.478407892114,34.603822869792));
#2812 = CARTESIAN_POINT('',(2.475874649094,34.607908782839));
#2813 = CARTESIAN_POINT('',(2.473355620955,34.612142689999));
#2814 = CARTESIAN_POINT('',(2.470811050156,34.616477106027));
#2815 = CARTESIAN_POINT('',(2.468171184056,34.620697657261));
#2816 = CARTESIAN_POINT('',(2.46533627492,34.624423081621));
#2817 = CARTESIAN_POINT('',(2.461203650861,34.627931111714));
#2818 = CARTESIAN_POINT('',(2.45996440034,34.628795561857));
#2819 = CARTESIAN_POINT('',(2.458696407408,34.629243013219));
#2820 = CARTESIAN_POINT('',(2.457547694296,34.628877066334));
#2821 = CARTESIAN_POINT('',(2.456575253247,34.627646856813));
#2822 = CARTESIAN_POINT('',(2.455769083922,34.625887841807));
#2823 = CARTESIAN_POINT('',(2.455101741359,34.624117004212));
#2824 = CARTESIAN_POINT('',(2.453998052378,34.620718480948));
#2825 = CARTESIAN_POINT('',(2.453487306938,34.618771296892));
#2826 = CARTESIAN_POINT('',(2.453022871751,34.616787198395));
#2827 = CARTESIAN_POINT('',(2.452594220026,34.614780069528));
#2828 = CARTESIAN_POINT('',(2.452192883848,34.612759818608));
#2829 = CARTESIAN_POINT('',(2.451810089101,34.610732954325));
#2830 = CARTESIAN_POINT('',(2.451443396765,34.60869666905));
#2831 = CARTESIAN_POINT('',(2.450178829588,34.601405895937));
#2832 = CARTESIAN_POINT('',(2.449351602082,34.596122167173));
#2833 = CARTESIAN_POINT('',(2.448558394868,34.59082165869));
#2834 = CARTESIAN_POINT('',(2.447791321955,34.585509534411));
#2835 = CARTESIAN_POINT('',(2.447043528033,34.580189824374));
#2836 = CARTESIAN_POINT('',(2.446307383928,34.574866072492));
#2837 = CARTESIAN_POINT('',(2.445582359273,34.569537448173));
#2838 = CARTESIAN_POINT('',(2.444248802658,34.559622131553));
#2839 = CARTESIAN_POINT('',(2.443638537947,34.555037862975));
#2840 = CARTESIAN_POINT('',(2.44303294005,34.550451659058));
#2841 = CARTESIAN_POINT('',(2.442431084455,34.545863917798));
#2842 = CARTESIAN_POINT('',(2.441832325641,34.541274915902));
#2843 = CARTESIAN_POINT('',(2.441236207811,34.536684845732));
#2844 = CARTESIAN_POINT('',(2.440642375616,34.532093852259));
#2845 = CARTESIAN_POINT('',(2.439121880891,34.520298126564));
#2846 = CARTESIAN_POINT('',(2.438198072754,34.513092253911));
#2847 = CARTESIAN_POINT('',(2.437277949409,34.505884906402));
#2848 = CARTESIAN_POINT('',(2.436360729978,34.498676403594));
#2849 = CARTESIAN_POINT('',(2.435445881749,34.491466963124));
#2850 = CARTESIAN_POINT('',(2.434533038154,34.484256733602));
#2851 = CARTESIAN_POINT('',(2.433621916749,34.477045827508));
#2852 = CARTESIAN_POINT('',(2.427827390415,34.431109791852));
#2853 = CARTESIAN_POINT('',(2.422983987507,34.39236904292));
#2854 = CARTESIAN_POINT('',(2.418148249205,34.353625512456));
#2855 = CARTESIAN_POINT('',(2.413320745161,34.314879068068));
#2856 = CARTESIAN_POINT('',(2.408498611255,34.276130913789));
#2857 = CARTESIAN_POINT('',(2.403676515078,34.237383197676));
#2858 = CARTESIAN_POINT('',(2.398856400572,34.198635170869));
#2859 = CARTESIAN_POINT('',(2.389151732377,34.120626190439));
#2860 = CARTESIAN_POINT('',(2.384267341311,34.081365246716));
#2861 = CARTESIAN_POINT('',(2.379382135395,34.042105233287));
#2862 = CARTESIAN_POINT('',(2.374495477808,34.00284646217));
#2863 = CARTESIAN_POINT('',(2.369606829138,33.963589208887));
#2864 = CARTESIAN_POINT('',(2.364715747378,33.924333712467));
#2865 = CARTESIAN_POINT('',(2.359821887934,33.885080175446));
#2866 = CARTESIAN_POINT('',(2.354925003615,33.845828763868));
#2867 = ( GEOMETRIC_REPRESENTATION_CONTEXT(2) 
PARAMETRIC_REPRESENTATION_CONTEXT() REPRESENTATION_CONTEXT('2D SPACE',''
  ) );
#2868 = PCURVE('',#589,#2869);
#2869 = DEFINITIONAL_REPRESENTATION('',(#2870),#2964);
#2870 = B_SPLINE_CURVE_WITH_KNOTS('',8,(#2871,#2872,#2873,#2874,#2875,
    #2876,#2877,#2878,#2879,#2880,#2881,#2882,#2883,#2884,#2885,#2886,
    #2887,#2888,#2889,#2890,#2891,#2892,#2893,#2894,#2895,#2896,#2897,
    #2898,#2899,#2900,#2901,#2902,#2903,#2904,#2905,#2906,#2907,#2908,
    #2909,#2910,#2911,#2912,#2913,#2914,#2915,#2916,#2917,#2918,#2919,
    #2920,#2921,#2922,#2923,#2924,#2925,#2926,#2927,#2928,#2929,#2930,
    #2931,#2932,#2933,#2934,#2935,#2936,#2937,#2938,#2939,#2940,#2941,
    #2942,#2943,#2944,#2945,#2946,#2947,#2948,#2949,#2950,#2951,#2952,
    #2953,#2954,#2955,#2956,#2957,#2958,#2959,#2960,#2961,#2962,#2963),
  .UNSPECIFIED.,.F.,.F.,(9,7,7,7,7,7,7,7,7,7,7,7,7,9),(0.,0.317248614126
    ,0.655699735663,0.713596881415,0.743585625299,0.774442225858,
    0.786508528081,0.79022396769,0.794737113505,0.806283532464,
    0.81620248325,0.83176410102,0.91532772249,1.),.UNSPECIFIED.);
#2871 = CARTESIAN_POINT('',(1.6,28.837079890656));
#2872 = CARTESIAN_POINT('',(1.55660257961,28.9937140607));
#2873 = CARTESIAN_POINT('',(1.513825823864,29.150305571675));
#2874 = CARTESIAN_POINT('',(1.471613844203,29.306851376966));
#2875 = CARTESIAN_POINT('',(1.429912918343,29.463352843853));
#2876 = CARTESIAN_POINT('',(1.388672133847,29.61981363139));
#2877 = CARTESIAN_POINT('',(1.347844031698,29.77623756827));
#2878 = CARTESIAN_POINT('',(1.307385249867,29.932626530708));
#2879 = CARTESIAN_POINT('',(1.224447225139,30.25577948566));
#2880 = CARTESIAN_POINT('',(1.182011753912,30.422547061014));
#2881 = CARTESIAN_POINT('',(1.139901925682,30.589278055081));
#2882 = CARTESIAN_POINT('',(1.098080803697,30.755980209023));
#2883 = CARTESIAN_POINT('',(1.05649318792,30.922658009767));
#2884 = CARTESIAN_POINT('',(1.015127511762,31.089331213666));
#2885 = CARTESIAN_POINT('',(0.973921308864,31.255997611058));
#2886 = CARTESIAN_POINT('',(0.925869248364,31.451186526199));
#2887 = CARTESIAN_POINT('',(0.91885497364,31.479699469978));
#2888 = CARTESIAN_POINT('',(0.911845955935,31.508213049108));
#2889 = CARTESIAN_POINT('',(0.904842299783,31.536727401899));
#2890 = CARTESIAN_POINT('',(0.897844234054,31.565242709044));
#2891 = CARTESIAN_POINT('',(0.890852389346,31.593759292036));
#2892 = CARTESIAN_POINT('',(0.883868075375,31.622277711594));
#2893 = CARTESIAN_POINT('',(0.873280996782,31.665571849885));
#2894 = CARTESIAN_POINT('',(0.869671045637,31.680345558737));
#2895 = CARTESIAN_POINT('',(0.866064190438,31.6951201806));
#2896 = CARTESIAN_POINT('',(0.862460839999,31.709895874487));
#2897 = CARTESIAN_POINT('',(0.858861561948,31.724672853855));
#2898 = CARTESIAN_POINT('',(0.855267318226,31.739451469988));
#2899 = CARTESIAN_POINT('',(0.851679700604,31.754232295391));
#2900 = CARTESIAN_POINT('',(0.844419071078,31.784227956725));
#2901 = CARTESIAN_POINT('',(0.840747431847,31.799442042));
#2902 = CARTESIAN_POINT('',(0.837085178514,31.814659336932));
#2903 = CARTESIAN_POINT('',(0.833449822878,31.829886264637));
#2904 = CARTESIAN_POINT('',(0.829819032188,31.845115669439));
#2905 = CARTESIAN_POINT('',(0.826253489118,31.860367683487));
#2906 = CARTESIAN_POINT('',(0.822714327138,31.875628382724));
#2907 = CARTESIAN_POINT('',(0.818074178417,31.896950899361));
#2908 = CARTESIAN_POINT('',(0.816991884797,31.902820890506));
#2909 = CARTESIAN_POINT('',(0.815861406461,31.908666419046));
#2910 = CARTESIAN_POINT('',(0.814587593756,31.914557571578));
#2911 = CARTESIAN_POINT('',(0.813250457169,31.920534880676));
#2912 = CARTESIAN_POINT('',(0.812105167328,31.926609324895));
#2913 = CARTESIAN_POINT('',(0.811582054996,31.932762328764));
#2914 = CARTESIAN_POINT('',(0.812503557044,31.94084975751));
#2915 = CARTESIAN_POINT('',(0.812944115045,31.943188906143));
#2916 = CARTESIAN_POINT('',(0.813777684636,31.945381782516));
#2917 = CARTESIAN_POINT('',(0.815208394502,31.947014486043));
#2918 = CARTESIAN_POINT('',(0.817225711728,31.94797434255));
#2919 = CARTESIAN_POINT('',(0.819545488919,31.948430940072));
#2920 = CARTESIAN_POINT('',(0.82174144921,31.948664499622));
#2921 = CARTESIAN_POINT('',(0.825784738887,31.948835211614));
#2922 = CARTESIAN_POINT('',(0.827983806366,31.948742390551));
#2923 = CARTESIAN_POINT('',(0.830170447754,31.948560038698));
#2924 = CARTESIAN_POINT('',(0.832342676401,31.94831102684));
#2925 = CARTESIAN_POINT('',(0.834499998002,31.948013174363));
#2926 = CARTESIAN_POINT('',(0.83664519176,31.9476832208));
#2927 = CARTESIAN_POINT('',(0.838783073949,31.947323700872));
#2928 = CARTESIAN_POINT('',(0.846390878378,31.945960667024));
#2929 = CARTESIAN_POINT('',(0.85181812992,31.944832977399));
#2930 = CARTESIAN_POINT('',(0.857227194254,31.943644234788));
#2931 = CARTESIAN_POINT('',(0.862621169499,31.942409165864));
#2932 = CARTESIAN_POINT('',(0.86800315077,31.941140361492));
#2933 = CARTESIAN_POINT('',(0.873377406869,31.939851402526));
#2934 = CARTESIAN_POINT('',(0.878745177251,31.938542735278));
#2935 = CARTESIAN_POINT('',(0.888718299456,31.936083161477));
#2936 = CARTESIAN_POINT('',(0.893323205022,31.934936095461));
#2937 = CARTESIAN_POINT('',(0.897925289578,31.933780789098));
#2938 = CARTESIAN_POINT('',(0.902525097665,31.932618871674));
#2939 = CARTESIAN_POINT('',(0.907123010418,31.931451479505));
#2940 = CARTESIAN_POINT('',(0.911719299484,31.930279412819));
#2941 = CARTESIAN_POINT('',(0.916314180938,31.929103292642));
#2942 = CARTESIAN_POINT('',(0.928114802938,31.926073109183));
#2943 = CARTESIAN_POINT('',(0.935318772429,31.924213975866));
#2944 = CARTESIAN_POINT('',(0.942520452044,31.922348258154));
#2945 = CARTESIAN_POINT('',(0.949720315104,31.920477317044));
#2946 = CARTESIAN_POINT('',(0.956918684351,31.918602077765));
#2947 = CARTESIAN_POINT('',(0.964115782408,31.916723173442));
#2948 = CARTESIAN_POINT('',(0.971311782241,31.914841088754));
#2949 = CARTESIAN_POINT('',(1.017143364754,31.902835281709));
#2950 = CARTESIAN_POINT('',(1.055753191783,31.892636677224));
#2951 = CARTESIAN_POINT('',(1.094357013312,31.882418092777));
#2952 = CARTESIAN_POINT('',(1.132954163223,31.872177073343));
#2953 = CARTESIAN_POINT('',(1.171546122816,31.861917153196));
#2954 = CARTESIAN_POINT('',(1.210135931157,31.851646160473));
#2955 = CARTESIAN_POINT('',(1.248722131064,31.841359178063));
#2956 = CARTESIAN_POINT('',(1.326401495623,31.820621280519));
#2957 = CARTESIAN_POINT('',(1.365494435407,31.810169731386));
#2958 = CARTESIAN_POINT('',(1.404584843138,31.799703626721));
#2959 = CARTESIAN_POINT('',(1.443672814353,31.789222494047));
#2960 = CARTESIAN_POINT('',(1.48275838045,31.778725673807));
#2961 = CARTESIAN_POINT('',(1.521841508694,31.76821231937));
#2962 = CARTESIAN_POINT('',(1.560922102213,31.757681397025));
#2963 = CARTESIAN_POINT('',(1.6,31.747131685985));
#2964 = ( GEOMETRIC_REPRESENTATION_CONTEXT(2) 
PARAMETRIC_REPRESENTATION_CONTEXT() REPRESENTATION_CONTEXT('2D SPACE',''
  ) );
#2965 = FACE_BOUND('',#2966,.T.);
#2966 = EDGE_LOOP('',(#2967,#3241));
#2967 = ORIENTED_EDGE('',*,*,#2968,.F.);
#2968 = EDGE_CURVE('',#2969,#2971,#2973,.T.);
#2969 = VERTEX_POINT('',#2970);
#2970 = CARTESIAN_POINT('',(226.44143861304,283.2216720507,
    341.04739208049));
#2971 = VERTEX_POINT('',#2972);
#2972 = CARTESIAN_POINT('',(228.8766502684,284.72139503405,
    340.11794144239));
#2973 = SURFACE_CURVE('',#2974,(#3061,#3151),.PCURVE_S1.);
#2974 = B_SPLINE_CURVE_WITH_KNOTS('',8,(#2975,#2976,#2977,#2978,#2979,
    #2980,#2981,#2982,#2983,#2984,#2985,#2986,#2987,#2988,#2989,#2990,
    #2991,#2992,#2993,#2994,#2995,#2996,#2997,#2998,#2999,#3000,#3001,
    #3002,#3003,#3004,#3005,#3006,#3007,#3008,#3009,#3010,#3011,#3012,
    #3013,#3014,#3015,#3016,#3017,#3018,#3019,#3020,#3021,#3022,#3023,
    #3024,#3025,#3026,#3027,#3028,#3029,#3030,#3031,#3032,#3033,#3034,
    #3035,#3036,#3037,#3038,#3039,#3040,#3041,#3042,#3043,#3044,#3045,
    #3046,#3047,#3048,#3049,#3050,#3051,#3052,#3053,#3054,#3055,#3056,
    #3057,#3058,#3059,#3060),.UNSPECIFIED.,.F.,.F.,(9,7,7,7,7,7,7,7,7,7,
    7,7,9),(0.,7.339754117579E-02,0.151701122579,0.159874313329,
    0.164145101717,0.168409307588,0.171384126875,0.178503502126,
    0.188929524324,0.235396135103,0.268729260362,0.502305451074,1.),
  .UNSPECIFIED.);
#2975 = CARTESIAN_POINT('',(226.44143861304,283.2216720507,
    341.04739208049));
#2976 = CARTESIAN_POINT('',(226.51001782465,283.34325852112,
    340.92079146021));
#2977 = CARTESIAN_POINT('',(226.58882931327,283.46531156435,
    340.80017320417));
#2978 = CARTESIAN_POINT('',(226.67724699376,283.58777841885,
    340.68645743728));
#2979 = CARTESIAN_POINT('',(226.77455777489,283.71061622628,
    340.58048355095));
#2980 = CARTESIAN_POINT('',(226.87997137797,283.83378846658,
    340.48300489084));
#2981 = CARTESIAN_POINT('',(226.99263015537,283.95726139306,
    340.3946834446));
#2982 = CARTESIAN_POINT('',(227.11161890914,284.08100046757,
    340.3160845296));
#2983 = CARTESIAN_POINT('',(227.36864270348,284.3372192838,
    340.17468556516));
#2984 = CARTESIAN_POINT('',(227.50742896748,284.46973953646,
    340.11328748022));
#2985 = CARTESIAN_POINT('',(227.6511611667,284.60248367107,
    340.06404131193));
#2986 = CARTESIAN_POINT('',(227.79863314882,284.7354022828,
    340.02737485885));
#2987 = CARTESIAN_POINT('',(227.94856708001,284.86848384264,
    340.00356612438));
#2988 = CARTESIAN_POINT('',(228.09973283238,285.00166092889,
    339.99277222487));
#2989 = CARTESIAN_POINT('',(228.25080781562,285.13493430222,
    339.99498716351));
#2990 = CARTESIAN_POINT('',(228.4162067607,285.2821300035,
    340.01165860817));
#2991 = CARTESIAN_POINT('',(228.43182503601,285.29604204255,
    340.01337464121));
#2992 = CARTESIAN_POINT('',(228.44742775074,285.30995417947,
    340.01523087229));
#2993 = CARTESIAN_POINT('',(228.46301355735,285.32386630713,
    340.0172271486));
#2994 = CARTESIAN_POINT('',(228.47858122398,285.33777822545,
    340.01936332908));
#2995 = CARTESIAN_POINT('',(228.49412963447,285.35168964137,
    340.02163928439));
#2996 = CARTESIAN_POINT('',(228.50965778831,285.36560016887,
    340.0240548969));
#2997 = CARTESIAN_POINT('',(228.5332677767,285.38677736919,
    340.02794522644));
#2998 = CARTESIAN_POINT('',(228.54136812595,285.3940476949,340.029319042
    ));
#2999 = CARTESIAN_POINT('',(228.54946560458,285.40132027612,
    340.03073147814));
#3000 = CARTESIAN_POINT('',(228.55756055446,285.40859539039,
    340.03218265019));
#3001 = CARTESIAN_POINT('',(228.56565390324,285.41587362266,
    340.03367281809));
#3002 = CARTESIAN_POINT('',(228.5737471643,285.42315586537,
    340.03520238641));
#3003 = CARTESIAN_POINT('',(228.5818424368,285.43044331841,
    340.03677190434));
#3004 = CARTESIAN_POINT('',(228.5980298901,285.4450204174,
    340.03998974527));
#3005 = CARTESIAN_POINT('',(228.60615186383,285.45233588638,
    340.04164391769));
#3006 = CARTESIAN_POINT('',(228.61427528107,285.45965887447,
    340.04333854883));
#3007 = CARTESIAN_POINT('',(228.62240529187,285.46697067542,
    340.04507519897));
#3008 = CARTESIAN_POINT('',(228.6305319477,285.47430486432,
    340.04685059085));
#3009 = CARTESIAN_POINT('',(228.63873721005,285.48165563362,
    340.04868444215));
#3010 = CARTESIAN_POINT('',(228.64703530128,285.48911302682,
    340.05058035549));
#3011 = CARTESIAN_POINT('',(228.66158827961,285.50193323899,
    340.05398510198));
#3012 = CARTESIAN_POINT('',(228.66641203284,285.50621668491,
    340.05513283384));
#3013 = CARTESIAN_POINT('',(228.67037356639,285.50959257946,
    340.05608982693));
#3014 = CARTESIAN_POINT('',(228.67366450739,285.51214276608,
    340.0568939729));
#3015 = CARTESIAN_POINT('',(228.67637365334,285.51395356566,
    340.05756037243));
#3016 = CARTESIAN_POINT('',(228.67848697216,285.51511577655,
    340.05808133521));
#3017 = CARTESIAN_POINT('',(228.67988760213,285.51572467454,
    340.05842637997));
#3018 = CARTESIAN_POINT('',(228.68147647335,285.51625177049,
    340.05881949879));
#3019 = CARTESIAN_POINT('',(228.68274559331,285.51647566961,
    340.0591343594));
#3020 = CARTESIAN_POINT('',(228.68379528907,285.51620674876,
    340.0593958396));
#3021 = CARTESIAN_POINT('',(228.68462345537,285.51552194816,
    340.05960281478));
#3022 = CARTESIAN_POINT('',(228.68532000109,285.51462465953,
    340.05977705992));
#3023 = CARTESIAN_POINT('',(228.68592326468,285.51367681288,
    340.059928019));
#3024 = CARTESIAN_POINT('',(228.68640664852,285.51275850009,
    340.06004929625));
#3025 = CARTESIAN_POINT('',(228.68736488759,285.5107786421,
    340.06028976107));
#3026 = CARTESIAN_POINT('',(228.68785535248,285.50957356534,
    340.06041304134));
#3027 = CARTESIAN_POINT('',(228.68830736295,285.50835576419,
    340.06052678584));
#3028 = CARTESIAN_POINT('',(228.68873403085,285.507131135,
    340.06063426114));
#3029 = CARTESIAN_POINT('',(228.68913945404,285.50590175074,
    340.06073649099));
#3030 = CARTESIAN_POINT('',(228.68952842017,285.5046690335,
    340.06083466915));
#3031 = CARTESIAN_POINT('',(228.68990744393,285.5034339599,
    340.06093041852));
#3032 = CARTESIAN_POINT('',(228.69192478539,285.49666939162,
    340.06144051063));
#3033 = CARTESIAN_POINT('',(228.69338711551,285.49110047961,
    340.06181196145));
#3034 = CARTESIAN_POINT('',(228.6948525059,285.48553206751,
    340.06218527338));
#3035 = CARTESIAN_POINT('',(228.69625031276,285.47994915466,
    340.06254284223));
#3036 = CARTESIAN_POINT('',(228.69766018685,285.47437061284,
    340.06290453139));
#3037 = CARTESIAN_POINT('',(228.69904301145,285.46878675747,
    340.06326059384));
#3038 = CARTESIAN_POINT('',(228.70042236181,285.46320231676,
    340.06361691023));
#3039 = CARTESIAN_POINT('',(228.70277957337,285.45360620875,
    340.06422787104));
#3040 = CARTESIAN_POINT('',(228.70376095504,285.44959718468,
    340.06448284351));
#3041 = CARTESIAN_POINT('',(228.70473970743,285.44558765271,
    340.06473773911));
#3042 = CARTESIAN_POINT('',(228.70571634137,285.44157771875,
    340.06499268569));
#3043 = CARTESIAN_POINT('',(228.70669125925,285.43756746594,
    340.06524778394));
#3044 = CARTESIAN_POINT('',(228.70766475506,285.43355695474,
    340.06550310746));
#3045 = CARTESIAN_POINT('',(228.70863701439,285.42954622283,
    340.06575870272));
#3046 = CARTESIAN_POINT('',(228.71641293199,285.39742932386,
    340.0678076689));
#3047 = CARTESIAN_POINT('',(228.72316420595,285.36931400354,
    340.06961588758));
#3048 = CARTESIAN_POINT('',(228.72990759071,285.34119861649,
    340.0714506796));
#3049 = CARTESIAN_POINT('',(228.73663537558,285.31308166304,
    340.07331012604));
#3050 = CARTESIAN_POINT('',(228.7433501441,285.28496372012,
    340.07519488663));
#3051 = CARTESIAN_POINT('',(228.75005985007,285.25684643895,
    340.07710696813));
#3052 = CARTESIAN_POINT('',(228.75675903195,285.22872874523,
    340.07904502345));
#3053 = CARTESIAN_POINT('',(228.77770961809,285.14069985009,
    340.08519650188));
#3054 = CARTESIAN_POINT('',(228.79193326836,285.08078932046,
    340.08950433349));
#3055 = CARTESIAN_POINT('',(228.80612535554,285.02088089677,
    340.09393446924));
#3056 = CARTESIAN_POINT('',(228.82028772426,284.960975424,
    340.09848765366));
#3057 = CARTESIAN_POINT('',(228.83442111621,284.90107353735,
    340.10316442115));
#3058 = CARTESIAN_POINT('',(228.84852573986,284.84117577819,
    340.10796524023));
#3059 = CARTESIAN_POINT('',(228.86260184018,284.78128270994,
    340.1128906576));
#3060 = CARTESIAN_POINT('',(228.8766502684,284.72139503405,
    340.11794144239));
#3061 = PCURVE('',#31,#3062);
#3062 = DEFINITIONAL_REPRESENTATION('',(#3063),#3150);
#3063 = B_SPLINE_CURVE_WITH_KNOTS('',8,(#3064,#3065,#3066,#3067,#3068,
    #3069,#3070,#3071,#3072,#3073,#3074,#3075,#3076,#3077,#3078,#3079,
    #3080,#3081,#3082,#3083,#3084,#3085,#3086,#3087,#3088,#3089,#3090,
    #3091,#3092,#3093,#3094,#3095,#3096,#3097,#3098,#3099,#3100,#3101,
    #3102,#3103,#3104,#3105,#3106,#3107,#3108,#3109,#3110,#3111,#3112,
    #3113,#3114,#3115,#3116,#3117,#3118,#3119,#3120,#3121,#3122,#3123,
    #3124,#3125,#3126,#3127,#3128,#3129,#3130,#3131,#3132,#3133,#3134,
    #3135,#3136,#3137,#3138,#3139,#3140,#3141,#3142,#3143,#3144,#3145,
    #3146,#3147,#3148,#3149),.UNSPECIFIED.,.F.,.F.,(9,7,7,7,7,7,7,7,7,7,
    7,7,9),(0.,7.339754117579E-02,0.151701122579,0.159874313329,
    0.164145101717,0.168409307588,0.171384126875,0.178503502126,
    0.188929524324,0.235396135103,0.268729260362,0.502305451074,1.),
  .UNSPECIFIED.);
#3064 = CARTESIAN_POINT('',(4.215942558679,47.2216720507));
#3065 = CARTESIAN_POINT('',(4.143951543058,47.343258521128));
#3066 = CARTESIAN_POINT('',(4.072153829842,47.465311564357));
#3067 = CARTESIAN_POINT('',(4.000534289307,47.587778418859));
#3068 = CARTESIAN_POINT('',(3.929076366339,47.710616226288));
#3069 = CARTESIAN_POINT('',(3.857763208443,47.83378846658));
#3070 = CARTESIAN_POINT('',(3.786578793758,47.957261393065));
#3071 = CARTESIAN_POINT('',(3.715509059071,48.081000467572));
#3072 = CARTESIAN_POINT('',(3.568833483394,48.337219283803));
#3073 = CARTESIAN_POINT('',(3.493236303311,48.469739536461));
#3074 = CARTESIAN_POINT('',(3.417740260323,48.602483671077));
#3075 = CARTESIAN_POINT('',(3.342322056485,48.735402282804));
#3076 = CARTESIAN_POINT('',(3.266977187273,48.868483842641));
#3077 = CARTESIAN_POINT('',(3.19166705559,49.001660928899));
#3078 = CARTESIAN_POINT('',(3.116399308259,49.134934302224));
#3079 = CARTESIAN_POINT('',(3.033280796328,49.282130003506));
#3080 = CARTESIAN_POINT('',(3.025424979902,49.296042042557));
#3081 = CARTESIAN_POINT('',(3.017569135897,49.309954179474));
#3082 = CARTESIAN_POINT('',(3.009713203739,49.323866307138));
#3083 = CARTESIAN_POINT('',(3.001857064485,49.337778225457));
#3084 = CARTESIAN_POINT('',(2.994000540822,49.351689641377));
#3085 = CARTESIAN_POINT('',(2.986143397068,49.36560016887));
#3086 = CARTESIAN_POINT('',(2.974179219121,49.386777369196));
#3087 = CARTESIAN_POINT('',(2.970071252568,49.394047694903));
#3088 = CARTESIAN_POINT('',(2.96596145762,49.401320276129));
#3089 = CARTESIAN_POINT('',(2.961849550572,49.408595390392));
#3090 = CARTESIAN_POINT('',(2.957734945919,49.415873622664));
#3091 = CARTESIAN_POINT('',(2.953616756345,49.423155865376));
#3092 = CARTESIAN_POINT('',(2.949493792731,49.430443318414));
#3093 = CARTESIAN_POINT('',(2.941241699899,49.445020417407));
#3094 = CARTESIAN_POINT('',(2.937097389276,49.452335886381));
#3095 = CARTESIAN_POINT('',(2.932948321717,49.459658874479));
#3096 = CARTESIAN_POINT('',(2.928791700424,49.46697067542));
#3097 = CARTESIAN_POINT('',(2.924632632639,49.474304864323));
#3098 = CARTESIAN_POINT('',(2.920428863177,49.481655633623));
#3099 = CARTESIAN_POINT('',(2.916172959982,49.489113026827));
#3100 = CARTESIAN_POINT('',(2.908699984054,49.501933238997));
#3101 = CARTESIAN_POINT('',(2.90622078191,49.506216684917));
#3102 = CARTESIAN_POINT('',(2.90418305821,49.509592579462));
#3103 = CARTESIAN_POINT('',(2.902489200644,49.51214276608));
#3104 = CARTESIAN_POINT('',(2.901094263472,49.513953565666));
#3105 = CARTESIAN_POINT('',(2.900005967534,49.515115776559));
#3106 = CARTESIAN_POINT('',(2.899284700245,49.515724674548));
#3107 = CARTESIAN_POINT('',(2.898466309425,49.516251770499));
#3108 = CARTESIAN_POINT('',(2.897812512478,49.51647566961));
#3109 = CARTESIAN_POINT('',(2.897271626132,49.516206748764));
#3110 = CARTESIAN_POINT('',(2.896844807296,49.515521948164));
#3111 = CARTESIAN_POINT('',(2.896485802686,49.514624659535));
#3112 = CARTESIAN_POINT('',(2.896174870234,49.513676812881));
#3113 = CARTESIAN_POINT('',(2.89592568762,49.512758500098));
#3114 = CARTESIAN_POINT('',(2.895431712556,49.510778642107));
#3115 = CARTESIAN_POINT('',(2.895178852024,49.50957356534));
#3116 = CARTESIAN_POINT('',(2.894945800932,49.508355764199));
#3117 = CARTESIAN_POINT('',(2.894725802967,49.507131135006));
#3118 = CARTESIAN_POINT('',(2.894516746224,49.505901750749));
#3119 = CARTESIAN_POINT('',(2.89431616358,49.504669033506));
#3120 = CARTESIAN_POINT('',(2.894120698144,49.503433959903));
#3121 = CARTESIAN_POINT('',(2.893080282297,49.496669391629));
#3122 = CARTESIAN_POINT('',(2.892325898043,49.491100479614));
#3123 = CARTESIAN_POINT('',(2.891569801334,49.485532067513));
#3124 = CARTESIAN_POINT('',(2.890848393745,49.479949154663));
#3125 = CARTESIAN_POINT('',(2.890120629717,49.474370612844));
#3126 = CARTESIAN_POINT('',(2.889406665123,49.468786757476));
#3127 = CARTESIAN_POINT('',(2.888694350669,49.463202316765));
#3128 = CARTESIAN_POINT('',(2.887476799903,49.453606208755));
#3129 = CARTESIAN_POINT('',(2.886969818495,49.44959718468));
#3130 = CARTESIAN_POINT('',(2.886464119117,49.445587652717));
#3131 = CARTESIAN_POINT('',(2.885959438298,49.441577718753));
#3132 = CARTESIAN_POINT('',(2.885455568445,49.437567465949));
#3133 = CARTESIAN_POINT('',(2.884952357842,49.43355695474));
#3134 = CARTESIAN_POINT('',(2.884449710649,49.429546222834));
#3135 = CARTESIAN_POINT('',(2.880429040402,49.397429323863));
#3136 = CARTESIAN_POINT('',(2.876934453288,49.369314003543));
#3137 = CARTESIAN_POINT('',(2.873440229015,49.34119861649));
#3138 = CARTESIAN_POINT('',(2.869950276181,49.313081663044));
#3139 = CARTESIAN_POINT('',(2.866463197168,49.284963720127));
#3140 = CARTESIAN_POINT('',(2.862974825943,49.256846438955));
#3141 = CARTESIAN_POINT('',(2.859487910427,49.228728745231));
#3142 = CARTESIAN_POINT('',(2.848570404456,49.140699850093));
#3143 = CARTESIAN_POINT('',(2.841139830335,49.080789320461));
#3144 = CARTESIAN_POINT('',(2.833706545749,49.020880896773));
#3145 = CARTESIAN_POINT('',(2.826268934747,48.960975424004));
#3146 = CARTESIAN_POINT('',(2.818825936904,48.901073537357));
#3147 = CARTESIAN_POINT('',(2.811376752038,48.841175778192));
#3148 = CARTESIAN_POINT('',(2.803920544936,48.781282709945));
#3149 = CARTESIAN_POINT('',(2.796456150074,48.721395034053));
#3150 = ( GEOMETRIC_REPRESENTATION_CONTEXT(2) 
PARAMETRIC_REPRESENTATION_CONTEXT() REPRESENTATION_CONTEXT('2D SPACE',''
  ) );
#3151 = PCURVE('',#1179,#3152);
#3152 = DEFINITIONAL_REPRESENTATION('',(#3153),#3240);
#3153 = B_SPLINE_CURVE_WITH_KNOTS('',8,(#3154,#3155,#3156,#3157,#3158,
    #3159,#3160,#3161,#3162,#3163,#3164,#3165,#3166,#3167,#3168,#3169,
    #3170,#3171,#3172,#3173,#3174,#3175,#3176,#3177,#3178,#3179,#3180,
    #3181,#3182,#3183,#3184,#3185,#3186,#3187,#3188,#3189,#3190,#3191,
    #3192,#3193,#3194,#3195,#3196,#3197,#3198,#3199,#3200,#3201,#3202,
    #3203,#3204,#3205,#3206,#3207,#3208,#3209,#3210,#3211,#3212,#3213,
    #3214,#3215,#3216,#3217,#3218,#3219,#3220,#3221,#3222,#3223,#3224,
    #3225,#3226,#3227,#3228,#3229,#3230,#3231,#3232,#3233,#3234,#3235,
    #3236,#3237,#3238,#3239),.UNSPECIFIED.,.F.,.F.,(9,7,7,7,7,7,7,7,7,7,
    7,7,9),(0.,7.339754117579E-02,0.151701122579,0.159874313329,
    0.164145101717,0.168409307588,0.171384126875,0.178503502126,
    0.188929524324,0.235396135103,0.268729260362,0.502305451074,1.),
  .UNSPECIFIED.);
#3154 = CARTESIAN_POINT('',(1.6,44.818519404027));
#3155 = CARTESIAN_POINT('',(1.553344746016,44.986879222911));
#3156 = CARTESIAN_POINT('',(1.507408220402,45.155190829239));
#3157 = CARTESIAN_POINT('',(1.462122513148,45.323450846674));
#3158 = CARTESIAN_POINT('',(1.417421439723,45.491661594969));
#3159 = CARTESIAN_POINT('',(1.373241616506,45.659828128769));
#3160 = CARTESIAN_POINT('',(1.329523536219,45.827955276411));
#3161 = CARTESIAN_POINT('',(1.286212643366,45.996044678721));
#3162 = CARTESIAN_POINT('',(1.197437161717,46.343371588529));
#3163 = CARTESIAN_POINT('',(1.152019352792,46.522616352941));
#3164 = CARTESIAN_POINT('',(1.10694316737,46.701818977372));
#3165 = CARTESIAN_POINT('',(1.062167399207,46.880989601658));
#3166 = CARTESIAN_POINT('',(1.017604714027,47.060127617211));
#3167 = CARTESIAN_POINT('',(0.973253316903,47.239261161569));
#3168 = CARTESIAN_POINT('',(0.929009090162,47.418377314263));
#3169 = CARTESIAN_POINT('',(0.880282980379,47.616189603953));
#3170 = CARTESIAN_POINT('',(0.875679145686,47.634885591415));
#3171 = CARTESIAN_POINT('',(0.871076640038,47.653581702189));
#3172 = CARTESIAN_POINT('',(0.866475507752,47.67227798036));
#3173 = CARTESIAN_POINT('',(0.861875931062,47.690974518817));
#3174 = CARTESIAN_POINT('',(0.857278230125,47.709671459256));
#3175 = CARTESIAN_POINT('',(0.852682863015,47.728368992172));
#3176 = CARTESIAN_POINT('',(0.845690710796,47.756837930111));
#3177 = CARTESIAN_POINT('',(0.843291009597,47.766612453342));
#3178 = CARTESIAN_POINT('',(0.840891315663,47.776390884189));
#3179 = CARTESIAN_POINT('',(0.8384916449,47.786173794399));
#3180 = CARTESIAN_POINT('',(0.836092035574,47.79596236984));
#3181 = CARTESIAN_POINT('',(0.833692548321,47.805758410502));
#3182 = CARTESIAN_POINT('',(0.831293266139,47.815564330497));
#3183 = CARTESIAN_POINT('',(0.826499020153,47.835186851967));
#3184 = CARTESIAN_POINT('',(0.824096107089,47.845039096775));
#3185 = CARTESIAN_POINT('',(0.821691331669,47.854902252887));
#3186 = CARTESIAN_POINT('',(0.819303765157,47.864772121552));
#3187 = CARTESIAN_POINT('',(0.816899047271,47.874656101077));
#3188 = CARTESIAN_POINT('',(0.814523085127,47.884617759515));
#3189 = CARTESIAN_POINT('',(0.812104180265,47.894710057287));
#3190 = CARTESIAN_POINT('',(0.808097136592,47.912305373879));
#3191 = CARTESIAN_POINT('',(0.806741286303,47.91815660839));
#3192 = CARTESIAN_POINT('',(0.805753703548,47.922899471656));
#3193 = CARTESIAN_POINT('',(0.80515702776,47.926724514339));
#3194 = CARTESIAN_POINT('',(0.804919082427,47.929741789396));
#3195 = CARTESIAN_POINT('',(0.804952875085,47.931980852074));
#3196 = CARTESIAN_POINT('',(0.805116597324,47.933390759913));
#3197 = CARTESIAN_POINT('',(0.805445832125,47.934915373908));
#3198 = CARTESIAN_POINT('',(0.805881563741,47.936042890835));
#3199 = CARTESIAN_POINT('',(0.806639825766,47.936767323865));
#3200 = CARTESIAN_POINT('',(0.807652109991,47.937122159076));
#3201 = CARTESIAN_POINT('',(0.808784970429,47.937273210684));
#3202 = CARTESIAN_POINT('',(0.809915655649,47.937325715676));
#3203 = CARTESIAN_POINT('',(0.810960796893,47.937294980654));
#3204 = CARTESIAN_POINT('',(0.813172290296,47.937160914763));
#3205 = CARTESIAN_POINT('',(0.814472155275,47.937004378611));
#3206 = CARTESIAN_POINT('',(0.815764021006,47.936810953888));
#3207 = CARTESIAN_POINT('',(0.817049252445,47.936593935914));
#3208 = CARTESIAN_POINT('',(0.818328074885,47.93635758602));
#3209 = CARTESIAN_POINT('',(0.81960162702,47.936106423687));
#3210 = CARTESIAN_POINT('',(0.820872297595,47.935846158693));
#3211 = CARTESIAN_POINT('',(0.827802685407,47.934373395499));
#3212 = CARTESIAN_POINT('',(0.833409400925,47.933000842387));
#3213 = CARTESIAN_POINT('',(0.839017330885,47.931631185027));
#3214 = CARTESIAN_POINT('',(0.844604434246,47.93020047909));
#3215 = CARTESIAN_POINT('',(0.85019384807,47.928781715207));
#3216 = CARTESIAN_POINT('',(0.855774575192,47.927338852376));
#3217 = CARTESIAN_POINT('',(0.861354214873,47.925893098791));
#3218 = CARTESIAN_POINT('',(0.870935814081,47.923398562874));
#3219 = CARTESIAN_POINT('',(0.87493714794,47.922353748177));
#3220 = CARTESIAN_POINT('',(0.87893768427,47.921306668591));
#3221 = CARTESIAN_POINT('',(0.882937584693,47.920257784016));
#3222 = CARTESIAN_POINT('',(0.886936976735,47.919207456341));
#3223 = CARTESIAN_POINT('',(0.890935953828,47.918155949444));
#3224 = CARTESIAN_POINT('',(0.894934575306,47.917103429189));
#3225 = CARTESIAN_POINT('',(0.926950209463,47.908667981783));
#3226 = CARTESIAN_POINT('',(0.954952365048,47.901242646466));
#3227 = CARTESIAN_POINT('',(0.982953910067,47.893814636522));
#3228 = CARTESIAN_POINT('',(1.0109522923,47.886376566133));
#3229 = CARTESIAN_POINT('',(1.038948268586,47.878930318368));
#3230 = CARTESIAN_POINT('',(1.06694433009,47.871482607081));
#3231 = CARTESIAN_POINT('',(1.09493867323,47.864028056545));
#3232 = CARTESIAN_POINT('',(1.182579890849,47.840675825615));
#3233 = CARTESIAN_POINT('',(1.242223463426,47.824760918276));
#3234 = CARTESIAN_POINT('',(1.301863488596,47.808823179093));
#3235 = CARTESIAN_POINT('',(1.361499920327,47.792859892843));
#3236 = CARTESIAN_POINT('',(1.421132352317,47.776867313596));
#3237 = CARTESIAN_POINT('',(1.480760199765,47.760841161925));
#3238 = CARTESIAN_POINT('',(1.540382881149,47.744777122127));
#3239 = CARTESIAN_POINT('',(1.6,47.728671339441));
#3240 = ( GEOMETRIC_REPRESENTATION_CONTEXT(2) 
PARAMETRIC_REPRESENTATION_CONTEXT() REPRESENTATION_CONTEXT('2D SPACE',''
  ) );
#3241 = ORIENTED_EDGE('',*,*,#3242,.F.);
#3242 = EDGE_CURVE('',#2971,#2969,#3243,.T.);
#3243 = SURFACE_CURVE('',#3244,(#3268,#3295),.PCURVE_S1.);
#3244 = B_SPLINE_CURVE_WITH_KNOTS('',8,(#3245,#3246,#3247,#3248,#3249,
    #3250,#3251,#3252,#3253,#3254,#3255,#3256,#3257,#3258,#3259,#3260,
    #3261,#3262,#3263,#3264,#3265,#3266,#3267),.UNSPECIFIED.,.F.,.F.,(9,
    7,7,9),(0.,0.24186436802,0.837027449215,1.),.UNSPECIFIED.);
#3245 = CARTESIAN_POINT('',(228.8766502684,284.72139503405,
    340.11794144239));
#3246 = CARTESIAN_POINT('',(228.79702853734,284.67476190995,
    340.08931530561));
#3247 = CARTESIAN_POINT('',(228.71618003436,284.62781162222,
    340.06459533288));
#3248 = CARTESIAN_POINT('',(228.63430438185,284.58059206951,
    340.04382336976));
#3249 = CARTESIAN_POINT('',(228.55160115261,284.53314919565,
    340.02703277158));
#3250 = CARTESIAN_POINT('',(228.46826957387,284.48552747668,
    340.01424865287));
#3251 = CARTESIAN_POINT('',(228.38450823126,284.43777040781,
    340.00548813682));
#3252 = CARTESIAN_POINT('',(228.30051477274,284.38992099047,
    340.00076060463));
#3253 = CARTESIAN_POINT('',(228.00971247662,284.22415624127,
    339.99836349619));
#3254 = CARTESIAN_POINT('',(227.80284787552,284.10606251098,
    340.02109239934));
#3255 = CARTESIAN_POINT('',(227.59867228023,283.98829826566,
    340.06823128424));
#3256 = CARTESIAN_POINT('',(227.4000677602,283.87150899825,
    340.13959298846));
#3257 = CARTESIAN_POINT('',(227.2099924486,283.75645257986,
    340.2347014213));
#3258 = CARTESIAN_POINT('',(227.03147058385,283.64408370437,
    340.35280049385));
#3259 = CARTESIAN_POINT('',(226.86748820299,283.53559305221,
    340.49278952724));
#3260 = CARTESIAN_POINT('',(226.68103650791,283.40453699357,
    340.69758133048));
#3261 = CARTESIAN_POINT('',(226.64228445047,283.37679056067,
    340.74315368624));
#3262 = CARTESIAN_POINT('',(226.60492576205,283.34950733103,
    340.79024871251));
#3263 = CARTESIAN_POINT('',(226.56902754232,283.32272883793,
    340.83883641528));
#3264 = CARTESIAN_POINT('',(226.53465875484,283.29650144498,
    340.88888336204));
#3265 = CARTESIAN_POINT('',(226.50188984771,283.27087682674,
    340.94035260163));
#3266 = CARTESIAN_POINT('',(226.47079237413,283.24591244926,
    340.99320358409));
#3267 = CARTESIAN_POINT('',(226.44143861304,283.2216720507,
    341.04739208049));
#3268 = PCURVE('',#31,#3269);
#3269 = DEFINITIONAL_REPRESENTATION('',(#3270),#3294);
#3270 = B_SPLINE_CURVE_WITH_KNOTS('',8,(#3271,#3272,#3273,#3274,#3275,
    #3276,#3277,#3278,#3279,#3280,#3281,#3282,#3283,#3284,#3285,#3286,
    #3287,#3288,#3289,#3290,#3291,#3292,#3293),.UNSPECIFIED.,.F.,.F.,(9,
    7,7,9),(0.,0.24186436802,0.837027449215,1.),.UNSPECIFIED.);
#3271 = CARTESIAN_POINT('',(2.796456150074,48.721395034053));
#3272 = CARTESIAN_POINT('',(2.83876181094,48.674761909954));
#3273 = CARTESIAN_POINT('',(2.880983903246,48.627811622225));
#3274 = CARTESIAN_POINT('',(2.923136818237,48.580592069512));
#3275 = CARTESIAN_POINT('',(2.96523447218,48.533149195654));
#3276 = CARTESIAN_POINT('',(3.007290584496,48.485527476683));
#3277 = CARTESIAN_POINT('',(3.04931895589,48.437770407819));
#3278 = CARTESIAN_POINT('',(3.091333746483,48.389920990471));
#3279 = CARTESIAN_POINT('',(3.236739834352,48.22415624127));
#3280 = CARTESIAN_POINT('',(3.340075089806,48.10606251098));
#3281 = CARTESIAN_POINT('',(3.443648396466,47.98829826566));
#3282 = CARTESIAN_POINT('',(3.547700389186,47.871508998256));
#3283 = CARTESIAN_POINT('',(3.65245531603,47.756452579869));
#3284 = CARTESIAN_POINT('',(3.758168261043,47.644083704371));
#3285 = CARTESIAN_POINT('',(3.865123393202,47.535593052219));
#3286 = CARTESIAN_POINT('',(4.003600753509,47.404536993572));
#3287 = CARTESIAN_POINT('',(4.033494147046,47.376790560679));
#3288 = CARTESIAN_POINT('',(4.0635216695,47.349507331038));
#3289 = CARTESIAN_POINT('',(4.093691275406,47.322728837931));
#3290 = CARTESIAN_POINT('',(4.124010585812,47.296501444983));
#3291 = CARTESIAN_POINT('',(4.154487107634,47.270876826744));
#3292 = CARTESIAN_POINT('',(4.185128453015,47.245912449269));
#3293 = CARTESIAN_POINT('',(4.215942558679,47.2216720507));
#3294 = ( GEOMETRIC_REPRESENTATION_CONTEXT(2) 
PARAMETRIC_REPRESENTATION_CONTEXT() REPRESENTATION_CONTEXT('2D SPACE',''
  ) );
#3295 = PCURVE('',#166,#3296);
#3296 = DEFINITIONAL_REPRESENTATION('',(#3297),#3321);
#3297 = B_SPLINE_CURVE_WITH_KNOTS('',8,(#3298,#3299,#3300,#3301,#3302,
    #3303,#3304,#3305,#3306,#3307,#3308,#3309,#3310,#3311,#3312,#3313,
    #3314,#3315,#3316,#3317,#3318,#3319,#3320),.UNSPECIFIED.,.F.,.F.,(9,
    7,7,9),(0.,0.24186436802,0.837027449215,1.),.UNSPECIFIED.);
#3298 = CARTESIAN_POINT('',(0.,47.72867133944));
#3299 = CARTESIAN_POINT('',(1.571911071567E-02,47.641221325355));
#3300 = CARTESIAN_POINT('',(3.038883129378E-02,47.553720371845));
#3301 = CARTESIAN_POINT('',(4.403288159962E-02,47.46617193829));
#3302 = CARTESIAN_POINT('',(5.666988775356E-02,47.37857882393));
#3303 = CARTESIAN_POINT('',(6.831346955674E-02,47.290943054457));
#3304 = CARTESIAN_POINT('',(7.897232791682E-02,47.203265768609));
#3305 = CARTESIAN_POINT('',(8.865033227368E-02,47.115547104759));
#3306 = CARTESIAN_POINT('',(0.118745800943,46.811829856075));
#3307 = CARTESIAN_POINT('',(0.134187076131,46.595747153109));
#3308 = CARTESIAN_POINT('',(0.14368396985,46.379371732826));
#3309 = CARTESIAN_POINT('',(0.147020296287,46.162654761433));
#3310 = CARTESIAN_POINT('',(0.143795064648,45.945625401794));
#3311 = CARTESIAN_POINT('',(0.133320277267,45.728365486629));
#3312 = CARTESIAN_POINT('',(0.114618882559,45.511027450422));
#3313 = CARTESIAN_POINT('',(7.809115831667E-02,45.234191841729));
#3314 = CARTESIAN_POINT('',(6.949268529156E-02,45.174694671364));
#3315 = CARTESIAN_POINT('',(6.011290942384E-02,45.115216066372));
#3316 = CARTESIAN_POINT('',(4.991343584884E-02,45.055764913199));
#3317 = CARTESIAN_POINT('',(3.885190930317E-02,44.99635316512));
#3318 = CARTESIAN_POINT('',(2.688144016151E-02,44.936995819258));
#3319 = CARTESIAN_POINT('',(1.395003047339E-02,44.877710893604));
#3320 = CARTESIAN_POINT('',(0.,44.818519404028));
#3321 = ( GEOMETRIC_REPRESENTATION_CONTEXT(2) 
PARAMETRIC_REPRESENTATION_CONTEXT() REPRESENTATION_CONTEXT('2D SPACE',''
  ) );
#3322 = FACE_BOUND('',#3323,.T.);
#3323 = EDGE_LOOP('',(#3324,#3409));
#3324 = ORIENTED_EDGE('',*,*,#3325,.F.);
#3325 = EDGE_CURVE('',#3326,#3328,#3330,.T.);
#3326 = VERTEX_POINT('',#3327);
#3327 = CARTESIAN_POINT('',(228.00709953859,299.59654699576,
    340.00932438303));
#3328 = VERTEX_POINT('',#3329);
#3329 = CARTESIAN_POINT('',(226.20296846474,298.09626521024,
    341.8910732026));
#3330 = SURFACE_CURVE('',#3331,(#3355,#3382),.PCURVE_S1.);
#3331 = B_SPLINE_CURVE_WITH_KNOTS('',8,(#3332,#3333,#3334,#3335,#3336,
    #3337,#3338,#3339,#3340,#3341,#3342,#3343,#3344,#3345,#3346,#3347,
    #3348,#3349,#3350,#3351,#3352,#3353,#3354),.UNSPECIFIED.,.F.,.F.,(9,
    7,7,9),(0.,0.241877475383,0.836983599077,1.),.UNSPECIFIED.);
#3332 = CARTESIAN_POINT('',(228.00709953859,299.59654699576,
    340.00932438303));
#3333 = CARTESIAN_POINT('',(227.92286402115,299.54989414394,
    340.01748697368));
#3334 = CARTESIAN_POINT('',(227.83918952479,299.50292411304,
    340.02970704768));
#3335 = CARTESIAN_POINT('',(227.75627471116,299.45568476058,
    340.04593706549));
#3336 = CARTESIAN_POINT('',(227.67431450866,299.40822201186,
    340.06612178818));
#3337 = CARTESIAN_POINT('',(227.59349995632,299.36058034221,
    340.09019864578));
#3338 = CARTESIAN_POINT('',(227.51401804767,299.31280325924,
    340.1180981057));
#3339 = CARTESIAN_POINT('',(227.4360515746,299.26493378516,
    340.14974404107));
#3340 = CARTESIAN_POINT('',(227.1721207645,299.09911723592,
    340.27192962063));
#3341 = CARTESIAN_POINT('',(226.99482934161,298.98099164368,
    340.38093350848));
#3342 = CARTESIAN_POINT('',(226.83040813665,298.86319541984,
    340.51085522129));
#3343 = CARTESIAN_POINT('',(226.68138155179,298.74637430993,
    340.66029324991));
#3344 = CARTESIAN_POINT('',(226.55021984537,298.63128649047,
    340.82755334173));
#3345 = CARTESIAN_POINT('',(226.43933508705,298.51888698112,
    341.0106589133));
#3346 = CARTESIAN_POINT('',(226.35095692169,298.4103654524,
    341.20733628662));
#3347 = CARTESIAN_POINT('',(226.26997396922,298.27925776037,
    341.47222451654));
#3348 = CARTESIAN_POINT('',(226.25442551591,298.25149235571,
    341.53001548565));
#3349 = CARTESIAN_POINT('',(226.24078937652,298.22419036447,
    341.58858754646));
#3350 = CARTESIAN_POINT('',(226.22911342572,298.19739333313,
    341.6478848025));
#3351 = CARTESIAN_POINT('',(226.21944574793,298.17114764466,
    341.70784745407));
#3352 = CARTESIAN_POINT('',(226.21183426214,298.14550500409,
    341.76841189188));
#3353 = CARTESIAN_POINT('',(226.2063263468,298.12052292405,
    341.82951079062));
#3354 = CARTESIAN_POINT('',(226.20296846474,298.09626521024,
    341.8910732026));
#3355 = PCURVE('',#31,#3356);
#3356 = DEFINITIONAL_REPRESENTATION('',(#3357),#3381);
#3357 = B_SPLINE_CURVE_WITH_KNOTS('',8,(#3358,#3359,#3360,#3361,#3362,
    #3363,#3364,#3365,#3366,#3367,#3368,#3369,#3370,#3371,#3372,#3373,
    #3374,#3375,#3376,#3377,#3378,#3379,#3380),.UNSPECIFIED.,.F.,.F.,(9,
    7,7,9),(0.,0.241877475383,0.836983599077,1.),.UNSPECIFIED.);
#3358 = CARTESIAN_POINT('',(3.238193054192,63.596546995763));
#3359 = CARTESIAN_POINT('',(3.28050809373,63.549894143948));
#3360 = CARTESIAN_POINT('',(3.32273959658,63.50292411304));
#3361 = CARTESIAN_POINT('',(3.364901876295,63.455684760581));
#3362 = CARTESIAN_POINT('',(3.40700879482,63.408222011865));
#3363 = CARTESIAN_POINT('',(3.449074038616,63.360580342212));
#3364 = CARTESIAN_POINT('',(3.491111394794,63.312803259244));
#3365 = CARTESIAN_POINT('',(3.533135027243,63.264933785163));
#3366 = CARTESIAN_POINT('',(3.678555786054,63.099117235925));
#3367 = CARTESIAN_POINT('',(3.781896355214,62.980991643684));
#3368 = CARTESIAN_POINT('',(3.885474535884,62.863195419842));
#3369 = CARTESIAN_POINT('',(3.989531585528,62.746374309931));
#3370 = CARTESIAN_POINT('',(4.094292216348,62.631286490471));
#3371 = CARTESIAN_POINT('',(4.200011480236,62.518886981122));
#3372 = CARTESIAN_POINT('',(4.306972906508,62.410365452407));
#3373 = CARTESIAN_POINT('',(4.44546840548,62.279257760373));
#3374 = CARTESIAN_POINT('',(4.475374266016,62.251492355716));
#3375 = CARTESIAN_POINT('',(4.505414298686,62.224190364479));
#3376 = CARTESIAN_POINT('',(4.535596460158,62.197393333132));
#3377 = CARTESIAN_POINT('',(4.56592837696,62.171147644661));
#3378 = CARTESIAN_POINT('',(4.596417566795,62.145505004098));
#3379 = CARTESIAN_POINT('',(4.627071659873,62.120522924052));
#3380 = CARTESIAN_POINT('',(4.657898620232,62.096265210246));
#3381 = ( GEOMETRIC_REPRESENTATION_CONTEXT(2) 
PARAMETRIC_REPRESENTATION_CONTEXT() REPRESENTATION_CONTEXT('2D SPACE',''
  ) );
#3382 = PCURVE('',#819,#3383);
#3383 = DEFINITIONAL_REPRESENTATION('',(#3384),#3408);
#3384 = B_SPLINE_CURVE_WITH_KNOTS('',8,(#3385,#3386,#3387,#3388,#3389,
    #3390,#3391,#3392,#3393,#3394,#3395,#3396,#3397,#3398,#3399,#3400,
    #3401,#3402,#3403,#3404,#3405,#3406,#3407),.UNSPECIFIED.,.F.,.F.,(9,
    7,7,9),(0.,0.241877475383,0.836983599077,1.),.UNSPECIFIED.);
#3385 = CARTESIAN_POINT('',(0.,63.709653624647));
#3386 = CARTESIAN_POINT('',(1.571971791714E-02,63.622182634987));
#3387 = CARTESIAN_POINT('',(3.038993913363E-02,63.53466088193));
#3388 = CARTESIAN_POINT('',(4.403424863085E-02,63.447091655724));
#3389 = CARTESIAN_POINT('',(5.667123923569E-02,63.359477629124));
#3390 = CARTESIAN_POINT('',(6.831456921473E-02,63.271820743166));
#3391 = CARTESIAN_POINT('',(7.897301986841E-02,63.184122092962));
#3392 = CARTESIAN_POINT('',(8.865055312522E-02,63.096381813473));
#3393 = CARTESIAN_POINT('',(0.118741223495,62.792621390625));
#3394 = CARTESIAN_POINT('',(0.134180041324,62.576515862705));
#3395 = CARTESIAN_POINT('',(0.143677461941,62.360116458162));
#3396 = CARTESIAN_POINT('',(0.147018083879,62.143375636469));
#3397 = CARTESIAN_POINT('',(0.143799202694,61.926323834348));
#3398 = CARTESIAN_POINT('',(0.133330300313,61.709041604747));
#3399 = CARTESIAN_POINT('',(0.114634463873,61.491679755042));
#3400 = CARTESIAN_POINT('',(7.811228978255E-02,61.214789245888));
#3401 = CARTESIAN_POINT('',(6.95122973438E-02,61.155263082662));
#3402 = CARTESIAN_POINT('',(6.013052578215E-02,61.095755323888));
#3403 = CARTESIAN_POINT('',(4.992857248765E-02,61.036274848259));
#3404 = CARTESIAN_POINT('',(3.886407206276E-02,60.976833609364));
#3405 = CARTESIAN_POINT('',(2.68901157406E-02,60.917446614255));
#3406 = CARTESIAN_POINT('',(1.395467080325E-02,60.858131901992));
#3407 = CARTESIAN_POINT('',(0.,60.798910522209));
#3408 = ( GEOMETRIC_REPRESENTATION_CONTEXT(2) 
PARAMETRIC_REPRESENTATION_CONTEXT() REPRESENTATION_CONTEXT('2D SPACE',''
  ) );
#3409 = ORIENTED_EDGE('',*,*,#3410,.F.);
#3410 = EDGE_CURVE('',#3328,#3326,#3411,.T.);
#3411 = SURFACE_CURVE('',#3412,(#3506,#3603),.PCURVE_S1.);
#3412 = B_SPLINE_CURVE_WITH_KNOTS('',8,(#3413,#3414,#3415,#3416,#3417,
    #3418,#3419,#3420,#3421,#3422,#3423,#3424,#3425,#3426,#3427,#3428,
    #3429,#3430,#3431,#3432,#3433,#3434,#3435,#3436,#3437,#3438,#3439,
    #3440,#3441,#3442,#3443,#3444,#3445,#3446,#3447,#3448,#3449,#3450,
    #3451,#3452,#3453,#3454,#3455,#3456,#3457,#3458,#3459,#3460,#3461,
    #3462,#3463,#3464,#3465,#3466,#3467,#3468,#3469,#3470,#3471,#3472,
    #3473,#3474,#3475,#3476,#3477,#3478,#3479,#3480,#3481,#3482,#3483,
    #3484,#3485,#3486,#3487,#3488,#3489,#3490,#3491,#3492,#3493,#3494,
    #3495,#3496,#3497,#3498,#3499,#3500,#3501,#3502,#3503,#3504,#3505),
  .UNSPECIFIED.,.F.,.F.,(9,7,7,7,7,7,7,7,7,7,7,7,7,9),(0.,0.262327105774
    ,0.540765588829,0.583612208596,0.605168802664,0.628642724291,
    0.638934813388,0.645039978337,0.651511447077,0.669594179061,
    0.685631698484,0.710470236897,0.844355976379,1.),.UNSPECIFIED.);
#3413 = CARTESIAN_POINT('',(226.20296846474,298.09626521024,
    341.8910732026));
#3414 = CARTESIAN_POINT('',(226.2104104068,298.21166442812,
    341.7546348482));
#3415 = CARTESIAN_POINT('',(226.22848675132,298.32748382574,
    341.61912576244));
#3416 = CARTESIAN_POINT('',(226.25705022349,298.44367840426,
    341.48548419765));
#3417 = CARTESIAN_POINT('',(226.29586213943,298.56021084772,
    341.35462020408));
#3418 = CARTESIAN_POINT('',(226.34459719441,298.67704895906,
    341.22740857656));
#3419 = CARTESIAN_POINT('',(226.40284825111,298.79416309621,
    341.10468180114));
#3420 = CARTESIAN_POINT('',(226.47013112791,298.91152360811,
    340.98722300175));
#3421 = CARTESIAN_POINT('',(226.62630050111,299.15389403151,
    340.75744896612));
#3422 = CARTESIAN_POINT('',(226.71626453929,299.27893754193,
    340.64588610928));
#3423 = CARTESIAN_POINT('',(226.81511539392,299.40419211124,
    340.54194044595));
#3424 = CARTESIAN_POINT('',(226.92211061435,299.52961964021,
    340.44639848527));
#3425 = CARTESIAN_POINT('',(227.03641039357,299.65520450377,
    340.35996360378));
#3426 = CARTESIAN_POINT('',(227.15715416487,299.78089521326,
    340.2832390237));
#3427 = CARTESIAN_POINT('',(227.28337067249,299.90668103654,
    340.21674233184));
#3428 = CARTESIAN_POINT('',(227.43424117313,300.05183945367,
    340.15227378775));
#3429 = CARTESIAN_POINT('',(227.45446873782,300.0711982612,
    340.14392782157));
#3430 = CARTESIAN_POINT('',(227.4748005058,300.09055714825,
    340.13583483778));
#3431 = CARTESIAN_POINT('',(227.49523310091,300.10991581045,
    340.1279962144));
#3432 = CARTESIAN_POINT('',(227.51576321564,300.12927386902,
    340.12041325332));
#3433 = CARTESIAN_POINT('',(227.53638780262,300.14863071669,
    340.11308714198));
#3434 = CARTESIAN_POINT('',(227.55710426606,300.16798536358,
    340.106018915));
#3435 = CARTESIAN_POINT('',(227.58837856979,300.19707193825,
    340.09578348384));
#3436 = CARTESIAN_POINT('',(227.59886923992,300.2068066546,
    340.09242304281));
#3437 = CARTESIAN_POINT('',(227.60938251032,300.21654016236,
    340.08912818108));
#3438 = CARTESIAN_POINT('',(227.61991819476,300.22627221614,
    340.08589898956));
#3439 = CARTESIAN_POINT('',(227.63047620267,300.23600249063,
    340.0827355362));
#3440 = CARTESIAN_POINT('',(227.64105666767,300.24573047634,
    340.07963784033));
#3441 = CARTESIAN_POINT('',(227.65166007614,300.25545537533,
    340.07660584704));
#3442 = CARTESIAN_POINT('',(227.67385995069,300.27576120862,
    340.07040910881));
#3443 = CARTESIAN_POINT('',(227.68546058218,300.28634049701,
    340.06725664726));
#3444 = CARTESIAN_POINT('',(227.69708902045,300.29691464353,
    340.06418205659));
#3445 = CARTESIAN_POINT('',(227.70875591931,300.30747467758,
    340.06118324689));
#3446 = CARTESIAN_POINT('',(227.72044773429,300.31803169465,
    340.05826295818));
#3447 = CARTESIAN_POINT('',(227.73220138851,300.32855403254,
    340.05541389516));
#3448 = CARTESIAN_POINT('',(227.74399303559,300.33906031515,
    340.05264085548));
#3449 = CARTESIAN_POINT('',(227.76116999605,300.35401424401,
    340.04872937267));
#3450 = CARTESIAN_POINT('',(227.76491911423,300.35721989384,
    340.04787437622));
#3451 = CARTESIAN_POINT('',(227.76875796749,300.36051768437,
    340.04701766511));
#3452 = CARTESIAN_POINT('',(227.77360241143,300.36467342267,
    340.04596204529));
#3453 = CARTESIAN_POINT('',(227.77970789641,300.3697741819,
    340.04465209098));
#3454 = CARTESIAN_POINT('',(227.78666946758,300.37522830132,
    340.04317414473));
#3455 = CARTESIAN_POINT('',(227.79342176489,300.37976538629,
    340.04175631738));
#3456 = CARTESIAN_POINT('',(227.80109657269,300.38242748257,
    340.04018251752));
#3457 = CARTESIAN_POINT('',(227.80286597648,300.3824360971,
    340.03982421593));
#3458 = CARTESIAN_POINT('',(227.80449720088,300.38223059155,
    340.03949445897));
#3459 = CARTESIAN_POINT('',(227.80613845933,300.3816183303,
    340.03916346016));
#3460 = CARTESIAN_POINT('',(227.80768233346,300.3803160187,
    340.03885424187));
#3461 = CARTESIAN_POINT('',(227.80905399432,300.37840933062,
    340.03858142409));
#3462 = CARTESIAN_POINT('',(227.81024152346,300.37640174728,
    340.03834533098));
#3463 = CARTESIAN_POINT('',(227.81194475251,300.37321052063,
    340.03800766484));
#3464 = CARTESIAN_POINT('',(227.81272136642,300.37152950354,
    340.03785416297));
#3465 = CARTESIAN_POINT('',(227.8134386538,300.36982721463,
    340.03771271346));
#3466 = CARTESIAN_POINT('',(227.81411381505,300.36811189671,
    340.03757984216));
#3467 = CARTESIAN_POINT('',(227.81475496214,300.36638753782,
    340.037453916));
#3468 = CARTESIAN_POINT('',(227.81536900421,300.36465664619,
    340.03733354325));
#3469 = CARTESIAN_POINT('',(227.81596322942,300.36292063927,
    340.03721725478));
#3470 = CARTESIAN_POINT('',(227.8181538393,300.3563080944,
    340.03678931047));
#3471 = CARTESIAN_POINT('',(227.81963275788,300.35140409746,
    340.03650196723));
#3472 = CARTESIAN_POINT('',(227.82105523458,300.34648614367,
    340.03622678484));
#3473 = CARTESIAN_POINT('',(227.82243467801,300.34155850414,
    340.03596108813));
#3474 = CARTESIAN_POINT('',(227.82378242832,300.33662446675,
    340.0357026059));
#3475 = CARTESIAN_POINT('',(227.82511088509,300.33168692697,
    340.03544884892));
#3476 = CARTESIAN_POINT('',(227.82642110821,300.32674532589,
    340.03519961429));
#3477 = CARTESIAN_POINT('',(227.8288694453,300.31741348636,
    340.03473577267));
#3478 = CARTESIAN_POINT('',(227.83000981192,300.3130250133,
    340.03452052575));
#3479 = CARTESIAN_POINT('',(227.8311421056,300.30863481683,
    340.03430758134));
#3480 = CARTESIAN_POINT('',(227.83226799377,300.3042432598,
    340.03409660635));
#3481 = CARTESIAN_POINT('',(227.83338862824,300.29985059194,
    340.0338873708));
#3482 = CARTESIAN_POINT('',(227.83450481278,300.29545698497,
    340.03367971431));
#3483 = CARTESIAN_POINT('',(227.83561717069,300.29106256779,
    340.03347351254));
#3484 = CARTESIAN_POINT('',(227.83844412548,300.27986042322,
    340.03295134753));
#3485 = CARTESIAN_POINT('',(227.84015418969,300.27305174129,
    340.03263725545));
#3486 = CARTESIAN_POINT('',(227.84185838013,300.26624180519,
    340.03232599345));
#3487 = CARTESIAN_POINT('',(227.8435580112,300.25943088809,
    340.03201729948));
#3488 = CARTESIAN_POINT('',(227.8452539763,300.25261917553,
    340.03171099551));
#3489 = CARTESIAN_POINT('',(227.84694688754,300.24580679385,
    340.03140695969));
#3490 = CARTESIAN_POINT('',(227.84863721544,300.23899383869,
    340.03110509839));
#3491 = CARTESIAN_POINT('',(227.85942530654,300.1954543369,
    340.02918943146));
#3492 = CARTESIAN_POINT('',(227.8684639716,300.15871446147,
    340.0276339693));
#3493 = CARTESIAN_POINT('',(227.87749817627,300.12197229352,
    340.02612764866));
#3494 = CARTESIAN_POINT('',(227.88652637241,300.08522765281,
    340.02467081575));
#3495 = CARTESIAN_POINT('',(227.89555305018,300.04848155752,
    340.02326261939));
#3496 = CARTESIAN_POINT('',(227.90458696333,300.01173585903,
    340.021901367));
#3497 = CARTESIAN_POINT('',(227.91362443834,299.97498989291,
    340.0205878537));
#3498 = CARTESIAN_POINT('',(227.93318335231,299.89552730652,
    340.01784924986));
#3499 = CARTESIAN_POINT('',(227.94370676679,299.85281082208,
    340.01644081677));
#3500 = CARTESIAN_POINT('',(227.95424088058,299.81009546654,
    340.01509593446));
#3501 = CARTESIAN_POINT('',(227.96478678992,299.76738162386,
    340.01381451284));
#3502 = CARTESIAN_POINT('',(227.97534518272,299.7246695989,
    340.01259656024));
#3503 = CARTESIAN_POINT('',(227.98591650635,299.68195965088,
    340.01144215045));
#3504 = CARTESIAN_POINT('',(227.99650113523,299.63925202696,
    340.01035138958));
#3505 = CARTESIAN_POINT('',(228.00709953859,299.59654699576,
    340.00932438303));
#3506 = PCURVE('',#31,#3507);
#3507 = DEFINITIONAL_REPRESENTATION('',(#3508),#3602);
#3508 = B_SPLINE_CURVE_WITH_KNOTS('',8,(#3509,#3510,#3511,#3512,#3513,
    #3514,#3515,#3516,#3517,#3518,#3519,#3520,#3521,#3522,#3523,#3524,
    #3525,#3526,#3527,#3528,#3529,#3530,#3531,#3532,#3533,#3534,#3535,
    #3536,#3537,#3538,#3539,#3540,#3541,#3542,#3543,#3544,#3545,#3546,
    #3547,#3548,#3549,#3550,#3551,#3552,#3553,#3554,#3555,#3556,#3557,
    #3558,#3559,#3560,#3561,#3562,#3563,#3564,#3565,#3566,#3567,#3568,
    #3569,#3570,#3571,#3572,#3573,#3574,#3575,#3576,#3577,#3578,#3579,
    #3580,#3581,#3582,#3583,#3584,#3585,#3586,#3587,#3588,#3589,#3590,
    #3591,#3592,#3593,#3594,#3595,#3596,#3597,#3598,#3599,#3600,#3601),
  .UNSPECIFIED.,.F.,.F.,(9,7,7,7,7,7,7,7,7,7,7,7,7,9),(0.,0.262327105774
    ,0.540765588829,0.583612208596,0.605168802664,0.628642724291,
    0.638934813388,0.645039978337,0.651511447077,0.669594179061,
    0.685631698484,0.710470236897,0.844355976379,1.),.UNSPECIFIED.);
#3509 = CARTESIAN_POINT('',(4.657898620232,62.096265210246));
#3510 = CARTESIAN_POINT('',(4.589578039414,62.211664428129));
#3511 = CARTESIAN_POINT('',(4.521431834139,62.327483825744));
#3512 = CARTESIAN_POINT('',(4.453446392972,62.443678404265));
#3513 = CARTESIAN_POINT('',(4.385607227182,62.560210847723));
#3514 = CARTESIAN_POINT('',(4.317899838346,62.677048959067));
#3515 = CARTESIAN_POINT('',(4.250310585959,62.794163096215));
#3516 = CARTESIAN_POINT('',(4.182827555041,62.911523608114));
#3517 = CARTESIAN_POINT('',(4.043916629826,63.153894031511));
#3518 = CARTESIAN_POINT('',(3.972496942579,63.278937541933));
#3519 = CARTESIAN_POINT('',(3.901172149273,63.40419211124));
#3520 = CARTESIAN_POINT('',(3.829924378028,63.529619640218));
#3521 = CARTESIAN_POINT('',(3.758746388753,63.65520450377));
#3522 = CARTESIAN_POINT('',(3.687609016516,63.780895213269));
#3523 = CARTESIAN_POINT('',(3.616512320512,63.906681036542));
#3524 = CARTESIAN_POINT('',(3.534478636665,64.051839453679));
#3525 = CARTESIAN_POINT('',(3.523538633742,64.071198261205));
#3526 = CARTESIAN_POINT('',(3.512598427386,64.090557148258));
#3527 = CARTESIAN_POINT('',(3.501657846107,64.109915810454));
#3528 = CARTESIAN_POINT('',(3.490716672247,64.129273869024));
#3529 = CARTESIAN_POINT('',(3.479774544904,64.148630716698));
#3530 = CARTESIAN_POINT('',(3.468830862848,64.167985363586));
#3531 = CARTESIAN_POINT('',(3.452377549161,64.197071938252));
#3532 = CARTESIAN_POINT('',(3.446869783849,64.206806654603));
#3533 = CARTESIAN_POINT('',(3.441361223317,64.216540162366));
#3534 = CARTESIAN_POINT('',(3.435851715573,64.226272216146));
#3535 = CARTESIAN_POINT('',(3.430341059287,64.236002490633));
#3536 = CARTESIAN_POINT('',(3.42482893826,64.245730476342));
#3537 = CARTESIAN_POINT('',(3.419314855891,64.255455375339));
#3538 = CARTESIAN_POINT('',(3.40779059892,64.275761208621));
#3539 = CARTESIAN_POINT('',(3.401780069046,64.286340497016));
#3540 = CARTESIAN_POINT('',(3.395766288218,64.296914643535));
#3541 = CARTESIAN_POINT('',(3.389743501373,64.307474677586));
#3542 = CARTESIAN_POINT('',(3.383718291228,64.318031694651));
#3543 = CARTESIAN_POINT('',(3.377671512734,64.328554032544));
#3544 = CARTESIAN_POINT('',(3.371615000675,64.33906031515));
#3545 = CARTESIAN_POINT('',(3.362806657065,64.354014244014));
#3546 = CARTESIAN_POINT('',(3.360884029807,64.357219893843));
#3547 = CARTESIAN_POINT('',(3.358917426162,64.360517684376));
#3548 = CARTESIAN_POINT('',(3.356438389017,64.364673422676));
#3549 = CARTESIAN_POINT('',(3.353316190929,64.369774181906));
#3550 = CARTESIAN_POINT('',(3.349757834134,64.375228301325));
#3551 = CARTESIAN_POINT('',(3.34630805054,64.379765386294));
#3552 = CARTESIAN_POINT('',(3.342390796376,64.382427482574));
#3553 = CARTESIAN_POINT('',(3.341488140058,64.382436097102));
#3554 = CARTESIAN_POINT('',(3.340656030126,64.382230591552));
#3555 = CARTESIAN_POINT('',(3.339818878239,64.381618330305));
#3556 = CARTESIAN_POINT('',(3.339031610895,64.380316018706));
#3557 = CARTESIAN_POINT('',(3.338332348404,64.378409330623));
#3558 = CARTESIAN_POINT('',(3.337726962298,64.376401747283));
#3559 = CARTESIAN_POINT('',(3.336858773434,64.373210520634));
#3560 = CARTESIAN_POINT('',(3.336462954094,64.371529503541));
#3561 = CARTESIAN_POINT('',(3.336097403492,64.369827214633));
#3562 = CARTESIAN_POINT('',(3.335753347766,64.368111896717));
#3563 = CARTESIAN_POINT('',(3.335426649554,64.366387537825));
#3564 = CARTESIAN_POINT('',(3.335113784903,64.364656646195));
#3565 = CARTESIAN_POINT('',(3.334811036416,64.362920639276));
#3566 = CARTESIAN_POINT('',(3.333695027009,64.356308094407));
#3567 = CARTESIAN_POINT('',(3.332941740221,64.351404097465));
#3568 = CARTESIAN_POINT('',(3.332217315792,64.346486143672));
#3569 = CARTESIAN_POINT('',(3.33151491696,64.341558504147));
#3570 = CARTESIAN_POINT('',(3.330828760726,64.336624466754));
#3571 = CARTESIAN_POINT('',(3.330152523268,64.331686926978));
#3572 = CARTESIAN_POINT('',(3.329485664679,64.326745325893));
#3573 = CARTESIAN_POINT('',(3.328239720907,64.317413486369));
#3574 = CARTESIAN_POINT('',(3.327659469524,64.313025013309));
#3575 = CARTESIAN_POINT('',(3.327083398065,64.30863481683));
#3576 = CARTESIAN_POINT('',(3.326510656087,64.304243259805));
#3577 = CARTESIAN_POINT('',(3.325940656077,64.299850591945));
#3578 = CARTESIAN_POINT('',(3.325372987986,64.29545698497));
#3579 = CARTESIAN_POINT('',(3.324807333773,64.291062567792));
#3580 = CARTESIAN_POINT('',(3.323369946415,64.279860423225));
#3581 = CARTESIAN_POINT('',(3.32250061184,64.273051741293));
#3582 = CARTESIAN_POINT('',(3.321634421307,64.266241805191));
#3583 = CARTESIAN_POINT('',(3.320770703772,64.259430888095));
#3584 = CARTESIAN_POINT('',(3.319909002837,64.252619175534));
#3585 = CARTESIAN_POINT('',(3.319049005522,64.245806793855));
#3586 = CARTESIAN_POINT('',(3.318190471043,64.238993838699));
#3587 = CARTESIAN_POINT('',(3.312712043135,64.195454336909));
#3588 = CARTESIAN_POINT('',(3.30812634385,64.158714461476));
#3589 = CARTESIAN_POINT('',(3.303546986553,64.121972293529));
#3590 = CARTESIAN_POINT('',(3.298974620307,64.085227652811));
#3591 = CARTESIAN_POINT('',(3.294406815879,64.048481557524));
#3592 = CARTESIAN_POINT('',(3.289838970649,64.01173585903));
#3593 = CARTESIAN_POINT('',(3.285272818274,63.974989892919));
#3594 = CARTESIAN_POINT('',(3.275397963,63.895527306525));
#3595 = CARTESIAN_POINT('',(3.27008943709,63.852810822086));
#3596 = CARTESIAN_POINT('',(3.264779791514,63.81009546654));
#3597 = CARTESIAN_POINT('',(3.259468249064,63.767381623865));
#3598 = CARTESIAN_POINT('',(3.254154240761,63.7246695989));
#3599 = CARTESIAN_POINT('',(3.248837320132,63.68195965088));
#3600 = CARTESIAN_POINT('',(3.243517077488,63.639252026962));
#3601 = CARTESIAN_POINT('',(3.238193054193,63.596546995762));
#3602 = ( GEOMETRIC_REPRESENTATION_CONTEXT(2) 
PARAMETRIC_REPRESENTATION_CONTEXT() REPRESENTATION_CONTEXT('2D SPACE',''
  ) );
#3603 = PCURVE('',#589,#3604);
#3604 = DEFINITIONAL_REPRESENTATION('',(#3605),#3699);
#3605 = B_SPLINE_CURVE_WITH_KNOTS('',8,(#3606,#3607,#3608,#3609,#3610,
    #3611,#3612,#3613,#3614,#3615,#3616,#3617,#3618,#3619,#3620,#3621,
    #3622,#3623,#3624,#3625,#3626,#3627,#3628,#3629,#3630,#3631,#3632,
    #3633,#3634,#3635,#3636,#3637,#3638,#3639,#3640,#3641,#3642,#3643,
    #3644,#3645,#3646,#3647,#3648,#3649,#3650,#3651,#3652,#3653,#3654,
    #3655,#3656,#3657,#3658,#3659,#3660,#3661,#3662,#3663,#3664,#3665,
    #3666,#3667,#3668,#3669,#3670,#3671,#3672,#3673,#3674,#3675,#3676,
    #3677,#3678,#3679,#3680,#3681,#3682,#3683,#3684,#3685,#3686,#3687,
    #3688,#3689,#3690,#3691,#3692,#3693,#3694,#3695,#3696,#3697,#3698),
  .UNSPECIFIED.,.F.,.F.,(9,7,7,7,7,7,7,7,7,7,7,7,7,9),(0.,0.262327105774
    ,0.540765588829,0.583612208596,0.605168802664,0.628642724291,
    0.638934813388,0.645039978337,0.651511447077,0.669594179061,
    0.685631698484,0.710470236897,0.844355976379,1.),.UNSPECIFIED.);
#3606 = CARTESIAN_POINT('',(1.6,60.798910522209));
#3607 = CARTESIAN_POINT('',(1.555729297216,60.958696857423));
#3608 = CARTESIAN_POINT('',(1.512104800523,61.118438498941));
#3609 = CARTESIAN_POINT('',(1.46906871802,61.278132645505));
#3610 = CARTESIAN_POINT('',(1.42656535633,61.437781639838));
#3611 = CARTESIAN_POINT('',(1.384541470432,61.597390297619));
#3612 = CARTESIAN_POINT('',(1.342946613497,61.756963236463));
#3613 = CARTESIAN_POINT('',(1.301733486724,61.916502204893));
#3614 = CARTESIAN_POINT('',(1.217472654398,62.245300723669));
#3615 = CARTESIAN_POINT('',(1.174465843685,62.414564904236));
#3616 = CARTESIAN_POINT('',(1.13178323214,62.583791050974));
#3617 = CARTESIAN_POINT('',(1.089383568037,62.752985727541));
#3618 = CARTESIAN_POINT('',(1.047199796848,62.922149600743));
#3619 = CARTESIAN_POINT('',(1.005220906894,63.091302529956));
#3620 = CARTESIAN_POINT('',(0.96337452982,63.260438785886));
#3621 = CARTESIAN_POINT('',(0.915272818145,63.455607907567));
#3622 = CARTESIAN_POINT('',(0.908861685751,63.481635946264));
#3623 = CARTESIAN_POINT('',(0.902454530167,63.507664418102));
#3624 = CARTESIAN_POINT('',(0.896051492382,63.533693452072));
#3625 = CARTESIAN_POINT('',(0.889652823917,63.55972321565));
#3626 = CARTESIAN_POINT('',(0.883259115533,63.585753996169));
#3627 = CARTESIAN_POINT('',(0.876871525946,63.611786282179));
#3628 = CARTESIAN_POINT('',(0.867282407899,63.650919112586));
#3629 = CARTESIAN_POINT('',(0.864074840979,63.664017952341));
#3630 = CARTESIAN_POINT('',(0.860869671805,63.677117503983));
#3631 = CARTESIAN_POINT('',(0.857667225443,63.690217893197));
#3632 = CARTESIAN_POINT('',(0.854467944666,63.703319286332));
#3633 = CARTESIAN_POINT('',(0.851272544604,63.716421945278));
#3634 = CARTESIAN_POINT('',(0.848082167402,63.729526282335));
#3635 = CARTESIAN_POINT('',(0.841431741844,63.756905302897));
#3636 = CARTESIAN_POINT('',(0.837973550437,63.771179791875));
#3637 = CARTESIAN_POINT('',(0.834523416114,63.785457041126));
#3638 = CARTESIAN_POINT('',(0.83109471087,63.799741955589));
#3639 = CARTESIAN_POINT('',(0.827671307048,63.81402930782));
#3640 = CARTESIAN_POINT('',(0.824299392943,63.828334579727));
#3641 = CARTESIAN_POINT('',(0.820951170809,63.842647765569));
#3642 = CARTESIAN_POINT('',(0.816367415135,63.863314756678));
#3643 = CARTESIAN_POINT('',(0.81541805346,63.867799019739));
#3644 = CARTESIAN_POINT('',(0.814430528356,63.872394490241));
#3645 = CARTESIAN_POINT('',(0.813186904331,63.878186779852));
#3646 = CARTESIAN_POINT('',(0.811737269255,63.885420740694));
#3647 = CARTESIAN_POINT('',(0.810399734366,63.893500465347));
#3648 = CARTESIAN_POINT('',(0.809760434266,63.900989286849));
#3649 = CARTESIAN_POINT('',(0.811215164411,63.908350608525));
#3650 = CARTESIAN_POINT('',(0.812080094851,63.909769401194));
#3651 = CARTESIAN_POINT('',(0.81306436992,63.910979381211));
#3652 = CARTESIAN_POINT('',(0.814409766329,63.912010647852));
#3653 = CARTESIAN_POINT('',(0.816311311929,63.912647134534));
#3654 = CARTESIAN_POINT('',(0.818657124953,63.912868395449));
#3655 = CARTESIAN_POINT('',(0.821000566364,63.912896219434));
#3656 = CARTESIAN_POINT('',(0.824634690881,63.912792913887));
#3657 = CARTESIAN_POINT('',(0.826489556547,63.912642083798));
#3658 = CARTESIAN_POINT('',(0.828333795721,63.912434048967));
#3659 = CARTESIAN_POINT('',(0.830168669608,63.912186343309));
#3660 = CARTESIAN_POINT('',(0.831994684388,63.911907281353));
#3661 = CARTESIAN_POINT('',(0.833813049385,63.91160353724));
#3662 = CARTESIAN_POINT('',(0.83562611624,63.911281587856));
#3663 = CARTESIAN_POINT('',(0.84249625223,63.909996986107));
#3664 = CARTESIAN_POINT('',(0.847519399463,63.908927715567));
#3665 = CARTESIAN_POINT('',(0.852526869964,63.907806781287));
#3666 = CARTESIAN_POINT('',(0.857521530667,63.906646855773));
#3667 = CARTESIAN_POINT('',(0.862506091133,63.905458508749));
#3668 = CARTESIAN_POINT('',(0.867484127323,63.904252977624));
#3669 = CARTESIAN_POINT('',(0.872456650128,63.90303084908));
#3670 = CARTESIAN_POINT('',(0.881833951235,63.900701929328));
#3671 = CARTESIAN_POINT('',(0.886238311779,63.899597783871));
#3672 = CARTESIAN_POINT('',(0.890640136836,63.898486265006));
#3673 = CARTESIAN_POINT('',(0.89503993026,63.897368870029));
#3674 = CARTESIAN_POINT('',(0.899438040881,63.8962466322));
#3675 = CARTESIAN_POINT('',(0.903834714299,63.89512027083));
#3676 = CARTESIAN_POINT('',(0.908230144679,63.893990341381));
#3677 = CARTESIAN_POINT('',(0.91943044333,63.891102689813));
#3678 = CARTESIAN_POINT('',(0.926233820247,63.889340711496));
#3679 = CARTESIAN_POINT('',(0.933035239996,63.887573120951));
#3680 = CARTESIAN_POINT('',(0.939835110668,63.885801087175));
#3681 = CARTESIAN_POINT('',(0.946633709653,63.884025402516));
#3682 = CARTESIAN_POINT('',(0.953431227544,63.882246607367));
#3683 = CARTESIAN_POINT('',(0.960227812052,63.880465114869));
#3684 = CARTESIAN_POINT('',(1.003654619505,63.869066333253));
#3685 = CARTESIAN_POINT('',(1.040262820429,63.859385137756));
#3686 = CARTESIAN_POINT('',(1.076866033819,63.849687328966));
#3687 = CARTESIAN_POINT('',(1.113463592224,63.839970526637));
#3688 = CARTESIAN_POINT('',(1.150056753369,63.830237720532));
#3689 = CARTESIAN_POINT('',(1.18664814528,63.820495682929));
#3690 = CARTESIAN_POINT('',(1.223236474044,63.810740092364));
#3691 = CARTESIAN_POINT('',(1.302354744449,63.789618614402));
#3692 = CARTESIAN_POINT('',(1.344883741513,63.778248264716));
#3693 = CARTESIAN_POINT('',(1.387409998979,63.766861798976));
#3694 = CARTESIAN_POINT('',(1.429933613755,63.755458538335));
#3695 = CARTESIAN_POINT('',(1.472454548483,63.744037420654));
#3696 = CARTESIAN_POINT('',(1.514972684643,63.732597146694));
#3697 = CARTESIAN_POINT('',(1.557487875659,63.721136326308));
#3698 = CARTESIAN_POINT('',(1.6,63.709653624646));
#3699 = ( GEOMETRIC_REPRESENTATION_CONTEXT(2) 
PARAMETRIC_REPRESENTATION_CONTEXT() REPRESENTATION_CONTEXT('2D SPACE',''
  ) );
#3700 = FACE_BOUND('',#3701,.T.);
#3701 = EDGE_LOOP('',(#3702,#3733,#3759,#3788));
#3702 = ORIENTED_EDGE('',*,*,#3703,.F.);
#3703 = EDGE_CURVE('',#3704,#3706,#3708,.T.);
#3704 = VERTEX_POINT('',#3705);
#3705 = CARTESIAN_POINT('',(230.1364916731,352.1,342.5));
#3706 = VERTEX_POINT('',#3707);
#3707 = CARTESIAN_POINT('',(230.1364916731,352.1,341.5));
#3708 = SURFACE_CURVE('',#3709,(#3714,#3721),.PCURVE_S1.);
#3709 = CIRCLE('',#3710,2.);
#3710 = AXIS2_PLACEMENT_3D('',#3711,#3712,#3713);
#3711 = CARTESIAN_POINT('',(228.2,352.1,342.));
#3712 = DIRECTION('',(0.,1.,0.));
#3713 = DIRECTION('',(0.,-0.,1.));
#3714 = PCURVE('',#31,#3715);
#3715 = DEFINITIONAL_REPRESENTATION('',(#3716),#3720);
#3716 = LINE('',#3717,#3718);
#3717 = CARTESIAN_POINT('',(0.,116.1));
#3718 = VECTOR('',#3719,1.);
#3719 = DIRECTION('',(1.,0.));
#3720 = ( GEOMETRIC_REPRESENTATION_CONTEXT(2) 
PARAMETRIC_REPRESENTATION_CONTEXT() REPRESENTATION_CONTEXT('2D SPACE',''
  ) );
#3721 = PCURVE('',#3722,#3727);
#3722 = PLANE('',#3723);
#3723 = AXIS2_PLACEMENT_3D('',#3724,#3725,#3726);
#3724 = CARTESIAN_POINT('',(230.1,352.1,341.5));
#3725 = DIRECTION('',(-0.,1.,0.));
#3726 = DIRECTION('',(0.,0.,1.));
#3727 = DEFINITIONAL_REPRESENTATION('',(#3728),#3732);
#3728 = CIRCLE('',#3729,2.);
#3729 = AXIS2_PLACEMENT_2D('',#3730,#3731);
#3730 = CARTESIAN_POINT('',(0.5,-1.9));
#3731 = DIRECTION('',(1.,0.));
#3732 = ( GEOMETRIC_REPRESENTATION_CONTEXT(2) 
PARAMETRIC_REPRESENTATION_CONTEXT() REPRESENTATION_CONTEXT('2D SPACE',''
  ) );
#3733 = ORIENTED_EDGE('',*,*,#3734,.T.);
#3734 = EDGE_CURVE('',#3704,#3735,#3737,.T.);
#3735 = VERTEX_POINT('',#3736);
#3736 = CARTESIAN_POINT('',(230.1364916731,358.1,342.5));
#3737 = SURFACE_CURVE('',#3738,(#3742,#3748),.PCURVE_S1.);
#3738 = LINE('',#3739,#3740);
#3739 = CARTESIAN_POINT('',(230.1364916731,236.,342.5));
#3740 = VECTOR('',#3741,1.);
#3741 = DIRECTION('',(0.,1.,0.));
#3742 = PCURVE('',#31,#3743);
#3743 = DEFINITIONAL_REPRESENTATION('',(#3744),#3747);
#3744 = B_SPLINE_CURVE_WITH_KNOTS('',1,(#3745,#3746),.UNSPECIFIED.,.F.,
  .F.,(2,2),(115.5,122.7),.PIECEWISE_BEZIER_KNOTS.);
#3745 = CARTESIAN_POINT('',(1.318116071653,115.5));
#3746 = CARTESIAN_POINT('',(1.318116071653,122.7));
#3747 = ( GEOMETRIC_REPRESENTATION_CONTEXT(2) 
PARAMETRIC_REPRESENTATION_CONTEXT() REPRESENTATION_CONTEXT('2D SPACE',''
  ) );
#3748 = PCURVE('',#3749,#3754);
#3749 = PLANE('',#3750);
#3750 = AXIS2_PLACEMENT_3D('',#3751,#3752,#3753);
#3751 = CARTESIAN_POINT('',(230.1,352.1,342.5));
#3752 = DIRECTION('',(0.,0.,1.));
#3753 = DIRECTION('',(1.,0.,-0.));
#3754 = DEFINITIONAL_REPRESENTATION('',(#3755),#3758);
#3755 = B_SPLINE_CURVE_WITH_KNOTS('',1,(#3756,#3757),.UNSPECIFIED.,.F.,
  .F.,(2,2),(115.5,122.7),.PIECEWISE_BEZIER_KNOTS.);
#3756 = CARTESIAN_POINT('',(3.649167310371E-02,-0.6));
#3757 = CARTESIAN_POINT('',(3.649167310371E-02,6.6));
#3758 = ( GEOMETRIC_REPRESENTATION_CONTEXT(2) 
PARAMETRIC_REPRESENTATION_CONTEXT() REPRESENTATION_CONTEXT('2D SPACE',''
  ) );
#3759 = ORIENTED_EDGE('',*,*,#3760,.T.);
#3760 = EDGE_CURVE('',#3735,#3761,#3763,.T.);
#3761 = VERTEX_POINT('',#3762);
#3762 = CARTESIAN_POINT('',(230.1364916731,358.1,341.5));
#3763 = SURFACE_CURVE('',#3764,(#3769,#3776),.PCURVE_S1.);
#3764 = CIRCLE('',#3765,2.);
#3765 = AXIS2_PLACEMENT_3D('',#3766,#3767,#3768);
#3766 = CARTESIAN_POINT('',(228.2,358.1,342.));
#3767 = DIRECTION('',(0.,1.,0.));
#3768 = DIRECTION('',(0.,-0.,1.));
#3769 = PCURVE('',#31,#3770);
#3770 = DEFINITIONAL_REPRESENTATION('',(#3771),#3775);
#3771 = LINE('',#3772,#3773);
#3772 = CARTESIAN_POINT('',(0.,122.1));
#3773 = VECTOR('',#3774,1.);
#3774 = DIRECTION('',(1.,0.));
#3775 = ( GEOMETRIC_REPRESENTATION_CONTEXT(2) 
PARAMETRIC_REPRESENTATION_CONTEXT() REPRESENTATION_CONTEXT('2D SPACE',''
  ) );
#3776 = PCURVE('',#3777,#3782);
#3777 = PLANE('',#3778);
#3778 = AXIS2_PLACEMENT_3D('',#3779,#3780,#3781);
#3779 = CARTESIAN_POINT('',(230.1,358.1,341.5));
#3780 = DIRECTION('',(-0.,1.,0.));
#3781 = DIRECTION('',(0.,0.,1.));
#3782 = DEFINITIONAL_REPRESENTATION('',(#3783),#3787);
#3783 = CIRCLE('',#3784,2.);
#3784 = AXIS2_PLACEMENT_2D('',#3785,#3786);
#3785 = CARTESIAN_POINT('',(0.5,-1.9));
#3786 = DIRECTION('',(1.,0.));
#3787 = ( GEOMETRIC_REPRESENTATION_CONTEXT(2) 
PARAMETRIC_REPRESENTATION_CONTEXT() REPRESENTATION_CONTEXT('2D SPACE',''
  ) );
#3788 = ORIENTED_EDGE('',*,*,#3789,.F.);
#3789 = EDGE_CURVE('',#3706,#3761,#3790,.T.);
#3790 = SURFACE_CURVE('',#3791,(#3795,#3801),.PCURVE_S1.);
#3791 = LINE('',#3792,#3793);
#3792 = CARTESIAN_POINT('',(230.1364916731,236.,341.5));
#3793 = VECTOR('',#3794,1.);
#3794 = DIRECTION('',(0.,1.,0.));
#3795 = PCURVE('',#31,#3796);
#3796 = DEFINITIONAL_REPRESENTATION('',(#3797),#3800);
#3797 = B_SPLINE_CURVE_WITH_KNOTS('',1,(#3798,#3799),.UNSPECIFIED.,.F.,
  .F.,(2,2),(115.5,122.7),.PIECEWISE_BEZIER_KNOTS.);
#3798 = CARTESIAN_POINT('',(1.823476581937,115.5));
#3799 = CARTESIAN_POINT('',(1.823476581937,122.7));
#3800 = ( GEOMETRIC_REPRESENTATION_CONTEXT(2) 
PARAMETRIC_REPRESENTATION_CONTEXT() REPRESENTATION_CONTEXT('2D SPACE',''
  ) );
#3801 = PCURVE('',#3802,#3807);
#3802 = PLANE('',#3803);
#3803 = AXIS2_PLACEMENT_3D('',#3804,#3805,#3806);
#3804 = CARTESIAN_POINT('',(230.1,352.1,341.5));
#3805 = DIRECTION('',(0.,0.,1.));
#3806 = DIRECTION('',(1.,0.,-0.));
#3807 = DEFINITIONAL_REPRESENTATION('',(#3808),#3811);
#3808 = B_SPLINE_CURVE_WITH_KNOTS('',1,(#3809,#3810),.UNSPECIFIED.,.F.,
  .F.,(2,2),(115.5,122.7),.PIECEWISE_BEZIER_KNOTS.);
#3809 = CARTESIAN_POINT('',(3.649167310371E-02,-0.6));
#3810 = CARTESIAN_POINT('',(3.649167310371E-02,6.6));
#3811 = ( GEOMETRIC_REPRESENTATION_CONTEXT(2) 
PARAMETRIC_REPRESENTATION_CONTEXT() REPRESENTATION_CONTEXT('2D SPACE',''
  ) );
#3812 = FACE_BOUND('',#3813,.T.);
#3813 = EDGE_LOOP('',(#3814,#3920));
#3814 = ORIENTED_EDGE('',*,*,#3815,.F.);
#3815 = EDGE_CURVE('',#3816,#3818,#3820,.T.);
#3816 = VERTEX_POINT('',#3817);
#3817 = CARTESIAN_POINT('',(227.61698605307,301.20406873254,
    340.08686259309));
#3818 = VERTEX_POINT('',#3819);
#3819 = CARTESIAN_POINT('',(230.00341051951,302.70390278674,
    341.13529745108));
#3820 = SURFACE_CURVE('',#3821,(#3852,#3886),.PCURVE_S1.);
#3821 = B_SPLINE_CURVE_WITH_KNOTS('',8,(#3822,#3823,#3824,#3825,#3826,
    #3827,#3828,#3829,#3830,#3831,#3832,#3833,#3834,#3835,#3836,#3837,
    #3838,#3839,#3840,#3841,#3842,#3843,#3844,#3845,#3846,#3847,#3848,
    #3849,#3850,#3851),.UNSPECIFIED.,.F.,.F.,(9,7,7,7,9),(0.,
    0.241935120546,0.563567296789,0.837209151525,1.),.UNSPECIFIED.);
#3822 = CARTESIAN_POINT('',(227.61698605307,301.20406873254,
    340.08686259309));
#3823 = CARTESIAN_POINT('',(227.69792902237,301.25071765569,
    340.0621958442));
#3824 = CARTESIAN_POINT('',(227.77990440964,301.29768345313,340.04149175
    ));
#3825 = CARTESIAN_POINT('',(227.86271077308,301.34491831218,
    340.024782193));
#3826 = CARTESIAN_POINT('',(227.94614718027,301.39237643486,
    340.01209056208));
#3827 = CARTESIAN_POINT('',(228.03001351456,301.44001347221,
    340.00343204746));
#3828 = CARTESIAN_POINT('',(228.11411078148,301.4877859585,
    339.99881393568));
#3829 = CARTESIAN_POINT('',(228.19824141503,301.53565074548,
    339.99823590456));
#3830 = CARTESIAN_POINT('',(228.39383812692,301.64726161609,
    340.00628266753));
#3831 = CARTESIAN_POINT('',(228.50517470695,301.71104446522,
    340.01800156486));
#3832 = CARTESIAN_POINT('',(228.6157674414,301.77480099872,
    340.0368291952));
#3833 = CARTESIAN_POINT('',(228.72514366557,301.83844582131,
    340.06272497408));
#3834 = CARTESIAN_POINT('',(228.83285667616,301.90185732261,
    340.09562654502));
#3835 = CARTESIAN_POINT('',(228.93843580963,301.96492822033,
    340.13544749572));
#3836 = CARTESIAN_POINT('',(229.04142873613,302.02752824322,
    340.18208071917));
#3837 = CARTESIAN_POINT('',(229.22641292776,302.14225508025,
    340.28076601598));
#3838 = CARTESIAN_POINT('',(229.30924056456,302.19454804146,
    340.33096900837));
#3839 = CARTESIAN_POINT('',(229.38958171108,302.2463089664,
    340.38593341083));
#3840 = CARTESIAN_POINT('',(229.46715101275,302.29743894532,
    340.44557038513));
#3841 = CARTESIAN_POINT('',(229.54165839863,302.34782522416,
    340.50977701257));
#3842 = CARTESIAN_POINT('',(229.61281030461,302.39733872246,
    340.5784360454));
#3843 = CARTESIAN_POINT('',(229.68031012145,302.4458301569,
    340.65141753441));
#3844 = CARTESIAN_POINT('',(229.78166272588,302.52126056221,
    340.7744880405));
#3845 = CARTESIAN_POINT('',(229.81806677786,302.54897122458,
    340.82187166161));
#3846 = CARTESIAN_POINT('',(229.85300677812,302.57621970552,
    340.87070340986));
#3847 = CARTESIAN_POINT('',(229.88641743782,302.60296462809,
    340.92095005606));
#3848 = CARTESIAN_POINT('',(229.91823180228,302.62915980763,
    340.97257487301));
#3849 = CARTESIAN_POINT('',(229.94838162862,302.65475376895,
    341.02553758052));
#3850 = CARTESIAN_POINT('',(229.97679776326,302.67968926353,
    341.07979429032));
#3851 = CARTESIAN_POINT('',(230.00341051951,302.70390278674,
    341.13529745108));
#3852 = PCURVE('',#31,#3853);
#3853 = DEFINITIONAL_REPRESENTATION('',(#3854),#3885);
#3854 = B_SPLINE_CURVE_WITH_KNOTS('',8,(#3855,#3856,#3857,#3858,#3859,
    #3860,#3861,#3862,#3863,#3864,#3865,#3866,#3867,#3868,#3869,#3870,
    #3871,#3872,#3873,#3874,#3875,#3876,#3877,#3878,#3879,#3880,#3881,
    #3882,#3883,#3884),.UNSPECIFIED.,.F.,.F.,(9,7,7,7,9),(0.,
    0.241935120546,0.563567296789,0.837209151525,1.),.UNSPECIFIED.);
#3855 = CARTESIAN_POINT('',(3.437394508909,65.204068732547));
#3856 = CARTESIAN_POINT('',(3.395085488659,65.250717655692));
#3857 = CARTESIAN_POINT('',(3.352860257154,65.297683453137));
#3858 = CARTESIAN_POINT('',(3.310704380794,65.344918312184));
#3859 = CARTESIAN_POINT('',(3.268603891441,65.392376434869));
#3860 = CARTESIAN_POINT('',(3.22654499258,65.440013472219));
#3861 = CARTESIAN_POINT('',(3.184513765484,65.487785958503));
#3862 = CARTESIAN_POINT('',(3.142495875374,65.535650745488));
#3863 = CARTESIAN_POINT('',(3.044614794341,65.647261616091));
#3864 = CARTESIAN_POINT('',(2.988752701684,65.711044465222));
#3865 = CARTESIAN_POINT('',(2.932850493694,65.774800998726));
#3866 = CARTESIAN_POINT('',(2.876879449597,65.838445821316));
#3867 = CARTESIAN_POINT('',(2.820797330516,65.901857322612));
#3868 = CARTESIAN_POINT('',(2.76457265449,65.964928220337));
#3869 = CARTESIAN_POINT('',(2.708162480777,66.027528243225));
#3870 = CARTESIAN_POINT('',(2.603331737484,66.142255080258));
#3871 = CARTESIAN_POINT('',(2.554977333737,66.194548041465));
#3872 = CARTESIAN_POINT('',(2.50642884126,66.246308966403));
#3873 = CARTESIAN_POINT('',(2.457657439254,66.297438945323));
#3874 = CARTESIAN_POINT('',(2.408634065751,66.347825224162));
#3875 = CARTESIAN_POINT('',(2.359327961261,66.397338722467));
#3876 = CARTESIAN_POINT('',(2.309704564869,66.445830156909));
#3877 = CARTESIAN_POINT('',(2.229988349621,66.521260562211));
#3878 = CARTESIAN_POINT('',(2.200128764865,66.548971224585));
#3879 = CARTESIAN_POINT('',(2.170135555774,66.576219705523));
#3880 = CARTESIAN_POINT('',(2.140000813289,66.602964628094));
#3881 = CARTESIAN_POINT('',(2.109716952537,66.629159807633));
#3882 = CARTESIAN_POINT('',(2.079276493322,66.65475376895));
#3883 = CARTESIAN_POINT('',(2.048671840623,66.679689263531));
#3884 = CARTESIAN_POINT('',(2.017895065088,66.703902786749));
#3885 = ( GEOMETRIC_REPRESENTATION_CONTEXT(2) 
PARAMETRIC_REPRESENTATION_CONTEXT() REPRESENTATION_CONTEXT('2D SPACE',''
  ) );
#3886 = PCURVE('',#166,#3887);
#3887 = DEFINITIONAL_REPRESENTATION('',(#3888),#3919);
#3888 = B_SPLINE_CURVE_WITH_KNOTS('',8,(#3889,#3890,#3891,#3892,#3893,
    #3894,#3895,#3896,#3897,#3898,#3899,#3900,#3901,#3902,#3903,#3904,
    #3905,#3906,#3907,#3908,#3909,#3910,#3911,#3912,#3913,#3914,#3915,
    #3916,#3917,#3918),.UNSPECIFIED.,.F.,.F.,(9,7,7,7,9),(0.,
    0.241935120546,0.563567296789,0.837209151525,1.),.UNSPECIFIED.);
#3889 = CARTESIAN_POINT('',(4.7,64.137874111771));
#3890 = CARTESIAN_POINT('',(4.684289020728,64.225339382179));
#3891 = CARTESIAN_POINT('',(4.669624947538,64.312855661607));
#3892 = CARTESIAN_POINT('',(4.655983682506,64.400419452194));
#3893 = CARTESIAN_POINT('',(4.643346300363,64.488027772926));
#3894 = CARTESIAN_POINT('',(4.631699283393,64.575678372178));
#3895 = CARTESIAN_POINT('',(4.621034756334,64.663369940264));
#3896 = CARTESIAN_POINT('',(4.611350721285,64.751102321982));
#3897 = CARTESIAN_POINT('',(4.591086141688,64.955565341937));
#3898 = CARTESIAN_POINT('',(4.581260676728,65.072322561716));
#3899 = CARTESIAN_POINT('',(4.573199543824,65.189162809559));
#3900 = CARTESIAN_POINT('',(4.566865250399,65.306077540633));
#3901 = CARTESIAN_POINT('',(4.562342194055,65.423071592451));
#3902 = CARTESIAN_POINT('',(4.559646637718,65.540141522144));
#3903 = CARTESIAN_POINT('',(4.558871941492,65.657286666967));
#3904 = CARTESIAN_POINT('',(4.561172857082,65.874238951337));
#3905 = CARTESIAN_POINT('',(4.563691749677,65.974019824953));
#3906 = CARTESIAN_POINT('',(4.5677345134,66.073853323422));
#3907 = CARTESIAN_POINT('',(4.573378671241,66.173735072264));
#3908 = CARTESIAN_POINT('',(4.580717210087,66.273654208052));
#3909 = CARTESIAN_POINT('',(4.589861480033,66.373594123853));
#3910 = CARTESIAN_POINT('',(4.60094636437,66.473533405483));
#3911 = CARTESIAN_POINT('',(4.621985321009,66.632886009288));
#3912 = CARTESIAN_POINT('',(4.630577960717,66.692312626768));
#3913 = CARTESIAN_POINT('',(4.639950526276,66.751721066191));
#3914 = CARTESIAN_POINT('',(4.650141250514,66.811102494731));
#3915 = CARTESIAN_POINT('',(4.661192292584,66.870445012657));
#3916 = CARTESIAN_POINT('',(4.673150318335,66.929733674431));
#3917 = CARTESIAN_POINT('',(4.686067080686,66.988950509806));
#3918 = CARTESIAN_POINT('',(4.7,67.048074544927));
#3919 = ( GEOMETRIC_REPRESENTATION_CONTEXT(2) 
PARAMETRIC_REPRESENTATION_CONTEXT() REPRESENTATION_CONTEXT('2D SPACE',''
  ) );
#3920 = ORIENTED_EDGE('',*,*,#3921,.F.);
#3921 = EDGE_CURVE('',#3818,#3816,#3922,.T.);
#3922 = SURFACE_CURVE('',#3923,(#4017,#4114),.PCURVE_S1.);
#3923 = B_SPLINE_CURVE_WITH_KNOTS('',8,(#3924,#3925,#3926,#3927,#3928,
    #3929,#3930,#3931,#3932,#3933,#3934,#3935,#3936,#3937,#3938,#3939,
    #3940,#3941,#3942,#3943,#3944,#3945,#3946,#3947,#3948,#3949,#3950,
    #3951,#3952,#3953,#3954,#3955,#3956,#3957,#3958,#3959,#3960,#3961,
    #3962,#3963,#3964,#3965,#3966,#3967,#3968,#3969,#3970,#3971,#3972,
    #3973,#3974,#3975,#3976,#3977,#3978,#3979,#3980,#3981,#3982,#3983,
    #3984,#3985,#3986,#3987,#3988,#3989,#3990,#3991,#3992,#3993,#3994,
    #3995,#3996,#3997,#3998,#3999,#4000,#4001,#4002,#4003,#4004,#4005,
    #4006,#4007,#4008,#4009,#4010,#4011,#4012,#4013,#4014,#4015,#4016),
  .UNSPECIFIED.,.F.,.F.,(9,7,7,7,7,7,7,7,7,7,7,7,7,9),(0.,0.262441610964
    ,0.541114676366,0.688389553028,0.739008801907,0.764479449331,
    0.790641603376,0.808365310558,0.812503079857,0.821426311103,
    0.829252887235,0.841413762971,0.916470801016,1.),.UNSPECIFIED.);
#3924 = CARTESIAN_POINT('',(230.00341051951,302.70390278674,
    341.13529745108));
#3925 = CARTESIAN_POINT('',(229.95639378939,302.61206713345,
    341.03724007193));
#3926 = CARTESIAN_POINT('',(229.90337854388,302.51996694344,
    340.94230246512));
#3927 = CARTESIAN_POINT('',(229.84461336069,302.42762463502,
    340.85089169525));
#3928 = CARTESIAN_POINT('',(229.78037594665,302.33506016938,
    340.76339124704));
#3929 = CARTESIAN_POINT('',(229.71097145704,302.24229147838,
    340.68015949118));
#3930 = CARTESIAN_POINT('',(229.63673081472,302.14933489244,
    340.60152815016));
#3931 = CARTESIAN_POINT('',(229.55800902948,302.05620556828,
    340.52780076417));
#3932 = CARTESIAN_POINT('',(229.38723542354,301.86386062293,
    340.38646190258));
#3933 = CARTESIAN_POINT('',(229.29465900391,301.76462271171,
    340.31950913044));
#3934 = CARTESIAN_POINT('',(229.19790417817,301.66522297128,
    340.25872100994));
#3935 = CARTESIAN_POINT('',(229.09745273131,301.56567104957,
    340.20438306192));
#3936 = CARTESIAN_POINT('',(228.99379820034,301.46598145182,
    340.15674009714));
#3937 = CARTESIAN_POINT('',(228.88745777169,301.36616334444,
    340.11599010617));
#3938 = CARTESIAN_POINT('',(228.77896250665,301.26622706137,
    340.08227996576));
#3939 = CARTESIAN_POINT('',(228.61053815966,301.11341076207,
    340.0416724594));
#3940 = CARTESIAN_POINT('',(228.55182924228,301.06056169309,
    340.0296268307));
#3941 = CARTESIAN_POINT('',(228.49272784201,301.00770045524,
    340.0195950984));
#3942 = CARTESIAN_POINT('',(228.43331528442,300.95482637152,
    340.01159152713));
#3943 = CARTESIAN_POINT('',(228.37367268324,300.90194019683,
    340.00562651893));
#3944 = CARTESIAN_POINT('',(228.31388113494,300.84904318303,
    340.00170650307));
#3945 = CARTESIAN_POINT('',(228.2540205166,300.79613696249,
    339.99983391674));
#3946 = CARTESIAN_POINT('',(228.17359383655,300.72504229226,
    340.00006851671));
#3947 = CARTESIAN_POINT('',(228.15302229482,300.7068566005,
    340.00037035698));
#3948 = CARTESIAN_POINT('',(228.13245441888,300.68867084132,
    340.00091404569));
#3949 = CARTESIAN_POINT('',(228.11189322359,300.67048527523,
    340.00169952387));
#3950 = CARTESIAN_POINT('',(228.0913416158,300.65230024946,
    340.0027267011));
#3951 = CARTESIAN_POINT('',(228.07080217476,300.63411637511,
    340.00399549952));
#3952 = CARTESIAN_POINT('',(228.05027693268,300.61593470419,
    340.00550589776));
#3953 = CARTESIAN_POINT('',(228.01944702358,300.58861018321,
    340.00813958695));
#3954 = CARTESIAN_POINT('',(228.00913081848,300.57946443399,
    340.00908238794));
#3955 = CARTESIAN_POINT('',(227.99881858521,300.57031996329,
    340.01008641077));
#3956 = CARTESIAN_POINT('',(227.98851041283,300.56117704134,
    340.01115167649));
#3957 = CARTESIAN_POINT('',(227.97820627846,300.55203603081,
    340.01227822523));
#3958 = CARTESIAN_POINT('',(227.96790589151,300.54289751331,
    340.01346614703));
#3959 = CARTESIAN_POINT('',(227.95760853796,300.53376241589,
    340.01471561274));
#3960 = CARTESIAN_POINT('',(227.93673779413,300.51525397973,
    340.01737379759));
#3961 = CARTESIAN_POINT('',(227.92616481324,300.50588161883,
    340.01878589732));
#3962 = CARTESIAN_POINT('',(227.91559343982,300.49651489482,
    340.02026328886));
#3963 = CARTESIAN_POINT('',(227.90501535654,300.48716073494,
    340.02180763754));
#3964 = CARTESIAN_POINT('',(227.89443870699,300.4778124198,
    340.02341735333));
#3965 = CARTESIAN_POINT('',(227.88383535067,300.46849419573,
    340.02509805873));
#3966 = CARTESIAN_POINT('',(227.8732188877,300.4591957155,
    340.02684708811));
#3967 = CARTESIAN_POINT('',(227.85523487183,300.4437610073,
    340.02992606637));
#3968 = CARTESIAN_POINT('',(227.85050573661,300.43967063758,
    340.03076767289));
#3969 = CARTESIAN_POINT('',(227.84654030502,300.43702175466,
    340.03146734333));
#3970 = CARTESIAN_POINT('',(227.8400389346,300.43003823879,
    340.03263858009));
#3971 = CARTESIAN_POINT('',(227.83301748369,300.42668617584,
    340.03390879427));
#3972 = CARTESIAN_POINT('',(227.82408332751,300.41819085087,
    340.03562704941));
#3973 = CARTESIAN_POINT('',(227.81770898866,300.41494341016,
    340.03686659564));
#3974 = CARTESIAN_POINT('',(227.81013523054,300.42414428505,
    340.03836608996));
#3975 = CARTESIAN_POINT('',(227.80903790097,300.42607144574,
    340.03858458335));
#3976 = CARTESIAN_POINT('',(227.80804454009,300.42804836153,
    340.03878276193));
#3977 = CARTESIAN_POINT('',(227.80717518661,300.43007122833,
    340.03895686465));
#3978 = CARTESIAN_POINT('',(227.80635601877,300.43208865008,
    340.03912116053));
#3979 = CARTESIAN_POINT('',(227.80559646852,300.43411719037,
    340.03927391325));
#3980 = CARTESIAN_POINT('',(227.80486947356,300.43615338415,
    340.03942039541));
#3981 = CARTESIAN_POINT('',(227.80264077034,300.44268494376,
    340.03987039827));
#3982 = CARTESIAN_POINT('',(227.80125259396,300.44718235726,
    340.04015209151));
#3983 = CARTESIAN_POINT('',(227.79992254471,300.45169439071,
    340.0404230403));
#3984 = CARTESIAN_POINT('',(227.79863671824,300.45621646966,
    340.0406859964));
#3985 = CARTESIAN_POINT('',(227.79738363975,300.46074515475,
    340.04094322267));
#3986 = CARTESIAN_POINT('',(227.79615101637,300.46527751688,
    340.04119713765));
#3987 = CARTESIAN_POINT('',(227.79493745863,300.46981409845,
    340.04144802475));
#3988 = CARTESIAN_POINT('',(227.7926847951,300.47833769265,
    340.04191535436));
#3989 = CARTESIAN_POINT('',(227.79164303495,300.48232274865,
    340.04213214831));
#3990 = CARTESIAN_POINT('',(227.79060976743,300.48630958065,
    340.04234783162));
#3991 = CARTESIAN_POINT('',(227.78958332565,300.49029782127,
    340.04256273391));
#3992 = CARTESIAN_POINT('',(227.78856254835,300.49428721573,
    340.04277708492));
#3993 = CARTESIAN_POINT('',(227.7875466176,300.49827758743,
    340.04299104657));
#3994 = CARTESIAN_POINT('',(227.78653489635,300.50226880367,
    340.04320474499));
#3995 = CARTESIAN_POINT('',(227.78396034074,300.51246338418,
    340.04375012697));
#3996 = CARTESIAN_POINT('',(227.78240261716,300.51866775709,
    340.04408160504));
#3997 = CARTESIAN_POINT('',(227.78085165897,300.52487345538,
    340.04441312038));
#3998 = CARTESIAN_POINT('',(227.77930610356,300.53108019411,
    340.04474494295));
#3999 = CARTESIAN_POINT('',(227.77776501988,300.53728777881,
    340.04507725731));
#4000 = CARTESIAN_POINT('',(227.77622776625,300.5434960765,
    340.04541019075));
#4001 = CARTESIAN_POINT('',(227.77469384819,300.54970498652,
    340.04574384143));
#4002 = CARTESIAN_POINT('',(227.76371298576,300.59423903995,
    340.04814262786));
#4003 = CARTESIAN_POINT('',(227.75437178375,300.63258316784,
    340.05023793727));
#4004 = CARTESIAN_POINT('',(227.74504604491,300.67092792704,
    340.05238272718));
#4005 = CARTESIAN_POINT('',(227.73576228715,300.70927846341,
    340.05457178833));
#4006 = CARTESIAN_POINT('',(227.72648613985,300.74762773459,
    340.05681197958));
#4007 = CARTESIAN_POINT('',(227.71723223226,300.78597858014,
    340.05910046594));
#4008 = CARTESIAN_POINT('',(227.70799055478,300.824328902,
    340.06143930224));
#4009 = CARTESIAN_POINT('',(227.6884918609,300.90535759229,
    340.06648714269));
#4010 = CARTESIAN_POINT('',(227.67823757634,300.94803568356,
    340.06920821034));
#4011 = CARTESIAN_POINT('',(227.66799756665,300.99071262499,
    340.07199202669));
#4012 = CARTESIAN_POINT('',(227.6577707865,301.03338803326,
    340.07483892979));
#4013 = CARTESIAN_POINT('',(227.64755660525,301.0760616041,
    340.07774919248));
#4014 = CARTESIAN_POINT('',(227.63735463954,301.11873307886,
    340.08072305596));
#4015 = CARTESIAN_POINT('',(227.62716458584,301.161402211,
    340.08376076332));
#4016 = CARTESIAN_POINT('',(227.61698605307,301.20406873254,
    340.08686259309));
#4017 = PCURVE('',#31,#4018);
#4018 = DEFINITIONAL_REPRESENTATION('',(#4019),#4113);
#4019 = B_SPLINE_CURVE_WITH_KNOTS('',8,(#4020,#4021,#4022,#4023,#4024,
    #4025,#4026,#4027,#4028,#4029,#4030,#4031,#4032,#4033,#4034,#4035,
    #4036,#4037,#4038,#4039,#4040,#4041,#4042,#4043,#4044,#4045,#4046,
    #4047,#4048,#4049,#4050,#4051,#4052,#4053,#4054,#4055,#4056,#4057,
    #4058,#4059,#4060,#4061,#4062,#4063,#4064,#4065,#4066,#4067,#4068,
    #4069,#4070,#4071,#4072,#4073,#4074,#4075,#4076,#4077,#4078,#4079,
    #4080,#4081,#4082,#4083,#4084,#4085,#4086,#4087,#4088,#4089,#4090,
    #4091,#4092,#4093,#4094,#4095,#4096,#4097,#4098,#4099,#4100,#4101,
    #4102,#4103,#4104,#4105,#4106,#4107,#4108,#4109,#4110,#4111,#4112),
  .UNSPECIFIED.,.F.,.F.,(9,7,7,7,7,7,7,7,7,7,7,7,7,9),(0.,0.262441610964
    ,0.541114676366,0.688389553028,0.739008801907,0.764479449331,
    0.790641603376,0.808365310558,0.812503079857,0.821426311103,
    0.829252887235,0.841413762971,0.916470801016,1.),.UNSPECIFIED.);
#4020 = CARTESIAN_POINT('',(2.017895065088,66.703902786749));
#4021 = CARTESIAN_POINT('',(2.072268363951,66.612067133455));
#4022 = CARTESIAN_POINT('',(2.126531854872,66.519966943443));
#4023 = CARTESIAN_POINT('',(2.180693188573,66.427624635025));
#4024 = CARTESIAN_POINT('',(2.234760235529,66.335060169381));
#4025 = CARTESIAN_POINT('',(2.288740619126,66.242291478387));
#4026 = CARTESIAN_POINT('',(2.342641248823,66.149334892441));
#4027 = CARTESIAN_POINT('',(2.39646785331,66.056205568288));
#4028 = CARTESIAN_POINT('',(2.507305908921,65.863860622937));
#4029 = CARTESIAN_POINT('',(2.56430937055,65.764622711715));
#4030 = CARTESIAN_POINT('',(2.62124073011,65.66522297128));
#4031 = CARTESIAN_POINT('',(2.678102709343,65.565671049576));
#4032 = CARTESIAN_POINT('',(2.734902674828,65.465981451822));
#4033 = CARTESIAN_POINT('',(2.79164463244,65.366163344443));
#4034 = CARTESIAN_POINT('',(2.84833174022,65.266227061376));
#4035 = CARTESIAN_POINT('',(2.934956982254,65.113410762073));
#4036 = CARTESIAN_POINT('',(2.964905394016,65.060561693097));
#4037 = CARTESIAN_POINT('',(2.994849513986,65.007700455249));
#4038 = CARTESIAN_POINT('',(3.024789034219,64.954826371526));
#4039 = CARTESIAN_POINT('',(3.054724049794,64.901940196831));
#4040 = CARTESIAN_POINT('',(3.084654820469,64.849043183037));
#4041 = CARTESIAN_POINT('',(3.114582272104,64.796136962493));
#4042 = CARTESIAN_POINT('',(3.15479578321,64.725042292261));
#4043 = CARTESIAN_POINT('',(3.165081950117,64.706856600502));
#4044 = CARTESIAN_POINT('',(3.175368296108,64.688670841329));
#4045 = CARTESIAN_POINT('',(3.185654971405,64.670485275232));
#4046 = CARTESIAN_POINT('',(3.195942179882,64.652300249464));
#4047 = CARTESIAN_POINT('',(3.206230290488,64.634116375116));
#4048 = CARTESIAN_POINT('',(3.216519948676,64.61593470419));
#4049 = CARTESIAN_POINT('',(3.231991047652,64.588610183211));
#4050 = CARTESIAN_POINT('',(3.237170555349,64.579464433996));
#4051 = CARTESIAN_POINT('',(3.242350901658,64.570319963297));
#4052 = CARTESIAN_POINT('',(3.247532254841,64.561177041343));
#4053 = CARTESIAN_POINT('',(3.252714840049,64.552036030811));
#4054 = CARTESIAN_POINT('',(3.257899018691,64.542897513318));
#4055 = CARTESIAN_POINT('',(3.263085367797,64.533762415899));
#4056 = CARTESIAN_POINT('',(3.273605038596,64.515253979736));
#4057 = CARTESIAN_POINT('',(3.27893837109,64.505881618835));
#4058 = CARTESIAN_POINT('',(3.284275260016,64.496514894829));
#4059 = CARTESIAN_POINT('',(3.289620174503,64.487160734948));
#4060 = CARTESIAN_POINT('',(3.294969193784,64.4778124198));
#4061 = CARTESIAN_POINT('',(3.30033689398,64.468494195738));
#4062 = CARTESIAN_POINT('',(3.3057165739,64.459195715502));
#4063 = CARTESIAN_POINT('',(3.314839415205,64.443761007308));
#4064 = CARTESIAN_POINT('',(3.317241094705,64.439670637581));
#4065 = CARTESIAN_POINT('',(3.319254414735,64.437021754664));
#4066 = CARTESIAN_POINT('',(3.322557526235,64.430038238794));
#4067 = CARTESIAN_POINT('',(3.326124969575,64.42668617584));
#4068 = CARTESIAN_POINT('',(3.330673873121,64.418190850873));
#4069 = CARTESIAN_POINT('',(3.333920727441,64.414943410169));
#4070 = CARTESIAN_POINT('',(3.337781112633,64.424144285054));
#4071 = CARTESIAN_POINT('',(3.338340547636,64.426071445745));
#4072 = CARTESIAN_POINT('',(3.338847015953,64.428048361534));
#4073 = CARTESIAN_POINT('',(3.339290323504,64.430071228338));
#4074 = CARTESIAN_POINT('',(3.339708064195,64.432088650084));
#4075 = CARTESIAN_POINT('',(3.340095443105,64.434117190372));
#4076 = CARTESIAN_POINT('',(3.340466245823,64.436153384155));
#4077 = CARTESIAN_POINT('',(3.341603085811,64.442684943768));
#4078 = CARTESIAN_POINT('',(3.342311320035,64.44718235726));
#4079 = CARTESIAN_POINT('',(3.342990003043,64.451694390718));
#4080 = CARTESIAN_POINT('',(3.343646222094,64.456216469669));
#4081 = CARTESIAN_POINT('',(3.34428582533,64.460745154752));
#4082 = CARTESIAN_POINT('',(3.344915077273,64.46527751688));
#4083 = CARTESIAN_POINT('',(3.345534687223,64.469814098454));
#4084 = CARTESIAN_POINT('',(3.346685001301,64.478337692653));
#4085 = CARTESIAN_POINT('',(3.347217040634,64.482322748654));
#4086 = CARTESIAN_POINT('',(3.347744809607,64.48630958065));
#4087 = CARTESIAN_POINT('',(3.348269157998,64.490297821279));
#4088 = CARTESIAN_POINT('',(3.348790677863,64.494287215737));
#4089 = CARTESIAN_POINT('',(3.349309786295,64.498277587439));
#4090 = CARTESIAN_POINT('',(3.349826808184,64.502268803675));
#4091 = CARTESIAN_POINT('',(3.351142651839,64.512463384187));
#4092 = CARTESIAN_POINT('',(3.351938952401,64.518667757092));
#4093 = CARTESIAN_POINT('',(3.352731948341,64.524873455389));
#4094 = CARTESIAN_POINT('',(3.353522334899,64.53108019411));
#4095 = CARTESIAN_POINT('',(3.354310587355,64.537287778816));
#4096 = CARTESIAN_POINT('',(3.355097033491,64.543496076507));
#4097 = CARTESIAN_POINT('',(3.355881926067,64.549704986527));
#4098 = CARTESIAN_POINT('',(3.36150183523,64.59423903995));
#4099 = CARTESIAN_POINT('',(3.366288418621,64.632583167843));
#4100 = CARTESIAN_POINT('',(3.3710729004,64.670927927046));
#4101 = CARTESIAN_POINT('',(3.375841931847,64.709278463416));
#4102 = CARTESIAN_POINT('',(3.380613201042,64.747627734594));
#4103 = CARTESIAN_POINT('',(3.38537942198,64.78597858014));
#4104 = CARTESIAN_POINT('',(3.390145869017,64.824328902006));
#4105 = CARTESIAN_POINT('',(3.400216615717,64.905357592297));
#4106 = CARTESIAN_POINT('',(3.405521105022,64.948035683562));
#4107 = CARTESIAN_POINT('',(3.410826774999,64.990712624999));
#4108 = CARTESIAN_POINT('',(3.41613440163,65.033388033261));
#4109 = CARTESIAN_POINT('',(3.42144455279,65.076061604101));
#4110 = CARTESIAN_POINT('',(3.426757673878,65.118733078866));
#4111 = CARTESIAN_POINT('',(3.432074173461,65.161402211001));
#4112 = CARTESIAN_POINT('',(3.43739450891,65.204068732546));
#4113 = ( GEOMETRIC_REPRESENTATION_CONTEXT(2) 
PARAMETRIC_REPRESENTATION_CONTEXT() REPRESENTATION_CONTEXT('2D SPACE',''
  ) );
#4114 = PCURVE('',#589,#4115);
#4115 = DEFINITIONAL_REPRESENTATION('',(#4116),#4210);
#4116 = B_SPLINE_CURVE_WITH_KNOTS('',8,(#4117,#4118,#4119,#4120,#4121,
    #4122,#4123,#4124,#4125,#4126,#4127,#4128,#4129,#4130,#4131,#4132,
    #4133,#4134,#4135,#4136,#4137,#4138,#4139,#4140,#4141,#4142,#4143,
    #4144,#4145,#4146,#4147,#4148,#4149,#4150,#4151,#4152,#4153,#4154,
    #4155,#4156,#4157,#4158,#4159,#4160,#4161,#4162,#4163,#4164,#4165,
    #4166,#4167,#4168,#4169,#4170,#4171,#4172,#4173,#4174,#4175,#4176,
    #4177,#4178,#4179,#4180,#4181,#4182,#4183,#4184,#4185,#4186,#4187,
    #4188,#4189,#4190,#4191,#4192,#4193,#4194,#4195,#4196,#4197,#4198,
    #4199,#4200,#4201,#4202,#4203,#4204,#4205,#4206,#4207,#4208,#4209),
  .UNSPECIFIED.,.F.,.F.,(9,7,7,7,7,7,7,7,7,7,7,7,7,9),(0.,0.262441610964
    ,0.541114676366,0.688389553028,0.739008801907,0.764479449331,
    0.790641603376,0.808365310558,0.812503079857,0.821426311103,
    0.829252887235,0.841413762971,0.916470801016,1.),.UNSPECIFIED.);
#4117 = CARTESIAN_POINT('',(0.,67.048074544927));
#4118 = CARTESIAN_POINT('',(3.52364309824E-02,66.920907371329));
#4119 = CARTESIAN_POINT('',(7.00630416055E-02,66.793770459235));
#4120 = CARTESIAN_POINT('',(0.104508712405,66.666664364606));
#4121 = CARTESIAN_POINT('',(0.138600732759,66.539587444353));
#4122 = CARTESIAN_POINT('',(0.172365306096,66.412537004907));
#4123 = CARTESIAN_POINT('',(0.205828055101,66.285510450786));
#4124 = CARTESIAN_POINT('',(0.239014526929,66.15850643316));
#4125 = CARTESIAN_POINT('',(0.306923901918,65.896692094352));
#4126 = CARTESIAN_POINT('',(0.34161588481,65.761882389457));
#4127 = CARTESIAN_POINT('',(0.37605541808,65.627097425666));
#4128 = CARTESIAN_POINT('',(0.410280057547,65.492338800977));
#4129 = CARTESIAN_POINT('',(0.444316596389,65.357603654129));
#4130 = CARTESIAN_POINT('',(0.478198008106,65.22289292608));
#4131 = CARTESIAN_POINT('',(0.511955042802,65.088209503627));
#4132 = CARTESIAN_POINT('',(0.563259595312,64.882342045229));
#4133 = CARTESIAN_POINT('',(0.580943446703,64.811158880057));
#4134 = CARTESIAN_POINT('',(0.598584339132,64.739974272656));
#4135 = CARTESIAN_POINT('',(0.616186114871,64.668789507741));
#4136 = CARTESIAN_POINT('',(0.633755184062,64.597605073788));
#4137 = CARTESIAN_POINT('',(0.651298228419,64.526421212802));
#4138 = CARTESIAN_POINT('',(0.668816947428,64.45523800594));
#4139 = CARTESIAN_POINT('',(0.692322542156,64.35958671812));
#4140 = CARTESIAN_POINT('',(0.698332030007,64.335119948338));
#4141 = CARTESIAN_POINT('',(0.704338258316,64.310652855142));
#4142 = CARTESIAN_POINT('',(0.710341098994,64.286185333348));
#4143 = CARTESIAN_POINT('',(0.716340295124,64.261717232481));
#4144 = CARTESIAN_POINT('',(0.722335198275,64.237248263378));
#4145 = CARTESIAN_POINT('',(0.728324505813,64.212777904796));
#4146 = CARTESIAN_POINT('',(0.737315771913,64.175991163769));
#4147 = CARTESIAN_POINT('',(0.740323577969,64.163676457164));
#4148 = CARTESIAN_POINT('',(0.743328996354,64.151361031691));
#4149 = CARTESIAN_POINT('',(0.746331658535,64.139044748406));
#4150 = CARTESIAN_POINT('',(0.74933105998,64.12672742155));
#4151 = CARTESIAN_POINT('',(0.752326372672,64.114408752184));
#4152 = CARTESIAN_POINT('',(0.755316257611,64.10208826182));
#4153 = CARTESIAN_POINT('',(0.761362067224,64.077107630237));
#4154 = CARTESIAN_POINT('',(0.76441710822,64.064447921412));
#4155 = CARTESIAN_POINT('',(0.767463487448,64.051785238179));
#4156 = CARTESIAN_POINT('',(0.770490851299,64.039115754267));
#4157 = CARTESIAN_POINT('',(0.773508907582,64.026442532899));
#4158 = CARTESIAN_POINT('',(0.776482364951,64.013753851666));
#4159 = CARTESIAN_POINT('',(0.779426796053,64.001055467348));
#4160 = CARTESIAN_POINT('',(0.784127546325,63.979674685422));
#4161 = CARTESIAN_POINT('',(0.785388681746,63.974033589609));
#4162 = CARTESIAN_POINT('',(0.785762697206,63.969662550483));
#4163 = CARTESIAN_POINT('',(0.788686465458,63.961281195368));
#4164 = CARTESIAN_POINT('',(0.78817415037,63.954151540424));
#4165 = CARTESIAN_POINT('',(0.791217786417,63.943123928157));
#4166 = CARTESIAN_POINT('',(0.790923683093,63.936544803016));
#4167 = CARTESIAN_POINT('',(0.779133990966,63.934715271369));
#4168 = CARTESIAN_POINT('',(0.776905400745,63.934722574917));
#4169 = CARTESIAN_POINT('',(0.774684429791,63.934835729));
#4170 = CARTESIAN_POINT('',(0.772484263066,63.93506896705));
#4171 = CARTESIAN_POINT('',(0.770313577737,63.93533978345));
#4172 = CARTESIAN_POINT('',(0.768162501562,63.935663293351));
#4173 = CARTESIAN_POINT('',(0.766020744694,63.936016299399));
#4174 = CARTESIAN_POINT('',(0.759201405345,63.937231096158));
#4175 = CARTESIAN_POINT('',(0.754577901783,63.938184439752));
#4176 = CARTESIAN_POINT('',(0.749970159662,63.939190827764));
#4177 = CARTESIAN_POINT('',(0.745375335501,63.940237055165));
#4178 = CARTESIAN_POINT('',(0.740790789348,63.941312379905));
#4179 = CARTESIAN_POINT('',(0.736213031875,63.942405641394));
#4180 = CARTESIAN_POINT('',(0.731640902827,63.943515979153));
#4181 = CARTESIAN_POINT('',(0.723063911082,63.945623903633));
#4182 = CARTESIAN_POINT('',(0.719059470397,63.946618492904));
#4183 = CARTESIAN_POINT('',(0.715057605692,63.947620615016));
#4184 = CARTESIAN_POINT('',(0.711057817601,63.948628771104));
#4185 = CARTESIAN_POINT('',(0.707059757283,63.949641917907));
#4186 = CARTESIAN_POINT('',(0.703063176502,63.95065932229));
#4187 = CARTESIAN_POINT('',(0.699067877713,63.951680415766));
#4188 = CARTESIAN_POINT('',(0.688867484843,63.954296095025));
#4189 = CARTESIAN_POINT('',(0.682663951546,63.955895141705));
#4190 = CARTESIAN_POINT('',(0.676462464914,63.957500061496));
#4191 = CARTESIAN_POINT('',(0.670262603488,63.959109640081));
#4192 = CARTESIAN_POINT('',(0.66406407913,63.960723049454));
#4193 = CARTESIAN_POINT('',(0.657866692453,63.962339720984));
#4194 = CARTESIAN_POINT('',(0.651670288261,63.963959218478));
#4195 = CARTESIAN_POINT('',(0.607235550416,63.975591448472));
#4196 = CARTESIAN_POINT('',(0.569028075489,63.985693113385));
#4197 = CARTESIAN_POINT('',(0.53082299354,63.995804235939));
#4198 = CARTESIAN_POINT('',(0.492628924943,64.005949554257));
#4199 = CARTESIAN_POINT('',(0.454435166316,64.016099572208));
#4200 = CARTESIAN_POINT('',(0.416246499336,64.026268479694));
#4201 = CARTESIAN_POINT('',(0.378059890771,64.03644852308));
#4202 = CARTESIAN_POINT('',(0.297381493013,64.057985519033));
#4203 = CARTESIAN_POINT('',(0.254890251384,64.069345199387));
#4204 = CARTESIAN_POINT('',(0.212401725484,64.080720921781));
#4205 = CARTESIAN_POINT('',(0.169915817814,64.092113360879));
#4206 = CARTESIAN_POINT('',(0.127432565008,64.103523574246));
#4207 = CARTESIAN_POINT('',(8.495208477835E-02,64.114952856281));
#4208 = CARTESIAN_POINT('',(4.247452286758E-02,64.12640259216));
#4209 = CARTESIAN_POINT('',(0.,64.13787411177));
#4210 = ( GEOMETRIC_REPRESENTATION_CONTEXT(2) 
PARAMETRIC_REPRESENTATION_CONTEXT() REPRESENTATION_CONTEXT('2D SPACE',''
  ) );
#4211 = FACE_BOUND('',#4212,.T.);
#4212 = EDGE_LOOP('',(#4213,#4298,#4570,#4653));
#4213 = ORIENTED_EDGE('',*,*,#4214,.F.);
#4214 = EDGE_CURVE('',#4215,#4217,#4219,.T.);
#4215 = VERTEX_POINT('',#4216);
#4216 = CARTESIAN_POINT('',(226.85451802875,316.07845872749,
    340.52024384946));
#4217 = VERTEX_POINT('',#4218);
#4218 = CARTESIAN_POINT('',(229.46039474534,317.57862983092,
    340.44713004862));
#4219 = SURFACE_CURVE('',#4220,(#4244,#4271),.PCURVE_S1.);
#4220 = B_SPLINE_CURVE_WITH_KNOTS('',8,(#4221,#4222,#4223,#4224,#4225,
    #4226,#4227,#4228,#4229,#4230,#4231,#4232,#4233,#4234,#4235,#4236,
    #4237,#4238,#4239,#4240,#4241,#4242,#4243),.UNSPECIFIED.,.F.,.F.,(9,
    7,7,9),(0.,0.241971417484,0.837179303503,1.),.UNSPECIFIED.);
#4221 = CARTESIAN_POINT('',(226.85451802875,316.07845872749,
    340.52024384946));
#4222 = CARTESIAN_POINT('',(226.91715738567,316.12512581666,
    340.46328843461));
#4223 = CARTESIAN_POINT('',(226.98242830237,316.17211028691,
    340.40947594367));
#4224 = CARTESIAN_POINT('',(227.05016208879,316.21936414775,
    340.35892162658));
#4225 = CARTESIAN_POINT('',(227.12018685492,316.26684138236,
    340.31173285433));
#4226 = CARTESIAN_POINT('',(227.19232787701,316.31449745709,
    340.26800923921));
#4227 = CARTESIAN_POINT('',(227.26640796384,316.36228883099,
    340.22784275503));
#4228 = CARTESIAN_POINT('',(227.34224782295,316.41017246535,
    340.1913178573));
#4229 = CARTESIAN_POINT('',(227.61010281836,316.57601190768,
    340.07781388626));
#4230 = CARTESIAN_POINT('',(227.80997744559,316.69414548688,
    340.01966562274));
#4231 = CARTESIAN_POINT('',(228.01671096652,316.81194886232,
    339.98511046948));
#4232 = CARTESIAN_POINT('',(228.22756683946,316.92877655359,
    339.97507973978));
#4233 = CARTESIAN_POINT('',(228.43962669854,317.04387048974,
    339.99026668117));
#4234 = CARTESIAN_POINT('',(228.64980223942,317.15627542504,
    340.03113019904));
#4235 = CARTESIAN_POINT('',(228.85490830092,317.26480093695,
    340.09779338218));
#4236 = CARTESIAN_POINT('',(229.10550543397,317.3958711918,
    340.2157357157));
#4237 = CARTESIAN_POINT('',(229.15869792384,317.42359914987,
    340.24300561268));
#4238 = CARTESIAN_POINT('',(229.21118594032,317.4508647654,
    340.2722121283));
#4239 = CARTESIAN_POINT('',(229.26289618385,317.47762663208,
    340.30335315906));
#4240 = CARTESIAN_POINT('',(229.31375234379,317.50383852886,
    340.33642414851));
#4241 = CARTESIAN_POINT('',(229.36367541725,317.52944893724,
    340.37141787481));
#4242 = CARTESIAN_POINT('',(229.41258402799,317.55440055849,
    340.40832423821));
#4243 = CARTESIAN_POINT('',(229.46039474534,317.57862983092,
    340.44713004862));
#4244 = PCURVE('',#31,#4245);
#4245 = DEFINITIONAL_REPRESENTATION('',(#4246),#4270);
#4246 = B_SPLINE_CURVE_WITH_KNOTS('',8,(#4247,#4248,#4249,#4250,#4251,
    #4252,#4253,#4254,#4255,#4256,#4257,#4258,#4259,#4260,#4261,#4262,
    #4263,#4264,#4265,#4266,#4267,#4268,#4269),.UNSPECIFIED.,.F.,.F.,(9,
    7,7,9),(0.,0.241971417484,0.837179303503,1.),.UNSPECIFIED.);
#4247 = CARTESIAN_POINT('',(3.879499875882,80.078458727496));
#4248 = CARTESIAN_POINT('',(3.8371690115,80.125125816668));
#4249 = CARTESIAN_POINT('',(3.794921823272,80.172110286911));
#4250 = CARTESIAN_POINT('',(3.752743881329,80.21936414775));
#4251 = CARTESIAN_POINT('',(3.710621228749,80.26684138236));
#4252 = CARTESIAN_POINT('',(3.668540103978,80.31449745709));
#4253 = CARTESIAN_POINT('',(3.626486663264,80.362288830994));
#4254 = CARTESIAN_POINT('',(3.584446703077,80.410172465356));
#4255 = CARTESIAN_POINT('',(3.438990996753,80.576011907688));
#4256 = CARTESIAN_POINT('',(3.335630390053,80.694145486883));
#4257 = CARTESIAN_POINT('',(3.232030469178,80.811948862321));
#4258 = CARTESIAN_POINT('',(3.127950546813,80.928776553595));
#4259 = CARTESIAN_POINT('',(3.023166630854,81.043870489744));
#4260 = CARTESIAN_POINT('',(2.917424270261,81.156275425048));
#4261 = CARTESIAN_POINT('',(2.810440401618,81.26480093695));
#4262 = CARTESIAN_POINT('',(2.671958167082,81.395871191803));
#4263 = CARTESIAN_POINT('',(2.642087617412,81.423599149873));
#4264 = CARTESIAN_POINT('',(2.612083329119,81.450864765409));
#4265 = CARTESIAN_POINT('',(2.581937377896,81.477626632088));
#4266 = CARTESIAN_POINT('',(2.551642165946,81.503838528869));
#4267 = CARTESIAN_POINT('',(2.521190201938,81.529448937244));
#4268 = CARTESIAN_POINT('',(2.490573880967,81.55440055849));
#4269 = CARTESIAN_POINT('',(2.459785264504,81.57862983092));
#4270 = ( GEOMETRIC_REPRESENTATION_CONTEXT(2) 
PARAMETRIC_REPRESENTATION_CONTEXT() REPRESENTATION_CONTEXT('2D SPACE',''
  ) );
#4271 = PCURVE('',#819,#4272);
#4272 = DEFINITIONAL_REPRESENTATION('',(#4273),#4297);
#4273 = B_SPLINE_CURVE_WITH_KNOTS('',8,(#4274,#4275,#4276,#4277,#4278,
    #4279,#4280,#4281,#4282,#4283,#4284,#4285,#4286,#4287,#4288,#4289,
    #4290,#4291,#4292,#4293,#4294,#4295,#4296),.UNSPECIFIED.,.F.,.F.,(9,
    7,7,9),(0.,0.241971417484,0.837179303503,1.),.UNSPECIFIED.);
#4274 = CARTESIAN_POINT('',(4.7,80.1179587273));
#4275 = CARTESIAN_POINT('',(4.684278830916,80.205465177617));
#4276 = CARTESIAN_POINT('',(4.669608127131,80.293022639708));
#4277 = CARTESIAN_POINT('',(4.655963882945,80.380627611948));
#4278 = CARTESIAN_POINT('',(4.643327220436,80.468277234046));
#4279 = CARTESIAN_POINT('',(4.631684311976,80.555969410154));
#4280 = CARTESIAN_POINT('',(4.621026302742,80.643702931973));
#4281 = CARTESIAN_POINT('',(4.611349233232,80.731477601863));
#4282 = CARTESIAN_POINT('',(4.58126509612,81.035308400505));
#4283 = CARTESIAN_POINT('',(4.565830147043,81.251447480742));
#4284 = CARTESIAN_POINT('',(4.556335346945,81.46787688632));
#4285 = CARTESIAN_POINT('',(4.552998685932,81.684644967798));
#4286 = CARTESIAN_POINT('',(4.55622495274,81.901723282835));
#4287 = CARTESIAN_POINT('',(4.566706102514,82.119032875346));
#4288 = CARTESIAN_POINT('',(4.585420179244,82.336423752956));
#4289 = CARTESIAN_POINT('',(4.621964113373,82.613271497862));
#4290 = CARTESIAN_POINT('',(4.630558824755,82.672724530201));
#4291 = CARTESIAN_POINT('',(4.639933699034,82.732159342112));
#4292 = CARTESIAN_POINT('',(4.65012700431,82.791567087789));
#4293 = CARTESIAN_POINT('',(4.661180950892,82.850935857426));
#4294 = CARTESIAN_POINT('',(4.673142268689,82.9102506983));
#4295 = CARTESIAN_POINT('',(4.686062784618,82.969493635864));
#4296 = CARTESIAN_POINT('',(4.7,83.028643694828));
#4297 = ( GEOMETRIC_REPRESENTATION_CONTEXT(2) 
PARAMETRIC_REPRESENTATION_CONTEXT() REPRESENTATION_CONTEXT('2D SPACE',''
  ) );
#4298 = ORIENTED_EDGE('',*,*,#4299,.F.);
#4299 = EDGE_CURVE('',#4300,#4215,#4302,.T.);
#4300 = VERTEX_POINT('',#4301);
#4301 = CARTESIAN_POINT('',(226.34809800009,312.9713115208,
    342.75528735111));
#4302 = SURFACE_CURVE('',#4303,(#4390,#4480),.PCURVE_S1.);
#4303 = B_SPLINE_CURVE_WITH_KNOTS('',8,(#4304,#4305,#4306,#4307,#4308,
    #4309,#4310,#4311,#4312,#4313,#4314,#4315,#4316,#4317,#4318,#4319,
    #4320,#4321,#4322,#4323,#4324,#4325,#4326,#4327,#4328,#4329,#4330,
    #4331,#4332,#4333,#4334,#4335,#4336,#4337,#4338,#4339,#4340,#4341,
    #4342,#4343,#4344,#4345,#4346,#4347,#4348,#4349,#4350,#4351,#4352,
    #4353,#4354,#4355,#4356,#4357,#4358,#4359,#4360,#4361,#4362,#4363,
    #4364,#4365,#4366,#4367,#4368,#4369,#4370,#4371,#4372,#4373,#4374,
    #4375,#4376,#4377,#4378,#4379,#4380,#4381,#4382,#4383,#4384,#4385,
    #4386,#4387,#4388,#4389),.UNSPECIFIED.,.F.,.F.,(9,7,7,7,7,7,7,7,7,7,
    7,7,9),(0.,0.231012782128,0.351090078341,0.474244552514,
    0.48910817961,0.504751046617,0.515273181641,0.527285920055,
    0.548031270045,0.565673373946,0.592090183499,0.72305956553,1.),
  .UNSPECIFIED.);
#4304 = CARTESIAN_POINT('',(226.34809800009,312.9713115208,
    342.75528735111));
#4305 = CARTESIAN_POINT('',(226.29119184131,313.09856986513,
    342.61575816515));
#4306 = CARTESIAN_POINT('',(226.24645977711,313.22634220851,
    342.47172027677));
#4307 = CARTESIAN_POINT('',(226.21426235056,313.35456547077,
    342.32439550187));
#4308 = CARTESIAN_POINT('',(226.19481864173,313.4831884261,
    342.17502601311));
#4309 = CARTESIAN_POINT('',(226.18821017535,313.61216841379,
    342.02486035019));
#4310 = CARTESIAN_POINT('',(226.19438357338,313.74146739917,
    341.8751395483));
#4311 = CARTESIAN_POINT('',(226.21315195231,313.87104738481,
    341.72708338472));
#4312 = CARTESIAN_POINT('',(226.26033085246,314.06834268879,
    341.50640031025));
#4313 = CARTESIAN_POINT('',(226.27978340791,314.13588607866,
    341.43169191994));
#4314 = CARTESIAN_POINT('',(226.30250819143,314.20349010432,
    341.35791714605));
#4315 = CARTESIAN_POINT('',(226.32845139983,314.2711498852,
    341.28523818784));
#4316 = CARTESIAN_POINT('',(226.35755021035,314.33886076772,
    341.2138134595));
#4317 = CARTESIAN_POINT('',(226.38973302415,314.40661819561,
    341.14379717925));
#4318 = CARTESIAN_POINT('',(226.42491970977,314.47441758021,
    341.07533895833));
#4319 = CARTESIAN_POINT('',(226.50210041313,314.61182918543,
    340.94011710077));
#4320 = CARTESIAN_POINT('',(226.54424564456,314.68144442038,
    340.87344158447));
#4321 = CARTESIAN_POINT('',(226.58936543095,314.75109124712,
    340.80871062586));
#4322 = CARTESIAN_POINT('',(226.6373437753,314.82077653072,
    340.7460828135));
#4323 = CARTESIAN_POINT('',(226.68809254996,314.89047125387,
    340.68568342546));
#4324 = CARTESIAN_POINT('',(226.7414519675,314.96020955559,
    340.62767786359));
#4325 = CARTESIAN_POINT('',(226.7973363804,315.0299449299,
    340.57216366547));
#4326 = CARTESIAN_POINT('',(226.86257104536,315.10815954851,
    340.51293112545));
#4327 = CARTESIAN_POINT('',(226.8696302431,315.116583561,340.5065909358)
  );
#4328 = CARTESIAN_POINT('',(226.87672288238,315.1250085647,
    340.50028985237));
#4329 = CARTESIAN_POINT('',(226.88384856919,315.13343470391,
    340.49402820125));
#4330 = CARTESIAN_POINT('',(226.89100685213,315.14186217747,
    340.48780634832));
#4331 = CARTESIAN_POINT('',(226.89819714035,315.15029131943,
    340.48162476015));
#4332 = CARTESIAN_POINT('',(226.9054186214,315.15872267961,
    340.47548406486));
#4333 = CARTESIAN_POINT('',(226.92030190673,315.1760337119,
    340.46296641774));
#4334 = CARTESIAN_POINT('',(226.92796713223,315.18491297827,
    340.45659384671));
#4335 = CARTESIAN_POINT('',(226.93566197984,315.19379882496,
    340.45027026927));
#4336 = CARTESIAN_POINT('',(226.9433910209,315.20268697745,
    340.44399230728));
#4337 = CARTESIAN_POINT('',(226.95114420041,315.21158690393,
    340.43776744221));
#4338 = CARTESIAN_POINT('',(226.95891647939,315.22050297542,
    340.43159944175));
#4339 = CARTESIAN_POINT('',(226.96671027806,315.22943225739,
    340.42548653556));
#4340 = CARTESIAN_POINT('',(226.97967417669,315.24449291954,
    340.4154343164));
#4341 = CARTESIAN_POINT('',(226.98529379307,315.25102652986,
    340.41110934604));
#4342 = CARTESIAN_POINT('',(226.99053028039,315.25747688938,
    340.40711586421));
#4343 = CARTESIAN_POINT('',(226.99531850213,315.26321043537,
    340.40350438109));
#4344 = CARTESIAN_POINT('',(226.99894411127,315.2681411536,
    340.40078809162));
#4345 = CARTESIAN_POINT('',(227.00092652615,315.27244743773,
    340.39930490046));
#4346 = CARTESIAN_POINT('',(227.00192842116,315.27610080051,
    340.39855535982));
#4347 = CARTESIAN_POINT('',(227.00307079089,315.28214340746,
    340.39770132419));
#4348 = CARTESIAN_POINT('',(227.0031757423,315.2850483586,
    340.39762326604));
#4349 = CARTESIAN_POINT('',(227.00308967664,315.287770112,
    340.39768729539));
#4350 = CARTESIAN_POINT('',(227.00292490837,315.29038005414,
    340.39781050727));
#4351 = CARTESIAN_POINT('',(227.00267533676,315.29294684741,
    340.39799688175));
#4352 = CARTESIAN_POINT('',(227.00238754755,315.29549091292,
    340.39821203926));
#4353 = CARTESIAN_POINT('',(227.0020605243,315.29802448275,
    340.39845661846));
#4354 = CARTESIAN_POINT('',(227.00110794203,315.30484142368,
    340.39916946522));
#4355 = CARTESIAN_POINT('',(227.00042487693,315.30914348412,
    340.39968102948));
#4356 = CARTESIAN_POINT('',(226.99970517925,315.31343832966,
    340.40022059886));
#4357 = CARTESIAN_POINT('',(226.9989598843,315.31772753697,
    340.40077997853));
#4358 = CARTESIAN_POINT('',(226.99819624434,315.32201223505,
    340.40135377907));
#4359 = CARTESIAN_POINT('',(226.99742082243,315.32629379594,
    340.40193711899));
#4360 = CARTESIAN_POINT('',(226.99663517201,315.33057297889,
    340.40252884916));
#4361 = CARTESIAN_POINT('',(226.9951673792,315.33848924342,
    340.40363567138));
#4362 = CARTESIAN_POINT('',(226.99448746244,315.34212610785,
    340.40414888996));
#4363 = CARTESIAN_POINT('',(226.99380329476,315.34576192449,
    340.40466583854));
#4364 = CARTESIAN_POINT('',(226.99311578423,315.34939689651,
    340.4051858427));
#4365 = CARTESIAN_POINT('',(226.99242564926,315.3530311861,
    340.40570836891));
#4366 = CARTESIAN_POINT('',(226.99173341866,315.35666491445,
    340.4062330245));
#4367 = CARTESIAN_POINT('',(226.9910394316,315.36029816173,
    340.40675955769));
#4368 = CARTESIAN_POINT('',(226.98930227392,315.36937063179,
    340.40807891944));
#4369 = CARTESIAN_POINT('',(226.98825736072,315.37480935466,
    340.40887375414));
#4370 = CARTESIAN_POINT('',(226.98720988648,315.38024731936,
    340.40967177628));
#4371 = CARTESIAN_POINT('',(226.98616050173,315.38568467771,
    340.41047250298));
#4372 = CARTESIAN_POINT('',(226.98510971896,315.39112154972,
    340.41127555382));
#4373 = CARTESIAN_POINT('',(226.98405791274,315.39655802362,
    340.41208065084));
#4374 = CARTESIAN_POINT('',(226.98300531958,315.40199415587,
    340.41288761854));
#4375 = CARTESIAN_POINT('',(226.97673007405,315.4343796813,
    340.41770608454));
#4376 = CARTESIAN_POINT('',(226.97149287989,315.46132195275,
    340.42175871615));
#4377 = CARTESIAN_POINT('',(226.96626302382,315.48826215995,
    340.42583753793));
#4378 = CARTESIAN_POINT('',(226.96104099097,315.51520036731,
    340.42994220408));
#4379 = CARTESIAN_POINT('',(226.9558287762,315.5421370067,
    340.43407125032));
#4380 = CARTESIAN_POINT('',(226.95062971122,315.5690728385,
    340.43822222289));
#4381 = CARTESIAN_POINT('',(226.94544269962,315.59600756542,
    340.44239595863));
#4382 = CARTESIAN_POINT('',(226.92932909159,315.67989437268,
    340.45546323059));
#4383 = CARTESIAN_POINT('',(226.9184483365,315.73684340426,
    340.46443290431));
#4384 = CARTESIAN_POINT('',(226.90763098489,315.79378916525,
    340.47349765972));
#4385 = CARTESIAN_POINT('',(226.89687819574,315.85073150382,
    340.48265694417));
#4386 = CARTESIAN_POINT('',(226.88619015636,315.9076700178,
    340.49191099124));
#4387 = CARTESIAN_POINT('',(226.87556718229,315.96460431959,
    340.50126000577));
#4388 = CARTESIAN_POINT('',(226.86500983091,316.02153406239,
    340.51070408127));
#4389 = CARTESIAN_POINT('',(226.85451802875,316.07845872749,
    340.52024384946));
#4390 = PCURVE('',#31,#4391);
#4391 = DEFINITIONAL_REPRESENTATION('',(#4392),#4479);
#4392 = B_SPLINE_CURVE_WITH_KNOTS('',8,(#4393,#4394,#4395,#4396,#4397,
    #4398,#4399,#4400,#4401,#4402,#4403,#4404,#4405,#4406,#4407,#4408,
    #4409,#4410,#4411,#4412,#4413,#4414,#4415,#4416,#4417,#4418,#4419,
    #4420,#4421,#4422,#4423,#4424,#4425,#4426,#4427,#4428,#4429,#4430,
    #4431,#4432,#4433,#4434,#4435,#4436,#4437,#4438,#4439,#4440,#4441,
    #4442,#4443,#4444,#4445,#4446,#4447,#4448,#4449,#4450,#4451,#4452,
    #4453,#4454,#4455,#4456,#4457,#4458,#4459,#4460,#4461,#4462,#4463,
    #4464,#4465,#4466,#4467,#4468,#4469,#4470,#4471,#4472,#4473,#4474,
    #4475,#4476,#4477,#4478),.UNSPECIFIED.,.F.,.F.,(9,7,7,7,7,7,7,7,7,7,
    7,7,9),(0.,0.231012782128,0.351090078341,0.474244552514,
    0.48910817961,0.504751046617,0.515273181641,0.527285920055,
    0.548031270045,0.565673373946,0.592090183499,0.72305956553,1.),
  .UNSPECIFIED.);
#4393 = CARTESIAN_POINT('',(5.099639190689,76.971311520803));
#4394 = CARTESIAN_POINT('',(5.024295470574,77.098569865132));
#4395 = CARTESIAN_POINT('',(4.949163108726,77.226342208514));
#4396 = CARTESIAN_POINT('',(4.874223921207,77.354565470773));
#4397 = CARTESIAN_POINT('',(4.799458338547,77.483188426105));
#4398 = CARTESIAN_POINT('',(4.724846905883,77.612168413795));
#4399 = CARTESIAN_POINT('',(4.650371694316,77.741467399172));
#4400 = CARTESIAN_POINT('',(4.576017623474,77.871047384817));
#4401 = CARTESIAN_POINT('',(4.463182713119,78.068342688794));
#4402 = CARTESIAN_POINT('',(4.424620562607,78.135886078663));
#4403 = CARTESIAN_POINT('',(4.386085277518,78.203490104328));
#4404 = CARTESIAN_POINT('',(4.347574767529,78.271149885208));
#4405 = CARTESIAN_POINT('',(4.309086897682,78.338860767726));
#4406 = CARTESIAN_POINT('',(4.270619567835,78.406618195613));
#4407 = CARTESIAN_POINT('',(4.232170792122,78.474417580214));
#4408 = CARTESIAN_POINT('',(4.154321881189,78.611829185434));
#4409 = CARTESIAN_POINT('',(4.114922555927,78.681444420387));
#4410 = CARTESIAN_POINT('',(4.075536914298,78.751091247127));
#4411 = CARTESIAN_POINT('',(4.036170208311,78.820776530727));
#4412 = CARTESIAN_POINT('',(3.996805103965,78.890471253877));
#4413 = CARTESIAN_POINT('',(3.957463846457,78.960209555596));
#4414 = CARTESIAN_POINT('',(3.918117903357,79.029944929909));
#4415 = CARTESIAN_POINT('',(3.874060964889,79.108159548513));
#4416 = CARTESIAN_POINT('',(3.869316820303,79.116583561003));
#4417 = CARTESIAN_POINT('',(3.86457327804,79.1250085647));
#4418 = CARTESIAN_POINT('',(3.859830430871,79.133434703911));
#4419 = CARTESIAN_POINT('',(3.855088406372,79.141862177479));
#4420 = CARTESIAN_POINT('',(3.850347418045,79.15029131943));
#4421 = CARTESIAN_POINT('',(3.84560781643,79.158722679615));
#4422 = CARTESIAN_POINT('',(3.835884086801,79.176033711901));
#4423 = CARTESIAN_POINT('',(3.830900059,79.18491297827));
#4424 = CARTESIAN_POINT('',(3.825920277639,79.193798824969));
#4425 = CARTESIAN_POINT('',(3.820941710664,79.202686977453));
#4426 = CARTESIAN_POINT('',(3.815970434735,79.211586903938));
#4427 = CARTESIAN_POINT('',(3.811009405801,79.220502975424));
#4428 = CARTESIAN_POINT('',(3.806056934455,79.229432257398));
#4429 = CARTESIAN_POINT('',(3.797854651575,79.244492919547));
#4430 = CARTESIAN_POINT('',(3.794309056808,79.251026529863));
#4431 = CARTESIAN_POINT('',(3.79101638588,79.257476889381));
#4432 = CARTESIAN_POINT('',(3.788017677317,79.263210435374));
#4433 = CARTESIAN_POINT('',(3.785752548791,79.268141153608));
#4434 = CARTESIAN_POINT('',(3.784514621224,79.272447437733));
#4435 = CARTESIAN_POINT('',(3.783889001651,79.27610080051));
#4436 = CARTESIAN_POINT('',(3.783175842225,79.282143407469));
#4437 = CARTESIAN_POINT('',(3.783110443884,79.285048358607));
#4438 = CARTESIAN_POINT('',(3.783164079187,79.287770112008));
#4439 = CARTESIAN_POINT('',(3.783266950217,79.290380054143));
#4440 = CARTESIAN_POINT('',(3.783422691488,79.292946847416));
#4441 = CARTESIAN_POINT('',(3.783602354637,79.295490912925));
#4442 = CARTESIAN_POINT('',(3.783806537871,79.298024482756));
#4443 = CARTESIAN_POINT('',(3.784401425147,79.304841423685));
#4444 = CARTESIAN_POINT('',(3.784828120535,79.309143484128));
#4445 = CARTESIAN_POINT('',(3.785277870337,79.31343832966));
#4446 = CARTESIAN_POINT('',(3.785743802107,79.317727536976));
#4447 = CARTESIAN_POINT('',(3.786221398305,79.322012235055));
#4448 = CARTESIAN_POINT('',(3.786706569432,79.326293795945));
#4449 = CARTESIAN_POINT('',(3.787198349577,79.330572978897));
#4450 = CARTESIAN_POINT('',(3.78811751648,79.338489243427));
#4451 = CARTESIAN_POINT('',(3.788543450728,79.342126107859));
#4452 = CARTESIAN_POINT('',(3.788972205015,79.345761924496));
#4453 = CARTESIAN_POINT('',(3.789403213923,79.349396896518));
#4454 = CARTESIAN_POINT('',(3.789836030152,79.353031186108));
#4455 = CARTESIAN_POINT('',(3.790270324515,79.356664914453));
#4456 = CARTESIAN_POINT('',(3.790705885946,79.360298161738));
#4457 = CARTESIAN_POINT('',(3.791796577498,79.369370631793));
#4458 = CARTESIAN_POINT('',(3.792453008153,79.374809354664));
#4459 = CARTESIAN_POINT('',(3.793111422913,79.380247319367));
#4460 = CARTESIAN_POINT('',(3.793771417167,79.385684677712));
#4461 = CARTESIAN_POINT('',(3.794432672238,79.391121549722));
#4462 = CARTESIAN_POINT('',(3.795094955386,79.396558023627));
#4463 = CARTESIAN_POINT('',(3.795758119803,79.401994155871));
#4464 = CARTESIAN_POINT('',(3.799714011644,79.434379681305));
#4465 = CARTESIAN_POINT('',(3.80302503155,79.461321952757));
#4466 = CARTESIAN_POINT('',(3.806341171068,79.48826215995));
#4467 = CARTESIAN_POINT('',(3.809662188924,79.515200367311));
#4468 = CARTESIAN_POINT('',(3.812986904462,79.542137006703));
#4469 = CARTESIAN_POINT('',(3.816313305535,79.569072838509));
#4470 = CARTESIAN_POINT('',(3.819642138602,79.596007565422));
#4471 = CARTESIAN_POINT('',(3.830015204206,79.679894372688));
#4472 = CARTESIAN_POINT('',(3.837065612375,79.736843404268));
#4473 = CARTESIAN_POINT('',(3.844121874538,79.793789165251));
#4474 = CARTESIAN_POINT('',(3.851183902991,79.850731503825));
#4475 = CARTESIAN_POINT('',(3.858252238634,79.9076700178));
#4476 = CARTESIAN_POINT('',(3.8653273676,79.964604319592));
#4477 = CARTESIAN_POINT('',(3.872409652158,80.021534062391));
#4478 = CARTESIAN_POINT('',(3.879499875882,80.078458727497));
#4479 = ( GEOMETRIC_REPRESENTATION_CONTEXT(2) 
PARAMETRIC_REPRESENTATION_CONTEXT() REPRESENTATION_CONTEXT('2D SPACE',''
  ) );
#4480 = PCURVE('',#1179,#4481);
#4481 = DEFINITIONAL_REPRESENTATION('',(#4482),#4569);
#4482 = B_SPLINE_CURVE_WITH_KNOTS('',8,(#4483,#4484,#4485,#4486,#4487,
    #4488,#4489,#4490,#4491,#4492,#4493,#4494,#4495,#4496,#4497,#4498,
    #4499,#4500,#4501,#4502,#4503,#4504,#4505,#4506,#4507,#4508,#4509,
    #4510,#4511,#4512,#4513,#4514,#4515,#4516,#4517,#4518,#4519,#4520,
    #4521,#4522,#4523,#4524,#4525,#4526,#4527,#4528,#4529,#4530,#4531,
    #4532,#4533,#4534,#4535,#4536,#4537,#4538,#4539,#4540,#4541,#4542,
    #4543,#4544,#4545,#4546,#4547,#4548,#4549,#4550,#4551,#4552,#4553,
    #4554,#4555,#4556,#4557,#4558,#4559,#4560,#4561,#4562,#4563,#4564,
    #4565,#4566,#4567,#4568),.UNSPECIFIED.,.F.,.F.,(9,7,7,7,7,7,7,7,7,7,
    7,7,9),(0.,0.231012782128,0.351090078341,0.474244552514,
    0.48910817961,0.504751046617,0.515273181641,0.527285920055,
    0.548031270045,0.565673373946,0.592090183499,0.72305956553,1.),
  .UNSPECIFIED.);
#4483 = CARTESIAN_POINT('',(1.6,76.779887379092));
#4484 = CARTESIAN_POINT('',(1.551168764791,76.956095444058));
#4485 = CARTESIAN_POINT('',(1.503117462885,77.132246500253));
#4486 = CARTESIAN_POINT('',(1.45577313264,77.308336865801));
#4487 = CARTESIAN_POINT('',(1.40906544284,77.484372378794));
#4488 = CARTESIAN_POINT('',(1.362925592919,77.660362117751));
#4489 = CARTESIAN_POINT('',(1.317286558062,77.836313328459));
#4490 = CARTESIAN_POINT('',(1.272084679184,78.012227557183));
#4491 = CARTESIAN_POINT('',(1.203964690655,78.279513044825));
#4492 = CARTESIAN_POINT('',(1.180768825666,78.370918455078));
#4493 = CARTESIAN_POINT('',(1.157666602496,78.462314274661));
#4494 = CARTESIAN_POINT('',(1.134649818697,78.553700920799));
#4495 = CARTESIAN_POINT('',(1.111710469116,78.645079007737));
#4496 = CARTESIAN_POINT('',(1.088840745305,78.736449180195));
#4497 = CARTESIAN_POINT('',(1.066033034942,78.827811946821));
#4498 = CARTESIAN_POINT('',(1.019943721631,79.012864216933));
#4499 = CARTESIAN_POINT('',(0.99666405672,79.106553935417));
#4500 = CARTESIAN_POINT('',(0.973437883122,79.200238340582));
#4501 = CARTESIAN_POINT('',(0.950240004577,79.293911953935));
#4502 = CARTESIAN_POINT('',(0.927098696613,79.387588308209));
#4503 = CARTESIAN_POINT('',(0.903948826804,79.481247933309));
#4504 = CARTESIAN_POINT('',(0.880845085615,79.574913992112));
#4505 = CARTESIAN_POINT('',(0.854890027675,79.679854672868));
#4506 = CARTESIAN_POINT('',(0.852094016917,79.691155689607));
#4507 = CARTESIAN_POINT('',(0.84929690316,79.702456219961));
#4508 = CARTESIAN_POINT('',(0.846498446529,79.713756184367));
#4509 = CARTESIAN_POINT('',(0.843698325755,79.725055473732));
#4510 = CARTESIAN_POINT('',(0.840896018134,79.736353906304));
#4511 = CARTESIAN_POINT('',(0.838090679492,79.747651184548));
#4512 = CARTESIAN_POINT('',(0.832324069915,79.770834705697));
#4513 = CARTESIAN_POINT('',(0.829363082099,79.78272060551));
#4514 = CARTESIAN_POINT('',(0.826392451817,79.794602869179));
#4515 = CARTESIAN_POINT('',(0.823418825707,79.806484287797));
#4516 = CARTESIAN_POINT('',(0.820428010226,79.818359679999));
#4517 = CARTESIAN_POINT('',(0.817413292414,79.830226417444));
#4518 = CARTESIAN_POINT('',(0.814378847592,79.842085801487));
#4519 = CARTESIAN_POINT('',(0.809115121134,79.861852094577));
#4520 = CARTESIAN_POINT('',(0.806819362496,79.870407167272));
#4521 = CARTESIAN_POINT('',(0.804352115554,79.878527599414));
#4522 = CARTESIAN_POINT('',(0.802228601621,79.885858395479));
#4523 = CARTESIAN_POINT('',(0.800099249059,79.891671014728));
#4524 = CARTESIAN_POINT('',(0.797524022839,79.895587066243));
#4525 = CARTESIAN_POINT('',(0.794928867491,79.898243805616));
#4526 = CARTESIAN_POINT('',(0.790325688346,79.902133912646));
#4527 = CARTESIAN_POINT('',(0.787844580578,79.90356917415));
#4528 = CARTESIAN_POINT('',(0.785408881709,79.904733809165));
#4529 = CARTESIAN_POINT('',(0.783023527359,79.905769973751));
#4530 = CARTESIAN_POINT('',(0.780624866386,79.906703472662));
#4531 = CARTESIAN_POINT('',(0.778222991573,79.907589050358));
#4532 = CARTESIAN_POINT('',(0.775806611263,79.908431381577));
#4533 = CARTESIAN_POINT('',(0.769261009292,79.910626482895));
#4534 = CARTESIAN_POINT('',(0.765080633896,79.911931419065));
#4535 = CARTESIAN_POINT('',(0.760884297438,79.913196919699));
#4536 = CARTESIAN_POINT('',(0.756677261481,79.914434482367));
#4537 = CARTESIAN_POINT('',(0.752462903708,79.915651708027));
#4538 = CARTESIAN_POINT('',(0.748243975202,79.916855638216));
#4539 = CARTESIAN_POINT('',(0.744020744835,79.91804813728));
#4540 = CARTESIAN_POINT('',(0.736198911349,79.920239504322));
#4541 = CARTESIAN_POINT('',(0.732601901344,79.921240543539));
#4542 = CARTESIAN_POINT('',(0.729003086087,79.922236698287));
#4543 = CARTESIAN_POINT('',(0.725402834286,79.923228949274));
#4544 = CARTESIAN_POINT('',(0.721801436398,79.924218073252));
#4545 = CARTESIAN_POINT('',(0.718199104629,79.925204643025));
#4546 = CARTESIAN_POINT('',(0.714595972934,79.926189027445));
#4547 = CARTESIAN_POINT('',(0.705595750623,79.928642356665));
#4548 = CARTESIAN_POINT('',(0.700197845283,79.930109061719));
#4549 = CARTESIAN_POINT('',(0.694798694938,79.931572363826));
#4550 = CARTESIAN_POINT('',(0.689398558317,79.933032970956));
#4551 = CARTESIAN_POINT('',(0.683997638938,79.934491441799));
#4552 = CARTESIAN_POINT('',(0.678596085103,79.935948185758));
#4553 = CARTESIAN_POINT('',(0.673193989904,79.93740346296));
#4554 = CARTESIAN_POINT('',(0.641006362179,79.946065641993));
#4555 = CARTESIAN_POINT('',(0.614209665221,79.953242383164));
#4556 = CARTESIAN_POINT('',(0.587410195298,79.960412509155));
#4557 = CARTESIAN_POINT('',(0.560608207014,79.967576930384));
#4558 = CARTESIAN_POINT('',(0.533804541174,79.974738199342));
#4559 = CARTESIAN_POINT('',(0.507000554637,79.981900323945));
#4560 = CARTESIAN_POINT('',(0.480195864649,79.98906250459));
#4561 = CARTESIAN_POINT('',(0.396711010568,80.011375198245));
#4562 = CARTESIAN_POINT('',(0.340030178781,80.026531585776));
#4563 = CARTESIAN_POINT('',(0.283350684707,80.041703945119));
#4564 = CARTESIAN_POINT('',(0.226673492962,80.05689719574));
#4565 = CARTESIAN_POINT('',(0.169999185898,80.072115210883));
#4566 = CARTESIAN_POINT('',(0.113328393542,80.087362024505));
#4567 = CARTESIAN_POINT('',(5.666183909602E-02,80.102641966652));
#4568 = CARTESIAN_POINT('',(0.,80.117958727301));
#4569 = ( GEOMETRIC_REPRESENTATION_CONTEXT(2) 
PARAMETRIC_REPRESENTATION_CONTEXT() REPRESENTATION_CONTEXT('2D SPACE',''
  ) );
#4570 = ORIENTED_EDGE('',*,*,#4571,.F.);
#4571 = EDGE_CURVE('',#4572,#4300,#4574,.T.);
#4572 = VERTEX_POINT('',#4573);
#4573 = CARTESIAN_POINT('',(227.17428833404,314.47118876028,
    340.2830505021));
#4574 = SURFACE_CURVE('',#4575,(#4599,#4626),.PCURVE_S1.);
#4575 = B_SPLINE_CURVE_WITH_KNOTS('',8,(#4576,#4577,#4578,#4579,#4580,
    #4581,#4582,#4583,#4584,#4585,#4586,#4587,#4588,#4589,#4590,#4591,
    #4592,#4593,#4594,#4595,#4596,#4597,#4598),.UNSPECIFIED.,.F.,.F.,(9,
    7,7,9),(0.,0.241917302428,0.837039912983,1.),.UNSPECIFIED.);
#4576 = CARTESIAN_POINT('',(227.17428833404,314.47118876028,
    340.2830505021));
#4577 = CARTESIAN_POINT('',(227.10163472263,314.42453912374,
    340.32645402497));
#4578 = CARTESIAN_POINT('',(227.0312238658,314.37757222106,
    340.37328520836));
#4579 = CARTESIAN_POINT('',(226.96321481738,314.33033599029,
    340.42341615815));
#4580 = CARTESIAN_POINT('',(226.89776001314,314.28287641081,
    340.47671364497));
#4581 = CARTESIAN_POINT('',(226.83500528265,314.2352379914,
    340.53303949408));
#4582 = CARTESIAN_POINT('',(226.77508986106,314.18746425838,
    340.59225097523));
#4583 = CARTESIAN_POINT('',(226.71814640103,314.13959824376,
    340.65420119261));
#4584 = CARTESIAN_POINT('',(226.531839914,313.9738102105,340.87750526157
    ));
#4585 = CARTESIAN_POINT('',(226.41820731459,313.85571026987,
    341.05183804309));
#4586 = CARTESIAN_POINT('',(226.32514789728,313.73794035335,
    341.23957498977));
#4587 = CARTESIAN_POINT('',(226.25434495366,313.62114629437,
    341.43837129524));
#4588 = CARTESIAN_POINT('',(226.20730762864,313.50608656011,
    341.64563997175));
#4589 = CARTESIAN_POINT('',(226.18537195134,313.39371714389,
    341.85856444025));
#4590 = CARTESIAN_POINT('',(226.18958314548,313.2852286483,
    342.07413589557));
#4591 = CARTESIAN_POINT('',(226.22964097779,313.15417551989,
    342.34818072404));
#4592 = CARTESIAN_POINT('',(226.24029235836,313.12642990166,
    342.40704586774));
#4593 = CARTESIAN_POINT('',(226.25300466726,313.09914743046,
    342.4657994061));
#4594 = CARTESIAN_POINT('',(226.26779722988,313.07236955898,
    342.52437035618));
#4595 = CARTESIAN_POINT('',(226.28468787912,313.04614254655,
    342.58268412174));
#4596 = CARTESIAN_POINT('',(226.30369265598,313.02051794314,
    342.64066274091));
#4597 = CARTESIAN_POINT('',(226.32482551006,312.99555307344,
    342.69822513398));
#4598 = CARTESIAN_POINT('',(226.34809800009,312.9713115208,
    342.75528735111));
#4599 = PCURVE('',#31,#4600);
#4600 = DEFINITIONAL_REPRESENTATION('',(#4601),#4625);
#4601 = B_SPLINE_CURVE_WITH_KNOTS('',8,(#4602,#4603,#4604,#4605,#4606,
    #4607,#4608,#4609,#4610,#4611,#4612,#4613,#4614,#4615,#4616,#4617,
    #4618,#4619,#4620,#4621,#4622,#4623,#4624),.UNSPECIFIED.,.F.,.F.,(9,
    7,7,9),(0.,0.241917302428,0.837039912983,1.),.UNSPECIFIED.);
#4602 = CARTESIAN_POINT('',(3.680100786911,78.471188760287));
#4603 = CARTESIAN_POINT('',(3.722416307256,78.424539123749));
#4604 = CARTESIAN_POINT('',(3.764648095188,78.377572221062));
#4605 = CARTESIAN_POINT('',(3.8068105598,78.330335990297));
#4606 = CARTESIAN_POINT('',(3.848917642381,78.282876410816));
#4607 = CARTESIAN_POINT('',(3.890983094546,78.235237991402));
#4608 = CARTESIAN_POINT('',(3.933020756356,78.187464258382));
#4609 = CARTESIAN_POINT('',(3.97504483445,78.139598243761));
#4610 = CARTESIAN_POINT('',(4.120453581025,77.973810210509));
#4611 = CARTESIAN_POINT('',(4.223782636328,77.85571026987));
#4612 = CARTESIAN_POINT('',(4.327350764162,77.737940353353));
#4613 = CARTESIAN_POINT('',(4.431399149954,77.621146294375));
#4614 = CARTESIAN_POINT('',(4.536152462949,77.506086560119));
#4615 = CARTESIAN_POINT('',(4.641865915261,77.39371714389));
#4616 = CARTESIAN_POINT('',(4.748822924482,77.285228648305));
#4617 = CARTESIAN_POINT('',(4.887301440814,77.154175519896));
#4618 = CARTESIAN_POINT('',(4.917194815317,77.126429901663));
#4619 = CARTESIAN_POINT('',(4.947222204563,77.099147430465));
#4620 = CARTESIAN_POINT('',(4.977391517603,77.072369558985));
#4621 = CARTESIAN_POINT('',(5.007710330946,77.046142546551));
#4622 = CARTESIAN_POINT('',(5.038186109553,77.020517943149));
#4623 = CARTESIAN_POINT('',(5.068826427842,76.995553073444));
#4624 = CARTESIAN_POINT('',(5.099639190689,76.971311520803));
#4625 = ( GEOMETRIC_REPRESENTATION_CONTEXT(2) 
PARAMETRIC_REPRESENTATION_CONTEXT() REPRESENTATION_CONTEXT('2D SPACE',''
  ) );
#4626 = PCURVE('',#166,#4627);
#4627 = DEFINITIONAL_REPRESENTATION('',(#4628),#4652);
#4628 = B_SPLINE_CURVE_WITH_KNOTS('',8,(#4629,#4630,#4631,#4632,#4633,
    #4634,#4635,#4636,#4637,#4638,#4639,#4640,#4641,#4642,#4643,#4644,
    #4645,#4646,#4647,#4648,#4649,#4650,#4651),.UNSPECIFIED.,.F.,.F.,(9,
    7,7,9),(0.,0.241917302428,0.837039912983,1.),.UNSPECIFIED.);
#4629 = CARTESIAN_POINT('',(0.,79.690177059166));
#4630 = CARTESIAN_POINT('',(1.571982903486E-02,79.602702890426));
#4631 = CARTESIAN_POINT('',(3.03897972308E-02,79.515177501548));
#4632 = CARTESIAN_POINT('',(4.403376802734E-02,79.427604369319));
#4633 = CARTESIAN_POINT('',(5.667050922499E-02,79.339986334083));
#4634 = CARTESIAN_POINT('',(6.831376923103E-02,79.25232548005));
#4635 = CARTESIAN_POINT('',(7.897235330534E-02,79.164623015607));
#4636 = CARTESIAN_POINT('',(8.865019980618E-02,79.076879153629));
#4637 = CARTESIAN_POINT('',(0.118739465103,78.773136839493));
#4638 = CARTESIAN_POINT('',(0.134178846323,78.557054321032));
#4639 = CARTESIAN_POINT('',(0.143678460555,78.340680378275));
#4640 = CARTESIAN_POINT('',(0.147021011718,78.12396766677));
#4641 = CARTESIAN_POINT('',(0.143802725083,77.906946388498));
#4642 = CARTESIAN_POINT('',(0.13333120166,77.689697516808));
#4643 = CARTESIAN_POINT('',(0.114627659924,77.472370480358));
#4644 = CARTESIAN_POINT('',(7.809505370205E-02,77.195546571569));
#4645 = CARTESIAN_POINT('',(6.949546956199E-02,77.13605216379));
#4646 = CARTESIAN_POINT('',(6.011454231148E-02,77.076576131629));
#4647 = CARTESIAN_POINT('',(4.991398492146E-02,77.017127306559));
#4648 = CARTESIAN_POINT('',(3.885157980961E-02,76.957717578426));
#4649 = CARTESIAN_POINT('',(2.688060055362E-02,76.8983618778));
#4650 = CARTESIAN_POINT('',(1.394923360453E-02,76.839078158329));
#4651 = CARTESIAN_POINT('',(0.,76.779887379092));
#4652 = ( GEOMETRIC_REPRESENTATION_CONTEXT(2) 
PARAMETRIC_REPRESENTATION_CONTEXT() REPRESENTATION_CONTEXT('2D SPACE',''
  ) );
#4653 = ORIENTED_EDGE('',*,*,#4654,.T.);
#4654 = EDGE_CURVE('',#4572,#4217,#4655,.T.);
#4655 = SURFACE_CURVE('',#4656,(#4743,#4833),.PCURVE_S1.);
#4656 = B_SPLINE_CURVE_WITH_KNOTS('',8,(#4657,#4658,#4659,#4660,#4661,
    #4662,#4663,#4664,#4665,#4666,#4667,#4668,#4669,#4670,#4671,#4672,
    #4673,#4674,#4675,#4676,#4677,#4678,#4679,#4680,#4681,#4682,#4683,
    #4684,#4685,#4686,#4687,#4688,#4689,#4690,#4691,#4692,#4693,#4694,
    #4695,#4696,#4697,#4698,#4699,#4700,#4701,#4702,#4703,#4704,#4705,
    #4706,#4707,#4708,#4709,#4710,#4711,#4712,#4713,#4714,#4715,#4716,
    #4717,#4718,#4719,#4720,#4721,#4722,#4723,#4724,#4725,#4726,#4727,
    #4728,#4729,#4730,#4731,#4732,#4733,#4734,#4735,#4736,#4737,#4738,
    #4739,#4740,#4741,#4742),.UNSPECIFIED.,.F.,.F.,(9,7,7,7,7,7,7,7,7,7,
    7,7,9),(0.,0.272709809694,0.409560740051,0.432719490394,
    0.459840549212,0.473740588365,0.480973611544,0.48824395033,
    0.496607797822,0.522164524913,0.646318148349,0.768434510958,1.),
  .UNSPECIFIED.);
#4657 = CARTESIAN_POINT('',(227.17428833404,314.47118876028,
    340.2830505021));
#4658 = CARTESIAN_POINT('',(227.16213038792,314.52803895596,
    340.29031370185));
#4659 = CARTESIAN_POINT('',(227.15004483527,314.58489422502,
    340.29766715096));
#4660 = CARTESIAN_POINT('',(227.13803105515,314.64175405165,
    340.305110734));
#4661 = CARTESIAN_POINT('',(227.12608911405,314.69861808934,
    340.31264389556));
#4662 = CARTESIAN_POINT('',(227.11421890632,314.75548595186,
    340.32026627566));
#4663 = CARTESIAN_POINT('',(227.10242026574,314.81235723936,
    340.32797762528));
#4664 = CARTESIAN_POINT('',(227.09069404851,314.86923179949,
    340.33577700215));
#4665 = CARTESIAN_POINT('',(227.07319806711,314.95465289037,
    340.34761770925));
#4666 = CARTESIAN_POINT('',(227.06737091328,314.98319643616,
    340.35159573783));
#4667 = CARTESIAN_POINT('',(227.06156498173,315.01174138354,
    340.35559362898));
#4668 = CARTESIAN_POINT('',(227.0557771901,315.04028696824,
    340.35961363987));
#4669 = CARTESIAN_POINT('',(227.05001341127,315.06883455843,
    340.36365139469));
#4670 = CARTESIAN_POINT('',(227.04427625551,315.09738472423,
    340.36770493955));
#4671 = CARTESIAN_POINT('',(227.03856323983,315.12593680512,
    340.371776098));
#4672 = CARTESIAN_POINT('',(227.03195594682,315.15933343229,
    340.37652395257));
#4673 = CARTESIAN_POINT('',(227.03100150016,315.16416736914,
    340.3772107714));
#4674 = CARTESIAN_POINT('',(227.03004901176,315.16900166162,
    340.37789715505));
#4675 = CARTESIAN_POINT('',(227.02909872486,315.17383636766,
    340.37858292321));
#4676 = CARTESIAN_POINT('',(227.02815101713,315.17867157584,
    340.37926779587));
#4677 = CARTESIAN_POINT('',(227.02720640075,315.18350740539,
    340.37995139341));
#4678 = CARTESIAN_POINT('',(227.02626552239,315.18834400621,
    340.38063323654));
#4679 = CARTESIAN_POINT('',(227.02423259913,315.19884678465,
    340.38210851576));
#4680 = CARTESIAN_POINT('',(227.0231426929,315.20451311421,
    340.38290074559));
#4681 = CARTESIAN_POINT('',(227.02205964369,315.21018092063,
    340.38368928508));
#4682 = CARTESIAN_POINT('',(227.0209873972,315.21585122057,
    340.38447121281));
#4683 = CARTESIAN_POINT('',(227.01992911401,315.22152471791,
    340.38524418728));
#4684 = CARTESIAN_POINT('',(227.01888820875,315.22720205332,
    340.38600567667));
#4685 = CARTESIAN_POINT('',(227.01787495989,315.23288525957,
    340.38674806796));
#4686 = CARTESIAN_POINT('',(227.01642858461,315.24149929795,
    340.38780923145));
#4687 = CARTESIAN_POINT('',(227.01595458873,315.2444175048,
    340.38815725111));
#4688 = CARTESIAN_POINT('',(227.01549876322,315.24733957136,
    340.38849217022));
#4689 = CARTESIAN_POINT('',(227.01506948655,315.25026873311,
    340.38880780549));
#4690 = CARTESIAN_POINT('',(227.01467587121,315.25320630178,
    340.38909741632));
#4691 = CARTESIAN_POINT('',(227.01433157138,315.256152337,
    340.38935088744));
#4692 = CARTESIAN_POINT('',(227.01406798224,315.25910762074,
    340.38954501201));
#4693 = CARTESIAN_POINT('',(227.01389899218,315.26362204626,
    340.38966947354));
#4694 = CARTESIAN_POINT('',(227.01388504799,315.26519731997,
    340.3896798586));
#4695 = CARTESIAN_POINT('',(227.01391996214,315.266801499,
    340.38965417543));
#4696 = CARTESIAN_POINT('',(227.01402150533,315.2684421251,
    340.3895792758));
#4697 = CARTESIAN_POINT('',(227.01422025504,315.27013553829,
    340.38943271815));
#4698 = CARTESIAN_POINT('',(227.01455959558,315.27190687691,
    340.38918276761));
#4699 = CARTESIAN_POINT('',(227.01509571809,315.27379007757,
    340.388788396));
#4700 = CARTESIAN_POINT('',(227.01670366003,315.27787618595,
    340.38760712846));
#4701 = CARTESIAN_POINT('',(227.01776587506,315.28006780988,
    340.38682658816));
#4702 = CARTESIAN_POINT('',(227.01919586064,315.28250842592,
    340.38577794003));
#4703 = CARTESIAN_POINT('',(227.02105346154,315.2852583687,
    340.38441953541));
#4704 = CARTESIAN_POINT('',(227.02334677224,315.28833262867,
    340.38274779786));
#4705 = CARTESIAN_POINT('',(227.02603213697,315.291700852,
    340.38079722326));
#4706 = CARTESIAN_POINT('',(227.02901414966,315.29528734063,
    340.37864037972));
#4707 = CARTESIAN_POINT('',(227.03574815801,315.30320881933,
    340.37379664829));
#4708 = CARTESIAN_POINT('',(227.03959195152,315.30761810854,
    340.37104620533));
#4709 = CARTESIAN_POINT('',(227.04360403795,315.31214448128,
    340.36819127531));
#4710 = CARTESIAN_POINT('',(227.04772789239,315.31674591505,
    340.36527421673));
#4711 = CARTESIAN_POINT('',(227.05192346164,315.32139280345,
    340.36232505001));
#4712 = CARTESIAN_POINT('',(227.0561671642,315.32606795619,
    340.35936145748));
#4713 = CARTESIAN_POINT('',(227.06045189025,315.3307665991,
    340.35638878337));
#4714 = CARTESIAN_POINT('',(227.07803344837,315.34994876211,
    340.34426755556));
#4715 = CARTESIAN_POINT('',(227.09141339302,315.36435400241,
    340.33522275029));
#4716 = CARTESIAN_POINT('',(227.10488532101,315.37875126189,
    340.32629636043));
#4717 = CARTESIAN_POINT('',(227.11845012536,315.3931382703,
    340.31748763362));
#4718 = CARTESIAN_POINT('',(227.13210359783,315.40751776353,
    340.30879957783));
#4719 = CARTESIAN_POINT('',(227.14583819626,315.42189578554,
    340.30023765407));
#4720 = CARTESIAN_POINT('',(227.15965570472,315.43626932595,
    340.29180038578));
#4721 = CARTESIAN_POINT('',(227.24106204641,315.52045671018,
    340.24312058697));
#4722 = CARTESIAN_POINT('',(227.31044497561,315.59021589172,
    340.2057503049));
#4723 = CARTESIAN_POINT('',(227.38148160967,315.65997674963,
    340.17152176218));
#4724 = CARTESIAN_POINT('',(227.45405294595,315.72969341234,
    340.14048935293));
#4725 = CARTESIAN_POINT('',(227.5279544416,315.79939970982,
    340.11275796174));
#4726 = CARTESIAN_POINT('',(227.60303987176,315.86906712188,
    340.08837607199));
#4727 = CARTESIAN_POINT('',(227.67912345738,315.93870255048,
    340.06740875405));
#4728 = CARTESIAN_POINT('',(227.83167601692,316.07675060722,
    340.03267790072));
#4729 = CARTESIAN_POINT('',(227.90811840605,316.14516559905,
    340.01880198732));
#4730 = CARTESIAN_POINT('',(227.98518898592,316.21353783398,
    340.00831584046));
#4731 = CARTESIAN_POINT('',(228.0627163572,316.28186274578,
    340.0012535528));
#4732 = CARTESIAN_POINT('',(228.1405271384,316.35013577782,
    339.99763929347));
#4733 = CARTESIAN_POINT('',(228.21844647119,316.41835223951,
    339.99748720016));
#4734 = CARTESIAN_POINT('',(228.29629852571,316.48650716267,
    340.00080127124));
#4735 = CARTESIAN_POINT('',(228.5210735715,316.68370832159,
    340.02042055944));
#4736 = CARTESIAN_POINT('',(228.66737107627,316.81258666075,
    340.04570770191));
#4737 = CARTESIAN_POINT('',(228.8115910157,316.9411879955,
    340.08339527961));
#4738 = CARTESIAN_POINT('',(228.95253156786,317.06947436696,
    340.13330679927));
#4739 = CARTESIAN_POINT('',(229.08900974,317.1974078363,340.19513494139)
  );
#4740 = CARTESIAN_POINT('',(229.21987412871,317.32494650904,
    340.26844428748));
#4741 = CARTESIAN_POINT('',(229.34401829371,317.45204078459,
    340.3526725134));
#4742 = CARTESIAN_POINT('',(229.46039474534,317.57862983091,
    340.44713004861));
#4743 = PCURVE('',#31,#4744);
#4744 = DEFINITIONAL_REPRESENTATION('',(#4745),#4832);
#4745 = B_SPLINE_CURVE_WITH_KNOTS('',8,(#4746,#4747,#4748,#4749,#4750,
    #4751,#4752,#4753,#4754,#4755,#4756,#4757,#4758,#4759,#4760,#4761,
    #4762,#4763,#4764,#4765,#4766,#4767,#4768,#4769,#4770,#4771,#4772,
    #4773,#4774,#4775,#4776,#4777,#4778,#4779,#4780,#4781,#4782,#4783,
    #4784,#4785,#4786,#4787,#4788,#4789,#4790,#4791,#4792,#4793,#4794,
    #4795,#4796,#4797,#4798,#4799,#4800,#4801,#4802,#4803,#4804,#4805,
    #4806,#4807,#4808,#4809,#4810,#4811,#4812,#4813,#4814,#4815,#4816,
    #4817,#4818,#4819,#4820,#4821,#4822,#4823,#4824,#4825,#4826,#4827,
    #4828,#4829,#4830,#4831),.UNSPECIFIED.,.F.,.F.,(9,7,7,7,7,7,7,7,7,7,
    7,7,9),(0.,0.272709809694,0.409560740051,0.432719490394,
    0.459840549212,0.473740588365,0.480973611544,0.48824395033,
    0.496607797822,0.522164524913,0.646318148349,0.768434510958,1.),
  .UNSPECIFIED.);
#4746 = CARTESIAN_POINT('',(3.680100786912,78.471188760286));
#4747 = CARTESIAN_POINT('',(3.687181918962,78.528038955967));
#4748 = CARTESIAN_POINT('',(3.694255119308,78.584894225022));
#4749 = CARTESIAN_POINT('',(3.701321166675,78.641754051658));
#4750 = CARTESIAN_POINT('',(3.708380425066,78.698618089348));
#4751 = CARTESIAN_POINT('',(3.71543337943,78.755485951867));
#4752 = CARTESIAN_POINT('',(3.722480566806,78.812357239369));
#4753 = CARTESIAN_POINT('',(3.729521902958,78.869231799493));
#4754 = CARTESIAN_POINT('',(3.740084948324,78.954652890371));
#4755 = CARTESIAN_POINT('',(3.743612682237,78.983196436164));
#4756 = CARTESIAN_POINT('',(3.7471372608,79.011741383548));
#4757 = CARTESIAN_POINT('',(3.750660661875,79.04028696824));
#4758 = CARTESIAN_POINT('',(3.754179291065,79.068834558437));
#4759 = CARTESIAN_POINT('',(3.757691585481,79.09738472423));
#4760 = CARTESIAN_POINT('',(3.761199152714,79.125936805128));
#4761 = CARTESIAN_POINT('',(3.765267274025,79.15933343229));
#4762 = CARTESIAN_POINT('',(3.765855212773,79.164167369142));
#4763 = CARTESIAN_POINT('',(3.766442229728,79.169001661625));
#4764 = CARTESIAN_POINT('',(3.767028173827,79.173836367665));
#4765 = CARTESIAN_POINT('',(3.767612810316,79.178671575842));
#4766 = CARTESIAN_POINT('',(3.768195820755,79.183507405395));
#4767 = CARTESIAN_POINT('',(3.768776803015,79.188344006219));
#4768 = CARTESIAN_POINT('',(3.770032711627,79.198846784657));
#4769 = CARTESIAN_POINT('',(3.770706418271,79.204513114211));
#4770 = CARTESIAN_POINT('',(3.771376266836,79.210180920638));
#4771 = CARTESIAN_POINT('',(3.772039803092,79.215851220573));
#4772 = CARTESIAN_POINT('',(3.772695060832,79.22152471791));
#4773 = CARTESIAN_POINT('',(3.773339915157,79.227202053322));
#4774 = CARTESIAN_POINT('',(3.773967971171,79.232885259576));
#4775 = CARTESIAN_POINT('',(3.774864920086,79.241499297954));
#4776 = CARTESIAN_POINT('',(3.77515893953,79.244417504807));
#4777 = CARTESIAN_POINT('',(3.775441759101,79.247339571365));
#4778 = CARTESIAN_POINT('',(3.775708172323,79.250268733115));
#4779 = CARTESIAN_POINT('',(3.775952511962,79.253206301782));
#4780 = CARTESIAN_POINT('',(3.776166281682,79.256152337006));
#4781 = CARTESIAN_POINT('',(3.776329960928,79.259107620749));
#4782 = CARTESIAN_POINT('',(3.776434899376,79.263622046267));
#4783 = CARTESIAN_POINT('',(3.776443592442,79.265197319974));
#4784 = CARTESIAN_POINT('',(3.776421920877,79.266801499007));
#4785 = CARTESIAN_POINT('',(3.776358831765,79.268442125105));
#4786 = CARTESIAN_POINT('',(3.776235360633,79.270135538298));
#4787 = CARTESIAN_POINT('',(3.776024631452,79.271906876914));
#4788 = CARTESIAN_POINT('',(3.775691856636,79.273790077576));
#4789 = CARTESIAN_POINT('',(3.774694250717,79.277876185951));
#4790 = CARTESIAN_POINT('',(3.774035169651,79.280067809888));
#4791 = CARTESIAN_POINT('',(3.773148530429,79.28250842592));
#4792 = CARTESIAN_POINT('',(3.771997888332,79.285258368709));
#4793 = CARTESIAN_POINT('',(3.770578917333,79.288332628679));
#4794 = CARTESIAN_POINT('',(3.768919410101,79.291700852009));
#4795 = CARTESIAN_POINT('',(3.767079278,79.295287340638));
#4796 = CARTESIAN_POINT('',(3.762931730452,79.303208819331));
#4797 = CARTESIAN_POINT('',(3.760568496054,79.307618108544));
#4798 = CARTESIAN_POINT('',(3.758106424877,79.312144481289));
#4799 = CARTESIAN_POINT('',(3.755580803475,79.316745915058));
#4800 = CARTESIAN_POINT('',(3.753016627969,79.321392803456));
#4801 = CARTESIAN_POINT('',(3.750428604047,79.326067956196));
#4802 = CARTESIAN_POINT('',(3.747821146968,79.330766599103));
#4803 = CARTESIAN_POINT('',(3.737143654875,79.34994876211));
#4804 = CARTESIAN_POINT('',(3.729068855905,79.364354002415));
#4805 = CARTESIAN_POINT('',(3.720989003686,79.378751261894));
#4806 = CARTESIAN_POINT('',(3.712902705739,79.393138270301));
#4807 = CARTESIAN_POINT('',(3.704811738738,79.407517763535));
#4808 = CARTESIAN_POINT('',(3.696719949484,79.421895785544));
#4809 = CARTESIAN_POINT('',(3.688625373502,79.436269325959));
#4810 = CARTESIAN_POINT('',(3.641199865387,79.520456710184));
#4811 = CARTESIAN_POINT('',(3.601836093837,79.590215891722));
#4812 = CARTESIAN_POINT('',(3.562476140919,79.659976749638));
#4813 = CARTESIAN_POINT('',(3.52309187614,79.729693412349));
#4814 = CARTESIAN_POINT('',(3.483705342624,79.799399709825));
#4815 = CARTESIAN_POINT('',(3.444299514014,79.869067121888));
#4816 = CARTESIAN_POINT('',(3.404879670383,79.938702550487));
#4817 = CARTESIAN_POINT('',(3.326651613403,80.076750607227));
#4818 = CARTESIAN_POINT('',(3.287843910982,80.145165599054));
#4819 = CARTESIAN_POINT('',(3.249017246575,80.213537833989));
#4820 = CARTESIAN_POINT('',(3.210169693924,80.281862745786));
#4821 = CARTESIAN_POINT('',(3.171299197522,80.350135777828));
#4822 = CARTESIAN_POINT('',(3.132403651159,80.418352239519));
#4823 = CARTESIAN_POINT('',(3.09348097647,80.486507162674));
#4824 = CARTESIAN_POINT('',(2.980666152892,80.683708321594));
#4825 = CARTESIAN_POINT('',(2.906695109121,80.812586660752));
#4826 = CARTESIAN_POINT('',(2.832605538444,80.941187995506));
#4827 = CARTESIAN_POINT('',(2.758382534541,81.069474366965));
#4828 = CARTESIAN_POINT('',(2.68400821126,81.1974078363));
#4829 = CARTESIAN_POINT('',(2.60946317625,81.324946509043));
#4830 = CARTESIAN_POINT('',(2.534728083461,81.45204078459));
#4831 = CARTESIAN_POINT('',(2.459785264505,81.578629830919));
#4832 = ( GEOMETRIC_REPRESENTATION_CONTEXT(2) 
PARAMETRIC_REPRESENTATION_CONTEXT() REPRESENTATION_CONTEXT('2D SPACE',''
  ) );
#4833 = PCURVE('',#4834,#4973);
#4834 = B_SPLINE_SURFACE_WITH_KNOTS('',1,9,(
    (#4835,#4836,#4837,#4838,#4839,#4840,#4841,#4842,#4843,#4844,#4845
      ,#4846,#4847,#4848,#4849,#4850,#4851,#4852,#4853,#4854,#4855,#4856
      ,#4857,#4858,#4859,#4860,#4861,#4862,#4863,#4864,#4865,#4866,#4867
      ,#4868,#4869,#4870,#4871,#4872,#4873,#4874,#4875,#4876,#4877,#4878
      ,#4879,#4880,#4881,#4882,#4883,#4884,#4885,#4886,#4887,#4888,#4889
      ,#4890,#4891,#4892,#4893,#4894,#4895,#4896,#4897,#4898,#4899,#4900
      ,#4901,#4902,#4903)
    ,(#4904,#4905,#4906,#4907,#4908,#4909,#4910,#4911,#4912,#4913,#4914
      ,#4915,#4916,#4917,#4918,#4919,#4920,#4921,#4922,#4923,#4924,#4925
      ,#4926,#4927,#4928,#4929,#4930,#4931,#4932,#4933,#4934,#4935,#4936
      ,#4937,#4938,#4939,#4940,#4941,#4942,#4943,#4944,#4945,#4946,#4947
      ,#4948,#4949,#4950,#4951,#4952,#4953,#4954,#4955,#4956,#4957,#4958
      ,#4959,#4960,#4961,#4962,#4963,#4964,#4965,#4966,#4967,#4968,#4969
      ,#4970,#4971,#4972
    )),.UNSPECIFIED.,.F.,.F.,.F.,(2,2),(10,8,9,8,9,8,9,8,10),(0.,1.6),(
    0.,10.824004257924,21.648008515848,32.472012773771,43.296017031695,
    54.120021289619,64.944025547543,75.768029805466,86.59203406339),
  .UNSPECIFIED.);
#4835 = CARTESIAN_POINT('',(234.9,240.20959794779,342.40415962973));
#4836 = CARTESIAN_POINT('',(234.91144491638,241.80846627661,
    345.06886514163));
#4837 = CARTESIAN_POINT('',(233.59508571971,243.45110266672,
    347.80808382974));
#4838 = CARTESIAN_POINT('',(230.87888517353,245.0976403383,
    349.79821353273));
#4839 = CARTESIAN_POINT('',(227.26737029493,246.70648233128,
    350.17331253677));
#4840 = CARTESIAN_POINT('',(224.12411215107,248.23310094237,
    348.42625001492));
#4841 = CARTESIAN_POINT('',(222.64961585502,249.64522666511,
    345.75098450793));
#4842 = CARTESIAN_POINT('',(222.56842997863,250.92129347568,
    343.18338274119));
#4843 = CARTESIAN_POINT('',(223.43001938164,252.05696252225,
    341.24553860141));
#4844 = CARTESIAN_POINT('',(225.99784430434,254.06583968983,
    338.92002326392));
#4845 = CARTESIAN_POINT('',(227.70471165017,254.93907494834,
    338.53283580928));
#4846 = CARTESIAN_POINT('',(229.33300837369,255.69043066224,
    339.05473173035));
#4847 = CARTESIAN_POINT('',(230.34489477593,256.343196466,
    340.27429531745));
#4848 = CARTESIAN_POINT('',(230.64937204591,256.93405638836,
    341.54039976266));
#4849 = CARTESIAN_POINT('',(230.51397553979,257.50648803145,
    342.84954718927));
#4850 = CARTESIAN_POINT('',(229.73702149953,258.10657311051,
    343.97856919721));
#4851 = CARTESIAN_POINT('',(228.51113700724,258.77280261557,
    344.59327723099));
#4852 = CARTESIAN_POINT('',(227.1614625518,259.53432516633,
    344.53884717268));
#4853 = CARTESIAN_POINT('',(225.81177955034,260.29584816102,
    344.48442155925));
#4854 = CARTESIAN_POINT('',(224.33820391986,261.15243580344,
    343.76179721697));
#4855 = CARTESIAN_POINT('',(223.08281529971,262.13383180539,
    342.20133265906));
#4856 = CARTESIAN_POINT('',(222.53565725589,263.25738802947,
    339.85125968764));
#4857 = CARTESIAN_POINT('',(223.40465892769,264.52870882917,
    336.98154882106));
#4858 = CARTESIAN_POINT('',(225.98079944282,265.9337642928,
    334.99521735853));
#4859 = CARTESIAN_POINT('',(229.11591066344,267.44600526538,
    334.66186459473));
#4860 = CARTESIAN_POINT('',(231.84055589924,269.02848461154,
    335.81738586149));
#4861 = CARTESIAN_POINT('',(235.30214512758,272.25427425541,
    339.92684292764));
#4862 = CARTESIAN_POINT('',(236.03990312757,273.89757774401,
    342.88150911738));
#4863 = CARTESIAN_POINT('',(235.21502580916,275.53138043847,
    346.12836252585));
#4864 = CARTESIAN_POINT('',(232.69034612864,277.11248205412,
    348.67338472228));
#4865 = CARTESIAN_POINT('',(229.23881843188,278.60057900567,
    349.287808908));
#4866 = CARTESIAN_POINT('',(226.50107595455,279.96452037213,
    348.20073490664));
#4867 = CARTESIAN_POINT('',(224.86524169961,281.18842751376,
    346.35361165199));
#4868 = CARTESIAN_POINT('',(224.30965854865,282.27158478567,
    344.40152320334));
#4869 = CARTESIAN_POINT('',(224.53759280821,283.22732168619,
    342.76159827178));
#4870 = CARTESIAN_POINT('',(224.76553171304,284.18305126254,
    341.12168116519));
#4871 = CARTESIAN_POINT('',(225.77823757926,285.01115983946,
    339.79404475674));
#4872 = CARTESIAN_POINT('',(227.28691397127,285.72527837872,
    339.17571494139));
#4873 = CARTESIAN_POINT('',(228.77752259559,286.35169843402,
    339.43241499934));
#4874 = CARTESIAN_POINT('',(229.82289692475,286.93000429904,
    340.1479855301));
#4875 = CARTESIAN_POINT('',(230.60254664337,287.50484075469,
    341.23525151297));
#4876 = CARTESIAN_POINT('',(230.7527827404,288.12119182188,
    342.63973148668));
#4877 = CARTESIAN_POINT('',(230.19180551289,288.81598603319,
    343.95014524058));
#4878 = CARTESIAN_POINT('',(227.9599748509,290.41437869155,
    345.67408709203));
#4879 = CARTESIAN_POINT('',(226.28970867082,291.31795600868,
    346.08798697417));
#4880 = CARTESIAN_POINT('',(224.22745238598,292.35179315952,
    345.67834680433));
#4881 = CARTESIAN_POINT('',(222.20981456558,293.53070586205,
    344.14596098915));
#4882 = CARTESIAN_POINT('',(221.02215039825,294.85356034442,
    341.26038694503));
#4883 = CARTESIAN_POINT('',(221.77885631103,296.30435607921,
    338.0055288983));
#4884 = CARTESIAN_POINT('',(224.02752904846,297.85101727596,
    335.71173308045));
#4885 = CARTESIAN_POINT('',(226.89524609782,299.45568421263,
    334.85155397416));
#4886 = CARTESIAN_POINT('',(229.5546361534,301.0774508002,
    335.32187119102));
#4887 = CARTESIAN_POINT('',(232.21402424025,302.69922346621,
    335.79218805566));
#4888 = CARTESIAN_POINT('',(234.66588041726,304.33850080176,
    337.59297796161));
#4889 = CARTESIAN_POINT('',(236.08444069812,305.95351720906,
    340.59848463226));
#4890 = CARTESIAN_POINT('',(235.74673190923,307.50372648634,
    344.11058439027));
#4891 = CARTESIAN_POINT('',(233.52435355782,308.94861496893,
    346.69181371029));
#4892 = CARTESIAN_POINT('',(230.82737720862,310.26282359872,
    347.56036099636));
#4893 = CARTESIAN_POINT('',(228.49089396378,311.4332341305,
    347.20125803112));
#4894 = CARTESIAN_POINT('',(226.88740539945,312.46420932162,
    346.11038324167));
#4895 = CARTESIAN_POINT('',(225.21050284576,314.28115798256,
    343.42828373568));
#4896 = CARTESIAN_POINT('',(225.1377417469,315.06713887649,
    341.83670309067));
#4897 = CARTESIAN_POINT('',(225.85862614088,315.74777496064,
    340.45435968273));
#4898 = CARTESIAN_POINT('',(227.10065820838,316.35302808041,
    339.70887711547));
#4899 = CARTESIAN_POINT('',(228.33559178232,316.92452232483,
    339.53592153188));
#4900 = CARTESIAN_POINT('',(229.67315884214,317.50704753843,
    339.84591823921));
#4901 = CARTESIAN_POINT('',(230.7362400337,318.14534506166,340.850763747
    ));
#4902 = CARTESIAN_POINT('',(231.16940401604,318.87296266897,
    342.27300249179));
#4903 = CARTESIAN_POINT('',(230.85402855474,319.71311021664,
    343.71294013118));
#4904 = CARTESIAN_POINT('',(234.9,241.5904020522,341.59584037026));
#4905 = CARTESIAN_POINT('',(234.88855502025,243.1892721628,
    344.26054885878));
#4906 = CARTESIAN_POINT('',(233.54875150754,244.74506873789,
    346.85130544926));
#4907 = CARTESIAN_POINT('',(230.97432465276,246.21793806658,
    348.55168170867));
#4908 = CARTESIAN_POINT('',(227.81776997942,247.57559876504,
    348.64147905334));
#4909 = CARTESIAN_POINT('',(225.43519546091,248.79231243644,
    347.04025454083));
#4910 = CARTESIAN_POINT('',(224.40540453253,249.86172542246,
    344.99029491471));
#4911 = CARTESIAN_POINT('',(224.36620466342,250.79126610181,
    343.08481568974));
#4912 = CARTESIAN_POINT('',(224.99727045856,251.60391551871,
    341.65104208985));
#4913 = CARTESIAN_POINT('',(226.91573325755,253.05860660366,
    339.90436247224));
#4914 = CARTESIAN_POINT('',(228.2032278953,253.70066626605,
    339.59204104618));
#4915 = CARTESIAN_POINT('',(229.49850477216,254.28916334358,
    339.93172155592));
#4916 = CARTESIAN_POINT('',(230.46241507981,254.86493604806,
    340.81389835975));
#4917 = CARTESIAN_POINT('',(231.10505135379,255.47344959073,
    342.00324479295));
#4918 = CARTESIAN_POINT('',(231.12300401635,256.15729255577,
    343.67053709057));
#4919 = CARTESIAN_POINT('',(230.1643713099,256.94995337119,
    345.1878813369));
#4920 = CARTESIAN_POINT('',(228.53029458238,257.87087407119,
    346.02277736712));
#4921 = CARTESIAN_POINT('',(226.72104917584,258.92534754131,
    345.9513563976));
#4922 = CARTESIAN_POINT('',(224.91179443879,259.97982621346,
    345.87994109912));
#4923 = CARTESIAN_POINT('',(222.92694050838,261.16788157564,
    344.90350345505));
#4924 = CARTESIAN_POINT('',(221.28901890116,262.49489465494,
    342.79624427761));
#4925 = CARTESIAN_POINT('',(220.70892115273,263.95153685918,
    339.69311133438));
#4926 = CARTESIAN_POINT('',(222.07256993283,265.51365753898,
    336.27747894005));
#4927 = CARTESIAN_POINT('',(225.13498675601,267.14399658211,
    334.26153199553));
#4928 = CARTESIAN_POINT('',(228.50299129211,268.7988979365,
    334.06742967791));
#4929 = CARTESIAN_POINT('',(231.25176449762,270.4350612753,
    335.32840994527));
#4930 = CARTESIAN_POINT('',(234.61239821547,273.59539369929,
    339.38844161887));
#4931 = CARTESIAN_POINT('',(235.2246509852,275.11957379926,
    342.18852914136));
#4932 = CARTESIAN_POINT('',(234.34154955519,276.55052051109,
    345.06652933082));
#4933 = CARTESIAN_POINT('',(232.03257805849,277.85688702752,
    347.0676534596));
#4934 = CARTESIAN_POINT('',(229.30327400931,279.01959593249,
    347.32497007344));
#4935 = CARTESIAN_POINT('',(227.30723676221,280.03418417493,
    346.45815428635));
#4936 = CARTESIAN_POINT('',(226.11047649684,280.91463807481,
    345.09543543823));
#4937 = CARTESIAN_POINT('',(225.68711068411,281.68634346068,
    343.65885011006));
#4938 = CARTESIAN_POINT('',(225.85349111514,282.38367378543,
    342.42002856383));
#4939 = CARTESIAN_POINT('',(226.01987395617,283.08099642398,
    341.18120959262));
#4940 = CARTESIAN_POINT('',(226.77670749402,283.7035696308,
    340.14040176634));
#4941 = CARTESIAN_POINT('',(227.95889725561,284.28650072404,
    339.55942957573));
#4942 = CARTESIAN_POINT('',(229.270041889,284.87029948271,
    339.57618018632));
#4943 = CARTESIAN_POINT('',(230.59866998076,285.50200667905,
    340.0620853236));
#4944 = CARTESIAN_POINT('',(231.74561957202,286.22084171773,
    341.3928724258));
#4945 = CARTESIAN_POINT('',(231.9944346446,287.05788357185,
    343.26198116989));
#4946 = CARTESIAN_POINT('',(231.23939753753,288.02834478718,
    345.03010711726));
#4947 = CARTESIAN_POINT('',(228.24590793717,290.23866087438,
    347.33887618637));
#4948 = CARTESIAN_POINT('',(226.00774765502,291.47848803972,
    347.88031569671));
#4949 = CARTESIAN_POINT('',(223.3083863142,292.85411543739,
    347.28269537469));
#4950 = CARTESIAN_POINT('',(220.81504183624,294.35235472298,
    345.19144096532));
#4951 = CARTESIAN_POINT('',(219.6952732685,295.94456809975,
    341.61490213301));
#4952 = CARTESIAN_POINT('',(220.79462954624,297.59210375044,
    338.09207270771));
#4953 = CARTESIAN_POINT('',(223.26657446855,299.24913635191,
    335.80108852223));
#4954 = CARTESIAN_POINT('',(226.16383132917,300.87383207262,
    335.02194056637));
#4955 = CARTESIAN_POINT('',(228.71882124329,302.43057843263,
    335.49639639376));
#4956 = CARTESIAN_POINT('',(231.27380349183,303.98732637718,
    335.97085472923));
#4957 = CARTESIAN_POINT('',(233.48703303051,305.47643132429,
    337.69969440567));
#4958 = CARTESIAN_POINT('',(234.60592117866,306.8615452327,
    340.40665709446));
#4959 = CARTESIAN_POINT('',(234.10341207427,308.11626499273,
    343.31260802971));
#4960 = CARTESIAN_POINT('',(232.24889804764,309.22324752161,
    345.14850068855));
#4961 = CARTESIAN_POINT('',(230.27181103239,310.18516021039,
    345.73401778337));
#4962 = CARTESIAN_POINT('',(228.564477932,311.01824404362,
    345.47790048315));
#4963 = CARTESIAN_POINT('',(227.36550920389,311.75238238601,
    344.68923230799));
#4964 = CARTESIAN_POINT('',(226.06956695094,313.0950303471,
    342.64721977802));
#4965 = CARTESIAN_POINT('',(225.9731589077,313.70355574175,
    341.39404521936));
#4966 = CARTESIAN_POINT('',(226.48095178895,314.28552351516,
    340.18981403625));
#4967 = CARTESIAN_POINT('',(227.48435968338,314.8839356037,
    339.31936685912));
#4968 = CARTESIAN_POINT('',(228.87353316668,315.54308793673,
    338.7810718834));
#4969 = CARTESIAN_POINT('',(230.70368438805,316.30159878334,
    339.08126385851));
#4970 = CARTESIAN_POINT('',(232.15985820842,317.18582827686,
    340.42239444753));
#4971 = CARTESIAN_POINT('',(232.73667401933,318.20736400727,
    342.35023434099));
#4972 = CARTESIAN_POINT('',(232.31121307026,319.36318525671,
    344.27344509115));
#4973 = DEFINITIONAL_REPRESENTATION('',(#4974),#5061);
#4974 = B_SPLINE_CURVE_WITH_KNOTS('',8,(#4975,#4976,#4977,#4978,#4979,
    #4980,#4981,#4982,#4983,#4984,#4985,#4986,#4987,#4988,#4989,#4990,
    #4991,#4992,#4993,#4994,#4995,#4996,#4997,#4998,#4999,#5000,#5001,
    #5002,#5003,#5004,#5005,#5006,#5007,#5008,#5009,#5010,#5011,#5012,
    #5013,#5014,#5015,#5016,#5017,#5018,#5019,#5020,#5021,#5022,#5023,
    #5024,#5025,#5026,#5027,#5028,#5029,#5030,#5031,#5032,#5033,#5034,
    #5035,#5036,#5037,#5038,#5039,#5040,#5041,#5042,#5043,#5044,#5045,
    #5046,#5047,#5048,#5049,#5050,#5051,#5052,#5053,#5054,#5055,#5056,
    #5057,#5058,#5059,#5060),.UNSPECIFIED.,.F.,.F.,(9,7,7,7,7,7,7,7,7,7,
    7,7,9),(0.,0.272709809694,0.409560740051,0.432719490394,
    0.459840549212,0.473740588365,0.480973611544,0.48824395033,
    0.496607797822,0.522164524913,0.646318148349,0.768434510958,1.),
  .UNSPECIFIED.);
#4975 = CARTESIAN_POINT('',(1.6,79.690177059164));
#4976 = CARTESIAN_POINT('',(1.543411854463,79.70547316186));
#4977 = CARTESIAN_POINT('',(1.486819029296,79.720732591833));
#4978 = CARTESIAN_POINT('',(1.430222001644,79.735959028446));
#4979 = CARTESIAN_POINT('',(1.373621490335,79.751156780047));
#4980 = CARTESIAN_POINT('',(1.317018122871,79.766329864293));
#4981 = CARTESIAN_POINT('',(1.260412480765,79.781482143017));
#4982 = CARTESIAN_POINT('',(1.203805523202,79.796618511617));
#4983 = CARTESIAN_POINT('',(1.118793362381,79.819338975785));
#4984 = CARTESIAN_POINT('',(1.090387467916,79.826928561483));
#4985 = CARTESIAN_POINT('',(1.061982641727,79.834518854458));
#4986 = CARTESIAN_POINT('',(1.033577734811,79.842107006973));
#4987 = CARTESIAN_POINT('',(1.005175115764,79.849699881731));
#4988 = CARTESIAN_POINT('',(0.97677588856,79.857300789277));
#4989 = CARTESIAN_POINT('',(0.94837917058,79.864907504747));
#4990 = CARTESIAN_POINT('',(0.915197358442,79.873856894304));
#4991 = CARTESIAN_POINT('',(0.910395370765,79.875153606144));
#4992 = CARTESIAN_POINT('',(0.905593954668,79.876451874967));
#4993 = CARTESIAN_POINT('',(0.90079320587,79.877751967029));
#4994 = CARTESIAN_POINT('',(0.895993274124,79.879054293825));
#4995 = CARTESIAN_POINT('',(0.891194363214,79.880359412091));
#4996 = CARTESIAN_POINT('',(0.886396730959,79.881668023803));
#4997 = CARTESIAN_POINT('',(0.875984076556,79.884518565991));
#4998 = CARTESIAN_POINT('',(0.870370098092,79.886062464401));
#4999 = CARTESIAN_POINT('',(0.864758547958,79.887613042209));
#5000 = CARTESIAN_POINT('',(0.859150908462,79.889174617355));
#5001 = CARTESIAN_POINT('',(0.853548464149,79.890750599341));
#5002 = CARTESIAN_POINT('',(0.847952708311,79.892344617403));
#5003 = CARTESIAN_POINT('',(0.84236804192,79.893967632467));
#5004 = CARTESIAN_POINT('',(0.833956508757,79.896513806382));
#5005 = CARTESIAN_POINT('',(0.831116417603,79.897391804765));
#5006 = CARTESIAN_POINT('',(0.828283769784,79.898289123951));
#5007 = CARTESIAN_POINT('',(0.825460763631,79.899215409842));
#5008 = CARTESIAN_POINT('',(0.822651727729,79.900180147942));
#5009 = CARTESIAN_POINT('',(0.819864821636,79.901196683803));
#5010 = CARTESIAN_POINT('',(0.817118227153,79.902295974293));
#5011 = CARTESIAN_POINT('',(0.813062823648,79.904202650641));
#5012 = CARTESIAN_POINT('',(0.811674710868,79.904911740011));
#5013 = CARTESIAN_POINT('',(0.810290628536,79.905681685293));
#5014 = CARTESIAN_POINT('',(0.808914653834,79.906533271487));
#5015 = CARTESIAN_POINT('',(0.807550804382,79.907503721083));
#5016 = CARTESIAN_POINT('',(0.806203038239,79.908646694063));
#5017 = CARTESIAN_POINT('',(0.8048752539,79.910032287901));
#5018 = CARTESIAN_POINT('',(0.802260599474,79.913470633721));
#5019 = CARTESIAN_POINT('',(0.800978054915,79.915509195995));
#5020 = CARTESIAN_POINT('',(0.799697363454,79.918018678015));
#5021 = CARTESIAN_POINT('',(0.798400903602,79.92108388567));
#5022 = CARTESIAN_POINT('',(0.797079725543,79.924718477109));
#5023 = CARTESIAN_POINT('',(0.795733551142,79.928864962739));
#5024 = CARTESIAN_POINT('',(0.79437077394,79.933394705229));
#5025 = CARTESIAN_POINT('',(0.791441242906,79.943530033464));
#5026 = CARTESIAN_POINT('',(0.789863359407,79.949257199815));
#5027 = CARTESIAN_POINT('',(0.788278434495,79.955193003191));
#5028 = CARTESIAN_POINT('',(0.786689164926,79.961262854294));
#5029 = CARTESIAN_POINT('',(0.785097318368,79.967413989896));
#5030 = CARTESIAN_POINT('',(0.78350373341,79.973615472839));
#5031 = CARTESIAN_POINT('',(0.781908319552,79.979858192036));
#5032 = CARTESIAN_POINT('',(0.775426377262,80.005395085106));
#5033 = CARTESIAN_POINT('',(0.770612680305,80.024660802623));
#5034 = CARTESIAN_POINT('',(0.765810362974,80.043930766428));
#5035 = CARTESIAN_POINT('',(0.761022641452,80.063206115868));
#5036 = CARTESIAN_POINT('',(0.756245284246,80.082485319523));
#5037 = CARTESIAN_POINT('',(0.751469161642,80.101765118802));
#5038 = CARTESIAN_POINT('',(0.746698690683,80.121047209964));
#5039 = CARTESIAN_POINT('',(0.718765369834,80.234007419383));
#5040 = CARTESIAN_POINT('',(0.695657606993,80.327711436962));
#5041 = CARTESIAN_POINT('',(0.672505500077,80.421409503039));
#5042 = CARTESIAN_POINT('',(0.649362783196,80.51512442314));
#5043 = CARTESIAN_POINT('',(0.626164781605,80.608836884101));
#5044 = CARTESIAN_POINT('',(0.602939037631,80.702560159144));
#5045 = CARTESIAN_POINT('',(0.579660308006,80.796288762787));
#5046 = CARTESIAN_POINT('',(0.533373098209,80.982221673938));
#5047 = CARTESIAN_POINT('',(0.510365593156,81.074426342272));
#5048 = CARTESIAN_POINT('',(0.487294886734,81.166638420355));
#5049 = CARTESIAN_POINT('',(0.464152969098,81.25885840151));
#5050 = CARTESIAN_POINT('',(0.440931674521,81.351086958222));
#5051 = CARTESIAN_POINT('',(0.417622688892,81.443324762841));
#5052 = CARTESIAN_POINT('',(0.394217557219,81.535572308288));
#5053 = CARTESIAN_POINT('',(0.326126657734,81.802774627483));
#5054 = CARTESIAN_POINT('',(0.281167020072,81.977762972638));
#5055 = CARTESIAN_POINT('',(0.235772162116,82.152788599302));
#5056 = CARTESIAN_POINT('',(0.189880791491,82.327854153385));
#5057 = CARTESIAN_POINT('',(0.143427887524,82.502967103821));
#5058 = CARTESIAN_POINT('',(9.634515809499E-02,82.678135400147));
#5059 = CARTESIAN_POINT('',(4.856100531457E-02,82.85336277547));
#5060 = CARTESIAN_POINT('',(0.,83.028643694826));
#5061 = ( GEOMETRIC_REPRESENTATION_CONTEXT(2) 
PARAMETRIC_REPRESENTATION_CONTEXT() REPRESENTATION_CONTEXT('2D SPACE',''
  ) );
#5062 = ADVANCED_FACE('',(#5063),#43,.T.);
#5063 = FACE_BOUND('',#5064,.T.);
#5064 = EDGE_LOOP('',(#5065));
#5065 = ORIENTED_EDGE('',*,*,#21,.T.);
#5066 = ADVANCED_FACE('',(#5067),#93,.F.);
#5067 = FACE_BOUND('',#5068,.T.);
#5068 = EDGE_LOOP('',(#5069));
#5069 = ORIENTED_EDGE('',*,*,#78,.F.);
#5070 = ADVANCED_FACE('',(#5071),#166,.T.);
#5071 = FACE_BOUND('',#5072,.T.);
#5072 = EDGE_LOOP('',(#5073,#5161,#5187,#5273,#5274,#5360,#5361,#5447,
    #5448,#5536,#5562,#5648,#5649,#5735,#5736,#5822));
#5073 = ORIENTED_EDGE('',*,*,#5074,.F.);
#5074 = EDGE_CURVE('',#5075,#1418,#5077,.T.);
#5075 = VERTEX_POINT('',#5076);
#5076 = CARTESIAN_POINT('',(234.9,241.5904020522,341.59584037026));
#5077 = SURFACE_CURVE('',#5078,(#5148,#5154),.PCURVE_S1.);
#5078 = B_SPLINE_CURVE_WITH_KNOTS('',9,(#5079,#5080,#5081,#5082,#5083,
    #5084,#5085,#5086,#5087,#5088,#5089,#5090,#5091,#5092,#5093,#5094,
    #5095,#5096,#5097,#5098,#5099,#5100,#5101,#5102,#5103,#5104,#5105,
    #5106,#5107,#5108,#5109,#5110,#5111,#5112,#5113,#5114,#5115,#5116,
    #5117,#5118,#5119,#5120,#5121,#5122,#5123,#5124,#5125,#5126,#5127,
    #5128,#5129,#5130,#5131,#5132,#5133,#5134,#5135,#5136,#5137,#5138,
    #5139,#5140,#5141,#5142,#5143,#5144,#5145,#5146,#5147),
  .UNSPECIFIED.,.F.,.F.,(10,8,9,8,9,8,9,8,10),(0.,10.824004257924,
    21.648008515848,32.472012773771,43.296017031695,54.120021289619,
    64.944025547543,75.768029805466,86.59203406339),.UNSPECIFIED.);
#5079 = CARTESIAN_POINT('',(234.9,241.5904020522,341.59584037026));
#5080 = CARTESIAN_POINT('',(234.88855502025,243.1892721628,
    344.26054885878));
#5081 = CARTESIAN_POINT('',(233.54875150754,244.74506873789,
    346.85130544926));
#5082 = CARTESIAN_POINT('',(230.97432465276,246.21793806658,
    348.55168170867));
#5083 = CARTESIAN_POINT('',(227.81776997942,247.57559876504,
    348.64147905334));
#5084 = CARTESIAN_POINT('',(225.43519546091,248.79231243644,
    347.04025454083));
#5085 = CARTESIAN_POINT('',(224.40540453253,249.86172542246,
    344.99029491471));
#5086 = CARTESIAN_POINT('',(224.36620466342,250.79126610181,
    343.08481568974));
#5087 = CARTESIAN_POINT('',(224.99727045856,251.60391551871,
    341.65104208985));
#5088 = CARTESIAN_POINT('',(226.91573325755,253.05860660366,
    339.90436247224));
#5089 = CARTESIAN_POINT('',(228.2032278953,253.70066626605,
    339.59204104618));
#5090 = CARTESIAN_POINT('',(229.49850477216,254.28916334358,
    339.93172155592));
#5091 = CARTESIAN_POINT('',(230.46241507981,254.86493604806,
    340.81389835975));
#5092 = CARTESIAN_POINT('',(231.10505135379,255.47344959073,
    342.00324479295));
#5093 = CARTESIAN_POINT('',(231.12300401635,256.15729255577,
    343.67053709057));
#5094 = CARTESIAN_POINT('',(230.1643713099,256.94995337119,
    345.1878813369));
#5095 = CARTESIAN_POINT('',(228.53029458238,257.87087407119,
    346.02277736712));
#5096 = CARTESIAN_POINT('',(226.72104917584,258.92534754131,
    345.9513563976));
#5097 = CARTESIAN_POINT('',(224.91179443879,259.97982621346,
    345.87994109912));
#5098 = CARTESIAN_POINT('',(222.92694050838,261.16788157564,
    344.90350345505));
#5099 = CARTESIAN_POINT('',(221.28901890116,262.49489465494,
    342.79624427761));
#5100 = CARTESIAN_POINT('',(220.70892115273,263.95153685918,
    339.69311133438));
#5101 = CARTESIAN_POINT('',(222.07256993283,265.51365753898,
    336.27747894005));
#5102 = CARTESIAN_POINT('',(225.13498675601,267.14399658211,
    334.26153199553));
#5103 = CARTESIAN_POINT('',(228.50299129211,268.7988979365,
    334.06742967791));
#5104 = CARTESIAN_POINT('',(231.25176449762,270.4350612753,
    335.32840994527));
#5105 = CARTESIAN_POINT('',(234.61239821547,273.59539369929,
    339.38844161887));
#5106 = CARTESIAN_POINT('',(235.2246509852,275.11957379926,
    342.18852914136));
#5107 = CARTESIAN_POINT('',(234.34154955519,276.55052051109,
    345.06652933082));
#5108 = CARTESIAN_POINT('',(232.03257805849,277.85688702752,
    347.0676534596));
#5109 = CARTESIAN_POINT('',(229.30327400931,279.01959593249,
    347.32497007344));
#5110 = CARTESIAN_POINT('',(227.30723676221,280.03418417493,
    346.45815428635));
#5111 = CARTESIAN_POINT('',(226.11047649684,280.91463807481,
    345.09543543823));
#5112 = CARTESIAN_POINT('',(225.68711068411,281.68634346068,
    343.65885011006));
#5113 = CARTESIAN_POINT('',(225.85349111514,282.38367378543,
    342.42002856383));
#5114 = CARTESIAN_POINT('',(226.01987395617,283.08099642398,
    341.18120959262));
#5115 = CARTESIAN_POINT('',(226.77670749402,283.7035696308,
    340.14040176634));
#5116 = CARTESIAN_POINT('',(227.95889725561,284.28650072404,
    339.55942957573));
#5117 = CARTESIAN_POINT('',(229.270041889,284.87029948271,
    339.57618018632));
#5118 = CARTESIAN_POINT('',(230.59866998076,285.50200667905,
    340.0620853236));
#5119 = CARTESIAN_POINT('',(231.74561957202,286.22084171773,
    341.3928724258));
#5120 = CARTESIAN_POINT('',(231.9944346446,287.05788357185,
    343.26198116989));
#5121 = CARTESIAN_POINT('',(231.23939753753,288.02834478718,
    345.03010711726));
#5122 = CARTESIAN_POINT('',(228.24590793717,290.23866087438,
    347.33887618637));
#5123 = CARTESIAN_POINT('',(226.00774765502,291.47848803972,
    347.88031569671));
#5124 = CARTESIAN_POINT('',(223.3083863142,292.85411543739,
    347.28269537469));
#5125 = CARTESIAN_POINT('',(220.81504183624,294.35235472298,
    345.19144096532));
#5126 = CARTESIAN_POINT('',(219.6952732685,295.94456809975,
    341.61490213301));
#5127 = CARTESIAN_POINT('',(220.79462954624,297.59210375044,
    338.09207270771));
#5128 = CARTESIAN_POINT('',(223.26657446855,299.24913635191,
    335.80108852223));
#5129 = CARTESIAN_POINT('',(226.16383132917,300.87383207262,
    335.02194056637));
#5130 = CARTESIAN_POINT('',(228.71882124329,302.43057843263,
    335.49639639376));
#5131 = CARTESIAN_POINT('',(231.27380349183,303.98732637718,
    335.97085472923));
#5132 = CARTESIAN_POINT('',(233.48703303051,305.47643132429,
    337.69969440567));
#5133 = CARTESIAN_POINT('',(234.60592117866,306.8615452327,
    340.40665709446));
#5134 = CARTESIAN_POINT('',(234.10341207427,308.11626499273,
    343.31260802971));
#5135 = CARTESIAN_POINT('',(232.24889804764,309.22324752161,
    345.14850068855));
#5136 = CARTESIAN_POINT('',(230.27181103239,310.18516021039,
    345.73401778337));
#5137 = CARTESIAN_POINT('',(228.564477932,311.01824404362,
    345.47790048315));
#5138 = CARTESIAN_POINT('',(227.36550920389,311.75238238601,
    344.68923230799));
#5139 = CARTESIAN_POINT('',(226.06956695094,313.0950303471,
    342.64721977802));
#5140 = CARTESIAN_POINT('',(225.9731589077,313.70355574175,
    341.39404521936));
#5141 = CARTESIAN_POINT('',(226.48095178895,314.28552351516,
    340.18981403625));
#5142 = CARTESIAN_POINT('',(227.48435968338,314.8839356037,
    339.31936685912));
#5143 = CARTESIAN_POINT('',(228.87353316668,315.54308793673,
    338.7810718834));
#5144 = CARTESIAN_POINT('',(230.70368438805,316.30159878334,
    339.08126385851));
#5145 = CARTESIAN_POINT('',(232.15985820842,317.18582827686,
    340.42239444753));
#5146 = CARTESIAN_POINT('',(232.73667401933,318.20736400727,
    342.35023434099));
#5147 = CARTESIAN_POINT('',(232.31121307026,319.36318525671,
    344.27344509115));
#5148 = PCURVE('',#166,#5149);
#5149 = DEFINITIONAL_REPRESENTATION('',(#5150),#5153);
#5150 = B_SPLINE_CURVE_WITH_KNOTS('',1,(#5151,#5152),.UNSPECIFIED.,.F.,
  .F.,(2,2),(0.,86.59203406339),.PIECEWISE_BEZIER_KNOTS.);
#5151 = CARTESIAN_POINT('',(0.,0.));
#5152 = CARTESIAN_POINT('',(0.,86.59203406339));
#5153 = ( GEOMETRIC_REPRESENTATION_CONTEXT(2) 
PARAMETRIC_REPRESENTATION_CONTEXT() REPRESENTATION_CONTEXT('2D SPACE',''
  ) );
#5154 = PCURVE('',#1179,#5155);
#5155 = DEFINITIONAL_REPRESENTATION('',(#5156),#5160);
#5156 = LINE('',#5157,#5158);
#5157 = CARTESIAN_POINT('',(1.6,0.));
#5158 = VECTOR('',#5159,1.);
#5159 = DIRECTION('',(0.,1.));
#5160 = ( GEOMETRIC_REPRESENTATION_CONTEXT(2) 
PARAMETRIC_REPRESENTATION_CONTEXT() REPRESENTATION_CONTEXT('2D SPACE',''
  ) );
#5161 = ORIENTED_EDGE('',*,*,#5162,.T.);
#5162 = EDGE_CURVE('',#5075,#5163,#5165,.T.);
#5163 = VERTEX_POINT('',#5164);
#5164 = CARTESIAN_POINT('',(230.2,241.5904020522,341.59584037026));
#5165 = SURFACE_CURVE('',#5166,(#5169,#5176),.PCURVE_S1.);
#5166 = B_SPLINE_CURVE_WITH_KNOTS('',1,(#5167,#5168),.UNSPECIFIED.,.F.,
  .F.,(2,2),(0.,4.7),.PIECEWISE_BEZIER_KNOTS.);
#5167 = CARTESIAN_POINT('',(234.9,241.5904020522,341.59584037026));
#5168 = CARTESIAN_POINT('',(230.2,241.5904020522,341.59584037026));
#5169 = PCURVE('',#166,#5170);
#5170 = DEFINITIONAL_REPRESENTATION('',(#5171),#5175);
#5171 = LINE('',#5172,#5173);
#5172 = CARTESIAN_POINT('',(0.,0.));
#5173 = VECTOR('',#5174,1.);
#5174 = DIRECTION('',(1.,0.));
#5175 = ( GEOMETRIC_REPRESENTATION_CONTEXT(2) 
PARAMETRIC_REPRESENTATION_CONTEXT() REPRESENTATION_CONTEXT('2D SPACE',''
  ) );
#5176 = PCURVE('',#5177,#5182);
#5177 = PLANE('',#5178);
#5178 = AXIS2_PLACEMENT_3D('',#5179,#5180,#5181);
#5179 = CARTESIAN_POINT('',(232.55,240.9,342.));
#5180 = DIRECTION('',(-9.641846744873E-15,0.505199537174,0.863002565256)
  );
#5181 = DIRECTION('',(0.,0.863002565256,-0.505199537174));
#5182 = DEFINITIONAL_REPRESENTATION('',(#5183),#5186);
#5183 = B_SPLINE_CURVE_WITH_KNOTS('',1,(#5184,#5185),.UNSPECIFIED.,.F.,
  .F.,(2,2),(0.,4.7),.PIECEWISE_BEZIER_KNOTS.);
#5184 = CARTESIAN_POINT('',(0.8,-2.35));
#5185 = CARTESIAN_POINT('',(0.8,2.35));
#5186 = ( GEOMETRIC_REPRESENTATION_CONTEXT(2) 
PARAMETRIC_REPRESENTATION_CONTEXT() REPRESENTATION_CONTEXT('2D SPACE',''
  ) );
#5187 = ORIENTED_EDGE('',*,*,#5188,.T.);
#5188 = EDGE_CURVE('',#5163,#109,#5189,.T.);
#5189 = SURFACE_CURVE('',#5190,(#5260,#5267),.PCURVE_S1.);
#5190 = B_SPLINE_CURVE_WITH_KNOTS('',9,(#5191,#5192,#5193,#5194,#5195,
    #5196,#5197,#5198,#5199,#5200,#5201,#5202,#5203,#5204,#5205,#5206,
    #5207,#5208,#5209,#5210,#5211,#5212,#5213,#5214,#5215,#5216,#5217,
    #5218,#5219,#5220,#5221,#5222,#5223,#5224,#5225,#5226,#5227,#5228,
    #5229,#5230,#5231,#5232,#5233,#5234,#5235,#5236,#5237,#5238,#5239,
    #5240,#5241,#5242,#5243,#5244,#5245,#5246,#5247,#5248,#5249,#5250,
    #5251,#5252,#5253,#5254,#5255,#5256,#5257,#5258,#5259),
  .UNSPECIFIED.,.F.,.F.,(10,8,9,8,9,8,9,8,10),(0.,10.824004257924,
    21.648008515848,32.472012773771,43.296017031695,54.120021289619,
    64.944025547543,75.768029805466,86.59203406339),.UNSPECIFIED.);
#5191 = CARTESIAN_POINT('',(230.2,241.5904020522,341.59584037026));
#5192 = CARTESIAN_POINT('',(230.18855508361,242.2304226124,
    342.75569666487));
#5193 = CARTESIAN_POINT('',(229.61337065672,242.82667511067,
    343.84133543812));
#5194 = CARTESIAN_POINT('',(228.54714578641,243.41902632895,
    344.60474873155));
#5195 = CARTESIAN_POINT('',(227.18800753194,244.04907322366,
    344.85365071988));
#5196 = CARTESIAN_POINT('',(225.58640532827,244.76134350248,
    344.5528955331));
#5197 = CARTESIAN_POINT('',(224.10514409249,245.58810666805,
    343.18342768754));
#5198 = CARTESIAN_POINT('',(223.59523474994,246.55092874657,
    341.10994649432));
#5199 = CARTESIAN_POINT('',(224.21914061167,247.65414858884,
    339.04770176493));
#5200 = CARTESIAN_POINT('',(227.21699401199,250.12304919906,
    336.12609417861));
#5201 = CARTESIAN_POINT('',(229.59073012191,251.48870282939,
    335.2658512427));
#5202 = CARTESIAN_POINT('',(232.56066866095,252.97623600442,
    335.60724963489));
#5203 = CARTESIAN_POINT('',(235.41249264533,254.56235908969,
    337.57643384661));
#5204 = CARTESIAN_POINT('',(236.87294762826,256.21038805578,
    341.16751698597));
#5205 = CARTESIAN_POINT('',(236.09279905809,257.87684530221,
    344.78366620218));
#5206 = CARTESIAN_POINT('',(233.89831139501,259.51564911147,
    347.26840612161));
#5207 = CARTESIAN_POINT('',(231.19461552644,261.08830849562,
    348.31678860476));
#5208 = CARTESIAN_POINT('',(228.72636145642,262.56567483366,
    348.14606363592));
#5209 = CARTESIAN_POINT('',(226.25811593241,264.04304072775,
    347.97533422217));
#5210 = CARTESIAN_POINT('',(224.02482458866,265.42534197467,
    346.58452318236));
#5211 = CARTESIAN_POINT('',(222.75412035325,266.68283486071,
    344.20701923465));
#5212 = CARTESIAN_POINT('',(222.97098601042,267.79816752665,
    341.55832468348));
#5213 = CARTESIAN_POINT('',(224.4255840748,268.76573561488,
    339.81196131404));
#5214 = CARTESIAN_POINT('',(226.06116958929,269.59956904069,
    339.08577838364));
#5215 = CARTESIAN_POINT('',(227.59389013213,270.3262169568,
    339.10228540164));
#5216 = CARTESIAN_POINT('',(228.77494375206,270.98262649957,
    339.66517141818));
#5217 = CARTESIAN_POINT('',(230.22372093525,272.23461463346,
    341.42064196261));
#5218 = CARTESIAN_POINT('',(230.49100139035,272.83020003375,
    342.61293910123));
#5219 = CARTESIAN_POINT('',(230.18337987924,273.4352862283,
    343.90552299268));
#5220 = CARTESIAN_POINT('',(229.29738255688,274.09307350111,
    345.02978585772));
#5221 = CARTESIAN_POINT('',(227.79624394587,274.84386543928,
    345.89128630742));
#5222 = CARTESIAN_POINT('',(225.67113103896,275.71881296066,
    345.77444697326));
#5223 = CARTESIAN_POINT('',(223.87440219957,276.73379470883,
    344.44253709375));
#5224 = CARTESIAN_POINT('',(223.00111683468,277.88952632526,
    342.37395313049));
#5225 = CARTESIAN_POINT('',(223.22271161627,279.17267831385,
    340.21582637032));
#5226 = CARTESIAN_POINT('',(223.4443017526,280.45583762661,
    338.05769178519));
#5227 = CARTESIAN_POINT('',(224.75959198553,281.86661793743,
    335.80931001111));
#5228 = CARTESIAN_POINT('',(227.33076724303,283.39138828935,
    334.1377595714));
#5229 = CARTESIAN_POINT('',(230.84970090826,285.0038571201,
    333.84562144371));
#5230 = CARTESIAN_POINT('',(234.27560255897,286.66444014634,
    335.72137262158));
#5231 = CARTESIAN_POINT('',(235.95581497993,288.32849257826,
    338.99821579569));
#5232 = CARTESIAN_POINT('',(235.84707608739,289.95103040041,
    342.27212470933));
#5233 = CARTESIAN_POINT('',(234.46269478925,291.49512507791,
    344.75947178906));
#5234 = CARTESIAN_POINT('',(230.5506926945,294.37451019733,
    347.59210685785));
#5235 = CARTESIAN_POINT('',(228.02202057566,295.70982176916,
    347.93736723849));
#5236 = CARTESIAN_POINT('',(225.61938383055,296.91487350686,
    346.94923245127));
#5237 = CARTESIAN_POINT('',(224.17488985641,297.97484969416,
    344.86084294665));
#5238 = CARTESIAN_POINT('',(224.18075666257,298.89088409905,
    342.71545166757));
#5239 = CARTESIAN_POINT('',(224.91215623492,299.67897725502,
    341.1867637625));
#5240 = CARTESIAN_POINT('',(226.03908069684,300.37120494571,
    340.24110212395));
#5241 = CARTESIAN_POINT('',(227.26918128397,301.00542689862,
    339.91159114549));
#5242 = CARTESIAN_POINT('',(228.37479148202,301.62254919983,
    340.11361766659));
#5243 = CARTESIAN_POINT('',(229.48040364879,302.23966542258,
    340.3156445399));
#5244 = CARTESIAN_POINT('',(230.46131244359,302.83927697619,
    341.04933614473));
#5245 = CARTESIAN_POINT('',(231.08847672734,303.46314945733,
    342.25141216116));
#5246 = CARTESIAN_POINT('',(231.16664634212,304.15182906949,
    343.74225246147));
#5247 = CARTESIAN_POINT('',(230.53896973653,304.94582947531,
    345.47199099401));
#5248 = CARTESIAN_POINT('',(228.73459193424,305.8705097347,
    346.80212087461));
#5249 = CARTESIAN_POINT('',(226.39835746797,306.93898809169,
    346.9272285583));
#5250 = CARTESIAN_POINT('',(224.32519681618,308.14690178949,
    345.8525415998));
#5251 = CARTESIAN_POINT('',(221.81511770212,310.80773090631,
    342.1332148048));
#5252 = CARTESIAN_POINT('',(221.37723009018,312.26063890131,
    339.48844737196));
#5253 = CARTESIAN_POINT('',(222.31454820742,313.81889170596,
    336.49592974996));
#5254 = CARTESIAN_POINT('',(224.89083010511,315.45252747518,
    333.99844316178));
#5255 = CARTESIAN_POINT('',(228.74770955964,317.1199221196,
    333.28782805318));
#5256 = CARTESIAN_POINT('',(232.09778595246,318.77628579486,
    334.74496707049));
#5257 = CARTESIAN_POINT('',(234.06981961535,320.37687716058,
    337.30057362447));
#5258 = CARTESIAN_POINT('',(234.58304051392,321.88814844212,
    340.0390833144));
#5259 = CARTESIAN_POINT('',(234.00558975271,323.28688978335,
    342.31803453435));
#5260 = PCURVE('',#166,#5261);
#5261 = DEFINITIONAL_REPRESENTATION('',(#5262),#5266);
#5262 = LINE('',#5263,#5264);
#5263 = CARTESIAN_POINT('',(4.7,0.));
#5264 = VECTOR('',#5265,1.);
#5265 = DIRECTION('',(0.,1.));
#5266 = ( GEOMETRIC_REPRESENTATION_CONTEXT(2) 
PARAMETRIC_REPRESENTATION_CONTEXT() REPRESENTATION_CONTEXT('2D SPACE',''
  ) );
#5267 = PCURVE('',#370,#5268);
#5268 = DEFINITIONAL_REPRESENTATION('',(#5269),#5272);
#5269 = B_SPLINE_CURVE_WITH_KNOTS('',1,(#5270,#5271),.UNSPECIFIED.,.F.,
  .F.,(2,2),(0.,86.59203406339),.PIECEWISE_BEZIER_KNOTS.);
#5270 = CARTESIAN_POINT('',(0.,0.));
#5271 = CARTESIAN_POINT('',(0.,86.59203406339));
#5272 = ( GEOMETRIC_REPRESENTATION_CONTEXT(2) 
PARAMETRIC_REPRESENTATION_CONTEXT() REPRESENTATION_CONTEXT('2D SPACE',''
  ) );
#5273 = ORIENTED_EDGE('',*,*,#108,.T.);
#5274 = ORIENTED_EDGE('',*,*,#5275,.T.);
#5275 = EDGE_CURVE('',#111,#1796,#5276,.T.);
#5276 = SURFACE_CURVE('',#5277,(#5347,#5354),.PCURVE_S1.);
#5277 = B_SPLINE_CURVE_WITH_KNOTS('',9,(#5278,#5279,#5280,#5281,#5282,
    #5283,#5284,#5285,#5286,#5287,#5288,#5289,#5290,#5291,#5292,#5293,
    #5294,#5295,#5296,#5297,#5298,#5299,#5300,#5301,#5302,#5303,#5304,
    #5305,#5306,#5307,#5308,#5309,#5310,#5311,#5312,#5313,#5314,#5315,
    #5316,#5317,#5318,#5319,#5320,#5321,#5322,#5323,#5324,#5325,#5326,
    #5327,#5328,#5329,#5330,#5331,#5332,#5333,#5334,#5335,#5336,#5337,
    #5338,#5339,#5340,#5341,#5342,#5343,#5344,#5345,#5346),
  .UNSPECIFIED.,.F.,.F.,(10,8,9,8,9,8,9,8,10),(0.,10.824004257924,
    21.648008515848,32.472012773771,43.296017031695,54.120021289619,
    64.944025547543,75.768029805466,86.59203406339),.UNSPECIFIED.);
#5278 = CARTESIAN_POINT('',(230.2,241.5904020522,341.59584037026));
#5279 = CARTESIAN_POINT('',(230.18855508361,242.2304226124,
    342.75569666487));
#5280 = CARTESIAN_POINT('',(229.61337065672,242.82667511067,
    343.84133543812));
#5281 = CARTESIAN_POINT('',(228.54714578641,243.41902632895,
    344.60474873155));
#5282 = CARTESIAN_POINT('',(227.18800753194,244.04907322366,
    344.85365071988));
#5283 = CARTESIAN_POINT('',(225.58640532827,244.76134350248,
    344.5528955331));
#5284 = CARTESIAN_POINT('',(224.10514409249,245.58810666805,
    343.18342768754));
#5285 = CARTESIAN_POINT('',(223.59523474994,246.55092874657,
    341.10994649432));
#5286 = CARTESIAN_POINT('',(224.21914061167,247.65414858884,
    339.04770176493));
#5287 = CARTESIAN_POINT('',(227.21699401199,250.12304919906,
    336.12609417861));
#5288 = CARTESIAN_POINT('',(229.59073012191,251.48870282939,
    335.2658512427));
#5289 = CARTESIAN_POINT('',(232.56066866095,252.97623600442,
    335.60724963489));
#5290 = CARTESIAN_POINT('',(235.41249264533,254.56235908969,
    337.57643384661));
#5291 = CARTESIAN_POINT('',(236.87294762826,256.21038805578,
    341.16751698597));
#5292 = CARTESIAN_POINT('',(236.09279905809,257.87684530221,
    344.78366620218));
#5293 = CARTESIAN_POINT('',(233.89831139501,259.51564911147,
    347.26840612161));
#5294 = CARTESIAN_POINT('',(231.19461552644,261.08830849562,
    348.31678860476));
#5295 = CARTESIAN_POINT('',(228.72636145642,262.56567483366,
    348.14606363592));
#5296 = CARTESIAN_POINT('',(226.25811593241,264.04304072775,
    347.97533422217));
#5297 = CARTESIAN_POINT('',(224.02482458866,265.42534197467,
    346.58452318236));
#5298 = CARTESIAN_POINT('',(222.75412035325,266.68283486071,
    344.20701923465));
#5299 = CARTESIAN_POINT('',(222.97098601042,267.79816752665,
    341.55832468348));
#5300 = CARTESIAN_POINT('',(224.4255840748,268.76573561488,
    339.81196131404));
#5301 = CARTESIAN_POINT('',(226.06116958929,269.59956904069,
    339.08577838364));
#5302 = CARTESIAN_POINT('',(227.59389013213,270.3262169568,
    339.10228540164));
#5303 = CARTESIAN_POINT('',(228.77494375206,270.98262649957,
    339.66517141818));
#5304 = CARTESIAN_POINT('',(230.22372093525,272.23461463346,
    341.42064196261));
#5305 = CARTESIAN_POINT('',(230.49100139035,272.83020003375,
    342.61293910123));
#5306 = CARTESIAN_POINT('',(230.18337987924,273.4352862283,
    343.90552299268));
#5307 = CARTESIAN_POINT('',(229.29738255688,274.09307350111,
    345.02978585772));
#5308 = CARTESIAN_POINT('',(227.79624394587,274.84386543928,
    345.89128630742));
#5309 = CARTESIAN_POINT('',(225.67113103896,275.71881296066,
    345.77444697326));
#5310 = CARTESIAN_POINT('',(223.87440219957,276.73379470883,
    344.44253709375));
#5311 = CARTESIAN_POINT('',(223.00111683468,277.88952632526,
    342.37395313049));
#5312 = CARTESIAN_POINT('',(223.22271161627,279.17267831385,
    340.21582637032));
#5313 = CARTESIAN_POINT('',(223.4443017526,280.45583762661,
    338.05769178519));
#5314 = CARTESIAN_POINT('',(224.75959198553,281.86661793743,
    335.80931001111));
#5315 = CARTESIAN_POINT('',(227.33076724303,283.39138828935,
    334.1377595714));
#5316 = CARTESIAN_POINT('',(230.84970090826,285.0038571201,
    333.84562144371));
#5317 = CARTESIAN_POINT('',(234.27560255897,286.66444014634,
    335.72137262158));
#5318 = CARTESIAN_POINT('',(235.95581497993,288.32849257826,
    338.99821579569));
#5319 = CARTESIAN_POINT('',(235.84707608739,289.95103040041,
    342.27212470933));
#5320 = CARTESIAN_POINT('',(234.46269478925,291.49512507791,
    344.75947178906));
#5321 = CARTESIAN_POINT('',(230.5506926945,294.37451019733,
    347.59210685785));
#5322 = CARTESIAN_POINT('',(228.02202057566,295.70982176916,
    347.93736723849));
#5323 = CARTESIAN_POINT('',(225.61938383055,296.91487350686,
    346.94923245127));
#5324 = CARTESIAN_POINT('',(224.17488985641,297.97484969416,
    344.86084294665));
#5325 = CARTESIAN_POINT('',(224.18075666257,298.89088409905,
    342.71545166757));
#5326 = CARTESIAN_POINT('',(224.91215623492,299.67897725502,
    341.1867637625));
#5327 = CARTESIAN_POINT('',(226.03908069684,300.37120494571,
    340.24110212395));
#5328 = CARTESIAN_POINT('',(227.26918128397,301.00542689862,
    339.91159114549));
#5329 = CARTESIAN_POINT('',(228.37479148202,301.62254919983,
    340.11361766659));
#5330 = CARTESIAN_POINT('',(229.48040364879,302.23966542258,
    340.3156445399));
#5331 = CARTESIAN_POINT('',(230.46131244359,302.83927697619,
    341.04933614473));
#5332 = CARTESIAN_POINT('',(231.08847672734,303.46314945733,
    342.25141216116));
#5333 = CARTESIAN_POINT('',(231.16664634212,304.15182906949,
    343.74225246147));
#5334 = CARTESIAN_POINT('',(230.53896973653,304.94582947531,
    345.47199099401));
#5335 = CARTESIAN_POINT('',(228.73459193424,305.8705097347,
    346.80212087461));
#5336 = CARTESIAN_POINT('',(226.39835746797,306.93898809169,
    346.9272285583));
#5337 = CARTESIAN_POINT('',(224.32519681618,308.14690178949,
    345.8525415998));
#5338 = CARTESIAN_POINT('',(221.81511770212,310.80773090631,
    342.1332148048));
#5339 = CARTESIAN_POINT('',(221.37723009018,312.26063890131,
    339.48844737196));
#5340 = CARTESIAN_POINT('',(222.31454820742,313.81889170596,
    336.49592974996));
#5341 = CARTESIAN_POINT('',(224.89083010511,315.45252747518,
    333.99844316178));
#5342 = CARTESIAN_POINT('',(228.74770955964,317.1199221196,
    333.28782805318));
#5343 = CARTESIAN_POINT('',(232.09778595246,318.77628579486,
    334.74496707049));
#5344 = CARTESIAN_POINT('',(234.06981961535,320.37687716058,
    337.30057362447));
#5345 = CARTESIAN_POINT('',(234.58304051392,321.88814844212,
    340.0390833144));
#5346 = CARTESIAN_POINT('',(234.00558975271,323.28688978335,
    342.31803453435));
#5347 = PCURVE('',#166,#5348);
#5348 = DEFINITIONAL_REPRESENTATION('',(#5349),#5353);
#5349 = LINE('',#5350,#5351);
#5350 = CARTESIAN_POINT('',(4.7,0.));
#5351 = VECTOR('',#5352,1.);
#5352 = DIRECTION('',(0.,1.));
#5353 = ( GEOMETRIC_REPRESENTATION_CONTEXT(2) 
PARAMETRIC_REPRESENTATION_CONTEXT() REPRESENTATION_CONTEXT('2D SPACE',''
  ) );
#5354 = PCURVE('',#589,#5355);
#5355 = DEFINITIONAL_REPRESENTATION('',(#5356),#5359);
#5356 = B_SPLINE_CURVE_WITH_KNOTS('',1,(#5357,#5358),.UNSPECIFIED.,.F.,
  .F.,(2,2),(0.,86.59203406339),.PIECEWISE_BEZIER_KNOTS.);
#5357 = CARTESIAN_POINT('',(0.,0.));
#5358 = CARTESIAN_POINT('',(0.,86.59203406339));
#5359 = ( GEOMETRIC_REPRESENTATION_CONTEXT(2) 
PARAMETRIC_REPRESENTATION_CONTEXT() REPRESENTATION_CONTEXT('2D SPACE',''
  ) );
#5360 = ORIENTED_EDGE('',*,*,#1795,.T.);
#5361 = ORIENTED_EDGE('',*,*,#5362,.T.);
#5362 = EDGE_CURVE('',#1798,#3816,#5363,.T.);
#5363 = SURFACE_CURVE('',#5364,(#5434,#5441),.PCURVE_S1.);
#5364 = B_SPLINE_CURVE_WITH_KNOTS('',9,(#5365,#5366,#5367,#5368,#5369,
    #5370,#5371,#5372,#5373,#5374,#5375,#5376,#5377,#5378,#5379,#5380,
    #5381,#5382,#5383,#5384,#5385,#5386,#5387,#5388,#5389,#5390,#5391,
    #5392,#5393,#5394,#5395,#5396,#5397,#5398,#5399,#5400,#5401,#5402,
    #5403,#5404,#5405,#5406,#5407,#5408,#5409,#5410,#5411,#5412,#5413,
    #5414,#5415,#5416,#5417,#5418,#5419,#5420,#5421,#5422,#5423,#5424,
    #5425,#5426,#5427,#5428,#5429,#5430,#5431,#5432,#5433),
  .UNSPECIFIED.,.F.,.F.,(10,8,9,8,9,8,9,8,10),(0.,10.824004257924,
    21.648008515848,32.472012773771,43.296017031695,54.120021289619,
    64.944025547543,75.768029805466,86.59203406339),.UNSPECIFIED.);
#5365 = CARTESIAN_POINT('',(230.2,241.5904020522,341.59584037026));
#5366 = CARTESIAN_POINT('',(230.18855508361,242.2304226124,
    342.75569666487));
#5367 = CARTESIAN_POINT('',(229.61337065672,242.82667511067,
    343.84133543812));
#5368 = CARTESIAN_POINT('',(228.54714578641,243.41902632895,
    344.60474873155));
#5369 = CARTESIAN_POINT('',(227.18800753194,244.04907322366,
    344.85365071988));
#5370 = CARTESIAN_POINT('',(225.58640532827,244.76134350248,
    344.5528955331));
#5371 = CARTESIAN_POINT('',(224.10514409249,245.58810666805,
    343.18342768754));
#5372 = CARTESIAN_POINT('',(223.59523474994,246.55092874657,
    341.10994649432));
#5373 = CARTESIAN_POINT('',(224.21914061167,247.65414858884,
    339.04770176493));
#5374 = CARTESIAN_POINT('',(227.21699401199,250.12304919906,
    336.12609417861));
#5375 = CARTESIAN_POINT('',(229.59073012191,251.48870282939,
    335.2658512427));
#5376 = CARTESIAN_POINT('',(232.56066866095,252.97623600442,
    335.60724963489));
#5377 = CARTESIAN_POINT('',(235.41249264533,254.56235908969,
    337.57643384661));
#5378 = CARTESIAN_POINT('',(236.87294762826,256.21038805578,
    341.16751698597));
#5379 = CARTESIAN_POINT('',(236.09279905809,257.87684530221,
    344.78366620218));
#5380 = CARTESIAN_POINT('',(233.89831139501,259.51564911147,
    347.26840612161));
#5381 = CARTESIAN_POINT('',(231.19461552644,261.08830849562,
    348.31678860476));
#5382 = CARTESIAN_POINT('',(228.72636145642,262.56567483366,
    348.14606363592));
#5383 = CARTESIAN_POINT('',(226.25811593241,264.04304072775,
    347.97533422217));
#5384 = CARTESIAN_POINT('',(224.02482458866,265.42534197467,
    346.58452318236));
#5385 = CARTESIAN_POINT('',(222.75412035325,266.68283486071,
    344.20701923465));
#5386 = CARTESIAN_POINT('',(222.97098601042,267.79816752665,
    341.55832468348));
#5387 = CARTESIAN_POINT('',(224.4255840748,268.76573561488,
    339.81196131404));
#5388 = CARTESIAN_POINT('',(226.06116958929,269.59956904069,
    339.08577838364));
#5389 = CARTESIAN_POINT('',(227.59389013213,270.3262169568,
    339.10228540164));
#5390 = CARTESIAN_POINT('',(228.77494375206,270.98262649957,
    339.66517141818));
#5391 = CARTESIAN_POINT('',(230.22372093525,272.23461463346,
    341.42064196261));
#5392 = CARTESIAN_POINT('',(230.49100139035,272.83020003375,
    342.61293910123));
#5393 = CARTESIAN_POINT('',(230.18337987924,273.4352862283,
    343.90552299268));
#5394 = CARTESIAN_POINT('',(229.29738255688,274.09307350111,
    345.02978585772));
#5395 = CARTESIAN_POINT('',(227.79624394587,274.84386543928,
    345.89128630742));
#5396 = CARTESIAN_POINT('',(225.67113103896,275.71881296066,
    345.77444697326));
#5397 = CARTESIAN_POINT('',(223.87440219957,276.73379470883,
    344.44253709375));
#5398 = CARTESIAN_POINT('',(223.00111683468,277.88952632526,
    342.37395313049));
#5399 = CARTESIAN_POINT('',(223.22271161627,279.17267831385,
    340.21582637032));
#5400 = CARTESIAN_POINT('',(223.4443017526,280.45583762661,
    338.05769178519));
#5401 = CARTESIAN_POINT('',(224.75959198553,281.86661793743,
    335.80931001111));
#5402 = CARTESIAN_POINT('',(227.33076724303,283.39138828935,
    334.1377595714));
#5403 = CARTESIAN_POINT('',(230.84970090826,285.0038571201,
    333.84562144371));
#5404 = CARTESIAN_POINT('',(234.27560255897,286.66444014634,
    335.72137262158));
#5405 = CARTESIAN_POINT('',(235.95581497993,288.32849257826,
    338.99821579569));
#5406 = CARTESIAN_POINT('',(235.84707608739,289.95103040041,
    342.27212470933));
#5407 = CARTESIAN_POINT('',(234.46269478925,291.49512507791,
    344.75947178906));
#5408 = CARTESIAN_POINT('',(230.5506926945,294.37451019733,
    347.59210685785));
#5409 = CARTESIAN_POINT('',(228.02202057566,295.70982176916,
    347.93736723849));
#5410 = CARTESIAN_POINT('',(225.61938383055,296.91487350686,
    346.94923245127));
#5411 = CARTESIAN_POINT('',(224.17488985641,297.97484969416,
    344.86084294665));
#5412 = CARTESIAN_POINT('',(224.18075666257,298.89088409905,
    342.71545166757));
#5413 = CARTESIAN_POINT('',(224.91215623492,299.67897725502,
    341.1867637625));
#5414 = CARTESIAN_POINT('',(226.03908069684,300.37120494571,
    340.24110212395));
#5415 = CARTESIAN_POINT('',(227.26918128397,301.00542689862,
    339.91159114549));
#5416 = CARTESIAN_POINT('',(228.37479148202,301.62254919983,
    340.11361766659));
#5417 = CARTESIAN_POINT('',(229.48040364879,302.23966542258,
    340.3156445399));
#5418 = CARTESIAN_POINT('',(230.46131244359,302.83927697619,
    341.04933614473));
#5419 = CARTESIAN_POINT('',(231.08847672734,303.46314945733,
    342.25141216116));
#5420 = CARTESIAN_POINT('',(231.16664634212,304.15182906949,
    343.74225246147));
#5421 = CARTESIAN_POINT('',(230.53896973653,304.94582947531,
    345.47199099401));
#5422 = CARTESIAN_POINT('',(228.73459193424,305.8705097347,
    346.80212087461));
#5423 = CARTESIAN_POINT('',(226.39835746797,306.93898809169,
    346.9272285583));
#5424 = CARTESIAN_POINT('',(224.32519681618,308.14690178949,
    345.8525415998));
#5425 = CARTESIAN_POINT('',(221.81511770212,310.80773090631,
    342.1332148048));
#5426 = CARTESIAN_POINT('',(221.37723009018,312.26063890131,
    339.48844737196));
#5427 = CARTESIAN_POINT('',(222.31454820742,313.81889170596,
    336.49592974996));
#5428 = CARTESIAN_POINT('',(224.89083010511,315.45252747518,
    333.99844316178));
#5429 = CARTESIAN_POINT('',(228.74770955964,317.1199221196,
    333.28782805318));
#5430 = CARTESIAN_POINT('',(232.09778595246,318.77628579486,
    334.74496707049));
#5431 = CARTESIAN_POINT('',(234.06981961535,320.37687716058,
    337.30057362447));
#5432 = CARTESIAN_POINT('',(234.58304051392,321.88814844212,
    340.0390833144));
#5433 = CARTESIAN_POINT('',(234.00558975271,323.28688978335,
    342.31803453435));
#5434 = PCURVE('',#166,#5435);
#5435 = DEFINITIONAL_REPRESENTATION('',(#5436),#5440);
#5436 = LINE('',#5437,#5438);
#5437 = CARTESIAN_POINT('',(4.7,0.));
#5438 = VECTOR('',#5439,1.);
#5439 = DIRECTION('',(0.,1.));
#5440 = ( GEOMETRIC_REPRESENTATION_CONTEXT(2) 
PARAMETRIC_REPRESENTATION_CONTEXT() REPRESENTATION_CONTEXT('2D SPACE',''
  ) );
#5441 = PCURVE('',#589,#5442);
#5442 = DEFINITIONAL_REPRESENTATION('',(#5443),#5446);
#5443 = B_SPLINE_CURVE_WITH_KNOTS('',1,(#5444,#5445),.UNSPECIFIED.,.F.,
  .F.,(2,2),(0.,86.59203406339),.PIECEWISE_BEZIER_KNOTS.);
#5444 = CARTESIAN_POINT('',(0.,0.));
#5445 = CARTESIAN_POINT('',(0.,86.59203406339));
#5446 = ( GEOMETRIC_REPRESENTATION_CONTEXT(2) 
PARAMETRIC_REPRESENTATION_CONTEXT() REPRESENTATION_CONTEXT('2D SPACE',''
  ) );
#5447 = ORIENTED_EDGE('',*,*,#3815,.T.);
#5448 = ORIENTED_EDGE('',*,*,#5449,.T.);
#5449 = EDGE_CURVE('',#3818,#5450,#5452,.T.);
#5450 = VERTEX_POINT('',#5451);
#5451 = CARTESIAN_POINT('',(234.00558975271,323.28688978335,
    342.31803453435));
#5452 = SURFACE_CURVE('',#5453,(#5523,#5530),.PCURVE_S1.);
#5453 = B_SPLINE_CURVE_WITH_KNOTS('',9,(#5454,#5455,#5456,#5457,#5458,
    #5459,#5460,#5461,#5462,#5463,#5464,#5465,#5466,#5467,#5468,#5469,
    #5470,#5471,#5472,#5473,#5474,#5475,#5476,#5477,#5478,#5479,#5480,
    #5481,#5482,#5483,#5484,#5485,#5486,#5487,#5488,#5489,#5490,#5491,
    #5492,#5493,#5494,#5495,#5496,#5497,#5498,#5499,#5500,#5501,#5502,
    #5503,#5504,#5505,#5506,#5507,#5508,#5509,#5510,#5511,#5512,#5513,
    #5514,#5515,#5516,#5517,#5518,#5519,#5520,#5521,#5522),
  .UNSPECIFIED.,.F.,.F.,(10,8,9,8,9,8,9,8,10),(0.,10.824004257924,
    21.648008515848,32.472012773771,43.296017031695,54.120021289619,
    64.944025547543,75.768029805466,86.59203406339),.UNSPECIFIED.);
#5454 = CARTESIAN_POINT('',(230.2,241.5904020522,341.59584037026));
#5455 = CARTESIAN_POINT('',(230.18855508361,242.2304226124,
    342.75569666487));
#5456 = CARTESIAN_POINT('',(229.61337065672,242.82667511067,
    343.84133543812));
#5457 = CARTESIAN_POINT('',(228.54714578641,243.41902632895,
    344.60474873155));
#5458 = CARTESIAN_POINT('',(227.18800753194,244.04907322366,
    344.85365071988));
#5459 = CARTESIAN_POINT('',(225.58640532827,244.76134350248,
    344.5528955331));
#5460 = CARTESIAN_POINT('',(224.10514409249,245.58810666805,
    343.18342768754));
#5461 = CARTESIAN_POINT('',(223.59523474994,246.55092874657,
    341.10994649432));
#5462 = CARTESIAN_POINT('',(224.21914061167,247.65414858884,
    339.04770176493));
#5463 = CARTESIAN_POINT('',(227.21699401199,250.12304919906,
    336.12609417861));
#5464 = CARTESIAN_POINT('',(229.59073012191,251.48870282939,
    335.2658512427));
#5465 = CARTESIAN_POINT('',(232.56066866095,252.97623600442,
    335.60724963489));
#5466 = CARTESIAN_POINT('',(235.41249264533,254.56235908969,
    337.57643384661));
#5467 = CARTESIAN_POINT('',(236.87294762826,256.21038805578,
    341.16751698597));
#5468 = CARTESIAN_POINT('',(236.09279905809,257.87684530221,
    344.78366620218));
#5469 = CARTESIAN_POINT('',(233.89831139501,259.51564911147,
    347.26840612161));
#5470 = CARTESIAN_POINT('',(231.19461552644,261.08830849562,
    348.31678860476));
#5471 = CARTESIAN_POINT('',(228.72636145642,262.56567483366,
    348.14606363592));
#5472 = CARTESIAN_POINT('',(226.25811593241,264.04304072775,
    347.97533422217));
#5473 = CARTESIAN_POINT('',(224.02482458866,265.42534197467,
    346.58452318236));
#5474 = CARTESIAN_POINT('',(222.75412035325,266.68283486071,
    344.20701923465));
#5475 = CARTESIAN_POINT('',(222.97098601042,267.79816752665,
    341.55832468348));
#5476 = CARTESIAN_POINT('',(224.4255840748,268.76573561488,
    339.81196131404));
#5477 = CARTESIAN_POINT('',(226.06116958929,269.59956904069,
    339.08577838364));
#5478 = CARTESIAN_POINT('',(227.59389013213,270.3262169568,
    339.10228540164));
#5479 = CARTESIAN_POINT('',(228.77494375206,270.98262649957,
    339.66517141818));
#5480 = CARTESIAN_POINT('',(230.22372093525,272.23461463346,
    341.42064196261));
#5481 = CARTESIAN_POINT('',(230.49100139035,272.83020003375,
    342.61293910123));
#5482 = CARTESIAN_POINT('',(230.18337987924,273.4352862283,
    343.90552299268));
#5483 = CARTESIAN_POINT('',(229.29738255688,274.09307350111,
    345.02978585772));
#5484 = CARTESIAN_POINT('',(227.79624394587,274.84386543928,
    345.89128630742));
#5485 = CARTESIAN_POINT('',(225.67113103896,275.71881296066,
    345.77444697326));
#5486 = CARTESIAN_POINT('',(223.87440219957,276.73379470883,
    344.44253709375));
#5487 = CARTESIAN_POINT('',(223.00111683468,277.88952632526,
    342.37395313049));
#5488 = CARTESIAN_POINT('',(223.22271161627,279.17267831385,
    340.21582637032));
#5489 = CARTESIAN_POINT('',(223.4443017526,280.45583762661,
    338.05769178519));
#5490 = CARTESIAN_POINT('',(224.75959198553,281.86661793743,
    335.80931001111));
#5491 = CARTESIAN_POINT('',(227.33076724303,283.39138828935,
    334.1377595714));
#5492 = CARTESIAN_POINT('',(230.84970090826,285.0038571201,
    333.84562144371));
#5493 = CARTESIAN_POINT('',(234.27560255897,286.66444014634,
    335.72137262158));
#5494 = CARTESIAN_POINT('',(235.95581497993,288.32849257826,
    338.99821579569));
#5495 = CARTESIAN_POINT('',(235.84707608739,289.95103040041,
    342.27212470933));
#5496 = CARTESIAN_POINT('',(234.46269478925,291.49512507791,
    344.75947178906));
#5497 = CARTESIAN_POINT('',(230.5506926945,294.37451019733,
    347.59210685785));
#5498 = CARTESIAN_POINT('',(228.02202057566,295.70982176916,
    347.93736723849));
#5499 = CARTESIAN_POINT('',(225.61938383055,296.91487350686,
    346.94923245127));
#5500 = CARTESIAN_POINT('',(224.17488985641,297.97484969416,
    344.86084294665));
#5501 = CARTESIAN_POINT('',(224.18075666257,298.89088409905,
    342.71545166757));
#5502 = CARTESIAN_POINT('',(224.91215623492,299.67897725502,
    341.1867637625));
#5503 = CARTESIAN_POINT('',(226.03908069684,300.37120494571,
    340.24110212395));
#5504 = CARTESIAN_POINT('',(227.26918128397,301.00542689862,
    339.91159114549));
#5505 = CARTESIAN_POINT('',(228.37479148202,301.62254919983,
    340.11361766659));
#5506 = CARTESIAN_POINT('',(229.48040364879,302.23966542258,
    340.3156445399));
#5507 = CARTESIAN_POINT('',(230.46131244359,302.83927697619,
    341.04933614473));
#5508 = CARTESIAN_POINT('',(231.08847672734,303.46314945733,
    342.25141216116));
#5509 = CARTESIAN_POINT('',(231.16664634212,304.15182906949,
    343.74225246147));
#5510 = CARTESIAN_POINT('',(230.53896973653,304.94582947531,
    345.47199099401));
#5511 = CARTESIAN_POINT('',(228.73459193424,305.8705097347,
    346.80212087461));
#5512 = CARTESIAN_POINT('',(226.39835746797,306.93898809169,
    346.9272285583));
#5513 = CARTESIAN_POINT('',(224.32519681618,308.14690178949,
    345.8525415998));
#5514 = CARTESIAN_POINT('',(221.81511770212,310.80773090631,
    342.1332148048));
#5515 = CARTESIAN_POINT('',(221.37723009018,312.26063890131,
    339.48844737196));
#5516 = CARTESIAN_POINT('',(222.31454820742,313.81889170596,
    336.49592974996));
#5517 = CARTESIAN_POINT('',(224.89083010511,315.45252747518,
    333.99844316178));
#5518 = CARTESIAN_POINT('',(228.74770955964,317.1199221196,
    333.28782805318));
#5519 = CARTESIAN_POINT('',(232.09778595246,318.77628579486,
    334.74496707049));
#5520 = CARTESIAN_POINT('',(234.06981961535,320.37687716058,
    337.30057362447));
#5521 = CARTESIAN_POINT('',(234.58304051392,321.88814844212,
    340.0390833144));
#5522 = CARTESIAN_POINT('',(234.00558975271,323.28688978335,
    342.31803453435));
#5523 = PCURVE('',#166,#5524);
#5524 = DEFINITIONAL_REPRESENTATION('',(#5525),#5529);
#5525 = LINE('',#5526,#5527);
#5526 = CARTESIAN_POINT('',(4.7,0.));
#5527 = VECTOR('',#5528,1.);
#5528 = DIRECTION('',(0.,1.));
#5529 = ( GEOMETRIC_REPRESENTATION_CONTEXT(2) 
PARAMETRIC_REPRESENTATION_CONTEXT() REPRESENTATION_CONTEXT('2D SPACE',''
  ) );
#5530 = PCURVE('',#589,#5531);
#5531 = DEFINITIONAL_REPRESENTATION('',(#5532),#5535);
#5532 = B_SPLINE_CURVE_WITH_KNOTS('',1,(#5533,#5534),.UNSPECIFIED.,.F.,
  .F.,(2,2),(0.,86.59203406339),.PIECEWISE_BEZIER_KNOTS.);
#5533 = CARTESIAN_POINT('',(0.,0.));
#5534 = CARTESIAN_POINT('',(0.,86.59203406339));
#5535 = ( GEOMETRIC_REPRESENTATION_CONTEXT(2) 
PARAMETRIC_REPRESENTATION_CONTEXT() REPRESENTATION_CONTEXT('2D SPACE',''
  ) );
#5536 = ORIENTED_EDGE('',*,*,#5537,.F.);
#5537 = EDGE_CURVE('',#5538,#5450,#5540,.T.);
#5538 = VERTEX_POINT('',#5539);
#5539 = CARTESIAN_POINT('',(232.31121307026,319.36318525671,
    344.27344509115));
#5540 = SURFACE_CURVE('',#5541,(#5544,#5551),.PCURVE_S1.);
#5541 = B_SPLINE_CURVE_WITH_KNOTS('',1,(#5542,#5543),.UNSPECIFIED.,.F.,
  .F.,(2,2),(0.,4.7),.PIECEWISE_BEZIER_KNOTS.);
#5542 = CARTESIAN_POINT('',(232.31121307026,319.36318525671,
    344.27344509115));
#5543 = CARTESIAN_POINT('',(234.00558975271,323.28688978335,
    342.31803453435));
#5544 = PCURVE('',#166,#5545);
#5545 = DEFINITIONAL_REPRESENTATION('',(#5546),#5550);
#5546 = LINE('',#5547,#5548);
#5547 = CARTESIAN_POINT('',(0.,86.59203406339));
#5548 = VECTOR('',#5549,1.);
#5549 = DIRECTION('',(1.,0.));
#5550 = ( GEOMETRIC_REPRESENTATION_CONTEXT(2) 
PARAMETRIC_REPRESENTATION_CONTEXT() REPRESENTATION_CONTEXT('2D SPACE',''
  ) );
#5551 = PCURVE('',#5552,#5557);
#5552 = PLANE('',#5553);
#5553 = AXIS2_PLACEMENT_3D('',#5554,#5555,#5556);
#5554 = CARTESIAN_POINT('',(232.42980915373,321.5,343.01548733277));
#5555 = DIRECTION('',(-0.201463947858,0.505199537157,0.839157735691));
#5556 = DIRECTION('',(1.387778780781E-17,0.85672406554,-0.515775024138)
  );
#5557 = DEFINITIONAL_REPRESENTATION('',(#5558),#5561);
#5558 = B_SPLINE_CURVE_WITH_KNOTS('',1,(#5559,#5560),.UNSPECIFIED.,.F.,
  .F.,(2,2),(0.,4.7),.PIECEWISE_BEZIER_KNOTS.);
#5559 = CARTESIAN_POINT('',(-2.479483807366,0.121078689335));
#5560 = CARTESIAN_POINT('',(1.890600213803,-1.608766866754));
#5561 = ( GEOMETRIC_REPRESENTATION_CONTEXT(2) 
PARAMETRIC_REPRESENTATION_CONTEXT() REPRESENTATION_CONTEXT('2D SPACE',''
  ) );
#5562 = ORIENTED_EDGE('',*,*,#5563,.F.);
#5563 = EDGE_CURVE('',#4572,#5538,#5564,.T.);
#5564 = SURFACE_CURVE('',#5565,(#5635,#5641),.PCURVE_S1.);
#5565 = B_SPLINE_CURVE_WITH_KNOTS('',9,(#5566,#5567,#5568,#5569,#5570,
    #5571,#5572,#5573,#5574,#5575,#5576,#5577,#5578,#5579,#5580,#5581,
    #5582,#5583,#5584,#5585,#5586,#5587,#5588,#5589,#5590,#5591,#5592,
    #5593,#5594,#5595,#5596,#5597,#5598,#5599,#5600,#5601,#5602,#5603,
    #5604,#5605,#5606,#5607,#5608,#5609,#5610,#5611,#5612,#5613,#5614,
    #5615,#5616,#5617,#5618,#5619,#5620,#5621,#5622,#5623,#5624,#5625,
    #5626,#5627,#5628,#5629,#5630,#5631,#5632,#5633,#5634),
  .UNSPECIFIED.,.F.,.F.,(10,8,9,8,9,8,9,8,10),(0.,10.824004257924,
    21.648008515848,32.472012773771,43.296017031695,54.120021289619,
    64.944025547543,75.768029805466,86.59203406339),.UNSPECIFIED.);
#5566 = CARTESIAN_POINT('',(234.9,241.5904020522,341.59584037026));
#5567 = CARTESIAN_POINT('',(234.88855502025,243.1892721628,
    344.26054885878));
#5568 = CARTESIAN_POINT('',(233.54875150754,244.74506873789,
    346.85130544926));
#5569 = CARTESIAN_POINT('',(230.97432465276,246.21793806658,
    348.55168170867));
#5570 = CARTESIAN_POINT('',(227.81776997942,247.57559876504,
    348.64147905334));
#5571 = CARTESIAN_POINT('',(225.43519546091,248.79231243644,
    347.04025454083));
#5572 = CARTESIAN_POINT('',(224.40540453253,249.86172542246,
    344.99029491471));
#5573 = CARTESIAN_POINT('',(224.36620466342,250.79126610181,
    343.08481568974));
#5574 = CARTESIAN_POINT('',(224.99727045856,251.60391551871,
    341.65104208985));
#5575 = CARTESIAN_POINT('',(226.91573325755,253.05860660366,
    339.90436247224));
#5576 = CARTESIAN_POINT('',(228.2032278953,253.70066626605,
    339.59204104618));
#5577 = CARTESIAN_POINT('',(229.49850477216,254.28916334358,
    339.93172155592));
#5578 = CARTESIAN_POINT('',(230.46241507981,254.86493604806,
    340.81389835975));
#5579 = CARTESIAN_POINT('',(231.10505135379,255.47344959073,
    342.00324479295));
#5580 = CARTESIAN_POINT('',(231.12300401635,256.15729255577,
    343.67053709057));
#5581 = CARTESIAN_POINT('',(230.1643713099,256.94995337119,
    345.1878813369));
#5582 = CARTESIAN_POINT('',(228.53029458238,257.87087407119,
    346.02277736712));
#5583 = CARTESIAN_POINT('',(226.72104917584,258.92534754131,
    345.9513563976));
#5584 = CARTESIAN_POINT('',(224.91179443879,259.97982621346,
    345.87994109912));
#5585 = CARTESIAN_POINT('',(222.92694050838,261.16788157564,
    344.90350345505));
#5586 = CARTESIAN_POINT('',(221.28901890116,262.49489465494,
    342.79624427761));
#5587 = CARTESIAN_POINT('',(220.70892115273,263.95153685918,
    339.69311133438));
#5588 = CARTESIAN_POINT('',(222.07256993283,265.51365753898,
    336.27747894005));
#5589 = CARTESIAN_POINT('',(225.13498675601,267.14399658211,
    334.26153199553));
#5590 = CARTESIAN_POINT('',(228.50299129211,268.7988979365,
    334.06742967791));
#5591 = CARTESIAN_POINT('',(231.25176449762,270.4350612753,
    335.32840994527));
#5592 = CARTESIAN_POINT('',(234.61239821547,273.59539369929,
    339.38844161887));
#5593 = CARTESIAN_POINT('',(235.2246509852,275.11957379926,
    342.18852914136));
#5594 = CARTESIAN_POINT('',(234.34154955519,276.55052051109,
    345.06652933082));
#5595 = CARTESIAN_POINT('',(232.03257805849,277.85688702752,
    347.0676534596));
#5596 = CARTESIAN_POINT('',(229.30327400931,279.01959593249,
    347.32497007344));
#5597 = CARTESIAN_POINT('',(227.30723676221,280.03418417493,
    346.45815428635));
#5598 = CARTESIAN_POINT('',(226.11047649684,280.91463807481,
    345.09543543823));
#5599 = CARTESIAN_POINT('',(225.68711068411,281.68634346068,
    343.65885011006));
#5600 = CARTESIAN_POINT('',(225.85349111514,282.38367378543,
    342.42002856383));
#5601 = CARTESIAN_POINT('',(226.01987395617,283.08099642398,
    341.18120959262));
#5602 = CARTESIAN_POINT('',(226.77670749402,283.7035696308,
    340.14040176634));
#5603 = CARTESIAN_POINT('',(227.95889725561,284.28650072404,
    339.55942957573));
#5604 = CARTESIAN_POINT('',(229.270041889,284.87029948271,
    339.57618018632));
#5605 = CARTESIAN_POINT('',(230.59866998076,285.50200667905,
    340.0620853236));
#5606 = CARTESIAN_POINT('',(231.74561957202,286.22084171773,
    341.3928724258));
#5607 = CARTESIAN_POINT('',(231.9944346446,287.05788357185,
    343.26198116989));
#5608 = CARTESIAN_POINT('',(231.23939753753,288.02834478718,
    345.03010711726));
#5609 = CARTESIAN_POINT('',(228.24590793717,290.23866087438,
    347.33887618637));
#5610 = CARTESIAN_POINT('',(226.00774765502,291.47848803972,
    347.88031569671));
#5611 = CARTESIAN_POINT('',(223.3083863142,292.85411543739,
    347.28269537469));
#5612 = CARTESIAN_POINT('',(220.81504183624,294.35235472298,
    345.19144096532));
#5613 = CARTESIAN_POINT('',(219.6952732685,295.94456809975,
    341.61490213301));
#5614 = CARTESIAN_POINT('',(220.79462954624,297.59210375044,
    338.09207270771));
#5615 = CARTESIAN_POINT('',(223.26657446855,299.24913635191,
    335.80108852223));
#5616 = CARTESIAN_POINT('',(226.16383132917,300.87383207262,
    335.02194056637));
#5617 = CARTESIAN_POINT('',(228.71882124329,302.43057843263,
    335.49639639376));
#5618 = CARTESIAN_POINT('',(231.27380349183,303.98732637718,
    335.97085472923));
#5619 = CARTESIAN_POINT('',(233.48703303051,305.47643132429,
    337.69969440567));
#5620 = CARTESIAN_POINT('',(234.60592117866,306.8615452327,
    340.40665709446));
#5621 = CARTESIAN_POINT('',(234.10341207427,308.11626499273,
    343.31260802971));
#5622 = CARTESIAN_POINT('',(232.24889804764,309.22324752161,
    345.14850068855));
#5623 = CARTESIAN_POINT('',(230.27181103239,310.18516021039,
    345.73401778337));
#5624 = CARTESIAN_POINT('',(228.564477932,311.01824404362,
    345.47790048315));
#5625 = CARTESIAN_POINT('',(227.36550920389,311.75238238601,
    344.68923230799));
#5626 = CARTESIAN_POINT('',(226.06956695094,313.0950303471,
    342.64721977802));
#5627 = CARTESIAN_POINT('',(225.9731589077,313.70355574175,
    341.39404521936));
#5628 = CARTESIAN_POINT('',(226.48095178895,314.28552351516,
    340.18981403625));
#5629 = CARTESIAN_POINT('',(227.48435968338,314.8839356037,
    339.31936685912));
#5630 = CARTESIAN_POINT('',(228.87353316668,315.54308793673,
    338.7810718834));
#5631 = CARTESIAN_POINT('',(230.70368438805,316.30159878334,
    339.08126385851));
#5632 = CARTESIAN_POINT('',(232.15985820842,317.18582827686,
    340.42239444753));
#5633 = CARTESIAN_POINT('',(232.73667401933,318.20736400727,
    342.35023434099));
#5634 = CARTESIAN_POINT('',(232.31121307026,319.36318525671,
    344.27344509115));
#5635 = PCURVE('',#166,#5636);
#5636 = DEFINITIONAL_REPRESENTATION('',(#5637),#5640);
#5637 = B_SPLINE_CURVE_WITH_KNOTS('',1,(#5638,#5639),.UNSPECIFIED.,.F.,
  .F.,(2,2),(0.,86.59203406339),.PIECEWISE_BEZIER_KNOTS.);
#5638 = CARTESIAN_POINT('',(0.,0.));
#5639 = CARTESIAN_POINT('',(0.,86.59203406339));
#5640 = ( GEOMETRIC_REPRESENTATION_CONTEXT(2) 
PARAMETRIC_REPRESENTATION_CONTEXT() REPRESENTATION_CONTEXT('2D SPACE',''
  ) );
#5641 = PCURVE('',#4834,#5642);
#5642 = DEFINITIONAL_REPRESENTATION('',(#5643),#5647);
#5643 = LINE('',#5644,#5645);
#5644 = CARTESIAN_POINT('',(1.6,0.));
#5645 = VECTOR('',#5646,1.);
#5646 = DIRECTION('',(0.,1.));
#5647 = ( GEOMETRIC_REPRESENTATION_CONTEXT(2) 
PARAMETRIC_REPRESENTATION_CONTEXT() REPRESENTATION_CONTEXT('2D SPACE',''
  ) );
#5648 = ORIENTED_EDGE('',*,*,#4571,.T.);
#5649 = ORIENTED_EDGE('',*,*,#5650,.F.);
#5650 = EDGE_CURVE('',#2971,#4300,#5651,.T.);
#5651 = SURFACE_CURVE('',#5652,(#5722,#5728),.PCURVE_S1.);
#5652 = B_SPLINE_CURVE_WITH_KNOTS('',9,(#5653,#5654,#5655,#5656,#5657,
    #5658,#5659,#5660,#5661,#5662,#5663,#5664,#5665,#5666,#5667,#5668,
    #5669,#5670,#5671,#5672,#5673,#5674,#5675,#5676,#5677,#5678,#5679,
    #5680,#5681,#5682,#5683,#5684,#5685,#5686,#5687,#5688,#5689,#5690,
    #5691,#5692,#5693,#5694,#5695,#5696,#5697,#5698,#5699,#5700,#5701,
    #5702,#5703,#5704,#5705,#5706,#5707,#5708,#5709,#5710,#5711,#5712,
    #5713,#5714,#5715,#5716,#5717,#5718,#5719,#5720,#5721),
  .UNSPECIFIED.,.F.,.F.,(10,8,9,8,9,8,9,8,10),(0.,10.824004257924,
    21.648008515848,32.472012773771,43.296017031695,54.120021289619,
    64.944025547543,75.768029805466,86.59203406339),.UNSPECIFIED.);
#5653 = CARTESIAN_POINT('',(234.9,241.5904020522,341.59584037026));
#5654 = CARTESIAN_POINT('',(234.88855502025,243.1892721628,
    344.26054885878));
#5655 = CARTESIAN_POINT('',(233.54875150754,244.74506873789,
    346.85130544926));
#5656 = CARTESIAN_POINT('',(230.97432465276,246.21793806658,
    348.55168170867));
#5657 = CARTESIAN_POINT('',(227.81776997942,247.57559876504,
    348.64147905334));
#5658 = CARTESIAN_POINT('',(225.43519546091,248.79231243644,
    347.04025454083));
#5659 = CARTESIAN_POINT('',(224.40540453253,249.86172542246,
    344.99029491471));
#5660 = CARTESIAN_POINT('',(224.36620466342,250.79126610181,
    343.08481568974));
#5661 = CARTESIAN_POINT('',(224.99727045856,251.60391551871,
    341.65104208985));
#5662 = CARTESIAN_POINT('',(226.91573325755,253.05860660366,
    339.90436247224));
#5663 = CARTESIAN_POINT('',(228.2032278953,253.70066626605,
    339.59204104618));
#5664 = CARTESIAN_POINT('',(229.49850477216,254.28916334358,
    339.93172155592));
#5665 = CARTESIAN_POINT('',(230.46241507981,254.86493604806,
    340.81389835975));
#5666 = CARTESIAN_POINT('',(231.10505135379,255.47344959073,
    342.00324479295));
#5667 = CARTESIAN_POINT('',(231.12300401635,256.15729255577,
    343.67053709057));
#5668 = CARTESIAN_POINT('',(230.1643713099,256.94995337119,
    345.1878813369));
#5669 = CARTESIAN_POINT('',(228.53029458238,257.87087407119,
    346.02277736712));
#5670 = CARTESIAN_POINT('',(226.72104917584,258.92534754131,
    345.9513563976));
#5671 = CARTESIAN_POINT('',(224.91179443879,259.97982621346,
    345.87994109912));
#5672 = CARTESIAN_POINT('',(222.92694050838,261.16788157564,
    344.90350345505));
#5673 = CARTESIAN_POINT('',(221.28901890116,262.49489465494,
    342.79624427761));
#5674 = CARTESIAN_POINT('',(220.70892115273,263.95153685918,
    339.69311133438));
#5675 = CARTESIAN_POINT('',(222.07256993283,265.51365753898,
    336.27747894005));
#5676 = CARTESIAN_POINT('',(225.13498675601,267.14399658211,
    334.26153199553));
#5677 = CARTESIAN_POINT('',(228.50299129211,268.7988979365,
    334.06742967791));
#5678 = CARTESIAN_POINT('',(231.25176449762,270.4350612753,
    335.32840994527));
#5679 = CARTESIAN_POINT('',(234.61239821547,273.59539369929,
    339.38844161887));
#5680 = CARTESIAN_POINT('',(235.2246509852,275.11957379926,
    342.18852914136));
#5681 = CARTESIAN_POINT('',(234.34154955519,276.55052051109,
    345.06652933082));
#5682 = CARTESIAN_POINT('',(232.03257805849,277.85688702752,
    347.0676534596));
#5683 = CARTESIAN_POINT('',(229.30327400931,279.01959593249,
    347.32497007344));
#5684 = CARTESIAN_POINT('',(227.30723676221,280.03418417493,
    346.45815428635));
#5685 = CARTESIAN_POINT('',(226.11047649684,280.91463807481,
    345.09543543823));
#5686 = CARTESIAN_POINT('',(225.68711068411,281.68634346068,
    343.65885011006));
#5687 = CARTESIAN_POINT('',(225.85349111514,282.38367378543,
    342.42002856383));
#5688 = CARTESIAN_POINT('',(226.01987395617,283.08099642398,
    341.18120959262));
#5689 = CARTESIAN_POINT('',(226.77670749402,283.7035696308,
    340.14040176634));
#5690 = CARTESIAN_POINT('',(227.95889725561,284.28650072404,
    339.55942957573));
#5691 = CARTESIAN_POINT('',(229.270041889,284.87029948271,
    339.57618018632));
#5692 = CARTESIAN_POINT('',(230.59866998076,285.50200667905,
    340.0620853236));
#5693 = CARTESIAN_POINT('',(231.74561957202,286.22084171773,
    341.3928724258));
#5694 = CARTESIAN_POINT('',(231.9944346446,287.05788357185,
    343.26198116989));
#5695 = CARTESIAN_POINT('',(231.23939753753,288.02834478718,
    345.03010711726));
#5696 = CARTESIAN_POINT('',(228.24590793717,290.23866087438,
    347.33887618637));
#5697 = CARTESIAN_POINT('',(226.00774765502,291.47848803972,
    347.88031569671));
#5698 = CARTESIAN_POINT('',(223.3083863142,292.85411543739,
    347.28269537469));
#5699 = CARTESIAN_POINT('',(220.81504183624,294.35235472298,
    345.19144096532));
#5700 = CARTESIAN_POINT('',(219.6952732685,295.94456809975,
    341.61490213301));
#5701 = CARTESIAN_POINT('',(220.79462954624,297.59210375044,
    338.09207270771));
#5702 = CARTESIAN_POINT('',(223.26657446855,299.24913635191,
    335.80108852223));
#5703 = CARTESIAN_POINT('',(226.16383132917,300.87383207262,
    335.02194056637));
#5704 = CARTESIAN_POINT('',(228.71882124329,302.43057843263,
    335.49639639376));
#5705 = CARTESIAN_POINT('',(231.27380349183,303.98732637718,
    335.97085472923));
#5706 = CARTESIAN_POINT('',(233.48703303051,305.47643132429,
    337.69969440567));
#5707 = CARTESIAN_POINT('',(234.60592117866,306.8615452327,
    340.40665709446));
#5708 = CARTESIAN_POINT('',(234.10341207427,308.11626499273,
    343.31260802971));
#5709 = CARTESIAN_POINT('',(232.24889804764,309.22324752161,
    345.14850068855));
#5710 = CARTESIAN_POINT('',(230.27181103239,310.18516021039,
    345.73401778337));
#5711 = CARTESIAN_POINT('',(228.564477932,311.01824404362,
    345.47790048315));
#5712 = CARTESIAN_POINT('',(227.36550920389,311.75238238601,
    344.68923230799));
#5713 = CARTESIAN_POINT('',(226.06956695094,313.0950303471,
    342.64721977802));
#5714 = CARTESIAN_POINT('',(225.9731589077,313.70355574175,
    341.39404521936));
#5715 = CARTESIAN_POINT('',(226.48095178895,314.28552351516,
    340.18981403625));
#5716 = CARTESIAN_POINT('',(227.48435968338,314.8839356037,
    339.31936685912));
#5717 = CARTESIAN_POINT('',(228.87353316668,315.54308793673,
    338.7810718834));
#5718 = CARTESIAN_POINT('',(230.70368438805,316.30159878334,
    339.08126385851));
#5719 = CARTESIAN_POINT('',(232.15985820842,317.18582827686,
    340.42239444753));
#5720 = CARTESIAN_POINT('',(232.73667401933,318.20736400727,
    342.35023434099));
#5721 = CARTESIAN_POINT('',(232.31121307026,319.36318525671,
    344.27344509115));
#5722 = PCURVE('',#166,#5723);
#5723 = DEFINITIONAL_REPRESENTATION('',(#5724),#5727);
#5724 = B_SPLINE_CURVE_WITH_KNOTS('',1,(#5725,#5726),.UNSPECIFIED.,.F.,
  .F.,(2,2),(0.,86.59203406339),.PIECEWISE_BEZIER_KNOTS.);
#5725 = CARTESIAN_POINT('',(0.,0.));
#5726 = CARTESIAN_POINT('',(0.,86.59203406339));
#5727 = ( GEOMETRIC_REPRESENTATION_CONTEXT(2) 
PARAMETRIC_REPRESENTATION_CONTEXT() REPRESENTATION_CONTEXT('2D SPACE',''
  ) );
#5728 = PCURVE('',#1179,#5729);
#5729 = DEFINITIONAL_REPRESENTATION('',(#5730),#5734);
#5730 = LINE('',#5731,#5732);
#5731 = CARTESIAN_POINT('',(1.6,0.));
#5732 = VECTOR('',#5733,1.);
#5733 = DIRECTION('',(0.,1.));
#5734 = ( GEOMETRIC_REPRESENTATION_CONTEXT(2) 
PARAMETRIC_REPRESENTATION_CONTEXT() REPRESENTATION_CONTEXT('2D SPACE',''
  ) );
#5735 = ORIENTED_EDGE('',*,*,#3242,.T.);
#5736 = ORIENTED_EDGE('',*,*,#5737,.F.);
#5737 = EDGE_CURVE('',#1420,#2969,#5738,.T.);
#5738 = SURFACE_CURVE('',#5739,(#5809,#5815),.PCURVE_S1.);
#5739 = B_SPLINE_CURVE_WITH_KNOTS('',9,(#5740,#5741,#5742,#5743,#5744,
    #5745,#5746,#5747,#5748,#5749,#5750,#5751,#5752,#5753,#5754,#5755,
    #5756,#5757,#5758,#5759,#5760,#5761,#5762,#5763,#5764,#5765,#5766,
    #5767,#5768,#5769,#5770,#5771,#5772,#5773,#5774,#5775,#5776,#5777,
    #5778,#5779,#5780,#5781,#5782,#5783,#5784,#5785,#5786,#5787,#5788,
    #5789,#5790,#5791,#5792,#5793,#5794,#5795,#5796,#5797,#5798,#5799,
    #5800,#5801,#5802,#5803,#5804,#5805,#5806,#5807,#5808),
  .UNSPECIFIED.,.F.,.F.,(10,8,9,8,9,8,9,8,10),(0.,10.824004257924,
    21.648008515848,32.472012773771,43.296017031695,54.120021289619,
    64.944025547543,75.768029805466,86.59203406339),.UNSPECIFIED.);
#5740 = CARTESIAN_POINT('',(234.9,241.5904020522,341.59584037026));
#5741 = CARTESIAN_POINT('',(234.88855502025,243.1892721628,
    344.26054885878));
#5742 = CARTESIAN_POINT('',(233.54875150754,244.74506873789,
    346.85130544926));
#5743 = CARTESIAN_POINT('',(230.97432465276,246.21793806658,
    348.55168170867));
#5744 = CARTESIAN_POINT('',(227.81776997942,247.57559876504,
    348.64147905334));
#5745 = CARTESIAN_POINT('',(225.43519546091,248.79231243644,
    347.04025454083));
#5746 = CARTESIAN_POINT('',(224.40540453253,249.86172542246,
    344.99029491471));
#5747 = CARTESIAN_POINT('',(224.36620466342,250.79126610181,
    343.08481568974));
#5748 = CARTESIAN_POINT('',(224.99727045856,251.60391551871,
    341.65104208985));
#5749 = CARTESIAN_POINT('',(226.91573325755,253.05860660366,
    339.90436247224));
#5750 = CARTESIAN_POINT('',(228.2032278953,253.70066626605,
    339.59204104618));
#5751 = CARTESIAN_POINT('',(229.49850477216,254.28916334358,
    339.93172155592));
#5752 = CARTESIAN_POINT('',(230.46241507981,254.86493604806,
    340.81389835975));
#5753 = CARTESIAN_POINT('',(231.10505135379,255.47344959073,
    342.00324479295));
#5754 = CARTESIAN_POINT('',(231.12300401635,256.15729255577,
    343.67053709057));
#5755 = CARTESIAN_POINT('',(230.1643713099,256.94995337119,
    345.1878813369));
#5756 = CARTESIAN_POINT('',(228.53029458238,257.87087407119,
    346.02277736712));
#5757 = CARTESIAN_POINT('',(226.72104917584,258.92534754131,
    345.9513563976));
#5758 = CARTESIAN_POINT('',(224.91179443879,259.97982621346,
    345.87994109912));
#5759 = CARTESIAN_POINT('',(222.92694050838,261.16788157564,
    344.90350345505));
#5760 = CARTESIAN_POINT('',(221.28901890116,262.49489465494,
    342.79624427761));
#5761 = CARTESIAN_POINT('',(220.70892115273,263.95153685918,
    339.69311133438));
#5762 = CARTESIAN_POINT('',(222.07256993283,265.51365753898,
    336.27747894005));
#5763 = CARTESIAN_POINT('',(225.13498675601,267.14399658211,
    334.26153199553));
#5764 = CARTESIAN_POINT('',(228.50299129211,268.7988979365,
    334.06742967791));
#5765 = CARTESIAN_POINT('',(231.25176449762,270.4350612753,
    335.32840994527));
#5766 = CARTESIAN_POINT('',(234.61239821547,273.59539369929,
    339.38844161887));
#5767 = CARTESIAN_POINT('',(235.2246509852,275.11957379926,
    342.18852914136));
#5768 = CARTESIAN_POINT('',(234.34154955519,276.55052051109,
    345.06652933082));
#5769 = CARTESIAN_POINT('',(232.03257805849,277.85688702752,
    347.0676534596));
#5770 = CARTESIAN_POINT('',(229.30327400931,279.01959593249,
    347.32497007344));
#5771 = CARTESIAN_POINT('',(227.30723676221,280.03418417493,
    346.45815428635));
#5772 = CARTESIAN_POINT('',(226.11047649684,280.91463807481,
    345.09543543823));
#5773 = CARTESIAN_POINT('',(225.68711068411,281.68634346068,
    343.65885011006));
#5774 = CARTESIAN_POINT('',(225.85349111514,282.38367378543,
    342.42002856383));
#5775 = CARTESIAN_POINT('',(226.01987395617,283.08099642398,
    341.18120959262));
#5776 = CARTESIAN_POINT('',(226.77670749402,283.7035696308,
    340.14040176634));
#5777 = CARTESIAN_POINT('',(227.95889725561,284.28650072404,
    339.55942957573));
#5778 = CARTESIAN_POINT('',(229.270041889,284.87029948271,
    339.57618018632));
#5779 = CARTESIAN_POINT('',(230.59866998076,285.50200667905,
    340.0620853236));
#5780 = CARTESIAN_POINT('',(231.74561957202,286.22084171773,
    341.3928724258));
#5781 = CARTESIAN_POINT('',(231.9944346446,287.05788357185,
    343.26198116989));
#5782 = CARTESIAN_POINT('',(231.23939753753,288.02834478718,
    345.03010711726));
#5783 = CARTESIAN_POINT('',(228.24590793717,290.23866087438,
    347.33887618637));
#5784 = CARTESIAN_POINT('',(226.00774765502,291.47848803972,
    347.88031569671));
#5785 = CARTESIAN_POINT('',(223.3083863142,292.85411543739,
    347.28269537469));
#5786 = CARTESIAN_POINT('',(220.81504183624,294.35235472298,
    345.19144096532));
#5787 = CARTESIAN_POINT('',(219.6952732685,295.94456809975,
    341.61490213301));
#5788 = CARTESIAN_POINT('',(220.79462954624,297.59210375044,
    338.09207270771));
#5789 = CARTESIAN_POINT('',(223.26657446855,299.24913635191,
    335.80108852223));
#5790 = CARTESIAN_POINT('',(226.16383132917,300.87383207262,
    335.02194056637));
#5791 = CARTESIAN_POINT('',(228.71882124329,302.43057843263,
    335.49639639376));
#5792 = CARTESIAN_POINT('',(231.27380349183,303.98732637718,
    335.97085472923));
#5793 = CARTESIAN_POINT('',(233.48703303051,305.47643132429,
    337.69969440567));
#5794 = CARTESIAN_POINT('',(234.60592117866,306.8615452327,
    340.40665709446));
#5795 = CARTESIAN_POINT('',(234.10341207427,308.11626499273,
    343.31260802971));
#5796 = CARTESIAN_POINT('',(232.24889804764,309.22324752161,
    345.14850068855));
#5797 = CARTESIAN_POINT('',(230.27181103239,310.18516021039,
    345.73401778337));
#5798 = CARTESIAN_POINT('',(228.564477932,311.01824404362,
    345.47790048315));
#5799 = CARTESIAN_POINT('',(227.36550920389,311.75238238601,
    344.68923230799));
#5800 = CARTESIAN_POINT('',(226.06956695094,313.0950303471,
    342.64721977802));
#5801 = CARTESIAN_POINT('',(225.9731589077,313.70355574175,
    341.39404521936));
#5802 = CARTESIAN_POINT('',(226.48095178895,314.28552351516,
    340.18981403625));
#5803 = CARTESIAN_POINT('',(227.48435968338,314.8839356037,
    339.31936685912));
#5804 = CARTESIAN_POINT('',(228.87353316668,315.54308793673,
    338.7810718834));
#5805 = CARTESIAN_POINT('',(230.70368438805,316.30159878334,
    339.08126385851));
#5806 = CARTESIAN_POINT('',(232.15985820842,317.18582827686,
    340.42239444753));
#5807 = CARTESIAN_POINT('',(232.73667401933,318.20736400727,
    342.35023434099));
#5808 = CARTESIAN_POINT('',(232.31121307026,319.36318525671,
    344.27344509115));
#5809 = PCURVE('',#166,#5810);
#5810 = DEFINITIONAL_REPRESENTATION('',(#5811),#5814);
#5811 = B_SPLINE_CURVE_WITH_KNOTS('',1,(#5812,#5813),.UNSPECIFIED.,.F.,
  .F.,(2,2),(0.,86.59203406339),.PIECEWISE_BEZIER_KNOTS.);
#5812 = CARTESIAN_POINT('',(0.,0.));
#5813 = CARTESIAN_POINT('',(0.,86.59203406339));
#5814 = ( GEOMETRIC_REPRESENTATION_CONTEXT(2) 
PARAMETRIC_REPRESENTATION_CONTEXT() REPRESENTATION_CONTEXT('2D SPACE',''
  ) );
#5815 = PCURVE('',#1179,#5816);
#5816 = DEFINITIONAL_REPRESENTATION('',(#5817),#5821);
#5817 = LINE('',#5818,#5819);
#5818 = CARTESIAN_POINT('',(1.6,0.));
#5819 = VECTOR('',#5820,1.);
#5820 = DIRECTION('',(0.,1.));
#5821 = ( GEOMETRIC_REPRESENTATION_CONTEXT(2) 
PARAMETRIC_REPRESENTATION_CONTEXT() REPRESENTATION_CONTEXT('2D SPACE',''
  ) );
#5822 = ORIENTED_EDGE('',*,*,#1712,.T.);
#5823 = ADVANCED_FACE('',(#5824),#589,.T.);
#5824 = FACE_BOUND('',#5825,.T.);
#5825 = EDGE_LOOP('',(#5826,#5827,#5848,#5934,#5935,#6021,#6022,#6110,
    #6129,#6130,#6131,#6132,#6133));
#5826 = ORIENTED_EDGE('',*,*,#527,.T.);
#5827 = ORIENTED_EDGE('',*,*,#5828,.T.);
#5828 = EDGE_CURVE('',#333,#5829,#5831,.T.);
#5829 = VERTEX_POINT('',#5830);
#5830 = CARTESIAN_POINT('',(230.2,240.20959794779,342.40415962973));
#5831 = SURFACE_CURVE('',#5832,(#5835,#5842),.PCURVE_S1.);
#5832 = B_SPLINE_CURVE_WITH_KNOTS('',1,(#5833,#5834),.UNSPECIFIED.,.F.,
  .F.,(2,2),(0.,1.6),.PIECEWISE_BEZIER_KNOTS.);
#5833 = CARTESIAN_POINT('',(230.2,241.5904020522,341.59584037026));
#5834 = CARTESIAN_POINT('',(230.2,240.20959794779,342.40415962973));
#5835 = PCURVE('',#589,#5836);
#5836 = DEFINITIONAL_REPRESENTATION('',(#5837),#5841);
#5837 = LINE('',#5838,#5839);
#5838 = CARTESIAN_POINT('',(0.,0.));
#5839 = VECTOR('',#5840,1.);
#5840 = DIRECTION('',(1.,0.));
#5841 = ( GEOMETRIC_REPRESENTATION_CONTEXT(2) 
PARAMETRIC_REPRESENTATION_CONTEXT() REPRESENTATION_CONTEXT('2D SPACE',''
  ) );
#5842 = PCURVE('',#5177,#5843);
#5843 = DEFINITIONAL_REPRESENTATION('',(#5844),#5847);
#5844 = B_SPLINE_CURVE_WITH_KNOTS('',1,(#5845,#5846),.UNSPECIFIED.,.F.,
  .F.,(2,2),(0.,1.6),.PIECEWISE_BEZIER_KNOTS.);
#5845 = CARTESIAN_POINT('',(0.8,2.35));
#5846 = CARTESIAN_POINT('',(-0.8,2.35));
#5847 = ( GEOMETRIC_REPRESENTATION_CONTEXT(2) 
PARAMETRIC_REPRESENTATION_CONTEXT() REPRESENTATION_CONTEXT('2D SPACE',''
  ) );
#5848 = ORIENTED_EDGE('',*,*,#5849,.T.);
#5849 = EDGE_CURVE('',#5829,#2593,#5850,.T.);
#5850 = SURFACE_CURVE('',#5851,(#5921,#5927),.PCURVE_S1.);
#5851 = B_SPLINE_CURVE_WITH_KNOTS('',9,(#5852,#5853,#5854,#5855,#5856,
    #5857,#5858,#5859,#5860,#5861,#5862,#5863,#5864,#5865,#5866,#5867,
    #5868,#5869,#5870,#5871,#5872,#5873,#5874,#5875,#5876,#5877,#5878,
    #5879,#5880,#5881,#5882,#5883,#5884,#5885,#5886,#5887,#5888,#5889,
    #5890,#5891,#5892,#5893,#5894,#5895,#5896,#5897,#5898,#5899,#5900,
    #5901,#5902,#5903,#5904,#5905,#5906,#5907,#5908,#5909,#5910,#5911,
    #5912,#5913,#5914,#5915,#5916,#5917,#5918,#5919,#5920),
  .UNSPECIFIED.,.F.,.F.,(10,8,9,8,9,8,9,8,10),(0.,10.824004257924,
    21.648008515848,32.472012773771,43.296017031695,54.120021289619,
    64.944025547543,75.768029805466,86.59203406339),.UNSPECIFIED.);
#5852 = CARTESIAN_POINT('',(230.2,240.20959794779,342.40415962973));
#5853 = CARTESIAN_POINT('',(230.21144497975,240.84961672621,
    343.56401294773));
#5854 = CARTESIAN_POINT('',(229.65970486888,241.53270903951,
    344.79811381859));
#5855 = CARTESIAN_POINT('',(228.45170630721,242.29872860067,
    345.85128055563));
#5856 = CARTESIAN_POINT('',(226.6376078474,243.1799567899,
    346.38548420328));
#5857 = CARTESIAN_POINT('',(224.27532201847,244.2021320084,
    345.93889100722));
#5858 = CARTESIAN_POINT('',(222.34935541495,245.37160791069,
    343.94411728074));
#5859 = CARTESIAN_POINT('',(221.79746006517,246.68095612044,
    341.20851354578));
#5860 = CARTESIAN_POINT('',(222.65188953474,248.10719559239,
    338.64219827649));
#5861 = CARTESIAN_POINT('',(226.29910505878,251.13028228523,
    335.14175497029));
#5862 = CARTESIAN_POINT('',(229.09221387679,252.72711151169,
    334.20664600581));
#5863 = CARTESIAN_POINT('',(232.39517226247,254.37750332306,
    334.73025980931));
#5864 = CARTESIAN_POINT('',(235.29497234147,256.04061950764,
    337.03683080432));
#5865 = CARTESIAN_POINT('',(236.41726832037,257.67099485338,
    340.70467195567));
#5866 = CARTESIAN_POINT('',(235.48377058154,259.22604077791,
    343.96267630087));
#5867 = CARTESIAN_POINT('',(233.47096158464,260.67226885078,
    346.05909398193));
#5868 = CARTESIAN_POINT('',(231.1754579513,261.99023704,346.88728846863)
  );
#5869 = CARTESIAN_POINT('',(229.16677483239,263.17465245868,
    346.733554411));
#5870 = CARTESIAN_POINT('',(227.15810104396,264.35906267531,
    346.5798146823));
#5871 = CARTESIAN_POINT('',(225.43608800013,265.40989620249,
    345.44281694428));
#5872 = CARTESIAN_POINT('',(224.54791675184,266.32177201114,
    343.6121076161));
#5873 = CARTESIAN_POINT('',(224.79772211353,267.10401869696,
    341.71647303673));
#5874 = CARTESIAN_POINT('',(225.7576730697,267.78078690505,
    340.51603119504));
#5875 = CARTESIAN_POINT('',(226.90698227607,268.38933675139,
    339.81946374665));
#5876 = CARTESIAN_POINT('',(228.20680950346,268.97332428567,
    339.69672031845));
#5877 = CARTESIAN_POINT('',(229.36373515368,269.57604983581,
    340.1541473344));
#5878 = CARTESIAN_POINT('',(230.91346784735,270.89349518959,
    341.95904327139));
#5879 = CARTESIAN_POINT('',(231.30625353273,271.60820397851,
    343.30591907726));
#5880 = CARTESIAN_POINT('',(231.05685613321,272.41614615567,
    344.96735618767));
#5881 = CARTESIAN_POINT('',(229.95515062703,273.34866852772,
    346.63551712045));
#5882 = CARTESIAN_POINT('',(227.73178836843,274.42484851245,
    347.85412514192));
#5883 = CARTESIAN_POINT('',(224.86497023131,275.64914915787,
    347.51702759358));
#5884 = CARTESIAN_POINT('',(222.62916740233,277.00758414778,
    345.7007133075));
#5885 = CARTESIAN_POINT('',(221.62366469922,278.47476765025,
    343.11662622378));
#5886 = CARTESIAN_POINT('',(221.90681330935,280.01632621461,
    340.55739607828));
#5887 = CARTESIAN_POINT('',(222.18995950947,281.55789246517,
    337.99816335776));
#5888 = CARTESIAN_POINT('',(223.76112207077,283.17420814607,
    335.46295300152));
#5889 = CARTESIAN_POINT('',(226.65878395871,284.83016594407,
    333.75404493705));
#5890 = CARTESIAN_POINT('',(230.35718161485,286.48525607135,
    333.70185625674));
#5891 = CARTESIAN_POINT('',(233.49982950297,288.09243776638,
    335.80727282807));
#5892 = CARTESIAN_POINT('',(234.81274205128,289.61249161518,
    338.84059488286));
#5893 = CARTESIAN_POINT('',(234.6054241832,291.01433865045,
    341.64987502612));
#5894 = CARTESIAN_POINT('',(233.41510276462,292.28276632392,
    343.67950991238));
#5895 = CARTESIAN_POINT('',(230.26475960823,294.5502280145,
    345.92731776351));
#5896 = CARTESIAN_POINT('',(228.30398159147,295.54928973811,
    346.14503851594));
#5897 = CARTESIAN_POINT('',(226.53844990233,296.41255122898,
    345.34488388096));
#5898 = CARTESIAN_POINT('',(225.56966258574,297.15320083324,
    343.81536297041));
#5899 = CARTESIAN_POINT('',(225.50763379233,297.79987634373,
    342.36093647966));
#5900 = CARTESIAN_POINT('',(225.8963829997,298.39122958378,
    341.10021995305));
#5901 = CARTESIAN_POINT('',(226.80003527675,298.97308586977,
    340.15174668218));
#5902 = CARTESIAN_POINT('',(228.00059605262,299.58727903864,
    339.74120455327));
#5903 = CARTESIAN_POINT('',(229.21060639213,300.26942156739,
    339.93909246385));
#5904 = CARTESIAN_POINT('',(230.42062439721,300.95156251161,
    340.13697786633));
#5905 = CARTESIAN_POINT('',(231.64015983033,301.70134645366,
    340.94261970065));
#5906 = CARTESIAN_POINT('',(232.5669962468,302.55512143367,
    342.44323969899));
#5907 = CARTESIAN_POINT('',(232.80996617707,303.53929056313,
    344.54022882197));
#5908 = CARTESIAN_POINT('',(231.81442524671,304.67119692259,
    347.01530401581));
#5909 = CARTESIAN_POINT('',(229.29015811046,305.94817312304,
    348.62846408755));
#5910 = CARTESIAN_POINT('',(226.32477349975,307.35397817856,
    348.65058610629));
#5911 = CARTESIAN_POINT('',(223.84709301175,308.8587287251,
    347.27369253348));
#5912 = CARTESIAN_POINT('',(220.95605359693,311.99385854178,
    342.91427876246));
#5913 = CARTESIAN_POINT('',(220.54181292939,313.62422203602,
    339.93110524328));
#5914 = CARTESIAN_POINT('',(221.69222255935,315.28114315151,
    336.76047539643));
#5915 = CARTESIAN_POINT('',(224.5071286301,316.9216199518,
    334.38795341815));
#5916 = CARTESIAN_POINT('',(228.20976817529,318.50135650779,
    334.04267770163));
#5917 = CARTESIAN_POINT('',(231.06726040654,319.98173454989,
    335.50962145121));
#5918 = CARTESIAN_POINT('',(232.64620144064,321.33639394542,
    337.72894292394));
#5919 = CARTESIAN_POINT('',(233.01577051063,322.55374710381,
    339.9618514652));
#5920 = CARTESIAN_POINT('',(232.54840523719,323.63681474328,
    341.75752957438));
#5921 = PCURVE('',#589,#5922);
#5922 = DEFINITIONAL_REPRESENTATION('',(#5923),#5926);
#5923 = B_SPLINE_CURVE_WITH_KNOTS('',1,(#5924,#5925),.UNSPECIFIED.,.F.,
  .F.,(2,2),(0.,86.59203406339),.PIECEWISE_BEZIER_KNOTS.);
#5924 = CARTESIAN_POINT('',(1.6,0.));
#5925 = CARTESIAN_POINT('',(1.6,86.59203406339));
#5926 = ( GEOMETRIC_REPRESENTATION_CONTEXT(2) 
PARAMETRIC_REPRESENTATION_CONTEXT() REPRESENTATION_CONTEXT('2D SPACE',''
  ) );
#5927 = PCURVE('',#819,#5928);
#5928 = DEFINITIONAL_REPRESENTATION('',(#5929),#5933);
#5929 = LINE('',#5930,#5931);
#5930 = CARTESIAN_POINT('',(0.,0.));
#5931 = VECTOR('',#5932,1.);
#5932 = DIRECTION('',(0.,1.));
#5933 = ( GEOMETRIC_REPRESENTATION_CONTEXT(2) 
PARAMETRIC_REPRESENTATION_CONTEXT() REPRESENTATION_CONTEXT('2D SPACE',''
  ) );
#5934 = ORIENTED_EDGE('',*,*,#2675,.T.);
#5935 = ORIENTED_EDGE('',*,*,#5936,.T.);
#5936 = EDGE_CURVE('',#2591,#3328,#5937,.T.);
#5937 = SURFACE_CURVE('',#5938,(#6008,#6014),.PCURVE_S1.);
#5938 = B_SPLINE_CURVE_WITH_KNOTS('',9,(#5939,#5940,#5941,#5942,#5943,
    #5944,#5945,#5946,#5947,#5948,#5949,#5950,#5951,#5952,#5953,#5954,
    #5955,#5956,#5957,#5958,#5959,#5960,#5961,#5962,#5963,#5964,#5965,
    #5966,#5967,#5968,#5969,#5970,#5971,#5972,#5973,#5974,#5975,#5976,
    #5977,#5978,#5979,#5980,#5981,#5982,#5983,#5984,#5985,#5986,#5987,
    #5988,#5989,#5990,#5991,#5992,#5993,#5994,#5995,#5996,#5997,#5998,
    #5999,#6000,#6001,#6002,#6003,#6004,#6005,#6006,#6007),
  .UNSPECIFIED.,.F.,.F.,(10,8,9,8,9,8,9,8,10),(0.,10.824004257924,
    21.648008515848,32.472012773771,43.296017031695,54.120021289619,
    64.944025547543,75.768029805466,86.59203406339),.UNSPECIFIED.);
#5939 = CARTESIAN_POINT('',(230.2,240.20959794779,342.40415962973));
#5940 = CARTESIAN_POINT('',(230.21144497975,240.84961672621,
    343.56401294773));
#5941 = CARTESIAN_POINT('',(229.65970486888,241.53270903951,
    344.79811381859));
#5942 = CARTESIAN_POINT('',(228.45170630721,242.29872860067,
    345.85128055563));
#5943 = CARTESIAN_POINT('',(226.6376078474,243.1799567899,
    346.38548420328));
#5944 = CARTESIAN_POINT('',(224.27532201847,244.2021320084,
    345.93889100722));
#5945 = CARTESIAN_POINT('',(222.34935541495,245.37160791069,
    343.94411728074));
#5946 = CARTESIAN_POINT('',(221.79746006517,246.68095612044,
    341.20851354578));
#5947 = CARTESIAN_POINT('',(222.65188953474,248.10719559239,
    338.64219827649));
#5948 = CARTESIAN_POINT('',(226.29910505878,251.13028228523,
    335.14175497029));
#5949 = CARTESIAN_POINT('',(229.09221387679,252.72711151169,
    334.20664600581));
#5950 = CARTESIAN_POINT('',(232.39517226247,254.37750332306,
    334.73025980931));
#5951 = CARTESIAN_POINT('',(235.29497234147,256.04061950764,
    337.03683080432));
#5952 = CARTESIAN_POINT('',(236.41726832037,257.67099485338,
    340.70467195567));
#5953 = CARTESIAN_POINT('',(235.48377058154,259.22604077791,
    343.96267630087));
#5954 = CARTESIAN_POINT('',(233.47096158464,260.67226885078,
    346.05909398193));
#5955 = CARTESIAN_POINT('',(231.1754579513,261.99023704,346.88728846863)
  );
#5956 = CARTESIAN_POINT('',(229.16677483239,263.17465245868,
    346.733554411));
#5957 = CARTESIAN_POINT('',(227.15810104396,264.35906267531,
    346.5798146823));
#5958 = CARTESIAN_POINT('',(225.43608800013,265.40989620249,
    345.44281694428));
#5959 = CARTESIAN_POINT('',(224.54791675184,266.32177201114,
    343.6121076161));
#5960 = CARTESIAN_POINT('',(224.79772211353,267.10401869696,
    341.71647303673));
#5961 = CARTESIAN_POINT('',(225.7576730697,267.78078690505,
    340.51603119504));
#5962 = CARTESIAN_POINT('',(226.90698227607,268.38933675139,
    339.81946374665));
#5963 = CARTESIAN_POINT('',(228.20680950346,268.97332428567,
    339.69672031845));
#5964 = CARTESIAN_POINT('',(229.36373515368,269.57604983581,
    340.1541473344));
#5965 = CARTESIAN_POINT('',(230.91346784735,270.89349518959,
    341.95904327139));
#5966 = CARTESIAN_POINT('',(231.30625353273,271.60820397851,
    343.30591907726));
#5967 = CARTESIAN_POINT('',(231.05685613321,272.41614615567,
    344.96735618767));
#5968 = CARTESIAN_POINT('',(229.95515062703,273.34866852772,
    346.63551712045));
#5969 = CARTESIAN_POINT('',(227.73178836843,274.42484851245,
    347.85412514192));
#5970 = CARTESIAN_POINT('',(224.86497023131,275.64914915787,
    347.51702759358));
#5971 = CARTESIAN_POINT('',(222.62916740233,277.00758414778,
    345.7007133075));
#5972 = CARTESIAN_POINT('',(221.62366469922,278.47476765025,
    343.11662622378));
#5973 = CARTESIAN_POINT('',(221.90681330935,280.01632621461,
    340.55739607828));
#5974 = CARTESIAN_POINT('',(222.18995950947,281.55789246517,
    337.99816335776));
#5975 = CARTESIAN_POINT('',(223.76112207077,283.17420814607,
    335.46295300152));
#5976 = CARTESIAN_POINT('',(226.65878395871,284.83016594407,
    333.75404493705));
#5977 = CARTESIAN_POINT('',(230.35718161485,286.48525607135,
    333.70185625674));
#5978 = CARTESIAN_POINT('',(233.49982950297,288.09243776638,
    335.80727282807));
#5979 = CARTESIAN_POINT('',(234.81274205128,289.61249161518,
    338.84059488286));
#5980 = CARTESIAN_POINT('',(234.6054241832,291.01433865045,
    341.64987502612));
#5981 = CARTESIAN_POINT('',(233.41510276462,292.28276632392,
    343.67950991238));
#5982 = CARTESIAN_POINT('',(230.26475960823,294.5502280145,
    345.92731776351));
#5983 = CARTESIAN_POINT('',(228.30398159147,295.54928973811,
    346.14503851594));
#5984 = CARTESIAN_POINT('',(226.53844990233,296.41255122898,
    345.34488388096));
#5985 = CARTESIAN_POINT('',(225.56966258574,297.15320083324,
    343.81536297041));
#5986 = CARTESIAN_POINT('',(225.50763379233,297.79987634373,
    342.36093647966));
#5987 = CARTESIAN_POINT('',(225.8963829997,298.39122958378,
    341.10021995305));
#5988 = CARTESIAN_POINT('',(226.80003527675,298.97308586977,
    340.15174668218));
#5989 = CARTESIAN_POINT('',(228.00059605262,299.58727903864,
    339.74120455327));
#5990 = CARTESIAN_POINT('',(229.21060639213,300.26942156739,
    339.93909246385));
#5991 = CARTESIAN_POINT('',(230.42062439721,300.95156251161,
    340.13697786633));
#5992 = CARTESIAN_POINT('',(231.64015983033,301.70134645366,
    340.94261970065));
#5993 = CARTESIAN_POINT('',(232.5669962468,302.55512143367,
    342.44323969899));
#5994 = CARTESIAN_POINT('',(232.80996617707,303.53929056313,
    344.54022882197));
#5995 = CARTESIAN_POINT('',(231.81442524671,304.67119692259,
    347.01530401581));
#5996 = CARTESIAN_POINT('',(229.29015811046,305.94817312304,
    348.62846408755));
#5997 = CARTESIAN_POINT('',(226.32477349975,307.35397817856,
    348.65058610629));
#5998 = CARTESIAN_POINT('',(223.84709301175,308.8587287251,
    347.27369253348));
#5999 = CARTESIAN_POINT('',(220.95605359693,311.99385854178,
    342.91427876246));
#6000 = CARTESIAN_POINT('',(220.54181292939,313.62422203602,
    339.93110524328));
#6001 = CARTESIAN_POINT('',(221.69222255935,315.28114315151,
    336.76047539643));
#6002 = CARTESIAN_POINT('',(224.5071286301,316.9216199518,
    334.38795341815));
#6003 = CARTESIAN_POINT('',(228.20976817529,318.50135650779,
    334.04267770163));
#6004 = CARTESIAN_POINT('',(231.06726040654,319.98173454989,
    335.50962145121));
#6005 = CARTESIAN_POINT('',(232.64620144064,321.33639394542,
    337.72894292394));
#6006 = CARTESIAN_POINT('',(233.01577051063,322.55374710381,
    339.9618514652));
#6007 = CARTESIAN_POINT('',(232.54840523719,323.63681474328,
    341.75752957438));
#6008 = PCURVE('',#589,#6009);
#6009 = DEFINITIONAL_REPRESENTATION('',(#6010),#6013);
#6010 = B_SPLINE_CURVE_WITH_KNOTS('',1,(#6011,#6012),.UNSPECIFIED.,.F.,
  .F.,(2,2),(0.,86.59203406339),.PIECEWISE_BEZIER_KNOTS.);
#6011 = CARTESIAN_POINT('',(1.6,0.));
#6012 = CARTESIAN_POINT('',(1.6,86.59203406339));
#6013 = ( GEOMETRIC_REPRESENTATION_CONTEXT(2) 
PARAMETRIC_REPRESENTATION_CONTEXT() REPRESENTATION_CONTEXT('2D SPACE',''
  ) );
#6014 = PCURVE('',#819,#6015);
#6015 = DEFINITIONAL_REPRESENTATION('',(#6016),#6020);
#6016 = LINE('',#6017,#6018);
#6017 = CARTESIAN_POINT('',(0.,0.));
#6018 = VECTOR('',#6019,1.);
#6019 = DIRECTION('',(0.,1.));
#6020 = ( GEOMETRIC_REPRESENTATION_CONTEXT(2) 
PARAMETRIC_REPRESENTATION_CONTEXT() REPRESENTATION_CONTEXT('2D SPACE',''
  ) );
#6021 = ORIENTED_EDGE('',*,*,#3410,.T.);
#6022 = ORIENTED_EDGE('',*,*,#6023,.T.);
#6023 = EDGE_CURVE('',#3326,#6024,#6026,.T.);
#6024 = VERTEX_POINT('',#6025);
#6025 = CARTESIAN_POINT('',(232.54840523719,323.63681474328,
    341.75752957438));
#6026 = SURFACE_CURVE('',#6027,(#6097,#6103),.PCURVE_S1.);
#6027 = B_SPLINE_CURVE_WITH_KNOTS('',9,(#6028,#6029,#6030,#6031,#6032,
    #6033,#6034,#6035,#6036,#6037,#6038,#6039,#6040,#6041,#6042,#6043,
    #6044,#6045,#6046,#6047,#6048,#6049,#6050,#6051,#6052,#6053,#6054,
    #6055,#6056,#6057,#6058,#6059,#6060,#6061,#6062,#6063,#6064,#6065,
    #6066,#6067,#6068,#6069,#6070,#6071,#6072,#6073,#6074,#6075,#6076,
    #6077,#6078,#6079,#6080,#6081,#6082,#6083,#6084,#6085,#6086,#6087,
    #6088,#6089,#6090,#6091,#6092,#6093,#6094,#6095,#6096),
  .UNSPECIFIED.,.F.,.F.,(10,8,9,8,9,8,9,8,10),(0.,10.824004257924,
    21.648008515848,32.472012773771,43.296017031695,54.120021289619,
    64.944025547543,75.768029805466,86.59203406339),.UNSPECIFIED.);
#6028 = CARTESIAN_POINT('',(230.2,240.20959794779,342.40415962973));
#6029 = CARTESIAN_POINT('',(230.21144497975,240.84961672621,
    343.56401294773));
#6030 = CARTESIAN_POINT('',(229.65970486888,241.53270903951,
    344.79811381859));
#6031 = CARTESIAN_POINT('',(228.45170630721,242.29872860067,
    345.85128055563));
#6032 = CARTESIAN_POINT('',(226.6376078474,243.1799567899,
    346.38548420328));
#6033 = CARTESIAN_POINT('',(224.27532201847,244.2021320084,
    345.93889100722));
#6034 = CARTESIAN_POINT('',(222.34935541495,245.37160791069,
    343.94411728074));
#6035 = CARTESIAN_POINT('',(221.79746006517,246.68095612044,
    341.20851354578));
#6036 = CARTESIAN_POINT('',(222.65188953474,248.10719559239,
    338.64219827649));
#6037 = CARTESIAN_POINT('',(226.29910505878,251.13028228523,
    335.14175497029));
#6038 = CARTESIAN_POINT('',(229.09221387679,252.72711151169,
    334.20664600581));
#6039 = CARTESIAN_POINT('',(232.39517226247,254.37750332306,
    334.73025980931));
#6040 = CARTESIAN_POINT('',(235.29497234147,256.04061950764,
    337.03683080432));
#6041 = CARTESIAN_POINT('',(236.41726832037,257.67099485338,
    340.70467195567));
#6042 = CARTESIAN_POINT('',(235.48377058154,259.22604077791,
    343.96267630087));
#6043 = CARTESIAN_POINT('',(233.47096158464,260.67226885078,
    346.05909398193));
#6044 = CARTESIAN_POINT('',(231.1754579513,261.99023704,346.88728846863)
  );
#6045 = CARTESIAN_POINT('',(229.16677483239,263.17465245868,
    346.733554411));
#6046 = CARTESIAN_POINT('',(227.15810104396,264.35906267531,
    346.5798146823));
#6047 = CARTESIAN_POINT('',(225.43608800013,265.40989620249,
    345.44281694428));
#6048 = CARTESIAN_POINT('',(224.54791675184,266.32177201114,
    343.6121076161));
#6049 = CARTESIAN_POINT('',(224.79772211353,267.10401869696,
    341.71647303673));
#6050 = CARTESIAN_POINT('',(225.7576730697,267.78078690505,
    340.51603119504));
#6051 = CARTESIAN_POINT('',(226.90698227607,268.38933675139,
    339.81946374665));
#6052 = CARTESIAN_POINT('',(228.20680950346,268.97332428567,
    339.69672031845));
#6053 = CARTESIAN_POINT('',(229.36373515368,269.57604983581,
    340.1541473344));
#6054 = CARTESIAN_POINT('',(230.91346784735,270.89349518959,
    341.95904327139));
#6055 = CARTESIAN_POINT('',(231.30625353273,271.60820397851,
    343.30591907726));
#6056 = CARTESIAN_POINT('',(231.05685613321,272.41614615567,
    344.96735618767));
#6057 = CARTESIAN_POINT('',(229.95515062703,273.34866852772,
    346.63551712045));
#6058 = CARTESIAN_POINT('',(227.73178836843,274.42484851245,
    347.85412514192));
#6059 = CARTESIAN_POINT('',(224.86497023131,275.64914915787,
    347.51702759358));
#6060 = CARTESIAN_POINT('',(222.62916740233,277.00758414778,
    345.7007133075));
#6061 = CARTESIAN_POINT('',(221.62366469922,278.47476765025,
    343.11662622378));
#6062 = CARTESIAN_POINT('',(221.90681330935,280.01632621461,
    340.55739607828));
#6063 = CARTESIAN_POINT('',(222.18995950947,281.55789246517,
    337.99816335776));
#6064 = CARTESIAN_POINT('',(223.76112207077,283.17420814607,
    335.46295300152));
#6065 = CARTESIAN_POINT('',(226.65878395871,284.83016594407,
    333.75404493705));
#6066 = CARTESIAN_POINT('',(230.35718161485,286.48525607135,
    333.70185625674));
#6067 = CARTESIAN_POINT('',(233.49982950297,288.09243776638,
    335.80727282807));
#6068 = CARTESIAN_POINT('',(234.81274205128,289.61249161518,
    338.84059488286));
#6069 = CARTESIAN_POINT('',(234.6054241832,291.01433865045,
    341.64987502612));
#6070 = CARTESIAN_POINT('',(233.41510276462,292.28276632392,
    343.67950991238));
#6071 = CARTESIAN_POINT('',(230.26475960823,294.5502280145,
    345.92731776351));
#6072 = CARTESIAN_POINT('',(228.30398159147,295.54928973811,
    346.14503851594));
#6073 = CARTESIAN_POINT('',(226.53844990233,296.41255122898,
    345.34488388096));
#6074 = CARTESIAN_POINT('',(225.56966258574,297.15320083324,
    343.81536297041));
#6075 = CARTESIAN_POINT('',(225.50763379233,297.79987634373,
    342.36093647966));
#6076 = CARTESIAN_POINT('',(225.8963829997,298.39122958378,
    341.10021995305));
#6077 = CARTESIAN_POINT('',(226.80003527675,298.97308586977,
    340.15174668218));
#6078 = CARTESIAN_POINT('',(228.00059605262,299.58727903864,
    339.74120455327));
#6079 = CARTESIAN_POINT('',(229.21060639213,300.26942156739,
    339.93909246385));
#6080 = CARTESIAN_POINT('',(230.42062439721,300.95156251161,
    340.13697786633));
#6081 = CARTESIAN_POINT('',(231.64015983033,301.70134645366,
    340.94261970065));
#6082 = CARTESIAN_POINT('',(232.5669962468,302.55512143367,
    342.44323969899));
#6083 = CARTESIAN_POINT('',(232.80996617707,303.53929056313,
    344.54022882197));
#6084 = CARTESIAN_POINT('',(231.81442524671,304.67119692259,
    347.01530401581));
#6085 = CARTESIAN_POINT('',(229.29015811046,305.94817312304,
    348.62846408755));
#6086 = CARTESIAN_POINT('',(226.32477349975,307.35397817856,
    348.65058610629));
#6087 = CARTESIAN_POINT('',(223.84709301175,308.8587287251,
    347.27369253348));
#6088 = CARTESIAN_POINT('',(220.95605359693,311.99385854178,
    342.91427876246));
#6089 = CARTESIAN_POINT('',(220.54181292939,313.62422203602,
    339.93110524328));
#6090 = CARTESIAN_POINT('',(221.69222255935,315.28114315151,
    336.76047539643));
#6091 = CARTESIAN_POINT('',(224.5071286301,316.9216199518,
    334.38795341815));
#6092 = CARTESIAN_POINT('',(228.20976817529,318.50135650779,
    334.04267770163));
#6093 = CARTESIAN_POINT('',(231.06726040654,319.98173454989,
    335.50962145121));
#6094 = CARTESIAN_POINT('',(232.64620144064,321.33639394542,
    337.72894292394));
#6095 = CARTESIAN_POINT('',(233.01577051063,322.55374710381,
    339.9618514652));
#6096 = CARTESIAN_POINT('',(232.54840523719,323.63681474328,
    341.75752957438));
#6097 = PCURVE('',#589,#6098);
#6098 = DEFINITIONAL_REPRESENTATION('',(#6099),#6102);
#6099 = B_SPLINE_CURVE_WITH_KNOTS('',1,(#6100,#6101),.UNSPECIFIED.,.F.,
  .F.,(2,2),(0.,86.59203406339),.PIECEWISE_BEZIER_KNOTS.);
#6100 = CARTESIAN_POINT('',(1.6,0.));
#6101 = CARTESIAN_POINT('',(1.6,86.59203406339));
#6102 = ( GEOMETRIC_REPRESENTATION_CONTEXT(2) 
PARAMETRIC_REPRESENTATION_CONTEXT() REPRESENTATION_CONTEXT('2D SPACE',''
  ) );
#6103 = PCURVE('',#819,#6104);
#6104 = DEFINITIONAL_REPRESENTATION('',(#6105),#6109);
#6105 = LINE('',#6106,#6107);
#6106 = CARTESIAN_POINT('',(0.,0.));
#6107 = VECTOR('',#6108,1.);
#6108 = DIRECTION('',(0.,1.));
#6109 = ( GEOMETRIC_REPRESENTATION_CONTEXT(2) 
PARAMETRIC_REPRESENTATION_CONTEXT() REPRESENTATION_CONTEXT('2D SPACE',''
  ) );
#6110 = ORIENTED_EDGE('',*,*,#6111,.F.);
#6111 = EDGE_CURVE('',#5450,#6024,#6112,.T.);
#6112 = SURFACE_CURVE('',#6113,(#6116,#6123),.PCURVE_S1.);
#6113 = B_SPLINE_CURVE_WITH_KNOTS('',1,(#6114,#6115),.UNSPECIFIED.,.F.,
  .F.,(2,2),(0.,1.6),.PIECEWISE_BEZIER_KNOTS.);
#6114 = CARTESIAN_POINT('',(234.00558975271,323.28688978335,
    342.31803453435));
#6115 = CARTESIAN_POINT('',(232.54840523719,323.63681474328,
    341.75752957438));
#6116 = PCURVE('',#589,#6117);
#6117 = DEFINITIONAL_REPRESENTATION('',(#6118),#6122);
#6118 = LINE('',#6119,#6120);
#6119 = CARTESIAN_POINT('',(0.,86.59203406339));
#6120 = VECTOR('',#6121,1.);
#6121 = DIRECTION('',(1.,0.));
#6122 = ( GEOMETRIC_REPRESENTATION_CONTEXT(2) 
PARAMETRIC_REPRESENTATION_CONTEXT() REPRESENTATION_CONTEXT('2D SPACE',''
  ) );
#6123 = PCURVE('',#5552,#6124);
#6124 = DEFINITIONAL_REPRESENTATION('',(#6125),#6128);
#6125 = B_SPLINE_CURVE_WITH_KNOTS('',1,(#6126,#6127),.UNSPECIFIED.,.F.,
  .F.,(2,2),(0.,1.6),.PIECEWISE_BEZIER_KNOTS.);
#6126 = CARTESIAN_POINT('',(1.890600213803,-1.608766866754));
#6127 = CARTESIAN_POINT('',(2.479483807366,-0.121078689335));
#6128 = ( GEOMETRIC_REPRESENTATION_CONTEXT(2) 
PARAMETRIC_REPRESENTATION_CONTEXT() REPRESENTATION_CONTEXT('2D SPACE',''
  ) );
#6129 = ORIENTED_EDGE('',*,*,#5449,.F.);
#6130 = ORIENTED_EDGE('',*,*,#3921,.T.);
#6131 = ORIENTED_EDGE('',*,*,#5362,.F.);
#6132 = ORIENTED_EDGE('',*,*,#1901,.T.);
#6133 = ORIENTED_EDGE('',*,*,#5275,.F.);
#6134 = ADVANCED_FACE('',(#6135),#370,.T.);
#6135 = FACE_BOUND('',#6136,.T.);
#6136 = EDGE_LOOP('',(#6137,#6138,#6157));
#6137 = ORIENTED_EDGE('',*,*,#5188,.F.);
#6138 = ORIENTED_EDGE('',*,*,#6139,.T.);
#6139 = EDGE_CURVE('',#5163,#333,#6140,.T.);
#6140 = SURFACE_CURVE('',#6141,(#6144,#6151),.PCURVE_S1.);
#6141 = B_SPLINE_CURVE_WITH_KNOTS('',1,(#6142,#6143),.UNSPECIFIED.,.F.,
  .F.,(2,2),(0.,1.6),.PIECEWISE_BEZIER_KNOTS.);
#6142 = CARTESIAN_POINT('',(230.2,241.5904020522,341.59584037026));
#6143 = CARTESIAN_POINT('',(230.2,240.20959794779,342.40415962973));
#6144 = PCURVE('',#370,#6145);
#6145 = DEFINITIONAL_REPRESENTATION('',(#6146),#6150);
#6146 = LINE('',#6147,#6148);
#6147 = CARTESIAN_POINT('',(0.,0.));
#6148 = VECTOR('',#6149,1.);
#6149 = DIRECTION('',(1.,0.));
#6150 = ( GEOMETRIC_REPRESENTATION_CONTEXT(2) 
PARAMETRIC_REPRESENTATION_CONTEXT() REPRESENTATION_CONTEXT('2D SPACE',''
  ) );
#6151 = PCURVE('',#5177,#6152);
#6152 = DEFINITIONAL_REPRESENTATION('',(#6153),#6156);
#6153 = B_SPLINE_CURVE_WITH_KNOTS('',1,(#6154,#6155),.UNSPECIFIED.,.F.,
  .F.,(2,2),(0.,1.6),.PIECEWISE_BEZIER_KNOTS.);
#6154 = CARTESIAN_POINT('',(0.8,2.35));
#6155 = CARTESIAN_POINT('',(-0.8,2.35));
#6156 = ( GEOMETRIC_REPRESENTATION_CONTEXT(2) 
PARAMETRIC_REPRESENTATION_CONTEXT() REPRESENTATION_CONTEXT('2D SPACE',''
  ) );
#6157 = ORIENTED_EDGE('',*,*,#332,.F.);
#6158 = ADVANCED_FACE('',(#6159),#819,.T.);
#6159 = FACE_BOUND('',#6160,.T.);
#6160 = EDGE_LOOP('',(#6161,#6162,#6183,#6269,#6270,#6356,#6357,#6443,
    #6444,#6532,#6551,#6552,#6553,#6554));
#6161 = ORIENTED_EDGE('',*,*,#5849,.F.);
#6162 = ORIENTED_EDGE('',*,*,#6163,.T.);
#6163 = EDGE_CURVE('',#5829,#6164,#6166,.T.);
#6164 = VERTEX_POINT('',#6165);
#6165 = CARTESIAN_POINT('',(234.9,240.20959794779,342.40415962973));
#6166 = SURFACE_CURVE('',#6167,(#6170,#6177),.PCURVE_S1.);
#6167 = B_SPLINE_CURVE_WITH_KNOTS('',1,(#6168,#6169),.UNSPECIFIED.,.F.,
  .F.,(2,2),(0.,4.7),.PIECEWISE_BEZIER_KNOTS.);
#6168 = CARTESIAN_POINT('',(230.2,240.20959794779,342.40415962973));
#6169 = CARTESIAN_POINT('',(234.9,240.20959794779,342.40415962973));
#6170 = PCURVE('',#819,#6171);
#6171 = DEFINITIONAL_REPRESENTATION('',(#6172),#6176);
#6172 = LINE('',#6173,#6174);
#6173 = CARTESIAN_POINT('',(0.,0.));
#6174 = VECTOR('',#6175,1.);
#6175 = DIRECTION('',(1.,0.));
#6176 = ( GEOMETRIC_REPRESENTATION_CONTEXT(2) 
PARAMETRIC_REPRESENTATION_CONTEXT() REPRESENTATION_CONTEXT('2D SPACE',''
  ) );
#6177 = PCURVE('',#5177,#6178);
#6178 = DEFINITIONAL_REPRESENTATION('',(#6179),#6182);
#6179 = B_SPLINE_CURVE_WITH_KNOTS('',1,(#6180,#6181),.UNSPECIFIED.,.F.,
  .F.,(2,2),(0.,4.7),.PIECEWISE_BEZIER_KNOTS.);
#6180 = CARTESIAN_POINT('',(-0.8,2.35));
#6181 = CARTESIAN_POINT('',(-0.8,-2.35));
#6182 = ( GEOMETRIC_REPRESENTATION_CONTEXT(2) 
PARAMETRIC_REPRESENTATION_CONTEXT() REPRESENTATION_CONTEXT('2D SPACE',''
  ) );
#6183 = ORIENTED_EDGE('',*,*,#6184,.T.);
#6184 = EDGE_CURVE('',#6164,#762,#6185,.T.);
#6185 = SURFACE_CURVE('',#6186,(#6256,#6263),.PCURVE_S1.);
#6186 = B_SPLINE_CURVE_WITH_KNOTS('',9,(#6187,#6188,#6189,#6190,#6191,
    #6192,#6193,#6194,#6195,#6196,#6197,#6198,#6199,#6200,#6201,#6202,
    #6203,#6204,#6205,#6206,#6207,#6208,#6209,#6210,#6211,#6212,#6213,
    #6214,#6215,#6216,#6217,#6218,#6219,#6220,#6221,#6222,#6223,#6224,
    #6225,#6226,#6227,#6228,#6229,#6230,#6231,#6232,#6233,#6234,#6235,
    #6236,#6237,#6238,#6239,#6240,#6241,#6242,#6243,#6244,#6245,#6246,
    #6247,#6248,#6249,#6250,#6251,#6252,#6253,#6254,#6255),
  .UNSPECIFIED.,.F.,.F.,(10,8,9,8,9,8,9,8,10),(0.,10.824004257924,
    21.648008515848,32.472012773771,43.296017031695,54.120021289619,
    64.944025547543,75.768029805466,86.59203406339),.UNSPECIFIED.);
#6187 = CARTESIAN_POINT('',(234.9,240.20959794779,342.40415962973));
#6188 = CARTESIAN_POINT('',(234.91144491638,241.80846627661,
    345.06886514163));
#6189 = CARTESIAN_POINT('',(233.59508571972,243.45110266672,
    347.80808382974));
#6190 = CARTESIAN_POINT('',(230.87888517352,245.09764033831,
    349.79821353273));
#6191 = CARTESIAN_POINT('',(227.26737029495,246.70648233126,
    350.17331253677));
#6192 = CARTESIAN_POINT('',(224.12411215105,248.23310094239,
    348.42625001492));
#6193 = CARTESIAN_POINT('',(222.64961585503,249.6452266651,
    345.75098450793));
#6194 = CARTESIAN_POINT('',(222.56842997863,250.92129347569,
    343.18338274119));
#6195 = CARTESIAN_POINT('',(223.43001938164,252.05696252225,
    341.24553860141));
#6196 = CARTESIAN_POINT('',(225.99784430434,254.06583968983,
    338.92002326392));
#6197 = CARTESIAN_POINT('',(227.70471165018,254.93907494834,
    338.53283580929));
#6198 = CARTESIAN_POINT('',(229.33300837367,255.69043066224,
    339.05473173032));
#6199 = CARTESIAN_POINT('',(230.34489477595,256.34319646599,
    340.27429531749));
#6200 = CARTESIAN_POINT('',(230.64937204589,256.93405638836,
    341.54039976263));
#6201 = CARTESIAN_POINT('',(230.51397553981,257.50648803145,
    342.84954718929));
#6202 = CARTESIAN_POINT('',(229.73702149952,258.10657311051,
    343.9785691972));
#6203 = CARTESIAN_POINT('',(228.51113700724,258.77280261557,
    344.59327723099));
#6204 = CARTESIAN_POINT('',(227.1614625518,259.53432516633,
    344.53884717268));
#6205 = CARTESIAN_POINT('',(225.81177955034,260.29584816102,
    344.48442155925));
#6206 = CARTESIAN_POINT('',(224.33820391985,261.15243580344,
    343.76179721697));
#6207 = CARTESIAN_POINT('',(223.08281529973,262.13383180539,
    342.20133265906));
#6208 = CARTESIAN_POINT('',(222.53565725586,263.25738802947,
    339.85125968763));
#6209 = CARTESIAN_POINT('',(223.40465892771,264.52870882917,
    336.98154882106));
#6210 = CARTESIAN_POINT('',(225.98079944281,265.9337642928,
    334.99521735853));
#6211 = CARTESIAN_POINT('',(229.11591066344,267.44600526538,
    334.66186459473));
#6212 = CARTESIAN_POINT('',(231.84055589923,269.02848461154,
    335.81738586149));
#6213 = CARTESIAN_POINT('',(235.30214512758,272.25427425541,
    339.92684292764));
#6214 = CARTESIAN_POINT('',(236.03990312757,273.89757774401,
    342.88150911737));
#6215 = CARTESIAN_POINT('',(235.21502580916,275.53138043846,
    346.12836252586));
#6216 = CARTESIAN_POINT('',(232.69034612864,277.11248205412,
    348.67338472226));
#6217 = CARTESIAN_POINT('',(229.23881843187,278.60057900566,
    349.28780890802));
#6218 = CARTESIAN_POINT('',(226.50107595455,279.96452037213,
    348.20073490662));
#6219 = CARTESIAN_POINT('',(224.86524169961,281.18842751376,
    346.353611652));
#6220 = CARTESIAN_POINT('',(224.30965854865,282.27158478567,
    344.40152320334));
#6221 = CARTESIAN_POINT('',(224.53759280821,283.22732168619,
    342.76159827178));
#6222 = CARTESIAN_POINT('',(224.76553171304,284.18305126254,
    341.12168116519));
#6223 = CARTESIAN_POINT('',(225.77823757927,285.01115983945,
    339.79404475675));
#6224 = CARTESIAN_POINT('',(227.28691397127,285.72527837873,
    339.17571494137));
#6225 = CARTESIAN_POINT('',(228.7775225956,286.35169843401,
    339.43241499937));
#6226 = CARTESIAN_POINT('',(229.82289692474,286.93000429905,
    340.14798553008));
#6227 = CARTESIAN_POINT('',(230.60254664338,287.50484075468,
    341.23525151298));
#6228 = CARTESIAN_POINT('',(230.7527827404,288.12119182188,
    342.63973148668));
#6229 = CARTESIAN_POINT('',(230.19180551289,288.81598603319,
    343.95014524058));
#6230 = CARTESIAN_POINT('',(227.9599748509,290.41437869155,
    345.67408709202));
#6231 = CARTESIAN_POINT('',(226.28970867082,291.31795600868,
    346.08798697419));
#6232 = CARTESIAN_POINT('',(224.22745238597,292.35179315949,
    345.67834680431));
#6233 = CARTESIAN_POINT('',(222.20981456558,293.53070586208,
    344.14596098917));
#6234 = CARTESIAN_POINT('',(221.02215039825,294.85356034439,
    341.26038694501));
#6235 = CARTESIAN_POINT('',(221.77885631103,296.30435607924,
    338.00552889831));
#6236 = CARTESIAN_POINT('',(224.02752904846,297.85101727595,
    335.71173308044));
#6237 = CARTESIAN_POINT('',(226.89524609782,299.45568421264,
    334.85155397416));
#6238 = CARTESIAN_POINT('',(229.5546361534,301.0774508002,
    335.32187119102));
#6239 = CARTESIAN_POINT('',(232.21402424025,302.69922346621,
    335.79218805566));
#6240 = CARTESIAN_POINT('',(234.66588041726,304.33850080176,
    337.59297796161));
#6241 = CARTESIAN_POINT('',(236.08444069813,305.95351720906,
    340.59848463225));
#6242 = CARTESIAN_POINT('',(235.74673190922,307.50372648634,
    344.11058439027));
#6243 = CARTESIAN_POINT('',(233.52435355782,308.94861496893,
    346.69181371029));
#6244 = CARTESIAN_POINT('',(230.82737720862,310.26282359872,
    347.56036099635));
#6245 = CARTESIAN_POINT('',(228.49089396378,311.4332341305,
    347.20125803112));
#6246 = CARTESIAN_POINT('',(226.88740539945,312.46420932162,
    346.11038324167));
#6247 = CARTESIAN_POINT('',(225.21050284576,314.28115798256,
    343.42828373568));
#6248 = CARTESIAN_POINT('',(225.1377417469,315.06713887649,
    341.83670309068));
#6249 = CARTESIAN_POINT('',(225.85862614088,315.74777496064,
    340.45435968272));
#6250 = CARTESIAN_POINT('',(227.10065820838,316.35302808041,
    339.70887711548));
#6251 = CARTESIAN_POINT('',(228.33559178232,316.92452232483,
    339.53592153187));
#6252 = CARTESIAN_POINT('',(229.67315884215,317.50704753843,
    339.84591823922));
#6253 = CARTESIAN_POINT('',(230.7362400337,318.14534506166,340.850763747
    ));
#6254 = CARTESIAN_POINT('',(231.16940401604,318.87296266897,
    342.27300249179));
#6255 = CARTESIAN_POINT('',(230.85402855474,319.71311021664,
    343.71294013118));
#6256 = PCURVE('',#819,#6257);
#6257 = DEFINITIONAL_REPRESENTATION('',(#6258),#6262);
#6258 = LINE('',#6259,#6260);
#6259 = CARTESIAN_POINT('',(4.7,0.));
#6260 = VECTOR('',#6261,1.);
#6261 = DIRECTION('',(0.,1.));
#6262 = ( GEOMETRIC_REPRESENTATION_CONTEXT(2) 
PARAMETRIC_REPRESENTATION_CONTEXT() REPRESENTATION_CONTEXT('2D SPACE',''
  ) );
#6263 = PCURVE('',#1179,#6264);
#6264 = DEFINITIONAL_REPRESENTATION('',(#6265),#6268);
#6265 = B_SPLINE_CURVE_WITH_KNOTS('',1,(#6266,#6267),.UNSPECIFIED.,.F.,
  .F.,(2,2),(0.,86.59203406339),.PIECEWISE_BEZIER_KNOTS.);
#6266 = CARTESIAN_POINT('',(0.,0.));
#6267 = CARTESIAN_POINT('',(0.,86.59203406339));
#6268 = ( GEOMETRIC_REPRESENTATION_CONTEXT(2) 
PARAMETRIC_REPRESENTATION_CONTEXT() REPRESENTATION_CONTEXT('2D SPACE',''
  ) );
#6269 = ORIENTED_EDGE('',*,*,#761,.T.);
#6270 = ORIENTED_EDGE('',*,*,#6271,.T.);
#6271 = EDGE_CURVE('',#764,#2216,#6272,.T.);
#6272 = SURFACE_CURVE('',#6273,(#6343,#6350),.PCURVE_S1.);
#6273 = B_SPLINE_CURVE_WITH_KNOTS('',9,(#6274,#6275,#6276,#6277,#6278,
    #6279,#6280,#6281,#6282,#6283,#6284,#6285,#6286,#6287,#6288,#6289,
    #6290,#6291,#6292,#6293,#6294,#6295,#6296,#6297,#6298,#6299,#6300,
    #6301,#6302,#6303,#6304,#6305,#6306,#6307,#6308,#6309,#6310,#6311,
    #6312,#6313,#6314,#6315,#6316,#6317,#6318,#6319,#6320,#6321,#6322,
    #6323,#6324,#6325,#6326,#6327,#6328,#6329,#6330,#6331,#6332,#6333,
    #6334,#6335,#6336,#6337,#6338,#6339,#6340,#6341,#6342),
  .UNSPECIFIED.,.F.,.F.,(10,8,9,8,9,8,9,8,10),(0.,10.824004257924,
    21.648008515848,32.472012773771,43.296017031695,54.120021289619,
    64.944025547543,75.768029805466,86.59203406339),.UNSPECIFIED.);
#6274 = CARTESIAN_POINT('',(234.9,240.20959794779,342.40415962973));
#6275 = CARTESIAN_POINT('',(234.91144491638,241.80846627661,
    345.06886514163));
#6276 = CARTESIAN_POINT('',(233.59508571972,243.45110266672,
    347.80808382974));
#6277 = CARTESIAN_POINT('',(230.87888517352,245.09764033831,
    349.79821353273));
#6278 = CARTESIAN_POINT('',(227.26737029495,246.70648233126,
    350.17331253677));
#6279 = CARTESIAN_POINT('',(224.12411215105,248.23310094239,
    348.42625001492));
#6280 = CARTESIAN_POINT('',(222.64961585503,249.6452266651,
    345.75098450793));
#6281 = CARTESIAN_POINT('',(222.56842997863,250.92129347569,
    343.18338274119));
#6282 = CARTESIAN_POINT('',(223.43001938164,252.05696252225,
    341.24553860141));
#6283 = CARTESIAN_POINT('',(225.99784430434,254.06583968983,
    338.92002326392));
#6284 = CARTESIAN_POINT('',(227.70471165018,254.93907494834,
    338.53283580929));
#6285 = CARTESIAN_POINT('',(229.33300837367,255.69043066224,
    339.05473173032));
#6286 = CARTESIAN_POINT('',(230.34489477595,256.34319646599,
    340.27429531749));
#6287 = CARTESIAN_POINT('',(230.64937204589,256.93405638836,
    341.54039976263));
#6288 = CARTESIAN_POINT('',(230.51397553981,257.50648803145,
    342.84954718929));
#6289 = CARTESIAN_POINT('',(229.73702149952,258.10657311051,
    343.9785691972));
#6290 = CARTESIAN_POINT('',(228.51113700724,258.77280261557,
    344.59327723099));
#6291 = CARTESIAN_POINT('',(227.1614625518,259.53432516633,
    344.53884717268));
#6292 = CARTESIAN_POINT('',(225.81177955034,260.29584816102,
    344.48442155925));
#6293 = CARTESIAN_POINT('',(224.33820391985,261.15243580344,
    343.76179721697));
#6294 = CARTESIAN_POINT('',(223.08281529973,262.13383180539,
    342.20133265906));
#6295 = CARTESIAN_POINT('',(222.53565725586,263.25738802947,
    339.85125968763));
#6296 = CARTESIAN_POINT('',(223.40465892771,264.52870882917,
    336.98154882106));
#6297 = CARTESIAN_POINT('',(225.98079944281,265.9337642928,
    334.99521735853));
#6298 = CARTESIAN_POINT('',(229.11591066344,267.44600526538,
    334.66186459473));
#6299 = CARTESIAN_POINT('',(231.84055589923,269.02848461154,
    335.81738586149));
#6300 = CARTESIAN_POINT('',(235.30214512758,272.25427425541,
    339.92684292764));
#6301 = CARTESIAN_POINT('',(236.03990312757,273.89757774401,
    342.88150911737));
#6302 = CARTESIAN_POINT('',(235.21502580916,275.53138043846,
    346.12836252586));
#6303 = CARTESIAN_POINT('',(232.69034612864,277.11248205412,
    348.67338472226));
#6304 = CARTESIAN_POINT('',(229.23881843187,278.60057900566,
    349.28780890802));
#6305 = CARTESIAN_POINT('',(226.50107595455,279.96452037213,
    348.20073490662));
#6306 = CARTESIAN_POINT('',(224.86524169961,281.18842751376,
    346.353611652));
#6307 = CARTESIAN_POINT('',(224.30965854865,282.27158478567,
    344.40152320334));
#6308 = CARTESIAN_POINT('',(224.53759280821,283.22732168619,
    342.76159827178));
#6309 = CARTESIAN_POINT('',(224.76553171304,284.18305126254,
    341.12168116519));
#6310 = CARTESIAN_POINT('',(225.77823757927,285.01115983945,
    339.79404475675));
#6311 = CARTESIAN_POINT('',(227.28691397127,285.72527837873,
    339.17571494137));
#6312 = CARTESIAN_POINT('',(228.7775225956,286.35169843401,
    339.43241499937));
#6313 = CARTESIAN_POINT('',(229.82289692474,286.93000429905,
    340.14798553008));
#6314 = CARTESIAN_POINT('',(230.60254664338,287.50484075468,
    341.23525151298));
#6315 = CARTESIAN_POINT('',(230.7527827404,288.12119182188,
    342.63973148668));
#6316 = CARTESIAN_POINT('',(230.19180551289,288.81598603319,
    343.95014524058));
#6317 = CARTESIAN_POINT('',(227.9599748509,290.41437869155,
    345.67408709202));
#6318 = CARTESIAN_POINT('',(226.28970867082,291.31795600868,
    346.08798697419));
#6319 = CARTESIAN_POINT('',(224.22745238597,292.35179315949,
    345.67834680431));
#6320 = CARTESIAN_POINT('',(222.20981456558,293.53070586208,
    344.14596098917));
#6321 = CARTESIAN_POINT('',(221.02215039825,294.85356034439,
    341.26038694501));
#6322 = CARTESIAN_POINT('',(221.77885631103,296.30435607924,
    338.00552889831));
#6323 = CARTESIAN_POINT('',(224.02752904846,297.85101727595,
    335.71173308044));
#6324 = CARTESIAN_POINT('',(226.89524609782,299.45568421264,
    334.85155397416));
#6325 = CARTESIAN_POINT('',(229.5546361534,301.0774508002,
    335.32187119102));
#6326 = CARTESIAN_POINT('',(232.21402424025,302.69922346621,
    335.79218805566));
#6327 = CARTESIAN_POINT('',(234.66588041726,304.33850080176,
    337.59297796161));
#6328 = CARTESIAN_POINT('',(236.08444069813,305.95351720906,
    340.59848463225));
#6329 = CARTESIAN_POINT('',(235.74673190922,307.50372648634,
    344.11058439027));
#6330 = CARTESIAN_POINT('',(233.52435355782,308.94861496893,
    346.69181371029));
#6331 = CARTESIAN_POINT('',(230.82737720862,310.26282359872,
    347.56036099635));
#6332 = CARTESIAN_POINT('',(228.49089396378,311.4332341305,
    347.20125803112));
#6333 = CARTESIAN_POINT('',(226.88740539945,312.46420932162,
    346.11038324167));
#6334 = CARTESIAN_POINT('',(225.21050284576,314.28115798256,
    343.42828373568));
#6335 = CARTESIAN_POINT('',(225.1377417469,315.06713887649,
    341.83670309068));
#6336 = CARTESIAN_POINT('',(225.85862614088,315.74777496064,
    340.45435968272));
#6337 = CARTESIAN_POINT('',(227.10065820838,316.35302808041,
    339.70887711548));
#6338 = CARTESIAN_POINT('',(228.33559178232,316.92452232483,
    339.53592153187));
#6339 = CARTESIAN_POINT('',(229.67315884215,317.50704753843,
    339.84591823922));
#6340 = CARTESIAN_POINT('',(230.7362400337,318.14534506166,340.850763747
    ));
#6341 = CARTESIAN_POINT('',(231.16940401604,318.87296266897,
    342.27300249179));
#6342 = CARTESIAN_POINT('',(230.85402855474,319.71311021664,
    343.71294013118));
#6343 = PCURVE('',#819,#6344);
#6344 = DEFINITIONAL_REPRESENTATION('',(#6345),#6349);
#6345 = LINE('',#6346,#6347);
#6346 = CARTESIAN_POINT('',(4.7,0.));
#6347 = VECTOR('',#6348,1.);
#6348 = DIRECTION('',(0.,1.));
#6349 = ( GEOMETRIC_REPRESENTATION_CONTEXT(2) 
PARAMETRIC_REPRESENTATION_CONTEXT() REPRESENTATION_CONTEXT('2D SPACE',''
  ) );
#6350 = PCURVE('',#1179,#6351);
#6351 = DEFINITIONAL_REPRESENTATION('',(#6352),#6355);
#6352 = B_SPLINE_CURVE_WITH_KNOTS('',1,(#6353,#6354),.UNSPECIFIED.,.F.,
  .F.,(2,2),(0.,86.59203406339),.PIECEWISE_BEZIER_KNOTS.);
#6353 = CARTESIAN_POINT('',(0.,0.));
#6354 = CARTESIAN_POINT('',(0.,86.59203406339));
#6355 = ( GEOMETRIC_REPRESENTATION_CONTEXT(2) 
PARAMETRIC_REPRESENTATION_CONTEXT() REPRESENTATION_CONTEXT('2D SPACE',''
  ) );
#6356 = ORIENTED_EDGE('',*,*,#2215,.T.);
#6357 = ORIENTED_EDGE('',*,*,#6358,.T.);
#6358 = EDGE_CURVE('',#2218,#4215,#6359,.T.);
#6359 = SURFACE_CURVE('',#6360,(#6430,#6437),.PCURVE_S1.);
#6360 = B_SPLINE_CURVE_WITH_KNOTS('',9,(#6361,#6362,#6363,#6364,#6365,
    #6366,#6367,#6368,#6369,#6370,#6371,#6372,#6373,#6374,#6375,#6376,
    #6377,#6378,#6379,#6380,#6381,#6382,#6383,#6384,#6385,#6386,#6387,
    #6388,#6389,#6390,#6391,#6392,#6393,#6394,#6395,#6396,#6397,#6398,
    #6399,#6400,#6401,#6402,#6403,#6404,#6405,#6406,#6407,#6408,#6409,
    #6410,#6411,#6412,#6413,#6414,#6415,#6416,#6417,#6418,#6419,#6420,
    #6421,#6422,#6423,#6424,#6425,#6426,#6427,#6428,#6429),
  .UNSPECIFIED.,.F.,.F.,(10,8,9,8,9,8,9,8,10),(0.,10.824004257924,
    21.648008515848,32.472012773771,43.296017031695,54.120021289619,
    64.944025547543,75.768029805466,86.59203406339),.UNSPECIFIED.);
#6361 = CARTESIAN_POINT('',(234.9,240.20959794779,342.40415962973));
#6362 = CARTESIAN_POINT('',(234.91144491638,241.80846627661,
    345.06886514163));
#6363 = CARTESIAN_POINT('',(233.59508571972,243.45110266672,
    347.80808382974));
#6364 = CARTESIAN_POINT('',(230.87888517352,245.09764033831,
    349.79821353273));
#6365 = CARTESIAN_POINT('',(227.26737029495,246.70648233126,
    350.17331253677));
#6366 = CARTESIAN_POINT('',(224.12411215105,248.23310094239,
    348.42625001492));
#6367 = CARTESIAN_POINT('',(222.64961585503,249.6452266651,
    345.75098450793));
#6368 = CARTESIAN_POINT('',(222.56842997863,250.92129347569,
    343.18338274119));
#6369 = CARTESIAN_POINT('',(223.43001938164,252.05696252225,
    341.24553860141));
#6370 = CARTESIAN_POINT('',(225.99784430434,254.06583968983,
    338.92002326392));
#6371 = CARTESIAN_POINT('',(227.70471165018,254.93907494834,
    338.53283580929));
#6372 = CARTESIAN_POINT('',(229.33300837367,255.69043066224,
    339.05473173032));
#6373 = CARTESIAN_POINT('',(230.34489477595,256.34319646599,
    340.27429531749));
#6374 = CARTESIAN_POINT('',(230.64937204589,256.93405638836,
    341.54039976263));
#6375 = CARTESIAN_POINT('',(230.51397553981,257.50648803145,
    342.84954718929));
#6376 = CARTESIAN_POINT('',(229.73702149952,258.10657311051,
    343.9785691972));
#6377 = CARTESIAN_POINT('',(228.51113700724,258.77280261557,
    344.59327723099));
#6378 = CARTESIAN_POINT('',(227.1614625518,259.53432516633,
    344.53884717268));
#6379 = CARTESIAN_POINT('',(225.81177955034,260.29584816102,
    344.48442155925));
#6380 = CARTESIAN_POINT('',(224.33820391985,261.15243580344,
    343.76179721697));
#6381 = CARTESIAN_POINT('',(223.08281529973,262.13383180539,
    342.20133265906));
#6382 = CARTESIAN_POINT('',(222.53565725586,263.25738802947,
    339.85125968763));
#6383 = CARTESIAN_POINT('',(223.40465892771,264.52870882917,
    336.98154882106));
#6384 = CARTESIAN_POINT('',(225.98079944281,265.9337642928,
    334.99521735853));
#6385 = CARTESIAN_POINT('',(229.11591066344,267.44600526538,
    334.66186459473));
#6386 = CARTESIAN_POINT('',(231.84055589923,269.02848461154,
    335.81738586149));
#6387 = CARTESIAN_POINT('',(235.30214512758,272.25427425541,
    339.92684292764));
#6388 = CARTESIAN_POINT('',(236.03990312757,273.89757774401,
    342.88150911737));
#6389 = CARTESIAN_POINT('',(235.21502580916,275.53138043846,
    346.12836252586));
#6390 = CARTESIAN_POINT('',(232.69034612864,277.11248205412,
    348.67338472226));
#6391 = CARTESIAN_POINT('',(229.23881843187,278.60057900566,
    349.28780890802));
#6392 = CARTESIAN_POINT('',(226.50107595455,279.96452037213,
    348.20073490662));
#6393 = CARTESIAN_POINT('',(224.86524169961,281.18842751376,
    346.353611652));
#6394 = CARTESIAN_POINT('',(224.30965854865,282.27158478567,
    344.40152320334));
#6395 = CARTESIAN_POINT('',(224.53759280821,283.22732168619,
    342.76159827178));
#6396 = CARTESIAN_POINT('',(224.76553171304,284.18305126254,
    341.12168116519));
#6397 = CARTESIAN_POINT('',(225.77823757927,285.01115983945,
    339.79404475675));
#6398 = CARTESIAN_POINT('',(227.28691397127,285.72527837873,
    339.17571494137));
#6399 = CARTESIAN_POINT('',(228.7775225956,286.35169843401,
    339.43241499937));
#6400 = CARTESIAN_POINT('',(229.82289692474,286.93000429905,
    340.14798553008));
#6401 = CARTESIAN_POINT('',(230.60254664338,287.50484075468,
    341.23525151298));
#6402 = CARTESIAN_POINT('',(230.7527827404,288.12119182188,
    342.63973148668));
#6403 = CARTESIAN_POINT('',(230.19180551289,288.81598603319,
    343.95014524058));
#6404 = CARTESIAN_POINT('',(227.9599748509,290.41437869155,
    345.67408709202));
#6405 = CARTESIAN_POINT('',(226.28970867082,291.31795600868,
    346.08798697419));
#6406 = CARTESIAN_POINT('',(224.22745238597,292.35179315949,
    345.67834680431));
#6407 = CARTESIAN_POINT('',(222.20981456558,293.53070586208,
    344.14596098917));
#6408 = CARTESIAN_POINT('',(221.02215039825,294.85356034439,
    341.26038694501));
#6409 = CARTESIAN_POINT('',(221.77885631103,296.30435607924,
    338.00552889831));
#6410 = CARTESIAN_POINT('',(224.02752904846,297.85101727595,
    335.71173308044));
#6411 = CARTESIAN_POINT('',(226.89524609782,299.45568421264,
    334.85155397416));
#6412 = CARTESIAN_POINT('',(229.5546361534,301.0774508002,
    335.32187119102));
#6413 = CARTESIAN_POINT('',(232.21402424025,302.69922346621,
    335.79218805566));
#6414 = CARTESIAN_POINT('',(234.66588041726,304.33850080176,
    337.59297796161));
#6415 = CARTESIAN_POINT('',(236.08444069813,305.95351720906,
    340.59848463225));
#6416 = CARTESIAN_POINT('',(235.74673190922,307.50372648634,
    344.11058439027));
#6417 = CARTESIAN_POINT('',(233.52435355782,308.94861496893,
    346.69181371029));
#6418 = CARTESIAN_POINT('',(230.82737720862,310.26282359872,
    347.56036099635));
#6419 = CARTESIAN_POINT('',(228.49089396378,311.4332341305,
    347.20125803112));
#6420 = CARTESIAN_POINT('',(226.88740539945,312.46420932162,
    346.11038324167));
#6421 = CARTESIAN_POINT('',(225.21050284576,314.28115798256,
    343.42828373568));
#6422 = CARTESIAN_POINT('',(225.1377417469,315.06713887649,
    341.83670309068));
#6423 = CARTESIAN_POINT('',(225.85862614088,315.74777496064,
    340.45435968272));
#6424 = CARTESIAN_POINT('',(227.10065820838,316.35302808041,
    339.70887711548));
#6425 = CARTESIAN_POINT('',(228.33559178232,316.92452232483,
    339.53592153187));
#6426 = CARTESIAN_POINT('',(229.67315884215,317.50704753843,
    339.84591823922));
#6427 = CARTESIAN_POINT('',(230.7362400337,318.14534506166,340.850763747
    ));
#6428 = CARTESIAN_POINT('',(231.16940401604,318.87296266897,
    342.27300249179));
#6429 = CARTESIAN_POINT('',(230.85402855474,319.71311021664,
    343.71294013118));
#6430 = PCURVE('',#819,#6431);
#6431 = DEFINITIONAL_REPRESENTATION('',(#6432),#6436);
#6432 = LINE('',#6433,#6434);
#6433 = CARTESIAN_POINT('',(4.7,0.));
#6434 = VECTOR('',#6435,1.);
#6435 = DIRECTION('',(0.,1.));
#6436 = ( GEOMETRIC_REPRESENTATION_CONTEXT(2) 
PARAMETRIC_REPRESENTATION_CONTEXT() REPRESENTATION_CONTEXT('2D SPACE',''
  ) );
#6437 = PCURVE('',#1179,#6438);
#6438 = DEFINITIONAL_REPRESENTATION('',(#6439),#6442);
#6439 = B_SPLINE_CURVE_WITH_KNOTS('',1,(#6440,#6441),.UNSPECIFIED.,.F.,
  .F.,(2,2),(0.,86.59203406339),.PIECEWISE_BEZIER_KNOTS.);
#6440 = CARTESIAN_POINT('',(0.,0.));
#6441 = CARTESIAN_POINT('',(0.,86.59203406339));
#6442 = ( GEOMETRIC_REPRESENTATION_CONTEXT(2) 
PARAMETRIC_REPRESENTATION_CONTEXT() REPRESENTATION_CONTEXT('2D SPACE',''
  ) );
#6443 = ORIENTED_EDGE('',*,*,#4214,.T.);
#6444 = ORIENTED_EDGE('',*,*,#6445,.T.);
#6445 = EDGE_CURVE('',#4217,#6446,#6448,.T.);
#6446 = VERTEX_POINT('',#6447);
#6447 = CARTESIAN_POINT('',(230.85402855474,319.71311021664,
    343.71294013118));
#6448 = SURFACE_CURVE('',#6449,(#6519,#6526),.PCURVE_S1.);
#6449 = B_SPLINE_CURVE_WITH_KNOTS('',9,(#6450,#6451,#6452,#6453,#6454,
    #6455,#6456,#6457,#6458,#6459,#6460,#6461,#6462,#6463,#6464,#6465,
    #6466,#6467,#6468,#6469,#6470,#6471,#6472,#6473,#6474,#6475,#6476,
    #6477,#6478,#6479,#6480,#6481,#6482,#6483,#6484,#6485,#6486,#6487,
    #6488,#6489,#6490,#6491,#6492,#6493,#6494,#6495,#6496,#6497,#6498,
    #6499,#6500,#6501,#6502,#6503,#6504,#6505,#6506,#6507,#6508,#6509,
    #6510,#6511,#6512,#6513,#6514,#6515,#6516,#6517,#6518),
  .UNSPECIFIED.,.F.,.F.,(10,8,9,8,9,8,9,8,10),(0.,10.824004257924,
    21.648008515848,32.472012773771,43.296017031695,54.120021289619,
    64.944025547543,75.768029805466,86.59203406339),.UNSPECIFIED.);
#6450 = CARTESIAN_POINT('',(234.9,240.20959794779,342.40415962973));
#6451 = CARTESIAN_POINT('',(234.91144491638,241.80846627661,
    345.06886514163));
#6452 = CARTESIAN_POINT('',(233.59508571972,243.45110266672,
    347.80808382974));
#6453 = CARTESIAN_POINT('',(230.87888517352,245.09764033831,
    349.79821353273));
#6454 = CARTESIAN_POINT('',(227.26737029495,246.70648233126,
    350.17331253677));
#6455 = CARTESIAN_POINT('',(224.12411215105,248.23310094239,
    348.42625001492));
#6456 = CARTESIAN_POINT('',(222.64961585503,249.6452266651,
    345.75098450793));
#6457 = CARTESIAN_POINT('',(222.56842997863,250.92129347569,
    343.18338274119));
#6458 = CARTESIAN_POINT('',(223.43001938164,252.05696252225,
    341.24553860141));
#6459 = CARTESIAN_POINT('',(225.99784430434,254.06583968983,
    338.92002326392));
#6460 = CARTESIAN_POINT('',(227.70471165018,254.93907494834,
    338.53283580929));
#6461 = CARTESIAN_POINT('',(229.33300837367,255.69043066224,
    339.05473173032));
#6462 = CARTESIAN_POINT('',(230.34489477595,256.34319646599,
    340.27429531749));
#6463 = CARTESIAN_POINT('',(230.64937204589,256.93405638836,
    341.54039976263));
#6464 = CARTESIAN_POINT('',(230.51397553981,257.50648803145,
    342.84954718929));
#6465 = CARTESIAN_POINT('',(229.73702149952,258.10657311051,
    343.9785691972));
#6466 = CARTESIAN_POINT('',(228.51113700724,258.77280261557,
    344.59327723099));
#6467 = CARTESIAN_POINT('',(227.1614625518,259.53432516633,
    344.53884717268));
#6468 = CARTESIAN_POINT('',(225.81177955034,260.29584816102,
    344.48442155925));
#6469 = CARTESIAN_POINT('',(224.33820391985,261.15243580344,
    343.76179721697));
#6470 = CARTESIAN_POINT('',(223.08281529973,262.13383180539,
    342.20133265906));
#6471 = CARTESIAN_POINT('',(222.53565725586,263.25738802947,
    339.85125968763));
#6472 = CARTESIAN_POINT('',(223.40465892771,264.52870882917,
    336.98154882106));
#6473 = CARTESIAN_POINT('',(225.98079944281,265.9337642928,
    334.99521735853));
#6474 = CARTESIAN_POINT('',(229.11591066344,267.44600526538,
    334.66186459473));
#6475 = CARTESIAN_POINT('',(231.84055589923,269.02848461154,
    335.81738586149));
#6476 = CARTESIAN_POINT('',(235.30214512758,272.25427425541,
    339.92684292764));
#6477 = CARTESIAN_POINT('',(236.03990312757,273.89757774401,
    342.88150911737));
#6478 = CARTESIAN_POINT('',(235.21502580916,275.53138043846,
    346.12836252586));
#6479 = CARTESIAN_POINT('',(232.69034612864,277.11248205412,
    348.67338472226));
#6480 = CARTESIAN_POINT('',(229.23881843187,278.60057900566,
    349.28780890802));
#6481 = CARTESIAN_POINT('',(226.50107595455,279.96452037213,
    348.20073490662));
#6482 = CARTESIAN_POINT('',(224.86524169961,281.18842751376,
    346.353611652));
#6483 = CARTESIAN_POINT('',(224.30965854865,282.27158478567,
    344.40152320334));
#6484 = CARTESIAN_POINT('',(224.53759280821,283.22732168619,
    342.76159827178));
#6485 = CARTESIAN_POINT('',(224.76553171304,284.18305126254,
    341.12168116519));
#6486 = CARTESIAN_POINT('',(225.77823757927,285.01115983945,
    339.79404475675));
#6487 = CARTESIAN_POINT('',(227.28691397127,285.72527837873,
    339.17571494137));
#6488 = CARTESIAN_POINT('',(228.7775225956,286.35169843401,
    339.43241499937));
#6489 = CARTESIAN_POINT('',(229.82289692474,286.93000429905,
    340.14798553008));
#6490 = CARTESIAN_POINT('',(230.60254664338,287.50484075468,
    341.23525151298));
#6491 = CARTESIAN_POINT('',(230.7527827404,288.12119182188,
    342.63973148668));
#6492 = CARTESIAN_POINT('',(230.19180551289,288.81598603319,
    343.95014524058));
#6493 = CARTESIAN_POINT('',(227.9599748509,290.41437869155,
    345.67408709202));
#6494 = CARTESIAN_POINT('',(226.28970867082,291.31795600868,
    346.08798697419));
#6495 = CARTESIAN_POINT('',(224.22745238597,292.35179315949,
    345.67834680431));
#6496 = CARTESIAN_POINT('',(222.20981456558,293.53070586208,
    344.14596098917));
#6497 = CARTESIAN_POINT('',(221.02215039825,294.85356034439,
    341.26038694501));
#6498 = CARTESIAN_POINT('',(221.77885631103,296.30435607924,
    338.00552889831));
#6499 = CARTESIAN_POINT('',(224.02752904846,297.85101727595,
    335.71173308044));
#6500 = CARTESIAN_POINT('',(226.89524609782,299.45568421264,
    334.85155397416));
#6501 = CARTESIAN_POINT('',(229.5546361534,301.0774508002,
    335.32187119102));
#6502 = CARTESIAN_POINT('',(232.21402424025,302.69922346621,
    335.79218805566));
#6503 = CARTESIAN_POINT('',(234.66588041726,304.33850080176,
    337.59297796161));
#6504 = CARTESIAN_POINT('',(236.08444069813,305.95351720906,
    340.59848463225));
#6505 = CARTESIAN_POINT('',(235.74673190922,307.50372648634,
    344.11058439027));
#6506 = CARTESIAN_POINT('',(233.52435355782,308.94861496893,
    346.69181371029));
#6507 = CARTESIAN_POINT('',(230.82737720862,310.26282359872,
    347.56036099635));
#6508 = CARTESIAN_POINT('',(228.49089396378,311.4332341305,
    347.20125803112));
#6509 = CARTESIAN_POINT('',(226.88740539945,312.46420932162,
    346.11038324167));
#6510 = CARTESIAN_POINT('',(225.21050284576,314.28115798256,
    343.42828373568));
#6511 = CARTESIAN_POINT('',(225.1377417469,315.06713887649,
    341.83670309068));
#6512 = CARTESIAN_POINT('',(225.85862614088,315.74777496064,
    340.45435968272));
#6513 = CARTESIAN_POINT('',(227.10065820838,316.35302808041,
    339.70887711548));
#6514 = CARTESIAN_POINT('',(228.33559178232,316.92452232483,
    339.53592153187));
#6515 = CARTESIAN_POINT('',(229.67315884215,317.50704753843,
    339.84591823922));
#6516 = CARTESIAN_POINT('',(230.7362400337,318.14534506166,340.850763747
    ));
#6517 = CARTESIAN_POINT('',(231.16940401604,318.87296266897,
    342.27300249179));
#6518 = CARTESIAN_POINT('',(230.85402855474,319.71311021664,
    343.71294013118));
#6519 = PCURVE('',#819,#6520);
#6520 = DEFINITIONAL_REPRESENTATION('',(#6521),#6525);
#6521 = LINE('',#6522,#6523);
#6522 = CARTESIAN_POINT('',(4.7,0.));
#6523 = VECTOR('',#6524,1.);
#6524 = DIRECTION('',(0.,1.));
#6525 = ( GEOMETRIC_REPRESENTATION_CONTEXT(2) 
PARAMETRIC_REPRESENTATION_CONTEXT() REPRESENTATION_CONTEXT('2D SPACE',''
  ) );
#6526 = PCURVE('',#4834,#6527);
#6527 = DEFINITIONAL_REPRESENTATION('',(#6528),#6531);
#6528 = B_SPLINE_CURVE_WITH_KNOTS('',1,(#6529,#6530),.UNSPECIFIED.,.F.,
  .F.,(2,2),(0.,86.59203406339),.PIECEWISE_BEZIER_KNOTS.);
#6529 = CARTESIAN_POINT('',(0.,0.));
#6530 = CARTESIAN_POINT('',(0.,86.59203406339));
#6531 = ( GEOMETRIC_REPRESENTATION_CONTEXT(2) 
PARAMETRIC_REPRESENTATION_CONTEXT() REPRESENTATION_CONTEXT('2D SPACE',''
  ) );
#6532 = ORIENTED_EDGE('',*,*,#6533,.F.);
#6533 = EDGE_CURVE('',#6024,#6446,#6534,.T.);
#6534 = SURFACE_CURVE('',#6535,(#6538,#6545),.PCURVE_S1.);
#6535 = B_SPLINE_CURVE_WITH_KNOTS('',1,(#6536,#6537),.UNSPECIFIED.,.F.,
  .F.,(2,2),(0.,4.7),.PIECEWISE_BEZIER_KNOTS.);
#6536 = CARTESIAN_POINT('',(232.54840523719,323.63681474328,
    341.75752957438));
#6537 = CARTESIAN_POINT('',(230.85402855474,319.71311021664,
    343.71294013118));
#6538 = PCURVE('',#819,#6539);
#6539 = DEFINITIONAL_REPRESENTATION('',(#6540),#6544);
#6540 = LINE('',#6541,#6542);
#6541 = CARTESIAN_POINT('',(0.,86.59203406339));
#6542 = VECTOR('',#6543,1.);
#6543 = DIRECTION('',(1.,0.));
#6544 = ( GEOMETRIC_REPRESENTATION_CONTEXT(2) 
PARAMETRIC_REPRESENTATION_CONTEXT() REPRESENTATION_CONTEXT('2D SPACE',''
  ) );
#6545 = PCURVE('',#5552,#6546);
#6546 = DEFINITIONAL_REPRESENTATION('',(#6547),#6550);
#6547 = B_SPLINE_CURVE_WITH_KNOTS('',1,(#6548,#6549),.UNSPECIFIED.,.F.,
  .F.,(2,2),(0.,4.7),.PIECEWISE_BEZIER_KNOTS.);
#6548 = CARTESIAN_POINT('',(2.479483807366,-0.121078689335));
#6549 = CARTESIAN_POINT('',(-1.890600213803,1.608766866754));
#6550 = ( GEOMETRIC_REPRESENTATION_CONTEXT(2) 
PARAMETRIC_REPRESENTATION_CONTEXT() REPRESENTATION_CONTEXT('2D SPACE',''
  ) );
#6551 = ORIENTED_EDGE('',*,*,#6023,.F.);
#6552 = ORIENTED_EDGE('',*,*,#3325,.T.);
#6553 = ORIENTED_EDGE('',*,*,#5936,.F.);
#6554 = ORIENTED_EDGE('',*,*,#2590,.T.);
#6555 = ADVANCED_FACE('',(#6556),#1179,.T.);
#6556 = FACE_BOUND('',#6557,.T.);
#6557 = EDGE_LOOP('',(#6558,#6559,#6578,#6579,#6580,#6581,#6582,#6583,
    #6584,#6585,#6586,#6587));
#6558 = ORIENTED_EDGE('',*,*,#6184,.F.);
#6559 = ORIENTED_EDGE('',*,*,#6560,.T.);
#6560 = EDGE_CURVE('',#6164,#5075,#6561,.T.);
#6561 = SURFACE_CURVE('',#6562,(#6565,#6572),.PCURVE_S1.);
#6562 = B_SPLINE_CURVE_WITH_KNOTS('',1,(#6563,#6564),.UNSPECIFIED.,.F.,
  .F.,(2,2),(0.,1.6),.PIECEWISE_BEZIER_KNOTS.);
#6563 = CARTESIAN_POINT('',(234.9,240.20959794779,342.40415962973));
#6564 = CARTESIAN_POINT('',(234.9,241.5904020522,341.59584037026));
#6565 = PCURVE('',#1179,#6566);
#6566 = DEFINITIONAL_REPRESENTATION('',(#6567),#6571);
#6567 = LINE('',#6568,#6569);
#6568 = CARTESIAN_POINT('',(0.,0.));
#6569 = VECTOR('',#6570,1.);
#6570 = DIRECTION('',(1.,0.));
#6571 = ( GEOMETRIC_REPRESENTATION_CONTEXT(2) 
PARAMETRIC_REPRESENTATION_CONTEXT() REPRESENTATION_CONTEXT('2D SPACE',''
  ) );
#6572 = PCURVE('',#5177,#6573);
#6573 = DEFINITIONAL_REPRESENTATION('',(#6574),#6577);
#6574 = B_SPLINE_CURVE_WITH_KNOTS('',1,(#6575,#6576),.UNSPECIFIED.,.F.,
  .F.,(2,2),(0.,1.6),.PIECEWISE_BEZIER_KNOTS.);
#6575 = CARTESIAN_POINT('',(-0.8,-2.35));
#6576 = CARTESIAN_POINT('',(0.8,-2.35));
#6577 = ( GEOMETRIC_REPRESENTATION_CONTEXT(2) 
PARAMETRIC_REPRESENTATION_CONTEXT() REPRESENTATION_CONTEXT('2D SPACE',''
  ) );
#6578 = ORIENTED_EDGE('',*,*,#5074,.T.);
#6579 = ORIENTED_EDGE('',*,*,#1417,.T.);
#6580 = ORIENTED_EDGE('',*,*,#5737,.T.);
#6581 = ORIENTED_EDGE('',*,*,#2968,.T.);
#6582 = ORIENTED_EDGE('',*,*,#5650,.T.);
#6583 = ORIENTED_EDGE('',*,*,#4299,.T.);
#6584 = ORIENTED_EDGE('',*,*,#6358,.F.);
#6585 = ORIENTED_EDGE('',*,*,#2300,.T.);
#6586 = ORIENTED_EDGE('',*,*,#6271,.F.);
#6587 = ORIENTED_EDGE('',*,*,#985,.T.);
#6588 = ADVANCED_FACE('',(#6589),#3722,.F.);
#6589 = FACE_BOUND('',#6590,.F.);
#6590 = EDGE_LOOP('',(#6591,#6614,#6615,#6638));
#6591 = ORIENTED_EDGE('',*,*,#6592,.F.);
#6592 = EDGE_CURVE('',#3706,#6593,#6595,.T.);
#6593 = VERTEX_POINT('',#6594);
#6594 = CARTESIAN_POINT('',(230.65,352.1,341.5));
#6595 = SURFACE_CURVE('',#6596,(#6600,#6607),.PCURVE_S1.);
#6596 = LINE('',#6597,#6598);
#6597 = CARTESIAN_POINT('',(230.1,352.1,341.5));
#6598 = VECTOR('',#6599,1.);
#6599 = DIRECTION('',(1.,0.,-0.));
#6600 = PCURVE('',#3722,#6601);
#6601 = DEFINITIONAL_REPRESENTATION('',(#6602),#6606);
#6602 = LINE('',#6603,#6604);
#6603 = CARTESIAN_POINT('',(0.,0.));
#6604 = VECTOR('',#6605,1.);
#6605 = DIRECTION('',(0.,1.));
#6606 = ( GEOMETRIC_REPRESENTATION_CONTEXT(2) 
PARAMETRIC_REPRESENTATION_CONTEXT() REPRESENTATION_CONTEXT('2D SPACE',''
  ) );
#6607 = PCURVE('',#3802,#6608);
#6608 = DEFINITIONAL_REPRESENTATION('',(#6609),#6613);
#6609 = LINE('',#6610,#6611);
#6610 = CARTESIAN_POINT('',(0.,0.));
#6611 = VECTOR('',#6612,1.);
#6612 = DIRECTION('',(1.,0.));
#6613 = ( GEOMETRIC_REPRESENTATION_CONTEXT(2) 
PARAMETRIC_REPRESENTATION_CONTEXT() REPRESENTATION_CONTEXT('2D SPACE',''
  ) );
#6614 = ORIENTED_EDGE('',*,*,#3703,.F.);
#6615 = ORIENTED_EDGE('',*,*,#6616,.T.);
#6616 = EDGE_CURVE('',#3704,#6617,#6619,.T.);
#6617 = VERTEX_POINT('',#6618);
#6618 = CARTESIAN_POINT('',(230.65,352.1,342.5));
#6619 = SURFACE_CURVE('',#6620,(#6624,#6631),.PCURVE_S1.);
#6620 = LINE('',#6621,#6622);
#6621 = CARTESIAN_POINT('',(230.1,352.1,342.5));
#6622 = VECTOR('',#6623,1.);
#6623 = DIRECTION('',(1.,0.,-0.));
#6624 = PCURVE('',#3722,#6625);
#6625 = DEFINITIONAL_REPRESENTATION('',(#6626),#6630);
#6626 = LINE('',#6627,#6628);
#6627 = CARTESIAN_POINT('',(1.,0.));
#6628 = VECTOR('',#6629,1.);
#6629 = DIRECTION('',(0.,1.));
#6630 = ( GEOMETRIC_REPRESENTATION_CONTEXT(2) 
PARAMETRIC_REPRESENTATION_CONTEXT() REPRESENTATION_CONTEXT('2D SPACE',''
  ) );
#6631 = PCURVE('',#3749,#6632);
#6632 = DEFINITIONAL_REPRESENTATION('',(#6633),#6637);
#6633 = LINE('',#6634,#6635);
#6634 = CARTESIAN_POINT('',(0.,0.));
#6635 = VECTOR('',#6636,1.);
#6636 = DIRECTION('',(1.,0.));
#6637 = ( GEOMETRIC_REPRESENTATION_CONTEXT(2) 
PARAMETRIC_REPRESENTATION_CONTEXT() REPRESENTATION_CONTEXT('2D SPACE',''
  ) );
#6638 = ORIENTED_EDGE('',*,*,#6639,.F.);
#6639 = EDGE_CURVE('',#6593,#6617,#6640,.T.);
#6640 = SURFACE_CURVE('',#6641,(#6645,#6652),.PCURVE_S1.);
#6641 = LINE('',#6642,#6643);
#6642 = CARTESIAN_POINT('',(230.65,352.1,341.5));
#6643 = VECTOR('',#6644,1.);
#6644 = DIRECTION('',(0.,0.,1.));
#6645 = PCURVE('',#3722,#6646);
#6646 = DEFINITIONAL_REPRESENTATION('',(#6647),#6651);
#6647 = LINE('',#6648,#6649);
#6648 = CARTESIAN_POINT('',(0.,0.55));
#6649 = VECTOR('',#6650,1.);
#6650 = DIRECTION('',(1.,0.));
#6651 = ( GEOMETRIC_REPRESENTATION_CONTEXT(2) 
PARAMETRIC_REPRESENTATION_CONTEXT() REPRESENTATION_CONTEXT('2D SPACE',''
  ) );
#6652 = PCURVE('',#6653,#6658);
#6653 = PLANE('',#6654);
#6654 = AXIS2_PLACEMENT_3D('',#6655,#6656,#6657);
#6655 = CARTESIAN_POINT('',(230.65,352.1,341.5));
#6656 = DIRECTION('',(1.,0.,-0.));
#6657 = DIRECTION('',(0.,0.,1.));
#6658 = DEFINITIONAL_REPRESENTATION('',(#6659),#6663);
#6659 = LINE('',#6660,#6661);
#6660 = CARTESIAN_POINT('',(0.,0.));
#6661 = VECTOR('',#6662,1.);
#6662 = DIRECTION('',(1.,0.));
#6663 = ( GEOMETRIC_REPRESENTATION_CONTEXT(2) 
PARAMETRIC_REPRESENTATION_CONTEXT() REPRESENTATION_CONTEXT('2D SPACE',''
  ) );
#6664 = ADVANCED_FACE('',(#6665),#3749,.T.);
#6665 = FACE_BOUND('',#6666,.T.);
#6666 = EDGE_LOOP('',(#6667,#6690,#6691,#6692));
#6667 = ORIENTED_EDGE('',*,*,#6668,.F.);
#6668 = EDGE_CURVE('',#3735,#6669,#6671,.T.);
#6669 = VERTEX_POINT('',#6670);
#6670 = CARTESIAN_POINT('',(230.65,358.1,342.5));
#6671 = SURFACE_CURVE('',#6672,(#6676,#6683),.PCURVE_S1.);
#6672 = LINE('',#6673,#6674);
#6673 = CARTESIAN_POINT('',(230.1,358.1,342.5));
#6674 = VECTOR('',#6675,1.);
#6675 = DIRECTION('',(1.,0.,-0.));
#6676 = PCURVE('',#3749,#6677);
#6677 = DEFINITIONAL_REPRESENTATION('',(#6678),#6682);
#6678 = LINE('',#6679,#6680);
#6679 = CARTESIAN_POINT('',(0.,6.));
#6680 = VECTOR('',#6681,1.);
#6681 = DIRECTION('',(1.,0.));
#6682 = ( GEOMETRIC_REPRESENTATION_CONTEXT(2) 
PARAMETRIC_REPRESENTATION_CONTEXT() REPRESENTATION_CONTEXT('2D SPACE',''
  ) );
#6683 = PCURVE('',#3777,#6684);
#6684 = DEFINITIONAL_REPRESENTATION('',(#6685),#6689);
#6685 = LINE('',#6686,#6687);
#6686 = CARTESIAN_POINT('',(1.,0.));
#6687 = VECTOR('',#6688,1.);
#6688 = DIRECTION('',(0.,1.));
#6689 = ( GEOMETRIC_REPRESENTATION_CONTEXT(2) 
PARAMETRIC_REPRESENTATION_CONTEXT() REPRESENTATION_CONTEXT('2D SPACE',''
  ) );
#6690 = ORIENTED_EDGE('',*,*,#3734,.F.);
#6691 = ORIENTED_EDGE('',*,*,#6616,.T.);
#6692 = ORIENTED_EDGE('',*,*,#6693,.T.);
#6693 = EDGE_CURVE('',#6617,#6669,#6694,.T.);
#6694 = SURFACE_CURVE('',#6695,(#6699,#6706),.PCURVE_S1.);
#6695 = LINE('',#6696,#6697);
#6696 = CARTESIAN_POINT('',(230.65,352.1,342.5));
#6697 = VECTOR('',#6698,1.);
#6698 = DIRECTION('',(-0.,1.,0.));
#6699 = PCURVE('',#3749,#6700);
#6700 = DEFINITIONAL_REPRESENTATION('',(#6701),#6705);
#6701 = LINE('',#6702,#6703);
#6702 = CARTESIAN_POINT('',(0.55,0.));
#6703 = VECTOR('',#6704,1.);
#6704 = DIRECTION('',(0.,1.));
#6705 = ( GEOMETRIC_REPRESENTATION_CONTEXT(2) 
PARAMETRIC_REPRESENTATION_CONTEXT() REPRESENTATION_CONTEXT('2D SPACE',''
  ) );
#6706 = PCURVE('',#6653,#6707);
#6707 = DEFINITIONAL_REPRESENTATION('',(#6708),#6712);
#6708 = LINE('',#6709,#6710);
#6709 = CARTESIAN_POINT('',(1.,0.));
#6710 = VECTOR('',#6711,1.);
#6711 = DIRECTION('',(0.,-1.));
#6712 = ( GEOMETRIC_REPRESENTATION_CONTEXT(2) 
PARAMETRIC_REPRESENTATION_CONTEXT() REPRESENTATION_CONTEXT('2D SPACE',''
  ) );
#6713 = ADVANCED_FACE('',(#6714),#3802,.F.);
#6714 = FACE_BOUND('',#6715,.F.);
#6715 = EDGE_LOOP('',(#6716,#6739,#6740,#6741));
#6716 = ORIENTED_EDGE('',*,*,#6717,.F.);
#6717 = EDGE_CURVE('',#3761,#6718,#6720,.T.);
#6718 = VERTEX_POINT('',#6719);
#6719 = CARTESIAN_POINT('',(230.65,358.1,341.5));
#6720 = SURFACE_CURVE('',#6721,(#6725,#6732),.PCURVE_S1.);
#6721 = LINE('',#6722,#6723);
#6722 = CARTESIAN_POINT('',(230.1,358.1,341.5));
#6723 = VECTOR('',#6724,1.);
#6724 = DIRECTION('',(1.,0.,-0.));
#6725 = PCURVE('',#3802,#6726);
#6726 = DEFINITIONAL_REPRESENTATION('',(#6727),#6731);
#6727 = LINE('',#6728,#6729);
#6728 = CARTESIAN_POINT('',(0.,6.));
#6729 = VECTOR('',#6730,1.);
#6730 = DIRECTION('',(1.,0.));
#6731 = ( GEOMETRIC_REPRESENTATION_CONTEXT(2) 
PARAMETRIC_REPRESENTATION_CONTEXT() REPRESENTATION_CONTEXT('2D SPACE',''
  ) );
#6732 = PCURVE('',#3777,#6733);
#6733 = DEFINITIONAL_REPRESENTATION('',(#6734),#6738);
#6734 = LINE('',#6735,#6736);
#6735 = CARTESIAN_POINT('',(0.,0.));
#6736 = VECTOR('',#6737,1.);
#6737 = DIRECTION('',(0.,1.));
#6738 = ( GEOMETRIC_REPRESENTATION_CONTEXT(2) 
PARAMETRIC_REPRESENTATION_CONTEXT() REPRESENTATION_CONTEXT('2D SPACE',''
  ) );
#6739 = ORIENTED_EDGE('',*,*,#3789,.F.);
#6740 = ORIENTED_EDGE('',*,*,#6592,.T.);
#6741 = ORIENTED_EDGE('',*,*,#6742,.T.);
#6742 = EDGE_CURVE('',#6593,#6718,#6743,.T.);
#6743 = SURFACE_CURVE('',#6744,(#6748,#6755),.PCURVE_S1.);
#6744 = LINE('',#6745,#6746);
#6745 = CARTESIAN_POINT('',(230.65,352.1,341.5));
#6746 = VECTOR('',#6747,1.);
#6747 = DIRECTION('',(-0.,1.,0.));
#6748 = PCURVE('',#3802,#6749);
#6749 = DEFINITIONAL_REPRESENTATION('',(#6750),#6754);
#6750 = LINE('',#6751,#6752);
#6751 = CARTESIAN_POINT('',(0.55,0.));
#6752 = VECTOR('',#6753,1.);
#6753 = DIRECTION('',(0.,1.));
#6754 = ( GEOMETRIC_REPRESENTATION_CONTEXT(2) 
PARAMETRIC_REPRESENTATION_CONTEXT() REPRESENTATION_CONTEXT('2D SPACE',''
  ) );
#6755 = PCURVE('',#6653,#6756);
#6756 = DEFINITIONAL_REPRESENTATION('',(#6757),#6761);
#6757 = LINE('',#6758,#6759);
#6758 = CARTESIAN_POINT('',(0.,0.));
#6759 = VECTOR('',#6760,1.);
#6760 = DIRECTION('',(0.,-1.));
#6761 = ( GEOMETRIC_REPRESENTATION_CONTEXT(2) 
PARAMETRIC_REPRESENTATION_CONTEXT() REPRESENTATION_CONTEXT('2D SPACE',''
  ) );
#6762 = ADVANCED_FACE('',(#6763),#3777,.T.);
#6763 = FACE_BOUND('',#6764,.T.);
#6764 = EDGE_LOOP('',(#6765,#6766,#6767,#6768));
#6765 = ORIENTED_EDGE('',*,*,#6717,.F.);
#6766 = ORIENTED_EDGE('',*,*,#3760,.F.);
#6767 = ORIENTED_EDGE('',*,*,#6668,.T.);
#6768 = ORIENTED_EDGE('',*,*,#6769,.F.);
#6769 = EDGE_CURVE('',#6718,#6669,#6770,.T.);
#6770 = SURFACE_CURVE('',#6771,(#6775,#6782),.PCURVE_S1.);
#6771 = LINE('',#6772,#6773);
#6772 = CARTESIAN_POINT('',(230.65,358.1,341.5));
#6773 = VECTOR('',#6774,1.);
#6774 = DIRECTION('',(0.,0.,1.));
#6775 = PCURVE('',#3777,#6776);
#6776 = DEFINITIONAL_REPRESENTATION('',(#6777),#6781);
#6777 = LINE('',#6778,#6779);
#6778 = CARTESIAN_POINT('',(0.,0.55));
#6779 = VECTOR('',#6780,1.);
#6780 = DIRECTION('',(1.,0.));
#6781 = ( GEOMETRIC_REPRESENTATION_CONTEXT(2) 
PARAMETRIC_REPRESENTATION_CONTEXT() REPRESENTATION_CONTEXT('2D SPACE',''
  ) );
#6782 = PCURVE('',#6653,#6783);
#6783 = DEFINITIONAL_REPRESENTATION('',(#6784),#6788);
#6784 = LINE('',#6785,#6786);
#6785 = CARTESIAN_POINT('',(0.,-6.));
#6786 = VECTOR('',#6787,1.);
#6787 = DIRECTION('',(1.,0.));
#6788 = ( GEOMETRIC_REPRESENTATION_CONTEXT(2) 
PARAMETRIC_REPRESENTATION_CONTEXT() REPRESENTATION_CONTEXT('2D SPACE',''
  ) );
#6789 = ADVANCED_FACE('',(#6790),#4834,.T.);
#6790 = FACE_BOUND('',#6791,.T.);
#6791 = EDGE_LOOP('',(#6792,#6793,#6794,#6795));
#6792 = ORIENTED_EDGE('',*,*,#6445,.F.);
#6793 = ORIENTED_EDGE('',*,*,#4654,.F.);
#6794 = ORIENTED_EDGE('',*,*,#5563,.T.);
#6795 = ORIENTED_EDGE('',*,*,#6796,.F.);
#6796 = EDGE_CURVE('',#6446,#5538,#6797,.T.);
#6797 = SURFACE_CURVE('',#6798,(#6801,#6808),.PCURVE_S1.);
#6798 = B_SPLINE_CURVE_WITH_KNOTS('',1,(#6799,#6800),.UNSPECIFIED.,.F.,
  .F.,(2,2),(0.,1.6),.PIECEWISE_BEZIER_KNOTS.);
#6799 = CARTESIAN_POINT('',(230.85402855474,319.71311021664,
    343.71294013118));
#6800 = CARTESIAN_POINT('',(232.31121307026,319.36318525671,
    344.27344509115));
#6801 = PCURVE('',#4834,#6802);
#6802 = DEFINITIONAL_REPRESENTATION('',(#6803),#6807);
#6803 = LINE('',#6804,#6805);
#6804 = CARTESIAN_POINT('',(0.,86.59203406339));
#6805 = VECTOR('',#6806,1.);
#6806 = DIRECTION('',(1.,0.));
#6807 = ( GEOMETRIC_REPRESENTATION_CONTEXT(2) 
PARAMETRIC_REPRESENTATION_CONTEXT() REPRESENTATION_CONTEXT('2D SPACE',''
  ) );
#6808 = PCURVE('',#5552,#6809);
#6809 = DEFINITIONAL_REPRESENTATION('',(#6810),#6813);
#6810 = B_SPLINE_CURVE_WITH_KNOTS('',1,(#6811,#6812),.UNSPECIFIED.,.F.,
  .F.,(2,2),(0.,1.6),.PIECEWISE_BEZIER_KNOTS.);
#6811 = CARTESIAN_POINT('',(-1.890600213803,1.608766866755));
#6812 = CARTESIAN_POINT('',(-2.479483807366,0.121078689335));
#6813 = ( GEOMETRIC_REPRESENTATION_CONTEXT(2) 
PARAMETRIC_REPRESENTATION_CONTEXT() REPRESENTATION_CONTEXT('2D SPACE',''
  ) );
#6814 = ADVANCED_FACE('',(#6815),#5552,.T.);
#6815 = FACE_BOUND('',#6816,.T.);
#6816 = EDGE_LOOP('',(#6817,#6818,#6819,#6820));
#6817 = ORIENTED_EDGE('',*,*,#6533,.T.);
#6818 = ORIENTED_EDGE('',*,*,#6796,.T.);
#6819 = ORIENTED_EDGE('',*,*,#5537,.T.);
#6820 = ORIENTED_EDGE('',*,*,#6111,.T.);
#6821 = ADVANCED_FACE('',(#6822),#5177,.F.);
#6822 = FACE_BOUND('',#6823,.F.);
#6823 = EDGE_LOOP('',(#6824,#6825,#6826,#6827,#6828));
#6824 = ORIENTED_EDGE('',*,*,#6163,.T.);
#6825 = ORIENTED_EDGE('',*,*,#6560,.T.);
#6826 = ORIENTED_EDGE('',*,*,#5162,.T.);
#6827 = ORIENTED_EDGE('',*,*,#6139,.T.);
#6828 = ORIENTED_EDGE('',*,*,#5828,.T.);
#6829 = ADVANCED_FACE('',(#6830),#6653,.T.);
#6830 = FACE_BOUND('',#6831,.T.);
#6831 = EDGE_LOOP('',(#6832,#6833,#6834,#6835));
#6832 = ORIENTED_EDGE('',*,*,#6639,.F.);
#6833 = ORIENTED_EDGE('',*,*,#6742,.T.);
#6834 = ORIENTED_EDGE('',*,*,#6769,.T.);
#6835 = ORIENTED_EDGE('',*,*,#6693,.F.);
#6836 = ( GEOMETRIC_REPRESENTATION_CONTEXT(3) 
GLOBAL_UNCERTAINTY_ASSIGNED_CONTEXT((#6840)) 
GLOBAL_UNIT_ASSIGNED_CONTEXT((#6837,#6838,#6839)) REPRESENTATION_CONTEXT
('Context #1','3D Context with UNIT and UNCERTAINTY') );
#6837 = ( LENGTH_UNIT() NAMED_UNIT(*) SI_UNIT(.MILLI.,.METRE.) );
#6838 = ( NAMED_UNIT(*) PLANE_ANGLE_UNIT() SI_UNIT($,.RADIAN.) );
#6839 = ( NAMED_UNIT(*) SI_UNIT($,.STERADIAN.) SOLID_ANGLE_UNIT() );
#6840 = UNCERTAINTY_MEASURE_WITH_UNIT(LENGTH_MEASURE(1.E-05),#6837,
  'distance_accuracy_value','confusion accuracy');
#6841 = PRODUCT_RELATED_PRODUCT_CATEGORY('part',$,(#7));
ENDSEC;
END-ISO-10303-21;
