ISO-10303-21;
HEADER;
FILE_DESCRIPTION(('FreeCAD Model'),'2;1');
FILE_NAME('Open CASCADE Shape Model','2000-01-01T00:00:00',('FreeCAD'),(
    'FreeCAD'),'Open CASCADE STEP processor 7.9','FreeCAD','Unknown');
FILE_SCHEMA(('AUTOMOTIVE_DESIGN { 1 0 10303 214 1 1 1 1 }'));
ENDSEC;
DATA;
#1 = APPLICATION_PROTOCOL_DEFINITION('international standard',
  'automotive_design',2000,#2);
#2 = APPLICATION_CONTEXT(
  'core data for automotive mechanical design processes');
#3 = SHAPE_DEFINITION_REPRESENTATION(#4,#10);
#4 = PRODUCT_DEFINITION_SHAPE('','',#5);
#5 = PRODUCT_DEFINITION('design','',#6,#9);
#6 = PRODUCT_DEFINITION_FORMATION('','',#7);
#7 = PRODUCT('Open CASCADE STEP translator 7.9 0',
  'Open CASCADE STEP translator 7.9 0','',(#8));
#8 = PRODUCT_CONTEXT('',#2,'mechanical');
#9 = PRODUCT_DEFINITION_CONTEXT('part definition',#2,'design');
#10 = SHAPE_REPRESENTATION('',(#11,#15,#670,#1325,#1475,#1625,#1775,
    #1925,#2075,#2225,#2375,#2525,#2987,#3079,#3171,#3263,#3355,#3856,
    #4006,#4156,#4306,#4456,#4957,#5049,#5472,#5564,#5905,#6206,#6462,
    #6895,#7328,#7573,#8006,#8439,#8684,#9263,#9433,#9603,#9773,#9943,
    #10093,#10243,#10393,#10543,#10693,#10843,#10896,#10949,#11309,
    #11609,#11969,#12269,#13596,#13688,#13780,#13872,#13964,#14056,
    #14479,#14571,#14741,#14957),#15173);
#11 = AXIS2_PLACEMENT_3D('',#12,#13,#14);
#12 = CARTESIAN_POINT('',(0.,0.,0.));
#13 = DIRECTION('',(0.,0.,1.));
#14 = DIRECTION('',(1.,0.,-0.));
#15 = MANIFOLD_SOLID_BREP('',#16);
#16 = CLOSED_SHELL('',(#17,#65,#104,#183,#215,#243,#271,#306,#324,#341,
    #358,#375,#400,#425,#445,#473,#526,#535,#584,#608,#632,#649,#661));
#17 = ADVANCED_FACE('',(#18),#60,.F.);
#18 = FACE_BOUND('',#19,.F.);
#19 = EDGE_LOOP('',(#20,#30,#38,#46,#54));
#20 = ORIENTED_EDGE('',*,*,#21,.F.);
#21 = EDGE_CURVE('',#22,#24,#26,.T.);
#22 = VERTEX_POINT('',#23);
#23 = CARTESIAN_POINT('',(198.,120.,613.167));
#24 = VERTEX_POINT('',#25);
#25 = CARTESIAN_POINT('',(198.,180.,613.167));
#26 = LINE('',#27,#28);
#27 = CARTESIAN_POINT('',(198.,120.,613.167));
#28 = VECTOR('',#29,1.);
#29 = DIRECTION('',(0.,1.,-2.22044604925E-16));
#30 = ORIENTED_EDGE('',*,*,#31,.T.);
#31 = EDGE_CURVE('',#22,#32,#34,.T.);
#32 = VERTEX_POINT('',#33);
#33 = CARTESIAN_POINT('',(198.,120.,658.16700009139));
#34 = LINE('',#35,#36);
#35 = CARTESIAN_POINT('',(198.,120.,613.167));
#36 = VECTOR('',#37,1.);
#37 = DIRECTION('',(0.,2.22044604925E-16,1.));
#38 = ORIENTED_EDGE('',*,*,#39,.T.);
#39 = EDGE_CURVE('',#32,#40,#42,.T.);
#40 = VERTEX_POINT('',#41);
#41 = CARTESIAN_POINT('',(198.,120.,703.167));
#42 = LINE('',#43,#44);
#43 = CARTESIAN_POINT('',(198.,120.,613.167));
#44 = VECTOR('',#45,1.);
#45 = DIRECTION('',(0.,2.22044604925E-16,1.));
#46 = ORIENTED_EDGE('',*,*,#47,.T.);
#47 = EDGE_CURVE('',#40,#48,#50,.T.);
#48 = VERTEX_POINT('',#49);
#49 = CARTESIAN_POINT('',(198.,180.,703.167));
#50 = LINE('',#51,#52);
#51 = CARTESIAN_POINT('',(198.,120.,703.167));
#52 = VECTOR('',#53,1.);
#53 = DIRECTION('',(0.,1.,-2.22044604925E-16));
#54 = ORIENTED_EDGE('',*,*,#55,.F.);
#55 = EDGE_CURVE('',#24,#48,#56,.T.);
#56 = LINE('',#57,#58);
#57 = CARTESIAN_POINT('',(198.,180.,613.167));
#58 = VECTOR('',#59,1.);
#59 = DIRECTION('',(0.,2.22044604925E-16,1.));
#60 = PLANE('',#61);
#61 = AXIS2_PLACEMENT_3D('',#62,#63,#64);
#62 = CARTESIAN_POINT('',(198.,120.,613.167));
#63 = DIRECTION('',(-1.,0.,0.));
#64 = DIRECTION('',(0.,1.,-2.22044604925E-16));
#65 = ADVANCED_FACE('',(#66),#99,.F.);
#66 = FACE_BOUND('',#67,.F.);
#67 = EDGE_LOOP('',(#68,#76,#77,#85,#93));
#68 = ORIENTED_EDGE('',*,*,#69,.F.);
#69 = EDGE_CURVE('',#22,#70,#72,.T.);
#70 = VERTEX_POINT('',#71);
#71 = CARTESIAN_POINT('',(153.00000003935,120.,613.167));
#72 = LINE('',#73,#74);
#73 = CARTESIAN_POINT('',(198.,120.,613.167));
#74 = VECTOR('',#75,1.);
#75 = DIRECTION('',(-1.,0.,0.));
#76 = ORIENTED_EDGE('',*,*,#21,.T.);
#77 = ORIENTED_EDGE('',*,*,#78,.T.);
#78 = EDGE_CURVE('',#24,#79,#81,.T.);
#79 = VERTEX_POINT('',#80);
#80 = CARTESIAN_POINT('',(108.,180.,613.167));
#81 = LINE('',#82,#83);
#82 = CARTESIAN_POINT('',(198.,180.,613.167));
#83 = VECTOR('',#84,1.);
#84 = DIRECTION('',(-1.,0.,0.));
#85 = ORIENTED_EDGE('',*,*,#86,.F.);
#86 = EDGE_CURVE('',#87,#79,#89,.T.);
#87 = VERTEX_POINT('',#88);
#88 = CARTESIAN_POINT('',(108.,120.,613.167));
#89 = LINE('',#90,#91);
#90 = CARTESIAN_POINT('',(108.,120.,613.167));
#91 = VECTOR('',#92,1.);
#92 = DIRECTION('',(0.,1.,-2.22044604925E-16));
#93 = ORIENTED_EDGE('',*,*,#94,.F.);
#94 = EDGE_CURVE('',#70,#87,#95,.T.);
#95 = LINE('',#96,#97);
#96 = CARTESIAN_POINT('',(198.,120.,613.167));
#97 = VECTOR('',#98,1.);
#98 = DIRECTION('',(-1.,0.,0.));
#99 = PLANE('',#100);
#100 = AXIS2_PLACEMENT_3D('',#101,#102,#103);
#101 = CARTESIAN_POINT('',(198.,120.,613.167));
#102 = DIRECTION('',(0.,2.22044604925E-16,1.));
#103 = DIRECTION('',(0.,1.,-2.22044604925E-16));
#104 = ADVANCED_FACE('',(#105,#123,#134,#145,#156,#167),#178,.T.);
#105 = FACE_BOUND('',#106,.T.);
#106 = EDGE_LOOP('',(#107,#108,#109,#117));
#107 = ORIENTED_EDGE('',*,*,#55,.F.);
#108 = ORIENTED_EDGE('',*,*,#78,.T.);
#109 = ORIENTED_EDGE('',*,*,#110,.T.);
#110 = EDGE_CURVE('',#79,#111,#113,.T.);
#111 = VERTEX_POINT('',#112);
#112 = CARTESIAN_POINT('',(108.,180.,703.167));
#113 = LINE('',#114,#115);
#114 = CARTESIAN_POINT('',(108.,180.,613.167));
#115 = VECTOR('',#116,1.);
#116 = DIRECTION('',(0.,2.22044604925E-16,1.));
#117 = ORIENTED_EDGE('',*,*,#118,.F.);
#118 = EDGE_CURVE('',#48,#111,#119,.T.);
#119 = LINE('',#120,#121);
#120 = CARTESIAN_POINT('',(198.,180.,703.167));
#121 = VECTOR('',#122,1.);
#122 = DIRECTION('',(-1.,0.,0.));
#123 = FACE_BOUND('',#124,.T.);
#124 = EDGE_LOOP('',(#125));
#125 = ORIENTED_EDGE('',*,*,#126,.F.);
#126 = EDGE_CURVE('',#127,#127,#129,.T.);
#127 = VERTEX_POINT('',#128);
#128 = CARTESIAN_POINT('',(186.5195526217,180.,621.3974473783));
#129 = CIRCLE('',#130,3.25);
#130 = AXIS2_PLACEMENT_3D('',#131,#132,#133);
#131 = CARTESIAN_POINT('',(189.7695526217,180.,621.3974473783));
#132 = DIRECTION('',(0.,1.,-2.22044604925E-16));
#133 = DIRECTION('',(-1.,0.,0.));
#134 = FACE_BOUND('',#135,.T.);
#135 = EDGE_LOOP('',(#136));
#136 = ORIENTED_EDGE('',*,*,#137,.F.);
#137 = EDGE_CURVE('',#138,#138,#140,.T.);
#138 = VERTEX_POINT('',#139);
#139 = CARTESIAN_POINT('',(112.9804473783,180.,621.3974473783));
#140 = CIRCLE('',#141,3.25);
#141 = AXIS2_PLACEMENT_3D('',#142,#143,#144);
#142 = CARTESIAN_POINT('',(116.2304473783,180.,621.3974473783));
#143 = DIRECTION('',(0.,1.,-2.22044604925E-16));
#144 = DIRECTION('',(-1.,0.,0.));
#145 = FACE_BOUND('',#146,.T.);
#146 = EDGE_LOOP('',(#147));
#147 = ORIENTED_EDGE('',*,*,#148,.F.);
#148 = EDGE_CURVE('',#149,#149,#151,.T.);
#149 = VERTEX_POINT('',#150);
#150 = CARTESIAN_POINT('',(186.5195526217,180.,694.9365526217));
#151 = CIRCLE('',#152,3.25);
#152 = AXIS2_PLACEMENT_3D('',#153,#154,#155);
#153 = CARTESIAN_POINT('',(189.7695526217,180.,694.9365526217));
#154 = DIRECTION('',(0.,1.,-2.22044604925E-16));
#155 = DIRECTION('',(-1.,0.,0.));
#156 = FACE_BOUND('',#157,.T.);
#157 = EDGE_LOOP('',(#158));
#158 = ORIENTED_EDGE('',*,*,#159,.F.);
#159 = EDGE_CURVE('',#160,#160,#162,.T.);
#160 = VERTEX_POINT('',#161);
#161 = CARTESIAN_POINT('',(135.,180.,676.167));
#162 = CIRCLE('',#163,18.);
#163 = AXIS2_PLACEMENT_3D('',#164,#165,#166);
#164 = CARTESIAN_POINT('',(153.,180.,676.167));
#165 = DIRECTION('',(0.,1.,-2.22044604925E-16));
#166 = DIRECTION('',(-1.,0.,0.));
#167 = FACE_BOUND('',#168,.T.);
#168 = EDGE_LOOP('',(#169));
#169 = ORIENTED_EDGE('',*,*,#170,.F.);
#170 = EDGE_CURVE('',#171,#171,#173,.T.);
#171 = VERTEX_POINT('',#172);
#172 = CARTESIAN_POINT('',(112.9804473783,180.,694.9365526217));
#173 = CIRCLE('',#174,3.25);
#174 = AXIS2_PLACEMENT_3D('',#175,#176,#177);
#175 = CARTESIAN_POINT('',(116.2304473783,180.,694.9365526217));
#176 = DIRECTION('',(0.,1.,-2.22044604925E-16));
#177 = DIRECTION('',(-1.,0.,0.));
#178 = PLANE('',#179);
#179 = AXIS2_PLACEMENT_3D('',#180,#181,#182);
#180 = CARTESIAN_POINT('',(198.,180.,613.167));
#181 = DIRECTION('',(0.,1.,-2.22044604925E-16));
#182 = DIRECTION('',(-1.,0.,0.));
#183 = ADVANCED_FACE('',(#184),#210,.T.);
#184 = FACE_BOUND('',#185,.T.);
#185 = EDGE_LOOP('',(#186,#194,#195,#196,#204));
#186 = ORIENTED_EDGE('',*,*,#187,.F.);
#187 = EDGE_CURVE('',#40,#188,#190,.T.);
#188 = VERTEX_POINT('',#189);
#189 = CARTESIAN_POINT('',(153.00000005558,120.,703.167));
#190 = LINE('',#191,#192);
#191 = CARTESIAN_POINT('',(198.,120.,703.167));
#192 = VECTOR('',#193,1.);
#193 = DIRECTION('',(-1.,0.,0.));
#194 = ORIENTED_EDGE('',*,*,#47,.T.);
#195 = ORIENTED_EDGE('',*,*,#118,.T.);
#196 = ORIENTED_EDGE('',*,*,#197,.F.);
#197 = EDGE_CURVE('',#198,#111,#200,.T.);
#198 = VERTEX_POINT('',#199);
#199 = CARTESIAN_POINT('',(108.,120.,703.167));
#200 = LINE('',#201,#202);
#201 = CARTESIAN_POINT('',(108.,120.,703.167));
#202 = VECTOR('',#203,1.);
#203 = DIRECTION('',(0.,1.,-2.22044604925E-16));
#204 = ORIENTED_EDGE('',*,*,#205,.F.);
#205 = EDGE_CURVE('',#188,#198,#206,.T.);
#206 = LINE('',#207,#208);
#207 = CARTESIAN_POINT('',(198.,120.,703.167));
#208 = VECTOR('',#209,1.);
#209 = DIRECTION('',(-1.,0.,0.));
#210 = PLANE('',#211);
#211 = AXIS2_PLACEMENT_3D('',#212,#213,#214);
#212 = CARTESIAN_POINT('',(198.,120.,703.167));
#213 = DIRECTION('',(0.,2.22044604925E-16,1.));
#214 = DIRECTION('',(0.,1.,-2.22044604925E-16));
#215 = ADVANCED_FACE('',(#216,#227),#238,.F.);
#216 = FACE_BOUND('',#217,.F.);
#217 = EDGE_LOOP('',(#218,#219,#220));
#218 = ORIENTED_EDGE('',*,*,#31,.F.);
#219 = ORIENTED_EDGE('',*,*,#69,.T.);
#220 = ORIENTED_EDGE('',*,*,#221,.F.);
#221 = EDGE_CURVE('',#32,#70,#222,.T.);
#222 = CIRCLE('',#223,45.);
#223 = AXIS2_PLACEMENT_3D('',#224,#225,#226);
#224 = CARTESIAN_POINT('',(153.,120.,658.167));
#225 = DIRECTION('',(0.,1.,-2.22044604925E-16));
#226 = DIRECTION('',(-1.,0.,0.));
#227 = FACE_BOUND('',#228,.F.);
#228 = EDGE_LOOP('',(#229));
#229 = ORIENTED_EDGE('',*,*,#230,.F.);
#230 = EDGE_CURVE('',#231,#231,#233,.T.);
#231 = VERTEX_POINT('',#232);
#232 = CARTESIAN_POINT('',(186.5195526217,120.,621.3974473783));
#233 = CIRCLE('',#234,3.25);
#234 = AXIS2_PLACEMENT_3D('',#235,#236,#237);
#235 = CARTESIAN_POINT('',(189.7695526217,120.,621.3974473783));
#236 = DIRECTION('',(0.,1.,-2.22044604925E-16));
#237 = DIRECTION('',(-1.,0.,0.));
#238 = PLANE('',#239);
#239 = AXIS2_PLACEMENT_3D('',#240,#241,#242);
#240 = CARTESIAN_POINT('',(198.,120.,613.167));
#241 = DIRECTION('',(0.,1.,-2.22044604925E-16));
#242 = DIRECTION('',(-1.,0.,0.));
#243 = ADVANCED_FACE('',(#244,#255),#266,.F.);
#244 = FACE_BOUND('',#245,.F.);
#245 = EDGE_LOOP('',(#246,#247,#254));
#246 = ORIENTED_EDGE('',*,*,#39,.F.);
#247 = ORIENTED_EDGE('',*,*,#248,.F.);
#248 = EDGE_CURVE('',#188,#32,#249,.T.);
#249 = CIRCLE('',#250,45.);
#250 = AXIS2_PLACEMENT_3D('',#251,#252,#253);
#251 = CARTESIAN_POINT('',(153.,120.,658.167));
#252 = DIRECTION('',(0.,1.,-2.22044604925E-16));
#253 = DIRECTION('',(-1.,0.,0.));
#254 = ORIENTED_EDGE('',*,*,#187,.F.);
#255 = FACE_BOUND('',#256,.F.);
#256 = EDGE_LOOP('',(#257));
#257 = ORIENTED_EDGE('',*,*,#258,.F.);
#258 = EDGE_CURVE('',#259,#259,#261,.T.);
#259 = VERTEX_POINT('',#260);
#260 = CARTESIAN_POINT('',(186.5195526217,120.,694.9365526217));
#261 = CIRCLE('',#262,3.25);
#262 = AXIS2_PLACEMENT_3D('',#263,#264,#265);
#263 = CARTESIAN_POINT('',(189.7695526217,120.,694.9365526217));
#264 = DIRECTION('',(0.,1.,-2.22044604925E-16));
#265 = DIRECTION('',(-1.,0.,0.));
#266 = PLANE('',#267);
#267 = AXIS2_PLACEMENT_3D('',#268,#269,#270);
#268 = CARTESIAN_POINT('',(198.,120.,613.167));
#269 = DIRECTION('',(0.,1.,-2.22044604925E-16));
#270 = DIRECTION('',(-1.,0.,0.));
#271 = ADVANCED_FACE('',(#272,#290),#301,.F.);
#272 = FACE_BOUND('',#273,.F.);
#273 = EDGE_LOOP('',(#274,#283,#284));
#274 = ORIENTED_EDGE('',*,*,#275,.F.);
#275 = EDGE_CURVE('',#70,#276,#278,.T.);
#276 = VERTEX_POINT('',#277);
#277 = CARTESIAN_POINT('',(108.,120.,658.167));
#278 = CIRCLE('',#279,45.);
#279 = AXIS2_PLACEMENT_3D('',#280,#281,#282);
#280 = CARTESIAN_POINT('',(153.,120.,658.167));
#281 = DIRECTION('',(0.,1.,-2.22044604925E-16));
#282 = DIRECTION('',(-1.,0.,0.));
#283 = ORIENTED_EDGE('',*,*,#94,.T.);
#284 = ORIENTED_EDGE('',*,*,#285,.T.);
#285 = EDGE_CURVE('',#87,#276,#286,.T.);
#286 = LINE('',#287,#288);
#287 = CARTESIAN_POINT('',(108.,120.,613.167));
#288 = VECTOR('',#289,1.);
#289 = DIRECTION('',(0.,2.22044604925E-16,1.));
#290 = FACE_BOUND('',#291,.F.);
#291 = EDGE_LOOP('',(#292));
#292 = ORIENTED_EDGE('',*,*,#293,.F.);
#293 = EDGE_CURVE('',#294,#294,#296,.T.);
#294 = VERTEX_POINT('',#295);
#295 = CARTESIAN_POINT('',(112.9804473783,120.,621.3974473783));
#296 = CIRCLE('',#297,3.25);
#297 = AXIS2_PLACEMENT_3D('',#298,#299,#300);
#298 = CARTESIAN_POINT('',(116.2304473783,120.,621.3974473783));
#299 = DIRECTION('',(0.,1.,-2.22044604925E-16));
#300 = DIRECTION('',(-1.,0.,0.));
#301 = PLANE('',#302);
#302 = AXIS2_PLACEMENT_3D('',#303,#304,#305);
#303 = CARTESIAN_POINT('',(198.,120.,613.167));
#304 = DIRECTION('',(0.,1.,-2.22044604925E-16));
#305 = DIRECTION('',(-1.,0.,0.));
#306 = ADVANCED_FACE('',(#307),#319,.T.);
#307 = FACE_BOUND('',#308,.T.);
#308 = EDGE_LOOP('',(#309,#310,#311,#317,#318));
#309 = ORIENTED_EDGE('',*,*,#86,.F.);
#310 = ORIENTED_EDGE('',*,*,#285,.T.);
#311 = ORIENTED_EDGE('',*,*,#312,.T.);
#312 = EDGE_CURVE('',#276,#198,#313,.T.);
#313 = LINE('',#314,#315);
#314 = CARTESIAN_POINT('',(108.,120.,613.167));
#315 = VECTOR('',#316,1.);
#316 = DIRECTION('',(0.,2.22044604925E-16,1.));
#317 = ORIENTED_EDGE('',*,*,#197,.T.);
#318 = ORIENTED_EDGE('',*,*,#110,.F.);
#319 = PLANE('',#320);
#320 = AXIS2_PLACEMENT_3D('',#321,#322,#323);
#321 = CARTESIAN_POINT('',(108.,120.,613.167));
#322 = DIRECTION('',(-1.,0.,0.));
#323 = DIRECTION('',(0.,1.,-2.22044604925E-16));
#324 = ADVANCED_FACE('',(#325),#336,.F.);
#325 = FACE_BOUND('',#326,.F.);
#326 = EDGE_LOOP('',(#327,#328,#334,#335));
#327 = ORIENTED_EDGE('',*,*,#126,.F.);
#328 = ORIENTED_EDGE('',*,*,#329,.F.);
#329 = EDGE_CURVE('',#231,#127,#330,.T.);
#330 = LINE('',#331,#332);
#331 = CARTESIAN_POINT('',(186.5195526217,120.,621.3974473783));
#332 = VECTOR('',#333,1.);
#333 = DIRECTION('',(0.,1.,-2.22044604925E-16));
#334 = ORIENTED_EDGE('',*,*,#230,.T.);
#335 = ORIENTED_EDGE('',*,*,#329,.T.);
#336 = CYLINDRICAL_SURFACE('',#337,3.25);
#337 = AXIS2_PLACEMENT_3D('',#338,#339,#340);
#338 = CARTESIAN_POINT('',(189.7695526217,120.,621.3974473783));
#339 = DIRECTION('',(0.,1.,-2.22044604925E-16));
#340 = DIRECTION('',(-1.,0.,0.));
#341 = ADVANCED_FACE('',(#342),#353,.F.);
#342 = FACE_BOUND('',#343,.F.);
#343 = EDGE_LOOP('',(#344,#345,#351,#352));
#344 = ORIENTED_EDGE('',*,*,#137,.F.);
#345 = ORIENTED_EDGE('',*,*,#346,.F.);
#346 = EDGE_CURVE('',#294,#138,#347,.T.);
#347 = LINE('',#348,#349);
#348 = CARTESIAN_POINT('',(112.9804473783,120.,621.3974473783));
#349 = VECTOR('',#350,1.);
#350 = DIRECTION('',(0.,1.,-2.22044604925E-16));
#351 = ORIENTED_EDGE('',*,*,#293,.T.);
#352 = ORIENTED_EDGE('',*,*,#346,.T.);
#353 = CYLINDRICAL_SURFACE('',#354,3.25);
#354 = AXIS2_PLACEMENT_3D('',#355,#356,#357);
#355 = CARTESIAN_POINT('',(116.2304473783,120.,621.3974473783));
#356 = DIRECTION('',(0.,1.,-2.22044604925E-16));
#357 = DIRECTION('',(-1.,0.,0.));
#358 = ADVANCED_FACE('',(#359),#370,.F.);
#359 = FACE_BOUND('',#360,.F.);
#360 = EDGE_LOOP('',(#361,#362,#368,#369));
#361 = ORIENTED_EDGE('',*,*,#148,.F.);
#362 = ORIENTED_EDGE('',*,*,#363,.F.);
#363 = EDGE_CURVE('',#259,#149,#364,.T.);
#364 = LINE('',#365,#366);
#365 = CARTESIAN_POINT('',(186.5195526217,120.,694.9365526217));
#366 = VECTOR('',#367,1.);
#367 = DIRECTION('',(0.,1.,-2.22044604925E-16));
#368 = ORIENTED_EDGE('',*,*,#258,.T.);
#369 = ORIENTED_EDGE('',*,*,#363,.T.);
#370 = CYLINDRICAL_SURFACE('',#371,3.25);
#371 = AXIS2_PLACEMENT_3D('',#372,#373,#374);
#372 = CARTESIAN_POINT('',(189.7695526217,120.,694.9365526217));
#373 = DIRECTION('',(0.,1.,-2.22044604925E-16));
#374 = DIRECTION('',(-1.,0.,0.));
#375 = ADVANCED_FACE('',(#376),#395,.T.);
#376 = FACE_BOUND('',#377,.T.);
#377 = EDGE_LOOP('',(#378,#387,#393,#394));
#378 = ORIENTED_EDGE('',*,*,#379,.F.);
#379 = EDGE_CURVE('',#380,#380,#382,.T.);
#380 = VERTEX_POINT('',#381);
#381 = CARTESIAN_POINT('',(135.,183.,676.167));
#382 = CIRCLE('',#383,18.);
#383 = AXIS2_PLACEMENT_3D('',#384,#385,#386);
#384 = CARTESIAN_POINT('',(153.,183.,676.167));
#385 = DIRECTION('',(0.,1.,-2.22044604925E-16));
#386 = DIRECTION('',(-1.,0.,0.));
#387 = ORIENTED_EDGE('',*,*,#388,.F.);
#388 = EDGE_CURVE('',#160,#380,#389,.T.);
#389 = LINE('',#390,#391);
#390 = CARTESIAN_POINT('',(135.,180.,676.167));
#391 = VECTOR('',#392,1.);
#392 = DIRECTION('',(0.,1.,-2.22044604925E-16));
#393 = ORIENTED_EDGE('',*,*,#159,.T.);
#394 = ORIENTED_EDGE('',*,*,#388,.T.);
#395 = CYLINDRICAL_SURFACE('',#396,18.);
#396 = AXIS2_PLACEMENT_3D('',#397,#398,#399);
#397 = CARTESIAN_POINT('',(153.,180.,676.167));
#398 = DIRECTION('',(0.,1.,-2.22044604925E-16));
#399 = DIRECTION('',(-1.,0.,0.));
#400 = ADVANCED_FACE('',(#401),#420,.F.);
#401 = FACE_BOUND('',#402,.F.);
#402 = EDGE_LOOP('',(#403,#404,#412,#419));
#403 = ORIENTED_EDGE('',*,*,#170,.F.);
#404 = ORIENTED_EDGE('',*,*,#405,.F.);
#405 = EDGE_CURVE('',#406,#171,#408,.T.);
#406 = VERTEX_POINT('',#407);
#407 = CARTESIAN_POINT('',(112.9804473783,120.,694.9365526217));
#408 = LINE('',#409,#410);
#409 = CARTESIAN_POINT('',(112.9804473783,120.,694.9365526217));
#410 = VECTOR('',#411,1.);
#411 = DIRECTION('',(0.,1.,-2.22044604925E-16));
#412 = ORIENTED_EDGE('',*,*,#413,.T.);
#413 = EDGE_CURVE('',#406,#406,#414,.T.);
#414 = CIRCLE('',#415,3.25);
#415 = AXIS2_PLACEMENT_3D('',#416,#417,#418);
#416 = CARTESIAN_POINT('',(116.2304473783,120.,694.9365526217));
#417 = DIRECTION('',(0.,1.,-2.22044604925E-16));
#418 = DIRECTION('',(-1.,0.,0.));
#419 = ORIENTED_EDGE('',*,*,#405,.T.);
#420 = CYLINDRICAL_SURFACE('',#421,3.25);
#421 = AXIS2_PLACEMENT_3D('',#422,#423,#424);
#422 = CARTESIAN_POINT('',(116.2304473783,120.,694.9365526217));
#423 = DIRECTION('',(0.,1.,-2.22044604925E-16));
#424 = DIRECTION('',(-1.,0.,0.));
#425 = ADVANCED_FACE('',(#426,#437),#440,.F.);
#426 = FACE_BOUND('',#427,.F.);
#427 = EDGE_LOOP('',(#428,#429,#436));
#428 = ORIENTED_EDGE('',*,*,#205,.F.);
#429 = ORIENTED_EDGE('',*,*,#430,.F.);
#430 = EDGE_CURVE('',#276,#188,#431,.T.);
#431 = CIRCLE('',#432,45.);
#432 = AXIS2_PLACEMENT_3D('',#433,#434,#435);
#433 = CARTESIAN_POINT('',(153.,120.,658.167));
#434 = DIRECTION('',(0.,1.,-2.22044604925E-16));
#435 = DIRECTION('',(-1.,0.,0.));
#436 = ORIENTED_EDGE('',*,*,#312,.T.);
#437 = FACE_BOUND('',#438,.F.);
#438 = EDGE_LOOP('',(#439));
#439 = ORIENTED_EDGE('',*,*,#413,.F.);
#440 = PLANE('',#441);
#441 = AXIS2_PLACEMENT_3D('',#442,#443,#444);
#442 = CARTESIAN_POINT('',(198.,120.,613.167));
#443 = DIRECTION('',(0.,1.,-2.22044604925E-16));
#444 = DIRECTION('',(-1.,0.,0.));
#445 = ADVANCED_FACE('',(#446),#468,.T.);
#446 = FACE_BOUND('',#447,.T.);
#447 = EDGE_LOOP('',(#448,#456,#457,#458,#459,#460,#461));
#448 = ORIENTED_EDGE('',*,*,#449,.T.);
#449 = EDGE_CURVE('',#450,#276,#452,.T.);
#450 = VERTEX_POINT('',#451);
#451 = CARTESIAN_POINT('',(108.,-29.,658.167));
#452 = LINE('',#453,#454);
#453 = CARTESIAN_POINT('',(108.,-29.,658.167));
#454 = VECTOR('',#455,1.);
#455 = DIRECTION('',(0.,1.,-2.22044604925E-16));
#456 = ORIENTED_EDGE('',*,*,#275,.F.);
#457 = ORIENTED_EDGE('',*,*,#221,.F.);
#458 = ORIENTED_EDGE('',*,*,#248,.F.);
#459 = ORIENTED_EDGE('',*,*,#430,.F.);
#460 = ORIENTED_EDGE('',*,*,#449,.F.);
#461 = ORIENTED_EDGE('',*,*,#462,.T.);
#462 = EDGE_CURVE('',#450,#450,#463,.T.);
#463 = CIRCLE('',#464,45.);
#464 = AXIS2_PLACEMENT_3D('',#465,#466,#467);
#465 = CARTESIAN_POINT('',(153.,-29.,658.167));
#466 = DIRECTION('',(0.,1.,-2.22044604925E-16));
#467 = DIRECTION('',(-1.,0.,0.));
#468 = CYLINDRICAL_SURFACE('',#469,45.);
#469 = AXIS2_PLACEMENT_3D('',#470,#471,#472);
#470 = CARTESIAN_POINT('',(153.,-29.,658.167));
#471 = DIRECTION('',(0.,1.,-2.22044604925E-16));
#472 = DIRECTION('',(-1.,0.,0.));
#473 = ADVANCED_FACE('',(#474,#477),#521,.T.);
#474 = FACE_BOUND('',#475,.T.);
#475 = EDGE_LOOP('',(#476));
#476 = ORIENTED_EDGE('',*,*,#379,.T.);
#477 = FACE_BOUND('',#478,.T.);
#478 = EDGE_LOOP('',(#479,#490,#498,#506,#514));
#479 = ORIENTED_EDGE('',*,*,#480,.F.);
#480 = EDGE_CURVE('',#481,#483,#485,.T.);
#481 = VERTEX_POINT('',#482);
#482 = CARTESIAN_POINT('',(155.,183.,681.82385424949));
#483 = VERTEX_POINT('',#484);
#484 = CARTESIAN_POINT('',(147.,183.,676.167));
#485 = CIRCLE('',#486,6.);
#486 = AXIS2_PLACEMENT_3D('',#487,#488,#489);
#487 = CARTESIAN_POINT('',(153.,183.,676.167));
#488 = DIRECTION('',(0.,1.,-2.22044604925E-16));
#489 = DIRECTION('',(-1.,0.,0.));
#490 = ORIENTED_EDGE('',*,*,#491,.F.);
#491 = EDGE_CURVE('',#492,#481,#494,.T.);
#492 = VERTEX_POINT('',#493);
#493 = CARTESIAN_POINT('',(155.,183.,679.667));
#494 = LINE('',#495,#496);
#495 = CARTESIAN_POINT('',(155.,183.,679.667));
#496 = VECTOR('',#497,1.);
#497 = DIRECTION('',(0.,2.22044604925E-16,1.));
#498 = ORIENTED_EDGE('',*,*,#499,.T.);
#499 = EDGE_CURVE('',#492,#500,#502,.T.);
#500 = VERTEX_POINT('',#501);
#501 = CARTESIAN_POINT('',(151.,183.,679.667));
#502 = LINE('',#503,#504);
#503 = CARTESIAN_POINT('',(155.,183.,679.667));
#504 = VECTOR('',#505,1.);
#505 = DIRECTION('',(-1.,0.,0.));
#506 = ORIENTED_EDGE('',*,*,#507,.T.);
#507 = EDGE_CURVE('',#500,#508,#510,.T.);
#508 = VERTEX_POINT('',#509);
#509 = CARTESIAN_POINT('',(151.,183.,681.82385424949));
#510 = LINE('',#511,#512);
#511 = CARTESIAN_POINT('',(151.,183.,679.667));
#512 = VECTOR('',#513,1.);
#513 = DIRECTION('',(0.,2.22044604925E-16,1.));
#514 = ORIENTED_EDGE('',*,*,#515,.F.);
#515 = EDGE_CURVE('',#483,#508,#516,.T.);
#516 = CIRCLE('',#517,6.);
#517 = AXIS2_PLACEMENT_3D('',#518,#519,#520);
#518 = CARTESIAN_POINT('',(153.,183.,676.167));
#519 = DIRECTION('',(0.,1.,-2.22044604925E-16));
#520 = DIRECTION('',(-1.,0.,0.));
#521 = PLANE('',#522);
#522 = AXIS2_PLACEMENT_3D('',#523,#524,#525);
#523 = CARTESIAN_POINT('',(153.,183.,676.167));
#524 = DIRECTION('',(0.,1.,-2.22044604925E-16));
#525 = DIRECTION('',(-1.,0.,0.));
#526 = ADVANCED_FACE('',(#527),#530,.F.);
#527 = FACE_BOUND('',#528,.T.);
#528 = EDGE_LOOP('',(#529));
#529 = ORIENTED_EDGE('',*,*,#462,.F.);
#530 = PLANE('',#531);
#531 = AXIS2_PLACEMENT_3D('',#532,#533,#534);
#532 = CARTESIAN_POINT('',(153.,-29.,658.167));
#533 = DIRECTION('',(0.,1.,-2.22044604925E-16));
#534 = DIRECTION('',(-1.,0.,0.));
#535 = ADVANCED_FACE('',(#536),#579,.T.);
#536 = FACE_BOUND('',#537,.T.);
#537 = EDGE_LOOP('',(#538,#539,#547,#554,#555,#556,#564,#573));
#538 = ORIENTED_EDGE('',*,*,#480,.T.);
#539 = ORIENTED_EDGE('',*,*,#540,.T.);
#540 = EDGE_CURVE('',#483,#541,#543,.T.);
#541 = VERTEX_POINT('',#542);
#542 = CARTESIAN_POINT('',(147.,212.,676.167));
#543 = LINE('',#544,#545);
#544 = CARTESIAN_POINT('',(147.,180.,676.167));
#545 = VECTOR('',#546,1.);
#546 = DIRECTION('',(0.,1.,-2.22044604925E-16));
#547 = ORIENTED_EDGE('',*,*,#548,.F.);
#548 = EDGE_CURVE('',#541,#541,#549,.T.);
#549 = CIRCLE('',#550,6.);
#550 = AXIS2_PLACEMENT_3D('',#551,#552,#553);
#551 = CARTESIAN_POINT('',(153.,212.,676.167));
#552 = DIRECTION('',(0.,1.,-2.22044604925E-16));
#553 = DIRECTION('',(-1.,0.,0.));
#554 = ORIENTED_EDGE('',*,*,#540,.F.);
#555 = ORIENTED_EDGE('',*,*,#515,.T.);
#556 = ORIENTED_EDGE('',*,*,#557,.T.);
#557 = EDGE_CURVE('',#508,#558,#560,.T.);
#558 = VERTEX_POINT('',#559);
#559 = CARTESIAN_POINT('',(151.,208.,681.82385424949));
#560 = LINE('',#561,#562);
#561 = CARTESIAN_POINT('',(151.,180.,681.82385424949));
#562 = VECTOR('',#563,1.);
#563 = DIRECTION('',(0.,1.,-2.22044604925E-16));
#564 = ORIENTED_EDGE('',*,*,#565,.T.);
#565 = EDGE_CURVE('',#558,#566,#568,.T.);
#566 = VERTEX_POINT('',#567);
#567 = CARTESIAN_POINT('',(155.,208.,681.82385424949));
#568 = CIRCLE('',#569,6.);
#569 = AXIS2_PLACEMENT_3D('',#570,#571,#572);
#570 = CARTESIAN_POINT('',(153.,208.,676.167));
#571 = DIRECTION('',(0.,1.,-2.22044604925E-16));
#572 = DIRECTION('',(-1.,0.,0.));
#573 = ORIENTED_EDGE('',*,*,#574,.F.);
#574 = EDGE_CURVE('',#481,#566,#575,.T.);
#575 = LINE('',#576,#577);
#576 = CARTESIAN_POINT('',(155.,180.,681.82385424949));
#577 = VECTOR('',#578,1.);
#578 = DIRECTION('',(0.,1.,-2.22044604925E-16));
#579 = CYLINDRICAL_SURFACE('',#580,6.);
#580 = AXIS2_PLACEMENT_3D('',#581,#582,#583);
#581 = CARTESIAN_POINT('',(153.,180.,676.167));
#582 = DIRECTION('',(0.,1.,-2.22044604925E-16));
#583 = DIRECTION('',(-1.,0.,0.));
#584 = ADVANCED_FACE('',(#585),#603,.T.);
#585 = FACE_BOUND('',#586,.T.);
#586 = EDGE_LOOP('',(#587,#595,#601,#602));
#587 = ORIENTED_EDGE('',*,*,#588,.F.);
#588 = EDGE_CURVE('',#589,#566,#591,.T.);
#589 = VERTEX_POINT('',#590);
#590 = CARTESIAN_POINT('',(155.,208.,679.667));
#591 = LINE('',#592,#593);
#592 = CARTESIAN_POINT('',(155.,208.,679.667));
#593 = VECTOR('',#594,1.);
#594 = DIRECTION('',(0.,2.22044604925E-16,1.));
#595 = ORIENTED_EDGE('',*,*,#596,.F.);
#596 = EDGE_CURVE('',#492,#589,#597,.T.);
#597 = LINE('',#598,#599);
#598 = CARTESIAN_POINT('',(155.,183.,679.667));
#599 = VECTOR('',#600,1.);
#600 = DIRECTION('',(0.,1.,-2.22044604925E-16));
#601 = ORIENTED_EDGE('',*,*,#491,.T.);
#602 = ORIENTED_EDGE('',*,*,#574,.T.);
#603 = PLANE('',#604);
#604 = AXIS2_PLACEMENT_3D('',#605,#606,#607);
#605 = CARTESIAN_POINT('',(155.,183.,679.667));
#606 = DIRECTION('',(-1.,0.,0.));
#607 = DIRECTION('',(0.,1.,-2.22044604925E-16));
#608 = ADVANCED_FACE('',(#609),#627,.T.);
#609 = FACE_BOUND('',#610,.T.);
#610 = EDGE_LOOP('',(#611,#612,#613,#621));
#611 = ORIENTED_EDGE('',*,*,#499,.F.);
#612 = ORIENTED_EDGE('',*,*,#596,.T.);
#613 = ORIENTED_EDGE('',*,*,#614,.T.);
#614 = EDGE_CURVE('',#589,#615,#617,.T.);
#615 = VERTEX_POINT('',#616);
#616 = CARTESIAN_POINT('',(151.,208.,679.667));
#617 = LINE('',#618,#619);
#618 = CARTESIAN_POINT('',(155.,208.,679.667));
#619 = VECTOR('',#620,1.);
#620 = DIRECTION('',(-1.,0.,0.));
#621 = ORIENTED_EDGE('',*,*,#622,.F.);
#622 = EDGE_CURVE('',#500,#615,#623,.T.);
#623 = LINE('',#624,#625);
#624 = CARTESIAN_POINT('',(151.,183.,679.667));
#625 = VECTOR('',#626,1.);
#626 = DIRECTION('',(0.,1.,-2.22044604925E-16));
#627 = PLANE('',#628);
#628 = AXIS2_PLACEMENT_3D('',#629,#630,#631);
#629 = CARTESIAN_POINT('',(155.,183.,679.667));
#630 = DIRECTION('',(0.,2.22044604925E-16,1.));
#631 = DIRECTION('',(0.,1.,-2.22044604925E-16));
#632 = ADVANCED_FACE('',(#633),#644,.F.);
#633 = FACE_BOUND('',#634,.F.);
#634 = EDGE_LOOP('',(#635,#641,#642,#643));
#635 = ORIENTED_EDGE('',*,*,#636,.F.);
#636 = EDGE_CURVE('',#615,#558,#637,.T.);
#637 = LINE('',#638,#639);
#638 = CARTESIAN_POINT('',(151.,208.,679.667));
#639 = VECTOR('',#640,1.);
#640 = DIRECTION('',(0.,2.22044604925E-16,1.));
#641 = ORIENTED_EDGE('',*,*,#622,.F.);
#642 = ORIENTED_EDGE('',*,*,#507,.T.);
#643 = ORIENTED_EDGE('',*,*,#557,.T.);
#644 = PLANE('',#645);
#645 = AXIS2_PLACEMENT_3D('',#646,#647,#648);
#646 = CARTESIAN_POINT('',(151.,183.,679.667));
#647 = DIRECTION('',(-1.,0.,0.));
#648 = DIRECTION('',(0.,1.,-2.22044604925E-16));
#649 = ADVANCED_FACE('',(#650),#656,.F.);
#650 = FACE_BOUND('',#651,.F.);
#651 = EDGE_LOOP('',(#652,#653,#654,#655));
#652 = ORIENTED_EDGE('',*,*,#588,.F.);
#653 = ORIENTED_EDGE('',*,*,#614,.T.);
#654 = ORIENTED_EDGE('',*,*,#636,.T.);
#655 = ORIENTED_EDGE('',*,*,#565,.T.);
#656 = PLANE('',#657);
#657 = AXIS2_PLACEMENT_3D('',#658,#659,#660);
#658 = CARTESIAN_POINT('',(155.,208.,679.667));
#659 = DIRECTION('',(0.,1.,-2.22044604925E-16));
#660 = DIRECTION('',(-1.,0.,0.));
#661 = ADVANCED_FACE('',(#662),#665,.T.);
#662 = FACE_BOUND('',#663,.T.);
#663 = EDGE_LOOP('',(#664));
#664 = ORIENTED_EDGE('',*,*,#548,.T.);
#665 = PLANE('',#666);
#666 = AXIS2_PLACEMENT_3D('',#667,#668,#669);
#667 = CARTESIAN_POINT('',(153.,212.,676.167));
#668 = DIRECTION('',(0.,1.,-2.22044604925E-16));
#669 = DIRECTION('',(-1.,0.,0.));
#670 = MANIFOLD_SOLID_BREP('',#671);
#671 = CLOSED_SHELL('',(#672,#720,#759,#838,#870,#898,#926,#961,#979,
    #996,#1013,#1030,#1055,#1080,#1100,#1128,#1181,#1190,#1239,#1263,
    #1287,#1304,#1316));
#672 = ADVANCED_FACE('',(#673),#715,.F.);
#673 = FACE_BOUND('',#674,.F.);
#674 = EDGE_LOOP('',(#675,#685,#693,#701,#709));
#675 = ORIENTED_EDGE('',*,*,#676,.F.);
#676 = EDGE_CURVE('',#677,#679,#681,.T.);
#677 = VERTEX_POINT('',#678);
#678 = CARTESIAN_POINT('',(383.,537.,337.));
#679 = VERTEX_POINT('',#680);
#680 = CARTESIAN_POINT('',(383.,477.,337.));
#681 = LINE('',#682,#683);
#682 = CARTESIAN_POINT('',(383.,537.,337.));
#683 = VECTOR('',#684,1.);
#684 = DIRECTION('',(0.,-1.,0.));
#685 = ORIENTED_EDGE('',*,*,#686,.T.);
#686 = EDGE_CURVE('',#677,#687,#689,.T.);
#687 = VERTEX_POINT('',#688);
#688 = CARTESIAN_POINT('',(337.9999999086,537.,337.));
#689 = LINE('',#690,#691);
#690 = CARTESIAN_POINT('',(383.,537.,337.));
#691 = VECTOR('',#692,1.);
#692 = DIRECTION('',(-1.,0.,0.));
#693 = ORIENTED_EDGE('',*,*,#694,.T.);
#694 = EDGE_CURVE('',#687,#695,#697,.T.);
#695 = VERTEX_POINT('',#696);
#696 = CARTESIAN_POINT('',(293.,537.,337.));
#697 = LINE('',#698,#699);
#698 = CARTESIAN_POINT('',(383.,537.,337.));
#699 = VECTOR('',#700,1.);
#700 = DIRECTION('',(-1.,0.,0.));
#701 = ORIENTED_EDGE('',*,*,#702,.T.);
#702 = EDGE_CURVE('',#695,#703,#705,.T.);
#703 = VERTEX_POINT('',#704);
#704 = CARTESIAN_POINT('',(293.,477.,337.));
#705 = LINE('',#706,#707);
#706 = CARTESIAN_POINT('',(293.,537.,337.));
#707 = VECTOR('',#708,1.);
#708 = DIRECTION('',(0.,-1.,0.));
#709 = ORIENTED_EDGE('',*,*,#710,.F.);
#710 = EDGE_CURVE('',#679,#703,#711,.T.);
#711 = LINE('',#712,#713);
#712 = CARTESIAN_POINT('',(383.,477.,337.));
#713 = VECTOR('',#714,1.);
#714 = DIRECTION('',(-1.,0.,0.));
#715 = PLANE('',#716);
#716 = AXIS2_PLACEMENT_3D('',#717,#718,#719);
#717 = CARTESIAN_POINT('',(383.,537.,337.));
#718 = DIRECTION('',(0.,0.,1.));
#719 = DIRECTION('',(0.,-1.,0.));
#720 = ADVANCED_FACE('',(#721),#754,.F.);
#721 = FACE_BOUND('',#722,.F.);
#722 = EDGE_LOOP('',(#723,#731,#732,#740,#748));
#723 = ORIENTED_EDGE('',*,*,#724,.F.);
#724 = EDGE_CURVE('',#677,#725,#727,.T.);
#725 = VERTEX_POINT('',#726);
#726 = CARTESIAN_POINT('',(383.,537.,381.99999996064));
#727 = LINE('',#728,#729);
#728 = CARTESIAN_POINT('',(383.,537.,337.));
#729 = VECTOR('',#730,1.);
#730 = DIRECTION('',(0.,0.,1.));
#731 = ORIENTED_EDGE('',*,*,#676,.T.);
#732 = ORIENTED_EDGE('',*,*,#733,.T.);
#733 = EDGE_CURVE('',#679,#734,#736,.T.);
#734 = VERTEX_POINT('',#735);
#735 = CARTESIAN_POINT('',(383.,477.,427.));
#736 = LINE('',#737,#738);
#737 = CARTESIAN_POINT('',(383.,477.,337.));
#738 = VECTOR('',#739,1.);
#739 = DIRECTION('',(0.,0.,1.));
#740 = ORIENTED_EDGE('',*,*,#741,.F.);
#741 = EDGE_CURVE('',#742,#734,#744,.T.);
#742 = VERTEX_POINT('',#743);
#743 = CARTESIAN_POINT('',(383.,537.,427.));
#744 = LINE('',#745,#746);
#745 = CARTESIAN_POINT('',(383.,537.,427.));
#746 = VECTOR('',#747,1.);
#747 = DIRECTION('',(0.,-1.,0.));
#748 = ORIENTED_EDGE('',*,*,#749,.F.);
#749 = EDGE_CURVE('',#725,#742,#750,.T.);
#750 = LINE('',#751,#752);
#751 = CARTESIAN_POINT('',(383.,537.,337.));
#752 = VECTOR('',#753,1.);
#753 = DIRECTION('',(0.,0.,1.));
#754 = PLANE('',#755);
#755 = AXIS2_PLACEMENT_3D('',#756,#757,#758);
#756 = CARTESIAN_POINT('',(383.,537.,337.));
#757 = DIRECTION('',(-1.,0.,0.));
#758 = DIRECTION('',(0.,-1.,0.));
#759 = ADVANCED_FACE('',(#760,#778,#789,#800,#811,#822),#833,.T.);
#760 = FACE_BOUND('',#761,.T.);
#761 = EDGE_LOOP('',(#762,#763,#764,#772));
#762 = ORIENTED_EDGE('',*,*,#710,.F.);
#763 = ORIENTED_EDGE('',*,*,#733,.T.);
#764 = ORIENTED_EDGE('',*,*,#765,.T.);
#765 = EDGE_CURVE('',#734,#766,#768,.T.);
#766 = VERTEX_POINT('',#767);
#767 = CARTESIAN_POINT('',(293.,477.,427.));
#768 = LINE('',#769,#770);
#769 = CARTESIAN_POINT('',(383.,477.,427.));
#770 = VECTOR('',#771,1.);
#771 = DIRECTION('',(-1.,0.,0.));
#772 = ORIENTED_EDGE('',*,*,#773,.F.);
#773 = EDGE_CURVE('',#703,#766,#774,.T.);
#774 = LINE('',#775,#776);
#775 = CARTESIAN_POINT('',(293.,477.,337.));
#776 = VECTOR('',#777,1.);
#777 = DIRECTION('',(0.,0.,1.));
#778 = FACE_BOUND('',#779,.T.);
#779 = EDGE_LOOP('',(#780));
#780 = ORIENTED_EDGE('',*,*,#781,.F.);
#781 = EDGE_CURVE('',#782,#782,#784,.T.);
#782 = VERTEX_POINT('',#783);
#783 = CARTESIAN_POINT('',(374.7695526217,477.,348.4804473783));
#784 = CIRCLE('',#785,3.25);
#785 = AXIS2_PLACEMENT_3D('',#786,#787,#788);
#786 = CARTESIAN_POINT('',(374.7695526217,477.,345.2304473783));
#787 = DIRECTION('',(0.,-1.,0.));
#788 = DIRECTION('',(0.,0.,1.));
#789 = FACE_BOUND('',#790,.T.);
#790 = EDGE_LOOP('',(#791));
#791 = ORIENTED_EDGE('',*,*,#792,.F.);
#792 = EDGE_CURVE('',#793,#793,#795,.T.);
#793 = VERTEX_POINT('',#794);
#794 = CARTESIAN_POINT('',(374.7695526217,477.,422.0195526217));
#795 = CIRCLE('',#796,3.25);
#796 = AXIS2_PLACEMENT_3D('',#797,#798,#799);
#797 = CARTESIAN_POINT('',(374.7695526217,477.,418.7695526217));
#798 = DIRECTION('',(0.,-1.,0.));
#799 = DIRECTION('',(0.,0.,1.));
#800 = FACE_BOUND('',#801,.T.);
#801 = EDGE_LOOP('',(#802));
#802 = ORIENTED_EDGE('',*,*,#803,.F.);
#803 = EDGE_CURVE('',#804,#804,#806,.T.);
#804 = VERTEX_POINT('',#805);
#805 = CARTESIAN_POINT('',(301.2304473783,477.,348.4804473783));
#806 = CIRCLE('',#807,3.25);
#807 = AXIS2_PLACEMENT_3D('',#808,#809,#810);
#808 = CARTESIAN_POINT('',(301.2304473783,477.,345.2304473783));
#809 = DIRECTION('',(0.,-1.,0.));
#810 = DIRECTION('',(0.,0.,1.));
#811 = FACE_BOUND('',#812,.T.);
#812 = EDGE_LOOP('',(#813));
#813 = ORIENTED_EDGE('',*,*,#814,.F.);
#814 = EDGE_CURVE('',#815,#815,#817,.T.);
#815 = VERTEX_POINT('',#816);
#816 = CARTESIAN_POINT('',(320.,477.,400.));
#817 = CIRCLE('',#818,18.);
#818 = AXIS2_PLACEMENT_3D('',#819,#820,#821);
#819 = CARTESIAN_POINT('',(320.,477.,382.));
#820 = DIRECTION('',(0.,-1.,0.));
#821 = DIRECTION('',(0.,0.,1.));
#822 = FACE_BOUND('',#823,.T.);
#823 = EDGE_LOOP('',(#824));
#824 = ORIENTED_EDGE('',*,*,#825,.F.);
#825 = EDGE_CURVE('',#826,#826,#828,.T.);
#826 = VERTEX_POINT('',#827);
#827 = CARTESIAN_POINT('',(301.2304473783,477.,422.0195526217));
#828 = CIRCLE('',#829,3.25);
#829 = AXIS2_PLACEMENT_3D('',#830,#831,#832);
#830 = CARTESIAN_POINT('',(301.2304473783,477.,418.7695526217));
#831 = DIRECTION('',(0.,-1.,0.));
#832 = DIRECTION('',(0.,0.,1.));
#833 = PLANE('',#834);
#834 = AXIS2_PLACEMENT_3D('',#835,#836,#837);
#835 = CARTESIAN_POINT('',(383.,477.,337.));
#836 = DIRECTION('',(0.,-1.,0.));
#837 = DIRECTION('',(0.,0.,1.));
#838 = ADVANCED_FACE('',(#839),#865,.T.);
#839 = FACE_BOUND('',#840,.T.);
#840 = EDGE_LOOP('',(#841,#849,#850,#851,#859));
#841 = ORIENTED_EDGE('',*,*,#842,.F.);
#842 = EDGE_CURVE('',#695,#843,#845,.T.);
#843 = VERTEX_POINT('',#844);
#844 = CARTESIAN_POINT('',(293.,537.,381.99999994442));
#845 = LINE('',#846,#847);
#846 = CARTESIAN_POINT('',(293.,537.,337.));
#847 = VECTOR('',#848,1.);
#848 = DIRECTION('',(0.,0.,1.));
#849 = ORIENTED_EDGE('',*,*,#702,.T.);
#850 = ORIENTED_EDGE('',*,*,#773,.T.);
#851 = ORIENTED_EDGE('',*,*,#852,.F.);
#852 = EDGE_CURVE('',#853,#766,#855,.T.);
#853 = VERTEX_POINT('',#854);
#854 = CARTESIAN_POINT('',(293.,537.,427.));
#855 = LINE('',#856,#857);
#856 = CARTESIAN_POINT('',(293.,537.,427.));
#857 = VECTOR('',#858,1.);
#858 = DIRECTION('',(0.,-1.,0.));
#859 = ORIENTED_EDGE('',*,*,#860,.F.);
#860 = EDGE_CURVE('',#843,#853,#861,.T.);
#861 = LINE('',#862,#863);
#862 = CARTESIAN_POINT('',(293.,537.,337.));
#863 = VECTOR('',#864,1.);
#864 = DIRECTION('',(0.,0.,1.));
#865 = PLANE('',#866);
#866 = AXIS2_PLACEMENT_3D('',#867,#868,#869);
#867 = CARTESIAN_POINT('',(293.,537.,337.));
#868 = DIRECTION('',(-1.,0.,0.));
#869 = DIRECTION('',(0.,-1.,0.));
#870 = ADVANCED_FACE('',(#871,#882),#893,.F.);
#871 = FACE_BOUND('',#872,.F.);
#872 = EDGE_LOOP('',(#873,#874,#875));
#873 = ORIENTED_EDGE('',*,*,#686,.F.);
#874 = ORIENTED_EDGE('',*,*,#724,.T.);
#875 = ORIENTED_EDGE('',*,*,#876,.F.);
#876 = EDGE_CURVE('',#687,#725,#877,.T.);
#877 = CIRCLE('',#878,45.);
#878 = AXIS2_PLACEMENT_3D('',#879,#880,#881);
#879 = CARTESIAN_POINT('',(338.,537.,382.));
#880 = DIRECTION('',(0.,-1.,0.));
#881 = DIRECTION('',(0.,0.,1.));
#882 = FACE_BOUND('',#883,.F.);
#883 = EDGE_LOOP('',(#884));
#884 = ORIENTED_EDGE('',*,*,#885,.F.);
#885 = EDGE_CURVE('',#886,#886,#888,.T.);
#886 = VERTEX_POINT('',#887);
#887 = CARTESIAN_POINT('',(374.7695526217,537.,348.4804473783));
#888 = CIRCLE('',#889,3.25);
#889 = AXIS2_PLACEMENT_3D('',#890,#891,#892);
#890 = CARTESIAN_POINT('',(374.7695526217,537.,345.2304473783));
#891 = DIRECTION('',(0.,-1.,0.));
#892 = DIRECTION('',(0.,0.,1.));
#893 = PLANE('',#894);
#894 = AXIS2_PLACEMENT_3D('',#895,#896,#897);
#895 = CARTESIAN_POINT('',(383.,537.,337.));
#896 = DIRECTION('',(0.,-1.,0.));
#897 = DIRECTION('',(0.,0.,1.));
#898 = ADVANCED_FACE('',(#899,#910),#921,.F.);
#899 = FACE_BOUND('',#900,.F.);
#900 = EDGE_LOOP('',(#901,#902,#909));
#901 = ORIENTED_EDGE('',*,*,#694,.F.);
#902 = ORIENTED_EDGE('',*,*,#903,.F.);
#903 = EDGE_CURVE('',#843,#687,#904,.T.);
#904 = CIRCLE('',#905,45.);
#905 = AXIS2_PLACEMENT_3D('',#906,#907,#908);
#906 = CARTESIAN_POINT('',(338.,537.,382.));
#907 = DIRECTION('',(0.,-1.,0.));
#908 = DIRECTION('',(0.,0.,1.));
#909 = ORIENTED_EDGE('',*,*,#842,.F.);
#910 = FACE_BOUND('',#911,.F.);
#911 = EDGE_LOOP('',(#912));
#912 = ORIENTED_EDGE('',*,*,#913,.F.);
#913 = EDGE_CURVE('',#914,#914,#916,.T.);
#914 = VERTEX_POINT('',#915);
#915 = CARTESIAN_POINT('',(301.2304473783,537.,348.4804473783));
#916 = CIRCLE('',#917,3.25);
#917 = AXIS2_PLACEMENT_3D('',#918,#919,#920);
#918 = CARTESIAN_POINT('',(301.2304473783,537.,345.2304473783));
#919 = DIRECTION('',(0.,-1.,0.));
#920 = DIRECTION('',(0.,0.,1.));
#921 = PLANE('',#922);
#922 = AXIS2_PLACEMENT_3D('',#923,#924,#925);
#923 = CARTESIAN_POINT('',(383.,537.,337.));
#924 = DIRECTION('',(0.,-1.,0.));
#925 = DIRECTION('',(0.,0.,1.));
#926 = ADVANCED_FACE('',(#927,#945),#956,.F.);
#927 = FACE_BOUND('',#928,.F.);
#928 = EDGE_LOOP('',(#929,#938,#939));
#929 = ORIENTED_EDGE('',*,*,#930,.F.);
#930 = EDGE_CURVE('',#725,#931,#933,.T.);
#931 = VERTEX_POINT('',#932);
#932 = CARTESIAN_POINT('',(338.,537.,427.));
#933 = CIRCLE('',#934,45.);
#934 = AXIS2_PLACEMENT_3D('',#935,#936,#937);
#935 = CARTESIAN_POINT('',(338.,537.,382.));
#936 = DIRECTION('',(0.,-1.,0.));
#937 = DIRECTION('',(0.,0.,1.));
#938 = ORIENTED_EDGE('',*,*,#749,.T.);
#939 = ORIENTED_EDGE('',*,*,#940,.T.);
#940 = EDGE_CURVE('',#742,#931,#941,.T.);
#941 = LINE('',#942,#943);
#942 = CARTESIAN_POINT('',(383.,537.,427.));
#943 = VECTOR('',#944,1.);
#944 = DIRECTION('',(-1.,0.,0.));
#945 = FACE_BOUND('',#946,.F.);
#946 = EDGE_LOOP('',(#947));
#947 = ORIENTED_EDGE('',*,*,#948,.F.);
#948 = EDGE_CURVE('',#949,#949,#951,.T.);
#949 = VERTEX_POINT('',#950);
#950 = CARTESIAN_POINT('',(374.7695526217,537.,422.0195526217));
#951 = CIRCLE('',#952,3.25);
#952 = AXIS2_PLACEMENT_3D('',#953,#954,#955);
#953 = CARTESIAN_POINT('',(374.7695526217,537.,418.7695526217));
#954 = DIRECTION('',(0.,-1.,0.));
#955 = DIRECTION('',(0.,0.,1.));
#956 = PLANE('',#957);
#957 = AXIS2_PLACEMENT_3D('',#958,#959,#960);
#958 = CARTESIAN_POINT('',(383.,537.,337.));
#959 = DIRECTION('',(0.,-1.,0.));
#960 = DIRECTION('',(0.,0.,1.));
#961 = ADVANCED_FACE('',(#962),#974,.T.);
#962 = FACE_BOUND('',#963,.T.);
#963 = EDGE_LOOP('',(#964,#965,#966,#972,#973));
#964 = ORIENTED_EDGE('',*,*,#741,.F.);
#965 = ORIENTED_EDGE('',*,*,#940,.T.);
#966 = ORIENTED_EDGE('',*,*,#967,.T.);
#967 = EDGE_CURVE('',#931,#853,#968,.T.);
#968 = LINE('',#969,#970);
#969 = CARTESIAN_POINT('',(383.,537.,427.));
#970 = VECTOR('',#971,1.);
#971 = DIRECTION('',(-1.,0.,0.));
#972 = ORIENTED_EDGE('',*,*,#852,.T.);
#973 = ORIENTED_EDGE('',*,*,#765,.F.);
#974 = PLANE('',#975);
#975 = AXIS2_PLACEMENT_3D('',#976,#977,#978);
#976 = CARTESIAN_POINT('',(383.,537.,427.));
#977 = DIRECTION('',(0.,0.,1.));
#978 = DIRECTION('',(0.,-1.,0.));
#979 = ADVANCED_FACE('',(#980),#991,.F.);
#980 = FACE_BOUND('',#981,.F.);
#981 = EDGE_LOOP('',(#982,#983,#989,#990));
#982 = ORIENTED_EDGE('',*,*,#781,.F.);
#983 = ORIENTED_EDGE('',*,*,#984,.F.);
#984 = EDGE_CURVE('',#886,#782,#985,.T.);
#985 = LINE('',#986,#987);
#986 = CARTESIAN_POINT('',(374.7695526217,537.,348.4804473783));
#987 = VECTOR('',#988,1.);
#988 = DIRECTION('',(0.,-1.,0.));
#989 = ORIENTED_EDGE('',*,*,#885,.T.);
#990 = ORIENTED_EDGE('',*,*,#984,.T.);
#991 = CYLINDRICAL_SURFACE('',#992,3.25);
#992 = AXIS2_PLACEMENT_3D('',#993,#994,#995);
#993 = CARTESIAN_POINT('',(374.7695526217,537.,345.2304473783));
#994 = DIRECTION('',(0.,-1.,0.));
#995 = DIRECTION('',(0.,0.,1.));
#996 = ADVANCED_FACE('',(#997),#1008,.F.);
#997 = FACE_BOUND('',#998,.F.);
#998 = EDGE_LOOP('',(#999,#1000,#1006,#1007));
#999 = ORIENTED_EDGE('',*,*,#792,.F.);
#1000 = ORIENTED_EDGE('',*,*,#1001,.F.);
#1001 = EDGE_CURVE('',#949,#793,#1002,.T.);
#1002 = LINE('',#1003,#1004);
#1003 = CARTESIAN_POINT('',(374.7695526217,537.,422.0195526217));
#1004 = VECTOR('',#1005,1.);
#1005 = DIRECTION('',(0.,-1.,0.));
#1006 = ORIENTED_EDGE('',*,*,#948,.T.);
#1007 = ORIENTED_EDGE('',*,*,#1001,.T.);
#1008 = CYLINDRICAL_SURFACE('',#1009,3.25);
#1009 = AXIS2_PLACEMENT_3D('',#1010,#1011,#1012);
#1010 = CARTESIAN_POINT('',(374.7695526217,537.,418.7695526217));
#1011 = DIRECTION('',(0.,-1.,0.));
#1012 = DIRECTION('',(0.,0.,1.));
#1013 = ADVANCED_FACE('',(#1014),#1025,.F.);
#1014 = FACE_BOUND('',#1015,.F.);
#1015 = EDGE_LOOP('',(#1016,#1017,#1023,#1024));
#1016 = ORIENTED_EDGE('',*,*,#803,.F.);
#1017 = ORIENTED_EDGE('',*,*,#1018,.F.);
#1018 = EDGE_CURVE('',#914,#804,#1019,.T.);
#1019 = LINE('',#1020,#1021);
#1020 = CARTESIAN_POINT('',(301.2304473783,537.,348.4804473783));
#1021 = VECTOR('',#1022,1.);
#1022 = DIRECTION('',(0.,-1.,0.));
#1023 = ORIENTED_EDGE('',*,*,#913,.T.);
#1024 = ORIENTED_EDGE('',*,*,#1018,.T.);
#1025 = CYLINDRICAL_SURFACE('',#1026,3.25);
#1026 = AXIS2_PLACEMENT_3D('',#1027,#1028,#1029);
#1027 = CARTESIAN_POINT('',(301.2304473783,537.,345.2304473783));
#1028 = DIRECTION('',(0.,-1.,0.));
#1029 = DIRECTION('',(0.,0.,1.));
#1030 = ADVANCED_FACE('',(#1031),#1050,.T.);
#1031 = FACE_BOUND('',#1032,.T.);
#1032 = EDGE_LOOP('',(#1033,#1042,#1048,#1049));
#1033 = ORIENTED_EDGE('',*,*,#1034,.F.);
#1034 = EDGE_CURVE('',#1035,#1035,#1037,.T.);
#1035 = VERTEX_POINT('',#1036);
#1036 = CARTESIAN_POINT('',(320.,474.,400.));
#1037 = CIRCLE('',#1038,18.);
#1038 = AXIS2_PLACEMENT_3D('',#1039,#1040,#1041);
#1039 = CARTESIAN_POINT('',(320.,474.,382.));
#1040 = DIRECTION('',(0.,-1.,0.));
#1041 = DIRECTION('',(0.,0.,1.));
#1042 = ORIENTED_EDGE('',*,*,#1043,.F.);
#1043 = EDGE_CURVE('',#815,#1035,#1044,.T.);
#1044 = LINE('',#1045,#1046);
#1045 = CARTESIAN_POINT('',(320.,477.,400.));
#1046 = VECTOR('',#1047,1.);
#1047 = DIRECTION('',(0.,-1.,0.));
#1048 = ORIENTED_EDGE('',*,*,#814,.T.);
#1049 = ORIENTED_EDGE('',*,*,#1043,.T.);
#1050 = CYLINDRICAL_SURFACE('',#1051,18.);
#1051 = AXIS2_PLACEMENT_3D('',#1052,#1053,#1054);
#1052 = CARTESIAN_POINT('',(320.,477.,382.));
#1053 = DIRECTION('',(0.,-1.,0.));
#1054 = DIRECTION('',(0.,0.,1.));
#1055 = ADVANCED_FACE('',(#1056),#1075,.F.);
#1056 = FACE_BOUND('',#1057,.F.);
#1057 = EDGE_LOOP('',(#1058,#1059,#1067,#1074));
#1058 = ORIENTED_EDGE('',*,*,#825,.F.);
#1059 = ORIENTED_EDGE('',*,*,#1060,.F.);
#1060 = EDGE_CURVE('',#1061,#826,#1063,.T.);
#1061 = VERTEX_POINT('',#1062);
#1062 = CARTESIAN_POINT('',(301.2304473783,537.,422.0195526217));
#1063 = LINE('',#1064,#1065);
#1064 = CARTESIAN_POINT('',(301.2304473783,537.,422.0195526217));
#1065 = VECTOR('',#1066,1.);
#1066 = DIRECTION('',(0.,-1.,0.));
#1067 = ORIENTED_EDGE('',*,*,#1068,.T.);
#1068 = EDGE_CURVE('',#1061,#1061,#1069,.T.);
#1069 = CIRCLE('',#1070,3.25);
#1070 = AXIS2_PLACEMENT_3D('',#1071,#1072,#1073);
#1071 = CARTESIAN_POINT('',(301.2304473783,537.,418.7695526217));
#1072 = DIRECTION('',(0.,-1.,0.));
#1073 = DIRECTION('',(0.,0.,1.));
#1074 = ORIENTED_EDGE('',*,*,#1060,.T.);
#1075 = CYLINDRICAL_SURFACE('',#1076,3.25);
#1076 = AXIS2_PLACEMENT_3D('',#1077,#1078,#1079);
#1077 = CARTESIAN_POINT('',(301.2304473783,537.,418.7695526217));
#1078 = DIRECTION('',(0.,-1.,0.));
#1079 = DIRECTION('',(0.,0.,1.));
#1080 = ADVANCED_FACE('',(#1081,#1092),#1095,.F.);
#1081 = FACE_BOUND('',#1082,.F.);
#1082 = EDGE_LOOP('',(#1083,#1084,#1091));
#1083 = ORIENTED_EDGE('',*,*,#860,.F.);
#1084 = ORIENTED_EDGE('',*,*,#1085,.F.);
#1085 = EDGE_CURVE('',#931,#843,#1086,.T.);
#1086 = CIRCLE('',#1087,45.);
#1087 = AXIS2_PLACEMENT_3D('',#1088,#1089,#1090);
#1088 = CARTESIAN_POINT('',(338.,537.,382.));
#1089 = DIRECTION('',(0.,-1.,0.));
#1090 = DIRECTION('',(0.,0.,1.));
#1091 = ORIENTED_EDGE('',*,*,#967,.T.);
#1092 = FACE_BOUND('',#1093,.F.);
#1093 = EDGE_LOOP('',(#1094));
#1094 = ORIENTED_EDGE('',*,*,#1068,.F.);
#1095 = PLANE('',#1096);
#1096 = AXIS2_PLACEMENT_3D('',#1097,#1098,#1099);
#1097 = CARTESIAN_POINT('',(383.,537.,337.));
#1098 = DIRECTION('',(0.,-1.,0.));
#1099 = DIRECTION('',(0.,0.,1.));
#1100 = ADVANCED_FACE('',(#1101),#1123,.T.);
#1101 = FACE_BOUND('',#1102,.T.);
#1102 = EDGE_LOOP('',(#1103,#1111,#1112,#1113,#1114,#1115,#1116));
#1103 = ORIENTED_EDGE('',*,*,#1104,.T.);
#1104 = EDGE_CURVE('',#1105,#931,#1107,.T.);
#1105 = VERTEX_POINT('',#1106);
#1106 = CARTESIAN_POINT('',(338.,686.,427.));
#1107 = LINE('',#1108,#1109);
#1108 = CARTESIAN_POINT('',(338.,686.,427.));
#1109 = VECTOR('',#1110,1.);
#1110 = DIRECTION('',(0.,-1.,0.));
#1111 = ORIENTED_EDGE('',*,*,#930,.F.);
#1112 = ORIENTED_EDGE('',*,*,#876,.F.);
#1113 = ORIENTED_EDGE('',*,*,#903,.F.);
#1114 = ORIENTED_EDGE('',*,*,#1085,.F.);
#1115 = ORIENTED_EDGE('',*,*,#1104,.F.);
#1116 = ORIENTED_EDGE('',*,*,#1117,.T.);
#1117 = EDGE_CURVE('',#1105,#1105,#1118,.T.);
#1118 = CIRCLE('',#1119,45.);
#1119 = AXIS2_PLACEMENT_3D('',#1120,#1121,#1122);
#1120 = CARTESIAN_POINT('',(338.,686.,382.));
#1121 = DIRECTION('',(0.,-1.,0.));
#1122 = DIRECTION('',(0.,0.,1.));
#1123 = CYLINDRICAL_SURFACE('',#1124,45.);
#1124 = AXIS2_PLACEMENT_3D('',#1125,#1126,#1127);
#1125 = CARTESIAN_POINT('',(338.,686.,382.));
#1126 = DIRECTION('',(0.,-1.,0.));
#1127 = DIRECTION('',(0.,0.,1.));
#1128 = ADVANCED_FACE('',(#1129,#1132),#1176,.T.);
#1129 = FACE_BOUND('',#1130,.T.);
#1130 = EDGE_LOOP('',(#1131));
#1131 = ORIENTED_EDGE('',*,*,#1034,.T.);
#1132 = FACE_BOUND('',#1133,.T.);
#1133 = EDGE_LOOP('',(#1134,#1145,#1153,#1161,#1169));
#1134 = ORIENTED_EDGE('',*,*,#1135,.F.);
#1135 = EDGE_CURVE('',#1136,#1138,#1140,.T.);
#1136 = VERTEX_POINT('',#1137);
#1137 = CARTESIAN_POINT('',(314.3431457505,474.,380.));
#1138 = VERTEX_POINT('',#1139);
#1139 = CARTESIAN_POINT('',(320.,474.,388.));
#1140 = CIRCLE('',#1141,6.);
#1141 = AXIS2_PLACEMENT_3D('',#1142,#1143,#1144);
#1142 = CARTESIAN_POINT('',(320.,474.,382.));
#1143 = DIRECTION('',(0.,-1.,0.));
#1144 = DIRECTION('',(0.,0.,1.));
#1145 = ORIENTED_EDGE('',*,*,#1146,.F.);
#1146 = EDGE_CURVE('',#1147,#1136,#1149,.T.);
#1147 = VERTEX_POINT('',#1148);
#1148 = CARTESIAN_POINT('',(316.5,474.,380.));
#1149 = LINE('',#1150,#1151);
#1150 = CARTESIAN_POINT('',(316.5,474.,380.));
#1151 = VECTOR('',#1152,1.);
#1152 = DIRECTION('',(-1.,0.,0.));
#1153 = ORIENTED_EDGE('',*,*,#1154,.T.);
#1154 = EDGE_CURVE('',#1147,#1155,#1157,.T.);
#1155 = VERTEX_POINT('',#1156);
#1156 = CARTESIAN_POINT('',(316.5,474.,384.));
#1157 = LINE('',#1158,#1159);
#1158 = CARTESIAN_POINT('',(316.5,474.,380.));
#1159 = VECTOR('',#1160,1.);
#1160 = DIRECTION('',(0.,0.,1.));
#1161 = ORIENTED_EDGE('',*,*,#1162,.T.);
#1162 = EDGE_CURVE('',#1155,#1163,#1165,.T.);
#1163 = VERTEX_POINT('',#1164);
#1164 = CARTESIAN_POINT('',(314.3431457505,474.,384.));
#1165 = LINE('',#1166,#1167);
#1166 = CARTESIAN_POINT('',(316.5,474.,384.));
#1167 = VECTOR('',#1168,1.);
#1168 = DIRECTION('',(-1.,0.,0.));
#1169 = ORIENTED_EDGE('',*,*,#1170,.F.);
#1170 = EDGE_CURVE('',#1138,#1163,#1171,.T.);
#1171 = CIRCLE('',#1172,6.);
#1172 = AXIS2_PLACEMENT_3D('',#1173,#1174,#1175);
#1173 = CARTESIAN_POINT('',(320.,474.,382.));
#1174 = DIRECTION('',(0.,-1.,0.));
#1175 = DIRECTION('',(0.,0.,1.));
#1176 = PLANE('',#1177);
#1177 = AXIS2_PLACEMENT_3D('',#1178,#1179,#1180);
#1178 = CARTESIAN_POINT('',(320.,474.,382.));
#1179 = DIRECTION('',(0.,-1.,0.));
#1180 = DIRECTION('',(0.,0.,1.));
#1181 = ADVANCED_FACE('',(#1182),#1185,.F.);
#1182 = FACE_BOUND('',#1183,.T.);
#1183 = EDGE_LOOP('',(#1184));
#1184 = ORIENTED_EDGE('',*,*,#1117,.F.);
#1185 = PLANE('',#1186);
#1186 = AXIS2_PLACEMENT_3D('',#1187,#1188,#1189);
#1187 = CARTESIAN_POINT('',(338.,686.,382.));
#1188 = DIRECTION('',(0.,-1.,0.));
#1189 = DIRECTION('',(0.,0.,1.));
#1190 = ADVANCED_FACE('',(#1191),#1234,.T.);
#1191 = FACE_BOUND('',#1192,.T.);
#1192 = EDGE_LOOP('',(#1193,#1194,#1202,#1209,#1210,#1211,#1219,#1228));
#1193 = ORIENTED_EDGE('',*,*,#1135,.T.);
#1194 = ORIENTED_EDGE('',*,*,#1195,.T.);
#1195 = EDGE_CURVE('',#1138,#1196,#1198,.T.);
#1196 = VERTEX_POINT('',#1197);
#1197 = CARTESIAN_POINT('',(320.,445.,388.));
#1198 = LINE('',#1199,#1200);
#1199 = CARTESIAN_POINT('',(320.,477.,388.));
#1200 = VECTOR('',#1201,1.);
#1201 = DIRECTION('',(0.,-1.,0.));
#1202 = ORIENTED_EDGE('',*,*,#1203,.F.);
#1203 = EDGE_CURVE('',#1196,#1196,#1204,.T.);
#1204 = CIRCLE('',#1205,6.);
#1205 = AXIS2_PLACEMENT_3D('',#1206,#1207,#1208);
#1206 = CARTESIAN_POINT('',(320.,445.,382.));
#1207 = DIRECTION('',(0.,-1.,0.));
#1208 = DIRECTION('',(0.,0.,1.));
#1209 = ORIENTED_EDGE('',*,*,#1195,.F.);
#1210 = ORIENTED_EDGE('',*,*,#1170,.T.);
#1211 = ORIENTED_EDGE('',*,*,#1212,.T.);
#1212 = EDGE_CURVE('',#1163,#1213,#1215,.T.);
#1213 = VERTEX_POINT('',#1214);
#1214 = CARTESIAN_POINT('',(314.3431457505,449.,384.));
#1215 = LINE('',#1216,#1217);
#1216 = CARTESIAN_POINT('',(314.3431457505,477.,384.));
#1217 = VECTOR('',#1218,1.);
#1218 = DIRECTION('',(0.,-1.,0.));
#1219 = ORIENTED_EDGE('',*,*,#1220,.T.);
#1220 = EDGE_CURVE('',#1213,#1221,#1223,.T.);
#1221 = VERTEX_POINT('',#1222);
#1222 = CARTESIAN_POINT('',(314.3431457505,449.,380.));
#1223 = CIRCLE('',#1224,6.);
#1224 = AXIS2_PLACEMENT_3D('',#1225,#1226,#1227);
#1225 = CARTESIAN_POINT('',(320.,449.,382.));
#1226 = DIRECTION('',(0.,-1.,0.));
#1227 = DIRECTION('',(0.,0.,1.));
#1228 = ORIENTED_EDGE('',*,*,#1229,.F.);
#1229 = EDGE_CURVE('',#1136,#1221,#1230,.T.);
#1230 = LINE('',#1231,#1232);
#1231 = CARTESIAN_POINT('',(314.3431457505,477.,380.));
#1232 = VECTOR('',#1233,1.);
#1233 = DIRECTION('',(0.,-1.,0.));
#1234 = CYLINDRICAL_SURFACE('',#1235,6.);
#1235 = AXIS2_PLACEMENT_3D('',#1236,#1237,#1238);
#1236 = CARTESIAN_POINT('',(320.,477.,382.));
#1237 = DIRECTION('',(0.,-1.,0.));
#1238 = DIRECTION('',(0.,0.,1.));
#1239 = ADVANCED_FACE('',(#1240),#1258,.T.);
#1240 = FACE_BOUND('',#1241,.T.);
#1241 = EDGE_LOOP('',(#1242,#1250,#1256,#1257));
#1242 = ORIENTED_EDGE('',*,*,#1243,.F.);
#1243 = EDGE_CURVE('',#1244,#1221,#1246,.T.);
#1244 = VERTEX_POINT('',#1245);
#1245 = CARTESIAN_POINT('',(316.5,449.,380.));
#1246 = LINE('',#1247,#1248);
#1247 = CARTESIAN_POINT('',(316.5,449.,380.));
#1248 = VECTOR('',#1249,1.);
#1249 = DIRECTION('',(-1.,0.,0.));
#1250 = ORIENTED_EDGE('',*,*,#1251,.F.);
#1251 = EDGE_CURVE('',#1147,#1244,#1252,.T.);
#1252 = LINE('',#1253,#1254);
#1253 = CARTESIAN_POINT('',(316.5,474.,380.));
#1254 = VECTOR('',#1255,1.);
#1255 = DIRECTION('',(0.,-1.,0.));
#1256 = ORIENTED_EDGE('',*,*,#1146,.T.);
#1257 = ORIENTED_EDGE('',*,*,#1229,.T.);
#1258 = PLANE('',#1259);
#1259 = AXIS2_PLACEMENT_3D('',#1260,#1261,#1262);
#1260 = CARTESIAN_POINT('',(316.5,474.,380.));
#1261 = DIRECTION('',(0.,0.,1.));
#1262 = DIRECTION('',(0.,-1.,0.));
#1263 = ADVANCED_FACE('',(#1264),#1282,.T.);
#1264 = FACE_BOUND('',#1265,.T.);
#1265 = EDGE_LOOP('',(#1266,#1267,#1268,#1276));
#1266 = ORIENTED_EDGE('',*,*,#1154,.F.);
#1267 = ORIENTED_EDGE('',*,*,#1251,.T.);
#1268 = ORIENTED_EDGE('',*,*,#1269,.T.);
#1269 = EDGE_CURVE('',#1244,#1270,#1272,.T.);
#1270 = VERTEX_POINT('',#1271);
#1271 = CARTESIAN_POINT('',(316.5,449.,384.));
#1272 = LINE('',#1273,#1274);
#1273 = CARTESIAN_POINT('',(316.5,449.,380.));
#1274 = VECTOR('',#1275,1.);
#1275 = DIRECTION('',(0.,0.,1.));
#1276 = ORIENTED_EDGE('',*,*,#1277,.F.);
#1277 = EDGE_CURVE('',#1155,#1270,#1278,.T.);
#1278 = LINE('',#1279,#1280);
#1279 = CARTESIAN_POINT('',(316.5,474.,384.));
#1280 = VECTOR('',#1281,1.);
#1281 = DIRECTION('',(0.,-1.,0.));
#1282 = PLANE('',#1283);
#1283 = AXIS2_PLACEMENT_3D('',#1284,#1285,#1286);
#1284 = CARTESIAN_POINT('',(316.5,474.,380.));
#1285 = DIRECTION('',(-1.,0.,0.));
#1286 = DIRECTION('',(0.,-1.,0.));
#1287 = ADVANCED_FACE('',(#1288),#1299,.F.);
#1288 = FACE_BOUND('',#1289,.F.);
#1289 = EDGE_LOOP('',(#1290,#1296,#1297,#1298));
#1290 = ORIENTED_EDGE('',*,*,#1291,.F.);
#1291 = EDGE_CURVE('',#1270,#1213,#1292,.T.);
#1292 = LINE('',#1293,#1294);
#1293 = CARTESIAN_POINT('',(316.5,449.,384.));
#1294 = VECTOR('',#1295,1.);
#1295 = DIRECTION('',(-1.,0.,0.));
#1296 = ORIENTED_EDGE('',*,*,#1277,.F.);
#1297 = ORIENTED_EDGE('',*,*,#1162,.T.);
#1298 = ORIENTED_EDGE('',*,*,#1212,.T.);
#1299 = PLANE('',#1300);
#1300 = AXIS2_PLACEMENT_3D('',#1301,#1302,#1303);
#1301 = CARTESIAN_POINT('',(316.5,474.,384.));
#1302 = DIRECTION('',(0.,0.,1.));
#1303 = DIRECTION('',(0.,-1.,0.));
#1304 = ADVANCED_FACE('',(#1305),#1311,.F.);
#1305 = FACE_BOUND('',#1306,.F.);
#1306 = EDGE_LOOP('',(#1307,#1308,#1309,#1310));
#1307 = ORIENTED_EDGE('',*,*,#1243,.F.);
#1308 = ORIENTED_EDGE('',*,*,#1269,.T.);
#1309 = ORIENTED_EDGE('',*,*,#1291,.T.);
#1310 = ORIENTED_EDGE('',*,*,#1220,.T.);
#1311 = PLANE('',#1312);
#1312 = AXIS2_PLACEMENT_3D('',#1313,#1314,#1315);
#1313 = CARTESIAN_POINT('',(316.5,449.,380.));
#1314 = DIRECTION('',(0.,-1.,0.));
#1315 = DIRECTION('',(0.,0.,1.));
#1316 = ADVANCED_FACE('',(#1317),#1320,.T.);
#1317 = FACE_BOUND('',#1318,.T.);
#1318 = EDGE_LOOP('',(#1319));
#1319 = ORIENTED_EDGE('',*,*,#1203,.T.);
#1320 = PLANE('',#1321);
#1321 = AXIS2_PLACEMENT_3D('',#1322,#1323,#1324);
#1322 = CARTESIAN_POINT('',(320.,445.,382.));
#1323 = DIRECTION('',(0.,-1.,0.));
#1324 = DIRECTION('',(0.,0.,1.));
#1325 = MANIFOLD_SOLID_BREP('',#1326);
#1326 = CLOSED_SHELL('',(#1327,#1367,#1407,#1429,#1451,#1463));
#1327 = ADVANCED_FACE('',(#1328),#1362,.F.);
#1328 = FACE_BOUND('',#1329,.F.);
#1329 = EDGE_LOOP('',(#1330,#1340,#1348,#1356));
#1330 = ORIENTED_EDGE('',*,*,#1331,.F.);
#1331 = EDGE_CURVE('',#1332,#1334,#1336,.T.);
#1332 = VERTEX_POINT('',#1333);
#1333 = CARTESIAN_POINT('',(20.,90.,480.));
#1334 = VERTEX_POINT('',#1335);
#1335 = CARTESIAN_POINT('',(20.,90.,520.));
#1336 = LINE('',#1337,#1338);
#1337 = CARTESIAN_POINT('',(20.,90.,480.));
#1338 = VECTOR('',#1339,1.);
#1339 = DIRECTION('',(0.,0.,1.));
#1340 = ORIENTED_EDGE('',*,*,#1341,.T.);
#1341 = EDGE_CURVE('',#1332,#1342,#1344,.T.);
#1342 = VERTEX_POINT('',#1343);
#1343 = CARTESIAN_POINT('',(20.,110.,480.));
#1344 = LINE('',#1345,#1346);
#1345 = CARTESIAN_POINT('',(20.,90.,480.));
#1346 = VECTOR('',#1347,1.);
#1347 = DIRECTION('',(0.,1.,0.));
#1348 = ORIENTED_EDGE('',*,*,#1349,.T.);
#1349 = EDGE_CURVE('',#1342,#1350,#1352,.T.);
#1350 = VERTEX_POINT('',#1351);
#1351 = CARTESIAN_POINT('',(20.,110.,520.));
#1352 = LINE('',#1353,#1354);
#1353 = CARTESIAN_POINT('',(20.,110.,480.));
#1354 = VECTOR('',#1355,1.);
#1355 = DIRECTION('',(0.,0.,1.));
#1356 = ORIENTED_EDGE('',*,*,#1357,.F.);
#1357 = EDGE_CURVE('',#1334,#1350,#1358,.T.);
#1358 = LINE('',#1359,#1360);
#1359 = CARTESIAN_POINT('',(20.,90.,520.));
#1360 = VECTOR('',#1361,1.);
#1361 = DIRECTION('',(0.,1.,0.));
#1362 = PLANE('',#1363);
#1363 = AXIS2_PLACEMENT_3D('',#1364,#1365,#1366);
#1364 = CARTESIAN_POINT('',(20.,90.,480.));
#1365 = DIRECTION('',(1.,0.,0.));
#1366 = DIRECTION('',(0.,0.,1.));
#1367 = ADVANCED_FACE('',(#1368),#1402,.T.);
#1368 = FACE_BOUND('',#1369,.T.);
#1369 = EDGE_LOOP('',(#1370,#1380,#1388,#1396));
#1370 = ORIENTED_EDGE('',*,*,#1371,.F.);
#1371 = EDGE_CURVE('',#1372,#1374,#1376,.T.);
#1372 = VERTEX_POINT('',#1373);
#1373 = CARTESIAN_POINT('',(450.,90.,480.));
#1374 = VERTEX_POINT('',#1375);
#1375 = CARTESIAN_POINT('',(450.,90.,520.));
#1376 = LINE('',#1377,#1378);
#1377 = CARTESIAN_POINT('',(450.,90.,480.));
#1378 = VECTOR('',#1379,1.);
#1379 = DIRECTION('',(0.,0.,1.));
#1380 = ORIENTED_EDGE('',*,*,#1381,.T.);
#1381 = EDGE_CURVE('',#1372,#1382,#1384,.T.);
#1382 = VERTEX_POINT('',#1383);
#1383 = CARTESIAN_POINT('',(450.,110.,480.));
#1384 = LINE('',#1385,#1386);
#1385 = CARTESIAN_POINT('',(450.,90.,480.));
#1386 = VECTOR('',#1387,1.);
#1387 = DIRECTION('',(0.,1.,0.));
#1388 = ORIENTED_EDGE('',*,*,#1389,.T.);
#1389 = EDGE_CURVE('',#1382,#1390,#1392,.T.);
#1390 = VERTEX_POINT('',#1391);
#1391 = CARTESIAN_POINT('',(450.,110.,520.));
#1392 = LINE('',#1393,#1394);
#1393 = CARTESIAN_POINT('',(450.,110.,480.));
#1394 = VECTOR('',#1395,1.);
#1395 = DIRECTION('',(0.,0.,1.));
#1396 = ORIENTED_EDGE('',*,*,#1397,.F.);
#1397 = EDGE_CURVE('',#1374,#1390,#1398,.T.);
#1398 = LINE('',#1399,#1400);
#1399 = CARTESIAN_POINT('',(450.,90.,520.));
#1400 = VECTOR('',#1401,1.);
#1401 = DIRECTION('',(0.,1.,0.));
#1402 = PLANE('',#1403);
#1403 = AXIS2_PLACEMENT_3D('',#1404,#1405,#1406);
#1404 = CARTESIAN_POINT('',(450.,90.,480.));
#1405 = DIRECTION('',(1.,0.,0.));
#1406 = DIRECTION('',(0.,0.,1.));
#1407 = ADVANCED_FACE('',(#1408),#1424,.F.);
#1408 = FACE_BOUND('',#1409,.F.);
#1409 = EDGE_LOOP('',(#1410,#1416,#1417,#1423));
#1410 = ORIENTED_EDGE('',*,*,#1411,.F.);
#1411 = EDGE_CURVE('',#1332,#1372,#1412,.T.);
#1412 = LINE('',#1413,#1414);
#1413 = CARTESIAN_POINT('',(20.,90.,480.));
#1414 = VECTOR('',#1415,1.);
#1415 = DIRECTION('',(1.,0.,0.));
#1416 = ORIENTED_EDGE('',*,*,#1331,.T.);
#1417 = ORIENTED_EDGE('',*,*,#1418,.T.);
#1418 = EDGE_CURVE('',#1334,#1374,#1419,.T.);
#1419 = LINE('',#1420,#1421);
#1420 = CARTESIAN_POINT('',(20.,90.,520.));
#1421 = VECTOR('',#1422,1.);
#1422 = DIRECTION('',(1.,0.,0.));
#1423 = ORIENTED_EDGE('',*,*,#1371,.F.);
#1424 = PLANE('',#1425);
#1425 = AXIS2_PLACEMENT_3D('',#1426,#1427,#1428);
#1426 = CARTESIAN_POINT('',(20.,90.,480.));
#1427 = DIRECTION('',(0.,1.,0.));
#1428 = DIRECTION('',(0.,0.,1.));
#1429 = ADVANCED_FACE('',(#1430),#1446,.T.);
#1430 = FACE_BOUND('',#1431,.T.);
#1431 = EDGE_LOOP('',(#1432,#1438,#1439,#1445));
#1432 = ORIENTED_EDGE('',*,*,#1433,.F.);
#1433 = EDGE_CURVE('',#1342,#1382,#1434,.T.);
#1434 = LINE('',#1435,#1436);
#1435 = CARTESIAN_POINT('',(20.,110.,480.));
#1436 = VECTOR('',#1437,1.);
#1437 = DIRECTION('',(1.,0.,0.));
#1438 = ORIENTED_EDGE('',*,*,#1349,.T.);
#1439 = ORIENTED_EDGE('',*,*,#1440,.T.);
#1440 = EDGE_CURVE('',#1350,#1390,#1441,.T.);
#1441 = LINE('',#1442,#1443);
#1442 = CARTESIAN_POINT('',(20.,110.,520.));
#1443 = VECTOR('',#1444,1.);
#1444 = DIRECTION('',(1.,0.,0.));
#1445 = ORIENTED_EDGE('',*,*,#1389,.F.);
#1446 = PLANE('',#1447);
#1447 = AXIS2_PLACEMENT_3D('',#1448,#1449,#1450);
#1448 = CARTESIAN_POINT('',(20.,110.,480.));
#1449 = DIRECTION('',(0.,1.,0.));
#1450 = DIRECTION('',(0.,0.,1.));
#1451 = ADVANCED_FACE('',(#1452),#1458,.F.);
#1452 = FACE_BOUND('',#1453,.F.);
#1453 = EDGE_LOOP('',(#1454,#1455,#1456,#1457));
#1454 = ORIENTED_EDGE('',*,*,#1341,.F.);
#1455 = ORIENTED_EDGE('',*,*,#1411,.T.);
#1456 = ORIENTED_EDGE('',*,*,#1381,.T.);
#1457 = ORIENTED_EDGE('',*,*,#1433,.F.);
#1458 = PLANE('',#1459);
#1459 = AXIS2_PLACEMENT_3D('',#1460,#1461,#1462);
#1460 = CARTESIAN_POINT('',(20.,90.,480.));
#1461 = DIRECTION('',(0.,0.,1.));
#1462 = DIRECTION('',(1.,0.,0.));
#1463 = ADVANCED_FACE('',(#1464),#1470,.T.);
#1464 = FACE_BOUND('',#1465,.T.);
#1465 = EDGE_LOOP('',(#1466,#1467,#1468,#1469));
#1466 = ORIENTED_EDGE('',*,*,#1357,.F.);
#1467 = ORIENTED_EDGE('',*,*,#1418,.T.);
#1468 = ORIENTED_EDGE('',*,*,#1397,.T.);
#1469 = ORIENTED_EDGE('',*,*,#1440,.F.);
#1470 = PLANE('',#1471);
#1471 = AXIS2_PLACEMENT_3D('',#1472,#1473,#1474);
#1472 = CARTESIAN_POINT('',(20.,90.,520.));
#1473 = DIRECTION('',(0.,0.,1.));
#1474 = DIRECTION('',(1.,0.,0.));
#1475 = MANIFOLD_SOLID_BREP('',#1476);
#1476 = CLOSED_SHELL('',(#1477,#1517,#1557,#1579,#1601,#1613));
#1477 = ADVANCED_FACE('',(#1478),#1512,.F.);
#1478 = FACE_BOUND('',#1479,.F.);
#1479 = EDGE_LOOP('',(#1480,#1490,#1498,#1506));
#1480 = ORIENTED_EDGE('',*,*,#1481,.F.);
#1481 = EDGE_CURVE('',#1482,#1484,#1486,.T.);
#1482 = VERTEX_POINT('',#1483);
#1483 = CARTESIAN_POINT('',(20.,349.,320.));
#1484 = VERTEX_POINT('',#1485);
#1485 = CARTESIAN_POINT('',(20.,349.,340.));
#1486 = LINE('',#1487,#1488);
#1487 = CARTESIAN_POINT('',(20.,349.,320.));
#1488 = VECTOR('',#1489,1.);
#1489 = DIRECTION('',(0.,0.,1.));
#1490 = ORIENTED_EDGE('',*,*,#1491,.T.);
#1491 = EDGE_CURVE('',#1482,#1492,#1494,.T.);
#1492 = VERTEX_POINT('',#1493);
#1493 = CARTESIAN_POINT('',(20.,369.,320.));
#1494 = LINE('',#1495,#1496);
#1495 = CARTESIAN_POINT('',(20.,349.,320.));
#1496 = VECTOR('',#1497,1.);
#1497 = DIRECTION('',(0.,1.,0.));
#1498 = ORIENTED_EDGE('',*,*,#1499,.T.);
#1499 = EDGE_CURVE('',#1492,#1500,#1502,.T.);
#1500 = VERTEX_POINT('',#1501);
#1501 = CARTESIAN_POINT('',(20.,369.,340.));
#1502 = LINE('',#1503,#1504);
#1503 = CARTESIAN_POINT('',(20.,369.,320.));
#1504 = VECTOR('',#1505,1.);
#1505 = DIRECTION('',(0.,0.,1.));
#1506 = ORIENTED_EDGE('',*,*,#1507,.F.);
#1507 = EDGE_CURVE('',#1484,#1500,#1508,.T.);
#1508 = LINE('',#1509,#1510);
#1509 = CARTESIAN_POINT('',(20.,349.,340.));
#1510 = VECTOR('',#1511,1.);
#1511 = DIRECTION('',(0.,1.,0.));
#1512 = PLANE('',#1513);
#1513 = AXIS2_PLACEMENT_3D('',#1514,#1515,#1516);
#1514 = CARTESIAN_POINT('',(20.,349.,320.));
#1515 = DIRECTION('',(1.,0.,0.));
#1516 = DIRECTION('',(0.,0.,1.));
#1517 = ADVANCED_FACE('',(#1518),#1552,.T.);
#1518 = FACE_BOUND('',#1519,.T.);
#1519 = EDGE_LOOP('',(#1520,#1530,#1538,#1546));
#1520 = ORIENTED_EDGE('',*,*,#1521,.F.);
#1521 = EDGE_CURVE('',#1522,#1524,#1526,.T.);
#1522 = VERTEX_POINT('',#1523);
#1523 = CARTESIAN_POINT('',(450.,349.,320.));
#1524 = VERTEX_POINT('',#1525);
#1525 = CARTESIAN_POINT('',(450.,349.,340.));
#1526 = LINE('',#1527,#1528);
#1527 = CARTESIAN_POINT('',(450.,349.,320.));
#1528 = VECTOR('',#1529,1.);
#1529 = DIRECTION('',(0.,0.,1.));
#1530 = ORIENTED_EDGE('',*,*,#1531,.T.);
#1531 = EDGE_CURVE('',#1522,#1532,#1534,.T.);
#1532 = VERTEX_POINT('',#1533);
#1533 = CARTESIAN_POINT('',(450.,369.,320.));
#1534 = LINE('',#1535,#1536);
#1535 = CARTESIAN_POINT('',(450.,349.,320.));
#1536 = VECTOR('',#1537,1.);
#1537 = DIRECTION('',(0.,1.,0.));
#1538 = ORIENTED_EDGE('',*,*,#1539,.T.);
#1539 = EDGE_CURVE('',#1532,#1540,#1542,.T.);
#1540 = VERTEX_POINT('',#1541);
#1541 = CARTESIAN_POINT('',(450.,369.,340.));
#1542 = LINE('',#1543,#1544);
#1543 = CARTESIAN_POINT('',(450.,369.,320.));
#1544 = VECTOR('',#1545,1.);
#1545 = DIRECTION('',(0.,0.,1.));
#1546 = ORIENTED_EDGE('',*,*,#1547,.F.);
#1547 = EDGE_CURVE('',#1524,#1540,#1548,.T.);
#1548 = LINE('',#1549,#1550);
#1549 = CARTESIAN_POINT('',(450.,349.,340.));
#1550 = VECTOR('',#1551,1.);
#1551 = DIRECTION('',(0.,1.,0.));
#1552 = PLANE('',#1553);
#1553 = AXIS2_PLACEMENT_3D('',#1554,#1555,#1556);
#1554 = CARTESIAN_POINT('',(450.,349.,320.));
#1555 = DIRECTION('',(1.,0.,0.));
#1556 = DIRECTION('',(0.,0.,1.));
#1557 = ADVANCED_FACE('',(#1558),#1574,.F.);
#1558 = FACE_BOUND('',#1559,.F.);
#1559 = EDGE_LOOP('',(#1560,#1566,#1567,#1573));
#1560 = ORIENTED_EDGE('',*,*,#1561,.F.);
#1561 = EDGE_CURVE('',#1482,#1522,#1562,.T.);
#1562 = LINE('',#1563,#1564);
#1563 = CARTESIAN_POINT('',(20.,349.,320.));
#1564 = VECTOR('',#1565,1.);
#1565 = DIRECTION('',(1.,0.,0.));
#1566 = ORIENTED_EDGE('',*,*,#1481,.T.);
#1567 = ORIENTED_EDGE('',*,*,#1568,.T.);
#1568 = EDGE_CURVE('',#1484,#1524,#1569,.T.);
#1569 = LINE('',#1570,#1571);
#1570 = CARTESIAN_POINT('',(20.,349.,340.));
#1571 = VECTOR('',#1572,1.);
#1572 = DIRECTION('',(1.,0.,0.));
#1573 = ORIENTED_EDGE('',*,*,#1521,.F.);
#1574 = PLANE('',#1575);
#1575 = AXIS2_PLACEMENT_3D('',#1576,#1577,#1578);
#1576 = CARTESIAN_POINT('',(20.,349.,320.));
#1577 = DIRECTION('',(0.,1.,0.));
#1578 = DIRECTION('',(0.,0.,1.));
#1579 = ADVANCED_FACE('',(#1580),#1596,.T.);
#1580 = FACE_BOUND('',#1581,.T.);
#1581 = EDGE_LOOP('',(#1582,#1588,#1589,#1595));
#1582 = ORIENTED_EDGE('',*,*,#1583,.F.);
#1583 = EDGE_CURVE('',#1492,#1532,#1584,.T.);
#1584 = LINE('',#1585,#1586);
#1585 = CARTESIAN_POINT('',(20.,369.,320.));
#1586 = VECTOR('',#1587,1.);
#1587 = DIRECTION('',(1.,0.,0.));
#1588 = ORIENTED_EDGE('',*,*,#1499,.T.);
#1589 = ORIENTED_EDGE('',*,*,#1590,.T.);
#1590 = EDGE_CURVE('',#1500,#1540,#1591,.T.);
#1591 = LINE('',#1592,#1593);
#1592 = CARTESIAN_POINT('',(20.,369.,340.));
#1593 = VECTOR('',#1594,1.);
#1594 = DIRECTION('',(1.,0.,0.));
#1595 = ORIENTED_EDGE('',*,*,#1539,.F.);
#1596 = PLANE('',#1597);
#1597 = AXIS2_PLACEMENT_3D('',#1598,#1599,#1600);
#1598 = CARTESIAN_POINT('',(20.,369.,320.));
#1599 = DIRECTION('',(0.,1.,0.));
#1600 = DIRECTION('',(0.,0.,1.));
#1601 = ADVANCED_FACE('',(#1602),#1608,.F.);
#1602 = FACE_BOUND('',#1603,.F.);
#1603 = EDGE_LOOP('',(#1604,#1605,#1606,#1607));
#1604 = ORIENTED_EDGE('',*,*,#1491,.F.);
#1605 = ORIENTED_EDGE('',*,*,#1561,.T.);
#1606 = ORIENTED_EDGE('',*,*,#1531,.T.);
#1607 = ORIENTED_EDGE('',*,*,#1583,.F.);
#1608 = PLANE('',#1609);
#1609 = AXIS2_PLACEMENT_3D('',#1610,#1611,#1612);
#1610 = CARTESIAN_POINT('',(20.,349.,320.));
#1611 = DIRECTION('',(0.,0.,1.));
#1612 = DIRECTION('',(1.,0.,0.));
#1613 = ADVANCED_FACE('',(#1614),#1620,.T.);
#1614 = FACE_BOUND('',#1615,.T.);
#1615 = EDGE_LOOP('',(#1616,#1617,#1618,#1619));
#1616 = ORIENTED_EDGE('',*,*,#1507,.F.);
#1617 = ORIENTED_EDGE('',*,*,#1568,.T.);
#1618 = ORIENTED_EDGE('',*,*,#1547,.T.);
#1619 = ORIENTED_EDGE('',*,*,#1590,.F.);
#1620 = PLANE('',#1621);
#1621 = AXIS2_PLACEMENT_3D('',#1622,#1623,#1624);
#1622 = CARTESIAN_POINT('',(20.,349.,340.));
#1623 = DIRECTION('',(0.,0.,1.));
#1624 = DIRECTION('',(1.,0.,0.));
#1625 = MANIFOLD_SOLID_BREP('',#1626);
#1626 = CLOSED_SHELL('',(#1627,#1667,#1707,#1729,#1751,#1763));
#1627 = ADVANCED_FACE('',(#1628),#1662,.F.);
#1628 = FACE_BOUND('',#1629,.F.);
#1629 = EDGE_LOOP('',(#1630,#1640,#1648,#1656));
#1630 = ORIENTED_EDGE('',*,*,#1631,.F.);
#1631 = EDGE_CURVE('',#1632,#1634,#1636,.T.);
#1632 = VERTEX_POINT('',#1633);
#1633 = CARTESIAN_POINT('',(20.,401.,315.));
#1634 = VERTEX_POINT('',#1635);
#1635 = CARTESIAN_POINT('',(20.,401.,335.));
#1636 = LINE('',#1637,#1638);
#1637 = CARTESIAN_POINT('',(20.,401.,315.));
#1638 = VECTOR('',#1639,1.);
#1639 = DIRECTION('',(0.,0.,1.));
#1640 = ORIENTED_EDGE('',*,*,#1641,.T.);
#1641 = EDGE_CURVE('',#1632,#1642,#1644,.T.);
#1642 = VERTEX_POINT('',#1643);
#1643 = CARTESIAN_POINT('',(20.,421.,315.));
#1644 = LINE('',#1645,#1646);
#1645 = CARTESIAN_POINT('',(20.,401.,315.));
#1646 = VECTOR('',#1647,1.);
#1647 = DIRECTION('',(0.,1.,0.));
#1648 = ORIENTED_EDGE('',*,*,#1649,.T.);
#1649 = EDGE_CURVE('',#1642,#1650,#1652,.T.);
#1650 = VERTEX_POINT('',#1651);
#1651 = CARTESIAN_POINT('',(20.,421.,335.));
#1652 = LINE('',#1653,#1654);
#1653 = CARTESIAN_POINT('',(20.,421.,315.));
#1654 = VECTOR('',#1655,1.);
#1655 = DIRECTION('',(0.,0.,1.));
#1656 = ORIENTED_EDGE('',*,*,#1657,.F.);
#1657 = EDGE_CURVE('',#1634,#1650,#1658,.T.);
#1658 = LINE('',#1659,#1660);
#1659 = CARTESIAN_POINT('',(20.,401.,335.));
#1660 = VECTOR('',#1661,1.);
#1661 = DIRECTION('',(0.,1.,0.));
#1662 = PLANE('',#1663);
#1663 = AXIS2_PLACEMENT_3D('',#1664,#1665,#1666);
#1664 = CARTESIAN_POINT('',(20.,401.,315.));
#1665 = DIRECTION('',(1.,0.,0.));
#1666 = DIRECTION('',(0.,0.,1.));
#1667 = ADVANCED_FACE('',(#1668),#1702,.T.);
#1668 = FACE_BOUND('',#1669,.T.);
#1669 = EDGE_LOOP('',(#1670,#1680,#1688,#1696));
#1670 = ORIENTED_EDGE('',*,*,#1671,.F.);
#1671 = EDGE_CURVE('',#1672,#1674,#1676,.T.);
#1672 = VERTEX_POINT('',#1673);
#1673 = CARTESIAN_POINT('',(450.,401.,315.));
#1674 = VERTEX_POINT('',#1675);
#1675 = CARTESIAN_POINT('',(450.,401.,335.));
#1676 = LINE('',#1677,#1678);
#1677 = CARTESIAN_POINT('',(450.,401.,315.));
#1678 = VECTOR('',#1679,1.);
#1679 = DIRECTION('',(0.,0.,1.));
#1680 = ORIENTED_EDGE('',*,*,#1681,.T.);
#1681 = EDGE_CURVE('',#1672,#1682,#1684,.T.);
#1682 = VERTEX_POINT('',#1683);
#1683 = CARTESIAN_POINT('',(450.,421.,315.));
#1684 = LINE('',#1685,#1686);
#1685 = CARTESIAN_POINT('',(450.,401.,315.));
#1686 = VECTOR('',#1687,1.);
#1687 = DIRECTION('',(0.,1.,0.));
#1688 = ORIENTED_EDGE('',*,*,#1689,.T.);
#1689 = EDGE_CURVE('',#1682,#1690,#1692,.T.);
#1690 = VERTEX_POINT('',#1691);
#1691 = CARTESIAN_POINT('',(450.,421.,335.));
#1692 = LINE('',#1693,#1694);
#1693 = CARTESIAN_POINT('',(450.,421.,315.));
#1694 = VECTOR('',#1695,1.);
#1695 = DIRECTION('',(0.,0.,1.));
#1696 = ORIENTED_EDGE('',*,*,#1697,.F.);
#1697 = EDGE_CURVE('',#1674,#1690,#1698,.T.);
#1698 = LINE('',#1699,#1700);
#1699 = CARTESIAN_POINT('',(450.,401.,335.));
#1700 = VECTOR('',#1701,1.);
#1701 = DIRECTION('',(0.,1.,0.));
#1702 = PLANE('',#1703);
#1703 = AXIS2_PLACEMENT_3D('',#1704,#1705,#1706);
#1704 = CARTESIAN_POINT('',(450.,401.,315.));
#1705 = DIRECTION('',(1.,0.,0.));
#1706 = DIRECTION('',(0.,0.,1.));
#1707 = ADVANCED_FACE('',(#1708),#1724,.F.);
#1708 = FACE_BOUND('',#1709,.F.);
#1709 = EDGE_LOOP('',(#1710,#1716,#1717,#1723));
#1710 = ORIENTED_EDGE('',*,*,#1711,.F.);
#1711 = EDGE_CURVE('',#1632,#1672,#1712,.T.);
#1712 = LINE('',#1713,#1714);
#1713 = CARTESIAN_POINT('',(20.,401.,315.));
#1714 = VECTOR('',#1715,1.);
#1715 = DIRECTION('',(1.,0.,0.));
#1716 = ORIENTED_EDGE('',*,*,#1631,.T.);
#1717 = ORIENTED_EDGE('',*,*,#1718,.T.);
#1718 = EDGE_CURVE('',#1634,#1674,#1719,.T.);
#1719 = LINE('',#1720,#1721);
#1720 = CARTESIAN_POINT('',(20.,401.,335.));
#1721 = VECTOR('',#1722,1.);
#1722 = DIRECTION('',(1.,0.,0.));
#1723 = ORIENTED_EDGE('',*,*,#1671,.F.);
#1724 = PLANE('',#1725);
#1725 = AXIS2_PLACEMENT_3D('',#1726,#1727,#1728);
#1726 = CARTESIAN_POINT('',(20.,401.,315.));
#1727 = DIRECTION('',(0.,1.,0.));
#1728 = DIRECTION('',(0.,0.,1.));
#1729 = ADVANCED_FACE('',(#1730),#1746,.T.);
#1730 = FACE_BOUND('',#1731,.T.);
#1731 = EDGE_LOOP('',(#1732,#1738,#1739,#1745));
#1732 = ORIENTED_EDGE('',*,*,#1733,.F.);
#1733 = EDGE_CURVE('',#1642,#1682,#1734,.T.);
#1734 = LINE('',#1735,#1736);
#1735 = CARTESIAN_POINT('',(20.,421.,315.));
#1736 = VECTOR('',#1737,1.);
#1737 = DIRECTION('',(1.,0.,0.));
#1738 = ORIENTED_EDGE('',*,*,#1649,.T.);
#1739 = ORIENTED_EDGE('',*,*,#1740,.T.);
#1740 = EDGE_CURVE('',#1650,#1690,#1741,.T.);
#1741 = LINE('',#1742,#1743);
#1742 = CARTESIAN_POINT('',(20.,421.,335.));
#1743 = VECTOR('',#1744,1.);
#1744 = DIRECTION('',(1.,0.,0.));
#1745 = ORIENTED_EDGE('',*,*,#1689,.F.);
#1746 = PLANE('',#1747);
#1747 = AXIS2_PLACEMENT_3D('',#1748,#1749,#1750);
#1748 = CARTESIAN_POINT('',(20.,421.,315.));
#1749 = DIRECTION('',(0.,1.,0.));
#1750 = DIRECTION('',(0.,0.,1.));
#1751 = ADVANCED_FACE('',(#1752),#1758,.F.);
#1752 = FACE_BOUND('',#1753,.F.);
#1753 = EDGE_LOOP('',(#1754,#1755,#1756,#1757));
#1754 = ORIENTED_EDGE('',*,*,#1641,.F.);
#1755 = ORIENTED_EDGE('',*,*,#1711,.T.);
#1756 = ORIENTED_EDGE('',*,*,#1681,.T.);
#1757 = ORIENTED_EDGE('',*,*,#1733,.F.);
#1758 = PLANE('',#1759);
#1759 = AXIS2_PLACEMENT_3D('',#1760,#1761,#1762);
#1760 = CARTESIAN_POINT('',(20.,401.,315.));
#1761 = DIRECTION('',(0.,0.,1.));
#1762 = DIRECTION('',(1.,0.,0.));
#1763 = ADVANCED_FACE('',(#1764),#1770,.T.);
#1764 = FACE_BOUND('',#1765,.T.);
#1765 = EDGE_LOOP('',(#1766,#1767,#1768,#1769));
#1766 = ORIENTED_EDGE('',*,*,#1657,.F.);
#1767 = ORIENTED_EDGE('',*,*,#1718,.T.);
#1768 = ORIENTED_EDGE('',*,*,#1697,.T.);
#1769 = ORIENTED_EDGE('',*,*,#1740,.F.);
#1770 = PLANE('',#1771);
#1771 = AXIS2_PLACEMENT_3D('',#1772,#1773,#1774);
#1772 = CARTESIAN_POINT('',(20.,401.,335.));
#1773 = DIRECTION('',(0.,0.,1.));
#1774 = DIRECTION('',(1.,0.,0.));
#1775 = MANIFOLD_SOLID_BREP('',#1776);
#1776 = CLOSED_SHELL('',(#1777,#1817,#1857,#1879,#1901,#1913));
#1777 = ADVANCED_FACE('',(#1778),#1812,.F.);
#1778 = FACE_BOUND('',#1779,.F.);
#1779 = EDGE_LOOP('',(#1780,#1790,#1798,#1806));
#1780 = ORIENTED_EDGE('',*,*,#1781,.F.);
#1781 = EDGE_CURVE('',#1782,#1784,#1786,.T.);
#1782 = VERTEX_POINT('',#1783);
#1783 = CARTESIAN_POINT('',(20.,477.,315.));
#1784 = VERTEX_POINT('',#1785);
#1785 = CARTESIAN_POINT('',(20.,477.,335.));
#1786 = LINE('',#1787,#1788);
#1787 = CARTESIAN_POINT('',(20.,477.,315.));
#1788 = VECTOR('',#1789,1.);
#1789 = DIRECTION('',(0.,0.,1.));
#1790 = ORIENTED_EDGE('',*,*,#1791,.T.);
#1791 = EDGE_CURVE('',#1782,#1792,#1794,.T.);
#1792 = VERTEX_POINT('',#1793);
#1793 = CARTESIAN_POINT('',(20.,497.,315.));
#1794 = LINE('',#1795,#1796);
#1795 = CARTESIAN_POINT('',(20.,477.,315.));
#1796 = VECTOR('',#1797,1.);
#1797 = DIRECTION('',(0.,1.,0.));
#1798 = ORIENTED_EDGE('',*,*,#1799,.T.);
#1799 = EDGE_CURVE('',#1792,#1800,#1802,.T.);
#1800 = VERTEX_POINT('',#1801);
#1801 = CARTESIAN_POINT('',(20.,497.,335.));
#1802 = LINE('',#1803,#1804);
#1803 = CARTESIAN_POINT('',(20.,497.,315.));
#1804 = VECTOR('',#1805,1.);
#1805 = DIRECTION('',(0.,0.,1.));
#1806 = ORIENTED_EDGE('',*,*,#1807,.F.);
#1807 = EDGE_CURVE('',#1784,#1800,#1808,.T.);
#1808 = LINE('',#1809,#1810);
#1809 = CARTESIAN_POINT('',(20.,477.,335.));
#1810 = VECTOR('',#1811,1.);
#1811 = DIRECTION('',(0.,1.,0.));
#1812 = PLANE('',#1813);
#1813 = AXIS2_PLACEMENT_3D('',#1814,#1815,#1816);
#1814 = CARTESIAN_POINT('',(20.,477.,315.));
#1815 = DIRECTION('',(1.,0.,0.));
#1816 = DIRECTION('',(0.,0.,1.));
#1817 = ADVANCED_FACE('',(#1818),#1852,.T.);
#1818 = FACE_BOUND('',#1819,.T.);
#1819 = EDGE_LOOP('',(#1820,#1830,#1838,#1846));
#1820 = ORIENTED_EDGE('',*,*,#1821,.F.);
#1821 = EDGE_CURVE('',#1822,#1824,#1826,.T.);
#1822 = VERTEX_POINT('',#1823);
#1823 = CARTESIAN_POINT('',(450.,477.,315.));
#1824 = VERTEX_POINT('',#1825);
#1825 = CARTESIAN_POINT('',(450.,477.,335.));
#1826 = LINE('',#1827,#1828);
#1827 = CARTESIAN_POINT('',(450.,477.,315.));
#1828 = VECTOR('',#1829,1.);
#1829 = DIRECTION('',(0.,0.,1.));
#1830 = ORIENTED_EDGE('',*,*,#1831,.T.);
#1831 = EDGE_CURVE('',#1822,#1832,#1834,.T.);
#1832 = VERTEX_POINT('',#1833);
#1833 = CARTESIAN_POINT('',(450.,497.,315.));
#1834 = LINE('',#1835,#1836);
#1835 = CARTESIAN_POINT('',(450.,477.,315.));
#1836 = VECTOR('',#1837,1.);
#1837 = DIRECTION('',(0.,1.,0.));
#1838 = ORIENTED_EDGE('',*,*,#1839,.T.);
#1839 = EDGE_CURVE('',#1832,#1840,#1842,.T.);
#1840 = VERTEX_POINT('',#1841);
#1841 = CARTESIAN_POINT('',(450.,497.,335.));
#1842 = LINE('',#1843,#1844);
#1843 = CARTESIAN_POINT('',(450.,497.,315.));
#1844 = VECTOR('',#1845,1.);
#1845 = DIRECTION('',(0.,0.,1.));
#1846 = ORIENTED_EDGE('',*,*,#1847,.F.);
#1847 = EDGE_CURVE('',#1824,#1840,#1848,.T.);
#1848 = LINE('',#1849,#1850);
#1849 = CARTESIAN_POINT('',(450.,477.,335.));
#1850 = VECTOR('',#1851,1.);
#1851 = DIRECTION('',(0.,1.,0.));
#1852 = PLANE('',#1853);
#1853 = AXIS2_PLACEMENT_3D('',#1854,#1855,#1856);
#1854 = CARTESIAN_POINT('',(450.,477.,315.));
#1855 = DIRECTION('',(1.,0.,0.));
#1856 = DIRECTION('',(0.,0.,1.));
#1857 = ADVANCED_FACE('',(#1858),#1874,.F.);
#1858 = FACE_BOUND('',#1859,.F.);
#1859 = EDGE_LOOP('',(#1860,#1866,#1867,#1873));
#1860 = ORIENTED_EDGE('',*,*,#1861,.F.);
#1861 = EDGE_CURVE('',#1782,#1822,#1862,.T.);
#1862 = LINE('',#1863,#1864);
#1863 = CARTESIAN_POINT('',(20.,477.,315.));
#1864 = VECTOR('',#1865,1.);
#1865 = DIRECTION('',(1.,0.,0.));
#1866 = ORIENTED_EDGE('',*,*,#1781,.T.);
#1867 = ORIENTED_EDGE('',*,*,#1868,.T.);
#1868 = EDGE_CURVE('',#1784,#1824,#1869,.T.);
#1869 = LINE('',#1870,#1871);
#1870 = CARTESIAN_POINT('',(20.,477.,335.));
#1871 = VECTOR('',#1872,1.);
#1872 = DIRECTION('',(1.,0.,0.));
#1873 = ORIENTED_EDGE('',*,*,#1821,.F.);
#1874 = PLANE('',#1875);
#1875 = AXIS2_PLACEMENT_3D('',#1876,#1877,#1878);
#1876 = CARTESIAN_POINT('',(20.,477.,315.));
#1877 = DIRECTION('',(0.,1.,0.));
#1878 = DIRECTION('',(0.,0.,1.));
#1879 = ADVANCED_FACE('',(#1880),#1896,.T.);
#1880 = FACE_BOUND('',#1881,.T.);
#1881 = EDGE_LOOP('',(#1882,#1888,#1889,#1895));
#1882 = ORIENTED_EDGE('',*,*,#1883,.F.);
#1883 = EDGE_CURVE('',#1792,#1832,#1884,.T.);
#1884 = LINE('',#1885,#1886);
#1885 = CARTESIAN_POINT('',(20.,497.,315.));
#1886 = VECTOR('',#1887,1.);
#1887 = DIRECTION('',(1.,0.,0.));
#1888 = ORIENTED_EDGE('',*,*,#1799,.T.);
#1889 = ORIENTED_EDGE('',*,*,#1890,.T.);
#1890 = EDGE_CURVE('',#1800,#1840,#1891,.T.);
#1891 = LINE('',#1892,#1893);
#1892 = CARTESIAN_POINT('',(20.,497.,335.));
#1893 = VECTOR('',#1894,1.);
#1894 = DIRECTION('',(1.,0.,0.));
#1895 = ORIENTED_EDGE('',*,*,#1839,.F.);
#1896 = PLANE('',#1897);
#1897 = AXIS2_PLACEMENT_3D('',#1898,#1899,#1900);
#1898 = CARTESIAN_POINT('',(20.,497.,315.));
#1899 = DIRECTION('',(0.,1.,0.));
#1900 = DIRECTION('',(0.,0.,1.));
#1901 = ADVANCED_FACE('',(#1902),#1908,.F.);
#1902 = FACE_BOUND('',#1903,.F.);
#1903 = EDGE_LOOP('',(#1904,#1905,#1906,#1907));
#1904 = ORIENTED_EDGE('',*,*,#1791,.F.);
#1905 = ORIENTED_EDGE('',*,*,#1861,.T.);
#1906 = ORIENTED_EDGE('',*,*,#1831,.T.);
#1907 = ORIENTED_EDGE('',*,*,#1883,.F.);
#1908 = PLANE('',#1909);
#1909 = AXIS2_PLACEMENT_3D('',#1910,#1911,#1912);
#1910 = CARTESIAN_POINT('',(20.,477.,315.));
#1911 = DIRECTION('',(0.,0.,1.));
#1912 = DIRECTION('',(1.,0.,0.));
#1913 = ADVANCED_FACE('',(#1914),#1920,.T.);
#1914 = FACE_BOUND('',#1915,.T.);
#1915 = EDGE_LOOP('',(#1916,#1917,#1918,#1919));
#1916 = ORIENTED_EDGE('',*,*,#1807,.F.);
#1917 = ORIENTED_EDGE('',*,*,#1868,.T.);
#1918 = ORIENTED_EDGE('',*,*,#1847,.T.);
#1919 = ORIENTED_EDGE('',*,*,#1890,.F.);
#1920 = PLANE('',#1921);
#1921 = AXIS2_PLACEMENT_3D('',#1922,#1923,#1924);
#1922 = CARTESIAN_POINT('',(20.,477.,335.));
#1923 = DIRECTION('',(0.,0.,1.));
#1924 = DIRECTION('',(1.,0.,0.));
#1925 = MANIFOLD_SOLID_BREP('',#1926);
#1926 = CLOSED_SHELL('',(#1927,#1967,#2007,#2029,#2051,#2063));
#1927 = ADVANCED_FACE('',(#1928),#1962,.F.);
#1928 = FACE_BOUND('',#1929,.F.);
#1929 = EDGE_LOOP('',(#1930,#1940,#1948,#1956));
#1930 = ORIENTED_EDGE('',*,*,#1931,.F.);
#1931 = EDGE_CURVE('',#1932,#1934,#1936,.T.);
#1932 = VERTEX_POINT('',#1933);
#1933 = CARTESIAN_POINT('',(20.,440.,910.));
#1934 = VERTEX_POINT('',#1935);
#1935 = CARTESIAN_POINT('',(20.,440.,930.));
#1936 = LINE('',#1937,#1938);
#1937 = CARTESIAN_POINT('',(20.,440.,910.));
#1938 = VECTOR('',#1939,1.);
#1939 = DIRECTION('',(0.,0.,1.));
#1940 = ORIENTED_EDGE('',*,*,#1941,.T.);
#1941 = EDGE_CURVE('',#1932,#1942,#1944,.T.);
#1942 = VERTEX_POINT('',#1943);
#1943 = CARTESIAN_POINT('',(20.,460.,910.));
#1944 = LINE('',#1945,#1946);
#1945 = CARTESIAN_POINT('',(20.,440.,910.));
#1946 = VECTOR('',#1947,1.);
#1947 = DIRECTION('',(0.,1.,0.));
#1948 = ORIENTED_EDGE('',*,*,#1949,.T.);
#1949 = EDGE_CURVE('',#1942,#1950,#1952,.T.);
#1950 = VERTEX_POINT('',#1951);
#1951 = CARTESIAN_POINT('',(20.,460.,930.));
#1952 = LINE('',#1953,#1954);
#1953 = CARTESIAN_POINT('',(20.,460.,910.));
#1954 = VECTOR('',#1955,1.);
#1955 = DIRECTION('',(0.,0.,1.));
#1956 = ORIENTED_EDGE('',*,*,#1957,.F.);
#1957 = EDGE_CURVE('',#1934,#1950,#1958,.T.);
#1958 = LINE('',#1959,#1960);
#1959 = CARTESIAN_POINT('',(20.,440.,930.));
#1960 = VECTOR('',#1961,1.);
#1961 = DIRECTION('',(0.,1.,0.));
#1962 = PLANE('',#1963);
#1963 = AXIS2_PLACEMENT_3D('',#1964,#1965,#1966);
#1964 = CARTESIAN_POINT('',(20.,440.,910.));
#1965 = DIRECTION('',(1.,0.,0.));
#1966 = DIRECTION('',(0.,0.,1.));
#1967 = ADVANCED_FACE('',(#1968),#2002,.T.);
#1968 = FACE_BOUND('',#1969,.T.);
#1969 = EDGE_LOOP('',(#1970,#1980,#1988,#1996));
#1970 = ORIENTED_EDGE('',*,*,#1971,.F.);
#1971 = EDGE_CURVE('',#1972,#1974,#1976,.T.);
#1972 = VERTEX_POINT('',#1973);
#1973 = CARTESIAN_POINT('',(450.,440.,910.));
#1974 = VERTEX_POINT('',#1975);
#1975 = CARTESIAN_POINT('',(450.,440.,930.));
#1976 = LINE('',#1977,#1978);
#1977 = CARTESIAN_POINT('',(450.,440.,910.));
#1978 = VECTOR('',#1979,1.);
#1979 = DIRECTION('',(0.,0.,1.));
#1980 = ORIENTED_EDGE('',*,*,#1981,.T.);
#1981 = EDGE_CURVE('',#1972,#1982,#1984,.T.);
#1982 = VERTEX_POINT('',#1983);
#1983 = CARTESIAN_POINT('',(450.,460.,910.));
#1984 = LINE('',#1985,#1986);
#1985 = CARTESIAN_POINT('',(450.,440.,910.));
#1986 = VECTOR('',#1987,1.);
#1987 = DIRECTION('',(0.,1.,0.));
#1988 = ORIENTED_EDGE('',*,*,#1989,.T.);
#1989 = EDGE_CURVE('',#1982,#1990,#1992,.T.);
#1990 = VERTEX_POINT('',#1991);
#1991 = CARTESIAN_POINT('',(450.,460.,930.));
#1992 = LINE('',#1993,#1994);
#1993 = CARTESIAN_POINT('',(450.,460.,910.));
#1994 = VECTOR('',#1995,1.);
#1995 = DIRECTION('',(0.,0.,1.));
#1996 = ORIENTED_EDGE('',*,*,#1997,.F.);
#1997 = EDGE_CURVE('',#1974,#1990,#1998,.T.);
#1998 = LINE('',#1999,#2000);
#1999 = CARTESIAN_POINT('',(450.,440.,930.));
#2000 = VECTOR('',#2001,1.);
#2001 = DIRECTION('',(0.,1.,0.));
#2002 = PLANE('',#2003);
#2003 = AXIS2_PLACEMENT_3D('',#2004,#2005,#2006);
#2004 = CARTESIAN_POINT('',(450.,440.,910.));
#2005 = DIRECTION('',(1.,0.,0.));
#2006 = DIRECTION('',(0.,0.,1.));
#2007 = ADVANCED_FACE('',(#2008),#2024,.F.);
#2008 = FACE_BOUND('',#2009,.F.);
#2009 = EDGE_LOOP('',(#2010,#2016,#2017,#2023));
#2010 = ORIENTED_EDGE('',*,*,#2011,.F.);
#2011 = EDGE_CURVE('',#1932,#1972,#2012,.T.);
#2012 = LINE('',#2013,#2014);
#2013 = CARTESIAN_POINT('',(20.,440.,910.));
#2014 = VECTOR('',#2015,1.);
#2015 = DIRECTION('',(1.,0.,0.));
#2016 = ORIENTED_EDGE('',*,*,#1931,.T.);
#2017 = ORIENTED_EDGE('',*,*,#2018,.T.);
#2018 = EDGE_CURVE('',#1934,#1974,#2019,.T.);
#2019 = LINE('',#2020,#2021);
#2020 = CARTESIAN_POINT('',(20.,440.,930.));
#2021 = VECTOR('',#2022,1.);
#2022 = DIRECTION('',(1.,0.,0.));
#2023 = ORIENTED_EDGE('',*,*,#1971,.F.);
#2024 = PLANE('',#2025);
#2025 = AXIS2_PLACEMENT_3D('',#2026,#2027,#2028);
#2026 = CARTESIAN_POINT('',(20.,440.,910.));
#2027 = DIRECTION('',(0.,1.,0.));
#2028 = DIRECTION('',(0.,0.,1.));
#2029 = ADVANCED_FACE('',(#2030),#2046,.T.);
#2030 = FACE_BOUND('',#2031,.T.);
#2031 = EDGE_LOOP('',(#2032,#2038,#2039,#2045));
#2032 = ORIENTED_EDGE('',*,*,#2033,.F.);
#2033 = EDGE_CURVE('',#1942,#1982,#2034,.T.);
#2034 = LINE('',#2035,#2036);
#2035 = CARTESIAN_POINT('',(20.,460.,910.));
#2036 = VECTOR('',#2037,1.);
#2037 = DIRECTION('',(1.,0.,0.));
#2038 = ORIENTED_EDGE('',*,*,#1949,.T.);
#2039 = ORIENTED_EDGE('',*,*,#2040,.T.);
#2040 = EDGE_CURVE('',#1950,#1990,#2041,.T.);
#2041 = LINE('',#2042,#2043);
#2042 = CARTESIAN_POINT('',(20.,460.,930.));
#2043 = VECTOR('',#2044,1.);
#2044 = DIRECTION('',(1.,0.,0.));
#2045 = ORIENTED_EDGE('',*,*,#1989,.F.);
#2046 = PLANE('',#2047);
#2047 = AXIS2_PLACEMENT_3D('',#2048,#2049,#2050);
#2048 = CARTESIAN_POINT('',(20.,460.,910.));
#2049 = DIRECTION('',(0.,1.,0.));
#2050 = DIRECTION('',(0.,0.,1.));
#2051 = ADVANCED_FACE('',(#2052),#2058,.F.);
#2052 = FACE_BOUND('',#2053,.F.);
#2053 = EDGE_LOOP('',(#2054,#2055,#2056,#2057));
#2054 = ORIENTED_EDGE('',*,*,#1941,.F.);
#2055 = ORIENTED_EDGE('',*,*,#2011,.T.);
#2056 = ORIENTED_EDGE('',*,*,#1981,.T.);
#2057 = ORIENTED_EDGE('',*,*,#2033,.F.);
#2058 = PLANE('',#2059);
#2059 = AXIS2_PLACEMENT_3D('',#2060,#2061,#2062);
#2060 = CARTESIAN_POINT('',(20.,440.,910.));
#2061 = DIRECTION('',(0.,0.,1.));
#2062 = DIRECTION('',(1.,0.,0.));
#2063 = ADVANCED_FACE('',(#2064),#2070,.T.);
#2064 = FACE_BOUND('',#2065,.T.);
#2065 = EDGE_LOOP('',(#2066,#2067,#2068,#2069));
#2066 = ORIENTED_EDGE('',*,*,#1957,.F.);
#2067 = ORIENTED_EDGE('',*,*,#2018,.T.);
#2068 = ORIENTED_EDGE('',*,*,#1997,.T.);
#2069 = ORIENTED_EDGE('',*,*,#2040,.F.);
#2070 = PLANE('',#2071);
#2071 = AXIS2_PLACEMENT_3D('',#2072,#2073,#2074);
#2072 = CARTESIAN_POINT('',(20.,440.,930.));
#2073 = DIRECTION('',(0.,0.,1.));
#2074 = DIRECTION('',(1.,0.,0.));
#2075 = MANIFOLD_SOLID_BREP('',#2076);
#2076 = CLOSED_SHELL('',(#2077,#2117,#2157,#2179,#2201,#2213));
#2077 = ADVANCED_FACE('',(#2078),#2112,.F.);
#2078 = FACE_BOUND('',#2079,.F.);
#2079 = EDGE_LOOP('',(#2080,#2090,#2098,#2106));
#2080 = ORIENTED_EDGE('',*,*,#2081,.F.);
#2081 = EDGE_CURVE('',#2082,#2084,#2086,.T.);
#2082 = VERTEX_POINT('',#2083);
#2083 = CARTESIAN_POINT('',(274.5,401.,335.));
#2084 = VERTEX_POINT('',#2085);
#2085 = CARTESIAN_POINT('',(274.5,401.,435.));
#2086 = LINE('',#2087,#2088);
#2087 = CARTESIAN_POINT('',(274.5,401.,335.));
#2088 = VECTOR('',#2089,1.);
#2089 = DIRECTION('',(0.,0.,1.));
#2090 = ORIENTED_EDGE('',*,*,#2091,.T.);
#2091 = EDGE_CURVE('',#2082,#2092,#2094,.T.);
#2092 = VERTEX_POINT('',#2093);
#2093 = CARTESIAN_POINT('',(274.5,421.,335.));
#2094 = LINE('',#2095,#2096);
#2095 = CARTESIAN_POINT('',(274.5,401.,335.));
#2096 = VECTOR('',#2097,1.);
#2097 = DIRECTION('',(0.,1.,0.));
#2098 = ORIENTED_EDGE('',*,*,#2099,.T.);
#2099 = EDGE_CURVE('',#2092,#2100,#2102,.T.);
#2100 = VERTEX_POINT('',#2101);
#2101 = CARTESIAN_POINT('',(274.5,421.,435.));
#2102 = LINE('',#2103,#2104);
#2103 = CARTESIAN_POINT('',(274.5,421.,335.));
#2104 = VECTOR('',#2105,1.);
#2105 = DIRECTION('',(0.,0.,1.));
#2106 = ORIENTED_EDGE('',*,*,#2107,.F.);
#2107 = EDGE_CURVE('',#2084,#2100,#2108,.T.);
#2108 = LINE('',#2109,#2110);
#2109 = CARTESIAN_POINT('',(274.5,401.,435.));
#2110 = VECTOR('',#2111,1.);
#2111 = DIRECTION('',(0.,1.,0.));
#2112 = PLANE('',#2113);
#2113 = AXIS2_PLACEMENT_3D('',#2114,#2115,#2116);
#2114 = CARTESIAN_POINT('',(274.5,401.,335.));
#2115 = DIRECTION('',(1.,0.,0.));
#2116 = DIRECTION('',(0.,0.,1.));
#2117 = ADVANCED_FACE('',(#2118),#2152,.T.);
#2118 = FACE_BOUND('',#2119,.T.);
#2119 = EDGE_LOOP('',(#2120,#2130,#2138,#2146));
#2120 = ORIENTED_EDGE('',*,*,#2121,.F.);
#2121 = EDGE_CURVE('',#2122,#2124,#2126,.T.);
#2122 = VERTEX_POINT('',#2123);
#2123 = CARTESIAN_POINT('',(294.5,401.,335.));
#2124 = VERTEX_POINT('',#2125);
#2125 = CARTESIAN_POINT('',(294.5,401.,435.));
#2126 = LINE('',#2127,#2128);
#2127 = CARTESIAN_POINT('',(294.5,401.,335.));
#2128 = VECTOR('',#2129,1.);
#2129 = DIRECTION('',(0.,0.,1.));
#2130 = ORIENTED_EDGE('',*,*,#2131,.T.);
#2131 = EDGE_CURVE('',#2122,#2132,#2134,.T.);
#2132 = VERTEX_POINT('',#2133);
#2133 = CARTESIAN_POINT('',(294.5,421.,335.));
#2134 = LINE('',#2135,#2136);
#2135 = CARTESIAN_POINT('',(294.5,401.,335.));
#2136 = VECTOR('',#2137,1.);
#2137 = DIRECTION('',(0.,1.,0.));
#2138 = ORIENTED_EDGE('',*,*,#2139,.T.);
#2139 = EDGE_CURVE('',#2132,#2140,#2142,.T.);
#2140 = VERTEX_POINT('',#2141);
#2141 = CARTESIAN_POINT('',(294.5,421.,435.));
#2142 = LINE('',#2143,#2144);
#2143 = CARTESIAN_POINT('',(294.5,421.,335.));
#2144 = VECTOR('',#2145,1.);
#2145 = DIRECTION('',(0.,0.,1.));
#2146 = ORIENTED_EDGE('',*,*,#2147,.F.);
#2147 = EDGE_CURVE('',#2124,#2140,#2148,.T.);
#2148 = LINE('',#2149,#2150);
#2149 = CARTESIAN_POINT('',(294.5,401.,435.));
#2150 = VECTOR('',#2151,1.);
#2151 = DIRECTION('',(0.,1.,0.));
#2152 = PLANE('',#2153);
#2153 = AXIS2_PLACEMENT_3D('',#2154,#2155,#2156);
#2154 = CARTESIAN_POINT('',(294.5,401.,335.));
#2155 = DIRECTION('',(1.,0.,0.));
#2156 = DIRECTION('',(0.,0.,1.));
#2157 = ADVANCED_FACE('',(#2158),#2174,.F.);
#2158 = FACE_BOUND('',#2159,.F.);
#2159 = EDGE_LOOP('',(#2160,#2166,#2167,#2173));
#2160 = ORIENTED_EDGE('',*,*,#2161,.F.);
#2161 = EDGE_CURVE('',#2082,#2122,#2162,.T.);
#2162 = LINE('',#2163,#2164);
#2163 = CARTESIAN_POINT('',(274.5,401.,335.));
#2164 = VECTOR('',#2165,1.);
#2165 = DIRECTION('',(1.,0.,0.));
#2166 = ORIENTED_EDGE('',*,*,#2081,.T.);
#2167 = ORIENTED_EDGE('',*,*,#2168,.T.);
#2168 = EDGE_CURVE('',#2084,#2124,#2169,.T.);
#2169 = LINE('',#2170,#2171);
#2170 = CARTESIAN_POINT('',(274.5,401.,435.));
#2171 = VECTOR('',#2172,1.);
#2172 = DIRECTION('',(1.,0.,0.));
#2173 = ORIENTED_EDGE('',*,*,#2121,.F.);
#2174 = PLANE('',#2175);
#2175 = AXIS2_PLACEMENT_3D('',#2176,#2177,#2178);
#2176 = CARTESIAN_POINT('',(274.5,401.,335.));
#2177 = DIRECTION('',(0.,1.,0.));
#2178 = DIRECTION('',(0.,0.,1.));
#2179 = ADVANCED_FACE('',(#2180),#2196,.T.);
#2180 = FACE_BOUND('',#2181,.T.);
#2181 = EDGE_LOOP('',(#2182,#2188,#2189,#2195));
#2182 = ORIENTED_EDGE('',*,*,#2183,.F.);
#2183 = EDGE_CURVE('',#2092,#2132,#2184,.T.);
#2184 = LINE('',#2185,#2186);
#2185 = CARTESIAN_POINT('',(274.5,421.,335.));
#2186 = VECTOR('',#2187,1.);
#2187 = DIRECTION('',(1.,0.,0.));
#2188 = ORIENTED_EDGE('',*,*,#2099,.T.);
#2189 = ORIENTED_EDGE('',*,*,#2190,.T.);
#2190 = EDGE_CURVE('',#2100,#2140,#2191,.T.);
#2191 = LINE('',#2192,#2193);
#2192 = CARTESIAN_POINT('',(274.5,421.,435.));
#2193 = VECTOR('',#2194,1.);
#2194 = DIRECTION('',(1.,0.,0.));
#2195 = ORIENTED_EDGE('',*,*,#2139,.F.);
#2196 = PLANE('',#2197);
#2197 = AXIS2_PLACEMENT_3D('',#2198,#2199,#2200);
#2198 = CARTESIAN_POINT('',(274.5,421.,335.));
#2199 = DIRECTION('',(0.,1.,0.));
#2200 = DIRECTION('',(0.,0.,1.));
#2201 = ADVANCED_FACE('',(#2202),#2208,.F.);
#2202 = FACE_BOUND('',#2203,.F.);
#2203 = EDGE_LOOP('',(#2204,#2205,#2206,#2207));
#2204 = ORIENTED_EDGE('',*,*,#2091,.F.);
#2205 = ORIENTED_EDGE('',*,*,#2161,.T.);
#2206 = ORIENTED_EDGE('',*,*,#2131,.T.);
#2207 = ORIENTED_EDGE('',*,*,#2183,.F.);
#2208 = PLANE('',#2209);
#2209 = AXIS2_PLACEMENT_3D('',#2210,#2211,#2212);
#2210 = CARTESIAN_POINT('',(274.5,401.,335.));
#2211 = DIRECTION('',(0.,0.,1.));
#2212 = DIRECTION('',(1.,0.,0.));
#2213 = ADVANCED_FACE('',(#2214),#2220,.T.);
#2214 = FACE_BOUND('',#2215,.T.);
#2215 = EDGE_LOOP('',(#2216,#2217,#2218,#2219));
#2216 = ORIENTED_EDGE('',*,*,#2107,.F.);
#2217 = ORIENTED_EDGE('',*,*,#2168,.T.);
#2218 = ORIENTED_EDGE('',*,*,#2147,.T.);
#2219 = ORIENTED_EDGE('',*,*,#2190,.F.);
#2220 = PLANE('',#2221);
#2221 = AXIS2_PLACEMENT_3D('',#2222,#2223,#2224);
#2222 = CARTESIAN_POINT('',(274.5,401.,435.));
#2223 = DIRECTION('',(0.,0.,1.));
#2224 = DIRECTION('',(1.,0.,0.));
#2225 = MANIFOLD_SOLID_BREP('',#2226);
#2226 = CLOSED_SHELL('',(#2227,#2267,#2307,#2329,#2351,#2363));
#2227 = ADVANCED_FACE('',(#2228),#2262,.F.);
#2228 = FACE_BOUND('',#2229,.F.);
#2229 = EDGE_LOOP('',(#2230,#2240,#2248,#2256));
#2230 = ORIENTED_EDGE('',*,*,#2231,.F.);
#2231 = EDGE_CURVE('',#2232,#2234,#2236,.T.);
#2232 = VERTEX_POINT('',#2233);
#2233 = CARTESIAN_POINT('',(345.5,401.,335.));
#2234 = VERTEX_POINT('',#2235);
#2235 = CARTESIAN_POINT('',(345.5,401.,435.));
#2236 = LINE('',#2237,#2238);
#2237 = CARTESIAN_POINT('',(345.5,401.,335.));
#2238 = VECTOR('',#2239,1.);
#2239 = DIRECTION('',(0.,0.,1.));
#2240 = ORIENTED_EDGE('',*,*,#2241,.T.);
#2241 = EDGE_CURVE('',#2232,#2242,#2244,.T.);
#2242 = VERTEX_POINT('',#2243);
#2243 = CARTESIAN_POINT('',(345.5,421.,335.));
#2244 = LINE('',#2245,#2246);
#2245 = CARTESIAN_POINT('',(345.5,401.,335.));
#2246 = VECTOR('',#2247,1.);
#2247 = DIRECTION('',(0.,1.,0.));
#2248 = ORIENTED_EDGE('',*,*,#2249,.T.);
#2249 = EDGE_CURVE('',#2242,#2250,#2252,.T.);
#2250 = VERTEX_POINT('',#2251);
#2251 = CARTESIAN_POINT('',(345.5,421.,435.));
#2252 = LINE('',#2253,#2254);
#2253 = CARTESIAN_POINT('',(345.5,421.,335.));
#2254 = VECTOR('',#2255,1.);
#2255 = DIRECTION('',(0.,0.,1.));
#2256 = ORIENTED_EDGE('',*,*,#2257,.F.);
#2257 = EDGE_CURVE('',#2234,#2250,#2258,.T.);
#2258 = LINE('',#2259,#2260);
#2259 = CARTESIAN_POINT('',(345.5,401.,435.));
#2260 = VECTOR('',#2261,1.);
#2261 = DIRECTION('',(0.,1.,0.));
#2262 = PLANE('',#2263);
#2263 = AXIS2_PLACEMENT_3D('',#2264,#2265,#2266);
#2264 = CARTESIAN_POINT('',(345.5,401.,335.));
#2265 = DIRECTION('',(1.,0.,0.));
#2266 = DIRECTION('',(0.,0.,1.));
#2267 = ADVANCED_FACE('',(#2268),#2302,.T.);
#2268 = FACE_BOUND('',#2269,.T.);
#2269 = EDGE_LOOP('',(#2270,#2280,#2288,#2296));
#2270 = ORIENTED_EDGE('',*,*,#2271,.F.);
#2271 = EDGE_CURVE('',#2272,#2274,#2276,.T.);
#2272 = VERTEX_POINT('',#2273);
#2273 = CARTESIAN_POINT('',(365.5,401.,335.));
#2274 = VERTEX_POINT('',#2275);
#2275 = CARTESIAN_POINT('',(365.5,401.,435.));
#2276 = LINE('',#2277,#2278);
#2277 = CARTESIAN_POINT('',(365.5,401.,335.));
#2278 = VECTOR('',#2279,1.);
#2279 = DIRECTION('',(0.,0.,1.));
#2280 = ORIENTED_EDGE('',*,*,#2281,.T.);
#2281 = EDGE_CURVE('',#2272,#2282,#2284,.T.);
#2282 = VERTEX_POINT('',#2283);
#2283 = CARTESIAN_POINT('',(365.5,421.,335.));
#2284 = LINE('',#2285,#2286);
#2285 = CARTESIAN_POINT('',(365.5,401.,335.));
#2286 = VECTOR('',#2287,1.);
#2287 = DIRECTION('',(0.,1.,0.));
#2288 = ORIENTED_EDGE('',*,*,#2289,.T.);
#2289 = EDGE_CURVE('',#2282,#2290,#2292,.T.);
#2290 = VERTEX_POINT('',#2291);
#2291 = CARTESIAN_POINT('',(365.5,421.,435.));
#2292 = LINE('',#2293,#2294);
#2293 = CARTESIAN_POINT('',(365.5,421.,335.));
#2294 = VECTOR('',#2295,1.);
#2295 = DIRECTION('',(0.,0.,1.));
#2296 = ORIENTED_EDGE('',*,*,#2297,.F.);
#2297 = EDGE_CURVE('',#2274,#2290,#2298,.T.);
#2298 = LINE('',#2299,#2300);
#2299 = CARTESIAN_POINT('',(365.5,401.,435.));
#2300 = VECTOR('',#2301,1.);
#2301 = DIRECTION('',(0.,1.,0.));
#2302 = PLANE('',#2303);
#2303 = AXIS2_PLACEMENT_3D('',#2304,#2305,#2306);
#2304 = CARTESIAN_POINT('',(365.5,401.,335.));
#2305 = DIRECTION('',(1.,0.,0.));
#2306 = DIRECTION('',(0.,0.,1.));
#2307 = ADVANCED_FACE('',(#2308),#2324,.F.);
#2308 = FACE_BOUND('',#2309,.F.);
#2309 = EDGE_LOOP('',(#2310,#2316,#2317,#2323));
#2310 = ORIENTED_EDGE('',*,*,#2311,.F.);
#2311 = EDGE_CURVE('',#2232,#2272,#2312,.T.);
#2312 = LINE('',#2313,#2314);
#2313 = CARTESIAN_POINT('',(345.5,401.,335.));
#2314 = VECTOR('',#2315,1.);
#2315 = DIRECTION('',(1.,0.,0.));
#2316 = ORIENTED_EDGE('',*,*,#2231,.T.);
#2317 = ORIENTED_EDGE('',*,*,#2318,.T.);
#2318 = EDGE_CURVE('',#2234,#2274,#2319,.T.);
#2319 = LINE('',#2320,#2321);
#2320 = CARTESIAN_POINT('',(345.5,401.,435.));
#2321 = VECTOR('',#2322,1.);
#2322 = DIRECTION('',(1.,0.,0.));
#2323 = ORIENTED_EDGE('',*,*,#2271,.F.);
#2324 = PLANE('',#2325);
#2325 = AXIS2_PLACEMENT_3D('',#2326,#2327,#2328);
#2326 = CARTESIAN_POINT('',(345.5,401.,335.));
#2327 = DIRECTION('',(0.,1.,0.));
#2328 = DIRECTION('',(0.,0.,1.));
#2329 = ADVANCED_FACE('',(#2330),#2346,.T.);
#2330 = FACE_BOUND('',#2331,.T.);
#2331 = EDGE_LOOP('',(#2332,#2338,#2339,#2345));
#2332 = ORIENTED_EDGE('',*,*,#2333,.F.);
#2333 = EDGE_CURVE('',#2242,#2282,#2334,.T.);
#2334 = LINE('',#2335,#2336);
#2335 = CARTESIAN_POINT('',(345.5,421.,335.));
#2336 = VECTOR('',#2337,1.);
#2337 = DIRECTION('',(1.,0.,0.));
#2338 = ORIENTED_EDGE('',*,*,#2249,.T.);
#2339 = ORIENTED_EDGE('',*,*,#2340,.T.);
#2340 = EDGE_CURVE('',#2250,#2290,#2341,.T.);
#2341 = LINE('',#2342,#2343);
#2342 = CARTESIAN_POINT('',(345.5,421.,435.));
#2343 = VECTOR('',#2344,1.);
#2344 = DIRECTION('',(1.,0.,0.));
#2345 = ORIENTED_EDGE('',*,*,#2289,.F.);
#2346 = PLANE('',#2347);
#2347 = AXIS2_PLACEMENT_3D('',#2348,#2349,#2350);
#2348 = CARTESIAN_POINT('',(345.5,421.,335.));
#2349 = DIRECTION('',(0.,1.,0.));
#2350 = DIRECTION('',(0.,0.,1.));
#2351 = ADVANCED_FACE('',(#2352),#2358,.F.);
#2352 = FACE_BOUND('',#2353,.F.);
#2353 = EDGE_LOOP('',(#2354,#2355,#2356,#2357));
#2354 = ORIENTED_EDGE('',*,*,#2241,.F.);
#2355 = ORIENTED_EDGE('',*,*,#2311,.T.);
#2356 = ORIENTED_EDGE('',*,*,#2281,.T.);
#2357 = ORIENTED_EDGE('',*,*,#2333,.F.);
#2358 = PLANE('',#2359);
#2359 = AXIS2_PLACEMENT_3D('',#2360,#2361,#2362);
#2360 = CARTESIAN_POINT('',(345.5,401.,335.));
#2361 = DIRECTION('',(0.,0.,1.));
#2362 = DIRECTION('',(1.,0.,0.));
#2363 = ADVANCED_FACE('',(#2364),#2370,.T.);
#2364 = FACE_BOUND('',#2365,.T.);
#2365 = EDGE_LOOP('',(#2366,#2367,#2368,#2369));
#2366 = ORIENTED_EDGE('',*,*,#2257,.F.);
#2367 = ORIENTED_EDGE('',*,*,#2318,.T.);
#2368 = ORIENTED_EDGE('',*,*,#2297,.T.);
#2369 = ORIENTED_EDGE('',*,*,#2340,.F.);
#2370 = PLANE('',#2371);
#2371 = AXIS2_PLACEMENT_3D('',#2372,#2373,#2374);
#2372 = CARTESIAN_POINT('',(345.5,401.,435.));
#2373 = DIRECTION('',(0.,0.,1.));
#2374 = DIRECTION('',(1.,0.,0.));
#2375 = MANIFOLD_SOLID_BREP('',#2376);
#2376 = CLOSED_SHELL('',(#2377,#2417,#2457,#2479,#2501,#2513));
#2377 = ADVANCED_FACE('',(#2378),#2412,.F.);
#2378 = FACE_BOUND('',#2379,.F.);
#2379 = EDGE_LOOP('',(#2380,#2390,#2398,#2406));
#2380 = ORIENTED_EDGE('',*,*,#2381,.F.);
#2381 = EDGE_CURVE('',#2382,#2384,#2386,.T.);
#2382 = VERTEX_POINT('',#2383);
#2383 = CARTESIAN_POINT('',(335.,440.,786.));
#2384 = VERTEX_POINT('',#2385);
#2385 = CARTESIAN_POINT('',(335.,440.,910.));
#2386 = LINE('',#2387,#2388);
#2387 = CARTESIAN_POINT('',(335.,440.,786.));
#2388 = VECTOR('',#2389,1.);
#2389 = DIRECTION('',(0.,0.,1.));
#2390 = ORIENTED_EDGE('',*,*,#2391,.T.);
#2391 = EDGE_CURVE('',#2382,#2392,#2394,.T.);
#2392 = VERTEX_POINT('',#2393);
#2393 = CARTESIAN_POINT('',(335.,460.,786.));
#2394 = LINE('',#2395,#2396);
#2395 = CARTESIAN_POINT('',(335.,440.,786.));
#2396 = VECTOR('',#2397,1.);
#2397 = DIRECTION('',(0.,1.,0.));
#2398 = ORIENTED_EDGE('',*,*,#2399,.T.);
#2399 = EDGE_CURVE('',#2392,#2400,#2402,.T.);
#2400 = VERTEX_POINT('',#2401);
#2401 = CARTESIAN_POINT('',(335.,460.,910.));
#2402 = LINE('',#2403,#2404);
#2403 = CARTESIAN_POINT('',(335.,460.,786.));
#2404 = VECTOR('',#2405,1.);
#2405 = DIRECTION('',(0.,0.,1.));
#2406 = ORIENTED_EDGE('',*,*,#2407,.F.);
#2407 = EDGE_CURVE('',#2384,#2400,#2408,.T.);
#2408 = LINE('',#2409,#2410);
#2409 = CARTESIAN_POINT('',(335.,440.,910.));
#2410 = VECTOR('',#2411,1.);
#2411 = DIRECTION('',(0.,1.,0.));
#2412 = PLANE('',#2413);
#2413 = AXIS2_PLACEMENT_3D('',#2414,#2415,#2416);
#2414 = CARTESIAN_POINT('',(335.,440.,786.));
#2415 = DIRECTION('',(1.,0.,0.));
#2416 = DIRECTION('',(0.,0.,1.));
#2417 = ADVANCED_FACE('',(#2418),#2452,.T.);
#2418 = FACE_BOUND('',#2419,.T.);
#2419 = EDGE_LOOP('',(#2420,#2430,#2438,#2446));
#2420 = ORIENTED_EDGE('',*,*,#2421,.F.);
#2421 = EDGE_CURVE('',#2422,#2424,#2426,.T.);
#2422 = VERTEX_POINT('',#2423);
#2423 = CARTESIAN_POINT('',(355.,440.,786.));
#2424 = VERTEX_POINT('',#2425);
#2425 = CARTESIAN_POINT('',(355.,440.,910.));
#2426 = LINE('',#2427,#2428);
#2427 = CARTESIAN_POINT('',(355.,440.,786.));
#2428 = VECTOR('',#2429,1.);
#2429 = DIRECTION('',(0.,0.,1.));
#2430 = ORIENTED_EDGE('',*,*,#2431,.T.);
#2431 = EDGE_CURVE('',#2422,#2432,#2434,.T.);
#2432 = VERTEX_POINT('',#2433);
#2433 = CARTESIAN_POINT('',(355.,460.,786.));
#2434 = LINE('',#2435,#2436);
#2435 = CARTESIAN_POINT('',(355.,440.,786.));
#2436 = VECTOR('',#2437,1.);
#2437 = DIRECTION('',(0.,1.,0.));
#2438 = ORIENTED_EDGE('',*,*,#2439,.T.);
#2439 = EDGE_CURVE('',#2432,#2440,#2442,.T.);
#2440 = VERTEX_POINT('',#2441);
#2441 = CARTESIAN_POINT('',(355.,460.,910.));
#2442 = LINE('',#2443,#2444);
#2443 = CARTESIAN_POINT('',(355.,460.,786.));
#2444 = VECTOR('',#2445,1.);
#2445 = DIRECTION('',(0.,0.,1.));
#2446 = ORIENTED_EDGE('',*,*,#2447,.F.);
#2447 = EDGE_CURVE('',#2424,#2440,#2448,.T.);
#2448 = LINE('',#2449,#2450);
#2449 = CARTESIAN_POINT('',(355.,440.,910.));
#2450 = VECTOR('',#2451,1.);
#2451 = DIRECTION('',(0.,1.,0.));
#2452 = PLANE('',#2453);
#2453 = AXIS2_PLACEMENT_3D('',#2454,#2455,#2456);
#2454 = CARTESIAN_POINT('',(355.,440.,786.));
#2455 = DIRECTION('',(1.,0.,0.));
#2456 = DIRECTION('',(0.,0.,1.));
#2457 = ADVANCED_FACE('',(#2458),#2474,.F.);
#2458 = FACE_BOUND('',#2459,.F.);
#2459 = EDGE_LOOP('',(#2460,#2466,#2467,#2473));
#2460 = ORIENTED_EDGE('',*,*,#2461,.F.);
#2461 = EDGE_CURVE('',#2382,#2422,#2462,.T.);
#2462 = LINE('',#2463,#2464);
#2463 = CARTESIAN_POINT('',(335.,440.,786.));
#2464 = VECTOR('',#2465,1.);
#2465 = DIRECTION('',(1.,0.,0.));
#2466 = ORIENTED_EDGE('',*,*,#2381,.T.);
#2467 = ORIENTED_EDGE('',*,*,#2468,.T.);
#2468 = EDGE_CURVE('',#2384,#2424,#2469,.T.);
#2469 = LINE('',#2470,#2471);
#2470 = CARTESIAN_POINT('',(335.,440.,910.));
#2471 = VECTOR('',#2472,1.);
#2472 = DIRECTION('',(1.,0.,0.));
#2473 = ORIENTED_EDGE('',*,*,#2421,.F.);
#2474 = PLANE('',#2475);
#2475 = AXIS2_PLACEMENT_3D('',#2476,#2477,#2478);
#2476 = CARTESIAN_POINT('',(335.,440.,786.));
#2477 = DIRECTION('',(0.,1.,0.));
#2478 = DIRECTION('',(0.,0.,1.));
#2479 = ADVANCED_FACE('',(#2480),#2496,.T.);
#2480 = FACE_BOUND('',#2481,.T.);
#2481 = EDGE_LOOP('',(#2482,#2488,#2489,#2495));
#2482 = ORIENTED_EDGE('',*,*,#2483,.F.);
#2483 = EDGE_CURVE('',#2392,#2432,#2484,.T.);
#2484 = LINE('',#2485,#2486);
#2485 = CARTESIAN_POINT('',(335.,460.,786.));
#2486 = VECTOR('',#2487,1.);
#2487 = DIRECTION('',(1.,0.,0.));
#2488 = ORIENTED_EDGE('',*,*,#2399,.T.);
#2489 = ORIENTED_EDGE('',*,*,#2490,.T.);
#2490 = EDGE_CURVE('',#2400,#2440,#2491,.T.);
#2491 = LINE('',#2492,#2493);
#2492 = CARTESIAN_POINT('',(335.,460.,910.));
#2493 = VECTOR('',#2494,1.);
#2494 = DIRECTION('',(1.,0.,0.));
#2495 = ORIENTED_EDGE('',*,*,#2439,.F.);
#2496 = PLANE('',#2497);
#2497 = AXIS2_PLACEMENT_3D('',#2498,#2499,#2500);
#2498 = CARTESIAN_POINT('',(335.,460.,786.));
#2499 = DIRECTION('',(0.,1.,0.));
#2500 = DIRECTION('',(0.,0.,1.));
#2501 = ADVANCED_FACE('',(#2502),#2508,.F.);
#2502 = FACE_BOUND('',#2503,.F.);
#2503 = EDGE_LOOP('',(#2504,#2505,#2506,#2507));
#2504 = ORIENTED_EDGE('',*,*,#2391,.F.);
#2505 = ORIENTED_EDGE('',*,*,#2461,.T.);
#2506 = ORIENTED_EDGE('',*,*,#2431,.T.);
#2507 = ORIENTED_EDGE('',*,*,#2483,.F.);
#2508 = PLANE('',#2509);
#2509 = AXIS2_PLACEMENT_3D('',#2510,#2511,#2512);
#2510 = CARTESIAN_POINT('',(335.,440.,786.));
#2511 = DIRECTION('',(0.,0.,1.));
#2512 = DIRECTION('',(1.,0.,0.));
#2513 = ADVANCED_FACE('',(#2514),#2520,.T.);
#2514 = FACE_BOUND('',#2515,.T.);
#2515 = EDGE_LOOP('',(#2516,#2517,#2518,#2519));
#2516 = ORIENTED_EDGE('',*,*,#2407,.F.);
#2517 = ORIENTED_EDGE('',*,*,#2468,.T.);
#2518 = ORIENTED_EDGE('',*,*,#2447,.T.);
#2519 = ORIENTED_EDGE('',*,*,#2490,.F.);
#2520 = PLANE('',#2521);
#2521 = AXIS2_PLACEMENT_3D('',#2522,#2523,#2524);
#2522 = CARTESIAN_POINT('',(335.,440.,910.));
#2523 = DIRECTION('',(0.,0.,1.));
#2524 = DIRECTION('',(1.,0.,0.));
#2525 = MANIFOLD_SOLID_BREP('',#2526);
#2526 = CLOSED_SHELL('',(#2527,#2567,#2598,#2710,#2734,#2839,#2851,#2868
    ,#2885,#2902,#2919,#2936,#2953,#2970));
#2527 = ADVANCED_FACE('',(#2528),#2562,.F.);
#2528 = FACE_BOUND('',#2529,.F.);
#2529 = EDGE_LOOP('',(#2530,#2540,#2548,#2556));
#2530 = ORIENTED_EDGE('',*,*,#2531,.F.);
#2531 = EDGE_CURVE('',#2532,#2534,#2536,.T.);
#2532 = VERTEX_POINT('',#2533);
#2533 = CARTESIAN_POINT('',(40.,50.,530.));
#2534 = VERTEX_POINT('',#2535);
#2535 = CARTESIAN_POINT('',(40.,50.,536.));
#2536 = LINE('',#2537,#2538);
#2537 = CARTESIAN_POINT('',(40.,50.,530.));
#2538 = VECTOR('',#2539,1.);
#2539 = DIRECTION('',(0.,0.,1.));
#2540 = ORIENTED_EDGE('',*,*,#2541,.T.);
#2541 = EDGE_CURVE('',#2532,#2542,#2544,.T.);
#2542 = VERTEX_POINT('',#2543);
#2543 = CARTESIAN_POINT('',(40.,303.,530.));
#2544 = LINE('',#2545,#2546);
#2545 = CARTESIAN_POINT('',(40.,50.,530.));
#2546 = VECTOR('',#2547,1.);
#2547 = DIRECTION('',(0.,1.,0.));
#2548 = ORIENTED_EDGE('',*,*,#2549,.T.);
#2549 = EDGE_CURVE('',#2542,#2550,#2552,.T.);
#2550 = VERTEX_POINT('',#2551);
#2551 = CARTESIAN_POINT('',(40.,303.,536.));
#2552 = LINE('',#2553,#2554);
#2553 = CARTESIAN_POINT('',(40.,303.,530.));
#2554 = VECTOR('',#2555,1.);
#2555 = DIRECTION('',(0.,0.,1.));
#2556 = ORIENTED_EDGE('',*,*,#2557,.F.);
#2557 = EDGE_CURVE('',#2534,#2550,#2558,.T.);
#2558 = LINE('',#2559,#2560);
#2559 = CARTESIAN_POINT('',(40.,50.,536.));
#2560 = VECTOR('',#2561,1.);
#2561 = DIRECTION('',(0.,1.,0.));
#2562 = PLANE('',#2563);
#2563 = AXIS2_PLACEMENT_3D('',#2564,#2565,#2566);
#2564 = CARTESIAN_POINT('',(40.,50.,530.));
#2565 = DIRECTION('',(1.,0.,0.));
#2566 = DIRECTION('',(0.,0.,1.));
#2567 = ADVANCED_FACE('',(#2568),#2593,.F.);
#2568 = FACE_BOUND('',#2569,.F.);
#2569 = EDGE_LOOP('',(#2570,#2578,#2579,#2587));
#2570 = ORIENTED_EDGE('',*,*,#2571,.F.);
#2571 = EDGE_CURVE('',#2532,#2572,#2574,.T.);
#2572 = VERTEX_POINT('',#2573);
#2573 = CARTESIAN_POINT('',(275.,50.,530.));
#2574 = LINE('',#2575,#2576);
#2575 = CARTESIAN_POINT('',(40.,50.,530.));
#2576 = VECTOR('',#2577,1.);
#2577 = DIRECTION('',(1.,0.,0.));
#2578 = ORIENTED_EDGE('',*,*,#2531,.T.);
#2579 = ORIENTED_EDGE('',*,*,#2580,.T.);
#2580 = EDGE_CURVE('',#2534,#2581,#2583,.T.);
#2581 = VERTEX_POINT('',#2582);
#2582 = CARTESIAN_POINT('',(275.,50.,536.));
#2583 = LINE('',#2584,#2585);
#2584 = CARTESIAN_POINT('',(40.,50.,536.));
#2585 = VECTOR('',#2586,1.);
#2586 = DIRECTION('',(1.,0.,0.));
#2587 = ORIENTED_EDGE('',*,*,#2588,.F.);
#2588 = EDGE_CURVE('',#2572,#2581,#2589,.T.);
#2589 = LINE('',#2590,#2591);
#2590 = CARTESIAN_POINT('',(275.,50.,530.));
#2591 = VECTOR('',#2592,1.);
#2592 = DIRECTION('',(0.,0.,1.));
#2593 = PLANE('',#2594);
#2594 = AXIS2_PLACEMENT_3D('',#2595,#2596,#2597);
#2595 = CARTESIAN_POINT('',(40.,50.,530.));
#2596 = DIRECTION('',(0.,1.,0.));
#2597 = DIRECTION('',(0.,0.,1.));
#2598 = ADVANCED_FACE('',(#2599,#2617,#2628,#2639,#2650,#2661,#2672,
    #2683,#2694),#2705,.T.);
#2599 = FACE_BOUND('',#2600,.T.);
#2600 = EDGE_LOOP('',(#2601,#2602,#2603,#2611));
#2601 = ORIENTED_EDGE('',*,*,#2557,.F.);
#2602 = ORIENTED_EDGE('',*,*,#2580,.T.);
#2603 = ORIENTED_EDGE('',*,*,#2604,.T.);
#2604 = EDGE_CURVE('',#2581,#2605,#2607,.T.);
#2605 = VERTEX_POINT('',#2606);
#2606 = CARTESIAN_POINT('',(275.,303.,536.));
#2607 = LINE('',#2608,#2609);
#2608 = CARTESIAN_POINT('',(275.,50.,536.));
#2609 = VECTOR('',#2610,1.);
#2610 = DIRECTION('',(0.,1.,0.));
#2611 = ORIENTED_EDGE('',*,*,#2612,.F.);
#2612 = EDGE_CURVE('',#2550,#2605,#2613,.T.);
#2613 = LINE('',#2614,#2615);
#2614 = CARTESIAN_POINT('',(40.,303.,536.));
#2615 = VECTOR('',#2616,1.);
#2616 = DIRECTION('',(1.,0.,0.));
#2617 = FACE_BOUND('',#2618,.T.);
#2618 = EDGE_LOOP('',(#2619));
#2619 = ORIENTED_EDGE('',*,*,#2620,.F.);
#2620 = EDGE_CURVE('',#2621,#2621,#2623,.T.);
#2621 = VERTEX_POINT('',#2622);
#2622 = CARTESIAN_POINT('',(93.3,100.,536.));
#2623 = CIRCLE('',#2624,3.3);
#2624 = AXIS2_PLACEMENT_3D('',#2625,#2626,#2627);
#2625 = CARTESIAN_POINT('',(90.,100.,536.));
#2626 = DIRECTION('',(0.,0.,1.));
#2627 = DIRECTION('',(1.,0.,0.));
#2628 = FACE_BOUND('',#2629,.T.);
#2629 = EDGE_LOOP('',(#2630));
#2630 = ORIENTED_EDGE('',*,*,#2631,.F.);
#2631 = EDGE_CURVE('',#2632,#2632,#2634,.T.);
#2632 = VERTEX_POINT('',#2633);
#2633 = CARTESIAN_POINT('',(223.3,100.,536.));
#2634 = CIRCLE('',#2635,3.3);
#2635 = AXIS2_PLACEMENT_3D('',#2636,#2637,#2638);
#2636 = CARTESIAN_POINT('',(220.,100.,536.));
#2637 = DIRECTION('',(0.,0.,1.));
#2638 = DIRECTION('',(1.,0.,0.));
#2639 = FACE_BOUND('',#2640,.T.);
#2640 = EDGE_LOOP('',(#2641));
#2641 = ORIENTED_EDGE('',*,*,#2642,.F.);
#2642 = EDGE_CURVE('',#2643,#2643,#2645,.T.);
#2643 = VERTEX_POINT('',#2644);
#2644 = CARTESIAN_POINT('',(57.75,233.,536.));
#2645 = CIRCLE('',#2646,2.75);
#2646 = AXIS2_PLACEMENT_3D('',#2647,#2648,#2649);
#2647 = CARTESIAN_POINT('',(55.,233.,536.));
#2648 = DIRECTION('',(0.,0.,1.));
#2649 = DIRECTION('',(1.,0.,0.));
#2650 = FACE_BOUND('',#2651,.T.);
#2651 = EDGE_LOOP('',(#2652));
#2652 = ORIENTED_EDGE('',*,*,#2653,.F.);
#2653 = EDGE_CURVE('',#2654,#2654,#2656,.T.);
#2654 = VERTEX_POINT('',#2655);
#2655 = CARTESIAN_POINT('',(57.75,293.,536.));
#2656 = CIRCLE('',#2657,2.75);
#2657 = AXIS2_PLACEMENT_3D('',#2658,#2659,#2660);
#2658 = CARTESIAN_POINT('',(55.,293.,536.));
#2659 = DIRECTION('',(0.,0.,1.));
#2660 = DIRECTION('',(1.,0.,0.));
#2661 = FACE_BOUND('',#2662,.T.);
#2662 = EDGE_LOOP('',(#2663));
#2663 = ORIENTED_EDGE('',*,*,#2664,.F.);
#2664 = EDGE_CURVE('',#2665,#2665,#2667,.T.);
#2665 = VERTEX_POINT('',#2666);
#2666 = CARTESIAN_POINT('',(93.3,280.,536.));
#2667 = CIRCLE('',#2668,3.3);
#2668 = AXIS2_PLACEMENT_3D('',#2669,#2670,#2671);
#2669 = CARTESIAN_POINT('',(90.,280.,536.));
#2670 = DIRECTION('',(0.,0.,1.));
#2671 = DIRECTION('',(1.,0.,0.));
#2672 = FACE_BOUND('',#2673,.T.);
#2673 = EDGE_LOOP('',(#2674));
#2674 = ORIENTED_EDGE('',*,*,#2675,.F.);
#2675 = EDGE_CURVE('',#2676,#2676,#2678,.T.);
#2676 = VERTEX_POINT('',#2677);
#2677 = CARTESIAN_POINT('',(250.75,233.,536.));
#2678 = CIRCLE('',#2679,2.75);
#2679 = AXIS2_PLACEMENT_3D('',#2680,#2681,#2682);
#2680 = CARTESIAN_POINT('',(248.,233.,536.));
#2681 = DIRECTION('',(0.,0.,1.));
#2682 = DIRECTION('',(1.,0.,0.));
#2683 = FACE_BOUND('',#2684,.T.);
#2684 = EDGE_LOOP('',(#2685));
#2685 = ORIENTED_EDGE('',*,*,#2686,.F.);
#2686 = EDGE_CURVE('',#2687,#2687,#2689,.T.);
#2687 = VERTEX_POINT('',#2688);
#2688 = CARTESIAN_POINT('',(223.3,280.,536.));
#2689 = CIRCLE('',#2690,3.3);
#2690 = AXIS2_PLACEMENT_3D('',#2691,#2692,#2693);
#2691 = CARTESIAN_POINT('',(220.,280.,536.));
#2692 = DIRECTION('',(0.,0.,1.));
#2693 = DIRECTION('',(1.,0.,0.));
#2694 = FACE_BOUND('',#2695,.T.);
#2695 = EDGE_LOOP('',(#2696));
#2696 = ORIENTED_EDGE('',*,*,#2697,.F.);
#2697 = EDGE_CURVE('',#2698,#2698,#2700,.T.);
#2698 = VERTEX_POINT('',#2699);
#2699 = CARTESIAN_POINT('',(250.75,293.,536.));
#2700 = CIRCLE('',#2701,2.75);
#2701 = AXIS2_PLACEMENT_3D('',#2702,#2703,#2704);
#2702 = CARTESIAN_POINT('',(248.,293.,536.));
#2703 = DIRECTION('',(0.,0.,1.));
#2704 = DIRECTION('',(1.,0.,0.));
#2705 = PLANE('',#2706);
#2706 = AXIS2_PLACEMENT_3D('',#2707,#2708,#2709);
#2707 = CARTESIAN_POINT('',(40.,50.,536.));
#2708 = DIRECTION('',(0.,0.,1.));
#2709 = DIRECTION('',(1.,0.,0.));
#2710 = ADVANCED_FACE('',(#2711),#2729,.T.);
#2711 = FACE_BOUND('',#2712,.T.);
#2712 = EDGE_LOOP('',(#2713,#2721,#2722,#2723));
#2713 = ORIENTED_EDGE('',*,*,#2714,.F.);
#2714 = EDGE_CURVE('',#2542,#2715,#2717,.T.);
#2715 = VERTEX_POINT('',#2716);
#2716 = CARTESIAN_POINT('',(275.,303.,530.));
#2717 = LINE('',#2718,#2719);
#2718 = CARTESIAN_POINT('',(40.,303.,530.));
#2719 = VECTOR('',#2720,1.);
#2720 = DIRECTION('',(1.,0.,0.));
#2721 = ORIENTED_EDGE('',*,*,#2549,.T.);
#2722 = ORIENTED_EDGE('',*,*,#2612,.T.);
#2723 = ORIENTED_EDGE('',*,*,#2724,.F.);
#2724 = EDGE_CURVE('',#2715,#2605,#2725,.T.);
#2725 = LINE('',#2726,#2727);
#2726 = CARTESIAN_POINT('',(275.,303.,530.));
#2727 = VECTOR('',#2728,1.);
#2728 = DIRECTION('',(0.,0.,1.));
#2729 = PLANE('',#2730);
#2730 = AXIS2_PLACEMENT_3D('',#2731,#2732,#2733);
#2731 = CARTESIAN_POINT('',(40.,303.,530.));
#2732 = DIRECTION('',(0.,1.,0.));
#2733 = DIRECTION('',(0.,0.,1.));
#2734 = ADVANCED_FACE('',(#2735,#2746,#2757,#2768,#2779,#2790,#2801,
    #2812,#2823),#2834,.F.);
#2735 = FACE_BOUND('',#2736,.F.);
#2736 = EDGE_LOOP('',(#2737,#2738,#2739,#2745));
#2737 = ORIENTED_EDGE('',*,*,#2541,.F.);
#2738 = ORIENTED_EDGE('',*,*,#2571,.T.);
#2739 = ORIENTED_EDGE('',*,*,#2740,.T.);
#2740 = EDGE_CURVE('',#2572,#2715,#2741,.T.);
#2741 = LINE('',#2742,#2743);
#2742 = CARTESIAN_POINT('',(275.,50.,530.));
#2743 = VECTOR('',#2744,1.);
#2744 = DIRECTION('',(0.,1.,0.));
#2745 = ORIENTED_EDGE('',*,*,#2714,.F.);
#2746 = FACE_BOUND('',#2747,.F.);
#2747 = EDGE_LOOP('',(#2748));
#2748 = ORIENTED_EDGE('',*,*,#2749,.F.);
#2749 = EDGE_CURVE('',#2750,#2750,#2752,.T.);
#2750 = VERTEX_POINT('',#2751);
#2751 = CARTESIAN_POINT('',(93.3,100.,530.));
#2752 = CIRCLE('',#2753,3.3);
#2753 = AXIS2_PLACEMENT_3D('',#2754,#2755,#2756);
#2754 = CARTESIAN_POINT('',(90.,100.,530.));
#2755 = DIRECTION('',(0.,0.,1.));
#2756 = DIRECTION('',(1.,0.,0.));
#2757 = FACE_BOUND('',#2758,.F.);
#2758 = EDGE_LOOP('',(#2759));
#2759 = ORIENTED_EDGE('',*,*,#2760,.F.);
#2760 = EDGE_CURVE('',#2761,#2761,#2763,.T.);
#2761 = VERTEX_POINT('',#2762);
#2762 = CARTESIAN_POINT('',(223.3,100.,530.));
#2763 = CIRCLE('',#2764,3.3);
#2764 = AXIS2_PLACEMENT_3D('',#2765,#2766,#2767);
#2765 = CARTESIAN_POINT('',(220.,100.,530.));
#2766 = DIRECTION('',(0.,0.,1.));
#2767 = DIRECTION('',(1.,0.,0.));
#2768 = FACE_BOUND('',#2769,.F.);
#2769 = EDGE_LOOP('',(#2770));
#2770 = ORIENTED_EDGE('',*,*,#2771,.F.);
#2771 = EDGE_CURVE('',#2772,#2772,#2774,.T.);
#2772 = VERTEX_POINT('',#2773);
#2773 = CARTESIAN_POINT('',(57.75,233.,530.));
#2774 = CIRCLE('',#2775,2.75);
#2775 = AXIS2_PLACEMENT_3D('',#2776,#2777,#2778);
#2776 = CARTESIAN_POINT('',(55.,233.,530.));
#2777 = DIRECTION('',(0.,0.,1.));
#2778 = DIRECTION('',(1.,0.,0.));
#2779 = FACE_BOUND('',#2780,.F.);
#2780 = EDGE_LOOP('',(#2781));
#2781 = ORIENTED_EDGE('',*,*,#2782,.F.);
#2782 = EDGE_CURVE('',#2783,#2783,#2785,.T.);
#2783 = VERTEX_POINT('',#2784);
#2784 = CARTESIAN_POINT('',(57.75,293.,530.));
#2785 = CIRCLE('',#2786,2.75);
#2786 = AXIS2_PLACEMENT_3D('',#2787,#2788,#2789);
#2787 = CARTESIAN_POINT('',(55.,293.,530.));
#2788 = DIRECTION('',(0.,0.,1.));
#2789 = DIRECTION('',(1.,0.,0.));
#2790 = FACE_BOUND('',#2791,.F.);
#2791 = EDGE_LOOP('',(#2792));
#2792 = ORIENTED_EDGE('',*,*,#2793,.F.);
#2793 = EDGE_CURVE('',#2794,#2794,#2796,.T.);
#2794 = VERTEX_POINT('',#2795);
#2795 = CARTESIAN_POINT('',(93.3,280.,530.));
#2796 = CIRCLE('',#2797,3.3);
#2797 = AXIS2_PLACEMENT_3D('',#2798,#2799,#2800);
#2798 = CARTESIAN_POINT('',(90.,280.,530.));
#2799 = DIRECTION('',(0.,0.,1.));
#2800 = DIRECTION('',(1.,0.,0.));
#2801 = FACE_BOUND('',#2802,.F.);
#2802 = EDGE_LOOP('',(#2803));
#2803 = ORIENTED_EDGE('',*,*,#2804,.F.);
#2804 = EDGE_CURVE('',#2805,#2805,#2807,.T.);
#2805 = VERTEX_POINT('',#2806);
#2806 = CARTESIAN_POINT('',(250.75,233.,530.));
#2807 = CIRCLE('',#2808,2.75);
#2808 = AXIS2_PLACEMENT_3D('',#2809,#2810,#2811);
#2809 = CARTESIAN_POINT('',(248.,233.,530.));
#2810 = DIRECTION('',(0.,0.,1.));
#2811 = DIRECTION('',(1.,0.,0.));
#2812 = FACE_BOUND('',#2813,.F.);
#2813 = EDGE_LOOP('',(#2814));
#2814 = ORIENTED_EDGE('',*,*,#2815,.F.);
#2815 = EDGE_CURVE('',#2816,#2816,#2818,.T.);
#2816 = VERTEX_POINT('',#2817);
#2817 = CARTESIAN_POINT('',(223.3,280.,530.));
#2818 = CIRCLE('',#2819,3.3);
#2819 = AXIS2_PLACEMENT_3D('',#2820,#2821,#2822);
#2820 = CARTESIAN_POINT('',(220.,280.,530.));
#2821 = DIRECTION('',(0.,0.,1.));
#2822 = DIRECTION('',(1.,0.,0.));
#2823 = FACE_BOUND('',#2824,.F.);
#2824 = EDGE_LOOP('',(#2825));
#2825 = ORIENTED_EDGE('',*,*,#2826,.F.);
#2826 = EDGE_CURVE('',#2827,#2827,#2829,.T.);
#2827 = VERTEX_POINT('',#2828);
#2828 = CARTESIAN_POINT('',(250.75,293.,530.));
#2829 = CIRCLE('',#2830,2.75);
#2830 = AXIS2_PLACEMENT_3D('',#2831,#2832,#2833);
#2831 = CARTESIAN_POINT('',(248.,293.,530.));
#2832 = DIRECTION('',(0.,0.,1.));
#2833 = DIRECTION('',(1.,0.,0.));
#2834 = PLANE('',#2835);
#2835 = AXIS2_PLACEMENT_3D('',#2836,#2837,#2838);
#2836 = CARTESIAN_POINT('',(40.,50.,530.));
#2837 = DIRECTION('',(0.,0.,1.));
#2838 = DIRECTION('',(1.,0.,0.));
#2839 = ADVANCED_FACE('',(#2840),#2846,.T.);
#2840 = FACE_BOUND('',#2841,.T.);
#2841 = EDGE_LOOP('',(#2842,#2843,#2844,#2845));
#2842 = ORIENTED_EDGE('',*,*,#2588,.F.);
#2843 = ORIENTED_EDGE('',*,*,#2740,.T.);
#2844 = ORIENTED_EDGE('',*,*,#2724,.T.);
#2845 = ORIENTED_EDGE('',*,*,#2604,.F.);
#2846 = PLANE('',#2847);
#2847 = AXIS2_PLACEMENT_3D('',#2848,#2849,#2850);
#2848 = CARTESIAN_POINT('',(275.,50.,530.));
#2849 = DIRECTION('',(1.,0.,0.));
#2850 = DIRECTION('',(0.,0.,1.));
#2851 = ADVANCED_FACE('',(#2852),#2863,.F.);
#2852 = FACE_BOUND('',#2853,.F.);
#2853 = EDGE_LOOP('',(#2854,#2855,#2861,#2862));
#2854 = ORIENTED_EDGE('',*,*,#2620,.F.);
#2855 = ORIENTED_EDGE('',*,*,#2856,.F.);
#2856 = EDGE_CURVE('',#2750,#2621,#2857,.T.);
#2857 = LINE('',#2858,#2859);
#2858 = CARTESIAN_POINT('',(93.3,100.,530.));
#2859 = VECTOR('',#2860,1.);
#2860 = DIRECTION('',(0.,0.,1.));
#2861 = ORIENTED_EDGE('',*,*,#2749,.T.);
#2862 = ORIENTED_EDGE('',*,*,#2856,.T.);
#2863 = CYLINDRICAL_SURFACE('',#2864,3.3);
#2864 = AXIS2_PLACEMENT_3D('',#2865,#2866,#2867);
#2865 = CARTESIAN_POINT('',(90.,100.,530.));
#2866 = DIRECTION('',(0.,0.,1.));
#2867 = DIRECTION('',(1.,0.,0.));
#2868 = ADVANCED_FACE('',(#2869),#2880,.F.);
#2869 = FACE_BOUND('',#2870,.F.);
#2870 = EDGE_LOOP('',(#2871,#2872,#2878,#2879));
#2871 = ORIENTED_EDGE('',*,*,#2631,.F.);
#2872 = ORIENTED_EDGE('',*,*,#2873,.F.);
#2873 = EDGE_CURVE('',#2761,#2632,#2874,.T.);
#2874 = LINE('',#2875,#2876);
#2875 = CARTESIAN_POINT('',(223.3,100.,530.));
#2876 = VECTOR('',#2877,1.);
#2877 = DIRECTION('',(0.,0.,1.));
#2878 = ORIENTED_EDGE('',*,*,#2760,.T.);
#2879 = ORIENTED_EDGE('',*,*,#2873,.T.);
#2880 = CYLINDRICAL_SURFACE('',#2881,3.3);
#2881 = AXIS2_PLACEMENT_3D('',#2882,#2883,#2884);
#2882 = CARTESIAN_POINT('',(220.,100.,530.));
#2883 = DIRECTION('',(0.,0.,1.));
#2884 = DIRECTION('',(1.,0.,0.));
#2885 = ADVANCED_FACE('',(#2886),#2897,.F.);
#2886 = FACE_BOUND('',#2887,.F.);
#2887 = EDGE_LOOP('',(#2888,#2889,#2895,#2896));
#2888 = ORIENTED_EDGE('',*,*,#2642,.F.);
#2889 = ORIENTED_EDGE('',*,*,#2890,.F.);
#2890 = EDGE_CURVE('',#2772,#2643,#2891,.T.);
#2891 = LINE('',#2892,#2893);
#2892 = CARTESIAN_POINT('',(57.75,233.,530.));
#2893 = VECTOR('',#2894,1.);
#2894 = DIRECTION('',(0.,0.,1.));
#2895 = ORIENTED_EDGE('',*,*,#2771,.T.);
#2896 = ORIENTED_EDGE('',*,*,#2890,.T.);
#2897 = CYLINDRICAL_SURFACE('',#2898,2.75);
#2898 = AXIS2_PLACEMENT_3D('',#2899,#2900,#2901);
#2899 = CARTESIAN_POINT('',(55.,233.,530.));
#2900 = DIRECTION('',(0.,0.,1.));
#2901 = DIRECTION('',(1.,0.,0.));
#2902 = ADVANCED_FACE('',(#2903),#2914,.F.);
#2903 = FACE_BOUND('',#2904,.F.);
#2904 = EDGE_LOOP('',(#2905,#2906,#2912,#2913));
#2905 = ORIENTED_EDGE('',*,*,#2653,.F.);
#2906 = ORIENTED_EDGE('',*,*,#2907,.F.);
#2907 = EDGE_CURVE('',#2783,#2654,#2908,.T.);
#2908 = LINE('',#2909,#2910);
#2909 = CARTESIAN_POINT('',(57.75,293.,530.));
#2910 = VECTOR('',#2911,1.);
#2911 = DIRECTION('',(0.,0.,1.));
#2912 = ORIENTED_EDGE('',*,*,#2782,.T.);
#2913 = ORIENTED_EDGE('',*,*,#2907,.T.);
#2914 = CYLINDRICAL_SURFACE('',#2915,2.75);
#2915 = AXIS2_PLACEMENT_3D('',#2916,#2917,#2918);
#2916 = CARTESIAN_POINT('',(55.,293.,530.));
#2917 = DIRECTION('',(0.,0.,1.));
#2918 = DIRECTION('',(1.,0.,0.));
#2919 = ADVANCED_FACE('',(#2920),#2931,.F.);
#2920 = FACE_BOUND('',#2921,.F.);
#2921 = EDGE_LOOP('',(#2922,#2923,#2929,#2930));
#2922 = ORIENTED_EDGE('',*,*,#2664,.F.);
#2923 = ORIENTED_EDGE('',*,*,#2924,.F.);
#2924 = EDGE_CURVE('',#2794,#2665,#2925,.T.);
#2925 = LINE('',#2926,#2927);
#2926 = CARTESIAN_POINT('',(93.3,280.,530.));
#2927 = VECTOR('',#2928,1.);
#2928 = DIRECTION('',(0.,0.,1.));
#2929 = ORIENTED_EDGE('',*,*,#2793,.T.);
#2930 = ORIENTED_EDGE('',*,*,#2924,.T.);
#2931 = CYLINDRICAL_SURFACE('',#2932,3.3);
#2932 = AXIS2_PLACEMENT_3D('',#2933,#2934,#2935);
#2933 = CARTESIAN_POINT('',(90.,280.,530.));
#2934 = DIRECTION('',(0.,0.,1.));
#2935 = DIRECTION('',(1.,0.,0.));
#2936 = ADVANCED_FACE('',(#2937),#2948,.F.);
#2937 = FACE_BOUND('',#2938,.F.);
#2938 = EDGE_LOOP('',(#2939,#2940,#2946,#2947));
#2939 = ORIENTED_EDGE('',*,*,#2675,.F.);
#2940 = ORIENTED_EDGE('',*,*,#2941,.F.);
#2941 = EDGE_CURVE('',#2805,#2676,#2942,.T.);
#2942 = LINE('',#2943,#2944);
#2943 = CARTESIAN_POINT('',(250.75,233.,530.));
#2944 = VECTOR('',#2945,1.);
#2945 = DIRECTION('',(0.,0.,1.));
#2946 = ORIENTED_EDGE('',*,*,#2804,.T.);
#2947 = ORIENTED_EDGE('',*,*,#2941,.T.);
#2948 = CYLINDRICAL_SURFACE('',#2949,2.75);
#2949 = AXIS2_PLACEMENT_3D('',#2950,#2951,#2952);
#2950 = CARTESIAN_POINT('',(248.,233.,530.));
#2951 = DIRECTION('',(0.,0.,1.));
#2952 = DIRECTION('',(1.,0.,0.));
#2953 = ADVANCED_FACE('',(#2954),#2965,.F.);
#2954 = FACE_BOUND('',#2955,.F.);
#2955 = EDGE_LOOP('',(#2956,#2957,#2963,#2964));
#2956 = ORIENTED_EDGE('',*,*,#2686,.F.);
#2957 = ORIENTED_EDGE('',*,*,#2958,.F.);
#2958 = EDGE_CURVE('',#2816,#2687,#2959,.T.);
#2959 = LINE('',#2960,#2961);
#2960 = CARTESIAN_POINT('',(223.3,280.,530.));
#2961 = VECTOR('',#2962,1.);
#2962 = DIRECTION('',(0.,0.,1.));
#2963 = ORIENTED_EDGE('',*,*,#2815,.T.);
#2964 = ORIENTED_EDGE('',*,*,#2958,.T.);
#2965 = CYLINDRICAL_SURFACE('',#2966,3.3);
#2966 = AXIS2_PLACEMENT_3D('',#2967,#2968,#2969);
#2967 = CARTESIAN_POINT('',(220.,280.,530.));
#2968 = DIRECTION('',(0.,0.,1.));
#2969 = DIRECTION('',(1.,0.,0.));
#2970 = ADVANCED_FACE('',(#2971),#2982,.F.);
#2971 = FACE_BOUND('',#2972,.F.);
#2972 = EDGE_LOOP('',(#2973,#2974,#2980,#2981));
#2973 = ORIENTED_EDGE('',*,*,#2697,.F.);
#2974 = ORIENTED_EDGE('',*,*,#2975,.F.);
#2975 = EDGE_CURVE('',#2827,#2698,#2976,.T.);
#2976 = LINE('',#2977,#2978);
#2977 = CARTESIAN_POINT('',(250.75,293.,530.));
#2978 = VECTOR('',#2979,1.);
#2979 = DIRECTION('',(0.,0.,1.));
#2980 = ORIENTED_EDGE('',*,*,#2826,.T.);
#2981 = ORIENTED_EDGE('',*,*,#2975,.T.);
#2982 = CYLINDRICAL_SURFACE('',#2983,2.75);
#2983 = AXIS2_PLACEMENT_3D('',#2984,#2985,#2986);
#2984 = CARTESIAN_POINT('',(248.,293.,530.));
#2985 = DIRECTION('',(0.,0.,1.));
#2986 = DIRECTION('',(1.,0.,0.));
#2987 = MANIFOLD_SOLID_BREP('',#2988);
#2988 = CLOSED_SHELL('',(#2989,#3022,#3042,#3062));
#2989 = ADVANCED_FACE('',(#2990),#3017,.T.);
#2990 = FACE_BOUND('',#2991,.T.);
#2991 = EDGE_LOOP('',(#2992,#3001,#3009,#3016));
#2992 = ORIENTED_EDGE('',*,*,#2993,.F.);
#2993 = EDGE_CURVE('',#2994,#2994,#2996,.T.);
#2994 = VERTEX_POINT('',#2995);
#2995 = CARTESIAN_POINT('',(96.,100.,530.));
#2996 = CIRCLE('',#2997,6.);
#2997 = AXIS2_PLACEMENT_3D('',#2998,#2999,#3000);
#2998 = CARTESIAN_POINT('',(90.,100.,530.));
#2999 = DIRECTION('',(0.,0.,1.));
#3000 = DIRECTION('',(1.,0.,0.));
#3001 = ORIENTED_EDGE('',*,*,#3002,.F.);
#3002 = EDGE_CURVE('',#3003,#2994,#3005,.T.);
#3003 = VERTEX_POINT('',#3004);
#3004 = CARTESIAN_POINT('',(96.,100.,520.));
#3005 = LINE('',#3006,#3007);
#3006 = CARTESIAN_POINT('',(96.,100.,520.));
#3007 = VECTOR('',#3008,1.);
#3008 = DIRECTION('',(0.,0.,1.));
#3009 = ORIENTED_EDGE('',*,*,#3010,.T.);
#3010 = EDGE_CURVE('',#3003,#3003,#3011,.T.);
#3011 = CIRCLE('',#3012,6.);
#3012 = AXIS2_PLACEMENT_3D('',#3013,#3014,#3015);
#3013 = CARTESIAN_POINT('',(90.,100.,520.));
#3014 = DIRECTION('',(0.,0.,1.));
#3015 = DIRECTION('',(1.,0.,0.));
#3016 = ORIENTED_EDGE('',*,*,#3002,.T.);
#3017 = CYLINDRICAL_SURFACE('',#3018,6.);
#3018 = AXIS2_PLACEMENT_3D('',#3019,#3020,#3021);
#3019 = CARTESIAN_POINT('',(90.,100.,520.));
#3020 = DIRECTION('',(0.,0.,1.));
#3021 = DIRECTION('',(1.,0.,0.));
#3022 = ADVANCED_FACE('',(#3023,#3026),#3037,.T.);
#3023 = FACE_BOUND('',#3024,.T.);
#3024 = EDGE_LOOP('',(#3025));
#3025 = ORIENTED_EDGE('',*,*,#2993,.T.);
#3026 = FACE_BOUND('',#3027,.T.);
#3027 = EDGE_LOOP('',(#3028));
#3028 = ORIENTED_EDGE('',*,*,#3029,.F.);
#3029 = EDGE_CURVE('',#3030,#3030,#3032,.T.);
#3030 = VERTEX_POINT('',#3031);
#3031 = CARTESIAN_POINT('',(93.3,100.,530.));
#3032 = CIRCLE('',#3033,3.3);
#3033 = AXIS2_PLACEMENT_3D('',#3034,#3035,#3036);
#3034 = CARTESIAN_POINT('',(90.,100.,530.));
#3035 = DIRECTION('',(0.,0.,1.));
#3036 = DIRECTION('',(1.,0.,0.));
#3037 = PLANE('',#3038);
#3038 = AXIS2_PLACEMENT_3D('',#3039,#3040,#3041);
#3039 = CARTESIAN_POINT('',(90.,100.,530.));
#3040 = DIRECTION('',(0.,0.,1.));
#3041 = DIRECTION('',(1.,0.,0.));
#3042 = ADVANCED_FACE('',(#3043,#3046),#3057,.F.);
#3043 = FACE_BOUND('',#3044,.F.);
#3044 = EDGE_LOOP('',(#3045));
#3045 = ORIENTED_EDGE('',*,*,#3010,.T.);
#3046 = FACE_BOUND('',#3047,.F.);
#3047 = EDGE_LOOP('',(#3048));
#3048 = ORIENTED_EDGE('',*,*,#3049,.F.);
#3049 = EDGE_CURVE('',#3050,#3050,#3052,.T.);
#3050 = VERTEX_POINT('',#3051);
#3051 = CARTESIAN_POINT('',(93.3,100.,520.));
#3052 = CIRCLE('',#3053,3.3);
#3053 = AXIS2_PLACEMENT_3D('',#3054,#3055,#3056);
#3054 = CARTESIAN_POINT('',(90.,100.,520.));
#3055 = DIRECTION('',(0.,0.,1.));
#3056 = DIRECTION('',(1.,0.,0.));
#3057 = PLANE('',#3058);
#3058 = AXIS2_PLACEMENT_3D('',#3059,#3060,#3061);
#3059 = CARTESIAN_POINT('',(90.,100.,520.));
#3060 = DIRECTION('',(0.,0.,1.));
#3061 = DIRECTION('',(1.,0.,0.));
#3062 = ADVANCED_FACE('',(#3063),#3074,.F.);
#3063 = FACE_BOUND('',#3064,.F.);
#3064 = EDGE_LOOP('',(#3065,#3066,#3072,#3073));
#3065 = ORIENTED_EDGE('',*,*,#3029,.F.);
#3066 = ORIENTED_EDGE('',*,*,#3067,.F.);
#3067 = EDGE_CURVE('',#3050,#3030,#3068,.T.);
#3068 = LINE('',#3069,#3070);
#3069 = CARTESIAN_POINT('',(93.3,100.,520.));
#3070 = VECTOR('',#3071,1.);
#3071 = DIRECTION('',(0.,0.,1.));
#3072 = ORIENTED_EDGE('',*,*,#3049,.T.);
#3073 = ORIENTED_EDGE('',*,*,#3067,.T.);
#3074 = CYLINDRICAL_SURFACE('',#3075,3.3);
#3075 = AXIS2_PLACEMENT_3D('',#3076,#3077,#3078);
#3076 = CARTESIAN_POINT('',(90.,100.,520.));
#3077 = DIRECTION('',(0.,0.,1.));
#3078 = DIRECTION('',(1.,0.,0.));
#3079 = MANIFOLD_SOLID_BREP('',#3080);
#3080 = CLOSED_SHELL('',(#3081,#3114,#3134,#3154));
#3081 = ADVANCED_FACE('',(#3082),#3109,.T.);
#3082 = FACE_BOUND('',#3083,.T.);
#3083 = EDGE_LOOP('',(#3084,#3093,#3101,#3108));
#3084 = ORIENTED_EDGE('',*,*,#3085,.F.);
#3085 = EDGE_CURVE('',#3086,#3086,#3088,.T.);
#3086 = VERTEX_POINT('',#3087);
#3087 = CARTESIAN_POINT('',(96.,280.,530.));
#3088 = CIRCLE('',#3089,6.);
#3089 = AXIS2_PLACEMENT_3D('',#3090,#3091,#3092);
#3090 = CARTESIAN_POINT('',(90.,280.,530.));
#3091 = DIRECTION('',(0.,0.,1.));
#3092 = DIRECTION('',(1.,0.,0.));
#3093 = ORIENTED_EDGE('',*,*,#3094,.F.);
#3094 = EDGE_CURVE('',#3095,#3086,#3097,.T.);
#3095 = VERTEX_POINT('',#3096);
#3096 = CARTESIAN_POINT('',(96.,280.,520.));
#3097 = LINE('',#3098,#3099);
#3098 = CARTESIAN_POINT('',(96.,280.,520.));
#3099 = VECTOR('',#3100,1.);
#3100 = DIRECTION('',(0.,0.,1.));
#3101 = ORIENTED_EDGE('',*,*,#3102,.T.);
#3102 = EDGE_CURVE('',#3095,#3095,#3103,.T.);
#3103 = CIRCLE('',#3104,6.);
#3104 = AXIS2_PLACEMENT_3D('',#3105,#3106,#3107);
#3105 = CARTESIAN_POINT('',(90.,280.,520.));
#3106 = DIRECTION('',(0.,0.,1.));
#3107 = DIRECTION('',(1.,0.,0.));
#3108 = ORIENTED_EDGE('',*,*,#3094,.T.);
#3109 = CYLINDRICAL_SURFACE('',#3110,6.);
#3110 = AXIS2_PLACEMENT_3D('',#3111,#3112,#3113);
#3111 = CARTESIAN_POINT('',(90.,280.,520.));
#3112 = DIRECTION('',(0.,0.,1.));
#3113 = DIRECTION('',(1.,0.,0.));
#3114 = ADVANCED_FACE('',(#3115,#3118),#3129,.T.);
#3115 = FACE_BOUND('',#3116,.T.);
#3116 = EDGE_LOOP('',(#3117));
#3117 = ORIENTED_EDGE('',*,*,#3085,.T.);
#3118 = FACE_BOUND('',#3119,.T.);
#3119 = EDGE_LOOP('',(#3120));
#3120 = ORIENTED_EDGE('',*,*,#3121,.F.);
#3121 = EDGE_CURVE('',#3122,#3122,#3124,.T.);
#3122 = VERTEX_POINT('',#3123);
#3123 = CARTESIAN_POINT('',(93.3,280.,530.));
#3124 = CIRCLE('',#3125,3.3);
#3125 = AXIS2_PLACEMENT_3D('',#3126,#3127,#3128);
#3126 = CARTESIAN_POINT('',(90.,280.,530.));
#3127 = DIRECTION('',(0.,0.,1.));
#3128 = DIRECTION('',(1.,0.,0.));
#3129 = PLANE('',#3130);
#3130 = AXIS2_PLACEMENT_3D('',#3131,#3132,#3133);
#3131 = CARTESIAN_POINT('',(90.,280.,530.));
#3132 = DIRECTION('',(0.,0.,1.));
#3133 = DIRECTION('',(1.,0.,0.));
#3134 = ADVANCED_FACE('',(#3135,#3138),#3149,.F.);
#3135 = FACE_BOUND('',#3136,.F.);
#3136 = EDGE_LOOP('',(#3137));
#3137 = ORIENTED_EDGE('',*,*,#3102,.T.);
#3138 = FACE_BOUND('',#3139,.F.);
#3139 = EDGE_LOOP('',(#3140));
#3140 = ORIENTED_EDGE('',*,*,#3141,.F.);
#3141 = EDGE_CURVE('',#3142,#3142,#3144,.T.);
#3142 = VERTEX_POINT('',#3143);
#3143 = CARTESIAN_POINT('',(93.3,280.,520.));
#3144 = CIRCLE('',#3145,3.3);
#3145 = AXIS2_PLACEMENT_3D('',#3146,#3147,#3148);
#3146 = CARTESIAN_POINT('',(90.,280.,520.));
#3147 = DIRECTION('',(0.,0.,1.));
#3148 = DIRECTION('',(1.,0.,0.));
#3149 = PLANE('',#3150);
#3150 = AXIS2_PLACEMENT_3D('',#3151,#3152,#3153);
#3151 = CARTESIAN_POINT('',(90.,280.,520.));
#3152 = DIRECTION('',(0.,0.,1.));
#3153 = DIRECTION('',(1.,0.,0.));
#3154 = ADVANCED_FACE('',(#3155),#3166,.F.);
#3155 = FACE_BOUND('',#3156,.F.);
#3156 = EDGE_LOOP('',(#3157,#3158,#3164,#3165));
#3157 = ORIENTED_EDGE('',*,*,#3121,.F.);
#3158 = ORIENTED_EDGE('',*,*,#3159,.F.);
#3159 = EDGE_CURVE('',#3142,#3122,#3160,.T.);
#3160 = LINE('',#3161,#3162);
#3161 = CARTESIAN_POINT('',(93.3,280.,520.));
#3162 = VECTOR('',#3163,1.);
#3163 = DIRECTION('',(0.,0.,1.));
#3164 = ORIENTED_EDGE('',*,*,#3141,.T.);
#3165 = ORIENTED_EDGE('',*,*,#3159,.T.);
#3166 = CYLINDRICAL_SURFACE('',#3167,3.3);
#3167 = AXIS2_PLACEMENT_3D('',#3168,#3169,#3170);
#3168 = CARTESIAN_POINT('',(90.,280.,520.));
#3169 = DIRECTION('',(0.,0.,1.));
#3170 = DIRECTION('',(1.,0.,0.));
#3171 = MANIFOLD_SOLID_BREP('',#3172);
#3172 = CLOSED_SHELL('',(#3173,#3206,#3226,#3246));
#3173 = ADVANCED_FACE('',(#3174),#3201,.T.);
#3174 = FACE_BOUND('',#3175,.T.);
#3175 = EDGE_LOOP('',(#3176,#3185,#3193,#3200));
#3176 = ORIENTED_EDGE('',*,*,#3177,.F.);
#3177 = EDGE_CURVE('',#3178,#3178,#3180,.T.);
#3178 = VERTEX_POINT('',#3179);
#3179 = CARTESIAN_POINT('',(226.,100.,530.));
#3180 = CIRCLE('',#3181,6.);
#3181 = AXIS2_PLACEMENT_3D('',#3182,#3183,#3184);
#3182 = CARTESIAN_POINT('',(220.,100.,530.));
#3183 = DIRECTION('',(0.,0.,1.));
#3184 = DIRECTION('',(1.,0.,0.));
#3185 = ORIENTED_EDGE('',*,*,#3186,.F.);
#3186 = EDGE_CURVE('',#3187,#3178,#3189,.T.);
#3187 = VERTEX_POINT('',#3188);
#3188 = CARTESIAN_POINT('',(226.,100.,520.));
#3189 = LINE('',#3190,#3191);
#3190 = CARTESIAN_POINT('',(226.,100.,520.));
#3191 = VECTOR('',#3192,1.);
#3192 = DIRECTION('',(0.,0.,1.));
#3193 = ORIENTED_EDGE('',*,*,#3194,.T.);
#3194 = EDGE_CURVE('',#3187,#3187,#3195,.T.);
#3195 = CIRCLE('',#3196,6.);
#3196 = AXIS2_PLACEMENT_3D('',#3197,#3198,#3199);
#3197 = CARTESIAN_POINT('',(220.,100.,520.));
#3198 = DIRECTION('',(0.,0.,1.));
#3199 = DIRECTION('',(1.,0.,0.));
#3200 = ORIENTED_EDGE('',*,*,#3186,.T.);
#3201 = CYLINDRICAL_SURFACE('',#3202,6.);
#3202 = AXIS2_PLACEMENT_3D('',#3203,#3204,#3205);
#3203 = CARTESIAN_POINT('',(220.,100.,520.));
#3204 = DIRECTION('',(0.,0.,1.));
#3205 = DIRECTION('',(1.,0.,0.));
#3206 = ADVANCED_FACE('',(#3207,#3210),#3221,.T.);
#3207 = FACE_BOUND('',#3208,.T.);
#3208 = EDGE_LOOP('',(#3209));
#3209 = ORIENTED_EDGE('',*,*,#3177,.T.);
#3210 = FACE_BOUND('',#3211,.T.);
#3211 = EDGE_LOOP('',(#3212));
#3212 = ORIENTED_EDGE('',*,*,#3213,.F.);
#3213 = EDGE_CURVE('',#3214,#3214,#3216,.T.);
#3214 = VERTEX_POINT('',#3215);
#3215 = CARTESIAN_POINT('',(223.3,100.,530.));
#3216 = CIRCLE('',#3217,3.3);
#3217 = AXIS2_PLACEMENT_3D('',#3218,#3219,#3220);
#3218 = CARTESIAN_POINT('',(220.,100.,530.));
#3219 = DIRECTION('',(0.,0.,1.));
#3220 = DIRECTION('',(1.,0.,0.));
#3221 = PLANE('',#3222);
#3222 = AXIS2_PLACEMENT_3D('',#3223,#3224,#3225);
#3223 = CARTESIAN_POINT('',(220.,100.,530.));
#3224 = DIRECTION('',(0.,0.,1.));
#3225 = DIRECTION('',(1.,0.,0.));
#3226 = ADVANCED_FACE('',(#3227,#3230),#3241,.F.);
#3227 = FACE_BOUND('',#3228,.F.);
#3228 = EDGE_LOOP('',(#3229));
#3229 = ORIENTED_EDGE('',*,*,#3194,.T.);
#3230 = FACE_BOUND('',#3231,.F.);
#3231 = EDGE_LOOP('',(#3232));
#3232 = ORIENTED_EDGE('',*,*,#3233,.F.);
#3233 = EDGE_CURVE('',#3234,#3234,#3236,.T.);
#3234 = VERTEX_POINT('',#3235);
#3235 = CARTESIAN_POINT('',(223.3,100.,520.));
#3236 = CIRCLE('',#3237,3.3);
#3237 = AXIS2_PLACEMENT_3D('',#3238,#3239,#3240);
#3238 = CARTESIAN_POINT('',(220.,100.,520.));
#3239 = DIRECTION('',(0.,0.,1.));
#3240 = DIRECTION('',(1.,0.,0.));
#3241 = PLANE('',#3242);
#3242 = AXIS2_PLACEMENT_3D('',#3243,#3244,#3245);
#3243 = CARTESIAN_POINT('',(220.,100.,520.));
#3244 = DIRECTION('',(0.,0.,1.));
#3245 = DIRECTION('',(1.,0.,0.));
#3246 = ADVANCED_FACE('',(#3247),#3258,.F.);
#3247 = FACE_BOUND('',#3248,.F.);
#3248 = EDGE_LOOP('',(#3249,#3250,#3256,#3257));
#3249 = ORIENTED_EDGE('',*,*,#3213,.F.);
#3250 = ORIENTED_EDGE('',*,*,#3251,.F.);
#3251 = EDGE_CURVE('',#3234,#3214,#3252,.T.);
#3252 = LINE('',#3253,#3254);
#3253 = CARTESIAN_POINT('',(223.3,100.,520.));
#3254 = VECTOR('',#3255,1.);
#3255 = DIRECTION('',(0.,0.,1.));
#3256 = ORIENTED_EDGE('',*,*,#3233,.T.);
#3257 = ORIENTED_EDGE('',*,*,#3251,.T.);
#3258 = CYLINDRICAL_SURFACE('',#3259,3.3);
#3259 = AXIS2_PLACEMENT_3D('',#3260,#3261,#3262);
#3260 = CARTESIAN_POINT('',(220.,100.,520.));
#3261 = DIRECTION('',(0.,0.,1.));
#3262 = DIRECTION('',(1.,0.,0.));
#3263 = MANIFOLD_SOLID_BREP('',#3264);
#3264 = CLOSED_SHELL('',(#3265,#3298,#3318,#3338));
#3265 = ADVANCED_FACE('',(#3266),#3293,.T.);
#3266 = FACE_BOUND('',#3267,.T.);
#3267 = EDGE_LOOP('',(#3268,#3277,#3285,#3292));
#3268 = ORIENTED_EDGE('',*,*,#3269,.F.);
#3269 = EDGE_CURVE('',#3270,#3270,#3272,.T.);
#3270 = VERTEX_POINT('',#3271);
#3271 = CARTESIAN_POINT('',(226.,280.,530.));
#3272 = CIRCLE('',#3273,6.);
#3273 = AXIS2_PLACEMENT_3D('',#3274,#3275,#3276);
#3274 = CARTESIAN_POINT('',(220.,280.,530.));
#3275 = DIRECTION('',(0.,0.,1.));
#3276 = DIRECTION('',(1.,0.,0.));
#3277 = ORIENTED_EDGE('',*,*,#3278,.F.);
#3278 = EDGE_CURVE('',#3279,#3270,#3281,.T.);
#3279 = VERTEX_POINT('',#3280);
#3280 = CARTESIAN_POINT('',(226.,280.,520.));
#3281 = LINE('',#3282,#3283);
#3282 = CARTESIAN_POINT('',(226.,280.,520.));
#3283 = VECTOR('',#3284,1.);
#3284 = DIRECTION('',(0.,0.,1.));
#3285 = ORIENTED_EDGE('',*,*,#3286,.T.);
#3286 = EDGE_CURVE('',#3279,#3279,#3287,.T.);
#3287 = CIRCLE('',#3288,6.);
#3288 = AXIS2_PLACEMENT_3D('',#3289,#3290,#3291);
#3289 = CARTESIAN_POINT('',(220.,280.,520.));
#3290 = DIRECTION('',(0.,0.,1.));
#3291 = DIRECTION('',(1.,0.,0.));
#3292 = ORIENTED_EDGE('',*,*,#3278,.T.);
#3293 = CYLINDRICAL_SURFACE('',#3294,6.);
#3294 = AXIS2_PLACEMENT_3D('',#3295,#3296,#3297);
#3295 = CARTESIAN_POINT('',(220.,280.,520.));
#3296 = DIRECTION('',(0.,0.,1.));
#3297 = DIRECTION('',(1.,0.,0.));
#3298 = ADVANCED_FACE('',(#3299,#3302),#3313,.T.);
#3299 = FACE_BOUND('',#3300,.T.);
#3300 = EDGE_LOOP('',(#3301));
#3301 = ORIENTED_EDGE('',*,*,#3269,.T.);
#3302 = FACE_BOUND('',#3303,.T.);
#3303 = EDGE_LOOP('',(#3304));
#3304 = ORIENTED_EDGE('',*,*,#3305,.F.);
#3305 = EDGE_CURVE('',#3306,#3306,#3308,.T.);
#3306 = VERTEX_POINT('',#3307);
#3307 = CARTESIAN_POINT('',(223.3,280.,530.));
#3308 = CIRCLE('',#3309,3.3);
#3309 = AXIS2_PLACEMENT_3D('',#3310,#3311,#3312);
#3310 = CARTESIAN_POINT('',(220.,280.,530.));
#3311 = DIRECTION('',(0.,0.,1.));
#3312 = DIRECTION('',(1.,0.,0.));
#3313 = PLANE('',#3314);
#3314 = AXIS2_PLACEMENT_3D('',#3315,#3316,#3317);
#3315 = CARTESIAN_POINT('',(220.,280.,530.));
#3316 = DIRECTION('',(0.,0.,1.));
#3317 = DIRECTION('',(1.,0.,0.));
#3318 = ADVANCED_FACE('',(#3319,#3322),#3333,.F.);
#3319 = FACE_BOUND('',#3320,.F.);
#3320 = EDGE_LOOP('',(#3321));
#3321 = ORIENTED_EDGE('',*,*,#3286,.T.);
#3322 = FACE_BOUND('',#3323,.F.);
#3323 = EDGE_LOOP('',(#3324));
#3324 = ORIENTED_EDGE('',*,*,#3325,.F.);
#3325 = EDGE_CURVE('',#3326,#3326,#3328,.T.);
#3326 = VERTEX_POINT('',#3327);
#3327 = CARTESIAN_POINT('',(223.3,280.,520.));
#3328 = CIRCLE('',#3329,3.3);
#3329 = AXIS2_PLACEMENT_3D('',#3330,#3331,#3332);
#3330 = CARTESIAN_POINT('',(220.,280.,520.));
#3331 = DIRECTION('',(0.,0.,1.));
#3332 = DIRECTION('',(1.,0.,0.));
#3333 = PLANE('',#3334);
#3334 = AXIS2_PLACEMENT_3D('',#3335,#3336,#3337);
#3335 = CARTESIAN_POINT('',(220.,280.,520.));
#3336 = DIRECTION('',(0.,0.,1.));
#3337 = DIRECTION('',(1.,0.,0.));
#3338 = ADVANCED_FACE('',(#3339),#3350,.F.);
#3339 = FACE_BOUND('',#3340,.F.);
#3340 = EDGE_LOOP('',(#3341,#3342,#3348,#3349));
#3341 = ORIENTED_EDGE('',*,*,#3305,.F.);
#3342 = ORIENTED_EDGE('',*,*,#3343,.F.);
#3343 = EDGE_CURVE('',#3326,#3306,#3344,.T.);
#3344 = LINE('',#3345,#3346);
#3345 = CARTESIAN_POINT('',(223.3,280.,520.));
#3346 = VECTOR('',#3347,1.);
#3347 = DIRECTION('',(0.,0.,1.));
#3348 = ORIENTED_EDGE('',*,*,#3325,.T.);
#3349 = ORIENTED_EDGE('',*,*,#3343,.T.);
#3350 = CYLINDRICAL_SURFACE('',#3351,3.3);
#3351 = AXIS2_PLACEMENT_3D('',#3352,#3353,#3354);
#3352 = CARTESIAN_POINT('',(220.,280.,520.));
#3353 = DIRECTION('',(0.,0.,1.));
#3354 = DIRECTION('',(1.,0.,0.));
#3355 = MANIFOLD_SOLID_BREP('',#3356);
#3356 = CLOSED_SHELL('',(#3357,#3397,#3527,#3551,#3674,#3691,#3703,#3720
    ,#3737,#3754,#3771,#3788,#3805,#3822,#3839));
#3357 = ADVANCED_FACE('',(#3358),#3392,.F.);
#3358 = FACE_BOUND('',#3359,.F.);
#3359 = EDGE_LOOP('',(#3360,#3370,#3378,#3386));
#3360 = ORIENTED_EDGE('',*,*,#3361,.F.);
#3361 = EDGE_CURVE('',#3362,#3364,#3366,.T.);
#3362 = VERTEX_POINT('',#3363);
#3363 = CARTESIAN_POINT('',(223.,186.,536.));
#3364 = VERTEX_POINT('',#3365);
#3365 = CARTESIAN_POINT('',(223.,186.,726.167));
#3366 = LINE('',#3367,#3368);
#3367 = CARTESIAN_POINT('',(223.,186.,530.));
#3368 = VECTOR('',#3369,1.);
#3369 = DIRECTION('',(-1.224646799147E-16,-1.110223024625E-16,1.));
#3370 = ORIENTED_EDGE('',*,*,#3371,.F.);
#3371 = EDGE_CURVE('',#3372,#3362,#3374,.T.);
#3372 = VERTEX_POINT('',#3373);
#3373 = CARTESIAN_POINT('',(223.,180.,536.));
#3374 = LINE('',#3375,#3376);
#3375 = CARTESIAN_POINT('',(223.,175.,536.));
#3376 = VECTOR('',#3377,1.);
#3377 = DIRECTION('',(1.359631073447E-32,1.,0.));
#3378 = ORIENTED_EDGE('',*,*,#3379,.T.);
#3379 = EDGE_CURVE('',#3372,#3380,#3382,.T.);
#3380 = VERTEX_POINT('',#3381);
#3381 = CARTESIAN_POINT('',(223.,180.,726.167));
#3382 = LINE('',#3383,#3384);
#3383 = CARTESIAN_POINT('',(223.,180.,530.));
#3384 = VECTOR('',#3385,1.);
#3385 = DIRECTION('',(-1.224646799147E-16,-1.110223024625E-16,1.));
#3386 = ORIENTED_EDGE('',*,*,#3387,.T.);
#3387 = EDGE_CURVE('',#3380,#3364,#3388,.T.);
#3388 = LINE('',#3389,#3390);
#3389 = CARTESIAN_POINT('',(223.,180.,726.167));
#3390 = VECTOR('',#3391,1.);
#3391 = DIRECTION('',(0.,1.,1.110223024625E-16));
#3392 = PLANE('',#3393);
#3393 = AXIS2_PLACEMENT_3D('',#3394,#3395,#3396);
#3394 = CARTESIAN_POINT('',(223.,180.,530.));
#3395 = DIRECTION('',(-1.,1.359631073447E-32,-1.224646799147E-16));
#3396 = DIRECTION('',(0.,1.,1.110223024625E-16));
#3397 = ADVANCED_FACE('',(#3398,#3423,#3434,#3445,#3456,#3467,#3478,
    #3489,#3500,#3511),#3522,.T.);
#3398 = FACE_BOUND('',#3399,.T.);
#3399 = EDGE_LOOP('',(#3400,#3401,#3409,#3417));
#3400 = ORIENTED_EDGE('',*,*,#3361,.F.);
#3401 = ORIENTED_EDGE('',*,*,#3402,.F.);
#3402 = EDGE_CURVE('',#3403,#3362,#3405,.T.);
#3403 = VERTEX_POINT('',#3404);
#3404 = CARTESIAN_POINT('',(83.,186.,536.));
#3405 = LINE('',#3406,#3407);
#3406 = CARTESIAN_POINT('',(136.5,186.,536.));
#3407 = VECTOR('',#3408,1.);
#3408 = DIRECTION('',(1.,0.,0.));
#3409 = ORIENTED_EDGE('',*,*,#3410,.T.);
#3410 = EDGE_CURVE('',#3403,#3411,#3413,.T.);
#3411 = VERTEX_POINT('',#3412);
#3412 = CARTESIAN_POINT('',(83.,186.,726.167));
#3413 = LINE('',#3414,#3415);
#3414 = CARTESIAN_POINT('',(83.,186.,530.));
#3415 = VECTOR('',#3416,1.);
#3416 = DIRECTION('',(-1.224646799147E-16,-1.110223024625E-16,1.));
#3417 = ORIENTED_EDGE('',*,*,#3418,.F.);
#3418 = EDGE_CURVE('',#3364,#3411,#3419,.T.);
#3419 = LINE('',#3420,#3421);
#3420 = CARTESIAN_POINT('',(223.,186.,726.167));
#3421 = VECTOR('',#3422,1.);
#3422 = DIRECTION('',(-1.,1.359631073447E-32,-1.224646799147E-16));
#3423 = FACE_BOUND('',#3424,.T.);
#3424 = EDGE_LOOP('',(#3425));
#3425 = ORIENTED_EDGE('',*,*,#3426,.F.);
#3426 = EDGE_CURVE('',#3427,#3427,#3429,.T.);
#3427 = VERTEX_POINT('',#3428);
#3428 = CARTESIAN_POINT('',(186.4695526217,186.,621.3974473783));
#3429 = CIRCLE('',#3430,3.3);
#3430 = AXIS2_PLACEMENT_3D('',#3431,#3432,#3433);
#3431 = CARTESIAN_POINT('',(189.7695526217,186.,621.3974473783));
#3432 = DIRECTION('',(0.,1.,1.110223024625E-16));
#3433 = DIRECTION('',(-1.,1.359631073447E-32,-1.224646799147E-16));
#3434 = FACE_BOUND('',#3435,.T.);
#3435 = EDGE_LOOP('',(#3436));
#3436 = ORIENTED_EDGE('',*,*,#3437,.F.);
#3437 = EDGE_CURVE('',#3438,#3438,#3440,.T.);
#3438 = VERTEX_POINT('',#3439);
#3439 = CARTESIAN_POINT('',(112.9304473783,186.,621.3974473783));
#3440 = CIRCLE('',#3441,3.3);
#3441 = AXIS2_PLACEMENT_3D('',#3442,#3443,#3444);
#3442 = CARTESIAN_POINT('',(116.2304473783,186.,621.3974473783));
#3443 = DIRECTION('',(0.,1.,1.110223024625E-16));
#3444 = DIRECTION('',(-1.,1.359631073447E-32,-1.224646799147E-16));
#3445 = FACE_BOUND('',#3446,.T.);
#3446 = EDGE_LOOP('',(#3447));
#3447 = ORIENTED_EDGE('',*,*,#3448,.F.);
#3448 = EDGE_CURVE('',#3449,#3449,#3451,.T.);
#3449 = VERTEX_POINT('',#3450);
#3450 = CARTESIAN_POINT('',(182.,186.,659.417));
#3451 = CIRCLE('',#3452,1.25);
#3452 = AXIS2_PLACEMENT_3D('',#3453,#3454,#3455);
#3453 = CARTESIAN_POINT('',(182.,186.,658.167));
#3454 = DIRECTION('',(0.,1.,0.));
#3455 = DIRECTION('',(0.,0.,1.));
#3456 = FACE_BOUND('',#3457,.T.);
#3457 = EDGE_LOOP('',(#3458));
#3458 = ORIENTED_EDGE('',*,*,#3459,.F.);
#3459 = EDGE_CURVE('',#3460,#3460,#3462,.T.);
#3460 = VERTEX_POINT('',#3461);
#3461 = CARTESIAN_POINT('',(186.4695526217,186.,694.9365526217));
#3462 = CIRCLE('',#3463,3.3);
#3463 = AXIS2_PLACEMENT_3D('',#3464,#3465,#3466);
#3464 = CARTESIAN_POINT('',(189.7695526217,186.,694.9365526217));
#3465 = DIRECTION('',(0.,1.,1.110223024625E-16));
#3466 = DIRECTION('',(-1.,1.359631073447E-32,-1.224646799147E-16));
#3467 = FACE_BOUND('',#3468,.T.);
#3468 = EDGE_LOOP('',(#3469));
#3469 = ORIENTED_EDGE('',*,*,#3470,.F.);
#3470 = EDGE_CURVE('',#3471,#3471,#3473,.T.);
#3471 = VERTEX_POINT('',#3472);
#3472 = CARTESIAN_POINT('',(182.,186.,695.417));
#3473 = CIRCLE('',#3474,1.25);
#3474 = AXIS2_PLACEMENT_3D('',#3475,#3476,#3477);
#3475 = CARTESIAN_POINT('',(182.,186.,694.167));
#3476 = DIRECTION('',(0.,1.,0.));
#3477 = DIRECTION('',(0.,0.,1.));
#3478 = FACE_BOUND('',#3479,.T.);
#3479 = EDGE_LOOP('',(#3480));
#3480 = ORIENTED_EDGE('',*,*,#3481,.F.);
#3481 = EDGE_CURVE('',#3482,#3482,#3484,.T.);
#3482 = VERTEX_POINT('',#3483);
#3483 = CARTESIAN_POINT('',(134.75,186.,676.167));
#3484 = CIRCLE('',#3485,18.25);
#3485 = AXIS2_PLACEMENT_3D('',#3486,#3487,#3488);
#3486 = CARTESIAN_POINT('',(153.,186.,676.167));
#3487 = DIRECTION('',(0.,1.,1.110223024625E-16));
#3488 = DIRECTION('',(-1.,1.359631073447E-32,-1.224646799147E-16));
#3489 = FACE_BOUND('',#3490,.T.);
#3490 = EDGE_LOOP('',(#3491));
#3491 = ORIENTED_EDGE('',*,*,#3492,.F.);
#3492 = EDGE_CURVE('',#3493,#3493,#3495,.T.);
#3493 = VERTEX_POINT('',#3494);
#3494 = CARTESIAN_POINT('',(124.,186.,659.417));
#3495 = CIRCLE('',#3496,1.25);
#3496 = AXIS2_PLACEMENT_3D('',#3497,#3498,#3499);
#3497 = CARTESIAN_POINT('',(124.,186.,658.167));
#3498 = DIRECTION('',(0.,1.,0.));
#3499 = DIRECTION('',(0.,0.,1.));
#3500 = FACE_BOUND('',#3501,.T.);
#3501 = EDGE_LOOP('',(#3502));
#3502 = ORIENTED_EDGE('',*,*,#3503,.F.);
#3503 = EDGE_CURVE('',#3504,#3504,#3506,.T.);
#3504 = VERTEX_POINT('',#3505);
#3505 = CARTESIAN_POINT('',(124.,186.,695.417));
#3506 = CIRCLE('',#3507,1.25);
#3507 = AXIS2_PLACEMENT_3D('',#3508,#3509,#3510);
#3508 = CARTESIAN_POINT('',(124.,186.,694.167));
#3509 = DIRECTION('',(0.,1.,0.));
#3510 = DIRECTION('',(0.,0.,1.));
#3511 = FACE_BOUND('',#3512,.T.);
#3512 = EDGE_LOOP('',(#3513));
#3513 = ORIENTED_EDGE('',*,*,#3514,.F.);
#3514 = EDGE_CURVE('',#3515,#3515,#3517,.T.);
#3515 = VERTEX_POINT('',#3516);
#3516 = CARTESIAN_POINT('',(112.9304473783,186.,694.9365526217));
#3517 = CIRCLE('',#3518,3.3);
#3518 = AXIS2_PLACEMENT_3D('',#3519,#3520,#3521);
#3519 = CARTESIAN_POINT('',(116.2304473783,186.,694.9365526217));
#3520 = DIRECTION('',(0.,1.,1.110223024625E-16));
#3521 = DIRECTION('',(-1.,1.359631073447E-32,-1.224646799147E-16));
#3522 = PLANE('',#3523);
#3523 = AXIS2_PLACEMENT_3D('',#3524,#3525,#3526);
#3524 = CARTESIAN_POINT('',(223.,186.,530.));
#3525 = DIRECTION('',(0.,1.,1.110223024625E-16));
#3526 = DIRECTION('',(-1.,1.359631073447E-32,-1.224646799147E-16));
#3527 = ADVANCED_FACE('',(#3528),#3546,.T.);
#3528 = FACE_BOUND('',#3529,.T.);
#3529 = EDGE_LOOP('',(#3530,#3538,#3539,#3540));
#3530 = ORIENTED_EDGE('',*,*,#3531,.F.);
#3531 = EDGE_CURVE('',#3380,#3532,#3534,.T.);
#3532 = VERTEX_POINT('',#3533);
#3533 = CARTESIAN_POINT('',(83.,180.,726.167));
#3534 = LINE('',#3535,#3536);
#3535 = CARTESIAN_POINT('',(223.,180.,726.167));
#3536 = VECTOR('',#3537,1.);
#3537 = DIRECTION('',(-1.,1.359631073447E-32,-1.224646799147E-16));
#3538 = ORIENTED_EDGE('',*,*,#3387,.T.);
#3539 = ORIENTED_EDGE('',*,*,#3418,.T.);
#3540 = ORIENTED_EDGE('',*,*,#3541,.F.);
#3541 = EDGE_CURVE('',#3532,#3411,#3542,.T.);
#3542 = LINE('',#3543,#3544);
#3543 = CARTESIAN_POINT('',(83.,180.,726.167));
#3544 = VECTOR('',#3545,1.);
#3545 = DIRECTION('',(0.,1.,1.110223024625E-16));
#3546 = PLANE('',#3547);
#3547 = AXIS2_PLACEMENT_3D('',#3548,#3549,#3550);
#3548 = CARTESIAN_POINT('',(223.,180.,726.167));
#3549 = DIRECTION('',(-1.224646799147E-16,-1.110223024625E-16,1.));
#3550 = DIRECTION('',(0.,1.,1.110223024625E-16));
#3551 = ADVANCED_FACE('',(#3552,#3570,#3581,#3592,#3603,#3614,#3625,
    #3636,#3647,#3658),#3669,.F.);
#3552 = FACE_BOUND('',#3553,.F.);
#3553 = EDGE_LOOP('',(#3554,#3555,#3563,#3569));
#3554 = ORIENTED_EDGE('',*,*,#3379,.F.);
#3555 = ORIENTED_EDGE('',*,*,#3556,.F.);
#3556 = EDGE_CURVE('',#3557,#3372,#3559,.T.);
#3557 = VERTEX_POINT('',#3558);
#3558 = CARTESIAN_POINT('',(83.,180.,536.));
#3559 = LINE('',#3560,#3561);
#3560 = CARTESIAN_POINT('',(136.5,180.,536.));
#3561 = VECTOR('',#3562,1.);
#3562 = DIRECTION('',(1.,0.,0.));
#3563 = ORIENTED_EDGE('',*,*,#3564,.T.);
#3564 = EDGE_CURVE('',#3557,#3532,#3565,.T.);
#3565 = LINE('',#3566,#3567);
#3566 = CARTESIAN_POINT('',(83.,180.,530.));
#3567 = VECTOR('',#3568,1.);
#3568 = DIRECTION('',(-1.224646799147E-16,-1.110223024625E-16,1.));
#3569 = ORIENTED_EDGE('',*,*,#3531,.F.);
#3570 = FACE_BOUND('',#3571,.F.);
#3571 = EDGE_LOOP('',(#3572));
#3572 = ORIENTED_EDGE('',*,*,#3573,.F.);
#3573 = EDGE_CURVE('',#3574,#3574,#3576,.T.);
#3574 = VERTEX_POINT('',#3575);
#3575 = CARTESIAN_POINT('',(186.4695526217,180.,621.3974473783));
#3576 = CIRCLE('',#3577,3.3);
#3577 = AXIS2_PLACEMENT_3D('',#3578,#3579,#3580);
#3578 = CARTESIAN_POINT('',(189.7695526217,180.,621.3974473783));
#3579 = DIRECTION('',(0.,1.,1.110223024625E-16));
#3580 = DIRECTION('',(-1.,1.359631073447E-32,-1.224646799147E-16));
#3581 = FACE_BOUND('',#3582,.F.);
#3582 = EDGE_LOOP('',(#3583));
#3583 = ORIENTED_EDGE('',*,*,#3584,.F.);
#3584 = EDGE_CURVE('',#3585,#3585,#3587,.T.);
#3585 = VERTEX_POINT('',#3586);
#3586 = CARTESIAN_POINT('',(112.9304473783,180.,621.3974473783));
#3587 = CIRCLE('',#3588,3.3);
#3588 = AXIS2_PLACEMENT_3D('',#3589,#3590,#3591);
#3589 = CARTESIAN_POINT('',(116.2304473783,180.,621.3974473783));
#3590 = DIRECTION('',(0.,1.,1.110223024625E-16));
#3591 = DIRECTION('',(-1.,1.359631073447E-32,-1.224646799147E-16));
#3592 = FACE_BOUND('',#3593,.F.);
#3593 = EDGE_LOOP('',(#3594));
#3594 = ORIENTED_EDGE('',*,*,#3595,.F.);
#3595 = EDGE_CURVE('',#3596,#3596,#3598,.T.);
#3596 = VERTEX_POINT('',#3597);
#3597 = CARTESIAN_POINT('',(182.,180.,659.417));
#3598 = CIRCLE('',#3599,1.25);
#3599 = AXIS2_PLACEMENT_3D('',#3600,#3601,#3602);
#3600 = CARTESIAN_POINT('',(182.,180.,658.167));
#3601 = DIRECTION('',(0.,1.,0.));
#3602 = DIRECTION('',(0.,0.,1.));
#3603 = FACE_BOUND('',#3604,.F.);
#3604 = EDGE_LOOP('',(#3605));
#3605 = ORIENTED_EDGE('',*,*,#3606,.F.);
#3606 = EDGE_CURVE('',#3607,#3607,#3609,.T.);
#3607 = VERTEX_POINT('',#3608);
#3608 = CARTESIAN_POINT('',(186.4695526217,180.,694.9365526217));
#3609 = CIRCLE('',#3610,3.3);
#3610 = AXIS2_PLACEMENT_3D('',#3611,#3612,#3613);
#3611 = CARTESIAN_POINT('',(189.7695526217,180.,694.9365526217));
#3612 = DIRECTION('',(0.,1.,1.110223024625E-16));
#3613 = DIRECTION('',(-1.,1.359631073447E-32,-1.224646799147E-16));
#3614 = FACE_BOUND('',#3615,.F.);
#3615 = EDGE_LOOP('',(#3616));
#3616 = ORIENTED_EDGE('',*,*,#3617,.F.);
#3617 = EDGE_CURVE('',#3618,#3618,#3620,.T.);
#3618 = VERTEX_POINT('',#3619);
#3619 = CARTESIAN_POINT('',(182.,180.,695.417));
#3620 = CIRCLE('',#3621,1.25);
#3621 = AXIS2_PLACEMENT_3D('',#3622,#3623,#3624);
#3622 = CARTESIAN_POINT('',(182.,180.,694.167));
#3623 = DIRECTION('',(0.,1.,0.));
#3624 = DIRECTION('',(0.,0.,1.));
#3625 = FACE_BOUND('',#3626,.F.);
#3626 = EDGE_LOOP('',(#3627));
#3627 = ORIENTED_EDGE('',*,*,#3628,.F.);
#3628 = EDGE_CURVE('',#3629,#3629,#3631,.T.);
#3629 = VERTEX_POINT('',#3630);
#3630 = CARTESIAN_POINT('',(134.75,180.,676.167));
#3631 = CIRCLE('',#3632,18.25);
#3632 = AXIS2_PLACEMENT_3D('',#3633,#3634,#3635);
#3633 = CARTESIAN_POINT('',(153.,180.,676.167));
#3634 = DIRECTION('',(0.,1.,1.110223024625E-16));
#3635 = DIRECTION('',(-1.,1.359631073447E-32,-1.224646799147E-16));
#3636 = FACE_BOUND('',#3637,.F.);
#3637 = EDGE_LOOP('',(#3638));
#3638 = ORIENTED_EDGE('',*,*,#3639,.F.);
#3639 = EDGE_CURVE('',#3640,#3640,#3642,.T.);
#3640 = VERTEX_POINT('',#3641);
#3641 = CARTESIAN_POINT('',(124.,180.,659.417));
#3642 = CIRCLE('',#3643,1.25);
#3643 = AXIS2_PLACEMENT_3D('',#3644,#3645,#3646);
#3644 = CARTESIAN_POINT('',(124.,180.,658.167));
#3645 = DIRECTION('',(0.,1.,0.));
#3646 = DIRECTION('',(0.,0.,1.));
#3647 = FACE_BOUND('',#3648,.F.);
#3648 = EDGE_LOOP('',(#3649));
#3649 = ORIENTED_EDGE('',*,*,#3650,.F.);
#3650 = EDGE_CURVE('',#3651,#3651,#3653,.T.);
#3651 = VERTEX_POINT('',#3652);
#3652 = CARTESIAN_POINT('',(124.,180.,695.417));
#3653 = CIRCLE('',#3654,1.25);
#3654 = AXIS2_PLACEMENT_3D('',#3655,#3656,#3657);
#3655 = CARTESIAN_POINT('',(124.,180.,694.167));
#3656 = DIRECTION('',(0.,1.,0.));
#3657 = DIRECTION('',(0.,0.,1.));
#3658 = FACE_BOUND('',#3659,.F.);
#3659 = EDGE_LOOP('',(#3660));
#3660 = ORIENTED_EDGE('',*,*,#3661,.F.);
#3661 = EDGE_CURVE('',#3662,#3662,#3664,.T.);
#3662 = VERTEX_POINT('',#3663);
#3663 = CARTESIAN_POINT('',(112.9304473783,180.,694.9365526217));
#3664 = CIRCLE('',#3665,3.3);
#3665 = AXIS2_PLACEMENT_3D('',#3666,#3667,#3668);
#3666 = CARTESIAN_POINT('',(116.2304473783,180.,694.9365526217));
#3667 = DIRECTION('',(0.,1.,1.110223024625E-16));
#3668 = DIRECTION('',(-1.,1.359631073447E-32,-1.224646799147E-16));
#3669 = PLANE('',#3670);
#3670 = AXIS2_PLACEMENT_3D('',#3671,#3672,#3673);
#3671 = CARTESIAN_POINT('',(223.,180.,530.));
#3672 = DIRECTION('',(0.,1.,1.110223024625E-16));
#3673 = DIRECTION('',(-1.,1.359631073447E-32,-1.224646799147E-16));
#3674 = ADVANCED_FACE('',(#3675),#3686,.F.);
#3675 = FACE_BOUND('',#3676,.F.);
#3676 = EDGE_LOOP('',(#3677,#3678,#3679,#3680));
#3677 = ORIENTED_EDGE('',*,*,#3556,.T.);
#3678 = ORIENTED_EDGE('',*,*,#3371,.T.);
#3679 = ORIENTED_EDGE('',*,*,#3402,.F.);
#3680 = ORIENTED_EDGE('',*,*,#3681,.F.);
#3681 = EDGE_CURVE('',#3557,#3403,#3682,.T.);
#3682 = LINE('',#3683,#3684);
#3683 = CARTESIAN_POINT('',(83.,175.,536.));
#3684 = VECTOR('',#3685,1.);
#3685 = DIRECTION('',(1.359631073447E-32,1.,0.));
#3686 = PLANE('',#3687);
#3687 = AXIS2_PLACEMENT_3D('',#3688,#3689,#3690);
#3688 = CARTESIAN_POINT('',(50.,170.,536.));
#3689 = DIRECTION('',(0.,0.,1.));
#3690 = DIRECTION('',(1.,0.,0.));
#3691 = ADVANCED_FACE('',(#3692),#3698,.T.);
#3692 = FACE_BOUND('',#3693,.T.);
#3693 = EDGE_LOOP('',(#3694,#3695,#3696,#3697));
#3694 = ORIENTED_EDGE('',*,*,#3410,.F.);
#3695 = ORIENTED_EDGE('',*,*,#3681,.F.);
#3696 = ORIENTED_EDGE('',*,*,#3564,.T.);
#3697 = ORIENTED_EDGE('',*,*,#3541,.T.);
#3698 = PLANE('',#3699);
#3699 = AXIS2_PLACEMENT_3D('',#3700,#3701,#3702);
#3700 = CARTESIAN_POINT('',(83.,180.,530.));
#3701 = DIRECTION('',(-1.,1.359631073447E-32,-1.224646799147E-16));
#3702 = DIRECTION('',(0.,1.,1.110223024625E-16));
#3703 = ADVANCED_FACE('',(#3704),#3715,.F.);
#3704 = FACE_BOUND('',#3705,.F.);
#3705 = EDGE_LOOP('',(#3706,#3707,#3713,#3714));
#3706 = ORIENTED_EDGE('',*,*,#3426,.F.);
#3707 = ORIENTED_EDGE('',*,*,#3708,.F.);
#3708 = EDGE_CURVE('',#3574,#3427,#3709,.T.);
#3709 = LINE('',#3710,#3711);
#3710 = CARTESIAN_POINT('',(186.4695526217,180.,621.3974473783));
#3711 = VECTOR('',#3712,1.);
#3712 = DIRECTION('',(0.,1.,1.110223024625E-16));
#3713 = ORIENTED_EDGE('',*,*,#3573,.T.);
#3714 = ORIENTED_EDGE('',*,*,#3708,.T.);
#3715 = CYLINDRICAL_SURFACE('',#3716,3.3);
#3716 = AXIS2_PLACEMENT_3D('',#3717,#3718,#3719);
#3717 = CARTESIAN_POINT('',(189.7695526217,180.,621.3974473783));
#3718 = DIRECTION('',(0.,1.,1.110223024625E-16));
#3719 = DIRECTION('',(-1.,1.359631073447E-32,-1.224646799147E-16));
#3720 = ADVANCED_FACE('',(#3721),#3732,.F.);
#3721 = FACE_BOUND('',#3722,.F.);
#3722 = EDGE_LOOP('',(#3723,#3724,#3730,#3731));
#3723 = ORIENTED_EDGE('',*,*,#3437,.F.);
#3724 = ORIENTED_EDGE('',*,*,#3725,.F.);
#3725 = EDGE_CURVE('',#3585,#3438,#3726,.T.);
#3726 = LINE('',#3727,#3728);
#3727 = CARTESIAN_POINT('',(112.9304473783,180.,621.3974473783));
#3728 = VECTOR('',#3729,1.);
#3729 = DIRECTION('',(0.,1.,1.110223024625E-16));
#3730 = ORIENTED_EDGE('',*,*,#3584,.T.);
#3731 = ORIENTED_EDGE('',*,*,#3725,.T.);
#3732 = CYLINDRICAL_SURFACE('',#3733,3.3);
#3733 = AXIS2_PLACEMENT_3D('',#3734,#3735,#3736);
#3734 = CARTESIAN_POINT('',(116.2304473783,180.,621.3974473783));
#3735 = DIRECTION('',(0.,1.,1.110223024625E-16));
#3736 = DIRECTION('',(-1.,1.359631073447E-32,-1.224646799147E-16));
#3737 = ADVANCED_FACE('',(#3738),#3749,.F.);
#3738 = FACE_BOUND('',#3739,.F.);
#3739 = EDGE_LOOP('',(#3740,#3741,#3747,#3748));
#3740 = ORIENTED_EDGE('',*,*,#3448,.F.);
#3741 = ORIENTED_EDGE('',*,*,#3742,.F.);
#3742 = EDGE_CURVE('',#3596,#3449,#3743,.T.);
#3743 = LINE('',#3744,#3745);
#3744 = CARTESIAN_POINT('',(182.,180.,659.417));
#3745 = VECTOR('',#3746,1.);
#3746 = DIRECTION('',(0.,1.,0.));
#3747 = ORIENTED_EDGE('',*,*,#3595,.T.);
#3748 = ORIENTED_EDGE('',*,*,#3742,.T.);
#3749 = CYLINDRICAL_SURFACE('',#3750,1.25);
#3750 = AXIS2_PLACEMENT_3D('',#3751,#3752,#3753);
#3751 = CARTESIAN_POINT('',(182.,180.,658.167));
#3752 = DIRECTION('',(0.,1.,0.));
#3753 = DIRECTION('',(0.,0.,1.));
#3754 = ADVANCED_FACE('',(#3755),#3766,.F.);
#3755 = FACE_BOUND('',#3756,.F.);
#3756 = EDGE_LOOP('',(#3757,#3758,#3764,#3765));
#3757 = ORIENTED_EDGE('',*,*,#3459,.F.);
#3758 = ORIENTED_EDGE('',*,*,#3759,.F.);
#3759 = EDGE_CURVE('',#3607,#3460,#3760,.T.);
#3760 = LINE('',#3761,#3762);
#3761 = CARTESIAN_POINT('',(186.4695526217,180.,694.9365526217));
#3762 = VECTOR('',#3763,1.);
#3763 = DIRECTION('',(0.,1.,1.110223024625E-16));
#3764 = ORIENTED_EDGE('',*,*,#3606,.T.);
#3765 = ORIENTED_EDGE('',*,*,#3759,.T.);
#3766 = CYLINDRICAL_SURFACE('',#3767,3.3);
#3767 = AXIS2_PLACEMENT_3D('',#3768,#3769,#3770);
#3768 = CARTESIAN_POINT('',(189.7695526217,180.,694.9365526217));
#3769 = DIRECTION('',(0.,1.,1.110223024625E-16));
#3770 = DIRECTION('',(-1.,1.359631073447E-32,-1.224646799147E-16));
#3771 = ADVANCED_FACE('',(#3772),#3783,.F.);
#3772 = FACE_BOUND('',#3773,.F.);
#3773 = EDGE_LOOP('',(#3774,#3775,#3781,#3782));
#3774 = ORIENTED_EDGE('',*,*,#3470,.F.);
#3775 = ORIENTED_EDGE('',*,*,#3776,.F.);
#3776 = EDGE_CURVE('',#3618,#3471,#3777,.T.);
#3777 = LINE('',#3778,#3779);
#3778 = CARTESIAN_POINT('',(182.,180.,695.417));
#3779 = VECTOR('',#3780,1.);
#3780 = DIRECTION('',(0.,1.,0.));
#3781 = ORIENTED_EDGE('',*,*,#3617,.T.);
#3782 = ORIENTED_EDGE('',*,*,#3776,.T.);
#3783 = CYLINDRICAL_SURFACE('',#3784,1.25);
#3784 = AXIS2_PLACEMENT_3D('',#3785,#3786,#3787);
#3785 = CARTESIAN_POINT('',(182.,180.,694.167));
#3786 = DIRECTION('',(0.,1.,0.));
#3787 = DIRECTION('',(0.,0.,1.));
#3788 = ADVANCED_FACE('',(#3789),#3800,.F.);
#3789 = FACE_BOUND('',#3790,.F.);
#3790 = EDGE_LOOP('',(#3791,#3792,#3798,#3799));
#3791 = ORIENTED_EDGE('',*,*,#3481,.F.);
#3792 = ORIENTED_EDGE('',*,*,#3793,.F.);
#3793 = EDGE_CURVE('',#3629,#3482,#3794,.T.);
#3794 = LINE('',#3795,#3796);
#3795 = CARTESIAN_POINT('',(134.75,180.,676.167));
#3796 = VECTOR('',#3797,1.);
#3797 = DIRECTION('',(0.,1.,1.110223024625E-16));
#3798 = ORIENTED_EDGE('',*,*,#3628,.T.);
#3799 = ORIENTED_EDGE('',*,*,#3793,.T.);
#3800 = CYLINDRICAL_SURFACE('',#3801,18.25);
#3801 = AXIS2_PLACEMENT_3D('',#3802,#3803,#3804);
#3802 = CARTESIAN_POINT('',(153.,180.,676.167));
#3803 = DIRECTION('',(0.,1.,1.110223024625E-16));
#3804 = DIRECTION('',(-1.,1.359631073447E-32,-1.224646799147E-16));
#3805 = ADVANCED_FACE('',(#3806),#3817,.F.);
#3806 = FACE_BOUND('',#3807,.F.);
#3807 = EDGE_LOOP('',(#3808,#3809,#3815,#3816));
#3808 = ORIENTED_EDGE('',*,*,#3492,.F.);
#3809 = ORIENTED_EDGE('',*,*,#3810,.F.);
#3810 = EDGE_CURVE('',#3640,#3493,#3811,.T.);
#3811 = LINE('',#3812,#3813);
#3812 = CARTESIAN_POINT('',(124.,180.,659.417));
#3813 = VECTOR('',#3814,1.);
#3814 = DIRECTION('',(0.,1.,0.));
#3815 = ORIENTED_EDGE('',*,*,#3639,.T.);
#3816 = ORIENTED_EDGE('',*,*,#3810,.T.);
#3817 = CYLINDRICAL_SURFACE('',#3818,1.25);
#3818 = AXIS2_PLACEMENT_3D('',#3819,#3820,#3821);
#3819 = CARTESIAN_POINT('',(124.,180.,658.167));
#3820 = DIRECTION('',(0.,1.,0.));
#3821 = DIRECTION('',(0.,0.,1.));
#3822 = ADVANCED_FACE('',(#3823),#3834,.F.);
#3823 = FACE_BOUND('',#3824,.F.);
#3824 = EDGE_LOOP('',(#3825,#3826,#3832,#3833));
#3825 = ORIENTED_EDGE('',*,*,#3503,.F.);
#3826 = ORIENTED_EDGE('',*,*,#3827,.F.);
#3827 = EDGE_CURVE('',#3651,#3504,#3828,.T.);
#3828 = LINE('',#3829,#3830);
#3829 = CARTESIAN_POINT('',(124.,180.,695.417));
#3830 = VECTOR('',#3831,1.);
#3831 = DIRECTION('',(0.,1.,0.));
#3832 = ORIENTED_EDGE('',*,*,#3650,.T.);
#3833 = ORIENTED_EDGE('',*,*,#3827,.T.);
#3834 = CYLINDRICAL_SURFACE('',#3835,1.25);
#3835 = AXIS2_PLACEMENT_3D('',#3836,#3837,#3838);
#3836 = CARTESIAN_POINT('',(124.,180.,694.167));
#3837 = DIRECTION('',(0.,1.,0.));
#3838 = DIRECTION('',(0.,0.,1.));
#3839 = ADVANCED_FACE('',(#3840),#3851,.F.);
#3840 = FACE_BOUND('',#3841,.F.);
#3841 = EDGE_LOOP('',(#3842,#3843,#3849,#3850));
#3842 = ORIENTED_EDGE('',*,*,#3514,.F.);
#3843 = ORIENTED_EDGE('',*,*,#3844,.F.);
#3844 = EDGE_CURVE('',#3662,#3515,#3845,.T.);
#3845 = LINE('',#3846,#3847);
#3846 = CARTESIAN_POINT('',(112.9304473783,180.,694.9365526217));
#3847 = VECTOR('',#3848,1.);
#3848 = DIRECTION('',(0.,1.,1.110223024625E-16));
#3849 = ORIENTED_EDGE('',*,*,#3661,.T.);
#3850 = ORIENTED_EDGE('',*,*,#3844,.T.);
#3851 = CYLINDRICAL_SURFACE('',#3852,3.3);
#3852 = AXIS2_PLACEMENT_3D('',#3853,#3854,#3855);
#3853 = CARTESIAN_POINT('',(116.2304473783,180.,694.9365526217));
#3854 = DIRECTION('',(0.,1.,1.110223024625E-16));
#3855 = DIRECTION('',(-1.,1.359631073447E-32,-1.224646799147E-16));
#3856 = MANIFOLD_SOLID_BREP('',#3857);
#3857 = CLOSED_SHELL('',(#3858,#3898,#3938,#3960,#3982,#3994));
#3858 = ADVANCED_FACE('',(#3859),#3893,.F.);
#3859 = FACE_BOUND('',#3860,.F.);
#3860 = EDGE_LOOP('',(#3861,#3871,#3879,#3887));
#3861 = ORIENTED_EDGE('',*,*,#3862,.F.);
#3862 = EDGE_CURVE('',#3863,#3865,#3867,.T.);
#3863 = VERTEX_POINT('',#3864);
#3864 = CARTESIAN_POINT('',(45.,223.,536.));
#3865 = VERTEX_POINT('',#3866);
#3866 = CARTESIAN_POINT('',(45.,223.,716.));
#3867 = LINE('',#3868,#3869);
#3868 = CARTESIAN_POINT('',(45.,223.,536.));
#3869 = VECTOR('',#3870,1.);
#3870 = DIRECTION('',(0.,0.,1.));
#3871 = ORIENTED_EDGE('',*,*,#3872,.T.);
#3872 = EDGE_CURVE('',#3863,#3873,#3875,.T.);
#3873 = VERTEX_POINT('',#3874);
#3874 = CARTESIAN_POINT('',(45.,243.,536.));
#3875 = LINE('',#3876,#3877);
#3876 = CARTESIAN_POINT('',(45.,223.,536.));
#3877 = VECTOR('',#3878,1.);
#3878 = DIRECTION('',(0.,1.,0.));
#3879 = ORIENTED_EDGE('',*,*,#3880,.T.);
#3880 = EDGE_CURVE('',#3873,#3881,#3883,.T.);
#3881 = VERTEX_POINT('',#3882);
#3882 = CARTESIAN_POINT('',(45.,243.,716.));
#3883 = LINE('',#3884,#3885);
#3884 = CARTESIAN_POINT('',(45.,243.,536.));
#3885 = VECTOR('',#3886,1.);
#3886 = DIRECTION('',(0.,0.,1.));
#3887 = ORIENTED_EDGE('',*,*,#3888,.F.);
#3888 = EDGE_CURVE('',#3865,#3881,#3889,.T.);
#3889 = LINE('',#3890,#3891);
#3890 = CARTESIAN_POINT('',(45.,223.,716.));
#3891 = VECTOR('',#3892,1.);
#3892 = DIRECTION('',(0.,1.,0.));
#3893 = PLANE('',#3894);
#3894 = AXIS2_PLACEMENT_3D('',#3895,#3896,#3897);
#3895 = CARTESIAN_POINT('',(45.,223.,536.));
#3896 = DIRECTION('',(1.,0.,0.));
#3897 = DIRECTION('',(0.,0.,1.));
#3898 = ADVANCED_FACE('',(#3899),#3933,.T.);
#3899 = FACE_BOUND('',#3900,.T.);
#3900 = EDGE_LOOP('',(#3901,#3911,#3919,#3927));
#3901 = ORIENTED_EDGE('',*,*,#3902,.F.);
#3902 = EDGE_CURVE('',#3903,#3905,#3907,.T.);
#3903 = VERTEX_POINT('',#3904);
#3904 = CARTESIAN_POINT('',(65.,223.,536.));
#3905 = VERTEX_POINT('',#3906);
#3906 = CARTESIAN_POINT('',(65.,223.,716.));
#3907 = LINE('',#3908,#3909);
#3908 = CARTESIAN_POINT('',(65.,223.,536.));
#3909 = VECTOR('',#3910,1.);
#3910 = DIRECTION('',(0.,0.,1.));
#3911 = ORIENTED_EDGE('',*,*,#3912,.T.);
#3912 = EDGE_CURVE('',#3903,#3913,#3915,.T.);
#3913 = VERTEX_POINT('',#3914);
#3914 = CARTESIAN_POINT('',(65.,243.,536.));
#3915 = LINE('',#3916,#3917);
#3916 = CARTESIAN_POINT('',(65.,223.,536.));
#3917 = VECTOR('',#3918,1.);
#3918 = DIRECTION('',(0.,1.,0.));
#3919 = ORIENTED_EDGE('',*,*,#3920,.T.);
#3920 = EDGE_CURVE('',#3913,#3921,#3923,.T.);
#3921 = VERTEX_POINT('',#3922);
#3922 = CARTESIAN_POINT('',(65.,243.,716.));
#3923 = LINE('',#3924,#3925);
#3924 = CARTESIAN_POINT('',(65.,243.,536.));
#3925 = VECTOR('',#3926,1.);
#3926 = DIRECTION('',(0.,0.,1.));
#3927 = ORIENTED_EDGE('',*,*,#3928,.F.);
#3928 = EDGE_CURVE('',#3905,#3921,#3929,.T.);
#3929 = LINE('',#3930,#3931);
#3930 = CARTESIAN_POINT('',(65.,223.,716.));
#3931 = VECTOR('',#3932,1.);
#3932 = DIRECTION('',(0.,1.,0.));
#3933 = PLANE('',#3934);
#3934 = AXIS2_PLACEMENT_3D('',#3935,#3936,#3937);
#3935 = CARTESIAN_POINT('',(65.,223.,536.));
#3936 = DIRECTION('',(1.,0.,0.));
#3937 = DIRECTION('',(0.,0.,1.));
#3938 = ADVANCED_FACE('',(#3939),#3955,.F.);
#3939 = FACE_BOUND('',#3940,.F.);
#3940 = EDGE_LOOP('',(#3941,#3947,#3948,#3954));
#3941 = ORIENTED_EDGE('',*,*,#3942,.F.);
#3942 = EDGE_CURVE('',#3863,#3903,#3943,.T.);
#3943 = LINE('',#3944,#3945);
#3944 = CARTESIAN_POINT('',(45.,223.,536.));
#3945 = VECTOR('',#3946,1.);
#3946 = DIRECTION('',(1.,0.,0.));
#3947 = ORIENTED_EDGE('',*,*,#3862,.T.);
#3948 = ORIENTED_EDGE('',*,*,#3949,.T.);
#3949 = EDGE_CURVE('',#3865,#3905,#3950,.T.);
#3950 = LINE('',#3951,#3952);
#3951 = CARTESIAN_POINT('',(45.,223.,716.));
#3952 = VECTOR('',#3953,1.);
#3953 = DIRECTION('',(1.,0.,0.));
#3954 = ORIENTED_EDGE('',*,*,#3902,.F.);
#3955 = PLANE('',#3956);
#3956 = AXIS2_PLACEMENT_3D('',#3957,#3958,#3959);
#3957 = CARTESIAN_POINT('',(45.,223.,536.));
#3958 = DIRECTION('',(0.,1.,0.));
#3959 = DIRECTION('',(0.,0.,1.));
#3960 = ADVANCED_FACE('',(#3961),#3977,.T.);
#3961 = FACE_BOUND('',#3962,.T.);
#3962 = EDGE_LOOP('',(#3963,#3969,#3970,#3976));
#3963 = ORIENTED_EDGE('',*,*,#3964,.F.);
#3964 = EDGE_CURVE('',#3873,#3913,#3965,.T.);
#3965 = LINE('',#3966,#3967);
#3966 = CARTESIAN_POINT('',(45.,243.,536.));
#3967 = VECTOR('',#3968,1.);
#3968 = DIRECTION('',(1.,0.,0.));
#3969 = ORIENTED_EDGE('',*,*,#3880,.T.);
#3970 = ORIENTED_EDGE('',*,*,#3971,.T.);
#3971 = EDGE_CURVE('',#3881,#3921,#3972,.T.);
#3972 = LINE('',#3973,#3974);
#3973 = CARTESIAN_POINT('',(45.,243.,716.));
#3974 = VECTOR('',#3975,1.);
#3975 = DIRECTION('',(1.,0.,0.));
#3976 = ORIENTED_EDGE('',*,*,#3920,.F.);
#3977 = PLANE('',#3978);
#3978 = AXIS2_PLACEMENT_3D('',#3979,#3980,#3981);
#3979 = CARTESIAN_POINT('',(45.,243.,536.));
#3980 = DIRECTION('',(0.,1.,0.));
#3981 = DIRECTION('',(0.,0.,1.));
#3982 = ADVANCED_FACE('',(#3983),#3989,.F.);
#3983 = FACE_BOUND('',#3984,.F.);
#3984 = EDGE_LOOP('',(#3985,#3986,#3987,#3988));
#3985 = ORIENTED_EDGE('',*,*,#3872,.F.);
#3986 = ORIENTED_EDGE('',*,*,#3942,.T.);
#3987 = ORIENTED_EDGE('',*,*,#3912,.T.);
#3988 = ORIENTED_EDGE('',*,*,#3964,.F.);
#3989 = PLANE('',#3990);
#3990 = AXIS2_PLACEMENT_3D('',#3991,#3992,#3993);
#3991 = CARTESIAN_POINT('',(45.,223.,536.));
#3992 = DIRECTION('',(0.,0.,1.));
#3993 = DIRECTION('',(1.,0.,0.));
#3994 = ADVANCED_FACE('',(#3995),#4001,.T.);
#3995 = FACE_BOUND('',#3996,.T.);
#3996 = EDGE_LOOP('',(#3997,#3998,#3999,#4000));
#3997 = ORIENTED_EDGE('',*,*,#3888,.F.);
#3998 = ORIENTED_EDGE('',*,*,#3949,.T.);
#3999 = ORIENTED_EDGE('',*,*,#3928,.T.);
#4000 = ORIENTED_EDGE('',*,*,#3971,.F.);
#4001 = PLANE('',#4002);
#4002 = AXIS2_PLACEMENT_3D('',#4003,#4004,#4005);
#4003 = CARTESIAN_POINT('',(45.,223.,716.));
#4004 = DIRECTION('',(0.,0.,1.));
#4005 = DIRECTION('',(1.,0.,0.));
#4006 = MANIFOLD_SOLID_BREP('',#4007);
#4007 = CLOSED_SHELL('',(#4008,#4048,#4088,#4110,#4132,#4144));
#4008 = ADVANCED_FACE('',(#4009),#4043,.F.);
#4009 = FACE_BOUND('',#4010,.F.);
#4010 = EDGE_LOOP('',(#4011,#4021,#4029,#4037));
#4011 = ORIENTED_EDGE('',*,*,#4012,.F.);
#4012 = EDGE_CURVE('',#4013,#4015,#4017,.T.);
#4013 = VERTEX_POINT('',#4014);
#4014 = CARTESIAN_POINT('',(45.,283.,536.));
#4015 = VERTEX_POINT('',#4016);
#4016 = CARTESIAN_POINT('',(45.,283.,716.));
#4017 = LINE('',#4018,#4019);
#4018 = CARTESIAN_POINT('',(45.,283.,536.));
#4019 = VECTOR('',#4020,1.);
#4020 = DIRECTION('',(0.,0.,1.));
#4021 = ORIENTED_EDGE('',*,*,#4022,.T.);
#4022 = EDGE_CURVE('',#4013,#4023,#4025,.T.);
#4023 = VERTEX_POINT('',#4024);
#4024 = CARTESIAN_POINT('',(45.,303.,536.));
#4025 = LINE('',#4026,#4027);
#4026 = CARTESIAN_POINT('',(45.,283.,536.));
#4027 = VECTOR('',#4028,1.);
#4028 = DIRECTION('',(0.,1.,0.));
#4029 = ORIENTED_EDGE('',*,*,#4030,.T.);
#4030 = EDGE_CURVE('',#4023,#4031,#4033,.T.);
#4031 = VERTEX_POINT('',#4032);
#4032 = CARTESIAN_POINT('',(45.,303.,716.));
#4033 = LINE('',#4034,#4035);
#4034 = CARTESIAN_POINT('',(45.,303.,536.));
#4035 = VECTOR('',#4036,1.);
#4036 = DIRECTION('',(0.,0.,1.));
#4037 = ORIENTED_EDGE('',*,*,#4038,.F.);
#4038 = EDGE_CURVE('',#4015,#4031,#4039,.T.);
#4039 = LINE('',#4040,#4041);
#4040 = CARTESIAN_POINT('',(45.,283.,716.));
#4041 = VECTOR('',#4042,1.);
#4042 = DIRECTION('',(0.,1.,0.));
#4043 = PLANE('',#4044);
#4044 = AXIS2_PLACEMENT_3D('',#4045,#4046,#4047);
#4045 = CARTESIAN_POINT('',(45.,283.,536.));
#4046 = DIRECTION('',(1.,0.,0.));
#4047 = DIRECTION('',(0.,0.,1.));
#4048 = ADVANCED_FACE('',(#4049),#4083,.T.);
#4049 = FACE_BOUND('',#4050,.T.);
#4050 = EDGE_LOOP('',(#4051,#4061,#4069,#4077));
#4051 = ORIENTED_EDGE('',*,*,#4052,.F.);
#4052 = EDGE_CURVE('',#4053,#4055,#4057,.T.);
#4053 = VERTEX_POINT('',#4054);
#4054 = CARTESIAN_POINT('',(65.,283.,536.));
#4055 = VERTEX_POINT('',#4056);
#4056 = CARTESIAN_POINT('',(65.,283.,716.));
#4057 = LINE('',#4058,#4059);
#4058 = CARTESIAN_POINT('',(65.,283.,536.));
#4059 = VECTOR('',#4060,1.);
#4060 = DIRECTION('',(0.,0.,1.));
#4061 = ORIENTED_EDGE('',*,*,#4062,.T.);
#4062 = EDGE_CURVE('',#4053,#4063,#4065,.T.);
#4063 = VERTEX_POINT('',#4064);
#4064 = CARTESIAN_POINT('',(65.,303.,536.));
#4065 = LINE('',#4066,#4067);
#4066 = CARTESIAN_POINT('',(65.,283.,536.));
#4067 = VECTOR('',#4068,1.);
#4068 = DIRECTION('',(0.,1.,0.));
#4069 = ORIENTED_EDGE('',*,*,#4070,.T.);
#4070 = EDGE_CURVE('',#4063,#4071,#4073,.T.);
#4071 = VERTEX_POINT('',#4072);
#4072 = CARTESIAN_POINT('',(65.,303.,716.));
#4073 = LINE('',#4074,#4075);
#4074 = CARTESIAN_POINT('',(65.,303.,536.));
#4075 = VECTOR('',#4076,1.);
#4076 = DIRECTION('',(0.,0.,1.));
#4077 = ORIENTED_EDGE('',*,*,#4078,.F.);
#4078 = EDGE_CURVE('',#4055,#4071,#4079,.T.);
#4079 = LINE('',#4080,#4081);
#4080 = CARTESIAN_POINT('',(65.,283.,716.));
#4081 = VECTOR('',#4082,1.);
#4082 = DIRECTION('',(0.,1.,0.));
#4083 = PLANE('',#4084);
#4084 = AXIS2_PLACEMENT_3D('',#4085,#4086,#4087);
#4085 = CARTESIAN_POINT('',(65.,283.,536.));
#4086 = DIRECTION('',(1.,0.,0.));
#4087 = DIRECTION('',(0.,0.,1.));
#4088 = ADVANCED_FACE('',(#4089),#4105,.F.);
#4089 = FACE_BOUND('',#4090,.F.);
#4090 = EDGE_LOOP('',(#4091,#4097,#4098,#4104));
#4091 = ORIENTED_EDGE('',*,*,#4092,.F.);
#4092 = EDGE_CURVE('',#4013,#4053,#4093,.T.);
#4093 = LINE('',#4094,#4095);
#4094 = CARTESIAN_POINT('',(45.,283.,536.));
#4095 = VECTOR('',#4096,1.);
#4096 = DIRECTION('',(1.,0.,0.));
#4097 = ORIENTED_EDGE('',*,*,#4012,.T.);
#4098 = ORIENTED_EDGE('',*,*,#4099,.T.);
#4099 = EDGE_CURVE('',#4015,#4055,#4100,.T.);
#4100 = LINE('',#4101,#4102);
#4101 = CARTESIAN_POINT('',(45.,283.,716.));
#4102 = VECTOR('',#4103,1.);
#4103 = DIRECTION('',(1.,0.,0.));
#4104 = ORIENTED_EDGE('',*,*,#4052,.F.);
#4105 = PLANE('',#4106);
#4106 = AXIS2_PLACEMENT_3D('',#4107,#4108,#4109);
#4107 = CARTESIAN_POINT('',(45.,283.,536.));
#4108 = DIRECTION('',(0.,1.,0.));
#4109 = DIRECTION('',(0.,0.,1.));
#4110 = ADVANCED_FACE('',(#4111),#4127,.T.);
#4111 = FACE_BOUND('',#4112,.T.);
#4112 = EDGE_LOOP('',(#4113,#4119,#4120,#4126));
#4113 = ORIENTED_EDGE('',*,*,#4114,.F.);
#4114 = EDGE_CURVE('',#4023,#4063,#4115,.T.);
#4115 = LINE('',#4116,#4117);
#4116 = CARTESIAN_POINT('',(45.,303.,536.));
#4117 = VECTOR('',#4118,1.);
#4118 = DIRECTION('',(1.,0.,0.));
#4119 = ORIENTED_EDGE('',*,*,#4030,.T.);
#4120 = ORIENTED_EDGE('',*,*,#4121,.T.);
#4121 = EDGE_CURVE('',#4031,#4071,#4122,.T.);
#4122 = LINE('',#4123,#4124);
#4123 = CARTESIAN_POINT('',(45.,303.,716.));
#4124 = VECTOR('',#4125,1.);
#4125 = DIRECTION('',(1.,0.,0.));
#4126 = ORIENTED_EDGE('',*,*,#4070,.F.);
#4127 = PLANE('',#4128);
#4128 = AXIS2_PLACEMENT_3D('',#4129,#4130,#4131);
#4129 = CARTESIAN_POINT('',(45.,303.,536.));
#4130 = DIRECTION('',(0.,1.,0.));
#4131 = DIRECTION('',(0.,0.,1.));
#4132 = ADVANCED_FACE('',(#4133),#4139,.F.);
#4133 = FACE_BOUND('',#4134,.F.);
#4134 = EDGE_LOOP('',(#4135,#4136,#4137,#4138));
#4135 = ORIENTED_EDGE('',*,*,#4022,.F.);
#4136 = ORIENTED_EDGE('',*,*,#4092,.T.);
#4137 = ORIENTED_EDGE('',*,*,#4062,.T.);
#4138 = ORIENTED_EDGE('',*,*,#4114,.F.);
#4139 = PLANE('',#4140);
#4140 = AXIS2_PLACEMENT_3D('',#4141,#4142,#4143);
#4141 = CARTESIAN_POINT('',(45.,283.,536.));
#4142 = DIRECTION('',(0.,0.,1.));
#4143 = DIRECTION('',(1.,0.,0.));
#4144 = ADVANCED_FACE('',(#4145),#4151,.T.);
#4145 = FACE_BOUND('',#4146,.T.);
#4146 = EDGE_LOOP('',(#4147,#4148,#4149,#4150));
#4147 = ORIENTED_EDGE('',*,*,#4038,.F.);
#4148 = ORIENTED_EDGE('',*,*,#4099,.T.);
#4149 = ORIENTED_EDGE('',*,*,#4078,.T.);
#4150 = ORIENTED_EDGE('',*,*,#4121,.F.);
#4151 = PLANE('',#4152);
#4152 = AXIS2_PLACEMENT_3D('',#4153,#4154,#4155);
#4153 = CARTESIAN_POINT('',(45.,283.,716.));
#4154 = DIRECTION('',(0.,0.,1.));
#4155 = DIRECTION('',(1.,0.,0.));
#4156 = MANIFOLD_SOLID_BREP('',#4157);
#4157 = CLOSED_SHELL('',(#4158,#4198,#4238,#4260,#4282,#4294));
#4158 = ADVANCED_FACE('',(#4159),#4193,.F.);
#4159 = FACE_BOUND('',#4160,.F.);
#4160 = EDGE_LOOP('',(#4161,#4171,#4179,#4187));
#4161 = ORIENTED_EDGE('',*,*,#4162,.F.);
#4162 = EDGE_CURVE('',#4163,#4165,#4167,.T.);
#4163 = VERTEX_POINT('',#4164);
#4164 = CARTESIAN_POINT('',(238.,223.,536.));
#4165 = VERTEX_POINT('',#4166);
#4166 = CARTESIAN_POINT('',(238.,223.,716.));
#4167 = LINE('',#4168,#4169);
#4168 = CARTESIAN_POINT('',(238.,223.,536.));
#4169 = VECTOR('',#4170,1.);
#4170 = DIRECTION('',(0.,0.,1.));
#4171 = ORIENTED_EDGE('',*,*,#4172,.T.);
#4172 = EDGE_CURVE('',#4163,#4173,#4175,.T.);
#4173 = VERTEX_POINT('',#4174);
#4174 = CARTESIAN_POINT('',(238.,243.,536.));
#4175 = LINE('',#4176,#4177);
#4176 = CARTESIAN_POINT('',(238.,223.,536.));
#4177 = VECTOR('',#4178,1.);
#4178 = DIRECTION('',(0.,1.,0.));
#4179 = ORIENTED_EDGE('',*,*,#4180,.T.);
#4180 = EDGE_CURVE('',#4173,#4181,#4183,.T.);
#4181 = VERTEX_POINT('',#4182);
#4182 = CARTESIAN_POINT('',(238.,243.,716.));
#4183 = LINE('',#4184,#4185);
#4184 = CARTESIAN_POINT('',(238.,243.,536.));
#4185 = VECTOR('',#4186,1.);
#4186 = DIRECTION('',(0.,0.,1.));
#4187 = ORIENTED_EDGE('',*,*,#4188,.F.);
#4188 = EDGE_CURVE('',#4165,#4181,#4189,.T.);
#4189 = LINE('',#4190,#4191);
#4190 = CARTESIAN_POINT('',(238.,223.,716.));
#4191 = VECTOR('',#4192,1.);
#4192 = DIRECTION('',(0.,1.,0.));
#4193 = PLANE('',#4194);
#4194 = AXIS2_PLACEMENT_3D('',#4195,#4196,#4197);
#4195 = CARTESIAN_POINT('',(238.,223.,536.));
#4196 = DIRECTION('',(1.,0.,0.));
#4197 = DIRECTION('',(0.,0.,1.));
#4198 = ADVANCED_FACE('',(#4199),#4233,.T.);
#4199 = FACE_BOUND('',#4200,.T.);
#4200 = EDGE_LOOP('',(#4201,#4211,#4219,#4227));
#4201 = ORIENTED_EDGE('',*,*,#4202,.F.);
#4202 = EDGE_CURVE('',#4203,#4205,#4207,.T.);
#4203 = VERTEX_POINT('',#4204);
#4204 = CARTESIAN_POINT('',(258.,223.,536.));
#4205 = VERTEX_POINT('',#4206);
#4206 = CARTESIAN_POINT('',(258.,223.,716.));
#4207 = LINE('',#4208,#4209);
#4208 = CARTESIAN_POINT('',(258.,223.,536.));
#4209 = VECTOR('',#4210,1.);
#4210 = DIRECTION('',(0.,0.,1.));
#4211 = ORIENTED_EDGE('',*,*,#4212,.T.);
#4212 = EDGE_CURVE('',#4203,#4213,#4215,.T.);
#4213 = VERTEX_POINT('',#4214);
#4214 = CARTESIAN_POINT('',(258.,243.,536.));
#4215 = LINE('',#4216,#4217);
#4216 = CARTESIAN_POINT('',(258.,223.,536.));
#4217 = VECTOR('',#4218,1.);
#4218 = DIRECTION('',(0.,1.,0.));
#4219 = ORIENTED_EDGE('',*,*,#4220,.T.);
#4220 = EDGE_CURVE('',#4213,#4221,#4223,.T.);
#4221 = VERTEX_POINT('',#4222);
#4222 = CARTESIAN_POINT('',(258.,243.,716.));
#4223 = LINE('',#4224,#4225);
#4224 = CARTESIAN_POINT('',(258.,243.,536.));
#4225 = VECTOR('',#4226,1.);
#4226 = DIRECTION('',(0.,0.,1.));
#4227 = ORIENTED_EDGE('',*,*,#4228,.F.);
#4228 = EDGE_CURVE('',#4205,#4221,#4229,.T.);
#4229 = LINE('',#4230,#4231);
#4230 = CARTESIAN_POINT('',(258.,223.,716.));
#4231 = VECTOR('',#4232,1.);
#4232 = DIRECTION('',(0.,1.,0.));
#4233 = PLANE('',#4234);
#4234 = AXIS2_PLACEMENT_3D('',#4235,#4236,#4237);
#4235 = CARTESIAN_POINT('',(258.,223.,536.));
#4236 = DIRECTION('',(1.,0.,0.));
#4237 = DIRECTION('',(0.,0.,1.));
#4238 = ADVANCED_FACE('',(#4239),#4255,.F.);
#4239 = FACE_BOUND('',#4240,.F.);
#4240 = EDGE_LOOP('',(#4241,#4247,#4248,#4254));
#4241 = ORIENTED_EDGE('',*,*,#4242,.F.);
#4242 = EDGE_CURVE('',#4163,#4203,#4243,.T.);
#4243 = LINE('',#4244,#4245);
#4244 = CARTESIAN_POINT('',(238.,223.,536.));
#4245 = VECTOR('',#4246,1.);
#4246 = DIRECTION('',(1.,0.,0.));
#4247 = ORIENTED_EDGE('',*,*,#4162,.T.);
#4248 = ORIENTED_EDGE('',*,*,#4249,.T.);
#4249 = EDGE_CURVE('',#4165,#4205,#4250,.T.);
#4250 = LINE('',#4251,#4252);
#4251 = CARTESIAN_POINT('',(238.,223.,716.));
#4252 = VECTOR('',#4253,1.);
#4253 = DIRECTION('',(1.,0.,0.));
#4254 = ORIENTED_EDGE('',*,*,#4202,.F.);
#4255 = PLANE('',#4256);
#4256 = AXIS2_PLACEMENT_3D('',#4257,#4258,#4259);
#4257 = CARTESIAN_POINT('',(238.,223.,536.));
#4258 = DIRECTION('',(0.,1.,0.));
#4259 = DIRECTION('',(0.,0.,1.));
#4260 = ADVANCED_FACE('',(#4261),#4277,.T.);
#4261 = FACE_BOUND('',#4262,.T.);
#4262 = EDGE_LOOP('',(#4263,#4269,#4270,#4276));
#4263 = ORIENTED_EDGE('',*,*,#4264,.F.);
#4264 = EDGE_CURVE('',#4173,#4213,#4265,.T.);
#4265 = LINE('',#4266,#4267);
#4266 = CARTESIAN_POINT('',(238.,243.,536.));
#4267 = VECTOR('',#4268,1.);
#4268 = DIRECTION('',(1.,0.,0.));
#4269 = ORIENTED_EDGE('',*,*,#4180,.T.);
#4270 = ORIENTED_EDGE('',*,*,#4271,.T.);
#4271 = EDGE_CURVE('',#4181,#4221,#4272,.T.);
#4272 = LINE('',#4273,#4274);
#4273 = CARTESIAN_POINT('',(238.,243.,716.));
#4274 = VECTOR('',#4275,1.);
#4275 = DIRECTION('',(1.,0.,0.));
#4276 = ORIENTED_EDGE('',*,*,#4220,.F.);
#4277 = PLANE('',#4278);
#4278 = AXIS2_PLACEMENT_3D('',#4279,#4280,#4281);
#4279 = CARTESIAN_POINT('',(238.,243.,536.));
#4280 = DIRECTION('',(0.,1.,0.));
#4281 = DIRECTION('',(0.,0.,1.));
#4282 = ADVANCED_FACE('',(#4283),#4289,.F.);
#4283 = FACE_BOUND('',#4284,.F.);
#4284 = EDGE_LOOP('',(#4285,#4286,#4287,#4288));
#4285 = ORIENTED_EDGE('',*,*,#4172,.F.);
#4286 = ORIENTED_EDGE('',*,*,#4242,.T.);
#4287 = ORIENTED_EDGE('',*,*,#4212,.T.);
#4288 = ORIENTED_EDGE('',*,*,#4264,.F.);
#4289 = PLANE('',#4290);
#4290 = AXIS2_PLACEMENT_3D('',#4291,#4292,#4293);
#4291 = CARTESIAN_POINT('',(238.,223.,536.));
#4292 = DIRECTION('',(0.,0.,1.));
#4293 = DIRECTION('',(1.,0.,0.));
#4294 = ADVANCED_FACE('',(#4295),#4301,.T.);
#4295 = FACE_BOUND('',#4296,.T.);
#4296 = EDGE_LOOP('',(#4297,#4298,#4299,#4300));
#4297 = ORIENTED_EDGE('',*,*,#4188,.F.);
#4298 = ORIENTED_EDGE('',*,*,#4249,.T.);
#4299 = ORIENTED_EDGE('',*,*,#4228,.T.);
#4300 = ORIENTED_EDGE('',*,*,#4271,.F.);
#4301 = PLANE('',#4302);
#4302 = AXIS2_PLACEMENT_3D('',#4303,#4304,#4305);
#4303 = CARTESIAN_POINT('',(238.,223.,716.));
#4304 = DIRECTION('',(0.,0.,1.));
#4305 = DIRECTION('',(1.,0.,0.));
#4306 = MANIFOLD_SOLID_BREP('',#4307);
#4307 = CLOSED_SHELL('',(#4308,#4348,#4388,#4410,#4432,#4444));
#4308 = ADVANCED_FACE('',(#4309),#4343,.F.);
#4309 = FACE_BOUND('',#4310,.F.);
#4310 = EDGE_LOOP('',(#4311,#4321,#4329,#4337));
#4311 = ORIENTED_EDGE('',*,*,#4312,.F.);
#4312 = EDGE_CURVE('',#4313,#4315,#4317,.T.);
#4313 = VERTEX_POINT('',#4314);
#4314 = CARTESIAN_POINT('',(238.,283.,536.));
#4315 = VERTEX_POINT('',#4316);
#4316 = CARTESIAN_POINT('',(238.,283.,716.));
#4317 = LINE('',#4318,#4319);
#4318 = CARTESIAN_POINT('',(238.,283.,536.));
#4319 = VECTOR('',#4320,1.);
#4320 = DIRECTION('',(0.,0.,1.));
#4321 = ORIENTED_EDGE('',*,*,#4322,.T.);
#4322 = EDGE_CURVE('',#4313,#4323,#4325,.T.);
#4323 = VERTEX_POINT('',#4324);
#4324 = CARTESIAN_POINT('',(238.,303.,536.));
#4325 = LINE('',#4326,#4327);
#4326 = CARTESIAN_POINT('',(238.,283.,536.));
#4327 = VECTOR('',#4328,1.);
#4328 = DIRECTION('',(0.,1.,0.));
#4329 = ORIENTED_EDGE('',*,*,#4330,.T.);
#4330 = EDGE_CURVE('',#4323,#4331,#4333,.T.);
#4331 = VERTEX_POINT('',#4332);
#4332 = CARTESIAN_POINT('',(238.,303.,716.));
#4333 = LINE('',#4334,#4335);
#4334 = CARTESIAN_POINT('',(238.,303.,536.));
#4335 = VECTOR('',#4336,1.);
#4336 = DIRECTION('',(0.,0.,1.));
#4337 = ORIENTED_EDGE('',*,*,#4338,.F.);
#4338 = EDGE_CURVE('',#4315,#4331,#4339,.T.);
#4339 = LINE('',#4340,#4341);
#4340 = CARTESIAN_POINT('',(238.,283.,716.));
#4341 = VECTOR('',#4342,1.);
#4342 = DIRECTION('',(0.,1.,0.));
#4343 = PLANE('',#4344);
#4344 = AXIS2_PLACEMENT_3D('',#4345,#4346,#4347);
#4345 = CARTESIAN_POINT('',(238.,283.,536.));
#4346 = DIRECTION('',(1.,0.,0.));
#4347 = DIRECTION('',(0.,0.,1.));
#4348 = ADVANCED_FACE('',(#4349),#4383,.T.);
#4349 = FACE_BOUND('',#4350,.T.);
#4350 = EDGE_LOOP('',(#4351,#4361,#4369,#4377));
#4351 = ORIENTED_EDGE('',*,*,#4352,.F.);
#4352 = EDGE_CURVE('',#4353,#4355,#4357,.T.);
#4353 = VERTEX_POINT('',#4354);
#4354 = CARTESIAN_POINT('',(258.,283.,536.));
#4355 = VERTEX_POINT('',#4356);
#4356 = CARTESIAN_POINT('',(258.,283.,716.));
#4357 = LINE('',#4358,#4359);
#4358 = CARTESIAN_POINT('',(258.,283.,536.));
#4359 = VECTOR('',#4360,1.);
#4360 = DIRECTION('',(0.,0.,1.));
#4361 = ORIENTED_EDGE('',*,*,#4362,.T.);
#4362 = EDGE_CURVE('',#4353,#4363,#4365,.T.);
#4363 = VERTEX_POINT('',#4364);
#4364 = CARTESIAN_POINT('',(258.,303.,536.));
#4365 = LINE('',#4366,#4367);
#4366 = CARTESIAN_POINT('',(258.,283.,536.));
#4367 = VECTOR('',#4368,1.);
#4368 = DIRECTION('',(0.,1.,0.));
#4369 = ORIENTED_EDGE('',*,*,#4370,.T.);
#4370 = EDGE_CURVE('',#4363,#4371,#4373,.T.);
#4371 = VERTEX_POINT('',#4372);
#4372 = CARTESIAN_POINT('',(258.,303.,716.));
#4373 = LINE('',#4374,#4375);
#4374 = CARTESIAN_POINT('',(258.,303.,536.));
#4375 = VECTOR('',#4376,1.);
#4376 = DIRECTION('',(0.,0.,1.));
#4377 = ORIENTED_EDGE('',*,*,#4378,.F.);
#4378 = EDGE_CURVE('',#4355,#4371,#4379,.T.);
#4379 = LINE('',#4380,#4381);
#4380 = CARTESIAN_POINT('',(258.,283.,716.));
#4381 = VECTOR('',#4382,1.);
#4382 = DIRECTION('',(0.,1.,0.));
#4383 = PLANE('',#4384);
#4384 = AXIS2_PLACEMENT_3D('',#4385,#4386,#4387);
#4385 = CARTESIAN_POINT('',(258.,283.,536.));
#4386 = DIRECTION('',(1.,0.,0.));
#4387 = DIRECTION('',(0.,0.,1.));
#4388 = ADVANCED_FACE('',(#4389),#4405,.F.);
#4389 = FACE_BOUND('',#4390,.F.);
#4390 = EDGE_LOOP('',(#4391,#4397,#4398,#4404));
#4391 = ORIENTED_EDGE('',*,*,#4392,.F.);
#4392 = EDGE_CURVE('',#4313,#4353,#4393,.T.);
#4393 = LINE('',#4394,#4395);
#4394 = CARTESIAN_POINT('',(238.,283.,536.));
#4395 = VECTOR('',#4396,1.);
#4396 = DIRECTION('',(1.,0.,0.));
#4397 = ORIENTED_EDGE('',*,*,#4312,.T.);
#4398 = ORIENTED_EDGE('',*,*,#4399,.T.);
#4399 = EDGE_CURVE('',#4315,#4355,#4400,.T.);
#4400 = LINE('',#4401,#4402);
#4401 = CARTESIAN_POINT('',(238.,283.,716.));
#4402 = VECTOR('',#4403,1.);
#4403 = DIRECTION('',(1.,0.,0.));
#4404 = ORIENTED_EDGE('',*,*,#4352,.F.);
#4405 = PLANE('',#4406);
#4406 = AXIS2_PLACEMENT_3D('',#4407,#4408,#4409);
#4407 = CARTESIAN_POINT('',(238.,283.,536.));
#4408 = DIRECTION('',(0.,1.,0.));
#4409 = DIRECTION('',(0.,0.,1.));
#4410 = ADVANCED_FACE('',(#4411),#4427,.T.);
#4411 = FACE_BOUND('',#4412,.T.);
#4412 = EDGE_LOOP('',(#4413,#4419,#4420,#4426));
#4413 = ORIENTED_EDGE('',*,*,#4414,.F.);
#4414 = EDGE_CURVE('',#4323,#4363,#4415,.T.);
#4415 = LINE('',#4416,#4417);
#4416 = CARTESIAN_POINT('',(238.,303.,536.));
#4417 = VECTOR('',#4418,1.);
#4418 = DIRECTION('',(1.,0.,0.));
#4419 = ORIENTED_EDGE('',*,*,#4330,.T.);
#4420 = ORIENTED_EDGE('',*,*,#4421,.T.);
#4421 = EDGE_CURVE('',#4331,#4371,#4422,.T.);
#4422 = LINE('',#4423,#4424);
#4423 = CARTESIAN_POINT('',(238.,303.,716.));
#4424 = VECTOR('',#4425,1.);
#4425 = DIRECTION('',(1.,0.,0.));
#4426 = ORIENTED_EDGE('',*,*,#4370,.F.);
#4427 = PLANE('',#4428);
#4428 = AXIS2_PLACEMENT_3D('',#4429,#4430,#4431);
#4429 = CARTESIAN_POINT('',(238.,303.,536.));
#4430 = DIRECTION('',(0.,1.,0.));
#4431 = DIRECTION('',(0.,0.,1.));
#4432 = ADVANCED_FACE('',(#4433),#4439,.F.);
#4433 = FACE_BOUND('',#4434,.F.);
#4434 = EDGE_LOOP('',(#4435,#4436,#4437,#4438));
#4435 = ORIENTED_EDGE('',*,*,#4322,.F.);
#4436 = ORIENTED_EDGE('',*,*,#4392,.T.);
#4437 = ORIENTED_EDGE('',*,*,#4362,.T.);
#4438 = ORIENTED_EDGE('',*,*,#4414,.F.);
#4439 = PLANE('',#4440);
#4440 = AXIS2_PLACEMENT_3D('',#4441,#4442,#4443);
#4441 = CARTESIAN_POINT('',(238.,283.,536.));
#4442 = DIRECTION('',(0.,0.,1.));
#4443 = DIRECTION('',(1.,0.,0.));
#4444 = ADVANCED_FACE('',(#4445),#4451,.T.);
#4445 = FACE_BOUND('',#4446,.T.);
#4446 = EDGE_LOOP('',(#4447,#4448,#4449,#4450));
#4447 = ORIENTED_EDGE('',*,*,#4338,.F.);
#4448 = ORIENTED_EDGE('',*,*,#4399,.T.);
#4449 = ORIENTED_EDGE('',*,*,#4378,.T.);
#4450 = ORIENTED_EDGE('',*,*,#4421,.F.);
#4451 = PLANE('',#4452);
#4452 = AXIS2_PLACEMENT_3D('',#4453,#4454,#4455);
#4453 = CARTESIAN_POINT('',(238.,283.,716.));
#4454 = DIRECTION('',(0.,0.,1.));
#4455 = DIRECTION('',(1.,0.,0.));
#4456 = MANIFOLD_SOLID_BREP('',#4457);
#4457 = CLOSED_SHELL('',(#4458,#4498,#4529,#4652,#4676,#4792,#4804,#4821
    ,#4838,#4855,#4872,#4889,#4906,#4923,#4940));
#4458 = ADVANCED_FACE('',(#4459),#4493,.F.);
#4459 = FACE_BOUND('',#4460,.F.);
#4460 = EDGE_LOOP('',(#4461,#4471,#4479,#4487));
#4461 = ORIENTED_EDGE('',*,*,#4462,.F.);
#4462 = EDGE_CURVE('',#4463,#4465,#4467,.T.);
#4463 = VERTEX_POINT('',#4464);
#4464 = CARTESIAN_POINT('',(45.,243.,706.167));
#4465 = VERTEX_POINT('',#4466);
#4466 = CARTESIAN_POINT('',(45.,253.,706.167));
#4467 = LINE('',#4468,#4469);
#4468 = CARTESIAN_POINT('',(45.,243.,706.167));
#4469 = VECTOR('',#4470,1.);
#4470 = DIRECTION('',(0.,1.,1.110223024625E-16));
#4471 = ORIENTED_EDGE('',*,*,#4472,.T.);
#4472 = EDGE_CURVE('',#4463,#4473,#4475,.T.);
#4473 = VERTEX_POINT('',#4474);
#4474 = CARTESIAN_POINT('',(45.,243.,646.167));
#4475 = LINE('',#4476,#4477);
#4476 = CARTESIAN_POINT('',(45.,243.,706.167));
#4477 = VECTOR('',#4478,1.);
#4478 = DIRECTION('',(0.,1.110223024625E-16,-1.));
#4479 = ORIENTED_EDGE('',*,*,#4480,.T.);
#4480 = EDGE_CURVE('',#4473,#4481,#4483,.T.);
#4481 = VERTEX_POINT('',#4482);
#4482 = CARTESIAN_POINT('',(45.,253.,646.167));
#4483 = LINE('',#4484,#4485);
#4484 = CARTESIAN_POINT('',(45.,243.,646.167));
#4485 = VECTOR('',#4486,1.);
#4486 = DIRECTION('',(0.,1.,1.110223024625E-16));
#4487 = ORIENTED_EDGE('',*,*,#4488,.F.);
#4488 = EDGE_CURVE('',#4465,#4481,#4489,.T.);
#4489 = LINE('',#4490,#4491);
#4490 = CARTESIAN_POINT('',(45.,253.,706.167));
#4491 = VECTOR('',#4492,1.);
#4492 = DIRECTION('',(0.,1.110223024625E-16,-1.));
#4493 = PLANE('',#4494);
#4494 = AXIS2_PLACEMENT_3D('',#4495,#4496,#4497);
#4495 = CARTESIAN_POINT('',(45.,243.,706.167));
#4496 = DIRECTION('',(1.,0.,0.));
#4497 = DIRECTION('',(0.,1.,1.110223024625E-16));
#4498 = ADVANCED_FACE('',(#4499),#4524,.F.);
#4499 = FACE_BOUND('',#4500,.F.);
#4500 = EDGE_LOOP('',(#4501,#4509,#4510,#4518));
#4501 = ORIENTED_EDGE('',*,*,#4502,.F.);
#4502 = EDGE_CURVE('',#4463,#4503,#4505,.T.);
#4503 = VERTEX_POINT('',#4504);
#4504 = CARTESIAN_POINT('',(261.,243.,706.167));
#4505 = LINE('',#4506,#4507);
#4506 = CARTESIAN_POINT('',(45.,243.,706.167));
#4507 = VECTOR('',#4508,1.);
#4508 = DIRECTION('',(1.,0.,0.));
#4509 = ORIENTED_EDGE('',*,*,#4462,.T.);
#4510 = ORIENTED_EDGE('',*,*,#4511,.T.);
#4511 = EDGE_CURVE('',#4465,#4512,#4514,.T.);
#4512 = VERTEX_POINT('',#4513);
#4513 = CARTESIAN_POINT('',(261.,253.,706.167));
#4514 = LINE('',#4515,#4516);
#4515 = CARTESIAN_POINT('',(45.,253.,706.167));
#4516 = VECTOR('',#4517,1.);
#4517 = DIRECTION('',(1.,0.,0.));
#4518 = ORIENTED_EDGE('',*,*,#4519,.F.);
#4519 = EDGE_CURVE('',#4503,#4512,#4520,.T.);
#4520 = LINE('',#4521,#4522);
#4521 = CARTESIAN_POINT('',(261.,243.,706.167));
#4522 = VECTOR('',#4523,1.);
#4523 = DIRECTION('',(0.,1.,1.110223024625E-16));
#4524 = PLANE('',#4525);
#4525 = AXIS2_PLACEMENT_3D('',#4526,#4527,#4528);
#4526 = CARTESIAN_POINT('',(45.,243.,706.167));
#4527 = DIRECTION('',(0.,1.110223024625E-16,-1.));
#4528 = DIRECTION('',(0.,1.,1.110223024625E-16));
#4529 = ADVANCED_FACE('',(#4530,#4548,#4559,#4570,#4581,#4592,#4603,
    #4614,#4625,#4636),#4647,.T.);
#4530 = FACE_BOUND('',#4531,.T.);
#4531 = EDGE_LOOP('',(#4532,#4533,#4534,#4542));
#4532 = ORIENTED_EDGE('',*,*,#4488,.F.);
#4533 = ORIENTED_EDGE('',*,*,#4511,.T.);
#4534 = ORIENTED_EDGE('',*,*,#4535,.T.);
#4535 = EDGE_CURVE('',#4512,#4536,#4538,.T.);
#4536 = VERTEX_POINT('',#4537);
#4537 = CARTESIAN_POINT('',(261.,253.,646.167));
#4538 = LINE('',#4539,#4540);
#4539 = CARTESIAN_POINT('',(261.,253.,706.167));
#4540 = VECTOR('',#4541,1.);
#4541 = DIRECTION('',(0.,1.110223024625E-16,-1.));
#4542 = ORIENTED_EDGE('',*,*,#4543,.F.);
#4543 = EDGE_CURVE('',#4481,#4536,#4544,.T.);
#4544 = LINE('',#4545,#4546);
#4545 = CARTESIAN_POINT('',(45.,253.,646.167));
#4546 = VECTOR('',#4547,1.);
#4547 = DIRECTION('',(1.,0.,0.));
#4548 = FACE_BOUND('',#4549,.T.);
#4549 = EDGE_LOOP('',(#4550));
#4550 = ORIENTED_EDGE('',*,*,#4551,.F.);
#4551 = EDGE_CURVE('',#4552,#4552,#4554,.T.);
#4552 = VERTEX_POINT('',#4553);
#4553 = CARTESIAN_POINT('',(57.75,253.,696.167));
#4554 = CIRCLE('',#4555,2.75);
#4555 = AXIS2_PLACEMENT_3D('',#4556,#4557,#4558);
#4556 = CARTESIAN_POINT('',(55.,253.,696.167));
#4557 = DIRECTION('',(-0.,1.,1.110223024625E-16));
#4558 = DIRECTION('',(1.,0.,0.));
#4559 = FACE_BOUND('',#4560,.T.);
#4560 = EDGE_LOOP('',(#4561));
#4561 = ORIENTED_EDGE('',*,*,#4562,.F.);
#4562 = EDGE_CURVE('',#4563,#4563,#4565,.T.);
#4563 = VERTEX_POINT('',#4564);
#4564 = CARTESIAN_POINT('',(134.25,253.,676.167));
#4565 = CIRCLE('',#4566,1.25);
#4566 = AXIS2_PLACEMENT_3D('',#4567,#4568,#4569);
#4567 = CARTESIAN_POINT('',(133.,253.,676.167));
#4568 = DIRECTION('',(-0.,1.,1.110223024625E-16));
#4569 = DIRECTION('',(1.,0.,0.));
#4570 = FACE_BOUND('',#4571,.T.);
#4571 = EDGE_LOOP('',(#4572));
#4572 = ORIENTED_EDGE('',*,*,#4573,.F.);
#4573 = EDGE_CURVE('',#4574,#4574,#4576,.T.);
#4574 = VERTEX_POINT('',#4575);
#4575 = CARTESIAN_POINT('',(250.75,253.,696.167));
#4576 = CIRCLE('',#4577,2.75);
#4577 = AXIS2_PLACEMENT_3D('',#4578,#4579,#4580);
#4578 = CARTESIAN_POINT('',(248.,253.,696.167));
#4579 = DIRECTION('',(-0.,1.,1.110223024625E-16));
#4580 = DIRECTION('',(1.,0.,0.));
#4581 = FACE_BOUND('',#4582,.T.);
#4582 = EDGE_LOOP('',(#4583));
#4583 = ORIENTED_EDGE('',*,*,#4584,.F.);
#4584 = EDGE_CURVE('',#4585,#4585,#4587,.T.);
#4585 = VERTEX_POINT('',#4586);
#4586 = CARTESIAN_POINT('',(169.015,253.,676.167));
#4587 = CIRCLE('',#4588,16.015);
#4588 = AXIS2_PLACEMENT_3D('',#4589,#4590,#4591);
#4589 = CARTESIAN_POINT('',(153.,253.,676.167));
#4590 = DIRECTION('',(-0.,1.,1.110223024625E-16));
#4591 = DIRECTION('',(1.,0.,0.));
#4592 = FACE_BOUND('',#4593,.T.);
#4593 = EDGE_LOOP('',(#4594));
#4594 = ORIENTED_EDGE('',*,*,#4595,.F.);
#4595 = EDGE_CURVE('',#4596,#4596,#4598,.T.);
#4596 = VERTEX_POINT('',#4597);
#4597 = CARTESIAN_POINT('',(174.25,253.,676.167));
#4598 = CIRCLE('',#4599,1.25);
#4599 = AXIS2_PLACEMENT_3D('',#4600,#4601,#4602);
#4600 = CARTESIAN_POINT('',(173.,253.,676.167));
#4601 = DIRECTION('',(-0.,1.,1.110223024625E-16));
#4602 = DIRECTION('',(1.,0.,0.));
#4603 = FACE_BOUND('',#4604,.T.);
#4604 = EDGE_LOOP('',(#4605));
#4605 = ORIENTED_EDGE('',*,*,#4606,.F.);
#4606 = EDGE_CURVE('',#4607,#4607,#4609,.T.);
#4607 = VERTEX_POINT('',#4608);
#4608 = CARTESIAN_POINT('',(57.75,253.,656.167));
#4609 = CIRCLE('',#4610,2.75);
#4610 = AXIS2_PLACEMENT_3D('',#4611,#4612,#4613);
#4611 = CARTESIAN_POINT('',(55.,253.,656.167));
#4612 = DIRECTION('',(-0.,1.,1.110223024625E-16));
#4613 = DIRECTION('',(1.,0.,0.));
#4614 = FACE_BOUND('',#4615,.T.);
#4615 = EDGE_LOOP('',(#4616));
#4616 = ORIENTED_EDGE('',*,*,#4617,.F.);
#4617 = EDGE_CURVE('',#4618,#4618,#4620,.T.);
#4618 = VERTEX_POINT('',#4619);
#4619 = CARTESIAN_POINT('',(110.,253.,655.25));
#4620 = CIRCLE('',#4621,1.25);
#4621 = AXIS2_PLACEMENT_3D('',#4622,#4623,#4624);
#4622 = CARTESIAN_POINT('',(110.,253.,654.));
#4623 = DIRECTION('',(0.,1.,0.));
#4624 = DIRECTION('',(0.,0.,1.));
#4625 = FACE_BOUND('',#4626,.T.);
#4626 = EDGE_LOOP('',(#4627));
#4627 = ORIENTED_EDGE('',*,*,#4628,.F.);
#4628 = EDGE_CURVE('',#4629,#4629,#4631,.T.);
#4629 = VERTEX_POINT('',#4630);
#4630 = CARTESIAN_POINT('',(196.,253.,655.25));
#4631 = CIRCLE('',#4632,1.25);
#4632 = AXIS2_PLACEMENT_3D('',#4633,#4634,#4635);
#4633 = CARTESIAN_POINT('',(196.,253.,654.));
#4634 = DIRECTION('',(0.,1.,0.));
#4635 = DIRECTION('',(0.,0.,1.));
#4636 = FACE_BOUND('',#4637,.T.);
#4637 = EDGE_LOOP('',(#4638));
#4638 = ORIENTED_EDGE('',*,*,#4639,.F.);
#4639 = EDGE_CURVE('',#4640,#4640,#4642,.T.);
#4640 = VERTEX_POINT('',#4641);
#4641 = CARTESIAN_POINT('',(250.75,253.,656.167));
#4642 = CIRCLE('',#4643,2.75);
#4643 = AXIS2_PLACEMENT_3D('',#4644,#4645,#4646);
#4644 = CARTESIAN_POINT('',(248.,253.,656.167));
#4645 = DIRECTION('',(-0.,1.,1.110223024625E-16));
#4646 = DIRECTION('',(1.,0.,0.));
#4647 = PLANE('',#4648);
#4648 = AXIS2_PLACEMENT_3D('',#4649,#4650,#4651);
#4649 = CARTESIAN_POINT('',(45.,253.,706.167));
#4650 = DIRECTION('',(0.,1.,1.110223024625E-16));
#4651 = DIRECTION('',(1.,0.,0.));
#4652 = ADVANCED_FACE('',(#4653),#4671,.T.);
#4653 = FACE_BOUND('',#4654,.T.);
#4654 = EDGE_LOOP('',(#4655,#4663,#4664,#4665));
#4655 = ORIENTED_EDGE('',*,*,#4656,.F.);
#4656 = EDGE_CURVE('',#4473,#4657,#4659,.T.);
#4657 = VERTEX_POINT('',#4658);
#4658 = CARTESIAN_POINT('',(261.,243.,646.167));
#4659 = LINE('',#4660,#4661);
#4660 = CARTESIAN_POINT('',(45.,243.,646.167));
#4661 = VECTOR('',#4662,1.);
#4662 = DIRECTION('',(1.,0.,0.));
#4663 = ORIENTED_EDGE('',*,*,#4480,.T.);
#4664 = ORIENTED_EDGE('',*,*,#4543,.T.);
#4665 = ORIENTED_EDGE('',*,*,#4666,.F.);
#4666 = EDGE_CURVE('',#4657,#4536,#4667,.T.);
#4667 = LINE('',#4668,#4669);
#4668 = CARTESIAN_POINT('',(261.,243.,646.167));
#4669 = VECTOR('',#4670,1.);
#4670 = DIRECTION('',(0.,1.,1.110223024625E-16));
#4671 = PLANE('',#4672);
#4672 = AXIS2_PLACEMENT_3D('',#4673,#4674,#4675);
#4673 = CARTESIAN_POINT('',(45.,243.,646.167));
#4674 = DIRECTION('',(0.,1.110223024625E-16,-1.));
#4675 = DIRECTION('',(0.,1.,1.110223024625E-16));
#4676 = ADVANCED_FACE('',(#4677,#4688,#4699,#4710,#4721,#4732,#4743,
    #4754,#4765,#4776),#4787,.F.);
#4677 = FACE_BOUND('',#4678,.F.);
#4678 = EDGE_LOOP('',(#4679,#4680,#4681,#4687));
#4679 = ORIENTED_EDGE('',*,*,#4472,.F.);
#4680 = ORIENTED_EDGE('',*,*,#4502,.T.);
#4681 = ORIENTED_EDGE('',*,*,#4682,.T.);
#4682 = EDGE_CURVE('',#4503,#4657,#4683,.T.);
#4683 = LINE('',#4684,#4685);
#4684 = CARTESIAN_POINT('',(261.,243.,706.167));
#4685 = VECTOR('',#4686,1.);
#4686 = DIRECTION('',(0.,1.110223024625E-16,-1.));
#4687 = ORIENTED_EDGE('',*,*,#4656,.F.);
#4688 = FACE_BOUND('',#4689,.F.);
#4689 = EDGE_LOOP('',(#4690));
#4690 = ORIENTED_EDGE('',*,*,#4691,.F.);
#4691 = EDGE_CURVE('',#4692,#4692,#4694,.T.);
#4692 = VERTEX_POINT('',#4693);
#4693 = CARTESIAN_POINT('',(57.75,243.,696.167));
#4694 = CIRCLE('',#4695,2.75);
#4695 = AXIS2_PLACEMENT_3D('',#4696,#4697,#4698);
#4696 = CARTESIAN_POINT('',(55.,243.,696.167));
#4697 = DIRECTION('',(-0.,1.,1.110223024625E-16));
#4698 = DIRECTION('',(1.,0.,0.));
#4699 = FACE_BOUND('',#4700,.F.);
#4700 = EDGE_LOOP('',(#4701));
#4701 = ORIENTED_EDGE('',*,*,#4702,.F.);
#4702 = EDGE_CURVE('',#4703,#4703,#4705,.T.);
#4703 = VERTEX_POINT('',#4704);
#4704 = CARTESIAN_POINT('',(134.25,243.,676.167));
#4705 = CIRCLE('',#4706,1.25);
#4706 = AXIS2_PLACEMENT_3D('',#4707,#4708,#4709);
#4707 = CARTESIAN_POINT('',(133.,243.,676.167));
#4708 = DIRECTION('',(-0.,1.,1.110223024625E-16));
#4709 = DIRECTION('',(1.,0.,0.));
#4710 = FACE_BOUND('',#4711,.F.);
#4711 = EDGE_LOOP('',(#4712));
#4712 = ORIENTED_EDGE('',*,*,#4713,.F.);
#4713 = EDGE_CURVE('',#4714,#4714,#4716,.T.);
#4714 = VERTEX_POINT('',#4715);
#4715 = CARTESIAN_POINT('',(250.75,243.,696.167));
#4716 = CIRCLE('',#4717,2.75);
#4717 = AXIS2_PLACEMENT_3D('',#4718,#4719,#4720);
#4718 = CARTESIAN_POINT('',(248.,243.,696.167));
#4719 = DIRECTION('',(-0.,1.,1.110223024625E-16));
#4720 = DIRECTION('',(1.,0.,0.));
#4721 = FACE_BOUND('',#4722,.F.);
#4722 = EDGE_LOOP('',(#4723));
#4723 = ORIENTED_EDGE('',*,*,#4724,.F.);
#4724 = EDGE_CURVE('',#4725,#4725,#4727,.T.);
#4725 = VERTEX_POINT('',#4726);
#4726 = CARTESIAN_POINT('',(169.015,243.,676.167));
#4727 = CIRCLE('',#4728,16.015);
#4728 = AXIS2_PLACEMENT_3D('',#4729,#4730,#4731);
#4729 = CARTESIAN_POINT('',(153.,243.,676.167));
#4730 = DIRECTION('',(-0.,1.,1.110223024625E-16));
#4731 = DIRECTION('',(1.,0.,0.));
#4732 = FACE_BOUND('',#4733,.F.);
#4733 = EDGE_LOOP('',(#4734));
#4734 = ORIENTED_EDGE('',*,*,#4735,.F.);
#4735 = EDGE_CURVE('',#4736,#4736,#4738,.T.);
#4736 = VERTEX_POINT('',#4737);
#4737 = CARTESIAN_POINT('',(174.25,243.,676.167));
#4738 = CIRCLE('',#4739,1.25);
#4739 = AXIS2_PLACEMENT_3D('',#4740,#4741,#4742);
#4740 = CARTESIAN_POINT('',(173.,243.,676.167));
#4741 = DIRECTION('',(-0.,1.,1.110223024625E-16));
#4742 = DIRECTION('',(1.,0.,0.));
#4743 = FACE_BOUND('',#4744,.F.);
#4744 = EDGE_LOOP('',(#4745));
#4745 = ORIENTED_EDGE('',*,*,#4746,.F.);
#4746 = EDGE_CURVE('',#4747,#4747,#4749,.T.);
#4747 = VERTEX_POINT('',#4748);
#4748 = CARTESIAN_POINT('',(57.75,243.,656.167));
#4749 = CIRCLE('',#4750,2.75);
#4750 = AXIS2_PLACEMENT_3D('',#4751,#4752,#4753);
#4751 = CARTESIAN_POINT('',(55.,243.,656.167));
#4752 = DIRECTION('',(-0.,1.,1.110223024625E-16));
#4753 = DIRECTION('',(1.,0.,0.));
#4754 = FACE_BOUND('',#4755,.F.);
#4755 = EDGE_LOOP('',(#4756));
#4756 = ORIENTED_EDGE('',*,*,#4757,.F.);
#4757 = EDGE_CURVE('',#4758,#4758,#4760,.T.);
#4758 = VERTEX_POINT('',#4759);
#4759 = CARTESIAN_POINT('',(110.,243.,655.25));
#4760 = CIRCLE('',#4761,1.25);
#4761 = AXIS2_PLACEMENT_3D('',#4762,#4763,#4764);
#4762 = CARTESIAN_POINT('',(110.,243.,654.));
#4763 = DIRECTION('',(0.,1.,0.));
#4764 = DIRECTION('',(0.,0.,1.));
#4765 = FACE_BOUND('',#4766,.F.);
#4766 = EDGE_LOOP('',(#4767));
#4767 = ORIENTED_EDGE('',*,*,#4768,.F.);
#4768 = EDGE_CURVE('',#4769,#4769,#4771,.T.);
#4769 = VERTEX_POINT('',#4770);
#4770 = CARTESIAN_POINT('',(196.,243.,655.25));
#4771 = CIRCLE('',#4772,1.25);
#4772 = AXIS2_PLACEMENT_3D('',#4773,#4774,#4775);
#4773 = CARTESIAN_POINT('',(196.,243.,654.));
#4774 = DIRECTION('',(0.,1.,0.));
#4775 = DIRECTION('',(0.,0.,1.));
#4776 = FACE_BOUND('',#4777,.F.);
#4777 = EDGE_LOOP('',(#4778));
#4778 = ORIENTED_EDGE('',*,*,#4779,.F.);
#4779 = EDGE_CURVE('',#4780,#4780,#4782,.T.);
#4780 = VERTEX_POINT('',#4781);
#4781 = CARTESIAN_POINT('',(250.75,243.,656.167));
#4782 = CIRCLE('',#4783,2.75);
#4783 = AXIS2_PLACEMENT_3D('',#4784,#4785,#4786);
#4784 = CARTESIAN_POINT('',(248.,243.,656.167));
#4785 = DIRECTION('',(-0.,1.,1.110223024625E-16));
#4786 = DIRECTION('',(1.,0.,0.));
#4787 = PLANE('',#4788);
#4788 = AXIS2_PLACEMENT_3D('',#4789,#4790,#4791);
#4789 = CARTESIAN_POINT('',(45.,243.,706.167));
#4790 = DIRECTION('',(0.,1.,1.110223024625E-16));
#4791 = DIRECTION('',(1.,0.,0.));
#4792 = ADVANCED_FACE('',(#4793),#4799,.T.);
#4793 = FACE_BOUND('',#4794,.T.);
#4794 = EDGE_LOOP('',(#4795,#4796,#4797,#4798));
#4795 = ORIENTED_EDGE('',*,*,#4519,.F.);
#4796 = ORIENTED_EDGE('',*,*,#4682,.T.);
#4797 = ORIENTED_EDGE('',*,*,#4666,.T.);
#4798 = ORIENTED_EDGE('',*,*,#4535,.F.);
#4799 = PLANE('',#4800);
#4800 = AXIS2_PLACEMENT_3D('',#4801,#4802,#4803);
#4801 = CARTESIAN_POINT('',(261.,243.,706.167));
#4802 = DIRECTION('',(1.,0.,0.));
#4803 = DIRECTION('',(0.,1.,1.110223024625E-16));
#4804 = ADVANCED_FACE('',(#4805),#4816,.F.);
#4805 = FACE_BOUND('',#4806,.F.);
#4806 = EDGE_LOOP('',(#4807,#4808,#4814,#4815));
#4807 = ORIENTED_EDGE('',*,*,#4551,.F.);
#4808 = ORIENTED_EDGE('',*,*,#4809,.F.);
#4809 = EDGE_CURVE('',#4692,#4552,#4810,.T.);
#4810 = LINE('',#4811,#4812);
#4811 = CARTESIAN_POINT('',(57.75,243.,696.167));
#4812 = VECTOR('',#4813,1.);
#4813 = DIRECTION('',(0.,1.,1.110223024625E-16));
#4814 = ORIENTED_EDGE('',*,*,#4691,.T.);
#4815 = ORIENTED_EDGE('',*,*,#4809,.T.);
#4816 = CYLINDRICAL_SURFACE('',#4817,2.75);
#4817 = AXIS2_PLACEMENT_3D('',#4818,#4819,#4820);
#4818 = CARTESIAN_POINT('',(55.,243.,696.167));
#4819 = DIRECTION('',(0.,1.,1.110223024625E-16));
#4820 = DIRECTION('',(1.,0.,0.));
#4821 = ADVANCED_FACE('',(#4822),#4833,.F.);
#4822 = FACE_BOUND('',#4823,.F.);
#4823 = EDGE_LOOP('',(#4824,#4825,#4831,#4832));
#4824 = ORIENTED_EDGE('',*,*,#4562,.F.);
#4825 = ORIENTED_EDGE('',*,*,#4826,.F.);
#4826 = EDGE_CURVE('',#4703,#4563,#4827,.T.);
#4827 = LINE('',#4828,#4829);
#4828 = CARTESIAN_POINT('',(134.25,243.,676.167));
#4829 = VECTOR('',#4830,1.);
#4830 = DIRECTION('',(0.,1.,1.110223024625E-16));
#4831 = ORIENTED_EDGE('',*,*,#4702,.T.);
#4832 = ORIENTED_EDGE('',*,*,#4826,.T.);
#4833 = CYLINDRICAL_SURFACE('',#4834,1.25);
#4834 = AXIS2_PLACEMENT_3D('',#4835,#4836,#4837);
#4835 = CARTESIAN_POINT('',(133.,243.,676.167));
#4836 = DIRECTION('',(0.,1.,1.110223024625E-16));
#4837 = DIRECTION('',(1.,0.,0.));
#4838 = ADVANCED_FACE('',(#4839),#4850,.F.);
#4839 = FACE_BOUND('',#4840,.F.);
#4840 = EDGE_LOOP('',(#4841,#4842,#4848,#4849));
#4841 = ORIENTED_EDGE('',*,*,#4573,.F.);
#4842 = ORIENTED_EDGE('',*,*,#4843,.F.);
#4843 = EDGE_CURVE('',#4714,#4574,#4844,.T.);
#4844 = LINE('',#4845,#4846);
#4845 = CARTESIAN_POINT('',(250.75,243.,696.167));
#4846 = VECTOR('',#4847,1.);
#4847 = DIRECTION('',(0.,1.,1.110223024625E-16));
#4848 = ORIENTED_EDGE('',*,*,#4713,.T.);
#4849 = ORIENTED_EDGE('',*,*,#4843,.T.);
#4850 = CYLINDRICAL_SURFACE('',#4851,2.75);
#4851 = AXIS2_PLACEMENT_3D('',#4852,#4853,#4854);
#4852 = CARTESIAN_POINT('',(248.,243.,696.167));
#4853 = DIRECTION('',(0.,1.,1.110223024625E-16));
#4854 = DIRECTION('',(1.,0.,0.));
#4855 = ADVANCED_FACE('',(#4856),#4867,.F.);
#4856 = FACE_BOUND('',#4857,.F.);
#4857 = EDGE_LOOP('',(#4858,#4859,#4865,#4866));
#4858 = ORIENTED_EDGE('',*,*,#4584,.F.);
#4859 = ORIENTED_EDGE('',*,*,#4860,.F.);
#4860 = EDGE_CURVE('',#4725,#4585,#4861,.T.);
#4861 = LINE('',#4862,#4863);
#4862 = CARTESIAN_POINT('',(169.015,243.,676.167));
#4863 = VECTOR('',#4864,1.);
#4864 = DIRECTION('',(0.,1.,1.110223024625E-16));
#4865 = ORIENTED_EDGE('',*,*,#4724,.T.);
#4866 = ORIENTED_EDGE('',*,*,#4860,.T.);
#4867 = CYLINDRICAL_SURFACE('',#4868,16.015);
#4868 = AXIS2_PLACEMENT_3D('',#4869,#4870,#4871);
#4869 = CARTESIAN_POINT('',(153.,243.,676.167));
#4870 = DIRECTION('',(0.,1.,1.110223024625E-16));
#4871 = DIRECTION('',(1.,0.,0.));
#4872 = ADVANCED_FACE('',(#4873),#4884,.F.);
#4873 = FACE_BOUND('',#4874,.F.);
#4874 = EDGE_LOOP('',(#4875,#4876,#4882,#4883));
#4875 = ORIENTED_EDGE('',*,*,#4595,.F.);
#4876 = ORIENTED_EDGE('',*,*,#4877,.F.);
#4877 = EDGE_CURVE('',#4736,#4596,#4878,.T.);
#4878 = LINE('',#4879,#4880);
#4879 = CARTESIAN_POINT('',(174.25,243.,676.167));
#4880 = VECTOR('',#4881,1.);
#4881 = DIRECTION('',(0.,1.,1.110223024625E-16));
#4882 = ORIENTED_EDGE('',*,*,#4735,.T.);
#4883 = ORIENTED_EDGE('',*,*,#4877,.T.);
#4884 = CYLINDRICAL_SURFACE('',#4885,1.25);
#4885 = AXIS2_PLACEMENT_3D('',#4886,#4887,#4888);
#4886 = CARTESIAN_POINT('',(173.,243.,676.167));
#4887 = DIRECTION('',(0.,1.,1.110223024625E-16));
#4888 = DIRECTION('',(1.,0.,0.));
#4889 = ADVANCED_FACE('',(#4890),#4901,.F.);
#4890 = FACE_BOUND('',#4891,.F.);
#4891 = EDGE_LOOP('',(#4892,#4893,#4899,#4900));
#4892 = ORIENTED_EDGE('',*,*,#4606,.F.);
#4893 = ORIENTED_EDGE('',*,*,#4894,.F.);
#4894 = EDGE_CURVE('',#4747,#4607,#4895,.T.);
#4895 = LINE('',#4896,#4897);
#4896 = CARTESIAN_POINT('',(57.75,243.,656.167));
#4897 = VECTOR('',#4898,1.);
#4898 = DIRECTION('',(0.,1.,1.110223024625E-16));
#4899 = ORIENTED_EDGE('',*,*,#4746,.T.);
#4900 = ORIENTED_EDGE('',*,*,#4894,.T.);
#4901 = CYLINDRICAL_SURFACE('',#4902,2.75);
#4902 = AXIS2_PLACEMENT_3D('',#4903,#4904,#4905);
#4903 = CARTESIAN_POINT('',(55.,243.,656.167));
#4904 = DIRECTION('',(0.,1.,1.110223024625E-16));
#4905 = DIRECTION('',(1.,0.,0.));
#4906 = ADVANCED_FACE('',(#4907),#4918,.F.);
#4907 = FACE_BOUND('',#4908,.F.);
#4908 = EDGE_LOOP('',(#4909,#4910,#4916,#4917));
#4909 = ORIENTED_EDGE('',*,*,#4617,.F.);
#4910 = ORIENTED_EDGE('',*,*,#4911,.F.);
#4911 = EDGE_CURVE('',#4758,#4618,#4912,.T.);
#4912 = LINE('',#4913,#4914);
#4913 = CARTESIAN_POINT('',(110.,243.,655.25));
#4914 = VECTOR('',#4915,1.);
#4915 = DIRECTION('',(0.,1.,0.));
#4916 = ORIENTED_EDGE('',*,*,#4757,.T.);
#4917 = ORIENTED_EDGE('',*,*,#4911,.T.);
#4918 = CYLINDRICAL_SURFACE('',#4919,1.25);
#4919 = AXIS2_PLACEMENT_3D('',#4920,#4921,#4922);
#4920 = CARTESIAN_POINT('',(110.,243.,654.));
#4921 = DIRECTION('',(0.,1.,0.));
#4922 = DIRECTION('',(0.,0.,1.));
#4923 = ADVANCED_FACE('',(#4924),#4935,.F.);
#4924 = FACE_BOUND('',#4925,.F.);
#4925 = EDGE_LOOP('',(#4926,#4927,#4933,#4934));
#4926 = ORIENTED_EDGE('',*,*,#4628,.F.);
#4927 = ORIENTED_EDGE('',*,*,#4928,.F.);
#4928 = EDGE_CURVE('',#4769,#4629,#4929,.T.);
#4929 = LINE('',#4930,#4931);
#4930 = CARTESIAN_POINT('',(196.,243.,655.25));
#4931 = VECTOR('',#4932,1.);
#4932 = DIRECTION('',(0.,1.,0.));
#4933 = ORIENTED_EDGE('',*,*,#4768,.T.);
#4934 = ORIENTED_EDGE('',*,*,#4928,.T.);
#4935 = CYLINDRICAL_SURFACE('',#4936,1.25);
#4936 = AXIS2_PLACEMENT_3D('',#4937,#4938,#4939);
#4937 = CARTESIAN_POINT('',(196.,243.,654.));
#4938 = DIRECTION('',(0.,1.,0.));
#4939 = DIRECTION('',(0.,0.,1.));
#4940 = ADVANCED_FACE('',(#4941),#4952,.F.);
#4941 = FACE_BOUND('',#4942,.F.);
#4942 = EDGE_LOOP('',(#4943,#4944,#4950,#4951));
#4943 = ORIENTED_EDGE('',*,*,#4639,.F.);
#4944 = ORIENTED_EDGE('',*,*,#4945,.F.);
#4945 = EDGE_CURVE('',#4780,#4640,#4946,.T.);
#4946 = LINE('',#4947,#4948);
#4947 = CARTESIAN_POINT('',(250.75,243.,656.167));
#4948 = VECTOR('',#4949,1.);
#4949 = DIRECTION('',(0.,1.,1.110223024625E-16));
#4950 = ORIENTED_EDGE('',*,*,#4779,.T.);
#4951 = ORIENTED_EDGE('',*,*,#4945,.T.);
#4952 = CYLINDRICAL_SURFACE('',#4953,2.75);
#4953 = AXIS2_PLACEMENT_3D('',#4954,#4955,#4956);
#4954 = CARTESIAN_POINT('',(248.,243.,656.167));
#4955 = DIRECTION('',(0.,1.,1.110223024625E-16));
#4956 = DIRECTION('',(1.,0.,0.));
#4957 = MANIFOLD_SOLID_BREP('',#4958);
#4958 = CLOSED_SHELL('',(#4959,#4992,#5012,#5032));
#4959 = ADVANCED_FACE('',(#4960),#4987,.T.);
#4960 = FACE_BOUND('',#4961,.T.);
#4961 = EDGE_LOOP('',(#4962,#4971,#4979,#4986));
#4962 = ORIENTED_EDGE('',*,*,#4963,.F.);
#4963 = EDGE_CURVE('',#4964,#4964,#4966,.T.);
#4964 = VERTEX_POINT('',#4965);
#4965 = CARTESIAN_POINT('',(153.,253.,692.167));
#4966 = CIRCLE('',#4967,16.);
#4967 = AXIS2_PLACEMENT_3D('',#4968,#4969,#4970);
#4968 = CARTESIAN_POINT('',(153.,253.,676.167));
#4969 = DIRECTION('',(0.,1.,0.));
#4970 = DIRECTION('',(0.,0.,1.));
#4971 = ORIENTED_EDGE('',*,*,#4972,.F.);
#4972 = EDGE_CURVE('',#4973,#4964,#4975,.T.);
#4973 = VERTEX_POINT('',#4974);
#4974 = CARTESIAN_POINT('',(153.,243.,692.167));
#4975 = LINE('',#4976,#4977);
#4976 = CARTESIAN_POINT('',(153.,243.,692.167));
#4977 = VECTOR('',#4978,1.);
#4978 = DIRECTION('',(0.,1.,0.));
#4979 = ORIENTED_EDGE('',*,*,#4980,.T.);
#4980 = EDGE_CURVE('',#4973,#4973,#4981,.T.);
#4981 = CIRCLE('',#4982,16.);
#4982 = AXIS2_PLACEMENT_3D('',#4983,#4984,#4985);
#4983 = CARTESIAN_POINT('',(153.,243.,676.167));
#4984 = DIRECTION('',(0.,1.,0.));
#4985 = DIRECTION('',(0.,0.,1.));
#4986 = ORIENTED_EDGE('',*,*,#4972,.T.);
#4987 = CYLINDRICAL_SURFACE('',#4988,16.);
#4988 = AXIS2_PLACEMENT_3D('',#4989,#4990,#4991);
#4989 = CARTESIAN_POINT('',(153.,243.,676.167));
#4990 = DIRECTION('',(0.,1.,0.));
#4991 = DIRECTION('',(0.,0.,1.));
#4992 = ADVANCED_FACE('',(#4993,#4996),#5007,.T.);
#4993 = FACE_BOUND('',#4994,.T.);
#4994 = EDGE_LOOP('',(#4995));
#4995 = ORIENTED_EDGE('',*,*,#4963,.T.);
#4996 = FACE_BOUND('',#4997,.T.);
#4997 = EDGE_LOOP('',(#4998));
#4998 = ORIENTED_EDGE('',*,*,#4999,.F.);
#4999 = EDGE_CURVE('',#5000,#5000,#5002,.T.);
#5000 = VERTEX_POINT('',#5001);
#5001 = CARTESIAN_POINT('',(153.,253.,682.167));
#5002 = CIRCLE('',#5003,6.);
#5003 = AXIS2_PLACEMENT_3D('',#5004,#5005,#5006);
#5004 = CARTESIAN_POINT('',(153.,253.,676.167));
#5005 = DIRECTION('',(0.,1.,0.));
#5006 = DIRECTION('',(0.,0.,1.));
#5007 = PLANE('',#5008);
#5008 = AXIS2_PLACEMENT_3D('',#5009,#5010,#5011);
#5009 = CARTESIAN_POINT('',(153.,253.,676.167));
#5010 = DIRECTION('',(0.,1.,0.));
#5011 = DIRECTION('',(0.,0.,1.));
#5012 = ADVANCED_FACE('',(#5013,#5016),#5027,.F.);
#5013 = FACE_BOUND('',#5014,.F.);
#5014 = EDGE_LOOP('',(#5015));
#5015 = ORIENTED_EDGE('',*,*,#4980,.T.);
#5016 = FACE_BOUND('',#5017,.F.);
#5017 = EDGE_LOOP('',(#5018));
#5018 = ORIENTED_EDGE('',*,*,#5019,.F.);
#5019 = EDGE_CURVE('',#5020,#5020,#5022,.T.);
#5020 = VERTEX_POINT('',#5021);
#5021 = CARTESIAN_POINT('',(153.,243.,682.167));
#5022 = CIRCLE('',#5023,6.);
#5023 = AXIS2_PLACEMENT_3D('',#5024,#5025,#5026);
#5024 = CARTESIAN_POINT('',(153.,243.,676.167));
#5025 = DIRECTION('',(0.,1.,0.));
#5026 = DIRECTION('',(0.,0.,1.));
#5027 = PLANE('',#5028);
#5028 = AXIS2_PLACEMENT_3D('',#5029,#5030,#5031);
#5029 = CARTESIAN_POINT('',(153.,243.,676.167));
#5030 = DIRECTION('',(0.,1.,0.));
#5031 = DIRECTION('',(0.,0.,1.));
#5032 = ADVANCED_FACE('',(#5033),#5044,.F.);
#5033 = FACE_BOUND('',#5034,.F.);
#5034 = EDGE_LOOP('',(#5035,#5036,#5042,#5043));
#5035 = ORIENTED_EDGE('',*,*,#4999,.F.);
#5036 = ORIENTED_EDGE('',*,*,#5037,.F.);
#5037 = EDGE_CURVE('',#5020,#5000,#5038,.T.);
#5038 = LINE('',#5039,#5040);
#5039 = CARTESIAN_POINT('',(153.,243.,682.167));
#5040 = VECTOR('',#5041,1.);
#5041 = DIRECTION('',(0.,1.,0.));
#5042 = ORIENTED_EDGE('',*,*,#5019,.T.);
#5043 = ORIENTED_EDGE('',*,*,#5037,.T.);
#5044 = CYLINDRICAL_SURFACE('',#5045,6.);
#5045 = AXIS2_PLACEMENT_3D('',#5046,#5047,#5048);
#5046 = CARTESIAN_POINT('',(153.,243.,676.167));
#5047 = DIRECTION('',(0.,1.,0.));
#5048 = DIRECTION('',(0.,0.,1.));
#5049 = MANIFOLD_SOLID_BREP('',#5050);
#5050 = CLOSED_SHELL('',(#5051,#5091,#5122,#5223,#5247,#5341,#5353,#5370
    ,#5387,#5404,#5421,#5438,#5455));
#5051 = ADVANCED_FACE('',(#5052),#5086,.F.);
#5052 = FACE_BOUND('',#5053,.F.);
#5053 = EDGE_LOOP('',(#5054,#5064,#5072,#5080));
#5054 = ORIENTED_EDGE('',*,*,#5055,.F.);
#5055 = EDGE_CURVE('',#5056,#5058,#5060,.T.);
#5056 = VERTEX_POINT('',#5057);
#5057 = CARTESIAN_POINT('',(45.,273.,706.167));
#5058 = VERTEX_POINT('',#5059);
#5059 = CARTESIAN_POINT('',(45.,283.,706.167));
#5060 = LINE('',#5061,#5062);
#5061 = CARTESIAN_POINT('',(45.,273.,706.167));
#5062 = VECTOR('',#5063,1.);
#5063 = DIRECTION('',(0.,1.,2.22044604925E-16));
#5064 = ORIENTED_EDGE('',*,*,#5065,.T.);
#5065 = EDGE_CURVE('',#5056,#5066,#5068,.T.);
#5066 = VERTEX_POINT('',#5067);
#5067 = CARTESIAN_POINT('',(45.,273.,646.167));
#5068 = LINE('',#5069,#5070);
#5069 = CARTESIAN_POINT('',(45.,273.,706.167));
#5070 = VECTOR('',#5071,1.);
#5071 = DIRECTION('',(0.,2.22044604925E-16,-1.));
#5072 = ORIENTED_EDGE('',*,*,#5073,.T.);
#5073 = EDGE_CURVE('',#5066,#5074,#5076,.T.);
#5074 = VERTEX_POINT('',#5075);
#5075 = CARTESIAN_POINT('',(45.,283.,646.167));
#5076 = LINE('',#5077,#5078);
#5077 = CARTESIAN_POINT('',(45.,273.,646.167));
#5078 = VECTOR('',#5079,1.);
#5079 = DIRECTION('',(0.,1.,2.22044604925E-16));
#5080 = ORIENTED_EDGE('',*,*,#5081,.F.);
#5081 = EDGE_CURVE('',#5058,#5074,#5082,.T.);
#5082 = LINE('',#5083,#5084);
#5083 = CARTESIAN_POINT('',(45.,283.,706.167));
#5084 = VECTOR('',#5085,1.);
#5085 = DIRECTION('',(0.,2.22044604925E-16,-1.));
#5086 = PLANE('',#5087);
#5087 = AXIS2_PLACEMENT_3D('',#5088,#5089,#5090);
#5088 = CARTESIAN_POINT('',(45.,273.,706.167));
#5089 = DIRECTION('',(1.,0.,-0.));
#5090 = DIRECTION('',(0.,1.,2.22044604925E-16));
#5091 = ADVANCED_FACE('',(#5092),#5117,.F.);
#5092 = FACE_BOUND('',#5093,.F.);
#5093 = EDGE_LOOP('',(#5094,#5102,#5103,#5111));
#5094 = ORIENTED_EDGE('',*,*,#5095,.F.);
#5095 = EDGE_CURVE('',#5056,#5096,#5098,.T.);
#5096 = VERTEX_POINT('',#5097);
#5097 = CARTESIAN_POINT('',(261.,273.,706.167));
#5098 = LINE('',#5099,#5100);
#5099 = CARTESIAN_POINT('',(45.,273.,706.167));
#5100 = VECTOR('',#5101,1.);
#5101 = DIRECTION('',(1.,0.,-0.));
#5102 = ORIENTED_EDGE('',*,*,#5055,.T.);
#5103 = ORIENTED_EDGE('',*,*,#5104,.T.);
#5104 = EDGE_CURVE('',#5058,#5105,#5107,.T.);
#5105 = VERTEX_POINT('',#5106);
#5106 = CARTESIAN_POINT('',(261.,283.,706.167));
#5107 = LINE('',#5108,#5109);
#5108 = CARTESIAN_POINT('',(45.,283.,706.167));
#5109 = VECTOR('',#5110,1.);
#5110 = DIRECTION('',(1.,0.,-0.));
#5111 = ORIENTED_EDGE('',*,*,#5112,.F.);
#5112 = EDGE_CURVE('',#5096,#5105,#5113,.T.);
#5113 = LINE('',#5114,#5115);
#5114 = CARTESIAN_POINT('',(261.,273.,706.167));
#5115 = VECTOR('',#5116,1.);
#5116 = DIRECTION('',(0.,1.,2.22044604925E-16));
#5117 = PLANE('',#5118);
#5118 = AXIS2_PLACEMENT_3D('',#5119,#5120,#5121);
#5119 = CARTESIAN_POINT('',(45.,273.,706.167));
#5120 = DIRECTION('',(0.,2.22044604925E-16,-1.));
#5121 = DIRECTION('',(0.,1.,2.22044604925E-16));
#5122 = ADVANCED_FACE('',(#5123,#5141,#5152,#5163,#5174,#5185,#5196,
    #5207),#5218,.T.);
#5123 = FACE_BOUND('',#5124,.T.);
#5124 = EDGE_LOOP('',(#5125,#5126,#5127,#5135));
#5125 = ORIENTED_EDGE('',*,*,#5081,.F.);
#5126 = ORIENTED_EDGE('',*,*,#5104,.T.);
#5127 = ORIENTED_EDGE('',*,*,#5128,.T.);
#5128 = EDGE_CURVE('',#5105,#5129,#5131,.T.);
#5129 = VERTEX_POINT('',#5130);
#5130 = CARTESIAN_POINT('',(261.,283.,646.167));
#5131 = LINE('',#5132,#5133);
#5132 = CARTESIAN_POINT('',(261.,283.,706.167));
#5133 = VECTOR('',#5134,1.);
#5134 = DIRECTION('',(0.,2.22044604925E-16,-1.));
#5135 = ORIENTED_EDGE('',*,*,#5136,.F.);
#5136 = EDGE_CURVE('',#5074,#5129,#5137,.T.);
#5137 = LINE('',#5138,#5139);
#5138 = CARTESIAN_POINT('',(45.,283.,646.167));
#5139 = VECTOR('',#5140,1.);
#5140 = DIRECTION('',(1.,0.,-0.));
#5141 = FACE_BOUND('',#5142,.T.);
#5142 = EDGE_LOOP('',(#5143));
#5143 = ORIENTED_EDGE('',*,*,#5144,.F.);
#5144 = EDGE_CURVE('',#5145,#5145,#5147,.T.);
#5145 = VERTEX_POINT('',#5146);
#5146 = CARTESIAN_POINT('',(57.75,283.,696.167));
#5147 = CIRCLE('',#5148,2.75);
#5148 = AXIS2_PLACEMENT_3D('',#5149,#5150,#5151);
#5149 = CARTESIAN_POINT('',(55.,283.,696.167));
#5150 = DIRECTION('',(0.,1.,2.22044604925E-16));
#5151 = DIRECTION('',(1.,0.,-0.));
#5152 = FACE_BOUND('',#5153,.T.);
#5153 = EDGE_LOOP('',(#5154));
#5154 = ORIENTED_EDGE('',*,*,#5155,.F.);
#5155 = EDGE_CURVE('',#5156,#5156,#5158,.T.);
#5156 = VERTEX_POINT('',#5157);
#5157 = CARTESIAN_POINT('',(250.75,283.,696.167));
#5158 = CIRCLE('',#5159,2.75);
#5159 = AXIS2_PLACEMENT_3D('',#5160,#5161,#5162);
#5160 = CARTESIAN_POINT('',(248.,283.,696.167));
#5161 = DIRECTION('',(0.,1.,2.22044604925E-16));
#5162 = DIRECTION('',(1.,0.,-0.));
#5163 = FACE_BOUND('',#5164,.T.);
#5164 = EDGE_LOOP('',(#5165));
#5165 = ORIENTED_EDGE('',*,*,#5166,.F.);
#5166 = EDGE_CURVE('',#5167,#5167,#5169,.T.);
#5167 = VERTEX_POINT('',#5168);
#5168 = CARTESIAN_POINT('',(134.25,283.,676.167));
#5169 = CIRCLE('',#5170,1.25);
#5170 = AXIS2_PLACEMENT_3D('',#5171,#5172,#5173);
#5171 = CARTESIAN_POINT('',(133.,283.,676.167));
#5172 = DIRECTION('',(0.,1.,2.22044604925E-16));
#5173 = DIRECTION('',(1.,0.,-0.));
#5174 = FACE_BOUND('',#5175,.T.);
#5175 = EDGE_LOOP('',(#5176));
#5176 = ORIENTED_EDGE('',*,*,#5177,.F.);
#5177 = EDGE_CURVE('',#5178,#5178,#5180,.T.);
#5178 = VERTEX_POINT('',#5179);
#5179 = CARTESIAN_POINT('',(57.75,283.,656.167));
#5180 = CIRCLE('',#5181,2.75);
#5181 = AXIS2_PLACEMENT_3D('',#5182,#5183,#5184);
#5182 = CARTESIAN_POINT('',(55.,283.,656.167));
#5183 = DIRECTION('',(0.,1.,2.22044604925E-16));
#5184 = DIRECTION('',(1.,0.,-0.));
#5185 = FACE_BOUND('',#5186,.T.);
#5186 = EDGE_LOOP('',(#5187));
#5187 = ORIENTED_EDGE('',*,*,#5188,.F.);
#5188 = EDGE_CURVE('',#5189,#5189,#5191,.T.);
#5189 = VERTEX_POINT('',#5190);
#5190 = CARTESIAN_POINT('',(169.015,283.,676.167));
#5191 = CIRCLE('',#5192,16.015);
#5192 = AXIS2_PLACEMENT_3D('',#5193,#5194,#5195);
#5193 = CARTESIAN_POINT('',(153.,283.,676.167));
#5194 = DIRECTION('',(0.,1.,2.22044604925E-16));
#5195 = DIRECTION('',(1.,0.,-0.));
#5196 = FACE_BOUND('',#5197,.T.);
#5197 = EDGE_LOOP('',(#5198));
#5198 = ORIENTED_EDGE('',*,*,#5199,.F.);
#5199 = EDGE_CURVE('',#5200,#5200,#5202,.T.);
#5200 = VERTEX_POINT('',#5201);
#5201 = CARTESIAN_POINT('',(174.25,283.,676.167));
#5202 = CIRCLE('',#5203,1.25);
#5203 = AXIS2_PLACEMENT_3D('',#5204,#5205,#5206);
#5204 = CARTESIAN_POINT('',(173.,283.,676.167));
#5205 = DIRECTION('',(0.,1.,2.22044604925E-16));
#5206 = DIRECTION('',(1.,0.,-0.));
#5207 = FACE_BOUND('',#5208,.T.);
#5208 = EDGE_LOOP('',(#5209));
#5209 = ORIENTED_EDGE('',*,*,#5210,.F.);
#5210 = EDGE_CURVE('',#5211,#5211,#5213,.T.);
#5211 = VERTEX_POINT('',#5212);
#5212 = CARTESIAN_POINT('',(250.75,283.,656.167));
#5213 = CIRCLE('',#5214,2.75);
#5214 = AXIS2_PLACEMENT_3D('',#5215,#5216,#5217);
#5215 = CARTESIAN_POINT('',(248.,283.,656.167));
#5216 = DIRECTION('',(0.,1.,2.22044604925E-16));
#5217 = DIRECTION('',(1.,0.,-0.));
#5218 = PLANE('',#5219);
#5219 = AXIS2_PLACEMENT_3D('',#5220,#5221,#5222);
#5220 = CARTESIAN_POINT('',(45.,283.,706.167));
#5221 = DIRECTION('',(0.,1.,2.22044604925E-16));
#5222 = DIRECTION('',(1.,0.,-0.));
#5223 = ADVANCED_FACE('',(#5224),#5242,.T.);
#5224 = FACE_BOUND('',#5225,.T.);
#5225 = EDGE_LOOP('',(#5226,#5234,#5235,#5236));
#5226 = ORIENTED_EDGE('',*,*,#5227,.F.);
#5227 = EDGE_CURVE('',#5066,#5228,#5230,.T.);
#5228 = VERTEX_POINT('',#5229);
#5229 = CARTESIAN_POINT('',(261.,273.,646.167));
#5230 = LINE('',#5231,#5232);
#5231 = CARTESIAN_POINT('',(45.,273.,646.167));
#5232 = VECTOR('',#5233,1.);
#5233 = DIRECTION('',(1.,0.,-0.));
#5234 = ORIENTED_EDGE('',*,*,#5073,.T.);
#5235 = ORIENTED_EDGE('',*,*,#5136,.T.);
#5236 = ORIENTED_EDGE('',*,*,#5237,.F.);
#5237 = EDGE_CURVE('',#5228,#5129,#5238,.T.);
#5238 = LINE('',#5239,#5240);
#5239 = CARTESIAN_POINT('',(261.,273.,646.167));
#5240 = VECTOR('',#5241,1.);
#5241 = DIRECTION('',(0.,1.,2.22044604925E-16));
#5242 = PLANE('',#5243);
#5243 = AXIS2_PLACEMENT_3D('',#5244,#5245,#5246);
#5244 = CARTESIAN_POINT('',(45.,273.,646.167));
#5245 = DIRECTION('',(0.,2.22044604925E-16,-1.));
#5246 = DIRECTION('',(0.,1.,2.22044604925E-16));
#5247 = ADVANCED_FACE('',(#5248,#5259,#5270,#5281,#5292,#5303,#5314,
    #5325),#5336,.F.);
#5248 = FACE_BOUND('',#5249,.F.);
#5249 = EDGE_LOOP('',(#5250,#5251,#5252,#5258));
#5250 = ORIENTED_EDGE('',*,*,#5065,.F.);
#5251 = ORIENTED_EDGE('',*,*,#5095,.T.);
#5252 = ORIENTED_EDGE('',*,*,#5253,.T.);
#5253 = EDGE_CURVE('',#5096,#5228,#5254,.T.);
#5254 = LINE('',#5255,#5256);
#5255 = CARTESIAN_POINT('',(261.,273.,706.167));
#5256 = VECTOR('',#5257,1.);
#5257 = DIRECTION('',(0.,2.22044604925E-16,-1.));
#5258 = ORIENTED_EDGE('',*,*,#5227,.F.);
#5259 = FACE_BOUND('',#5260,.F.);
#5260 = EDGE_LOOP('',(#5261));
#5261 = ORIENTED_EDGE('',*,*,#5262,.F.);
#5262 = EDGE_CURVE('',#5263,#5263,#5265,.T.);
#5263 = VERTEX_POINT('',#5264);
#5264 = CARTESIAN_POINT('',(57.75,273.,696.167));
#5265 = CIRCLE('',#5266,2.75);
#5266 = AXIS2_PLACEMENT_3D('',#5267,#5268,#5269);
#5267 = CARTESIAN_POINT('',(55.,273.,696.167));
#5268 = DIRECTION('',(0.,1.,2.22044604925E-16));
#5269 = DIRECTION('',(1.,0.,-0.));
#5270 = FACE_BOUND('',#5271,.F.);
#5271 = EDGE_LOOP('',(#5272));
#5272 = ORIENTED_EDGE('',*,*,#5273,.F.);
#5273 = EDGE_CURVE('',#5274,#5274,#5276,.T.);
#5274 = VERTEX_POINT('',#5275);
#5275 = CARTESIAN_POINT('',(250.75,273.,696.167));
#5276 = CIRCLE('',#5277,2.75);
#5277 = AXIS2_PLACEMENT_3D('',#5278,#5279,#5280);
#5278 = CARTESIAN_POINT('',(248.,273.,696.167));
#5279 = DIRECTION('',(0.,1.,2.22044604925E-16));
#5280 = DIRECTION('',(1.,0.,-0.));
#5281 = FACE_BOUND('',#5282,.F.);
#5282 = EDGE_LOOP('',(#5283));
#5283 = ORIENTED_EDGE('',*,*,#5284,.F.);
#5284 = EDGE_CURVE('',#5285,#5285,#5287,.T.);
#5285 = VERTEX_POINT('',#5286);
#5286 = CARTESIAN_POINT('',(134.25,273.,676.167));
#5287 = CIRCLE('',#5288,1.25);
#5288 = AXIS2_PLACEMENT_3D('',#5289,#5290,#5291);
#5289 = CARTESIAN_POINT('',(133.,273.,676.167));
#5290 = DIRECTION('',(0.,1.,2.22044604925E-16));
#5291 = DIRECTION('',(1.,0.,-0.));
#5292 = FACE_BOUND('',#5293,.F.);
#5293 = EDGE_LOOP('',(#5294));
#5294 = ORIENTED_EDGE('',*,*,#5295,.F.);
#5295 = EDGE_CURVE('',#5296,#5296,#5298,.T.);
#5296 = VERTEX_POINT('',#5297);
#5297 = CARTESIAN_POINT('',(57.75,273.,656.167));
#5298 = CIRCLE('',#5299,2.75);
#5299 = AXIS2_PLACEMENT_3D('',#5300,#5301,#5302);
#5300 = CARTESIAN_POINT('',(55.,273.,656.167));
#5301 = DIRECTION('',(0.,1.,2.22044604925E-16));
#5302 = DIRECTION('',(1.,0.,-0.));
#5303 = FACE_BOUND('',#5304,.F.);
#5304 = EDGE_LOOP('',(#5305));
#5305 = ORIENTED_EDGE('',*,*,#5306,.F.);
#5306 = EDGE_CURVE('',#5307,#5307,#5309,.T.);
#5307 = VERTEX_POINT('',#5308);
#5308 = CARTESIAN_POINT('',(169.015,273.,676.167));
#5309 = CIRCLE('',#5310,16.015);
#5310 = AXIS2_PLACEMENT_3D('',#5311,#5312,#5313);
#5311 = CARTESIAN_POINT('',(153.,273.,676.167));
#5312 = DIRECTION('',(0.,1.,2.22044604925E-16));
#5313 = DIRECTION('',(1.,0.,-0.));
#5314 = FACE_BOUND('',#5315,.F.);
#5315 = EDGE_LOOP('',(#5316));
#5316 = ORIENTED_EDGE('',*,*,#5317,.F.);
#5317 = EDGE_CURVE('',#5318,#5318,#5320,.T.);
#5318 = VERTEX_POINT('',#5319);
#5319 = CARTESIAN_POINT('',(174.25,273.,676.167));
#5320 = CIRCLE('',#5321,1.25);
#5321 = AXIS2_PLACEMENT_3D('',#5322,#5323,#5324);
#5322 = CARTESIAN_POINT('',(173.,273.,676.167));
#5323 = DIRECTION('',(0.,1.,2.22044604925E-16));
#5324 = DIRECTION('',(1.,0.,-0.));
#5325 = FACE_BOUND('',#5326,.F.);
#5326 = EDGE_LOOP('',(#5327));
#5327 = ORIENTED_EDGE('',*,*,#5328,.F.);
#5328 = EDGE_CURVE('',#5329,#5329,#5331,.T.);
#5329 = VERTEX_POINT('',#5330);
#5330 = CARTESIAN_POINT('',(250.75,273.,656.167));
#5331 = CIRCLE('',#5332,2.75);
#5332 = AXIS2_PLACEMENT_3D('',#5333,#5334,#5335);
#5333 = CARTESIAN_POINT('',(248.,273.,656.167));
#5334 = DIRECTION('',(0.,1.,2.22044604925E-16));
#5335 = DIRECTION('',(1.,0.,-0.));
#5336 = PLANE('',#5337);
#5337 = AXIS2_PLACEMENT_3D('',#5338,#5339,#5340);
#5338 = CARTESIAN_POINT('',(45.,273.,706.167));
#5339 = DIRECTION('',(0.,1.,2.22044604925E-16));
#5340 = DIRECTION('',(1.,0.,-0.));
#5341 = ADVANCED_FACE('',(#5342),#5348,.T.);
#5342 = FACE_BOUND('',#5343,.T.);
#5343 = EDGE_LOOP('',(#5344,#5345,#5346,#5347));
#5344 = ORIENTED_EDGE('',*,*,#5112,.F.);
#5345 = ORIENTED_EDGE('',*,*,#5253,.T.);
#5346 = ORIENTED_EDGE('',*,*,#5237,.T.);
#5347 = ORIENTED_EDGE('',*,*,#5128,.F.);
#5348 = PLANE('',#5349);
#5349 = AXIS2_PLACEMENT_3D('',#5350,#5351,#5352);
#5350 = CARTESIAN_POINT('',(261.,273.,706.167));
#5351 = DIRECTION('',(1.,0.,-0.));
#5352 = DIRECTION('',(0.,1.,2.22044604925E-16));
#5353 = ADVANCED_FACE('',(#5354),#5365,.F.);
#5354 = FACE_BOUND('',#5355,.F.);
#5355 = EDGE_LOOP('',(#5356,#5357,#5363,#5364));
#5356 = ORIENTED_EDGE('',*,*,#5144,.F.);
#5357 = ORIENTED_EDGE('',*,*,#5358,.F.);
#5358 = EDGE_CURVE('',#5263,#5145,#5359,.T.);
#5359 = LINE('',#5360,#5361);
#5360 = CARTESIAN_POINT('',(57.75,273.,696.167));
#5361 = VECTOR('',#5362,1.);
#5362 = DIRECTION('',(0.,1.,2.22044604925E-16));
#5363 = ORIENTED_EDGE('',*,*,#5262,.T.);
#5364 = ORIENTED_EDGE('',*,*,#5358,.T.);
#5365 = CYLINDRICAL_SURFACE('',#5366,2.75);
#5366 = AXIS2_PLACEMENT_3D('',#5367,#5368,#5369);
#5367 = CARTESIAN_POINT('',(55.,273.,696.167));
#5368 = DIRECTION('',(0.,1.,2.22044604925E-16));
#5369 = DIRECTION('',(1.,0.,-0.));
#5370 = ADVANCED_FACE('',(#5371),#5382,.F.);
#5371 = FACE_BOUND('',#5372,.F.);
#5372 = EDGE_LOOP('',(#5373,#5374,#5380,#5381));
#5373 = ORIENTED_EDGE('',*,*,#5155,.F.);
#5374 = ORIENTED_EDGE('',*,*,#5375,.F.);
#5375 = EDGE_CURVE('',#5274,#5156,#5376,.T.);
#5376 = LINE('',#5377,#5378);
#5377 = CARTESIAN_POINT('',(250.75,273.,696.167));
#5378 = VECTOR('',#5379,1.);
#5379 = DIRECTION('',(0.,1.,2.22044604925E-16));
#5380 = ORIENTED_EDGE('',*,*,#5273,.T.);
#5381 = ORIENTED_EDGE('',*,*,#5375,.T.);
#5382 = CYLINDRICAL_SURFACE('',#5383,2.75);
#5383 = AXIS2_PLACEMENT_3D('',#5384,#5385,#5386);
#5384 = CARTESIAN_POINT('',(248.,273.,696.167));
#5385 = DIRECTION('',(0.,1.,2.22044604925E-16));
#5386 = DIRECTION('',(1.,0.,-0.));
#5387 = ADVANCED_FACE('',(#5388),#5399,.F.);
#5388 = FACE_BOUND('',#5389,.F.);
#5389 = EDGE_LOOP('',(#5390,#5391,#5397,#5398));
#5390 = ORIENTED_EDGE('',*,*,#5166,.F.);
#5391 = ORIENTED_EDGE('',*,*,#5392,.F.);
#5392 = EDGE_CURVE('',#5285,#5167,#5393,.T.);
#5393 = LINE('',#5394,#5395);
#5394 = CARTESIAN_POINT('',(134.25,273.,676.167));
#5395 = VECTOR('',#5396,1.);
#5396 = DIRECTION('',(0.,1.,2.22044604925E-16));
#5397 = ORIENTED_EDGE('',*,*,#5284,.T.);
#5398 = ORIENTED_EDGE('',*,*,#5392,.T.);
#5399 = CYLINDRICAL_SURFACE('',#5400,1.25);
#5400 = AXIS2_PLACEMENT_3D('',#5401,#5402,#5403);
#5401 = CARTESIAN_POINT('',(133.,273.,676.167));
#5402 = DIRECTION('',(0.,1.,2.22044604925E-16));
#5403 = DIRECTION('',(1.,0.,-0.));
#5404 = ADVANCED_FACE('',(#5405),#5416,.F.);
#5405 = FACE_BOUND('',#5406,.F.);
#5406 = EDGE_LOOP('',(#5407,#5408,#5414,#5415));
#5407 = ORIENTED_EDGE('',*,*,#5177,.F.);
#5408 = ORIENTED_EDGE('',*,*,#5409,.F.);
#5409 = EDGE_CURVE('',#5296,#5178,#5410,.T.);
#5410 = LINE('',#5411,#5412);
#5411 = CARTESIAN_POINT('',(57.75,273.,656.167));
#5412 = VECTOR('',#5413,1.);
#5413 = DIRECTION('',(0.,1.,2.22044604925E-16));
#5414 = ORIENTED_EDGE('',*,*,#5295,.T.);
#5415 = ORIENTED_EDGE('',*,*,#5409,.T.);
#5416 = CYLINDRICAL_SURFACE('',#5417,2.75);
#5417 = AXIS2_PLACEMENT_3D('',#5418,#5419,#5420);
#5418 = CARTESIAN_POINT('',(55.,273.,656.167));
#5419 = DIRECTION('',(0.,1.,2.22044604925E-16));
#5420 = DIRECTION('',(1.,0.,-0.));
#5421 = ADVANCED_FACE('',(#5422),#5433,.F.);
#5422 = FACE_BOUND('',#5423,.F.);
#5423 = EDGE_LOOP('',(#5424,#5425,#5431,#5432));
#5424 = ORIENTED_EDGE('',*,*,#5188,.F.);
#5425 = ORIENTED_EDGE('',*,*,#5426,.F.);
#5426 = EDGE_CURVE('',#5307,#5189,#5427,.T.);
#5427 = LINE('',#5428,#5429);
#5428 = CARTESIAN_POINT('',(169.015,273.,676.167));
#5429 = VECTOR('',#5430,1.);
#5430 = DIRECTION('',(0.,1.,2.22044604925E-16));
#5431 = ORIENTED_EDGE('',*,*,#5306,.T.);
#5432 = ORIENTED_EDGE('',*,*,#5426,.T.);
#5433 = CYLINDRICAL_SURFACE('',#5434,16.015);
#5434 = AXIS2_PLACEMENT_3D('',#5435,#5436,#5437);
#5435 = CARTESIAN_POINT('',(153.,273.,676.167));
#5436 = DIRECTION('',(0.,1.,2.22044604925E-16));
#5437 = DIRECTION('',(1.,0.,-0.));
#5438 = ADVANCED_FACE('',(#5439),#5450,.F.);
#5439 = FACE_BOUND('',#5440,.F.);
#5440 = EDGE_LOOP('',(#5441,#5442,#5448,#5449));
#5441 = ORIENTED_EDGE('',*,*,#5199,.F.);
#5442 = ORIENTED_EDGE('',*,*,#5443,.F.);
#5443 = EDGE_CURVE('',#5318,#5200,#5444,.T.);
#5444 = LINE('',#5445,#5446);
#5445 = CARTESIAN_POINT('',(174.25,273.,676.167));
#5446 = VECTOR('',#5447,1.);
#5447 = DIRECTION('',(0.,1.,2.22044604925E-16));
#5448 = ORIENTED_EDGE('',*,*,#5317,.T.);
#5449 = ORIENTED_EDGE('',*,*,#5443,.T.);
#5450 = CYLINDRICAL_SURFACE('',#5451,1.25);
#5451 = AXIS2_PLACEMENT_3D('',#5452,#5453,#5454);
#5452 = CARTESIAN_POINT('',(173.,273.,676.167));
#5453 = DIRECTION('',(0.,1.,2.22044604925E-16));
#5454 = DIRECTION('',(1.,0.,-0.));
#5455 = ADVANCED_FACE('',(#5456),#5467,.F.);
#5456 = FACE_BOUND('',#5457,.F.);
#5457 = EDGE_LOOP('',(#5458,#5459,#5465,#5466));
#5458 = ORIENTED_EDGE('',*,*,#5210,.F.);
#5459 = ORIENTED_EDGE('',*,*,#5460,.F.);
#5460 = EDGE_CURVE('',#5329,#5211,#5461,.T.);
#5461 = LINE('',#5462,#5463);
#5462 = CARTESIAN_POINT('',(250.75,273.,656.167));
#5463 = VECTOR('',#5464,1.);
#5464 = DIRECTION('',(0.,1.,2.22044604925E-16));
#5465 = ORIENTED_EDGE('',*,*,#5328,.T.);
#5466 = ORIENTED_EDGE('',*,*,#5460,.T.);
#5467 = CYLINDRICAL_SURFACE('',#5468,2.75);
#5468 = AXIS2_PLACEMENT_3D('',#5469,#5470,#5471);
#5469 = CARTESIAN_POINT('',(248.,273.,656.167));
#5470 = DIRECTION('',(0.,1.,2.22044604925E-16));
#5471 = DIRECTION('',(1.,0.,-0.));
#5472 = MANIFOLD_SOLID_BREP('',#5473);
#5473 = CLOSED_SHELL('',(#5474,#5507,#5527,#5547));
#5474 = ADVANCED_FACE('',(#5475),#5502,.T.);
#5475 = FACE_BOUND('',#5476,.T.);
#5476 = EDGE_LOOP('',(#5477,#5486,#5494,#5501));
#5477 = ORIENTED_EDGE('',*,*,#5478,.F.);
#5478 = EDGE_CURVE('',#5479,#5479,#5481,.T.);
#5479 = VERTEX_POINT('',#5480);
#5480 = CARTESIAN_POINT('',(153.,283.,692.167));
#5481 = CIRCLE('',#5482,16.);
#5482 = AXIS2_PLACEMENT_3D('',#5483,#5484,#5485);
#5483 = CARTESIAN_POINT('',(153.,283.,676.167));
#5484 = DIRECTION('',(0.,1.,0.));
#5485 = DIRECTION('',(0.,0.,1.));
#5486 = ORIENTED_EDGE('',*,*,#5487,.F.);
#5487 = EDGE_CURVE('',#5488,#5479,#5490,.T.);
#5488 = VERTEX_POINT('',#5489);
#5489 = CARTESIAN_POINT('',(153.,273.,692.167));
#5490 = LINE('',#5491,#5492);
#5491 = CARTESIAN_POINT('',(153.,273.,692.167));
#5492 = VECTOR('',#5493,1.);
#5493 = DIRECTION('',(0.,1.,0.));
#5494 = ORIENTED_EDGE('',*,*,#5495,.T.);
#5495 = EDGE_CURVE('',#5488,#5488,#5496,.T.);
#5496 = CIRCLE('',#5497,16.);
#5497 = AXIS2_PLACEMENT_3D('',#5498,#5499,#5500);
#5498 = CARTESIAN_POINT('',(153.,273.,676.167));
#5499 = DIRECTION('',(0.,1.,0.));
#5500 = DIRECTION('',(0.,0.,1.));
#5501 = ORIENTED_EDGE('',*,*,#5487,.T.);
#5502 = CYLINDRICAL_SURFACE('',#5503,16.);
#5503 = AXIS2_PLACEMENT_3D('',#5504,#5505,#5506);
#5504 = CARTESIAN_POINT('',(153.,273.,676.167));
#5505 = DIRECTION('',(0.,1.,0.));
#5506 = DIRECTION('',(0.,0.,1.));
#5507 = ADVANCED_FACE('',(#5508,#5511),#5522,.T.);
#5508 = FACE_BOUND('',#5509,.T.);
#5509 = EDGE_LOOP('',(#5510));
#5510 = ORIENTED_EDGE('',*,*,#5478,.T.);
#5511 = FACE_BOUND('',#5512,.T.);
#5512 = EDGE_LOOP('',(#5513));
#5513 = ORIENTED_EDGE('',*,*,#5514,.F.);
#5514 = EDGE_CURVE('',#5515,#5515,#5517,.T.);
#5515 = VERTEX_POINT('',#5516);
#5516 = CARTESIAN_POINT('',(153.,283.,682.167));
#5517 = CIRCLE('',#5518,6.);
#5518 = AXIS2_PLACEMENT_3D('',#5519,#5520,#5521);
#5519 = CARTESIAN_POINT('',(153.,283.,676.167));
#5520 = DIRECTION('',(0.,1.,0.));
#5521 = DIRECTION('',(0.,0.,1.));
#5522 = PLANE('',#5523);
#5523 = AXIS2_PLACEMENT_3D('',#5524,#5525,#5526);
#5524 = CARTESIAN_POINT('',(153.,283.,676.167));
#5525 = DIRECTION('',(0.,1.,0.));
#5526 = DIRECTION('',(0.,0.,1.));
#5527 = ADVANCED_FACE('',(#5528,#5531),#5542,.F.);
#5528 = FACE_BOUND('',#5529,.F.);
#5529 = EDGE_LOOP('',(#5530));
#5530 = ORIENTED_EDGE('',*,*,#5495,.T.);
#5531 = FACE_BOUND('',#5532,.F.);
#5532 = EDGE_LOOP('',(#5533));
#5533 = ORIENTED_EDGE('',*,*,#5534,.F.);
#5534 = EDGE_CURVE('',#5535,#5535,#5537,.T.);
#5535 = VERTEX_POINT('',#5536);
#5536 = CARTESIAN_POINT('',(153.,273.,682.167));
#5537 = CIRCLE('',#5538,6.);
#5538 = AXIS2_PLACEMENT_3D('',#5539,#5540,#5541);
#5539 = CARTESIAN_POINT('',(153.,273.,676.167));
#5540 = DIRECTION('',(0.,1.,0.));
#5541 = DIRECTION('',(0.,0.,1.));
#5542 = PLANE('',#5543);
#5543 = AXIS2_PLACEMENT_3D('',#5544,#5545,#5546);
#5544 = CARTESIAN_POINT('',(153.,273.,676.167));
#5545 = DIRECTION('',(0.,1.,0.));
#5546 = DIRECTION('',(0.,0.,1.));
#5547 = ADVANCED_FACE('',(#5548),#5559,.F.);
#5548 = FACE_BOUND('',#5549,.F.);
#5549 = EDGE_LOOP('',(#5550,#5551,#5557,#5558));
#5550 = ORIENTED_EDGE('',*,*,#5514,.F.);
#5551 = ORIENTED_EDGE('',*,*,#5552,.F.);
#5552 = EDGE_CURVE('',#5535,#5515,#5553,.T.);
#5553 = LINE('',#5554,#5555);
#5554 = CARTESIAN_POINT('',(153.,273.,682.167));
#5555 = VECTOR('',#5556,1.);
#5556 = DIRECTION('',(0.,1.,0.));
#5557 = ORIENTED_EDGE('',*,*,#5534,.T.);
#5558 = ORIENTED_EDGE('',*,*,#5552,.T.);
#5559 = CYLINDRICAL_SURFACE('',#5560,6.);
#5560 = AXIS2_PLACEMENT_3D('',#5561,#5562,#5563);
#5561 = CARTESIAN_POINT('',(153.,273.,676.167));
#5562 = DIRECTION('',(0.,1.,0.));
#5563 = DIRECTION('',(0.,0.,1.));
#5564 = MANIFOLD_SOLID_BREP('',#5565);
#5565 = CLOSED_SHELL('',(#5566,#5671,#5680,#5689,#5720,#5744,#5768,#5785
    ,#5816,#5840,#5864,#5881,#5893));
#5566 = ADVANCED_FACE('',(#5567,#5594,#5630),#5666,.T.);
#5567 = FACE_BOUND('',#5568,.T.);
#5568 = EDGE_LOOP('',(#5569,#5578,#5586,#5593));
#5569 = ORIENTED_EDGE('',*,*,#5570,.F.);
#5570 = EDGE_CURVE('',#5571,#5571,#5573,.T.);
#5571 = VERTEX_POINT('',#5572);
#5572 = CARTESIAN_POINT('',(147.,294.,676.167));
#5573 = CIRCLE('',#5574,6.);
#5574 = AXIS2_PLACEMENT_3D('',#5575,#5576,#5577);
#5575 = CARTESIAN_POINT('',(153.,294.,676.167));
#5576 = DIRECTION('',(0.,1.,-2.22044604925E-16));
#5577 = DIRECTION('',(-1.,0.,0.));
#5578 = ORIENTED_EDGE('',*,*,#5579,.F.);
#5579 = EDGE_CURVE('',#5580,#5571,#5582,.T.);
#5580 = VERTEX_POINT('',#5581);
#5581 = CARTESIAN_POINT('',(147.,216.,676.167));
#5582 = LINE('',#5583,#5584);
#5583 = CARTESIAN_POINT('',(147.,216.,676.167));
#5584 = VECTOR('',#5585,1.);
#5585 = DIRECTION('',(0.,1.,-2.22044604925E-16));
#5586 = ORIENTED_EDGE('',*,*,#5587,.T.);
#5587 = EDGE_CURVE('',#5580,#5580,#5588,.T.);
#5588 = CIRCLE('',#5589,6.);
#5589 = AXIS2_PLACEMENT_3D('',#5590,#5591,#5592);
#5590 = CARTESIAN_POINT('',(153.,216.,676.167));
#5591 = DIRECTION('',(0.,1.,-2.22044604925E-16));
#5592 = DIRECTION('',(-1.,0.,0.));
#5593 = ORIENTED_EDGE('',*,*,#5579,.T.);
#5594 = FACE_BOUND('',#5595,.T.);
#5595 = EDGE_LOOP('',(#5596,#5606,#5615,#5623));
#5596 = ORIENTED_EDGE('',*,*,#5597,.F.);
#5597 = EDGE_CURVE('',#5598,#5600,#5602,.T.);
#5598 = VERTEX_POINT('',#5599);
#5599 = CARTESIAN_POINT('',(155.,218.4,681.82385424949));
#5600 = VERTEX_POINT('',#5601);
#5601 = CARTESIAN_POINT('',(155.,240.4,681.82385424949));
#5602 = LINE('',#5603,#5604);
#5603 = CARTESIAN_POINT('',(155.,216.,681.82385424949));
#5604 = VECTOR('',#5605,1.);
#5605 = DIRECTION('',(0.,1.,-2.22044604925E-16));
#5606 = ORIENTED_EDGE('',*,*,#5607,.F.);
#5607 = EDGE_CURVE('',#5608,#5598,#5610,.T.);
#5608 = VERTEX_POINT('',#5609);
#5609 = CARTESIAN_POINT('',(151.,218.4,681.82385424949));
#5610 = CIRCLE('',#5611,6.);
#5611 = AXIS2_PLACEMENT_3D('',#5612,#5613,#5614);
#5612 = CARTESIAN_POINT('',(153.,218.4,676.167));
#5613 = DIRECTION('',(0.,1.,-2.22044604925E-16));
#5614 = DIRECTION('',(-1.,0.,0.));
#5615 = ORIENTED_EDGE('',*,*,#5616,.T.);
#5616 = EDGE_CURVE('',#5608,#5617,#5619,.T.);
#5617 = VERTEX_POINT('',#5618);
#5618 = CARTESIAN_POINT('',(151.,240.4,681.82385424949));
#5619 = LINE('',#5620,#5621);
#5620 = CARTESIAN_POINT('',(151.,216.,681.82385424949));
#5621 = VECTOR('',#5622,1.);
#5622 = DIRECTION('',(0.,1.,-2.22044604925E-16));
#5623 = ORIENTED_EDGE('',*,*,#5624,.T.);
#5624 = EDGE_CURVE('',#5617,#5600,#5625,.T.);
#5625 = CIRCLE('',#5626,6.);
#5626 = AXIS2_PLACEMENT_3D('',#5627,#5628,#5629);
#5627 = CARTESIAN_POINT('',(153.,240.4,676.167));
#5628 = DIRECTION('',(0.,1.,-2.22044604925E-16));
#5629 = DIRECTION('',(-1.,0.,0.));
#5630 = FACE_BOUND('',#5631,.T.);
#5631 = EDGE_LOOP('',(#5632,#5642,#5651,#5659));
#5632 = ORIENTED_EDGE('',*,*,#5633,.F.);
#5633 = EDGE_CURVE('',#5634,#5636,#5638,.T.);
#5634 = VERTEX_POINT('',#5635);
#5635 = CARTESIAN_POINT('',(155.,255.,681.82385424949));
#5636 = VERTEX_POINT('',#5637);
#5637 = CARTESIAN_POINT('',(155.,273.,681.82385424949));
#5638 = LINE('',#5639,#5640);
#5639 = CARTESIAN_POINT('',(155.,216.,681.82385424949));
#5640 = VECTOR('',#5641,1.);
#5641 = DIRECTION('',(0.,1.,-2.22044604925E-16));
#5642 = ORIENTED_EDGE('',*,*,#5643,.F.);
#5643 = EDGE_CURVE('',#5644,#5634,#5646,.T.);
#5644 = VERTEX_POINT('',#5645);
#5645 = CARTESIAN_POINT('',(151.,255.,681.82385424949));
#5646 = CIRCLE('',#5647,6.);
#5647 = AXIS2_PLACEMENT_3D('',#5648,#5649,#5650);
#5648 = CARTESIAN_POINT('',(153.,255.,676.167));
#5649 = DIRECTION('',(0.,1.,-2.22044604925E-16));
#5650 = DIRECTION('',(-1.,0.,0.));
#5651 = ORIENTED_EDGE('',*,*,#5652,.T.);
#5652 = EDGE_CURVE('',#5644,#5653,#5655,.T.);
#5653 = VERTEX_POINT('',#5654);
#5654 = CARTESIAN_POINT('',(151.,273.,681.82385424949));
#5655 = LINE('',#5656,#5657);
#5656 = CARTESIAN_POINT('',(151.,216.,681.82385424949));
#5657 = VECTOR('',#5658,1.);
#5658 = DIRECTION('',(0.,1.,-2.22044604925E-16));
#5659 = ORIENTED_EDGE('',*,*,#5660,.T.);
#5660 = EDGE_CURVE('',#5653,#5636,#5661,.T.);
#5661 = CIRCLE('',#5662,6.);
#5662 = AXIS2_PLACEMENT_3D('',#5663,#5664,#5665);
#5663 = CARTESIAN_POINT('',(153.,273.,676.167));
#5664 = DIRECTION('',(0.,1.,-2.22044604925E-16));
#5665 = DIRECTION('',(-1.,0.,0.));
#5666 = CYLINDRICAL_SURFACE('',#5667,6.);
#5667 = AXIS2_PLACEMENT_3D('',#5668,#5669,#5670);
#5668 = CARTESIAN_POINT('',(153.,216.,676.167));
#5669 = DIRECTION('',(0.,1.,-2.22044604925E-16));
#5670 = DIRECTION('',(-1.,0.,0.));
#5671 = ADVANCED_FACE('',(#5672),#5675,.T.);
#5672 = FACE_BOUND('',#5673,.T.);
#5673 = EDGE_LOOP('',(#5674));
#5674 = ORIENTED_EDGE('',*,*,#5570,.T.);
#5675 = PLANE('',#5676);
#5676 = AXIS2_PLACEMENT_3D('',#5677,#5678,#5679);
#5677 = CARTESIAN_POINT('',(153.,294.,676.167));
#5678 = DIRECTION('',(0.,1.,-2.22044604925E-16));
#5679 = DIRECTION('',(-1.,0.,0.));
#5680 = ADVANCED_FACE('',(#5681),#5684,.F.);
#5681 = FACE_BOUND('',#5682,.T.);
#5682 = EDGE_LOOP('',(#5683));
#5683 = ORIENTED_EDGE('',*,*,#5587,.F.);
#5684 = PLANE('',#5685);
#5685 = AXIS2_PLACEMENT_3D('',#5686,#5687,#5688);
#5686 = CARTESIAN_POINT('',(153.,216.,676.167));
#5687 = DIRECTION('',(0.,1.,-2.22044604925E-16));
#5688 = DIRECTION('',(-1.,0.,0.));
#5689 = ADVANCED_FACE('',(#5690),#5715,.T.);
#5690 = FACE_BOUND('',#5691,.T.);
#5691 = EDGE_LOOP('',(#5692,#5700,#5708,#5714));
#5692 = ORIENTED_EDGE('',*,*,#5693,.F.);
#5693 = EDGE_CURVE('',#5694,#5600,#5696,.T.);
#5694 = VERTEX_POINT('',#5695);
#5695 = CARTESIAN_POINT('',(155.,240.4,679.667));
#5696 = LINE('',#5697,#5698);
#5697 = CARTESIAN_POINT('',(155.,240.4,679.667));
#5698 = VECTOR('',#5699,1.);
#5699 = DIRECTION('',(0.,2.22044604925E-16,1.));
#5700 = ORIENTED_EDGE('',*,*,#5701,.F.);
#5701 = EDGE_CURVE('',#5702,#5694,#5704,.T.);
#5702 = VERTEX_POINT('',#5703);
#5703 = CARTESIAN_POINT('',(155.,218.4,679.667));
#5704 = LINE('',#5705,#5706);
#5705 = CARTESIAN_POINT('',(155.,218.4,679.667));
#5706 = VECTOR('',#5707,1.);
#5707 = DIRECTION('',(0.,1.,-2.22044604925E-16));
#5708 = ORIENTED_EDGE('',*,*,#5709,.T.);
#5709 = EDGE_CURVE('',#5702,#5598,#5710,.T.);
#5710 = LINE('',#5711,#5712);
#5711 = CARTESIAN_POINT('',(155.,218.4,679.667));
#5712 = VECTOR('',#5713,1.);
#5713 = DIRECTION('',(0.,2.22044604925E-16,1.));
#5714 = ORIENTED_EDGE('',*,*,#5597,.T.);
#5715 = PLANE('',#5716);
#5716 = AXIS2_PLACEMENT_3D('',#5717,#5718,#5719);
#5717 = CARTESIAN_POINT('',(155.,218.4,679.667));
#5718 = DIRECTION('',(-1.,0.,0.));
#5719 = DIRECTION('',(0.,1.,-2.22044604925E-16));
#5720 = ADVANCED_FACE('',(#5721),#5739,.T.);
#5721 = FACE_BOUND('',#5722,.T.);
#5722 = EDGE_LOOP('',(#5723,#5724,#5732,#5738));
#5723 = ORIENTED_EDGE('',*,*,#5709,.F.);
#5724 = ORIENTED_EDGE('',*,*,#5725,.T.);
#5725 = EDGE_CURVE('',#5702,#5726,#5728,.T.);
#5726 = VERTEX_POINT('',#5727);
#5727 = CARTESIAN_POINT('',(151.,218.4,679.667));
#5728 = LINE('',#5729,#5730);
#5729 = CARTESIAN_POINT('',(155.,218.4,679.667));
#5730 = VECTOR('',#5731,1.);
#5731 = DIRECTION('',(-1.,0.,0.));
#5732 = ORIENTED_EDGE('',*,*,#5733,.T.);
#5733 = EDGE_CURVE('',#5726,#5608,#5734,.T.);
#5734 = LINE('',#5735,#5736);
#5735 = CARTESIAN_POINT('',(151.,218.4,679.667));
#5736 = VECTOR('',#5737,1.);
#5737 = DIRECTION('',(0.,2.22044604925E-16,1.));
#5738 = ORIENTED_EDGE('',*,*,#5607,.T.);
#5739 = PLANE('',#5740);
#5740 = AXIS2_PLACEMENT_3D('',#5741,#5742,#5743);
#5741 = CARTESIAN_POINT('',(155.,218.4,679.667));
#5742 = DIRECTION('',(0.,1.,-2.22044604925E-16));
#5743 = DIRECTION('',(-1.,0.,0.));
#5744 = ADVANCED_FACE('',(#5745),#5763,.F.);
#5745 = FACE_BOUND('',#5746,.F.);
#5746 = EDGE_LOOP('',(#5747,#5748,#5756,#5762));
#5747 = ORIENTED_EDGE('',*,*,#5693,.F.);
#5748 = ORIENTED_EDGE('',*,*,#5749,.T.);
#5749 = EDGE_CURVE('',#5694,#5750,#5752,.T.);
#5750 = VERTEX_POINT('',#5751);
#5751 = CARTESIAN_POINT('',(151.,240.4,679.667));
#5752 = LINE('',#5753,#5754);
#5753 = CARTESIAN_POINT('',(155.,240.4,679.667));
#5754 = VECTOR('',#5755,1.);
#5755 = DIRECTION('',(-1.,0.,0.));
#5756 = ORIENTED_EDGE('',*,*,#5757,.T.);
#5757 = EDGE_CURVE('',#5750,#5617,#5758,.T.);
#5758 = LINE('',#5759,#5760);
#5759 = CARTESIAN_POINT('',(151.,240.4,679.667));
#5760 = VECTOR('',#5761,1.);
#5761 = DIRECTION('',(0.,2.22044604925E-16,1.));
#5762 = ORIENTED_EDGE('',*,*,#5624,.T.);
#5763 = PLANE('',#5764);
#5764 = AXIS2_PLACEMENT_3D('',#5765,#5766,#5767);
#5765 = CARTESIAN_POINT('',(155.,240.4,679.667));
#5766 = DIRECTION('',(0.,1.,-2.22044604925E-16));
#5767 = DIRECTION('',(-1.,0.,0.));
#5768 = ADVANCED_FACE('',(#5769),#5780,.F.);
#5769 = FACE_BOUND('',#5770,.F.);
#5770 = EDGE_LOOP('',(#5771,#5772,#5778,#5779));
#5771 = ORIENTED_EDGE('',*,*,#5757,.F.);
#5772 = ORIENTED_EDGE('',*,*,#5773,.F.);
#5773 = EDGE_CURVE('',#5726,#5750,#5774,.T.);
#5774 = LINE('',#5775,#5776);
#5775 = CARTESIAN_POINT('',(151.,218.4,679.667));
#5776 = VECTOR('',#5777,1.);
#5777 = DIRECTION('',(0.,1.,-2.22044604925E-16));
#5778 = ORIENTED_EDGE('',*,*,#5733,.T.);
#5779 = ORIENTED_EDGE('',*,*,#5616,.T.);
#5780 = PLANE('',#5781);
#5781 = AXIS2_PLACEMENT_3D('',#5782,#5783,#5784);
#5782 = CARTESIAN_POINT('',(151.,218.4,679.667));
#5783 = DIRECTION('',(-1.,0.,0.));
#5784 = DIRECTION('',(0.,1.,-2.22044604925E-16));
#5785 = ADVANCED_FACE('',(#5786),#5811,.T.);
#5786 = FACE_BOUND('',#5787,.T.);
#5787 = EDGE_LOOP('',(#5788,#5796,#5804,#5810));
#5788 = ORIENTED_EDGE('',*,*,#5789,.F.);
#5789 = EDGE_CURVE('',#5790,#5636,#5792,.T.);
#5790 = VERTEX_POINT('',#5791);
#5791 = CARTESIAN_POINT('',(155.,273.,679.667));
#5792 = LINE('',#5793,#5794);
#5793 = CARTESIAN_POINT('',(155.,273.,679.667));
#5794 = VECTOR('',#5795,1.);
#5795 = DIRECTION('',(0.,2.22044604925E-16,1.));
#5796 = ORIENTED_EDGE('',*,*,#5797,.F.);
#5797 = EDGE_CURVE('',#5798,#5790,#5800,.T.);
#5798 = VERTEX_POINT('',#5799);
#5799 = CARTESIAN_POINT('',(155.,255.,679.667));
#5800 = LINE('',#5801,#5802);
#5801 = CARTESIAN_POINT('',(155.,255.,679.667));
#5802 = VECTOR('',#5803,1.);
#5803 = DIRECTION('',(0.,1.,-2.22044604925E-16));
#5804 = ORIENTED_EDGE('',*,*,#5805,.T.);
#5805 = EDGE_CURVE('',#5798,#5634,#5806,.T.);
#5806 = LINE('',#5807,#5808);
#5807 = CARTESIAN_POINT('',(155.,255.,679.667));
#5808 = VECTOR('',#5809,1.);
#5809 = DIRECTION('',(0.,2.22044604925E-16,1.));
#5810 = ORIENTED_EDGE('',*,*,#5633,.T.);
#5811 = PLANE('',#5812);
#5812 = AXIS2_PLACEMENT_3D('',#5813,#5814,#5815);
#5813 = CARTESIAN_POINT('',(155.,255.,679.667));
#5814 = DIRECTION('',(-1.,0.,0.));
#5815 = DIRECTION('',(0.,1.,-2.22044604925E-16));
#5816 = ADVANCED_FACE('',(#5817),#5835,.F.);
#5817 = FACE_BOUND('',#5818,.F.);
#5818 = EDGE_LOOP('',(#5819,#5820,#5828,#5834));
#5819 = ORIENTED_EDGE('',*,*,#5789,.F.);
#5820 = ORIENTED_EDGE('',*,*,#5821,.T.);
#5821 = EDGE_CURVE('',#5790,#5822,#5824,.T.);
#5822 = VERTEX_POINT('',#5823);
#5823 = CARTESIAN_POINT('',(151.,273.,679.667));
#5824 = LINE('',#5825,#5826);
#5825 = CARTESIAN_POINT('',(155.,273.,679.667));
#5826 = VECTOR('',#5827,1.);
#5827 = DIRECTION('',(-1.,0.,0.));
#5828 = ORIENTED_EDGE('',*,*,#5829,.T.);
#5829 = EDGE_CURVE('',#5822,#5653,#5830,.T.);
#5830 = LINE('',#5831,#5832);
#5831 = CARTESIAN_POINT('',(151.,273.,679.667));
#5832 = VECTOR('',#5833,1.);
#5833 = DIRECTION('',(0.,2.22044604925E-16,1.));
#5834 = ORIENTED_EDGE('',*,*,#5660,.T.);
#5835 = PLANE('',#5836);
#5836 = AXIS2_PLACEMENT_3D('',#5837,#5838,#5839);
#5837 = CARTESIAN_POINT('',(155.,273.,679.667));
#5838 = DIRECTION('',(0.,1.,-2.22044604925E-16));
#5839 = DIRECTION('',(-1.,0.,0.));
#5840 = ADVANCED_FACE('',(#5841),#5859,.F.);
#5841 = FACE_BOUND('',#5842,.F.);
#5842 = EDGE_LOOP('',(#5843,#5844,#5852,#5858));
#5843 = ORIENTED_EDGE('',*,*,#5829,.F.);
#5844 = ORIENTED_EDGE('',*,*,#5845,.F.);
#5845 = EDGE_CURVE('',#5846,#5822,#5848,.T.);
#5846 = VERTEX_POINT('',#5847);
#5847 = CARTESIAN_POINT('',(151.,255.,679.667));
#5848 = LINE('',#5849,#5850);
#5849 = CARTESIAN_POINT('',(151.,255.,679.667));
#5850 = VECTOR('',#5851,1.);
#5851 = DIRECTION('',(0.,1.,-2.22044604925E-16));
#5852 = ORIENTED_EDGE('',*,*,#5853,.T.);
#5853 = EDGE_CURVE('',#5846,#5644,#5854,.T.);
#5854 = LINE('',#5855,#5856);
#5855 = CARTESIAN_POINT('',(151.,255.,679.667));
#5856 = VECTOR('',#5857,1.);
#5857 = DIRECTION('',(0.,2.22044604925E-16,1.));
#5858 = ORIENTED_EDGE('',*,*,#5652,.T.);
#5859 = PLANE('',#5860);
#5860 = AXIS2_PLACEMENT_3D('',#5861,#5862,#5863);
#5861 = CARTESIAN_POINT('',(151.,255.,679.667));
#5862 = DIRECTION('',(-1.,0.,0.));
#5863 = DIRECTION('',(0.,1.,-2.22044604925E-16));
#5864 = ADVANCED_FACE('',(#5865),#5876,.T.);
#5865 = FACE_BOUND('',#5866,.T.);
#5866 = EDGE_LOOP('',(#5867,#5868,#5874,#5875));
#5867 = ORIENTED_EDGE('',*,*,#5805,.F.);
#5868 = ORIENTED_EDGE('',*,*,#5869,.T.);
#5869 = EDGE_CURVE('',#5798,#5846,#5870,.T.);
#5870 = LINE('',#5871,#5872);
#5871 = CARTESIAN_POINT('',(155.,255.,679.667));
#5872 = VECTOR('',#5873,1.);
#5873 = DIRECTION('',(-1.,0.,0.));
#5874 = ORIENTED_EDGE('',*,*,#5853,.T.);
#5875 = ORIENTED_EDGE('',*,*,#5643,.T.);
#5876 = PLANE('',#5877);
#5877 = AXIS2_PLACEMENT_3D('',#5878,#5879,#5880);
#5878 = CARTESIAN_POINT('',(155.,255.,679.667));
#5879 = DIRECTION('',(0.,1.,-2.22044604925E-16));
#5880 = DIRECTION('',(-1.,0.,0.));
#5881 = ADVANCED_FACE('',(#5882),#5888,.T.);
#5882 = FACE_BOUND('',#5883,.T.);
#5883 = EDGE_LOOP('',(#5884,#5885,#5886,#5887));
#5884 = ORIENTED_EDGE('',*,*,#5725,.F.);
#5885 = ORIENTED_EDGE('',*,*,#5701,.T.);
#5886 = ORIENTED_EDGE('',*,*,#5749,.T.);
#5887 = ORIENTED_EDGE('',*,*,#5773,.F.);
#5888 = PLANE('',#5889);
#5889 = AXIS2_PLACEMENT_3D('',#5890,#5891,#5892);
#5890 = CARTESIAN_POINT('',(155.,218.4,679.667));
#5891 = DIRECTION('',(0.,2.22044604925E-16,1.));
#5892 = DIRECTION('',(0.,1.,-2.22044604925E-16));
#5893 = ADVANCED_FACE('',(#5894),#5900,.T.);
#5894 = FACE_BOUND('',#5895,.T.);
#5895 = EDGE_LOOP('',(#5896,#5897,#5898,#5899));
#5896 = ORIENTED_EDGE('',*,*,#5869,.F.);
#5897 = ORIENTED_EDGE('',*,*,#5797,.T.);
#5898 = ORIENTED_EDGE('',*,*,#5821,.T.);
#5899 = ORIENTED_EDGE('',*,*,#5845,.F.);
#5900 = PLANE('',#5901);
#5901 = AXIS2_PLACEMENT_3D('',#5902,#5903,#5904);
#5902 = CARTESIAN_POINT('',(155.,255.,679.667));
#5903 = DIRECTION('',(0.,2.22044604925E-16,1.));
#5904 = DIRECTION('',(0.,1.,-2.22044604925E-16));
#5905 = MANIFOLD_SOLID_BREP('',#5906);
#5906 = CLOSED_SHELL('',(#5907,#5940,#5960,#5980,#6005,#6030,#6083,#6136
    ,#6158,#6175,#6192));
#5907 = ADVANCED_FACE('',(#5908),#5935,.T.);
#5908 = FACE_BOUND('',#5909,.T.);
#5909 = EDGE_LOOP('',(#5910,#5919,#5927,#5934));
#5910 = ORIENTED_EDGE('',*,*,#5911,.F.);
#5911 = EDGE_CURVE('',#5912,#5912,#5914,.T.);
#5912 = VERTEX_POINT('',#5913);
#5913 = CARTESIAN_POINT('',(137.13911300919,264.,676.167));
#5914 = CIRCLE('',#5915,15.860886990807);
#5915 = AXIS2_PLACEMENT_3D('',#5916,#5917,#5918);
#5916 = CARTESIAN_POINT('',(153.,264.,676.167));
#5917 = DIRECTION('',(0.,1.,-2.22044604925E-16));
#5918 = DIRECTION('',(-1.,0.,0.));
#5919 = ORIENTED_EDGE('',*,*,#5920,.F.);
#5920 = EDGE_CURVE('',#5921,#5912,#5923,.T.);
#5921 = VERTEX_POINT('',#5922);
#5922 = CARTESIAN_POINT('',(137.13911300919,258.,676.167));
#5923 = LINE('',#5924,#5925);
#5924 = CARTESIAN_POINT('',(137.13911300919,258.,676.167));
#5925 = VECTOR('',#5926,1.);
#5926 = DIRECTION('',(0.,1.,-2.22044604925E-16));
#5927 = ORIENTED_EDGE('',*,*,#5928,.T.);
#5928 = EDGE_CURVE('',#5921,#5921,#5929,.T.);
#5929 = CIRCLE('',#5930,15.860886990807);
#5930 = AXIS2_PLACEMENT_3D('',#5931,#5932,#5933);
#5931 = CARTESIAN_POINT('',(153.,258.,676.167));
#5932 = DIRECTION('',(0.,1.,-2.22044604925E-16));
#5933 = DIRECTION('',(-1.,0.,0.));
#5934 = ORIENTED_EDGE('',*,*,#5920,.T.);
#5935 = CYLINDRICAL_SURFACE('',#5936,15.860886990807);
#5936 = AXIS2_PLACEMENT_3D('',#5937,#5938,#5939);
#5937 = CARTESIAN_POINT('',(153.,258.,676.167));
#5938 = DIRECTION('',(0.,1.,-2.22044604925E-16));
#5939 = DIRECTION('',(-1.,0.,0.));
#5940 = ADVANCED_FACE('',(#5941,#5944),#5955,.T.);
#5941 = FACE_BOUND('',#5942,.T.);
#5942 = EDGE_LOOP('',(#5943));
#5943 = ORIENTED_EDGE('',*,*,#5911,.T.);
#5944 = FACE_BOUND('',#5945,.T.);
#5945 = EDGE_LOOP('',(#5946));
#5946 = ORIENTED_EDGE('',*,*,#5947,.F.);
#5947 = EDGE_CURVE('',#5948,#5948,#5950,.T.);
#5948 = VERTEX_POINT('',#5949);
#5949 = CARTESIAN_POINT('',(139.5,264.,676.167));
#5950 = CIRCLE('',#5951,13.5);
#5951 = AXIS2_PLACEMENT_3D('',#5952,#5953,#5954);
#5952 = CARTESIAN_POINT('',(153.,264.,676.167));
#5953 = DIRECTION('',(0.,1.,-2.22044604925E-16));
#5954 = DIRECTION('',(-1.,0.,0.));
#5955 = PLANE('',#5956);
#5956 = AXIS2_PLACEMENT_3D('',#5957,#5958,#5959);
#5957 = CARTESIAN_POINT('',(153.,264.,676.167));
#5958 = DIRECTION('',(0.,1.,-2.22044604925E-16));
#5959 = DIRECTION('',(-1.,0.,0.));
#5960 = ADVANCED_FACE('',(#5961,#5964),#5975,.F.);
#5961 = FACE_BOUND('',#5962,.F.);
#5962 = EDGE_LOOP('',(#5963));
#5963 = ORIENTED_EDGE('',*,*,#5928,.T.);
#5964 = FACE_BOUND('',#5965,.F.);
#5965 = EDGE_LOOP('',(#5966));
#5966 = ORIENTED_EDGE('',*,*,#5967,.F.);
#5967 = EDGE_CURVE('',#5968,#5968,#5970,.T.);
#5968 = VERTEX_POINT('',#5969);
#5969 = CARTESIAN_POINT('',(139.5,258.,676.167));
#5970 = CIRCLE('',#5971,13.5);
#5971 = AXIS2_PLACEMENT_3D('',#5972,#5973,#5974);
#5972 = CARTESIAN_POINT('',(153.,258.,676.167));
#5973 = DIRECTION('',(0.,1.,-2.22044604925E-16));
#5974 = DIRECTION('',(-1.,0.,0.));
#5975 = PLANE('',#5976);
#5976 = AXIS2_PLACEMENT_3D('',#5977,#5978,#5979);
#5977 = CARTESIAN_POINT('',(153.,258.,676.167));
#5978 = DIRECTION('',(0.,1.,-2.22044604925E-16));
#5979 = DIRECTION('',(-1.,0.,0.));
#5980 = ADVANCED_FACE('',(#5981),#6000,.T.);
#5981 = FACE_BOUND('',#5982,.T.);
#5982 = EDGE_LOOP('',(#5983,#5991,#5998,#5999));
#5983 = ORIENTED_EDGE('',*,*,#5984,.T.);
#5984 = EDGE_CURVE('',#5948,#5985,#5987,.T.);
#5985 = VERTEX_POINT('',#5986);
#5986 = CARTESIAN_POINT('',(139.5,270.,676.167));
#5987 = LINE('',#5988,#5989);
#5988 = CARTESIAN_POINT('',(139.5,255.,676.167));
#5989 = VECTOR('',#5990,1.);
#5990 = DIRECTION('',(0.,1.,-2.22044604925E-16));
#5991 = ORIENTED_EDGE('',*,*,#5992,.F.);
#5992 = EDGE_CURVE('',#5985,#5985,#5993,.T.);
#5993 = CIRCLE('',#5994,13.5);
#5994 = AXIS2_PLACEMENT_3D('',#5995,#5996,#5997);
#5995 = CARTESIAN_POINT('',(153.,270.,676.167));
#5996 = DIRECTION('',(0.,1.,-2.22044604925E-16));
#5997 = DIRECTION('',(-1.,0.,0.));
#5998 = ORIENTED_EDGE('',*,*,#5984,.F.);
#5999 = ORIENTED_EDGE('',*,*,#5947,.T.);
#6000 = CYLINDRICAL_SURFACE('',#6001,13.5);
#6001 = AXIS2_PLACEMENT_3D('',#6002,#6003,#6004);
#6002 = CARTESIAN_POINT('',(153.,255.,676.167));
#6003 = DIRECTION('',(0.,1.,-2.22044604925E-16));
#6004 = DIRECTION('',(-1.,0.,0.));
#6005 = ADVANCED_FACE('',(#6006),#6025,.T.);
#6006 = FACE_BOUND('',#6007,.T.);
#6007 = EDGE_LOOP('',(#6008,#6009,#6017,#6024));
#6008 = ORIENTED_EDGE('',*,*,#5967,.F.);
#6009 = ORIENTED_EDGE('',*,*,#6010,.F.);
#6010 = EDGE_CURVE('',#6011,#5968,#6013,.T.);
#6011 = VERTEX_POINT('',#6012);
#6012 = CARTESIAN_POINT('',(139.5,255.,676.167));
#6013 = LINE('',#6014,#6015);
#6014 = CARTESIAN_POINT('',(139.5,255.,676.167));
#6015 = VECTOR('',#6016,1.);
#6016 = DIRECTION('',(0.,1.,-2.22044604925E-16));
#6017 = ORIENTED_EDGE('',*,*,#6018,.T.);
#6018 = EDGE_CURVE('',#6011,#6011,#6019,.T.);
#6019 = CIRCLE('',#6020,13.5);
#6020 = AXIS2_PLACEMENT_3D('',#6021,#6022,#6023);
#6021 = CARTESIAN_POINT('',(153.,255.,676.167));
#6022 = DIRECTION('',(0.,1.,-2.22044604925E-16));
#6023 = DIRECTION('',(-1.,0.,0.));
#6024 = ORIENTED_EDGE('',*,*,#6010,.T.);
#6025 = CYLINDRICAL_SURFACE('',#6026,13.5);
#6026 = AXIS2_PLACEMENT_3D('',#6027,#6028,#6029);
#6027 = CARTESIAN_POINT('',(153.,255.,676.167));
#6028 = DIRECTION('',(0.,1.,-2.22044604925E-16));
#6029 = DIRECTION('',(-1.,0.,0.));
#6030 = ADVANCED_FACE('',(#6031,#6034),#6078,.T.);
#6031 = FACE_BOUND('',#6032,.T.);
#6032 = EDGE_LOOP('',(#6033));
#6033 = ORIENTED_EDGE('',*,*,#5992,.T.);
#6034 = FACE_BOUND('',#6035,.T.);
#6035 = EDGE_LOOP('',(#6036,#6047,#6055,#6063,#6071));
#6036 = ORIENTED_EDGE('',*,*,#6037,.F.);
#6037 = EDGE_CURVE('',#6038,#6040,#6042,.T.);
#6038 = VERTEX_POINT('',#6039);
#6039 = CARTESIAN_POINT('',(155.05,270.,681.83252071746));
#6040 = VERTEX_POINT('',#6041);
#6041 = CARTESIAN_POINT('',(146.975,270.,676.167));
#6042 = CIRCLE('',#6043,6.025);
#6043 = AXIS2_PLACEMENT_3D('',#6044,#6045,#6046);
#6044 = CARTESIAN_POINT('',(153.,270.,676.167));
#6045 = DIRECTION('',(0.,1.,-2.22044604925E-16));
#6046 = DIRECTION('',(-1.,0.,0.));
#6047 = ORIENTED_EDGE('',*,*,#6048,.T.);
#6048 = EDGE_CURVE('',#6038,#6049,#6051,.T.);
#6049 = VERTEX_POINT('',#6050);
#6050 = CARTESIAN_POINT('',(155.05,270.,684.192));
#6051 = LINE('',#6052,#6053);
#6052 = CARTESIAN_POINT('',(155.05,270.,679.592));
#6053 = VECTOR('',#6054,1.);
#6054 = DIRECTION('',(0.,2.22044604925E-16,1.));
#6055 = ORIENTED_EDGE('',*,*,#6056,.T.);
#6056 = EDGE_CURVE('',#6049,#6057,#6059,.T.);
#6057 = VERTEX_POINT('',#6058);
#6058 = CARTESIAN_POINT('',(150.95,270.,684.192));
#6059 = LINE('',#6060,#6061);
#6060 = CARTESIAN_POINT('',(155.05,270.,684.192));
#6061 = VECTOR('',#6062,1.);
#6062 = DIRECTION('',(-1.,0.,0.));
#6063 = ORIENTED_EDGE('',*,*,#6064,.F.);
#6064 = EDGE_CURVE('',#6065,#6057,#6067,.T.);
#6065 = VERTEX_POINT('',#6066);
#6066 = CARTESIAN_POINT('',(150.95,270.,681.83252071746));
#6067 = LINE('',#6068,#6069);
#6068 = CARTESIAN_POINT('',(150.95,270.,679.592));
#6069 = VECTOR('',#6070,1.);
#6070 = DIRECTION('',(0.,2.22044604925E-16,1.));
#6071 = ORIENTED_EDGE('',*,*,#6072,.F.);
#6072 = EDGE_CURVE('',#6040,#6065,#6073,.T.);
#6073 = CIRCLE('',#6074,6.025);
#6074 = AXIS2_PLACEMENT_3D('',#6075,#6076,#6077);
#6075 = CARTESIAN_POINT('',(153.,270.,676.167));
#6076 = DIRECTION('',(0.,1.,-2.22044604925E-16));
#6077 = DIRECTION('',(-1.,0.,0.));
#6078 = PLANE('',#6079);
#6079 = AXIS2_PLACEMENT_3D('',#6080,#6081,#6082);
#6080 = CARTESIAN_POINT('',(153.,270.,676.167));
#6081 = DIRECTION('',(0.,1.,-2.22044604925E-16));
#6082 = DIRECTION('',(-1.,0.,0.));
#6083 = ADVANCED_FACE('',(#6084,#6087),#6131,.F.);
#6084 = FACE_BOUND('',#6085,.F.);
#6085 = EDGE_LOOP('',(#6086));
#6086 = ORIENTED_EDGE('',*,*,#6018,.T.);
#6087 = FACE_BOUND('',#6088,.F.);
#6088 = EDGE_LOOP('',(#6089,#6100,#6108,#6116,#6124));
#6089 = ORIENTED_EDGE('',*,*,#6090,.F.);
#6090 = EDGE_CURVE('',#6091,#6093,#6095,.T.);
#6091 = VERTEX_POINT('',#6092);
#6092 = CARTESIAN_POINT('',(155.05,255.,681.83252071746));
#6093 = VERTEX_POINT('',#6094);
#6094 = CARTESIAN_POINT('',(146.975,255.,676.167));
#6095 = CIRCLE('',#6096,6.025);
#6096 = AXIS2_PLACEMENT_3D('',#6097,#6098,#6099);
#6097 = CARTESIAN_POINT('',(153.,255.,676.167));
#6098 = DIRECTION('',(0.,1.,-2.22044604925E-16));
#6099 = DIRECTION('',(-1.,0.,0.));
#6100 = ORIENTED_EDGE('',*,*,#6101,.T.);
#6101 = EDGE_CURVE('',#6091,#6102,#6104,.T.);
#6102 = VERTEX_POINT('',#6103);
#6103 = CARTESIAN_POINT('',(155.05,255.,684.192));
#6104 = LINE('',#6105,#6106);
#6105 = CARTESIAN_POINT('',(155.05,255.,679.592));
#6106 = VECTOR('',#6107,1.);
#6107 = DIRECTION('',(0.,2.22044604925E-16,1.));
#6108 = ORIENTED_EDGE('',*,*,#6109,.T.);
#6109 = EDGE_CURVE('',#6102,#6110,#6112,.T.);
#6110 = VERTEX_POINT('',#6111);
#6111 = CARTESIAN_POINT('',(150.95,255.,684.192));
#6112 = LINE('',#6113,#6114);
#6113 = CARTESIAN_POINT('',(155.05,255.,684.192));
#6114 = VECTOR('',#6115,1.);
#6115 = DIRECTION('',(-1.,0.,0.));
#6116 = ORIENTED_EDGE('',*,*,#6117,.F.);
#6117 = EDGE_CURVE('',#6118,#6110,#6120,.T.);
#6118 = VERTEX_POINT('',#6119);
#6119 = CARTESIAN_POINT('',(150.95,255.,681.83252071746));
#6120 = LINE('',#6121,#6122);
#6121 = CARTESIAN_POINT('',(150.95,255.,679.592));
#6122 = VECTOR('',#6123,1.);
#6123 = DIRECTION('',(0.,2.22044604925E-16,1.));
#6124 = ORIENTED_EDGE('',*,*,#6125,.F.);
#6125 = EDGE_CURVE('',#6093,#6118,#6126,.T.);
#6126 = CIRCLE('',#6127,6.025);
#6127 = AXIS2_PLACEMENT_3D('',#6128,#6129,#6130);
#6128 = CARTESIAN_POINT('',(153.,255.,676.167));
#6129 = DIRECTION('',(0.,1.,-2.22044604925E-16));
#6130 = DIRECTION('',(-1.,0.,0.));
#6131 = PLANE('',#6132);
#6132 = AXIS2_PLACEMENT_3D('',#6133,#6134,#6135);
#6133 = CARTESIAN_POINT('',(153.,255.,676.167));
#6134 = DIRECTION('',(0.,1.,-2.22044604925E-16));
#6135 = DIRECTION('',(-1.,0.,0.));
#6136 = ADVANCED_FACE('',(#6137),#6153,.F.);
#6137 = FACE_BOUND('',#6138,.F.);
#6138 = EDGE_LOOP('',(#6139,#6145,#6146,#6152));
#6139 = ORIENTED_EDGE('',*,*,#6140,.F.);
#6140 = EDGE_CURVE('',#6118,#6065,#6141,.T.);
#6141 = LINE('',#6142,#6143);
#6142 = CARTESIAN_POINT('',(150.95,255.,681.83252071746));
#6143 = VECTOR('',#6144,1.);
#6144 = DIRECTION('',(0.,1.,-2.22044604925E-16));
#6145 = ORIENTED_EDGE('',*,*,#6117,.T.);
#6146 = ORIENTED_EDGE('',*,*,#6147,.T.);
#6147 = EDGE_CURVE('',#6110,#6057,#6148,.T.);
#6148 = LINE('',#6149,#6150);
#6149 = CARTESIAN_POINT('',(150.95,255.,684.192));
#6150 = VECTOR('',#6151,1.);
#6151 = DIRECTION('',(0.,1.,-2.22044604925E-16));
#6152 = ORIENTED_EDGE('',*,*,#6064,.F.);
#6153 = PLANE('',#6154);
#6154 = AXIS2_PLACEMENT_3D('',#6155,#6156,#6157);
#6155 = CARTESIAN_POINT('',(150.95,255.,679.592));
#6156 = DIRECTION('',(-1.,0.,0.));
#6157 = DIRECTION('',(0.,1.,-2.22044604925E-16));
#6158 = ADVANCED_FACE('',(#6159),#6170,.F.);
#6159 = FACE_BOUND('',#6160,.F.);
#6160 = EDGE_LOOP('',(#6161,#6162,#6168,#6169));
#6161 = ORIENTED_EDGE('',*,*,#6109,.F.);
#6162 = ORIENTED_EDGE('',*,*,#6163,.T.);
#6163 = EDGE_CURVE('',#6102,#6049,#6164,.T.);
#6164 = LINE('',#6165,#6166);
#6165 = CARTESIAN_POINT('',(155.05,255.,684.192));
#6166 = VECTOR('',#6167,1.);
#6167 = DIRECTION('',(0.,1.,-2.22044604925E-16));
#6168 = ORIENTED_EDGE('',*,*,#6056,.T.);
#6169 = ORIENTED_EDGE('',*,*,#6147,.F.);
#6170 = PLANE('',#6171);
#6171 = AXIS2_PLACEMENT_3D('',#6172,#6173,#6174);
#6172 = CARTESIAN_POINT('',(155.05,255.,684.192));
#6173 = DIRECTION('',(0.,2.22044604925E-16,1.));
#6174 = DIRECTION('',(0.,1.,-2.22044604925E-16));
#6175 = ADVANCED_FACE('',(#6176),#6187,.T.);
#6176 = FACE_BOUND('',#6177,.T.);
#6177 = EDGE_LOOP('',(#6178,#6184,#6185,#6186));
#6178 = ORIENTED_EDGE('',*,*,#6179,.F.);
#6179 = EDGE_CURVE('',#6091,#6038,#6180,.T.);
#6180 = LINE('',#6181,#6182);
#6181 = CARTESIAN_POINT('',(155.05,255.,681.83252071746));
#6182 = VECTOR('',#6183,1.);
#6183 = DIRECTION('',(0.,1.,-2.22044604925E-16));
#6184 = ORIENTED_EDGE('',*,*,#6101,.T.);
#6185 = ORIENTED_EDGE('',*,*,#6163,.T.);
#6186 = ORIENTED_EDGE('',*,*,#6048,.F.);
#6187 = PLANE('',#6188);
#6188 = AXIS2_PLACEMENT_3D('',#6189,#6190,#6191);
#6189 = CARTESIAN_POINT('',(155.05,255.,679.592));
#6190 = DIRECTION('',(-1.,0.,0.));
#6191 = DIRECTION('',(0.,1.,-2.22044604925E-16));
#6192 = ADVANCED_FACE('',(#6193),#6201,.F.);
#6193 = FACE_BOUND('',#6194,.F.);
#6194 = EDGE_LOOP('',(#6195,#6196,#6197,#6198,#6199,#6200));
#6195 = ORIENTED_EDGE('',*,*,#6140,.T.);
#6196 = ORIENTED_EDGE('',*,*,#6072,.F.);
#6197 = ORIENTED_EDGE('',*,*,#6037,.F.);
#6198 = ORIENTED_EDGE('',*,*,#6179,.F.);
#6199 = ORIENTED_EDGE('',*,*,#6090,.T.);
#6200 = ORIENTED_EDGE('',*,*,#6125,.T.);
#6201 = CYLINDRICAL_SURFACE('',#6202,6.025);
#6202 = AXIS2_PLACEMENT_3D('',#6203,#6204,#6205);
#6203 = CARTESIAN_POINT('',(153.,255.,676.167));
#6204 = DIRECTION('',(0.,1.,-2.22044604925E-16));
#6205 = DIRECTION('',(-1.,0.,0.));
#6206 = MANIFOLD_SOLID_BREP('',#6207);
#6207 = CLOSED_SHELL('',(#6208,#6241,#6261,#6286,#6339,#6370,#6394,#6418
    ,#6448));
#6208 = ADVANCED_FACE('',(#6209),#6236,.T.);
#6209 = FACE_BOUND('',#6210,.T.);
#6210 = EDGE_LOOP('',(#6211,#6220,#6228,#6235));
#6211 = ORIENTED_EDGE('',*,*,#6212,.F.);
#6212 = EDGE_CURVE('',#6213,#6213,#6215,.T.);
#6213 = VERTEX_POINT('',#6214);
#6214 = CARTESIAN_POINT('',(114.23864703617,264.,608.66624566253));
#6215 = CIRCLE('',#6216,43.021752762071);
#6216 = AXIS2_PLACEMENT_3D('',#6217,#6218,#6219);
#6217 = CARTESIAN_POINT('',(153.,264.,590.));
#6218 = DIRECTION('',(9.634054582791E-17,1.,2.000557567427E-16));
#6219 = DIRECTION('',(-0.90097103152,0.,0.433879246291));
#6220 = ORIENTED_EDGE('',*,*,#6221,.F.);
#6221 = EDGE_CURVE('',#6222,#6213,#6224,.T.);
#6222 = VERTEX_POINT('',#6223);
#6223 = CARTESIAN_POINT('',(114.23864703617,258.,608.66624566253));
#6224 = LINE('',#6225,#6226);
#6225 = CARTESIAN_POINT('',(114.23864703617,258.,608.66624566253));
#6226 = VECTOR('',#6227,1.);
#6227 = DIRECTION('',(9.634054582791E-17,1.,2.000557567427E-16));
#6228 = ORIENTED_EDGE('',*,*,#6229,.T.);
#6229 = EDGE_CURVE('',#6222,#6222,#6230,.T.);
#6230 = CIRCLE('',#6231,43.021752762071);
#6231 = AXIS2_PLACEMENT_3D('',#6232,#6233,#6234);
#6232 = CARTESIAN_POINT('',(153.,258.,590.));
#6233 = DIRECTION('',(9.634054582791E-17,1.,2.000557567427E-16));
#6234 = DIRECTION('',(-0.90097103152,0.,0.433879246291));
#6235 = ORIENTED_EDGE('',*,*,#6221,.T.);
#6236 = CYLINDRICAL_SURFACE('',#6237,43.021752762071);
#6237 = AXIS2_PLACEMENT_3D('',#6238,#6239,#6240);
#6238 = CARTESIAN_POINT('',(153.,258.,590.));
#6239 = DIRECTION('',(9.634054582791E-17,1.,2.000557567427E-16));
#6240 = DIRECTION('',(-0.90097103152,0.,0.433879246291));
#6241 = ADVANCED_FACE('',(#6242,#6245),#6256,.T.);
#6242 = FACE_BOUND('',#6243,.T.);
#6243 = EDGE_LOOP('',(#6244));
#6244 = ORIENTED_EDGE('',*,*,#6212,.T.);
#6245 = FACE_BOUND('',#6246,.T.);
#6246 = EDGE_LOOP('',(#6247));
#6247 = ORIENTED_EDGE('',*,*,#6248,.F.);
#6248 = EDGE_CURVE('',#6249,#6249,#6251,.T.);
#6249 = VERTEX_POINT('',#6250);
#6250 = CARTESIAN_POINT('',(133.17863730656,264.,599.5453434184));
#6251 = CIRCLE('',#6252,22.);
#6252 = AXIS2_PLACEMENT_3D('',#6253,#6254,#6255);
#6253 = CARTESIAN_POINT('',(153.,264.,590.));
#6254 = DIRECTION('',(9.634054582791E-17,1.,2.000557567427E-16));
#6255 = DIRECTION('',(-0.90097103152,0.,0.433879246291));
#6256 = PLANE('',#6257);
#6257 = AXIS2_PLACEMENT_3D('',#6258,#6259,#6260);
#6258 = CARTESIAN_POINT('',(153.,264.,590.));
#6259 = DIRECTION('',(9.634054582791E-17,1.,2.000557567427E-16));
#6260 = DIRECTION('',(-0.90097103152,0.,0.433879246291));
#6261 = ADVANCED_FACE('',(#6262),#6281,.T.);
#6262 = FACE_BOUND('',#6263,.T.);
#6263 = EDGE_LOOP('',(#6264,#6272,#6279,#6280));
#6264 = ORIENTED_EDGE('',*,*,#6265,.T.);
#6265 = EDGE_CURVE('',#6249,#6266,#6268,.T.);
#6266 = VERTEX_POINT('',#6267);
#6267 = CARTESIAN_POINT('',(133.17863730656,288.,599.5453434184));
#6268 = LINE('',#6269,#6270);
#6269 = CARTESIAN_POINT('',(133.17863730656,258.,599.5453434184));
#6270 = VECTOR('',#6271,1.);
#6271 = DIRECTION('',(9.634054582791E-17,1.,2.000557567427E-16));
#6272 = ORIENTED_EDGE('',*,*,#6273,.F.);
#6273 = EDGE_CURVE('',#6266,#6266,#6274,.T.);
#6274 = CIRCLE('',#6275,22.);
#6275 = AXIS2_PLACEMENT_3D('',#6276,#6277,#6278);
#6276 = CARTESIAN_POINT('',(153.,288.,590.));
#6277 = DIRECTION('',(9.634054582791E-17,1.,2.000557567427E-16));
#6278 = DIRECTION('',(-0.90097103152,0.,0.433879246291));
#6279 = ORIENTED_EDGE('',*,*,#6265,.F.);
#6280 = ORIENTED_EDGE('',*,*,#6248,.T.);
#6281 = CYLINDRICAL_SURFACE('',#6282,22.);
#6282 = AXIS2_PLACEMENT_3D('',#6283,#6284,#6285);
#6283 = CARTESIAN_POINT('',(153.,258.,590.));
#6284 = DIRECTION('',(9.634054582791E-17,1.,2.000557567427E-16));
#6285 = DIRECTION('',(-0.90097103152,0.,0.433879246291));
#6286 = ADVANCED_FACE('',(#6287,#6290),#6334,.T.);
#6287 = FACE_BOUND('',#6288,.T.);
#6288 = EDGE_LOOP('',(#6289));
#6289 = ORIENTED_EDGE('',*,*,#6273,.T.);
#6290 = FACE_BOUND('',#6291,.T.);
#6291 = EDGE_LOOP('',(#6292,#6303,#6311,#6319,#6327));
#6292 = ORIENTED_EDGE('',*,*,#6293,.F.);
#6293 = EDGE_CURVE('',#6294,#6296,#6298,.T.);
#6294 = VERTEX_POINT('',#6295);
#6295 = CARTESIAN_POINT('',(161.01871281864,288.,599.62163550193));
#6296 = VERTEX_POINT('',#6297);
#6297 = CARTESIAN_POINT('',(141.71533783021,288.,595.43433755979));
#6298 = CIRCLE('',#6299,12.525);
#6299 = AXIS2_PLACEMENT_3D('',#6300,#6301,#6302);
#6300 = CARTESIAN_POINT('',(153.,288.,590.));
#6301 = DIRECTION('',(9.634054582791E-17,1.,2.000557567427E-16));
#6302 = DIRECTION('',(-0.90097103152,0.,0.433879246291));
#6303 = ORIENTED_EDGE('',*,*,#6304,.T.);
#6304 = EDGE_CURVE('',#6294,#6305,#6307,.T.);
#6305 = VERTEX_POINT('',#6306);
#6306 = CARTESIAN_POINT('',(162.52732486943,288.,602.7543406663));
#6307 = LINE('',#6308,#6309);
#6308 = CARTESIAN_POINT('',(159.62033391928,288.,596.71783475512));
#6309 = VECTOR('',#6310,1.);
#6310 = DIRECTION('',(0.433879246291,-2.22044604925E-16,0.90097103152));
#6311 = ORIENTED_EDGE('',*,*,#6312,.T.);
#6312 = EDGE_CURVE('',#6305,#6313,#6315,.T.);
#6313 = VERTEX_POINT('',#6314);
#6314 = CARTESIAN_POINT('',(157.03140157716,288.,605.40100406868));
#6315 = LINE('',#6316,#6317);
#6316 = CARTESIAN_POINT('',(162.52732486943,288.,602.7543406663));
#6317 = VECTOR('',#6318,1.);
#6318 = DIRECTION('',(-0.90097103152,0.,0.433879246291));
#6319 = ORIENTED_EDGE('',*,*,#6320,.F.);
#6320 = EDGE_CURVE('',#6321,#6313,#6323,.T.);
#6321 = VERTEX_POINT('',#6322);
#6322 = CARTESIAN_POINT('',(155.52278952637,288.,602.26829890431));
#6323 = LINE('',#6324,#6325);
#6324 = CARTESIAN_POINT('',(154.12441062701,288.,599.3644981575));
#6325 = VECTOR('',#6326,1.);
#6326 = DIRECTION('',(0.433879246291,-2.22044604925E-16,0.90097103152));
#6327 = ORIENTED_EDGE('',*,*,#6328,.F.);
#6328 = EDGE_CURVE('',#6296,#6321,#6329,.T.);
#6329 = CIRCLE('',#6330,12.525);
#6330 = AXIS2_PLACEMENT_3D('',#6331,#6332,#6333);
#6331 = CARTESIAN_POINT('',(153.,288.,590.));
#6332 = DIRECTION('',(9.634054582791E-17,1.,2.000557567427E-16));
#6333 = DIRECTION('',(-0.90097103152,0.,0.433879246291));
#6334 = PLANE('',#6335);
#6335 = AXIS2_PLACEMENT_3D('',#6336,#6337,#6338);
#6336 = CARTESIAN_POINT('',(153.,288.,590.));
#6337 = DIRECTION('',(9.634054582791E-17,1.,2.000557567427E-16));
#6338 = DIRECTION('',(-0.90097103152,0.,0.433879246291));
#6339 = ADVANCED_FACE('',(#6340),#6365,.F.);
#6340 = FACE_BOUND('',#6341,.F.);
#6341 = EDGE_LOOP('',(#6342,#6350,#6358,#6364));
#6342 = ORIENTED_EDGE('',*,*,#6343,.F.);
#6343 = EDGE_CURVE('',#6344,#6321,#6346,.T.);
#6344 = VERTEX_POINT('',#6345);
#6345 = CARTESIAN_POINT('',(155.52278952637,258.,602.26829890431));
#6346 = LINE('',#6347,#6348);
#6347 = CARTESIAN_POINT('',(155.52278952637,258.,602.26829890431));
#6348 = VECTOR('',#6349,1.);
#6349 = DIRECTION('',(9.634054582791E-17,1.,2.000557567427E-16));
#6350 = ORIENTED_EDGE('',*,*,#6351,.T.);
#6351 = EDGE_CURVE('',#6344,#6352,#6354,.T.);
#6352 = VERTEX_POINT('',#6353);
#6353 = CARTESIAN_POINT('',(157.03140157716,258.,605.40100406868));
#6354 = LINE('',#6355,#6356);
#6355 = CARTESIAN_POINT('',(154.12441062701,258.,599.3644981575));
#6356 = VECTOR('',#6357,1.);
#6357 = DIRECTION('',(0.433879246291,-2.22044604925E-16,0.90097103152));
#6358 = ORIENTED_EDGE('',*,*,#6359,.T.);
#6359 = EDGE_CURVE('',#6352,#6313,#6360,.T.);
#6360 = LINE('',#6361,#6362);
#6361 = CARTESIAN_POINT('',(157.03140157716,258.,605.40100406868));
#6362 = VECTOR('',#6363,1.);
#6363 = DIRECTION('',(9.634054582791E-17,1.,2.000557567427E-16));
#6364 = ORIENTED_EDGE('',*,*,#6320,.F.);
#6365 = PLANE('',#6366);
#6366 = AXIS2_PLACEMENT_3D('',#6367,#6368,#6369);
#6367 = CARTESIAN_POINT('',(154.12441062701,258.,599.3644981575));
#6368 = DIRECTION('',(-0.90097103152,0.,0.433879246291));
#6369 = DIRECTION('',(9.634054582791E-17,1.,2.000557567427E-16));
#6370 = ADVANCED_FACE('',(#6371),#6389,.F.);
#6371 = FACE_BOUND('',#6372,.F.);
#6372 = EDGE_LOOP('',(#6373,#6381,#6387,#6388));
#6373 = ORIENTED_EDGE('',*,*,#6374,.F.);
#6374 = EDGE_CURVE('',#6375,#6352,#6377,.T.);
#6375 = VERTEX_POINT('',#6376);
#6376 = CARTESIAN_POINT('',(162.52732486943,258.,602.7543406663));
#6377 = LINE('',#6378,#6379);
#6378 = CARTESIAN_POINT('',(162.52732486943,258.,602.7543406663));
#6379 = VECTOR('',#6380,1.);
#6380 = DIRECTION('',(-0.90097103152,0.,0.433879246291));
#6381 = ORIENTED_EDGE('',*,*,#6382,.T.);
#6382 = EDGE_CURVE('',#6375,#6305,#6383,.T.);
#6383 = LINE('',#6384,#6385);
#6384 = CARTESIAN_POINT('',(162.52732486943,258.,602.7543406663));
#6385 = VECTOR('',#6386,1.);
#6386 = DIRECTION('',(9.634054582791E-17,1.,2.000557567427E-16));
#6387 = ORIENTED_EDGE('',*,*,#6312,.T.);
#6388 = ORIENTED_EDGE('',*,*,#6359,.F.);
#6389 = PLANE('',#6390);
#6390 = AXIS2_PLACEMENT_3D('',#6391,#6392,#6393);
#6391 = CARTESIAN_POINT('',(162.52732486943,258.,602.7543406663));
#6392 = DIRECTION('',(0.433879246291,-2.22044604925E-16,0.90097103152));
#6393 = DIRECTION('',(9.634054582791E-17,1.,2.000557567427E-16));
#6394 = ADVANCED_FACE('',(#6395),#6413,.T.);
#6395 = FACE_BOUND('',#6396,.T.);
#6396 = EDGE_LOOP('',(#6397,#6405,#6411,#6412));
#6397 = ORIENTED_EDGE('',*,*,#6398,.F.);
#6398 = EDGE_CURVE('',#6399,#6294,#6401,.T.);
#6399 = VERTEX_POINT('',#6400);
#6400 = CARTESIAN_POINT('',(161.01871281864,258.,599.62163550193));
#6401 = LINE('',#6402,#6403);
#6402 = CARTESIAN_POINT('',(161.01871281864,258.,599.62163550193));
#6403 = VECTOR('',#6404,1.);
#6404 = DIRECTION('',(9.634054582791E-17,1.,2.000557567427E-16));
#6405 = ORIENTED_EDGE('',*,*,#6406,.T.);
#6406 = EDGE_CURVE('',#6399,#6375,#6407,.T.);
#6407 = LINE('',#6408,#6409);
#6408 = CARTESIAN_POINT('',(159.62033391928,258.,596.71783475512));
#6409 = VECTOR('',#6410,1.);
#6410 = DIRECTION('',(0.433879246291,-2.22044604925E-16,0.90097103152));
#6411 = ORIENTED_EDGE('',*,*,#6382,.T.);
#6412 = ORIENTED_EDGE('',*,*,#6304,.F.);
#6413 = PLANE('',#6414);
#6414 = AXIS2_PLACEMENT_3D('',#6415,#6416,#6417);
#6415 = CARTESIAN_POINT('',(159.62033391928,258.,596.71783475512));
#6416 = DIRECTION('',(-0.90097103152,0.,0.433879246291));
#6417 = DIRECTION('',(9.634054582791E-17,1.,2.000557567427E-16));
#6418 = ADVANCED_FACE('',(#6419,#6422),#6443,.F.);
#6419 = FACE_BOUND('',#6420,.T.);
#6420 = EDGE_LOOP('',(#6421));
#6421 = ORIENTED_EDGE('',*,*,#6229,.F.);
#6422 = FACE_BOUND('',#6423,.F.);
#6423 = EDGE_LOOP('',(#6424,#6425,#6426,#6427,#6436));
#6424 = ORIENTED_EDGE('',*,*,#6406,.T.);
#6425 = ORIENTED_EDGE('',*,*,#6374,.T.);
#6426 = ORIENTED_EDGE('',*,*,#6351,.F.);
#6427 = ORIENTED_EDGE('',*,*,#6428,.F.);
#6428 = EDGE_CURVE('',#6429,#6344,#6431,.T.);
#6429 = VERTEX_POINT('',#6430);
#6430 = CARTESIAN_POINT('',(141.71533783021,258.,595.43433755979));
#6431 = CIRCLE('',#6432,12.525);
#6432 = AXIS2_PLACEMENT_3D('',#6433,#6434,#6435);
#6433 = CARTESIAN_POINT('',(153.,258.,590.));
#6434 = DIRECTION('',(9.634054582791E-17,1.,2.000557567427E-16));
#6435 = DIRECTION('',(-0.90097103152,0.,0.433879246291));
#6436 = ORIENTED_EDGE('',*,*,#6437,.F.);
#6437 = EDGE_CURVE('',#6399,#6429,#6438,.T.);
#6438 = CIRCLE('',#6439,12.525);
#6439 = AXIS2_PLACEMENT_3D('',#6440,#6441,#6442);
#6440 = CARTESIAN_POINT('',(153.,258.,590.));
#6441 = DIRECTION('',(9.634054582791E-17,1.,2.000557567427E-16));
#6442 = DIRECTION('',(-0.90097103152,0.,0.433879246291));
#6443 = PLANE('',#6444);
#6444 = AXIS2_PLACEMENT_3D('',#6445,#6446,#6447);
#6445 = CARTESIAN_POINT('',(153.,258.,590.));
#6446 = DIRECTION('',(9.634054582791E-17,1.,2.000557567427E-16));
#6447 = DIRECTION('',(-0.90097103152,0.,0.433879246291));
#6448 = ADVANCED_FACE('',(#6449),#6457,.F.);
#6449 = FACE_BOUND('',#6450,.F.);
#6450 = EDGE_LOOP('',(#6451,#6452,#6453,#6454,#6455,#6456));
#6451 = ORIENTED_EDGE('',*,*,#6343,.T.);
#6452 = ORIENTED_EDGE('',*,*,#6328,.F.);
#6453 = ORIENTED_EDGE('',*,*,#6293,.F.);
#6454 = ORIENTED_EDGE('',*,*,#6398,.F.);
#6455 = ORIENTED_EDGE('',*,*,#6437,.T.);
#6456 = ORIENTED_EDGE('',*,*,#6428,.T.);
#6457 = CYLINDRICAL_SURFACE('',#6458,12.525);
#6458 = AXIS2_PLACEMENT_3D('',#6459,#6460,#6461);
#6459 = CARTESIAN_POINT('',(153.,258.,590.));
#6460 = DIRECTION('',(9.634054582791E-17,1.,2.000557567427E-16));
#6461 = DIRECTION('',(-0.90097103152,0.,0.433879246291));
#6462 = MANIFOLD_SOLID_BREP('',#6463);
#6463 = CLOSED_SHELL('',(#6464,#6562,#6615,#6646,#6671,#6702,#6729,#6753
    ,#6778,#6803,#6841,#6864,#6881));
#6464 = ADVANCED_FACE('',(#6465,#6492),#6557,.T.);
#6465 = FACE_BOUND('',#6466,.T.);
#6466 = EDGE_LOOP('',(#6467,#6477,#6484,#6485));
#6467 = ORIENTED_EDGE('',*,*,#6468,.T.);
#6468 = EDGE_CURVE('',#6469,#6471,#6473,.T.);
#6469 = VERTEX_POINT('',#6470);
#6470 = CARTESIAN_POINT('',(139.,188.,676.167));
#6471 = VERTEX_POINT('',#6472);
#6472 = CARTESIAN_POINT('',(139.,210.,676.167));
#6473 = LINE('',#6474,#6475);
#6474 = CARTESIAN_POINT('',(139.,188.,676.167));
#6475 = VECTOR('',#6476,1.);
#6476 = DIRECTION('',(0.,1.,-2.22044604925E-16));
#6477 = ORIENTED_EDGE('',*,*,#6478,.F.);
#6478 = EDGE_CURVE('',#6471,#6471,#6479,.T.);
#6479 = CIRCLE('',#6480,14.);
#6480 = AXIS2_PLACEMENT_3D('',#6481,#6482,#6483);
#6481 = CARTESIAN_POINT('',(153.,210.,676.167));
#6482 = DIRECTION('',(0.,1.,-2.22044604925E-16));
#6483 = DIRECTION('',(-1.,0.,0.));
#6484 = ORIENTED_EDGE('',*,*,#6468,.F.);
#6485 = ORIENTED_EDGE('',*,*,#6486,.T.);
#6486 = EDGE_CURVE('',#6469,#6469,#6487,.T.);
#6487 = CIRCLE('',#6488,14.);
#6488 = AXIS2_PLACEMENT_3D('',#6489,#6490,#6491);
#6489 = CARTESIAN_POINT('',(153.,188.,676.167));
#6490 = DIRECTION('',(0.,1.,-2.22044604925E-16));
#6491 = DIRECTION('',(-1.,0.,0.));
#6492 = FACE_BOUND('',#6493,.T.);
#6493 = EDGE_LOOP('',(#6494));
#6494 = ORIENTED_EDGE('',*,*,#6495,.F.);
#6495 = EDGE_CURVE('',#6496,#6496,#6498,.T.);
#6496 = VERTEX_POINT('',#6497);
#6497 = CARTESIAN_POINT('',(153.,201.65,690.167));
#6498 = B_SPLINE_CURVE_WITH_KNOTS('',8,(#6499,#6500,#6501,#6502,#6503,
    #6504,#6505,#6506,#6507,#6508,#6509,#6510,#6511,#6512,#6513,#6514,
    #6515,#6516,#6517,#6518,#6519,#6520,#6521,#6522,#6523,#6524,#6525,
    #6526,#6527,#6528,#6529,#6530,#6531,#6532,#6533,#6534,#6535,#6536,
    #6537,#6538,#6539,#6540,#6541,#6542,#6543,#6544,#6545,#6546,#6547,
    #6548,#6549,#6550,#6551,#6552,#6553,#6554,#6555,#6556),
  .UNSPECIFIED.,.T.,.F.,(9,7,7,7,7,7,7,7,9),(0.,0.142543386593,
    0.276791476684,0.444639238229,0.591240051464,0.686339625146,
    0.790949681293,0.892367508952,1.),.UNSPECIFIED.);
#6499 = CARTESIAN_POINT('',(153.,201.65,690.167));
#6500 = CARTESIAN_POINT('',(152.80186434313,201.65,690.167));
#6501 = CARTESIAN_POINT('',(152.60816918905,201.62280874419,
    690.16379521705));
#6502 = CARTESIAN_POINT('',(152.42309945397,201.5705576282,
    690.15763746861));
#6503 = CARTESIAN_POINT('',(152.25027820038,201.49602335576,
    690.14914394461));
#6504 = CARTESIAN_POINT('',(152.09269217174,201.40260685997,
    690.13918712747));
#6505 = CARTESIAN_POINT('',(151.95256086174,201.29430380022,
    690.12870358606));
#6506 = CARTESIAN_POINT('',(151.83116535173,201.17566554906,
    690.11850248891));
#6507 = CARTESIAN_POINT('',(151.63210663329,200.93504489293,
    690.10035087027));
#6508 = CARTESIAN_POINT('',(151.55031369442,200.81124601981,
    690.09212195817));
#6509 = CARTESIAN_POINT('',(151.48289923756,200.68216619176,
    690.08484392651));
#6510 = CARTESIAN_POINT('',(151.42946917329,200.54924345433,
    690.07878808555));
#6511 = CARTESIAN_POINT('',(151.38966910645,200.41364469563,
    690.07413596579));
#6512 = CARTESIAN_POINT('',(151.36322862883,200.27634582173,
    690.07099786966));
#6513 = CARTESIAN_POINT('',(151.35,200.13819926405,690.06942784552));
#6514 = CARTESIAN_POINT('',(151.35,199.82721216291,690.06942784552));
#6515 = CARTESIAN_POINT('',(151.37067840712,199.65448494907,
    690.07188193488));
#6516 = CARTESIAN_POINT('',(151.41201470353,199.4833758998,
    690.07678835597));
#6517 = CARTESIAN_POINT('',(151.474378477,199.31559547843,
    690.08401457258));
#6518 = CARTESIAN_POINT('',(151.55841001507,199.15319314035,
    690.09329037214));
#6519 = CARTESIAN_POINT('',(151.66491158994,198.99875703038,
    690.10414998151));
#6520 = CARTESIAN_POINT('',(151.79468493545,198.85569356409,
    690.11586847743));
#6521 = CARTESIAN_POINT('',(152.08237686733,198.61769409977,
    690.1375425735));
#6522 = CARTESIAN_POINT('',(152.23873265455,198.51558410324,
    690.14784104057));
#6523 = CARTESIAN_POINT('',(152.4149951892,198.43054096106,
    690.15730300884));
#6524 = CARTESIAN_POINT('',(152.60692845138,198.36870203326,
    690.16470537215));
#6525 = CARTESIAN_POINT('',(152.80884786528,198.33411826117,
    690.16894790225));
#6526 = CARTESIAN_POINT('',(153.01433875573,198.32870333957,
    690.16953639943));
#6527 = CARTESIAN_POINT('',(153.21683680417,198.35215504079,
    690.16665916828));
#6528 = CARTESIAN_POINT('',(153.53586224966,198.43406685304,
    690.15730455191));
#6529 = CARTESIAN_POINT('',(153.65849055365,198.47756305056,
    690.15242096099));
#6530 = CARTESIAN_POINT('',(153.77703779851,198.53201929917,
    690.14647158145));
#6531 = CARTESIAN_POINT('',(153.89037102928,198.59698577162,
    690.13965699677));
#6532 = CARTESIAN_POINT('',(153.99741721129,198.67187358636,
    690.13222883528));
#6533 = CARTESIAN_POINT('',(154.097177411,198.75596144439,
    690.12447273336));
#6534 = CARTESIAN_POINT('',(154.18874770977,198.84840520735,
    690.11668667144));
#6535 = CARTESIAN_POINT('',(154.36220636154,199.05808069873,
    690.10086945268));
#6536 = CARTESIAN_POINT('',(154.44223716489,199.17690050743,
    690.09288949616));
#6537 = CARTESIAN_POINT('',(154.51037894884,199.30343654508,
    690.08559371508));
#6538 = CARTESIAN_POINT('',(154.56577519116,199.43629212927,
    690.07934310574));
#6539 = CARTESIAN_POINT('',(154.60777236547,199.57396825573,
    690.07443984464));
#6540 = CARTESIAN_POINT('',(154.63592405876,199.7148904705,
    690.07109828242));
#6541 = CARTESIAN_POINT('',(154.65,199.85744155155,690.06942784552));
#6542 = CARTESIAN_POINT('',(154.65,200.13820820567,690.06942784552));
#6543 = CARTESIAN_POINT('',(154.63676967381,200.27635693501,
    690.07099807006));
#6544 = CARTESIAN_POINT('',(154.61032800456,200.41365181904,
    690.07413631085));
#6545 = CARTESIAN_POINT('',(154.57052917923,200.54924251495,
    690.07878826136));
#6546 = CARTESIAN_POINT('',(154.51710325987,200.68215672265,
    690.08484359775));
#6547 = CARTESIAN_POINT('',(154.44969399733,200.81123190437,
    690.09212110838));
#6548 = CARTESIAN_POINT('',(154.3679026726,200.93503364403,
    690.10035002169));
#6549 = CARTESIAN_POINT('',(154.16887429827,201.17561762043,
    690.11849887333));
#6550 = CARTESIAN_POINT('',(154.04748334397,201.29427213461,
    690.12870022575));
#6551 = CARTESIAN_POINT('',(153.90732230003,201.40261242543,
    690.13918699907));
#6552 = CARTESIAN_POINT('',(153.74968525211,201.49605813685,
    690.14914750588));
#6553 = CARTESIAN_POINT('',(153.57681290783,201.57059885146,
    690.15764233387));
#6554 = CARTESIAN_POINT('',(153.39171736002,201.62283334064,
    690.16379811486));
#6555 = CARTESIAN_POINT('',(153.19804602301,201.65,690.167));
#6556 = CARTESIAN_POINT('',(153.,201.65,690.167));
#6557 = CYLINDRICAL_SURFACE('',#6558,14.);
#6558 = AXIS2_PLACEMENT_3D('',#6559,#6560,#6561);
#6559 = CARTESIAN_POINT('',(153.,188.,676.167));
#6560 = DIRECTION('',(0.,1.,-2.22044604925E-16));
#6561 = DIRECTION('',(-1.,0.,0.));
#6562 = ADVANCED_FACE('',(#6563,#6566),#6610,.F.);
#6563 = FACE_BOUND('',#6564,.F.);
#6564 = EDGE_LOOP('',(#6565));
#6565 = ORIENTED_EDGE('',*,*,#6486,.T.);
#6566 = FACE_BOUND('',#6567,.F.);
#6567 = EDGE_LOOP('',(#6568,#6579,#6587,#6595,#6603));
#6568 = ORIENTED_EDGE('',*,*,#6569,.F.);
#6569 = EDGE_CURVE('',#6570,#6572,#6574,.T.);
#6570 = VERTEX_POINT('',#6571);
#6571 = CARTESIAN_POINT('',(155.05,188.,681.83252071746));
#6572 = VERTEX_POINT('',#6573);
#6573 = CARTESIAN_POINT('',(146.975,188.,676.167));
#6574 = CIRCLE('',#6575,6.025);
#6575 = AXIS2_PLACEMENT_3D('',#6576,#6577,#6578);
#6576 = CARTESIAN_POINT('',(153.,188.,676.167));
#6577 = DIRECTION('',(0.,1.,-2.22044604925E-16));
#6578 = DIRECTION('',(-1.,0.,0.));
#6579 = ORIENTED_EDGE('',*,*,#6580,.T.);
#6580 = EDGE_CURVE('',#6570,#6581,#6583,.T.);
#6581 = VERTEX_POINT('',#6582);
#6582 = CARTESIAN_POINT('',(155.05,188.,684.192));
#6583 = LINE('',#6584,#6585);
#6584 = CARTESIAN_POINT('',(155.05,188.,679.592));
#6585 = VECTOR('',#6586,1.);
#6586 = DIRECTION('',(0.,2.22044604925E-16,1.));
#6587 = ORIENTED_EDGE('',*,*,#6588,.T.);
#6588 = EDGE_CURVE('',#6581,#6589,#6591,.T.);
#6589 = VERTEX_POINT('',#6590);
#6590 = CARTESIAN_POINT('',(150.95,188.,684.192));
#6591 = LINE('',#6592,#6593);
#6592 = CARTESIAN_POINT('',(155.05,188.,684.192));
#6593 = VECTOR('',#6594,1.);
#6594 = DIRECTION('',(-1.,0.,0.));
#6595 = ORIENTED_EDGE('',*,*,#6596,.F.);
#6596 = EDGE_CURVE('',#6597,#6589,#6599,.T.);
#6597 = VERTEX_POINT('',#6598);
#6598 = CARTESIAN_POINT('',(150.95,188.,681.83252071746));
#6599 = LINE('',#6600,#6601);
#6600 = CARTESIAN_POINT('',(150.95,188.,679.592));
#6601 = VECTOR('',#6602,1.);
#6602 = DIRECTION('',(0.,2.22044604925E-16,1.));
#6603 = ORIENTED_EDGE('',*,*,#6604,.F.);
#6604 = EDGE_CURVE('',#6572,#6597,#6605,.T.);
#6605 = CIRCLE('',#6606,6.025);
#6606 = AXIS2_PLACEMENT_3D('',#6607,#6608,#6609);
#6607 = CARTESIAN_POINT('',(153.,188.,676.167));
#6608 = DIRECTION('',(0.,1.,-2.22044604925E-16));
#6609 = DIRECTION('',(-1.,0.,0.));
#6610 = PLANE('',#6611);
#6611 = AXIS2_PLACEMENT_3D('',#6612,#6613,#6614);
#6612 = CARTESIAN_POINT('',(153.,188.,676.167));
#6613 = DIRECTION('',(0.,1.,-2.22044604925E-16));
#6614 = DIRECTION('',(-1.,0.,0.));
#6615 = ADVANCED_FACE('',(#6616,#6627,#6630),#6641,.F.);
#6616 = FACE_BOUND('',#6617,.F.);
#6617 = EDGE_LOOP('',(#6618));
#6618 = ORIENTED_EDGE('',*,*,#6619,.T.);
#6619 = EDGE_CURVE('',#6620,#6620,#6622,.T.);
#6620 = VERTEX_POINT('',#6621);
#6621 = CARTESIAN_POINT('',(130.,210.,676.167));
#6622 = CIRCLE('',#6623,23.);
#6623 = AXIS2_PLACEMENT_3D('',#6624,#6625,#6626);
#6624 = CARTESIAN_POINT('',(153.,210.,676.167));
#6625 = DIRECTION('',(0.,1.,-2.22044604925E-16));
#6626 = DIRECTION('',(-1.,0.,0.));
#6627 = FACE_BOUND('',#6628,.F.);
#6628 = EDGE_LOOP('',(#6629));
#6629 = ORIENTED_EDGE('',*,*,#6478,.F.);
#6630 = FACE_BOUND('',#6631,.F.);
#6631 = EDGE_LOOP('',(#6632));
#6632 = ORIENTED_EDGE('',*,*,#6633,.F.);
#6633 = EDGE_CURVE('',#6634,#6634,#6636,.T.);
#6634 = VERTEX_POINT('',#6635);
#6635 = CARTESIAN_POINT('',(135.45,210.,676.167));
#6636 = CIRCLE('',#6637,1.55);
#6637 = AXIS2_PLACEMENT_3D('',#6638,#6639,#6640);
#6638 = CARTESIAN_POINT('',(137.,210.,676.167));
#6639 = DIRECTION('',(0.,1.,-2.22044604925E-16));
#6640 = DIRECTION('',(-1.,0.,0.));
#6641 = PLANE('',#6642);
#6642 = AXIS2_PLACEMENT_3D('',#6643,#6644,#6645);
#6643 = CARTESIAN_POINT('',(153.,210.,676.167));
#6644 = DIRECTION('',(0.,1.,-2.22044604925E-16));
#6645 = DIRECTION('',(-1.,0.,0.));
#6646 = ADVANCED_FACE('',(#6647),#6666,.F.);
#6647 = FACE_BOUND('',#6648,.F.);
#6648 = EDGE_LOOP('',(#6649,#6650,#6658,#6665));
#6649 = ORIENTED_EDGE('',*,*,#6495,.F.);
#6650 = ORIENTED_EDGE('',*,*,#6651,.F.);
#6651 = EDGE_CURVE('',#6652,#6496,#6654,.T.);
#6652 = VERTEX_POINT('',#6653);
#6653 = CARTESIAN_POINT('',(153.,201.65,684.192));
#6654 = LINE('',#6655,#6656);
#6655 = CARTESIAN_POINT('',(153.,201.65,676.167));
#6656 = VECTOR('',#6657,1.);
#6657 = DIRECTION('',(0.,2.22044604925E-16,1.));
#6658 = ORIENTED_EDGE('',*,*,#6659,.T.);
#6659 = EDGE_CURVE('',#6652,#6652,#6660,.T.);
#6660 = CIRCLE('',#6661,1.65);
#6661 = AXIS2_PLACEMENT_3D('',#6662,#6663,#6664);
#6662 = CARTESIAN_POINT('',(153.,200.,684.192));
#6663 = DIRECTION('',(0.,2.22044604925E-16,1.));
#6664 = DIRECTION('',(0.,1.,-2.22044604925E-16));
#6665 = ORIENTED_EDGE('',*,*,#6651,.T.);
#6666 = CYLINDRICAL_SURFACE('',#6667,1.65);
#6667 = AXIS2_PLACEMENT_3D('',#6668,#6669,#6670);
#6668 = CARTESIAN_POINT('',(153.,200.,676.167));
#6669 = DIRECTION('',(0.,2.22044604925E-16,1.));
#6670 = DIRECTION('',(0.,1.,-2.22044604925E-16));
#6671 = ADVANCED_FACE('',(#6672),#6697,.F.);
#6672 = FACE_BOUND('',#6673,.F.);
#6673 = EDGE_LOOP('',(#6674,#6682,#6683,#6691));
#6674 = ORIENTED_EDGE('',*,*,#6675,.F.);
#6675 = EDGE_CURVE('',#6597,#6676,#6678,.T.);
#6676 = VERTEX_POINT('',#6677);
#6677 = CARTESIAN_POINT('',(150.95,218.,681.83252071746));
#6678 = LINE('',#6679,#6680);
#6679 = CARTESIAN_POINT('',(150.95,188.,681.83252071746));
#6680 = VECTOR('',#6681,1.);
#6681 = DIRECTION('',(0.,1.,-2.22044604925E-16));
#6682 = ORIENTED_EDGE('',*,*,#6596,.T.);
#6683 = ORIENTED_EDGE('',*,*,#6684,.T.);
#6684 = EDGE_CURVE('',#6589,#6685,#6687,.T.);
#6685 = VERTEX_POINT('',#6686);
#6686 = CARTESIAN_POINT('',(150.95,218.,684.192));
#6687 = LINE('',#6688,#6689);
#6688 = CARTESIAN_POINT('',(150.95,188.,684.192));
#6689 = VECTOR('',#6690,1.);
#6690 = DIRECTION('',(0.,1.,-2.22044604925E-16));
#6691 = ORIENTED_EDGE('',*,*,#6692,.F.);
#6692 = EDGE_CURVE('',#6676,#6685,#6693,.T.);
#6693 = LINE('',#6694,#6695);
#6694 = CARTESIAN_POINT('',(150.95,218.,679.592));
#6695 = VECTOR('',#6696,1.);
#6696 = DIRECTION('',(0.,2.22044604925E-16,1.));
#6697 = PLANE('',#6698);
#6698 = AXIS2_PLACEMENT_3D('',#6699,#6700,#6701);
#6699 = CARTESIAN_POINT('',(150.95,188.,679.592));
#6700 = DIRECTION('',(-1.,0.,0.));
#6701 = DIRECTION('',(0.,1.,-2.22044604925E-16));
#6702 = ADVANCED_FACE('',(#6703,#6721),#6724,.F.);
#6703 = FACE_BOUND('',#6704,.F.);
#6704 = EDGE_LOOP('',(#6705,#6706,#6714,#6720));
#6705 = ORIENTED_EDGE('',*,*,#6588,.F.);
#6706 = ORIENTED_EDGE('',*,*,#6707,.T.);
#6707 = EDGE_CURVE('',#6581,#6708,#6710,.T.);
#6708 = VERTEX_POINT('',#6709);
#6709 = CARTESIAN_POINT('',(155.05,218.,684.192));
#6710 = LINE('',#6711,#6712);
#6711 = CARTESIAN_POINT('',(155.05,188.,684.192));
#6712 = VECTOR('',#6713,1.);
#6713 = DIRECTION('',(0.,1.,-2.22044604925E-16));
#6714 = ORIENTED_EDGE('',*,*,#6715,.T.);
#6715 = EDGE_CURVE('',#6708,#6685,#6716,.T.);
#6716 = LINE('',#6717,#6718);
#6717 = CARTESIAN_POINT('',(155.05,218.,684.192));
#6718 = VECTOR('',#6719,1.);
#6719 = DIRECTION('',(-1.,0.,0.));
#6720 = ORIENTED_EDGE('',*,*,#6684,.F.);
#6721 = FACE_BOUND('',#6722,.F.);
#6722 = EDGE_LOOP('',(#6723));
#6723 = ORIENTED_EDGE('',*,*,#6659,.F.);
#6724 = PLANE('',#6725);
#6725 = AXIS2_PLACEMENT_3D('',#6726,#6727,#6728);
#6726 = CARTESIAN_POINT('',(155.05,188.,684.192));
#6727 = DIRECTION('',(0.,2.22044604925E-16,1.));
#6728 = DIRECTION('',(0.,1.,-2.22044604925E-16));
#6729 = ADVANCED_FACE('',(#6730),#6748,.T.);
#6730 = FACE_BOUND('',#6731,.T.);
#6731 = EDGE_LOOP('',(#6732,#6740,#6741,#6742));
#6732 = ORIENTED_EDGE('',*,*,#6733,.F.);
#6733 = EDGE_CURVE('',#6570,#6734,#6736,.T.);
#6734 = VERTEX_POINT('',#6735);
#6735 = CARTESIAN_POINT('',(155.05,218.,681.83252071746));
#6736 = LINE('',#6737,#6738);
#6737 = CARTESIAN_POINT('',(155.05,188.,681.83252071746));
#6738 = VECTOR('',#6739,1.);
#6739 = DIRECTION('',(0.,1.,-2.22044604925E-16));
#6740 = ORIENTED_EDGE('',*,*,#6580,.T.);
#6741 = ORIENTED_EDGE('',*,*,#6707,.T.);
#6742 = ORIENTED_EDGE('',*,*,#6743,.F.);
#6743 = EDGE_CURVE('',#6734,#6708,#6744,.T.);
#6744 = LINE('',#6745,#6746);
#6745 = CARTESIAN_POINT('',(155.05,218.,679.592));
#6746 = VECTOR('',#6747,1.);
#6747 = DIRECTION('',(0.,2.22044604925E-16,1.));
#6748 = PLANE('',#6749);
#6749 = AXIS2_PLACEMENT_3D('',#6750,#6751,#6752);
#6750 = CARTESIAN_POINT('',(155.05,188.,679.592));
#6751 = DIRECTION('',(-1.,0.,0.));
#6752 = DIRECTION('',(0.,1.,-2.22044604925E-16));
#6753 = ADVANCED_FACE('',(#6754),#6773,.T.);
#6754 = FACE_BOUND('',#6755,.T.);
#6755 = EDGE_LOOP('',(#6756,#6765,#6771,#6772));
#6756 = ORIENTED_EDGE('',*,*,#6757,.F.);
#6757 = EDGE_CURVE('',#6758,#6758,#6760,.T.);
#6758 = VERTEX_POINT('',#6759);
#6759 = CARTESIAN_POINT('',(130.,214.,676.167));
#6760 = CIRCLE('',#6761,23.);
#6761 = AXIS2_PLACEMENT_3D('',#6762,#6763,#6764);
#6762 = CARTESIAN_POINT('',(153.,214.,676.167));
#6763 = DIRECTION('',(0.,1.,-2.22044604925E-16));
#6764 = DIRECTION('',(-1.,0.,0.));
#6765 = ORIENTED_EDGE('',*,*,#6766,.F.);
#6766 = EDGE_CURVE('',#6620,#6758,#6767,.T.);
#6767 = LINE('',#6768,#6769);
#6768 = CARTESIAN_POINT('',(130.,210.,676.167));
#6769 = VECTOR('',#6770,1.);
#6770 = DIRECTION('',(0.,1.,-2.22044604925E-16));
#6771 = ORIENTED_EDGE('',*,*,#6619,.T.);
#6772 = ORIENTED_EDGE('',*,*,#6766,.T.);
#6773 = CYLINDRICAL_SURFACE('',#6774,23.);
#6774 = AXIS2_PLACEMENT_3D('',#6775,#6776,#6777);
#6775 = CARTESIAN_POINT('',(153.,210.,676.167));
#6776 = DIRECTION('',(0.,1.,-2.22044604925E-16));
#6777 = DIRECTION('',(-1.,0.,0.));
#6778 = ADVANCED_FACE('',(#6779),#6798,.F.);
#6779 = FACE_BOUND('',#6780,.F.);
#6780 = EDGE_LOOP('',(#6781,#6790,#6796,#6797));
#6781 = ORIENTED_EDGE('',*,*,#6782,.F.);
#6782 = EDGE_CURVE('',#6783,#6783,#6785,.T.);
#6783 = VERTEX_POINT('',#6784);
#6784 = CARTESIAN_POINT('',(135.45,214.,676.167));
#6785 = CIRCLE('',#6786,1.55);
#6786 = AXIS2_PLACEMENT_3D('',#6787,#6788,#6789);
#6787 = CARTESIAN_POINT('',(137.,214.,676.167));
#6788 = DIRECTION('',(0.,1.,-2.22044604925E-16));
#6789 = DIRECTION('',(-1.,0.,0.));
#6790 = ORIENTED_EDGE('',*,*,#6791,.F.);
#6791 = EDGE_CURVE('',#6634,#6783,#6792,.T.);
#6792 = LINE('',#6793,#6794);
#6793 = CARTESIAN_POINT('',(135.45,210.,676.167));
#6794 = VECTOR('',#6795,1.);
#6795 = DIRECTION('',(0.,1.,-2.22044604925E-16));
#6796 = ORIENTED_EDGE('',*,*,#6633,.T.);
#6797 = ORIENTED_EDGE('',*,*,#6791,.T.);
#6798 = CYLINDRICAL_SURFACE('',#6799,1.55);
#6799 = AXIS2_PLACEMENT_3D('',#6800,#6801,#6802);
#6800 = CARTESIAN_POINT('',(137.,210.,676.167));
#6801 = DIRECTION('',(0.,1.,-2.22044604925E-16));
#6802 = DIRECTION('',(-1.,0.,0.));
#6803 = ADVANCED_FACE('',(#6804,#6815),#6836,.T.);
#6804 = FACE_BOUND('',#6805,.T.);
#6805 = EDGE_LOOP('',(#6806));
#6806 = ORIENTED_EDGE('',*,*,#6807,.T.);
#6807 = EDGE_CURVE('',#6808,#6808,#6810,.T.);
#6808 = VERTEX_POINT('',#6809);
#6809 = CARTESIAN_POINT('',(143.,218.,676.167));
#6810 = CIRCLE('',#6811,10.);
#6811 = AXIS2_PLACEMENT_3D('',#6812,#6813,#6814);
#6812 = CARTESIAN_POINT('',(153.,218.,676.167));
#6813 = DIRECTION('',(0.,1.,-2.22044604925E-16));
#6814 = DIRECTION('',(-1.,0.,0.));
#6815 = FACE_BOUND('',#6816,.T.);
#6816 = EDGE_LOOP('',(#6817,#6826,#6827,#6828,#6829));
#6817 = ORIENTED_EDGE('',*,*,#6818,.F.);
#6818 = EDGE_CURVE('',#6734,#6819,#6821,.T.);
#6819 = VERTEX_POINT('',#6820);
#6820 = CARTESIAN_POINT('',(146.975,218.,676.167));
#6821 = CIRCLE('',#6822,6.025);
#6822 = AXIS2_PLACEMENT_3D('',#6823,#6824,#6825);
#6823 = CARTESIAN_POINT('',(153.,218.,676.167));
#6824 = DIRECTION('',(0.,1.,-2.22044604925E-16));
#6825 = DIRECTION('',(-1.,0.,0.));
#6826 = ORIENTED_EDGE('',*,*,#6743,.T.);
#6827 = ORIENTED_EDGE('',*,*,#6715,.T.);
#6828 = ORIENTED_EDGE('',*,*,#6692,.F.);
#6829 = ORIENTED_EDGE('',*,*,#6830,.F.);
#6830 = EDGE_CURVE('',#6819,#6676,#6831,.T.);
#6831 = CIRCLE('',#6832,6.025);
#6832 = AXIS2_PLACEMENT_3D('',#6833,#6834,#6835);
#6833 = CARTESIAN_POINT('',(153.,218.,676.167));
#6834 = DIRECTION('',(0.,1.,-2.22044604925E-16));
#6835 = DIRECTION('',(-1.,0.,0.));
#6836 = PLANE('',#6837);
#6837 = AXIS2_PLACEMENT_3D('',#6838,#6839,#6840);
#6838 = CARTESIAN_POINT('',(153.,218.,676.167));
#6839 = DIRECTION('',(0.,1.,-2.22044604925E-16));
#6840 = DIRECTION('',(-1.,0.,0.));
#6841 = ADVANCED_FACE('',(#6842,#6845,#6856),#6859,.T.);
#6842 = FACE_BOUND('',#6843,.T.);
#6843 = EDGE_LOOP('',(#6844));
#6844 = ORIENTED_EDGE('',*,*,#6757,.T.);
#6845 = FACE_BOUND('',#6846,.T.);
#6846 = EDGE_LOOP('',(#6847));
#6847 = ORIENTED_EDGE('',*,*,#6848,.F.);
#6848 = EDGE_CURVE('',#6849,#6849,#6851,.T.);
#6849 = VERTEX_POINT('',#6850);
#6850 = CARTESIAN_POINT('',(143.,214.,676.167));
#6851 = CIRCLE('',#6852,10.);
#6852 = AXIS2_PLACEMENT_3D('',#6853,#6854,#6855);
#6853 = CARTESIAN_POINT('',(153.,214.,676.167));
#6854 = DIRECTION('',(0.,1.,-2.22044604925E-16));
#6855 = DIRECTION('',(-1.,0.,0.));
#6856 = FACE_BOUND('',#6857,.T.);
#6857 = EDGE_LOOP('',(#6858));
#6858 = ORIENTED_EDGE('',*,*,#6782,.F.);
#6859 = PLANE('',#6860);
#6860 = AXIS2_PLACEMENT_3D('',#6861,#6862,#6863);
#6861 = CARTESIAN_POINT('',(153.,214.,676.167));
#6862 = DIRECTION('',(0.,1.,-2.22044604925E-16));
#6863 = DIRECTION('',(-1.,0.,0.));
#6864 = ADVANCED_FACE('',(#6865),#6876,.T.);
#6865 = FACE_BOUND('',#6866,.T.);
#6866 = EDGE_LOOP('',(#6867,#6868,#6874,#6875));
#6867 = ORIENTED_EDGE('',*,*,#6807,.F.);
#6868 = ORIENTED_EDGE('',*,*,#6869,.F.);
#6869 = EDGE_CURVE('',#6849,#6808,#6870,.T.);
#6870 = LINE('',#6871,#6872);
#6871 = CARTESIAN_POINT('',(143.,214.,676.167));
#6872 = VECTOR('',#6873,1.);
#6873 = DIRECTION('',(0.,1.,-2.22044604925E-16));
#6874 = ORIENTED_EDGE('',*,*,#6848,.T.);
#6875 = ORIENTED_EDGE('',*,*,#6869,.T.);
#6876 = CYLINDRICAL_SURFACE('',#6877,10.);
#6877 = AXIS2_PLACEMENT_3D('',#6878,#6879,#6880);
#6878 = CARTESIAN_POINT('',(153.,214.,676.167));
#6879 = DIRECTION('',(0.,1.,-2.22044604925E-16));
#6880 = DIRECTION('',(-1.,0.,0.));
#6881 = ADVANCED_FACE('',(#6882),#6890,.F.);
#6882 = FACE_BOUND('',#6883,.F.);
#6883 = EDGE_LOOP('',(#6884,#6885,#6886,#6887,#6888,#6889));
#6884 = ORIENTED_EDGE('',*,*,#6675,.T.);
#6885 = ORIENTED_EDGE('',*,*,#6830,.F.);
#6886 = ORIENTED_EDGE('',*,*,#6818,.F.);
#6887 = ORIENTED_EDGE('',*,*,#6733,.F.);
#6888 = ORIENTED_EDGE('',*,*,#6569,.T.);
#6889 = ORIENTED_EDGE('',*,*,#6604,.T.);
#6890 = CYLINDRICAL_SURFACE('',#6891,6.025);
#6891 = AXIS2_PLACEMENT_3D('',#6892,#6893,#6894);
#6892 = CARTESIAN_POINT('',(153.,188.,676.167));
#6893 = DIRECTION('',(0.,1.,-2.22044604925E-16));
#6894 = DIRECTION('',(-1.,0.,0.));
#6895 = MANIFOLD_SOLID_BREP('',#6896);
#6896 = CLOSED_SHELL('',(#6897,#6930,#6961,#6992,#7082,#7099,#7124,#7177
    ,#7202,#7255,#7277,#7297,#7314));
#6897 = ADVANCED_FACE('',(#6898),#6925,.T.);
#6898 = FACE_BOUND('',#6899,.T.);
#6899 = EDGE_LOOP('',(#6900,#6909,#6917,#6924));
#6900 = ORIENTED_EDGE('',*,*,#6901,.F.);
#6901 = EDGE_CURVE('',#6902,#6902,#6904,.T.);
#6902 = VERTEX_POINT('',#6903);
#6903 = CARTESIAN_POINT('',(130.,218.4,676.167));
#6904 = CIRCLE('',#6905,23.);
#6905 = AXIS2_PLACEMENT_3D('',#6906,#6907,#6908);
#6906 = CARTESIAN_POINT('',(153.,218.4,676.167));
#6907 = DIRECTION('',(0.,1.,-2.22044604925E-16));
#6908 = DIRECTION('',(-1.,0.,0.));
#6909 = ORIENTED_EDGE('',*,*,#6910,.F.);
#6910 = EDGE_CURVE('',#6911,#6902,#6913,.T.);
#6911 = VERTEX_POINT('',#6912);
#6912 = CARTESIAN_POINT('',(130.,214.4,676.167));
#6913 = LINE('',#6914,#6915);
#6914 = CARTESIAN_POINT('',(130.,214.4,676.167));
#6915 = VECTOR('',#6916,1.);
#6916 = DIRECTION('',(0.,1.,-2.22044604925E-16));
#6917 = ORIENTED_EDGE('',*,*,#6918,.T.);
#6918 = EDGE_CURVE('',#6911,#6911,#6919,.T.);
#6919 = CIRCLE('',#6920,23.);
#6920 = AXIS2_PLACEMENT_3D('',#6921,#6922,#6923);
#6921 = CARTESIAN_POINT('',(153.,214.4,676.167));
#6922 = DIRECTION('',(0.,1.,-2.22044604925E-16));
#6923 = DIRECTION('',(-1.,0.,0.));
#6924 = ORIENTED_EDGE('',*,*,#6910,.T.);
#6925 = CYLINDRICAL_SURFACE('',#6926,23.);
#6926 = AXIS2_PLACEMENT_3D('',#6927,#6928,#6929);
#6927 = CARTESIAN_POINT('',(153.,214.4,676.167));
#6928 = DIRECTION('',(0.,1.,-2.22044604925E-16));
#6929 = DIRECTION('',(-1.,0.,0.));
#6930 = ADVANCED_FACE('',(#6931,#6934,#6945),#6956,.T.);
#6931 = FACE_BOUND('',#6932,.T.);
#6932 = EDGE_LOOP('',(#6933));
#6933 = ORIENTED_EDGE('',*,*,#6901,.T.);
#6934 = FACE_BOUND('',#6935,.T.);
#6935 = EDGE_LOOP('',(#6936));
#6936 = ORIENTED_EDGE('',*,*,#6937,.F.);
#6937 = EDGE_CURVE('',#6938,#6938,#6940,.T.);
#6938 = VERTEX_POINT('',#6939);
#6939 = CARTESIAN_POINT('',(139.,218.4,676.167));
#6940 = CIRCLE('',#6941,14.);
#6941 = AXIS2_PLACEMENT_3D('',#6942,#6943,#6944);
#6942 = CARTESIAN_POINT('',(153.,218.4,676.167));
#6943 = DIRECTION('',(0.,1.,-2.22044604925E-16));
#6944 = DIRECTION('',(-1.,0.,0.));
#6945 = FACE_BOUND('',#6946,.T.);
#6946 = EDGE_LOOP('',(#6947));
#6947 = ORIENTED_EDGE('',*,*,#6948,.F.);
#6948 = EDGE_CURVE('',#6949,#6949,#6951,.T.);
#6949 = VERTEX_POINT('',#6950);
#6950 = CARTESIAN_POINT('',(135.45,218.4,676.167));
#6951 = CIRCLE('',#6952,1.55);
#6952 = AXIS2_PLACEMENT_3D('',#6953,#6954,#6955);
#6953 = CARTESIAN_POINT('',(137.,218.4,676.167));
#6954 = DIRECTION('',(0.,1.,-2.22044604925E-16));
#6955 = DIRECTION('',(-1.,0.,0.));
#6956 = PLANE('',#6957);
#6957 = AXIS2_PLACEMENT_3D('',#6958,#6959,#6960);
#6958 = CARTESIAN_POINT('',(153.,218.4,676.167));
#6959 = DIRECTION('',(0.,1.,-2.22044604925E-16));
#6960 = DIRECTION('',(-1.,0.,0.));
#6961 = ADVANCED_FACE('',(#6962,#6965,#6976),#6987,.F.);
#6962 = FACE_BOUND('',#6963,.F.);
#6963 = EDGE_LOOP('',(#6964));
#6964 = ORIENTED_EDGE('',*,*,#6918,.T.);
#6965 = FACE_BOUND('',#6966,.F.);
#6966 = EDGE_LOOP('',(#6967));
#6967 = ORIENTED_EDGE('',*,*,#6968,.F.);
#6968 = EDGE_CURVE('',#6969,#6969,#6971,.T.);
#6969 = VERTEX_POINT('',#6970);
#6970 = CARTESIAN_POINT('',(142.95,214.4,676.167));
#6971 = CIRCLE('',#6972,10.05);
#6972 = AXIS2_PLACEMENT_3D('',#6973,#6974,#6975);
#6973 = CARTESIAN_POINT('',(153.,214.4,676.167));
#6974 = DIRECTION('',(0.,1.,-2.22044604925E-16));
#6975 = DIRECTION('',(-1.,0.,0.));
#6976 = FACE_BOUND('',#6977,.F.);
#6977 = EDGE_LOOP('',(#6978));
#6978 = ORIENTED_EDGE('',*,*,#6979,.F.);
#6979 = EDGE_CURVE('',#6980,#6980,#6982,.T.);
#6980 = VERTEX_POINT('',#6981);
#6981 = CARTESIAN_POINT('',(135.45,214.4,676.167));
#6982 = CIRCLE('',#6983,1.55);
#6983 = AXIS2_PLACEMENT_3D('',#6984,#6985,#6986);
#6984 = CARTESIAN_POINT('',(137.,214.4,676.167));
#6985 = DIRECTION('',(0.,1.,-2.22044604925E-16));
#6986 = DIRECTION('',(-1.,0.,0.));
#6987 = PLANE('',#6988);
#6988 = AXIS2_PLACEMENT_3D('',#6989,#6990,#6991);
#6989 = CARTESIAN_POINT('',(153.,214.4,676.167));
#6990 = DIRECTION('',(0.,1.,-2.22044604925E-16));
#6991 = DIRECTION('',(-1.,0.,0.));
#6992 = ADVANCED_FACE('',(#6993,#7012),#7077,.T.);
#6993 = FACE_BOUND('',#6994,.T.);
#6994 = EDGE_LOOP('',(#6995,#7003,#7010,#7011));
#6995 = ORIENTED_EDGE('',*,*,#6996,.T.);
#6996 = EDGE_CURVE('',#6938,#6997,#6999,.T.);
#6997 = VERTEX_POINT('',#6998);
#6998 = CARTESIAN_POINT('',(139.,240.4,676.167));
#6999 = LINE('',#7000,#7001);
#7000 = CARTESIAN_POINT('',(139.,218.4,676.167));
#7001 = VECTOR('',#7002,1.);
#7002 = DIRECTION('',(0.,1.,-2.22044604925E-16));
#7003 = ORIENTED_EDGE('',*,*,#7004,.F.);
#7004 = EDGE_CURVE('',#6997,#6997,#7005,.T.);
#7005 = CIRCLE('',#7006,14.);
#7006 = AXIS2_PLACEMENT_3D('',#7007,#7008,#7009);
#7007 = CARTESIAN_POINT('',(153.,240.4,676.167));
#7008 = DIRECTION('',(0.,1.,-2.22044604925E-16));
#7009 = DIRECTION('',(-1.,0.,0.));
#7010 = ORIENTED_EDGE('',*,*,#6996,.F.);
#7011 = ORIENTED_EDGE('',*,*,#6937,.T.);
#7012 = FACE_BOUND('',#7013,.T.);
#7013 = EDGE_LOOP('',(#7014));
#7014 = ORIENTED_EDGE('',*,*,#7015,.F.);
#7015 = EDGE_CURVE('',#7016,#7016,#7018,.T.);
#7016 = VERTEX_POINT('',#7017);
#7017 = CARTESIAN_POINT('',(153.,230.05,690.167));
#7018 = B_SPLINE_CURVE_WITH_KNOTS('',8,(#7019,#7020,#7021,#7022,#7023,
    #7024,#7025,#7026,#7027,#7028,#7029,#7030,#7031,#7032,#7033,#7034,
    #7035,#7036,#7037,#7038,#7039,#7040,#7041,#7042,#7043,#7044,#7045,
    #7046,#7047,#7048,#7049,#7050,#7051,#7052,#7053,#7054,#7055,#7056,
    #7057,#7058,#7059,#7060,#7061,#7062,#7063,#7064,#7065,#7066,#7067,
    #7068,#7069,#7070,#7071,#7072,#7073,#7074,#7075,#7076),
  .UNSPECIFIED.,.T.,.F.,(9,7,7,7,7,7,7,7,9),(0.,0.142543386592,
    0.276791476681,0.444639238224,0.591240051458,0.686339625139,
    0.790949681286,0.892367508944,1.),.UNSPECIFIED.);
#7019 = CARTESIAN_POINT('',(153.,230.05,690.167));
#7020 = CARTESIAN_POINT('',(152.80186434313,230.05,690.167));
#7021 = CARTESIAN_POINT('',(152.60816918905,230.02280874419,
    690.16379521705));
#7022 = CARTESIAN_POINT('',(152.42309945396,229.9705576282,
    690.15763746861));
#7023 = CARTESIAN_POINT('',(152.25027820038,229.89602335576,
    690.14914394461));
#7024 = CARTESIAN_POINT('',(152.09269217174,229.80260685997,
    690.13918712747));
#7025 = CARTESIAN_POINT('',(151.95256086174,229.69430380022,
    690.12870358606));
#7026 = CARTESIAN_POINT('',(151.83116535173,229.57566554906,
    690.11850248891));
#7027 = CARTESIAN_POINT('',(151.63210663329,229.33504489293,
    690.10035087027));
#7028 = CARTESIAN_POINT('',(151.55031369442,229.21124601981,
    690.09212195817));
#7029 = CARTESIAN_POINT('',(151.48289923756,229.08216619176,
    690.08484392651));
#7030 = CARTESIAN_POINT('',(151.42946917329,228.94924345433,
    690.07878808555));
#7031 = CARTESIAN_POINT('',(151.38966910645,228.81364469563,
    690.07413596579));
#7032 = CARTESIAN_POINT('',(151.36322862883,228.67634582173,
    690.07099786966));
#7033 = CARTESIAN_POINT('',(151.35,228.53819926405,690.06942784552));
#7034 = CARTESIAN_POINT('',(151.35,228.22721216291,690.06942784552));
#7035 = CARTESIAN_POINT('',(151.37067840712,228.05448494907,
    690.07188193488));
#7036 = CARTESIAN_POINT('',(151.41201470353,227.8833758998,
    690.07678835597));
#7037 = CARTESIAN_POINT('',(151.474378477,227.71559547843,
    690.08401457258));
#7038 = CARTESIAN_POINT('',(151.55841001507,227.55319314034,
    690.09329037214));
#7039 = CARTESIAN_POINT('',(151.66491158994,227.39875703038,
    690.10414998151));
#7040 = CARTESIAN_POINT('',(151.79468493545,227.25569356409,
    690.11586847743));
#7041 = CARTESIAN_POINT('',(152.08237686733,227.01769409977,
    690.1375425735));
#7042 = CARTESIAN_POINT('',(152.23873265455,226.91558410324,
    690.14784104057));
#7043 = CARTESIAN_POINT('',(152.4149951892,226.83054096106,
    690.15730300884));
#7044 = CARTESIAN_POINT('',(152.60692845138,226.76870203326,
    690.16470537215));
#7045 = CARTESIAN_POINT('',(152.80884786528,226.73411826117,
    690.16894790225));
#7046 = CARTESIAN_POINT('',(153.01433875572,226.72870333957,
    690.16953639943));
#7047 = CARTESIAN_POINT('',(153.21683680417,226.75215504079,
    690.16665916828));
#7048 = CARTESIAN_POINT('',(153.53586224966,226.83406685304,
    690.15730455191));
#7049 = CARTESIAN_POINT('',(153.65849055365,226.87756305056,
    690.15242096099));
#7050 = CARTESIAN_POINT('',(153.77703779851,226.93201929917,
    690.14647158145));
#7051 = CARTESIAN_POINT('',(153.89037102928,226.99698577162,
    690.13965699677));
#7052 = CARTESIAN_POINT('',(153.99741721129,227.07187358636,
    690.13222883528));
#7053 = CARTESIAN_POINT('',(154.097177411,227.15596144439,
    690.12447273336));
#7054 = CARTESIAN_POINT('',(154.18874770977,227.24840520735,
    690.11668667144));
#7055 = CARTESIAN_POINT('',(154.36220636154,227.45808069873,
    690.10086945268));
#7056 = CARTESIAN_POINT('',(154.44223716489,227.57690050743,
    690.09288949616));
#7057 = CARTESIAN_POINT('',(154.51037894884,227.70343654508,
    690.08559371508));
#7058 = CARTESIAN_POINT('',(154.56577519116,227.83629212927,
    690.07934310574));
#7059 = CARTESIAN_POINT('',(154.60777236547,227.97396825573,
    690.07443984464));
#7060 = CARTESIAN_POINT('',(154.63592405876,228.1148904705,
    690.07109828242));
#7061 = CARTESIAN_POINT('',(154.65,228.25744155155,690.06942784552));
#7062 = CARTESIAN_POINT('',(154.65,228.53820820567,690.06942784552));
#7063 = CARTESIAN_POINT('',(154.63676967381,228.67635693501,
    690.07099807006));
#7064 = CARTESIAN_POINT('',(154.61032800456,228.81365181904,
    690.07413631085));
#7065 = CARTESIAN_POINT('',(154.57052917923,228.94924251495,
    690.07878826136));
#7066 = CARTESIAN_POINT('',(154.51710325987,229.08215672265,
    690.08484359775));
#7067 = CARTESIAN_POINT('',(154.44969399733,229.21123190437,
    690.09212110838));
#7068 = CARTESIAN_POINT('',(154.3679026726,229.33503364403,
    690.10035002169));
#7069 = CARTESIAN_POINT('',(154.16887429826,229.57561762044,
    690.11849887333));
#7070 = CARTESIAN_POINT('',(154.04748334397,229.69427213461,
    690.12870022575));
#7071 = CARTESIAN_POINT('',(153.90732230003,229.80261242543,
    690.13918699907));
#7072 = CARTESIAN_POINT('',(153.74968525212,229.89605813684,
    690.14914750588));
#7073 = CARTESIAN_POINT('',(153.57681290783,229.97059885146,
    690.15764233387));
#7074 = CARTESIAN_POINT('',(153.39171736002,230.02283334064,
    690.16379811486));
#7075 = CARTESIAN_POINT('',(153.19804602299,230.05,690.167));
#7076 = CARTESIAN_POINT('',(153.,230.05,690.167));
#7077 = CYLINDRICAL_SURFACE('',#7078,14.);
#7078 = AXIS2_PLACEMENT_3D('',#7079,#7080,#7081);
#7079 = CARTESIAN_POINT('',(153.,218.4,676.167));
#7080 = DIRECTION('',(0.,1.,-2.22044604925E-16));
#7081 = DIRECTION('',(-1.,0.,0.));
#7082 = ADVANCED_FACE('',(#7083),#7094,.F.);
#7083 = FACE_BOUND('',#7084,.F.);
#7084 = EDGE_LOOP('',(#7085,#7091,#7092,#7093));
#7085 = ORIENTED_EDGE('',*,*,#7086,.T.);
#7086 = EDGE_CURVE('',#6980,#6949,#7087,.T.);
#7087 = LINE('',#7088,#7089);
#7088 = CARTESIAN_POINT('',(135.45,210.,676.167));
#7089 = VECTOR('',#7090,1.);
#7090 = DIRECTION('',(0.,1.,-2.22044604925E-16));
#7091 = ORIENTED_EDGE('',*,*,#6948,.F.);
#7092 = ORIENTED_EDGE('',*,*,#7086,.F.);
#7093 = ORIENTED_EDGE('',*,*,#6979,.T.);
#7094 = CYLINDRICAL_SURFACE('',#7095,1.55);
#7095 = AXIS2_PLACEMENT_3D('',#7096,#7097,#7098);
#7096 = CARTESIAN_POINT('',(137.,210.,676.167));
#7097 = DIRECTION('',(0.,1.,-2.22044604925E-16));
#7098 = DIRECTION('',(-1.,0.,0.));
#7099 = ADVANCED_FACE('',(#7100),#7119,.F.);
#7100 = FACE_BOUND('',#7101,.F.);
#7101 = EDGE_LOOP('',(#7102,#7111,#7117,#7118));
#7102 = ORIENTED_EDGE('',*,*,#7103,.F.);
#7103 = EDGE_CURVE('',#7104,#7104,#7106,.T.);
#7104 = VERTEX_POINT('',#7105);
#7105 = CARTESIAN_POINT('',(142.95,218.6,676.167));
#7106 = CIRCLE('',#7107,10.05);
#7107 = AXIS2_PLACEMENT_3D('',#7108,#7109,#7110);
#7108 = CARTESIAN_POINT('',(153.,218.6,676.167));
#7109 = DIRECTION('',(0.,1.,-2.22044604925E-16));
#7110 = DIRECTION('',(-1.,0.,0.));
#7111 = ORIENTED_EDGE('',*,*,#7112,.F.);
#7112 = EDGE_CURVE('',#6969,#7104,#7113,.T.);
#7113 = LINE('',#7114,#7115);
#7114 = CARTESIAN_POINT('',(142.95,214.4,676.167));
#7115 = VECTOR('',#7116,1.);
#7116 = DIRECTION('',(0.,1.,-2.22044604925E-16));
#7117 = ORIENTED_EDGE('',*,*,#6968,.T.);
#7118 = ORIENTED_EDGE('',*,*,#7112,.T.);
#7119 = CYLINDRICAL_SURFACE('',#7120,10.05);
#7120 = AXIS2_PLACEMENT_3D('',#7121,#7122,#7123);
#7121 = CARTESIAN_POINT('',(153.,214.4,676.167));
#7122 = DIRECTION('',(0.,1.,-2.22044604925E-16));
#7123 = DIRECTION('',(-1.,0.,0.));
#7124 = ADVANCED_FACE('',(#7125,#7128),#7172,.T.);
#7125 = FACE_BOUND('',#7126,.T.);
#7126 = EDGE_LOOP('',(#7127));
#7127 = ORIENTED_EDGE('',*,*,#7004,.T.);
#7128 = FACE_BOUND('',#7129,.T.);
#7129 = EDGE_LOOP('',(#7130,#7141,#7149,#7157,#7165));
#7130 = ORIENTED_EDGE('',*,*,#7131,.F.);
#7131 = EDGE_CURVE('',#7132,#7134,#7136,.T.);
#7132 = VERTEX_POINT('',#7133);
#7133 = CARTESIAN_POINT('',(155.05,240.4,681.83252071746));
#7134 = VERTEX_POINT('',#7135);
#7135 = CARTESIAN_POINT('',(146.975,240.4,676.167));
#7136 = CIRCLE('',#7137,6.025);
#7137 = AXIS2_PLACEMENT_3D('',#7138,#7139,#7140);
#7138 = CARTESIAN_POINT('',(153.,240.4,676.167));
#7139 = DIRECTION('',(0.,1.,-2.22044604925E-16));
#7140 = DIRECTION('',(-1.,0.,0.));
#7141 = ORIENTED_EDGE('',*,*,#7142,.T.);
#7142 = EDGE_CURVE('',#7132,#7143,#7145,.T.);
#7143 = VERTEX_POINT('',#7144);
#7144 = CARTESIAN_POINT('',(155.05,240.4,684.192));
#7145 = LINE('',#7146,#7147);
#7146 = CARTESIAN_POINT('',(155.05,240.4,679.592));
#7147 = VECTOR('',#7148,1.);
#7148 = DIRECTION('',(0.,2.22044604925E-16,1.));
#7149 = ORIENTED_EDGE('',*,*,#7150,.T.);
#7150 = EDGE_CURVE('',#7143,#7151,#7153,.T.);
#7151 = VERTEX_POINT('',#7152);
#7152 = CARTESIAN_POINT('',(150.95,240.4,684.192));
#7153 = LINE('',#7154,#7155);
#7154 = CARTESIAN_POINT('',(155.05,240.4,684.192));
#7155 = VECTOR('',#7156,1.);
#7156 = DIRECTION('',(-1.,0.,0.));
#7157 = ORIENTED_EDGE('',*,*,#7158,.F.);
#7158 = EDGE_CURVE('',#7159,#7151,#7161,.T.);
#7159 = VERTEX_POINT('',#7160);
#7160 = CARTESIAN_POINT('',(150.95,240.4,681.83252071746));
#7161 = LINE('',#7162,#7163);
#7162 = CARTESIAN_POINT('',(150.95,240.4,679.592));
#7163 = VECTOR('',#7164,1.);
#7164 = DIRECTION('',(0.,2.22044604925E-16,1.));
#7165 = ORIENTED_EDGE('',*,*,#7166,.F.);
#7166 = EDGE_CURVE('',#7134,#7159,#7167,.T.);
#7167 = CIRCLE('',#7168,6.025);
#7168 = AXIS2_PLACEMENT_3D('',#7169,#7170,#7171);
#7169 = CARTESIAN_POINT('',(153.,240.4,676.167));
#7170 = DIRECTION('',(0.,1.,-2.22044604925E-16));
#7171 = DIRECTION('',(-1.,0.,0.));
#7172 = PLANE('',#7173);
#7173 = AXIS2_PLACEMENT_3D('',#7174,#7175,#7176);
#7174 = CARTESIAN_POINT('',(153.,240.4,676.167));
#7175 = DIRECTION('',(0.,1.,-2.22044604925E-16));
#7176 = DIRECTION('',(-1.,0.,0.));
#7177 = ADVANCED_FACE('',(#7178),#7197,.F.);
#7178 = FACE_BOUND('',#7179,.F.);
#7179 = EDGE_LOOP('',(#7180,#7181,#7189,#7196));
#7180 = ORIENTED_EDGE('',*,*,#7015,.F.);
#7181 = ORIENTED_EDGE('',*,*,#7182,.F.);
#7182 = EDGE_CURVE('',#7183,#7016,#7185,.T.);
#7183 = VERTEX_POINT('',#7184);
#7184 = CARTESIAN_POINT('',(153.,230.05,684.192));
#7185 = LINE('',#7186,#7187);
#7186 = CARTESIAN_POINT('',(153.,230.05,676.167));
#7187 = VECTOR('',#7188,1.);
#7188 = DIRECTION('',(0.,2.22044604925E-16,1.));
#7189 = ORIENTED_EDGE('',*,*,#7190,.T.);
#7190 = EDGE_CURVE('',#7183,#7183,#7191,.T.);
#7191 = CIRCLE('',#7192,1.65);
#7192 = AXIS2_PLACEMENT_3D('',#7193,#7194,#7195);
#7193 = CARTESIAN_POINT('',(153.,228.4,684.192));
#7194 = DIRECTION('',(0.,2.22044604925E-16,1.));
#7195 = DIRECTION('',(0.,1.,-2.22044604925E-16));
#7196 = ORIENTED_EDGE('',*,*,#7182,.T.);
#7197 = CYLINDRICAL_SURFACE('',#7198,1.65);
#7198 = AXIS2_PLACEMENT_3D('',#7199,#7200,#7201);
#7199 = CARTESIAN_POINT('',(153.,228.4,676.167));
#7200 = DIRECTION('',(0.,2.22044604925E-16,1.));
#7201 = DIRECTION('',(0.,1.,-2.22044604925E-16));
#7202 = ADVANCED_FACE('',(#7203,#7206),#7250,.F.);
#7203 = FACE_BOUND('',#7204,.F.);
#7204 = EDGE_LOOP('',(#7205));
#7205 = ORIENTED_EDGE('',*,*,#7103,.T.);
#7206 = FACE_BOUND('',#7207,.F.);
#7207 = EDGE_LOOP('',(#7208,#7219,#7227,#7235,#7243));
#7208 = ORIENTED_EDGE('',*,*,#7209,.F.);
#7209 = EDGE_CURVE('',#7210,#7212,#7214,.T.);
#7210 = VERTEX_POINT('',#7211);
#7211 = CARTESIAN_POINT('',(155.05,218.6,681.83252071746));
#7212 = VERTEX_POINT('',#7213);
#7213 = CARTESIAN_POINT('',(146.975,218.6,676.167));
#7214 = CIRCLE('',#7215,6.025);
#7215 = AXIS2_PLACEMENT_3D('',#7216,#7217,#7218);
#7216 = CARTESIAN_POINT('',(153.,218.6,676.167));
#7217 = DIRECTION('',(0.,1.,-2.22044604925E-16));
#7218 = DIRECTION('',(-1.,0.,0.));
#7219 = ORIENTED_EDGE('',*,*,#7220,.F.);
#7220 = EDGE_CURVE('',#7221,#7210,#7223,.T.);
#7221 = VERTEX_POINT('',#7222);
#7222 = CARTESIAN_POINT('',(155.05,218.6,684.192));
#7223 = LINE('',#7224,#7225);
#7224 = CARTESIAN_POINT('',(155.05,218.6,677.8795));
#7225 = VECTOR('',#7226,1.);
#7226 = DIRECTION('',(0.,-2.22044604925E-16,-1.));
#7227 = ORIENTED_EDGE('',*,*,#7228,.T.);
#7228 = EDGE_CURVE('',#7221,#7229,#7231,.T.);
#7229 = VERTEX_POINT('',#7230);
#7230 = CARTESIAN_POINT('',(150.95,218.6,684.192));
#7231 = LINE('',#7232,#7233);
#7232 = CARTESIAN_POINT('',(154.025,218.6,684.192));
#7233 = VECTOR('',#7234,1.);
#7234 = DIRECTION('',(-1.,0.,0.));
#7235 = ORIENTED_EDGE('',*,*,#7236,.T.);
#7236 = EDGE_CURVE('',#7229,#7237,#7239,.T.);
#7237 = VERTEX_POINT('',#7238);
#7238 = CARTESIAN_POINT('',(150.95,218.6,681.83252071746));
#7239 = LINE('',#7240,#7241);
#7240 = CARTESIAN_POINT('',(150.95,218.6,677.8795));
#7241 = VECTOR('',#7242,1.);
#7242 = DIRECTION('',(0.,-2.22044604925E-16,-1.));
#7243 = ORIENTED_EDGE('',*,*,#7244,.F.);
#7244 = EDGE_CURVE('',#7212,#7237,#7245,.T.);
#7245 = CIRCLE('',#7246,6.025);
#7246 = AXIS2_PLACEMENT_3D('',#7247,#7248,#7249);
#7247 = CARTESIAN_POINT('',(153.,218.6,676.167));
#7248 = DIRECTION('',(0.,1.,-2.22044604925E-16));
#7249 = DIRECTION('',(-1.,0.,0.));
#7250 = PLANE('',#7251);
#7251 = AXIS2_PLACEMENT_3D('',#7252,#7253,#7254);
#7252 = CARTESIAN_POINT('',(153.,218.6,676.167));
#7253 = DIRECTION('',(0.,1.,-2.22044604925E-16));
#7254 = DIRECTION('',(-1.,0.,0.));
#7255 = ADVANCED_FACE('',(#7256),#7272,.F.);
#7256 = FACE_BOUND('',#7257,.F.);
#7257 = EDGE_LOOP('',(#7258,#7264,#7265,#7271));
#7258 = ORIENTED_EDGE('',*,*,#7259,.F.);
#7259 = EDGE_CURVE('',#7237,#7159,#7260,.T.);
#7260 = LINE('',#7261,#7262);
#7261 = CARTESIAN_POINT('',(150.95,214.4,681.83252071746));
#7262 = VECTOR('',#7263,1.);
#7263 = DIRECTION('',(0.,1.,-2.22044604925E-16));
#7264 = ORIENTED_EDGE('',*,*,#7236,.F.);
#7265 = ORIENTED_EDGE('',*,*,#7266,.T.);
#7266 = EDGE_CURVE('',#7229,#7151,#7267,.T.);
#7267 = LINE('',#7268,#7269);
#7268 = CARTESIAN_POINT('',(150.95,214.4,684.192));
#7269 = VECTOR('',#7270,1.);
#7270 = DIRECTION('',(0.,1.,-2.22044604925E-16));
#7271 = ORIENTED_EDGE('',*,*,#7158,.F.);
#7272 = PLANE('',#7273);
#7273 = AXIS2_PLACEMENT_3D('',#7274,#7275,#7276);
#7274 = CARTESIAN_POINT('',(150.95,214.4,679.592));
#7275 = DIRECTION('',(-1.,0.,0.));
#7276 = DIRECTION('',(0.,1.,-2.22044604925E-16));
#7277 = ADVANCED_FACE('',(#7278,#7289),#7292,.F.);
#7278 = FACE_BOUND('',#7279,.F.);
#7279 = EDGE_LOOP('',(#7280,#7281,#7287,#7288));
#7280 = ORIENTED_EDGE('',*,*,#7228,.F.);
#7281 = ORIENTED_EDGE('',*,*,#7282,.T.);
#7282 = EDGE_CURVE('',#7221,#7143,#7283,.T.);
#7283 = LINE('',#7284,#7285);
#7284 = CARTESIAN_POINT('',(155.05,214.4,684.192));
#7285 = VECTOR('',#7286,1.);
#7286 = DIRECTION('',(0.,1.,-2.22044604925E-16));
#7287 = ORIENTED_EDGE('',*,*,#7150,.T.);
#7288 = ORIENTED_EDGE('',*,*,#7266,.F.);
#7289 = FACE_BOUND('',#7290,.F.);
#7290 = EDGE_LOOP('',(#7291));
#7291 = ORIENTED_EDGE('',*,*,#7190,.F.);
#7292 = PLANE('',#7293);
#7293 = AXIS2_PLACEMENT_3D('',#7294,#7295,#7296);
#7294 = CARTESIAN_POINT('',(155.05,214.4,684.192));
#7295 = DIRECTION('',(0.,2.22044604925E-16,1.));
#7296 = DIRECTION('',(0.,1.,-2.22044604925E-16));
#7297 = ADVANCED_FACE('',(#7298),#7309,.T.);
#7298 = FACE_BOUND('',#7299,.T.);
#7299 = EDGE_LOOP('',(#7300,#7306,#7307,#7308));
#7300 = ORIENTED_EDGE('',*,*,#7301,.F.);
#7301 = EDGE_CURVE('',#7210,#7132,#7302,.T.);
#7302 = LINE('',#7303,#7304);
#7303 = CARTESIAN_POINT('',(155.05,214.4,681.83252071746));
#7304 = VECTOR('',#7305,1.);
#7305 = DIRECTION('',(0.,1.,-2.22044604925E-16));
#7306 = ORIENTED_EDGE('',*,*,#7220,.F.);
#7307 = ORIENTED_EDGE('',*,*,#7282,.T.);
#7308 = ORIENTED_EDGE('',*,*,#7142,.F.);
#7309 = PLANE('',#7310);
#7310 = AXIS2_PLACEMENT_3D('',#7311,#7312,#7313);
#7311 = CARTESIAN_POINT('',(155.05,214.4,679.592));
#7312 = DIRECTION('',(-1.,0.,0.));
#7313 = DIRECTION('',(0.,1.,-2.22044604925E-16));
#7314 = ADVANCED_FACE('',(#7315),#7323,.F.);
#7315 = FACE_BOUND('',#7316,.F.);
#7316 = EDGE_LOOP('',(#7317,#7318,#7319,#7320,#7321,#7322));
#7317 = ORIENTED_EDGE('',*,*,#7259,.T.);
#7318 = ORIENTED_EDGE('',*,*,#7166,.F.);
#7319 = ORIENTED_EDGE('',*,*,#7131,.F.);
#7320 = ORIENTED_EDGE('',*,*,#7301,.F.);
#7321 = ORIENTED_EDGE('',*,*,#7209,.T.);
#7322 = ORIENTED_EDGE('',*,*,#7244,.T.);
#7323 = CYLINDRICAL_SURFACE('',#7324,6.025);
#7324 = AXIS2_PLACEMENT_3D('',#7325,#7326,#7327);
#7325 = CARTESIAN_POINT('',(153.,214.4,676.167));
#7326 = DIRECTION('',(0.,1.,-2.22044604925E-16));
#7327 = DIRECTION('',(-1.,0.,0.));
#7328 = MANIFOLD_SOLID_BREP('',#7329);
#7329 = CLOSED_SHELL('',(#7330,#7493,#7513,#7522,#7539,#7564));
#7330 = ADVANCED_FACE('',(#7331,#7358,#7423),#7488,.T.);
#7331 = FACE_BOUND('',#7332,.T.);
#7332 = EDGE_LOOP('',(#7333,#7343,#7350,#7351));
#7333 = ORIENTED_EDGE('',*,*,#7334,.T.);
#7334 = EDGE_CURVE('',#7335,#7337,#7339,.T.);
#7335 = VERTEX_POINT('',#7336);
#7336 = CARTESIAN_POINT('',(135.5,209.7,676.167));
#7337 = VERTEX_POINT('',#7338);
#7338 = CARTESIAN_POINT('',(135.5,221.4,676.167));
#7339 = LINE('',#7340,#7341);
#7340 = CARTESIAN_POINT('',(135.5,209.7,676.167));
#7341 = VECTOR('',#7342,1.);
#7342 = DIRECTION('',(0.,1.,-2.22044604925E-16));
#7343 = ORIENTED_EDGE('',*,*,#7344,.F.);
#7344 = EDGE_CURVE('',#7337,#7337,#7345,.T.);
#7345 = CIRCLE('',#7346,1.5);
#7346 = AXIS2_PLACEMENT_3D('',#7347,#7348,#7349);
#7347 = CARTESIAN_POINT('',(137.,221.4,676.167));
#7348 = DIRECTION('',(0.,1.,-2.22044604925E-16));
#7349 = DIRECTION('',(-1.,0.,0.));
#7350 = ORIENTED_EDGE('',*,*,#7334,.F.);
#7351 = ORIENTED_EDGE('',*,*,#7352,.T.);
#7352 = EDGE_CURVE('',#7335,#7335,#7353,.T.);
#7353 = CIRCLE('',#7354,1.5);
#7354 = AXIS2_PLACEMENT_3D('',#7355,#7356,#7357);
#7355 = CARTESIAN_POINT('',(137.,209.7,676.167));
#7356 = DIRECTION('',(0.,1.,-2.22044604925E-16));
#7357 = DIRECTION('',(-1.,0.,0.));
#7358 = FACE_BOUND('',#7359,.T.);
#7359 = EDGE_LOOP('',(#7360));
#7360 = ORIENTED_EDGE('',*,*,#7361,.F.);
#7361 = EDGE_CURVE('',#7362,#7362,#7364,.T.);
#7362 = VERTEX_POINT('',#7363);
#7363 = CARTESIAN_POINT('',(137.,220.45,677.667));
#7364 = B_SPLINE_CURVE_WITH_KNOTS('',8,(#7365,#7366,#7367,#7368,#7369,
    #7370,#7371,#7372,#7373,#7374,#7375,#7376,#7377,#7378,#7379,#7380,
    #7381,#7382,#7383,#7384,#7385,#7386,#7387,#7388,#7389,#7390,#7391,
    #7392,#7393,#7394,#7395,#7396,#7397,#7398,#7399,#7400,#7401,#7402,
    #7403,#7404,#7405,#7406,#7407,#7408,#7409,#7410,#7411,#7412,#7413,
    #7414,#7415,#7416,#7417,#7418,#7419,#7420,#7421,#7422),
  .UNSPECIFIED.,.T.,.F.,(9,7,7,7,7,7,7,7,9),(0.,8.346749290845E-02,
    0.189060849956,0.311284058703,0.441507366611,0.578657525852,
    0.811506038089,0.916782728389,1.),.UNSPECIFIED.);
#7365 = CARTESIAN_POINT('',(137.,220.45,677.667));
#7366 = CARTESIAN_POINT('',(136.9697883861,220.45,677.667));
#7367 = CARTESIAN_POINT('',(136.93959645509,220.44768191798,
    677.66630456794));
#7368 = CARTESIAN_POINT('',(136.90964481307,220.44305108117,
    677.66491533533));
#7369 = CARTESIAN_POINT('',(136.88015246213,220.43614059852,
    677.66286043848));
#7370 = CARTESIAN_POINT('',(136.851334139,220.42701111551,
    677.66019438501));
#7371 = CARTESIAN_POINT('',(136.82339695827,220.41575095803,
    677.65699573731));
#7372 = CARTESIAN_POINT('',(136.79653636017,220.40247666532,
    677.65336261319));
#7373 = CARTESIAN_POINT('',(136.73853890059,220.36817706334,
    677.64440056165));
#7374 = CARTESIAN_POINT('',(136.70814291418,220.34602216016,
    677.63887548953));
#7375 = CARTESIAN_POINT('',(136.68003476018,220.32111624136,
    677.63304278567));
#7376 = CARTESIAN_POINT('',(136.65447317982,220.2937336547,
    677.62713996353));
#7377 = CARTESIAN_POINT('',(136.63168186239,220.26417222606,
    677.62141214385));
#7378 = CARTESIAN_POINT('',(136.61184740683,220.23274911348,
    677.61609407253));
#7379 = CARTESIAN_POINT('',(136.59511768136,220.19979634622,
    677.61139206417));
#7380 = CARTESIAN_POINT('',(136.56595467915,220.12613901064,
    677.60292134409));
#7381 = CARTESIAN_POINT('',(136.55459984292,220.08499744223,
    677.59941261377));
#7382 = CARTESIAN_POINT('',(136.54772107916,220.04277120904,
    677.59719283446));
#7383 = CARTESIAN_POINT('',(136.54541771295,220.00000253183,
    677.59643284176));
#7384 = CARTESIAN_POINT('',(136.54772069806,219.95723423524,
    677.5971926908));
#7385 = CARTESIAN_POINT('',(136.55459868918,219.91500841773,
    677.59941224568));
#7386 = CARTESIAN_POINT('',(136.56595287633,219.87386554277,
    677.60292082044));
#7387 = CARTESIAN_POINT('',(136.59827250421,219.79223548082,
    677.61230841774));
#7388 = CARTESIAN_POINT('',(136.61984558759,219.75189846304,
    677.61833488417));
#7389 = CARTESIAN_POINT('',(136.64612215718,219.71400384698,
    677.62524763724));
#7390 = CARTESIAN_POINT('',(136.6767988011,219.67918953548,
    677.63263311559));
#7391 = CARTESIAN_POINT('',(136.7114773711,219.64804584222,
    677.64002271738));
#7392 = CARTESIAN_POINT('',(136.74967565575,219.62110374203,
    677.64694802183));
#7393 = CARTESIAN_POINT('',(136.79083772577,219.59882591458,
    677.65299034485));
#7394 = CARTESIAN_POINT('',(136.88016436434,219.56345899644,
    677.66291605825));
#7395 = CARTESIAN_POINT('',(136.9285044713,219.55095351172,
    677.66665821942));
#7396 = CARTESIAN_POINT('',(136.97844490904,219.54457482855,
    677.66865703479));
#7397 = CARTESIAN_POINT('',(137.02897632736,219.54457719709,
    677.66866933879));
#7398 = CARTESIAN_POINT('',(137.07906519999,219.55099114245,
    677.66666028055));
#7399 = CARTESIAN_POINT('',(137.1276901379,219.56362799204,
    677.66281742021));
#7400 = CARTESIAN_POINT('',(137.17388050713,219.5820727661,
    677.65751870139));
#7401 = CARTESIAN_POINT('',(137.28963787979,219.64571092025,
    677.64061122775));
#7402 = CARTESIAN_POINT('',(137.3532064412,219.70068619733,
    677.62715194833));
#7403 = CARTESIAN_POINT('',(137.40426099127,219.76802166001,
    677.61309507175));
#7404 = CARTESIAN_POINT('',(137.44023172313,219.8443808003,
    677.60128963322));
#7405 = CARTESIAN_POINT('',(137.45976964976,219.92596314241,
    677.59454460714));
#7406 = CARTESIAN_POINT('',(137.46237236857,220.00909046469,
    677.59392519175));
#7407 = CARTESIAN_POINT('',(137.44829622315,220.0901453401,
    677.59878201017));
#7408 = CARTESIAN_POINT('',(137.40488231863,220.19979634622,
    677.61139206417));
#7409 = CARTESIAN_POINT('',(137.38815259316,220.23274911348,
    677.61609407253));
#7410 = CARTESIAN_POINT('',(137.3683181376,220.26417222606,
    677.62141214385));
#7411 = CARTESIAN_POINT('',(137.34552682017,220.2937336547,
    677.62713996353));
#7412 = CARTESIAN_POINT('',(137.31996523981,220.32111624136,
    677.63304278567));
#7413 = CARTESIAN_POINT('',(137.29185708581,220.34602216016,
    677.63887548953));
#7414 = CARTESIAN_POINT('',(137.2614610994,220.36817706334,
    677.64440056165));
#7415 = CARTESIAN_POINT('',(137.20346361163,220.40247668199,
    677.65336261755));
#7416 = CARTESIAN_POINT('',(137.1766029852,220.4157509857,
    677.65699574494));
#7417 = CARTESIAN_POINT('',(137.14866578589,220.42701114346,
    677.66019439313));
#7418 = CARTESIAN_POINT('',(137.11984746174,220.43614061762,
    677.66286044421));
#7419 = CARTESIAN_POINT('',(137.09035512887,220.44305108854,
    677.66491533745));
#7420 = CARTESIAN_POINT('',(137.06040351706,220.44768191794,
    677.66630456771));
#7421 = CARTESIAN_POINT('',(137.03021161283,220.45,677.667));
#7422 = CARTESIAN_POINT('',(137.,220.45,677.667));
#7423 = FACE_BOUND('',#7424,.T.);
#7424 = EDGE_LOOP('',(#7425));
#7425 = ORIENTED_EDGE('',*,*,#7426,.T.);
#7426 = EDGE_CURVE('',#7427,#7427,#7429,.T.);
#7427 = VERTEX_POINT('',#7428);
#7428 = CARTESIAN_POINT('',(137.,220.45,674.667));
#7429 = B_SPLINE_CURVE_WITH_KNOTS('',8,(#7430,#7431,#7432,#7433,#7434,
    #7435,#7436,#7437,#7438,#7439,#7440,#7441,#7442,#7443,#7444,#7445,
    #7446,#7447,#7448,#7449,#7450,#7451,#7452,#7453,#7454,#7455,#7456,
    #7457,#7458,#7459,#7460,#7461,#7462,#7463,#7464,#7465,#7466,#7467,
    #7468,#7469,#7470,#7471,#7472,#7473,#7474,#7475,#7476,#7477,#7478,
    #7479,#7480,#7481,#7482,#7483,#7484,#7485,#7486,#7487),
  .UNSPECIFIED.,.T.,.F.,(9,7,7,7,7,7,7,7,9),(0.,8.346749290892E-02,
    0.189060849957,0.311284058705,0.441507366614,0.578657525853,
    0.81150603809,0.91678272839,1.),.UNSPECIFIED.);
#7430 = CARTESIAN_POINT('',(137.,220.45,674.667));
#7431 = CARTESIAN_POINT('',(136.9697883861,220.45,674.667));
#7432 = CARTESIAN_POINT('',(136.93959645509,220.44768191798,
    674.66769543205));
#7433 = CARTESIAN_POINT('',(136.90964481307,220.44305108117,
    674.66908466466));
#7434 = CARTESIAN_POINT('',(136.88015246213,220.43614059852,
    674.67113956151));
#7435 = CARTESIAN_POINT('',(136.851334139,220.42701111551,
    674.67380561498));
#7436 = CARTESIAN_POINT('',(136.82339695827,220.41575095803,
    674.67700426268));
#7437 = CARTESIAN_POINT('',(136.79653636017,220.40247666532,
    674.6806373868));
#7438 = CARTESIAN_POINT('',(136.73853890059,220.36817706334,
    674.68959943835));
#7439 = CARTESIAN_POINT('',(136.70814291418,220.34602216016,
    674.69512451046));
#7440 = CARTESIAN_POINT('',(136.68003476018,220.32111624136,
    674.70095721432));
#7441 = CARTESIAN_POINT('',(136.65447317982,220.2937336547,
    674.70686003646));
#7442 = CARTESIAN_POINT('',(136.63168186239,220.26417222606,
    674.71258785614));
#7443 = CARTESIAN_POINT('',(136.61184740683,220.23274911348,
    674.71790592747));
#7444 = CARTESIAN_POINT('',(136.59511768136,220.19979634622,
    674.72260793582));
#7445 = CARTESIAN_POINT('',(136.56595467915,220.12613901064,
    674.7310786559));
#7446 = CARTESIAN_POINT('',(136.55459984292,220.08499744223,
    674.73458738622));
#7447 = CARTESIAN_POINT('',(136.54772107916,220.04277120904,
    674.73680716553));
#7448 = CARTESIAN_POINT('',(136.54541771295,220.00000253183,
    674.73756715823));
#7449 = CARTESIAN_POINT('',(136.54772069806,219.95723423524,
    674.7368073092));
#7450 = CARTESIAN_POINT('',(136.55459868918,219.91500841773,
    674.73458775431));
#7451 = CARTESIAN_POINT('',(136.56595287633,219.87386554277,
    674.73107917955));
#7452 = CARTESIAN_POINT('',(136.59827250421,219.79223548082,
    674.72169158225));
#7453 = CARTESIAN_POINT('',(136.61984558759,219.75189846304,
    674.71566511583));
#7454 = CARTESIAN_POINT('',(136.64612215718,219.71400384698,
    674.70875236276));
#7455 = CARTESIAN_POINT('',(136.6767988011,219.67918953548,
    674.7013668844));
#7456 = CARTESIAN_POINT('',(136.7114773711,219.64804584222,
    674.69397728261));
#7457 = CARTESIAN_POINT('',(136.74967565575,219.62110374203,
    674.68705197816));
#7458 = CARTESIAN_POINT('',(136.79083772577,219.59882591458,
    674.68100965514));
#7459 = CARTESIAN_POINT('',(136.88016436434,219.56345899645,
    674.67108394174));
#7460 = CARTESIAN_POINT('',(136.9285044713,219.55095351172,
    674.66734178058));
#7461 = CARTESIAN_POINT('',(136.97844490904,219.54457482855,
    674.6653429652));
#7462 = CARTESIAN_POINT('',(137.02897632735,219.54457719709,
    674.6653306612));
#7463 = CARTESIAN_POINT('',(137.07906519999,219.55099114245,
    674.66733971944));
#7464 = CARTESIAN_POINT('',(137.1276901379,219.56362799204,
    674.67118257978));
#7465 = CARTESIAN_POINT('',(137.17388050713,219.5820727661,
    674.67648129861));
#7466 = CARTESIAN_POINT('',(137.28963787979,219.64571092025,
    674.69338877224));
#7467 = CARTESIAN_POINT('',(137.3532064412,219.70068619733,
    674.70684805166));
#7468 = CARTESIAN_POINT('',(137.40426099127,219.76802166001,
    674.72090492825));
#7469 = CARTESIAN_POINT('',(137.44023172313,219.84438080029,
    674.73271036677));
#7470 = CARTESIAN_POINT('',(137.45976964977,219.92596314241,
    674.73945539285));
#7471 = CARTESIAN_POINT('',(137.46237236857,220.00909046469,
    674.74007480824));
#7472 = CARTESIAN_POINT('',(137.44829622315,220.0901453401,
    674.73521798982));
#7473 = CARTESIAN_POINT('',(137.40488231863,220.19979634622,
    674.72260793582));
#7474 = CARTESIAN_POINT('',(137.38815259316,220.23274911348,
    674.71790592747));
#7475 = CARTESIAN_POINT('',(137.3683181376,220.26417222606,
    674.71258785614));
#7476 = CARTESIAN_POINT('',(137.34552682017,220.2937336547,
    674.70686003646));
#7477 = CARTESIAN_POINT('',(137.31996523981,220.32111624136,
    674.70095721432));
#7478 = CARTESIAN_POINT('',(137.29185708581,220.34602216016,
    674.69512451046));
#7479 = CARTESIAN_POINT('',(137.2614610994,220.36817706334,
    674.68959943835));
#7480 = CARTESIAN_POINT('',(137.20346361163,220.40247668199,
    674.68063738244));
#7481 = CARTESIAN_POINT('',(137.1766029852,220.4157509857,
    674.67700425505));
#7482 = CARTESIAN_POINT('',(137.14866578589,220.42701114346,
    674.67380560686));
#7483 = CARTESIAN_POINT('',(137.11984746174,220.43614061762,
    674.67113955578));
#7484 = CARTESIAN_POINT('',(137.09035512887,220.44305108854,
    674.66908466254));
#7485 = CARTESIAN_POINT('',(137.06040351706,220.44768191794,
    674.66769543228));
#7486 = CARTESIAN_POINT('',(137.03021161283,220.45,674.667));
#7487 = CARTESIAN_POINT('',(137.,220.45,674.667));
#7488 = CYLINDRICAL_SURFACE('',#7489,1.5);
#7489 = AXIS2_PLACEMENT_3D('',#7490,#7491,#7492);
#7490 = CARTESIAN_POINT('',(137.,209.7,676.167));
#7491 = DIRECTION('',(0.,1.,-2.22044604925E-16));
#7492 = DIRECTION('',(-1.,0.,0.));
#7493 = ADVANCED_FACE('',(#7494,#7505),#7508,.T.);
#7494 = FACE_BOUND('',#7495,.T.);
#7495 = EDGE_LOOP('',(#7496));
#7496 = ORIENTED_EDGE('',*,*,#7497,.T.);
#7497 = EDGE_CURVE('',#7498,#7498,#7500,.T.);
#7498 = VERTEX_POINT('',#7499);
#7499 = CARTESIAN_POINT('',(135.,209.7,676.167));
#7500 = CIRCLE('',#7501,2.);
#7501 = AXIS2_PLACEMENT_3D('',#7502,#7503,#7504);
#7502 = CARTESIAN_POINT('',(137.,209.7,676.167));
#7503 = DIRECTION('',(0.,1.,-2.22044604925E-16));
#7504 = DIRECTION('',(-1.,0.,0.));
#7505 = FACE_BOUND('',#7506,.T.);
#7506 = EDGE_LOOP('',(#7507));
#7507 = ORIENTED_EDGE('',*,*,#7352,.F.);
#7508 = PLANE('',#7509);
#7509 = AXIS2_PLACEMENT_3D('',#7510,#7511,#7512);
#7510 = CARTESIAN_POINT('',(137.,209.7,676.167));
#7511 = DIRECTION('',(0.,1.,-2.22044604925E-16));
#7512 = DIRECTION('',(-1.,0.,0.));
#7513 = ADVANCED_FACE('',(#7514),#7517,.T.);
#7514 = FACE_BOUND('',#7515,.T.);
#7515 = EDGE_LOOP('',(#7516));
#7516 = ORIENTED_EDGE('',*,*,#7344,.T.);
#7517 = PLANE('',#7518);
#7518 = AXIS2_PLACEMENT_3D('',#7519,#7520,#7521);
#7519 = CARTESIAN_POINT('',(137.,221.4,676.167));
#7520 = DIRECTION('',(0.,1.,-2.22044604925E-16));
#7521 = DIRECTION('',(-1.,0.,0.));
#7522 = ADVANCED_FACE('',(#7523),#7534,.F.);
#7523 = FACE_BOUND('',#7524,.F.);
#7524 = EDGE_LOOP('',(#7525,#7526,#7532,#7533));
#7525 = ORIENTED_EDGE('',*,*,#7361,.F.);
#7526 = ORIENTED_EDGE('',*,*,#7527,.F.);
#7527 = EDGE_CURVE('',#7427,#7362,#7528,.T.);
#7528 = LINE('',#7529,#7530);
#7529 = CARTESIAN_POINT('',(137.,220.45,674.167));
#7530 = VECTOR('',#7531,1.);
#7531 = DIRECTION('',(0.,2.22044604925E-16,1.));
#7532 = ORIENTED_EDGE('',*,*,#7426,.T.);
#7533 = ORIENTED_EDGE('',*,*,#7527,.T.);
#7534 = CYLINDRICAL_SURFACE('',#7535,0.45);
#7535 = AXIS2_PLACEMENT_3D('',#7536,#7537,#7538);
#7536 = CARTESIAN_POINT('',(137.,220.,674.167));
#7537 = DIRECTION('',(0.,2.22044604925E-16,1.));
#7538 = DIRECTION('',(0.,1.,-2.22044604925E-16));
#7539 = ADVANCED_FACE('',(#7540),#7559,.T.);
#7540 = FACE_BOUND('',#7541,.T.);
#7541 = EDGE_LOOP('',(#7542,#7543,#7551,#7558));
#7542 = ORIENTED_EDGE('',*,*,#7497,.F.);
#7543 = ORIENTED_EDGE('',*,*,#7544,.F.);
#7544 = EDGE_CURVE('',#7545,#7498,#7547,.T.);
#7545 = VERTEX_POINT('',#7546);
#7546 = CARTESIAN_POINT('',(135.,208.7,676.167));
#7547 = LINE('',#7548,#7549);
#7548 = CARTESIAN_POINT('',(135.,208.7,676.167));
#7549 = VECTOR('',#7550,1.);
#7550 = DIRECTION('',(0.,1.,-2.22044604925E-16));
#7551 = ORIENTED_EDGE('',*,*,#7552,.T.);
#7552 = EDGE_CURVE('',#7545,#7545,#7553,.T.);
#7553 = CIRCLE('',#7554,2.);
#7554 = AXIS2_PLACEMENT_3D('',#7555,#7556,#7557);
#7555 = CARTESIAN_POINT('',(137.,208.7,676.167));
#7556 = DIRECTION('',(0.,1.,-2.22044604925E-16));
#7557 = DIRECTION('',(-1.,0.,0.));
#7558 = ORIENTED_EDGE('',*,*,#7544,.T.);
#7559 = CYLINDRICAL_SURFACE('',#7560,2.);
#7560 = AXIS2_PLACEMENT_3D('',#7561,#7562,#7563);
#7561 = CARTESIAN_POINT('',(137.,208.7,676.167));
#7562 = DIRECTION('',(0.,1.,-2.22044604925E-16));
#7563 = DIRECTION('',(-1.,0.,0.));
#7564 = ADVANCED_FACE('',(#7565),#7568,.F.);
#7565 = FACE_BOUND('',#7566,.T.);
#7566 = EDGE_LOOP('',(#7567));
#7567 = ORIENTED_EDGE('',*,*,#7552,.F.);
#7568 = PLANE('',#7569);
#7569 = AXIS2_PLACEMENT_3D('',#7570,#7571,#7572);
#7570 = CARTESIAN_POINT('',(137.,208.7,676.167));
#7571 = DIRECTION('',(0.,1.,-2.22044604925E-16));
#7572 = DIRECTION('',(-1.,0.,0.));
#7573 = MANIFOLD_SOLID_BREP('',#7574);
#7574 = CLOSED_SHELL('',(#7575,#7673,#7726,#7757,#7782,#7813,#7840,#7864
    ,#7889,#7914,#7952,#7975,#7992));
#7575 = ADVANCED_FACE('',(#7576,#7603),#7668,.T.);
#7576 = FACE_BOUND('',#7577,.T.);
#7577 = EDGE_LOOP('',(#7578,#7588,#7595,#7596));
#7578 = ORIENTED_EDGE('',*,*,#7579,.T.);
#7579 = EDGE_CURVE('',#7580,#7582,#7584,.T.);
#7580 = VERTEX_POINT('',#7581);
#7581 = CARTESIAN_POINT('',(320.,469.,396.));
#7582 = VERTEX_POINT('',#7583);
#7583 = CARTESIAN_POINT('',(320.,447.,396.));
#7584 = LINE('',#7585,#7586);
#7585 = CARTESIAN_POINT('',(320.,469.,396.));
#7586 = VECTOR('',#7587,1.);
#7587 = DIRECTION('',(0.,-1.,0.));
#7588 = ORIENTED_EDGE('',*,*,#7589,.F.);
#7589 = EDGE_CURVE('',#7582,#7582,#7590,.T.);
#7590 = CIRCLE('',#7591,14.);
#7591 = AXIS2_PLACEMENT_3D('',#7592,#7593,#7594);
#7592 = CARTESIAN_POINT('',(320.,447.,382.));
#7593 = DIRECTION('',(0.,-1.,0.));
#7594 = DIRECTION('',(0.,0.,1.));
#7595 = ORIENTED_EDGE('',*,*,#7579,.F.);
#7596 = ORIENTED_EDGE('',*,*,#7597,.T.);
#7597 = EDGE_CURVE('',#7580,#7580,#7598,.T.);
#7598 = CIRCLE('',#7599,14.);
#7599 = AXIS2_PLACEMENT_3D('',#7600,#7601,#7602);
#7600 = CARTESIAN_POINT('',(320.,469.,382.));
#7601 = DIRECTION('',(0.,-1.,0.));
#7602 = DIRECTION('',(0.,0.,1.));
#7603 = FACE_BOUND('',#7604,.T.);
#7604 = EDGE_LOOP('',(#7605));
#7605 = ORIENTED_EDGE('',*,*,#7606,.F.);
#7606 = EDGE_CURVE('',#7607,#7607,#7609,.T.);
#7607 = VERTEX_POINT('',#7608);
#7608 = CARTESIAN_POINT('',(306.,455.35,382.));
#7609 = B_SPLINE_CURVE_WITH_KNOTS('',8,(#7610,#7611,#7612,#7613,#7614,
    #7615,#7616,#7617,#7618,#7619,#7620,#7621,#7622,#7623,#7624,#7625,
    #7626,#7627,#7628,#7629,#7630,#7631,#7632,#7633,#7634,#7635,#7636,
    #7637,#7638,#7639,#7640,#7641,#7642,#7643,#7644,#7645,#7646,#7647,
    #7648,#7649,#7650,#7651,#7652,#7653,#7654,#7655,#7656,#7657,#7658,
    #7659,#7660,#7661,#7662,#7663,#7664,#7665,#7666,#7667),
  .UNSPECIFIED.,.T.,.F.,(9,7,7,7,7,7,7,7,9),(0.,0.142543386593,
    0.276791476684,0.444639238229,0.591240051464,0.686339625146,
    0.790949681293,0.892367508952,1.),.UNSPECIFIED.);
#7610 = CARTESIAN_POINT('',(306.,455.35,382.));
#7611 = CARTESIAN_POINT('',(306.,455.35,382.19813565686));
#7612 = CARTESIAN_POINT('',(306.00320478294,455.3771912558,
    382.39183081094));
#7613 = CARTESIAN_POINT('',(306.00936253138,455.42944237179,
    382.57690054603));
#7614 = CARTESIAN_POINT('',(306.01785605539,455.50397664423,
    382.74972179961));
#7615 = CARTESIAN_POINT('',(306.02781287252,455.59739314002,
    382.90730782825));
#7616 = CARTESIAN_POINT('',(306.03829641393,455.70569619977,
    383.04743913825));
#7617 = CARTESIAN_POINT('',(306.04849751108,455.82433445093,
    383.16883464826));
#7618 = CARTESIAN_POINT('',(306.06664912972,456.06495510706,
    383.3678933667));
#7619 = CARTESIAN_POINT('',(306.07487804182,456.18875398018,
    383.44968630557));
#7620 = CARTESIAN_POINT('',(306.08215607348,456.31783380823,
    383.51710076243));
#7621 = CARTESIAN_POINT('',(306.08821191444,456.45075654566,
    383.5705308267));
#7622 = CARTESIAN_POINT('',(306.0928640342,456.58635530436,
    383.61033089354));
#7623 = CARTESIAN_POINT('',(306.09600213033,456.72365417826,
    383.63677137116));
#7624 = CARTESIAN_POINT('',(306.09757215447,456.86180073594,383.65));
#7625 = CARTESIAN_POINT('',(306.09757215447,457.17278783708,383.65));
#7626 = CARTESIAN_POINT('',(306.09511806511,457.34551505092,
    383.62932159287));
#7627 = CARTESIAN_POINT('',(306.09021164402,457.5166241002,
    383.58798529646));
#7628 = CARTESIAN_POINT('',(306.08298542741,457.68440452156,
    383.52562152299));
#7629 = CARTESIAN_POINT('',(306.07370962785,457.84680685965,
    383.44158998492));
#7630 = CARTESIAN_POINT('',(306.06285001848,458.00124296961,
    383.33508841005));
#7631 = CARTESIAN_POINT('',(306.05113152256,458.1443064359,
    383.20531506454));
#7632 = CARTESIAN_POINT('',(306.02945742649,458.38230590022,
    382.91762313266));
#7633 = CARTESIAN_POINT('',(306.01915895942,458.48441589675,
    382.76126734544));
#7634 = CARTESIAN_POINT('',(306.00969699116,458.56945903893,
    382.58500481079));
#7635 = CARTESIAN_POINT('',(306.00229462784,458.63129796674,
    382.39307154861));
#7636 = CARTESIAN_POINT('',(305.99805209774,458.66588173882,
    382.19115213471));
#7637 = CARTESIAN_POINT('',(305.99746360056,458.67129666042,
    381.98566124427));
#7638 = CARTESIAN_POINT('',(306.00034083171,458.6478449592,
    381.78316319582));
#7639 = CARTESIAN_POINT('',(306.00969544808,458.56593314695,
    381.46413775033));
#7640 = CARTESIAN_POINT('',(306.014579039,458.52243694943,
    381.34150944634));
#7641 = CARTESIAN_POINT('',(306.02052841855,458.46798070082,
    381.22296220149));
#7642 = CARTESIAN_POINT('',(306.02734300322,458.40301422838,
    381.10962897071));
#7643 = CARTESIAN_POINT('',(306.03477116471,458.32812641363,
    381.0025827887));
#7644 = CARTESIAN_POINT('',(306.04252726663,458.2440385556,
    380.90282258899));
#7645 = CARTESIAN_POINT('',(306.05031332855,458.15159479264,
    380.81125229023));
#7646 = CARTESIAN_POINT('',(306.06613054732,457.94191930126,
    380.63779363845));
#7647 = CARTESIAN_POINT('',(306.07411050383,457.82309949256,
    380.5577628351));
#7648 = CARTESIAN_POINT('',(306.08140628491,457.69656345491,
    380.48962105115));
#7649 = CARTESIAN_POINT('',(306.08765689425,457.56370787072,
    380.43422480883));
#7650 = CARTESIAN_POINT('',(306.09256015536,457.42603174426,
    380.39222763452));
#7651 = CARTESIAN_POINT('',(306.09590171758,457.28510952949,
    380.36407594123));
#7652 = CARTESIAN_POINT('',(306.09757215447,457.14255844844,380.35));
#7653 = CARTESIAN_POINT('',(306.09757215447,456.86179179432,380.35));
#7654 = CARTESIAN_POINT('',(306.09600192993,456.72364306498,
    380.36323032618));
#7655 = CARTESIAN_POINT('',(306.09286368914,456.58634818095,
    380.38967199543));
#7656 = CARTESIAN_POINT('',(306.08821173863,456.45075748504,
    380.42947082076));
#7657 = CARTESIAN_POINT('',(306.08215640224,456.31784327734,
    380.48289674012));
#7658 = CARTESIAN_POINT('',(306.07487889161,456.18876809562,
    380.55030600266));
#7659 = CARTESIAN_POINT('',(306.0666499783,456.06496635596,
    380.63209732739));
#7660 = CARTESIAN_POINT('',(306.04850112666,455.82438237956,
    380.83112570172));
#7661 = CARTESIAN_POINT('',(306.03829977424,455.70572786538,
    380.95251665602));
#7662 = CARTESIAN_POINT('',(306.02781300092,455.59738757456,
    381.09267769996));
#7663 = CARTESIAN_POINT('',(306.01785249411,455.50394186315,
    381.25031474788));
#7664 = CARTESIAN_POINT('',(306.00935766613,455.42940114853,
    381.42318709217));
#7665 = CARTESIAN_POINT('',(306.00320188514,455.37716665935,
    381.60828263997));
#7666 = CARTESIAN_POINT('',(306.,455.35,381.80195397699));
#7667 = CARTESIAN_POINT('',(306.,455.35,382.));
#7668 = CYLINDRICAL_SURFACE('',#7669,14.);
#7669 = AXIS2_PLACEMENT_3D('',#7670,#7671,#7672);
#7670 = CARTESIAN_POINT('',(320.,469.,382.));
#7671 = DIRECTION('',(0.,-1.,0.));
#7672 = DIRECTION('',(0.,0.,1.));
#7673 = ADVANCED_FACE('',(#7674,#7677),#7721,.F.);
#7674 = FACE_BOUND('',#7675,.F.);
#7675 = EDGE_LOOP('',(#7676));
#7676 = ORIENTED_EDGE('',*,*,#7597,.T.);
#7677 = FACE_BOUND('',#7678,.F.);
#7678 = EDGE_LOOP('',(#7679,#7690,#7698,#7706,#7714));
#7679 = ORIENTED_EDGE('',*,*,#7680,.F.);
#7680 = EDGE_CURVE('',#7681,#7683,#7685,.T.);
#7681 = VERTEX_POINT('',#7682);
#7682 = CARTESIAN_POINT('',(314.33447928253,469.,379.95));
#7683 = VERTEX_POINT('',#7684);
#7684 = CARTESIAN_POINT('',(320.,469.,388.025));
#7685 = CIRCLE('',#7686,6.025);
#7686 = AXIS2_PLACEMENT_3D('',#7687,#7688,#7689);
#7687 = CARTESIAN_POINT('',(320.,469.,382.));
#7688 = DIRECTION('',(0.,-1.,0.));
#7689 = DIRECTION('',(0.,0.,1.));
#7690 = ORIENTED_EDGE('',*,*,#7691,.T.);
#7691 = EDGE_CURVE('',#7681,#7692,#7694,.T.);
#7692 = VERTEX_POINT('',#7693);
#7693 = CARTESIAN_POINT('',(311.975,469.,379.95));
#7694 = LINE('',#7695,#7696);
#7695 = CARTESIAN_POINT('',(316.575,469.,379.95));
#7696 = VECTOR('',#7697,1.);
#7697 = DIRECTION('',(-1.,0.,0.));
#7698 = ORIENTED_EDGE('',*,*,#7699,.T.);
#7699 = EDGE_CURVE('',#7692,#7700,#7702,.T.);
#7700 = VERTEX_POINT('',#7701);
#7701 = CARTESIAN_POINT('',(311.975,469.,384.05));
#7702 = LINE('',#7703,#7704);
#7703 = CARTESIAN_POINT('',(311.975,469.,379.95));
#7704 = VECTOR('',#7705,1.);
#7705 = DIRECTION('',(0.,0.,1.));
#7706 = ORIENTED_EDGE('',*,*,#7707,.F.);
#7707 = EDGE_CURVE('',#7708,#7700,#7710,.T.);
#7708 = VERTEX_POINT('',#7709);
#7709 = CARTESIAN_POINT('',(314.33447928253,469.,384.05));
#7710 = LINE('',#7711,#7712);
#7711 = CARTESIAN_POINT('',(316.575,469.,384.05));
#7712 = VECTOR('',#7713,1.);
#7713 = DIRECTION('',(-1.,0.,0.));
#7714 = ORIENTED_EDGE('',*,*,#7715,.F.);
#7715 = EDGE_CURVE('',#7683,#7708,#7716,.T.);
#7716 = CIRCLE('',#7717,6.025);
#7717 = AXIS2_PLACEMENT_3D('',#7718,#7719,#7720);
#7718 = CARTESIAN_POINT('',(320.,469.,382.));
#7719 = DIRECTION('',(0.,-1.,0.));
#7720 = DIRECTION('',(0.,0.,1.));
#7721 = PLANE('',#7722);
#7722 = AXIS2_PLACEMENT_3D('',#7723,#7724,#7725);
#7723 = CARTESIAN_POINT('',(320.,469.,382.));
#7724 = DIRECTION('',(0.,-1.,0.));
#7725 = DIRECTION('',(0.,0.,1.));
#7726 = ADVANCED_FACE('',(#7727,#7738,#7741),#7752,.F.);
#7727 = FACE_BOUND('',#7728,.F.);
#7728 = EDGE_LOOP('',(#7729));
#7729 = ORIENTED_EDGE('',*,*,#7730,.T.);
#7730 = EDGE_CURVE('',#7731,#7731,#7733,.T.);
#7731 = VERTEX_POINT('',#7732);
#7732 = CARTESIAN_POINT('',(320.,447.,405.));
#7733 = CIRCLE('',#7734,23.);
#7734 = AXIS2_PLACEMENT_3D('',#7735,#7736,#7737);
#7735 = CARTESIAN_POINT('',(320.,447.,382.));
#7736 = DIRECTION('',(0.,-1.,0.));
#7737 = DIRECTION('',(0.,0.,1.));
#7738 = FACE_BOUND('',#7739,.F.);
#7739 = EDGE_LOOP('',(#7740));
#7740 = ORIENTED_EDGE('',*,*,#7589,.F.);
#7741 = FACE_BOUND('',#7742,.F.);
#7742 = EDGE_LOOP('',(#7743));
#7743 = ORIENTED_EDGE('',*,*,#7744,.F.);
#7744 = EDGE_CURVE('',#7745,#7745,#7747,.T.);
#7745 = VERTEX_POINT('',#7746);
#7746 = CARTESIAN_POINT('',(320.,447.,399.55));
#7747 = CIRCLE('',#7748,1.55);
#7748 = AXIS2_PLACEMENT_3D('',#7749,#7750,#7751);
#7749 = CARTESIAN_POINT('',(320.,447.,398.));
#7750 = DIRECTION('',(0.,-1.,0.));
#7751 = DIRECTION('',(0.,0.,1.));
#7752 = PLANE('',#7753);
#7753 = AXIS2_PLACEMENT_3D('',#7754,#7755,#7756);
#7754 = CARTESIAN_POINT('',(320.,447.,382.));
#7755 = DIRECTION('',(0.,-1.,0.));
#7756 = DIRECTION('',(0.,0.,1.));
#7757 = ADVANCED_FACE('',(#7758),#7777,.F.);
#7758 = FACE_BOUND('',#7759,.F.);
#7759 = EDGE_LOOP('',(#7760,#7761,#7769,#7776));
#7760 = ORIENTED_EDGE('',*,*,#7606,.F.);
#7761 = ORIENTED_EDGE('',*,*,#7762,.F.);
#7762 = EDGE_CURVE('',#7763,#7607,#7765,.T.);
#7763 = VERTEX_POINT('',#7764);
#7764 = CARTESIAN_POINT('',(311.975,455.35,382.));
#7765 = LINE('',#7766,#7767);
#7766 = CARTESIAN_POINT('',(320.,455.35,382.));
#7767 = VECTOR('',#7768,1.);
#7768 = DIRECTION('',(-1.,0.,0.));
#7769 = ORIENTED_EDGE('',*,*,#7770,.T.);
#7770 = EDGE_CURVE('',#7763,#7763,#7771,.T.);
#7771 = CIRCLE('',#7772,1.65);
#7772 = AXIS2_PLACEMENT_3D('',#7773,#7774,#7775);
#7773 = CARTESIAN_POINT('',(311.975,457.,382.));
#7774 = DIRECTION('',(-1.,0.,0.));
#7775 = DIRECTION('',(0.,-1.,0.));
#7776 = ORIENTED_EDGE('',*,*,#7762,.T.);
#7777 = CYLINDRICAL_SURFACE('',#7778,1.65);
#7778 = AXIS2_PLACEMENT_3D('',#7779,#7780,#7781);
#7779 = CARTESIAN_POINT('',(320.,457.,382.));
#7780 = DIRECTION('',(-1.,0.,0.));
#7781 = DIRECTION('',(0.,-1.,0.));
#7782 = ADVANCED_FACE('',(#7783),#7808,.F.);
#7783 = FACE_BOUND('',#7784,.F.);
#7784 = EDGE_LOOP('',(#7785,#7793,#7794,#7802));
#7785 = ORIENTED_EDGE('',*,*,#7786,.F.);
#7786 = EDGE_CURVE('',#7708,#7787,#7789,.T.);
#7787 = VERTEX_POINT('',#7788);
#7788 = CARTESIAN_POINT('',(314.33447928253,439.,384.05));
#7789 = LINE('',#7790,#7791);
#7790 = CARTESIAN_POINT('',(314.33447928253,469.,384.05));
#7791 = VECTOR('',#7792,1.);
#7792 = DIRECTION('',(0.,-1.,0.));
#7793 = ORIENTED_EDGE('',*,*,#7707,.T.);
#7794 = ORIENTED_EDGE('',*,*,#7795,.T.);
#7795 = EDGE_CURVE('',#7700,#7796,#7798,.T.);
#7796 = VERTEX_POINT('',#7797);
#7797 = CARTESIAN_POINT('',(311.975,439.,384.05));
#7798 = LINE('',#7799,#7800);
#7799 = CARTESIAN_POINT('',(311.975,469.,384.05));
#7800 = VECTOR('',#7801,1.);
#7801 = DIRECTION('',(0.,-1.,0.));
#7802 = ORIENTED_EDGE('',*,*,#7803,.F.);
#7803 = EDGE_CURVE('',#7787,#7796,#7804,.T.);
#7804 = LINE('',#7805,#7806);
#7805 = CARTESIAN_POINT('',(316.575,439.,384.05));
#7806 = VECTOR('',#7807,1.);
#7807 = DIRECTION('',(-1.,0.,0.));
#7808 = PLANE('',#7809);
#7809 = AXIS2_PLACEMENT_3D('',#7810,#7811,#7812);
#7810 = CARTESIAN_POINT('',(316.575,469.,384.05));
#7811 = DIRECTION('',(0.,0.,1.));
#7812 = DIRECTION('',(0.,-1.,0.));
#7813 = ADVANCED_FACE('',(#7814,#7832),#7835,.F.);
#7814 = FACE_BOUND('',#7815,.F.);
#7815 = EDGE_LOOP('',(#7816,#7817,#7825,#7831));
#7816 = ORIENTED_EDGE('',*,*,#7699,.F.);
#7817 = ORIENTED_EDGE('',*,*,#7818,.T.);
#7818 = EDGE_CURVE('',#7692,#7819,#7821,.T.);
#7819 = VERTEX_POINT('',#7820);
#7820 = CARTESIAN_POINT('',(311.975,439.,379.95));
#7821 = LINE('',#7822,#7823);
#7822 = CARTESIAN_POINT('',(311.975,469.,379.95));
#7823 = VECTOR('',#7824,1.);
#7824 = DIRECTION('',(0.,-1.,0.));
#7825 = ORIENTED_EDGE('',*,*,#7826,.T.);
#7826 = EDGE_CURVE('',#7819,#7796,#7827,.T.);
#7827 = LINE('',#7828,#7829);
#7828 = CARTESIAN_POINT('',(311.975,439.,379.95));
#7829 = VECTOR('',#7830,1.);
#7830 = DIRECTION('',(0.,0.,1.));
#7831 = ORIENTED_EDGE('',*,*,#7795,.F.);
#7832 = FACE_BOUND('',#7833,.F.);
#7833 = EDGE_LOOP('',(#7834));
#7834 = ORIENTED_EDGE('',*,*,#7770,.F.);
#7835 = PLANE('',#7836);
#7836 = AXIS2_PLACEMENT_3D('',#7837,#7838,#7839);
#7837 = CARTESIAN_POINT('',(311.975,469.,379.95));
#7838 = DIRECTION('',(-1.,0.,0.));
#7839 = DIRECTION('',(0.,-1.,0.));
#7840 = ADVANCED_FACE('',(#7841),#7859,.T.);
#7841 = FACE_BOUND('',#7842,.T.);
#7842 = EDGE_LOOP('',(#7843,#7851,#7852,#7853));
#7843 = ORIENTED_EDGE('',*,*,#7844,.F.);
#7844 = EDGE_CURVE('',#7681,#7845,#7847,.T.);
#7845 = VERTEX_POINT('',#7846);
#7846 = CARTESIAN_POINT('',(314.33447928253,439.,379.95));
#7847 = LINE('',#7848,#7849);
#7848 = CARTESIAN_POINT('',(314.33447928253,469.,379.95));
#7849 = VECTOR('',#7850,1.);
#7850 = DIRECTION('',(0.,-1.,0.));
#7851 = ORIENTED_EDGE('',*,*,#7691,.T.);
#7852 = ORIENTED_EDGE('',*,*,#7818,.T.);
#7853 = ORIENTED_EDGE('',*,*,#7854,.F.);
#7854 = EDGE_CURVE('',#7845,#7819,#7855,.T.);
#7855 = LINE('',#7856,#7857);
#7856 = CARTESIAN_POINT('',(316.575,439.,379.95));
#7857 = VECTOR('',#7858,1.);
#7858 = DIRECTION('',(-1.,0.,0.));
#7859 = PLANE('',#7860);
#7860 = AXIS2_PLACEMENT_3D('',#7861,#7862,#7863);
#7861 = CARTESIAN_POINT('',(316.575,469.,379.95));
#7862 = DIRECTION('',(0.,0.,1.));
#7863 = DIRECTION('',(0.,-1.,0.));
#7864 = ADVANCED_FACE('',(#7865),#7884,.T.);
#7865 = FACE_BOUND('',#7866,.T.);
#7866 = EDGE_LOOP('',(#7867,#7876,#7882,#7883));
#7867 = ORIENTED_EDGE('',*,*,#7868,.F.);
#7868 = EDGE_CURVE('',#7869,#7869,#7871,.T.);
#7869 = VERTEX_POINT('',#7870);
#7870 = CARTESIAN_POINT('',(320.,443.,405.));
#7871 = CIRCLE('',#7872,23.);
#7872 = AXIS2_PLACEMENT_3D('',#7873,#7874,#7875);
#7873 = CARTESIAN_POINT('',(320.,443.,382.));
#7874 = DIRECTION('',(0.,-1.,0.));
#7875 = DIRECTION('',(0.,0.,1.));
#7876 = ORIENTED_EDGE('',*,*,#7877,.F.);
#7877 = EDGE_CURVE('',#7731,#7869,#7878,.T.);
#7878 = LINE('',#7879,#7880);
#7879 = CARTESIAN_POINT('',(320.,447.,405.));
#7880 = VECTOR('',#7881,1.);
#7881 = DIRECTION('',(0.,-1.,0.));
#7882 = ORIENTED_EDGE('',*,*,#7730,.T.);
#7883 = ORIENTED_EDGE('',*,*,#7877,.T.);
#7884 = CYLINDRICAL_SURFACE('',#7885,23.);
#7885 = AXIS2_PLACEMENT_3D('',#7886,#7887,#7888);
#7886 = CARTESIAN_POINT('',(320.,447.,382.));
#7887 = DIRECTION('',(0.,-1.,0.));
#7888 = DIRECTION('',(0.,0.,1.));
#7889 = ADVANCED_FACE('',(#7890),#7909,.F.);
#7890 = FACE_BOUND('',#7891,.F.);
#7891 = EDGE_LOOP('',(#7892,#7901,#7907,#7908));
#7892 = ORIENTED_EDGE('',*,*,#7893,.F.);
#7893 = EDGE_CURVE('',#7894,#7894,#7896,.T.);
#7894 = VERTEX_POINT('',#7895);
#7895 = CARTESIAN_POINT('',(320.,443.,399.55));
#7896 = CIRCLE('',#7897,1.55);
#7897 = AXIS2_PLACEMENT_3D('',#7898,#7899,#7900);
#7898 = CARTESIAN_POINT('',(320.,443.,398.));
#7899 = DIRECTION('',(0.,-1.,0.));
#7900 = DIRECTION('',(0.,0.,1.));
#7901 = ORIENTED_EDGE('',*,*,#7902,.F.);
#7902 = EDGE_CURVE('',#7745,#7894,#7903,.T.);
#7903 = LINE('',#7904,#7905);
#7904 = CARTESIAN_POINT('',(320.,447.,399.55));
#7905 = VECTOR('',#7906,1.);
#7906 = DIRECTION('',(0.,-1.,0.));
#7907 = ORIENTED_EDGE('',*,*,#7744,.T.);
#7908 = ORIENTED_EDGE('',*,*,#7902,.T.);
#7909 = CYLINDRICAL_SURFACE('',#7910,1.55);
#7910 = AXIS2_PLACEMENT_3D('',#7911,#7912,#7913);
#7911 = CARTESIAN_POINT('',(320.,447.,398.));
#7912 = DIRECTION('',(0.,-1.,0.));
#7913 = DIRECTION('',(0.,0.,1.));
#7914 = ADVANCED_FACE('',(#7915,#7926),#7947,.T.);
#7915 = FACE_BOUND('',#7916,.T.);
#7916 = EDGE_LOOP('',(#7917));
#7917 = ORIENTED_EDGE('',*,*,#7918,.T.);
#7918 = EDGE_CURVE('',#7919,#7919,#7921,.T.);
#7919 = VERTEX_POINT('',#7920);
#7920 = CARTESIAN_POINT('',(320.,439.,392.));
#7921 = CIRCLE('',#7922,10.);
#7922 = AXIS2_PLACEMENT_3D('',#7923,#7924,#7925);
#7923 = CARTESIAN_POINT('',(320.,439.,382.));
#7924 = DIRECTION('',(0.,-1.,0.));
#7925 = DIRECTION('',(0.,0.,1.));
#7926 = FACE_BOUND('',#7927,.T.);
#7927 = EDGE_LOOP('',(#7928,#7937,#7938,#7939,#7940));
#7928 = ORIENTED_EDGE('',*,*,#7929,.F.);
#7929 = EDGE_CURVE('',#7845,#7930,#7932,.T.);
#7930 = VERTEX_POINT('',#7931);
#7931 = CARTESIAN_POINT('',(320.,439.,388.025));
#7932 = CIRCLE('',#7933,6.025);
#7933 = AXIS2_PLACEMENT_3D('',#7934,#7935,#7936);
#7934 = CARTESIAN_POINT('',(320.,439.,382.));
#7935 = DIRECTION('',(0.,-1.,0.));
#7936 = DIRECTION('',(0.,0.,1.));
#7937 = ORIENTED_EDGE('',*,*,#7854,.T.);
#7938 = ORIENTED_EDGE('',*,*,#7826,.T.);
#7939 = ORIENTED_EDGE('',*,*,#7803,.F.);
#7940 = ORIENTED_EDGE('',*,*,#7941,.F.);
#7941 = EDGE_CURVE('',#7930,#7787,#7942,.T.);
#7942 = CIRCLE('',#7943,6.025);
#7943 = AXIS2_PLACEMENT_3D('',#7944,#7945,#7946);
#7944 = CARTESIAN_POINT('',(320.,439.,382.));
#7945 = DIRECTION('',(0.,-1.,0.));
#7946 = DIRECTION('',(0.,0.,1.));
#7947 = PLANE('',#7948);
#7948 = AXIS2_PLACEMENT_3D('',#7949,#7950,#7951);
#7949 = CARTESIAN_POINT('',(320.,439.,382.));
#7950 = DIRECTION('',(0.,-1.,0.));
#7951 = DIRECTION('',(0.,0.,1.));
#7952 = ADVANCED_FACE('',(#7953,#7956,#7967),#7970,.T.);
#7953 = FACE_BOUND('',#7954,.T.);
#7954 = EDGE_LOOP('',(#7955));
#7955 = ORIENTED_EDGE('',*,*,#7868,.T.);
#7956 = FACE_BOUND('',#7957,.T.);
#7957 = EDGE_LOOP('',(#7958));
#7958 = ORIENTED_EDGE('',*,*,#7959,.F.);
#7959 = EDGE_CURVE('',#7960,#7960,#7962,.T.);
#7960 = VERTEX_POINT('',#7961);
#7961 = CARTESIAN_POINT('',(320.,443.,392.));
#7962 = CIRCLE('',#7963,10.);
#7963 = AXIS2_PLACEMENT_3D('',#7964,#7965,#7966);
#7964 = CARTESIAN_POINT('',(320.,443.,382.));
#7965 = DIRECTION('',(0.,-1.,0.));
#7966 = DIRECTION('',(0.,0.,1.));
#7967 = FACE_BOUND('',#7968,.T.);
#7968 = EDGE_LOOP('',(#7969));
#7969 = ORIENTED_EDGE('',*,*,#7893,.F.);
#7970 = PLANE('',#7971);
#7971 = AXIS2_PLACEMENT_3D('',#7972,#7973,#7974);
#7972 = CARTESIAN_POINT('',(320.,443.,382.));
#7973 = DIRECTION('',(0.,-1.,0.));
#7974 = DIRECTION('',(0.,0.,1.));
#7975 = ADVANCED_FACE('',(#7976),#7987,.T.);
#7976 = FACE_BOUND('',#7977,.T.);
#7977 = EDGE_LOOP('',(#7978,#7979,#7985,#7986));
#7978 = ORIENTED_EDGE('',*,*,#7918,.F.);
#7979 = ORIENTED_EDGE('',*,*,#7980,.F.);
#7980 = EDGE_CURVE('',#7960,#7919,#7981,.T.);
#7981 = LINE('',#7982,#7983);
#7982 = CARTESIAN_POINT('',(320.,443.,392.));
#7983 = VECTOR('',#7984,1.);
#7984 = DIRECTION('',(0.,-1.,0.));
#7985 = ORIENTED_EDGE('',*,*,#7959,.T.);
#7986 = ORIENTED_EDGE('',*,*,#7980,.T.);
#7987 = CYLINDRICAL_SURFACE('',#7988,10.);
#7988 = AXIS2_PLACEMENT_3D('',#7989,#7990,#7991);
#7989 = CARTESIAN_POINT('',(320.,443.,382.));
#7990 = DIRECTION('',(0.,-1.,0.));
#7991 = DIRECTION('',(0.,0.,1.));
#7992 = ADVANCED_FACE('',(#7993),#8001,.F.);
#7993 = FACE_BOUND('',#7994,.F.);
#7994 = EDGE_LOOP('',(#7995,#7996,#7997,#7998,#7999,#8000));
#7995 = ORIENTED_EDGE('',*,*,#7786,.T.);
#7996 = ORIENTED_EDGE('',*,*,#7941,.F.);
#7997 = ORIENTED_EDGE('',*,*,#7929,.F.);
#7998 = ORIENTED_EDGE('',*,*,#7844,.F.);
#7999 = ORIENTED_EDGE('',*,*,#7680,.T.);
#8000 = ORIENTED_EDGE('',*,*,#7715,.T.);
#8001 = CYLINDRICAL_SURFACE('',#8002,6.025);
#8002 = AXIS2_PLACEMENT_3D('',#8003,#8004,#8005);
#8003 = CARTESIAN_POINT('',(320.,469.,382.));
#8004 = DIRECTION('',(0.,-1.,0.));
#8005 = DIRECTION('',(0.,0.,1.));
#8006 = MANIFOLD_SOLID_BREP('',#8007);
#8007 = CLOSED_SHELL('',(#8008,#8041,#8072,#8103,#8193,#8210,#8235,#8288
    ,#8313,#8366,#8388,#8408,#8425));
#8008 = ADVANCED_FACE('',(#8009),#8036,.T.);
#8009 = FACE_BOUND('',#8010,.T.);
#8010 = EDGE_LOOP('',(#8011,#8020,#8028,#8035));
#8011 = ORIENTED_EDGE('',*,*,#8012,.F.);
#8012 = EDGE_CURVE('',#8013,#8013,#8015,.T.);
#8013 = VERTEX_POINT('',#8014);
#8014 = CARTESIAN_POINT('',(320.,438.6,405.));
#8015 = CIRCLE('',#8016,23.);
#8016 = AXIS2_PLACEMENT_3D('',#8017,#8018,#8019);
#8017 = CARTESIAN_POINT('',(320.,438.6,382.));
#8018 = DIRECTION('',(0.,-1.,0.));
#8019 = DIRECTION('',(0.,0.,1.));
#8020 = ORIENTED_EDGE('',*,*,#8021,.F.);
#8021 = EDGE_CURVE('',#8022,#8013,#8024,.T.);
#8022 = VERTEX_POINT('',#8023);
#8023 = CARTESIAN_POINT('',(320.,442.6,405.));
#8024 = LINE('',#8025,#8026);
#8025 = CARTESIAN_POINT('',(320.,442.6,405.));
#8026 = VECTOR('',#8027,1.);
#8027 = DIRECTION('',(0.,-1.,0.));
#8028 = ORIENTED_EDGE('',*,*,#8029,.T.);
#8029 = EDGE_CURVE('',#8022,#8022,#8030,.T.);
#8030 = CIRCLE('',#8031,23.);
#8031 = AXIS2_PLACEMENT_3D('',#8032,#8033,#8034);
#8032 = CARTESIAN_POINT('',(320.,442.6,382.));
#8033 = DIRECTION('',(0.,-1.,0.));
#8034 = DIRECTION('',(0.,0.,1.));
#8035 = ORIENTED_EDGE('',*,*,#8021,.T.);
#8036 = CYLINDRICAL_SURFACE('',#8037,23.);
#8037 = AXIS2_PLACEMENT_3D('',#8038,#8039,#8040);
#8038 = CARTESIAN_POINT('',(320.,442.6,382.));
#8039 = DIRECTION('',(0.,-1.,0.));
#8040 = DIRECTION('',(0.,0.,1.));
#8041 = ADVANCED_FACE('',(#8042,#8045,#8056),#8067,.T.);
#8042 = FACE_BOUND('',#8043,.T.);
#8043 = EDGE_LOOP('',(#8044));
#8044 = ORIENTED_EDGE('',*,*,#8012,.T.);
#8045 = FACE_BOUND('',#8046,.T.);
#8046 = EDGE_LOOP('',(#8047));
#8047 = ORIENTED_EDGE('',*,*,#8048,.F.);
#8048 = EDGE_CURVE('',#8049,#8049,#8051,.T.);
#8049 = VERTEX_POINT('',#8050);
#8050 = CARTESIAN_POINT('',(320.,438.6,396.));
#8051 = CIRCLE('',#8052,14.);
#8052 = AXIS2_PLACEMENT_3D('',#8053,#8054,#8055);
#8053 = CARTESIAN_POINT('',(320.,438.6,382.));
#8054 = DIRECTION('',(0.,-1.,0.));
#8055 = DIRECTION('',(0.,0.,1.));
#8056 = FACE_BOUND('',#8057,.T.);
#8057 = EDGE_LOOP('',(#8058));
#8058 = ORIENTED_EDGE('',*,*,#8059,.F.);
#8059 = EDGE_CURVE('',#8060,#8060,#8062,.T.);
#8060 = VERTEX_POINT('',#8061);
#8061 = CARTESIAN_POINT('',(320.,438.6,399.55));
#8062 = CIRCLE('',#8063,1.55);
#8063 = AXIS2_PLACEMENT_3D('',#8064,#8065,#8066);
#8064 = CARTESIAN_POINT('',(320.,438.6,398.));
#8065 = DIRECTION('',(0.,-1.,0.));
#8066 = DIRECTION('',(0.,0.,1.));
#8067 = PLANE('',#8068);
#8068 = AXIS2_PLACEMENT_3D('',#8069,#8070,#8071);
#8069 = CARTESIAN_POINT('',(320.,438.6,382.));
#8070 = DIRECTION('',(0.,-1.,0.));
#8071 = DIRECTION('',(0.,0.,1.));
#8072 = ADVANCED_FACE('',(#8073,#8076,#8087),#8098,.F.);
#8073 = FACE_BOUND('',#8074,.F.);
#8074 = EDGE_LOOP('',(#8075));
#8075 = ORIENTED_EDGE('',*,*,#8029,.T.);
#8076 = FACE_BOUND('',#8077,.F.);
#8077 = EDGE_LOOP('',(#8078));
#8078 = ORIENTED_EDGE('',*,*,#8079,.F.);
#8079 = EDGE_CURVE('',#8080,#8080,#8082,.T.);
#8080 = VERTEX_POINT('',#8081);
#8081 = CARTESIAN_POINT('',(320.,442.6,392.05));
#8082 = CIRCLE('',#8083,10.05);
#8083 = AXIS2_PLACEMENT_3D('',#8084,#8085,#8086);
#8084 = CARTESIAN_POINT('',(320.,442.6,382.));
#8085 = DIRECTION('',(0.,-1.,0.));
#8086 = DIRECTION('',(0.,0.,1.));
#8087 = FACE_BOUND('',#8088,.F.);
#8088 = EDGE_LOOP('',(#8089));
#8089 = ORIENTED_EDGE('',*,*,#8090,.F.);
#8090 = EDGE_CURVE('',#8091,#8091,#8093,.T.);
#8091 = VERTEX_POINT('',#8092);
#8092 = CARTESIAN_POINT('',(320.,442.6,399.55));
#8093 = CIRCLE('',#8094,1.55);
#8094 = AXIS2_PLACEMENT_3D('',#8095,#8096,#8097);
#8095 = CARTESIAN_POINT('',(320.,442.6,398.));
#8096 = DIRECTION('',(0.,-1.,0.));
#8097 = DIRECTION('',(0.,0.,1.));
#8098 = PLANE('',#8099);
#8099 = AXIS2_PLACEMENT_3D('',#8100,#8101,#8102);
#8100 = CARTESIAN_POINT('',(320.,442.6,382.));
#8101 = DIRECTION('',(0.,-1.,0.));
#8102 = DIRECTION('',(0.,0.,1.));
#8103 = ADVANCED_FACE('',(#8104,#8123),#8188,.T.);
#8104 = FACE_BOUND('',#8105,.T.);
#8105 = EDGE_LOOP('',(#8106,#8114,#8121,#8122));
#8106 = ORIENTED_EDGE('',*,*,#8107,.T.);
#8107 = EDGE_CURVE('',#8049,#8108,#8110,.T.);
#8108 = VERTEX_POINT('',#8109);
#8109 = CARTESIAN_POINT('',(320.,416.6,396.));
#8110 = LINE('',#8111,#8112);
#8111 = CARTESIAN_POINT('',(320.,438.6,396.));
#8112 = VECTOR('',#8113,1.);
#8113 = DIRECTION('',(0.,-1.,0.));
#8114 = ORIENTED_EDGE('',*,*,#8115,.F.);
#8115 = EDGE_CURVE('',#8108,#8108,#8116,.T.);
#8116 = CIRCLE('',#8117,14.);
#8117 = AXIS2_PLACEMENT_3D('',#8118,#8119,#8120);
#8118 = CARTESIAN_POINT('',(320.,416.6,382.));
#8119 = DIRECTION('',(0.,-1.,0.));
#8120 = DIRECTION('',(0.,0.,1.));
#8121 = ORIENTED_EDGE('',*,*,#8107,.F.);
#8122 = ORIENTED_EDGE('',*,*,#8048,.T.);
#8123 = FACE_BOUND('',#8124,.T.);
#8124 = EDGE_LOOP('',(#8125));
#8125 = ORIENTED_EDGE('',*,*,#8126,.F.);
#8126 = EDGE_CURVE('',#8127,#8127,#8129,.T.);
#8127 = VERTEX_POINT('',#8128);
#8128 = CARTESIAN_POINT('',(306.,426.95,382.));
#8129 = B_SPLINE_CURVE_WITH_KNOTS('',8,(#8130,#8131,#8132,#8133,#8134,
    #8135,#8136,#8137,#8138,#8139,#8140,#8141,#8142,#8143,#8144,#8145,
    #8146,#8147,#8148,#8149,#8150,#8151,#8152,#8153,#8154,#8155,#8156,
    #8157,#8158,#8159,#8160,#8161,#8162,#8163,#8164,#8165,#8166,#8167,
    #8168,#8169,#8170,#8171,#8172,#8173,#8174,#8175,#8176,#8177,#8178,
    #8179,#8180,#8181,#8182,#8183,#8184,#8185,#8186,#8187),
  .UNSPECIFIED.,.T.,.F.,(9,7,7,7,7,7,7,7,9),(0.,0.142543386592,
    0.276791476681,0.444639238224,0.591240051458,0.686339625139,
    0.790949681286,0.892367508944,1.),.UNSPECIFIED.);
#8130 = CARTESIAN_POINT('',(306.,426.95,382.));
#8131 = CARTESIAN_POINT('',(306.,426.95,382.19813565686));
#8132 = CARTESIAN_POINT('',(306.00320478294,426.9771912558,
    382.39183081094));
#8133 = CARTESIAN_POINT('',(306.00936253138,427.02944237179,
    382.57690054603));
#8134 = CARTESIAN_POINT('',(306.01785605539,427.10397664423,
    382.74972179961));
#8135 = CARTESIAN_POINT('',(306.02781287252,427.19739314002,
    382.90730782825));
#8136 = CARTESIAN_POINT('',(306.03829641393,427.30569619977,
    383.04743913825));
#8137 = CARTESIAN_POINT('',(306.04849751108,427.42433445093,
    383.16883464826));
#8138 = CARTESIAN_POINT('',(306.06664912972,427.66495510706,
    383.3678933667));
#8139 = CARTESIAN_POINT('',(306.07487804182,427.78875398018,
    383.44968630557));
#8140 = CARTESIAN_POINT('',(306.08215607348,427.91783380823,
    383.51710076243));
#8141 = CARTESIAN_POINT('',(306.08821191444,428.05075654566,
    383.5705308267));
#8142 = CARTESIAN_POINT('',(306.0928640342,428.18635530436,
    383.61033089354));
#8143 = CARTESIAN_POINT('',(306.09600213033,428.32365417826,
    383.63677137116));
#8144 = CARTESIAN_POINT('',(306.09757215447,428.46180073594,383.65));
#8145 = CARTESIAN_POINT('',(306.09757215447,428.77278783708,383.65));
#8146 = CARTESIAN_POINT('',(306.09511806511,428.94551505092,
    383.62932159287));
#8147 = CARTESIAN_POINT('',(306.09021164402,429.11662410019,
    383.58798529646));
#8148 = CARTESIAN_POINT('',(306.08298542741,429.28440452156,
    383.52562152299));
#8149 = CARTESIAN_POINT('',(306.07370962785,429.44680685965,
    383.44158998492));
#8150 = CARTESIAN_POINT('',(306.06285001848,429.60124296961,
    383.33508841005));
#8151 = CARTESIAN_POINT('',(306.05113152256,429.7443064359,
    383.20531506454));
#8152 = CARTESIAN_POINT('',(306.02945742649,429.98230590022,
    382.91762313266));
#8153 = CARTESIAN_POINT('',(306.01915895942,430.08441589675,
    382.76126734544));
#8154 = CARTESIAN_POINT('',(306.00969699116,430.16945903893,
    382.58500481079));
#8155 = CARTESIAN_POINT('',(306.00229462784,430.23129796674,
    382.39307154861));
#8156 = CARTESIAN_POINT('',(305.99805209774,430.26588173882,
    382.19115213471));
#8157 = CARTESIAN_POINT('',(305.99746360056,430.27129666042,
    381.98566124427));
#8158 = CARTESIAN_POINT('',(306.00034083171,430.2478449592,
    381.78316319582));
#8159 = CARTESIAN_POINT('',(306.00969544808,430.16593314695,
    381.46413775033));
#8160 = CARTESIAN_POINT('',(306.014579039,430.12243694943,
    381.34150944634));
#8161 = CARTESIAN_POINT('',(306.02052841855,430.06798070082,
    381.22296220149));
#8162 = CARTESIAN_POINT('',(306.02734300322,430.00301422838,
    381.10962897071));
#8163 = CARTESIAN_POINT('',(306.03477116471,429.92812641363,
    381.0025827887));
#8164 = CARTESIAN_POINT('',(306.04252726663,429.8440385556,
    380.90282258899));
#8165 = CARTESIAN_POINT('',(306.05031332855,429.75159479264,
    380.81125229023));
#8166 = CARTESIAN_POINT('',(306.06613054732,429.54191930126,
    380.63779363845));
#8167 = CARTESIAN_POINT('',(306.07411050383,429.42309949256,
    380.5577628351));
#8168 = CARTESIAN_POINT('',(306.08140628491,429.29656345491,
    380.48962105115));
#8169 = CARTESIAN_POINT('',(306.08765689425,429.16370787072,
    380.43422480883));
#8170 = CARTESIAN_POINT('',(306.09256015536,429.02603174426,
    380.39222763452));
#8171 = CARTESIAN_POINT('',(306.09590171758,428.88510952949,
    380.36407594123));
#8172 = CARTESIAN_POINT('',(306.09757215447,428.74255844844,380.35));
#8173 = CARTESIAN_POINT('',(306.09757215447,428.46179179432,380.35));
#8174 = CARTESIAN_POINT('',(306.09600192993,428.32364306498,
    380.36323032618));
#8175 = CARTESIAN_POINT('',(306.09286368914,428.18634818095,
    380.38967199543));
#8176 = CARTESIAN_POINT('',(306.08821173863,428.05075748504,
    380.42947082076));
#8177 = CARTESIAN_POINT('',(306.08215640224,427.91784327734,
    380.48289674012));
#8178 = CARTESIAN_POINT('',(306.07487889161,427.78876809562,
    380.55030600266));
#8179 = CARTESIAN_POINT('',(306.0666499783,427.66496635596,
    380.63209732739));
#8180 = CARTESIAN_POINT('',(306.04850112666,427.42438237955,
    380.83112570173));
#8181 = CARTESIAN_POINT('',(306.03829977424,427.30572786538,
    380.95251665603));
#8182 = CARTESIAN_POINT('',(306.02781300092,427.19738757456,
    381.09267769996));
#8183 = CARTESIAN_POINT('',(306.01785249411,427.10394186315,
    381.25031474787));
#8184 = CARTESIAN_POINT('',(306.00935766613,427.02940114853,
    381.42318709216));
#8185 = CARTESIAN_POINT('',(306.00320188514,426.97716665935,
    381.60828263997));
#8186 = CARTESIAN_POINT('',(306.,426.95,381.801953977));
#8187 = CARTESIAN_POINT('',(306.,426.95,382.));
#8188 = CYLINDRICAL_SURFACE('',#8189,14.);
#8189 = AXIS2_PLACEMENT_3D('',#8190,#8191,#8192);
#8190 = CARTESIAN_POINT('',(320.,438.6,382.));
#8191 = DIRECTION('',(0.,-1.,0.));
#8192 = DIRECTION('',(0.,0.,1.));
#8193 = ADVANCED_FACE('',(#8194),#8205,.F.);
#8194 = FACE_BOUND('',#8195,.F.);
#8195 = EDGE_LOOP('',(#8196,#8202,#8203,#8204));
#8196 = ORIENTED_EDGE('',*,*,#8197,.T.);
#8197 = EDGE_CURVE('',#8091,#8060,#8198,.T.);
#8198 = LINE('',#8199,#8200);
#8199 = CARTESIAN_POINT('',(320.,447.,399.55));
#8200 = VECTOR('',#8201,1.);
#8201 = DIRECTION('',(0.,-1.,0.));
#8202 = ORIENTED_EDGE('',*,*,#8059,.F.);
#8203 = ORIENTED_EDGE('',*,*,#8197,.F.);
#8204 = ORIENTED_EDGE('',*,*,#8090,.T.);
#8205 = CYLINDRICAL_SURFACE('',#8206,1.55);
#8206 = AXIS2_PLACEMENT_3D('',#8207,#8208,#8209);
#8207 = CARTESIAN_POINT('',(320.,447.,398.));
#8208 = DIRECTION('',(0.,-1.,0.));
#8209 = DIRECTION('',(0.,0.,1.));
#8210 = ADVANCED_FACE('',(#8211),#8230,.F.);
#8211 = FACE_BOUND('',#8212,.F.);
#8212 = EDGE_LOOP('',(#8213,#8222,#8228,#8229));
#8213 = ORIENTED_EDGE('',*,*,#8214,.F.);
#8214 = EDGE_CURVE('',#8215,#8215,#8217,.T.);
#8215 = VERTEX_POINT('',#8216);
#8216 = CARTESIAN_POINT('',(320.,438.4,392.05));
#8217 = CIRCLE('',#8218,10.05);
#8218 = AXIS2_PLACEMENT_3D('',#8219,#8220,#8221);
#8219 = CARTESIAN_POINT('',(320.,438.4,382.));
#8220 = DIRECTION('',(0.,-1.,0.));
#8221 = DIRECTION('',(0.,0.,1.));
#8222 = ORIENTED_EDGE('',*,*,#8223,.F.);
#8223 = EDGE_CURVE('',#8080,#8215,#8224,.T.);
#8224 = LINE('',#8225,#8226);
#8225 = CARTESIAN_POINT('',(320.,442.6,392.05));
#8226 = VECTOR('',#8227,1.);
#8227 = DIRECTION('',(0.,-1.,0.));
#8228 = ORIENTED_EDGE('',*,*,#8079,.T.);
#8229 = ORIENTED_EDGE('',*,*,#8223,.T.);
#8230 = CYLINDRICAL_SURFACE('',#8231,10.05);
#8231 = AXIS2_PLACEMENT_3D('',#8232,#8233,#8234);
#8232 = CARTESIAN_POINT('',(320.,442.6,382.));
#8233 = DIRECTION('',(0.,-1.,0.));
#8234 = DIRECTION('',(0.,0.,1.));
#8235 = ADVANCED_FACE('',(#8236,#8239),#8283,.T.);
#8236 = FACE_BOUND('',#8237,.T.);
#8237 = EDGE_LOOP('',(#8238));
#8238 = ORIENTED_EDGE('',*,*,#8115,.T.);
#8239 = FACE_BOUND('',#8240,.T.);
#8240 = EDGE_LOOP('',(#8241,#8252,#8260,#8268,#8276));
#8241 = ORIENTED_EDGE('',*,*,#8242,.F.);
#8242 = EDGE_CURVE('',#8243,#8245,#8247,.T.);
#8243 = VERTEX_POINT('',#8244);
#8244 = CARTESIAN_POINT('',(314.33447928253,416.6,379.95));
#8245 = VERTEX_POINT('',#8246);
#8246 = CARTESIAN_POINT('',(320.,416.6,388.025));
#8247 = CIRCLE('',#8248,6.025);
#8248 = AXIS2_PLACEMENT_3D('',#8249,#8250,#8251);
#8249 = CARTESIAN_POINT('',(320.,416.6,382.));
#8250 = DIRECTION('',(0.,-1.,0.));
#8251 = DIRECTION('',(0.,0.,1.));
#8252 = ORIENTED_EDGE('',*,*,#8253,.T.);
#8253 = EDGE_CURVE('',#8243,#8254,#8256,.T.);
#8254 = VERTEX_POINT('',#8255);
#8255 = CARTESIAN_POINT('',(311.975,416.6,379.95));
#8256 = LINE('',#8257,#8258);
#8257 = CARTESIAN_POINT('',(316.575,416.6,379.95));
#8258 = VECTOR('',#8259,1.);
#8259 = DIRECTION('',(-1.,0.,0.));
#8260 = ORIENTED_EDGE('',*,*,#8261,.T.);
#8261 = EDGE_CURVE('',#8254,#8262,#8264,.T.);
#8262 = VERTEX_POINT('',#8263);
#8263 = CARTESIAN_POINT('',(311.975,416.6,384.05));
#8264 = LINE('',#8265,#8266);
#8265 = CARTESIAN_POINT('',(311.975,416.6,379.95));
#8266 = VECTOR('',#8267,1.);
#8267 = DIRECTION('',(0.,0.,1.));
#8268 = ORIENTED_EDGE('',*,*,#8269,.F.);
#8269 = EDGE_CURVE('',#8270,#8262,#8272,.T.);
#8270 = VERTEX_POINT('',#8271);
#8271 = CARTESIAN_POINT('',(314.33447928253,416.6,384.05));
#8272 = LINE('',#8273,#8274);
#8273 = CARTESIAN_POINT('',(316.575,416.6,384.05));
#8274 = VECTOR('',#8275,1.);
#8275 = DIRECTION('',(-1.,0.,0.));
#8276 = ORIENTED_EDGE('',*,*,#8277,.F.);
#8277 = EDGE_CURVE('',#8245,#8270,#8278,.T.);
#8278 = CIRCLE('',#8279,6.025);
#8279 = AXIS2_PLACEMENT_3D('',#8280,#8281,#8282);
#8280 = CARTESIAN_POINT('',(320.,416.6,382.));
#8281 = DIRECTION('',(0.,-1.,0.));
#8282 = DIRECTION('',(0.,0.,1.));
#8283 = PLANE('',#8284);
#8284 = AXIS2_PLACEMENT_3D('',#8285,#8286,#8287);
#8285 = CARTESIAN_POINT('',(320.,416.6,382.));
#8286 = DIRECTION('',(0.,-1.,0.));
#8287 = DIRECTION('',(0.,0.,1.));
#8288 = ADVANCED_FACE('',(#8289),#8308,.F.);
#8289 = FACE_BOUND('',#8290,.F.);
#8290 = EDGE_LOOP('',(#8291,#8292,#8300,#8307));
#8291 = ORIENTED_EDGE('',*,*,#8126,.F.);
#8292 = ORIENTED_EDGE('',*,*,#8293,.F.);
#8293 = EDGE_CURVE('',#8294,#8127,#8296,.T.);
#8294 = VERTEX_POINT('',#8295);
#8295 = CARTESIAN_POINT('',(311.975,426.95,382.));
#8296 = LINE('',#8297,#8298);
#8297 = CARTESIAN_POINT('',(320.,426.95,382.));
#8298 = VECTOR('',#8299,1.);
#8299 = DIRECTION('',(-1.,0.,0.));
#8300 = ORIENTED_EDGE('',*,*,#8301,.T.);
#8301 = EDGE_CURVE('',#8294,#8294,#8302,.T.);
#8302 = CIRCLE('',#8303,1.65);
#8303 = AXIS2_PLACEMENT_3D('',#8304,#8305,#8306);
#8304 = CARTESIAN_POINT('',(311.975,428.6,382.));
#8305 = DIRECTION('',(-1.,0.,0.));
#8306 = DIRECTION('',(0.,-1.,0.));
#8307 = ORIENTED_EDGE('',*,*,#8293,.T.);
#8308 = CYLINDRICAL_SURFACE('',#8309,1.65);
#8309 = AXIS2_PLACEMENT_3D('',#8310,#8311,#8312);
#8310 = CARTESIAN_POINT('',(320.,428.6,382.));
#8311 = DIRECTION('',(-1.,0.,0.));
#8312 = DIRECTION('',(0.,-1.,0.));
#8313 = ADVANCED_FACE('',(#8314,#8317),#8361,.F.);
#8314 = FACE_BOUND('',#8315,.F.);
#8315 = EDGE_LOOP('',(#8316));
#8316 = ORIENTED_EDGE('',*,*,#8214,.T.);
#8317 = FACE_BOUND('',#8318,.F.);
#8318 = EDGE_LOOP('',(#8319,#8330,#8338,#8346,#8354));
#8319 = ORIENTED_EDGE('',*,*,#8320,.F.);
#8320 = EDGE_CURVE('',#8321,#8323,#8325,.T.);
#8321 = VERTEX_POINT('',#8322);
#8322 = CARTESIAN_POINT('',(314.33447928253,438.4,379.95));
#8323 = VERTEX_POINT('',#8324);
#8324 = CARTESIAN_POINT('',(320.,438.4,388.025));
#8325 = CIRCLE('',#8326,6.025);
#8326 = AXIS2_PLACEMENT_3D('',#8327,#8328,#8329);
#8327 = CARTESIAN_POINT('',(320.,438.4,382.));
#8328 = DIRECTION('',(0.,-1.,0.));
#8329 = DIRECTION('',(0.,0.,1.));
#8330 = ORIENTED_EDGE('',*,*,#8331,.F.);
#8331 = EDGE_CURVE('',#8332,#8321,#8334,.T.);
#8332 = VERTEX_POINT('',#8333);
#8333 = CARTESIAN_POINT('',(311.975,438.4,379.95));
#8334 = LINE('',#8335,#8336);
#8335 = CARTESIAN_POINT('',(318.2875,438.4,379.95));
#8336 = VECTOR('',#8337,1.);
#8337 = DIRECTION('',(1.,0.,0.));
#8338 = ORIENTED_EDGE('',*,*,#8339,.T.);
#8339 = EDGE_CURVE('',#8332,#8340,#8342,.T.);
#8340 = VERTEX_POINT('',#8341);
#8341 = CARTESIAN_POINT('',(311.975,438.4,384.05));
#8342 = LINE('',#8343,#8344);
#8343 = CARTESIAN_POINT('',(311.975,438.4,380.975));
#8344 = VECTOR('',#8345,1.);
#8345 = DIRECTION('',(0.,0.,1.));
#8346 = ORIENTED_EDGE('',*,*,#8347,.T.);
#8347 = EDGE_CURVE('',#8340,#8348,#8350,.T.);
#8348 = VERTEX_POINT('',#8349);
#8349 = CARTESIAN_POINT('',(314.33447928253,438.4,384.05));
#8350 = LINE('',#8351,#8352);
#8351 = CARTESIAN_POINT('',(318.2875,438.4,384.05));
#8352 = VECTOR('',#8353,1.);
#8353 = DIRECTION('',(1.,0.,0.));
#8354 = ORIENTED_EDGE('',*,*,#8355,.F.);
#8355 = EDGE_CURVE('',#8323,#8348,#8356,.T.);
#8356 = CIRCLE('',#8357,6.025);
#8357 = AXIS2_PLACEMENT_3D('',#8358,#8359,#8360);
#8358 = CARTESIAN_POINT('',(320.,438.4,382.));
#8359 = DIRECTION('',(0.,-1.,0.));
#8360 = DIRECTION('',(0.,0.,1.));
#8361 = PLANE('',#8362);
#8362 = AXIS2_PLACEMENT_3D('',#8363,#8364,#8365);
#8363 = CARTESIAN_POINT('',(320.,438.4,382.));
#8364 = DIRECTION('',(0.,-1.,0.));
#8365 = DIRECTION('',(0.,0.,1.));
#8366 = ADVANCED_FACE('',(#8367),#8383,.F.);
#8367 = FACE_BOUND('',#8368,.F.);
#8368 = EDGE_LOOP('',(#8369,#8375,#8376,#8382));
#8369 = ORIENTED_EDGE('',*,*,#8370,.F.);
#8370 = EDGE_CURVE('',#8348,#8270,#8371,.T.);
#8371 = LINE('',#8372,#8373);
#8372 = CARTESIAN_POINT('',(314.33447928253,442.6,384.05));
#8373 = VECTOR('',#8374,1.);
#8374 = DIRECTION('',(0.,-1.,0.));
#8375 = ORIENTED_EDGE('',*,*,#8347,.F.);
#8376 = ORIENTED_EDGE('',*,*,#8377,.T.);
#8377 = EDGE_CURVE('',#8340,#8262,#8378,.T.);
#8378 = LINE('',#8379,#8380);
#8379 = CARTESIAN_POINT('',(311.975,442.6,384.05));
#8380 = VECTOR('',#8381,1.);
#8381 = DIRECTION('',(0.,-1.,0.));
#8382 = ORIENTED_EDGE('',*,*,#8269,.F.);
#8383 = PLANE('',#8384);
#8384 = AXIS2_PLACEMENT_3D('',#8385,#8386,#8387);
#8385 = CARTESIAN_POINT('',(316.575,442.6,384.05));
#8386 = DIRECTION('',(0.,0.,1.));
#8387 = DIRECTION('',(0.,-1.,0.));
#8388 = ADVANCED_FACE('',(#8389,#8400),#8403,.F.);
#8389 = FACE_BOUND('',#8390,.F.);
#8390 = EDGE_LOOP('',(#8391,#8392,#8398,#8399));
#8391 = ORIENTED_EDGE('',*,*,#8339,.F.);
#8392 = ORIENTED_EDGE('',*,*,#8393,.T.);
#8393 = EDGE_CURVE('',#8332,#8254,#8394,.T.);
#8394 = LINE('',#8395,#8396);
#8395 = CARTESIAN_POINT('',(311.975,442.6,379.95));
#8396 = VECTOR('',#8397,1.);
#8397 = DIRECTION('',(0.,-1.,0.));
#8398 = ORIENTED_EDGE('',*,*,#8261,.T.);
#8399 = ORIENTED_EDGE('',*,*,#8377,.F.);
#8400 = FACE_BOUND('',#8401,.F.);
#8401 = EDGE_LOOP('',(#8402));
#8402 = ORIENTED_EDGE('',*,*,#8301,.F.);
#8403 = PLANE('',#8404);
#8404 = AXIS2_PLACEMENT_3D('',#8405,#8406,#8407);
#8405 = CARTESIAN_POINT('',(311.975,442.6,379.95));
#8406 = DIRECTION('',(-1.,0.,0.));
#8407 = DIRECTION('',(0.,-1.,0.));
#8408 = ADVANCED_FACE('',(#8409),#8420,.T.);
#8409 = FACE_BOUND('',#8410,.T.);
#8410 = EDGE_LOOP('',(#8411,#8417,#8418,#8419));
#8411 = ORIENTED_EDGE('',*,*,#8412,.F.);
#8412 = EDGE_CURVE('',#8321,#8243,#8413,.T.);
#8413 = LINE('',#8414,#8415);
#8414 = CARTESIAN_POINT('',(314.33447928253,442.6,379.95));
#8415 = VECTOR('',#8416,1.);
#8416 = DIRECTION('',(0.,-1.,0.));
#8417 = ORIENTED_EDGE('',*,*,#8331,.F.);
#8418 = ORIENTED_EDGE('',*,*,#8393,.T.);
#8419 = ORIENTED_EDGE('',*,*,#8253,.F.);
#8420 = PLANE('',#8421);
#8421 = AXIS2_PLACEMENT_3D('',#8422,#8423,#8424);
#8422 = CARTESIAN_POINT('',(316.575,442.6,379.95));
#8423 = DIRECTION('',(0.,0.,1.));
#8424 = DIRECTION('',(0.,-1.,0.));
#8425 = ADVANCED_FACE('',(#8426),#8434,.F.);
#8426 = FACE_BOUND('',#8427,.F.);
#8427 = EDGE_LOOP('',(#8428,#8429,#8430,#8431,#8432,#8433));
#8428 = ORIENTED_EDGE('',*,*,#8370,.T.);
#8429 = ORIENTED_EDGE('',*,*,#8277,.F.);
#8430 = ORIENTED_EDGE('',*,*,#8242,.F.);
#8431 = ORIENTED_EDGE('',*,*,#8412,.F.);
#8432 = ORIENTED_EDGE('',*,*,#8320,.T.);
#8433 = ORIENTED_EDGE('',*,*,#8355,.T.);
#8434 = CYLINDRICAL_SURFACE('',#8435,6.025);
#8435 = AXIS2_PLACEMENT_3D('',#8436,#8437,#8438);
#8436 = CARTESIAN_POINT('',(320.,442.6,382.));
#8437 = DIRECTION('',(0.,-1.,0.));
#8438 = DIRECTION('',(0.,0.,1.));
#8439 = MANIFOLD_SOLID_BREP('',#8440);
#8440 = CLOSED_SHELL('',(#8441,#8604,#8624,#8633,#8650,#8675));
#8441 = ADVANCED_FACE('',(#8442,#8469,#8534),#8599,.T.);
#8442 = FACE_BOUND('',#8443,.T.);
#8443 = EDGE_LOOP('',(#8444,#8454,#8461,#8462));
#8444 = ORIENTED_EDGE('',*,*,#8445,.T.);
#8445 = EDGE_CURVE('',#8446,#8448,#8450,.T.);
#8446 = VERTEX_POINT('',#8447);
#8447 = CARTESIAN_POINT('',(320.,447.3,399.5));
#8448 = VERTEX_POINT('',#8449);
#8449 = CARTESIAN_POINT('',(320.,435.6,399.5));
#8450 = LINE('',#8451,#8452);
#8451 = CARTESIAN_POINT('',(320.,447.3,399.5));
#8452 = VECTOR('',#8453,1.);
#8453 = DIRECTION('',(0.,-1.,0.));
#8454 = ORIENTED_EDGE('',*,*,#8455,.F.);
#8455 = EDGE_CURVE('',#8448,#8448,#8456,.T.);
#8456 = CIRCLE('',#8457,1.5);
#8457 = AXIS2_PLACEMENT_3D('',#8458,#8459,#8460);
#8458 = CARTESIAN_POINT('',(320.,435.6,398.));
#8459 = DIRECTION('',(0.,-1.,0.));
#8460 = DIRECTION('',(0.,0.,1.));
#8461 = ORIENTED_EDGE('',*,*,#8445,.F.);
#8462 = ORIENTED_EDGE('',*,*,#8463,.T.);
#8463 = EDGE_CURVE('',#8446,#8446,#8464,.T.);
#8464 = CIRCLE('',#8465,1.5);
#8465 = AXIS2_PLACEMENT_3D('',#8466,#8467,#8468);
#8466 = CARTESIAN_POINT('',(320.,447.3,398.));
#8467 = DIRECTION('',(0.,-1.,0.));
#8468 = DIRECTION('',(0.,0.,1.));
#8469 = FACE_BOUND('',#8470,.T.);
#8470 = EDGE_LOOP('',(#8471));
#8471 = ORIENTED_EDGE('',*,*,#8472,.F.);
#8472 = EDGE_CURVE('',#8473,#8473,#8475,.T.);
#8473 = VERTEX_POINT('',#8474);
#8474 = CARTESIAN_POINT('',(318.5,436.55,398.));
#8475 = B_SPLINE_CURVE_WITH_KNOTS('',8,(#8476,#8477,#8478,#8479,#8480,
    #8481,#8482,#8483,#8484,#8485,#8486,#8487,#8488,#8489,#8490,#8491,
    #8492,#8493,#8494,#8495,#8496,#8497,#8498,#8499,#8500,#8501,#8502,
    #8503,#8504,#8505,#8506,#8507,#8508,#8509,#8510,#8511,#8512,#8513,
    #8514,#8515,#8516,#8517,#8518,#8519,#8520,#8521,#8522,#8523,#8524,
    #8525,#8526,#8527,#8528,#8529,#8530,#8531,#8532,#8533),
  .UNSPECIFIED.,.T.,.F.,(9,7,7,7,7,7,7,7,9),(0.,8.346749290845E-02,
    0.189060849956,0.311284058703,0.441507366611,0.578657525852,
    0.811506038089,0.916782728389,1.),.UNSPECIFIED.);
#8476 = CARTESIAN_POINT('',(318.5,436.55,398.));
#8477 = CARTESIAN_POINT('',(318.5,436.55,398.03021161389));
#8478 = CARTESIAN_POINT('',(318.50069543205,436.55231808201,
    398.0604035449));
#8479 = CARTESIAN_POINT('',(318.50208466466,436.55694891882,
    398.09035518692));
#8480 = CARTESIAN_POINT('',(318.50413956151,436.56385940147,
    398.11984753786));
#8481 = CARTESIAN_POINT('',(318.50680561498,436.57298888448,
    398.14866586099));
#8482 = CARTESIAN_POINT('',(318.51000426268,436.58424904196,
    398.17660304172));
#8483 = CARTESIAN_POINT('',(318.5136373868,436.59752333467,
    398.20346363982));
#8484 = CARTESIAN_POINT('',(318.52259943835,436.63182293665,
    398.2614610994));
#8485 = CARTESIAN_POINT('',(318.52812451046,436.65397783983,
    398.29185708581));
#8486 = CARTESIAN_POINT('',(318.53395721432,436.67888375863,
    398.31996523981));
#8487 = CARTESIAN_POINT('',(318.53986003646,436.70626634529,
    398.34552682017));
#8488 = CARTESIAN_POINT('',(318.54558785614,436.73582777393,
    398.3683181376));
#8489 = CARTESIAN_POINT('',(318.55090592747,436.76725088651,
    398.38815259316));
#8490 = CARTESIAN_POINT('',(318.55560793582,436.80020365377,
    398.40488231863));
#8491 = CARTESIAN_POINT('',(318.5640786559,436.87386098935,
    398.43404532084));
#8492 = CARTESIAN_POINT('',(318.56758738622,436.91500255776,
    398.44540015707));
#8493 = CARTESIAN_POINT('',(318.56980716553,436.95722879095,
    398.45227892083));
#8494 = CARTESIAN_POINT('',(318.57056715823,436.99999746816,
    398.45458228704));
#8495 = CARTESIAN_POINT('',(318.5698073092,437.04276576475,
    398.45227930193));
#8496 = CARTESIAN_POINT('',(318.56758775431,437.08499158226,
    398.44540131081));
#8497 = CARTESIAN_POINT('',(318.56407917955,437.12613445722,
    398.43404712366));
#8498 = CARTESIAN_POINT('',(318.55469158225,437.20776451918,
    398.40172749578));
#8499 = CARTESIAN_POINT('',(318.54866511582,437.24810153695,
    398.3801544124));
#8500 = CARTESIAN_POINT('',(318.54175236276,437.28599615302,
    398.35387784281));
#8501 = CARTESIAN_POINT('',(318.5343668844,437.32081046451,
    398.32320119889));
#8502 = CARTESIAN_POINT('',(318.52697728261,437.35195415777,
    398.2885226289));
#8503 = CARTESIAN_POINT('',(318.52005197816,437.37889625796,
    398.25032434424));
#8504 = CARTESIAN_POINT('',(318.51400965514,437.40117408541,
    398.20916227422));
#8505 = CARTESIAN_POINT('',(318.50408394174,437.43654100355,
    398.11983563565));
#8506 = CARTESIAN_POINT('',(318.50034178058,437.44904648827,
    398.07149552869));
#8507 = CARTESIAN_POINT('',(318.4983429652,437.45542517144,
    398.02155509096));
#8508 = CARTESIAN_POINT('',(318.4983306612,437.45542280291,
    397.97102367264));
#8509 = CARTESIAN_POINT('',(318.50033971944,437.44900885754,397.9209348)
  );
#8510 = CARTESIAN_POINT('',(318.50418257978,437.43637200795,
    397.87230986209));
#8511 = CARTESIAN_POINT('',(318.50948129861,437.41792723389,
    397.82611949286));
#8512 = CARTESIAN_POINT('',(318.52638877224,437.35428907974,
    397.7103621202));
#8513 = CARTESIAN_POINT('',(318.53984805166,437.29931380266,
    397.64679355879));
#8514 = CARTESIAN_POINT('',(318.55390492824,437.23197833999,
    397.59573900872));
#8515 = CARTESIAN_POINT('',(318.56571036677,437.1556191997,
    397.55976827686));
#8516 = CARTESIAN_POINT('',(318.57245539285,437.07403685758,
    397.54023035023));
#8517 = CARTESIAN_POINT('',(318.57307480824,436.9909095353,
    397.53762763142));
#8518 = CARTESIAN_POINT('',(318.56821798982,436.90985465989,
    397.55170377685));
#8519 = CARTESIAN_POINT('',(318.55560793582,436.80020365377,
    397.59511768136));
#8520 = CARTESIAN_POINT('',(318.55090592747,436.76725088651,
    397.61184740683));
#8521 = CARTESIAN_POINT('',(318.54558785614,436.73582777393,
    397.63168186239));
#8522 = CARTESIAN_POINT('',(318.53986003646,436.70626634529,
    397.65447317982));
#8523 = CARTESIAN_POINT('',(318.53395721432,436.67888375863,
    397.68003476018));
#8524 = CARTESIAN_POINT('',(318.52812451046,436.65397783983,
    397.70814291418));
#8525 = CARTESIAN_POINT('',(318.52259943835,436.63182293665,
    397.73853890059));
#8526 = CARTESIAN_POINT('',(318.51363738244,436.597523318,
    397.79653638836));
#8527 = CARTESIAN_POINT('',(318.51000425505,436.58424901429,
    397.82339701479));
#8528 = CARTESIAN_POINT('',(318.50680560686,436.57298885654,
    397.8513342141));
#8529 = CARTESIAN_POINT('',(318.50413955578,436.56385938237,
    397.88015253825));
#8530 = CARTESIAN_POINT('',(318.50208466254,436.55694891145,
    397.90964487112));
#8531 = CARTESIAN_POINT('',(318.50069543228,436.55231808205,
    397.93959648293));
#8532 = CARTESIAN_POINT('',(318.5,436.55,397.96978838716));
#8533 = CARTESIAN_POINT('',(318.5,436.55,398.));
#8534 = FACE_BOUND('',#8535,.T.);
#8535 = EDGE_LOOP('',(#8536));
#8536 = ORIENTED_EDGE('',*,*,#8537,.T.);
#8537 = EDGE_CURVE('',#8538,#8538,#8540,.T.);
#8538 = VERTEX_POINT('',#8539);
#8539 = CARTESIAN_POINT('',(321.5,436.55,398.));
#8540 = B_SPLINE_CURVE_WITH_KNOTS('',8,(#8541,#8542,#8543,#8544,#8545,
    #8546,#8547,#8548,#8549,#8550,#8551,#8552,#8553,#8554,#8555,#8556,
    #8557,#8558,#8559,#8560,#8561,#8562,#8563,#8564,#8565,#8566,#8567,
    #8568,#8569,#8570,#8571,#8572,#8573,#8574,#8575,#8576,#8577,#8578,
    #8579,#8580,#8581,#8582,#8583,#8584,#8585,#8586,#8587,#8588,#8589,
    #8590,#8591,#8592,#8593,#8594,#8595,#8596,#8597,#8598),
  .UNSPECIFIED.,.T.,.F.,(9,7,7,7,7,7,7,7,9),(0.,8.346749290892E-02,
    0.189060849957,0.311284058705,0.441507366614,0.578657525853,
    0.81150603809,0.91678272839,1.),.UNSPECIFIED.);
#8541 = CARTESIAN_POINT('',(321.5,436.55,398.));
#8542 = CARTESIAN_POINT('',(321.5,436.55,398.03021161389));
#8543 = CARTESIAN_POINT('',(321.49930456794,436.55231808201,
    398.0604035449));
#8544 = CARTESIAN_POINT('',(321.49791533533,436.55694891882,
    398.09035518692));
#8545 = CARTESIAN_POINT('',(321.49586043848,436.56385940147,
    398.11984753786));
#8546 = CARTESIAN_POINT('',(321.49319438501,436.57298888448,
    398.14866586099));
#8547 = CARTESIAN_POINT('',(321.48999573731,436.58424904196,
    398.17660304172));
#8548 = CARTESIAN_POINT('',(321.48636261319,436.59752333467,
    398.20346363982));
#8549 = CARTESIAN_POINT('',(321.47740056165,436.63182293665,
    398.2614610994));
#8550 = CARTESIAN_POINT('',(321.47187548953,436.65397783983,
    398.29185708581));
#8551 = CARTESIAN_POINT('',(321.46604278567,436.67888375863,
    398.31996523981));
#8552 = CARTESIAN_POINT('',(321.46013996353,436.70626634529,
    398.34552682017));
#8553 = CARTESIAN_POINT('',(321.45441214385,436.73582777393,
    398.3683181376));
#8554 = CARTESIAN_POINT('',(321.44909407253,436.76725088651,
    398.38815259316));
#8555 = CARTESIAN_POINT('',(321.44439206417,436.80020365377,
    398.40488231863));
#8556 = CARTESIAN_POINT('',(321.43592134409,436.87386098935,
    398.43404532084));
#8557 = CARTESIAN_POINT('',(321.43241261377,436.91500255776,
    398.44540015707));
#8558 = CARTESIAN_POINT('',(321.43019283446,436.95722879095,
    398.45227892083));
#8559 = CARTESIAN_POINT('',(321.42943284176,436.99999746816,
    398.45458228704));
#8560 = CARTESIAN_POINT('',(321.4301926908,437.04276576475,
    398.45227930193));
#8561 = CARTESIAN_POINT('',(321.43241224568,437.08499158226,
    398.44540131081));
#8562 = CARTESIAN_POINT('',(321.43592082044,437.12613445722,
    398.43404712366));
#8563 = CARTESIAN_POINT('',(321.44530841774,437.20776451917,
    398.40172749578));
#8564 = CARTESIAN_POINT('',(321.45133488417,437.24810153695,
    398.3801544124));
#8565 = CARTESIAN_POINT('',(321.45824763724,437.28599615302,
    398.35387784281));
#8566 = CARTESIAN_POINT('',(321.46563311559,437.32081046451,
    398.32320119889));
#8567 = CARTESIAN_POINT('',(321.47302271738,437.35195415777,
    398.2885226289));
#8568 = CARTESIAN_POINT('',(321.47994802183,437.37889625796,
    398.25032434424));
#8569 = CARTESIAN_POINT('',(321.48599034485,437.40117408541,
    398.20916227422));
#8570 = CARTESIAN_POINT('',(321.49591605825,437.43654100355,
    398.11983563566));
#8571 = CARTESIAN_POINT('',(321.49965821942,437.44904648827,
    398.07149552869));
#8572 = CARTESIAN_POINT('',(321.50165703479,437.45542517144,
    398.02155509095));
#8573 = CARTESIAN_POINT('',(321.50166933879,437.45542280291,
    397.97102367264));
#8574 = CARTESIAN_POINT('',(321.49966028055,437.44900885754,397.9209348)
  );
#8575 = CARTESIAN_POINT('',(321.49581742021,437.43637200795,
    397.87230986209));
#8576 = CARTESIAN_POINT('',(321.49051870139,437.41792723389,
    397.82611949286));
#8577 = CARTESIAN_POINT('',(321.47361122775,437.35428907974,
    397.7103621202));
#8578 = CARTESIAN_POINT('',(321.46015194833,437.29931380266,
    397.6467935588));
#8579 = CARTESIAN_POINT('',(321.44609507175,437.23197833998,
    397.59573900872));
#8580 = CARTESIAN_POINT('',(321.43428963322,437.1556191997,
    397.55976827687));
#8581 = CARTESIAN_POINT('',(321.42754460714,437.07403685759,
    397.54023035022));
#8582 = CARTESIAN_POINT('',(321.42692519175,436.9909095353,
    397.53762763142));
#8583 = CARTESIAN_POINT('',(321.43178201017,436.90985465989,
    397.55170377685));
#8584 = CARTESIAN_POINT('',(321.44439206417,436.80020365377,
    397.59511768136));
#8585 = CARTESIAN_POINT('',(321.44909407253,436.76725088651,
    397.61184740683));
#8586 = CARTESIAN_POINT('',(321.45441214385,436.73582777393,
    397.63168186239));
#8587 = CARTESIAN_POINT('',(321.46013996353,436.70626634529,
    397.65447317982));
#8588 = CARTESIAN_POINT('',(321.46604278567,436.67888375863,
    397.68003476018));
#8589 = CARTESIAN_POINT('',(321.47187548953,436.65397783983,
    397.70814291418));
#8590 = CARTESIAN_POINT('',(321.47740056165,436.63182293665,
    397.73853890059));
#8591 = CARTESIAN_POINT('',(321.48636261755,436.597523318,
    397.79653638836));
#8592 = CARTESIAN_POINT('',(321.48999574494,436.58424901429,
    397.82339701479));
#8593 = CARTESIAN_POINT('',(321.49319439313,436.57298885654,
    397.8513342141));
#8594 = CARTESIAN_POINT('',(321.49586044421,436.56385938237,
    397.88015253825));
#8595 = CARTESIAN_POINT('',(321.49791533745,436.55694891145,
    397.90964487112));
#8596 = CARTESIAN_POINT('',(321.49930456771,436.55231808205,
    397.93959648293));
#8597 = CARTESIAN_POINT('',(321.5,436.55,397.96978838716));
#8598 = CARTESIAN_POINT('',(321.5,436.55,398.));
#8599 = CYLINDRICAL_SURFACE('',#8600,1.5);
#8600 = AXIS2_PLACEMENT_3D('',#8601,#8602,#8603);
#8601 = CARTESIAN_POINT('',(320.,447.3,398.));
#8602 = DIRECTION('',(0.,-1.,0.));
#8603 = DIRECTION('',(0.,0.,1.));
#8604 = ADVANCED_FACE('',(#8605,#8616),#8619,.T.);
#8605 = FACE_BOUND('',#8606,.T.);
#8606 = EDGE_LOOP('',(#8607));
#8607 = ORIENTED_EDGE('',*,*,#8608,.T.);
#8608 = EDGE_CURVE('',#8609,#8609,#8611,.T.);
#8609 = VERTEX_POINT('',#8610);
#8610 = CARTESIAN_POINT('',(320.,447.3,400.));
#8611 = CIRCLE('',#8612,2.);
#8612 = AXIS2_PLACEMENT_3D('',#8613,#8614,#8615);
#8613 = CARTESIAN_POINT('',(320.,447.3,398.));
#8614 = DIRECTION('',(0.,-1.,0.));
#8615 = DIRECTION('',(0.,0.,1.));
#8616 = FACE_BOUND('',#8617,.T.);
#8617 = EDGE_LOOP('',(#8618));
#8618 = ORIENTED_EDGE('',*,*,#8463,.F.);
#8619 = PLANE('',#8620);
#8620 = AXIS2_PLACEMENT_3D('',#8621,#8622,#8623);
#8621 = CARTESIAN_POINT('',(320.,447.3,398.));
#8622 = DIRECTION('',(0.,-1.,0.));
#8623 = DIRECTION('',(0.,0.,1.));
#8624 = ADVANCED_FACE('',(#8625),#8628,.T.);
#8625 = FACE_BOUND('',#8626,.T.);
#8626 = EDGE_LOOP('',(#8627));
#8627 = ORIENTED_EDGE('',*,*,#8455,.T.);
#8628 = PLANE('',#8629);
#8629 = AXIS2_PLACEMENT_3D('',#8630,#8631,#8632);
#8630 = CARTESIAN_POINT('',(320.,435.6,398.));
#8631 = DIRECTION('',(0.,-1.,0.));
#8632 = DIRECTION('',(0.,0.,1.));
#8633 = ADVANCED_FACE('',(#8634),#8645,.F.);
#8634 = FACE_BOUND('',#8635,.F.);
#8635 = EDGE_LOOP('',(#8636,#8637,#8643,#8644));
#8636 = ORIENTED_EDGE('',*,*,#8472,.F.);
#8637 = ORIENTED_EDGE('',*,*,#8638,.F.);
#8638 = EDGE_CURVE('',#8538,#8473,#8639,.T.);
#8639 = LINE('',#8640,#8641);
#8640 = CARTESIAN_POINT('',(322.,436.55,398.));
#8641 = VECTOR('',#8642,1.);
#8642 = DIRECTION('',(-1.,0.,0.));
#8643 = ORIENTED_EDGE('',*,*,#8537,.T.);
#8644 = ORIENTED_EDGE('',*,*,#8638,.T.);
#8645 = CYLINDRICAL_SURFACE('',#8646,0.45);
#8646 = AXIS2_PLACEMENT_3D('',#8647,#8648,#8649);
#8647 = CARTESIAN_POINT('',(322.,437.,398.));
#8648 = DIRECTION('',(-1.,0.,0.));
#8649 = DIRECTION('',(0.,-1.,0.));
#8650 = ADVANCED_FACE('',(#8651),#8670,.T.);
#8651 = FACE_BOUND('',#8652,.T.);
#8652 = EDGE_LOOP('',(#8653,#8654,#8662,#8669));
#8653 = ORIENTED_EDGE('',*,*,#8608,.F.);
#8654 = ORIENTED_EDGE('',*,*,#8655,.F.);
#8655 = EDGE_CURVE('',#8656,#8609,#8658,.T.);
#8656 = VERTEX_POINT('',#8657);
#8657 = CARTESIAN_POINT('',(320.,448.3,400.));
#8658 = LINE('',#8659,#8660);
#8659 = CARTESIAN_POINT('',(320.,448.3,400.));
#8660 = VECTOR('',#8661,1.);
#8661 = DIRECTION('',(0.,-1.,0.));
#8662 = ORIENTED_EDGE('',*,*,#8663,.T.);
#8663 = EDGE_CURVE('',#8656,#8656,#8664,.T.);
#8664 = CIRCLE('',#8665,2.);
#8665 = AXIS2_PLACEMENT_3D('',#8666,#8667,#8668);
#8666 = CARTESIAN_POINT('',(320.,448.3,398.));
#8667 = DIRECTION('',(0.,-1.,0.));
#8668 = DIRECTION('',(0.,0.,1.));
#8669 = ORIENTED_EDGE('',*,*,#8655,.T.);
#8670 = CYLINDRICAL_SURFACE('',#8671,2.);
#8671 = AXIS2_PLACEMENT_3D('',#8672,#8673,#8674);
#8672 = CARTESIAN_POINT('',(320.,448.3,398.));
#8673 = DIRECTION('',(0.,-1.,0.));
#8674 = DIRECTION('',(0.,0.,1.));
#8675 = ADVANCED_FACE('',(#8676),#8679,.F.);
#8676 = FACE_BOUND('',#8677,.T.);
#8677 = EDGE_LOOP('',(#8678));
#8678 = ORIENTED_EDGE('',*,*,#8663,.F.);
#8679 = PLANE('',#8680);
#8680 = AXIS2_PLACEMENT_3D('',#8681,#8682,#8683);
#8681 = CARTESIAN_POINT('',(320.,448.3,398.));
#8682 = DIRECTION('',(0.,-1.,0.));
#8683 = DIRECTION('',(0.,0.,1.));
#8684 = MANIFOLD_SOLID_BREP('',#8685);
#8685 = CLOSED_SHELL('',(#8686,#8726,#8757,#8902,#8926,#9064,#9076,#9093
    ,#9110,#9127,#9144,#9161,#9178,#9195,#9212,#9229,#9246));
#8686 = ADVANCED_FACE('',(#8687),#8721,.F.);
#8687 = FACE_BOUND('',#8688,.F.);
#8688 = EDGE_LOOP('',(#8689,#8699,#8707,#8715));
#8689 = ORIENTED_EDGE('',*,*,#8690,.F.);
#8690 = EDGE_CURVE('',#8691,#8693,#8695,.T.);
#8691 = VERTEX_POINT('',#8692);
#8692 = CARTESIAN_POINT('',(390.,477.,312.));
#8693 = VERTEX_POINT('',#8694);
#8694 = CARTESIAN_POINT('',(390.,471.,312.));
#8695 = LINE('',#8696,#8697);
#8696 = CARTESIAN_POINT('',(390.,477.,312.));
#8697 = VECTOR('',#8698,1.);
#8698 = DIRECTION('',(0.,-1.,1.110223024625E-16));
#8699 = ORIENTED_EDGE('',*,*,#8700,.T.);
#8700 = EDGE_CURVE('',#8691,#8701,#8703,.T.);
#8701 = VERTEX_POINT('',#8702);
#8702 = CARTESIAN_POINT('',(270.,477.,312.));
#8703 = LINE('',#8704,#8705);
#8704 = CARTESIAN_POINT('',(390.,477.,312.));
#8705 = VECTOR('',#8706,1.);
#8706 = DIRECTION('',(-1.,1.232595164408E-32,1.110223024625E-16));
#8707 = ORIENTED_EDGE('',*,*,#8708,.T.);
#8708 = EDGE_CURVE('',#8701,#8709,#8711,.T.);
#8709 = VERTEX_POINT('',#8710);
#8710 = CARTESIAN_POINT('',(270.,471.,312.));
#8711 = LINE('',#8712,#8713);
#8712 = CARTESIAN_POINT('',(270.,477.,312.));
#8713 = VECTOR('',#8714,1.);
#8714 = DIRECTION('',(0.,-1.,1.110223024625E-16));
#8715 = ORIENTED_EDGE('',*,*,#8716,.F.);
#8716 = EDGE_CURVE('',#8693,#8709,#8717,.T.);
#8717 = LINE('',#8718,#8719);
#8718 = CARTESIAN_POINT('',(390.,471.,312.));
#8719 = VECTOR('',#8720,1.);
#8720 = DIRECTION('',(-1.,1.232595164408E-32,1.110223024625E-16));
#8721 = PLANE('',#8722);
#8722 = AXIS2_PLACEMENT_3D('',#8723,#8724,#8725);
#8723 = CARTESIAN_POINT('',(390.,477.,312.));
#8724 = DIRECTION('',(1.110223024625E-16,1.110223024625E-16,1.));
#8725 = DIRECTION('',(0.,-1.,1.110223024625E-16));
#8726 = ADVANCED_FACE('',(#8727),#8752,.F.);
#8727 = FACE_BOUND('',#8728,.F.);
#8728 = EDGE_LOOP('',(#8729,#8737,#8738,#8746));
#8729 = ORIENTED_EDGE('',*,*,#8730,.F.);
#8730 = EDGE_CURVE('',#8691,#8731,#8733,.T.);
#8731 = VERTEX_POINT('',#8732);
#8732 = CARTESIAN_POINT('',(390.,477.,452.));
#8733 = LINE('',#8734,#8735);
#8734 = CARTESIAN_POINT('',(390.,477.,312.));
#8735 = VECTOR('',#8736,1.);
#8736 = DIRECTION('',(1.110223024625E-16,1.110223024625E-16,1.));
#8737 = ORIENTED_EDGE('',*,*,#8690,.T.);
#8738 = ORIENTED_EDGE('',*,*,#8739,.T.);
#8739 = EDGE_CURVE('',#8693,#8740,#8742,.T.);
#8740 = VERTEX_POINT('',#8741);
#8741 = CARTESIAN_POINT('',(390.,471.,452.));
#8742 = LINE('',#8743,#8744);
#8743 = CARTESIAN_POINT('',(390.,471.,312.));
#8744 = VECTOR('',#8745,1.);
#8745 = DIRECTION('',(1.110223024625E-16,1.110223024625E-16,1.));
#8746 = ORIENTED_EDGE('',*,*,#8747,.F.);
#8747 = EDGE_CURVE('',#8731,#8740,#8748,.T.);
#8748 = LINE('',#8749,#8750);
#8749 = CARTESIAN_POINT('',(390.,477.,452.));
#8750 = VECTOR('',#8751,1.);
#8751 = DIRECTION('',(0.,-1.,1.110223024625E-16));
#8752 = PLANE('',#8753);
#8753 = AXIS2_PLACEMENT_3D('',#8754,#8755,#8756);
#8754 = CARTESIAN_POINT('',(390.,477.,312.));
#8755 = DIRECTION('',(-1.,1.232595164408E-32,1.110223024625E-16));
#8756 = DIRECTION('',(0.,-1.,1.110223024625E-16));
#8757 = ADVANCED_FACE('',(#8758,#8776,#8787,#8798,#8809,#8820,#8831,
    #8842,#8853,#8864,#8875,#8886),#8897,.T.);
#8758 = FACE_BOUND('',#8759,.T.);
#8759 = EDGE_LOOP('',(#8760,#8761,#8762,#8770));
#8760 = ORIENTED_EDGE('',*,*,#8716,.F.);
#8761 = ORIENTED_EDGE('',*,*,#8739,.T.);
#8762 = ORIENTED_EDGE('',*,*,#8763,.T.);
#8763 = EDGE_CURVE('',#8740,#8764,#8766,.T.);
#8764 = VERTEX_POINT('',#8765);
#8765 = CARTESIAN_POINT('',(270.,471.,452.));
#8766 = LINE('',#8767,#8768);
#8767 = CARTESIAN_POINT('',(390.,471.,452.));
#8768 = VECTOR('',#8769,1.);
#8769 = DIRECTION('',(-1.,1.232595164408E-32,1.110223024625E-16));
#8770 = ORIENTED_EDGE('',*,*,#8771,.F.);
#8771 = EDGE_CURVE('',#8709,#8764,#8772,.T.);
#8772 = LINE('',#8773,#8774);
#8773 = CARTESIAN_POINT('',(270.,471.,312.));
#8774 = VECTOR('',#8775,1.);
#8775 = DIRECTION('',(1.110223024625E-16,1.110223024625E-16,1.));
#8776 = FACE_BOUND('',#8777,.T.);
#8777 = EDGE_LOOP('',(#8778));
#8778 = ORIENTED_EDGE('',*,*,#8779,.F.);
#8779 = EDGE_CURVE('',#8780,#8780,#8782,.T.);
#8780 = VERTEX_POINT('',#8781);
#8781 = CARTESIAN_POINT('',(374.7695526217,471.,348.5304473783));
#8782 = CIRCLE('',#8783,3.3);
#8783 = AXIS2_PLACEMENT_3D('',#8784,#8785,#8786);
#8784 = CARTESIAN_POINT('',(374.7695526217,471.,345.2304473783));
#8785 = DIRECTION('',(0.,-1.,1.110223024625E-16));
#8786 = DIRECTION('',(1.110223024625E-16,1.110223024625E-16,1.));
#8787 = FACE_BOUND('',#8788,.T.);
#8788 = EDGE_LOOP('',(#8789));
#8789 = ORIENTED_EDGE('',*,*,#8790,.F.);
#8790 = EDGE_CURVE('',#8791,#8791,#8793,.T.);
#8791 = VERTEX_POINT('',#8792);
#8792 = CARTESIAN_POINT('',(360.,471.,327.75));
#8793 = CIRCLE('',#8794,2.75);
#8794 = AXIS2_PLACEMENT_3D('',#8795,#8796,#8797);
#8795 = CARTESIAN_POINT('',(360.,471.,325.));
#8796 = DIRECTION('',(0.,-1.,1.110223024625E-16));
#8797 = DIRECTION('',(1.110223024625E-16,1.110223024625E-16,1.));
#8798 = FACE_BOUND('',#8799,.T.);
#8799 = EDGE_LOOP('',(#8800));
#8800 = ORIENTED_EDGE('',*,*,#8801,.T.);
#8801 = EDGE_CURVE('',#8802,#8802,#8804,.T.);
#8802 = VERTEX_POINT('',#8803);
#8803 = CARTESIAN_POINT('',(338.,471.,354.25));
#8804 = CIRCLE('',#8805,1.25);
#8805 = AXIS2_PLACEMENT_3D('',#8806,#8807,#8808);
#8806 = CARTESIAN_POINT('',(338.,471.,353.));
#8807 = DIRECTION('',(0.,1.,0.));
#8808 = DIRECTION('',(0.,0.,1.));
#8809 = FACE_BOUND('',#8810,.T.);
#8810 = EDGE_LOOP('',(#8811));
#8811 = ORIENTED_EDGE('',*,*,#8812,.F.);
#8812 = EDGE_CURVE('',#8813,#8813,#8815,.T.);
#8813 = VERTEX_POINT('',#8814);
#8814 = CARTESIAN_POINT('',(374.7695526217,471.,422.0695526217));
#8815 = CIRCLE('',#8816,3.3);
#8816 = AXIS2_PLACEMENT_3D('',#8817,#8818,#8819);
#8817 = CARTESIAN_POINT('',(374.7695526217,471.,418.7695526217));
#8818 = DIRECTION('',(0.,-1.,1.110223024625E-16));
#8819 = DIRECTION('',(1.110223024625E-16,1.110223024625E-16,1.));
#8820 = FACE_BOUND('',#8821,.T.);
#8821 = EDGE_LOOP('',(#8822));
#8822 = ORIENTED_EDGE('',*,*,#8823,.T.);
#8823 = EDGE_CURVE('',#8824,#8824,#8826,.T.);
#8824 = VERTEX_POINT('',#8825);
#8825 = CARTESIAN_POINT('',(338.,471.,412.25));
#8826 = CIRCLE('',#8827,1.25);
#8827 = AXIS2_PLACEMENT_3D('',#8828,#8829,#8830);
#8828 = CARTESIAN_POINT('',(338.,471.,411.));
#8829 = DIRECTION('',(0.,1.,0.));
#8830 = DIRECTION('',(0.,0.,1.));
#8831 = FACE_BOUND('',#8832,.T.);
#8832 = EDGE_LOOP('',(#8833));
#8833 = ORIENTED_EDGE('',*,*,#8834,.F.);
#8834 = EDGE_CURVE('',#8835,#8835,#8837,.T.);
#8835 = VERTEX_POINT('',#8836);
#8836 = CARTESIAN_POINT('',(301.2304473783,471.,348.5304473783));
#8837 = CIRCLE('',#8838,3.3);
#8838 = AXIS2_PLACEMENT_3D('',#8839,#8840,#8841);
#8839 = CARTESIAN_POINT('',(301.2304473783,471.,345.2304473783));
#8840 = DIRECTION('',(0.,-1.,1.110223024625E-16));
#8841 = DIRECTION('',(1.110223024625E-16,1.110223024625E-16,1.));
#8842 = FACE_BOUND('',#8843,.T.);
#8843 = EDGE_LOOP('',(#8844));
#8844 = ORIENTED_EDGE('',*,*,#8845,.F.);
#8845 = EDGE_CURVE('',#8846,#8846,#8848,.T.);
#8846 = VERTEX_POINT('',#8847);
#8847 = CARTESIAN_POINT('',(280.,471.,327.75));
#8848 = CIRCLE('',#8849,2.75);
#8849 = AXIS2_PLACEMENT_3D('',#8850,#8851,#8852);
#8850 = CARTESIAN_POINT('',(280.,471.,325.));
#8851 = DIRECTION('',(0.,-1.,1.110223024625E-16));
#8852 = DIRECTION('',(1.110223024625E-16,1.110223024625E-16,1.));
#8853 = FACE_BOUND('',#8854,.T.);
#8854 = EDGE_LOOP('',(#8855));
#8855 = ORIENTED_EDGE('',*,*,#8856,.T.);
#8856 = EDGE_CURVE('',#8857,#8857,#8859,.T.);
#8857 = VERTEX_POINT('',#8858);
#8858 = CARTESIAN_POINT('',(302.,471.,354.25));
#8859 = CIRCLE('',#8860,1.25);
#8860 = AXIS2_PLACEMENT_3D('',#8861,#8862,#8863);
#8861 = CARTESIAN_POINT('',(302.,471.,353.));
#8862 = DIRECTION('',(0.,1.,0.));
#8863 = DIRECTION('',(0.,0.,1.));
#8864 = FACE_BOUND('',#8865,.T.);
#8865 = EDGE_LOOP('',(#8866));
#8866 = ORIENTED_EDGE('',*,*,#8867,.F.);
#8867 = EDGE_CURVE('',#8868,#8868,#8870,.T.);
#8868 = VERTEX_POINT('',#8869);
#8869 = CARTESIAN_POINT('',(320.,471.,400.25));
#8870 = CIRCLE('',#8871,18.25);
#8871 = AXIS2_PLACEMENT_3D('',#8872,#8873,#8874);
#8872 = CARTESIAN_POINT('',(320.,471.,382.));
#8873 = DIRECTION('',(0.,-1.,1.110223024625E-16));
#8874 = DIRECTION('',(1.110223024625E-16,1.110223024625E-16,1.));
#8875 = FACE_BOUND('',#8876,.T.);
#8876 = EDGE_LOOP('',(#8877));
#8877 = ORIENTED_EDGE('',*,*,#8878,.T.);
#8878 = EDGE_CURVE('',#8879,#8879,#8881,.T.);
#8879 = VERTEX_POINT('',#8880);
#8880 = CARTESIAN_POINT('',(302.,471.,412.25));
#8881 = CIRCLE('',#8882,1.25);
#8882 = AXIS2_PLACEMENT_3D('',#8883,#8884,#8885);
#8883 = CARTESIAN_POINT('',(302.,471.,411.));
#8884 = DIRECTION('',(0.,1.,0.));
#8885 = DIRECTION('',(0.,0.,1.));
#8886 = FACE_BOUND('',#8887,.T.);
#8887 = EDGE_LOOP('',(#8888));
#8888 = ORIENTED_EDGE('',*,*,#8889,.F.);
#8889 = EDGE_CURVE('',#8890,#8890,#8892,.T.);
#8890 = VERTEX_POINT('',#8891);
#8891 = CARTESIAN_POINT('',(301.2304473783,471.,422.0695526217));
#8892 = CIRCLE('',#8893,3.3);
#8893 = AXIS2_PLACEMENT_3D('',#8894,#8895,#8896);
#8894 = CARTESIAN_POINT('',(301.2304473783,471.,418.7695526217));
#8895 = DIRECTION('',(0.,-1.,1.110223024625E-16));
#8896 = DIRECTION('',(1.110223024625E-16,1.110223024625E-16,1.));
#8897 = PLANE('',#8898);
#8898 = AXIS2_PLACEMENT_3D('',#8899,#8900,#8901);
#8899 = CARTESIAN_POINT('',(390.,471.,312.));
#8900 = DIRECTION('',(0.,-1.,1.110223024625E-16));
#8901 = DIRECTION('',(1.110223024625E-16,1.110223024625E-16,1.));
#8902 = ADVANCED_FACE('',(#8903),#8921,.T.);
#8903 = FACE_BOUND('',#8904,.T.);
#8904 = EDGE_LOOP('',(#8905,#8913,#8914,#8915));
#8905 = ORIENTED_EDGE('',*,*,#8906,.F.);
#8906 = EDGE_CURVE('',#8701,#8907,#8909,.T.);
#8907 = VERTEX_POINT('',#8908);
#8908 = CARTESIAN_POINT('',(270.,477.,452.));
#8909 = LINE('',#8910,#8911);
#8910 = CARTESIAN_POINT('',(270.,477.,312.));
#8911 = VECTOR('',#8912,1.);
#8912 = DIRECTION('',(1.110223024625E-16,1.110223024625E-16,1.));
#8913 = ORIENTED_EDGE('',*,*,#8708,.T.);
#8914 = ORIENTED_EDGE('',*,*,#8771,.T.);
#8915 = ORIENTED_EDGE('',*,*,#8916,.F.);
#8916 = EDGE_CURVE('',#8907,#8764,#8917,.T.);
#8917 = LINE('',#8918,#8919);
#8918 = CARTESIAN_POINT('',(270.,477.,452.));
#8919 = VECTOR('',#8920,1.);
#8920 = DIRECTION('',(0.,-1.,1.110223024625E-16));
#8921 = PLANE('',#8922);
#8922 = AXIS2_PLACEMENT_3D('',#8923,#8924,#8925);
#8923 = CARTESIAN_POINT('',(270.,477.,312.));
#8924 = DIRECTION('',(-1.,1.232595164408E-32,1.110223024625E-16));
#8925 = DIRECTION('',(0.,-1.,1.110223024625E-16));
#8926 = ADVANCED_FACE('',(#8927,#8938,#8949,#8960,#8971,#8982,#8993,
    #9004,#9015,#9026,#9037,#9048),#9059,.F.);
#8927 = FACE_BOUND('',#8928,.F.);
#8928 = EDGE_LOOP('',(#8929,#8930,#8931,#8937));
#8929 = ORIENTED_EDGE('',*,*,#8700,.F.);
#8930 = ORIENTED_EDGE('',*,*,#8730,.T.);
#8931 = ORIENTED_EDGE('',*,*,#8932,.T.);
#8932 = EDGE_CURVE('',#8731,#8907,#8933,.T.);
#8933 = LINE('',#8934,#8935);
#8934 = CARTESIAN_POINT('',(390.,477.,452.));
#8935 = VECTOR('',#8936,1.);
#8936 = DIRECTION('',(-1.,1.232595164408E-32,1.110223024625E-16));
#8937 = ORIENTED_EDGE('',*,*,#8906,.F.);
#8938 = FACE_BOUND('',#8939,.F.);
#8939 = EDGE_LOOP('',(#8940));
#8940 = ORIENTED_EDGE('',*,*,#8941,.F.);
#8941 = EDGE_CURVE('',#8942,#8942,#8944,.T.);
#8942 = VERTEX_POINT('',#8943);
#8943 = CARTESIAN_POINT('',(374.7695526217,477.,348.5304473783));
#8944 = CIRCLE('',#8945,3.3);
#8945 = AXIS2_PLACEMENT_3D('',#8946,#8947,#8948);
#8946 = CARTESIAN_POINT('',(374.7695526217,477.,345.2304473783));
#8947 = DIRECTION('',(0.,-1.,1.110223024625E-16));
#8948 = DIRECTION('',(1.110223024625E-16,1.110223024625E-16,1.));
#8949 = FACE_BOUND('',#8950,.F.);
#8950 = EDGE_LOOP('',(#8951));
#8951 = ORIENTED_EDGE('',*,*,#8952,.F.);
#8952 = EDGE_CURVE('',#8953,#8953,#8955,.T.);
#8953 = VERTEX_POINT('',#8954);
#8954 = CARTESIAN_POINT('',(360.,477.,327.75));
#8955 = CIRCLE('',#8956,2.75);
#8956 = AXIS2_PLACEMENT_3D('',#8957,#8958,#8959);
#8957 = CARTESIAN_POINT('',(360.,477.,325.));
#8958 = DIRECTION('',(0.,-1.,1.110223024625E-16));
#8959 = DIRECTION('',(1.110223024625E-16,1.110223024625E-16,1.));
#8960 = FACE_BOUND('',#8961,.F.);
#8961 = EDGE_LOOP('',(#8962));
#8962 = ORIENTED_EDGE('',*,*,#8963,.T.);
#8963 = EDGE_CURVE('',#8964,#8964,#8966,.T.);
#8964 = VERTEX_POINT('',#8965);
#8965 = CARTESIAN_POINT('',(338.,477.,354.25));
#8966 = CIRCLE('',#8967,1.25);
#8967 = AXIS2_PLACEMENT_3D('',#8968,#8969,#8970);
#8968 = CARTESIAN_POINT('',(338.,477.,353.));
#8969 = DIRECTION('',(0.,1.,0.));
#8970 = DIRECTION('',(0.,0.,1.));
#8971 = FACE_BOUND('',#8972,.F.);
#8972 = EDGE_LOOP('',(#8973));
#8973 = ORIENTED_EDGE('',*,*,#8974,.F.);
#8974 = EDGE_CURVE('',#8975,#8975,#8977,.T.);
#8975 = VERTEX_POINT('',#8976);
#8976 = CARTESIAN_POINT('',(374.7695526217,477.,422.0695526217));
#8977 = CIRCLE('',#8978,3.3);
#8978 = AXIS2_PLACEMENT_3D('',#8979,#8980,#8981);
#8979 = CARTESIAN_POINT('',(374.7695526217,477.,418.7695526217));
#8980 = DIRECTION('',(0.,-1.,1.110223024625E-16));
#8981 = DIRECTION('',(1.110223024625E-16,1.110223024625E-16,1.));
#8982 = FACE_BOUND('',#8983,.F.);
#8983 = EDGE_LOOP('',(#8984));
#8984 = ORIENTED_EDGE('',*,*,#8985,.T.);
#8985 = EDGE_CURVE('',#8986,#8986,#8988,.T.);
#8986 = VERTEX_POINT('',#8987);
#8987 = CARTESIAN_POINT('',(338.,477.,412.25));
#8988 = CIRCLE('',#8989,1.25);
#8989 = AXIS2_PLACEMENT_3D('',#8990,#8991,#8992);
#8990 = CARTESIAN_POINT('',(338.,477.,411.));
#8991 = DIRECTION('',(0.,1.,0.));
#8992 = DIRECTION('',(0.,0.,1.));
#8993 = FACE_BOUND('',#8994,.F.);
#8994 = EDGE_LOOP('',(#8995));
#8995 = ORIENTED_EDGE('',*,*,#8996,.F.);
#8996 = EDGE_CURVE('',#8997,#8997,#8999,.T.);
#8997 = VERTEX_POINT('',#8998);
#8998 = CARTESIAN_POINT('',(301.2304473783,477.,348.5304473783));
#8999 = CIRCLE('',#9000,3.3);
#9000 = AXIS2_PLACEMENT_3D('',#9001,#9002,#9003);
#9001 = CARTESIAN_POINT('',(301.2304473783,477.,345.2304473783));
#9002 = DIRECTION('',(0.,-1.,1.110223024625E-16));
#9003 = DIRECTION('',(1.110223024625E-16,1.110223024625E-16,1.));
#9004 = FACE_BOUND('',#9005,.F.);
#9005 = EDGE_LOOP('',(#9006));
#9006 = ORIENTED_EDGE('',*,*,#9007,.F.);
#9007 = EDGE_CURVE('',#9008,#9008,#9010,.T.);
#9008 = VERTEX_POINT('',#9009);
#9009 = CARTESIAN_POINT('',(280.,477.,327.75));
#9010 = CIRCLE('',#9011,2.75);
#9011 = AXIS2_PLACEMENT_3D('',#9012,#9013,#9014);
#9012 = CARTESIAN_POINT('',(280.,477.,325.));
#9013 = DIRECTION('',(0.,-1.,1.110223024625E-16));
#9014 = DIRECTION('',(1.110223024625E-16,1.110223024625E-16,1.));
#9015 = FACE_BOUND('',#9016,.F.);
#9016 = EDGE_LOOP('',(#9017));
#9017 = ORIENTED_EDGE('',*,*,#9018,.T.);
#9018 = EDGE_CURVE('',#9019,#9019,#9021,.T.);
#9019 = VERTEX_POINT('',#9020);
#9020 = CARTESIAN_POINT('',(302.,477.,354.25));
#9021 = CIRCLE('',#9022,1.25);
#9022 = AXIS2_PLACEMENT_3D('',#9023,#9024,#9025);
#9023 = CARTESIAN_POINT('',(302.,477.,353.));
#9024 = DIRECTION('',(0.,1.,0.));
#9025 = DIRECTION('',(0.,0.,1.));
#9026 = FACE_BOUND('',#9027,.F.);
#9027 = EDGE_LOOP('',(#9028));
#9028 = ORIENTED_EDGE('',*,*,#9029,.F.);
#9029 = EDGE_CURVE('',#9030,#9030,#9032,.T.);
#9030 = VERTEX_POINT('',#9031);
#9031 = CARTESIAN_POINT('',(320.,477.,400.25));
#9032 = CIRCLE('',#9033,18.25);
#9033 = AXIS2_PLACEMENT_3D('',#9034,#9035,#9036);
#9034 = CARTESIAN_POINT('',(320.,477.,382.));
#9035 = DIRECTION('',(0.,-1.,1.110223024625E-16));
#9036 = DIRECTION('',(1.110223024625E-16,1.110223024625E-16,1.));
#9037 = FACE_BOUND('',#9038,.F.);
#9038 = EDGE_LOOP('',(#9039));
#9039 = ORIENTED_EDGE('',*,*,#9040,.T.);
#9040 = EDGE_CURVE('',#9041,#9041,#9043,.T.);
#9041 = VERTEX_POINT('',#9042);
#9042 = CARTESIAN_POINT('',(302.,477.,412.25));
#9043 = CIRCLE('',#9044,1.25);
#9044 = AXIS2_PLACEMENT_3D('',#9045,#9046,#9047);
#9045 = CARTESIAN_POINT('',(302.,477.,411.));
#9046 = DIRECTION('',(0.,1.,0.));
#9047 = DIRECTION('',(0.,0.,1.));
#9048 = FACE_BOUND('',#9049,.F.);
#9049 = EDGE_LOOP('',(#9050));
#9050 = ORIENTED_EDGE('',*,*,#9051,.F.);
#9051 = EDGE_CURVE('',#9052,#9052,#9054,.T.);
#9052 = VERTEX_POINT('',#9053);
#9053 = CARTESIAN_POINT('',(301.2304473783,477.,422.0695526217));
#9054 = CIRCLE('',#9055,3.3);
#9055 = AXIS2_PLACEMENT_3D('',#9056,#9057,#9058);
#9056 = CARTESIAN_POINT('',(301.2304473783,477.,418.7695526217));
#9057 = DIRECTION('',(0.,-1.,1.110223024625E-16));
#9058 = DIRECTION('',(1.110223024625E-16,1.110223024625E-16,1.));
#9059 = PLANE('',#9060);
#9060 = AXIS2_PLACEMENT_3D('',#9061,#9062,#9063);
#9061 = CARTESIAN_POINT('',(390.,477.,312.));
#9062 = DIRECTION('',(0.,-1.,1.110223024625E-16));
#9063 = DIRECTION('',(1.110223024625E-16,1.110223024625E-16,1.));
#9064 = ADVANCED_FACE('',(#9065),#9071,.T.);
#9065 = FACE_BOUND('',#9066,.T.);
#9066 = EDGE_LOOP('',(#9067,#9068,#9069,#9070));
#9067 = ORIENTED_EDGE('',*,*,#8747,.F.);
#9068 = ORIENTED_EDGE('',*,*,#8932,.T.);
#9069 = ORIENTED_EDGE('',*,*,#8916,.T.);
#9070 = ORIENTED_EDGE('',*,*,#8763,.F.);
#9071 = PLANE('',#9072);
#9072 = AXIS2_PLACEMENT_3D('',#9073,#9074,#9075);
#9073 = CARTESIAN_POINT('',(390.,477.,452.));
#9074 = DIRECTION('',(1.110223024625E-16,1.110223024625E-16,1.));
#9075 = DIRECTION('',(0.,-1.,1.110223024625E-16));
#9076 = ADVANCED_FACE('',(#9077),#9088,.F.);
#9077 = FACE_BOUND('',#9078,.F.);
#9078 = EDGE_LOOP('',(#9079,#9080,#9086,#9087));
#9079 = ORIENTED_EDGE('',*,*,#8779,.F.);
#9080 = ORIENTED_EDGE('',*,*,#9081,.F.);
#9081 = EDGE_CURVE('',#8942,#8780,#9082,.T.);
#9082 = LINE('',#9083,#9084);
#9083 = CARTESIAN_POINT('',(374.7695526217,477.,348.5304473783));
#9084 = VECTOR('',#9085,1.);
#9085 = DIRECTION('',(0.,-1.,1.110223024625E-16));
#9086 = ORIENTED_EDGE('',*,*,#8941,.T.);
#9087 = ORIENTED_EDGE('',*,*,#9081,.T.);
#9088 = CYLINDRICAL_SURFACE('',#9089,3.3);
#9089 = AXIS2_PLACEMENT_3D('',#9090,#9091,#9092);
#9090 = CARTESIAN_POINT('',(374.7695526217,477.,345.2304473783));
#9091 = DIRECTION('',(0.,-1.,1.110223024625E-16));
#9092 = DIRECTION('',(1.110223024625E-16,1.110223024625E-16,1.));
#9093 = ADVANCED_FACE('',(#9094),#9105,.F.);
#9094 = FACE_BOUND('',#9095,.F.);
#9095 = EDGE_LOOP('',(#9096,#9097,#9103,#9104));
#9096 = ORIENTED_EDGE('',*,*,#8790,.F.);
#9097 = ORIENTED_EDGE('',*,*,#9098,.F.);
#9098 = EDGE_CURVE('',#8953,#8791,#9099,.T.);
#9099 = LINE('',#9100,#9101);
#9100 = CARTESIAN_POINT('',(360.,477.,327.75));
#9101 = VECTOR('',#9102,1.);
#9102 = DIRECTION('',(0.,-1.,1.110223024625E-16));
#9103 = ORIENTED_EDGE('',*,*,#8952,.T.);
#9104 = ORIENTED_EDGE('',*,*,#9098,.T.);
#9105 = CYLINDRICAL_SURFACE('',#9106,2.75);
#9106 = AXIS2_PLACEMENT_3D('',#9107,#9108,#9109);
#9107 = CARTESIAN_POINT('',(360.,477.,325.));
#9108 = DIRECTION('',(0.,-1.,1.110223024625E-16));
#9109 = DIRECTION('',(1.110223024625E-16,1.110223024625E-16,1.));
#9110 = ADVANCED_FACE('',(#9111),#9122,.F.);
#9111 = FACE_BOUND('',#9112,.F.);
#9112 = EDGE_LOOP('',(#9113,#9114,#9120,#9121));
#9113 = ORIENTED_EDGE('',*,*,#8963,.F.);
#9114 = ORIENTED_EDGE('',*,*,#9115,.F.);
#9115 = EDGE_CURVE('',#8802,#8964,#9116,.T.);
#9116 = LINE('',#9117,#9118);
#9117 = CARTESIAN_POINT('',(338.,471.,354.25));
#9118 = VECTOR('',#9119,1.);
#9119 = DIRECTION('',(0.,1.,0.));
#9120 = ORIENTED_EDGE('',*,*,#8801,.T.);
#9121 = ORIENTED_EDGE('',*,*,#9115,.T.);
#9122 = CYLINDRICAL_SURFACE('',#9123,1.25);
#9123 = AXIS2_PLACEMENT_3D('',#9124,#9125,#9126);
#9124 = CARTESIAN_POINT('',(338.,471.,353.));
#9125 = DIRECTION('',(0.,1.,0.));
#9126 = DIRECTION('',(0.,0.,1.));
#9127 = ADVANCED_FACE('',(#9128),#9139,.F.);
#9128 = FACE_BOUND('',#9129,.F.);
#9129 = EDGE_LOOP('',(#9130,#9131,#9137,#9138));
#9130 = ORIENTED_EDGE('',*,*,#8812,.F.);
#9131 = ORIENTED_EDGE('',*,*,#9132,.F.);
#9132 = EDGE_CURVE('',#8975,#8813,#9133,.T.);
#9133 = LINE('',#9134,#9135);
#9134 = CARTESIAN_POINT('',(374.7695526217,477.,422.0695526217));
#9135 = VECTOR('',#9136,1.);
#9136 = DIRECTION('',(0.,-1.,1.110223024625E-16));
#9137 = ORIENTED_EDGE('',*,*,#8974,.T.);
#9138 = ORIENTED_EDGE('',*,*,#9132,.T.);
#9139 = CYLINDRICAL_SURFACE('',#9140,3.3);
#9140 = AXIS2_PLACEMENT_3D('',#9141,#9142,#9143);
#9141 = CARTESIAN_POINT('',(374.7695526217,477.,418.7695526217));
#9142 = DIRECTION('',(0.,-1.,1.110223024625E-16));
#9143 = DIRECTION('',(1.110223024625E-16,1.110223024625E-16,1.));
#9144 = ADVANCED_FACE('',(#9145),#9156,.F.);
#9145 = FACE_BOUND('',#9146,.F.);
#9146 = EDGE_LOOP('',(#9147,#9148,#9154,#9155));
#9147 = ORIENTED_EDGE('',*,*,#8985,.F.);
#9148 = ORIENTED_EDGE('',*,*,#9149,.F.);
#9149 = EDGE_CURVE('',#8824,#8986,#9150,.T.);
#9150 = LINE('',#9151,#9152);
#9151 = CARTESIAN_POINT('',(338.,471.,412.25));
#9152 = VECTOR('',#9153,1.);
#9153 = DIRECTION('',(0.,1.,0.));
#9154 = ORIENTED_EDGE('',*,*,#8823,.T.);
#9155 = ORIENTED_EDGE('',*,*,#9149,.T.);
#9156 = CYLINDRICAL_SURFACE('',#9157,1.25);
#9157 = AXIS2_PLACEMENT_3D('',#9158,#9159,#9160);
#9158 = CARTESIAN_POINT('',(338.,471.,411.));
#9159 = DIRECTION('',(0.,1.,0.));
#9160 = DIRECTION('',(0.,0.,1.));
#9161 = ADVANCED_FACE('',(#9162),#9173,.F.);
#9162 = FACE_BOUND('',#9163,.F.);
#9163 = EDGE_LOOP('',(#9164,#9165,#9171,#9172));
#9164 = ORIENTED_EDGE('',*,*,#8834,.F.);
#9165 = ORIENTED_EDGE('',*,*,#9166,.F.);
#9166 = EDGE_CURVE('',#8997,#8835,#9167,.T.);
#9167 = LINE('',#9168,#9169);
#9168 = CARTESIAN_POINT('',(301.2304473783,477.,348.5304473783));
#9169 = VECTOR('',#9170,1.);
#9170 = DIRECTION('',(0.,-1.,1.110223024625E-16));
#9171 = ORIENTED_EDGE('',*,*,#8996,.T.);
#9172 = ORIENTED_EDGE('',*,*,#9166,.T.);
#9173 = CYLINDRICAL_SURFACE('',#9174,3.3);
#9174 = AXIS2_PLACEMENT_3D('',#9175,#9176,#9177);
#9175 = CARTESIAN_POINT('',(301.2304473783,477.,345.2304473783));
#9176 = DIRECTION('',(0.,-1.,1.110223024625E-16));
#9177 = DIRECTION('',(1.110223024625E-16,1.110223024625E-16,1.));
#9178 = ADVANCED_FACE('',(#9179),#9190,.F.);
#9179 = FACE_BOUND('',#9180,.F.);
#9180 = EDGE_LOOP('',(#9181,#9182,#9188,#9189));
#9181 = ORIENTED_EDGE('',*,*,#8845,.F.);
#9182 = ORIENTED_EDGE('',*,*,#9183,.F.);
#9183 = EDGE_CURVE('',#9008,#8846,#9184,.T.);
#9184 = LINE('',#9185,#9186);
#9185 = CARTESIAN_POINT('',(280.,477.,327.75));
#9186 = VECTOR('',#9187,1.);
#9187 = DIRECTION('',(0.,-1.,1.110223024625E-16));
#9188 = ORIENTED_EDGE('',*,*,#9007,.T.);
#9189 = ORIENTED_EDGE('',*,*,#9183,.T.);
#9190 = CYLINDRICAL_SURFACE('',#9191,2.75);
#9191 = AXIS2_PLACEMENT_3D('',#9192,#9193,#9194);
#9192 = CARTESIAN_POINT('',(280.,477.,325.));
#9193 = DIRECTION('',(0.,-1.,1.110223024625E-16));
#9194 = DIRECTION('',(1.110223024625E-16,1.110223024625E-16,1.));
#9195 = ADVANCED_FACE('',(#9196),#9207,.F.);
#9196 = FACE_BOUND('',#9197,.F.);
#9197 = EDGE_LOOP('',(#9198,#9199,#9205,#9206));
#9198 = ORIENTED_EDGE('',*,*,#9018,.F.);
#9199 = ORIENTED_EDGE('',*,*,#9200,.F.);
#9200 = EDGE_CURVE('',#8857,#9019,#9201,.T.);
#9201 = LINE('',#9202,#9203);
#9202 = CARTESIAN_POINT('',(302.,471.,354.25));
#9203 = VECTOR('',#9204,1.);
#9204 = DIRECTION('',(0.,1.,0.));
#9205 = ORIENTED_EDGE('',*,*,#8856,.T.);
#9206 = ORIENTED_EDGE('',*,*,#9200,.T.);
#9207 = CYLINDRICAL_SURFACE('',#9208,1.25);
#9208 = AXIS2_PLACEMENT_3D('',#9209,#9210,#9211);
#9209 = CARTESIAN_POINT('',(302.,471.,353.));
#9210 = DIRECTION('',(0.,1.,0.));
#9211 = DIRECTION('',(0.,0.,1.));
#9212 = ADVANCED_FACE('',(#9213),#9224,.F.);
#9213 = FACE_BOUND('',#9214,.F.);
#9214 = EDGE_LOOP('',(#9215,#9216,#9222,#9223));
#9215 = ORIENTED_EDGE('',*,*,#8867,.F.);
#9216 = ORIENTED_EDGE('',*,*,#9217,.F.);
#9217 = EDGE_CURVE('',#9030,#8868,#9218,.T.);
#9218 = LINE('',#9219,#9220);
#9219 = CARTESIAN_POINT('',(320.,477.,400.25));
#9220 = VECTOR('',#9221,1.);
#9221 = DIRECTION('',(0.,-1.,1.110223024625E-16));
#9222 = ORIENTED_EDGE('',*,*,#9029,.T.);
#9223 = ORIENTED_EDGE('',*,*,#9217,.T.);
#9224 = CYLINDRICAL_SURFACE('',#9225,18.25);
#9225 = AXIS2_PLACEMENT_3D('',#9226,#9227,#9228);
#9226 = CARTESIAN_POINT('',(320.,477.,382.));
#9227 = DIRECTION('',(0.,-1.,1.110223024625E-16));
#9228 = DIRECTION('',(1.110223024625E-16,1.110223024625E-16,1.));
#9229 = ADVANCED_FACE('',(#9230),#9241,.F.);
#9230 = FACE_BOUND('',#9231,.F.);
#9231 = EDGE_LOOP('',(#9232,#9233,#9239,#9240));
#9232 = ORIENTED_EDGE('',*,*,#9040,.F.);
#9233 = ORIENTED_EDGE('',*,*,#9234,.F.);
#9234 = EDGE_CURVE('',#8879,#9041,#9235,.T.);
#9235 = LINE('',#9236,#9237);
#9236 = CARTESIAN_POINT('',(302.,471.,412.25));
#9237 = VECTOR('',#9238,1.);
#9238 = DIRECTION('',(0.,1.,0.));
#9239 = ORIENTED_EDGE('',*,*,#8878,.T.);
#9240 = ORIENTED_EDGE('',*,*,#9234,.T.);
#9241 = CYLINDRICAL_SURFACE('',#9242,1.25);
#9242 = AXIS2_PLACEMENT_3D('',#9243,#9244,#9245);
#9243 = CARTESIAN_POINT('',(302.,471.,411.));
#9244 = DIRECTION('',(0.,1.,0.));
#9245 = DIRECTION('',(0.,0.,1.));
#9246 = ADVANCED_FACE('',(#9247),#9258,.F.);
#9247 = FACE_BOUND('',#9248,.F.);
#9248 = EDGE_LOOP('',(#9249,#9250,#9256,#9257));
#9249 = ORIENTED_EDGE('',*,*,#8889,.F.);
#9250 = ORIENTED_EDGE('',*,*,#9251,.F.);
#9251 = EDGE_CURVE('',#9052,#8890,#9252,.T.);
#9252 = LINE('',#9253,#9254);
#9253 = CARTESIAN_POINT('',(301.2304473783,477.,422.0695526217));
#9254 = VECTOR('',#9255,1.);
#9255 = DIRECTION('',(0.,-1.,1.110223024625E-16));
#9256 = ORIENTED_EDGE('',*,*,#9051,.T.);
#9257 = ORIENTED_EDGE('',*,*,#9251,.T.);
#9258 = CYLINDRICAL_SURFACE('',#9259,3.3);
#9259 = AXIS2_PLACEMENT_3D('',#9260,#9261,#9262);
#9260 = CARTESIAN_POINT('',(301.2304473783,477.,418.7695526217));
#9261 = DIRECTION('',(0.,-1.,1.110223024625E-16));
#9262 = DIRECTION('',(1.110223024625E-16,1.110223024625E-16,1.));
#9263 = MANIFOLD_SOLID_BREP('',#9264);
#9264 = CLOSED_SHELL('',(#9265,#9298,#9340,#9382,#9399,#9416));
#9265 = ADVANCED_FACE('',(#9266),#9293,.T.);
#9266 = FACE_BOUND('',#9267,.T.);
#9267 = EDGE_LOOP('',(#9268,#9277,#9285,#9292));
#9268 = ORIENTED_EDGE('',*,*,#9269,.F.);
#9269 = EDGE_CURVE('',#9270,#9270,#9272,.T.);
#9270 = VERTEX_POINT('',#9271);
#9271 = CARTESIAN_POINT('',(153.,243.,699.167));
#9272 = CIRCLE('',#9273,23.);
#9273 = AXIS2_PLACEMENT_3D('',#9274,#9275,#9276);
#9274 = CARTESIAN_POINT('',(153.,243.,676.167));
#9275 = DIRECTION('',(0.,1.,0.));
#9276 = DIRECTION('',(0.,0.,1.));
#9277 = ORIENTED_EDGE('',*,*,#9278,.F.);
#9278 = EDGE_CURVE('',#9279,#9270,#9281,.T.);
#9279 = VERTEX_POINT('',#9280);
#9280 = CARTESIAN_POINT('',(153.,241.,699.167));
#9281 = LINE('',#9282,#9283);
#9282 = CARTESIAN_POINT('',(153.,241.,699.167));
#9283 = VECTOR('',#9284,1.);
#9284 = DIRECTION('',(0.,1.,0.));
#9285 = ORIENTED_EDGE('',*,*,#9286,.T.);
#9286 = EDGE_CURVE('',#9279,#9279,#9287,.T.);
#9287 = CIRCLE('',#9288,23.);
#9288 = AXIS2_PLACEMENT_3D('',#9289,#9290,#9291);
#9289 = CARTESIAN_POINT('',(153.,241.,676.167));
#9290 = DIRECTION('',(0.,1.,0.));
#9291 = DIRECTION('',(0.,0.,1.));
#9292 = ORIENTED_EDGE('',*,*,#9278,.T.);
#9293 = CYLINDRICAL_SURFACE('',#9294,23.);
#9294 = AXIS2_PLACEMENT_3D('',#9295,#9296,#9297);
#9295 = CARTESIAN_POINT('',(153.,241.,676.167));
#9296 = DIRECTION('',(0.,1.,0.));
#9297 = DIRECTION('',(0.,0.,1.));
#9298 = ADVANCED_FACE('',(#9299,#9302,#9313,#9324),#9335,.T.);
#9299 = FACE_BOUND('',#9300,.T.);
#9300 = EDGE_LOOP('',(#9301));
#9301 = ORIENTED_EDGE('',*,*,#9269,.T.);
#9302 = FACE_BOUND('',#9303,.T.);
#9303 = EDGE_LOOP('',(#9304));
#9304 = ORIENTED_EDGE('',*,*,#9305,.F.);
#9305 = EDGE_CURVE('',#9306,#9306,#9308,.T.);
#9306 = VERTEX_POINT('',#9307);
#9307 = CARTESIAN_POINT('',(133.,243.,677.867));
#9308 = CIRCLE('',#9309,1.7);
#9309 = AXIS2_PLACEMENT_3D('',#9310,#9311,#9312);
#9310 = CARTESIAN_POINT('',(133.,243.,676.167));
#9311 = DIRECTION('',(0.,1.,0.));
#9312 = DIRECTION('',(0.,0.,1.));
#9313 = FACE_BOUND('',#9314,.T.);
#9314 = EDGE_LOOP('',(#9315));
#9315 = ORIENTED_EDGE('',*,*,#9316,.F.);
#9316 = EDGE_CURVE('',#9317,#9317,#9319,.T.);
#9317 = VERTEX_POINT('',#9318);
#9318 = CARTESIAN_POINT('',(153.,243.,689.867));
#9319 = CIRCLE('',#9320,13.7);
#9320 = AXIS2_PLACEMENT_3D('',#9321,#9322,#9323);
#9321 = CARTESIAN_POINT('',(153.,243.,676.167));
#9322 = DIRECTION('',(0.,1.,0.));
#9323 = DIRECTION('',(0.,0.,1.));
#9324 = FACE_BOUND('',#9325,.T.);
#9325 = EDGE_LOOP('',(#9326));
#9326 = ORIENTED_EDGE('',*,*,#9327,.F.);
#9327 = EDGE_CURVE('',#9328,#9328,#9330,.T.);
#9328 = VERTEX_POINT('',#9329);
#9329 = CARTESIAN_POINT('',(173.,243.,677.867));
#9330 = CIRCLE('',#9331,1.7);
#9331 = AXIS2_PLACEMENT_3D('',#9332,#9333,#9334);
#9332 = CARTESIAN_POINT('',(173.,243.,676.167));
#9333 = DIRECTION('',(0.,1.,0.));
#9334 = DIRECTION('',(0.,0.,1.));
#9335 = PLANE('',#9336);
#9336 = AXIS2_PLACEMENT_3D('',#9337,#9338,#9339);
#9337 = CARTESIAN_POINT('',(153.,243.,676.167));
#9338 = DIRECTION('',(0.,1.,0.));
#9339 = DIRECTION('',(0.,0.,1.));
#9340 = ADVANCED_FACE('',(#9341,#9344,#9355,#9366),#9377,.F.);
#9341 = FACE_BOUND('',#9342,.F.);
#9342 = EDGE_LOOP('',(#9343));
#9343 = ORIENTED_EDGE('',*,*,#9286,.T.);
#9344 = FACE_BOUND('',#9345,.F.);
#9345 = EDGE_LOOP('',(#9346));
#9346 = ORIENTED_EDGE('',*,*,#9347,.F.);
#9347 = EDGE_CURVE('',#9348,#9348,#9350,.T.);
#9348 = VERTEX_POINT('',#9349);
#9349 = CARTESIAN_POINT('',(133.,241.,677.867));
#9350 = CIRCLE('',#9351,1.7);
#9351 = AXIS2_PLACEMENT_3D('',#9352,#9353,#9354);
#9352 = CARTESIAN_POINT('',(133.,241.,676.167));
#9353 = DIRECTION('',(0.,1.,0.));
#9354 = DIRECTION('',(0.,0.,1.));
#9355 = FACE_BOUND('',#9356,.F.);
#9356 = EDGE_LOOP('',(#9357));
#9357 = ORIENTED_EDGE('',*,*,#9358,.F.);
#9358 = EDGE_CURVE('',#9359,#9359,#9361,.T.);
#9359 = VERTEX_POINT('',#9360);
#9360 = CARTESIAN_POINT('',(153.,241.,689.867));
#9361 = CIRCLE('',#9362,13.7);
#9362 = AXIS2_PLACEMENT_3D('',#9363,#9364,#9365);
#9363 = CARTESIAN_POINT('',(153.,241.,676.167));
#9364 = DIRECTION('',(0.,1.,0.));
#9365 = DIRECTION('',(0.,0.,1.));
#9366 = FACE_BOUND('',#9367,.F.);
#9367 = EDGE_LOOP('',(#9368));
#9368 = ORIENTED_EDGE('',*,*,#9369,.F.);
#9369 = EDGE_CURVE('',#9370,#9370,#9372,.T.);
#9370 = VERTEX_POINT('',#9371);
#9371 = CARTESIAN_POINT('',(173.,241.,677.867));
#9372 = CIRCLE('',#9373,1.7);
#9373 = AXIS2_PLACEMENT_3D('',#9374,#9375,#9376);
#9374 = CARTESIAN_POINT('',(173.,241.,676.167));
#9375 = DIRECTION('',(0.,1.,0.));
#9376 = DIRECTION('',(0.,0.,1.));
#9377 = PLANE('',#9378);
#9378 = AXIS2_PLACEMENT_3D('',#9379,#9380,#9381);
#9379 = CARTESIAN_POINT('',(153.,241.,676.167));
#9380 = DIRECTION('',(0.,1.,0.));
#9381 = DIRECTION('',(0.,0.,1.));
#9382 = ADVANCED_FACE('',(#9383),#9394,.F.);
#9383 = FACE_BOUND('',#9384,.F.);
#9384 = EDGE_LOOP('',(#9385,#9386,#9392,#9393));
#9385 = ORIENTED_EDGE('',*,*,#9305,.F.);
#9386 = ORIENTED_EDGE('',*,*,#9387,.F.);
#9387 = EDGE_CURVE('',#9348,#9306,#9388,.T.);
#9388 = LINE('',#9389,#9390);
#9389 = CARTESIAN_POINT('',(133.,241.,677.867));
#9390 = VECTOR('',#9391,1.);
#9391 = DIRECTION('',(0.,1.,0.));
#9392 = ORIENTED_EDGE('',*,*,#9347,.T.);
#9393 = ORIENTED_EDGE('',*,*,#9387,.T.);
#9394 = CYLINDRICAL_SURFACE('',#9395,1.7);
#9395 = AXIS2_PLACEMENT_3D('',#9396,#9397,#9398);
#9396 = CARTESIAN_POINT('',(133.,241.,676.167));
#9397 = DIRECTION('',(0.,1.,0.));
#9398 = DIRECTION('',(0.,0.,1.));
#9399 = ADVANCED_FACE('',(#9400),#9411,.F.);
#9400 = FACE_BOUND('',#9401,.F.);
#9401 = EDGE_LOOP('',(#9402,#9403,#9409,#9410));
#9402 = ORIENTED_EDGE('',*,*,#9316,.F.);
#9403 = ORIENTED_EDGE('',*,*,#9404,.F.);
#9404 = EDGE_CURVE('',#9359,#9317,#9405,.T.);
#9405 = LINE('',#9406,#9407);
#9406 = CARTESIAN_POINT('',(153.,241.,689.867));
#9407 = VECTOR('',#9408,1.);
#9408 = DIRECTION('',(0.,1.,0.));
#9409 = ORIENTED_EDGE('',*,*,#9358,.T.);
#9410 = ORIENTED_EDGE('',*,*,#9404,.T.);
#9411 = CYLINDRICAL_SURFACE('',#9412,13.7);
#9412 = AXIS2_PLACEMENT_3D('',#9413,#9414,#9415);
#9413 = CARTESIAN_POINT('',(153.,241.,676.167));
#9414 = DIRECTION('',(0.,1.,0.));
#9415 = DIRECTION('',(0.,0.,1.));
#9416 = ADVANCED_FACE('',(#9417),#9428,.F.);
#9417 = FACE_BOUND('',#9418,.F.);
#9418 = EDGE_LOOP('',(#9419,#9420,#9426,#9427));
#9419 = ORIENTED_EDGE('',*,*,#9327,.F.);
#9420 = ORIENTED_EDGE('',*,*,#9421,.F.);
#9421 = EDGE_CURVE('',#9370,#9328,#9422,.T.);
#9422 = LINE('',#9423,#9424);
#9423 = CARTESIAN_POINT('',(173.,241.,677.867));
#9424 = VECTOR('',#9425,1.);
#9425 = DIRECTION('',(0.,1.,0.));
#9426 = ORIENTED_EDGE('',*,*,#9369,.T.);
#9427 = ORIENTED_EDGE('',*,*,#9421,.T.);
#9428 = CYLINDRICAL_SURFACE('',#9429,1.7);
#9429 = AXIS2_PLACEMENT_3D('',#9430,#9431,#9432);
#9430 = CARTESIAN_POINT('',(173.,241.,676.167));
#9431 = DIRECTION('',(0.,1.,0.));
#9432 = DIRECTION('',(0.,0.,1.));
#9433 = MANIFOLD_SOLID_BREP('',#9434);
#9434 = CLOSED_SHELL('',(#9435,#9468,#9510,#9552,#9569,#9586));
#9435 = ADVANCED_FACE('',(#9436),#9463,.T.);
#9436 = FACE_BOUND('',#9437,.T.);
#9437 = EDGE_LOOP('',(#9438,#9447,#9455,#9462));
#9438 = ORIENTED_EDGE('',*,*,#9439,.F.);
#9439 = EDGE_CURVE('',#9440,#9440,#9442,.T.);
#9440 = VERTEX_POINT('',#9441);
#9441 = CARTESIAN_POINT('',(153.,255.,699.167));
#9442 = CIRCLE('',#9443,23.);
#9443 = AXIS2_PLACEMENT_3D('',#9444,#9445,#9446);
#9444 = CARTESIAN_POINT('',(153.,255.,676.167));
#9445 = DIRECTION('',(0.,1.,0.));
#9446 = DIRECTION('',(0.,0.,1.));
#9447 = ORIENTED_EDGE('',*,*,#9448,.F.);
#9448 = EDGE_CURVE('',#9449,#9440,#9451,.T.);
#9449 = VERTEX_POINT('',#9450);
#9450 = CARTESIAN_POINT('',(153.,253.,699.167));
#9451 = LINE('',#9452,#9453);
#9452 = CARTESIAN_POINT('',(153.,253.,699.167));
#9453 = VECTOR('',#9454,1.);
#9454 = DIRECTION('',(0.,1.,0.));
#9455 = ORIENTED_EDGE('',*,*,#9456,.T.);
#9456 = EDGE_CURVE('',#9449,#9449,#9457,.T.);
#9457 = CIRCLE('',#9458,23.);
#9458 = AXIS2_PLACEMENT_3D('',#9459,#9460,#9461);
#9459 = CARTESIAN_POINT('',(153.,253.,676.167));
#9460 = DIRECTION('',(0.,1.,0.));
#9461 = DIRECTION('',(0.,0.,1.));
#9462 = ORIENTED_EDGE('',*,*,#9448,.T.);
#9463 = CYLINDRICAL_SURFACE('',#9464,23.);
#9464 = AXIS2_PLACEMENT_3D('',#9465,#9466,#9467);
#9465 = CARTESIAN_POINT('',(153.,253.,676.167));
#9466 = DIRECTION('',(0.,1.,0.));
#9467 = DIRECTION('',(0.,0.,1.));
#9468 = ADVANCED_FACE('',(#9469,#9472,#9483,#9494),#9505,.T.);
#9469 = FACE_BOUND('',#9470,.T.);
#9470 = EDGE_LOOP('',(#9471));
#9471 = ORIENTED_EDGE('',*,*,#9439,.T.);
#9472 = FACE_BOUND('',#9473,.T.);
#9473 = EDGE_LOOP('',(#9474));
#9474 = ORIENTED_EDGE('',*,*,#9475,.F.);
#9475 = EDGE_CURVE('',#9476,#9476,#9478,.T.);
#9476 = VERTEX_POINT('',#9477);
#9477 = CARTESIAN_POINT('',(133.,255.,677.867));
#9478 = CIRCLE('',#9479,1.7);
#9479 = AXIS2_PLACEMENT_3D('',#9480,#9481,#9482);
#9480 = CARTESIAN_POINT('',(133.,255.,676.167));
#9481 = DIRECTION('',(0.,1.,0.));
#9482 = DIRECTION('',(0.,0.,1.));
#9483 = FACE_BOUND('',#9484,.T.);
#9484 = EDGE_LOOP('',(#9485));
#9485 = ORIENTED_EDGE('',*,*,#9486,.F.);
#9486 = EDGE_CURVE('',#9487,#9487,#9489,.T.);
#9487 = VERTEX_POINT('',#9488);
#9488 = CARTESIAN_POINT('',(153.,255.,689.867));
#9489 = CIRCLE('',#9490,13.7);
#9490 = AXIS2_PLACEMENT_3D('',#9491,#9492,#9493);
#9491 = CARTESIAN_POINT('',(153.,255.,676.167));
#9492 = DIRECTION('',(0.,1.,0.));
#9493 = DIRECTION('',(0.,0.,1.));
#9494 = FACE_BOUND('',#9495,.T.);
#9495 = EDGE_LOOP('',(#9496));
#9496 = ORIENTED_EDGE('',*,*,#9497,.F.);
#9497 = EDGE_CURVE('',#9498,#9498,#9500,.T.);
#9498 = VERTEX_POINT('',#9499);
#9499 = CARTESIAN_POINT('',(173.,255.,677.867));
#9500 = CIRCLE('',#9501,1.7);
#9501 = AXIS2_PLACEMENT_3D('',#9502,#9503,#9504);
#9502 = CARTESIAN_POINT('',(173.,255.,676.167));
#9503 = DIRECTION('',(0.,1.,0.));
#9504 = DIRECTION('',(0.,0.,1.));
#9505 = PLANE('',#9506);
#9506 = AXIS2_PLACEMENT_3D('',#9507,#9508,#9509);
#9507 = CARTESIAN_POINT('',(153.,255.,676.167));
#9508 = DIRECTION('',(0.,1.,0.));
#9509 = DIRECTION('',(0.,0.,1.));
#9510 = ADVANCED_FACE('',(#9511,#9514,#9525,#9536),#9547,.F.);
#9511 = FACE_BOUND('',#9512,.F.);
#9512 = EDGE_LOOP('',(#9513));
#9513 = ORIENTED_EDGE('',*,*,#9456,.T.);
#9514 = FACE_BOUND('',#9515,.F.);
#9515 = EDGE_LOOP('',(#9516));
#9516 = ORIENTED_EDGE('',*,*,#9517,.F.);
#9517 = EDGE_CURVE('',#9518,#9518,#9520,.T.);
#9518 = VERTEX_POINT('',#9519);
#9519 = CARTESIAN_POINT('',(133.,253.,677.867));
#9520 = CIRCLE('',#9521,1.7);
#9521 = AXIS2_PLACEMENT_3D('',#9522,#9523,#9524);
#9522 = CARTESIAN_POINT('',(133.,253.,676.167));
#9523 = DIRECTION('',(0.,1.,0.));
#9524 = DIRECTION('',(0.,0.,1.));
#9525 = FACE_BOUND('',#9526,.F.);
#9526 = EDGE_LOOP('',(#9527));
#9527 = ORIENTED_EDGE('',*,*,#9528,.F.);
#9528 = EDGE_CURVE('',#9529,#9529,#9531,.T.);
#9529 = VERTEX_POINT('',#9530);
#9530 = CARTESIAN_POINT('',(153.,253.,689.867));
#9531 = CIRCLE('',#9532,13.7);
#9532 = AXIS2_PLACEMENT_3D('',#9533,#9534,#9535);
#9533 = CARTESIAN_POINT('',(153.,253.,676.167));
#9534 = DIRECTION('',(0.,1.,0.));
#9535 = DIRECTION('',(0.,0.,1.));
#9536 = FACE_BOUND('',#9537,.F.);
#9537 = EDGE_LOOP('',(#9538));
#9538 = ORIENTED_EDGE('',*,*,#9539,.F.);
#9539 = EDGE_CURVE('',#9540,#9540,#9542,.T.);
#9540 = VERTEX_POINT('',#9541);
#9541 = CARTESIAN_POINT('',(173.,253.,677.867));
#9542 = CIRCLE('',#9543,1.7);
#9543 = AXIS2_PLACEMENT_3D('',#9544,#9545,#9546);
#9544 = CARTESIAN_POINT('',(173.,253.,676.167));
#9545 = DIRECTION('',(0.,1.,0.));
#9546 = DIRECTION('',(0.,0.,1.));
#9547 = PLANE('',#9548);
#9548 = AXIS2_PLACEMENT_3D('',#9549,#9550,#9551);
#9549 = CARTESIAN_POINT('',(153.,253.,676.167));
#9550 = DIRECTION('',(0.,1.,0.));
#9551 = DIRECTION('',(0.,0.,1.));
#9552 = ADVANCED_FACE('',(#9553),#9564,.F.);
#9553 = FACE_BOUND('',#9554,.F.);
#9554 = EDGE_LOOP('',(#9555,#9556,#9562,#9563));
#9555 = ORIENTED_EDGE('',*,*,#9475,.F.);
#9556 = ORIENTED_EDGE('',*,*,#9557,.F.);
#9557 = EDGE_CURVE('',#9518,#9476,#9558,.T.);
#9558 = LINE('',#9559,#9560);
#9559 = CARTESIAN_POINT('',(133.,253.,677.867));
#9560 = VECTOR('',#9561,1.);
#9561 = DIRECTION('',(0.,1.,0.));
#9562 = ORIENTED_EDGE('',*,*,#9517,.T.);
#9563 = ORIENTED_EDGE('',*,*,#9557,.T.);
#9564 = CYLINDRICAL_SURFACE('',#9565,1.7);
#9565 = AXIS2_PLACEMENT_3D('',#9566,#9567,#9568);
#9566 = CARTESIAN_POINT('',(133.,253.,676.167));
#9567 = DIRECTION('',(0.,1.,0.));
#9568 = DIRECTION('',(0.,0.,1.));
#9569 = ADVANCED_FACE('',(#9570),#9581,.F.);
#9570 = FACE_BOUND('',#9571,.F.);
#9571 = EDGE_LOOP('',(#9572,#9573,#9579,#9580));
#9572 = ORIENTED_EDGE('',*,*,#9486,.F.);
#9573 = ORIENTED_EDGE('',*,*,#9574,.F.);
#9574 = EDGE_CURVE('',#9529,#9487,#9575,.T.);
#9575 = LINE('',#9576,#9577);
#9576 = CARTESIAN_POINT('',(153.,253.,689.867));
#9577 = VECTOR('',#9578,1.);
#9578 = DIRECTION('',(0.,1.,0.));
#9579 = ORIENTED_EDGE('',*,*,#9528,.T.);
#9580 = ORIENTED_EDGE('',*,*,#9574,.T.);
#9581 = CYLINDRICAL_SURFACE('',#9582,13.7);
#9582 = AXIS2_PLACEMENT_3D('',#9583,#9584,#9585);
#9583 = CARTESIAN_POINT('',(153.,253.,676.167));
#9584 = DIRECTION('',(0.,1.,0.));
#9585 = DIRECTION('',(0.,0.,1.));
#9586 = ADVANCED_FACE('',(#9587),#9598,.F.);
#9587 = FACE_BOUND('',#9588,.F.);
#9588 = EDGE_LOOP('',(#9589,#9590,#9596,#9597));
#9589 = ORIENTED_EDGE('',*,*,#9497,.F.);
#9590 = ORIENTED_EDGE('',*,*,#9591,.F.);
#9591 = EDGE_CURVE('',#9540,#9498,#9592,.T.);
#9592 = LINE('',#9593,#9594);
#9593 = CARTESIAN_POINT('',(173.,253.,677.867));
#9594 = VECTOR('',#9595,1.);
#9595 = DIRECTION('',(0.,1.,0.));
#9596 = ORIENTED_EDGE('',*,*,#9539,.T.);
#9597 = ORIENTED_EDGE('',*,*,#9591,.T.);
#9598 = CYLINDRICAL_SURFACE('',#9599,1.7);
#9599 = AXIS2_PLACEMENT_3D('',#9600,#9601,#9602);
#9600 = CARTESIAN_POINT('',(173.,253.,676.167));
#9601 = DIRECTION('',(0.,1.,0.));
#9602 = DIRECTION('',(0.,0.,1.));
#9603 = MANIFOLD_SOLID_BREP('',#9604);
#9604 = CLOSED_SHELL('',(#9605,#9638,#9680,#9722,#9739,#9756));
#9605 = ADVANCED_FACE('',(#9606),#9633,.T.);
#9606 = FACE_BOUND('',#9607,.T.);
#9607 = EDGE_LOOP('',(#9608,#9617,#9625,#9632));
#9608 = ORIENTED_EDGE('',*,*,#9609,.F.);
#9609 = EDGE_CURVE('',#9610,#9610,#9612,.T.);
#9610 = VERTEX_POINT('',#9611);
#9611 = CARTESIAN_POINT('',(153.,273.,699.167));
#9612 = CIRCLE('',#9613,23.);
#9613 = AXIS2_PLACEMENT_3D('',#9614,#9615,#9616);
#9614 = CARTESIAN_POINT('',(153.,273.,676.167));
#9615 = DIRECTION('',(0.,1.,0.));
#9616 = DIRECTION('',(0.,0.,1.));
#9617 = ORIENTED_EDGE('',*,*,#9618,.F.);
#9618 = EDGE_CURVE('',#9619,#9610,#9621,.T.);
#9619 = VERTEX_POINT('',#9620);
#9620 = CARTESIAN_POINT('',(153.,271.,699.167));
#9621 = LINE('',#9622,#9623);
#9622 = CARTESIAN_POINT('',(153.,271.,699.167));
#9623 = VECTOR('',#9624,1.);
#9624 = DIRECTION('',(0.,1.,0.));
#9625 = ORIENTED_EDGE('',*,*,#9626,.T.);
#9626 = EDGE_CURVE('',#9619,#9619,#9627,.T.);
#9627 = CIRCLE('',#9628,23.);
#9628 = AXIS2_PLACEMENT_3D('',#9629,#9630,#9631);
#9629 = CARTESIAN_POINT('',(153.,271.,676.167));
#9630 = DIRECTION('',(0.,1.,0.));
#9631 = DIRECTION('',(0.,0.,1.));
#9632 = ORIENTED_EDGE('',*,*,#9618,.T.);
#9633 = CYLINDRICAL_SURFACE('',#9634,23.);
#9634 = AXIS2_PLACEMENT_3D('',#9635,#9636,#9637);
#9635 = CARTESIAN_POINT('',(153.,271.,676.167));
#9636 = DIRECTION('',(0.,1.,0.));
#9637 = DIRECTION('',(0.,0.,1.));
#9638 = ADVANCED_FACE('',(#9639,#9642,#9653,#9664),#9675,.T.);
#9639 = FACE_BOUND('',#9640,.T.);
#9640 = EDGE_LOOP('',(#9641));
#9641 = ORIENTED_EDGE('',*,*,#9609,.T.);
#9642 = FACE_BOUND('',#9643,.T.);
#9643 = EDGE_LOOP('',(#9644));
#9644 = ORIENTED_EDGE('',*,*,#9645,.F.);
#9645 = EDGE_CURVE('',#9646,#9646,#9648,.T.);
#9646 = VERTEX_POINT('',#9647);
#9647 = CARTESIAN_POINT('',(133.,273.,677.867));
#9648 = CIRCLE('',#9649,1.7);
#9649 = AXIS2_PLACEMENT_3D('',#9650,#9651,#9652);
#9650 = CARTESIAN_POINT('',(133.,273.,676.167));
#9651 = DIRECTION('',(0.,1.,0.));
#9652 = DIRECTION('',(0.,0.,1.));
#9653 = FACE_BOUND('',#9654,.T.);
#9654 = EDGE_LOOP('',(#9655));
#9655 = ORIENTED_EDGE('',*,*,#9656,.F.);
#9656 = EDGE_CURVE('',#9657,#9657,#9659,.T.);
#9657 = VERTEX_POINT('',#9658);
#9658 = CARTESIAN_POINT('',(153.,273.,689.867));
#9659 = CIRCLE('',#9660,13.7);
#9660 = AXIS2_PLACEMENT_3D('',#9661,#9662,#9663);
#9661 = CARTESIAN_POINT('',(153.,273.,676.167));
#9662 = DIRECTION('',(0.,1.,0.));
#9663 = DIRECTION('',(0.,0.,1.));
#9664 = FACE_BOUND('',#9665,.T.);
#9665 = EDGE_LOOP('',(#9666));
#9666 = ORIENTED_EDGE('',*,*,#9667,.F.);
#9667 = EDGE_CURVE('',#9668,#9668,#9670,.T.);
#9668 = VERTEX_POINT('',#9669);
#9669 = CARTESIAN_POINT('',(173.,273.,677.867));
#9670 = CIRCLE('',#9671,1.7);
#9671 = AXIS2_PLACEMENT_3D('',#9672,#9673,#9674);
#9672 = CARTESIAN_POINT('',(173.,273.,676.167));
#9673 = DIRECTION('',(0.,1.,0.));
#9674 = DIRECTION('',(0.,0.,1.));
#9675 = PLANE('',#9676);
#9676 = AXIS2_PLACEMENT_3D('',#9677,#9678,#9679);
#9677 = CARTESIAN_POINT('',(153.,273.,676.167));
#9678 = DIRECTION('',(0.,1.,0.));
#9679 = DIRECTION('',(0.,0.,1.));
#9680 = ADVANCED_FACE('',(#9681,#9684,#9695,#9706),#9717,.F.);
#9681 = FACE_BOUND('',#9682,.F.);
#9682 = EDGE_LOOP('',(#9683));
#9683 = ORIENTED_EDGE('',*,*,#9626,.T.);
#9684 = FACE_BOUND('',#9685,.F.);
#9685 = EDGE_LOOP('',(#9686));
#9686 = ORIENTED_EDGE('',*,*,#9687,.F.);
#9687 = EDGE_CURVE('',#9688,#9688,#9690,.T.);
#9688 = VERTEX_POINT('',#9689);
#9689 = CARTESIAN_POINT('',(133.,271.,677.867));
#9690 = CIRCLE('',#9691,1.7);
#9691 = AXIS2_PLACEMENT_3D('',#9692,#9693,#9694);
#9692 = CARTESIAN_POINT('',(133.,271.,676.167));
#9693 = DIRECTION('',(0.,1.,0.));
#9694 = DIRECTION('',(0.,0.,1.));
#9695 = FACE_BOUND('',#9696,.F.);
#9696 = EDGE_LOOP('',(#9697));
#9697 = ORIENTED_EDGE('',*,*,#9698,.F.);
#9698 = EDGE_CURVE('',#9699,#9699,#9701,.T.);
#9699 = VERTEX_POINT('',#9700);
#9700 = CARTESIAN_POINT('',(153.,271.,689.867));
#9701 = CIRCLE('',#9702,13.7);
#9702 = AXIS2_PLACEMENT_3D('',#9703,#9704,#9705);
#9703 = CARTESIAN_POINT('',(153.,271.,676.167));
#9704 = DIRECTION('',(0.,1.,0.));
#9705 = DIRECTION('',(0.,0.,1.));
#9706 = FACE_BOUND('',#9707,.F.);
#9707 = EDGE_LOOP('',(#9708));
#9708 = ORIENTED_EDGE('',*,*,#9709,.F.);
#9709 = EDGE_CURVE('',#9710,#9710,#9712,.T.);
#9710 = VERTEX_POINT('',#9711);
#9711 = CARTESIAN_POINT('',(173.,271.,677.867));
#9712 = CIRCLE('',#9713,1.7);
#9713 = AXIS2_PLACEMENT_3D('',#9714,#9715,#9716);
#9714 = CARTESIAN_POINT('',(173.,271.,676.167));
#9715 = DIRECTION('',(0.,1.,0.));
#9716 = DIRECTION('',(0.,0.,1.));
#9717 = PLANE('',#9718);
#9718 = AXIS2_PLACEMENT_3D('',#9719,#9720,#9721);
#9719 = CARTESIAN_POINT('',(153.,271.,676.167));
#9720 = DIRECTION('',(0.,1.,0.));
#9721 = DIRECTION('',(0.,0.,1.));
#9722 = ADVANCED_FACE('',(#9723),#9734,.F.);
#9723 = FACE_BOUND('',#9724,.F.);
#9724 = EDGE_LOOP('',(#9725,#9726,#9732,#9733));
#9725 = ORIENTED_EDGE('',*,*,#9645,.F.);
#9726 = ORIENTED_EDGE('',*,*,#9727,.F.);
#9727 = EDGE_CURVE('',#9688,#9646,#9728,.T.);
#9728 = LINE('',#9729,#9730);
#9729 = CARTESIAN_POINT('',(133.,271.,677.867));
#9730 = VECTOR('',#9731,1.);
#9731 = DIRECTION('',(0.,1.,0.));
#9732 = ORIENTED_EDGE('',*,*,#9687,.T.);
#9733 = ORIENTED_EDGE('',*,*,#9727,.T.);
#9734 = CYLINDRICAL_SURFACE('',#9735,1.7);
#9735 = AXIS2_PLACEMENT_3D('',#9736,#9737,#9738);
#9736 = CARTESIAN_POINT('',(133.,271.,676.167));
#9737 = DIRECTION('',(0.,1.,0.));
#9738 = DIRECTION('',(0.,0.,1.));
#9739 = ADVANCED_FACE('',(#9740),#9751,.F.);
#9740 = FACE_BOUND('',#9741,.F.);
#9741 = EDGE_LOOP('',(#9742,#9743,#9749,#9750));
#9742 = ORIENTED_EDGE('',*,*,#9656,.F.);
#9743 = ORIENTED_EDGE('',*,*,#9744,.F.);
#9744 = EDGE_CURVE('',#9699,#9657,#9745,.T.);
#9745 = LINE('',#9746,#9747);
#9746 = CARTESIAN_POINT('',(153.,271.,689.867));
#9747 = VECTOR('',#9748,1.);
#9748 = DIRECTION('',(0.,1.,0.));
#9749 = ORIENTED_EDGE('',*,*,#9698,.T.);
#9750 = ORIENTED_EDGE('',*,*,#9744,.T.);
#9751 = CYLINDRICAL_SURFACE('',#9752,13.7);
#9752 = AXIS2_PLACEMENT_3D('',#9753,#9754,#9755);
#9753 = CARTESIAN_POINT('',(153.,271.,676.167));
#9754 = DIRECTION('',(0.,1.,0.));
#9755 = DIRECTION('',(0.,0.,1.));
#9756 = ADVANCED_FACE('',(#9757),#9768,.F.);
#9757 = FACE_BOUND('',#9758,.F.);
#9758 = EDGE_LOOP('',(#9759,#9760,#9766,#9767));
#9759 = ORIENTED_EDGE('',*,*,#9667,.F.);
#9760 = ORIENTED_EDGE('',*,*,#9761,.F.);
#9761 = EDGE_CURVE('',#9710,#9668,#9762,.T.);
#9762 = LINE('',#9763,#9764);
#9763 = CARTESIAN_POINT('',(173.,271.,677.867));
#9764 = VECTOR('',#9765,1.);
#9765 = DIRECTION('',(0.,1.,0.));
#9766 = ORIENTED_EDGE('',*,*,#9709,.T.);
#9767 = ORIENTED_EDGE('',*,*,#9761,.T.);
#9768 = CYLINDRICAL_SURFACE('',#9769,1.7);
#9769 = AXIS2_PLACEMENT_3D('',#9770,#9771,#9772);
#9770 = CARTESIAN_POINT('',(173.,271.,676.167));
#9771 = DIRECTION('',(0.,1.,0.));
#9772 = DIRECTION('',(0.,0.,1.));
#9773 = MANIFOLD_SOLID_BREP('',#9774);
#9774 = CLOSED_SHELL('',(#9775,#9808,#9850,#9892,#9909,#9926));
#9775 = ADVANCED_FACE('',(#9776),#9803,.T.);
#9776 = FACE_BOUND('',#9777,.T.);
#9777 = EDGE_LOOP('',(#9778,#9787,#9795,#9802));
#9778 = ORIENTED_EDGE('',*,*,#9779,.F.);
#9779 = EDGE_CURVE('',#9780,#9780,#9782,.T.);
#9780 = VERTEX_POINT('',#9781);
#9781 = CARTESIAN_POINT('',(153.,285.,699.167));
#9782 = CIRCLE('',#9783,23.);
#9783 = AXIS2_PLACEMENT_3D('',#9784,#9785,#9786);
#9784 = CARTESIAN_POINT('',(153.,285.,676.167));
#9785 = DIRECTION('',(0.,1.,0.));
#9786 = DIRECTION('',(0.,0.,1.));
#9787 = ORIENTED_EDGE('',*,*,#9788,.F.);
#9788 = EDGE_CURVE('',#9789,#9780,#9791,.T.);
#9789 = VERTEX_POINT('',#9790);
#9790 = CARTESIAN_POINT('',(153.,283.,699.167));
#9791 = LINE('',#9792,#9793);
#9792 = CARTESIAN_POINT('',(153.,283.,699.167));
#9793 = VECTOR('',#9794,1.);
#9794 = DIRECTION('',(0.,1.,0.));
#9795 = ORIENTED_EDGE('',*,*,#9796,.T.);
#9796 = EDGE_CURVE('',#9789,#9789,#9797,.T.);
#9797 = CIRCLE('',#9798,23.);
#9798 = AXIS2_PLACEMENT_3D('',#9799,#9800,#9801);
#9799 = CARTESIAN_POINT('',(153.,283.,676.167));
#9800 = DIRECTION('',(0.,1.,0.));
#9801 = DIRECTION('',(0.,0.,1.));
#9802 = ORIENTED_EDGE('',*,*,#9788,.T.);
#9803 = CYLINDRICAL_SURFACE('',#9804,23.);
#9804 = AXIS2_PLACEMENT_3D('',#9805,#9806,#9807);
#9805 = CARTESIAN_POINT('',(153.,283.,676.167));
#9806 = DIRECTION('',(0.,1.,0.));
#9807 = DIRECTION('',(0.,0.,1.));
#9808 = ADVANCED_FACE('',(#9809,#9812,#9823,#9834),#9845,.T.);
#9809 = FACE_BOUND('',#9810,.T.);
#9810 = EDGE_LOOP('',(#9811));
#9811 = ORIENTED_EDGE('',*,*,#9779,.T.);
#9812 = FACE_BOUND('',#9813,.T.);
#9813 = EDGE_LOOP('',(#9814));
#9814 = ORIENTED_EDGE('',*,*,#9815,.F.);
#9815 = EDGE_CURVE('',#9816,#9816,#9818,.T.);
#9816 = VERTEX_POINT('',#9817);
#9817 = CARTESIAN_POINT('',(133.,285.,677.867));
#9818 = CIRCLE('',#9819,1.7);
#9819 = AXIS2_PLACEMENT_3D('',#9820,#9821,#9822);
#9820 = CARTESIAN_POINT('',(133.,285.,676.167));
#9821 = DIRECTION('',(0.,1.,0.));
#9822 = DIRECTION('',(0.,0.,1.));
#9823 = FACE_BOUND('',#9824,.T.);
#9824 = EDGE_LOOP('',(#9825));
#9825 = ORIENTED_EDGE('',*,*,#9826,.F.);
#9826 = EDGE_CURVE('',#9827,#9827,#9829,.T.);
#9827 = VERTEX_POINT('',#9828);
#9828 = CARTESIAN_POINT('',(153.,285.,689.867));
#9829 = CIRCLE('',#9830,13.7);
#9830 = AXIS2_PLACEMENT_3D('',#9831,#9832,#9833);
#9831 = CARTESIAN_POINT('',(153.,285.,676.167));
#9832 = DIRECTION('',(0.,1.,0.));
#9833 = DIRECTION('',(0.,0.,1.));
#9834 = FACE_BOUND('',#9835,.T.);
#9835 = EDGE_LOOP('',(#9836));
#9836 = ORIENTED_EDGE('',*,*,#9837,.F.);
#9837 = EDGE_CURVE('',#9838,#9838,#9840,.T.);
#9838 = VERTEX_POINT('',#9839);
#9839 = CARTESIAN_POINT('',(173.,285.,677.867));
#9840 = CIRCLE('',#9841,1.7);
#9841 = AXIS2_PLACEMENT_3D('',#9842,#9843,#9844);
#9842 = CARTESIAN_POINT('',(173.,285.,676.167));
#9843 = DIRECTION('',(0.,1.,0.));
#9844 = DIRECTION('',(0.,0.,1.));
#9845 = PLANE('',#9846);
#9846 = AXIS2_PLACEMENT_3D('',#9847,#9848,#9849);
#9847 = CARTESIAN_POINT('',(153.,285.,676.167));
#9848 = DIRECTION('',(0.,1.,0.));
#9849 = DIRECTION('',(0.,0.,1.));
#9850 = ADVANCED_FACE('',(#9851,#9854,#9865,#9876),#9887,.F.);
#9851 = FACE_BOUND('',#9852,.F.);
#9852 = EDGE_LOOP('',(#9853));
#9853 = ORIENTED_EDGE('',*,*,#9796,.T.);
#9854 = FACE_BOUND('',#9855,.F.);
#9855 = EDGE_LOOP('',(#9856));
#9856 = ORIENTED_EDGE('',*,*,#9857,.F.);
#9857 = EDGE_CURVE('',#9858,#9858,#9860,.T.);
#9858 = VERTEX_POINT('',#9859);
#9859 = CARTESIAN_POINT('',(133.,283.,677.867));
#9860 = CIRCLE('',#9861,1.7);
#9861 = AXIS2_PLACEMENT_3D('',#9862,#9863,#9864);
#9862 = CARTESIAN_POINT('',(133.,283.,676.167));
#9863 = DIRECTION('',(0.,1.,0.));
#9864 = DIRECTION('',(0.,0.,1.));
#9865 = FACE_BOUND('',#9866,.F.);
#9866 = EDGE_LOOP('',(#9867));
#9867 = ORIENTED_EDGE('',*,*,#9868,.F.);
#9868 = EDGE_CURVE('',#9869,#9869,#9871,.T.);
#9869 = VERTEX_POINT('',#9870);
#9870 = CARTESIAN_POINT('',(153.,283.,689.867));
#9871 = CIRCLE('',#9872,13.7);
#9872 = AXIS2_PLACEMENT_3D('',#9873,#9874,#9875);
#9873 = CARTESIAN_POINT('',(153.,283.,676.167));
#9874 = DIRECTION('',(0.,1.,0.));
#9875 = DIRECTION('',(0.,0.,1.));
#9876 = FACE_BOUND('',#9877,.F.);
#9877 = EDGE_LOOP('',(#9878));
#9878 = ORIENTED_EDGE('',*,*,#9879,.F.);
#9879 = EDGE_CURVE('',#9880,#9880,#9882,.T.);
#9880 = VERTEX_POINT('',#9881);
#9881 = CARTESIAN_POINT('',(173.,283.,677.867));
#9882 = CIRCLE('',#9883,1.7);
#9883 = AXIS2_PLACEMENT_3D('',#9884,#9885,#9886);
#9884 = CARTESIAN_POINT('',(173.,283.,676.167));
#9885 = DIRECTION('',(0.,1.,0.));
#9886 = DIRECTION('',(0.,0.,1.));
#9887 = PLANE('',#9888);
#9888 = AXIS2_PLACEMENT_3D('',#9889,#9890,#9891);
#9889 = CARTESIAN_POINT('',(153.,283.,676.167));
#9890 = DIRECTION('',(0.,1.,0.));
#9891 = DIRECTION('',(0.,0.,1.));
#9892 = ADVANCED_FACE('',(#9893),#9904,.F.);
#9893 = FACE_BOUND('',#9894,.F.);
#9894 = EDGE_LOOP('',(#9895,#9896,#9902,#9903));
#9895 = ORIENTED_EDGE('',*,*,#9815,.F.);
#9896 = ORIENTED_EDGE('',*,*,#9897,.F.);
#9897 = EDGE_CURVE('',#9858,#9816,#9898,.T.);
#9898 = LINE('',#9899,#9900);
#9899 = CARTESIAN_POINT('',(133.,283.,677.867));
#9900 = VECTOR('',#9901,1.);
#9901 = DIRECTION('',(0.,1.,0.));
#9902 = ORIENTED_EDGE('',*,*,#9857,.T.);
#9903 = ORIENTED_EDGE('',*,*,#9897,.T.);
#9904 = CYLINDRICAL_SURFACE('',#9905,1.7);
#9905 = AXIS2_PLACEMENT_3D('',#9906,#9907,#9908);
#9906 = CARTESIAN_POINT('',(133.,283.,676.167));
#9907 = DIRECTION('',(0.,1.,0.));
#9908 = DIRECTION('',(0.,0.,1.));
#9909 = ADVANCED_FACE('',(#9910),#9921,.F.);
#9910 = FACE_BOUND('',#9911,.F.);
#9911 = EDGE_LOOP('',(#9912,#9913,#9919,#9920));
#9912 = ORIENTED_EDGE('',*,*,#9826,.F.);
#9913 = ORIENTED_EDGE('',*,*,#9914,.F.);
#9914 = EDGE_CURVE('',#9869,#9827,#9915,.T.);
#9915 = LINE('',#9916,#9917);
#9916 = CARTESIAN_POINT('',(153.,283.,689.867));
#9917 = VECTOR('',#9918,1.);
#9918 = DIRECTION('',(0.,1.,0.));
#9919 = ORIENTED_EDGE('',*,*,#9868,.T.);
#9920 = ORIENTED_EDGE('',*,*,#9914,.T.);
#9921 = CYLINDRICAL_SURFACE('',#9922,13.7);
#9922 = AXIS2_PLACEMENT_3D('',#9923,#9924,#9925);
#9923 = CARTESIAN_POINT('',(153.,283.,676.167));
#9924 = DIRECTION('',(0.,1.,0.));
#9925 = DIRECTION('',(0.,0.,1.));
#9926 = ADVANCED_FACE('',(#9927),#9938,.F.);
#9927 = FACE_BOUND('',#9928,.F.);
#9928 = EDGE_LOOP('',(#9929,#9930,#9936,#9937));
#9929 = ORIENTED_EDGE('',*,*,#9837,.F.);
#9930 = ORIENTED_EDGE('',*,*,#9931,.F.);
#9931 = EDGE_CURVE('',#9880,#9838,#9932,.T.);
#9932 = LINE('',#9933,#9934);
#9933 = CARTESIAN_POINT('',(173.,283.,677.867));
#9934 = VECTOR('',#9935,1.);
#9935 = DIRECTION('',(0.,1.,0.));
#9936 = ORIENTED_EDGE('',*,*,#9879,.T.);
#9937 = ORIENTED_EDGE('',*,*,#9931,.T.);
#9938 = CYLINDRICAL_SURFACE('',#9939,1.7);
#9939 = AXIS2_PLACEMENT_3D('',#9940,#9941,#9942);
#9940 = CARTESIAN_POINT('',(173.,283.,676.167));
#9941 = DIRECTION('',(0.,1.,0.));
#9942 = DIRECTION('',(0.,0.,1.));
#9943 = MANIFOLD_SOLID_BREP('',#9944);
#9944 = CLOSED_SHELL('',(#9945,#9985,#10025,#10047,#10069,#10081));
#9945 = ADVANCED_FACE('',(#9946),#9980,.F.);
#9946 = FACE_BOUND('',#9947,.F.);
#9947 = EDGE_LOOP('',(#9948,#9958,#9966,#9974));
#9948 = ORIENTED_EDGE('',*,*,#9949,.F.);
#9949 = EDGE_CURVE('',#9950,#9952,#9954,.T.);
#9950 = VERTEX_POINT('',#9951);
#9951 = CARTESIAN_POINT('',(155.,183.,679.667));
#9952 = VERTEX_POINT('',#9953);
#9953 = CARTESIAN_POINT('',(155.,208.,679.667));
#9954 = LINE('',#9955,#9956);
#9955 = CARTESIAN_POINT('',(155.,183.,679.667));
#9956 = VECTOR('',#9957,1.);
#9957 = DIRECTION('',(0.,1.,-2.22044604925E-16));
#9958 = ORIENTED_EDGE('',*,*,#9959,.T.);
#9959 = EDGE_CURVE('',#9950,#9960,#9962,.T.);
#9960 = VERTEX_POINT('',#9961);
#9961 = CARTESIAN_POINT('',(155.,183.,683.667));
#9962 = LINE('',#9963,#9964);
#9963 = CARTESIAN_POINT('',(155.,183.,679.667));
#9964 = VECTOR('',#9965,1.);
#9965 = DIRECTION('',(0.,2.22044604925E-16,1.));
#9966 = ORIENTED_EDGE('',*,*,#9967,.T.);
#9967 = EDGE_CURVE('',#9960,#9968,#9970,.T.);
#9968 = VERTEX_POINT('',#9969);
#9969 = CARTESIAN_POINT('',(155.,208.,683.667));
#9970 = LINE('',#9971,#9972);
#9971 = CARTESIAN_POINT('',(155.,183.,683.667));
#9972 = VECTOR('',#9973,1.);
#9973 = DIRECTION('',(0.,1.,-2.22044604925E-16));
#9974 = ORIENTED_EDGE('',*,*,#9975,.F.);
#9975 = EDGE_CURVE('',#9952,#9968,#9976,.T.);
#9976 = LINE('',#9977,#9978);
#9977 = CARTESIAN_POINT('',(155.,208.,679.667));
#9978 = VECTOR('',#9979,1.);
#9979 = DIRECTION('',(0.,2.22044604925E-16,1.));
#9980 = PLANE('',#9981);
#9981 = AXIS2_PLACEMENT_3D('',#9982,#9983,#9984);
#9982 = CARTESIAN_POINT('',(155.,183.,679.667));
#9983 = DIRECTION('',(-1.,0.,0.));
#9984 = DIRECTION('',(0.,1.,-2.22044604925E-16));
#9985 = ADVANCED_FACE('',(#9986),#10020,.T.);
#9986 = FACE_BOUND('',#9987,.T.);
#9987 = EDGE_LOOP('',(#9988,#9998,#10006,#10014));
#9988 = ORIENTED_EDGE('',*,*,#9989,.F.);
#9989 = EDGE_CURVE('',#9990,#9992,#9994,.T.);
#9990 = VERTEX_POINT('',#9991);
#9991 = CARTESIAN_POINT('',(151.,183.,679.667));
#9992 = VERTEX_POINT('',#9993);
#9993 = CARTESIAN_POINT('',(151.,208.,679.667));
#9994 = LINE('',#9995,#9996);
#9995 = CARTESIAN_POINT('',(151.,183.,679.667));
#9996 = VECTOR('',#9997,1.);
#9997 = DIRECTION('',(0.,1.,-2.22044604925E-16));
#9998 = ORIENTED_EDGE('',*,*,#9999,.T.);
#9999 = EDGE_CURVE('',#9990,#10000,#10002,.T.);
#10000 = VERTEX_POINT('',#10001);
#10001 = CARTESIAN_POINT('',(151.,183.,683.667));
#10002 = LINE('',#10003,#10004);
#10003 = CARTESIAN_POINT('',(151.,183.,679.667));
#10004 = VECTOR('',#10005,1.);
#10005 = DIRECTION('',(0.,2.22044604925E-16,1.));
#10006 = ORIENTED_EDGE('',*,*,#10007,.T.);
#10007 = EDGE_CURVE('',#10000,#10008,#10010,.T.);
#10008 = VERTEX_POINT('',#10009);
#10009 = CARTESIAN_POINT('',(151.,208.,683.667));
#10010 = LINE('',#10011,#10012);
#10011 = CARTESIAN_POINT('',(151.,183.,683.667));
#10012 = VECTOR('',#10013,1.);
#10013 = DIRECTION('',(0.,1.,-2.22044604925E-16));
#10014 = ORIENTED_EDGE('',*,*,#10015,.F.);
#10015 = EDGE_CURVE('',#9992,#10008,#10016,.T.);
#10016 = LINE('',#10017,#10018);
#10017 = CARTESIAN_POINT('',(151.,208.,679.667));
#10018 = VECTOR('',#10019,1.);
#10019 = DIRECTION('',(0.,2.22044604925E-16,1.));
#10020 = PLANE('',#10021);
#10021 = AXIS2_PLACEMENT_3D('',#10022,#10023,#10024);
#10022 = CARTESIAN_POINT('',(151.,183.,679.667));
#10023 = DIRECTION('',(-1.,0.,0.));
#10024 = DIRECTION('',(0.,1.,-2.22044604925E-16));
#10025 = ADVANCED_FACE('',(#10026),#10042,.F.);
#10026 = FACE_BOUND('',#10027,.F.);
#10027 = EDGE_LOOP('',(#10028,#10034,#10035,#10041));
#10028 = ORIENTED_EDGE('',*,*,#10029,.F.);
#10029 = EDGE_CURVE('',#9950,#9990,#10030,.T.);
#10030 = LINE('',#10031,#10032);
#10031 = CARTESIAN_POINT('',(155.,183.,679.667));
#10032 = VECTOR('',#10033,1.);
#10033 = DIRECTION('',(-1.,0.,0.));
#10034 = ORIENTED_EDGE('',*,*,#9949,.T.);
#10035 = ORIENTED_EDGE('',*,*,#10036,.T.);
#10036 = EDGE_CURVE('',#9952,#9992,#10037,.T.);
#10037 = LINE('',#10038,#10039);
#10038 = CARTESIAN_POINT('',(155.,208.,679.667));
#10039 = VECTOR('',#10040,1.);
#10040 = DIRECTION('',(-1.,0.,0.));
#10041 = ORIENTED_EDGE('',*,*,#9989,.F.);
#10042 = PLANE('',#10043);
#10043 = AXIS2_PLACEMENT_3D('',#10044,#10045,#10046);
#10044 = CARTESIAN_POINT('',(155.,183.,679.667));
#10045 = DIRECTION('',(0.,2.22044604925E-16,1.));
#10046 = DIRECTION('',(0.,1.,-2.22044604925E-16));
#10047 = ADVANCED_FACE('',(#10048),#10064,.T.);
#10048 = FACE_BOUND('',#10049,.T.);
#10049 = EDGE_LOOP('',(#10050,#10056,#10057,#10063));
#10050 = ORIENTED_EDGE('',*,*,#10051,.F.);
#10051 = EDGE_CURVE('',#9960,#10000,#10052,.T.);
#10052 = LINE('',#10053,#10054);
#10053 = CARTESIAN_POINT('',(155.,183.,683.667));
#10054 = VECTOR('',#10055,1.);
#10055 = DIRECTION('',(-1.,0.,0.));
#10056 = ORIENTED_EDGE('',*,*,#9967,.T.);
#10057 = ORIENTED_EDGE('',*,*,#10058,.T.);
#10058 = EDGE_CURVE('',#9968,#10008,#10059,.T.);
#10059 = LINE('',#10060,#10061);
#10060 = CARTESIAN_POINT('',(155.,208.,683.667));
#10061 = VECTOR('',#10062,1.);
#10062 = DIRECTION('',(-1.,0.,0.));
#10063 = ORIENTED_EDGE('',*,*,#10007,.F.);
#10064 = PLANE('',#10065);
#10065 = AXIS2_PLACEMENT_3D('',#10066,#10067,#10068);
#10066 = CARTESIAN_POINT('',(155.,183.,683.667));
#10067 = DIRECTION('',(0.,2.22044604925E-16,1.));
#10068 = DIRECTION('',(0.,1.,-2.22044604925E-16));
#10069 = ADVANCED_FACE('',(#10070),#10076,.F.);
#10070 = FACE_BOUND('',#10071,.F.);
#10071 = EDGE_LOOP('',(#10072,#10073,#10074,#10075));
#10072 = ORIENTED_EDGE('',*,*,#9959,.F.);
#10073 = ORIENTED_EDGE('',*,*,#10029,.T.);
#10074 = ORIENTED_EDGE('',*,*,#9999,.T.);
#10075 = ORIENTED_EDGE('',*,*,#10051,.F.);
#10076 = PLANE('',#10077);
#10077 = AXIS2_PLACEMENT_3D('',#10078,#10079,#10080);
#10078 = CARTESIAN_POINT('',(155.,183.,679.667));
#10079 = DIRECTION('',(0.,1.,-2.22044604925E-16));
#10080 = DIRECTION('',(-1.,0.,0.));
#10081 = ADVANCED_FACE('',(#10082),#10088,.T.);
#10082 = FACE_BOUND('',#10083,.T.);
#10083 = EDGE_LOOP('',(#10084,#10085,#10086,#10087));
#10084 = ORIENTED_EDGE('',*,*,#9975,.F.);
#10085 = ORIENTED_EDGE('',*,*,#10036,.T.);
#10086 = ORIENTED_EDGE('',*,*,#10015,.T.);
#10087 = ORIENTED_EDGE('',*,*,#10058,.F.);
#10088 = PLANE('',#10089);
#10089 = AXIS2_PLACEMENT_3D('',#10090,#10091,#10092);
#10090 = CARTESIAN_POINT('',(155.,208.,679.667));
#10091 = DIRECTION('',(0.,1.,-2.22044604925E-16));
#10092 = DIRECTION('',(-1.,0.,0.));
#10093 = MANIFOLD_SOLID_BREP('',#10094);
#10094 = CLOSED_SHELL('',(#10095,#10135,#10175,#10197,#10219,#10231));
#10095 = ADVANCED_FACE('',(#10096),#10130,.F.);
#10096 = FACE_BOUND('',#10097,.F.);
#10097 = EDGE_LOOP('',(#10098,#10108,#10116,#10124));
#10098 = ORIENTED_EDGE('',*,*,#10099,.F.);
#10099 = EDGE_CURVE('',#10100,#10102,#10104,.T.);
#10100 = VERTEX_POINT('',#10101);
#10101 = CARTESIAN_POINT('',(155.,218.4,679.667));
#10102 = VERTEX_POINT('',#10103);
#10103 = CARTESIAN_POINT('',(155.,240.4,679.667));
#10104 = LINE('',#10105,#10106);
#10105 = CARTESIAN_POINT('',(155.,218.4,679.667));
#10106 = VECTOR('',#10107,1.);
#10107 = DIRECTION('',(0.,1.,-2.22044604925E-16));
#10108 = ORIENTED_EDGE('',*,*,#10109,.T.);
#10109 = EDGE_CURVE('',#10100,#10110,#10112,.T.);
#10110 = VERTEX_POINT('',#10111);
#10111 = CARTESIAN_POINT('',(155.,218.4,683.667));
#10112 = LINE('',#10113,#10114);
#10113 = CARTESIAN_POINT('',(155.,218.4,679.667));
#10114 = VECTOR('',#10115,1.);
#10115 = DIRECTION('',(0.,2.22044604925E-16,1.));
#10116 = ORIENTED_EDGE('',*,*,#10117,.T.);
#10117 = EDGE_CURVE('',#10110,#10118,#10120,.T.);
#10118 = VERTEX_POINT('',#10119);
#10119 = CARTESIAN_POINT('',(155.,240.4,683.667));
#10120 = LINE('',#10121,#10122);
#10121 = CARTESIAN_POINT('',(155.,218.4,683.667));
#10122 = VECTOR('',#10123,1.);
#10123 = DIRECTION('',(0.,1.,-2.22044604925E-16));
#10124 = ORIENTED_EDGE('',*,*,#10125,.F.);
#10125 = EDGE_CURVE('',#10102,#10118,#10126,.T.);
#10126 = LINE('',#10127,#10128);
#10127 = CARTESIAN_POINT('',(155.,240.4,679.667));
#10128 = VECTOR('',#10129,1.);
#10129 = DIRECTION('',(0.,2.22044604925E-16,1.));
#10130 = PLANE('',#10131);
#10131 = AXIS2_PLACEMENT_3D('',#10132,#10133,#10134);
#10132 = CARTESIAN_POINT('',(155.,218.4,679.667));
#10133 = DIRECTION('',(-1.,0.,0.));
#10134 = DIRECTION('',(0.,1.,-2.22044604925E-16));
#10135 = ADVANCED_FACE('',(#10136),#10170,.T.);
#10136 = FACE_BOUND('',#10137,.T.);
#10137 = EDGE_LOOP('',(#10138,#10148,#10156,#10164));
#10138 = ORIENTED_EDGE('',*,*,#10139,.F.);
#10139 = EDGE_CURVE('',#10140,#10142,#10144,.T.);
#10140 = VERTEX_POINT('',#10141);
#10141 = CARTESIAN_POINT('',(151.,218.4,679.667));
#10142 = VERTEX_POINT('',#10143);
#10143 = CARTESIAN_POINT('',(151.,240.4,679.667));
#10144 = LINE('',#10145,#10146);
#10145 = CARTESIAN_POINT('',(151.,218.4,679.667));
#10146 = VECTOR('',#10147,1.);
#10147 = DIRECTION('',(0.,1.,-2.22044604925E-16));
#10148 = ORIENTED_EDGE('',*,*,#10149,.T.);
#10149 = EDGE_CURVE('',#10140,#10150,#10152,.T.);
#10150 = VERTEX_POINT('',#10151);
#10151 = CARTESIAN_POINT('',(151.,218.4,683.667));
#10152 = LINE('',#10153,#10154);
#10153 = CARTESIAN_POINT('',(151.,218.4,679.667));
#10154 = VECTOR('',#10155,1.);
#10155 = DIRECTION('',(0.,2.22044604925E-16,1.));
#10156 = ORIENTED_EDGE('',*,*,#10157,.T.);
#10157 = EDGE_CURVE('',#10150,#10158,#10160,.T.);
#10158 = VERTEX_POINT('',#10159);
#10159 = CARTESIAN_POINT('',(151.,240.4,683.667));
#10160 = LINE('',#10161,#10162);
#10161 = CARTESIAN_POINT('',(151.,218.4,683.667));
#10162 = VECTOR('',#10163,1.);
#10163 = DIRECTION('',(0.,1.,-2.22044604925E-16));
#10164 = ORIENTED_EDGE('',*,*,#10165,.F.);
#10165 = EDGE_CURVE('',#10142,#10158,#10166,.T.);
#10166 = LINE('',#10167,#10168);
#10167 = CARTESIAN_POINT('',(151.,240.4,679.667));
#10168 = VECTOR('',#10169,1.);
#10169 = DIRECTION('',(0.,2.22044604925E-16,1.));
#10170 = PLANE('',#10171);
#10171 = AXIS2_PLACEMENT_3D('',#10172,#10173,#10174);
#10172 = CARTESIAN_POINT('',(151.,218.4,679.667));
#10173 = DIRECTION('',(-1.,0.,0.));
#10174 = DIRECTION('',(0.,1.,-2.22044604925E-16));
#10175 = ADVANCED_FACE('',(#10176),#10192,.F.);
#10176 = FACE_BOUND('',#10177,.F.);
#10177 = EDGE_LOOP('',(#10178,#10184,#10185,#10191));
#10178 = ORIENTED_EDGE('',*,*,#10179,.F.);
#10179 = EDGE_CURVE('',#10100,#10140,#10180,.T.);
#10180 = LINE('',#10181,#10182);
#10181 = CARTESIAN_POINT('',(155.,218.4,679.667));
#10182 = VECTOR('',#10183,1.);
#10183 = DIRECTION('',(-1.,0.,0.));
#10184 = ORIENTED_EDGE('',*,*,#10099,.T.);
#10185 = ORIENTED_EDGE('',*,*,#10186,.T.);
#10186 = EDGE_CURVE('',#10102,#10142,#10187,.T.);
#10187 = LINE('',#10188,#10189);
#10188 = CARTESIAN_POINT('',(155.,240.4,679.667));
#10189 = VECTOR('',#10190,1.);
#10190 = DIRECTION('',(-1.,0.,0.));
#10191 = ORIENTED_EDGE('',*,*,#10139,.F.);
#10192 = PLANE('',#10193);
#10193 = AXIS2_PLACEMENT_3D('',#10194,#10195,#10196);
#10194 = CARTESIAN_POINT('',(155.,218.4,679.667));
#10195 = DIRECTION('',(0.,2.22044604925E-16,1.));
#10196 = DIRECTION('',(0.,1.,-2.22044604925E-16));
#10197 = ADVANCED_FACE('',(#10198),#10214,.T.);
#10198 = FACE_BOUND('',#10199,.T.);
#10199 = EDGE_LOOP('',(#10200,#10206,#10207,#10213));
#10200 = ORIENTED_EDGE('',*,*,#10201,.F.);
#10201 = EDGE_CURVE('',#10110,#10150,#10202,.T.);
#10202 = LINE('',#10203,#10204);
#10203 = CARTESIAN_POINT('',(155.,218.4,683.667));
#10204 = VECTOR('',#10205,1.);
#10205 = DIRECTION('',(-1.,0.,0.));
#10206 = ORIENTED_EDGE('',*,*,#10117,.T.);
#10207 = ORIENTED_EDGE('',*,*,#10208,.T.);
#10208 = EDGE_CURVE('',#10118,#10158,#10209,.T.);
#10209 = LINE('',#10210,#10211);
#10210 = CARTESIAN_POINT('',(155.,240.4,683.667));
#10211 = VECTOR('',#10212,1.);
#10212 = DIRECTION('',(-1.,0.,0.));
#10213 = ORIENTED_EDGE('',*,*,#10157,.F.);
#10214 = PLANE('',#10215);
#10215 = AXIS2_PLACEMENT_3D('',#10216,#10217,#10218);
#10216 = CARTESIAN_POINT('',(155.,218.4,683.667));
#10217 = DIRECTION('',(0.,2.22044604925E-16,1.));
#10218 = DIRECTION('',(0.,1.,-2.22044604925E-16));
#10219 = ADVANCED_FACE('',(#10220),#10226,.F.);
#10220 = FACE_BOUND('',#10221,.F.);
#10221 = EDGE_LOOP('',(#10222,#10223,#10224,#10225));
#10222 = ORIENTED_EDGE('',*,*,#10109,.F.);
#10223 = ORIENTED_EDGE('',*,*,#10179,.T.);
#10224 = ORIENTED_EDGE('',*,*,#10149,.T.);
#10225 = ORIENTED_EDGE('',*,*,#10201,.F.);
#10226 = PLANE('',#10227);
#10227 = AXIS2_PLACEMENT_3D('',#10228,#10229,#10230);
#10228 = CARTESIAN_POINT('',(155.,218.4,679.667));
#10229 = DIRECTION('',(0.,1.,-2.22044604925E-16));
#10230 = DIRECTION('',(-1.,0.,0.));
#10231 = ADVANCED_FACE('',(#10232),#10238,.T.);
#10232 = FACE_BOUND('',#10233,.T.);
#10233 = EDGE_LOOP('',(#10234,#10235,#10236,#10237));
#10234 = ORIENTED_EDGE('',*,*,#10125,.F.);
#10235 = ORIENTED_EDGE('',*,*,#10186,.T.);
#10236 = ORIENTED_EDGE('',*,*,#10165,.T.);
#10237 = ORIENTED_EDGE('',*,*,#10208,.F.);
#10238 = PLANE('',#10239);
#10239 = AXIS2_PLACEMENT_3D('',#10240,#10241,#10242);
#10240 = CARTESIAN_POINT('',(155.,240.4,679.667));
#10241 = DIRECTION('',(0.,1.,-2.22044604925E-16));
#10242 = DIRECTION('',(-1.,0.,0.));
#10243 = MANIFOLD_SOLID_BREP('',#10244);
#10244 = CLOSED_SHELL('',(#10245,#10285,#10325,#10347,#10369,#10381));
#10245 = ADVANCED_FACE('',(#10246),#10280,.F.);
#10246 = FACE_BOUND('',#10247,.F.);
#10247 = EDGE_LOOP('',(#10248,#10258,#10266,#10274));
#10248 = ORIENTED_EDGE('',*,*,#10249,.F.);
#10249 = EDGE_CURVE('',#10250,#10252,#10254,.T.);
#10250 = VERTEX_POINT('',#10251);
#10251 = CARTESIAN_POINT('',(155.,255.,679.667));
#10252 = VERTEX_POINT('',#10253);
#10253 = CARTESIAN_POINT('',(155.,270.,679.667));
#10254 = LINE('',#10255,#10256);
#10255 = CARTESIAN_POINT('',(155.,255.,679.667));
#10256 = VECTOR('',#10257,1.);
#10257 = DIRECTION('',(0.,1.,-2.22044604925E-16));
#10258 = ORIENTED_EDGE('',*,*,#10259,.T.);
#10259 = EDGE_CURVE('',#10250,#10260,#10262,.T.);
#10260 = VERTEX_POINT('',#10261);
#10261 = CARTESIAN_POINT('',(155.,255.,683.667));
#10262 = LINE('',#10263,#10264);
#10263 = CARTESIAN_POINT('',(155.,255.,679.667));
#10264 = VECTOR('',#10265,1.);
#10265 = DIRECTION('',(0.,2.22044604925E-16,1.));
#10266 = ORIENTED_EDGE('',*,*,#10267,.T.);
#10267 = EDGE_CURVE('',#10260,#10268,#10270,.T.);
#10268 = VERTEX_POINT('',#10269);
#10269 = CARTESIAN_POINT('',(155.,270.,683.667));
#10270 = LINE('',#10271,#10272);
#10271 = CARTESIAN_POINT('',(155.,255.,683.667));
#10272 = VECTOR('',#10273,1.);
#10273 = DIRECTION('',(0.,1.,-2.22044604925E-16));
#10274 = ORIENTED_EDGE('',*,*,#10275,.F.);
#10275 = EDGE_CURVE('',#10252,#10268,#10276,.T.);
#10276 = LINE('',#10277,#10278);
#10277 = CARTESIAN_POINT('',(155.,270.,679.667));
#10278 = VECTOR('',#10279,1.);
#10279 = DIRECTION('',(0.,2.22044604925E-16,1.));
#10280 = PLANE('',#10281);
#10281 = AXIS2_PLACEMENT_3D('',#10282,#10283,#10284);
#10282 = CARTESIAN_POINT('',(155.,255.,679.667));
#10283 = DIRECTION('',(-1.,0.,0.));
#10284 = DIRECTION('',(0.,1.,-2.22044604925E-16));
#10285 = ADVANCED_FACE('',(#10286),#10320,.T.);
#10286 = FACE_BOUND('',#10287,.T.);
#10287 = EDGE_LOOP('',(#10288,#10298,#10306,#10314));
#10288 = ORIENTED_EDGE('',*,*,#10289,.F.);
#10289 = EDGE_CURVE('',#10290,#10292,#10294,.T.);
#10290 = VERTEX_POINT('',#10291);
#10291 = CARTESIAN_POINT('',(151.,255.,679.667));
#10292 = VERTEX_POINT('',#10293);
#10293 = CARTESIAN_POINT('',(151.,270.,679.667));
#10294 = LINE('',#10295,#10296);
#10295 = CARTESIAN_POINT('',(151.,255.,679.667));
#10296 = VECTOR('',#10297,1.);
#10297 = DIRECTION('',(0.,1.,-2.22044604925E-16));
#10298 = ORIENTED_EDGE('',*,*,#10299,.T.);
#10299 = EDGE_CURVE('',#10290,#10300,#10302,.T.);
#10300 = VERTEX_POINT('',#10301);
#10301 = CARTESIAN_POINT('',(151.,255.,683.667));
#10302 = LINE('',#10303,#10304);
#10303 = CARTESIAN_POINT('',(151.,255.,679.667));
#10304 = VECTOR('',#10305,1.);
#10305 = DIRECTION('',(0.,2.22044604925E-16,1.));
#10306 = ORIENTED_EDGE('',*,*,#10307,.T.);
#10307 = EDGE_CURVE('',#10300,#10308,#10310,.T.);
#10308 = VERTEX_POINT('',#10309);
#10309 = CARTESIAN_POINT('',(151.,270.,683.667));
#10310 = LINE('',#10311,#10312);
#10311 = CARTESIAN_POINT('',(151.,255.,683.667));
#10312 = VECTOR('',#10313,1.);
#10313 = DIRECTION('',(0.,1.,-2.22044604925E-16));
#10314 = ORIENTED_EDGE('',*,*,#10315,.F.);
#10315 = EDGE_CURVE('',#10292,#10308,#10316,.T.);
#10316 = LINE('',#10317,#10318);
#10317 = CARTESIAN_POINT('',(151.,270.,679.667));
#10318 = VECTOR('',#10319,1.);
#10319 = DIRECTION('',(0.,2.22044604925E-16,1.));
#10320 = PLANE('',#10321);
#10321 = AXIS2_PLACEMENT_3D('',#10322,#10323,#10324);
#10322 = CARTESIAN_POINT('',(151.,255.,679.667));
#10323 = DIRECTION('',(-1.,0.,0.));
#10324 = DIRECTION('',(0.,1.,-2.22044604925E-16));
#10325 = ADVANCED_FACE('',(#10326),#10342,.F.);
#10326 = FACE_BOUND('',#10327,.F.);
#10327 = EDGE_LOOP('',(#10328,#10334,#10335,#10341));
#10328 = ORIENTED_EDGE('',*,*,#10329,.F.);
#10329 = EDGE_CURVE('',#10250,#10290,#10330,.T.);
#10330 = LINE('',#10331,#10332);
#10331 = CARTESIAN_POINT('',(155.,255.,679.667));
#10332 = VECTOR('',#10333,1.);
#10333 = DIRECTION('',(-1.,0.,0.));
#10334 = ORIENTED_EDGE('',*,*,#10249,.T.);
#10335 = ORIENTED_EDGE('',*,*,#10336,.T.);
#10336 = EDGE_CURVE('',#10252,#10292,#10337,.T.);
#10337 = LINE('',#10338,#10339);
#10338 = CARTESIAN_POINT('',(155.,270.,679.667));
#10339 = VECTOR('',#10340,1.);
#10340 = DIRECTION('',(-1.,0.,0.));
#10341 = ORIENTED_EDGE('',*,*,#10289,.F.);
#10342 = PLANE('',#10343);
#10343 = AXIS2_PLACEMENT_3D('',#10344,#10345,#10346);
#10344 = CARTESIAN_POINT('',(155.,255.,679.667));
#10345 = DIRECTION('',(0.,2.22044604925E-16,1.));
#10346 = DIRECTION('',(0.,1.,-2.22044604925E-16));
#10347 = ADVANCED_FACE('',(#10348),#10364,.T.);
#10348 = FACE_BOUND('',#10349,.T.);
#10349 = EDGE_LOOP('',(#10350,#10356,#10357,#10363));
#10350 = ORIENTED_EDGE('',*,*,#10351,.F.);
#10351 = EDGE_CURVE('',#10260,#10300,#10352,.T.);
#10352 = LINE('',#10353,#10354);
#10353 = CARTESIAN_POINT('',(155.,255.,683.667));
#10354 = VECTOR('',#10355,1.);
#10355 = DIRECTION('',(-1.,0.,0.));
#10356 = ORIENTED_EDGE('',*,*,#10267,.T.);
#10357 = ORIENTED_EDGE('',*,*,#10358,.T.);
#10358 = EDGE_CURVE('',#10268,#10308,#10359,.T.);
#10359 = LINE('',#10360,#10361);
#10360 = CARTESIAN_POINT('',(155.,270.,683.667));
#10361 = VECTOR('',#10362,1.);
#10362 = DIRECTION('',(-1.,0.,0.));
#10363 = ORIENTED_EDGE('',*,*,#10307,.F.);
#10364 = PLANE('',#10365);
#10365 = AXIS2_PLACEMENT_3D('',#10366,#10367,#10368);
#10366 = CARTESIAN_POINT('',(155.,255.,683.667));
#10367 = DIRECTION('',(0.,2.22044604925E-16,1.));
#10368 = DIRECTION('',(0.,1.,-2.22044604925E-16));
#10369 = ADVANCED_FACE('',(#10370),#10376,.F.);
#10370 = FACE_BOUND('',#10371,.F.);
#10371 = EDGE_LOOP('',(#10372,#10373,#10374,#10375));
#10372 = ORIENTED_EDGE('',*,*,#10259,.F.);
#10373 = ORIENTED_EDGE('',*,*,#10329,.T.);
#10374 = ORIENTED_EDGE('',*,*,#10299,.T.);
#10375 = ORIENTED_EDGE('',*,*,#10351,.F.);
#10376 = PLANE('',#10377);
#10377 = AXIS2_PLACEMENT_3D('',#10378,#10379,#10380);
#10378 = CARTESIAN_POINT('',(155.,255.,679.667));
#10379 = DIRECTION('',(0.,1.,-2.22044604925E-16));
#10380 = DIRECTION('',(-1.,0.,0.));
#10381 = ADVANCED_FACE('',(#10382),#10388,.T.);
#10382 = FACE_BOUND('',#10383,.T.);
#10383 = EDGE_LOOP('',(#10384,#10385,#10386,#10387));
#10384 = ORIENTED_EDGE('',*,*,#10275,.F.);
#10385 = ORIENTED_EDGE('',*,*,#10336,.T.);
#10386 = ORIENTED_EDGE('',*,*,#10315,.T.);
#10387 = ORIENTED_EDGE('',*,*,#10358,.F.);
#10388 = PLANE('',#10389);
#10389 = AXIS2_PLACEMENT_3D('',#10390,#10391,#10392);
#10390 = CARTESIAN_POINT('',(155.,270.,679.667));
#10391 = DIRECTION('',(0.,1.,-2.22044604925E-16));
#10392 = DIRECTION('',(-1.,0.,0.));
#10393 = MANIFOLD_SOLID_BREP('',#10394);
#10394 = CLOSED_SHELL('',(#10395,#10435,#10475,#10497,#10519,#10531));
#10395 = ADVANCED_FACE('',(#10396),#10430,.F.);
#10396 = FACE_BOUND('',#10397,.F.);
#10397 = EDGE_LOOP('',(#10398,#10408,#10416,#10424));
#10398 = ORIENTED_EDGE('',*,*,#10399,.F.);
#10399 = EDGE_CURVE('',#10400,#10402,#10404,.T.);
#10400 = VERTEX_POINT('',#10401);
#10401 = CARTESIAN_POINT('',(312.5,449.,380.));
#10402 = VERTEX_POINT('',#10403);
#10403 = CARTESIAN_POINT('',(312.5,449.,384.));
#10404 = LINE('',#10405,#10406);
#10405 = CARTESIAN_POINT('',(312.5,449.,380.));
#10406 = VECTOR('',#10407,1.);
#10407 = DIRECTION('',(0.,0.,1.));
#10408 = ORIENTED_EDGE('',*,*,#10409,.T.);
#10409 = EDGE_CURVE('',#10400,#10410,#10412,.T.);
#10410 = VERTEX_POINT('',#10411);
#10411 = CARTESIAN_POINT('',(312.5,474.,380.));
#10412 = LINE('',#10413,#10414);
#10413 = CARTESIAN_POINT('',(312.5,449.,380.));
#10414 = VECTOR('',#10415,1.);
#10415 = DIRECTION('',(0.,1.,0.));
#10416 = ORIENTED_EDGE('',*,*,#10417,.T.);
#10417 = EDGE_CURVE('',#10410,#10418,#10420,.T.);
#10418 = VERTEX_POINT('',#10419);
#10419 = CARTESIAN_POINT('',(312.5,474.,384.));
#10420 = LINE('',#10421,#10422);
#10421 = CARTESIAN_POINT('',(312.5,474.,380.));
#10422 = VECTOR('',#10423,1.);
#10423 = DIRECTION('',(0.,0.,1.));
#10424 = ORIENTED_EDGE('',*,*,#10425,.F.);
#10425 = EDGE_CURVE('',#10402,#10418,#10426,.T.);
#10426 = LINE('',#10427,#10428);
#10427 = CARTESIAN_POINT('',(312.5,449.,384.));
#10428 = VECTOR('',#10429,1.);
#10429 = DIRECTION('',(0.,1.,0.));
#10430 = PLANE('',#10431);
#10431 = AXIS2_PLACEMENT_3D('',#10432,#10433,#10434);
#10432 = CARTESIAN_POINT('',(312.5,449.,380.));
#10433 = DIRECTION('',(1.,0.,0.));
#10434 = DIRECTION('',(0.,0.,1.));
#10435 = ADVANCED_FACE('',(#10436),#10470,.T.);
#10436 = FACE_BOUND('',#10437,.T.);
#10437 = EDGE_LOOP('',(#10438,#10448,#10456,#10464));
#10438 = ORIENTED_EDGE('',*,*,#10439,.F.);
#10439 = EDGE_CURVE('',#10440,#10442,#10444,.T.);
#10440 = VERTEX_POINT('',#10441);
#10441 = CARTESIAN_POINT('',(316.5,449.,380.));
#10442 = VERTEX_POINT('',#10443);
#10443 = CARTESIAN_POINT('',(316.5,449.,384.));
#10444 = LINE('',#10445,#10446);
#10445 = CARTESIAN_POINT('',(316.5,449.,380.));
#10446 = VECTOR('',#10447,1.);
#10447 = DIRECTION('',(0.,0.,1.));
#10448 = ORIENTED_EDGE('',*,*,#10449,.T.);
#10449 = EDGE_CURVE('',#10440,#10450,#10452,.T.);
#10450 = VERTEX_POINT('',#10451);
#10451 = CARTESIAN_POINT('',(316.5,474.,380.));
#10452 = LINE('',#10453,#10454);
#10453 = CARTESIAN_POINT('',(316.5,449.,380.));
#10454 = VECTOR('',#10455,1.);
#10455 = DIRECTION('',(0.,1.,0.));
#10456 = ORIENTED_EDGE('',*,*,#10457,.T.);
#10457 = EDGE_CURVE('',#10450,#10458,#10460,.T.);
#10458 = VERTEX_POINT('',#10459);
#10459 = CARTESIAN_POINT('',(316.5,474.,384.));
#10460 = LINE('',#10461,#10462);
#10461 = CARTESIAN_POINT('',(316.5,474.,380.));
#10462 = VECTOR('',#10463,1.);
#10463 = DIRECTION('',(0.,0.,1.));
#10464 = ORIENTED_EDGE('',*,*,#10465,.F.);
#10465 = EDGE_CURVE('',#10442,#10458,#10466,.T.);
#10466 = LINE('',#10467,#10468);
#10467 = CARTESIAN_POINT('',(316.5,449.,384.));
#10468 = VECTOR('',#10469,1.);
#10469 = DIRECTION('',(0.,1.,0.));
#10470 = PLANE('',#10471);
#10471 = AXIS2_PLACEMENT_3D('',#10472,#10473,#10474);
#10472 = CARTESIAN_POINT('',(316.5,449.,380.));
#10473 = DIRECTION('',(1.,0.,0.));
#10474 = DIRECTION('',(0.,0.,1.));
#10475 = ADVANCED_FACE('',(#10476),#10492,.F.);
#10476 = FACE_BOUND('',#10477,.F.);
#10477 = EDGE_LOOP('',(#10478,#10484,#10485,#10491));
#10478 = ORIENTED_EDGE('',*,*,#10479,.F.);
#10479 = EDGE_CURVE('',#10400,#10440,#10480,.T.);
#10480 = LINE('',#10481,#10482);
#10481 = CARTESIAN_POINT('',(312.5,449.,380.));
#10482 = VECTOR('',#10483,1.);
#10483 = DIRECTION('',(1.,0.,0.));
#10484 = ORIENTED_EDGE('',*,*,#10399,.T.);
#10485 = ORIENTED_EDGE('',*,*,#10486,.T.);
#10486 = EDGE_CURVE('',#10402,#10442,#10487,.T.);
#10487 = LINE('',#10488,#10489);
#10488 = CARTESIAN_POINT('',(312.5,449.,384.));
#10489 = VECTOR('',#10490,1.);
#10490 = DIRECTION('',(1.,0.,0.));
#10491 = ORIENTED_EDGE('',*,*,#10439,.F.);
#10492 = PLANE('',#10493);
#10493 = AXIS2_PLACEMENT_3D('',#10494,#10495,#10496);
#10494 = CARTESIAN_POINT('',(312.5,449.,380.));
#10495 = DIRECTION('',(0.,1.,0.));
#10496 = DIRECTION('',(0.,0.,1.));
#10497 = ADVANCED_FACE('',(#10498),#10514,.T.);
#10498 = FACE_BOUND('',#10499,.T.);
#10499 = EDGE_LOOP('',(#10500,#10506,#10507,#10513));
#10500 = ORIENTED_EDGE('',*,*,#10501,.F.);
#10501 = EDGE_CURVE('',#10410,#10450,#10502,.T.);
#10502 = LINE('',#10503,#10504);
#10503 = CARTESIAN_POINT('',(312.5,474.,380.));
#10504 = VECTOR('',#10505,1.);
#10505 = DIRECTION('',(1.,0.,0.));
#10506 = ORIENTED_EDGE('',*,*,#10417,.T.);
#10507 = ORIENTED_EDGE('',*,*,#10508,.T.);
#10508 = EDGE_CURVE('',#10418,#10458,#10509,.T.);
#10509 = LINE('',#10510,#10511);
#10510 = CARTESIAN_POINT('',(312.5,474.,384.));
#10511 = VECTOR('',#10512,1.);
#10512 = DIRECTION('',(1.,0.,0.));
#10513 = ORIENTED_EDGE('',*,*,#10457,.F.);
#10514 = PLANE('',#10515);
#10515 = AXIS2_PLACEMENT_3D('',#10516,#10517,#10518);
#10516 = CARTESIAN_POINT('',(312.5,474.,380.));
#10517 = DIRECTION('',(0.,1.,0.));
#10518 = DIRECTION('',(0.,0.,1.));
#10519 = ADVANCED_FACE('',(#10520),#10526,.F.);
#10520 = FACE_BOUND('',#10521,.F.);
#10521 = EDGE_LOOP('',(#10522,#10523,#10524,#10525));
#10522 = ORIENTED_EDGE('',*,*,#10409,.F.);
#10523 = ORIENTED_EDGE('',*,*,#10479,.T.);
#10524 = ORIENTED_EDGE('',*,*,#10449,.T.);
#10525 = ORIENTED_EDGE('',*,*,#10501,.F.);
#10526 = PLANE('',#10527);
#10527 = AXIS2_PLACEMENT_3D('',#10528,#10529,#10530);
#10528 = CARTESIAN_POINT('',(312.5,449.,380.));
#10529 = DIRECTION('',(0.,0.,1.));
#10530 = DIRECTION('',(1.,0.,0.));
#10531 = ADVANCED_FACE('',(#10532),#10538,.T.);
#10532 = FACE_BOUND('',#10533,.T.);
#10533 = EDGE_LOOP('',(#10534,#10535,#10536,#10537));
#10534 = ORIENTED_EDGE('',*,*,#10425,.F.);
#10535 = ORIENTED_EDGE('',*,*,#10486,.T.);
#10536 = ORIENTED_EDGE('',*,*,#10465,.T.);
#10537 = ORIENTED_EDGE('',*,*,#10508,.F.);
#10538 = PLANE('',#10539);
#10539 = AXIS2_PLACEMENT_3D('',#10540,#10541,#10542);
#10540 = CARTESIAN_POINT('',(312.5,449.,384.));
#10541 = DIRECTION('',(0.,0.,1.));
#10542 = DIRECTION('',(1.,0.,0.));
#10543 = MANIFOLD_SOLID_BREP('',#10544);
#10544 = CLOSED_SHELL('',(#10545,#10585,#10625,#10647,#10669,#10681));
#10545 = ADVANCED_FACE('',(#10546),#10580,.F.);
#10546 = FACE_BOUND('',#10547,.F.);
#10547 = EDGE_LOOP('',(#10548,#10558,#10566,#10574));
#10548 = ORIENTED_EDGE('',*,*,#10549,.F.);
#10549 = EDGE_CURVE('',#10550,#10552,#10554,.T.);
#10550 = VERTEX_POINT('',#10551);
#10551 = CARTESIAN_POINT('',(312.5,417.,380.));
#10552 = VERTEX_POINT('',#10553);
#10553 = CARTESIAN_POINT('',(312.5,417.,384.));
#10554 = LINE('',#10555,#10556);
#10555 = CARTESIAN_POINT('',(312.5,417.,380.));
#10556 = VECTOR('',#10557,1.);
#10557 = DIRECTION('',(0.,0.,1.));
#10558 = ORIENTED_EDGE('',*,*,#10559,.T.);
#10559 = EDGE_CURVE('',#10550,#10560,#10562,.T.);
#10560 = VERTEX_POINT('',#10561);
#10561 = CARTESIAN_POINT('',(312.5,434.,380.));
#10562 = LINE('',#10563,#10564);
#10563 = CARTESIAN_POINT('',(312.5,417.,380.));
#10564 = VECTOR('',#10565,1.);
#10565 = DIRECTION('',(0.,1.,0.));
#10566 = ORIENTED_EDGE('',*,*,#10567,.T.);
#10567 = EDGE_CURVE('',#10560,#10568,#10570,.T.);
#10568 = VERTEX_POINT('',#10569);
#10569 = CARTESIAN_POINT('',(312.5,434.,384.));
#10570 = LINE('',#10571,#10572);
#10571 = CARTESIAN_POINT('',(312.5,434.,380.));
#10572 = VECTOR('',#10573,1.);
#10573 = DIRECTION('',(0.,0.,1.));
#10574 = ORIENTED_EDGE('',*,*,#10575,.F.);
#10575 = EDGE_CURVE('',#10552,#10568,#10576,.T.);
#10576 = LINE('',#10577,#10578);
#10577 = CARTESIAN_POINT('',(312.5,417.,384.));
#10578 = VECTOR('',#10579,1.);
#10579 = DIRECTION('',(0.,1.,0.));
#10580 = PLANE('',#10581);
#10581 = AXIS2_PLACEMENT_3D('',#10582,#10583,#10584);
#10582 = CARTESIAN_POINT('',(312.5,417.,380.));
#10583 = DIRECTION('',(1.,0.,0.));
#10584 = DIRECTION('',(0.,0.,1.));
#10585 = ADVANCED_FACE('',(#10586),#10620,.T.);
#10586 = FACE_BOUND('',#10587,.T.);
#10587 = EDGE_LOOP('',(#10588,#10598,#10606,#10614));
#10588 = ORIENTED_EDGE('',*,*,#10589,.F.);
#10589 = EDGE_CURVE('',#10590,#10592,#10594,.T.);
#10590 = VERTEX_POINT('',#10591);
#10591 = CARTESIAN_POINT('',(316.5,417.,380.));
#10592 = VERTEX_POINT('',#10593);
#10593 = CARTESIAN_POINT('',(316.5,417.,384.));
#10594 = LINE('',#10595,#10596);
#10595 = CARTESIAN_POINT('',(316.5,417.,380.));
#10596 = VECTOR('',#10597,1.);
#10597 = DIRECTION('',(0.,0.,1.));
#10598 = ORIENTED_EDGE('',*,*,#10599,.T.);
#10599 = EDGE_CURVE('',#10590,#10600,#10602,.T.);
#10600 = VERTEX_POINT('',#10601);
#10601 = CARTESIAN_POINT('',(316.5,434.,380.));
#10602 = LINE('',#10603,#10604);
#10603 = CARTESIAN_POINT('',(316.5,417.,380.));
#10604 = VECTOR('',#10605,1.);
#10605 = DIRECTION('',(0.,1.,0.));
#10606 = ORIENTED_EDGE('',*,*,#10607,.T.);
#10607 = EDGE_CURVE('',#10600,#10608,#10610,.T.);
#10608 = VERTEX_POINT('',#10609);
#10609 = CARTESIAN_POINT('',(316.5,434.,384.));
#10610 = LINE('',#10611,#10612);
#10611 = CARTESIAN_POINT('',(316.5,434.,380.));
#10612 = VECTOR('',#10613,1.);
#10613 = DIRECTION('',(0.,0.,1.));
#10614 = ORIENTED_EDGE('',*,*,#10615,.F.);
#10615 = EDGE_CURVE('',#10592,#10608,#10616,.T.);
#10616 = LINE('',#10617,#10618);
#10617 = CARTESIAN_POINT('',(316.5,417.,384.));
#10618 = VECTOR('',#10619,1.);
#10619 = DIRECTION('',(0.,1.,0.));
#10620 = PLANE('',#10621);
#10621 = AXIS2_PLACEMENT_3D('',#10622,#10623,#10624);
#10622 = CARTESIAN_POINT('',(316.5,417.,380.));
#10623 = DIRECTION('',(1.,0.,0.));
#10624 = DIRECTION('',(0.,0.,1.));
#10625 = ADVANCED_FACE('',(#10626),#10642,.F.);
#10626 = FACE_BOUND('',#10627,.F.);
#10627 = EDGE_LOOP('',(#10628,#10634,#10635,#10641));
#10628 = ORIENTED_EDGE('',*,*,#10629,.F.);
#10629 = EDGE_CURVE('',#10550,#10590,#10630,.T.);
#10630 = LINE('',#10631,#10632);
#10631 = CARTESIAN_POINT('',(312.5,417.,380.));
#10632 = VECTOR('',#10633,1.);
#10633 = DIRECTION('',(1.,0.,0.));
#10634 = ORIENTED_EDGE('',*,*,#10549,.T.);
#10635 = ORIENTED_EDGE('',*,*,#10636,.T.);
#10636 = EDGE_CURVE('',#10552,#10592,#10637,.T.);
#10637 = LINE('',#10638,#10639);
#10638 = CARTESIAN_POINT('',(312.5,417.,384.));
#10639 = VECTOR('',#10640,1.);
#10640 = DIRECTION('',(1.,0.,0.));
#10641 = ORIENTED_EDGE('',*,*,#10589,.F.);
#10642 = PLANE('',#10643);
#10643 = AXIS2_PLACEMENT_3D('',#10644,#10645,#10646);
#10644 = CARTESIAN_POINT('',(312.5,417.,380.));
#10645 = DIRECTION('',(0.,1.,0.));
#10646 = DIRECTION('',(0.,0.,1.));
#10647 = ADVANCED_FACE('',(#10648),#10664,.T.);
#10648 = FACE_BOUND('',#10649,.T.);
#10649 = EDGE_LOOP('',(#10650,#10656,#10657,#10663));
#10650 = ORIENTED_EDGE('',*,*,#10651,.F.);
#10651 = EDGE_CURVE('',#10560,#10600,#10652,.T.);
#10652 = LINE('',#10653,#10654);
#10653 = CARTESIAN_POINT('',(312.5,434.,380.));
#10654 = VECTOR('',#10655,1.);
#10655 = DIRECTION('',(1.,0.,0.));
#10656 = ORIENTED_EDGE('',*,*,#10567,.T.);
#10657 = ORIENTED_EDGE('',*,*,#10658,.T.);
#10658 = EDGE_CURVE('',#10568,#10608,#10659,.T.);
#10659 = LINE('',#10660,#10661);
#10660 = CARTESIAN_POINT('',(312.5,434.,384.));
#10661 = VECTOR('',#10662,1.);
#10662 = DIRECTION('',(1.,0.,0.));
#10663 = ORIENTED_EDGE('',*,*,#10607,.F.);
#10664 = PLANE('',#10665);
#10665 = AXIS2_PLACEMENT_3D('',#10666,#10667,#10668);
#10666 = CARTESIAN_POINT('',(312.5,434.,380.));
#10667 = DIRECTION('',(0.,1.,0.));
#10668 = DIRECTION('',(0.,0.,1.));
#10669 = ADVANCED_FACE('',(#10670),#10676,.F.);
#10670 = FACE_BOUND('',#10671,.F.);
#10671 = EDGE_LOOP('',(#10672,#10673,#10674,#10675));
#10672 = ORIENTED_EDGE('',*,*,#10559,.F.);
#10673 = ORIENTED_EDGE('',*,*,#10629,.T.);
#10674 = ORIENTED_EDGE('',*,*,#10599,.T.);
#10675 = ORIENTED_EDGE('',*,*,#10651,.F.);
#10676 = PLANE('',#10677);
#10677 = AXIS2_PLACEMENT_3D('',#10678,#10679,#10680);
#10678 = CARTESIAN_POINT('',(312.5,417.,380.));
#10679 = DIRECTION('',(0.,0.,1.));
#10680 = DIRECTION('',(1.,0.,0.));
#10681 = ADVANCED_FACE('',(#10682),#10688,.T.);
#10682 = FACE_BOUND('',#10683,.T.);
#10683 = EDGE_LOOP('',(#10684,#10685,#10686,#10687));
#10684 = ORIENTED_EDGE('',*,*,#10575,.F.);
#10685 = ORIENTED_EDGE('',*,*,#10636,.T.);
#10686 = ORIENTED_EDGE('',*,*,#10615,.T.);
#10687 = ORIENTED_EDGE('',*,*,#10658,.F.);
#10688 = PLANE('',#10689);
#10689 = AXIS2_PLACEMENT_3D('',#10690,#10691,#10692);
#10690 = CARTESIAN_POINT('',(312.5,417.,384.));
#10691 = DIRECTION('',(0.,0.,1.));
#10692 = DIRECTION('',(1.,0.,0.));
#10693 = MANIFOLD_SOLID_BREP('',#10694);
#10694 = CLOSED_SHELL('',(#10695,#10735,#10775,#10797,#10819,#10831));
#10695 = ADVANCED_FACE('',(#10696),#10730,.F.);
#10696 = FACE_BOUND('',#10697,.F.);
#10697 = EDGE_LOOP('',(#10698,#10708,#10716,#10724));
#10698 = ORIENTED_EDGE('',*,*,#10699,.F.);
#10699 = EDGE_CURVE('',#10700,#10702,#10704,.T.);
#10700 = VERTEX_POINT('',#10701);
#10701 = CARTESIAN_POINT('',(154.20200012206,263.,599.41037702255));
#10702 = VERTEX_POINT('',#10703);
#10703 = CARTESIAN_POINT('',(156.80527559981,263.,604.81620321167));
#10704 = LINE('',#10705,#10706);
#10705 = CARTESIAN_POINT('',(154.20200012206,263.,599.41037702255));
#10706 = VECTOR('',#10707,1.);
#10707 = DIRECTION('',(0.433879246291,0.,0.90097103152));
#10708 = ORIENTED_EDGE('',*,*,#10709,.T.);
#10709 = EDGE_CURVE('',#10700,#10710,#10712,.T.);
#10710 = VERTEX_POINT('',#10711);
#10711 = CARTESIAN_POINT('',(154.20200012206,283.,599.41037702255));
#10712 = LINE('',#10713,#10714);
#10713 = CARTESIAN_POINT('',(154.20200012206,263.,599.41037702255));
#10714 = VECTOR('',#10715,1.);
#10715 = DIRECTION('',(0.,1.,0.));
#10716 = ORIENTED_EDGE('',*,*,#10717,.T.);
#10717 = EDGE_CURVE('',#10710,#10718,#10720,.T.);
#10718 = VERTEX_POINT('',#10719);
#10719 = CARTESIAN_POINT('',(156.80527559981,283.,604.81620321167));
#10720 = LINE('',#10721,#10722);
#10721 = CARTESIAN_POINT('',(154.20200012206,283.,599.41037702255));
#10722 = VECTOR('',#10723,1.);
#10723 = DIRECTION('',(0.433879246291,0.,0.90097103152));
#10724 = ORIENTED_EDGE('',*,*,#10725,.F.);
#10725 = EDGE_CURVE('',#10702,#10718,#10726,.T.);
#10726 = LINE('',#10727,#10728);
#10727 = CARTESIAN_POINT('',(156.80527559981,263.,604.81620321167));
#10728 = VECTOR('',#10729,1.);
#10729 = DIRECTION('',(0.,1.,0.));
#10730 = PLANE('',#10731);
#10731 = AXIS2_PLACEMENT_3D('',#10732,#10733,#10734);
#10732 = CARTESIAN_POINT('',(154.20200012206,263.,599.41037702255));
#10733 = DIRECTION('',(0.90097103152,0.,-0.433879246291));
#10734 = DIRECTION('',(0.433879246291,0.,0.90097103152));
#10735 = ADVANCED_FACE('',(#10736),#10770,.T.);
#10736 = FACE_BOUND('',#10737,.T.);
#10737 = EDGE_LOOP('',(#10738,#10748,#10756,#10764));
#10738 = ORIENTED_EDGE('',*,*,#10739,.F.);
#10739 = EDGE_CURVE('',#10740,#10742,#10744,.T.);
#10740 = VERTEX_POINT('',#10741);
#10741 = CARTESIAN_POINT('',(159.60782631118,263.,596.8071015448));
#10742 = VERTEX_POINT('',#10743);
#10743 = CARTESIAN_POINT('',(162.21110178892,263.,602.21292773392));
#10744 = LINE('',#10745,#10746);
#10745 = CARTESIAN_POINT('',(159.60782631118,263.,596.8071015448));
#10746 = VECTOR('',#10747,1.);
#10747 = DIRECTION('',(0.433879246291,0.,0.90097103152));
#10748 = ORIENTED_EDGE('',*,*,#10749,.T.);
#10749 = EDGE_CURVE('',#10740,#10750,#10752,.T.);
#10750 = VERTEX_POINT('',#10751);
#10751 = CARTESIAN_POINT('',(159.60782631118,283.,596.8071015448));
#10752 = LINE('',#10753,#10754);
#10753 = CARTESIAN_POINT('',(159.60782631118,263.,596.8071015448));
#10754 = VECTOR('',#10755,1.);
#10755 = DIRECTION('',(0.,1.,0.));
#10756 = ORIENTED_EDGE('',*,*,#10757,.T.);
#10757 = EDGE_CURVE('',#10750,#10758,#10760,.T.);
#10758 = VERTEX_POINT('',#10759);
#10759 = CARTESIAN_POINT('',(162.21110178892,283.,602.21292773392));
#10760 = LINE('',#10761,#10762);
#10761 = CARTESIAN_POINT('',(159.60782631118,283.,596.8071015448));
#10762 = VECTOR('',#10763,1.);
#10763 = DIRECTION('',(0.433879246291,0.,0.90097103152));
#10764 = ORIENTED_EDGE('',*,*,#10765,.F.);
#10765 = EDGE_CURVE('',#10742,#10758,#10766,.T.);
#10766 = LINE('',#10767,#10768);
#10767 = CARTESIAN_POINT('',(162.21110178892,263.,602.21292773392));
#10768 = VECTOR('',#10769,1.);
#10769 = DIRECTION('',(0.,1.,0.));
#10770 = PLANE('',#10771);
#10771 = AXIS2_PLACEMENT_3D('',#10772,#10773,#10774);
#10772 = CARTESIAN_POINT('',(159.60782631118,263.,596.8071015448));
#10773 = DIRECTION('',(0.90097103152,0.,-0.433879246291));
#10774 = DIRECTION('',(0.433879246291,0.,0.90097103152));
#10775 = ADVANCED_FACE('',(#10776),#10792,.F.);
#10776 = FACE_BOUND('',#10777,.F.);
#10777 = EDGE_LOOP('',(#10778,#10784,#10785,#10791));
#10778 = ORIENTED_EDGE('',*,*,#10779,.F.);
#10779 = EDGE_CURVE('',#10700,#10740,#10780,.T.);
#10780 = LINE('',#10781,#10782);
#10781 = CARTESIAN_POINT('',(154.20200012206,263.,599.41037702255));
#10782 = VECTOR('',#10783,1.);
#10783 = DIRECTION('',(0.90097103152,0.,-0.433879246291));
#10784 = ORIENTED_EDGE('',*,*,#10699,.T.);
#10785 = ORIENTED_EDGE('',*,*,#10786,.T.);
#10786 = EDGE_CURVE('',#10702,#10742,#10787,.T.);
#10787 = LINE('',#10788,#10789);
#10788 = CARTESIAN_POINT('',(156.80527559981,263.,604.81620321167));
#10789 = VECTOR('',#10790,1.);
#10790 = DIRECTION('',(0.90097103152,0.,-0.433879246291));
#10791 = ORIENTED_EDGE('',*,*,#10739,.F.);
#10792 = PLANE('',#10793);
#10793 = AXIS2_PLACEMENT_3D('',#10794,#10795,#10796);
#10794 = CARTESIAN_POINT('',(154.20200012206,263.,599.41037702255));
#10795 = DIRECTION('',(0.,1.,0.));
#10796 = DIRECTION('',(0.433879246291,0.,0.90097103152));
#10797 = ADVANCED_FACE('',(#10798),#10814,.T.);
#10798 = FACE_BOUND('',#10799,.T.);
#10799 = EDGE_LOOP('',(#10800,#10806,#10807,#10813));
#10800 = ORIENTED_EDGE('',*,*,#10801,.F.);
#10801 = EDGE_CURVE('',#10710,#10750,#10802,.T.);
#10802 = LINE('',#10803,#10804);
#10803 = CARTESIAN_POINT('',(154.20200012206,283.,599.41037702255));
#10804 = VECTOR('',#10805,1.);
#10805 = DIRECTION('',(0.90097103152,0.,-0.433879246291));
#10806 = ORIENTED_EDGE('',*,*,#10717,.T.);
#10807 = ORIENTED_EDGE('',*,*,#10808,.T.);
#10808 = EDGE_CURVE('',#10718,#10758,#10809,.T.);
#10809 = LINE('',#10810,#10811);
#10810 = CARTESIAN_POINT('',(156.80527559981,283.,604.81620321167));
#10811 = VECTOR('',#10812,1.);
#10812 = DIRECTION('',(0.90097103152,0.,-0.433879246291));
#10813 = ORIENTED_EDGE('',*,*,#10757,.F.);
#10814 = PLANE('',#10815);
#10815 = AXIS2_PLACEMENT_3D('',#10816,#10817,#10818);
#10816 = CARTESIAN_POINT('',(154.20200012206,283.,599.41037702255));
#10817 = DIRECTION('',(0.,1.,0.));
#10818 = DIRECTION('',(0.433879246291,0.,0.90097103152));
#10819 = ADVANCED_FACE('',(#10820),#10826,.F.);
#10820 = FACE_BOUND('',#10821,.F.);
#10821 = EDGE_LOOP('',(#10822,#10823,#10824,#10825));
#10822 = ORIENTED_EDGE('',*,*,#10709,.F.);
#10823 = ORIENTED_EDGE('',*,*,#10779,.T.);
#10824 = ORIENTED_EDGE('',*,*,#10749,.T.);
#10825 = ORIENTED_EDGE('',*,*,#10801,.F.);
#10826 = PLANE('',#10827);
#10827 = AXIS2_PLACEMENT_3D('',#10828,#10829,#10830);
#10828 = CARTESIAN_POINT('',(154.20200012206,263.,599.41037702255));
#10829 = DIRECTION('',(0.433879246291,0.,0.90097103152));
#10830 = DIRECTION('',(0.90097103152,0.,-0.433879246291));
#10831 = ADVANCED_FACE('',(#10832),#10838,.T.);
#10832 = FACE_BOUND('',#10833,.T.);
#10833 = EDGE_LOOP('',(#10834,#10835,#10836,#10837));
#10834 = ORIENTED_EDGE('',*,*,#10725,.F.);
#10835 = ORIENTED_EDGE('',*,*,#10786,.T.);
#10836 = ORIENTED_EDGE('',*,*,#10765,.T.);
#10837 = ORIENTED_EDGE('',*,*,#10808,.F.);
#10838 = PLANE('',#10839);
#10839 = AXIS2_PLACEMENT_3D('',#10840,#10841,#10842);
#10840 = CARTESIAN_POINT('',(156.80527559981,263.,604.81620321167));
#10841 = DIRECTION('',(0.433879246291,0.,0.90097103152));
#10842 = DIRECTION('',(0.90097103152,0.,-0.433879246291));
#10843 = MANIFOLD_SOLID_BREP('',#10844);
#10844 = CLOSED_SHELL('',(#10845,#10878,#10887));
#10845 = ADVANCED_FACE('',(#10846),#10873,.T.);
#10846 = FACE_BOUND('',#10847,.T.);
#10847 = EDGE_LOOP('',(#10848,#10857,#10865,#10872));
#10848 = ORIENTED_EDGE('',*,*,#10849,.F.);
#10849 = EDGE_CURVE('',#10850,#10850,#10852,.T.);
#10850 = VERTEX_POINT('',#10851);
#10851 = CARTESIAN_POINT('',(280.,489.,327.5));
#10852 = CIRCLE('',#10853,2.5);
#10853 = AXIS2_PLACEMENT_3D('',#10854,#10855,#10856);
#10854 = CARTESIAN_POINT('',(280.,489.,325.));
#10855 = DIRECTION('',(0.,1.,0.));
#10856 = DIRECTION('',(0.,0.,1.));
#10857 = ORIENTED_EDGE('',*,*,#10858,.F.);
#10858 = EDGE_CURVE('',#10859,#10850,#10861,.T.);
#10859 = VERTEX_POINT('',#10860);
#10860 = CARTESIAN_POINT('',(280.,465.,327.5));
#10861 = LINE('',#10862,#10863);
#10862 = CARTESIAN_POINT('',(280.,465.,327.5));
#10863 = VECTOR('',#10864,1.);
#10864 = DIRECTION('',(0.,1.,0.));
#10865 = ORIENTED_EDGE('',*,*,#10866,.T.);
#10866 = EDGE_CURVE('',#10859,#10859,#10867,.T.);
#10867 = CIRCLE('',#10868,2.5);
#10868 = AXIS2_PLACEMENT_3D('',#10869,#10870,#10871);
#10869 = CARTESIAN_POINT('',(280.,465.,325.));
#10870 = DIRECTION('',(0.,1.,0.));
#10871 = DIRECTION('',(0.,0.,1.));
#10872 = ORIENTED_EDGE('',*,*,#10858,.T.);
#10873 = CYLINDRICAL_SURFACE('',#10874,2.5);
#10874 = AXIS2_PLACEMENT_3D('',#10875,#10876,#10877);
#10875 = CARTESIAN_POINT('',(280.,465.,325.));
#10876 = DIRECTION('',(0.,1.,0.));
#10877 = DIRECTION('',(0.,0.,1.));
#10878 = ADVANCED_FACE('',(#10879),#10882,.T.);
#10879 = FACE_BOUND('',#10880,.T.);
#10880 = EDGE_LOOP('',(#10881));
#10881 = ORIENTED_EDGE('',*,*,#10849,.T.);
#10882 = PLANE('',#10883);
#10883 = AXIS2_PLACEMENT_3D('',#10884,#10885,#10886);
#10884 = CARTESIAN_POINT('',(280.,489.,325.));
#10885 = DIRECTION('',(0.,1.,0.));
#10886 = DIRECTION('',(0.,0.,1.));
#10887 = ADVANCED_FACE('',(#10888),#10891,.F.);
#10888 = FACE_BOUND('',#10889,.T.);
#10889 = EDGE_LOOP('',(#10890));
#10890 = ORIENTED_EDGE('',*,*,#10866,.F.);
#10891 = PLANE('',#10892);
#10892 = AXIS2_PLACEMENT_3D('',#10893,#10894,#10895);
#10893 = CARTESIAN_POINT('',(280.,465.,325.));
#10894 = DIRECTION('',(0.,1.,0.));
#10895 = DIRECTION('',(0.,0.,1.));
#10896 = MANIFOLD_SOLID_BREP('',#10897);
#10897 = CLOSED_SHELL('',(#10898,#10931,#10940));
#10898 = ADVANCED_FACE('',(#10899),#10926,.T.);
#10899 = FACE_BOUND('',#10900,.T.);
#10900 = EDGE_LOOP('',(#10901,#10910,#10918,#10925));
#10901 = ORIENTED_EDGE('',*,*,#10902,.F.);
#10902 = EDGE_CURVE('',#10903,#10903,#10905,.T.);
#10903 = VERTEX_POINT('',#10904);
#10904 = CARTESIAN_POINT('',(360.,489.,327.5));
#10905 = CIRCLE('',#10906,2.5);
#10906 = AXIS2_PLACEMENT_3D('',#10907,#10908,#10909);
#10907 = CARTESIAN_POINT('',(360.,489.,325.));
#10908 = DIRECTION('',(0.,1.,0.));
#10909 = DIRECTION('',(0.,0.,1.));
#10910 = ORIENTED_EDGE('',*,*,#10911,.F.);
#10911 = EDGE_CURVE('',#10912,#10903,#10914,.T.);
#10912 = VERTEX_POINT('',#10913);
#10913 = CARTESIAN_POINT('',(360.,465.,327.5));
#10914 = LINE('',#10915,#10916);
#10915 = CARTESIAN_POINT('',(360.,465.,327.5));
#10916 = VECTOR('',#10917,1.);
#10917 = DIRECTION('',(0.,1.,0.));
#10918 = ORIENTED_EDGE('',*,*,#10919,.T.);
#10919 = EDGE_CURVE('',#10912,#10912,#10920,.T.);
#10920 = CIRCLE('',#10921,2.5);
#10921 = AXIS2_PLACEMENT_3D('',#10922,#10923,#10924);
#10922 = CARTESIAN_POINT('',(360.,465.,325.));
#10923 = DIRECTION('',(0.,1.,0.));
#10924 = DIRECTION('',(0.,0.,1.));
#10925 = ORIENTED_EDGE('',*,*,#10911,.T.);
#10926 = CYLINDRICAL_SURFACE('',#10927,2.5);
#10927 = AXIS2_PLACEMENT_3D('',#10928,#10929,#10930);
#10928 = CARTESIAN_POINT('',(360.,465.,325.));
#10929 = DIRECTION('',(0.,1.,0.));
#10930 = DIRECTION('',(0.,0.,1.));
#10931 = ADVANCED_FACE('',(#10932),#10935,.T.);
#10932 = FACE_BOUND('',#10933,.T.);
#10933 = EDGE_LOOP('',(#10934));
#10934 = ORIENTED_EDGE('',*,*,#10902,.T.);
#10935 = PLANE('',#10936);
#10936 = AXIS2_PLACEMENT_3D('',#10937,#10938,#10939);
#10937 = CARTESIAN_POINT('',(360.,489.,325.));
#10938 = DIRECTION('',(0.,1.,0.));
#10939 = DIRECTION('',(0.,0.,1.));
#10940 = ADVANCED_FACE('',(#10941),#10944,.F.);
#10941 = FACE_BOUND('',#10942,.T.);
#10942 = EDGE_LOOP('',(#10943));
#10943 = ORIENTED_EDGE('',*,*,#10919,.F.);
#10944 = PLANE('',#10945);
#10945 = AXIS2_PLACEMENT_3D('',#10946,#10947,#10948);
#10946 = CARTESIAN_POINT('',(360.,465.,325.));
#10947 = DIRECTION('',(0.,1.,0.));
#10948 = DIRECTION('',(0.,0.,1.));
#10949 = MANIFOLD_SOLID_BREP('',#10950);
#10950 = CLOSED_SHELL('',(#10951,#11033,#11080,#11131,#11169,#11194,
    #11219,#11267,#11281,#11295));
#10951 = ADVANCED_FACE('',(#10952,#11006,#11017),#11028,.T.);
#10952 = FACE_BOUND('',#10953,.T.);
#10953 = EDGE_LOOP('',(#10954,#10965,#10974,#10982,#10991,#11000));
#10954 = ORIENTED_EDGE('',*,*,#10955,.T.);
#10955 = EDGE_CURVE('',#10956,#10958,#10960,.T.);
#10956 = VERTEX_POINT('',#10957);
#10957 = CARTESIAN_POINT('',(115.00328961607,188.,676.667));
#10958 = VERTEX_POINT('',#10959);
#10959 = CARTESIAN_POINT('',(153.,188.,714.167));
#10960 = CIRCLE('',#10961,38.);
#10961 = AXIS2_PLACEMENT_3D('',#10962,#10963,#10964);
#10962 = CARTESIAN_POINT('',(153.,188.,676.167));
#10963 = DIRECTION('',(0.,1.,0.));
#10964 = DIRECTION('',(0.,0.,1.));
#10965 = ORIENTED_EDGE('',*,*,#10966,.T.);
#10966 = EDGE_CURVE('',#10958,#10967,#10969,.T.);
#10967 = VERTEX_POINT('',#10968);
#10968 = CARTESIAN_POINT('',(190.99671038392,188.,676.667));
#10969 = CIRCLE('',#10970,38.);
#10970 = AXIS2_PLACEMENT_3D('',#10971,#10972,#10973);
#10971 = CARTESIAN_POINT('',(153.,188.,676.167));
#10972 = DIRECTION('',(0.,1.,0.));
#10973 = DIRECTION('',(0.,0.,1.));
#10974 = ORIENTED_EDGE('',*,*,#10975,.F.);
#10975 = EDGE_CURVE('',#10976,#10967,#10978,.T.);
#10976 = VERTEX_POINT('',#10977);
#10977 = CARTESIAN_POINT('',(179.99536997338,188.,676.667));
#10978 = LINE('',#10979,#10980);
#10979 = CARTESIAN_POINT('',(130.5,188.,676.667));
#10980 = VECTOR('',#10981,1.);
#10981 = DIRECTION('',(1.,0.,0.));
#10982 = ORIENTED_EDGE('',*,*,#10983,.F.);
#10983 = EDGE_CURVE('',#10984,#10976,#10986,.T.);
#10984 = VERTEX_POINT('',#10985);
#10985 = CARTESIAN_POINT('',(153.,188.,703.167));
#10986 = CIRCLE('',#10987,27.);
#10987 = AXIS2_PLACEMENT_3D('',#10988,#10989,#10990);
#10988 = CARTESIAN_POINT('',(153.,188.,676.167));
#10989 = DIRECTION('',(0.,1.,0.));
#10990 = DIRECTION('',(0.,0.,1.));
#10991 = ORIENTED_EDGE('',*,*,#10992,.F.);
#10992 = EDGE_CURVE('',#10993,#10984,#10995,.T.);
#10993 = VERTEX_POINT('',#10994);
#10994 = CARTESIAN_POINT('',(126.00463002661,188.,676.667));
#10995 = CIRCLE('',#10996,27.);
#10996 = AXIS2_PLACEMENT_3D('',#10997,#10998,#10999);
#10997 = CARTESIAN_POINT('',(153.,188.,676.167));
#10998 = DIRECTION('',(0.,1.,0.));
#10999 = DIRECTION('',(0.,0.,1.));
#11000 = ORIENTED_EDGE('',*,*,#11001,.F.);
#11001 = EDGE_CURVE('',#10956,#10993,#11002,.T.);
#11002 = LINE('',#11003,#11004);
#11003 = CARTESIAN_POINT('',(130.5,188.,676.667));
#11004 = VECTOR('',#11005,1.);
#11005 = DIRECTION('',(1.,0.,0.));
#11006 = FACE_BOUND('',#11007,.T.);
#11007 = EDGE_LOOP('',(#11008));
#11008 = ORIENTED_EDGE('',*,*,#11009,.F.);
#11009 = EDGE_CURVE('',#11010,#11010,#11012,.T.);
#11010 = VERTEX_POINT('',#11011);
#11011 = CARTESIAN_POINT('',(124.,188.,695.867));
#11012 = CIRCLE('',#11013,1.7);
#11013 = AXIS2_PLACEMENT_3D('',#11014,#11015,#11016);
#11014 = CARTESIAN_POINT('',(124.,188.,694.167));
#11015 = DIRECTION('',(0.,1.,0.));
#11016 = DIRECTION('',(0.,0.,1.));
#11017 = FACE_BOUND('',#11018,.T.);
#11018 = EDGE_LOOP('',(#11019));
#11019 = ORIENTED_EDGE('',*,*,#11020,.F.);
#11020 = EDGE_CURVE('',#11021,#11021,#11023,.T.);
#11021 = VERTEX_POINT('',#11022);
#11022 = CARTESIAN_POINT('',(182.,188.,695.867));
#11023 = CIRCLE('',#11024,1.7);
#11024 = AXIS2_PLACEMENT_3D('',#11025,#11026,#11027);
#11025 = CARTESIAN_POINT('',(182.,188.,694.167));
#11026 = DIRECTION('',(0.,1.,0.));
#11027 = DIRECTION('',(0.,0.,1.));
#11028 = PLANE('',#11029);
#11029 = AXIS2_PLACEMENT_3D('',#11030,#11031,#11032);
#11030 = CARTESIAN_POINT('',(153.,188.,676.167));
#11031 = DIRECTION('',(0.,1.,0.));
#11032 = DIRECTION('',(0.,0.,1.));
#11033 = ADVANCED_FACE('',(#11034),#11075,.F.);
#11034 = FACE_BOUND('',#11035,.F.);
#11035 = EDGE_LOOP('',(#11036,#11044,#11045,#11053,#11061,#11069));
#11036 = ORIENTED_EDGE('',*,*,#11037,.F.);
#11037 = EDGE_CURVE('',#10993,#11038,#11040,.T.);
#11038 = VERTEX_POINT('',#11039);
#11039 = CARTESIAN_POINT('',(126.00463002661,243.,676.667));
#11040 = LINE('',#11041,#11042);
#11041 = CARTESIAN_POINT('',(126.00463002661,186.,676.667));
#11042 = VECTOR('',#11043,1.);
#11043 = DIRECTION('',(0.,1.,0.));
#11044 = ORIENTED_EDGE('',*,*,#11001,.F.);
#11045 = ORIENTED_EDGE('',*,*,#11046,.F.);
#11046 = EDGE_CURVE('',#11047,#10956,#11049,.T.);
#11047 = VERTEX_POINT('',#11048);
#11048 = CARTESIAN_POINT('',(115.00328961607,186.,676.667));
#11049 = LINE('',#11050,#11051);
#11050 = CARTESIAN_POINT('',(115.00328961607,186.,676.667));
#11051 = VECTOR('',#11052,1.);
#11052 = DIRECTION('',(0.,1.,0.));
#11053 = ORIENTED_EDGE('',*,*,#11054,.T.);
#11054 = EDGE_CURVE('',#11047,#11055,#11057,.T.);
#11055 = VERTEX_POINT('',#11056);
#11056 = CARTESIAN_POINT('',(128.0050005001,186.,676.667));
#11057 = LINE('',#11058,#11059);
#11058 = CARTESIAN_POINT('',(130.5,186.,676.667));
#11059 = VECTOR('',#11060,1.);
#11060 = DIRECTION('',(1.,0.,0.));
#11061 = ORIENTED_EDGE('',*,*,#11062,.T.);
#11062 = EDGE_CURVE('',#11055,#11063,#11065,.T.);
#11063 = VERTEX_POINT('',#11064);
#11064 = CARTESIAN_POINT('',(128.0050005001,243.,676.667));
#11065 = LINE('',#11066,#11067);
#11066 = CARTESIAN_POINT('',(128.0050005001,186.,676.667));
#11067 = VECTOR('',#11068,1.);
#11068 = DIRECTION('',(0.,1.,0.));
#11069 = ORIENTED_EDGE('',*,*,#11070,.F.);
#11070 = EDGE_CURVE('',#11038,#11063,#11071,.T.);
#11071 = LINE('',#11072,#11073);
#11072 = CARTESIAN_POINT('',(130.5,243.,676.667));
#11073 = VECTOR('',#11074,1.);
#11074 = DIRECTION('',(1.,0.,0.));
#11075 = PLANE('',#11076);
#11076 = AXIS2_PLACEMENT_3D('',#11077,#11078,#11079);
#11077 = CARTESIAN_POINT('',(108.,185.,676.667));
#11078 = DIRECTION('',(0.,0.,1.));
#11079 = DIRECTION('',(1.,0.,0.));
#11080 = ADVANCED_FACE('',(#11081),#11126,.T.);
#11081 = FACE_BOUND('',#11082,.T.);
#11082 = EDGE_LOOP('',(#11083,#11092,#11101,#11109,#11118,#11125));
#11083 = ORIENTED_EDGE('',*,*,#11084,.T.);
#11084 = EDGE_CURVE('',#11038,#11085,#11087,.T.);
#11085 = VERTEX_POINT('',#11086);
#11086 = CARTESIAN_POINT('',(153.,243.,703.167));
#11087 = CIRCLE('',#11088,27.);
#11088 = AXIS2_PLACEMENT_3D('',#11089,#11090,#11091);
#11089 = CARTESIAN_POINT('',(153.,243.,676.167));
#11090 = DIRECTION('',(0.,1.,0.));
#11091 = DIRECTION('',(0.,0.,1.));
#11092 = ORIENTED_EDGE('',*,*,#11093,.T.);
#11093 = EDGE_CURVE('',#11085,#11094,#11096,.T.);
#11094 = VERTEX_POINT('',#11095);
#11095 = CARTESIAN_POINT('',(179.99536997338,243.,676.667));
#11096 = CIRCLE('',#11097,27.);
#11097 = AXIS2_PLACEMENT_3D('',#11098,#11099,#11100);
#11098 = CARTESIAN_POINT('',(153.,243.,676.167));
#11099 = DIRECTION('',(0.,1.,0.));
#11100 = DIRECTION('',(0.,0.,1.));
#11101 = ORIENTED_EDGE('',*,*,#11102,.F.);
#11102 = EDGE_CURVE('',#11103,#11094,#11105,.T.);
#11103 = VERTEX_POINT('',#11104);
#11104 = CARTESIAN_POINT('',(177.9949994999,243.,676.667));
#11105 = LINE('',#11106,#11107);
#11106 = CARTESIAN_POINT('',(130.5,243.,676.667));
#11107 = VECTOR('',#11108,1.);
#11108 = DIRECTION('',(1.,0.,0.));
#11109 = ORIENTED_EDGE('',*,*,#11110,.F.);
#11110 = EDGE_CURVE('',#11111,#11103,#11113,.T.);
#11111 = VERTEX_POINT('',#11112);
#11112 = CARTESIAN_POINT('',(153.,243.,701.167));
#11113 = CIRCLE('',#11114,25.);
#11114 = AXIS2_PLACEMENT_3D('',#11115,#11116,#11117);
#11115 = CARTESIAN_POINT('',(153.,243.,676.167));
#11116 = DIRECTION('',(0.,1.,0.));
#11117 = DIRECTION('',(0.,0.,1.));
#11118 = ORIENTED_EDGE('',*,*,#11119,.F.);
#11119 = EDGE_CURVE('',#11063,#11111,#11120,.T.);
#11120 = CIRCLE('',#11121,25.);
#11121 = AXIS2_PLACEMENT_3D('',#11122,#11123,#11124);
#11122 = CARTESIAN_POINT('',(153.,243.,676.167));
#11123 = DIRECTION('',(0.,1.,0.));
#11124 = DIRECTION('',(0.,0.,1.));
#11125 = ORIENTED_EDGE('',*,*,#11070,.F.);
#11126 = PLANE('',#11127);
#11127 = AXIS2_PLACEMENT_3D('',#11128,#11129,#11130);
#11128 = CARTESIAN_POINT('',(153.,243.,676.167));
#11129 = DIRECTION('',(0.,1.,0.));
#11130 = DIRECTION('',(0.,0.,1.));
#11131 = ADVANCED_FACE('',(#11132),#11164,.F.);
#11132 = FACE_BOUND('',#11133,.F.);
#11133 = EDGE_LOOP('',(#11134,#11135,#11141,#11142,#11150,#11158));
#11134 = ORIENTED_EDGE('',*,*,#10975,.F.);
#11135 = ORIENTED_EDGE('',*,*,#11136,.T.);
#11136 = EDGE_CURVE('',#10976,#11094,#11137,.T.);
#11137 = LINE('',#11138,#11139);
#11138 = CARTESIAN_POINT('',(179.99536997338,186.,676.667));
#11139 = VECTOR('',#11140,1.);
#11140 = DIRECTION('',(0.,1.,0.));
#11141 = ORIENTED_EDGE('',*,*,#11102,.F.);
#11142 = ORIENTED_EDGE('',*,*,#11143,.F.);
#11143 = EDGE_CURVE('',#11144,#11103,#11146,.T.);
#11144 = VERTEX_POINT('',#11145);
#11145 = CARTESIAN_POINT('',(177.9949994999,186.,676.667));
#11146 = LINE('',#11147,#11148);
#11147 = CARTESIAN_POINT('',(177.9949994999,186.,676.667));
#11148 = VECTOR('',#11149,1.);
#11149 = DIRECTION('',(0.,1.,0.));
#11150 = ORIENTED_EDGE('',*,*,#11151,.T.);
#11151 = EDGE_CURVE('',#11144,#11152,#11154,.T.);
#11152 = VERTEX_POINT('',#11153);
#11153 = CARTESIAN_POINT('',(190.99671038392,186.,676.667));
#11154 = LINE('',#11155,#11156);
#11155 = CARTESIAN_POINT('',(130.5,186.,676.667));
#11156 = VECTOR('',#11157,1.);
#11157 = DIRECTION('',(1.,0.,0.));
#11158 = ORIENTED_EDGE('',*,*,#11159,.T.);
#11159 = EDGE_CURVE('',#11152,#10967,#11160,.T.);
#11160 = LINE('',#11161,#11162);
#11161 = CARTESIAN_POINT('',(190.99671038392,186.,676.667));
#11162 = VECTOR('',#11163,1.);
#11163 = DIRECTION('',(0.,1.,0.));
#11164 = PLANE('',#11165);
#11165 = AXIS2_PLACEMENT_3D('',#11166,#11167,#11168);
#11166 = CARTESIAN_POINT('',(108.,185.,676.667));
#11167 = DIRECTION('',(0.,0.,1.));
#11168 = DIRECTION('',(1.,0.,0.));
#11169 = ADVANCED_FACE('',(#11170),#11189,.F.);
#11170 = FACE_BOUND('',#11171,.F.);
#11171 = EDGE_LOOP('',(#11172,#11173,#11181,#11188));
#11172 = ORIENTED_EDGE('',*,*,#11009,.F.);
#11173 = ORIENTED_EDGE('',*,*,#11174,.F.);
#11174 = EDGE_CURVE('',#11175,#11010,#11177,.T.);
#11175 = VERTEX_POINT('',#11176);
#11176 = CARTESIAN_POINT('',(124.,186.,695.867));
#11177 = LINE('',#11178,#11179);
#11178 = CARTESIAN_POINT('',(124.,186.,695.867));
#11179 = VECTOR('',#11180,1.);
#11180 = DIRECTION('',(0.,1.,0.));
#11181 = ORIENTED_EDGE('',*,*,#11182,.T.);
#11182 = EDGE_CURVE('',#11175,#11175,#11183,.T.);
#11183 = CIRCLE('',#11184,1.7);
#11184 = AXIS2_PLACEMENT_3D('',#11185,#11186,#11187);
#11185 = CARTESIAN_POINT('',(124.,186.,694.167));
#11186 = DIRECTION('',(0.,1.,0.));
#11187 = DIRECTION('',(0.,0.,1.));
#11188 = ORIENTED_EDGE('',*,*,#11174,.T.);
#11189 = CYLINDRICAL_SURFACE('',#11190,1.7);
#11190 = AXIS2_PLACEMENT_3D('',#11191,#11192,#11193);
#11191 = CARTESIAN_POINT('',(124.,186.,694.167));
#11192 = DIRECTION('',(0.,1.,0.));
#11193 = DIRECTION('',(0.,0.,1.));
#11194 = ADVANCED_FACE('',(#11195),#11214,.F.);
#11195 = FACE_BOUND('',#11196,.F.);
#11196 = EDGE_LOOP('',(#11197,#11198,#11206,#11213));
#11197 = ORIENTED_EDGE('',*,*,#11020,.F.);
#11198 = ORIENTED_EDGE('',*,*,#11199,.F.);
#11199 = EDGE_CURVE('',#11200,#11021,#11202,.T.);
#11200 = VERTEX_POINT('',#11201);
#11201 = CARTESIAN_POINT('',(182.,186.,695.867));
#11202 = LINE('',#11203,#11204);
#11203 = CARTESIAN_POINT('',(182.,186.,695.867));
#11204 = VECTOR('',#11205,1.);
#11205 = DIRECTION('',(0.,1.,0.));
#11206 = ORIENTED_EDGE('',*,*,#11207,.T.);
#11207 = EDGE_CURVE('',#11200,#11200,#11208,.T.);
#11208 = CIRCLE('',#11209,1.7);
#11209 = AXIS2_PLACEMENT_3D('',#11210,#11211,#11212);
#11210 = CARTESIAN_POINT('',(182.,186.,694.167));
#11211 = DIRECTION('',(0.,1.,0.));
#11212 = DIRECTION('',(0.,0.,1.));
#11213 = ORIENTED_EDGE('',*,*,#11199,.T.);
#11214 = CYLINDRICAL_SURFACE('',#11215,1.7);
#11215 = AXIS2_PLACEMENT_3D('',#11216,#11217,#11218);
#11216 = CARTESIAN_POINT('',(182.,186.,694.167));
#11217 = DIRECTION('',(0.,1.,0.));
#11218 = DIRECTION('',(0.,0.,1.));
#11219 = ADVANCED_FACE('',(#11220,#11256,#11259),#11262,.T.);
#11220 = FACE_BOUND('',#11221,.T.);
#11221 = EDGE_LOOP('',(#11222,#11223,#11232,#11239,#11240,#11249));
#11222 = ORIENTED_EDGE('',*,*,#11054,.T.);
#11223 = ORIENTED_EDGE('',*,*,#11224,.T.);
#11224 = EDGE_CURVE('',#11055,#11225,#11227,.T.);
#11225 = VERTEX_POINT('',#11226);
#11226 = CARTESIAN_POINT('',(153.,186.,701.167));
#11227 = CIRCLE('',#11228,25.);
#11228 = AXIS2_PLACEMENT_3D('',#11229,#11230,#11231);
#11229 = CARTESIAN_POINT('',(153.,186.,676.167));
#11230 = DIRECTION('',(0.,1.,0.));
#11231 = DIRECTION('',(0.,0.,1.));
#11232 = ORIENTED_EDGE('',*,*,#11233,.T.);
#11233 = EDGE_CURVE('',#11225,#11144,#11234,.T.);
#11234 = CIRCLE('',#11235,25.);
#11235 = AXIS2_PLACEMENT_3D('',#11236,#11237,#11238);
#11236 = CARTESIAN_POINT('',(153.,186.,676.167));
#11237 = DIRECTION('',(0.,1.,0.));
#11238 = DIRECTION('',(0.,0.,1.));
#11239 = ORIENTED_EDGE('',*,*,#11151,.T.);
#11240 = ORIENTED_EDGE('',*,*,#11241,.F.);
#11241 = EDGE_CURVE('',#11242,#11152,#11244,.T.);
#11242 = VERTEX_POINT('',#11243);
#11243 = CARTESIAN_POINT('',(153.,186.,714.167));
#11244 = CIRCLE('',#11245,38.);
#11245 = AXIS2_PLACEMENT_3D('',#11246,#11247,#11248);
#11246 = CARTESIAN_POINT('',(153.,186.,676.167));
#11247 = DIRECTION('',(0.,1.,0.));
#11248 = DIRECTION('',(0.,0.,1.));
#11249 = ORIENTED_EDGE('',*,*,#11250,.F.);
#11250 = EDGE_CURVE('',#11047,#11242,#11251,.T.);
#11251 = CIRCLE('',#11252,38.);
#11252 = AXIS2_PLACEMENT_3D('',#11253,#11254,#11255);
#11253 = CARTESIAN_POINT('',(153.,186.,676.167));
#11254 = DIRECTION('',(0.,1.,0.));
#11255 = DIRECTION('',(0.,0.,1.));
#11256 = FACE_BOUND('',#11257,.T.);
#11257 = EDGE_LOOP('',(#11258));
#11258 = ORIENTED_EDGE('',*,*,#11182,.T.);
#11259 = FACE_BOUND('',#11260,.T.);
#11260 = EDGE_LOOP('',(#11261));
#11261 = ORIENTED_EDGE('',*,*,#11207,.T.);
#11262 = PLANE('',#11263);
#11263 = AXIS2_PLACEMENT_3D('',#11264,#11265,#11266);
#11264 = CARTESIAN_POINT('',(153.,186.,694.42612858298));
#11265 = DIRECTION('',(-0.,-1.,-0.));
#11266 = DIRECTION('',(0.,0.,-1.));
#11267 = ADVANCED_FACE('',(#11268),#11276,.T.);
#11268 = FACE_BOUND('',#11269,.T.);
#11269 = EDGE_LOOP('',(#11270,#11271,#11272,#11273,#11274,#11275));
#11270 = ORIENTED_EDGE('',*,*,#10983,.T.);
#11271 = ORIENTED_EDGE('',*,*,#11136,.T.);
#11272 = ORIENTED_EDGE('',*,*,#11093,.F.);
#11273 = ORIENTED_EDGE('',*,*,#11084,.F.);
#11274 = ORIENTED_EDGE('',*,*,#11037,.F.);
#11275 = ORIENTED_EDGE('',*,*,#10992,.T.);
#11276 = CYLINDRICAL_SURFACE('',#11277,27.);
#11277 = AXIS2_PLACEMENT_3D('',#11278,#11279,#11280);
#11278 = CARTESIAN_POINT('',(153.,186.,676.167));
#11279 = DIRECTION('',(0.,1.,0.));
#11280 = DIRECTION('',(0.,0.,1.));
#11281 = ADVANCED_FACE('',(#11282),#11290,.T.);
#11282 = FACE_BOUND('',#11283,.T.);
#11283 = EDGE_LOOP('',(#11284,#11285,#11286,#11287,#11288,#11289));
#11284 = ORIENTED_EDGE('',*,*,#11241,.T.);
#11285 = ORIENTED_EDGE('',*,*,#11159,.T.);
#11286 = ORIENTED_EDGE('',*,*,#10966,.F.);
#11287 = ORIENTED_EDGE('',*,*,#10955,.F.);
#11288 = ORIENTED_EDGE('',*,*,#11046,.F.);
#11289 = ORIENTED_EDGE('',*,*,#11250,.T.);
#11290 = CYLINDRICAL_SURFACE('',#11291,38.);
#11291 = AXIS2_PLACEMENT_3D('',#11292,#11293,#11294);
#11292 = CARTESIAN_POINT('',(153.,186.,676.167));
#11293 = DIRECTION('',(0.,1.,0.));
#11294 = DIRECTION('',(0.,0.,1.));
#11295 = ADVANCED_FACE('',(#11296),#11304,.F.);
#11296 = FACE_BOUND('',#11297,.F.);
#11297 = EDGE_LOOP('',(#11298,#11299,#11300,#11301,#11302,#11303));
#11298 = ORIENTED_EDGE('',*,*,#11110,.F.);
#11299 = ORIENTED_EDGE('',*,*,#11119,.F.);
#11300 = ORIENTED_EDGE('',*,*,#11062,.F.);
#11301 = ORIENTED_EDGE('',*,*,#11224,.T.);
#11302 = ORIENTED_EDGE('',*,*,#11233,.T.);
#11303 = ORIENTED_EDGE('',*,*,#11143,.T.);
#11304 = CYLINDRICAL_SURFACE('',#11305,25.);
#11305 = AXIS2_PLACEMENT_3D('',#11306,#11307,#11308);
#11306 = CARTESIAN_POINT('',(153.,186.,676.167));
#11307 = DIRECTION('',(0.,1.,0.));
#11308 = DIRECTION('',(0.,0.,1.));
#11309 = MANIFOLD_SOLID_BREP('',#11310);
#11310 = CLOSED_SHELL('',(#11311,#11353,#11400,#11425,#11465,#11505,
    #11523,#11548,#11573,#11597));
#11311 = ADVANCED_FACE('',(#11312),#11348,.T.);
#11312 = FACE_BOUND('',#11313,.T.);
#11313 = EDGE_LOOP('',(#11314,#11324,#11333,#11341));
#11314 = ORIENTED_EDGE('',*,*,#11315,.F.);
#11315 = EDGE_CURVE('',#11316,#11318,#11320,.T.);
#11316 = VERTEX_POINT('',#11317);
#11317 = CARTESIAN_POINT('',(179.99536997338,188.,675.667));
#11318 = VERTEX_POINT('',#11319);
#11319 = CARTESIAN_POINT('',(179.99536997338,243.,675.667));
#11320 = LINE('',#11321,#11322);
#11321 = CARTESIAN_POINT('',(179.99536997338,186.,675.667));
#11322 = VECTOR('',#11323,1.);
#11323 = DIRECTION('',(0.,1.,0.));
#11324 = ORIENTED_EDGE('',*,*,#11325,.T.);
#11325 = EDGE_CURVE('',#11316,#11326,#11328,.T.);
#11326 = VERTEX_POINT('',#11327);
#11327 = CARTESIAN_POINT('',(126.00463002661,188.,675.667));
#11328 = CIRCLE('',#11329,27.);
#11329 = AXIS2_PLACEMENT_3D('',#11330,#11331,#11332);
#11330 = CARTESIAN_POINT('',(153.,188.,676.167));
#11331 = DIRECTION('',(0.,1.,0.));
#11332 = DIRECTION('',(0.,0.,1.));
#11333 = ORIENTED_EDGE('',*,*,#11334,.T.);
#11334 = EDGE_CURVE('',#11326,#11335,#11337,.T.);
#11335 = VERTEX_POINT('',#11336);
#11336 = CARTESIAN_POINT('',(126.00463002661,243.,675.667));
#11337 = LINE('',#11338,#11339);
#11338 = CARTESIAN_POINT('',(126.00463002661,186.,675.667));
#11339 = VECTOR('',#11340,1.);
#11340 = DIRECTION('',(0.,1.,0.));
#11341 = ORIENTED_EDGE('',*,*,#11342,.F.);
#11342 = EDGE_CURVE('',#11318,#11335,#11343,.T.);
#11343 = CIRCLE('',#11344,27.);
#11344 = AXIS2_PLACEMENT_3D('',#11345,#11346,#11347);
#11345 = CARTESIAN_POINT('',(153.,243.,676.167));
#11346 = DIRECTION('',(0.,1.,0.));
#11347 = DIRECTION('',(0.,0.,1.));
#11348 = CYLINDRICAL_SURFACE('',#11349,27.);
#11349 = AXIS2_PLACEMENT_3D('',#11350,#11351,#11352);
#11350 = CARTESIAN_POINT('',(153.,186.,676.167));
#11351 = DIRECTION('',(0.,1.,0.));
#11352 = DIRECTION('',(0.,0.,1.));
#11353 = ADVANCED_FACE('',(#11354),#11395,.T.);
#11354 = FACE_BOUND('',#11355,.T.);
#11355 = EDGE_LOOP('',(#11356,#11364,#11365,#11373,#11381,#11389));
#11356 = ORIENTED_EDGE('',*,*,#11357,.F.);
#11357 = EDGE_CURVE('',#11316,#11358,#11360,.T.);
#11358 = VERTEX_POINT('',#11359);
#11359 = CARTESIAN_POINT('',(190.99671038392,188.,675.667));
#11360 = LINE('',#11361,#11362);
#11361 = CARTESIAN_POINT('',(130.5,188.,675.667));
#11362 = VECTOR('',#11363,1.);
#11363 = DIRECTION('',(1.,0.,0.));
#11364 = ORIENTED_EDGE('',*,*,#11315,.T.);
#11365 = ORIENTED_EDGE('',*,*,#11366,.F.);
#11366 = EDGE_CURVE('',#11367,#11318,#11369,.T.);
#11367 = VERTEX_POINT('',#11368);
#11368 = CARTESIAN_POINT('',(177.9949994999,243.,675.667));
#11369 = LINE('',#11370,#11371);
#11370 = CARTESIAN_POINT('',(130.5,243.,675.667));
#11371 = VECTOR('',#11372,1.);
#11372 = DIRECTION('',(1.,0.,0.));
#11373 = ORIENTED_EDGE('',*,*,#11374,.F.);
#11374 = EDGE_CURVE('',#11375,#11367,#11377,.T.);
#11375 = VERTEX_POINT('',#11376);
#11376 = CARTESIAN_POINT('',(177.9949994999,186.,675.667));
#11377 = LINE('',#11378,#11379);
#11378 = CARTESIAN_POINT('',(177.9949994999,186.,675.667));
#11379 = VECTOR('',#11380,1.);
#11380 = DIRECTION('',(0.,1.,0.));
#11381 = ORIENTED_EDGE('',*,*,#11382,.T.);
#11382 = EDGE_CURVE('',#11375,#11383,#11385,.T.);
#11383 = VERTEX_POINT('',#11384);
#11384 = CARTESIAN_POINT('',(190.99671038392,186.,675.667));
#11385 = LINE('',#11386,#11387);
#11386 = CARTESIAN_POINT('',(130.5,186.,675.667));
#11387 = VECTOR('',#11388,1.);
#11388 = DIRECTION('',(1.,0.,0.));
#11389 = ORIENTED_EDGE('',*,*,#11390,.T.);
#11390 = EDGE_CURVE('',#11383,#11358,#11391,.T.);
#11391 = LINE('',#11392,#11393);
#11392 = CARTESIAN_POINT('',(190.99671038392,186.,675.667));
#11393 = VECTOR('',#11394,1.);
#11394 = DIRECTION('',(0.,1.,0.));
#11395 = PLANE('',#11396);
#11396 = AXIS2_PLACEMENT_3D('',#11397,#11398,#11399);
#11397 = CARTESIAN_POINT('',(108.,185.,675.667));
#11398 = DIRECTION('',(0.,0.,1.));
#11399 = DIRECTION('',(1.,0.,0.));
#11400 = ADVANCED_FACE('',(#11401),#11420,.T.);
#11401 = FACE_BOUND('',#11402,.T.);
#11402 = EDGE_LOOP('',(#11403,#11404,#11405,#11413));
#11403 = ORIENTED_EDGE('',*,*,#11366,.T.);
#11404 = ORIENTED_EDGE('',*,*,#11342,.T.);
#11405 = ORIENTED_EDGE('',*,*,#11406,.T.);
#11406 = EDGE_CURVE('',#11335,#11407,#11409,.T.);
#11407 = VERTEX_POINT('',#11408);
#11408 = CARTESIAN_POINT('',(128.0050005001,243.,675.667));
#11409 = LINE('',#11410,#11411);
#11410 = CARTESIAN_POINT('',(130.5,243.,675.667));
#11411 = VECTOR('',#11412,1.);
#11412 = DIRECTION('',(1.,0.,0.));
#11413 = ORIENTED_EDGE('',*,*,#11414,.F.);
#11414 = EDGE_CURVE('',#11367,#11407,#11415,.T.);
#11415 = CIRCLE('',#11416,25.);
#11416 = AXIS2_PLACEMENT_3D('',#11417,#11418,#11419);
#11417 = CARTESIAN_POINT('',(153.,243.,676.167));
#11418 = DIRECTION('',(0.,1.,0.));
#11419 = DIRECTION('',(0.,0.,1.));
#11420 = PLANE('',#11421);
#11421 = AXIS2_PLACEMENT_3D('',#11422,#11423,#11424);
#11422 = CARTESIAN_POINT('',(153.,243.,676.167));
#11423 = DIRECTION('',(0.,1.,0.));
#11424 = DIRECTION('',(0.,0.,1.));
#11425 = ADVANCED_FACE('',(#11426),#11460,.T.);
#11426 = FACE_BOUND('',#11427,.T.);
#11427 = EDGE_LOOP('',(#11428,#11429,#11437,#11445,#11453,#11459));
#11428 = ORIENTED_EDGE('',*,*,#11334,.F.);
#11429 = ORIENTED_EDGE('',*,*,#11430,.F.);
#11430 = EDGE_CURVE('',#11431,#11326,#11433,.T.);
#11431 = VERTEX_POINT('',#11432);
#11432 = CARTESIAN_POINT('',(115.00328961607,188.,675.667));
#11433 = LINE('',#11434,#11435);
#11434 = CARTESIAN_POINT('',(130.5,188.,675.667));
#11435 = VECTOR('',#11436,1.);
#11436 = DIRECTION('',(1.,0.,0.));
#11437 = ORIENTED_EDGE('',*,*,#11438,.F.);
#11438 = EDGE_CURVE('',#11439,#11431,#11441,.T.);
#11439 = VERTEX_POINT('',#11440);
#11440 = CARTESIAN_POINT('',(115.00328961607,186.,675.667));
#11441 = LINE('',#11442,#11443);
#11442 = CARTESIAN_POINT('',(115.00328961607,186.,675.667));
#11443 = VECTOR('',#11444,1.);
#11444 = DIRECTION('',(0.,1.,0.));
#11445 = ORIENTED_EDGE('',*,*,#11446,.T.);
#11446 = EDGE_CURVE('',#11439,#11447,#11449,.T.);
#11447 = VERTEX_POINT('',#11448);
#11448 = CARTESIAN_POINT('',(128.0050005001,186.,675.667));
#11449 = LINE('',#11450,#11451);
#11450 = CARTESIAN_POINT('',(130.5,186.,675.667));
#11451 = VECTOR('',#11452,1.);
#11452 = DIRECTION('',(1.,0.,0.));
#11453 = ORIENTED_EDGE('',*,*,#11454,.T.);
#11454 = EDGE_CURVE('',#11447,#11407,#11455,.T.);
#11455 = LINE('',#11456,#11457);
#11456 = CARTESIAN_POINT('',(128.0050005001,186.,675.667));
#11457 = VECTOR('',#11458,1.);
#11458 = DIRECTION('',(0.,1.,0.));
#11459 = ORIENTED_EDGE('',*,*,#11406,.F.);
#11460 = PLANE('',#11461);
#11461 = AXIS2_PLACEMENT_3D('',#11462,#11463,#11464);
#11462 = CARTESIAN_POINT('',(108.,185.,675.667));
#11463 = DIRECTION('',(0.,0.,1.));
#11464 = DIRECTION('',(1.,0.,0.));
#11465 = ADVANCED_FACE('',(#11466,#11478,#11489),#11500,.T.);
#11466 = FACE_BOUND('',#11467,.T.);
#11467 = EDGE_LOOP('',(#11468,#11469,#11476,#11477));
#11468 = ORIENTED_EDGE('',*,*,#11357,.T.);
#11469 = ORIENTED_EDGE('',*,*,#11470,.T.);
#11470 = EDGE_CURVE('',#11358,#11431,#11471,.T.);
#11471 = CIRCLE('',#11472,38.);
#11472 = AXIS2_PLACEMENT_3D('',#11473,#11474,#11475);
#11473 = CARTESIAN_POINT('',(153.,188.,676.167));
#11474 = DIRECTION('',(0.,1.,0.));
#11475 = DIRECTION('',(0.,0.,1.));
#11476 = ORIENTED_EDGE('',*,*,#11430,.T.);
#11477 = ORIENTED_EDGE('',*,*,#11325,.F.);
#11478 = FACE_BOUND('',#11479,.T.);
#11479 = EDGE_LOOP('',(#11480));
#11480 = ORIENTED_EDGE('',*,*,#11481,.F.);
#11481 = EDGE_CURVE('',#11482,#11482,#11484,.T.);
#11482 = VERTEX_POINT('',#11483);
#11483 = CARTESIAN_POINT('',(124.,188.,659.867));
#11484 = CIRCLE('',#11485,1.7);
#11485 = AXIS2_PLACEMENT_3D('',#11486,#11487,#11488);
#11486 = CARTESIAN_POINT('',(124.,188.,658.167));
#11487 = DIRECTION('',(0.,1.,0.));
#11488 = DIRECTION('',(0.,0.,1.));
#11489 = FACE_BOUND('',#11490,.T.);
#11490 = EDGE_LOOP('',(#11491));
#11491 = ORIENTED_EDGE('',*,*,#11492,.F.);
#11492 = EDGE_CURVE('',#11493,#11493,#11495,.T.);
#11493 = VERTEX_POINT('',#11494);
#11494 = CARTESIAN_POINT('',(182.,188.,659.867));
#11495 = CIRCLE('',#11496,1.7);
#11496 = AXIS2_PLACEMENT_3D('',#11497,#11498,#11499);
#11497 = CARTESIAN_POINT('',(182.,188.,658.167));
#11498 = DIRECTION('',(0.,1.,0.));
#11499 = DIRECTION('',(0.,0.,1.));
#11500 = PLANE('',#11501);
#11501 = AXIS2_PLACEMENT_3D('',#11502,#11503,#11504);
#11502 = CARTESIAN_POINT('',(153.,188.,676.167));
#11503 = DIRECTION('',(0.,1.,0.));
#11504 = DIRECTION('',(0.,0.,1.));
#11505 = ADVANCED_FACE('',(#11506),#11518,.T.);
#11506 = FACE_BOUND('',#11507,.T.);
#11507 = EDGE_LOOP('',(#11508,#11509,#11510,#11517));
#11508 = ORIENTED_EDGE('',*,*,#11470,.F.);
#11509 = ORIENTED_EDGE('',*,*,#11390,.F.);
#11510 = ORIENTED_EDGE('',*,*,#11511,.T.);
#11511 = EDGE_CURVE('',#11383,#11439,#11512,.T.);
#11512 = CIRCLE('',#11513,38.);
#11513 = AXIS2_PLACEMENT_3D('',#11514,#11515,#11516);
#11514 = CARTESIAN_POINT('',(153.,186.,676.167));
#11515 = DIRECTION('',(0.,1.,0.));
#11516 = DIRECTION('',(0.,0.,1.));
#11517 = ORIENTED_EDGE('',*,*,#11438,.T.);
#11518 = CYLINDRICAL_SURFACE('',#11519,38.);
#11519 = AXIS2_PLACEMENT_3D('',#11520,#11521,#11522);
#11520 = CARTESIAN_POINT('',(153.,186.,676.167));
#11521 = DIRECTION('',(0.,1.,0.));
#11522 = DIRECTION('',(0.,0.,1.));
#11523 = ADVANCED_FACE('',(#11524),#11543,.F.);
#11524 = FACE_BOUND('',#11525,.F.);
#11525 = EDGE_LOOP('',(#11526,#11527,#11535,#11542));
#11526 = ORIENTED_EDGE('',*,*,#11481,.F.);
#11527 = ORIENTED_EDGE('',*,*,#11528,.F.);
#11528 = EDGE_CURVE('',#11529,#11482,#11531,.T.);
#11529 = VERTEX_POINT('',#11530);
#11530 = CARTESIAN_POINT('',(124.,186.,659.867));
#11531 = LINE('',#11532,#11533);
#11532 = CARTESIAN_POINT('',(124.,186.,659.867));
#11533 = VECTOR('',#11534,1.);
#11534 = DIRECTION('',(0.,1.,0.));
#11535 = ORIENTED_EDGE('',*,*,#11536,.T.);
#11536 = EDGE_CURVE('',#11529,#11529,#11537,.T.);
#11537 = CIRCLE('',#11538,1.7);
#11538 = AXIS2_PLACEMENT_3D('',#11539,#11540,#11541);
#11539 = CARTESIAN_POINT('',(124.,186.,658.167));
#11540 = DIRECTION('',(0.,1.,0.));
#11541 = DIRECTION('',(0.,0.,1.));
#11542 = ORIENTED_EDGE('',*,*,#11528,.T.);
#11543 = CYLINDRICAL_SURFACE('',#11544,1.7);
#11544 = AXIS2_PLACEMENT_3D('',#11545,#11546,#11547);
#11545 = CARTESIAN_POINT('',(124.,186.,658.167));
#11546 = DIRECTION('',(0.,1.,0.));
#11547 = DIRECTION('',(0.,0.,1.));
#11548 = ADVANCED_FACE('',(#11549),#11568,.F.);
#11549 = FACE_BOUND('',#11550,.F.);
#11550 = EDGE_LOOP('',(#11551,#11552,#11560,#11567));
#11551 = ORIENTED_EDGE('',*,*,#11492,.F.);
#11552 = ORIENTED_EDGE('',*,*,#11553,.F.);
#11553 = EDGE_CURVE('',#11554,#11493,#11556,.T.);
#11554 = VERTEX_POINT('',#11555);
#11555 = CARTESIAN_POINT('',(182.,186.,659.867));
#11556 = LINE('',#11557,#11558);
#11557 = CARTESIAN_POINT('',(182.,186.,659.867));
#11558 = VECTOR('',#11559,1.);
#11559 = DIRECTION('',(0.,1.,0.));
#11560 = ORIENTED_EDGE('',*,*,#11561,.T.);
#11561 = EDGE_CURVE('',#11554,#11554,#11562,.T.);
#11562 = CIRCLE('',#11563,1.7);
#11563 = AXIS2_PLACEMENT_3D('',#11564,#11565,#11566);
#11564 = CARTESIAN_POINT('',(182.,186.,658.167));
#11565 = DIRECTION('',(0.,1.,0.));
#11566 = DIRECTION('',(0.,0.,1.));
#11567 = ORIENTED_EDGE('',*,*,#11553,.T.);
#11568 = CYLINDRICAL_SURFACE('',#11569,1.7);
#11569 = AXIS2_PLACEMENT_3D('',#11570,#11571,#11572);
#11570 = CARTESIAN_POINT('',(182.,186.,658.167));
#11571 = DIRECTION('',(0.,1.,0.));
#11572 = DIRECTION('',(0.,0.,1.));
#11573 = ADVANCED_FACE('',(#11574,#11586,#11589),#11592,.T.);
#11574 = FACE_BOUND('',#11575,.T.);
#11575 = EDGE_LOOP('',(#11576,#11577,#11584,#11585));
#11576 = ORIENTED_EDGE('',*,*,#11382,.F.);
#11577 = ORIENTED_EDGE('',*,*,#11578,.T.);
#11578 = EDGE_CURVE('',#11375,#11447,#11579,.T.);
#11579 = CIRCLE('',#11580,25.);
#11580 = AXIS2_PLACEMENT_3D('',#11581,#11582,#11583);
#11581 = CARTESIAN_POINT('',(153.,186.,676.167));
#11582 = DIRECTION('',(0.,1.,0.));
#11583 = DIRECTION('',(0.,0.,1.));
#11584 = ORIENTED_EDGE('',*,*,#11446,.F.);
#11585 = ORIENTED_EDGE('',*,*,#11511,.F.);
#11586 = FACE_BOUND('',#11587,.T.);
#11587 = EDGE_LOOP('',(#11588));
#11588 = ORIENTED_EDGE('',*,*,#11536,.T.);
#11589 = FACE_BOUND('',#11590,.T.);
#11590 = EDGE_LOOP('',(#11591));
#11591 = ORIENTED_EDGE('',*,*,#11561,.T.);
#11592 = PLANE('',#11593);
#11593 = AXIS2_PLACEMENT_3D('',#11594,#11595,#11596);
#11594 = CARTESIAN_POINT('',(153.,186.,659.25577245859));
#11595 = DIRECTION('',(-0.,-1.,-0.));
#11596 = DIRECTION('',(0.,0.,-1.));
#11597 = ADVANCED_FACE('',(#11598),#11604,.F.);
#11598 = FACE_BOUND('',#11599,.T.);
#11599 = EDGE_LOOP('',(#11600,#11601,#11602,#11603));
#11600 = ORIENTED_EDGE('',*,*,#11454,.F.);
#11601 = ORIENTED_EDGE('',*,*,#11578,.F.);
#11602 = ORIENTED_EDGE('',*,*,#11374,.T.);
#11603 = ORIENTED_EDGE('',*,*,#11414,.T.);
#11604 = CYLINDRICAL_SURFACE('',#11605,25.);
#11605 = AXIS2_PLACEMENT_3D('',#11606,#11607,#11608);
#11606 = CARTESIAN_POINT('',(153.,186.,676.167));
#11607 = DIRECTION('',(0.,1.,0.));
#11608 = DIRECTION('',(0.,0.,1.));
#11609 = MANIFOLD_SOLID_BREP('',#11610);
#11610 = CLOSED_SHELL('',(#11611,#11667,#11718,#11765,#11829,#11854,
    #11879,#11927,#11941,#11955));
#11611 = ADVANCED_FACE('',(#11612),#11662,.F.);
#11612 = FACE_BOUND('',#11613,.F.);
#11613 = EDGE_LOOP('',(#11614,#11624,#11632,#11640,#11648,#11656));
#11614 = ORIENTED_EDGE('',*,*,#11615,.T.);
#11615 = EDGE_CURVE('',#11616,#11618,#11620,.T.);
#11616 = VERTEX_POINT('',#11617);
#11617 = CARTESIAN_POINT('',(296.00520889859,413.,382.5));
#11618 = VERTEX_POINT('',#11619);
#11619 = CARTESIAN_POINT('',(296.00520889859,471.,382.5));
#11620 = LINE('',#11621,#11622);
#11621 = CARTESIAN_POINT('',(296.00520889859,413.,382.5));
#11622 = VECTOR('',#11623,1.);
#11623 = DIRECTION('',(0.,1.,0.));
#11624 = ORIENTED_EDGE('',*,*,#11625,.F.);
#11625 = EDGE_CURVE('',#11626,#11618,#11628,.T.);
#11626 = VERTEX_POINT('',#11627);
#11627 = CARTESIAN_POINT('',(282.00328961607,471.,382.5));
#11628 = LINE('',#11629,#11630);
#11629 = CARTESIAN_POINT('',(297.5,471.,382.5));
#11630 = VECTOR('',#11631,1.);
#11631 = DIRECTION('',(1.,0.,0.));
#11632 = ORIENTED_EDGE('',*,*,#11633,.F.);
#11633 = EDGE_CURVE('',#11634,#11626,#11636,.T.);
#11634 = VERTEX_POINT('',#11635);
#11635 = CARTESIAN_POINT('',(282.00328961607,469.,382.5));
#11636 = LINE('',#11637,#11638);
#11637 = CARTESIAN_POINT('',(282.00328961607,469.,382.5));
#11638 = VECTOR('',#11639,1.);
#11639 = DIRECTION('',(0.,1.,0.));
#11640 = ORIENTED_EDGE('',*,*,#11641,.T.);
#11641 = EDGE_CURVE('',#11634,#11642,#11644,.T.);
#11642 = VERTEX_POINT('',#11643);
#11643 = CARTESIAN_POINT('',(295.0050005001,469.,382.5));
#11644 = LINE('',#11645,#11646);
#11645 = CARTESIAN_POINT('',(297.5,469.,382.5));
#11646 = VECTOR('',#11647,1.);
#11647 = DIRECTION('',(1.,0.,0.));
#11648 = ORIENTED_EDGE('',*,*,#11649,.F.);
#11649 = EDGE_CURVE('',#11650,#11642,#11652,.T.);
#11650 = VERTEX_POINT('',#11651);
#11651 = CARTESIAN_POINT('',(295.0050005001,413.,382.5));
#11652 = LINE('',#11653,#11654);
#11653 = CARTESIAN_POINT('',(295.0050005001,413.,382.5));
#11654 = VECTOR('',#11655,1.);
#11655 = DIRECTION('',(0.,1.,0.));
#11656 = ORIENTED_EDGE('',*,*,#11657,.T.);
#11657 = EDGE_CURVE('',#11650,#11616,#11658,.T.);
#11658 = LINE('',#11659,#11660);
#11659 = CARTESIAN_POINT('',(297.5,413.,382.5));
#11660 = VECTOR('',#11661,1.);
#11661 = DIRECTION('',(1.,0.,0.));
#11662 = PLANE('',#11663);
#11663 = AXIS2_PLACEMENT_3D('',#11664,#11665,#11666);
#11664 = CARTESIAN_POINT('',(275.,412.,382.5));
#11665 = DIRECTION('',(0.,0.,1.));
#11666 = DIRECTION('',(1.,0.,0.));
#11667 = ADVANCED_FACE('',(#11668),#11713,.F.);
#11668 = FACE_BOUND('',#11669,.F.);
#11669 = EDGE_LOOP('',(#11670,#11679,#11688,#11696,#11705,#11712));
#11670 = ORIENTED_EDGE('',*,*,#11671,.T.);
#11671 = EDGE_CURVE('',#11650,#11672,#11674,.T.);
#11672 = VERTEX_POINT('',#11673);
#11673 = CARTESIAN_POINT('',(320.,413.,407.));
#11674 = CIRCLE('',#11675,25.);
#11675 = AXIS2_PLACEMENT_3D('',#11676,#11677,#11678);
#11676 = CARTESIAN_POINT('',(320.,413.,382.));
#11677 = DIRECTION('',(0.,1.,0.));
#11678 = DIRECTION('',(0.,0.,1.));
#11679 = ORIENTED_EDGE('',*,*,#11680,.T.);
#11680 = EDGE_CURVE('',#11672,#11681,#11683,.T.);
#11681 = VERTEX_POINT('',#11682);
#11682 = CARTESIAN_POINT('',(344.9949994999,413.,382.5));
#11683 = CIRCLE('',#11684,25.);
#11684 = AXIS2_PLACEMENT_3D('',#11685,#11686,#11687);
#11685 = CARTESIAN_POINT('',(320.,413.,382.));
#11686 = DIRECTION('',(0.,1.,0.));
#11687 = DIRECTION('',(0.,0.,1.));
#11688 = ORIENTED_EDGE('',*,*,#11689,.F.);
#11689 = EDGE_CURVE('',#11690,#11681,#11692,.T.);
#11690 = VERTEX_POINT('',#11691);
#11691 = CARTESIAN_POINT('',(343.9947911014,413.,382.5));
#11692 = LINE('',#11693,#11694);
#11693 = CARTESIAN_POINT('',(297.5,413.,382.5));
#11694 = VECTOR('',#11695,1.);
#11695 = DIRECTION('',(1.,0.,0.));
#11696 = ORIENTED_EDGE('',*,*,#11697,.F.);
#11697 = EDGE_CURVE('',#11698,#11690,#11700,.T.);
#11698 = VERTEX_POINT('',#11699);
#11699 = CARTESIAN_POINT('',(320.,413.,406.));
#11700 = CIRCLE('',#11701,24.);
#11701 = AXIS2_PLACEMENT_3D('',#11702,#11703,#11704);
#11702 = CARTESIAN_POINT('',(320.,413.,382.));
#11703 = DIRECTION('',(0.,1.,0.));
#11704 = DIRECTION('',(0.,0.,1.));
#11705 = ORIENTED_EDGE('',*,*,#11706,.F.);
#11706 = EDGE_CURVE('',#11616,#11698,#11707,.T.);
#11707 = CIRCLE('',#11708,24.);
#11708 = AXIS2_PLACEMENT_3D('',#11709,#11710,#11711);
#11709 = CARTESIAN_POINT('',(320.,413.,382.));
#11710 = DIRECTION('',(0.,1.,0.));
#11711 = DIRECTION('',(0.,0.,1.));
#11712 = ORIENTED_EDGE('',*,*,#11657,.F.);
#11713 = PLANE('',#11714);
#11714 = AXIS2_PLACEMENT_3D('',#11715,#11716,#11717);
#11715 = CARTESIAN_POINT('',(320.,413.,382.));
#11716 = DIRECTION('',(0.,1.,0.));
#11717 = DIRECTION('',(0.,0.,1.));
#11718 = ADVANCED_FACE('',(#11719),#11760,.F.);
#11719 = FACE_BOUND('',#11720,.F.);
#11720 = EDGE_LOOP('',(#11721,#11731,#11737,#11738,#11746,#11754));
#11721 = ORIENTED_EDGE('',*,*,#11722,.F.);
#11722 = EDGE_CURVE('',#11723,#11725,#11727,.T.);
#11723 = VERTEX_POINT('',#11724);
#11724 = CARTESIAN_POINT('',(343.9947911014,471.,382.5));
#11725 = VERTEX_POINT('',#11726);
#11726 = CARTESIAN_POINT('',(357.99671038392,471.,382.5));
#11727 = LINE('',#11728,#11729);
#11728 = CARTESIAN_POINT('',(297.5,471.,382.5));
#11729 = VECTOR('',#11730,1.);
#11730 = DIRECTION('',(1.,0.,0.));
#11731 = ORIENTED_EDGE('',*,*,#11732,.F.);
#11732 = EDGE_CURVE('',#11690,#11723,#11733,.T.);
#11733 = LINE('',#11734,#11735);
#11734 = CARTESIAN_POINT('',(343.9947911014,413.,382.5));
#11735 = VECTOR('',#11736,1.);
#11736 = DIRECTION('',(0.,1.,0.));
#11737 = ORIENTED_EDGE('',*,*,#11689,.T.);
#11738 = ORIENTED_EDGE('',*,*,#11739,.T.);
#11739 = EDGE_CURVE('',#11681,#11740,#11742,.T.);
#11740 = VERTEX_POINT('',#11741);
#11741 = CARTESIAN_POINT('',(344.9949994999,469.,382.5));
#11742 = LINE('',#11743,#11744);
#11743 = CARTESIAN_POINT('',(344.9949994999,413.,382.5));
#11744 = VECTOR('',#11745,1.);
#11745 = DIRECTION('',(0.,1.,0.));
#11746 = ORIENTED_EDGE('',*,*,#11747,.T.);
#11747 = EDGE_CURVE('',#11740,#11748,#11750,.T.);
#11748 = VERTEX_POINT('',#11749);
#11749 = CARTESIAN_POINT('',(357.99671038392,469.,382.5));
#11750 = LINE('',#11751,#11752);
#11751 = CARTESIAN_POINT('',(297.5,469.,382.5));
#11752 = VECTOR('',#11753,1.);
#11753 = DIRECTION('',(1.,0.,0.));
#11754 = ORIENTED_EDGE('',*,*,#11755,.T.);
#11755 = EDGE_CURVE('',#11748,#11725,#11756,.T.);
#11756 = LINE('',#11757,#11758);
#11757 = CARTESIAN_POINT('',(357.99671038392,469.,382.5));
#11758 = VECTOR('',#11759,1.);
#11759 = DIRECTION('',(0.,1.,0.));
#11760 = PLANE('',#11761);
#11761 = AXIS2_PLACEMENT_3D('',#11762,#11763,#11764);
#11762 = CARTESIAN_POINT('',(275.,412.,382.5));
#11763 = DIRECTION('',(0.,0.,1.));
#11764 = DIRECTION('',(1.,0.,0.));
#11765 = ADVANCED_FACE('',(#11766,#11802,#11813),#11824,.F.);
#11766 = FACE_BOUND('',#11767,.F.);
#11767 = EDGE_LOOP('',(#11768,#11777,#11784,#11785,#11794,#11801));
#11768 = ORIENTED_EDGE('',*,*,#11769,.T.);
#11769 = EDGE_CURVE('',#11634,#11770,#11772,.T.);
#11770 = VERTEX_POINT('',#11771);
#11771 = CARTESIAN_POINT('',(320.,469.,420.));
#11772 = CIRCLE('',#11773,38.);
#11773 = AXIS2_PLACEMENT_3D('',#11774,#11775,#11776);
#11774 = CARTESIAN_POINT('',(320.,469.,382.));
#11775 = DIRECTION('',(0.,1.,0.));
#11776 = DIRECTION('',(0.,0.,1.));
#11777 = ORIENTED_EDGE('',*,*,#11778,.T.);
#11778 = EDGE_CURVE('',#11770,#11748,#11779,.T.);
#11779 = CIRCLE('',#11780,38.);
#11780 = AXIS2_PLACEMENT_3D('',#11781,#11782,#11783);
#11781 = CARTESIAN_POINT('',(320.,469.,382.));
#11782 = DIRECTION('',(0.,1.,0.));
#11783 = DIRECTION('',(0.,0.,1.));
#11784 = ORIENTED_EDGE('',*,*,#11747,.F.);
#11785 = ORIENTED_EDGE('',*,*,#11786,.F.);
#11786 = EDGE_CURVE('',#11787,#11740,#11789,.T.);
#11787 = VERTEX_POINT('',#11788);
#11788 = CARTESIAN_POINT('',(320.,469.,407.));
#11789 = CIRCLE('',#11790,25.);
#11790 = AXIS2_PLACEMENT_3D('',#11791,#11792,#11793);
#11791 = CARTESIAN_POINT('',(320.,469.,382.));
#11792 = DIRECTION('',(0.,1.,0.));
#11793 = DIRECTION('',(0.,0.,1.));
#11794 = ORIENTED_EDGE('',*,*,#11795,.F.);
#11795 = EDGE_CURVE('',#11642,#11787,#11796,.T.);
#11796 = CIRCLE('',#11797,25.);
#11797 = AXIS2_PLACEMENT_3D('',#11798,#11799,#11800);
#11798 = CARTESIAN_POINT('',(320.,469.,382.));
#11799 = DIRECTION('',(0.,1.,0.));
#11800 = DIRECTION('',(0.,0.,1.));
#11801 = ORIENTED_EDGE('',*,*,#11641,.F.);
#11802 = FACE_BOUND('',#11803,.F.);
#11803 = EDGE_LOOP('',(#11804));
#11804 = ORIENTED_EDGE('',*,*,#11805,.F.);
#11805 = EDGE_CURVE('',#11806,#11806,#11808,.T.);
#11806 = VERTEX_POINT('',#11807);
#11807 = CARTESIAN_POINT('',(302.,469.,412.7));
#11808 = CIRCLE('',#11809,1.7);
#11809 = AXIS2_PLACEMENT_3D('',#11810,#11811,#11812);
#11810 = CARTESIAN_POINT('',(302.,469.,411.));
#11811 = DIRECTION('',(0.,1.,0.));
#11812 = DIRECTION('',(0.,0.,1.));
#11813 = FACE_BOUND('',#11814,.F.);
#11814 = EDGE_LOOP('',(#11815));
#11815 = ORIENTED_EDGE('',*,*,#11816,.F.);
#11816 = EDGE_CURVE('',#11817,#11817,#11819,.T.);
#11817 = VERTEX_POINT('',#11818);
#11818 = CARTESIAN_POINT('',(338.,469.,412.7));
#11819 = CIRCLE('',#11820,1.7);
#11820 = AXIS2_PLACEMENT_3D('',#11821,#11822,#11823);
#11821 = CARTESIAN_POINT('',(338.,469.,411.));
#11822 = DIRECTION('',(0.,1.,0.));
#11823 = DIRECTION('',(0.,0.,1.));
#11824 = PLANE('',#11825);
#11825 = AXIS2_PLACEMENT_3D('',#11826,#11827,#11828);
#11826 = CARTESIAN_POINT('',(320.,469.,382.));
#11827 = DIRECTION('',(0.,1.,0.));
#11828 = DIRECTION('',(0.,0.,1.));
#11829 = ADVANCED_FACE('',(#11830),#11849,.F.);
#11830 = FACE_BOUND('',#11831,.F.);
#11831 = EDGE_LOOP('',(#11832,#11841,#11847,#11848));
#11832 = ORIENTED_EDGE('',*,*,#11833,.F.);
#11833 = EDGE_CURVE('',#11834,#11834,#11836,.T.);
#11834 = VERTEX_POINT('',#11835);
#11835 = CARTESIAN_POINT('',(302.,471.,412.7));
#11836 = CIRCLE('',#11837,1.7);
#11837 = AXIS2_PLACEMENT_3D('',#11838,#11839,#11840);
#11838 = CARTESIAN_POINT('',(302.,471.,411.));
#11839 = DIRECTION('',(0.,1.,0.));
#11840 = DIRECTION('',(0.,0.,1.));
#11841 = ORIENTED_EDGE('',*,*,#11842,.F.);
#11842 = EDGE_CURVE('',#11806,#11834,#11843,.T.);
#11843 = LINE('',#11844,#11845);
#11844 = CARTESIAN_POINT('',(302.,469.,412.7));
#11845 = VECTOR('',#11846,1.);
#11846 = DIRECTION('',(0.,1.,0.));
#11847 = ORIENTED_EDGE('',*,*,#11805,.T.);
#11848 = ORIENTED_EDGE('',*,*,#11842,.T.);
#11849 = CYLINDRICAL_SURFACE('',#11850,1.7);
#11850 = AXIS2_PLACEMENT_3D('',#11851,#11852,#11853);
#11851 = CARTESIAN_POINT('',(302.,469.,411.));
#11852 = DIRECTION('',(0.,1.,0.));
#11853 = DIRECTION('',(0.,0.,1.));
#11854 = ADVANCED_FACE('',(#11855),#11874,.F.);
#11855 = FACE_BOUND('',#11856,.F.);
#11856 = EDGE_LOOP('',(#11857,#11866,#11872,#11873));
#11857 = ORIENTED_EDGE('',*,*,#11858,.F.);
#11858 = EDGE_CURVE('',#11859,#11859,#11861,.T.);
#11859 = VERTEX_POINT('',#11860);
#11860 = CARTESIAN_POINT('',(338.,471.,412.7));
#11861 = CIRCLE('',#11862,1.7);
#11862 = AXIS2_PLACEMENT_3D('',#11863,#11864,#11865);
#11863 = CARTESIAN_POINT('',(338.,471.,411.));
#11864 = DIRECTION('',(0.,1.,0.));
#11865 = DIRECTION('',(0.,0.,1.));
#11866 = ORIENTED_EDGE('',*,*,#11867,.F.);
#11867 = EDGE_CURVE('',#11817,#11859,#11868,.T.);
#11868 = LINE('',#11869,#11870);
#11869 = CARTESIAN_POINT('',(338.,469.,412.7));
#11870 = VECTOR('',#11871,1.);
#11871 = DIRECTION('',(0.,1.,0.));
#11872 = ORIENTED_EDGE('',*,*,#11816,.T.);
#11873 = ORIENTED_EDGE('',*,*,#11867,.T.);
#11874 = CYLINDRICAL_SURFACE('',#11875,1.7);
#11875 = AXIS2_PLACEMENT_3D('',#11876,#11877,#11878);
#11876 = CARTESIAN_POINT('',(338.,469.,411.));
#11877 = DIRECTION('',(0.,1.,0.));
#11878 = DIRECTION('',(0.,0.,1.));
#11879 = ADVANCED_FACE('',(#11880,#11916,#11919),#11922,.T.);
#11880 = FACE_BOUND('',#11881,.T.);
#11881 = EDGE_LOOP('',(#11882,#11883,#11892,#11899,#11900,#11909));
#11882 = ORIENTED_EDGE('',*,*,#11625,.F.);
#11883 = ORIENTED_EDGE('',*,*,#11884,.T.);
#11884 = EDGE_CURVE('',#11626,#11885,#11887,.T.);
#11885 = VERTEX_POINT('',#11886);
#11886 = CARTESIAN_POINT('',(320.,471.,420.));
#11887 = CIRCLE('',#11888,38.);
#11888 = AXIS2_PLACEMENT_3D('',#11889,#11890,#11891);
#11889 = CARTESIAN_POINT('',(320.,471.,382.));
#11890 = DIRECTION('',(0.,1.,0.));
#11891 = DIRECTION('',(0.,0.,1.));
#11892 = ORIENTED_EDGE('',*,*,#11893,.T.);
#11893 = EDGE_CURVE('',#11885,#11725,#11894,.T.);
#11894 = CIRCLE('',#11895,38.);
#11895 = AXIS2_PLACEMENT_3D('',#11896,#11897,#11898);
#11896 = CARTESIAN_POINT('',(320.,471.,382.));
#11897 = DIRECTION('',(0.,1.,0.));
#11898 = DIRECTION('',(0.,0.,1.));
#11899 = ORIENTED_EDGE('',*,*,#11722,.F.);
#11900 = ORIENTED_EDGE('',*,*,#11901,.F.);
#11901 = EDGE_CURVE('',#11902,#11723,#11904,.T.);
#11902 = VERTEX_POINT('',#11903);
#11903 = CARTESIAN_POINT('',(320.,471.,406.));
#11904 = CIRCLE('',#11905,24.);
#11905 = AXIS2_PLACEMENT_3D('',#11906,#11907,#11908);
#11906 = CARTESIAN_POINT('',(320.,471.,382.));
#11907 = DIRECTION('',(0.,1.,0.));
#11908 = DIRECTION('',(0.,0.,1.));
#11909 = ORIENTED_EDGE('',*,*,#11910,.F.);
#11910 = EDGE_CURVE('',#11618,#11902,#11911,.T.);
#11911 = CIRCLE('',#11912,24.);
#11912 = AXIS2_PLACEMENT_3D('',#11913,#11914,#11915);
#11913 = CARTESIAN_POINT('',(320.,471.,382.));
#11914 = DIRECTION('',(0.,1.,0.));
#11915 = DIRECTION('',(0.,0.,1.));
#11916 = FACE_BOUND('',#11917,.T.);
#11917 = EDGE_LOOP('',(#11918));
#11918 = ORIENTED_EDGE('',*,*,#11833,.F.);
#11919 = FACE_BOUND('',#11920,.T.);
#11920 = EDGE_LOOP('',(#11921));
#11921 = ORIENTED_EDGE('',*,*,#11858,.F.);
#11922 = PLANE('',#11923);
#11923 = AXIS2_PLACEMENT_3D('',#11924,#11925,#11926);
#11924 = CARTESIAN_POINT('',(320.,471.,399.92285937819));
#11925 = DIRECTION('',(0.,1.,0.));
#11926 = DIRECTION('',(0.,0.,1.));
#11927 = ADVANCED_FACE('',(#11928),#11936,.F.);
#11928 = FACE_BOUND('',#11929,.F.);
#11929 = EDGE_LOOP('',(#11930,#11931,#11932,#11933,#11934,#11935));
#11930 = ORIENTED_EDGE('',*,*,#11901,.F.);
#11931 = ORIENTED_EDGE('',*,*,#11910,.F.);
#11932 = ORIENTED_EDGE('',*,*,#11615,.F.);
#11933 = ORIENTED_EDGE('',*,*,#11706,.T.);
#11934 = ORIENTED_EDGE('',*,*,#11697,.T.);
#11935 = ORIENTED_EDGE('',*,*,#11732,.T.);
#11936 = CYLINDRICAL_SURFACE('',#11937,24.);
#11937 = AXIS2_PLACEMENT_3D('',#11938,#11939,#11940);
#11938 = CARTESIAN_POINT('',(320.,413.,382.));
#11939 = DIRECTION('',(0.,1.,0.));
#11940 = DIRECTION('',(0.,0.,1.));
#11941 = ADVANCED_FACE('',(#11942),#11950,.T.);
#11942 = FACE_BOUND('',#11943,.T.);
#11943 = EDGE_LOOP('',(#11944,#11945,#11946,#11947,#11948,#11949));
#11944 = ORIENTED_EDGE('',*,*,#11778,.T.);
#11945 = ORIENTED_EDGE('',*,*,#11755,.T.);
#11946 = ORIENTED_EDGE('',*,*,#11893,.F.);
#11947 = ORIENTED_EDGE('',*,*,#11884,.F.);
#11948 = ORIENTED_EDGE('',*,*,#11633,.F.);
#11949 = ORIENTED_EDGE('',*,*,#11769,.T.);
#11950 = CYLINDRICAL_SURFACE('',#11951,38.);
#11951 = AXIS2_PLACEMENT_3D('',#11952,#11953,#11954);
#11952 = CARTESIAN_POINT('',(320.,469.,382.));
#11953 = DIRECTION('',(0.,1.,0.));
#11954 = DIRECTION('',(0.,0.,1.));
#11955 = ADVANCED_FACE('',(#11956),#11964,.T.);
#11956 = FACE_BOUND('',#11957,.T.);
#11957 = EDGE_LOOP('',(#11958,#11959,#11960,#11961,#11962,#11963));
#11958 = ORIENTED_EDGE('',*,*,#11680,.T.);
#11959 = ORIENTED_EDGE('',*,*,#11739,.T.);
#11960 = ORIENTED_EDGE('',*,*,#11786,.F.);
#11961 = ORIENTED_EDGE('',*,*,#11795,.F.);
#11962 = ORIENTED_EDGE('',*,*,#11649,.F.);
#11963 = ORIENTED_EDGE('',*,*,#11671,.T.);
#11964 = CYLINDRICAL_SURFACE('',#11965,25.);
#11965 = AXIS2_PLACEMENT_3D('',#11966,#11967,#11968);
#11966 = CARTESIAN_POINT('',(320.,413.,382.));
#11967 = DIRECTION('',(0.,1.,0.));
#11968 = DIRECTION('',(0.,0.,1.));
#11969 = MANIFOLD_SOLID_BREP('',#11970);
#11970 = CLOSED_SHELL('',(#11971,#12027,#12060,#12107,#12147,#12165,
    #12183,#12208,#12233,#12257));
#11971 = ADVANCED_FACE('',(#11972),#12022,.T.);
#11972 = FACE_BOUND('',#11973,.T.);
#11973 = EDGE_LOOP('',(#11974,#11984,#11992,#12000,#12008,#12016));
#11974 = ORIENTED_EDGE('',*,*,#11975,.F.);
#11975 = EDGE_CURVE('',#11976,#11978,#11980,.T.);
#11976 = VERTEX_POINT('',#11977);
#11977 = CARTESIAN_POINT('',(282.00328961607,471.,381.5));
#11978 = VERTEX_POINT('',#11979);
#11979 = CARTESIAN_POINT('',(296.00520889859,471.,381.5));
#11980 = LINE('',#11981,#11982);
#11981 = CARTESIAN_POINT('',(297.5,471.,381.5));
#11982 = VECTOR('',#11983,1.);
#11983 = DIRECTION('',(1.,0.,0.));
#11984 = ORIENTED_EDGE('',*,*,#11985,.F.);
#11985 = EDGE_CURVE('',#11986,#11976,#11988,.T.);
#11986 = VERTEX_POINT('',#11987);
#11987 = CARTESIAN_POINT('',(282.00328961607,469.,381.5));
#11988 = LINE('',#11989,#11990);
#11989 = CARTESIAN_POINT('',(282.00328961607,469.,381.5));
#11990 = VECTOR('',#11991,1.);
#11991 = DIRECTION('',(0.,1.,0.));
#11992 = ORIENTED_EDGE('',*,*,#11993,.T.);
#11993 = EDGE_CURVE('',#11986,#11994,#11996,.T.);
#11994 = VERTEX_POINT('',#11995);
#11995 = CARTESIAN_POINT('',(295.0050005001,469.,381.5));
#11996 = LINE('',#11997,#11998);
#11997 = CARTESIAN_POINT('',(297.5,469.,381.5));
#11998 = VECTOR('',#11999,1.);
#11999 = DIRECTION('',(1.,0.,0.));
#12000 = ORIENTED_EDGE('',*,*,#12001,.F.);
#12001 = EDGE_CURVE('',#12002,#11994,#12004,.T.);
#12002 = VERTEX_POINT('',#12003);
#12003 = CARTESIAN_POINT('',(295.0050005001,413.,381.5));
#12004 = LINE('',#12005,#12006);
#12005 = CARTESIAN_POINT('',(295.0050005001,413.,381.5));
#12006 = VECTOR('',#12007,1.);
#12007 = DIRECTION('',(0.,1.,0.));
#12008 = ORIENTED_EDGE('',*,*,#12009,.T.);
#12009 = EDGE_CURVE('',#12002,#12010,#12012,.T.);
#12010 = VERTEX_POINT('',#12011);
#12011 = CARTESIAN_POINT('',(296.00520889859,413.,381.5));
#12012 = LINE('',#12013,#12014);
#12013 = CARTESIAN_POINT('',(297.5,413.,381.5));
#12014 = VECTOR('',#12015,1.);
#12015 = DIRECTION('',(1.,0.,0.));
#12016 = ORIENTED_EDGE('',*,*,#12017,.T.);
#12017 = EDGE_CURVE('',#12010,#11978,#12018,.T.);
#12018 = LINE('',#12019,#12020);
#12019 = CARTESIAN_POINT('',(296.00520889859,413.,381.5));
#12020 = VECTOR('',#12021,1.);
#12021 = DIRECTION('',(0.,1.,0.));
#12022 = PLANE('',#12023);
#12023 = AXIS2_PLACEMENT_3D('',#12024,#12025,#12026);
#12024 = CARTESIAN_POINT('',(275.,412.,381.5));
#12025 = DIRECTION('',(0.,0.,1.));
#12026 = DIRECTION('',(1.,0.,0.));
#12027 = ADVANCED_FACE('',(#12028),#12055,.T.);
#12028 = FACE_BOUND('',#12029,.T.);
#12029 = EDGE_LOOP('',(#12030,#12039,#12047,#12054));
#12030 = ORIENTED_EDGE('',*,*,#12031,.F.);
#12031 = EDGE_CURVE('',#12032,#11976,#12034,.T.);
#12032 = VERTEX_POINT('',#12033);
#12033 = CARTESIAN_POINT('',(357.99671038392,471.,381.5));
#12034 = CIRCLE('',#12035,38.);
#12035 = AXIS2_PLACEMENT_3D('',#12036,#12037,#12038);
#12036 = CARTESIAN_POINT('',(320.,471.,382.));
#12037 = DIRECTION('',(0.,1.,0.));
#12038 = DIRECTION('',(0.,0.,1.));
#12039 = ORIENTED_EDGE('',*,*,#12040,.F.);
#12040 = EDGE_CURVE('',#12041,#12032,#12043,.T.);
#12041 = VERTEX_POINT('',#12042);
#12042 = CARTESIAN_POINT('',(357.99671038392,469.,381.5));
#12043 = LINE('',#12044,#12045);
#12044 = CARTESIAN_POINT('',(357.99671038392,469.,381.5));
#12045 = VECTOR('',#12046,1.);
#12046 = DIRECTION('',(0.,1.,0.));
#12047 = ORIENTED_EDGE('',*,*,#12048,.T.);
#12048 = EDGE_CURVE('',#12041,#11986,#12049,.T.);
#12049 = CIRCLE('',#12050,38.);
#12050 = AXIS2_PLACEMENT_3D('',#12051,#12052,#12053);
#12051 = CARTESIAN_POINT('',(320.,469.,382.));
#12052 = DIRECTION('',(0.,1.,0.));
#12053 = DIRECTION('',(0.,0.,1.));
#12054 = ORIENTED_EDGE('',*,*,#11985,.T.);
#12055 = CYLINDRICAL_SURFACE('',#12056,38.);
#12056 = AXIS2_PLACEMENT_3D('',#12057,#12058,#12059);
#12057 = CARTESIAN_POINT('',(320.,469.,382.));
#12058 = DIRECTION('',(0.,1.,0.));
#12059 = DIRECTION('',(0.,0.,1.));
#12060 = ADVANCED_FACE('',(#12061),#12102,.T.);
#12061 = FACE_BOUND('',#12062,.T.);
#12062 = EDGE_LOOP('',(#12063,#12071,#12079,#12087,#12095,#12101));
#12063 = ORIENTED_EDGE('',*,*,#12064,.F.);
#12064 = EDGE_CURVE('',#12065,#12032,#12067,.T.);
#12065 = VERTEX_POINT('',#12066);
#12066 = CARTESIAN_POINT('',(343.9947911014,471.,381.5));
#12067 = LINE('',#12068,#12069);
#12068 = CARTESIAN_POINT('',(297.5,471.,381.5));
#12069 = VECTOR('',#12070,1.);
#12070 = DIRECTION('',(1.,0.,0.));
#12071 = ORIENTED_EDGE('',*,*,#12072,.F.);
#12072 = EDGE_CURVE('',#12073,#12065,#12075,.T.);
#12073 = VERTEX_POINT('',#12074);
#12074 = CARTESIAN_POINT('',(343.9947911014,413.,381.5));
#12075 = LINE('',#12076,#12077);
#12076 = CARTESIAN_POINT('',(343.9947911014,413.,381.5));
#12077 = VECTOR('',#12078,1.);
#12078 = DIRECTION('',(0.,1.,0.));
#12079 = ORIENTED_EDGE('',*,*,#12080,.T.);
#12080 = EDGE_CURVE('',#12073,#12081,#12083,.T.);
#12081 = VERTEX_POINT('',#12082);
#12082 = CARTESIAN_POINT('',(344.9949994999,413.,381.5));
#12083 = LINE('',#12084,#12085);
#12084 = CARTESIAN_POINT('',(297.5,413.,381.5));
#12085 = VECTOR('',#12086,1.);
#12086 = DIRECTION('',(1.,0.,0.));
#12087 = ORIENTED_EDGE('',*,*,#12088,.T.);
#12088 = EDGE_CURVE('',#12081,#12089,#12091,.T.);
#12089 = VERTEX_POINT('',#12090);
#12090 = CARTESIAN_POINT('',(344.9949994999,469.,381.5));
#12091 = LINE('',#12092,#12093);
#12092 = CARTESIAN_POINT('',(344.9949994999,413.,381.5));
#12093 = VECTOR('',#12094,1.);
#12094 = DIRECTION('',(0.,1.,0.));
#12095 = ORIENTED_EDGE('',*,*,#12096,.T.);
#12096 = EDGE_CURVE('',#12089,#12041,#12097,.T.);
#12097 = LINE('',#12098,#12099);
#12098 = CARTESIAN_POINT('',(297.5,469.,381.5));
#12099 = VECTOR('',#12100,1.);
#12100 = DIRECTION('',(1.,0.,0.));
#12101 = ORIENTED_EDGE('',*,*,#12040,.T.);
#12102 = PLANE('',#12103);
#12103 = AXIS2_PLACEMENT_3D('',#12104,#12105,#12106);
#12104 = CARTESIAN_POINT('',(275.,412.,381.5));
#12105 = DIRECTION('',(0.,0.,1.));
#12106 = DIRECTION('',(1.,0.,0.));
#12107 = ADVANCED_FACE('',(#12108,#12120,#12131),#12142,.F.);
#12108 = FACE_BOUND('',#12109,.F.);
#12109 = EDGE_LOOP('',(#12110,#12111,#12112,#12113));
#12110 = ORIENTED_EDGE('',*,*,#12096,.T.);
#12111 = ORIENTED_EDGE('',*,*,#12048,.T.);
#12112 = ORIENTED_EDGE('',*,*,#11993,.T.);
#12113 = ORIENTED_EDGE('',*,*,#12114,.F.);
#12114 = EDGE_CURVE('',#12089,#11994,#12115,.T.);
#12115 = CIRCLE('',#12116,25.);
#12116 = AXIS2_PLACEMENT_3D('',#12117,#12118,#12119);
#12117 = CARTESIAN_POINT('',(320.,469.,382.));
#12118 = DIRECTION('',(0.,1.,0.));
#12119 = DIRECTION('',(0.,0.,1.));
#12120 = FACE_BOUND('',#12121,.F.);
#12121 = EDGE_LOOP('',(#12122));
#12122 = ORIENTED_EDGE('',*,*,#12123,.F.);
#12123 = EDGE_CURVE('',#12124,#12124,#12126,.T.);
#12124 = VERTEX_POINT('',#12125);
#12125 = CARTESIAN_POINT('',(302.,469.,354.7));
#12126 = CIRCLE('',#12127,1.7);
#12127 = AXIS2_PLACEMENT_3D('',#12128,#12129,#12130);
#12128 = CARTESIAN_POINT('',(302.,469.,353.));
#12129 = DIRECTION('',(0.,1.,0.));
#12130 = DIRECTION('',(0.,0.,1.));
#12131 = FACE_BOUND('',#12132,.F.);
#12132 = EDGE_LOOP('',(#12133));
#12133 = ORIENTED_EDGE('',*,*,#12134,.F.);
#12134 = EDGE_CURVE('',#12135,#12135,#12137,.T.);
#12135 = VERTEX_POINT('',#12136);
#12136 = CARTESIAN_POINT('',(338.,469.,354.7));
#12137 = CIRCLE('',#12138,1.7);
#12138 = AXIS2_PLACEMENT_3D('',#12139,#12140,#12141);
#12139 = CARTESIAN_POINT('',(338.,469.,353.));
#12140 = DIRECTION('',(0.,1.,0.));
#12141 = DIRECTION('',(0.,0.,1.));
#12142 = PLANE('',#12143);
#12143 = AXIS2_PLACEMENT_3D('',#12144,#12145,#12146);
#12144 = CARTESIAN_POINT('',(320.,469.,382.));
#12145 = DIRECTION('',(0.,1.,0.));
#12146 = DIRECTION('',(0.,0.,1.));
#12147 = ADVANCED_FACE('',(#12148),#12160,.T.);
#12148 = FACE_BOUND('',#12149,.T.);
#12149 = EDGE_LOOP('',(#12150,#12151,#12152,#12159));
#12150 = ORIENTED_EDGE('',*,*,#12114,.F.);
#12151 = ORIENTED_EDGE('',*,*,#12088,.F.);
#12152 = ORIENTED_EDGE('',*,*,#12153,.T.);
#12153 = EDGE_CURVE('',#12081,#12002,#12154,.T.);
#12154 = CIRCLE('',#12155,25.);
#12155 = AXIS2_PLACEMENT_3D('',#12156,#12157,#12158);
#12156 = CARTESIAN_POINT('',(320.,413.,382.));
#12157 = DIRECTION('',(0.,1.,0.));
#12158 = DIRECTION('',(0.,0.,1.));
#12159 = ORIENTED_EDGE('',*,*,#12001,.T.);
#12160 = CYLINDRICAL_SURFACE('',#12161,25.);
#12161 = AXIS2_PLACEMENT_3D('',#12162,#12163,#12164);
#12162 = CARTESIAN_POINT('',(320.,413.,382.));
#12163 = DIRECTION('',(0.,1.,0.));
#12164 = DIRECTION('',(0.,0.,1.));
#12165 = ADVANCED_FACE('',(#12166),#12178,.F.);
#12166 = FACE_BOUND('',#12167,.F.);
#12167 = EDGE_LOOP('',(#12168,#12169,#12170,#12171));
#12168 = ORIENTED_EDGE('',*,*,#12080,.T.);
#12169 = ORIENTED_EDGE('',*,*,#12153,.T.);
#12170 = ORIENTED_EDGE('',*,*,#12009,.T.);
#12171 = ORIENTED_EDGE('',*,*,#12172,.F.);
#12172 = EDGE_CURVE('',#12073,#12010,#12173,.T.);
#12173 = CIRCLE('',#12174,24.);
#12174 = AXIS2_PLACEMENT_3D('',#12175,#12176,#12177);
#12175 = CARTESIAN_POINT('',(320.,413.,382.));
#12176 = DIRECTION('',(0.,1.,0.));
#12177 = DIRECTION('',(0.,0.,1.));
#12178 = PLANE('',#12179);
#12179 = AXIS2_PLACEMENT_3D('',#12180,#12181,#12182);
#12180 = CARTESIAN_POINT('',(320.,413.,382.));
#12181 = DIRECTION('',(0.,1.,0.));
#12182 = DIRECTION('',(0.,0.,1.));
#12183 = ADVANCED_FACE('',(#12184),#12203,.F.);
#12184 = FACE_BOUND('',#12185,.F.);
#12185 = EDGE_LOOP('',(#12186,#12195,#12201,#12202));
#12186 = ORIENTED_EDGE('',*,*,#12187,.F.);
#12187 = EDGE_CURVE('',#12188,#12188,#12190,.T.);
#12188 = VERTEX_POINT('',#12189);
#12189 = CARTESIAN_POINT('',(302.,471.,354.7));
#12190 = CIRCLE('',#12191,1.7);
#12191 = AXIS2_PLACEMENT_3D('',#12192,#12193,#12194);
#12192 = CARTESIAN_POINT('',(302.,471.,353.));
#12193 = DIRECTION('',(0.,1.,0.));
#12194 = DIRECTION('',(0.,0.,1.));
#12195 = ORIENTED_EDGE('',*,*,#12196,.F.);
#12196 = EDGE_CURVE('',#12124,#12188,#12197,.T.);
#12197 = LINE('',#12198,#12199);
#12198 = CARTESIAN_POINT('',(302.,469.,354.7));
#12199 = VECTOR('',#12200,1.);
#12200 = DIRECTION('',(0.,1.,0.));
#12201 = ORIENTED_EDGE('',*,*,#12123,.T.);
#12202 = ORIENTED_EDGE('',*,*,#12196,.T.);
#12203 = CYLINDRICAL_SURFACE('',#12204,1.7);
#12204 = AXIS2_PLACEMENT_3D('',#12205,#12206,#12207);
#12205 = CARTESIAN_POINT('',(302.,469.,353.));
#12206 = DIRECTION('',(0.,1.,0.));
#12207 = DIRECTION('',(0.,0.,1.));
#12208 = ADVANCED_FACE('',(#12209),#12228,.F.);
#12209 = FACE_BOUND('',#12210,.F.);
#12210 = EDGE_LOOP('',(#12211,#12220,#12226,#12227));
#12211 = ORIENTED_EDGE('',*,*,#12212,.F.);
#12212 = EDGE_CURVE('',#12213,#12213,#12215,.T.);
#12213 = VERTEX_POINT('',#12214);
#12214 = CARTESIAN_POINT('',(338.,471.,354.7));
#12215 = CIRCLE('',#12216,1.7);
#12216 = AXIS2_PLACEMENT_3D('',#12217,#12218,#12219);
#12217 = CARTESIAN_POINT('',(338.,471.,353.));
#12218 = DIRECTION('',(0.,1.,0.));
#12219 = DIRECTION('',(0.,0.,1.));
#12220 = ORIENTED_EDGE('',*,*,#12221,.F.);
#12221 = EDGE_CURVE('',#12135,#12213,#12222,.T.);
#12222 = LINE('',#12223,#12224);
#12223 = CARTESIAN_POINT('',(338.,469.,354.7));
#12224 = VECTOR('',#12225,1.);
#12225 = DIRECTION('',(0.,1.,0.));
#12226 = ORIENTED_EDGE('',*,*,#12134,.T.);
#12227 = ORIENTED_EDGE('',*,*,#12221,.T.);
#12228 = CYLINDRICAL_SURFACE('',#12229,1.7);
#12229 = AXIS2_PLACEMENT_3D('',#12230,#12231,#12232);
#12230 = CARTESIAN_POINT('',(338.,469.,353.));
#12231 = DIRECTION('',(0.,1.,0.));
#12232 = DIRECTION('',(0.,0.,1.));
#12233 = ADVANCED_FACE('',(#12234,#12246,#12249),#12252,.T.);
#12234 = FACE_BOUND('',#12235,.T.);
#12235 = EDGE_LOOP('',(#12236,#12237,#12238,#12239));
#12236 = ORIENTED_EDGE('',*,*,#12064,.T.);
#12237 = ORIENTED_EDGE('',*,*,#12031,.T.);
#12238 = ORIENTED_EDGE('',*,*,#11975,.T.);
#12239 = ORIENTED_EDGE('',*,*,#12240,.F.);
#12240 = EDGE_CURVE('',#12065,#11978,#12241,.T.);
#12241 = CIRCLE('',#12242,24.);
#12242 = AXIS2_PLACEMENT_3D('',#12243,#12244,#12245);
#12243 = CARTESIAN_POINT('',(320.,471.,382.));
#12244 = DIRECTION('',(0.,1.,0.));
#12245 = DIRECTION('',(0.,0.,1.));
#12246 = FACE_BOUND('',#12247,.T.);
#12247 = EDGE_LOOP('',(#12248));
#12248 = ORIENTED_EDGE('',*,*,#12187,.F.);
#12249 = FACE_BOUND('',#12250,.T.);
#12250 = EDGE_LOOP('',(#12251));
#12251 = ORIENTED_EDGE('',*,*,#12212,.F.);
#12252 = PLANE('',#12253);
#12253 = AXIS2_PLACEMENT_3D('',#12254,#12255,#12256);
#12254 = CARTESIAN_POINT('',(320.,471.,365.40502959074));
#12255 = DIRECTION('',(0.,1.,0.));
#12256 = DIRECTION('',(0.,0.,1.));
#12257 = ADVANCED_FACE('',(#12258),#12264,.F.);
#12258 = FACE_BOUND('',#12259,.T.);
#12259 = EDGE_LOOP('',(#12260,#12261,#12262,#12263));
#12260 = ORIENTED_EDGE('',*,*,#12072,.T.);
#12261 = ORIENTED_EDGE('',*,*,#12240,.T.);
#12262 = ORIENTED_EDGE('',*,*,#12017,.F.);
#12263 = ORIENTED_EDGE('',*,*,#12172,.F.);
#12264 = CYLINDRICAL_SURFACE('',#12265,24.);
#12265 = AXIS2_PLACEMENT_3D('',#12266,#12267,#12268);
#12266 = CARTESIAN_POINT('',(320.,413.,382.));
#12267 = DIRECTION('',(0.,1.,0.));
#12268 = DIRECTION('',(0.,0.,1.));
#12269 = MANIFOLD_SOLID_BREP('',#12270);
#12270 = CLOSED_SHELL('',(#12271,#12375,#12474,#12530,#12554,#12610,
    #12634,#12658,#12682,#12738,#12762,#12818,#12853,#12870,#12900,
    #12931,#12971,#13011,#13028,#13059,#13090,#13148,#13216,#13228,
    #13245,#13257,#13274,#13302,#13319,#13347,#13375,#13387,#13429,
    #13441,#13458,#13475,#13506,#13531,#13550,#13569,#13581));
#12271 = ADVANCED_FACE('',(#12272),#12370,.F.);
#12272 = FACE_BOUND('',#12273,.F.);
#12273 = EDGE_LOOP('',(#12274,#12284,#12292,#12300,#12308,#12316,#12324,
    #12332,#12340,#12348,#12356,#12364));
#12274 = ORIENTED_EDGE('',*,*,#12275,.F.);
#12275 = EDGE_CURVE('',#12276,#12278,#12280,.T.);
#12276 = VERTEX_POINT('',#12277);
#12277 = CARTESIAN_POINT('',(94.,250.,537.));
#12278 = VERTEX_POINT('',#12279);
#12279 = CARTESIAN_POINT('',(94.,250.,645.867));
#12280 = LINE('',#12281,#12282);
#12281 = CARTESIAN_POINT('',(94.,250.,537.));
#12282 = VECTOR('',#12283,1.);
#12283 = DIRECTION('',(0.,0.,1.));
#12284 = ORIENTED_EDGE('',*,*,#12285,.T.);
#12285 = EDGE_CURVE('',#12276,#12286,#12288,.T.);
#12286 = VERTEX_POINT('',#12287);
#12287 = CARTESIAN_POINT('',(94.,274.,537.));
#12288 = LINE('',#12289,#12290);
#12289 = CARTESIAN_POINT('',(94.,250.,537.));
#12290 = VECTOR('',#12291,1.);
#12291 = DIRECTION('',(0.,1.,0.));
#12292 = ORIENTED_EDGE('',*,*,#12293,.T.);
#12293 = EDGE_CURVE('',#12286,#12294,#12296,.T.);
#12294 = VERTEX_POINT('',#12295);
#12295 = CARTESIAN_POINT('',(94.,274.,645.867));
#12296 = LINE('',#12297,#12298);
#12297 = CARTESIAN_POINT('',(94.,274.,537.));
#12298 = VECTOR('',#12299,1.);
#12299 = DIRECTION('',(0.,0.,1.));
#12300 = ORIENTED_EDGE('',*,*,#12301,.T.);
#12301 = EDGE_CURVE('',#12294,#12302,#12304,.T.);
#12302 = VERTEX_POINT('',#12303);
#12303 = CARTESIAN_POINT('',(94.,272.7,645.867));
#12304 = LINE('',#12305,#12306);
#12305 = CARTESIAN_POINT('',(94.,261.35,645.867));
#12306 = VECTOR('',#12307,1.);
#12307 = DIRECTION('',(0.,-1.,0.));
#12308 = ORIENTED_EDGE('',*,*,#12309,.T.);
#12309 = EDGE_CURVE('',#12302,#12310,#12312,.T.);
#12310 = VERTEX_POINT('',#12311);
#12311 = CARTESIAN_POINT('',(94.,272.7,706.467));
#12312 = LINE('',#12313,#12314);
#12313 = CARTESIAN_POINT('',(94.,272.7,591.4335));
#12314 = VECTOR('',#12315,1.);
#12315 = DIRECTION('',(0.,0.,1.));
#12316 = ORIENTED_EDGE('',*,*,#12317,.F.);
#12317 = EDGE_CURVE('',#12318,#12310,#12320,.T.);
#12318 = VERTEX_POINT('',#12319);
#12319 = CARTESIAN_POINT('',(94.,274.,706.467));
#12320 = LINE('',#12321,#12322);
#12321 = CARTESIAN_POINT('',(94.,261.35,706.467));
#12322 = VECTOR('',#12323,1.);
#12323 = DIRECTION('',(0.,-1.,0.));
#12324 = ORIENTED_EDGE('',*,*,#12325,.T.);
#12325 = EDGE_CURVE('',#12318,#12326,#12328,.T.);
#12326 = VERTEX_POINT('',#12327);
#12327 = CARTESIAN_POINT('',(94.,274.,710.));
#12328 = LINE('',#12329,#12330);
#12329 = CARTESIAN_POINT('',(94.,274.,537.));
#12330 = VECTOR('',#12331,1.);
#12331 = DIRECTION('',(0.,0.,1.));
#12332 = ORIENTED_EDGE('',*,*,#12333,.F.);
#12333 = EDGE_CURVE('',#12334,#12326,#12336,.T.);
#12334 = VERTEX_POINT('',#12335);
#12335 = CARTESIAN_POINT('',(94.,250.,710.));
#12336 = LINE('',#12337,#12338);
#12337 = CARTESIAN_POINT('',(94.,250.,710.));
#12338 = VECTOR('',#12339,1.);
#12339 = DIRECTION('',(0.,1.,0.));
#12340 = ORIENTED_EDGE('',*,*,#12341,.F.);
#12341 = EDGE_CURVE('',#12342,#12334,#12344,.T.);
#12342 = VERTEX_POINT('',#12343);
#12343 = CARTESIAN_POINT('',(94.,250.,706.467));
#12344 = LINE('',#12345,#12346);
#12345 = CARTESIAN_POINT('',(94.,250.,537.));
#12346 = VECTOR('',#12347,1.);
#12347 = DIRECTION('',(0.,0.,1.));
#12348 = ORIENTED_EDGE('',*,*,#12349,.F.);
#12349 = EDGE_CURVE('',#12350,#12342,#12352,.T.);
#12350 = VERTEX_POINT('',#12351);
#12351 = CARTESIAN_POINT('',(94.,253.3,706.467));
#12352 = LINE('',#12353,#12354);
#12353 = CARTESIAN_POINT('',(94.,246.35,706.467));
#12354 = VECTOR('',#12355,1.);
#12355 = DIRECTION('',(0.,-1.,0.));
#12356 = ORIENTED_EDGE('',*,*,#12357,.F.);
#12357 = EDGE_CURVE('',#12358,#12350,#12360,.T.);
#12358 = VERTEX_POINT('',#12359);
#12359 = CARTESIAN_POINT('',(94.,253.3,645.867));
#12360 = LINE('',#12361,#12362);
#12361 = CARTESIAN_POINT('',(94.,253.3,591.4335));
#12362 = VECTOR('',#12363,1.);
#12363 = DIRECTION('',(0.,0.,1.));
#12364 = ORIENTED_EDGE('',*,*,#12365,.T.);
#12365 = EDGE_CURVE('',#12358,#12278,#12366,.T.);
#12366 = LINE('',#12367,#12368);
#12367 = CARTESIAN_POINT('',(94.,246.35,645.867));
#12368 = VECTOR('',#12369,1.);
#12369 = DIRECTION('',(0.,-1.,0.));
#12370 = PLANE('',#12371);
#12371 = AXIS2_PLACEMENT_3D('',#12372,#12373,#12374);
#12372 = CARTESIAN_POINT('',(94.,250.,537.));
#12373 = DIRECTION('',(1.,0.,0.));
#12374 = DIRECTION('',(0.,0.,1.));
#12375 = ADVANCED_FACE('',(#12376,#12401,#12435),#12469,.F.);
#12376 = FACE_BOUND('',#12377,.F.);
#12377 = EDGE_LOOP('',(#12378,#12388,#12394,#12395));
#12378 = ORIENTED_EDGE('',*,*,#12379,.F.);
#12379 = EDGE_CURVE('',#12380,#12382,#12384,.T.);
#12380 = VERTEX_POINT('',#12381);
#12381 = CARTESIAN_POINT('',(212.,250.,537.));
#12382 = VERTEX_POINT('',#12383);
#12383 = CARTESIAN_POINT('',(212.,250.,645.867));
#12384 = LINE('',#12385,#12386);
#12385 = CARTESIAN_POINT('',(212.,250.,537.));
#12386 = VECTOR('',#12387,1.);
#12387 = DIRECTION('',(0.,0.,1.));
#12388 = ORIENTED_EDGE('',*,*,#12389,.F.);
#12389 = EDGE_CURVE('',#12276,#12380,#12390,.T.);
#12390 = LINE('',#12391,#12392);
#12391 = CARTESIAN_POINT('',(94.,250.,537.));
#12392 = VECTOR('',#12393,1.);
#12393 = DIRECTION('',(1.,0.,0.));
#12394 = ORIENTED_EDGE('',*,*,#12275,.T.);
#12395 = ORIENTED_EDGE('',*,*,#12396,.T.);
#12396 = EDGE_CURVE('',#12278,#12382,#12397,.T.);
#12397 = LINE('',#12398,#12399);
#12398 = CARTESIAN_POINT('',(69.35,250.,645.867));
#12399 = VECTOR('',#12400,1.);
#12400 = DIRECTION('',(1.,0.,0.));
#12401 = FACE_BOUND('',#12402,.F.);
#12402 = EDGE_LOOP('',(#12403,#12413,#12421,#12429));
#12403 = ORIENTED_EDGE('',*,*,#12404,.F.);
#12404 = EDGE_CURVE('',#12405,#12407,#12409,.T.);
#12405 = VERTEX_POINT('',#12406);
#12406 = CARTESIAN_POINT('',(100.,250.,642.));
#12407 = VERTEX_POINT('',#12408);
#12408 = CARTESIAN_POINT('',(120.,250.,642.));
#12409 = LINE('',#12410,#12411);
#12410 = CARTESIAN_POINT('',(97.,250.,642.));
#12411 = VECTOR('',#12412,1.);
#12412 = DIRECTION('',(1.,0.,0.));
#12413 = ORIENTED_EDGE('',*,*,#12414,.T.);
#12414 = EDGE_CURVE('',#12405,#12415,#12417,.T.);
#12415 = VERTEX_POINT('',#12416);
#12416 = CARTESIAN_POINT('',(100.,250.,640.));
#12417 = LINE('',#12418,#12419);
#12418 = CARTESIAN_POINT('',(100.,250.,588.5));
#12419 = VECTOR('',#12420,1.);
#12420 = DIRECTION('',(0.,0.,-1.));
#12421 = ORIENTED_EDGE('',*,*,#12422,.T.);
#12422 = EDGE_CURVE('',#12415,#12423,#12425,.T.);
#12423 = VERTEX_POINT('',#12424);
#12424 = CARTESIAN_POINT('',(120.,250.,640.));
#12425 = LINE('',#12426,#12427);
#12426 = CARTESIAN_POINT('',(97.,250.,640.));
#12427 = VECTOR('',#12428,1.);
#12428 = DIRECTION('',(1.,0.,0.));
#12429 = ORIENTED_EDGE('',*,*,#12430,.F.);
#12430 = EDGE_CURVE('',#12407,#12423,#12431,.T.);
#12431 = LINE('',#12432,#12433);
#12432 = CARTESIAN_POINT('',(120.,250.,588.5));
#12433 = VECTOR('',#12434,1.);
#12434 = DIRECTION('',(0.,0.,-1.));
#12435 = FACE_BOUND('',#12436,.F.);
#12436 = EDGE_LOOP('',(#12437,#12447,#12455,#12463));
#12437 = ORIENTED_EDGE('',*,*,#12438,.F.);
#12438 = EDGE_CURVE('',#12439,#12441,#12443,.T.);
#12439 = VERTEX_POINT('',#12440);
#12440 = CARTESIAN_POINT('',(186.,250.,642.));
#12441 = VERTEX_POINT('',#12442);
#12442 = CARTESIAN_POINT('',(206.,250.,642.));
#12443 = LINE('',#12444,#12445);
#12444 = CARTESIAN_POINT('',(140.,250.,642.));
#12445 = VECTOR('',#12446,1.);
#12446 = DIRECTION('',(1.,0.,0.));
#12447 = ORIENTED_EDGE('',*,*,#12448,.T.);
#12448 = EDGE_CURVE('',#12439,#12449,#12451,.T.);
#12449 = VERTEX_POINT('',#12450);
#12450 = CARTESIAN_POINT('',(186.,250.,640.));
#12451 = LINE('',#12452,#12453);
#12452 = CARTESIAN_POINT('',(186.,250.,588.5));
#12453 = VECTOR('',#12454,1.);
#12454 = DIRECTION('',(0.,0.,-1.));
#12455 = ORIENTED_EDGE('',*,*,#12456,.T.);
#12456 = EDGE_CURVE('',#12449,#12457,#12459,.T.);
#12457 = VERTEX_POINT('',#12458);
#12458 = CARTESIAN_POINT('',(206.,250.,640.));
#12459 = LINE('',#12460,#12461);
#12460 = CARTESIAN_POINT('',(140.,250.,640.));
#12461 = VECTOR('',#12462,1.);
#12462 = DIRECTION('',(1.,0.,0.));
#12463 = ORIENTED_EDGE('',*,*,#12464,.F.);
#12464 = EDGE_CURVE('',#12441,#12457,#12465,.T.);
#12465 = LINE('',#12466,#12467);
#12466 = CARTESIAN_POINT('',(206.,250.,588.5));
#12467 = VECTOR('',#12468,1.);
#12468 = DIRECTION('',(0.,0.,-1.));
#12469 = PLANE('',#12470);
#12470 = AXIS2_PLACEMENT_3D('',#12471,#12472,#12473);
#12471 = CARTESIAN_POINT('',(94.,250.,537.));
#12472 = DIRECTION('',(0.,1.,0.));
#12473 = DIRECTION('',(0.,0.,1.));
#12474 = ADVANCED_FACE('',(#12475),#12525,.T.);
#12475 = FACE_BOUND('',#12476,.T.);
#12476 = EDGE_LOOP('',(#12477,#12485,#12486,#12487,#12495,#12503,#12511,
    #12519));
#12477 = ORIENTED_EDGE('',*,*,#12478,.F.);
#12478 = EDGE_CURVE('',#12358,#12479,#12481,.T.);
#12479 = VERTEX_POINT('',#12480);
#12480 = CARTESIAN_POINT('',(95.,253.3,645.867));
#12481 = LINE('',#12482,#12483);
#12482 = CARTESIAN_POINT('',(44.7,253.3,645.867));
#12483 = VECTOR('',#12484,1.);
#12484 = DIRECTION('',(1.,0.,0.));
#12485 = ORIENTED_EDGE('',*,*,#12365,.T.);
#12486 = ORIENTED_EDGE('',*,*,#12396,.T.);
#12487 = ORIENTED_EDGE('',*,*,#12488,.F.);
#12488 = EDGE_CURVE('',#12489,#12382,#12491,.T.);
#12489 = VERTEX_POINT('',#12490);
#12490 = CARTESIAN_POINT('',(212.,253.3,645.867));
#12491 = LINE('',#12492,#12493);
#12492 = CARTESIAN_POINT('',(212.,246.35,645.867));
#12493 = VECTOR('',#12494,1.);
#12494 = DIRECTION('',(0.,-1.,0.));
#12495 = ORIENTED_EDGE('',*,*,#12496,.F.);
#12496 = EDGE_CURVE('',#12497,#12489,#12499,.T.);
#12497 = VERTEX_POINT('',#12498);
#12498 = CARTESIAN_POINT('',(211.,253.3,645.867));
#12499 = LINE('',#12500,#12501);
#12500 = CARTESIAN_POINT('',(44.7,253.3,645.867));
#12501 = VECTOR('',#12502,1.);
#12502 = DIRECTION('',(1.,0.,0.));
#12503 = ORIENTED_EDGE('',*,*,#12504,.T.);
#12504 = EDGE_CURVE('',#12497,#12505,#12507,.T.);
#12505 = VERTEX_POINT('',#12506);
#12506 = CARTESIAN_POINT('',(211.,251.,645.867));
#12507 = LINE('',#12508,#12509);
#12508 = CARTESIAN_POINT('',(211.,246.85,645.867));
#12509 = VECTOR('',#12510,1.);
#12510 = DIRECTION('',(0.,-1.,0.));
#12511 = ORIENTED_EDGE('',*,*,#12512,.F.);
#12512 = EDGE_CURVE('',#12513,#12505,#12515,.T.);
#12513 = VERTEX_POINT('',#12514);
#12514 = CARTESIAN_POINT('',(95.,251.,645.867));
#12515 = LINE('',#12516,#12517);
#12516 = CARTESIAN_POINT('',(69.85,251.,645.867));
#12517 = VECTOR('',#12518,1.);
#12518 = DIRECTION('',(1.,0.,0.));
#12519 = ORIENTED_EDGE('',*,*,#12520,.F.);
#12520 = EDGE_CURVE('',#12479,#12513,#12521,.T.);
#12521 = LINE('',#12522,#12523);
#12522 = CARTESIAN_POINT('',(95.,246.85,645.867));
#12523 = VECTOR('',#12524,1.);
#12524 = DIRECTION('',(0.,-1.,0.));
#12525 = PLANE('',#12526);
#12526 = AXIS2_PLACEMENT_3D('',#12527,#12528,#12529);
#12527 = CARTESIAN_POINT('',(44.7,242.7,645.867));
#12528 = DIRECTION('',(0.,0.,1.));
#12529 = DIRECTION('',(1.,0.,0.));
#12530 = ADVANCED_FACE('',(#12531),#12549,.F.);
#12531 = FACE_BOUND('',#12532,.F.);
#12532 = EDGE_LOOP('',(#12533,#12534,#12535,#12543));
#12533 = ORIENTED_EDGE('',*,*,#12478,.F.);
#12534 = ORIENTED_EDGE('',*,*,#12357,.T.);
#12535 = ORIENTED_EDGE('',*,*,#12536,.T.);
#12536 = EDGE_CURVE('',#12350,#12537,#12539,.T.);
#12537 = VERTEX_POINT('',#12538);
#12538 = CARTESIAN_POINT('',(95.,253.3,706.467));
#12539 = LINE('',#12540,#12541);
#12540 = CARTESIAN_POINT('',(44.7,253.3,706.467));
#12541 = VECTOR('',#12542,1.);
#12542 = DIRECTION('',(1.,0.,0.));
#12543 = ORIENTED_EDGE('',*,*,#12544,.F.);
#12544 = EDGE_CURVE('',#12479,#12537,#12545,.T.);
#12545 = LINE('',#12546,#12547);
#12546 = CARTESIAN_POINT('',(95.,253.3,591.9335));
#12547 = VECTOR('',#12548,1.);
#12548 = DIRECTION('',(0.,0.,1.));
#12549 = PLANE('',#12550);
#12550 = AXIS2_PLACEMENT_3D('',#12551,#12552,#12553);
#12551 = CARTESIAN_POINT('',(44.7,253.3,645.867));
#12552 = DIRECTION('',(0.,1.,0.));
#12553 = DIRECTION('',(0.,0.,1.));
#12554 = ADVANCED_FACE('',(#12555),#12605,.F.);
#12555 = FACE_BOUND('',#12556,.F.);
#12556 = EDGE_LOOP('',(#12557,#12558,#12559,#12567,#12575,#12583,#12591,
    #12599));
#12557 = ORIENTED_EDGE('',*,*,#12536,.F.);
#12558 = ORIENTED_EDGE('',*,*,#12349,.T.);
#12559 = ORIENTED_EDGE('',*,*,#12560,.T.);
#12560 = EDGE_CURVE('',#12342,#12561,#12563,.T.);
#12561 = VERTEX_POINT('',#12562);
#12562 = CARTESIAN_POINT('',(212.,250.,706.467));
#12563 = LINE('',#12564,#12565);
#12564 = CARTESIAN_POINT('',(69.35,250.,706.467));
#12565 = VECTOR('',#12566,1.);
#12566 = DIRECTION('',(1.,0.,0.));
#12567 = ORIENTED_EDGE('',*,*,#12568,.F.);
#12568 = EDGE_CURVE('',#12569,#12561,#12571,.T.);
#12569 = VERTEX_POINT('',#12570);
#12570 = CARTESIAN_POINT('',(212.,253.3,706.467));
#12571 = LINE('',#12572,#12573);
#12572 = CARTESIAN_POINT('',(212.,246.35,706.467));
#12573 = VECTOR('',#12574,1.);
#12574 = DIRECTION('',(0.,-1.,0.));
#12575 = ORIENTED_EDGE('',*,*,#12576,.F.);
#12576 = EDGE_CURVE('',#12577,#12569,#12579,.T.);
#12577 = VERTEX_POINT('',#12578);
#12578 = CARTESIAN_POINT('',(211.,253.3,706.467));
#12579 = LINE('',#12580,#12581);
#12580 = CARTESIAN_POINT('',(44.7,253.3,706.467));
#12581 = VECTOR('',#12582,1.);
#12582 = DIRECTION('',(1.,0.,0.));
#12583 = ORIENTED_EDGE('',*,*,#12584,.T.);
#12584 = EDGE_CURVE('',#12577,#12585,#12587,.T.);
#12585 = VERTEX_POINT('',#12586);
#12586 = CARTESIAN_POINT('',(211.,251.,706.467));
#12587 = LINE('',#12588,#12589);
#12588 = CARTESIAN_POINT('',(211.,246.85,706.467));
#12589 = VECTOR('',#12590,1.);
#12590 = DIRECTION('',(0.,-1.,0.));
#12591 = ORIENTED_EDGE('',*,*,#12592,.F.);
#12592 = EDGE_CURVE('',#12593,#12585,#12595,.T.);
#12593 = VERTEX_POINT('',#12594);
#12594 = CARTESIAN_POINT('',(95.,251.,706.467));
#12595 = LINE('',#12596,#12597);
#12596 = CARTESIAN_POINT('',(69.85,251.,706.467));
#12597 = VECTOR('',#12598,1.);
#12598 = DIRECTION('',(1.,0.,0.));
#12599 = ORIENTED_EDGE('',*,*,#12600,.F.);
#12600 = EDGE_CURVE('',#12537,#12593,#12601,.T.);
#12601 = LINE('',#12602,#12603);
#12602 = CARTESIAN_POINT('',(95.,246.85,706.467));
#12603 = VECTOR('',#12604,1.);
#12604 = DIRECTION('',(0.,-1.,0.));
#12605 = PLANE('',#12606);
#12606 = AXIS2_PLACEMENT_3D('',#12607,#12608,#12609);
#12607 = CARTESIAN_POINT('',(44.7,242.7,706.467));
#12608 = DIRECTION('',(0.,0.,1.));
#12609 = DIRECTION('',(1.,0.,0.));
#12610 = ADVANCED_FACE('',(#12611),#12629,.F.);
#12611 = FACE_BOUND('',#12612,.F.);
#12612 = EDGE_LOOP('',(#12613,#12621,#12622,#12623));
#12613 = ORIENTED_EDGE('',*,*,#12614,.F.);
#12614 = EDGE_CURVE('',#12561,#12615,#12617,.T.);
#12615 = VERTEX_POINT('',#12616);
#12616 = CARTESIAN_POINT('',(212.,250.,710.));
#12617 = LINE('',#12618,#12619);
#12618 = CARTESIAN_POINT('',(212.,250.,537.));
#12619 = VECTOR('',#12620,1.);
#12620 = DIRECTION('',(0.,0.,1.));
#12621 = ORIENTED_EDGE('',*,*,#12560,.F.);
#12622 = ORIENTED_EDGE('',*,*,#12341,.T.);
#12623 = ORIENTED_EDGE('',*,*,#12624,.T.);
#12624 = EDGE_CURVE('',#12334,#12615,#12625,.T.);
#12625 = LINE('',#12626,#12627);
#12626 = CARTESIAN_POINT('',(94.,250.,710.));
#12627 = VECTOR('',#12628,1.);
#12628 = DIRECTION('',(1.,0.,0.));
#12629 = PLANE('',#12630);
#12630 = AXIS2_PLACEMENT_3D('',#12631,#12632,#12633);
#12631 = CARTESIAN_POINT('',(94.,250.,537.));
#12632 = DIRECTION('',(0.,1.,0.));
#12633 = DIRECTION('',(0.,0.,1.));
#12634 = ADVANCED_FACE('',(#12635),#12653,.T.);
#12635 = FACE_BOUND('',#12636,.T.);
#12636 = EDGE_LOOP('',(#12637,#12638,#12639,#12647));
#12637 = ORIENTED_EDGE('',*,*,#12333,.F.);
#12638 = ORIENTED_EDGE('',*,*,#12624,.T.);
#12639 = ORIENTED_EDGE('',*,*,#12640,.T.);
#12640 = EDGE_CURVE('',#12615,#12641,#12643,.T.);
#12641 = VERTEX_POINT('',#12642);
#12642 = CARTESIAN_POINT('',(212.,274.,710.));
#12643 = LINE('',#12644,#12645);
#12644 = CARTESIAN_POINT('',(212.,250.,710.));
#12645 = VECTOR('',#12646,1.);
#12646 = DIRECTION('',(0.,1.,0.));
#12647 = ORIENTED_EDGE('',*,*,#12648,.F.);
#12648 = EDGE_CURVE('',#12326,#12641,#12649,.T.);
#12649 = LINE('',#12650,#12651);
#12650 = CARTESIAN_POINT('',(94.,274.,710.));
#12651 = VECTOR('',#12652,1.);
#12652 = DIRECTION('',(1.,0.,0.));
#12653 = PLANE('',#12654);
#12654 = AXIS2_PLACEMENT_3D('',#12655,#12656,#12657);
#12655 = CARTESIAN_POINT('',(94.,250.,710.));
#12656 = DIRECTION('',(0.,0.,1.));
#12657 = DIRECTION('',(1.,0.,0.));
#12658 = ADVANCED_FACE('',(#12659),#12677,.T.);
#12659 = FACE_BOUND('',#12660,.T.);
#12660 = EDGE_LOOP('',(#12661,#12669,#12675,#12676));
#12661 = ORIENTED_EDGE('',*,*,#12662,.F.);
#12662 = EDGE_CURVE('',#12663,#12641,#12665,.T.);
#12663 = VERTEX_POINT('',#12664);
#12664 = CARTESIAN_POINT('',(212.,274.,706.467));
#12665 = LINE('',#12666,#12667);
#12666 = CARTESIAN_POINT('',(212.,274.,537.));
#12667 = VECTOR('',#12668,1.);
#12668 = DIRECTION('',(0.,0.,1.));
#12669 = ORIENTED_EDGE('',*,*,#12670,.F.);
#12670 = EDGE_CURVE('',#12318,#12663,#12671,.T.);
#12671 = LINE('',#12672,#12673);
#12672 = CARTESIAN_POINT('',(69.35,274.,706.467));
#12673 = VECTOR('',#12674,1.);
#12674 = DIRECTION('',(1.,0.,0.));
#12675 = ORIENTED_EDGE('',*,*,#12325,.T.);
#12676 = ORIENTED_EDGE('',*,*,#12648,.T.);
#12677 = PLANE('',#12678);
#12678 = AXIS2_PLACEMENT_3D('',#12679,#12680,#12681);
#12679 = CARTESIAN_POINT('',(94.,274.,537.));
#12680 = DIRECTION('',(0.,1.,0.));
#12681 = DIRECTION('',(0.,0.,1.));
#12682 = ADVANCED_FACE('',(#12683),#12733,.F.);
#12683 = FACE_BOUND('',#12684,.F.);
#12684 = EDGE_LOOP('',(#12685,#12686,#12694,#12702,#12710,#12718,#12726,
    #12732));
#12685 = ORIENTED_EDGE('',*,*,#12317,.T.);
#12686 = ORIENTED_EDGE('',*,*,#12687,.T.);
#12687 = EDGE_CURVE('',#12310,#12688,#12690,.T.);
#12688 = VERTEX_POINT('',#12689);
#12689 = CARTESIAN_POINT('',(95.,272.7,706.467));
#12690 = LINE('',#12691,#12692);
#12691 = CARTESIAN_POINT('',(44.7,272.7,706.467));
#12692 = VECTOR('',#12693,1.);
#12693 = DIRECTION('',(1.,0.,0.));
#12694 = ORIENTED_EDGE('',*,*,#12695,.F.);
#12695 = EDGE_CURVE('',#12696,#12688,#12698,.T.);
#12696 = VERTEX_POINT('',#12697);
#12697 = CARTESIAN_POINT('',(95.,273.,706.467));
#12698 = LINE('',#12699,#12700);
#12699 = CARTESIAN_POINT('',(95.,261.85,706.467));
#12700 = VECTOR('',#12701,1.);
#12701 = DIRECTION('',(0.,-1.,0.));
#12702 = ORIENTED_EDGE('',*,*,#12703,.T.);
#12703 = EDGE_CURVE('',#12696,#12704,#12706,.T.);
#12704 = VERTEX_POINT('',#12705);
#12705 = CARTESIAN_POINT('',(211.,273.,706.467));
#12706 = LINE('',#12707,#12708);
#12707 = CARTESIAN_POINT('',(69.85,273.,706.467));
#12708 = VECTOR('',#12709,1.);
#12709 = DIRECTION('',(1.,0.,0.));
#12710 = ORIENTED_EDGE('',*,*,#12711,.T.);
#12711 = EDGE_CURVE('',#12704,#12712,#12714,.T.);
#12712 = VERTEX_POINT('',#12713);
#12713 = CARTESIAN_POINT('',(211.,272.7,706.467));
#12714 = LINE('',#12715,#12716);
#12715 = CARTESIAN_POINT('',(211.,261.85,706.467));
#12716 = VECTOR('',#12717,1.);
#12717 = DIRECTION('',(0.,-1.,0.));
#12718 = ORIENTED_EDGE('',*,*,#12719,.T.);
#12719 = EDGE_CURVE('',#12712,#12720,#12722,.T.);
#12720 = VERTEX_POINT('',#12721);
#12721 = CARTESIAN_POINT('',(212.,272.7,706.467));
#12722 = LINE('',#12723,#12724);
#12723 = CARTESIAN_POINT('',(44.7,272.7,706.467));
#12724 = VECTOR('',#12725,1.);
#12725 = DIRECTION('',(1.,0.,0.));
#12726 = ORIENTED_EDGE('',*,*,#12727,.F.);
#12727 = EDGE_CURVE('',#12663,#12720,#12728,.T.);
#12728 = LINE('',#12729,#12730);
#12729 = CARTESIAN_POINT('',(212.,261.35,706.467));
#12730 = VECTOR('',#12731,1.);
#12731 = DIRECTION('',(0.,-1.,0.));
#12732 = ORIENTED_EDGE('',*,*,#12670,.F.);
#12733 = PLANE('',#12734);
#12734 = AXIS2_PLACEMENT_3D('',#12735,#12736,#12737);
#12735 = CARTESIAN_POINT('',(44.7,272.7,706.467));
#12736 = DIRECTION('',(0.,0.,1.));
#12737 = DIRECTION('',(1.,0.,0.));
#12738 = ADVANCED_FACE('',(#12739),#12757,.T.);
#12739 = FACE_BOUND('',#12740,.T.);
#12740 = EDGE_LOOP('',(#12741,#12749,#12750,#12751));
#12741 = ORIENTED_EDGE('',*,*,#12742,.F.);
#12742 = EDGE_CURVE('',#12302,#12743,#12745,.T.);
#12743 = VERTEX_POINT('',#12744);
#12744 = CARTESIAN_POINT('',(95.,272.7,645.867));
#12745 = LINE('',#12746,#12747);
#12746 = CARTESIAN_POINT('',(44.7,272.7,645.867));
#12747 = VECTOR('',#12748,1.);
#12748 = DIRECTION('',(1.,0.,0.));
#12749 = ORIENTED_EDGE('',*,*,#12309,.T.);
#12750 = ORIENTED_EDGE('',*,*,#12687,.T.);
#12751 = ORIENTED_EDGE('',*,*,#12752,.F.);
#12752 = EDGE_CURVE('',#12743,#12688,#12753,.T.);
#12753 = LINE('',#12754,#12755);
#12754 = CARTESIAN_POINT('',(95.,272.7,591.9335));
#12755 = VECTOR('',#12756,1.);
#12756 = DIRECTION('',(0.,0.,1.));
#12757 = PLANE('',#12758);
#12758 = AXIS2_PLACEMENT_3D('',#12759,#12760,#12761);
#12759 = CARTESIAN_POINT('',(44.7,272.7,645.867));
#12760 = DIRECTION('',(0.,1.,0.));
#12761 = DIRECTION('',(0.,0.,1.));
#12762 = ADVANCED_FACE('',(#12763),#12813,.T.);
#12763 = FACE_BOUND('',#12764,.T.);
#12764 = EDGE_LOOP('',(#12765,#12766,#12767,#12775,#12783,#12791,#12799,
    #12807));
#12765 = ORIENTED_EDGE('',*,*,#12301,.T.);
#12766 = ORIENTED_EDGE('',*,*,#12742,.T.);
#12767 = ORIENTED_EDGE('',*,*,#12768,.F.);
#12768 = EDGE_CURVE('',#12769,#12743,#12771,.T.);
#12769 = VERTEX_POINT('',#12770);
#12770 = CARTESIAN_POINT('',(95.,273.,645.867));
#12771 = LINE('',#12772,#12773);
#12772 = CARTESIAN_POINT('',(95.,261.85,645.867));
#12773 = VECTOR('',#12774,1.);
#12774 = DIRECTION('',(0.,-1.,0.));
#12775 = ORIENTED_EDGE('',*,*,#12776,.T.);
#12776 = EDGE_CURVE('',#12769,#12777,#12779,.T.);
#12777 = VERTEX_POINT('',#12778);
#12778 = CARTESIAN_POINT('',(211.,273.,645.867));
#12779 = LINE('',#12780,#12781);
#12780 = CARTESIAN_POINT('',(69.85,273.,645.867));
#12781 = VECTOR('',#12782,1.);
#12782 = DIRECTION('',(1.,0.,0.));
#12783 = ORIENTED_EDGE('',*,*,#12784,.T.);
#12784 = EDGE_CURVE('',#12777,#12785,#12787,.T.);
#12785 = VERTEX_POINT('',#12786);
#12786 = CARTESIAN_POINT('',(211.,272.7,645.867));
#12787 = LINE('',#12788,#12789);
#12788 = CARTESIAN_POINT('',(211.,261.85,645.867));
#12789 = VECTOR('',#12790,1.);
#12790 = DIRECTION('',(0.,-1.,0.));
#12791 = ORIENTED_EDGE('',*,*,#12792,.T.);
#12792 = EDGE_CURVE('',#12785,#12793,#12795,.T.);
#12793 = VERTEX_POINT('',#12794);
#12794 = CARTESIAN_POINT('',(212.,272.7,645.867));
#12795 = LINE('',#12796,#12797);
#12796 = CARTESIAN_POINT('',(44.7,272.7,645.867));
#12797 = VECTOR('',#12798,1.);
#12798 = DIRECTION('',(1.,0.,0.));
#12799 = ORIENTED_EDGE('',*,*,#12800,.F.);
#12800 = EDGE_CURVE('',#12801,#12793,#12803,.T.);
#12801 = VERTEX_POINT('',#12802);
#12802 = CARTESIAN_POINT('',(212.,274.,645.867));
#12803 = LINE('',#12804,#12805);
#12804 = CARTESIAN_POINT('',(212.,261.35,645.867));
#12805 = VECTOR('',#12806,1.);
#12806 = DIRECTION('',(0.,-1.,0.));
#12807 = ORIENTED_EDGE('',*,*,#12808,.F.);
#12808 = EDGE_CURVE('',#12294,#12801,#12809,.T.);
#12809 = LINE('',#12810,#12811);
#12810 = CARTESIAN_POINT('',(69.35,274.,645.867));
#12811 = VECTOR('',#12812,1.);
#12812 = DIRECTION('',(1.,0.,0.));
#12813 = PLANE('',#12814);
#12814 = AXIS2_PLACEMENT_3D('',#12815,#12816,#12817);
#12815 = CARTESIAN_POINT('',(44.7,272.7,645.867));
#12816 = DIRECTION('',(0.,0.,1.));
#12817 = DIRECTION('',(1.,0.,0.));
#12818 = ADVANCED_FACE('',(#12819,#12837),#12848,.T.);
#12819 = FACE_BOUND('',#12820,.T.);
#12820 = EDGE_LOOP('',(#12821,#12829,#12835,#12836));
#12821 = ORIENTED_EDGE('',*,*,#12822,.F.);
#12822 = EDGE_CURVE('',#12823,#12801,#12825,.T.);
#12823 = VERTEX_POINT('',#12824);
#12824 = CARTESIAN_POINT('',(212.,274.,537.));
#12825 = LINE('',#12826,#12827);
#12826 = CARTESIAN_POINT('',(212.,274.,537.));
#12827 = VECTOR('',#12828,1.);
#12828 = DIRECTION('',(0.,0.,1.));
#12829 = ORIENTED_EDGE('',*,*,#12830,.F.);
#12830 = EDGE_CURVE('',#12286,#12823,#12831,.T.);
#12831 = LINE('',#12832,#12833);
#12832 = CARTESIAN_POINT('',(94.,274.,537.));
#12833 = VECTOR('',#12834,1.);
#12834 = DIRECTION('',(1.,0.,0.));
#12835 = ORIENTED_EDGE('',*,*,#12293,.T.);
#12836 = ORIENTED_EDGE('',*,*,#12808,.T.);
#12837 = FACE_BOUND('',#12838,.T.);
#12838 = EDGE_LOOP('',(#12839));
#12839 = ORIENTED_EDGE('',*,*,#12840,.F.);
#12840 = EDGE_CURVE('',#12841,#12841,#12843,.T.);
#12841 = VERTEX_POINT('',#12842);
#12842 = CARTESIAN_POINT('',(153.,274.,614.));
#12843 = CIRCLE('',#12844,24.);
#12844 = AXIS2_PLACEMENT_3D('',#12845,#12846,#12847);
#12845 = CARTESIAN_POINT('',(153.,274.,590.));
#12846 = DIRECTION('',(0.,1.,0.));
#12847 = DIRECTION('',(0.,0.,1.));
#12848 = PLANE('',#12849);
#12849 = AXIS2_PLACEMENT_3D('',#12850,#12851,#12852);
#12850 = CARTESIAN_POINT('',(94.,274.,537.));
#12851 = DIRECTION('',(0.,1.,0.));
#12852 = DIRECTION('',(0.,0.,1.));
#12853 = ADVANCED_FACE('',(#12854),#12865,.F.);
#12854 = FACE_BOUND('',#12855,.F.);
#12855 = EDGE_LOOP('',(#12856,#12857,#12858,#12864));
#12856 = ORIENTED_EDGE('',*,*,#12285,.F.);
#12857 = ORIENTED_EDGE('',*,*,#12389,.T.);
#12858 = ORIENTED_EDGE('',*,*,#12859,.T.);
#12859 = EDGE_CURVE('',#12380,#12823,#12860,.T.);
#12860 = LINE('',#12861,#12862);
#12861 = CARTESIAN_POINT('',(212.,250.,537.));
#12862 = VECTOR('',#12863,1.);
#12863 = DIRECTION('',(0.,1.,0.));
#12864 = ORIENTED_EDGE('',*,*,#12830,.F.);
#12865 = PLANE('',#12866);
#12866 = AXIS2_PLACEMENT_3D('',#12867,#12868,#12869);
#12867 = CARTESIAN_POINT('',(94.,250.,537.));
#12868 = DIRECTION('',(0.,0.,1.));
#12869 = DIRECTION('',(1.,0.,0.));
#12870 = ADVANCED_FACE('',(#12871),#12895,.T.);
#12871 = FACE_BOUND('',#12872,.T.);
#12872 = EDGE_LOOP('',(#12873,#12874,#12875,#12876,#12877,#12883,#12884,
    #12885,#12886,#12887,#12888,#12894));
#12873 = ORIENTED_EDGE('',*,*,#12379,.F.);
#12874 = ORIENTED_EDGE('',*,*,#12859,.T.);
#12875 = ORIENTED_EDGE('',*,*,#12822,.T.);
#12876 = ORIENTED_EDGE('',*,*,#12800,.T.);
#12877 = ORIENTED_EDGE('',*,*,#12878,.T.);
#12878 = EDGE_CURVE('',#12793,#12720,#12879,.T.);
#12879 = LINE('',#12880,#12881);
#12880 = CARTESIAN_POINT('',(212.,272.7,591.4335));
#12881 = VECTOR('',#12882,1.);
#12882 = DIRECTION('',(0.,0.,1.));
#12883 = ORIENTED_EDGE('',*,*,#12727,.F.);
#12884 = ORIENTED_EDGE('',*,*,#12662,.T.);
#12885 = ORIENTED_EDGE('',*,*,#12640,.F.);
#12886 = ORIENTED_EDGE('',*,*,#12614,.F.);
#12887 = ORIENTED_EDGE('',*,*,#12568,.F.);
#12888 = ORIENTED_EDGE('',*,*,#12889,.F.);
#12889 = EDGE_CURVE('',#12489,#12569,#12890,.T.);
#12890 = LINE('',#12891,#12892);
#12891 = CARTESIAN_POINT('',(212.,253.3,591.4335));
#12892 = VECTOR('',#12893,1.);
#12893 = DIRECTION('',(0.,0.,1.));
#12894 = ORIENTED_EDGE('',*,*,#12488,.T.);
#12895 = PLANE('',#12896);
#12896 = AXIS2_PLACEMENT_3D('',#12897,#12898,#12899);
#12897 = CARTESIAN_POINT('',(212.,250.,537.));
#12898 = DIRECTION('',(1.,0.,0.));
#12899 = DIRECTION('',(0.,0.,1.));
#12900 = ADVANCED_FACE('',(#12901),#12926,.T.);
#12901 = FACE_BOUND('',#12902,.T.);
#12902 = EDGE_LOOP('',(#12903,#12911,#12919,#12925));
#12903 = ORIENTED_EDGE('',*,*,#12904,.F.);
#12904 = EDGE_CURVE('',#12905,#12405,#12907,.T.);
#12905 = VERTEX_POINT('',#12906);
#12906 = CARTESIAN_POINT('',(100.,243.,642.));
#12907 = LINE('',#12908,#12909);
#12908 = CARTESIAN_POINT('',(100.,241.,642.));
#12909 = VECTOR('',#12910,1.);
#12910 = DIRECTION('',(0.,1.,0.));
#12911 = ORIENTED_EDGE('',*,*,#12912,.T.);
#12912 = EDGE_CURVE('',#12905,#12913,#12915,.T.);
#12913 = VERTEX_POINT('',#12914);
#12914 = CARTESIAN_POINT('',(120.,243.,642.));
#12915 = LINE('',#12916,#12917);
#12916 = CARTESIAN_POINT('',(100.,243.,642.));
#12917 = VECTOR('',#12918,1.);
#12918 = DIRECTION('',(1.,0.,0.));
#12919 = ORIENTED_EDGE('',*,*,#12920,.T.);
#12920 = EDGE_CURVE('',#12913,#12407,#12921,.T.);
#12921 = LINE('',#12922,#12923);
#12922 = CARTESIAN_POINT('',(120.,241.,642.));
#12923 = VECTOR('',#12924,1.);
#12924 = DIRECTION('',(0.,1.,0.));
#12925 = ORIENTED_EDGE('',*,*,#12404,.F.);
#12926 = PLANE('',#12927);
#12927 = AXIS2_PLACEMENT_3D('',#12928,#12929,#12930);
#12928 = CARTESIAN_POINT('',(100.,241.,642.));
#12929 = DIRECTION('',(0.,0.,1.));
#12930 = DIRECTION('',(1.,0.,0.));
#12931 = ADVANCED_FACE('',(#12932),#12966,.T.);
#12932 = FACE_BOUND('',#12933,.T.);
#12933 = EDGE_LOOP('',(#12934,#12944,#12952,#12958,#12959,#12960));
#12934 = ORIENTED_EDGE('',*,*,#12935,.T.);
#12935 = EDGE_CURVE('',#12936,#12938,#12940,.T.);
#12936 = VERTEX_POINT('',#12937);
#12937 = CARTESIAN_POINT('',(100.,241.,640.));
#12938 = VERTEX_POINT('',#12939);
#12939 = CARTESIAN_POINT('',(100.,241.,662.));
#12940 = LINE('',#12941,#12942);
#12941 = CARTESIAN_POINT('',(100.,241.,640.));
#12942 = VECTOR('',#12943,1.);
#12943 = DIRECTION('',(0.,0.,1.));
#12944 = ORIENTED_EDGE('',*,*,#12945,.T.);
#12945 = EDGE_CURVE('',#12938,#12946,#12948,.T.);
#12946 = VERTEX_POINT('',#12947);
#12947 = CARTESIAN_POINT('',(100.,243.,662.));
#12948 = LINE('',#12949,#12950);
#12949 = CARTESIAN_POINT('',(100.,241.,662.));
#12950 = VECTOR('',#12951,1.);
#12951 = DIRECTION('',(0.,1.,0.));
#12952 = ORIENTED_EDGE('',*,*,#12953,.F.);
#12953 = EDGE_CURVE('',#12905,#12946,#12954,.T.);
#12954 = LINE('',#12955,#12956);
#12955 = CARTESIAN_POINT('',(100.,243.,642.));
#12956 = VECTOR('',#12957,1.);
#12957 = DIRECTION('',(0.,0.,1.));
#12958 = ORIENTED_EDGE('',*,*,#12904,.T.);
#12959 = ORIENTED_EDGE('',*,*,#12414,.T.);
#12960 = ORIENTED_EDGE('',*,*,#12961,.F.);
#12961 = EDGE_CURVE('',#12936,#12415,#12962,.T.);
#12962 = LINE('',#12963,#12964);
#12963 = CARTESIAN_POINT('',(100.,241.,640.));
#12964 = VECTOR('',#12965,1.);
#12965 = DIRECTION('',(0.,1.,0.));
#12966 = PLANE('',#12967);
#12967 = AXIS2_PLACEMENT_3D('',#12968,#12969,#12970);
#12968 = CARTESIAN_POINT('',(100.,243.24193548387,648.74193548387));
#12969 = DIRECTION('',(-1.,-0.,-0.));
#12970 = DIRECTION('',(0.,0.,-1.));
#12971 = ADVANCED_FACE('',(#12972),#13006,.T.);
#12972 = FACE_BOUND('',#12973,.T.);
#12973 = EDGE_LOOP('',(#12974,#12982,#12983,#12984,#12992,#13000));
#12974 = ORIENTED_EDGE('',*,*,#12975,.T.);
#12975 = EDGE_CURVE('',#12976,#12423,#12978,.T.);
#12976 = VERTEX_POINT('',#12977);
#12977 = CARTESIAN_POINT('',(120.,241.,640.));
#12978 = LINE('',#12979,#12980);
#12979 = CARTESIAN_POINT('',(120.,241.,640.));
#12980 = VECTOR('',#12981,1.);
#12981 = DIRECTION('',(0.,1.,0.));
#12982 = ORIENTED_EDGE('',*,*,#12430,.F.);
#12983 = ORIENTED_EDGE('',*,*,#12920,.F.);
#12984 = ORIENTED_EDGE('',*,*,#12985,.T.);
#12985 = EDGE_CURVE('',#12913,#12986,#12988,.T.);
#12986 = VERTEX_POINT('',#12987);
#12987 = CARTESIAN_POINT('',(120.,243.,662.));
#12988 = LINE('',#12989,#12990);
#12989 = CARTESIAN_POINT('',(120.,243.,642.));
#12990 = VECTOR('',#12991,1.);
#12991 = DIRECTION('',(0.,0.,1.));
#12992 = ORIENTED_EDGE('',*,*,#12993,.F.);
#12993 = EDGE_CURVE('',#12994,#12986,#12996,.T.);
#12994 = VERTEX_POINT('',#12995);
#12995 = CARTESIAN_POINT('',(120.,241.,662.));
#12996 = LINE('',#12997,#12998);
#12997 = CARTESIAN_POINT('',(120.,241.,662.));
#12998 = VECTOR('',#12999,1.);
#12999 = DIRECTION('',(0.,1.,0.));
#13000 = ORIENTED_EDGE('',*,*,#13001,.F.);
#13001 = EDGE_CURVE('',#12976,#12994,#13002,.T.);
#13002 = LINE('',#13003,#13004);
#13003 = CARTESIAN_POINT('',(120.,241.,642.));
#13004 = VECTOR('',#13005,1.);
#13005 = DIRECTION('',(0.,0.,1.));
#13006 = PLANE('',#13007);
#13007 = AXIS2_PLACEMENT_3D('',#13008,#13009,#13010);
#13008 = CARTESIAN_POINT('',(120.,243.24193548387,648.74193548387));
#13009 = DIRECTION('',(1.,0.,0.));
#13010 = DIRECTION('',(0.,0.,1.));
#13011 = ADVANCED_FACE('',(#13012),#13023,.F.);
#13012 = FACE_BOUND('',#13013,.F.);
#13013 = EDGE_LOOP('',(#13014,#13015,#13021,#13022));
#13014 = ORIENTED_EDGE('',*,*,#12961,.F.);
#13015 = ORIENTED_EDGE('',*,*,#13016,.T.);
#13016 = EDGE_CURVE('',#12936,#12976,#13017,.T.);
#13017 = LINE('',#13018,#13019);
#13018 = CARTESIAN_POINT('',(100.,241.,640.));
#13019 = VECTOR('',#13020,1.);
#13020 = DIRECTION('',(1.,0.,0.));
#13021 = ORIENTED_EDGE('',*,*,#12975,.T.);
#13022 = ORIENTED_EDGE('',*,*,#12422,.F.);
#13023 = PLANE('',#13024);
#13024 = AXIS2_PLACEMENT_3D('',#13025,#13026,#13027);
#13025 = CARTESIAN_POINT('',(100.,241.,640.));
#13026 = DIRECTION('',(0.,0.,1.));
#13027 = DIRECTION('',(1.,0.,0.));
#13028 = ADVANCED_FACE('',(#13029),#13054,.T.);
#13029 = FACE_BOUND('',#13030,.T.);
#13030 = EDGE_LOOP('',(#13031,#13039,#13047,#13053));
#13031 = ORIENTED_EDGE('',*,*,#13032,.F.);
#13032 = EDGE_CURVE('',#13033,#12439,#13035,.T.);
#13033 = VERTEX_POINT('',#13034);
#13034 = CARTESIAN_POINT('',(186.,243.,642.));
#13035 = LINE('',#13036,#13037);
#13036 = CARTESIAN_POINT('',(186.,241.,642.));
#13037 = VECTOR('',#13038,1.);
#13038 = DIRECTION('',(0.,1.,0.));
#13039 = ORIENTED_EDGE('',*,*,#13040,.T.);
#13040 = EDGE_CURVE('',#13033,#13041,#13043,.T.);
#13041 = VERTEX_POINT('',#13042);
#13042 = CARTESIAN_POINT('',(206.,243.,642.));
#13043 = LINE('',#13044,#13045);
#13044 = CARTESIAN_POINT('',(186.,243.,642.));
#13045 = VECTOR('',#13046,1.);
#13046 = DIRECTION('',(1.,0.,0.));
#13047 = ORIENTED_EDGE('',*,*,#13048,.T.);
#13048 = EDGE_CURVE('',#13041,#12441,#13049,.T.);
#13049 = LINE('',#13050,#13051);
#13050 = CARTESIAN_POINT('',(206.,241.,642.));
#13051 = VECTOR('',#13052,1.);
#13052 = DIRECTION('',(0.,1.,0.));
#13053 = ORIENTED_EDGE('',*,*,#12438,.F.);
#13054 = PLANE('',#13055);
#13055 = AXIS2_PLACEMENT_3D('',#13056,#13057,#13058);
#13056 = CARTESIAN_POINT('',(186.,241.,642.));
#13057 = DIRECTION('',(0.,0.,1.));
#13058 = DIRECTION('',(1.,0.,0.));
#13059 = ADVANCED_FACE('',(#13060),#13085,.F.);
#13060 = FACE_BOUND('',#13061,.F.);
#13061 = EDGE_LOOP('',(#13062,#13070,#13078,#13084));
#13062 = ORIENTED_EDGE('',*,*,#13063,.F.);
#13063 = EDGE_CURVE('',#13064,#12449,#13066,.T.);
#13064 = VERTEX_POINT('',#13065);
#13065 = CARTESIAN_POINT('',(186.,241.,640.));
#13066 = LINE('',#13067,#13068);
#13067 = CARTESIAN_POINT('',(186.,241.,640.));
#13068 = VECTOR('',#13069,1.);
#13069 = DIRECTION('',(0.,1.,0.));
#13070 = ORIENTED_EDGE('',*,*,#13071,.T.);
#13071 = EDGE_CURVE('',#13064,#13072,#13074,.T.);
#13072 = VERTEX_POINT('',#13073);
#13073 = CARTESIAN_POINT('',(206.,241.,640.));
#13074 = LINE('',#13075,#13076);
#13075 = CARTESIAN_POINT('',(186.,241.,640.));
#13076 = VECTOR('',#13077,1.);
#13077 = DIRECTION('',(1.,0.,0.));
#13078 = ORIENTED_EDGE('',*,*,#13079,.T.);
#13079 = EDGE_CURVE('',#13072,#12457,#13080,.T.);
#13080 = LINE('',#13081,#13082);
#13081 = CARTESIAN_POINT('',(206.,241.,640.));
#13082 = VECTOR('',#13083,1.);
#13083 = DIRECTION('',(0.,1.,0.));
#13084 = ORIENTED_EDGE('',*,*,#12456,.F.);
#13085 = PLANE('',#13086);
#13086 = AXIS2_PLACEMENT_3D('',#13087,#13088,#13089);
#13087 = CARTESIAN_POINT('',(186.,241.,640.));
#13088 = DIRECTION('',(0.,0.,1.));
#13089 = DIRECTION('',(1.,0.,0.));
#13090 = ADVANCED_FACE('',(#13091),#13143,.T.);
#13091 = FACE_BOUND('',#13092,.T.);
#13092 = EDGE_LOOP('',(#13093,#13101,#13109,#13115,#13116,#13117,#13118,
    #13126,#13134,#13140,#13141,#13142));
#13093 = ORIENTED_EDGE('',*,*,#13094,.F.);
#13094 = EDGE_CURVE('',#13095,#12513,#13097,.T.);
#13095 = VERTEX_POINT('',#13096);
#13096 = CARTESIAN_POINT('',(95.,251.,538.));
#13097 = LINE('',#13098,#13099);
#13098 = CARTESIAN_POINT('',(95.,251.,538.));
#13099 = VECTOR('',#13100,1.);
#13100 = DIRECTION('',(0.,0.,1.));
#13101 = ORIENTED_EDGE('',*,*,#13102,.T.);
#13102 = EDGE_CURVE('',#13095,#13103,#13105,.T.);
#13103 = VERTEX_POINT('',#13104);
#13104 = CARTESIAN_POINT('',(95.,273.,538.));
#13105 = LINE('',#13106,#13107);
#13106 = CARTESIAN_POINT('',(95.,251.,538.));
#13107 = VECTOR('',#13108,1.);
#13108 = DIRECTION('',(0.,1.,0.));
#13109 = ORIENTED_EDGE('',*,*,#13110,.T.);
#13110 = EDGE_CURVE('',#13103,#12769,#13111,.T.);
#13111 = LINE('',#13112,#13113);
#13112 = CARTESIAN_POINT('',(95.,273.,538.));
#13113 = VECTOR('',#13114,1.);
#13114 = DIRECTION('',(0.,0.,1.));
#13115 = ORIENTED_EDGE('',*,*,#12768,.T.);
#13116 = ORIENTED_EDGE('',*,*,#12752,.T.);
#13117 = ORIENTED_EDGE('',*,*,#12695,.F.);
#13118 = ORIENTED_EDGE('',*,*,#13119,.T.);
#13119 = EDGE_CURVE('',#12696,#13120,#13122,.T.);
#13120 = VERTEX_POINT('',#13121);
#13121 = CARTESIAN_POINT('',(95.,273.,709.));
#13122 = LINE('',#13123,#13124);
#13123 = CARTESIAN_POINT('',(95.,273.,538.));
#13124 = VECTOR('',#13125,1.);
#13125 = DIRECTION('',(0.,0.,1.));
#13126 = ORIENTED_EDGE('',*,*,#13127,.F.);
#13127 = EDGE_CURVE('',#13128,#13120,#13130,.T.);
#13128 = VERTEX_POINT('',#13129);
#13129 = CARTESIAN_POINT('',(95.,251.,709.));
#13130 = LINE('',#13131,#13132);
#13131 = CARTESIAN_POINT('',(95.,251.,709.));
#13132 = VECTOR('',#13133,1.);
#13133 = DIRECTION('',(0.,1.,0.));
#13134 = ORIENTED_EDGE('',*,*,#13135,.F.);
#13135 = EDGE_CURVE('',#12593,#13128,#13136,.T.);
#13136 = LINE('',#13137,#13138);
#13137 = CARTESIAN_POINT('',(95.,251.,538.));
#13138 = VECTOR('',#13139,1.);
#13139 = DIRECTION('',(0.,0.,1.));
#13140 = ORIENTED_EDGE('',*,*,#12600,.F.);
#13141 = ORIENTED_EDGE('',*,*,#12544,.F.);
#13142 = ORIENTED_EDGE('',*,*,#12520,.T.);
#13143 = PLANE('',#13144);
#13144 = AXIS2_PLACEMENT_3D('',#13145,#13146,#13147);
#13145 = CARTESIAN_POINT('',(95.,251.,538.));
#13146 = DIRECTION('',(1.,0.,0.));
#13147 = DIRECTION('',(0.,0.,1.));
#13148 = ADVANCED_FACE('',(#13149),#13211,.F.);
#13149 = FACE_BOUND('',#13150,.F.);
#13150 = EDGE_LOOP('',(#13151,#13159,#13167,#13173,#13174,#13180,#13181,
    #13189,#13197,#13203,#13204,#13210));
#13151 = ORIENTED_EDGE('',*,*,#13152,.F.);
#13152 = EDGE_CURVE('',#13153,#12505,#13155,.T.);
#13153 = VERTEX_POINT('',#13154);
#13154 = CARTESIAN_POINT('',(211.,251.,538.));
#13155 = LINE('',#13156,#13157);
#13156 = CARTESIAN_POINT('',(211.,251.,538.));
#13157 = VECTOR('',#13158,1.);
#13158 = DIRECTION('',(0.,0.,1.));
#13159 = ORIENTED_EDGE('',*,*,#13160,.T.);
#13160 = EDGE_CURVE('',#13153,#13161,#13163,.T.);
#13161 = VERTEX_POINT('',#13162);
#13162 = CARTESIAN_POINT('',(211.,273.,538.));
#13163 = LINE('',#13164,#13165);
#13164 = CARTESIAN_POINT('',(211.,251.,538.));
#13165 = VECTOR('',#13166,1.);
#13166 = DIRECTION('',(0.,1.,0.));
#13167 = ORIENTED_EDGE('',*,*,#13168,.T.);
#13168 = EDGE_CURVE('',#13161,#12777,#13169,.T.);
#13169 = LINE('',#13170,#13171);
#13170 = CARTESIAN_POINT('',(211.,273.,538.));
#13171 = VECTOR('',#13172,1.);
#13172 = DIRECTION('',(0.,0.,1.));
#13173 = ORIENTED_EDGE('',*,*,#12784,.T.);
#13174 = ORIENTED_EDGE('',*,*,#13175,.T.);
#13175 = EDGE_CURVE('',#12785,#12712,#13176,.T.);
#13176 = LINE('',#13177,#13178);
#13177 = CARTESIAN_POINT('',(211.,272.7,591.9335));
#13178 = VECTOR('',#13179,1.);
#13179 = DIRECTION('',(0.,0.,1.));
#13180 = ORIENTED_EDGE('',*,*,#12711,.F.);
#13181 = ORIENTED_EDGE('',*,*,#13182,.T.);
#13182 = EDGE_CURVE('',#12704,#13183,#13185,.T.);
#13183 = VERTEX_POINT('',#13184);
#13184 = CARTESIAN_POINT('',(211.,273.,709.));
#13185 = LINE('',#13186,#13187);
#13186 = CARTESIAN_POINT('',(211.,273.,538.));
#13187 = VECTOR('',#13188,1.);
#13188 = DIRECTION('',(0.,0.,1.));
#13189 = ORIENTED_EDGE('',*,*,#13190,.F.);
#13190 = EDGE_CURVE('',#13191,#13183,#13193,.T.);
#13191 = VERTEX_POINT('',#13192);
#13192 = CARTESIAN_POINT('',(211.,251.,709.));
#13193 = LINE('',#13194,#13195);
#13194 = CARTESIAN_POINT('',(211.,251.,709.));
#13195 = VECTOR('',#13196,1.);
#13196 = DIRECTION('',(0.,1.,0.));
#13197 = ORIENTED_EDGE('',*,*,#13198,.F.);
#13198 = EDGE_CURVE('',#12585,#13191,#13199,.T.);
#13199 = LINE('',#13200,#13201);
#13200 = CARTESIAN_POINT('',(211.,251.,538.));
#13201 = VECTOR('',#13202,1.);
#13202 = DIRECTION('',(0.,0.,1.));
#13203 = ORIENTED_EDGE('',*,*,#12584,.F.);
#13204 = ORIENTED_EDGE('',*,*,#13205,.F.);
#13205 = EDGE_CURVE('',#12497,#12577,#13206,.T.);
#13206 = LINE('',#13207,#13208);
#13207 = CARTESIAN_POINT('',(211.,253.3,591.9335));
#13208 = VECTOR('',#13209,1.);
#13209 = DIRECTION('',(0.,0.,1.));
#13210 = ORIENTED_EDGE('',*,*,#12504,.T.);
#13211 = PLANE('',#13212);
#13212 = AXIS2_PLACEMENT_3D('',#13213,#13214,#13215);
#13213 = CARTESIAN_POINT('',(211.,251.,538.));
#13214 = DIRECTION('',(1.,0.,0.));
#13215 = DIRECTION('',(0.,0.,1.));
#13216 = ADVANCED_FACE('',(#13217),#13223,.F.);
#13217 = FACE_BOUND('',#13218,.F.);
#13218 = EDGE_LOOP('',(#13219,#13220,#13221,#13222));
#13219 = ORIENTED_EDGE('',*,*,#12496,.F.);
#13220 = ORIENTED_EDGE('',*,*,#13205,.T.);
#13221 = ORIENTED_EDGE('',*,*,#12576,.T.);
#13222 = ORIENTED_EDGE('',*,*,#12889,.F.);
#13223 = PLANE('',#13224);
#13224 = AXIS2_PLACEMENT_3D('',#13225,#13226,#13227);
#13225 = CARTESIAN_POINT('',(44.7,253.3,645.867));
#13226 = DIRECTION('',(0.,1.,0.));
#13227 = DIRECTION('',(0.,0.,1.));
#13228 = ADVANCED_FACE('',(#13229),#13240,.T.);
#13229 = FACE_BOUND('',#13230,.T.);
#13230 = EDGE_LOOP('',(#13231,#13232,#13233,#13234));
#13231 = ORIENTED_EDGE('',*,*,#13198,.F.);
#13232 = ORIENTED_EDGE('',*,*,#12592,.F.);
#13233 = ORIENTED_EDGE('',*,*,#13135,.T.);
#13234 = ORIENTED_EDGE('',*,*,#13235,.T.);
#13235 = EDGE_CURVE('',#13128,#13191,#13236,.T.);
#13236 = LINE('',#13237,#13238);
#13237 = CARTESIAN_POINT('',(95.,251.,709.));
#13238 = VECTOR('',#13239,1.);
#13239 = DIRECTION('',(1.,0.,0.));
#13240 = PLANE('',#13241);
#13241 = AXIS2_PLACEMENT_3D('',#13242,#13243,#13244);
#13242 = CARTESIAN_POINT('',(95.,251.,538.));
#13243 = DIRECTION('',(0.,1.,0.));
#13244 = DIRECTION('',(0.,0.,1.));
#13245 = ADVANCED_FACE('',(#13246),#13252,.T.);
#13246 = FACE_BOUND('',#13247,.T.);
#13247 = EDGE_LOOP('',(#13248,#13249,#13250,#13251));
#13248 = ORIENTED_EDGE('',*,*,#12792,.F.);
#13249 = ORIENTED_EDGE('',*,*,#13175,.T.);
#13250 = ORIENTED_EDGE('',*,*,#12719,.T.);
#13251 = ORIENTED_EDGE('',*,*,#12878,.F.);
#13252 = PLANE('',#13253);
#13253 = AXIS2_PLACEMENT_3D('',#13254,#13255,#13256);
#13254 = CARTESIAN_POINT('',(44.7,272.7,645.867));
#13255 = DIRECTION('',(0.,1.,0.));
#13256 = DIRECTION('',(0.,0.,1.));
#13257 = ADVANCED_FACE('',(#13258),#13269,.F.);
#13258 = FACE_BOUND('',#13259,.F.);
#13259 = EDGE_LOOP('',(#13260,#13261,#13262,#13263));
#13260 = ORIENTED_EDGE('',*,*,#13182,.F.);
#13261 = ORIENTED_EDGE('',*,*,#12703,.F.);
#13262 = ORIENTED_EDGE('',*,*,#13119,.T.);
#13263 = ORIENTED_EDGE('',*,*,#13264,.T.);
#13264 = EDGE_CURVE('',#13120,#13183,#13265,.T.);
#13265 = LINE('',#13266,#13267);
#13266 = CARTESIAN_POINT('',(95.,273.,709.));
#13267 = VECTOR('',#13268,1.);
#13268 = DIRECTION('',(1.,0.,0.));
#13269 = PLANE('',#13270);
#13270 = AXIS2_PLACEMENT_3D('',#13271,#13272,#13273);
#13271 = CARTESIAN_POINT('',(95.,273.,538.));
#13272 = DIRECTION('',(0.,1.,0.));
#13273 = DIRECTION('',(0.,0.,1.));
#13274 = ADVANCED_FACE('',(#13275,#13286),#13297,.F.);
#13275 = FACE_BOUND('',#13276,.F.);
#13276 = EDGE_LOOP('',(#13277,#13278,#13284,#13285));
#13277 = ORIENTED_EDGE('',*,*,#13168,.F.);
#13278 = ORIENTED_EDGE('',*,*,#13279,.F.);
#13279 = EDGE_CURVE('',#13103,#13161,#13280,.T.);
#13280 = LINE('',#13281,#13282);
#13281 = CARTESIAN_POINT('',(95.,273.,538.));
#13282 = VECTOR('',#13283,1.);
#13283 = DIRECTION('',(1.,0.,0.));
#13284 = ORIENTED_EDGE('',*,*,#13110,.T.);
#13285 = ORIENTED_EDGE('',*,*,#12776,.T.);
#13286 = FACE_BOUND('',#13287,.F.);
#13287 = EDGE_LOOP('',(#13288));
#13288 = ORIENTED_EDGE('',*,*,#13289,.F.);
#13289 = EDGE_CURVE('',#13290,#13290,#13292,.T.);
#13290 = VERTEX_POINT('',#13291);
#13291 = CARTESIAN_POINT('',(153.,273.,614.));
#13292 = CIRCLE('',#13293,24.);
#13293 = AXIS2_PLACEMENT_3D('',#13294,#13295,#13296);
#13294 = CARTESIAN_POINT('',(153.,273.,590.));
#13295 = DIRECTION('',(0.,1.,0.));
#13296 = DIRECTION('',(0.,0.,1.));
#13297 = PLANE('',#13298);
#13298 = AXIS2_PLACEMENT_3D('',#13299,#13300,#13301);
#13299 = CARTESIAN_POINT('',(95.,273.,538.));
#13300 = DIRECTION('',(0.,1.,0.));
#13301 = DIRECTION('',(0.,0.,1.));
#13302 = ADVANCED_FACE('',(#13303),#13314,.F.);
#13303 = FACE_BOUND('',#13304,.F.);
#13304 = EDGE_LOOP('',(#13305,#13306,#13312,#13313));
#13305 = ORIENTED_EDGE('',*,*,#12840,.F.);
#13306 = ORIENTED_EDGE('',*,*,#13307,.F.);
#13307 = EDGE_CURVE('',#13290,#12841,#13308,.T.);
#13308 = LINE('',#13309,#13310);
#13309 = CARTESIAN_POINT('',(153.,273.,614.));
#13310 = VECTOR('',#13311,1.);
#13311 = DIRECTION('',(0.,1.,0.));
#13312 = ORIENTED_EDGE('',*,*,#13289,.T.);
#13313 = ORIENTED_EDGE('',*,*,#13307,.T.);
#13314 = CYLINDRICAL_SURFACE('',#13315,24.);
#13315 = AXIS2_PLACEMENT_3D('',#13316,#13317,#13318);
#13316 = CARTESIAN_POINT('',(153.,273.,590.));
#13317 = DIRECTION('',(0.,1.,0.));
#13318 = DIRECTION('',(0.,0.,1.));
#13319 = ADVANCED_FACE('',(#13320,#13331),#13342,.T.);
#13320 = FACE_BOUND('',#13321,.T.);
#13321 = EDGE_LOOP('',(#13322,#13323,#13324,#13330));
#13322 = ORIENTED_EDGE('',*,*,#12912,.F.);
#13323 = ORIENTED_EDGE('',*,*,#12953,.T.);
#13324 = ORIENTED_EDGE('',*,*,#13325,.T.);
#13325 = EDGE_CURVE('',#12946,#12986,#13326,.T.);
#13326 = LINE('',#13327,#13328);
#13327 = CARTESIAN_POINT('',(100.,243.,662.));
#13328 = VECTOR('',#13329,1.);
#13329 = DIRECTION('',(1.,0.,0.));
#13330 = ORIENTED_EDGE('',*,*,#12985,.F.);
#13331 = FACE_BOUND('',#13332,.T.);
#13332 = EDGE_LOOP('',(#13333));
#13333 = ORIENTED_EDGE('',*,*,#13334,.F.);
#13334 = EDGE_CURVE('',#13335,#13335,#13337,.T.);
#13335 = VERTEX_POINT('',#13336);
#13336 = CARTESIAN_POINT('',(110.,243.,655.7));
#13337 = CIRCLE('',#13338,1.7);
#13338 = AXIS2_PLACEMENT_3D('',#13339,#13340,#13341);
#13339 = CARTESIAN_POINT('',(110.,243.,654.));
#13340 = DIRECTION('',(0.,1.,0.));
#13341 = DIRECTION('',(0.,0.,1.));
#13342 = PLANE('',#13343);
#13343 = AXIS2_PLACEMENT_3D('',#13344,#13345,#13346);
#13344 = CARTESIAN_POINT('',(100.,243.,642.));
#13345 = DIRECTION('',(0.,1.,0.));
#13346 = DIRECTION('',(0.,0.,1.));
#13347 = ADVANCED_FACE('',(#13348,#13359),#13370,.T.);
#13348 = FACE_BOUND('',#13349,.T.);
#13349 = EDGE_LOOP('',(#13350,#13351,#13352,#13358));
#13350 = ORIENTED_EDGE('',*,*,#13016,.T.);
#13351 = ORIENTED_EDGE('',*,*,#13001,.T.);
#13352 = ORIENTED_EDGE('',*,*,#13353,.F.);
#13353 = EDGE_CURVE('',#12938,#12994,#13354,.T.);
#13354 = LINE('',#13355,#13356);
#13355 = CARTESIAN_POINT('',(100.,241.,662.));
#13356 = VECTOR('',#13357,1.);
#13357 = DIRECTION('',(1.,0.,0.));
#13358 = ORIENTED_EDGE('',*,*,#12935,.F.);
#13359 = FACE_BOUND('',#13360,.T.);
#13360 = EDGE_LOOP('',(#13361));
#13361 = ORIENTED_EDGE('',*,*,#13362,.T.);
#13362 = EDGE_CURVE('',#13363,#13363,#13365,.T.);
#13363 = VERTEX_POINT('',#13364);
#13364 = CARTESIAN_POINT('',(110.,241.,655.7));
#13365 = CIRCLE('',#13366,1.7);
#13366 = AXIS2_PLACEMENT_3D('',#13367,#13368,#13369);
#13367 = CARTESIAN_POINT('',(110.,241.,654.));
#13368 = DIRECTION('',(0.,1.,0.));
#13369 = DIRECTION('',(0.,0.,1.));
#13370 = PLANE('',#13371);
#13371 = AXIS2_PLACEMENT_3D('',#13372,#13373,#13374);
#13372 = CARTESIAN_POINT('',(110.,241.,651.));
#13373 = DIRECTION('',(-0.,-1.,-0.));
#13374 = DIRECTION('',(0.,0.,-1.));
#13375 = ADVANCED_FACE('',(#13376),#13382,.T.);
#13376 = FACE_BOUND('',#13377,.T.);
#13377 = EDGE_LOOP('',(#13378,#13379,#13380,#13381));
#13378 = ORIENTED_EDGE('',*,*,#12945,.F.);
#13379 = ORIENTED_EDGE('',*,*,#13353,.T.);
#13380 = ORIENTED_EDGE('',*,*,#12993,.T.);
#13381 = ORIENTED_EDGE('',*,*,#13325,.F.);
#13382 = PLANE('',#13383);
#13383 = AXIS2_PLACEMENT_3D('',#13384,#13385,#13386);
#13384 = CARTESIAN_POINT('',(100.,241.,662.));
#13385 = DIRECTION('',(0.,0.,1.));
#13386 = DIRECTION('',(1.,0.,0.));
#13387 = ADVANCED_FACE('',(#13388,#13413),#13424,.T.);
#13388 = FACE_BOUND('',#13389,.T.);
#13389 = EDGE_LOOP('',(#13390,#13391,#13399,#13407));
#13390 = ORIENTED_EDGE('',*,*,#13040,.F.);
#13391 = ORIENTED_EDGE('',*,*,#13392,.T.);
#13392 = EDGE_CURVE('',#13033,#13393,#13395,.T.);
#13393 = VERTEX_POINT('',#13394);
#13394 = CARTESIAN_POINT('',(186.,243.,662.));
#13395 = LINE('',#13396,#13397);
#13396 = CARTESIAN_POINT('',(186.,243.,642.));
#13397 = VECTOR('',#13398,1.);
#13398 = DIRECTION('',(0.,0.,1.));
#13399 = ORIENTED_EDGE('',*,*,#13400,.T.);
#13400 = EDGE_CURVE('',#13393,#13401,#13403,.T.);
#13401 = VERTEX_POINT('',#13402);
#13402 = CARTESIAN_POINT('',(206.,243.,662.));
#13403 = LINE('',#13404,#13405);
#13404 = CARTESIAN_POINT('',(186.,243.,662.));
#13405 = VECTOR('',#13406,1.);
#13406 = DIRECTION('',(1.,0.,0.));
#13407 = ORIENTED_EDGE('',*,*,#13408,.F.);
#13408 = EDGE_CURVE('',#13041,#13401,#13409,.T.);
#13409 = LINE('',#13410,#13411);
#13410 = CARTESIAN_POINT('',(206.,243.,642.));
#13411 = VECTOR('',#13412,1.);
#13412 = DIRECTION('',(0.,0.,1.));
#13413 = FACE_BOUND('',#13414,.T.);
#13414 = EDGE_LOOP('',(#13415));
#13415 = ORIENTED_EDGE('',*,*,#13416,.F.);
#13416 = EDGE_CURVE('',#13417,#13417,#13419,.T.);
#13417 = VERTEX_POINT('',#13418);
#13418 = CARTESIAN_POINT('',(196.,243.,655.7));
#13419 = CIRCLE('',#13420,1.7);
#13420 = AXIS2_PLACEMENT_3D('',#13421,#13422,#13423);
#13421 = CARTESIAN_POINT('',(196.,243.,654.));
#13422 = DIRECTION('',(0.,1.,0.));
#13423 = DIRECTION('',(0.,0.,1.));
#13424 = PLANE('',#13425);
#13425 = AXIS2_PLACEMENT_3D('',#13426,#13427,#13428);
#13426 = CARTESIAN_POINT('',(186.,243.,642.));
#13427 = DIRECTION('',(0.,1.,0.));
#13428 = DIRECTION('',(0.,0.,1.));
#13429 = ADVANCED_FACE('',(#13430),#13436,.F.);
#13430 = FACE_BOUND('',#13431,.F.);
#13431 = EDGE_LOOP('',(#13432,#13433,#13434,#13435));
#13432 = ORIENTED_EDGE('',*,*,#13127,.F.);
#13433 = ORIENTED_EDGE('',*,*,#13235,.T.);
#13434 = ORIENTED_EDGE('',*,*,#13190,.T.);
#13435 = ORIENTED_EDGE('',*,*,#13264,.F.);
#13436 = PLANE('',#13437);
#13437 = AXIS2_PLACEMENT_3D('',#13438,#13439,#13440);
#13438 = CARTESIAN_POINT('',(95.,251.,709.));
#13439 = DIRECTION('',(0.,0.,1.));
#13440 = DIRECTION('',(1.,0.,0.));
#13441 = ADVANCED_FACE('',(#13442),#13453,.T.);
#13442 = FACE_BOUND('',#13443,.T.);
#13443 = EDGE_LOOP('',(#13444,#13445,#13451,#13452));
#13444 = ORIENTED_EDGE('',*,*,#13102,.F.);
#13445 = ORIENTED_EDGE('',*,*,#13446,.T.);
#13446 = EDGE_CURVE('',#13095,#13153,#13447,.T.);
#13447 = LINE('',#13448,#13449);
#13448 = CARTESIAN_POINT('',(95.,251.,538.));
#13449 = VECTOR('',#13450,1.);
#13450 = DIRECTION('',(1.,0.,0.));
#13451 = ORIENTED_EDGE('',*,*,#13160,.T.);
#13452 = ORIENTED_EDGE('',*,*,#13279,.F.);
#13453 = PLANE('',#13454);
#13454 = AXIS2_PLACEMENT_3D('',#13455,#13456,#13457);
#13455 = CARTESIAN_POINT('',(95.,251.,538.));
#13456 = DIRECTION('',(0.,0.,1.));
#13457 = DIRECTION('',(1.,0.,0.));
#13458 = ADVANCED_FACE('',(#13459),#13470,.F.);
#13459 = FACE_BOUND('',#13460,.F.);
#13460 = EDGE_LOOP('',(#13461,#13462,#13468,#13469));
#13461 = ORIENTED_EDGE('',*,*,#13334,.F.);
#13462 = ORIENTED_EDGE('',*,*,#13463,.F.);
#13463 = EDGE_CURVE('',#13363,#13335,#13464,.T.);
#13464 = LINE('',#13465,#13466);
#13465 = CARTESIAN_POINT('',(110.,241.,655.7));
#13466 = VECTOR('',#13467,1.);
#13467 = DIRECTION('',(0.,1.,0.));
#13468 = ORIENTED_EDGE('',*,*,#13362,.T.);
#13469 = ORIENTED_EDGE('',*,*,#13463,.T.);
#13470 = CYLINDRICAL_SURFACE('',#13471,1.7);
#13471 = AXIS2_PLACEMENT_3D('',#13472,#13473,#13474);
#13472 = CARTESIAN_POINT('',(110.,241.,654.));
#13473 = DIRECTION('',(0.,1.,0.));
#13474 = DIRECTION('',(0.,0.,1.));
#13475 = ADVANCED_FACE('',(#13476),#13501,.T.);
#13476 = FACE_BOUND('',#13477,.T.);
#13477 = EDGE_LOOP('',(#13478,#13486,#13494,#13500));
#13478 = ORIENTED_EDGE('',*,*,#13479,.F.);
#13479 = EDGE_CURVE('',#13480,#13393,#13482,.T.);
#13480 = VERTEX_POINT('',#13481);
#13481 = CARTESIAN_POINT('',(186.,241.,662.));
#13482 = LINE('',#13483,#13484);
#13483 = CARTESIAN_POINT('',(186.,241.,662.));
#13484 = VECTOR('',#13485,1.);
#13485 = DIRECTION('',(0.,1.,0.));
#13486 = ORIENTED_EDGE('',*,*,#13487,.T.);
#13487 = EDGE_CURVE('',#13480,#13488,#13490,.T.);
#13488 = VERTEX_POINT('',#13489);
#13489 = CARTESIAN_POINT('',(206.,241.,662.));
#13490 = LINE('',#13491,#13492);
#13491 = CARTESIAN_POINT('',(186.,241.,662.));
#13492 = VECTOR('',#13493,1.);
#13493 = DIRECTION('',(1.,0.,0.));
#13494 = ORIENTED_EDGE('',*,*,#13495,.T.);
#13495 = EDGE_CURVE('',#13488,#13401,#13496,.T.);
#13496 = LINE('',#13497,#13498);
#13497 = CARTESIAN_POINT('',(206.,241.,662.));
#13498 = VECTOR('',#13499,1.);
#13499 = DIRECTION('',(0.,1.,0.));
#13500 = ORIENTED_EDGE('',*,*,#13400,.F.);
#13501 = PLANE('',#13502);
#13502 = AXIS2_PLACEMENT_3D('',#13503,#13504,#13505);
#13503 = CARTESIAN_POINT('',(186.,241.,662.));
#13504 = DIRECTION('',(0.,0.,1.));
#13505 = DIRECTION('',(1.,0.,0.));
#13506 = ADVANCED_FACE('',(#13507),#13526,.F.);
#13507 = FACE_BOUND('',#13508,.F.);
#13508 = EDGE_LOOP('',(#13509,#13510,#13518,#13525));
#13509 = ORIENTED_EDGE('',*,*,#13416,.F.);
#13510 = ORIENTED_EDGE('',*,*,#13511,.F.);
#13511 = EDGE_CURVE('',#13512,#13417,#13514,.T.);
#13512 = VERTEX_POINT('',#13513);
#13513 = CARTESIAN_POINT('',(196.,241.,655.7));
#13514 = LINE('',#13515,#13516);
#13515 = CARTESIAN_POINT('',(196.,241.,655.7));
#13516 = VECTOR('',#13517,1.);
#13517 = DIRECTION('',(0.,1.,0.));
#13518 = ORIENTED_EDGE('',*,*,#13519,.T.);
#13519 = EDGE_CURVE('',#13512,#13512,#13520,.T.);
#13520 = CIRCLE('',#13521,1.7);
#13521 = AXIS2_PLACEMENT_3D('',#13522,#13523,#13524);
#13522 = CARTESIAN_POINT('',(196.,241.,654.));
#13523 = DIRECTION('',(0.,1.,0.));
#13524 = DIRECTION('',(0.,0.,1.));
#13525 = ORIENTED_EDGE('',*,*,#13511,.T.);
#13526 = CYLINDRICAL_SURFACE('',#13527,1.7);
#13527 = AXIS2_PLACEMENT_3D('',#13528,#13529,#13530);
#13528 = CARTESIAN_POINT('',(196.,241.,654.));
#13529 = DIRECTION('',(0.,1.,0.));
#13530 = DIRECTION('',(0.,0.,1.));
#13531 = ADVANCED_FACE('',(#13532),#13545,.T.);
#13532 = FACE_BOUND('',#13533,.T.);
#13533 = EDGE_LOOP('',(#13534,#13535,#13536,#13537,#13538,#13539));
#13534 = ORIENTED_EDGE('',*,*,#13079,.T.);
#13535 = ORIENTED_EDGE('',*,*,#12464,.F.);
#13536 = ORIENTED_EDGE('',*,*,#13048,.F.);
#13537 = ORIENTED_EDGE('',*,*,#13408,.T.);
#13538 = ORIENTED_EDGE('',*,*,#13495,.F.);
#13539 = ORIENTED_EDGE('',*,*,#13540,.F.);
#13540 = EDGE_CURVE('',#13072,#13488,#13541,.T.);
#13541 = LINE('',#13542,#13543);
#13542 = CARTESIAN_POINT('',(206.,241.,642.));
#13543 = VECTOR('',#13544,1.);
#13544 = DIRECTION('',(0.,0.,1.));
#13545 = PLANE('',#13546);
#13546 = AXIS2_PLACEMENT_3D('',#13547,#13548,#13549);
#13547 = CARTESIAN_POINT('',(206.,243.24193548387,648.74193548387));
#13548 = DIRECTION('',(1.,0.,0.));
#13549 = DIRECTION('',(0.,0.,1.));
#13550 = ADVANCED_FACE('',(#13551),#13564,.T.);
#13551 = FACE_BOUND('',#13552,.T.);
#13552 = EDGE_LOOP('',(#13553,#13559,#13560,#13561,#13562,#13563));
#13553 = ORIENTED_EDGE('',*,*,#13554,.T.);
#13554 = EDGE_CURVE('',#13064,#13480,#13555,.T.);
#13555 = LINE('',#13556,#13557);
#13556 = CARTESIAN_POINT('',(186.,241.,640.));
#13557 = VECTOR('',#13558,1.);
#13558 = DIRECTION('',(0.,0.,1.));
#13559 = ORIENTED_EDGE('',*,*,#13479,.T.);
#13560 = ORIENTED_EDGE('',*,*,#13392,.F.);
#13561 = ORIENTED_EDGE('',*,*,#13032,.T.);
#13562 = ORIENTED_EDGE('',*,*,#12448,.T.);
#13563 = ORIENTED_EDGE('',*,*,#13063,.F.);
#13564 = PLANE('',#13565);
#13565 = AXIS2_PLACEMENT_3D('',#13566,#13567,#13568);
#13566 = CARTESIAN_POINT('',(186.,243.24193548387,648.74193548387));
#13567 = DIRECTION('',(-1.,-0.,-0.));
#13568 = DIRECTION('',(0.,0.,-1.));
#13569 = ADVANCED_FACE('',(#13570),#13576,.T.);
#13570 = FACE_BOUND('',#13571,.T.);
#13571 = EDGE_LOOP('',(#13572,#13573,#13574,#13575));
#13572 = ORIENTED_EDGE('',*,*,#13152,.F.);
#13573 = ORIENTED_EDGE('',*,*,#13446,.F.);
#13574 = ORIENTED_EDGE('',*,*,#13094,.T.);
#13575 = ORIENTED_EDGE('',*,*,#12512,.T.);
#13576 = PLANE('',#13577);
#13577 = AXIS2_PLACEMENT_3D('',#13578,#13579,#13580);
#13578 = CARTESIAN_POINT('',(95.,251.,538.));
#13579 = DIRECTION('',(0.,1.,0.));
#13580 = DIRECTION('',(0.,0.,1.));
#13581 = ADVANCED_FACE('',(#13582,#13588),#13591,.T.);
#13582 = FACE_BOUND('',#13583,.T.);
#13583 = EDGE_LOOP('',(#13584,#13585,#13586,#13587));
#13584 = ORIENTED_EDGE('',*,*,#13071,.T.);
#13585 = ORIENTED_EDGE('',*,*,#13540,.T.);
#13586 = ORIENTED_EDGE('',*,*,#13487,.F.);
#13587 = ORIENTED_EDGE('',*,*,#13554,.F.);
#13588 = FACE_BOUND('',#13589,.T.);
#13589 = EDGE_LOOP('',(#13590));
#13590 = ORIENTED_EDGE('',*,*,#13519,.T.);
#13591 = PLANE('',#13592);
#13592 = AXIS2_PLACEMENT_3D('',#13593,#13594,#13595);
#13593 = CARTESIAN_POINT('',(196.,241.,651.));
#13594 = DIRECTION('',(-0.,-1.,-0.));
#13595 = DIRECTION('',(0.,0.,-1.));
#13596 = MANIFOLD_SOLID_BREP('',#13597);
#13597 = CLOSED_SHELL('',(#13598,#13631,#13651,#13671));
#13598 = ADVANCED_FACE('',(#13599),#13626,.T.);
#13599 = FACE_BOUND('',#13600,.T.);
#13600 = EDGE_LOOP('',(#13601,#13610,#13618,#13625));
#13601 = ORIENTED_EDGE('',*,*,#13602,.F.);
#13602 = EDGE_CURVE('',#13603,#13603,#13605,.T.);
#13603 = VERTEX_POINT('',#13604);
#13604 = CARTESIAN_POINT('',(153.,243.,684.667));
#13605 = CIRCLE('',#13606,8.5);
#13606 = AXIS2_PLACEMENT_3D('',#13607,#13608,#13609);
#13607 = CARTESIAN_POINT('',(153.,243.,676.167));
#13608 = DIRECTION('',(0.,1.,0.));
#13609 = DIRECTION('',(0.,0.,1.));
#13610 = ORIENTED_EDGE('',*,*,#13611,.F.);
#13611 = EDGE_CURVE('',#13612,#13603,#13614,.T.);
#13612 = VERTEX_POINT('',#13613);
#13613 = CARTESIAN_POINT('',(153.,240.4,684.667));
#13614 = LINE('',#13615,#13616);
#13615 = CARTESIAN_POINT('',(153.,240.4,684.667));
#13616 = VECTOR('',#13617,1.);
#13617 = DIRECTION('',(0.,1.,0.));
#13618 = ORIENTED_EDGE('',*,*,#13619,.T.);
#13619 = EDGE_CURVE('',#13612,#13612,#13620,.T.);
#13620 = CIRCLE('',#13621,8.5);
#13621 = AXIS2_PLACEMENT_3D('',#13622,#13623,#13624);
#13622 = CARTESIAN_POINT('',(153.,240.4,676.167));
#13623 = DIRECTION('',(0.,1.,0.));
#13624 = DIRECTION('',(0.,0.,1.));
#13625 = ORIENTED_EDGE('',*,*,#13611,.T.);
#13626 = CYLINDRICAL_SURFACE('',#13627,8.5);
#13627 = AXIS2_PLACEMENT_3D('',#13628,#13629,#13630);
#13628 = CARTESIAN_POINT('',(153.,240.4,676.167));
#13629 = DIRECTION('',(0.,1.,0.));
#13630 = DIRECTION('',(0.,0.,1.));
#13631 = ADVANCED_FACE('',(#13632,#13635),#13646,.T.);
#13632 = FACE_BOUND('',#13633,.T.);
#13633 = EDGE_LOOP('',(#13634));
#13634 = ORIENTED_EDGE('',*,*,#13602,.T.);
#13635 = FACE_BOUND('',#13636,.T.);
#13636 = EDGE_LOOP('',(#13637));
#13637 = ORIENTED_EDGE('',*,*,#13638,.F.);
#13638 = EDGE_CURVE('',#13639,#13639,#13641,.T.);
#13639 = VERTEX_POINT('',#13640);
#13640 = CARTESIAN_POINT('',(153.,243.,682.217));
#13641 = CIRCLE('',#13642,6.05);
#13642 = AXIS2_PLACEMENT_3D('',#13643,#13644,#13645);
#13643 = CARTESIAN_POINT('',(153.,243.,676.167));
#13644 = DIRECTION('',(0.,1.,0.));
#13645 = DIRECTION('',(0.,0.,1.));
#13646 = PLANE('',#13647);
#13647 = AXIS2_PLACEMENT_3D('',#13648,#13649,#13650);
#13648 = CARTESIAN_POINT('',(153.,243.,676.167));
#13649 = DIRECTION('',(0.,1.,0.));
#13650 = DIRECTION('',(0.,0.,1.));
#13651 = ADVANCED_FACE('',(#13652,#13655),#13666,.F.);
#13652 = FACE_BOUND('',#13653,.F.);
#13653 = EDGE_LOOP('',(#13654));
#13654 = ORIENTED_EDGE('',*,*,#13619,.T.);
#13655 = FACE_BOUND('',#13656,.F.);
#13656 = EDGE_LOOP('',(#13657));
#13657 = ORIENTED_EDGE('',*,*,#13658,.F.);
#13658 = EDGE_CURVE('',#13659,#13659,#13661,.T.);
#13659 = VERTEX_POINT('',#13660);
#13660 = CARTESIAN_POINT('',(153.,240.4,682.217));
#13661 = CIRCLE('',#13662,6.05);
#13662 = AXIS2_PLACEMENT_3D('',#13663,#13664,#13665);
#13663 = CARTESIAN_POINT('',(153.,240.4,676.167));
#13664 = DIRECTION('',(0.,1.,0.));
#13665 = DIRECTION('',(0.,0.,1.));
#13666 = PLANE('',#13667);
#13667 = AXIS2_PLACEMENT_3D('',#13668,#13669,#13670);
#13668 = CARTESIAN_POINT('',(153.,240.4,676.167));
#13669 = DIRECTION('',(0.,1.,0.));
#13670 = DIRECTION('',(0.,0.,1.));
#13671 = ADVANCED_FACE('',(#13672),#13683,.F.);
#13672 = FACE_BOUND('',#13673,.F.);
#13673 = EDGE_LOOP('',(#13674,#13675,#13681,#13682));
#13674 = ORIENTED_EDGE('',*,*,#13638,.F.);
#13675 = ORIENTED_EDGE('',*,*,#13676,.F.);
#13676 = EDGE_CURVE('',#13659,#13639,#13677,.T.);
#13677 = LINE('',#13678,#13679);
#13678 = CARTESIAN_POINT('',(153.,240.4,682.217));
#13679 = VECTOR('',#13680,1.);
#13680 = DIRECTION('',(0.,1.,0.));
#13681 = ORIENTED_EDGE('',*,*,#13658,.T.);
#13682 = ORIENTED_EDGE('',*,*,#13676,.T.);
#13683 = CYLINDRICAL_SURFACE('',#13684,6.05);
#13684 = AXIS2_PLACEMENT_3D('',#13685,#13686,#13687);
#13685 = CARTESIAN_POINT('',(153.,240.4,676.167));
#13686 = DIRECTION('',(0.,1.,0.));
#13687 = DIRECTION('',(0.,0.,1.));
#13688 = MANIFOLD_SOLID_BREP('',#13689);
#13689 = CLOSED_SHELL('',(#13690,#13723,#13743,#13763));
#13690 = ADVANCED_FACE('',(#13691),#13718,.T.);
#13691 = FACE_BOUND('',#13692,.T.);
#13692 = EDGE_LOOP('',(#13693,#13702,#13710,#13717));
#13693 = ORIENTED_EDGE('',*,*,#13694,.F.);
#13694 = EDGE_CURVE('',#13695,#13695,#13697,.T.);
#13695 = VERTEX_POINT('',#13696);
#13696 = CARTESIAN_POINT('',(153.,255.,684.667));
#13697 = CIRCLE('',#13698,8.5);
#13698 = AXIS2_PLACEMENT_3D('',#13699,#13700,#13701);
#13699 = CARTESIAN_POINT('',(153.,255.,676.167));
#13700 = DIRECTION('',(0.,1.,0.));
#13701 = DIRECTION('',(0.,0.,1.));
#13702 = ORIENTED_EDGE('',*,*,#13703,.F.);
#13703 = EDGE_CURVE('',#13704,#13695,#13706,.T.);
#13704 = VERTEX_POINT('',#13705);
#13705 = CARTESIAN_POINT('',(153.,253.,684.667));
#13706 = LINE('',#13707,#13708);
#13707 = CARTESIAN_POINT('',(153.,253.,684.667));
#13708 = VECTOR('',#13709,1.);
#13709 = DIRECTION('',(0.,1.,0.));
#13710 = ORIENTED_EDGE('',*,*,#13711,.T.);
#13711 = EDGE_CURVE('',#13704,#13704,#13712,.T.);
#13712 = CIRCLE('',#13713,8.5);
#13713 = AXIS2_PLACEMENT_3D('',#13714,#13715,#13716);
#13714 = CARTESIAN_POINT('',(153.,253.,676.167));
#13715 = DIRECTION('',(0.,1.,0.));
#13716 = DIRECTION('',(0.,0.,1.));
#13717 = ORIENTED_EDGE('',*,*,#13703,.T.);
#13718 = CYLINDRICAL_SURFACE('',#13719,8.5);
#13719 = AXIS2_PLACEMENT_3D('',#13720,#13721,#13722);
#13720 = CARTESIAN_POINT('',(153.,253.,676.167));
#13721 = DIRECTION('',(0.,1.,0.));
#13722 = DIRECTION('',(0.,0.,1.));
#13723 = ADVANCED_FACE('',(#13724,#13727),#13738,.T.);
#13724 = FACE_BOUND('',#13725,.T.);
#13725 = EDGE_LOOP('',(#13726));
#13726 = ORIENTED_EDGE('',*,*,#13694,.T.);
#13727 = FACE_BOUND('',#13728,.T.);
#13728 = EDGE_LOOP('',(#13729));
#13729 = ORIENTED_EDGE('',*,*,#13730,.F.);
#13730 = EDGE_CURVE('',#13731,#13731,#13733,.T.);
#13731 = VERTEX_POINT('',#13732);
#13732 = CARTESIAN_POINT('',(153.,255.,682.217));
#13733 = CIRCLE('',#13734,6.05);
#13734 = AXIS2_PLACEMENT_3D('',#13735,#13736,#13737);
#13735 = CARTESIAN_POINT('',(153.,255.,676.167));
#13736 = DIRECTION('',(0.,1.,0.));
#13737 = DIRECTION('',(0.,0.,1.));
#13738 = PLANE('',#13739);
#13739 = AXIS2_PLACEMENT_3D('',#13740,#13741,#13742);
#13740 = CARTESIAN_POINT('',(153.,255.,676.167));
#13741 = DIRECTION('',(0.,1.,0.));
#13742 = DIRECTION('',(0.,0.,1.));
#13743 = ADVANCED_FACE('',(#13744,#13747),#13758,.F.);
#13744 = FACE_BOUND('',#13745,.F.);
#13745 = EDGE_LOOP('',(#13746));
#13746 = ORIENTED_EDGE('',*,*,#13711,.T.);
#13747 = FACE_BOUND('',#13748,.F.);
#13748 = EDGE_LOOP('',(#13749));
#13749 = ORIENTED_EDGE('',*,*,#13750,.F.);
#13750 = EDGE_CURVE('',#13751,#13751,#13753,.T.);
#13751 = VERTEX_POINT('',#13752);
#13752 = CARTESIAN_POINT('',(153.,253.,682.217));
#13753 = CIRCLE('',#13754,6.05);
#13754 = AXIS2_PLACEMENT_3D('',#13755,#13756,#13757);
#13755 = CARTESIAN_POINT('',(153.,253.,676.167));
#13756 = DIRECTION('',(0.,1.,0.));
#13757 = DIRECTION('',(0.,0.,1.));
#13758 = PLANE('',#13759);
#13759 = AXIS2_PLACEMENT_3D('',#13760,#13761,#13762);
#13760 = CARTESIAN_POINT('',(153.,253.,676.167));
#13761 = DIRECTION('',(0.,1.,0.));
#13762 = DIRECTION('',(0.,0.,1.));
#13763 = ADVANCED_FACE('',(#13764),#13775,.F.);
#13764 = FACE_BOUND('',#13765,.F.);
#13765 = EDGE_LOOP('',(#13766,#13767,#13773,#13774));
#13766 = ORIENTED_EDGE('',*,*,#13730,.F.);
#13767 = ORIENTED_EDGE('',*,*,#13768,.F.);
#13768 = EDGE_CURVE('',#13751,#13731,#13769,.T.);
#13769 = LINE('',#13770,#13771);
#13770 = CARTESIAN_POINT('',(153.,253.,682.217));
#13771 = VECTOR('',#13772,1.);
#13772 = DIRECTION('',(0.,1.,0.));
#13773 = ORIENTED_EDGE('',*,*,#13750,.T.);
#13774 = ORIENTED_EDGE('',*,*,#13768,.T.);
#13775 = CYLINDRICAL_SURFACE('',#13776,6.05);
#13776 = AXIS2_PLACEMENT_3D('',#13777,#13778,#13779);
#13777 = CARTESIAN_POINT('',(153.,253.,676.167));
#13778 = DIRECTION('',(0.,1.,0.));
#13779 = DIRECTION('',(0.,0.,1.));
#13780 = MANIFOLD_SOLID_BREP('',#13781);
#13781 = CLOSED_SHELL('',(#13782,#13815,#13835,#13855));
#13782 = ADVANCED_FACE('',(#13783),#13810,.T.);
#13783 = FACE_BOUND('',#13784,.T.);
#13784 = EDGE_LOOP('',(#13785,#13794,#13802,#13809));
#13785 = ORIENTED_EDGE('',*,*,#13786,.F.);
#13786 = EDGE_CURVE('',#13787,#13787,#13789,.T.);
#13787 = VERTEX_POINT('',#13788);
#13788 = CARTESIAN_POINT('',(153.,273.,684.667));
#13789 = CIRCLE('',#13790,8.5);
#13790 = AXIS2_PLACEMENT_3D('',#13791,#13792,#13793);
#13791 = CARTESIAN_POINT('',(153.,273.,676.167));
#13792 = DIRECTION('',(0.,1.,0.));
#13793 = DIRECTION('',(0.,0.,1.));
#13794 = ORIENTED_EDGE('',*,*,#13795,.F.);
#13795 = EDGE_CURVE('',#13796,#13787,#13798,.T.);
#13796 = VERTEX_POINT('',#13797);
#13797 = CARTESIAN_POINT('',(153.,270.,684.667));
#13798 = LINE('',#13799,#13800);
#13799 = CARTESIAN_POINT('',(153.,270.,684.667));
#13800 = VECTOR('',#13801,1.);
#13801 = DIRECTION('',(0.,1.,0.));
#13802 = ORIENTED_EDGE('',*,*,#13803,.T.);
#13803 = EDGE_CURVE('',#13796,#13796,#13804,.T.);
#13804 = CIRCLE('',#13805,8.5);
#13805 = AXIS2_PLACEMENT_3D('',#13806,#13807,#13808);
#13806 = CARTESIAN_POINT('',(153.,270.,676.167));
#13807 = DIRECTION('',(0.,1.,0.));
#13808 = DIRECTION('',(0.,0.,1.));
#13809 = ORIENTED_EDGE('',*,*,#13795,.T.);
#13810 = CYLINDRICAL_SURFACE('',#13811,8.5);
#13811 = AXIS2_PLACEMENT_3D('',#13812,#13813,#13814);
#13812 = CARTESIAN_POINT('',(153.,270.,676.167));
#13813 = DIRECTION('',(0.,1.,0.));
#13814 = DIRECTION('',(0.,0.,1.));
#13815 = ADVANCED_FACE('',(#13816,#13819),#13830,.T.);
#13816 = FACE_BOUND('',#13817,.T.);
#13817 = EDGE_LOOP('',(#13818));
#13818 = ORIENTED_EDGE('',*,*,#13786,.T.);
#13819 = FACE_BOUND('',#13820,.T.);
#13820 = EDGE_LOOP('',(#13821));
#13821 = ORIENTED_EDGE('',*,*,#13822,.F.);
#13822 = EDGE_CURVE('',#13823,#13823,#13825,.T.);
#13823 = VERTEX_POINT('',#13824);
#13824 = CARTESIAN_POINT('',(153.,273.,682.217));
#13825 = CIRCLE('',#13826,6.05);
#13826 = AXIS2_PLACEMENT_3D('',#13827,#13828,#13829);
#13827 = CARTESIAN_POINT('',(153.,273.,676.167));
#13828 = DIRECTION('',(0.,1.,0.));
#13829 = DIRECTION('',(0.,0.,1.));
#13830 = PLANE('',#13831);
#13831 = AXIS2_PLACEMENT_3D('',#13832,#13833,#13834);
#13832 = CARTESIAN_POINT('',(153.,273.,676.167));
#13833 = DIRECTION('',(0.,1.,0.));
#13834 = DIRECTION('',(0.,0.,1.));
#13835 = ADVANCED_FACE('',(#13836,#13839),#13850,.F.);
#13836 = FACE_BOUND('',#13837,.F.);
#13837 = EDGE_LOOP('',(#13838));
#13838 = ORIENTED_EDGE('',*,*,#13803,.T.);
#13839 = FACE_BOUND('',#13840,.F.);
#13840 = EDGE_LOOP('',(#13841));
#13841 = ORIENTED_EDGE('',*,*,#13842,.F.);
#13842 = EDGE_CURVE('',#13843,#13843,#13845,.T.);
#13843 = VERTEX_POINT('',#13844);
#13844 = CARTESIAN_POINT('',(153.,270.,682.217));
#13845 = CIRCLE('',#13846,6.05);
#13846 = AXIS2_PLACEMENT_3D('',#13847,#13848,#13849);
#13847 = CARTESIAN_POINT('',(153.,270.,676.167));
#13848 = DIRECTION('',(0.,1.,0.));
#13849 = DIRECTION('',(0.,0.,1.));
#13850 = PLANE('',#13851);
#13851 = AXIS2_PLACEMENT_3D('',#13852,#13853,#13854);
#13852 = CARTESIAN_POINT('',(153.,270.,676.167));
#13853 = DIRECTION('',(0.,1.,0.));
#13854 = DIRECTION('',(0.,0.,1.));
#13855 = ADVANCED_FACE('',(#13856),#13867,.F.);
#13856 = FACE_BOUND('',#13857,.F.);
#13857 = EDGE_LOOP('',(#13858,#13859,#13865,#13866));
#13858 = ORIENTED_EDGE('',*,*,#13822,.F.);
#13859 = ORIENTED_EDGE('',*,*,#13860,.F.);
#13860 = EDGE_CURVE('',#13843,#13823,#13861,.T.);
#13861 = LINE('',#13862,#13863);
#13862 = CARTESIAN_POINT('',(153.,270.,682.217));
#13863 = VECTOR('',#13864,1.);
#13864 = DIRECTION('',(0.,1.,0.));
#13865 = ORIENTED_EDGE('',*,*,#13842,.T.);
#13866 = ORIENTED_EDGE('',*,*,#13860,.T.);
#13867 = CYLINDRICAL_SURFACE('',#13868,6.05);
#13868 = AXIS2_PLACEMENT_3D('',#13869,#13870,#13871);
#13869 = CARTESIAN_POINT('',(153.,270.,676.167));
#13870 = DIRECTION('',(0.,1.,0.));
#13871 = DIRECTION('',(0.,0.,1.));
#13872 = MANIFOLD_SOLID_BREP('',#13873);
#13873 = CLOSED_SHELL('',(#13874,#13907,#13927,#13947));
#13874 = ADVANCED_FACE('',(#13875),#13902,.T.);
#13875 = FACE_BOUND('',#13876,.T.);
#13876 = EDGE_LOOP('',(#13877,#13886,#13894,#13901));
#13877 = ORIENTED_EDGE('',*,*,#13878,.F.);
#13878 = EDGE_CURVE('',#13879,#13879,#13881,.T.);
#13879 = VERTEX_POINT('',#13880);
#13880 = CARTESIAN_POINT('',(153.,284.,684.667));
#13881 = CIRCLE('',#13882,8.5);
#13882 = AXIS2_PLACEMENT_3D('',#13883,#13884,#13885);
#13883 = CARTESIAN_POINT('',(153.,284.,676.167));
#13884 = DIRECTION('',(0.,1.,0.));
#13885 = DIRECTION('',(0.,0.,1.));
#13886 = ORIENTED_EDGE('',*,*,#13887,.F.);
#13887 = EDGE_CURVE('',#13888,#13879,#13890,.T.);
#13888 = VERTEX_POINT('',#13889);
#13889 = CARTESIAN_POINT('',(153.,283.,684.667));
#13890 = LINE('',#13891,#13892);
#13891 = CARTESIAN_POINT('',(153.,283.,684.667));
#13892 = VECTOR('',#13893,1.);
#13893 = DIRECTION('',(0.,1.,0.));
#13894 = ORIENTED_EDGE('',*,*,#13895,.T.);
#13895 = EDGE_CURVE('',#13888,#13888,#13896,.T.);
#13896 = CIRCLE('',#13897,8.5);
#13897 = AXIS2_PLACEMENT_3D('',#13898,#13899,#13900);
#13898 = CARTESIAN_POINT('',(153.,283.,676.167));
#13899 = DIRECTION('',(0.,1.,0.));
#13900 = DIRECTION('',(0.,0.,1.));
#13901 = ORIENTED_EDGE('',*,*,#13887,.T.);
#13902 = CYLINDRICAL_SURFACE('',#13903,8.5);
#13903 = AXIS2_PLACEMENT_3D('',#13904,#13905,#13906);
#13904 = CARTESIAN_POINT('',(153.,283.,676.167));
#13905 = DIRECTION('',(0.,1.,0.));
#13906 = DIRECTION('',(0.,0.,1.));
#13907 = ADVANCED_FACE('',(#13908,#13911),#13922,.T.);
#13908 = FACE_BOUND('',#13909,.T.);
#13909 = EDGE_LOOP('',(#13910));
#13910 = ORIENTED_EDGE('',*,*,#13878,.T.);
#13911 = FACE_BOUND('',#13912,.T.);
#13912 = EDGE_LOOP('',(#13913));
#13913 = ORIENTED_EDGE('',*,*,#13914,.F.);
#13914 = EDGE_CURVE('',#13915,#13915,#13917,.T.);
#13915 = VERTEX_POINT('',#13916);
#13916 = CARTESIAN_POINT('',(153.,284.,682.217));
#13917 = CIRCLE('',#13918,6.05);
#13918 = AXIS2_PLACEMENT_3D('',#13919,#13920,#13921);
#13919 = CARTESIAN_POINT('',(153.,284.,676.167));
#13920 = DIRECTION('',(0.,1.,0.));
#13921 = DIRECTION('',(0.,0.,1.));
#13922 = PLANE('',#13923);
#13923 = AXIS2_PLACEMENT_3D('',#13924,#13925,#13926);
#13924 = CARTESIAN_POINT('',(153.,284.,676.167));
#13925 = DIRECTION('',(0.,1.,0.));
#13926 = DIRECTION('',(0.,0.,1.));
#13927 = ADVANCED_FACE('',(#13928,#13931),#13942,.F.);
#13928 = FACE_BOUND('',#13929,.F.);
#13929 = EDGE_LOOP('',(#13930));
#13930 = ORIENTED_EDGE('',*,*,#13895,.T.);
#13931 = FACE_BOUND('',#13932,.F.);
#13932 = EDGE_LOOP('',(#13933));
#13933 = ORIENTED_EDGE('',*,*,#13934,.F.);
#13934 = EDGE_CURVE('',#13935,#13935,#13937,.T.);
#13935 = VERTEX_POINT('',#13936);
#13936 = CARTESIAN_POINT('',(153.,283.,682.217));
#13937 = CIRCLE('',#13938,6.05);
#13938 = AXIS2_PLACEMENT_3D('',#13939,#13940,#13941);
#13939 = CARTESIAN_POINT('',(153.,283.,676.167));
#13940 = DIRECTION('',(0.,1.,0.));
#13941 = DIRECTION('',(0.,0.,1.));
#13942 = PLANE('',#13943);
#13943 = AXIS2_PLACEMENT_3D('',#13944,#13945,#13946);
#13944 = CARTESIAN_POINT('',(153.,283.,676.167));
#13945 = DIRECTION('',(0.,1.,0.));
#13946 = DIRECTION('',(0.,0.,1.));
#13947 = ADVANCED_FACE('',(#13948),#13959,.F.);
#13948 = FACE_BOUND('',#13949,.F.);
#13949 = EDGE_LOOP('',(#13950,#13951,#13957,#13958));
#13950 = ORIENTED_EDGE('',*,*,#13914,.F.);
#13951 = ORIENTED_EDGE('',*,*,#13952,.F.);
#13952 = EDGE_CURVE('',#13935,#13915,#13953,.T.);
#13953 = LINE('',#13954,#13955);
#13954 = CARTESIAN_POINT('',(153.,283.,682.217));
#13955 = VECTOR('',#13956,1.);
#13956 = DIRECTION('',(0.,1.,0.));
#13957 = ORIENTED_EDGE('',*,*,#13934,.T.);
#13958 = ORIENTED_EDGE('',*,*,#13952,.T.);
#13959 = CYLINDRICAL_SURFACE('',#13960,6.05);
#13960 = AXIS2_PLACEMENT_3D('',#13961,#13962,#13963);
#13961 = CARTESIAN_POINT('',(153.,283.,676.167));
#13962 = DIRECTION('',(0.,1.,0.));
#13963 = DIRECTION('',(0.,0.,1.));
#13964 = MANIFOLD_SOLID_BREP('',#13965);
#13965 = CLOSED_SHELL('',(#13966,#13999,#14019,#14039));
#13966 = ADVANCED_FACE('',(#13967),#13994,.T.);
#13967 = FACE_BOUND('',#13968,.T.);
#13968 = EDGE_LOOP('',(#13969,#13978,#13986,#13993));
#13969 = ORIENTED_EDGE('',*,*,#13970,.F.);
#13970 = EDGE_CURVE('',#13971,#13971,#13973,.T.);
#13971 = VERTEX_POINT('',#13972);
#13972 = CARTESIAN_POINT('',(153.,292.,688.167));
#13973 = CIRCLE('',#13974,12.);
#13974 = AXIS2_PLACEMENT_3D('',#13975,#13976,#13977);
#13975 = CARTESIAN_POINT('',(153.,292.,676.167));
#13976 = DIRECTION('',(0.,1.,0.));
#13977 = DIRECTION('',(0.,0.,1.));
#13978 = ORIENTED_EDGE('',*,*,#13979,.F.);
#13979 = EDGE_CURVE('',#13980,#13971,#13982,.T.);
#13980 = VERTEX_POINT('',#13981);
#13981 = CARTESIAN_POINT('',(153.,284.,688.167));
#13982 = LINE('',#13983,#13984);
#13983 = CARTESIAN_POINT('',(153.,284.,688.167));
#13984 = VECTOR('',#13985,1.);
#13985 = DIRECTION('',(0.,1.,0.));
#13986 = ORIENTED_EDGE('',*,*,#13987,.T.);
#13987 = EDGE_CURVE('',#13980,#13980,#13988,.T.);
#13988 = CIRCLE('',#13989,12.);
#13989 = AXIS2_PLACEMENT_3D('',#13990,#13991,#13992);
#13990 = CARTESIAN_POINT('',(153.,284.,676.167));
#13991 = DIRECTION('',(0.,1.,0.));
#13992 = DIRECTION('',(0.,0.,1.));
#13993 = ORIENTED_EDGE('',*,*,#13979,.T.);
#13994 = CYLINDRICAL_SURFACE('',#13995,12.);
#13995 = AXIS2_PLACEMENT_3D('',#13996,#13997,#13998);
#13996 = CARTESIAN_POINT('',(153.,284.,676.167));
#13997 = DIRECTION('',(0.,1.,0.));
#13998 = DIRECTION('',(0.,0.,1.));
#13999 = ADVANCED_FACE('',(#14000,#14003),#14014,.T.);
#14000 = FACE_BOUND('',#14001,.T.);
#14001 = EDGE_LOOP('',(#14002));
#14002 = ORIENTED_EDGE('',*,*,#13970,.T.);
#14003 = FACE_BOUND('',#14004,.T.);
#14004 = EDGE_LOOP('',(#14005));
#14005 = ORIENTED_EDGE('',*,*,#14006,.F.);
#14006 = EDGE_CURVE('',#14007,#14007,#14009,.T.);
#14007 = VERTEX_POINT('',#14008);
#14008 = CARTESIAN_POINT('',(153.,292.,682.192));
#14009 = CIRCLE('',#14010,6.025);
#14010 = AXIS2_PLACEMENT_3D('',#14011,#14012,#14013);
#14011 = CARTESIAN_POINT('',(153.,292.,676.167));
#14012 = DIRECTION('',(0.,1.,0.));
#14013 = DIRECTION('',(0.,0.,1.));
#14014 = PLANE('',#14015);
#14015 = AXIS2_PLACEMENT_3D('',#14016,#14017,#14018);
#14016 = CARTESIAN_POINT('',(153.,292.,676.167));
#14017 = DIRECTION('',(0.,1.,0.));
#14018 = DIRECTION('',(0.,0.,1.));
#14019 = ADVANCED_FACE('',(#14020,#14023),#14034,.F.);
#14020 = FACE_BOUND('',#14021,.F.);
#14021 = EDGE_LOOP('',(#14022));
#14022 = ORIENTED_EDGE('',*,*,#13987,.T.);
#14023 = FACE_BOUND('',#14024,.F.);
#14024 = EDGE_LOOP('',(#14025));
#14025 = ORIENTED_EDGE('',*,*,#14026,.F.);
#14026 = EDGE_CURVE('',#14027,#14027,#14029,.T.);
#14027 = VERTEX_POINT('',#14028);
#14028 = CARTESIAN_POINT('',(153.,284.,682.192));
#14029 = CIRCLE('',#14030,6.025);
#14030 = AXIS2_PLACEMENT_3D('',#14031,#14032,#14033);
#14031 = CARTESIAN_POINT('',(153.,284.,676.167));
#14032 = DIRECTION('',(0.,1.,0.));
#14033 = DIRECTION('',(0.,0.,1.));
#14034 = PLANE('',#14035);
#14035 = AXIS2_PLACEMENT_3D('',#14036,#14037,#14038);
#14036 = CARTESIAN_POINT('',(153.,284.,676.167));
#14037 = DIRECTION('',(0.,1.,0.));
#14038 = DIRECTION('',(0.,0.,1.));
#14039 = ADVANCED_FACE('',(#14040),#14051,.F.);
#14040 = FACE_BOUND('',#14041,.F.);
#14041 = EDGE_LOOP('',(#14042,#14043,#14049,#14050));
#14042 = ORIENTED_EDGE('',*,*,#14006,.F.);
#14043 = ORIENTED_EDGE('',*,*,#14044,.F.);
#14044 = EDGE_CURVE('',#14027,#14007,#14045,.T.);
#14045 = LINE('',#14046,#14047);
#14046 = CARTESIAN_POINT('',(153.,284.,682.192));
#14047 = VECTOR('',#14048,1.);
#14048 = DIRECTION('',(0.,1.,0.));
#14049 = ORIENTED_EDGE('',*,*,#14026,.T.);
#14050 = ORIENTED_EDGE('',*,*,#14044,.T.);
#14051 = CYLINDRICAL_SURFACE('',#14052,6.025);
#14052 = AXIS2_PLACEMENT_3D('',#14053,#14054,#14055);
#14053 = CARTESIAN_POINT('',(153.,284.,676.167));
#14054 = DIRECTION('',(0.,1.,0.));
#14055 = DIRECTION('',(0.,0.,1.));
#14056 = MANIFOLD_SOLID_BREP('',#14057);
#14057 = CLOSED_SHELL('',(#14058,#14098,#14206,#14230,#14331,#14348,
    #14360,#14377,#14394,#14411,#14428,#14445,#14462));
#14058 = ADVANCED_FACE('',(#14059),#14093,.F.);
#14059 = FACE_BOUND('',#14060,.F.);
#14060 = EDGE_LOOP('',(#14061,#14071,#14079,#14087));
#14061 = ORIENTED_EDGE('',*,*,#14062,.F.);
#14062 = EDGE_CURVE('',#14063,#14065,#14067,.T.);
#14063 = VERTEX_POINT('',#14064);
#14064 = CARTESIAN_POINT('',(296.,401.,358.));
#14065 = VERTEX_POINT('',#14066);
#14066 = CARTESIAN_POINT('',(296.,401.,406.));
#14067 = LINE('',#14068,#14069);
#14068 = CARTESIAN_POINT('',(296.,401.,358.));
#14069 = VECTOR('',#14070,1.);
#14070 = DIRECTION('',(0.,0.,1.));
#14071 = ORIENTED_EDGE('',*,*,#14072,.T.);
#14072 = EDGE_CURVE('',#14063,#14073,#14075,.T.);
#14073 = VERTEX_POINT('',#14074);
#14074 = CARTESIAN_POINT('',(296.,411.,358.));
#14075 = LINE('',#14076,#14077);
#14076 = CARTESIAN_POINT('',(296.,401.,358.));
#14077 = VECTOR('',#14078,1.);
#14078 = DIRECTION('',(0.,1.,0.));
#14079 = ORIENTED_EDGE('',*,*,#14080,.T.);
#14080 = EDGE_CURVE('',#14073,#14081,#14083,.T.);
#14081 = VERTEX_POINT('',#14082);
#14082 = CARTESIAN_POINT('',(296.,411.,406.));
#14083 = LINE('',#14084,#14085);
#14084 = CARTESIAN_POINT('',(296.,411.,358.));
#14085 = VECTOR('',#14086,1.);
#14086 = DIRECTION('',(0.,0.,1.));
#14087 = ORIENTED_EDGE('',*,*,#14088,.F.);
#14088 = EDGE_CURVE('',#14065,#14081,#14089,.T.);
#14089 = LINE('',#14090,#14091);
#14090 = CARTESIAN_POINT('',(296.,401.,406.));
#14091 = VECTOR('',#14092,1.);
#14092 = DIRECTION('',(0.,1.,0.));
#14093 = PLANE('',#14094);
#14094 = AXIS2_PLACEMENT_3D('',#14095,#14096,#14097);
#14095 = CARTESIAN_POINT('',(296.,401.,358.));
#14096 = DIRECTION('',(1.,0.,0.));
#14097 = DIRECTION('',(0.,0.,1.));
#14098 = ADVANCED_FACE('',(#14099,#14124,#14135,#14146,#14157,#14168,
    #14179,#14190),#14201,.F.);
#14099 = FACE_BOUND('',#14100,.F.);
#14100 = EDGE_LOOP('',(#14101,#14109,#14110,#14118));
#14101 = ORIENTED_EDGE('',*,*,#14102,.F.);
#14102 = EDGE_CURVE('',#14063,#14103,#14105,.T.);
#14103 = VERTEX_POINT('',#14104);
#14104 = CARTESIAN_POINT('',(344.,401.,358.));
#14105 = LINE('',#14106,#14107);
#14106 = CARTESIAN_POINT('',(296.,401.,358.));
#14107 = VECTOR('',#14108,1.);
#14108 = DIRECTION('',(1.,0.,0.));
#14109 = ORIENTED_EDGE('',*,*,#14062,.T.);
#14110 = ORIENTED_EDGE('',*,*,#14111,.T.);
#14111 = EDGE_CURVE('',#14065,#14112,#14114,.T.);
#14112 = VERTEX_POINT('',#14113);
#14113 = CARTESIAN_POINT('',(344.,401.,406.));
#14114 = LINE('',#14115,#14116);
#14115 = CARTESIAN_POINT('',(296.,401.,406.));
#14116 = VECTOR('',#14117,1.);
#14117 = DIRECTION('',(1.,0.,0.));
#14118 = ORIENTED_EDGE('',*,*,#14119,.F.);
#14119 = EDGE_CURVE('',#14103,#14112,#14120,.T.);
#14120 = LINE('',#14121,#14122);
#14121 = CARTESIAN_POINT('',(344.,401.,358.));
#14122 = VECTOR('',#14123,1.);
#14123 = DIRECTION('',(0.,0.,1.));
#14124 = FACE_BOUND('',#14125,.F.);
#14125 = EDGE_LOOP('',(#14126));
#14126 = ORIENTED_EDGE('',*,*,#14127,.F.);
#14127 = EDGE_CURVE('',#14128,#14128,#14130,.T.);
#14128 = VERTEX_POINT('',#14129);
#14129 = CARTESIAN_POINT('',(301.,401.,365.25));
#14130 = CIRCLE('',#14131,2.25);
#14131 = AXIS2_PLACEMENT_3D('',#14132,#14133,#14134);
#14132 = CARTESIAN_POINT('',(301.,401.,363.));
#14133 = DIRECTION('',(0.,1.,0.));
#14134 = DIRECTION('',(0.,0.,1.));
#14135 = FACE_BOUND('',#14136,.F.);
#14136 = EDGE_LOOP('',(#14137));
#14137 = ORIENTED_EDGE('',*,*,#14138,.F.);
#14138 = EDGE_CURVE('',#14139,#14139,#14141,.T.);
#14139 = VERTEX_POINT('',#14140);
#14140 = CARTESIAN_POINT('',(300.,401.,383.25));
#14141 = CIRCLE('',#14142,1.25);
#14142 = AXIS2_PLACEMENT_3D('',#14143,#14144,#14145);
#14143 = CARTESIAN_POINT('',(300.,401.,382.));
#14144 = DIRECTION('',(0.,1.,0.));
#14145 = DIRECTION('',(0.,0.,1.));
#14146 = FACE_BOUND('',#14147,.F.);
#14147 = EDGE_LOOP('',(#14148));
#14148 = ORIENTED_EDGE('',*,*,#14149,.F.);
#14149 = EDGE_CURVE('',#14150,#14150,#14152,.T.);
#14150 = VERTEX_POINT('',#14151);
#14151 = CARTESIAN_POINT('',(301.,401.,403.25));
#14152 = CIRCLE('',#14153,2.25);
#14153 = AXIS2_PLACEMENT_3D('',#14154,#14155,#14156);
#14154 = CARTESIAN_POINT('',(301.,401.,401.));
#14155 = DIRECTION('',(0.,1.,0.));
#14156 = DIRECTION('',(0.,0.,1.));
#14157 = FACE_BOUND('',#14158,.F.);
#14158 = EDGE_LOOP('',(#14159));
#14159 = ORIENTED_EDGE('',*,*,#14160,.F.);
#14160 = EDGE_CURVE('',#14161,#14161,#14163,.T.);
#14161 = VERTEX_POINT('',#14162);
#14162 = CARTESIAN_POINT('',(339.,401.,365.25));
#14163 = CIRCLE('',#14164,2.25);
#14164 = AXIS2_PLACEMENT_3D('',#14165,#14166,#14167);
#14165 = CARTESIAN_POINT('',(339.,401.,363.));
#14166 = DIRECTION('',(0.,1.,0.));
#14167 = DIRECTION('',(0.,0.,1.));
#14168 = FACE_BOUND('',#14169,.F.);
#14169 = EDGE_LOOP('',(#14170));
#14170 = ORIENTED_EDGE('',*,*,#14171,.F.);
#14171 = EDGE_CURVE('',#14172,#14172,#14174,.T.);
#14172 = VERTEX_POINT('',#14173);
#14173 = CARTESIAN_POINT('',(320.,401.,398.015));
#14174 = CIRCLE('',#14175,16.015);
#14175 = AXIS2_PLACEMENT_3D('',#14176,#14177,#14178);
#14176 = CARTESIAN_POINT('',(320.,401.,382.));
#14177 = DIRECTION('',(0.,1.,0.));
#14178 = DIRECTION('',(0.,0.,1.));
#14179 = FACE_BOUND('',#14180,.F.);
#14180 = EDGE_LOOP('',(#14181));
#14181 = ORIENTED_EDGE('',*,*,#14182,.F.);
#14182 = EDGE_CURVE('',#14183,#14183,#14185,.T.);
#14183 = VERTEX_POINT('',#14184);
#14184 = CARTESIAN_POINT('',(340.,401.,383.25));
#14185 = CIRCLE('',#14186,1.25);
#14186 = AXIS2_PLACEMENT_3D('',#14187,#14188,#14189);
#14187 = CARTESIAN_POINT('',(340.,401.,382.));
#14188 = DIRECTION('',(0.,1.,0.));
#14189 = DIRECTION('',(0.,0.,1.));
#14190 = FACE_BOUND('',#14191,.F.);
#14191 = EDGE_LOOP('',(#14192));
#14192 = ORIENTED_EDGE('',*,*,#14193,.F.);
#14193 = EDGE_CURVE('',#14194,#14194,#14196,.T.);
#14194 = VERTEX_POINT('',#14195);
#14195 = CARTESIAN_POINT('',(339.,401.,403.25));
#14196 = CIRCLE('',#14197,2.25);
#14197 = AXIS2_PLACEMENT_3D('',#14198,#14199,#14200);
#14198 = CARTESIAN_POINT('',(339.,401.,401.));
#14199 = DIRECTION('',(0.,1.,0.));
#14200 = DIRECTION('',(0.,0.,1.));
#14201 = PLANE('',#14202);
#14202 = AXIS2_PLACEMENT_3D('',#14203,#14204,#14205);
#14203 = CARTESIAN_POINT('',(296.,401.,358.));
#14204 = DIRECTION('',(0.,1.,0.));
#14205 = DIRECTION('',(0.,0.,1.));
#14206 = ADVANCED_FACE('',(#14207),#14225,.T.);
#14207 = FACE_BOUND('',#14208,.T.);
#14208 = EDGE_LOOP('',(#14209,#14210,#14211,#14219));
#14209 = ORIENTED_EDGE('',*,*,#14088,.F.);
#14210 = ORIENTED_EDGE('',*,*,#14111,.T.);
#14211 = ORIENTED_EDGE('',*,*,#14212,.T.);
#14212 = EDGE_CURVE('',#14112,#14213,#14215,.T.);
#14213 = VERTEX_POINT('',#14214);
#14214 = CARTESIAN_POINT('',(344.,411.,406.));
#14215 = LINE('',#14216,#14217);
#14216 = CARTESIAN_POINT('',(344.,401.,406.));
#14217 = VECTOR('',#14218,1.);
#14218 = DIRECTION('',(0.,1.,0.));
#14219 = ORIENTED_EDGE('',*,*,#14220,.F.);
#14220 = EDGE_CURVE('',#14081,#14213,#14221,.T.);
#14221 = LINE('',#14222,#14223);
#14222 = CARTESIAN_POINT('',(296.,411.,406.));
#14223 = VECTOR('',#14224,1.);
#14224 = DIRECTION('',(1.,0.,0.));
#14225 = PLANE('',#14226);
#14226 = AXIS2_PLACEMENT_3D('',#14227,#14228,#14229);
#14227 = CARTESIAN_POINT('',(296.,401.,406.));
#14228 = DIRECTION('',(0.,0.,1.));
#14229 = DIRECTION('',(1.,0.,0.));
#14230 = ADVANCED_FACE('',(#14231,#14249,#14260,#14271,#14282,#14293,
    #14304,#14315),#14326,.T.);
#14231 = FACE_BOUND('',#14232,.T.);
#14232 = EDGE_LOOP('',(#14233,#14241,#14242,#14243));
#14233 = ORIENTED_EDGE('',*,*,#14234,.F.);
#14234 = EDGE_CURVE('',#14073,#14235,#14237,.T.);
#14235 = VERTEX_POINT('',#14236);
#14236 = CARTESIAN_POINT('',(344.,411.,358.));
#14237 = LINE('',#14238,#14239);
#14238 = CARTESIAN_POINT('',(296.,411.,358.));
#14239 = VECTOR('',#14240,1.);
#14240 = DIRECTION('',(1.,0.,0.));
#14241 = ORIENTED_EDGE('',*,*,#14080,.T.);
#14242 = ORIENTED_EDGE('',*,*,#14220,.T.);
#14243 = ORIENTED_EDGE('',*,*,#14244,.F.);
#14244 = EDGE_CURVE('',#14235,#14213,#14245,.T.);
#14245 = LINE('',#14246,#14247);
#14246 = CARTESIAN_POINT('',(344.,411.,358.));
#14247 = VECTOR('',#14248,1.);
#14248 = DIRECTION('',(0.,0.,1.));
#14249 = FACE_BOUND('',#14250,.T.);
#14250 = EDGE_LOOP('',(#14251));
#14251 = ORIENTED_EDGE('',*,*,#14252,.F.);
#14252 = EDGE_CURVE('',#14253,#14253,#14255,.T.);
#14253 = VERTEX_POINT('',#14254);
#14254 = CARTESIAN_POINT('',(301.,411.,365.25));
#14255 = CIRCLE('',#14256,2.25);
#14256 = AXIS2_PLACEMENT_3D('',#14257,#14258,#14259);
#14257 = CARTESIAN_POINT('',(301.,411.,363.));
#14258 = DIRECTION('',(0.,1.,0.));
#14259 = DIRECTION('',(0.,0.,1.));
#14260 = FACE_BOUND('',#14261,.T.);
#14261 = EDGE_LOOP('',(#14262));
#14262 = ORIENTED_EDGE('',*,*,#14263,.F.);
#14263 = EDGE_CURVE('',#14264,#14264,#14266,.T.);
#14264 = VERTEX_POINT('',#14265);
#14265 = CARTESIAN_POINT('',(300.,411.,383.25));
#14266 = CIRCLE('',#14267,1.25);
#14267 = AXIS2_PLACEMENT_3D('',#14268,#14269,#14270);
#14268 = CARTESIAN_POINT('',(300.,411.,382.));
#14269 = DIRECTION('',(0.,1.,0.));
#14270 = DIRECTION('',(0.,0.,1.));
#14271 = FACE_BOUND('',#14272,.T.);
#14272 = EDGE_LOOP('',(#14273));
#14273 = ORIENTED_EDGE('',*,*,#14274,.F.);
#14274 = EDGE_CURVE('',#14275,#14275,#14277,.T.);
#14275 = VERTEX_POINT('',#14276);
#14276 = CARTESIAN_POINT('',(301.,411.,403.25));
#14277 = CIRCLE('',#14278,2.25);
#14278 = AXIS2_PLACEMENT_3D('',#14279,#14280,#14281);
#14279 = CARTESIAN_POINT('',(301.,411.,401.));
#14280 = DIRECTION('',(0.,1.,0.));
#14281 = DIRECTION('',(0.,0.,1.));
#14282 = FACE_BOUND('',#14283,.T.);
#14283 = EDGE_LOOP('',(#14284));
#14284 = ORIENTED_EDGE('',*,*,#14285,.F.);
#14285 = EDGE_CURVE('',#14286,#14286,#14288,.T.);
#14286 = VERTEX_POINT('',#14287);
#14287 = CARTESIAN_POINT('',(339.,411.,365.25));
#14288 = CIRCLE('',#14289,2.25);
#14289 = AXIS2_PLACEMENT_3D('',#14290,#14291,#14292);
#14290 = CARTESIAN_POINT('',(339.,411.,363.));
#14291 = DIRECTION('',(0.,1.,0.));
#14292 = DIRECTION('',(0.,0.,1.));
#14293 = FACE_BOUND('',#14294,.T.);
#14294 = EDGE_LOOP('',(#14295));
#14295 = ORIENTED_EDGE('',*,*,#14296,.F.);
#14296 = EDGE_CURVE('',#14297,#14297,#14299,.T.);
#14297 = VERTEX_POINT('',#14298);
#14298 = CARTESIAN_POINT('',(320.,411.,398.015));
#14299 = CIRCLE('',#14300,16.015);
#14300 = AXIS2_PLACEMENT_3D('',#14301,#14302,#14303);
#14301 = CARTESIAN_POINT('',(320.,411.,382.));
#14302 = DIRECTION('',(0.,1.,0.));
#14303 = DIRECTION('',(0.,0.,1.));
#14304 = FACE_BOUND('',#14305,.T.);
#14305 = EDGE_LOOP('',(#14306));
#14306 = ORIENTED_EDGE('',*,*,#14307,.F.);
#14307 = EDGE_CURVE('',#14308,#14308,#14310,.T.);
#14308 = VERTEX_POINT('',#14309);
#14309 = CARTESIAN_POINT('',(340.,411.,383.25));
#14310 = CIRCLE('',#14311,1.25);
#14311 = AXIS2_PLACEMENT_3D('',#14312,#14313,#14314);
#14312 = CARTESIAN_POINT('',(340.,411.,382.));
#14313 = DIRECTION('',(0.,1.,0.));
#14314 = DIRECTION('',(0.,0.,1.));
#14315 = FACE_BOUND('',#14316,.T.);
#14316 = EDGE_LOOP('',(#14317));
#14317 = ORIENTED_EDGE('',*,*,#14318,.F.);
#14318 = EDGE_CURVE('',#14319,#14319,#14321,.T.);
#14319 = VERTEX_POINT('',#14320);
#14320 = CARTESIAN_POINT('',(339.,411.,403.25));
#14321 = CIRCLE('',#14322,2.25);
#14322 = AXIS2_PLACEMENT_3D('',#14323,#14324,#14325);
#14323 = CARTESIAN_POINT('',(339.,411.,401.));
#14324 = DIRECTION('',(0.,1.,0.));
#14325 = DIRECTION('',(0.,0.,1.));
#14326 = PLANE('',#14327);
#14327 = AXIS2_PLACEMENT_3D('',#14328,#14329,#14330);
#14328 = CARTESIAN_POINT('',(296.,411.,358.));
#14329 = DIRECTION('',(0.,1.,0.));
#14330 = DIRECTION('',(0.,0.,1.));
#14331 = ADVANCED_FACE('',(#14332),#14343,.F.);
#14332 = FACE_BOUND('',#14333,.F.);
#14333 = EDGE_LOOP('',(#14334,#14335,#14336,#14342));
#14334 = ORIENTED_EDGE('',*,*,#14072,.F.);
#14335 = ORIENTED_EDGE('',*,*,#14102,.T.);
#14336 = ORIENTED_EDGE('',*,*,#14337,.T.);
#14337 = EDGE_CURVE('',#14103,#14235,#14338,.T.);
#14338 = LINE('',#14339,#14340);
#14339 = CARTESIAN_POINT('',(344.,401.,358.));
#14340 = VECTOR('',#14341,1.);
#14341 = DIRECTION('',(0.,1.,0.));
#14342 = ORIENTED_EDGE('',*,*,#14234,.F.);
#14343 = PLANE('',#14344);
#14344 = AXIS2_PLACEMENT_3D('',#14345,#14346,#14347);
#14345 = CARTESIAN_POINT('',(296.,401.,358.));
#14346 = DIRECTION('',(0.,0.,1.));
#14347 = DIRECTION('',(1.,0.,0.));
#14348 = ADVANCED_FACE('',(#14349),#14355,.T.);
#14349 = FACE_BOUND('',#14350,.T.);
#14350 = EDGE_LOOP('',(#14351,#14352,#14353,#14354));
#14351 = ORIENTED_EDGE('',*,*,#14119,.F.);
#14352 = ORIENTED_EDGE('',*,*,#14337,.T.);
#14353 = ORIENTED_EDGE('',*,*,#14244,.T.);
#14354 = ORIENTED_EDGE('',*,*,#14212,.F.);
#14355 = PLANE('',#14356);
#14356 = AXIS2_PLACEMENT_3D('',#14357,#14358,#14359);
#14357 = CARTESIAN_POINT('',(344.,401.,358.));
#14358 = DIRECTION('',(1.,0.,0.));
#14359 = DIRECTION('',(0.,0.,1.));
#14360 = ADVANCED_FACE('',(#14361),#14372,.F.);
#14361 = FACE_BOUND('',#14362,.F.);
#14362 = EDGE_LOOP('',(#14363,#14364,#14370,#14371));
#14363 = ORIENTED_EDGE('',*,*,#14252,.F.);
#14364 = ORIENTED_EDGE('',*,*,#14365,.F.);
#14365 = EDGE_CURVE('',#14128,#14253,#14366,.T.);
#14366 = LINE('',#14367,#14368);
#14367 = CARTESIAN_POINT('',(301.,401.,365.25));
#14368 = VECTOR('',#14369,1.);
#14369 = DIRECTION('',(0.,1.,0.));
#14370 = ORIENTED_EDGE('',*,*,#14127,.T.);
#14371 = ORIENTED_EDGE('',*,*,#14365,.T.);
#14372 = CYLINDRICAL_SURFACE('',#14373,2.25);
#14373 = AXIS2_PLACEMENT_3D('',#14374,#14375,#14376);
#14374 = CARTESIAN_POINT('',(301.,401.,363.));
#14375 = DIRECTION('',(0.,1.,0.));
#14376 = DIRECTION('',(0.,0.,1.));
#14377 = ADVANCED_FACE('',(#14378),#14389,.F.);
#14378 = FACE_BOUND('',#14379,.F.);
#14379 = EDGE_LOOP('',(#14380,#14381,#14387,#14388));
#14380 = ORIENTED_EDGE('',*,*,#14263,.F.);
#14381 = ORIENTED_EDGE('',*,*,#14382,.F.);
#14382 = EDGE_CURVE('',#14139,#14264,#14383,.T.);
#14383 = LINE('',#14384,#14385);
#14384 = CARTESIAN_POINT('',(300.,401.,383.25));
#14385 = VECTOR('',#14386,1.);
#14386 = DIRECTION('',(0.,1.,0.));
#14387 = ORIENTED_EDGE('',*,*,#14138,.T.);
#14388 = ORIENTED_EDGE('',*,*,#14382,.T.);
#14389 = CYLINDRICAL_SURFACE('',#14390,1.25);
#14390 = AXIS2_PLACEMENT_3D('',#14391,#14392,#14393);
#14391 = CARTESIAN_POINT('',(300.,401.,382.));
#14392 = DIRECTION('',(0.,1.,0.));
#14393 = DIRECTION('',(0.,0.,1.));
#14394 = ADVANCED_FACE('',(#14395),#14406,.F.);
#14395 = FACE_BOUND('',#14396,.F.);
#14396 = EDGE_LOOP('',(#14397,#14398,#14404,#14405));
#14397 = ORIENTED_EDGE('',*,*,#14274,.F.);
#14398 = ORIENTED_EDGE('',*,*,#14399,.F.);
#14399 = EDGE_CURVE('',#14150,#14275,#14400,.T.);
#14400 = LINE('',#14401,#14402);
#14401 = CARTESIAN_POINT('',(301.,401.,403.25));
#14402 = VECTOR('',#14403,1.);
#14403 = DIRECTION('',(0.,1.,0.));
#14404 = ORIENTED_EDGE('',*,*,#14149,.T.);
#14405 = ORIENTED_EDGE('',*,*,#14399,.T.);
#14406 = CYLINDRICAL_SURFACE('',#14407,2.25);
#14407 = AXIS2_PLACEMENT_3D('',#14408,#14409,#14410);
#14408 = CARTESIAN_POINT('',(301.,401.,401.));
#14409 = DIRECTION('',(0.,1.,0.));
#14410 = DIRECTION('',(0.,0.,1.));
#14411 = ADVANCED_FACE('',(#14412),#14423,.F.);
#14412 = FACE_BOUND('',#14413,.F.);
#14413 = EDGE_LOOP('',(#14414,#14415,#14421,#14422));
#14414 = ORIENTED_EDGE('',*,*,#14285,.F.);
#14415 = ORIENTED_EDGE('',*,*,#14416,.F.);
#14416 = EDGE_CURVE('',#14161,#14286,#14417,.T.);
#14417 = LINE('',#14418,#14419);
#14418 = CARTESIAN_POINT('',(339.,401.,365.25));
#14419 = VECTOR('',#14420,1.);
#14420 = DIRECTION('',(0.,1.,0.));
#14421 = ORIENTED_EDGE('',*,*,#14160,.T.);
#14422 = ORIENTED_EDGE('',*,*,#14416,.T.);
#14423 = CYLINDRICAL_SURFACE('',#14424,2.25);
#14424 = AXIS2_PLACEMENT_3D('',#14425,#14426,#14427);
#14425 = CARTESIAN_POINT('',(339.,401.,363.));
#14426 = DIRECTION('',(0.,1.,0.));
#14427 = DIRECTION('',(0.,0.,1.));
#14428 = ADVANCED_FACE('',(#14429),#14440,.F.);
#14429 = FACE_BOUND('',#14430,.F.);
#14430 = EDGE_LOOP('',(#14431,#14432,#14438,#14439));
#14431 = ORIENTED_EDGE('',*,*,#14296,.F.);
#14432 = ORIENTED_EDGE('',*,*,#14433,.F.);
#14433 = EDGE_CURVE('',#14172,#14297,#14434,.T.);
#14434 = LINE('',#14435,#14436);
#14435 = CARTESIAN_POINT('',(320.,401.,398.015));
#14436 = VECTOR('',#14437,1.);
#14437 = DIRECTION('',(0.,1.,0.));
#14438 = ORIENTED_EDGE('',*,*,#14171,.T.);
#14439 = ORIENTED_EDGE('',*,*,#14433,.T.);
#14440 = CYLINDRICAL_SURFACE('',#14441,16.015);
#14441 = AXIS2_PLACEMENT_3D('',#14442,#14443,#14444);
#14442 = CARTESIAN_POINT('',(320.,401.,382.));
#14443 = DIRECTION('',(0.,1.,0.));
#14444 = DIRECTION('',(0.,0.,1.));
#14445 = ADVANCED_FACE('',(#14446),#14457,.F.);
#14446 = FACE_BOUND('',#14447,.F.);
#14447 = EDGE_LOOP('',(#14448,#14449,#14455,#14456));
#14448 = ORIENTED_EDGE('',*,*,#14307,.F.);
#14449 = ORIENTED_EDGE('',*,*,#14450,.F.);
#14450 = EDGE_CURVE('',#14183,#14308,#14451,.T.);
#14451 = LINE('',#14452,#14453);
#14452 = CARTESIAN_POINT('',(340.,401.,383.25));
#14453 = VECTOR('',#14454,1.);
#14454 = DIRECTION('',(0.,1.,0.));
#14455 = ORIENTED_EDGE('',*,*,#14182,.T.);
#14456 = ORIENTED_EDGE('',*,*,#14450,.T.);
#14457 = CYLINDRICAL_SURFACE('',#14458,1.25);
#14458 = AXIS2_PLACEMENT_3D('',#14459,#14460,#14461);
#14459 = CARTESIAN_POINT('',(340.,401.,382.));
#14460 = DIRECTION('',(0.,1.,0.));
#14461 = DIRECTION('',(0.,0.,1.));
#14462 = ADVANCED_FACE('',(#14463),#14474,.F.);
#14463 = FACE_BOUND('',#14464,.F.);
#14464 = EDGE_LOOP('',(#14465,#14466,#14472,#14473));
#14465 = ORIENTED_EDGE('',*,*,#14318,.F.);
#14466 = ORIENTED_EDGE('',*,*,#14467,.F.);
#14467 = EDGE_CURVE('',#14194,#14319,#14468,.T.);
#14468 = LINE('',#14469,#14470);
#14469 = CARTESIAN_POINT('',(339.,401.,403.25));
#14470 = VECTOR('',#14471,1.);
#14471 = DIRECTION('',(0.,1.,0.));
#14472 = ORIENTED_EDGE('',*,*,#14193,.T.);
#14473 = ORIENTED_EDGE('',*,*,#14467,.T.);
#14474 = CYLINDRICAL_SURFACE('',#14475,2.25);
#14475 = AXIS2_PLACEMENT_3D('',#14476,#14477,#14478);
#14476 = CARTESIAN_POINT('',(339.,401.,401.));
#14477 = DIRECTION('',(0.,1.,0.));
#14478 = DIRECTION('',(0.,0.,1.));
#14479 = MANIFOLD_SOLID_BREP('',#14480);
#14480 = CLOSED_SHELL('',(#14481,#14514,#14534,#14554));
#14481 = ADVANCED_FACE('',(#14482),#14509,.T.);
#14482 = FACE_BOUND('',#14483,.T.);
#14483 = EDGE_LOOP('',(#14484,#14493,#14501,#14508));
#14484 = ORIENTED_EDGE('',*,*,#14485,.F.);
#14485 = EDGE_CURVE('',#14486,#14486,#14488,.T.);
#14486 = VERTEX_POINT('',#14487);
#14487 = CARTESIAN_POINT('',(320.,411.,398.));
#14488 = CIRCLE('',#14489,16.);
#14489 = AXIS2_PLACEMENT_3D('',#14490,#14491,#14492);
#14490 = CARTESIAN_POINT('',(320.,411.,382.));
#14491 = DIRECTION('',(0.,1.,0.));
#14492 = DIRECTION('',(0.,0.,1.));
#14493 = ORIENTED_EDGE('',*,*,#14494,.F.);
#14494 = EDGE_CURVE('',#14495,#14486,#14497,.T.);
#14495 = VERTEX_POINT('',#14496);
#14496 = CARTESIAN_POINT('',(320.,401.,398.));
#14497 = LINE('',#14498,#14499);
#14498 = CARTESIAN_POINT('',(320.,401.,398.));
#14499 = VECTOR('',#14500,1.);
#14500 = DIRECTION('',(0.,1.,0.));
#14501 = ORIENTED_EDGE('',*,*,#14502,.T.);
#14502 = EDGE_CURVE('',#14495,#14495,#14503,.T.);
#14503 = CIRCLE('',#14504,16.);
#14504 = AXIS2_PLACEMENT_3D('',#14505,#14506,#14507);
#14505 = CARTESIAN_POINT('',(320.,401.,382.));
#14506 = DIRECTION('',(0.,1.,0.));
#14507 = DIRECTION('',(0.,0.,1.));
#14508 = ORIENTED_EDGE('',*,*,#14494,.T.);
#14509 = CYLINDRICAL_SURFACE('',#14510,16.);
#14510 = AXIS2_PLACEMENT_3D('',#14511,#14512,#14513);
#14511 = CARTESIAN_POINT('',(320.,401.,382.));
#14512 = DIRECTION('',(0.,1.,0.));
#14513 = DIRECTION('',(0.,0.,1.));
#14514 = ADVANCED_FACE('',(#14515,#14518),#14529,.T.);
#14515 = FACE_BOUND('',#14516,.T.);
#14516 = EDGE_LOOP('',(#14517));
#14517 = ORIENTED_EDGE('',*,*,#14485,.T.);
#14518 = FACE_BOUND('',#14519,.T.);
#14519 = EDGE_LOOP('',(#14520));
#14520 = ORIENTED_EDGE('',*,*,#14521,.F.);
#14521 = EDGE_CURVE('',#14522,#14522,#14524,.T.);
#14522 = VERTEX_POINT('',#14523);
#14523 = CARTESIAN_POINT('',(320.,411.,388.));
#14524 = CIRCLE('',#14525,6.);
#14525 = AXIS2_PLACEMENT_3D('',#14526,#14527,#14528);
#14526 = CARTESIAN_POINT('',(320.,411.,382.));
#14527 = DIRECTION('',(0.,1.,0.));
#14528 = DIRECTION('',(0.,0.,1.));
#14529 = PLANE('',#14530);
#14530 = AXIS2_PLACEMENT_3D('',#14531,#14532,#14533);
#14531 = CARTESIAN_POINT('',(320.,411.,382.));
#14532 = DIRECTION('',(0.,1.,0.));
#14533 = DIRECTION('',(0.,0.,1.));
#14534 = ADVANCED_FACE('',(#14535,#14538),#14549,.F.);
#14535 = FACE_BOUND('',#14536,.F.);
#14536 = EDGE_LOOP('',(#14537));
#14537 = ORIENTED_EDGE('',*,*,#14502,.T.);
#14538 = FACE_BOUND('',#14539,.F.);
#14539 = EDGE_LOOP('',(#14540));
#14540 = ORIENTED_EDGE('',*,*,#14541,.F.);
#14541 = EDGE_CURVE('',#14542,#14542,#14544,.T.);
#14542 = VERTEX_POINT('',#14543);
#14543 = CARTESIAN_POINT('',(320.,401.,388.));
#14544 = CIRCLE('',#14545,6.);
#14545 = AXIS2_PLACEMENT_3D('',#14546,#14547,#14548);
#14546 = CARTESIAN_POINT('',(320.,401.,382.));
#14547 = DIRECTION('',(0.,1.,0.));
#14548 = DIRECTION('',(0.,0.,1.));
#14549 = PLANE('',#14550);
#14550 = AXIS2_PLACEMENT_3D('',#14551,#14552,#14553);
#14551 = CARTESIAN_POINT('',(320.,401.,382.));
#14552 = DIRECTION('',(0.,1.,0.));
#14553 = DIRECTION('',(0.,0.,1.));
#14554 = ADVANCED_FACE('',(#14555),#14566,.F.);
#14555 = FACE_BOUND('',#14556,.F.);
#14556 = EDGE_LOOP('',(#14557,#14558,#14564,#14565));
#14557 = ORIENTED_EDGE('',*,*,#14521,.F.);
#14558 = ORIENTED_EDGE('',*,*,#14559,.F.);
#14559 = EDGE_CURVE('',#14542,#14522,#14560,.T.);
#14560 = LINE('',#14561,#14562);
#14561 = CARTESIAN_POINT('',(320.,401.,388.));
#14562 = VECTOR('',#14563,1.);
#14563 = DIRECTION('',(0.,1.,0.));
#14564 = ORIENTED_EDGE('',*,*,#14541,.T.);
#14565 = ORIENTED_EDGE('',*,*,#14559,.T.);
#14566 = CYLINDRICAL_SURFACE('',#14567,6.);
#14567 = AXIS2_PLACEMENT_3D('',#14568,#14569,#14570);
#14568 = CARTESIAN_POINT('',(320.,401.,382.));
#14569 = DIRECTION('',(0.,1.,0.));
#14570 = DIRECTION('',(0.,0.,1.));
#14571 = MANIFOLD_SOLID_BREP('',#14572);
#14572 = CLOSED_SHELL('',(#14573,#14606,#14648,#14690,#14707,#14724));
#14573 = ADVANCED_FACE('',(#14574),#14601,.T.);
#14574 = FACE_BOUND('',#14575,.T.);
#14575 = EDGE_LOOP('',(#14576,#14585,#14593,#14600));
#14576 = ORIENTED_EDGE('',*,*,#14577,.F.);
#14577 = EDGE_CURVE('',#14578,#14578,#14580,.T.);
#14578 = VERTEX_POINT('',#14579);
#14579 = CARTESIAN_POINT('',(320.,413.,405.));
#14580 = CIRCLE('',#14581,23.);
#14581 = AXIS2_PLACEMENT_3D('',#14582,#14583,#14584);
#14582 = CARTESIAN_POINT('',(320.,413.,382.));
#14583 = DIRECTION('',(0.,1.,0.));
#14584 = DIRECTION('',(0.,0.,1.));
#14585 = ORIENTED_EDGE('',*,*,#14586,.F.);
#14586 = EDGE_CURVE('',#14587,#14578,#14589,.T.);
#14587 = VERTEX_POINT('',#14588);
#14588 = CARTESIAN_POINT('',(320.,411.,405.));
#14589 = LINE('',#14590,#14591);
#14590 = CARTESIAN_POINT('',(320.,411.,405.));
#14591 = VECTOR('',#14592,1.);
#14592 = DIRECTION('',(0.,1.,0.));
#14593 = ORIENTED_EDGE('',*,*,#14594,.T.);
#14594 = EDGE_CURVE('',#14587,#14587,#14595,.T.);
#14595 = CIRCLE('',#14596,23.);
#14596 = AXIS2_PLACEMENT_3D('',#14597,#14598,#14599);
#14597 = CARTESIAN_POINT('',(320.,411.,382.));
#14598 = DIRECTION('',(0.,1.,0.));
#14599 = DIRECTION('',(0.,0.,1.));
#14600 = ORIENTED_EDGE('',*,*,#14586,.T.);
#14601 = CYLINDRICAL_SURFACE('',#14602,23.);
#14602 = AXIS2_PLACEMENT_3D('',#14603,#14604,#14605);
#14603 = CARTESIAN_POINT('',(320.,411.,382.));
#14604 = DIRECTION('',(0.,1.,0.));
#14605 = DIRECTION('',(0.,0.,1.));
#14606 = ADVANCED_FACE('',(#14607,#14610,#14621,#14632),#14643,.T.);
#14607 = FACE_BOUND('',#14608,.T.);
#14608 = EDGE_LOOP('',(#14609));
#14609 = ORIENTED_EDGE('',*,*,#14577,.T.);
#14610 = FACE_BOUND('',#14611,.T.);
#14611 = EDGE_LOOP('',(#14612));
#14612 = ORIENTED_EDGE('',*,*,#14613,.F.);
#14613 = EDGE_CURVE('',#14614,#14614,#14616,.T.);
#14614 = VERTEX_POINT('',#14615);
#14615 = CARTESIAN_POINT('',(300.,413.,383.7));
#14616 = CIRCLE('',#14617,1.7);
#14617 = AXIS2_PLACEMENT_3D('',#14618,#14619,#14620);
#14618 = CARTESIAN_POINT('',(300.,413.,382.));
#14619 = DIRECTION('',(0.,1.,0.));
#14620 = DIRECTION('',(0.,0.,1.));
#14621 = FACE_BOUND('',#14622,.T.);
#14622 = EDGE_LOOP('',(#14623));
#14623 = ORIENTED_EDGE('',*,*,#14624,.F.);
#14624 = EDGE_CURVE('',#14625,#14625,#14627,.T.);
#14625 = VERTEX_POINT('',#14626);
#14626 = CARTESIAN_POINT('',(320.,413.,395.7));
#14627 = CIRCLE('',#14628,13.7);
#14628 = AXIS2_PLACEMENT_3D('',#14629,#14630,#14631);
#14629 = CARTESIAN_POINT('',(320.,413.,382.));
#14630 = DIRECTION('',(0.,1.,0.));
#14631 = DIRECTION('',(0.,0.,1.));
#14632 = FACE_BOUND('',#14633,.T.);
#14633 = EDGE_LOOP('',(#14634));
#14634 = ORIENTED_EDGE('',*,*,#14635,.F.);
#14635 = EDGE_CURVE('',#14636,#14636,#14638,.T.);
#14636 = VERTEX_POINT('',#14637);
#14637 = CARTESIAN_POINT('',(340.,413.,383.7));
#14638 = CIRCLE('',#14639,1.7);
#14639 = AXIS2_PLACEMENT_3D('',#14640,#14641,#14642);
#14640 = CARTESIAN_POINT('',(340.,413.,382.));
#14641 = DIRECTION('',(0.,1.,0.));
#14642 = DIRECTION('',(0.,0.,1.));
#14643 = PLANE('',#14644);
#14644 = AXIS2_PLACEMENT_3D('',#14645,#14646,#14647);
#14645 = CARTESIAN_POINT('',(320.,413.,382.));
#14646 = DIRECTION('',(0.,1.,0.));
#14647 = DIRECTION('',(0.,0.,1.));
#14648 = ADVANCED_FACE('',(#14649,#14652,#14663,#14674),#14685,.F.);
#14649 = FACE_BOUND('',#14650,.F.);
#14650 = EDGE_LOOP('',(#14651));
#14651 = ORIENTED_EDGE('',*,*,#14594,.T.);
#14652 = FACE_BOUND('',#14653,.F.);
#14653 = EDGE_LOOP('',(#14654));
#14654 = ORIENTED_EDGE('',*,*,#14655,.F.);
#14655 = EDGE_CURVE('',#14656,#14656,#14658,.T.);
#14656 = VERTEX_POINT('',#14657);
#14657 = CARTESIAN_POINT('',(300.,411.,383.7));
#14658 = CIRCLE('',#14659,1.7);
#14659 = AXIS2_PLACEMENT_3D('',#14660,#14661,#14662);
#14660 = CARTESIAN_POINT('',(300.,411.,382.));
#14661 = DIRECTION('',(0.,1.,0.));
#14662 = DIRECTION('',(0.,0.,1.));
#14663 = FACE_BOUND('',#14664,.F.);
#14664 = EDGE_LOOP('',(#14665));
#14665 = ORIENTED_EDGE('',*,*,#14666,.F.);
#14666 = EDGE_CURVE('',#14667,#14667,#14669,.T.);
#14667 = VERTEX_POINT('',#14668);
#14668 = CARTESIAN_POINT('',(320.,411.,395.7));
#14669 = CIRCLE('',#14670,13.7);
#14670 = AXIS2_PLACEMENT_3D('',#14671,#14672,#14673);
#14671 = CARTESIAN_POINT('',(320.,411.,382.));
#14672 = DIRECTION('',(0.,1.,0.));
#14673 = DIRECTION('',(0.,0.,1.));
#14674 = FACE_BOUND('',#14675,.F.);
#14675 = EDGE_LOOP('',(#14676));
#14676 = ORIENTED_EDGE('',*,*,#14677,.F.);
#14677 = EDGE_CURVE('',#14678,#14678,#14680,.T.);
#14678 = VERTEX_POINT('',#14679);
#14679 = CARTESIAN_POINT('',(340.,411.,383.7));
#14680 = CIRCLE('',#14681,1.7);
#14681 = AXIS2_PLACEMENT_3D('',#14682,#14683,#14684);
#14682 = CARTESIAN_POINT('',(340.,411.,382.));
#14683 = DIRECTION('',(0.,1.,0.));
#14684 = DIRECTION('',(0.,0.,1.));
#14685 = PLANE('',#14686);
#14686 = AXIS2_PLACEMENT_3D('',#14687,#14688,#14689);
#14687 = CARTESIAN_POINT('',(320.,411.,382.));
#14688 = DIRECTION('',(0.,1.,0.));
#14689 = DIRECTION('',(0.,0.,1.));
#14690 = ADVANCED_FACE('',(#14691),#14702,.F.);
#14691 = FACE_BOUND('',#14692,.F.);
#14692 = EDGE_LOOP('',(#14693,#14694,#14700,#14701));
#14693 = ORIENTED_EDGE('',*,*,#14613,.F.);
#14694 = ORIENTED_EDGE('',*,*,#14695,.F.);
#14695 = EDGE_CURVE('',#14656,#14614,#14696,.T.);
#14696 = LINE('',#14697,#14698);
#14697 = CARTESIAN_POINT('',(300.,411.,383.7));
#14698 = VECTOR('',#14699,1.);
#14699 = DIRECTION('',(0.,1.,0.));
#14700 = ORIENTED_EDGE('',*,*,#14655,.T.);
#14701 = ORIENTED_EDGE('',*,*,#14695,.T.);
#14702 = CYLINDRICAL_SURFACE('',#14703,1.7);
#14703 = AXIS2_PLACEMENT_3D('',#14704,#14705,#14706);
#14704 = CARTESIAN_POINT('',(300.,411.,382.));
#14705 = DIRECTION('',(0.,1.,0.));
#14706 = DIRECTION('',(0.,0.,1.));
#14707 = ADVANCED_FACE('',(#14708),#14719,.F.);
#14708 = FACE_BOUND('',#14709,.F.);
#14709 = EDGE_LOOP('',(#14710,#14711,#14717,#14718));
#14710 = ORIENTED_EDGE('',*,*,#14624,.F.);
#14711 = ORIENTED_EDGE('',*,*,#14712,.F.);
#14712 = EDGE_CURVE('',#14667,#14625,#14713,.T.);
#14713 = LINE('',#14714,#14715);
#14714 = CARTESIAN_POINT('',(320.,411.,395.7));
#14715 = VECTOR('',#14716,1.);
#14716 = DIRECTION('',(0.,1.,0.));
#14717 = ORIENTED_EDGE('',*,*,#14666,.T.);
#14718 = ORIENTED_EDGE('',*,*,#14712,.T.);
#14719 = CYLINDRICAL_SURFACE('',#14720,13.7);
#14720 = AXIS2_PLACEMENT_3D('',#14721,#14722,#14723);
#14721 = CARTESIAN_POINT('',(320.,411.,382.));
#14722 = DIRECTION('',(0.,1.,0.));
#14723 = DIRECTION('',(0.,0.,1.));
#14724 = ADVANCED_FACE('',(#14725),#14736,.F.);
#14725 = FACE_BOUND('',#14726,.F.);
#14726 = EDGE_LOOP('',(#14727,#14728,#14734,#14735));
#14727 = ORIENTED_EDGE('',*,*,#14635,.F.);
#14728 = ORIENTED_EDGE('',*,*,#14729,.F.);
#14729 = EDGE_CURVE('',#14678,#14636,#14730,.T.);
#14730 = LINE('',#14731,#14732);
#14731 = CARTESIAN_POINT('',(340.,411.,383.7));
#14732 = VECTOR('',#14733,1.);
#14733 = DIRECTION('',(0.,1.,0.));
#14734 = ORIENTED_EDGE('',*,*,#14677,.T.);
#14735 = ORIENTED_EDGE('',*,*,#14729,.T.);
#14736 = CYLINDRICAL_SURFACE('',#14737,1.7);
#14737 = AXIS2_PLACEMENT_3D('',#14738,#14739,#14740);
#14738 = CARTESIAN_POINT('',(340.,411.,382.));
#14739 = DIRECTION('',(0.,1.,0.));
#14740 = DIRECTION('',(0.,0.,1.));
#14741 = MANIFOLD_SOLID_BREP('',#14742);
#14742 = CLOSED_SHELL('',(#14743,#14783,#14814,#14845,#14876,#14907,
    #14926,#14943));
#14743 = ADVANCED_FACE('',(#14744),#14778,.F.);
#14744 = FACE_BOUND('',#14745,.F.);
#14745 = EDGE_LOOP('',(#14746,#14756,#14764,#14772));
#14746 = ORIENTED_EDGE('',*,*,#14747,.F.);
#14747 = EDGE_CURVE('',#14748,#14750,#14752,.T.);
#14748 = VERTEX_POINT('',#14749);
#14749 = CARTESIAN_POINT('',(83.,144.,536.));
#14750 = VERTEX_POINT('',#14751);
#14751 = CARTESIAN_POINT('',(105.,144.,536.));
#14752 = LINE('',#14753,#14754);
#14753 = CARTESIAN_POINT('',(83.,144.,536.));
#14754 = VECTOR('',#14755,1.);
#14755 = DIRECTION('',(1.,0.,0.));
#14756 = ORIENTED_EDGE('',*,*,#14757,.T.);
#14757 = EDGE_CURVE('',#14748,#14758,#14760,.T.);
#14758 = VERTEX_POINT('',#14759);
#14759 = CARTESIAN_POINT('',(83.,144.,542.));
#14760 = LINE('',#14761,#14762);
#14761 = CARTESIAN_POINT('',(83.,144.,536.));
#14762 = VECTOR('',#14763,1.);
#14763 = DIRECTION('',(0.,0.,1.));
#14764 = ORIENTED_EDGE('',*,*,#14765,.T.);
#14765 = EDGE_CURVE('',#14758,#14766,#14768,.T.);
#14766 = VERTEX_POINT('',#14767);
#14767 = CARTESIAN_POINT('',(105.,144.,542.));
#14768 = LINE('',#14769,#14770);
#14769 = CARTESIAN_POINT('',(83.,144.,542.));
#14770 = VECTOR('',#14771,1.);
#14771 = DIRECTION('',(1.,0.,0.));
#14772 = ORIENTED_EDGE('',*,*,#14773,.F.);
#14773 = EDGE_CURVE('',#14750,#14766,#14774,.T.);
#14774 = LINE('',#14775,#14776);
#14775 = CARTESIAN_POINT('',(105.,144.,536.));
#14776 = VECTOR('',#14777,1.);
#14777 = DIRECTION('',(0.,0.,1.));
#14778 = PLANE('',#14779);
#14779 = AXIS2_PLACEMENT_3D('',#14780,#14781,#14782);
#14780 = CARTESIAN_POINT('',(83.,144.,536.));
#14781 = DIRECTION('',(0.,1.,0.));
#14782 = DIRECTION('',(0.,0.,1.));
#14783 = ADVANCED_FACE('',(#14784),#14809,.T.);
#14784 = FACE_BOUND('',#14785,.T.);
#14785 = EDGE_LOOP('',(#14786,#14794,#14795,#14803));
#14786 = ORIENTED_EDGE('',*,*,#14787,.F.);
#14787 = EDGE_CURVE('',#14758,#14788,#14790,.T.);
#14788 = VERTEX_POINT('',#14789);
#14789 = CARTESIAN_POINT('',(83.,174.,542.));
#14790 = LINE('',#14791,#14792);
#14791 = CARTESIAN_POINT('',(83.,144.,542.));
#14792 = VECTOR('',#14793,1.);
#14793 = DIRECTION('',(0.,1.,0.));
#14794 = ORIENTED_EDGE('',*,*,#14765,.T.);
#14795 = ORIENTED_EDGE('',*,*,#14796,.T.);
#14796 = EDGE_CURVE('',#14766,#14797,#14799,.T.);
#14797 = VERTEX_POINT('',#14798);
#14798 = CARTESIAN_POINT('',(105.,174.,542.));
#14799 = LINE('',#14800,#14801);
#14800 = CARTESIAN_POINT('',(105.,144.,542.));
#14801 = VECTOR('',#14802,1.);
#14802 = DIRECTION('',(0.,1.,0.));
#14803 = ORIENTED_EDGE('',*,*,#14804,.F.);
#14804 = EDGE_CURVE('',#14788,#14797,#14805,.T.);
#14805 = LINE('',#14806,#14807);
#14806 = CARTESIAN_POINT('',(83.,174.,542.));
#14807 = VECTOR('',#14808,1.);
#14808 = DIRECTION('',(1.,0.,0.));
#14809 = PLANE('',#14810);
#14810 = AXIS2_PLACEMENT_3D('',#14811,#14812,#14813);
#14811 = CARTESIAN_POINT('',(83.,144.,542.));
#14812 = DIRECTION('',(0.,0.,1.));
#14813 = DIRECTION('',(1.,0.,0.));
#14814 = ADVANCED_FACE('',(#14815),#14840,.F.);
#14815 = FACE_BOUND('',#14816,.F.);
#14816 = EDGE_LOOP('',(#14817,#14825,#14826,#14834));
#14817 = ORIENTED_EDGE('',*,*,#14818,.F.);
#14818 = EDGE_CURVE('',#14748,#14819,#14821,.T.);
#14819 = VERTEX_POINT('',#14820);
#14820 = CARTESIAN_POINT('',(83.,180.,536.));
#14821 = LINE('',#14822,#14823);
#14822 = CARTESIAN_POINT('',(83.,144.,536.));
#14823 = VECTOR('',#14824,1.);
#14824 = DIRECTION('',(0.,1.,0.));
#14825 = ORIENTED_EDGE('',*,*,#14747,.T.);
#14826 = ORIENTED_EDGE('',*,*,#14827,.T.);
#14827 = EDGE_CURVE('',#14750,#14828,#14830,.T.);
#14828 = VERTEX_POINT('',#14829);
#14829 = CARTESIAN_POINT('',(105.,180.,536.));
#14830 = LINE('',#14831,#14832);
#14831 = CARTESIAN_POINT('',(105.,144.,536.));
#14832 = VECTOR('',#14833,1.);
#14833 = DIRECTION('',(0.,1.,0.));
#14834 = ORIENTED_EDGE('',*,*,#14835,.F.);
#14835 = EDGE_CURVE('',#14819,#14828,#14836,.T.);
#14836 = LINE('',#14837,#14838);
#14837 = CARTESIAN_POINT('',(83.,180.,536.));
#14838 = VECTOR('',#14839,1.);
#14839 = DIRECTION('',(1.,0.,0.));
#14840 = PLANE('',#14841);
#14841 = AXIS2_PLACEMENT_3D('',#14842,#14843,#14844);
#14842 = CARTESIAN_POINT('',(83.,144.,536.));
#14843 = DIRECTION('',(0.,0.,1.));
#14844 = DIRECTION('',(1.,0.,0.));
#14845 = ADVANCED_FACE('',(#14846),#14871,.F.);
#14846 = FACE_BOUND('',#14847,.F.);
#14847 = EDGE_LOOP('',(#14848,#14849,#14857,#14865));
#14848 = ORIENTED_EDGE('',*,*,#14804,.F.);
#14849 = ORIENTED_EDGE('',*,*,#14850,.T.);
#14850 = EDGE_CURVE('',#14788,#14851,#14853,.T.);
#14851 = VERTEX_POINT('',#14852);
#14852 = CARTESIAN_POINT('',(83.,174.,642.));
#14853 = LINE('',#14854,#14855);
#14854 = CARTESIAN_POINT('',(83.,174.,542.));
#14855 = VECTOR('',#14856,1.);
#14856 = DIRECTION('',(0.,0.,1.));
#14857 = ORIENTED_EDGE('',*,*,#14858,.T.);
#14858 = EDGE_CURVE('',#14851,#14859,#14861,.T.);
#14859 = VERTEX_POINT('',#14860);
#14860 = CARTESIAN_POINT('',(105.,174.,642.));
#14861 = LINE('',#14862,#14863);
#14862 = CARTESIAN_POINT('',(83.,174.,642.));
#14863 = VECTOR('',#14864,1.);
#14864 = DIRECTION('',(1.,0.,0.));
#14865 = ORIENTED_EDGE('',*,*,#14866,.F.);
#14866 = EDGE_CURVE('',#14797,#14859,#14867,.T.);
#14867 = LINE('',#14868,#14869);
#14868 = CARTESIAN_POINT('',(105.,174.,542.));
#14869 = VECTOR('',#14870,1.);
#14870 = DIRECTION('',(0.,0.,1.));
#14871 = PLANE('',#14872);
#14872 = AXIS2_PLACEMENT_3D('',#14873,#14874,#14875);
#14873 = CARTESIAN_POINT('',(83.,174.,542.));
#14874 = DIRECTION('',(0.,1.,0.));
#14875 = DIRECTION('',(0.,0.,1.));
#14876 = ADVANCED_FACE('',(#14877),#14902,.T.);
#14877 = FACE_BOUND('',#14878,.T.);
#14878 = EDGE_LOOP('',(#14879,#14887,#14888,#14896));
#14879 = ORIENTED_EDGE('',*,*,#14880,.F.);
#14880 = EDGE_CURVE('',#14851,#14881,#14883,.T.);
#14881 = VERTEX_POINT('',#14882);
#14882 = CARTESIAN_POINT('',(83.,180.,642.));
#14883 = LINE('',#14884,#14885);
#14884 = CARTESIAN_POINT('',(83.,174.,642.));
#14885 = VECTOR('',#14886,1.);
#14886 = DIRECTION('',(0.,1.,0.));
#14887 = ORIENTED_EDGE('',*,*,#14858,.T.);
#14888 = ORIENTED_EDGE('',*,*,#14889,.T.);
#14889 = EDGE_CURVE('',#14859,#14890,#14892,.T.);
#14890 = VERTEX_POINT('',#14891);
#14891 = CARTESIAN_POINT('',(105.,180.,642.));
#14892 = LINE('',#14893,#14894);
#14893 = CARTESIAN_POINT('',(105.,174.,642.));
#14894 = VECTOR('',#14895,1.);
#14895 = DIRECTION('',(0.,1.,0.));
#14896 = ORIENTED_EDGE('',*,*,#14897,.F.);
#14897 = EDGE_CURVE('',#14881,#14890,#14898,.T.);
#14898 = LINE('',#14899,#14900);
#14899 = CARTESIAN_POINT('',(83.,180.,642.));
#14900 = VECTOR('',#14901,1.);
#14901 = DIRECTION('',(1.,0.,0.));
#14902 = PLANE('',#14903);
#14903 = AXIS2_PLACEMENT_3D('',#14904,#14905,#14906);
#14904 = CARTESIAN_POINT('',(83.,174.,642.));
#14905 = DIRECTION('',(0.,0.,1.));
#14906 = DIRECTION('',(1.,0.,0.));
#14907 = ADVANCED_FACE('',(#14908),#14921,.T.);
#14908 = FACE_BOUND('',#14909,.T.);
#14909 = EDGE_LOOP('',(#14910,#14911,#14912,#14913,#14914,#14920));
#14910 = ORIENTED_EDGE('',*,*,#14757,.T.);
#14911 = ORIENTED_EDGE('',*,*,#14787,.T.);
#14912 = ORIENTED_EDGE('',*,*,#14850,.T.);
#14913 = ORIENTED_EDGE('',*,*,#14880,.T.);
#14914 = ORIENTED_EDGE('',*,*,#14915,.F.);
#14915 = EDGE_CURVE('',#14819,#14881,#14916,.T.);
#14916 = LINE('',#14917,#14918);
#14917 = CARTESIAN_POINT('',(83.,180.,542.));
#14918 = VECTOR('',#14919,1.);
#14919 = DIRECTION('',(0.,0.,1.));
#14920 = ORIENTED_EDGE('',*,*,#14818,.F.);
#14921 = PLANE('',#14922);
#14922 = AXIS2_PLACEMENT_3D('',#14923,#14924,#14925);
#14923 = CARTESIAN_POINT('',(83.,172.56338028169,578.43661971831));
#14924 = DIRECTION('',(-1.,-0.,-0.));
#14925 = DIRECTION('',(0.,0.,-1.));
#14926 = ADVANCED_FACE('',(#14927),#14938,.T.);
#14927 = FACE_BOUND('',#14928,.T.);
#14928 = EDGE_LOOP('',(#14929,#14930,#14931,#14932));
#14929 = ORIENTED_EDGE('',*,*,#14835,.F.);
#14930 = ORIENTED_EDGE('',*,*,#14915,.T.);
#14931 = ORIENTED_EDGE('',*,*,#14897,.T.);
#14932 = ORIENTED_EDGE('',*,*,#14933,.F.);
#14933 = EDGE_CURVE('',#14828,#14890,#14934,.T.);
#14934 = LINE('',#14935,#14936);
#14935 = CARTESIAN_POINT('',(105.,180.,542.));
#14936 = VECTOR('',#14937,1.);
#14937 = DIRECTION('',(0.,0.,1.));
#14938 = PLANE('',#14939);
#14939 = AXIS2_PLACEMENT_3D('',#14940,#14941,#14942);
#14940 = CARTESIAN_POINT('',(94.,180.,589.));
#14941 = DIRECTION('',(0.,1.,0.));
#14942 = DIRECTION('',(0.,0.,1.));
#14943 = ADVANCED_FACE('',(#14944),#14952,.T.);
#14944 = FACE_BOUND('',#14945,.T.);
#14945 = EDGE_LOOP('',(#14946,#14947,#14948,#14949,#14950,#14951));
#14946 = ORIENTED_EDGE('',*,*,#14773,.F.);
#14947 = ORIENTED_EDGE('',*,*,#14827,.T.);
#14948 = ORIENTED_EDGE('',*,*,#14933,.T.);
#14949 = ORIENTED_EDGE('',*,*,#14889,.F.);
#14950 = ORIENTED_EDGE('',*,*,#14866,.F.);
#14951 = ORIENTED_EDGE('',*,*,#14796,.F.);
#14952 = PLANE('',#14953);
#14953 = AXIS2_PLACEMENT_3D('',#14954,#14955,#14956);
#14954 = CARTESIAN_POINT('',(105.,172.56338028169,578.43661971831));
#14955 = DIRECTION('',(1.,0.,0.));
#14956 = DIRECTION('',(0.,0.,1.));
#14957 = MANIFOLD_SOLID_BREP('',#14958);
#14958 = CLOSED_SHELL('',(#14959,#14999,#15030,#15061,#15092,#15123,
    #15142,#15159));
#14959 = ADVANCED_FACE('',(#14960),#14994,.F.);
#14960 = FACE_BOUND('',#14961,.F.);
#14961 = EDGE_LOOP('',(#14962,#14972,#14980,#14988));
#14962 = ORIENTED_EDGE('',*,*,#14963,.F.);
#14963 = EDGE_CURVE('',#14964,#14966,#14968,.T.);
#14964 = VERTEX_POINT('',#14965);
#14965 = CARTESIAN_POINT('',(201.,144.,536.));
#14966 = VERTEX_POINT('',#14967);
#14967 = CARTESIAN_POINT('',(223.,144.,536.));
#14968 = LINE('',#14969,#14970);
#14969 = CARTESIAN_POINT('',(201.,144.,536.));
#14970 = VECTOR('',#14971,1.);
#14971 = DIRECTION('',(1.,0.,0.));
#14972 = ORIENTED_EDGE('',*,*,#14973,.T.);
#14973 = EDGE_CURVE('',#14964,#14974,#14976,.T.);
#14974 = VERTEX_POINT('',#14975);
#14975 = CARTESIAN_POINT('',(201.,144.,542.));
#14976 = LINE('',#14977,#14978);
#14977 = CARTESIAN_POINT('',(201.,144.,536.));
#14978 = VECTOR('',#14979,1.);
#14979 = DIRECTION('',(0.,0.,1.));
#14980 = ORIENTED_EDGE('',*,*,#14981,.T.);
#14981 = EDGE_CURVE('',#14974,#14982,#14984,.T.);
#14982 = VERTEX_POINT('',#14983);
#14983 = CARTESIAN_POINT('',(223.,144.,542.));
#14984 = LINE('',#14985,#14986);
#14985 = CARTESIAN_POINT('',(201.,144.,542.));
#14986 = VECTOR('',#14987,1.);
#14987 = DIRECTION('',(1.,0.,0.));
#14988 = ORIENTED_EDGE('',*,*,#14989,.F.);
#14989 = EDGE_CURVE('',#14966,#14982,#14990,.T.);
#14990 = LINE('',#14991,#14992);
#14991 = CARTESIAN_POINT('',(223.,144.,536.));
#14992 = VECTOR('',#14993,1.);
#14993 = DIRECTION('',(0.,0.,1.));
#14994 = PLANE('',#14995);
#14995 = AXIS2_PLACEMENT_3D('',#14996,#14997,#14998);
#14996 = CARTESIAN_POINT('',(201.,144.,536.));
#14997 = DIRECTION('',(0.,1.,0.));
#14998 = DIRECTION('',(0.,0.,1.));
#14999 = ADVANCED_FACE('',(#15000),#15025,.T.);
#15000 = FACE_BOUND('',#15001,.T.);
#15001 = EDGE_LOOP('',(#15002,#15010,#15011,#15019));
#15002 = ORIENTED_EDGE('',*,*,#15003,.F.);
#15003 = EDGE_CURVE('',#14974,#15004,#15006,.T.);
#15004 = VERTEX_POINT('',#15005);
#15005 = CARTESIAN_POINT('',(201.,174.,542.));
#15006 = LINE('',#15007,#15008);
#15007 = CARTESIAN_POINT('',(201.,144.,542.));
#15008 = VECTOR('',#15009,1.);
#15009 = DIRECTION('',(0.,1.,0.));
#15010 = ORIENTED_EDGE('',*,*,#14981,.T.);
#15011 = ORIENTED_EDGE('',*,*,#15012,.T.);
#15012 = EDGE_CURVE('',#14982,#15013,#15015,.T.);
#15013 = VERTEX_POINT('',#15014);
#15014 = CARTESIAN_POINT('',(223.,174.,542.));
#15015 = LINE('',#15016,#15017);
#15016 = CARTESIAN_POINT('',(223.,144.,542.));
#15017 = VECTOR('',#15018,1.);
#15018 = DIRECTION('',(0.,1.,0.));
#15019 = ORIENTED_EDGE('',*,*,#15020,.F.);
#15020 = EDGE_CURVE('',#15004,#15013,#15021,.T.);
#15021 = LINE('',#15022,#15023);
#15022 = CARTESIAN_POINT('',(201.,174.,542.));
#15023 = VECTOR('',#15024,1.);
#15024 = DIRECTION('',(1.,0.,0.));
#15025 = PLANE('',#15026);
#15026 = AXIS2_PLACEMENT_3D('',#15027,#15028,#15029);
#15027 = CARTESIAN_POINT('',(201.,144.,542.));
#15028 = DIRECTION('',(0.,0.,1.));
#15029 = DIRECTION('',(1.,0.,0.));
#15030 = ADVANCED_FACE('',(#15031),#15056,.F.);
#15031 = FACE_BOUND('',#15032,.F.);
#15032 = EDGE_LOOP('',(#15033,#15041,#15042,#15050));
#15033 = ORIENTED_EDGE('',*,*,#15034,.F.);
#15034 = EDGE_CURVE('',#14964,#15035,#15037,.T.);
#15035 = VERTEX_POINT('',#15036);
#15036 = CARTESIAN_POINT('',(201.,180.,536.));
#15037 = LINE('',#15038,#15039);
#15038 = CARTESIAN_POINT('',(201.,144.,536.));
#15039 = VECTOR('',#15040,1.);
#15040 = DIRECTION('',(0.,1.,0.));
#15041 = ORIENTED_EDGE('',*,*,#14963,.T.);
#15042 = ORIENTED_EDGE('',*,*,#15043,.T.);
#15043 = EDGE_CURVE('',#14966,#15044,#15046,.T.);
#15044 = VERTEX_POINT('',#15045);
#15045 = CARTESIAN_POINT('',(223.,180.,536.));
#15046 = LINE('',#15047,#15048);
#15047 = CARTESIAN_POINT('',(223.,144.,536.));
#15048 = VECTOR('',#15049,1.);
#15049 = DIRECTION('',(0.,1.,0.));
#15050 = ORIENTED_EDGE('',*,*,#15051,.F.);
#15051 = EDGE_CURVE('',#15035,#15044,#15052,.T.);
#15052 = LINE('',#15053,#15054);
#15053 = CARTESIAN_POINT('',(201.,180.,536.));
#15054 = VECTOR('',#15055,1.);
#15055 = DIRECTION('',(1.,0.,0.));
#15056 = PLANE('',#15057);
#15057 = AXIS2_PLACEMENT_3D('',#15058,#15059,#15060);
#15058 = CARTESIAN_POINT('',(201.,144.,536.));
#15059 = DIRECTION('',(0.,0.,1.));
#15060 = DIRECTION('',(1.,0.,0.));
#15061 = ADVANCED_FACE('',(#15062),#15087,.F.);
#15062 = FACE_BOUND('',#15063,.F.);
#15063 = EDGE_LOOP('',(#15064,#15065,#15073,#15081));
#15064 = ORIENTED_EDGE('',*,*,#15020,.F.);
#15065 = ORIENTED_EDGE('',*,*,#15066,.T.);
#15066 = EDGE_CURVE('',#15004,#15067,#15069,.T.);
#15067 = VERTEX_POINT('',#15068);
#15068 = CARTESIAN_POINT('',(201.,174.,642.));
#15069 = LINE('',#15070,#15071);
#15070 = CARTESIAN_POINT('',(201.,174.,542.));
#15071 = VECTOR('',#15072,1.);
#15072 = DIRECTION('',(0.,0.,1.));
#15073 = ORIENTED_EDGE('',*,*,#15074,.T.);
#15074 = EDGE_CURVE('',#15067,#15075,#15077,.T.);
#15075 = VERTEX_POINT('',#15076);
#15076 = CARTESIAN_POINT('',(223.,174.,642.));
#15077 = LINE('',#15078,#15079);
#15078 = CARTESIAN_POINT('',(201.,174.,642.));
#15079 = VECTOR('',#15080,1.);
#15080 = DIRECTION('',(1.,0.,0.));
#15081 = ORIENTED_EDGE('',*,*,#15082,.F.);
#15082 = EDGE_CURVE('',#15013,#15075,#15083,.T.);
#15083 = LINE('',#15084,#15085);
#15084 = CARTESIAN_POINT('',(223.,174.,542.));
#15085 = VECTOR('',#15086,1.);
#15086 = DIRECTION('',(0.,0.,1.));
#15087 = PLANE('',#15088);
#15088 = AXIS2_PLACEMENT_3D('',#15089,#15090,#15091);
#15089 = CARTESIAN_POINT('',(201.,174.,542.));
#15090 = DIRECTION('',(0.,1.,0.));
#15091 = DIRECTION('',(0.,0.,1.));
#15092 = ADVANCED_FACE('',(#15093),#15118,.T.);
#15093 = FACE_BOUND('',#15094,.T.);
#15094 = EDGE_LOOP('',(#15095,#15103,#15104,#15112));
#15095 = ORIENTED_EDGE('',*,*,#15096,.F.);
#15096 = EDGE_CURVE('',#15067,#15097,#15099,.T.);
#15097 = VERTEX_POINT('',#15098);
#15098 = CARTESIAN_POINT('',(201.,180.,642.));
#15099 = LINE('',#15100,#15101);
#15100 = CARTESIAN_POINT('',(201.,174.,642.));
#15101 = VECTOR('',#15102,1.);
#15102 = DIRECTION('',(0.,1.,0.));
#15103 = ORIENTED_EDGE('',*,*,#15074,.T.);
#15104 = ORIENTED_EDGE('',*,*,#15105,.T.);
#15105 = EDGE_CURVE('',#15075,#15106,#15108,.T.);
#15106 = VERTEX_POINT('',#15107);
#15107 = CARTESIAN_POINT('',(223.,180.,642.));
#15108 = LINE('',#15109,#15110);
#15109 = CARTESIAN_POINT('',(223.,174.,642.));
#15110 = VECTOR('',#15111,1.);
#15111 = DIRECTION('',(0.,1.,0.));
#15112 = ORIENTED_EDGE('',*,*,#15113,.F.);
#15113 = EDGE_CURVE('',#15097,#15106,#15114,.T.);
#15114 = LINE('',#15115,#15116);
#15115 = CARTESIAN_POINT('',(201.,180.,642.));
#15116 = VECTOR('',#15117,1.);
#15117 = DIRECTION('',(1.,0.,0.));
#15118 = PLANE('',#15119);
#15119 = AXIS2_PLACEMENT_3D('',#15120,#15121,#15122);
#15120 = CARTESIAN_POINT('',(201.,174.,642.));
#15121 = DIRECTION('',(0.,0.,1.));
#15122 = DIRECTION('',(1.,0.,0.));
#15123 = ADVANCED_FACE('',(#15124),#15137,.T.);
#15124 = FACE_BOUND('',#15125,.T.);
#15125 = EDGE_LOOP('',(#15126,#15127,#15128,#15129,#15130,#15136));
#15126 = ORIENTED_EDGE('',*,*,#14973,.T.);
#15127 = ORIENTED_EDGE('',*,*,#15003,.T.);
#15128 = ORIENTED_EDGE('',*,*,#15066,.T.);
#15129 = ORIENTED_EDGE('',*,*,#15096,.T.);
#15130 = ORIENTED_EDGE('',*,*,#15131,.F.);
#15131 = EDGE_CURVE('',#15035,#15097,#15132,.T.);
#15132 = LINE('',#15133,#15134);
#15133 = CARTESIAN_POINT('',(201.,180.,542.));
#15134 = VECTOR('',#15135,1.);
#15135 = DIRECTION('',(0.,0.,1.));
#15136 = ORIENTED_EDGE('',*,*,#15034,.F.);
#15137 = PLANE('',#15138);
#15138 = AXIS2_PLACEMENT_3D('',#15139,#15140,#15141);
#15139 = CARTESIAN_POINT('',(201.,172.56338028169,578.43661971831));
#15140 = DIRECTION('',(-1.,-0.,-0.));
#15141 = DIRECTION('',(0.,0.,-1.));
#15142 = ADVANCED_FACE('',(#15143),#15154,.T.);
#15143 = FACE_BOUND('',#15144,.T.);
#15144 = EDGE_LOOP('',(#15145,#15146,#15147,#15148));
#15145 = ORIENTED_EDGE('',*,*,#15051,.F.);
#15146 = ORIENTED_EDGE('',*,*,#15131,.T.);
#15147 = ORIENTED_EDGE('',*,*,#15113,.T.);
#15148 = ORIENTED_EDGE('',*,*,#15149,.F.);
#15149 = EDGE_CURVE('',#15044,#15106,#15150,.T.);
#15150 = LINE('',#15151,#15152);
#15151 = CARTESIAN_POINT('',(223.,180.,542.));
#15152 = VECTOR('',#15153,1.);
#15153 = DIRECTION('',(0.,0.,1.));
#15154 = PLANE('',#15155);
#15155 = AXIS2_PLACEMENT_3D('',#15156,#15157,#15158);
#15156 = CARTESIAN_POINT('',(212.,180.,589.));
#15157 = DIRECTION('',(0.,1.,0.));
#15158 = DIRECTION('',(0.,0.,1.));
#15159 = ADVANCED_FACE('',(#15160),#15168,.T.);
#15160 = FACE_BOUND('',#15161,.T.);
#15161 = EDGE_LOOP('',(#15162,#15163,#15164,#15165,#15166,#15167));
#15162 = ORIENTED_EDGE('',*,*,#14989,.F.);
#15163 = ORIENTED_EDGE('',*,*,#15043,.T.);
#15164 = ORIENTED_EDGE('',*,*,#15149,.T.);
#15165 = ORIENTED_EDGE('',*,*,#15105,.F.);
#15166 = ORIENTED_EDGE('',*,*,#15082,.F.);
#15167 = ORIENTED_EDGE('',*,*,#15012,.F.);
#15168 = PLANE('',#15169);
#15169 = AXIS2_PLACEMENT_3D('',#15170,#15171,#15172);
#15170 = CARTESIAN_POINT('',(223.,172.56338028169,578.43661971831));
#15171 = DIRECTION('',(1.,0.,0.));
#15172 = DIRECTION('',(0.,0.,1.));
#15173 = ( GEOMETRIC_REPRESENTATION_CONTEXT(3) 
GLOBAL_UNCERTAINTY_ASSIGNED_CONTEXT((#15177)) 
GLOBAL_UNIT_ASSIGNED_CONTEXT((#15174,#15175,#15176)) 
REPRESENTATION_CONTEXT('Context #1',
  '3D Context with UNIT and UNCERTAINTY') );
#15174 = ( LENGTH_UNIT() NAMED_UNIT(*) SI_UNIT(.MILLI.,.METRE.) );
#15175 = ( NAMED_UNIT(*) PLANE_ANGLE_UNIT() SI_UNIT($,.RADIAN.) );
#15176 = ( NAMED_UNIT(*) SI_UNIT($,.STERADIAN.) SOLID_ANGLE_UNIT() );
#15177 = UNCERTAINTY_MEASURE_WITH_UNIT(LENGTH_MEASURE(1.E-07),#15174,
  'distance_accuracy_value','confusion accuracy');
#15178 = PRODUCT_RELATED_PRODUCT_CATEGORY('part',$,(#7));
ENDSEC;
END-ISO-10303-21;
