ISO-10303-21;
HEADER;
FILE_DESCRIPTION(('FreeCAD Model'),'2;1');
FILE_NAME('Open CASCADE Shape Model','2000-01-01T00:00:00',('FreeCAD'),(
    'FreeCAD'),'Open CASCADE STEP processor 7.9','FreeCAD','Unknown');
FILE_SCHEMA(('AUTOMOTIVE_DESIGN { 1 0 10303 214 1 1 1 1 }'));
ENDSEC;
DATA;
#1 = APPLICATION_PROTOCOL_DEFINITION('international standard',
  'automotive_design',2000,#2);
#2 = APPLICATION_CONTEXT(
  'core data for automotive mechanical design processes');
#3 = SHAPE_DEFINITION_REPRESENTATION(#4,#10);
#4 = PRODUCT_DEFINITION_SHAPE('','',#5);
#5 = PRODUCT_DEFINITION('design','',#6,#9);
#6 = PRODUCT_DEFINITION_FORMATION('','',#7);
#7 = PRODUCT('Open CASCADE STEP translator 7.9 0',
  'Open CASCADE STEP translator 7.9 0','',(#8));
#8 = PRODUCT_CONTEXT('',#2,'mechanical');
#9 = PRODUCT_DEFINITION_CONTEXT('part definition',#2,'design');
#10 = ADVANCED_BREP_SHAPE_REPRESENTATION('',(#11,#15),#2104);
#11 = AXIS2_PLACEMENT_3D('',#12,#13,#14);
#12 = CARTESIAN_POINT('',(0.,0.,0.));
#13 = DIRECTION('',(0.,0.,1.));
#14 = DIRECTION('',(1.,0.,-0.));
#15 = MANIFOLD_SOLID_BREP('',#16);
#16 = CLOSED_SHELL('',(#17,#1163,#1194,#1219,#1243,#1273,#1331,#1355,
    #1406,#1492,#1509,#1535,#1561,#1587,#1613,#1639,#1665,#1691,#1717,
    #1743,#1755,#1795,#1807,#1819,#1844,#1869,#1894,#1919,#1944,#1969,
    #1978,#1987,#1996,#2005,#2014,#2023,#2032,#2041,#2050,#2059,#2068,
    #2077,#2086,#2095));
#17 = ADVANCED_FACE('',(#18,#138,#252,#364,#478,#592,#704,#818,#932,
    #1044),#1158,.T.);
#18 = FACE_BOUND('',#19,.T.);
#19 = EDGE_LOOP('',(#20,#30,#39,#47,#56,#64,#73,#81,#88,#89,#98,#106,
    #113,#114,#123,#131));
#20 = ORIENTED_EDGE('',*,*,#21,.F.);
#21 = EDGE_CURVE('',#22,#24,#26,.T.);
#22 = VERTEX_POINT('',#23);
#23 = CARTESIAN_POINT('',(16.,-5.744562646538,0.));
#24 = VERTEX_POINT('',#25);
#25 = CARTESIAN_POINT('',(16.,-5.744562646538,8.));
#26 = LINE('',#27,#28);
#27 = CARTESIAN_POINT('',(16.,-5.744562646538,0.));
#28 = VECTOR('',#29,1.);
#29 = DIRECTION('',(0.,0.,1.));
#30 = ORIENTED_EDGE('',*,*,#31,.T.);
#31 = EDGE_CURVE('',#22,#32,#34,.T.);
#32 = VERTEX_POINT('',#33);
#33 = CARTESIAN_POINT('',(17.,-4.163799117101E-15,0.));
#34 = CIRCLE('',#35,17.);
#35 = AXIS2_PLACEMENT_3D('',#36,#37,#38);
#36 = CARTESIAN_POINT('',(0.,0.,0.));
#37 = DIRECTION('',(0.,0.,1.));
#38 = DIRECTION('',(1.,0.,0.));
#39 = ORIENTED_EDGE('',*,*,#40,.T.);
#40 = EDGE_CURVE('',#32,#41,#43,.T.);
#41 = VERTEX_POINT('',#42);
#42 = CARTESIAN_POINT('',(17.,-4.163799117101E-15,12.));
#43 = LINE('',#44,#45);
#44 = CARTESIAN_POINT('',(17.,-4.163799117101E-15,0.));
#45 = VECTOR('',#46,1.);
#46 = DIRECTION('',(0.,0.,1.));
#47 = ORIENTED_EDGE('',*,*,#48,.F.);
#48 = EDGE_CURVE('',#49,#41,#51,.T.);
#49 = VERTEX_POINT('',#50);
#50 = CARTESIAN_POINT('',(13.747727084868,-10.,12.));
#51 = CIRCLE('',#52,17.);
#52 = AXIS2_PLACEMENT_3D('',#53,#54,#55);
#53 = CARTESIAN_POINT('',(0.,0.,12.));
#54 = DIRECTION('',(0.,0.,1.));
#55 = DIRECTION('',(1.,0.,0.));
#56 = ORIENTED_EDGE('',*,*,#57,.T.);
#57 = EDGE_CURVE('',#49,#58,#60,.T.);
#58 = VERTEX_POINT('',#59);
#59 = CARTESIAN_POINT('',(13.747727084868,-10.,30.));
#60 = LINE('',#61,#62);
#61 = CARTESIAN_POINT('',(13.747727084868,-10.,0.));
#62 = VECTOR('',#63,1.);
#63 = DIRECTION('',(0.,0.,1.));
#64 = ORIENTED_EDGE('',*,*,#65,.T.);
#65 = EDGE_CURVE('',#58,#66,#68,.T.);
#66 = VERTEX_POINT('',#67);
#67 = CARTESIAN_POINT('',(17.,-4.163799117101E-15,30.));
#68 = CIRCLE('',#69,17.);
#69 = AXIS2_PLACEMENT_3D('',#70,#71,#72);
#70 = CARTESIAN_POINT('',(0.,0.,30.));
#71 = DIRECTION('',(0.,0.,1.));
#72 = DIRECTION('',(1.,0.,0.));
#73 = ORIENTED_EDGE('',*,*,#74,.T.);
#74 = EDGE_CURVE('',#66,#75,#77,.T.);
#75 = VERTEX_POINT('',#76);
#76 = CARTESIAN_POINT('',(17.,-4.163799117101E-15,280.));
#77 = LINE('',#78,#79);
#78 = CARTESIAN_POINT('',(17.,-4.163799117101E-15,0.));
#79 = VECTOR('',#80,1.);
#80 = DIRECTION('',(0.,0.,1.));
#81 = ORIENTED_EDGE('',*,*,#82,.F.);
#82 = EDGE_CURVE('',#75,#75,#83,.T.);
#83 = CIRCLE('',#84,17.);
#84 = AXIS2_PLACEMENT_3D('',#85,#86,#87);
#85 = CARTESIAN_POINT('',(0.,0.,280.));
#86 = DIRECTION('',(0.,0.,1.));
#87 = DIRECTION('',(1.,0.,0.));
#88 = ORIENTED_EDGE('',*,*,#74,.F.);
#89 = ORIENTED_EDGE('',*,*,#90,.T.);
#90 = EDGE_CURVE('',#66,#91,#93,.T.);
#91 = VERTEX_POINT('',#92);
#92 = CARTESIAN_POINT('',(13.747727084868,10.,30.));
#93 = CIRCLE('',#94,17.);
#94 = AXIS2_PLACEMENT_3D('',#95,#96,#97);
#95 = CARTESIAN_POINT('',(0.,0.,30.));
#96 = DIRECTION('',(0.,0.,1.));
#97 = DIRECTION('',(1.,0.,0.));
#98 = ORIENTED_EDGE('',*,*,#99,.F.);
#99 = EDGE_CURVE('',#100,#91,#102,.T.);
#100 = VERTEX_POINT('',#101);
#101 = CARTESIAN_POINT('',(13.747727084868,10.,12.));
#102 = LINE('',#103,#104);
#103 = CARTESIAN_POINT('',(13.747727084868,10.,0.));
#104 = VECTOR('',#105,1.);
#105 = DIRECTION('',(0.,0.,1.));
#106 = ORIENTED_EDGE('',*,*,#107,.F.);
#107 = EDGE_CURVE('',#41,#100,#108,.T.);
#108 = CIRCLE('',#109,17.);
#109 = AXIS2_PLACEMENT_3D('',#110,#111,#112);
#110 = CARTESIAN_POINT('',(0.,0.,12.));
#111 = DIRECTION('',(0.,0.,1.));
#112 = DIRECTION('',(1.,0.,0.));
#113 = ORIENTED_EDGE('',*,*,#40,.F.);
#114 = ORIENTED_EDGE('',*,*,#115,.T.);
#115 = EDGE_CURVE('',#32,#116,#118,.T.);
#116 = VERTEX_POINT('',#117);
#117 = CARTESIAN_POINT('',(16.,5.744562646538,0.));
#118 = CIRCLE('',#119,17.);
#119 = AXIS2_PLACEMENT_3D('',#120,#121,#122);
#120 = CARTESIAN_POINT('',(0.,0.,0.));
#121 = DIRECTION('',(0.,0.,1.));
#122 = DIRECTION('',(1.,0.,0.));
#123 = ORIENTED_EDGE('',*,*,#124,.T.);
#124 = EDGE_CURVE('',#116,#125,#127,.T.);
#125 = VERTEX_POINT('',#126);
#126 = CARTESIAN_POINT('',(16.,5.744562646538,8.));
#127 = LINE('',#128,#129);
#128 = CARTESIAN_POINT('',(16.,5.744562646538,0.));
#129 = VECTOR('',#130,1.);
#130 = DIRECTION('',(0.,0.,1.));
#131 = ORIENTED_EDGE('',*,*,#132,.T.);
#132 = EDGE_CURVE('',#125,#24,#133,.T.);
#133 = CIRCLE('',#134,17.);
#134 = AXIS2_PLACEMENT_3D('',#135,#136,#137);
#135 = CARTESIAN_POINT('',(0.,0.,8.));
#136 = DIRECTION('',(0.,0.,1.));
#137 = DIRECTION('',(1.,0.,0.));
#138 = FACE_BOUND('',#139,.T.);
#139 = EDGE_LOOP('',(#140,#198));
#140 = ORIENTED_EDGE('',*,*,#141,.T.);
#141 = EDGE_CURVE('',#142,#144,#146,.T.);
#142 = VERTEX_POINT('',#143);
#143 = CARTESIAN_POINT('',(1.530808498934E-16,17.,91.25));
#144 = VERTEX_POINT('',#145);
#145 = CARTESIAN_POINT('',(-3.061616997868E-16,17.,88.75));
#146 = B_SPLINE_CURVE_WITH_KNOTS('',8,(#147,#148,#149,#150,#151,#152,
    #153,#154,#155,#156,#157,#158,#159,#160,#161,#162,#163,#164,#165,
    #166,#167,#168,#169,#170,#171,#172,#173,#174,#175,#176,#177,#178,
    #179,#180,#181,#182,#183,#184,#185,#186,#187,#188,#189,#190,#191,
    #192,#193,#194,#195,#196,#197),.UNSPECIFIED.,.T.,.F.,(9,7,7,7,7,7,7,
    9),(0.,0.135318423745,0.25013754556,0.400400437158,0.535372849227,
    0.749902017293,0.864722751831,1.),.UNSPECIFIED.);
#147 = CARTESIAN_POINT('',(4.440892098501E-16,17.,88.75));
#148 = CARTESIAN_POINT('',(0.153922789713,17.,88.75));
#149 = CARTESIAN_POINT('',(0.304824166985,16.998407212156,
    88.771661312457));
#150 = CARTESIAN_POINT('',(0.449243429383,16.995331276506,
    88.813496623725));
#151 = CARTESIAN_POINT('',(0.584131907893,16.991077693583,
    88.873431126596));
#152 = CARTESIAN_POINT('',(0.70693995877,16.986096138012,88.948830789939
    ));
#153 = CARTESIAN_POINT('',(0.815739285381,16.980876413883,89.03653665109
    ));
#154 = CARTESIAN_POINT('',(0.909381491242,16.975841036235,
    89.132906607346));
#155 = CARTESIAN_POINT('',(1.054142563094,16.967416239796,
    89.319531456643));
#156 = CARTESIAN_POINT('',(1.110654846952,16.963828936599,
    89.409919669169));
#157 = CARTESIAN_POINT('',(1.15740578563,16.96066746385,89.503924982318)
  );
#158 = CARTESIAN_POINT('',(1.194574508637,16.958040031776,
    89.600627140566));
#159 = CARTESIAN_POINT('',(1.22232253841,16.956022381548,89.69924525517)
  );
#160 = CARTESIAN_POINT('',(1.240774341652,16.954662079313,
    89.799094930505));
#161 = CARTESIAN_POINT('',(1.25,16.953981833186,89.899548732616));
#162 = CARTESIAN_POINT('',(1.25,16.953981833186,90.131459792263));
#163 = CARTESIAN_POINT('',(1.23419996616,16.955146706582,90.262976047416
    ));
#164 = CARTESIAN_POINT('',(1.20257402523,16.957478643078,90.393201106761
    ));
#165 = CARTESIAN_POINT('',(1.154892506249,16.960910949708,
    90.520677429004));
#166 = CARTESIAN_POINT('',(1.090809683079,16.965303558087,
    90.643718189003));
#167 = CARTESIAN_POINT('',(1.009937238511,16.970421152924,
    90.760292042907));
#168 = CARTESIAN_POINT('',(0.911951186257,16.975913484747,
    90.867863651494));
#169 = CARTESIAN_POINT('',(0.693328400608,16.98617147922,91.048724148812
    ));
#170 = CARTESIAN_POINT('',(0.573698699245,16.991062440353,
    91.126301451893));
#171 = CARTESIAN_POINT('',(0.439680898328,16.995514015678,
    91.190278582695));
#172 = CARTESIAN_POINT('',(0.294458578966,16.998961780051,
    91.236462368843));
#173 = CARTESIAN_POINT('',(0.142155473257,17.000926596572,
    91.262099206633));
#174 = CARTESIAN_POINT('',(-1.258451625364E-02,17.001181983031,
    91.265916031085));
#175 = CARTESIAN_POINT('',(-0.165031091759,16.999824664119,
    91.248172056804));
#176 = CARTESIAN_POINT('',(-0.542650914486,16.992918345308,
    91.151215765518));
#177 = CARTESIAN_POINT('',(-0.746550918502,16.985575330607,
    91.044807302399));
#178 = CARTESIAN_POINT('',(-0.916928136464,16.976751557458,
    90.905071503135));
#179 = CARTESIAN_POINT('',(-1.052237385011,16.968221117905,
    90.742018666949));
#180 = CARTESIAN_POINT('',(-1.152266624719,16.961186480343,
    90.563845989899));
#181 = CARTESIAN_POINT('',(-1.217795879109,16.956356447395,
    90.377221330408));
#182 = CARTESIAN_POINT('',(-1.25,16.953981833186,90.187679201716));
#183 = CARTESIAN_POINT('',(-1.25,16.953981833186,89.899549958671));
#184 = CARTESIAN_POINT('',(-1.240774555073,16.954662069758,
    89.799096797627));
#185 = CARTESIAN_POINT('',(-1.22232301096,16.956022345843,
    89.699246899384));
#186 = CARTESIAN_POINT('',(-1.194574992778,16.958039992811,
    89.600627803031));
#187 = CARTESIAN_POINT('',(-1.157405813744,16.960667465583,
    89.503924317538));
#188 = CARTESIAN_POINT('',(-1.110654041643,16.963828997906,
    89.409917961471));
#189 = CARTESIAN_POINT('',(-1.054141223078,16.967416317782,
    89.319529729105));
#190 = CARTESIAN_POINT('',(-0.909407998972,16.97583949354,
    89.132940780905));
#191 = CARTESIAN_POINT('',(-0.81576987835,16.980874913307,89.03655958232
    ));
#192 = CARTESIAN_POINT('',(-0.706950858429,16.986096026933,88.9488272717
    ));
#193 = CARTESIAN_POINT('',(-0.584107668487,16.991079240891,
    88.873406602878));
#194 = CARTESIAN_POINT('',(-0.449183342153,16.995333437495,
    88.813467285965));
#195 = CARTESIAN_POINT('',(-0.304745531377,16.998408503509,
    88.771643742398));
#196 = CARTESIAN_POINT('',(-0.153860350942,17.,88.75));
#197 = CARTESIAN_POINT('',(4.440892098501E-16,17.,88.75));
#198 = ORIENTED_EDGE('',*,*,#199,.T.);
#199 = EDGE_CURVE('',#144,#142,#200,.T.);
#200 = B_SPLINE_CURVE_WITH_KNOTS('',8,(#201,#202,#203,#204,#205,#206,
    #207,#208,#209,#210,#211,#212,#213,#214,#215,#216,#217,#218,#219,
    #220,#221,#222,#223,#224,#225,#226,#227,#228,#229,#230,#231,#232,
    #233,#234,#235,#236,#237,#238,#239,#240,#241,#242,#243,#244,#245,
    #246,#247,#248,#249,#250,#251),.UNSPECIFIED.,.T.,.F.,(9,7,7,7,7,7,7,
    9),(0.,0.135318423745,0.25013754556,0.400400437158,0.535372849227,
    0.749902017293,0.864722751831,1.),.UNSPECIFIED.);
#201 = CARTESIAN_POINT('',(4.440892098501E-16,17.,88.75));
#202 = CARTESIAN_POINT('',(0.153922789713,17.,88.75));
#203 = CARTESIAN_POINT('',(0.304824166985,16.998407212156,
    88.771661312457));
#204 = CARTESIAN_POINT('',(0.449243429383,16.995331276506,
    88.813496623725));
#205 = CARTESIAN_POINT('',(0.584131907893,16.991077693583,
    88.873431126596));
#206 = CARTESIAN_POINT('',(0.70693995877,16.986096138012,88.948830789939
    ));
#207 = CARTESIAN_POINT('',(0.815739285381,16.980876413883,89.03653665109
    ));
#208 = CARTESIAN_POINT('',(0.909381491242,16.975841036235,
    89.132906607346));
#209 = CARTESIAN_POINT('',(1.054142563094,16.967416239796,
    89.319531456643));
#210 = CARTESIAN_POINT('',(1.110654846952,16.963828936599,
    89.409919669169));
#211 = CARTESIAN_POINT('',(1.15740578563,16.96066746385,89.503924982318)
  );
#212 = CARTESIAN_POINT('',(1.194574508637,16.958040031776,
    89.600627140566));
#213 = CARTESIAN_POINT('',(1.22232253841,16.956022381548,89.69924525517)
  );
#214 = CARTESIAN_POINT('',(1.240774341652,16.954662079313,
    89.799094930505));
#215 = CARTESIAN_POINT('',(1.25,16.953981833186,89.899548732616));
#216 = CARTESIAN_POINT('',(1.25,16.953981833186,90.131459792263));
#217 = CARTESIAN_POINT('',(1.23419996616,16.955146706582,90.262976047416
    ));
#218 = CARTESIAN_POINT('',(1.20257402523,16.957478643078,90.393201106761
    ));
#219 = CARTESIAN_POINT('',(1.154892506249,16.960910949708,
    90.520677429004));
#220 = CARTESIAN_POINT('',(1.090809683079,16.965303558087,
    90.643718189003));
#221 = CARTESIAN_POINT('',(1.009937238511,16.970421152924,
    90.760292042907));
#222 = CARTESIAN_POINT('',(0.911951186257,16.975913484747,
    90.867863651494));
#223 = CARTESIAN_POINT('',(0.693328400608,16.98617147922,91.048724148812
    ));
#224 = CARTESIAN_POINT('',(0.573698699245,16.991062440353,
    91.126301451893));
#225 = CARTESIAN_POINT('',(0.439680898328,16.995514015678,
    91.190278582695));
#226 = CARTESIAN_POINT('',(0.294458578966,16.998961780051,
    91.236462368843));
#227 = CARTESIAN_POINT('',(0.142155473257,17.000926596572,
    91.262099206633));
#228 = CARTESIAN_POINT('',(-1.258451625364E-02,17.001181983031,
    91.265916031085));
#229 = CARTESIAN_POINT('',(-0.165031091759,16.999824664119,
    91.248172056804));
#230 = CARTESIAN_POINT('',(-0.542650914486,16.992918345308,
    91.151215765518));
#231 = CARTESIAN_POINT('',(-0.746550918502,16.985575330607,
    91.044807302399));
#232 = CARTESIAN_POINT('',(-0.916928136464,16.976751557458,
    90.905071503135));
#233 = CARTESIAN_POINT('',(-1.052237385011,16.968221117905,
    90.742018666949));
#234 = CARTESIAN_POINT('',(-1.152266624719,16.961186480343,
    90.563845989899));
#235 = CARTESIAN_POINT('',(-1.217795879109,16.956356447395,
    90.377221330408));
#236 = CARTESIAN_POINT('',(-1.25,16.953981833186,90.187679201716));
#237 = CARTESIAN_POINT('',(-1.25,16.953981833186,89.899549958671));
#238 = CARTESIAN_POINT('',(-1.240774555073,16.954662069758,
    89.799096797627));
#239 = CARTESIAN_POINT('',(-1.22232301096,16.956022345843,
    89.699246899384));
#240 = CARTESIAN_POINT('',(-1.194574992778,16.958039992811,
    89.600627803031));
#241 = CARTESIAN_POINT('',(-1.157405813744,16.960667465583,
    89.503924317538));
#242 = CARTESIAN_POINT('',(-1.110654041643,16.963828997906,
    89.409917961471));
#243 = CARTESIAN_POINT('',(-1.054141223078,16.967416317782,
    89.319529729105));
#244 = CARTESIAN_POINT('',(-0.909407998972,16.97583949354,
    89.132940780905));
#245 = CARTESIAN_POINT('',(-0.81576987835,16.980874913307,89.03655958232
    ));
#246 = CARTESIAN_POINT('',(-0.706950858429,16.986096026933,88.9488272717
    ));
#247 = CARTESIAN_POINT('',(-0.584107668487,16.991079240891,
    88.873406602878));
#248 = CARTESIAN_POINT('',(-0.449183342153,16.995333437495,
    88.813467285965));
#249 = CARTESIAN_POINT('',(-0.304745531377,16.998408503509,
    88.771643742398));
#250 = CARTESIAN_POINT('',(-0.153860350942,17.,88.75));
#251 = CARTESIAN_POINT('',(4.440892098501E-16,17.,88.75));
#252 = FACE_BOUND('',#253,.T.);
#253 = EDGE_LOOP('',(#254,#311));
#254 = ORIENTED_EDGE('',*,*,#255,.T.);
#255 = EDGE_CURVE('',#256,#258,#260,.T.);
#256 = VERTEX_POINT('',#257);
#257 = CARTESIAN_POINT('',(1.959434878636E-16,17.,96.6));
#258 = VERTEX_POINT('',#259);
#259 = CARTESIAN_POINT('',(-3.918869757272E-16,17.,93.4));
#260 = B_SPLINE_CURVE_WITH_KNOTS('',7,(#261,#262,#263,#264,#265,#266,
    #267,#268,#269,#270,#271,#272,#273,#274,#275,#276,#277,#278,#279,
    #280,#281,#282,#283,#284,#285,#286,#287,#288,#289,#290,#291,#292,
    #293,#294,#295,#296,#297,#298,#299,#300,#301,#302,#303,#304,#305,
    #306,#307,#308,#309,#310),.UNSPECIFIED.,.T.,.F.,(8,6,6,6,6,6,6,6,8),
  (0.,0.142470952882,0.276387778528,0.443995301963,0.590765014484,
    0.686040868687,0.790895460037,0.892098853443,1.),.UNSPECIFIED.);
#261 = CARTESIAN_POINT('',(2.22044604925E-16,17.,93.4));
#262 = CARTESIAN_POINT('',(0.21919075014,17.,93.4));
#263 = CARTESIAN_POINT('',(0.432827279449,16.996702765496,
    93.435032214452));
#264 = CARTESIAN_POINT('',(0.6343982428,16.990409514036,93.501902988016)
  );
#265 = CARTESIAN_POINT('',(0.818452061963,16.981991529343,
    93.596119044729));
#266 = CARTESIAN_POINT('',(0.980819276248,16.972667100275,
    93.711957920336));
#267 = CARTESIAN_POINT('',(1.119030073531,16.963513449989,
    93.842571787153));
#268 = CARTESIAN_POINT('',(1.339780148055,16.947462637693,
    94.109412788591));
#269 = CARTESIAN_POINT('',(1.427668049314,16.940280914814,
    94.247859530042));
#270 = CARTESIAN_POINT('',(1.497118915671,16.934154947853,
    94.392705732197));
#271 = CARTESIAN_POINT('',(1.548725081821,16.929385841749,
    94.541914301709));
#272 = CARTESIAN_POINT('',(1.582930623149,16.926152079519,
    94.693832383617));
#273 = CARTESIAN_POINT('',(1.6,16.924538398432,94.846997871808));
#274 = CARTESIAN_POINT('',(1.6,16.924538398432,95.191494292543));
#275 = CARTESIAN_POINT('',(1.573262442059,16.927065975425,
    95.382927231297));
#276 = CARTESIAN_POINT('',(1.519810826389,16.932119765199,
    95.571876331863));
#277 = CARTESIAN_POINT('',(1.438915773989,16.939497272162,
    95.755614474568));
#278 = CARTESIAN_POINT('',(1.329414432026,16.948779480267,
    95.930627504227));
#279 = CARTESIAN_POINT('',(1.18998662853,16.959156027433,96.09209540963)
  );
#280 = CARTESIAN_POINT('',(0.870918851863,16.978332351712,
    96.356051230131));
#281 = CARTESIAN_POINT('',(0.693362741985,16.987471739884,
    96.467570861937));
#282 = CARTESIAN_POINT('',(0.490796919444,16.995534069469,
    96.554803348152));
#283 = CARTESIAN_POINT('',(0.270541517436,17.000923698475,
    96.609120465341));
#284 = CARTESIAN_POINT('',(4.229585684398E-02,17.002493790888,
    96.625907454025));
#285 = CARTESIAN_POINT('',(-0.183611968197,17.000359784842,
    96.604753853594));
#286 = CARTESIAN_POINT('',(-0.537011805897,16.992085803674,
    96.514016197511));
#287 = CARTESIAN_POINT('',(-0.672377193301,16.98758752348,
    96.463731611304));
#288 = CARTESIAN_POINT('',(-0.802159883017,16.982018210568,
    96.399355376363));
#289 = CARTESIAN_POINT('',(-0.924621367975,16.975646909198,
    96.321641334591));
#290 = CARTESIAN_POINT('',(-1.03814523225,16.968814912332,
    96.231610571274));
#291 = CARTESIAN_POINT('',(-1.141282407804,16.961895475267,
    96.130529761398));
#292 = CARTESIAN_POINT('',(-1.333562992508,16.947914689167,
    95.898102461475));
#293 = CARTESIAN_POINT('',(-1.420225637948,16.940911591465,
    95.76477096996));
#294 = CARTESIAN_POINT('',(-1.491242135603,16.934695143432,
    95.621829753662));
#295 = CARTESIAN_POINT('',(-1.545386923298,16.929701847001,
    95.471452817365));
#296 = CARTESIAN_POINT('',(-1.581794581291,16.926259298656,95.3160119433
    ));
#297 = CARTESIAN_POINT('',(-1.6,16.924538398432,95.158013151034));
#298 = CARTESIAN_POINT('',(-1.6,16.924538398432,94.847489109617));
#299 = CARTESIAN_POINT('',(-1.583040017545,16.926141735026,
    94.694288122222));
#300 = CARTESIAN_POINT('',(-1.548842922178,16.929374711428,
    94.542052190755));
#301 = CARTESIAN_POINT('',(-1.497105192721,16.934157619581,
    94.392490873438));
#302 = CARTESIAN_POINT('',(-1.427467067336,16.940299538969,
    94.247453460745));
#303 = CARTESIAN_POINT('',(-1.339508782555,16.94748236877,
    94.109084764051));
#304 = CARTESIAN_POINT('',(-1.119072890674,16.963510336741,
    93.842623544188));
#305 = CARTESIAN_POINT('',(-0.980860773614,16.972664755884,
    93.711980610825));
#306 = CARTESIAN_POINT('',(-0.818449164289,16.981992773037,
    93.596097069287));
#307 = CARTESIAN_POINT('',(-0.634332133814,16.990413639619,
    93.501859262703));
#308 = CARTESIAN_POINT('',(-0.432716540021,16.996705676989,
    93.43500126355));
#309 = CARTESIAN_POINT('',(-0.21909390371,17.,93.4));
#310 = CARTESIAN_POINT('',(2.22044604925E-16,17.,93.4));
#311 = ORIENTED_EDGE('',*,*,#312,.T.);
#312 = EDGE_CURVE('',#258,#256,#313,.T.);
#313 = B_SPLINE_CURVE_WITH_KNOTS('',7,(#314,#315,#316,#317,#318,#319,
    #320,#321,#322,#323,#324,#325,#326,#327,#328,#329,#330,#331,#332,
    #333,#334,#335,#336,#337,#338,#339,#340,#341,#342,#343,#344,#345,
    #346,#347,#348,#349,#350,#351,#352,#353,#354,#355,#356,#357,#358,
    #359,#360,#361,#362,#363),.UNSPECIFIED.,.T.,.F.,(8,6,6,6,6,6,6,6,8),
  (0.,0.142470952882,0.276387778528,0.443995301963,0.590765014484,
    0.686040868687,0.790895460037,0.892098853443,1.),.UNSPECIFIED.);
#314 = CARTESIAN_POINT('',(2.22044604925E-16,17.,93.4));
#315 = CARTESIAN_POINT('',(0.21919075014,17.,93.4));
#316 = CARTESIAN_POINT('',(0.432827279449,16.996702765496,
    93.435032214452));
#317 = CARTESIAN_POINT('',(0.6343982428,16.990409514036,93.501902988016)
  );
#318 = CARTESIAN_POINT('',(0.818452061963,16.981991529343,
    93.596119044729));
#319 = CARTESIAN_POINT('',(0.980819276248,16.972667100275,
    93.711957920336));
#320 = CARTESIAN_POINT('',(1.119030073531,16.963513449989,
    93.842571787153));
#321 = CARTESIAN_POINT('',(1.339780148055,16.947462637693,
    94.109412788591));
#322 = CARTESIAN_POINT('',(1.427668049314,16.940280914814,
    94.247859530042));
#323 = CARTESIAN_POINT('',(1.497118915671,16.934154947853,
    94.392705732197));
#324 = CARTESIAN_POINT('',(1.548725081821,16.929385841749,
    94.541914301709));
#325 = CARTESIAN_POINT('',(1.582930623149,16.926152079519,
    94.693832383617));
#326 = CARTESIAN_POINT('',(1.6,16.924538398432,94.846997871808));
#327 = CARTESIAN_POINT('',(1.6,16.924538398432,95.191494292543));
#328 = CARTESIAN_POINT('',(1.573262442059,16.927065975425,
    95.382927231297));
#329 = CARTESIAN_POINT('',(1.519810826389,16.932119765199,
    95.571876331863));
#330 = CARTESIAN_POINT('',(1.438915773989,16.939497272162,
    95.755614474568));
#331 = CARTESIAN_POINT('',(1.329414432026,16.948779480267,
    95.930627504227));
#332 = CARTESIAN_POINT('',(1.18998662853,16.959156027433,96.09209540963)
  );
#333 = CARTESIAN_POINT('',(0.870918851863,16.978332351712,
    96.356051230131));
#334 = CARTESIAN_POINT('',(0.693362741985,16.987471739884,
    96.467570861937));
#335 = CARTESIAN_POINT('',(0.490796919444,16.995534069469,
    96.554803348152));
#336 = CARTESIAN_POINT('',(0.270541517436,17.000923698475,
    96.609120465341));
#337 = CARTESIAN_POINT('',(4.229585684398E-02,17.002493790888,
    96.625907454025));
#338 = CARTESIAN_POINT('',(-0.183611968197,17.000359784842,
    96.604753853594));
#339 = CARTESIAN_POINT('',(-0.537011805897,16.992085803674,
    96.514016197511));
#340 = CARTESIAN_POINT('',(-0.672377193301,16.98758752348,
    96.463731611304));
#341 = CARTESIAN_POINT('',(-0.802159883017,16.982018210568,
    96.399355376363));
#342 = CARTESIAN_POINT('',(-0.924621367975,16.975646909198,
    96.321641334591));
#343 = CARTESIAN_POINT('',(-1.03814523225,16.968814912332,
    96.231610571274));
#344 = CARTESIAN_POINT('',(-1.141282407804,16.961895475267,
    96.130529761398));
#345 = CARTESIAN_POINT('',(-1.333562992508,16.947914689167,
    95.898102461475));
#346 = CARTESIAN_POINT('',(-1.420225637948,16.940911591465,
    95.76477096996));
#347 = CARTESIAN_POINT('',(-1.491242135603,16.934695143432,
    95.621829753662));
#348 = CARTESIAN_POINT('',(-1.545386923298,16.929701847001,
    95.471452817365));
#349 = CARTESIAN_POINT('',(-1.581794581291,16.926259298656,95.3160119433
    ));
#350 = CARTESIAN_POINT('',(-1.6,16.924538398432,95.158013151034));
#351 = CARTESIAN_POINT('',(-1.6,16.924538398432,94.847489109617));
#352 = CARTESIAN_POINT('',(-1.583040017545,16.926141735026,
    94.694288122222));
#353 = CARTESIAN_POINT('',(-1.548842922178,16.929374711428,
    94.542052190755));
#354 = CARTESIAN_POINT('',(-1.497105192721,16.934157619581,
    94.392490873438));
#355 = CARTESIAN_POINT('',(-1.427467067336,16.940299538969,
    94.247453460745));
#356 = CARTESIAN_POINT('',(-1.339508782555,16.94748236877,
    94.109084764051));
#357 = CARTESIAN_POINT('',(-1.119072890674,16.963510336741,
    93.842623544188));
#358 = CARTESIAN_POINT('',(-0.980860773614,16.972664755884,
    93.711980610825));
#359 = CARTESIAN_POINT('',(-0.818449164289,16.981992773037,
    93.596097069287));
#360 = CARTESIAN_POINT('',(-0.634332133814,16.990413639619,
    93.501859262703));
#361 = CARTESIAN_POINT('',(-0.432716540021,16.996705676989,
    93.43500126355));
#362 = CARTESIAN_POINT('',(-0.21909390371,17.,93.4));
#363 = CARTESIAN_POINT('',(2.22044604925E-16,17.,93.4));
#364 = FACE_BOUND('',#365,.T.);
#365 = EDGE_LOOP('',(#366,#424));
#366 = ORIENTED_EDGE('',*,*,#367,.T.);
#367 = EDGE_CURVE('',#368,#370,#372,.T.);
#368 = VERTEX_POINT('',#369);
#369 = CARTESIAN_POINT('',(1.530808498934E-16,17.,101.25));
#370 = VERTEX_POINT('',#371);
#371 = CARTESIAN_POINT('',(-3.061616997868E-16,17.,98.75));
#372 = B_SPLINE_CURVE_WITH_KNOTS('',8,(#373,#374,#375,#376,#377,#378,
    #379,#380,#381,#382,#383,#384,#385,#386,#387,#388,#389,#390,#391,
    #392,#393,#394,#395,#396,#397,#398,#399,#400,#401,#402,#403,#404,
    #405,#406,#407,#408,#409,#410,#411,#412,#413,#414,#415,#416,#417,
    #418,#419,#420,#421,#422,#423),.UNSPECIFIED.,.T.,.F.,(9,7,7,7,7,7,7,
    9),(0.,0.135318423744,0.25013754556,0.400400437157,0.535372849226,
    0.749902017292,0.86472275183,1.),.UNSPECIFIED.);
#373 = CARTESIAN_POINT('',(4.440892098501E-16,17.,98.75));
#374 = CARTESIAN_POINT('',(0.153922789713,17.,98.75));
#375 = CARTESIAN_POINT('',(0.304824166985,16.998407212156,
    98.771661312457));
#376 = CARTESIAN_POINT('',(0.449243429383,16.995331276506,
    98.813496623725));
#377 = CARTESIAN_POINT('',(0.584131907893,16.991077693583,
    98.873431126596));
#378 = CARTESIAN_POINT('',(0.70693995877,16.986096138012,98.948830789939
    ));
#379 = CARTESIAN_POINT('',(0.815739285381,16.980876413883,99.03653665109
    ));
#380 = CARTESIAN_POINT('',(0.909381491242,16.975841036235,
    99.132906607346));
#381 = CARTESIAN_POINT('',(1.054142563094,16.967416239796,
    99.319531456643));
#382 = CARTESIAN_POINT('',(1.110654846952,16.963828936599,
    99.409919669169));
#383 = CARTESIAN_POINT('',(1.15740578563,16.96066746385,99.503924982318)
  );
#384 = CARTESIAN_POINT('',(1.194574508637,16.958040031776,
    99.600627140566));
#385 = CARTESIAN_POINT('',(1.22232253841,16.956022381548,99.69924525517)
  );
#386 = CARTESIAN_POINT('',(1.240774341652,16.954662079313,
    99.799094930505));
#387 = CARTESIAN_POINT('',(1.25,16.953981833186,99.899548732616));
#388 = CARTESIAN_POINT('',(1.25,16.953981833186,100.13145979226));
#389 = CARTESIAN_POINT('',(1.23419996616,16.955146706582,100.26297604741
    ));
#390 = CARTESIAN_POINT('',(1.20257402523,16.957478643078,100.39320110676
    ));
#391 = CARTESIAN_POINT('',(1.154892506249,16.960910949708,100.520677429)
  );
#392 = CARTESIAN_POINT('',(1.090809683079,16.965303558087,100.643718189)
  );
#393 = CARTESIAN_POINT('',(1.009937238511,16.970421152924,100.7602920429
    ));
#394 = CARTESIAN_POINT('',(0.911951186257,16.975913484747,
    100.86786365149));
#395 = CARTESIAN_POINT('',(0.693328400608,16.98617147922,101.04872414881
    ));
#396 = CARTESIAN_POINT('',(0.573698699245,16.991062440353,
    101.12630145189));
#397 = CARTESIAN_POINT('',(0.439680898328,16.995514015678,
    101.19027858269));
#398 = CARTESIAN_POINT('',(0.294458578966,16.998961780051,
    101.23646236884));
#399 = CARTESIAN_POINT('',(0.142155473257,17.000926596572,
    101.26209920663));
#400 = CARTESIAN_POINT('',(-1.258451625364E-02,17.001181983031,
    101.26591603108));
#401 = CARTESIAN_POINT('',(-0.165031091759,16.999824664119,
    101.2481720568));
#402 = CARTESIAN_POINT('',(-0.542650914487,16.992918345308,
    101.15121576551));
#403 = CARTESIAN_POINT('',(-0.746550918501,16.985575330608,
    101.0448073024));
#404 = CARTESIAN_POINT('',(-0.916928136467,16.976751557458,
    100.90507150313));
#405 = CARTESIAN_POINT('',(-1.052237385008,16.968221117905,
    100.74201866695));
#406 = CARTESIAN_POINT('',(-1.152266624721,16.961186480343,
    100.56384598989));
#407 = CARTESIAN_POINT('',(-1.217795879108,16.956356447395,
    100.37722133041));
#408 = CARTESIAN_POINT('',(-1.25,16.953981833186,100.18767920171));
#409 = CARTESIAN_POINT('',(-1.25,16.953981833186,99.899549958671));
#410 = CARTESIAN_POINT('',(-1.240774555073,16.954662069758,
    99.799096797627));
#411 = CARTESIAN_POINT('',(-1.22232301096,16.956022345843,
    99.699246899384));
#412 = CARTESIAN_POINT('',(-1.194574992778,16.958039992811,
    99.600627803031));
#413 = CARTESIAN_POINT('',(-1.157405813744,16.960667465583,
    99.503924317538));
#414 = CARTESIAN_POINT('',(-1.110654041643,16.963828997906,
    99.409917961471));
#415 = CARTESIAN_POINT('',(-1.054141223078,16.967416317782,
    99.319529729105));
#416 = CARTESIAN_POINT('',(-0.909407998972,16.97583949354,
    99.132940780905));
#417 = CARTESIAN_POINT('',(-0.81576987835,16.980874913307,99.03655958232
    ));
#418 = CARTESIAN_POINT('',(-0.706950858429,16.986096026933,98.9488272717
    ));
#419 = CARTESIAN_POINT('',(-0.584107668487,16.991079240891,
    98.873406602878));
#420 = CARTESIAN_POINT('',(-0.449183342153,16.995333437495,
    98.813467285965));
#421 = CARTESIAN_POINT('',(-0.304745531377,16.998408503509,
    98.771643742398));
#422 = CARTESIAN_POINT('',(-0.153860350942,17.,98.75));
#423 = CARTESIAN_POINT('',(4.440892098501E-16,17.,98.75));
#424 = ORIENTED_EDGE('',*,*,#425,.T.);
#425 = EDGE_CURVE('',#370,#368,#426,.T.);
#426 = B_SPLINE_CURVE_WITH_KNOTS('',8,(#427,#428,#429,#430,#431,#432,
    #433,#434,#435,#436,#437,#438,#439,#440,#441,#442,#443,#444,#445,
    #446,#447,#448,#449,#450,#451,#452,#453,#454,#455,#456,#457,#458,
    #459,#460,#461,#462,#463,#464,#465,#466,#467,#468,#469,#470,#471,
    #472,#473,#474,#475,#476,#477),.UNSPECIFIED.,.T.,.F.,(9,7,7,7,7,7,7,
    9),(0.,0.135318423744,0.25013754556,0.400400437157,0.535372849226,
    0.749902017292,0.86472275183,1.),.UNSPECIFIED.);
#427 = CARTESIAN_POINT('',(4.440892098501E-16,17.,98.75));
#428 = CARTESIAN_POINT('',(0.153922789713,17.,98.75));
#429 = CARTESIAN_POINT('',(0.304824166985,16.998407212156,
    98.771661312457));
#430 = CARTESIAN_POINT('',(0.449243429383,16.995331276506,
    98.813496623725));
#431 = CARTESIAN_POINT('',(0.584131907893,16.991077693583,
    98.873431126596));
#432 = CARTESIAN_POINT('',(0.70693995877,16.986096138012,98.948830789939
    ));
#433 = CARTESIAN_POINT('',(0.815739285381,16.980876413883,99.03653665109
    ));
#434 = CARTESIAN_POINT('',(0.909381491242,16.975841036235,
    99.132906607346));
#435 = CARTESIAN_POINT('',(1.054142563094,16.967416239796,
    99.319531456643));
#436 = CARTESIAN_POINT('',(1.110654846952,16.963828936599,
    99.409919669169));
#437 = CARTESIAN_POINT('',(1.15740578563,16.96066746385,99.503924982318)
  );
#438 = CARTESIAN_POINT('',(1.194574508637,16.958040031776,
    99.600627140566));
#439 = CARTESIAN_POINT('',(1.22232253841,16.956022381548,99.69924525517)
  );
#440 = CARTESIAN_POINT('',(1.240774341652,16.954662079313,
    99.799094930505));
#441 = CARTESIAN_POINT('',(1.25,16.953981833186,99.899548732616));
#442 = CARTESIAN_POINT('',(1.25,16.953981833186,100.13145979226));
#443 = CARTESIAN_POINT('',(1.23419996616,16.955146706582,100.26297604741
    ));
#444 = CARTESIAN_POINT('',(1.20257402523,16.957478643078,100.39320110676
    ));
#445 = CARTESIAN_POINT('',(1.154892506249,16.960910949708,100.520677429)
  );
#446 = CARTESIAN_POINT('',(1.090809683079,16.965303558087,100.643718189)
  );
#447 = CARTESIAN_POINT('',(1.009937238511,16.970421152924,100.7602920429
    ));
#448 = CARTESIAN_POINT('',(0.911951186257,16.975913484747,
    100.86786365149));
#449 = CARTESIAN_POINT('',(0.693328400608,16.98617147922,101.04872414881
    ));
#450 = CARTESIAN_POINT('',(0.573698699245,16.991062440353,
    101.12630145189));
#451 = CARTESIAN_POINT('',(0.439680898328,16.995514015678,
    101.19027858269));
#452 = CARTESIAN_POINT('',(0.294458578966,16.998961780051,
    101.23646236884));
#453 = CARTESIAN_POINT('',(0.142155473257,17.000926596572,
    101.26209920663));
#454 = CARTESIAN_POINT('',(-1.258451625364E-02,17.001181983031,
    101.26591603108));
#455 = CARTESIAN_POINT('',(-0.165031091759,16.999824664119,
    101.2481720568));
#456 = CARTESIAN_POINT('',(-0.542650914487,16.992918345308,
    101.15121576551));
#457 = CARTESIAN_POINT('',(-0.746550918501,16.985575330608,
    101.0448073024));
#458 = CARTESIAN_POINT('',(-0.916928136467,16.976751557458,
    100.90507150313));
#459 = CARTESIAN_POINT('',(-1.052237385008,16.968221117905,
    100.74201866695));
#460 = CARTESIAN_POINT('',(-1.152266624721,16.961186480343,
    100.56384598989));
#461 = CARTESIAN_POINT('',(-1.217795879108,16.956356447395,
    100.37722133041));
#462 = CARTESIAN_POINT('',(-1.25,16.953981833186,100.18767920171));
#463 = CARTESIAN_POINT('',(-1.25,16.953981833186,99.899549958671));
#464 = CARTESIAN_POINT('',(-1.240774555073,16.954662069758,
    99.799096797627));
#465 = CARTESIAN_POINT('',(-1.22232301096,16.956022345843,
    99.699246899384));
#466 = CARTESIAN_POINT('',(-1.194574992778,16.958039992811,
    99.600627803031));
#467 = CARTESIAN_POINT('',(-1.157405813744,16.960667465583,
    99.503924317538));
#468 = CARTESIAN_POINT('',(-1.110654041643,16.963828997906,
    99.409917961471));
#469 = CARTESIAN_POINT('',(-1.054141223078,16.967416317782,
    99.319529729105));
#470 = CARTESIAN_POINT('',(-0.909407998972,16.97583949354,
    99.132940780905));
#471 = CARTESIAN_POINT('',(-0.81576987835,16.980874913307,99.03655958232
    ));
#472 = CARTESIAN_POINT('',(-0.706950858429,16.986096026933,98.9488272717
    ));
#473 = CARTESIAN_POINT('',(-0.584107668487,16.991079240891,
    98.873406602878));
#474 = CARTESIAN_POINT('',(-0.449183342153,16.995333437495,
    98.813467285965));
#475 = CARTESIAN_POINT('',(-0.304745531377,16.998408503509,
    98.771643742398));
#476 = CARTESIAN_POINT('',(-0.153860350942,17.,98.75));
#477 = CARTESIAN_POINT('',(4.440892098501E-16,17.,98.75));
#478 = FACE_BOUND('',#479,.T.);
#479 = EDGE_LOOP('',(#480,#538));
#480 = ORIENTED_EDGE('',*,*,#481,.T.);
#481 = EDGE_CURVE('',#482,#484,#486,.T.);
#482 = VERTEX_POINT('',#483);
#483 = CARTESIAN_POINT('',(1.530808498934E-16,17.,166.25));
#484 = VERTEX_POINT('',#485);
#485 = CARTESIAN_POINT('',(-3.061616997868E-16,17.,163.75));
#486 = B_SPLINE_CURVE_WITH_KNOTS('',8,(#487,#488,#489,#490,#491,#492,
    #493,#494,#495,#496,#497,#498,#499,#500,#501,#502,#503,#504,#505,
    #506,#507,#508,#509,#510,#511,#512,#513,#514,#515,#516,#517,#518,
    #519,#520,#521,#522,#523,#524,#525,#526,#527,#528,#529,#530,#531,
    #532,#533,#534,#535,#536,#537),.UNSPECIFIED.,.T.,.F.,(9,7,7,7,7,7,7,
    9),(0.,0.135318423744,0.25013754556,0.400400437157,0.535372849226,
    0.749902017292,0.86472275183,1.),.UNSPECIFIED.);
#487 = CARTESIAN_POINT('',(4.440892098501E-16,17.,163.75));
#488 = CARTESIAN_POINT('',(0.153922789713,17.,163.75));
#489 = CARTESIAN_POINT('',(0.304824166985,16.998407212156,
    163.77166131245));
#490 = CARTESIAN_POINT('',(0.449243429383,16.995331276506,
    163.81349662372));
#491 = CARTESIAN_POINT('',(0.584131907893,16.991077693583,
    163.87343112659));
#492 = CARTESIAN_POINT('',(0.70693995877,16.986096138012,163.94883078993
    ));
#493 = CARTESIAN_POINT('',(0.815739285381,16.980876413883,
    164.03653665109));
#494 = CARTESIAN_POINT('',(0.909381491242,16.975841036235,
    164.13290660734));
#495 = CARTESIAN_POINT('',(1.054142563094,16.967416239796,
    164.31953145664));
#496 = CARTESIAN_POINT('',(1.110654846952,16.963828936599,
    164.40991966916));
#497 = CARTESIAN_POINT('',(1.15740578563,16.96066746385,164.50392498231)
  );
#498 = CARTESIAN_POINT('',(1.194574508637,16.958040031776,
    164.60062714056));
#499 = CARTESIAN_POINT('',(1.22232253841,16.956022381548,164.69924525517
    ));
#500 = CARTESIAN_POINT('',(1.240774341652,16.954662079313,164.7990949305
    ));
#501 = CARTESIAN_POINT('',(1.25,16.953981833186,164.89954873261));
#502 = CARTESIAN_POINT('',(1.25,16.953981833186,165.13145979226));
#503 = CARTESIAN_POINT('',(1.23419996616,16.955146706582,165.26297604741
    ));
#504 = CARTESIAN_POINT('',(1.20257402523,16.957478643078,165.39320110676
    ));
#505 = CARTESIAN_POINT('',(1.154892506249,16.960910949708,165.520677429)
  );
#506 = CARTESIAN_POINT('',(1.090809683079,16.965303558087,165.643718189)
  );
#507 = CARTESIAN_POINT('',(1.009937238511,16.970421152924,165.7602920429
    ));
#508 = CARTESIAN_POINT('',(0.911951186257,16.975913484747,
    165.86786365149));
#509 = CARTESIAN_POINT('',(0.693328400608,16.98617147922,166.04872414881
    ));
#510 = CARTESIAN_POINT('',(0.573698699245,16.991062440353,
    166.12630145189));
#511 = CARTESIAN_POINT('',(0.439680898328,16.995514015678,
    166.19027858269));
#512 = CARTESIAN_POINT('',(0.294458578966,16.998961780051,
    166.23646236884));
#513 = CARTESIAN_POINT('',(0.142155473257,17.000926596572,
    166.26209920663));
#514 = CARTESIAN_POINT('',(-1.258451625342E-02,17.001181983031,
    166.26591603108));
#515 = CARTESIAN_POINT('',(-0.165031091759,16.999824664119,
    166.2481720568));
#516 = CARTESIAN_POINT('',(-0.542650914486,16.992918345308,
    166.15121576551));
#517 = CARTESIAN_POINT('',(-0.746550918502,16.985575330607,
    166.04480730239));
#518 = CARTESIAN_POINT('',(-0.916928136465,16.976751557458,
    165.90507150313));
#519 = CARTESIAN_POINT('',(-1.052237385011,16.968221117905,
    165.74201866694));
#520 = CARTESIAN_POINT('',(-1.152266624719,16.961186480343,
    165.5638459899));
#521 = CARTESIAN_POINT('',(-1.217795879109,16.956356447395,
    165.3772213304));
#522 = CARTESIAN_POINT('',(-1.25,16.953981833186,165.18767920171));
#523 = CARTESIAN_POINT('',(-1.25,16.953981833186,164.89954995867));
#524 = CARTESIAN_POINT('',(-1.240774555073,16.954662069758,
    164.79909679762));
#525 = CARTESIAN_POINT('',(-1.22232301096,16.956022345843,
    164.69924689938));
#526 = CARTESIAN_POINT('',(-1.194574992778,16.958039992811,
    164.60062780303));
#527 = CARTESIAN_POINT('',(-1.157405813744,16.960667465583,
    164.50392431753));
#528 = CARTESIAN_POINT('',(-1.110654041643,16.963828997906,
    164.40991796147));
#529 = CARTESIAN_POINT('',(-1.054141223078,16.967416317782,
    164.3195297291));
#530 = CARTESIAN_POINT('',(-0.909407998972,16.97583949354,164.1329407809
    ));
#531 = CARTESIAN_POINT('',(-0.815769878349,16.980874913307,
    164.03655958232));
#532 = CARTESIAN_POINT('',(-0.70695085843,16.986096026933,163.9488272717
    ));
#533 = CARTESIAN_POINT('',(-0.584107668487,16.991079240891,
    163.87340660287));
#534 = CARTESIAN_POINT('',(-0.449183342153,16.995333437495,
    163.81346728596));
#535 = CARTESIAN_POINT('',(-0.304745531377,16.998408503509,
    163.77164374239));
#536 = CARTESIAN_POINT('',(-0.153860350942,17.,163.75));
#537 = CARTESIAN_POINT('',(4.440892098501E-16,17.,163.75));
#538 = ORIENTED_EDGE('',*,*,#539,.T.);
#539 = EDGE_CURVE('',#484,#482,#540,.T.);
#540 = B_SPLINE_CURVE_WITH_KNOTS('',8,(#541,#542,#543,#544,#545,#546,
    #547,#548,#549,#550,#551,#552,#553,#554,#555,#556,#557,#558,#559,
    #560,#561,#562,#563,#564,#565,#566,#567,#568,#569,#570,#571,#572,
    #573,#574,#575,#576,#577,#578,#579,#580,#581,#582,#583,#584,#585,
    #586,#587,#588,#589,#590,#591),.UNSPECIFIED.,.T.,.F.,(9,7,7,7,7,7,7,
    9),(0.,0.135318423744,0.25013754556,0.400400437157,0.535372849226,
    0.749902017292,0.86472275183,1.),.UNSPECIFIED.);
#541 = CARTESIAN_POINT('',(4.440892098501E-16,17.,163.75));
#542 = CARTESIAN_POINT('',(0.153922789713,17.,163.75));
#543 = CARTESIAN_POINT('',(0.304824166985,16.998407212156,
    163.77166131245));
#544 = CARTESIAN_POINT('',(0.449243429383,16.995331276506,
    163.81349662372));
#545 = CARTESIAN_POINT('',(0.584131907893,16.991077693583,
    163.87343112659));
#546 = CARTESIAN_POINT('',(0.70693995877,16.986096138012,163.94883078993
    ));
#547 = CARTESIAN_POINT('',(0.815739285381,16.980876413883,
    164.03653665109));
#548 = CARTESIAN_POINT('',(0.909381491242,16.975841036235,
    164.13290660734));
#549 = CARTESIAN_POINT('',(1.054142563094,16.967416239796,
    164.31953145664));
#550 = CARTESIAN_POINT('',(1.110654846952,16.963828936599,
    164.40991966916));
#551 = CARTESIAN_POINT('',(1.15740578563,16.96066746385,164.50392498231)
  );
#552 = CARTESIAN_POINT('',(1.194574508637,16.958040031776,
    164.60062714056));
#553 = CARTESIAN_POINT('',(1.22232253841,16.956022381548,164.69924525517
    ));
#554 = CARTESIAN_POINT('',(1.240774341652,16.954662079313,164.7990949305
    ));
#555 = CARTESIAN_POINT('',(1.25,16.953981833186,164.89954873261));
#556 = CARTESIAN_POINT('',(1.25,16.953981833186,165.13145979226));
#557 = CARTESIAN_POINT('',(1.23419996616,16.955146706582,165.26297604741
    ));
#558 = CARTESIAN_POINT('',(1.20257402523,16.957478643078,165.39320110676
    ));
#559 = CARTESIAN_POINT('',(1.154892506249,16.960910949708,165.520677429)
  );
#560 = CARTESIAN_POINT('',(1.090809683079,16.965303558087,165.643718189)
  );
#561 = CARTESIAN_POINT('',(1.009937238511,16.970421152924,165.7602920429
    ));
#562 = CARTESIAN_POINT('',(0.911951186257,16.975913484747,
    165.86786365149));
#563 = CARTESIAN_POINT('',(0.693328400608,16.98617147922,166.04872414881
    ));
#564 = CARTESIAN_POINT('',(0.573698699245,16.991062440353,
    166.12630145189));
#565 = CARTESIAN_POINT('',(0.439680898328,16.995514015678,
    166.19027858269));
#566 = CARTESIAN_POINT('',(0.294458578966,16.998961780051,
    166.23646236884));
#567 = CARTESIAN_POINT('',(0.142155473257,17.000926596572,
    166.26209920663));
#568 = CARTESIAN_POINT('',(-1.258451625342E-02,17.001181983031,
    166.26591603108));
#569 = CARTESIAN_POINT('',(-0.165031091759,16.999824664119,
    166.2481720568));
#570 = CARTESIAN_POINT('',(-0.542650914486,16.992918345308,
    166.15121576551));
#571 = CARTESIAN_POINT('',(-0.746550918502,16.985575330607,
    166.04480730239));
#572 = CARTESIAN_POINT('',(-0.916928136465,16.976751557458,
    165.90507150313));
#573 = CARTESIAN_POINT('',(-1.052237385011,16.968221117905,
    165.74201866694));
#574 = CARTESIAN_POINT('',(-1.152266624719,16.961186480343,
    165.5638459899));
#575 = CARTESIAN_POINT('',(-1.217795879109,16.956356447395,
    165.3772213304));
#576 = CARTESIAN_POINT('',(-1.25,16.953981833186,165.18767920171));
#577 = CARTESIAN_POINT('',(-1.25,16.953981833186,164.89954995867));
#578 = CARTESIAN_POINT('',(-1.240774555073,16.954662069758,
    164.79909679762));
#579 = CARTESIAN_POINT('',(-1.22232301096,16.956022345843,
    164.69924689938));
#580 = CARTESIAN_POINT('',(-1.194574992778,16.958039992811,
    164.60062780303));
#581 = CARTESIAN_POINT('',(-1.157405813744,16.960667465583,
    164.50392431753));
#582 = CARTESIAN_POINT('',(-1.110654041643,16.963828997906,
    164.40991796147));
#583 = CARTESIAN_POINT('',(-1.054141223078,16.967416317782,
    164.3195297291));
#584 = CARTESIAN_POINT('',(-0.909407998972,16.97583949354,164.1329407809
    ));
#585 = CARTESIAN_POINT('',(-0.815769878349,16.980874913307,
    164.03655958232));
#586 = CARTESIAN_POINT('',(-0.70695085843,16.986096026933,163.9488272717
    ));
#587 = CARTESIAN_POINT('',(-0.584107668487,16.991079240891,
    163.87340660287));
#588 = CARTESIAN_POINT('',(-0.449183342153,16.995333437495,
    163.81346728596));
#589 = CARTESIAN_POINT('',(-0.304745531377,16.998408503509,
    163.77164374239));
#590 = CARTESIAN_POINT('',(-0.153860350942,17.,163.75));
#591 = CARTESIAN_POINT('',(4.440892098501E-16,17.,163.75));
#592 = FACE_BOUND('',#593,.T.);
#593 = EDGE_LOOP('',(#594,#651));
#594 = ORIENTED_EDGE('',*,*,#595,.T.);
#595 = EDGE_CURVE('',#596,#598,#600,.T.);
#596 = VERTEX_POINT('',#597);
#597 = CARTESIAN_POINT('',(1.959434878636E-16,17.,171.6));
#598 = VERTEX_POINT('',#599);
#599 = CARTESIAN_POINT('',(-3.918869757271E-16,17.,168.4));
#600 = B_SPLINE_CURVE_WITH_KNOTS('',7,(#601,#602,#603,#604,#605,#606,
    #607,#608,#609,#610,#611,#612,#613,#614,#615,#616,#617,#618,#619,
    #620,#621,#622,#623,#624,#625,#626,#627,#628,#629,#630,#631,#632,
    #633,#634,#635,#636,#637,#638,#639,#640,#641,#642,#643,#644,#645,
    #646,#647,#648,#649,#650),.UNSPECIFIED.,.T.,.F.,(8,6,6,6,6,6,6,6,8),
  (0.,0.142470946015,0.276387769534,0.443995295071,0.590765009433,
    0.686040864831,0.790895457493,0.892098852171,1.),.UNSPECIFIED.);
#601 = CARTESIAN_POINT('',(2.22044604925E-16,17.,168.4));
#602 = CARTESIAN_POINT('',(0.21919075014,17.,168.4));
#603 = CARTESIAN_POINT('',(0.432827279449,16.996702765496,
    168.43503221445));
#604 = CARTESIAN_POINT('',(0.6343982428,16.990409514036,168.50190298801)
  );
#605 = CARTESIAN_POINT('',(0.818452061963,16.981991529343,
    168.59611904472));
#606 = CARTESIAN_POINT('',(0.980819276248,16.972667100275,
    168.71195792033));
#607 = CARTESIAN_POINT('',(1.119030073531,16.963513449989,
    168.84257178715));
#608 = CARTESIAN_POINT('',(1.339780151512,16.947462637441,
    169.10941279277));
#609 = CARTESIAN_POINT('',(1.427668040435,16.940280915467,
    169.24785952093));
#610 = CARTESIAN_POINT('',(1.497118925263,16.934154947153,
    169.39270573603));
#611 = CARTESIAN_POINT('',(1.548725076915,16.929385842093,
    169.54191430979));
#612 = CARTESIAN_POINT('',(1.582930624177,16.926152079453,
    169.69383237305));
#613 = CARTESIAN_POINT('',(1.6,16.924538398432,169.84699787615));
#614 = CARTESIAN_POINT('',(1.6,16.924538398432,170.19149429254));
#615 = CARTESIAN_POINT('',(1.573262442059,16.927065975425,
    170.38292723129));
#616 = CARTESIAN_POINT('',(1.519810826389,16.932119765199,
    170.57187633186));
#617 = CARTESIAN_POINT('',(1.438915773988,16.939497272162,
    170.75561447456));
#618 = CARTESIAN_POINT('',(1.329414432026,16.948779480267,
    170.93062750422));
#619 = CARTESIAN_POINT('',(1.18998662853,16.959156027433,171.09209540963
    ));
#620 = CARTESIAN_POINT('',(0.870918851863,16.978332351712,
    171.35605123013));
#621 = CARTESIAN_POINT('',(0.693362741985,16.987471739884,
    171.46757086193));
#622 = CARTESIAN_POINT('',(0.490796919444,16.995534069469,
    171.55480334815));
#623 = CARTESIAN_POINT('',(0.270541517435,17.000923698475,
    171.60912046534));
#624 = CARTESIAN_POINT('',(4.229585684488E-02,17.002493790888,
    171.62590745402));
#625 = CARTESIAN_POINT('',(-0.183611968197,17.000359784842,
    171.60475385359));
#626 = CARTESIAN_POINT('',(-0.537011805897,16.992085803674,
    171.51401619751));
#627 = CARTESIAN_POINT('',(-0.672377193301,16.98758752348,171.4637316113
    ));
#628 = CARTESIAN_POINT('',(-0.802159883017,16.982018210568,
    171.39935537636));
#629 = CARTESIAN_POINT('',(-0.924621367975,16.975646909198,
    171.32164133459));
#630 = CARTESIAN_POINT('',(-1.03814523225,16.968814912332,
    171.23161057127));
#631 = CARTESIAN_POINT('',(-1.141282407804,16.961895475267,
    171.13052976139));
#632 = CARTESIAN_POINT('',(-1.333562992505,16.947914689168,
    170.89810246147));
#633 = CARTESIAN_POINT('',(-1.420225637947,16.940911591465,
    170.76477096996));
#634 = CARTESIAN_POINT('',(-1.491242135604,16.934695143432,
    170.62182975366));
#635 = CARTESIAN_POINT('',(-1.545386923299,16.929701847001,
    170.47145281736));
#636 = CARTESIAN_POINT('',(-1.581794581291,16.926259298656,
    170.31601194329));
#637 = CARTESIAN_POINT('',(-1.6,16.924538398432,170.15801315103));
#638 = CARTESIAN_POINT('',(-1.6,16.924538398432,169.84748910961));
#639 = CARTESIAN_POINT('',(-1.583040017544,16.926141735026,
    169.69428812221));
#640 = CARTESIAN_POINT('',(-1.548842922176,16.929374711428,
    169.54205219075));
#641 = CARTESIAN_POINT('',(-1.497105192721,16.934157619581,
    169.39249087344));
#642 = CARTESIAN_POINT('',(-1.427467067339,16.940299538969,
    169.24745346075));
#643 = CARTESIAN_POINT('',(-1.339508782559,16.947482368769,
    169.10908476405));
#644 = CARTESIAN_POINT('',(-1.119072890756,16.963510336735,
    168.84262354428));
#645 = CARTESIAN_POINT('',(-0.980860773637,16.972664755883,
    168.7119806108));
#646 = CARTESIAN_POINT('',(-0.818449164206,16.981992773044,
    168.59609706921));
#647 = CARTESIAN_POINT('',(-0.634332133712,16.990413639621,
    168.50185926268));
#648 = CARTESIAN_POINT('',(-0.432716540036,16.996705676985,
    168.43500126358));
#649 = CARTESIAN_POINT('',(-0.21909390383,17.,168.4));
#650 = CARTESIAN_POINT('',(2.22044604925E-16,17.,168.4));
#651 = ORIENTED_EDGE('',*,*,#652,.T.);
#652 = EDGE_CURVE('',#598,#596,#653,.T.);
#653 = B_SPLINE_CURVE_WITH_KNOTS('',7,(#654,#655,#656,#657,#658,#659,
    #660,#661,#662,#663,#664,#665,#666,#667,#668,#669,#670,#671,#672,
    #673,#674,#675,#676,#677,#678,#679,#680,#681,#682,#683,#684,#685,
    #686,#687,#688,#689,#690,#691,#692,#693,#694,#695,#696,#697,#698,
    #699,#700,#701,#702,#703),.UNSPECIFIED.,.T.,.F.,(8,6,6,6,6,6,6,6,8),
  (0.,0.142470946015,0.276387769534,0.443995295071,0.590765009433,
    0.686040864831,0.790895457493,0.892098852171,1.),.UNSPECIFIED.);
#654 = CARTESIAN_POINT('',(2.22044604925E-16,17.,168.4));
#655 = CARTESIAN_POINT('',(0.21919075014,17.,168.4));
#656 = CARTESIAN_POINT('',(0.432827279449,16.996702765496,
    168.43503221445));
#657 = CARTESIAN_POINT('',(0.6343982428,16.990409514036,168.50190298801)
  );
#658 = CARTESIAN_POINT('',(0.818452061963,16.981991529343,
    168.59611904472));
#659 = CARTESIAN_POINT('',(0.980819276248,16.972667100275,
    168.71195792033));
#660 = CARTESIAN_POINT('',(1.119030073531,16.963513449989,
    168.84257178715));
#661 = CARTESIAN_POINT('',(1.339780151512,16.947462637441,
    169.10941279277));
#662 = CARTESIAN_POINT('',(1.427668040435,16.940280915467,
    169.24785952093));
#663 = CARTESIAN_POINT('',(1.497118925263,16.934154947153,
    169.39270573603));
#664 = CARTESIAN_POINT('',(1.548725076915,16.929385842093,
    169.54191430979));
#665 = CARTESIAN_POINT('',(1.582930624177,16.926152079453,
    169.69383237305));
#666 = CARTESIAN_POINT('',(1.6,16.924538398432,169.84699787615));
#667 = CARTESIAN_POINT('',(1.6,16.924538398432,170.19149429254));
#668 = CARTESIAN_POINT('',(1.573262442059,16.927065975425,
    170.38292723129));
#669 = CARTESIAN_POINT('',(1.519810826389,16.932119765199,
    170.57187633186));
#670 = CARTESIAN_POINT('',(1.438915773988,16.939497272162,
    170.75561447456));
#671 = CARTESIAN_POINT('',(1.329414432026,16.948779480267,
    170.93062750422));
#672 = CARTESIAN_POINT('',(1.18998662853,16.959156027433,171.09209540963
    ));
#673 = CARTESIAN_POINT('',(0.870918851863,16.978332351712,
    171.35605123013));
#674 = CARTESIAN_POINT('',(0.693362741985,16.987471739884,
    171.46757086193));
#675 = CARTESIAN_POINT('',(0.490796919444,16.995534069469,
    171.55480334815));
#676 = CARTESIAN_POINT('',(0.270541517435,17.000923698475,
    171.60912046534));
#677 = CARTESIAN_POINT('',(4.229585684488E-02,17.002493790888,
    171.62590745402));
#678 = CARTESIAN_POINT('',(-0.183611968197,17.000359784842,
    171.60475385359));
#679 = CARTESIAN_POINT('',(-0.537011805897,16.992085803674,
    171.51401619751));
#680 = CARTESIAN_POINT('',(-0.672377193301,16.98758752348,171.4637316113
    ));
#681 = CARTESIAN_POINT('',(-0.802159883017,16.982018210568,
    171.39935537636));
#682 = CARTESIAN_POINT('',(-0.924621367975,16.975646909198,
    171.32164133459));
#683 = CARTESIAN_POINT('',(-1.03814523225,16.968814912332,
    171.23161057127));
#684 = CARTESIAN_POINT('',(-1.141282407804,16.961895475267,
    171.13052976139));
#685 = CARTESIAN_POINT('',(-1.333562992505,16.947914689168,
    170.89810246147));
#686 = CARTESIAN_POINT('',(-1.420225637947,16.940911591465,
    170.76477096996));
#687 = CARTESIAN_POINT('',(-1.491242135604,16.934695143432,
    170.62182975366));
#688 = CARTESIAN_POINT('',(-1.545386923299,16.929701847001,
    170.47145281736));
#689 = CARTESIAN_POINT('',(-1.581794581291,16.926259298656,
    170.31601194329));
#690 = CARTESIAN_POINT('',(-1.6,16.924538398432,170.15801315103));
#691 = CARTESIAN_POINT('',(-1.6,16.924538398432,169.84748910961));
#692 = CARTESIAN_POINT('',(-1.583040017544,16.926141735026,
    169.69428812221));
#693 = CARTESIAN_POINT('',(-1.548842922176,16.929374711428,
    169.54205219075));
#694 = CARTESIAN_POINT('',(-1.497105192721,16.934157619581,
    169.39249087344));
#695 = CARTESIAN_POINT('',(-1.427467067339,16.940299538969,
    169.24745346075));
#696 = CARTESIAN_POINT('',(-1.339508782559,16.947482368769,
    169.10908476405));
#697 = CARTESIAN_POINT('',(-1.119072890756,16.963510336735,
    168.84262354428));
#698 = CARTESIAN_POINT('',(-0.980860773637,16.972664755883,
    168.7119806108));
#699 = CARTESIAN_POINT('',(-0.818449164206,16.981992773044,
    168.59609706921));
#700 = CARTESIAN_POINT('',(-0.634332133712,16.990413639621,
    168.50185926268));
#701 = CARTESIAN_POINT('',(-0.432716540036,16.996705676985,
    168.43500126358));
#702 = CARTESIAN_POINT('',(-0.21909390383,17.,168.4));
#703 = CARTESIAN_POINT('',(2.22044604925E-16,17.,168.4));
#704 = FACE_BOUND('',#705,.T.);
#705 = EDGE_LOOP('',(#706,#764));
#706 = ORIENTED_EDGE('',*,*,#707,.T.);
#707 = EDGE_CURVE('',#708,#710,#712,.T.);
#708 = VERTEX_POINT('',#709);
#709 = CARTESIAN_POINT('',(1.530808498934E-16,17.,176.25));
#710 = VERTEX_POINT('',#711);
#711 = CARTESIAN_POINT('',(-3.061616997868E-16,17.,173.75));
#712 = B_SPLINE_CURVE_WITH_KNOTS('',8,(#713,#714,#715,#716,#717,#718,
    #719,#720,#721,#722,#723,#724,#725,#726,#727,#728,#729,#730,#731,
    #732,#733,#734,#735,#736,#737,#738,#739,#740,#741,#742,#743,#744,
    #745,#746,#747,#748,#749,#750,#751,#752,#753,#754,#755,#756,#757,
    #758,#759,#760,#761,#762,#763),.UNSPECIFIED.,.T.,.F.,(9,7,7,7,7,7,7,
    9),(0.,0.135318423744,0.25013754556,0.400400437157,0.535372849226,
    0.749902017292,0.86472275183,1.),.UNSPECIFIED.);
#713 = CARTESIAN_POINT('',(4.440892098501E-16,17.,173.75));
#714 = CARTESIAN_POINT('',(0.153922789713,17.,173.75));
#715 = CARTESIAN_POINT('',(0.304824166985,16.998407212156,
    173.77166131245));
#716 = CARTESIAN_POINT('',(0.449243429383,16.995331276506,
    173.81349662372));
#717 = CARTESIAN_POINT('',(0.584131907893,16.991077693583,
    173.87343112659));
#718 = CARTESIAN_POINT('',(0.70693995877,16.986096138012,173.94883078993
    ));
#719 = CARTESIAN_POINT('',(0.815739285381,16.980876413883,
    174.03653665109));
#720 = CARTESIAN_POINT('',(0.909381491242,16.975841036235,
    174.13290660734));
#721 = CARTESIAN_POINT('',(1.054142563094,16.967416239796,
    174.31953145664));
#722 = CARTESIAN_POINT('',(1.110654846952,16.963828936599,
    174.40991966916));
#723 = CARTESIAN_POINT('',(1.15740578563,16.96066746385,174.50392498231)
  );
#724 = CARTESIAN_POINT('',(1.194574508637,16.958040031776,
    174.60062714056));
#725 = CARTESIAN_POINT('',(1.22232253841,16.956022381548,174.69924525517
    ));
#726 = CARTESIAN_POINT('',(1.240774341652,16.954662079313,174.7990949305
    ));
#727 = CARTESIAN_POINT('',(1.25,16.953981833186,174.89954873261));
#728 = CARTESIAN_POINT('',(1.25,16.953981833186,175.13145979226));
#729 = CARTESIAN_POINT('',(1.23419996616,16.955146706582,175.26297604741
    ));
#730 = CARTESIAN_POINT('',(1.20257402523,16.957478643078,175.39320110676
    ));
#731 = CARTESIAN_POINT('',(1.154892506249,16.960910949708,175.520677429)
  );
#732 = CARTESIAN_POINT('',(1.090809683079,16.965303558087,175.643718189)
  );
#733 = CARTESIAN_POINT('',(1.009937238511,16.970421152924,175.7602920429
    ));
#734 = CARTESIAN_POINT('',(0.911951186257,16.975913484747,
    175.86786365149));
#735 = CARTESIAN_POINT('',(0.693328400608,16.98617147922,176.04872414881
    ));
#736 = CARTESIAN_POINT('',(0.573698699245,16.991062440353,
    176.12630145189));
#737 = CARTESIAN_POINT('',(0.439680898328,16.995514015678,
    176.19027858269));
#738 = CARTESIAN_POINT('',(0.294458578966,16.998961780051,
    176.23646236884));
#739 = CARTESIAN_POINT('',(0.142155473257,17.000926596572,
    176.26209920663));
#740 = CARTESIAN_POINT('',(-1.258451625353E-02,17.001181983031,
    176.26591603108));
#741 = CARTESIAN_POINT('',(-0.165031091759,16.999824664119,
    176.2481720568));
#742 = CARTESIAN_POINT('',(-0.542650914486,16.992918345308,
    176.15121576551));
#743 = CARTESIAN_POINT('',(-0.746550918502,16.985575330607,
    176.04480730239));
#744 = CARTESIAN_POINT('',(-0.916928136465,16.976751557458,
    175.90507150313));
#745 = CARTESIAN_POINT('',(-1.052237385011,16.968221117905,
    175.74201866694));
#746 = CARTESIAN_POINT('',(-1.152266624719,16.961186480343,
    175.5638459899));
#747 = CARTESIAN_POINT('',(-1.217795879109,16.956356447395,
    175.3772213304));
#748 = CARTESIAN_POINT('',(-1.25,16.953981833186,175.18767920171));
#749 = CARTESIAN_POINT('',(-1.25,16.953981833186,174.89954995867));
#750 = CARTESIAN_POINT('',(-1.240774555073,16.954662069758,
    174.79909679762));
#751 = CARTESIAN_POINT('',(-1.22232301096,16.956022345843,
    174.69924689938));
#752 = CARTESIAN_POINT('',(-1.194574992778,16.958039992811,
    174.60062780303));
#753 = CARTESIAN_POINT('',(-1.157405813744,16.960667465583,
    174.50392431753));
#754 = CARTESIAN_POINT('',(-1.110654041643,16.963828997906,
    174.40991796147));
#755 = CARTESIAN_POINT('',(-1.054141223078,16.967416317782,
    174.3195297291));
#756 = CARTESIAN_POINT('',(-0.909407998972,16.97583949354,174.1329407809
    ));
#757 = CARTESIAN_POINT('',(-0.815769878349,16.980874913307,
    174.03655958232));
#758 = CARTESIAN_POINT('',(-0.70695085843,16.986096026933,173.9488272717
    ));
#759 = CARTESIAN_POINT('',(-0.584107668487,16.991079240891,
    173.87340660287));
#760 = CARTESIAN_POINT('',(-0.449183342153,16.995333437495,
    173.81346728596));
#761 = CARTESIAN_POINT('',(-0.304745531377,16.998408503509,
    173.77164374239));
#762 = CARTESIAN_POINT('',(-0.153860350942,17.,173.75));
#763 = CARTESIAN_POINT('',(4.440892098501E-16,17.,173.75));
#764 = ORIENTED_EDGE('',*,*,#765,.T.);
#765 = EDGE_CURVE('',#710,#708,#766,.T.);
#766 = B_SPLINE_CURVE_WITH_KNOTS('',8,(#767,#768,#769,#770,#771,#772,
    #773,#774,#775,#776,#777,#778,#779,#780,#781,#782,#783,#784,#785,
    #786,#787,#788,#789,#790,#791,#792,#793,#794,#795,#796,#797,#798,
    #799,#800,#801,#802,#803,#804,#805,#806,#807,#808,#809,#810,#811,
    #812,#813,#814,#815,#816,#817),.UNSPECIFIED.,.T.,.F.,(9,7,7,7,7,7,7,
    9),(0.,0.135318423744,0.25013754556,0.400400437157,0.535372849226,
    0.749902017292,0.86472275183,1.),.UNSPECIFIED.);
#767 = CARTESIAN_POINT('',(4.440892098501E-16,17.,173.75));
#768 = CARTESIAN_POINT('',(0.153922789713,17.,173.75));
#769 = CARTESIAN_POINT('',(0.304824166985,16.998407212156,
    173.77166131245));
#770 = CARTESIAN_POINT('',(0.449243429383,16.995331276506,
    173.81349662372));
#771 = CARTESIAN_POINT('',(0.584131907893,16.991077693583,
    173.87343112659));
#772 = CARTESIAN_POINT('',(0.70693995877,16.986096138012,173.94883078993
    ));
#773 = CARTESIAN_POINT('',(0.815739285381,16.980876413883,
    174.03653665109));
#774 = CARTESIAN_POINT('',(0.909381491242,16.975841036235,
    174.13290660734));
#775 = CARTESIAN_POINT('',(1.054142563094,16.967416239796,
    174.31953145664));
#776 = CARTESIAN_POINT('',(1.110654846952,16.963828936599,
    174.40991966916));
#777 = CARTESIAN_POINT('',(1.15740578563,16.96066746385,174.50392498231)
  );
#778 = CARTESIAN_POINT('',(1.194574508637,16.958040031776,
    174.60062714056));
#779 = CARTESIAN_POINT('',(1.22232253841,16.956022381548,174.69924525517
    ));
#780 = CARTESIAN_POINT('',(1.240774341652,16.954662079313,174.7990949305
    ));
#781 = CARTESIAN_POINT('',(1.25,16.953981833186,174.89954873261));
#782 = CARTESIAN_POINT('',(1.25,16.953981833186,175.13145979226));
#783 = CARTESIAN_POINT('',(1.23419996616,16.955146706582,175.26297604741
    ));
#784 = CARTESIAN_POINT('',(1.20257402523,16.957478643078,175.39320110676
    ));
#785 = CARTESIAN_POINT('',(1.154892506249,16.960910949708,175.520677429)
  );
#786 = CARTESIAN_POINT('',(1.090809683079,16.965303558087,175.643718189)
  );
#787 = CARTESIAN_POINT('',(1.009937238511,16.970421152924,175.7602920429
    ));
#788 = CARTESIAN_POINT('',(0.911951186257,16.975913484747,
    175.86786365149));
#789 = CARTESIAN_POINT('',(0.693328400608,16.98617147922,176.04872414881
    ));
#790 = CARTESIAN_POINT('',(0.573698699245,16.991062440353,
    176.12630145189));
#791 = CARTESIAN_POINT('',(0.439680898328,16.995514015678,
    176.19027858269));
#792 = CARTESIAN_POINT('',(0.294458578966,16.998961780051,
    176.23646236884));
#793 = CARTESIAN_POINT('',(0.142155473257,17.000926596572,
    176.26209920663));
#794 = CARTESIAN_POINT('',(-1.258451625353E-02,17.001181983031,
    176.26591603108));
#795 = CARTESIAN_POINT('',(-0.165031091759,16.999824664119,
    176.2481720568));
#796 = CARTESIAN_POINT('',(-0.542650914486,16.992918345308,
    176.15121576551));
#797 = CARTESIAN_POINT('',(-0.746550918502,16.985575330607,
    176.04480730239));
#798 = CARTESIAN_POINT('',(-0.916928136465,16.976751557458,
    175.90507150313));
#799 = CARTESIAN_POINT('',(-1.052237385011,16.968221117905,
    175.74201866694));
#800 = CARTESIAN_POINT('',(-1.152266624719,16.961186480343,
    175.5638459899));
#801 = CARTESIAN_POINT('',(-1.217795879109,16.956356447395,
    175.3772213304));
#802 = CARTESIAN_POINT('',(-1.25,16.953981833186,175.18767920171));
#803 = CARTESIAN_POINT('',(-1.25,16.953981833186,174.89954995867));
#804 = CARTESIAN_POINT('',(-1.240774555073,16.954662069758,
    174.79909679762));
#805 = CARTESIAN_POINT('',(-1.22232301096,16.956022345843,
    174.69924689938));
#806 = CARTESIAN_POINT('',(-1.194574992778,16.958039992811,
    174.60062780303));
#807 = CARTESIAN_POINT('',(-1.157405813744,16.960667465583,
    174.50392431753));
#808 = CARTESIAN_POINT('',(-1.110654041643,16.963828997906,
    174.40991796147));
#809 = CARTESIAN_POINT('',(-1.054141223078,16.967416317782,
    174.3195297291));
#810 = CARTESIAN_POINT('',(-0.909407998972,16.97583949354,174.1329407809
    ));
#811 = CARTESIAN_POINT('',(-0.815769878349,16.980874913307,
    174.03655958232));
#812 = CARTESIAN_POINT('',(-0.70695085843,16.986096026933,173.9488272717
    ));
#813 = CARTESIAN_POINT('',(-0.584107668487,16.991079240891,
    173.87340660287));
#814 = CARTESIAN_POINT('',(-0.449183342153,16.995333437495,
    173.81346728596));
#815 = CARTESIAN_POINT('',(-0.304745531377,16.998408503509,
    173.77164374239));
#816 = CARTESIAN_POINT('',(-0.153860350942,17.,173.75));
#817 = CARTESIAN_POINT('',(4.440892098501E-16,17.,173.75));
#818 = FACE_BOUND('',#819,.T.);
#819 = EDGE_LOOP('',(#820,#878));
#820 = ORIENTED_EDGE('',*,*,#821,.T.);
#821 = EDGE_CURVE('',#822,#824,#826,.T.);
#822 = VERTEX_POINT('',#823);
#823 = CARTESIAN_POINT('',(1.530808498934E-16,17.,241.25));
#824 = VERTEX_POINT('',#825);
#825 = CARTESIAN_POINT('',(-3.061616997868E-16,17.,238.75));
#826 = B_SPLINE_CURVE_WITH_KNOTS('',8,(#827,#828,#829,#830,#831,#832,
    #833,#834,#835,#836,#837,#838,#839,#840,#841,#842,#843,#844,#845,
    #846,#847,#848,#849,#850,#851,#852,#853,#854,#855,#856,#857,#858,
    #859,#860,#861,#862,#863,#864,#865,#866,#867,#868,#869,#870,#871,
    #872,#873,#874,#875,#876,#877),.UNSPECIFIED.,.T.,.F.,(9,7,7,7,7,7,7,
    9),(0.,0.135318423744,0.25013754556,0.400400437157,0.535372849226,
    0.749902017292,0.86472275183,1.),.UNSPECIFIED.);
#827 = CARTESIAN_POINT('',(4.440892098501E-16,17.,238.75));
#828 = CARTESIAN_POINT('',(0.153922789713,17.,238.75));
#829 = CARTESIAN_POINT('',(0.304824166985,16.998407212156,
    238.77166131245));
#830 = CARTESIAN_POINT('',(0.449243429383,16.995331276506,
    238.81349662372));
#831 = CARTESIAN_POINT('',(0.584131907893,16.991077693583,
    238.87343112659));
#832 = CARTESIAN_POINT('',(0.70693995877,16.986096138012,238.94883078993
    ));
#833 = CARTESIAN_POINT('',(0.815739285381,16.980876413883,
    239.03653665109));
#834 = CARTESIAN_POINT('',(0.909381491242,16.975841036235,
    239.13290660734));
#835 = CARTESIAN_POINT('',(1.054142563094,16.967416239796,
    239.31953145664));
#836 = CARTESIAN_POINT('',(1.110654846952,16.963828936599,
    239.40991966916));
#837 = CARTESIAN_POINT('',(1.15740578563,16.96066746385,239.50392498231)
  );
#838 = CARTESIAN_POINT('',(1.194574508637,16.958040031776,
    239.60062714056));
#839 = CARTESIAN_POINT('',(1.22232253841,16.956022381548,239.69924525517
    ));
#840 = CARTESIAN_POINT('',(1.240774341652,16.954662079313,239.7990949305
    ));
#841 = CARTESIAN_POINT('',(1.25,16.953981833186,239.89954873261));
#842 = CARTESIAN_POINT('',(1.25,16.953981833186,240.13145979226));
#843 = CARTESIAN_POINT('',(1.23419996616,16.955146706582,240.26297604741
    ));
#844 = CARTESIAN_POINT('',(1.20257402523,16.957478643078,240.39320110676
    ));
#845 = CARTESIAN_POINT('',(1.154892506249,16.960910949708,240.520677429)
  );
#846 = CARTESIAN_POINT('',(1.090809683079,16.965303558087,240.643718189)
  );
#847 = CARTESIAN_POINT('',(1.009937238511,16.970421152924,240.7602920429
    ));
#848 = CARTESIAN_POINT('',(0.911951186257,16.975913484747,
    240.86786365149));
#849 = CARTESIAN_POINT('',(0.693328400608,16.98617147922,241.04872414881
    ));
#850 = CARTESIAN_POINT('',(0.573698699245,16.991062440353,
    241.12630145189));
#851 = CARTESIAN_POINT('',(0.439680898328,16.995514015678,
    241.19027858269));
#852 = CARTESIAN_POINT('',(0.294458578966,16.998961780051,
    241.23646236884));
#853 = CARTESIAN_POINT('',(0.142155473257,17.000926596572,
    241.26209920663));
#854 = CARTESIAN_POINT('',(-1.258451625371E-02,17.001181983031,
    241.26591603108));
#855 = CARTESIAN_POINT('',(-0.165031091759,16.999824664119,
    241.2481720568));
#856 = CARTESIAN_POINT('',(-0.542650914486,16.992918345308,
    241.15121576551));
#857 = CARTESIAN_POINT('',(-0.746550918502,16.985575330607,
    241.04480730239));
#858 = CARTESIAN_POINT('',(-0.916928136465,16.976751557458,
    240.90507150313));
#859 = CARTESIAN_POINT('',(-1.052237385011,16.968221117905,
    240.74201866694));
#860 = CARTESIAN_POINT('',(-1.152266624719,16.961186480343,
    240.5638459899));
#861 = CARTESIAN_POINT('',(-1.217795879109,16.956356447395,
    240.3772213304));
#862 = CARTESIAN_POINT('',(-1.25,16.953981833186,240.18767920171));
#863 = CARTESIAN_POINT('',(-1.25,16.953981833186,239.89954995867));
#864 = CARTESIAN_POINT('',(-1.240774555073,16.954662069758,
    239.79909679762));
#865 = CARTESIAN_POINT('',(-1.22232301096,16.956022345843,
    239.69924689938));
#866 = CARTESIAN_POINT('',(-1.194574992778,16.958039992811,
    239.60062780303));
#867 = CARTESIAN_POINT('',(-1.157405813744,16.960667465583,
    239.50392431753));
#868 = CARTESIAN_POINT('',(-1.110654041643,16.963828997906,
    239.40991796147));
#869 = CARTESIAN_POINT('',(-1.054141223078,16.967416317782,
    239.3195297291));
#870 = CARTESIAN_POINT('',(-0.909407998972,16.97583949354,239.1329407809
    ));
#871 = CARTESIAN_POINT('',(-0.815769878349,16.980874913307,
    239.03655958232));
#872 = CARTESIAN_POINT('',(-0.70695085843,16.986096026933,238.9488272717
    ));
#873 = CARTESIAN_POINT('',(-0.584107668487,16.991079240891,
    238.87340660287));
#874 = CARTESIAN_POINT('',(-0.449183342153,16.995333437495,
    238.81346728596));
#875 = CARTESIAN_POINT('',(-0.304745531377,16.998408503509,
    238.77164374239));
#876 = CARTESIAN_POINT('',(-0.153860350942,17.,238.75));
#877 = CARTESIAN_POINT('',(4.440892098501E-16,17.,238.75));
#878 = ORIENTED_EDGE('',*,*,#879,.T.);
#879 = EDGE_CURVE('',#824,#822,#880,.T.);
#880 = B_SPLINE_CURVE_WITH_KNOTS('',8,(#881,#882,#883,#884,#885,#886,
    #887,#888,#889,#890,#891,#892,#893,#894,#895,#896,#897,#898,#899,
    #900,#901,#902,#903,#904,#905,#906,#907,#908,#909,#910,#911,#912,
    #913,#914,#915,#916,#917,#918,#919,#920,#921,#922,#923,#924,#925,
    #926,#927,#928,#929,#930,#931),.UNSPECIFIED.,.T.,.F.,(9,7,7,7,7,7,7,
    9),(0.,0.135318423744,0.25013754556,0.400400437157,0.535372849226,
    0.749902017292,0.86472275183,1.),.UNSPECIFIED.);
#881 = CARTESIAN_POINT('',(4.440892098501E-16,17.,238.75));
#882 = CARTESIAN_POINT('',(0.153922789713,17.,238.75));
#883 = CARTESIAN_POINT('',(0.304824166985,16.998407212156,
    238.77166131245));
#884 = CARTESIAN_POINT('',(0.449243429383,16.995331276506,
    238.81349662372));
#885 = CARTESIAN_POINT('',(0.584131907893,16.991077693583,
    238.87343112659));
#886 = CARTESIAN_POINT('',(0.70693995877,16.986096138012,238.94883078993
    ));
#887 = CARTESIAN_POINT('',(0.815739285381,16.980876413883,
    239.03653665109));
#888 = CARTESIAN_POINT('',(0.909381491242,16.975841036235,
    239.13290660734));
#889 = CARTESIAN_POINT('',(1.054142563094,16.967416239796,
    239.31953145664));
#890 = CARTESIAN_POINT('',(1.110654846952,16.963828936599,
    239.40991966916));
#891 = CARTESIAN_POINT('',(1.15740578563,16.96066746385,239.50392498231)
  );
#892 = CARTESIAN_POINT('',(1.194574508637,16.958040031776,
    239.60062714056));
#893 = CARTESIAN_POINT('',(1.22232253841,16.956022381548,239.69924525517
    ));
#894 = CARTESIAN_POINT('',(1.240774341652,16.954662079313,239.7990949305
    ));
#895 = CARTESIAN_POINT('',(1.25,16.953981833186,239.89954873261));
#896 = CARTESIAN_POINT('',(1.25,16.953981833186,240.13145979226));
#897 = CARTESIAN_POINT('',(1.23419996616,16.955146706582,240.26297604741
    ));
#898 = CARTESIAN_POINT('',(1.20257402523,16.957478643078,240.39320110676
    ));
#899 = CARTESIAN_POINT('',(1.154892506249,16.960910949708,240.520677429)
  );
#900 = CARTESIAN_POINT('',(1.090809683079,16.965303558087,240.643718189)
  );
#901 = CARTESIAN_POINT('',(1.009937238511,16.970421152924,240.7602920429
    ));
#902 = CARTESIAN_POINT('',(0.911951186257,16.975913484747,
    240.86786365149));
#903 = CARTESIAN_POINT('',(0.693328400608,16.98617147922,241.04872414881
    ));
#904 = CARTESIAN_POINT('',(0.573698699245,16.991062440353,
    241.12630145189));
#905 = CARTESIAN_POINT('',(0.439680898328,16.995514015678,
    241.19027858269));
#906 = CARTESIAN_POINT('',(0.294458578966,16.998961780051,
    241.23646236884));
#907 = CARTESIAN_POINT('',(0.142155473257,17.000926596572,
    241.26209920663));
#908 = CARTESIAN_POINT('',(-1.258451625371E-02,17.001181983031,
    241.26591603108));
#909 = CARTESIAN_POINT('',(-0.165031091759,16.999824664119,
    241.2481720568));
#910 = CARTESIAN_POINT('',(-0.542650914486,16.992918345308,
    241.15121576551));
#911 = CARTESIAN_POINT('',(-0.746550918502,16.985575330607,
    241.04480730239));
#912 = CARTESIAN_POINT('',(-0.916928136465,16.976751557458,
    240.90507150313));
#913 = CARTESIAN_POINT('',(-1.052237385011,16.968221117905,
    240.74201866694));
#914 = CARTESIAN_POINT('',(-1.152266624719,16.961186480343,
    240.5638459899));
#915 = CARTESIAN_POINT('',(-1.217795879109,16.956356447395,
    240.3772213304));
#916 = CARTESIAN_POINT('',(-1.25,16.953981833186,240.18767920171));
#917 = CARTESIAN_POINT('',(-1.25,16.953981833186,239.89954995867));
#918 = CARTESIAN_POINT('',(-1.240774555073,16.954662069758,
    239.79909679762));
#919 = CARTESIAN_POINT('',(-1.22232301096,16.956022345843,
    239.69924689938));
#920 = CARTESIAN_POINT('',(-1.194574992778,16.958039992811,
    239.60062780303));
#921 = CARTESIAN_POINT('',(-1.157405813744,16.960667465583,
    239.50392431753));
#922 = CARTESIAN_POINT('',(-1.110654041643,16.963828997906,
    239.40991796147));
#923 = CARTESIAN_POINT('',(-1.054141223078,16.967416317782,
    239.3195297291));
#924 = CARTESIAN_POINT('',(-0.909407998972,16.97583949354,239.1329407809
    ));
#925 = CARTESIAN_POINT('',(-0.815769878349,16.980874913307,
    239.03655958232));
#926 = CARTESIAN_POINT('',(-0.70695085843,16.986096026933,238.9488272717
    ));
#927 = CARTESIAN_POINT('',(-0.584107668487,16.991079240891,
    238.87340660287));
#928 = CARTESIAN_POINT('',(-0.449183342153,16.995333437495,
    238.81346728596));
#929 = CARTESIAN_POINT('',(-0.304745531377,16.998408503509,
    238.77164374239));
#930 = CARTESIAN_POINT('',(-0.153860350942,17.,238.75));
#931 = CARTESIAN_POINT('',(4.440892098501E-16,17.,238.75));
#932 = FACE_BOUND('',#933,.T.);
#933 = EDGE_LOOP('',(#934,#991));
#934 = ORIENTED_EDGE('',*,*,#935,.T.);
#935 = EDGE_CURVE('',#936,#938,#940,.T.);
#936 = VERTEX_POINT('',#937);
#937 = CARTESIAN_POINT('',(1.959434878636E-16,17.,246.6));
#938 = VERTEX_POINT('',#939);
#939 = CARTESIAN_POINT('',(-3.918869757272E-16,17.,243.4));
#940 = B_SPLINE_CURVE_WITH_KNOTS('',7,(#941,#942,#943,#944,#945,#946,
    #947,#948,#949,#950,#951,#952,#953,#954,#955,#956,#957,#958,#959,
    #960,#961,#962,#963,#964,#965,#966,#967,#968,#969,#970,#971,#972,
    #973,#974,#975,#976,#977,#978,#979,#980,#981,#982,#983,#984,#985,
    #986,#987,#988,#989,#990),.UNSPECIFIED.,.T.,.F.,(8,6,6,6,6,6,6,6,8),
  (0.,0.142470952893,0.276387778554,0.443995302001,0.590765014532,
    0.686040868742,0.790895460099,0.892098853515,1.),.UNSPECIFIED.);
#941 = CARTESIAN_POINT('',(2.22044604925E-16,17.,243.4));
#942 = CARTESIAN_POINT('',(0.219190750139,17.,243.4));
#943 = CARTESIAN_POINT('',(0.432827279449,16.996702765496,
    243.43503221445));
#944 = CARTESIAN_POINT('',(0.6343982428,16.990409514036,243.50190298801)
  );
#945 = CARTESIAN_POINT('',(0.818452061964,16.981991529343,
    243.59611904472));
#946 = CARTESIAN_POINT('',(0.980819276248,16.972667100275,
    243.71195792033));
#947 = CARTESIAN_POINT('',(1.119030073531,16.963513449989,
    243.84257178715));
#948 = CARTESIAN_POINT('',(1.339780148058,16.947462637692,
    244.10941278859));
#949 = CARTESIAN_POINT('',(1.427668049316,16.940280914813,
    244.24785953004));
#950 = CARTESIAN_POINT('',(1.497118915672,16.934154947852,244.3927057322
    ));
#951 = CARTESIAN_POINT('',(1.54872508182,16.929385841749,244.5419143017)
  );
#952 = CARTESIAN_POINT('',(1.582930623148,16.926152079519,
    244.69383238361));
#953 = CARTESIAN_POINT('',(1.6,16.924538398432,244.8469978718));
#954 = CARTESIAN_POINT('',(1.6,16.924538398432,245.19149429254));
#955 = CARTESIAN_POINT('',(1.573262442059,16.927065975425,
    245.38292723129));
#956 = CARTESIAN_POINT('',(1.519810826389,16.932119765199,
    245.57187633186));
#957 = CARTESIAN_POINT('',(1.438915773988,16.939497272163,
    245.75561447456));
#958 = CARTESIAN_POINT('',(1.329414432026,16.948779480267,
    245.93062750422));
#959 = CARTESIAN_POINT('',(1.18998662853,16.959156027433,246.09209540963
    ));
#960 = CARTESIAN_POINT('',(0.870918851863,16.978332351712,
    246.35605123013));
#961 = CARTESIAN_POINT('',(0.693362741985,16.987471739884,
    246.46757086193));
#962 = CARTESIAN_POINT('',(0.490796919444,16.995534069469,
    246.55480334815));
#963 = CARTESIAN_POINT('',(0.270541517435,17.000923698474,
    246.60912046534));
#964 = CARTESIAN_POINT('',(4.229585684511E-02,17.002493790888,
    246.62590745402));
#965 = CARTESIAN_POINT('',(-0.183611968197,17.000359784842,
    246.60475385359));
#966 = CARTESIAN_POINT('',(-0.537011805897,16.992085803674,
    246.51401619751));
#967 = CARTESIAN_POINT('',(-0.672377193301,16.98758752348,246.4637316113
    ));
#968 = CARTESIAN_POINT('',(-0.802159883017,16.982018210568,
    246.39935537636));
#969 = CARTESIAN_POINT('',(-0.924621367975,16.975646909198,
    246.32164133459));
#970 = CARTESIAN_POINT('',(-1.03814523225,16.968814912332,
    246.23161057127));
#971 = CARTESIAN_POINT('',(-1.141282407804,16.961895475267,
    246.13052976139));
#972 = CARTESIAN_POINT('',(-1.333562992507,16.947914689167,
    245.89810246147));
#973 = CARTESIAN_POINT('',(-1.420225637948,16.940911591465,
    245.76477096996));
#974 = CARTESIAN_POINT('',(-1.491242135604,16.934695143432,
    245.62182975366));
#975 = CARTESIAN_POINT('',(-1.545386923298,16.929701847001,
    245.47145281736));
#976 = CARTESIAN_POINT('',(-1.581794581291,16.926259298656,
    245.3160119433));
#977 = CARTESIAN_POINT('',(-1.6,16.924538398432,245.15801315103));
#978 = CARTESIAN_POINT('',(-1.6,16.924538398432,244.84748910961));
#979 = CARTESIAN_POINT('',(-1.583040017544,16.926141735026,
    244.69428812221));
#980 = CARTESIAN_POINT('',(-1.548842922176,16.929374711428,
    244.54205219075));
#981 = CARTESIAN_POINT('',(-1.497105192721,16.934157619581,
    244.39249087344));
#982 = CARTESIAN_POINT('',(-1.427467067339,16.940299538969,
    244.24745346075));
#983 = CARTESIAN_POINT('',(-1.339508782559,16.947482368769,
    244.10908476405));
#984 = CARTESIAN_POINT('',(-1.119072890756,16.963510336735,
    243.84262354428));
#985 = CARTESIAN_POINT('',(-0.980860773637,16.972664755883,
    243.7119806108));
#986 = CARTESIAN_POINT('',(-0.818449164206,16.981992773044,
    243.59609706921));
#987 = CARTESIAN_POINT('',(-0.634332133712,16.990413639621,
    243.50185926268));
#988 = CARTESIAN_POINT('',(-0.432716540036,16.996705676985,
    243.43500126358));
#989 = CARTESIAN_POINT('',(-0.21909390383,17.,243.4));
#990 = CARTESIAN_POINT('',(2.22044604925E-16,17.,243.4));
#991 = ORIENTED_EDGE('',*,*,#992,.T.);
#992 = EDGE_CURVE('',#938,#936,#993,.T.);
#993 = B_SPLINE_CURVE_WITH_KNOTS('',7,(#994,#995,#996,#997,#998,#999,
    #1000,#1001,#1002,#1003,#1004,#1005,#1006,#1007,#1008,#1009,#1010,
    #1011,#1012,#1013,#1014,#1015,#1016,#1017,#1018,#1019,#1020,#1021,
    #1022,#1023,#1024,#1025,#1026,#1027,#1028,#1029,#1030,#1031,#1032,
    #1033,#1034,#1035,#1036,#1037,#1038,#1039,#1040,#1041,#1042,#1043),
  .UNSPECIFIED.,.T.,.F.,(8,6,6,6,6,6,6,6,8),(0.,0.142470952893,
    0.276387778554,0.443995302001,0.590765014532,0.686040868742,
    0.790895460099,0.892098853515,1.),.UNSPECIFIED.);
#994 = CARTESIAN_POINT('',(2.22044604925E-16,17.,243.4));
#995 = CARTESIAN_POINT('',(0.219190750139,17.,243.4));
#996 = CARTESIAN_POINT('',(0.432827279449,16.996702765496,
    243.43503221445));
#997 = CARTESIAN_POINT('',(0.6343982428,16.990409514036,243.50190298801)
  );
#998 = CARTESIAN_POINT('',(0.818452061964,16.981991529343,
    243.59611904472));
#999 = CARTESIAN_POINT('',(0.980819276248,16.972667100275,
    243.71195792033));
#1000 = CARTESIAN_POINT('',(1.119030073531,16.963513449989,
    243.84257178715));
#1001 = CARTESIAN_POINT('',(1.339780148058,16.947462637692,
    244.10941278859));
#1002 = CARTESIAN_POINT('',(1.427668049316,16.940280914813,
    244.24785953004));
#1003 = CARTESIAN_POINT('',(1.497118915672,16.934154947852,
    244.3927057322));
#1004 = CARTESIAN_POINT('',(1.54872508182,16.929385841749,244.5419143017
    ));
#1005 = CARTESIAN_POINT('',(1.582930623148,16.926152079519,
    244.69383238361));
#1006 = CARTESIAN_POINT('',(1.6,16.924538398432,244.8469978718));
#1007 = CARTESIAN_POINT('',(1.6,16.924538398432,245.19149429254));
#1008 = CARTESIAN_POINT('',(1.573262442059,16.927065975425,
    245.38292723129));
#1009 = CARTESIAN_POINT('',(1.519810826389,16.932119765199,
    245.57187633186));
#1010 = CARTESIAN_POINT('',(1.438915773988,16.939497272163,
    245.75561447456));
#1011 = CARTESIAN_POINT('',(1.329414432026,16.948779480267,
    245.93062750422));
#1012 = CARTESIAN_POINT('',(1.18998662853,16.959156027433,
    246.09209540963));
#1013 = CARTESIAN_POINT('',(0.870918851863,16.978332351712,
    246.35605123013));
#1014 = CARTESIAN_POINT('',(0.693362741985,16.987471739884,
    246.46757086193));
#1015 = CARTESIAN_POINT('',(0.490796919444,16.995534069469,
    246.55480334815));
#1016 = CARTESIAN_POINT('',(0.270541517435,17.000923698474,
    246.60912046534));
#1017 = CARTESIAN_POINT('',(4.229585684511E-02,17.002493790888,
    246.62590745402));
#1018 = CARTESIAN_POINT('',(-0.183611968197,17.000359784842,
    246.60475385359));
#1019 = CARTESIAN_POINT('',(-0.537011805897,16.992085803674,
    246.51401619751));
#1020 = CARTESIAN_POINT('',(-0.672377193301,16.98758752348,
    246.4637316113));
#1021 = CARTESIAN_POINT('',(-0.802159883017,16.982018210568,
    246.39935537636));
#1022 = CARTESIAN_POINT('',(-0.924621367975,16.975646909198,
    246.32164133459));
#1023 = CARTESIAN_POINT('',(-1.03814523225,16.968814912332,
    246.23161057127));
#1024 = CARTESIAN_POINT('',(-1.141282407804,16.961895475267,
    246.13052976139));
#1025 = CARTESIAN_POINT('',(-1.333562992507,16.947914689167,
    245.89810246147));
#1026 = CARTESIAN_POINT('',(-1.420225637948,16.940911591465,
    245.76477096996));
#1027 = CARTESIAN_POINT('',(-1.491242135604,16.934695143432,
    245.62182975366));
#1028 = CARTESIAN_POINT('',(-1.545386923298,16.929701847001,
    245.47145281736));
#1029 = CARTESIAN_POINT('',(-1.581794581291,16.926259298656,
    245.3160119433));
#1030 = CARTESIAN_POINT('',(-1.6,16.924538398432,245.15801315103));
#1031 = CARTESIAN_POINT('',(-1.6,16.924538398432,244.84748910961));
#1032 = CARTESIAN_POINT('',(-1.583040017544,16.926141735026,
    244.69428812221));
#1033 = CARTESIAN_POINT('',(-1.548842922176,16.929374711428,
    244.54205219075));
#1034 = CARTESIAN_POINT('',(-1.497105192721,16.934157619581,
    244.39249087344));
#1035 = CARTESIAN_POINT('',(-1.427467067339,16.940299538969,
    244.24745346075));
#1036 = CARTESIAN_POINT('',(-1.339508782559,16.947482368769,
    244.10908476405));
#1037 = CARTESIAN_POINT('',(-1.119072890756,16.963510336735,
    243.84262354428));
#1038 = CARTESIAN_POINT('',(-0.980860773637,16.972664755883,
    243.7119806108));
#1039 = CARTESIAN_POINT('',(-0.818449164206,16.981992773044,
    243.59609706921));
#1040 = CARTESIAN_POINT('',(-0.634332133712,16.990413639621,
    243.50185926268));
#1041 = CARTESIAN_POINT('',(-0.432716540036,16.996705676985,
    243.43500126358));
#1042 = CARTESIAN_POINT('',(-0.21909390383,17.,243.4));
#1043 = CARTESIAN_POINT('',(2.22044604925E-16,17.,243.4));
#1044 = FACE_BOUND('',#1045,.T.);
#1045 = EDGE_LOOP('',(#1046,#1104));
#1046 = ORIENTED_EDGE('',*,*,#1047,.T.);
#1047 = EDGE_CURVE('',#1048,#1050,#1052,.T.);
#1048 = VERTEX_POINT('',#1049);
#1049 = CARTESIAN_POINT('',(1.530808498934E-16,17.,251.25));
#1050 = VERTEX_POINT('',#1051);
#1051 = CARTESIAN_POINT('',(-3.061616997868E-16,17.,248.75));
#1052 = B_SPLINE_CURVE_WITH_KNOTS('',8,(#1053,#1054,#1055,#1056,#1057,
    #1058,#1059,#1060,#1061,#1062,#1063,#1064,#1065,#1066,#1067,#1068,
    #1069,#1070,#1071,#1072,#1073,#1074,#1075,#1076,#1077,#1078,#1079,
    #1080,#1081,#1082,#1083,#1084,#1085,#1086,#1087,#1088,#1089,#1090,
    #1091,#1092,#1093,#1094,#1095,#1096,#1097,#1098,#1099,#1100,#1101,
    #1102,#1103),.UNSPECIFIED.,.T.,.F.,(9,7,7,7,7,7,7,9),(0.,
    0.13531842376,0.250137545589,0.400400437203,0.535372849288,
    0.749902017379,0.864722751811,1.),.UNSPECIFIED.);
#1053 = CARTESIAN_POINT('',(4.440892098501E-16,17.,248.75));
#1054 = CARTESIAN_POINT('',(0.153922789713,17.,248.75));
#1055 = CARTESIAN_POINT('',(0.304824166985,16.998407212156,
    248.77166131245));
#1056 = CARTESIAN_POINT('',(0.449243429383,16.995331276506,
    248.81349662372));
#1057 = CARTESIAN_POINT('',(0.584131907893,16.991077693583,
    248.87343112659));
#1058 = CARTESIAN_POINT('',(0.70693995877,16.986096138012,
    248.94883078993));
#1059 = CARTESIAN_POINT('',(0.815739285381,16.980876413883,
    249.03653665109));
#1060 = CARTESIAN_POINT('',(0.909381491242,16.975841036235,
    249.13290660734));
#1061 = CARTESIAN_POINT('',(1.054142563094,16.967416239796,
    249.31953145664));
#1062 = CARTESIAN_POINT('',(1.110654846952,16.963828936599,
    249.40991966916));
#1063 = CARTESIAN_POINT('',(1.15740578563,16.96066746385,249.50392498231
    ));
#1064 = CARTESIAN_POINT('',(1.194574508637,16.958040031776,
    249.60062714056));
#1065 = CARTESIAN_POINT('',(1.22232253841,16.956022381548,
    249.69924525517));
#1066 = CARTESIAN_POINT('',(1.240774341652,16.954662079313,
    249.7990949305));
#1067 = CARTESIAN_POINT('',(1.25,16.953981833186,249.89954873261));
#1068 = CARTESIAN_POINT('',(1.25,16.953981833186,250.13145979226));
#1069 = CARTESIAN_POINT('',(1.23419996616,16.955146706582,
    250.26297604741));
#1070 = CARTESIAN_POINT('',(1.20257402523,16.957478643078,
    250.39320110676));
#1071 = CARTESIAN_POINT('',(1.154892506249,16.960910949708,250.520677429
    ));
#1072 = CARTESIAN_POINT('',(1.090809683079,16.965303558087,250.643718189
    ));
#1073 = CARTESIAN_POINT('',(1.009937238511,16.970421152924,
    250.7602920429));
#1074 = CARTESIAN_POINT('',(0.911951186257,16.975913484747,
    250.86786365149));
#1075 = CARTESIAN_POINT('',(0.693328400608,16.98617147922,
    251.04872414881));
#1076 = CARTESIAN_POINT('',(0.573698699245,16.991062440353,
    251.12630145189));
#1077 = CARTESIAN_POINT('',(0.439680898328,16.995514015678,
    251.19027858269));
#1078 = CARTESIAN_POINT('',(0.294458578966,16.998961780051,
    251.23646236884));
#1079 = CARTESIAN_POINT('',(0.142155473257,17.000926596572,
    251.26209920663));
#1080 = CARTESIAN_POINT('',(-1.258451625371E-02,17.001181983031,
    251.26591603108));
#1081 = CARTESIAN_POINT('',(-0.165031091759,16.999824664119,
    251.2481720568));
#1082 = CARTESIAN_POINT('',(-0.542650914486,16.992918345308,
    251.15121576551));
#1083 = CARTESIAN_POINT('',(-0.746550918502,16.985575330607,
    251.04480730239));
#1084 = CARTESIAN_POINT('',(-0.916928136465,16.976751557458,
    250.90507150313));
#1085 = CARTESIAN_POINT('',(-1.052237385011,16.968221117905,
    250.74201866694));
#1086 = CARTESIAN_POINT('',(-1.152266624719,16.961186480343,
    250.5638459899));
#1087 = CARTESIAN_POINT('',(-1.217795879109,16.956356447395,
    250.3772213304));
#1088 = CARTESIAN_POINT('',(-1.25,16.953981833186,250.18767920171));
#1089 = CARTESIAN_POINT('',(-1.25,16.953981833186,249.89954995877));
#1090 = CARTESIAN_POINT('',(-1.240774555093,16.954662069757,
    249.79909679756));
#1091 = CARTESIAN_POINT('',(-1.22232301093,16.956022345845,
    249.69924689928));
#1092 = CARTESIAN_POINT('',(-1.194574992747,16.958039992812,
    249.60062780304));
#1093 = CARTESIAN_POINT('',(-1.157405813784,16.96066746558,
    249.50392431763));
#1094 = CARTESIAN_POINT('',(-1.110654041703,16.963828997902,
    249.40991796151));
#1095 = CARTESIAN_POINT('',(-1.054141223008,16.967416317786,
    249.31952972901));
#1096 = CARTESIAN_POINT('',(-0.909407998971,16.97583949354,
    249.1329407809));
#1097 = CARTESIAN_POINT('',(-0.815769878349,16.980874913307,
    249.03655958232));
#1098 = CARTESIAN_POINT('',(-0.70695085843,16.986096026933,
    248.9488272717));
#1099 = CARTESIAN_POINT('',(-0.584107668487,16.991079240891,
    248.87340660287));
#1100 = CARTESIAN_POINT('',(-0.449183342153,16.995333437495,
    248.81346728596));
#1101 = CARTESIAN_POINT('',(-0.304745531378,16.998408503509,
    248.77164374239));
#1102 = CARTESIAN_POINT('',(-0.153860350941,17.,248.75));
#1103 = CARTESIAN_POINT('',(4.440892098501E-16,17.,248.75));
#1104 = ORIENTED_EDGE('',*,*,#1105,.T.);
#1105 = EDGE_CURVE('',#1050,#1048,#1106,.T.);
#1106 = B_SPLINE_CURVE_WITH_KNOTS('',8,(#1107,#1108,#1109,#1110,#1111,
    #1112,#1113,#1114,#1115,#1116,#1117,#1118,#1119,#1120,#1121,#1122,
    #1123,#1124,#1125,#1126,#1127,#1128,#1129,#1130,#1131,#1132,#1133,
    #1134,#1135,#1136,#1137,#1138,#1139,#1140,#1141,#1142,#1143,#1144,
    #1145,#1146,#1147,#1148,#1149,#1150,#1151,#1152,#1153,#1154,#1155,
    #1156,#1157),.UNSPECIFIED.,.T.,.F.,(9,7,7,7,7,7,7,9),(0.,
    0.13531842376,0.250137545589,0.400400437203,0.535372849288,
    0.749902017379,0.864722751811,1.),.UNSPECIFIED.);
#1107 = CARTESIAN_POINT('',(4.440892098501E-16,17.,248.75));
#1108 = CARTESIAN_POINT('',(0.153922789713,17.,248.75));
#1109 = CARTESIAN_POINT('',(0.304824166985,16.998407212156,
    248.77166131245));
#1110 = CARTESIAN_POINT('',(0.449243429383,16.995331276506,
    248.81349662372));
#1111 = CARTESIAN_POINT('',(0.584131907893,16.991077693583,
    248.87343112659));
#1112 = CARTESIAN_POINT('',(0.70693995877,16.986096138012,
    248.94883078993));
#1113 = CARTESIAN_POINT('',(0.815739285381,16.980876413883,
    249.03653665109));
#1114 = CARTESIAN_POINT('',(0.909381491242,16.975841036235,
    249.13290660734));
#1115 = CARTESIAN_POINT('',(1.054142563094,16.967416239796,
    249.31953145664));
#1116 = CARTESIAN_POINT('',(1.110654846952,16.963828936599,
    249.40991966916));
#1117 = CARTESIAN_POINT('',(1.15740578563,16.96066746385,249.50392498231
    ));
#1118 = CARTESIAN_POINT('',(1.194574508637,16.958040031776,
    249.60062714056));
#1119 = CARTESIAN_POINT('',(1.22232253841,16.956022381548,
    249.69924525517));
#1120 = CARTESIAN_POINT('',(1.240774341652,16.954662079313,
    249.7990949305));
#1121 = CARTESIAN_POINT('',(1.25,16.953981833186,249.89954873261));
#1122 = CARTESIAN_POINT('',(1.25,16.953981833186,250.13145979226));
#1123 = CARTESIAN_POINT('',(1.23419996616,16.955146706582,
    250.26297604741));
#1124 = CARTESIAN_POINT('',(1.20257402523,16.957478643078,
    250.39320110676));
#1125 = CARTESIAN_POINT('',(1.154892506249,16.960910949708,250.520677429
    ));
#1126 = CARTESIAN_POINT('',(1.090809683079,16.965303558087,250.643718189
    ));
#1127 = CARTESIAN_POINT('',(1.009937238511,16.970421152924,
    250.7602920429));
#1128 = CARTESIAN_POINT('',(0.911951186257,16.975913484747,
    250.86786365149));
#1129 = CARTESIAN_POINT('',(0.693328400608,16.98617147922,
    251.04872414881));
#1130 = CARTESIAN_POINT('',(0.573698699245,16.991062440353,
    251.12630145189));
#1131 = CARTESIAN_POINT('',(0.439680898328,16.995514015678,
    251.19027858269));
#1132 = CARTESIAN_POINT('',(0.294458578966,16.998961780051,
    251.23646236884));
#1133 = CARTESIAN_POINT('',(0.142155473257,17.000926596572,
    251.26209920663));
#1134 = CARTESIAN_POINT('',(-1.258451625371E-02,17.001181983031,
    251.26591603108));
#1135 = CARTESIAN_POINT('',(-0.165031091759,16.999824664119,
    251.2481720568));
#1136 = CARTESIAN_POINT('',(-0.542650914486,16.992918345308,
    251.15121576551));
#1137 = CARTESIAN_POINT('',(-0.746550918502,16.985575330607,
    251.04480730239));
#1138 = CARTESIAN_POINT('',(-0.916928136465,16.976751557458,
    250.90507150313));
#1139 = CARTESIAN_POINT('',(-1.052237385011,16.968221117905,
    250.74201866694));
#1140 = CARTESIAN_POINT('',(-1.152266624719,16.961186480343,
    250.5638459899));
#1141 = CARTESIAN_POINT('',(-1.217795879109,16.956356447395,
    250.3772213304));
#1142 = CARTESIAN_POINT('',(-1.25,16.953981833186,250.18767920171));
#1143 = CARTESIAN_POINT('',(-1.25,16.953981833186,249.89954995877));
#1144 = CARTESIAN_POINT('',(-1.240774555093,16.954662069757,
    249.79909679756));
#1145 = CARTESIAN_POINT('',(-1.22232301093,16.956022345845,
    249.69924689928));
#1146 = CARTESIAN_POINT('',(-1.194574992747,16.958039992812,
    249.60062780304));
#1147 = CARTESIAN_POINT('',(-1.157405813784,16.96066746558,
    249.50392431763));
#1148 = CARTESIAN_POINT('',(-1.110654041703,16.963828997902,
    249.40991796151));
#1149 = CARTESIAN_POINT('',(-1.054141223008,16.967416317786,
    249.31952972901));
#1150 = CARTESIAN_POINT('',(-0.909407998971,16.97583949354,
    249.1329407809));
#1151 = CARTESIAN_POINT('',(-0.815769878349,16.980874913307,
    249.03655958232));
#1152 = CARTESIAN_POINT('',(-0.70695085843,16.986096026933,
    248.9488272717));
#1153 = CARTESIAN_POINT('',(-0.584107668487,16.991079240891,
    248.87340660287));
#1154 = CARTESIAN_POINT('',(-0.449183342153,16.995333437495,
    248.81346728596));
#1155 = CARTESIAN_POINT('',(-0.304745531378,16.998408503509,
    248.77164374239));
#1156 = CARTESIAN_POINT('',(-0.153860350941,17.,248.75));
#1157 = CARTESIAN_POINT('',(4.440892098501E-16,17.,248.75));
#1158 = CYLINDRICAL_SURFACE('',#1159,17.);
#1159 = AXIS2_PLACEMENT_3D('',#1160,#1161,#1162);
#1160 = CARTESIAN_POINT('',(0.,0.,0.));
#1161 = DIRECTION('',(0.,0.,1.));
#1162 = DIRECTION('',(1.,0.,0.));
#1163 = ADVANCED_FACE('',(#1164),#1189,.T.);
#1164 = FACE_BOUND('',#1165,.T.);
#1165 = EDGE_LOOP('',(#1166,#1174,#1182,#1188));
#1166 = ORIENTED_EDGE('',*,*,#1167,.F.);
#1167 = EDGE_CURVE('',#1168,#24,#1170,.T.);
#1168 = VERTEX_POINT('',#1169);
#1169 = CARTESIAN_POINT('',(16.,-15.09966887054,8.));
#1170 = LINE('',#1171,#1172);
#1171 = CARTESIAN_POINT('',(16.,-25.,8.));
#1172 = VECTOR('',#1173,1.);
#1173 = DIRECTION('',(0.,1.,0.));
#1174 = ORIENTED_EDGE('',*,*,#1175,.F.);
#1175 = EDGE_CURVE('',#1176,#1168,#1178,.T.);
#1176 = VERTEX_POINT('',#1177);
#1177 = CARTESIAN_POINT('',(16.,-15.09966887054,0.));
#1178 = LINE('',#1179,#1180);
#1179 = CARTESIAN_POINT('',(16.,-15.09966887054,0.));
#1180 = VECTOR('',#1181,1.);
#1181 = DIRECTION('',(0.,0.,1.));
#1182 = ORIENTED_EDGE('',*,*,#1183,.T.);
#1183 = EDGE_CURVE('',#1176,#22,#1184,.T.);
#1184 = LINE('',#1185,#1186);
#1185 = CARTESIAN_POINT('',(16.,-25.,0.));
#1186 = VECTOR('',#1187,1.);
#1187 = DIRECTION('',(0.,1.,0.));
#1188 = ORIENTED_EDGE('',*,*,#21,.T.);
#1189 = PLANE('',#1190);
#1190 = AXIS2_PLACEMENT_3D('',#1191,#1192,#1193);
#1191 = CARTESIAN_POINT('',(16.,-25.,0.));
#1192 = DIRECTION('',(1.,0.,0.));
#1193 = DIRECTION('',(0.,0.,1.));
#1194 = ADVANCED_FACE('',(#1195),#1214,.T.);
#1195 = FACE_BOUND('',#1196,.T.);
#1196 = EDGE_LOOP('',(#1197,#1206,#1207,#1208));
#1197 = ORIENTED_EDGE('',*,*,#1198,.T.);
#1198 = EDGE_CURVE('',#1199,#1168,#1201,.T.);
#1199 = VERTEX_POINT('',#1200);
#1200 = CARTESIAN_POINT('',(16.,15.099668870542,8.));
#1201 = CIRCLE('',#1202,22.);
#1202 = AXIS2_PLACEMENT_3D('',#1203,#1204,#1205);
#1203 = CARTESIAN_POINT('',(0.,0.,8.));
#1204 = DIRECTION('',(0.,0.,1.));
#1205 = DIRECTION('',(1.,0.,0.));
#1206 = ORIENTED_EDGE('',*,*,#1167,.T.);
#1207 = ORIENTED_EDGE('',*,*,#132,.F.);
#1208 = ORIENTED_EDGE('',*,*,#1209,.T.);
#1209 = EDGE_CURVE('',#125,#1199,#1210,.T.);
#1210 = LINE('',#1211,#1212);
#1211 = CARTESIAN_POINT('',(16.,-25.,8.));
#1212 = VECTOR('',#1213,1.);
#1213 = DIRECTION('',(0.,1.,0.));
#1214 = PLANE('',#1215);
#1215 = AXIS2_PLACEMENT_3D('',#1216,#1217,#1218);
#1216 = CARTESIAN_POINT('',(0.,0.,8.));
#1217 = DIRECTION('',(0.,0.,1.));
#1218 = DIRECTION('',(1.,0.,0.));
#1219 = ADVANCED_FACE('',(#1220),#1238,.T.);
#1220 = FACE_BOUND('',#1221,.T.);
#1221 = EDGE_LOOP('',(#1222,#1223,#1224,#1232));
#1222 = ORIENTED_EDGE('',*,*,#1209,.F.);
#1223 = ORIENTED_EDGE('',*,*,#124,.F.);
#1224 = ORIENTED_EDGE('',*,*,#1225,.T.);
#1225 = EDGE_CURVE('',#116,#1226,#1228,.T.);
#1226 = VERTEX_POINT('',#1227);
#1227 = CARTESIAN_POINT('',(16.,15.099668870542,0.));
#1228 = LINE('',#1229,#1230);
#1229 = CARTESIAN_POINT('',(16.,-25.,0.));
#1230 = VECTOR('',#1231,1.);
#1231 = DIRECTION('',(0.,1.,0.));
#1232 = ORIENTED_EDGE('',*,*,#1233,.T.);
#1233 = EDGE_CURVE('',#1226,#1199,#1234,.T.);
#1234 = LINE('',#1235,#1236);
#1235 = CARTESIAN_POINT('',(16.,15.099668870541,0.));
#1236 = VECTOR('',#1237,1.);
#1237 = DIRECTION('',(0.,0.,1.));
#1238 = PLANE('',#1239);
#1239 = AXIS2_PLACEMENT_3D('',#1240,#1241,#1242);
#1240 = CARTESIAN_POINT('',(16.,-25.,0.));
#1241 = DIRECTION('',(1.,0.,0.));
#1242 = DIRECTION('',(0.,0.,1.));
#1243 = ADVANCED_FACE('',(#1244,#1257),#1268,.T.);
#1244 = FACE_BOUND('',#1245,.T.);
#1245 = EDGE_LOOP('',(#1246,#1247,#1248,#1255,#1256));
#1246 = ORIENTED_EDGE('',*,*,#31,.F.);
#1247 = ORIENTED_EDGE('',*,*,#1183,.F.);
#1248 = ORIENTED_EDGE('',*,*,#1249,.F.);
#1249 = EDGE_CURVE('',#1226,#1176,#1250,.T.);
#1250 = CIRCLE('',#1251,22.);
#1251 = AXIS2_PLACEMENT_3D('',#1252,#1253,#1254);
#1252 = CARTESIAN_POINT('',(0.,0.,0.));
#1253 = DIRECTION('',(0.,0.,1.));
#1254 = DIRECTION('',(1.,0.,0.));
#1255 = ORIENTED_EDGE('',*,*,#1225,.F.);
#1256 = ORIENTED_EDGE('',*,*,#115,.F.);
#1257 = FACE_BOUND('',#1258,.T.);
#1258 = EDGE_LOOP('',(#1259));
#1259 = ORIENTED_EDGE('',*,*,#1260,.T.);
#1260 = EDGE_CURVE('',#1261,#1261,#1263,.T.);
#1261 = VERTEX_POINT('',#1262);
#1262 = CARTESIAN_POINT('',(8.1,-1.983927814619E-15,0.));
#1263 = CIRCLE('',#1264,8.1);
#1264 = AXIS2_PLACEMENT_3D('',#1265,#1266,#1267);
#1265 = CARTESIAN_POINT('',(0.,0.,0.));
#1266 = DIRECTION('',(0.,0.,1.));
#1267 = DIRECTION('',(1.,0.,0.));
#1268 = PLANE('',#1269);
#1269 = AXIS2_PLACEMENT_3D('',#1270,#1271,#1272);
#1270 = CARTESIAN_POINT('',(0.233590231453,-2.329852928355E-15,0.));
#1271 = DIRECTION('',(-0.,-0.,-1.));
#1272 = DIRECTION('',(-1.,0.,0.));
#1273 = ADVANCED_FACE('',(#1274),#1326,.T.);
#1274 = FACE_BOUND('',#1275,.T.);
#1275 = EDGE_LOOP('',(#1276,#1286,#1292,#1293,#1294,#1302,#1310,#1319));
#1276 = ORIENTED_EDGE('',*,*,#1277,.F.);
#1277 = EDGE_CURVE('',#1278,#1280,#1282,.T.);
#1278 = VERTEX_POINT('',#1279);
#1279 = CARTESIAN_POINT('',(8.,-10.,12.));
#1280 = VERTEX_POINT('',#1281);
#1281 = CARTESIAN_POINT('',(8.,-1.268857754045,12.));
#1282 = LINE('',#1283,#1284);
#1283 = CARTESIAN_POINT('',(8.,-10.,12.));
#1284 = VECTOR('',#1285,1.);
#1285 = DIRECTION('',(0.,1.,0.));
#1286 = ORIENTED_EDGE('',*,*,#1287,.T.);
#1287 = EDGE_CURVE('',#1278,#49,#1288,.T.);
#1288 = LINE('',#1289,#1290);
#1289 = CARTESIAN_POINT('',(8.,-10.,12.));
#1290 = VECTOR('',#1291,1.);
#1291 = DIRECTION('',(1.,0.,0.));
#1292 = ORIENTED_EDGE('',*,*,#48,.T.);
#1293 = ORIENTED_EDGE('',*,*,#107,.T.);
#1294 = ORIENTED_EDGE('',*,*,#1295,.F.);
#1295 = EDGE_CURVE('',#1296,#100,#1298,.T.);
#1296 = VERTEX_POINT('',#1297);
#1297 = CARTESIAN_POINT('',(8.,10.,12.));
#1298 = LINE('',#1299,#1300);
#1299 = CARTESIAN_POINT('',(8.,10.,12.));
#1300 = VECTOR('',#1301,1.);
#1301 = DIRECTION('',(1.,0.,0.));
#1302 = ORIENTED_EDGE('',*,*,#1303,.F.);
#1303 = EDGE_CURVE('',#1304,#1296,#1306,.T.);
#1304 = VERTEX_POINT('',#1305);
#1305 = CARTESIAN_POINT('',(8.,1.268857754045,12.));
#1306 = LINE('',#1307,#1308);
#1307 = CARTESIAN_POINT('',(8.,-10.,12.));
#1308 = VECTOR('',#1309,1.);
#1309 = DIRECTION('',(0.,1.,0.));
#1310 = ORIENTED_EDGE('',*,*,#1311,.F.);
#1311 = EDGE_CURVE('',#1312,#1304,#1314,.T.);
#1312 = VERTEX_POINT('',#1313);
#1313 = CARTESIAN_POINT('',(8.1,-1.983927814619E-15,12.));
#1314 = CIRCLE('',#1315,8.1);
#1315 = AXIS2_PLACEMENT_3D('',#1316,#1317,#1318);
#1316 = CARTESIAN_POINT('',(0.,0.,12.));
#1317 = DIRECTION('',(0.,0.,1.));
#1318 = DIRECTION('',(1.,0.,0.));
#1319 = ORIENTED_EDGE('',*,*,#1320,.F.);
#1320 = EDGE_CURVE('',#1280,#1312,#1321,.T.);
#1321 = CIRCLE('',#1322,8.1);
#1322 = AXIS2_PLACEMENT_3D('',#1323,#1324,#1325);
#1323 = CARTESIAN_POINT('',(0.,0.,12.));
#1324 = DIRECTION('',(0.,0.,1.));
#1325 = DIRECTION('',(1.,0.,0.));
#1326 = PLANE('',#1327);
#1327 = AXIS2_PLACEMENT_3D('',#1328,#1329,#1330);
#1328 = CARTESIAN_POINT('',(8.,-10.,12.));
#1329 = DIRECTION('',(0.,0.,1.));
#1330 = DIRECTION('',(1.,0.,0.));
#1331 = ADVANCED_FACE('',(#1332),#1350,.F.);
#1332 = FACE_BOUND('',#1333,.F.);
#1333 = EDGE_LOOP('',(#1334,#1335,#1343,#1349));
#1334 = ORIENTED_EDGE('',*,*,#1295,.F.);
#1335 = ORIENTED_EDGE('',*,*,#1336,.T.);
#1336 = EDGE_CURVE('',#1296,#1337,#1339,.T.);
#1337 = VERTEX_POINT('',#1338);
#1338 = CARTESIAN_POINT('',(8.,10.,30.));
#1339 = LINE('',#1340,#1341);
#1340 = CARTESIAN_POINT('',(8.,10.,12.));
#1341 = VECTOR('',#1342,1.);
#1342 = DIRECTION('',(0.,0.,1.));
#1343 = ORIENTED_EDGE('',*,*,#1344,.T.);
#1344 = EDGE_CURVE('',#1337,#91,#1345,.T.);
#1345 = LINE('',#1346,#1347);
#1346 = CARTESIAN_POINT('',(8.,10.,30.));
#1347 = VECTOR('',#1348,1.);
#1348 = DIRECTION('',(1.,0.,0.));
#1349 = ORIENTED_EDGE('',*,*,#99,.F.);
#1350 = PLANE('',#1351);
#1351 = AXIS2_PLACEMENT_3D('',#1352,#1353,#1354);
#1352 = CARTESIAN_POINT('',(8.,10.,12.));
#1353 = DIRECTION('',(0.,1.,0.));
#1354 = DIRECTION('',(0.,0.,1.));
#1355 = ADVANCED_FACE('',(#1356),#1401,.F.);
#1356 = FACE_BOUND('',#1357,.F.);
#1357 = EDGE_LOOP('',(#1358,#1368,#1374,#1375,#1376,#1377,#1385,#1394));
#1358 = ORIENTED_EDGE('',*,*,#1359,.F.);
#1359 = EDGE_CURVE('',#1360,#1362,#1364,.T.);
#1360 = VERTEX_POINT('',#1361);
#1361 = CARTESIAN_POINT('',(8.,-10.,30.));
#1362 = VERTEX_POINT('',#1363);
#1363 = CARTESIAN_POINT('',(8.,-1.268857754045,30.));
#1364 = LINE('',#1365,#1366);
#1365 = CARTESIAN_POINT('',(8.,-10.,30.));
#1366 = VECTOR('',#1367,1.);
#1367 = DIRECTION('',(0.,1.,0.));
#1368 = ORIENTED_EDGE('',*,*,#1369,.T.);
#1369 = EDGE_CURVE('',#1360,#58,#1370,.T.);
#1370 = LINE('',#1371,#1372);
#1371 = CARTESIAN_POINT('',(8.,-10.,30.));
#1372 = VECTOR('',#1373,1.);
#1373 = DIRECTION('',(1.,0.,0.));
#1374 = ORIENTED_EDGE('',*,*,#65,.T.);
#1375 = ORIENTED_EDGE('',*,*,#90,.T.);
#1376 = ORIENTED_EDGE('',*,*,#1344,.F.);
#1377 = ORIENTED_EDGE('',*,*,#1378,.F.);
#1378 = EDGE_CURVE('',#1379,#1337,#1381,.T.);
#1379 = VERTEX_POINT('',#1380);
#1380 = CARTESIAN_POINT('',(8.,1.268857754045,30.));
#1381 = LINE('',#1382,#1383);
#1382 = CARTESIAN_POINT('',(8.,-10.,30.));
#1383 = VECTOR('',#1384,1.);
#1384 = DIRECTION('',(0.,1.,0.));
#1385 = ORIENTED_EDGE('',*,*,#1386,.F.);
#1386 = EDGE_CURVE('',#1387,#1379,#1389,.T.);
#1387 = VERTEX_POINT('',#1388);
#1388 = CARTESIAN_POINT('',(8.1,-1.983927814619E-15,30.));
#1389 = CIRCLE('',#1390,8.1);
#1390 = AXIS2_PLACEMENT_3D('',#1391,#1392,#1393);
#1391 = CARTESIAN_POINT('',(0.,0.,30.));
#1392 = DIRECTION('',(0.,0.,1.));
#1393 = DIRECTION('',(1.,0.,0.));
#1394 = ORIENTED_EDGE('',*,*,#1395,.F.);
#1395 = EDGE_CURVE('',#1362,#1387,#1396,.T.);
#1396 = CIRCLE('',#1397,8.1);
#1397 = AXIS2_PLACEMENT_3D('',#1398,#1399,#1400);
#1398 = CARTESIAN_POINT('',(0.,0.,30.));
#1399 = DIRECTION('',(0.,0.,1.));
#1400 = DIRECTION('',(1.,0.,0.));
#1401 = PLANE('',#1402);
#1402 = AXIS2_PLACEMENT_3D('',#1403,#1404,#1405);
#1403 = CARTESIAN_POINT('',(8.,-10.,30.));
#1404 = DIRECTION('',(0.,0.,1.));
#1405 = DIRECTION('',(1.,0.,0.));
#1406 = ADVANCED_FACE('',(#1407,#1410,#1421,#1432,#1443,#1454,#1465,
    #1476),#1487,.T.);
#1407 = FACE_BOUND('',#1408,.T.);
#1408 = EDGE_LOOP('',(#1409));
#1409 = ORIENTED_EDGE('',*,*,#82,.T.);
#1410 = FACE_BOUND('',#1411,.T.);
#1411 = EDGE_LOOP('',(#1412));
#1412 = ORIENTED_EDGE('',*,*,#1413,.F.);
#1413 = EDGE_CURVE('',#1414,#1414,#1416,.T.);
#1414 = VERTEX_POINT('',#1415);
#1415 = CARTESIAN_POINT('',(-7.542388155425,-9.192388155425,280.));
#1416 = CIRCLE('',#1417,1.65);
#1417 = AXIS2_PLACEMENT_3D('',#1418,#1419,#1420);
#1418 = CARTESIAN_POINT('',(-9.192388155425,-9.192388155425,280.));
#1419 = DIRECTION('',(0.,0.,1.));
#1420 = DIRECTION('',(1.,0.,0.));
#1421 = FACE_BOUND('',#1422,.T.);
#1422 = EDGE_LOOP('',(#1423));
#1423 = ORIENTED_EDGE('',*,*,#1424,.F.);
#1424 = EDGE_CURVE('',#1425,#1425,#1427,.T.);
#1425 = VERTEX_POINT('',#1426);
#1426 = CARTESIAN_POINT('',(1.5,-13.,280.));
#1427 = CIRCLE('',#1428,1.5);
#1428 = AXIS2_PLACEMENT_3D('',#1429,#1430,#1431);
#1429 = CARTESIAN_POINT('',(0.,-13.,280.));
#1430 = DIRECTION('',(0.,0.,1.));
#1431 = DIRECTION('',(1.,0.,0.));
#1432 = FACE_BOUND('',#1433,.T.);
#1433 = EDGE_LOOP('',(#1434));
#1434 = ORIENTED_EDGE('',*,*,#1435,.F.);
#1435 = EDGE_CURVE('',#1436,#1436,#1438,.T.);
#1436 = VERTEX_POINT('',#1437);
#1437 = CARTESIAN_POINT('',(10.842388155425,-9.192388155425,280.));
#1438 = CIRCLE('',#1439,1.65);
#1439 = AXIS2_PLACEMENT_3D('',#1440,#1441,#1442);
#1440 = CARTESIAN_POINT('',(9.192388155425,-9.192388155425,280.));
#1441 = DIRECTION('',(0.,0.,1.));
#1442 = DIRECTION('',(1.,0.,0.));
#1443 = FACE_BOUND('',#1444,.T.);
#1444 = EDGE_LOOP('',(#1445));
#1445 = ORIENTED_EDGE('',*,*,#1446,.F.);
#1446 = EDGE_CURVE('',#1447,#1447,#1449,.T.);
#1447 = VERTEX_POINT('',#1448);
#1448 = CARTESIAN_POINT('',(-7.542388155425,9.192388155425,280.));
#1449 = CIRCLE('',#1450,1.65);
#1450 = AXIS2_PLACEMENT_3D('',#1451,#1452,#1453);
#1451 = CARTESIAN_POINT('',(-9.192388155425,9.192388155425,280.));
#1452 = DIRECTION('',(0.,0.,1.));
#1453 = DIRECTION('',(1.,0.,0.));
#1454 = FACE_BOUND('',#1455,.T.);
#1455 = EDGE_LOOP('',(#1456));
#1456 = ORIENTED_EDGE('',*,*,#1457,.F.);
#1457 = EDGE_CURVE('',#1458,#1458,#1460,.T.);
#1458 = VERTEX_POINT('',#1459);
#1459 = CARTESIAN_POINT('',(8.1,-1.983927814619E-15,280.));
#1460 = CIRCLE('',#1461,8.1);
#1461 = AXIS2_PLACEMENT_3D('',#1462,#1463,#1464);
#1462 = CARTESIAN_POINT('',(0.,0.,280.));
#1463 = DIRECTION('',(0.,0.,1.));
#1464 = DIRECTION('',(1.,0.,0.));
#1465 = FACE_BOUND('',#1466,.T.);
#1466 = EDGE_LOOP('',(#1467));
#1467 = ORIENTED_EDGE('',*,*,#1468,.F.);
#1468 = EDGE_CURVE('',#1469,#1469,#1471,.T.);
#1469 = VERTEX_POINT('',#1470);
#1470 = CARTESIAN_POINT('',(1.5,13.,280.));
#1471 = CIRCLE('',#1472,1.5);
#1472 = AXIS2_PLACEMENT_3D('',#1473,#1474,#1475);
#1473 = CARTESIAN_POINT('',(0.,13.,280.));
#1474 = DIRECTION('',(0.,0.,1.));
#1475 = DIRECTION('',(1.,0.,0.));
#1476 = FACE_BOUND('',#1477,.T.);
#1477 = EDGE_LOOP('',(#1478));
#1478 = ORIENTED_EDGE('',*,*,#1479,.F.);
#1479 = EDGE_CURVE('',#1480,#1480,#1482,.T.);
#1480 = VERTEX_POINT('',#1481);
#1481 = CARTESIAN_POINT('',(10.842388155425,9.192388155425,280.));
#1482 = CIRCLE('',#1483,1.65);
#1483 = AXIS2_PLACEMENT_3D('',#1484,#1485,#1486);
#1484 = CARTESIAN_POINT('',(9.192388155425,9.192388155425,280.));
#1485 = DIRECTION('',(0.,0.,1.));
#1486 = DIRECTION('',(1.,0.,0.));
#1487 = PLANE('',#1488);
#1488 = AXIS2_PLACEMENT_3D('',#1489,#1490,#1491);
#1489 = CARTESIAN_POINT('',(0.,0.,280.));
#1490 = DIRECTION('',(0.,0.,1.));
#1491 = DIRECTION('',(1.,0.,0.));
#1492 = ADVANCED_FACE('',(#1493),#1504,.T.);
#1493 = FACE_BOUND('',#1494,.T.);
#1494 = EDGE_LOOP('',(#1495,#1496,#1502,#1503));
#1495 = ORIENTED_EDGE('',*,*,#1287,.F.);
#1496 = ORIENTED_EDGE('',*,*,#1497,.T.);
#1497 = EDGE_CURVE('',#1278,#1360,#1498,.T.);
#1498 = LINE('',#1499,#1500);
#1499 = CARTESIAN_POINT('',(8.,-10.,12.));
#1500 = VECTOR('',#1501,1.);
#1501 = DIRECTION('',(0.,0.,1.));
#1502 = ORIENTED_EDGE('',*,*,#1369,.T.);
#1503 = ORIENTED_EDGE('',*,*,#57,.F.);
#1504 = PLANE('',#1505);
#1505 = AXIS2_PLACEMENT_3D('',#1506,#1507,#1508);
#1506 = CARTESIAN_POINT('',(8.,-10.,12.));
#1507 = DIRECTION('',(0.,1.,0.));
#1508 = DIRECTION('',(0.,0.,1.));
#1509 = ADVANCED_FACE('',(#1510),#1530,.F.);
#1510 = FACE_BOUND('',#1511,.F.);
#1511 = EDGE_LOOP('',(#1512,#1520,#1527,#1528,#1529));
#1512 = ORIENTED_EDGE('',*,*,#1513,.T.);
#1513 = EDGE_CURVE('',#144,#1514,#1516,.T.);
#1514 = VERTEX_POINT('',#1515);
#1515 = CARTESIAN_POINT('',(-3.061616997868E-16,13.,88.75));
#1516 = LINE('',#1517,#1518);
#1517 = CARTESIAN_POINT('',(-3.061616997868E-16,17.,88.75));
#1518 = VECTOR('',#1519,1.);
#1519 = DIRECTION('',(0.,-1.,0.));
#1520 = ORIENTED_EDGE('',*,*,#1521,.F.);
#1521 = EDGE_CURVE('',#1514,#1514,#1522,.T.);
#1522 = CIRCLE('',#1523,1.25);
#1523 = AXIS2_PLACEMENT_3D('',#1524,#1525,#1526);
#1524 = CARTESIAN_POINT('',(0.,13.,90.));
#1525 = DIRECTION('',(0.,-1.,0.));
#1526 = DIRECTION('',(0.,0.,-1.));
#1527 = ORIENTED_EDGE('',*,*,#1513,.F.);
#1528 = ORIENTED_EDGE('',*,*,#199,.T.);
#1529 = ORIENTED_EDGE('',*,*,#141,.T.);
#1530 = CYLINDRICAL_SURFACE('',#1531,1.25);
#1531 = AXIS2_PLACEMENT_3D('',#1532,#1533,#1534);
#1532 = CARTESIAN_POINT('',(0.,17.,90.));
#1533 = DIRECTION('',(0.,-1.,0.));
#1534 = DIRECTION('',(0.,0.,-1.));
#1535 = ADVANCED_FACE('',(#1536),#1556,.F.);
#1536 = FACE_BOUND('',#1537,.F.);
#1537 = EDGE_LOOP('',(#1538,#1546,#1553,#1554,#1555));
#1538 = ORIENTED_EDGE('',*,*,#1539,.T.);
#1539 = EDGE_CURVE('',#258,#1540,#1542,.T.);
#1540 = VERTEX_POINT('',#1541);
#1541 = CARTESIAN_POINT('',(-3.918869757272E-16,11.6,93.4));
#1542 = LINE('',#1543,#1544);
#1543 = CARTESIAN_POINT('',(-3.918869757272E-16,17.,93.4));
#1544 = VECTOR('',#1545,1.);
#1545 = DIRECTION('',(0.,-1.,0.));
#1546 = ORIENTED_EDGE('',*,*,#1547,.F.);
#1547 = EDGE_CURVE('',#1540,#1540,#1548,.T.);
#1548 = CIRCLE('',#1549,1.6);
#1549 = AXIS2_PLACEMENT_3D('',#1550,#1551,#1552);
#1550 = CARTESIAN_POINT('',(0.,11.6,95.));
#1551 = DIRECTION('',(0.,-1.,0.));
#1552 = DIRECTION('',(0.,0.,-1.));
#1553 = ORIENTED_EDGE('',*,*,#1539,.F.);
#1554 = ORIENTED_EDGE('',*,*,#312,.T.);
#1555 = ORIENTED_EDGE('',*,*,#255,.T.);
#1556 = CYLINDRICAL_SURFACE('',#1557,1.6);
#1557 = AXIS2_PLACEMENT_3D('',#1558,#1559,#1560);
#1558 = CARTESIAN_POINT('',(0.,17.,95.));
#1559 = DIRECTION('',(0.,-1.,0.));
#1560 = DIRECTION('',(0.,0.,-1.));
#1561 = ADVANCED_FACE('',(#1562),#1582,.F.);
#1562 = FACE_BOUND('',#1563,.F.);
#1563 = EDGE_LOOP('',(#1564,#1572,#1579,#1580,#1581));
#1564 = ORIENTED_EDGE('',*,*,#1565,.T.);
#1565 = EDGE_CURVE('',#370,#1566,#1568,.T.);
#1566 = VERTEX_POINT('',#1567);
#1567 = CARTESIAN_POINT('',(-3.061616997868E-16,13.,98.75));
#1568 = LINE('',#1569,#1570);
#1569 = CARTESIAN_POINT('',(-3.061616997868E-16,17.,98.75));
#1570 = VECTOR('',#1571,1.);
#1571 = DIRECTION('',(0.,-1.,0.));
#1572 = ORIENTED_EDGE('',*,*,#1573,.F.);
#1573 = EDGE_CURVE('',#1566,#1566,#1574,.T.);
#1574 = CIRCLE('',#1575,1.25);
#1575 = AXIS2_PLACEMENT_3D('',#1576,#1577,#1578);
#1576 = CARTESIAN_POINT('',(0.,13.,100.));
#1577 = DIRECTION('',(0.,-1.,0.));
#1578 = DIRECTION('',(0.,0.,-1.));
#1579 = ORIENTED_EDGE('',*,*,#1565,.F.);
#1580 = ORIENTED_EDGE('',*,*,#425,.T.);
#1581 = ORIENTED_EDGE('',*,*,#367,.T.);
#1582 = CYLINDRICAL_SURFACE('',#1583,1.25);
#1583 = AXIS2_PLACEMENT_3D('',#1584,#1585,#1586);
#1584 = CARTESIAN_POINT('',(0.,17.,100.));
#1585 = DIRECTION('',(0.,-1.,0.));
#1586 = DIRECTION('',(0.,0.,-1.));
#1587 = ADVANCED_FACE('',(#1588),#1608,.F.);
#1588 = FACE_BOUND('',#1589,.F.);
#1589 = EDGE_LOOP('',(#1590,#1598,#1605,#1606,#1607));
#1590 = ORIENTED_EDGE('',*,*,#1591,.T.);
#1591 = EDGE_CURVE('',#484,#1592,#1594,.T.);
#1592 = VERTEX_POINT('',#1593);
#1593 = CARTESIAN_POINT('',(-3.061616997868E-16,13.,163.75));
#1594 = LINE('',#1595,#1596);
#1595 = CARTESIAN_POINT('',(-3.061616997868E-16,17.,163.75));
#1596 = VECTOR('',#1597,1.);
#1597 = DIRECTION('',(0.,-1.,0.));
#1598 = ORIENTED_EDGE('',*,*,#1599,.F.);
#1599 = EDGE_CURVE('',#1592,#1592,#1600,.T.);
#1600 = CIRCLE('',#1601,1.25);
#1601 = AXIS2_PLACEMENT_3D('',#1602,#1603,#1604);
#1602 = CARTESIAN_POINT('',(0.,13.,165.));
#1603 = DIRECTION('',(0.,-1.,0.));
#1604 = DIRECTION('',(0.,0.,-1.));
#1605 = ORIENTED_EDGE('',*,*,#1591,.F.);
#1606 = ORIENTED_EDGE('',*,*,#539,.T.);
#1607 = ORIENTED_EDGE('',*,*,#481,.T.);
#1608 = CYLINDRICAL_SURFACE('',#1609,1.25);
#1609 = AXIS2_PLACEMENT_3D('',#1610,#1611,#1612);
#1610 = CARTESIAN_POINT('',(0.,17.,165.));
#1611 = DIRECTION('',(0.,-1.,0.));
#1612 = DIRECTION('',(0.,0.,-1.));
#1613 = ADVANCED_FACE('',(#1614),#1634,.F.);
#1614 = FACE_BOUND('',#1615,.F.);
#1615 = EDGE_LOOP('',(#1616,#1624,#1631,#1632,#1633));
#1616 = ORIENTED_EDGE('',*,*,#1617,.T.);
#1617 = EDGE_CURVE('',#598,#1618,#1620,.T.);
#1618 = VERTEX_POINT('',#1619);
#1619 = CARTESIAN_POINT('',(-3.918869757271E-16,11.6,168.4));
#1620 = LINE('',#1621,#1622);
#1621 = CARTESIAN_POINT('',(-3.918869757271E-16,17.,168.4));
#1622 = VECTOR('',#1623,1.);
#1623 = DIRECTION('',(0.,-1.,0.));
#1624 = ORIENTED_EDGE('',*,*,#1625,.F.);
#1625 = EDGE_CURVE('',#1618,#1618,#1626,.T.);
#1626 = CIRCLE('',#1627,1.6);
#1627 = AXIS2_PLACEMENT_3D('',#1628,#1629,#1630);
#1628 = CARTESIAN_POINT('',(0.,11.6,170.));
#1629 = DIRECTION('',(0.,-1.,0.));
#1630 = DIRECTION('',(0.,0.,-1.));
#1631 = ORIENTED_EDGE('',*,*,#1617,.F.);
#1632 = ORIENTED_EDGE('',*,*,#652,.T.);
#1633 = ORIENTED_EDGE('',*,*,#595,.T.);
#1634 = CYLINDRICAL_SURFACE('',#1635,1.6);
#1635 = AXIS2_PLACEMENT_3D('',#1636,#1637,#1638);
#1636 = CARTESIAN_POINT('',(0.,17.,170.));
#1637 = DIRECTION('',(0.,-1.,0.));
#1638 = DIRECTION('',(0.,0.,-1.));
#1639 = ADVANCED_FACE('',(#1640),#1660,.F.);
#1640 = FACE_BOUND('',#1641,.F.);
#1641 = EDGE_LOOP('',(#1642,#1650,#1657,#1658,#1659));
#1642 = ORIENTED_EDGE('',*,*,#1643,.T.);
#1643 = EDGE_CURVE('',#710,#1644,#1646,.T.);
#1644 = VERTEX_POINT('',#1645);
#1645 = CARTESIAN_POINT('',(-3.061616997868E-16,13.,173.75));
#1646 = LINE('',#1647,#1648);
#1647 = CARTESIAN_POINT('',(-3.061616997868E-16,17.,173.75));
#1648 = VECTOR('',#1649,1.);
#1649 = DIRECTION('',(0.,-1.,0.));
#1650 = ORIENTED_EDGE('',*,*,#1651,.F.);
#1651 = EDGE_CURVE('',#1644,#1644,#1652,.T.);
#1652 = CIRCLE('',#1653,1.25);
#1653 = AXIS2_PLACEMENT_3D('',#1654,#1655,#1656);
#1654 = CARTESIAN_POINT('',(0.,13.,175.));
#1655 = DIRECTION('',(0.,-1.,0.));
#1656 = DIRECTION('',(0.,0.,-1.));
#1657 = ORIENTED_EDGE('',*,*,#1643,.F.);
#1658 = ORIENTED_EDGE('',*,*,#765,.T.);
#1659 = ORIENTED_EDGE('',*,*,#707,.T.);
#1660 = CYLINDRICAL_SURFACE('',#1661,1.25);
#1661 = AXIS2_PLACEMENT_3D('',#1662,#1663,#1664);
#1662 = CARTESIAN_POINT('',(0.,17.,175.));
#1663 = DIRECTION('',(0.,-1.,0.));
#1664 = DIRECTION('',(0.,0.,-1.));
#1665 = ADVANCED_FACE('',(#1666),#1686,.F.);
#1666 = FACE_BOUND('',#1667,.F.);
#1667 = EDGE_LOOP('',(#1668,#1676,#1683,#1684,#1685));
#1668 = ORIENTED_EDGE('',*,*,#1669,.T.);
#1669 = EDGE_CURVE('',#824,#1670,#1672,.T.);
#1670 = VERTEX_POINT('',#1671);
#1671 = CARTESIAN_POINT('',(-3.061616997868E-16,13.,238.75));
#1672 = LINE('',#1673,#1674);
#1673 = CARTESIAN_POINT('',(-3.061616997868E-16,17.,238.75));
#1674 = VECTOR('',#1675,1.);
#1675 = DIRECTION('',(0.,-1.,0.));
#1676 = ORIENTED_EDGE('',*,*,#1677,.F.);
#1677 = EDGE_CURVE('',#1670,#1670,#1678,.T.);
#1678 = CIRCLE('',#1679,1.25);
#1679 = AXIS2_PLACEMENT_3D('',#1680,#1681,#1682);
#1680 = CARTESIAN_POINT('',(0.,13.,240.));
#1681 = DIRECTION('',(0.,-1.,0.));
#1682 = DIRECTION('',(0.,0.,-1.));
#1683 = ORIENTED_EDGE('',*,*,#1669,.F.);
#1684 = ORIENTED_EDGE('',*,*,#879,.T.);
#1685 = ORIENTED_EDGE('',*,*,#821,.T.);
#1686 = CYLINDRICAL_SURFACE('',#1687,1.25);
#1687 = AXIS2_PLACEMENT_3D('',#1688,#1689,#1690);
#1688 = CARTESIAN_POINT('',(0.,17.,240.));
#1689 = DIRECTION('',(0.,-1.,0.));
#1690 = DIRECTION('',(0.,0.,-1.));
#1691 = ADVANCED_FACE('',(#1692),#1712,.F.);
#1692 = FACE_BOUND('',#1693,.F.);
#1693 = EDGE_LOOP('',(#1694,#1702,#1709,#1710,#1711));
#1694 = ORIENTED_EDGE('',*,*,#1695,.T.);
#1695 = EDGE_CURVE('',#938,#1696,#1698,.T.);
#1696 = VERTEX_POINT('',#1697);
#1697 = CARTESIAN_POINT('',(-3.918869757272E-16,11.6,243.4));
#1698 = LINE('',#1699,#1700);
#1699 = CARTESIAN_POINT('',(-3.918869757272E-16,17.,243.4));
#1700 = VECTOR('',#1701,1.);
#1701 = DIRECTION('',(0.,-1.,0.));
#1702 = ORIENTED_EDGE('',*,*,#1703,.F.);
#1703 = EDGE_CURVE('',#1696,#1696,#1704,.T.);
#1704 = CIRCLE('',#1705,1.6);
#1705 = AXIS2_PLACEMENT_3D('',#1706,#1707,#1708);
#1706 = CARTESIAN_POINT('',(0.,11.6,245.));
#1707 = DIRECTION('',(0.,-1.,0.));
#1708 = DIRECTION('',(0.,0.,-1.));
#1709 = ORIENTED_EDGE('',*,*,#1695,.F.);
#1710 = ORIENTED_EDGE('',*,*,#992,.T.);
#1711 = ORIENTED_EDGE('',*,*,#935,.T.);
#1712 = CYLINDRICAL_SURFACE('',#1713,1.6);
#1713 = AXIS2_PLACEMENT_3D('',#1714,#1715,#1716);
#1714 = CARTESIAN_POINT('',(0.,17.,245.));
#1715 = DIRECTION('',(0.,-1.,0.));
#1716 = DIRECTION('',(0.,0.,-1.));
#1717 = ADVANCED_FACE('',(#1718),#1738,.F.);
#1718 = FACE_BOUND('',#1719,.F.);
#1719 = EDGE_LOOP('',(#1720,#1728,#1735,#1736,#1737));
#1720 = ORIENTED_EDGE('',*,*,#1721,.T.);
#1721 = EDGE_CURVE('',#1050,#1722,#1724,.T.);
#1722 = VERTEX_POINT('',#1723);
#1723 = CARTESIAN_POINT('',(-3.061616997868E-16,13.,248.75));
#1724 = LINE('',#1725,#1726);
#1725 = CARTESIAN_POINT('',(-3.061616997868E-16,17.,248.75));
#1726 = VECTOR('',#1727,1.);
#1727 = DIRECTION('',(0.,-1.,0.));
#1728 = ORIENTED_EDGE('',*,*,#1729,.F.);
#1729 = EDGE_CURVE('',#1722,#1722,#1730,.T.);
#1730 = CIRCLE('',#1731,1.25);
#1731 = AXIS2_PLACEMENT_3D('',#1732,#1733,#1734);
#1732 = CARTESIAN_POINT('',(0.,13.,250.));
#1733 = DIRECTION('',(0.,-1.,0.));
#1734 = DIRECTION('',(0.,0.,-1.));
#1735 = ORIENTED_EDGE('',*,*,#1721,.F.);
#1736 = ORIENTED_EDGE('',*,*,#1105,.T.);
#1737 = ORIENTED_EDGE('',*,*,#1047,.T.);
#1738 = CYLINDRICAL_SURFACE('',#1739,1.25);
#1739 = AXIS2_PLACEMENT_3D('',#1740,#1741,#1742);
#1740 = CARTESIAN_POINT('',(0.,17.,250.));
#1741 = DIRECTION('',(0.,-1.,0.));
#1742 = DIRECTION('',(0.,0.,-1.));
#1743 = ADVANCED_FACE('',(#1744),#1750,.T.);
#1744 = FACE_BOUND('',#1745,.T.);
#1745 = EDGE_LOOP('',(#1746,#1747,#1748,#1749));
#1746 = ORIENTED_EDGE('',*,*,#1198,.F.);
#1747 = ORIENTED_EDGE('',*,*,#1233,.F.);
#1748 = ORIENTED_EDGE('',*,*,#1249,.T.);
#1749 = ORIENTED_EDGE('',*,*,#1175,.T.);
#1750 = CYLINDRICAL_SURFACE('',#1751,22.);
#1751 = AXIS2_PLACEMENT_3D('',#1752,#1753,#1754);
#1752 = CARTESIAN_POINT('',(0.,0.,0.));
#1753 = DIRECTION('',(0.,0.,1.));
#1754 = DIRECTION('',(1.,0.,0.));
#1755 = ADVANCED_FACE('',(#1756),#1790,.F.);
#1756 = FACE_BOUND('',#1757,.F.);
#1757 = EDGE_LOOP('',(#1758,#1764,#1765,#1766,#1767,#1773,#1774,#1780,
    #1781,#1782,#1783,#1789));
#1758 = ORIENTED_EDGE('',*,*,#1759,.T.);
#1759 = EDGE_CURVE('',#1387,#1458,#1760,.T.);
#1760 = LINE('',#1761,#1762);
#1761 = CARTESIAN_POINT('',(8.1,-1.983927814619E-15,0.));
#1762 = VECTOR('',#1763,1.);
#1763 = DIRECTION('',(0.,0.,1.));
#1764 = ORIENTED_EDGE('',*,*,#1457,.F.);
#1765 = ORIENTED_EDGE('',*,*,#1759,.F.);
#1766 = ORIENTED_EDGE('',*,*,#1386,.T.);
#1767 = ORIENTED_EDGE('',*,*,#1768,.F.);
#1768 = EDGE_CURVE('',#1304,#1379,#1769,.T.);
#1769 = LINE('',#1770,#1771);
#1770 = CARTESIAN_POINT('',(8.,1.268857754045,0.));
#1771 = VECTOR('',#1772,1.);
#1772 = DIRECTION('',(0.,0.,1.));
#1773 = ORIENTED_EDGE('',*,*,#1311,.F.);
#1774 = ORIENTED_EDGE('',*,*,#1775,.F.);
#1775 = EDGE_CURVE('',#1261,#1312,#1776,.T.);
#1776 = LINE('',#1777,#1778);
#1777 = CARTESIAN_POINT('',(8.1,-1.983927814619E-15,0.));
#1778 = VECTOR('',#1779,1.);
#1779 = DIRECTION('',(0.,0.,1.));
#1780 = ORIENTED_EDGE('',*,*,#1260,.T.);
#1781 = ORIENTED_EDGE('',*,*,#1775,.T.);
#1782 = ORIENTED_EDGE('',*,*,#1320,.F.);
#1783 = ORIENTED_EDGE('',*,*,#1784,.T.);
#1784 = EDGE_CURVE('',#1280,#1362,#1785,.T.);
#1785 = LINE('',#1786,#1787);
#1786 = CARTESIAN_POINT('',(8.,-1.268857754045,0.));
#1787 = VECTOR('',#1788,1.);
#1788 = DIRECTION('',(0.,0.,1.));
#1789 = ORIENTED_EDGE('',*,*,#1395,.T.);
#1790 = CYLINDRICAL_SURFACE('',#1791,8.1);
#1791 = AXIS2_PLACEMENT_3D('',#1792,#1793,#1794);
#1792 = CARTESIAN_POINT('',(0.,0.,0.));
#1793 = DIRECTION('',(0.,0.,1.));
#1794 = DIRECTION('',(1.,0.,0.));
#1795 = ADVANCED_FACE('',(#1796),#1802,.T.);
#1796 = FACE_BOUND('',#1797,.T.);
#1797 = EDGE_LOOP('',(#1798,#1799,#1800,#1801));
#1798 = ORIENTED_EDGE('',*,*,#1359,.F.);
#1799 = ORIENTED_EDGE('',*,*,#1497,.F.);
#1800 = ORIENTED_EDGE('',*,*,#1277,.T.);
#1801 = ORIENTED_EDGE('',*,*,#1784,.T.);
#1802 = PLANE('',#1803);
#1803 = AXIS2_PLACEMENT_3D('',#1804,#1805,#1806);
#1804 = CARTESIAN_POINT('',(8.,-10.,12.));
#1805 = DIRECTION('',(1.,0.,0.));
#1806 = DIRECTION('',(0.,0.,1.));
#1807 = ADVANCED_FACE('',(#1808),#1814,.T.);
#1808 = FACE_BOUND('',#1809,.T.);
#1809 = EDGE_LOOP('',(#1810,#1811,#1812,#1813));
#1810 = ORIENTED_EDGE('',*,*,#1378,.F.);
#1811 = ORIENTED_EDGE('',*,*,#1768,.F.);
#1812 = ORIENTED_EDGE('',*,*,#1303,.T.);
#1813 = ORIENTED_EDGE('',*,*,#1336,.T.);
#1814 = PLANE('',#1815);
#1815 = AXIS2_PLACEMENT_3D('',#1816,#1817,#1818);
#1816 = CARTESIAN_POINT('',(8.,-10.,12.));
#1817 = DIRECTION('',(1.,0.,0.));
#1818 = DIRECTION('',(0.,0.,1.));
#1819 = ADVANCED_FACE('',(#1820),#1839,.F.);
#1820 = FACE_BOUND('',#1821,.F.);
#1821 = EDGE_LOOP('',(#1822,#1823,#1831,#1838));
#1822 = ORIENTED_EDGE('',*,*,#1413,.F.);
#1823 = ORIENTED_EDGE('',*,*,#1824,.F.);
#1824 = EDGE_CURVE('',#1825,#1414,#1827,.T.);
#1825 = VERTEX_POINT('',#1826);
#1826 = CARTESIAN_POINT('',(-7.542388155425,-9.192388155425,269.));
#1827 = LINE('',#1828,#1829);
#1828 = CARTESIAN_POINT('',(-7.542388155425,-9.192388155425,269.));
#1829 = VECTOR('',#1830,1.);
#1830 = DIRECTION('',(0.,0.,1.));
#1831 = ORIENTED_EDGE('',*,*,#1832,.T.);
#1832 = EDGE_CURVE('',#1825,#1825,#1833,.T.);
#1833 = CIRCLE('',#1834,1.65);
#1834 = AXIS2_PLACEMENT_3D('',#1835,#1836,#1837);
#1835 = CARTESIAN_POINT('',(-9.192388155425,-9.192388155425,269.));
#1836 = DIRECTION('',(0.,0.,1.));
#1837 = DIRECTION('',(1.,0.,0.));
#1838 = ORIENTED_EDGE('',*,*,#1824,.T.);
#1839 = CYLINDRICAL_SURFACE('',#1840,1.65);
#1840 = AXIS2_PLACEMENT_3D('',#1841,#1842,#1843);
#1841 = CARTESIAN_POINT('',(-9.192388155425,-9.192388155425,269.));
#1842 = DIRECTION('',(0.,0.,1.));
#1843 = DIRECTION('',(1.,0.,0.));
#1844 = ADVANCED_FACE('',(#1845),#1864,.F.);
#1845 = FACE_BOUND('',#1846,.F.);
#1846 = EDGE_LOOP('',(#1847,#1848,#1856,#1863));
#1847 = ORIENTED_EDGE('',*,*,#1424,.F.);
#1848 = ORIENTED_EDGE('',*,*,#1849,.F.);
#1849 = EDGE_CURVE('',#1850,#1425,#1852,.T.);
#1850 = VERTEX_POINT('',#1851);
#1851 = CARTESIAN_POINT('',(1.5,-13.,274.));
#1852 = LINE('',#1853,#1854);
#1853 = CARTESIAN_POINT('',(1.5,-13.,274.));
#1854 = VECTOR('',#1855,1.);
#1855 = DIRECTION('',(0.,0.,1.));
#1856 = ORIENTED_EDGE('',*,*,#1857,.T.);
#1857 = EDGE_CURVE('',#1850,#1850,#1858,.T.);
#1858 = CIRCLE('',#1859,1.5);
#1859 = AXIS2_PLACEMENT_3D('',#1860,#1861,#1862);
#1860 = CARTESIAN_POINT('',(0.,-13.,274.));
#1861 = DIRECTION('',(0.,0.,1.));
#1862 = DIRECTION('',(1.,0.,0.));
#1863 = ORIENTED_EDGE('',*,*,#1849,.T.);
#1864 = CYLINDRICAL_SURFACE('',#1865,1.5);
#1865 = AXIS2_PLACEMENT_3D('',#1866,#1867,#1868);
#1866 = CARTESIAN_POINT('',(0.,-13.,274.));
#1867 = DIRECTION('',(0.,0.,1.));
#1868 = DIRECTION('',(1.,0.,0.));
#1869 = ADVANCED_FACE('',(#1870),#1889,.F.);
#1870 = FACE_BOUND('',#1871,.F.);
#1871 = EDGE_LOOP('',(#1872,#1873,#1881,#1888));
#1872 = ORIENTED_EDGE('',*,*,#1435,.F.);
#1873 = ORIENTED_EDGE('',*,*,#1874,.F.);
#1874 = EDGE_CURVE('',#1875,#1436,#1877,.T.);
#1875 = VERTEX_POINT('',#1876);
#1876 = CARTESIAN_POINT('',(10.842388155425,-9.192388155425,269.));
#1877 = LINE('',#1878,#1879);
#1878 = CARTESIAN_POINT('',(10.842388155425,-9.192388155425,269.));
#1879 = VECTOR('',#1880,1.);
#1880 = DIRECTION('',(0.,0.,1.));
#1881 = ORIENTED_EDGE('',*,*,#1882,.T.);
#1882 = EDGE_CURVE('',#1875,#1875,#1883,.T.);
#1883 = CIRCLE('',#1884,1.65);
#1884 = AXIS2_PLACEMENT_3D('',#1885,#1886,#1887);
#1885 = CARTESIAN_POINT('',(9.192388155425,-9.192388155425,269.));
#1886 = DIRECTION('',(0.,0.,1.));
#1887 = DIRECTION('',(1.,0.,0.));
#1888 = ORIENTED_EDGE('',*,*,#1874,.T.);
#1889 = CYLINDRICAL_SURFACE('',#1890,1.65);
#1890 = AXIS2_PLACEMENT_3D('',#1891,#1892,#1893);
#1891 = CARTESIAN_POINT('',(9.192388155425,-9.192388155425,269.));
#1892 = DIRECTION('',(0.,0.,1.));
#1893 = DIRECTION('',(1.,0.,0.));
#1894 = ADVANCED_FACE('',(#1895),#1914,.F.);
#1895 = FACE_BOUND('',#1896,.F.);
#1896 = EDGE_LOOP('',(#1897,#1898,#1906,#1913));
#1897 = ORIENTED_EDGE('',*,*,#1446,.F.);
#1898 = ORIENTED_EDGE('',*,*,#1899,.F.);
#1899 = EDGE_CURVE('',#1900,#1447,#1902,.T.);
#1900 = VERTEX_POINT('',#1901);
#1901 = CARTESIAN_POINT('',(-7.542388155425,9.192388155425,269.));
#1902 = LINE('',#1903,#1904);
#1903 = CARTESIAN_POINT('',(-7.542388155425,9.192388155425,269.));
#1904 = VECTOR('',#1905,1.);
#1905 = DIRECTION('',(0.,0.,1.));
#1906 = ORIENTED_EDGE('',*,*,#1907,.T.);
#1907 = EDGE_CURVE('',#1900,#1900,#1908,.T.);
#1908 = CIRCLE('',#1909,1.65);
#1909 = AXIS2_PLACEMENT_3D('',#1910,#1911,#1912);
#1910 = CARTESIAN_POINT('',(-9.192388155425,9.192388155425,269.));
#1911 = DIRECTION('',(0.,0.,1.));
#1912 = DIRECTION('',(1.,0.,0.));
#1913 = ORIENTED_EDGE('',*,*,#1899,.T.);
#1914 = CYLINDRICAL_SURFACE('',#1915,1.65);
#1915 = AXIS2_PLACEMENT_3D('',#1916,#1917,#1918);
#1916 = CARTESIAN_POINT('',(-9.192388155425,9.192388155425,269.));
#1917 = DIRECTION('',(0.,0.,1.));
#1918 = DIRECTION('',(1.,0.,0.));
#1919 = ADVANCED_FACE('',(#1920),#1939,.F.);
#1920 = FACE_BOUND('',#1921,.F.);
#1921 = EDGE_LOOP('',(#1922,#1923,#1931,#1938));
#1922 = ORIENTED_EDGE('',*,*,#1468,.F.);
#1923 = ORIENTED_EDGE('',*,*,#1924,.F.);
#1924 = EDGE_CURVE('',#1925,#1469,#1927,.T.);
#1925 = VERTEX_POINT('',#1926);
#1926 = CARTESIAN_POINT('',(1.5,13.,274.));
#1927 = LINE('',#1928,#1929);
#1928 = CARTESIAN_POINT('',(1.5,13.,274.));
#1929 = VECTOR('',#1930,1.);
#1930 = DIRECTION('',(0.,0.,1.));
#1931 = ORIENTED_EDGE('',*,*,#1932,.T.);
#1932 = EDGE_CURVE('',#1925,#1925,#1933,.T.);
#1933 = CIRCLE('',#1934,1.5);
#1934 = AXIS2_PLACEMENT_3D('',#1935,#1936,#1937);
#1935 = CARTESIAN_POINT('',(0.,13.,274.));
#1936 = DIRECTION('',(0.,0.,1.));
#1937 = DIRECTION('',(1.,0.,0.));
#1938 = ORIENTED_EDGE('',*,*,#1924,.T.);
#1939 = CYLINDRICAL_SURFACE('',#1940,1.5);
#1940 = AXIS2_PLACEMENT_3D('',#1941,#1942,#1943);
#1941 = CARTESIAN_POINT('',(0.,13.,274.));
#1942 = DIRECTION('',(0.,0.,1.));
#1943 = DIRECTION('',(1.,0.,0.));
#1944 = ADVANCED_FACE('',(#1945),#1964,.F.);
#1945 = FACE_BOUND('',#1946,.F.);
#1946 = EDGE_LOOP('',(#1947,#1948,#1956,#1963));
#1947 = ORIENTED_EDGE('',*,*,#1479,.F.);
#1948 = ORIENTED_EDGE('',*,*,#1949,.F.);
#1949 = EDGE_CURVE('',#1950,#1480,#1952,.T.);
#1950 = VERTEX_POINT('',#1951);
#1951 = CARTESIAN_POINT('',(10.842388155425,9.192388155425,269.));
#1952 = LINE('',#1953,#1954);
#1953 = CARTESIAN_POINT('',(10.842388155425,9.192388155425,269.));
#1954 = VECTOR('',#1955,1.);
#1955 = DIRECTION('',(0.,0.,1.));
#1956 = ORIENTED_EDGE('',*,*,#1957,.T.);
#1957 = EDGE_CURVE('',#1950,#1950,#1958,.T.);
#1958 = CIRCLE('',#1959,1.65);
#1959 = AXIS2_PLACEMENT_3D('',#1960,#1961,#1962);
#1960 = CARTESIAN_POINT('',(9.192388155425,9.192388155425,269.));
#1961 = DIRECTION('',(0.,0.,1.));
#1962 = DIRECTION('',(1.,0.,0.));
#1963 = ORIENTED_EDGE('',*,*,#1949,.T.);
#1964 = CYLINDRICAL_SURFACE('',#1965,1.65);
#1965 = AXIS2_PLACEMENT_3D('',#1966,#1967,#1968);
#1966 = CARTESIAN_POINT('',(9.192388155425,9.192388155425,269.));
#1967 = DIRECTION('',(0.,0.,1.));
#1968 = DIRECTION('',(1.,0.,0.));
#1969 = ADVANCED_FACE('',(#1970),#1973,.F.);
#1970 = FACE_BOUND('',#1971,.F.);
#1971 = EDGE_LOOP('',(#1972));
#1972 = ORIENTED_EDGE('',*,*,#1521,.T.);
#1973 = PLANE('',#1974);
#1974 = AXIS2_PLACEMENT_3D('',#1975,#1976,#1977);
#1975 = CARTESIAN_POINT('',(0.,13.,90.));
#1976 = DIRECTION('',(0.,-1.,0.));
#1977 = DIRECTION('',(0.,0.,-1.));
#1978 = ADVANCED_FACE('',(#1979),#1982,.F.);
#1979 = FACE_BOUND('',#1980,.F.);
#1980 = EDGE_LOOP('',(#1981));
#1981 = ORIENTED_EDGE('',*,*,#1547,.T.);
#1982 = PLANE('',#1983);
#1983 = AXIS2_PLACEMENT_3D('',#1984,#1985,#1986);
#1984 = CARTESIAN_POINT('',(0.,11.6,95.));
#1985 = DIRECTION('',(0.,-1.,0.));
#1986 = DIRECTION('',(0.,0.,-1.));
#1987 = ADVANCED_FACE('',(#1988),#1991,.F.);
#1988 = FACE_BOUND('',#1989,.F.);
#1989 = EDGE_LOOP('',(#1990));
#1990 = ORIENTED_EDGE('',*,*,#1573,.T.);
#1991 = PLANE('',#1992);
#1992 = AXIS2_PLACEMENT_3D('',#1993,#1994,#1995);
#1993 = CARTESIAN_POINT('',(0.,13.,100.));
#1994 = DIRECTION('',(0.,-1.,0.));
#1995 = DIRECTION('',(0.,0.,-1.));
#1996 = ADVANCED_FACE('',(#1997),#2000,.F.);
#1997 = FACE_BOUND('',#1998,.F.);
#1998 = EDGE_LOOP('',(#1999));
#1999 = ORIENTED_EDGE('',*,*,#1599,.T.);
#2000 = PLANE('',#2001);
#2001 = AXIS2_PLACEMENT_3D('',#2002,#2003,#2004);
#2002 = CARTESIAN_POINT('',(0.,13.,165.));
#2003 = DIRECTION('',(0.,-1.,0.));
#2004 = DIRECTION('',(0.,0.,-1.));
#2005 = ADVANCED_FACE('',(#2006),#2009,.F.);
#2006 = FACE_BOUND('',#2007,.F.);
#2007 = EDGE_LOOP('',(#2008));
#2008 = ORIENTED_EDGE('',*,*,#1625,.T.);
#2009 = PLANE('',#2010);
#2010 = AXIS2_PLACEMENT_3D('',#2011,#2012,#2013);
#2011 = CARTESIAN_POINT('',(0.,11.6,170.));
#2012 = DIRECTION('',(0.,-1.,0.));
#2013 = DIRECTION('',(0.,0.,-1.));
#2014 = ADVANCED_FACE('',(#2015),#2018,.F.);
#2015 = FACE_BOUND('',#2016,.F.);
#2016 = EDGE_LOOP('',(#2017));
#2017 = ORIENTED_EDGE('',*,*,#1651,.T.);
#2018 = PLANE('',#2019);
#2019 = AXIS2_PLACEMENT_3D('',#2020,#2021,#2022);
#2020 = CARTESIAN_POINT('',(0.,13.,175.));
#2021 = DIRECTION('',(0.,-1.,0.));
#2022 = DIRECTION('',(0.,0.,-1.));
#2023 = ADVANCED_FACE('',(#2024),#2027,.F.);
#2024 = FACE_BOUND('',#2025,.F.);
#2025 = EDGE_LOOP('',(#2026));
#2026 = ORIENTED_EDGE('',*,*,#1677,.T.);
#2027 = PLANE('',#2028);
#2028 = AXIS2_PLACEMENT_3D('',#2029,#2030,#2031);
#2029 = CARTESIAN_POINT('',(0.,13.,240.));
#2030 = DIRECTION('',(0.,-1.,0.));
#2031 = DIRECTION('',(0.,0.,-1.));
#2032 = ADVANCED_FACE('',(#2033),#2036,.F.);
#2033 = FACE_BOUND('',#2034,.F.);
#2034 = EDGE_LOOP('',(#2035));
#2035 = ORIENTED_EDGE('',*,*,#1703,.T.);
#2036 = PLANE('',#2037);
#2037 = AXIS2_PLACEMENT_3D('',#2038,#2039,#2040);
#2038 = CARTESIAN_POINT('',(0.,11.6,245.));
#2039 = DIRECTION('',(0.,-1.,0.));
#2040 = DIRECTION('',(0.,0.,-1.));
#2041 = ADVANCED_FACE('',(#2042),#2045,.F.);
#2042 = FACE_BOUND('',#2043,.F.);
#2043 = EDGE_LOOP('',(#2044));
#2044 = ORIENTED_EDGE('',*,*,#1729,.T.);
#2045 = PLANE('',#2046);
#2046 = AXIS2_PLACEMENT_3D('',#2047,#2048,#2049);
#2047 = CARTESIAN_POINT('',(0.,13.,250.));
#2048 = DIRECTION('',(0.,-1.,0.));
#2049 = DIRECTION('',(0.,0.,-1.));
#2050 = ADVANCED_FACE('',(#2051),#2054,.T.);
#2051 = FACE_BOUND('',#2052,.F.);
#2052 = EDGE_LOOP('',(#2053));
#2053 = ORIENTED_EDGE('',*,*,#1832,.F.);
#2054 = PLANE('',#2055);
#2055 = AXIS2_PLACEMENT_3D('',#2056,#2057,#2058);
#2056 = CARTESIAN_POINT('',(-9.192388155425,-9.192388155425,269.));
#2057 = DIRECTION('',(0.,0.,1.));
#2058 = DIRECTION('',(1.,0.,0.));
#2059 = ADVANCED_FACE('',(#2060),#2063,.T.);
#2060 = FACE_BOUND('',#2061,.F.);
#2061 = EDGE_LOOP('',(#2062));
#2062 = ORIENTED_EDGE('',*,*,#1857,.F.);
#2063 = PLANE('',#2064);
#2064 = AXIS2_PLACEMENT_3D('',#2065,#2066,#2067);
#2065 = CARTESIAN_POINT('',(0.,-13.,274.));
#2066 = DIRECTION('',(0.,0.,1.));
#2067 = DIRECTION('',(1.,0.,0.));
#2068 = ADVANCED_FACE('',(#2069),#2072,.T.);
#2069 = FACE_BOUND('',#2070,.F.);
#2070 = EDGE_LOOP('',(#2071));
#2071 = ORIENTED_EDGE('',*,*,#1882,.F.);
#2072 = PLANE('',#2073);
#2073 = AXIS2_PLACEMENT_3D('',#2074,#2075,#2076);
#2074 = CARTESIAN_POINT('',(9.192388155425,-9.192388155425,269.));
#2075 = DIRECTION('',(0.,0.,1.));
#2076 = DIRECTION('',(1.,0.,0.));
#2077 = ADVANCED_FACE('',(#2078),#2081,.T.);
#2078 = FACE_BOUND('',#2079,.F.);
#2079 = EDGE_LOOP('',(#2080));
#2080 = ORIENTED_EDGE('',*,*,#1907,.F.);
#2081 = PLANE('',#2082);
#2082 = AXIS2_PLACEMENT_3D('',#2083,#2084,#2085);
#2083 = CARTESIAN_POINT('',(-9.192388155425,9.192388155425,269.));
#2084 = DIRECTION('',(0.,0.,1.));
#2085 = DIRECTION('',(1.,0.,0.));
#2086 = ADVANCED_FACE('',(#2087),#2090,.T.);
#2087 = FACE_BOUND('',#2088,.F.);
#2088 = EDGE_LOOP('',(#2089));
#2089 = ORIENTED_EDGE('',*,*,#1932,.F.);
#2090 = PLANE('',#2091);
#2091 = AXIS2_PLACEMENT_3D('',#2092,#2093,#2094);
#2092 = CARTESIAN_POINT('',(0.,13.,274.));
#2093 = DIRECTION('',(0.,0.,1.));
#2094 = DIRECTION('',(1.,0.,0.));
#2095 = ADVANCED_FACE('',(#2096),#2099,.T.);
#2096 = FACE_BOUND('',#2097,.F.);
#2097 = EDGE_LOOP('',(#2098));
#2098 = ORIENTED_EDGE('',*,*,#1957,.F.);
#2099 = PLANE('',#2100);
#2100 = AXIS2_PLACEMENT_3D('',#2101,#2102,#2103);
#2101 = CARTESIAN_POINT('',(9.192388155425,9.192388155425,269.));
#2102 = DIRECTION('',(0.,0.,1.));
#2103 = DIRECTION('',(1.,0.,0.));
#2104 = ( GEOMETRIC_REPRESENTATION_CONTEXT(3) 
GLOBAL_UNCERTAINTY_ASSIGNED_CONTEXT((#2108)) 
GLOBAL_UNIT_ASSIGNED_CONTEXT((#2105,#2106,#2107)) REPRESENTATION_CONTEXT
('Context #1','3D Context with UNIT and UNCERTAINTY') );
#2105 = ( LENGTH_UNIT() NAMED_UNIT(*) SI_UNIT(.MILLI.,.METRE.) );
#2106 = ( NAMED_UNIT(*) PLANE_ANGLE_UNIT() SI_UNIT($,.RADIAN.) );
#2107 = ( NAMED_UNIT(*) SI_UNIT($,.STERADIAN.) SOLID_ANGLE_UNIT() );
#2108 = UNCERTAINTY_MEASURE_WITH_UNIT(LENGTH_MEASURE(1.E-07),#2105,
  'distance_accuracy_value','confusion accuracy');
#2109 = PRODUCT_RELATED_PRODUCT_CATEGORY('part',$,(#7));
ENDSEC;
END-ISO-10303-21;
