interface_id,part_a,part_b,nominal_dimension,minimum,maximum,unit,components,calculation,criterion,required_minimum,fit_tolerance,surface_finish,assembly_method,inspection_method,adjustment_shim_method,thermal_condition,revision,status,required_maximum,assessment_kind,blockers,migration_note,source_refs,physical_validation_state,numeric_status
TS-01,CUT-01 discs,CUT-02 spacers/collars,numbered CUT-01/CUT-02 two-shaft matched stack; CAD stagger6.5,0.25,0.5,mm,10 position-engraved match-ground spacers plus 0.05/0.10/0.25 mm metal shims; all 11 opposing gaps,"match-grind/lap the numbered spacer set, shim with metal only, then accept every gap over one full hand rotation",working gap 0.25–0.50,0.25,metal shim controlled,disc faces Ra≤1.6,assemble the identified two-shaft set under lockout; do not interchange spacers,feeler sweep of all 11 gaps over one full hand rotation; record shaft/position map,0.05/0.10/0.25 mm ground metal shim only; reject/remake if any gap misses,20–40 °C dry assembly,final-design-fabrication-closure-v0.8,PASS,0.5,COMPLETE_ASSEMBLY_FUNCTIONAL_ACCEPTANCE,,current-source review,"[{""commit"": ""f3b1e666c95e5f563c834eea6a080f4ab3f689a1"", ""excerpt"": ""      \""interface_id\"": \""TS-01\"","", ""line"": 7, ""path"": ""calculations/tolerance_stack_final.json"", ""sha256"": ""df709b616c41945f08e308dd404d4d3690bbb7a7f159bc1b72bb722b6696c4e5""}, {""commit"": """", ""excerpt"": ""- 중요공차/검사: OD 58.0; root circle R18.0 with smooth DXF transition; bore 25.01 +0.01/0; matched keyway width 6.005-6.010; final profile ±0.10 and taper <=0.05 through thickness after CAM kerf compensation; t6.00 ±0.03; flatness/parallelism 0.03; tooth side deburr C0.15 max; axial working gap 0.25-0.50 mm by metal shim; selected 5.995-6.000 key plus engraved index line registers stack; replace on crack, chip >0.5 mm, edge recession >0.30 mm or lost shim gap"", ""line"": 8, ""path"": ""exports/cnc/CUT-01/drawing_notes.md"", ""sha256"": ""951f419b6c5e4a0eec79ba69bbac37449e4aa406204c1b6dd7789b5a609ac629""}, {""commit"": """", ""excerpt"": ""- 중요공차/검사: OD34.0; bore25.10 +0.05/0; nominal length7.00; faces parallel within0.01; engrave shaft/position; with CUT-01 and 0.05/0.10/0.25 metal shims, every one of 11 opposing axial gaps shall measure0.25-0.50 over one full hand rotation; supply only as the accepted matched set"", ""line"": 8, ""path"": ""exports/cnc/CUT-02/drawing_notes.md"", ""sha256"": ""fc8793eda97780e80c31fec2e48331ec7c6f6fbfc7e07d98772c554488ebf5f4""}, {""commit"": """", ""excerpt"": ""            axial_offset = 0.0 if cx == 105 else 6.5"", ""line"": 999, ""path"": ""cad/freecad/compact/geometry.py"", ""sha256"": ""ca7867a5a50cb0fdb74387e8e8fe7b5b619102e2fed90c52fba5cb227de6fde7""}]",NOT_RUN,PASS
TS-02,CUT-05 shafts,CUT-03 matched plates,0.125 axial float,0.05,0.2,mm,identified front fixed/rear floating CUT-10 rings; 0.05/0.10/0.20 mm ground metal shims; both complete shafts,"shim rear outer-ring retention, then accept each shaft directly by dial indicator over one full hand rotation",0.05 ≤ 0.125 axial float ≤ 0.2 mm,0.05,one fixed/one floating bearing per shaft,journal Ra≤0.8,clamp front bearing; leave rear outer ring floating; install engraved CUT-10 rings and ground metal shims under lockout,dial-indicator axial sweep on each complete shaft over one full hand rotation,0.05/0.10/0.20 mm ground metal shim only; reject/remake if either shaft misses,20–80 °C,final-design-fabrication-closure-v0.8,PASS,0.2,COMPLETE_ASSEMBLY_FUNCTIONAL_ACCEPTANCE,,current-source review,"[{""commit"": ""f3b1e666c95e5f563c834eea6a080f4ab3f689a1"", ""excerpt"": ""      \""interface_id\"": \""TS-02\"","", ""line"": 28, ""path"": ""calculations/tolerance_stack_final.json"", ""sha256"": ""df709b616c41945f08e308dd404d4d3690bbb7a7f159bc1b72bb722b6696c4e5""}, {""commit"": """", ""excerpt"": ""- 중요공차/검사: continuous Ø25 h6 =24.987-25.000 across 61905 journals, cutter land and gear/hub land; overall240.0 +/-0.10; TIR<=0.05; 6.005-6.010 keyways at y=0-35 and55-160 with selected key5.995-6.000; 8.005-8.010 keyway at195-240 with selected key7.995-8.000; datum clock0 deg; install slave shaft at Y278"", ""line"": 8, ""path"": ""exports/cnc/CUT-05/drawing_notes.md"", ""sha256"": ""b8c1d480c8c503a81afc964e7ffc29643a6e3c1bfd2e5a5d3b7fa23c2eadb0fe""}, {""commit"": """", ""excerpt"": ""- 중요공차/검사: two SKF 61905-2RS1 seats diameter 42 H7; center distance 48.00 +/-0.03; match-machine both plates; seat-axis parallelism 0.05/140; four frame holes diameter 6.6; identify front fixed and rear floating sides; after CUT-10 retention and metal shimming, each complete shaft axial float shall be0.05-0.20 over one full hand rotation"", ""line"": 8, ""path"": ""exports/cnc/CUT-03/drawing_notes.md"", ""sha256"": ""474ab7438af4f1c656c03d16c1c0bddb7f8c4877009e0f36e4b32e1a7495368e""}, {""commit"": """", ""excerpt"": ""- 중요공차/검사: figure-eight OD lobes 60; two relief bores diameter 34; center distance 48.00 +/-0.05; six M4 clearance holes diameter 4.5 at drawing coordinates; CUT-03 matching holes are included and may be match-reamed after bearing-seat finish"", ""line"": 8, ""path"": ""exports/cnc/CUT-08/drawing_notes.md"", ""sha256"": ""6100cc12b6c1c0d950933735464ebacad69e3e983f938316b8cd797f9e1326a7""}]",NOT_RUN,PASS
TS-03,DRV-03/DRV-03R phase gears,CUT-03 bearing centres,48.00 centre / released pair,0.100681,0.159024,mm,cold BRep 0.125664–0.134041; loaded refinement16 centre movement0.034320,released cold BRep pair ± CalculiX shaft/plate movement = 0.100681–0.159024; loaded backlash angle0.379642°; combined path0.903639°,loaded backlash >0 and combined phase error ≤1°,0,assembled cold backlash 0.120–0.140 over full rotation,gear flank Ra≤3.2,key+dowel then bolt,indicator over one full mesh rotation + optical phase,reject/remake if acceptance is missed,20±2 °C receipt; loaded digital screen,final-design-fabrication-closure-v0.8,PASS,0.35,RELEASED_BREP_AND_LOADED_FEA,,current-source review,"[{""commit"": ""f3b1e666c95e5f563c834eea6a080f4ab3f689a1"", ""excerpt"": ""      \""interface_id\"": \""TS-03\"","", ""line"": 49, ""path"": ""calculations/tolerance_stack_final.json"", ""sha256"": ""df709b616c41945f08e308dd404d4d3690bbb7a7f159bc1b72bb722b6696c4e5""}, {""commit"": """", ""excerpt"": ""- 중요공차/검사: two SKF 61905-2RS1 seats diameter 42 H7; center distance 48.00 +/-0.03; match-machine both plates; seat-axis parallelism 0.05/140; four frame holes diameter 6.6; identify front fixed and rear floating sides; after CUT-10 retention and metal shimming, each complete shaft axial float shall be0.05-0.20 over one full hand rotation"", ""line"": 8, ""path"": ""exports/cnc/CUT-03/drawing_notes.md"", ""sha256"": ""474ab7438af4f1c656c03d16c1c0bddb7f8c4877009e0f36e4b32e1a7495368e""}, {""commit"": """", ""excerpt"": ""- controlling requirements: `M3 Z16 20 degree; face18; assembled pair tangential backlash 0.120-0.140 over one full mesh rotation at 20 +/-2 C; bore Ø25.01 +0.01/0; matched 8.005-8.010 keyway at datum0 deg; root fillet R1 minimum; 2xM4 clearance + 1xØ3 H7 inspection/clocking holes; full34 N.m CalculiX screen`"", ""line"": 7, ""path"": ""exports/drive_interface/parts/DRV-03/drawing_notes.md"", ""sha256"": ""29707f6e163aaa9bb2e1098af15feae1358b095d79e249b68d132c80bc1f1002""}, {""commit"": """", ""excerpt"": ""- controlling requirements: `same tooth form and full-rotation pair backlash acceptance as DRV-03; matched 8.005-8.010 keyway clocked14.464 +/-0.02 deg from tooth datum so installed tooth phase11.25 deg matches CUT-05R key datum25.714 deg`"", ""line"": 7, ""path"": ""exports/drive_interface/parts/DRV-03R/drawing_notes.md"", ""sha256"": ""eac6107619dd6f11a6c476590e0c580100b39cc264174d76e78bbbd057a5d0d0""}, {""commit"": """", ""excerpt"": ""  \""cad_pair_backlash_bound_mm\"": ["", ""line"": 17, ""path"": ""analysis/final_validation/results/v0.8/phase_pair_backlash_candidate.json"", ""sha256"": ""4e597d88f4b188e608a26c6591b5d8177e8f95af4973459baa3d67233931ce4f""}, {""commit"": """", ""excerpt"": ""      \""refinement\"": 16,"", ""line"": 561, ""path"": ""analysis/final_validation/results/v0.8/loaded_phase.json"", ""sha256"": ""8387e5a9f23ba1c7f58288b1a7bdb5af72fd10f529c033ea1fc8783171779dd5""}]",NOT_RUN,PASS
TS-04,CUT-03 front plate,CUT-03 rear plate,seat-axis parallelism,0,0.05,mm/140mm,matched pair functional limit 0.05/140,match-machine both plates and inspect the resulting pair,parallelism ≤0.05/140,0,match-machine as one identified pair,seat Ra≤1.6,temporary datum bars before frame torque,two ground bars + indicator,reject/remake matched pair; frame shims do not repair seat error,20±2 °C inspection,final-design-fabrication-closure-v0.8,PASS,0.05,DERIVED_LIMITS,,current-source review,"[{""commit"": ""f3b1e666c95e5f563c834eea6a080f4ab3f689a1"", ""excerpt"": ""      \""interface_id\"": \""TS-04\"","", ""line"": 70, ""path"": ""calculations/tolerance_stack_final.json"", ""sha256"": ""df709b616c41945f08e308dd404d4d3690bbb7a7f159bc1b72bb722b6696c4e5""}, {""commit"": """", ""excerpt"": ""- 중요공차/검사: two SKF 61905-2RS1 seats diameter 42 H7; center distance 48.00 +/-0.03; match-machine both plates; seat-axis parallelism 0.05/140; four frame holes diameter 6.6; identify front fixed and rear floating sides; after CUT-10 retention and metal shimming, each complete shaft axial float shall be0.05-0.20 over one full hand rotation"", ""line"": 8, ""path"": ""exports/cnc/CUT-03/drawing_notes.md"", ""sha256"": ""474ab7438af4f1c656c03d16c1c0bddb7f8c4877009e0f36e4b32e1a7495368e""}]",NOT_RUN,PASS
TS-05,EX-SCR-01 flight,EX-BAR-01 bore,radial cold clearance,0.14,0.16,mm,bore ID 16.20 +0.02/0; flight OD 15.92 -0.02/0,(ID limit − OD opposite limit) / 2,0.14 ≤ radial cold clearance ≤ 0.16 mm,0.14,matched supplier pair,flight/bore Ra≤0.8,matched supplier pair,micrometer + 3-point bore gauge at three stations,reject or finish-hone; no printed shim,20 °C cold,final-design-fabrication-closure-v0.8,PASS,0.16,DERIVED_LIMITS,,current-source review,"[{""commit"": ""f3b1e666c95e5f563c834eea6a080f4ab3f689a1"", ""excerpt"": ""      \""interface_id\"": \""TS-05\"","", ""line"": 91, ""path"": ""calculations/tolerance_stack_final.json"", ""sha256"": ""df709b616c41945f08e308dd404d4d3690bbb7a7f159bc1b72bb722b6696c4e5""}, {""commit"": """", ""excerpt"": ""- controlling requirements: `L280; ID16.20 +0.02/0 honed; OD34 -0.03/0 ground; rear shoulder Ø44 -0.05/0 x8 +/-0.02, feed flat X16; face runout0.03 to Datum D; 4xM4-6H depth8 PCD26; 2xØ3 H7 locating holes PCD26 at0/180 deg, position Ø0.02 to D, selected Ø3 m6 dowels; 3xØ3.20 +0.05/0 flat-bottom blind5.40 +/-0.05 at B+95/170/245; 2xM3-6H depth4 at axial pitch10 around each sensor; sensor position0.05 to D, perpendicularity0.10/5.5; conservative ligament3.345 >=3.32; thread ligament outer/inner>=2.0/2.9; B rear face/C front face/D bore axis; HOLD material/process`"", ""line"": 7, ""path"": ""exports/cnc/extruder/parts/EX-BAR-01/drawing_notes.md"", ""sha256"": ""4814d0fbf1d00eab886da724fe66ccc613536eaf909013384aefe41d0c0bffa5""}, {""commit"": """", ""excerpt"": ""- controlling requirements: `total 316.00; active 256.00; OD 15.92 -0.02/0; RH pitch 16.00; land 1.60; Datum A axis from Ø12 h6 drive and Ø15 h6 x11 thrust-bearing seat; integral Ø23.00 +0.05/0 x9 shaft-washer abutment, face runout0.03 to A; full part HOLD material/process`"", ""line"": 7, ""path"": ""exports/cnc/extruder/parts/EX-SCR-01/drawing_notes.md"", ""sha256"": ""d55e22134441cbeea2b6fb2cc6b32932d20378984c157e8e9a72fb881699eab4""}]",NOT_RUN,PASS
TS-06,EX-BAR-01 bore axis,EX-DIE-01 channel axis,axis offset,0,0.024,mm,barrel/die dowel-hole true position Ø0.02 each; Ø3 H7=3.000-3.010; selected dowel Ø3 m6=3.002-3.008; maximum radial play0.004,0.010 barrel axis error +0.010 die axis error +0.004 maximum radial dowel play =0.024 mm,axis offset ≤0.05,0,2x Ø3 H7 holes / selected Ø3 m6 dowels; true position Ø0.02 to each melt axis,gasket face Ra≤1.6,press selected dowels into barrel; locate die and clearance gasket on both dowels; M4 bolts provide clamp only,CMM hole true-position reports plus coaxial pin/indicator check before gasketed assembly,reject/remake locating holes; copper face gasket is axial seal only,20 °C assembly / 270 °C check,final-design-fabrication-closure-v0.8,PASS,0.05,GD_AND_ISO286_WORST_CASE,,current-source review,"[{""commit"": ""f3b1e666c95e5f563c834eea6a080f4ab3f689a1"", ""excerpt"": ""      \""interface_id\"": \""TS-06\"","", ""line"": 112, ""path"": ""calculations/tolerance_stack_final.json"", ""sha256"": ""df709b616c41945f08e308dd404d4d3690bbb7a7f159bc1b72bb722b6696c4e5""}, {""commit"": """", ""excerpt"": ""- controlling requirements: `L280; ID16.20 +0.02/0 honed; OD34 -0.03/0 ground; rear shoulder Ø44 -0.05/0 x8 +/-0.02, feed flat X16; face runout0.03 to Datum D; 4xM4-6H depth8 PCD26; 2xØ3 H7 locating holes PCD26 at0/180 deg, position Ø0.02 to D, selected Ø3 m6 dowels; 3xØ3.20 +0.05/0 flat-bottom blind5.40 +/-0.05 at B+95/170/245; 2xM3-6H depth4 at axial pitch10 around each sensor; sensor position0.05 to D, perpendicularity0.10/5.5; conservative ligament3.345 >=3.32; thread ligament outer/inner>=2.0/2.9; B rear face/C front face/D bore axis; HOLD material/process`"", ""line"": 7, ""path"": ""exports/cnc/extruder/parts/EX-BAR-01/drawing_notes.md"", ""sha256"": ""4814d0fbf1d00eab886da724fe66ccc613536eaf909013384aefe41d0c0bffa5""}, {""commit"": """", ""excerpt"": ""- controlling requirements: `40x40x48; barrel face X40; Ø8 melt turn; Ø16.20 +0.05/0 x3 breaker seat; Ø12.00 +0.03/0 x14 insert seat; 4xØ4.5 + Ø8 recess PCD26; 2xØ3 H7 depth6 PCD26 at0/180 deg, position Ø0.02 to melt axis, selected Ø3 m6 dowels; heater Ø6.55 H7 through; 2xM3-6H depth6 at14 mm pitch for heater flange; sensor Ø3.20 +0.05/0 blind12.00 +/-0.05; 2xM3-6H depth4 at10 mm pitch around sensor; face flatness0.03; deburr flow intersection; HOLD`"", ""line"": 7, ""path"": ""exports/cnc/extruder/parts/EX-DIE-01/drawing_notes.md"", ""sha256"": ""d63cce8454f006b64cf9862f9d214097a48acea87a2ed11edfe9f31d85c04e74""}]",NOT_RUN,PASS
TS-07,TH-BH-01 heater free-state ID,EX-BAR-01 OD,usable split-closure reserve,0.277434,,mm,TH-BH-01 free-state ID34.10–34.20; EX-BAR-01 OD33.97–34.00; usable split-closure travel≥1.00,minimum closure reserve=1.00−π(34.20−33.97)=0.277434 mm,usable closure reserve≥0.25 mm; physical 8-sector contact inspection remains NOT_RUN,0.25,custom split clamp; closure travel≥1.00,barrel Ra≤1.6,close clamp evenly to sector-contact acceptance,0.05 mm feeler penetration≤5 mm at 8 sectors excluding split±10°,supplier clamp only; reject if closure/contact misses,20 °C install / 300 °C design,final-design-fabrication-closure-v0.8,PASS,,FREE_STATE_ID_AND_CLAMP_TRAVEL_WORST_CASE,,current-source review,"[{""commit"": ""f3b1e666c95e5f563c834eea6a080f4ab3f689a1"", ""excerpt"": ""      \""interface_id\"": \""TS-07\"","", ""line"": 133, ""path"": ""calculations/tolerance_stack_final.json"", ""sha256"": ""df709b616c41945f08e308dd404d4d3690bbb7a7f159bc1b72bb722b6696c4e5""}, {""commit"": """", ""excerpt"": ""- controlling requirements: `24 VDC 100 W each; free-state ID34.10–34.20; usable split-closure travel >=1.00; width45 ±0.5; radial build2 nominal; cold resistance 5.76 Ω ±10%; 300 mm fiberglass leads; PE-bonded sheath; PET service 300 C design; no stock Ø35 substitution`"", ""line"": 7, ""path"": ""exports/thermal/parts/TH-BH-01/drawing_notes.md"", ""sha256"": ""0d44b5cf15c774f5e08f734e002ad67d657dfdfc248e1a170cb192f2d3efe246""}, {""commit"": """", ""excerpt"": ""- controlling requirements: `L280; ID16.20 +0.02/0 honed; OD34 -0.03/0 ground; rear shoulder Ø44 -0.05/0 x8 +/-0.02, feed flat X16; face runout0.03 to Datum D; 4xM4-6H depth8 PCD26; 2xØ3 H7 locating holes PCD26 at0/180 deg, position Ø0.02 to D, selected Ø3 m6 dowels; 3xØ3.20 +0.05/0 flat-bottom blind5.40 +/-0.05 at B+95/170/245; 2xM3-6H depth4 at axial pitch10 around each sensor; sensor position0.05 to D, perpendicularity0.10/5.5; conservative ligament3.345 >=3.32; thread ligament outer/inner>=2.0/2.9; B rear face/C front face/D bore axis; HOLD material/process`"", ""line"": 7, ""path"": ""exports/cnc/extruder/parts/EX-BAR-01/drawing_notes.md"", ""sha256"": ""4814d0fbf1d00eab886da724fe66ccc613536eaf909013384aefe41d0c0bffa5""}]",NOT_RUN,PASS
TS-08,TEMP-01..03 bore tip,EX-BAR-01 melt bore,remaining ligament,3.345459,,mm,OD33.97–34.00 / ID16.20–16.22 / flat-bottom depth5.35–5.45; axis offset bounded0.05; sensor radius≤1.625 and tilt atan(0.10/5.5),16.985−8.110−5.450−0.050−1.625*sin(atan(0.10/5.5)); conservative flat-tip screen,released minimum ligament≥3.32,3.32,Ø3.20 +0.05/0 flat-bottom blind 5.40 ±0.05,bore Ra≤3.2,machine specified flat-bottom geometry; no generic drill-cone substitution; probe insertion remains controlled separately by IF-025,ultrasonic wall or depth+OD/ID,reject part; no repair shim,20 °C inspect / 270 °C analysis,final-design-fabrication-closure-v0.8,PASS,,TILTED_ECCENTRIC_TIP_SCREEN,,current-source review,"[{""commit"": ""f3b1e666c95e5f563c834eea6a080f4ab3f689a1"", ""excerpt"": ""      \""interface_id\"": \""TS-08\"","", ""line"": 154, ""path"": ""calculations/tolerance_stack_final.json"", ""sha256"": ""df709b616c41945f08e308dd404d4d3690bbb7a7f159bc1b72bb722b6696c4e5""}, {""commit"": """", ""excerpt"": ""- controlling requirements: `L280; ID16.20 +0.02/0 honed; OD34 -0.03/0 ground; rear shoulder Ø44 -0.05/0 x8 +/-0.02, feed flat X16; face runout0.03 to Datum D; 4xM4-6H depth8 PCD26; 2xØ3 H7 locating holes PCD26 at0/180 deg, position Ø0.02 to D, selected Ø3 m6 dowels; 3xØ3.20 +0.05/0 flat-bottom blind5.40 +/-0.05 at B+95/170/245; 2xM3-6H depth4 at axial pitch10 around each sensor; sensor position0.05 to D, perpendicularity0.10/5.5; conservative ligament3.345 >=3.32; thread ligament outer/inner>=2.0/2.9; B rear face/C front face/D bore axis; HOLD material/process`"", ""line"": 7, ""path"": ""exports/cnc/extruder/parts/EX-BAR-01/drawing_notes.md"", ""sha256"": ""4814d0fbf1d00eab886da724fe66ccc613536eaf909013384aefe41d0c0bffa5""}, {""commit"": """", ""excerpt"": ""- T1/T2/T3 radial blind sensor bores는 B+95.00/170.00/245.00 ±0.10, Ø3.20 +0.05/0, flat-bottom depth5.40 ±0.05이다. 깊이는 OD 진입점에서 평바닥까지이며 drill cone을 추가하지 않는다. 다른 tool-tip 형상은 deviation으로 제출한다. Bore axis 위치는 Datum D 기준0.05 max, 직각도는0.10/5.5 이내다. 편심·기울기·치수 한계를 포함한 보수적 최소 ligament는3.345 mm로 요구값3.32 mm를 넘는다. 프로브 선정·삽입·고정·열응답은 별도 HOLD이며 plug/depth gauge 결과를 제출한다."", ""line"": 657, ""path"": ""cad/generation/generate_manufacturing.py"", ""sha256"": ""48429f72b2b883acccb45bcba53605b4f1c15d0778863f17df84b0b3cb971719""}]",NOT_RUN,PASS
TS-09,FD-MET-02 auger,FD-MET-01 housing,radial running clearance,0.2,0.25,mm,housing ID 25.00 +0.05/0; auger OD 24.60 -0.05/0,(housing ID limit − auger OD opposite limit) / 2,0.2 ≤ radial running clearance ≤ 0.25 mm,0.2,running fit,Ra≤3.2 deburred,Ø8 common auger/agitator shaft with removable coupling,bore gauge + micrometer,finish-turn auger OD,20–80 °C,final-design-fabrication-closure-v0.8,PASS,0.25,DERIVED_LIMITS,,current-source review,"[{""commit"": ""f3b1e666c95e5f563c834eea6a080f4ab3f689a1"", ""excerpt"": ""      \""interface_id\"": \""TS-09\"","", ""line"": 175, ""path"": ""calculations/tolerance_stack_final.json"", ""sha256"": ""df709b616c41945f08e308dd404d4d3690bbb7a7f159bc1b72bb722b6696c4e5""}, {""commit"": """", ""excerpt"": ""- controlling requirements: `OD29/ID25.00 +0.05/0 x105 flange face plus upper spigot OD28.77–28.80 x1.20±0.05; flanges Ø44 x3; 4xØ4.60 +0.10/0 PCD36±0.05; auger radial clearance 0.20–0.25`"", ""line"": 7, ""path"": ""exports/fabrication/parts/FD-MET-01/drawing_notes.md"", ""sha256"": ""669436a19a020d672ac6e7a087297201bba82de82a1511fd02cd9c5c12a20361""}, {""commit"": """", ""excerpt"": ""- controlling requirements: `OD24.60 -0.05/0 x105; root Ø10 with local Ø12 x8 pin boss at Z4–12; bore Ø8.20 +0.10/0; Ø3.00 +0.05/0 cross-hole at Z8; pitch18; deburr/polish Ra≤3.2; Gate-2 sets mass/rev`"", ""line"": 7, ""path"": ""exports/fabrication/parts/FD-MET-02/drawing_notes.md"", ""sha256"": ""fc3cf0c896820ce728b1421eab4f6296a466bce31f8f26ad24cb8d5d94e6e830""}]",NOT_RUN,PASS
TS-10,FM-RL-01 roller pair,FM-EB-01 eccentric pair,1.80 nominal unloaded gap,1.6,1.9,mm,outer-seat centres40.80; eccentric offset1.00±0.02; full-rotation functional acceptance,"adjust paired eccentric bushes equally, then measure the complete rotation",1.6 ≤ 1.80 nominal unloaded gap ≤ 1.9 mm,1.6,Ø16 H7/g6 eccentric bush; paired index≤0.5°,roller TIR≤0.05,set both metal bushes under lockout; clamp M3,feeler sweep over one full rotation,continuous ±30° eccentric adjustment; no printed shim,20±2 °C,final-design-fabrication-closure-v0.8,PASS,1.9,DERIVED_LIMITS,,current-source review,"[{""commit"": ""f3b1e666c95e5f563c834eea6a080f4ab3f689a1"", ""excerpt"": ""      \""interface_id\"": \""TS-10\"","", ""line"": 196, ""path"": ""calculations/tolerance_stack_final.json"", ""sha256"": ""df709b616c41945f08e308dd404d4d3690bbb7a7f159bc1b72bb722b6696c4e5""}, {""commit"": """", ""excerpt"": ""- controlling requirements: `finished OD40.00 ±0.025 x60; bore Ø8.2; TIR <=0.05; Shore A 50-70 sleeve; matched OD within 0.05`"", ""line"": 7, ""path"": ""exports/fabrication/parts/FM-RL-01/drawing_notes.md"", ""sha256"": ""a9ee1a3297f4d48719c223958e83d77b34ab2dfc7b106f3420c918fc66abd64e""}, {""commit"": """", ""excerpt"": ""- controlling requirements: `100 x10 x40; fixed axle Ø8.2 at X29.10/Z20; adjustable bush seat Ø16 H7 at X69.90/Z20; 2xM3-6H blind7 at X69.90/Z11/29 from marked outer face; installed axes X29.10/X70.90 give gap1.80 and nip X50.00 local; 4xØ4.5 guard mounts; matched pair axis position ±0.05`"", ""line"": 7, ""path"": ""exports/fabrication/parts/FM-PL-01/drawing_notes.md"", ""sha256"": ""bc36dfcacf5739e6b9fc937e357a87c77778bf04080f58511f90828d22960ef8""}, {""commit"": """", ""excerpt"": ""- controlling requirements: `OD16 g6 x10; flange Ø24 x3; bore Ø8.20 +0.05/0 offset1.00 ±0.02; 2x3.4x10 flange slots at radius9; install paired bushes at equal index within0.5°; set full-rotation unloaded roller gap1.60-1.90 then clamp 2xM3 per bush`"", ""line"": 7, ""path"": ""exports/fabrication/parts/FM-EB-01/drawing_notes.md"", ""sha256"": ""20641707981d536ba70812ba6347942f2037b8138403304aae7b46854cbd28ef""}]",NOT_RUN,PASS
TS-11,PPR-C06 X gauge,PPR-C06 Y gauge,optical centreline offset,0,0.1,mm,one straight Ø1.75 calibration wire; X/Y optical pair; match-drilled mounting datum; complete-pair scan,"align both optical centres to one calibration wire, match-drill, fasten, then directly accept measured X/Y offset",offset ≤0.10,0,fixture aligned,matte optical bridge,fixture both gauges on one straight calibration wire; match-drill mounting datum; fasten at0.5 N.m,calibration-wire scan of both axes; measured centreline offset≤0.10,repeat match-drill alignment before final fastening; reject/remake if scan misses0.10,ambient stable,final-design-fabrication-closure-v0.8,PASS,0.1,COMPLETE_ASSEMBLY_FUNCTIONAL_ACCEPTANCE,,current-source review,"[{""commit"": ""f3b1e666c95e5f563c834eea6a080f4ab3f689a1"", ""excerpt"": ""      \""interface_id\"": \""TS-11\"","", ""line"": 217, ""path"": ""calculations/tolerance_stack_final.json"", ""sha256"": ""df709b616c41945f08e308dd404d4d3690bbb7a7f159bc1b72bb722b6696c4e5""}, {""commit"": """", ""excerpt"": ""        dict(id=\""PPR-C06\"", name=\""Gauge enclosure\"", shape=gauge, qty=2, material=\""ABS\"", orientation=\""outer face down\"", layer=\""0.20 mm\"", walls=4, infill=\""25%\"", support=\""slot bridge only\"", support_contact=\""8x70 optical slot roof\"", support_removal=\""break bridge strands from open housing side; ream fastener holes to Ø3.40–3.50\"", fastener=\""4x M3x12 + washers + all-metal nuts\"", insert=\""none\"", tightening=\""0.5 N.m\"", tolerance=\""finished holes Ø3.40–3.50; 0.20 mm optical slit; install X/Y pair on one straight Ø1.75 calibration wire, match-drill mounting datum, scan both axes and accept optical centreline offset <=0.10 mm\"", mating=\""LED/photodiode cross frame\"", order=14, edge_distance=\""7 mm boss centre; Ø12 boss\"", interfaces=\""4x Ø3.40–3.50 through bores; 8 mm optical slot; complete-pair functional alignment\""),"", ""line"": 813, ""path"": ""cad/freecad/compact/geometry.py"", ""sha256"": ""ca7867a5a50cb0fdb74387e8e8fe7b5b619102e2fed90c52fba5cb227de6fde7""}]",NOT_RUN,PASS
TS-12,SP-TR-01 matched end-plate pair,installed Ø8 rods,assembled rod parallelism,0,0.1,mm/160mm,matched-pair functional limit 0.10/160,"match-machine the end plates, install the selected rods, then inspect the complete 160 mm span",0 ≤ assembled rod parallelism ≤ 0.1 mm/160mm,0,matched end plates; complete-assembly acceptance,rod Ra≤0.8,"loose fit, indicator sweep, then torque",indicator full 160 mm span,reject/remake matched pair or rods; no printed shim,20±2 °C inspection,final-design-fabrication-closure-v0.8,PASS,0.1,DERIVED_LIMITS,,current-source review,"[{""commit"": ""f3b1e666c95e5f563c834eea6a080f4ab3f689a1"", ""excerpt"": ""      \""interface_id\"": \""TS-12\"","", ""line"": 238, ""path"": ""calculations/tolerance_stack_final.json"", ""sha256"": ""df709b616c41945f08e308dd404d4d3690bbb7a7f159bc1b72bb722b6696c4e5""}, {""commit"": """", ""excerpt"": ""- controlling requirements: `8x60x132; stem14x84; rod bores8.20-8.30 at local Y10/35 Z114; M5 holes5.5 at Y7 Z8/32; two SP-TG-01 rods8 h6 x196; four SP-SC-08 collars outside support plates; parallelism<=0.10 over support spacing; spindle-parallel Y axis; four M5x16 plus received washer/T-nut; received collar torque/anti-slip test and bracket/joint proof HOLD`"", ""line"": 7, ""path"": ""exports/fabrication/parts/SP-TR-01/drawing_notes.md"", ""sha256"": ""a1d1591a7d9b2fe656ef1e12d53c919a415518a2f02fc32cc9c0aa09daac87ff""}]",NOT_RUN,PASS
TS-13,guards/panels,moving envelopes,3.500 minimum released B-Rep clearance,2.5,4.5,mm,FreeCAD B-Rep minimum nominal3.500; guard position±0.5; moving-axis position±0.5,3.500 ± (0.5 + 0.5) = 2.500–4.500,moving clearance ≥2.0,2,metal guard spacers,deburr R0.3,fasten after motion sweep,feeler + envelope CAD,metal washer/spacer,cold motion,final-design-fabrication-closure-v0.8,PASS,,RELEASED_BREP_AND_POSITION_ALLOWANCE,,current-source review,"[{""commit"": ""f3b1e666c95e5f563c834eea6a080f4ab3f689a1"", ""excerpt"": ""      \""interface_id\"": \""TS-13\"","", ""line"": 259, ""path"": ""calculations/tolerance_stack_final.json"", ""sha256"": ""df709b616c41945f08e308dd404d4d3690bbb7a7f159bc1b72bb722b6696c4e5""}, {""commit"": """", ""excerpt"": ""- controlling requirements: `165 x48 x190; two Ø32 shaft clearances at X20/68,Z55; installed annular opening≤6; open service face; positive-opening interlock flag; PE bond`"", ""line"": 7, ""path"": ""exports/fabrication/parts/DRV-GD-01/drawing_notes.md"", ""sha256"": ""32740dbfbe19acb05700a0fa839c10bf4e21d2449e984073688b042e40c9d7fd""}, {""commit"": """", ""excerpt"": ""        dict(id=\""PPR-C07\"", name=\""Puller pinch guard\"", shape=guard, qty=1, material=\""ABS\"", orientation=\""outer face down\"", layer=\""0.24 mm\"", walls=5, infill=\""20%\"", support=\""window bridge only\"", support_contact=\""80x32 inspection-window upper edge\"", support_removal=\""deburr from open guard interior\"", fastener=\""4x M4 captive screws\"", insert=\""4x M4 rivnuts in metal puller plate\"", tightening=\""1.2 N.m\"", tolerance=\""0.40 mm guard gap\"", mating=\""metal puller plate\"", order=15, edge_distance=\""8 mm boss centre; Ø14 boss\"", interfaces=\""4x Ø4.5 through; 80x32 guarded window\""),"", ""line"": 814, ""path"": ""cad/freecad/compact/geometry.py"", ""sha256"": ""ca7867a5a50cb0fdb74387e8e8fe7b5b619102e2fed90c52fba5cb227de6fde7""}, {""commit"": """", ""excerpt"": ""  \""guard_to_moving_clearance_mm\"": {"", ""line"": 32, ""path"": ""validation/results/full_motion.json"", ""sha256"": ""7f7a3b69c8f5658344e69a2ce4a6e8fb7fc58aaaedf3961dbe36635daf918d71""}]",NOT_RUN,PASS
TS-14,hot shield,300 °C hot envelope,12.0 static clearance,10.0,14.0,mm,FreeCAD B-Rep minimum nominal12.000; shield position±1; duct position±1,12.000 ± (1.0 + 1.0) = 10.000–14.000,hot clearance ≥10.0,10,grounded metal shield,deburr R0.3,fasten after thermal-envelope check,feeler + envelope CAD,metal washer/spacer,20→300 °C,final-design-fabrication-closure-v0.8,PASS,,RELEASED_BREP_AND_POSITION_ALLOWANCE,,current-source review,"[{""commit"": ""f3b1e666c95e5f563c834eea6a080f4ab3f689a1"", ""excerpt"": ""      \""interface_id\"": \""TS-14\"","", ""line"": 280, ""path"": ""calculations/tolerance_stack_final.json"", ""sha256"": ""df709b616c41945f08e308dd404d4d3690bbb7a7f159bc1b72bb722b6696c4e5""}, {""commit"": """", ""excerpt"": ""- controlling requirements: `335 x75 x85; open bottom/ends; feeder opening Ø50 at X314/Y37; >=10 mm ABS-duct gap; edge hem/deburr`"", ""line"": 7, ""path"": ""exports/fabrication/parts/EX-SH-01/drawing_notes.md"", ""sha256"": ""7fea58ffa9d2858c1a3f9137f9f3103bd3487299c215b3f20bf74ba0cb15786f""}, {""commit"": """", ""excerpt"": ""        dict(id=\""PPR-C05\"", name=\""Cooling duct segment\"", shape=duct, qty=2, material=\""ABS\"", orientation=\""end face down\"", layer=\""0.24 mm\"", walls=4, infill=\""15%\"", support=\""no\"", support_contact=\""none\"", support_removal=\""none\"", fastener=\""8x M4x12 + washer + nyloc\"", insert=\""none\"", tightening=\""1.2 N.m\"", tolerance=\""0.30 mm flange registration\"", mating=\""80 mm fan and next duct\"", order=13, edge_distance=\""5 mm hole centre\"", interfaces=\""8x Ø4.5 flange holes; 60x55 clear air opening\""),"", ""line"": 812, ""path"": ""cad/freecad/compact/geometry.py"", ""sha256"": ""ca7867a5a50cb0fdb74387e8e8fe7b5b619102e2fed90c52fba5cb227de6fde7""}, {""commit"": """", ""excerpt"": ""  \""hot_shield_to_abs_duct_clearance_mm\"": {"", ""line"": 28, ""path"": ""validation/results/full_motion.json"", ""sha256"": ""7f7a3b69c8f5658344e69a2ce4a6e8fb7fc58aaaedf3961dbe36635daf918d71""}]",NOT_RUN,PASS
TS-15,ExtruderFrontSlidingGuide,EX-BAR-01,remaining axial thermal margin,0.1672,,mm,cold axial travel 1.5 mm; 300 C / alpha upper-bound full-length remaining margin 0.1671999999999798 mm,current hot-zone qualification: declared cold travel minus worst 300 C full-length free growth,remaining travel ≥0,0,rear datum fixed; front guide axial sliding,guide Ra≤1.6 dry-film compatible,cold datum then verify free slide,depth gauge before/after heat simulation,metal stop/shim,25→270 °C,final-design-fabrication-closure-v0.8,PASS,,CURRENT_HOT_ZONE_DIGITAL_ENVELOPE,,current-source review,"[{""commit"": ""f3b1e666c95e5f563c834eea6a080f4ab3f689a1"", ""excerpt"": ""      \""interface_id\"": \""TS-15\"","", ""line"": 301, ""path"": ""calculations/tolerance_stack_final.json"", ""sha256"": ""df709b616c41945f08e308dd404d4d3690bbb7a7f159bc1b72bb722b6696c4e5""}, {""commit"": """", ""excerpt"": ""ExtruderFrontSlidingGuide,final-design-fabrication-closure-v0.8,1,8 mm S275 steel,laser/waterjet rough + bore/face finish,guide bore Ø34.60 +0.10/0; 2×Ø6.6 rail holes; datum face flatness 0.10; bore position ±0.10; cold axial travel ≥1.50 mm; no axial clamp,A=profile mounting plane; B=barrel axis; C=rear axial datum; verify datum marking on supplier inspection report,CMM/caliper against STEP and drawing; deburr and visual crack/warp inspection; barrel-axis alignment; sliding travel and cold/hot clearance inspection,PASS,exports/final/step/cnc_parts/ExtruderFrontSlidingGuide.step,exports/final/manufacturing/hot_zone/ExtruderFrontSlidingGuide.dxf,ExtruderFrontSlidingGuide.step,ExtruderFrontSlidingGuide.dxf,ExtruderFrontSlidingGuide.pdf,1,8.000000x150.000000x76.000000,28694.575127,9c6733bd85d21dcf476da4f085abe1416ff2eca68dcb4e14c1493841286618f9,960ef1fea443eaaf3e633e45638c534dc7c5fe0bf4e24aff262ab70fa9000bef,ab3afdee7e9538b39620e4f1ca3068df21e94cc8870a6dc15634a512e6d65a33,USER_APPROVAL_AND_PHYSICAL_INSPECTION_REQUIRED"", ""line"": 59, ""path"": ""exports/final/manufacturing/RFQ/manifest.csv"", ""sha256"": ""9360a4c78f7053bc36e341eca7a30a4403ffd6ebeb8b6587e84703ffaafdcec2""}, {""commit"": """", ""excerpt"": ""    \""minimum_full_length_travel_margin_mm\"": 0.1671999999999798,"", ""line"": 23, ""path"": ""analysis/final_validation/results/v0.8/hot_zone_digital_qualification.json"", ""sha256"": ""f1106f7fe2eeeca1ac041627cc6cd603aeab71cfec8ea5cb56b2e606ebefc4d9""}]",NOT_RUN,PASS
TS-16,EX-SCR-01 flight,EX-BAR-01 bore,radial hot differential clearance,0.137152,0.143978,mm,alpha 12/12.3/17e-6/K sensitivity; bore/screw 245/270 C and 270/245 C directions,minimum radial clearance over all current hot-zone differential-expansion sensitivity cases,hot radial clearance ≥0.13,0.13,matched nitrided SCM440 pair,flight/bore Ra≤0.8,cold clearance report then free thermal growth,temperature map + three-station bore/flight report,reject or finish-hone; no shim,20→270 °C differential bound,final-design-fabrication-closure-v0.8,PASS,,CURRENT_HOT_ZONE_DIGITAL_ENVELOPE,,current-source review,"[{""commit"": ""f3b1e666c95e5f563c834eea6a080f4ab3f689a1"", ""excerpt"": ""      \""interface_id\"": \""TS-16\"","", ""line"": 322, ""path"": ""calculations/tolerance_stack_final.json"", ""sha256"": ""df709b616c41945f08e308dd404d4d3690bbb7a7f159bc1b72bb722b6696c4e5""}, {""commit"": """", ""excerpt"": ""- controlling requirements: `L280; ID16.20 +0.02/0 honed; OD34 -0.03/0 ground; rear shoulder Ø44 -0.05/0 x8 +/-0.02, feed flat X16; face runout0.03 to Datum D; 4xM4-6H depth8 PCD26; 2xØ3 H7 locating holes PCD26 at0/180 deg, position Ø0.02 to D, selected Ø3 m6 dowels; 3xØ3.20 +0.05/0 flat-bottom blind5.40 +/-0.05 at B+95/170/245; 2xM3-6H depth4 at axial pitch10 around each sensor; sensor position0.05 to D, perpendicularity0.10/5.5; conservative ligament3.345 >=3.32; thread ligament outer/inner>=2.0/2.9; B rear face/C front face/D bore axis; HOLD material/process`"", ""line"": 7, ""path"": ""exports/cnc/extruder/parts/EX-BAR-01/drawing_notes.md"", ""sha256"": ""4814d0fbf1d00eab886da724fe66ccc613536eaf909013384aefe41d0c0bffa5""}, {""commit"": """", ""excerpt"": ""- controlling requirements: `total 316.00; active 256.00; OD 15.92 -0.02/0; RH pitch 16.00; land 1.60; Datum A axis from Ø12 h6 drive and Ø15 h6 x11 thrust-bearing seat; integral Ø23.00 +0.05/0 x9 shaft-washer abutment, face runout0.03 to A; full part HOLD material/process`"", ""line"": 7, ""path"": ""exports/cnc/extruder/parts/EX-SCR-01/drawing_notes.md"", ""sha256"": ""d55e22134441cbeea2b6fb2cc6b32932d20378984c157e8e9a72fb881699eab4""}, {""commit"": """", ""excerpt"": ""    \""minimum_radial_clearance_mm\"": 0.13715249999999912"", ""line"": 65, ""path"": ""analysis/final_validation/results/v0.8/hot_zone_digital_qualification.json"", ""sha256"": ""f1106f7fe2eeeca1ac041627cc6cd603aeab71cfec8ea5cb56b2e606ebefc4d9""}]",NOT_RUN,PASS
IF-001,CUT-05/CUT-05R,SKF 61905-2RS1,shaft24.987-25.000 / bearing bore24.990-25.000,-0.01,0.013,mm,shaft24.987-25.000 / bearing bore24.990-25.000,bearing bore opposite limit - shaft opposite limit = -0.010–+0.013 mm,diametral transition fit -0.010–+0.013 mm; receipt gauge and press/rotation check required,-0.01,shaft24.987-25.000 / bearing bore24.990-25.000,NOT_SPECIFIED — resolve source finish requirement,press inner ring only; metal collars,measure four journals and received bearing IDs,HOLD — no improvised rework,20 °C cold; physical NOT_RUN,final-design-fabrication-closure-v0.8,PASS,0.013,SKF_NORMAL_AND_H6_LIMITS,,current-source review,"[{""commit"": ""f3b1e666c95e5f563c834eea6a080f4ab3f689a1"", ""excerpt"": ""safety-orchestration-closure-v0.6.1,IF-001,CUT-05 shaft journals,6004-2RS x4,bearing inner-ring fit,Ø20 h6,ID Ø20,transition/slip per received bearing,shaft 0/-0.013 mm,ISO 286-2; bearing maker data,press inner ring only; metal collars,micrometer + bearing heater/press,measure four journals and received bearing IDs,PASS_DIGITAL"", ""line"": 2, ""path"": ""exports/fabrication/interface_catalog.csv"", ""sha256"": ""2b553443b200a80ce3c87f0d11d3b2c737f26886a3339e6a1fe70be66267b6dc""}, {""commit"": """", ""excerpt"": ""- 중요공차/검사: continuous Ø25 h6 =24.987-25.000 across 61905 journals, cutter land and gear/hub land; overall240.0 +/-0.10; TIR<=0.05; 6.005-6.010 keyways at y=0-35 and55-160 with selected key5.995-6.000; 8.005-8.010 keyway at195-240 with selected key7.995-8.000; datum clock0 deg; install slave shaft at Y278"", ""line"": 8, ""path"": ""exports/cnc/CUT-05/drawing_notes.md"", ""sha256"": ""b8c1d480c8c503a81afc964e7ffc29643a6e3c1bfd2e5a5d3b7fa23c2eadb0fe""}, {""commit"": """", ""excerpt"": ""- 25 mm 보어 평균직경 한계: 0/−10 µm, 즉 24.990–25.000 mm."", ""line"": 8, ""path"": ""docs/final/61905_interface_basis_ko.md"", ""sha256"": ""2b1425a4916ec84d3002ff901a4504a277366268872447fe20f46f2a400cd997""}]",NOT_RUN,PASS
IF-002,SKF 61905-2RS1,CUT-03,bearing OD41.989-42.000 / seat42.000-42.025 H7,0,0.036,mm,bearing OD41.989-42.000 / seat42.000-42.025 H7,housing seat opposite limit - bearing OD opposite limit = 0.000–0.036 mm,stationary outer-ring H7 fit 0.000–0.036 mm; retainer and receipt inspection required,0,bearing OD41.989-42.000 / seat42.000-42.025 H7,NOT_SPECIFIED — resolve source finish requirement,press outer ring only,report both seats/plate and centre distance,HOLD — no improvised rework,20 °C cold; physical NOT_RUN,final-design-fabrication-closure-v0.8,PASS,0.036,SKF_NORMAL_AND_H7_LIMITS,,current-source review,"[{""commit"": ""f3b1e666c95e5f563c834eea6a080f4ab3f689a1"", ""excerpt"": ""safety-orchestration-closure-v0.6.1,IF-002,6004-2RS x4,CUT-03 matched side plates,bearing outer-ring seat,OD Ø42,Ø42 H7,0/+0.025 mm nominal bore allowance,seat +0/+0.025 mm,ISO 286-2,press outer ring only,bore gauge + arbor press,report both seats/plate and centre distance,PASS_DIGITAL"", ""line"": 3, ""path"": ""exports/fabrication/interface_catalog.csv"", ""sha256"": ""2b553443b200a80ce3c87f0d11d3b2c737f26886a3339e6a1fe70be66267b6dc""}, {""commit"": """", ""excerpt"": ""- 중요공차/검사: two SKF 61905-2RS1 seats diameter 42 H7; center distance 48.00 +/-0.03; match-machine both plates; seat-axis parallelism 0.05/140; four frame holes diameter 6.6; identify front fixed and rear floating sides; after CUT-10 retention and metal shimming, each complete shaft axial float shall be0.05-0.20 over one full hand rotation"", ""line"": 8, ""path"": ""exports/cnc/CUT-03/drawing_notes.md"", ""sha256"": ""474ab7438af4f1c656c03d16c1c0bddb7f8c4877009e0f36e4b32e1a7495368e""}, {""commit"": """", ""excerpt"": ""- 42 mm 외륜 평균직경 한계: 0/−11 µm, 즉 41.989–42.000 mm."", ""line"": 9, ""path"": ""docs/final/61905_interface_basis_ko.md"", ""sha256"": ""2b1425a4916ec84d3002ff901a4504a277366268872447fe20f46f2a400cd997""}]",NOT_RUN,PASS
IF-003,SKF 61905-2RS1,CUT-03/CUT-10,0.125 axial float,0.05,0.2,mm,identified front fixed/rear floating CUT-10 rings; 0.05/0.10/0.20 mm ground metal shims; both complete shafts,"shim rear outer-ring retention, then accept each shaft directly by dial indicator over one full hand rotation",0.05 ≤ 0.125 axial float ≤ 0.2 mm,0.05,one fixed/one floating bearing per shaft,journal Ra≤0.8,clamp front bearing; leave rear outer ring floating; install engraved CUT-10 rings and ground metal shims under lockout,dial-indicator axial sweep on each complete shaft over one full hand rotation,0.05/0.10/0.20 mm ground metal shim only; reject/remake if either shaft misses,20–80 °C,final-design-fabrication-closure-v0.8,PASS,0.2,COMPLETE_ASSEMBLY_FUNCTIONAL_ACCEPTANCE,,bearing outer-ring retention/floating arrangement controlled by TS-02 complete-assembly acceptance,"[{""commit"": ""f3b1e666c95e5f563c834eea6a080f4ab3f689a1"", ""excerpt"": ""safety-orchestration-closure-v0.6.1,IF-003,6004-2RS,CUT-03/CUT-08,bearing axial retention,width 12,plate 12 + retainer 2,outer ring positively retained without seal contact,axial endplay 0.05–0.20 mm,6004 20×42×12,M4 retainer plate,feeler gauge + torque wrench,rotate freely after retainer torque,PASS_DIGITAL"", ""line"": 4, ""path"": ""exports/fabrication/interface_catalog.csv"", ""sha256"": ""2b553443b200a80ce3c87f0d11d3b2c737f26886a3339e6a1fe70be66267b6dc""}, {""commit"": """", ""excerpt"": ""- 중요공차/검사: two SKF 61905-2RS1 seats diameter 42 H7; center distance 48.00 +/-0.03; match-machine both plates; seat-axis parallelism 0.05/140; four frame holes diameter 6.6; identify front fixed and rear floating sides; after CUT-10 retention and metal shimming, each complete shaft axial float shall be0.05-0.20 over one full hand rotation"", ""line"": 8, ""path"": ""exports/cnc/CUT-03/drawing_notes.md"", ""sha256"": ""474ab7438af4f1c656c03d16c1c0bddb7f8c4877009e0f36e4b32e1a7495368e""}, {""commit"": """", ""excerpt"": ""- 중요공차/검사: OD42 g6; ID25.50 +0.10/0; width3.00 +/-0.02; faces parallel0.01; bears on outer ring only; engrave front-fixed/rear-floating and shaft ID; set rear outer-ring endplay using0.05/0.10/0.20 ground metal shims; complete-shaft axial float acceptance0.05-0.20 mm"", ""line"": 8, ""path"": ""exports/cnc/CUT-10/drawing_notes.md"", ""sha256"": ""4d1c044f7093b17f4e91359fb34f94db9776ed722b09bd211118292620b2c18a""}, {""commit"": """", ""excerpt"": ""- 9 mm 폭 한계: 0/−120 µm, 즉 8.880–9.000 mm."", ""line"": 10, ""path"": ""docs/final/61905_interface_basis_ko.md"", ""sha256"": ""2b1425a4916ec84d3002ff901a4504a277366268872447fe20f46f2a400cd997""}]",NOT_RUN,PASS
IF-004,CUT-05/CUT-05R,CUT-01/CUT-02,shaft24.987-25.000; cutter bore25.010-25.020; spacer bore25.100-25.150,0.01,0.163,mm,shaft24.987-25.000; cutter bore25.010-25.020; spacer bore25.100-25.150,CUT-01 diametral clearance0.010–0.033; CUT-02 clearance0.100–0.163 mm,cutter clearance0.010–0.033 and non-torque spacer clearance0.100–0.170 mm,0,shaft24.987-25.000; cutter bore25.010-25.020; spacer bore25.100-25.150,NOT_SPECIFIED — resolve source finish requirement,keyed stack + metal shims/collars,dry-stack hand slide and phase mark,HOLD — no improvised rework,20 °C cold; physical NOT_RUN,final-design-fabrication-closure-v0.8,PASS,0.17,DRAWING_OPPOSITE_LIMITS,,current-source review,"[{""commit"": ""f3b1e666c95e5f563c834eea6a080f4ab3f689a1"", ""excerpt"": ""safety-orchestration-closure-v0.6.1,IF-004,CUT-05,CUT-02 spacers/CUT-01 discs,cutter stack bore,Ø20 h6,Ø20.2,0.20–0.23 mm diametral clearance,bore +0.05/0,internal project fit,keyed stack + metal shims/collars,micrometer + plug gauge,dry-stack hand slide and phase mark,PASS_DIGITAL"", ""line"": 5, ""path"": ""exports/fabrication/interface_catalog.csv"", ""sha256"": ""2b553443b200a80ce3c87f0d11d3b2c737f26886a3339e6a1fe70be66267b6dc""}, {""commit"": """", ""excerpt"": ""- 중요공차/검사: continuous Ø25 h6 =24.987-25.000 across 61905 journals, cutter land and gear/hub land; overall240.0 +/-0.10; TIR<=0.05; 6.005-6.010 keyways at y=0-35 and55-160 with selected key5.995-6.000; 8.005-8.010 keyway at195-240 with selected key7.995-8.000; datum clock0 deg; install slave shaft at Y278"", ""line"": 8, ""path"": ""exports/cnc/CUT-05/drawing_notes.md"", ""sha256"": ""b8c1d480c8c503a81afc964e7ffc29643a6e3c1bfd2e5a5d3b7fa23c2eadb0fe""}, {""commit"": """", ""excerpt"": ""- 중요공차/검사: OD 58.0; root circle R18.0 with smooth DXF transition; bore 25.01 +0.01/0; matched keyway width 6.005-6.010; final profile ±0.10 and taper <=0.05 through thickness after CAM kerf compensation; t6.00 ±0.03; flatness/parallelism 0.03; tooth side deburr C0.15 max; axial working gap 0.25-0.50 mm by metal shim; selected 5.995-6.000 key plus engraved index line registers stack; replace on crack, chip >0.5 mm, edge recession >0.30 mm or lost shim gap"", ""line"": 8, ""path"": ""exports/cnc/CUT-01/drawing_notes.md"", ""sha256"": ""951f419b6c5e4a0eec79ba69bbac37449e4aa406204c1b6dd7789b5a609ac629""}, {""commit"": """", ""excerpt"": ""- 중요공차/검사: OD34.0; bore25.10 +0.05/0; nominal length7.00; faces parallel within0.01; engrave shaft/position; with CUT-01 and 0.05/0.10/0.25 metal shims, every one of 11 opposing axial gaps shall measure0.25-0.50 over one full hand rotation; supply only as the accepted matched set"", ""line"": 8, ""path"": ""exports/cnc/CUT-02/drawing_notes.md"", ""sha256"": ""fc8793eda97780e80c31fec2e48331ec7c6f6fbfc7e07d98772c554488ebf5f4""}]",NOT_RUN,PASS
IF-005,CUT-05R,DRV-02,shaft24.987-25.000 / hub25.010-25.030; key5.995-6.000 / ways6.005-6.010,0.01,0.043,mm,shaft24.987-25.000 / hub25.010-25.030; key5.995-6.000 / ways6.005-6.010,hub bore - shaft =0.010–0.043; key side clearance=0.005–0.015 mm,diametral clearance0–0.050 and key side clearance0.005–0.015 mm,0,shaft24.987-25.000 / hub25.010-25.030; key5.995-6.000 / ways6.005-6.010,NOT_SPECIFIED — resolve source finish requirement,clamping hub + key,blue-check contact and witness-mark torque test,HOLD — no improvised rework,20 °C cold; physical NOT_RUN,final-design-fabrication-closure-v0.8,PASS,0.05,DRAWING_OPPOSITE_LIMITS,,current-source review,"[{""commit"": ""f3b1e666c95e5f563c834eea6a080f4ab3f689a1"", ""excerpt"": ""safety-orchestration-closure-v0.6.1,IF-005,CUT-05,DRV-02 cutter hub,keyed shaft hub,Ø20 h6 + 6 mm key,Ø20 H7 + 6 P9 keyway,transition fit; no phase slip,hub bore H7,KS B 1311 / DIN 6885,clamping hub + key,micrometer + bore gauge,blue-check contact and witness-mark torque test,PASS_DIGITAL"", ""line"": 6, ""path"": ""exports/fabrication/interface_catalog.csv"", ""sha256"": ""2b553443b200a80ce3c87f0d11d3b2c737f26886a3339e6a1fe70be66267b6dc""}, {""commit"": """", ""excerpt"": ""- 중요공차/검사: continuous Ø25 h6 =24.987-25.000 across 61905 journals, cutter land and gear/hub land; overall240.0 +/-0.10; TIR<=0.05; all keyway centreplanes clocked25.714 +/-0.02 deg; 6.005-6.010 keyways at y=0-35 and85-165 with selected key5.995-6.000; 8.005-8.010 keyway at212-240 with selected key7.995-8.000; install driven shaft at Y258"", ""line"": 8, ""path"": ""exports/cnc/CUT-05R/drawing_notes.md"", ""sha256"": ""073554abc43881991e5d3f3d36cbbb714d8abdf1a9d50896e05a41af0207b73e""}, {""commit"": """", ""excerpt"": ""- controlling requirements: `bore Ø25.01 +0.02/0 after received CUT-05R measurement; matched keyway6.005-6.010; 4xØ6.6 PCD36.00±0.05; match-drill a standard #35 30T blank, face>=6, to the hub; assembled tooth-root radial TIR <=0.10`"", ""line"": 7, ""path"": ""exports/drive_interface/parts/DRV-02/drawing_notes.md"", ""sha256"": ""c638590a73e76d47a8b4077d63b5c99f08e87348cf53b9c5d7cdb575889d66e9""}]",NOT_RUN,PASS
IF-006,DRV-02,#35 30T sprocket blank,match-drilled 4×Ø6.6 PCD36.00±0.05; face≥6; assembled tooth-root TIR≤0.10,0,0.1,mm,match-drilled 4×Ø6.6 PCD36.00±0.05; face≥6; assembled tooth-root TIR≤0.10,hub used as drill jig; assembled tooth-root radial TIR measured over one full revolution =0.000–0.100 mm,face≥6 mm; 4×Ø6.6 PCD36.00±0.05; assembled tooth-root radial TIR0–0.10 mm,0,match-drilled 4×Ø6.6 PCD36.00±0.05; face≥6; assembled tooth-root TIR≤0.10,NOT_SPECIFIED — resolve source finish requirement,"clamp standard #35 30T blank face to DRV-02, indicate tooth-root circle, match-drill four holes, deburr, torque M6×4 to10 N.m",verify face and hole pattern; dial-indicate tooth-root circle through one full revolution after torque,HOLD — no improvised rework,20 °C cold; physical NOT_RUN,final-design-fabrication-closure-v0.8,PASS,0.1,MATCH_DRILLED_ASSEMBLY_AND_TIR_ACCEPTANCE,,current-source review,"[{""commit"": ""f3b1e666c95e5f563c834eea6a080f4ab3f689a1"", ""excerpt"": ""safety-orchestration-closure-v0.6.1,IF-006,DRV-02,#35 driven sprocket,bolt-on sprocket,PCD36 holes,matching PCD36 holes,face contact,PCD ±0.05 mm,ANSI B29.1 #35,bolted hub with prevailing nuts,caliper + torque wrench,radial runout ≤0.20 mm,PASS_DIGITAL"", ""line"": 7, ""path"": ""exports/fabrication/interface_catalog.csv"", ""sha256"": ""2b553443b200a80ce3c87f0d11d3b2c737f26886a3339e6a1fe70be66267b6dc""}, {""commit"": """", ""excerpt"": ""- controlling requirements: `bore Ø25.01 +0.02/0 after received CUT-05R measurement; matched keyway6.005-6.010; 4xØ6.6 PCD36.00±0.05; match-drill a standard #35 30T blank, face>=6, to the hub; assembled tooth-root radial TIR <=0.10`"", ""line"": 7, ""path"": ""exports/drive_interface/parts/DRV-02/drawing_notes.md"", ""sha256"": ""c638590a73e76d47a8b4077d63b5c99f08e87348cf53b9c5d7cdb575889d66e9""}]",NOT_RUN,PASS
IF-007,#35 chain,12T/30T sprockets + DRV-A60,pitch9.525; 40 pitches; calculated C86.167 within slot range81–99; slack2–3%,86.167,86.167,mm,pitch9.525; 40 pitches; calculated C86.167 within slot range81–99; slack2–3%,"ANSI two-sprocket equation for p9.525, z12/30, L40 gives C=86.167 mm; 18 mm chain-direction slots about nominal90 give81–99 mm","calculated C86.0–86.3 lies within slot range; final pitch-plane offset≤0.20/150, slack2–3%, no tight spot in20 hand turns",81,pitch9.525; 40 pitches; calculated C86.167 within slot range81–99; slack2–3%,NOT_SPECIFIED — resolve source finish requirement,"install one #35 40-pitch endless loop; set C≈86.17 in DRV-A60 slots; align pitch planes, set slack, then torque adapter hardware","centre-distance scale check, straightedge/feeler alignment, midspan slack measurement, twenty locked-out hand rotations",HOLD — no improvised rework,20 °C cold; physical NOT_RUN,final-design-fabrication-closure-v0.8,PASS,99,STANDARD_CHAIN_EQUATION_AND_COMPLETE_ASSEMBLY_ACCEPTANCE,,current-source review,"[{""commit"": ""f3b1e666c95e5f563c834eea6a080f4ab3f689a1"", ""excerpt"": ""safety-orchestration-closure-v0.6.1,IF-007,#35 chain,12T/30T or 36T sprockets,roller chain mesh,pitch 9.525 mm,pitch 9.525 mm,2–3% midspan slack,shaft parallelism ≤0.20/150,ANSI B29.1 #35,slotted DRV-01 tension adjustment,straightedge + ruler,hand-turn full revolution under guard-off lockout,PASS_DIGITAL"", ""line"": 8, ""path"": ""exports/fabrication/interface_catalog.csv"", ""sha256"": ""2b553443b200a80ce3c87f0d11d3b2c737f26886a3339e6a1fe70be66267b6dc""}, {""commit"": """", ""excerpt"": ""- controlling requirements: `180 x140 x6; frame holes 4xØ6.6; DRV-A60 tension slots 6.6x18 act along chain centres, giving C=81-99 about nominal90; flatness <=0.5; motor-specific adapter carries motor load`"", ""line"": 7, ""path"": ""exports/drive_interface/parts/DRV-01/drawing_notes.md"", ""sha256"": ""07b3cdac504fa6ba3daf177a270e1f603233b64844508977ca5729b20bffa6f2""}, {""commit"": """", ""excerpt"": ""- controlling requirements: `80 x80 x6; pilot bore Ø32.05–32.10; 4xØ5.50–5.60 PCD45.00±0.05; two 6.6x18 universal slots; accept reference motor pilot Ø31.95–32.00 and PCD44.90–45.10 only`"", ""line"": 7, ""path"": ""exports/drive_interface/parts/DRV-A60/drawing_notes.md"", ""sha256"": ""99bd4bc371f04ffd68a8679162a8a6992c2804b92f5afcdd5904f6f152201ef4""}]",NOT_RUN,PASS
IF-008,TT Motor GMP60-60127-2460 ratio47 reference,DRV-A60/DRV-F01A,pilot31.95–32.00/bore32.05–32.10; shaft11.95–12.00/D-bore12.02–12.05; flat10.85–10.90/10.92–10.95,0.02,0.15,mm,pilot31.95–32.00/bore32.05–32.10; shaft11.95–12.00/D-bore12.02–12.05; flat10.85–10.90/10.92–10.95,pilot diametral clearance0.05–0.15; shaft circle and D-flat clearance0.02–0.10; reported interval spans all controlled gaps,pilot diametral clearance0.05–0.15; shaft circle and flat clearance0.02–0.10; M5 hole/PCD within stated receipt limits; D-flat bearing SF≥2,0,motor pilotØ31.95–32.00 / adapterØ32.05–32.10; shaftØ11.95–12.00 and flat10.85–10.90 / hubØ12.02–12.05 and flat10.92–10.95,pilot bore Ra≤3.2; D-bore Ra≤1.6; deburr all M5 clearance holes,"accept only the released reference limits; orient D-flat, seat pilot, torque 4×M5, install fuse pin; alternate donor requires DRV-Axx/DRV-F01Axx deviation","supplier drawing plus receipt micrometer/CMM; blue-check D-flat, hand fit, assembled TIR and physical Gate-1 later",reject/remake outside limits; no shim or set-screw-only torque path,20°C dimensional digital closure; receipt/Gate-1 physical NOT_RUN; purchase requires user approval,final-design-fabrication-closure-v0.8,PASS,0.15,OFFICIAL_REFERENCE_DRAWING_AND_RECEIPT_LIMIT_CONTRACT,,current-source review,"[{""commit"": ""f3b1e666c95e5f563c834eea6a080f4ab3f689a1"", ""excerpt"": ""safety-orchestration-closure-v0.6.1,IF-008,42GP-775 reference shaft,DRV-A42 adapter,motor shaft adapter,Ø10 class keyed/D-flat; verify variant,donor-specific measured bore,clamping fit; no set-screw-only torque path,adapter released after shaft measurement,supplier drawing controls,split-clamp adapter,micrometer + torque wrench,measure shaft diameter/flat/key and proof against adapter drawing,REFERENCE_VARIANT_VERIFY"", ""line"": 9, ""path"": ""exports/fabrication/interface_catalog.csv"", ""sha256"": ""2b553443b200a80ce3c87f0d11d3b2c737f26886a3339e6a1fe70be66267b6dc""}, {""commit"": """", ""excerpt"": ""- controlling requirements: `80 x80 x6; pilot bore Ø32.05–32.10; 4xØ5.50–5.60 PCD45.00±0.05; two 6.6x18 universal slots; accept reference motor pilot Ø31.95–32.00 and PCD44.90–45.10 only`"", ""line"": 7, ""path"": ""exports/drive_interface/parts/DRV-A60/drawing_notes.md"", ""sha256"": ""99bd4bc371f04ffd68a8679162a8a6992c2804b92f5afcdd5904f6f152201ef4""}, {""commit"": """", ""excerpt"": ""- controlling requirements: `D-bore circle Ø12.02–12.05 and across-flat10.92–10.95 x13; final3 mm round relief; accept motor shaft Ø11.95–12.00/across-flat10.85–10.90; OD20 x16; radial Ø3.2; no set-screw-only torque path`"", ""line"": 7, ""path"": ""exports/drive_interface/parts/DRV-F01A/drawing_notes.md"", ""sha256"": ""ae9507e9d6e20c3200d542340423dca49dc9ef56007afa26a9f6e44231f58ae3""}, {""commit"": """", ""excerpt"": ""명시된 수령 범위 안의 GMP60 기준 변형에 한해 IF-008의 치수·양의 토크 경로는 디지털 `PASS`다. 구매, 수령검사, energization과 Gate-1은 `NOT_RUN/HOLD`다."", ""line"": 49, ""path"": ""docs/final/gmp60_reference_interface_basis_ko.md"", ""sha256"": ""326f4fab855a3978e11ef35f6dbb78a0566910474319d6e69e8d3d1b434e41e8""}]",NOT_RUN,PASS
IF-009,DRV-03/DRV-03R,CUT-05/CUT-05R + selected key,bore25.010-25.020 / shaft24.987-25.000; key7.995-8.000 / ways8.005-8.010,0.01,0.033,mm,bore25.010-25.020 / shaft24.987-25.000; key7.995-8.000 / ways8.005-8.010,gear bore - shaft =0.010–0.033; key side clearance=0.005–0.015 mm,diametral clearance0–0.040 and key side clearance0.005–0.015 mm; TS-03 controls loaded phase,0,bore25.010-25.020 / shaft24.987-25.000; key7.995-8.000 / ways8.005-8.010,NOT_SPECIFIED — resolve source finish requirement,common key + 2xM4 PCD30 clamp + Ø3 h6 dowel per gear,"seven-hook phase sweep, key contact and witness marks",HOLD — no improvised rework,20 °C cold; physical NOT_RUN,final-design-fabrication-closure-v0.8,PASS,0.04,DRAWING_OPPOSITE_LIMITS,,current-source review,"[{""commit"": ""f3b1e666c95e5f563c834eea6a080f4ab3f689a1"", ""excerpt"": ""safety-orchestration-closure-v0.6.1,IF-009,DRV-03 keyed phase gear pair,CUT-05 shafts,phase synchronization and torque path,M3 Z16 20° face≥18; Ø20.2 + 6.2 keyway,Ø20 h6 shaft + common 6×6 key; centre distance 48.00,keyed torque path; backlash 0.15–0.35 mm target,centre distance ±0.03 mm; keyway width +0.10/0,ISO 54 involute module; DIN 6885/KS B 1311 key,common key + 2xM4 PCD30 clamp + Ø3 h6 dowel per gear,feeler/indicator + blue check,\""seven-hook phase sweep, key contact and witness marks\"",PASS_DIGITAL"", ""line"": 10, ""path"": ""exports/fabrication/interface_catalog.csv"", ""sha256"": ""2b553443b200a80ce3c87f0d11d3b2c737f26886a3339e6a1fe70be66267b6dc""}, {""commit"": """", ""excerpt"": ""- controlling requirements: `M3 Z16 20 degree; face18; assembled pair tangential backlash 0.120-0.140 over one full mesh rotation at 20 +/-2 C; bore Ø25.01 +0.01/0; matched 8.005-8.010 keyway at datum0 deg; root fillet R1 minimum; 2xM4 clearance + 1xØ3 H7 inspection/clocking holes; full34 N.m CalculiX screen`"", ""line"": 7, ""path"": ""exports/drive_interface/parts/DRV-03/drawing_notes.md"", ""sha256"": ""29707f6e163aaa9bb2e1098af15feae1358b095d79e249b68d132c80bc1f1002""}, {""commit"": """", ""excerpt"": ""- controlling requirements: `same tooth form and full-rotation pair backlash acceptance as DRV-03; matched 8.005-8.010 keyway clocked14.464 +/-0.02 deg from tooth datum so installed tooth phase11.25 deg matches CUT-05R key datum25.714 deg`"", ""line"": 7, ""path"": ""exports/drive_interface/parts/DRV-03R/drawing_notes.md"", ""sha256"": ""eac6107619dd6f11a6c476590e0c580100b39cc264174d76e78bbbd057a5d0d0""}, {""commit"": """", ""excerpt"": ""- 중요공차/검사: continuous Ø25 h6 =24.987-25.000 across 61905 journals, cutter land and gear/hub land; overall240.0 +/-0.10; TIR<=0.05; 6.005-6.010 keyways at y=0-35 and55-160 with selected key5.995-6.000; 8.005-8.010 keyway at195-240 with selected key7.995-8.000; datum clock0 deg; install slave shaft at Y278"", ""line"": 8, ""path"": ""exports/cnc/CUT-05/drawing_notes.md"", ""sha256"": ""b8c1d480c8c503a81afc964e7ffc29643a6e3c1bfd2e5a5d3b7fa23c2eadb0fe""}, {""commit"": """", ""excerpt"": ""- 중요공차/검사: continuous Ø25 h6 =24.987-25.000 across 61905 journals, cutter land and gear/hub land; overall240.0 +/-0.10; TIR<=0.05; all keyway centreplanes clocked25.714 +/-0.02 deg; 6.005-6.010 keyways at y=0-35 and85-165 with selected key5.995-6.000; 8.005-8.010 keyway at212-240 with selected key7.995-8.000; install driven shaft at Y258"", ""line"": 8, ""path"": ""exports/cnc/CUT-05R/drawing_notes.md"", ""sha256"": ""073554abc43881991e5d3f3d36cbbb714d8abdf1a9d50896e05a41af0207b73e""}]",NOT_RUN,PASS
IF-010,FM-GA-01,SKF 625-2Z,shaft4.992-5.000 / bearing bore4.992-5.000,-0.008,0.008,mm,shaft4.992-5.000 / bearing bore4.992-5.000,625 bore opposite limit - FM-GA-01 shaft opposite limit = -0.008–+0.008 mm,diametral transition fit -0.008–+0.008 mm; receipt gauge and free-rotation check required,-0.008,shaft4.992-5.000 / bearing bore4.992-5.000,NOT_SPECIFIED — resolve source finish requirement,inner rings located by metal collars,free rotation without axial preload,HOLD — no improvised rework,20 °C cold; physical NOT_RUN,final-design-fabrication-closure-v0.8,PASS,0.008,SKF_NORMAL_AND_H6_LIMITS,,current-source review,"[{""commit"": ""f3b1e666c95e5f563c834eea6a080f4ab3f689a1"", ""excerpt"": ""safety-orchestration-closure-v0.6.1,IF-010,FM-GA-01 fixed axle,625-2RS x2,guide bearing inner-ring fit,Ø5 h6,ID Ø5,transition/slip per received bearing,shaft 0/-0.008 mm,625-2RS 5×16×5,inner rings located by metal collars,micrometer,free rotation without axial preload,PASS_DIGITAL"", ""line"": 11, ""path"": ""exports/fabrication/interface_catalog.csv"", ""sha256"": ""2b553443b200a80ce3c87f0d11d3b2c737f26886a3339e6a1fe70be66267b6dc""}, {""commit"": """", ""excerpt"": ""- controlling requirements: `Ø5 h6=4.992-5.000 x30; SKF625-2Z bore4.992-5.000; two E-clips/collars outside PPR-C08; bearing inner-ring clamp must not preload outer rings; no printed axle`"", ""line"": 7, ""path"": ""exports/fabrication/parts/FM-GA-01/drawing_notes.md"", ""sha256"": ""1407b8b6009de02e16bb37373d108a9dcc55e7d185dc0f3d8733aaeda29185e1""}, {""commit"": """", ""excerpt"": ""- 625 보어 한계: 4.992–5.000 mm; 외륜 한계: 15.992–16.000 mm; 폭 한계: 4.880–5.000 mm."", ""line"": 8, ""path"": ""docs/final/625_6001_interface_basis_ko.md"", ""sha256"": ""1971287a63798164a55347badec00e2076558aebdd633b726e497454da0413c0""}]",NOT_RUN,PASS
IF-011,SKF 625-2Z,FM-GR-01/FM-GC-01,bearingOD15.992-16.000 / seat16.000-16.018 H7; pocket5.10 / width4.880-5.000; cap bore15.00-15.10,0,0.096,mm,bearingOD15.992-16.000 / seat16.000-16.018 H7; pocket5.10 / width4.880-5.000; cap bore15.00-15.10,23°C clearance=0.000–0.026; at60°C add (130−12)e-6×16×37=0.0699; bound=0.000–0.096 mm; pocket−width=0.100–0.220; cap overlap=0.446–0.500,23–60°C diametral clearance0–0.100; axial clearance0.10–0.22; outer-ring overlap≥0.44; assembled roller TIR≤0.10 and no outer-ring creep,0,seat16.000–16.018 H7 x5.10; bearingOD15.992–16.000 x width4.880–5.000; cap bore15.00–15.10; cap recess1.05,seat Ra≤1.6 and shoulder square≤0.05; cap flatness≤0.05 and bearing face burr-free,press outer ring only into each pocket; fit two flush FM-GC-01 caps with SYS-14 balanced through-bolts; do not clamp shields or inner rings,"23±2°C bore/depth/OD gauges; cap blue-check on outer-ring edge only; dial-indicate roller, free-rotate, then witness-mark and check creep","reject/remachine if limits miss; no adhesive, printed cap or improvised washer",23–60°C calculation using POM-C CLTE13e-5/K and bearing-steel bound12e-6/K; physical hot rotation NOT_RUN,final-design-fabrication-closure-v0.8,PASS,0.1,SKF_NORMAL_H7_POM_THERMAL_BOUND_AND_POSITIVE_RETAINER,,current-source review,"[{""commit"": ""f3b1e666c95e5f563c834eea6a080f4ab3f689a1"", ""excerpt"": ""safety-orchestration-closure-v0.6.1,IF-011,625-2RS x2,FM-GR-01 guide roller,guide bearing outer seats,OD Ø16,2× Ø16 H7 ×5.1 deep,0/+0.018 mm bore allowance,seat +0/+0.018 mm,ISO 286-2,press outer ring only into turned roller,small arbor press + bore gauge,seat depth and shoulder squareness,PASS_DIGITAL"", ""line"": 12, ""path"": ""exports/fabrication/interface_catalog.csv"", ""sha256"": ""2b553443b200a80ce3c87f0d11d3b2c737f26886a3339e6a1fe70be66267b6dc""}, {""commit"": """", ""excerpt"": ""- controlling requirements: `OD36 x20; 2x Ø32 x1.05 cap recesses; 2x Ø16 H7 x5.10 bearing pockets from cap inner faces; Ø12 through relief; 3xØ3.4 PCD26 through; seat shoulders square0.05; polished Ra<=1.6`"", ""line"": 7, ""path"": ""exports/fabrication/parts/FM-GR-01/drawing_notes.md"", ""sha256"": ""fccf37d860afae67000cf3ef54eddc62623d3abefe3b4cee91cc2f1edfb2d78f""}, {""commit"": """", ""excerpt"": ""- controlling requirements: `Ø32 x1; bore Ø15.00 +0.10/0 gives outer-ring radial overlap0.446-0.500; 3xØ3.4 PCD26; flatness0.05; bearing face burr-free; install flush in FM-GR-01 recess`"", ""line"": 7, ""path"": ""exports/fabrication/parts/FM-GC-01/drawing_notes.md"", ""sha256"": ""9c86f9cc3e8dfc3e9cedb2cbb4d582cebff80e49ce12de9907a1addb7fec03c7""}, {""commit"": """", ""excerpt"": ""- 625 보어 한계: 4.992–5.000 mm; 외륜 한계: 15.992–16.000 mm; 폭 한계: 4.880–5.000 mm."", ""line"": 8, ""path"": ""docs/final/625_6001_interface_basis_ko.md"", ""sha256"": ""1971287a63798164a55347badec00e2076558aebdd633b726e497454da0413c0""}]",NOT_RUN,PASS
IF-012,FM-GA-01,PPR-C08 ×2,shaft4.992-5.000 / finished bores5.20-5.40; loose T-slot alignment,0.2,0.408,mm,shaft4.992-5.000 / finished bores5.20-5.40; loose T-slot alignment,finished bore opposite limit - h6 axle opposite limit =0.200–0.408 mm,0.180–0.450 mm diametral clearance; one axle passes both aligned brackets by hand without visible bending,0.18,shaft4.992-5.000 / finished bores5.20-5.40; loose T-slot alignment,NOT_SPECIFIED — resolve source finish requirement,leave both T-slot brackets loose; pass the finished axle through both; torque each bracket to2.0 N.m while axle remains free,plug/bore gauge each bracket; complete-pair hand-pass and roller free-rotation check,HOLD — no improvised rework,20 °C cold; physical NOT_RUN,final-design-fabrication-closure-v0.8,PASS,0.45,COMPLETE_ASSEMBLY_FUNCTIONAL_ACCEPTANCE,,current-source review,"[{""commit"": ""f3b1e666c95e5f563c834eea6a080f4ab3f689a1"", ""excerpt"": ""safety-orchestration-closure-v0.6.1,IF-012,FM-GA-01,PPR-C08 x2,fixed axle support,Ø5 h6,Ø5.2 printed/reamed,0.20–0.41 mm diametral clearance,bore +0.20/0 after coupon,project printed clearance,axle collars outside brackets,Ø5.2 reamer + hex key,axle passes both brackets without bending,PASS_DIGITAL"", ""line"": 13, ""path"": ""exports/fabrication/interface_catalog.csv"", ""sha256"": ""2b553443b200a80ce3c87f0d11d3b2c737f26886a3339e6a1fe70be66267b6dc""}, {""commit"": """", ""excerpt"": ""- controlling requirements: `Ø5 h6=4.992-5.000 x30; SKF625-2Z bore4.992-5.000; two E-clips/collars outside PPR-C08; bearing inner-ring clamp must not preload outer rings; no printed axle`"", ""line"": 7, ""path"": ""exports/fabrication/parts/FM-GA-01/drawing_notes.md"", ""sha256"": ""1407b8b6009de02e16bb37373d108a9dcc55e7d185dc0f3d8733aaeda29185e1""}, {""commit"": """", ""excerpt"": ""        dict(id=\""PPR-C08\"", name=\""Solid-strand guide axle bracket\"", shape=bracket, qty=2, material=\""PLA\"", orientation=\""L side\"", layer=\""0.20 mm\"", walls=5, infill=\""40%\"", support=\""yes under axle bore\"", support_contact=\""Ø5.2 axle-bore lower semicircle\"", support_removal=\""ream both bores to Ø5.20–5.40 after support removal\"", fastener=\""2x M5x16 + washer + T-nut\"", insert=\""none\"", tightening=\""2.0 N.m\"", tolerance=\""finished bore Ø5.20–5.40; align both loose T-slot brackets on the same axle before 2.0 N.m torque; axle shall pass by hand without visible bending\"", mating=\""FM-GA-01 fixed Ø5 axle and profile; 625 bearings are seated in FM-GR-01\"", order=16, edge_distance=\""15 mm hole centre\"", interfaces=\""2x Ø5.5 base holes; Ø5.20–5.40 fixed-axle bore; complete-pair hand-pass alignment\""),"", ""line"": 815, ""path"": ""cad/freecad/compact/geometry.py"", ""sha256"": ""ca7867a5a50cb0fdb74387e8e8fe7b5b619102e2fed90c52fba5cb227de6fde7""}]",NOT_RUN,PASS
IF-013,FM-RL-01 roller pair,FM-EB-01/FM-PL-01,1.80 nominal unloaded gap,1.6,1.9,mm,outer-seat centres40.80; eccentric offset1.00±0.02; full-rotation functional acceptance,"adjust paired eccentric bushes equally, then measure the complete rotation",1.6 ≤ 1.80 nominal unloaded gap ≤ 1.9 mm,1.6,Ø16 H7/g6 eccentric bush; paired index≤0.5°,roller TIR≤0.05,set both metal bushes under lockout; clamp M3,feeler sweep over one full rotation,continuous ±30° eccentric adjustment; no printed shim,20±2 °C,final-design-fabrication-closure-v0.8,PASS,1.9,DERIVED_LIMITS,,compatibility alias for TS-10; not extra mating coverage,"[{""commit"": ""f3b1e666c95e5f563c834eea6a080f4ab3f689a1"", ""excerpt"": ""safety-orchestration-closure-v0.6.1,IF-013,FM-AX-01,FM-RL-01/FM-PL-01,puller spindle,Ø8 h6,Ø8.2 bores,0.20–0.42 mm diametral clearance,matched plate axes ±0.05 mm,internal project fit,metal collars; donor drive one spindle,micrometer + pin gauge,roller TIR ≤0.05 mm,PASS_DIGITAL"", ""line"": 14, ""path"": ""exports/fabrication/interface_catalog.csv"", ""sha256"": ""2b553443b200a80ce3c87f0d11d3b2c737f26886a3339e6a1fe70be66267b6dc""}, {""commit"": """", ""excerpt"": ""- controlling requirements: `finished OD40.00 ±0.025 x60; bore Ø8.2; TIR <=0.05; Shore A 50-70 sleeve; matched OD within 0.05`"", ""line"": 7, ""path"": ""exports/fabrication/parts/FM-RL-01/drawing_notes.md"", ""sha256"": ""a9ee1a3297f4d48719c223958e83d77b34ab2dfc7b106f3420c918fc66abd64e""}, {""commit"": """", ""excerpt"": ""- controlling requirements: `OD16 g6 x10; flange Ø24 x3; bore Ø8.20 +0.05/0 offset1.00 ±0.02; 2x3.4x10 flange slots at radius9; install paired bushes at equal index within0.5°; set full-rotation unloaded roller gap1.60-1.90 then clamp 2xM3 per bush`"", ""line"": 7, ""path"": ""exports/fabrication/parts/FM-EB-01/drawing_notes.md"", ""sha256"": ""20641707981d536ba70812ba6347942f2037b8138403304aae7b46854cbd28ef""}, {""commit"": """", ""excerpt"": ""- controlling requirements: `100 x10 x40; fixed axle Ø8.2 at X29.10/Z20; adjustable bush seat Ø16 H7 at X69.90/Z20; 2xM3-6H blind7 at X69.90/Z11/29 from marked outer face; installed axes X29.10/X70.90 give gap1.80 and nip X50.00 local; 4xØ4.5 guard mounts; matched pair axis position ±0.05`"", ""line"": 7, ""path"": ""exports/fabrication/parts/FM-PL-01/drawing_notes.md"", ""sha256"": ""bc36dfcacf5739e6b9fc937e357a87c77778bf04080f58511f90828d22960ef8""}]",NOT_RUN,PASS
IF-014,SP-AX-01,SP-DA-01/SP-RL-01/SP-DS-01,shaft7.991-8.000 / bores8.200-8.250; motion±25deg,0.2,0.259,mm,shaft7.991-8.000 / bores8.200-8.250; motion±25deg,reamed bore opposite limit - h6 axle opposite limit =0.200–0.259 mm,diametral running clearance0.180–0.300 mm and free motion under0.2–1.0 N filament tension,0.18,shaft7.991-8.000 / bores8.200-8.250; motion±25deg,NOT_SPECIFIED — resolve source finish requirement,metal collars,full -25…+25° sweep free,HOLD — no improvised rework,20 °C cold; physical NOT_RUN,final-design-fabrication-closure-v0.8,PASS,0.3,DRAWING_OPPOSITE_LIMITS,,current-source review,"[{""commit"": ""f3b1e666c95e5f563c834eea6a080f4ab3f689a1"", ""excerpt"": ""safety-orchestration-closure-v0.6.1,IF-014,SP-AX-01,SP-DA-01/SP-RL-01,dancer pivot/roller axle,Ø8 h6,Ø8.2,0.20–0.42 mm diametral clearance,bore +0.05/0,internal project fit,metal collars,micrometer + pin gauge,full -25…+25° sweep free,PASS_DIGITAL"", ""line"": 15, ""path"": ""exports/fabrication/interface_catalog.csv"", ""sha256"": ""2b553443b200a80ce3c87f0d11d3b2c737f26886a3339e6a1fe70be66267b6dc""}, {""commit"": """", ""excerpt"": ""- controlling requirements: `Diameter 7.991-8.000; length 38 +/-0.10; ends C0.2; shaft straightness <=0.05; retain with two SP-SC-08 collars; endplay 0.10-0.30 after adjustment; collar torque and axial slip proof HOLD`"", ""line"": 7, ""path"": ""exports/fabrication/parts/SP-AX-01/drawing_notes.md"", ""sha256"": ""a323480cdffe9ffe8e4a0d5624fbfd042b04b4865cac77d33b40a77c142b0c69""}, {""commit"": """", ""excerpt"": ""- controlling requirements: `100 mm pivot centres; 12 mm arm; 2xØ8.20 +0.05/0; edge R2; full -25..+25deg motion`"", ""line"": 7, ""path"": ""exports/fabrication/parts/SP-DA-01/drawing_notes.md"", ""sha256"": ""e81f49642572e88489d5955035c2ce4b2fbab888ee77c24001c4a0e28a35485a""}, {""commit"": """", ""excerpt"": ""- controlling requirements: `OD20 x20; bore Ø8.20 +0.05/0; diametral axle clearance0.20-0.259; free rotation under 0.2-1.0 N filament tension`"", ""line"": 7, ""path"": ""exports/fabrication/parts/SP-RL-01/drawing_notes.md"", ""sha256"": ""2c5dd5cf37030274f49f296693edd02621ea70d2a15aee8e4d452f2d0cdc8fce""}, {""commit"": """", ""excerpt"": ""- controlling requirements: `36 x8 x80; pivot Ø8.20 +0.05/0 at X18/Z45; 2xØ5.5 foot mounts; metal support carries spring/tension load`"", ""line"": 7, ""path"": ""exports/fabrication/parts/SP-DS-01/drawing_notes.md"", ""sha256"": ""8456524f47d1d1b4159d7ab3f7ca379f06f764e505c3952735c20dc9fef2e8cd""}]",NOT_RUN,PASS
IF-015,2× Ø8 h6 ground steel rods,PPR-C10/SP-TR-01,rods7.991-8.000 / carriage8.40-8.50 / end plates8.20-8.30,0.2,0.509,mm,rods7.991-8.000 / carriage8.40-8.50 / end plates8.20-8.30,end-plate clearance0.200–0.309; carriage clearance0.400–0.509 mm,end-plate diametral clearance0.180–0.350; carriage0.350–0.550; TS-12 controls pair parallelism,0.18,rods7.991-8.000 / carriage8.40-8.50 / end plates8.20-8.30,NOT_SPECIFIED — resolve source finish requirement,match-ream both metal end plates on the two h6 rods; install carriage before final end-plate torque,micrometer rods; plug/bore gauge; dial-indicator parallelism and full-stroke hand traverse,HOLD — no improvised rework,20 °C cold; physical NOT_RUN,final-design-fabrication-closure-v0.8,PASS,0.55,DRAWING_OPPOSITE_LIMITS_AND_PAIR_ALIGNMENT,,current-source review,"[{""commit"": ""f3b1e666c95e5f563c834eea6a080f4ab3f689a1"", ""excerpt"": ""safety-orchestration-closure-v0.6.1,IF-015,donor traverse rods,PPR-C10,linear slide,Ø8 measured,Ø8.4 printed/reamed,0.40 mm nominal diametral clearance,selected by PPR-TC01 coupon,donor measurement,parallel rods + GT2 belt clamp,caliper + straightedge,80 mm stroke without bind,PASS_DIGITAL"", ""line"": 16, ""path"": ""exports/fabrication/interface_catalog.csv"", ""sha256"": ""2b553443b200a80ce3c87f0d11d3b2c737f26886a3339e6a1fe70be66267b6dc""}, {""commit"": """", ""excerpt"": ""        dict(id=\""PPR-C10\"", name=\""Traverse carriage\"", shape=carriage, qty=1, material=\""PLA\"", orientation=\""flat\"", layer=\""0.20 mm\"", walls=5, infill=\""40%\"", support=\""rod bores only\"", support_contact=\""two Ø8.4 rod-bores\"", support_removal=\""ream rod bores to Ø8.40–8.50 and belt-clamp holes to Ø4.50–4.70\"", fastener=\""2x M4x25 belt-clamp screws + washers + nyloc\"", insert=\""none\"", tightening=\""1.2 N.m\"", tolerance=\""finished rod bores Ø8.40–8.50; finished clamp holes Ø4.50–4.70; use two Ø8 h6=7.991–8.000 ground steel rods\"", mating=\""specified Ø8 h6 rods and GT2 belt\"", order=19, edge_distance=\""8 mm from belt-pad edge\"", interfaces=\""40x55 carriage; rod bores8.40-8.50; clamp holes4.50-4.70 at local X13/27 Y27.5; Y travel80 parallel to spindle\""),"", ""line"": 817, ""path"": ""cad/freecad/compact/geometry.py"", ""sha256"": ""ca7867a5a50cb0fdb74387e8e8fe7b5b619102e2fed90c52fba5cb227de6fde7""}, {""commit"": """", ""excerpt"": ""- controlling requirements: `8x60x132; stem14x84; rod bores8.20-8.30 at local Y10/35 Z114; M5 holes5.5 at Y7 Z8/32; two SP-TG-01 rods8 h6 x196; four SP-SC-08 collars outside support plates; parallelism<=0.10 over support spacing; spindle-parallel Y axis; four M5x16 plus received washer/T-nut; received collar torque/anti-slip test and bracket/joint proof HOLD`"", ""line"": 7, ""path"": ""exports/fabrication/parts/SP-TR-01/drawing_notes.md"", ""sha256"": ""a1d1591a7d9b2fe656ef1e12d53c919a415518a2f02fc32cc9c0aa09daac87ff""}]",NOT_RUN,PASS
IF-016,SP-SH-01,SKF 6001-2RSH,shaft11.989-12.000 / bearing bore11.992-12.000,-0.008,0.011,mm,shaft11.989-12.000 / bearing bore11.992-12.000,6001 bore opposite limit - SP-SH-01 shaft opposite limit = -0.008–+0.011 mm,diametral transition fit -0.008–+0.011 mm; receipt gauge and free-rotation check required,-0.008,shaft11.989-12.000 / bearing bore11.992-12.000,NOT_SPECIFIED — resolve source finish requirement,inner-ring collars,full-spool runout check,HOLD — no improvised rework,20 °C cold; physical NOT_RUN,final-design-fabrication-closure-v0.8,PASS,0.011,SKF_NORMAL_AND_H6_LIMITS,,current-source review,"[{""commit"": ""f3b1e666c95e5f563c834eea6a080f4ab3f689a1"", ""excerpt"": ""safety-orchestration-closure-v0.6.1,IF-016,SP-SH-01,6001-2RS x2,spool bearing inner fit,Ø12 h6,ID Ø12,transition/slip per received bearing,shaft 0/-0.011 mm,6001-2RS 12×28×8,inner-ring collars,micrometer,full-spool runout check,PASS_DIGITAL"", ""line"": 17, ""path"": ""exports/fabrication/interface_catalog.csv"", ""sha256"": ""2b553443b200a80ce3c87f0d11d3b2c737f26886a3339e6a1fe70be66267b6dc""}, {""commit"": """", ""excerpt"": ""- controlling requirements: `Ø12 h6=11.989-12.000 x143; straightness0.05; two SKF6001-2RSH bore11.992-12.000; axial collars carry spool load`"", ""line"": 7, ""path"": ""exports/fabrication/parts/SP-SH-01/drawing_notes.md"", ""sha256"": ""357622abbeebf22825350ce4784661fc331a5bf79568206db6453740fed891db""}, {""commit"": """", ""excerpt"": ""- 6001 보어 한계: 11.992–12.000 mm; 외륜 한계: 27.991–28.000 mm; 폭 한계: 7.880–8.000 mm."", ""line"": 9, ""path"": ""docs/final/625_6001_interface_basis_ko.md"", ""sha256"": ""1971287a63798164a55347badec00e2076558aebdd633b726e497454da0413c0""}]",NOT_RUN,PASS
IF-017,SKF 6001-2RSH,SP-BP-01/SP-BR-01,bearingOD27.991-28.000 / seat28.000-28.021 H7; pocket8.05-8.10 / bearing width7.880-8.000; retainer relief26.00-26.10,0,0.03,mm,bearingOD27.991-28.000 / seat28.000-28.021 H7; pocket8.05-8.10 / bearing width7.880-8.000; retainer relief26.00-26.10,seat−OD=0.000–0.030 mm; pocket−width=0.050–0.220 mm axial clearance; retainer radial overlap=0.9455–1.000 mm,diametral clearance0–0.036; axial clearance0.05–0.22; outer-ring overlap≥0.90 mm; no seal/inner-ring contact,0,seat28.000–28.021 H7 x8.05–8.10; bearingOD27.991–28.000 x width7.880–8.000; retainer relief26.00–26.10,seat Ra≤1.6 and shoulder square≤0.05; retainer flatness≤0.10 and bearing-side burr-free,press outer ring only into marked-face pocket against integral shoulder; fit SP-BR-01 with SYS-13 cross pattern; do not shim away axial clearance,bore/depth gauge and micrometer; blue-check retainer only on outer-ring edge; axial push/pull and free-rotation check,reject/remachine if limits miss; no printed retainer or improvised washer,20 °C cold; physical NOT_RUN,final-design-fabrication-closure-v0.8,PASS,0.036,SKF_NORMAL_H7_POCKET_AND_POSITIVE_RETAINER,,current-source review,"[{""commit"": ""f3b1e666c95e5f563c834eea6a080f4ab3f689a1"", ""excerpt"": ""safety-orchestration-closure-v0.6.1,IF-017,6001-2RS,SP-BP-01,spool bearing outer support,OD Ø28,Ø28.2 through + metal retainer,0.20 mm diametral service clearance,bore +0.05/0,6001-2RS,metal washer/clip captures outer ring,bore gauge + torque wrench,outer ring cannot escape; rotates freely,PASS_DIGITAL"", ""line"": 18, ""path"": ""exports/fabrication/interface_catalog.csv"", ""sha256"": ""2b553443b200a80ce3c87f0d11d3b2c737f26886a3339e6a1fe70be66267b6dc""}, {""commit"": """", ""excerpt"": ""- controlling requirements: `105 x10 x60; bearing centre X30/Z30; Ø28.000–28.021 H7 x8.05–8.10 pocket from marked inner face; Ø26 through relief leaves 1.95–2.00 shoulder; 4xØ5.5 retainer + 2xØ5.5 profile tab; matched axis position ±0.05`"", ""line"": 7, ""path"": ""exports/fabrication/parts/SP-BP-01/drawing_notes.md"", ""sha256"": ""f7b00959399ebde26c4afef7e7dbb356b6d495670aee2aeda49032f9ea414a54""}, {""commit"": """", ""excerpt"": ""- controlling requirements: `54 x2 x54; Ø26.0 +0.10/0 relief gives 0.95–1.00 radial outer-ring overlap; 4xØ5.5 at 44 mm square; flatness0.10; burr away from bearing; use 4x M5 with SP-BP-01`"", ""line"": 7, ""path"": ""exports/fabrication/parts/SP-BR-01/drawing_notes.md"", ""sha256"": ""e149782be376687dac7c4946da549a4f53a4d89d208b7d5fea04fc243ade2582""}, {""commit"": """", ""excerpt"": ""- 6001 보어 한계: 11.992–12.000 mm; 외륜 한계: 27.991–28.000 mm; 폭 한계: 7.880–8.000 mm."", ""line"": 9, ""path"": ""docs/final/625_6001_interface_basis_ko.md"", ""sha256"": ""1971287a63798164a55347badec00e2076558aebdd633b726e497454da0413c0""}]",NOT_RUN,PASS
IF-018,PPR-C09,SP-SH-01/received spool,finished bore12.20-12.40 / shaft11.989-12.000; M6 through clamp,0.2,0.411,mm,finished bore12.20-12.40 / shaft11.989-12.000; M6 through clamp,finished adapter bore opposite limit - h6 spindle opposite limit =0.200–0.411 mm,0.180–0.450 mm diametral clearance; M6 clamp prevents slip and metal collar carries axial load,0.18,finished bore12.20-12.40 / shaft11.989-12.000; M6 through clamp,NOT_SPECIFIED — resolve source finish requirement,"ream, slide onto spindle, seat against metal collar, then torque M6 through clamp to2.5 N.m",plug/bore gauge; hand slide before clamp; witness-mark and verify no adapter slip after clamp,HOLD — no improvised rework,20 °C cold; physical NOT_RUN,final-design-fabrication-closure-v0.8,PASS,0.45,DRAWING_OPPOSITE_LIMITS_AND_CLAMP,,current-source review,"[{""commit"": ""f3b1e666c95e5f563c834eea6a080f4ab3f689a1"", ""excerpt"": ""safety-orchestration-closure-v0.6.1,IF-018,PPR-C09,SP-SH-01,spool cone,Ø12.2 printed bore,Ø12 h6 spindle,0.20–0.41 mm diametral clearance,coupon-selected,project printed clearance,M6 cross clamp; metal collar bears axial load,reamer + hex key,adapter slides and clamps without split,PASS_DIGITAL"", ""line"": 19, ""path"": ""exports/fabrication/interface_catalog.csv"", ""sha256"": ""2b553443b200a80ce3c87f0d11d3b2c737f26886a3339e6a1fe70be66267b6dc""}, {""commit"": """", ""excerpt"": ""        dict(id=\""PPR-C09\"", name=\""Spool cone adapter\"", shape=adapter, qty=2, material=\""PLA\"", orientation=\""large face down\"", layer=\""0.20 mm\"", walls=5, infill=\""35%\"", support=\""no\"", support_contact=\""none\"", support_removal=\""ream spindle bore to Ø12.20–12.40\"", fastener=\""1x M6x30 through clamp + washer + nyloc\"", insert=\""none; metal shaft collar carries axial load\"", tightening=\""2.5 N.m\"", tolerance=\""finished spindle bore Ø12.20–12.40; diametral clearance0.20–0.411 to Ø12 h6; cone-to-received-spool contact is separately selected\"", mating=\""12 mm metal spindle, metal collar, and received spool\"", order=18, edge_distance=\""radial cross-hole at z=10\"", interfaces=\""Ø12.20–12.40 axial bore; Ø6.6 radial through clamp; metal collar carries axial load\""),"", ""line"": 816, ""path"": ""cad/freecad/compact/geometry.py"", ""sha256"": ""ca7867a5a50cb0fdb74387e8e8fe7b5b619102e2fed90c52fba5cb227de6fde7""}, {""commit"": """", ""excerpt"": ""- controlling requirements: `Ø12 h6=11.989-12.000 x143; straightness0.05; two SKF6001-2RSH bore11.992-12.000; axial collars carry spool load`"", ""line"": 7, ""path"": ""exports/fabrication/parts/SP-SH-01/drawing_notes.md"", ""sha256"": ""357622abbeebf22825350ce4784661fc331a5bf79568206db6453740fed891db""}]",NOT_RUN,PASS
IF-019,EX-SCR-01,EX-BAR-01,radial cold clearance,0.14,0.16,mm,bore ID 16.20 +0.02/0; flight OD 15.92 -0.02/0,(ID limit − OD opposite limit) / 2,0.14 ≤ radial cold clearance ≤ 0.16 mm,0.14,matched supplier pair,flight/bore Ra≤0.8,matched supplier pair,micrometer + 3-point bore gauge at three stations,reject or finish-hone; no printed shim,20 °C cold,final-design-fabrication-closure-v0.8,PASS,0.16,DERIVED_LIMITS,,compatibility alias for TS-05; not extra mating coverage,"[{""commit"": ""f3b1e666c95e5f563c834eea6a080f4ab3f689a1"", ""excerpt"": ""safety-orchestration-closure-v0.6.1,IF-019,EX-SCR-01 flight OD,EX-BAR-01 bore,screw radial clearance,Ø15.92 -0.02/0,Ø16.20 +0.02/0,0.14–0.16 mm radial,matched three-station report,RFQ drawing,matched supplier pair,micrometer + three-point bore gauge,B+20/B+140/B+260 clearance report,PASS_DIGITAL"", ""line"": 20, ""path"": ""exports/fabrication/interface_catalog.csv"", ""sha256"": ""2b553443b200a80ce3c87f0d11d3b2c737f26886a3339e6a1fe70be66267b6dc""}, {""commit"": """", ""excerpt"": ""- controlling requirements: `total 316.00; active 256.00; OD 15.92 -0.02/0; RH pitch 16.00; land 1.60; Datum A axis from Ø12 h6 drive and Ø15 h6 x11 thrust-bearing seat; integral Ø23.00 +0.05/0 x9 shaft-washer abutment, face runout0.03 to A; full part HOLD material/process`"", ""line"": 7, ""path"": ""exports/cnc/extruder/parts/EX-SCR-01/drawing_notes.md"", ""sha256"": ""d55e22134441cbeea2b6fb2cc6b32932d20378984c157e8e9a72fb881699eab4""}, {""commit"": """", ""excerpt"": ""- controlling requirements: `L280; ID16.20 +0.02/0 honed; OD34 -0.03/0 ground; rear shoulder Ø44 -0.05/0 x8 +/-0.02, feed flat X16; face runout0.03 to Datum D; 4xM4-6H depth8 PCD26; 2xØ3 H7 locating holes PCD26 at0/180 deg, position Ø0.02 to D, selected Ø3 m6 dowels; 3xØ3.20 +0.05/0 flat-bottom blind5.40 +/-0.05 at B+95/170/245; 2xM3-6H depth4 at axial pitch10 around each sensor; sensor position0.05 to D, perpendicularity0.10/5.5; conservative ligament3.345 >=3.32; thread ligament outer/inner>=2.0/2.9; B rear face/C front face/D bore axis; HOLD material/process`"", ""line"": 7, ""path"": ""exports/cnc/extruder/parts/EX-BAR-01/drawing_notes.md"", ""sha256"": ""4814d0fbf1d00eab886da724fe66ccc613536eaf909013384aefe41d0c0bffa5""}]",NOT_RUN,PASS
IF-020,EX-SCR-01 thrust seat/shoulder,NSK 51102/EX-THR-01,seat14.982-15.000 / shoulder23.00-23.05; bearing15×28×9; pocket28.30-28.35×9.10-9.15,0.3,0.35,mm,seat14.982-15.000 / shoulder23.00-23.05; bearing15×28×9; pocket28.30-28.35×9.10-9.15,plate pocket - bearing OD =0.300–0.350 mm diametral; shaft abutment minimum23.00 mm; housing abutment17.20 mm,housing diametral clearance>0.25 mm; shaft abutment≥23 mm; housing abutment≤20 mm; shim-set loaded-direction endplay0.05–0.15 mm,0.25,Ø15 h6 x11 seat; Ø23.00–23.05 x9 shaft shoulder; pocketØ28.30–28.35 x9.10–9.15; 0.05–0.30 steel shim selection,seat/pocket Ra≤1.6; both abutment faces square≤0.03 to Datum A; fillet≤R0.3,fit shaft washer against integral shoulder; cage/housing washer into marked-face pocket; select ground steel shim after bearing-height measurement,micrometer/bore/depth gauge; blue-check both washer ribs; dial-indicator loaded-direction endplay and free hand rotation,0.05–0.30 mm ground steel shim only; reject if target endplay cannot be obtained,20°C dimensional screen; loaded and hot physical checks NOT_RUN; donor motor adapter remains IF-008,final-design-fabrication-closure-v0.8,PASS,0.4,NSK_51102_ABUTMENT_AND_GENERAL_HOUSING_CLEARANCE,,current-source review,"[{""commit"": ""f3b1e666c95e5f563c834eea6a080f4ab3f689a1"", ""excerpt"": ""safety-orchestration-closure-v0.6.1,IF-020,EX-SCR-01 journals,thrust/drive bearings,screw support,Ø12 h6 / Ø15 h6,received bearing IDs,matched transition fit,TIR ≤0.03 mm,RFQ drawing + bearing data,metal thrust stack,micrometer + dial indicator,hand rotation and axial endplay Gate-3,PASS_DIGITAL"", ""line"": 21, ""path"": ""exports/fabrication/interface_catalog.csv"", ""sha256"": ""2b553443b200a80ce3c87f0d11d3b2c737f26886a3339e6a1fe70be66267b6dc""}, {""commit"": """", ""excerpt"": ""- controlling requirements: `total 316.00; active 256.00; OD 15.92 -0.02/0; RH pitch 16.00; land 1.60; Datum A axis from Ø12 h6 drive and Ø15 h6 x11 thrust-bearing seat; integral Ø23.00 +0.05/0 x9 shaft-washer abutment, face runout0.03 to A; full part HOLD material/process`"", ""line"": 7, ""path"": ""exports/cnc/extruder/parts/EX-SCR-01/drawing_notes.md"", ""sha256"": ""d55e22134441cbeea2b6fb2cc6b32932d20378984c157e8e9a72fb881699eab4""}, {""commit"": """", ""excerpt"": ""- controlling requirements: `12 x95 x105; passage Ø17.2; 51102 pocket Ø28.30 +0.05/0 x9.10 +0.05/0 from marked front face; 4xØ6.6; pocket shoulder square0.05 to bore; NSK general-purpose housing radial clearance >0.25; metal-to-profile load path`"", ""line"": 7, ""path"": ""exports/fabrication/parts/EX-THR-01/drawing_notes.md"", ""sha256"": ""ae99460a763f9dee748805405d1d58f4d8d3c0e0d1e138c09a4f2aaa17fccfe9""}, {""commit"": """", ""excerpt"": ""    \""housing_clearance_over_0p25_mm\"": true,"", ""line"": 75, ""path"": ""analysis/final_validation/results/v0.8/extruder_thrust_stack_candidate.json"", ""sha256"": ""e4e77eeeda3310a03af407927cd53b4288ffad7b2cb3db91ed22e9942db18746""}]",NOT_RUN,PASS
IF-021,FD-MET-02,FD-MET-01,radial running clearance,0.2,0.25,mm,housing ID 25.00 +0.05/0; auger OD 24.60 -0.05/0,(housing ID limit − auger OD opposite limit) / 2,0.2 ≤ radial running clearance ≤ 0.25 mm,0.2,running fit,Ra≤3.2 deburred,Ø8 common auger/agitator shaft with removable coupling,bore gauge + micrometer,finish-turn auger OD,20–80 °C,final-design-fabrication-closure-v0.8,PASS,0.25,DERIVED_LIMITS,,compatibility alias for TS-09; not extra mating coverage,"[{""commit"": ""f3b1e666c95e5f563c834eea6a080f4ab3f689a1"", ""excerpt"": ""technical-blocker-closure-v0.6.2.1,IF-021,PF-04 auger flight,PF-05 housing bore,positive-metering running clearance,OD24.0 nominal,ID27.0 nominal,1.50 mm radial nominal,final metal process tolerance and flake coupon pending,internal project clearance,removable auger with metal thrust retention,micrometer + bore gauge,hand rotation plus PLA/PET feed coupon without rub,PHYSICAL_COUPON_PENDING"", ""line"": 22, ""path"": ""exports/fabrication/interface_catalog.csv"", ""sha256"": ""2b553443b200a80ce3c87f0d11d3b2c737f26886a3339e6a1fe70be66267b6dc""}, {""commit"": """", ""excerpt"": ""- controlling requirements: `OD24.60 -0.05/0 x105; root Ø10 with local Ø12 x8 pin boss at Z4–12; bore Ø8.20 +0.10/0; Ø3.00 +0.05/0 cross-hole at Z8; pitch18; deburr/polish Ra≤3.2; Gate-2 sets mass/rev`"", ""line"": 7, ""path"": ""exports/fabrication/parts/FD-MET-02/drawing_notes.md"", ""sha256"": ""fc3cf0c896820ce728b1421eab4f6296a466bce31f8f26ad24cb8d5d94e6e830""}, {""commit"": """", ""excerpt"": ""- controlling requirements: `OD29/ID25.00 +0.05/0 x105 flange face plus upper spigot OD28.77–28.80 x1.20±0.05; flanges Ø44 x3; 4xØ4.60 +0.10/0 PCD36±0.05; auger radial clearance 0.20–0.25`"", ""line"": 7, ""path"": ""exports/fabrication/parts/FD-MET-01/drawing_notes.md"", ""sha256"": ""669436a19a020d672ac6e7a087297201bba82de82a1511fd02cd9c5c12a20361""}]",NOT_RUN,PASS
IF-022,FD-MET-03,FD-MET-02/FD-CP-01/EG17-G10,shaft7.978-8.000; auger bore8.200-8.300; coupling bores8.050-8.080; matched Ø3.00-3.05 cross-holes,0.05,0.102,mm,shaft7.978-8.000; auger bore8.200-8.300; coupling bores8.050-8.080; matched Ø3.00-3.05 cross-holes,FD-CP-01 bore opposite limit − shaft opposite limit =0.050–0.102; auger clearance0.200–0.322; gearbox rating SF=5/2.2=2.273; both spring-pin static screens SF≥2,coupling diametral clearance0.03–0.12; auger clearance0.15–0.35; pin/boss and gearbox SF≥2,0.03,shaft7.978–8.000 / coupling bores8.050–8.080 / auger bore8.200–8.300; two matched Ø3.00–3.05 cross-holes,shaft/bore/pin holes deburred Ra≤3.2; no inward food-trap burr,key EG17-G10 into FD-CP-01; install new upper Ø3x18 and lower SYS-15 Ø3x12 spring pins; bolt FD-DA-01 only to metal frame,micrometer/pin gauge; ten hand turns; coupling TIR; 2.2 N.m torque-arm and 24 PPR tach tests after receipt,reject mismatched holes; replace pin after removal; no adhesive or improvised pin,20 °C cold; physical NOT_RUN,final-design-fabrication-closure-v0.8,PASS,0.12,SELECTED_REFERENCE_DRIVE_COUPLING_CLEARANCE,,current-source review,"[{""commit"": ""f3b1e666c95e5f563c834eea6a080f4ab3f689a1"", ""excerpt"": ""technical-blocker-closure-v0.6.2.1,IF-022,PF-03 agitator shaft,hopper-side support and donor drive,agitator shaft support,Ø8 nominal,received bushing/bearing and donor coupling,donor-specific fit not yet released,measure donor shaft bearing and coupling before drawing release,supplier data plus measured donor,metal bearing/coupling path; printed wall is not sole support,micrometer + dial indicator,free bounded rotation without hopper-wall contact,DONOR_MEASUREMENT_REQUIRED"", ""line"": 23, ""path"": ""exports/fabrication/interface_catalog.csv"", ""sha256"": ""2b553443b200a80ce3c87f0d11d3b2c737f26886a3339e6a1fe70be66267b6dc""}, {""commit"": """", ""excerpt"": ""- controlling requirements: `Ø8 h8=7.978–8.000 x300; Ø3.00 +0.05/0 cross-holes at Z11 and Z292; lower hole matched with FD-MET-02, upper with FD-CP-01; paddle sweep Ø50/100/120 at Z183/228/273; straightness0.10; 2.2 N·m design torque SF≥2`"", ""line"": 7, ""path"": ""exports/fabrication/parts/FD-MET-03/drawing_notes.md"", ""sha256"": ""ed21867f0679901815e676fc12a9f54fbc7ffb4af4f21813220495bb42109117""}, {""commit"": """", ""excerpt"": ""- controlling requirements: `OD24.60 -0.05/0 x105; root Ø10 with local Ø12 x8 pin boss at Z4–12; bore Ø8.20 +0.10/0; Ø3.00 +0.05/0 cross-hole at Z8; pitch18; deburr/polish Ra≤3.2; Gate-2 sets mass/rev`"", ""line"": 7, ""path"": ""exports/fabrication/parts/FD-MET-02/drawing_notes.md"", ""sha256"": ""fc3cf0c896820ce728b1421eab4f6296a466bce31f8f26ad24cb8d5d94e6e830""}, {""commit"": """", ""excerpt"": ""- controlling requirements: `OD18 x24; both bores Ø8.05 +0.03/0; gearbox half 3.10 +0.05/0 keyway x12; feeder half Ø3.00 +0.05/0 cross-hole at Z6 matched to FD-MET-03; new Ø3x18 spring pin; no set-screw-only torque path`"", ""line"": 7, ""path"": ""exports/fabrication/parts/FD-CP-01/drawing_notes.md"", ""sha256"": ""616474fb68261f62a36b326caf3eabc74355673b88f1e980b5c81a28a9454e9d""}, {""commit"": """", ""excerpt"": ""- controlling requirements: `126x70x70 welded shelf; gearbox pilot Ø26 clearance; 4xØ4.5 at31 mm square; 2xØ6.6 frame holes at40 pitch; mount centre30/35; weld continuous both sides; gearbox axis position0.10 to frame datum`"", ""line"": 7, ""path"": ""exports/fabrication/parts/FD-DA-01/drawing_notes.md"", ""sha256"": ""eaf339ffee85dea3ee4d2713a089e3a684fd37b24258b8a8dcd2b987b971edea""}, {""commit"": """", ""excerpt"": ""- gearbox 연속 허용 토크 기준 여유는 `5/2.2 = 2.273`; 기존 feeder 설계 토크 2.2 N·m에 대해 SF≥2다. Motor의 정지 holding torque를 운전 토크로 대체하지 않는다. 18–22 motor rpm 구간의 실제 토크는 입고 후 torque-arm 시험으로 확인한다."", ""line"": 9, ""path"": ""docs/final/feeder_reference_drive_ko.md"", ""sha256"": ""f33c76834a9c0e62f57845bf765092af9ab67122386c6bae4870d91c38a6b5d7""}]",NOT_RUN,PASS
IF-023,EX-BAR-01,TH-BH-01 ×3,usable split-closure reserve,0.277434,,mm,TH-BH-01 free-state ID34.10–34.20; EX-BAR-01 OD33.97–34.00; usable split-closure travel≥1.00,minimum closure reserve=1.00−π(34.20−33.97)=0.277434 mm,usable closure reserve≥0.25 mm; physical 8-sector contact inspection remains NOT_RUN,0.25,custom split clamp; closure travel≥1.00,barrel Ra≤1.6,close clamp evenly to sector-contact acceptance,0.05 mm feeler penetration≤5 mm at 8 sectors excluding split±10°,supplier clamp only; reject if closure/contact misses,20 °C install / 300 °C design,final-design-fabrication-closure-v0.8,PASS,,FREE_STATE_ID_AND_CLAMP_TRAVEL_WORST_CASE,,compatibility alias for TS-07; not extra mating coverage,"[{""commit"": ""f3b1e666c95e5f563c834eea6a080f4ab3f689a1"", ""excerpt"": ""safety-orchestration-closure-v0.6.1,IF-023,EX-BAR-01,HT-BAND-01 x3,band heater clamp,OD Ø34.00 ±0.05,ID Ø34.0 custom,zero-gap clamp contact,heater maker clamp range must include 33.95–34.05,custom mica band supplier drawing,split band clamp; no 35 mm substitution,micrometer + feeler,360° contact and cold insulation resistance,PASS_DIGITAL"", ""line"": 24, ""path"": ""exports/fabrication/interface_catalog.csv"", ""sha256"": ""2b553443b200a80ce3c87f0d11d3b2c737f26886a3339e6a1fe70be66267b6dc""}, {""commit"": """", ""excerpt"": ""- controlling requirements: `L280; ID16.20 +0.02/0 honed; OD34 -0.03/0 ground; rear shoulder Ø44 -0.05/0 x8 +/-0.02, feed flat X16; face runout0.03 to Datum D; 4xM4-6H depth8 PCD26; 2xØ3 H7 locating holes PCD26 at0/180 deg, position Ø0.02 to D, selected Ø3 m6 dowels; 3xØ3.20 +0.05/0 flat-bottom blind5.40 +/-0.05 at B+95/170/245; 2xM3-6H depth4 at axial pitch10 around each sensor; sensor position0.05 to D, perpendicularity0.10/5.5; conservative ligament3.345 >=3.32; thread ligament outer/inner>=2.0/2.9; B rear face/C front face/D bore axis; HOLD material/process`"", ""line"": 7, ""path"": ""exports/cnc/extruder/parts/EX-BAR-01/drawing_notes.md"", ""sha256"": ""4814d0fbf1d00eab886da724fe66ccc613536eaf909013384aefe41d0c0bffa5""}, {""commit"": """", ""excerpt"": ""- controlling requirements: `24 VDC 100 W each; free-state ID34.10–34.20; usable split-closure travel >=1.00; width45 ±0.5; radial build2 nominal; cold resistance 5.76 Ω ±10%; 300 mm fiberglass leads; PE-bonded sheath; PET service 300 C design; no stock Ø35 substitution`"", ""line"": 7, ""path"": ""exports/thermal/parts/TH-BH-01/drawing_notes.md"", ""sha256"": ""0d44b5cf15c774f5e08f734e002ad67d657dfdfc248e1a170cb192f2d3efe246""}]",NOT_RUN,PASS
IF-024,EX-DIE-01,TH-DIE-01,boreØ6.55 H7 =6.550–6.565 / Tempco Type CG heater6.487–6.513,0.037,0.078,mm,boreØ6.55 H7 =6.550–6.565 / Tempco Type CG heater6.487–6.513,"opposite limits: [6.550−6.513,6.565−6.487]=0.037–0.078 mm diametral; radial0.0185–0.0390 mm",diametral clearance0.030–0.090; radial clearance≤0.05; metal flange positively retains heater,0.03,Ø6.550–6.565 reamed bore / Ø6.487–6.513 Type CG sheath; insertion length39.50±0.20,reamed bore Ra≤1.6; burr-free lead face; thin high-temperature anti-seize on sheath only,insert by hand from lead face; secure custom MFR flange with SYS-16; leads remain outside bore,bore gauge + micrometer/camber report; full hand insertion; cold resistance9.12–10.56 ohm and insulation test,"reject out-of-limit bore/heater or flange; no sanding, swaging, foil shim or lead loading",20 °C cold; physical NOT_RUN,final-design-fabrication-closure-v0.8,PASS,0.09,SUPPLIER_CG_AND_H7_LIMITS,,current-source review,"[{""commit"": ""f3b1e666c95e5f563c834eea6a080f4ab3f689a1"", ""excerpt"": ""safety-orchestration-closure-v0.6.1,IF-024,EX-DIE-01,HT-CART-01,cartridge heater bore,Ø6.05 H7 reamed through,heater Ø6.00 -0.02/-0.06,0.070–0.122 mm diametral clearance,bore +0/+0.012 mm,supplier fit guidance + received heater measurement,thin anti-seize film + positive axial clamp,pin gauge + micrometer + megohmmeter,full insertion without force; no loose lead loading,PASS_DIGITAL"", ""line"": 25, ""path"": ""exports/fabrication/interface_catalog.csv"", ""sha256"": ""2b553443b200a80ce3c87f0d11d3b2c737f26886a3339e6a1fe70be66267b6dc""}, {""commit"": """", ""excerpt"": ""- controlling requirements: `40x40x48; barrel face X40; Ø8 melt turn; Ø16.20 +0.05/0 x3 breaker seat; Ø12.00 +0.03/0 x14 insert seat; 4xØ4.5 + Ø8 recess PCD26; 2xØ3 H7 depth6 PCD26 at0/180 deg, position Ø0.02 to melt axis, selected Ø3 m6 dowels; heater Ø6.55 H7 through; 2xM3-6H depth6 at14 mm pitch for heater flange; sensor Ø3.20 +0.05/0 blind12.00 +/-0.05; 2xM3-6H depth4 at10 mm pitch around sensor; face flatness0.03; deburr flow intersection; HOLD`"", ""line"": 7, ""path"": ""exports/cnc/extruder/parts/EX-DIE-01/drawing_notes.md"", ""sha256"": ""d63cce8454f006b64cf9862f9d214097a48acea87a2ed11edfe9f31d85c04e74""}, {""commit"": """", ""excerpt"": ""- controlling requirements: `24 VDC 60 W; Ø6.500 ±0.013 Type CG; insertion39.50 ±0.20 Type OAL; lead-end cold≥9.5 and disc-end cold≥6.4; HTL550 C leads; custom MFR flange t1.5 20x12 with 2xØ3.4 at14 pitch; cold resistance9.12–10.56 Ω; fit EX-DIE-01 Ø6.55 H7=6.550–6.565; diametral clearance0.037–0.078; SYS-16 positive retention; vendor acceptance/received OD-camber-insulation required; HOLD purchase/energization`"", ""line"": 7, ""path"": ""exports/thermal/parts/TH-DIE-01/drawing_notes.md"", ""sha256"": ""ff5cd1a16831b240d418fee6206aba3a1350fa1501583bb7fe5fb0754fe33895""}, {""commit"": """", ""excerpt"": ""    hole_min=6.550; hole_max=6.565; heater_min=6.487; heater_max=6.513"", ""line"": 221, ""path"": ""calculations/run_engineering.py"", ""sha256"": ""9b011de99355acf3fab2c06fd390338eae7c84b4c6595183c7a2a019664c78b6""}, {""commit"": """", ""excerpt"": ""| 외경 | Type CG centerless ground, Ø6.500 ±0.013 mm |"", ""line"": 17, ""path"": ""docs/final/die_heater_selection_basis_ko.md"", ""sha256"": ""cd0fec430db37dd96f6bfc3fa508f3263e18028c97854868b2a8e75b3dc14854""}]",NOT_RUN,PASS
IF-025,EX-BAR-01,TH-TC-01 at TEMP-01..03,bore3.20-3.25 flat-bottom depth5.35-5.45 / probe2.97-3.03 / stop5.15-5.25,0.17,0.28,mm,bore3.20-3.25 flat-bottom depth5.35-5.45 / probe2.97-3.03 / stop5.15-5.25,bore minus probe opposite limits=3.20-3.03 to3.25-2.97=0.17-0.28; bottom gap=5.35-5.25 to5.45-5.15=0.10-0.30 mm,diametral clearance0.15-0.30; tip gap0.10-0.30; positive metal stop retention; receipt bias<=2 C and t90<=30 s,0.15,bore3.20-3.25 depth5.35-5.45 / MTA1 probe2.97-3.03 / tip-to-collar5.15-5.25,"flat-bottom bore Ra<=3.2; burr-free; supplier-welded collar, no field sheath modification",insert to stop; capture collar with TH-TCR-01 and SYS-17; do not bottom or set-screw the MI sheath,micrometer/depth gauge; >=100 Mohm at100 VDC; 20 N pull; barrel coupon bias/step-response test,"reject probe/bore/stop outside limits; no sheath swage, cut, foil shim or deeper bore",20 °C cold; physical NOT_RUN,final-design-fabrication-closure-v0.8,PASS,0.3,MTA1_PROBE_AND_STOP_COLLAR_CONTRACT,,current-source review,"[{""commit"": ""f3b1e666c95e5f563c834eea6a080f4ab3f689a1"", ""excerpt"": ""safety-orchestration-closure-v0.6.1,IF-025,EX-BAR zones 1–3,TEMP-01..03,barrel thermocouple,Ø3.2 +0.05/0 blind5.5 bore,Ø3 ungrounded mineral-insulated K probe,0.20–0.25 mm diametral clearance,3.35–3.40 mm nominal melt-bore ligament,IEC 60584 K-type,compression screw/washer,depth gauge + insulation/continuity meter,probe reads barrel metal; ungrounded junction required for MAX6675 architecture,PASS_DIGITAL"", ""line"": 26, ""path"": ""exports/fabrication/interface_catalog.csv"", ""sha256"": ""2b553443b200a80ce3c87f0d11d3b2c737f26886a3339e6a1fe70be66267b6dc""}, {""commit"": """", ""excerpt"": ""- controlling requirements: `L280; ID16.20 +0.02/0 honed; OD34 -0.03/0 ground; rear shoulder Ø44 -0.05/0 x8 +/-0.02, feed flat X16; face runout0.03 to Datum D; 4xM4-6H depth8 PCD26; 2xØ3 H7 locating holes PCD26 at0/180 deg, position Ø0.02 to D, selected Ø3 m6 dowels; 3xØ3.20 +0.05/0 flat-bottom blind5.40 +/-0.05 at B+95/170/245; 2xM3-6H depth4 at axial pitch10 around each sensor; sensor position0.05 to D, perpendicularity0.10/5.5; conservative ligament3.345 >=3.32; thread ligament outer/inner>=2.0/2.9; B rear face/C front face/D bore axis; HOLD material/process`"", ""line"": 7, ""path"": ""exports/cnc/extruder/parts/EX-BAR-01/drawing_notes.md"", ""sha256"": ""4814d0fbf1d00eab886da724fe66ccc613536eaf909013384aefe41d0c0bffa5""}, {""commit"": """", ""excerpt"": ""- controlling requirements: `MTA1 options K/2/M/A/Q, ungrounded U, sheath25.40 mm, fiberglass lead300 mm, high-temp ceramic potting; T1-T3 collar gives insertion5.20 ±0.05, T4 10.00 ±0.05, T5 4.00 ±0.05; flat closed tip; collar Ø6.0x0.8; bore Ø3.20 +0.05/0 gives diametral clearance0.17-0.28; no compression fitting; exact MPN assigned after quote; supplier drawing/insulation/calibration/thermal-response receipt evidence HOLD`"", ""line"": 7, ""path"": ""exports/thermal/parts/TH-TC-01/drawing_notes.md"", ""sha256"": ""872b98c0f67da81da24002980ae55c1d9a6e3da5daf378185fde4d6c42a677e8""}, {""commit"": """", ""excerpt"": ""- sheath `Ø3.00 ±0.03 mm`, 전체 길이 `25.40 ±0.25 mm`"", ""line"": 11, ""path"": ""docs/final/thermocouple_selection_basis_ko.md"", ""sha256"": ""0d07e90e49bbd08c06a8129eb2a0d9d306a4c24af348fc78eee35a3c4ae1d44b""}]",NOT_RUN,PASS
IF-026,EX-DIE-01,TH-TC-01 at TEMP-04,bore3.20-3.25 depth11.95-12.05 / probe2.97-3.03 / stop9.95-10.05,0.17,0.28,mm,bore3.20-3.25 depth11.95-12.05 / probe2.97-3.03 / stop9.95-10.05,bore minus probe=0.17-0.28; bottom gap=11.95-10.05 to12.05-9.95=1.90-2.10; nearest heater-channel surface gap>=7.47 mm,diametral clearance0.15-0.30; bottom gap1.90-2.10; channel ligament>=6.0; positive metal stop retention,0.15,bore3.20-3.25 depth11.95-12.05 / MTA1 probe2.97-3.03 / tip-to-collar9.95-10.05,"blind bore Ra<=3.2; burr-free; supplier-welded collar, no field sheath modification",insert to stop; capture collar with TH-TCR-01 and SYS-17; do not bottom or set-screw the MI sheath,micrometer/depth gauge and borescope; >=100 Mohm at100 VDC; 20 N pull; die coupon response,"reject probe/bore/stop outside limits; no sheath swage, cut, foil shim or deeper bore",20 °C cold; physical NOT_RUN,final-design-fabrication-closure-v0.8,PASS,0.3,MTA1_PROBE_AND_STOP_COLLAR_CONTRACT,,current-source review,"[{""commit"": ""f3b1e666c95e5f563c834eea6a080f4ab3f689a1"", ""excerpt"": ""safety-orchestration-closure-v0.6.1,IF-026,EX-DIE-01,TEMP-04,die thermocouple,Ø3.2 blind bore,Ø3 K probe,0.2 mm diametral clearance,tip 2.0–3.0 mm from melt channel,IEC 60584 K-type,compression screw/washer,depth gauge + continuity meter,no intersection with Ø8 melt/heater channels,PASS_DIGITAL"", ""line"": 27, ""path"": ""exports/fabrication/interface_catalog.csv"", ""sha256"": ""2b553443b200a80ce3c87f0d11d3b2c737f26886a3339e6a1fe70be66267b6dc""}, {""commit"": """", ""excerpt"": ""- controlling requirements: `40x40x48; barrel face X40; Ø8 melt turn; Ø16.20 +0.05/0 x3 breaker seat; Ø12.00 +0.03/0 x14 insert seat; 4xØ4.5 + Ø8 recess PCD26; 2xØ3 H7 depth6 PCD26 at0/180 deg, position Ø0.02 to melt axis, selected Ø3 m6 dowels; heater Ø6.55 H7 through; 2xM3-6H depth6 at14 mm pitch for heater flange; sensor Ø3.20 +0.05/0 blind12.00 +/-0.05; 2xM3-6H depth4 at10 mm pitch around sensor; face flatness0.03; deburr flow intersection; HOLD`"", ""line"": 7, ""path"": ""exports/cnc/extruder/parts/EX-DIE-01/drawing_notes.md"", ""sha256"": ""d63cce8454f006b64cf9862f9d214097a48acea87a2ed11edfe9f31d85c04e74""}, {""commit"": """", ""excerpt"": ""- controlling requirements: `MTA1 options K/2/M/A/Q, ungrounded U, sheath25.40 mm, fiberglass lead300 mm, high-temp ceramic potting; T1-T3 collar gives insertion5.20 ±0.05, T4 10.00 ±0.05, T5 4.00 ±0.05; flat closed tip; collar Ø6.0x0.8; bore Ø3.20 +0.05/0 gives diametral clearance0.17-0.28; no compression fitting; exact MPN assigned after quote; supplier drawing/insulation/calibration/thermal-response receipt evidence HOLD`"", ""line"": 7, ""path"": ""exports/thermal/parts/TH-TC-01/drawing_notes.md"", ""sha256"": ""872b98c0f67da81da24002980ae55c1d9a6e3da5daf378185fde4d6c42a677e8""}, {""commit"": """", ""excerpt"": ""- T1–T3 tip-to-collar `5.20 ±0.05 mm`; T4 tip-to-collar `10.00 ±0.05 mm`"", ""line"": 15, ""path"": ""docs/final/thermocouple_selection_basis_ko.md"", ""sha256"": ""0d07e90e49bbd08c06a8129eb2a0d9d306a4c24af348fc78eee35a3c4ae1d44b""}]",NOT_RUN,PASS
IF-027,removed hopper-maintenance PTC,external predry architecture,no active mating interface,0,0,interfaces,no active mating interface,"hopper-maintenance PTC, spreader, clamp, power output and purchase line removed; external predry remains",zero active hopper-maintenance PTC interfaces,0,NOT_APPLICABLE — interface removed,NOT_APPLICABLE — interface removed,do not install or wire a hopper-maintenance heater; use the frozen external-predry process,"verify active CAD, BOM, I/O schedule and firmware contain no hopper-PTC hardware path",NOT_APPLICABLE,20 °C cold; physical NOT_RUN,final-design-fabrication-closure-v0.8,PASS,0,REMOVED_FROM_ACTIVE_ARCHITECTURE,,current-source review,"[{""commit"": ""f3b1e666c95e5f563c834eea6a080f4ab3f689a1"", ""excerpt"": ""safety-orchestration-closure-v0.6.1,IF-027,FD-HOP-01 wall,HT-PTC-01 spreader,hopper maintenance heater,2 mm stainless wall,aluminum spreader + insulated PTC,full thermal-pad contact,electrically isolated; no polymer contact,supplier PTC data pending,clamped metal sandwich,megohmmeter + feeler,measure one PTC power and equilibrium temperature before fixing quantity,REFERENCE_POWER_MEASUREMENT_REQUIRED"", ""line"": 28, ""path"": ""exports/fabrication/interface_catalog.csv"", ""sha256"": ""2b553443b200a80ce3c87f0d11d3b2c737f26886a3339e6a1fe70be66267b6dc""}, {""commit"": """", ""excerpt"": ""TH-INS-01은 사용자 보유 PI 테이프 25 mm x30 m다. 220 C는 판매자 주장 하한으로 잡은 잠정 기준이지 검증된 연속 정격이 아니다. 접착면 peak+U95<=190 C 조건과 같은 롤 S4 coupon을 요구하며 직접 heater/barrel/die wrap이나 안전장치 대체는 금지한다. 얇은 PI의 내열성만으로 단열 효과를 주장하지 않는다. Hopper PTC는 활성 설계에서 제거했고 외부 predry는 유지한다."", ""line"": 40, ""path"": ""docs/final/release_notes_v1.0.0-rc1_ko.md"", ""sha256"": ""659ba1a67689684660ce918894f1ffb9ab114ea07bce26ef04c9924db60e9337""}]",NOT_RUN,PASS
IF-028,M3 through-bolts,PPR-C06/PPR-C11,M3 major diameter≤3.00 / finished holes3.40-3.50,0.4,0.5,mm,M3 major diameter≤3.00 / finished holes3.40-3.50,finished hole3.40–3.50 minus M3 maximum major diameter3.00 = diametral clearance0.40–0.50 mm,diametral clearance0.30–0.60; nuts and washers accessible from open enclosure/control-panel side; no heat-set inserts,0.3,both parts finished holes Ø3.40–3.50; C06 4×M3x12 per enclosure; C11 4×M3x16,ream/deburr both faces; no raised burr under washer,"insert screw from exterior, fit washer and all-metal nut from accessible interior, torque0.5 N.m and witness-mark","plug/caliper hole check; verify tool access, witness marks, no print cracking and C06 optical alignment",reject/reprint if hole misses or boss cracks; no heat-set insert substitution,20 °C cold; physical NOT_RUN,final-design-fabrication-closure-v0.8,PASS,0.6,SELECTED_THROUGH_BOLT_CLEARANCE,,current-source review,"[{""commit"": ""f3b1e666c95e5f563c834eea6a080f4ab3f689a1"", ""excerpt"": ""safety-orchestration-closure-v0.6.1,IF-028,M3 heat-set insert,PPR-C06/C11,printed insert bore,insert lot OD4.2/4.6,matching blind bore,coupon-selected interference,PPR-TC01 controls,insert supplier data,temperature-controlled press,coupon + pullout fixture,print and pull-test PPR-TC01 with actual insert lot,PHYSICAL_COUPON_PENDING"", ""line"": 29, ""path"": ""exports/fabrication/interface_catalog.csv"", ""sha256"": ""2b553443b200a80ce3c87f0d11d3b2c737f26886a3339e6a1fe70be66267b6dc""}, {""commit"": """", ""excerpt"": ""        dict(id=\""PPR-C06\"", name=\""Gauge enclosure\"", shape=gauge, qty=2, material=\""ABS\"", orientation=\""outer face down\"", layer=\""0.20 mm\"", walls=4, infill=\""25%\"", support=\""slot bridge only\"", support_contact=\""8x70 optical slot roof\"", support_removal=\""break bridge strands from open housing side; ream fastener holes to Ø3.40–3.50\"", fastener=\""4x M3x12 + washers + all-metal nuts\"", insert=\""none\"", tightening=\""0.5 N.m\"", tolerance=\""finished holes Ø3.40–3.50; 0.20 mm optical slit; install X/Y pair on one straight Ø1.75 calibration wire, match-drill mounting datum, scan both axes and accept optical centreline offset <=0.10 mm\"", mating=\""LED/photodiode cross frame\"", order=14, edge_distance=\""7 mm boss centre; Ø12 boss\"", interfaces=\""4x Ø3.40–3.50 through bores; 8 mm optical slot; complete-pair functional alignment\""),"", ""line"": 813, ""path"": ""cad/freecad/compact/geometry.py"", ""sha256"": ""ca7867a5a50cb0fdb74387e8e8fe7b5b619102e2fed90c52fba5cb227de6fde7""}, {""commit"": """", ""excerpt"": ""        dict(id=\""PPR-C11\"", name=\""Control panel bezel\"", shape=bezel, qty=1, material=\""PLA\"", orientation=\""front face down\"", layer=\""0.20 mm\"", walls=4, infill=\""20%\"", support=\""no\"", support_contact=\""none\"", support_removal=\""ream fastener holes to Ø3.40–3.50\"", fastener=\""4x M3x16 + washers + all-metal nuts\"", insert=\""none\"", tightening=\""0.5 N.m\"", tolerance=\""finished holes Ø3.40–3.50; 0.25 mm TFT\"", mating=\""metal control panel\"", order=21, edge_distance=\""8 mm boss centre; Ø12 boss\"", interfaces=\""4x Ø3.40–3.50 through bores; 145x82 display opening\""),"", ""line"": 818, ""path"": ""cad/freecad/compact/geometry.py"", ""sha256"": ""ca7867a5a50cb0fdb74387e8e8fe7b5b619102e2fed90c52fba5cb227de6fde7""}]",NOT_RUN,PASS
IF-029,M4 screw/washer/nyloc,PPR-C01/PPR-C10,M4 major diameter≤4.00 / finished through bores4.50–4.70,0.5,0.7,mm,M4 major diameter≤4.00 / finished through bores4.50–4.70,finished hole4.50–4.70 minus M4 maximum major diameter4.00 = diametral clearance0.50–0.70,diametral clearance0.40–0.80; PPR-C01 flat-head flush/recessed≤0.05; no heat-set insert route,0.4,both holes Ø4.50–4.70; C01 M4x16 90° flat-head + washer/nyloc; C10 2×M4x25 + washers/nyloc,ream/deburr; C01 underside countersink smooth and head flush,install only the selected through-bolt routes; hold nut with spanner and torque1.2 N.m,plug/caliper hole check; C01 straightedge head-flush check; witness marks and full slide/traverse,reject/reprint if hole or flushness misses; no heat-set insert substitution,20 °C cold; physical NOT_RUN,final-design-fabrication-closure-v0.8,PASS,0.8,SELECTED_THROUGH_BOLT_CLEARANCE,,current-source review,"[{""commit"": ""f3b1e666c95e5f563c834eea6a080f4ab3f689a1"", ""excerpt"": ""safety-orchestration-closure-v0.6.1,IF-029,M4 heat-set insert,PPR-C01/PPR-C10,printed insert bore,insert lot OD4.6/5.6,matching blind bore,coupon-selected interference,PPR-TC01 controls,insert supplier data,temperature-controlled press,coupon + pullout fixture,print and pull-test PPR-TC01 with actual insert lot,PHYSICAL_COUPON_PENDING"", ""line"": 30, ""path"": ""exports/fabrication/interface_catalog.csv"", ""sha256"": ""2b553443b200a80ce3c87f0d11d3b2c737f26886a3339e6a1fe70be66267b6dc""}, {""commit"": """", ""excerpt"": ""        dict(id=\""PPR-C01\"", name=\""Sliding hopper lid\"", shape=lid, qty=1, material=\""PLA\"", orientation=\""flat\"", layer=\""0.24 mm\"", walls=4, infill=\""20%\"", support=\""no\"", support_contact=\""none\"", support_removal=\""ream latch hole to Ø4.50–4.70 and deburr underside countersink\"", fastener=\""1x M4x16 90° flat-head latch flag screw + washer + nyloc\"", insert=\""none\"", tightening=\""1.2 N.m\"", tolerance=\""finished latch hole Ø4.50–4.70; screw head flush or recessed≤0.05; rail slide gap0.35\"", mating=\""metal hopper rails and lid-interlock flag\"", order=3, edge_distance=\""15 mm boss centre to edge\"", interfaces=\""M4 through bore Ø4.50–4.70 with Ø8.4×2 90° underside countersink; rail slide gap0.35\""),"", ""line"": 808, ""path"": ""cad/freecad/compact/geometry.py"", ""sha256"": ""ca7867a5a50cb0fdb74387e8e8fe7b5b619102e2fed90c52fba5cb227de6fde7""}, {""commit"": """", ""excerpt"": ""        dict(id=\""PPR-C10\"", name=\""Traverse carriage\"", shape=carriage, qty=1, material=\""PLA\"", orientation=\""flat\"", layer=\""0.20 mm\"", walls=5, infill=\""40%\"", support=\""rod bores only\"", support_contact=\""two Ø8.4 rod-bores\"", support_removal=\""ream rod bores to Ø8.40–8.50 and belt-clamp holes to Ø4.50–4.70\"", fastener=\""2x M4x25 belt-clamp screws + washers + nyloc\"", insert=\""none\"", tightening=\""1.2 N.m\"", tolerance=\""finished rod bores Ø8.40–8.50; finished clamp holes Ø4.50–4.70; use two Ø8 h6=7.991–8.000 ground steel rods\"", mating=\""specified Ø8 h6 rods and GT2 belt\"", order=19, edge_distance=\""8 mm from belt-pad edge\"", interfaces=\""40x55 carriage; rod bores8.40-8.50; clamp holes4.50-4.70 at local X13/27 Y27.5; Y travel80 parallel to spindle\""),"", ""line"": 817, ""path"": ""cad/freecad/compact/geometry.py"", ""sha256"": ""ca7867a5a50cb0fdb74387e8e8fe7b5b619102e2fed90c52fba5cb227de6fde7""}]",NOT_RUN,PASS
IF-030,M3/M4/M5/M6 fasteners and spring pin,individual printed/metal joints,30 uniquely identified joint contracts,30,30,joints,30 uniquely identified joint contracts,30 unique schedule joint IDs = 30 joint IDs referenced by generated assembly steps; every contract field nonblank,all 30 unique joint contracts have parts/specification/quantity/torque/locking/tool/inspection/source/state and appear in assembly steps,30,per-joint limits and functional acceptance in fastener_schedule.csv; no aggregate nominal-hole substitution,NOT_SPECIFIED — resolve source finish requirement,kit and sign by joint_id; HOLD states remain HOLD and are not converted by coverage,machine-check unique/nonblank contracts and one-to-one assembly-step reference; perform each listed physical inspection later,"joint-specific only; no unlisted washer, insert or fastener substitution",20 °C cold; physical NOT_RUN,final-design-fabrication-closure-v0.8,PASS,30,INSTANCE_JOINT_CONTRACT_COVERAGE,,current-source review,"[{""commit"": ""f3b1e666c95e5f563c834eea6a080f4ab3f689a1"", ""excerpt"": ""safety-orchestration-closure-v0.6.1,IF-030,M4/M5/M6 fasteners,printed/metal clearance holes,bolt clearance,actual fastener shank,Ø4.5/5.5/6.6,ISO normal clearance,drawing-specific,ISO 273,washer + metal nut/T-nut/rivnut,pin gauge + torque wrench,all bolts insert and reach full thread,PASS_DIGITAL"", ""line"": 31, ""path"": ""exports/fabrication/interface_catalog.csv"", ""sha256"": ""2b553443b200a80ce3c87f0d11d3b2c737f26886a3339e6a1fe70be66267b6dc""}, {""commit"": """", ""excerpt"": ""        dict(id=\""PPR-C02\"", name=\""Anti-reach baffle chute\"", shape=chute, qty=1, material=\""PLA\"", orientation=\""outlet down\"", layer=\""0.24 mm\"", walls=5, infill=\""25%\"", support=\""ledge undersides only\"", support_contact=\""two staggered ledge undersides\"", support_removal=\""needle-nose pliers through 100x50 outlet\"", fastener=\""4x M4x12 + washer; 2x chamber M6 tie bolts inside steel sleeves\"", insert=\""4x M4 nyloc nuts on metal side\"", tightening=\""M4 1.2 N.m; M6 6 N.m\"", tolerance=\""0.40 mm flake path\"", mating=\""hopper and metal cutter chamber\"", order=4, edge_distance=\""8 mm boss centre; Ø14 boss\"", interfaces=\""4x Ø4.5 mount; 2x Ø10.5 steel-sleeve clearance; 100x50 outlet; staggered 72 mm ledges\""),"", ""line"": 809, ""path"": ""cad/freecad/compact/geometry.py"", ""sha256"": ""ca7867a5a50cb0fdb74387e8e8fe7b5b619102e2fed90c52fba5cb227de6fde7""}, {""commit"": """", ""excerpt"": ""        dict(id=\""PPR-C03\"", name=\""Flake bin sheet corner\"", shape=flake_bin, qty=4, material=\""PLA\"", orientation=\""end down\"", layer=\""0.28 mm\"", walls=4, infill=\""25%\"", support=\""no\"", support_contact=\""none\"", support_removal=\""none\"", fastener=\""2x M3x8 + washer + nyloc\"", insert=\""none\"", tightening=\""0.5 N.m\"", tolerance=\""sheet slot 1.40 ±0.30 mm\"", mating=\""1.00 ±0.05 mm sheet bin and screen rails\"", order=7, edge_distance=\""12 mm hole centre\"", interfaces=\""2x Ø3.4 through on orthogonal legs\""),"", ""line"": 810, ""path"": ""cad/freecad/compact/geometry.py"", ""sha256"": ""ca7867a5a50cb0fdb74387e8e8fe7b5b619102e2fed90c52fba5cb227de6fde7""}, {""commit"": """", ""excerpt"": ""        dict(id=\""PPR-C04\"", name=\""Screen drawer handle\"", shape=handle, qty=1, material=\""PLA\"", orientation=\""back flat\"", layer=\""0.24 mm\"", walls=5, infill=\""35%\"", support=\""no\"", support_contact=\""none\"", support_removal=\""none\"", fastener=\""2x M5x16 + large washer + nyloc\"", insert=\""none\"", tightening=\""2.0 N.m\"", tolerance=\""0.25 mm\"", mating=\""metal screen\"", order=6, edge_distance=\""8 mm hole centre\"", interfaces=\""2x Ø5.5 through at 84 mm spacing\""),"", ""line"": 811, ""path"": ""cad/freecad/compact/geometry.py"", ""sha256"": ""ca7867a5a50cb0fdb74387e8e8fe7b5b619102e2fed90c52fba5cb227de6fde7""}, {""commit"": """", ""excerpt"": ""- 중요공차/검사: two SKF 61905-2RS1 seats diameter 42 H7; center distance 48.00 +/-0.03; match-machine both plates; seat-axis parallelism 0.05/140; four frame holes diameter 6.6; identify front fixed and rear floating sides; after CUT-10 retention and metal shimming, each complete shaft axial float shall be0.05-0.20 over one full hand rotation"", ""line"": 8, ""path"": ""exports/cnc/CUT-03/drawing_notes.md"", ""sha256"": ""474ab7438af4f1c656c03d16c1c0bddb7f8c4877009e0f36e4b32e1a7495368e""}, {""commit"": """", ""excerpt"": ""joint_id,part_ids,specification,quantity,torque_Nm,locking,tool,inspection,source,verification_state"", ""line"": 1, ""path"": ""exports/final/bom/fastener_schedule.csv"", ""sha256"": ""2f56d5f75cd8f4202f5e81bbc167de95391ef563176dbce8d3b1f9596742c254""}, {""commit"": """", ""excerpt"": ""step_number,part_ids_quantity,required_tools,fasteners,torque,orientation,clearance_tolerance,drawing,inspection_method,pass_fail,next_prerequisite"", ""line"": 1, ""path"": ""docs/final/assembly_steps.csv"", ""sha256"": ""311870833778f1a97da27be26e86501063eb9f0ede48f1e44334602216853771""}]",NOT_RUN,PASS
IF-031,FD-HOP-01/FD-GSK-01,FD-MET-01 registered flange,spigot28.77–28.80 / socket28.90–28.93; hopper flow24.90–25.00 / housing25.00–25.05; gasket compressed0.35–0.40,0.1,0.16,mm,spigot28.77–28.80 / socket28.90–28.93; hopper flow24.90–25.00 / housing25.00–25.05; gasket compressed0.35–0.40,socket−spigot diametral clearance=0.10–0.16; downstream housing ID−upstream hopper ID=0.00–0.15; gasket ID clearance to largest flow bore≥0.15 mm,register clearance0.08–0.18; nonnegative0–0.15 flow expansion; gasket must not intrude; compressed thickness0.35–0.40,0.08,spigot28.77–28.80 / socket28.90–28.93; flow24.90–25.00→25.00–25.05; gasket ID29.20–29.40,flow bore and flange edges deburred Ra≤3.2; food-contact gasket certificate required,seat new FD-GSK-01 outside the spigot; engage register without force; tighten four M4 through bolts in cross pattern to measured0.35–0.40 gasket thickness,bore/micrometer and depth-gauge report; feeler/compressed-thickness check; dry-flake leak and retained-particle inspection under lockout,HOLD — no improvised rework,20 °C cold; physical NOT_RUN,final-design-fabrication-closure-v0.8,PASS,0.18,REGISTERED_FLANGE_OPPOSITE_LIMITS,,current-source review,"[{""commit"": ""f3b1e666c95e5f563c834eea6a080f4ab3f689a1"", ""excerpt"": ""technical-blocker-closure-v0.6.2.1,IF-031,PF-01 hopper throat,PF-05 auger housing flange,sealed positive-feed interface,44x44 mm hopper outlet,Ø48 flange and Ø27 bore,continuous gasketed transition without ledge/dead pocket,final bolt pattern and gasket compression coupon pending,project removable sanitary joint,metal adapter and captive fasteners under service lockout,caliper + feeler + visual,dry-flake leak cleanability and no-retention coupon,PHYSICAL_COUPON_PENDING"", ""line"": 32, ""path"": ""exports/fabrication/interface_catalog.csv"", ""sha256"": ""2b553443b200a80ce3c87f0d11d3b2c737f26886a3339e6a1fe70be66267b6dc""}, {""commit"": """", ""excerpt"": ""- controlling requirements: `OD156 x straight145 + cone55; outlet ID24.90–25.00; lower flange OD44 x3, 4xØ4.60 +0.10/0 PCD36±0.05; register ID28.90 +0.03/0 x1.40±0.05; leak test`"", ""line"": 7, ""path"": ""exports/fabrication/parts/FD-HOP-01/drawing_notes.md"", ""sha256"": ""99c859c8f3812b2ba5fa16dfc14565ff52b3725af000450a8f6fb2fa15ece2f9""}, {""commit"": """", ""excerpt"": ""- controlling requirements: `OD44; ID29.20 +0.20/0; 4xØ4.60 +0.10/0 PCD36±0.10; compress to0.35–0.40; one installed plus one replacement`"", ""line"": 7, ""path"": ""exports/fabrication/parts/FD-GSK-01/drawing_notes.md"", ""sha256"": ""d735eea35c54713b05bb2a446760a9868d1dd7f549a8def9d3d9f9f2aa0d7cd0""}, {""commit"": """", ""excerpt"": ""- controlling requirements: `OD29/ID25.00 +0.05/0 x105 flange face plus upper spigot OD28.77–28.80 x1.20±0.05; flanges Ø44 x3; 4xØ4.60 +0.10/0 PCD36±0.05; auger radial clearance 0.20–0.25`"", ""line"": 7, ""path"": ""exports/fabrication/parts/FD-MET-01/drawing_notes.md"", ""sha256"": ""669436a19a020d672ac6e7a087297201bba82de82a1511fd02cd9c5c12a20361""}]",NOT_RUN,PASS
IF-032,PPR-C03 ×4,FD-BIN-01,sheet1.00±0.05; printed slot1.40±0.30,0.05,0.75,mm,sheet1.00±0.05; printed slot1.40±0.30,slot opposite limit − sheet opposite limit = 0.05–0.75 mm,0.05 ≤ total slot clearance ≤ 0.75 mm; no inward burr/dead pocket,0.05,slot1.40±0.30 / sheet1.00±0.05,sheet edges deburred; printed slot support-free,M3 fasteners + welded/folded sheet,no inward dead pocket or burr,HOLD — no improvised rework,20 °C cold; physical NOT_RUN,final-design-fabrication-closure-v0.8,PASS,0.75,DERIVED_LIMITS,,current-source review,"[{""commit"": ""f3b1e666c95e5f563c834eea6a080f4ab3f689a1"", ""excerpt"": ""safety-orchestration-closure-v0.6.1,IF-032,PPR-C03 x4,FD-BIN-01 sheet,flake-bin corner channel,1.4 mm printed slot,1.0 mm sheet,0.4 mm nominal slot clearance,printed ±0.30 mm,project printed sheet joint,M3 fasteners + welded/folded sheet,feeler + visual,no inward dead pocket or burr,PASS_DIGITAL"", ""line"": 33, ""path"": ""exports/fabrication/interface_catalog.csv"", ""sha256"": ""2b553443b200a80ce3c87f0d11d3b2c737f26886a3339e6a1fe70be66267b6dc""}, {""commit"": """", ""excerpt"": ""        dict(id=\""PPR-C03\"", name=\""Flake bin sheet corner\"", shape=flake_bin, qty=4, material=\""PLA\"", orientation=\""end down\"", layer=\""0.28 mm\"", walls=4, infill=\""25%\"", support=\""no\"", support_contact=\""none\"", support_removal=\""none\"", fastener=\""2x M3x8 + washer + nyloc\"", insert=\""none\"", tightening=\""0.5 N.m\"", tolerance=\""sheet slot 1.40 ±0.30 mm\"", mating=\""1.00 ±0.05 mm sheet bin and screen rails\"", order=7, edge_distance=\""12 mm hole centre\"", interfaces=\""2x Ø3.4 through on orthogonal legs\""),"", ""line"": 810, ""path"": ""cad/freecad/compact/geometry.py"", ""sha256"": ""ca7867a5a50cb0fdb74387e8e8fe7b5b619102e2fed90c52fba5cb227de6fde7""}, {""commit"": """", ""excerpt"": ""- controlling requirements: `185 x175 x115 outside; sheet1.00 ±0.05; PPR-C03 slot1.40 ±0.30 gives clearance0.05–0.75; corner reliefs control; no inward burr/dead pocket; removable without cutter disassembly`"", ""line"": 7, ""path"": ""exports/fabrication/parts/FD-BIN-01/drawing_notes.md"", ""sha256"": ""042d664157d18dc087985564549e4de67896f01a19a9e29e3234556b7431a9c8""}]",NOT_RUN,PASS
