candidate_id,tip_mm,width_mm,eccentric_mm,gap_mm,hook_depth_mm,hooks,ratio_denominator,orbit_rpm,screen_hole_mm,screen_thickness_mm,screen_arc_deg,rising_fraction,shear_ratio,chamber_mm,min_eccentric_sleeve_od_mm,root_web_mm,pin_pitch_radius_screen_mm,pin_plate_od_screen_mm,compact_pin_family_possible,compact_pin_limit_mm,kinematic_geometry_feasible,mechanism_status,bearing_status,reject_reasons,sampled_gap_mm
C1-SEED,110.0,40.0,7.0,0.8,12.0,8,8,116.0,4.0,2.0,100.0,0.72,5.333333333333333,125.6,32.0,12.0,69.30000000000001,164.60000000000002,True,178,True,PROFILE_CONTACT_CHECK_REQUIRED,NOMINAL_BOUNDARY_NOT_APPROVED_MPN,,0.800002992532022
C2-001,92.46298737360893,41.66976739641918,7.451636458766684,0.5894008172444913,10.939727219790209,9,11,131.97396296206315,4.635463474870705,2.0296303350188927,83.44363719262964,0.6835141254443017,5.333333333333333,108.54506192563127,32.90327291753337,4.291766467014256,98.36160125572025,222.7232025114405,False,178,False,ALTERNATIVE_CONSTRAINT_REQUIRED_OR_LARGER_CASSETTE,NOMINAL_BOUNDARY_NOT_APPROVED_MPN,CHAMBER_OUTSIDE_HANDOVER_RANGE,
C2-002,103.75531928205177,38.72538190075219,9.399406194982333,1.0603981951309949,11.869540606304028,10,11,64.8942573350702,4.749083182815811,3.7512373752724777,89.30137232435796,0.6354880224740744,4.0,124.67492806227843,36.79881238996467,6.008119034721858,124.07216177376681,274.14432354753365,False,178,False,ALTERNATIVE_CONSTRAINT_REQUIRED_OR_LARGER_CASSETTE,NOMINAL_BOUNDARY_NOT_APPROVED_MPN,CHAMBER_OUTSIDE_HANDOVER_RANGE,
C2-003,90.95879880516071,36.46673470887263,8.081532446313766,0.3988281042975017,8.234240290170064,9,11,157.61168552211853,3.3039962227483133,3.8656286321668265,98.27410932043742,0.700124644824904,3.0,107.91951990638324,34.16306489262753,6.245159112410292,106.67622829134172,239.35245658268343,False,178,False,ALTERNATIVE_CONSTRAINT_REQUIRED_OR_LARGER_CASSETTE,NOMINAL_BOUNDARY_NOT_APPROVED_MPN,CHAMBER_OUTSIDE_HANDOVER_RANGE,
C2-004,113.36397500768095,39.3269319843878,12.033547850575808,0.4719924645943818,12.30821564456567,8,14,141.27028940546313,5.408225480353554,3.073190125504753,104.44087166442549,0.7344497909462968,5.333333333333333,138.37505563802134,42.067095701151615,6.873771859274804,198.55353953450086,423.1070790690017,False,178,True,ALTERNATIVE_CONSTRAINT_REQUIRED_OR_LARGER_CASSETTE,NOMINAL_BOUNDARY_NOT_APPROVED_MPN,,0.4720087576968979
C2-005,111.96634145786118,40.64344688206121,10.82788083604974,1.1872823901553418,11.084780540785731,7,16,164.9118910373125,4.073731633233608,2.5480131405808457,84.95076158110278,0.7909342779618984,4.0,135.99666791027136,39.65576167209948,10.898390188144859,202.48137163413014,430.9627432682603,False,178,True,ALTERNATIVE_CONSTRAINT_REQUIRED_OR_LARGER_CASSETTE,NOMINAL_BOUNDARY_NOT_APPROVED_MPN,,1.1872824143416807
C2-006,111.52247976275194,35.86083059453631,11.5490056503722,0.8759176298466298,11.509682678667627,8,13,165.35735222775406,5.176280209672207,2.521717046314595,128.09833463137193,0.7729749614046882,5.333333333333333,136.3723263231896,41.0980113007444,6.751557202708341,177.85468701573188,381.70937403146377,False,178,True,ALTERNATIVE_CONSTRAINT_REQUIRED_OR_LARGER_CASSETTE,NOMINAL_BOUNDARY_NOT_APPROVED_MPN,,0.8759589975766886
C2-007,97.6207344684159,39.99466813097811,9.055458685403785,1.1015282801152906,11.796149969519746,9,7,138.4593201706922,4.928758008168543,3.351426193258959,127.58239767447137,0.7779548257846741,5.333333333333333,117.93470839945405,36.11091737080757,3.014217264688206,79.68803643155331,185.37607286310663,False,178,False,ALTERNATIVE_CONSTRAINT_REQUIRED_OR_LARGER_CASSETTE,NOMINAL_BOUNDARY_NOT_APPROVED_MPN,CHAMBER_OUTSIDE_HANDOVER_RANGE,
C2-008,107.91617198017784,42.75903883803059,11.912766019465668,1.0778941363012025,9.216188271858066,9,9,92.27769557734172,4.719433559969934,2.463409827805452,121.0795845771682,0.7221864058073297,4.0,133.8974922917116,41.825532038931335,7.241897718230852,131.04042621412236,288.0808524282447,False,178,True,ALTERNATIVE_CONSTRAINT_REQUIRED_OR_LARGER_CASSETTE,NOMINAL_BOUNDARY_NOT_APPROVED_MPN,,1.0780100042763223
C2-009,99.73037385577436,40.843841949420714,10.896148666575264,0.5210882674890107,12.84066684582346,8,6,108.33969694641374,5.338341753367319,3.0380014115349643,106.33348574724954,0.7789123790835782,4.0,122.56484772390291,39.79229733315053,3.0245200820637166,83.90034473262955,193.8006894652591,False,178,False,ALTERNATIVE_CONSTRAINT_REQUIRED_OR_LARGER_CASSETTE,NOMINAL_BOUNDARY_NOT_APPROVED_MPN,CHAMBER_OUTSIDE_HANDOVER_RANGE,
C2-010,95.36454266389488,40.481774874133144,12.130063970607818,0.4199144123826266,8.200631685815138,10,6,120.9735974221903,3.489869763742067,2.6523756779140943,112.7849127254402,0.6475282414728453,3.0,120.46449942987577,42.260127941215636,1.981639646132301,93.4014925736802,212.8029851473604,False,178,False,ALTERNATIVE_CONSTRAINT_REQUIRED_OR_LARGER_CASSETTE,NOMINAL_BOUNDARY_NOT_APPROVED_MPN,CHAMBER_OUTSIDE_HANDOVER_RANGE|ECCENTRIC_SLEEVE_OR_BEARING_ROOT_WEB,
C2-011,101.99806921144993,42.812242521258845,9.956727942436725,0.8478452127316205,8.566268625790656,8,9,116.47333941397942,4.6689749277283195,2.2071063221069913,97.20790969652495,0.6972397273944708,5.333333333333333,123.60721552178663,37.91345588487345,8.43276597993431,109.52400736680397,245.04801473360794,False,178,False,ALTERNATIVE_CONSTRAINT_REQUIRED_OR_LARGER_CASSETTE,NOMINAL_BOUNDARY_NOT_APPROVED_MPN,CHAMBER_OUTSIDE_HANDOVER_RANGE,
C2-012,114.85626254933243,37.58499673459453,11.819056403794104,1.1188320374368377,10.753721700426082,6,15,83.6316435490982,5.316121409954267,2.8764862309017767,81.68758291246127,0.6338674327923152,4.0,140.7320394317943,41.63811280758821,9.17440957424013,208.01539270677625,442.0307854135525,False,178,True,ALTERNATIVE_CONSTRAINT_REQUIRED_OR_LARGER_CASSETTE,NOMINAL_BOUNDARY_NOT_APPROVED_MPN,,1.1246134694431476
C2-013,93.84821063669386,41.99719347693459,7.009832416254018,0.6474812721663941,8.446477125270345,8,11,165.7572892319005,4.951014342018063,3.294393156915616,93.37973200870572,0.7563805961530808,5.333333333333333,109.1628380135347,32.019664832508035,7.477628193076583,92.52978789455304,211.05957578910608,False,178,False,ALTERNATIVE_CONSTRAINT_REQUIRED_OR_LARGER_CASSETTE,NOMINAL_BOUNDARY_NOT_APPROVED_MPN,CHAMBER_OUTSIDE_HANDOVER_RANGE,
C2-014,110.77870247959754,41.21385366473597,9.784421455937395,0.7872517940304713,13.806930328745269,6,14,138.98548900712552,5.436235444690239,2.715314426415923,83.92497065525423,0.7974319406143928,5.333333333333333,131.92204897953326,37.56884291187479,7.582420911053504,161.44295402296703,348.88590804593406,False,178,True,ALTERNATIVE_CONSTRAINT_REQUIRED_OR_LARGER_CASSETTE,NOMINAL_BOUNDARY_NOT_APPROVED_MPN,,0.7872645893233283
C2-015,114.57870913085225,43.24666617770872,12.840598149062881,0.8532537864288525,12.630926768115591,9,6,142.86570151997324,3.47614847887034,2.2249462374233815,112.82273389854876,0.685705090277179,3.0,141.96641300183572,43.68119629812576,7.15842779731053,98.87260574778419,223.74521149556838,False,178,True,ALTERNATIVE_CONSTRAINT_REQUIRED_OR_LARGER_CASSETTE,NOMINAL_BOUNDARY_NOT_APPROVED_MPN,,0.8532620218449836
C2-016,109.55600014536003,44.54702914490747,11.372810422638674,1.0800521632650768,11.473688524102228,8,11,169.50763647685437,5.091758450998093,2.741006575583623,116.54830893039396,0.6726045496387043,5.333333333333333,134.46172531716752,40.745620845277344,5.804311548577786,150.1210975788305,326.242195157661,False,178,True,ALTERNATIVE_CONSTRAINT_REQUIRED_OR_LARGER_CASSETTE,NOMINAL_BOUNDARY_NOT_APPROVED_MPN,,1.0838669480129113
C2-017,95.04214750548984,37.06239007898111,7.204587808494198,0.667609932277839,10.146114765462892,9,7,156.5472153212679,3.8855988511521398,3.5333403857335792,80.3227554999136,0.6843814644964166,5.333333333333333,110.78654298703391,32.40917561698839,6.374958987282028,63.40037271474895,152.8007454294979,True,178,False,PROFILE_CONTACT_CHECK_REQUIRED,NOMINAL_BOUNDARY_NOT_APPROVED_MPN,CHAMBER_OUTSIDE_HANDOVER_RANGE,
C2-018,104.38207410048578,35.20691404702629,13.947279908385095,0.34890981754008465,11.215721721839623,10,8,115.48890957108242,5.1320421479758025,3.519641163714817,116.44023300939492,0.7251340115507519,3.0,132.97445355233614,45.89455981677019,0.9753153284032692,138.07807109301245,302.1561421860249,False,178,False,ALTERNATIVE_CONSTRAINT_REQUIRED_OR_LARGER_CASSETTE,NOMINAL_BOUNDARY_NOT_APPROVED_MPN,ECCENTRIC_SLEEVE_OR_BEARING_ROOT_WEB,
C2-019,114.30288478922289,43.531017761374585,13.283716563207946,1.1439050065730454,13.422403921356308,8,10,163.92246930410954,3.2462921092437194,2.775691367074282,92.51458172198244,0.7285778404019033,3.0,143.15812792878486,44.56743312641589,6.229038473255137,160.73297041481615,347.4659408296323,False,178,True,ALTERNATIVE_CONSTRAINT_REQUIRED_OR_LARGER_CASSETTE,NOMINAL_BOUNDARY_NOT_APPROVED_MPN,,1.1439475614008217
C2-020,106.87898352151846,40.95298610039923,12.201498671956955,0.9354659258048372,9.915335785881394,7,8,83.08958299404209,3.6762072701003254,3.4199394599217134,125.41469932217964,0.6503176333699981,3.0,133.15291271704206,42.40299734391391,6.024155974877836,120.79483685237386,267.5896737047477,False,178,True,ALTERNATIVE_CONSTRAINT_REQUIRED_OR_LARGER_CASSETTE,NOMINAL_BOUNDARY_NOT_APPROVED_MPN,,0.9354800710764408
C2-021,108.77698963839165,44.00970687542437,8.122518303883233,0.21711855083019077,10.16873536906287,8,12,104.38991213252353,4.225551888664924,2.280204302560318,121.38903261325058,0.7553594701025884,5.333333333333333,125.4562633478185,34.245036607766465,13.219759450132955,116.15201174553023,258.30402349106043,False,178,True,ALTERNATIVE_CONSTRAINT_REQUIRED_OR_LARGER_CASSETTE,NOMINAL_BOUNDARY_NOT_APPROVED_MPN,,0.21712402647668938
C2-022,113.17922050890904,43.57445983349141,10.191916935557753,0.8970464418433721,11.555468203004418,6,9,151.19089926801988,4.382667918247094,2.3246952232083347,100.06758165312084,0.7996960898630461,4.0,135.35714726371128,38.383833871115506,11.034142051450104,112.11108629113528,250.22217258227056,False,178,True,ALTERNATIVE_CONSTRAINT_REQUIRED_OR_LARGER_CASSETTE,NOMINAL_BOUNDARY_NOT_APPROVED_MPN,,0.8972090261674168
C2-023,98.89628420789295,44.69278525981565,12.248336316148219,0.7555191584537946,10.223581747716077,6,10,88.4509254656353,3.7180713328412858,3.4234633477007437,110.99832035684216,0.7623388924351441,3.0,124.90399515709697,42.49667263229644,1.7245603562303984,148.20486942539347,322.40973885078694,False,178,False,ALTERNATIVE_CONSTRAINT_REQUIRED_OR_LARGER_CASSETTE,NOMINAL_BOUNDARY_NOT_APPROVED_MPN,CHAMBER_OUTSIDE_HANDOVER_RANGE|ECCENTRIC_SLEEVE_OR_BEARING_ROOT_WEB,
C2-024,91.22968329617542,35.03875798836656,9.992093721107649,0.7055776212934526,13.000650501506831,8,13,117.488987251695,4.954344643044376,3.3349843512096187,101.3920239263267,0.7029658468898532,5.333333333333333,112.62502598097763,37.9841874422153,-1.385808853419121,153.8782433050578,333.7564866101156,False,178,False,ALTERNATIVE_CONSTRAINT_REQUIRED_OR_LARGER_CASSETTE,NOMINAL_BOUNDARY_NOT_APPROVED_MPN,CHAMBER_OUTSIDE_HANDOVER_RANGE|ECCENTRIC_SLEEVE_OR_BEARING_ROOT_WEB,
C2-025,108.22915436251196,41.48356642114719,7.968896218191834,1.0162211935852068,9.829734211710768,9,8,60.37358155207318,3.582925502074064,2.633728450058769,122.43920484218052,0.7742251975311097,5.333333333333333,126.19938918606604,33.93779243638367,13.28484296954521,78.89207256009917,183.78414512019833,False,178,True,ALTERNATIVE_CONSTRAINT_REQUIRED_OR_LARGER_CASSETTE,NOMINAL_BOUNDARY_NOT_APPROVED_MPN,,1.0162222438531643
C2-026,99.38551236611478,39.88222404278735,7.349542815664904,0.7947035830175724,10.73030331858711,7,12,129.5942697499221,3.640233831924167,2.297675118963147,83.59182818453367,0.7961791082990802,4.0,115.67400516347973,32.69908563132981,7.962452864470279,105.09846226400813,236.19692452801627,False,178,False,ALTERNATIVE_CONSTRAINT_REQUIRED_OR_LARGER_CASSETTE,NOMINAL_BOUNDARY_NOT_APPROVED_MPN,CHAMBER_OUTSIDE_HANDOVER_RANGE,
C2-027,92.85302708048931,38.54373144210402,9.262168558004994,0.8174853384779266,12.759327438634244,7,14,161.3190274824588,4.5120704665963025,3.682648474365106,115.86757658528414,0.6937371591923749,4.0,113.01233487345516,36.52433711600999,-0.3328138983895883,152.82578120708243,331.65156241416486,False,178,False,ALTERNATIVE_CONSTRAINT_REQUIRED_OR_LARGER_CASSETTE,NOMINAL_BOUNDARY_NOT_APPROVED_MPN,CHAMBER_OUTSIDE_HANDOVER_RANGE|ECCENTRIC_SLEEVE_OR_BEARING_ROOT_WEB,
C2-028,106.74478780449701,42.98223718110883,10.348570882296219,0.5807101831097168,13.784930734396946,7,9,161.13901101875175,3.739679713807926,3.0241071756696956,105.1293816392772,0.7182391459695503,3.0,128.60334993530887,38.69714176459244,5.58746316785156,113.83427970525842,253.66855941051685,False,178,True,ALTERNATIVE_CONSTRAINT_REQUIRED_OR_LARGER_CASSETTE,NOMINAL_BOUNDARY_NOT_APPROVED_MPN,,0.5807116427879677
C2-029,113.44771681725271,36.81078503267275,11.852761479069656,0.22571038188643552,8.35075158779279,9,7,100.16670660807068,3.797220745439757,2.645356954462897,104.10610081558917,0.6624128746244115,4.0,137.60466053916488,41.70552295813931,10.87310682083357,104.30430101581298,234.60860203162596,False,178,True,ALTERNATIVE_CONSTRAINT_REQUIRED_OR_LARGER_CASSETTE,NOMINAL_BOUNDARY_NOT_APPROVED_MPN,,0.2263341976011759
C2-030,91.89544891351302,42.257237942043346,9.520471200670812,0.3849520095602892,10.597006458817733,7,10,141.91430754585497,3.1364483011990174,2.941058295799221,126.69749503770672,0.726324490352447,3.0,111.70629533397522,37.040942401341624,1.35071799793878,115.19770152811684,256.3954030562337,False,178,False,ALTERNATIVE_CONSTRAINT_REQUIRED_OR_LARGER_CASSETTE,NOMINAL_BOUNDARY_NOT_APPROVED_MPN,CHAMBER_OUTSIDE_HANDOVER_RANGE|ECCENTRIC_SLEEVE_OR_BEARING_ROOT_WEB,
C2-031,96.50544065266702,37.7400645796815,7.777862392595907,1.1711750089429984,13.389836809656254,10,13,175.91033263392256,3.1528993287006695,3.93406157347227,121.92914796592646,0.783702402189263,4.0,114.40351545574484,33.55572478519181,3.8628835166772575,119.77908084597696,265.55816169195396,False,178,False,ALTERNATIVE_CONSTRAINT_REQUIRED_OR_LARGER_CASSETTE,NOMINAL_BOUNDARY_NOT_APPROVED_MPN,CHAMBER_OUTSIDE_HANDOVER_RANGE,
C2-032,104.05198299253937,42.54631791316013,7.132992107479637,0.30961759771841996,13.447557523050259,7,10,67.39440346273818,3.985579932682914,3.201176565500538,90.90517619001771,0.7215934893935813,3.0,118.93720240293548,32.265984214959275,7.5784339732194255,86.30920450050361,198.61840900100722,False,178,False,ALTERNATIVE_CONSTRAINT_REQUIRED_OR_LARGER_CASSETTE,NOMINAL_BOUNDARY_NOT_APPROVED_MPN,CHAMBER_OUTSIDE_HANDOVER_RANGE,
C2-033,98.24643836169463,36.8461013918278,7.82476433574827,0.5568383656440413,8.282044296240498,6,9,149.41562659297762,3.6716121698638964,3.543157609163127,82.05345399438842,0.6211101665110017,5.333333333333333,115.00964376447925,33.64952867149654,9.841174884606815,86.07240769323099,198.14481538646197,False,178,False,ALTERNATIVE_CONSTRAINT_REQUIRED_OR_LARGER_CASSETTE,NOMINAL_BOUNDARY_NOT_APPROVED_MPN,CHAMBER_OUTSIDE_HANDOVER_RANGE,
C2-034,105.27096148002535,41.29001350199364,7.710545023569232,0.565367839897485,11.110389104288675,10,16,69.33247128970706,5.344926917601073,2.200763917402645,89.5570582522779,0.7087946883143603,4.0,121.82278720695878,33.42109004713846,10.525091635723996,144.18719194074464,314.3743838814893,False,178,False,ALTERNATIVE_CONSTRAINT_REQUIRED_OR_LARGER_CASSETTE,NOMINAL_BOUNDARY_NOT_APPROVED_MPN,CHAMBER_OUTSIDE_HANDOVER_RANGE,
C2-035,92.29461314419925,44.48312049587686,10.921252610378252,0.5307500573135034,8.813421570547991,8,14,68.74848522023835,5.372854349447357,2.483922874006732,126.5999981950045,0.6429115025905925,5.333333333333333,115.19861847958276,39.84250522075651,3.3338850015516357,180.20066807124115,386.4013361424823,False,178,False,ALTERNATIVE_CONSTRAINT_REQUIRED_OR_LARGER_CASSETTE,NOMINAL_BOUNDARY_NOT_APPROVED_MPN,CHAMBER_OUTSIDE_HANDOVER_RANGE,
C2-036,112.17833914873592,37.08958901507336,10.468587501691827,0.42840038671016134,12.360510568432622,9,7,101.02367944354464,3.5721801593597213,3.7389129368164444,112.23667023811163,0.6889102786448517,5.333333333333333,133.97231492553988,38.93717500338366,9.728659005935334,92.12357001488809,210.24714002977618,False,178,True,ALTERNATIVE_CONSTRAINT_REQUIRED_OR_LARGER_CASSETTE,NOMINAL_BOUNDARY_NOT_APPROVED_MPN,,0.42863019012651193
C2-037,91.54976177625818,42.500422909116764,9.618374409724114,0.7274100232866285,11.127754485201644,9,7,84.02785153940738,4.347847347876951,2.1883940734155676,85.75473978976024,0.7400660464619863,4.0,112.24133064227966,37.23674881944822,0.6471264029274479,84.6416948055722,195.2833896111444,False,178,False,ALTERNATIVE_CONSTRAINT_REQUIRED_OR_LARGER_CASSETTE,NOMINAL_BOUNDARY_NOT_APPROVED_MPN,CHAMBER_OUTSIDE_HANDOVER_RANGE|ECCENTRIC_SLEEVE_OR_BEARING_ROOT_WEB,
C2-038,98.38050976388507,43.338010917773396,12.593388894059428,1.0058711384226315,8.326097668017155,10,8,72.68728760212989,3.7247541626243055,2.0025170549238265,86.14695482019233,0.6646846102724545,5.333333333333333,125.5790298288492,43.18677778811886,3.364157213925381,124.67455005118835,275.3491001023767,False,178,True,ALTERNATIVE_CONSTRAINT_REQUIRED_OR_LARGER_CASSETTE,NOMINAL_BOUNDARY_NOT_APPROVED_MPN,,1.0058719043942048
C2-039,91.79631845115408,41.381984387628805,13.500960785545253,0.6052216074655348,8.098837126856777,9,7,80.5834201125507,3.8691126018269073,2.6306629657530274,126.35228511678952,0.70506678529574,4.0,120.00868323717566,45.001921571090506,-2.2006779012797395,118.80845491279824,263.6169098255965,False,178,False,ALTERNATIVE_CONSTRAINT_REQUIRED_OR_LARGER_CASSETTE,NOMINAL_BOUNDARY_NOT_APPROVED_MPN,CHAMBER_OUTSIDE_HANDOVER_RANGE|ECCENTRIC_SLEEVE_OR_BEARING_ROOT_WEB,
C2-040,92.56904160726893,35.73206396633066,10.25215395272988,0.23024564861384378,10.016123739715894,6,6,178.32413892222274,4.820287123447329,2.916570919407258,88.89682485138636,0.7600049866993606,5.333333333333333,113.53384080995637,38.50430790545976,2.26839706391857,78.94158543602009,183.88317087204018,False,178,False,ALTERNATIVE_CONSTRAINT_REQUIRED_OR_LARGER_CASSETTE,NOMINAL_BOUNDARY_NOT_APPROVED_MPN,CHAMBER_OUTSIDE_HANDOVER_RANGE|ECCENTRIC_SLEEVE_OR_BEARING_ROOT_WEB,
C2-041,95.77728735317262,38.79851933478815,9.68363553701537,0.2541826369250035,9.128836882402709,10,7,96.34829015908244,4.432550789828771,2.8544918874935994,122.30942529543779,0.6927444357911998,5.333333333333333,115.65292370105337,37.36727107403074,4.7598067941836035,85.21599272573526,196.43198545147052,False,178,False,ALTERNATIVE_CONSTRAINT_REQUIRED_OR_LARGER_CASSETTE,NOMINAL_BOUNDARY_NOT_APPROVED_MPN,CHAMBER_OUTSIDE_HANDOVER_RANGE,
C2-042,104.7846550290487,40.586136029097474,10.069873211999717,1.0251912062871353,12.94797058127109,6,8,133.60868611776516,4.310232914013531,2.8209254955728214,120.69346674935593,0.6275845109672737,3.0,126.9747838656224,38.13974642399943,5.44435693325326,99.6917447987972,225.3834895975944,False,178,True,ALTERNATIVE_CONSTRAINT_REQUIRED_OR_LARGER_CASSETTE,NOMINAL_BOUNDARY_NOT_APPROVED_MPN,,1.0252221418665357
C2-043,106.51687531071791,35.75725144039746,7.420807617001209,0.2137056793697249,12.131406633551274,8,16,66.68900490944927,4.9654434958184215,3.5977313184210757,120.26455507173415,0.730526224922408,5.333333333333333,121.78590190345977,32.84161523400242,10.127031021807682,138.7691024379226,303.5382048758452,False,178,False,ALTERNATIVE_CONSTRAINT_REQUIRED_OR_LARGER_CASSETTE,NOMINAL_BOUNDARY_NOT_APPROVED_MPN,CHAMBER_OUTSIDE_HANDOVER_RANGE,
C2-044,103.27375326666201,40.88439602433542,8.156865417225866,0.53966523071734,13.988307729392565,8,6,87.43590636294954,4.922843370568357,2.378445346910264,100.85542152270365,0.7356942524179757,4.0,120.66681456254842,34.31373083445173,6.64856890393844,62.807863712639175,151.61572742527835,True,178,False,PROFILE_CONTACT_CHECK_REQUIRED,NOMINAL_BOUNDARY_NOT_APPROVED_MPN,CHAMBER_OUTSIDE_HANDOVER_RANGE,
C2-045,109.97565435061782,35.359084797680005,8.277013599644313,0.9000389956929562,10.987383744530838,7,16,136.1909389027964,3.181243292412511,2.0466376308885947,93.24479421820774,0.7276990012962578,4.0,128.32975954129236,34.554027199288626,13.00044343077807,154.78015431334867,335.56030862669735,False,178,True,ALTERNATIVE_CONSTRAINT_REQUIRED_OR_LARGER_CASSETTE,NOMINAL_BOUNDARY_NOT_APPROVED_MPN,,0.9000390751510139
C2-046,110.08636811359054,44.28887838860762,7.750019143718171,0.9205455421321576,8.42814616248291,7,7,97.02028266887352,4.1083776997668595,2.3093782229184354,91.88942328335925,0.7596976710911137,3.0,127.4274974852912,33.50003828743634,15.615037894312358,68.20016846471991,162.40033692943982,True,178,True,PROFILE_CONTACT_CHECK_REQUIRED,NOMINAL_BOUNDARY_NOT_APPROVED_MPN,,0.9208029135976332
C2-047,101.79910914249562,41.19789048567775,13.399683148728432,0.3355361856427665,9.063467033778316,9,16,137.63398348496452,4.7103405669012695,3.499893681863429,108.61772170356905,0.7641220928242665,4.0,129.26954781123803,44.799366297456864,4.336087537469496,250.5740748812217,527.1481497624434,False,178,True,ALTERNATIVE_CONSTRAINT_REQUIRED_OR_LARGER_CASSETTE,NOMINAL_BOUNDARY_NOT_APPROVED_MPN,,0.33553670959629756
C2-048,110.13789378847282,37.54404906382711,10.365046536601836,0.9638074595972468,12.732389520644828,9,7,175.3957513623444,4.8581662816201625,2.1565743049120893,94.90492038701765,0.709812376824868,4.0,132.79560178087098,38.730093073203676,8.336557373591582,91.21240952209617,208.42481904419233,False,178,True,ALTERNATIVE_CONSTRAINT_REQUIRED_OR_LARGER_CASSETTE,NOMINAL_BOUNDARY_NOT_APPROVED_MPN,,0.963849998123095
C2-049,96.81680012022929,38.92781109357815,8.306041797736507,0.5268488090119654,12.682403112587647,9,12,91.42998319936272,3.014496082898598,3.3761911753236946,127.87012280943992,0.687069360695153,4.0,114.48258133372623,34.61208359547301,4.725996947526994,118.77639770763206,263.5527954152641,False,178,False,ALTERNATIVE_CONSTRAINT_REQUIRED_OR_LARGER_CASSETTE,NOMINAL_BOUNDARY_NOT_APPROVED_MPN,CHAMBER_OUTSIDE_HANDOVER_RANGE,
C2-050,112.46925299658153,43.22784249061708,13.775720133056689,1.1124405910122905,11.834417570931798,7,14,88.99113477348854,5.189044945440971,3.9072852011334467,90.5408744961342,0.6616249519682577,3.0,142.2455744447195,45.551440266113374,4.4002089273589675,227.29938219543538,480.59876439087077,False,178,True,ALTERNATIVE_CONSTRAINT_REQUIRED_OR_LARGER_CASSETTE,NOMINAL_BOUNDARY_NOT_APPROVED_MPN,,1.112569368008721
C2-051,107.7780611136329,37.37529910147154,9.029075899925596,0.7463029064886813,12.754683500675261,8,13,118.56515691790527,4.1185983887315585,3.6180194291148418,85.21110529542075,0.7068211876583042,5.333333333333333,127.32881872646146,36.05815179985119,7.134347056141188,139.0477688588542,304.0955377177084,False,178,True,ALTERNATIVE_CONSTRAINT_REQUIRED_OR_LARGER_CASSETTE,NOMINAL_BOUNDARY_NOT_APPROVED_MPN,,0.7463097428138283
C2-052,112.09376186662439,37.94437317687226,13.532007922183631,0.9906013615043567,13.018664755582828,6,11,113.11871969155851,4.141310641162395,2.9769689650593993,99.6563725077111,0.6265417212630722,5.333333333333333,141.13898043400036,45.06401584436726,3.0282161777293695,178.62250457282394,383.2450091456479,False,178,True,ALTERNATIVE_CONSTRAINT_REQUIRED_OR_LARGER_CASSETTE,NOMINAL_BOUNDARY_NOT_APPROVED_MPN,,0.991177933793395
C2-053,90.05626614475425,43.62333890071252,13.92469072539074,0.7101239929654453,9.79759261307007,9,9,146.58021934073506,4.150496017488303,3.902250393461739,92.49250066502067,0.6940841250962625,4.0,119.32589558146663,45.84938145078148,-4.769459540692949,153.17159797929816,332.3431959585963,False,178,False,ALTERNATIVE_CONSTRAINT_REQUIRED_OR_LARGER_CASSETTE,NOMINAL_BOUNDARY_NOT_APPROVED_MPN,CHAMBER_OUTSIDE_HANDOVER_RANGE|ECCENTRIC_SLEEVE_OR_BEARING_ROOT_WEB,
C2-054,99.32811870550861,41.3537441531297,13.164516022179338,0.2056588203877405,9.320608838878467,6,12,74.02002808269667,3.9333502753191154,2.5830826883110727,85.54749448565971,0.723290043762879,5.333333333333333,126.06846839064278,44.32903204435868,2.843450513875837,188.25257911716454,402.5051582343291,False,178,False,ALTERNATIVE_CONSTRAINT_REQUIRED_OR_LARGER_CASSETTE,NOMINAL_BOUNDARY_NOT_APPROVED_MPN,ECCENTRIC_SLEEVE_OR_BEARING_ROOT_WEB,
C2-055,111.12351121670434,35.30813022858166,8.75274099764319,0.3607826420986252,13.751430839122971,7,15,90.93588366847612,4.87281539478036,2.54643134565055,127.09134089705131,0.7333798133049682,5.333333333333333,129.35055849618797,35.50548199528638,7.810324769229197,154.04824155852017,334.09648311704035,False,178,True,ALTERNATIVE_CONSTRAINT_REQUIRED_OR_LARGER_CASSETTE,NOMINAL_BOUNDARY_NOT_APPROVED_MPN,,0.3607826486793897
C2-056,93.04606745203014,42.67104640024494,10.681295890286357,0.6780700256927135,9.45775253814267,7,14,119.27307026882892,5.107398839638753,2.114361951828734,123.5282703733387,0.769518003137506,4.0,115.76479928398828,39.362591780572714,3.065281187872401,176.2413821897249,378.4827643794498,False,178,False,ALTERNATIVE_CONSTRAINT_REQUIRED_OR_LARGER_CASSETTE,NOMINAL_BOUNDARY_NOT_APPROVED_MPN,CHAMBER_OUTSIDE_HANDOVER_RANGE,
C2-057,90.6167711632517,36.90843202919785,11.390222441956158,0.2636557349725438,12.450774827881155,6,9,62.75395108018819,4.029541045375632,3.2381920792084244,100.22368380013013,0.6769690271214528,3.0,113.9245275171091,40.78044488391232,-4.642389246255306,125.29244686151776,276.5848937230355,False,178,False,ALTERNATIVE_CONSTRAINT_REQUIRED_OR_LARGER_CASSETTE,NOMINAL_BOUNDARY_NOT_APPROVED_MPN,CHAMBER_OUTSIDE_HANDOVER_RANGE|ECCENTRIC_SLEEVE_OR_BEARING_ROOT_WEB,
C2-058,96.15237846487958,36.567277206620815,8.450143030850834,1.114095219489255,13.728293903788874,10,13,76.54839836101735,3.4230377009475097,3.0474782738323762,106.62168765397918,0.7515860519195834,5.333333333333333,115.28085496555975,34.900286061701664,3.347895328650914,130.13220267510286,286.2644053502057,False,178,False,ALTERNATIVE_CONSTRAINT_REQUIRED_OR_LARGER_CASSETTE,NOMINAL_BOUNDARY_NOT_APPROVED_MPN,CHAMBER_OUTSIDE_HANDOVER_RANGE,
C2-059,105.46698581947399,35.235110553350786,10.018623014446247,0.6339180963295314,11.248601265433834,10,10,122.29936366790623,5.211870547988663,2.4199988384747737,90.33915496640806,0.688537618788561,4.0,126.77206804102555,38.0372460288925,7.484891644303161,121.22533847479959,268.45067694959914,False,178,True,ALTERNATIVE_CONSTRAINT_REQUIRED_OR_LARGER_CASSETTE,NOMINAL_BOUNDARY_NOT_APPROVED_MPN,,0.6339198855818324
C2-060,99.83302609686956,36.49273888095968,10.855882616096645,1.175996136490261,9.296371492217922,6,8,166.68921302614388,4.566409515772693,2.4936605165915875,96.64183371468046,0.7889600767484679,3.0,123.89678360204337,39.71176523219329,6.620141556216858,107.47323789935679,240.94647579871358,False,178,False,ALTERNATIVE_CONSTRAINT_REQUIRED_OR_LARGER_CASSETTE,NOMINAL_BOUNDARY_NOT_APPROVED_MPN,CHAMBER_OUTSIDE_HANDOVER_RANGE,
C2-061,109.00309790595306,38.36616524216752,8.746453398979975,0.45851461525383086,13.555334239933325,7,7,61.55913679540686,3.112654422023978,2.93233507528837,124.39077376843596,0.6881075405996855,3.0,127.41303393442067,35.49290679795995,6.946214713043204,76.96878991102379,179.93757982204758,False,178,True,ALTERNATIVE_CONSTRAINT_REQUIRED_OR_LARGER_CASSETTE,NOMINAL_BOUNDARY_NOT_APPROVED_MPN,,0.4599103536748643
C2-062,109.453673487992,43.14378913656379,11.521496676070075,0.3187054232409735,8.704605938600023,9,14,121.76716312179823,3.0983213546574464,2.9896060705213987,98.7114867540016,0.678020436770505,5.333333333333333,133.1340776866141,41.04299335214015,8.522230805395978,190.10469515515626,406.20939031031253,False,178,True,ALTERNATIVE_CONSTRAINT_REQUIRED_OR_LARGER_CASSETTE,NOMINAL_BOUNDARY_NOT_APPROVED_MPN,,0.3187061273976042
C2-063,114.75015566339228,42.4257749467698,7.070462906657266,0.8230949928960998,11.529963784422938,10,9,128.13264963748782,5.459820162211918,3.9490070100454173,107.8358012551281,0.7121035599596616,4.0,130.537271462499,32.14092581331453,14.8451140472732,77.77509197322993,181.55018394645987,False,178,True,ALTERNATIVE_CONSTRAINT_REQUIRED_OR_LARGER_CASSETTE,NOMINAL_BOUNDARY_NOT_APPROVED_MPN,,0.8230959105982123
C2-064,93.31271811048899,43.74666241080531,13.187025398964035,0.39419300278317365,11.370682983937098,9,6,63.79206715820419,5.1108525823710576,2.8918085173257246,126.09904662342505,0.7052084146073299,4.0,120.4751549139834,44.37405079792807,-2.2143239286926075,101.54009557202308,229.08019114404615,False,178,False,ALTERNATIVE_CONSTRAINT_REQUIRED_OR_LARGER_CASSETTE,NOMINAL_BOUNDARY_NOT_APPROVED_MPN,CHAMBER_OUTSIDE_HANDOVER_RANGE|ECCENTRIC_SLEEVE_OR_BEARING_ROOT_WEB,
C2-065,100.34699253896024,37.33810740872839,11.741661589073367,0.2107137562317839,13.046388684712568,10,16,157.3521969574461,5.050894632372284,3.939933370989733,101.70469836877656,0.6580431318647821,5.333333333333333,124.25174322957054,41.48332317814673,-0.37289241523244954,219.56907171567198,465.13814343134396,False,178,False,ALTERNATIVE_CONSTRAINT_REQUIRED_OR_LARGER_CASSETTE,NOMINAL_BOUNDARY_NOT_APPROVED_MPN,CHAMBER_OUTSIDE_HANDOVER_RANGE|ECCENTRIC_SLEEVE_OR_BEARING_ROOT_WEB,
C2-066,113.95160164447863,36.18109775431118,8.057691703500485,0.5014368780775631,12.815711774269552,6,8,81.22322561321992,4.298819631257196,2.5950797284364064,113.592362966917,0.7326655008287699,3.0,131.06985880763472,34.11538340700097,13.160089047969763,79.7711478646548,185.5422957293096,False,178,True,ALTERNATIVE_CONSTRAINT_REQUIRED_OR_LARGER_CASSETTE,NOMINAL_BOUNDARY_NOT_APPROVED_MPN,,0.5014481898056857
C2-067,96.08964798961073,43.50152332861963,12.685762807941217,0.7645095546724883,13.829402932160608,6,12,94.35542390612261,4.744558359230004,2.340499449675688,120.16835953111973,0.6768649307054208,4.0,122.99019271483813,43.37152561588243,-3.284578937355249,181.40640815355943,388.81281630711885,False,178,False,ALTERNATIVE_CONSTRAINT_REQUIRED_OR_LARGER_CASSETTE,NOMINAL_BOUNDARY_NOT_APPROVED_MPN,CHAMBER_OUTSIDE_HANDOVER_RANGE|ECCENTRIC_SLEEVE_OR_BEARING_ROOT_WEB,
C2-068,100.69601607996773,39.51663603834302,11.57140139548173,0.41802456094493173,10.871035922503236,8,12,150.14129393083667,4.205945877779739,3.0225299505485648,107.55513762112635,0.6918340218304427,5.333333333333333,124.67486799282106,41.14280279096346,1.9769721174806278,165.47103995538876,356.9420799107775,False,178,False,ALTERNATIVE_CONSTRAINT_REQUIRED_OR_LARGER_CASSETTE,NOMINAL_BOUNDARY_NOT_APPROVED_MPN,CHAMBER_OUTSIDE_HANDOVER_RANGE|ECCENTRIC_SLEEVE_OR_BEARING_ROOT_WEB,
C2-069,95.9540214264717,40.32114956365999,8.838023952548724,0.4400642245700631,12.352790979134475,9,10,120.69762935468918,3.7580607236209236,3.7334464045346847,102.76648911221221,0.6677827546849524,4.0,114.51019778070928,35.67604790509745,1.6242197341013735,106.94008982583958,239.88017965167916,False,178,False,ALTERNATIVE_CONSTRAINT_REQUIRED_OR_LARGER_CASSETTE,NOMINAL_BOUNDARY_NOT_APPROVED_MPN,CHAMBER_OUTSIDE_HANDOVER_RANGE|ECCENTRIC_SLEEVE_OR_BEARING_ROOT_WEB,
C2-070,112.98550818889798,42.08653918220813,9.749711015883355,0.2573206912874735,13.246368165884665,8,8,152.28346498442363,3.2972400864142952,3.997418639223639,95.68810599124126,0.6286942305018769,3.0,132.99957160323964,37.49942203176671,9.246385928564322,96.52213905724521,219.04427811449042,False,178,True,ALTERNATIVE_CONSTRAINT_REQUIRED_OR_LARGER_CASSETTE,NOMINAL_BOUNDARY_NOT_APPROVED_MPN,,0.25735568947565923
C2-071,110.47012071144077,35.57169042959792,8.424984483692343,0.47361748691845185,11.406709429304769,6,12,84.74650234631015,4.905669432019959,2.748881762390028,118.58570712624245,0.7492531068468226,4.0,128.26732465266235,34.84996896738468,12.828350926415617,120.47727811680053,266.95455623360107,False,178,True,ALTERNATIVE_CONSTRAINT_REQUIRED_OR_LARGER_CASSETTE,NOMINAL_BOUNDARY_NOT_APPROVED_MPN,,0.47361972286379483
C2-072,107.13282378673634,40.27030959964526,11.035539212775547,0.23917876893762374,13.15649229291156,7,14,86.452661459137,4.5224423817591,3.5746008925816457,108.90339427210803,0.7154385492385427,3.0,129.68225975016267,40.07107842555109,2.909919600456611,182.08639701079653,390.17279402159306,False,178,False,ALTERNATIVE_CONSTRAINT_REQUIRED_OR_LARGER_CASSETTE,NOMINAL_BOUNDARY_NOT_APPROVED_MPN,ECCENTRIC_SLEEVE_OR_BEARING_ROOT_WEB,
C2-073,105.07412678859521,40.58570995895749,7.887722162280152,1.0452377813328846,13.271893817800734,7,13,170.80152576902464,3.9235826364520925,2.2855763260778463,83.81559571567237,0.7968711915816253,3.0,122.94004667582128,33.775444324560304,8.265169576496874,121.47092129911437,268.94184259822873,False,178,False,ALTERNATIVE_CONSTRAINT_REQUIRED_OR_LARGER_CASSETTE,NOMINAL_BOUNDARY_NOT_APPROVED_MPN,CHAMBER_OUTSIDE_HANDOVER_RANGE,
C2-074,99.88650156858688,39.33954822477272,11.874330531974564,0.7326284176891751,9.636674746862733,8,13,76.36553617051749,3.8073167718436833,3.222415353722906,93.79395134928083,0.6369671240310035,3.0,125.10041946791436,41.74866106394913,2.806576037430709,182.86469019240832,391.72938038481664,False,178,False,ALTERNATIVE_CONSTRAINT_REQUIRED_OR_LARGER_CASSETTE,NOMINAL_BOUNDARY_NOT_APPROVED_MPN,ECCENTRIC_SLEEVE_OR_BEARING_ROOT_WEB,
C2-075,112.86962697444346,44.11773583581531,13.69747251100346,0.9098360077396064,11.008179142019017,7,12,179.57194788627106,4.408050304740284,3.3882973362687134,103.23900841876588,0.6394835426958145,5.333333333333333,142.0842440119296,45.39494502200692,5.426634345202714,195.8738569073495,417.747713814699,False,178,True,ALTERNATIVE_CONSTRAINT_REQUIRED_OR_LARGER_CASSETTE,NOMINAL_BOUNDARY_NOT_APPROVED_MPN,,0.9098363396384883
C2-076,101.89606371659481,41.97527206640014,13.452485296509987,0.48657208729592416,13.622903662659555,10,11,111.39111936860299,3.2563781553595454,2.7925494073220234,108.30025453861572,0.7783146805002293,5.333333333333333,129.77417848420663,44.904970593019975,-0.174871804362148,177.57280591393186,381.1456118278637,False,178,False,ALTERNATIVE_CONSTRAINT_REQUIRED_OR_LARGER_CASSETTE,NOMINAL_BOUNDARY_NOT_APPROVED_MPN,ECCENTRIC_SLEEVE_OR_BEARING_ROOT_WEB,
C2-077,96.34057213832665,41.86875867678094,13.09761966353685,1.0526303120238998,11.26290418249556,7,14,169.95018205363374,3.782407458693023,2.6131955463594316,119.21764629777095,0.7917723954540447,4.0,124.64107208944816,44.1952393270737,-0.5926181133322359,216.11072444835804,458.2214488967161,False,178,False,ALTERNATIVE_CONSTRAINT_REQUIRED_OR_LARGER_CASSETTE,NOMINAL_BOUNDARY_NOT_APPROVED_MPN,CHAMBER_OUTSIDE_HANDOVER_RANGE|ECCENTRIC_SLEEVE_OR_BEARING_ROOT_WEB,
C2-078,103.18192414845234,42.725175907659676,7.392598758703826,0.27087879508303464,8.828201230498113,10,9,159.76395394730207,4.473790084937432,3.233426980506283,94.61391451084937,0.7830354275715293,3.0,118.50887925602606,32.78519751740765,11.76276084372806,81.31858634574209,188.63717269148418,False,178,False,ALTERNATIVE_CONSTRAINT_REQUIRED_OR_LARGER_CASSETTE,NOMINAL_BOUNDARY_NOT_APPROVED_MPN,CHAMBER_OUTSIDE_HANDOVER_RANGE,
C2-079,94.27535415167503,43.42317561234563,12.969698176136568,0.8756545222791166,13.34653478145679,10,6,119.99688091180923,5.022860050245962,2.9727216530932985,111.43389221494246,0.7653712442938208,3.0,121.9660595485064,43.939396352273135,-3.7088577056192733,99.86667595625158,225.73335191250317,False,178,False,ALTERNATIVE_CONSTRAINT_REQUIRED_OR_LARGER_CASSETTE,NOMINAL_BOUNDARY_NOT_APPROVED_MPN,CHAMBER_OUTSIDE_HANDOVER_RANGE|ECCENTRIC_SLEEVE_OR_BEARING_ROOT_WEB,
C2-080,112.78414477063713,42.93903780829703,13.467238992756371,0.4557502720779648,13.63828284132237,6,10,172.59816327942303,4.321115355011202,3.893726007938092,83.02189121414871,0.681343483438121,4.0,140.6301233003058,44.93447798551274,5.2537895439961915,162.9535918123521,351.9071836247042,False,178,True,ALTERNATIVE_CONSTRAINT_REQUIRED_OR_LARGER_CASSETTE,NOMINAL_BOUNDARY_NOT_APPROVED_MPN,,0.4557503241696992
C2-081,110.6511097605058,38.04024973021025,7.812934070053768,0.9034033821414349,9.40628764342642,8,14,98.9871134170705,3.7646340435840115,2.6860421335338445,96.42120586996703,0.6455916372767703,5.333333333333333,128.0837846648962,33.625868140107535,14.919267236826485,128.9134121558872,283.8268243117744,False,178,True,ALTERNATIVE_CONSTRAINT_REQUIRED_OR_LARGER_CASSETTE,NOMINAL_BOUNDARY_NOT_APPROVED_MPN,,0.903419170954777
C2-082,108.62063472734876,35.18899799083802,12.928287530621544,0.4839784315600903,13.066309660849528,8,11,105.10469631244753,5.146013788026805,3.140049182888025,97.47098727088698,0.7463972027050623,5.333333333333333,135.44516665171201,43.85657506124309,3.7440077028248524,170.6533954042044,367.3067908084088,False,178,True,ALTERNATIVE_CONSTRAINT_REQUIRED_OR_LARGER_CASSETTE,NOMINAL_BOUNDARY_NOT_APPROVED_MPN,,0.48515638769588065
C2-083,110.38881597114401,35.12815503139813,7.503077351174222,0.760586838473718,10.637733507250735,7,16,109.10152064399469,4.341804227409072,3.7739865997878566,127.74335439194004,0.7013015915118017,4.0,126.9161443504399,33.00615470234845,13.55667447832127,140.30754646695797,306.61509293391595,False,178,True,ALTERNATIVE_CONSTRAINT_REQUIRED_OR_LARGER_CASSETTE,NOMINAL_BOUNDARY_NOT_APPROVED_MPN,,0.7605868832459279
C2-084,102.6938822145235,41.821098982378416,10.958544860731699,1.0287381049651223,12.868957496323695,10,12,128.9132998606177,5.490959197854883,2.6643533480447417,125.09525173464367,0.7130924406221701,5.333333333333333,126.66844814591714,39.9170897214634,4.477983610938054,156.7071915084633,339.4143830169266,False,178,True,ALTERNATIVE_CONSTRAINT_REQUIRED_OR_LARGER_CASSETTE,NOMINAL_BOUNDARY_NOT_APPROVED_MPN,,1.0287384647150972
C2-085,103.78765812375093,41.5161533265304,11.936268202060447,0.2840676186195841,10.818908862593304,8,16,67.76248510493753,3.830594951926295,2.56654879024791,101.59479589525256,0.7871428907554476,3.0,128.228329765111,41.87253640412089,3.574920199282161,223.20821537853035,472.4164307570607,False,178,True,ALTERNATIVE_CONSTRAINT_REQUIRED_OR_LARGER_CASSETTE,NOMINAL_BOUNDARY_NOT_APPROVED_MPN,,0.2840690212017307
C2-086,113.57777157481394,36.75041155374203,12.657512665835746,1.0834499011645469,13.91503395906346,6,15,161.87290301835213,4.609086625124185,2.424095307871235,88.19120384876547,0.6499443458339427,5.333333333333333,141.05969670881453,43.31502533167149,5.373851828343504,222.77222291870916,471.5444458374183,False,178,True,ALTERNATIVE_CONSTRAINT_REQUIRED_OR_LARGER_CASSETTE,NOMINAL_BOUNDARY_NOT_APPROVED_MPN,,1.0850368985014995
C2-087,102.21085232427703,41.059659128673765,11.279810941743383,0.7534538092604535,9.150098425032914,8,10,79.8300943359618,5.478417822249584,3.7670937210746542,123.13913818346558,0.7451583259822369,5.333333333333333,126.2773818262847,40.55962188348677,4.455327737105598,136.48571239509494,298.9714247901899,False,178,True,ALTERNATIVE_CONSTRAINT_REQUIRED_OR_LARGER_CASSETTE,NOMINAL_BOUNDARY_NOT_APPROVED_MPN,,0.7534885549028587
C2-088,92.08715396993873,42.85476280140649,13.604808030389203,0.5054312509253466,8.504114874978605,7,10,73.50570286920771,3.0365808729664434,3.461531474047854,80.10838137742876,0.7810240848869456,3.0,120.30763253256782,45.2096160607784,-2.460537890009242,164.61817716770938,355.23635433541875,False,178,False,ALTERNATIVE_CONSTRAINT_REQUIRED_OR_LARGER_CASSETTE,NOMINAL_BOUNDARY_NOT_APPROVED_MPN,CHAMBER_OUTSIDE_HANDOVER_RANGE|ECCENTRIC_SLEEVE_OR_BEARING_ROOT_WEB,
C2-089,94.7718764714231,43.76031578153886,10.597338014266384,0.7980039581396181,9.721125668976097,6,8,132.99916123668046,4.390106832389554,2.503057381943494,105.90721903406981,0.6440599906879746,3.0,117.5625604162351,39.19467602853277,3.664812566735449,104.91364634123723,235.82729268247445,False,178,False,ALTERNATIVE_CONSTRAINT_REQUIRED_OR_LARGER_CASSETTE,NOMINAL_BOUNDARY_NOT_APPROVED_MPN,CHAMBER_OUTSIDE_HANDOVER_RANGE,
C2-090,100.87454088556561,41.928915010854745,9.28323697869025,0.9276919376675721,9.033120592981403,7,6,134.95835905349355,3.389922264257404,2.782089325692527,118.76666202195517,0.6323087104229826,3.0,121.29639871828125,36.566473957380495,7.404149849801399,71.48092473591493,168.96184947182985,True,178,False,PROFILE_CONTACT_CHECK_REQUIRED,NOMINAL_BOUNDARY_NOT_APPROVED_MPN,CHAMBER_OUTSIDE_HANDOVER_RANGE,
C2-091,106.16653111352659,39.632871695217275,12.509079020156076,0.4130160154086333,13.2782483855744,7,13,173.87159224329335,4.699268158601601,2.314172571973266,90.95901811904565,0.660341050045507,3.0,132.010721184656,43.01815804031215,2.3050171711888936,192.63981691040357,411.27963382080713,False,178,False,ALTERNATIVE_CONSTRAINT_REQUIRED_OR_LARGER_CASSETTE,NOMINAL_BOUNDARY_NOT_APPROVED_MPN,ECCENTRIC_SLEEVE_OR_BEARING_ROOT_WEB,
C2-092,104.52991093975177,43.10007315683179,13.893500569276554,1.0328460436703368,12.392921824013513,9,15,169.11176068673626,4.695525650794574,3.3362252150071043,86.55402020996512,0.6510998228481779,3.0,134.38260416564555,45.78700113855311,-0.12796635413762658,244.52561001926736,515.0512200385347,False,178,False,ALTERNATIVE_CONSTRAINT_REQUIRED_OR_LARGER_CASSETTE,NOMINAL_BOUNDARY_NOT_APPROVED_MPN,ECCENTRIC_SLEEVE_OR_BEARING_ROOT_WEB,
C2-093,104.94956124283334,38.05195482780588,7.638610850135972,1.1673753711123174,10.045229032963494,8,14,77.37267744275327,4.5470074491781665,3.173143624770976,111.0760864550625,0.7664990857475489,4.0,122.56153368532992,33.277221700271944,11.42955158845318,126.03707902724355,278.0741580544871,False,178,False,ALTERNATIVE_CONSTRAINT_REQUIRED_OR_LARGER_CASSETTE,NOMINAL_BOUNDARY_NOT_APPROVED_MPN,CHAMBER_OUTSIDE_HANDOVER_RANGE,
C2-094,102.95779504188968,39.41669105792675,13.831096138201023,0.9435707186826621,12.476810232293806,10,12,93.0303709983888,3.346247362379135,2.055476307100999,81.28631767040063,0.7495799082087795,3.0,132.50712875565705,45.662192276402045,-0.9979127113489668,197.78467477627464,421.5693495525493,False,178,False,ALTERNATIVE_CONSTRAINT_REQUIRED_OR_LARGER_CASSETTE,NOMINAL_BOUNDARY_NOT_APPROVED_MPN,ECCENTRIC_SLEEVE_OR_BEARING_ROOT_WEB,
C2-095,114.13757229013103,38.78571094448937,9.818173177419132,0.8057239823087858,12.889028761975261,10,12,136.75032479042807,4.216222056398364,2.511209689103036,82.75837878231712,0.7374290085432067,5.333333333333333,135.38536660958687,37.63634635483827,10.179757383090255,140.39987643709358,306.79975287418716,False,178,True,ALTERNATIVE_CONSTRAINT_REQUIRED_OR_LARGER_CASSETTE,NOMINAL_BOUNDARY_NOT_APPROVED_MPN,,0.8057242715192956
C2-096,93.73021300592085,36.5489478222362,13.649428590548602,0.8495404443670647,12.692040687702082,7,15,167.28705018945982,3.372582973798061,3.6498454964190694,93.49327695227534,0.7684717026017426,3.0,122.72815107575218,45.298857181097205,-5.82693418474166,240.22994319365543,506.45988638731086,False,178,False,ALTERNATIVE_CONSTRAINT_REQUIRED_OR_LARGER_CASSETTE,NOMINAL_BOUNDARY_NOT_APPROVED_MPN,CHAMBER_OUTSIDE_HANDOVER_RANGE|ECCENTRIC_SLEEVE_OR_BEARING_ROOT_WEB,
C2-097,99.9610640167167,41.773750352697135,9.097225324595781,1.199801239633173,11.61052386995594,8,13,128.55948754574416,3.872439257907234,3.2712567253772002,86.65487482356285,0.6541904879260764,4.0,120.55511714517462,36.194450649191566,4.370008138402412,140.09726999877503,306.19453999755007,False,178,False,ALTERNATIVE_CONSTRAINT_REQUIRED_OR_LARGER_CASSETTE,NOMINAL_BOUNDARY_NOT_APPROVED_MPN,CHAMBER_OUTSIDE_HANDOVER_RANGE,
C2-098,96.40065696721328,38.46812523956583,8.562536638417521,0.9673411980744344,8.600779946960412,7,9,112.36818545232222,4.65896983660017,2.5346520923038818,91.33323548389102,0.6688685757582226,5.333333333333333,115.46041264019719,35.12507327683504,5.599548536646225,94.18790302259275,214.3758060451855,False,178,False,ALTERNATIVE_CONSTRAINT_REQUIRED_OR_LARGER_CASSETTE,NOMINAL_BOUNDARY_NOT_APPROVED_MPN,CHAMBER_OUTSIDE_HANDOVER_RANGE,
C2-099,105.60837366693158,40.08724353984989,11.315582877615489,0.4361834197726532,11.308254627132204,6,12,125.70322144122908,3.550964788985799,2.7217469056076027,96.2282234057548,0.7416494761434838,4.0,129.11190626170787,40.63116575523098,3.995932206333592,161.8128351499015,349.625670299803,False,178,True,ALTERNATIVE_CONSTRAINT_REQUIRED_OR_LARGER_CASSETTE,NOMINAL_BOUNDARY_NOT_APPROVED_MPN,,0.43620523205709105
C2-100,95.17539537863084,39.46134163976978,12.009808265369648,0.570567015854959,9.502321896295946,10,10,84.908623915416,4.267401011401477,3.1883136049106344,100.51706231009854,0.7953653142431377,4.0,120.33614594108005,42.0196165307393,0.5853757930194732,145.31868001097274,316.6373600219455,False,178,False,ALTERNATIVE_CONSTRAINT_REQUIRED_OR_LARGER_CASSETTE,NOMINAL_BOUNDARY_NOT_APPROVED_MPN,CHAMBER_OUTSIDE_HANDOVER_RANGE|ECCENTRIC_SLEEVE_OR_BEARING_ROOT_WEB,
C2-101,112.57785213962873,42.58953724049774,10.302814137899347,0.33235395114446853,13.934028601262902,10,15,148.72624940993137,3.8946013771508508,2.693108590725727,99.08462759595388,0.6490850941255776,5.333333333333333,133.84818831771636,38.60562827579869,8.354897468551464,181.32952882702853,388.65905765405705,False,178,True,ALTERNATIVE_CONSTRAINT_REQUIRED_OR_LARGER_CASSETTE,NOMINAL_BOUNDARY_NOT_APPROVED_MPN,,0.3328853259450142
C2-102,100.1257952908467,37.14735254250934,8.402376146653229,0.28049460783699637,8.164657599635628,10,16,94.1277339869397,3.159407550599059,3.9182110065659734,96.87373616429218,0.7085517830007408,3.0,117.49153679982714,34.80475229330646,10.898240045787716,157.12443394241538,340.24886788483076,False,178,False,ALTERNATIVE_CONSTRAINT_REQUIRED_OR_LARGER_CASSETTE,NOMINAL_BOUNDARY_NOT_APPROVED_MPN,CHAMBER_OUTSIDE_HANDOVER_RANGE,
C2-103,100.77375924772326,41.5639333563997,11.479442130553085,0.644386453673186,9.599542995072888,8,16,146.8147033614874,3.2243028100013444,3.256232986988346,116.93377233791752,0.7362804641368561,4.0,125.02141641617581,40.95888426110617,3.2873366287887436,214.66556784134272,455.33113568268544,False,178,True,ALTERNATIVE_CONSTRAINT_REQUIRED_OR_LARGER_CASSETTE,NOMINAL_BOUNDARY_NOT_APPROVED_MPN,,0.6443969233971671
C2-104,93.3527306250389,37.81706311740028,10.201301657617723,1.0098341241165747,11.344960580318403,10,16,89.55590138373167,4.552777285950546,2.1658787105817683,117.72683098783264,0.703737212332819,5.333333333333333,115.7750021885075,38.402603315235446,1.331404732201051,190.76434099745146,407.5286819949029,False,178,False,ALTERNATIVE_CONSTRAINT_REQUIRED_OR_LARGER_CASSETTE,NOMINAL_BOUNDARY_NOT_APPROVED_MPN,CHAMBER_OUTSIDE_HANDOVER_RANGE|ECCENTRIC_SLEEVE_OR_BEARING_ROOT_WEB,
C2-105,100.40170006398886,42.6446636814953,10.493655618592719,1.1916244127545228,8.681369206783899,8,8,60.525436179526,4.131174332532459,2.947068764997376,82.16900512780111,0.6366316509397497,3.0,123.77226012668334,38.98731123718544,7.519480825210529,103.88719062406793,233.77438124813585,False,178,False,ALTERNATIVE_CONSTRAINT_REQUIRED_OR_LARGER_CASSETTE,NOMINAL_BOUNDARY_NOT_APPROVED_MPN,CHAMBER_OUTSIDE_HANDOVER_RANGE,
C2-106,94.12893416701931,37.26198852997446,7.873700476144365,0.6889333900160249,10.309623669283692,10,10,145.71960668436643,3.040752997735395,3.394010197886762,122.08719213790326,0.7725134419780024,5.333333333333333,111.25420189934009,33.74740095228873,5.7548434142259595,95.27177576134682,216.54355152269363,False,178,False,ALTERNATIVE_CONSTRAINT_REQUIRED_OR_LARGER_CASSETTE,NOMINAL_BOUNDARY_NOT_APPROVED_MPN,CHAMBER_OUTSIDE_HANDOVER_RANGE,
C2-107,97.34633458447365,44.371988234339995,9.45525017632773,0.4950427660578824,12.200771603768786,9,14,155.08739501358298,5.2825616229562,3.971818985487287,109.70338142914312,0.7587700753514149,4.0,117.24692046924488,36.91050035265546,2.4723956884680405,156.01162790940757,338.02325581881513,False,178,False,ALTERNATIVE_CONSTRAINT_REQUIRED_OR_LARGER_CASSETTE,NOMINAL_BOUNDARY_NOT_APPROVED_MPN,CHAMBER_OUTSIDE_HANDOVER_RANGE|ECCENTRIC_SLEEVE_OR_BEARING_ROOT_WEB,
C2-108,94.96376196570415,38.87456720061494,10.754982977965117,0.2599715394762296,8.629721223845378,8,6,172.33124054532854,3.3564135016445618,3.5651784305063825,109.3669057101861,0.696360023483811,5.333333333333333,116.99367100058684,39.509965955930234,4.852159759006696,82.81336893033141,191.62673786066281,False,178,False,ALTERNATIVE_CONSTRAINT_REQUIRED_OR_LARGER_CASSETTE,NOMINAL_BOUNDARY_NOT_APPROVED_MPN,CHAMBER_OUTSIDE_HANDOVER_RANGE,
C2-109,95.965526343298,40.79967997708794,7.369866667031643,0.9882386599591464,8.962194690062024,7,7,74.46797140591973,5.304588240391416,3.6399051026596974,114.50690416952128,0.6246174059187598,3.0,112.68173699727957,32.73973333406329,8.020568481586977,64.85482666987846,155.70965333975693,True,178,False,PROFILE_CONTACT_CHECK_REQUIRED,NOMINAL_BOUNDARY_NOT_APPROVED_MPN,CHAMBER_OUTSIDE_HANDOVER_RANGE,
C2-110,94.07082048355986,35.532859488858996,11.01858778233565,0.7851641976351917,9.120998216375188,9,10,114.51622044538756,4.834861569441583,3.009113373933247,115.09896080439032,0.6954856473170683,4.0,117.67832444350154,40.0371755646713,0.41441202540474364,133.32491216626138,292.64982433252277,False,178,False,ALTERNATIVE_CONSTRAINT_REQUIRED_OR_LARGER_CASSETTE,NOMINAL_BOUNDARY_NOT_APPROVED_MPN,CHAMBER_OUTSIDE_HANDOVER_RANGE|ECCENTRIC_SLEEVE_OR_BEARING_ROOT_WEB,
C2-111,107.2753159995835,42.91635957920232,9.919877738373572,0.8371290686029123,10.394770441224107,10,6,139.72288443147835,3.647364887985102,2.657208403351706,107.29399200025854,0.6698565243825891,4.0,128.78932961353647,37.83975547674714,9.242887558567645,76.3830585854765,178.766117170953,False,178,True,ALTERNATIVE_CONSTRAINT_REQUIRED_OR_LARGER_CASSETTE,NOMINAL_BOUNDARY_NOT_APPROVED_MPN,,0.8371292003554558
C2-112,101.17042409541362,41.700185852394384,9.162683369237826,0.8696723187600932,12.112191914995005,6,6,147.91510965143942,3.414138595558367,3.7148149977612563,90.55047446919622,0.793720160906773,4.0,121.23513547140946,36.32536673847565,4.4730201327118095,70.55266194313127,167.10532388626254,True,178,False,PROFILE_CONTACT_CHECK_REQUIRED,NOMINAL_BOUNDARY_NOT_APPROVED_MPN,CHAMBER_OUTSIDE_HANDOVER_RANGE,
C2-113,95.6764915867025,39.096208638460126,7.466252744502965,0.44480711772694254,10.689469263135136,6,15,103.98020496796866,5.486727707281935,2.818601862061843,113.6563479071333,0.7738392752342789,3.0,111.4986113111623,32.93250548900593,6.148776530216111,131.4060483032522,288.8120966065044,False,178,False,ALTERNATIVE_CONSTRAINT_REQUIRED_OR_LARGER_CASSETTE,NOMINAL_BOUNDARY_NOT_APPROVED_MPN,CHAMBER_OUTSIDE_HANDOVER_RANGE,
C2-114,99.54859493134047,44.33284218810094,11.995021061733002,0.3388009602182615,11.395397826948304,9,8,163.04784946860195,3.599397467777169,3.2746764430674213,112.06536900288731,0.6555821545039333,5.333333333333333,124.216238975243,41.990042123466004,0.8788996387219328,118.75070851115674,263.5014170223135,False,178,False,ALTERNATIVE_CONSTRAINT_REQUIRED_OR_LARGER_CASSETTE,NOMINAL_BOUNDARY_NOT_APPROVED_MPN,CHAMBER_OUTSIDE_HANDOVER_RANGE|ECCENTRIC_SLEEVE_OR_BEARING_ROOT_WEB,
C2-115,114.42397231527059,44.616804677340525,8.970592526348462,1.1381268730677905,12.47570457186913,6,14,65.8843267088748,3.430201671657299,2.1308440494983327,117.60238099953523,0.6913830057625052,3.0,134.6414111141031,35.94118505269692,10.736281585766164,148.01477668474962,322.02955336949924,False,178,True,ALTERNATIVE_CONSTRAINT_REQUIRED_OR_LARGER_CASSETTE,NOMINAL_BOUNDARY_NOT_APPROVED_MPN,,1.138128309755544
C2-116,90.71227578519127,41.28483868563966,13.576205397310158,0.46304455844297976,13.838290602913714,10,12,156.07219274337046,4.098941640943064,2.755421874197328,125.28296548235132,0.7524842975478537,4.0,118.79077569669754,45.152410794620316,-8.482152710318083,194.13973718153525,414.2794743630705,False,178,False,ALTERNATIVE_CONSTRAINT_REQUIRED_OR_LARGER_CASSETTE,NOMINAL_BOUNDARY_NOT_APPROVED_MPN,CHAMBER_OUTSIDE_HANDOVER_RANGE|ECCENTRIC_SLEEVE_OR_BEARING_ROOT_WEB,
C2-117,91.13351580402949,39.27140399843998,12.941398072493962,0.7253930253189202,11.574273306262807,10,8,81.65371681549516,3.540250582527052,2.1438149544664262,106.9419690507944,0.7932092590733715,4.0,118.46709799965525,43.88279614498792,-3.5075154042480676,128.11984091769023,282.23968183538045,False,178,False,ALTERNATIVE_CONSTRAINT_REQUIRED_OR_LARGER_CASSETTE,NOMINAL_BOUNDARY_NOT_APPROVED_MPN,CHAMBER_OUTSIDE_HANDOVER_RANGE|ECCENTRIC_SLEEVE_OR_BEARING_ROOT_WEB,
C2-118,101.05874566382121,43.664278689619564,9.317183664650614,0.9845358270776738,11.064344236794025,10,14,77.90196224144785,3.916876209500415,3.785274834118185,86.38282392556685,0.6950017980323373,5.333333333333333,121.66218464727778,36.63436732930123,5.4650285951165785,153.73353046673515,333.4670609334703,False,178,False,ALTERNATIVE_CONSTRAINT_REQUIRED_OR_LARGER_CASSETTE,NOMINAL_BOUNDARY_NOT_APPROVED_MPN,CHAMBER_OUTSIDE_HANDOVER_RANGE,
C2-119,111.26019055692986,36.38375070400259,11.16591678999287,0.3793520001558895,12.53524994976975,10,7,145.84207722807665,5.448197804420534,2.1174168987242297,95.30682327513357,0.7105880786300554,3.0,134.35072813722738,40.33183357998574,5.594845328695179,98.26006775193727,222.52013550387454,False,178,True,ALTERNATIVE_CONSTRAINT_REQUIRED_OR_LARGER_CASSETTE,NOMINAL_BOUNDARY_NOT_APPROVED_MPN,,0.3793770977167128
C2-120,104.66767835468877,36.28901587139361,8.896321558280611,0.2452737948120149,9.349515553805011,7,10,114.90810252553993,5.241597135557945,3.877567214064713,102.06334643124174,0.7583672822328685,5.333333333333333,122.95086906087403,35.79264311656122,8.984323623539375,107.6454908551954,241.2909817103908,False,178,False,ALTERNATIVE_CONSTRAINT_REQUIRED_OR_LARGER_CASSETTE,NOMINAL_BOUNDARY_NOT_APPROVED_MPN,CHAMBER_OUTSIDE_HANDOVER_RANGE,
C2-121,109.25350232449046,43.30139514264003,10.795913607054448,0.673130446386466,11.038327328857171,7,13,166.15913155136994,5.463658540456455,3.1651043565520327,91.32441518266049,0.7642708825226087,3.0,132.19159043137228,39.591827214108896,9.588423833388056,166.25706954863853,358.51413909727705,False,178,True,ALTERNATIVE_CONSTRAINT_REQUIRED_OR_LARGER_CASSETTE,NOMINAL_BOUNDARY_NOT_APPROVED_MPN,,0.6731305305003161
C2-122,105.21412796053524,38.19583774595456,10.528532921902706,0.3571571255430751,10.27952757635564,10,16,102.70092039223063,3.191657716760274,3.8345339843176562,129.49976059068496,0.6577165079193236,5.333333333333333,126.9855080554268,39.05706584380541,8.327536403911978,196.8835656395806,419.7671312791612,False,178,True,ALTERNATIVE_CONSTRAINT_REQUIRED_OR_LARGER_CASSETTE,NOMINAL_BOUNDARY_NOT_APPROVED_MPN,,0.35715717235978417
C2-123,109.20223834025393,44.7552373293091,10.254542042955594,0.8908735438745692,11.811666152601891,7,7,143.79499233692962,4.018690240094353,2.5780958253374084,119.67534308439939,0.6401059823100734,5.333333333333333,131.49306951391426,38.509084085911184,8.789453017525076,90.23996997800923,206.47993995601846,False,178,True,ALTERNATIVE_CONSTRAINT_REQUIRED_OR_LARGER_CASSETTE,NOMINAL_BOUNDARY_NOT_APPROVED_MPN,,0.8933269517197573
C2-124,97.47068210977767,44.19854470666488,10.96742925564882,0.3153685473231249,11.187520334584036,8,8,111.03997431249162,3.5891932651467666,2.138608478720788,112.60614233498107,0.7504708641075533,3.0,120.03627771572155,39.93485851129764,3.5478207203047987,108.57754963092333,243.15509926184666,False,178,False,ALTERNATIVE_CONSTRAINT_REQUIRED_OR_LARGER_CASSETTE,NOMINAL_BOUNDARY_NOT_APPROVED_MPN,CHAMBER_OUTSIDE_HANDOVER_RANGE,
C2-125,93.64221508850021,35.32555435480719,11.086942518569991,0.6863672411295354,9.896294181686404,6,10,104.98759529366055,3.851384949356743,3.6791495385008286,103.87820824506726,0.6753862290440042,4.0,117.18883460789925,40.17388503713998,-0.5751866374363033,134.15200447469692,294.30400894939385,False,178,False,ALTERNATIVE_CONSTRAINT_REQUIRED_OR_LARGER_CASSETTE,NOMINAL_BOUNDARY_NOT_APPROVED_MPN,CHAMBER_OUTSIDE_HANDOVER_RANGE|ECCENTRIC_SLEEVE_OR_BEARING_ROOT_WEB,
C2-126,111.4544038629235,41.151630494199196,11.805510853051532,0.7497408999640542,10.420284552487496,8,11,154.13705746129224,4.239064992558691,2.457184741949645,116.79086054711195,0.6257044311977767,5.333333333333333,136.56490736895466,41.61102170610306,7.806917378974255,155.83274326028024,337.6654865205605,False,178,True,ALTERNATIVE_CONSTRAINT_REQUIRED_OR_LARGER_CASSETTE,NOMINAL_BOUNDARY_NOT_APPROVED_MPN,,0.7500822781749434
C2-127,108.3576417563118,44.79253271227212,13.861905226175539,0.6622019761659884,10.461884605918936,10,16,179.48458557536208,4.763819891513141,3.0907459192058813,92.15807266217783,0.6528017041439504,5.333333333333333,137.40585616099486,45.723810452351074,3.716936272236964,259.2176277294826,544.4352554589652,False,178,True,ALTERNATIVE_CONSTRAINT_REQUIRED_OR_LARGER_CASSETTE,NOMINAL_BOUNDARY_NOT_APPROVED_MPN,,0.6622024331039711
C2-128,111.75962727467454,43.87776612827322,8.100004262805328,0.8148943674961109,13.192617846807345,9,10,71.00684224648342,3.2792498686705054,3.79157021357674,96.01069844054953,0.7572634739581589,3.0,129.58942453527743,34.200008525610656,11.687195790529927,98.01005157994447,222.02010315988895,False,178,True,ALTERNATIVE_CONSTRAINT_REQUIRED_OR_LARGER_CASSETTE,NOMINAL_BOUNDARY_NOT_APPROVED_MPN,,0.814896138286251
C2-129,96.91789206804586,38.66875939022015,13.338905723261396,0.5358227308626512,13.8954761751946,7,6,153.73161349641214,4.678637650811066,2.3989464656426622,110.58361716713644,0.6733264832904361,3.0,124.66734897629395,44.677811446522796,-2.936530141171673,102.70957406911276,231.41914813822552,False,178,False,ALTERNATIVE_CONSTRAINT_REQUIRED_OR_LARGER_CASSETTE,NOMINAL_BOUNDARY_NOT_APPROVED_MPN,CHAMBER_OUTSIDE_HANDOVER_RANGE|ECCENTRIC_SLEEVE_OR_BEARING_ROOT_WEB,
C2-130,91.7373269793463,40.38611371594834,9.13567473368981,0.5507822117698963,11.866775326441704,7,6,102.52191550118637,4.4494453479150815,3.1412188432952957,122.724417081365,0.7077989973749139,4.0,111.11024087026571,36.27134946737962,0.0018881632314489138,70.34469544941153,166.68939089882306,True,178,False,PROFILE_CONTACT_CHECK_REQUIRED,NOMINAL_BOUNDARY_NOT_APPROVED_MPN,CHAMBER_OUTSIDE_HANDOVER_RANGE|ECCENTRIC_SLEEVE_OR_BEARING_ROOT_WEB,
C2-131,97.91560698395165,38.3186469846139,13.130136037313738,0.5195902196001905,13.216648158030862,10,13,123.08084792387368,5.309874322005182,2.067577050293492,129.74884659394644,0.6452289724486956,4.0,125.2150594977795,44.26027207462748,-1.7588446660550403,202.2040949746316,430.4081899492632,False,178,False,ALTERNATIVE_CONSTRAINT_REQUIRED_OR_LARGER_CASSETTE,NOMINAL_BOUNDARY_NOT_APPROVED_MPN,ECCENTRIC_SLEEVE_OR_BEARING_ROOT_WEB,
C2-132,97.0533271071155,37.81071861808138,13.724864437044092,0.8600714352593566,10.38438320484844,9,15,70.25001938472332,4.284749461470816,3.889753449094769,81.44949161456833,0.6683375673088454,5.333333333333333,126.2231988517224,45.44972887408818,-1.8577196512906866,241.55761409197603,509.11522818395207,False,178,False,ALTERNATIVE_CONSTRAINT_REQUIRED_OR_LARGER_CASSETTE,NOMINAL_BOUNDARY_NOT_APPROVED_MPN,ECCENTRIC_SLEEVE_OR_BEARING_ROOT_WEB,
C2-133,101.57949102017166,39.12779214142644,11.332228048316532,0.3071961368068291,13.468257643346139,10,11,66.35467269029006,5.0055831858839035,2.829096004707196,89.96403271784602,0.6716440807354144,3.0,124.85833939041838,40.66445609663306,-0.17851213326031257,149.58541023777823,325.17082047555647,False,178,False,ALTERNATIVE_CONSTRAINT_REQUIRED_OR_LARGER_CASSETTE,NOMINAL_BOUNDARY_NOT_APPROVED_MPN,CHAMBER_OUTSIDE_HANDOVER_RANGE|ECCENTRIC_SLEEVE_OR_BEARING_ROOT_WEB,
C2-134,104.8462886000248,42.36558802312262,8.88574263025542,0.3735213771290411,12.901304659584053,6,11,171.4840379912471,4.081109751044225,3.7000767656550475,87.27985406464406,0.7865009732016816,5.333333333333333,123.36481661479372,35.77148526051084,5.521839640428354,117.29180271937156,260.5836054387431,False,178,False,ALTERNATIVE_CONSTRAINT_REQUIRED_OR_LARGER_CASSETTE,NOMINAL_BOUNDARY_NOT_APPROVED_MPN,CHAMBER_OUTSIDE_HANDOVER_RANGE,
C2-135,102.78508928848524,38.57354899827953,9.202474033970228,0.9334051800029124,8.917565118784314,7,16,123.3772266306415,5.224503176068629,3.115718694292499,124.2619636487631,0.7676055522845101,4.0,123.05684771643152,36.40494806794045,8.47497952545831,172.0862644352433,370.1725288704866,False,178,False,ALTERNATIVE_CONSTRAINT_REQUIRED_OR_LARGER_CASSETTE,NOMINAL_BOUNDARY_NOT_APPROVED_MPN,CHAMBER_OUTSIDE_HANDOVER_RANGE,
C2-136,106.44656872562399,37.390115527668996,12.07134683502655,0.8818556589268971,9.6816804245147,10,8,116.22503459839291,4.090620198147723,2.6174527859959253,113.14612697627004,0.787371367346675,5.333333333333333,132.35297371353087,42.1426936700531,6.041603938297293,119.50633366676284,265.01266733352566,False,178,True,ALTERNATIVE_CONSTRAINT_REQUIRED_OR_LARGER_CASSETTE,NOMINAL_BOUNDARY_NOT_APPROVED_MPN,,0.8818612136829955
C2-137,104.64686630049326,42.39431843402882,8.219166761664107,0.618574676773969,8.010862749752805,6,9,160.44056239777368,4.648836756801008,3.3192517273853275,83.14035824731928,0.6282590588378598,4.0,122.3223491773694,34.43833352332821,13.312570400493826,90.4108343783052,206.8216687566104,False,178,False,ALTERNATIVE_CONSTRAINT_REQUIRED_OR_LARGER_CASSETTE,NOMINAL_BOUNDARY_NOT_APPROVED_MPN,CHAMBER_OUTSIDE_HANDOVER_RANGE,
C2-138,106.63183925087792,42.14687517541613,11.060833817271721,0.9470524561749822,10.85470709020645,7,16,137.2990422812452,5.151753169311056,3.7212170647160407,89.90020876344056,0.714539407947039,4.0,130.64761179777133,40.12166763454344,4.961212535232505,206.8375923829812,439.6751847659624,False,178,True,ALTERNATIVE_CONSTRAINT_REQUIRED_OR_LARGER_CASSETTE,NOMINAL_BOUNDARY_NOT_APPROVED_MPN,,0.9470527979759709
C2-139,102.02337736687706,41.609067567090236,9.571862650161172,0.5743215855182482,9.759357230044921,6,8,152.4566719173173,3.0710392569898532,3.2432071191661516,104.88334599746432,0.7899617098955712,4.0,122.3157458382359,37.143725300322345,7.252331453393609,94.7614402365956,215.5228804731912,False,178,False,ALTERNATIVE_CONSTRAINT_REQUIRED_OR_LARGER_CASSETTE,NOMINAL_BOUNDARY_NOT_APPROVED_MPN,CHAMBER_OUTSIDE_HANDOVER_RANGE,
C2-140,109.1049988262596,35.63174848160983,8.52577104284939,0.6700014678378718,10.335074582020741,8,7,144.3960412408288,3.0599367540908995,2.106716829702153,80.47554285727752,0.7683382408535729,5.333333333333333,127.49654384763413,35.051542085698784,10.217424831109057,75.02678517707464,176.0535703541493,True,178,True,PROFILE_CONTACT_CHECK_REQUIRED,NOMINAL_BOUNDARY_NOT_APPROVED_MPN,,0.6700955938106432
C2-141,98.00953670898322,35.92966413898889,12.378626165719563,1.0497919506816766,10.487262302957584,6,12,72.09655548393323,4.875251883940012,2.0993110229441703,124.13242580427416,0.7416281320864727,3.0,124.8663729417857,42.757252331439126,1.0175060515340277,177.01435416978978,380.02870833957957,False,178,False,ALTERNATIVE_CONSTRAINT_REQUIRED_OR_LARGER_CASSETTE,NOMINAL_BOUNDARY_NOT_APPROVED_MPN,CHAMBER_OUTSIDE_HANDOVER_RANGE|ECCENTRIC_SLEEVE_OR_BEARING_ROOT_WEB,
C2-142,99.57117296185915,41.41265020383962,8.694336341915244,0.955431648506087,10.344220350941375,6,9,117.03143188877455,3.7774361636838254,3.3657157441300036,114.5955211011905,0.6658778700852519,3.0,118.87070894270181,35.38867268383049,5.441366129988197,95.6376997610677,217.2753995221354,False,178,False,ALTERNATIVE_CONSTRAINT_REQUIRED_OR_LARGER_CASSETTE,NOMINAL_BOUNDARY_NOT_APPROVED_MPN,CHAMBER_OUTSIDE_HANDOVER_RANGE,
C2-143,93.54756118408844,35.78688252831452,9.803806883699874,1.0980784881237775,10.11174132543934,8,12,142.48574398150333,3.9505137773094394,3.83708956669207,97.11205841762082,0.6256055769957279,5.333333333333333,115.35133192773574,37.60761376739975,2.6620392666048787,140.19443843690823,306.38887687381646,False,178,False,ALTERNATIVE_CONSTRAINT_REQUIRED_OR_LARGER_CASSETTE,NOMINAL_BOUNDARY_NOT_APPROVED_MPN,CHAMBER_OUTSIDE_HANDOVER_RANGE|ECCENTRIC_SLEEVE_OR_BEARING_ROOT_WEB,
C2-144,94.78798565733398,39.93827728341449,13.870740581497955,0.9174858483794459,10.55673608002325,6,11,144.85617721324303,5.184806777715945,2.3456161573970884,111.80329664083035,0.6900665220441704,5.333333333333333,124.36443851708879,45.74148116299591,-3.162743251356261,183.09377567577303,392.18755135154606,False,178,False,ALTERNATIVE_CONSTRAINT_REQUIRED_OR_LARGER_CASSETTE,NOMINAL_BOUNDARY_NOT_APPROVED_MPN,CHAMBER_OUTSIDE_HANDOVER_RANGE|ECCENTRIC_SLEEVE_OR_BEARING_ROOT_WEB,
C2-145,95.39266241511896,37.44014453292676,10.70091672587639,0.7763572485739663,10.07660935527135,10,6,130.6595518502466,5.3817610426709805,3.7597172775835244,125.83236574543378,0.7902628173867097,5.333333333333333,118.34721036401967,39.40183345175278,3.61972185228813,82.3970587892482,190.7941175784964,False,178,False,ALTERNATIVE_CONSTRAINT_REQUIRED_OR_LARGER_CASSETTE,NOMINAL_BOUNDARY_NOT_APPROVED_MPN,CHAMBER_OUTSIDE_HANDOVER_RANGE,
C2-146,114.64438513651262,39.759662616470536,13.753578184777522,0.4683138740067962,9.533946226119848,8,13,79.43242368554708,3.242314017775099,2.154730320010704,103.2636668926513,0.7476813876233288,4.0,143.08816925408127,45.50715636955505,7.7882463421364605,211.80510404557387,449.61020809114774,False,178,True,ALTERNATIVE_CONSTRAINT_REQUIRED_OR_LARGER_CASSETTE,NOMINAL_BOUNDARY_NOT_APPROVED_MPN,,0.4683711486209745
C2-147,105.8866493656265,40.535626455954116,10.108245440413361,0.3416149938452898,11.43379781965034,9,8,75.77071400173791,4.063281409400021,2.958581595073804,123.62653818628345,0.7756534793344927,3.0,126.7863702341438,38.216490880826726,7.509526863162904,100.07162986009229,226.14325972018457,False,178,True,ALTERNATIVE_CONSTRAINT_REQUIRED_OR_LARGER_CASSETTE,NOMINAL_BOUNDARY_NOT_APPROVED_MPN,,0.3416209033119202
C2-148,97.14649466439845,42.03837215986194,11.201074151020183,0.9111630616779594,13.52625519810963,7,13,105.74429363833687,3.967037016694287,2.8652127286061666,80.67546698086119,0.6740292964609909,3.0,121.37096908979473,40.402148302040366,-2.4530078659104078,172.49654192571083,370.99308385142166,False,178,False,ALTERNATIVE_CONSTRAINT_REQUIRED_OR_LARGER_CASSETTE,NOMINAL_BOUNDARY_NOT_APPROVED_MPN,CHAMBER_OUTSIDE_HANDOVER_RANGE|ECCENTRIC_SLEEVE_OR_BEARING_ROOT_WEB,
C2-149,100.206911351034,39.88591941035184,8.20013276946385,0.8936096957152322,9.95683226149652,9,7,158.45789383160633,3.1258994906398465,2.015620786277889,89.61093428191218,0.6330566398508344,5.333333333333333,118.39439628139216,34.4002655389277,9.146623414020475,72.16116837128189,170.32233674256378,True,178,False,PROFILE_CONTACT_CHECK_REQUIRED,NOMINAL_BOUNDARY_NOT_APPROVED_MPN,CHAMBER_OUTSIDE_HANDOVER_RANGE,
C2-150,92.69410213872062,36.111854891951886,9.858514811536173,1.1960641835194898,11.674289396948435,9,13,164.45626560785988,5.286404999213978,3.580692151282648,105.49551542368641,0.6828524602578606,5.333333333333333,114.80326012883195,37.71702962307235,0.6727616724118803,151.8211280976571,329.6422561953142,False,178,False,ALTERNATIVE_CONSTRAINT_REQUIRED_OR_LARGER_CASSETTE,NOMINAL_BOUNDARY_NOT_APPROVED_MPN,CHAMBER_OUTSIDE_HANDOVER_RANGE|ECCENTRIC_SLEEVE_OR_BEARING_ROOT_WEB,
C2-151,103.48658120225616,40.97691909007187,7.238347892693491,1.1637465453525846,9.388065204745017,6,14,80.99211898492489,3.8446179258287256,2.6068097910724006,122.90754604302327,0.7141034182623623,4.0,120.29077007834832,32.47669578538698,11.355225396383062,119.4327402294426,264.8654804588852,False,178,False,ALTERNATIVE_CONSTRAINT_REQUIRED_OR_LARGER_CASSETTE,NOMINAL_BOUNDARY_NOT_APPROVED_MPN,CHAMBER_OUTSIDE_HANDOVER_RANGE,
C2-152,108.93324679132216,42.21240086601808,12.629637547422425,0.34601012686326404,8.912022689087067,8,14,118.64497157647219,5.084614953307477,3.0069077742497847,97.80020477659036,0.7064362874533751,4.0,134.88454213989354,43.25927509484485,8.054600706574014,208.38901953247,442.77803906494,False,178,True,ALTERNATIVE_CONSTRAINT_REQUIRED_OR_LARGER_CASSETTE,NOMINAL_BOUNDARY_NOT_APPROVED_MPN,,0.3462049533207221
C2-153,112.40681323041017,38.43112800943312,8.032402739861432,0.38012409682398507,10.246837038933183,9,13,95.5520941958934,4.734103376763244,2.2125251618900226,89.07344138448055,0.6420611059148333,5.333333333333333,129.231866903781,34.064805479722864,14.956569576271903,123.69900219386608,273.39800438773216,False,178,True,ALTERNATIVE_CONSTRAINT_REQUIRED_OR_LARGER_CASSETTE,NOMINAL_BOUNDARY_NOT_APPROVED_MPN,,0.38013215914847365
C2-154,94.55894614060509,40.721459845704814,10.164049128828534,1.059275347102268,11.724067658169194,10,9,173.2591966367938,5.076674037558565,2.8085674696403147,114.3164021755048,0.7189737382892226,4.0,117.00559509246669,38.32809825765707,1.5554054121333536,111.80454041711388,249.60908083422777,False,178,False,ALTERNATIVE_CONSTRAINT_REQUIRED_OR_LARGER_CASSETTE,NOMINAL_BOUNDARY_NOT_APPROVED_MPN,CHAMBER_OUTSIDE_HANDOVER_RANGE|ECCENTRIC_SLEEVE_OR_BEARING_ROOT_WEB,
C2-155,99.10337022720759,43.813111263685066,8.588420421856982,0.9734006512690052,13.314319625301827,8,10,103.58688198377271,4.053688834049645,2.4112327935768954,95.22923546656637,0.7436512526107576,3.0,118.22701237345956,35.17684084371396,2.2373654883019682,103.9198871044695,233.839774208939,False,178,False,ALTERNATIVE_CONSTRAINT_REQUIRED_OR_LARGER_CASSETTE,NOMINAL_BOUNDARY_NOT_APPROVED_MPN,CHAMBER_OUTSIDE_HANDOVER_RANGE|ECCENTRIC_SLEEVE_OR_BEARING_ROOT_WEB,
C2-156,103.88214306636576,39.035009947885,11.707636202333628,0.5544095730567284,13.595422997927425,6,13,159.12066140870775,5.398579930197262,3.796887176446521,80.8250560975566,0.7710043098020908,3.0,128.40623461714648,41.415272404667256,0.8456485352554495,180.2975975159379,386.5951950318758,False,178,False,ALTERNATIVE_CONSTRAINT_REQUIRED_OR_LARGER_CASSETTE,NOMINAL_BOUNDARY_NOT_APPROVED_MPN,ECCENTRIC_SLEEVE_OR_BEARING_ROOT_WEB,
C2-157,91.57822804099482,36.92604458968206,8.66166596015318,1.0688484358187358,13.127363073932766,9,16,107.64003473626639,4.579370956990433,3.9894420895425564,120.88980617329491,0.7542540939055685,3.0,111.03925683293865,35.32333192030636,-1.3382490534353622,161.97315345486447,349.94630690972895,False,178,False,ALTERNATIVE_CONSTRAINT_REQUIRED_OR_LARGER_CASSETTE,NOMINAL_BOUNDARY_NOT_APPROVED_MPN,CHAMBER_OUTSIDE_HANDOVER_RANGE|ECCENTRIC_SLEEVE_OR_BEARING_ROOT_WEB,
C2-158,94.29869490877574,40.46421459420927,9.725172547660753,0.7014646773061306,13.969808332291588,10,11,125.24643417259367,4.195722814767803,2.69770349016434,88.63109142784464,0.7203502025517062,5.333333333333333,115.15196935870951,37.45034509532151,-0.820460877903713,128.37227762912195,282.7445552582439,False,178,False,ALTERNATIVE_CONSTRAINT_REQUIRED_OR_LARGER_CASSETTE,NOMINAL_BOUNDARY_NOT_APPROVED_MPN,CHAMBER_OUTSIDE_HANDOVER_RANGE|ECCENTRIC_SLEEVE_OR_BEARING_ROOT_WEB,
C2-159,110.87225133651349,42.289578822958816,7.727549465895661,0.20186590103811528,10.912172220058237,9,15,99.58924562614789,4.161451772146993,3.3219865538716205,129.15896002383937,0.6822440591457815,4.0,126.73108207038104,33.455098931791326,13.523953448198505,136.00487059976365,298.0097411995273,False,178,True,ALTERNATIVE_CONSTRAINT_REQUIRED_OR_LARGER_CASSETTE,NOMINAL_BOUNDARY_NOT_APPROVED_MPN,,0.2023869704802692
C2-160,90.21542618531389,42.466617894597405,13.215576900501578,0.491697792653496,12.426681729824029,7,7,153.04064261964282,3.993713569015775,3.40563393741095,125.96034895510216,0.6977189506937609,5.333333333333333,117.62997557162404,44.431153801003155,-4.818968637167089,116.2970767244139,258.5941534488278,False,178,False,ALTERNATIVE_CONSTRAINT_REQUIRED_OR_LARGER_CASSETTE,NOMINAL_BOUNDARY_NOT_APPROVED_MPN,CHAMBER_OUTSIDE_HANDOVER_RANGE|ECCENTRIC_SLEEVE_OR_BEARING_ROOT_WEB,
C2-161,107.44257912172343,37.20440414173565,11.650073915958334,0.4316839863637737,11.604113466440213,9,14,175.01580644891175,3.5119043808178274,2.9130245270654322,104.77474583027139,0.7545672692777726,3.0,131.60609492636763,41.30014783191667,4.617176094421502,192.2262196133125,410.452439226625,False,178,True,ALTERNATIVE_CONSTRAINT_REQUIRED_OR_LARGER_CASSETTE,NOMINAL_BOUNDARY_NOT_APPROVED_MPN,,0.43168401110766297
C2-162,103.02129238702618,43.36733851519057,8.785400105440955,0.39013403173493194,8.881698194218018,7,6,93.3763315299027,4.40557539720665,2.965828167546972,115.96013076578808,0.7767464579499318,3.0,121.37236066137795,35.57080021088191,8.628947999295072,67.64758081189535,161.2951616237907,True,178,False,PROFILE_CONTACT_CHECK_REQUIRED,NOMINAL_BOUNDARY_NOT_APPROVED_MPN,CHAMBER_OUTSIDE_HANDOVER_RANGE,
C2-163,92.01524738750436,44.401271473362954,7.913640932322265,0.8300939218424341,10.71370892604186,7,11,100.56547793663341,3.9462561702761,2.3853414364740595,95.62177608357106,0.686469760887341,5.333333333333333,109.50271709583376,33.82728186464453,4.293914767710319,104.4600603066539,234.9201206133078,False,178,False,ALTERNATIVE_CONSTRAINT_REQUIRED_OR_LARGER_CASSETTE,NOMINAL_BOUNDARY_NOT_APPROVED_MPN,CHAMBER_OUTSIDE_HANDOVER_RANGE,
C2-164,108.46079913981363,37.154319094176664,13.362574541667545,1.1467853837321322,13.141569951326481,6,10,134.07490686878464,3.690783852842956,2.7611983595632115,85.37181956944177,0.6806014064724075,5.333333333333333,137.47951899061297,44.72514908333509,3.588829618580334,161.6871519541773,349.3743039083546,False,178,True,ALTERNATIVE_CONSTRAINT_REQUIRED_OR_LARGER_CASSETTE,NOMINAL_BOUNDARY_NOT_APPROVED_MPN,,1.1467878566166831
C2-165,90.40087400303578,39.38330562232575,13.100633269327448,0.7719428012567258,13.543367328400567,9,16,96.06343556720486,4.615497859247752,2.052769521768143,121.54496433786574,0.6485425298766313,3.0,118.14602614420413,44.20126653865489,-5.842930326882676,244.98184213642327,515.9636842728465,False,178,False,ALTERNATIVE_CONSTRAINT_REQUIRED_OR_LARGER_CASSETTE,NOMINAL_BOUNDARY_NOT_APPROVED_MPN,CHAMBER_OUTSIDE_HANDOVER_RANGE|ECCENTRIC_SLEEVE_OR_BEARING_ROOT_WEB,
C2-166,113.69934543459777,39.66729175325023,8.246308821040769,1.1275801744999638,13.684218568310808,8,11,122.50126350002313,3.2308650124751255,2.362558656426172,108.46991861347786,0.6587105337400087,5.333333333333333,132.44712342567925,34.49261764208154,12.165454148988076,108.85127643773816,243.70255287547633,False,178,True,ALTERNATIVE_CONSTRAINT_REQUIRED_OR_LARGER_CASSETTE,NOMINAL_BOUNDARY_NOT_APPROVED_MPN,,1.1286893752937317
C2-167,97.78585427559828,38.111796467998396,13.244701814580225,1.0031061437013082,13.322347754719976,8,15,97.87800331486955,5.420927499866121,3.4369883188894783,92.05741762732211,0.719322017515064,3.0,126.28147019216135,44.48940362916045,-1.9294206169208366,233.10675193661197,492.21350387322394,False,178,False,ALTERNATIVE_CONSTRAINT_REQUIRED_OR_LARGER_CASSETTE,NOMINAL_BOUNDARY_NOT_APPROVED_MPN,ECCENTRIC_SLEEVE_OR_BEARING_ROOT_WEB,
C2-168,112.27264922307418,36.24446317806467,9.558269498728116,0.6220473694494892,12.255840571890165,6,15,126.37148268927558,5.387965662982531,2.1742823991005147,109.99768392428297,0.654499960194878,3.0,132.63328295942938,37.11653899745623,9.88048403964693,168.22554317761484,362.4510863552297,False,178,True,ALTERNATIVE_CONSTRAINT_REQUIRED_OR_LARGER_CASSETTE,NOMINAL_BOUNDARY_NOT_APPROVED_MPN,,0.6227102926681454
C2-169,90.85648679964658,40.75095147700035,11.428083387437754,0.5133073788533024,8.481385860939254,8,12,126.95365127762194,5.423228668429871,2.7672572163372293,103.70969993209474,0.7429864259689624,4.0,114.73926833222869,40.856166774875504,-0.5531424611159679,163.4215924403599,352.8431848807198,False,178,False,ALTERNATIVE_CONSTRAINT_REQUIRED_OR_LARGER_CASSETTE,NOMINAL_BOUNDARY_NOT_APPROVED_MPN,CHAMBER_OUTSIDE_HANDOVER_RANGE|ECCENTRIC_SLEEVE_OR_BEARING_ROOT_WEB,
C2-170,101.01003207179586,37.926391477328316,7.593314109221438,0.32693172519322033,10.192239671699337,10,9,108.1730911017043,3.620983993074436,3.6168839947407685,106.15670532206576,0.7753805743989213,4.0,116.85052374062518,33.18662821844288,9.312776364198598,83.52645520143582,193.05291040287165,False,178,False,ALTERNATIVE_CONSTRAINT_REQUIRED_OR_LARGER_CASSETTE,NOMINAL_BOUNDARY_NOT_APPROVED_MPN,CHAMBER_OUTSIDE_HANDOVER_RANGE,
C2-171,114.91082715377895,37.6959815948905,8.831606775925342,0.5770663154944906,13.712915594897593,8,9,106.58873927678147,4.010234043479152,3.8468455080651887,119.06032968907972,0.7163587019691195,5.333333333333333,133.72817333661862,35.66321355185069,9.742497981991882,97.14767453517878,220.29534907035756,False,178,True,ALTERNATIVE_CONSTRAINT_REQUIRED_OR_LARGER_CASSETTE,NOMINAL_BOUNDARY_NOT_APPROVED_MPN,,0.577147487879401
C2-172,107.02561341207593,41.10726506175862,9.508847677530127,0.6562332666872921,8.66976974204971,8,10,138.08238911296118,4.49338345572639,2.5566461356127097,108.10614001192816,0.7769288705023326,4.0,127.35577530051077,37.017695355060255,10.843036963988254,115.05705689811455,256.1141137962291,False,178,True,ALTERNATIVE_CONSTRAINT_REQUIRED_OR_LARGER_CASSETTE,NOMINAL_BOUNDARY_NOT_APPROVED_MPN,,0.6562425318207588
C2-173,109.79297941443863,44.95213369921148,12.782502488994677,0.9609402553950774,9.36238183990486,10,13,123.78763750268195,3.453778743997316,3.476644145684838,123.86018059780231,0.7124852307756201,4.0,137.27986490321814,43.565004977989354,8.03410786731446,196.85053833051802,419.70107666103604,False,178,True,ALTERNATIVE_CONSTRAINT_REQUIRED_OR_LARGER_CASSETTE,NOMINAL_BOUNDARY_NOT_APPROVED_MPN,,0.960942089924103
C2-174,91.37849650550964,36.762062451532245,8.927169600729497,0.9245809202019344,11.728434965048313,9,15,117.80002754695693,4.801318273418544,2.883258902358227,94.1169130616109,0.7949449378791381,3.0,111.08199754737251,35.854339201459,-0.039186712293492576,157.11818497283917,340.23636994567835,False,178,False,ALTERNATIVE_CONSTRAINT_REQUIRED_OR_LARGER_CASSETTE,NOMINAL_BOUNDARY_NOT_APPROVED_MPN,CHAMBER_OUTSIDE_HANDOVER_RANGE|ECCENTRIC_SLEEVE_OR_BEARING_ROOT_WEB,
C2-175,105.34674969454,41.043016258869834,12.747131940319175,0.27013579186152714,13.107996670015712,10,14,62.98075863553399,3.3958049025765025,3.4860763116110913,86.93736888798618,0.6847950635513654,3.0,131.3812851589014,43.49426388063835,2.0653781772542885,210.3276770152664,446.6553540305328,False,178,False,ALTERNATIVE_CONSTRAINT_REQUIRED_OR_LARGER_CASSETTE,NOMINAL_BOUNDARY_NOT_APPROVED_MPN,ECCENTRIC_SLEEVE_OR_BEARING_ROOT_WEB,
C2-176,109.35473566751129,43.706192300221446,10.513144647647024,0.9803623590744266,8.521342185108738,10,6,132.3319942044704,3.3205933954398086,2.904996309061916,81.01653190031557,0.638312795213632,5.333333333333333,132.3417496809542,39.02628929529405,12.15602564864691,80.9512137868821,187.9024275737642,False,178,True,ALTERNATIVE_CONSTRAINT_REQUIRED_OR_LARGER_CASSETTE,NOMINAL_BOUNDARY_NOT_APPROVED_MPN,,0.980362936733755
C2-177,93.9616332865086,42.332586385965726,12.705918218191055,0.23591503542161474,11.897051878771263,8,6,167.960507150856,3.7063179068642533,2.8454068025892414,82.65190022027771,0.6318081766179642,3.0,119.84529979373394,43.41183643638211,-2.4162352355169645,97.83557028007112,221.67114056014225,False,178,False,ALTERNATIVE_CONSTRAINT_REQUIRED_OR_LARGER_CASSETTE,NOMINAL_BOUNDARY_NOT_APPROVED_MPN,CHAMBER_OUTSIDE_HANDOVER_RANGE|ECCENTRIC_SLEEVE_OR_BEARING_ROOT_WEB,
C2-178,109.6635064283602,36.40734384206782,11.247812150346546,0.6125817903553548,11.149784406337911,7,13,82.33051779038311,5.161075110689716,2.187201302176828,124.69184921444311,0.7510509427202137,5.333333333333333,133.384294309764,40.495624300693095,6.181968807842182,173.2163071153368,372.4326142306736,False,178,True,ALTERNATIVE_CONSTRAINT_REQUIRED_OR_LARGER_CASSETTE,NOMINAL_BOUNDARY_NOT_APPROVED_MPN,,0.612582934415471
C2-179,92.75734375833062,37.66807049754592,7.2842767429814375,0.7222010046548237,8.776788387534062,8,9,127.21294450228142,4.977431284663521,2.925369454428317,119.26562678136483,0.690783448669818,4.0,108.77029925360314,32.56855348596287,6.6018834916312485,80.12704417279582,186.25408834559164,False,178,False,ALTERNATIVE_CONSTRAINT_REQUIRED_OR_LARGER_CASSETTE,NOMINAL_BOUNDARY_NOT_APPROVED_MPN,CHAMBER_OUTSIDE_HANDOVER_RANGE,
C2-180,111.7836637224194,35.62017502800883,11.67673328723723,0.7400857942976322,11.465168106659636,10,15,102.15914905936617,4.997646446643429,3.125799950682585,114.13666747642465,0.735016324935122,3.0,136.61730188548913,41.35346657447446,6.926663754550063,205.51050585537527,437.02101171075054,False,178,True,ALTERNATIVE_CONSTRAINT_REQUIRED_OR_LARGER_CASSETTE,NOMINAL_BOUNDARY_NOT_APPROVED_MPN,,0.7435719335511521
C2-181,112.00381055823144,44.03251109551811,8.633853440116035,1.0913476927688435,12.972116479799631,9,7,69.81069928813228,5.015502351270378,2.0363149137718777,101.13970839295229,0.7981513221526466,4.0,131.4542128240012,35.26770688023207,9.029788799316087,75.97791027302111,177.95582054604222,True,178,True,PROFILE_CONTACT_CHECK_REQUIRED,NOMINAL_BOUNDARY_NOT_APPROVED_MPN,,1.0916296682707411
C2-182,99.18491961286361,35.44525551640621,10.571091337790694,0.4516026492321675,9.739546366676842,10,15,107.18148621696889,5.273414189640599,3.45591462307836,129.33126431132126,0.6614449929333749,5.333333333333333,121.23030758690933,39.14218267558139,5.852913439754964,186.05120754511623,398.10241509023245,False,178,False,ALTERNATIVE_CONSTRAINT_REQUIRED_OR_LARGER_CASSETTE,NOMINAL_BOUNDARY_NOT_APPROVED_MPN,CHAMBER_OUTSIDE_HANDOVER_RANGE,
C2-183,110.25199609900795,40.01145105076465,12.487568458150273,1.1568998579562475,13.408716336640332,9,15,140.86139403974772,4.374508511740928,2.398023816622764,123.26880812136318,0.7658054578198863,5.333333333333333,137.540932731221,42.97513691630054,4.217281712863645,219.78120486344483,465.56240972688965,False,178,True,ALTERNATIVE_CONSTRAINT_REQUIRED_OR_LARGER_CASSETTE,NOMINAL_BOUNDARY_NOT_APPROVED_MPN,,1.1598008564524775
C2-184,95.64310094485357,38.84959765889421,9.63325439463325,0.402225499763608,11.763126375304815,7,6,114.10597511034703,3.0046988822132596,3.8127019714820856,103.62868411916963,0.7989854466682673,4.0,115.71406073364729,37.266508789266496,2.0584240971219714,74.17605883867603,174.35211767735206,True,178,False,PROFILE_CONTACT_CHECK_REQUIRED,NOMINAL_BOUNDARY_NOT_APPROVED_MPN,CHAMBER_OUTSIDE_HANDOVER_RANGE|ECCENTRIC_SLEEVE_OR_BEARING_ROOT_WEB,
C2-185,113.26517104378966,37.64171417790164,8.957991610125061,1.1507657710476944,12.608745850646857,9,8,64.22286735918492,3.5054891007614715,3.854092357751442,82.43112653944004,0.7806454910640084,5.333333333333333,133.48268580613518,35.915983220250126,10.023839671247977,88.68411694023811,203.36823388047623,False,178,True,ALTERNATIVE_CONSTRAINT_REQUIRED_OR_LARGER_CASSETTE,NOMINAL_BOUNDARY_NOT_APPROVED_MPN,,1.1507664598359781
C2-186,102.58221700117552,43.19125120456274,10.640680759092376,0.5006885818328248,8.38621162575835,9,13,89.08313178575568,3.7006352647690575,2.70988851466024,91.53820901542349,0.7531279598740422,4.0,124.86495568302593,39.28136151818475,8.904896874829412,163.86648369002262,353.73296738004524,False,178,False,ALTERNATIVE_CONSTRAINT_REQUIRED_OR_LARGER_CASSETTE,NOMINAL_BOUNDARY_NOT_APPROVED_MPN,CHAMBER_OUTSIDE_HANDOVER_RANGE,
C2-187,91.27417796915012,40.15142899252781,11.23696374237743,0.6413409549785385,8.645074772606861,6,6,151.4800306730868,4.257552216252981,2.838757999044286,118.10910420161264,0.6414494470993091,4.0,115.03078736386206,40.47392748475486,-0.507985788031803,86.52462081630621,199.04924163261242,False,178,False,ALTERNATIVE_CONSTRAINT_REQUIRED_OR_LARGER_CASSETTE,NOMINAL_BOUNDARY_NOT_APPROVED_MPN,CHAMBER_OUTSIDE_HANDOVER_RANGE|ECCENTRIC_SLEEVE_OR_BEARING_ROOT_WEB,
C2-188,108.06882804118554,35.99204780357925,12.256429837154617,0.8255059570094792,9.276959596774056,7,14,112.60411346492276,4.0000306024779,3.357701946139149,88.54830958032751,0.7470967745631846,4.0,134.23269962951372,42.51285967430923,7.257454423818714,202.2310923130512,430.4621846261024,False,178,True,ALTERNATIVE_CONSTRAINT_REQUIRED_OR_LARGER_CASSETTE,NOMINAL_BOUNDARY_NOT_APPROVED_MPN,,0.8255398785782546
C2-189,106.91537230373179,35.94545478610323,12.29871797993211,0.696847714344025,9.867861608590117,6,7,90.98777504930794,4.8936866000305805,3.409842988305051,94.75686328441022,0.7293627668708701,3.0,132.90650369228405,42.59743595986422,6.089824543275775,108.22871822340258,242.45743644680516,False,178,True,ALTERNATIVE_CONSTRAINT_REQUIRED_OR_LARGER_CASSETTE,NOMINAL_BOUNDARY_NOT_APPROVED_MPN,,0.6980939127080745
C2-190,98.86335187128999,38.20811133637103,7.26540433508388,0.28857840240751215,9.55226827860368,6,14,97.19933335290676,4.043663208179561,3.827085043261569,84.75713348578456,0.6638800977830652,3.0,113.97131734627277,32.53080867016776,8.879407657041313,119.87917152888403,265.75834305776806,False,178,False,ALTERNATIVE_CONSTRAINT_REQUIRED_OR_LARGER_CASSETTE,NOMINAL_BOUNDARY_NOT_APPROVED_MPN,CHAMBER_OUTSIDE_HANDOVER_RANGE,
C2-191,110.52698930916813,35.66429783587976,13.61949457282449,0.23350854309729355,12.567755918078298,8,11,71.63534030837904,3.055620931273332,3.643115482448426,105.58986783776982,0.6788742946856823,3.0,138.2329955410117,45.23898914564898,2.695738736505767,179.77732836128325,385.5546567225665,False,178,False,ALTERNATIVE_CONSTRAINT_REQUIRED_OR_LARGER_CASSETTE,NOMINAL_BOUNDARY_NOT_APPROVED_MPN,ECCENTRIC_SLEEVE_OR_BEARING_ROOT_WEB,
C2-192,92.39161931960409,39.810950234761194,11.63287380073934,0.9524079443863669,12.265762905260368,8,14,130.97278237464997,4.622400940043598,2.3285044431826702,117.22793637662917,0.656081168411636,4.0,117.5621828098555,41.26574760147868,-3.569953245458322,191.94241771219913,409.88483542439826,False,178,False,ALTERNATIVE_CONSTRAINT_REQUIRED_OR_LARGER_CASSETTE,NOMINAL_BOUNDARY_NOT_APPROVED_MPN,CHAMBER_OUTSIDE_HANDOVER_RANGE|ECCENTRIC_SLEEVE_OR_BEARING_ROOT_WEB,
C2-193,105.75890805484408,37.272549971959215,12.40107233772345,0.7912970850593883,10.765809678834334,7,15,135.44393501273163,3.633626773578339,3.2817935910706573,84.61935295975366,0.7716779803540851,4.0,132.14364690040975,42.8021446754469,4.613644348587712,218.25887314393273,462.51774628786546,False,178,True,ALTERNATIVE_CONSTRAINT_REQUIRED_OR_LARGER_CASSETTE,NOMINAL_BOUNDARY_NOT_APPROVED_MPN,,0.7913987096946187
C2-194,110.91051078834303,41.72987645201558,10.317117176248257,1.1337785086913916,13.860380326763774,8,16,139.68576839711437,4.847902714338712,2.0835592697640872,84.30176388851338,0.629682794722038,4.0,133.81230215822234,38.63423435249651,7.594875067407742,192.9300911958424,411.8601823916848,False,178,True,ALTERNATIVE_CONSTRAINT_REQUIRED_OR_LARGER_CASSETTE,NOMINAL_BOUNDARY_NOT_APPROVED_MPN,,1.1337792496886294
C2-195,114.35906053900788,35.838863647851674,9.122319458298202,0.22143268325641227,12.313093910823007,9,15,155.3463718220899,5.3619593927673845,3.151957906144384,101.06912847469165,0.6231211252509039,3.0,133.04656482211712,36.2446389165964,10.866436358680936,160.55282246604838,347.10564493209677,False,178,True,ALTERNATIVE_CONSTRAINT_REQUIRED_OR_LARGER_CASSETTE,NOMINAL_BOUNDARY_NOT_APPROVED_MPN,,0.2224575721746902
C2-196,95.26405637528751,38.50376958096776,12.316210906442349,0.8871847758812195,9.442832176404472,7,8,92.37935432482979,5.04808917859669,3.5553977153650376,97.683917204855,0.710990634123276,3.0,121.67084773993464,42.6324218128847,0.6891960112392823,121.93048797377926,269.86097594755853,False,178,False,ALTERNATIVE_CONSTRAINT_REQUIRED_OR_LARGER_CASSETTE,NOMINAL_BOUNDARY_NOT_APPROVED_MPN,CHAMBER_OUTSIDE_HANDOVER_RANGE|ECCENTRIC_SLEEVE_OR_BEARING_ROOT_WEB,
C2-197,98.64906972582261,35.08339248730052,10.614682797986937,1.1791772849341127,10.01199031831042,6,8,133.3373777367919,3.4821750321575697,3.8087480725104284,107.00011817795487,0.6518539592669764,4.0,122.23678989166471,39.229365595973874,5.3125445446008825,105.08535970007068,236.17071940014137,False,178,False,ALTERNATIVE_CONSTRAINT_REQUIRED_OR_LARGER_CASSETTE,NOMINAL_BOUNDARY_NOT_APPROVED_MPN,CHAMBER_OUTSIDE_HANDOVER_RANGE,
C2-198,90.10409554070463,36.036322290290975,9.656009989948245,0.998193052774502,8.250290750709933,6,14,168.35282384714515,4.333615637623316,3.6283927139071697,92.91324472408664,0.784100270300287,5.333333333333333,111.41250162615013,37.31201997989649,2.8017570196423804,159.32416483414605,344.6483296682921,False,178,False,ALTERNATIVE_CONSTRAINT_REQUIRED_OR_LARGER_CASSETTE,NOMINAL_BOUNDARY_NOT_APPROVED_MPN,CHAMBER_OUTSIDE_HANDOVER_RANGE|ECCENTRIC_SLEEVE_OR_BEARING_ROOT_WEB,
C2-199,106.26737189931453,39.150794407105074,8.717772407931497,1.0646819921996036,10.618054684418382,10,16,111.90016983471762,4.8126389085067665,3.3076960635756825,102.9542446694841,0.6224977064804185,3.0,125.83228069957673,35.435544815863,8.51563126523888,163.022344028319,352.044688056638,False,178,True,ALTERNATIVE_CONSTRAINT_REQUIRED_OR_LARGER_CASSETTE,NOMINAL_BOUNDARY_NOT_APPROVED_MPN,,1.064682007541343
C2-200,103.57701574337776,44.60276178078471,11.954167778087594,0.5838076758511989,10.447464538870983,7,9,129.92074102094435,3.285953235090913,3.2162042550809833,127.00141637417259,0.731837457181451,5.333333333333333,128.65296665125535,41.90833555617519,3.841043332817897,131.49584555896357,288.99169111792713,False,178,True,ALTERNATIVE_CONSTRAINT_REQUIRED_OR_LARGER_CASSETTE,NOMINAL_BOUNDARY_NOT_APPROVED_MPN,,0.5838081716401291
C2-201,90.37328951485671,43.83106277013752,12.15129553221777,0.6088478453815049,9.92553957813457,6,13,113.8163234420368,4.90094210412781,2.0167953427058625,129.9568809791623,0.7234904809174069,3.0,115.89357627005526,42.30259106443554,-2.2388948207062143,187.12995119615368,400.25990239230737,False,178,False,ALTERNATIVE_CONSTRAINT_REQUIRED_OR_LARGER_CASSETTE,NOMINAL_BOUNDARY_NOT_APPROVED_MPN,CHAMBER_OUTSIDE_HANDOVER_RANGE|ECCENTRIC_SLEEVE_OR_BEARING_ROOT_WEB,
C2-202,113.74153613495703,36.084265798281514,12.891080913190606,0.8632200738444469,9.592091326935806,10,11,156.93106032142322,3.9026123454731816,2.0935395823022662,87.73204866573211,0.629925959828572,5.333333333333333,141.25013810902715,43.78216182638121,9.778676740542707,170.162268054116,366.324536108232,False,178,True,ALTERNATIVE_CONSTRAINT_REQUIRED_OR_LARGER_CASSETTE,NOMINAL_BOUNDARY_NOT_APPROVED_MPN,,0.8633060440895264
C2-203,98.70967727027276,39.79557042462261,8.324531836456401,0.6145145282270948,8.36671006805426,10,9,124.71377377238197,4.5036254442609565,3.5543714786493767,98.45222859205042,0.7482886244855611,5.333333333333333,116.58776999963976,34.6490636729128,9.988128567082121,91.56985020102042,209.13970040204083,False,178,False,ALTERNATIVE_CONSTRAINT_REQUIRED_OR_LARGER_CASSETTE,NOMINAL_BOUNDARY_NOT_APPROVED_MPN,CHAMBER_OUTSIDE_HANDOVER_RANGE,
C2-204,101.3260278725046,38.99622337756467,10.417720800658829,0.7800772571450427,11.184754034520537,6,9,85.67657051969682,3.0195801105914923,3.1182345897865975,118.41111373521662,0.7383254032011414,3.0,123.72162398811234,38.835441601317655,5.478259901731761,114.59492880724713,255.18985761449426,False,178,False,ALTERNATIVE_CONSTRAINT_REQUIRED_OR_LARGER_CASSETTE,NOMINAL_BOUNDARY_NOT_APPROVED_MPN,CHAMBER_OUTSIDE_HANDOVER_RANGE,
C2-205,105.953106696835,38.125127520818104,13.29689681884347,0.4085476899917653,8.412604445083897,9,6,176.4581182999833,4.305876060748023,3.0803559525764843,109.22310260471352,0.7176857641513257,4.0,133.36399571450545,44.59379363768694,7.063948903333596,102.38610550509472,230.77221101018944,False,178,True,ALTERNATIVE_CONSTRAINT_REQUIRED_OR_LARGER_CASSETTE,NOMINAL_BOUNDARY_NOT_APPROVED_MPN,,0.4085506236863239
C2-206,101.68711826797013,44.08550117132994,7.189590319169815,1.0417431749032464,12.221891686368409,9,7,90.11381481602217,3.3224714468146352,3.2626951148140186,108.94087973925105,0.7564765821100514,4.0,118.14978525611626,32.37918063833963,7.621667447616659,63.268394808694374,152.53678961738876,True,178,False,PROFILE_CONTACT_CHECK_REQUIRED,NOMINAL_BOUNDARY_NOT_APPROVED_MPN,CHAMBER_OUTSIDE_HANDOVER_RANGE,
C2-207,107.33724743480961,37.88425468293651,12.732219312013598,0.6328424703517681,12.051663581709626,6,15,88.10250536111906,4.768480313710158,2.731714343198939,87.52949580291559,0.6565829879873891,4.0,134.06737099954034,43.464438624027196,4.11696013569518,224.08705989143934,474.1741197828787,False,178,True,ALTERNATIVE_CONSTRAINT_REQUIRED_OR_LARGER_CASSETTE,NOMINAL_BOUNDARY_NOT_APPROVED_MPN,,0.6334162089306545
C2-208,105.65058543214597,38.59674168718815,12.088806448429816,0.5992290950822822,10.087911642639883,8,13,98.38991002136987,4.459657434611127,3.953523143058564,81.8644827406139,0.7002045485459535,4.0,131.02665651917016,42.17761289685963,5.237381073433106,186.1676193058192,398.3352386116384,False,178,True,ALTERNATIVE_CONSTRAINT_REQUIRED_OR_LARGER_CASSETTE,NOMINAL_BOUNDARY_NOT_APPROVED_MPN,,0.5993026499267557
C2-209,106.31470441615181,40.69778472288877,13.044363217519084,0.5474313647818657,9.008382371449528,6,6,127.55390248894389,3.1434262690522075,2.3736389829073095,85.92377641651049,0.730219681976779,3.0,133.4982935807537,44.08872643503817,6.648969836626378,100.44159677489695,226.8831935497939,False,178,True,ALTERNATIVE_CONSTRAINT_REQUIRED_OR_LARGER_CASSETTE,NOMINAL_BOUNDARY_NOT_APPROVED_MPN,,0.547437732936018
C2-210,114.02586786899536,43.910198226504804,12.183424114277162,0.5611227513833474,9.809689920556586,8,10,74.54174740301946,3.267121005046164,3.5063980344324044,128.2839661989017,0.6634478374223356,3.0,139.51496160031638,42.366848228554325,9.703244013941095,147.41943178275366,320.8388635655073,False,178,True,ALTERNATIVE_CONSTRAINT_REQUIRED_OR_LARGER_CASSETTE,NOMINAL_BOUNDARY_NOT_APPROVED_MPN,,0.5611548292168749
C2-211,108.05316266744053,44.44410099637303,8.546263252548385,0.6604351699952584,12.003157535353225,7,12,95.14098664248529,4.838050377047219,3.607223760384973,105.22722776908196,0.7269592584971956,5.333333333333333,126.46655951252782,35.09252650509677,8.023423798367041,122.21156451144192,270.4231290228838,False,178,True,ALTERNATIVE_CONSTRAINT_REQUIRED_OR_LARGER_CASSETTE,NOMINAL_BOUNDARY_NOT_APPROVED_MPN,,0.6604356379285932
C2-212,107.74141329163822,36.681298622990866,13.541426671554994,1.0209946722188898,10.80916160034065,7,9,105.94957229862767,5.33023523857678,3.6909471473142164,104.40303351138299,0.6667608882702377,3.0,136.866255979186,45.08285334310999,3.0615450454784607,148.95569338710493,323.91138677420986,False,178,True,ALTERNATIVE_CONSTRAINT_REQUIRED_OR_LARGER_CASSETTE,NOMINAL_BOUNDARY_NOT_APPROVED_MPN,,1.0209947109191404
C2-213,104.1855801966741,40.2205173766888,12.555535525271637,0.693456468385063,12.797554569481152,8,16,174.0845179841533,5.2338406982585965,2.248556895777019,128.85824784668242,0.6467009610530552,3.0,130.6835641839875,43.11107105054327,1.7952355288558977,234.78851432257963,495.57702864515926,False,178,False,ALTERNATIVE_CONSTRAINT_REQUIRED_OR_LARGER_CASSETTE,NOMINAL_BOUNDARY_NOT_APPROVED_MPN,ECCENTRIC_SLEEVE_OR_BEARING_ROOT_WEB,
C2-214,98.14720723021986,43.982388816960665,9.477522899528122,1.1037939685952298,9.65111982503651,9,13,72.5476807241098,3.5358411098925853,2.295800719027192,106.48498909287328,0.6794308869247687,3.0,119.30984096646657,36.95504579905624,5.4224837900734215,145.95385265273308,317.90770530546615,False,178,False,ALTERNATIVE_CONSTRAINT_REQUIRED_OR_LARGER_CASSETTE,NOMINAL_BOUNDARY_NOT_APPROVED_MPN,CHAMBER_OUTSIDE_HANDOVER_RANGE,
C2-215,107.58515454052818,40.193485800812724,13.985916445089625,0.4793694395216086,10.252708755196903,8,10,101.44194560668309,3.3635216819275735,3.6655357765722583,119.54322238904237,0.7159248957134123,4.0,136.51572630975065,45.97183289017925,3.539868515067184,169.22958898558448,364.45917797116897,False,178,True,ALTERNATIVE_CONSTRAINT_REQUIRED_OR_LARGER_CASSETTE,NOMINAL_BOUNDARY_NOT_APPROVED_MPN,,0.4793713232174355
C2-216,99.06369935910165,35.41736812341129,12.45598028761097,0.9956379821476344,10.66704797650279,9,12,176.77205577002863,4.423161567811366,2.8684046396633796,116.28501315174795,0.7022519594003647,5.333333333333333,125.96693589861886,42.91196057522194,1.3648017030480304,178.1205181128369,382.2410362256738,False,178,False,ALTERNATIVE_CONSTRAINT_REQUIRED_OR_LARGER_CASSETTE,NOMINAL_BOUNDARY_NOT_APPROVED_MPN,ECCENTRIC_SLEEVE_OR_BEARING_ROOT_WEB,
C2-217,104.32111867892486,39.71042440801892,7.032124835264159,0.29945238279344855,9.091789320414794,6,11,78.30002981052193,4.278775643498205,3.183164366718172,117.3213348323583,0.63113887739656,5.333333333333333,118.98427311504008,32.06424967052832,12.068770019047633,92.8240478254869,211.6480956509738,False,178,False,ALTERNATIVE_CONSTRAINT_REQUIRED_OR_LARGER_CASSETTE,NOMINAL_BOUNDARY_NOT_APPROVED_MPN,CHAMBER_OUTSIDE_HANDOVER_RANGE,
C2-218,91.05196993162134,41.90469566484233,9.219642322471543,0.4254106353570525,13.663011307297612,10,15,70.44630880916314,3.174826695668851,2.5305572329146098,125.63618232874023,0.7372320276441057,3.0,110.34207584727854,36.439284644943086,-2.1370263414869406,162.26570487549918,350.53140975099836,False,178,False,ALTERNATIVE_CONSTRAINT_REQUIRED_OR_LARGER_CASSETTE,NOMINAL_BOUNDARY_NOT_APPROVED_MPN,CHAMBER_OUTSIDE_HANDOVER_RANGE|ECCENTRIC_SLEEVE_OR_BEARING_ROOT_WEB,
C2-219,98.48257690622088,36.993206608778266,13.01226110434843,0.6294747783264006,10.516486840993672,10,6,82.62885668324571,4.78383156335336,3.476283628336971,84.249825615857,0.6438174546603141,4.0,125.76604867157054,44.024522208696865,1.2248016121167709,100.19441050348293,226.38882100696586,False,178,False,ALTERNATIVE_CONSTRAINT_REQUIRED_OR_LARGER_CASSETTE,NOMINAL_BOUNDARY_NOT_APPROVED_MPN,ECCENTRIC_SLEEVE_OR_BEARING_ROOT_WEB,
C2-220,111.08347927672125,40.42455249940849,10.741246812171735,0.37073434341901396,11.295891046439726,9,15,143.4136986432567,5.246798049365589,2.4885133600002574,110.33325417821888,0.6598055625017588,4.0,133.30744158790276,39.48249362434347,10.245848591920897,189.04594389422255,404.0918877884451,False,178,True,ALTERNATIVE_CONSTRAINT_REQUIRED_OR_LARGER_CASSETTE,NOMINAL_BOUNDARY_NOT_APPROVED_MPN,,0.3742778386301353
C2-221,95.47353667393284,43.039574099092995,9.365134834062122,0.3046337257962869,11.918970071070245,9,8,178.7149119949222,4.435960592015905,3.3693412773271616,118.04189581017704,0.7619016636732443,3.0,114.81307379364966,36.730269668124244,1.8177982658961724,92.71483485721501,211.42966971443002,False,178,False,ALTERNATIVE_CONSTRAINT_REQUIRED_OR_LARGER_CASSETTE,NOMINAL_BOUNDARY_NOT_APPROVED_MPN,CHAMBER_OUTSIDE_HANDOVER_RANGE|ECCENTRIC_SLEEVE_OR_BEARING_ROOT_WEB,
C2-222,92.21963088331464,37.49478547707287,7.932996269469918,0.9386717411392176,12.182999738059191,10,8,154.35821095745337,3.5243891314404436,2.0775733914404744,98.02530549176674,0.7245288856829522,4.0,109.9629669045329,33.865992538939835,2.9268157035981233,78.5366630677522,183.0733261355044,False,178,False,ALTERNATIVE_CONSTRAINT_REQUIRED_OR_LARGER_CASSETTE,NOMINAL_BOUNDARY_NOT_APPROVED_MPN,CHAMBER_OUTSIDE_HANDOVER_RANGE|ECCENTRIC_SLEEVE_OR_BEARING_ROOT_WEB,
C2-223,93.02566199219785,39.5440413225059,13.807059220075818,1.1229751745513532,8.118170140403969,10,7,177.90039761454335,3.33935255993898,3.2073816827508725,119.90674293029988,0.7209219138007086,4.0,122.8857307814522,45.614118440151636,-1.6053391443050415,121.5021211366672,269.0042422733344,False,178,False,ALTERNATIVE_CONSTRAINT_REQUIRED_OR_LARGER_CASSETTE,NOMINAL_BOUNDARY_NOT_APPROVED_MPN,CHAMBER_OUTSIDE_HANDOVER_RANGE|ECCENTRIC_SLEEVE_OR_BEARING_ROOT_WEB,
C2-224,106.06920905782117,41.55028076497159,9.431438912044337,0.8428812760449784,11.653390713756817,8,16,62.154091900082925,3.203917474951783,3.9655670810096857,94.37457205668923,0.7883928223646618,4.0,126.6178494339998,36.86287782408867,7.381213815153771,176.3679076552291,378.7358153104582,False,178,True,ALTERNATIVE_CONSTRAINT_REQUIRED_OR_LARGER_CASSETTE,NOMINAL_BOUNDARY_NOT_APPROVED_MPN,,0.8428905182489714
C2-225,94.67337975231086,39.583355218560584,12.800046649383887,0.4464787593432471,12.645093357403345,6,9,98.77162738655997,4.176000023773449,3.525542326160437,102.43622279822301,0.7259260051565212,3.0,121.16643056976514,43.600093298767774,-2.8084034812479146,140.8005131432228,307.6010262864456,False,178,False,ALTERNATIVE_CONSTRAINT_REQUIRED_OR_LARGER_CASSETTE,NOMINAL_BOUNDARY_NOT_APPROVED_MPN,CHAMBER_OUTSIDE_HANDOVER_RANGE|ECCENTRIC_SLEEVE_OR_BEARING_ROOT_WEB,
C2-226,102.16410264076715,38.97208317588655,13.390461167122336,0.9743222134421898,10.955261187229716,9,13,174.5657768928058,3.44221479953063,3.4519830816085517,102.07885110802926,0.6200455495299767,3.0,130.8936694018962,44.78092233424467,2.626790133153861,206.213101973684,438.426203947368,False,178,False,ALTERNATIVE_CONSTRAINT_REQUIRED_OR_LARGER_CASSETTE,NOMINAL_BOUNDARY_NOT_APPROVED_MPN,ECCENTRIC_SLEEVE_OR_BEARING_ROOT_WEB,
C2-227,111.63180397374983,42.84928669209932,7.558000527194871,0.7137670860251555,9.708870634187814,6,13,110.07008486702426,4.592190126183031,3.7472364861024428,113.83956488844095,0.6353508359915868,5.333333333333333,128.17533920018988,33.11600105438974,15.107031352687102,116.39320811880103,258.78641623760205,False,178,True,ALTERNATIVE_CONSTRAINT_REQUIRED_OR_LARGER_CASSETTE,NOMINAL_BOUNDARY_NOT_APPROVED_MPN,,0.7137690602179632
C2-228,96.96363531161218,38.67650087623611,7.316779179364898,0.40450113321137415,8.76862322869607,6,6,171.95916226052856,3.4638115379195558,3.509978676636346,99.20185063094891,0.6406473428137638,4.0,112.40619593676473,32.6335583587298,8.713194427110018,60.0,146.0,True,178,False,PROFILE_CONTACT_CHECK_REQUIRED,NOMINAL_BOUNDARY_NOT_APPROVED_MPN,CHAMBER_OUTSIDE_HANDOVER_RANGE,
C2-229,107.52437445592301,37.502671591230396,7.1623910826059065,1.1822067240930911,10.549349142216265,6,7,170.40377861724448,4.534909841115293,3.0396187265674444,110.19411830067209,0.7450398880159511,4.0,124.21357006932101,32.324782165211815,12.21283808574524,63.029041526931984,152.05808305386398,True,178,False,PROFILE_CONTACT_CHECK_REQUIRED,NOMINAL_BOUNDARY_NOT_APPROVED_MPN,CHAMBER_OUTSIDE_HANDOVER_RANGE,
C2-230,93.17952778340525,36.326330568891244,11.594760514626499,0.2765484157801428,8.547947548640566,9,11,160.17763251733817,5.040988717255349,2.453048396157975,107.50191118860143,0.6241618157508372,5.333333333333333,116.92214564421853,41.189521029253,0.5418163430620595,153.0508387930698,332.1016775861396,False,178,False,ALTERNATIVE_CONSTRAINT_REQUIRED_OR_LARGER_CASSETTE,NOMINAL_BOUNDARY_NOT_APPROVED_MPN,CHAMBER_OUTSIDE_HANDOVER_RANGE|ECCENTRIC_SLEEVE_OR_BEARING_ROOT_WEB,
C2-231,103.41549457176049,44.85440047383608,9.951572550710377,0.324120833413182,12.158880591701392,7,11,63.47402656938764,4.791228012079298,3.1033403923926786,92.86393442773631,0.7440964709916329,3.0,123.9668813400076,37.903145101420755,5.548866694178855,131.360757669377,288.721515338754,False,178,False,ALTERNATIVE_CONSTRAINT_REQUIRED_OR_LARGER_CASSETTE,NOMINAL_BOUNDARY_NOT_APPROVED_MPN,CHAMBER_OUTSIDE_HANDOVER_RANGE,
C2-232,108.39644433560362,43.45582725343129,11.129828871266197,0.8677147748757943,12.584190422975897,7,15,86.04091842524653,5.124158721129846,3.7074706100269745,115.38783945057776,0.6341993347815096,3.0,132.39153162788762,40.2596577425324,4.114031744825908,195.88498813428507,417.76997626857013,False,178,True,ALTERNATIVE_CONSTRAINT_REQUIRED_OR_LARGER_CASSETTE,NOMINAL_BOUNDARY_NOT_APPROVED_MPN,,0.8677175644936312
C2-233,90.52225359597685,38.27021144667221,11.440889333536958,0.2924675592139293,12.518007229673909,9,10,75.38069450076728,4.528234917516146,2.798177275626433,111.50277467982691,0.6746881150837536,4.0,113.98896738147863,40.88177866707392,-4.756880431685488,138.43476093579721,302.86952187159443,False,178,False,ALTERNATIVE_CONSTRAINT_REQUIRED_OR_LARGER_CASSETTE,NOMINAL_BOUNDARY_NOT_APPROVED_MPN,CHAMBER_OUTSIDE_HANDOVER_RANGE|ECCENTRIC_SLEEVE_OR_BEARING_ROOT_WEB,
C2-234,103.35255619334657,44.514535034667716,8.489634058067667,0.6512221065833274,10.898716049711847,6,10,120.06814679043524,4.582270202376596,2.6758825158590316,109.50082037363127,0.6803058776569721,3.0,121.63426852264857,34.97926811613533,9.777562046961435,102.72457210261878,231.44914420523756,False,178,False,ALTERNATIVE_CONSTRAINT_REQUIRED_OR_LARGER_CASSETTE,NOMINAL_BOUNDARY_NOT_APPROVED_MPN,CHAMBER_OUTSIDE_HANDOVER_RANGE,
C2-235,97.88129106871203,39.18133353153901,9.336201612053692,0.8031104059880663,8.863719496814927,9,10,163.53857530313508,3.816227340301157,3.302624318969068,87.15373318367023,0.7850888490875654,5.333333333333333,118.15991510479554,36.672403224107384,6.076926037541085,112.96803950584969,251.93607901169938,False,178,False,ALTERNATIVE_CONSTRAINT_REQUIRED_OR_LARGER_CASSETTE,NOMINAL_BOUNDARY_NOT_APPROVED_MPN,CHAMBER_OUTSIDE_HANDOVER_RANGE,
C2-236,100.58550807698045,36.33487810328118,9.88960477798938,0.3642764685063713,8.150336932911687,8,11,148.31284034713974,3.743236352962731,3.1583347099116685,127.41368521533327,0.7407901079146265,3.0,121.09327056997195,37.77920955597876,8.142417105578538,130.54278306945983,287.08556613891966,False,178,False,ALTERNATIVE_CONSTRAINT_REQUIRED_OR_LARGER_CASSETTE,NOMINAL_BOUNDARY_NOT_APPROVED_MPN,CHAMBER_OUTSIDE_HANDOVER_RANGE,
C2-237,101.44672538413087,44.90224734867836,10.839152394981632,1.107192383247428,8.98614898426659,7,11,147.4858813817936,4.186277473812209,3.0679340482210615,115.71005726201145,0.637887225078878,3.0,125.339414940589,39.67830478996326,7.737213707798844,143.07681161375757,312.15362322751514,False,178,True,ALTERNATIVE_CONSTRAINT_REQUIRED_OR_LARGER_CASSETTE,NOMINAL_BOUNDARY_NOT_APPROVED_MPN,,1.1072007345866126
C2-238,97.26808819864947,44.67020902939613,10.055406170273708,0.7674103124473306,12.069675671567264,8,12,68.27257411492076,4.934816187347433,2.996980533474826,128.6392839493122,0.7818388016053722,4.0,118.91372116409154,38.11081234054741,2.564368427757472,143.79230823491403,313.58461646982806,False,178,False,ALTERNATIVE_CONSTRAINT_REQUIRED_OR_LARGER_CASSETTE,NOMINAL_BOUNDARY_NOT_APPROVED_MPN,CHAMBER_OUTSIDE_HANDOVER_RANGE|ECCENTRIC_SLEEVE_OR_BEARING_ROOT_WEB,
C2-239,93.44932743720405,44.23961068725137,7.60982021844063,0.3524836420341526,11.686545724547678,7,11,109.68369160865494,3.606775701644401,2.4443992998105615,113.25860959549135,0.7034705712695001,4.0,109.37393515815361,33.219640436881264,4.038117994054346,100.44962688341631,226.89925376683263,False,178,False,ALTERNATIVE_CONSTRAINT_REQUIRED_OR_LARGER_CASSETTE,NOMINAL_BOUNDARY_NOT_APPROVED_MPN,CHAMBER_OUTSIDE_HANDOVER_RANGE,
C2-240,102.86906424694182,44.17136966997727,8.00302845327692,0.6836601305348301,8.053934633637443,10,12,124.25817561109149,3.213948953129771,3.0965854257942604,96.14084287096864,0.6709592423290992,5.333333333333333,120.24244141456532,34.00605690655384,12.380597489833463,114.44330688185997,254.88661376371994,False,178,False,ALTERNATIVE_CONSTRAINT_REQUIRED_OR_LARGER_CASSETTE,NOMINAL_BOUNDARY_NOT_APPROVED_MPN,CHAMBER_OUTSIDE_HANDOVER_RANGE,
C2-241,111.32523871427688,39.220132732469025,12.543078954702821,0.8122487945663437,11.967444155065428,7,11,110.57673053599115,3.6605209709359077,3.978041189618538,93.96462283410791,0.7627911186819951,5.333333333333333,138.0358942128152,43.08615790940564,6.19517520207301,165.56864220207726,357.1372844041545,False,178,True,ALTERNATIVE_CONSTRAINT_REQUIRED_OR_LARGER_CASSETTE,NOMINAL_BOUNDARY_NOT_APPROVED_MPN,,0.8122571973317463
C2-242,102.4818005393896,38.007627707721824,8.391618669982376,0.24728050434046991,12.078459295693857,6,16,65.48462430794491,3.086902357600139,2.4314504367497998,121.66252807705433,0.6655816661735435,3.0,119.75959888803528,34.78323733996476,8.162440974000944,156.92326912867046,339.8465382573409,False,178,False,ALTERNATIVE_CONSTRAINT_REQUIRED_OR_LARGER_CASSETTE,NOMINAL_BOUNDARY_NOT_APPROVED_MPN,CHAMBER_OUTSIDE_HANDOVER_RANGE,
C2-243,109.83819347909471,36.966415151910276,10.133671765139866,0.736460993062898,9.251448416895212,10,8,77.1364604652166,3.9652091690897358,2.58671729076304,99.85932377695535,0.6472809022661595,5.333333333333333,131.57845899550023,38.26734353027973,11.667648322652141,100.32335047488468,226.64670094976935,False,178,True,ALTERNATIVE_CONSTRAINT_REQUIRED_OR_LARGER_CASSETTE,NOMINAL_BOUNDARY_NOT_APPROVED_MPN,,0.7364632520764474
C2-244,96.69276088287607,38.33885135355234,9.01613233153327,1.038377767246556,8.080538687257041,9,7,158.20137847350165,4.169604546191422,3.0558794667464673,115.23289538991585,0.6983974857202674,5.333333333333333,116.80178108043573,36.03226466306654,6.265841754180997,79.34196451749278,184.68392903498557,False,178,False,ALTERNATIVE_CONSTRAINT_REQUIRED_OR_LARGER_CASSETTE,NOMINAL_BOUNDARY_NOT_APPROVED_MPN,CHAMBER_OUTSIDE_HANDOVER_RANGE,
C2-245,96.56793474921673,36.6313183771093,11.76432027690413,0.7184888739494344,8.942987763668128,6,14,135.4698646865411,4.475267705010822,3.4409727315084444,88.30986455131564,0.7317204958226108,3.0,121.53355305092386,41.52864055380826,1.8409796109402379,194.11128456891814,414.2225691378363,False,178,False,ALTERNATIVE_CONSTRAINT_REQUIRED_OR_LARGER_CASSETTE,NOMINAL_BOUNDARY_NOT_APPROVED_MPN,CHAMBER_OUTSIDE_HANDOVER_RANGE|ECCENTRIC_SLEEVE_OR_BEARING_ROOT_WEB,
C2-246,113.08769647198153,40.285982385938745,7.537552654223046,1.0746454964213128,8.041827910655808,7,7,140.5190803968655,4.683502564670958,2.271516442156574,124.83781914235782,0.6535895618271103,3.0,130.31209277327025,33.07510530844609,17.502020325334954,66.33046335716281,158.66092671432563,True,178,True,PROFILE_CONTACT_CHECK_REQUIRED,NOMINAL_BOUNDARY_NOT_APPROVED_MPN,,1.0751036775122884
C2-247,102.39348668954504,36.146600119318315,10.443709200985397,0.2947993659734244,12.009113866880668,8,16,162.52351176685866,5.205359067282741,2.228923453822654,114.91408858671613,0.7927925945518753,5.333333333333333,123.87050382346268,38.88741840197079,5.1876294778918535,195.29736205842693,416.59472411685385,False,178,False,ALTERNATIVE_CONSTRAINT_REQUIRED_OR_LARGER_CASSETTE,NOMINAL_BOUNDARY_NOT_APPROVED_MPN,CHAMBER_OUTSIDE_HANDOVER_RANGE,
C2-248,94.44026212229619,40.90623990893712,8.347070873314543,0.5428667188035659,13.487054301111547,9,8,150.65069089170996,3.4082240250998757,2.4754270007449906,102.65302458385966,0.7613261627149003,3.0,112.22013730653241,34.694141746629086,2.733076760036546,82.63600164581399,191.27200329162798,False,178,False,ALTERNATIVE_CONSTRAINT_REQUIRED_OR_LARGER_CASSETTE,NOMINAL_BOUNDARY_NOT_APPROVED_MPN,CHAMBER_OUTSIDE_HANDOVER_RANGE|ECCENTRIC_SLEEVE_OR_BEARING_ROOT_WEB,
C2-249,98.53876894036955,44.996744740911396,7.095963059845801,0.5969959000063211,9.18704631066089,7,9,78.81832955733647,4.242552822841294,2.254020504159595,99.34024721757551,0.6220907891178943,5.333333333333333,113.92468686007379,32.1919261196916,9.082338159523886,78.05559365830382,182.11118731660764,False,178,False,ALTERNATIVE_CONSTRAINT_REQUIRED_OR_LARGER_CASSETTE,NOMINAL_BOUNDARY_NOT_APPROVED_MPN,CHAMBER_OUTSIDE_HANDOVER_RANGE,
C2-250,101.3301911421111,42.18604922662329,12.347667483991286,1.0176388753219885,8.742014272228891,6,15,177.6296149579261,4.3642301177788285,2.265307310839595,100.40394555315785,0.770277660978361,3.0,128.06080386073765,42.695334967982575,4.423081298826659,217.31894771824665,460.6378954364933,False,178,True,ALTERNATIVE_CONSTRAINT_REQUIRED_OR_LARGER_CASSETTE,NOMINAL_BOUNDARY_NOT_APPROVED_MPN,,1.0224477115448707
C2-251,108.71824930706961,35.49688993816645,12.859182664236057,1.1608209263354112,9.235943419345624,7,8,144.0797160579201,3.8297750629170793,3.8697255602431744,87.92230179493231,0.7393992451081205,4.0,136.75825648821254,43.71836532847212,7.6231812341891825,127.30590837593698,280.61181675187396,False,178,True,ALTERNATIVE_CONSTRAINT_REQUIRED_OR_LARGER_CASSETTE,NOMINAL_BOUNDARY_NOT_APPROVED_MPN,,1.160826162480788
C2-252,112.68705211100541,40.06283663850448,11.508532558162717,0.8345093808310897,12.934519516647983,9,12,86.78183636385012,5.263391341518576,3.5874271255675367,98.86943636733596,0.7857382174700993,3.0,137.37313598899303,41.01706511632543,5.909006538854726,164.57201558172687,355.14403116345375,False,178,True,ALTERNATIVE_CONSTRAINT_REQUIRED_OR_LARGER_CASSETTE,NOMINAL_BOUNDARY_NOT_APPROVED_MPN,,0.8345351168524502
C2-253,113.90600201701663,44.81832960641049,12.433523527188136,1.089161702000127,11.93861113034453,7,12,167.59893766261794,4.9889219092299655,3.927110196554654,128.53743094649826,0.779985059092765,4.0,140.95137247539316,42.86704705437627,7.514389878163783,177.79938643879035,381.5987728775807,False,178,True,ALTERNATIVE_CONSTRAINT_REQUIRED_OR_LARGER_CASSETTE,NOMINAL_BOUNDARY_NOT_APPROVED_MPN,,1.0891623495891878
C2-254,104.07083314083044,35.048116208807436,11.119892220867328,0.5918322966529195,9.4995987474476,6,15,61.35478131148889,3.564936336546374,2.354648974234977,120.57325735977048,0.6706075591891095,5.333333333333333,127.49428217587094,40.239784441734656,5.035817822967623,195.710103087265,417.42020617453,False,178,True,ALTERNATIVE_CONSTRAINT_REQUIRED_OR_LARGER_CASSETTE,NOMINAL_BOUNDARY_NOT_APPROVED_MPN,,0.5919103166310578
C2-255,97.53288822111053,43.0768840935967,13.042102170843311,0.5099511309446219,9.9843421294194,9,15,131.31722856977,5.069437539933167,2.235665176268042,112.0049398077362,0.698899011069336,4.0,124.63699482468638,44.08420434168662,1.2821019811358667,229.5409982068423,485.0819964136846,False,178,False,ALTERNATIVE_CONSTRAINT_REQUIRED_OR_LARGER_CASSETTE,NOMINAL_BOUNDARY_NOT_APPROVED_MPN,CHAMBER_OUTSIDE_HANDOVER_RANGE|ECCENTRIC_SLEEVE_OR_BEARING_ROOT_WEB,
C2-256,100.48235798603726,36.67717653291416,7.662665990770565,1.1297128343426446,8.277349422435355,10,9,149.70100919653993,3.096909195682512,3.6636844079980384,110.71230009952694,0.6759913645081218,5.333333333333333,118.06711563626368,33.325331981541126,10.963829570583272,84.2893258984762,194.5786517969524,False,178,False,ALTERNATIVE_CONSTRAINT_REQUIRED_OR_LARGER_CASSETTE,NOMINAL_BOUNDARY_NOT_APPROVED_MPN,CHAMBER_OUTSIDE_HANDOVER_RANGE,
